#mip results PROTO15-TB2022-03
#layer chip channel mpv empv widthmpv chi2ndf nentries
0 0 0 0 -10 0 0 0
0 0 1 0 -10 0 0 0
0 0 2 0 -10 0 0 0
0 0 3 0 -10 0 0 0
0 0 4 0 -10 0 0 0
0 0 5 0 -10 0 0 0
0 0 6 0 -10 0 0 0
0 0 7 0 -10 0 0 0
0 0 8 0 -10 0 0 0
0 0 9 0 -10 0 0 0
0 0 10 0 -10 0 0 0
0 0 11 0 -10 0 0 0
0 0 12 0 -10 0 0 0
0 0 13 0 -10 0 0 0
0 0 14 0 -10 0 0 0
0 0 15 0 -10 0 0 0
0 0 16 0 -10 0 0 0
0 0 17 0 -10 0 0 0
0 0 18 0 -10 0 0 0
0 0 19 0 -10 0 0 0
0 0 20 0 -10 0 0 0
0 0 21 0 -10 0 0 0
0 0 22 0 -10 0 0 0
0 0 23 0 -10 0 0 0
0 0 24 0 -10 0 0 0
0 0 25 0 -10 0 0 0
0 0 26 0 -10 0 0 0
0 0 27 0 -10 0 0 0
0 0 28 0 -10 0 0 0
0 0 29 0 -10 0 0 0
0 0 30 0 -10 0 0 0
0 0 31 0 -10 0 0 0
0 0 32 0 -10 0 0 0
0 0 33 0 -10 0 0 0
0 0 34 0 -10 0 0 0
0 0 35 0 -10 0 0 0
0 0 36 0 -10 0 0 0
0 0 37 0 -10 0 0 0
0 0 38 0 -10 0 0 0
0 0 39 0 -10 0 0 0
0 0 40 0 -10 0 0 0
0 0 41 0 -10 0 0 0
0 0 42 0 -10 0 0 0
0 0 43 0 -10 0 0 0
0 0 44 0 -10 0 0 0
0 0 45 0 -10 0 0 0
0 0 46 0 -10 0 0 0
0 0 47 0 -10 0 0 0
0 0 48 0 -10 0 0 0
0 0 49 0 -10 0 0 0
0 0 50 0 -10 0 0 0
0 0 51 0 -10 0 0 0
0 0 52 0 -10 0 0 0
0 0 53 0 -10 0 0 0
0 0 54 0 -10 0 0 0
0 0 55 0 -10 0 0 0
0 0 56 0 -10 0 0 0
0 0 57 0 -10 0 0 0
0 0 58 0 -10 0 0 0
0 0 59 0 -10 0 0 0
0 0 60 0 -10 0 0 0
0 0 61 0 -10 0 0 0
0 0 62 0 -10 0 0 0
0 0 63 0 -10 0 0 0
0 1 0 0 -10 0 0 0
0 1 1 0 -10 0 0 0
0 1 2 0 -10 0 0 0
0 1 3 0 -10 0 0 0
0 1 4 0 -10 0 0 0
0 1 5 0 -10 0 0 0
0 1 6 0 -10 0 0 0
0 1 7 0 -10 0 0 0
0 1 8 0 -10 0 0 0
0 1 9 0 -10 0 0 0
0 1 10 0 -10 0 0 0
0 1 11 0 -10 0 0 0
0 1 12 0 -10 0 0 0
0 1 13 0 -10 0 0 0
0 1 14 0 -10 0 0 0
0 1 15 0 -10 0 0 0
0 1 16 0 -10 0 0 0
0 1 17 0 -10 0 0 0
0 1 18 0 -10 0 0 0
0 1 19 0 -10 0 0 0
0 1 20 0 -10 0 0 0
0 1 21 0 -10 0 0 0
0 1 22 0 -10 0 0 0
0 1 23 0 -10 0 0 0
0 1 24 0 -10 0 0 0
0 1 25 0 -10 0 0 0
0 1 26 0 -10 0 0 0
0 1 27 0 -10 0 0 0
0 1 28 0 -10 0 0 0
0 1 29 0 -10 0 0 0
0 1 30 0 -10 0 0 0
0 1 31 0 -10 0 0 0
0 1 32 0 -10 0 0 0
0 1 33 0 -10 0 0 0
0 1 34 0 -10 0 0 0
0 1 35 0 -10 0 0 0
0 1 36 0 -10 0 0 0
0 1 37 0 -10 0 0 0
0 1 38 0 -10 0 0 0
0 1 39 0 -10 0 0 0
0 1 40 0 -10 0 0 0
0 1 41 0 -10 0 0 0
0 1 42 0 -10 0 0 0
0 1 43 0 -10 0 0 0
0 1 44 0 -10 0 0 0
0 1 45 0 -10 0 0 0
0 1 46 0 -10 0 0 0
0 1 47 0 -10 0 0 0
0 1 48 0 -10 0 0 0
0 1 49 0 -10 0 0 0
0 1 50 0 -10 0 0 0
0 1 51 0 -10 0 0 0
0 1 52 0 -10 0 0 0
0 1 53 0 -10 0 0 0
0 1 54 0 -10 0 0 0
0 1 55 0 -10 0 0 0
0 1 56 0 -10 0 0 0
0 1 57 0 -10 0 0 0
0 1 58 0 -10 0 0 0
0 1 59 0 -10 0 0 0
0 1 60 0 -10 0 0 0
0 1 61 0 -10 0 0 0
0 1 62 0 -10 0 0 0
0 1 63 0 -10 0 0 0
0 2 0 0 -10 0 0 0
0 2 1 0 -10 0 0 0
0 2 2 0 -10 0 0 0
0 2 3 0 -10 0 0 0
0 2 4 0 -10 0 0 0
0 2 5 0 -10 0 0 0
0 2 6 0 -10 0 0 0
0 2 7 0 -10 0 0 0
0 2 8 0 -10 0 0 0
0 2 9 0 -10 0 0 0
0 2 10 0 -10 0 0 0
0 2 11 0 -10 0 0 0
0 2 12 0 -10 0 0 0
0 2 13 0 -10 0 0 0
0 2 14 0 -10 0 0 0
0 2 15 0 -10 0 0 0
0 2 16 0 -10 0 0 0
0 2 17 0 -10 0 0 0
0 2 18 0 -10 0 0 0
0 2 19 0 -10 0 0 0
0 2 20 0 -10 0 0 0
0 2 21 0 -10 0 0 0
0 2 22 0 -10 0 0 0
0 2 23 0 -10 0 0 0
0 2 24 0 -10 0 0 0
0 2 25 0 -10 0 0 0
0 2 26 0 -10 0 0 0
0 2 27 0 -10 0 0 0
0 2 28 0 -10 0 0 0
0 2 29 0 -10 0 0 0
0 2 30 0 -10 0 0 0
0 2 31 0 -10 0 0 0
0 2 32 0 -10 0 0 0
0 2 33 0 -10 0 0 0
0 2 34 0 -10 0 0 0
0 2 35 0 -10 0 0 0
0 2 36 0 -10 0 0 0
0 2 37 0 -10 0 0 0
0 2 38 0 -10 0 0 0
0 2 39 0 -10 0 0 0
0 2 40 0 -10 0 0 0
0 2 41 0 -10 0 0 0
0 2 42 0 -10 0 0 0
0 2 43 0 -10 0 0 0
0 2 44 0 -10 0 0 0
0 2 45 0 -10 0 0 0
0 2 46 0 -10 0 0 0
0 2 47 0 -10 0 0 0
0 2 48 0 -10 0 0 0
0 2 49 0 -10 0 0 0
0 2 50 0 -10 0 0 0
0 2 51 0 -10 0 0 0
0 2 52 0 -10 0 0 0
0 2 53 0 -10 0 0 0
0 2 54 0 -10 0 0 0
0 2 55 0 -10 0 0 0
0 2 56 0 -10 0 0 0
0 2 57 0 -10 0 0 0
0 2 58 0 -10 0 0 0
0 2 59 0 -10 0 0 0
0 2 60 0 -10 0 0 0
0 2 61 0 -10 0 0 0
0 2 62 0 -10 0 0 0
0 2 63 0 -10 0 0 0
0 3 0 0 -10 0 0 0
0 3 1 0 -10 0 0 0
0 3 2 0 -10 0 0 0
0 3 3 0 -10 0 0 0
0 3 4 0 -10 0 0 0
0 3 5 0 -10 0 0 0
0 3 6 0 -10 0 0 0
0 3 7 0 -10 0 0 0
0 3 8 0 -10 0 0 0
0 3 9 0 -10 0 0 0
0 3 10 0 -10 0 0 0
0 3 11 0 -10 0 0 0
0 3 12 0 -10 0 0 0
0 3 13 0 -10 0 0 0
0 3 14 0 -10 0 0 0
0 3 15 0 -10 0 0 0
0 3 16 0 -10 0 0 0
0 3 17 0 -10 0 0 0
0 3 18 0 -10 0 0 0
0 3 19 0 -10 0 0 0
0 3 20 0 -10 0 0 0
0 3 21 0 -10 0 0 0
0 3 22 0 -10 0 0 0
0 3 23 0 -10 0 0 0
0 3 24 0 -10 0 0 0
0 3 25 0 -10 0 0 0
0 3 26 0 -10 0 0 0
0 3 27 0 -10 0 0 0
0 3 28 0 -10 0 0 0
0 3 29 0 -10 0 0 0
0 3 30 0 -10 0 0 0
0 3 31 0 -10 0 0 0
0 3 32 0 -10 0 0 0
0 3 33 0 -10 0 0 0
0 3 34 0 -10 0 0 0
0 3 35 0 -10 0 0 0
0 3 36 0 -10 0 0 0
0 3 37 0 -10 0 0 0
0 3 38 0 -10 0 0 0
0 3 39 0 -10 0 0 0
0 3 40 0 -10 0 0 0
0 3 41 0 -10 0 0 0
0 3 42 0 -10 0 0 0
0 3 43 0 -10 0 0 0
0 3 44 0 -10 0 0 0
0 3 45 0 -10 0 0 0
0 3 46 0 -10 0 0 0
0 3 47 0 -10 0 0 0
0 3 48 0 -10 0 0 0
0 3 49 0 -10 0 0 0
0 3 50 0 -10 0 0 0
0 3 51 0 -10 0 0 0
0 3 52 0 -10 0 0 0
0 3 53 0 -10 0 0 0
0 3 54 0 -10 0 0 0
0 3 55 0 -10 0 0 0
0 3 56 0 -10 0 0 0
0 3 57 0 -10 0 0 0
0 3 58 0 -10 0 0 0
0 3 59 0 -10 0 0 0
0 3 60 0 -10 0 0 0
0 3 61 0 -10 0 0 0
0 3 62 0 -10 0 0 0
0 3 63 0 -10 0 0 0
0 4 0 1.5 -2 0 0 1472
0 4 1 1.5 -2 0 0 1193
0 4 2 1.5 -2 0 0 1036
0 4 3 1.5 -2 0 0 834
0 4 4 1.5 -2 0 0 1013
0 4 5 5.5 -2 0 0 962
0 4 6 1.5 -2 0 0 987
0 4 7 5.5 -2 0 0 900
0 4 8 1.5 -2 0 0 1122
0 4 9 1.5 -2 0 0 936
0 4 10 1.5 -2 0 0 867
0 4 11 1.5 -2 0 0 1176
0 4 12 1.5 -2 0 0 915
0 4 13 1.5 -2 0 0 808
0 4 14 1.5 -2 0 0 1425
0 4 15 1.5 -2 0 0 859
0 4 16 5.5 -2 0 0 862
0 4 17 5.5 -2 0 0 1249
0 4 18 5.5 -2 0 0 943
0 4 19 5.5 -2 0 0 879
0 4 20 5.5 -2 0 0 1006
0 4 21 1.5 -2 0 0 1018
0 4 22 1.5 -2 0 0 847
0 4 23 0 -10 0 0 7
0 4 24 1.5 -2 0 0 1202
0 4 25 1.5 -2 0 0 855
0 4 26 5.5 -2 0 0 1503
0 4 27 5.5 -2 0 0 877
0 4 28 5.5 -2 0 0 879
0 4 29 5.5 -2 0 0 1333
0 4 30 5.5 -2 0 0 904
0 4 31 5.5 -2 0 0 891
0 4 32 5.5 -2 0 0 919
0 4 33 5.5 -2 0 0 934
0 4 34 5.5 -2 0 0 1518
0 4 35 5.5 -2 0 0 958
0 4 36 5.5 -2 0 0 988
0 4 37 5.5 -2 0 0 1186
0 4 38 5.5 -2 0 0 875
0 4 39 1.5 -2 0 0 1037
0 4 40 1.5 -2 0 0 1009
0 4 41 1.5 -2 0 0 906
0 4 42 5.5 -2 0 0 1067
0 4 43 1.5 -2 0 0 1314
0 4 44 5.5 -2 0 0 879
0 4 45 5.5 -2 0 0 882
0 4 46 5.5 -2 0 0 1642
0 4 47 1.5 -2 0 0 923
0 4 48 1.5 -2 0 0 969
0 4 49 1.5 -2 0 0 1263
0 4 50 1.5 -2 0 0 932
0 4 51 5.5 -2 0 0 1431
0 4 52 1.5 -2 0 0 1376
0 4 53 1.5 -2 0 0 892
0 4 54 1.5 -2 0 0 984
0 4 55 1.5 -2 0 0 1422
0 4 56 1.5 -2 0 0 1067
0 4 57 1.5 -2 0 0 1273
0 4 58 1.5 -2 0 0 1110
0 4 59 1.5 -2 0 0 1516
0 4 60 1.5 -2 0 0 969
0 4 61 1.5 -2 0 0 1649
0 4 62 1.5 -2 0 0 1624
0 4 63 1.5 -2 0 0 1224
0 5 0 1.5 -2 0 0 1862
0 5 1 1.5 -2 0 0 2071
0 5 2 1.5 -2 0 0 2224
0 5 3 1.5 -2 0 0 3029
0 5 4 1.5 -2 0 0 2428
0 5 5 1.5 -2 0 0 2496
0 5 6 1.5 -2 0 0 2585
0 5 7 1.5 -2 0 0 3800
0 5 8 1.5 -2 0 0 2237
0 5 9 1.5 -2 0 0 3184
0 5 10 1.5 -2 0 0 3598
0 5 11 1.5 -2 0 0 2239
0 5 12 1.5 -2 0 0 2860
0 5 13 5.5 -2 0 0 3462
0 5 14 1.5 -2 0 0 1811
0 5 15 5.5 -2 0 0 2995
0 5 16 1.5 -2 0 0 3844
0 5 17 5.5 -2 0 0 1974
0 5 18 1.5 -2 0 0 2786
0 5 19 1.5 -2 0 0 3825
0 5 20 1.5 -2 0 0 2379
0 5 21 1.5 -2 0 0 2896
0 5 22 1.5 -2 0 0 3485
0 5 23 5.5 -2 0 0 2169
0 5 24 1.5 -2 0 0 1985
0 5 25 1.5 -2 0 0 3617
0 5 26 5.5 -2 0 0 1747
0 5 27 5.5 -2 0 0 2999
0 5 28 5.5 -2 0 0 3272
0 5 29 5.5 -2 0 0 1916
0 5 30 1.5 -2 0 0 2696
0 5 31 5.5 -2 0 0 3457
0 5 32 1.5 -2 0 0 3081
0 5 33 5.5 -2 0 0 2784
0 5 34 5.5 -2 0 0 1734
0 5 35 5.5 -2 0 0 3274
0 5 36 1.5 -2 0 0 2599
0 5 37 5.5 -2 0 0 2047
0 5 38 1.5 -2 0 0 3118
0 5 39 5.5 -2 0 0 2264
0 5 40 1.5 -2 0 0 2354
0 5 41 1.5 -2 0 0 3020
0 5 42 1.5 -2 0 0 2230
0 5 43 1.5 -2 0 0 1837
0 5 44 1.5 -2 0 0 2684
0 5 45 5.5 -2 0 0 2011
0 5 46 5.5 -2 0 0 1651
0 5 47 1.5 -2 0 0 2953
0 5 48 1.5 -2 0 0 2389
0 5 49 1.5 -2 0 0 1950
0 5 50 1.5 -2 0 0 2557
0 5 51 1.5 -2 0 0 1661
0 5 52 1.5 -2 0 0 1776
0 5 53 1.5 -2 0 0 2783
0 5 54 1.5 -2 0 0 2300
0 5 55 1.5 -2 0 0 1602
0 5 56 1.5 -2 0 0 2036
0 5 57 1.5 -2 0 0 1911
0 5 58 1.5 -2 0 0 1979
0 5 59 1.5 -2 0 0 1615
0 5 60 1.5 -2 0 0 2415
0 5 61 1.5 -2 0 0 1592
0 5 62 1.5 -2 0 0 1530
0 5 63 1.5 -2 0 0 1778
0 6 0 1.5 -2 0 0 1674
0 6 1 1.5 -2 0 0 1368
0 6 2 5.5 -2 0 0 1247
0 6 3 1.5 -2 0 0 915
0 6 4 5.5 -2 0 0 959
0 6 5 5.5 -2 0 0 1034
0 6 6 5.5 -2 0 0 1072
0 6 7 1.5 -2 0 0 880
0 6 8 1.5 -2 0 0 1231
0 6 9 5.5 -2 0 0 954
0 6 10 5.5 -2 0 0 868
0 6 11 5.5 -2 0 0 1157
0 6 12 5.5 -2 0 0 989
0 6 13 5.5 -2 0 0 828
0 6 14 5.5 -2 0 0 1573
0 6 15 5.5 -2 0 0 892
0 6 16 5.5 -2 0 0 975
0 6 17 5.5 -2 0 0 1332
0 6 18 5.5 -2 0 0 971
0 6 19 5.5 -2 0 0 853
0 6 20 5.5 -2 0 0 963
0 6 21 5.5 -2 0 0 1046
0 6 22 5.5 -2 0 0 878
0 6 23 5.5 -2 0 0 1047
0 6 24 5.5 -2 0 0 1309
0 6 25 5.5 -2 0 0 871
0 6 26 5.5 -2 0 0 1520
0 6 27 5.5 -2 0 0 891
0 6 28 5.5 -2 0 0 850
0 6 29 5.5 -2 0 0 1203
0 6 30 5.5 -2 0 0 955
0 6 31 5.5 -2 0 0 833
0 6 32 5.5 -2 0 0 860
0 6 33 5.5 -2 0 0 846
0 6 34 5.5 -2 0 0 1402
0 6 35 5.5 -2 0 0 745
0 6 36 5.5 -2 0 0 907
0 6 37 5.5 -2 0 0 952
0 6 38 5.5 -2 0 0 746
0 6 39 5.5 -2 0 0 813
0 6 40 5.5 -2 0 0 974
0 6 41 5.5 -2 0 0 763
0 6 42 5.5 -2 0 0 907
0 6 43 5.5 -2 0 0 1148
0 6 44 5.5 -2 0 0 727
0 6 45 5.5 -2 0 0 813
0 6 46 5.5 -2 0 0 1272
0 6 47 1.5 -2 0 0 717
0 6 48 1.5 -2 0 0 907
0 6 49 5.5 -2 0 0 930
0 6 50 1.5 -2 0 0 777
0 6 51 1.5 -2 0 0 1036
0 6 52 1.5 -2 0 0 1051
0 6 53 1.5 -2 0 0 720
0 6 54 5.5 -2 0 0 793
0 6 55 1.5 -2 0 0 963
0 6 56 1.5 -2 0 0 883
0 6 57 1.5 -2 0 0 945
0 6 58 1.5 -2 0 0 849
0 6 59 1.5 -2 0 0 1201
0 6 60 1.5 -2 0 0 807
0 6 61 1.5 -2 0 0 1095
0 6 62 1.5 -2 0 0 1076
0 6 63 1.5 -2 0 0 909
0 7 0 1.5 -2 0 0 1150
0 7 1 1.5 -2 0 0 1297
0 7 2 1.5 -2 0 0 1346
0 7 3 1.5 -2 0 0 1971
0 7 4 1.5 -2 0 0 1692
0 7 5 1.5 -2 0 0 1609
0 7 6 1.5 -2 0 0 1463
0 7 7 1.5 -2 0 0 2372
0 7 8 1.5 -2 0 0 1467
0 7 9 1.5 -2 0 0 1748
0 7 10 1.5 -2 0 0 1869
0 7 11 1.5 -2 0 0 1630
0 7 12 1.5 -2 0 0 1747
0 7 13 1.5 -2 0 0 2315
0 7 14 1.5 -2 0 0 1250
0 7 15 1.5 -2 0 0 2236
0 7 16 5.5 -2 0 0 2071
0 7 17 1.5 -2 0 0 1376
0 7 18 1.5 -2 0 0 1960
0 7 19 1.5 -2 0 0 2656
0 7 20 1.5 -2 0 0 2002
0 7 21 5.5 -2 0 0 1682
0 7 22 5.5 -2 0 0 2111
0 7 23 5.5 -2 0 0 1737
0 7 24 5.5 -2 0 0 1271
0 7 25 5.5 -2 0 0 2872
0 7 26 5.5 -2 0 0 1373
0 7 27 1.5 -2 0 0 2415
0 7 28 1.5 -2 0 0 2752
0 7 29 5.5 -2 0 0 1553
0 7 30 5.5 -2 0 0 2223
0 7 31 5.5 -2 0 0 3154
0 7 32 1.5 -2 0 0 2785
0 7 33 5.5 -2 0 0 2383
0 7 34 1.5 -2 0 0 1459
0 7 35 5.5 -2 0 0 3414
0 7 36 1.5 -2 0 0 2380
0 7 37 1.5 -2 0 0 1913
0 7 38 1.5 -2 0 0 3611
0 7 39 1.5 -2 0 0 2794
0 7 40 5.5 -2 0 0 2033
0 7 41 1.5 -2 0 0 3039
0 7 42 5.5 -2 0 0 2271
0 7 43 1.5 -2 0 0 1676
0 7 44 1.5 -2 0 0 3222
0 7 45 1.5 -2 0 0 2688
0 7 46 1.5 -2 0 0 1525
0 7 47 1.5 -2 0 0 3758
0 7 48 1.5 -2 0 0 2477
0 7 49 1.5 -2 0 0 1957
0 7 50 1.5 -2 0 0 2871
0 7 51 1.5 -2 0 0 2055
0 7 52 1.5 -2 0 0 1772
0 7 53 1.5 -2 0 0 3423
0 7 54 1.5 -2 0 0 2638
0 7 55 1.5 -2 0 0 1852
0 7 56 1.5 -2 0 0 2535
0 7 57 1.5 -2 0 0 2246
0 7 58 1.5 -2 0 0 2345
0 7 59 1.5 -2 0 0 1674
0 7 60 1.5 -2 0 0 3153
0 7 61 1.5 -2 0 0 1775
0 7 62 1.5 -2 0 0 1691
0 7 63 1.5 -2 0 0 2268
0 8 0 1.5 -2 0 0 880
0 8 1 1.5 -2 0 0 844
0 8 2 1.5 -2 0 0 779
0 8 3 1.5 -2 0 0 781
0 8 4 1.5 -2 0 0 818
0 8 5 1.5 -2 0 0 849
0 8 6 1.5 -2 0 0 802
0 8 7 1.5 -2 0 0 713
0 8 8 5.5 -2 0 0 791
0 8 9 5.5 -2 0 0 797
0 8 10 1.5 -2 0 0 694
0 8 11 1.5 -2 0 0 820
0 8 12 0 -10 0 0 55
0 8 13 5.5 -2 0 0 788
0 8 14 1.5 -2 0 0 775
0 8 15 1.5 -2 0 0 816
0 8 16 5.5 -2 0 0 780
0 8 17 5.5 -2 0 0 821
0 8 18 1.5 -2 0 0 777
0 8 19 5.5 -2 0 0 834
0 8 20 1.5 -2 0 0 875
0 8 21 5.5 -2 0 0 822
0 8 22 5.5 -2 0 0 719
0 8 23 5.5 -2 0 0 913
0 8 24 5.5 -2 0 0 835
0 8 25 1.5 -2 0 0 873
0 8 26 5.5 -2 0 0 950
0 8 27 5.5 -2 0 0 813
0 8 28 5.5 -2 0 0 847
0 8 29 5.5 -2 0 0 915
0 8 30 5.5 -2 0 0 842
0 8 31 5.5 -2 0 0 904
0 8 32 5.5 -2 0 0 901
0 8 33 5.5 -2 0 0 855
0 8 34 1.5 -2 0 0 923
0 8 35 5.5 -2 0 0 936
0 8 36 5.5 -2 0 0 908
0 8 37 5.5 -2 0 0 936
0 8 38 5.5 -2 0 0 1051
0 8 39 1.5 -2 0 0 1194
0 8 40 1.5 -2 0 0 888
0 8 41 1.5 -2 0 0 938
0 8 42 5.5 -2 0 0 1019
0 8 43 5.5 -2 0 0 928
0 8 44 1.5 -2 0 0 929
0 8 45 5.5 -2 0 0 913
0 8 46 5.5 -2 0 0 975
0 8 47 1.5 -2 0 0 1186
0 8 48 1.5 -2 0 0 991
0 8 49 5.5 -2 0 0 1007
0 8 50 1.5 -2 0 0 1017
0 8 51 1.5 -2 0 0 1248
0 8 52 1.5 -2 0 0 1027
0 8 53 1.5 -2 0 0 1144
0 8 54 1.5 -2 0 0 1078
0 8 55 1.5 -2 0 0 1137
0 8 56 1.5 -2 0 0 1231
0 8 57 1.5 -2 0 0 1217
0 8 58 1.5 -2 0 0 1060
0 8 59 1.5 -2 0 0 1076
0 8 60 1.5 -2 0 0 1175
0 8 61 1.5 -2 0 0 1292
0 8 62 1.5 -2 0 0 1202
0 8 63 1.5 -2 0 0 1065
0 9 0 1.5 -2 0 0 1188
0 9 1 1.5 -2 0 0 1247
0 9 2 1.5 -2 0 0 1160
0 9 3 1.5 -2 0 0 1017
0 9 4 1.5 -2 0 0 939
0 9 5 1.5 -2 0 0 1123
0 9 6 1.5 -2 0 0 1207
0 9 7 1.5 -2 0 0 986
0 9 8 5.5 -2 0 0 1130
0 9 9 1.5 -2 0 0 1140
0 9 10 5.5 -2 0 0 1132
0 9 11 1.5 -2 0 0 1020
0 9 12 1.5 -2 0 0 1052
0 9 13 1.5 -2 0 0 890
0 9 14 1.5 -2 0 0 1177
0 9 15 5.5 -2 0 0 961
0 9 16 1.5 -2 0 0 1060
0 9 17 1.5 -2 0 0 1033
0 9 18 5.5 -2 0 0 932
0 9 19 5.5 -2 0 0 898
0 9 20 1.5 -2 0 0 866
0 9 21 1.5 -2 0 0 1179
0 9 22 5.5 -2 0 0 1023
0 9 23 5.5 -2 0 0 872
0 9 24 1.5 -2 0 0 1122
0 9 25 5.5 -2 0 0 800
0 9 26 1.5 -2 0 0 1032
0 9 27 1.5 -2 0 0 884
0 9 28 5.5 -2 0 0 864
0 9 29 5.5 -2 0 0 905
0 9 30 5.5 -2 0 0 851
0 9 31 1.5 -2 0 0 828
0 9 32 5.5 -2 0 0 820
0 9 33 1.5 -2 0 0 866
0 9 34 1.5 -2 0 0 965
0 9 35 5.5 -2 0 0 779
0 9 36 1.5 -2 0 0 743
0 9 37 1.5 -2 0 0 698
0 9 38 5.5 -2 0 0 756
0 9 39 5.5 -2 0 0 751
0 9 40 1.5 -2 0 0 843
0 9 41 1.5 -2 0 0 761
0 9 42 5.5 -2 0 0 790
0 9 43 1.5 -2 0 0 880
0 9 44 5.5 -2 0 0 727
0 9 45 1.5 -2 0 0 773
0 9 46 1.5 -2 0 0 910
0 9 47 1.5 -2 0 0 697
0 9 48 1.5 -2 0 0 793
0 9 49 1.5 -2 0 0 749
0 9 50 1.5 -2 0 0 754
0 9 51 1.5 -2 0 0 760
0 9 52 1.5 -2 0 0 805
0 9 53 1.5 -2 0 0 783
0 9 54 1.5 -2 0 0 772
0 9 55 1.5 -2 0 0 738
0 9 56 1.5 -2 0 0 730
0 9 57 1.5 -2 0 0 737
0 9 58 1.5 -2 0 0 781
0 9 59 1.5 -2 0 0 831
0 9 60 1.5 -2 0 0 741
0 9 61 1.5 -2 0 0 801
0 9 62 1.5 -2 0 0 803
0 9 63 2 -2 0 0 757
0 10 0 1.5 -2 0 0 1426
0 10 1 1.5 -2 0 0 1291
0 10 2 1.5 -2 0 0 1342
0 10 3 5.5 -2 0 0 1359
0 10 4 1.5 -2 0 0 1592
0 10 5 1.5 -2 0 0 1443
0 10 6 1.5 -2 0 0 1332
0 10 7 5.5 -2 0 0 1313
0 10 8 1.5 -2 0 0 1329
0 10 9 5.5 -2 0 0 1216
0 10 10 5.5 -2 0 0 1175
0 10 11 5.5 -2 0 0 1630
0 10 12 5.5 -2 0 0 1362
0 10 13 1.5 -2 0 0 1359
0 10 14 1.5 -2 0 0 1512
0 10 15 1.5 -2 0 0 1509
0 10 16 1.5 -2 0 0 1127
0 10 17 1.5 -2 0 0 1606
0 10 18 5.5 -2 0 0 1536
0 10 19 5.5 -2 0 0 1491
0 10 20 5.5 -2 0 0 1688
0 10 21 1.5 -2 0 0 1157
0 10 22 5.5 -2 0 0 1226
0 10 23 5.5 -2 0 0 1854
0 10 24 1.5 -2 0 0 1433
0 10 25 5.5 -2 0 0 1606
0 10 26 5.5 -2 0 0 1772
0 10 27 5.5 -2 0 0 1660
0 10 28 5.5 -2 0 0 1596
0 10 29 5.5 -2 0 0 1691
0 10 30 5.5 -2 0 0 1715
0 10 31 5.5 -2 0 0 1749
0 10 32 5.5 -2 0 0 1640
0 10 33 5.5 -2 0 0 1783
0 10 34 5.5 -2 0 0 1959
0 10 35 5.5 -2 0 0 2056
0 10 36 1.5 -2 0 0 1879
0 10 37 5.5 -2 0 0 2022
0 10 38 5.5 -2 0 0 2315
0 10 39 5.5 -2 0 0 2886
0 10 40 5.5 -2 0 0 1993
0 10 41 5.5 -2 0 0 1960
0 10 42 5.5 -2 0 0 2351
0 10 43 5.5 -2 0 0 2166
0 10 44 1.5 -2 0 0 2246
0 10 45 5.5 -2 0 0 2030
0 10 46 1.5 -2 0 0 2209
0 10 47 5.5 -2 0 0 2830
0 10 48 5.5 -2 0 0 2154
0 10 49 1.5 -2 0 0 2326
0 10 50 1.5 -2 0 0 2329
0 10 51 1.5 -2 0 0 3205
0 10 52 1.5 -2 0 0 2394
0 10 53 5.5 -2 0 0 2761
0 10 54 1.5 -2 0 0 2498
0 10 55 1.5 -2 0 0 2789
0 10 56 1.5 -2 0 0 3239
0 10 57 1.5 -2 0 0 3211
0 10 58 1.5 -2 0 0 2649
0 10 59 1.5 -2 0 0 2465
0 10 60 1.5 -2 0 0 2843
0 10 61 1.5 -2 0 0 3624
0 10 62 1.5 -2 0 0 2877
0 10 63 1.5 -2 0 0 2580
0 11 0 1.5 -2 0 0 3770
0 11 1 1.5 -2 0 0 3700
0 11 2 1.5 -2 0 0 3735
0 11 3 1.5 -2 0 0 2476
0 11 4 1.5 -2 0 0 2525
0 11 5 1.5 -2 0 0 2719
0 11 6 1.5 -2 0 0 3455
0 11 7 1.5 -2 0 0 2037
0 11 8 1.5 -2 0 0 2942
0 11 9 1.5 -2 0 0 3040
0 11 10 1.5 -2 0 0 2811
0 11 11 1.5 -2 0 0 2555
0 11 12 1.5 -2 0 0 2766
0 11 13 1.5 -2 0 0 2105
0 11 14 1.5 -2 0 0 3161
0 11 15 1.5 -2 0 0 2318
0 11 16 1.5 -2 0 0 2607
0 11 17 1.5 -2 0 0 2618
0 11 18 1.5 -2 0 0 2351
0 11 19 1.5 -2 0 0 1858
0 11 20 1.5 -2 0 0 2058
0 11 21 1.5 -2 0 0 3376
0 11 22 1.5 -2 0 0 2437
0 11 23 1.5 -2 0 0 2335
0 11 24 5.5 -2 0 0 2979
0 11 25 1.5 -2 0 0 1569
0 11 26 5.5 -2 0 0 2736
0 11 27 5.5 -2 0 0 1908
0 11 28 1.5 -2 0 0 1914
0 11 29 1.5 -2 0 0 2201
0 11 30 1.5 -2 0 0 2074
0 11 31 5.5 -2 0 0 1521
0 11 32 5.5 -2 0 0 1611
0 11 33 1.5 -2 0 0 1572
0 11 34 5.5 -2 0 0 2390
0 11 35 1.5 -2 0 0 1336
0 11 36 1.5 -2 0 0 1750
0 11 37 5.5 -2 0 0 1969
0 11 38 1.5 -2 0 0 1243
0 11 39 1.5 -2 0 0 1347
0 11 40 1.5 -2 0 0 1904
0 11 41 1.5 -2 0 0 1493
0 11 42 1.5 -2 0 0 1624
0 11 43 1.5 -2 0 0 1959
0 11 44 1.5 -2 0 0 1247
0 11 45 1.5 -2 0 0 1487
0 11 46 1.5 -2 0 0 2122
0 11 47 1.5 -2 0 0 1142
0 11 48 1.5 -2 0 0 1567
0 11 49 1.5 -2 0 0 1746
0 11 50 1.5 -2 0 0 1415
0 11 51 1.5 -2 0 0 1301
0 11 52 1.5 -2 0 0 1753
0 11 53 1.5 -2 0 0 1245
0 11 54 1.5 -2 0 0 1311
0 11 55 1.5 -2 0 0 1624
0 11 56 1.5 -2 0 0 1348
0 11 57 1.5 -2 0 0 1336
0 11 58 1.5 -2 0 0 1458
0 11 59 1.5 -2 0 0 1889
0 11 60 1.5 -2 0 0 1323
0 11 61 1.5 -2 0 0 1522
0 11 62 1.5 -2 0 0 1629
0 11 63 1.5 -2 0 0 1516
0 12 0 1.5 -2 0 0 4469
0 12 1 5.5 -2 0 0 4306
0 12 2 1.5 -2 0 0 4092
0 12 3 5.5 -2 0 0 3731
0 12 4 1.5 -2 0 0 4479
0 12 5 5.5 -2 0 0 4233
0 12 6 1.5 -2 0 0 4033
0 12 7 5.5 -2 0 0 3529
0 12 8 5.5 -2 0 0 4192
0 12 9 5.5 -2 0 0 3699
0 12 10 1.5 -2 0 0 3498
0 12 11 5.5 -2 0 0 4567
0 12 12 5.5 -2 0 0 4040
0 12 13 5.5 -2 0 0 3759
0 12 14 5.5 -2 0 0 4514
0 12 15 5.5 -2 0 0 4109
0 12 16 5.5 -2 0 0 3429
0 12 17 5.5 -2 0 0 4650
0 12 18 5.5 -2 0 0 4281
0 12 19 5.5 -2 0 0 3830
0 12 20 5.5 -2 0 0 4893
0 12 21 5.5 -2 0 0 3758
0 12 22 5.5 -2 0 0 3531
0 12 23 5.5 -2 0 0 5011
0 12 24 5.5 -2 0 0 4458
0 12 25 5.5 -2 0 0 4092
0 12 26 5.5 -2 0 0 4931
0 12 27 5.5 -2 0 0 4288
0 12 28 5.5 -2 0 0 4136
0 12 29 5.5 -2 0 0 5022
0 12 30 5.5 -2 0 0 4550
0 12 31 5.5 -2 0 0 4306
0 12 32 5.5 -2 0 0 4198
0 12 33 5.5 -2 0 0 4670
0 12 34 5.5 -2 0 0 5279
0 12 35 5.5 -2 0 0 4453
0 12 36 5.5 -2 0 0 4856
0 12 37 5.5 -2 0 0 5289
0 12 38 5.5 -2 0 0 4585
0 12 39 5.5 -2 0 0 5243
0 12 40 5.5 -2 0 0 5048
0 12 41 5.5 -2 0 0 4471
0 12 42 5.5 -2 0 0 5125
0 12 43 5.5 -2 0 0 5341
0 12 44 5.5 -2 0 0 4517
0 12 45 5.5 -2 0 0 4835
0 12 46 5.5 -2 0 0 5466
0 12 47 5.5 -2 0 0 4631
0 12 48 5.5 -2 0 0 4902
0 12 49 5.5 -2 0 0 5343
0 12 50 5.5 -2 0 0 4937
0 12 51 5.5 -2 0 0 5891
0 12 52 5.5 -2 0 0 5682
0 12 53 5.5 -2 0 0 4754
0 12 54 5.5 -2 0 0 5281
0 12 55 5.5 -2 0 0 5778
0 12 56 1.5 -2 0 0 5511
0 12 57 1.5 -2 0 0 5702
0 12 58 1.5 -2 0 0 5221
0 12 59 1.5 -2 0 0 5848
0 12 60 1.5 -2 0 0 4988
0 12 61 1.5 -2 0 0 6312
0 12 62 1.5 -2 0 0 6023
0 12 63 1.5 -2 0 0 5581
0 13 0 1.5 -2 0 0 6111
0 13 1 1.5 -2 0 0 5519
0 13 2 1.5 -2 0 0 5410
0 13 3 1.5 -2 0 0 4323
0 13 4 1.5 -2 0 0 4928
0 13 5 1.5 -2 0 0 5204
0 13 6 1.5 -2 0 0 5110
0 13 7 1.5 -2 0 0 3519
0 13 8 1.5 -2 0 0 5347
0 13 9 1.5 -2 0 0 4687
0 13 10 1.5 -2 0 0 4294
0 13 11 1.5 -2 0 0 5110
0 13 12 1.5 -2 0 0 4705
0 13 13 1.5 -2 0 0 3961
0 13 14 1.5 -2 0 0 5744
0 13 15 1.5 -2 0 0 4339
0 13 16 1.5 -2 0 0 3800
0 13 17 1.5 -2 0 0 5398
0 13 18 1.5 -2 0 0 4472
0 13 19 1.5 -2 0 0 3507
0 13 20 1.5 -2 0 0 4814
0 13 21 1.5 -2 0 0 4946
0 13 22 1.5 -2 0 0 4103
0 13 23 1.5 -2 0 0 4853
0 13 24 1.5 -2 0 0 5339
0 13 25 1.5 -2 0 0 3574
0 13 26 1.5 -2 0 0 5576
0 13 27 5.5 -2 0 0 4346
0 13 28 5.5 -2 0 0 3918
0 13 29 1.5 -2 0 0 5266
0 13 30 1.5 -2 0 0 4410
0 13 31 5.5 -2 0 0 3278
0 13 32 1.5 -2 0 0 3580
0 13 33 1.5 -2 0 0 4031
0 13 34 5.5 -2 0 0 5466
0 13 35 5.5 -2 0 0 3048
0 13 36 1.5 -2 0 0 4248
0 13 37 5.5 -2 0 0 4749
0 13 38 1.5 -2 0 0 2849
0 13 39 1.5 -2 0 0 3660
0 13 40 1.5 -2 0 0 4335
0 13 41 1.5 -2 0 0 3330
0 13 42 1.5 -2 0 0 4179
0 13 43 1.5 -2 0 0 4849
0 13 44 1.5 -2 0 0 3153
0 13 45 1.5 -2 0 0 3706
0 13 46 1.5 -2 0 0 5271
0 13 47 1.5 -2 0 0 2690
0 13 48 5.5 -2 0 0 4022
0 13 49 1.5 -2 0 0 4250
0 13 50 1.5 -2 0 0 3527
0 13 51 1.5 -2 0 0 4123
0 13 52 1.5 -2 0 0 4520
0 13 53 1.5 -2 0 0 3047
0 13 54 1.5 -2 0 0 3611
0 13 55 1.5 -2 0 0 4113
0 13 56 1.5 -2 0 0 3909
0 13 57 1.5 -2 0 0 3919
0 13 58 1.5 -2 0 0 3784
0 13 59 1.5 -2 0 0 4746
0 13 60 1.5 -2 0 0 3343
0 13 61 1.5 -2 0 0 4279
0 13 62 1.5 -2 0 0 4377
0 13 63 1.5 -2 0 0 3998
0 14 0 1.5 -2 0 0 6108
0 14 1 1.5 -2 0 0 5734
0 14 2 1.5 -2 0 0 5560
0 14 3 1.5 -2 0 0 4462
0 14 4 1.5 -2 0 0 4700
0 14 5 1.5 -2 0 0 5032
0 14 6 1.5 -2 0 0 5300
0 14 7 1.5 -2 0 0 4221
0 14 8 1.5 -2 0 0 5328
0 14 9 1.5 -2 0 0 4752
0 14 10 1.5 -2 0 0 4522
0 14 11 1.5 -2 0 0 4901
0 14 12 1.5 -2 0 0 4716
0 14 13 1.5 -2 0 0 3926
0 14 14 1.5 -2 0 0 5682
0 14 15 1.5 -2 0 0 4186
0 14 16 1.5 -2 0 0 4535
0 14 17 1.5 -2 0 0 4826
0 14 18 1.5 -2 0 0 4409
0 14 19 1.5 -2 0 0 3933
0 14 20 1.5 -2 0 0 4238
0 14 21 1.5 -2 0 0 5100
0 14 22 1.5 -2 0 0 4168
0 14 23 1.5 -2 0 0 4578
0 14 24 1.5 -2 0 0 5386
0 14 25 5.5 -2 0 0 3766
0 14 26 5.5 -2 0 0 5353
0 14 27 1.5 -2 0 0 3963
0 14 28 1.5 -2 0 0 3742
0 14 29 1.5 -2 0 0 4620
0 14 30 1.5 -2 0 0 4064
0 14 31 5.5 -2 0 0 3368
0 14 32 5.5 -2 0 0 3236
0 14 33 1.5 -2 0 0 3610
0 14 34 1.5 -2 0 0 4927
0 14 35 1.5 -2 0 0 2986
0 14 36 1.5 -2 0 0 3746
0 14 37 1.5 -2 0 0 4156
0 14 38 1.5 -2 0 0 2698
0 14 39 1.5 -2 0 0 2720
0 14 40 1.5 -2 0 0 3871
0 14 41 1.5 -2 0 0 3023
0 14 42 1.5 -2 0 0 3512
0 14 43 1.5 -2 0 0 3963
0 14 44 1.5 -2 0 0 2643
0 14 45 1.5 -2 0 0 3162
0 14 46 1.5 -2 0 0 3344
0 14 47 1.5 -2 0 0 2317
0 14 48 1.5 -2 0 0 3238
0 14 49 1.5 -2 0 0 3670
0 14 50 1.5 -2 0 0 2978
0 14 51 1.5 -2 0 0 2808
0 14 52 1.5 -2 0 0 3769
0 14 53 1.5 -2 0 0 2410
0 14 54 1.5 -2 0 0 3063
0 14 55 1.5 -2 0 0 3260
0 14 56 1.5 -2 0 0 2848
0 14 57 1.5 -2 0 0 3014
0 14 58 1.5 -2 0 0 3058
0 14 59 1.5 -2 0 0 4017
0 14 60 1.5 -2 0 0 2624
0 14 61 1.5 -2 0 0 2892
0 14 62 1.5 -2 0 0 6508
0 14 63 1.5 -2 0 0 3101
0 15 0 1.5 -2 0 0 3112
0 15 1 1.5 -2 0 0 2748
0 15 2 1.5 -2 0 0 1923
0 15 3 3 -2 0 0 1356
0 15 4 1.5 -2 0 0 6711
0 15 5 1.5 -2 0 0 3062
0 15 6 3 -2 0 0 1704
0 15 7 1.5 -2 0 0 2092
0 15 8 1.5 -2 0 0 3097
0 15 9 0 -10 0 0 0
0 15 10 1.5 -2 0 0 4003
0 15 11 0 -10 0 0 0
0 15 12 1.5 -2 0 0 2112
0 15 13 1.5 -2 0 0 2841
0 15 14 0 -10 0 0 0
0 15 15 1.5 -2 0 0 3167
0 15 16 5.5 -2 0 0 1613
0 15 17 1.5 -2 0 0 3594
0 15 18 1.5 -2 0 0 3326
0 15 19 5.5 -2 0 0 2502
0 15 20 5.5 -2 0 0 3775
0 15 21 1.5 -2 0 0 2503
0 15 22 1.5 -2 0 0 1991
0 15 23 5.5 -2 0 0 3984
0 15 24 1.5 -2 0 0 3350
0 15 25 5.5 -2 0 0 2807
0 15 26 5.5 -2 0 0 3976
0 15 27 5.5 -2 0 0 3416
0 15 28 5.5 -2 0 0 3043
0 15 29 0 -10 0 0 0
0 15 30 5.5 -2 0 0 3566
0 15 31 1.5 -2 0 0 2903
0 15 32 5.5 -2 0 0 3366
0 15 33 1.5 -2 0 0 3732
0 15 34 0 -10 0 0 0
0 15 35 5.5 -2 0 0 3197
0 15 36 5.5 -2 0 0 3992
0 15 37 5.5 -2 0 0 4592
0 15 38 5.5 -2 0 0 3348
0 15 39 5.5 -2 0 0 4989
0 15 40 5.5 -2 0 0 4291
0 15 41 5.5 -2 0 0 3618
0 15 42 5.5 -2 0 0 5771
0 15 43 5.5 -2 0 0 4549
0 15 44 1.5 -2 0 0 4084
0 15 45 5.5 -2 0 0 4102
0 15 46 5.5 -2 0 0 4973
0 15 47 1.5 -2 0 0 3598
0 15 48 0 -10 0 0 0
0 15 49 3 -2 0 0 2451
0 15 50 1.5 -2 0 0 4446
0 15 51 5.5 -2 0 0 5806
0 15 52 1.5 -2 0 0 5129
0 15 53 1.5 -2 0 0 4334
0 15 54 1.5 -2 0 0 4741
0 15 55 1.5 -2 0 0 5297
0 15 56 1.5 -2 0 0 5353
0 15 57 1.5 -2 0 0 5764
0 15 58 1.5 -2 0 0 5006
0 15 59 1.5 -2 0 0 5241
0 15 60 1.5 -2 0 0 4669
0 15 61 1.5 -2 0 0 6173
0 15 62 1.5 -2 0 0 5545
0 15 63 1.5 -2 0 0 5327
1 0 0 1.5 -2 0 0 703
1 0 1 1.5 -2 0 0 582
1 0 2 1.5 -2 0 0 564
1 0 3 5.5 -2 0 0 471
1 0 4 1.5 -2 0 0 530
1 0 5 1.5 -2 0 0 559
1 0 6 5.5 -2 0 0 493
1 0 7 1.5 -2 0 0 542
1 0 8 5.5 -2 0 0 608
1 0 9 1.5 -2 0 0 580
1 0 10 1.5 -2 0 0 551
1 0 11 5.5 -2 0 0 585
1 0 12 5.5 -2 0 0 519
1 0 13 1.5 -2 0 0 539
1 0 14 5.5 -2 0 0 633
1 0 15 1.5 -2 0 0 528
1 0 16 5.5 -2 0 0 565
1 0 17 5.5 -2 0 0 575
1 0 18 5.5 -2 0 0 549
1 0 19 5.5 -2 0 0 554
1 0 20 5.5 -2 0 0 567
1 0 21 1.5 -2 0 0 563
1 0 22 5.5 -2 0 0 444
1 0 23 5.5 -2 0 0 633
1 0 24 5.5 -2 0 0 606
1 0 25 5.5 -2 0 0 642
1 0 26 5.5 -2 0 0 635
1 0 27 5.5 -2 0 0 536
1 0 28 5.5 -2 0 0 542
1 0 29 5.5 -2 0 0 589
1 0 30 5.5 -2 0 0 580
1 0 31 5.5 -2 0 0 570
1 0 32 5.5 -2 0 0 515
1 0 33 5.5 -2 0 0 585
1 0 34 5.5 -2 0 0 665
1 0 35 5.5 -2 0 0 598
1 0 36 5.5 -2 0 0 581
1 0 37 0 -10 0 0 0
1 0 38 5.5 -2 0 0 638
1 0 39 1.5 -2 0 0 694
1 0 40 5.5 -2 0 0 615
1 0 41 5.5 -2 0 0 616
1 0 42 5.5 -2 0 0 650
1 0 43 5.5 -2 0 0 680
1 0 44 1.5 -2 0 0 593
1 0 45 5.5 -2 0 0 599
1 0 46 5.5 -2 0 0 685
1 0 47 5.5 -2 0 0 700
1 0 48 1.5 -2 0 0 566
1 0 49 1.5 -2 0 0 687
1 0 50 1.5 -2 0 0 621
1 0 51 1.5 -2 0 0 799
1 0 52 1.5 -2 0 0 732
1 0 53 1.5 -2 0 0 669
1 0 54 1.5 -2 0 0 633
1 0 55 1.5 -2 0 0 685
1 0 56 1.5 -2 0 0 703
1 0 57 1.5 -2 0 0 758
1 0 58 1.5 -2 0 0 667
1 0 59 1.5 -2 0 0 760
1 0 60 1.5 -2 0 0 716
1 0 61 1.5 -2 0 0 898
1 0 62 1.5 -2 0 0 800
1 0 63 1.5 -2 0 0 682
1 1 0 5.5 -2 0 0 886
1 1 1 5.5 -2 0 0 801
1 1 2 5.5 -2 0 0 883
1 1 3 5.5 -2 0 0 848
1 1 4 5.5 -2 0 0 785
1 1 5 5.5 -2 0 0 765
1 1 6 5.5 -2 0 0 950
1 1 7 5.5 -2 0 0 968
1 1 8 5.5 -2 0 0 788
1 1 9 5.5 -2 0 0 954
1 1 10 5.5 -2 0 0 994
1 1 11 5.5 -2 0 0 728
1 1 12 5.5 -2 0 0 820
1 1 13 5.5 -2 0 0 837
1 1 14 5.5 -2 0 0 765
1 1 15 5.5 -2 0 0 793
1 1 16 5.5 -2 0 0 1088
1 1 17 5.5 -2 0 0 733
1 1 18 5.5 -2 0 0 765
1 1 19 5.5 -2 0 0 849
1 1 20 0 -10 0 0 0
1 1 21 5.5 -2 0 0 873
1 1 22 5.5 -2 0 0 863
1 1 23 5.5 -2 0 0 758
1 1 24 5.5 -2 0 0 754
1 1 25 5.5 -2 0 0 817
1 1 26 5.5 -2 0 0 724
1 1 27 5.5 -2 0 0 727
1 1 28 5.5 -2 0 0 760
1 1 29 5.5 -2 0 0 713
1 1 30 1.5 -2 0 0 862
1 1 31 5.5 -2 0 0 836
1 1 32 5.5 -2 0 0 772
1 1 33 5.5 -2 0 0 745
1 1 34 5.5 -2 0 0 707
1 1 35 0 -10 0 0 0
1 1 36 5.5 -2 0 0 732
1 1 37 0 -10 0 0 0
1 1 38 0 -10 0 0 0
1 1 39 0 -10 0 0 154
1 1 40 5.5 -2 0 0 745
1 1 41 0 -10 0 0 0
1 1 42 0 -10 0 0 0
1 1 43 5.5 -2 0 0 681
1 1 44 0 -10 0 0 0
1 1 45 5.5 -2 0 0 733
1 1 46 5.5 -2 0 0 725
1 1 47 0 -10 0 0 0
1 1 48 5.5 -2 0 0 730
1 1 49 5.5 -2 0 0 687
1 1 50 0 -10 0 0 0
1 1 51 0 -10 0 0 0
1 1 52 1.5 -2 0 0 641
1 1 53 0 -10 0 0 0
1 1 54 1.5 -2 0 0 756
1 1 55 5.5 -2 0 0 626
1 1 56 0 -10 0 0 0
1 1 57 1.5 -2 0 0 653
1 1 58 1.5 -2 0 0 687
1 1 59 1.5 -2 0 0 659
1 1 60 0 -10 0 0 0
1 1 61 1.5 -2 0 0 668
1 1 62 1.5 -2 0 0 623
1 1 63 1.5 -2 0 0 610
1 2 0 5.5 -2 0 0 898
1 2 1 1.5 -2 0 0 837
1 2 2 5.5 -2 0 0 752
1 2 3 5.5 -2 0 0 725
1 2 4 1.5 -2 0 0 795
1 2 5 5.5 -2 0 0 738
1 2 6 5.5 -2 0 0 756
1 2 7 5.5 -2 0 0 655
1 2 8 5.5 -2 0 0 723
1 2 9 5.5 -2 0 0 712
1 2 10 5.5 -2 0 0 629
1 2 11 5.5 -2 0 0 775
1 2 12 5.5 -2 0 0 683
1 2 13 1.5 -2 0 0 665
1 2 14 5.5 -2 0 0 872
1 2 15 5.5 -2 0 0 734
1 2 16 5.5 -2 0 0 640
1 2 17 5.5 -2 0 0 847
1 2 18 5.5 -2 0 0 733
1 2 19 5.5 -2 0 0 698
1 2 20 5.5 -2 0 0 749
1 2 21 5.5 -2 0 0 676
1 2 22 5.5 -2 0 0 679
1 2 23 5.5 -2 0 0 883
1 2 24 5.5 -2 0 0 831
1 2 25 5.5 -2 0 0 729
1 2 26 5.5 -2 0 0 890
1 2 27 5.5 -2 0 0 748
1 2 28 5.5 -2 0 0 677
1 2 29 5.5 -2 0 0 857
1 2 30 5.5 -2 0 0 770
1 2 31 5.5 -2 0 0 665
1 2 32 5.5 -2 0 0 769
1 2 33 5.5 -2 0 0 731
1 2 34 5.5 -2 0 0 1003
1 2 35 5.5 -2 0 0 788
1 2 36 5.5 -2 0 0 751
1 2 37 0 -10 0 0 0
1 2 38 1.5 -2 0 0 780
1 2 39 5.5 -2 0 0 911
1 2 40 5.5 -2 0 0 867
1 2 41 5.5 -2 0 0 698
1 2 42 5.5 -2 0 0 841
1 2 43 5.5 -2 0 0 999
1 2 44 5.5 -2 0 0 772
1 2 45 5.5 -2 0 0 765
1 2 46 5.5 -2 0 0 1003
1 2 47 1.5 -2 0 0 820
1 2 48 1.5 -2 0 0 818
1 2 49 5.5 -2 0 0 885
1 2 50 1.5 -2 0 0 817
1 2 51 5.5 -2 0 0 1147
1 2 52 5.5 -2 0 0 995
1 2 53 1.5 -2 0 0 852
1 2 54 1.5 -2 0 0 843
1 2 55 5.5 -2 0 0 1015
1 2 56 1.5 -2 0 0 978
1 2 57 1.5 -2 0 0 1041
1 2 58 1.5 -2 0 0 845
1 2 59 1.5 -2 0 0 1117
1 2 60 1.5 -2 0 0 878
1 2 61 1.5 -2 0 0 1361
1 2 62 1.5 -2 0 0 1170
1 2 63 1.5 -2 0 0 936
1 3 0 1.5 -2 0 0 1493
1 3 1 5.5 -2 0 0 1524
1 3 2 1.5 -2 0 0 1679
1 3 3 1.5 -2 0 0 1893
1 3 4 1.5 -2 0 0 1396
1 3 5 1.5 -2 0 0 1578
1 3 6 5.5 -2 0 0 1802
1 3 7 1.5 -2 0 0 2272
1 3 8 5.5 -2 0 0 1437
1 3 9 1.5 -2 0 0 2172
1 3 10 1.5 -2 0 0 2380
1 3 11 5.5 -2 0 0 1364
1 3 12 5.5 -2 0 0 1796
1 3 13 5.5 -2 0 0 1852
1 3 14 5.5 -2 0 0 1313
1 3 15 1.5 -2 0 0 1769
1 3 16 5.5 -2 0 0 2504
1 3 17 5.5 -2 0 0 1214
1 3 18 5.5 -2 0 0 1576
1 3 19 1.5 -2 0 0 2003
1 3 20 5.5 -2 0 0 1250
1 3 21 5.5 -2 0 0 1992
1 3 22 5.5 -2 0 0 2113
1 3 23 5.5 -2 0 0 1241
1 3 24 5.5 -2 0 0 1335
1 3 25 5.5 -2 0 0 1794
1 3 26 5.5 -2 0 0 1181
1 3 27 5.5 -2 0 0 1518
1 3 28 1.5 -2 0 0 1635
1 3 29 5.5 -2 0 0 1260
1 3 30 5.5 -2 0 0 1431
1 3 31 5.5 -2 0 0 1596
1 3 32 5.5 -2 0 0 1495
1 3 33 5.5 -2 0 0 1420
1 3 34 5.5 -2 0 0 1046
1 3 35 5.5 -2 0 0 1448
1 3 36 5.5 -2 0 0 1226
1 3 37 0 -10 0 0 0
1 3 38 5.5 -2 0 0 1280
1 3 39 5.5 -2 0 0 1047
1 3 40 5.5 -2 0 0 1250
1 3 41 1.5 -2 0 0 1308
1 3 42 5.5 -2 0 0 1099
1 3 43 5.5 -2 0 0 1066
1 3 44 5.5 -2 0 0 1221
1 3 45 1.5 -2 0 0 1239
1 3 46 5.5 -2 0 0 1042
1 3 47 1.5 -2 0 0 1253
1 3 48 1.5 -2 0 0 1151
1 3 49 1.5 -2 0 0 1013
1 3 50 5.5 -2 0 0 1121
1 3 51 1.5 -2 0 0 830
1 3 52 1.5 -2 0 0 920
1 3 53 1.5 -2 0 0 1099
1 3 54 5.5 -2 0 0 1096
1 3 55 1.5 -2 0 0 912
1 3 56 1.5 -2 0 0 936
1 3 57 1.5 -2 0 0 895
1 3 58 1.5 -2 0 0 1002
1 3 59 1.5 -2 0 0 908
1 3 60 1.5 -2 0 0 1061
1 3 61 1.5 -2 0 0 835
1 3 62 1.5 -2 0 0 844
1 3 63 1.5 -2 0 0 926
1 4 0 5.5 -2 0 0 1489
1 4 1 1.5 -2 0 0 1206
1 4 2 1.5 -2 0 0 1000
1 4 3 1.5 -2 0 0 815
1 4 4 1.5 -2 0 0 944
1 4 5 1.5 -2 0 0 922
1 4 6 5.5 -2 0 0 980
1 4 7 1.5 -2 0 0 831
1 4 8 1.5 -2 0 0 1144
1 4 9 1.5 -2 0 0 897
1 4 10 5.5 -2 0 0 893
1 4 11 1.5 -2 0 0 1068
1 4 12 5.5 -2 0 0 896
1 4 13 1.5 -2 0 0 783
1 4 14 1.5 -2 0 0 1401
1 4 15 5.5 -2 0 0 829
1 4 16 5.5 -2 0 0 830
1 4 17 5.5 -2 0 0 1222
1 4 18 1.5 -2 0 0 862
1 4 19 1.5 -2 0 0 820
1 4 20 5.5 -2 0 0 988
1 4 21 1.5 -2 0 0 951
1 4 22 5.5 -2 0 0 793
1 4 23 1.5 -2 0 0 1208
1 4 24 5.5 -2 0 0 1205
1 4 25 5.5 -2 0 0 791
1 4 26 5.5 -2 0 0 1493
1 4 27 5.5 -2 0 0 801
1 4 28 5.5 -2 0 0 819
1 4 29 5.5 -2 0 0 1293
1 4 30 5.5 -2 0 0 919
1 4 31 5.5 -2 0 0 815
1 4 32 5.5 -2 0 0 852
1 4 33 5.5 -2 0 0 952
1 4 34 1.5 -2 0 0 1598
1 4 35 5.5 -2 0 0 864
1 4 36 5.5 -2 0 0 913
1 4 37 0 -10 0 0 0
1 4 38 5.5 -2 0 0 840
1 4 39 5.5 -2 0 0 1049
1 4 40 1.5 -2 0 0 988
1 4 41 5.5 -2 0 0 867
1 4 42 5.5 -2 0 0 1024
1 4 43 5.5 -2 0 0 1316
1 4 44 1.5 -2 0 0 873
1 4 45 1.5 -2 0 0 863
1 4 46 1.5 -2 0 0 1588
1 4 47 5.5 -2 0 0 918
1 4 48 1.5 -2 0 0 920
1 4 49 5.5 -2 0 0 1175
1 4 50 1.5 -2 0 0 907
1 4 51 1.5 -2 0 0 1392
1 4 52 1.5 -2 0 0 1314
1 4 53 1.5 -2 0 0 831
1 4 54 1.5 -2 0 0 941
1 4 55 1.5 -2 0 0 1366
1 4 56 1.5 -2 0 0 1035
1 4 57 1.5 -2 0 0 1278
1 4 58 1.5 -2 0 0 1012
1 4 59 1.5 -2 0 0 1558
1 4 60 1.5 -2 0 0 896
1 4 61 1.5 -2 0 0 1580
1 4 62 1.5 -2 0 0 1604
1 4 63 1.5 -2 0 0 1211
1 5 0 1.5 -2 0 0 1874
1 5 1 5.5 -2 0 0 2126
1 5 2 1.5 -2 0 0 2199
1 5 3 1.5 -2 0 0 3063
1 5 4 5.5 -2 0 0 2443
1 5 5 1.5 -2 0 0 2449
1 5 6 1.5 -2 0 0 2554
1 5 7 5.5 -2 0 0 3929
1 5 8 1.5 -2 0 0 2213
1 5 9 5.5 -2 0 0 3161
1 5 10 1.5 -2 0 0 3549
1 5 11 5.5 -2 0 0 2110
1 5 12 1.5 -2 0 0 2716
1 5 13 1.5 -2 0 0 3379
1 5 14 5.5 -2 0 0 1809
1 5 15 5.5 -2 0 0 2938
1 5 16 5.5 -2 0 0 3936
1 5 17 5.5 -2 0 0 1964
1 5 18 1.5 -2 0 0 2706
1 5 19 5.5 -2 0 0 3940
1 5 20 5.5 -2 0 0 2343
1 5 21 5.5 -2 0 0 2825
1 5 22 5.5 -2 0 0 3466
1 5 23 1.5 -2 0 0 2125
1 5 24 1.5 -2 0 0 1925
1 5 25 5.5 -2 0 0 3706
1 5 26 5.5 -2 0 0 1798
1 5 27 5.5 -2 0 0 3003
1 5 28 5.5 -2 0 0 3147
1 5 29 5.5 -2 0 0 1911
1 5 30 5.5 -2 0 0 2674
1 5 31 1.5 -2 0 0 3570
1 5 32 5.5 -2 0 0 3193
1 5 33 1.5 -2 0 0 2713
1 5 34 5.5 -2 0 0 1681
1 5 35 1.5 -2 0 0 3251
1 5 36 5.5 -2 0 0 2498
1 5 37 0 -10 0 0 0
1 5 38 5.5 -2 0 0 3286
1 5 39 5.5 -2 0 0 2215
1 5 40 5.5 -2 0 0 2366
1 5 41 5.5 -2 0 0 3015
1 5 42 1.5 -2 0 0 2267
1 5 43 5.5 -2 0 0 1803
1 5 44 5.5 -2 0 0 2618
1 5 45 5.5 -2 0 0 2578
1 5 46 1.5 -2 0 0 1679
1 5 47 1.5 -2 0 0 3149
1 5 48 1.5 -2 0 0 2405
1 5 49 1.5 -2 0 0 1903
1 5 50 1.5 -2 0 0 2602
1 5 51 5.5 -2 0 0 1670
1 5 52 1.5 -2 0 0 1816
1 5 53 1.5 -2 0 0 2649
1 5 54 1.5 -2 0 0 2302
1 5 55 1.5 -2 0 0 1649
1 5 56 1.5 -2 0 0 2017
1 5 57 1.5 -2 0 0 1933
1 5 58 1.5 -2 0 0 2031
1 5 59 1.5 -2 0 0 1627
1 5 60 1.5 -2 0 0 2472
1 5 61 1.5 -2 0 0 1594
1 5 62 1.5 -2 0 0 1613
1 5 63 1.5 -2 0 0 1801
1 6 0 5.5 -2 0 0 1722
1 6 1 5.5 -2 0 0 1359
1 6 2 5.5 -2 0 0 1288
1 6 3 5.5 -2 0 0 881
1 6 4 5.5 -2 0 0 972
1 6 5 5.5 -2 0 0 933
1 6 6 5.5 -2 0 0 1047
1 6 7 5.5 -2 0 0 792
1 6 8 1.5 -2 0 0 1109
1 6 9 5.5 -2 0 0 926
1 6 10 5.5 -2 0 0 790
1 6 11 5.5 -2 0 0 1047
1 6 12 5.5 -2 0 0 940
1 6 13 5.5 -2 0 0 786
1 6 14 5.5 -2 0 0 1425
1 6 15 5.5 -2 0 0 848
1 6 16 5.5 -2 0 0 965
1 6 17 5.5 -2 0 0 1203
1 6 18 5.5 -2 0 0 883
1 6 19 5.5 -2 0 0 908
1 6 20 5.5 -2 0 0 950
1 6 21 5.5 -2 0 0 1028
1 6 22 5.5 -2 0 0 889
1 6 23 5.5 -2 0 0 983
1 6 24 5.5 -2 0 0 1322
1 6 25 5.5 -2 0 0 862
1 6 26 5.5 -2 0 0 1511
1 6 27 5.5 -2 0 0 777
1 6 28 5.5 -2 0 0 838
1 6 29 5.5 -2 0 0 1160
1 6 30 5.5 -2 0 0 888
1 6 31 5.5 -2 0 0 688
1 6 32 5.5 -2 0 0 743
1 6 33 5.5 -2 0 0 816
1 6 34 5.5 -2 0 0 1299
1 6 35 5.5 -2 0 0 758
1 6 36 5.5 -2 0 0 863
1 6 37 0 -10 0 0 0
1 6 38 5.5 -2 0 0 740
1 6 39 5.5 -2 0 0 562
1 6 40 5.5 -2 0 0 943
1 6 41 5.5 -2 0 0 762
1 6 42 5.5 -2 0 0 829
1 6 43 5.5 -2 0 0 1062
1 6 44 5.5 -2 0 0 715
1 6 45 5.5 -2 0 0 734
1 6 46 5.5 -2 0 0 1258
1 6 47 5.5 -2 0 0 452
1 6 48 5.5 -2 0 0 875
1 6 49 5.5 -2 0 0 865
1 6 50 5.5 -2 0 0 761
1 6 51 5.5 -2 0 0 622
1 6 52 5.5 -2 0 0 1028
1 6 53 5.5 -2 0 0 491
1 6 54 1.5 -2 0 0 756
1 6 55 5.5 -2 0 0 1011
1 6 56 1.5 -2 0 0 564
1 6 57 1.5 -2 0 0 626
1 6 58 1.5 -2 0 0 842
1 6 59 1.5 -2 0 0 1158
1 6 60 1.5 -2 0 0 557
1 6 61 1.5 -2 0 0 753
1 6 62 1.5 -2 0 0 1048
1 6 63 1.5 -2 0 0 851
1 7 0 5.5 -2 0 0 656
1 7 1 5.5 -2 0 0 791
1 7 2 5.5 -2 0 0 772
1 7 3 5.5 -2 0 0 1679
1 7 4 5.5 -2 0 0 1409
1 7 5 5.5 -2 0 0 1457
1 7 6 1.5 -2 0 0 884
1 7 7 5.5 -2 0 0 1909
1 7 8 5.5 -2 0 0 1239
1 7 9 5.5 -2 0 0 945
1 7 10 5.5 -2 0 0 1118
1 7 11 5.5 -2 0 0 1330
1 7 12 5.5 -2 0 0 1446
1 7 13 5.5 -2 0 0 2098
1 7 14 5.5 -2 0 0 1168
1 7 15 5.5 -2 0 0 1862
1 7 16 5.5 -2 0 0 1391
1 7 17 5.5 -2 0 0 1338
1 7 18 5.5 -2 0 0 1754
1 7 19 5.5 -2 0 0 2545
1 7 20 5.5 -2 0 0 1617
1 7 21 5.5 -2 0 0 878
1 7 22 5.5 -2 0 0 1776
1 7 23 5.5 -2 0 0 1572
1 7 24 5.5 -2 0 0 1136
1 7 25 5.5 -2 0 0 2500
1 7 26 5.5 -2 0 0 1159
1 7 27 5.5 -2 0 0 2064
1 7 28 5.5 -2 0 0 2105
1 7 29 5.5 -2 0 0 1288
1 7 30 5.5 -2 0 0 1754
1 7 31 5.5 -2 0 0 2645
1 7 32 5.5 -2 0 0 2355
1 7 33 5.5 -2 0 0 1914
1 7 34 5.5 -2 0 0 1111
1 7 35 5.5 -2 0 0 2523
1 7 36 5.5 -2 0 0 2227
1 7 37 0 -10 0 0 0
1 7 38 5.5 -2 0 0 3298
1 7 39 5.5 -2 0 0 2680
1 7 40 5.5 -2 0 0 488
1 7 41 5.5 -2 0 0 2806
1 7 42 5.5 -2 0 0 1725
1 7 43 5.5 -2 0 0 1464
1 7 44 5.5 -2 0 0 2690
1 7 45 5.5 -2 0 0 1883
1 7 46 5.5 -2 0 0 1245
1 7 47 5.5 -2 0 0 3251
1 7 48 5.5 -2 0 0 2123
1 7 49 5.5 -2 0 0 1777
1 7 50 5.5 -2 0 0 2410
1 7 51 5.5 -2 0 0 1862
1 7 52 5.5 -2 0 0 1518
1 7 53 5.5 -2 0 0 3005
1 7 54 5.5 -2 0 0 2213
1 7 55 1.5 -2 0 0 1631
1 7 56 1.5 -2 0 0 2288
1 7 57 5.5 -2 0 0 2223
1 7 58 1.5 -2 0 0 2031
1 7 59 1.5 -2 0 0 1556
1 7 60 1.5 -2 0 0 2902
1 7 61 5.5 -2 0 0 1672
1 7 62 1.5 -2 0 0 1512
1 7 63 1.5 -2 0 0 1601
1 8 0 1.5 -2 0 0 702
1 8 1 5.5 -2 0 0 719
1 8 2 1.5 -2 0 0 682
1 8 3 5.5 -2 0 0 721
1 8 4 5.5 -2 0 0 786
1 8 5 5.5 -2 0 0 670
1 8 6 5.5 -2 0 0 756
1 8 7 5.5 -2 0 0 677
1 8 8 5.5 -2 0 0 690
1 8 9 5.5 -2 0 0 684
1 8 10 5.5 -2 0 0 607
1 8 11 5.5 -2 0 0 681
1 8 12 5.5 -2 0 0 690
1 8 13 5.5 -2 0 0 718
1 8 14 5.5 -2 0 0 762
1 8 15 5.5 -2 0 0 659
1 8 16 5.5 -2 0 0 671
1 8 17 5.5 -2 0 0 742
1 8 18 5.5 -2 0 0 611
1 8 19 5.5 -2 0 0 742
1 8 20 5.5 -2 0 0 682
1 8 21 5.5 -2 0 0 676
1 8 22 5.5 -2 0 0 595
1 8 23 5.5 -2 0 0 750
1 8 24 5.5 -2 0 0 677
1 8 25 5.5 -2 0 0 734
1 8 26 5.5 -2 0 0 884
1 8 27 5.5 -2 0 0 665
1 8 28 5.5 -2 0 0 671
1 8 29 5.5 -2 0 0 813
1 8 30 5.5 -2 0 0 727
1 8 31 5.5 -2 0 0 829
1 8 32 5.5 -2 0 0 777
1 8 33 5.5 -2 0 0 852
1 8 34 5.5 -2 0 0 879
1 8 35 5.5 -2 0 0 760
1 8 36 5.5 -2 0 0 796
1 8 37 0 -10 0 0 0
1 8 38 5.5 -2 0 0 863
1 8 39 5.5 -2 0 0 1056
1 8 40 0 -10 0 0 9
1 8 41 5.5 -2 0 0 740
1 8 42 5.5 -2 0 0 765
1 8 43 5.5 -2 0 0 779
1 8 44 5.5 -2 0 0 753
1 8 45 5.5 -2 0 0 748
1 8 46 5.5 -2 0 0 802
1 8 47 5.5 -2 0 0 1053
1 8 48 5.5 -2 0 0 761
1 8 49 5.5 -2 0 0 1035
1 8 50 5.5 -2 0 0 915
1 8 51 1.5 -2 0 0 832
1 8 52 5.5 -2 0 0 1029
1 8 53 5.5 -2 0 0 823
1 8 54 5.5 -2 0 0 870
1 8 55 1.5 -2 0 0 944
1 8 56 1.5 -2 0 0 1044
1 8 57 1.5 -2 0 0 1028
1 8 58 1.5 -2 0 0 807
1 8 59 1.5 -2 0 0 794
1 8 60 1.5 -2 0 0 1079
1 8 61 1.5 -2 0 0 1284
1 8 62 1.5 -2 0 0 1106
1 8 63 1.5 -2 0 0 828
1 9 0 1.5 -2 0 0 1371
1 9 1 1.5 -2 0 0 1330
1 9 2 1.5 -2 0 0 1259
1 9 3 1.5 -2 0 0 1032
1 9 4 1.5 -2 0 0 997
1 9 5 1.5 -2 0 0 1033
1 9 6 1.5 -2 0 0 1237
1 9 7 5.5 -2 0 0 973
1 9 8 1.5 -2 0 0 1088
1 9 9 1.5 -2 0 0 1214
1 9 10 1.5 -2 0 0 1119
1 9 11 1.5 -2 0 0 971
1 9 12 1.5 -2 0 0 1051
1 9 13 1.5 -2 0 0 974
1 9 14 1.5 -2 0 0 1182
1 9 15 1.5 -2 0 0 899
1 9 16 1.5 -2 0 0 1079
1 9 17 1.5 -2 0 0 1072
1 9 18 1.5 -2 0 0 946
1 9 19 5.5 -2 0 0 829
1 9 20 1.5 -2 0 0 778
1 9 21 1.5 -2 0 0 1076
1 9 22 1.5 -2 0 0 813
1 9 23 5.5 -2 0 0 948
1 9 24 1.5 -2 0 0 1109
1 9 25 1.5 -2 0 0 764
1 9 26 5.5 -2 0 0 1082
1 9 27 1.5 -2 0 0 888
1 9 28 1.5 -2 0 0 876
1 9 29 1.5 -2 0 0 939
1 9 30 0 -10 0 0 10
1 9 31 5.5 -2 0 0 718
1 9 32 1.5 -2 0 0 796
1 9 33 1.5 -2 0 0 828
1 9 34 1.5 -2 0 0 928
1 9 35 1.5 -2 0 0 730
1 9 36 1.5 -2 0 0 798
1 9 37 0 -10 0 0 0
1 9 38 1.5 -2 0 0 715
1 9 39 0 -10 0 0 5
1 9 40 5.5 -2 0 0 855
1 9 41 1.5 -2 0 0 721
1 9 42 1.5 -2 0 0 801
1 9 43 1.5 -2 0 0 889
1 9 44 1.5 -2 0 0 760
1 9 45 1.5 -2 0 0 833
1 9 46 1.5 -2 0 0 935
1 9 47 1.5 -2 0 0 729
1 9 48 1.5 -2 0 0 791
1 9 49 1.5 -2 0 0 815
1 9 50 1.5 -2 0 0 748
1 9 51 1.5 -2 0 0 767
1 9 52 1.5 -2 0 0 868
1 9 53 1.5 -2 0 0 815
1 9 54 1.5 -2 0 0 746
1 9 55 1.5 -2 0 0 832
1 9 56 2 -2 0 0 940
1 9 57 1.5 -2 0 0 795
1 9 58 1.5 -2 0 0 816
1 9 59 1.5 -2 0 0 873
1 9 60 1.5 -2 0 0 798
1 9 61 1.5 -2 0 0 850
1 9 62 1.5 -2 0 0 837
1 9 63 1.5 -2 0 0 746
1 10 0 1.5 -2 0 0 1640
1 10 1 1.5 -2 0 0 1538
1 10 2 1.5 -2 0 0 1506
1 10 3 1.5 -2 0 0 1450
1 10 4 1.5 -2 0 0 1756
1 10 5 1.5 -2 0 0 1553
1 10 6 1.5 -2 0 0 1490
1 10 7 1.5 -2 0 0 1484
1 10 8 1.5 -2 0 0 1499
1 10 9 1.5 -2 0 0 1355
1 10 10 1.5 -2 0 0 1352
1 10 11 1.5 -2 0 0 1790
1 10 12 1.5 -2 0 0 1564
1 10 13 1.5 -2 0 0 1549
1 10 14 1.5 -2 0 0 1743
1 10 15 1.5 -2 0 0 1674
1 10 16 1.5 -2 0 0 1361
1 10 17 1.5 -2 0 0 1755
1 10 18 1.5 -2 0 0 1642
1 10 19 1.5 -2 0 0 1649
1 10 20 1.5 -2 0 0 2020
1 10 21 1.5 -2 0 0 1355
1 10 22 1.5 -2 0 0 1379
1 10 23 1.5 -2 0 0 2039
1 10 24 1.5 -2 0 0 1560
1 10 25 1.5 -2 0 0 1797
1 10 26 1.5 -2 0 0 2016
1 10 27 1.5 -2 0 0 1856
1 10 28 1.5 -2 0 0 1736
1 10 29 1.5 -2 0 0 1984
1 10 30 1.5 -2 0 0 1821
1 10 31 1.5 -2 0 0 2084
1 10 32 1.5 -2 0 0 1895
1 10 33 1.5 -2 0 0 1971
1 10 34 1.5 -2 0 0 2134
1 10 35 5.5 -2 0 0 2307
1 10 36 1.5 -2 0 0 2123
1 10 37 0 -10 0 0 0
1 10 38 1.5 -2 0 0 2698
1 10 39 1.5 -2 0 0 3277
1 10 40 1.5 -2 0 0 2228
1 10 41 1.5 -2 0 0 2258
1 10 42 1.5 -2 0 0 2545
1 10 43 1.5 -2 0 0 2360
1 10 44 1.5 -2 0 0 2406
1 10 45 1.5 -2 0 0 2174
1 10 46 1.5 -2 0 0 2514
1 10 47 1.5 -2 0 0 2986
1 10 48 1.5 -2 0 0 2309
1 10 49 1.5 -2 0 0 2753
1 10 50 1.5 -2 0 0 2684
1 10 51 1.5 -2 0 0 3798
1 10 52 1.5 -2 0 0 2642
1 10 53 1.5 -2 0 0 2982
1 10 54 1.5 -2 0 0 2787
1 10 55 1.5 -2 0 0 3081
1 10 56 1.5 -2 0 0 3462
1 10 57 1.5 -2 0 0 3559
1 10 58 1.5 -2 0 0 2848
1 10 59 1.5 -2 0 0 2902
1 10 60 1.5 -2 0 0 3266
1 10 61 1.5 -2 0 0 3972
1 10 62 1.5 -2 0 0 3199
1 10 63 1.5 -2 0 0 2845
1 11 0 5.5 -2 0 0 3996
1 11 1 5.5 -2 0 0 3592
1 11 2 5.5 -2 0 0 3604
1 11 3 5.5 -2 0 0 2495
1 11 4 5.5 -2 0 0 2361
1 11 5 5.5 -2 0 0 2680
1 11 6 5.5 -2 0 0 3231
1 11 7 5.5 -2 0 0 1865
1 11 8 5.5 -2 0 0 2931
1 11 9 5.5 -2 0 0 2895
1 11 10 5.5 -2 0 0 2772
1 11 11 5.5 -2 0 0 2536
1 11 12 5.5 -2 0 0 2820
1 11 13 5.5 -2 0 0 1856
1 11 14 5.5 -2 0 0 3366
1 11 15 5.5 -2 0 0 2121
1 11 16 5.5 -2 0 0 2404
1 11 17 5.5 -2 0 0 2741
1 11 18 5.5 -2 0 0 2258
1 11 19 5.5 -2 0 0 1361
1 11 20 5.5 -2 0 0 2151
1 11 21 5.5 -2 0 0 3102
1 11 22 5.5 -2 0 0 2517
1 11 23 5.5 -2 0 0 2197
1 11 24 5.5 -2 0 0 2955
1 11 25 5.5 -2 0 0 1582
1 11 26 5.5 -2 0 0 2663
1 11 27 5.5 -2 0 0 1949
1 11 28 5.5 -2 0 0 1671
1 11 29 5.5 -2 0 0 2243
1 11 30 5.5 -2 0 0 1928
1 11 31 5.5 -2 0 0 1485
1 11 32 5.5 -2 0 0 1549
1 11 33 5.5 -2 0 0 1645
1 11 34 5.5 -2 0 0 2444
1 11 35 5.5 -2 0 0 1267
1 11 36 5.5 -2 0 0 1789
1 11 37 0 -10 0 0 0
1 11 38 5.5 -2 0 0 1227
1 11 39 5.5 -2 0 0 1324
1 11 40 5.5 -2 0 0 1955
1 11 41 5.5 -2 0 0 1414
1 11 42 5.5 -2 0 0 1682
1 11 43 5.5 -2 0 0 2000
1 11 44 5.5 -2 0 0 1168
1 11 45 5.5 -2 0 0 1439
1 11 46 5.5 -2 0 0 2015
1 11 47 5.5 -2 0 0 1026
1 11 48 5.5 -2 0 0 1489
1 11 49 5.5 -2 0 0 1779
1 11 50 5.5 -2 0 0 1382
1 11 51 5.5 -2 0 0 1367
1 11 52 5.5 -2 0 0 1867
1 11 53 5.5 -2 0 0 1244
1 11 54 5.5 -2 0 0 1364
1 11 55 5.5 -2 0 0 1645
1 11 56 5.5 -2 0 0 1334
1 11 57 1.5 -2 0 0 1310
1 11 58 5.5 -2 0 0 1369
1 11 59 5.5 -2 0 0 1925
1 11 60 5.5 -2 0 0 1271
1 11 61 1.5 -2 0 0 1551
1 11 62 1.5 -2 0 0 1816
1 11 63 5.5 -2 0 0 1571
1 12 0 1.5 -2 0 0 4698
1 12 1 1.5 -2 0 0 4349
1 12 2 1.5 -2 0 0 4156
1 12 3 1.5 -2 0 0 3498
1 12 4 1.5 -2 0 0 4549
1 12 5 1.5 -2 0 0 4137
1 12 6 1.5 -2 0 0 3909
1 12 7 1.5 -2 0 0 3451
1 12 8 1.5 -2 0 0 4104
1 12 9 1.5 -2 0 0 3723
1 12 10 1.5 -2 0 0 3468
1 12 11 1.5 -2 0 0 4533
1 12 12 5.5 -2 0 0 4126
1 12 13 1.5 -2 0 0 3752
1 12 14 1.5 -2 0 0 4636
1 12 15 1.5 -2 0 0 3978
1 12 16 1.5 -2 0 0 3343
1 12 17 1.5 -2 0 0 4564
1 12 18 1.5 -2 0 0 4294
1 12 19 1.5 -2 0 0 3723
1 12 20 1.5 -2 0 0 4653
1 12 21 1.5 -2 0 0 3927
1 12 22 1.5 -2 0 0 3432
1 12 23 5.5 -2 0 0 4940
1 12 24 5.5 -2 0 0 4320
1 12 25 1.5 -2 0 0 3680
1 12 26 5.5 -2 0 0 5148
1 12 27 1.5 -2 0 0 4066
1 12 28 5.5 -2 0 0 4104
1 12 29 5.5 -2 0 0 5013
1 12 30 1.5 -2 0 0 4412
1 12 31 5.5 -2 0 0 4343
1 12 32 5.5 -2 0 0 4274
1 12 33 1.5 -2 0 0 4567
1 12 34 5.5 -2 0 0 5175
1 12 35 5.5 -2 0 0 4029
1 12 36 1.5 -2 0 0 4652
1 12 37 0 -10 0 0 0
1 12 38 1.5 -2 0 0 4599
1 12 39 1.5 -2 0 0 5303
1 12 40 1.5 -2 0 0 5007
1 12 41 1.5 -2 0 0 4329
1 12 42 5.5 -2 0 0 5020
1 12 43 1.5 -2 0 0 5231
1 12 44 1.5 -2 0 0 4380
1 12 45 1.5 -2 0 0 4726
1 12 46 5.5 -2 0 0 5478
1 12 47 1.5 -2 0 0 4485
1 12 48 1.5 -2 0 0 4985
1 12 49 1.5 -2 0 0 5519
1 12 50 1.5 -2 0 0 4644
1 12 51 1.5 -2 0 0 5796
1 12 52 1.5 -2 0 0 5542
1 12 53 1.5 -2 0 0 4505
1 12 54 1.5 -2 0 0 5004
1 12 55 1.5 -2 0 0 5667
1 12 56 1.5 -2 0 0 5508
1 12 57 1.5 -2 0 0 5685
1 12 58 0 -10 0 0 0
1 12 59 1.5 -2 0 0 5660
1 12 60 1.5 -2 0 0 4783
1 12 61 1.5 -2 0 0 6309
1 12 62 1.5 -2 0 0 5881
1 12 63 1.5 -2 0 0 5425
1 13 0 1.5 -2 0 0 6230
1 13 1 1.5 -2 0 0 5560
1 13 2 1.5 -2 0 0 5349
1 13 3 1.5 -2 0 0 4549
1 13 4 1.5 -2 0 0 3869
1 13 5 1.5 -2 0 0 5149
1 13 6 1.5 -2 0 0 5029
1 13 7 1.5 -2 0 0 3296
1 13 8 1.5 -2 0 0 4676
1 13 9 1.5 -2 0 0 4464
1 13 10 1.5 -2 0 0 4054
1 13 11 1.5 -2 0 0 5052
1 13 12 1.5 -2 0 0 4498
1 13 13 1.5 -2 0 0 3156
1 13 14 1.5 -2 0 0 5999
1 13 15 1.5 -2 0 0 3794
1 13 16 1.5 -2 0 0 3448
1 13 17 1.5 -2 0 0 5259
1 13 18 1.5 -2 0 0 4606
1 13 19 1.5 -2 0 0 3153
1 13 20 1.5 -2 0 0 4700
1 13 21 1.5 -2 0 0 4684
1 13 22 1.5 -2 0 0 3693
1 13 23 1.5 -2 0 0 4448
1 13 24 1.5 -2 0 0 5293
1 13 25 1.5 -2 0 0 3361
1 13 26 1.5 -2 0 0 5233
1 13 27 1.5 -2 0 0 3574
1 13 28 1.5 -2 0 0 3824
1 13 29 1.5 -2 0 0 4909
1 13 30 1.5 -2 0 0 3718
1 13 31 1.5 -2 0 0 2978
1 13 32 1.5 -2 0 0 3439
1 13 33 1.5 -2 0 0 3728
1 13 34 1.5 -2 0 0 5468
1 13 35 1.5 -2 0 0 3014
1 13 36 1.5 -2 0 0 3841
1 13 37 0 -10 0 0 0
1 13 38 1.5 -2 0 0 2995
1 13 39 1.5 -2 0 0 3685
1 13 40 1.5 -2 0 0 4778
1 13 41 1.5 -2 0 0 2976
1 13 42 1.5 -2 0 0 3838
1 13 43 1.5 -2 0 0 5098
1 13 44 1.5 -2 0 0 3129
1 13 45 1.5 -2 0 0 3731
1 13 46 1.5 -2 0 0 5063
1 13 47 1.5 -2 0 0 2705
1 13 48 1.5 -2 0 0 3705
1 13 49 1.5 -2 0 0 3998
1 13 50 1.5 -2 0 0 3453
1 13 51 1.5 -2 0 0 3855
1 13 52 1.5 -2 0 0 4378
1 13 53 1.5 -2 0 0 3292
1 13 54 1.5 -2 0 0 3786
1 13 55 1.5 -2 0 0 4048
1 13 56 1.5 -2 0 0 3915
1 13 57 1.5 -2 0 0 4110
1 13 58 1.5 -2 0 0 3964
1 13 59 1.5 -2 0 0 4539
1 13 60 1.5 -2 0 0 2884
1 13 61 1.5 -2 0 0 4398
1 13 62 1.5 -2 0 0 4616
1 13 63 1.5 -2 0 0 4030
1 14 0 1.5 -2 0 0 5815
1 14 1 5.5 -2 0 0 5104
1 14 2 5.5 -2 0 0 4656
1 14 3 5.5 -2 0 0 2501
1 14 4 5.5 -2 0 0 4014
1 14 5 5.5 -2 0 0 3862
1 14 6 5.5 -2 0 0 4504
1 14 7 5.5 -2 0 0 2029
1 14 8 5.5 -2 0 0 3930
1 14 9 5.5 -2 0 0 4168
1 14 10 5.5 -2 0 0 4046
1 14 11 5.5 -2 0 0 3871
1 14 12 5.5 -2 0 0 3835
1 14 13 5.5 -2 0 0 2768
1 14 14 5.5 -2 0 0 4312
1 14 15 5.5 -2 0 0 1813
1 14 16 5.5 -2 0 0 3662
1 14 17 5.5 -2 0 0 3607
1 14 18 5.5 -2 0 0 2586
1 14 19 5.5 -2 0 0 1997
1 14 20 5.5 -2 0 0 3006
1 14 21 5.5 -2 0 0 4130
1 14 22 5.5 -2 0 0 3536
1 14 23 5.5 -2 0 0 2526
1 14 24 5.5 -2 0 0 4034
1 14 25 5.5 -2 0 0 3307
1 14 26 5.5 -2 0 0 3218
1 14 27 5.5 -2 0 0 3204
1 14 28 5.5 -2 0 0 2533
1 14 29 5.5 -2 0 0 4233
1 14 30 5.5 -2 0 0 3420
1 14 31 5.5 -2 0 0 1714
1 14 32 5.5 -2 0 0 2265
1 14 33 5.5 -2 0 0 2354
1 14 34 5.5 -2 0 0 3647
1 14 35 5.5 -2 0 0 2374
1 14 36 5.5 -2 0 0 1817
1 14 37 0 -10 0 0 0
1 14 38 5.5 -2 0 0 1936
1 14 39 5.5 -2 0 0 1226
1 14 40 5.5 -2 0 0 3190
1 14 41 5.5 -2 0 0 2401
1 14 42 5.5 -2 0 0 2896
1 14 43 5.5 -2 0 0 2764
1 14 44 5.5 -2 0 0 2305
1 14 45 5.5 -2 0 0 2822
1 14 46 5.5 -2 0 0 3237
1 14 47 5.5 -2 0 0 899
1 14 48 5.5 -2 0 0 2204
1 14 49 5.5 -2 0 0 2804
1 14 50 5.5 -2 0 0 2477
1 14 51 5.5 -2 0 0 1651
1 14 52 5.5 -2 0 0 3148
1 14 53 5.5 -2 0 0 1399
1 14 54 5.5 -2 0 0 2303
1 14 55 5.5 -2 0 0 2780
1 14 56 5.5 -2 0 0 1673
1 14 57 1.5 -2 0 0 1306
1 14 58 5.5 -2 0 0 2457
1 14 59 1.5 -2 0 0 3271
1 14 60 1.5 -2 0 0 1444
1 14 61 1.5 -2 0 0 1357
1 14 62 1.5 -2 0 0 2801
1 14 63 1.5 -2 0 0 2568
1 15 0 5.5 -2 0 0 1843
1 15 1 5.5 -2 0 0 1365
1 15 2 5.5 -2 0 0 1433
1 15 3 5.5 -2 0 0 1966
1 15 4 5.5 -2 0 0 2674
1 15 5 5.5 -2 0 0 2549
1 15 6 5.5 -2 0 0 1354
1 15 7 5.5 -2 0 0 1639
1 15 8 5.5 -2 0 0 2374
1 15 9 5.5 -2 0 0 1368
1 15 10 5.5 -2 0 0 1029
1 15 11 5.5 -2 0 0 2657
1 15 12 5.5 -2 0 0 2673
1 15 13 5.5 -2 0 0 2386
1 15 14 5.5 -2 0 0 3080
1 15 15 5.5 -2 0 0 2791
1 15 16 5.5 -2 0 0 801
1 15 17 5.5 -2 0 0 3339
1 15 18 5.5 -2 0 0 2738
1 15 19 5.5 -2 0 0 1859
1 15 20 5.5 -2 0 0 2845
1 15 21 5.5 -2 0 0 1337
1 15 22 5.5 -2 0 0 2046
1 15 23 5.5 -2 0 0 3264
1 15 24 5.5 -2 0 0 2665
1 15 25 5.5 -2 0 0 2415
1 15 26 5.5 -2 0 0 3550
1 15 27 5.5 -2 0 0 2696
1 15 28 5.5 -2 0 0 2608
1 15 29 5.5 -2 0 0 3335
1 15 30 5.5 -2 0 0 3072
1 15 31 5.5 -2 0 0 2791
1 15 32 5.5 -2 0 0 3066
1 15 33 5.5 -2 0 0 3180
1 15 34 5.5 -2 0 0 3305
1 15 35 5.5 -2 0 0 2872
1 15 36 5.5 -2 0 0 2857
1 15 37 0 -10 0 0 0
1 15 38 5.5 -2 0 0 3065
1 15 39 5.5 -2 0 0 4690
1 15 40 5.5 -2 0 0 4051
1 15 41 5.5 -2 0 0 3443
1 15 42 5.5 -2 0 0 3511
1 15 43 5.5 -2 0 0 3459
1 15 44 5.5 -2 0 0 3604
1 15 45 5.5 -2 0 0 2960
1 15 46 5.5 -2 0 0 3809
1 15 47 5.5 -2 0 0 3497
1 15 48 5.5 -2 0 0 4035
1 15 49 5.5 -2 0 0 3554
1 15 50 5.5 -2 0 0 3327
1 15 51 5.5 -2 0 0 5445
1 15 52 5.5 -2 0 0 4430
1 15 53 5.5 -2 0 0 3883
1 15 54 5.5 -2 0 0 3547
1 15 55 5.5 -2 0 0 4604
1 15 56 5.5 -2 0 0 4769
1 15 57 5.5 -2 0 0 5425
1 15 58 5.5 -2 0 0 4037
1 15 59 5.5 -2 0 0 3998
1 15 60 1.5 -2 0 0 4247
1 15 61 1.5 -2 0 0 5713
1 15 62 1.5 -2 0 0 5464
1 15 63 1.5 -2 0 0 4295
2 0 0 1.5 -2 0 0 626
2 0 1 1.5 -2 0 0 598
2 0 2 1.5 -2 0 0 570
2 0 3 5.5 -2 0 0 454
2 0 4 1.5 -2 0 0 500
2 0 5 1.5 -2 0 0 530
2 0 6 1.5 -2 0 0 522
2 0 7 1.5 -2 0 0 546
2 0 8 1.5 -2 0 0 574
2 0 9 1.5 -2 0 0 569
2 0 10 1.5 -2 0 0 569
2 0 11 1.5 -2 0 0 559
2 0 12 1.5 -2 0 0 523
2 0 13 1.5 -2 0 0 505
2 0 14 1.5 -2 0 0 635
2 0 15 5.5 -2 0 0 557
2 0 16 1.5 -2 0 0 545
2 0 17 1.5 -2 0 0 589
2 0 18 1.5 -2 0 0 510
2 0 19 1.5 -2 0 0 516
2 0 20 5.5 -2 0 0 560
2 0 21 1.5 -2 0 0 535
2 0 22 1.5 -2 0 0 434
2 0 23 1.5 -2 0 0 610
2 0 24 1.5 -2 0 0 596
2 0 25 1.5 -2 0 0 605
2 0 26 5.5 -2 0 0 622
2 0 27 1.5 -2 0 0 482
2 0 28 1.5 -2 0 0 537
2 0 29 1.5 -2 0 0 588
2 0 30 1.5 -2 0 0 602
2 0 31 1.5 -2 0 0 554
2 0 32 5.5 -2 0 0 510
2 0 33 5.5 -2 0 0 579
2 0 34 1.5 -2 0 0 667
2 0 35 1.5 -2 0 0 582
2 0 36 5.5 -2 0 0 549
2 0 37 5.5 -2 0 0 713
2 0 38 1.5 -2 0 0 623
2 0 39 5.5 -2 0 0 679
2 0 40 5.5 -2 0 0 598
2 0 41 1.5 -2 0 0 594
2 0 42 1.5 -2 0 0 605
2 0 43 1.5 -2 0 0 621
2 0 44 1.5 -2 0 0 587
2 0 45 1.5 -2 0 0 597
2 0 46 1.5 -2 0 0 659
2 0 47 1.5 -2 0 0 676
2 0 48 1.5 -2 0 0 596
2 0 49 1.5 -2 0 0 649
2 0 50 1.5 -2 0 0 640
2 0 51 1.5 -2 0 0 788
2 0 52 1.5 -2 0 0 668
2 0 53 1.5 -2 0 0 647
2 0 54 1.5 -2 0 0 632
2 0 55 1.5 -2 0 0 697
2 0 56 1.5 -2 0 0 721
2 0 57 1.5 -2 0 0 743
2 0 58 1.5 -2 0 0 639
2 0 59 1.5 -2 0 0 789
2 0 60 1.5 -2 0 0 716
2 0 61 1.5 -2 0 0 866
2 0 62 1.5 -2 0 0 810
2 0 63 1.5 -2 0 0 670
2 1 0 1.5 -2 0 0 869
2 1 1 1.5 -2 0 0 824
2 1 2 5.5 -2 0 0 820
2 1 3 5.5 -2 0 0 825
2 1 4 5.5 -2 0 0 743
2 1 5 1.5 -2 0 0 771
2 1 6 1.5 -2 0 0 911
2 1 7 5.5 -2 0 0 1001
2 1 8 1.5 -2 0 0 790
2 1 9 5.5 -2 0 0 936
2 1 10 1.5 -2 0 0 958
2 1 11 5.5 -2 0 0 709
2 1 12 5.5 -2 0 0 757
2 1 13 5.5 -2 0 0 835
2 1 14 1.5 -2 0 0 760
2 1 15 5.5 -2 0 0 771
2 1 16 5.5 -2 0 0 1132
2 1 17 5.5 -2 0 0 745
2 1 18 5.5 -2 0 0 739
2 1 19 5.5 -2 0 0 897
2 1 20 5.5 -2 0 0 699
2 1 21 5.5 -2 0 0 907
2 1 22 5.5 -2 0 0 861
2 1 23 5.5 -2 0 0 697
2 1 24 5.5 -2 0 0 748
2 1 25 5.5 -2 0 0 841
2 1 26 5.5 -2 0 0 702
2 1 27 5.5 -2 0 0 732
2 1 28 5.5 -2 0 0 718
2 1 29 5.5 -2 0 0 687
2 1 30 5.5 -2 0 0 708
2 1 31 5.5 -2 0 0 781
2 1 32 5.5 -2 0 0 698
2 1 33 5.5 -2 0 0 704
2 1 34 5.5 -2 0 0 744
2 1 35 5.5 -2 0 0 737
2 1 36 5.5 -2 0 0 705
2 1 37 5.5 -2 0 0 660
2 1 38 5.5 -2 0 0 695
2 1 39 5.5 -2 0 0 609
2 1 40 5.5 -2 0 0 688
2 1 41 5.5 -2 0 0 695
2 1 42 5.5 -2 0 0 591
2 1 43 5.5 -2 0 0 656
2 1 44 1.5 -2 0 0 703
2 1 45 5.5 -2 0 0 689
2 1 46 5.5 -2 0 0 684
2 1 47 5.5 -2 0 0 752
2 1 48 1.5 -2 0 0 662
2 1 49 1.5 -2 0 0 622
2 1 50 1.5 -2 0 0 652
2 1 51 1.5 -2 0 0 632
2 1 52 1.5 -2 0 0 625
2 1 53 5.5 -2 0 0 700
2 1 54 1.5 -2 0 0 670
2 1 55 1.5 -2 0 0 577
2 1 56 1.5 -2 0 0 644
2 1 57 1.5 -2 0 0 629
2 1 58 1.5 -2 0 0 628
2 1 59 1.5 -2 0 0 608
2 1 60 1.5 -2 0 0 671
2 1 61 1.5 -2 0 0 642
2 1 62 1.5 -2 0 0 641
2 1 63 1.5 -2 0 0 577
2 2 0 1.5 -2 0 0 854
2 2 1 1.5 -2 0 0 853
2 2 2 1.5 -2 0 0 717
2 2 3 1.5 -2 0 0 683
2 2 4 1.5 -2 0 0 759
2 2 5 1.5 -2 0 0 717
2 2 6 1.5 -2 0 0 782
2 2 7 1.5 -2 0 0 612
2 2 8 1.5 -2 0 0 705
2 2 9 1.5 -2 0 0 626
2 2 10 1.5 -2 0 0 635
2 2 11 1.5 -2 0 0 733
2 2 12 1.5 -2 0 0 683
2 2 13 1.5 -2 0 0 654
2 2 14 1.5 -2 0 0 831
2 2 15 1.5 -2 0 0 722
2 2 16 0 -10 0 0 0
2 2 17 1.5 -2 0 0 843
2 2 18 5.5 -2 0 0 713
2 2 19 1.5 -2 0 0 686
2 2 20 5.5 -2 0 0 753
2 2 21 1.5 -2 0 0 704
2 2 22 1.5 -2 0 0 650
2 2 23 1.5 -2 0 0 764
2 2 24 1.5 -2 0 0 748
2 2 25 1.5 -2 0 0 685
2 2 26 1.5 -2 0 0 830
2 2 27 5.5 -2 0 0 682
2 2 28 1.5 -2 0 0 684
2 2 29 1.5 -2 0 0 880
2 2 30 1.5 -2 0 0 747
2 2 31 5.5 -2 0 0 679
2 2 32 1.5 -2 0 0 695
2 2 33 1.5 -2 0 0 726
2 2 34 1.5 -2 0 0 927
2 2 35 1.5 -2 0 0 737
2 2 36 1.5 -2 0 0 751
2 2 37 1.5 -2 0 0 843
2 2 38 5.5 -2 0 0 751
2 2 39 1.5 -2 0 0 915
2 2 40 5.5 -2 0 0 823
2 2 41 1.5 -2 0 0 719
2 2 42 1.5 -2 0 0 794
2 2 43 5.5 -2 0 0 895
2 2 44 5.5 -2 0 0 749
2 2 45 1.5 -2 0 0 755
2 2 46 1.5 -2 0 0 996
2 2 47 1.5 -2 0 0 818
2 2 48 1.5 -2 0 0 804
2 2 49 1.5 -2 0 0 874
2 2 50 1.5 -2 0 0 737
2 2 51 1.5 -2 0 0 1208
2 2 52 1.5 -2 0 0 1015
2 2 53 1.5 -2 0 0 894
2 2 54 1.5 -2 0 0 813
2 2 55 1.5 -2 0 0 971
2 2 56 1.5 -2 0 0 954
2 2 57 1.5 -2 0 0 1060
2 2 58 1.5 -2 0 0 859
2 2 59 1.5 -2 0 0 1122
2 2 60 1.5 -2 0 0 860
2 2 61 1.5 -2 0 0 1320
2 2 62 1.5 -2 0 0 1167
2 2 63 1.5 -2 0 0 871
2 3 0 5.5 -2 0 0 1392
2 3 1 5.5 -2 0 0 1483
2 3 2 5.5 -2 0 0 1664
2 3 3 5.5 -2 0 0 1922
2 3 4 5.5 -2 0 0 1384
2 3 5 5.5 -2 0 0 1505
2 3 6 5.5 -2 0 0 1790
2 3 7 5.5 -2 0 0 2373
2 3 8 5.5 -2 0 0 1378
2 3 9 5.5 -2 0 0 2156
2 3 10 5.5 -2 0 0 2355
2 3 11 5.5 -2 0 0 1275
2 3 12 5.5 -2 0 0 1728
2 3 13 5.5 -2 0 0 1816
2 3 14 5.5 -2 0 0 1288
2 3 15 5.5 -2 0 0 1619
2 3 16 5.5 -2 0 0 2656
2 3 17 5.5 -2 0 0 1176
2 3 18 5.5 -2 0 0 1547
2 3 19 5.5 -2 0 0 1977
2 3 20 5.5 -2 0 0 1210
2 3 21 5.5 -2 0 0 2000
2 3 22 5.5 -2 0 0 2061
2 3 23 4.6424 0.34017 0.211453 0.0672684 1216
2 3 24 5.5 -2 0 0 1260
2 3 25 5.5 -2 0 0 1790
2 3 26 5.5 -2 0 0 1095
2 3 27 5.5 -2 0 0 1508
2 3 28 5.5 -2 0 0 1604
2 3 29 5.5 -2 0 0 1173
2 3 30 4.71064 0.325951 0.290224 0.074448 1378
2 3 31 5.5 -2 0 0 1626
2 3 32 5.5 -2 0 0 1443
2 3 33 5.5 -2 0 0 1321
2 3 34 5.5 -2 0 0 1051
2 3 35 5.5 -2 0 0 1458
2 3 36 5.5 -2 0 0 1166
2 3 37 5.5 -2 0 0 1036
2 3 38 5.5 -2 0 0 1326
2 3 39 5.5 -2 0 0 936
2 3 40 5.5 -2 0 0 1135
2 3 41 5.5 -2 0 0 1313
2 3 42 5.5 -2 0 0 1026
2 3 43 5.5 -2 0 0 1021
2 3 44 5.5 -2 0 0 1157
2 3 45 5.5 -2 0 0 1183
2 3 46 5.5 -2 0 0 1000
2 3 47 5.5 -2 0 0 1234
2 3 48 5.5 -2 0 0 1148
2 3 49 5.5 -2 0 0 933
2 3 50 5.5 -2 0 0 1116
2 3 51 5.5 -2 0 0 798
2 3 52 5.5 -2 0 0 908
2 3 53 5.5 -2 0 0 1067
2 3 54 5.5 -2 0 0 1015
2 3 55 1.5 -2 0 0 865
2 3 56 5.5 -2 0 0 932
2 3 57 5.5 -2 0 0 883
2 3 58 5.5 -2 0 0 985
2 3 59 1.5 -2 0 0 878
2 3 60 1.5 -2 0 0 1009
2 3 61 1.5 -2 0 0 814
2 3 62 1.5 -2 0 0 836
2 3 63 1.5 -2 0 0 926
2 4 0 1.5 -2 0 0 1510
2 4 1 5.5 -2 0 0 1144
2 4 2 1.5 -2 0 0 1009
2 4 3 1.5 -2 0 0 795
2 4 4 5.5 -2 0 0 987
2 4 5 1.5 -2 0 0 951
2 4 6 5.5 -2 0 0 977
2 4 7 5.5 -2 0 0 822
2 4 8 5.5 -2 0 0 1083
2 4 9 5.5 -2 0 0 925
2 4 10 5.5 -2 0 0 846
2 4 11 5.5 -2 0 0 1034
2 4 12 5.5 -2 0 0 926
2 4 13 1.5 -2 0 0 764
2 4 14 5.5 -2 0 0 1395
2 4 15 1.5 -2 0 0 829
2 4 16 5.5 -2 0 0 865
2 4 17 5.5 -2 0 0 1243
2 4 18 5.5 -2 0 0 867
2 4 19 5.5 -2 0 0 801
2 4 20 5.5 -2 0 0 900
2 4 21 5.5 -2 0 0 1021
2 4 22 5.5 -2 0 0 793
2 4 23 5.5 -2 0 0 1209
2 4 24 5.5 -2 0 0 1193
2 4 25 5.5 -2 0 0 839
2 4 26 5.5 -2 0 0 1495
2 4 27 5.5 -2 0 0 882
2 4 28 5.5 -2 0 0 843
2 4 29 5.5 -2 0 0 1285
2 4 30 5.5 -2 0 0 875
2 4 31 5.5 -2 0 0 855
2 4 32 5.5 -2 0 0 863
2 4 33 5.5 -2 0 0 895
2 4 34 5.5 -2 0 0 1545
2 4 35 5.5 -2 0 0 866
2 4 36 5.5 -2 0 0 925
2 4 37 5.5 -2 0 0 1105
2 4 38 5.5 -2 0 0 887
2 4 39 5.5 -2 0 0 1046
2 4 40 5.5 -2 0 0 1023
2 4 41 5.5 -2 0 0 851
2 4 42 5.5 -2 0 0 981
2 4 43 5.5 -2 0 0 1262
2 4 44 5.5 -2 0 0 918
2 4 45 5.5 -2 0 0 865
2 4 46 5.5 -2 0 0 1634
2 4 47 5.5 -2 0 0 895
2 4 48 5.5 -2 0 0 954
2 4 49 5.5 -2 0 0 1181
2 4 50 1.5 -2 0 0 888
2 4 51 5.5 -2 0 0 1398
2 4 52 5.5 -2 0 0 1318
2 4 53 1.5 -2 0 0 903
2 4 54 1.5 -2 0 0 925
2 4 55 1.5 -2 0 0 1392
2 4 56 1.5 -2 0 0 1083
2 4 57 1.5 -2 0 0 1269
2 4 58 1.5 -2 0 0 992
2 4 59 1.5 -2 0 0 1565
2 4 60 1.5 -2 0 0 925
2 4 61 1.5 -2 0 0 1654
2 4 62 1.5 -2 0 0 1626
2 4 63 1.5 -2 0 0 1153
2 5 0 5.5 -2 0 0 1886
2 5 1 5.5 -2 0 0 2088
2 5 2 5.5 -2 0 0 2264
2 5 3 5.5 -2 0 0 3011
2 5 4 5.5 -2 0 0 2392
2 5 5 5.5 -2 0 0 2349
2 5 6 5.5 -2 0 0 2558
2 5 7 5.5 -2 0 0 3998
2 5 8 5.5 -2 0 0 2172
2 5 9 5.5 -2 0 0 3120
2 5 10 5.5 -2 0 0 3693
2 5 11 5.5 -2 0 0 2154
2 5 12 5.5 -2 0 0 2749
2 5 13 5.5 -2 0 0 3272
2 5 14 5.5 -2 0 0 1770
2 5 15 5.5 -2 0 0 2878
2 5 16 5.5 -2 0 0 4204
2 5 17 5.5 -2 0 0 1821
2 5 18 5.5 -2 0 0 2655
2 5 19 5.5 -2 0 0 4094
2 5 20 5.5 -2 0 0 2329
2 5 21 5.5 -2 0 0 2800
2 5 22 5.5 -2 0 0 3357
2 5 23 5.5 -2 0 0 2098
2 5 24 5.5 -2 0 0 1897
2 5 25 5.5 -2 0 0 3808
2 5 26 5.5 -2 0 0 1748
2 5 27 5.5 -2 0 0 2926
2 5 28 5.5 -2 0 0 3257
2 5 29 5.5 -2 0 0 1890
2 5 30 5.5 -2 0 0 2594
2 5 31 5.5 -2 0 0 3690
2 5 32 5.5 -2 0 0 2972
2 5 33 5.5 -2 0 0 2715
2 5 34 5.5 -2 0 0 1711
2 5 35 5.5 -2 0 0 3446
2 5 36 5.5 -2 0 0 2471
2 5 37 5.5 -2 0 0 1957
2 5 38 5.5 -2 0 0 3327
2 5 39 5.5 -2 0 0 2278
2 5 40 5.5 -2 0 0 2323
2 5 41 5.5 -2 0 0 3015
2 5 42 5.5 -2 0 0 2127
2 5 43 5.5 -2 0 0 1764
2 5 44 5.5 -2 0 0 2635
2 5 45 5.5 -2 0 0 2630
2 5 46 5.5 -2 0 0 1645
2 5 47 5.5 -2 0 0 3217
2 5 48 5.5 -2 0 0 2313
2 5 49 5.5 -2 0 0 1893
2 5 50 5.5 -2 0 0 2525
2 5 51 5.5 -2 0 0 1654
2 5 52 1.5 -2 0 0 1716
2 5 53 1.5 -2 0 0 2805
2 5 54 1.5 -2 0 0 2248
2 5 55 1.5 -2 0 0 1594
2 5 56 1.5 -2 0 0 2069
2 5 57 1.5 -2 0 0 1873
2 5 58 1.5 -2 0 0 2006
2 5 59 1.5 -2 0 0 1591
2 5 60 1.5 -2 0 0 2493
2 5 61 5.5 -2 0 0 1635
2 5 62 1.5 -2 0 0 1590
2 5 63 1.5 -2 0 0 1709
2 6 0 5.5 -2 0 0 1644
2 6 1 5.5 -2 0 0 1360
2 6 2 5.5 -2 0 0 1204
2 6 3 5.5 -2 0 0 892
2 6 4 5.5 -2 0 0 904
2 6 5 5.5 -2 0 0 983
2 6 6 5.5 -2 0 0 1010
2 6 7 5.5 -2 0 0 876
2 6 8 5.5 -2 0 0 1127
2 6 9 5.5 -2 0 0 923
2 6 10 5.5 -2 0 0 859
2 6 11 5.5 -2 0 0 1117
2 6 12 5.5 -2 0 0 932
2 6 13 5.5 -2 0 0 776
2 6 14 5.5 -2 0 0 1596
2 6 15 5.5 -2 0 0 869
2 6 16 5.5 -2 0 0 912
2 6 17 5.5 -2 0 0 1235
2 6 18 5.5 -2 0 0 878
2 6 19 5.5 -2 0 0 810
2 6 20 5.5 -2 0 0 921
2 6 21 5.5 -2 0 0 987
2 6 22 5.5 -2 0 0 854
2 6 23 5.5 -2 0 0 954
2 6 24 5.5 -2 0 0 1272
2 6 25 5.5 -2 0 0 866
2 6 26 5.5 -2 0 0 1425
2 6 27 5.5 -2 0 0 825
2 6 28 5.5 -2 0 0 794
2 6 29 5.5 -2 0 0 1133
2 6 30 5.5 -2 0 0 844
2 6 31 5.5 -2 0 0 770
2 6 32 5.5 -2 0 0 776
2 6 33 5.5 -2 0 0 839
2 6 34 5.5 -2 0 0 1378
2 6 35 5.5 -2 0 0 736
2 6 36 5.5 -2 0 0 865
2 6 37 5.5 -2 0 0 895
2 6 38 5.5 -2 0 0 727
2 6 39 5.5 -2 0 0 666
2 6 40 5.5 -2 0 0 916
2 6 41 5.5 -2 0 0 762
2 6 42 5.5 -2 0 0 870
2 6 43 5.5 -2 0 0 1071
2 6 44 5.5 -2 0 0 657
2 6 45 5.5 -2 0 0 796
2 6 46 5.5 -2 0 0 1255
2 6 47 5.5 -2 0 0 565
2 6 48 5.5 -2 0 0 853
2 6 49 5.5 -2 0 0 930
2 6 50 5.5 -2 0 0 735
2 6 51 5.5 -2 0 0 816
2 6 52 5.5 -2 0 0 959
2 6 53 5.5 -2 0 0 621
2 6 54 5.5 -2 0 0 765
2 6 55 5.5 -2 0 0 929
2 6 56 1.5 -2 0 0 719
2 6 57 5.5 -2 0 0 778
2 6 58 5.5 -2 0 0 836
2 6 59 1.5 -2 0 0 1124
2 6 60 1.5 -2 0 0 640
2 6 61 1.5 -2 0 0 929
2 6 62 1.5 -2 0 0 1019
2 6 63 1.5 -2 0 0 821
2 7 0 5.5 -2 0 0 974
2 7 1 5.5 -2 0 0 1042
2 7 2 5.5 -2 0 0 1100
2 7 3 5.5 -2 0 0 1809
2 7 4 5.5 -2 0 0 1632
2 7 5 5.5 -2 0 0 1471
2 7 6 5.5 -2 0 0 1233
2 7 7 5.5 -2 0 0 2470
2 7 8 5.5 -2 0 0 1374
2 7 9 5.5 -2 0 0 1406
2 7 10 5.5 -2 0 0 1615
2 7 11 5.5 -2 0 0 1477
2 7 12 5.5 -2 0 0 1710
2 7 13 5.5 -2 0 0 2241
2 7 14 5.5 -2 0 0 1226
2 7 15 5.5 -2 0 0 2076
2 7 16 5.5 -2 0 0 1895
2 7 17 5.5 -2 0 0 1325
2 7 18 5.5 -2 0 0 1862
2 7 19 5.5 -2 0 0 2701
2 7 20 5.5 -2 0 0 1872
2 7 21 5.5 -2 0 0 1350
2 7 22 5.5 -2 0 0 1939
2 7 23 5.5 -2 0 0 1678
2 7 24 5.5 -2 0 0 1217
2 7 25 5.5 -2 0 0 2883
2 7 26 5.5 -2 0 0 1249
2 7 27 5.5 -2 0 0 2322
2 7 28 5.5 -2 0 0 2588
2 7 29 5.5 -2 0 0 1423
2 7 30 5.5 -2 0 0 2075
2 7 31 5.5 -2 0 0 3237
2 7 32 5.5 -2 0 0 2662
2 7 33 5.5 -2 0 0 2392
2 7 34 5.5 -2 0 0 1419
2 7 35 5.5 -2 0 0 3345
2 7 36 5.5 -2 0 0 2181
2 7 37 5.5 -2 0 0 1771
2 7 38 5.5 -2 0 0 3798
2 7 39 5.5 -2 0 0 2646
2 7 40 5.5 -2 0 0 1942
2 7 41 5.5 -2 0 0 2853
2 7 42 5.5 -2 0 0 2051
2 7 43 5.5 -2 0 0 1529
2 7 44 5.5 -2 0 0 2993
2 7 45 5.5 -2 0 0 2485
2 7 46 5.5 -2 0 0 1404
2 7 47 5.5 -2 0 0 3956
2 7 48 5.5 -2 0 0 2384
2 7 49 5.5 -2 0 0 1836
2 7 50 5.5 -2 0 0 2681
2 7 51 5.5 -2 0 0 1836
2 7 52 5.5 -2 0 0 1659
2 7 53 5.5 -2 0 0 3438
2 7 54 5.5 -2 0 0 2596
2 7 55 5.5 -2 0 0 1773
2 7 56 5.5 -2 0 0 2382
2 7 57 5.5 -2 0 0 2281
2 7 58 5.5 -2 0 0 2212
2 7 59 5.5 -2 0 0 1665
2 7 60 1.5 -2 0 0 3050
2 7 61 1.5 -2 0 0 1784
2 7 62 1.5 -2 0 0 1663
2 7 63 1.5 -2 0 0 2052
2 8 0 1.5 -2 0 0 892
2 8 1 1.5 -2 0 0 755
2 8 2 1.5 -2 0 0 772
2 8 3 1.5 -2 0 0 736
2 8 4 1.5 -2 0 0 780
2 8 5 1.5 -2 0 0 787
2 8 6 5.5 -2 0 0 812
2 8 7 5.5 -2 0 0 706
2 8 8 5.5 -2 0 0 785
2 8 9 1.5 -2 0 0 787
2 8 10 1.5 -2 0 0 724
2 8 11 1.5 -2 0 0 793
2 8 12 1.5 -2 0 0 759
2 8 13 5.5 -2 0 0 764
2 8 14 5.5 -2 0 0 892
2 8 15 5.5 -2 0 0 796
2 8 16 5.5 -2 0 0 815
2 8 17 1.5 -2 0 0 818
2 8 18 5.5 -2 0 0 718
2 8 19 5.5 -2 0 0 841
2 8 20 5.5 -2 0 0 872
2 8 21 5.5 -2 0 0 767
2 8 22 5.5 -2 0 0 700
2 8 23 5.5 -2 0 0 878
2 8 24 5.5 -2 0 0 826
2 8 25 0 -10 0 0 22
2 8 26 5.5 -2 0 0 912
2 8 27 5.5 -2 0 0 828
2 8 28 5.5 -2 0 0 868
2 8 29 5.5 -2 0 0 874
2 8 30 5.5 -2 0 0 790
2 8 31 5.5 -2 0 0 948
2 8 32 5.5 -2 0 0 840
2 8 33 5.5 -2 0 0 829
2 8 34 5.5 -2 0 0 939
2 8 35 5.5 -2 0 0 930
2 8 36 5.5 -2 0 0 869
2 8 37 5.5 -2 0 0 915
2 8 38 5.5 -2 0 0 1053
2 8 39 5.5 -2 0 0 1195
2 8 40 5.5 -2 0 0 859
2 8 41 5.5 -2 0 0 862
2 8 42 5.5 -2 0 0 1003
2 8 43 5.5 -2 0 0 930
2 8 44 1.5 -2 0 0 968
2 8 45 1.5 -2 0 0 884
2 8 46 5.5 -2 0 0 967
2 8 47 5.5 -2 0 0 1214
2 8 48 5.5 -2 0 0 985
2 8 49 5.5 -2 0 0 976
2 8 50 1.5 -2 0 0 985
2 8 51 1.5 -2 0 0 1264
2 8 52 1.5 -2 0 0 1038
2 8 53 1.5 -2 0 0 1158
2 8 54 1.5 -2 0 0 1059
2 8 55 1.5 -2 0 0 1113
2 8 56 1.5 -2 0 0 1263
2 8 57 1.5 -2 0 0 1263
2 8 58 1.5 -2 0 0 1041
2 8 59 1.5 -2 0 0 1047
2 8 60 1.5 -2 0 0 1201
2 8 61 1.5 -2 0 0 1431
2 8 62 1.5 -2 0 0 1205
2 8 63 1.5 -2 0 0 1040
2 9 0 1.5 -2 0 0 1341
2 9 1 5.5 -2 0 0 1228
2 9 2 5.5 -2 0 0 1196
2 9 3 1.5 -2 0 0 1014
2 9 4 1.5 -2 0 0 972
2 9 5 5.5 -2 0 0 1079
2 9 6 5.5 -2 0 0 1238
2 9 7 5.5 -2 0 0 1070
2 9 8 5.5 -2 0 0 1160
2 9 9 5.5 -2 0 0 1155
2 9 10 5.5 -2 0 0 1208
2 9 11 5.5 -2 0 0 1016
2 9 12 5.5 -2 0 0 1024
2 9 13 5.5 -2 0 0 934
2 9 14 1.5 -2 0 0 1172
2 9 15 1.5 -2 0 0 961
2 9 16 5.5 -2 0 0 399
2 9 17 5.5 -2 0 0 1079
2 9 18 5.5 -2 0 0 959
2 9 19 5.5 -2 0 0 917
2 9 20 5.5 -2 0 0 821
2 9 21 5.5 -2 0 0 1162
2 9 22 5.5 -2 0 0 974
2 9 23 5.5 -2 0 0 879
2 9 24 5.5 -2 0 0 1120
2 9 25 5.5 -2 0 0 871
2 9 26 5.5 -2 0 0 1086
2 9 27 5.5 -2 0 0 877
2 9 28 5.5 -2 0 0 873
2 9 29 5.5 -2 0 0 913
2 9 30 5.5 -2 0 0 846
2 9 31 5.5 -2 0 0 819
2 9 32 1.5 -2 0 0 775
2 9 33 5.5 -2 0 0 845
2 9 34 5.5 -2 0 0 998
2 9 35 1.5 -2 0 0 765
2 9 36 5.5 -2 0 0 764
2 9 37 5.5 -2 0 0 640
2 9 38 5.5 -2 0 0 757
2 9 39 5.5 -2 0 0 792
2 9 40 5.5 -2 0 0 867
2 9 41 5.5 -2 0 0 776
2 9 42 1.5 -2 0 0 800
2 9 43 1.5 -2 0 0 879
2 9 44 5.5 -2 0 0 751
2 9 45 5.5 -2 0 0 808
2 9 46 5.5 -2 0 0 924
2 9 47 1.5 -2 0 0 787
2 9 48 1.5 -2 0 0 793
2 9 49 1.5 -2 0 0 696
2 9 50 1.5 -2 0 0 756
2 9 51 1.5 -2 0 0 753
2 9 52 5.5 -2 0 0 876
2 9 53 1.5 -2 0 0 757
2 9 54 1.5 -2 0 0 731
2 9 55 1.5 -2 0 0 795
2 9 56 1.5 -2 0 0 756
2 9 57 1.5 -2 0 0 731
2 9 58 1.5 -2 0 0 836
2 9 59 1.5 -2 0 0 881
2 9 60 1.5 -2 0 0 781
2 9 61 1.5 -2 0 0 842
2 9 62 1.5 -2 0 0 780
2 9 63 1.5 -2 0 0 774
2 10 0 5.5 -2 0 0 1558
2 10 1 5.5 -2 0 0 1492
2 10 2 5.5 -2 0 0 1472
2 10 3 5.5 -2 0 0 1423
2 10 4 1.5 -2 0 0 1635
2 10 5 5.5 -2 0 0 1604
2 10 6 5.5 -2 0 0 1416
2 10 7 5.5 -2 0 0 1453
2 10 8 5.5 -2 0 0 1460
2 10 9 5.5 -2 0 0 1332
2 10 10 5.5 -2 0 0 1240
2 10 11 5.5 -2 0 0 1794
2 10 12 5.5 -2 0 0 1531
2 10 13 5.5 -2 0 0 1444
2 10 14 5.5 -2 0 0 1678
2 10 15 5.5 -2 0 0 1612
2 10 16 5.5 -2 0 0 1374
2 10 17 1.5 -2 0 0 1737
2 10 18 5.5 -2 0 0 1620
2 10 19 5.5 -2 0 0 1642
2 10 20 5.5 -2 0 0 1868
2 10 21 5.5 -2 0 0 1326
2 10 22 5.5 -2 0 0 1360
2 10 23 5.5 -2 0 0 1954
2 10 24 5.5 -2 0 0 1541
2 10 25 5.5 -2 0 0 1783
2 10 26 5.5 -2 0 0 1948
2 10 27 5.5 -2 0 0 1814
2 10 28 5.5 -2 0 0 1722
2 10 29 5.5 -2 0 0 2034
2 10 30 5.5 -2 0 0 1859
2 10 31 5.5 -2 0 0 1952
2 10 32 5.5 -2 0 0 1896
2 10 33 5.5 -2 0 0 1913
2 10 34 3 -2 0 0 630
2 10 35 5.5 -2 0 0 2352
2 10 36 5.5 -2 0 0 2024
2 10 37 5.5 -2 0 0 2188
2 10 38 5.5 -2 0 0 2591
2 10 39 5.5 -2 0 0 3366
2 10 40 5.5 -2 0 0 2173
2 10 41 5.5 -2 0 0 2177
2 10 42 5.5 -2 0 0 2471
2 10 43 5.5 -2 0 0 2311
2 10 44 5.5 -2 0 0 2434
2 10 45 5.5 -2 0 0 2258
2 10 46 1.5 -2 0 0 1383
2 10 47 5.5 -2 0 0 3169
2 10 48 5.5 -2 0 0 2419
2 10 49 5.5 -2 0 0 2544
2 10 50 5.5 -2 0 0 2550
2 10 51 5.5 -2 0 0 3773
2 10 52 5.5 -2 0 0 2621
2 10 53 1.5 -2 0 0 1212
2 10 54 1.5 -2 0 0 2635
2 10 55 1.5 -2 0 0 3062
2 10 56 1.5 -2 0 0 3272
2 10 57 1.5 -2 0 0 3163
2 10 58 1.5 -2 0 0 2846
2 10 59 1.5 -2 0 0 2819
2 10 60 1.5 -2 0 0 3201
2 10 61 1.5 -2 0 0 4074
2 10 62 1.5 -2 0 0 3201
2 10 63 1.5 -2 0 0 2887
2 11 0 5.5 -2 0 0 4033
2 11 1 5.5 -2 0 0 3808
2 11 2 5.5 -2 0 0 3644
2 11 3 5.5 -2 0 0 2485
2 11 4 5.5 -2 0 0 2474
2 11 5 5.5 -2 0 0 2741
2 11 6 5.5 -2 0 0 3450
2 11 7 5.5 -2 0 0 2162
2 11 8 5.5 -2 0 0 2999
2 11 9 5.5 -2 0 0 3133
2 11 10 5.5 -2 0 0 2803
2 11 11 5.5 -2 0 0 2604
2 11 12 5.5 -2 0 0 2689
2 11 13 5.5 -2 0 0 2095
2 11 14 5.5 -2 0 0 3304
2 11 15 5.5 -2 0 0 2255
2 11 16 5.5 -2 0 0 2697
2 11 17 5.5 -2 0 0 2628
2 11 18 5.5 -2 0 0 2305
2 11 19 5.5 -2 0 0 1885
2 11 20 5.5 -2 0 0 2103
2 11 21 5.5 -2 0 0 3321
2 11 22 5.5 -2 0 0 2444
2 11 23 4.58402 0.302031 0.232221 0.167247 2362
2 11 24 5.5 -2 0 0 2992
2 11 25 5.5 -2 0 0 1656
2 11 26 5.5 -2 0 0 2825
2 11 27 5.5 -2 0 0 1930
2 11 28 5.5 -2 0 0 1806
2 11 29 5.5 -2 0 0 2249
2 11 30 5.5 -2 0 0 2082
2 11 31 5.5 -2 0 0 1551
2 11 32 5.5 -2 0 0 1594
2 11 33 5.5 -2 0 0 1618
2 11 34 5.5 -2 0 0 2554
2 11 35 4.87965 0.350466 0.167642 0.279093 1332
2 11 36 5.5 -2 0 0 1753
2 11 37 5.5 -2 0 0 1894
2 11 38 5.5 -2 0 0 1283
2 11 39 5.5 -2 0 0 1367
2 11 40 5.5 -2 0 0 1828
2 11 41 5.5 -2 0 0 1456
2 11 42 5.5 -2 0 0 1661
2 11 43 5.5 -2 0 0 1983
2 11 44 5.5 -2 0 0 1274
2 11 45 5.5 -2 0 0 1465
2 11 46 5.5 -2 0 0 2093
2 11 47 5.5 -2 0 0 1161
2 11 48 5.5 -2 0 0 1525
2 11 49 5.5 -2 0 0 1798
2 11 50 5.5 -2 0 0 1395
2 11 51 5.5 -2 0 0 1408
2 11 52 5.5 -2 0 0 1841
2 11 53 5.5 -2 0 0 1264
2 11 54 5.5 -2 0 0 1336
2 11 55 5.5 -2 0 0 1583
2 11 56 5.5 -2 0 0 1373
2 11 57 5.5 -2 0 0 1343
2 11 58 1.5 -2 0 0 1431
2 11 59 1.5 -2 0 0 1946
2 11 60 1.5 -2 0 0 1353
2 11 61 1.5 -2 0 0 1589
2 11 62 5.5 -2 0 0 1734
2 11 63 1.5 -2 0 0 1453
2 12 0 5.5 -2 0 0 4702
2 12 1 5.5 -2 0 0 4301
2 12 2 5.5 -2 0 0 4170
2 12 3 5.5 -2 0 0 3735
2 12 4 5.5 -2 0 0 4482
2 12 5 5.5 -2 0 0 4202
2 12 6 5.5 -2 0 0 4067
2 12 7 5.5 -2 0 0 3636
2 12 8 5.5 -2 0 0 4112
2 12 9 5.5 -2 0 0 3707
2 12 10 1.5 -2 0 0 3601
2 12 11 5.5 -2 0 0 4281
2 12 12 5.5 -2 0 0 3863
2 12 13 5.5 -2 0 0 3686
2 12 14 5.5 -2 0 0 4589
2 12 15 5.5 -2 0 0 3902
2 12 16 0 -10 0 0 0
2 12 17 5.5 -2 0 0 4555
2 12 18 5.5 -2 0 0 4127
2 12 19 5.5 -2 0 0 3781
2 12 20 5.5 -2 0 0 4716
2 12 21 5.5 -2 0 0 3734
2 12 22 5.5 -2 0 0 3438
2 12 23 5.5 -2 0 0 4744
2 12 24 5.5 -2 0 0 4333
2 12 25 5.5 -2 0 0 3975
2 12 26 5.5 -2 0 0 4991
2 12 27 5.5 -2 0 0 4102
2 12 28 5.5 -2 0 0 3940
2 12 29 5.5 -2 0 0 4928
2 12 30 5.5 -2 0 0 4436
2 12 31 5.5 -2 0 0 4247
2 12 32 5.5 -2 0 0 4143
2 12 33 5.5 -2 0 0 4473
2 12 34 5.5 -2 0 0 5130
2 12 35 5.5 -2 0 0 4350
2 12 36 5.5 -2 0 0 4613
2 12 37 5.5 -2 0 0 5038
2 12 38 5.5 -2 0 0 4461
2 12 39 5.5 -2 0 0 5116
2 12 40 5.5 -2 0 0 4772
2 12 41 5.5 -2 0 0 4363
2 12 42 5.5 -2 0 0 4845
2 12 43 5.5 -2 0 0 5138
2 12 44 5.5 -2 0 0 4395
2 12 45 5.5 -2 0 0 4723
2 12 46 5.5 -2 0 0 5416
2 12 47 5.5 -2 0 0 4709
2 12 48 5.5 -2 0 0 4865
2 12 49 5.5 -2 0 0 5195
2 12 50 5.5 -2 0 0 4669
2 12 51 1.5 -2 0 0 5757
2 12 52 5.5 -2 0 0 5365
2 12 53 5.5 -2 0 0 4549
2 12 54 5.5 -2 0 0 4812
2 12 55 1.5 -2 0 0 5604
2 12 56 5.5 -2 0 0 5590
2 12 57 5.5 -2 0 0 5510
2 12 58 5.5 -2 0 0 5072
2 12 59 1.5 -2 0 0 5596
2 12 60 1.5 -2 0 0 4921
2 12 61 1.5 -2 0 0 6509
2 12 62 1.5 -2 0 0 5954
2 12 63 1.5 -2 0 0 5283
2 13 0 1.5 -2 0 0 6409
2 13 1 1.5 -2 0 0 5612
2 13 2 1.5 -2 0 0 5561
2 13 3 1.5 -2 0 0 4525
2 13 4 1.5 -2 0 0 5005
2 13 5 1.5 -2 0 0 5025
2 13 6 5.5 -2 0 0 5235
2 13 7 1.5 -2 0 0 3718
2 13 8 1.5 -2 0 0 5187
2 13 9 1.5 -2 0 0 4667
2 13 10 1.5 -2 0 0 4300
2 13 11 5.5 -2 0 0 5131
2 13 12 1.5 -2 0 0 4722
2 13 13 1.5 -2 0 0 3967
2 13 14 5.5 -2 0 0 6051
2 13 15 1.5 -2 0 0 4312
2 13 16 5.5 -2 0 0 4060
2 13 17 5.5 -2 0 0 5332
2 13 18 1.5 -2 0 0 4468
2 13 19 1.5 -2 0 0 3715
2 13 20 1.5 -2 0 0 4794
2 13 21 5.5 -2 0 0 4944
2 13 22 5.5 -2 0 0 4085
2 13 23 5.5 -2 0 0 4828
2 13 24 5.5 -2 0 0 5353
2 13 25 5.5 -2 0 0 3639
2 13 26 1.5 -2 0 0 5703
2 13 27 5.5 -2 0 0 4158
2 13 28 1.5 -2 0 0 3911
2 13 29 1.5 -2 0 0 5244
2 13 30 5.5 -2 0 0 4315
2 13 31 5.5 -2 0 0 3550
2 13 32 1.5 -2 0 0 3679
2 13 33 5.5 -2 0 0 3879
2 13 34 1.5 -2 0 0 5610
2 13 35 1.5 -2 0 0 3393
2 13 36 5.5 -2 0 0 4263
2 13 37 5.5 -2 0 0 4691
2 13 38 1.5 -2 0 0 3106
2 13 39 1.5 -2 0 0 3592
2 13 40 5.5 -2 0 0 4490
2 13 41 5.5 -2 0 0 3431
2 13 42 5.5 -2 0 0 4120
2 13 43 5.5 -2 0 0 4910
2 13 44 1.5 -2 0 0 3142
2 13 45 5.5 -2 0 0 3704
2 13 46 1.5 -2 0 0 5233
2 13 47 1.5 -2 0 0 3027
2 13 48 1.5 -2 0 0 3927
2 13 49 5.5 -2 0 0 4353
2 13 50 1.5 -2 0 0 3545
2 13 51 1.5 -2 0 0 4310
2 13 52 1.5 -2 0 0 4559
2 13 53 1.5 -2 0 0 3264
2 13 54 1.5 -2 0 0 3812
2 13 55 1.5 -2 0 0 4162
2 13 56 1.5 -2 0 0 4061
2 13 57 1.5 -2 0 0 4110
2 13 58 1.5 -2 0 0 3798
2 13 59 1.5 -2 0 0 4858
2 13 60 1.5 -2 0 0 3586
2 13 61 1.5 -2 0 0 4684
2 13 62 1.5 -2 0 0 4531
2 13 63 1.5 -2 0 0 4072
2 14 0 1.5 -2 0 0 6355
2 14 1 1.5 -2 0 0 5882
2 14 2 1.5 -2 0 0 5537
2 14 3 1.5 -2 0 0 4329
2 14 4 1.5 -2 0 0 4458
2 14 5 1.5 -2 0 0 4879
2 14 6 1.5 -2 0 0 5233
2 14 7 1.5 -2 0 0 4189
2 14 8 1.5 -2 0 0 5022
2 14 9 1.5 -2 0 0 4662
2 14 10 1.5 -2 0 0 4531
2 14 11 1.5 -2 0 0 4745
2 14 12 1.5 -2 0 0 4459
2 14 13 1.5 -2 0 0 3847
2 14 14 1.5 -2 0 0 5649
2 14 15 1.5 -2 0 0 3969
2 14 16 5.5 -2 0 0 4650
2 14 17 5.5 -2 0 0 4845
2 14 18 5.5 -2 0 0 4436
2 14 19 1.5 -2 0 0 3926
2 14 20 5.5 -2 0 0 4044
2 14 21 5.5 -2 0 0 5096
2 14 22 5.5 -2 0 0 4030
2 14 23 5.5 -2 0 0 4308
2 14 24 5.5 -2 0 0 5160
2 14 25 5.5 -2 0 0 3642
2 14 26 5.5 -2 0 0 5310
2 14 27 1.5 -2 0 0 3800
2 14 28 5.5 -2 0 0 3509
2 14 29 5.5 -2 0 0 4488
2 14 30 5.5 -2 0 0 3762
2 14 31 5.5 -2 0 0 3274
2 14 32 5.5 -2 0 0 3152
2 14 33 5.5 -2 0 0 3500
2 14 34 5.5 -2 0 0 4816
2 14 35 5.5 -2 0 0 3000
2 14 36 5.5 -2 0 0 3477
2 14 37 5.5 -2 0 0 3888
2 14 38 5.5 -2 0 0 2705
2 14 39 1.5 -2 0 0 2316
2 14 40 5.5 -2 0 0 3655
2 14 41 1.5 -2 0 0 2841
2 14 42 5.5 -2 0 0 3255
2 14 43 1.5 -2 0 0 4068
2 14 44 1.5 -2 0 0 2543
2 14 45 1.5 -2 0 0 3054
2 14 46 5.5 -2 0 0 4380
2 14 47 1.5 -2 0 0 673
2 14 48 1.5 -2 0 0 3117
2 14 49 1.5 -2 0 0 3431
2 14 50 1.5 -2 0 0 2835
2 14 51 1.5 -2 0 0 2444
2 14 52 1.5 -2 0 0 3629
2 14 53 1.5 -2 0 0 2069
2 14 54 1.5 -2 0 0 2939
2 14 55 1.5 -2 0 0 3207
2 14 56 1.5 -2 0 0 2351
2 14 57 1.5 -2 0 0 2540
2 14 58 1.5 -2 0 0 2930
2 14 59 1.5 -2 0 0 3864
2 14 60 1.5 -2 0 0 2174
2 14 61 1.5 -2 0 0 2557
2 14 62 1.5 -2 0 0 3376
2 14 63 1.5 -2 0 0 3084
2 15 0 1.5 -2 0 0 2598
2 15 1 1.5 -2 0 0 2416
2 15 2 1.5 -2 0 0 2342
2 15 3 1.5 -2 0 0 2461
2 15 4 1.5 -2 0 0 3168
2 15 5 5.5 -2 0 0 2922
2 15 6 1.5 -2 0 0 2053
2 15 7 1.5 -2 0 0 2089
2 15 8 1.5 -2 0 0 3035
2 15 9 1.5 -2 0 0 1946
2 15 10 1.5 -2 0 0 1801
2 15 11 1.5 -2 0 0 3318
2 15 12 1.5 -2 0 0 2693
2 15 13 5.5 -2 0 0 2670
2 15 14 5.5 -2 0 0 3473
2 15 15 5.5 -2 0 0 2982
2 15 16 1.5 -2 0 0 1405
2 15 17 1.5 -2 0 0 3573
2 15 18 1.5 -2 0 0 3116
2 15 19 1.5 -2 0 0 2551
2 15 20 5.5 -2 0 0 3537
2 15 21 5.5 -2 0 0 2081
2 15 22 5.5 -2 0 0 2384
2 15 23 1.5 -2 0 0 3646
2 15 24 1.5 -2 0 0 3110
2 15 25 5.5 -2 0 0 2880
2 15 26 1.5 -2 0 0 3806
2 15 27 5.5 -2 0 0 3214
2 15 28 5.5 -2 0 0 2931
2 15 29 1.5 -2 0 0 3953
2 15 30 1.5 -2 0 0 3421
2 15 31 5.5 -2 0 0 3025
2 15 32 5.5 -2 0 0 3131
2 15 33 5.5 -2 0 0 3551
2 15 34 5.5 -2 0 0 4231
2 15 35 5.5 -2 0 0 3240
2 15 36 1.5 -2 0 0 3728
2 15 37 1.5 -2 0 0 4130
2 15 38 5.5 -2 0 0 3462
2 15 39 5.5 -2 0 0 4896
2 15 40 5.5 -2 0 0 4016
2 15 41 1.5 -2 0 0 3491
2 15 42 5.5 -2 0 0 4222
2 15 43 5.5 -2 0 0 4241
2 15 44 5.5 -2 0 0 3803
2 15 45 1.5 -2 0 0 3911
2 15 46 1.5 -2 0 0 4731
2 15 47 1.5 -2 0 0 3850
2 15 48 5.5 -2 0 0 4152
2 15 49 1.5 -2 0 0 4639
2 15 50 1.5 -2 0 0 4140
2 15 51 1.5 -2 0 0 5697
2 15 52 1.5 -2 0 0 4755
2 15 53 1.5 -2 0 0 4263
2 15 54 1.5 -2 0 0 4320
2 15 55 1.5 -2 0 0 5107
2 15 56 1.5 -2 0 0 5140
2 15 57 1.5 -2 0 0 5582
2 15 58 1.5 -2 0 0 4836
2 15 59 1.5 -2 0 0 5036
2 15 60 1.5 -2 0 0 4752
2 15 61 1.5 -2 0 0 6323
2 15 62 1.5 -2 0 0 5387
2 15 63 1.5 -2 0 0 4798
3 0 0 1.5 -2 0 0 638
3 0 1 1.5 -2 0 0 564
3 0 2 1.5 -2 0 0 531
3 0 3 5.5 -2 0 0 420
3 0 4 1.5 -2 0 0 473
3 0 5 1.5 -2 0 0 521
3 0 6 5.5 -2 0 0 512
3 0 7 1.5 -2 0 0 532
3 0 8 1.5 -2 0 0 574
3 0 9 5.5 -2 0 0 587
3 0 10 1.5 -2 0 0 548
3 0 11 5.5 -2 0 0 539
3 0 12 5.5 -2 0 0 540
3 0 13 5.5 -2 0 0 469
3 0 14 5.5 -2 0 0 595
3 0 15 5.5 -2 0 0 522
3 0 16 5.5 -2 0 0 531
3 0 17 5.5 -2 0 0 594
3 0 18 5.5 -2 0 0 486
3 0 19 5.5 -2 0 0 501
3 0 20 5.5 -2 0 0 544
3 0 21 5.5 -2 0 0 534
3 0 22 5.5 -2 0 0 456
3 0 23 1.5 -2 0 0 601
3 0 24 5.5 -2 0 0 556
3 0 25 5.5 -2 0 0 599
3 0 26 5.5 -2 0 0 611
3 0 27 5.5 -2 0 0 483
3 0 28 5.5 -2 0 0 513
3 0 29 5.5 -2 0 0 547
3 0 30 5.5 -2 0 0 545
3 0 31 5.5 -2 0 0 510
3 0 32 5.5 -2 0 0 535
3 0 33 5.5 -2 0 0 545
3 0 34 5.5 -2 0 0 669
3 0 35 5.5 -2 0 0 544
3 0 36 5.5 -2 0 0 547
3 0 37 5.5 -2 0 0 684
3 0 38 5.5 -2 0 0 612
3 0 39 5.5 -2 0 0 664
3 0 40 5.5 -2 0 0 550
3 0 41 5.5 -2 0 0 556
3 0 42 1.5 -2 0 0 600
3 0 43 5.5 -2 0 0 636
3 0 44 1.5 -2 0 0 570
3 0 45 5.5 -2 0 0 565
3 0 46 5.5 -2 0 0 648
3 0 47 5.5 -2 0 0 704
3 0 48 1.5 -2 0 0 546
3 0 49 5.5 -2 0 0 624
3 0 50 1.5 -2 0 0 583
3 0 51 5.5 -2 0 0 768
3 0 52 1.5 -2 0 0 668
3 0 53 1.5 -2 0 0 631
3 0 54 5.5 -2 0 0 646
3 0 55 1.5 -2 0 0 690
3 0 56 1.5 -2 0 0 684
3 0 57 1.5 -2 0 0 700
3 0 58 1.5 -2 0 0 660
3 0 59 1.5 -2 0 0 729
3 0 60 1.5 -2 0 0 697
3 0 61 1.5 -2 0 0 842
3 0 62 1.5 -2 0 0 742
3 0 63 1.5 -2 0 0 698
3 1 0 1.5 -2 0 0 832
3 1 1 5.5 -2 0 0 814
3 1 2 1.5 -2 0 0 830
3 1 3 1.5 -2 0 0 829
3 1 4 1.5 -2 0 0 740
3 1 5 1.5 -2 0 0 734
3 1 6 5.5 -2 0 0 939
3 1 7 1.5 -2 0 0 986
3 1 8 1.5 -2 0 0 806
3 1 9 1.5 -2 0 0 871
3 1 10 1.5 -2 0 0 933
3 1 11 1.5 -2 0 0 718
3 1 12 1.5 -2 0 0 762
3 1 13 1.5 -2 0 0 826
3 1 14 1.5 -2 0 0 724
3 1 15 5.5 -2 0 0 778
3 1 16 5.5 -2 0 0 1132
3 1 17 5.5 -2 0 0 720
3 1 18 5.5 -2 0 0 729
3 1 19 5.5 -2 0 0 913
3 1 20 1.5 -2 0 0 704
3 1 21 5.5 -2 0 0 882
3 1 22 1.5 -2 0 0 842
3 1 23 5.5 -2 0 0 703
3 1 24 5.5 -2 0 0 772
3 1 25 1.5 -2 0 0 852
3 1 26 5.5 -2 0 0 706
3 1 27 5.5 -2 0 0 704
3 1 28 5.5 -2 0 0 721
3 1 29 5.5 -2 0 0 684
3 1 30 5.5 -2 0 0 738
3 1 31 5.5 -2 0 0 790
3 1 32 5.5 -2 0 0 738
3 1 33 1.5 -2 0 0 659
3 1 34 5.5 -2 0 0 737
3 1 35 5.5 -2 0 0 751
3 1 36 5.5 -2 0 0 691
3 1 37 1.5 -2 0 0 668
3 1 38 1.5 -2 0 0 739
3 1 39 5.5 -2 0 0 611
3 1 40 5.5 -2 0 0 678
3 1 41 1.5 -2 0 0 663
3 1 42 1.5 -2 0 0 572
3 1 43 1.5 -2 0 0 656
3 1 44 1.5 -2 0 0 671
3 1 45 1.5 -2 0 0 659
3 1 46 1.5 -2 0 0 683
3 1 47 1.5 -2 0 0 730
3 1 48 5.5 -2 0 0 689
3 1 49 1.5 -2 0 0 590
3 1 50 1.5 -2 0 0 683
3 1 51 5.5 -2 0 0 627
3 1 52 1.5 -2 0 0 576
3 1 53 1.5 -2 0 0 659
3 1 54 1.5 -2 0 0 623
3 1 55 1.5 -2 0 0 566
3 1 56 1.5 -2 0 0 630
3 1 57 1.5 -2 0 0 625
3 1 58 2 -2 0 0 599
3 1 59 1.5 -2 0 0 600
3 1 60 1.5 -2 0 0 685
3 1 61 1.5 -2 0 0 598
3 1 62 1.5 -2 0 0 632
3 1 63 1.5 -2 0 0 599
3 2 0 1.5 -2 0 0 878
3 2 1 1.5 -2 0 0 811
3 2 2 1.5 -2 0 0 713
3 2 3 1.5 -2 0 0 683
3 2 4 1.5 -2 0 0 747
3 2 5 1.5 -2 0 0 726
3 2 6 1.5 -2 0 0 755
3 2 7 1.5 -2 0 0 604
3 2 8 1.5 -2 0 0 666
3 2 9 1.5 -2 0 0 685
3 2 10 1.5 -2 0 0 632
3 2 11 1.5 -2 0 0 777
3 2 12 5.5 -2 0 0 678
3 2 13 1.5 -2 0 0 625
3 2 14 5.5 -2 0 0 813
3 2 15 1.5 -2 0 0 711
3 2 16 5.5 -2 0 0 648
3 2 17 1.5 -2 0 0 846
3 2 18 5.5 -2 0 0 692
3 2 19 1.5 -2 0 0 681
3 2 20 1.5 -2 0 0 747
3 2 21 5.5 -2 0 0 701
3 2 22 1.5 -2 0 0 626
3 2 23 5.5 -2 0 0 760
3 2 24 1.5 -2 0 0 803
3 2 25 5.5 -2 0 0 721
3 2 26 5.5 -2 0 0 883
3 2 27 1.5 -2 0 0 715
3 2 28 5.5 -2 0 0 661
3 2 29 5.5 -2 0 0 839
3 2 30 1.5 -2 0 0 753
3 2 31 5.5 -2 0 0 677
3 2 32 5.5 -2 0 0 707
3 2 33 5.5 -2 0 0 758
3 2 34 1.5 -2 0 0 918
3 2 35 5.5 -2 0 0 729
3 2 36 1.5 -2 0 0 702
3 2 37 5.5 -2 0 0 867
3 2 38 5.5 -2 0 0 774
3 2 39 5.5 -2 0 0 886
3 2 40 1.5 -2 0 0 785
3 2 41 5.5 -2 0 0 691
3 2 42 5.5 -2 0 0 801
3 2 43 5.5 -2 0 0 926
3 2 44 1.5 -2 0 0 716
3 2 45 1.5 -2 0 0 741
3 2 46 1.5 -2 0 0 1052
3 2 47 1.5 -2 0 0 823
3 2 48 1.5 -2 0 0 829
3 2 49 1.5 -2 0 0 923
3 2 50 1.5 -2 0 0 770
3 2 51 1.5 -2 0 0 1220
3 2 52 1.5 -2 0 0 1006
3 2 53 1.5 -2 0 0 846
3 2 54 1.5 -2 0 0 802
3 2 55 1.5 -2 0 0 981
3 2 56 1.5 -2 0 0 980
3 2 57 1.5 -2 0 0 1085
3 2 58 1.5 -2 0 0 848
3 2 59 1.5 -2 0 0 1059
3 2 60 1.5 -2 0 0 844
3 2 61 1.5 -2 0 0 1321
3 2 62 1.5 -2 0 0 1165
3 2 63 1.5 -2 0 0 864
3 3 0 5.5 -2 0 0 1177
3 3 1 5.5 -2 0 0 1477
3 3 2 5.5 -2 0 0 1418
3 3 3 5.5 -2 0 0 1893
3 3 4 5.5 -2 0 0 1208
3 3 5 5.5 -2 0 0 1305
3 3 6 5.5 -2 0 0 1522
3 3 7 5.5 -2 0 0 2224
3 3 8 5.5 -2 0 0 1201
3 3 9 5.5 -2 0 0 1784
3 3 10 5.5 -2 0 0 2438
3 3 11 5.5 -2 0 0 1167
3 3 12 5.5 -2 0 0 1393
3 3 13 5.5 -2 0 0 1827
3 3 14 5.5 -2 0 0 1162
3 3 15 5.5 -2 0 0 1482
3 3 16 5.5 -2 0 0 2712
3 3 17 5.5 -2 0 0 1069
3 3 18 5.5 -2 0 0 1290
3 3 19 5.5 -2 0 0 1746
3 3 20 5.5 -2 0 0 993
3 3 21 5.5 -2 0 0 2009
3 3 22 5.5 -2 0 0 1668
3 3 23 5.5 -2 0 0 1156
3 3 24 5.5 -2 0 0 1129
3 3 25 5.5 -2 0 0 1562
3 3 26 5.5 -2 0 0 991
3 3 27 5.5 -2 0 0 1328
3 3 28 5.5 -2 0 0 1323
3 3 29 5.5 -2 0 0 1190
3 3 30 5.5 -2 0 0 1214
3 3 31 5.5 -2 0 0 1600
3 3 32 5.5 -2 0 0 1254
3 3 33 5.5 -2 0 0 1311
3 3 34 5.5 -2 0 0 873
3 3 35 5.5 -2 0 0 1222
3 3 36 5.5 -2 0 0 1160
3 3 37 5.5 -2 0 0 960
3 3 38 5.5 -2 0 0 1312
3 3 39 5.5 -2 0 0 794
3 3 40 5.5 -2 0 0 1069
3 3 41 5.5 -2 0 0 1144
3 3 42 5.5 -2 0 0 820
3 3 43 5.5 -2 0 0 793
3 3 44 5.5 -2 0 0 1172
3 3 45 5.5 -2 0 0 1043
3 3 46 5.5 -2 0 0 870
3 3 47 5.5 -2 0 0 1073
3 3 48 5.5 -2 0 0 957
3 3 49 5.5 -2 0 0 962
3 3 50 5.5 -2 0 0 911
3 3 51 5.5 -2 0 0 706
3 3 52 5.5 -2 0 0 887
3 3 53 5.5 -2 0 0 966
3 3 54 5.5 -2 0 0 1088
3 3 55 5.5 -2 0 0 856
3 3 56 5.5 -2 0 0 746
3 3 57 5.5 -2 0 0 880
3 3 58 5.5 -2 0 0 1006
3 3 59 1.5 -2 0 0 870
3 3 60 1.5 -2 0 0 966
3 3 61 1.5 -2 0 0 740
3 3 62 1.5 -2 0 0 842
3 3 63 1.5 -2 0 0 791
3 4 0 1.5 -2 0 0 1526
3 4 1 1.5 -2 0 0 1236
3 4 2 1.5 -2 0 0 1086
3 4 3 1.5 -2 0 0 733
3 4 4 1.5 -2 0 0 968
3 4 5 1.5 -2 0 0 936
3 4 6 1.5 -2 0 0 821
3 4 7 1.5 -2 0 0 698
3 4 8 1.5 -2 0 0 1084
3 4 9 1.5 -2 0 0 923
3 4 10 1.5 -2 0 0 875
3 4 11 1.5 -2 0 0 1113
3 4 12 1.5 -2 0 0 844
3 4 13 1.5 -2 0 0 791
3 4 14 5.5 -2 0 0 1318
3 4 15 1.5 -2 0 0 763
3 4 16 1.5 -2 0 0 734
3 4 17 1.5 -2 0 0 1148
3 4 18 1.5 -2 0 0 912
3 4 19 1.5 -2 0 0 870
3 4 20 1.5 -2 0 0 891
3 4 21 1.5 -2 0 0 802
3 4 22 1.5 -2 0 0 845
3 4 23 1.5 -2 0 0 1177
3 4 24 5.5 -2 0 0 1213
3 4 25 1.5 -2 0 0 850
3 4 26 5.5 -2 0 0 1505
3 4 27 1.5 -2 0 0 846
3 4 28 1.5 -2 0 0 769
3 4 29 1.5 -2 0 0 1280
3 4 30 1.5 -2 0 0 805
3 4 31 1.5 -2 0 0 750
3 4 32 1.5 -2 0 0 823
3 4 33 1.5 -2 0 0 875
3 4 34 1.5 -2 0 0 1519
3 4 35 1.5 -2 0 0 820
3 4 36 1.5 -2 0 0 961
3 4 37 1.5 -2 0 0 1121
3 4 38 1.5 -2 0 0 883
3 4 39 1.5 -2 0 0 978
3 4 40 1.5 -2 0 0 939
3 4 41 1.5 -2 0 0 785
3 4 42 1.5 -2 0 0 971
3 4 43 1.5 -2 0 0 1280
3 4 44 1.5 -2 0 0 884
3 4 45 1.5 -2 0 0 799
3 4 46 1.5 -2 0 0 1647
3 4 47 1.5 -2 0 0 838
3 4 48 1.5 -2 0 0 872
3 4 49 1.5 -2 0 0 1193
3 4 50 1.5 -2 0 0 903
3 4 51 1.5 -2 0 0 1319
3 4 52 1.5 -2 0 0 1262
3 4 53 1.5 -2 0 0 827
3 4 54 1.5 -2 0 0 838
3 4 55 1.5 -2 0 0 1290
3 4 56 1.5 -2 0 0 1076
3 4 57 1.5 -2 0 0 1339
3 4 58 1.5 -2 0 0 1017
3 4 59 1.5 -2 0 0 1432
3 4 60 1.5 -2 0 0 892
3 4 61 1.5 -2 0 0 1673
3 4 62 1.5 -2 0 0 1529
3 4 63 1.5 -2 0 0 1114
3 5 0 1.5 -2 0 0 1848
3 5 1 1.5 -2 0 0 1892
3 5 2 1.5 -2 0 0 2206
3 5 3 1.5 -2 0 0 2844
3 5 4 1.5 -2 0 0 2377
3 5 5 1.5 -2 0 0 2357
3 5 6 1.5 -2 0 0 2567
3 5 7 1.5 -2 0 0 3495
3 5 8 1.5 -2 0 0 2122
3 5 9 1.5 -2 0 0 3181
3 5 10 1.5 -2 0 0 3558
3 5 11 1.5 -2 0 0 2016
3 5 12 1.5 -2 0 0 2509
3 5 13 1.5 -2 0 0 3133
3 5 14 5.5 -2 0 0 1675
3 5 15 1.5 -2 0 0 2733
3 5 16 5.5 -2 0 0 4099
3 5 17 1.5 -2 0 0 1783
3 5 18 1.5 -2 0 0 2447
3 5 19 5.5 -2 0 0 3948
3 5 20 5.5 -2 0 0 2342
3 5 21 5.5 -2 0 0 2830
3 5 22 1.5 -2 0 0 3452
3 5 23 1.5 -2 0 0 1948
3 5 24 1.5 -2 0 0 1965
3 5 25 1.5 -2 0 0 3410
3 5 26 5.5 -2 0 0 1706
3 5 27 1.5 -2 0 0 2966
3 5 28 1.5 -2 0 0 2964
3 5 29 5.5 -2 0 0 1887
3 5 30 1.5 -2 0 0 2514
3 5 31 1.5 -2 0 0 3516
3 5 32 5.5 -2 0 0 2847
3 5 33 1.5 -2 0 0 2631
3 5 34 1.5 -2 0 0 1726
3 5 35 1.5 -2 0 0 3349
3 5 36 5.5 -2 0 0 2487
3 5 37 5.5 -2 0 0 1913
3 5 38 5.5 -2 0 0 3176
3 5 39 5.5 -2 0 0 2300
3 5 40 5.5 -2 0 0 2263
3 5 41 5.5 -2 0 0 2597
3 5 42 5.5 -2 0 0 2136
3 5 43 1.5 -2 0 0 1778
3 5 44 5.5 -2 0 0 2675
3 5 45 1.5 -2 0 0 2280
3 5 46 1.5 -2 0 0 1620
3 5 47 5.5 -2 0 0 3117
3 5 48 1.5 -2 0 0 2298
3 5 49 1.5 -2 0 0 1804
3 5 50 1.5 -2 0 0 2575
3 5 51 1.5 -2 0 0 1647
3 5 52 1.5 -2 0 0 1545
3 5 53 1.5 -2 0 0 2413
3 5 54 1.5 -2 0 0 2032
3 5 55 1.5 -2 0 0 1474
3 5 56 1.5 -2 0 0 1981
3 5 57 1.5 -2 0 0 1909
3 5 58 1.5 -2 0 0 1737
3 5 59 1.5 -2 0 0 1430
3 5 60 1.5 -2 0 0 2097
3 5 61 1.5 -2 0 0 1613
3 5 62 1.5 -2 0 0 1580
3 5 63 1.5 -2 0 0 1648
3 6 0 1.5 -2 0 0 1686
3 6 1 1.5 -2 0 0 1354
3 6 2 1.5 -2 0 0 1190
3 6 3 1.5 -2 0 0 863
3 6 4 1.5 -2 0 0 1003
3 6 5 1.5 -2 0 0 970
3 6 6 1.5 -2 0 0 1053
3 6 7 1.5 -2 0 0 847
3 6 8 1.5 -2 0 0 1172
3 6 9 1.5 -2 0 0 878
3 6 10 1.5 -2 0 0 880
3 6 11 1.5 -2 0 0 1070
3 6 12 1.5 -2 0 0 962
3 6 13 1.5 -2 0 0 778
3 6 14 5.5 -2 0 0 1639
3 6 15 1.5 -2 0 0 825
3 6 16 1.5 -2 0 0 944
3 6 17 1.5 -2 0 0 1302
3 6 18 1.5 -2 0 0 860
3 6 19 1.5 -2 0 0 855
3 6 20 5.5 -2 0 0 872
3 6 21 5.5 -2 0 0 989
3 6 22 1.5 -2 0 0 837
3 6 23 5.5 -2 0 0 1009
3 6 24 5.5 -2 0 0 1279
3 6 25 5.5 -2 0 0 880
3 6 26 5.5 -2 0 0 1378
3 6 27 5.5 -2 0 0 810
3 6 28 5.5 -2 0 0 797
3 6 29 1.5 -2 0 0 1157
3 6 30 5.5 -2 0 0 893
3 6 31 5.5 -2 0 0 835
3 6 32 1.5 -2 0 0 722
3 6 33 1.5 -2 0 0 784
3 6 34 1.5 -2 0 0 1383
3 6 35 1.5 -2 0 0 648
3 6 36 1.5 -2 0 0 797
3 6 37 1.5 -2 0 0 877
3 6 38 5.5 -2 0 0 758
3 6 39 1.5 -2 0 0 737
3 6 40 1.5 -2 0 0 854
3 6 41 1.5 -2 0 0 682
3 6 42 1.5 -2 0 0 886
3 6 43 1.5 -2 0 0 1086
3 6 44 1.5 -2 0 0 737
3 6 45 1.5 -2 0 0 813
3 6 46 5.5 -2 0 0 1301
3 6 47 1.5 -2 0 0 649
3 6 48 1.5 -2 0 0 876
3 6 49 1.5 -2 0 0 925
3 6 50 1.5 -2 0 0 737
3 6 51 1.5 -2 0 0 936
3 6 52 1.5 -2 0 0 912
3 6 53 1.5 -2 0 0 609
3 6 54 1.5 -2 0 0 711
3 6 55 1.5 -2 0 0 977
3 6 56 1.5 -2 0 0 747
3 6 57 1.5 -2 0 0 804
3 6 58 1.5 -2 0 0 821
3 6 59 1.5 -2 0 0 1219
3 6 60 1.5 -2 0 0 726
3 6 61 1.5 -2 0 0 1025
3 6 62 1.5 -2 0 0 1024
3 6 63 1.5 -2 0 0 874
3 7 0 1.5 -2 0 0 890
3 7 1 1.5 -2 0 0 1167
3 7 2 1.5 -2 0 0 993
3 7 3 1.5 -2 0 0 1936
3 7 4 1.5 -2 0 0 1379
3 7 5 1.5 -2 0 0 1248
3 7 6 5.5 -2 0 0 1371
3 7 7 1.5 -2 0 0 1924
3 7 8 1.5 -2 0 0 1210
3 7 9 1.5 -2 0 0 1363
3 7 10 1.5 -2 0 0 1509
3 7 11 1.5 -2 0 0 1221
3 7 12 1.5 -2 0 0 1433
3 7 13 1.5 -2 0 0 1810
3 7 14 1.5 -2 0 0 1092
3 7 15 1.5 -2 0 0 1553
3 7 16 1.5 -2 0 0 2077
3 7 17 1.5 -2 0 0 1059
3 7 18 1.5 -2 0 0 1527
3 7 19 5.5 -2 0 0 2668
3 7 20 5.5 -2 0 0 1909
3 7 21 5.5 -2 0 0 1535
3 7 22 5.5 -2 0 0 1747
3 7 23 1.5 -2 0 0 1421
3 7 24 5.5 -2 0 0 1275
3 7 25 5.5 -2 0 0 2415
3 7 26 5.5 -2 0 0 1299
3 7 27 1.5 -2 0 0 2118
3 7 28 5.5 -2 0 0 2347
3 7 29 1.5 -2 0 0 1262
3 7 30 5.5 -2 0 0 1682
3 7 31 5.5 -2 0 0 2849
3 7 32 5.5 -2 0 0 2322
3 7 33 5.5 -2 0 0 2083
3 7 34 5.5 -2 0 0 1466
3 7 35 1.5 -2 0 0 2970
3 7 36 5.5 -2 0 0 1941
3 7 37 1.5 -2 0 0 1596
3 7 38 5.5 -2 0 0 3179
3 7 39 1.5 -2 0 0 2782
3 7 40 1.5 -2 0 0 1639
3 7 41 1.5 -2 0 0 2651
3 7 42 5.5 -2 0 0 2073
3 7 43 1.5 -2 0 0 1348
3 7 44 5.5 -2 0 0 2845
3 7 45 1.5 -2 0 0 2380
3 7 46 5.5 -2 0 0 1291
3 7 47 1.5 -2 0 0 3834
3 7 48 5.5 -2 0 0 2146
3 7 49 1.5 -2 0 0 1605
3 7 50 1.5 -2 0 0 2405
3 7 51 1.5 -2 0 0 2056
3 7 52 1.5 -2 0 0 1585
3 7 53 1.5 -2 0 0 3419
3 7 54 1.5 -2 0 0 2234
3 7 55 1.5 -2 0 0 1543
3 7 56 1.5 -2 0 0 2202
3 7 57 1.5 -2 0 0 2056
3 7 58 1.5 -2 0 0 1978
3 7 59 1.5 -2 0 0 1688
3 7 60 1.5 -2 0 0 3063
3 7 61 1.5 -2 0 0 1649
3 7 62 1.5 -2 0 0 1547
3 7 63 1.5 -2 0 0 2209
3 8 0 1.5 -2 0 0 792
3 8 1 1.5 -2 0 0 787
3 8 2 1.5 -2 0 0 740
3 8 3 1.5 -2 0 0 699
3 8 4 1.5 -2 0 0 749
3 8 5 1.5 -2 0 0 814
3 8 6 1.5 -2 0 0 711
3 8 7 1.5 -2 0 0 692
3 8 8 1.5 -2 0 0 782
3 8 9 5.5 -2 0 0 794
3 8 10 5.5 -2 0 0 714
3 8 11 1.5 -2 0 0 777
3 8 12 1.5 -2 0 0 737
3 8 13 5.5 -2 0 0 736
3 8 14 5.5 -2 0 0 872
3 8 15 5.5 -2 0 0 778
3 8 16 5.5 -2 0 0 758
3 8 17 1.5 -2 0 0 810
3 8 18 5.5 -2 0 0 708
3 8 19 5.5 -2 0 0 797
3 8 20 5.5 -2 0 0 830
3 8 21 1.5 -2 0 0 733
3 8 22 5.5 -2 0 0 676
3 8 23 1.5 -2 0 0 859
3 8 24 1.5 -2 0 0 775
3 8 25 5.5 -2 0 0 840
3 8 26 5.5 -2 0 0 905
3 8 27 5.5 -2 0 0 786
3 8 28 5.5 -2 0 0 819
3 8 29 5.5 -2 0 0 843
3 8 30 5.5 -2 0 0 784
3 8 31 5.5 -2 0 0 871
3 8 32 1.5 -2 0 0 796
3 8 33 1.5 -2 0 0 775
3 8 34 5.5 -2 0 0 920
3 8 35 5.5 -2 0 0 911
3 8 36 5.5 -2 0 0 825
3 8 37 1.5 -2 0 0 909
3 8 38 1.5 -2 0 0 1085
3 8 39 5.5 -2 0 0 1177
3 8 40 5.5 -2 0 0 812
3 8 41 5.5 -2 0 0 919
3 8 42 1.5 -2 0 0 960
3 8 43 1.5 -2 0 0 962
3 8 44 5.5 -2 0 0 856
3 8 45 5.5 -2 0 0 869
3 8 46 1.5 -2 0 0 945
3 8 47 1.5 -2 0 0 1211
3 8 48 5.5 -2 0 0 970
3 8 49 1.5 -2 0 0 971
3 8 50 1.5 -2 0 0 966
3 8 51 1.5 -2 0 0 1228
3 8 52 1.5 -2 0 0 990
3 8 53 1.5 -2 0 0 1116
3 8 54 1.5 -2 0 0 1067
3 8 55 1.5 -2 0 0 1134
3 8 56 1.5 -2 0 0 1293
3 8 57 1.5 -2 0 0 1185
3 8 58 1.5 -2 0 0 965
3 8 59 1.5 -2 0 0 1016
3 8 60 1.5 -2 0 0 1111
3 8 61 1.5 -2 0 0 1300
3 8 62 1.5 -2 0 0 1168
3 8 63 1.5 -2 0 0 1060
3 9 0 1.5 -2 0 0 1188
3 9 1 1.5 -2 0 0 1049
3 9 2 1.5 -2 0 0 1223
3 9 3 1.5 -2 0 0 971
3 9 4 1.5 -2 0 0 759
3 9 5 1.5 -2 0 0 936
3 9 6 1.5 -2 0 0 1089
3 9 7 1.5 -2 0 0 823
3 9 8 1.5 -2 0 0 1132
3 9 9 1.5 -2 0 0 1197
3 9 10 1.5 -2 0 0 1017
3 9 11 1.5 -2 0 0 990
3 9 12 1.5 -2 0 0 866
3 9 13 1.5 -2 0 0 920
3 9 14 1.5 -2 0 0 1036
3 9 15 1.5 -2 0 0 838
3 9 16 1.5 -2 0 0 921
3 9 17 1.5 -2 0 0 928
3 9 18 5.5 -2 0 0 931
3 9 19 5.5 -2 0 0 878
3 9 20 1.5 -2 0 0 726
3 9 21 1.5 -2 0 0 1123
3 9 22 1.5 -2 0 0 871
3 9 23 5.5 -2 0 0 740
3 9 24 5.5 -2 0 0 1155
3 9 25 5.5 -2 0 0 700
3 9 26 1.5 -2 0 0 986
3 9 27 5.5 -2 0 0 757
3 9 28 5.5 -2 0 0 756
3 9 29 5.5 -2 0 0 807
3 9 30 5.5 -2 0 0 719
3 9 31 1.5 -2 0 0 709
3 9 32 1.5 -2 0 0 667
3 9 33 1.5 -2 0 0 697
3 9 34 1.5 -2 0 0 940
3 9 35 5.5 -2 0 0 726
3 9 36 5.5 -2 0 0 690
3 9 37 5.5 -2 0 0 534
3 9 38 1.5 -2 0 0 569
3 9 39 1.5 -2 0 0 626
3 9 40 5.5 -2 0 0 819
3 9 41 1.5 -2 0 0 578
3 9 42 1.5 -2 0 0 715
3 9 43 1.5 -2 0 0 841
3 9 44 1.5 -2 0 0 604
3 9 45 1.5 -2 0 0 788
3 9 46 1.5 -2 0 0 829
3 9 47 1.5 -2 0 0 633
3 9 48 1.5 -2 0 0 673
3 9 49 1.5 -2 0 0 745
3 9 50 1.5 -2 0 0 659
3 9 51 1.5 -2 0 0 749
3 9 52 1.5 -2 0 0 732
3 9 53 1.5 -2 0 0 776
3 9 54 1.5 -2 0 0 611
3 9 55 1.5 -2 0 0 780
3 9 56 1.5 -2 0 0 614
3 9 57 1.5 -2 0 0 651
3 9 58 1.5 -2 0 0 708
3 9 59 1.5 -2 0 0 768
3 9 60 1.5 -2 0 0 724
3 9 61 1.5 -2 0 0 623
3 9 62 1.5 -2 0 0 734
3 9 63 1.5 -2 0 0 632
3 10 0 1.5 -2 0 0 1528
3 10 1 1.5 -2 0 0 1460
3 10 2 1.5 -2 0 0 1372
3 10 3 1.5 -2 0 0 1443
3 10 4 1.5 -2 0 0 1359
3 10 5 1.5 -2 0 0 1371
3 10 6 1.5 -2 0 0 1257
3 10 7 1.5 -2 0 0 1353
3 10 8 1.5 -2 0 0 1281
3 10 9 1.5 -2 0 0 1125
3 10 10 1.5 -2 0 0 1096
3 10 11 1.5 -2 0 0 1519
3 10 12 1.5 -2 0 0 1172
3 10 13 1.5 -2 0 0 1310
3 10 14 1.5 -2 0 0 1686
3 10 15 1.5 -2 0 0 1381
3 10 16 1.5 -2 0 0 1124
3 10 17 1.5 -2 0 0 1599
3 10 18 1.5 -2 0 0 1474
3 10 19 1.5 -2 0 0 1611
3 10 20 1.5 -2 0 0 1859
3 10 21 1.5 -2 0 0 1163
3 10 22 1.5 -2 0 0 1123
3 10 23 1.5 -2 0 0 1746
3 10 24 1.5 -2 0 0 1387
3 10 25 1.5 -2 0 0 1400
3 10 26 1.5 -2 0 0 1662
3 10 27 1.5 -2 0 0 1444
3 10 28 1.5 -2 0 0 1374
3 10 29 1.5 -2 0 0 1853
3 10 30 1.5 -2 0 0 1481
3 10 31 1.5 -2 0 0 1923
3 10 32 1.5 -2 0 0 1819
3 10 33 1.5 -2 0 0 1545
3 10 34 1.5 -2 0 0 2100
3 10 35 1.5 -2 0 0 2280
3 10 36 1.5 -2 0 0 1972
3 10 37 1.5 -2 0 0 2196
3 10 38 1.5 -2 0 0 2029
3 10 39 1.5 -2 0 0 3316
3 10 40 1.5 -2 0 0 1852
3 10 41 1.5 -2 0 0 1647
3 10 42 1.5 -2 0 0 2401
3 10 43 1.5 -2 0 0 1958
3 10 44 1.5 -2 0 0 2044
3 10 45 1.5 -2 0 0 2213
3 10 46 1.5 -2 0 0 2163
3 10 47 1.5 -2 0 0 2580
3 10 48 1.5 -2 0 0 1863
3 10 49 1.5 -2 0 0 2468
3 10 50 1.5 -2 0 0 2507
3 10 51 1.5 -2 0 0 3273
3 10 52 1.5 -2 0 0 2269
3 10 53 1.5 -2 0 0 2478
3 10 54 1.5 -2 0 0 2134
3 10 55 1.5 -2 0 0 2615
3 10 56 1.5 -2 0 0 2959
3 10 57 1.5 -2 0 0 3048
3 10 58 1.5 -2 0 0 2415
3 10 59 1.5 -2 0 0 2443
3 10 60 1.5 -2 0 0 3041
3 10 61 1.5 -2 0 0 3385
3 10 62 1.5 -2 0 0 3195
3 10 63 1.5 -2 0 0 2362
3 11 0 1.5 -2 0 0 3371
3 11 1 1.5 -2 0 0 3725
3 11 2 1.5 -2 0 0 3115
3 11 3 1.5 -2 0 0 1978
3 11 4 1.5 -2 0 0 2096
3 11 5 1.5 -2 0 0 2234
3 11 6 5.5 -2 0 0 2964
3 11 7 1.5 -2 0 0 1840
3 11 8 1.5 -2 0 0 2501
3 11 9 1.5 -2 0 0 2597
3 11 10 1.5 -2 0 0 2367
3 11 11 1.5 -2 0 0 2129
3 11 12 1.5 -2 0 0 2291
3 11 13 5.5 -2 0 0 2016
3 11 14 1.5 -2 0 0 2561
3 11 15 5.5 -2 0 0 1850
3 11 16 1.5 -2 0 0 2387
3 11 17 5.5 -2 0 0 2317
3 11 18 1.5 -2 0 0 1975
3 11 19 1.5 -2 0 0 1791
3 11 20 5.5 -2 0 0 1755
3 11 21 5.5 -2 0 0 3370
3 11 22 5.5 -2 0 0 2474
3 11 23 5.5 -2 0 0 2285
3 11 24 5.5 -2 0 0 2526
3 11 25 5.5 -2 0 0 1544
3 11 26 5.5 -2 0 0 2701
3 11 27 5.5 -2 0 0 1702
3 11 28 5.5 -2 0 0 1458
3 11 29 5.5 -2 0 0 1974
3 11 30 5.5 -2 0 0 2035
3 11 31 5.5 -2 0 0 1516
3 11 32 5.5 -2 0 0 1322
3 11 33 5.5 -2 0 0 1306
3 11 34 5.5 -2 0 0 2471
3 11 35 5.5 -2 0 0 1048
3 11 36 5.5 -2 0 0 1414
3 11 37 1.5 -2 0 0 1659
3 11 38 5.5 -2 0 0 997
3 11 39 5.5 -2 0 0 1208
3 11 40 1.5 -2 0 0 1535
3 11 41 5.5 -2 0 0 1285
3 11 42 5.5 -2 0 0 1436
3 11 43 1.5 -2 0 0 1717
3 11 44 5.5 -2 0 0 1041
3 11 45 1.5 -2 0 0 1415
3 11 46 5.5 -2 0 0 2052
3 11 47 1.5 -2 0 0 900
3 11 48 1.5 -2 0 0 1266
3 11 49 5.5 -2 0 0 1478
3 11 50 1.5 -2 0 0 1394
3 11 51 1.5 -2 0 0 1197
3 11 52 5.5 -2 0 0 1533
3 11 53 1.5 -2 0 0 1069
3 11 54 1.5 -2 0 0 1155
3 11 55 1.5 -2 0 0 1422
3 11 56 1.5 -2 0 0 1227
3 11 57 1.5 -2 0 0 1244
3 11 58 1.5 -2 0 0 1211
3 11 59 1.5 -2 0 0 1581
3 11 60 1.5 -2 0 0 999
3 11 61 1.5 -2 0 0 1325
3 11 62 1.5 -2 0 0 1506
3 11 63 1.5 -2 0 0 1302
3 12 0 1.5 -2 0 0 4604
3 12 1 5.5 -2 0 0 4177
3 12 2 5.5 -2 0 0 4142
3 12 3 1.5 -2 0 0 3643
3 12 4 1.5 -2 0 0 4335
3 12 5 1.5 -2 0 0 4078
3 12 6 5.5 -2 0 0 3974
3 12 7 5.5 -2 0 0 3473
3 12 8 5.5 -2 0 0 4098
3 12 9 1.5 -2 0 0 3633
3 12 10 1.5 -2 0 0 3481
3 12 11 5.5 -2 0 0 4226
3 12 12 5.5 -2 0 0 3399
3 12 13 5.5 -2 0 0 3405
3 12 14 5.5 -2 0 0 4462
3 12 15 5.5 -2 0 0 3916
3 12 16 5.5 -2 0 0 3501
3 12 17 5.5 -2 0 0 4552
3 12 18 5.5 -2 0 0 4152
3 12 19 5.5 -2 0 0 3459
3 12 20 5.5 -2 0 0 4385
3 12 21 5.5 -2 0 0 3686
3 12 22 5.5 -2 0 0 2922
3 12 23 5.5 -2 0 0 4812
3 12 24 5.5 -2 0 0 4240
3 12 25 5.5 -2 0 0 4039
3 12 26 5.5 -2 0 0 4916
3 12 27 5.5 -2 0 0 3825
3 12 28 5.5 -2 0 0 3633
3 12 29 5.5 -2 0 0 4881
3 12 30 5.5 -2 0 0 4407
3 12 31 5.5 -2 0 0 4213
3 12 32 5.5 -2 0 0 3747
3 12 33 5.5 -2 0 0 4539
3 12 34 5.5 -2 0 0 5207
3 12 35 5.5 -2 0 0 4325
3 12 36 5.5 -2 0 0 4345
3 12 37 5.5 -2 0 0 4911
3 12 38 5.5 -2 0 0 4540
3 12 39 5.5 -2 0 0 5265
3 12 40 5.5 -2 0 0 4716
3 12 41 5.5 -2 0 0 4152
3 12 42 5.5 -2 0 0 4612
3 12 43 5.5 -2 0 0 5123
3 12 44 5.5 -2 0 0 4391
3 12 45 5.5 -2 0 0 4342
3 12 46 5.5 -2 0 0 5630
3 12 47 5.5 -2 0 0 4735
3 12 48 1.5 -2 0 0 4533
3 12 49 5.5 -2 0 0 4888
3 12 50 5.5 -2 0 0 4678
3 12 51 5.5 -2 0 0 5293
3 12 52 5.5 -2 0 0 5314
3 12 53 1.5 -2 0 0 4637
3 12 54 1.5 -2 0 0 5165
3 12 55 1.5 -2 0 0 5214
3 12 56 1.5 -2 0 0 5402
3 12 57 1.5 -2 0 0 5803
3 12 58 1.5 -2 0 0 4709
3 12 59 1.5 -2 0 0 5629
3 12 60 1.5 -2 0 0 4619
3 12 61 1.5 -2 0 0 6894
3 12 62 1.5 -2 0 0 5820
3 12 63 1.5 -2 0 0 5451
3 13 0 1.5 -2 0 0 6588
3 13 1 1.5 -2 0 0 5344
3 13 2 1.5 -2 0 0 5601
3 13 3 1.5 -2 0 0 4249
3 13 4 1.5 -2 0 0 4607
3 13 5 1.5 -2 0 0 5124
3 13 6 1.5 -2 0 0 4984
3 13 7 1.5 -2 0 0 3578
3 13 8 1.5 -2 0 0 5115
3 13 9 1.5 -2 0 0 4835
3 13 10 5.5 -2 0 0 4253
3 13 11 1.5 -2 0 0 4770
3 13 12 1.5 -2 0 0 4824
3 13 13 1.5 -2 0 0 3683
3 13 14 1.5 -2 0 0 5733
3 13 15 1.5 -2 0 0 4288
3 13 16 1.5 -2 0 0 3920
3 13 17 1.5 -2 0 0 5346
3 13 18 1.5 -2 0 0 4546
3 13 19 1.5 -2 0 0 3605
3 13 20 1.5 -2 0 0 4725
3 13 21 1.5 -2 0 0 5013
3 13 22 1.5 -2 0 0 3952
3 13 23 1.5 -2 0 0 4860
3 13 24 1.5 -2 0 0 5221
3 13 25 1.5 -2 0 0 3557
3 13 26 5.5 -2 0 0 5923
3 13 27 5.5 -2 0 0 4240
3 13 28 5.5 -2 0 0 3689
3 13 29 1.5 -2 0 0 5053
3 13 30 5.5 -2 0 0 4173
3 13 31 5.5 -2 0 0 3302
3 13 32 1.5 -2 0 0 3517
3 13 33 5.5 -2 0 0 3971
3 13 34 1.5 -2 0 0 5408
3 13 35 5.5 -2 0 0 3110
3 13 36 5.5 -2 0 0 4218
3 13 37 1.5 -2 0 0 4398
3 13 38 1.5 -2 0 0 2824
3 13 39 1.5 -2 0 0 3732
3 13 40 5.5 -2 0 0 4493
3 13 41 1.5 -2 0 0 3327
3 13 42 1.5 -2 0 0 4012
3 13 43 1.5 -2 0 0 4912
3 13 44 5.5 -2 0 0 3213
3 13 45 1.5 -2 0 0 3736
3 13 46 1.5 -2 0 0 5079
3 13 47 5.5 -2 0 0 2900
3 13 48 5.5 -2 0 0 3987
3 13 49 1.5 -2 0 0 4355
3 13 50 1.5 -2 0 0 3417
3 13 51 1.5 -2 0 0 4040
3 13 52 1.5 -2 0 0 4287
3 13 53 5.5 -2 0 0 3176
3 13 54 1.5 -2 0 0 3579
3 13 55 1.5 -2 0 0 3865
3 13 56 1.5 -2 0 0 3736
3 13 57 1.5 -2 0 0 4077
3 13 58 1.5 -2 0 0 3657
3 13 59 1.5 -2 0 0 4851
3 13 60 1.5 -2 0 0 3358
3 13 61 1.5 -2 0 0 4356
3 13 62 1.5 -2 0 0 4409
3 13 63 1.5 -2 0 0 3926
3 14 0 1.5 -2 0 0 5279
3 14 1 1.5 -2 0 0 5755
3 14 2 1.5 -2 0 0 4036
3 14 3 1.5 -2 0 0 4185
3 14 4 1.5 -2 0 0 2834
3 14 5 1.5 -2 0 0 3613
3 14 6 1.5 -2 0 0 5010
3 14 7 1.5 -2 0 0 2645
3 14 8 1.5 -2 0 0 3683
3 14 9 1.5 -2 0 0 4621
3 14 10 1.5 -2 0 0 2902
3 14 11 1.5 -2 0 0 4697
3 14 12 1.5 -2 0 0 4273
3 14 13 1.5 -2 0 0 3734
3 14 14 1.5 -2 0 0 5614
3 14 15 1.5 -2 0 0 2618
3 14 16 1.5 -2 0 0 4556
3 14 17 1.5 -2 0 0 3041
3 14 18 1.5 -2 0 0 4172
3 14 19 1.5 -2 0 0 2109
3 14 20 1.5 -2 0 0 4037
3 14 21 1.5 -2 0 0 4933
3 14 22 1.5 -2 0 0 2667
3 14 23 5.5 -2 0 0 4181
3 14 24 1.5 -2 0 0 3714
3 14 25 5.5 -2 0 0 3541
3 14 26 1.5 -2 0 0 5083
3 14 27 1.5 -2 0 0 2114
3 14 28 5.5 -2 0 0 1332
3 14 29 5.5 -2 0 0 4263
3 14 30 5.5 -2 0 0 2254
3 14 31 1.5 -2 0 0 1859
3 14 32 5.5 -2 0 0 3189
3 14 33 1.5 -2 0 0 2247
3 14 34 1.5 -2 0 0 2959
3 14 35 5.5 -2 0 0 2705
3 14 36 5.5 -2 0 0 3389
3 14 37 5.5 -2 0 0 3676
3 14 38 1.5 -2 0 0 2198
3 14 39 1.5 -2 0 0 2215
3 14 40 1.5 -2 0 0 2438
3 14 41 1.5 -2 0 0 2025
3 14 42 5.5 -2 0 0 3277
3 14 43 5.5 -2 0 0 3878
3 14 44 5.5 -2 0 0 2049
3 14 45 5.5 -2 0 0 2952
3 14 46 5.5 -2 0 0 2882
3 14 47 1.5 -2 0 0 2099
3 14 48 5.5 -2 0 0 3025
3 14 49 5.5 -2 0 0 3295
3 14 50 1.5 -2 0 0 2775
3 14 51 1.5 -2 0 0 2358
3 14 52 1.5 -2 0 0 3515
3 14 53 5.5 -2 0 0 2170
3 14 54 1.5 -2 0 0 2476
3 14 55 1.5 -2 0 0 3022
3 14 56 1.5 -2 0 0 2533
3 14 57 1.5 -2 0 0 2522
3 14 58 1.5 -2 0 0 2578
3 14 59 1.5 -2 0 0 3880
3 14 60 1.5 -2 0 0 2185
3 14 61 1.5 -2 0 0 2630
3 14 62 1.5 -2 0 0 3241
3 14 63 1.5 -2 0 0 2884
3 15 0 5.5 -2 0 0 2810
3 15 1 5.5 -2 0 0 2655
3 15 2 5.5 -2 0 0 2501
3 15 3 5.5 -2 0 0 2349
3 15 4 5.5 -2 0 0 240
3 15 5 0 -10 0 0 120
3 15 6 5.5 -2 0 0 2327
3 15 7 5.5 -2 0 0 2075
3 15 8 5.5 -2 0 0 3092
3 15 9 0 -10 0 0 0
3 15 10 5.5 -2 0 0 2100
3 15 11 5.5 -2 0 0 3335
3 15 12 5.5 -2 0 0 2864
3 15 13 5.5 -2 0 0 2709
3 15 14 5.5 -2 0 0 237
3 15 15 5.5 -2 0 0 3021
3 15 16 5.5 -2 0 0 1531
3 15 17 5.5 -2 0 0 3639
3 15 18 5.5 -2 0 0 3233
3 15 19 5.5 -2 0 0 2207
3 15 20 5.5 -2 0 0 3582
3 15 21 5.5 -2 0 0 2431
3 15 22 0 -10 0 0 3
3 15 23 5.5 -2 0 0 3692
3 15 24 5.5 -2 0 0 3200
3 15 25 5.5 -2 0 0 2744
3 15 26 5.5 -2 0 0 3666
3 15 27 5.5 -2 0 0 3246
3 15 28 5.5 -2 0 0 2036
3 15 29 5.5 -2 0 0 3884
3 15 30 5.5 -2 0 0 3406
3 15 31 5.5 -2 0 0 2802
3 15 32 5.5 -2 0 0 3148
3 15 33 5.5 -2 0 0 3628
3 15 34 5.5 -2 0 0 4250
3 15 35 5.5 -2 0 0 3175
3 15 36 5.5 -2 0 0 3851
3 15 37 5.5 -2 0 0 4219
3 15 38 5.5 -2 0 0 2852
3 15 39 5.5 -2 0 0 4828
3 15 40 5.5 -2 0 0 3171
3 15 41 5.5 -2 0 0 3466
3 15 42 5.5 -2 0 0 3633
3 15 43 5.5 -2 0 0 4349
3 15 44 5.5 -2 0 0 3868
3 15 45 5.5 -2 0 0 3288
3 15 46 5.5 -2 0 0 3759
3 15 47 5.5 -2 0 0 3688
3 15 48 5.5 -2 0 0 3420
3 15 49 5.5 -2 0 0 4560
3 15 50 5.5 -2 0 0 4122
3 15 51 5.5 -2 0 0 5620
3 15 52 5.5 -2 0 0 4246
3 15 53 5.5 -2 0 0 4295
3 15 54 5.5 -2 0 0 4451
3 15 55 5.5 -2 0 0 5082
3 15 56 5.5 -2 0 0 5165
3 15 57 5.5 -2 0 0 5609
3 15 58 5.5 -2 0 0 4742
3 15 59 5.5 -2 0 0 4311
3 15 60 5.5 -2 0 0 3882
3 15 61 5.5 -2 0 0 5567
3 15 62 5.5 -2 0 0 4827
3 15 63 1.5 -2 0 0 4158
4 0 0 1.5 -2 0 0 574
4 0 1 1.5 -2 0 0 553
4 0 2 2 -2 0 0 493
4 0 3 2 -2 0 0 406
4 0 4 1.5 -2 0 0 468
4 0 5 1.5 -2 0 0 494
4 0 6 1.5 -2 0 0 467
4 0 7 1.5 -2 0 0 517
4 0 8 1.5 -2 0 0 582
4 0 9 1.5 -2 0 0 567
4 0 10 1.5 -2 0 0 556
4 0 11 1.5 -2 0 0 446
4 0 12 1.5 -2 0 0 481
4 0 13 1.5 -2 0 0 467
4 0 14 1.5 -2 0 0 560
4 0 15 1.5 -2 0 0 447
4 0 16 1.5 -2 0 0 516
4 0 17 3 -2 0 0 464
4 0 18 1.5 -2 0 0 442
4 0 19 1.5 -2 0 0 406
4 0 20 1.5 -2 0 0 483
4 0 21 1.5 -2 0 0 537
4 0 22 1.5 -2 0 0 408
4 0 23 1.5 -2 0 0 595
4 0 24 1.5 -2 0 0 514
4 0 25 1.5 -2 0 0 605
4 0 26 1.5 -2 0 0 548
4 0 27 1.5 -2 0 0 404
4 0 28 1.5 -2 0 0 498
4 0 29 1.5 -2 0 0 601
4 0 30 1.5 -2 0 0 577
4 0 31 1.5 -2 0 0 543
4 0 32 1.5 -2 0 0 337
4 0 33 1.5 -2 0 0 463
4 0 34 1.5 -2 0 0 655
4 0 35 1.5 -2 0 0 577
4 0 36 1.5 -2 0 0 473
4 0 37 1.5 -2 0 0 559
4 0 38 1.5 -2 0 0 548
4 0 39 1.5 -2 0 0 704
4 0 40 1.5 -2 0 0 583
4 0 41 1.5 -2 0 0 452
4 0 42 1.5 -2 0 0 505
4 0 43 1.5 -2 0 0 511
4 0 44 2 -2 0 0 521
4 0 45 1.5 -2 0 0 592
4 0 46 1.5 -2 0 0 701
4 0 47 1.5 -2 0 0 633
4 0 48 1.5 -2 0 0 585
4 0 49 1.5 -2 0 0 582
4 0 50 1.5 -2 0 0 592
4 0 51 1.5 -2 0 0 757
4 0 52 1.5 -2 0 0 589
4 0 53 1.5 -2 0 0 666
4 0 54 1.5 -2 0 0 620
4 0 55 1.5 -2 0 0 653
4 0 56 1.5 -2 0 0 663
4 0 57 1.5 -2 0 0 688
4 0 58 1.5 -2 0 0 602
4 0 59 1.5 -2 0 0 653
4 0 60 1.5 -2 0 0 681
4 0 61 1.5 -2 0 0 801
4 0 62 1.5 -2 0 0 792
4 0 63 1.5 -2 0 0 630
4 1 0 1.5 -2 0 0 501
4 1 1 1.5 -2 0 0 792
4 1 2 1.5 -2 0 0 540
4 1 3 1.5 -2 0 0 832
4 1 4 1.5 -2 0 0 332
4 1 5 1.5 -2 0 0 421
4 1 6 1.5 -2 0 0 534
4 1 7 1.5 -2 0 0 436
4 1 8 1.5 -2 0 0 447
4 1 9 1.5 -2 0 0 897
4 1 10 1.5 -2 0 0 566
4 1 11 1.5 -2 0 0 699
4 1 12 1.5 -2 0 0 423
4 1 13 1.5 -2 0 0 323
4 1 14 1.5 -2 0 0 486
4 1 15 1.5 -2 0 0 427
4 1 16 5.5 -2 0 0 679
4 1 17 1.5 -2 0 0 723
4 1 18 1.5 -2 0 0 403
4 1 19 1.5 -2 0 0 453
4 1 20 1.5 -2 0 0 322
4 1 21 5.5 -2 0 0 923
4 1 22 1.5 -2 0 0 448
4 1 23 1.5 -2 0 0 346
4 1 24 1.5 -2 0 0 736
4 1 25 5.5 -2 0 0 806
4 1 26 1.5 -2 0 0 417
4 1 27 1.5 -2 0 0 711
4 1 28 1.5 -2 0 0 682
4 1 29 1.5 -2 0 0 303
4 1 30 1.5 -2 0 0 304
4 1 31 1.5 -2 0 0 758
4 1 32 5.5 -2 0 0 709
4 1 33 1.5 -2 0 0 630
4 1 34 5.5 -2 0 0 348
4 1 35 5.5 -2 0 0 740
4 1 36 5.5 -2 0 0 716
4 1 37 1.5 -2 0 0 377
4 1 38 1.5 -2 0 0 750
4 1 39 1.5 -2 0 0 602
4 1 40 1.5 -2 0 0 308
4 1 41 1.5 -2 0 0 311
4 1 42 1.5 -2 0 0 312
4 1 43 1.5 -2 0 0 330
4 1 44 1.5 -2 0 0 358
4 1 45 1.5 -2 0 0 666
4 1 46 1.5 -2 0 0 664
4 1 47 0 -10 0 0 0
4 1 48 1.5 -2 0 0 319
4 1 49 1.5 -2 0 0 323
4 1 50 1.5 -2 0 0 358
4 1 51 1.5 -2 0 0 437
4 1 52 1.5 -2 0 0 292
4 1 53 1.5 -2 0 0 637
4 1 54 1.5 -2 0 0 386
4 1 55 1.5 -2 0 0 360
4 1 56 1.5 -2 0 0 448
4 1 57 1.5 -2 0 0 419
4 1 58 1.5 -2 0 0 323
4 1 59 1.5 -2 0 0 601
4 1 60 1.5 -2 0 0 426
4 1 61 1.5 -2 0 0 599
4 1 62 1.5 -2 0 0 381
4 1 63 1.5 -2 0 0 305
4 2 0 1.5 -2 0 0 933
4 2 1 1.5 -2 0 0 808
4 2 2 1.5 -2 0 0 757
4 2 3 1.5 -2 0 0 678
4 2 4 1.5 -2 0 0 718
4 2 5 1.5 -2 0 0 739
4 2 6 1.5 -2 0 0 759
4 2 7 1.5 -2 0 0 625
4 2 8 1.5 -2 0 0 719
4 2 9 1.5 -2 0 0 694
4 2 10 1.5 -2 0 0 630
4 2 11 1.5 -2 0 0 763
4 2 12 1.5 -2 0 0 688
4 2 13 1.5 -2 0 0 651
4 2 14 1.5 -2 0 0 846
4 2 15 1.5 -2 0 0 721
4 2 16 1.5 -2 0 0 669
4 2 17 1.5 -2 0 0 856
4 2 18 1.5 -2 0 0 731
4 2 19 1.5 -2 0 0 658
4 2 20 1.5 -2 0 0 732
4 2 21 1.5 -2 0 0 725
4 2 22 2 -2 0 0 630
4 2 23 1.5 -2 0 0 789
4 2 24 1.5 -2 0 0 777
4 2 25 1.5 -2 0 0 730
4 2 26 1.5 -2 0 0 817
4 2 27 1.5 -2 0 0 694
4 2 28 1.5 -2 0 0 678
4 2 29 1.5 -2 0 0 794
4 2 30 1.5 -2 0 0 732
4 2 31 1.5 -2 0 0 683
4 2 32 3 -2 0 0 697
4 2 33 1.5 -2 0 0 757
4 2 34 1.5 -2 0 0 1020
4 2 35 1.5 -2 0 0 740
4 2 36 1.5 -2 0 0 765
4 2 37 1.5 -2 0 0 880
4 2 38 1.5 -2 0 0 793
4 2 39 1.5 -2 0 0 972
4 2 40 1.5 -2 0 0 797
4 2 41 2 -2 0 0 758
4 2 42 1.5 -2 0 0 863
4 2 43 1.5 -2 0 0 922
4 2 44 0 -10 0 0 25
4 2 45 1.5 -2 0 0 767
4 2 46 1.5 -2 0 0 999
4 2 47 1.5 -2 0 0 874
4 2 48 2 -2 0 0 812
4 2 49 1.5 -2 0 0 913
4 2 50 1.5 -2 0 0 834
4 2 51 1.5 -2 0 0 1273
4 2 52 1.5 -2 0 0 1034
4 2 53 1.5 -2 0 0 934
4 2 54 0 -10 0 0 63
4 2 55 0 -10 0 0 0
4 2 56 1.5 -2 0 0 840
4 2 57 1.5 -2 0 0 1153
4 2 58 1.5 -2 0 0 929
4 2 59 1.5 -2 0 0 1226
4 2 60 1.5 -2 0 0 903
4 2 61 1.5 -2 0 0 1450
4 2 62 0 -10 0 0 148
4 2 63 0 -10 0 0 106
4 3 0 1.5 -2 0 0 952
4 3 1 1.5 -2 0 0 652
4 3 2 1.5 -2 0 0 1470
4 3 3 1.5 -2 0 0 560
4 3 4 1.5 -2 0 0 1292
4 3 5 1.5 -2 0 0 464
4 3 6 1.5 -2 0 0 1446
4 3 7 1.5 -2 0 0 2121
4 3 8 1.5 -2 0 0 559
4 3 9 5.5 -2 0 0 848
4 3 10 1.5 -2 0 0 1050
4 3 11 1.5 -2 0 0 537
4 3 12 1.5 -2 0 0 593
4 3 13 1.5 -2 0 0 792
4 3 14 5.5 -2 0 0 522
4 3 15 5.5 -2 0 0 603
4 3 16 5.5 -2 0 0 2568
4 3 17 1.5 -2 0 0 582
4 3 18 1.5 -2 0 0 1431
4 3 19 5.5 -2 0 0 771
4 3 20 1.5 -2 0 0 1072
4 3 21 1.5 -2 0 0 1835
4 3 22 5.5 -2 0 0 644
4 3 23 5.5 -2 0 0 601
4 3 24 5.5 -2 0 0 511
4 3 25 1.5 -2 0 0 1661
4 3 26 5.5 -2 0 0 460
4 3 27 5.5 -2 0 0 750
4 3 28 5.5 -2 0 0 739
4 3 29 5.5 -2 0 0 1124
4 3 30 1.5 -2 0 0 699
4 3 31 5.5 -2 0 0 913
4 3 32 5.5 -2 0 0 1345
4 3 33 1.5 -2 0 0 782
4 3 34 5.5 -2 0 0 938
4 3 35 5.5 -2 0 0 761
4 3 36 1.5 -2 0 0 1050
4 3 37 5.5 -2 0 0 990
4 3 38 1.5 -2 0 0 715
4 3 39 5.5 -2 0 0 414
4 3 40 5.5 -2 0 0 1020
4 3 41 1.5 -2 0 0 730
4 3 42 1.5 -2 0 0 628
4 3 43 1.5 -2 0 0 671
4 3 44 1.5 -2 0 0 533
4 3 45 1.5 -2 0 0 667
4 3 46 1.5 -2 0 0 566
4 3 47 1.5 -2 0 0 633
4 3 48 1.5 -2 0 0 1015
4 3 49 1.5 -2 0 0 577
4 3 50 1.5 -2 0 0 517
4 3 51 1.5 -2 0 0 381
4 3 52 1.5 -2 0 0 867
4 3 53 1.5 -2 0 0 1000
4 3 54 1.5 -2 0 0 947
4 3 55 1.5 -2 0 0 771
4 3 56 1.5 -2 0 0 408
4 3 57 1.5 -2 0 0 823
4 3 58 1.5 -2 0 0 494
4 3 59 1.5 -2 0 0 512
4 3 60 1.5 -2 0 0 404
4 3 61 1.5 -2 0 0 420
4 3 62 1.5 -2 0 0 369
4 3 63 1.5 -2 0 0 838
4 4 0 1.5 -2 0 0 1255
4 4 1 1.5 -2 0 0 1137
4 4 2 1.5 -2 0 0 1029
4 4 3 1.5 -2 0 0 754
4 4 4 1.5 -2 0 0 953
4 4 5 1.5 -2 0 0 703
4 4 6 1.5 -2 0 0 493
4 4 7 1.5 -2 0 0 734
4 4 8 1.5 -2 0 0 544
4 4 9 1.5 -2 0 0 844
4 4 10 1.5 -2 0 0 777
4 4 11 1.5 -2 0 0 1008
4 4 12 1.5 -2 0 0 430
4 4 13 1.5 -2 0 0 700
4 4 14 5.5 -2 0 0 1378
4 4 15 5.5 -2 0 0 765
4 4 16 1.5 -2 0 0 802
4 4 17 1.5 -2 0 0 974
4 4 18 1.5 -2 0 0 830
4 4 19 1.5 -2 0 0 764
4 4 20 0 -10 0 0 10
4 4 21 1.5 -2 0 0 940
4 4 22 5.5 -2 0 0 788
4 4 23 1.5 -2 0 0 935
4 4 24 1.5 -2 0 0 1154
4 4 25 5.5 -2 0 0 762
4 4 26 5.5 -2 0 0 1401
4 4 27 1.5 -2 0 0 795
4 4 28 1.5 -2 0 0 789
4 4 29 1.5 -2 0 0 1268
4 4 30 1.5 -2 0 0 849
4 4 31 1.5 -2 0 0 796
4 4 32 5.5 -2 0 0 807
4 4 33 1.5 -2 0 0 822
4 4 34 1.5 -2 0 0 772
4 4 35 5.5 -2 0 0 887
4 4 36 1.5 -2 0 0 899
4 4 37 1.5 -2 0 0 1079
4 4 38 1.5 -2 0 0 802
4 4 39 1.5 -2 0 0 928
4 4 40 1.5 -2 0 0 946
4 4 41 1.5 -2 0 0 370
4 4 42 0 -10 0 0 36
4 4 43 1.5 -2 0 0 1181
4 4 44 1.5 -2 0 0 304
4 4 45 1.5 -2 0 0 275
4 4 46 1.5 -2 0 0 1552
4 4 47 0 -10 0 0 7
4 4 48 1.5 -2 0 0 517
4 4 49 1.5 -2 0 0 1171
4 4 50 1.5 -2 0 0 853
4 4 51 1.5 -2 0 0 1333
4 4 52 1.5 -2 0 0 1284
4 4 53 1.5 -2 0 0 860
4 4 54 1.5 -2 0 0 897
4 4 55 1.5 -2 0 0 656
4 4 56 1.5 -2 0 0 957
4 4 57 1.5 -2 0 0 1213
4 4 58 1.5 -2 0 0 971
4 4 59 1.5 -2 0 0 1501
4 4 60 1.5 -2 0 0 890
4 4 61 1.5 -2 0 0 1114
4 4 62 1.5 -2 0 0 1572
4 4 63 1.5 -2 0 0 1097
4 5 0 1.5 -2 0 0 1843
4 5 1 1.5 -2 0 0 2096
4 5 2 1.5 -2 0 0 2272
4 5 3 1.5 -2 0 0 3072
4 5 4 1.5 -2 0 0 2365
4 5 5 1.5 -2 0 0 2418
4 5 6 1.5 -2 0 0 2572
4 5 7 0 -10 0 0 95
4 5 8 1.5 -2 0 0 2208
4 5 9 1.5 -2 0 0 3306
4 5 10 2 -2 0 0 721
4 5 11 1.5 -2 0 0 2144
4 5 12 1.5 -2 0 0 2783
4 5 13 0 -10 0 0 171
4 5 14 1.5 -2 0 0 1856
4 5 15 1.5 -2 0 0 3011
4 5 16 1.5 -2 0 0 4480
4 5 17 1.5 -2 0 0 1950
4 5 18 1.5 -2 0 0 2710
4 5 19 1.5 -2 0 0 4412
4 5 20 1.5 -2 0 0 2337
4 5 21 1.5 -2 0 0 2850
4 5 22 1.5 -2 0 0 3541
4 5 23 1.5 -2 0 0 2141
4 5 24 0 -10 0 0 78
4 5 25 0 -10 0 0 98
4 5 26 1.5 -2 0 0 1814
4 5 27 1.5 -2 0 0 2962
4 5 28 1.5 -2 0 0 3528
4 5 29 0 -10 0 0 126
4 5 30 1.5 -2 0 0 2635
4 5 31 1.5 -2 0 0 3946
4 5 32 0 -10 0 0 47
4 5 33 1.5 -2 0 0 2782
4 5 34 1.5 -2 0 0 1676
4 5 35 1.5 -2 0 0 3472
4 5 36 1.5 -2 0 0 2465
4 5 37 5.5 -2 0 0 1940
4 5 38 1.5 -2 0 0 3284
4 5 39 1.5 -2 0 0 2266
4 5 40 1.5 -2 0 0 2266
4 5 41 1.5 -2 0 0 3044
4 5 42 1.5 -2 0 0 2103
4 5 43 1.5 -2 0 0 1820
4 5 44 2 -2 0 0 1744
4 5 45 1.5 -2 0 0 2542
4 5 46 1.5 -2 0 0 1660
4 5 47 1.5 -2 0 0 3184
4 5 48 1.5 -2 0 0 2263
4 5 49 1.5 -2 0 0 1843
4 5 50 1.5 -2 0 0 2457
4 5 51 1.5 -2 0 0 1671
4 5 52 1.5 -2 0 0 1668
4 5 53 1.5 -2 0 0 2652
4 5 54 1.5 -2 0 0 1966
4 5 55 1.5 -2 0 0 1596
4 5 56 1.5 -2 0 0 1963
4 5 57 1.5 -2 0 0 1884
4 5 58 1.5 -2 0 0 2005
4 5 59 1.5 -2 0 0 1600
4 5 60 1.5 -2 0 0 2448
4 5 61 1.5 -2 0 0 1664
4 5 62 1.5 -2 0 0 1598
4 5 63 1.5 -2 0 0 1715
4 6 0 1.5 -2 0 0 1767
4 6 1 1.5 -2 0 0 1357
4 6 2 1.5 -2 0 0 1228
4 6 3 1.5 -2 0 0 841
4 6 4 1.5 -2 0 0 943
4 6 5 1.5 -2 0 0 1012
4 6 6 1.5 -2 0 0 1080
4 6 7 1.5 -2 0 0 881
4 6 8 1.5 -2 0 0 1140
4 6 9 1.5 -2 0 0 936
4 6 10 1.5 -2 0 0 887
4 6 11 1.5 -2 0 0 1055
4 6 12 1.5 -2 0 0 960
4 6 13 1.5 -2 0 0 812
4 6 14 1.5 -2 0 0 1606
4 6 15 1.5 -2 0 0 884
4 6 16 1.5 -2 0 0 911
4 6 17 1.5 -2 0 0 1305
4 6 18 1.5 -2 0 0 866
4 6 19 1.5 -2 0 0 869
4 6 20 1.5 -2 0 0 941
4 6 21 1.5 -2 0 0 1054
4 6 22 1.5 -2 0 0 855
4 6 23 1.5 -2 0 0 988
4 6 24 1.5 -2 0 0 1287
4 6 25 1.5 -2 0 0 863
4 6 26 1.5 -2 0 0 1449
4 6 27 1.5 -2 0 0 869
4 6 28 1.5 -2 0 0 770
4 6 29 1.5 -2 0 0 1198
4 6 30 1.5 -2 0 0 914
4 6 31 1.5 -2 0 0 796
4 6 32 1.5 -2 0 0 814
4 6 33 1.5 -2 0 0 678
4 6 34 1.5 -2 0 0 1419
4 6 35 1.5 -2 0 0 758
4 6 36 1.5 -2 0 0 875
4 6 37 1.5 -2 0 0 998
4 6 38 1.5 -2 0 0 760
4 6 39 1.5 -2 0 0 809
4 6 40 0 -10 0 0 79
4 6 41 1.5 -2 0 0 765
4 6 42 1.5 -2 0 0 976
4 6 43 1.5 -2 0 0 1092
4 6 44 1.5 -2 0 0 752
4 6 45 1.5 -2 0 0 850
4 6 46 1.5 -2 0 0 1346
4 6 47 1.5 -2 0 0 616
4 6 48 0 -10 0 0 53
4 6 49 0 -10 0 0 45
4 6 50 0 -10 0 0 11
4 6 51 1.5 -2 0 0 1013
4 6 52 1.5 -2 0 0 1116
4 6 53 1.5 -2 0 0 712
4 6 54 1.5 -2 0 0 826
4 6 55 1.5 -2 0 0 996
4 6 56 1.5 -2 0 0 798
4 6 57 1.5 -2 0 0 937
4 6 58 0 -10 0 0 29
4 6 59 0 -10 0 0 103
4 6 60 1.5 -2 0 0 802
4 6 61 1.5 -2 0 0 1121
4 6 62 1.5 -2 0 0 1056
4 6 63 1.5 -2 0 0 909
4 7 0 1.5 -2 0 0 1162
4 7 1 1.5 -2 0 0 1237
4 7 2 1.5 -2 0 0 1354
4 7 3 1.5 -2 0 0 1993
4 7 4 0 -10 0 0 131
4 7 5 1.5 -2 0 0 1709
4 7 6 1.5 -2 0 0 1441
4 7 7 1.5 -2 0 0 2481
4 7 8 0 -10 0 0 55
4 7 9 1.5 -2 0 0 1648
4 7 10 1.5 -2 0 0 1899
4 7 11 1.5 -2 0 0 1646
4 7 12 0 -10 0 0 87
4 7 13 1.5 -2 0 0 2334
4 7 14 0 -10 0 0 62
4 7 15 1.5 -2 0 0 2136
4 7 16 1.5 -2 0 0 2223
4 7 17 1.5 -2 0 0 1344
4 7 18 1.5 -2 0 0 2001
4 7 19 1.5 -2 0 0 2789
4 7 20 1.5 -2 0 0 1920
4 7 21 1.5 -2 0 0 1673
4 7 22 1.5 -2 0 0 2010
4 7 23 5.5 -2 0 0 1691
4 7 24 1.5 -2 0 0 1362
4 7 25 5.5 -2 0 0 2957
4 7 26 5.5 -2 0 0 1457
4 7 27 5.5 -2 0 0 2375
4 7 28 1.5 -2 0 0 2668
4 7 29 5.5 -2 0 0 1510
4 7 30 1.5 -2 0 0 2075
4 7 31 1.5 -2 0 0 3330
4 7 32 1.5 -2 0 0 2727
4 7 33 1.5 -2 0 0 2301
4 7 34 1.5 -2 0 0 1437
4 7 35 1.5 -2 0 0 3526
4 7 36 1.5 -2 0 0 2276
4 7 37 5.5 -2 0 0 1819
4 7 38 1.5 -2 0 0 3789
4 7 39 1.5 -2 0 0 2736
4 7 40 1.5 -2 0 0 1969
4 7 41 1.5 -2 0 0 2911
4 7 42 1.5 -2 0 0 2141
4 7 43 1.5 -2 0 0 1579
4 7 44 5.5 -2 0 0 3163
4 7 45 1.5 -2 0 0 2651
4 7 46 5.5 -2 0 0 1515
4 7 47 1.5 -2 0 0 4203
4 7 48 3 -2 0 0 2347
4 7 49 1.5 -2 0 0 1890
4 7 50 1.5 -2 0 0 2753
4 7 51 1.5 -2 0 0 2029
4 7 52 1.5 -2 0 0 1734
4 7 53 1.5 -2 0 0 3385
4 7 54 1.5 -2 0 0 2584
4 7 55 1.5 -2 0 0 1762
4 7 56 1.5 -2 0 0 2514
4 7 57 1.5 -2 0 0 2264
4 7 58 1.5 -2 0 0 2218
4 7 59 1.5 -2 0 0 1686
4 7 60 1.5 -2 0 0 3180
4 7 61 1.5 -2 0 0 1816
4 7 62 1.5 -2 0 0 1690
4 7 63 1.5 -2 0 0 2176
4 8 0 1.5 -2 0 0 829
4 8 1 1.5 -2 0 0 464
4 8 2 1.5 -2 0 0 748
4 8 3 1.5 -2 0 0 680
4 8 4 1.5 -2 0 0 772
4 8 5 1.5 -2 0 0 442
4 8 6 1.5 -2 0 0 694
4 8 7 1.5 -2 0 0 661
4 8 8 1.5 -2 0 0 471
4 8 9 1.5 -2 0 0 711
4 8 10 1.5 -2 0 0 492
4 8 11 1.5 -2 0 0 731
4 8 12 1.5 -2 0 0 434
4 8 13 1.5 -2 0 0 753
4 8 14 1.5 -2 0 0 834
4 8 15 1.5 -2 0 0 533
4 8 16 5.5 -2 0 0 735
4 8 17 1.5 -2 0 0 766
4 8 18 1.5 -2 0 0 679
4 8 19 1.5 -2 0 0 622
4 8 20 1.5 -2 0 0 575
4 8 21 1.5 -2 0 0 736
4 8 22 1.5 -2 0 0 363
4 8 23 1.5 -2 0 0 673
4 8 24 5.5 -2 0 0 791
4 8 25 5.5 -2 0 0 830
4 8 26 1.5 -2 0 0 680
4 8 27 1.5 -2 0 0 551
4 8 28 1.5 -2 0 0 804
4 8 29 1.5 -2 0 0 887
4 8 30 1.5 -2 0 0 791
4 8 31 1.5 -2 0 0 641
4 8 32 1.5 -2 0 0 673
4 8 33 1.5 -2 0 0 599
4 8 34 1.5 -2 0 0 688
4 8 35 1.5 -2 0 0 679
4 8 36 1.5 -2 0 0 841
4 8 37 1.5 -2 0 0 882
4 8 38 1.5 -2 0 0 948
4 8 39 1.5 -2 0 0 936
4 8 40 1.5 -2 0 0 581
4 8 41 1.5 -2 0 0 692
4 8 42 1.5 -2 0 0 975
4 8 43 1.5 -2 0 0 727
4 8 44 1.5 -2 0 0 942
4 8 45 1.5 -2 0 0 732
4 8 46 1.5 -2 0 0 711
4 8 47 1.5 -2 0 0 1195
4 8 48 1.5 -2 0 0 763
4 8 49 1.5 -2 0 0 758
4 8 50 1.5 -2 0 0 811
4 8 51 1.5 -2 0 0 1075
4 8 52 1.5 -2 0 0 974
4 8 53 1.5 -2 0 0 1119
4 8 54 1.5 -2 0 0 1022
4 8 55 1.5 -2 0 0 1117
4 8 56 1.5 -2 0 0 1037
4 8 57 1.5 -2 0 0 1213
4 8 58 1.5 -2 0 0 1001
4 8 59 1.5 -2 0 0 1019
4 8 60 1.5 -2 0 0 1005
4 8 61 1.5 -2 0 0 1373
4 8 62 1.5 -2 0 0 1035
4 8 63 1.5 -2 0 0 1003
4 9 0 1.5 -2 0 0 1304
4 9 1 5.5 -2 0 0 1325
4 9 2 5.5 -2 0 0 1085
4 9 3 1.5 -2 0 0 1068
4 9 4 1.5 -2 0 0 874
4 9 5 1.5 -2 0 0 976
4 9 6 5.5 -2 0 0 1138
4 9 7 5.5 -2 0 0 1041
4 9 8 5.5 -2 0 0 990
4 9 9 5.5 -2 0 0 1190
4 9 10 1.5 -2 0 0 989
4 9 11 1.5 -2 0 0 853
4 9 12 5.5 -2 0 0 849
4 9 13 1.5 -2 0 0 741
4 9 14 1.5 -2 0 0 1227
4 9 15 5.5 -2 0 0 946
4 9 16 5.5 -2 0 0 1139
4 9 17 5.5 -2 0 0 978
4 9 18 5.5 -2 0 0 801
4 9 19 5.5 -2 0 0 969
4 9 20 5.5 -2 0 0 745
4 9 21 5.5 -2 0 0 1260
4 9 22 5.5 -2 0 0 1017
4 9 23 5.5 -2 0 0 801
4 9 24 5.5 -2 0 0 1073
4 9 25 5.5 -2 0 0 708
4 9 26 5.5 -2 0 0 809
4 9 27 5.5 -2 0 0 743
4 9 28 5.5 -2 0 0 756
4 9 29 5.5 -2 0 0 951
4 9 30 1.5 -2 0 0 730
4 9 31 5.5 -2 0 0 622
4 9 32 5.5 -2 0 0 830
4 9 33 5.5 -2 0 0 733
4 9 34 5.5 -2 0 0 905
4 9 35 5.5 -2 0 0 828
4 9 36 5.5 -2 0 0 689
4 9 37 5.5 -2 0 0 698
4 9 38 5.5 -2 0 0 788
4 9 39 1.5 -2 0 0 593
4 9 40 5.5 -2 0 0 734
4 9 41 5.5 -2 0 0 589
4 9 42 5.5 -2 0 0 821
4 9 43 1.5 -2 0 0 753
4 9 44 1.5 -2 0 0 554
4 9 45 5.5 -2 0 0 586
4 9 46 5.5 -2 0 0 812
4 9 47 5.5 -2 0 0 774
4 9 48 5.5 -2 0 0 779
4 9 49 1.5 -2 0 0 734
4 9 50 1.5 -2 0 0 749
4 9 51 1.5 -2 0 0 726
4 9 52 1.5 -2 0 0 856
4 9 53 1.5 -2 0 0 763
4 9 54 1.5 -2 0 0 541
4 9 55 1.5 -2 0 0 745
4 9 56 0 -10 0 0 12
4 9 57 1.5 -2 0 0 782
4 9 58 1.5 -2 0 0 559
4 9 59 1.5 -2 0 0 901
4 9 60 1.5 -2 0 0 750
4 9 61 1.5 -2 0 0 814
4 9 62 1.5 -2 0 0 817
4 9 63 1.5 -2 0 0 750
4 10 0 1.5 -2 0 0 1570
4 10 1 1.5 -2 0 0 1462
4 10 2 1.5 -2 0 0 1410
4 10 3 1.5 -2 0 0 1385
4 10 4 1.5 -2 0 0 1694
4 10 5 1.5 -2 0 0 1562
4 10 6 1.5 -2 0 0 1373
4 10 7 1.5 -2 0 0 1354
4 10 8 1.5 -2 0 0 1487
4 10 9 1.5 -2 0 0 1342
4 10 10 1.5 -2 0 0 1274
4 10 11 1.5 -2 0 0 1687
4 10 12 1.5 -2 0 0 1434
4 10 13 1.5 -2 0 0 1444
4 10 14 1.5 -2 0 0 1733
4 10 15 1.5 -2 0 0 1575
4 10 16 1.5 -2 0 0 1356
4 10 17 1.5 -2 0 0 1731
4 10 18 1.5 -2 0 0 1619
4 10 19 1.5 -2 0 0 1626
4 10 20 1.5 -2 0 0 1840
4 10 21 1.5 -2 0 0 1305
4 10 22 1.5 -2 0 0 1327
4 10 23 1.5 -2 0 0 1926
4 10 24 1.5 -2 0 0 1507
4 10 25 1.5 -2 0 0 1751
4 10 26 1.5 -2 0 0 1874
4 10 27 1.5 -2 0 0 1810
4 10 28 1.5 -2 0 0 1694
4 10 29 1.5 -2 0 0 1950
4 10 30 1.5 -2 0 0 1820
4 10 31 1.5 -2 0 0 1925
4 10 32 1.5 -2 0 0 1811
4 10 33 1.5 -2 0 0 1923
4 10 34 1.5 -2 0 0 2086
4 10 35 1.5 -2 0 0 2265
4 10 36 1.5 -2 0 0 1980
4 10 37 1.5 -2 0 0 2199
4 10 38 1.5 -2 0 0 2548
4 10 39 1.5 -2 0 0 3381
4 10 40 1.5 -2 0 0 2108
4 10 41 1.5 -2 0 0 2086
4 10 42 1.5 -2 0 0 2447
4 10 43 1.5 -2 0 0 2274
4 10 44 1.5 -2 0 0 2379
4 10 45 1.5 -2 0 0 2157
4 10 46 1.5 -2 0 0 2474
4 10 47 1.5 -2 0 0 3175
4 10 48 1.5 -2 0 0 2382
4 10 49 1.5 -2 0 0 2475
4 10 50 1.5 -2 0 0 2528
4 10 51 1.5 -2 0 0 3846
4 10 52 1.5 -2 0 0 2532
4 10 53 1.5 -2 0 0 3113
4 10 54 1.5 -2 0 0 2546
4 10 55 1.5 -2 0 0 3068
4 10 56 1.5 -2 0 0 3558
4 10 57 1.5 -2 0 0 3672
4 10 58 1.5 -2 0 0 2795
4 10 59 1.5 -2 0 0 2817
4 10 60 1.5 -2 0 0 3295
4 10 61 1.5 -2 0 0 4304
4 10 62 1.5 -2 0 0 3193
4 10 63 1.5 -2 0 0 2791
4 11 0 1.5 -2 0 0 4179
4 11 1 1.5 -2 0 0 3871
4 11 2 1.5 -2 0 0 3835
4 11 3 1.5 -2 0 0 2455
4 11 4 1.5 -2 0 0 2446
4 11 5 1.5 -2 0 0 2731
4 11 6 1.5 -2 0 0 3289
4 11 7 1.5 -2 0 0 2158
4 11 8 1.5 -2 0 0 2826
4 11 9 1.5 -2 0 0 3209
4 11 10 1.5 -2 0 0 2591
4 11 11 1.5 -2 0 0 2389
4 11 12 1.5 -2 0 0 2690
4 11 13 1.5 -2 0 0 1998
4 11 14 1.5 -2 0 0 3274
4 11 15 1.5 -2 0 0 2233
4 11 16 1.5 -2 0 0 2496
4 11 17 1.5 -2 0 0 2583
4 11 18 1.5 -2 0 0 2268
4 11 19 1.5 -2 0 0 1868
4 11 20 1.5 -2 0 0 1890
4 11 21 5.5 -2 0 0 3500
4 11 22 1.5 -2 0 0 2368
4 11 23 1.5 -2 0 0 2259
4 11 24 1.5 -2 0 0 2997
4 11 25 1.5 -2 0 0 1506
4 11 26 1.5 -2 0 0 2698
4 11 27 5.5 -2 0 0 1879
4 11 28 1.5 -2 0 0 1875
4 11 29 1.5 -2 0 0 2243
4 11 30 1.5 -2 0 0 1973
4 11 31 1.5 -2 0 0 1449
4 11 32 1.5 -2 0 0 1461
4 11 33 1.5 -2 0 0 1549
4 11 34 1.5 -2 0 0 2398
4 11 35 5.5 -2 0 0 1269
4 11 36 1.5 -2 0 0 1606
4 11 37 1.5 -2 0 0 1814
4 11 38 1.5 -2 0 0 1188
4 11 39 1.5 -2 0 0 1357
4 11 40 1.5 -2 0 0 1871
4 11 41 1.5 -2 0 0 1460
4 11 42 1.5 -2 0 0 1448
4 11 43 1.5 -2 0 0 1917
4 11 44 1.5 -2 0 0 1241
4 11 45 1.5 -2 0 0 1416
4 11 46 1.5 -2 0 0 2068
4 11 47 1.5 -2 0 0 1212
4 11 48 1.5 -2 0 0 1487
4 11 49 1.5 -2 0 0 1572
4 11 50 1.5 -2 0 0 1303
4 11 51 1.5 -2 0 0 1373
4 11 52 1.5 -2 0 0 1726
4 11 53 1.5 -2 0 0 1081
4 11 54 1.5 -2 0 0 1251
4 11 55 1.5 -2 0 0 1556
4 11 56 1.5 -2 0 0 1254
4 11 57 1.5 -2 0 0 1399
4 11 58 1.5 -2 0 0 1436
4 11 59 1.5 -2 0 0 1802
4 11 60 1.5 -2 0 0 1364
4 11 61 1.5 -2 0 0 1414
4 11 62 1.5 -2 0 0 1646
4 11 63 1.5 -2 0 0 1509
4 12 0 1.5 -2 0 0 4151
4 12 1 1.5 -2 0 0 4183
4 12 2 1.5 -2 0 0 3975
4 12 3 1.5 -2 0 0 3282
4 12 4 1.5 -2 0 0 4174
4 12 5 1.5 -2 0 0 3764
4 12 6 1.5 -2 0 0 3870
4 12 7 1.5 -2 0 0 2997
4 12 8 1.5 -2 0 0 3936
4 12 9 1.5 -2 0 0 3355
4 12 10 1.5 -2 0 0 3197
4 12 11 1.5 -2 0 0 4384
4 12 12 1.5 -2 0 0 3560
4 12 13 1.5 -2 0 0 3332
4 12 14 1.5 -2 0 0 4233
4 12 15 1.5 -2 0 0 3700
4 12 16 1.5 -2 0 0 3431
4 12 17 1.5 -2 0 0 4236
4 12 18 1.5 -2 0 0 3882
4 12 19 1.5 -2 0 0 3390
4 12 20 1.5 -2 0 0 4431
4 12 21 1.5 -2 0 0 3624
4 12 22 1.5 -2 0 0 3154
4 12 23 1.5 -2 0 0 4328
4 12 24 1.5 -2 0 0 4089
4 12 25 1.5 -2 0 0 3930
4 12 26 1.5 -2 0 0 4642
4 12 27 1.5 -2 0 0 3766
4 12 28 1.5 -2 0 0 3595
4 12 29 1.5 -2 0 0 4478
4 12 30 1.5 -2 0 0 4170
4 12 31 1.5 -2 0 0 4210
4 12 32 1.5 -2 0 0 3635
4 12 33 1.5 -2 0 0 4192
4 12 34 5.5 -2 0 0 5284
4 12 35 1.5 -2 0 0 4047
4 12 36 1.5 -2 0 0 4177
4 12 37 1.5 -2 0 0 4876
4 12 38 5.5 -2 0 0 4555
4 12 39 5.5 -2 0 0 5374
4 12 40 1.5 -2 0 0 4510
4 12 41 1.5 -2 0 0 4049
4 12 42 1.5 -2 0 0 4584
4 12 43 1.5 -2 0 0 4907
4 12 44 1.5 -2 0 0 3809
4 12 45 1.5 -2 0 0 4378
4 12 46 1.5 -2 0 0 5500
4 12 47 1.5 -2 0 0 4414
4 12 48 1.5 -2 0 0 4768
4 12 49 1.5 -2 0 0 5159
4 12 50 1.5 -2 0 0 4726
4 12 51 1.5 -2 0 0 5679
4 12 52 1.5 -2 0 0 5455
4 12 53 1.5 -2 0 0 4181
4 12 54 1.5 -2 0 0 4725
4 12 55 1.5 -2 0 0 5304
4 12 56 1.5 -2 0 0 5098
4 12 57 1.5 -2 0 0 5448
4 12 58 1.5 -2 0 0 4736
4 12 59 1.5 -2 0 0 5481
4 12 60 1.5 -2 0 0 4517
4 12 61 1.5 -2 0 0 6526
4 12 62 1.5 -2 0 0 5944
4 12 63 1.5 -2 0 0 5166
4 13 0 1.5 -2 0 0 6235
4 13 1 1.5 -2 0 0 5452
4 13 2 1.5 -2 0 0 5093
4 13 3 1.5 -2 0 0 4314
4 13 4 1.5 -2 0 0 4573
4 13 5 1.5 -2 0 0 5108
4 13 6 1.5 -2 0 0 5293
4 13 7 1.5 -2 0 0 3212
4 13 8 1.5 -2 0 0 5127
4 13 9 1.5 -2 0 0 4146
4 13 10 1.5 -2 0 0 3748
4 13 11 1.5 -2 0 0 4856
4 13 12 1.5 -2 0 0 4671
4 13 13 1.5 -2 0 0 3649
4 13 14 1.5 -2 0 0 5588
4 13 15 1.5 -2 0 0 3895
4 13 16 1.5 -2 0 0 3644
4 13 17 1.5 -2 0 0 5075
4 13 18 1.5 -2 0 0 4189
4 13 19 1.5 -2 0 0 3663
4 13 20 1.5 -2 0 0 4483
4 13 21 1.5 -2 0 0 4843
4 13 22 1.5 -2 0 0 3768
4 13 23 5.5 -2 0 0 4425
4 13 24 1.5 -2 0 0 5460
4 13 25 1.5 -2 0 0 3615
4 13 26 1.5 -2 0 0 5485
4 13 27 1.5 -2 0 0 3943
4 13 28 1.5 -2 0 0 3531
4 13 29 1.5 -2 0 0 4943
4 13 30 1.5 -2 0 0 4044
4 13 31 5.5 -2 0 0 3396
4 13 32 1.5 -2 0 0 3446
4 13 33 1.5 -2 0 0 3600
4 13 34 1.5 -2 0 0 5293
4 13 35 5.5 -2 0 0 3228
4 13 36 1.5 -2 0 0 3866
4 13 37 1.5 -2 0 0 4439
4 13 38 1.5 -2 0 0 2795
4 13 39 5.5 -2 0 0 3519
4 13 40 1.5 -2 0 0 4265
4 13 41 1.5 -2 0 0 3052
4 13 42 1.5 -2 0 0 3795
4 13 43 1.5 -2 0 0 4538
4 13 44 1.5 -2 0 0 3024
4 13 45 1.5 -2 0 0 3584
4 13 46 1.5 -2 0 0 4889
4 13 47 1.5 -2 0 0 2828
4 13 48 1.5 -2 0 0 3825
4 13 49 1.5 -2 0 0 3956
4 13 50 1.5 -2 0 0 3451
4 13 51 1.5 -2 0 0 3875
4 13 52 1.5 -2 0 0 4171
4 13 53 1.5 -2 0 0 3096
4 13 54 1.5 -2 0 0 3416
4 13 55 1.5 -2 0 0 3877
4 13 56 1.5 -2 0 0 3618
4 13 57 1.5 -2 0 0 3667
4 13 58 1.5 -2 0 0 3795
4 13 59 1.5 -2 0 0 4762
4 13 60 1.5 -2 0 0 3202
4 13 61 1.5 -2 0 0 4110
4 13 62 1.5 -2 0 0 4151
4 13 63 1.5 -2 0 0 3636
4 14 0 1.5 -2 0 0 5966
4 14 1 1.5 -2 0 0 5176
4 14 2 1.5 -2 0 0 4670
4 14 3 1.5 -2 0 0 3554
4 14 4 1.5 -2 0 0 3839
4 14 5 1.5 -2 0 0 4249
4 14 6 1.5 -2 0 0 4328
4 14 7 1.5 -2 0 0 4057
4 14 8 1.5 -2 0 0 4541
4 14 9 1.5 -2 0 0 3881
4 14 10 1.5 -2 0 0 3944
4 14 11 1.5 -2 0 0 4165
4 14 12 1.5 -2 0 0 3709
4 14 13 1.5 -2 0 0 3253
4 14 14 1.5 -2 0 0 5043
4 14 15 1.5 -2 0 0 3387
4 14 16 1.5 -2 0 0 3782
4 14 17 1.5 -2 0 0 4243
4 14 18 1.5 -2 0 0 3598
4 14 19 1.5 -2 0 0 3816
4 14 20 1.5 -2 0 0 3605
4 14 21 1.5 -2 0 0 4384
4 14 22 1.5 -2 0 0 3369
4 14 23 1.5 -2 0 0 3503
4 14 24 1.5 -2 0 0 4283
4 14 25 1.5 -2 0 0 3527
4 14 26 1.5 -2 0 0 4823
4 14 27 1.5 -2 0 0 3087
4 14 28 1.5 -2 0 0 3115
4 14 29 1.5 -2 0 0 3859
4 14 30 1.5 -2 0 0 3102
4 14 31 1.5 -2 0 0 2879
4 14 32 1.5 -2 0 0 2588
4 14 33 1.5 -2 0 0 3324
4 14 34 1.5 -2 0 0 4328
4 14 35 1.5 -2 0 0 2900
4 14 36 1.5 -2 0 0 3123
4 14 37 1.5 -2 0 0 3354
4 14 38 1.5 -2 0 0 2602
4 14 39 1.5 -2 0 0 2588
4 14 40 1.5 -2 0 0 2923
4 14 41 1.5 -2 0 0 2281
4 14 42 1.5 -2 0 0 3314
4 14 43 1.5 -2 0 0 3376
4 14 44 1.5 -2 0 0 2517
4 14 45 1.5 -2 0 0 2335
4 14 46 1.5 -2 0 0 3693
4 14 47 1.5 -2 0 0 2334
4 14 48 1.5 -2 0 0 2288
4 14 49 1.5 -2 0 0 2702
4 14 50 1.5 -2 0 0 1960
4 14 51 1.5 -2 0 0 2024
4 14 52 1.5 -2 0 0 2945
4 14 53 1.5 -2 0 0 1541
4 14 54 1.5 -2 0 0 2024
4 14 55 1.5 -2 0 0 3237
4 14 56 1.5 -2 0 0 2721
4 14 57 1.5 -2 0 0 2877
4 14 58 1.5 -2 0 0 1944
4 14 59 1.5 -2 0 0 3337
4 14 60 1.5 -2 0 0 2514
4 14 61 1.5 -2 0 0 2053
4 14 62 1.5 -2 0 0 2609
4 14 63 1.5 -2 0 0 2947
4 15 0 1.5 -2 0 0 2217
4 15 1 5.5 -2 0 0 1876
4 15 2 5.5 -2 0 0 2670
4 15 3 5.5 -2 0 0 1772
4 15 4 5.5 -2 0 0 3148
4 15 5 1.5 -2 0 0 2219
4 15 6 5.5 -2 0 0 2434
4 15 7 1.5 -2 0 0 1368
4 15 8 5.5 -2 0 0 3016
4 15 9 5.5 -2 0 0 2281
4 15 10 1.5 -2 0 0 2083
4 15 11 5.5 -2 0 0 2561
4 15 12 5.5 -2 0 0 2033
4 15 13 5.5 -2 0 0 1929
4 15 14 5.5 -2 0 0 3363
4 15 15 5.5 -2 0 0 2278
4 15 16 5.5 -2 0 0 1211
4 15 17 5.5 -2 0 0 2782
4 15 18 5.5 -2 0 0 3017
4 15 19 5.5 -2 0 0 2449
4 15 20 5.5 -2 0 0 2799
4 15 21 5.5 -2 0 0 1781
4 15 22 5.5 -2 0 0 2342
4 15 23 5.5 -2 0 0 3691
4 15 24 5.5 -2 0 0 2305
4 15 25 5.5 -2 0 0 2628
4 15 26 5.5 -2 0 0 3244
4 15 27 5.5 -2 0 0 2573
4 15 28 5.5 -2 0 0 2303
4 15 29 5.5 -2 0 0 3372
4 15 30 5.5 -2 0 0 3393
4 15 31 5.5 -2 0 0 2282
4 15 32 5.5 -2 0 0 2749
4 15 33 5.5 -2 0 0 3096
4 15 34 5.5 -2 0 0 3633
4 15 35 5.5 -2 0 0 3157
4 15 36 5.5 -2 0 0 3072
4 15 37 5.5 -2 0 0 3683
4 15 38 5.5 -2 0 0 2754
4 15 39 5.5 -2 0 0 4814
4 15 40 5.5 -2 0 0 3450
4 15 41 5.5 -2 0 0 2643
4 15 42 5.5 -2 0 0 4288
4 15 43 5.5 -2 0 0 3649
4 15 44 5.5 -2 0 0 3359
4 15 45 5.5 -2 0 0 3332
4 15 46 5.5 -2 0 0 3982
4 15 47 5.5 -2 0 0 3580
4 15 48 5.5 -2 0 0 3473
4 15 49 5.5 -2 0 0 4041
4 15 50 5.5 -2 0 0 3509
4 15 51 5.5 -2 0 0 5170
4 15 52 5.5 -2 0 0 4153
4 15 53 5.5 -2 0 0 4266
4 15 54 5.5 -2 0 0 3800
4 15 55 1.5 -2 0 0 4426
4 15 56 1.5 -2 0 0 4566
4 15 57 1.5 -2 0 0 4880
4 15 58 5.5 -2 0 0 3755
4 15 59 1.5 -2 0 0 4381
4 15 60 1.5 -2 0 0 4467
4 15 61 1.5 -2 0 0 5589
4 15 62 1.5 -2 0 0 4791
4 15 63 1.5 -2 0 0 4874
5 0 0 1.5 -2 0 0 608
5 0 1 1.5 -2 0 0 583
5 0 2 0 -10 0 0 135
5 0 3 1.5 -2 0 0 468
5 0 4 1.5 -2 0 0 535
5 0 5 1.5 -2 0 0 515
5 0 6 1.5 -2 0 0 474
5 0 7 1.5 -2 0 0 521
5 0 8 1.5 -2 0 0 566
5 0 9 1.5 -2 0 0 543
5 0 10 1.5 -2 0 0 510
5 0 11 1.5 -2 0 0 544
5 0 12 1.5 -2 0 0 527
5 0 13 1.5 -2 0 0 488
5 0 14 1.5 -2 0 0 598
5 0 15 0 -10 0 0 141
5 0 16 1.5 -2 0 0 518
5 0 17 1.5 -2 0 0 583
5 0 18 5.5 -2 0 0 407
5 0 19 1.5 -2 0 0 526
5 0 20 5.5 -2 0 0 506
5 0 21 1.5 -2 0 0 481
5 0 22 0 -10 0 0 200
5 0 23 1.5 -2 0 0 568
5 0 24 1.5 -2 0 0 573
5 0 25 1.5 -2 0 0 601
5 0 26 5.5 -2 0 0 619
5 0 27 0 -10 0 0 106
5 0 28 1.5 -2 0 0 438
5 0 29 5.5 -2 0 0 593
5 0 30 0 -10 0 0 61
5 0 31 1.5 -2 0 0 577
5 0 32 0 -10 0 0 113
5 0 33 0 -10 0 0 153
5 0 34 5.5 -2 0 0 663
5 0 35 1.5 -2 0 0 585
5 0 36 0 -10 0 0 65
5 0 37 5.5 -2 0 0 668
5 0 38 1.5 -2 0 0 609
5 0 39 1.5 -2 0 0 690
5 0 40 0 -10 0 0 49
5 0 41 0 -10 0 0 113
5 0 42 1.5 -2 0 0 311
5 0 43 1.5 -2 0 0 632
5 0 44 3 -2 0 0 202
5 0 45 0 -10 0 0 106
5 0 46 1.5 -2 0 0 670
5 0 47 1.5 -2 0 0 729
5 0 48 0 -10 0 0 110
5 0 49 1.5 -2 0 0 666
5 0 50 0 -10 0 0 145
5 0 51 1.5 -2 0 0 820
5 0 52 1.5 -2 0 0 654
5 0 53 1.5 -2 0 0 222
5 0 54 1.5 -2 0 0 538
5 0 55 1.5 -2 0 0 672
5 0 56 1.5 -2 0 0 224
5 0 57 1.5 -2 0 0 457
5 0 58 1.5 -2 0 0 672
5 0 59 1.5 -2 0 0 763
5 0 60 1.5 -2 0 0 487
5 0 61 1.5 -2 0 0 855
5 0 62 1.5 -2 0 0 758
5 0 63 1.5 -2 0 0 677
5 1 0 1.5 -2 0 0 848
5 1 1 1.5 -2 0 0 798
5 1 2 5.5 -2 0 0 809
5 1 3 1.5 -2 0 0 837
5 1 4 1.5 -2 0 0 749
5 1 5 1.5 -2 0 0 738
5 1 6 5.5 -2 0 0 911
5 1 7 1.5 -2 0 0 1002
5 1 8 1.5 -2 0 0 772
5 1 9 5.5 -2 0 0 938
5 1 10 5.5 -2 0 0 943
5 1 11 5.5 -2 0 0 717
5 1 12 5.5 -2 0 0 766
5 1 13 5.5 -2 0 0 800
5 1 14 5.5 -2 0 0 774
5 1 15 5.5 -2 0 0 768
5 1 16 5.5 -2 0 0 1116
5 1 17 1.5 -2 0 0 662
5 1 18 5.5 -2 0 0 755
5 1 19 1.5 -2 0 0 904
5 1 20 1.5 -2 0 0 657
5 1 21 5.5 -2 0 0 848
5 1 22 5.5 -2 0 0 823
5 1 23 5.5 -2 0 0 685
5 1 24 5.5 -2 0 0 779
5 1 25 1.5 -2 0 0 829
5 1 26 5.5 -2 0 0 713
5 1 27 1.5 -2 0 0 576
5 1 28 5.5 -2 0 0 716
5 1 29 5.5 -2 0 0 631
5 1 30 5.5 -2 0 0 477
5 1 31 5.5 -2 0 0 774
5 1 32 5.5 -2 0 0 730
5 1 33 1.5 -2 0 0 660
5 1 34 5.5 -2 0 0 693
5 1 35 5.5 -2 0 0 761
5 1 36 5.5 -2 0 0 726
5 1 37 1.5 -2 0 0 668
5 1 38 5.5 -2 0 0 721
5 1 39 5.5 -2 0 0 600
5 1 40 5.5 -2 0 0 666
5 1 41 5.5 -2 0 0 662
5 1 42 5.5 -2 0 0 575
5 1 43 5.5 -2 0 0 633
5 1 44 5.5 -2 0 0 656
5 1 45 1.5 -2 0 0 659
5 1 46 1.5 -2 0 0 680
5 1 47 5.5 -2 0 0 662
5 1 48 1.5 -2 0 0 650
5 1 49 1.5 -2 0 0 592
5 1 50 5.5 -2 0 0 655
5 1 51 1.5 -2 0 0 590
5 1 52 1.5 -2 0 0 582
5 1 53 1.5 -2 0 0 667
5 1 54 1.5 -2 0 0 608
5 1 55 1.5 -2 0 0 565
5 1 56 1.5 -2 0 0 602
5 1 57 1.5 -2 0 0 570
5 1 58 1.5 -2 0 0 605
5 1 59 1.5 -2 0 0 603
5 1 60 1.5 -2 0 0 646
5 1 61 1.5 -2 0 0 563
5 1 62 1.5 -2 0 0 423
5 1 63 1.5 -2 0 0 581
5 2 0 1.5 -2 0 0 915
5 2 1 1.5 -2 0 0 817
5 2 2 1.5 -2 0 0 276
5 2 3 1.5 -2 0 0 712
5 2 4 0 -10 0 0 160
5 2 5 1.5 -2 0 0 750
5 2 6 1.5 -2 0 0 754
5 2 7 1.5 -2 0 0 589
5 2 8 1.5 -2 0 0 735
5 2 9 5.5 -2 0 0 679
5 2 10 1.5 -2 0 0 416
5 2 11 1.5 -2 0 0 685
5 2 12 1.5 -2 0 0 707
5 2 13 1.5 -2 0 0 651
5 2 14 5.5 -2 0 0 817
5 2 15 1.5 -2 0 0 233
5 2 16 5.5 -2 0 0 675
5 2 17 5.5 -2 0 0 468
5 2 18 0 -10 0 0 148
5 2 19 5.5 -2 0 0 670
5 2 20 5.5 -2 0 0 803
5 2 21 5.5 -2 0 0 726
5 2 22 5.5 -2 0 0 612
5 2 23 1.5 -2 0 0 548
5 2 24 5.5 -2 0 0 812
5 2 25 5.5 -2 0 0 711
5 2 26 5.5 -2 0 0 844
5 2 27 5.5 -2 0 0 602
5 2 28 5.5 -2 0 0 664
5 2 29 5.5 -2 0 0 780
5 2 30 0 -10 0 0 91
5 2 31 5.5 -2 0 0 684
5 2 32 5.5 -2 0 0 712
5 2 33 5.5 -2 0 0 757
5 2 34 5.5 -2 0 0 810
5 2 35 5.5 -2 0 0 747
5 2 36 5.5 -2 0 0 751
5 2 37 5.5 -2 0 0 849
5 2 38 5.5 -2 0 0 791
5 2 39 5.5 -2 0 0 901
5 2 40 5.5 -2 0 0 789
5 2 41 5.5 -2 0 0 739
5 2 42 5.5 -2 0 0 795
5 2 43 1.5 -2 0 0 945
5 2 44 5.5 -2 0 0 735
5 2 45 1.5 -2 0 0 784
5 2 46 5.5 -2 0 0 1025
5 2 47 0 -10 0 0 0
5 2 48 1.5 -2 0 0 806
5 2 49 1.5 -2 0 0 874
5 2 50 1.5 -2 0 0 771
5 2 51 1.5 -2 0 0 1197
5 2 52 1.5 -2 0 0 966
5 2 53 1.5 -2 0 0 885
5 2 54 1.5 -2 0 0 782
5 2 55 1.5 -2 0 0 989
5 2 56 1.5 -2 0 0 974
5 2 57 1.5 -2 0 0 1053
5 2 58 1.5 -2 0 0 869
5 2 59 1.5 -2 0 0 1156
5 2 60 1.5 -2 0 0 892
5 2 61 1.5 -2 0 0 1371
5 2 62 1.5 -2 0 0 1180
5 2 63 1.5 -2 0 0 877
5 3 0 1.5 -2 0 0 1426
5 3 1 1.5 -2 0 0 1556
5 3 2 1.5 -2 0 0 1576
5 3 3 1.5 -2 0 0 1837
5 3 4 1.5 -2 0 0 1385
5 3 5 1.5 -2 0 0 1473
5 3 6 1.5 -2 0 0 1762
5 3 7 1.5 -2 0 0 2348
5 3 8 1.5 -2 0 0 1341
5 3 9 1.5 -2 0 0 2200
5 3 10 1.5 -2 0 0 2393
5 3 11 1.5 -2 0 0 1255
5 3 12 1.5 -2 0 0 1645
5 3 13 1.5 -2 0 0 1808
5 3 14 1.5 -2 0 0 1319
5 3 15 1.5 -2 0 0 245
5 3 16 1.5 -2 0 0 2784
5 3 17 5.5 -2 0 0 1236
5 3 18 1.5 -2 0 0 1552
5 3 19 1.5 -2 0 0 2066
5 3 20 1.5 -2 0 0 1195
5 3 21 5.5 -2 0 0 2051
5 3 22 5.5 -2 0 0 1994
5 3 23 1.5 -2 0 0 903
5 3 24 1.5 -2 0 0 1269
5 3 25 5.5 -2 0 0 1771
5 3 26 0 -10 0 0 182
5 3 27 1.5 -2 0 0 1514
5 3 28 1.5 -2 0 0 1515
5 3 29 0 -10 0 0 165
5 3 30 5.5 -2 0 0 1319
5 3 31 5.5 -2 0 0 1614
5 3 32 1.5 -2 0 0 1411
5 3 33 0 -10 0 0 164
5 3 34 5.5 -2 0 0 226
5 3 35 5.5 -2 0 0 1436
5 3 36 5.5 -2 0 0 437
5 3 37 5.5 -2 0 0 1005
5 3 38 1.5 -2 0 0 1322
5 3 39 1.5 -2 0 0 972
5 3 40 1.5 -2 0 0 1123
5 3 41 1.5 -2 0 0 1254
5 3 42 1.5 -2 0 0 1039
5 3 43 1.5 -2 0 0 981
5 3 44 1.5 -2 0 0 1153
5 3 45 1.5 -2 0 0 1209
5 3 46 1.5 -2 0 0 279
5 3 47 1.5 -2 0 0 1214
5 3 48 1.5 -2 0 0 1090
5 3 49 1.5 -2 0 0 935
5 3 50 1.5 -2 0 0 1027
5 3 51 1.5 -2 0 0 796
5 3 52 1.5 -2 0 0 830
5 3 53 1.5 -2 0 0 1071
5 3 54 1.5 -2 0 0 1008
5 3 55 1.5 -2 0 0 884
5 3 56 1.5 -2 0 0 897
5 3 57 1.5 -2 0 0 864
5 3 58 1.5 -2 0 0 949
5 3 59 1.5 -2 0 0 883
5 3 60 2 -2 0 0 327
5 3 61 1.5 -2 0 0 820
5 3 62 1.5 -2 0 0 827
5 3 63 1.5 -2 0 0 786
5 4 0 1.5 -2 0 0 1571
5 4 1 1.5 -2 0 0 570
5 4 2 1.5 -2 0 0 272
5 4 3 1.5 -2 0 0 822
5 4 4 1.5 -2 0 0 973
5 4 5 1.5 -2 0 0 924
5 4 6 5.5 -2 0 0 992
5 4 7 1.5 -2 0 0 851
5 4 8 5.5 -2 0 0 1115
5 4 9 5.5 -2 0 0 939
5 4 10 5.5 -2 0 0 884
5 4 11 5.5 -2 0 0 1115
5 4 12 1.5 -2 0 0 910
5 4 13 5.5 -2 0 0 816
5 4 14 5.5 -2 0 0 1467
5 4 15 5.5 -2 0 0 830
5 4 16 1.5 -2 0 0 876
5 4 17 5.5 -2 0 0 1220
5 4 18 1.5 -2 0 0 901
5 4 19 1.5 -2 0 0 876
5 4 20 5.5 -2 0 0 1019
5 4 21 5.5 -2 0 0 1020
5 4 22 5.5 -2 0 0 821
5 4 23 1.5 -2 0 0 224
5 4 24 5.5 -2 0 0 1213
5 4 25 5.5 -2 0 0 831
5 4 26 5.5 -2 0 0 1509
5 4 27 0 -10 0 0 188
5 4 28 5.5 -2 0 0 834
5 4 29 5.5 -2 0 0 1313
5 4 30 5.5 -2 0 0 204
5 4 31 5.5 -2 0 0 850
5 4 32 5.5 -2 0 0 884
5 4 33 5.5 -2 0 0 217
5 4 34 5.5 -2 0 0 1596
5 4 35 5.5 -2 0 0 920
5 4 36 0 -10 0 0 158
5 4 37 0 -10 0 0 126
5 4 38 5.5 -2 0 0 837
5 4 39 5.5 -2 0 0 1020
5 4 40 5.5 -2 0 0 1002
5 4 41 1.5 -2 0 0 858
5 4 42 1.5 -2 0 0 320
5 4 43 5.5 -2 0 0 1263
5 4 44 5.5 -2 0 0 874
5 4 45 5.5 -2 0 0 867
5 4 46 5.5 -2 0 0 1615
5 4 47 5.5 -2 0 0 927
5 4 48 5.5 -2 0 0 967
5 4 49 5.5 -2 0 0 1184
5 4 50 1.5 -2 0 0 927
5 4 51 1.5 -2 0 0 1445
5 4 52 5.5 -2 0 0 1348
5 4 53 1.5 -2 0 0 920
5 4 54 1.5 -2 0 0 973
5 4 55 5.5 -2 0 0 1355
5 4 56 1.5 -2 0 0 1072
5 4 57 1.5 -2 0 0 1327
5 4 58 1.5 -2 0 0 1052
5 4 59 1.5 -2 0 0 1608
5 4 60 1.5 -2 0 0 958
5 4 61 1.5 -2 0 0 1734
5 4 62 1.5 -2 0 0 1706
5 4 63 1.5 -2 0 0 1139
5 5 0 5.5 -2 0 0 1789
5 5 1 5.5 -2 0 0 1862
5 5 2 5.5 -2 0 0 2010
5 5 3 5.5 -2 0 0 2703
5 5 4 5.5 -2 0 0 2026
5 5 5 5.5 -2 0 0 2300
5 5 6 5.5 -2 0 0 2417
5 5 7 5.5 -2 0 0 3887
5 5 8 5.5 -2 0 0 1949
5 5 9 5.5 -2 0 0 3043
5 5 10 5.5 -2 0 0 3419
5 5 11 5.5 -2 0 0 1886
5 5 12 5.5 -2 0 0 2482
5 5 13 1.5 -2 0 0 3006
5 5 14 5.5 -2 0 0 1470
5 5 15 5.5 -2 0 0 2747
5 5 16 5.5 -2 0 0 2368
5 5 17 5.5 -2 0 0 1753
5 5 18 5.5 -2 0 0 2579
5 5 19 5.5 -2 0 0 3405
5 5 20 5.5 -2 0 0 2134
5 5 21 5.5 -2 0 0 2607
5 5 22 5.5 -2 0 0 3301
5 5 23 5.5 -2 0 0 1870
5 5 24 5.5 -2 0 0 1597
5 5 25 5.5 -2 0 0 3530
5 5 26 5.5 -2 0 0 1639
5 5 27 5.5 -2 0 0 2469
5 5 28 5.5 -2 0 0 3005
5 5 29 5.5 -2 0 0 1625
5 5 30 5.5 -2 0 0 2408
5 5 31 5.5 -2 0 0 3248
5 5 32 5.5 -2 0 0 2683
5 5 33 5.5 -2 0 0 2466
5 5 34 5.5 -2 0 0 1626
5 5 35 5.5 -2 0 0 3136
5 5 36 5.5 -2 0 0 2366
5 5 37 5.5 -2 0 0 1842
5 5 38 5.5 -2 0 0 3079
5 5 39 5.5 -2 0 0 2031
5 5 40 5.5 -2 0 0 2106
5 5 41 5.5 -2 0 0 2621
5 5 42 5.5 -2 0 0 1909
5 5 43 5.5 -2 0 0 1631
5 5 44 5.5 -2 0 0 2433
5 5 45 5.5 -2 0 0 2328
5 5 46 5.5 -2 0 0 1547
5 5 47 5.5 -2 0 0 2970
5 5 48 5.5 -2 0 0 2120
5 5 49 5.5 -2 0 0 1692
5 5 50 1.5 -2 0 0 2263
5 5 51 5.5 -2 0 0 1549
5 5 52 1.5 -2 0 0 1545
5 5 53 5.5 -2 0 0 2545
5 5 54 5.5 -2 0 0 1808
5 5 55 5.5 -2 0 0 1496
5 5 56 5.5 -2 0 0 1802
5 5 57 5.5 -2 0 0 1565
5 5 58 1.5 -2 0 0 1663
5 5 59 1.5 -2 0 0 1403
5 5 60 1.5 -2 0 0 2217
5 5 61 1.5 -2 0 0 1455
5 5 62 1.5 -2 0 0 1479
5 5 63 1.5 -2 0 0 1620
5 6 0 1.5 -2 0 0 1757
5 6 1 1.5 -2 0 0 1391
5 6 2 1.5 -2 0 0 1225
5 6 3 1.5 -2 0 0 860
5 6 4 1.5 -2 0 0 940
5 6 5 1.5 -2 0 0 1015
5 6 6 1.5 -2 0 0 1083
5 6 7 1.5 -2 0 0 829
5 6 8 1.5 -2 0 0 1175
5 6 9 1.5 -2 0 0 915
5 6 10 1.5 -2 0 0 889
5 6 11 1.5 -2 0 0 791
5 6 12 5.5 -2 0 0 971
5 6 13 1.5 -2 0 0 819
5 6 14 1.5 -2 0 0 1578
5 6 15 1.5 -2 0 0 821
5 6 16 1.5 -2 0 0 956
5 6 17 1.5 -2 0 0 1303
5 6 18 5.5 -2 0 0 894
5 6 19 1.5 -2 0 0 844
5 6 20 1.5 -2 0 0 836
5 6 21 1.5 -2 0 0 1031
5 6 22 1.5 -2 0 0 831
5 6 23 1.5 -2 0 0 1014
5 6 24 1.5 -2 0 0 1258
5 6 25 5.5 -2 0 0 842
5 6 26 1.5 -2 0 0 1489
5 6 27 1.5 -2 0 0 871
5 6 28 1.5 -2 0 0 783
5 6 29 5.5 -2 0 0 1176
5 6 30 1.5 -2 0 0 806
5 6 31 5.5 -2 0 0 798
5 6 32 5.5 -2 0 0 777
5 6 33 5.5 -2 0 0 822
5 6 34 1.5 -2 0 0 1405
5 6 35 5.5 -2 0 0 721
5 6 36 1.5 -2 0 0 720
5 6 37 5.5 -2 0 0 891
5 6 38 5.5 -2 0 0 752
5 6 39 5.5 -2 0 0 838
5 6 40 1.5 -2 0 0 931
5 6 41 1.5 -2 0 0 757
5 6 42 1.5 -2 0 0 877
5 6 43 1.5 -2 0 0 1071
5 6 44 1.5 -2 0 0 721
5 6 45 1.5 -2 0 0 776
5 6 46 1.5 -2 0 0 1285
5 6 47 1.5 -2 0 0 715
5 6 48 1.5 -2 0 0 841
5 6 49 1.5 -2 0 0 911
5 6 50 1.5 -2 0 0 764
5 6 51 1.5 -2 0 0 845
5 6 52 1.5 -2 0 0 1014
5 6 53 1.5 -2 0 0 719
5 6 54 1.5 -2 0 0 741
5 6 55 1.5 -2 0 0 979
5 6 56 1.5 -2 0 0 862
5 6 57 1.5 -2 0 0 937
5 6 58 1.5 -2 0 0 812
5 6 59 1.5 -2 0 0 1196
5 6 60 1.5 -2 0 0 788
5 6 61 1.5 -2 0 0 1130
5 6 62 1.5 -2 0 0 1082
5 6 63 1.5 -2 0 0 869
5 7 0 1.5 -2 0 0 1154
5 7 1 1.5 -2 0 0 1241
5 7 2 5.5 -2 0 0 1324
5 7 3 5.5 -2 0 0 1795
5 7 4 5.5 -2 0 0 1576
5 7 5 1.5 -2 0 0 1538
5 7 6 5.5 -2 0 0 1468
5 7 7 5.5 -2 0 0 2354
5 7 8 5.5 -2 0 0 1335
5 7 9 5.5 -2 0 0 1764
5 7 10 5.5 -2 0 0 1918
5 7 11 1.5 -2 0 0 1550
5 7 12 5.5 -2 0 0 1659
5 7 13 5.5 -2 0 0 2264
5 7 14 5.5 -2 0 0 1186
5 7 15 5.5 -2 0 0 2102
5 7 16 5.5 -2 0 0 2278
5 7 17 5.5 -2 0 0 1263
5 7 18 5.5 -2 0 0 1856
5 7 19 5.5 -2 0 0 2774
5 7 20 5.5 -2 0 0 1806
5 7 21 5.5 -2 0 0 1619
5 7 22 5.5 -2 0 0 2064
5 7 23 5.5 -2 0 0 1567
5 7 24 5.5 -2 0 0 1190
5 7 25 5.5 -2 0 0 2848
5 7 26 5.5 -2 0 0 1383
5 7 27 5.5 -2 0 0 2224
5 7 28 5.5 -2 0 0 2668
5 7 29 5.5 -2 0 0 1399
5 7 30 5.5 -2 0 0 2059
5 7 31 5.5 -2 0 0 3347
5 7 32 5.5 -2 0 0 2715
5 7 33 5.5 -2 0 0 1986
5 7 34 5.5 -2 0 0 1414
5 7 35 5.5 -2 0 0 3576
5 7 36 5.5 -2 0 0 2148
5 7 37 5.5 -2 0 0 1822
5 7 38 5.5 -2 0 0 3711
5 7 39 5.5 -2 0 0 2707
5 7 40 5.5 -2 0 0 1954
5 7 41 5.5 -2 0 0 2740
5 7 42 5.5 -2 0 0 2151
5 7 43 5.5 -2 0 0 1579
5 7 44 5.5 -2 0 0 3191
5 7 45 5.5 -2 0 0 2153
5 7 46 5.5 -2 0 0 1457
5 7 47 5.5 -2 0 0 4143
5 7 48 5.5 -2 0 0 2387
5 7 49 1.5 -2 0 0 1800
5 7 50 5.5 -2 0 0 2758
5 7 51 5.5 -2 0 0 2000
5 7 52 1.5 -2 0 0 1651
5 7 53 1.5 -2 0 0 3294
5 7 54 5.5 -2 0 0 2528
5 7 55 5.5 -2 0 0 1735
5 7 56 1.5 -2 0 0 2459
5 7 57 1.5 -2 0 0 2225
5 7 58 1.5 -2 0 0 2065
5 7 59 1.5 -2 0 0 1651
5 7 60 1.5 -2 0 0 2971
5 7 61 1.5 -2 0 0 1710
5 7 62 1.5 -2 0 0 1701
5 7 63 1.5 -2 0 0 2025
5 8 0 1.5 -2 0 0 850
5 8 1 1.5 -2 0 0 753
5 8 2 1.5 -2 0 0 755
5 8 3 5.5 -2 0 0 699
5 8 4 1.5 -2 0 0 766
5 8 5 1.5 -2 0 0 618
5 8 6 5.5 -2 0 0 766
5 8 7 5.5 -2 0 0 677
5 8 8 1.5 -2 0 0 683
5 8 9 1.5 -2 0 0 728
5 8 10 1.5 -2 0 0 716
5 8 11 5.5 -2 0 0 777
5 8 12 5.5 -2 0 0 709
5 8 13 1.5 -2 0 0 775
5 8 14 5.5 -2 0 0 858
5 8 15 1.5 -2 0 0 782
5 8 16 5.5 -2 0 0 732
5 8 17 1.5 -2 0 0 774
5 8 18 1.5 -2 0 0 668
5 8 19 5.5 -2 0 0 794
5 8 20 5.5 -2 0 0 801
5 8 21 5.5 -2 0 0 714
5 8 22 5.5 -2 0 0 697
5 8 23 1.5 -2 0 0 835
5 8 24 5.5 -2 0 0 796
5 8 25 5.5 -2 0 0 832
5 8 26 5.5 -2 0 0 907
5 8 27 5.5 -2 0 0 749
5 8 28 5.5 -2 0 0 826
5 8 29 5.5 -2 0 0 822
5 8 30 5.5 -2 0 0 759
5 8 31 5.5 -2 0 0 823
5 8 32 5.5 -2 0 0 811
5 8 33 5.5 -2 0 0 791
5 8 34 1.5 -2 0 0 898
5 8 35 5.5 -2 0 0 918
5 8 36 5.5 -2 0 0 846
5 8 37 5.5 -2 0 0 834
5 8 38 5.5 -2 0 0 1032
5 8 39 5.5 -2 0 0 1223
5 8 40 5.5 -2 0 0 841
5 8 41 5.5 -2 0 0 876
5 8 42 1.5 -2 0 0 996
5 8 43 1.5 -2 0 0 892
5 8 44 5.5 -2 0 0 881
5 8 45 1.5 -2 0 0 847
5 8 46 5.5 -2 0 0 956
5 8 47 1.5 -2 0 0 1217
5 8 48 1.5 -2 0 0 961
5 8 49 1.5 -2 0 0 971
5 8 50 1.5 -2 0 0 929
5 8 51 5.5 -2 0 0 1217
5 8 52 1.5 -2 0 0 1028
5 8 53 1.5 -2 0 0 1143
5 8 54 1.5 -2 0 0 1034
5 8 55 1.5 -2 0 0 1100
5 8 56 1.5 -2 0 0 1193
5 8 57 1.5 -2 0 0 1163
5 8 58 1.5 -2 0 0 994
5 8 59 1.5 -2 0 0 1051
5 8 60 1.5 -2 0 0 1180
5 8 61 1.5 -2 0 0 1382
5 8 62 1.5 -2 0 0 1203
5 8 63 1.5 -2 0 0 1052
5 9 0 1.5 -2 0 0 1182
5 9 1 1.5 -2 0 0 1199
5 9 2 1.5 -2 0 0 1182
5 9 3 5.5 -2 0 0 946
5 9 4 1.5 -2 0 0 571
5 9 5 1.5 -2 0 0 745
5 9 6 5.5 -2 0 0 1171
5 9 7 5.5 -2 0 0 860
5 9 8 5.5 -2 0 0 989
5 9 9 5.5 -2 0 0 1032
5 9 10 5.5 -2 0 0 950
5 9 11 5.5 -2 0 0 710
5 9 12 1.5 -2 0 0 430
5 9 13 5.5 -2 0 0 826
5 9 14 5.5 -2 0 0 1029
5 9 15 5.5 -2 0 0 873
5 9 16 5.5 -2 0 0 1005
5 9 17 5.5 -2 0 0 933
5 9 18 5.5 -2 0 0 948
5 9 19 5.5 -2 0 0 758
5 9 20 0 -10 0 0 142
5 9 21 5.5 -2 0 0 1073
5 9 22 5.5 -2 0 0 943
5 9 23 0 -10 0 0 190
5 9 24 5.5 -2 0 0 930
5 9 25 5.5 -2 0 0 786
5 9 26 1.5 -2 0 0 865
5 9 27 5.5 -2 0 0 779
5 9 28 5.5 -2 0 0 755
5 9 29 5.5 -2 0 0 863
5 9 30 0 -10 0 0 162
5 9 31 5.5 -2 0 0 796
5 9 32 5.5 -2 0 0 727
5 9 33 5.5 -2 0 0 553
5 9 34 5.5 -2 0 0 884
5 9 35 0 -10 0 0 146
5 9 36 5.5 -2 0 0 650
5 9 37 0 -10 0 0 155
5 9 38 5.5 -2 0 0 383
5 9 39 5.5 -2 0 0 694
5 9 40 0 -10 0 0 127
5 9 41 5.5 -2 0 0 709
5 9 42 0 -10 0 0 158
5 9 43 1.5 -2 0 0 802
5 9 44 5.5 -2 0 0 613
5 9 45 1.5 -2 0 0 638
5 9 46 5.5 -2 0 0 796
5 9 47 5.5 -2 0 0 661
5 9 48 0 -10 0 0 152
5 9 49 1.5 -2 0 0 702
5 9 50 1.5 -2 0 0 640
5 9 51 5.5 -2 0 0 668
5 9 52 1.5 -2 0 0 740
5 9 53 1.5 -2 0 0 619
5 9 54 1.5 -2 0 0 649
5 9 55 1.5 -2 0 0 665
5 9 56 1.5 -2 0 0 245
5 9 57 1.5 -2 0 0 691
5 9 58 1.5 -2 0 0 760
5 9 59 1.5 -2 0 0 810
5 9 60 1.5 -2 0 0 670
5 9 61 1.5 -2 0 0 747
5 9 62 1.5 -2 0 0 736
5 9 63 1.5 -2 0 0 708
5 10 0 1.5 -2 0 0 1566
5 10 1 1.5 -2 0 0 1457
5 10 2 1.5 -2 0 0 1417
5 10 3 1.5 -2 0 0 1397
5 10 4 1.5 -2 0 0 1680
5 10 5 1.5 -2 0 0 1522
5 10 6 1.5 -2 0 0 1367
5 10 7 1.5 -2 0 0 1391
5 10 8 1.5 -2 0 0 1501
5 10 9 1.5 -2 0 0 1373
5 10 10 1.5 -2 0 0 556
5 10 11 1.5 -2 0 0 1667
5 10 12 1.5 -2 0 0 1419
5 10 13 1.5 -2 0 0 1421
5 10 14 1.5 -2 0 0 1658
5 10 15 1.5 -2 0 0 1575
5 10 16 1.5 -2 0 0 1303
5 10 17 1.5 -2 0 0 1801
5 10 18 1.5 -2 0 0 1621
5 10 19 1.5 -2 0 0 1602
5 10 20 1.5 -2 0 0 294
5 10 21 1.5 -2 0 0 1260
5 10 22 1.5 -2 0 0 1338
5 10 23 1.5 -2 0 0 646
5 10 24 1.5 -2 0 0 1572
5 10 25 5.5 -2 0 0 1706
5 10 26 1.5 -2 0 0 1899
5 10 27 1.5 -2 0 0 1666
5 10 28 1.5 -2 0 0 1667
5 10 29 1.5 -2 0 0 1886
5 10 30 1.5 -2 0 0 1554
5 10 31 5.5 -2 0 0 1927
5 10 32 1.5 -2 0 0 1772
5 10 33 1.5 -2 0 0 1527
5 10 34 1.5 -2 0 0 2077
5 10 35 1.5 -2 0 0 2258
5 10 36 5.5 -2 0 0 1999
5 10 37 1.5 -2 0 0 711
5 10 38 1.5 -2 0 0 2529
5 10 39 5.5 -2 0 0 3370
5 10 40 1.5 -2 0 0 2123
5 10 41 1.5 -2 0 0 2097
5 10 42 1.5 -2 0 0 2382
5 10 43 1.5 -2 0 0 2282
5 10 44 1.5 -2 0 0 2380
5 10 45 1.5 -2 0 0 2062
5 10 46 1.5 -2 0 0 2447
5 10 47 1.5 -2 0 0 3170
5 10 48 1.5 -2 0 0 2337
5 10 49 1.5 -2 0 0 2515
5 10 50 1.5 -2 0 0 2502
5 10 51 1.5 -2 0 0 3834
5 10 52 1.5 -2 0 0 2565
5 10 53 1.5 -2 0 0 3092
5 10 54 1.5 -2 0 0 2552
5 10 55 1.5 -2 0 0 3069
5 10 56 1.5 -2 0 0 3558
5 10 57 1.5 -2 0 0 3582
5 10 58 1.5 -2 0 0 2787
5 10 59 1.5 -2 0 0 2814
5 10 60 1.5 -2 0 0 3198
5 10 61 1.5 -2 0 0 4211
5 10 62 1.5 -2 0 0 3249
5 10 63 1.5 -2 0 0 2779
5 11 0 1.5 -2 0 0 4157
5 11 1 1.5 -2 0 0 3907
5 11 2 1.5 -2 0 0 3147
5 11 3 1.5 -2 0 0 2425
5 11 4 1.5 -2 0 0 2376
5 11 5 1.5 -2 0 0 2678
5 11 6 1.5 -2 0 0 3598
5 11 7 5.5 -2 0 0 2202
5 11 8 1.5 -2 0 0 2978
5 11 9 1.5 -2 0 0 3172
5 11 10 1.5 -2 0 0 2997
5 11 11 1.5 -2 0 0 2415
5 11 12 1.5 -2 0 0 2754
5 11 13 1.5 -2 0 0 2022
5 11 14 1.5 -2 0 0 3169
5 11 15 5.5 -2 0 0 2253
5 11 16 5.5 -2 0 0 2920
5 11 17 5.5 -2 0 0 2600
5 11 18 1.5 -2 0 0 1439
5 11 19 1.5 -2 0 0 1901
5 11 20 5.5 -2 0 0 1984
5 11 21 5.5 -2 0 0 3532
5 11 22 5.5 -2 0 0 2458
5 11 23 5.5 -2 0 0 2239
5 11 24 5.5 -2 0 0 2996
5 11 25 5.5 -2 0 0 1629
5 11 26 5.5 -2 0 0 2789
5 11 27 5.5 -2 0 0 1882
5 11 28 5.5 -2 0 0 1829
5 11 29 5.5 -2 0 0 2267
5 11 30 5.5 -2 0 0 2005
5 11 31 5.5 -2 0 0 1578
5 11 32 5.5 -2 0 0 1547
5 11 33 5.5 -2 0 0 1573
5 11 34 5.5 -2 0 0 2421
5 11 35 5.5 -2 0 0 1385
5 11 36 5.5 -2 0 0 1679
5 11 37 5.5 -2 0 0 1874
5 11 38 5.5 -2 0 0 1299
5 11 39 5.5 -2 0 0 1324
5 11 40 1.5 -2 0 0 1824
5 11 41 5.5 -2 0 0 1423
5 11 42 5.5 -2 0 0 1530
5 11 43 1.5 -2 0 0 1932
5 11 44 5.5 -2 0 0 1268
5 11 45 5.5 -2 0 0 1446
5 11 46 1.5 -2 0 0 2177
5 11 47 5.5 -2 0 0 1193
5 11 48 1.5 -2 0 0 1430
5 11 49 5.5 -2 0 0 1675
5 11 50 1.5 -2 0 0 1380
5 11 51 1.5 -2 0 0 1364
5 11 52 1.5 -2 0 0 1770
5 11 53 1.5 -2 0 0 1174
5 11 54 1.5 -2 0 0 1296
5 11 55 1.5 -2 0 0 1609
5 11 56 1.5 -2 0 0 1335
5 11 57 1.5 -2 0 0 1375
5 11 58 1.5 -2 0 0 1433
5 11 59 1.5 -2 0 0 1907
5 11 60 1.5 -2 0 0 1301
5 11 61 1.5 -2 0 0 1544
5 11 62 1.5 -2 0 0 1708
5 11 63 1.5 -2 0 0 1459
5 12 0 1.5 -2 0 0 3379
5 12 1 1.5 -2 0 0 4090
5 12 2 1.5 -2 0 0 3784
5 12 3 1.5 -2 0 0 3474
5 12 4 1.5 -2 0 0 4144
5 12 5 1.5 -2 0 0 3863
5 12 6 1.5 -2 0 0 3907
5 12 7 1.5 -2 0 0 3423
5 12 8 1.5 -2 0 0 3908
5 12 9 1.5 -2 0 0 3392
5 12 10 1.5 -2 0 0 3371
5 12 11 1.5 -2 0 0 3939
5 12 12 5.5 -2 0 0 3754
5 12 13 1.5 -2 0 0 3364
5 12 14 1.5 -2 0 0 4230
5 12 15 1.5 -2 0 0 3609
5 12 16 5.5 -2 0 0 3390
5 12 17 5.5 -2 0 0 4436
5 12 18 5.5 -2 0 0 3957
5 12 19 1.5 -2 0 0 3576
5 12 20 1.5 -2 0 0 4548
5 12 21 1.5 -2 0 0 3434
5 12 22 5.5 -2 0 0 3209
5 12 23 1.5 -2 0 0 4243
5 12 24 1.5 -2 0 0 4004
5 12 25 5.5 -2 0 0 3840
5 12 26 5.5 -2 0 0 4746
5 12 27 1.5 -2 0 0 2023
5 12 28 5.5 -2 0 0 3740
5 12 29 5.5 -2 0 0 4787
5 12 30 1.5 -2 0 0 3925
5 12 31 5.5 -2 0 0 4154
5 12 32 5.5 -2 0 0 3625
5 12 33 5.5 -2 0 0 4030
5 12 34 5.5 -2 0 0 5061
5 12 35 5.5 -2 0 0 4045
5 12 36 5.5 -2 0 0 4433
5 12 37 5.5 -2 0 0 4844
5 12 38 5.5 -2 0 0 4446
5 12 39 5.5 -2 0 0 5098
5 12 40 5.5 -2 0 0 4674
5 12 41 1.5 -2 0 0 4151
5 12 42 1.5 -2 0 0 3895
5 12 43 5.5 -2 0 0 4577
5 12 44 5.5 -2 0 0 4346
5 12 45 5.5 -2 0 0 4226
5 12 46 1.5 -2 0 0 5337
5 12 47 1.5 -2 0 0 690
5 12 48 1.5 -2 0 0 4035
5 12 49 1.5 -2 0 0 4757
5 12 50 1.5 -2 0 0 1400
5 12 51 1.5 -2 0 0 5933
5 12 52 5.5 -2 0 0 5182
5 12 53 1.5 -2 0 0 4654
5 12 54 1.5 -2 0 0 4946
5 12 55 1.5 -2 0 0 5391
5 12 56 1.5 -2 0 0 4785
5 12 57 1.5 -2 0 0 5567
5 12 58 1.5 -2 0 0 4605
5 12 59 1.5 -2 0 0 5463
5 12 60 1.5 -2 0 0 4241
5 12 61 1.5 -2 0 0 6255
5 12 62 1.5 -2 0 0 5895
5 12 63 1.5 -2 0 0 5016
5 13 0 1.5 -2 0 0 6279
5 13 1 1.5 -2 0 0 5794
5 13 2 1.5 -2 0 0 5555
5 13 3 1.5 -2 0 0 4407
5 13 4 1.5 -2 0 0 792
5 13 5 1.5 -2 0 0 5235
5 13 6 1.5 -2 0 0 5184
5 13 7 1.5 -2 0 0 3603
5 13 8 1.5 -2 0 0 4975
5 13 9 1.5 -2 0 0 4753
5 13 10 1.5 -2 0 0 4352
5 13 11 1.5 -2 0 0 5296
5 13 12 1.5 -2 0 0 4524
5 13 13 1.5 -2 0 0 695
5 13 14 1.5 -2 0 0 5890
5 13 15 1.5 -2 0 0 4417
5 13 16 1.5 -2 0 0 4052
5 13 17 1.5 -2 0 0 5495
5 13 18 5.5 -2 0 0 4619
5 13 19 1.5 -2 0 0 3656
5 13 20 1.5 -2 0 0 4309
5 13 21 1.5 -2 0 0 5045
5 13 22 1.5 -2 0 0 3975
5 13 23 3 -2 0 0 259
5 13 24 1.5 -2 0 0 5535
5 13 25 1.5 -2 0 0 3716
5 13 26 5.5 -2 0 0 5822
5 13 27 5.5 -2 0 0 1825
5 13 28 5.5 -2 0 0 1686
5 13 29 5.5 -2 0 0 715
5 13 30 5.5 -2 0 0 4525
5 13 31 5.5 -2 0 0 3359
5 13 32 1.5 -2 0 0 3601
5 13 33 5.5 -2 0 0 2853
5 13 34 1.5 -2 0 0 5625
5 13 35 1.5 -2 0 0 3160
5 13 36 1.5 -2 0 0 238
5 13 37 5.5 -2 0 0 253
5 13 38 5.5 -2 0 0 2968
5 13 39 1.5 -2 0 0 3672
5 13 40 5.5 -2 0 0 3021
5 13 41 1.5 -2 0 0 3221
5 13 42 5.5 -2 0 0 4147
5 13 43 5.5 -2 0 0 627
5 13 44 1.5 -2 0 0 3165
5 13 45 5.5 -2 0 0 3715
5 13 46 5.5 -2 0 0 5414
5 13 47 1.5 -2 0 0 2837
5 13 48 1.5 -2 0 0 3330
5 13 49 1.5 -2 0 0 4364
5 13 50 1.5 -2 0 0 3433
5 13 51 1.5 -2 0 0 4155
5 13 52 1.5 -2 0 0 4497
5 13 53 1.5 -2 0 0 3201
5 13 54 1.5 -2 0 0 3554
5 13 55 1.5 -2 0 0 4087
5 13 56 1.5 -2 0 0 3908
5 13 57 1.5 -2 0 0 4014
5 13 58 1.5 -2 0 0 3711
5 13 59 1.5 -2 0 0 4734
5 13 60 1.5 -2 0 0 3475
5 13 61 1.5 -2 0 0 4534
5 13 62 1.5 -2 0 0 4586
5 13 63 1.5 -2 0 0 3854
5 14 0 1.5 -2 0 0 6449
5 14 1 1.5 -2 0 0 5668
5 14 2 1.5 -2 0 0 5599
5 14 3 1.5 -2 0 0 4177
5 14 4 1.5 -2 0 0 4536
5 14 5 1.5 -2 0 0 4681
5 14 6 1.5 -2 0 0 5206
5 14 7 1.5 -2 0 0 3039
5 14 8 1.5 -2 0 0 5081
5 14 9 1.5 -2 0 0 2961
5 14 10 1.5 -2 0 0 4612
5 14 11 1.5 -2 0 0 4435
5 14 12 1.5 -2 0 0 4026
5 14 13 1.5 -2 0 0 3767
5 14 14 1.5 -2 0 0 5771
5 14 15 1.5 -2 0 0 3712
5 14 16 1.5 -2 0 0 3359
5 14 17 1.5 -2 0 0 4540
5 14 18 5.5 -2 0 0 4096
5 14 19 1.5 -2 0 0 3842
5 14 20 1.5 -2 0 0 4125
5 14 21 1.5 -2 0 0 5151
5 14 22 1.5 -2 0 0 4058
5 14 23 5.5 -2 0 0 4323
5 14 24 1.5 -2 0 0 4955
5 14 25 5.5 -2 0 0 3705
5 14 26 1.5 -2 0 0 2446
5 14 27 1.5 -2 0 0 2602
5 14 28 5.5 -2 0 0 3610
5 14 29 1.5 -2 0 0 4537
5 14 30 1.5 -2 0 0 3818
5 14 31 5.5 -2 0 0 3164
5 14 32 5.5 -2 0 0 3170
5 14 33 5.5 -2 0 0 3287
5 14 34 5.5 -2 0 0 4973
5 14 35 5.5 -2 0 0 2990
5 14 36 5.5 -2 0 0 3322
5 14 37 1.5 -2 0 0 3905
5 14 38 1.5 -2 0 0 2646
5 14 39 1.5 -2 0 0 2464
5 14 40 5.5 -2 0 0 3641
5 14 41 5.5 -2 0 0 2813
5 14 42 1.5 -2 0 0 3321
5 14 43 1.5 -2 0 0 3910
5 14 44 1.5 -2 0 0 2444
5 14 45 1.5 -2 0 0 2889
5 14 46 1.5 -2 0 0 4314
5 14 47 5.5 -2 0 0 2411
5 14 48 1.5 -2 0 0 2956
5 14 49 1.5 -2 0 0 3316
5 14 50 1.5 -2 0 0 2815
5 14 51 1.5 -2 0 0 936
5 14 52 1.5 -2 0 0 3453
5 14 53 1.5 -2 0 0 2422
5 14 54 1.5 -2 0 0 2860
5 14 55 1.5 -2 0 0 2817
5 14 56 1.5 -2 0 0 2878
5 14 57 1.5 -2 0 0 3034
5 14 58 1.5 -2 0 0 2905
5 14 59 1.5 -2 0 0 4083
5 14 60 1.5 -2 0 0 2642
5 14 61 1.5 -2 0 0 3118
5 14 62 1.5 -2 0 0 3393
5 14 63 1.5 -2 0 0 2821
5 15 0 1.5 -2 0 0 3040
5 15 1 1.5 -2 0 0 927
5 15 2 1.5 -2 0 0 2854
5 15 3 1.5 -2 0 0 2301
5 15 4 1.5 -2 0 0 2937
5 15 5 1.5 -2 0 0 2888
5 15 6 5.5 -2 0 0 317
5 15 7 1.5 -2 0 0 2098
5 15 8 5.5 -2 0 0 2666
5 15 9 5.5 -2 0 0 2209
5 15 10 5.5 -2 0 0 2087
5 15 11 5.5 -2 0 0 3036
5 15 12 1.5 -2 0 0 2570
5 15 13 5.5 -2 0 0 2503
5 15 14 5.5 -2 0 0 3278
5 15 15 5.5 -2 0 0 2698
5 15 16 0 -10 0 0 0
5 15 17 5.5 -2 0 0 3541
5 15 18 5.5 -2 0 0 2829
5 15 19 5.5 -2 0 0 2507
5 15 20 5.5 -2 0 0 3183
5 15 21 5.5 -2 0 0 2380
5 15 22 5.5 -2 0 0 2425
5 15 23 5.5 -2 0 0 3469
5 15 24 5.5 -2 0 0 3182
5 15 25 5.5 -2 0 0 2696
5 15 26 5.5 -2 0 0 3665
5 15 27 5.5 -2 0 0 2937
5 15 28 5.5 -2 0 0 2913
5 15 29 5.5 -2 0 0 3681
5 15 30 5.5 -2 0 0 3356
5 15 31 5.5 -2 0 0 2740
5 15 32 5.5 -2 0 0 2924
5 15 33 5.5 -2 0 0 3492
5 15 34 5.5 -2 0 0 4232
5 15 35 5.5 -2 0 0 2244
5 15 36 5.5 -2 0 0 3482
5 15 37 5.5 -2 0 0 3824
5 15 38 5.5 -2 0 0 1984
5 15 39 5.5 -2 0 0 4471
5 15 40 5.5 -2 0 0 3785
5 15 41 5.5 -2 0 0 2150
5 15 42 5.5 -2 0 0 3939
5 15 43 5.5 -2 0 0 4172
5 15 44 5.5 -2 0 0 3012
5 15 45 5.5 -2 0 0 3751
5 15 46 5.5 -2 0 0 4462
5 15 47 5.5 -2 0 0 3736
5 15 48 5.5 -2 0 0 3874
5 15 49 5.5 -2 0 0 4320
5 15 50 5.5 -2 0 0 4066
5 15 51 5.5 -2 0 0 5530
5 15 52 1.5 -2 0 0 4614
5 15 53 5.5 -2 0 0 4244
5 15 54 5.5 -2 0 0 4295
5 15 55 1.5 -2 0 0 4641
5 15 56 1.5 -2 0 0 5119
5 15 57 1.5 -2 0 0 5397
5 15 58 1.5 -2 0 0 4742
5 15 59 1.5 -2 0 0 4972
5 15 60 1.5 -2 0 0 4270
5 15 61 1.5 -2 0 0 5807
5 15 62 1.5 -2 0 0 5114
5 15 63 1.5 -2 0 0 4489
6 0 0 1.5 -2 0 0 293
6 0 1 0 -10 0 0 154
6 0 2 5.5 -2 0 0 559
6 0 3 0 -10 0 0 81
6 0 4 1.5 -2 0 0 544
6 0 5 1.5 -2 0 0 387
6 0 6 1.5 -2 0 0 222
6 0 7 0 -10 0 0 82
6 0 8 1.5 -2 0 0 477
6 0 9 0 -10 0 0 96
6 0 10 0 -10 0 0 89
6 0 11 1.5 -2 0 0 548
6 0 12 0 -10 0 0 101
6 0 13 5.5 -2 0 0 209
6 0 14 5.5 -2 0 0 438
6 0 15 0 -10 0 0 136
6 0 16 5.5 -2 0 0 573
6 0 17 5.5 -2 0 0 611
6 0 18 0 -10 0 0 122
6 0 19 0 -10 0 0 178
6 0 20 0 -10 0 0 110
6 0 21 0 -10 0 0 124
6 0 22 0 -10 0 0 81
6 0 23 5.5 -2 0 0 215
6 0 24 5.5 -2 0 0 525
6 0 25 0 -10 0 0 135
6 0 26 5.5 -2 0 0 459
6 0 27 0 -10 0 0 107
6 0 28 0 -10 0 0 164
6 0 29 5.5 -2 0 0 619
6 0 30 0 -10 0 0 118
6 0 31 5.5 -2 0 0 560
6 0 32 0 -10 0 0 141
6 0 33 0 -10 0 0 140
6 0 34 5.5 -2 0 0 709
6 0 35 0 -10 0 0 188
6 0 36 0 -10 0 0 111
6 0 37 0 -10 0 0 189
6 0 38 5.5 -2 0 0 504
6 0 39 5.5 -2 0 0 327
6 0 40 0 -10 0 0 138
6 0 41 1.5 -2 0 0 227
6 0 42 0 -10 0 0 127
6 0 43 5.5 -2 0 0 460
6 0 44 1.5 -2 0 0 476
6 0 45 0 -10 0 0 145
6 0 46 5.5 -2 0 0 288
6 0 47 1.5 -2 0 0 588
6 0 48 0 -10 0 0 137
6 0 49 5.5 -2 0 0 205
6 0 50 1.5 -2 0 0 237
6 0 51 1.5 -2 0 0 707
6 0 52 1.5 -2 0 0 235
6 0 53 1.5 -2 0 0 636
6 0 54 1.5 -2 0 0 215
6 0 55 1.5 -2 0 0 557
6 0 56 1.5 -2 0 0 274
6 0 57 1.5 -2 0 0 698
6 0 58 1.5 -2 0 0 203
6 0 59 1.5 -2 0 0 427
6 0 60 1.5 -2 0 0 698
6 0 61 1.5 -2 0 0 534
6 0 62 1.5 -2 0 0 658
6 0 63 1.5 -2 0 0 496
6 1 0 5.5 -2 0 0 452
6 1 1 1.5 -2 0 0 533
6 1 2 1.5 -2 0 0 467
6 1 3 5.5 -2 0 0 260
6 1 4 0 -10 0 0 115
6 1 5 1.5 -2 0 0 782
6 1 6 5.5 -2 0 0 623
6 1 7 1.5 -2 0 0 836
6 1 8 0 -10 0 0 189
6 1 9 5.5 -2 0 0 210
6 1 10 5.5 -2 0 0 788
6 1 11 0 -10 0 0 126
6 1 12 5.5 -2 0 0 306
6 1 13 5.5 -2 0 0 595
6 1 14 5.5 -2 0 0 357
6 1 15 5.5 -2 0 0 439
6 1 16 5.5 -2 0 0 1224
6 1 17 0 -10 0 0 189
6 1 18 0 -10 0 0 117
6 1 19 5.5 -2 0 0 556
6 1 20 0 -10 0 0 98
6 1 21 5.5 -2 0 0 430
6 1 22 5.5 -2 0 0 545
6 1 23 0 -10 0 0 90
6 1 24 5.5 -2 0 0 400
6 1 25 5.5 -2 0 0 283
6 1 26 5.5 -2 0 0 566
6 1 27 0 -10 0 0 107
6 1 28 0 -10 0 0 192
6 1 29 0 -10 0 0 107
6 1 30 0 -10 0 0 104
6 1 31 5.5 -2 0 0 512
6 1 32 5.5 -2 0 0 513
6 1 33 0 -10 0 0 122
6 1 34 0 -10 0 0 197
6 1 35 5.5 -2 0 0 792
6 1 36 0 -10 0 0 111
6 1 37 0 -10 0 0 100
6 1 38 5.5 -2 0 0 653
6 1 39 0 -10 0 0 82
6 1 40 0 -10 0 0 111
6 1 41 5.5 -2 0 0 644
6 1 42 0 -10 0 0 193
6 1 43 0 -10 0 0 123
6 1 44 5.5 -2 0 0 449
6 1 45 0 -10 0 0 199
6 1 46 5.5 -2 0 0 252
6 1 47 1.5 -2 0 0 425
6 1 48 5.5 -2 0 0 384
6 1 49 0 -10 0 0 143
6 1 50 1.5 -2 0 0 722
6 1 51 0 -10 0 0 105
6 1 52 1.5 -2 0 0 206
6 1 53 0 -10 0 0 130
6 1 54 1.5 -2 0 0 667
6 1 55 0 -10 0 0 190
6 1 56 0 -10 0 0 101
6 1 57 0 -10 0 0 109
6 1 58 1.5 -2 0 0 656
6 1 59 1.5 -2 0 0 261
6 1 60 0 -10 0 0 78
6 1 61 0 -10 0 0 94
6 1 62 1.5 -2 0 0 229
6 1 63 1.5 -2 0 0 208
6 2 0 1.5 -2 0 0 282
6 2 1 0 -10 0 0 143
6 2 2 1.5 -2 0 0 568
6 2 3 1.5 -2 0 0 608
6 2 4 0 -10 0 0 133
6 2 5 5.5 -2 0 0 270
6 2 6 0 -10 0 0 159
6 2 7 1.5 -2 0 0 406
6 2 8 1.5 -2 0 0 620
6 2 9 5.5 -2 0 0 684
6 2 10 5.5 -2 0 0 672
6 2 11 1.5 -2 0 0 788
6 2 12 1.5 -2 0 0 470
6 2 13 1.5 -2 0 0 556
6 2 14 1.5 -2 0 0 703
6 2 15 5.5 -2 0 0 686
6 2 16 5.5 -2 0 0 376
6 2 17 5.5 -2 0 0 684
6 2 18 5.5 -2 0 0 223
6 2 19 5.5 -2 0 0 461
6 2 20 5.5 -2 0 0 214
6 2 21 5.5 -2 0 0 731
6 2 22 5.5 -2 0 0 499
6 2 23 5.5 -2 0 0 795
6 2 24 5.5 -2 0 0 659
6 2 25 5.5 -2 0 0 368
6 2 26 5.5 -2 0 0 771
6 2 27 5.5 -2 0 0 548
6 2 28 5.5 -2 0 0 688
6 2 29 5.5 -2 0 0 717
6 2 30 0 -10 0 0 162
6 2 31 5.5 -2 0 0 691
6 2 32 1.5 -2 0 0 553
6 2 33 5.5 -2 0 0 634
6 2 34 1.5 -2 0 0 806
6 2 35 5.5 -2 0 0 739
6 2 36 5.5 -2 0 0 625
6 2 37 5.5 -2 0 0 859
6 2 38 5.5 -2 0 0 756
6 2 39 5.5 -2 0 0 929
6 2 40 5.5 -2 0 0 816
6 2 41 5.5 -2 0 0 531
6 2 42 5.5 -2 0 0 673
6 2 43 5.5 -2 0 0 731
6 2 44 5.5 -2 0 0 651
6 2 45 5.5 -2 0 0 692
6 2 46 0 -10 0 0 185
6 2 47 5.5 -2 0 0 867
6 2 48 5.5 -2 0 0 729
6 2 49 1.5 -2 0 0 749
6 2 50 1.5 -2 0 0 652
6 2 51 1.5 -2 0 0 1150
6 2 52 1.5 -2 0 0 749
6 2 53 1.5 -2 0 0 790
6 2 54 1.5 -2 0 0 821
6 2 55 1.5 -2 0 0 994
6 2 56 1.5 -2 0 0 968
6 2 57 1.5 -2 0 0 1061
6 2 58 1.5 -2 0 0 889
6 2 59 1.5 -2 0 0 762
6 2 60 1.5 -2 0 0 703
6 2 61 1.5 -2 0 0 1351
6 2 62 1.5 -2 0 0 1170
6 2 63 1.5 -2 0 0 867
6 3 0 1.5 -2 0 0 1214
6 3 1 1.5 -2 0 0 1294
6 3 2 1.5 -2 0 0 1588
6 3 3 1.5 -2 0 0 1314
6 3 4 1.5 -2 0 0 204
6 3 5 1.5 -2 0 0 1511
6 3 6 1.5 -2 0 0 1794
6 3 7 1.5 -2 0 0 2403
6 3 8 1.5 -2 0 0 1439
6 3 9 1.5 -2 0 0 2207
6 3 10 1.5 -2 0 0 1920
6 3 11 5.5 -2 0 0 218
6 3 12 1.5 -2 0 0 979
6 3 13 1.5 -2 0 0 1017
6 3 14 1.5 -2 0 0 1320
6 3 15 1.5 -2 0 0 757
6 3 16 5.5 -2 0 0 2818
6 3 17 5.5 -2 0 0 222
6 3 18 5.5 -2 0 0 238
6 3 19 5.5 -2 0 0 1312
6 3 20 1.5 -2 0 0 505
6 3 21 1.5 -2 0 0 1005
6 3 22 1.5 -2 0 0 1274
6 3 23 0 -10 0 0 199
6 3 24 5.5 -2 0 0 532
6 3 25 1.5 -2 0 0 1909
6 3 26 5.5 -2 0 0 285
6 3 27 5.5 -2 0 0 246
6 3 28 5.5 -2 0 0 1534
6 3 29 0 -10 0 0 156
6 3 30 5.5 -2 0 0 225
6 3 31 1.5 -2 0 0 1093
6 3 32 5.5 -2 0 0 940
6 3 33 5.5 -2 0 0 280
6 3 34 0 -10 0 0 174
6 3 35 5.5 -2 0 0 1480
6 3 36 5.5 -2 0 0 409
6 3 37 5.5 -2 0 0 212
6 3 38 1.5 -2 0 0 980
6 3 39 0 -10 0 0 110
6 3 40 5.5 -2 0 0 1225
6 3 41 1.5 -2 0 0 779
6 3 42 5.5 -2 0 0 511
6 3 43 1.5 -2 0 0 610
6 3 44 1.5 -2 0 0 811
6 3 45 1.5 -2 0 0 1199
6 3 46 5.5 -2 0 0 899
6 3 47 1.5 -2 0 0 1284
6 3 48 1.5 -2 0 0 1118
6 3 49 5.5 -2 0 0 248
6 3 50 1.5 -2 0 0 607
6 3 51 1.5 -2 0 0 382
6 3 52 1.5 -2 0 0 308
6 3 53 1.5 -2 0 0 1085
6 3 54 1.5 -2 0 0 508
6 3 55 1.5 -2 0 0 437
6 3 56 1.5 -2 0 0 353
6 3 57 1.5 -2 0 0 293
6 3 58 1.5 -2 0 0 423
6 3 59 1.5 -2 0 0 644
6 3 60 0 -10 0 0 165
6 3 61 1.5 -2 0 0 760
6 3 62 1.5 -2 0 0 412
6 3 63 0 -10 0 0 171
6 4 0 1.5 -2 0 0 1578
6 4 1 5.5 -2 0 0 1200
6 4 2 5.5 -2 0 0 1095
6 4 3 5.5 -2 0 0 406
6 4 4 1.5 -2 0 0 883
6 4 5 1.5 -2 0 0 388
6 4 6 5.5 -2 0 0 979
6 4 7 1.5 -2 0 0 825
6 4 8 5.5 -2 0 0 802
6 4 9 0 -10 0 0 142
6 4 10 5.5 -2 0 0 475
6 4 11 5.5 -2 0 0 1051
6 4 12 5.5 -2 0 0 225
6 4 13 5.5 -2 0 0 592
6 4 14 5.5 -2 0 0 829
6 4 15 5.5 -2 0 0 827
6 4 16 5.5 -2 0 0 602
6 4 17 5.5 -2 0 0 375
6 4 18 5.5 -2 0 0 888
6 4 19 5.5 -2 0 0 514
6 4 20 5.5 -2 0 0 951
6 4 21 5.5 -2 0 0 426
6 4 22 5.5 -2 0 0 877
6 4 23 5.5 -2 0 0 974
6 4 24 5.5 -2 0 0 686
6 4 25 5.5 -2 0 0 819
6 4 26 5.5 -2 0 0 484
6 4 27 5.5 -2 0 0 545
6 4 28 5.5 -2 0 0 694
6 4 29 5.5 -2 0 0 201
6 4 30 5.5 -2 0 0 847
6 4 31 5.5 -2 0 0 449
6 4 32 5.5 -2 0 0 698
6 4 33 5.5 -2 0 0 575
6 4 34 5.5 -2 0 0 272
6 4 35 5.5 -2 0 0 868
6 4 36 5.5 -2 0 0 938
6 4 37 5.5 -2 0 0 401
6 4 38 5.5 -2 0 0 843
6 4 39 5.5 -2 0 0 1096
6 4 40 5.5 -2 0 0 1018
6 4 41 5.5 -2 0 0 882
6 4 42 5.5 -2 0 0 766
6 4 43 5.5 -2 0 0 248
6 4 44 5.5 -2 0 0 893
6 4 45 5.5 -2 0 0 656
6 4 46 5.5 -2 0 0 263
6 4 47 5.5 -2 0 0 690
6 4 48 5.5 -2 0 0 767
6 4 49 5.5 -2 0 0 447
6 4 50 5.5 -2 0 0 574
6 4 51 5.5 -2 0 0 1143
6 4 52 5.5 -2 0 0 305
6 4 53 5.5 -2 0 0 663
6 4 54 1.5 -2 0 0 725
6 4 55 5.5 -2 0 0 530
6 4 56 5.5 -2 0 0 822
6 4 57 1.5 -2 0 0 986
6 4 58 1.5 -2 0 0 686
6 4 59 1.5 -2 0 0 290
6 4 60 1.5 -2 0 0 678
6 4 61 1.5 -2 0 0 846
6 4 62 1.5 -2 0 0 682
6 4 63 1.5 -2 0 0 594
6 5 0 1.5 -2 0 0 1321
6 5 1 1.5 -2 0 0 1787
6 5 2 1.5 -2 0 0 2029
6 5 3 5.5 -2 0 0 2975
6 5 4 1.5 -2 0 0 1488
6 5 5 1.5 -2 0 0 2159
6 5 6 1.5 -2 0 0 2137
6 5 7 1.5 -2 0 0 4116
6 5 8 1.5 -2 0 0 1694
6 5 9 1.5 -2 0 0 2732
6 5 10 1.5 -2 0 0 3643
6 5 11 1.5 -2 0 0 2198
6 5 12 1.5 -2 0 0 2243
6 5 13 5.5 -2 0 0 3375
6 5 14 1.5 -2 0 0 465
6 5 15 1.5 -2 0 0 1986
6 5 16 5.5 -2 0 0 4376
6 5 17 5.5 -2 0 0 522
6 5 18 5.5 -2 0 0 2737
6 5 19 5.5 -2 0 0 4168
6 5 20 1.5 -2 0 0 2307
6 5 21 1.5 -2 0 0 2750
6 5 22 5.5 -2 0 0 3440
6 5 23 5.5 -2 0 0 2138
6 5 24 1.5 -2 0 0 1031
6 5 25 5.5 -2 0 0 3983
6 5 26 5.5 -2 0 0 447
6 5 27 5.5 -2 0 0 668
6 5 28 5.5 -2 0 0 3224
6 5 29 5.5 -2 0 0 1931
6 5 30 5.5 -2 0 0 2641
6 5 31 5.5 -2 0 0 3681
6 5 32 5.5 -2 0 0 3056
6 5 33 5.5 -2 0 0 542
6 5 34 5.5 -2 0 0 344
6 5 35 5.5 -2 0 0 3584
6 5 36 5.5 -2 0 0 1585
6 5 37 5.5 -2 0 0 1464
6 5 38 1.5 -2 0 0 2374
6 5 39 1.5 -2 0 0 2352
6 5 40 5.5 -2 0 0 2357
6 5 41 1.5 -2 0 0 2031
6 5 42 5.5 -2 0 0 268
6 5 43 5.5 -2 0 0 768
6 5 44 1.5 -2 0 0 969
6 5 45 1.5 -2 0 0 501
6 5 46 5.5 -2 0 0 348
6 5 47 5.5 -2 0 0 3317
6 5 48 5.5 -2 0 0 2457
6 5 49 1.5 -2 0 0 319
6 5 50 1.5 -2 0 0 698
6 5 51 1.5 -2 0 0 1683
6 5 52 1.5 -2 0 0 976
6 5 53 1.5 -2 0 0 2883
6 5 54 1.5 -2 0 0 280
6 5 55 1.5 -2 0 0 1721
6 5 56 1.5 -2 0 0 2133
6 5 57 1.5 -2 0 0 809
6 5 58 1.5 -2 0 0 309
6 5 59 1.5 -2 0 0 1664
6 5 60 1.5 -2 0 0 2542
6 5 61 1.5 -2 0 0 1088
6 5 62 1.5 -2 0 0 678
6 5 63 1.5 -2 0 0 343
6 6 0 1.5 -2 0 0 1261
6 6 1 1.5 -2 0 0 1249
6 6 2 1.5 -2 0 0 1054
6 6 3 1.5 -2 0 0 841
6 6 4 1.5 -2 0 0 808
6 6 5 1.5 -2 0 0 854
6 6 6 1.5 -2 0 0 928
6 6 7 1.5 -2 0 0 593
6 6 8 1.5 -2 0 0 1016
6 6 9 1.5 -2 0 0 841
6 6 10 1.5 -2 0 0 655
6 6 11 1.5 -2 0 0 850
6 6 12 1.5 -2 0 0 806
6 6 13 1.5 -2 0 0 786
6 6 14 1.5 -2 0 0 1270
6 6 15 1.5 -2 0 0 816
6 6 16 1.5 -2 0 0 816
6 6 17 1.5 -2 0 0 1014
6 6 18 5.5 -2 0 0 681
6 6 19 5.5 -2 0 0 843
6 6 20 1.5 -2 0 0 831
6 6 21 5.5 -2 0 0 620
6 6 22 1.5 -2 0 0 892
6 6 23 1.5 -2 0 0 887
6 6 24 1.5 -2 0 0 1137
6 6 25 1.5 -2 0 0 848
6 6 26 5.5 -2 0 0 1242
6 6 27 1.5 -2 0 0 714
6 6 28 5.5 -2 0 0 687
6 6 29 5.5 -2 0 0 1174
6 6 30 1.5 -2 0 0 668
6 6 31 1.5 -2 0 0 694
6 6 32 1.5 -2 0 0 838
6 6 33 5.5 -2 0 0 718
6 6 34 5.5 -2 0 0 1399
6 6 35 1.5 -2 0 0 741
6 6 36 1.5 -2 0 0 857
6 6 37 1.5 -2 0 0 837
6 6 38 1.5 -2 0 0 594
6 6 39 5.5 -2 0 0 664
6 6 40 5.5 -2 0 0 788
6 6 41 1.5 -2 0 0 612
6 6 42 1.5 -2 0 0 738
6 6 43 1.5 -2 0 0 910
6 6 44 1.5 -2 0 0 634
6 6 45 1.5 -2 0 0 801
6 6 46 1.5 -2 0 0 1312
6 6 47 1.5 -2 0 0 598
6 6 48 1.5 -2 0 0 604
6 6 49 1.5 -2 0 0 763
6 6 50 1.5 -2 0 0 623
6 6 51 1.5 -2 0 0 1004
6 6 52 1.5 -2 0 0 876
6 6 53 1.5 -2 0 0 523
6 6 54 1.5 -2 0 0 670
6 6 55 1.5 -2 0 0 852
6 6 56 1.5 -2 0 0 706
6 6 57 1.5 -2 0 0 922
6 6 58 1.5 -2 0 0 664
6 6 59 1.5 -2 0 0 988
6 6 60 1.5 -2 0 0 764
6 6 61 1.5 -2 0 0 992
6 6 62 1.5 -2 0 0 907
6 6 63 1.5 -2 0 0 658
6 7 0 1.5 -2 0 0 1141
6 7 1 5.5 -2 0 0 1205
6 7 2 1.5 -2 0 0 1309
6 7 3 1.5 -2 0 0 1861
6 7 4 1.5 -2 0 0 1168
6 7 5 1.5 -2 0 0 1232
6 7 6 1.5 -2 0 0 1443
6 7 7 1.5 -2 0 0 2493
6 7 8 1.5 -2 0 0 1170
6 7 9 1.5 -2 0 0 1698
6 7 10 5.5 -2 0 0 1890
6 7 11 1.5 -2 0 0 1184
6 7 12 1.5 -2 0 0 1645
6 7 13 1.5 -2 0 0 2264
6 7 14 5.5 -2 0 0 1206
6 7 15 1.5 -2 0 0 1680
6 7 16 1.5 -2 0 0 2314
6 7 17 1.5 -2 0 0 1143
6 7 18 5.5 -2 0 0 1401
6 7 19 1.5 -2 0 0 2358
6 7 20 1.5 -2 0 0 1284
6 7 21 1.5 -2 0 0 1590
6 7 22 1.5 -2 0 0 2067
6 7 23 5.5 -2 0 0 1735
6 7 24 1.5 -2 0 0 1010
6 7 25 1.5 -2 0 0 2618
6 7 26 1.5 -2 0 0 1056
6 7 27 5.5 -2 0 0 2341
6 7 28 1.5 -2 0 0 2073
6 7 29 1.5 -2 0 0 1147
6 7 30 1.5 -2 0 0 1556
6 7 31 1.5 -2 0 0 2510
6 7 32 5.5 -2 0 0 2691
6 7 33 5.5 -2 0 0 1597
6 7 34 1.5 -2 0 0 1209
6 7 35 5.5 -2 0 0 3632
6 7 36 5.5 -2 0 0 1044
6 7 37 5.5 -2 0 0 734
6 7 38 1.5 -2 0 0 3872
6 7 39 5.5 -2 0 0 2810
6 7 40 5.5 -2 0 0 563
6 7 41 5.5 -2 0 0 2904
6 7 42 5.5 -2 0 0 715
6 7 43 1.5 -2 0 0 1158
6 7 44 1.5 -2 0 0 2628
6 7 45 1.5 -2 0 0 2602
6 7 46 1.5 -2 0 0 1208
6 7 47 1.5 -2 0 0 4177
6 7 48 1.5 -2 0 0 1369
6 7 49 1.5 -2 0 0 1216
6 7 50 1.5 -2 0 0 2759
6 7 51 1.5 -2 0 0 1237
6 7 52 1.5 -2 0 0 916
6 7 53 1.5 -2 0 0 3114
6 7 54 1.5 -2 0 0 2554
6 7 55 1.5 -2 0 0 1134
6 7 56 1.5 -2 0 0 1703
6 7 57 1.5 -2 0 0 1579
6 7 58 1.5 -2 0 0 1844
6 7 59 1.5 -2 0 0 1329
6 7 60 1.5 -2 0 0 2366
6 7 61 1.5 -2 0 0 1027
6 7 62 1.5 -2 0 0 1307
6 7 63 1.5 -2 0 0 1591
6 8 0 1.5 -2 0 0 210
6 8 1 1.5 -2 0 0 832
6 8 2 1.5 -2 0 0 780
6 8 3 1.5 -2 0 0 722
6 8 4 5.5 -2 0 0 755
6 8 5 5.5 -2 0 0 805
6 8 6 5.5 -2 0 0 774
6 8 7 5.5 -2 0 0 712
6 8 8 1.5 -2 0 0 793
6 8 9 5.5 -2 0 0 771
6 8 10 5.5 -2 0 0 763
6 8 11 5.5 -2 0 0 786
6 8 12 5.5 -2 0 0 731
6 8 13 5.5 -2 0 0 773
6 8 14 5.5 -2 0 0 895
6 8 15 5.5 -2 0 0 817
6 8 16 5.5 -2 0 0 764
6 8 17 5.5 -2 0 0 815
6 8 18 5.5 -2 0 0 753
6 8 19 5.5 -2 0 0 801
6 8 20 1.5 -2 0 0 909
6 8 21 5.5 -2 0 0 750
6 8 22 5.5 -2 0 0 581
6 8 23 0 -10 0 0 137
6 8 24 5.5 -2 0 0 811
6 8 25 5.5 -2 0 0 844
6 8 26 5.5 -2 0 0 957
6 8 27 5.5 -2 0 0 244
6 8 28 5.5 -2 0 0 850
6 8 29 5.5 -2 0 0 946
6 8 30 0 -10 0 0 149
6 8 31 5.5 -2 0 0 351
6 8 32 5.5 -2 0 0 887
6 8 33 0 -10 0 0 110
6 8 34 5.5 -2 0 0 955
6 8 35 5.5 -2 0 0 946
6 8 36 5.5 -2 0 0 950
6 8 37 0 -10 0 0 161
6 8 38 5.5 -2 0 0 768
6 8 39 5.5 -2 0 0 1256
6 8 40 0 -10 0 0 139
6 8 41 5.5 -2 0 0 922
6 8 42 0 -10 0 0 144
6 8 43 0 -10 0 0 157
6 8 44 5.5 -2 0 0 964
6 8 45 5.5 -2 0 0 956
6 8 46 5.5 -2 0 0 201
6 8 47 5.5 -2 0 0 1293
6 8 48 0 -10 0 0 150
6 8 49 0 -10 0 0 186
6 8 50 0 -10 0 0 163
6 8 51 5.5 -2 0 0 1371
6 8 52 1.5 -2 0 0 201
6 8 53 1.5 -2 0 0 1175
6 8 54 5.5 -2 0 0 1126
6 8 55 1.5 -2 0 0 641
6 8 56 1.5 -2 0 0 1344
6 8 57 1.5 -2 0 0 1300
6 8 58 1.5 -2 0 0 416
6 8 59 1.5 -2 0 0 247
6 8 60 1.5 -2 0 0 1216
6 8 61 1.5 -2 0 0 376
6 8 62 1.5 -2 0 0 513
6 8 63 1.5 -2 0 0 396
6 9 0 0 -10 0 0 0
6 9 1 0 -10 0 0 0
6 9 2 0 -10 0 0 0
6 9 3 0 -10 0 0 0
6 9 4 0 -10 0 0 0
6 9 5 0 -10 0 0 0
6 9 6 0 -10 0 0 0
6 9 7 0 -10 0 0 0
6 9 8 0 -10 0 0 0
6 9 9 0 -10 0 0 0
6 9 10 0 -10 0 0 0
6 9 11 0 -10 0 0 0
6 9 12 0 -10 0 0 0
6 9 13 0 -10 0 0 0
6 9 14 0 -10 0 0 0
6 9 15 0 -10 0 0 0
6 9 16 0 -10 0 0 0
6 9 17 0 -10 0 0 0
6 9 18 0 -10 0 0 0
6 9 19 0 -10 0 0 0
6 9 20 0 -10 0 0 0
6 9 21 0 -10 0 0 0
6 9 22 0 -10 0 0 0
6 9 23 0 -10 0 0 0
6 9 24 0 -10 0 0 0
6 9 25 0 -10 0 0 0
6 9 26 0 -10 0 0 0
6 9 27 0 -10 0 0 0
6 9 28 0 -10 0 0 0
6 9 29 0 -10 0 0 0
6 9 30 0 -10 0 0 0
6 9 31 0 -10 0 0 0
6 9 32 0 -10 0 0 0
6 9 33 0 -10 0 0 0
6 9 34 0 -10 0 0 0
6 9 35 0 -10 0 0 0
6 9 36 0 -10 0 0 0
6 9 37 0 -10 0 0 0
6 9 38 0 -10 0 0 0
6 9 39 0 -10 0 0 0
6 9 40 0 -10 0 0 0
6 9 41 0 -10 0 0 0
6 9 42 0 -10 0 0 0
6 9 43 0 -10 0 0 0
6 9 44 0 -10 0 0 0
6 9 45 0 -10 0 0 0
6 9 46 0 -10 0 0 0
6 9 47 0 -10 0 0 0
6 9 48 0 -10 0 0 0
6 9 49 0 -10 0 0 0
6 9 50 0 -10 0 0 0
6 9 51 0 -10 0 0 0
6 9 52 0 -10 0 0 0
6 9 53 0 -10 0 0 0
6 9 54 0 -10 0 0 0
6 9 55 0 -10 0 0 0
6 9 56 0 -10 0 0 0
6 9 57 0 -10 0 0 0
6 9 58 0 -10 0 0 0
6 9 59 0 -10 0 0 0
6 9 60 0 -10 0 0 0
6 9 61 0 -10 0 0 0
6 9 62 0 -10 0 0 0
6 9 63 0 -10 0 0 0
6 10 0 1.5 -2 0 0 1668
6 10 1 1.5 -2 0 0 608
6 10 2 1.5 -2 0 0 1437
6 10 3 1.5 -2 0 0 1414
6 10 4 1.5 -2 0 0 1204
6 10 5 1.5 -2 0 0 1348
6 10 6 1.5 -2 0 0 1414
6 10 7 1.5 -2 0 0 1379
6 10 8 1.5 -2 0 0 1117
6 10 9 5.5 -2 0 0 1352
6 10 10 1.5 -2 0 0 1268
6 10 11 1.5 -2 0 0 1405
6 10 12 1.5 -2 0 0 1460
6 10 13 1.5 -2 0 0 1459
6 10 14 1.5 -2 0 0 1767
6 10 15 5.5 -2 0 0 1608
6 10 16 5.5 -2 0 0 1341
6 10 17 5.5 -2 0 0 1734
6 10 18 1.5 -2 0 0 1641
6 10 19 1.5 -2 0 0 1444
6 10 20 5.5 -2 0 0 1894
6 10 21 5.5 -2 0 0 1319
6 10 22 5.5 -2 0 0 1335
6 10 23 5.5 -2 0 0 2008
6 10 24 1.5 -2 0 0 1454
6 10 25 5.5 -2 0 0 1751
6 10 26 5.5 -2 0 0 671
6 10 27 1.5 -2 0 0 1803
6 10 28 1.5 -2 0 0 1707
6 10 29 1.5 -2 0 0 1728
6 10 30 5.5 -2 0 0 228
6 10 31 5.5 -2 0 0 1909
6 10 32 5.5 -2 0 0 1849
6 10 33 5.5 -2 0 0 1941
6 10 34 5.5 -2 0 0 2211
6 10 35 5.5 -2 0 0 2269
6 10 36 5.5 -2 0 0 2017
6 10 37 5.5 -2 0 0 2271
6 10 38 5.5 -2 0 0 2546
6 10 39 5.5 -2 0 0 3401
6 10 40 5.5 -2 0 0 619
6 10 41 1.5 -2 0 0 2206
6 10 42 1.5 -2 0 0 2458
6 10 43 5.5 -2 0 0 2335
6 10 44 5.5 -2 0 0 2398
6 10 45 5.5 -2 0 0 2099
6 10 46 5.5 -2 0 0 833
6 10 47 1.5 -2 0 0 3235
6 10 48 1.5 -2 0 0 2435
6 10 49 1.5 -2 0 0 1480
6 10 50 1.5 -2 0 0 2513
6 10 51 1.5 -2 0 0 3943
6 10 52 1.5 -2 0 0 2640
6 10 53 1.5 -2 0 0 3092
6 10 54 1.5 -2 0 0 2639
6 10 55 1.5 -2 0 0 3139
6 10 56 1.5 -2 0 0 3510
6 10 57 1.5 -2 0 0 3739
6 10 58 1.5 -2 0 0 2805
6 10 59 1.5 -2 0 0 857
6 10 60 1.5 -2 0 0 3337
6 10 61 1.5 -2 0 0 4227
6 10 62 1.5 -2 0 0 3419
6 10 63 1.5 -2 0 0 2870
6 11 0 5.5 -2 0 0 4026
6 11 1 5.5 -2 0 0 3824
6 11 2 1.5 -2 0 0 3770
6 11 3 1.5 -2 0 0 2401
6 11 4 1.5 -2 0 0 927
6 11 5 5.5 -2 0 0 1897
6 11 6 1.5 -2 0 0 3607
6 11 7 5.5 -2 0 0 967
6 11 8 5.5 -2 0 0 2808
6 11 9 5.5 -2 0 0 3138
6 11 10 1.5 -2 0 0 2951
6 11 11 5.5 -2 0 0 1235
6 11 12 5.5 -2 0 0 2763
6 11 13 5.5 -2 0 0 716
6 11 14 5.5 -2 0 0 3240
6 11 15 1.5 -2 0 0 2363
6 11 16 5.5 -2 0 0 2735
6 11 17 5.5 -2 0 0 469
6 11 18 5.5 -2 0 0 2293
6 11 19 5.5 -2 0 0 1899
6 11 20 5.5 -2 0 0 1264
6 11 21 5.5 -2 0 0 3429
6 11 22 5.5 -2 0 0 1644
6 11 23 5.5 -2 0 0 386
6 11 24 5.5 -2 0 0 1273
6 11 25 5.5 -2 0 0 762
6 11 26 5.5 -2 0 0 459
6 11 27 5.5 -2 0 0 507
6 11 28 5.5 -2 0 0 1024
6 11 29 5.5 -2 0 0 260
6 11 30 5.5 -2 0 0 339
6 11 31 5.5 -2 0 0 801
6 11 32 5.5 -2 0 0 787
6 11 33 5.5 -2 0 0 1735
6 11 34 5.5 -2 0 0 2451
6 11 35 0 -10 0 0 155
6 11 36 5.5 -2 0 0 246
6 11 37 5.5 -2 0 0 275
6 11 38 5.5 -2 0 0 912
6 11 39 0 -10 0 0 164
6 11 40 5.5 -2 0 0 367
6 11 41 5.5 -2 0 0 1476
6 11 42 5.5 -2 0 0 242
6 11 43 5.5 -2 0 0 300
6 11 44 0 -10 0 0 89
6 11 45 0 -10 0 0 128
6 11 46 5.5 -2 0 0 567
6 11 47 5.5 -2 0 0 697
6 11 48 5.5 -2 0 0 219
6 11 49 5.5 -2 0 0 270
6 11 50 0 -10 0 0 99
6 11 51 5.5 -2 0 0 345
6 11 52 1.5 -2 0 0 244
6 11 53 1.5 -2 0 0 310
6 11 54 0 -10 0 0 0
6 11 55 1.5 -2 0 0 543
6 11 56 5.5 -2 0 0 211
6 11 57 5.5 -2 0 0 217
6 11 58 1.5 -2 0 0 222
6 11 59 1.5 -2 0 0 2114
6 11 60 1.5 -2 0 0 254
6 11 61 1.5 -2 0 0 292
6 11 62 1.5 -2 0 0 664
6 11 63 1.5 -2 0 0 1644
6 12 0 5.5 -2 0 0 4725
6 12 1 5.5 -2 0 0 4319
6 12 2 5.5 -2 0 0 4076
6 12 3 1.5 -2 0 0 3606
6 12 4 5.5 -2 0 0 682
6 12 5 5.5 -2 0 0 1995
6 12 6 5.5 -2 0 0 3882
6 12 7 5.5 -2 0 0 3452
6 12 8 5.5 -2 0 0 4119
6 12 9 5.5 -2 0 0 3541
6 12 10 5.5 -2 0 0 3496
6 12 11 5.5 -2 0 0 1522
6 12 12 5.5 -2 0 0 3895
6 12 13 5.5 -2 0 0 3702
6 12 14 5.5 -2 0 0 3078
6 12 15 5.5 -2 0 0 2586
6 12 16 5.5 -2 0 0 3416
6 12 17 5.5 -2 0 0 1702
6 12 18 5.5 -2 0 0 4218
6 12 19 5.5 -2 0 0 3687
6 12 20 5.5 -2 0 0 507
6 12 21 5.5 -2 0 0 3598
6 12 22 5.5 -2 0 0 2225
6 12 23 5.5 -2 0 0 770
6 12 24 5.5 -2 0 0 1781
6 12 25 5.5 -2 0 0 3955
6 12 26 5.5 -2 0 0 5089
6 12 27 5.5 -2 0 0 4058
6 12 28 5.5 -2 0 0 3858
6 12 29 5.5 -2 0 0 5116
6 12 30 5.5 -2 0 0 470
6 12 31 5.5 -2 0 0 4124
6 12 32 5.5 -2 0 0 2828
6 12 33 5.5 -2 0 0 4622
6 12 34 5.5 -2 0 0 3772
6 12 35 5.5 -2 0 0 4269
6 12 36 5.5 -2 0 0 500
6 12 37 5.5 -2 0 0 605
6 12 38 5.5 -2 0 0 4430
6 12 39 5.5 -2 0 0 5327
6 12 40 5.5 -2 0 0 602
6 12 41 5.5 -2 0 0 4232
6 12 42 5.5 -2 0 0 751
6 12 43 5.5 -2 0 0 3232
6 12 44 5.5 -2 0 0 3799
6 12 45 5.5 -2 0 0 3628
6 12 46 5.5 -2 0 0 4077
6 12 47 5.5 -2 0 0 4702
6 12 48 5.5 -2 0 0 5012
6 12 49 5.5 -2 0 0 3544
6 12 50 5.5 -2 0 0 4695
6 12 51 5.5 -2 0 0 4352
6 12 52 5.5 -2 0 0 3504
6 12 53 5.5 -2 0 0 4578
6 12 54 5.5 -2 0 0 5078
6 12 55 5.5 -2 0 0 3767
6 12 56 5.5 -2 0 0 3128
6 12 57 5.5 -2 0 0 5905
6 12 58 1.5 -2 0 0 2245
6 12 59 5.5 -2 0 0 4051
6 12 60 5.5 -2 0 0 4872
6 12 61 1.5 -2 0 0 6819
6 12 62 1.5 -2 0 0 4858
6 12 63 1.5 -2 0 0 3777
6 13 0 1.5 -2 0 0 6162
6 13 1 1.5 -2 0 0 5232
6 13 2 1.5 -2 0 0 5734
6 13 3 1.5 -2 0 0 2169
6 13 4 1.5 -2 0 0 1222
6 13 5 1.5 -2 0 0 2533
6 13 6 1.5 -2 0 0 4757
6 13 7 1.5 -2 0 0 890
6 13 8 1.5 -2 0 0 4675
6 13 9 1.5 -2 0 0 4612
6 13 10 1.5 -2 0 0 3641
6 13 11 5.5 -2 0 0 935
6 13 12 1.5 -2 0 0 3310
6 13 13 1.5 -2 0 0 2827
6 13 14 5.5 -2 0 0 6104
6 13 15 1.5 -2 0 0 2460
6 13 16 1.5 -2 0 0 3773
6 13 17 1.5 -2 0 0 3670
6 13 18 5.5 -2 0 0 935
6 13 19 1.5 -2 0 0 3295
6 13 20 1.5 -2 0 0 4264
6 13 21 5.5 -2 0 0 4618
6 13 22 5.5 -2 0 0 4251
6 13 23 5.5 -2 0 0 958
6 13 24 1.5 -2 0 0 4288
6 13 25 5.5 -2 0 0 3817
6 13 26 1.5 -2 0 0 4675
6 13 27 5.5 -2 0 0 792
6 13 28 1.5 -2 0 0 3262
6 13 29 5.5 -2 0 0 2801
6 13 30 5.5 -2 0 0 2809
6 13 31 5.5 -2 0 0 3625
6 13 32 5.5 -2 0 0 1343
6 13 33 1.5 -2 0 0 3189
6 13 34 1.5 -2 0 0 4456
6 13 35 5.5 -2 0 0 1788
6 13 36 5.5 -2 0 0 3833
6 13 37 5.5 -2 0 0 3047
6 13 38 5.5 -2 0 0 3081
6 13 39 5.5 -2 0 0 3648
6 13 40 1.5 -2 0 0 3858
6 13 41 5.5 -2 0 0 3334
6 13 42 5.5 -2 0 0 4039
6 13 43 1.5 -2 0 0 4198
6 13 44 5.5 -2 0 0 3215
6 13 45 5.5 -2 0 0 3785
6 13 46 5.5 -2 0 0 5404
6 13 47 1.5 -2 0 0 2661
6 13 48 5.5 -2 0 0 3954
6 13 49 5.5 -2 0 0 4308
6 13 50 5.5 -2 0 0 3468
6 13 51 1.5 -2 0 0 4173
6 13 52 1.5 -2 0 0 4330
6 13 53 1.5 -2 0 0 3149
6 13 54 1.5 -2 0 0 3551
6 13 55 1.5 -2 0 0 4121
6 13 56 1.5 -2 0 0 3948
6 13 57 1.5 -2 0 0 3987
6 13 58 1.5 -2 0 0 3703
6 13 59 1.5 -2 0 0 4867
6 13 60 1.5 -2 0 0 3481
6 13 61 1.5 -2 0 0 4607
6 13 62 1.5 -2 0 0 4511
6 13 63 1.5 -2 0 0 3915
6 14 0 1.5 -2 0 0 6818
6 14 1 1.5 -2 0 0 5093
6 14 2 1.5 -2 0 0 5081
6 14 3 1.5 -2 0 0 4131
6 14 4 1.5 -2 0 0 4606
6 14 5 1.5 -2 0 0 4913
6 14 6 5.5 -2 0 0 5352
6 14 7 1.5 -2 0 0 4235
6 14 8 1.5 -2 0 0 4518
6 14 9 1.5 -2 0 0 4732
6 14 10 1.5 -2 0 0 4580
6 14 11 1.5 -2 0 0 4539
6 14 12 5.5 -2 0 0 4556
6 14 13 5.5 -2 0 0 3818
6 14 14 1.5 -2 0 0 5580
6 14 15 1.5 -2 0 0 3928
6 14 16 1.5 -2 0 0 4391
6 14 17 5.5 -2 0 0 4975
6 14 18 5.5 -2 0 0 4309
6 14 19 5.5 -2 0 0 3890
6 14 20 1.5 -2 0 0 3510
6 14 21 1.5 -2 0 0 5058
6 14 22 5.5 -2 0 0 3908
6 14 23 5.5 -2 0 0 963
6 14 24 5.5 -2 0 0 5408
6 14 25 5.5 -2 0 0 3704
6 14 26 5.5 -2 0 0 5482
6 14 27 5.5 -2 0 0 3776
6 14 28 5.5 -2 0 0 3556
6 14 29 1.5 -2 0 0 3835
6 14 30 5.5 -2 0 0 3878
6 14 31 5.5 -2 0 0 3305
6 14 32 1.5 -2 0 0 2862
6 14 33 5.5 -2 0 0 3214
6 14 34 5.5 -2 0 0 4937
6 14 35 1.5 -2 0 0 2749
6 14 36 1.5 -2 0 0 3320
6 14 37 5.5 -2 0 0 827
6 14 38 5.5 -2 0 0 2875
6 14 39 5.5 -2 0 0 2616
6 14 40 5.5 -2 0 0 3255
6 14 41 5.5 -2 0 0 2930
6 14 42 5.5 -2 0 0 3451
6 14 43 1.5 -2 0 0 3724
6 14 44 1.5 -2 0 0 2490
6 14 45 1.5 -2 0 0 2995
6 14 46 1.5 -2 0 0 3949
6 14 47 0 -10 0 0 0
6 14 48 5.5 -2 0 0 3070
6 14 49 1.5 -2 0 0 3553
6 14 50 1.5 -2 0 0 2842
6 14 51 1.5 -2 0 0 1767
6 14 52 1.5 -2 0 0 2593
6 14 53 1.5 -2 0 0 2487
6 14 54 1.5 -2 0 0 2927
6 14 55 1.5 -2 0 0 2835
6 14 56 1.5 -2 0 0 2773
6 14 57 1.5 -2 0 0 2977
6 14 58 1.5 -2 0 0 2933
6 14 59 1.5 -2 0 0 3696
6 14 60 1.5 -2 0 0 2454
6 14 61 1.5 -2 0 0 2766
6 14 62 1.5 -2 0 0 3478
6 14 63 1.5 -2 0 0 3116
6 15 0 1.5 -2 0 0 2397
6 15 1 1.5 -2 0 0 1515
6 15 2 1.5 -2 0 0 2359
6 15 3 1.5 -2 0 0 1943
6 15 4 1.5 -2 0 0 3317
6 15 5 1.5 -2 0 0 2348
6 15 6 5.5 -2 0 0 675
6 15 7 1.5 -2 0 0 1499
6 15 8 1.5 -2 0 0 2372
6 15 9 1.5 -2 0 0 2109
6 15 10 1.5 -2 0 0 1605
6 15 11 5.5 -2 0 0 3368
6 15 12 5.5 -2 0 0 1773
6 15 13 1.5 -2 0 0 2719
6 15 14 5.5 -2 0 0 2493
6 15 15 5.5 -2 0 0 3021
6 15 16 5.5 -2 0 0 415
6 15 17 5.5 -2 0 0 3653
6 15 18 5.5 -2 0 0 2359
6 15 19 5.5 -2 0 0 642
6 15 20 5.5 -2 0 0 845
6 15 21 1.5 -2 0 0 1581
6 15 22 5.5 -2 0 0 2446
6 15 23 5.5 -2 0 0 3098
6 15 24 5.5 -2 0 0 3214
6 15 25 5.5 -2 0 0 1799
6 15 26 5.5 -2 0 0 3992
6 15 27 5.5 -2 0 0 2706
6 15 28 5.5 -2 0 0 2580
6 15 29 5.5 -2 0 0 4020
6 15 30 5.5 -2 0 0 1289
6 15 31 5.5 -2 0 0 1612
6 15 32 5.5 -2 0 0 2302
6 15 33 5.5 -2 0 0 3622
6 15 34 1.5 -2 0 0 3181
6 15 35 5.5 -2 0 0 3404
6 15 36 5.5 -2 0 0 1036
6 15 37 5.5 -2 0 0 4333
6 15 38 5.5 -2 0 0 1759
6 15 39 5.5 -2 0 0 1373
6 15 40 5.5 -2 0 0 981
6 15 41 5.5 -2 0 0 2653
6 15 42 1.5 -2 0 0 3935
6 15 43 5.5 -2 0 0 3479
6 15 44 5.5 -2 0 0 3888
6 15 45 5.5 -2 0 0 3913
6 15 46 5.5 -2 0 0 4798
6 15 47 1.5 -2 0 0 3059
6 15 48 5.5 -2 0 0 1742
6 15 49 5.5 -2 0 0 4704
6 15 50 1.5 -2 0 0 4323
6 15 51 1.5 -2 0 0 4750
6 15 52 1.5 -2 0 0 3920
6 15 53 1.5 -2 0 0 2940
6 15 54 1.5 -2 0 0 3691
6 15 55 1.5 -2 0 0 3895
6 15 56 1.5 -2 0 0 5282
6 15 57 1.5 -2 0 0 4493
6 15 58 1.5 -2 0 0 4882
6 15 59 1.5 -2 0 0 4425
6 15 60 1.5 -2 0 0 3388
6 15 61 1.5 -2 0 0 5068
6 15 62 1.5 -2 0 0 4877
6 15 63 1.5 -2 0 0 4322
7 0 0 5.5 -2 0 0 586
7 0 1 1.5 -2 0 0 560
7 0 2 5.5 -2 0 0 498
7 0 3 5.5 -2 0 0 446
7 0 4 0 -10 0 0 82
7 0 5 5.5 -2 0 0 512
7 0 6 5.5 -2 0 0 458
7 0 7 5.5 -2 0 0 500
7 0 8 5.5 -2 0 0 574
7 0 9 5.5 -2 0 0 523
7 0 10 1.5 -2 0 0 503
7 0 11 0 -10 0 0 99
7 0 12 5.5 -2 0 0 518
7 0 13 5.5 -2 0 0 468
7 0 14 5.5 -2 0 0 603
7 0 15 5.5 -2 0 0 543
7 0 16 5.5 -2 0 0 491
7 0 17 0 -10 0 0 143
7 0 18 5.5 -2 0 0 403
7 0 19 5.5 -2 0 0 504
7 0 20 0 -10 0 0 41
7 0 21 5.5 -2 0 0 480
7 0 22 5.5 -2 0 0 451
7 0 23 5.5 -2 0 0 223
7 0 24 5.5 -2 0 0 582
7 0 25 5.5 -2 0 0 575
7 0 26 5.5 -2 0 0 628
7 0 27 5.5 -2 0 0 481
7 0 28 5.5 -2 0 0 533
7 0 29 5.5 -2 0 0 623
7 0 30 0 -10 0 0 53
7 0 31 5.5 -2 0 0 553
7 0 32 5.5 -2 0 0 534
7 0 33 5.5 -2 0 0 368
7 0 34 5.5 -2 0 0 655
7 0 35 5.5 -2 0 0 549
7 0 36 5.5 -2 0 0 295
7 0 37 5.5 -2 0 0 233
7 0 38 5.5 -2 0 0 583
7 0 39 5.5 -2 0 0 700
7 0 40 0 -10 0 0 68
7 0 41 5.5 -2 0 0 565
7 0 42 5.5 -2 0 0 323
7 0 43 5.5 -2 0 0 617
7 0 44 5.5 -2 0 0 588
7 0 45 5.5 -2 0 0 575
7 0 46 5.5 -2 0 0 687
7 0 47 5.5 -2 0 0 685
7 0 48 5.5 -2 0 0 433
7 0 49 5.5 -2 0 0 682
7 0 50 5.5 -2 0 0 630
7 0 51 5.5 -2 0 0 805
7 0 52 5.5 -2 0 0 666
7 0 53 1.5 -2 0 0 647
7 0 54 1.5 -2 0 0 470
7 0 55 1.5 -2 0 0 692
7 0 56 1.5 -2 0 0 693
7 0 57 1.5 -2 0 0 735
7 0 58 1.5 -2 0 0 641
7 0 59 5.5 -2 0 0 751
7 0 60 1.5 -2 0 0 526
7 0 61 1.5 -2 0 0 881
7 0 62 1.5 -2 0 0 753
7 0 63 1.5 -2 0 0 665
7 1 0 1.5 -2 0 0 859
7 1 1 5.5 -2 0 0 807
7 1 2 5.5 -2 0 0 837
7 1 3 5.5 -2 0 0 808
7 1 4 1.5 -2 0 0 739
7 1 5 5.5 -2 0 0 752
7 1 6 5.5 -2 0 0 901
7 1 7 5.5 -2 0 0 1037
7 1 8 5.5 -2 0 0 792
7 1 9 5.5 -2 0 0 212
7 1 10 5.5 -2 0 0 772
7 1 11 5.5 -2 0 0 728
7 1 12 5.5 -2 0 0 731
7 1 13 5.5 -2 0 0 761
7 1 14 5.5 -2 0 0 748
7 1 15 0 -10 0 0 122
7 1 16 5.5 -2 0 0 770
7 1 17 5.5 -2 0 0 678
7 1 18 0 -10 0 0 159
7 1 19 5.5 -2 0 0 937
7 1 20 5.5 -2 0 0 690
7 1 21 5.5 -2 0 0 942
7 1 22 5.5 -2 0 0 883
7 1 23 5.5 -2 0 0 687
7 1 24 5.5 -2 0 0 787
7 1 25 5.5 -2 0 0 832
7 1 26 5.5 -2 0 0 728
7 1 27 5.5 -2 0 0 729
7 1 28 5.5 -2 0 0 699
7 1 29 5.5 -2 0 0 688
7 1 30 5.5 -2 0 0 638
7 1 31 5.5 -2 0 0 779
7 1 32 5.5 -2 0 0 730
7 1 33 1.5 -2 0 0 632
7 1 34 5.5 -2 0 0 700
7 1 35 5.5 -2 0 0 754
7 1 36 5.5 -2 0 0 724
7 1 37 5.5 -2 0 0 669
7 1 38 5.5 -2 0 0 734
7 1 39 5.5 -2 0 0 617
7 1 40 5.5 -2 0 0 666
7 1 41 5.5 -2 0 0 667
7 1 42 5.5 -2 0 0 609
7 1 43 5.5 -2 0 0 648
7 1 44 5.5 -2 0 0 673
7 1 45 5.5 -2 0 0 633
7 1 46 3 -2 0 0 226
7 1 47 5.5 -2 0 0 690
7 1 48 5.5 -2 0 0 600
7 1 49 5.5 -2 0 0 574
7 1 50 5.5 -2 0 0 644
7 1 51 1.5 -2 0 0 583
7 1 52 1.5 -2 0 0 570
7 1 53 5.5 -2 0 0 609
7 1 54 5.5 -2 0 0 601
7 1 55 5.5 -2 0 0 584
7 1 56 1.5 -2 0 0 580
7 1 57 1.5 -2 0 0 569
7 1 58 1.5 -2 0 0 608
7 1 59 2 -2 0 0 254
7 1 60 1.5 -2 0 0 621
7 1 61 1.5 -2 0 0 543
7 1 62 1.5 -2 0 0 388
7 1 63 1.5 -2 0 0 593
7 2 0 1.5 -2 0 0 890
7 2 1 1.5 -2 0 0 819
7 2 2 1.5 -2 0 0 729
7 2 3 5.5 -2 0 0 661
7 2 4 1.5 -2 0 0 729
7 2 5 1.5 -2 0 0 727
7 2 6 1.5 -2 0 0 739
7 2 7 5.5 -2 0 0 626
7 2 8 1.5 -2 0 0 708
7 2 9 1.5 -2 0 0 660
7 2 10 1.5 -2 0 0 636
7 2 11 5.5 -2 0 0 754
7 2 12 5.5 -2 0 0 693
7 2 13 5.5 -2 0 0 666
7 2 14 5.5 -2 0 0 874
7 2 15 1.5 -2 0 0 683
7 2 16 1.5 -2 0 0 650
7 2 17 5.5 -2 0 0 821
7 2 18 5.5 -2 0 0 704
7 2 19 5.5 -2 0 0 649
7 2 20 5.5 -2 0 0 658
7 2 21 5.5 -2 0 0 698
7 2 22 1.5 -2 0 0 612
7 2 23 5.5 -2 0 0 754
7 2 24 5.5 -2 0 0 811
7 2 25 1.5 -2 0 0 698
7 2 26 5.5 -2 0 0 856
7 2 27 5.5 -2 0 0 663
7 2 28 1.5 -2 0 0 668
7 2 29 1.5 -2 0 0 744
7 2 30 5.5 -2 0 0 727
7 2 31 5.5 -2 0 0 687
7 2 32 5.5 -2 0 0 703
7 2 33 1.5 -2 0 0 732
7 2 34 5.5 -2 0 0 756
7 2 35 5.5 -2 0 0 736
7 2 36 5.5 -2 0 0 731
7 2 37 5.5 -2 0 0 686
7 2 38 5.5 -2 0 0 744
7 2 39 5.5 -2 0 0 913
7 2 40 5.5 -2 0 0 778
7 2 41 1.5 -2 0 0 694
7 2 42 1.5 -2 0 0 760
7 2 43 5.5 -2 0 0 821
7 2 44 1.5 -2 0 0 701
7 2 45 1.5 -2 0 0 752
7 2 46 5.5 -2 0 0 1045
7 2 47 1.5 -2 0 0 859
7 2 48 5.5 -2 0 0 805
7 2 49 5.5 -2 0 0 867
7 2 50 1.5 -2 0 0 761
7 2 51 5.5 -2 0 0 1224
7 2 52 1.5 -2 0 0 987
7 2 53 1.5 -2 0 0 877
7 2 54 1.5 -2 0 0 810
7 2 55 1.5 -2 0 0 955
7 2 56 1.5 -2 0 0 980
7 2 57 1.5 -2 0 0 1046
7 2 58 1.5 -2 0 0 877
7 2 59 1.5 -2 0 0 1119
7 2 60 1.5 -2 0 0 891
7 2 61 1.5 -2 0 0 1387
7 2 62 1.5 -2 0 0 1142
7 2 63 1.5 -2 0 0 870
7 3 0 1.5 -2 0 0 1478
7 3 1 1.5 -2 0 0 1559
7 3 2 5.5 -2 0 0 1615
7 3 3 1.5 -2 0 0 1874
7 3 4 1.5 -2 0 0 454
7 3 5 1.5 -2 0 0 1517
7 3 6 5.5 -2 0 0 1855
7 3 7 1.5 -2 0 0 2357
7 3 8 5.5 -2 0 0 1355
7 3 9 1.5 -2 0 0 2231
7 3 10 1.5 -2 0 0 1179
7 3 11 5.5 -2 0 0 1339
7 3 12 5.5 -2 0 0 1649
7 3 13 5.5 -2 0 0 1769
7 3 14 1.5 -2 0 0 1313
7 3 15 5.5 -2 0 0 1638
7 3 16 1.5 -2 0 0 3048
7 3 17 5.5 -2 0 0 1205
7 3 18 5.5 -2 0 0 1565
7 3 19 5.5 -2 0 0 2141
7 3 20 5.5 -2 0 0 228
7 3 21 5.5 -2 0 0 2080
7 3 22 5.5 -2 0 0 2004
7 3 23 5.5 -2 0 0 243
7 3 24 5.5 -2 0 0 1278
7 3 25 5.5 -2 0 0 1814
7 3 26 5.5 -2 0 0 1103
7 3 27 1.5 -2 0 0 491
7 3 28 5.5 -2 0 0 1576
7 3 29 5.5 -2 0 0 1220
7 3 30 5.5 -2 0 0 531
7 3 31 5.5 -2 0 0 1720
7 3 32 1.5 -2 0 0 1322
7 3 33 5.5 -2 0 0 365
7 3 34 5.5 -2 0 0 1035
7 3 35 5.5 -2 0 0 1484
7 3 36 5.5 -2 0 0 265
7 3 37 5.5 -2 0 0 880
7 3 38 5.5 -2 0 0 1359
7 3 39 5.5 -2 0 0 967
7 3 40 5.5 -2 0 0 249
7 3 41 1.5 -2 0 0 1272
7 3 42 5.5 -2 0 0 1079
7 3 43 1.5 -2 0 0 989
7 3 44 5.5 -2 0 0 1150
7 3 45 1.5 -2 0 0 1231
7 3 46 5.5 -2 0 0 610
7 3 47 1.5 -2 0 0 1311
7 3 48 5.5 -2 0 0 678
7 3 49 1.5 -2 0 0 929
7 3 50 1.5 -2 0 0 1091
7 3 51 1.5 -2 0 0 805
7 3 52 1.5 -2 0 0 904
7 3 53 5.5 -2 0 0 980
7 3 54 1.5 -2 0 0 1051
7 3 55 1.5 -2 0 0 892
7 3 56 1.5 -2 0 0 939
7 3 57 1.5 -2 0 0 877
7 3 58 1.5 -2 0 0 957
7 3 59 1.5 -2 0 0 914
7 3 60 1.5 -2 0 0 397
7 3 61 1.5 -2 0 0 862
7 3 62 1.5 -2 0 0 845
7 3 63 1.5 -2 0 0 847
7 4 0 1.5 -2 0 0 1483
7 4 1 1.5 -2 0 0 1208
7 4 2 1.5 -2 0 0 704
7 4 3 1.5 -2 0 0 825
7 4 4 0 -10 0 0 194
7 4 5 1.5 -2 0 0 436
7 4 6 5.5 -2 0 0 975
7 4 7 1.5 -2 0 0 849
7 4 8 1.5 -2 0 0 1114
7 4 9 1.5 -2 0 0 898
7 4 10 5.5 -2 0 0 870
7 4 11 0 -10 0 0 190
7 4 12 5.5 -2 0 0 924
7 4 13 1.5 -2 0 0 805
7 4 14 1.5 -2 0 0 1479
7 4 15 5.5 -2 0 0 265
7 4 16 1.5 -2 0 0 845
7 4 17 5.5 -2 0 0 292
7 4 18 0 -10 0 0 178
7 4 19 5.5 -2 0 0 846
7 4 20 0 -10 0 0 81
7 4 21 5.5 -2 0 0 983
7 4 22 5.5 -2 0 0 811
7 4 23 5.5 -2 0 0 219
7 4 24 5.5 -2 0 0 1251
7 4 25 1.5 -2 0 0 810
7 4 26 1.5 -2 0 0 1480
7 4 27 0 -10 0 0 176
7 4 28 5.5 -2 0 0 859
7 4 29 1.5 -2 0 0 394
7 4 30 0 -10 0 0 106
7 4 31 5.5 -2 0 0 853
7 4 32 5.5 -2 0 0 856
7 4 33 0 -10 0 0 174
7 4 34 5.5 -2 0 0 1643
7 4 35 5.5 -2 0 0 881
7 4 36 5.5 -2 0 0 985
7 4 37 5.5 -2 0 0 1170
7 4 38 5.5 -2 0 0 844
7 4 39 5.5 -2 0 0 1044
7 4 40 5.5 -2 0 0 288
7 4 41 1.5 -2 0 0 885
7 4 42 5.5 -2 0 0 473
7 4 43 5.5 -2 0 0 1333
7 4 44 1.5 -2 0 0 843
7 4 45 1.5 -2 0 0 885
7 4 46 5.5 -2 0 0 1613
7 4 47 1.5 -2 0 0 905
7 4 48 1.5 -2 0 0 948
7 4 49 1.5 -2 0 0 1227
7 4 50 1.5 -2 0 0 889
7 4 51 1.5 -2 0 0 1419
7 4 52 1.5 -2 0 0 1313
7 4 53 1.5 -2 0 0 905
7 4 54 1.5 -2 0 0 997
7 4 55 1.5 -2 0 0 1375
7 4 56 1.5 -2 0 0 1103
7 4 57 1.5 -2 0 0 1308
7 4 58 1.5 -2 0 0 1021
7 4 59 1.5 -2 0 0 1637
7 4 60 1.5 -2 0 0 951
7 4 61 1.5 -2 0 0 1762
7 4 62 1.5 -2 0 0 1697
7 4 63 1.5 -2 0 0 1184
7 5 0 1.5 -2 0 0 1854
7 5 1 1.5 -2 0 0 2021
7 5 2 1.5 -2 0 0 2216
7 5 3 1.5 -2 0 0 3033
7 5 4 1.5 -2 0 0 608
7 5 5 1.5 -2 0 0 2408
7 5 6 1.5 -2 0 0 2552
7 5 7 1.5 -2 0 0 4142
7 5 8 1.5 -2 0 0 2147
7 5 9 1.5 -2 0 0 3236
7 5 10 1.5 -2 0 0 3515
7 5 11 1.5 -2 0 0 1175
7 5 12 1.5 -2 0 0 2715
7 5 13 1.5 -2 0 0 3315
7 5 14 5.5 -2 0 0 1761
7 5 15 1.5 -2 0 0 1769
7 5 16 1.5 -2 0 0 4391
7 5 17 1.5 -2 0 0 1853
7 5 18 1.5 -2 0 0 2706
7 5 19 1.5 -2 0 0 4073
7 5 20 5.5 -2 0 0 317
7 5 21 1.5 -2 0 0 2778
7 5 22 1.5 -2 0 0 3404
7 5 23 5.5 -2 0 0 2141
7 5 24 5.5 -2 0 0 1885
7 5 25 1.5 -2 0 0 3852
7 5 26 1.5 -2 0 0 1743
7 5 27 1.5 -2 0 0 775
7 5 28 5.5 -2 0 0 3163
7 5 29 5.5 -2 0 0 1799
7 5 30 1.5 -2 0 0 1819
7 5 31 1.5 -2 0 0 3721
7 5 32 1.5 -2 0 0 2988
7 5 33 5.5 -2 0 0 1955
7 5 34 5.5 -2 0 0 1684
7 5 35 1.5 -2 0 0 3335
7 5 36 5.5 -2 0 0 1931
7 5 37 5.5 -2 0 0 1472
7 5 38 1.5 -2 0 0 3345
7 5 39 5.5 -2 0 0 2176
7 5 40 5.5 -2 0 0 2317
7 5 41 1.5 -2 0 0 2977
7 5 42 1.5 -2 0 0 1868
7 5 43 5.5 -2 0 0 1741
7 5 44 5.5 -2 0 0 2608
7 5 45 1.5 -2 0 0 2492
7 5 46 1.5 -2 0 0 1656
7 5 47 1.5 -2 0 0 3219
7 5 48 1.5 -2 0 0 685
7 5 49 1.5 -2 0 0 1877
7 5 50 1.5 -2 0 0 2494
7 5 51 1.5 -2 0 0 1617
7 5 52 1.5 -2 0 0 1702
7 5 53 1.5 -2 0 0 2741
7 5 54 1.5 -2 0 0 2253
7 5 55 1.5 -2 0 0 1570
7 5 56 1.5 -2 0 0 1996
7 5 57 1.5 -2 0 0 1878
7 5 58 1.5 -2 0 0 1883
7 5 59 1.5 -2 0 0 1432
7 5 60 1.5 -2 0 0 2354
7 5 61 1.5 -2 0 0 1607
7 5 62 1.5 -2 0 0 1545
7 5 63 1.5 -2 0 0 1712
7 6 0 5.5 -2 0 0 1694
7 6 1 5.5 -2 0 0 1375
7 6 2 5.5 -2 0 0 1198
7 6 3 5.5 -2 0 0 875
7 6 4 5.5 -2 0 0 849
7 6 5 5.5 -2 0 0 1015
7 6 6 5.5 -2 0 0 935
7 6 7 5.5 -2 0 0 856
7 6 8 5.5 -2 0 0 1189
7 6 9 5.5 -2 0 0 937
7 6 10 5.5 -2 0 0 845
7 6 11 5.5 -2 0 0 259
7 6 12 5.5 -2 0 0 820
7 6 13 5.5 -2 0 0 790
7 6 14 5.5 -2 0 0 1593
7 6 15 5.5 -2 0 0 858
7 6 16 5.5 -2 0 0 882
7 6 17 5.5 -2 0 0 1279
7 6 18 5.5 -2 0 0 780
7 6 19 5.5 -2 0 0 823
7 6 20 5.5 -2 0 0 871
7 6 21 5.5 -2 0 0 1041
7 6 22 5.5 -2 0 0 850
7 6 23 5.5 -2 0 0 1033
7 6 24 5.5 -2 0 0 1301
7 6 25 5.5 -2 0 0 833
7 6 26 5.5 -2 0 0 1496
7 6 27 5.5 -2 0 0 790
7 6 28 5.5 -2 0 0 750
7 6 29 5.5 -2 0 0 1116
7 6 30 5.5 -2 0 0 883
7 6 31 5.5 -2 0 0 790
7 6 32 5.5 -2 0 0 792
7 6 33 5.5 -2 0 0 777
7 6 34 5.5 -2 0 0 1411
7 6 35 5.5 -2 0 0 702
7 6 36 5.5 -2 0 0 854
7 6 37 5.5 -2 0 0 912
7 6 38 5.5 -2 0 0 742
7 6 39 5.5 -2 0 0 820
7 6 40 5.5 -2 0 0 854
7 6 41 5.5 -2 0 0 750
7 6 42 5.5 -2 0 0 897
7 6 43 5.5 -2 0 0 1104
7 6 44 5.5 -2 0 0 720
7 6 45 5.5 -2 0 0 760
7 6 46 5.5 -2 0 0 1316
7 6 47 5.5 -2 0 0 713
7 6 48 5.5 -2 0 0 869
7 6 49 5.5 -2 0 0 907
7 6 50 5.5 -2 0 0 743
7 6 51 5.5 -2 0 0 1053
7 6 52 5.5 -2 0 0 976
7 6 53 5.5 -2 0 0 743
7 6 54 5.5 -2 0 0 762
7 6 55 5.5 -2 0 0 938
7 6 56 1.5 -2 0 0 883
7 6 57 1.5 -2 0 0 936
7 6 58 5.5 -2 0 0 823
7 6 59 1.5 -2 0 0 1176
7 6 60 1.5 -2 0 0 790
7 6 61 1.5 -2 0 0 1153
7 6 62 1.5 -2 0 0 1127
7 6 63 1.5 -2 0 0 851
7 7 0 5.5 -2 0 0 1206
7 7 1 5.5 -2 0 0 1273
7 7 2 1.5 -2 0 0 1344
7 7 3 1.5 -2 0 0 1900
7 7 4 5.5 -2 0 0 1696
7 7 5 5.5 -2 0 0 1576
7 7 6 5.5 -2 0 0 1510
7 7 7 5.5 -2 0 0 2563
7 7 8 5.5 -2 0 0 1400
7 7 9 5.5 -2 0 0 1780
7 7 10 5.5 -2 0 0 1939
7 7 11 1.5 -2 0 0 1553
7 7 12 5.5 -2 0 0 1697
7 7 13 5.5 -2 0 0 2281
7 7 14 5.5 -2 0 0 1207
7 7 15 5.5 -2 0 0 2105
7 7 16 5.5 -2 0 0 2482
7 7 17 5.5 -2 0 0 1338
7 7 18 5.5 -2 0 0 1592
7 7 19 5.5 -2 0 0 2851
7 7 20 5.5 -2 0 0 300
7 7 21 5.5 -2 0 0 1720
7 7 22 5.5 -2 0 0 2079
7 7 23 5.5 -2 0 0 1674
7 7 24 5.5 -2 0 0 1263
7 7 25 5.5 -2 0 0 3189
7 7 26 5.5 -2 0 0 1340
7 7 27 5.5 -2 0 0 1061
7 7 28 5.5 -2 0 0 2705
7 7 29 5.5 -2 0 0 1485
7 7 30 5.5 -2 0 0 1944
7 7 31 5.5 -2 0 0 3475
7 7 32 5.5 -2 0 0 2651
7 7 33 5.5 -2 0 0 1852
7 7 34 5.5 -2 0 0 1416
7 7 35 5.5 -2 0 0 3604
7 7 36 5.5 -2 0 0 411
7 7 37 5.5 -2 0 0 1579
7 7 38 5.5 -2 0 0 3966
7 7 39 5.5 -2 0 0 2747
7 7 40 5.5 -2 0 0 1711
7 7 41 5.5 -2 0 0 2973
7 7 42 5.5 -2 0 0 1754
7 7 43 5.5 -2 0 0 1606
7 7 44 5.5 -2 0 0 3276
7 7 45 5.5 -2 0 0 2677
7 7 46 5.5 -2 0 0 1481
7 7 47 5.5 -2 0 0 4279
7 7 48 5.5 -2 0 0 1008
7 7 49 5.5 -2 0 0 774
7 7 50 5.5 -2 0 0 2757
7 7 51 5.5 -2 0 0 2030
7 7 52 5.5 -2 0 0 1740
7 7 53 5.5 -2 0 0 3462
7 7 54 5.5 -2 0 0 2587
7 7 55 5.5 -2 0 0 1753
7 7 56 5.5 -2 0 0 2506
7 7 57 1.5 -2 0 0 2275
7 7 58 1.5 -2 0 0 2285
7 7 59 1.5 -2 0 0 1690
7 7 60 1.5 -2 0 0 3084
7 7 61 1.5 -2 0 0 1823
7 7 62 1.5 -2 0 0 1712
7 7 63 1.5 -2 0 0 2155
7 8 0 1.5 -2 0 0 830
7 8 1 1.5 -2 0 0 782
7 8 2 1.5 -2 0 0 761
7 8 3 1.5 -2 0 0 711
7 8 4 1.5 -2 0 0 758
7 8 5 1.5 -2 0 0 786
7 8 6 1.5 -2 0 0 737
7 8 7 1.5 -2 0 0 698
7 8 8 1.5 -2 0 0 780
7 8 9 5.5 -2 0 0 748
7 8 10 0 -10 0 0 20
7 8 11 1.5 -2 0 0 749
7 8 12 5.5 -2 0 0 703
7 8 13 1.5 -2 0 0 765
7 8 14 1.5 -2 0 0 859
7 8 15 1.5 -2 0 0 805
7 8 16 1.5 -2 0 0 773
7 8 17 1.5 -2 0 0 803
7 8 18 1.5 -2 0 0 723
7 8 19 1.5 -2 0 0 799
7 8 20 1.5 -2 0 0 828
7 8 21 1.5 -2 0 0 716
7 8 22 5.5 -2 0 0 701
7 8 23 1.5 -2 0 0 868
7 8 24 5.5 -2 0 0 827
7 8 25 5.5 -2 0 0 828
7 8 26 1.5 -2 0 0 919
7 8 27 1.5 -2 0 0 780
7 8 28 5.5 -2 0 0 810
7 8 29 0 -10 0 0 143
7 8 30 1.5 -2 0 0 798
7 8 31 5.5 -2 0 0 859
7 8 32 1.5 -2 0 0 844
7 8 33 1.5 -2 0 0 703
7 8 34 5.5 -2 0 0 913
7 8 35 1.5 -2 0 0 913
7 8 36 0 -10 0 0 144
7 8 37 0 -10 0 0 84
7 8 38 1.5 -2 0 0 1063
7 8 39 5.5 -2 0 0 1183
7 8 40 1.5 -2 0 0 856
7 8 41 1.5 -2 0 0 914
7 8 42 0 -10 0 0 97
7 8 43 5.5 -2 0 0 950
7 8 44 1.5 -2 0 0 949
7 8 45 5.5 -2 0 0 893
7 8 46 1.5 -2 0 0 971
7 8 47 5.5 -2 0 0 1218
7 8 48 0 -10 0 0 130
7 8 49 1.5 -2 0 0 1091
7 8 50 5.5 -2 0 0 1002
7 8 51 1.5 -2 0 0 1278
7 8 52 1.5 -2 0 0 927
7 8 53 1.5 -2 0 0 1168
7 8 54 1.5 -2 0 0 296
7 8 55 1.5 -2 0 0 1148
7 8 56 1.5 -2 0 0 1274
7 8 57 1.5 -2 0 0 1258
7 8 58 1.5 -2 0 0 207
7 8 59 1.5 -2 0 0 1074
7 8 60 1.5 -2 0 0 1163
7 8 61 1.5 -2 0 0 1414
7 8 62 1.5 -2 0 0 1285
7 8 63 0 -10 0 0 184
7 9 0 1.5 -2 0 0 1408
7 9 1 1.5 -2 0 0 1300
7 9 2 1.5 -2 0 0 1296
7 9 3 1.5 -2 0 0 1041
7 9 4 1.5 -2 0 0 742
7 9 5 1.5 -2 0 0 1138
7 9 6 1.5 -2 0 0 1316
7 9 7 5.5 -2 0 0 1058
7 9 8 1.5 -2 0 0 1139
7 9 9 1.5 -2 0 0 1264
7 9 10 1.5 -2 0 0 1180
7 9 11 5.5 -2 0 0 1077
7 9 12 5.5 -2 0 0 1048
7 9 13 5.5 -2 0 0 913
7 9 14 5.5 -2 0 0 1205
7 9 15 5.5 -2 0 0 850
7 9 16 5.5 -2 0 0 1208
7 9 17 5.5 -2 0 0 1041
7 9 18 5.5 -2 0 0 960
7 9 19 5.5 -2 0 0 950
7 9 20 1.5 -2 0 0 653
7 9 21 1.5 -2 0 0 1189
7 9 22 5.5 -2 0 0 1027
7 9 23 0 -10 0 0 158
7 9 24 5.5 -2 0 0 1170
7 9 25 5.5 -2 0 0 888
7 9 26 5.5 -2 0 0 1095
7 9 27 5.5 -2 0 0 504
7 9 28 5.5 -2 0 0 851
7 9 29 5.5 -2 0 0 948
7 9 30 5.5 -2 0 0 850
7 9 31 5.5 -2 0 0 871
7 9 32 5.5 -2 0 0 819
7 9 33 5.5 -2 0 0 870
7 9 34 5.5 -2 0 0 1004
7 9 35 1.5 -2 0 0 796
7 9 36 0 -10 0 0 103
7 9 37 0 -10 0 0 147
7 9 38 5.5 -2 0 0 768
7 9 39 5.5 -2 0 0 738
7 9 40 5.5 -2 0 0 855
7 9 41 5.5 -2 0 0 737
7 9 42 5.5 -2 0 0 832
7 9 43 5.5 -2 0 0 739
7 9 44 5.5 -2 0 0 721
7 9 45 5.5 -2 0 0 771
7 9 46 5.5 -2 0 0 974
7 9 47 1.5 -2 0 0 754
7 9 48 1.5 -2 0 0 592
7 9 49 5.5 -2 0 0 754
7 9 50 1.5 -2 0 0 762
7 9 51 1.5 -2 0 0 747
7 9 52 5.5 -2 0 0 876
7 9 53 1.5 -2 0 0 761
7 9 54 1.5 -2 0 0 772
7 9 55 1.5 -2 0 0 785
7 9 56 1.5 -2 0 0 693
7 9 57 1.5 -2 0 0 757
7 9 58 1.5 -2 0 0 813
7 9 59 1.5 -2 0 0 891
7 9 60 1.5 -2 0 0 538
7 9 61 1.5 -2 0 0 820
7 9 62 1.5 -2 0 0 833
7 9 63 1.5 -2 0 0 733
7 10 0 1.5 -2 0 0 1445
7 10 1 1.5 -2 0 0 1419
7 10 2 1.5 -2 0 0 1286
7 10 3 1.5 -2 0 0 1320
7 10 4 1.5 -2 0 0 1546
7 10 5 1.5 -2 0 0 1398
7 10 6 1.5 -2 0 0 1279
7 10 7 5.5 -2 0 0 1291
7 10 8 1.5 -2 0 0 1386
7 10 9 5.5 -2 0 0 1265
7 10 10 5.5 -2 0 0 1196
7 10 11 5.5 -2 0 0 1653
7 10 12 5.5 -2 0 0 1382
7 10 13 5.5 -2 0 0 973
7 10 14 5.5 -2 0 0 1588
7 10 15 5.5 -2 0 0 1516
7 10 16 5.5 -2 0 0 1286
7 10 17 5.5 -2 0 0 1674
7 10 18 5.5 -2 0 0 1503
7 10 19 5.5 -2 0 0 1504
7 10 20 0 -10 0 0 118
7 10 21 5.5 -2 0 0 1166
7 10 22 5.5 -2 0 0 1248
7 10 23 5.5 -2 0 0 1611
7 10 24 5.5 -2 0 0 1378
7 10 25 5.5 -2 0 0 1599
7 10 26 5.5 -2 0 0 1808
7 10 27 5.5 -2 0 0 846
7 10 28 5.5 -2 0 0 876
7 10 29 5.5 -2 0 0 1710
7 10 30 5.5 -2 0 0 1229
7 10 31 5.5 -2 0 0 1873
7 10 32 5.5 -2 0 0 286
7 10 33 5.5 -2 0 0 420
7 10 34 5.5 -2 0 0 1963
7 10 35 5.5 -2 0 0 2053
7 10 36 0 -10 0 0 175
7 10 37 5.5 -2 0 0 488
7 10 38 5.5 -2 0 0 2355
7 10 39 5.5 -2 0 0 3204
7 10 40 5.5 -2 0 0 1227
7 10 41 5.5 -2 0 0 2147
7 10 42 5.5 -2 0 0 2325
7 10 43 5.5 -2 0 0 2195
7 10 44 5.5 -2 0 0 2280
7 10 45 0 -10 0 0 0
7 10 46 5.5 -2 0 0 2368
7 10 47 5.5 -2 0 0 2876
7 10 48 5.5 -2 0 0 858
7 10 49 5.5 -2 0 0 2370
7 10 50 5.5 -2 0 0 501
7 10 51 1.5 -2 0 0 3769
7 10 52 5.5 -2 0 0 2322
7 10 53 5.5 -2 0 0 2888
7 10 54 5.5 -2 0 0 2597
7 10 55 1.5 -2 0 0 2633
7 10 56 1.5 -2 0 0 3390
7 10 57 1.5 -2 0 0 3282
7 10 58 1.5 -2 0 0 2579
7 10 59 1.5 -2 0 0 1234
7 10 60 1.5 -2 0 0 3035
7 10 61 1.5 -2 0 0 3794
7 10 62 1.5 -2 0 0 2959
7 10 63 1.5 -2 0 0 2614
7 11 0 1.5 -2 0 0 4135
7 11 1 1.5 -2 0 0 4019
7 11 2 5.5 -2 0 0 3789
7 11 3 1.5 -2 0 0 2484
7 11 4 5.5 -2 0 0 369
7 11 5 5.5 -2 0 0 2716
7 11 6 1.5 -2 0 0 3572
7 11 7 1.5 -2 0 0 2180
7 11 8 5.5 -2 0 0 3039
7 11 9 5.5 -2 0 0 3198
7 11 10 5.5 -2 0 0 2961
7 11 11 5.5 -2 0 0 450
7 11 12 5.5 -2 0 0 2779
7 11 13 5.5 -2 0 0 2057
7 11 14 1.5 -2 0 0 3296
7 11 15 5.5 -2 0 0 573
7 11 16 5.5 -2 0 0 2989
7 11 17 5.5 -2 0 0 2681
7 11 18 1.5 -2 0 0 2043
7 11 19 5.5 -2 0 0 2017
7 11 20 0 -10 0 0 163
7 11 21 5.5 -2 0 0 3599
7 11 22 5.5 -2 0 0 2431
7 11 23 5.5 -2 0 0 2306
7 11 24 5.5 -2 0 0 2983
7 11 25 5.5 -2 0 0 1706
7 11 26 5.5 -2 0 0 758
7 11 27 5.5 -2 0 0 1957
7 11 28 5.5 -2 0 0 1813
7 11 29 5.5 -2 0 0 2291
7 11 30 1.5 -2 0 0 1535
7 11 31 5.5 -2 0 0 1576
7 11 32 5.5 -2 0 0 1536
7 11 33 5.5 -2 0 0 1626
7 11 34 5.5 -2 0 0 2473
7 11 35 1.5 -2 0 0 1410
7 11 36 5.5 -2 0 0 1575
7 11 37 5.5 -2 0 0 357
7 11 38 5.5 -2 0 0 1322
7 11 39 5.5 -2 0 0 300
7 11 40 0 -10 0 0 161
7 11 41 5.5 -2 0 0 1242
7 11 42 5.5 -2 0 0 717
7 11 43 5.5 -2 0 0 2026
7 11 44 1.5 -2 0 0 1256
7 11 45 5.5 -2 0 0 1453
7 11 46 5.5 -2 0 0 2141
7 11 47 5.5 -2 0 0 1233
7 11 48 1.5 -2 0 0 1529
7 11 49 5.5 -2 0 0 1738
7 11 50 1.5 -2 0 0 1389
7 11 51 1.5 -2 0 0 1360
7 11 52 1.5 -2 0 0 1768
7 11 53 1.5 -2 0 0 1210
7 11 54 1.5 -2 0 0 1270
7 11 55 1.5 -2 0 0 1616
7 11 56 1.5 -2 0 0 1362
7 11 57 1.5 -2 0 0 1378
7 11 58 1.5 -2 0 0 1434
7 11 59 1.5 -2 0 0 1957
7 11 60 1.5 -2 0 0 1311
7 11 61 1.5 -2 0 0 1546
7 11 62 1.5 -2 0 0 1689
7 11 63 1.5 -2 0 0 1497
7 12 0 1.5 -2 0 0 4739
7 12 1 1.5 -2 0 0 1914
7 12 2 1.5 -2 0 0 3280
7 12 3 1.5 -2 0 0 3546
7 12 4 1.5 -2 0 0 1431
7 12 5 1.5 -2 0 0 4050
7 12 6 1.5 -2 0 0 3965
7 12 7 1.5 -2 0 0 3382
7 12 8 1.5 -2 0 0 4089
7 12 9 1.5 -2 0 0 3536
7 12 10 1.5 -2 0 0 3440
7 12 11 5.5 -2 0 0 4475
7 12 12 1.5 -2 0 0 3794
7 12 13 1.5 -2 0 0 3585
7 12 14 1.5 -2 0 0 4563
7 12 15 1.5 -2 0 0 3935
7 12 16 1.5 -2 0 0 3318
7 12 17 5.5 -2 0 0 4614
7 12 18 1.5 -2 0 0 1790
7 12 19 5.5 -2 0 0 3629
7 12 20 1.5 -2 0 0 750
7 12 21 1.5 -2 0 0 3638
7 12 22 5.5 -2 0 0 3291
7 12 23 1.5 -2 0 0 1179
7 12 24 5.5 -2 0 0 4241
7 12 25 1.5 -2 0 0 3852
7 12 26 5.5 -2 0 0 3314
7 12 27 1.5 -2 0 0 1379
7 12 28 1.5 -2 0 0 3860
7 12 29 5.5 -2 0 0 4436
7 12 30 5.5 -2 0 0 697
7 12 31 5.5 -2 0 0 4079
7 12 32 5.5 -2 0 0 4099
7 12 33 1.5 -2 0 0 1936
7 12 34 1.5 -2 0 0 2481
7 12 35 1.5 -2 0 0 4311
7 12 36 5.5 -2 0 0 1539
7 12 37 5.5 -2 0 0 5085
7 12 38 5.5 -2 0 0 4428
7 12 39 5.5 -2 0 0 5208
7 12 40 5.5 -2 0 0 4851
7 12 41 5.5 -2 0 0 4161
7 12 42 5.5 -2 0 0 4859
7 12 43 5.5 -2 0 0 5091
7 12 44 5.5 -2 0 0 4282
7 12 45 1.5 -2 0 0 4608
7 12 46 1.5 -2 0 0 5523
7 12 47 1.5 -2 0 0 4547
7 12 48 5.5 -2 0 0 4762
7 12 49 1.5 -2 0 0 5074
7 12 50 1.5 -2 0 0 4623
7 12 51 5.5 -2 0 0 5962
7 12 52 1.5 -2 0 0 5384
7 12 53 1.5 -2 0 0 4635
7 12 54 1.5 -2 0 0 4952
7 12 55 1.5 -2 0 0 5583
7 12 56 1.5 -2 0 0 5478
7 12 57 1.5 -2 0 0 5761
7 12 58 1.5 -2 0 0 4979
7 12 59 1.5 -2 0 0 5834
7 12 60 1.5 -2 0 0 4800
7 12 61 1.5 -2 0 0 6904
7 12 62 1.5 -2 0 0 6095
7 12 63 1.5 -2 0 0 5358
7 13 0 1.5 -2 0 0 6217
7 13 1 1.5 -2 0 0 5145
7 13 2 1.5 -2 0 0 5127
7 13 3 1.5 -2 0 0 3930
7 13 4 1.5 -2 0 0 1621
7 13 5 1.5 -2 0 0 4775
7 13 6 1.5 -2 0 0 4062
7 13 7 1.5 -2 0 0 3345
7 13 8 1.5 -2 0 0 4910
7 13 9 1.5 -2 0 0 4282
7 13 10 1.5 -2 0 0 3987
7 13 11 1.5 -2 0 0 1610
7 13 12 5.5 -2 0 0 4176
7 13 13 5.5 -2 0 0 3476
7 13 14 1.5 -2 0 0 5333
7 13 15 1.5 -2 0 0 3942
7 13 16 1.5 -2 0 0 3893
7 13 17 5.5 -2 0 0 5135
7 13 18 1.5 -2 0 0 2869
7 13 19 5.5 -2 0 0 3582
7 13 20 5.5 -2 0 0 2711
7 13 21 5.5 -2 0 0 4446
7 13 22 1.5 -2 0 0 3549
7 13 23 1.5 -2 0 0 3748
7 13 24 5.5 -2 0 0 4784
7 13 25 5.5 -2 0 0 3408
7 13 26 5.5 -2 0 0 5322
7 13 27 1.5 -2 0 0 3876
7 13 28 5.5 -2 0 0 3419
7 13 29 5.5 -2 0 0 4827
7 13 30 5.5 -2 0 0 1101
7 13 31 5.5 -2 0 0 3376
7 13 32 5.5 -2 0 0 3084
7 13 33 5.5 -2 0 0 3544
7 13 34 5.5 -2 0 0 5457
7 13 35 1.5 -2 0 0 3124
7 13 36 5.5 -2 0 0 1315
7 13 37 5.5 -2 0 0 762
7 13 38 5.5 -2 0 0 2825
7 13 39 5.5 -2 0 0 3320
7 13 40 5.5 -2 0 0 3509
7 13 41 5.5 -2 0 0 2869
7 13 42 5.5 -2 0 0 3673
7 13 43 5.5 -2 0 0 2607
7 13 44 1.5 -2 0 0 2707
7 13 45 5.5 -2 0 0 3400
7 13 46 1.5 -2 0 0 3522
7 13 47 5.5 -2 0 0 2699
7 13 48 5.5 -2 0 0 3567
7 13 49 1.5 -2 0 0 3911
7 13 50 1.5 -2 0 0 3184
7 13 51 1.5 -2 0 0 3563
7 13 52 5.5 -2 0 0 4169
7 13 53 1.5 -2 0 0 2708
7 13 54 1.5 -2 0 0 3318
7 13 55 1.5 -2 0 0 3885
7 13 56 1.5 -2 0 0 3631
7 13 57 1.5 -2 0 0 3508
7 13 58 1.5 -2 0 0 3347
7 13 59 1.5 -2 0 0 4376
7 13 60 1.5 -2 0 0 3175
7 13 61 1.5 -2 0 0 4124
7 13 62 1.5 -2 0 0 3918
7 13 63 1.5 -2 0 0 3573
7 14 0 1.5 -2 0 0 6495
7 14 1 1.5 -2 0 0 5811
7 14 2 1.5 -2 0 0 5528
7 14 3 1.5 -2 0 0 4305
7 14 4 1.5 -2 0 0 4536
7 14 5 1.5 -2 0 0 4874
7 14 6 1.5 -2 0 0 5326
7 14 7 1.5 -2 0 0 4142
7 14 8 1.5 -2 0 0 4955
7 14 9 1.5 -2 0 0 4703
7 14 10 1.5 -2 0 0 4570
7 14 11 1.5 -2 0 0 4732
7 14 12 1.5 -2 0 0 4555
7 14 13 1.5 -2 0 0 3763
7 14 14 1.5 -2 0 0 5768
7 14 15 1.5 -2 0 0 3976
7 14 16 1.5 -2 0 0 4616
7 14 17 1.5 -2 0 0 4767
7 14 18 1.5 -2 0 0 4255
7 14 19 1.5 -2 0 0 3803
7 14 20 1.5 -2 0 0 1857
7 14 21 1.5 -2 0 0 5141
7 14 22 1.5 -2 0 0 3980
7 14 23 1.5 -2 0 0 4375
7 14 24 1.5 -2 0 0 5426
7 14 25 1.5 -2 0 0 3655
7 14 26 1.5 -2 0 0 5477
7 14 27 1.5 -2 0 0 1967
7 14 28 1.5 -2 0 0 3632
7 14 29 1.5 -2 0 0 4459
7 14 30 1.5 -2 0 0 2208
7 14 31 1.5 -2 0 0 3157
7 14 32 1.5 -2 0 0 3157
7 14 33 1.5 -2 0 0 3450
7 14 34 1.5 -2 0 0 4882
7 14 35 1.5 -2 0 0 2921
7 14 36 1.5 -2 0 0 1070
7 14 37 1.5 -2 0 0 3978
7 14 38 1.5 -2 0 0 2641
7 14 39 1.5 -2 0 0 2706
7 14 40 1.5 -2 0 0 3735
7 14 41 1.5 -2 0 0 2838
7 14 42 1.5 -2 0 0 3392
7 14 43 1.5 -2 0 0 4015
7 14 44 1.5 -2 0 0 2542
7 14 45 1.5 -2 0 0 2985
7 14 46 1.5 -2 0 0 4449
7 14 47 1.5 -2 0 0 2442
7 14 48 1.5 -2 0 0 3168
7 14 49 1.5 -2 0 0 3449
7 14 50 1.5 -2 0 0 2815
7 14 51 1.5 -2 0 0 2991
7 14 52 1.5 -2 0 0 3694
7 14 53 1.5 -2 0 0 2469
7 14 54 1.5 -2 0 0 2861
7 14 55 1.5 -2 0 0 3232
7 14 56 1.5 -2 0 0 2834
7 14 57 1.5 -2 0 0 3088
7 14 58 1.5 -2 0 0 3011
7 14 59 1.5 -2 0 0 4205
7 14 60 1.5 -2 0 0 2634
7 14 61 1.5 -2 0 0 3174
7 14 62 1.5 -2 0 0 3421
7 14 63 1.5 -2 0 0 3082
7 15 0 5.5 -2 0 0 3248
7 15 1 1.5 -2 0 0 2991
7 15 2 1.5 -2 0 0 2861
7 15 3 5.5 -2 0 0 2484
7 15 4 1.5 -2 0 0 1071
7 15 5 1.5 -2 0 0 3050
7 15 6 5.5 -2 0 0 2629
7 15 7 5.5 -2 0 0 2266
7 15 8 1.5 -2 0 0 3035
7 15 9 5.5 -2 0 0 2435
7 15 10 5.5 -2 0 0 2250
7 15 11 1.5 -2 0 0 3411
7 15 12 5.5 -2 0 0 2742
7 15 13 5.5 -2 0 0 2655
7 15 14 5.5 -2 0 0 3460
7 15 15 5.5 -2 0 0 3093
7 15 16 5.5 -2 0 0 1913
7 15 17 5.5 -2 0 0 3567
7 15 18 5.5 -2 0 0 1217
7 15 19 5.5 -2 0 0 2767
7 15 20 1.5 -2 0 0 412
7 15 21 5.5 -2 0 0 2581
7 15 22 5.5 -2 0 0 2440
7 15 23 5.5 -2 0 0 691
7 15 24 5.5 -2 0 0 3167
7 15 25 5.5 -2 0 0 2964
7 15 26 5.5 -2 0 0 3961
7 15 27 1.5 -2 0 0 1082
7 15 28 5.5 -2 0 0 2996
7 15 29 5.5 -2 0 0 2136
7 15 30 5.5 -2 0 0 624
7 15 31 5.5 -2 0 0 3082
7 15 32 5.5 -2 0 0 3233
7 15 33 5.5 -2 0 0 1043
7 15 34 5.5 -2 0 0 4381
7 15 35 5.5 -2 0 0 3447
7 15 36 5.5 -2 0 0 3199
7 15 37 5.5 -2 0 0 4381
7 15 38 5.5 -2 0 0 3614
7 15 39 5.5 -2 0 0 4926
7 15 40 5.5 -2 0 0 1835
7 15 41 5.5 -2 0 0 3536
7 15 42 5.5 -2 0 0 1666
7 15 43 5.5 -2 0 0 4369
7 15 44 5.5 -2 0 0 3935
7 15 45 5.5 -2 0 0 4020
7 15 46 5.5 -2 0 0 4855
7 15 47 5.5 -2 0 0 4053
7 15 48 5.5 -2 0 0 922
7 15 49 5.5 -2 0 0 4706
7 15 50 5.5 -2 0 0 4397
7 15 51 5.5 -2 0 0 5869
7 15 52 5.5 -2 0 0 4929
7 15 53 1.5 -2 0 0 4290
7 15 54 5.5 -2 0 0 4458
7 15 55 1.5 -2 0 0 5021
7 15 56 1.5 -2 0 0 5147
7 15 57 1.5 -2 0 0 5535
7 15 58 1.5 -2 0 0 4498
7 15 59 1.5 -2 0 0 4961
7 15 60 1.5 -2 0 0 4561
7 15 61 1.5 -2 0 0 6352
7 15 62 1.5 -2 0 0 5692
7 15 63 1.5 -2 0 0 4907
8 0 0 1.5 -2 0 0 503
8 0 1 5.5 -2 0 0 480
8 0 2 1.5 -2 0 0 411
8 0 3 1.5 -2 0 0 466
8 0 4 1.5 -2 0 0 524
8 0 5 5.5 -2 0 0 493
8 0 6 5.5 -2 0 0 365
8 0 7 1.5 -2 0 0 522
8 0 8 1.5 -2 0 0 547
8 0 9 1.5 -2 0 0 403
8 0 10 1.5 -2 0 0 408
8 0 11 1.5 -2 0 0 549
8 0 12 1.5 -2 0 0 503
8 0 13 5.5 -2 0 0 452
8 0 14 5.5 -2 0 0 632
8 0 15 1.5 -2 0 0 497
8 0 16 5.5 -2 0 0 388
8 0 17 5.5 -2 0 0 590
8 0 18 1.5 -2 0 0 511
8 0 19 5.5 -2 0 0 507
8 0 20 5.5 -2 0 0 534
8 0 21 5.5 -2 0 0 402
8 0 22 5.5 -2 0 0 464
8 0 23 5.5 -2 0 0 568
8 0 24 5.5 -2 0 0 538
8 0 25 5.5 -2 0 0 566
8 0 26 5.5 -2 0 0 614
8 0 27 5.5 -2 0 0 500
8 0 28 5.5 -2 0 0 512
8 0 29 5.5 -2 0 0 601
8 0 30 1.5 -2 0 0 532
8 0 31 5.5 -2 0 0 588
8 0 32 5.5 -2 0 0 534
8 0 33 5.5 -2 0 0 494
8 0 34 5.5 -2 0 0 631
8 0 35 5.5 -2 0 0 536
8 0 36 5.5 -2 0 0 551
8 0 37 5.5 -2 0 0 663
8 0 38 5.5 -2 0 0 575
8 0 39 5.5 -2 0 0 661
8 0 40 5.5 -2 0 0 556
8 0 41 5.5 -2 0 0 567
8 0 42 5.5 -2 0 0 612
8 0 43 1.5 -2 0 0 632
8 0 44 5.5 -2 0 0 574
8 0 45 5.5 -2 0 0 584
8 0 46 5.5 -2 0 0 672
8 0 47 1.5 -2 0 0 693
8 0 48 1.5 -2 0 0 559
8 0 49 1.5 -2 0 0 637
8 0 50 1.5 -2 0 0 639
8 0 51 1.5 -2 0 0 789
8 0 52 1.5 -2 0 0 654
8 0 53 1.5 -2 0 0 608
8 0 54 1.5 -2 0 0 575
8 0 55 1.5 -2 0 0 699
8 0 56 1.5 -2 0 0 743
8 0 57 1.5 -2 0 0 720
8 0 58 1.5 -2 0 0 635
8 0 59 1.5 -2 0 0 788
8 0 60 1.5 -2 0 0 659
8 0 61 1.5 -2 0 0 881
8 0 62 1.5 -2 0 0 762
8 0 63 1.5 -2 0 0 666
8 1 0 1.5 -2 0 0 811
8 1 1 1.5 -2 0 0 837
8 1 2 1.5 -2 0 0 846
8 1 3 1.5 -2 0 0 841
8 1 4 1.5 -2 0 0 740
8 1 5 1.5 -2 0 0 765
8 1 6 1.5 -2 0 0 886
8 1 7 1.5 -2 0 0 938
8 1 8 1.5 -2 0 0 776
8 1 9 1.5 -2 0 0 566
8 1 10 1.5 -2 0 0 944
8 1 11 5.5 -2 0 0 705
8 1 12 1.5 -2 0 0 746
8 1 13 1.5 -2 0 0 807
8 1 14 1.5 -2 0 0 782
8 1 15 1.5 -2 0 0 591
8 1 16 1.5 -2 0 0 1097
8 1 17 5.5 -2 0 0 671
8 1 18 1.5 -2 0 0 644
8 1 19 1.5 -2 0 0 858
8 1 20 1.5 -2 0 0 586
8 1 21 1.5 -2 0 0 852
8 1 22 1.5 -2 0 0 867
8 1 23 1.5 -2 0 0 698
8 1 24 1.5 -2 0 0 740
8 1 25 5.5 -2 0 0 799
8 1 26 1.5 -2 0 0 708
8 1 27 1.5 -2 0 0 730
8 1 28 1.5 -2 0 0 702
8 1 29 1.5 -2 0 0 675
8 1 30 1.5 -2 0 0 674
8 1 31 5.5 -2 0 0 746
8 1 32 1.5 -2 0 0 663
8 1 33 1.5 -2 0 0 650
8 1 34 1.5 -2 0 0 682
8 1 35 1.5 -2 0 0 683
8 1 36 1.5 -2 0 0 524
8 1 37 5.5 -2 0 0 670
8 1 38 5.5 -2 0 0 678
8 1 39 5.5 -2 0 0 520
8 1 40 5.5 -2 0 0 679
8 1 41 5.5 -2 0 0 696
8 1 42 1.5 -2 0 0 568
8 1 43 1.5 -2 0 0 673
8 1 44 1.5 -2 0 0 641
8 1 45 2 -2 0 0 583
8 1 46 1.5 -2 0 0 678
8 1 47 1.5 -2 0 0 571
8 1 48 1.5 -2 0 0 647
8 1 49 1.5 -2 0 0 565
8 1 50 1.5 -2 0 0 622
8 1 51 1.5 -2 0 0 479
8 1 52 1.5 -2 0 0 579
8 1 53 1.5 -2 0 0 573
8 1 54 1.5 -2 0 0 600
8 1 55 1.5 -2 0 0 555
8 1 56 1.5 -2 0 0 483
8 1 57 1.5 -2 0 0 490
8 1 58 1.5 -2 0 0 613
8 1 59 1.5 -2 0 0 591
8 1 60 1.5 -2 0 0 538
8 1 61 1.5 -2 0 0 433
8 1 62 1.5 -2 0 0 638
8 1 63 1.5 -2 0 0 581
8 2 0 1.5 -2 0 0 902
8 2 1 1.5 -2 0 0 804
8 2 2 1.5 -2 0 0 716
8 2 3 1.5 -2 0 0 648
8 2 4 1.5 -2 0 0 688
8 2 5 1.5 -2 0 0 695
8 2 6 1.5 -2 0 0 709
8 2 7 1.5 -2 0 0 580
8 2 8 1.5 -2 0 0 681
8 2 9 1.5 -2 0 0 705
8 2 10 5.5 -2 0 0 642
8 2 11 1.5 -2 0 0 785
8 2 12 1.5 -2 0 0 654
8 2 13 1.5 -2 0 0 630
8 2 14 1.5 -2 0 0 799
8 2 15 1.5 -2 0 0 669
8 2 16 5.5 -2 0 0 652
8 2 17 1.5 -2 0 0 743
8 2 18 1.5 -2 0 0 678
8 2 19 1.5 -2 0 0 636
8 2 20 1.5 -2 0 0 760
8 2 21 1.5 -2 0 0 680
8 2 22 1.5 -2 0 0 564
8 2 23 1.5 -2 0 0 745
8 2 24 5.5 -2 0 0 770
8 2 25 5.5 -2 0 0 686
8 2 26 1.5 -2 0 0 852
8 2 27 1.5 -2 0 0 686
8 2 28 1.5 -2 0 0 675
8 2 29 1.5 -2 0 0 803
8 2 30 5.5 -2 0 0 742
8 2 31 1.5 -2 0 0 700
8 2 32 1.5 -2 0 0 678
8 2 33 1.5 -2 0 0 713
8 2 34 1.5 -2 0 0 957
8 2 35 5.5 -2 0 0 709
8 2 36 1.5 -2 0 0 714
8 2 37 1.5 -2 0 0 800
8 2 38 1.5 -2 0 0 729
8 2 39 5.5 -2 0 0 908
8 2 40 5.5 -2 0 0 789
8 2 41 5.5 -2 0 0 728
8 2 42 5.5 -2 0 0 775
8 2 43 1.5 -2 0 0 879
8 2 44 1.5 -2 0 0 705
8 2 45 1.5 -2 0 0 749
8 2 46 1.5 -2 0 0 990
8 2 47 1.5 -2 0 0 876
8 2 48 1.5 -2 0 0 775
8 2 49 1.5 -2 0 0 870
8 2 50 1.5 -2 0 0 751
8 2 51 1.5 -2 0 0 1174
8 2 52 1.5 -2 0 0 959
8 2 53 1.5 -2 0 0 864
8 2 54 1.5 -2 0 0 797
8 2 55 1.5 -2 0 0 946
8 2 56 1.5 -2 0 0 920
8 2 57 1.5 -2 0 0 1045
8 2 58 1.5 -2 0 0 885
8 2 59 1.5 -2 0 0 1111
8 2 60 1.5 -2 0 0 868
8 2 61 1.5 -2 0 0 1327
8 2 62 1.5 -2 0 0 1201
8 2 63 1.5 -2 0 0 870
8 3 0 1.5 -2 0 0 1458
8 3 1 1.5 -2 0 0 1456
8 3 2 1.5 -2 0 0 1539
8 3 3 1.5 -2 0 0 1752
8 3 4 1.5 -2 0 0 1328
8 3 5 1.5 -2 0 0 1405
8 3 6 1.5 -2 0 0 1786
8 3 7 1.5 -2 0 0 2212
8 3 8 1.5 -2 0 0 1345
8 3 9 1.5 -2 0 0 2117
8 3 10 1.5 -2 0 0 2351
8 3 11 1.5 -2 0 0 1250
8 3 12 1.5 -2 0 0 1531
8 3 13 1.5 -2 0 0 1697
8 3 14 1.5 -2 0 0 1230
8 3 15 1.5 -2 0 0 1499
8 3 16 5.5 -2 0 0 2830
8 3 17 5.5 -2 0 0 1119
8 3 18 1.5 -2 0 0 1442
8 3 19 1.5 -2 0 0 2057
8 3 20 1.5 -2 0 0 1125
8 3 21 1.5 -2 0 0 2057
8 3 22 1.5 -2 0 0 1958
8 3 23 1.5 -2 0 0 1063
8 3 24 5.5 -2 0 0 1235
8 3 25 1.5 -2 0 0 841
8 3 26 1.5 -2 0 0 1035
8 3 27 1.5 -2 0 0 1449
8 3 28 1.5 -2 0 0 1508
8 3 29 5.5 -2 0 0 1090
8 3 30 1.5 -2 0 0 609
8 3 31 5.5 -2 0 0 1559
8 3 32 5.5 -2 0 0 1381
8 3 33 1.5 -2 0 0 1229
8 3 34 5.5 -2 0 0 953
8 3 35 1.5 -2 0 0 1243
8 3 36 1.5 -2 0 0 1047
8 3 37 1.5 -2 0 0 1015
8 3 38 1.5 -2 0 0 1269
8 3 39 5.5 -2 0 0 955
8 3 40 5.5 -2 0 0 1104
8 3 41 1.5 -2 0 0 819
8 3 42 1.5 -2 0 0 724
8 3 43 1.5 -2 0 0 926
8 3 44 1.5 -2 0 0 1114
8 3 45 1.5 -2 0 0 1111
8 3 46 5.5 -2 0 0 948
8 3 47 1.5 -2 0 0 1004
8 3 48 1.5 -2 0 0 1123
8 3 49 1.5 -2 0 0 903
8 3 50 1.5 -2 0 0 1016
8 3 51 1.5 -2 0 0 780
8 3 52 1.5 -2 0 0 860
8 3 53 1.5 -2 0 0 1030
8 3 54 1.5 -2 0 0 465
8 3 55 1.5 -2 0 0 829
8 3 56 1.5 -2 0 0 737
8 3 57 1.5 -2 0 0 806
8 3 58 1.5 -2 0 0 969
8 3 59 1.5 -2 0 0 815
8 3 60 1.5 -2 0 0 417
8 3 61 1.5 -2 0 0 826
8 3 62 1.5 -2 0 0 795
8 3 63 1.5 -2 0 0 819
8 4 0 1.5 -2 0 0 1368
8 4 1 1.5 -2 0 0 1082
8 4 2 5.5 -2 0 0 992
8 4 3 1.5 -2 0 0 741
8 4 4 1.5 -2 0 0 870
8 4 5 1.5 -2 0 0 906
8 4 6 1.5 -2 0 0 909
8 4 7 1.5 -2 0 0 778
8 4 8 1.5 -2 0 0 931
8 4 9 1.5 -2 0 0 843
8 4 10 1.5 -2 0 0 816
8 4 11 1.5 -2 0 0 1040
8 4 12 1.5 -2 0 0 856
8 4 13 1.5 -2 0 0 765
8 4 14 1.5 -2 0 0 1308
8 4 15 5.5 -2 0 0 787
8 4 16 1.5 -2 0 0 784
8 4 17 5.5 -2 0 0 1138
8 4 18 5.5 -2 0 0 810
8 4 19 1.5 -2 0 0 764
8 4 20 1.5 -2 0 0 864
8 4 21 1.5 -2 0 0 917
8 4 22 5.5 -2 0 0 738
8 4 23 1.5 -2 0 0 1082
8 4 24 1.5 -2 0 0 1048
8 4 25 1.5 -2 0 0 761
8 4 26 5.5 -2 0 0 1343
8 4 27 5.5 -2 0 0 781
8 4 28 1.5 -2 0 0 705
8 4 29 1.5 -2 0 0 1208
8 4 30 1.5 -2 0 0 819
8 4 31 5.5 -2 0 0 797
8 4 32 1.5 -2 0 0 777
8 4 33 1.5 -2 0 0 807
8 4 34 5.5 -2 0 0 1551
8 4 35 5.5 -2 0 0 816
8 4 36 1.5 -2 0 0 816
8 4 37 5.5 -2 0 0 1029
8 4 38 1.5 -2 0 0 777
8 4 39 1.5 -2 0 0 948
8 4 40 5.5 -2 0 0 921
8 4 41 1.5 -2 0 0 840
8 4 42 1.5 -2 0 0 928
8 4 43 1.5 -2 0 0 1242
8 4 44 1.5 -2 0 0 771
8 4 45 1.5 -2 0 0 835
8 4 46 1.5 -2 0 0 1476
8 4 47 1.5 -2 0 0 865
8 4 48 1.5 -2 0 0 878
8 4 49 1.5 -2 0 0 1163
8 4 50 1.5 -2 0 0 831
8 4 51 1.5 -2 0 0 1286
8 4 52 1.5 -2 0 0 1290
8 4 53 1.5 -2 0 0 848
8 4 54 1.5 -2 0 0 889
8 4 55 1.5 -2 0 0 1259
8 4 56 1.5 -2 0 0 1029
8 4 57 1.5 -2 0 0 1125
8 4 58 1.5 -2 0 0 965
8 4 59 1.5 -2 0 0 1427
8 4 60 1.5 -2 0 0 897
8 4 61 1.5 -2 0 0 1736
8 4 62 1.5 -2 0 0 1527
8 4 63 1.5 -2 0 0 1121
8 5 0 1.5 -2 0 0 1367
8 5 1 1.5 -2 0 0 2052
8 5 2 1.5 -2 0 0 2237
8 5 3 1.5 -2 0 0 2860
8 5 4 1.5 -2 0 0 1207
8 5 5 1.5 -2 0 0 1544
8 5 6 1.5 -2 0 0 2502
8 5 7 1.5 -2 0 0 3900
8 5 8 1.5 -2 0 0 2173
8 5 9 1.5 -2 0 0 2556
8 5 10 1.5 -2 0 0 3562
8 5 11 1.5 -2 0 0 2005
8 5 12 1.5 -2 0 0 1503
8 5 13 1.5 -2 0 0 3248
8 5 14 1.5 -2 0 0 1774
8 5 15 1.5 -2 0 0 2737
8 5 16 5.5 -2 0 0 4330
8 5 17 5.5 -2 0 0 1843
8 5 18 5.5 -2 0 0 2668
8 5 19 1.5 -2 0 0 3963
8 5 20 1.5 -2 0 0 2218
8 5 21 1.5 -2 0 0 2693
8 5 22 5.5 -2 0 0 3382
8 5 23 5.5 -2 0 0 2035
8 5 24 1.5 -2 0 0 1817
8 5 25 1.5 -2 0 0 3429
8 5 26 5.5 -2 0 0 1668
8 5 27 5.5 -2 0 0 2798
8 5 28 5.5 -2 0 0 2932
8 5 29 5.5 -2 0 0 1772
8 5 30 5.5 -2 0 0 2482
8 5 31 5.5 -2 0 0 3448
8 5 32 5.5 -2 0 0 2001
8 5 33 1.5 -2 0 0 1196
8 5 34 1.5 -2 0 0 1561
8 5 35 5.5 -2 0 0 3319
8 5 36 1.5 -2 0 0 2427
8 5 37 5.5 -2 0 0 1805
8 5 38 1.5 -2 0 0 3176
8 5 39 1.5 -2 0 0 2110
8 5 40 1.5 -2 0 0 1998
8 5 41 1.5 -2 0 0 2859
8 5 42 5.5 -2 0 0 2038
8 5 43 5.5 -2 0 0 1751
8 5 44 1.5 -2 0 0 2047
8 5 45 1.5 -2 0 0 2520
8 5 46 5.5 -2 0 0 1576
8 5 47 1.5 -2 0 0 2966
8 5 48 1.5 -2 0 0 2229
8 5 49 1.5 -2 0 0 1800
8 5 50 1.5 -2 0 0 1917
8 5 51 1.5 -2 0 0 1556
8 5 52 1.5 -2 0 0 1635
8 5 53 1.5 -2 0 0 2666
8 5 54 1.5 -2 0 0 1906
8 5 55 1.5 -2 0 0 1540
8 5 56 1.5 -2 0 0 1672
8 5 57 1.5 -2 0 0 1736
8 5 58 1.5 -2 0 0 1897
8 5 59 1.5 -2 0 0 1509
8 5 60 1.5 -2 0 0 2007
8 5 61 1.5 -2 0 0 1486
8 5 62 1.5 -2 0 0 1511
8 5 63 1.5 -2 0 0 1668
8 6 0 1.5 -2 0 0 1677
8 6 1 5.5 -2 0 0 1373
8 6 2 5.5 -2 0 0 1239
8 6 3 1.5 -2 0 0 878
8 6 4 5.5 -2 0 0 884
8 6 5 1.5 -2 0 0 1015
8 6 6 5.5 -2 0 0 983
8 6 7 5.5 -2 0 0 867
8 6 8 5.5 -2 0 0 1108
8 6 9 1.5 -2 0 0 918
8 6 10 1.5 -2 0 0 832
8 6 11 5.5 -2 0 0 1038
8 6 12 5.5 -2 0 0 937
8 6 13 5.5 -2 0 0 803
8 6 14 5.5 -2 0 0 1541
8 6 15 5.5 -2 0 0 859
8 6 16 5.5 -2 0 0 868
8 6 17 5.5 -2 0 0 1285
8 6 18 5.5 -2 0 0 909
8 6 19 5.5 -2 0 0 712
8 6 20 5.5 -2 0 0 868
8 6 21 5.5 -2 0 0 1013
8 6 22 5.5 -2 0 0 792
8 6 23 5.5 -2 0 0 989
8 6 24 5.5 -2 0 0 1252
8 6 25 5.5 -2 0 0 596
8 6 26 5.5 -2 0 0 1469
8 6 27 5.5 -2 0 0 867
8 6 28 5.5 -2 0 0 745
8 6 29 5.5 -2 0 0 1130
8 6 30 5.5 -2 0 0 879
8 6 31 5.5 -2 0 0 817
8 6 32 5.5 -2 0 0 787
8 6 33 5.5 -2 0 0 807
8 6 34 5.5 -2 0 0 1378
8 6 35 5.5 -2 0 0 700
8 6 36 5.5 -2 0 0 791
8 6 37 5.5 -2 0 0 924
8 6 38 5.5 -2 0 0 735
8 6 39 5.5 -2 0 0 797
8 6 40 5.5 -2 0 0 930
8 6 41 5.5 -2 0 0 742
8 6 42 5.5 -2 0 0 838
8 6 43 5.5 -2 0 0 1110
8 6 44 5.5 -2 0 0 713
8 6 45 1.5 -2 0 0 757
8 6 46 5.5 -2 0 0 1317
8 6 47 0 -10 0 0 0
8 6 48 5.5 -2 0 0 830
8 6 49 1.5 -2 0 0 906
8 6 50 5.5 -2 0 0 728
8 6 51 5.5 -2 0 0 1025
8 6 52 1.5 -2 0 0 978
8 6 53 5.5 -2 0 0 748
8 6 54 1.5 -2 0 0 750
8 6 55 1.5 -2 0 0 928
8 6 56 1.5 -2 0 0 885
8 6 57 1.5 -2 0 0 918
8 6 58 1.5 -2 0 0 828
8 6 59 1.5 -2 0 0 1163
8 6 60 1.5 -2 0 0 750
8 6 61 1.5 -2 0 0 1071
8 6 62 1.5 -2 0 0 1092
8 6 63 1.5 -2 0 0 889
8 7 0 5.5 -2 0 0 1221
8 7 1 1.5 -2 0 0 1258
8 7 2 5.5 -2 0 0 1401
8 7 3 1.5 -2 0 0 1912
8 7 4 1.5 -2 0 0 1013
8 7 5 1.5 -2 0 0 1598
8 7 6 1.5 -2 0 0 1498
8 7 7 5.5 -2 0 0 2603
8 7 8 1.5 -2 0 0 1405
8 7 9 1.5 -2 0 0 1795
8 7 10 1.5 -2 0 0 2015
8 7 11 5.5 -2 0 0 1599
8 7 12 5.5 -2 0 0 1687
8 7 13 5.5 -2 0 0 2342
8 7 14 5.5 -2 0 0 1237
8 7 15 5.5 -2 0 0 2090
8 7 16 5.5 -2 0 0 2589
8 7 17 5.5 -2 0 0 1305
8 7 18 5.5 -2 0 0 1866
8 7 19 5.5 -2 0 0 2981
8 7 20 5.5 -2 0 0 1900
8 7 21 5.5 -2 0 0 1676
8 7 22 5.5 -2 0 0 2101
8 7 23 5.5 -2 0 0 1644
8 7 24 5.5 -2 0 0 1265
8 7 25 5.5 -2 0 0 3165
8 7 26 5.5 -2 0 0 1399
8 7 27 5.5 -2 0 0 2357
8 7 28 5.5 -2 0 0 2438
8 7 29 5.5 -2 0 0 1494
8 7 30 5.5 -2 0 0 2043
8 7 31 5.5 -2 0 0 3481
8 7 32 5.5 -2 0 0 2699
8 7 33 5.5 -2 0 0 2410
8 7 34 5.5 -2 0 0 1460
8 7 35 5.5 -2 0 0 3680
8 7 36 5.5 -2 0 0 2289
8 7 37 5.5 -2 0 0 1814
8 7 38 5.5 -2 0 0 3987
8 7 39 5.5 -2 0 0 2722
8 7 40 5.5 -2 0 0 1387
8 7 41 5.5 -2 0 0 2960
8 7 42 5.5 -2 0 0 2169
8 7 43 5.5 -2 0 0 1591
8 7 44 5.5 -2 0 0 3286
8 7 45 5.5 -2 0 0 2530
8 7 46 5.5 -2 0 0 1509
8 7 47 5.5 -2 0 0 4363
8 7 48 5.5 -2 0 0 2395
8 7 49 5.5 -2 0 0 1924
8 7 50 5.5 -2 0 0 2816
8 7 51 1.5 -2 0 0 1648
8 7 52 5.5 -2 0 0 1694
8 7 53 1.5 -2 0 0 2989
8 7 54 5.5 -2 0 0 2549
8 7 55 5.5 -2 0 0 1773
8 7 56 1.5 -2 0 0 2503
8 7 57 5.5 -2 0 0 2271
8 7 58 1.5 -2 0 0 2304
8 7 59 5.5 -2 0 0 1649
8 7 60 1.5 -2 0 0 3171
8 7 61 1.5 -2 0 0 1311
8 7 62 1.5 -2 0 0 1616
8 7 63 1.5 -2 0 0 2052
8 8 0 1.5 -2 0 0 710
8 8 1 5.5 -2 0 0 673
8 8 2 1.5 -2 0 0 654
8 8 3 1.5 -2 0 0 677
8 8 4 5.5 -2 0 0 750
8 8 5 1.5 -2 0 0 757
8 8 6 5.5 -2 0 0 647
8 8 7 1.5 -2 0 0 718
8 8 8 5.5 -2 0 0 743
8 8 9 5.5 -2 0 0 635
8 8 10 5.5 -2 0 0 576
8 8 11 5.5 -2 0 0 756
8 8 12 5.5 -2 0 0 665
8 8 13 5.5 -2 0 0 705
8 8 14 5.5 -2 0 0 802
8 8 15 5.5 -2 0 0 752
8 8 16 5.5 -2 0 0 652
8 8 17 5.5 -2 0 0 525
8 8 18 5.5 -2 0 0 688
8 8 19 5.5 -2 0 0 747
8 8 20 5.5 -2 0 0 796
8 8 21 5.5 -2 0 0 619
8 8 22 5.5 -2 0 0 675
8 8 23 5.5 -2 0 0 800
8 8 24 5.5 -2 0 0 771
8 8 25 5.5 -2 0 0 851
8 8 26 5.5 -2 0 0 898
8 8 27 5.5 -2 0 0 725
8 8 28 1.5 -2 0 0 773
8 8 29 5.5 -2 0 0 795
8 8 30 5.5 -2 0 0 782
8 8 31 5.5 -2 0 0 832
8 8 32 5.5 -2 0 0 822
8 8 33 5.5 -2 0 0 794
8 8 34 1.5 -2 0 0 880
8 8 35 5.5 -2 0 0 910
8 8 36 5.5 -2 0 0 842
8 8 37 5.5 -2 0 0 893
8 8 38 5.5 -2 0 0 1017
8 8 39 5.5 -2 0 0 1174
8 8 40 5.5 -2 0 0 833
8 8 41 5.5 -2 0 0 863
8 8 42 5.5 -2 0 0 944
8 8 43 5.5 -2 0 0 860
8 8 44 1.5 -2 0 0 831
8 8 45 5.5 -2 0 0 825
8 8 46 5.5 -2 0 0 908
8 8 47 5.5 -2 0 0 1232
8 8 48 1.5 -2 0 0 916
8 8 49 5.5 -2 0 0 934
8 8 50 5.5 -2 0 0 930
8 8 51 1.5 -2 0 0 1216
8 8 52 5.5 -2 0 0 944
8 8 53 1.5 -2 0 0 1092
8 8 54 5.5 -2 0 0 937
8 8 55 1.5 -2 0 0 1093
8 8 56 1.5 -2 0 0 1237
8 8 57 1.5 -2 0 0 1149
8 8 58 1.5 -2 0 0 987
8 8 59 1.5 -2 0 0 1037
8 8 60 1.5 -2 0 0 1127
8 8 61 1.5 -2 0 0 1326
8 8 62 1.5 -2 0 0 1213
8 8 63 1.5 -2 0 0 991
8 9 0 1.5 -2 0 0 1369
8 9 1 1.5 -2 0 0 1296
8 9 2 1.5 -2 0 0 1290
8 9 3 1.5 -2 0 0 995
8 9 4 1.5 -2 0 0 966
8 9 5 1.5 -2 0 0 1072
8 9 6 1.5 -2 0 0 1281
8 9 7 1.5 -2 0 0 1037
8 9 8 1.5 -2 0 0 1120
8 9 9 1.5 -2 0 0 1240
8 9 10 5.5 -2 0 0 1164
8 9 11 5.5 -2 0 0 1041
8 9 12 5.5 -2 0 0 1012
8 9 13 1.5 -2 0 0 840
8 9 14 5.5 -2 0 0 1170
8 9 15 5.5 -2 0 0 948
8 9 16 5.5 -2 0 0 1149
8 9 17 5.5 -2 0 0 1049
8 9 18 1.5 -2 0 0 881
8 9 19 5.5 -2 0 0 913
8 9 20 5.5 -2 0 0 834
8 9 21 5.5 -2 0 0 1281
8 9 22 5.5 -2 0 0 998
8 9 23 5.5 -2 0 0 824
8 9 24 1.5 -2 0 0 1145
8 9 25 5.5 -2 0 0 866
8 9 26 5.5 -2 0 0 1053
8 9 27 1.5 -2 0 0 869
8 9 28 5.5 -2 0 0 871
8 9 29 5.5 -2 0 0 870
8 9 30 1.5 -2 0 0 604
8 9 31 5.5 -2 0 0 838
8 9 32 1.5 -2 0 0 800
8 9 33 1.5 -2 0 0 522
8 9 34 5.5 -2 0 0 1017
8 9 35 5.5 -2 0 0 768
8 9 36 5.5 -2 0 0 734
8 9 37 5.5 -2 0 0 686
8 9 38 5.5 -2 0 0 746
8 9 39 1.5 -2 0 0 647
8 9 40 1.5 -2 0 0 480
8 9 41 5.5 -2 0 0 757
8 9 42 5.5 -2 0 0 845
8 9 43 5.5 -2 0 0 892
8 9 44 5.5 -2 0 0 526
8 9 45 1.5 -2 0 0 737
8 9 46 5.5 -2 0 0 924
8 9 47 5.5 -2 0 0 672
8 9 48 1.5 -2 0 0 675
8 9 49 1.5 -2 0 0 765
8 9 50 1.5 -2 0 0 453
8 9 51 1.5 -2 0 0 672
8 9 52 1.5 -2 0 0 872
8 9 53 1.5 -2 0 0 505
8 9 54 1.5 -2 0 0 456
8 9 55 1.5 -2 0 0 769
8 9 56 1.5 -2 0 0 629
8 9 57 1.5 -2 0 0 688
8 9 58 1.5 -2 0 0 605
8 9 59 1.5 -2 0 0 883
8 9 60 1.5 -2 0 0 639
8 9 61 1.5 -2 0 0 734
8 9 62 1.5 -2 0 0 819
8 9 63 1.5 -2 0 0 581
8 10 0 1.5 -2 0 0 1604
8 10 1 5.5 -2 0 0 1386
8 10 2 5.5 -2 0 0 1330
8 10 3 1.5 -2 0 0 1321
8 10 4 1.5 -2 0 0 1611
8 10 5 1.5 -2 0 0 1468
8 10 6 5.5 -2 0 0 1355
8 10 7 1.5 -2 0 0 1354
8 10 8 5.5 -2 0 0 1408
8 10 9 1.5 -2 0 0 1325
8 10 10 1.5 -2 0 0 1208
8 10 11 5.5 -2 0 0 1579
8 10 12 1.5 -2 0 0 1378
8 10 13 5.5 -2 0 0 1362
8 10 14 5.5 -2 0 0 1663
8 10 15 5.5 -2 0 0 1536
8 10 16 1.5 -2 0 0 1331
8 10 17 5.5 -2 0 0 1627
8 10 18 1.5 -2 0 0 1537
8 10 19 5.5 -2 0 0 1556
8 10 20 5.5 -2 0 0 1784
8 10 21 1.5 -2 0 0 1237
8 10 22 5.5 -2 0 0 1336
8 10 23 5.5 -2 0 0 1932
8 10 24 5.5 -2 0 0 1527
8 10 25 5.5 -2 0 0 1653
8 10 26 5.5 -2 0 0 1897
8 10 27 5.5 -2 0 0 1710
8 10 28 5.5 -2 0 0 1566
8 10 29 5.5 -2 0 0 1806
8 10 30 5.5 -2 0 0 1731
8 10 31 5.5 -2 0 0 1881
8 10 32 5.5 -2 0 0 1811
8 10 33 5.5 -2 0 0 1903
8 10 34 5.5 -2 0 0 1978
8 10 35 5.5 -2 0 0 2133
8 10 36 5.5 -2 0 0 1860
8 10 37 5.5 -2 0 0 2148
8 10 38 5.5 -2 0 0 2471
8 10 39 5.5 -2 0 0 3305
8 10 40 5.5 -2 0 0 2002
8 10 41 5.5 -2 0 0 2086
8 10 42 5.5 -2 0 0 2387
8 10 43 5.5 -2 0 0 2216
8 10 44 5.5 -2 0 0 2335
8 10 45 1.5 -2 0 0 1985
8 10 46 5.5 -2 0 0 2376
8 10 47 5.5 -2 0 0 3000
8 10 48 5.5 -2 0 0 2382
8 10 49 5.5 -2 0 0 2354
8 10 50 5.5 -2 0 0 1271
8 10 51 5.5 -2 0 0 3255
8 10 52 1.5 -2 0 0 2504
8 10 53 5.5 -2 0 0 3038
8 10 54 1.5 -2 0 0 2556
8 10 55 1.5 -2 0 0 2054
8 10 56 1.5 -2 0 0 3452
8 10 57 1.5 -2 0 0 3656
8 10 58 1.5 -2 0 0 1625
8 10 59 1.5 -2 0 0 2757
8 10 60 1.5 -2 0 0 3181
8 10 61 1.5 -2 0 0 4120
8 10 62 1.5 -2 0 0 2916
8 10 63 1.5 -2 0 0 2804
8 11 0 1.5 -2 0 0 3703
8 11 1 1.5 -2 0 0 3478
8 11 2 5.5 -2 0 0 3783
8 11 3 1.5 -2 0 0 2396
8 11 4 5.5 -2 0 0 2442
8 11 5 5.5 -2 0 0 2627
8 11 6 5.5 -2 0 0 3513
8 11 7 5.5 -2 0 0 2183
8 11 8 1.5 -2 0 0 2244
8 11 9 5.5 -2 0 0 3178
8 11 10 5.5 -2 0 0 3018
8 11 11 5.5 -2 0 0 2491
8 11 12 1.5 -2 0 0 2221
8 11 13 5.5 -2 0 0 2007
8 11 14 5.5 -2 0 0 2999
8 11 15 5.5 -2 0 0 2197
8 11 16 5.5 -2 0 0 2914
8 11 17 1.5 -2 0 0 2454
8 11 18 5.5 -2 0 0 2205
8 11 19 5.5 -2 0 0 1905
8 11 20 5.5 -2 0 0 2022
8 11 21 5.5 -2 0 0 3468
8 11 22 5.5 -2 0 0 2392
8 11 23 5.5 -2 0 0 2161
8 11 24 5.5 -2 0 0 2937
8 11 25 5.5 -2 0 0 1627
8 11 26 5.5 -2 0 0 2751
8 11 27 5.5 -2 0 0 1806
8 11 28 5.5 -2 0 0 1784
8 11 29 5.5 -2 0 0 2180
8 11 30 5.5 -2 0 0 1979
8 11 31 5.5 -2 0 0 1547
8 11 32 5.5 -2 0 0 1510
8 11 33 5.5 -2 0 0 1535
8 11 34 5.5 -2 0 0 2383
8 11 35 5.5 -2 0 0 1394
8 11 36 5.5 -2 0 0 1640
8 11 37 5.5 -2 0 0 1849
8 11 38 5.5 -2 0 0 1251
8 11 39 5.5 -2 0 0 1325
8 11 40 5.5 -2 0 0 1781
8 11 41 5.5 -2 0 0 1351
8 11 42 5.5 -2 0 0 1476
8 11 43 5.5 -2 0 0 1952
8 11 44 5.5 -2 0 0 1239
8 11 45 5.5 -2 0 0 1402
8 11 46 5.5 -2 0 0 2066
8 11 47 5.5 -2 0 0 1202
8 11 48 5.5 -2 0 0 1406
8 11 49 5.5 -2 0 0 1613
8 11 50 5.5 -2 0 0 1343
8 11 51 5.5 -2 0 0 1329
8 11 52 5.5 -2 0 0 1705
8 11 53 1.5 -2 0 0 1146
8 11 54 5.5 -2 0 0 1245
8 11 55 5.5 -2 0 0 1522
8 11 56 5.5 -2 0 0 1260
8 11 57 5.5 -2 0 0 1312
8 11 58 1.5 -2 0 0 1392
8 11 59 1.5 -2 0 0 1846
8 11 60 1.5 -2 0 0 1295
8 11 61 1.5 -2 0 0 1477
8 11 62 1.5 -2 0 0 1625
8 11 63 1.5 -2 0 0 1473
8 12 0 1.5 -2 0 0 4308
8 12 1 1.5 -2 0 0 3851
8 12 2 1.5 -2 0 0 3863
8 12 3 1.5 -2 0 0 3256
8 12 4 1.5 -2 0 0 4151
8 12 5 1.5 -2 0 0 3820
8 12 6 1.5 -2 0 0 3658
8 12 7 1.5 -2 0 0 3168
8 12 8 1.5 -2 0 0 3809
8 12 9 1.5 -2 0 0 3369
8 12 10 1.5 -2 0 0 3158
8 12 11 1.5 -2 0 0 4117
8 12 12 1.5 -2 0 0 3537
8 12 13 1.5 -2 0 0 3452
8 12 14 1.5 -2 0 0 4371
8 12 15 1.5 -2 0 0 3699
8 12 16 1.5 -2 0 0 3080
8 12 17 1.5 -2 0 0 4247
8 12 18 1.5 -2 0 0 3860
8 12 19 1.5 -2 0 0 3448
8 12 20 1.5 -2 0 0 4401
8 12 21 1.5 -2 0 0 3426
8 12 22 1.5 -2 0 0 3153
8 12 23 1.5 -2 0 0 4593
8 12 24 5.5 -2 0 0 4107
8 12 25 1.5 -2 0 0 3788
8 12 26 1.5 -2 0 0 4637
8 12 27 1.5 -2 0 0 3944
8 12 28 1.5 -2 0 0 3561
8 12 29 1.5 -2 0 0 4568
8 12 30 1.5 -2 0 0 4110
8 12 31 1.5 -2 0 0 3817
8 12 32 1.5 -2 0 0 3792
8 12 33 1.5 -2 0 0 4048
8 12 34 5.5 -2 0 0 5106
8 12 35 5.5 -2 0 0 4215
8 12 36 1.5 -2 0 0 4183
8 12 37 1.5 -2 0 0 4632
8 12 38 1.5 -2 0 0 4164
8 12 39 1.5 -2 0 0 5077
8 12 40 1.5 -2 0 0 4604
8 12 41 1.5 -2 0 0 4062
8 12 42 1.5 -2 0 0 4518
8 12 43 1.5 -2 0 0 4838
8 12 44 1.5 -2 0 0 4123
8 12 45 1.5 -2 0 0 4390
8 12 46 1.5 -2 0 0 5274
8 12 47 1.5 -2 0 0 4378
8 12 48 1.5 -2 0 0 4514
8 12 49 1.5 -2 0 0 5057
8 12 50 1.5 -2 0 0 4572
8 12 51 1.5 -2 0 0 5715
8 12 52 1.5 -2 0 0 5084
8 12 53 1.5 -2 0 0 4349
8 12 54 1.5 -2 0 0 4914
8 12 55 1.5 -2 0 0 5269
8 12 56 1.5 -2 0 0 5339
8 12 57 1.5 -2 0 0 5608
8 12 58 1.5 -2 0 0 4704
8 12 59 1.5 -2 0 0 5600
8 12 60 1.5 -2 0 0 4839
8 12 61 1.5 -2 0 0 5612
8 12 62 1.5 -2 0 0 6007
8 12 63 1.5 -2 0 0 5229
8 13 0 5.5 -2 0 0 2357
8 13 1 5.5 -2 0 0 5737
8 13 2 5.5 -2 0 0 5497
8 13 3 5.5 -2 0 0 4225
8 13 4 5.5 -2 0 0 4783
8 13 5 5.5 -2 0 0 4883
8 13 6 5.5 -2 0 0 5263
8 13 7 5.5 -2 0 0 3739
8 13 8 5.5 -2 0 0 5128
8 13 9 5.5 -2 0 0 4712
8 13 10 5.5 -2 0 0 4309
8 13 11 5.5 -2 0 0 4926
8 13 12 5.5 -2 0 0 4522
8 13 13 5.5 -2 0 0 3847
8 13 14 5.5 -2 0 0 5991
8 13 15 5.5 -2 0 0 4083
8 13 16 5.5 -2 0 0 4351
8 13 17 5.5 -2 0 0 5248
8 13 18 5.5 -2 0 0 4441
8 13 19 5.5 -2 0 0 3868
8 13 20 5.5 -2 0 0 4558
8 13 21 5.5 -2 0 0 4905
8 13 22 5.5 -2 0 0 4095
8 13 23 5.5 -2 0 0 4591
8 13 24 5.5 -2 0 0 5278
8 13 25 5.5 -2 0 0 3723
8 13 26 5.5 -2 0 0 5570
8 13 27 5.5 -2 0 0 4015
8 13 28 5.5 -2 0 0 3526
8 13 29 5.5 -2 0 0 4900
8 13 30 5.5 -2 0 0 4193
8 13 31 5.5 -2 0 0 3492
8 13 32 5.5 -2 0 0 3379
8 13 33 5.5 -2 0 0 3703
8 13 34 5.5 -2 0 0 5583
8 13 35 5.5 -2 0 0 3322
8 13 36 5.5 -2 0 0 3901
8 13 37 5.5 -2 0 0 4433
8 13 38 5.5 -2 0 0 3006
8 13 39 5.5 -2 0 0 3371
8 13 40 5.5 -2 0 0 4272
8 13 41 5.5 -2 0 0 3248
8 13 42 5.5 -2 0 0 3908
8 13 43 5.5 -2 0 0 4703
8 13 44 5.5 -2 0 0 2999
8 13 45 5.5 -2 0 0 3708
8 13 46 5.5 -2 0 0 5141
8 13 47 5.5 -2 0 0 2878
8 13 48 5.5 -2 0 0 3861
8 13 49 5.5 -2 0 0 4270
8 13 50 5.5 -2 0 0 3274
8 13 51 5.5 -2 0 0 3845
8 13 52 5.5 -2 0 0 4196
8 13 53 5.5 -2 0 0 2912
8 13 54 5.5 -2 0 0 3463
8 13 55 5.5 -2 0 0 3960
8 13 56 1.5 -2 0 0 3564
8 13 57 5.5 -2 0 0 3769
8 13 58 5.5 -2 0 0 3678
8 13 59 5.5 -2 0 0 4620
8 13 60 1.5 -2 0 0 3263
8 13 61 1.5 -2 0 0 4303
8 13 62 1.5 -2 0 0 4281
8 13 63 1.5 -2 0 0 3776
8 14 0 5.5 -2 0 0 6551
8 14 1 5.5 -2 0 0 5723
8 14 2 5.5 -2 0 0 5612
8 14 3 5.5 -2 0 0 4242
8 14 4 1.5 -2 0 0 4382
8 14 5 5.5 -2 0 0 4681
8 14 6 5.5 -2 0 0 5313
8 14 7 5.5 -2 0 0 4150
8 14 8 5.5 -2 0 0 4896
8 14 9 5.5 -2 0 0 4614
8 14 10 5.5 -2 0 0 4464
8 14 11 5.5 -2 0 0 4602
8 14 12 5.5 -2 0 0 4378
8 14 13 5.5 -2 0 0 3718
8 14 14 5.5 -2 0 0 5773
8 14 15 5.5 -2 0 0 3787
8 14 16 5.5 -2 0 0 4559
8 14 17 5.5 -2 0 0 4845
8 14 18 5.5 -2 0 0 4188
8 14 19 5.5 -2 0 0 3630
8 14 20 5.5 -2 0 0 4151
8 14 21 5.5 -2 0 0 5078
8 14 22 5.5 -2 0 0 3983
8 14 23 5.5 -2 0 0 4277
8 14 24 5.5 -2 0 0 5408
8 14 25 5.5 -2 0 0 3468
8 14 26 5.5 -2 0 0 5294
8 14 27 5.5 -2 0 0 3719
8 14 28 5.5 -2 0 0 3577
8 14 29 5.5 -2 0 0 4478
8 14 30 5.5 -2 0 0 3830
8 14 31 5.5 -2 0 0 3044
8 14 32 5.5 -2 0 0 3219
8 14 33 5.5 -2 0 0 3339
8 14 34 5.5 -2 0 0 4851
8 14 35 5.5 -2 0 0 2859
8 14 36 5.5 -2 0 0 3380
8 14 37 5.5 -2 0 0 4049
8 14 38 5.5 -2 0 0 2582
8 14 39 5.5 -2 0 0 2720
8 14 40 5.5 -2 0 0 3715
8 14 41 5.5 -2 0 0 2777
8 14 42 5.5 -2 0 0 3275
8 14 43 5.5 -2 0 0 4026
8 14 44 5.5 -2 0 0 2520
8 14 45 5.5 -2 0 0 2817
8 14 46 5.5 -2 0 0 4442
8 14 47 5.5 -2 0 0 2468
8 14 48 5.5 -2 0 0 3186
8 14 49 5.5 -2 0 0 3500
8 14 50 5.5 -2 0 0 2812
8 14 51 5.5 -2 0 0 3170
8 14 52 5.5 -2 0 0 3622
8 14 53 5.5 -2 0 0 2481
8 14 54 5.5 -2 0 0 2867
8 14 55 5.5 -2 0 0 3131
8 14 56 5.5 -2 0 0 2854
8 14 57 5.5 -2 0 0 3042
8 14 58 1.5 -2 0 0 2941
8 14 59 1.5 -2 0 0 4097
8 14 60 5.5 -2 0 0 2720
8 14 61 1.5 -2 0 0 3210
8 14 62 1.5 -2 0 0 3305
8 14 63 1.5 -2 0 0 3081
8 15 0 1.5 -2 0 0 3198
8 15 1 1.5 -2 0 0 2957
8 15 2 1.5 -2 0 0 2871
8 15 3 1.5 -2 0 0 2440
8 15 4 1.5 -2 0 0 3097
8 15 5 1.5 -2 0 0 2989
8 15 6 1.5 -2 0 0 2607
8 15 7 1.5 -2 0 0 2314
8 15 8 1.5 -2 0 0 2834
8 15 9 1.5 -2 0 0 2518
8 15 10 1.5 -2 0 0 2258
8 15 11 1.5 -2 0 0 3317
8 15 12 1.5 -2 0 0 2666
8 15 13 1.5 -2 0 0 2612
8 15 14 1.5 -2 0 0 3382
8 15 15 1.5 -2 0 0 2988
8 15 16 1.5 -2 0 0 1999
8 15 17 1.5 -2 0 0 3440
8 15 18 5.5 -2 0 0 3020
8 15 19 1.5 -2 0 0 2779
8 15 20 5.5 -2 0 0 3464
8 15 21 5.5 -2 0 0 2570
8 15 22 1.5 -2 0 0 2341
8 15 23 5.5 -2 0 0 3704
8 15 24 5.5 -2 0 0 3125
8 15 25 5.5 -2 0 0 2853
8 15 26 5.5 -2 0 0 3963
8 15 27 5.5 -2 0 0 3080
8 15 28 1.5 -2 0 0 2855
8 15 29 5.5 -2 0 0 4077
8 15 30 1.5 -2 0 0 3448
8 15 31 5.5 -2 0 0 3074
8 15 32 5.5 -2 0 0 3148
8 15 33 1.5 -2 0 0 3594
8 15 34 5.5 -2 0 0 4287
8 15 35 5.5 -2 0 0 3327
8 15 36 1.5 -2 0 0 3598
8 15 37 5.5 -2 0 0 4134
8 15 38 1.5 -2 0 0 3599
8 15 39 5.5 -2 0 0 4780
8 15 40 5.5 -2 0 0 4052
8 15 41 5.5 -2 0 0 3493
8 15 42 5.5 -2 0 0 4176
8 15 43 5.5 -2 0 0 4212
8 15 44 5.5 -2 0 0 3832
8 15 45 5.5 -2 0 0 3758
8 15 46 1.5 -2 0 0 4546
8 15 47 1.5 -2 0 0 4021
8 15 48 1.5 -2 0 0 4092
8 15 49 1.5 -2 0 0 4435
8 15 50 1.5 -2 0 0 4058
8 15 51 1.5 -2 0 0 5645
8 15 52 1.5 -2 0 0 4664
8 15 53 1.5 -2 0 0 4135
8 15 54 1.5 -2 0 0 4433
8 15 55 1.5 -2 0 0 5006
8 15 56 1.5 -2 0 0 5148
8 15 57 1.5 -2 0 0 5319
8 15 58 1.5 -2 0 0 4472
8 15 59 1.5 -2 0 0 4794
8 15 60 1.5 -2 0 0 4653
8 15 61 1.5 -2 0 0 6217
8 15 62 1.5 -2 0 0 5154
8 15 63 1.5 -2 0 0 4667
9 0 0 1.5 -2 0 0 559
9 0 1 1.5 -2 0 0 512
9 0 2 1.5 -2 0 0 469
9 0 3 1.5 -2 0 0 456
9 0 4 1.5 -2 0 0 492
9 0 5 1.5 -2 0 0 510
9 0 6 1.5 -2 0 0 433
9 0 7 5.5 -2 0 0 489
9 0 8 1.5 -2 0 0 550
9 0 9 5.5 -2 0 0 474
9 0 10 5.5 -2 0 0 449
9 0 11 1.5 -2 0 0 542
9 0 12 1.5 -2 0 0 515
9 0 13 1.5 -2 0 0 455
9 0 14 5.5 -2 0 0 585
9 0 15 5.5 -2 0 0 516
9 0 16 5.5 -2 0 0 446
9 0 17 5.5 -2 0 0 565
9 0 18 5.5 -2 0 0 508
9 0 19 1.5 -2 0 0 482
9 0 20 5.5 -2 0 0 531
9 0 21 1.5 -2 0 0 440
9 0 22 1.5 -2 0 0 427
9 0 23 5.5 -2 0 0 569
9 0 24 1.5 -2 0 0 554
9 0 25 5.5 -2 0 0 542
9 0 26 1.5 -2 0 0 643
9 0 27 5.5 -2 0 0 467
9 0 28 5.5 -2 0 0 533
9 0 29 5.5 -2 0 0 561
9 0 30 5.5 -2 0 0 542
9 0 31 5.5 -2 0 0 538
9 0 32 5.5 -2 0 0 531
9 0 33 5.5 -2 0 0 531
9 0 34 5.5 -2 0 0 631
9 0 35 5.5 -2 0 0 541
9 0 36 5.5 -2 0 0 530
9 0 37 5.5 -2 0 0 658
9 0 38 5.5 -2 0 0 576
9 0 39 1.5 -2 0 0 659
9 0 40 1.5 -2 0 0 582
9 0 41 5.5 -2 0 0 551
9 0 42 1.5 -2 0 0 584
9 0 43 5.5 -2 0 0 625
9 0 44 5.5 -2 0 0 591
9 0 45 5.5 -2 0 0 572
9 0 46 1.5 -2 0 0 677
9 0 47 5.5 -2 0 0 702
9 0 48 5.5 -2 0 0 558
9 0 49 5.5 -2 0 0 650
9 0 50 1.5 -2 0 0 600
9 0 51 1.5 -2 0 0 834
9 0 52 1.5 -2 0 0 645
9 0 53 1.5 -2 0 0 615
9 0 54 1.5 -2 0 0 616
9 0 55 1.5 -2 0 0 672
9 0 56 1.5 -2 0 0 715
9 0 57 1.5 -2 0 0 709
9 0 58 1.5 -2 0 0 624
9 0 59 1.5 -2 0 0 752
9 0 60 1.5 -2 0 0 655
9 0 61 1.5 -2 0 0 856
9 0 62 1.5 -2 0 0 790
9 0 63 1.5 -2 0 0 679
9 1 0 1.5 -2 0 0 792
9 1 1 5.5 -2 0 0 813
9 1 2 5.5 -2 0 0 827
9 1 3 5.5 -2 0 0 787
9 1 4 5.5 -2 0 0 730
9 1 5 5.5 -2 0 0 753
9 1 6 5.5 -2 0 0 855
9 1 7 1.5 -2 0 0 1055
9 1 8 1.5 -2 0 0 752
9 1 9 1.5 -2 0 0 882
9 1 10 5.5 -2 0 0 940
9 1 11 5.5 -2 0 0 687
9 1 12 5.5 -2 0 0 710
9 1 13 1.5 -2 0 0 778
9 1 14 5.5 -2 0 0 779
9 1 15 5.5 -2 0 0 692
9 1 16 5.5 -2 0 0 1117
9 1 17 5.5 -2 0 0 687
9 1 18 5.5 -2 0 0 736
9 1 19 5.5 -2 0 0 871
9 1 20 1.5 -2 0 0 664
9 1 21 5.5 -2 0 0 882
9 1 22 5.5 -2 0 0 847
9 1 23 5.5 -2 0 0 661
9 1 24 5.5 -2 0 0 763
9 1 25 5.5 -2 0 0 827
9 1 26 5.5 -2 0 0 714
9 1 27 5.5 -2 0 0 728
9 1 28 5.5 -2 0 0 668
9 1 29 5.5 -2 0 0 663
9 1 30 5.5 -2 0 0 683
9 1 31 5.5 -2 0 0 759
9 1 32 5.5 -2 0 0 680
9 1 33 5.5 -2 0 0 654
9 1 34 5.5 -2 0 0 664
9 1 35 5.5 -2 0 0 749
9 1 36 5.5 -2 0 0 693
9 1 37 5.5 -2 0 0 627
9 1 38 5.5 -2 0 0 729
9 1 39 5.5 -2 0 0 555
9 1 40 5.5 -2 0 0 641
9 1 41 5.5 -2 0 0 670
9 1 42 5.5 -2 0 0 576
9 1 43 5.5 -2 0 0 627
9 1 44 5.5 -2 0 0 596
9 1 45 5.5 -2 0 0 633
9 1 46 5.5 -2 0 0 693
9 1 47 1.5 -2 0 0 685
9 1 48 5.5 -2 0 0 640
9 1 49 5.5 -2 0 0 561
9 1 50 5.5 -2 0 0 632
9 1 51 5.5 -2 0 0 538
9 1 52 1.5 -2 0 0 609
9 1 53 1.5 -2 0 0 599
9 1 54 1.5 -2 0 0 630
9 1 55 1.5 -2 0 0 528
9 1 56 1.5 -2 0 0 513
9 1 57 1.5 -2 0 0 522
9 1 58 1.5 -2 0 0 608
9 1 59 1.5 -2 0 0 588
9 1 60 1.5 -2 0 0 570
9 1 61 1.5 -2 0 0 492
9 1 62 1.5 -2 0 0 622
9 1 63 1.5 -2 0 0 595
9 2 0 5.5 -2 0 0 897
9 2 1 1.5 -2 0 0 798
9 2 2 5.5 -2 0 0 725
9 2 3 1.5 -2 0 0 627
9 2 4 1.5 -2 0 0 707
9 2 5 1.5 -2 0 0 717
9 2 6 5.5 -2 0 0 694
9 2 7 5.5 -2 0 0 571
9 2 8 1.5 -2 0 0 688
9 2 9 5.5 -2 0 0 686
9 2 10 5.5 -2 0 0 663
9 2 11 1.5 -2 0 0 747
9 2 12 1.5 -2 0 0 639
9 2 13 5.5 -2 0 0 639
9 2 14 1.5 -2 0 0 855
9 2 15 1.5 -2 0 0 682
9 2 16 1.5 -2 0 0 598
9 2 17 5.5 -2 0 0 779
9 2 18 5.5 -2 0 0 685
9 2 19 5.5 -2 0 0 640
9 2 20 5.5 -2 0 0 740
9 2 21 5.5 -2 0 0 700
9 2 22 5.5 -2 0 0 578
9 2 23 5.5 -2 0 0 757
9 2 24 5.5 -2 0 0 769
9 2 25 5.5 -2 0 0 678
9 2 26 5.5 -2 0 0 861
9 2 27 5.5 -2 0 0 710
9 2 28 5.5 -2 0 0 653
9 2 29 5.5 -2 0 0 791
9 2 30 1.5 -2 0 0 719
9 2 31 1.5 -2 0 0 649
9 2 32 1.5 -2 0 0 682
9 2 33 5.5 -2 0 0 714
9 2 34 5.5 -2 0 0 994
9 2 35 5.5 -2 0 0 677
9 2 36 5.5 -2 0 0 704
9 2 37 5.5 -2 0 0 849
9 2 38 5.5 -2 0 0 737
9 2 39 5.5 -2 0 0 891
9 2 40 5.5 -2 0 0 762
9 2 41 1.5 -2 0 0 693
9 2 42 5.5 -2 0 0 779
9 2 43 5.5 -2 0 0 910
9 2 44 1.5 -2 0 0 701
9 2 45 5.5 -2 0 0 714
9 2 46 5.5 -2 0 0 1032
9 2 47 1.5 -2 0 0 838
9 2 48 5.5 -2 0 0 811
9 2 49 1.5 -2 0 0 884
9 2 50 1.5 -2 0 0 726
9 2 51 5.5 -2 0 0 1223
9 2 52 1.5 -2 0 0 936
9 2 53 1.5 -2 0 0 839
9 2 54 1.5 -2 0 0 789
9 2 55 1.5 -2 0 0 957
9 2 56 1.5 -2 0 0 900
9 2 57 1.5 -2 0 0 1008
9 2 58 1.5 -2 0 0 877
9 2 59 1.5 -2 0 0 1110
9 2 60 1.5 -2 0 0 599
9 2 61 1.5 -2 0 0 1317
9 2 62 1.5 -2 0 0 1132
9 2 63 1.5 -2 0 0 889
9 3 0 1.5 -2 0 0 1452
9 3 1 1.5 -2 0 0 1535
9 3 2 1.5 -2 0 0 811
9 3 3 1.5 -2 0 0 1807
9 3 4 1.5 -2 0 0 1343
9 3 5 1.5 -2 0 0 1505
9 3 6 1.5 -2 0 0 1857
9 3 7 1.5 -2 0 0 2362
9 3 8 1.5 -2 0 0 1388
9 3 9 1.5 -2 0 0 1358
9 3 10 1.5 -2 0 0 2463
9 3 11 1.5 -2 0 0 1281
9 3 12 1.5 -2 0 0 1684
9 3 13 5.5 -2 0 0 1771
9 3 14 1.5 -2 0 0 1246
9 3 15 1.5 -2 0 0 1615
9 3 16 5.5 -2 0 0 3050
9 3 17 1.5 -2 0 0 1204
9 3 18 5.5 -2 0 0 1480
9 3 19 1.5 -2 0 0 2169
9 3 20 1.5 -2 0 0 631
9 3 21 1.5 -2 0 0 1847
9 3 22 5.5 -2 0 0 1961
9 3 23 5.5 -2 0 0 1132
9 3 24 5.5 -2 0 0 1200
9 3 25 5.5 -2 0 0 1800
9 3 26 5.5 -2 0 0 1093
9 3 27 5.5 -2 0 0 1487
9 3 28 5.5 -2 0 0 1512
9 3 29 5.5 -2 0 0 1159
9 3 30 1.5 -2 0 0 1274
9 3 31 5.5 -2 0 0 1749
9 3 32 1.5 -2 0 0 1410
9 3 33 1.5 -2 0 0 1298
9 3 34 1.5 -2 0 0 1017
9 3 35 1.5 -2 0 0 1468
9 3 36 5.5 -2 0 0 1140
9 3 37 5.5 -2 0 0 1019
9 3 38 1.5 -2 0 0 1390
9 3 39 5.5 -2 0 0 923
9 3 40 1.5 -2 0 0 1142
9 3 41 5.5 -2 0 0 1260
9 3 42 5.5 -2 0 0 1041
9 3 43 1.5 -2 0 0 982
9 3 44 5.5 -2 0 0 1134
9 3 45 1.5 -2 0 0 1002
9 3 46 1.5 -2 0 0 957
9 3 47 5.5 -2 0 0 1303
9 3 48 1.5 -2 0 0 1146
9 3 49 1.5 -2 0 0 899
9 3 50 1.5 -2 0 0 1085
9 3 51 1.5 -2 0 0 822
9 3 52 1.5 -2 0 0 910
9 3 53 1.5 -2 0 0 1069
9 3 54 1.5 -2 0 0 1022
9 3 55 1.5 -2 0 0 836
9 3 56 1.5 -2 0 0 917
9 3 57 1.5 -2 0 0 872
9 3 58 1.5 -2 0 0 899
9 3 59 1.5 -2 0 0 902
9 3 60 1.5 -2 0 0 1000
9 3 61 1.5 -2 0 0 905
9 3 62 1.5 -2 0 0 811
9 3 63 1.5 -2 0 0 888
9 4 0 1.5 -2 0 0 1440
9 4 1 1.5 -2 0 0 1134
9 4 2 1.5 -2 0 0 1016
9 4 3 1.5 -2 0 0 790
9 4 4 1.5 -2 0 0 848
9 4 5 1.5 -2 0 0 927
9 4 6 1.5 -2 0 0 987
9 4 7 1.5 -2 0 0 783
9 4 8 1.5 -2 0 0 1023
9 4 9 1.5 -2 0 0 856
9 4 10 5.5 -2 0 0 806
9 4 11 1.5 -2 0 0 1081
9 4 12 1.5 -2 0 0 841
9 4 13 1.5 -2 0 0 783
9 4 14 1.5 -2 0 0 1498
9 4 15 1.5 -2 0 0 790
9 4 16 1.5 -2 0 0 808
9 4 17 1.5 -2 0 0 1262
9 4 18 0 -10 0 0 0
9 4 19 1.5 -2 0 0 807
9 4 20 1.5 -2 0 0 887
9 4 21 1.5 -2 0 0 950
9 4 22 1.5 -2 0 0 840
9 4 23 1.5 -2 0 0 1158
9 4 24 1.5 -2 0 0 1138
9 4 25 1.5 -2 0 0 787
9 4 26 5.5 -2 0 0 1529
9 4 27 1.5 -2 0 0 820
9 4 28 1.5 -2 0 0 784
9 4 29 1.5 -2 0 0 1262
9 4 30 1.5 -2 0 0 479
9 4 31 1.5 -2 0 0 800
9 4 32 5.5 -2 0 0 843
9 4 33 1.5 -2 0 0 849
9 4 34 5.5 -2 0 0 1590
9 4 35 5.5 -2 0 0 850
9 4 36 0 -10 0 0 0
9 4 37 0 -10 0 0 0
9 4 38 5.5 -2 0 0 797
9 4 39 1.5 -2 0 0 1004
9 4 40 5.5 -2 0 0 936
9 4 41 1.5 -2 0 0 854
9 4 42 1.5 -2 0 0 686
9 4 43 1.5 -2 0 0 1258
9 4 44 1.5 -2 0 0 815
9 4 45 1.5 -2 0 0 850
9 4 46 1.5 -2 0 0 1627
9 4 47 1.5 -2 0 0 844
9 4 48 1.5 -2 0 0 954
9 4 49 1.5 -2 0 0 1253
9 4 50 1.5 -2 0 0 784
9 4 51 1.5 -2 0 0 1363
9 4 52 1.5 -2 0 0 1277
9 4 53 1.5 -2 0 0 932
9 4 54 1.5 -2 0 0 981
9 4 55 1.5 -2 0 0 1146
9 4 56 1.5 -2 0 0 838
9 4 57 1.5 -2 0 0 1129
9 4 58 1.5 -2 0 0 1015
9 4 59 1.5 -2 0 0 1342
9 4 60 1.5 -2 0 0 930
9 4 61 1.5 -2 0 0 1714
9 4 62 1.5 -2 0 0 1691
9 4 63 1.5 -2 0 0 1175
9 5 0 1.5 -2 0 0 1753
9 5 1 1.5 -2 0 0 1925
9 5 2 1.5 -2 0 0 2161
9 5 3 1.5 -2 0 0 2936
9 5 4 1.5 -2 0 0 2316
9 5 5 1.5 -2 0 0 2358
9 5 6 1.5 -2 0 0 2444
9 5 7 1.5 -2 0 0 4160
9 5 8 1.5 -2 0 0 1685
9 5 9 1.5 -2 0 0 3048
9 5 10 1.5 -2 0 0 3532
9 5 11 1.5 -2 0 0 1088
9 5 12 5.5 -2 0 0 2499
9 5 13 1.5 -2 0 0 3141
9 5 14 1.5 -2 0 0 1428
9 5 15 1.5 -2 0 0 999
9 5 16 1.5 -2 0 0 4396
9 5 17 5.5 -2 0 0 1805
9 5 18 1.5 -2 0 0 1201
9 5 19 5.5 -2 0 0 3875
9 5 20 1.5 -2 0 0 2117
9 5 21 1.5 -2 0 0 2741
9 5 22 5.5 -2 0 0 3321
9 5 23 5.5 -2 0 0 2113
9 5 24 5.5 -2 0 0 1385
9 5 25 5.5 -2 0 0 3690
9 5 26 5.5 -2 0 0 1135
9 5 27 5.5 -2 0 0 391
9 5 28 5.5 -2 0 0 3103
9 5 29 5.5 -2 0 0 1049
9 5 30 1.5 -2 0 0 1937
9 5 31 5.5 -2 0 0 3541
9 5 32 5.5 -2 0 0 2910
9 5 33 5.5 -2 0 0 250
9 5 34 5.5 -2 0 0 1202
9 5 35 5.5 -2 0 0 3268
9 5 36 5.5 -2 0 0 2315
9 5 37 5.5 -2 0 0 1811
9 5 38 5.5 -2 0 0 3175
9 5 39 5.5 -2 0 0 2140
9 5 40 5.5 -2 0 0 1160
9 5 41 1.5 -2 0 0 2918
9 5 42 1.5 -2 0 0 1853
9 5 43 1.5 -2 0 0 1726
9 5 44 5.5 -2 0 0 2611
9 5 45 5.5 -2 0 0 2406
9 5 46 1.5 -2 0 0 1631
9 5 47 5.5 -2 0 0 3008
9 5 48 5.5 -2 0 0 1963
9 5 49 1.5 -2 0 0 1426
9 5 50 1.5 -2 0 0 2266
9 5 51 1.5 -2 0 0 1557
9 5 52 1.5 -2 0 0 1358
9 5 53 1.5 -2 0 0 2703
9 5 54 1.5 -2 0 0 2127
9 5 55 1.5 -2 0 0 1511
9 5 56 1.5 -2 0 0 1807
9 5 57 1.5 -2 0 0 1727
9 5 58 1.5 -2 0 0 1772
9 5 59 1.5 -2 0 0 987
9 5 60 1.5 -2 0 0 2288
9 5 61 1.5 -2 0 0 1577
9 5 62 1.5 -2 0 0 1512
9 5 63 1.5 -2 0 0 1625
9 6 0 1.5 -2 0 0 1552
9 6 1 1.5 -2 0 0 1258
9 6 2 5.5 -2 0 0 1187
9 6 3 1.5 -2 0 0 834
9 6 4 5.5 -2 0 0 850
9 6 5 5.5 -2 0 0 918
9 6 6 5.5 -2 0 0 314
9 6 7 5.5 -2 0 0 801
9 6 8 5.5 -2 0 0 1124
9 6 9 5.5 -2 0 0 855
9 6 10 5.5 -2 0 0 759
9 6 11 5.5 -2 0 0 940
9 6 12 5.5 -2 0 0 920
9 6 13 5.5 -2 0 0 768
9 6 14 5.5 -2 0 0 1446
9 6 15 5.5 -2 0 0 797
9 6 16 5.5 -2 0 0 836
9 6 17 5.5 -2 0 0 1128
9 6 18 5.5 -2 0 0 818
9 6 19 5.5 -2 0 0 714
9 6 20 5.5 -2 0 0 852
9 6 21 4.64798 0.404807 0.357005 0.199824 947
9 6 22 5.5 -2 0 0 734
9 6 23 5.5 -2 0 0 952
9 6 24 5.5 -2 0 0 1115
9 6 25 5.5 -2 0 0 730
9 6 26 5.5 -2 0 0 1460
9 6 27 5.5 -2 0 0 758
9 6 28 5.5 -2 0 0 671
9 6 29 5.5 -2 0 0 1045
9 6 30 5.5 -2 0 0 809
9 6 31 5.5 -2 0 0 653
9 6 32 5.5 -2 0 0 746
9 6 33 5.5 -2 0 0 764
9 6 34 5.5 -2 0 0 1327
9 6 35 5.5 -2 0 0 662
9 6 36 5.5 -2 0 0 709
9 6 37 5.5 -2 0 0 794
9 6 38 5.5 -2 0 0 623
9 6 39 5.5 -2 0 0 678
9 6 40 5.5 -2 0 0 839
9 6 41 5.5 -2 0 0 673
9 6 42 5.5 -2 0 0 791
9 6 43 5.5 -2 0 0 993
9 6 44 5.5 -2 0 0 599
9 6 45 5.5 -2 0 0 748
9 6 46 5.5 -2 0 0 1153
9 6 47 5.5 -2 0 0 554
9 6 48 5.5 -2 0 0 770
9 6 49 5.5 -2 0 0 890
9 6 50 5.5 -2 0 0 694
9 6 51 5.5 -2 0 0 908
9 6 52 1.5 -2 0 0 866
9 6 53 5.5 -2 0 0 714
9 6 54 5.5 -2 0 0 653
9 6 55 5.5 -2 0 0 915
9 6 56 5.5 -2 0 0 769
9 6 57 1.5 -2 0 0 787
9 6 58 1.5 -2 0 0 722
9 6 59 5.5 -2 0 0 1139
9 6 60 1.5 -2 0 0 671
9 6 61 1.5 -2 0 0 1012
9 6 62 1.5 -2 0 0 992
9 6 63 1.5 -2 0 0 763
9 7 0 1.5 -2 0 0 1223
9 7 1 1.5 -2 0 0 1275
9 7 2 1.5 -2 0 0 1392
9 7 3 1.5 -2 0 0 1813
9 7 4 5.5 -2 0 0 1567
9 7 5 1.5 -2 0 0 1586
9 7 6 1.5 -2 0 0 1504
9 7 7 5.5 -2 0 0 2585
9 7 8 5.5 -2 0 0 1399
9 7 9 5.5 -2 0 0 1842
9 7 10 1.5 -2 0 0 1963
9 7 11 1.5 -2 0 0 1518
9 7 12 5.5 -2 0 0 1622
9 7 13 5.5 -2 0 0 2267
9 7 14 1.5 -2 0 0 1255
9 7 15 5.5 -2 0 0 2087
9 7 16 5.5 -2 0 0 2421
9 7 17 5.5 -2 0 0 1285
9 7 18 5.5 -2 0 0 1874
9 7 19 5.5 -2 0 0 2865
9 7 20 5.5 -2 0 0 1820
9 7 21 1.5 -2 0 0 1631
9 7 22 5.5 -2 0 0 2178
9 7 23 5.5 -2 0 0 1595
9 7 24 5.5 -2 0 0 1220
9 7 25 5.5 -2 0 0 3118
9 7 26 5.5 -2 0 0 1352
9 7 27 5.5 -2 0 0 2304
9 7 28 5.5 -2 0 0 2587
9 7 29 5.5 -2 0 0 1433
9 7 30 5.5 -2 0 0 2001
9 7 31 5.5 -2 0 0 3379
9 7 32 5.5 -2 0 0 2653
9 7 33 5.5 -2 0 0 2327
9 7 34 5.5 -2 0 0 1417
9 7 35 5.5 -2 0 0 3564
9 7 36 5.5 -2 0 0 2231
9 7 37 5.5 -2 0 0 1762
9 7 38 5.5 -2 0 0 4024
9 7 39 5.5 -2 0 0 2794
9 7 40 5.5 -2 0 0 1926
9 7 41 5.5 -2 0 0 2890
9 7 42 5.5 -2 0 0 2116
9 7 43 5.5 -2 0 0 1567
9 7 44 1.5 -2 0 0 2566
9 7 45 5.5 -2 0 0 2556
9 7 46 1.5 -2 0 0 1488
9 7 47 5.5 -2 0 0 4327
9 7 48 5.5 -2 0 0 2381
9 7 49 5.5 -2 0 0 1833
9 7 50 5.5 -2 0 0 2725
9 7 51 5.5 -2 0 0 2038
9 7 52 1.5 -2 0 0 1687
9 7 53 1.5 -2 0 0 3479
9 7 54 1.5 -2 0 0 2570
9 7 55 1.5 -2 0 0 1779
9 7 56 1.5 -2 0 0 2469
9 7 57 1.5 -2 0 0 2212
9 7 58 1.5 -2 0 0 2241
9 7 59 1.5 -2 0 0 1686
9 7 60 1.5 -2 0 0 2992
9 7 61 1.5 -2 0 0 1794
9 7 62 1.5 -2 0 0 1637
9 7 63 1.5 -2 0 0 2074
9 8 0 1.5 -2 0 0 811
9 8 1 1.5 -2 0 0 748
9 8 2 1.5 -2 0 0 699
9 8 3 1.5 -2 0 0 702
9 8 4 1.5 -2 0 0 790
9 8 5 1.5 -2 0 0 758
9 8 6 1.5 -2 0 0 700
9 8 7 5.5 -2 0 0 752
9 8 8 5.5 -2 0 0 783
9 8 9 5.5 -2 0 0 694
9 8 10 5.5 -2 0 0 656
9 8 11 5.5 -2 0 0 759
9 8 12 1.5 -2 0 0 720
9 8 13 1.5 -2 0 0 757
9 8 14 5.5 -2 0 0 734
9 8 15 5.5 -2 0 0 755
9 8 16 5.5 -2 0 0 698
9 8 17 5.5 -2 0 0 776
9 8 18 1.5 -2 0 0 665
9 8 19 5.5 -2 0 0 802
9 8 20 0 -10 0 0 72
9 8 21 5.5 -2 0 0 702
9 8 22 1.5 -2 0 0 347
9 8 23 5.5 -2 0 0 881
9 8 24 5.5 -2 0 0 787
9 8 25 5.5 -2 0 0 838
9 8 26 5.5 -2 0 0 855
9 8 27 5.5 -2 0 0 563
9 8 28 5.5 -2 0 0 815
9 8 29 5.5 -2 0 0 879
9 8 30 5.5 -2 0 0 841
9 8 31 5.5 -2 0 0 859
9 8 32 5.5 -2 0 0 876
9 8 33 5.5 -2 0 0 820
9 8 34 5.5 -2 0 0 917
9 8 35 5.5 -2 0 0 864
9 8 36 1.5 -2 0 0 893
9 8 37 5.5 -2 0 0 929
9 8 38 5.5 -2 0 0 1085
9 8 39 5.5 -2 0 0 1316
9 8 40 0 -10 0 0 48
9 8 41 5.5 -2 0 0 869
9 8 42 5.5 -2 0 0 863
9 8 43 5.5 -2 0 0 741
9 8 44 1.5 -2 0 0 1040
9 8 45 1.5 -2 0 0 896
9 8 46 5.5 -2 0 0 929
9 8 47 5.5 -2 0 0 1259
9 8 48 5.5 -2 0 0 804
9 8 49 0 -10 0 0 200
9 8 50 0 -10 0 0 161
9 8 51 1.5 -2 0 0 1309
9 8 52 1.5 -2 0 0 753
9 8 53 0 -10 0 0 83
9 8 54 0 -10 0 0 99
9 8 55 1.5 -2 0 0 1124
9 8 56 1.5 -2 0 0 539
9 8 57 1.5 -2 0 0 1198
9 8 58 1.5 -2 0 0 1102
9 8 59 1.5 -2 0 0 1014
9 8 60 0 -10 0 0 100
9 8 61 1.5 -2 0 0 1376
9 8 62 1.5 -2 0 0 1259
9 8 63 1.5 -2 0 0 1070
9 9 0 1.5 -2 0 0 1442
9 9 1 1.5 -2 0 0 1280
9 9 2 5.5 -2 0 0 1278
9 9 3 1.5 -2 0 0 996
9 9 4 5.5 -2 0 0 921
9 9 5 5.5 -2 0 0 1146
9 9 6 1.5 -2 0 0 1309
9 9 7 5.5 -2 0 0 1071
9 9 8 5.5 -2 0 0 1157
9 9 9 5.5 -2 0 0 1279
9 9 10 1.5 -2 0 0 1209
9 9 11 1.5 -2 0 0 1026
9 9 12 5.5 -2 0 0 1033
9 9 13 1.5 -2 0 0 889
9 9 14 5.5 -2 0 0 1204
9 9 15 1.5 -2 0 0 938
9 9 16 5.5 -2 0 0 1183
9 9 17 1.5 -2 0 0 1005
9 9 18 5.5 -2 0 0 943
9 9 19 5.5 -2 0 0 915
9 9 20 1.5 -2 0 0 876
9 9 21 5.5 -2 0 0 1223
9 9 22 5.5 -2 0 0 1039
9 9 23 5.5 -2 0 0 798
9 9 24 5.5 -2 0 0 1233
9 9 25 1.5 -2 0 0 885
9 9 26 5.5 -2 0 0 1065
9 9 27 5.5 -2 0 0 853
9 9 28 1.5 -2 0 0 866
9 9 29 5.5 -2 0 0 903
9 9 30 5.5 -2 0 0 824
9 9 31 5.5 -2 0 0 834
9 9 32 5.5 -2 0 0 785
9 9 33 5.5 -2 0 0 838
9 9 34 5.5 -2 0 0 1002
9 9 35 1.5 -2 0 0 787
9 9 36 5.5 -2 0 0 758
9 9 37 5.5 -2 0 0 701
9 9 38 5.5 -2 0 0 771
9 9 39 5.5 -2 0 0 668
9 9 40 5.5 -2 0 0 826
9 9 41 5.5 -2 0 0 722
9 9 42 1.5 -2 0 0 797
9 9 43 5.5 -2 0 0 885
9 9 44 1.5 -2 0 0 702
9 9 45 5.5 -2 0 0 769
9 9 46 1.5 -2 0 0 932
9 9 47 1.5 -2 0 0 719
9 9 48 1.5 -2 0 0 784
9 9 49 1.5 -2 0 0 727
9 9 50 1.5 -2 0 0 748
9 9 51 1.5 -2 0 0 651
9 9 52 1.5 -2 0 0 874
9 9 53 1.5 -2 0 0 704
9 9 54 1.5 -2 0 0 741
9 9 55 1.5 -2 0 0 819
9 9 56 1.5 -2 0 0 623
9 9 57 1.5 -2 0 0 725
9 9 58 1.5 -2 0 0 805
9 9 59 1.5 -2 0 0 595
9 9 60 1.5 -2 0 0 660
9 9 61 1.5 -2 0 0 776
9 9 62 1.5 -2 0 0 471
9 9 63 1.5 -2 0 0 742
9 10 0 1.5 -2 0 0 1497
9 10 1 1.5 -2 0 0 1412
9 10 2 1.5 -2 0 0 1395
9 10 3 1.5 -2 0 0 357
9 10 4 5.5 -2 0 0 1598
9 10 5 1.5 -2 0 0 1447
9 10 6 1.5 -2 0 0 1344
9 10 7 1.5 -2 0 0 1340
9 10 8 1.5 -2 0 0 1440
9 10 9 1.5 -2 0 0 1001
9 10 10 1.5 -2 0 0 1211
9 10 11 1.5 -2 0 0 1595
9 10 12 1.5 -2 0 0 1283
9 10 13 1.5 -2 0 0 1436
9 10 14 1.5 -2 0 0 1653
9 10 15 1.5 -2 0 0 1576
9 10 16 1.5 -2 0 0 1333
9 10 17 1.5 -2 0 0 1678
9 10 18 1.5 -2 0 0 1577
9 10 19 5.5 -2 0 0 1550
9 10 20 1.5 -2 0 0 1776
9 10 21 5.5 -2 0 0 1187
9 10 22 1.5 -2 0 0 1028
9 10 23 5.5 -2 0 0 1849
9 10 24 5.5 -2 0 0 1508
9 10 25 5.5 -2 0 0 1613
9 10 26 1.5 -2 0 0 1821
9 10 27 5.5 -2 0 0 1191
9 10 28 5.5 -2 0 0 1673
9 10 29 1.5 -2 0 0 1753
9 10 30 5.5 -2 0 0 1760
9 10 31 1.5 -2 0 0 1940
9 10 32 5.5 -2 0 0 1782
9 10 33 5.5 -2 0 0 1896
9 10 34 5.5 -2 0 0 2051
9 10 35 5.5 -2 0 0 2070
9 10 36 5.5 -2 0 0 1891
9 10 37 5.5 -2 0 0 2094
9 10 38 5.5 -2 0 0 2461
9 10 39 1.5 -2 0 0 3215
9 10 40 5.5 -2 0 0 1920
9 10 41 1.5 -2 0 0 2076
9 10 42 1.5 -2 0 0 2443
9 10 43 1.5 -2 0 0 2250
9 10 44 1.5 -2 0 0 2221
9 10 45 1.5 -2 0 0 2114
9 10 46 1.5 -2 0 0 2385
9 10 47 1.5 -2 0 0 3042
9 10 48 1.5 -2 0 0 2331
9 10 49 1.5 -2 0 0 2421
9 10 50 1.5 -2 0 0 2403
9 10 51 1.5 -2 0 0 3747
9 10 52 1.5 -2 0 0 2484
9 10 53 1.5 -2 0 0 2943
9 10 54 1.5 -2 0 0 2392
9 10 55 1.5 -2 0 0 2961
9 10 56 1.5 -2 0 0 3395
9 10 57 1.5 -2 0 0 3465
9 10 58 1.5 -2 0 0 2595
9 10 59 1.5 -2 0 0 2671
9 10 60 1.5 -2 0 0 3169
9 10 61 1.5 -2 0 0 3994
9 10 62 1.5 -2 0 0 3200
9 10 63 1.5 -2 0 0 2735
9 11 0 5.5 -2 0 0 3961
9 11 1 5.5 -2 0 0 3875
9 11 2 5.5 -2 0 0 3708
9 11 3 5.5 -2 0 0 2432
9 11 4 5.5 -2 0 0 2379
9 11 5 5.5 -2 0 0 2661
9 11 6 5.5 -2 0 0 3444
9 11 7 5.5 -2 0 0 2217
9 11 8 5.5 -2 0 0 2925
9 11 9 5.5 -2 0 0 3124
9 11 10 5.5 -2 0 0 2878
9 11 11 5.5 -2 0 0 2454
9 11 12 5.5 -2 0 0 2656
9 11 13 5.5 -2 0 0 1993
9 11 14 5.5 -2 0 0 3192
9 11 15 5.5 -2 0 0 2262
9 11 16 5.5 -2 0 0 2831
9 11 17 5.5 -2 0 0 2578
9 11 18 5.5 -2 0 0 2157
9 11 19 5.5 -2 0 0 1904
9 11 20 5.5 -2 0 0 1955
9 11 21 5.5 -2 0 0 3395
9 11 22 5.5 -2 0 0 2396
9 11 23 5.5 -2 0 0 2179
9 11 24 5.5 -2 0 0 3045
9 11 25 5.5 -2 0 0 1639
9 11 26 5.5 -2 0 0 2738
9 11 27 5.5 -2 0 0 1838
9 11 28 5.5 -2 0 0 1798
9 11 29 5.5 -2 0 0 2239
9 11 30 5.5 -2 0 0 1981
9 11 31 5.5 -2 0 0 1531
9 11 32 5.5 -2 0 0 1480
9 11 33 5.5 -2 0 0 1579
9 11 34 5.5 -2 0 0 2437
9 11 35 5.5 -2 0 0 1367
9 11 36 5.5 -2 0 0 1665
9 11 37 5.5 -2 0 0 1813
9 11 38 5.5 -2 0 0 1223
9 11 39 5.5 -2 0 0 1357
9 11 40 5.5 -2 0 0 1780
9 11 41 5.5 -2 0 0 1397
9 11 42 5.5 -2 0 0 1567
9 11 43 5.5 -2 0 0 1933
9 11 44 5.5 -2 0 0 1188
9 11 45 5.5 -2 0 0 1426
9 11 46 5.5 -2 0 0 2109
9 11 47 5.5 -2 0 0 1228
9 11 48 5.5 -2 0 0 1458
9 11 49 5.5 -2 0 0 1572
9 11 50 5.5 -2 0 0 1405
9 11 51 5.5 -2 0 0 1367
9 11 52 5.5 -2 0 0 1658
9 11 53 5.5 -2 0 0 1196
9 11 54 5.5 -2 0 0 1263
9 11 55 5.5 -2 0 0 1572
9 11 56 5.5 -2 0 0 1302
9 11 57 5.5 -2 0 0 1332
9 11 58 5.5 -2 0 0 1395
9 11 59 5.5 -2 0 0 1926
9 11 60 5.5 -2 0 0 1259
9 11 61 5.5 -2 0 0 1577
9 11 62 1.5 -2 0 0 1677
9 11 63 1.5 -2 0 0 1434
9 12 0 1.5 -2 0 0 4486
9 12 1 1.5 -2 0 0 4079
9 12 2 1.5 -2 0 0 3818
9 12 3 1.5 -2 0 0 3495
9 12 4 1.5 -2 0 0 4091
9 12 5 1.5 -2 0 0 3954
9 12 6 1.5 -2 0 0 3718
9 12 7 1.5 -2 0 0 3232
9 12 8 1.5 -2 0 0 3779
9 12 9 1.5 -2 0 0 2416
9 12 10 1.5 -2 0 0 3374
9 12 11 1.5 -2 0 0 4327
9 12 12 1.5 -2 0 0 3681
9 12 13 1.5 -2 0 0 3405
9 12 14 1.5 -2 0 0 4237
9 12 15 1.5 -2 0 0 3706
9 12 16 1.5 -2 0 0 3195
9 12 17 1.5 -2 0 0 4176
9 12 18 1.5 -2 0 0 3922
9 12 19 1.5 -2 0 0 3346
9 12 20 1.5 -2 0 0 4195
9 12 21 1.5 -2 0 0 3403
9 12 22 1.5 -2 0 0 1712
9 12 23 1.5 -2 0 0 4667
9 12 24 1.5 -2 0 0 4106
9 12 25 1.5 -2 0 0 3740
9 12 26 1.5 -2 0 0 4881
9 12 27 1.5 -2 0 0 3830
9 12 28 5.5 -2 0 0 3720
9 12 29 1.5 -2 0 0 4677
9 12 30 1.5 -2 0 0 4134
9 12 31 1.5 -2 0 0 3879
9 12 32 1.5 -2 0 0 3949
9 12 33 1.5 -2 0 0 4225
9 12 34 1.5 -2 0 0 4954
9 12 35 5.5 -2 0 0 4258
9 12 36 1.5 -2 0 0 4233
9 12 37 1.5 -2 0 0 4670
9 12 38 1.5 -2 0 0 4282
9 12 39 1.5 -2 0 0 5185
9 12 40 5.5 -2 0 0 4592
9 12 41 1.5 -2 0 0 4152
9 12 42 1.5 -2 0 0 4643
9 12 43 1.5 -2 0 0 5048
9 12 44 1.5 -2 0 0 4151
9 12 45 1.5 -2 0 0 4340
9 12 46 5.5 -2 0 0 5357
9 12 47 1.5 -2 0 0 4640
9 12 48 1.5 -2 0 0 4494
9 12 49 1.5 -2 0 0 4841
9 12 50 1.5 -2 0 0 4547
9 12 51 1.5 -2 0 0 5736
9 12 52 1.5 -2 0 0 5316
9 12 53 1.5 -2 0 0 4524
9 12 54 1.5 -2 0 0 4909
9 12 55 1.5 -2 0 0 5475
9 12 56 1.5 -2 0 0 5217
9 12 57 1.5 -2 0 0 5387
9 12 58 1.5 -2 0 0 4895
9 12 59 1.5 -2 0 0 5664
9 12 60 1.5 -2 0 0 4786
9 12 61 1.5 -2 0 0 6630
9 12 62 1.5 -2 0 0 5907
9 12 63 1.5 -2 0 0 5320
9 13 0 1.5 -2 0 0 6418
9 13 1 1.5 -2 0 0 5414
9 13 2 1.5 -2 0 0 5430
9 13 3 1.5 -2 0 0 4267
9 13 4 5.5 -2 0 0 4731
9 13 5 5.5 -2 0 0 4982
9 13 6 5.5 -2 0 0 5205
9 13 7 5.5 -2 0 0 3819
9 13 8 5.5 -2 0 0 5025
9 13 9 5.5 -2 0 0 4716
9 13 10 5.5 -2 0 0 4177
9 13 11 5.5 -2 0 0 4919
9 13 12 5.5 -2 0 0 4385
9 13 13 5.5 -2 0 0 3871
9 13 14 5.5 -2 0 0 5885
9 13 15 5.5 -2 0 0 4206
9 13 16 5.5 -2 0 0 4175
9 13 17 5.5 -2 0 0 5384
9 13 18 5.5 -2 0 0 4467
9 13 19 5.5 -2 0 0 3719
9 13 20 5.5 -2 0 0 4559
9 13 21 5.5 -2 0 0 4840
9 13 22 5.5 -2 0 0 3797
9 13 23 5.5 -2 0 0 4581
9 13 24 5.5 -2 0 0 5053
9 13 25 5.5 -2 0 0 3618
9 13 26 5.5 -2 0 0 5465
9 13 27 5.5 -2 0 0 3869
9 13 28 5.5 -2 0 0 3685
9 13 29 5.5 -2 0 0 4841
9 13 30 5.5 -2 0 0 4083
9 13 31 5.5 -2 0 0 3538
9 13 32 5.5 -2 0 0 3395
9 13 33 5.5 -2 0 0 3606
9 13 34 5.5 -2 0 0 5523
9 13 35 5.5 -2 0 0 3326
9 13 36 5.5 -2 0 0 3860
9 13 37 5.5 -2 0 0 4147
9 13 38 5.5 -2 0 0 3008
9 13 39 5.5 -2 0 0 3335
9 13 40 5.5 -2 0 0 4070
9 13 41 5.5 -2 0 0 3122
9 13 42 5.5 -2 0 0 3754
9 13 43 5.5 -2 0 0 4731
9 13 44 5.5 -2 0 0 3107
9 13 45 5.5 -2 0 0 3562
9 13 46 5.5 -2 0 0 5229
9 13 47 5.5 -2 0 0 3037
9 13 48 5.5 -2 0 0 3765
9 13 49 5.5 -2 0 0 4128
9 13 50 5.5 -2 0 0 3132
9 13 51 5.5 -2 0 0 3959
9 13 52 5.5 -2 0 0 4379
9 13 53 5.5 -2 0 0 3012
9 13 54 5.5 -2 0 0 3507
9 13 55 5.5 -2 0 0 3978
9 13 56 5.5 -2 0 0 3718
9 13 57 5.5 -2 0 0 3886
9 13 58 5.5 -2 0 0 3735
9 13 59 1.5 -2 0 0 4537
9 13 60 5.5 -2 0 0 3168
9 13 61 5.5 -2 0 0 4382
9 13 62 1.5 -2 0 0 4379
9 13 63 1.5 -2 0 0 3836
9 14 0 1.5 -2 0 0 6341
9 14 1 1.5 -2 0 0 5516
9 14 2 1.5 -2 0 0 5507
9 14 3 1.5 -2 0 0 4406
9 14 4 1.5 -2 0 0 4381
9 14 5 1.5 -2 0 0 4812
9 14 6 1.5 -2 0 0 5369
9 14 7 1.5 -2 0 0 3190
9 14 8 1.5 -2 0 0 4913
9 14 9 1.5 -2 0 0 4540
9 14 10 1.5 -2 0 0 4613
9 14 11 1.5 -2 0 0 4579
9 14 12 1.5 -2 0 0 4501
9 14 13 1.5 -2 0 0 624
9 14 14 1.5 -2 0 0 5762
9 14 15 5.5 -2 0 0 1342
9 14 16 5.5 -2 0 0 4716
9 14 17 1.5 -2 0 0 4841
9 14 18 1.5 -2 0 0 3873
9 14 19 1.5 -2 0 0 3777
9 14 20 1.5 -2 0 0 4130
9 14 21 5.5 -2 0 0 5017
9 14 22 5.5 -2 0 0 908
9 14 23 5.5 -2 0 0 4330
9 14 24 5.5 -2 0 0 5329
9 14 25 1.5 -2 0 0 3545
9 14 26 5.5 -2 0 0 5288
9 14 27 1.5 -2 0 0 3934
9 14 28 1.5 -2 0 0 3308
9 14 29 5.5 -2 0 0 4245
9 14 30 5.5 -2 0 0 3958
9 14 31 5.5 -2 0 0 3094
9 14 32 5.5 -2 0 0 757
9 14 33 1.5 -2 0 0 853
9 14 34 1.5 -2 0 0 4693
9 14 35 5.5 -2 0 0 2918
9 14 36 1.5 -2 0 0 449
9 14 37 5.5 -2 0 0 4004
9 14 38 5.5 -2 0 0 2630
9 14 39 5.5 -2 0 0 2596
9 14 40 5.5 -2 0 0 3726
9 14 41 1.5 -2 0 0 2939
9 14 42 5.5 -2 0 0 3404
9 14 43 1.5 -2 0 0 4022
9 14 44 5.5 -2 0 0 2546
9 14 45 5.5 -2 0 0 828
9 14 46 1.5 -2 0 0 4508
9 14 47 1.5 -2 0 0 2468
9 14 48 1.5 -2 0 0 713
9 14 49 1.5 -2 0 0 3387
9 14 50 1.5 -2 0 0 2763
9 14 51 1.5 -2 0 0 3012
9 14 52 1.5 -2 0 0 3570
9 14 53 1.5 -2 0 0 2368
9 14 54 1.5 -2 0 0 2792
9 14 55 1.5 -2 0 0 3250
9 14 56 1.5 -2 0 0 2807
9 14 57 1.5 -2 0 0 3080
9 14 58 1.5 -2 0 0 2466
9 14 59 1.5 -2 0 0 4170
9 14 60 1.5 -2 0 0 2691
9 14 61 1.5 -2 0 0 3220
9 14 62 1.5 -2 0 0 3341
9 14 63 1.5 -2 0 0 2793
9 15 0 5.5 -2 0 0 2781
9 15 1 1.5 -2 0 0 2908
9 15 2 5.5 -2 0 0 2744
9 15 3 5.5 -2 0 0 2302
9 15 4 5.5 -2 0 0 2926
9 15 5 1.5 -2 0 0 2903
9 15 6 5.5 -2 0 0 2572
9 15 7 5.5 -2 0 0 2146
9 15 8 5.5 -2 0 0 2851
9 15 9 1.5 -2 0 0 2154
9 15 10 5.5 -2 0 0 2166
9 15 11 5.5 -2 0 0 2983
9 15 12 1.5 -2 0 0 2484
9 15 13 5.5 -2 0 0 2506
9 15 14 5.5 -2 0 0 3392
9 15 15 5.5 -2 0 0 2730
9 15 16 5.5 -2 0 0 1907
9 15 17 5.5 -2 0 0 3030
9 15 18 5.5 -2 0 0 2849
9 15 19 5.5 -2 0 0 2608
9 15 20 5.5 -2 0 0 3346
9 15 21 5.5 -2 0 0 2338
9 15 22 5.5 -2 0 0 2374
9 15 23 5.5 -2 0 0 3594
9 15 24 5.5 -2 0 0 3049
9 15 25 5.5 -2 0 0 2776
9 15 26 5.5 -2 0 0 3781
9 15 27 5.5 -2 0 0 2846
9 15 28 5.5 -2 0 0 2802
9 15 29 5.5 -2 0 0 3757
9 15 30 5.5 -2 0 0 3203
9 15 31 5.5 -2 0 0 2958
9 15 32 5.5 -2 0 0 2860
9 15 33 5.5 -2 0 0 3502
9 15 34 5.5 -2 0 0 4155
9 15 35 5.5 -2 0 0 3198
9 15 36 5.5 -2 0 0 3564
9 15 37 5.5 -2 0 0 3938
9 15 38 5.5 -2 0 0 3300
9 15 39 5.5 -2 0 0 4703
9 15 40 5.5 -2 0 0 3770
9 15 41 5.5 -2 0 0 3148
9 15 42 5.5 -2 0 0 4060
9 15 43 5.5 -2 0 0 4117
9 15 44 5.5 -2 0 0 3512
9 15 45 5.5 -2 0 0 3523
9 15 46 5.5 -2 0 0 4495
9 15 47 5.5 -2 0 0 3629
9 15 48 5.5 -2 0 0 3939
9 15 49 5.5 -2 0 0 4323
9 15 50 5.5 -2 0 0 3808
9 15 51 5.5 -2 0 0 5267
9 15 52 5.5 -2 0 0 4326
9 15 53 5.5 -2 0 0 4001
9 15 54 1.5 -2 0 0 4224
9 15 55 1.5 -2 0 0 4891
9 15 56 5.5 -2 0 0 4857
9 15 57 5.5 -2 0 0 5141
9 15 58 1.5 -2 0 0 4405
9 15 59 5.5 -2 0 0 4746
9 15 60 1.5 -2 0 0 4306
9 15 61 1.5 -2 0 0 5952
9 15 62 1.5 -2 0 0 4940
9 15 63 1.5 -2 0 0 4612
10 0 0 1.5 -2 0 0 635
10 0 1 1.5 -2 0 0 561
10 0 2 1.5 -2 0 0 527
10 0 3 1.5 -2 0 0 223
10 0 4 1.5 -2 0 0 446
10 0 5 1.5 -2 0 0 486
10 0 6 1.5 -2 0 0 500
10 0 7 1.5 -2 0 0 530
10 0 8 1.5 -2 0 0 568
10 0 9 0 -10 0 0 124
10 0 10 0 -10 0 0 71
10 0 11 1.5 -2 0 0 531
10 0 12 5.5 -2 0 0 491
10 0 13 1.5 -2 0 0 404
10 0 14 1.5 -2 0 0 601
10 0 15 1.5 -2 0 0 507
10 0 16 0 -10 0 0 168
10 0 17 5.5 -2 0 0 555
10 0 18 1.5 -2 0 0 383
10 0 19 0 -10 0 0 153
10 0 20 5.5 -2 0 0 532
10 0 21 1.5 -2 0 0 461
10 0 22 1.5 -2 0 0 238
10 0 23 5.5 -2 0 0 552
10 0 24 1.5 -2 0 0 541
10 0 25 5.5 -2 0 0 593
10 0 26 1.5 -2 0 0 592
10 0 27 5.5 -2 0 0 471
10 0 28 1.5 -2 0 0 526
10 0 29 5.5 -2 0 0 573
10 0 30 1.5 -2 0 0 254
10 0 31 5.5 -2 0 0 543
10 0 32 0 -10 0 0 175
10 0 33 5.5 -2 0 0 548
10 0 34 5.5 -2 0 0 634
10 0 35 1.5 -2 0 0 582
10 0 36 5.5 -2 0 0 246
10 0 37 5.5 -2 0 0 508
10 0 38 1.5 -2 0 0 596
10 0 39 1.5 -2 0 0 688
10 0 40 5.5 -2 0 0 440
10 0 41 1.5 -2 0 0 555
10 0 42 1.5 -2 0 0 605
10 0 43 1.5 -2 0 0 610
10 0 44 1.5 -2 0 0 568
10 0 45 5.5 -2 0 0 573
10 0 46 1.5 -2 0 0 663
10 0 47 5.5 -2 0 0 698
10 0 48 1.5 -2 0 0 555
10 0 49 1.5 -2 0 0 632
10 0 50 1.5 -2 0 0 623
10 0 51 1.5 -2 0 0 788
10 0 52 1.5 -2 0 0 705
10 0 53 1.5 -2 0 0 617
10 0 54 1.5 -2 0 0 577
10 0 55 1.5 -2 0 0 642
10 0 56 1.5 -2 0 0 714
10 0 57 1.5 -2 0 0 696
10 0 58 1.5 -2 0 0 641
10 0 59 1.5 -2 0 0 756
10 0 60 1.5 -2 0 0 624
10 0 61 1.5 -2 0 0 896
10 0 62 1.5 -2 0 0 747
10 0 63 1.5 -2 0 0 636
10 1 0 1.5 -2 0 0 794
10 1 1 1.5 -2 0 0 781
10 1 2 5.5 -2 0 0 797
10 1 3 5.5 -2 0 0 812
10 1 4 5.5 -2 0 0 709
10 1 5 5.5 -2 0 0 707
10 1 6 5.5 -2 0 0 934
10 1 7 5.5 -2 0 0 921
10 1 8 5.5 -2 0 0 748
10 1 9 5.5 -2 0 0 912
10 1 10 5.5 -2 0 0 890
10 1 11 1.5 -2 0 0 703
10 1 12 5.5 -2 0 0 748
10 1 13 5.5 -2 0 0 803
10 1 14 5.5 -2 0 0 738
10 1 15 5.5 -2 0 0 746
10 1 16 5.5 -2 0 0 1148
10 1 17 5.5 -2 0 0 706
10 1 18 5.5 -2 0 0 734
10 1 19 5.5 -2 0 0 916
10 1 20 5.5 -2 0 0 581
10 1 21 5.5 -2 0 0 824
10 1 22 5.5 -2 0 0 866
10 1 23 5.5 -2 0 0 640
10 1 24 5.5 -2 0 0 708
10 1 25 5.5 -2 0 0 767
10 1 26 5.5 -2 0 0 696
10 1 27 5.5 -2 0 0 692
10 1 28 5.5 -2 0 0 728
10 1 29 5.5 -2 0 0 618
10 1 30 5.5 -2 0 0 677
10 1 31 5.5 -2 0 0 738
10 1 32 5.5 -2 0 0 669
10 1 33 5.5 -2 0 0 703
10 1 34 5.5 -2 0 0 651
10 1 35 5.5 -2 0 0 746
10 1 36 5.5 -2 0 0 607
10 1 37 5.5 -2 0 0 613
10 1 38 5.5 -2 0 0 600
10 1 39 5.5 -2 0 0 603
10 1 40 5.5 -2 0 0 571
10 1 41 5.5 -2 0 0 613
10 1 42 5.5 -2 0 0 593
10 1 43 5.5 -2 0 0 593
10 1 44 5.5 -2 0 0 606
10 1 45 5.5 -2 0 0 589
10 1 46 5.5 -2 0 0 646
10 1 47 5.5 -2 0 0 683
10 1 48 5.5 -2 0 0 619
10 1 49 5.5 -2 0 0 617
10 1 50 5.5 -2 0 0 582
10 1 51 5.5 -2 0 0 604
10 1 52 1.5 -2 0 0 583
10 1 53 1.5 -2 0 0 552
10 1 54 5.5 -2 0 0 575
10 1 55 1.5 -2 0 0 484
10 1 56 1.5 -2 0 0 594
10 1 57 1.5 -2 0 0 558
10 1 58 1.5 -2 0 0 597
10 1 59 1.5 -2 0 0 534
10 1 60 1.5 -2 0 0 608
10 1 61 1.5 -2 0 0 516
10 1 62 1.5 -2 0 0 606
10 1 63 1.5 -2 0 0 518
10 2 0 1.5 -2 0 0 841
10 2 1 1.5 -2 0 0 833
10 2 2 1.5 -2 0 0 723
10 2 3 1.5 -2 0 0 694
10 2 4 1.5 -2 0 0 689
10 2 5 1.5 -2 0 0 725
10 2 6 1.5 -2 0 0 741
10 2 7 1.5 -2 0 0 504
10 2 8 1.5 -2 0 0 700
10 2 9 1.5 -2 0 0 646
10 2 10 1.5 -2 0 0 655
10 2 11 1.5 -2 0 0 703
10 2 12 1.5 -2 0 0 667
10 2 13 1.5 -2 0 0 613
10 2 14 1.5 -2 0 0 835
10 2 15 1.5 -2 0 0 522
10 2 16 1.5 -2 0 0 555
10 2 17 1.5 -2 0 0 804
10 2 18 5.5 -2 0 0 729
10 2 19 1.5 -2 0 0 621
10 2 20 1.5 -2 0 0 462
10 2 21 5.5 -2 0 0 686
10 2 22 1.5 -2 0 0 617
10 2 23 1.5 -2 0 0 715
10 2 24 1.5 -2 0 0 751
10 2 25 1.5 -2 0 0 674
10 2 26 1.5 -2 0 0 829
10 2 27 5.5 -2 0 0 698
10 2 28 1.5 -2 0 0 674
10 2 29 5.5 -2 0 0 816
10 2 30 5.5 -2 0 0 477
10 2 31 1.5 -2 0 0 664
10 2 32 5.5 -2 0 0 703
10 2 33 5.5 -2 0 0 728
10 2 34 5.5 -2 0 0 985
10 2 35 1.5 -2 0 0 707
10 2 36 1.5 -2 0 0 760
10 2 37 1.5 -2 0 0 844
10 2 38 1.5 -2 0 0 716
10 2 39 5.5 -2 0 0 948
10 2 40 1.5 -2 0 0 706
10 2 41 1.5 -2 0 0 679
10 2 42 1.5 -2 0 0 678
10 2 43 5.5 -2 0 0 923
10 2 44 1.5 -2 0 0 733
10 2 45 1.5 -2 0 0 664
10 2 46 1.5 -2 0 0 1041
10 2 47 1.5 -2 0 0 835
10 2 48 1.5 -2 0 0 706
10 2 49 1.5 -2 0 0 838
10 2 50 1.5 -2 0 0 732
10 2 51 1.5 -2 0 0 1185
10 2 52 1.5 -2 0 0 966
10 2 53 1.5 -2 0 0 819
10 2 54 1.5 -2 0 0 782
10 2 55 1.5 -2 0 0 1002
10 2 56 1.5 -2 0 0 940
10 2 57 1.5 -2 0 0 1069
10 2 58 1.5 -2 0 0 826
10 2 59 1.5 -2 0 0 1065
10 2 60 1.5 -2 0 0 793
10 2 61 1.5 -2 0 0 1308
10 2 62 1.5 -2 0 0 1153
10 2 63 1.5 -2 0 0 910
10 3 0 0 -10 0 0 0
10 3 1 5.5 -2 0 0 1564
10 3 2 5.5 -2 0 0 1595
10 3 3 5.5 -2 0 0 1891
10 3 4 1.5 -2 0 0 1385
10 3 5 1.5 -2 0 0 1514
10 3 6 1.5 -2 0 0 1837
10 3 7 5.5 -2 0 0 2540
10 3 8 1.5 -2 0 0 1367
10 3 9 5.5 -2 0 0 2212
10 3 10 1.5 -2 0 0 2447
10 3 11 5.5 -2 0 0 1263
10 3 12 5.5 -2 0 0 1640
10 3 13 5.5 -2 0 0 1827
10 3 14 5.5 -2 0 0 1420
10 3 15 5.5 -2 0 0 1625
10 3 16 0 -10 0 0 0
10 3 17 5.5 -2 0 0 1251
10 3 18 5.5 -2 0 0 1592
10 3 19 5.5 -2 0 0 2071
10 3 20 5.5 -2 0 0 264
10 3 21 5.5 -2 0 0 2031
10 3 22 5.5 -2 0 0 2062
10 3 23 5.5 -2 0 0 1168
10 3 24 5.5 -2 0 0 1311
10 3 25 5.5 -2 0 0 1858
10 3 26 0 -10 0 0 0
10 3 27 5.5 -2 0 0 1299
10 3 28 5.5 -2 0 0 1573
10 3 29 5.5 -2 0 0 1144
10 3 30 5.5 -2 0 0 1404
10 3 31 5.5 -2 0 0 1695
10 3 32 5.5 -2 0 0 1436
10 3 33 5.5 -2 0 0 1305
10 3 34 5.5 -2 0 0 1063
10 3 35 5.5 -2 0 0 1444
10 3 36 0 -10 0 0 0
10 3 37 5.5 -2 0 0 1001
10 3 38 5.5 -2 0 0 1361
10 3 39 5.5 -2 0 0 972
10 3 40 5.5 -2 0 0 1172
10 3 41 5.5 -2 0 0 1293
10 3 42 5.5 -2 0 0 1017
10 3 43 5.5 -2 0 0 1062
10 3 44 5.5 -2 0 0 1159
10 3 45 5.5 -2 0 0 1199
10 3 46 5.5 -2 0 0 1036
10 3 47 1.5 -2 0 0 1295
10 3 48 1.5 -2 0 0 1246
10 3 49 1.5 -2 0 0 948
10 3 50 1.5 -2 0 0 1074
10 3 51 5.5 -2 0 0 807
10 3 52 1.5 -2 0 0 898
10 3 53 5.5 -2 0 0 1096
10 3 54 1.5 -2 0 0 1061
10 3 55 5.5 -2 0 0 877
10 3 56 1.5 -2 0 0 900
10 3 57 1.5 -2 0 0 890
10 3 58 1.5 -2 0 0 976
10 3 59 1.5 -2 0 0 910
10 3 60 1.5 -2 0 0 991
10 3 61 1.5 -2 0 0 868
10 3 62 1.5 -2 0 0 846
10 3 63 1.5 -2 0 0 891
10 4 0 1.5 -2 0 0 1265
10 4 1 1.5 -2 0 0 1121
10 4 2 1.5 -2 0 0 1025
10 4 3 1.5 -2 0 0 678
10 4 4 1.5 -2 0 0 774
10 4 5 1.5 -2 0 0 869
10 4 6 1.5 -2 0 0 788
10 4 7 1.5 -2 0 0 755
10 4 8 1.5 -2 0 0 874
10 4 9 1.5 -2 0 0 857
10 4 10 1.5 -2 0 0 823
10 4 11 5.5 -2 0 0 1052
10 4 12 1.5 -2 0 0 870
10 4 13 1.5 -2 0 0 603
10 4 14 5.5 -2 0 0 1134
10 4 15 1.5 -2 0 0 774
10 4 16 5.5 -2 0 0 760
10 4 17 5.5 -2 0 0 945
10 4 18 1.5 -2 0 0 689
10 4 19 1.5 -2 0 0 774
10 4 20 5.5 -2 0 0 614
10 4 21 5.5 -2 0 0 921
10 4 22 1.5 -2 0 0 668
10 4 23 5.5 -2 0 0 1081
10 4 24 5.5 -2 0 0 1159
10 4 25 1.5 -2 0 0 695
10 4 26 5.5 -2 0 0 1463
10 4 27 5.5 -2 0 0 789
10 4 28 5.5 -2 0 0 784
10 4 29 1.5 -2 0 0 1133
10 4 30 5.5 -2 0 0 876
10 4 31 5.5 -2 0 0 773
10 4 32 5.5 -2 0 0 742
10 4 33 5.5 -2 0 0 758
10 4 34 5.5 -2 0 0 1487
10 4 35 5.5 -2 0 0 723
10 4 36 1.5 -2 0 0 874
10 4 37 5.5 -2 0 0 1032
10 4 38 1.5 -2 0 0 708
10 4 39 1.5 -2 0 0 1010
10 4 40 5.5 -2 0 0 984
10 4 41 5.5 -2 0 0 852
10 4 42 5.5 -2 0 0 907
10 4 43 1.5 -2 0 0 1052
10 4 44 5.5 -2 0 0 813
10 4 45 5.5 -2 0 0 709
10 4 46 1.5 -2 0 0 1599
10 4 47 1.5 -2 0 0 736
10 4 48 1.5 -2 0 0 816
10 4 49 1.5 -2 0 0 1193
10 4 50 1.5 -2 0 0 872
10 4 51 1.5 -2 0 0 1264
10 4 52 1.5 -2 0 0 1211
10 4 53 1.5 -2 0 0 764
10 4 54 1.5 -2 0 0 870
10 4 55 1.5 -2 0 0 1189
10 4 56 1.5 -2 0 0 1033
10 4 57 1.5 -2 0 0 1237
10 4 58 1.5 -2 0 0 1007
10 4 59 1.5 -2 0 0 1526
10 4 60 1.5 -2 0 0 759
10 4 61 1.5 -2 0 0 1448
10 4 62 1.5 -2 0 0 1533
10 4 63 1.5 -2 0 0 1100
10 5 0 1.5 -2 0 0 1608
10 5 1 1.5 -2 0 0 1804
10 5 2 1.5 -2 0 0 2199
10 5 3 1.5 -2 0 0 2839
10 5 4 1.5 -2 0 0 2089
10 5 5 1.5 -2 0 0 2275
10 5 6 1.5 -2 0 0 2426
10 5 7 1.5 -2 0 0 3824
10 5 8 1.5 -2 0 0 2057
10 5 9 1.5 -2 0 0 2858
10 5 10 1.5 -2 0 0 3441
10 5 11 1.5 -2 0 0 2026
10 5 12 1.5 -2 0 0 2601
10 5 13 1.5 -2 0 0 2844
10 5 14 1.5 -2 0 0 1678
10 5 15 1.5 -2 0 0 2757
10 5 16 1.5 -2 0 0 4164
10 5 17 1.5 -2 0 0 1783
10 5 18 1.5 -2 0 0 2519
10 5 19 1.5 -2 0 0 3870
10 5 20 1.5 -2 0 0 2158
10 5 21 1.5 -2 0 0 2684
10 5 22 1.5 -2 0 0 3288
10 5 23 1.5 -2 0 0 1918
10 5 24 1.5 -2 0 0 1824
10 5 25 1.5 -2 0 0 3733
10 5 26 5.5 -2 0 0 1647
10 5 27 1.5 -2 0 0 2644
10 5 28 1.5 -2 0 0 2746
10 5 29 1.5 -2 0 0 1734
10 5 30 1.5 -2 0 0 2485
10 5 31 5.5 -2 0 0 3225
10 5 32 1.5 -2 0 0 2922
10 5 33 1.5 -2 0 0 2401
10 5 34 1.5 -2 0 0 1664
10 5 35 1.5 -2 0 0 3045
10 5 36 1.5 -2 0 0 2148
10 5 37 1.5 -2 0 0 1803
10 5 38 1.5 -2 0 0 3021
10 5 39 1.5 -2 0 0 2108
10 5 40 1.5 -2 0 0 2272
10 5 41 1.5 -2 0 0 2623
10 5 42 1.5 -2 0 0 1718
10 5 43 1.5 -2 0 0 1564
10 5 44 1.5 -2 0 0 2580
10 5 45 1.5 -2 0 0 2297
10 5 46 1.5 -2 0 0 1429
10 5 47 1.5 -2 0 0 3160
10 5 48 1.5 -2 0 0 2219
10 5 49 1.5 -2 0 0 1639
10 5 50 1.5 -2 0 0 2175
10 5 51 1.5 -2 0 0 1548
10 5 52 1.5 -2 0 0 1498
10 5 53 1.5 -2 0 0 2619
10 5 54 1.5 -2 0 0 1965
10 5 55 1.5 -2 0 0 1393
10 5 56 1.5 -2 0 0 1958
10 5 57 1.5 -2 0 0 1833
10 5 58 1.5 -2 0 0 1644
10 5 59 1.5 -2 0 0 1593
10 5 60 1.5 -2 0 0 2285
10 5 61 1.5 -2 0 0 1580
10 5 62 1.5 -2 0 0 1332
10 5 63 1.5 -2 0 0 1555
10 6 0 1.5 -2 0 0 1746
10 6 1 1.5 -2 0 0 1385
10 6 2 1.5 -2 0 0 1241
10 6 3 1.5 -2 0 0 884
10 6 4 5.5 -2 0 0 937
10 6 5 5.5 -2 0 0 988
10 6 6 1.5 -2 0 0 1024
10 6 7 1.5 -2 0 0 793
10 6 8 1.5 -2 0 0 1113
10 6 9 1.5 -2 0 0 935
10 6 10 1.5 -2 0 0 851
10 6 11 1.5 -2 0 0 1055
10 6 12 1.5 -2 0 0 919
10 6 13 5.5 -2 0 0 792
10 6 14 5.5 -2 0 0 1503
10 6 15 1.5 -2 0 0 863
10 6 16 5.5 -2 0 0 834
10 6 17 1.5 -2 0 0 1227
10 6 18 5.5 -2 0 0 872
10 6 19 1.5 -2 0 0 772
10 6 20 5.5 -2 0 0 889
10 6 21 5.5 -2 0 0 1008
10 6 22 5.5 -2 0 0 797
10 6 23 5.5 -2 0 0 963
10 6 24 5.5 -2 0 0 1293
10 6 25 5.5 -2 0 0 776
10 6 26 5.5 -2 0 0 1494
10 6 27 5.5 -2 0 0 824
10 6 28 5.5 -2 0 0 790
10 6 29 5.5 -2 0 0 1107
10 6 30 1.5 -2 0 0 880
10 6 31 5.5 -2 0 0 676
10 6 32 5.5 -2 0 0 760
10 6 33 5.5 -2 0 0 817
10 6 34 5.5 -2 0 0 1361
10 6 35 5.5 -2 0 0 657
10 6 36 1.5 -2 0 0 815
10 6 37 5.5 -2 0 0 905
10 6 38 5.5 -2 0 0 656
10 6 39 5.5 -2 0 0 760
10 6 40 5.5 -2 0 0 899
10 6 41 5.5 -2 0 0 755
10 6 42 5.5 -2 0 0 888
10 6 43 5.5 -2 0 0 1040
10 6 44 5.5 -2 0 0 673
10 6 45 5.5 -2 0 0 746
10 6 46 5.5 -2 0 0 1280
10 6 47 1.5 -2 0 0 566
10 6 48 5.5 -2 0 0 841
10 6 49 1.5 -2 0 0 900
10 6 50 1.5 -2 0 0 737
10 6 51 1.5 -2 0 0 936
10 6 52 1.5 -2 0 0 985
10 6 53 1.5 -2 0 0 628
10 6 54 1.5 -2 0 0 754
10 6 55 1.5 -2 0 0 955
10 6 56 1.5 -2 0 0 780
10 6 57 1.5 -2 0 0 806
10 6 58 1.5 -2 0 0 782
10 6 59 1.5 -2 0 0 1097
10 6 60 1.5 -2 0 0 697
10 6 61 1.5 -2 0 0 1031
10 6 62 1.5 -2 0 0 1034
10 6 63 1.5 -2 0 0 881
10 7 0 1.5 -2 0 0 1001
10 7 1 1.5 -2 0 0 1119
10 7 2 1.5 -2 0 0 1206
10 7 3 1.5 -2 0 0 1816
10 7 4 1.5 -2 0 0 1616
10 7 5 5.5 -2 0 0 1485
10 7 6 1.5 -2 0 0 1271
10 7 7 1.5 -2 0 0 2427
10 7 8 1.5 -2 0 0 1373
10 7 9 1.5 -2 0 0 1500
10 7 10 1.5 -2 0 0 1690
10 7 11 1.5 -2 0 0 1440
10 7 12 1.5 -2 0 0 1544
10 7 13 5.5 -2 0 0 2248
10 7 14 5.5 -2 0 0 1215
10 7 15 1.5 -2 0 0 1981
10 7 16 5.5 -2 0 0 2116
10 7 17 5.5 -2 0 0 1251
10 7 18 1.5 -2 0 0 1825
10 7 19 5.5 -2 0 0 2784
10 7 20 1.5 -2 0 0 1849
10 7 21 1.5 -2 0 0 1473
10 7 22 1.5 -2 0 0 2032
10 7 23 1.5 -2 0 0 1608
10 7 24 1.5 -2 0 0 1210
10 7 25 5.5 -2 0 0 3030
10 7 26 5.5 -2 0 0 1329
10 7 27 5.5 -2 0 0 2291
10 7 28 1.5 -2 0 0 2498
10 7 29 1.5 -2 0 0 1377
10 7 30 1.5 -2 0 0 1977
10 7 31 5.5 -2 0 0 3298
10 7 32 1.5 -2 0 0 2705
10 7 33 1.5 -2 0 0 2303
10 7 34 1.5 -2 0 0 1402
10 7 35 5.5 -2 0 0 3529
10 7 36 5.5 -2 0 0 2219
10 7 37 1.5 -2 0 0 1784
10 7 38 5.5 -2 0 0 3839
10 7 39 1.5 -2 0 0 2746
10 7 40 5.5 -2 0 0 1897
10 7 41 5.5 -2 0 0 2888
10 7 42 1.5 -2 0 0 2010
10 7 43 5.5 -2 0 0 1552
10 7 44 1.5 -2 0 0 2993
10 7 45 1.5 -2 0 0 2510
10 7 46 1.5 -2 0 0 1428
10 7 47 1.5 -2 0 0 4243
10 7 48 1.5 -2 0 0 2208
10 7 49 1.5 -2 0 0 1867
10 7 50 1.5 -2 0 0 2632
10 7 51 1.5 -2 0 0 1979
10 7 52 1.5 -2 0 0 1660
10 7 53 1.5 -2 0 0 3366
10 7 54 1.5 -2 0 0 2526
10 7 55 1.5 -2 0 0 1750
10 7 56 1.5 -2 0 0 2345
10 7 57 1.5 -2 0 0 2252
10 7 58 1.5 -2 0 0 2188
10 7 59 1.5 -2 0 0 1665
10 7 60 1.5 -2 0 0 3092
10 7 61 1.5 -2 0 0 1790
10 7 62 1.5 -2 0 0 1643
10 7 63 1.5 -2 0 0 2087
10 8 0 1.5 -2 0 0 915
10 8 1 1.5 -2 0 0 811
10 8 2 1.5 -2 0 0 758
10 8 3 1.5 -2 0 0 706
10 8 4 1.5 -2 0 0 741
10 8 5 1.5 -2 0 0 767
10 8 6 1.5 -2 0 0 754
10 8 7 1.5 -2 0 0 698
10 8 8 1.5 -2 0 0 740
10 8 9 5.5 -2 0 0 752
10 8 10 1.5 -2 0 0 748
10 8 11 1.5 -2 0 0 768
10 8 12 1.5 -2 0 0 743
10 8 13 1.5 -2 0 0 744
10 8 14 0 -10 0 0 0
10 8 15 1.5 -2 0 0 794
10 8 16 5.5 -2 0 0 774
10 8 17 5.5 -2 0 0 804
10 8 18 1.5 -2 0 0 705
10 8 19 1.5 -2 0 0 787
10 8 20 5.5 -2 0 0 800
10 8 21 5.5 -2 0 0 696
10 8 22 5.5 -2 0 0 665
10 8 23 5.5 -2 0 0 817
10 8 24 5.5 -2 0 0 823
10 8 25 1.5 -2 0 0 825
10 8 26 5.5 -2 0 0 916
10 8 27 5.5 -2 0 0 769
10 8 28 1.5 -2 0 0 878
10 8 29 1.5 -2 0 0 891
10 8 30 5.5 -2 0 0 788
10 8 31 1.5 -2 0 0 847
10 8 32 5.5 -2 0 0 849
10 8 33 1.5 -2 0 0 839
10 8 34 1.5 -2 0 0 914
10 8 35 5.5 -2 0 0 920
10 8 36 5.5 -2 0 0 867
10 8 37 1.5 -2 0 0 901
10 8 38 5.5 -2 0 0 1049
10 8 39 5.5 -2 0 0 1240
10 8 40 5.5 -2 0 0 850
10 8 41 1.5 -2 0 0 867
10 8 42 1.5 -2 0 0 994
10 8 43 5.5 -2 0 0 911
10 8 44 5.5 -2 0 0 981
10 8 45 1.5 -2 0 0 896
10 8 46 1.5 -2 0 0 963
10 8 47 1.5 -2 0 0 1259
10 8 48 1.5 -2 0 0 987
10 8 49 1.5 -2 0 0 916
10 8 50 1.5 -2 0 0 996
10 8 51 1.5 -2 0 0 1334
10 8 52 1.5 -2 0 0 1032
10 8 53 1.5 -2 0 0 1169
10 8 54 1.5 -2 0 0 968
10 8 55 1.5 -2 0 0 1149
10 8 56 1.5 -2 0 0 1260
10 8 57 1.5 -2 0 0 1277
10 8 58 1.5 -2 0 0 1000
10 8 59 1.5 -2 0 0 1080
10 8 60 1.5 -2 0 0 1203
10 8 61 0 -10 0 0 0
10 8 62 1.5 -2 0 0 1306
10 8 63 1.5 -2 0 0 1001
10 9 0 1.5 -2 0 0 1034
10 9 1 1.5 -2 0 0 1113
10 9 2 1.5 -2 0 0 993
10 9 3 1.5 -2 0 0 538
10 9 4 1.5 -2 0 0 470
10 9 5 1.5 -2 0 0 629
10 9 6 1.5 -2 0 0 913
10 9 7 1.5 -2 0 0 546
10 9 8 1.5 -2 0 0 858
10 9 9 5.5 -2 0 0 631
10 9 10 5.5 -2 0 0 711
10 9 11 1.5 -2 0 0 1006
10 9 12 1.5 -2 0 0 944
10 9 13 5.5 -2 0 0 298
10 9 14 5.5 -2 0 0 854
10 9 15 5.5 -2 0 0 468
10 9 16 5.5 -2 0 0 629
10 9 17 5.5 -2 0 0 810
10 9 18 5.5 -2 0 0 542
10 9 19 5.5 -2 0 0 499
10 9 20 5.5 -2 0 0 369
10 9 21 5.5 -2 0 0 1211
10 9 22 5.5 -2 0 0 996
10 9 23 5.5 -2 0 0 519
10 9 24 5.5 -2 0 0 864
10 9 25 5.5 -2 0 0 430
10 9 26 5.5 -2 0 0 817
10 9 27 5.5 -2 0 0 281
10 9 28 5.5 -2 0 0 203
10 9 29 5.5 -2 0 0 575
10 9 30 5.5 -2 0 0 237
10 9 31 5.5 -2 0 0 202
10 9 32 5.5 -2 0 0 258
10 9 33 5.5 -2 0 0 450
10 9 34 5.5 -2 0 0 971
10 9 35 5.5 -2 0 0 213
10 9 36 5.5 -2 0 0 314
10 9 37 5.5 -2 0 0 327
10 9 38 5.5 -2 0 0 511
10 9 39 5.5 -2 0 0 463
10 9 40 5.5 -2 0 0 347
10 9 41 5.5 -2 0 0 377
10 9 42 0 -10 0 0 182
10 9 43 1.5 -2 0 0 533
10 9 44 0 -10 0 0 114
10 9 45 5.5 -2 0 0 548
10 9 46 5.5 -2 0 0 665
10 9 47 5.5 -2 0 0 375
10 9 48 5.5 -2 0 0 399
10 9 49 1.5 -2 0 0 626
10 9 50 0 -10 0 0 124
10 9 51 1.5 -2 0 0 458
10 9 52 1.5 -2 0 0 544
10 9 53 0 -10 0 0 178
10 9 54 1.5 -2 0 0 396
10 9 55 1.5 -2 0 0 479
10 9 56 1.5 -2 0 0 764
10 9 57 1.5 -2 0 0 453
10 9 58 1.5 -2 0 0 535
10 9 59 1.5 -2 0 0 591
10 9 60 1.5 -2 0 0 770
10 9 61 1.5 -2 0 0 661
10 9 62 1.5 -2 0 0 748
10 9 63 1.5 -2 0 0 259
10 10 0 1.5 -2 0 0 1580
10 10 1 1.5 -2 0 0 1515
10 10 2 1.5 -2 0 0 1438
10 10 3 1.5 -2 0 0 1397
10 10 4 1.5 -2 0 0 1665
10 10 5 1.5 -2 0 0 1570
10 10 6 1.5 -2 0 0 1415
10 10 7 1.5 -2 0 0 1413
10 10 8 1.5 -2 0 0 1516
10 10 9 1.5 -2 0 0 1368
10 10 10 1.5 -2 0 0 1247
10 10 11 1.5 -2 0 0 1731
10 10 12 5.5 -2 0 0 1514
10 10 13 1.5 -2 0 0 1483
10 10 14 1.5 -2 0 0 1763
10 10 15 1.5 -2 0 0 1589
10 10 16 1.5 -2 0 0 1316
10 10 17 1.5 -2 0 0 1757
10 10 18 1.5 -2 0 0 1563
10 10 19 1.5 -2 0 0 1597
10 10 20 1.5 -2 0 0 1698
10 10 21 1.5 -2 0 0 1329
10 10 22 1.5 -2 0 0 1347
10 10 23 1.5 -2 0 0 1950
10 10 24 1.5 -2 0 0 1513
10 10 25 1.5 -2 0 0 1717
10 10 26 5.5 -2 0 0 1924
10 10 27 1.5 -2 0 0 1720
10 10 28 1.5 -2 0 0 1744
10 10 29 1.5 -2 0 0 1871
10 10 30 1.5 -2 0 0 1578
10 10 31 5.5 -2 0 0 1908
10 10 32 1.5 -2 0 0 1800
10 10 33 1.5 -2 0 0 1937
10 10 34 1.5 -2 0 0 2181
10 10 35 1.5 -2 0 0 2198
10 10 36 1.5 -2 0 0 1650
10 10 37 1.5 -2 0 0 2029
10 10 38 1.5 -2 0 0 2619
10 10 39 1.5 -2 0 0 3376
10 10 40 1.5 -2 0 0 1502
10 10 41 1.5 -2 0 0 2178
10 10 42 1.5 -2 0 0 2305
10 10 43 1.5 -2 0 0 2292
10 10 44 1.5 -2 0 0 2503
10 10 45 1.5 -2 0 0 2209
10 10 46 1.5 -2 0 0 2519
10 10 47 0 -10 0 0 0
10 10 48 1.5 -2 0 0 2368
10 10 49 1.5 -2 0 0 2457
10 10 50 1.5 -2 0 0 2582
10 10 51 1.5 -2 0 0 3824
10 10 52 1.5 -2 0 0 2613
10 10 53 1.5 -2 0 0 3211
10 10 54 1.5 -2 0 0 2596
10 10 55 1.5 -2 0 0 3015
10 10 56 1.5 -2 0 0 3600
10 10 57 1.5 -2 0 0 3561
10 10 58 1.5 -2 0 0 2835
10 10 59 1.5 -2 0 0 2840
10 10 60 1.5 -2 0 0 3165
10 10 61 1.5 -2 0 0 4087
10 10 62 1.5 -2 0 0 3287
10 10 63 1.5 -2 0 0 2855
10 11 0 1.5 -2 0 0 3769
10 11 1 1.5 -2 0 0 2938
10 11 2 1.5 -2 0 0 3319
10 11 3 1.5 -2 0 0 2481
10 11 4 1.5 -2 0 0 2059
10 11 5 5.5 -2 0 0 2578
10 11 6 1.5 -2 0 0 3421
10 11 7 5.5 -2 0 0 2367
10 11 8 1.5 -2 0 0 2677
10 11 9 1.5 -2 0 0 2352
10 11 10 1.5 -2 0 0 2090
10 11 11 1.5 -2 0 0 2416
10 11 12 5.5 -2 0 0 2761
10 11 13 5.5 -2 0 0 2148
10 11 14 5.5 -2 0 0 3225
10 11 15 5.5 -2 0 0 2238
10 11 16 5.5 -2 0 0 2875
10 11 17 5.5 -2 0 0 2592
10 11 18 5.5 -2 0 0 2391
10 11 19 1.5 -2 0 0 1977
10 11 20 5.5 -2 0 0 2007
10 11 21 5.5 -2 0 0 2178
10 11 22 5.5 -2 0 0 2129
10 11 23 5.5 -2 0 0 1976
10 11 24 5.5 -2 0 0 2749
10 11 25 5.5 -2 0 0 1666
10 11 26 5.5 -2 0 0 2876
10 11 27 5.5 -2 0 0 1910
10 11 28 5.5 -2 0 0 1807
10 11 29 5.5 -2 0 0 2322
10 11 30 5.5 -2 0 0 1771
10 11 31 5.5 -2 0 0 1631
10 11 32 5.5 -2 0 0 1618
10 11 33 5.5 -2 0 0 1329
10 11 34 5.5 -2 0 0 2464
10 11 35 5.5 -2 0 0 1396
10 11 36 5.5 -2 0 0 1450
10 11 37 5.5 -2 0 0 1317
10 11 38 5.5 -2 0 0 1239
10 11 39 5.5 -2 0 0 1229
10 11 40 5.5 -2 0 0 1606
10 11 41 5.5 -2 0 0 1498
10 11 42 5.5 -2 0 0 1612
10 11 43 5.5 -2 0 0 1878
10 11 44 5.5 -2 0 0 1278
10 11 45 5.5 -2 0 0 1324
10 11 46 5.5 -2 0 0 2127
10 11 47 5.5 -2 0 0 1088
10 11 48 5.5 -2 0 0 1543
10 11 49 1.5 -2 0 0 1650
10 11 50 1.5 -2 0 0 1346
10 11 51 5.5 -2 0 0 1326
10 11 52 5.5 -2 0 0 1795
10 11 53 1.5 -2 0 0 1170
10 11 54 1.5 -2 0 0 1231
10 11 55 1.5 -2 0 0 1552
10 11 56 1.5 -2 0 0 1290
10 11 57 1.5 -2 0 0 1273
10 11 58 1.5 -2 0 0 1399
10 11 59 1.5 -2 0 0 1908
10 11 60 1.5 -2 0 0 1246
10 11 61 1.5 -2 0 0 1465
10 11 62 1.5 -2 0 0 1757
10 11 63 1.5 -2 0 0 1399
10 12 0 1.5 -2 0 0 4702
10 12 1 1.5 -2 0 0 3940
10 12 2 1.5 -2 0 0 4099
10 12 3 1.5 -2 0 0 3489
10 12 4 1.5 -2 0 0 4021
10 12 5 1.5 -2 0 0 3952
10 12 6 1.5 -2 0 0 3984
10 12 7 1.5 -2 0 0 2983
10 12 8 1.5 -2 0 0 3874
10 12 9 5.5 -2 0 0 3562
10 12 10 1.5 -2 0 0 3258
10 12 11 1.5 -2 0 0 4008
10 12 12 1.5 -2 0 0 3567
10 12 13 1.5 -2 0 0 3319
10 12 14 1.5 -2 0 0 4308
10 12 15 5.5 -2 0 0 3661
10 12 16 5.5 -2 0 0 3314
10 12 17 5.5 -2 0 0 4302
10 12 18 1.5 -2 0 0 3816
10 12 19 5.5 -2 0 0 3561
10 12 20 5.5 -2 0 0 4617
10 12 21 5.5 -2 0 0 3680
10 12 22 5.5 -2 0 0 3162
10 12 23 1.5 -2 0 0 4352
10 12 24 5.5 -2 0 0 4126
10 12 25 5.5 -2 0 0 3733
10 12 26 5.5 -2 0 0 5003
10 12 27 5.5 -2 0 0 3891
10 12 28 5.5 -2 0 0 3769
10 12 29 5.5 -2 0 0 4654
10 12 30 5.5 -2 0 0 4266
10 12 31 5.5 -2 0 0 3769
10 12 32 5.5 -2 0 0 4050
10 12 33 5.5 -2 0 0 4323
10 12 34 5.5 -2 0 0 5112
10 12 35 5.5 -2 0 0 4083
10 12 36 5.5 -2 0 0 4276
10 12 37 5.5 -2 0 0 4895
10 12 38 5.5 -2 0 0 4251
10 12 39 5.5 -2 0 0 5013
10 12 40 5.5 -2 0 0 4616
10 12 41 5.5 -2 0 0 4160
10 12 42 5.5 -2 0 0 4639
10 12 43 5.5 -2 0 0 5128
10 12 44 5.5 -2 0 0 4229
10 12 45 1.5 -2 0 0 4355
10 12 46 5.5 -2 0 0 5521
10 12 47 5.5 -2 0 0 4342
10 12 48 5.5 -2 0 0 4756
10 12 49 1.5 -2 0 0 4913
10 12 50 5.5 -2 0 0 4388
10 12 51 1.5 -2 0 0 5801
10 12 52 1.5 -2 0 0 5174
10 12 53 1.5 -2 0 0 4451
10 12 54 1.5 -2 0 0 4870
10 12 55 1.5 -2 0 0 5307
10 12 56 1.5 -2 0 0 5279
10 12 57 1.5 -2 0 0 5452
10 12 58 1.5 -2 0 0 4910
10 12 59 1.5 -2 0 0 5649
10 12 60 1.5 -2 0 0 4704
10 12 61 1.5 -2 0 0 6429
10 12 62 1.5 -2 0 0 5989
10 12 63 1.5 -2 0 0 5228
10 13 0 1.5 -2 0 0 6459
10 13 1 1.5 -2 0 0 5739
10 13 2 1.5 -2 0 0 5508
10 13 3 1.5 -2 0 0 4329
10 13 4 1.5 -2 0 0 4930
10 13 5 1.5 -2 0 0 4917
10 13 6 1.5 -2 0 0 5227
10 13 7 1.5 -2 0 0 3969
10 13 8 1.5 -2 0 0 5039
10 13 9 1.5 -2 0 0 4702
10 13 10 1.5 -2 0 0 4305
10 13 11 1.5 -2 0 0 4983
10 13 12 1.5 -2 0 0 4664
10 13 13 1.5 -2 0 0 3932
10 13 14 1.5 -2 0 0 5891
10 13 15 1.5 -2 0 0 4180
10 13 16 1.5 -2 0 0 4266
10 13 17 1.5 -2 0 0 5319
10 13 18 1.5 -2 0 0 4507
10 13 19 5.5 -2 0 0 3919
10 13 20 1.5 -2 0 0 4662
10 13 21 1.5 -2 0 0 4928
10 13 22 1.5 -2 0 0 4064
10 13 23 5.5 -2 0 0 4823
10 13 24 1.5 -2 0 0 5432
10 13 25 1.5 -2 0 0 3714
10 13 26 5.5 -2 0 0 5725
10 13 27 1.5 -2 0 0 4052
10 13 28 1.5 -2 0 0 3788
10 13 29 1.5 -2 0 0 5067
10 13 30 1.5 -2 0 0 4259
10 13 31 5.5 -2 0 0 3750
10 13 32 5.5 -2 0 0 3592
10 13 33 5.5 -2 0 0 3848
10 13 34 5.5 -2 0 0 5647
10 13 35 5.5 -2 0 0 3467
10 13 36 1.5 -2 0 0 4344
10 13 37 1.5 -2 0 0 4479
10 13 38 1.5 -2 0 0 3196
10 13 39 1.5 -2 0 0 3431
10 13 40 1.5 -2 0 0 4394
10 13 41 1.5 -2 0 0 3393
10 13 42 1.5 -2 0 0 4008
10 13 43 1.5 -2 0 0 4776
10 13 44 1.5 -2 0 0 3081
10 13 45 1.5 -2 0 0 3642
10 13 46 1.5 -2 0 0 5199
10 13 47 1.5 -2 0 0 3087
10 13 48 1.5 -2 0 0 3746
10 13 49 1.5 -2 0 0 4312
10 13 50 1.5 -2 0 0 3445
10 13 51 1.5 -2 0 0 4250
10 13 52 1.5 -2 0 0 4447
10 13 53 1.5 -2 0 0 3035
10 13 54 1.5 -2 0 0 3619
10 13 55 1.5 -2 0 0 4042
10 13 56 1.5 -2 0 0 3851
10 13 57 1.5 -2 0 0 3273
10 13 58 1.5 -2 0 0 3904
10 13 59 1.5 -2 0 0 4888
10 13 60 1.5 -2 0 0 3331
10 13 61 1.5 -2 0 0 4684
10 13 62 1.5 -2 0 0 4444
10 13 63 1.5 -2 0 0 4002
10 14 0 1.5 -2 0 0 5879
10 14 1 1.5 -2 0 0 5661
10 14 2 1.5 -2 0 0 5402
10 14 3 1.5 -2 0 0 4179
10 14 4 1.5 -2 0 0 4441
10 14 5 1.5 -2 0 0 4502
10 14 6 1.5 -2 0 0 4851
10 14 7 1.5 -2 0 0 3846
10 14 8 1.5 -2 0 0 4779
10 14 9 1.5 -2 0 0 4533
10 14 10 1.5 -2 0 0 4335
10 14 11 1.5 -2 0 0 4355
10 14 12 1.5 -2 0 0 4344
10 14 13 1.5 -2 0 0 3474
10 14 14 1.5 -2 0 0 5536
10 14 15 1.5 -2 0 0 3674
10 14 16 1.5 -2 0 0 4191
10 14 17 1.5 -2 0 0 4607
10 14 18 1.5 -2 0 0 3837
10 14 19 1.5 -2 0 0 3392
10 14 20 1.5 -2 0 0 3814
10 14 21 1.5 -2 0 0 4735
10 14 22 1.5 -2 0 0 3796
10 14 23 1.5 -2 0 0 4190
10 14 24 1.5 -2 0 0 4986
10 14 25 1.5 -2 0 0 3267
10 14 26 1.5 -2 0 0 4959
10 14 27 1.5 -2 0 0 3561
10 14 28 1.5 -2 0 0 3323
10 14 29 1.5 -2 0 0 4394
10 14 30 1.5 -2 0 0 3582
10 14 31 1.5 -2 0 0 2782
10 14 32 1.5 -2 0 0 3056
10 14 33 1.5 -2 0 0 3220
10 14 34 1.5 -2 0 0 4633
10 14 35 5.5 -2 0 0 2734
10 14 36 1.5 -2 0 0 3157
10 14 37 1.5 -2 0 0 3743
10 14 38 1.5 -2 0 0 2405
10 14 39 1.5 -2 0 0 2202
10 14 40 1.5 -2 0 0 3548
10 14 41 1.5 -2 0 0 2691
10 14 42 1.5 -2 0 0 3108
10 14 43 1.5 -2 0 0 3764
10 14 44 1.5 -2 0 0 2414
10 14 45 0 -10 0 0 0
10 14 46 1.5 -2 0 0 4295
10 14 47 1.5 -2 0 0 1847
10 14 48 1.5 -2 0 0 3004
10 14 49 1.5 -2 0 0 3220
10 14 50 1.5 -2 0 0 2706
10 14 51 1.5 -2 0 0 2384
10 14 52 1.5 -2 0 0 3574
10 14 53 1.5 -2 0 0 2092
10 14 54 1.5 -2 0 0 2669
10 14 55 1.5 -2 0 0 2988
10 14 56 1.5 -2 0 0 2320
10 14 57 1.5 -2 0 0 2563
10 14 58 1.5 -2 0 0 2739
10 14 59 1.5 -2 0 0 3841
10 14 60 1.5 -2 0 0 1979
10 14 61 1.5 -2 0 0 2603
10 14 62 1.5 -2 0 0 3188
10 14 63 1.5 -2 0 0 2865
10 15 0 1.5 -2 0 0 2657
10 15 1 1.5 -2 0 0 2171
10 15 2 1.5 -2 0 0 2395
10 15 3 1.5 -2 0 0 2395
10 15 4 1.5 -2 0 0 3081
10 15 5 1.5 -2 0 0 2780
10 15 6 1.5 -2 0 0 2087
10 15 7 1.5 -2 0 0 2248
10 15 8 1.5 -2 0 0 2801
10 15 9 1.5 -2 0 0 2029
10 15 10 1.5 -2 0 0 1819
10 15 11 1.5 -2 0 0 3273
10 15 12 1.5 -2 0 0 2573
10 15 13 1.5 -2 0 0 2525
10 15 14 1.5 -2 0 0 3356
10 15 15 1.5 -2 0 0 2937
10 15 16 1.5 -2 0 0 1593
10 15 17 1.5 -2 0 0 3551
10 15 18 1.5 -2 0 0 3000
10 15 19 1.5 -2 0 0 2631
10 15 20 1.5 -2 0 0 3429
10 15 21 1.5 -2 0 0 2040
10 15 22 1.5 -2 0 0 2201
10 15 23 1.5 -2 0 0 3607
10 15 24 1.5 -2 0 0 3043
10 15 25 1.5 -2 0 0 2138
10 15 26 1.5 -2 0 0 3735
10 15 27 1.5 -2 0 0 3207
10 15 28 1.5 -2 0 0 2824
10 15 29 1.5 -2 0 0 3768
10 15 30 5.5 -2 0 0 3274
10 15 31 1.5 -2 0 0 2847
10 15 32 1.5 -2 0 0 3096
10 15 33 1.5 -2 0 0 3411
10 15 34 5.5 -2 0 0 4143
10 15 35 5.5 -2 0 0 3321
10 15 36 1.5 -2 0 0 3586
10 15 37 1.5 -2 0 0 3962
10 15 38 1.5 -2 0 0 3624
10 15 39 1.5 -2 0 0 4938
10 15 40 1.5 -2 0 0 3959
10 15 41 1.5 -2 0 0 3443
10 15 42 1.5 -2 0 0 3959
10 15 43 1.5 -2 0 0 4281
10 15 44 1.5 -2 0 0 3760
10 15 45 1.5 -2 0 0 3745
10 15 46 1.5 -2 0 0 4475
10 15 47 1.5 -2 0 0 4028
10 15 48 1.5 -2 0 0 3824
10 15 49 1.5 -2 0 0 4352
10 15 50 1.5 -2 0 0 4129
10 15 51 1.5 -2 0 0 5476
10 15 52 1.5 -2 0 0 4626
10 15 53 1.5 -2 0 0 4289
10 15 54 1.5 -2 0 0 4187
10 15 55 1.5 -2 0 0 4980
10 15 56 1.5 -2 0 0 5042
10 15 57 1.5 -2 0 0 5375
10 15 58 1.5 -2 0 0 4679
10 15 59 1.5 -2 0 0 4798
10 15 60 1.5 -2 0 0 4360
10 15 61 1.5 -2 0 0 6016
10 15 62 1.5 -2 0 0 5276
10 15 63 1.5 -2 0 0 4796
11 0 0 1.5 -2 0 0 553
11 0 1 5.5 -2 0 0 486
11 0 2 1.5 -2 0 0 450
11 0 3 5.5 -2 0 0 479
11 0 4 5.5 -2 0 0 489
11 0 5 1.5 -2 0 0 427
11 0 6 5.5 -2 0 0 422
11 0 7 5.5 -2 0 0 495
11 0 8 5.5 -2 0 0 549
11 0 9 5.5 -2 0 0 443
11 0 10 1.5 -2 0 0 446
11 0 11 5.5 -2 0 0 533
11 0 12 5.5 -2 0 0 509
11 0 13 5.5 -2 0 0 456
11 0 14 1.5 -2 0 0 606
11 0 15 1.5 -2 0 0 505
11 0 16 5.5 -2 0 0 430
11 0 17 5.5 -2 0 0 565
11 0 18 5.5 -2 0 0 477
11 0 19 5.5 -2 0 0 465
11 0 20 5.5 -2 0 0 541
11 0 21 5.5 -2 0 0 434
11 0 22 5.5 -2 0 0 420
11 0 23 5.5 -2 0 0 570
11 0 24 5.5 -2 0 0 590
11 0 25 5.5 -2 0 0 544
11 0 26 5.5 -2 0 0 640
11 0 27 5.5 -2 0 0 484
11 0 28 5.5 -2 0 0 520
11 0 29 5.5 -2 0 0 595
11 0 30 5.5 -2 0 0 532
11 0 31 5.5 -2 0 0 526
11 0 32 5.5 -2 0 0 530
11 0 33 5.5 -2 0 0 546
11 0 34 5.5 -2 0 0 667
11 0 35 5.5 -2 0 0 508
11 0 36 5.5 -2 0 0 538
11 0 37 5.5 -2 0 0 673
11 0 38 5.5 -2 0 0 571
11 0 39 5.5 -2 0 0 674
11 0 40 5.5 -2 0 0 565
11 0 41 5.5 -2 0 0 534
11 0 42 5.5 -2 0 0 599
11 0 43 5.5 -2 0 0 601
11 0 44 5.5 -2 0 0 537
11 0 45 5.5 -2 0 0 564
11 0 46 5.5 -2 0 0 694
11 0 47 5.5 -2 0 0 695
11 0 48 1.5 -2 0 0 550
11 0 49 5.5 -2 0 0 617
11 0 50 5.5 -2 0 0 615
11 0 51 1.5 -2 0 0 838
11 0 52 1.5 -2 0 0 633
11 0 53 1.5 -2 0 0 620
11 0 54 5.5 -2 0 0 637
11 0 55 1.5 -2 0 0 680
11 0 56 1.5 -2 0 0 668
11 0 57 1.5 -2 0 0 726
11 0 58 1.5 -2 0 0 635
11 0 59 1.5 -2 0 0 776
11 0 60 1.5 -2 0 0 602
11 0 61 1.5 -2 0 0 888
11 0 62 1.5 -2 0 0 825
11 0 63 1.5 -2 0 0 693
11 1 0 1.5 -2 0 0 651
11 1 1 1.5 -2 0 0 641
11 1 2 1.5 -2 0 0 793
11 1 3 1.5 -2 0 0 722
11 1 4 5.5 -2 0 0 718
11 1 5 5.5 -2 0 0 759
11 1 6 1.5 -2 0 0 838
11 1 7 5.5 -2 0 0 1015
11 1 8 1.5 -2 0 0 543
11 1 9 5.5 -2 0 0 885
11 1 10 1.5 -2 0 0 706
11 1 11 5.5 -2 0 0 665
11 1 12 5.5 -2 0 0 546
11 1 13 1.5 -2 0 0 586
11 1 14 5.5 -2 0 0 773
11 1 15 1.5 -2 0 0 669
11 1 16 5.5 -2 0 0 1039
11 1 17 5.5 -2 0 0 633
11 1 18 5.5 -2 0 0 689
11 1 19 5.5 -2 0 0 652
11 1 20 1.5 -2 0 0 655
11 1 21 1.5 -2 0 0 876
11 1 22 5.5 -2 0 0 620
11 1 23 5.5 -2 0 0 478
11 1 24 5.5 -2 0 0 695
11 1 25 5.5 -2 0 0 534
11 1 26 5.5 -2 0 0 675
11 1 27 5.5 -2 0 0 697
11 1 28 5.5 -2 0 0 685
11 1 29 5.5 -2 0 0 644
11 1 30 5.5 -2 0 0 669
11 1 31 5.5 -2 0 0 563
11 1 32 5.5 -2 0 0 707
11 1 33 5.5 -2 0 0 501
11 1 34 5.5 -2 0 0 601
11 1 35 5.5 -2 0 0 510
11 1 36 5.5 -2 0 0 653
11 1 37 5.5 -2 0 0 634
11 1 38 5.5 -2 0 0 419
11 1 39 5.5 -2 0 0 503
11 1 40 5.5 -2 0 0 416
11 1 41 5.5 -2 0 0 631
11 1 42 5.5 -2 0 0 575
11 1 43 1.5 -2 0 0 611
11 1 44 5.5 -2 0 0 624
11 1 45 5.5 -2 0 0 625
11 1 46 5.5 -2 0 0 661
11 1 47 5.5 -2 0 0 653
11 1 48 5.5 -2 0 0 578
11 1 49 1.5 -2 0 0 505
11 1 50 1.5 -2 0 0 434
11 1 51 5.5 -2 0 0 377
11 1 52 5.5 -2 0 0 452
11 1 53 5.5 -2 0 0 421
11 1 54 1.5 -2 0 0 479
11 1 55 5.5 -2 0 0 525
11 1 56 1.5 -2 0 0 511
11 1 57 1.5 -2 0 0 493
11 1 58 1.5 -2 0 0 547
11 1 59 1.5 -2 0 0 467
11 1 60 1.5 -2 0 0 581
11 1 61 1.5 -2 0 0 461
11 1 62 1.5 -2 0 0 471
11 1 63 1.5 -2 0 0 585
11 2 0 1.5 -2 0 0 793
11 2 1 1.5 -2 0 0 728
11 2 2 1.5 -2 0 0 733
11 2 3 1.5 -2 0 0 655
11 2 4 1.5 -2 0 0 671
11 2 5 1.5 -2 0 0 761
11 2 6 1.5 -2 0 0 715
11 2 7 1.5 -2 0 0 370
11 2 8 1.5 -2 0 0 736
11 2 9 1.5 -2 0 0 661
11 2 10 1.5 -2 0 0 576
11 2 11 1.5 -2 0 0 711
11 2 12 5.5 -2 0 0 671
11 2 13 1.5 -2 0 0 561
11 2 14 1.5 -2 0 0 872
11 2 15 1.5 -2 0 0 675
11 2 16 1.5 -2 0 0 641
11 2 17 1.5 -2 0 0 855
11 2 18 1.5 -2 0 0 661
11 2 19 1.5 -2 0 0 550
11 2 20 5.5 -2 0 0 728
11 2 21 5.5 -2 0 0 717
11 2 22 1.5 -2 0 0 611
11 2 23 1.5 -2 0 0 725
11 2 24 5.5 -2 0 0 782
11 2 25 5.5 -2 0 0 221
11 2 26 1.5 -2 0 0 842
11 2 27 1.5 -2 0 0 724
11 2 28 1.5 -2 0 0 672
11 2 29 1.5 -2 0 0 763
11 2 30 5.5 -2 0 0 722
11 2 31 1.5 -2 0 0 684
11 2 32 5.5 -2 0 0 674
11 2 33 5.5 -2 0 0 531
11 2 34 5.5 -2 0 0 964
11 2 35 1.5 -2 0 0 631
11 2 36 5.5 -2 0 0 730
11 2 37 1.5 -2 0 0 787
11 2 38 1.5 -2 0 0 706
11 2 39 1.5 -2 0 0 958
11 2 40 1.5 -2 0 0 769
11 2 41 1.5 -2 0 0 586
11 2 42 1.5 -2 0 0 809
11 2 43 1.5 -2 0 0 973
11 2 44 1.5 -2 0 0 722
11 2 45 1.5 -2 0 0 749
11 2 46 1.5 -2 0 0 966
11 2 47 1.5 -2 0 0 862
11 2 48 1.5 -2 0 0 800
11 2 49 1.5 -2 0 0 911
11 2 50 1.5 -2 0 0 622
11 2 51 0 -10 0 0 0
11 2 52 1.5 -2 0 0 974
11 2 53 1.5 -2 0 0 874
11 2 54 1.5 -2 0 0 790
11 2 55 1.5 -2 0 0 1071
11 2 56 0 -10 0 0 0
11 2 57 1.5 -2 0 0 1158
11 2 58 1.5 -2 0 0 884
11 2 59 1.5 -2 0 0 1118
11 2 60 1.5 -2 0 0 897
11 2 61 0 -10 0 0 0
11 2 62 1.5 -2 0 0 1102
11 2 63 1.5 -2 0 0 930
11 3 0 5.5 -2 0 0 1538
11 3 1 5.5 -2 0 0 1613
11 3 2 5.5 -2 0 0 1547
11 3 3 5.5 -2 0 0 1847
11 3 4 5.5 -2 0 0 1353
11 3 5 5.5 -2 0 0 1519
11 3 6 1.5 -2 0 0 1668
11 3 7 5.5 -2 0 0 2426
11 3 8 1.5 -2 0 0 1311
11 3 9 5.5 -2 0 0 2210
11 3 10 5.5 -2 0 0 2302
11 3 11 5.5 -2 0 0 1303
11 3 12 5.5 -2 0 0 1692
11 3 13 5.5 -2 0 0 1727
11 3 14 5.5 -2 0 0 1281
11 3 15 5.5 -2 0 0 1621
11 3 16 5.5 -2 0 0 3076
11 3 17 5.5 -2 0 0 1232
11 3 18 5.5 -2 0 0 1478
11 3 19 5.5 -2 0 0 2167
11 3 20 5.5 -2 0 0 1176
11 3 21 5.5 -2 0 0 2006
11 3 22 5.5 -2 0 0 1985
11 3 23 5.5 -2 0 0 1131
11 3 24 5.5 -2 0 0 1296
11 3 25 5.5 -2 0 0 1878
11 3 26 5.5 -2 0 0 1072
11 3 27 5.5 -2 0 0 1507
11 3 28 5.5 -2 0 0 1327
11 3 29 5.5 -2 0 0 1160
11 3 30 5.5 -2 0 0 1275
11 3 31 5.5 -2 0 0 1749
11 3 32 5.5 -2 0 0 1446
11 3 33 5.5 -2 0 0 1308
11 3 34 5.5 -2 0 0 1023
11 3 35 5.5 -2 0 0 1452
11 3 36 5.5 -2 0 0 1140
11 3 37 5.5 -2 0 0 1038
11 3 38 5.5 -2 0 0 1283
11 3 39 5.5 -2 0 0 969
11 3 40 5.5 -2 0 0 1040
11 3 41 5.5 -2 0 0 1290
11 3 42 5.5 -2 0 0 1032
11 3 43 5.5 -2 0 0 903
11 3 44 5.5 -2 0 0 1081
11 3 45 5.5 -2 0 0 1156
11 3 46 5.5 -2 0 0 959
11 3 47 5.5 -2 0 0 1203
11 3 48 5.5 -2 0 0 1158
11 3 49 5.5 -2 0 0 911
11 3 50 5.5 -2 0 0 1112
11 3 51 5.5 -2 0 0 806
11 3 52 1.5 -2 0 0 874
11 3 53 5.5 -2 0 0 1101
11 3 54 5.5 -2 0 0 963
11 3 55 5.5 -2 0 0 885
11 3 56 5.5 -2 0 0 934
11 3 57 5.5 -2 0 0 845
11 3 58 1.5 -2 0 0 963
11 3 59 5.5 -2 0 0 927
11 3 60 5.5 -2 0 0 1005
11 3 61 1.5 -2 0 0 886
11 3 62 1.5 -2 0 0 750
11 3 63 1.5 -2 0 0 896
11 4 0 1.5 -2 0 0 1501
11 4 1 1.5 -2 0 0 1184
11 4 2 1.5 -2 0 0 991
11 4 3 1.5 -2 0 0 800
11 4 4 1.5 -2 0 0 954
11 4 5 1.5 -2 0 0 908
11 4 6 1.5 -2 0 0 979
11 4 7 1.5 -2 0 0 776
11 4 8 1.5 -2 0 0 1022
11 4 9 1.5 -2 0 0 889
11 4 10 1.5 -2 0 0 875
11 4 11 5.5 -2 0 0 1100
11 4 12 1.5 -2 0 0 911
11 4 13 1.5 -2 0 0 684
11 4 14 1.5 -2 0 0 1497
11 4 15 1.5 -2 0 0 802
11 4 16 1.5 -2 0 0 693
11 4 17 5.5 -2 0 0 1281
11 4 18 5.5 -2 0 0 909
11 4 19 5.5 -2 0 0 758
11 4 20 1.5 -2 0 0 950
11 4 21 1.5 -2 0 0 985
11 4 22 1.5 -2 0 0 767
11 4 23 5.5 -2 0 0 1088
11 4 24 1.5 -2 0 0 1077
11 4 25 5.5 -2 0 0 706
11 4 26 5.5 -2 0 0 1544
11 4 27 1.5 -2 0 0 760
11 4 28 1.5 -2 0 0 573
11 4 29 5.5 -2 0 0 1322
11 4 30 5.5 -2 0 0 798
11 4 31 5.5 -2 0 0 808
11 4 32 1.5 -2 0 0 840
11 4 33 5.5 -2 0 0 849
11 4 34 1.5 -2 0 0 1514
11 4 35 1.5 -2 0 0 836
11 4 36 1.5 -2 0 0 906
11 4 37 5.5 -2 0 0 1096
11 4 38 1.5 -2 0 0 723
11 4 39 5.5 -2 0 0 1016
11 4 40 5.5 -2 0 0 943
11 4 41 1.5 -2 0 0 867
11 4 42 5.5 -2 0 0 977
11 4 43 5.5 -2 0 0 1329
11 4 44 1.5 -2 0 0 826
11 4 45 1.5 -2 0 0 859
11 4 46 1.5 -2 0 0 1618
11 4 47 1.5 -2 0 0 883
11 4 48 1.5 -2 0 0 973
11 4 49 1.5 -2 0 0 1167
11 4 50 1.5 -2 0 0 925
11 4 51 1.5 -2 0 0 1308
11 4 52 1.5 -2 0 0 1372
11 4 53 1.5 -2 0 0 923
11 4 54 1.5 -2 0 0 993
11 4 55 1.5 -2 0 0 1319
11 4 56 1.5 -2 0 0 1114
11 4 57 1.5 -2 0 0 1284
11 4 58 1.5 -2 0 0 1005
11 4 59 1.5 -2 0 0 1572
11 4 60 1.5 -2 0 0 922
11 4 61 1.5 -2 0 0 1632
11 4 62 1.5 -2 0 0 1507
11 4 63 1.5 -2 0 0 1199
11 5 0 1.5 -2 0 0 1777
11 5 1 1.5 -2 0 0 1869
11 5 2 1.5 -2 0 0 2258
11 5 3 1.5 -2 0 0 2808
11 5 4 1.5 -2 0 0 2186
11 5 5 1.5 -2 0 0 2374
11 5 6 1.5 -2 0 0 2512
11 5 7 1.5 -2 0 0 4192
11 5 8 1.5 -2 0 0 2029
11 5 9 1.5 -2 0 0 3136
11 5 10 1.5 -2 0 0 3716
11 5 11 1.5 -2 0 0 2072
11 5 12 1.5 -2 0 0 2719
11 5 13 1.5 -2 0 0 3252
11 5 14 1.5 -2 0 0 1698
11 5 15 1.5 -2 0 0 2808
11 5 16 1.5 -2 0 0 3893
11 5 17 5.5 -2 0 0 1868
11 5 18 1.5 -2 0 0 2588
11 5 19 1.5 -2 0 0 4127
11 5 20 1.5 -2 0 0 2206
11 5 21 1.5 -2 0 0 2796
11 5 22 1.5 -2 0 0 3288
11 5 23 1.5 -2 0 0 1903
11 5 24 1.5 -2 0 0 1908
11 5 25 1.5 -2 0 0 3638
11 5 26 5.5 -2 0 0 1658
11 5 27 1.5 -2 0 0 2586
11 5 28 1.5 -2 0 0 3044
11 5 29 1.5 -2 0 0 1754
11 5 30 1.5 -2 0 0 2511
11 5 31 1.5 -2 0 0 3633
11 5 32 1.5 -2 0 0 2970
11 5 33 5.5 -2 0 0 2674
11 5 34 5.5 -2 0 0 1669
11 5 35 1.5 -2 0 0 2991
11 5 36 1.5 -2 0 0 2259
11 5 37 1.5 -2 0 0 1896
11 5 38 1.5 -2 0 0 3454
11 5 39 1.5 -2 0 0 2145
11 5 40 5.5 -2 0 0 2175
11 5 41 1.5 -2 0 0 2851
11 5 42 1.5 -2 0 0 1875
11 5 43 5.5 -2 0 0 1719
11 5 44 1.5 -2 0 0 2269
11 5 45 1.5 -2 0 0 2180
11 5 46 1.5 -2 0 0 1608
11 5 47 1.5 -2 0 0 2919
11 5 48 1.5 -2 0 0 2211
11 5 49 1.5 -2 0 0 1598
11 5 50 1.5 -2 0 0 2398
11 5 51 1.5 -2 0 0 1615
11 5 52 1.5 -2 0 0 1559
11 5 53 1.5 -2 0 0 2716
11 5 54 1.5 -2 0 0 2057
11 5 55 1.5 -2 0 0 1557
11 5 56 1.5 -2 0 0 1883
11 5 57 1.5 -2 0 0 1789
11 5 58 1.5 -2 0 0 1891
11 5 59 1.5 -2 0 0 1595
11 5 60 1.5 -2 0 0 2343
11 5 61 1.5 -2 0 0 1581
11 5 62 1.5 -2 0 0 1477
11 5 63 1.5 -2 0 0 1628
11 6 0 1.5 -2 0 0 1682
11 6 1 1.5 -2 0 0 1458
11 6 2 5.5 -2 0 0 1233
11 6 3 1.5 -2 0 0 923
11 6 4 1.5 -2 0 0 912
11 6 5 5.5 -2 0 0 992
11 6 6 5.5 -2 0 0 1051
11 6 7 5.5 -2 0 0 437
11 6 8 5.5 -2 0 0 1173
11 6 9 5.5 -2 0 0 992
11 6 10 5.5 -2 0 0 659
11 6 11 5.5 -2 0 0 1081
11 6 12 1.5 -2 0 0 932
11 6 13 5.5 -2 0 0 722
11 6 14 5.5 -2 0 0 1585
11 6 15 1.5 -2 0 0 787
11 6 16 5.5 -2 0 0 874
11 6 17 5.5 -2 0 0 1266
11 6 18 5.5 -2 0 0 788
11 6 19 5.5 -2 0 0 771
11 6 20 5.5 -2 0 0 903
11 6 21 5.5 -2 0 0 975
11 6 22 5.5 -2 0 0 834
11 6 23 5.5 -2 0 0 933
11 6 24 5.5 -2 0 0 1334
11 6 25 5.5 -2 0 0 650
11 6 26 5.5 -2 0 0 1458
11 6 27 5.5 -2 0 0 890
11 6 28 5.5 -2 0 0 608
11 6 29 5.5 -2 0 0 1194
11 6 30 5.5 -2 0 0 795
11 6 31 5.5 -2 0 0 643
11 6 32 5.5 -2 0 0 797
11 6 33 5.5 -2 0 0 769
11 6 34 5.5 -2 0 0 1434
11 6 35 5.5 -2 0 0 677
11 6 36 5.5 -2 0 0 767
11 6 37 5.5 -2 0 0 907
11 6 38 5.5 -2 0 0 573
11 6 39 5.5 -2 0 0 843
11 6 40 5.5 -2 0 0 923
11 6 41 5.5 -2 0 0 615
11 6 42 5.5 -2 0 0 890
11 6 43 5.5 -2 0 0 1108
11 6 44 5.5 -2 0 0 703
11 6 45 5.5 -2 0 0 754
11 6 46 5.5 -2 0 0 1319
11 6 47 5.5 -2 0 0 686
11 6 48 5.5 -2 0 0 840
11 6 49 5.5 -2 0 0 867
11 6 50 5.5 -2 0 0 658
11 6 51 5.5 -2 0 0 1063
11 6 52 5.5 -2 0 0 994
11 6 53 1.5 -2 0 0 657
11 6 54 1.5 -2 0 0 693
11 6 55 5.5 -2 0 0 955
11 6 56 5.5 -2 0 0 870
11 6 57 1.5 -2 0 0 832
11 6 58 1.5 -2 0 0 879
11 6 59 1.5 -2 0 0 1207
11 6 60 1.5 -2 0 0 740
11 6 61 1.5 -2 0 0 1187
11 6 62 1.5 -2 0 0 931
11 6 63 1.5 -2 0 0 893
11 7 0 5.5 -2 0 0 1233
11 7 1 1.5 -2 0 0 1258
11 7 2 1.5 -2 0 0 1388
11 7 3 1.5 -2 0 0 1975
11 7 4 1.5 -2 0 0 1620
11 7 5 5.5 -2 0 0 1584
11 7 6 1.5 -2 0 0 1047
11 7 7 1.5 -2 0 0 2322
11 7 8 1.5 -2 0 0 1404
11 7 9 5.5 -2 0 0 1878
11 7 10 1.5 -2 0 0 1749
11 7 11 1.5 -2 0 0 1419
11 7 12 1.5 -2 0 0 1474
11 7 13 5.5 -2 0 0 2041
11 7 14 1.5 -2 0 0 1151
11 7 15 1.5 -2 0 0 1981
11 7 16 1.5 -2 0 0 2053
11 7 17 5.5 -2 0 0 1307
11 7 18 1.5 -2 0 0 1715
11 7 19 1.5 -2 0 0 2497
11 7 20 1.5 -2 0 0 1857
11 7 21 1.5 -2 0 0 1501
11 7 22 1.5 -2 0 0 1724
11 7 23 5.5 -2 0 0 1675
11 7 24 5.5 -2 0 0 1162
11 7 25 1.5 -2 0 0 2897
11 7 26 5.5 -2 0 0 1386
11 7 27 5.5 -2 0 0 2260
11 7 28 1.5 -2 0 0 2496
11 7 29 5.5 -2 0 0 1480
11 7 30 5.5 -2 0 0 2070
11 7 31 5.5 -2 0 0 3508
11 7 32 1.5 -2 0 0 2369
11 7 33 5.5 -2 0 0 2337
11 7 34 5.5 -2 0 0 1381
11 7 35 5.5 -2 0 0 3681
11 7 36 5.5 -2 0 0 2245
11 7 37 5.5 -2 0 0 1776
11 7 38 1.5 -2 0 0 3764
11 7 39 5.5 -2 0 0 2742
11 7 40 5.5 -2 0 0 1793
11 7 41 1.5 -2 0 0 2637
11 7 42 5.5 -2 0 0 2121
11 7 43 5.5 -2 0 0 1614
11 7 44 5.5 -2 0 0 3386
11 7 45 5.5 -2 0 0 2574
11 7 46 1.5 -2 0 0 1510
11 7 47 1.5 -2 0 0 4335
11 7 48 5.5 -2 0 0 2395
11 7 49 5.5 -2 0 0 1954
11 7 50 1.5 -2 0 0 2461
11 7 51 5.5 -2 0 0 1915
11 7 52 5.5 -2 0 0 1634
11 7 53 1.5 -2 0 0 3418
11 7 54 1.5 -2 0 0 2306
11 7 55 1.5 -2 0 0 1743
11 7 56 1.5 -2 0 0 2420
11 7 57 1.5 -2 0 0 2263
11 7 58 1.5 -2 0 0 2230
11 7 59 1.5 -2 0 0 1569
11 7 60 1.5 -2 0 0 2940
11 7 61 1.5 -2 0 0 1691
11 7 62 1.5 -2 0 0 1594
11 7 63 1.5 -2 0 0 2080
11 8 0 1.5 -2 0 0 807
11 8 1 1.5 -2 0 0 724
11 8 2 1.5 -2 0 0 704
11 8 3 1.5 -2 0 0 497
11 8 4 1.5 -2 0 0 571
11 8 5 1.5 -2 0 0 723
11 8 6 1.5 -2 0 0 717
11 8 7 1.5 -2 0 0 729
11 8 8 1.5 -2 0 0 727
11 8 9 1.5 -2 0 0 694
11 8 10 1.5 -2 0 0 650
11 8 11 1.5 -2 0 0 779
11 8 12 1.5 -2 0 0 559
11 8 13 1.5 -2 0 0 707
11 8 14 1.5 -2 0 0 669
11 8 15 1.5 -2 0 0 769
11 8 16 1.5 -2 0 0 661
11 8 17 5.5 -2 0 0 595
11 8 18 1.5 -2 0 0 544
11 8 19 1.5 -2 0 0 423
11 8 20 1.5 -2 0 0 809
11 8 21 1.5 -2 0 0 717
11 8 22 1.5 -2 0 0 682
11 8 23 5.5 -2 0 0 812
11 8 24 1.5 -2 0 0 776
11 8 25 1.5 -2 0 0 589
11 8 26 1.5 -2 0 0 924
11 8 27 1.5 -2 0 0 796
11 8 28 1.5 -2 0 0 706
11 8 29 1.5 -2 0 0 879
11 8 30 1.5 -2 0 0 797
11 8 31 1.5 -2 0 0 602
11 8 32 1.5 -2 0 0 732
11 8 33 1.5 -2 0 0 551
11 8 34 1.5 -2 0 0 936
11 8 35 1.5 -2 0 0 462
11 8 36 1.5 -2 0 0 651
11 8 37 1.5 -2 0 0 537
11 8 38 1.5 -2 0 0 1058
11 8 39 1.5 -2 0 0 997
11 8 40 1.5 -2 0 0 758
11 8 41 1.5 -2 0 0 592
11 8 42 5.5 -2 0 0 503
11 8 43 1.5 -2 0 0 663
11 8 44 1.5 -2 0 0 696
11 8 45 1.5 -2 0 0 877
11 8 46 1.5 -2 0 0 972
11 8 47 1.5 -2 0 0 1168
11 8 48 1.5 -2 0 0 610
11 8 49 1.5 -2 0 0 1039
11 8 50 1.5 -2 0 0 1015
11 8 51 1.5 -2 0 0 1092
11 8 52 1.5 -2 0 0 682
11 8 53 1.5 -2 0 0 440
11 8 54 1.5 -2 0 0 1025
11 8 55 1.5 -2 0 0 939
11 8 56 1.5 -2 0 0 1128
11 8 57 1.5 -2 0 0 1075
11 8 58 1.5 -2 0 0 768
11 8 59 1.5 -2 0 0 1082
11 8 60 1.5 -2 0 0 1199
11 8 61 1.5 -2 0 0 1045
11 8 62 1.5 -2 0 0 1056
11 8 63 1.5 -2 0 0 982
11 9 0 1.5 -2 0 0 1478
11 9 1 1.5 -2 0 0 1319
11 9 2 1.5 -2 0 0 1236
11 9 3 5.5 -2 0 0 1017
11 9 4 1.5 -2 0 0 928
11 9 5 1.5 -2 0 0 1155
11 9 6 5.5 -2 0 0 1329
11 9 7 5.5 -2 0 0 1095
11 9 8 5.5 -2 0 0 1177
11 9 9 5.5 -2 0 0 1276
11 9 10 5.5 -2 0 0 1079
11 9 11 1.5 -2 0 0 1036
11 9 12 5.5 -2 0 0 1053
11 9 13 5.5 -2 0 0 893
11 9 14 5.5 -2 0 0 1214
11 9 15 5.5 -2 0 0 883
11 9 16 5.5 -2 0 0 947
11 9 17 5.5 -2 0 0 1043
11 9 18 5.5 -2 0 0 998
11 9 19 1.5 -2 0 0 869
11 9 20 5.5 -2 0 0 876
11 9 21 5.5 -2 0 0 1228
11 9 22 5.5 -2 0 0 1036
11 9 23 5.5 -2 0 0 832
11 9 24 5.5 -2 0 0 1178
11 9 25 5.5 -2 0 0 916
11 9 26 5.5 -2 0 0 1087
11 9 27 5.5 -2 0 0 823
11 9 28 5.5 -2 0 0 876
11 9 29 5.5 -2 0 0 945
11 9 30 5.5 -2 0 0 815
11 9 31 5.5 -2 0 0 870
11 9 32 5.5 -2 0 0 751
11 9 33 5.5 -2 0 0 819
11 9 34 5.5 -2 0 0 999
11 9 35 5.5 -2 0 0 800
11 9 36 5.5 -2 0 0 759
11 9 37 5.5 -2 0 0 686
11 9 38 5.5 -2 0 0 799
11 9 39 5.5 -2 0 0 708
11 9 40 1.5 -2 0 0 788
11 9 41 5.5 -2 0 0 742
11 9 42 5.5 -2 0 0 801
11 9 43 5.5 -2 0 0 873
11 9 44 5.5 -2 0 0 664
11 9 45 5.5 -2 0 0 739
11 9 46 5.5 -2 0 0 921
11 9 47 5.5 -2 0 0 766
11 9 48 5.5 -2 0 0 778
11 9 49 1.5 -2 0 0 735
11 9 50 1.5 -2 0 0 749
11 9 51 5.5 -2 0 0 718
11 9 52 1.5 -2 0 0 828
11 9 53 1.5 -2 0 0 684
11 9 54 1.5 -2 0 0 735
11 9 55 1.5 -2 0 0 796
11 9 56 1.5 -2 0 0 692
11 9 57 5.5 -2 0 0 765
11 9 58 1.5 -2 0 0 776
11 9 59 1.5 -2 0 0 883
11 9 60 1.5 -2 0 0 591
11 9 61 1.5 -2 0 0 779
11 9 62 1.5 -2 0 0 804
11 9 63 1.5 -2 0 0 738
11 10 0 1.5 -2 0 0 1585
11 10 1 5.5 -2 0 0 1342
11 10 2 1.5 -2 0 0 1186
11 10 3 1.5 -2 0 0 1362
11 10 4 5.5 -2 0 0 1668
11 10 5 1.5 -2 0 0 1533
11 10 6 1.5 -2 0 0 1306
11 10 7 1.5 -2 0 0 1386
11 10 8 1.5 -2 0 0 1330
11 10 9 1.5 -2 0 0 1276
11 10 10 1.5 -2 0 0 1096
11 10 11 5.5 -2 0 0 1681
11 10 12 1.5 -2 0 0 1458
11 10 13 5.5 -2 0 0 1480
11 10 14 1.5 -2 0 0 1629
11 10 15 1.5 -2 0 0 1379
11 10 16 5.5 -2 0 0 766
11 10 17 5.5 -2 0 0 1709
11 10 18 5.5 -2 0 0 1582
11 10 19 5.5 -2 0 0 1400
11 10 20 5.5 -2 0 0 1847
11 10 21 5.5 -2 0 0 1263
11 10 22 5.5 -2 0 0 1385
11 10 23 1.5 -2 0 0 1943
11 10 24 5.5 -2 0 0 1519
11 10 25 5.5 -2 0 0 1574
11 10 26 5.5 -2 0 0 1983
11 10 27 1.5 -2 0 0 1692
11 10 28 5.5 -2 0 0 1587
11 10 29 5.5 -2 0 0 1954
11 10 30 5.5 -2 0 0 1719
11 10 31 5.5 -2 0 0 1867
11 10 32 5.5 -2 0 0 1854
11 10 33 5.5 -2 0 0 1884
11 10 34 5.5 -2 0 0 2139
11 10 35 5.5 -2 0 0 2135
11 10 36 5.5 -2 0 0 1982
11 10 37 5.5 -2 0 0 2125
11 10 38 5.5 -2 0 0 2403
11 10 39 5.5 -2 0 0 3320
11 10 40 5.5 -2 0 0 1967
11 10 41 1.5 -2 0 0 2022
11 10 42 5.5 -2 0 0 2339
11 10 43 5.5 -2 0 0 2235
11 10 44 5.5 -2 0 0 2432
11 10 45 5.5 -2 0 0 2111
11 10 46 1.5 -2 0 0 2392
11 10 47 5.5 -2 0 0 3009
11 10 48 1.5 -2 0 0 2333
11 10 49 1.5 -2 0 0 2384
11 10 50 1.5 -2 0 0 2462
11 10 51 1.5 -2 0 0 3961
11 10 52 1.5 -2 0 0 2548
11 10 53 1.5 -2 0 0 3119
11 10 54 1.5 -2 0 0 2563
11 10 55 1.5 -2 0 0 3073
11 10 56 1.5 -2 0 0 3528
11 10 57 1.5 -2 0 0 3598
11 10 58 1.5 -2 0 0 2795
11 10 59 1.5 -2 0 0 2782
11 10 60 1.5 -2 0 0 3209
11 10 61 1.5 -2 0 0 4135
11 10 62 1.5 -2 0 0 3248
11 10 63 1.5 -2 0 0 2591
11 11 0 5.5 -2 0 0 4097
11 11 1 1.5 -2 0 0 3731
11 11 2 1.5 -2 0 0 3568
11 11 3 1.5 -2 0 0 2371
11 11 4 5.5 -2 0 0 2163
11 11 5 5.5 -2 0 0 2720
11 11 6 5.5 -2 0 0 3579
11 11 7 5.5 -2 0 0 2103
11 11 8 5.5 -2 0 0 2567
11 11 9 5.5 -2 0 0 3106
11 11 10 5.5 -2 0 0 3065
11 11 11 5.5 -2 0 0 2425
11 11 12 5.5 -2 0 0 2763
11 11 13 5.5 -2 0 0 2062
11 11 14 5.5 -2 0 0 3278
11 11 15 5.5 -2 0 0 2263
11 11 16 5.5 -2 0 0 2757
11 11 17 1.5 -2 0 0 2465
11 11 18 5.5 -2 0 0 2233
11 11 19 5.5 -2 0 0 2030
11 11 20 5.5 -2 0 0 2037
11 11 21 5.5 -2 0 0 3394
11 11 22 5.5 -2 0 0 2056
11 11 23 5.5 -2 0 0 2188
11 11 24 5.5 -2 0 0 3123
11 11 25 5.5 -2 0 0 1721
11 11 26 5.5 -2 0 0 2801
11 11 27 5.5 -2 0 0 1909
11 11 28 5.5 -2 0 0 1716
11 11 29 5.5 -2 0 0 2267
11 11 30 5.5 -2 0 0 1998
11 11 31 5.5 -2 0 0 1607
11 11 32 5.5 -2 0 0 1488
11 11 33 5.5 -2 0 0 1609
11 11 34 5.5 -2 0 0 2451
11 11 35 5.5 -2 0 0 1255
11 11 36 5.5 -2 0 0 1704
11 11 37 5.5 -2 0 0 1806
11 11 38 5.5 -2 0 0 1363
11 11 39 5.5 -2 0 0 1218
11 11 40 5.5 -2 0 0 1845
11 11 41 5.5 -2 0 0 1468
11 11 42 5.5 -2 0 0 1504
11 11 43 5.5 -2 0 0 1995
11 11 44 5.5 -2 0 0 1297
11 11 45 5.5 -2 0 0 1445
11 11 46 5.5 -2 0 0 2148
11 11 47 5.5 -2 0 0 1253
11 11 48 5.5 -2 0 0 1383
11 11 49 5.5 -2 0 0 1627
11 11 50 5.5 -2 0 0 1237
11 11 51 5.5 -2 0 0 1407
11 11 52 5.5 -2 0 0 1693
11 11 53 1.5 -2 0 0 931
11 11 54 5.5 -2 0 0 1363
11 11 55 1.5 -2 0 0 1640
11 11 56 1.5 -2 0 0 1080
11 11 57 1.5 -2 0 0 1290
11 11 58 1.5 -2 0 0 1403
11 11 59 5.5 -2 0 0 1992
11 11 60 1.5 -2 0 0 638
11 11 61 1.5 -2 0 0 1457
11 11 62 1.5 -2 0 0 1729
11 11 63 1.5 -2 0 0 1391
11 12 0 1.5 -2 0 0 4605
11 12 1 1.5 -2 0 0 4184
11 12 2 1.5 -2 0 0 4002
11 12 3 1.5 -2 0 0 3558
11 12 4 1.5 -2 0 0 4152
11 12 5 1.5 -2 0 0 3925
11 12 6 1.5 -2 0 0 3968
11 12 7 1.5 -2 0 0 3229
11 12 8 1.5 -2 0 0 4057
11 12 9 1.5 -2 0 0 3493
11 12 10 5.5 -2 0 0 3450
11 12 11 1.5 -2 0 0 4297
11 12 12 1.5 -2 0 0 3744
11 12 13 1.5 -2 0 0 3473
11 12 14 1.5 -2 0 0 4598
11 12 15 5.5 -2 0 0 3853
11 12 16 5.5 -2 0 0 3237
11 12 17 5.5 -2 0 0 4581
11 12 18 1.5 -2 0 0 3770
11 12 19 5.5 -2 0 0 3536
11 12 20 5.5 -2 0 0 4553
11 12 21 5.5 -2 0 0 3575
11 12 22 5.5 -2 0 0 3257
11 12 23 5.5 -2 0 0 4694
11 12 24 1.5 -2 0 0 4090
11 12 25 5.5 -2 0 0 3739
11 12 26 5.5 -2 0 0 4876
11 12 27 5.5 -2 0 0 3893
11 12 28 5.5 -2 0 0 3681
11 12 29 5.5 -2 0 0 4707
11 12 30 5.5 -2 0 0 4234
11 12 31 1.5 -2 0 0 3716
11 12 32 5.5 -2 0 0 4063
11 12 33 5.5 -2 0 0 4326
11 12 34 5.5 -2 0 0 5209
11 12 35 5.5 -2 0 0 4243
11 12 36 5.5 -2 0 0 4477
11 12 37 5.5 -2 0 0 4841
11 12 38 5.5 -2 0 0 4094
11 12 39 5.5 -2 0 0 5243
11 12 40 5.5 -2 0 0 4668
11 12 41 5.5 -2 0 0 4171
11 12 42 5.5 -2 0 0 4728
11 12 43 5.5 -2 0 0 5210
11 12 44 5.5 -2 0 0 4364
11 12 45 5.5 -2 0 0 4506
11 12 46 5.5 -2 0 0 5575
11 12 47 5.5 -2 0 0 4317
11 12 48 5.5 -2 0 0 4620
11 12 49 5.5 -2 0 0 5173
11 12 50 5.5 -2 0 0 4708
11 12 51 1.5 -2 0 0 5890
11 12 52 1.5 -2 0 0 5552
11 12 53 1.5 -2 0 0 4726
11 12 54 5.5 -2 0 0 5063
11 12 55 1.5 -2 0 0 5447
11 12 56 1.5 -2 0 0 5460
11 12 57 1.5 -2 0 0 5627
11 12 58 1.5 -2 0 0 5109
11 12 59 1.5 -2 0 0 5870
11 12 60 1.5 -2 0 0 4801
11 12 61 1.5 -2 0 0 6424
11 12 62 1.5 -2 0 0 5963
11 12 63 1.5 -2 0 0 5311
11 13 0 5.5 -2 0 0 6406
11 13 1 5.5 -2 0 0 5871
11 13 2 5.5 -2 0 0 5115
11 13 3 5.5 -2 0 0 3975
11 13 4 5.5 -2 0 0 4820
11 13 5 5.5 -2 0 0 5281
11 13 6 5.5 -2 0 0 5417
11 13 7 5.5 -2 0 0 4029
11 13 8 5.5 -2 0 0 5328
11 13 9 5.5 -2 0 0 4734
11 13 10 5.5 -2 0 0 4154
11 13 11 5.5 -2 0 0 4302
11 13 12 5.5 -2 0 0 4787
11 13 13 5.5 -2 0 0 4046
11 13 14 5.5 -2 0 0 5367
11 13 15 5.5 -2 0 0 4186
11 13 16 5.5 -2 0 0 4306
11 13 17 5.5 -2 0 0 5305
11 13 18 5.5 -2 0 0 4052
11 13 19 5.5 -2 0 0 3946
11 13 20 5.5 -2 0 0 3681
11 13 21 5.5 -2 0 0 4286
11 13 22 5.5 -2 0 0 3446
11 13 23 5.5 -2 0 0 4795
11 13 24 5.5 -2 0 0 4971
11 13 25 5.5 -2 0 0 2514
11 13 26 5.5 -2 0 0 5836
11 13 27 5.5 -2 0 0 3962
11 13 28 5.5 -2 0 0 3565
11 13 29 5.5 -2 0 0 4983
11 13 30 5.5 -2 0 0 4375
11 13 31 5.5 -2 0 0 2955
11 13 32 5.5 -2 0 0 3595
11 13 33 5.5 -2 0 0 3476
11 13 34 5.5 -2 0 0 5093
11 13 35 5.5 -2 0 0 3428
11 13 36 5.5 -2 0 0 3322
11 13 37 5.5 -2 0 0 4495
11 13 38 5.5 -2 0 0 2712
11 13 39 5.5 -2 0 0 1815
11 13 40 5.5 -2 0 0 4298
11 13 41 5.5 -2 0 0 3319
11 13 42 5.5 -2 0 0 3545
11 13 43 5.5 -2 0 0 4848
11 13 44 5.5 -2 0 0 2940
11 13 45 5.5 -2 0 0 3065
11 13 46 5.5 -2 0 0 5239
11 13 47 5.5 -2 0 0 3074
11 13 48 5.5 -2 0 0 3891
11 13 49 5.5 -2 0 0 4160
11 13 50 5.5 -2 0 0 3353
11 13 51 5.5 -2 0 0 4125
11 13 52 5.5 -2 0 0 4375
11 13 53 5.5 -2 0 0 3076
11 13 54 5.5 -2 0 0 3528
11 13 55 5.5 -2 0 0 4103
11 13 56 5.5 -2 0 0 3935
11 13 57 5.5 -2 0 0 3807
11 13 58 5.5 -2 0 0 3362
11 13 59 5.5 -2 0 0 4883
11 13 60 5.5 -2 0 0 2861
11 13 61 5.5 -2 0 0 4073
11 13 62 5.5 -2 0 0 3991
11 13 63 5.5 -2 0 0 4004
11 14 0 1.5 -2 0 0 6515
11 14 1 1.5 -2 0 0 5807
11 14 2 5.5 -2 0 0 5553
11 14 3 5.5 -2 0 0 4385
11 14 4 1.5 -2 0 0 4501
11 14 5 1.5 -2 0 0 4944
11 14 6 1.5 -2 0 0 5270
11 14 7 5.5 -2 0 0 4063
11 14 8 5.5 -2 0 0 5085
11 14 9 5.5 -2 0 0 4744
11 14 10 5.5 -2 0 0 4558
11 14 11 1.5 -2 0 0 4819
11 14 12 1.5 -2 0 0 4376
11 14 13 5.5 -2 0 0 3765
11 14 14 5.5 -2 0 0 5747
11 14 15 5.5 -2 0 0 3989
11 14 16 5.5 -2 0 0 4478
11 14 17 5.5 -2 0 0 4834
11 14 18 5.5 -2 0 0 4287
11 14 19 5.5 -2 0 0 3702
11 14 20 5.5 -2 0 0 4084
11 14 21 5.5 -2 0 0 5062
11 14 22 5.5 -2 0 0 4100
11 14 23 5.5 -2 0 0 4166
11 14 24 5.5 -2 0 0 5501
11 14 25 5.5 -2 0 0 3559
11 14 26 5.5 -2 0 0 5433
11 14 27 5.5 -2 0 0 3801
11 14 28 5.5 -2 0 0 3713
11 14 29 5.5 -2 0 0 4553
11 14 30 5.5 -2 0 0 3925
11 14 31 0 -10 0 0 0
11 14 32 5.5 -2 0 0 3243
11 14 33 5.5 -2 0 0 3353
11 14 34 5.5 -2 0 0 4839
11 14 35 5.5 -2 0 0 2963
11 14 36 5.5 -2 0 0 3493
11 14 37 5.5 -2 0 0 3967
11 14 38 5.5 -2 0 0 2573
11 14 39 5.5 -2 0 0 2770
11 14 40 5.5 -2 0 0 3715
11 14 41 5.5 -2 0 0 2870
11 14 42 5.5 -2 0 0 3346
11 14 43 5.5 -2 0 0 4181
11 14 44 5.5 -2 0 0 2606
11 14 45 5.5 -2 0 0 3087
11 14 46 5.5 -2 0 0 4529
11 14 47 5.5 -2 0 0 2426
11 14 48 5.5 -2 0 0 3024
11 14 49 5.5 -2 0 0 3500
11 14 50 5.5 -2 0 0 2788
11 14 51 1.5 -2 0 0 3059
11 14 52 1.5 -2 0 0 3718
11 14 53 1.5 -2 0 0 2465
11 14 54 5.5 -2 0 0 2916
11 14 55 1.5 -2 0 0 3263
11 14 56 1.5 -2 0 0 2852
11 14 57 1.5 -2 0 0 3094
11 14 58 1.5 -2 0 0 3006
11 14 59 1.5 -2 0 0 4081
11 14 60 1.5 -2 0 0 2723
11 14 61 1.5 -2 0 0 3289
11 14 62 1.5 -2 0 0 3402
11 14 63 1.5 -2 0 0 3025
11 15 0 1.5 -2 0 0 3215
11 15 1 1.5 -2 0 0 3038
11 15 2 1.5 -2 0 0 2963
11 15 3 1.5 -2 0 0 2347
11 15 4 1.5 -2 0 0 3159
11 15 5 1.5 -2 0 0 3015
11 15 6 1.5 -2 0 0 2143
11 15 7 1.5 -2 0 0 2335
11 15 8 1.5 -2 0 0 3033
11 15 9 1.5 -2 0 0 2518
11 15 10 1.5 -2 0 0 2264
11 15 11 1.5 -2 0 0 3350
11 15 12 1.5 -2 0 0 2684
11 15 13 1.5 -2 0 0 2413
11 15 14 1.5 -2 0 0 3192
11 15 15 1.5 -2 0 0 2937
11 15 16 1.5 -2 0 0 2153
11 15 17 1.5 -2 0 0 3218
11 15 18 1.5 -2 0 0 2643
11 15 19 1.5 -2 0 0 2721
11 15 20 1.5 -2 0 0 2982
11 15 21 1.5 -2 0 0 2530
11 15 22 1.5 -2 0 0 2454
11 15 23 1.5 -2 0 0 3749
11 15 24 1.5 -2 0 0 2822
11 15 25 1.5 -2 0 0 2904
11 15 26 1.5 -2 0 0 3459
11 15 27 5.5 -2 0 0 3251
11 15 28 1.5 -2 0 0 2682
11 15 29 5.5 -2 0 0 4003
11 15 30 5.5 -2 0 0 3127
11 15 31 5.5 -2 0 0 3082
11 15 32 1.5 -2 0 0 2827
11 15 33 1.5 -2 0 0 3328
11 15 34 5.5 -2 0 0 3834
11 15 35 1.5 -2 0 0 2943
11 15 36 5.5 -2 0 0 3678
11 15 37 1.5 -2 0 0 4318
11 15 38 5.5 -2 0 0 3859
11 15 39 5.5 -2 0 0 4763
11 15 40 1.5 -2 0 0 3889
11 15 41 5.5 -2 0 0 3589
11 15 42 1.5 -2 0 0 3680
11 15 43 5.5 -2 0 0 4418
11 15 44 1.5 -2 0 0 3317
11 15 45 1.5 -2 0 0 3826
11 15 46 1.5 -2 0 0 4390
11 15 47 1.5 -2 0 0 3195
11 15 48 1.5 -2 0 0 4132
11 15 49 1.5 -2 0 0 4495
11 15 50 1.5 -2 0 0 4138
11 15 51 1.5 -2 0 0 5657
11 15 52 1.5 -2 0 0 4886
11 15 53 1.5 -2 0 0 4095
11 15 54 1.5 -2 0 0 4033
11 15 55 1.5 -2 0 0 5284
11 15 56 1.5 -2 0 0 5259
11 15 57 1.5 -2 0 0 5469
11 15 58 1.5 -2 0 0 4074
11 15 59 1.5 -2 0 0 5091
11 15 60 1.5 -2 0 0 4176
11 15 61 1.5 -2 0 0 5880
11 15 62 1.5 -2 0 0 5618
11 15 63 1.5 -2 0 0 4902
12 0 0 5.1772 -3 0 0 135
12 0 1 5.1772 -3 0 0 124
12 0 2 5.1772 -3 0 0 135
12 0 3 5.1772 -3 0 0 113
12 0 4 5.1772 -3 0 0 105
12 0 5 5.1772 -3 0 0 102
12 0 6 5.1772 -3 0 0 119
12 0 7 5.1772 -3 0 0 68
12 0 8 5.1772 -3 0 0 107
12 0 9 5.1772 -3 0 0 108
12 0 10 5.1772 -3 0 0 4
12 0 11 5.1772 -3 0 0 133
12 0 12 5.1772 -3 0 0 122
12 0 13 0 -10 0 0 0
12 0 14 0 -10 0 0 0
12 0 15 5.1772 -3 0 0 140
12 0 16 0 -10 0 0 0
12 0 17 0 -10 0 0 0
12 0 18 5.1772 -3 0 0 131
12 0 19 5.1772 -3 0 0 104
12 0 20 0 -10 0 0 0
12 0 21 5.1772 -3 0 0 130
12 0 22 5.1772 -3 0 0 129
12 0 23 5.1772 -3 0 0 114
12 0 24 0 -10 0 0 0
12 0 25 5.1772 -3 0 0 133
12 0 26 5.1772 -3 0 0 140
12 0 27 5.1772 -3 0 0 138
12 0 28 5.1772 -3 0 0 134
12 0 29 5.1772 -3 0 0 160
12 0 30 5.1772 -3 0 0 143
12 0 31 5.1772 -3 0 0 136
12 0 32 5.1772 -3 0 0 118
12 0 33 5.1772 -3 0 0 142
12 0 34 5.1772 -3 0 0 152
12 0 35 5.1772 -3 0 0 186
12 0 36 5.1772 -3 0 0 149
12 0 37 5.1772 -3 0 0 175
12 0 38 5.1772 -3 0 0 146
12 0 39 5.1772 -3 0 0 131
12 0 40 5.1772 -3 0 0 143
12 0 41 5.1772 -3 0 0 133
12 0 42 5.1772 -3 0 0 154
12 0 43 5.1772 -3 0 0 156
12 0 44 5.1772 -3 0 0 112
12 0 45 5.1772 -3 0 0 157
12 0 46 5.1772 -3 0 0 193
12 0 47 5.5 -2 0 0 208
12 0 48 5.1772 -3 0 0 107
12 0 49 4.75782 0.457729 0.672544 0.10821 208
12 0 50 5.1772 -3 0 0 140
12 0 51 5.1772 -3 0 0 151
12 0 52 5.5 -2 0 0 202
12 0 53 5.1772 -3 0 0 194
12 0 54 5.1772 -3 0 0 162
12 0 55 5.1772 -3 0 0 181
12 0 56 5.1772 -3 0 0 143
12 0 57 5.1772 -3 0 0 196
12 0 58 5.1772 -3 0 0 169
12 0 59 5.1772 -3 0 0 155
12 0 60 0 -10 0 0 0
12 0 61 5.5 -2 0 0 268
12 0 62 5.5 -2 0 0 216
12 0 63 5.5 -2 0 0 210
12 1 0 5.08645 -3 0 0 183
12 1 1 5.08645 -3 0 0 196
12 1 2 5.19516 0.490406 0.647324 0.165938 210
12 1 3 5.5 -2 0 0 242
12 1 4 5.5 -2 0 0 212
12 1 5 5.5 -2 0 0 232
12 1 6 5.5 -2 0 0 217
12 1 7 5.5 -2 0 0 218
12 1 8 5.5 -2 0 0 226
12 1 9 5.08645 -3 0 0 162
12 1 10 5.08645 -3 0 0 193
12 1 11 0 -10 0 0 0
12 1 12 5.5 -2 0 0 256
12 1 13 0 -10 0 0 0
12 1 14 5.5 -2 0 0 213
12 1 15 5.06189 0.48443 0.685992 0.108782 229
12 1 16 5.5 -2 0 0 313
12 1 17 5.08645 -3 0 0 191
12 1 18 5.08645 -3 0 0 197
12 1 19 5.08645 -3 0 0 122
12 1 20 0 -10 0 0 0
12 1 21 5.08645 -3 0 0 146
12 1 22 5.08645 -3 0 0 177
12 1 23 5.08645 -3 0 0 144
12 1 24 5.42002 0.472269 0.792023 0.0567585 226
12 1 25 5.08645 -3 0 0 149
12 1 26 6.24825 0.527568 0.612374 0.128219 217
12 1 27 5.08645 -3 0 0 154
12 1 28 5.08645 -3 0 0 193
12 1 29 5.08645 -3 0 0 118
12 1 30 5.08645 -3 0 0 103
12 1 31 5.08645 -3 0 0 148
12 1 32 5.08645 -3 0 0 163
12 1 33 5.08645 -3 0 0 137
12 1 34 5.5 -2 0 0 208
12 1 35 5.08645 -3 0 0 169
12 1 36 5.08645 -3 0 0 161
12 1 37 5.08645 -3 0 0 150
12 1 38 5.5 -2 0 0 223
12 1 39 5.08645 -3 0 0 135
12 1 40 5.08645 -3 0 0 118
12 1 41 5.08645 -3 0 0 168
12 1 42 5.08645 -3 0 0 97
12 1 43 5.08645 -3 0 0 155
12 1 44 5.08645 -3 0 0 113
12 1 45 5.08645 -3 0 0 177
12 1 46 5.08645 -3 0 0 177
12 1 47 5.5 -2 0 0 211
12 1 48 5.08645 -3 0 0 154
12 1 49 5.08645 -3 0 0 156
12 1 50 5.08645 -3 0 0 129
12 1 51 5.08645 -3 0 0 172
12 1 52 5.08645 -3 0 0 135
12 1 53 5.08645 -3 0 0 118
12 1 54 5.08645 -3 0 0 114
12 1 55 5.08645 -3 0 0 114
12 1 56 5.08645 -3 0 0 121
12 1 57 5.08645 -3 0 0 144
12 1 58 5.08645 -3 0 0 120
12 1 59 5.08645 -3 0 0 148
12 1 60 5.08645 -3 0 0 133
12 1 61 5.08645 -3 0 0 130
12 1 62 5.08645 -3 0 0 155
12 1 63 0 -10 0 0 0
12 2 0 5.5 -2 0 0 239
12 2 1 5.5 -2 0 0 214
12 2 2 4.91271 -3 0 0 169
12 2 3 5.5 -2 0 0 227
12 2 4 4.91271 -3 0 0 181
12 2 5 5.5 -2 0 0 258
12 2 6 4.91271 -3 0 0 183
12 2 7 5.5 -2 0 0 221
12 2 8 4.91271 -3 0 0 200
12 2 9 4.91271 -3 0 0 175
12 2 10 4.91271 -3 0 0 171
12 2 11 4.91271 -3 0 0 160
12 2 12 4.91271 -3 0 0 166
12 2 13 4.91271 -3 0 0 183
12 2 14 4.91271 -3 0 0 161
12 2 15 4.91271 -3 0 0 137
12 2 16 4.91271 -3 0 0 152
12 2 17 4.91271 -3 0 0 149
12 2 18 4.91271 -3 0 0 175
12 2 19 4.91271 -3 0 0 199
12 2 20 4.91271 -3 0 0 171
12 2 21 5.52723 0.525641 0.854882 0.0305313 205
12 2 22 5.5 -2 0 0 243
12 2 23 4.91271 -3 0 0 184
12 2 24 4.91271 -3 0 0 160
12 2 25 4.91271 -3 0 0 193
12 2 26 0 -10 0 0 0
12 2 27 4.91271 -3 0 0 179
12 2 28 5.5 -2 0 0 211
12 2 29 4.91271 -3 0 0 194
12 2 30 5.5 -2 0 0 318
12 2 31 4.91271 -3 0 0 189
12 2 32 5.5 -2 0 0 201
12 2 33 5.5 -2 0 0 238
12 2 34 5.5 -2 0 0 212
12 2 35 4.91271 -3 0 0 191
12 2 36 5.5 -2 0 0 216
12 2 37 4.91271 -3 0 0 182
12 2 38 5.5 -2 0 0 233
12 2 39 5.5 -2 0 0 222
12 2 40 5.69375 0.560489 0.512413 0.0870701 289
12 2 41 5.5 -2 0 0 246
12 2 42 5.33427 0.504415 0.774551 0.0770738 253
12 2 43 5.5 -2 0 0 259
12 2 44 0 -10 0 0 0
12 2 45 0 -10 0 0 0
12 2 46 4.91271 -3 0 0 196
12 2 47 5.5 -2 0 0 209
12 2 48 4.91271 -3 0 0 173
12 2 49 5.5 -2 0 0 210
12 2 50 5.5 -2 0 0 214
12 2 51 4.72833 0.468752 0.718025 0.111175 256
12 2 52 4.91271 -3 0 0 198
12 2 53 5.5 -2 0 0 269
12 2 54 5.5 -2 0 0 251
12 2 55 5.5 -2 0 0 294
12 2 56 5.5 -2 0 0 353
12 2 57 5.5 -2 0 0 366
12 2 58 5.5 -2 0 0 343
12 2 59 5.5 -2 0 0 203
12 2 60 5.5 -2 0 0 261
12 2 61 5.5 -2 0 0 220
12 2 62 5.5 -2 0 0 267
12 2 63 5.5 -2 0 0 205
12 3 0 5.5 -2 0 0 327
12 3 1 5.5 -2 0 0 392
12 3 2 5.44822 0.531688 0.695964 0.19944 373
12 3 3 5.5 -2 0 0 441
12 3 4 5.5 -2 0 0 551
12 3 5 5.5 -2 0 0 431
12 3 6 6.56492 0.215047 0.1 0.214911 404
12 3 7 5.5 -2 0 0 455
12 3 8 5.5 -2 0 0 527
12 3 9 5.5 -2 0 0 466
12 3 10 5.5 -2 0 0 618
12 3 11 5.93222 0.54006 0.630646 0.019585 626
12 3 12 5.41015 0.509218 0.767294 0.0381847 622
12 3 13 5.5 -2 0 0 651
12 3 14 0 -10 0 0 0
12 3 15 6.01705 0.52152 0.516394 0.137659 599
12 3 16 5.5637 0.536099 0.699484 0.0280365 843
12 3 17 5.50641 0.496667 0.719281 0.161732 482
12 3 18 5.5 -2 0 0 459
12 3 19 5.5 -2 0 0 351
12 3 20 5.5 -2 0 0 380
12 3 21 5.5 -2 0 0 375
12 3 22 6.44911 0.516107 0.509524 0.086008 315
12 3 23 6.15406 0.503301 0.751329 0.0438871 279
12 3 24 0 -10 0 0 0
12 3 25 5.37474 0.42104 0.717956 0.0570333 407
12 3 26 6.17992 0.604613 0.394977 0.0956573 416
12 3 27 5.71599 0.49832 0.520555 0.0970194 302
12 3 28 5.5 -2 0 0 294
12 3 29 0 -10 0 0 0
12 3 30 0 -10 0 0 0
12 3 31 5.90016 0.462176 0.498276 0.116712 278
12 3 32 5.52516 0.528985 0.637659 0.0380571 429
12 3 33 6.10803 0.571989 0.728773 0.16191 339
12 3 34 5.5 -2 0 0 324
12 3 35 5.5993 0.533575 0.468723 0.118421 275
12 3 36 0 -10 0 0 0
12 3 37 5.78778 0.540761 0.337107 0.261495 396
12 3 38 0 -10 0 0 0
12 3 39 5.4253 -3 0 0 189
12 3 40 5.69481 0.511831 0.577527 0.0229412 412
12 3 41 5.76848 0.456931 0.793689 0.0638717 266
12 3 42 5.5 -2 0 0 205
12 3 43 6.27594 0.556402 0.788203 0.0618489 303
12 3 44 5.5 -2 0 0 335
12 3 45 5.5 -2 0 0 274
12 3 46 5.5 -2 0 0 413
12 3 47 5.84074 0.504479 0.572983 0.0599053 324
12 3 48 5.35123 0.475213 0.865108 0.0216583 374
12 3 49 5.5 -2 0 0 269
12 3 50 5.5 -2 0 0 269
12 3 51 5.5 -2 0 0 291
12 3 52 5.5 -2 0 0 330
12 3 53 5.5 -2 0 0 337
12 3 54 5.5 -2 0 0 258
12 3 55 5.14431 0.509792 0.827104 0.0491021 246
12 3 56 5.5 -2 0 0 244
12 3 57 5.5 -2 0 0 210
12 3 58 5.5 -2 0 0 248
12 3 59 5.5 -2 0 0 271
12 3 60 5.5 -2 0 0 262
12 3 61 5.5 -2 0 0 249
12 3 62 5.5 -2 0 0 239
12 3 63 5.5 -2 0 0 225
12 4 0 5.29651 0.469815 0.819661 0.0754085 449
12 4 1 5.5 -2 0 0 335
12 4 2 5.5 -2 0 0 278
12 4 3 5.5 -2 0 0 258
12 4 4 5.5 -2 0 0 233
12 4 5 5.5 -2 0 0 384
12 4 6 5.27637 -3 0 0 171
12 4 7 5.5 -2 0 0 325
12 4 8 5.5 -2 0 0 288
12 4 9 5.5 -2 0 0 282
12 4 10 5.5 -2 0 0 273
12 4 11 5.5 -2 0 0 237
12 4 12 5.27637 -3 0 0 188
12 4 13 5.5 -2 0 0 227
12 4 14 5.5 -2 0 0 232
12 4 15 5.5 -2 0 0 207
12 4 16 5.71043 0.521307 0.525585 0.126142 230
12 4 17 5.27637 -3 0 0 198
12 4 18 5.96783 0.457327 0.627283 0.0577068 266
12 4 19 5.12646 0.46873 0.633049 0.0462825 206
12 4 20 5.5 -2 0 0 205
12 4 21 5.5 -2 0 0 358
12 4 22 5.71784 0.535903 0.510907 0.0738983 432
12 4 23 0 -10 0 0 0
12 4 24 5.90553 0.502247 0.7751 0.039319 245
12 4 25 5.5 -2 0 0 240
12 4 26 0 -10 0 0 0
12 4 27 5.5 -2 0 0 334
12 4 28 5.91287 0.562137 0.566942 0.0464618 394
12 4 29 5.78747 0.534274 0.880143 0.127816 222
12 4 30 5.5 -2 0 0 462
12 4 31 5.5 -2 0 0 247
12 4 32 5.5 -2 0 0 224
12 4 33 5.81857 0.502758 0.626198 0.0245798 302
12 4 34 5.27637 -3 0 0 198
12 4 35 0 -10 0 0 0
12 4 36 5.5 -2 0 0 314
12 4 37 5.5 -2 0 0 242
12 4 38 5.97894 0.530807 0.550329 0.108936 216
12 4 39 5.79077 0.550601 0.590879 0.0263615 222
12 4 40 5.99781 0.549434 0.556405 0.124249 437
12 4 41 5.5 -2 0 0 365
12 4 42 5.5 -2 0 0 336
12 4 43 5.5 -2 0 0 219
12 4 44 5.5 -2 0 0 288
12 4 45 5.5 -2 0 0 263
12 4 46 5.5 -2 0 0 262
12 4 47 5.5 -2 0 0 207
12 4 48 5.5 -2 0 0 210
12 4 49 5.5 -2 0 0 212
12 4 50 5.5 -2 0 0 262
12 4 51 5.5 -2 0 0 262
12 4 52 5.5 -2 0 0 210
12 4 53 5.5 -2 0 0 307
12 4 54 5.5 -2 0 0 326
12 4 55 5.5 -2 0 0 295
12 4 56 5.5 -2 0 0 434
12 4 57 5.5 -2 0 0 472
12 4 58 5.5 -2 0 0 514
12 4 59 5.5 -2 0 0 216
12 4 60 5.5 -2 0 0 359
12 4 61 5.5 -2 0 0 263
12 4 62 5.5 -2 0 0 245
12 4 63 5.5 -2 0 0 288
12 5 0 5.44838 0.53834 0.491028 0.275669 499
12 5 1 6.00216 0.477148 0.627803 0.117546 526
12 5 2 5.86324 0.440362 0.714577 0.132656 566
12 5 3 6.099 0.506957 0.655697 0.0791743 576
12 5 4 5.5 -2 0 0 874
12 5 5 5.5 -2 0 0 741
12 5 6 5.51032 0.49059 0.901606 0.0416347 508
12 5 7 6.30016 0.480373 0.540994 0.103982 555
12 5 8 6.41262 0.540718 0.672787 0.0779319 562
12 5 9 6.12689 0.561848 0.782548 0.139087 691
12 5 10 6.30682 0.524759 0.589611 0.0701937 848
12 5 11 6.0012 0.417416 0.743762 0.058737 680
12 5 12 6.37205 0.442293 0.788203 0.221882 852
12 5 13 5.5 -2 0 0 921
12 5 14 5.88829 0.505175 0.604604 0.133729 1279
12 5 15 5.72476 0.461815 0.651677 0.0190058 1156
12 5 16 5.88974 0.472228 0.68667 0.0411811 1081
12 5 17 5.71042 0.487793 0.518368 0.0717979 778
12 5 18 5.53626 0.502468 0.539915 0.0387439 781
12 5 19 6.19287 0.422063 0.639936 0.0856893 626
12 5 20 5.61948 0.509551 0.520224 0.0370589 752
12 5 21 9.5 -2 0 0 533
12 5 22 0 -10 0 0 0
12 5 23 5.8362 0.451033 0.563671 0.0451617 628
12 5 24 6.01199 0.389336 0.647601 0.103387 449
12 5 25 5.98383 0.426955 0.644674 0.0781544 962
12 5 26 5.70425 0.542711 0.602115 0.0678601 706
12 5 27 6.69095 0.531082 0.430347 0.156925 495
12 5 28 5.67128 0.477263 0.734692 0.0593367 664
12 5 29 0 -10 0 0 0
12 5 30 0 -10 0 0 0
12 5 31 6.5307 0.573314 0.527547 0.042302 603
12 5 32 6.06921 0.572347 0.508154 0.0416974 1061
12 5 33 5.38036 0.37518 0.639515 0.0288908 622
12 5 34 6.53638 0.430321 0.831051 0.0225592 709
12 5 35 5.5 -2 0 0 515
12 5 36 0 -10 0 0 0
12 5 37 5.73378 0.458262 0.615394 0.0211372 781
12 5 38 0 -10 0 0 0
12 5 39 0 -10 0 0 0
12 5 40 0 -10 0 0 0
12 5 41 6.53566 0.582637 0.45727 0.147292 453
12 5 42 0 -10 0 0 0
12 5 43 5.52072 0.49963 0.631926 0.058471 543
12 5 44 5.91816 0.517146 0.448236 0.234869 648
12 5 45 6.01792 0.459633 0.52856 0.0791483 566
12 5 46 5.50963 0.479334 0.743398 0.0593044 1032
12 5 47 5.65536 0.46444 0.643878 0.0615577 915
12 5 48 5.4292 0.379656 0.799919 0.0335217 948
12 5 49 5.59805 0.50983 0.641821 0.0784132 699
12 5 50 5.5 -2 0 0 751
12 5 51 5.5 -2 0 0 544
12 5 52 5.55339 0.548344 0.580681 0.0142645 790
12 5 53 5.5 -2 0 0 610
12 5 54 5.5 -2 0 0 571
12 5 55 5.5 -2 0 0 453
12 5 56 5.5 -2 0 0 399
12 5 57 5.5 -2 0 0 408
12 5 58 5.5 -2 0 0 427
12 5 59 5.5 -2 0 0 588
12 5 60 5.5 -2 0 0 498
12 5 61 5.5 -2 0 0 501
12 5 62 5.5 -2 0 0 493
12 5 63 5.5 -2 0 0 416
12 6 0 5.5 -2 0 0 260
12 6 1 5.5 -2 0 0 345
12 6 2 5.5 -2 0 0 307
12 6 3 5.5 -2 0 0 241
12 6 4 5.5 -2 0 0 224
12 6 5 5.5 -2 0 0 449
12 6 6 5.5 -2 0 0 256
12 6 7 0 -10 0 0 0
12 6 8 5.68973 0.491742 0.618338 0.18172 261
12 6 9 0 -10 0 0 0
12 6 10 5.5 -2 0 0 226
12 6 11 5.08761 -3 0 0 187
12 6 12 5.5 -2 0 0 283
12 6 13 5.5 -2 0 0 354
12 6 14 5.5 -2 0 0 360
12 6 15 5.5 -2 0 0 458
12 6 16 5.5 -2 0 0 250
12 6 17 5.08761 -3 0 0 183
12 6 18 0 -10 0 0 0
12 6 19 5.5 -2 0 0 249
12 6 20 5.5 -2 0 0 273
12 6 21 5.5 -2 0 0 203
12 6 22 5.5 -2 0 0 207
12 6 23 5.80557 0.303274 0.1 0.170274 224
12 6 24 5.37465 0.404741 0.732264 0.0198543 389
12 6 25 5.08761 -3 0 0 186
12 6 26 5.08761 -3 0 0 164
12 6 27 5.5 -2 0 0 314
12 6 28 5.5 -2 0 0 332
12 6 29 5.5 -2 0 0 261
12 6 30 5.5 -2 0 0 234
12 6 31 5.5 -2 0 0 205
12 6 32 5.5 -2 0 0 247
12 6 33 5.5 -2 0 0 236
12 6 34 5.12101 0.480178 0.662312 0.0869102 257
12 6 35 5.08761 -3 0 0 199
12 6 36 0 -10 0 0 0
12 6 37 5.08761 -3 0 0 198
12 6 38 5.5 -2 0 0 235
12 6 39 5.5 -2 0 0 289
12 6 40 0 -10 0 0 0
12 6 41 5.5 -2 0 0 245
12 6 42 5.46752 0.543433 0.474728 0.086558 259
12 6 43 5.5 -2 0 0 276
12 6 44 5.08761 -3 0 0 200
12 6 45 5.08761 -3 0 0 200
12 6 46 5.5 -2 0 0 205
12 6 47 5.08761 -3 0 0 188
12 6 48 5.08761 -3 0 0 197
12 6 49 5.08761 -3 0 0 142
12 6 50 5.5 -2 0 0 206
12 6 51 5.08761 -3 0 0 188
12 6 52 5.08761 -3 0 0 137
12 6 53 5.08761 -3 0 0 169
12 6 54 5.5 -2 0 0 220
12 6 55 5.5 -2 0 0 231
12 6 56 5.5 -2 0 0 203
12 6 57 5.5 -2 0 0 232
12 6 58 5.08761 -3 0 0 150
12 6 59 5.5 -2 0 0 210
12 6 60 5.5 -2 0 0 222
12 6 61 5.5 -2 0 0 227
12 6 62 5.5 -2 0 0 245
12 6 63 5.5 -2 0 0 230
12 7 0 5.5 -2 0 0 308
12 7 1 4.72388 0.421831 0.728384 0.0809474 428
12 7 2 5.5 -2 0 0 371
12 7 3 5.5 -2 0 0 348
12 7 4 0 -10 0 0 0
12 7 5 5.19837 0.482193 0.64099 0.0742153 503
12 7 6 5.5 -2 0 0 475
12 7 7 5.6828 0.404809 0.836499 0.0440798 430
12 7 8 5.5 -2 0 0 383
12 7 9 5.5 -2 0 0 404
12 7 10 5.66278 0.527754 0.673252 0.0525405 570
12 7 11 5.5 -2 0 0 444
12 7 12 5.5 -2 0 0 430
12 7 13 4.9593 0.440981 0.617363 0.0840051 602
12 7 14 5.54542 0.497974 0.848011 0.16741 474
12 7 15 5.5 -2 0 0 707
12 7 16 6.04147 0.442986 0.653455 0.0642652 514
12 7 17 5.78584 0.485966 0.659434 0.047314 649
12 7 18 5.5 -2 0 0 767
12 7 19 5.85648 0.43129 0.772495 0.0419239 587
12 7 20 5.34229 0.443235 0.594639 0.0376438 713
12 7 21 5.9603 0.485207 0.868701 0.0681149 632
12 7 22 5.5 -2 0 0 318
12 7 23 6.23283 0.514386 0.709368 0.130715 315
12 7 24 5.97805 0.433904 0.686326 0.0460629 698
12 7 25 5.28146 0.516914 0.554757 0.0295303 766
12 7 26 5.23193 0.469562 0.664038 0.0220355 516
12 7 27 5.5 -2 0 0 627
12 7 28 6.15519 0.550076 0.418477 0.0946723 410
12 7 29 0 -10 0 0 0
12 7 30 5.5 -2 0 0 305
12 7 31 5.56714 0.409202 0.579283 0.0109257 547
12 7 32 5.06387 0.463921 0.556732 0.0412819 568
12 7 33 6.11429 0.412646 0.614453 0.0963567 384
12 7 34 5.84377 0.421533 0.677331 0.0496001 931
12 7 35 5.58657 0.379061 0.811919 0.0511782 421
12 7 36 5.54551 0.3464 0.722967 0.188177 396
12 7 37 4.88551 0.443391 0.634164 0.0284091 985
12 7 38 5.71975 0.528851 0.69486 0.0797163 977
12 7 39 0 -10 0 0 0
12 7 40 5.75095 0.488361 0.64589 0.0169744 431
12 7 41 5.86431 0.450487 0.69264 0.0612536 551
12 7 42 5.06449 0.440005 0.675337 0.0266274 592
12 7 43 5.5 -2 0 0 539
12 7 44 0 -10 0 0 0
12 7 45 0 -10 0 0 0
12 7 46 5.5 -2 0 0 1125
12 7 47 5.18078 0.458985 0.762884 0.0276014 1232
12 7 48 5.55304 0.459812 0.678538 0.030646 657
12 7 49 5.5 -2 0 0 488
12 7 50 5.5 -2 0 0 591
12 7 51 5.5 -2 0 0 799
12 7 52 5.5 -2 0 0 828
12 7 53 5.5 -2 0 0 993
12 7 54 0 -10 0 0 0
12 7 55 5.15313 0.460155 0.742475 0.0542226 709
12 7 56 0 -10 0 0 0
12 7 57 5.5 -2 0 0 809
12 7 58 5.5 -2 0 0 836
12 7 59 0 -10 0 0 0
12 7 60 5.5 -2 0 0 743
12 7 61 5.5 -2 0 0 575
12 7 62 5.5 -2 0 0 560
12 7 63 5.5 -2 0 0 540
12 8 0 5.09271 -6 0 0 194
12 8 1 5.5 -2 0 0 220
12 8 2 5.09271 -6 0 0 160
12 8 3 5.09271 -6 0 0 191
12 8 4 5.5 -2 0 0 234
12 8 5 5.5 -2 0 0 202
12 8 6 5.09271 -6 0 0 188
12 8 7 0 -10 0 0 0
12 8 8 5.5 -2 0 0 235
12 8 9 5.5 -2 0 0 249
12 8 10 5.09271 -6 0 0 196
12 8 11 5.09271 -6 0 0 186
12 8 12 5.09271 -6 0 0 183
12 8 13 5.5 -2 0 0 238
12 8 14 5.09271 -6 0 0 176
12 8 15 5.5 -2 0 0 219
12 8 16 5.09271 -6 0 0 163
12 8 17 5.5 -2 0 0 259
12 8 18 5.5 -2 0 0 280
12 8 19 5.5 -2 0 0 257
12 8 20 5.5 -2 0 0 235
12 8 21 5.5 -2 0 0 257
12 8 22 5.5 -2 0 0 221
12 8 23 5.5 -2 0 0 260
12 8 24 5.5 -2 0 0 203
12 8 25 0 -10 0 0 0
12 8 26 5.5 -2 0 0 243
12 8 27 5.5 -2 0 0 235
12 8 28 5.09271 -6 0 0 175
12 8 29 4.97893 0.482793 0.537779 0.157796 265
12 8 30 5.208 0.516052 0.74718 0.05186 215
12 8 31 0 -10 0 0 0
12 8 32 5.5 -2 0 0 277
12 8 33 5.5 -2 0 0 255
12 8 34 5.5 -2 0 0 314
12 8 35 5.5 -2 0 0 255
12 8 36 5.5 -2 0 0 243
12 8 37 5.5 -2 0 0 281
12 8 38 5.5 -2 0 0 293
12 8 39 5.5 -2 0 0 256
12 8 40 5.5 -2 0 0 277
12 8 41 5.5 -2 0 0 313
12 8 42 5.5 -2 0 0 297
12 8 43 5.5 -2 0 0 281
12 8 44 5.5 -2 0 0 243
12 8 45 5.5 -2 0 0 314
12 8 46 5.5 -2 0 0 329
12 8 47 5.5 -2 0 0 436
12 8 48 5.5 -2 0 0 445
12 8 49 5.5 -2 0 0 342
12 8 50 5.5 -2 0 0 372
12 8 51 5.5 -2 0 0 400
12 8 52 5.5 -2 0 0 266
12 8 53 5.35789 0.181485 0.1 0.240081 356
12 8 54 5.5 -2 0 0 258
12 8 55 5.5 -2 0 0 378
12 8 56 5.5 -2 0 0 299
12 8 57 5.5 -2 0 0 384
12 8 58 1.5 -2 0 0 324
12 8 59 5.5 -2 0 0 375
12 8 60 5.5 -2 0 0 293
12 8 61 1.5 -2 0 0 331
12 8 62 5.5 -2 0 0 295
12 8 63 1.5 -2 0 0 370
12 9 0 0 -10 0 0 0
12 9 1 5.09245 0.506029 0.615572 0.0975309 402
12 9 2 5.5 -2 0 0 351
12 9 3 5.5 -2 0 0 346
12 9 4 5.5 -2 0 0 295
12 9 5 5.5 -2 0 0 461
12 9 6 5.5 -2 0 0 384
12 9 7 0 -10 0 0 0
12 9 8 5.5 -2 0 0 398
12 9 9 0 -10 0 0 0
12 9 10 0 -10 0 0 0
12 9 11 5.5 -2 0 0 324
12 9 12 6.0201 0.501645 0.132049 0.318827 404
12 9 13 6.65157 0.609478 0.147894 0.300205 404
12 9 14 5.5 -2 0 0 352
12 9 15 5.4654 0.522188 0.869311 0.0801496 429
12 9 16 5.5 -2 0 0 386
12 9 17 5.5 -2 0 0 339
12 9 18 5.62789 0.490872 0.812326 0.0377241 317
12 9 19 5.5 -2 0 0 273
12 9 20 0 -10 0 0 0
12 9 21 5.5 -2 0 0 313
12 9 22 5.5 -2 0 0 220
12 9 23 5.5 -2 0 0 294
12 9 24 5.64998 0.54059 0.770615 0.0531167 238
12 9 25 5.48573 0.543643 0.396177 0.155559 244
12 9 26 5.5 -2 0 0 306
12 9 27 5.5 -2 0 0 264
12 9 28 5.5 -2 0 0 220
12 9 29 5.5 -2 0 0 326
12 9 30 0 -10 0 0 0
12 9 31 5.74879 0.57095 1.05336 0.0529451 232
12 9 32 5.5 -2 0 0 251
12 9 33 0 -10 0 0 0
12 9 34 5.5 -2 0 0 261
12 9 35 5.5 -2 0 0 288
12 9 36 5.5 -2 0 0 236
12 9 37 5.5 -2 0 0 236
12 9 38 4.99548 0.499261 0.72774 0.02094 238
12 9 39 5.5 -2 0 0 234
12 9 40 0 -10 0 0 0
12 9 41 5.5 -2 0 0 206
12 9 42 4.88232 -3 0 0 177
12 9 43 5.5 -2 0 0 239
12 9 44 5.5 -2 0 0 217
12 9 45 5.5 -2 0 0 260
12 9 46 0 -10 0 0 0
12 9 47 5.5 -2 0 0 204
12 9 48 5.5 -2 0 0 235
12 9 49 4.88232 -3 0 0 166
12 9 50 0 -10 0 0 0
12 9 51 4.88232 -3 0 0 180
12 9 52 4.88232 -3 0 0 185
12 9 53 4.88232 -3 0 0 195
12 9 54 4.88232 -3 0 0 172
12 9 55 4.88232 -3 0 0 194
12 9 56 4.88232 -3 0 0 195
12 9 57 4.88232 -3 0 0 161
12 9 58 5.5 -2 0 0 213
12 9 59 0 -10 0 0 0
12 9 60 4.88232 -3 0 0 187
12 9 61 4.88232 -3 0 0 196
12 9 62 5.5 -2 0 0 229
12 9 63 5.5 -2 0 0 222
12 10 0 5.5 -2 0 0 586
12 10 1 5.5 -2 0 0 518
12 10 2 5.5 -2 0 0 437
12 10 3 5.5 -2 0 0 448
12 10 4 5.5 -2 0 0 464
12 10 5 5.5 -2 0 0 498
12 10 6 4.92805 0.481639 0.60566 0.172002 498
12 10 7 5.5 -2 0 0 468
12 10 8 5.5 -2 0 0 464
12 10 9 5.5 -2 0 0 463
12 10 10 5.44307 0.486397 0.576503 0.0263442 370
12 10 11 5.62445 0.447929 0.597487 0.0848383 437
12 10 12 5.5 -2 0 0 369
12 10 13 5.5 -2 0 0 399
12 10 14 5.34476 0.518438 0.792655 0.033593 459
12 10 15 5.5 -2 0 0 498
12 10 16 5.36227 0.452168 0.69305 0.107861 451
12 10 17 5.5 -2 0 0 501
12 10 18 5.30582 0.484783 0.400374 0.0318766 529
12 10 19 5.5 -2 0 0 470
12 10 20 5.5 -2 0 0 506
12 10 21 5.5 -2 0 0 527
12 10 22 5.5 -2 0 0 422
12 10 23 5.5 -2 0 0 588
12 10 24 5.15278 0.398007 0.791105 0.0419367 574
12 10 25 6.04136 0.569934 0.761455 0.156733 461
12 10 26 5.5 -2 0 0 553
12 10 27 5.45562 0.435131 0.643304 0.108265 541
12 10 28 5.5 -2 0 0 559
12 10 29 5.40649 0.493502 0.734922 0.0265919 612
12 10 30 0 -10 0 0 0
12 10 31 5.5 -2 0 0 716
12 10 32 5.5 -2 0 0 533
12 10 33 5.5 -2 0 0 590
12 10 34 5.62778 0.41427 0.723702 0.0778897 523
12 10 35 0 -10 0 0 0
12 10 36 5.58272 0.496076 0.593835 0.028549 742
12 10 37 5.37771 0.468279 0.613561 0.0146681 516
12 10 38 5.00091 0.492449 0.589363 0.0459282 696
12 10 39 5.25427 0.420314 0.517006 0.148326 891
12 10 40 5.5 -2 0 0 630
12 10 41 5.5 -2 0 0 779
12 10 42 5.5 -2 0 0 720
12 10 43 5.2116 0.507555 0.61775 0.0661119 709
12 10 44 5.5 -2 0 0 627
12 10 45 5.5 -2 0 0 710
12 10 46 5.15482 0.514004 0.612071 0.0432814 686
12 10 47 5.5 -2 0 0 1001
12 10 48 5.5 -2 0 0 831
12 10 49 5.5 -2 0 0 1114
12 10 50 5.5 -2 0 0 1199
12 10 51 5.5 -2 0 0 1170
12 10 52 5.5 -2 0 0 660
12 10 53 5.5 -2 0 0 791
12 10 54 5.5 -2 0 0 1092
12 10 55 5.5 -2 0 0 1276
12 10 56 4.70497 0.42124 0.693496 0.0136696 1288
12 10 57 5.5 -2 0 0 1239
12 10 58 5.5 -2 0 0 1024
12 10 59 5.5 -2 0 0 780
12 10 60 5.5 -2 0 0 670
12 10 61 5.5 -2 0 0 990
12 10 62 5.5 -2 0 0 869
12 10 63 5.5 -2 0 0 882
12 11 0 5.5 -2 0 0 1088
12 11 1 5.5 -2 0 0 955
12 11 2 4.97403 0.456179 0.619933 0.0188196 907
12 11 3 5.5 -2 0 0 909
12 11 4 5.5 -2 0 0 733
12 11 5 5.56318 0.463687 0.677308 0.0506047 1357
12 11 6 5.5 -2 0 0 710
12 11 7 5.55205 0.444172 0.752107 0.0279372 1261
12 11 8 5.13353 0.46499 0.619538 0.011461 1303
12 11 9 4.79073 0.468913 0.595181 0.0275541 1264
12 11 10 5.00104 0.442904 0.767699 0.0159098 1105
12 11 11 5.5 -2 0 0 677
12 11 12 5.14338 0.430589 0.598036 0.0118872 638
12 11 13 5.5 -2 0 0 954
12 11 14 5.22598 0.445676 0.585117 0.0646231 978
12 11 15 5.00849 0.481762 0.518371 0.00955276 809
12 11 16 5.37705 0.502117 0.592498 0.0242836 735
12 11 17 5.09301 0.490487 0.397834 0.086051 630
12 11 18 4.83452 0.465164 0.46582 0.0429182 833
12 11 19 5.5 -2 0 0 620
12 11 20 4.98763 0.437183 0.576753 0.0312637 721
12 11 21 5.3388 0.374617 0.657239 0.0275156 863
12 11 22 5.94791 0.486982 0.515982 0.0842496 925
12 11 23 5.44998 0.506692 0.631605 0.0416529 739
12 11 24 4.8552 0.4708 0.548036 0.074719 569
12 11 25 6.30066 0.530276 0.113707 0.362271 582
12 11 26 0 -10 0 0 0
12 11 27 5.73921 0.458159 0.630793 0.15897 816
12 11 28 0 -10 0 0 0
12 11 29 5.28067 0.496867 0.660403 0.0300973 583
12 11 30 0 -10 0 0 0
12 11 31 5.72997 0.43217 0.574099 0.0247391 596
12 11 32 5.31185 0.498457 0.432465 0.101598 584
12 11 33 0 -10 0 0 0
12 11 34 5.5 -2 0 0 515
12 11 35 5.5 -2 0 0 591
12 11 36 5.5 -2 0 0 520
12 11 37 5.85487 0.453395 0.644473 0.0482477 436
12 11 38 5.57124 0.388608 0.608939 0.118081 433
12 11 39 5.5 -2 0 0 523
12 11 40 0 -10 0 0 0
12 11 41 5.63803 0.423328 0.633282 0.0296233 567
12 11 42 5.5 -2 0 0 542
12 11 43 4.93526 0.422363 0.661715 0.0235318 507
12 11 44 5.22408 0.501163 0.509892 0.0372391 396
12 11 45 5.5 -2 0 0 392
12 11 46 5.05589 0.492961 0.564263 0.00818468 360
12 11 47 5.5 -2 0 0 409
12 11 48 5.5 -2 0 0 508
12 11 49 4.98738 0.446701 0.719572 0.0883333 348
12 11 50 5.0748 0.458627 0.878357 0.101538 365
12 11 51 5.5 -2 0 0 429
12 11 52 4.96907 0.493302 0.531269 0.137648 349
12 11 53 5.5 -2 0 0 373
12 11 54 5.5 -2 0 0 359
12 11 55 5.5 -2 0 0 399
12 11 56 4.63118 0.459166 0.497693 0.175268 433
12 11 57 5.5 -2 0 0 464
12 11 58 5.5 -2 0 0 598
12 11 59 5.5 -2 0 0 445
12 11 60 5.5 -2 0 0 510
12 11 61 5.5 -2 0 0 461
12 11 62 5.5 -2 0 0 393
12 11 63 5.5 -2 0 0 448
12 12 0 5.5 -2 0 0 1308
12 12 1 5.5 -2 0 0 1178
12 12 2 5.5 -2 0 0 1054
12 12 3 4.81246 0.450787 0.706518 0.0536588 1025
12 12 4 5.5 -2 0 0 1026
12 12 5 5.5 -2 0 0 982
12 12 6 4.78713 0.436662 0.883334 0.0639193 1310
12 12 7 4.8436 0.41226 0.714318 0.0256249 1144
12 12 8 4.71052 0.419623 0.726613 0.0316771 1075
12 12 9 4.67554 0.452701 0.702396 0.0399386 952
12 12 10 0 -10 0 0 0
12 12 11 4.79455 0.422239 0.671361 0.0666419 975
12 12 12 5.5 -2 0 0 994
12 12 13 4.94775 0.457623 0.600588 0.0688018 958
12 12 14 5.30859 0.448598 0.799994 0.0248823 909
12 12 15 5.5 -2 0 0 1019
12 12 16 5.5 -2 0 0 963
12 12 17 5.5 -2 0 0 1029
12 12 18 4.94384 0.357395 0.661413 0.0279702 868
12 12 19 5.5 -2 0 0 965
12 12 20 5.5 -2 0 0 1070
12 12 21 5.18458 0.410213 0.508379 0.0594444 1350
12 12 22 5.5 -2 0 0 1091
12 12 23 4.70736 0.419111 0.576321 0.0867277 1121
12 12 24 0 -10 0 0 0
12 12 25 5.5 -2 0 0 1042
12 12 26 5.5 -2 0 0 1079
12 12 27 5.16065 0.418481 0.552766 0.0520186 956
12 12 28 5.5 -2 0 0 1230
12 12 29 4.91527 0.390566 0.623622 0.0523643 1398
12 12 30 0 -10 0 0 0
12 12 31 4.70275 0.361583 0.733656 0.0115756 1379
12 12 32 4.85844 0.385192 0.714475 0.0435499 985
12 12 33 5.12462 0.455138 0.660456 0.0139073 1100
12 12 34 0 -10 0 0 0
12 12 35 4.93203 0.419493 0.565177 0.0215444 1161
12 12 36 5.73519 0.498593 0.620286 0.210963 1355
12 12 37 5.40098 0.443245 0.42577 0.162647 1038
12 12 38 4.95133 0.348942 0.758269 0.0214863 1590
12 12 39 4.88239 0.378898 0.69864 0.00655657 1740
12 12 40 5.72141 0.423239 0.641096 0.0998698 1020
12 12 41 4.9007 0.372347 0.642779 0.0728945 1408
12 12 42 5.18933 0.327545 0.753177 0.0263529 1269
12 12 43 5.05518 0.384279 0.693597 0.043129 1224
12 12 44 4.58555 0.33924 0.71525 0.0358139 1243
12 12 45 5.5 -2 0 0 1229
12 12 46 5.00028 0.426178 0.675238 0.0270225 1143
12 12 47 5.5 -2 0 0 1318
12 12 48 4.74827 0.373621 0.655719 0.0222963 1128
12 12 49 5.5 -2 0 0 1216
12 12 50 5.5 -2 0 0 1366
12 12 51 5.5 -2 0 0 1400
12 12 52 5.5 -2 0 0 1104
12 12 53 5.5 -2 0 0 1219
12 12 54 5.5 -2 0 0 1618
12 12 55 5.5 -2 0 0 1578
12 12 56 5.5 -2 0 0 1676
12 12 57 5.5 -2 0 0 1906
12 12 58 5.5 -2 0 0 1634
12 12 59 5.5 -2 0 0 1073
12 12 60 5.5 -2 0 0 1327
12 12 61 5.5 -2 0 0 1295
12 12 62 5.5 -2 0 0 1476
12 12 63 0 -10 0 0 0
12 13 0 5.95289 0.465509 0.792483 0.0420528 1710
12 13 1 5.32238 0.516495 0.71513 0.0717956 1325
12 13 2 5.3005 0.406914 0.775948 0.0544943 1362
12 13 3 5.84983 0.456937 0.618186 0.0667307 1237
12 13 4 4.835 0.455795 0.773841 0.0258314 1129
12 13 5 5.48769 0.394399 0.779809 0.051369 1824
12 13 6 5.6917 0.405366 0.750127 0.023642 990
12 13 7 5.74236 0.481711 0.771971 0.0375953 1530
12 13 8 5.81178 0.505546 0.733468 0.0489741 1664
12 13 9 6.0735 0.501915 0.668738 0.0352146 1324
12 13 10 5.87067 0.507247 0.746054 0.0335471 1285
12 13 11 5.79101 0.427501 0.715563 0.0360334 962
12 13 12 5.99329 0.555174 0.546887 0.155312 932
12 13 13 5.82063 0.344947 0.782596 0.0357211 1224
12 13 14 5.99257 0.418961 0.64954 0.0757881 1272
12 13 15 5.69208 0.38743 0.593524 0.0654713 1010
12 13 16 5.36534 0.425436 0.746865 0.0245267 1151
12 13 17 5.55824 0.390024 0.815412 0.0288541 926
12 13 18 5.87779 0.419057 0.676983 0.0709841 1272
12 13 19 5.71961 0.41458 0.825534 0.261257 998
12 13 20 5.13727 0.387467 0.69425 0.0319271 1231
12 13 21 6.17895 0.436488 0.695824 0.0415933 1449
12 13 22 5.78396 0.404361 0.761681 0.0390951 1668
12 13 23 0 -10 0 0 0
12 13 24 0 -10 0 0 0
12 13 25 5.73596 0.380091 0.729221 0.024418 1146
12 13 26 0 -10 0 0 0
12 13 27 5.74655 0.478109 0.690139 0.0995374 1319
12 13 28 0 -10 0 0 0
12 13 29 5.99666 0.338051 0.850165 0.0342564 1074
12 13 30 0 -10 0 0 0
12 13 31 5.82303 0.409328 0.801261 0.0307596 1293
12 13 32 6.49495 0.447026 0.636672 0.0897789 967
12 13 33 0 -10 0 0 0
12 13 34 5.79062 0.375717 0.703271 0.0304776 985
12 13 35 5.87337 0.394643 0.743455 0.0229394 1163
12 13 36 6.22832 0.375527 0.639415 0.079884 1035
12 13 37 0 -10 0 0 0
12 13 38 6.30137 0.482307 0.595922 0.111566 1010
12 13 39 6.47405 0.464454 0.597902 0.0500856 1008
12 13 40 9.5 -2 0 0 1187
12 13 41 5.98823 0.395153 0.763093 0.0102168 1304
12 13 42 0 -10 0 0 0
12 13 43 5.66404 0.477462 0.74469 0.00981582 1111
12 13 44 5.69718 0.425829 0.706409 0.0710509 1040
12 13 45 6.1446 0.415454 0.80708 0.0331676 875
12 13 46 5.99846 0.469142 0.59717 0.0337426 751
12 13 47 5.5 -2 0 0 407
12 13 48 5.68843 0.484517 0.635985 0.0258798 844
12 13 49 5.87956 0.435816 0.723607 0.0730166 499
12 13 50 5.10467 0.430582 0.731935 0.0428648 623
12 13 51 5.5 -2 0 0 892
12 13 52 5.5 -2 0 0 703
12 13 53 5.48153 0.486927 0.575143 0.0504158 990
12 13 54 5.5 -2 0 0 943
12 13 55 5.66507 0.412459 0.939669 0.131129 990
12 13 56 5.59369 0.444846 0.81516 0.0387754 988
12 13 57 5.34079 0.449984 0.856293 0.0344965 1161
12 13 58 5.5 -2 0 0 1063
12 13 59 5.5 -2 0 0 810
12 13 60 5.5 -2 0 0 1025
12 13 61 5.5 -2 0 0 887
12 13 62 5.5 -2 0 0 848
12 13 63 5.5 -2 0 0 986
12 14 0 5.29364 0.485833 0.73471 0.0666411 1660
12 14 1 5.44503 0.456753 0.853374 0.0111385 1753
12 14 2 5.5 -2 0 0 1426
12 14 3 5.03118 0.382927 0.863068 0.0242274 1818
12 14 4 4.98247 0.484509 0.619644 0.0394719 1298
12 14 5 5.5 -2 0 0 1328
12 14 6 5.61723 0.482502 0.628273 0.102652 1669
12 14 7 5.5777 0.458183 0.612299 0.0981207 1281
12 14 8 5.19179 0.42593 0.737425 0.0685584 1439
12 14 9 5.14665 0.430354 0.606517 0.0682031 1229
12 14 10 5.04644 0.429016 0.668873 0.0194427 1468
12 14 11 0 -10 0 0 0
12 14 12 4.96941 0.416293 0.713119 0.0439525 1418
12 14 13 0 -10 0 0 0
12 14 14 5.70588 0.468181 0.568568 0.017758 1612
12 14 15 5.91874 0.447314 0.721359 0.0363993 1227
12 14 16 5.60474 0.389406 0.730694 0.0355348 1317
12 14 17 0 -10 0 0 0
12 14 18 5.54342 0.428695 0.529213 0.160842 1092
12 14 19 5.54932 0.376529 0.775185 0.0305908 1308
12 14 20 5.45988 0.428555 0.790185 0.0551053 1167
12 14 21 5.56444 0.336259 0.86205 0.155635 1191
12 14 22 5.40089 0.413483 0.71853 0.0179555 1359
12 14 23 5.49641 0.457097 0.701182 0.0972268 1175
12 14 24 5.78687 0.461782 0.592162 0.133082 1173
12 14 25 6.01144 0.500425 0.686122 0.0886181 1137
12 14 26 5.67084 0.428672 0.682304 0.0294881 1062
12 14 27 5.70351 0.390224 0.721752 0.0226968 1249
12 14 28 5.87307 0.460474 0.625937 0.115144 1040
12 14 29 6.10209 0.324487 0.663669 0.023904 946
12 14 30 0 -10 0 0 0
12 14 31 5.66658 0.513098 0.735911 0.169109 929
12 14 32 5.54543 0.416269 0.646788 0.112144 1096
12 14 33 5.52586 0.458656 0.677131 0.0416798 1033
12 14 34 5.51019 0.458909 0.723002 0.0767204 1037
12 14 35 5.89577 0.433883 0.607359 0.0466154 1196
12 14 36 5.54848 0.514422 0.483821 0.153262 971
12 14 37 5.87421 0.444924 0.634518 0.134974 1072
12 14 38 5.67919 0.35464 0.704861 0.0562781 875
12 14 39 5.71579 0.36059 0.648065 0.0738979 962
12 14 40 5.54706 0.455043 0.706215 0.0805184 1003
12 14 41 5.4834 0.474262 0.58671 0.0963986 806
12 14 42 6.0831 0.493447 0.55103 0.0940719 965
12 14 43 5.5 -2 0 0 843
12 14 44 5.73756 0.413957 0.787231 0.022004 745
12 14 45 5.41466 0.419682 0.690274 0.0423244 949
12 14 46 5.5 -2 0 0 810
12 14 47 5.73881 0.395926 0.81513 0.0351208 789
12 14 48 5.12263 0.409102 0.64855 0.154028 663
12 14 49 5.70758 0.357717 0.850838 0.0645054 703
12 14 50 5.20115 0.51129 0.711215 0.0424075 650
12 14 51 5.22172 0.421461 0.674262 0.0191932 773
12 14 52 5.22493 0.437073 0.726074 0.064691 795
12 14 53 0 -10 0 0 0
12 14 54 5.05709 0.387694 0.596219 0.100784 787
12 14 55 5.5 -2 0 0 793
12 14 56 5.5 -2 0 0 728
12 14 57 4.83761 0.436291 0.735315 0.0528994 710
12 14 58 5.5 -2 0 0 942
12 14 59 4.61925 0.460383 0.635738 0.0530537 838
12 14 60 5.5 -2 0 0 821
12 14 61 5.5 -2 0 0 984
12 14 62 5.5 -2 0 0 888
12 14 63 0 -10 0 0 0
12 15 0 5.5 -2 0 0 767
12 15 1 0 -10 0 0 0
12 15 2 5.5 -2 0 0 796
12 15 3 5.5 -2 0 0 760
12 15 4 5.5 -2 0 0 828
12 15 5 5.5 -2 0 0 688
12 15 6 5.00075 0.443051 0.503137 0.0133118 721
12 15 7 5.5 -2 0 0 722
12 15 8 4.81932 0.413683 0.741386 0.0654966 713
12 15 9 5.5 -2 0 0 642
12 15 10 5.5 -2 0 0 537
12 15 11 5.1664 0.447864 0.68298 0.0453807 771
12 15 12 0 -10 0 0 0
12 15 13 5.10481 0.486805 0.539856 0.0637361 649
12 15 14 5.39526 0.530741 0.693742 0.139787 586
12 15 15 5.5 -2 0 0 586
12 15 16 5.0502 0.421829 0.529563 0.0495232 774
12 15 17 5.10562 0.400484 0.641879 0.0431758 734
12 15 18 5.15047 0.384975 0.666532 0.0160024 763
12 15 19 4.58797 0.435451 0.509697 0.0991611 815
12 15 20 5.5 -2 0 0 826
12 15 21 4.90478 0.441059 0.548432 0.00639409 859
12 15 22 5.20768 0.410957 0.649298 0.0398836 861
12 15 23 4.79525 0.469268 0.540257 0.17597 877
12 15 24 5.25283 0.445019 0.585852 0.131342 988
12 15 25 5.5 -2 0 0 790
12 15 26 5.24258 0.483715 0.571601 0.0871993 765
12 15 27 5.05726 0.384354 0.596957 0.00888856 888
12 15 28 5.18519 0.462347 0.45606 0.171841 978
12 15 29 4.93448 0.41305 0.702299 0.0926527 1182
12 15 30 5.70826 0.433206 0.50949 0.0957721 806
12 15 31 5.16286 0.493428 0.744516 0.0373845 1039
12 15 32 5.5 -2 0 0 851
12 15 33 0 -10 0 0 0
12 15 34 0 -10 0 0 0
12 15 35 5.68984 0.478149 0.562986 0.0951432 1147
12 15 36 5.14143 0.488661 0.537708 0.0442783 899
12 15 37 0 -10 0 0 0
12 15 38 5.5 -2 0 0 1243
12 15 39 5.05259 0.433304 0.630212 0.0297013 1015
12 15 40 5.5 -2 0 0 1057
12 15 41 5.19847 0.39819 0.688308 0.0292137 1096
12 15 42 5.6148 0.421074 0.611054 0.0196991 1345
12 15 43 5.1967 0.400729 0.64212 0.0222046 1436
12 15 44 0 -10 0 0 0
12 15 45 5.5 -2 0 0 968
12 15 46 0 -10 0 0 0
12 15 47 4.79775 0.40039 0.562423 0.11777 1023
12 15 48 5.5 -2 0 0 991
12 15 49 5.5 -2 0 0 1596
12 15 50 0 -10 0 0 0
12 15 51 4.92179 0.4389 0.663585 0.0580779 1145
12 15 52 0 -10 0 0 0
12 15 53 5.5 -2 0 0 1683
12 15 54 5.5 -2 0 0 1293
12 15 55 4.91994 0.455737 0.663884 0.0386013 1425
12 15 56 5.5 -2 0 0 1212
12 15 57 5.5 -2 0 0 1380
12 15 58 5.5 -2 0 0 1289
12 15 59 5.5 -2 0 0 1237
12 15 60 0 -10 0 0 0
12 15 61 5.5 -2 0 0 1826
12 15 62 5.5 -2 0 0 1655
12 15 63 5.5 -2 0 0 1468
13 0 0 1.5 -2 0 0 347
13 0 1 1.5 -2 0 0 337
13 0 2 1.5 -2 0 0 284
13 0 3 1.5 -2 0 0 412
13 0 4 1.5 -2 0 0 476
13 0 5 1.5 -2 0 0 439
13 0 6 1.5 -2 0 0 273
13 0 7 1.5 -2 0 0 471
13 0 8 1.5 -2 0 0 489
13 0 9 1.5 -2 0 0 314
13 0 10 1.5 -2 0 0 269
13 0 11 1.5 -2 0 0 466
13 0 12 5.5 -2 0 0 455
13 0 13 1.5 -2 0 0 403
13 0 14 1.5 -2 0 0 519
13 0 15 1.5 -2 0 0 451
13 0 16 1.5 -2 0 0 269
13 0 17 1.5 -2 0 0 520
13 0 18 5.5 -2 0 0 466
13 0 19 1.5 -2 0 0 439
13 0 20 1.5 -2 0 0 479
13 0 21 1.5 -2 0 0 277
13 0 22 1.5 -2 0 0 450
13 0 23 1.5 -2 0 0 482
13 0 24 1.5 -2 0 0 483
13 0 25 1.5 -2 0 0 491
13 0 26 5.5 -2 0 0 574
13 0 27 5.5 -2 0 0 407
13 0 28 5.5 -2 0 0 482
13 0 29 1.5 -2 0 0 524
13 0 30 5.5 -2 0 0 485
13 0 31 5.5 -2 0 0 507
13 0 32 1.5 -2 0 0 460
13 0 33 5.5 -2 0 0 508
13 0 34 1.5 -2 0 0 562
13 0 35 5.5 -2 0 0 453
13 0 36 5.5 -2 0 0 486
13 0 37 5.5 -2 0 0 569
13 0 38 1.5 -2 0 0 520
13 0 39 1.5 -2 0 0 640
13 0 40 1.5 -2 0 0 521
13 0 41 1.5 -2 0 0 488
13 0 42 1.5 -2 0 0 549
13 0 43 1.5 -2 0 0 558
13 0 44 1.5 -2 0 0 532
13 0 45 5.5 -2 0 0 478
13 0 46 1.5 -2 0 0 620
13 0 47 1.5 -2 0 0 601
13 0 48 1.5 -2 0 0 534
13 0 49 1.5 -2 0 0 614
13 0 50 1.5 -2 0 0 586
13 0 51 1.5 -2 0 0 685
13 0 52 1.5 -2 0 0 582
13 0 53 1.5 -2 0 0 558
13 0 54 1.5 -2 0 0 549
13 0 55 1.5 -2 0 0 649
13 0 56 1.5 -2 0 0 616
13 0 57 1.5 -2 0 0 626
13 0 58 1.5 -2 0 0 572
13 0 59 1.5 -2 0 0 627
13 0 60 1.5 -2 0 0 574
13 0 61 1.5 -2 0 0 749
13 0 62 1.5 -2 0 0 670
13 0 63 1.5 -2 0 0 622
13 1 0 5.5 -2 0 0 686
13 1 1 1.5 -2 0 0 724
13 1 2 1.5 -2 0 0 668
13 1 3 1.5 -2 0 0 633
13 1 4 5.5 -2 0 0 552
13 1 5 1.5 -2 0 0 614
13 1 6 5.5 -2 0 0 693
13 1 7 5.5 -2 0 0 872
13 1 8 5.5 -2 0 0 688
13 1 9 1.5 -2 0 0 754
13 1 10 1.5 -2 0 0 766
13 1 11 1.5 -2 0 0 607
13 1 12 1.5 -2 0 0 620
13 1 13 5.5 -2 0 0 565
13 1 14 5.5 -2 0 0 680
13 1 15 5.5 -2 0 0 614
13 1 16 1.5 -2 0 0 1048
13 1 17 5.5 -2 0 0 589
13 1 18 5.5 -2 0 0 640
13 1 19 5.5 -2 0 0 693
13 1 20 1.5 -2 0 0 645
13 1 21 5.5 -2 0 0 812
13 1 22 5.5 -2 0 0 725
13 1 23 5.5 -2 0 0 528
13 1 24 5.5 -2 0 0 613
13 1 25 5.5 -2 0 0 738
13 1 26 5.5 -2 0 0 635
13 1 27 5.5 -2 0 0 633
13 1 28 5.5 -2 0 0 616
13 1 29 5.5 -2 0 0 550
13 1 30 5.5 -2 0 0 511
13 1 31 5.5 -2 0 0 705
13 1 32 5.5 -2 0 0 621
13 1 33 5.5 -2 0 0 550
13 1 34 5.5 -2 0 0 596
13 1 35 5.5 -2 0 0 673
13 1 36 1.5 -2 0 0 553
13 1 37 5.5 -2 0 0 493
13 1 38 5.5 -2 0 0 609
13 1 39 5.5 -2 0 0 324
13 1 40 1.5 -2 0 0 396
13 1 41 5.5 -2 0 0 560
13 1 42 5.5 -2 0 0 508
13 1 43 5.5 -2 0 0 568
13 1 44 1.5 -2 0 0 567
13 1 45 5.5 -2 0 0 613
13 1 46 1.5 -2 0 0 587
13 1 47 5.5 -2 0 0 410
13 1 48 5.5 -2 0 0 588
13 1 49 5.5 -2 0 0 439
13 1 50 1.5 -2 0 0 571
13 1 51 5.5 -2 0 0 323
13 1 52 1.5 -2 0 0 491
13 1 53 1.5 -2 0 0 326
13 1 54 1.5 -2 0 0 516
13 1 55 1.5 -2 0 0 521
13 1 56 1.5 -2 0 0 328
13 1 57 1.5 -2 0 0 342
13 1 58 1.5 -2 0 0 472
13 1 59 1.5 -2 0 0 538
13 1 60 1.5 -2 0 0 349
13 1 61 1.5 -2 0 0 307
13 1 62 1.5 -2 0 0 509
13 1 63 1.5 -2 0 0 493
13 2 0 1.5 -2 0 0 731
13 2 1 1.5 -2 0 0 759
13 2 2 1.5 -2 0 0 632
13 2 3 1.5 -2 0 0 554
13 2 4 1.5 -2 0 0 608
13 2 5 1.5 -2 0 0 579
13 2 6 1.5 -2 0 0 612
13 2 7 1.5 -2 0 0 490
13 2 8 1.5 -2 0 0 637
13 2 9 1.5 -2 0 0 600
13 2 10 1.5 -2 0 0 518
13 2 11 1.5 -2 0 0 711
13 2 12 1.5 -2 0 0 567
13 2 13 1.5 -2 0 0 507
13 2 14 5.5 -2 0 0 767
13 2 15 5.5 -2 0 0 638
13 2 16 5.5 -2 0 0 531
13 2 17 1.5 -2 0 0 681
13 2 18 5.5 -2 0 0 561
13 2 19 1.5 -2 0 0 578
13 2 20 5.5 -2 0 0 634
13 2 21 1.5 -2 0 0 583
13 2 22 1.5 -2 0 0 530
13 2 23 1.5 -2 0 0 644
13 2 24 5.5 -2 0 0 630
13 2 25 1.5 -2 0 0 532
13 2 26 1.5 -2 0 0 727
13 2 27 5.5 -2 0 0 615
13 2 28 5.5 -2 0 0 615
13 2 29 1.5 -2 0 0 754
13 2 30 5.5 -2 0 0 590
13 2 31 1.5 -2 0 0 573
13 2 32 5.5 -2 0 0 541
13 2 33 1.5 -2 0 0 585
13 2 34 5.5 -2 0 0 819
13 2 35 5.5 -2 0 0 546
13 2 36 5.5 -2 0 0 626
13 2 37 5.5 -2 0 0 682
13 2 38 5.5 -2 0 0 660
13 2 39 5.5 -2 0 0 810
13 2 40 5.5 -2 0 0 670
13 2 41 5.5 -2 0 0 634
13 2 42 1.5 -2 0 0 652
13 2 43 1.5 -2 0 0 775
13 2 44 1.5 -2 0 0 584
13 2 45 1.5 -2 0 0 611
13 2 46 1.5 -2 0 0 793
13 2 47 5.5 -2 0 0 728
13 2 48 1.5 -2 0 0 725
13 2 49 1.5 -2 0 0 834
13 2 50 1.5 -2 0 0 620
13 2 51 1.5 -2 0 0 957
13 2 52 1.5 -2 0 0 770
13 2 53 1.5 -2 0 0 726
13 2 54 1.5 -2 0 0 698
13 2 55 1.5 -2 0 0 831
13 2 56 1.5 -2 0 0 844
13 2 57 1.5 -2 0 0 825
13 2 58 1.5 -2 0 0 686
13 2 59 1.5 -2 0 0 906
13 2 60 1.5 -2 0 0 704
13 2 61 1.5 -2 0 0 1084
13 2 62 1.5 -2 0 0 983
13 2 63 1.5 -2 0 0 771
13 3 0 1.5 -2 0 0 1463
13 3 1 1.5 -2 0 0 1469
13 3 2 1.5 -2 0 0 1513
13 3 3 1.5 -2 0 0 1709
13 3 4 1.5 -2 0 0 1200
13 3 5 1.5 -2 0 0 1439
13 3 6 1.5 -2 0 0 1667
13 3 7 1.5 -2 0 0 688
13 3 8 1.5 -2 0 0 1282
13 3 9 5.5 -2 0 0 2126
13 3 10 1.5 -2 0 0 2228
13 3 11 1.5 -2 0 0 1240
13 3 12 1.5 -2 0 0 1541
13 3 13 5.5 -2 0 0 1688
13 3 14 1.5 -2 0 0 1157
13 3 15 5.5 -2 0 0 1436
13 3 16 1.5 -2 0 0 2838
13 3 17 1.5 -2 0 0 1097
13 3 18 5.5 -2 0 0 1376
13 3 19 5.5 -2 0 0 1995
13 3 20 1.5 -2 0 0 1086
13 3 21 5.5 -2 0 0 1935
13 3 22 1.5 -2 0 0 1853
13 3 23 5.5 -2 0 0 1063
13 3 24 5.5 -2 0 0 1298
13 3 25 5.5 -2 0 0 720
13 3 26 5.5 -2 0 0 1035
13 3 27 5.5 -2 0 0 1330
13 3 28 5.5 -2 0 0 1475
13 3 29 5.5 -2 0 0 1056
13 3 30 5.5 -2 0 0 1158
13 3 31 5.5 -2 0 0 1595
13 3 32 5.5 -2 0 0 1311
13 3 33 5.5 -2 0 0 1163
13 3 34 1.5 -2 0 0 981
13 3 35 5.5 -2 0 0 1386
13 3 36 5.5 -2 0 0 1030
13 3 37 1.5 -2 0 0 1005
13 3 38 1.5 -2 0 0 1195
13 3 39 1.5 -2 0 0 899
13 3 40 1.5 -2 0 0 1035
13 3 41 5.5 -2 0 0 1160
13 3 42 1.5 -2 0 0 922
13 3 43 5.5 -2 0 0 909
13 3 44 5.5 -2 0 0 1003
13 3 45 1.5 -2 0 0 1087
13 3 46 1.5 -2 0 0 871
13 3 47 1.5 -2 0 0 1166
13 3 48 5.5 -2 0 0 1020
13 3 49 1.5 -2 0 0 831
13 3 50 1.5 -2 0 0 993
13 3 51 1.5 -2 0 0 763
13 3 52 1.5 -2 0 0 801
13 3 53 1.5 -2 0 0 944
13 3 54 1.5 -2 0 0 965
13 3 55 1.5 -2 0 0 776
13 3 56 1.5 -2 0 0 807
13 3 57 1.5 -2 0 0 835
13 3 58 1.5 -2 0 0 865
13 3 59 1.5 -2 0 0 883
13 3 60 1.5 -2 0 0 891
13 3 61 1.5 -2 0 0 873
13 3 62 1.5 -2 0 0 784
13 3 63 1.5 -2 0 0 814
13 4 0 5.5 -2 0 0 1360
13 4 1 5.5 -2 0 0 1067
13 4 2 5.5 -2 0 0 1006
13 4 3 1.5 -2 0 0 749
13 4 4 1.5 -2 0 0 884
13 4 5 5.5 -2 0 0 840
13 4 6 5.5 -2 0 0 879
13 4 7 5.5 -2 0 0 678
13 4 8 5.5 -2 0 0 921
13 4 9 1.5 -2 0 0 851
13 4 10 5.5 -2 0 0 802
13 4 11 5.5 -2 0 0 988
13 4 12 5.5 -2 0 0 841
13 4 13 5.5 -2 0 0 792
13 4 14 1.5 -2 0 0 1308
13 4 15 5.5 -2 0 0 765
13 4 16 5.5 -2 0 0 703
13 4 17 5.5 -2 0 0 1196
13 4 18 5.5 -2 0 0 898
13 4 19 5.5 -2 0 0 700
13 4 20 5.5 -2 0 0 892
13 4 21 5.5 -2 0 0 925
13 4 22 5.5 -2 0 0 720
13 4 23 5.5 -2 0 0 1122
13 4 24 5.5 -2 0 0 1056
13 4 25 5.5 -2 0 0 710
13 4 26 5.5 -2 0 0 1340
13 4 27 5.5 -2 0 0 768
13 4 28 5.5 -2 0 0 747
13 4 29 5.5 -2 0 0 1236
13 4 30 5.5 -2 0 0 825
13 4 31 5.5 -2 0 0 743
13 4 32 5.5 -2 0 0 807
13 4 33 5.5 -2 0 0 789
13 4 34 5.5 -2 0 0 1503
13 4 35 5.5 -2 0 0 778
13 4 36 5.5 -2 0 0 808
13 4 37 5.5 -2 0 0 1019
13 4 38 5.5 -2 0 0 754
13 4 39 5.5 -2 0 0 963
13 4 40 5.5 -2 0 0 944
13 4 41 5.5 -2 0 0 802
13 4 42 5.5 -2 0 0 892
13 4 43 5.5 -2 0 0 1253
13 4 44 5.5 -2 0 0 742
13 4 45 5.5 -2 0 0 819
13 4 46 5.5 -2 0 0 1511
13 4 47 5.5 -2 0 0 805
13 4 48 1.5 -2 0 0 877
13 4 49 5.5 -2 0 0 1137
13 4 50 5.5 -2 0 0 853
13 4 51 5.5 -2 0 0 1310
13 4 52 5.5 -2 0 0 1231
13 4 53 1.5 -2 0 0 897
13 4 54 1.5 -2 0 0 946
13 4 55 5.5 -2 0 0 1287
13 4 56 1.5 -2 0 0 1030
13 4 57 1.5 -2 0 0 1195
13 4 58 1.5 -2 0 0 948
13 4 59 1.5 -2 0 0 1529
13 4 60 1.5 -2 0 0 860
13 4 61 1.5 -2 0 0 1657
13 4 62 1.5 -2 0 0 1615
13 4 63 1.5 -2 0 0 1104
13 5 0 5.5 -2 0 0 1867
13 5 1 5.5 -2 0 0 1970
13 5 2 1.5 -2 0 0 2192
13 5 3 5.5 -2 0 0 2845
13 5 4 5.5 -2 0 0 2253
13 5 5 5.5 -2 0 0 2303
13 5 6 5.5 -2 0 0 2529
13 5 7 5.5 -2 0 0 4052
13 5 8 5.5 -2 0 0 2108
13 5 9 1.5 -2 0 0 3049
13 5 10 5.5 -2 0 0 3594
13 5 11 5.5 -2 0 0 1986
13 5 12 5.5 -2 0 0 2573
13 5 13 5.5 -2 0 0 3123
13 5 14 5.5 -2 0 0 1665
13 5 15 1.5 -2 0 0 2781
13 5 16 5.5 -2 0 0 4331
13 5 17 5.5 -2 0 0 1802
13 5 18 5.5 -2 0 0 2521
13 5 19 5.5 -2 0 0 3898
13 5 20 5.5 -2 0 0 2177
13 5 21 5.5 -2 0 0 2777
13 5 22 5.5 -2 0 0 3293
13 5 23 5.5 -2 0 0 1930
13 5 24 5.5 -2 0 0 1796
13 5 25 5.5 -2 0 0 3690
13 5 26 5.5 -2 0 0 1699
13 5 27 5.5 -2 0 0 2696
13 5 28 5.5 -2 0 0 3022
13 5 29 5.5 -2 0 0 1714
13 5 30 5.5 -2 0 0 2357
13 5 31 5.5 -2 0 0 3562
13 5 32 5.5 -2 0 0 2877
13 5 33 5.5 -2 0 0 2592
13 5 34 5.5 -2 0 0 1607
13 5 35 5.5 -2 0 0 3436
13 5 36 5.5 -2 0 0 2220
13 5 37 5.5 -2 0 0 1787
13 5 38 5.5 -2 0 0 3199
13 5 39 5.5 -2 0 0 2067
13 5 40 5.5 -2 0 0 2122
13 5 41 5.5 -2 0 0 2787
13 5 42 5.5 -2 0 0 2063
13 5 43 5.5 -2 0 0 1707
13 5 44 5.5 -2 0 0 2478
13 5 45 5.5 -2 0 0 2425
13 5 46 5.5 -2 0 0 1585
13 5 47 5.5 -2 0 0 2965
13 5 48 5.5 -2 0 0 2036
13 5 49 5.5 -2 0 0 1707
13 5 50 5.5 -2 0 0 2235
13 5 51 5.5 -2 0 0 1520
13 5 52 5.5 -2 0 0 1606
13 5 53 5.5 -2 0 0 2488
13 5 54 5.5 -2 0 0 2103
13 5 55 1.5 -2 0 0 1464
13 5 56 5.5 -2 0 0 1799
13 5 57 5.5 -2 0 0 1731
13 5 58 1.5 -2 0 0 1780
13 5 59 5.5 -2 0 0 1531
13 5 60 5.5 -2 0 0 2255
13 5 61 1.5 -2 0 0 1454
13 5 62 1.5 -2 0 0 1542
13 5 63 1.5 -2 0 0 1686
13 6 0 1.5 -2 0 0 1554
13 6 1 1.5 -2 0 0 1373
13 6 2 1.5 -2 0 0 1175
13 6 3 1.5 -2 0 0 826
13 6 4 1.5 -2 0 0 865
13 6 5 1.5 -2 0 0 905
13 6 6 5.5 -2 0 0 966
13 6 7 1.5 -2 0 0 756
13 6 8 1.5 -2 0 0 1016
13 6 9 1.5 -2 0 0 916
13 6 10 1.5 -2 0 0 781
13 6 11 1.5 -2 0 0 1026
13 6 12 1.5 -2 0 0 865
13 6 13 1.5 -2 0 0 772
13 6 14 1.5 -2 0 0 1465
13 6 15 1.5 -2 0 0 772
13 6 16 1.5 -2 0 0 797
13 6 17 1.5 -2 0 0 1266
13 6 18 1.5 -2 0 0 907
13 6 19 1.5 -2 0 0 639
13 6 20 1.5 -2 0 0 833
13 6 21 1.5 -2 0 0 1006
13 6 22 1.5 -2 0 0 741
13 6 23 1.5 -2 0 0 967
13 6 24 5.5 -2 0 0 1183
13 6 25 5.5 -2 0 0 736
13 6 26 5.5 -2 0 0 1434
13 6 27 1.5 -2 0 0 819
13 6 28 5.5 -2 0 0 689
13 6 29 1.5 -2 0 0 1086
13 6 30 1.5 -2 0 0 799
13 6 31 5.5 -2 0 0 738
13 6 32 5.5 -2 0 0 728
13 6 33 1.5 -2 0 0 807
13 6 34 5.5 -2 0 0 1414
13 6 35 5.5 -2 0 0 619
13 6 36 1.5 -2 0 0 777
13 6 37 5.5 -2 0 0 849
13 6 38 5.5 -2 0 0 631
13 6 39 1.5 -2 0 0 750
13 6 40 1.5 -2 0 0 915
13 6 41 5.5 -2 0 0 719
13 6 42 1.5 -2 0 0 857
13 6 43 1.5 -2 0 0 1033
13 6 44 1.5 -2 0 0 663
13 6 45 5.5 -2 0 0 781
13 6 46 1.5 -2 0 0 1234
13 6 47 1.5 -2 0 0 636
13 6 48 1.5 -2 0 0 761
13 6 49 1.5 -2 0 0 860
13 6 50 1.5 -2 0 0 691
13 6 51 1.5 -2 0 0 954
13 6 52 1.5 -2 0 0 957
13 6 53 1.5 -2 0 0 728
13 6 54 1.5 -2 0 0 730
13 6 55 1.5 -2 0 0 920
13 6 56 1.5 -2 0 0 818
13 6 57 1.5 -2 0 0 873
13 6 58 1.5 -2 0 0 798
13 6 59 1.5 -2 0 0 1174
13 6 60 1.5 -2 0 0 694
13 6 61 1.5 -2 0 0 1085
13 6 62 1.5 -2 0 0 1051
13 6 63 1.5 -2 0 0 862
13 7 0 1.5 -2 0 0 1075
13 7 1 1.5 -2 0 0 1069
13 7 2 1.5 -2 0 0 1316
13 7 3 1.5 -2 0 0 1706
13 7 4 1.5 -2 0 0 1560
13 7 5 1.5 -2 0 0 1418
13 7 6 1.5 -2 0 0 1298
13 7 7 1.5 -2 0 0 2215
13 7 8 1.5 -2 0 0 1207
13 7 9 1.5 -2 0 0 1677
13 7 10 1.5 -2 0 0 1836
13 7 11 1.5 -2 0 0 1318
13 7 12 1.5 -2 0 0 1483
13 7 13 1.5 -2 0 0 2075
13 7 14 1.5 -2 0 0 1096
13 7 15 1.5 -2 0 0 1903
13 7 16 1.5 -2 0 0 2266
13 7 17 1.5 -2 0 0 1111
13 7 18 5.5 -2 0 0 1588
13 7 19 1.5 -2 0 0 2821
13 7 20 1.5 -2 0 0 1660
13 7 21 1.5 -2 0 0 1563
13 7 22 1.5 -2 0 0 1820
13 7 23 1.5 -2 0 0 1526
13 7 24 5.5 -2 0 0 1111
13 7 25 1.5 -2 0 0 3014
13 7 26 5.5 -2 0 0 1159
13 7 27 1.5 -2 0 0 2051
13 7 28 5.5 -2 0 0 2171
13 7 29 1.5 -2 0 0 1310
13 7 30 1.5 -2 0 0 1744
13 7 31 5.5 -2 0 0 3103
13 7 32 5.5 -2 0 0 2222
13 7 33 1.5 -2 0 0 2099
13 7 34 1.5 -2 0 0 1189
13 7 35 5.5 -2 0 0 3436
13 7 36 5.5 -2 0 0 1962
13 7 37 5.5 -2 0 0 1550
13 7 38 5.5 -2 0 0 3488
13 7 39 1.5 -2 0 0 2339
13 7 40 1.5 -2 0 0 1701
13 7 41 1.5 -2 0 0 2458
13 7 42 1.5 -2 0 0 1831
13 7 43 1.5 -2 0 0 1376
13 7 44 0 -10 0 0 0
13 7 45 1.5 -2 0 0 2282
13 7 46 1.5 -2 0 0 1409
13 7 47 1.5 -2 0 0 3802
13 7 48 5.5 -2 0 0 1955
13 7 49 1.5 -2 0 0 1674
13 7 50 1.5 -2 0 0 2539
13 7 51 1.5 -2 0 0 1818
13 7 52 1.5 -2 0 0 1441
13 7 53 1.5 -2 0 0 3125
13 7 54 1.5 -2 0 0 2134
13 7 55 1.5 -2 0 0 1634
13 7 56 1.5 -2 0 0 2116
13 7 57 1.5 -2 0 0 1946
13 7 58 1.5 -2 0 0 1987
13 7 59 1.5 -2 0 0 1472
13 7 60 1.5 -2 0 0 2605
13 7 61 1.5 -2 0 0 1603
13 7 62 1.5 -2 0 0 1459
13 7 63 1.5 -2 0 0 1883
13 8 0 1.5 -2 0 0 588
13 8 1 1.5 -2 0 0 531
13 8 2 1.5 -2 0 0 462
13 8 3 1.5 -2 0 0 658
13 8 4 1.5 -2 0 0 723
13 8 5 1.5 -2 0 0 748
13 8 6 5.5 -2 0 0 411
13 8 7 1.5 -2 0 0 316
13 8 8 1.5 -2 0 0 741
13 8 9 1.5 -2 0 0 443
13 8 10 1.5 -2 0 0 485
13 8 11 1.5 -2 0 0 714
13 8 12 5.5 -2 0 0 677
13 8 13 5.5 -2 0 0 693
13 8 14 5.5 -2 0 0 819
13 8 15 1.5 -2 0 0 741
13 8 16 1.5 -2 0 0 321
13 8 17 5.5 -2 0 0 713
13 8 18 5.5 -2 0 0 680
13 8 19 5.5 -2 0 0 701
13 8 20 1.5 -2 0 0 714
13 8 21 5.5 -2 0 0 499
13 8 22 5.5 -2 0 0 611
13 8 23 5.5 -2 0 0 796
13 8 24 5.5 -2 0 0 749
13 8 25 1.5 -2 0 0 678
13 8 26 5.5 -2 0 0 858
13 8 27 5.5 -2 0 0 689
13 8 28 5.5 -2 0 0 744
13 8 29 5.5 -2 0 0 791
13 8 30 5.5 -2 0 0 657
13 8 31 5.5 -2 0 0 763
13 8 32 5.5 -2 0 0 808
13 8 33 5.5 -2 0 0 754
13 8 34 5.5 -2 0 0 906
13 8 35 5.5 -2 0 0 850
13 8 36 1.5 -2 0 0 769
13 8 37 5.5 -2 0 0 891
13 8 38 5.5 -2 0 0 877
13 8 39 5.5 -2 0 0 1084
13 8 40 5.5 -2 0 0 734
13 8 41 5.5 -2 0 0 868
13 8 42 5.5 -2 0 0 885
13 8 43 5.5 -2 0 0 862
13 8 44 5.5 -2 0 0 844
13 8 45 5.5 -2 0 0 847
13 8 46 1.5 -2 0 0 871
13 8 47 5.5 -2 0 0 1170
13 8 48 1.5 -2 0 0 882
13 8 49 1.5 -2 0 0 951
13 8 50 1.5 -2 0 0 908
13 8 51 1.5 -2 0 0 1089
13 8 52 1.5 -2 0 0 882
13 8 53 1.5 -2 0 0 1057
13 8 54 1.5 -2 0 0 893
13 8 55 1.5 -2 0 0 1017
13 8 56 1.5 -2 0 0 1116
13 8 57 1.5 -2 0 0 1084
13 8 58 1.5 -2 0 0 972
13 8 59 1.5 -2 0 0 1024
13 8 60 1.5 -2 0 0 1047
13 8 61 1.5 -2 0 0 1383
13 8 62 1.5 -2 0 0 1091
13 8 63 1.5 -2 0 0 1016
13 9 0 0 -10 0 0 0
13 9 1 0 -10 0 0 0
13 9 2 0 -10 0 0 0
13 9 3 0 -10 0 0 0
13 9 4 0 -10 0 0 0
13 9 5 0 -10 0 0 0
13 9 6 0 -10 0 0 0
13 9 7 0 -10 0 0 0
13 9 8 0 -10 0 0 0
13 9 9 0 -10 0 0 0
13 9 10 0 -10 0 0 0
13 9 11 0 -10 0 0 0
13 9 12 0 -10 0 0 0
13 9 13 0 -10 0 0 0
13 9 14 0 -10 0 0 0
13 9 15 0 -10 0 0 0
13 9 16 0 -10 0 0 0
13 9 17 0 -10 0 0 0
13 9 18 0 -10 0 0 0
13 9 19 0 -10 0 0 0
13 9 20 0 -10 0 0 0
13 9 21 0 -10 0 0 0
13 9 22 0 -10 0 0 0
13 9 23 0 -10 0 0 0
13 9 24 0 -10 0 0 0
13 9 25 0 -10 0 0 0
13 9 26 0 -10 0 0 0
13 9 27 0 -10 0 0 0
13 9 28 0 -10 0 0 0
13 9 29 0 -10 0 0 0
13 9 30 0 -10 0 0 0
13 9 31 0 -10 0 0 0
13 9 32 0 -10 0 0 0
13 9 33 0 -10 0 0 0
13 9 34 0 -10 0 0 0
13 9 35 0 -10 0 0 0
13 9 36 0 -10 0 0 0
13 9 37 0 -10 0 0 0
13 9 38 0 -10 0 0 0
13 9 39 0 -10 0 0 0
13 9 40 0 -10 0 0 0
13 9 41 0 -10 0 0 0
13 9 42 0 -10 0 0 0
13 9 43 0 -10 0 0 0
13 9 44 0 -10 0 0 0
13 9 45 0 -10 0 0 0
13 9 46 0 -10 0 0 0
13 9 47 0 -10 0 0 0
13 9 48 0 -10 0 0 0
13 9 49 0 -10 0 0 0
13 9 50 0 -10 0 0 0
13 9 51 0 -10 0 0 0
13 9 52 0 -10 0 0 0
13 9 53 0 -10 0 0 0
13 9 54 0 -10 0 0 0
13 9 55 0 -10 0 0 0
13 9 56 0 -10 0 0 0
13 9 57 0 -10 0 0 0
13 9 58 0 -10 0 0 0
13 9 59 0 -10 0 0 0
13 9 60 0 -10 0 0 0
13 9 61 0 -10 0 0 0
13 9 62 0 -10 0 0 0
13 9 63 0 -10 0 0 0
13 10 0 1.5 -2 0 0 1316
13 10 1 1.5 -2 0 0 1130
13 10 2 5.5 -2 0 0 1091
13 10 3 1.5 -2 0 0 1198
13 10 4 1.5 -2 0 0 1328
13 10 5 1.5 -2 0 0 1204
13 10 6 1.5 -2 0 0 1118
13 10 7 1.5 -2 0 0 978
13 10 8 1.5 -2 0 0 1143
13 10 9 5.5 -2 0 0 1226
13 10 10 5.5 -2 0 0 947
13 10 11 1.5 -2 0 0 1402
13 10 12 1.5 -2 0 0 1299
13 10 13 5.5 -2 0 0 1233
13 10 14 1.5 -2 0 0 1378
13 10 15 1.5 -2 0 0 1371
13 10 16 5.5 -2 0 0 1117
13 10 17 1.5 -2 0 0 1374
13 10 18 5.5 -2 0 0 1423
13 10 19 5.5 -2 0 0 1302
13 10 20 5.5 -2 0 0 1383
13 10 21 5.5 -2 0 0 1090
13 10 22 5.5 -2 0 0 1206
13 10 23 5.5 -2 0 0 1566
13 10 24 5.5 -2 0 0 1289
13 10 25 5.5 -2 0 0 1401
13 10 26 5.5 -2 0 0 1550
13 10 27 1.5 -2 0 0 1469
13 10 28 5.5 -2 0 0 1391
13 10 29 5.5 -2 0 0 1449
13 10 30 5.5 -2 0 0 1544
13 10 31 5.5 -2 0 0 1649
13 10 32 5.5 -2 0 0 1633
13 10 33 5.5 -2 0 0 1772
13 10 34 1.5 -2 0 0 1770
13 10 35 5.5 -2 0 0 1911
13 10 36 5.5 -2 0 0 1609
13 10 37 5.5 -2 0 0 1696
13 10 38 5.5 -2 0 0 1932
13 10 39 5.5 -2 0 0 2780
13 10 40 1.5 -2 0 0 1619
13 10 41 5.5 -2 0 0 1792
13 10 42 5.5 -2 0 0 1864
13 10 43 1.5 -2 0 0 1880
13 10 44 1.5 -2 0 0 1927
13 10 45 1.5 -2 0 0 1845
13 10 46 5.5 -2 0 0 2139
13 10 47 5.5 -2 0 0 2670
13 10 48 1.5 -2 0 0 1929
13 10 49 1.5 -2 0 0 2168
13 10 50 5.5 -2 0 0 2000
13 10 51 1.5 -2 0 0 3380
13 10 52 1.5 -2 0 0 1990
13 10 53 1.5 -2 0 0 2666
13 10 54 1.5 -2 0 0 2218
13 10 55 1.5 -2 0 0 2601
13 10 56 1.5 -2 0 0 3138
13 10 57 1.5 -2 0 0 2695
13 10 58 1.5 -2 0 0 2363
13 10 59 1.5 -2 0 0 2397
13 10 60 1.5 -2 0 0 2807
13 10 61 1.5 -2 0 0 3635
13 10 62 1.5 -2 0 0 2758
13 10 63 1.5 -2 0 0 2396
13 11 0 1.5 -2 0 0 3705
13 11 1 1.5 -2 0 0 3581
13 11 2 1.5 -2 0 0 3181
13 11 3 1.5 -2 0 0 2255
13 11 4 1.5 -2 0 0 2242
13 11 5 1.5 -2 0 0 2496
13 11 6 1.5 -2 0 0 3217
13 11 7 1.5 -2 0 0 2072
13 11 8 1.5 -2 0 0 2754
13 11 9 1.5 -2 0 0 2899
13 11 10 1.5 -2 0 0 2602
13 11 11 1.5 -2 0 0 2239
13 11 12 1.5 -2 0 0 2401
13 11 13 1.5 -2 0 0 1827
13 11 14 5.5 -2 0 0 2988
13 11 15 1.5 -2 0 0 2052
13 11 16 1.5 -2 0 0 2598
13 11 17 1.5 -2 0 0 2236
13 11 18 1.5 -2 0 0 2144
13 11 19 1.5 -2 0 0 1884
13 11 20 1.5 -2 0 0 1853
13 11 21 1.5 -2 0 0 2976
13 11 22 1.5 -2 0 0 2302
13 11 23 1.5 -2 0 0 2053
13 11 24 1.5 -2 0 0 2855
13 11 25 1.5 -2 0 0 1594
13 11 26 1.5 -2 0 0 2630
13 11 27 5.5 -2 0 0 1834
13 11 28 1.5 -2 0 0 1701
13 11 29 1.5 -2 0 0 2027
13 11 30 1.5 -2 0 0 1824
13 11 31 5.5 -2 0 0 1477
13 11 32 1.5 -2 0 0 1427
13 11 33 1.5 -2 0 0 1418
13 11 34 1.5 -2 0 0 2266
13 11 35 1.5 -2 0 0 1335
13 11 36 1.5 -2 0 0 1528
13 11 37 1.5 -2 0 0 1616
13 11 38 1.5 -2 0 0 1245
13 11 39 1.5 -2 0 0 1214
13 11 40 1.5 -2 0 0 1592
13 11 41 1.5 -2 0 0 1259
13 11 42 5.5 -2 0 0 1486
13 11 43 1.5 -2 0 0 1870
13 11 44 1.5 -2 0 0 1200
13 11 45 1.5 -2 0 0 1364
13 11 46 1.5 -2 0 0 1900
13 11 47 1.5 -2 0 0 1101
13 11 48 1.5 -2 0 0 1415
13 11 49 1.5 -2 0 0 1447
13 11 50 1.5 -2 0 0 1239
13 11 51 1.5 -2 0 0 1278
13 11 52 1.5 -2 0 0 1588
13 11 53 1.5 -2 0 0 1122
13 11 54 1.5 -2 0 0 1245
13 11 55 1.5 -2 0 0 1473
13 11 56 1.5 -2 0 0 1254
13 11 57 1.5 -2 0 0 1243
13 11 58 1.5 -2 0 0 1346
13 11 59 1.5 -2 0 0 1766
13 11 60 1.5 -2 0 0 1295
13 11 61 1.5 -2 0 0 1402
13 11 62 1.5 -2 0 0 1549
13 11 63 1.5 -2 0 0 1403
13 12 0 1.5 -2 0 0 4070
13 12 1 1.5 -2 0 0 3724
13 12 2 1.5 -2 0 0 3483
13 12 3 5.5 -2 0 0 3298
13 12 4 1.5 -2 0 0 3933
13 12 5 1.5 -2 0 0 3659
13 12 6 5.5 -2 0 0 3543
13 12 7 1.5 -2 0 0 2858
13 12 8 5.5 -2 0 0 3557
13 12 9 1.5 -2 0 0 3205
13 12 10 5.5 -2 0 0 3048
13 12 11 5.5 -2 0 0 4011
13 12 12 1.5 -2 0 0 3516
13 12 13 5.5 -2 0 0 3322
13 12 14 5.5 -2 0 0 4129
13 12 15 5.5 -2 0 0 3547
13 12 16 5.5 -2 0 0 2779
13 12 17 5.5 -2 0 0 4173
13 12 18 1.5 -2 0 0 3439
13 12 19 5.5 -2 0 0 2995
13 12 20 5.5 -2 0 0 4235
13 12 21 5.5 -2 0 0 3103
13 12 22 5.5 -2 0 0 3006
13 12 23 5.5 -2 0 0 4400
13 12 24 5.5 -2 0 0 3868
13 12 25 5.5 -2 0 0 3292
13 12 26 5.5 -2 0 0 4479
13 12 27 5.5 -2 0 0 3812
13 12 28 5.5 -2 0 0 3581
13 12 29 5.5 -2 0 0 4480
13 12 30 5.5 -2 0 0 3985
13 12 31 5.5 -2 0 0 3402
13 12 32 5.5 -2 0 0 3659
13 12 33 5.5 -2 0 0 4010
13 12 34 5.5 -2 0 0 4736
13 12 35 5.5 -2 0 0 3710
13 12 36 5.5 -2 0 0 4170
13 12 37 5.5 -2 0 0 4511
13 12 38 5.5 -2 0 0 3641
13 12 39 5.5 -2 0 0 4783
13 12 40 5.5 -2 0 0 4152
13 12 41 5.5 -2 0 0 3745
13 12 42 5.5 -2 0 0 4541
13 12 43 5.5 -2 0 0 4548
13 12 44 5.5 -2 0 0 3984
13 12 45 5.5 -2 0 0 4183
13 12 46 5.5 -2 0 0 4954
13 12 47 5.5 -2 0 0 4099
13 12 48 5.5 -2 0 0 4449
13 12 49 5.5 -2 0 0 4687
13 12 50 1.5 -2 0 0 4235
13 12 51 5.5 -2 0 0 5481
13 12 52 1.5 -2 0 0 4756
13 12 53 5.5 -2 0 0 3991
13 12 54 5.5 -2 0 0 4368
13 12 55 5.5 -2 0 0 5013
13 12 56 1.5 -2 0 0 5013
13 12 57 1.5 -2 0 0 4904
13 12 58 1.5 -2 0 0 4670
13 12 59 1.5 -2 0 0 5154
13 12 60 1.5 -2 0 0 4591
13 12 61 1.5 -2 0 0 6031
13 12 62 1.5 -2 0 0 5607
13 12 63 1.5 -2 0 0 5140
13 13 0 1.5 -2 0 0 6177
13 13 1 5.5 -2 0 0 5528
13 13 2 5.5 -2 0 0 5283
13 13 3 5.5 -2 0 0 4085
13 13 4 5.5 -2 0 0 4511
13 13 5 5.5 -2 0 0 4787
13 13 6 5.5 -2 0 0 5162
13 13 7 5.5 -2 0 0 3933
13 13 8 5.5 -2 0 0 5141
13 13 9 5.5 -2 0 0 4640
13 13 10 5.5 -2 0 0 4214
13 13 11 5.5 -2 0 0 4701
13 13 12 5.5 -2 0 0 4430
13 13 13 5.5 -2 0 0 3855
13 13 14 5.5 -2 0 0 5704
13 13 15 5.5 -2 0 0 4096
13 13 16 5.5 -2 0 0 4192
13 13 17 5.5 -2 0 0 4672
13 13 18 5.5 -2 0 0 4244
13 13 19 5.5 -2 0 0 3823
13 13 20 5.5 -2 0 0 4608
13 13 21 5.5 -2 0 0 4688
13 13 22 5.5 -2 0 0 3973
13 13 23 5.5 -2 0 0 4330
13 13 24 5.5 -2 0 0 5295
13 13 25 5.5 -2 0 0 3730
13 13 26 5.5 -2 0 0 5709
13 13 27 5.5 -2 0 0 3950
13 13 28 5.5 -2 0 0 3572
13 13 29 5.5 -2 0 0 4929
13 13 30 5.5 -2 0 0 4051
13 13 31 5.5 -2 0 0 3490
13 13 32 5.5 -2 0 0 3441
13 13 33 5.5 -2 0 0 3638
13 13 34 5.5 -2 0 0 5277
13 13 35 5.5 -2 0 0 3166
13 13 36 5.5 -2 0 0 3940
13 13 37 5.5 -2 0 0 4236
13 13 38 5.5 -2 0 0 3111
13 13 39 5.5 -2 0 0 3220
13 13 40 5.5 -2 0 0 3971
13 13 41 5.5 -2 0 0 3271
13 13 42 5.5 -2 0 0 3645
13 13 43 5.5 -2 0 0 4457
13 13 44 5.5 -2 0 0 2949
13 13 45 5.5 -2 0 0 3535
13 13 46 5.5 -2 0 0 4837
13 13 47 5.5 -2 0 0 2870
13 13 48 5.5 -2 0 0 3609
13 13 49 5.5 -2 0 0 3947
13 13 50 5.5 -2 0 0 3086
13 13 51 5.5 -2 0 0 3772
13 13 52 5.5 -2 0 0 4039
13 13 53 5.5 -2 0 0 2663
13 13 54 5.5 -2 0 0 3338
13 13 55 5.5 -2 0 0 3741
13 13 56 5.5 -2 0 0 3415
13 13 57 1.5 -2 0 0 3557
13 13 58 1.5 -2 0 0 3438
13 13 59 1.5 -2 0 0 4430
13 13 60 5.5 -2 0 0 3120
13 13 61 1.5 -2 0 0 4089
13 13 62 5.5 -2 0 0 4202
13 13 63 1.5 -2 0 0 3786
13 14 0 5.5 -2 0 0 6291
13 14 1 1.5 -2 0 0 5423
13 14 2 1.5 -2 0 0 5162
13 14 3 5.5 -2 0 0 4175
13 14 4 5.5 -2 0 0 4271
13 14 5 5.5 -2 0 0 4752
13 14 6 1.5 -2 0 0 5175
13 14 7 5.5 -2 0 0 3748
13 14 8 1.5 -2 0 0 4647
13 14 9 5.5 -2 0 0 4544
13 14 10 5.5 -2 0 0 4245
13 14 11 5.5 -2 0 0 4531
13 14 12 5.5 -2 0 0 4230
13 14 13 5.5 -2 0 0 3661
13 14 14 5.5 -2 0 0 5454
13 14 15 5.5 -2 0 0 3790
13 14 16 5.5 -2 0 0 4268
13 14 17 5.5 -2 0 0 4621
13 14 18 5.5 -2 0 0 4061
13 14 19 5.5 -2 0 0 3456
13 14 20 5.5 -2 0 0 4047
13 14 21 5.5 -2 0 0 4778
13 14 22 5.5 -2 0 0 3806
13 14 23 5.5 -2 0 0 4227
13 14 24 5.5 -2 0 0 5127
13 14 25 5.5 -2 0 0 3324
13 14 26 5.5 -2 0 0 5078
13 14 27 5.5 -2 0 0 3504
13 14 28 5.5 -2 0 0 3144
13 14 29 5.5 -2 0 0 4286
13 14 30 5.5 -2 0 0 3834
13 14 31 5.5 -2 0 0 2945
13 14 32 5.5 -2 0 0 3159
13 14 33 5.5 -2 0 0 3227
13 14 34 5.5 -2 0 0 4713
13 14 35 5.5 -2 0 0 2828
13 14 36 5.5 -2 0 0 3424
13 14 37 5.5 -2 0 0 3843
13 14 38 5.5 -2 0 0 2450
13 14 39 5.5 -2 0 0 2786
13 14 40 5.5 -2 0 0 3606
13 14 41 5.5 -2 0 0 2710
13 14 42 5.5 -2 0 0 3193
13 14 43 5.5 -2 0 0 4046
13 14 44 5.5 -2 0 0 2414
13 14 45 5.5 -2 0 0 2912
13 14 46 5.5 -2 0 0 4463
13 14 47 5.5 -2 0 0 2418
13 14 48 5.5 -2 0 0 3122
13 14 49 5.5 -2 0 0 3428
13 14 50 5.5 -2 0 0 2746
13 14 51 5.5 -2 0 0 3114
13 14 52 1.5 -2 0 0 3509
13 14 53 5.5 -2 0 0 2527
13 14 54 1.5 -2 0 0 2806
13 14 55 1.5 -2 0 0 3370
13 14 56 1.5 -2 0 0 2957
13 14 57 1.5 -2 0 0 3095
13 14 58 1.5 -2 0 0 3015
13 14 59 1.5 -2 0 0 4104
13 14 60 1.5 -2 0 0 2725
13 14 61 1.5 -2 0 0 3278
13 14 62 1.5 -2 0 0 3315
13 14 63 1.5 -2 0 0 2984
13 15 0 1.5 -2 0 0 3425
13 15 1 1.5 -2 0 0 3208
13 15 2 1.5 -2 0 0 3192
13 15 3 1.5 -2 0 0 2607
13 15 4 1.5 -2 0 0 3230
13 15 5 1.5 -2 0 0 3062
13 15 6 1.5 -2 0 0 2810
13 15 7 5.5 -2 0 0 2499
13 15 8 1.5 -2 0 0 3062
13 15 9 1.5 -2 0 0 2568
13 15 10 1.5 -2 0 0 2420
13 15 11 1.5 -2 0 0 3411
13 15 12 1.5 -2 0 0 2817
13 15 13 1.5 -2 0 0 2844
13 15 14 5.5 -2 0 0 3667
13 15 15 5.5 -2 0 0 3002
13 15 16 1.5 -2 0 0 2224
13 15 17 5.5 -2 0 0 3692
13 15 18 5.5 -2 0 0 3207
13 15 19 1.5 -2 0 0 2958
13 15 20 5.5 -2 0 0 3561
13 15 21 5.5 -2 0 0 2729
13 15 22 5.5 -2 0 0 2422
13 15 23 1.5 -2 0 0 3807
13 15 24 5.5 -2 0 0 3220
13 15 25 5.5 -2 0 0 2936
13 15 26 5.5 -2 0 0 3949
13 15 27 5.5 -2 0 0 3238
13 15 28 5.5 -2 0 0 3008
13 15 29 5.5 -2 0 0 3966
13 15 30 5.5 -2 0 0 3363
13 15 31 5.5 -2 0 0 3106
13 15 32 5.5 -2 0 0 3347
13 15 33 5.5 -2 0 0 3787
13 15 34 5.5 -2 0 0 4554
13 15 35 5.5 -2 0 0 3653
13 15 36 5.5 -2 0 0 3865
13 15 37 5.5 -2 0 0 4166
13 15 38 5.5 -2 0 0 3823
13 15 39 5.5 -2 0 0 5025
13 15 40 5.5 -2 0 0 4061
13 15 41 5.5 -2 0 0 3608
13 15 42 5.5 -2 0 0 4284
13 15 43 1.5 -2 0 0 4430
13 15 44 5.5 -2 0 0 3936
13 15 45 1.5 -2 0 0 3701
13 15 46 5.5 -2 0 0 4645
13 15 47 5.5 -2 0 0 4050
13 15 48 5.5 -2 0 0 4250
13 15 49 5.5 -2 0 0 4686
13 15 50 1.5 -2 0 0 4150
13 15 51 5.5 -2 0 0 5464
13 15 52 1.5 -2 0 0 4791
13 15 53 5.5 -2 0 0 4285
13 15 54 1.5 -2 0 0 4328
13 15 55 5.5 -2 0 0 5153
13 15 56 1.5 -2 0 0 5039
13 15 57 1.5 -2 0 0 5486
13 15 58 1.5 -2 0 0 4770
13 15 59 1.5 -2 0 0 5142
13 15 60 1.5 -2 0 0 4598
13 15 61 1.5 -2 0 0 6026
13 15 62 1.5 -2 0 0 5510
13 15 63 1.5 -2 0 0 4727
14 0 0 5.5 -2 0 0 383
14 0 1 5.5 -2 0 0 349
14 0 2 5.5 -2 0 0 307
14 0 3 5.5 -2 0 0 463
14 0 4 5.5 -2 0 0 499
14 0 5 5.5 -2 0 0 460
14 0 6 5.5 -2 0 0 267
14 0 7 5.5 -2 0 0 486
14 0 8 5.5 -2 0 0 515
14 0 9 5.5 -2 0 0 293
14 0 10 5.5 -2 0 0 285
14 0 11 5.5 -2 0 0 551
14 0 12 5.5 -2 0 0 493
14 0 13 9.5 -2 0 0 427
14 0 14 5.5 -2 0 0 576
14 0 15 5.5 -2 0 0 469
14 0 16 5.11239 -3 0 0 148
14 0 17 5.5 -2 0 0 576
14 0 18 5.42271 0.412792 0.1 0.163058 478
14 0 19 5.5 -2 0 0 477
14 0 20 5.5 -2 0 0 500
14 0 21 5.5 -2 0 0 322
14 0 22 5.5 -2 0 0 455
14 0 23 5.5 -2 0 0 530
14 0 24 5.5 -2 0 0 529
14 0 25 5.5 -2 0 0 545
14 0 26 5.5 -2 0 0 628
14 0 27 5.5 -2 0 0 498
14 0 28 5.5 -2 0 0 490
14 0 29 5.5 -2 0 0 546
14 0 30 5.5 -2 0 0 390
14 0 31 9.5 -2 0 0 543
14 0 32 9.5 -2 0 0 494
14 0 33 5.5 -2 0 0 517
14 0 34 5.5 -2 0 0 633
14 0 35 5.5 -2 0 0 486
14 0 36 5.5 -2 0 0 301
14 0 37 5.58715 0.412693 0.1 0.340112 616
14 0 38 5.5 -2 0 0 541
14 0 39 5.5 -2 0 0 677
14 0 40 5.5 -2 0 0 544
14 0 41 5.5 -2 0 0 555
14 0 42 5.5 -2 0 0 573
14 0 43 5.5 -2 0 0 603
14 0 44 5.5 -2 0 0 575
14 0 45 5.5 -2 0 0 540
14 0 46 5.45697 0.43857 0.1 0.265117 651
14 0 47 5.5 -2 0 0 629
14 0 48 5.5 -2 0 0 547
14 0 49 5.5 -2 0 0 655
14 0 50 5.5 -2 0 0 594
14 0 51 5.5 -2 0 0 778
14 0 52 5.5 -2 0 0 636
14 0 53 5.5 -2 0 0 607
14 0 54 5.5 -2 0 0 609
14 0 55 5.5 -2 0 0 693
14 0 56 5.5 -2 0 0 697
14 0 57 0 -10 0 0 0
14 0 58 5.5 -2 0 0 636
14 0 59 5.5 -2 0 0 725
14 0 60 5.5 -2 0 0 638
14 0 61 5.5 -2 0 0 836
14 0 62 5.5 -2 0 0 780
14 0 63 5.5 -2 0 0 669
14 1 0 1.5 -2 0 0 828
14 1 1 1.5 -2 0 0 809
14 1 2 1.5 -2 0 0 819
14 1 3 1.5 -2 0 0 703
14 1 4 5.5 -2 0 0 250
14 1 5 1.5 -2 0 0 739
14 1 6 1.5 -2 0 0 852
14 1 7 1.5 -2 0 0 957
14 1 8 1.5 -2 0 0 565
14 1 9 1.5 -2 0 0 845
14 1 10 1.5 -2 0 0 924
14 1 11 1.5 -2 0 0 732
14 1 12 1.5 -2 0 0 730
14 1 13 5.5 -2 0 0 779
14 1 14 1.5 -2 0 0 738
14 1 15 1.5 -2 0 0 670
14 1 16 1.5 -2 0 0 1067
14 1 17 1.5 -2 0 0 564
14 1 18 1.5 -2 0 0 652
14 1 19 1.5 -2 0 0 810
14 1 20 0 -10 0 0 180
14 1 21 1.5 -2 0 0 833
14 1 22 5.5 -2 0 0 838
14 1 23 5.5 -2 0 0 613
14 1 24 5.5 -2 0 0 639
14 1 25 5.5 -2 0 0 840
14 1 26 1.5 -2 0 0 701
14 1 27 1.5 -2 0 0 685
14 1 28 5.5 -2 0 0 634
14 1 29 1.5 -2 0 0 670
14 1 30 0 -10 0 0 162
14 1 31 5.5 -2 0 0 754
14 1 32 5.5 -2 0 0 680
14 1 33 1.5 -2 0 0 636
14 1 34 5.5 -2 0 0 585
14 1 35 5.5 -2 0 0 692
14 1 36 5.5 -2 0 0 524
14 1 37 5.5 -2 0 0 642
14 1 38 5.5 -2 0 0 700
14 1 39 1.5 -2 0 0 367
14 1 40 1.5 -2 0 0 645
14 1 41 1.5 -2 0 0 622
14 1 42 1.5 -2 0 0 613
14 1 43 1.5 -2 0 0 593
14 1 44 1.5 -2 0 0 601
14 1 45 1.5 -2 0 0 625
14 1 46 1.5 -2 0 0 574
14 1 47 1.5 -2 0 0 474
14 1 48 0 -10 0 0 4
14 1 49 1.5 -2 0 0 532
14 1 50 1.5 -2 0 0 611
14 1 51 1.5 -2 0 0 390
14 1 52 1.5 -2 0 0 511
14 1 53 1.5 -2 0 0 434
14 1 54 1.5 -2 0 0 618
14 1 55 1.5 -2 0 0 552
14 1 56 1.5 -2 0 0 370
14 1 57 1.5 -2 0 0 386
14 1 58 1.5 -2 0 0 573
14 1 59 1.5 -2 0 0 532
14 1 60 1.5 -2 0 0 363
14 1 61 1.5 -2 0 0 322
14 1 62 1.5 -2 0 0 637
14 1 63 1.5 -2 0 0 561
14 2 0 1.5 -2 0 0 905
14 2 1 5.5 -2 0 0 785
14 2 2 5.5 -2 0 0 747
14 2 3 5.5 -2 0 0 611
14 2 4 1.5 -2 0 0 680
14 2 5 5.5 -2 0 0 735
14 2 6 5.5 -2 0 0 710
14 2 7 1.5 -2 0 0 560
14 2 8 5.5 -2 0 0 686
14 2 9 5.5 -2 0 0 717
14 2 10 5.5 -2 0 0 616
14 2 11 1.5 -2 0 0 725
14 2 12 5.5 -2 0 0 654
14 2 13 5.5 -2 0 0 644
14 2 14 5.5 -2 0 0 1453
14 2 15 5.5 -2 0 0 698
14 2 16 5.5 -2 0 0 663
14 2 17 5.5 -2 0 0 788
14 2 18 5.5 -2 0 0 625
14 2 19 5.5 -2 0 0 628
14 2 20 5.5 -2 0 0 762
14 2 21 5.5 -2 0 0 695
14 2 22 5.5 -2 0 0 593
14 2 23 5.5 -2 0 0 427
14 2 24 0 -10 0 0 0
14 2 25 5.5 -2 0 0 620
14 2 26 5.5 -2 0 0 835
14 2 27 5.5 -2 0 0 686
14 2 28 5.5 -2 0 0 1234
14 2 29 5.5 -2 0 0 815
14 2 30 5.5 -2 0 0 274
14 2 31 5.5 -2 0 0 679
14 2 32 0 -10 0 0 4
14 2 33 5.5 -2 0 0 680
14 2 34 5.5 -2 0 0 936
14 2 35 0 -10 0 0 12
14 2 36 5.5 -2 0 0 733
14 2 37 5.5 -2 0 0 813
14 2 38 5.5 -2 0 0 764
14 2 39 5.5 -2 0 0 898
14 2 40 5.5 -2 0 0 239
14 2 41 5.5 -2 0 0 717
14 2 42 5.5 -2 0 0 771
14 2 43 5.5 -2 0 0 909
14 2 44 5.5 -2 0 0 715
14 2 45 5.5 -2 0 0 772
14 2 46 0 -10 0 0 0
14 2 47 5.5 -2 0 0 829
14 2 48 5.5 -2 0 0 774
14 2 49 1.5 -2 0 0 889
14 2 50 5.5 -2 0 0 740
14 2 51 5.5 -2 0 0 1140
14 2 52 1.5 -2 0 0 909
14 2 53 5.5 -2 0 0 847
14 2 54 5.5 -2 0 0 776
14 2 55 1.5 -2 0 0 964
14 2 56 1.5 -2 0 0 962
14 2 57 1.5 -2 0 0 984
14 2 58 5.5 -2 0 0 860
14 2 59 1.5 -2 0 0 2013
14 2 60 1.5 -2 0 0 826
14 2 61 1.5 -2 0 0 1341
14 2 62 1.5 -2 0 0 1171
14 2 63 1.5 -2 0 0 903
14 3 0 5.5 -2 0 0 1473
14 3 1 1.5 -2 0 0 1264
14 3 2 1.5 -2 0 0 1378
14 3 3 5.5 -2 0 0 1742
14 3 4 5.5 -2 0 0 1097
14 3 5 5.5 -2 0 0 1503
14 3 6 1.5 -2 0 0 1467
14 3 7 1.5 -2 0 0 2109
14 3 8 1.5 -2 0 0 1187
14 3 9 5.5 -2 0 0 2124
14 3 10 1.5 -2 0 0 2318
14 3 11 1.5 -2 0 0 1057
14 3 12 5.5 -2 0 0 1549
14 3 13 1.5 -2 0 0 1620
14 3 14 5.5 -2 0 0 1218
14 3 15 1.5 -2 0 0 1535
14 3 16 5.5 -2 0 0 2725
14 3 17 1.5 -2 0 0 1052
14 3 18 1.5 -2 0 0 1228
14 3 19 5.5 -2 0 0 2003
14 3 20 5.5 -2 0 0 234
14 3 21 5.5 -2 0 0 1928
14 3 22 5.5 -2 0 0 1888
14 3 23 5.5 -2 0 0 421
14 3 24 5.5 -2 0 0 1309
14 3 25 5.5 -2 0 0 1730
14 3 26 5.5 -2 0 0 979
14 3 27 5.5 -2 0 0 1197
14 3 28 5.5 -2 0 0 1517
14 3 29 1.5 -2 0 0 821
14 3 30 5.5 -2 0 0 458
14 3 31 5.5 -2 0 0 1391
14 3 32 1.5 -2 0 0 1214
14 3 33 5.5 -2 0 0 1218
14 3 34 5.5 -2 0 0 914
14 3 35 5.5 -2 0 0 1389
14 3 36 5.5 -2 0 0 880
14 3 37 1.5 -2 0 0 700
14 3 38 1.5 -2 0 0 1272
14 3 39 1.5 -2 0 0 770
14 3 40 5.5 -2 0 0 280
14 3 41 5.5 -2 0 0 1222
14 3 42 5.5 -2 0 0 981
14 3 43 5.5 -2 0 0 842
14 3 44 5.5 -2 0 0 1076
14 3 45 1.5 -2 0 0 934
14 3 46 1.5 -2 0 0 788
14 3 47 5.5 -2 0 0 1200
14 3 48 1.5 -2 0 0 790
14 3 49 1.5 -2 0 0 887
14 3 50 1.5 -2 0 0 1026
14 3 51 1.5 -2 0 0 637
14 3 52 1.5 -2 0 0 866
14 3 53 1.5 -2 0 0 953
14 3 54 1.5 -2 0 0 985
14 3 55 1.5 -2 0 0 645
14 3 56 1.5 -2 0 0 695
14 3 57 1.5 -2 0 0 743
14 3 58 1.5 -2 0 0 923
14 3 59 1.5 -2 0 0 856
14 3 60 1.5 -2 0 0 968
14 3 61 1.5 -2 0 0 673
14 3 62 1.5 -2 0 0 686
14 3 63 1.5 -2 0 0 709
14 4 0 1.5 -2 0 0 1378
14 4 1 1.5 -2 0 0 1146
14 4 2 1.5 -2 0 0 1043
14 4 3 5.5 -2 0 0 834
14 4 4 1.5 -2 0 0 936
14 4 5 5.5 -2 0 0 905
14 4 6 1.5 -2 0 0 935
14 4 7 5.5 -2 0 0 795
14 4 8 1.5 -2 0 0 1014
14 4 9 5.5 -2 0 0 866
14 4 10 1.5 -2 0 0 761
14 4 11 1.5 -2 0 0 1038
14 4 12 5.5 -2 0 0 836
14 4 13 1.5 -2 0 0 809
14 4 14 5.5 -2 0 0 1400
14 4 15 1.5 -2 0 0 740
14 4 16 5.5 -2 0 0 757
14 4 17 5.5 -2 0 0 1235
14 4 18 5.5 -2 0 0 892
14 4 19 5.5 -2 0 0 781
14 4 20 1.5 -2 0 0 488
14 4 21 5.5 -2 0 0 931
14 4 22 5.5 -2 0 0 809
14 4 23 5.5 -2 0 0 1095
14 4 24 1.5 -2 0 0 1097
14 4 25 5.5 -2 0 0 785
14 4 26 5.5 -2 0 0 1496
14 4 27 5.5 -2 0 0 814
14 4 28 5.5 -2 0 0 756
14 4 29 5.5 -2 0 0 1269
14 4 30 5.5 -2 0 0 855
14 4 31 5.5 -2 0 0 810
14 4 32 5.5 -2 0 0 847
14 4 33 5.5 -2 0 0 831
14 4 34 5.5 -2 0 0 1541
14 4 35 5.5 -2 0 0 820
14 4 36 5.5 -2 0 0 863
14 4 37 5.5 -2 0 0 1075
14 4 38 5.5 -2 0 0 786
14 4 39 1.5 -2 0 0 1003
14 4 40 1.5 -2 0 0 682
14 4 41 5.5 -2 0 0 853
14 4 42 5.5 -2 0 0 886
14 4 43 5.5 -2 0 0 1265
14 4 44 5.5 -2 0 0 827
14 4 45 1.5 -2 0 0 873
14 4 46 5.5 -2 0 0 1544
14 4 47 1.5 -2 0 0 846
14 4 48 1.5 -2 0 0 952
14 4 49 1.5 -2 0 0 1168
14 4 50 5.5 -2 0 0 873
14 4 51 1.5 -2 0 0 1454
14 4 52 1.5 -2 0 0 1320
14 4 53 1.5 -2 0 0 978
14 4 54 1.5 -2 0 0 951
14 4 55 1.5 -2 0 0 1309
14 4 56 1.5 -2 0 0 1075
14 4 57 1.5 -2 0 0 1203
14 4 58 1.5 -2 0 0 1014
14 4 59 1.5 -2 0 0 1581
14 4 60 1.5 -2 0 0 889
14 4 61 1.5 -2 0 0 1793
14 4 62 1.5 -2 0 0 1695
14 4 63 1.5 -2 0 0 1168
14 5 0 5.5 -2 0 0 1819
14 5 1 5.5 -2 0 0 1984
14 5 2 5.5 -2 0 0 2188
14 5 3 5.5 -2 0 0 2829
14 5 4 5.5 -2 0 0 2162
14 5 5 5.5 -2 0 0 2293
14 5 6 5.5 -2 0 0 2485
14 5 7 5.5 -2 0 0 3950
14 5 8 5.5 -2 0 0 2068
14 5 9 5.5 -2 0 0 2793
14 5 10 5.5 -2 0 0 3601
14 5 11 5.5 -2 0 0 1942
14 5 12 5.5 -2 0 0 2633
14 5 13 5.5 -2 0 0 3112
14 5 14 5.5 -2 0 0 1734
14 5 15 5.5 -2 0 0 2804
14 5 16 5.5 -2 0 0 4259
14 5 17 5.5 -2 0 0 1668
14 5 18 5.5 -2 0 0 2128
14 5 19 5.5 -2 0 0 3777
14 5 20 5.5 -2 0 0 2221
14 5 21 5.5 -2 0 0 2813
14 5 22 5.5 -2 0 0 3372
14 5 23 5.5 -2 0 0 1939
14 5 24 5.5 -2 0 0 1794
14 5 25 5.5 -2 0 0 3538
14 5 26 5.5 -2 0 0 1703
14 5 27 5.5 -2 0 0 2554
14 5 28 5.5 -2 0 0 2968
14 5 29 5.5 -2 0 0 1744
14 5 30 5.5 -2 0 0 2419
14 5 31 5.5 -2 0 0 2850
14 5 32 5.5 -2 0 0 2904
14 5 33 5.5 -2 0 0 2559
14 5 34 5.5 -2 0 0 1651
14 5 35 5.5 -2 0 0 3265
14 5 36 5.5 -2 0 0 890
14 5 37 5.5 -2 0 0 1243
14 5 38 5.5 -2 0 0 2869
14 5 39 5.5 -2 0 0 1989
14 5 40 5.5 -2 0 0 2081
14 5 41 5.5 -2 0 0 2736
14 5 42 5.5 -2 0 0 1941
14 5 43 5.5 -2 0 0 1689
14 5 44 5.5 -2 0 0 2499
14 5 45 5.5 -2 0 0 2430
14 5 46 5.5 -2 0 0 1566
14 5 47 5.5 -2 0 0 2486
14 5 48 5.5 -2 0 0 2177
14 5 49 5.5 -2 0 0 1752
14 5 50 5.5 -2 0 0 2275
14 5 51 5.5 -2 0 0 1321
14 5 52 5.5 -2 0 0 1574
14 5 53 5.5 -2 0 0 2213
14 5 54 1.5 -2 0 0 1723
14 5 55 1.5 -2 0 0 1252
14 5 56 5.5 -2 0 0 1786
14 5 57 5.5 -2 0 0 1685
14 5 58 1.5 -2 0 0 1857
14 5 59 5.5 -2 0 0 1531
14 5 60 1.5 -2 0 0 1700
14 5 61 1.5 -2 0 0 1421
14 5 62 1.5 -2 0 0 1270
14 5 63 1.5 -2 0 0 1196
14 6 0 1.5 -2 0 0 1725
14 6 1 1.5 -2 0 0 1425
14 6 2 1.5 -2 0 0 1239
14 6 3 1.5 -2 0 0 891
14 6 4 1.5 -2 0 0 947
14 6 5 1.5 -2 0 0 962
14 6 6 5.5 -2 0 0 1071
14 6 7 1.5 -2 0 0 838
14 6 8 1.5 -2 0 0 1052
14 6 9 5.5 -2 0 0 957
14 6 10 5.5 -2 0 0 855
14 6 11 5.5 -2 0 0 1082
14 6 12 1.5 -2 0 0 895
14 6 13 1.5 -2 0 0 829
14 6 14 1.5 -2 0 0 1522
14 6 15 5.5 -2 0 0 862
14 6 16 1.5 -2 0 0 862
14 6 17 1.5 -2 0 0 1263
14 6 18 5.5 -2 0 0 866
14 6 19 1.5 -2 0 0 709
14 6 20 5.5 -2 0 0 918
14 6 21 1.5 -2 0 0 1038
14 6 22 1.5 -2 0 0 770
14 6 23 1.5 -2 0 0 951
14 6 24 1.5 -2 0 0 1248
14 6 25 5.5 -2 0 0 769
14 6 26 1.5 -2 0 0 1528
14 6 27 5.5 -2 0 0 843
14 6 28 5.5 -2 0 0 758
14 6 29 1.5 -2 0 0 1083
14 6 30 1.5 -2 0 0 401
14 6 31 5.5 -2 0 0 813
14 6 32 5.5 -2 0 0 762
14 6 33 5.5 -2 0 0 857
14 6 34 5.5 -2 0 0 1471
14 6 35 6.41471 0.401933 0.306367 0.0428731 674
14 6 36 5.5 -2 0 0 325
14 6 37 5.5 -2 0 0 931
14 6 38 5.5 -2 0 0 682
14 6 39 5.5 -2 0 0 785
14 6 40 5.5 -2 0 0 946
14 6 41 5.5 -2 0 0 762
14 6 42 5.5 -2 0 0 869
14 6 43 1.5 -2 0 0 1125
14 6 44 1.5 -2 0 0 727
14 6 45 5.5 -2 0 0 792
14 6 46 1.5 -2 0 0 1328
14 6 47 5.5 -2 0 0 697
14 6 48 1.5 -2 0 0 798
14 6 49 1.5 -2 0 0 882
14 6 50 5.5 -2 0 0 693
14 6 51 1.5 -2 0 0 1015
14 6 52 1.5 -2 0 0 1010
14 6 53 1.5 -2 0 0 749
14 6 54 1.5 -2 0 0 789
14 6 55 1.5 -2 0 0 944
14 6 56 1.5 -2 0 0 822
14 6 57 1.5 -2 0 0 946
14 6 58 1.5 -2 0 0 894
14 6 59 1.5 -2 0 0 1214
14 6 60 1.5 -2 0 0 770
14 6 61 1.5 -2 0 0 1076
14 6 62 1.5 -2 0 0 1109
14 6 63 1.5 -2 0 0 889
14 7 0 1.5 -2 0 0 1255
14 7 1 1.5 -2 0 0 1219
14 7 2 1.5 -2 0 0 1383
14 7 3 1.5 -2 0 0 1930
14 7 4 1.5 -2 0 0 1690
14 7 5 1.5 -2 0 0 1559
14 7 6 1.5 -2 0 0 1478
14 7 7 1.5 -2 0 0 2558
14 7 8 1.5 -2 0 0 1419
14 7 9 1.5 -2 0 0 1813
14 7 10 1.5 -2 0 0 2070
14 7 11 1.5 -2 0 0 1511
14 7 12 1.5 -2 0 0 1661
14 7 13 5.5 -2 0 0 2429
14 7 14 1.5 -2 0 0 1247
14 7 15 1.5 -2 0 0 2118
14 7 16 1.5 -2 0 0 2498
14 7 17 1.5 -2 0 0 1303
14 7 18 1.5 -2 0 0 1897
14 7 19 1.5 -2 0 0 2824
14 7 20 1.5 -2 0 0 716
14 7 21 1.5 -2 0 0 1702
14 7 22 5.5 -2 0 0 2273
14 7 23 5.5 -2 0 0 1701
14 7 24 1.5 -2 0 0 1271
14 7 25 5.5 -2 0 0 3130
14 7 26 1.5 -2 0 0 1344
14 7 27 1.5 -2 0 0 2199
14 7 28 1.5 -2 0 0 2626
14 7 29 1.5 -2 0 0 1498
14 7 30 5.5 -2 0 0 2045
14 7 31 1.5 -2 0 0 3295
14 7 32 1.5 -2 0 0 2587
14 7 33 5.5 -2 0 0 2358
14 7 34 5.5 -2 0 0 1405
14 7 35 5.5 -2 0 0 3661
14 7 36 1.5 -2 0 0 2238
14 7 37 1.5 -2 0 0 1747
14 7 38 5.5 -2 0 0 3881
14 7 39 1.5 -2 0 0 2684
14 7 40 1.5 -2 0 0 2001
14 7 41 5.5 -2 0 0 2855
14 7 42 1.5 -2 0 0 2033
14 7 43 1.5 -2 0 0 1613
14 7 44 1.5 -2 0 0 3225
14 7 45 5.5 -2 0 0 2547
14 7 46 5.5 -2 0 0 1549
14 7 47 1.5 -2 0 0 4124
14 7 48 1.5 -2 0 0 2379
14 7 49 1.5 -2 0 0 1938
14 7 50 5.5 -2 0 0 2835
14 7 51 1.5 -2 0 0 2037
14 7 52 1.5 -2 0 0 1701
14 7 53 1.5 -2 0 0 3390
14 7 54 1.5 -2 0 0 2488
14 7 55 1.5 -2 0 0 1745
14 7 56 1.5 -2 0 0 2436
14 7 57 1.5 -2 0 0 2188
14 7 58 1.5 -2 0 0 2270
14 7 59 1.5 -2 0 0 1617
14 7 60 1.5 -2 0 0 3096
14 7 61 1.5 -2 0 0 1811
14 7 62 1.5 -2 0 0 1647
14 7 63 1.5 -2 0 0 2062
14 8 0 1.5 -2 0 0 572
14 8 1 1.5 -2 0 0 507
14 8 2 1.5 -2 0 0 509
14 8 3 1.5 -2 0 0 627
14 8 4 1.5 -2 0 0 784
14 8 5 1.5 -2 0 0 658
14 8 6 5.5 -2 0 0 500
14 8 7 1.5 -2 0 0 652
14 8 8 1.5 -2 0 0 753
14 8 9 5.5 -2 0 0 471
14 8 10 5.5 -2 0 0 449
14 8 11 1.5 -2 0 0 677
14 8 12 1.5 -2 0 0 658
14 8 13 1.5 -2 0 0 719
14 8 14 1.5 -2 0 0 775
14 8 15 1.5 -2 0 0 707
14 8 16 5.5 -2 0 0 461
14 8 17 1.5 -2 0 0 692
14 8 18 5.5 -2 0 0 680
14 8 19 1.5 -2 0 0 706
14 8 20 5.5 -2 0 0 233
14 8 21 5.5 -2 0 0 480
14 8 22 5.5 -2 0 0 703
14 8 23 5.5 -2 0 0 851
14 8 24 5.5 -2 0 0 733
14 8 25 5.5 -2 0 0 696
14 8 26 5.5 -2 0 0 915
14 8 27 5.5 -2 0 0 719
14 8 28 5.5 -2 0 0 778
14 8 29 1.5 -2 0 0 840
14 8 30 0 -10 0 0 190
14 8 31 5.5 -2 0 0 815
14 8 32 1.5 -2 0 0 830
14 8 33 5.5 -2 0 0 827
14 8 34 1.5 -2 0 0 855
14 8 35 5.5 -2 0 0 853
14 8 36 0 -10 0 0 128
14 8 37 1.5 -2 0 0 898
14 8 38 5.5 -2 0 0 962
14 8 39 5.5 -2 0 0 1063
14 8 40 0 -10 0 0 188
14 8 41 1.5 -2 0 0 895
14 8 42 1.5 -2 0 0 715
14 8 43 1.5 -2 0 0 936
14 8 44 1.5 -2 0 0 877
14 8 45 1.5 -2 0 0 836
14 8 46 1.5 -2 0 0 780
14 8 47 5.5 -2 0 0 1181
14 8 48 5.5 -2 0 0 942
14 8 49 1.5 -2 0 0 938
14 8 50 1.5 -2 0 0 812
14 8 51 1.5 -2 0 0 1104
14 8 52 5.5 -2 0 0 924
14 8 53 1.5 -2 0 0 1017
14 8 54 1.5 -2 0 0 1020
14 8 55 1.5 -2 0 0 1069
14 8 56 1.5 -2 0 0 1177
14 8 57 1.5 -2 0 0 1142
14 8 58 1.5 -2 0 0 995
14 8 59 1.5 -2 0 0 1050
14 8 60 1.5 -2 0 0 1142
14 8 61 1.5 -2 0 0 1291
14 8 62 1.5 -2 0 0 1225
14 8 63 1.5 -2 0 0 1069
14 9 0 1.5 -2 0 0 1333
14 9 1 1.5 -2 0 0 1303
14 9 2 1.5 -2 0 0 1294
14 9 3 1.5 -2 0 0 987
14 9 4 1.5 -2 0 0 897
14 9 5 1.5 -2 0 0 1048
14 9 6 1.5 -2 0 0 1276
14 9 7 1.5 -2 0 0 407
14 9 8 5.5 -2 0 0 1146
14 9 9 5.5 -2 0 0 1192
14 9 10 5.5 -2 0 0 1158
14 9 11 5.5 -2 0 0 982
14 9 12 5.5 -2 0 0 1014
14 9 13 1.5 -2 0 0 849
14 9 14 5.5 -2 0 0 1070
14 9 15 5.5 -2 0 0 964
14 9 16 5.5 -2 0 0 751
14 9 17 5.5 -2 0 0 1032
14 9 18 5.5 -2 0 0 911
14 9 19 1.5 -2 0 0 286
14 9 20 5.5 -2 0 0 870
14 9 21 1.5 -2 0 0 1135
14 9 22 5.5 -2 0 0 916
14 9 23 5.5 -2 0 0 322
14 9 24 5.5 -2 0 0 1120
14 9 25 5.5 -2 0 0 825
14 9 26 5.5 -2 0 0 1044
14 9 27 5.5 -2 0 0 560
14 9 28 5.5 -2 0 0 861
14 9 29 5.5 -2 0 0 919
14 9 30 5.5 -2 0 0 241
14 9 31 5.5 -2 0 0 837
14 9 32 1.5 -2 0 0 713
14 9 33 5.5 -2 0 0 777
14 9 34 1.5 -2 0 0 944
14 9 35 5.5 -2 0 0 797
14 9 36 0 -10 0 0 135
14 9 37 5.5 -2 0 0 239
14 9 38 5.5 -2 0 0 759
14 9 39 5.5 -2 0 0 500
14 9 40 5.5 -2 0 0 343
14 9 41 5.5 -2 0 0 707
14 9 42 1.5 -2 0 0 704
14 9 43 5.5 -2 0 0 874
14 9 44 1.5 -2 0 0 709
14 9 45 1.5 -2 0 0 731
14 9 46 5.5 -2 0 0 942
14 9 47 5.5 -2 0 0 528
14 9 48 1.5 -2 0 0 686
14 9 49 1.5 -2 0 0 735
14 9 50 1.5 -2 0 0 724
14 9 51 5.5 -2 0 0 515
14 9 52 5.5 -2 0 0 854
14 9 53 1.5 -2 0 0 504
14 9 54 1.5 -2 0 0 713
14 9 55 1.5 -2 0 0 746
14 9 56 1.5 -2 0 0 485
14 9 57 1.5 -2 0 0 499
14 9 58 1.5 -2 0 0 731
14 9 59 1.5 -2 0 0 851
14 9 60 1.5 -2 0 0 448
14 9 61 1.5 -2 0 0 572
14 9 62 1.5 -2 0 0 790
14 9 63 1.5 -2 0 0 742
14 10 0 5.5 -2 0 0 1546
14 10 1 5.5 -2 0 0 1344
14 10 2 5.5 -2 0 0 1342
14 10 3 5.5 -2 0 0 1287
14 10 4 5.5 -2 0 0 1569
14 10 5 5.5 -2 0 0 1384
14 10 6 5.91242 0.537804 0.469218 0.0854627 1349
14 10 7 5.5 -2 0 0 1211
14 10 8 5.5 -2 0 0 1420
14 10 9 5.5 -2 0 0 1267
14 10 10 5.9363 0.565855 0.544802 0.102717 1209
14 10 11 5.5 -2 0 0 1559
14 10 12 5.5 -2 0 0 1273
14 10 13 5.5 -2 0 0 1385
14 10 14 5.5 -2 0 0 1631
14 10 15 5.5 -2 0 0 1444
14 10 16 5.49182 0.541603 0.461517 0.0582701 1161
14 10 17 5.5 -2 0 0 1583
14 10 18 5.5 -2 0 0 1411
14 10 19 5.5 -2 0 0 1405
14 10 20 5.5 -2 0 0 1327
14 10 21 5.75877 0.538165 0.411036 0.0559222 1262
14 10 22 5.5 -2 0 0 1279
14 10 23 6.08575 0.56828 0.530548 0.0983488 1907
14 10 24 5.5 -2 0 0 1423
14 10 25 5.9483 0.592058 0.295304 0.0906049 1530
14 10 26 5.5 -2 0 0 1811
14 10 27 5.5 -2 0 0 1582
14 10 28 5.5 -2 0 0 1522
14 10 29 5.65755 0.547424 0.409915 0.0553703 1694
14 10 30 5.5 -2 0 0 1103
14 10 31 5.5 -2 0 0 1728
14 10 32 5.65485 0.545498 0.394473 0.0375669 1723
14 10 33 5.5 -2 0 0 1894
14 10 34 5.5 -2 0 0 1881
14 10 35 5.5 -2 0 0 1998
14 10 36 5.5 -2 0 0 1266
14 10 37 5.5 -2 0 0 1572
14 10 38 5.5 -2 0 0 2266
14 10 39 5.5 -2 0 0 2952
14 10 40 5.5 -2 0 0 1343
14 10 41 5.5 -2 0 0 1996
14 10 42 5.5 -2 0 0 2069
14 10 43 5.5 -2 0 0 2032
14 10 44 5.5 -2 0 0 2279
14 10 45 5.5 -2 0 0 2002
14 10 46 5.5 -2 0 0 2120
14 10 47 5.5 -2 0 0 2711
14 10 48 5.5 -2 0 0 2228
14 10 49 5.5 -2 0 0 2348
14 10 50 5.5 -2 0 0 2282
14 10 51 5.5 -2 0 0 3463
14 10 52 5.5 -2 0 0 2453
14 10 53 5.5 -2 0 0 2768
14 10 54 5.5 -2 0 0 2444
14 10 55 5.5 -2 0 0 2632
14 10 56 5.5 -2 0 0 3197
14 10 57 5.5 -2 0 0 3348
14 10 58 5.5 -2 0 0 2597
14 10 59 5.5 -2 0 0 2540
14 10 60 5.5 -2 0 0 2922
14 10 61 5.5 -2 0 0 3854
14 10 62 5.5 -2 0 0 3047
14 10 63 5.5 -2 0 0 2536
14 11 0 5.5 -2 0 0 3868
14 11 1 5.5 -2 0 0 3531
14 11 2 5.5 -2 0 0 3465
14 11 3 5.5 -2 0 0 2349
14 11 4 5.5 -2 0 0 2301
14 11 5 5.5 -2 0 0 2546
14 11 6 5.5 -2 0 0 3292
14 11 7 5.5 -2 0 0 2186
14 11 8 5.5 -2 0 0 2811
14 11 9 5.5 -2 0 0 2971
14 11 10 5.5 -2 0 0 2831
14 11 11 5.5 -2 0 0 2318
14 11 12 5.5 -2 0 0 2502
14 11 13 5.5 -2 0 0 1920
14 11 14 5.5 -2 0 0 2958
14 11 15 5.5 -2 0 0 2030
14 11 16 5.5 -2 0 0 2727
14 11 17 5.5 -2 0 0 2297
14 11 18 5.5 -2 0 0 2206
14 11 19 5.5 -2 0 0 1859
14 11 20 5.5 -2 0 0 1038
14 11 21 5.5 -2 0 0 3156
14 11 22 5.5 -2 0 0 2263
14 11 23 5.5 -2 0 0 2142
14 11 24 5.5 -2 0 0 2869
14 11 25 5.5 -2 0 0 1644
14 11 26 5.5 -2 0 0 2632
14 11 27 5.5 -2 0 0 1744
14 11 28 5.5 -2 0 0 1708
14 11 29 5.5 -2 0 0 2107
14 11 30 5.5 -2 0 0 1488
14 11 31 5.5 -2 0 0 1497
14 11 32 5.5 -2 0 0 1453
14 11 33 5.5 -2 0 0 1553
14 11 34 5.5 -2 0 0 2347
14 11 35 5.5 -2 0 0 1388
14 11 36 5.5 -2 0 0 884
14 11 37 5.5 -2 0 0 1780
14 11 38 5.5 -2 0 0 1276
14 11 39 5.5 -2 0 0 1268
14 11 40 5.5 -2 0 0 917
14 11 41 5.5 -2 0 0 1364
14 11 42 5.5 -2 0 0 1461
14 11 43 5.5 -2 0 0 1864
14 11 44 5.5 -2 0 0 1227
14 11 45 5.5 -2 0 0 1417
14 11 46 5.5 -2 0 0 2008
14 11 47 1.5 -2 0 0 1068
14 11 48 5.5 -2 0 0 1355
14 11 49 5.5 -2 0 0 1570
14 11 50 5.5 -2 0 0 1322
14 11 51 5.5 -2 0 0 1367
14 11 52 5.5 -2 0 0 1618
14 11 53 1.5 -2 0 0 1233
14 11 54 1.5 -2 0 0 1255
14 11 55 5.5 -2 0 0 1483
14 11 56 5.5 -2 0 0 1283
14 11 57 5.5 -2 0 0 1287
14 11 58 1.5 -2 0 0 1347
14 11 59 5.5 -2 0 0 1832
14 11 60 1.5 -2 0 0 1302
14 11 61 1.5 -2 0 0 1489
14 11 62 1.5 -2 0 0 1561
14 11 63 1.5 -2 0 0 1432
14 12 0 5.5 -2 0 0 4167
14 12 1 5.5 -2 0 0 3737
14 12 2 5.5 -2 0 0 3702
14 12 3 5.5 -2 0 0 3384
14 12 4 5.5 -2 0 0 4042
14 12 5 5.5 -2 0 0 3828
14 12 6 5.5 -2 0 0 3636
14 12 7 5.5 -2 0 0 3131
14 12 8 5.5 -2 0 0 3725
14 12 9 5.5 -2 0 0 3241
14 12 10 5.5 -2 0 0 3152
14 12 11 5.5 -2 0 0 4068
14 12 12 5.5 -2 0 0 3548
14 12 13 5.5 -2 0 0 3356
14 12 14 5.5 -2 0 0 4286
14 12 15 1.5 -2 0 0 3570
14 12 16 5.5 -2 0 0 3026
14 12 17 5.5 -2 0 0 4299
14 12 18 5.5 -2 0 0 3817
14 12 19 5.5 -2 0 0 3395
14 12 20 5.5 -2 0 0 4280
14 12 21 5.5 -2 0 0 3397
14 12 22 5.5 -2 0 0 3137
14 12 23 5.5 -2 0 0 4364
14 12 24 5.5 -2 0 0 3910
14 12 25 5.5 -2 0 0 3599
14 12 26 5.5 -2 0 0 4611
14 12 27 5.5 -2 0 0 3846
14 12 28 5.5 -2 0 0 3721
14 12 29 5.5 -2 0 0 4428
14 12 30 5.5 -2 0 0 4066
14 12 31 5.5 -2 0 0 3759
14 12 32 5.5 -2 0 0 3876
14 12 33 5.5 -2 0 0 4178
14 12 34 5.5 -2 0 0 4948
14 12 35 5.5 -2 0 0 4077
14 12 36 5.5 -2 0 0 4320
14 12 37 5.5 -2 0 0 4738
14 12 38 5.5 -2 0 0 4043
14 12 39 5.5 -2 0 0 5168
14 12 40 5.5 -2 0 0 4528
14 12 41 5.5 -2 0 0 4019
14 12 42 5.5 -2 0 0 4709
14 12 43 5.5 -2 0 0 4866
14 12 44 5.5 -2 0 0 4290
14 12 45 5.5 -2 0 0 4235
14 12 46 5.5 -2 0 0 5301
14 12 47 5.5 -2 0 0 4518
14 12 48 5.5 -2 0 0 4564
14 12 49 5.5 -2 0 0 4983
14 12 50 5.5 -2 0 0 4460
14 12 51 5.5 -2 0 0 5837
14 12 52 5.5 -2 0 0 5143
14 12 53 5.5 -2 0 0 4677
14 12 54 5.5 -2 0 0 4812
14 12 55 5.5 -2 0 0 5384
14 12 56 1.5 -2 0 0 5299
14 12 57 5.5 -2 0 0 5460
14 12 58 1.5 -2 0 0 4831
14 12 59 1.5 -2 0 0 5523
14 12 60 1.5 -2 0 0 4793
14 12 61 1.5 -2 0 0 6329
14 12 62 1.5 -2 0 0 5716
14 12 63 1.5 -2 0 0 5249
14 13 0 5.5 -2 0 0 6465
14 13 1 5.5 -2 0 0 5722
14 13 2 5.5 -2 0 0 5488
14 13 3 5.5 -2 0 0 4254
14 13 4 5.5 -2 0 0 4783
14 13 5 5.5 -2 0 0 5028
14 13 6 5.5 -2 0 0 5209
14 13 7 5.5 -2 0 0 3941
14 13 8 5.5 -2 0 0 5080
14 13 9 5.5 -2 0 0 4745
14 13 10 5.5 -2 0 0 4232
14 13 11 5.5 -2 0 0 4819
14 13 12 5.5 -2 0 0 4631
14 13 13 5.5 -2 0 0 3833
14 13 14 5.5 -2 0 0 5807
14 13 15 5.5 -2 0 0 4112
14 13 16 5.5 -2 0 0 4292
14 13 17 5.5 -2 0 0 5135
14 13 18 5.5 -2 0 0 4327
14 13 19 5.5 -2 0 0 3914
14 13 20 5.5 -2 0 0 4485
14 13 21 5.5 -2 0 0 4889
14 13 22 5.5 -2 0 0 4064
14 13 23 5.5 -2 0 0 4542
14 13 24 5.5 -2 0 0 5502
14 13 25 5.5 -2 0 0 3755
14 13 26 5.5 -2 0 0 5681
14 13 27 5.5 -2 0 0 3965
14 13 28 5.5 -2 0 0 3738
14 13 29 5.5 -2 0 0 4973
14 13 30 5.5 -2 0 0 4164
14 13 31 5.5 -2 0 0 3472
14 13 32 5.5 -2 0 0 3348
14 13 33 5.5 -2 0 0 3782
14 13 34 5.5 -2 0 0 5436
14 13 35 5.5 -2 0 0 3332
14 13 36 5.5 -2 0 0 3725
14 13 37 5.5 -2 0 0 4374
14 13 38 5.5 -2 0 0 2984
14 13 39 5.5 -2 0 0 3306
14 13 40 5.5 -2 0 0 4073
14 13 41 5.5 -2 0 0 3209
14 13 42 5.5 -2 0 0 3945
14 13 43 5.5 -2 0 0 4674
14 13 44 5.5 -2 0 0 3051
14 13 45 5.5 -2 0 0 3602
14 13 46 5.5 -2 0 0 4901
14 13 47 5.5 -2 0 0 2811
14 13 48 5.5 -2 0 0 3716
14 13 49 5.5 -2 0 0 4059
14 13 50 5.5 -2 0 0 3204
14 13 51 5.5 -2 0 0 3862
14 13 52 5.5 -2 0 0 4138
14 13 53 5.5 -2 0 0 2872
14 13 54 5.5 -2 0 0 3414
14 13 55 5.5 -2 0 0 3990
14 13 56 5.5 -2 0 0 3478
14 13 57 5.5 -2 0 0 3677
14 13 58 5.5 -2 0 0 3651
14 13 59 5.5 -2 0 0 4703
14 13 60 5.5 -2 0 0 3154
14 13 61 1.5 -2 0 0 4155
14 13 62 1.5 -2 0 0 4307
14 13 63 1.5 -2 0 0 3791
14 14 0 1.5 -2 0 0 6291
14 14 1 1.5 -2 0 0 5677
14 14 2 1.5 -2 0 0 5481
14 14 3 1.5 -2 0 0 4303
14 14 4 1.5 -2 0 0 4490
14 14 5 1.5 -2 0 0 4705
14 14 6 5.5 -2 0 0 5418
14 14 7 5.5 -2 0 0 3935
14 14 8 5.5 -2 0 0 4930
14 14 9 5.5 -2 0 0 4663
14 14 10 5.5 -2 0 0 4548
14 14 11 5.5 -2 0 0 4635
14 14 12 1.5 -2 0 0 4337
14 14 13 5.5 -2 0 0 3765
14 14 14 1.5 -2 0 0 5592
14 14 15 5.5 -2 0 0 3941
14 14 16 5.5 -2 0 0 4473
14 14 17 5.5 -2 0 0 4890
14 14 18 5.5 -2 0 0 4191
14 14 19 5.5 -2 0 0 3622
14 14 20 5.5 -2 0 0 4084
14 14 21 5.5 -2 0 0 5101
14 14 22 5.5 -2 0 0 4018
14 14 23 5.5 -2 0 0 4305
14 14 24 5.5 -2 0 0 5236
14 14 25 5.5 -2 0 0 3405
14 14 26 5.5 -2 0 0 5135
14 14 27 5.5 -2 0 0 3819
14 14 28 5.5 -2 0 0 3530
14 14 29 5.5 -2 0 0 4493
14 14 30 5.5 -2 0 0 3961
14 14 31 5.5 -2 0 0 3068
14 14 32 5.5 -2 0 0 3278
14 14 33 5.5 -2 0 0 3376
14 14 34 5.5 -2 0 0 4821
14 14 35 5.5 -2 0 0 2820
14 14 36 5.5 -2 0 0 3505
14 14 37 5.5 -2 0 0 4034
14 14 38 5.5 -2 0 0 2657
14 14 39 5.5 -2 0 0 2846
14 14 40 5.5 -2 0 0 3682
14 14 41 5.5 -2 0 0 2866
14 14 42 5.5 -2 0 0 3358
14 14 43 5.5 -2 0 0 4165
14 14 44 5.5 -2 0 0 2596
14 14 45 5.5 -2 0 0 3102
14 14 46 5.5 -2 0 0 4550
14 14 47 5.5 -2 0 0 2453
14 14 48 5.5 -2 0 0 3180
14 14 49 5.5 -2 0 0 3472
14 14 50 5.5 -2 0 0 2800
14 14 51 5.5 -2 0 0 3236
14 14 52 5.5 -2 0 0 3684
14 14 53 5.5 -2 0 0 2599
14 14 54 5.5 -2 0 0 2855
14 14 55 5.5 -2 0 0 3325
14 14 56 5.5 -2 0 0 2904
14 14 57 1.5 -2 0 0 3160
14 14 58 1.5 -2 0 0 3110
14 14 59 1.5 -2 0 0 4119
14 14 60 1.5 -2 0 0 2702
14 14 61 1.5 -2 0 0 3354
14 14 62 1.5 -2 0 0 3573
14 14 63 1.5 -2 0 0 3098
14 15 0 1.5 -2 0 0 3400
14 15 1 1.5 -2 0 0 3177
14 15 2 1.5 -2 0 0 3033
14 15 3 1.5 -2 0 0 2658
14 15 4 5.5 -2 0 0 3257
14 15 5 5.5 -2 0 0 2976
14 15 6 1.5 -2 0 0 2810
14 15 7 5.5 -2 0 0 2406
14 15 8 5.5 -2 0 0 3093
14 15 9 5.5 -2 0 0 2495
14 15 10 5.5 -2 0 0 2386
14 15 11 5.5 -2 0 0 3432
14 15 12 5.5 -2 0 0 2907
14 15 13 5.5 -2 0 0 2873
14 15 14 5.5 -2 0 0 3636
14 15 15 5.5 -2 0 0 3015
14 15 16 5.5 -2 0 0 2255
14 15 17 5.5 -2 0 0 3728
14 15 18 5.5 -2 0 0 3245
14 15 19 5.5 -2 0 0 2873
14 15 20 5.5 -2 0 0 3588
14 15 21 5.5 -2 0 0 2659
14 15 22 5.5 -2 0 0 2518
14 15 23 5.5 -2 0 0 3823
14 15 24 5.5 -2 0 0 3342
14 15 25 5.5 -2 0 0 2877
14 15 26 5.5 -2 0 0 4077
14 15 27 5.5 -2 0 0 3252
14 15 28 5.5 -2 0 0 3007
14 15 29 5.5 -2 0 0 4081
14 15 30 5.5 -2 0 0 3471
14 15 31 5.5 -2 0 0 3076
14 15 32 5.5 -2 0 0 3277
14 15 33 5.5 -2 0 0 3620
14 15 34 5.5 -2 0 0 4357
14 15 35 5.5 -2 0 0 3521
14 15 36 5.5 -2 0 0 3749
14 15 37 5.5 -2 0 0 4179
14 15 38 5.5 -2 0 0 3697
14 15 39 5.5 -2 0 0 4909
14 15 40 5.5 -2 0 0 4091
14 15 41 5.5 -2 0 0 3554
14 15 42 5.5 -2 0 0 4388
14 15 43 5.5 -2 0 0 4384
14 15 44 5.5 -2 0 0 3872
14 15 45 5.5 -2 0 0 3778
14 15 46 5.5 -2 0 0 4841
14 15 47 5.5 -2 0 0 3980
14 15 48 5.5 -2 0 0 4141
14 15 49 5.5 -2 0 0 4503
14 15 50 5.5 -2 0 0 3974
14 15 51 5.5 -2 0 0 5599
14 15 52 5.5 -2 0 0 4912
14 15 53 5.5 -2 0 0 4283
14 15 54 5.5 -2 0 0 4410
14 15 55 5.5 -2 0 0 5173
14 15 56 1.5 -2 0 0 5235
14 15 57 1.5 -2 0 0 5330
14 15 58 1.5 -2 0 0 4577
14 15 59 1.5 -2 0 0 5183
14 15 60 1.5 -2 0 0 4609
14 15 61 1.5 -2 0 0 5957
14 15 62 1.5 -2 0 0 5475
14 15 63 1.5 -2 0 0 4861
