#mip results PROTO15-TB2022-03
#layer chip channel mpv empv widthmpv chi2ndf nentries
0 0 0 0 -10 0 0 0
0 0 1 0 -10 0 0 0
0 0 2 0 -10 0 0 0
0 0 3 0 -10 0 0 0
0 0 4 0 -10 0 0 0
0 0 5 0 -10 0 0 0
0 0 6 0 -10 0 0 0
0 0 7 0 -10 0 0 0
0 0 8 0 -10 0 0 0
0 0 9 0 -10 0 0 0
0 0 10 0 -10 0 0 0
0 0 11 0 -10 0 0 0
0 0 12 0 -10 0 0 0
0 0 13 0 -10 0 0 0
0 0 14 0 -10 0 0 0
0 0 15 0 -10 0 0 0
0 0 16 0 -10 0 0 0
0 0 17 0 -10 0 0 0
0 0 18 0 -10 0 0 0
0 0 19 0 -10 0 0 0
0 0 20 0 -10 0 0 0
0 0 21 0 -10 0 0 0
0 0 22 0 -10 0 0 0
0 0 23 0 -10 0 0 0
0 0 24 0 -10 0 0 0
0 0 25 0 -10 0 0 0
0 0 26 0 -10 0 0 0
0 0 27 0 -10 0 0 0
0 0 28 0 -10 0 0 0
0 0 29 0 -10 0 0 0
0 0 30 0 -10 0 0 0
0 0 31 0 -10 0 0 0
0 0 32 0 -10 0 0 0
0 0 33 0 -10 0 0 0
0 0 34 0 -10 0 0 0
0 0 35 0 -10 0 0 0
0 0 36 0 -10 0 0 0
0 0 37 0 -10 0 0 0
0 0 38 0 -10 0 0 0
0 0 39 0 -10 0 0 0
0 0 40 0 -10 0 0 0
0 0 41 0 -10 0 0 0
0 0 42 0 -10 0 0 0
0 0 43 0 -10 0 0 0
0 0 44 0 -10 0 0 0
0 0 45 0 -10 0 0 0
0 0 46 0 -10 0 0 0
0 0 47 0 -10 0 0 0
0 0 48 0 -10 0 0 0
0 0 49 0 -10 0 0 0
0 0 50 0 -10 0 0 0
0 0 51 0 -10 0 0 0
0 0 52 0 -10 0 0 0
0 0 53 0 -10 0 0 0
0 0 54 0 -10 0 0 0
0 0 55 0 -10 0 0 0
0 0 56 0 -10 0 0 0
0 0 57 0 -10 0 0 0
0 0 58 0 -10 0 0 0
0 0 59 0 -10 0 0 0
0 0 60 0 -10 0 0 0
0 0 61 0 -10 0 0 0
0 0 62 0 -10 0 0 0
0 0 63 0 -10 0 0 0
0 1 0 0 -10 0 0 0
0 1 1 0 -10 0 0 0
0 1 2 0 -10 0 0 0
0 1 3 0 -10 0 0 0
0 1 4 0 -10 0 0 0
0 1 5 0 -10 0 0 0
0 1 6 0 -10 0 0 0
0 1 7 0 -10 0 0 0
0 1 8 0 -10 0 0 0
0 1 9 0 -10 0 0 0
0 1 10 0 -10 0 0 0
0 1 11 0 -10 0 0 0
0 1 12 0 -10 0 0 0
0 1 13 0 -10 0 0 0
0 1 14 0 -10 0 0 0
0 1 15 0 -10 0 0 0
0 1 16 0 -10 0 0 0
0 1 17 0 -10 0 0 0
0 1 18 0 -10 0 0 0
0 1 19 0 -10 0 0 0
0 1 20 0 -10 0 0 0
0 1 21 0 -10 0 0 0
0 1 22 0 -10 0 0 0
0 1 23 0 -10 0 0 0
0 1 24 0 -10 0 0 0
0 1 25 0 -10 0 0 0
0 1 26 0 -10 0 0 0
0 1 27 0 -10 0 0 0
0 1 28 0 -10 0 0 0
0 1 29 0 -10 0 0 0
0 1 30 0 -10 0 0 0
0 1 31 0 -10 0 0 0
0 1 32 0 -10 0 0 0
0 1 33 0 -10 0 0 0
0 1 34 0 -10 0 0 0
0 1 35 0 -10 0 0 0
0 1 36 0 -10 0 0 0
0 1 37 0 -10 0 0 0
0 1 38 0 -10 0 0 0
0 1 39 0 -10 0 0 0
0 1 40 0 -10 0 0 0
0 1 41 0 -10 0 0 0
0 1 42 0 -10 0 0 0
0 1 43 0 -10 0 0 0
0 1 44 0 -10 0 0 0
0 1 45 0 -10 0 0 0
0 1 46 0 -10 0 0 0
0 1 47 0 -10 0 0 0
0 1 48 0 -10 0 0 0
0 1 49 0 -10 0 0 0
0 1 50 0 -10 0 0 0
0 1 51 0 -10 0 0 0
0 1 52 0 -10 0 0 0
0 1 53 0 -10 0 0 0
0 1 54 0 -10 0 0 0
0 1 55 0 -10 0 0 0
0 1 56 0 -10 0 0 0
0 1 57 0 -10 0 0 0
0 1 58 0 -10 0 0 0
0 1 59 0 -10 0 0 0
0 1 60 0 -10 0 0 0
0 1 61 0 -10 0 0 0
0 1 62 0 -10 0 0 0
0 1 63 0 -10 0 0 0
0 2 0 0 -10 0 0 0
0 2 1 0 -10 0 0 0
0 2 2 0 -10 0 0 0
0 2 3 0 -10 0 0 0
0 2 4 0 -10 0 0 0
0 2 5 0 -10 0 0 0
0 2 6 0 -10 0 0 0
0 2 7 0 -10 0 0 0
0 2 8 0 -10 0 0 0
0 2 9 0 -10 0 0 0
0 2 10 0 -10 0 0 0
0 2 11 0 -10 0 0 0
0 2 12 0 -10 0 0 0
0 2 13 0 -10 0 0 0
0 2 14 0 -10 0 0 0
0 2 15 0 -10 0 0 0
0 2 16 0 -10 0 0 0
0 2 17 0 -10 0 0 0
0 2 18 0 -10 0 0 0
0 2 19 0 -10 0 0 0
0 2 20 0 -10 0 0 0
0 2 21 0 -10 0 0 0
0 2 22 0 -10 0 0 0
0 2 23 0 -10 0 0 0
0 2 24 0 -10 0 0 0
0 2 25 0 -10 0 0 0
0 2 26 0 -10 0 0 0
0 2 27 0 -10 0 0 0
0 2 28 0 -10 0 0 0
0 2 29 0 -10 0 0 0
0 2 30 0 -10 0 0 0
0 2 31 0 -10 0 0 0
0 2 32 0 -10 0 0 0
0 2 33 0 -10 0 0 0
0 2 34 0 -10 0 0 0
0 2 35 0 -10 0 0 0
0 2 36 0 -10 0 0 0
0 2 37 0 -10 0 0 0
0 2 38 0 -10 0 0 0
0 2 39 0 -10 0 0 0
0 2 40 0 -10 0 0 0
0 2 41 0 -10 0 0 0
0 2 42 0 -10 0 0 0
0 2 43 0 -10 0 0 0
0 2 44 0 -10 0 0 0
0 2 45 0 -10 0 0 0
0 2 46 0 -10 0 0 0
0 2 47 0 -10 0 0 0
0 2 48 0 -10 0 0 0
0 2 49 0 -10 0 0 0
0 2 50 0 -10 0 0 0
0 2 51 0 -10 0 0 0
0 2 52 0 -10 0 0 0
0 2 53 0 -10 0 0 0
0 2 54 0 -10 0 0 0
0 2 55 0 -10 0 0 0
0 2 56 0 -10 0 0 0
0 2 57 0 -10 0 0 0
0 2 58 0 -10 0 0 0
0 2 59 0 -10 0 0 0
0 2 60 0 -10 0 0 0
0 2 61 0 -10 0 0 0
0 2 62 0 -10 0 0 0
0 2 63 0 -10 0 0 0
0 3 0 0 -10 0 0 0
0 3 1 0 -10 0 0 0
0 3 2 0 -10 0 0 0
0 3 3 0 -10 0 0 0
0 3 4 0 -10 0 0 0
0 3 5 0 -10 0 0 0
0 3 6 0 -10 0 0 0
0 3 7 0 -10 0 0 0
0 3 8 0 -10 0 0 0
0 3 9 0 -10 0 0 0
0 3 10 0 -10 0 0 0
0 3 11 0 -10 0 0 0
0 3 12 0 -10 0 0 0
0 3 13 0 -10 0 0 0
0 3 14 0 -10 0 0 0
0 3 15 0 -10 0 0 0
0 3 16 0 -10 0 0 0
0 3 17 0 -10 0 0 0
0 3 18 0 -10 0 0 0
0 3 19 0 -10 0 0 0
0 3 20 0 -10 0 0 0
0 3 21 0 -10 0 0 0
0 3 22 0 -10 0 0 0
0 3 23 0 -10 0 0 0
0 3 24 0 -10 0 0 0
0 3 25 0 -10 0 0 0
0 3 26 0 -10 0 0 0
0 3 27 0 -10 0 0 0
0 3 28 0 -10 0 0 0
0 3 29 0 -10 0 0 0
0 3 30 0 -10 0 0 0
0 3 31 0 -10 0 0 0
0 3 32 0 -10 0 0 0
0 3 33 0 -10 0 0 0
0 3 34 0 -10 0 0 0
0 3 35 0 -10 0 0 0
0 3 36 0 -10 0 0 0
0 3 37 0 -10 0 0 0
0 3 38 0 -10 0 0 0
0 3 39 0 -10 0 0 0
0 3 40 0 -10 0 0 0
0 3 41 0 -10 0 0 0
0 3 42 0 -10 0 0 0
0 3 43 0 -10 0 0 0
0 3 44 0 -10 0 0 0
0 3 45 0 -10 0 0 0
0 3 46 0 -10 0 0 0
0 3 47 0 -10 0 0 0
0 3 48 0 -10 0 0 0
0 3 49 0 -10 0 0 0
0 3 50 0 -10 0 0 0
0 3 51 0 -10 0 0 0
0 3 52 0 -10 0 0 0
0 3 53 0 -10 0 0 0
0 3 54 0 -10 0 0 0
0 3 55 0 -10 0 0 0
0 3 56 0 -10 0 0 0
0 3 57 0 -10 0 0 0
0 3 58 0 -10 0 0 0
0 3 59 0 -10 0 0 0
0 3 60 0 -10 0 0 0
0 3 61 0 -10 0 0 0
0 3 62 0 -10 0 0 0
0 3 63 0 -10 0 0 0
0 4 0 5 -2 0 0 18405
0 4 1 4 -2 0 0 17053
0 4 2 2 -2 0 0 15782
0 4 3 3.06114 -3 0 0 12234
0 4 4 2.53009 0.566039 0.892551 0.940649 11688
0 4 5 6 -2 0 0 12783
0 4 6 3 -2 0 0 15347
0 4 7 4.67283 0.337537 0.24505 0.0645445 10280
0 4 8 3.06114 -3 0 0 14211
0 4 9 2.91769 0.484668 0.347806 0.0189575 12937
0 4 10 3.87699 0.474463 0.359689 0.0213414 10172
0 4 11 2 -2 0 0 13327
0 4 12 3.06114 -3 0 0 11312
0 4 13 3.57814 0.296871 0.377248 0.0434568 8759
0 4 14 6 -2 0 0 16386
0 4 15 8 -2 0 0 10401
0 4 16 4 -2 0 0 10681
0 4 17 3 -2 0 0 12300
0 4 18 6 -2 0 0 10085
0 4 19 3.06114 -3 0 0 9326
0 4 20 2.99864 0.237323 0.829735 0.873204 10060
0 4 21 3.06114 -3 0 0 14295
0 4 22 2 12.9657 0.78944 0.660524 9458
0 4 23 3.06114 -3 0 0 41
0 4 24 3.06114 -3 0 0 13983
0 4 25 3.06114 -3 0 0 7853
0 4 26 2 -2 0 0 15468
0 4 27 3.0098 0.678583 0.244573 0.321035 8561
0 4 28 4.09755 0.352023 0.370354 0.182068 8910
0 4 29 2.23871 2.22987 1.06483 0.385996 12824
0 4 30 4.87536 0.538564 0.391587 0.334583 9585
0 4 31 3 -2 0 0 8025
0 4 32 6 -2 0 0 8184
0 4 33 3.92013 0.885767 0.425051 0.709929 9165
0 4 34 4.71356 0.420291 0.349616 0.0774978 12910
0 4 35 6.41352 0.359018 0.421355 0.713593 7599
0 4 36 3.38338 0.595081 0.283692 0.0532193 8942
0 4 37 4.02782 0.89109 0.738278 0.740585 10337
0 4 38 3.75228 0.34102 0.462327 0.111369 6716
0 4 39 3.06114 -3 0 0 8368
0 4 40 2.83973 0.383274 0.911949 0.863565 10081
0 4 41 3.06114 -3 0 0 7695
0 4 42 3.32219 0.814905 0.767584 0.792618 10633
0 4 43 4 -2 0 0 12917
0 4 44 3.06114 -3 0 0 6602
0 4 45 3.65729 0.703397 0.615841 0.356898 8155
0 4 46 2.4725 0.753647 0.461543 0.180203 12909
0 4 47 5 -2 0 0 5759
0 4 48 4.39974 0.482309 0.278894 0.119373 7934
0 4 49 4.05858 0.570926 0.248614 0.0544397 9994
0 4 50 3.06114 -3 0 0 7875
0 4 51 3.37611 0.397072 0.557152 0.177669 10604
0 4 52 3 -2 0 0 11458
0 4 53 4.23996 0.536228 0.322746 0.0798808 6682
0 4 54 3.47429 0.521757 0.276475 0.00968843 8581
0 4 55 2.13275 2.00121 1.06653 1.01402 11197
0 4 56 6 -2 0 0 8529
0 4 57 6 -2 0 0 8707
0 4 58 3.14818 1.06434 1.76374 0.819036 9827
0 4 59 2 -2 0 0 11189
0 4 60 2.62243 1.03997 0.657539 0.353826 6991
0 4 61 3.94122 0.643269 0.413468 0.221748 10997
0 4 62 5.74255 0.407981 0.245826 0.716314 11057
0 4 63 5 -2 0 0 10845
0 5 0 3.13009 -3 0 0 12428
0 5 1 4 -2 0 0 12165
0 5 2 3.24961 0.671964 0.433209 0.309541 12179
0 5 3 3.45526 0.358201 0.311215 0.0271533 14753
0 5 4 2.88441 0.787753 0.582403 0.390075 14558
0 5 5 3.46839 0.527094 0.2773 0.125295 13975
0 5 6 5 -2 0 0 13467
0 5 7 4 -2 0 0 14544
0 5 8 2 -2 0 0 14119
0 5 9 2.42313 0.464194 0.820222 1.06938 13106
0 5 10 3.43038 0.372923 0.3186 0.0359999 14209
0 5 11 3.97196 0.485934 0.481147 0.363896 15129
0 5 12 2.61404 0.879882 0.647817 0.0282253 14105
0 5 13 3.2322 0.480601 0.261849 0.14621 16214
0 5 14 2.74642 0.791419 0.719839 0.521519 13778
0 5 15 3.13009 -3 0 0 15827
0 5 16 4 -2 0 0 14201
0 5 17 3.82083 0.210335 0.87335 0.495437 14635
0 5 18 3.34337 0.527891 0.271169 0.0664094 15458
0 5 19 3.13009 -3 0 0 17150
0 5 20 4 -2 0 0 15427
0 5 21 6 -2 0 0 14073
0 5 22 4.19086 0.572239 0.405055 0.93271 14894
0 5 23 3.13009 -3 0 0 17196
0 5 24 5 -2 0 0 12903
0 5 25 3.58474 0.343396 0.281755 0.00946932 17925
0 5 26 4.11587 0.515114 0.485117 0.506949 12887
0 5 27 4 -2 0 0 17347
0 5 28 4 -2 0 0 18048
0 5 29 4 -2 0 0 14766
0 5 30 2.55488 0.658227 0.615925 0.384727 15534
0 5 31 6 -2 0 0 19828
0 5 32 3.82315 0.483091 0.451411 0.620173 18230
0 5 33 3.94375 0.387568 0.241965 0.128351 18448
0 5 34 3.32976 0.339945 0.692474 0.367162 15850
0 5 35 3.13009 -3 0 0 22778
0 5 36 2 -2 0 0 17959
0 5 37 2 -2 0 0 18525
0 5 38 6 -2 0 0 22639
0 5 39 3.96362 0.513963 0.499812 0.426253 22672
0 5 40 4.32485 0.349738 0.278477 0.151747 15598
0 5 41 2 -2 0 0 17638
0 5 42 3.30824 0.267283 0.44342 0.180107 17563
0 5 43 4 -2 0 0 18379
0 5 44 3.77355 0.421221 0.481992 0.182944 20279
0 5 45 4 -2 0 0 8566
0 5 46 3.85602 0.39087 0.403124 0.265357 15260
0 5 47 3.29507 0.689258 0.538719 0.642815 24480
0 5 48 3.13009 -3 0 0 19025
0 5 49 5 -2 0 0 19248
0 5 50 3.28667 0.523376 0.278931 0.0427717 20125
0 5 51 3.31544 0.788833 1.29276 0.639522 21072
0 5 52 3.46415 0.537124 0.214886 0.201719 18090
0 5 53 3.81567 0.523872 0.467219 0.215906 21980
0 5 54 3.42935 0.473194 0.265423 0.0236777 20178
0 5 55 2.00001 8.17152 1.15655 0.237099 19407
0 5 56 2 -2 0 0 23256
0 5 57 2.59348 1.06865 1.49365 0.361989 22674
0 5 58 2.50749 1.05082 0.854961 0.755557 17939
0 5 59 3.13009 -3 0 0 17109
0 5 60 2.97197 0.266356 0.899158 0.604104 22242
0 5 61 3.68026 0.574909 0.533965 0.26801 21770
0 5 62 3.77739 0.363298 0.534601 0.335304 16751
0 5 63 2 -2 0 0 17670
0 6 0 3.54163 0.422306 0.788538 0.284249 10805
0 6 1 6 -2 0 0 9338
0 6 2 3 -2 0 0 9666
0 6 3 3.48977 -3 0 0 6791
0 6 4 5 -2 0 0 6250
0 6 5 3.39768 0.47803 0.330363 0.0899055 7462
0 6 6 5.60707 0.481561 0.337481 0.558038 8849
0 6 7 3.48977 -3 0 0 5689
0 6 8 6.08548 0.454803 0.21354 0.876825 7426
0 6 9 3.41933 0.636868 1.33011 0.681291 7510
0 6 10 6.16239 0.559277 0.356194 0.52024 6461
0 6 11 4.32261 0.401684 0.269587 0.377795 7941
0 6 12 2 -2 0 0 7269
0 6 13 3 -2 0 0 5269
0 6 14 3.43001 0.35299 0.426772 0.146605 9331
0 6 15 2 -2 0 0 6328
0 6 16 4.86651 0.432204 0.869502 0.992423 6406
0 6 17 4.53775 0.446205 0.32277 0.0077255 7938
0 6 18 2.46092 1.23556 1.22885 0.726754 6317
0 6 19 4.01282 0.600605 0.435326 0.259722 4535
0 6 20 3.28632 0.891228 0.341746 0.176179 6735
0 6 21 3.79448 0.278737 0.313338 0.00655662 8241
0 6 22 4.88982 0.668973 0.402307 0.635585 6033
0 6 23 3.48977 -3 0 0 6907
0 6 24 5 -2 0 0 8092
0 6 25 7 -2 0 0 5611
0 6 26 4.29768 0.428937 0.659143 0.329314 9501
0 6 27 3.48977 -3 0 0 5154
0 6 28 3.74792 0.47294 0.893073 0.211338 5428
0 6 29 3.72894 0.524 0.7261 0.183685 6709
0 6 30 4.98978 0.301777 0.366083 0.410696 5894
0 6 31 6 -2 0 0 5012
0 6 32 3.91828 0.336999 0.30565 0.0241842 4754
0 6 33 4 -2 0 0 4820
0 6 34 2.91565 0.784785 1.22825 1.04499 7583
0 6 35 6.17288 0.563429 0.375309 0.849569 4213
0 6 36 4.30867 0.60508 0.880795 0.577837 5739
0 6 37 2.44407 0.381312 0.587715 0.843522 6100
0 6 38 3.55244 0.391453 0.742865 0.236521 3976
0 6 39 3.38026 0.744091 0.370568 0.038203 4751
0 6 40 4.64016 0.336335 0.301355 0.449111 5167
0 6 41 3.42819 1.10231 0.386315 0.301198 4257
0 6 42 6 -2 0 0 4681
0 6 43 9 -2 0 0 6452
0 6 44 4.48758 0.577817 0.393306 0.0731403 3961
0 6 45 2.47438 1.1253 0.752904 0.0755113 5471
0 6 46 5 -2 0 0 7266
0 6 47 4.60224 0.377945 0.432836 0.232088 3852
0 6 48 4.3834 0.52771 0.317935 0.13331 4980
0 6 49 4.75621 0.503804 0.606365 0.461615 5178
0 6 50 3 -2 0 0 4104
0 6 51 3.48977 -3 0 0 5512
0 6 52 4 -2 0 0 5636
0 6 53 4 -2 0 0 3739
0 6 54 3.48977 -3 0 0 4431
0 6 55 4.10969 1.03718 0.375212 0.645349 4489
0 6 56 3 -2 0 0 4526
0 6 57 3.24493 0.472002 0.470593 0.182531 5027
0 6 58 4 -2 0 0 5871
0 6 59 5.39556 0.546228 0.425485 0.461186 6161
0 6 60 3.4326 0.648046 0.288653 0.0101532 4442
0 6 61 8 -2 0 0 5720
0 6 62 3.48977 -3 0 0 5633
0 6 63 4.92626 0.404131 0.285282 0.576889 4698
0 7 0 4.14495 0.415903 0.574258 0.0761174 6327
0 7 1 2 -2 0 0 5749
0 7 2 4.08433 0.687522 0.428443 0.358826 5778
0 7 3 2 -2 0 0 5488
0 7 4 3.97636 0.567423 0.37536 0.167107 6070
0 7 5 3.15638 -3 0 0 6010
0 7 6 4 -2 0 0 5851
0 7 7 3.15638 -3 0 0 6838
0 7 8 5.30302 0.505735 0.240712 0.257367 5967
0 7 9 3.15638 -3 0 0 5465
0 7 10 5 -2 0 0 5246
0 7 11 4.35375 0.810288 0.279804 0.450684 6204
0 7 12 2 0.928587 1.05258 0.881366 6340
0 7 13 3.15638 -3 0 0 6299
0 7 14 2 2.73288 1.2004 0.315716 5535
0 7 15 2.66385 1.08987 0.339109 0.177157 6846
0 7 16 7 -2 0 0 5449
0 7 17 3.15638 -3 0 0 6149
0 7 18 5 -2 0 0 6701
0 7 19 5 -2 0 0 7081
0 7 20 3.23683 0.770385 0.566845 0.0655659 7150
0 7 21 5 -2 0 0 5995
0 7 22 4.59972 0.528634 0.227943 0.0844311 5851
0 7 23 6 -2 0 0 7451
0 7 24 4.45201 0.401892 0.302411 0.0591089 5489
0 7 25 2 10.5208 1.13272 0.912801 7782
0 7 26 3.15638 -3 0 0 6573
0 7 27 3.80776 0.780061 0.352481 0.291236 7278
0 7 28 6 -2 0 0 7227
0 7 29 2 -2 0 0 7374
0 7 30 3.15638 -3 0 0 7267
0 7 31 3.11949 0.376872 0.333353 0.0138369 8512
0 7 32 3.15638 -3 0 0 8180
0 7 33 2.25983 0.815406 0.827939 0.388088 7378
0 7 34 2 -2 0 0 7518
0 7 35 6 -2 0 0 10022
0 7 36 2 -2 0 0 8409
0 7 37 4.17699 0.772138 0.537704 0.896544 9014
0 7 38 5.11953 0.502728 0.234593 0.294114 10720
0 7 39 2 -2 0 0 11819
0 7 40 3.15638 -3 0 0 8043
0 7 41 3 -2 0 0 9618
0 7 42 2 -2 0 0 9772
0 7 43 3 -2 0 0 8033
0 7 44 4 -2 0 0 10658
0 7 45 3.71745 0.889991 0.154566 0.505772 10060
0 7 46 2 -2 0 0 7793
0 7 47 4.19216 0.543266 0.270947 0.0464138 12393
0 7 48 4 -2 0 0 9896
0 7 49 5 -2 0 0 8227
0 7 50 3.15638 -3 0 0 11035
0 7 51 3.21539 0.627218 0.235005 0.126784 12319
0 7 52 4 -2 0 0 8035
0 7 53 3.15638 -3 0 0 12261
0 7 54 4.27683 0.492158 0.336911 0.258203 9913
0 7 55 2.19095 1.87681 0.567896 0.48542 11532
0 7 56 3 -2 0 0 12211
0 7 57 2.31972 1.03399 0.892492 0.608143 11588
0 7 58 4.49994 0.303954 0.349313 0.0337959 10135
0 7 59 7 -2 0 0 8741
0 7 60 4.13692 0.633134 0.538708 0.648721 12311
0 7 61 4.18724 0.787935 0.33304 0.489919 11586
0 7 62 4.19571 0.320083 0.347822 0.105969 9752
0 7 63 6 -2 0 0 10246
0 8 0 2.45425 0.878526 0.598944 0.129013 8127
0 8 1 3.19257 -3 0 0 8556
0 8 2 3.19257 -3 0 0 7707
0 8 3 3.59361 0.532835 0.234211 0.0991617 10328
0 8 4 3.19257 -3 0 0 10166
0 8 5 3.19257 -3 0 0 8723
0 8 6 4.29244 0.341882 0.310879 0.194535 8998
0 8 7 5 -2 0 0 10466
0 8 8 6 -2 0 0 4845
0 8 9 3.19257 -3 0 0 10646
0 8 10 6 -2 0 0 4145
0 8 11 3.77272 0.349222 0.315866 0.0420747 8988
0 8 12 5 -2 0 0 528
0 8 13 3.19257 -3 0 0 11596
0 8 14 3.19257 -3 0 0 8121
0 8 15 2.9601 0.269506 0.854986 0.93823 10588
0 8 16 4 -2 0 0 10379
0 8 17 2 -2 0 0 9156
0 8 18 5 -2 0 0 11033
0 8 19 2 -2 0 0 12183
0 8 20 3.03955 0.906002 0.363503 0.448147 10332
0 8 21 3.42393 0.38033 0.480395 0.0163836 10329
0 8 22 3.19257 -3 0 0 9020
0 8 23 3.94972 0.702341 0.42603 0.505244 10228
0 8 24 2 -2 0 0 8680
0 8 25 3.19257 -3 0 0 14963
0 8 26 3.19257 -3 0 0 8460
0 8 27 2.78492 0.763039 0.420314 0.148343 11822
0 8 28 4.96854 0.63987 0.246153 0.708801 12551
0 8 29 3.37396 0.332319 0.912276 0.549118 9265
0 8 30 4.23431 0.460957 0.232029 0.227109 11221
0 8 31 3.19257 -3 0 0 14961
0 8 32 4.08448 0.530632 0.220793 0.0787306 13877
0 8 33 3.42897 0.614381 0.285706 0.121314 12916
0 8 34 6 -2 0 0 9975
0 8 35 4.00712 0.712397 0.618657 0.52853 17450
0 8 36 3.69706 0.701431 0.289372 0.283544 12294
0 8 37 3.19257 -3 0 0 11233
0 8 38 6 -2 0 0 18709
0 8 39 2.97366 0.758516 0.467364 0.542557 15561
0 8 40 3.19257 -3 0 0 10616
0 8 41 2 -2 0 0 14032
0 8 42 5 -2 0 0 12598
0 8 43 6 -2 0 0 10004
0 8 44 5 -2 0 0 15885
0 8 45 3.19257 -3 0 0 14351
0 8 46 5.11581 0.452881 0.252872 0.600153 9896
0 8 47 3.89628 0.540147 0.222916 0.115407 21404
0 8 48 5 -2 0 0 12567
0 8 49 2 -2 0 0 11437
0 8 50 4.72303 0.397845 0.505055 0.531101 15506
0 8 51 3.65483 0.546621 0.374989 0.18474 13194
0 8 52 3.19257 -3 0 0 10512
0 8 53 2.73391 0.582462 0.424494 0.0508524 17268
0 8 54 2 -2 0 0 14592
0 8 55 5 -2 0 0 13032
0 8 56 4.41293 0.396695 0.618456 0.309152 15672
0 8 57 2 -2 0 0 14085
0 8 58 5 -2 0 0 12857
0 8 59 3.36522 0.385832 0.318064 0.0503917 10125
0 8 60 3.26063 0.774698 0.382768 0.146059 15815
0 8 61 2 10.7796 0.825624 0.799101 12898
0 8 62 3.60952 0.722543 0.434822 0.37078 11010
0 8 63 3.66984 0.349993 0.328671 0.0572244 12281
0 9 0 5.17427 0.416765 0.390591 0.192492 6311
0 9 1 4.29446 0.430739 0.379884 0.0532922 6156
0 9 2 5 -2 0 0 5297
0 9 3 4.13414 0.740784 0.307292 0.28756 4035
0 9 4 4.93992 0.372217 0.258683 0.392983 4418
0 9 5 2.9139 0.476802 0.419055 0.00736641 4763
0 9 6 3.5541 0.542852 0.42322 0.119436 5416
0 9 7 2.25758 1.98418 1.02159 0.226472 3689
0 9 8 5 -2 0 0 5346
0 9 9 2.61935 1.03342 1.19818 0.601842 4214
0 9 10 3.46302 0.967085 0.959757 0.256575 3888
0 9 11 3.35655 -3 0 0 4735
0 9 12 5.57005 0.371433 0.137247 0.677611 4266
0 9 13 4 -2 0 0 3752
0 9 14 4 -2 0 0 6623
0 9 15 2.8958 0.33269 0.785845 0.338021 3710
0 9 16 5.09947 0.528524 0.485747 0.470051 3762
0 9 17 4 -2 0 0 5542
0 9 18 3.61262 0.338683 0.500622 0.0286854 4223
0 9 19 2.63884 10.2027 0.964492 0.620531 3661
0 9 20 7.90668 0.454098 0.187201 1.07199 3771
0 9 21 3.61328 0.793895 0.352498 0.204461 4941
0 9 22 2.40147 1.29524 0.308571 0.0186492 3918
0 9 23 5.30527 0.684997 0.184238 0.920303 4279
0 9 24 4.81301 0.611019 0.198972 0.300729 5672
0 9 25 3.35655 -3 0 0 3179
0 9 26 5.65629 0.926647 0.327168 1.09706 5895
0 9 27 3.06617 0.536624 0.316545 0.0653739 3393
0 9 28 5.31432 0.568946 0.213963 0.598036 3311
0 9 29 4.95736 0.509592 0.284113 0.0278956 4704
0 9 30 2 -2 0 0 3925
0 9 31 2.27894 1.30484 0.61197 0.216796 3472
0 9 32 2 8.59494 1.85509 0.780303 3484
0 9 33 3.67192 0.664282 0.579768 0.153021 2771
0 9 34 4 -2 0 0 5507
0 9 35 5.31767 0.35391 0.324404 0.113887 3187
0 9 36 3.4609 0.314314 0.598892 0.199462 3024
0 9 37 5 -2 0 0 4257
0 9 38 6 -2 0 0 3101
0 9 39 2.21633 7.30406 0.716369 0.169243 3364
0 9 40 3.35517 0.822445 0.322533 0.203772 3557
0 9 41 5.83022 0.517916 0.242277 0.563908 2866
0 9 42 2.61672 1.2065 1.29184 0.245489 3228
0 9 43 3.71273 0.376698 0.361759 0.0220579 4609
0 9 44 4.07384 0.909396 0.229923 0.215306 2877
0 9 45 4 -2 0 0 3127
0 9 46 3.69399 0.640724 0.375956 0.0353898 5087
0 9 47 5 -2 0 0 2297
0 9 48 4.21628 0.716862 0.313586 0.728772 3690
0 9 49 4.00982 0.724589 0.52947 0.171936 3669
0 9 50 2.57002 0.917985 0.191506 0.0955539 3336
0 9 51 2 1.26815 1.83868 0.77943 4164
0 9 52 5.10159 0.62477 0.218531 0.064037 3872
0 9 53 3.35655 -3 0 0 2990
0 9 54 5 -2 0 0 3663
0 9 55 3 -2 0 0 3715
0 9 56 2 0.847021 1.0255 0.946835 3695
0 9 57 2.79901 0.270971 0.67431 0.0400813 3660
0 9 58 3.35655 -3 0 0 3119
0 9 59 2 -2 0 0 4727
0 9 60 4 -2 0 0 3479
0 9 61 2.71186 1.11183 0.289563 0.070849 4710
0 9 62 5 -2 0 0 4434
0 9 63 3 -2 0 0 3737
0 10 0 4 -2 0 0 9922
0 10 1 2 -2 0 0 10085
0 10 2 3.71484 0.493241 0.316826 0.178471 10955
0 10 3 3.41207 -3 0 0 13955
0 10 4 5 -2 0 0 12305
0 10 5 3.74476 0.302752 0.668157 0.416961 11240
0 10 6 5 -2 0 0 11261
0 10 7 3.41207 -3 0 0 16704
0 10 8 3.27314 0.604742 1.45196 0.0627892 10191
0 10 9 4.90645 0.334328 0.206598 0.391259 11451
0 10 10 5 -2 0 0 14134
0 10 11 2 10.0165 0.70491 0.0905806 12331
0 10 12 5 -2 0 0 12921
0 10 13 4 -2 0 0 15249
0 10 14 2.91131 0.242209 0.690586 0.393104 9380
0 10 15 6 -2 0 0 12694
0 10 16 3.30824 0.625141 0.571221 0.332334 13609
0 10 17 3.41207 -3 0 0 9825
0 10 18 3.41207 -3 0 0 12119
0 10 19 5 -2 0 0 15316
0 10 20 4.71152 0.325024 0.239347 0.229702 11795
0 10 21 6 -2 0 0 11763
0 10 22 3.04875 0.876637 0.886613 0.389893 12511
0 10 23 3.87438 0.60179 0.328594 0.53844 11112
0 10 24 3.41207 -3 0 0 10222
0 10 25 4.04963 0.330751 1.32907 0.866711 16934
0 10 26 7 -2 0 0 9769
0 10 27 6 -2 0 0 12583
0 10 28 3.25056 0.946806 1.23027 0.631688 14240
0 10 29 6 -2 0 0 10355
0 10 30 3.22691 0.381583 1.19272 0.116968 13080
0 10 31 5 -2 0 0 16327
0 10 32 3.67026 0.235253 1.09539 0.507831 13806
0 10 33 5.05371 0.375271 0.397603 0.273219 13047
0 10 34 3.41207 -3 0 0 11416
0 10 35 2.78991 0.567513 1.13863 1.02896 17214
0 10 36 2 -2 0 0 13644
0 10 37 2.62868 0.95301 1.1981 0.0991969 12160
0 10 38 3.81397 0.490575 1.06369 0.120003 18289
0 10 39 6 -2 0 0 13160
0 10 40 3.41207 -3 0 0 13143
0 10 41 5.58254 0.36318 0.199473 0.265936 14239
0 10 42 3.31656 0.62906 0.601443 0.118208 14484
0 10 43 6.00536 0.456823 0.286912 0.907357 11383
0 10 44 3.9655 0.785573 0.655965 0.941961 15490
0 10 45 3.41207 -3 0 0 14479
0 10 46 2 -2 0 0 11040
0 10 47 4 -2 0 0 19204
0 10 48 5 -2 0 0 12431
0 10 49 4 -2 0 0 12079
0 10 50 2.70213 0.443032 0.913237 0.649315 15295
0 10 51 5 -2 0 0 11397
0 10 52 5.38972 0.316955 0.265638 0.619432 12475
0 10 53 6 -2 0 0 16318
0 10 54 4 -2 0 0 15398
0 10 55 3.41207 -3 0 0 11000
0 10 56 4 -2 0 0 14821
0 10 57 3.41207 -3 0 0 13285
0 10 58 5 -2 0 0 13120
0 10 59 4.02163 0.512177 0.529873 0.405301 10560
0 10 60 3.39959 0.556197 0.574519 0.0918222 14201
0 10 61 3.41207 -3 0 0 12901
0 10 62 2 -2 0 0 11705
0 10 63 5 -2 0 0 11773
0 11 0 2.99252 -3 0 0 14489
0 11 1 2.99252 -3 0 0 13171
0 11 2 4 -2 0 0 12019
0 11 3 3.29806 0.50761 1.32461 0.241512 7384
0 11 4 3.25621 0.640627 0.195507 0.0937846 8433
0 11 5 2.99252 -3 0 0 9682
0 11 6 2.40744 0.409002 0.619363 0.00502125 9639
0 11 7 5.19914 0.468937 0.200142 0.638506 6623
0 11 8 2.99252 -3 0 0 9878
0 11 9 2 1.02249 0.888441 0.560366 7641
0 11 10 2.23886 1.70731 0.509877 0.671526 7190
0 11 11 6 -2 0 0 10922
0 11 12 3.10816 0.424975 0.293239 0.0441926 8770
0 11 13 2.99252 -3 0 0 7249
0 11 14 5 -2 0 0 12981
0 11 15 6 -2 0 0 7798
0 11 16 2.99252 -3 0 0 6564
0 11 17 3 -2 0 0 11094
0 11 18 7 -2 0 0 8340
0 11 19 4.23147 0.73955 0.195739 0.82728 6996
0 11 20 2.99252 -3 0 0 8593
0 11 21 5 -2 0 0 8927
0 11 22 3.0922 0.849191 0.225118 0.277763 6635
0 11 23 2.99252 -3 0 0 10293
0 11 24 6 -2 0 0 12283
0 11 25 2.99252 -3 0 0 6678
0 11 26 5 -2 0 0 14643
0 11 27 4.19514 0.546643 0.235242 0.144171 6957
0 11 28 2 -2 0 0 6914
0 11 29 2.99252 -3 0 0 10677
0 11 30 2.20459 0.925851 0.928251 1.04545 7422
0 11 31 4 -2 0 0 6660
0 11 32 6 -2 0 0 6855
0 11 33 4 -2 0 0 6308
0 11 34 5 -2 0 0 13101
0 11 35 4 -2 0 0 6093
0 11 36 2.99252 -3 0 0 7847
0 11 37 2 -2 0 0 10105
0 11 38 2.6208 0.615897 0.485468 0.0452306 5760
0 11 39 4.14392 0.258463 0.382791 0.067892 7307
0 11 40 2.99252 -3 0 0 8515
0 11 41 2.97399 0.894932 0.539777 0.410635 6735
0 11 42 2.57494 0.878496 0.604907 0.302561 8246
0 11 43 4.87902 0.453832 0.212969 0.382177 10930
0 11 44 6 -2 0 0 5647
0 11 45 4 -2 0 0 7240
0 11 46 3.11906 0.752847 0.338479 0.191432 13385
0 11 47 6 -2 0 0 6522
0 11 48 2.74544 0.477267 0.92661 0.670211 7995
0 11 49 2.99252 -3 0 0 9214
0 11 50 2.67957 0.780157 0.427176 0.110121 6976
0 11 51 3 -2 0 0 9706
0 11 52 3 -2 0 0 9808
0 11 53 3 -2 0 0 6482
0 11 54 2 -2 0 0 7807
0 11 55 2.18643 0.939291 0.816021 1.08896 10018
0 11 56 4 -2 0 0 9010
0 11 57 3.3258 0.310279 1.07115 0.712865 8510
0 11 58 3.36683 0.362576 0.299976 0.112388 8054
0 11 59 6 -2 0 0 11233
0 11 60 2 -2 0 0 6878
0 11 61 6 -2 0 0 10930
0 11 62 4 -2 0 0 11671
0 11 63 4.48813 0.436283 0.251768 0.434495 9017
0 12 0 3.01142 0.623345 0.411356 0.208906 18007
0 12 1 2 -2 0 0 19484
0 12 2 2.98162 0.383712 1.08844 0.40288 19852
0 12 3 6 -2 0 0 20111
0 12 4 3.38994 0.460047 0.393291 0.0581856 17291
0 12 5 4 -2 0 0 19315
0 12 6 3.24038 0.334138 0.525186 0.0717328 20150
0 12 7 2.02559 8.80284 1.34028 1.04668 23819
0 12 8 4.19375 0.472633 0.369661 0.255779 17355
0 12 9 3.0713 0.57772 0.360009 0.148043 23183
0 12 10 2.5787 1.65519 1.13255 0.0318814 22588
0 12 11 2.45444 0.590007 1.0118 0.930579 15727
0 12 12 3.99119 0.463549 0.41715 0.119864 19474
0 12 13 6 -2 0 0 18399
0 12 14 2.34699 1.43384 1.62303 0.782627 14643
0 12 15 3.74647 0.576986 0.606132 0.453737 19486
0 12 16 2.59568 1.51485 1.84036 0.178478 25247
0 12 17 4 -2 0 0 14741
0 12 18 3 -2 0 0 18418
0 12 19 3.3023 0.69293 0.520553 0.548527 22045
0 12 20 5 -2 0 0 16128
0 12 21 3 -2 0 0 21432
0 12 22 5 -2 0 0 20973
0 12 23 4 -2 0 0 15928
0 12 24 3.66191 0.410226 0.487442 0.0203393 16804
0 12 25 4.70478 0.488855 0.265568 0.449764 21448
0 12 26 3.78757 0.284834 0.303136 0.00119129 15578
0 12 27 3.70744 0.485289 0.466355 0.170889 18234
0 12 28 4.19288 0.442408 0.361434 0.138362 18616
0 12 29 4.39375 0.46248 0.395403 0.0306207 13718
0 12 30 4.35116 0.478696 0.50083 0.118947 17534
0 12 31 3.11986 0.661737 0.662887 0.158943 18882
0 12 32 2 -2 0 0 17653
0 12 33 2.94074 0.71752 0.585521 0.273772 15692
0 12 34 5 -2 0 0 13863
0 12 35 3.92035 0.544185 0.69189 0.607408 16929
0 12 36 4.19043 0.478957 0.509737 0.232759 15192
0 12 37 3.76313 0.354748 0.766331 0.482292 14217
0 12 38 3.79424 0.529619 0.371493 0.352662 17101
0 12 39 3.22344 0.579666 0.658984 0.189776 12326
0 12 40 3 -2 0 0 16068
0 12 41 5 -2 0 0 16286
0 12 42 3.33294 0.502445 0.581899 0.117361 13086
0 12 43 3.36978 0.851621 0.796956 0.869956 12677
0 12 44 4.0502 0.473548 0.385497 0.410779 15183
0 12 45 3.12243 0.575735 0.477606 0.222044 15561
0 12 46 4.12245 0.26128 0.754503 0.185563 13159
0 12 47 4 -2 0 0 14740
0 12 48 3.45669 0.364683 0.413748 0.141056 14278
0 12 49 3.27184 0.618719 0.866158 0.115037 13020
0 12 50 3.56254 0.47528 0.629932 0.357686 14676
0 12 51 3.19537 0.604256 0.675527 0.24934 9879
0 12 52 3.29286 -3 0 0 12940
0 12 53 4 -2 0 0 14477
0 12 54 2 -2 0 0 13552
0 12 55 4.33998 0.417337 0.437119 0.0719953 11597
0 12 56 5 -2 0 0 11752
0 12 57 3.60432 0.464748 0.368497 0.107926 11328
0 12 58 3.54857 0.518594 0.264525 0.0827813 13089
0 12 59 4.12509 0.523389 0.219531 0.00910184 12719
0 12 60 5 -2 0 0 13215
0 12 61 3.50893 0.60269 0.382495 0.398423 10159
0 12 62 3 -2 0 0 11196
0 12 63 2.8143 0.727226 0.668649 0.611264 12412
0 13 0 2.44783 1.51656 1.16004 0.608535 7349
0 13 1 2 9.00604 1.41902 1.07574 5711
0 13 2 2.44088 1.02755 0.381794 0.100918 5412
0 13 3 2.18997 1.68983 0.4304 0.29808 4444
0 13 4 4.18743 0.355521 0.354104 0.0897427 5340
0 13 5 2 -2 0 0 5783
0 13 6 2.62775 0.695027 0.422116 0.0399936 4884
0 13 7 6 -2 0 0 4015
0 13 8 6 -2 0 0 5969
0 13 9 3.44976 1.04453 0.562283 0.474382 4302
0 13 10 2.4747 0.527164 0.734464 0.272276 4309
0 13 11 2 -2 0 0 6419
0 13 12 2 0.821058 1.24766 0.817604 4889
0 13 13 3 -2 0 0 4529
0 13 14 5 -2 0 0 7795
0 13 15 4 -2 0 0 4983
0 13 16 2.48134 0.888059 0.257638 0.0358892 4490
0 13 17 2 -2 0 0 6857
0 13 18 4.7071 0.332805 0.323644 0.0654698 4704
0 13 19 3.82746 0.308401 0.406052 0.0510236 4109
0 13 20 2.88681 0.518436 0.68586 0.142748 5858
0 13 21 4 -2 0 0 4882
0 13 22 4.35479 0.549441 0.576466 0.480712 4261
0 13 23 9 -2 0 0 6459
0 13 24 3.17544 -3 0 0 6069
0 13 25 4.08191 0.764104 0.676245 0.593845 4954
0 13 26 4 -2 0 0 7979
0 13 27 6 -2 0 0 5645
0 13 28 3.41018 0.400281 0.379976 0.0274246 4846
0 13 29 2.68459 0.783494 1.11873 0.178083 7626
0 13 30 6 -2 0 0 5121
0 13 31 4.36959 0.630356 0.643222 0.424373 4502
0 13 32 3.24441 0.292388 0.928919 0.0550289 4297
0 13 33 7 -2 0 0 5299
0 13 34 4.21809 0.292987 0.607563 0.22882 8873
0 13 35 2 10.6056 1.03465 0.845706 4693
0 13 36 7 -2 0 0 5780
0 13 37 7 -2 0 0 6966
0 13 38 5 -2 0 0 5282
0 13 39 4.33101 0.426824 0.308675 0.0655742 8217
0 13 40 4.4104 0.621463 0.505798 0.174446 5748
0 13 41 8 -2 0 0 4988
0 13 42 3.17544 -3 0 0 7032
0 13 43 2.8777 1.11272 0.796608 0.651017 8378
0 13 44 5 -2 0 0 5462
0 13 45 2.56764 0.760839 1.01767 0.675396 5679
0 13 46 4.51087 0.470643 0.273182 0.234661 10837
0 13 47 5 -2 0 0 5477
0 13 48 3.2979 0.694866 0.286504 0.0572319 6266
0 13 49 2.07179 10.5973 1.43158 0.918915 7511
0 13 50 2 -2 0 0 6507
0 13 51 4 -2 0 0 10968
0 13 52 5 -2 0 0 9070
0 13 53 5 -2 0 0 5429
0 13 54 6 -2 0 0 6840
0 13 55 5.27274 0.306692 0.332267 0.521162 9950
0 13 56 3.217 0.457301 0.320142 0.0153127 8324
0 13 57 6 -2 0 0 9438
0 13 58 3 -2 0 0 6943
0 13 59 3 -2 0 0 10368
0 13 60 3 -2 0 0 6016
0 13 61 3.17544 -3 0 0 11783
0 13 62 5.98926 0.337423 0.336547 1.08792 10765
0 13 63 2.5319 0.724714 0.314458 0.113417 8017
0 14 0 3.407 0.559287 0.262171 0.27725 9085
0 14 1 4.04748 0.411164 0.34607 0.0239857 9175
0 14 2 5.33401 0.587975 0.361954 0.908189 10149
0 14 3 3 -2 0 0 9869
0 14 4 2 -2 0 0 7828
0 14 5 5 -2 0 0 9314
0 14 6 4.89762 0.616027 0.466905 0.549237 10276
0 14 7 4 -2 0 0 11157
0 14 8 2.24764 2.12383 0.762305 1.00074 8819
0 14 9 2 -2 0 0 11562
0 14 10 3.79651 0.340644 0.330128 0.0114872 11827
0 14 11 4 -2 0 0 7442
0 14 12 2 -2 0 0 8938
0 14 13 5 -2 0 0 9157
0 14 14 2.49478 1.06259 0.568486 0.592695 7981
0 14 15 3.29403 -3 0 0 8977
0 14 16 4.67074 0.504959 0.337692 0.103653 13189
0 14 17 2.70656 0.919275 0.224034 0.0821579 6642
0 14 18 2.09092 2.34713 0.257414 0.114439 8592
0 14 19 6.2084 0.401891 0.259694 1.03597 10543
0 14 20 3.24125 0.406926 0.335814 0.0600357 7111
0 14 21 3.4875 0.411675 0.302943 0.0626939 11170
0 14 22 3.29403 -3 0 0 9996
0 14 23 3.29135 0.260992 0.330377 0.0582767 6859
0 14 24 5.0586 0.60394 0.19902 0.259533 8283
0 14 25 2 -2 0 0 9754
0 14 26 4.84655 0.589416 0.340162 0.326272 7036
0 14 27 2.89029 0.783986 0.339132 0.231182 7535
0 14 28 3.29403 -3 0 0 7974
0 14 29 2 -2 0 0 6184
0 14 30 4 -2 0 0 7477
0 14 31 3.29403 -3 0 0 8019
0 14 32 2.7728 0.739309 1.08049 0.418218 6751
0 14 33 3.81563 0.269552 0.630187 0.649429 6929
0 14 34 3.80621 0.417435 0.308502 0.0844729 6506
0 14 35 3.25864 0.58032 0.328528 0.0521153 6792
0 14 36 3.29403 -3 0 0 6458
0 14 37 4 -2 0 0 5939
0 14 38 3.24775 0.423464 0.300915 0.0501854 5932
0 14 39 5 -2 0 0 5912
0 14 40 5 -2 0 0 6237
0 14 41 4.35349 0.524508 0.474836 0.299046 6361
0 14 42 3.36425 0.848975 0.863989 0.891351 5341
0 14 43 7 -2 0 0 4450
0 14 44 3.04656 1.05468 0.307392 0.462216 6011
0 14 45 5 -2 0 0 7794
0 14 46 4.0889 0.627323 0.368048 0.157904 3122
0 14 47 2 -2 0 0 5394
0 14 48 6 -2 0 0 5527
0 14 49 3.23825 0.262831 0.860409 0.809496 5386
0 14 50 2.30359 1.34908 0.574146 0.287444 5210
0 14 51 7 -2 0 0 4723
0 14 52 2.40145 0.955884 0.257615 0.312846 5397
0 14 53 2 -2 0 0 5317
0 14 54 5 -2 0 0 5238
0 14 55 3 -2 0 0 4309
0 14 56 2 -2 0 0 5643
0 14 57 3 -2 0 0 5519
0 14 58 3.94427 0.750214 0.171379 0.196838 5018
0 14 59 7 -2 0 0 5278
0 14 60 3.46302 0.375121 0.254035 0.0092378 5560
0 14 61 4.83499 0.631065 0.231057 0.676502 4861
0 14 62 6 -2 0 0 8773
0 14 63 2 -2 0 0 4998
0 15 0 2 1.53664 1.24591 0.970873 4703
0 15 1 2.04643 10.4441 0.872871 0.522639 3242
0 15 2 2 -2 0 0 1823
0 15 3 5.96082 0.209114 0.1 0.360761 899
0 15 4 10 -2 0 0 6903
0 15 5 5.3768 0.540214 0.567561 0.355866 3557
0 15 6 3 -2 0 0 1721
0 15 7 5.88079 0.531598 0.313237 0.77525 3369
0 15 8 2 2.16957 0.954066 0.97841 3605
0 15 9 0 -10 0 0 0
0 15 10 7.02764 0.719163 0.262466 0.866613 4957
0 15 11 0 -10 0 0 0
0 15 12 2.96971 0.93344 1.26381 0.345253 1819
0 15 13 2 -2 0 0 3828
0 15 14 2.94865 -3 0 0 4
0 15 15 3 -2 0 0 4084
0 15 16 5.41313 0.325103 0.36316 0.414505 3462
0 15 17 6 -2 0 0 3162
0 15 18 3 -2 0 0 3969
0 15 19 2.95418 0.296157 0.73045 0.0904581 3728
0 15 20 2.49615 1.05301 0.943105 0.126877 3894
0 15 21 2 9.87142 1.53537 0.838541 3717
0 15 22 2.94865 -3 0 0 1936
0 15 23 7 -2 0 0 4158
0 15 24 3.43784 0.359833 0.295388 0.0514737 4842
0 15 25 2.99687 0.701209 0.33343 0.0580196 3899
0 15 26 5 -2 0 0 4052
0 15 27 5 -2 0 0 1826
0 15 28 5.72407 0.463301 0.215182 0.0600088 3664
0 15 29 2.12682 2.33482 0.688645 0.515397 3155
0 15 30 8 -2 0 0 4611
0 15 31 4.96987 0.785837 0.171103 0.588622 3855
0 15 32 5.50523 0.594649 0.235434 0.268146 4228
0 15 33 2.61018 0.938166 0.393 0.193591 3688
0 15 34 4.4738 0.216939 0.1 0.0581757 2356
0 15 35 6 -2 0 0 4294
0 15 36 4.99131 0.571212 0.292306 0.104643 3681
0 15 37 3.24141 0.93676 0.454215 0.181478 5114
0 15 38 7.85779 0.375699 0.385585 0.788514 4386
0 15 39 4 -2 0 0 5559
0 15 40 3 -2 0 0 4332
0 15 41 6 -2 0 0 4340
0 15 42 6.54989 0.400882 0.1 0.34273 3674
0 15 43 3.62937 0.322145 0.920769 0.524364 4758
0 15 44 4 -2 0 0 4555
0 15 45 3 -2 0 0 4438
0 15 46 3.28051 0.483527 0.436671 0.0183202 5319
0 15 47 7.38112 0.58259 0.279218 0.535061 4917
0 15 48 2.94865 -3 0 0 2
0 15 49 5 -2 0 0 1716
0 15 50 2.46502 0.687001 0.26292 0.0274179 5032
0 15 51 3.40883 0.290839 0.354842 0.0142984 7577
0 15 52 3 -2 0 0 6189
0 15 53 3 -2 0 0 4744
0 15 54 7 -2 0 0 5386
0 15 55 2.94865 -3 0 0 6353
0 15 56 2.81106 1.09053 0.173448 0.0875526 6481
0 15 57 5 -2 0 0 7048
0 15 58 3 -2 0 0 5221
0 15 59 6.21011 0.503412 0.268259 0.962009 6592
0 15 60 2 8.2457 0.876295 0.362967 5051
0 15 61 5 -2 0 0 7854
0 15 62 2.73704 0.787763 0.408884 0.0669652 6568
0 15 63 2 10.6816 0.448055 0.308262 5612
1 0 0 2.21216 0.320834 0.344971 0.362032 95781
1 0 1 2.84413 0.667693 0.852862 0.332048 8804
1 0 2 2.99521 0.604918 0.441105 0.367785 7828
1 0 3 2.70451 0.619207 0.647584 0.416472 8072
1 0 4 4 -2 0 0 9775
1 0 5 3.81003 0.436548 0.377332 0.0996453 7861
1 0 6 2.78713 0.664445 0.672726 0.943938 8801
1 0 7 4.06072 0.472398 0.577617 0.295612 7047
1 0 8 3.83408 0.593871 0.459588 0.499312 9128
1 0 9 3.41709 0.584452 0.527608 0.209717 7675
1 0 10 3.66621 0.756281 0.894958 0.611733 6981
1 0 11 3.6188 0.509713 0.606865 0.370602 10349
1 0 12 4.17052 0.435624 0.904773 0.608759 8122
1 0 13 4 -2 0 0 7667
1 0 14 4 -2 0 0 11387
1 0 15 3 -2 0 0 9125
1 0 16 4 -2 0 0 7181
1 0 17 2.96791 -3 0 0 11379
1 0 18 3 -2 0 0 10041
1 0 19 3.8152 0.411774 0.371554 0.0374987 9186
1 0 20 3.43678 0.392159 0.316518 0.0278961 9646
1 0 21 3.54578 0.758825 0.652116 0.823513 8179
1 0 22 2.9991 0.370274 0.819587 0.309751 8437
1 0 23 5 -2 0 0 10331
1 0 24 2.96791 -3 0 0 9389
1 0 25 2.90901 0.426023 1.09425 0.177907 8913
1 0 26 3.57591 0.511101 0.595832 0.140707 11864
1 0 27 6 -2 0 0 9630
1 0 28 4.1414 0.474169 0.566394 0.233125 7878
1 0 29 3.30509 0.572255 1.20713 0.93418 11358
1 0 30 4.11835 0.510473 0.375214 0.450771 10078
1 0 31 5 -2 0 0 9024
1 0 32 3.23998 0.565348 1.48929 0.037692 9314
1 0 33 2.83859 0.825929 0.722013 0.910529 11716
1 0 34 4.24207 0.428582 0.29421 0.103767 14562
1 0 35 2.12371 8.91174 1.7298 0.410633 9390
1 0 36 3.30277 0.639436 1.22566 0.181542 9650
1 0 37 0 -10 0 0 0
1 0 38 2.4256 0.757369 0.812852 0.0862755 10870
1 0 39 3.53706 0.665601 0.792349 0.52558 12815
1 0 40 7 -2 0 0 10417
1 0 41 6 -2 0 0 10459
1 0 42 2.96791 -3 0 0 11801
1 0 43 3.16931 0.788737 0.824062 0.6944 13644
1 0 44 4 -2 0 0 9713
1 0 45 3.77631 0.525797 0.852306 0.411811 8447
1 0 46 3.64214 0.266964 0.775903 0.171726 13198
1 0 47 6 -2 0 0 11595
1 0 48 3.65913 0.471789 0.373558 0.103425 10524
1 0 49 4 -2 0 0 13765
1 0 50 6 -2 0 0 10470
1 0 51 7 -2 0 0 16844
1 0 52 2.7143 0.721844 0.721283 0.788499 14052
1 0 53 2.98577 0.6269 0.809281 0.0337223 12141
1 0 54 7 -2 0 0 12939
1 0 55 3.33985 0.514321 0.311002 0.0230083 14072
1 0 56 3.21936 0.445453 1.06701 0.332683 13381
1 0 57 4 -2 0 0 14231
1 0 58 4 -2 0 0 13721
1 0 59 2 -2 0 0 14357
1 0 60 2.86952 6.67553 1.20499 0.0554279 11755
1 0 61 3.2056 0.538119 0.466194 0.182625 15968
1 0 62 2.49322 0.661101 0.351282 0.122462 16898
1 0 63 2.42876 0.708995 0.327005 0.0176111 14461
1 1 0 2.61501 0.71826 0.395273 0.0761435 40033
1 1 1 5.11337 0.366311 0.231926 0.477923 16924
1 1 2 2 -2 0 0 16560
1 1 3 4.79023 0.357778 0.286692 0.0527014 13662
1 1 4 3.02759 0.886396 0.836968 0.919662 13771
1 1 5 2.80389 0.743085 1.35428 0.0871584 11169
1 1 6 5.07433 0.333873 0.348733 0.103315 15610
1 1 7 3.49637 -3 0 0 14678
1 1 8 3.10112 0.248467 0.961654 0.825265 12578
1 1 9 3.76322 0.605825 0.639562 0.566203 16030
1 1 10 3.49637 -3 0 0 16207
1 1 11 2 -2 0 0 12697
1 1 12 3.83117 0.467971 0.331337 0.138687 14047
1 1 13 2.69509 0.91538 1.48652 0.812103 11244
1 1 14 3.86951 0.307666 0.436297 0.0830942 13073
1 1 15 3.49637 -3 0 0 13984
1 1 16 6 -2 0 0 15528
1 1 17 5 -2 0 0 14096
1 1 18 3.13008 0.738132 1.10334 0.672766 12880
1 1 19 4 -2 0 0 12017
1 1 20 4 -2 0 0 2235
1 1 21 4.03698 0.307158 0.939756 0.654449 14706
1 1 22 5 -2 0 0 13651
1 1 23 5 -2 0 0 11800
1 1 24 3.49637 -3 0 0 13373
1 1 25 5 -2 0 0 11056
1 1 26 3.49637 -3 0 0 13536
1 1 27 2 -2 0 0 11370
1 1 28 4.89296 0.404088 0.293161 0.343485 9742
1 1 29 3.49637 -3 0 0 12285
1 1 30 3.83948 0.564268 0.562953 0.334766 1065
1 1 31 7 -2 0 0 11733
1 1 32 4.09661 0.393411 0.324161 0.0810383 10872
1 1 33 5.34361 0.465266 0.556773 0.859835 10500
1 1 34 3.49637 -3 0 0 10354
1 1 35 3.49637 -3 0 0 1
1 1 36 4.25423 0.622102 0.53232 0.987048 10341
1 1 37 0 -10 0 0 0
1 1 38 3.49637 -3 0 0 1
1 1 39 3.61029 0.546878 0.694594 0.305367 2813
1 1 40 4.39651 0.508079 0.960478 0.381662 11171
1 1 41 0 -10 0 0 0
1 1 42 0 -10 0 0 0
1 1 43 2 -2 0 0 11684
1 1 44 0 -10 0 0 0
1 1 45 4.74389 0.367789 0.307671 0.0654867 12141
1 1 46 3.77556 0.538165 0.521239 0.671082 39822
1 1 47 0 -10 0 0 0
1 1 48 6 -2 0 0 10318
1 1 49 3.75251 0.426675 0.329783 0.131576 10156
1 1 50 3.49637 -3 0 0 3
1 1 51 0 -10 0 0 0
1 1 52 6 -2 0 0 9640
1 1 53 0 -10 0 0 0
1 1 54 3.34541 0.579356 0.453647 0.204084 9883
1 1 55 3.49637 -3 0 0 9090
1 1 56 2 8.90797 0.471664 0.10889 1973
1 1 57 3.65988 0.507072 0.355621 0.218969 9382
1 1 58 3.49637 -3 0 0 9893
1 1 59 4.10325 0.407941 0.313448 0.329144 10527
1 1 60 0 -10 0 0 0
1 1 61 3 -2 0 0 9597
1 1 62 3.60184 0.513125 0.355497 0.17217 8874
1 1 63 2 -2 0 0 9280
1 2 0 2.53292 1.14419 0.322943 0.228582 112532
1 2 1 3.51037 0.561282 0.436715 0.352152 18125
1 2 2 4.01072 0.483533 0.301912 0.335301 18082
1 2 3 2 -2 0 0 14713
1 2 4 2 -2 0 0 14748
1 2 5 3.61774 0.520485 0.364874 0.317405 14157
1 2 6 5 -2 0 0 13973
1 2 7 2 -2 0 0 11675
1 2 8 5 -2 0 0 14490
1 2 9 4 -2 0 0 15140
1 2 10 2.27896 7.20448 1.16026 0.169403 11321
1 2 11 2.971 0.756206 0.601153 0.443975 16179
1 2 12 3.51929 0.279166 0.661822 0.086595 14634
1 2 13 3.35199 0.682683 0.955535 1.07935 12015
1 2 14 6 -2 0 0 19897
1 2 15 3.32029 0.470653 0.443991 0.011672 12858
1 2 16 3.25798 0.529481 0.926134 0.486025 12124
1 2 17 3 -2 0 0 18422
1 2 18 3.33588 -3 0 0 15002
1 2 19 4 -2 0 0 12505
1 2 20 2 -2 0 0 14282
1 2 21 2.51815 0.844318 1.3341 0.748075 13844
1 2 22 5 -2 0 0 11573
1 2 23 3.45475 0.534622 0.522452 0.182337 16785
1 2 24 2.56291 0.926882 0.922886 0.907927 16541
1 2 25 5 -2 0 0 10523
1 2 26 3.83385 0.517747 0.709132 0.366171 18710
1 2 27 2.99577 0.595851 1.35544 0.163863 12100
1 2 28 5 -2 0 0 10616
1 2 29 4 -2 0 0 16471
1 2 30 3.33588 -3 0 0 11918
1 2 31 4 -2 0 0 9239
1 2 32 5 -2 0 0 11279
1 2 33 3.03167 0.614467 0.620346 0.632463 12168
1 2 34 5 -2 0 0 19102
1 2 35 6 -2 0 0 9869
1 2 36 3.55521 0.530674 0.623556 0.340423 12562
1 2 37 0 -10 0 0 0
1 2 38 3.9474 0.434675 0.360015 0.16552 10684
1 2 39 2 -2 0 0 12838
1 2 40 3.70552 0.519934 0.864331 0.728899 14057
1 2 41 4 -2 0 0 10390
1 2 42 3.27656 0.579826 0.839416 0.347057 12895
1 2 43 4 -2 0 0 17634
1 2 44 2 8.51421 1.69454 0.200482 10777
1 2 45 6 -2 0 0 11588
1 2 46 5 -2 0 0 17134
1 2 47 2.60256 0.800877 1.16015 0.241396 8721
1 2 48 3.65203 0.212808 0.919071 0.591113 11793
1 2 49 3.38819 0.535207 0.511679 0.212371 13682
1 2 50 6 -2 0 0 11757
1 2 51 3.7274 0.495899 0.863276 0.563056 17495
1 2 52 3.36608 0.617352 0.907858 0.29651 18091
1 2 53 4 -2 0 0 10841
1 2 54 4 -2 0 0 13067
1 2 55 3.33588 -3 0 0 16354
1 2 56 5 -2 0 0 12883
1 2 57 5 -2 0 0 15318
1 2 58 2.97613 0.57067 0.504826 0.187569 12930
1 2 59 4.24911 0.415578 0.525045 0.0955934 17566
1 2 60 2 -2 0 0 12206
1 2 61 3.7916 0.467573 0.342023 0.133104 18381
1 2 62 3.83645 0.598777 0.451246 0.579938 17796
1 2 63 2 -2 0 0 14462
1 3 0 2.42623 0.723453 0.865177 0.196234 65811
1 3 1 2.7378 0.860044 0.688614 0.180083 19471
1 3 2 2.47799 0.648991 0.538684 0.133196 18570
1 3 3 4 -2 0 0 17063
1 3 4 2.54918 0.899441 0.727233 0.10742 19034
1 3 5 3 -2 0 0 18417
1 3 6 4 -2 0 0 18822
1 3 7 2.44813 0.596383 0.960936 0.130648 20152
1 3 8 5 -2 0 0 19654
1 3 9 2.82092 0.371538 0.987298 0.0554845 19185
1 3 10 2.52594 0.792413 0.372124 0.0164712 18119
1 3 11 2.28666 0.790796 0.633811 0.0382841 17996
1 3 12 3 -2 0 0 19699
1 3 13 2.68055 0.616934 0.610158 0.244963 18809
1 3 14 2.78122 0.719813 0.735933 0.0498787 20006
1 3 15 3.32213 0.484143 0.47761 0.120033 20170
1 3 16 2.44609 0.812425 0.973088 0.567417 19854
1 3 17 4 -2 0 0 19097
1 3 18 3.56299 0.427006 0.747858 0.217269 18525
1 3 19 3.42467 0.435576 0.939307 0.0240574 21622
1 3 20 3.64395 0.29088 0.558772 0.0297035 18293
1 3 21 2.82038 0.715494 1.33878 0.139814 17484
1 3 22 4 -2 0 0 17614
1 3 23 3.21974 0.495909 0.330683 0.101185 19323
1 3 24 2.28438 1.5763 0.810657 0.214898 18191
1 3 25 4 -2 0 0 20073
1 3 26 3.72694 0.440991 0.440394 0.0793013 19162
1 3 27 3.08968 0.548643 0.360886 0.174185 18863
1 3 28 4 -2 0 0 19331
1 3 29 3.29671 0.391605 0.403241 0.0844432 19134
1 3 30 2.77639 0.846962 1.21179 0.171091 16591
1 3 31 2.87334 0.552719 0.612671 0.0590695 18028
1 3 32 4 -2 0 0 20229
1 3 33 3.51434 0.411095 0.353783 0.0189167 18643
1 3 34 3.10444 0.585553 0.913221 0.0400508 17763
1 3 35 3.21541 0.457081 0.989715 0.133014 19713
1 3 36 2.94148 0.470248 0.749122 0.0681316 18469
1 3 37 0 -10 0 0 0
1 3 38 3.25198 0.448503 0.597667 0.0255956 19424
1 3 39 4 -2 0 0 19464
1 3 40 4 -2 0 0 19449
1 3 41 3.50635 0.33864 0.55813 0.0591438 17212
1 3 42 4 -2 0 0 19101
1 3 43 2.86801 0.328716 0.645081 0.249155 19024
1 3 44 5 -2 0 0 18927
1 3 45 4 -2 0 0 19548
1 3 46 3.33624 0.355208 0.326815 0.0341199 20155
1 3 47 3.34398 0.969941 1.29784 0.0354072 19988
1 3 48 3.22412 0.26464 0.504832 0.0605911 17948
1 3 49 2.88848 0.368207 0.666278 0.0210498 20583
1 3 50 3.30079 0.27628 0.374002 0.00684204 18210
1 3 51 3.9466 0.359161 0.404542 0.22829 19162
1 3 52 2.41777 0.881867 0.841178 0.377159 20751
1 3 53 2.75178 0.565703 0.53514 0.162913 18324
1 3 54 3.25527 0.568289 0.526466 0.200399 18756
1 3 55 2.74454 0.726433 0.80366 0.169889 18645
1 3 56 2.85015 0.472751 1.13703 0.159011 19644
1 3 57 2.9566 0.647181 0.510137 0.392596 18813
1 3 58 3 -2 0 0 16855
1 3 59 2.69776 0.645582 0.583648 0.142888 19649
1 3 60 2.42989 0.852446 0.690001 0.0243186 19324
1 3 61 3.05224 0.550158 0.411082 0.120237 17651
1 3 62 3.54068 0.535861 0.640557 0.212998 17663
1 3 63 3 -2 0 0 20184
1 4 0 4 -2 0 0 114889
1 4 1 4.43831 0.481602 0.522767 0.105456 12981
1 4 2 3.76984 0.348018 0.430276 0.142121 10607
1 4 3 6 -2 0 0 8061
1 4 4 4.29106 0.27658 1.42529 0.692928 8078
1 4 5 4 -2 0 0 10087
1 4 6 3.32319 0.574869 0.41399 0.0508088 11398
1 4 7 6 -2 0 0 6486
1 4 8 2.99301 -3 0 0 10538
1 4 9 3.55321 0.496057 0.374066 0.0385081 9118
1 4 10 5 -2 0 0 7999
1 4 11 2.75835 1.56154 2.00788 0.474713 10347
1 4 12 3.29028 0.579684 0.475925 0.0879263 8596
1 4 13 2.84809 0.697361 1.22507 0.6118 6898
1 4 14 2 -2 0 0 12593
1 4 15 7 -2 0 0 7817
1 4 16 4.08896 0.372055 0.339804 0.0381951 7603
1 4 17 3.83443 0.290607 0.408703 0.0129629 9936
1 4 18 7 -2 0 0 7420
1 4 19 7 -2 0 0 6405
1 4 20 2 8.53481 1.54575 0.564634 8052
1 4 21 3 -2 0 0 10003
1 4 22 4 -2 0 0 6937
1 4 23 7 -2 0 0 9514
1 4 24 3.94505 0.485029 0.545193 0.0979673 11953
1 4 25 3.07753 0.912867 0.763166 0.392217 5338
1 4 26 3 -2 0 0 11005
1 4 27 7 -2 0 0 6021
1 4 28 4.4727 0.422837 0.272592 0.018438 5528
1 4 29 2.99301 -3 0 0 10087
1 4 30 2.99301 -3 0 0 7161
1 4 31 4.50617 0.289426 1.35238 0.618999 4938
1 4 32 2 -2 0 0 5489
1 4 33 2 0.753482 1.38855 0.850756 6216
1 4 34 5.24359 0.588883 0.585218 0.304838 11001
1 4 35 6 -2 0 0 6156
1 4 36 5.32456 0.436413 0.283972 0.487827 7549
1 4 37 0 -10 0 0 0
1 4 38 2.84775 0.527853 1.09656 0.551121 4988
1 4 39 3.48246 0.341749 0.461005 0.126305 6960
1 4 40 4 -2 0 0 7944
1 4 41 2.99301 -3 0 0 5133
1 4 42 2 -2 0 0 5975
1 4 43 3.96654 0.705159 0.64921 0.436885 8615
1 4 44 2.99301 -3 0 0 4651
1 4 45 2.99301 -3 0 0 6845
1 4 46 2.63038 0.831202 0.617695 0.124826 11943
1 4 47 3.97601 0.984794 1.51629 0.926685 5773
1 4 48 4.0364 0.537568 0.390745 0.0980414 5682
1 4 49 2.73092 0.853755 0.806995 0.495052 8205
1 4 50 7 -2 0 0 5405
1 4 51 2.99301 -3 0 0 7750
1 4 52 5.62841 0.512217 0.516591 0.61355 8438
1 4 53 2.99301 -3 0 0 4054
1 4 54 3.59607 0.529481 0.561355 0.275533 6716
1 4 55 2 9.33189 0.818454 0.697105 8108
1 4 56 3 -2 0 0 6359
1 4 57 2.41224 0.963814 0.76162 0.315056 6818
1 4 58 2.99301 -3 0 0 6389
1 4 59 7 -2 0 0 9612
1 4 60 2.99301 -3 0 0 5048
1 4 61 2 -2 0 0 7994
1 4 62 3.54249 0.614905 0.770689 0.339599 7970
1 4 63 2 1.05398 1.14514 1.00927 7153
1 5 0 2 -2 0 0 114626
1 5 1 6 -2 0 0 13200
1 5 2 3.69911 0.461755 0.371295 0.0903667 10759
1 5 3 4.16733 0.421823 0.491482 0.218745 12516
1 5 4 5 -2 0 0 13939
1 5 5 4.85557 0.384781 0.351123 0.312537 10810
1 5 6 4 -2 0 0 11109
1 5 7 2.82246 0.617064 0.397249 0.182629 12374
1 5 8 3.52632 0.58542 0.490856 0.516138 12860
1 5 9 6 -2 0 0 10583
1 5 10 4.23253 0.463434 0.210324 0.278612 10802
1 5 11 3.38794 0.520407 0.366905 0.100142 11354
1 5 12 2.44195 0.643354 0.423893 0.0662657 10849
1 5 13 3.08698 0.609365 0.539594 0.473802 13612
1 5 14 3.40787 0.620462 0.957988 0.23929 10966
1 5 15 3 -2 0 0 13903
1 5 16 3.13205 -3 0 0 11858
1 5 17 3 -2 0 0 13005
1 5 18 2 -2 0 0 13141
1 5 19 4.0438 0.486455 0.349566 0.264184 15755
1 5 20 3.13205 -3 0 0 12173
1 5 21 3.13205 -3 0 0 12932
1 5 22 3.59254 0.484453 0.435574 0.26266 12099
1 5 23 2 8.01265 1.69713 0.365484 11533
1 5 24 3.13205 -3 0 0 10776
1 5 25 2 -2 0 0 14167
1 5 26 4.39347 0.345397 0.33725 0.0510332 12680
1 5 27 6 -2 0 0 12893
1 5 28 4 -2 0 0 13221
1 5 29 4.92707 0.397483 0.26794 0.306737 13465
1 5 30 3.13205 -3 0 0 12707
1 5 31 3.27724 0.326759 0.916765 0.290186 15378
1 5 32 3.13205 -3 0 0 15655
1 5 33 4.24384 0.490339 0.747084 0.544803 16154
1 5 34 4.12179 0.441333 0.326321 0.0541798 13158
1 5 35 5 -2 0 0 13497
1 5 36 2.78689 0.513584 1.12355 0.845098 13967
1 5 37 0 -10 0 0 0
1 5 38 4.12264 0.442522 0.189198 0.0573662 20153
1 5 39 2.42172 0.891698 1.28791 1.02162 16537
1 5 40 3.13205 -3 0 0 14238
1 5 41 2 -2 0 0 16118
1 5 42 2.57261 0.949319 1.40726 0.869656 17241
1 5 43 3.25018 0.634665 0.949075 0.282424 15206
1 5 44 3.13205 -3 0 0 14139
1 5 45 3.27401 0.497206 0.35554 0.0706059 14343
1 5 46 4 -2 0 0 13981
1 5 47 3.13205 -3 0 0 20859
1 5 48 3.35575 0.629648 0.424223 0.193869 15757
1 5 49 3.26747 0.54911 0.546404 0.160221 14117
1 5 50 3.46951 0.317342 0.770583 0.287418 20655
1 5 51 4.01717 0.503362 0.338731 0.235737 17804
1 5 52 4 -2 0 0 14001
1 5 53 5 -2 0 0 16393
1 5 54 3 -2 0 0 18680
1 5 55 2.53603 0.934879 0.981079 0.623745 17466
1 5 56 3.13205 -3 0 0 19215
1 5 57 3.22545 0.611813 0.78751 0.219494 18784
1 5 58 2 -2 0 0 16610
1 5 59 2.23179 0.978756 0.51543 0.374377 15706
1 5 60 2.88508 0.67115 0.824928 0.172036 16969
1 5 61 3 -2 0 0 19932
1 5 62 5 -2 0 0 17436
1 5 63 6 -2 0 0 15833
1 6 0 2 12.563 0.518917 0.816397 89889
1 6 1 2 -2 0 0 6796
1 6 2 4.01409 0.638362 0.314119 0.452021 6622
1 6 3 3.49612 0.749676 0.35346 0.101025 3408
1 6 4 5 -2 0 0 3937
1 6 5 2 -2 0 0 4345
1 6 6 2 -2 0 0 5264
1 6 7 5.35364 0.324514 0.337841 0.846332 3683
1 6 8 2.60331 1.20524 1.39039 0.216146 4750
1 6 9 7 -2 0 0 4547
1 6 10 5.11583 0.558382 0.336874 0.688126 3519
1 6 11 3.92408 0.603006 0.741525 0.359692 3709
1 6 12 5.10131 0.461512 0.238559 0.0610082 4148
1 6 13 3.2658 0.663793 0.196878 0.0985083 3355
1 6 14 4.15057 0.590988 0.401574 0.0534582 5657
1 6 15 4 -2 0 0 3408
1 6 16 4.81537 0.588101 0.424121 0.221294 5099
1 6 17 4.1579 0.400857 0.392108 0.100915 3906
1 6 18 4.2166 -3 0 0 3590
1 6 19 4.82452 0.552641 0.247678 0.188232 4541
1 6 20 4.46503 0.637159 0.336911 0.324197 3978
1 6 21 3.91999 0.629795 0.437167 0.0689006 4884
1 6 22 3.39924 0.299124 0.946971 0.487428 3642
1 6 23 6 -2 0 0 4492
1 6 24 4.2166 -3 0 0 5535
1 6 25 8 -2 0 0 4138
1 6 26 4.27817 0.355009 0.535009 0.0514954 5309
1 6 27 4.46408 0.419388 0.27051 0.0947288 2532
1 6 28 4.49957 0.404757 0.332131 0.0358157 3178
1 6 29 5.85822 0.630776 0.474447 0.471937 4461
1 6 30 4.2166 -3 0 0 3504
1 6 31 4.83167 0.483833 0.522707 0.391647 2081
1 6 32 6.76364 0.468911 0.278772 0.733748 2570
1 6 33 5.55724 0.499711 0.570087 0.710263 2788
1 6 34 7 -2 0 0 4630
1 6 35 6.87148 0.683151 0.302917 0.985661 3261
1 6 36 3.31761 0.974635 0.771106 0.593935 3289
1 6 37 0 -10 0 0 0
1 6 38 4.43953 0.689094 0.980239 0.368555 2784
1 6 39 4 -2 0 0 2911
1 6 40 4.80277 0.547937 0.489363 0.23948 3301
1 6 41 4.2166 -3 0 0 2872
1 6 42 10 -2 0 0 3140
1 6 43 4.2166 -3 0 0 4111
1 6 44 6.48854 0.340366 0.563502 0.622707 2765
1 6 45 6.03876 0.907416 0.315301 0.856902 2727
1 6 46 2.00037 7.76042 1.26171 1.01926 4510
1 6 47 8 -2 0 0 2508
1 6 48 4.83359 0.588036 0.242668 0.189904 3289
1 6 49 5.01516 0.496025 0.905482 0.779234 3134
1 6 50 6 -2 0 0 3264
1 6 51 2 -2 0 0 2916
1 6 52 6 -2 0 0 4521
1 6 53 4.2166 -3 0 0 2842
1 6 54 5 -2 0 0 3224
1 6 55 4.5675 0.539668 0.256265 0.343796 3877
1 6 56 7 -2 0 0 3311
1 6 57 4.26064 0.339 0.397377 0.0813258 2939
1 6 58 4.85536 0.44852 0.300583 0.0450351 3174
1 6 59 4.2166 -3 0 0 4145
1 6 60 4.32308 0.666728 0.651057 0.532084 3044
1 6 61 3 -2 0 0 3924
1 6 62 5 -2 0 0 4354
1 6 63 2.99804 0.944219 0.437115 0.257918 3128
1 7 0 2.29879 0.127299 0.23878 0.194887 30001
1 7 1 4.17367 0.583611 0.405053 0.12619 2977
1 7 2 3.15894 0.834725 0.678518 0.260614 2635
1 7 3 4.42017 0.522094 0.331309 0.0708773 3050
1 7 4 3.9717 0.308642 0.439347 0.0211353 2959
1 7 5 4 -2 0 0 3277
1 7 6 4.95757 0.289449 0.431032 0.186316 2671
1 7 7 3.58634 -3 0 0 2627
1 7 8 4 -2 0 0 3111
1 7 9 5.06574 0.359764 0.931247 0.204174 2576
1 7 10 7 -2 0 0 2690
1 7 11 3.41486 0.904225 0.925367 0.607083 3095
1 7 12 7 -2 0 0 2820
1 7 13 5.67838 0.718193 0.417315 0.792453 3447
1 7 14 2 1.97135 1.45452 0.911564 3318
1 7 15 4.39235 0.304788 1.02858 0.548087 3183
1 7 16 3.32006 0.81122 1.11664 0.129319 3384
1 7 17 3.3174 0.336191 0.679678 0.185834 4035
1 7 18 6 -2 0 0 3499
1 7 19 5 -2 0 0 4140
1 7 20 3.21442 1.0403 1.52469 0.725305 3299
1 7 21 3 -2 0 0 2263
1 7 22 8 -2 0 0 3332
1 7 23 7 -2 0 0 3662
1 7 24 3.58634 -3 0 0 2961
1 7 25 3.4383 0.653095 0.534598 0.225955 3652
1 7 26 4.60181 0.30091 0.478031 0.0526755 3310
1 7 27 3.69788 0.698231 0.516584 0.0995074 3476
1 7 28 2 -2 0 0 3171
1 7 29 4.63154 0.487092 0.570972 0.195212 3350
1 7 30 4.70352 0.527982 0.646323 0.30749 3354
1 7 31 5 -2 0 0 3781
1 7 32 2.13633 8.69876 1.60181 0.750101 3749
1 7 33 6 -2 0 0 3271
1 7 34 4 -2 0 0 3118
1 7 35 4.79146 0.443105 0.533894 0.0579285 3767
1 7 36 2 -2 0 0 5081
1 7 37 0 -10 0 0 0
1 7 38 4.63319 0.469762 0.363655 0.15942 5494
1 7 39 4.42543 0.788899 0.6775 0.355034 7252
1 7 40 4.81326 0.569335 0.510009 0.156374 2283
1 7 41 6 -2 0 0 5261
1 7 42 6 -2 0 0 3848
1 7 43 2 9.98359 1.29661 0.732618 3982
1 7 44 7 -2 0 0 4959
1 7 45 7.51769 0.667797 0.507343 1.09611 3695
1 7 46 3.4058 0.738501 0.570224 0.0952684 3713
1 7 47 2.59704 1.09025 1.27932 0.680131 6096
1 7 48 4.72924 0.572761 0.647897 0.659864 4301
1 7 49 2 -2 0 0 4625
1 7 50 4.11006 0.348608 1.08146 0.236499 5065
1 7 51 2 -2 0 0 6599
1 7 52 4.58792 0.873487 0.439592 0.438669 4492
1 7 53 3.76104 0.757019 0.709995 0.48881 5794
1 7 54 3.45701 0.882014 0.579311 0.314505 4857
1 7 55 3.33878 0.804731 0.702712 0.224276 5098
1 7 56 2.3641 2.28617 1.34115 0.580992 6613
1 7 57 3.691 0.74739 0.518251 0.168147 7046
1 7 58 3.32259 0.692855 0.437512 0.113609 5093
1 7 59 3.30323 0.52753 0.388958 0.00634049 4899
1 7 60 2.67775 0.723838 1.04096 0.431907 6821
1 7 61 4.91212 0.452837 0.594405 0.129852 6422
1 7 62 3.37042 0.711811 0.411873 0.0136704 5145
1 7 63 4.46692 0.783632 0.449971 0.356752 4087
1 8 0 2.1617 0.296963 0.1 0.636316 90120
1 8 1 10 -2 0 0 4502
1 8 2 4 -2 0 0 5034
1 8 3 5.2806 0.499318 0.310701 0.290606 6238
1 8 4 4.32772 -3 0 0 6706
1 8 5 3.6793 0.43512 0.454986 0.0241244 4821
1 8 6 2.58545 1.13898 1.0282 0.473059 5443
1 8 7 6 -2 0 0 6924
1 8 8 6 -2 0 0 4593
1 8 9 6 -2 0 0 5728
1 8 10 6 -2 0 0 5173
1 8 11 3.35278 0.470348 1.24448 0.355009 4764
1 8 12 4.28715 0.554704 0.348391 0.0525664 5052
1 8 13 3.84998 0.522555 0.375799 0.0274399 6670
1 8 14 2.44224 1.24365 1.14869 1.07177 4501
1 8 15 5.31252 0.355427 0.634026 0.238214 5959
1 8 16 6 -2 0 0 6342
1 8 17 6 -2 0 0 5119
1 8 18 3.47279 1.30729 1.35631 0.586546 5101
1 8 19 4.32772 -3 0 0 7354
1 8 20 9 -2 0 0 6504
1 8 21 6 -2 0 0 5162
1 8 22 4.5792 0.710697 0.914541 0.570588 5473
1 8 23 6.12982 0.598576 0.337642 0.761491 5438
1 8 24 3.42975 6.73393 1.46886 0.550742 4057
1 8 25 7 -2 0 0 7258
1 8 26 5.67384 0.373253 0.606076 0.213192 5436
1 8 27 4.44921 0.4953 0.451187 0.0987427 5823
1 8 28 6 -2 0 0 5657
1 8 29 4.16405 0.570105 1.00387 0.256831 5224
1 8 30 7 -2 0 0 6195
1 8 31 6 -2 0 0 9111
1 8 32 8 -2 0 0 7401
1 8 33 4.32772 -3 0 0 8533
1 8 34 6 -2 0 0 6045
1 8 35 5 -2 0 0 8172
1 8 36 2.8701 1.00906 0.905392 0.25911 6477
1 8 37 0 -10 0 0 0
1 8 38 3.59481 0.322687 1.15687 0.341806 8736
1 8 39 7 -2 0 0 8183
1 8 40 4.32772 -3 0 0 68
1 8 41 4.26883 0.541517 0.512099 0.311017 6973
1 8 42 7 -2 0 0 5554
1 8 43 2 -2 0 0 5312
1 8 44 7 -2 0 0 7218
1 8 45 9 -2 0 0 6750
1 8 46 8 -2 0 0 4954
1 8 47 6 -2 0 0 10822
1 8 48 6.98642 0.634701 0.371123 1.04154 5844
1 8 49 6 -2 0 0 8085
1 8 50 3.91203 0.608157 0.665979 0.0711945 7717
1 8 51 4.32772 -3 0 0 5104
1 8 52 4.32772 -3 0 0 7387
1 8 53 6 -2 0 0 7764
1 8 54 3 -2 0 0 7182
1 8 55 4.80903 0.444822 0.446438 0.0728351 6157
1 8 56 3.90389 0.55053 0.558708 0.158367 7651
1 8 57 6 -2 0 0 6623
1 8 58 4.44748 0.500682 0.268079 0.00971046 6403
1 8 59 6.05813 0.506765 0.426313 0.785734 4828
1 8 60 3.68197 0.728206 0.557389 0.163372 8253
1 8 61 4.62974 0.480998 0.576297 0.254721 7299
1 8 62 2.56858 0.911631 0.78222 0.415006 7069
1 8 63 4.153 0.272749 0.931806 0.239051 6090
1 9 0 2.80648 0.604251 0.1 0.125617 50080
1 9 1 6 -2 0 0 6140
1 9 2 5.6674 0.984111 0.432281 1.07879 4955
1 9 3 6 -2 0 0 2957
1 9 4 3.04459 0.377067 0.426341 0.0102905 3075
1 9 5 3 -2 0 0 3318
1 9 6 4.26932 0.521032 0.505051 0.0515314 3799
1 9 7 6 -2 0 0 3442
1 9 8 3.33605 0.811405 0.494335 0.165148 3435
1 9 9 2.94027 0.364264 0.912393 0.276603 4000
1 9 10 4 -2 0 0 2757
1 9 11 2 -2 0 0 2925
1 9 12 3.20524 0.687146 0.276669 0.0701578 3141
1 9 13 6 -2 0 0 3482
1 9 14 2 2.68116 0.479169 0.493042 6862
1 9 15 2.8967 0.740599 0.31908 0.165153 2461
1 9 16 3 -2 0 0 3761
1 9 17 2.15733 7.5839 0.668978 0.29409 3803
1 9 18 3.07035 -3 0 0 3188
1 9 19 4.74349 0.567679 0.404961 0.390279 2570
1 9 20 2.15944 7.43381 1.08668 0.15891 2720
1 9 21 3.07035 -3 0 0 2831
1 9 22 2 12.5858 1.45359 0.871153 2004
1 9 23 3.75189 0.701731 0.566348 0.269264 4325
1 9 24 2.00007 8.25418 0.805794 0.189473 4556
1 9 25 3.07035 -3 0 0 2042
1 9 26 6 -2 0 0 4393
1 9 27 7 -2 0 0 2616
1 9 28 4 -2 0 0 2731
1 9 29 3.07035 -3 0 0 3610
1 9 30 3.07035 -3 0 0 43
1 9 31 6.06712 0.551278 0.302484 0.660895 2097
1 9 32 4.24258 0.42485 0.438852 0.302001 2135
1 9 33 4.9586 0.830338 0.228322 0.858882 2356
1 9 34 4.61885 0.28021 0.599349 0.310468 4231
1 9 35 7 -2 0 0 2192
1 9 36 2.7533 0.530605 0.918444 0.784799 2732
1 9 37 0 -10 0 0 0
1 9 38 2.51445 0.946995 1.09069 0.756236 2792
1 9 39 3.07035 -3 0 0 105
1 9 40 8 -2 0 0 2622
1 9 41 2 2.28612 1.16468 0.869865 2062
1 9 42 3.61057 0.987896 0.779409 0.608822 2707
1 9 43 5 -2 0 0 4167
1 9 44 6 -2 0 0 2373
1 9 45 3.07035 -3 0 0 2515
1 9 46 2.59991 0.940549 0.955532 0.952151 3906
1 9 47 3.07035 -3 0 0 2269
1 9 48 4 -2 0 0 2545
1 9 49 2.98563 0.362852 0.480501 0.0100306 3610
1 9 50 4.10901 0.466407 0.595028 0.0801413 2326
1 9 51 7 -2 0 0 3057
1 9 52 3.5932 0.365955 0.34024 0.0743962 3672
1 9 53 5 -2 0 0 3201
1 9 54 3.21904 0.22439 0.811984 0.688475 2589
1 9 55 3.86972 0.601384 0.239427 0.04219 3736
1 9 56 3.99183 0.247258 0.1 0.122777 2594
1 9 57 2.55472 0.990676 0.452109 0.0916267 3007
1 9 58 3.34737 0.725043 0.497276 0.0872585 2700
1 9 59 2.42471 0.885313 0.973819 0.173984 3900
1 9 60 3.07035 -3 0 0 3160
1 9 61 2.68487 1.37627 0.934864 0.730812 3530
1 9 62 3.22639 0.457372 0.366233 0.0374658 4075
1 9 63 7 -2 0 0 2838
1 10 0 2.37277 0.481518 0.100002 0.0148035 101565
1 10 1 2.79161 0.775365 1.31997 0.430319 13434
1 10 2 3.46853 0.495758 0.569262 0.0302681 13005
1 10 3 2 2.24151 1.80617 0.681483 14320
1 10 4 3.71082 0.494786 0.444744 0.217297 15657
1 10 5 3 -2 0 0 12736
1 10 6 2.48313 -3 0 0 14949
1 10 7 2.15575 1.05681 0.865923 0.355192 20808
1 10 8 5.05023 0.439946 0.331764 0.950317 11693
1 10 9 2.69025 0.55012 1.07042 0.640372 14676
1 10 10 2.27924 1.02156 1.05583 0.713494 17300
1 10 11 2 -2 0 0 12719
1 10 12 3.70322 0.502968 0.439382 0.234844 14460
1 10 13 2.93325 0.645268 0.956222 0.144062 20566
1 10 14 4 -2 0 0 13861
1 10 15 3.91156 0.486006 0.349311 0.192341 16560
1 10 16 5 -2 0 0 20512
1 10 17 2.48313 -3 0 0 13237
1 10 18 2 -2 0 0 15919
1 10 19 2.48313 -3 0 0 20715
1 10 20 2 -2 0 0 17568
1 10 21 3.66524 0.512983 0.669495 0.111825 14516
1 10 22 4.46232 0.369421 0.207093 0.0621314 16828
1 10 23 3 -2 0 0 12869
1 10 24 2 -2 0 0 11788
1 10 25 3.50759 0.571794 0.872423 0.218262 19569
1 10 26 2.48313 -3 0 0 14468
1 10 27 2.94533 0.599845 0.658875 0.0999551 16787
1 10 28 4 -2 0 0 15807
1 10 29 3 -2 0 0 10448
1 10 30 3 -2 0 0 12798
1 10 31 3.20501 0.303817 0.701438 0.0385509 19578
1 10 32 4.37543 0.562254 0.988534 0.41163 15385
1 10 33 2.72917 0.60963 1.19653 0.688741 13643
1 10 34 3.42653 0.581893 0.685886 0.408584 12654
1 10 35 2.70245 0.676585 0.713484 0.256443 24685
1 10 36 2.95852 0.511383 1.22488 0.928667 15348
1 10 37 0 -10 0 0 0
1 10 38 4.0935 0.416307 0.399228 0.0847296 24727
1 10 39 3 -2 0 0 17064
1 10 40 2.48313 -3 0 0 13521
1 10 41 3.2798 0.412989 0.424926 0.0179714 15708
1 10 42 5 -2 0 0 13065
1 10 43 2 -2 0 0 13564
1 10 44 2.9256 0.770632 0.924455 0.358457 14797
1 10 45 3.05785 0.223844 0.377693 0.0362744 12780
1 10 46 4 -2 0 0 12812
1 10 47 3.24005 0.585306 0.538418 0.228291 20870
1 10 48 2 12.9976 0.943079 0.238017 12037
1 10 49 3.11184 0.589613 0.285122 0.280883 19862
1 10 50 2.2861 1.04533 1.3225 0.441486 22072
1 10 51 3 -2 0 0 15944
1 10 52 2.28908 1.01501 1.33587 0.0522349 12871
1 10 53 2.39867 1.27437 1.65617 0.443418 16328
1 10 54 3.08713 0.703068 0.455672 0.473965 15690
1 10 55 2.48313 -3 0 0 15290
1 10 56 2.88815 0.553314 0.251998 0.0280838 16360
1 10 57 3 -2 0 0 14976
1 10 58 2.48313 -3 0 0 13060
1 10 59 2 -2 0 0 12502
1 10 60 3 -2 0 0 21471
1 10 61 4 -2 0 0 14828
1 10 62 2 9.80635 1.59545 0.95352 13518
1 10 63 3 -2 0 0 14004
1 11 0 2.56789 0.603081 0.257972 0.127045 109142
1 11 1 4.89794 0.560019 0.469906 0.340514 10135
1 11 2 5 -2 0 0 8691
1 11 3 3.45535 0.660798 0.551414 0.153375 5414
1 11 4 3.67326 -3 0 0 5160
1 11 5 7 -2 0 0 6098
1 11 6 4 -2 0 0 7358
1 11 7 3.33585 0.618089 0.448944 0.0538317 3435
1 11 8 4.50712 0.443239 0.751262 0.417596 6778
1 11 9 7 -2 0 0 5311
1 11 10 3.52981 0.249445 0.569405 0.145436 6738
1 11 11 7.10972 0.348188 0.452617 1.01604 6888
1 11 12 9 -2 0 0 6468
1 11 13 6 -2 0 0 3482
1 11 14 3.67326 -3 0 0 11712
1 11 15 3.67326 -3 0 0 4282
1 11 16 3.24626 0.687272 0.987018 0.380686 5325
1 11 17 4.85609 0.417764 0.411573 0.192994 8369
1 11 18 9 -2 0 0 5017
1 11 19 9 -2 0 0 2924
1 11 20 4 -2 0 0 6810
1 11 21 5.20109 0.547916 0.539609 0.72361 5877
1 11 22 5.10313 0.440235 0.469482 0.424708 6397
1 11 23 5 -2 0 0 7568
1 11 24 6 -2 0 0 8511
1 11 25 3.67326 -3 0 0 6101
1 11 26 4.26098 0.427648 0.673756 0.15886 8993
1 11 27 4.14913 0.462195 0.363959 0.0546764 5029
1 11 28 2.54077 1.32257 1.62383 0.733518 3889
1 11 29 4.44384 0.498967 0.607104 0.463677 8291
1 11 30 3.67326 -3 0 0 4702
1 11 31 3.67326 -3 0 0 6377
1 11 32 8 -2 0 0 4596
1 11 33 4.38351 0.434636 0.235622 0.0606555 4938
1 11 34 4.86398 0.372483 0.765829 0.55187 9340
1 11 35 4.56445 0.466891 0.282886 0.214195 5484
1 11 36 5 -2 0 0 5585
1 11 37 0 -10 0 0 0
1 11 38 6 -2 0 0 5556
1 11 39 4.83575 0.5298 0.313287 0.373138 5555
1 11 40 3.51858 0.633968 0.541239 0.260487 8083
1 11 41 3.67326 -3 0 0 3809
1 11 42 3.67326 -3 0 0 6151
1 11 43 3.67326 -3 0 0 8060
1 11 44 10 -2 0 0 3851
1 11 45 5.85655 0.257176 0.625033 1.0482 4875
1 11 46 4.27947 0.540587 0.81558 0.37971 8546
1 11 47 3.72069 0.554922 0.630213 0.59617 4043
1 11 48 3.49513 0.625972 0.929918 0.681738 4835
1 11 49 3.67326 -3 0 0 6820
1 11 50 2 8.38726 1.22969 0.886655 5022
1 11 51 5 -2 0 0 7429
1 11 52 2.54752 0.769263 0.76728 0.614135 10385
1 11 53 3.67326 -3 0 0 4420
1 11 54 3.67326 -3 0 0 5431
1 11 55 3.67326 -3 0 0 8650
1 11 56 4 -2 0 0 5713
1 11 57 4.58944 0.346459 0.439593 0.0365189 6161
1 11 58 5 -2 0 0 5675
1 11 59 5.13698 0.49655 0.429232 0.516139 9442
1 11 60 3.63835 0.55635 0.34374 0.0482327 4720
1 11 61 4.31538 0.342072 0.368415 0.00895717 9459
1 11 62 2.80609 1.34797 1.03726 0.336774 11085
1 11 63 3.67326 -3 0 0 9569
1 12 0 3 -2 0 0 115163
1 12 1 2.51948 0.798544 0.799053 0.450722 15729
1 12 2 5 -2 0 0 14615
1 12 3 2.73564 0.708574 0.802828 0.724481 11688
1 12 4 2.84986 -3 0 0 14736
1 12 5 2 -2 0 0 12710
1 12 6 5 -2 0 0 11908
1 12 7 3.37749 0.757149 0.90172 0.719737 14473
1 12 8 3.32485 0.599846 0.548298 0.362268 10985
1 12 9 2.84986 -3 0 0 16856
1 12 10 3 -2 0 0 20160
1 12 11 2 -2 0 0 11261
1 12 12 2.21834 1.5541 1.10185 0.565279 15474
1 12 13 2.85074 0.505691 1.14993 0.30531 14272
1 12 14 4 -2 0 0 14078
1 12 15 2.94233 0.564333 0.385119 0.0616047 11913
1 12 16 4 -2 0 0 16566
1 12 17 4.5218 0.443621 1.10853 0.344951 10212
1 12 18 2 -2 0 0 15020
1 12 19 4 -2 0 0 16847
1 12 20 3.58361 0.476446 0.572851 0.0229596 10234
1 12 21 2.87018 0.705149 0.609753 0.334796 21504
1 12 22 4.12908 0.512304 0.452783 0.280893 12346
1 12 23 3.5271 0.563366 0.473363 0.133654 11157
1 12 24 2.84986 -3 0 0 13030
1 12 25 5 -2 0 0 10486
1 12 26 4.08651 0.461151 0.532873 0.641923 13264
1 12 27 3.30724 0.589406 0.81498 0.688888 10505
1 12 28 3.59612 0.523806 0.647618 0.141547 18435
1 12 29 5 -2 0 0 9946
1 12 30 2.88401 0.6352 1.33777 0.871804 10660
1 12 31 5 -2 0 0 16831
1 12 32 4.02755 0.521149 0.351728 0.372619 13860
1 12 33 3.72407 0.546245 0.564701 0.610955 10958
1 12 34 2.91209 0.875747 1.03116 0.511354 9556
1 12 35 6 -2 0 0 10225
1 12 36 3.74819 0.512176 0.578305 0.258586 11792
1 12 37 0 -10 0 0 0
1 12 38 2.84986 -3 0 0 14618
1 12 39 4.7193 0.430053 0.490579 0.733336 9547
1 12 40 3.41232 0.534919 0.426859 0.373069 12391
1 12 41 2.3986 1.31433 1.63866 0.334426 11971
1 12 42 6 -2 0 0 10411
1 12 43 4 -2 0 0 9683
1 12 44 3.24413 0.486872 0.354111 0.0638209 10241
1 12 45 2 -2 0 0 10819
1 12 46 2 -2 0 0 8815
1 12 47 4 -2 0 0 11260
1 12 48 2.84986 -3 0 0 11704
1 12 49 3.3068 0.906477 0.837253 0.987197 10749
1 12 50 2.80804 1.06479 0.999325 0.519434 9815
1 12 51 3.40595 0.556707 0.707981 0.111111 8811
1 12 52 2.84986 -3 0 0 11465
1 12 53 5 -2 0 0 9756
1 12 54 3.77327 0.48452 0.330449 0.0703944 10461
1 12 55 3.45167 0.434922 0.212601 0.108916 9118
1 12 56 5 -2 0 0 8197
1 12 57 3 -2 0 0 8611
1 12 58 0 -10 0 0 0
1 12 59 4 -2 0 0 8472
1 12 60 2.57816 0.61497 0.343584 0.061059 11052
1 12 61 3.5359 0.480247 0.395505 0.0715367 7462
1 12 62 2 1.14184 1.45572 0.945175 7880
1 12 63 2.84714 0.538853 1.14763 0.369227 8423
1 13 0 4 -2 0 0 91966
1 13 1 3.98043 0.309921 0.36528 0.0843779 5315
1 13 2 3.55405 0.295272 0.552879 0.0570483 4045
1 13 3 3.04238 -3 0 0 3652
1 13 4 5 -2 0 0 2962
1 13 5 3.72753 0.545623 0.387021 0.239855 5253
1 13 6 5 -2 0 0 3474
1 13 7 3.04238 -3 0 0 2527
1 13 8 3.04238 -3 0 0 3322
1 13 9 6.3778 0.412801 0.327232 0.457827 2972
1 13 10 2.17712 2.02903 0.90073 0.598778 2944
1 13 11 2 11.348 0.822947 0.0480856 4319
1 13 12 2 -2 0 0 3385
1 13 13 3.56187 0.765599 0.541798 0.374109 2091
1 13 14 3.04238 -3 0 0 7228
1 13 15 3 -2 0 0 2711
1 13 16 3 -2 0 0 2758
1 13 17 2.04095 11.2934 1.12077 0.526877 4725
1 13 18 5 -2 0 0 3900
1 13 19 3.15813 0.263748 0.428903 0.0559985 2530
1 13 20 4.33256 0.538348 0.422368 0.199865 4270
1 13 21 3.94819 0.607869 0.456125 0.0355507 3155
1 13 22 2.78154 0.759163 0.46522 0.224003 2396
1 13 23 2 -2 0 0 3930
1 13 24 3.4623 0.346568 0.368551 0.0261722 4492
1 13 25 3 -2 0 0 2778
1 13 26 3.77502 0.338453 0.431508 0.104337 5463
1 13 27 3.46293 0.653144 0.341694 0.12127 2554
1 13 28 7 -2 0 0 3166
1 13 29 2.50282 1.11683 0.815224 0.284605 4825
1 13 30 2.72402 1.34033 1.21506 0.39293 2784
1 13 31 5 -2 0 0 2637
1 13 32 4.05449 0.602155 0.331846 0.278605 2999
1 13 33 4.36678 0.57613 1.1788 0.817195 3121
1 13 34 4.10688 0.469322 0.465785 0.154007 6732
1 13 35 3.44706 0.728344 0.533774 0.339633 3193
1 13 36 3.4359 0.665779 1.19166 0.731711 3352
1 13 37 0 -10 0 0 0
1 13 38 3.04238 -3 0 0 3302
1 13 39 2.46624 0.908401 0.330158 0.117398 6910
1 13 40 5.28834 0.432421 0.287572 0.919577 5901
1 13 41 4.24545 0.572979 0.327334 0.271297 2552
1 13 42 3.04238 -3 0 0 3932
1 13 43 4.27818 0.454217 0.268743 0.0613324 7270
1 13 44 5 -2 0 0 3495
1 13 45 2 -2 0 0 4004
1 13 46 4 -2 0 0 6519
1 13 47 4.07796 0.6697 0.344704 0.292739 3916
1 13 48 3.3762 0.813639 0.849109 0.501344 3664
1 13 49 5 -2 0 0 4324
1 13 50 2.19175 2.30743 0.594962 0.113057 4039
1 13 51 4 -2 0 0 6419
1 13 52 2 8.2882 0.864482 0.919605 5963
1 13 53 2 -2 0 0 5925
1 13 54 2 -2 0 0 6069
1 13 55 4 -2 0 0 8231
1 13 56 2 -2 0 0 6367
1 13 57 2.48 0.878323 0.361444 0.15412 7524
1 13 58 6 -2 0 0 6996
1 13 59 3.04238 -3 0 0 7069
1 13 60 6 -2 0 0 3411
1 13 61 8 -2 0 0 8882
1 13 62 2.41156 1.55849 0.75138 0.618204 9470
1 13 63 4.82788 0.442861 0.307872 0.250087 5960
1 14 0 5 -2 0 0 85732
1 14 1 2 -2 0 0 4178
1 14 2 4.83793 0.68761 0.428298 0.343895 4273
1 14 3 2.77458 1.15993 0.81845 0.249134 2848
1 14 4 4.88901 0.568961 0.521987 0.232411 3542
1 14 5 2.80105 0.998205 0.670668 0.599116 3530
1 14 6 6 -2 0 0 4723
1 14 7 3.54462 -3 0 0 2919
1 14 8 2.02226 8.78005 1.36509 0.371788 3075
1 14 9 3.60416 0.850508 0.507665 0.105923 4999
1 14 10 5.05667 0.611931 0.364794 0.429208 5962
1 14 11 5 -2 0 0 2896
1 14 12 4.30627 0.577996 0.254811 0.0243745 3807
1 14 13 5 -2 0 0 3142
1 14 14 6 -2 0 0 2814
1 14 15 3.54462 -3 0 0 2036
1 14 16 6 -2 0 0 5662
1 14 17 7 -2 0 0 2550
1 14 18 6 -2 0 0 2342
1 14 19 4.80606 0.630904 0.457922 0.0208089 2782
1 14 20 6 -2 0 0 2559
1 14 21 5.66344 0.413859 0.651706 0.313246 4501
1 14 22 3 -2 0 0 4191
1 14 23 5 -2 0 0 1880
1 14 24 4.45133 0.501945 0.425358 0.25399 3064
1 14 25 3.54215 0.909585 1.30351 0.818635 3728
1 14 26 4.65158 0.657262 0.296762 0.0321994 2057
1 14 27 5.85543 0.496469 0.247559 0.424662 3288
1 14 28 3 -2 0 0 2499
1 14 29 5.86986 0.570989 0.390873 0.33941 3165
1 14 30 2.7229 1.60178 0.916903 0.327269 3215
1 14 31 6.10493 0.67564 0.360667 0.682224 2163
1 14 32 4.60757 0.489094 0.385898 0.20801 2410
1 14 33 2 -2 0 0 2298
1 14 34 6 -2 0 0 2342
1 14 35 12 -2 0 0 3032
1 14 36 6 -2 0 0 1734
1 14 37 0 -10 0 0 0
1 14 38 3.26562 0.441846 1.096 0.223076 2396
1 14 39 4.63753 0.270716 0.600233 0.270197 1834
1 14 40 4.12416 0.596878 0.455139 0.0664743 2622
1 14 41 9 -2 0 0 2671
1 14 42 3.28035 0.926396 1.19147 0.423075 2539
1 14 43 3.42941 0.425224 1.16766 0.538238 1951
1 14 44 2.90181 0.484547 0.904327 0.113574 2776
1 14 45 3.78974 0.417466 0.490693 0.0373072 2662
1 14 46 5.66905 0.566948 0.334476 0.770707 2154
1 14 47 5.21765 0.507507 0.462313 0.0371213 1790
1 14 48 2 9.73141 1.87891 0.819322 2046
1 14 49 5.8227 0.532792 0.850021 0.676957 2258
1 14 50 3.93314 0.763532 0.489332 0.198524 2382
1 14 51 3.54739 0.285054 0.947674 0.145079 2366
1 14 52 4.85871 0.610853 0.365207 0.240278 2362
1 14 53 4.28484 0.634083 0.236264 0.105131 2823
1 14 54 4 -2 0 0 2206
1 14 55 5.43961 0.461276 0.807976 0.291484 2448
1 14 56 6 -2 0 0 2556
1 14 57 6.57336 0.929182 0.316058 0.908355 1626
1 14 58 2 2.73955 1.99435 0.923328 2284
1 14 59 5.29059 0.627176 0.383844 0.333794 2476
1 14 60 4.34712 0.649176 0.315764 0.220013 2357
1 14 61 9 -2 0 0 1734
1 14 62 6 -2 0 0 2213
1 14 63 3.61167 0.482456 0.421784 0.0412258 2239
1 15 0 3.71809 -3 0 0 52166
1 15 1 5.03637 0.51611 0.390642 0.0311814 1565
1 15 2 4.58204 0.340035 1.14163 0.556269 1335
1 15 3 4 -2 0 0 1246
1 15 4 4.77145 0.562576 0.675145 0.0739306 1409
1 15 5 4.51758 0.600563 0.384045 0.0421159 1729
1 15 6 6.54415 0.350012 0.408315 0.70747 1412
1 15 7 5.0562 0.411482 0.536407 0.33208 1409
1 15 8 5.50693 0.546881 0.416872 0.286143 1482
1 15 9 4 -2 0 0 1944
1 15 10 4.45092 0.598019 0.29753 0.204962 961
1 15 11 3.79218 0.321091 0.557511 0.102544 1597
1 15 12 5.62105 0.464558 0.288698 0.572588 2446
1 15 13 3.71809 -3 0 0 1717
1 15 14 6 -2 0 0 2195
1 15 15 11 -2 0 0 1796
1 15 16 5.29947 0.555657 0.347514 0.447892 1129
1 15 17 2.96195 0.904914 1.28291 0.642441 2282
1 15 18 3.71809 -3 0 0 1483
1 15 19 8 -2 0 0 1309
1 15 20 3 -2 0 0 1468
1 15 21 6 -2 0 0 1299
1 15 22 7 -2 0 0 1362
1 15 23 8 -2 0 0 1874
1 15 24 4 -2 0 0 1648
1 15 25 4.48491 0.60432 0.77799 0.543929 1938
1 15 26 4 -2 0 0 2536
1 15 27 4.5159 0.532201 0.413938 0.0552046 1426
1 15 28 7.62991 0.490147 0.421114 0.857278 1527
1 15 29 3.71809 -3 0 0 1862
1 15 30 2.6532 1.27287 1.32546 0.499996 1692
1 15 31 3.62611 1.14471 1.26966 0.856344 2310
1 15 32 4.09003 0.413499 1.3927 0.857288 2130
1 15 33 4.44512 0.469749 0.293168 0.13517 1835
1 15 34 4.52848 0.665831 0.508606 0.0925342 1937
1 15 35 5.98557 0.513294 0.301249 0.356817 2300
1 15 36 4.09284 0.484284 0.352704 0.0241097 1431
1 15 37 0 -10 0 0 0
1 15 38 6.09648 0.411438 0.415538 0.674484 1770
1 15 39 3 -2 0 0 2871
1 15 40 3.71809 -3 0 0 3082
1 15 41 5.64894 0.860188 0.352394 0.88529 2545
1 15 42 4.54013 0.364444 0.41405 0.0862135 1661
1 15 43 3.36773 0.410486 1.14779 0.713164 1803
1 15 44 3.95355 0.845164 0.947375 0.626813 2573
1 15 45 4.81006 0.340959 0.963977 0.153134 1258
1 15 46 5.4328 0.417876 0.540087 0.303438 2195
1 15 47 3 -2 0 0 2721
1 15 48 2.51115 0.899887 1.02295 0.87372 2149
1 15 49 3.71809 -3 0 0 1808
1 15 50 2.65085 1.51793 1.59315 0.204474 1595
1 15 51 5.60424 0.82402 0.523413 0.432942 3840
1 15 52 3.71809 -3 0 0 2845
1 15 53 6 -2 0 0 2137
1 15 54 4 -2 0 0 1780
1 15 55 7.33969 0.720604 0.354338 0.946248 2611
1 15 56 2 8.06036 1.92338 0.892048 2917
1 15 57 2 9.25141 2.62438 0.939495 3508
1 15 58 4.22067 0.517242 0.54848 0.0534661 2045
1 15 59 5.0392 0.480541 0.532725 0.222467 2293
1 15 60 4.28622 0.468676 0.486229 0.195751 2414
1 15 61 2 8.5261 1.3024 0.626078 3905
1 15 62 7 -2 0 0 4060
1 15 63 2.73512 1.11246 0.689326 0.050553 2178
2 0 0 2.57283 0.777812 0.620236 0.451788 12683
2 0 1 2.49448 0.868437 1.25274 0.438956 11970
2 0 2 2.40576 -3 0 0 11277
2 0 3 2.44247 1.52969 1.17153 0.600317 9705
2 0 4 2.46429 0.841424 1.26475 0.889146 11811
2 0 5 2.33497 2.52825 1.07753 0.14546 11198
2 0 6 2.40576 -3 0 0 10752
2 0 7 2 -2 0 0 10019
2 0 8 2 -2 0 0 11096
2 0 9 2.45911 0.720418 0.353256 0.0443775 11431
2 0 10 2.47875 0.674681 0.582067 0.490589 10003
2 0 11 2.51822 0.823355 0.585308 0.359374 12568
2 0 12 3.52281 0.545194 0.316273 0.0430459 10177
2 0 13 3.0352 0.554682 0.426421 0.0311839 11042
2 0 14 2.61918 0.640196 0.395536 0.0872834 13023
2 0 15 4 -2 0 0 11242
2 0 16 3 -2 0 0 7707
2 0 17 2 8.5892 0.960211 0.765481 13704
2 0 18 2.6982 0.738606 0.589197 0.0793571 11012
2 0 19 2.54604 0.924152 1.28173 0.0613093 11071
2 0 20 2.15311 1.20734 1.01314 0.3309 12436
2 0 21 2.40108 0.728519 0.262463 0.0223931 10649
2 0 22 2.76528 0.663746 0.319126 0.0453366 7126
2 0 23 4 -2 0 0 13623
2 0 24 2.45827 1.37262 0.930419 0.0649231 12877
2 0 25 4 -2 0 0 10784
2 0 26 3.12861 0.553014 0.397225 0.0409748 13909
2 0 27 4 -2 0 0 11231
2 0 28 2.90176 0.506165 0.254641 0.0364789 11517
2 0 29 3.039 0.681282 0.425245 0.402215 15031
2 0 30 4 -2 0 0 12445
2 0 31 4 -2 0 0 12692
2 0 32 2.71229 0.514765 1.05606 0.345509 12181
2 0 33 4 -2 0 0 12425
2 0 34 3.54363 0.324017 0.319384 0.0203522 16111
2 0 35 4 -2 0 0 12043
2 0 36 2.88834 0.824811 1.56731 0.195672 12859
2 0 37 4 -2 0 0 16052
2 0 38 3.66814 0.516388 0.50562 0.0889651 14105
2 0 39 5 -2 0 0 17937
2 0 40 2.59702 0.67842 0.399497 0.160929 13335
2 0 41 3 -2 0 0 13032
2 0 42 3.98299 0.452516 0.222301 0.0334337 15469
2 0 43 2.88988 0.788528 0.83711 0.454346 14695
2 0 44 6 -2 0 0 13670
2 0 45 2.10257 7.5154 1.14859 0.21763 12981
2 0 46 2.68171 1.42352 0.98044 0.0827244 16264
2 0 47 2 -2 0 0 15120
2 0 48 3.56194 0.64957 0.422844 0.446351 14798
2 0 49 3 -2 0 0 14829
2 0 50 3.01398 0.476002 0.734537 0.0129506 14881
2 0 51 3.71834 0.437255 0.432814 0.0449436 20680
2 0 52 2.40576 -3 0 0 15049
2 0 53 2.56364 0.651451 0.309186 0.00540586 13865
2 0 54 2 -2 0 0 15140
2 0 55 2 9.48783 0.695949 0.461996 18210
2 0 56 3.29496 0.534538 0.264679 0.0566601 18459
2 0 57 2.30113 0.950809 0.833665 0.678811 19363
2 0 58 4 -2 0 0 15027
2 0 59 4 -2 0 0 17561
2 0 60 2.64419 0.608567 0.354888 0.0397809 16522
2 0 61 2 0.849542 1.64157 0.679913 21682
2 0 62 2.41372 1.00952 1.35761 0.245758 19611
2 0 63 2.29521 0.754967 0.49304 0.201548 14997
2 1 0 4 -2 0 0 20039
2 1 1 3.34705 0.571533 0.341131 0.302241 19539
2 1 2 2 -2 0 0 18462
2 1 3 4.19256 0.404958 0.23808 0.11424 17562
2 1 4 4 -2 0 0 15318
2 1 5 3.45636 0.590959 0.37522 0.194565 17876
2 1 6 4 -2 0 0 18797
2 1 7 4 -2 0 0 18525
2 1 8 3.45648 0.604108 0.377445 0.366877 16535
2 1 9 2 0.952469 1.33739 0.759426 19990
2 1 10 3.28814 0.293374 0.311135 0.0459903 18152
2 1 11 2.64745 0.711313 0.848646 0.17433 16465
2 1 12 6 -2 0 0 15708
2 1 13 3 -2 0 0 15129
2 1 14 4.57851 0.381973 0.325266 0.0542209 18435
2 1 15 3.0095 0.58052 0.529004 0.187123 16333
2 1 16 2.92065 -3 0 0 20797
2 1 17 4.15548 0.417326 0.395317 0.0687445 15823
2 1 18 4 -2 0 0 14901
2 1 19 3.23469 0.632891 0.720195 0.219186 15291
2 1 20 3.24487 0.698095 1.17492 0.099644 12132
2 1 21 3.77752 0.421308 0.323972 0.0175919 19632
2 1 22 3.81913 0.506927 0.3522 0.333991 17383
2 1 23 2.91476 7.85095 1.63798 0.0711062 13552
2 1 24 4 -2 0 0 16279
2 1 25 2 -2 0 0 15740
2 1 26 5 -2 0 0 16262
2 1 27 2.73359 0.592034 1.19676 0.612244 14528
2 1 28 5 -2 0 0 13159
2 1 29 3.56988 0.335548 0.352663 0.0539878 13431
2 1 30 3.0974 0.463128 1.29044 0.0805616 14055
2 1 31 2.81193 0.564006 1.21556 0.55503 13082
2 1 32 5 -2 0 0 12389
2 1 33 3.30602 0.718061 0.492898 0.543582 11082
2 1 34 5 -2 0 0 15304
2 1 35 2.92065 -3 0 0 12376
2 1 36 3.14301 0.389922 1.20856 0.238159 13026
2 1 37 3.44831 0.532281 0.40069 0.130015 12854
2 1 38 4 -2 0 0 10062
2 1 39 4.03195 0.485249 0.621295 0.291182 10933
2 1 40 3.19707 0.712437 0.965996 0.724262 12869
2 1 41 2.54904 0.767396 0.821523 0.946595 11615
2 1 42 3 -2 0 0 11432
2 1 43 4 -2 0 0 13084
2 1 44 3.21885 0.560758 0.795252 0.211582 11214
2 1 45 2.92065 -3 0 0 11991
2 1 46 3.35779 0.552407 0.730919 0.504179 13680
2 1 47 3.41156 0.642124 1.76146 0.226263 11516
2 1 48 2.92065 -3 0 0 10699
2 1 49 2.92065 -3 0 0 11521
2 1 50 2.92065 -3 0 0 10450
2 1 51 4 -2 0 0 10615
2 1 52 6 -2 0 0 11236
2 1 53 5 -2 0 0 8863
2 1 54 2.76112 0.768768 0.562873 0.454707 10572
2 1 55 2.92065 -3 0 0 11044
2 1 56 3.67305 0.406592 0.289733 0.0376426 10630
2 1 57 3.22917 0.688954 0.951875 0.698816 10807
2 1 58 4 -2 0 0 11215
2 1 59 2 -2 0 0 12459
2 1 60 2.84245 0.578446 0.45497 0.199632 10715
2 1 61 3.07554 0.645986 0.710295 0.765593 10549
2 1 62 3 -2 0 0 10667
2 1 63 3.24373 0.575335 0.633823 1.02907 11084
2 2 0 3 -2 0 0 16166
2 2 1 3.36737 -3 0 0 17524
2 2 2 2 -2 0 0 15266
2 2 3 2.85991 0.561923 1.21878 0.407799 12288
2 2 4 3.43444 0.55956 0.639129 0.460787 15428
2 2 5 3.83155 0.481346 0.530214 0.232365 14332
2 2 6 3.33341 0.574649 0.401259 0.246488 14956
2 2 7 3.81465 0.396429 0.428323 0.0431049 9392
2 2 8 3.42875 0.714322 0.683693 0.59593 14339
2 2 9 2.5918 0.716104 1.1491 0.373466 10369
2 2 10 3.03115 0.656992 0.649695 0.188084 12258
2 2 11 6 -2 0 0 14049
2 2 12 5.34515 0.444942 0.524474 0.719254 12033
2 2 13 3.41803 0.372455 0.341143 0.0134813 10440
2 2 14 2.79735 0.819092 0.709268 0.462825 17667
2 2 15 3.36737 -3 0 0 10747
2 2 16 0 -10 0 0 0
2 2 17 3.81715 0.388392 1.18172 0.999147 16041
2 2 18 3.77705 0.437257 0.373842 0.1481 13696
2 2 19 3.36737 -3 0 0 12463
2 2 20 4 -2 0 0 14922
2 2 21 3 -2 0 0 13856
2 2 22 5 -2 0 0 11286
2 2 23 3.36737 -3 0 0 13976
2 2 24 4.04434 0.469407 1.02301 0.617594 13366
2 2 25 3.5726 0.568887 0.805993 0.232025 10244
2 2 26 3.82119 0.49787 1.18756 0.764375 17338
2 2 27 3.36737 -3 0 0 11029
2 2 28 3.2148 0.567943 0.449763 0.162563 12145
2 2 29 3.52925 0.223233 0.673222 0.346922 16610
2 2 30 4.16654 0.560964 0.452533 0.543654 12626
2 2 31 7 -2 0 0 11485
2 2 32 5.4091 0.332696 0.557623 0.590412 9343
2 2 33 3.80729 0.389682 0.693246 0.280861 11913
2 2 34 4.03308 0.529919 0.955047 0.621404 16086
2 2 35 4 -2 0 0 10299
2 2 36 4.18136 0.597655 0.458041 0.574787 14398
2 2 37 4.2234 0.506792 0.495933 0.545204 14943
2 2 38 3.36737 -3 0 0 11192
2 2 39 4.03548 0.42574 0.377637 0.11261 13502
2 2 40 3.37915 0.508909 0.336331 0.0331738 13036
2 2 41 3.75582 0.575647 0.448509 0.321519 12037
2 2 42 5 -2 0 0 13513
2 2 43 2 -2 0 0 16405
2 2 44 2.69946 0.794774 0.834261 0.417061 13433
2 2 45 4 -2 0 0 10757
2 2 46 4.31335 0.475977 0.293018 0.243114 20052
2 2 47 2.8049 0.830944 0.859584 0.358242 7392
2 2 48 3.21843 0.40855 0.321734 0.0383674 12235
2 2 49 3 -2 0 0 15602
2 2 50 6 -2 0 0 9777
2 2 51 3.60028 0.564206 0.410958 0.247054 17852
2 2 52 2 -2 0 0 17394
2 2 53 4.12572 0.390889 0.289137 0.119495 12190
2 2 54 3.36737 -3 0 0 13008
2 2 55 6 -2 0 0 14916
2 2 56 2 -2 0 0 13358
2 2 57 3.78075 0.654319 0.608912 0.598027 15602
2 2 58 3 -2 0 0 14573
2 2 59 5 -2 0 0 19425
2 2 60 2.65653 0.822004 0.716199 0.266351 9993
2 2 61 6 -2 0 0 20554
2 2 62 4.25271 0.349599 0.660237 0.175919 15938
2 2 63 5 -2 0 0 14062
2 3 0 3.29852 0.432097 0.572287 0.113911 18576
2 3 1 3.4933 0.655344 0.710643 0.631846 15780
2 3 2 3.20089 1.61718 1.53968 0.0823154 19518
2 3 3 4.04528 0.460069 0.658027 0.585825 19253
2 3 4 2.83627 0.86937 1.21364 0.316199 16310
2 3 5 3.50724 0.566122 0.51792 0.329649 19323
2 3 6 6 -2 0 0 18646
2 3 7 6 -2 0 0 19144
2 3 8 5 -2 0 0 16951
2 3 9 5 -2 0 0 18343
2 3 10 3.27787 0.426267 0.898337 0.375801 20280
2 3 11 3.17814 0.672705 0.980937 0.166196 15920
2 3 12 3.85595 0.460816 0.382644 0.14163 19257
2 3 13 3.72203 0.557541 0.996785 0.874728 19532
2 3 14 4.05677 0.37647 0.469859 0.372087 16573
2 3 15 5 -2 0 0 18942
2 3 16 4.26945 0.416973 0.452689 0.136314 21483
2 3 17 3.6697 0.361355 1.12894 0.190783 15243
2 3 18 4.49373 0.362023 0.383373 0.247247 16421
2 3 19 4.35374 0.490387 0.599482 0.639372 18015
2 3 20 5 -2 0 0 18959
2 3 21 4 -2 0 0 19514
2 3 22 4.65274 0.37508 0.528982 0.146857 21651
2 3 23 3.59456 0.696556 0.982714 0.970908 18843
2 3 24 6 -2 0 0 15688
2 3 25 6 -2 0 0 20675
2 3 26 3.30107 0.482373 1.45135 0.302709 18029
2 3 27 3.93966 0.532415 1.08974 0.319398 19705
2 3 28 3.90658 0.799207 1.68456 0.193975 18970
2 3 29 4.99282 0.309577 0.809353 0.117317 16530
2 3 30 3.82507 -3 0 0 17979
2 3 31 3.85185 0.398159 0.569693 0.308973 18969
2 3 32 6 -2 0 0 17905
2 3 33 3.70924 0.57989 1.18974 0.347899 16972
2 3 34 3.56501 0.359664 1.40659 0.207865 17373
2 3 35 7 -2 0 0 18810
2 3 36 3.82507 -3 0 0 18414
2 3 37 5.42162 0.242324 0.562866 0.400451 15844
2 3 38 6 -2 0 0 18563
2 3 39 6 -2 0 0 14689
2 3 40 4.17689 0.430943 0.436875 0.328191 14764
2 3 41 5 -2 0 0 18609
2 3 42 6 -2 0 0 17571
2 3 43 6 -2 0 0 17148
2 3 44 3.5474 0.400694 1.47349 0.128382 16597
2 3 45 7 -2 0 0 17049
2 3 46 4.01017 0.451992 0.739372 0.107452 16423
2 3 47 5.03133 0.395858 0.51642 0.401535 16933
2 3 48 3.99047 0.448967 0.462741 0.235718 16423
2 3 49 4.51741 0.439658 0.389223 0.375618 15794
2 3 50 4.00787 0.374244 0.568255 0.0625246 17320
2 3 51 4 -2 0 0 15384
2 3 52 2.79529 1.00569 1.69417 0.431796 15942
2 3 53 4.54636 0.334617 0.351457 0.0338726 16596
2 3 54 4.36251 0.410504 0.431926 0.0136755 12956
2 3 55 3.78161 0.506646 0.831593 0.175324 16268
2 3 56 3.09353 0.387374 1.19342 0.222215 15888
2 3 57 4.19601 0.448044 0.78143 0.619815 16966
2 3 58 5 -2 0 0 18018
2 3 59 2 -2 0 0 16524
2 3 60 2.50916 0.782619 0.781392 0.72263 17516
2 3 61 2.73112 0.589278 1.20621 0.258999 14700
2 3 62 2.55903 1.56746 2.14657 0.26126 14510
2 3 63 3.57204 0.496076 0.3723 0.040661 18542
2 4 0 5 -2 0 0 20433
2 4 1 8 -2 0 0 15581
2 4 2 5 -2 0 0 12000
2 4 3 5 -2 0 0 9003
2 4 4 6 -2 0 0 11737
2 4 5 3.52528 -3 0 0 12265
2 4 6 2 1.65813 1.1342 0.458182 15781
2 4 7 3.32336 0.752509 0.623874 0.432058 8457
2 4 8 4.20512 0.36717 0.34372 0.0222336 14057
2 4 9 4.66479 0.511138 0.264138 0.174809 11672
2 4 10 3.52528 -3 0 0 9888
2 4 11 2.90833 7.03479 1.02036 0.448317 11270
2 4 12 3.22096 0.98336 0.759199 1.00392 11170
2 4 13 2 -2 0 0 8126
2 4 14 6.41982 0.562527 0.424742 0.691065 15560
2 4 15 4.04938 0.521094 0.734227 0.276845 9118
2 4 16 3 -2 0 0 10463
2 4 17 2 -2 0 0 12648
2 4 18 2.05457 9.60569 0.858556 0.514973 10890
2 4 19 4.837 0.493957 0.627222 0.478306 7050
2 4 20 7 -2 0 0 9018
2 4 21 4 -2 0 0 16077
2 4 22 3.41848 0.909337 0.67115 0.424629 8380
2 4 23 7 -2 0 0 12811
2 4 24 3 -2 0 0 14602
2 4 25 4.61554 0.405277 0.480455 0.189479 8784
2 4 26 4.64309 0.496303 0.274991 0.248131 14817
2 4 27 2.52699 0.869358 1.16508 0.336838 9082
2 4 28 3.56156 0.560057 0.735621 0.412923 7665
2 4 29 4.52173 0.436917 0.208417 0.0785598 14729
2 4 30 5.75799 0.462481 0.495693 0.63306 8499
2 4 31 5 -2 0 0 8024
2 4 32 3.52528 -3 0 0 7654
2 4 33 3.36826 0.638275 0.396477 0.0563532 8722
2 4 34 2.55918 1.21756 1.34041 0.440703 13440
2 4 35 4.22951 0.487536 0.322779 0.0779391 7399
2 4 36 3.2837 0.686321 0.74352 0.270209 9324
2 4 37 3.57796 0.422286 0.960442 0.274969 9187
2 4 38 7 -2 0 0 7617
2 4 39 2.44419 1.26347 1.2767 0.688272 6991
2 4 40 2 -2 0 0 12338
2 4 41 6 -2 0 0 7906
2 4 42 3.7571 1.16989 0.871361 0.987313 8488
2 4 43 7 -2 0 0 9792
2 4 44 4.22098 0.363604 0.247795 0.0273216 7164
2 4 45 4.11571 0.472287 0.341362 0.0972332 7637
2 4 46 4 -2 0 0 12990
2 4 47 4.84381 0.363757 0.453269 0.233271 7683
2 4 48 3.63018 0.750872 0.397258 0.404002 7451
2 4 49 2 -2 0 0 9898
2 4 50 4.18202 0.407149 0.484738 0.151266 6749
2 4 51 4.31319 0.503034 0.321165 0.0464115 8120
2 4 52 3 -2 0 0 11008
2 4 53 3.76276 0.580313 0.3953 0.150279 6558
2 4 54 4.56019 0.431748 0.620862 0.212843 7438
2 4 55 2.44203 0.818874 1.08219 0.94912 10425
2 4 56 4 -2 0 0 9117
2 4 57 5 -2 0 0 8491
2 4 58 2.04063 9.92191 1.18701 0.780639 6982
2 4 59 3.52528 -3 0 0 10408
2 4 60 4.11944 0.504969 0.35162 0.285462 7017
2 4 61 2 -2 0 0 11023
2 4 62 4 -2 0 0 9513
2 4 63 2.19387 1.74867 0.900318 1.0282 8028
2 5 0 2 -2 0 0 13129
2 5 1 3.25253 0.557339 0.754951 0.140611 13868
2 5 2 3.48141 0.562922 0.504474 0.376047 15317
2 5 3 2 -2 0 0 16223
2 5 4 3.52116 0.549069 0.363222 0.371955 16815
2 5 5 4.22082 0.383393 0.249462 0.0660028 14298
2 5 6 2 1.74824 1.59625 0.560278 14919
2 5 7 3.05726 0.670565 0.664603 0.86772 16804
2 5 8 4 -2 0 0 16139
2 5 9 4.15696 0.44068 0.436928 0.201349 14889
2 5 10 4 -2 0 0 17208
2 5 11 3.40855 0.528591 0.447088 0.461008 16137
2 5 12 5 -2 0 0 15269
2 5 13 4 -2 0 0 15904
2 5 14 5 -2 0 0 13751
2 5 15 3 -2 0 0 17667
2 5 16 3.83728 0.551126 0.530001 0.492808 17033
2 5 17 3.49289 0.620799 1.04661 0.130348 14293
2 5 18 4 -2 0 0 15536
2 5 19 5 -2 0 0 19573
2 5 20 3.48148 0.408366 0.335067 0.00563148 15593
2 5 21 3 -2 0 0 15622
2 5 22 3.64387 0.446503 0.461774 0.0868223 16326
2 5 23 4.23299 0.423229 0.390517 0.275728 16581
2 5 24 3.37612 -3 0 0 14496
2 5 25 4 -2 0 0 18773
2 5 26 5 -2 0 0 16086
2 5 27 4.09335 0.460459 0.8379 0.207996 17695
2 5 28 3.83216 0.438839 0.325062 0.104143 18339
2 5 29 3.67488 0.246517 0.815779 0.102244 17205
2 5 30 5 -2 0 0 16419
2 5 31 4.16729 0.538963 0.473834 0.707183 22769
2 5 32 4 -2 0 0 18511
2 5 33 3.3012 0.424869 1.06448 0.206327 20278
2 5 34 2.68778 0.671774 1.24789 0.449637 18603
2 5 35 3.65118 0.622605 0.609 0.533525 21762
2 5 36 3.7497 0.43414 0.540964 0.172758 18734
2 5 37 3.71334 0.329818 1.13408 0.290374 18630
2 5 38 4.02606 0.406663 0.52032 0.156924 23743
2 5 39 6 -2 0 0 28241
2 5 40 4.22001 0.419885 0.4007 0.104005 20116
2 5 41 4.0987 0.408299 0.735442 0.395696 19370
2 5 42 2.75802 0.748053 1.40844 0.886685 19497
2 5 43 3.65566 0.312107 1.39187 0.628615 17071
2 5 44 4 -2 0 0 21808
2 5 45 3.53694 0.500995 0.440119 0.288988 21701
2 5 46 3.28848 0.577934 0.735717 0.224711 17753
2 5 47 3.22139 0.519584 0.413335 0.0265369 27483
2 5 48 4.22276 0.47517 0.353108 0.274449 20837
2 5 49 3.36532 0.630964 1.10092 0.521799 19383
2 5 50 4.29293 0.437038 0.75801 0.375308 22020
2 5 51 4 -2 0 0 26160
2 5 52 2.50315 0.89044 1.33834 0.380739 19967
2 5 53 6 -2 0 0 25769
2 5 54 4 -2 0 0 21667
2 5 55 3.78112 0.474838 0.355584 0.0175235 21389
2 5 56 5 -2 0 0 27483
2 5 57 3.20371 0.419863 0.646519 0.0310788 24386
2 5 58 3 -2 0 0 21240
2 5 59 2 -2 0 0 19307
2 5 60 5 -2 0 0 28326
2 5 61 6 -2 0 0 21491
2 5 62 4.08793 0.520533 0.47025 0.373722 21250
2 5 63 2.08395 7.65398 1.16239 0.814959 19537
2 6 0 7 -2 0 0 8803
2 6 1 5.68358 0.677555 0.584022 0.310003 8399
2 6 2 4 -2 0 0 7950
2 6 3 5.34277 0.867313 0.31445 0.568975 5817
2 6 4 4.18676 -3 0 0 4815
2 6 5 5.78379 0.547592 0.341648 0.240176 5819
2 6 6 5 -2 0 0 7031
2 6 7 9 -2 0 0 5812
2 6 8 4.35466 0.716443 1.00179 0.421755 6125
2 6 9 7 -2 0 0 6119
2 6 10 3.79134 0.951477 0.519071 0.259809 5340
2 6 11 4.19283 0.365219 0.406582 0.0162173 6392
2 6 12 6.47376 0.72748 0.466307 0.804023 5509
2 6 13 8 -2 0 0 4694
2 6 14 5 -2 0 0 8715
2 6 15 4.18676 -3 0 0 5287
2 6 16 5.38745 0.499309 0.343703 0.0600123 5999
2 6 17 3.8118 0.38928 0.443971 0.0149762 6111
2 6 18 6 -2 0 0 5115
2 6 19 8 -2 0 0 4368
2 6 20 5.07769 0.392616 0.394058 0.179863 5123
2 6 21 5.44308 0.378598 0.37974 0.257155 6534
2 6 22 5.55745 0.461903 0.303133 0.193918 4414
2 6 23 7 -2 0 0 5149
2 6 24 2.78572 1.2332 1.49535 0.374613 6894
2 6 25 2.23829 12.1534 2.15021 0.469601 4811
2 6 26 5.93889 0.493737 0.476467 0.0594002 7024
2 6 27 5 -2 0 0 4103
2 6 28 6 -2 0 0 4109
2 6 29 8 -2 0 0 5171
2 6 30 6 -2 0 0 4202
2 6 31 2 -2 0 0 3953
2 6 32 2 9.7448 1.57688 0.74345 4320
2 6 33 4.18676 -3 0 0 4531
2 6 34 5.00074 0.584859 0.373054 0.0110251 6386
2 6 35 2 2.39156 1.56154 0.992973 3875
2 6 36 7.37478 0.473834 0.309704 0.388252 4690
2 6 37 4 -2 0 0 4084
2 6 38 7.81608 0.490097 0.271059 0.731003 4346
2 6 39 7 -2 0 0 4336
2 6 40 8 -2 0 0 5150
2 6 41 4.17296 0.751161 1.15346 0.237645 3685
2 6 42 4.48053 0.522802 0.353469 0.0318088 4890
2 6 43 5.28725 0.477873 0.302106 0.0680926 5545
2 6 44 3.2896 1.1074 0.815669 0.20628 3325
2 6 45 5 -2 0 0 4170
2 6 46 6 -2 0 0 5761
2 6 47 2.83369 1.74619 1.18123 0.859978 3708
2 6 48 5.03175 0.594678 0.319609 0.084072 4221
2 6 49 3.37004 0.497807 0.825523 0.247323 4975
2 6 50 3.78455 0.527451 0.459149 0.0845461 3857
2 6 51 5.38275 0.532563 0.302114 0.177242 4138
2 6 52 5.03144 0.526602 0.313642 0.0297713 4417
2 6 53 4.34911 0.674593 0.401126 0.0502216 4283
2 6 54 2 10.1353 1.57141 0.867972 3713
2 6 55 4.92372 0.482535 0.344666 0.106397 4201
2 6 56 2 11.7585 1.96568 0.743377 4347
2 6 57 9 -2 0 0 3849
2 6 58 5 -2 0 0 4337
2 6 59 2 -2 0 0 4740
2 6 60 4.35792 0.573848 0.37155 0.0597096 3311
2 6 61 3.74153 0.403987 0.366059 0.0883115 4755
2 6 62 5 -2 0 0 4675
2 6 63 3.3634 0.521681 0.411623 0.0162124 3839
2 7 0 2 -2 0 0 5837
2 7 1 4.12483 0.46533 0.259673 0.0415103 5269
2 7 2 4 -2 0 0 5511
2 7 3 3.44067 0.809226 0.538872 0.499541 5115
2 7 4 3.83098 -3 0 0 5320
2 7 5 3.13582 0.737791 0.470537 0.161148 5012
2 7 6 3.83098 -3 0 0 6964
2 7 7 3.83098 -3 0 0 6321
2 7 8 7 -2 0 0 5805
2 7 9 7 -2 0 0 5703
2 7 10 2 -2 0 0 6182
2 7 11 3.83098 -3 0 0 5286
2 7 12 3.91315 1.15657 0.509523 0.904936 6051
2 7 13 3.51771 0.861956 0.937068 0.941488 6130
2 7 14 3.83042 0.871713 0.580404 0.344537 5286
2 7 15 5 -2 0 0 6205
2 7 16 3.83098 -3 0 0 6310
2 7 17 4.56907 0.417265 0.322576 0.0172133 6067
2 7 18 4.14576 0.425433 0.307119 0.120488 5926
2 7 19 4.82559 0.561779 0.290105 0.323373 7028
2 7 20 5.46279 0.632456 0.257881 0.592164 7228
2 7 21 4.01177 0.545582 0.31315 0.0343074 5754
2 7 22 5.49304 0.461044 0.566121 0.148635 4968
2 7 23 6 -2 0 0 7222
2 7 24 2.98043 0.955129 1.00096 0.279318 5441
2 7 25 4.28243 0.515126 0.366435 0.0267034 6341
2 7 26 6 -2 0 0 5638
2 7 27 3.75272 0.686878 0.864335 0.731852 7442
2 7 28 6 -2 0 0 6487
2 7 29 6 -2 0 0 6508
2 7 30 4 -2 0 0 7245
2 7 31 5 -2 0 0 7457
2 7 32 4.14521 0.500538 0.878787 0.174317 7059
2 7 33 6 -2 0 0 8475
2 7 34 7 -2 0 0 6605
2 7 35 4.36528 0.560825 0.396562 0.106851 9618
2 7 36 3.83098 -3 0 0 7685
2 7 37 4.54447 0.546294 0.622147 0.18549 7167
2 7 38 5 -2 0 0 9991
2 7 39 7 -2 0 0 10000
2 7 40 4.12352 0.700305 0.424292 0.155857 6612
2 7 41 3.44843 0.646285 0.54814 0.0767132 8881
2 7 42 4.84815 0.493245 0.385183 0.122729 6975
2 7 43 3.68136 0.713617 0.856761 0.453971 6053
2 7 44 4.94652 0.478844 0.278514 0.0354309 8477
2 7 45 7 -2 0 0 7842
2 7 46 5.01725 0.433555 0.343898 0.240846 7152
2 7 47 4.02534 0.839946 0.657174 0.346064 10292
2 7 48 2.95596 0.751642 0.430643 0.101539 9084
2 7 49 6.06541 0.773223 0.391541 1.06885 7211
2 7 50 3.5042 0.950775 0.739355 0.823275 9375
2 7 51 3.75283 0.93739 0.981037 0.555209 8379
2 7 52 5 -2 0 0 7153
2 7 53 4.2743 0.600156 0.491496 0.210236 12145
2 7 54 6 -2 0 0 10913
2 7 55 3.41563 0.612683 0.384252 0.0758382 8434
2 7 56 5 -2 0 0 9710
2 7 57 3.31207 0.37995 0.404553 0.0182632 13076
2 7 58 3.48849 0.67131 0.770539 0.463001 9246
2 7 59 6 -2 0 0 7957
2 7 60 5.24332 0.494249 0.354354 0.451332 12567
2 7 61 3.40656 0.388196 0.447559 0.0194297 10134
2 7 62 2 -2 0 0 10420
2 7 63 3.4352 0.68927 0.343421 0.0162199 8130
2 8 0 6 -2 0 0 8695
2 8 1 5 -2 0 0 8009
2 8 2 2 1.17914 1.2444 0.873394 8495
2 8 3 6 -2 0 0 9759
2 8 4 3.9698 0.27604 0.269315 0.0299784 9671
2 8 5 4.39122 0.500678 0.379247 0.282638 8984
2 8 6 2 -2 0 0 9572
2 8 7 4.32286 0.281956 0.339182 0.0510765 12219
2 8 8 2 -2 0 0 9515
2 8 9 2 8.11042 1.28374 0.897946 9857
2 8 10 2.29235 1.24172 1.17401 1.09611 9425
2 8 11 2.98 0.531863 1.19671 0.896915 9262
2 8 12 2.66064 0.463468 0.896333 0.377536 9707
2 8 13 3.51412 -3 0 0 11646
2 8 14 5.42666 0.362354 0.190365 0.334109 8748
2 8 15 3.48206 0.662343 0.387379 0.377416 11406
2 8 16 5 -2 0 0 12648
2 8 17 3.17751 0.594078 1.4226 0.357524 8292
2 8 18 3.61391 0.463874 0.352164 0.107097 10552
2 8 19 2.90236 0.950718 0.651687 0.478594 13741
2 8 20 5 -2 0 0 10671
2 8 21 6 -2 0 0 9696
2 8 22 2.66845 0.873911 0.549087 0.299878 10133
2 8 23 6 -2 0 0 9529
2 8 24 3.52973 0.270057 1.05114 0.533749 9206
2 8 25 3.51412 -3 0 0 151
2 8 26 3.83749 0.544139 0.837693 0.294034 8824
2 8 27 3.51412 -3 0 0 11948
2 8 28 4.01891 0.339397 0.337914 0.008678 13667
2 8 29 2.66497 0.796654 1.19651 0.549267 10581
2 8 30 5.24397 0.442068 0.248289 0.404419 11355
2 8 31 3.4605 0.42676 0.704085 0.18983 15734
2 8 32 5.00674 0.387621 0.343923 0.135702 13643
2 8 33 2 -2 0 0 13572
2 8 34 4.47158 0.554183 0.372544 0.33588 10106
2 8 35 5 -2 0 0 15819
2 8 36 4.93895 0.409365 0.20505 0.699843 12292
2 8 37 3.388 0.755377 0.610863 0.545833 10718
2 8 38 7 -2 0 0 19422
2 8 39 4.50247 0.729337 0.80891 0.960806 18146
2 8 40 5 -2 0 0 10913
2 8 41 6 -2 0 0 14018
2 8 42 4.45662 0.498301 0.434144 0.457994 12440
2 8 43 4.03232 0.276067 1.08236 0.220111 11340
2 8 44 4.0704 0.481387 0.280042 0.0353115 14589
2 8 45 4.3329 0.53422 0.424068 0.537291 15061
2 8 46 5 -2 0 0 9662
2 8 47 3.51838 0.656192 0.597495 0.407048 21434
2 8 48 3.24964 0.591757 0.281282 0.0098582 12190
2 8 49 4.51088 0.450898 0.247413 0.118333 12127
2 8 50 4.38106 0.494674 0.215907 0.0197929 13478
2 8 51 2.48521 0.73597 1.0875 0.743598 13654
2 8 52 3.31011 0.700035 0.376267 0.191468 11385
2 8 53 3.51412 -3 0 0 18202
2 8 54 3.51412 -3 0 0 14918
2 8 55 3.51412 -3 0 0 12101
2 8 56 3.76638 0.648317 0.40645 0.351914 15820
2 8 57 3.51412 -3 0 0 16079
2 8 58 3.44289 0.224284 0.863922 0.391386 13899
2 8 59 2 -2 0 0 10936
2 8 60 2 1.34225 0.663524 0.38939 15824
2 8 61 5 -2 0 0 13183
2 8 62 4.71202 0.516419 0.370557 0.518007 12988
2 8 63 6 -2 0 0 12699
2 9 0 2.68555 0.918704 0.712048 0.267767 8084
2 9 1 2 -2 0 0 6691
2 9 2 3.45529 0.881345 0.503451 0.195053 5831
2 9 3 4.03378 0.617051 0.475726 0.0823348 4208
2 9 4 3.93541 0.710814 0.366681 0.0883981 4155
2 9 5 3.67032 0.864465 0.824071 0.336472 4568
2 9 6 5.98678 0.494306 0.418924 0.267489 6220
2 9 7 3.56336 -3 0 0 4872
2 9 8 3.18079 0.862292 0.380669 0.232283 5327
2 9 9 3 -2 0 0 4711
2 9 10 3.84831 0.81375 0.632986 0.200807 4288
2 9 11 2 8.24102 0.71141 0.707277 5297
2 9 12 2 -2 0 0 4314
2 9 13 3 -2 0 0 3720
2 9 14 9 -2 0 0 7000
2 9 15 4.11991 0.662767 0.455707 0.120644 3889
2 9 16 4.04192 0.433363 0.538232 0.138593 1380
2 9 17 4 -2 0 0 5172
2 9 18 5.31792 0.541782 0.291646 0.265509 4987
2 9 19 2.29947 7.91141 1.09706 0.686059 3912
2 9 20 4 -2 0 0 3927
2 9 21 7.74845 0.392791 0.386633 1.09688 5024
2 9 22 6 -2 0 0 3818
2 9 23 3.67167 0.70802 0.310036 0.0261159 4615
2 9 24 7 -2 0 0 5628
2 9 25 3.74403 0.840151 0.925964 0.476642 3678
2 9 26 4.15031 0.60179 0.402223 0.0278606 6593
2 9 27 3.49816 0.391055 0.398683 0.0108021 3508
2 9 28 3.56336 -3 0 0 3670
2 9 29 4.24006 0.640002 0.348219 0.0586233 4686
2 9 30 2.63166 1.16056 0.86342 0.66387 4289
2 9 31 3.56336 -3 0 0 2970
2 9 32 3 -2 0 0 3174
2 9 33 4.55102 0.778807 0.597008 0.392062 3177
2 9 34 7 -2 0 0 5837
2 9 35 4.87701 0.324858 0.589021 0.275966 3145
2 9 36 2 -2 0 0 3626
2 9 37 3.40915 0.777355 0.544235 0.086443 3874
2 9 38 2.53557 2.25027 1.03127 0.3154 3332
2 9 39 5.05749 0.495395 0.458487 0.15244 3550
2 9 40 6 -2 0 0 3800
2 9 41 3.56336 -3 0 0 3364
2 9 42 5.70602 0.398148 0.340812 0.810097 3907
2 9 43 5.49906 0.529891 0.281789 0.492729 4812
2 9 44 3.51597 0.586824 0.397312 0.118908 3024
2 9 45 6 -2 0 0 3548
2 9 46 3.5024 0.853252 0.502033 0.0644448 5355
2 9 47 6 -2 0 0 3553
2 9 48 4.8019 0.508757 0.483692 0.191334 3237
2 9 49 5.71865 0.502087 0.364476 0.36049 3422
2 9 50 2 -2 0 0 3497
2 9 51 8 -2 0 0 3879
2 9 52 2 -2 0 0 4842
2 9 53 5 -2 0 0 3099
2 9 54 3.59222 0.696477 0.221212 0.032771 3319
2 9 55 7 -2 0 0 4749
2 9 56 3.45588 1.04185 0.6804 0.139212 3426
2 9 57 5 -2 0 0 3569
2 9 58 4 -2 0 0 3831
2 9 59 4.16583 0.606949 0.460177 0.0709889 6161
2 9 60 4 -2 0 0 3752
2 9 61 3.56336 -3 0 0 4561
2 9 62 4 -2 0 0 4531
2 9 63 6 -2 0 0 4371
2 10 0 2 -2 0 0 12245
2 10 1 3 -2 0 0 14868
2 10 2 3.9133 0.433648 0.312385 0.0737542 15630
2 10 3 5 -2 0 0 17362
2 10 4 3.33327 0.586939 0.450604 0.0539216 13998
2 10 5 3.31785 0.511605 0.251251 0.0152693 18979
2 10 6 5 -2 0 0 16304
2 10 7 2.82414 0.590455 0.363044 0.0489836 23409
2 10 8 2 -2 0 0 14443
2 10 9 2.81226 0.904519 0.9095 0.284118 17733
2 10 10 4.46984 0.37753 0.260742 0.108222 16948
2 10 11 4 -2 0 0 16548
2 10 12 2.83773 0.553209 1.21785 0.927364 17852
2 10 13 4 -2 0 0 19755
2 10 14 6 -2 0 0 12185
2 10 15 3.26953 0.559081 0.347744 0.19701 19325
2 10 16 3.60432 0.40623 0.407054 0.00963598 23758
2 10 17 3.38056 0.548037 0.490477 0.169346 14971
2 10 18 2.9032 0.615332 1.29277 0.235325 16779
2 10 19 3.79141 0.627269 0.432511 0.603897 21871
2 10 20 3.77221 0.485819 0.372242 0.277597 18575
2 10 21 3.29419 -3 0 0 17173
2 10 22 5 -2 0 0 18017
2 10 23 4.33361 0.421011 0.747988 0.139904 17735
2 10 24 7 -2 0 0 15066
2 10 25 5 -2 0 0 25501
2 10 26 5 -2 0 0 14395
2 10 27 3.86254 0.378329 0.220561 0.00992455 19352
2 10 28 5 -2 0 0 20175
2 10 29 3.75086 0.529477 0.311157 0.360771 16450
2 10 30 6 -2 0 0 17936
2 10 31 5 -2 0 0 22895
2 10 32 3.1546 0.878719 1.15095 0.741358 20618
2 10 33 3.57426 0.619492 0.343793 0.389407 17926
2 10 34 4 -2 0 0 1832
2 10 35 4.23394 0.444972 0.698857 0.178649 27157
2 10 36 3.88549 0.370388 0.296816 0.0929072 17141
2 10 37 3.71351 0.447284 0.239533 0.0683962 16487
2 10 38 6 -2 0 0 23648
2 10 39 5 -2 0 0 20761
2 10 40 3.69611 0.435112 0.43268 0.173551 17792
2 10 41 2.78551 0.814926 0.609256 0.0991548 18999
2 10 42 4 -2 0 0 19164
2 10 43 3.38891 0.585322 0.365333 0.273082 16051
2 10 44 6 -2 0 0 22018
2 10 45 3.22042 0.54956 0.715721 0.0639448 19606
2 10 46 6 -2 0 0 2745
2 10 47 4.05241 0.521115 0.58757 0.454107 25255
2 10 48 2.66695 0.636857 0.794264 0.867046 19695
2 10 49 3.42654 0.397203 0.882365 0.00699929 16281
2 10 50 3.5515 0.496506 0.401214 0.126784 19806
2 10 51 3.29419 -3 0 0 15931
2 10 52 6 -2 0 0 15144
2 10 53 3.06018 0.645839 0.70019 0.120303 12294
2 10 54 2.62052 0.673938 0.585613 0.0785483 19224
2 10 55 2.72172 0.751993 1.35201 0.686323 15976
2 10 56 3.32934 0.590601 0.902776 0.509125 6225
2 10 57 4 -2 0 0 14335
2 10 58 3.83091 0.634985 0.954258 0.763981 16480
2 10 59 3 -2 0 0 15714
2 10 60 2 -2 0 0 18789
2 10 61 3 -2 0 0 15915
2 10 62 3.36199 0.480772 0.272861 0.0379027 15619
2 10 63 5 -2 0 0 17981
2 11 0 3.46801 0.704638 1.07841 0.601963 17626
2 11 1 5 -2 0 0 18722
2 11 2 6 -2 0 0 14470
2 11 3 5 -2 0 0 9714
2 11 4 3.81589 -3 0 0 11445
2 11 5 3.81589 -3 0 0 11725
2 11 6 5 -2 0 0 13214
2 11 7 8 -2 0 0 8268
2 11 8 5.0447 0.440602 0.36279 0.428383 12203
2 11 9 6 -2 0 0 10350
2 11 10 3.81589 -3 0 0 9565
2 11 11 4.00875 0.440968 0.308156 0.165824 13682
2 11 12 3.81589 -3 0 0 10879
2 11 13 5.04527 0.41399 0.456294 0.407478 8125
2 11 14 3.81589 -3 0 0 17901
2 11 15 3.81589 -3 0 0 9761
2 11 16 5.53363 0.412008 0.249571 0.740255 8829
2 11 17 3.81589 -3 0 0 15362
2 11 18 2.88799 0.82562 1.4768 0.666719 10420
2 11 19 3.97351 0.455496 0.548661 0.196365 9253
2 11 20 3.10056 0.334634 1.07569 0.707171 11236
2 11 21 3.81589 -3 0 0 10454
2 11 22 7 -2 0 0 8454
2 11 23 5.00602 0.426793 0.505506 0.582153 13629
2 11 24 3.81589 -3 0 0 15340
2 11 25 2 -2 0 0 8812
2 11 26 8 -2 0 0 17317
2 11 27 4.51937 0.311306 0.765551 0.266924 10047
2 11 28 7 -2 0 0 8701
2 11 29 4.39605 0.399625 0.303363 0.0792976 15371
2 11 30 3.81589 -3 0 0 9754
2 11 31 4.03351 0.45193 0.614157 0.276499 8845
2 11 32 5 -2 0 0 7963
2 11 33 4.93818 0.361925 0.446266 0.136461 9151
2 11 34 6 -2 0 0 17356
2 11 35 4.91687 0.477843 0.340526 0.356746 8527
2 11 36 2 -2 0 0 10221
2 11 37 3.81589 -3 0 0 11018
2 11 38 6 -2 0 0 8386
2 11 39 3.81589 -3 0 0 10548
2 11 40 3.81589 -3 0 0 11061
2 11 41 3.81589 -3 0 0 8188
2 11 42 3.81589 -3 0 0 11261
2 11 43 4.16212 0.500518 0.257778 0.194074 14680
2 11 44 5 -2 0 0 8632
2 11 45 6 -2 0 0 9277
2 11 46 3.81589 -3 0 0 17219
2 11 47 3.22519 0.582388 0.633732 0.350389 8298
2 11 48 6 -2 0 0 10260
2 11 49 4.00786 0.510297 0.549328 0.501282 11989
2 11 50 3.59451 0.401138 0.463601 0.0304036 8958
2 11 51 2 1.85714 1.64889 0.987913 13168
2 11 52 3.81589 -3 0 0 14246
2 11 53 4.06682 0.474367 0.438887 0.212936 8365
2 11 54 5.21658 0.400787 0.255919 0.399832 10002
2 11 55 3.24924 0.512654 0.445458 0.0756326 13063
2 11 56 3.78063 0.524857 0.25962 0.0659153 11228
2 11 57 3.81589 -3 0 0 11979
2 11 58 3.81589 -3 0 0 11008
2 11 59 4 -2 0 0 16414
2 11 60 5 -2 0 0 9353
2 11 61 4.36543 0.418281 0.237712 0.0270019 15845
2 11 62 3.30946 0.395158 0.617408 0.206756 16144
2 11 63 7 -2 0 0 12117
2 12 0 4 -2 0 0 17087
2 12 1 3 -2 0 0 18395
2 12 2 2.89658 0.537025 0.706548 0.135923 21115
2 12 3 4 -2 0 0 21450
2 12 4 3.86401 0.309757 0.28344 0.0134444 17946
2 12 5 4.46846 0.368161 0.221661 0.0560107 18008
2 12 6 4 -2 0 0 18389
2 12 7 3.22812 0.596264 0.486 0.22915 23712
2 12 8 4.34526 0.395968 0.357695 0.0741752 16133
2 12 9 3.84696 0.458524 0.383463 0.0381087 20340
2 12 10 2.78897 0.691741 0.509515 0.401836 21132
2 12 11 3.3143 0.525374 0.797651 0.46296 14945
2 12 12 3.48286 0.357352 0.315779 0.0442523 16313
2 12 13 2.65998 0.76378 0.770993 0.234004 17719
2 12 14 3.70345 0.543726 0.437227 0.231409 16342
2 12 15 5 -2 0 0 19482
2 12 16 0 -10 0 0 0
2 12 17 3.27426 -3 0 0 14734
2 12 18 4 -2 0 0 17305
2 12 19 4 -2 0 0 22824
2 12 20 3.63046 0.571031 0.446344 0.348165 15901
2 12 21 4 -2 0 0 23179
2 12 22 3.8364 0.537262 0.441809 0.297176 19684
2 12 23 2 -2 0 0 12615
2 12 24 5 -2 0 0 16485
2 12 25 3.27426 -3 0 0 18611
2 12 26 4.24449 0.442599 0.360479 0.0947918 14510
2 12 27 3.77624 0.464681 0.355615 0.134974 16480
2 12 28 5 -2 0 0 18418
2 12 29 3.01531 0.747289 0.962964 0.246371 11704
2 12 30 3.42531 0.634046 0.714747 0.576866 15837
2 12 31 2 -2 0 0 18280
2 12 32 5 -2 0 0 16436
2 12 33 5.27563 0.347243 0.492923 0.423191 15544
2 12 34 4 -2 0 0 11258
2 12 35 4.1967 0.253991 0.983824 0.456341 18873
2 12 36 5 -2 0 0 15289
2 12 37 3.0555 0.755698 1.2009 0.608317 10795
2 12 38 3.09312 0.469172 1.24272 0.341996 13870
2 12 39 3 -2 0 0 10693
2 12 40 4.25962 0.541951 0.429705 0.599177 12028
2 12 41 4.03057 0.403696 0.461198 0.0157262 15171
2 12 42 4.28503 0.378072 0.256554 0.0324183 10847
2 12 43 4.06717 0.556632 0.639347 0.611856 12487
2 12 44 5 -2 0 0 14469
2 12 45 3.27426 -3 0 0 15201
2 12 46 7 -2 0 0 10540
2 12 47 5 -2 0 0 16109
2 12 48 3 -2 0 0 14428
2 12 49 3.53248 0.514282 0.54627 0.26792 11187
2 12 50 4.82542 0.562747 0.381841 0.800521 13798
2 12 51 3.05326 0.689065 0.698832 0.450602 7819
2 12 52 3.20804 0.679273 1.06817 0.169344 9824
2 12 53 3.02202 1.22621 1.16644 0.063651 11982
2 12 54 3.96826 0.411738 0.395543 0.0679371 9728
2 12 55 3.27426 -3 0 0 9878
2 12 56 2 -2 0 0 11427
2 12 57 3.27426 -3 0 0 8958
2 12 58 5 -2 0 0 12076
2 12 59 3.47291 0.686794 0.512962 0.653493 9160
2 12 60 3.28685 0.579465 0.764957 0.0886563 12554
2 12 61 5 -2 0 0 8722
2 12 62 3 -2 0 0 9130
2 12 63 2.34827 0.983375 1.28803 0.119709 9717
2 13 0 3.29809 -3 0 0 8101
2 13 1 3.80151 0.502384 0.549561 0.197763 6804
2 13 2 5 -2 0 0 7201
2 13 3 5.66849 0.754997 0.431753 0.873041 5840
2 13 4 3.37566 0.359528 0.352787 0.0308288 6867
2 13 5 3.58771 0.436182 0.283401 0.0571264 6546
2 13 6 4 -2 0 0 5983
2 13 7 2 9.2749 0.85694 0.247325 4002
2 13 8 3.29809 -3 0 0 6964
2 13 9 6 -2 0 0 5332
2 13 10 6 -2 0 0 5049
2 13 11 4.68288 0.48197 0.272461 0.0743463 8643
2 13 12 7 -2 0 0 5538
2 13 13 3.29809 -3 0 0 5336
2 13 14 3.20822 0.61946 0.334318 0.00630887 10731
2 13 15 2 -2 0 0 5982
2 13 16 2 -2 0 0 6450
2 13 17 3.23299 0.486452 0.364793 0.00995965 8347
2 13 18 4.50485 0.403642 0.395516 0.203051 5701
2 13 19 4 -2 0 0 5105
2 13 20 4.47875 0.609629 0.524267 0.351008 7294
2 13 21 2.85744 0.723511 0.668442 0.380292 5547
2 13 22 6 -2 0 0 4707
2 13 23 3.29809 -3 0 0 8319
2 13 24 3.2232 0.721123 0.338625 0.115464 7004
2 13 25 2.41494 1.20806 1.30943 0.79209 4866
2 13 26 4.2965 0.593641 0.554663 0.558255 9805
2 13 27 4.21004 0.435946 0.301998 0.162451 6546
2 13 28 3.29809 -3 0 0 5652
2 13 29 3.2542 0.408764 0.30297 0.0106544 9272
2 13 30 6 -2 0 0 6149
2 13 31 5.37434 0.539432 0.258023 0.744059 6070
2 13 32 5 -2 0 0 5722
2 13 33 2 -2 0 0 6958
2 13 34 4.42014 0.341137 0.349948 0.148544 10355
2 13 35 2.99992 0.791978 0.398681 0.25341 6394
2 13 36 3.29809 -3 0 0 8146
2 13 37 5.19384 0.289791 0.363993 0.608726 7711
2 13 38 3.28309 0.234746 0.966416 0.202971 5729
2 13 39 3.62341 0.668895 1.74387 0.722613 7184
2 13 40 3.56433 0.667761 0.581169 0.493586 7383
2 13 41 6 -2 0 0 5994
2 13 42 3.47059 0.272039 0.826247 0.215006 9230
2 13 43 4 -2 0 0 10856
2 13 44 3.76482 0.720846 0.36407 0.345146 6541
2 13 45 2 -2 0 0 6797
2 13 46 5.84118 0.501709 0.286542 0.903969 11634
2 13 47 3.29809 -3 0 0 7860
2 13 48 7 -2 0 0 7069
2 13 49 3.61333 0.623003 0.336974 0.130018 10156
2 13 50 3.51613 0.332892 0.353209 0.0225914 7679
2 13 51 3.51646 0.562739 0.339959 0.050824 14187
2 13 52 4.21852 0.342604 0.350738 0.0781586 11661
2 13 53 3.75452 0.516357 0.347342 0.0214499 9001
2 13 54 2.3839 1.14753 1.2957 0.188507 9823
2 13 55 3.29809 -3 0 0 13160
2 13 56 4 -2 0 0 11993
2 13 57 3.22835 0.725548 0.357265 0.1428 11867
2 13 58 3 -2 0 0 8476
2 13 59 6 -2 0 0 14123
2 13 60 3.29809 -3 0 0 8346
2 13 61 4 -2 0 0 17399
2 13 62 3.29809 -3 0 0 13539
2 13 63 5 -2 0 0 9584
2 14 0 6 -2 0 0 9253
2 14 1 3.30606 0.636105 0.50158 0.180662 10270
2 14 2 5 -2 0 0 11033
2 14 3 3.08683 -3 0 0 10476
2 14 4 4 -2 0 0 8006
2 14 5 3.08683 -3 0 0 9740
2 14 6 3.08683 -3 0 0 11928
2 14 7 9 -2 0 0 12703
2 14 8 3.08683 -3 0 0 9578
2 14 9 7 -2 0 0 12874
2 14 10 3.58845 0.404081 0.264724 0.0899258 14449
2 14 11 2.23602 2.0514 0.42726 0.0565222 7930
2 14 12 3.08683 -3 0 0 10363
2 14 13 3.48688 0.312154 0.466095 0.283898 11085
2 14 14 4.08653 0.310972 1.06924 0.476905 8078
2 14 15 2.8825 0.456726 0.968634 0.777753 9556
2 14 16 4 -2 0 0 15343
2 14 17 7 -2 0 0 8136
2 14 18 6 -2 0 0 8622
2 14 19 6 -2 0 0 11745
2 14 20 3.08683 -3 0 0 7464
2 14 21 4.37428 0.341948 0.301038 0.372247 12296
2 14 22 2.63686 1.1512 0.681292 0.384435 11285
2 14 23 5 -2 0 0 6404
2 14 24 4.21631 0.308836 0.234943 0.0273968 8768
2 14 25 4.13731 0.557303 0.377497 0.218629 10858
2 14 26 4.2062 0.570563 0.582184 0.313285 7989
2 14 27 2.4642 0.906377 1.11869 0.634727 8668
2 14 28 4 -2 0 0 8545
2 14 29 3.41648 0.315693 0.583564 0.113804 6579
2 14 30 3.08683 -3 0 0 8088
2 14 31 8 -2 0 0 9199
2 14 32 2 -2 0 0 7301
2 14 33 4.39307 0.560749 0.147779 0.143991 8024
2 14 34 2 -2 0 0 6853
2 14 35 4.09205 0.493855 0.224298 0.0250765 8176
2 14 36 3.08683 -3 0 0 6682
2 14 37 3.91988 0.367736 0.483398 0.131472 6358
2 14 38 4.26087 0.360729 0.295251 0.00841213 7822
2 14 39 3 -2 0 0 6225
2 14 40 3.08683 -3 0 0 6029
2 14 41 3.08683 -3 0 0 7369
2 14 42 8 -2 0 0 5353
2 14 43 3.08683 -3 0 0 6916
2 14 44 5 -2 0 0 5887
2 14 45 3.68741 0.770917 0.498442 0.606129 6601
2 14 46 4.45076 0.391634 0.27241 0.116005 6479
2 14 47 6.21694 0.438686 0.31369 0.698038 1461
2 14 48 3.08683 -3 0 0 6161
2 14 49 3.31804 0.617472 0.212283 0.0250749 6160
2 14 50 3 -2 0 0 6406
2 14 51 5.19319 0.433547 0.355947 0.12672 5097
2 14 52 6 -2 0 0 5621
2 14 53 2 -2 0 0 5974
2 14 54 3.08683 -3 0 0 6292
2 14 55 4.97604 0.394356 0.222746 0.0959358 5382
2 14 56 2.4345 0.828304 0.313968 1.01292 6144
2 14 57 3.08683 -3 0 0 5686
2 14 58 4 -2 0 0 5669
2 14 59 2 -2 0 0 5348
2 14 60 2.58344 1.05758 0.935104 0.684527 6355
2 14 61 3.24523 0.738984 0.328104 0.0930772 5999
2 14 62 2 2.45386 1.05173 0.616328 5197
2 14 63 3.08683 -3 0 0 5703
2 15 0 2.06187 9.52233 1.03488 0.57529 5477
2 15 1 4.30251 0.598211 0.188186 0.681033 4608
2 15 2 2.65252 0.792622 0.371053 0.0174378 4205
2 15 3 4.91595 0.743673 0.162911 0.399715 3812
2 15 4 2.57208 1.17009 0.692165 0.447328 4546
2 15 5 4.02824 0.488773 0.316571 0.0898393 4210
2 15 6 2 -2 0 0 4317
2 15 7 3.03336 -3 0 0 3460
2 15 8 2.45018 1.5583 0.656608 0.281785 4718
2 15 9 3.82013 0.439527 0.349877 0.0457599 3761
2 15 10 3.4976 0.468846 0.258532 0.0425133 4099
2 15 11 2 -2 0 0 4967
2 15 12 6.40619 0.715408 0.204746 0.793825 4228
2 15 13 8 -2 0 0 4192
2 15 14 3.45495 0.87727 0.482837 0.533661 5654
2 15 15 4 -2 0 0 4407
2 15 16 2 2.96995 0.885618 0.525718 3932
2 15 17 2.89148 0.42854 0.421764 0.0309891 5173
2 15 18 3.83036 0.283238 0.118154 0.033563 4424
2 15 19 3.01646 0.977221 0.458292 0.210423 4176
2 15 20 3.03336 -3 0 0 4310
2 15 21 7 -2 0 0 4100
2 15 22 9 -2 0 0 3691
2 15 23 2 -2 0 0 4933
2 15 24 4.1778 0.752175 0.318849 0.236369 4994
2 15 25 5 -2 0 0 4211
2 15 26 5.398 0.391257 0.259437 0.10458 6009
2 15 27 4 -2 0 0 4129
2 15 28 4.14565 0.83501 0.285071 0.117154 4110
2 15 29 4.01591 0.202364 0.1 0.0827197 5136
2 15 30 3.24427 0.840397 0.405657 0.0980404 4439
2 15 31 3.19797 0.869816 0.198401 0.0187369 4731
2 15 32 3.74963 0.952855 0.410238 0.386308 4299
2 15 33 3.03336 -3 0 0 4640
2 15 34 3.46958 0.400063 0.342337 0.0348996 6243
2 15 35 7 -2 0 0 4182
2 15 36 5.67381 0.596766 0.11433 0.503728 4550
2 15 37 4.29695 0.491385 0.246434 0.177233 5250
2 15 38 3.03336 -3 0 0 4594
2 15 39 3.03336 -3 0 0 6235
2 15 40 3.03336 -3 0 0 4910
2 15 41 2 -2 0 0 4624
2 15 42 3.75703 0.742449 0.498514 0.13504 5124
2 15 43 3.03336 -3 0 0 5985
2 15 44 3.00968 1.79342 0.970812 0.764932 5029
2 15 45 3 -2 0 0 4906
2 15 46 3.67688 1.07952 0.398884 0.397471 6568
2 15 47 3.37276 0.7072 0.495194 0.0318398 5242
2 15 48 5 -2 0 0 5316
2 15 49 3 -2 0 0 6010
2 15 50 4.0023 0.644286 0.914125 0.37735 5170
2 15 51 6 -2 0 0 7962
2 15 52 3.03336 -3 0 0 6318
2 15 53 2.65082 0.940366 0.286635 0.0281877 5581
2 15 54 3 -2 0 0 5574
2 15 55 5.62472 0.601524 0.192219 0.765681 6759
2 15 56 3.53332 0.371558 0.334608 0.00969814 6914
2 15 57 7 -2 0 0 7472
2 15 58 8 -2 0 0 6061
2 15 59 2 -2 0 0 6910
2 15 60 3.83522 0.484018 0.31908 0.0254186 5973
2 15 61 6 -2 0 0 8767
2 15 62 3.03336 -3 0 0 7685
2 15 63 4 -2 0 0 6385
3 0 0 3 -2 0 0 8220
3 0 1 3.40448 -3 0 0 7405
3 0 2 3.14535 0.455905 1.2226 0.48202 7276
3 0 3 5 -2 0 0 6710
3 0 4 3 -2 0 0 8189
3 0 5 3.40448 -3 0 0 7486
3 0 6 3.40448 -3 0 0 10195
3 0 7 3.40448 -3 0 0 9387
3 0 8 2.6526 0.70614 1.14965 0.412978 7628
3 0 9 4.10536 0.485601 0.52619 0.21667 6913
3 0 10 6 -2 0 0 9034
3 0 11 4.73961 0.375691 0.487957 0.0802167 9250
3 0 12 6 -2 0 0 7261
3 0 13 2 -2 0 0 6779
3 0 14 3.40448 -3 0 0 8437
3 0 15 2 -2 0 0 7749
3 0 16 3.40448 -3 0 0 8410
3 0 17 3.49603 0.26529 0.946512 0.805076 11927
3 0 18 4.00243 0.376925 0.322265 0.441988 7569
3 0 19 2 -2 0 0 10083
3 0 20 3.40448 -3 0 0 8812
3 0 21 5 -2 0 0 9963
3 0 22 2.94608 0.934881 0.705898 0.840504 8335
3 0 23 6 -2 0 0 10246
3 0 24 6 -2 0 0 8949
3 0 25 4.07978 0.568257 0.555843 0.483499 10615
3 0 26 6 -2 0 0 10217
3 0 27 6 -2 0 0 8068
3 0 28 3.88837 0.51442 0.329918 0.216704 7115
3 0 29 4.31224 0.444347 0.41072 0.0860468 9870
3 0 30 3.40448 -3 0 0 7530
3 0 31 5.04772 0.365322 0.275558 0.212006 7438
3 0 32 3.63592 0.282919 0.464717 0.217931 11949
3 0 33 2 -2 0 0 8301
3 0 34 3.85228 0.835788 0.657084 0.867574 16118
3 0 35 5.01672 0.395652 0.451021 0.436898 8103
3 0 36 3.40448 -3 0 0 12362
3 0 37 6 -2 0 0 13340
3 0 38 3.62889 0.479158 0.359454 0.062834 13633
3 0 39 2 -2 0 0 12694
3 0 40 3.40448 -3 0 0 8965
3 0 41 3.40448 -3 0 0 8459
3 0 42 3.40448 -3 0 0 14510
3 0 43 6 -2 0 0 15065
3 0 44 4.91271 0.438084 0.793833 0.569926 8726
3 0 45 3.34469 0.477899 0.380956 0.113151 8445
3 0 46 2.78216 0.824589 1.4036 0.362765 12024
3 0 47 4.54262 0.384657 0.407689 0.0667151 13935
3 0 48 6 -2 0 0 9283
3 0 49 2 -2 0 0 11522
3 0 50 2.91395 0.540101 1.16336 0.623483 9099
3 0 51 2 8.03607 1.48318 0.742157 14862
3 0 52 3.40448 -3 0 0 15642
3 0 53 2 -2 0 0 11219
3 0 54 5 -2 0 0 15690
3 0 55 4 -2 0 0 17268
3 0 56 3.40448 -3 0 0 12804
3 0 57 4.33626 0.478749 0.597418 0.310518 13872
3 0 58 3.40448 -3 0 0 11711
3 0 59 4.27549 0.383157 0.381453 0.0162649 12446
3 0 60 2.42382 0.895075 0.993608 0.510021 16140
3 0 61 6 -2 0 0 16555
3 0 62 3 -2 0 0 14369
3 0 63 3 -2 0 0 16888
3 1 0 3.50226 0.366657 0.325425 0.163141 15154
3 1 1 5 -2 0 0 19746
3 1 2 4 -2 0 0 19856
3 1 3 2.70096 0.72308 0.409075 0.445858 17445
3 1 4 6 -2 0 0 12777
3 1 5 5 -2 0 0 13573
3 1 6 4.36168 0.396006 0.614 0.155498 19419
3 1 7 2 -2 0 0 18679
3 1 8 3.21498 -3 0 0 17686
3 1 9 4 -2 0 0 14095
3 1 10 2 -2 0 0 14858
3 1 11 2.70613 0.678861 0.582167 0.1435 16251
3 1 12 3.64539 0.281239 0.440637 0.118933 13089
3 1 13 3 -2 0 0 15014
3 1 14 2 8.0395 1.67129 1.06165 14155
3 1 15 6 -2 0 0 14917
3 1 16 5 -2 0 0 21473
3 1 17 2 -2 0 0 16542
3 1 18 4.89962 0.407245 0.192319 0.427232 12402
3 1 19 3.21498 -3 0 0 16232
3 1 20 3.81198 0.549895 0.628165 0.581428 13977
3 1 21 2.57473 0.633627 1.09241 0.902886 16154
3 1 22 2 -2 0 0 13293
3 1 23 3.36647 0.530575 0.738772 0.288097 14835
3 1 24 5 -2 0 0 17393
3 1 25 2.93728 0.868537 0.879901 0.806722 15514
3 1 26 5 -2 0 0 16223
3 1 27 5 -2 0 0 11096
3 1 28 2 9.84218 1.26913 0.547439 13933
3 1 29 2 -2 0 0 10986
3 1 30 2 -2 0 0 14319
3 1 31 3.88305 0.430641 0.425869 0.144138 10711
3 1 32 5 -2 0 0 11831
3 1 33 2.61588 1.03739 0.712318 0.0878737 11220
3 1 34 3.78516 0.654205 0.39918 0.916769 15630
3 1 35 4 -2 0 0 10465
3 1 36 7 -2 0 0 9496
3 1 37 2.72282 0.677946 0.582964 0.107859 10578
3 1 38 3.3193 0.580144 0.326223 0.168849 8776
3 1 39 3.21498 -3 0 0 7926
3 1 40 5 -2 0 0 13383
3 1 41 3.80205 0.460016 0.357553 0.124874 9193
3 1 42 6 -2 0 0 9412
3 1 43 3.06036 0.798894 0.681079 0.932251 10390
3 1 44 4.02747 0.541426 0.487025 0.496776 8066
3 1 45 3.24461 0.266871 0.92889 0.160075 12468
3 1 46 3.21498 -3 0 0 14591
3 1 47 3.73788 0.327113 0.408328 0.0456722 10380
3 1 48 4 -2 0 0 12506
3 1 49 2 9.39335 1.67162 0.671557 9123
3 1 50 3.09599 0.785989 0.71997 0.79126 10801
3 1 51 5 -2 0 0 10930
3 1 52 6 -2 0 0 8584
3 1 53 5 -2 0 0 8251
3 1 54 3.59283 0.297389 0.826494 0.160401 8142
3 1 55 2.90082 0.819431 0.631098 0.993835 7989
3 1 56 2.59404 0.883911 0.568791 0.464775 7708
3 1 57 4.11425 0.594473 0.564533 0.794483 11524
3 1 58 3.53592 0.244611 0.908397 0.271709 8707
3 1 59 4.32002 0.374962 0.305686 0.121915 9283
3 1 60 3.21498 -3 0 0 10377
3 1 61 2 12.7484 0.494153 0.332313 7969
3 1 62 2.84603 0.438128 1.05932 0.0681715 9005
3 1 63 3.13178 0.583036 0.984818 0.315527 8649
3 2 0 2.20715 1.6218 1.0537 0.77855 17056
3 2 1 2 2.37924 1.18829 0.960294 15400
3 2 2 3.35849 0.304582 0.577237 0.0519464 15992
3 2 3 4 -2 0 0 11950
3 2 4 2.3906 0.793988 0.447609 0.195257 18289
3 2 5 3.28544 0.506647 0.247978 0.0755499 13714
3 2 6 4.4435 0.408391 0.392809 0.203455 14490
3 2 7 3.27822 0.547731 0.509068 0.194972 9281
3 2 8 3.59467 0.619838 0.432296 0.569312 12879
3 2 9 3.09624 -3 0 0 12515
3 2 10 3 -2 0 0 11584
3 2 11 3.20325 0.61673 0.403967 0.234155 19433
3 2 12 2 -2 0 0 17381
3 2 13 5 -2 0 0 11268
3 2 14 4.00097 0.521473 0.387905 0.351605 20909
3 2 15 5 -2 0 0 11914
3 2 16 3.75209 0.521227 0.461873 0.263713 14365
3 2 17 2 -2 0 0 17533
3 2 18 3.07163 0.561143 0.362656 0.165403 12866
3 2 19 3 -2 0 0 14740
3 2 20 2.02662 10.9265 1.20496 1.00825 14241
3 2 21 3.09624 -3 0 0 17346
3 2 22 3.63696 0.504785 0.46231 0.283335 9739
3 2 23 3.10137 0.727524 0.407487 0.530621 14300
3 2 24 2.55288 1.61116 0.980973 0.98587 15928
3 2 25 2 -2 0 0 11173
3 2 26 2.46714 0.975324 1.29242 0.423888 21727
3 2 27 2 -2 0 0 14910
3 2 28 4 -2 0 0 15200
3 2 29 3.25173 0.302255 0.654178 0.187735 19699
3 2 30 2.58516 0.998125 0.737473 0.6465 12372
3 2 31 2 1.91586 1.57748 0.444682 13848
3 2 32 4 -2 0 0 10392
3 2 33 3 -2 0 0 16983
3 2 34 4.96022 0.37704 0.315866 0.165137 16637
3 2 35 5 -2 0 0 13669
3 2 36 4.13942 0.437297 0.283421 0.220535 11082
3 2 37 3.74464 0.446707 0.437777 0.0799802 19877
3 2 38 2 -2 0 0 13098
3 2 39 4.24714 0.305659 0.37074 0.0360281 11609
3 2 40 3 -2 0 0 12096
3 2 41 2 -2 0 0 10345
3 2 42 3.56134 0.567422 0.413899 0.26794 16952
3 2 43 3.89496 0.347093 0.303919 0.0643488 19598
3 2 44 2.90616 0.907432 1.02194 0.442988 9292
3 2 45 5 -2 0 0 9963
3 2 46 4.21875 0.477382 0.437692 0.355455 22544
3 2 47 3.09624 -3 0 0 12272
3 2 48 3.81051 0.469538 0.574559 0.188441 16826
3 2 49 3.09624 -3 0 0 19049
3 2 50 6 -2 0 0 11495
3 2 51 3.45002 0.551223 0.471783 0.254882 20195
3 2 52 2.80016 0.678738 0.765579 0.106133 14933
3 2 53 4.08893 0.414925 0.301575 0.0637128 9715
3 2 54 4.04538 0.469226 0.31288 0.214577 10749
3 2 55 4.1109 0.482207 0.182588 0.268538 19515
3 2 56 5 -2 0 0 17743
3 2 57 2.1355 1.79113 0.641939 0.535049 19102
3 2 58 2.45458 0.912884 0.75421 0.0836172 12665
3 2 59 3.25061 0.608046 0.476136 0.208686 18612
3 2 60 2.98863 0.361886 0.807347 0.0978302 10201
3 2 61 2 -2 0 0 23142
3 2 62 2 8.16981 0.85575 0.529703 15388
3 2 63 3.09624 -3 0 0 13137
3 3 0 5.39188 0.310649 0.505093 0.102161 11436
3 3 1 4.06774 -3 0 0 18277
3 3 2 5.67195 0.489416 0.571653 0.591429 12395
3 3 3 5 -2 0 0 18397
3 3 4 4.13577 0.478288 0.604844 0.317964 11498
3 3 5 4.30803 0.418531 0.414393 0.0834954 11698
3 3 6 3.89854 0.608694 0.756202 0.389232 12614
3 3 7 2 -2 0 0 19179
3 3 8 5.27879 0.373182 0.422021 0.334609 11011
3 3 9 3.41062 0.486887 0.590606 0.315743 12389
3 3 10 5 -2 0 0 20182
3 3 11 4.68414 0.366046 0.515709 0.144329 11829
3 3 12 3.92467 0.274564 1.30493 0.246168 11515
3 3 13 4.34811 0.363672 0.495534 0.239589 18631
3 3 14 3.92292 0.480795 0.420141 0.0881187 12267
3 3 15 4.06774 -3 0 0 12303
3 3 16 4.06985 0.409759 1.38089 0.444622 16902
3 3 17 4 -2 0 0 11396
3 3 18 4.42084 0.431532 0.92404 0.544644 11367
3 3 19 4.03098 0.573987 0.879938 0.586024 13390
3 3 20 4.76348 0.385243 0.548627 0.266147 10698
3 3 21 4.88926 0.640679 0.605129 1.07991 19402
3 3 22 3.85912 0.674755 0.742663 0.571928 11961
3 3 23 7 -2 0 0 16866
3 3 24 6 -2 0 0 11180
3 3 25 5.09254 0.413765 0.797251 0.379522 13595
3 3 26 4.19878 0.396264 0.528986 0.170028 12370
3 3 27 5.00925 0.338066 0.691176 0.166711 11938
3 3 28 3.57351 0.832775 1.08902 0.605831 11744
3 3 29 4.06774 -3 0 0 17103
3 3 30 4.06774 -3 0 0 11556
3 3 31 2 -2 0 0 18027
3 3 32 2.19179 1.8899 1.4705 0.975933 11421
3 3 33 3.88302 0.332055 0.599341 0.0943882 17895
3 3 34 10 -2 0 0 11488
3 3 35 4.06774 -3 0 0 12344
3 3 36 3.47961 0.591722 0.919649 0.946512 16586
3 3 37 3.71719 0.420933 1.0735 0.302501 13033
3 3 38 4.06774 -3 0 0 17510
3 3 39 4.06774 -3 0 0 10724
3 3 40 4.50385 0.385094 0.796511 0.364077 12583
3 3 41 3.16117 0.765956 1.23625 0.72789 12417
3 3 42 4.24323 0.457635 0.536094 0.232997 11158
3 3 43 4.27837 0.386137 0.392605 0.0434508 10202
3 3 44 4.38696 0.346626 1.04602 0.286267 15767
3 3 45 4.48604 0.440623 0.353315 0.189753 11986
3 3 46 5 -2 0 0 12462
3 3 47 2.6095 1.18596 1.33177 0.956688 12830
3 3 48 3.94633 0.26015 1.20083 0.618115 11043
3 3 49 4.06774 -3 0 0 16283
3 3 50 4.7892 0.371516 0.713614 0.0490478 10584
3 3 51 5.12037 0.450152 0.726998 0.358764 12219
3 3 52 6 -2 0 0 17212
3 3 53 7 -2 0 0 11884
3 3 54 7 -2 0 0 16923
3 3 55 6 -2 0 0 16094
3 3 56 3.19026 0.714193 0.869778 0.414899 11180
3 3 57 4.06774 -3 0 0 18001
3 3 58 3.96936 0.406221 0.475374 0.123685 16875
3 3 59 7 -2 0 0 16711
3 3 60 6 -2 0 0 16780
3 3 61 6 -2 0 0 12216
3 3 62 7 -2 0 0 16955
3 3 63 6 -2 0 0 11246
3 4 0 6 -2 0 0 19733
3 4 1 2.97497 -3 0 0 19177
3 4 2 4 -2 0 0 16610
3 4 3 5 -2 0 0 7218
3 4 4 4.04004 0.406786 0.355078 0.0498906 11986
3 4 5 2.56069 0.777448 0.290352 0.0105865 13801
3 4 6 2.36407 11.8766 0.971165 0.625318 9518
3 4 7 2.48625 0.763846 0.404297 0.100571 5953
3 4 8 2.59121 1.30188 0.688803 0.45412 15247
3 4 9 2.97497 -3 0 0 13085
3 4 10 4 -2 0 0 12532
3 4 11 3.63417 0.403524 0.330499 0.042713 13140
3 4 12 2.44254 1.7855 0.630992 0.803056 8379
3 4 13 2.97497 -3 0 0 10048
3 4 14 2.8327 0.659238 0.292919 0.0456691 16734
3 4 15 6 -2 0 0 6998
3 4 16 3.84341 0.64969 0.344887 0.142642 6950
3 4 17 3.52525 0.631343 0.338092 0.137424 13874
3 4 18 2 8.64564 1.19026 0.985741 10669
3 4 19 3.12929 0.731318 0.441587 0.264357 9228
3 4 20 7 -2 0 0 8560
3 4 21 5 -2 0 0 7975
3 4 22 3.02536 0.412498 0.991621 0.792582 11091
3 4 23 4.58619 0.569299 0.529019 0.214478 11907
3 4 24 4 -2 0 0 15723
3 4 25 7 -2 0 0 8841
3 4 26 2.91171 0.51039 0.343274 0.00655101 16104
3 4 27 2 -2 0 0 9612
3 4 28 4.01131 0.630277 0.308142 0.34151 5966
3 4 29 6 -2 0 0 13215
3 4 30 4.88871 0.688571 0.559969 0.534557 6838
3 4 31 3.32417 0.417394 0.378537 0.0552871 5461
3 4 32 2 -2 0 0 5883
3 4 33 4 -2 0 0 8732
3 4 34 6 -2 0 0 11508
3 4 35 3.39264 0.6264 0.304253 0.0614993 5410
3 4 36 2.39053 0.924327 1.05987 0.97904 7280
3 4 37 5.99963 0.5367 0.419892 0.594082 11910
3 4 38 5 -2 0 0 6993
3 4 39 4 -2 0 0 6283
3 4 40 5 -2 0 0 7865
3 4 41 2 -2 0 0 5542
3 4 42 6 -2 0 0 7408
3 4 43 6 -2 0 0 11856
3 4 44 4.53852 0.489982 0.236266 0.0750273 7090
3 4 45 3.31819 0.697776 0.338748 0.128486 5631
3 4 46 2.4462 1.05232 0.70695 0.319448 14742
3 4 47 3.75219 0.310741 0.423199 0.030971 4755
3 4 48 2.22711 8.84148 1.30108 0.676087 5776
3 4 49 2 -2 0 0 10281
3 4 50 2 -2 0 0 7601
3 4 51 4.10121 0.623924 0.66983 0.437713 7414
3 4 52 7 -2 0 0 7706
3 4 53 4.10114 0.539629 0.290754 0.102677 4868
3 4 54 5 -2 0 0 5761
3 4 55 2.41753 1.08768 0.969233 0.162869 7507
3 4 56 6 -2 0 0 8779
3 4 57 2.45111 0.773411 0.354752 0.0160455 10227
3 4 58 4.28476 0.495937 0.532994 0.0533862 8765
3 4 59 2.88388 1.11174 1.71917 0.47716 9041
3 4 60 2.15106 1.29754 0.839378 0.185083 5530
3 4 61 3 -2 0 0 11090
3 4 62 5 -2 0 0 8128
3 4 63 4 -2 0 0 7074
3 5 0 2 -2 0 0 12879
3 5 1 5 -2 0 0 8598
3 5 2 2.5642 0.434974 0.86014 0.327252 12088
3 5 3 3.269 -3 0 0 10984
3 5 4 2 -2 0 0 14248
3 5 5 2.68243 0.853589 0.881961 0.463893 10555
3 5 6 5 -2 0 0 12923
3 5 7 6 -2 0 0 10054
3 5 8 5 -2 0 0 12848
3 5 9 2 -2 0 0 10708
3 5 10 4 -2 0 0 13349
3 5 11 5 -2 0 0 10817
3 5 12 2.65062 0.910858 0.915969 0.869684 9653
3 5 13 3.0562 0.272548 0.559169 0.042069 10762
3 5 14 4.17471 0.403587 0.426496 0.119782 9581
3 5 15 5 -2 0 0 10635
3 5 16 4.13434 0.428764 0.475771 0.078979 15021
3 5 17 5 -2 0 0 10269
3 5 18 6 -2 0 0 9441
3 5 19 4 -2 0 0 18170
3 5 20 2 -2 0 0 16686
3 5 21 5.1909 0.582502 0.569834 1.01159 12815
3 5 22 2 -2 0 0 14983
3 5 23 3.269 -3 0 0 11194
3 5 24 3.269 -3 0 0 13208
3 5 25 2.53901 0.746654 0.976381 1.05478 12110
3 5 26 3.269 -3 0 0 11073
3 5 27 3.269 -3 0 0 17716
3 5 28 3.269 -3 0 0 11453
3 5 29 3.05877 0.709667 0.714889 0.710049 14899
3 5 30 3.5176 0.555282 0.636352 0.211779 12231
3 5 31 3.49538 0.6205 0.679797 0.337229 19773
3 5 32 6 -2 0 0 12690
3 5 33 3.269 -3 0 0 16901
3 5 34 3.18732 0.717276 0.827172 0.507089 15130
3 5 35 2 -2 0 0 21164
3 5 36 2 -2 0 0 18717
3 5 37 3.24527 0.551763 0.604866 0.70664 13214
3 5 38 6 -2 0 0 13211
3 5 39 5 -2 0 0 24314
3 5 40 5 -2 0 0 17151
3 5 41 5 -2 0 0 11691
3 5 42 2 -2 0 0 18557
3 5 43 3.83694 0.529264 0.467385 0.285396 16396
3 5 44 6 -2 0 0 20528
3 5 45 7 -2 0 0 11733
3 5 46 2 -2 0 0 16429
3 5 47 5.60162 0.338078 0.348757 0.221945 25438
3 5 48 5 -2 0 0 16305
3 5 49 3 -2 0 0 13272
3 5 50 3.269 -3 0 0 21584
3 5 51 4 -2 0 0 22457
3 5 52 3 -2 0 0 11304
3 5 53 4 -2 0 0 14427
3 5 54 3.269 -3 0 0 12930
3 5 55 4 -2 0 0 12790
3 5 56 2 0.828931 1.07379 0.915533 23158
3 5 57 2 12.683 0.57841 0.365448 23746
3 5 58 3.75523 0.512267 0.537366 0.231104 11568
3 5 59 3.269 -3 0 0 14337
3 5 60 3.48807 0.501164 0.433806 0.0712242 13934
3 5 61 2 -2 0 0 21788
3 5 62 4 -2 0 0 18311
3 5 63 3 -2 0 0 13851
3 6 0 2.2754 1.38947 0.639574 0.103313 10996
3 6 1 2.63935 1.11446 0.387288 0.150992 8531
3 6 2 2.22984 1.14662 0.431724 0.0344522 7936
3 6 3 3 -2 0 0 5577
3 6 4 2.5198 0.761296 0.549504 0.138564 7669
3 6 5 5 -2 0 0 6887
3 6 6 8 -2 0 0 9304
3 6 7 3.2373 0.345922 0.460842 0.0201781 6521
3 6 8 5 -2 0 0 7533
3 6 9 5 -2 0 0 6017
3 6 10 3.22214 0.845116 0.424681 0.0879183 7486
3 6 11 3.08891 0.508801 0.499491 0.0469923 6125
3 6 12 3.6362 0.391866 0.330427 0.059116 7921
3 6 13 3.17057 0.506262 0.409296 0.039273 4274
3 6 14 2.85707 0.815752 0.367707 0.0313561 11315
3 6 15 2.68472 1.10602 0.349579 0.0438168 4482
3 6 16 3.0868 0.977327 0.439243 0.149593 7492
3 6 17 3.06374 0.625664 0.351032 0.00754917 8179
3 6 18 7 -2 0 0 4711
3 6 19 7 -2 0 0 6346
3 6 20 2.62946 1.14043 0.27286 0.0149268 5115
3 6 21 2.99697 -3 0 0 6463
3 6 22 2.81318 0.431027 0.507427 0.0324371 6766
3 6 23 7 -2 0 0 7088
3 6 24 6.47855 0.513726 0.330213 0.845176 8168
3 6 25 3.2411 0.685716 0.296048 0.0326615 5955
3 6 26 7 -2 0 0 6492
3 6 27 4.90288 0.389144 0.431564 0.377933 4109
3 6 28 2 11.9709 1.01619 0.310894 4243
3 6 29 7 -2 0 0 6108
3 6 30 6 -2 0 0 4718
3 6 31 2.99697 -3 0 0 5508
3 6 32 4.04314 0.709003 0.25383 0.108006 3387
3 6 33 3.46197 0.534674 0.429968 0.0125969 3357
3 6 34 4.83112 0.44459 0.327558 0.325924 7023
3 6 35 6 -2 0 0 2806
3 6 36 2.99697 -3 0 0 3479
3 6 37 4.03111 0.45843 0.327627 0.0800047 3974
3 6 38 4.24467 0.621362 0.514885 0.29291 4556
3 6 39 3.89327 0.719324 0.506385 0.129349 3760
3 6 40 3.0731 1.00869 0.456332 0.474934 3422
3 6 41 4.30939 0.929722 0.735109 0.211594 2577
3 6 42 2.95406 0.48934 0.790426 0.16948 5892
3 6 43 6 -2 0 0 7224
3 6 44 2 -2 0 0 5116
3 6 45 2.99697 -3 0 0 5850
3 6 46 3.55541 0.964979 1.32631 0.593381 8015
3 6 47 4.95858 0.682583 0.394351 0.275336 4578
3 6 48 2.70131 0.912887 0.701374 0.419302 5486
3 6 49 2 -2 0 0 5971
3 6 50 2 1.62416 1.09784 0.855551 3150
3 6 51 3.19539 0.887613 0.308625 0.133781 6044
3 6 52 2.70606 1.04871 0.442106 0.212714 4154
3 6 53 6 -2 0 0 3136
3 6 54 3.80097 0.304485 1.0218 0.293113 3494
3 6 55 2 -2 0 0 5829
3 6 56 3.27727 0.803764 0.315975 0.0132342 3339
3 6 57 2.99697 -3 0 0 3744
3 6 58 2.99697 -3 0 0 3522
3 6 59 2.75627 0.553907 0.442741 0.0529241 6920
3 6 60 4.2155 0.394958 0.359587 0.0295953 5050
3 6 61 7 -2 0 0 5645
3 6 62 2 -2 0 0 4237
3 6 63 2 -2 0 0 4051
3 7 0 2.65792 1.00292 0.517508 0.0391412 3574
3 7 1 4.81995 0.620436 0.373273 0.169312 5745
3 7 2 2.24846 0.927181 0.819997 0.0758426 3257
3 7 3 3.25442 1.59536 0.767055 0.705554 6250
3 7 4 2.40709 1.07402 0.618373 0.0522095 3609
3 7 5 3.21689 0.499892 0.412367 0.0137973 3383
3 7 6 2 -2 0 0 5707
3 7 7 3.30233 0.706474 0.60876 0.386806 3508
3 7 8 4 -2 0 0 3655
3 7 9 2.52226 1.14949 0.462297 0.124848 3447
3 7 10 5 -2 0 0 3455
3 7 11 4 -2 0 0 3441
3 7 12 2 12.9425 1.1719 0.460885 3581
3 7 13 3.48408 1.15327 0.679888 0.607906 3707
3 7 14 6 -2 0 0 3931
3 7 15 4.20565 0.30984 0.632846 0.0721494 3389
3 7 16 5.87741 0.45645 0.412504 0.68016 6159
3 7 17 6 -2 0 0 3696
3 7 18 5 -2 0 0 3813
3 7 19 3.56496 0.789225 0.477149 0.15562 6644
3 7 20 3.74982 0.383042 0.359976 0.018844 7423
3 7 21 3.64762 0.477368 0.396731 0.0908252 5364
3 7 22 2.62696 11.9871 1.26268 0.287977 3671
3 7 23 3.26644 0.722562 0.509986 0.0515596 4350
3 7 24 2 -2 0 0 5661
3 7 25 2.92739 0.930874 0.720339 0.446869 4602
3 7 26 3.44555 0.32852 0.453358 0.0442341 6560
3 7 27 3.31803 -3 0 0 4838
3 7 28 3.51659 0.569736 0.333631 0.0158366 4832
3 7 29 3.72542 0.356916 0.427897 0.0545358 4303
3 7 30 3 -2 0 0 4101
3 7 31 5 -2 0 0 5768
3 7 32 2.32156 1.85573 1.38348 0.627707 5126
3 7 33 3.31803 -3 0 0 5231
3 7 34 2 2.39605 1.17798 0.711458 7594
3 7 35 2.67951 1.69507 0.957784 0.605151 6594
3 7 36 4.85105 0.365578 0.633016 0.124139 5045
3 7 37 6 -2 0 0 5148
3 7 38 3.31803 -3 0 0 7104
3 7 39 4.08571 0.564939 0.325176 0.0421209 13295
3 7 40 3.42824 0.659143 0.465893 0.0247299 5011
3 7 41 4.64685 0.508194 0.835386 0.220908 6006
3 7 42 6 -2 0 0 8169
3 7 43 7 -2 0 0 4741
3 7 44 5 -2 0 0 7390
3 7 45 3.31803 -3 0 0 6658
3 7 46 2.53039 1.1161 0.684076 0.338393 5365
3 7 47 2 8.9716 1.51946 0.921991 10689
3 7 48 4.85591 0.592756 0.32575 0.193978 6180
3 7 49 2.61131 0.89902 1.1165 0.485288 5463
3 7 50 3.47286 0.489674 0.826276 0.115741 6909
3 7 51 5 -2 0 0 11877
3 7 52 5.47372 0.690766 0.35594 0.576115 5805
3 7 53 3.39481 0.44233 0.58813 0.197004 11659
3 7 54 4 -2 0 0 6896
3 7 55 3.85488 0.653485 0.35333 0.0337297 6404
3 7 56 3 -2 0 0 8051
3 7 57 5 -2 0 0 8692
3 7 58 7 -2 0 0 6718
3 7 59 3.31803 -3 0 0 9142
3 7 60 5 -2 0 0 12200
3 7 61 7.37232 0.747454 0.609113 0.930857 8761
3 7 62 5.66958 0.635312 0.526152 0.421738 7559
3 7 63 2.00068 12.3377 0.845653 0.268063 10031
3 8 0 2 -2 0 0 5648
3 8 1 3.54553 -3 0 0 6123
3 8 2 4 -2 0 0 6530
3 8 3 3.57598 0.928611 0.428601 0.494003 7227
3 8 4 3.54553 -3 0 0 7086
3 8 5 3.54553 -3 0 0 8665
3 8 6 2.90144 0.909082 0.628041 0.170035 6431
3 8 7 3.54553 -3 0 0 8558
3 8 8 3.54553 -3 0 0 6672
3 8 9 3.69973 0.637182 0.26479 0.0821604 9752
3 8 10 2 -2 0 0 6970
3 8 11 5.85956 0.53951 0.431928 1.01 7399
3 8 12 8 -2 0 0 8772
3 8 13 3.54553 -3 0 0 8243
3 8 14 4.13237 0.622629 0.530463 0.379133 6194
3 8 15 3 -2 0 0 8210
3 8 16 5 -2 0 0 8159
3 8 17 3.54553 -3 0 0 7122
3 8 18 3.54553 -3 0 0 7660
3 8 19 3.68669 0.673398 0.417298 0.0904223 10240
3 8 20 3.4794 0.651114 0.433818 0.138615 7926
3 8 21 4 -2 0 0 6557
3 8 22 5 -2 0 0 7060
3 8 23 2.65593 0.849584 0.449323 0.100095 7567
3 8 24 7 -2 0 0 6313
3 8 25 5 -2 0 0 11273
3 8 26 6 -2 0 0 6607
3 8 27 6 -2 0 0 8310
3 8 28 5 -2 0 0 9889
3 8 29 5 -2 0 0 7378
3 8 30 3.54553 -3 0 0 8259
3 8 31 5 -2 0 0 11534
3 8 32 5 -2 0 0 9359
3 8 33 5.51424 0.160969 0.132332 0.981514 10329
3 8 34 3.71464 0.612433 0.53769 0.121879 9333
3 8 35 3.77242 0.249483 0.633767 0.223852 12636
3 8 36 3.54553 -3 0 0 8850
3 8 37 3.78307 0.628949 0.498519 0.158843 8488
3 8 38 3.69525 0.675564 0.413866 0.235239 19587
3 8 39 5.58108 0.641412 0.358874 0.236415 12710
3 8 40 4.24734 0.432132 0.3103 0.03723 7966
3 8 41 2.76737 0.610244 1.07525 0.405556 15586
3 8 42 4.84769 0.429387 0.211138 0.194888 9198
3 8 43 4.57587 0.422147 0.412193 0.539948 10136
3 8 44 6 -2 0 0 11392
3 8 45 5 -2 0 0 9377
3 8 46 4.465 0.64722 0.771364 0.633526 7600
3 8 47 7 -2 0 0 15323
3 8 48 2 -2 0 0 13321
3 8 49 2.91514 0.688132 0.302736 0.0486697 11071
3 8 50 2 -2 0 0 11238
3 8 51 6 -2 0 0 10635
3 8 52 2 -2 0 0 8702
3 8 53 4 -2 0 0 13716
3 8 54 3.27852 0.403034 0.348611 0.0691663 14922
3 8 55 5 -2 0 0 12338
3 8 56 7 -2 0 0 15778
3 8 57 2 -2 0 0 11805
3 8 58 3.54553 -3 0 0 9183
3 8 59 4.11175 0.31579 0.361448 0.094916 8721
3 8 60 3.3642 0.853602 0.447507 0.310507 11596
3 8 61 7 -2 0 0 9927
3 8 62 2 -2 0 0 9191
3 8 63 2 8.73027 0.868213 0.931481 12762
3 9 0 4 -2 0 0 6604
3 9 1 3.42029 0.441051 0.549858 0.0216447 5184
3 9 2 3.26723 -3 0 0 6353
3 9 3 3.27919 0.700067 0.306779 0.0707524 4858
3 9 4 5 -2 0 0 3079
3 9 5 2.67996 0.840101 0.472737 0.0270647 3962
3 9 6 2.4847 7.08538 1.31256 0.566962 4710
3 9 7 3.58422 0.393206 0.459925 0.0253784 2717
3 9 8 5 -2 0 0 5627
3 9 9 4.02303 0.510438 0.431575 0.0345358 5150
3 9 10 5 -2 0 0 3378
3 9 11 4.75969 0.560765 0.334511 0.0991825 5117
3 9 12 4 -2 0 0 3424
3 9 13 4.44058 0.505516 0.249884 0.115501 3919
3 9 14 2.57596 12.3054 1.22967 0.0450144 5790
3 9 15 4.02587 0.317306 0.813751 0.392772 2965
3 9 16 2 -2 0 0 3217
3 9 17 2 -2 0 0 5371
3 9 18 2 9.04183 1.54268 0.92034 4668
3 9 19 7 -2 0 0 3749
3 9 20 2.14724 9.6566 1.60421 0.577744 3227
3 9 21 2 11.682 1.47257 0.469187 4489
3 9 22 3.26376 0.359682 0.462287 0.00547751 3105
3 9 23 4.02532 0.759784 0.413966 0.237624 3254
3 9 24 2 -2 0 0 6775
3 9 25 4.36832 0.834401 0.466845 0.347984 3219
3 9 26 4.25458 0.368142 0.520632 0.0154264 5518
3 9 27 9 -2 0 0 2778
3 9 28 3.31542 0.376629 0.445668 0.0088849 2749
3 9 29 3.51289 0.289388 0.698989 0.0872913 3980
3 9 30 5.06154 0.543049 0.4725 0.444786 2921
3 9 31 5 -2 0 0 2471
3 9 32 5.23121 0.664445 0.253284 0.105136 2618
3 9 33 4.94561 0.611177 0.339995 0.33018 2399
3 9 34 2 0.74508 0.992753 0.647472 5074
3 9 35 4.94443 0.394781 0.460957 0.303759 2992
3 9 36 6.92441 0.360367 0.654396 0.704147 2708
3 9 37 3.7532 0.318556 0.517802 0.0722556 2973
3 9 38 5.22103 0.654372 0.35204 0.276145 2140
3 9 39 4.86362 0.802763 1.04185 0.561429 3643
3 9 40 4.42001 0.550052 0.503177 0.106177 3948
3 9 41 2 -2 0 0 2237
3 9 42 2.57702 1.0952 1.14908 0.0939827 2840
3 9 43 3.90132 0.817622 0.682644 0.278911 4483
3 9 44 2.5699 1.28372 1.21934 0.181654 2062
3 9 45 2 2.29089 2.26227 0.953785 3361
3 9 46 5 -2 0 0 4167
3 9 47 2.7693 0.443941 0.7882 0.313754 2379
3 9 48 4.95075 0.45437 0.3903 0.234365 2729
3 9 49 3.32903 0.441431 0.477494 0.114224 3934
3 9 50 4 -2 0 0 2514
3 9 51 5 -2 0 0 3822
3 9 52 3.00744 0.468613 0.421724 0.0619724 3616
3 9 53 4 -2 0 0 3009
3 9 54 3.22571 0.691237 0.506095 0.0626582 2487
3 9 55 3.52935 0.530465 0.359125 0.0252475 4411
3 9 56 6 -2 0 0 2572
3 9 57 5 -2 0 0 3154
3 9 58 3.00165 0.877687 0.675586 0.145873 2764
3 9 59 3 -2 0 0 4336
3 9 60 4 -2 0 0 3271
3 9 61 2.72281 1.16778 0.375871 0.0119283 3120
3 9 62 5 -2 0 0 3994
3 9 63 2 -2 0 0 2784
3 10 0 2 -2 0 0 12499
3 10 1 4 -2 0 0 12385
3 10 2 2.88038 -3 0 0 13711
3 10 3 6 -2 0 0 16796
3 10 4 2 -2 0 0 9869
3 10 5 4.32935 0.479669 0.505514 0.182605 10057
3 10 6 4 -2 0 0 10362
3 10 7 2.29239 1.00208 1.18052 0.892464 18313
3 10 8 2.3218 0.928009 1.07247 1.02899 9783
3 10 9 2.71648 0.70574 0.478451 0.0520986 10887
3 10 10 7 -2 0 0 12337
3 10 11 2 -2 0 0 10272
3 10 12 3 -2 0 0 9709
3 10 13 3 -2 0 0 12808
3 10 14 4 -2 0 0 12904
3 10 15 2.53012 0.934641 0.35956 0.0460808 11819
3 10 16 2.88038 -3 0 0 13801
3 10 17 2.4948 0.567557 0.882789 0.298924 10048
3 10 18 2.70755 0.746287 0.574396 0.311628 11463
3 10 19 3 -2 0 0 19894
3 10 20 6 -2 0 0 15499
3 10 21 3.31951 0.628064 0.410614 0.117075 10521
3 10 22 3.35457 0.615541 0.78567 0.503102 11178
3 10 23 2.66533 0.745767 0.428198 0.172314 10979
3 10 24 2 8.20529 1.48513 0.807912 9860
3 10 25 4.20666 0.342401 0.397676 0.0576039 13719
3 10 26 4.5105 0.323138 0.422962 0.0293404 9253
3 10 27 3 -2 0 0 10423
3 10 28 4.87969 0.557026 0.52575 0.698824 11307
3 10 29 4 -2 0 0 12943
3 10 30 3.12358 0.774771 0.576665 0.380619 9731
3 10 31 3.52598 0.73559 0.51082 0.532022 20999
3 10 32 5 -2 0 0 18523
3 10 33 5 -2 0 0 10495
3 10 34 2.38811 0.938078 1.18133 0.691837 13898
3 10 35 5 -2 0 0 22065
3 10 36 2 8.12517 1.20567 1.03572 16638
3 10 37 3.24339 0.684741 0.59415 0.39005 14843
3 10 38 3.54891 0.608957 0.82327 0.457551 13707
3 10 39 3.26405 0.583529 0.696578 0.49086 19476
3 10 40 3.45408 0.28189 0.761875 0.180751 11092
3 10 41 2.60166 0.817446 0.653045 0.320174 10575
3 10 42 3.51878 0.515787 0.505027 0.0830963 15509
3 10 43 6 -2 0 0 9879
3 10 44 2.88038 -3 0 0 12497
3 10 45 4.1685 0.484256 0.493835 0.242131 18366
3 10 46 5 -2 0 0 10035
3 10 47 3.42854 0.669102 0.5405 0.151341 15096
3 10 48 4 -2 0 0 10255
3 10 49 3.46664 0.501123 0.371913 0.0164553 15652
3 10 50 7 -2 0 0 18316
3 10 51 2.56049 0.804958 0.441417 0.141782 11187
3 10 52 5 -2 0 0 10369
3 10 53 2 0.860274 1.52798 0.479706 12845
3 10 54 3 -2 0 0 10661
3 10 55 5 -2 0 0 10254
3 10 56 5 -2 0 0 12131
3 10 57 4.41355 0.563874 0.926381 0.608349 11763
3 10 58 3 -2 0 0 11198
3 10 59 2.22683 1.32414 0.700278 0.550573 10416
3 10 60 2.88038 -3 0 0 16402
3 10 61 2.65545 0.290964 0.706924 0.227259 14637
3 10 62 2 -2 0 0 14242
3 10 63 2.1665 1.34302 0.572562 0.177388 10535
3 11 0 2.6109 1.44921 0.958106 0.507395 10125
3 11 1 3.24818 0.378529 0.556889 0.0465666 12464
3 11 2 3.3753 0.417946 1.17742 0.179947 7455
3 11 3 2.06599 10.3663 0.687163 0.415127 4902
3 11 4 3.39731 0.879723 0.674463 0.325164 5795
3 11 5 3.90752 0.335452 0.785318 0.196616 6045
3 11 6 5 -2 0 0 6845
3 11 7 4.88572 0.505115 0.510788 0.170399 4451
3 11 8 5 -2 0 0 6953
3 11 9 3.8384 0.90015 1.0949 0.633544 5222
3 11 10 3.21279 0.87677 0.803061 0.124827 4779
3 11 11 4.7509 0.417569 0.537185 0.101354 6819
3 11 12 3.95495 0.348788 0.452042 0.00885887 7463
3 11 13 7 -2 0 0 5717
3 11 14 3.81923 0.561805 0.518282 0.0388338 9059
3 11 15 4.11831 0.744302 0.452342 0.186708 4832
3 11 16 4 -2 0 0 4649
3 11 17 3.6759 0.298664 0.795533 0.0883001 8354
3 11 18 6 -2 0 0 5553
3 11 19 6 -2 0 0 5929
3 11 20 2.57605 1.31639 1.09918 0.888631 8257
3 11 21 4.43297 0.446498 0.770244 0.130122 8480
3 11 22 4.02999 0.278304 0.462188 0.0511453 6853
3 11 23 6.09437 0.539968 0.444045 0.523826 9614
3 11 24 4.08316 0.573478 0.554852 0.332571 8061
3 11 25 3.63831 -3 0 0 5908
3 11 26 3.40737 0.28689 0.567455 0.0594924 12504
3 11 27 7 -2 0 0 5775
3 11 28 7 -2 0 0 4165
3 11 29 6.41737 0.72489 0.592915 0.750208 8298
3 11 30 3.70352 0.35505 0.40904 0.0247214 7458
3 11 31 5 -2 0 0 6036
3 11 32 4.03188 0.735611 0.445792 0.18565 4484
3 11 33 3.46216 0.495469 0.658031 0.0720816 4712
3 11 34 3.05599 1.01165 0.647782 0.335073 13684
3 11 35 3.13055 0.632261 1.30557 0.744272 3978
3 11 36 4.34997 0.62318 0.332452 0.183219 5107
3 11 37 4.55548 0.426426 1.60303 0.568934 6325
3 11 38 4.90471 0.348555 0.360912 0.106971 5420
3 11 39 4.20206 0.467706 0.384397 0.0510609 5468
3 11 40 3.95841 0.356984 1.00241 0.295384 5914
3 11 41 4.3482 0.627857 0.28826 0.250294 4582
3 11 42 5 -2 0 0 5906
3 11 43 5 -2 0 0 7812
3 11 44 4.66453 0.546266 0.74613 0.730933 4326
3 11 45 5.37837 0.424575 0.38362 0.40419 6664
3 11 46 3.25525 1.04354 0.752427 0.460022 11675
3 11 47 2 -2 0 0 3888
3 11 48 3.20608 0.790388 0.433809 0.0168969 5376
3 11 49 5.21464 0.471191 0.446323 0.225678 6328
3 11 50 4.75556 0.459535 0.679028 0.239534 6427
3 11 51 3.20794 0.311892 0.798839 0.224363 7405
3 11 52 5 -2 0 0 7837
3 11 53 6 -2 0 0 4468
3 11 54 4.01509 0.358908 0.484406 0.0947944 5350
3 11 55 3.59214 0.470852 0.40415 0.00809722 7342
3 11 56 2.89231 0.713308 0.974893 0.282511 6219
3 11 57 8 -2 0 0 6939
3 11 58 2 -2 0 0 5921
3 11 59 6 -2 0 0 8789
3 11 60 7 -2 0 0 4648
3 11 61 4.46465 0.66539 0.557973 0.247511 8525
3 11 62 2.47761 0.967079 0.619475 0.0194453 9005
3 11 63 5 -2 0 0 6722
3 12 0 3.51574 0.559486 0.354798 0.275039 18180
3 12 1 4.00119 0.55653 0.653857 0.290841 18203
3 12 2 2 -2 0 0 19186
3 12 3 3.44328 -3 0 0 21134
3 12 4 5 -2 0 0 16500
3 12 5 2.44512 0.841693 0.764776 0.902471 17762
3 12 6 4.11499 0.466345 0.550146 0.131784 20425
3 12 7 3.0605 0.854679 0.745806 0.821689 24147
3 12 8 3.20759 0.447768 0.493066 0.133108 18216
3 12 9 3.29138 0.605998 0.457665 0.312716 23512
3 12 10 2.65404 0.797572 0.715128 0.213556 24399
3 12 11 3.14128 0.730986 0.632762 0.463563 12206
3 12 12 6 -2 0 0 11332
3 12 13 3.44328 -3 0 0 12547
3 12 14 3.44328 -3 0 0 15588
3 12 15 3.53566 0.567263 0.392437 0.164562 18576
3 12 16 4.24074 0.34907 0.412513 0.042228 27963
3 12 17 4.19213 0.394965 0.438917 0.0878654 15687
3 12 18 2 -2 0 0 18901
3 12 19 3.4533 0.499076 0.41836 0.0359661 14931
3 12 20 3.44328 -3 0 0 11102
3 12 21 3.28661 0.529469 0.422119 0.118974 22633
3 12 22 8 -2 0 0 11362
3 12 23 3.82779 0.549884 0.644207 0.540906 15332
3 12 24 7 -2 0 0 15008
3 12 25 2 -2 0 0 20506
3 12 26 3.31621 0.487823 0.655803 0.0937312 15312
3 12 27 5 -2 0 0 11857
3 12 28 4.1025 0.45067 0.33434 0.110054 11728
3 12 29 7 -2 0 0 9976
3 12 30 3.6718 0.563232 0.547294 0.310061 17037
3 12 31 6 -2 0 0 17839
3 12 32 6 -2 0 0 11485
3 12 33 3.48128 0.405161 1.03692 0.092813 17145
3 12 34 5 -2 0 0 13548
3 12 35 2.50014 1.32802 1.414 0.251744 17932
3 12 36 3 -2 0 0 10799
3 12 37 3.49211 0.944399 1.55014 0.89186 10365
3 12 38 4 -2 0 0 11678
3 12 39 4.32953 0.465468 0.529717 0.311201 8364
3 12 40 3.63493 0.566012 0.984244 0.348983 11316
3 12 41 4.4534 0.392752 0.586789 0.100191 10903
3 12 42 3.02513 0.826279 0.915078 0.595321 9774
3 12 43 3.66872 0.306842 1.3361 0.654557 13062
3 12 44 3.43403 0.629722 0.439314 0.285179 14884
3 12 45 7 -2 0 0 10526
3 12 46 2.93521 0.73498 0.80876 0.318216 12854
3 12 47 4.10757 0.330023 0.466613 0.0362068 16311
3 12 48 2.63444 1.27001 1.47398 0.40677 10290
3 12 49 4.47061 0.365252 0.501048 0.0868725 8878
3 12 50 3.32286 0.678798 0.58297 0.476097 13571
3 12 51 5.21549 0.457733 0.478511 0.690582 6684
3 12 52 2.93928 0.919648 1.12728 0.202079 9137
3 12 53 3.30917 0.577179 0.856132 0.23892 14534
3 12 54 3.44328 -3 0 0 13378
3 12 55 4.83944 0.32622 0.402419 0.0773201 7603
3 12 56 2.97895 0.547907 0.325663 0.0342912 11634
3 12 57 2 -2 0 0 11347
3 12 58 6 -2 0 0 8398
3 12 59 5 -2 0 0 9469
3 12 60 3.32384 0.866182 0.444486 0.550979 11726
3 12 61 7 -2 0 0 10325
3 12 62 3 -2 0 0 8370
3 12 63 3 -2 0 0 12083
3 13 0 2 -2 0 0 10563
3 13 1 3 -2 0 0 5174
3 13 2 3.20758 -3 0 0 8329
3 13 3 2 0.764938 0.899141 0.988377 4856
3 13 4 5.25208 0.611618 0.407558 0.860615 5109
3 13 5 5.04865 0.487215 0.312237 0.215142 6708
3 13 6 2 -2 0 0 5090
3 13 7 5 -2 0 0 3860
3 13 8 6 -2 0 0 6276
3 13 9 4.75165 0.478304 0.492387 0.575381 5934
3 13 10 3.29292 0.768868 0.439747 0.422873 5856
3 13 11 8 -2 0 0 6037
3 13 12 2 -2 0 0 6335
3 13 13 3.37059 0.574181 0.392826 0.0162081 4039
3 13 14 2 -2 0 0 8454
3 13 15 2.5902 0.819945 0.367343 0.044363 7019
3 13 16 4.18048 0.316389 0.340399 0.0212903 5580
3 13 17 2.96001 0.864273 0.330435 0.271369 7789
3 13 18 3.74521 0.419478 0.470052 0.160891 7398
3 13 19 3.20758 -3 0 0 5959
3 13 20 5 -2 0 0 7872
3 13 21 3.75412 0.323438 0.451766 0.0385632 7030
3 13 22 2.71348 0.905487 0.271719 0.0252652 4337
3 13 23 3.59985 0.495062 0.397571 0.137141 9207
3 13 24 2 -2 0 0 6714
3 13 25 3.25868 0.601579 0.461025 0.234877 5109
3 13 26 6 -2 0 0 11979
3 13 27 3.07398 1.03757 0.449946 0.478472 6837
3 13 28 4.30669 0.313216 0.58809 0.245918 4623
3 13 29 2.78541 0.52708 1.02937 0.667163 8080
3 13 30 4.59671 0.429326 0.270488 0.601618 5816
3 13 31 2 -2 0 0 4891
3 13 32 4.21725 0.487785 0.413831 0.280721 4818
3 13 33 3 -2 0 0 7425
3 13 34 3.5154 0.440587 1.31743 0.845646 9185
3 13 35 6 -2 0 0 4433
3 13 36 3.20758 -3 0 0 8293
3 13 37 4.54358 0.378805 0.339134 0.0147195 8600
3 13 38 3.20758 -3 0 0 4877
3 13 39 3.20758 -3 0 0 10818
3 13 40 4 -2 0 0 8926
3 13 41 3 -2 0 0 5246
3 13 42 3.6996 0.300495 0.428688 0.168731 9792
3 13 43 5 -2 0 0 11641
3 13 44 2.91701 0.39951 0.590467 0.21809 7422
3 13 45 2 -2 0 0 8109
3 13 46 2.23402 2.72039 1.45155 0.734951 10284
3 13 47 3.20758 -3 0 0 7841
3 13 48 4.8242 0.495532 0.27605 0.223331 8437
3 13 49 3.20758 -3 0 0 11065
3 13 50 5 -2 0 0 6423
3 13 51 4 -2 0 0 10817
3 13 52 6.03012 0.53965 0.337405 0.788311 9592
3 13 53 3.20758 -3 0 0 8869
3 13 54 2.27806 1.46009 1.20197 0.574056 7146
3 13 55 5 -2 0 0 8573
3 13 56 2 -2 0 0 8030
3 13 57 4 -2 0 0 13171
3 13 58 4.34171 0.403991 0.289759 0.0640034 7024
3 13 59 2.78515 0.684389 0.41133 0.199611 14425
3 13 60 2 -2 0 0 6411
3 13 61 4 -2 0 0 11752
3 13 62 2.62787 0.843142 0.383337 0.0150244 11882
3 13 63 3.20758 -3 0 0 8033
3 14 0 3.68364 1.29516 1.15247 0.395508 5074
3 14 1 3.35187 0.823145 0.8175 0.318727 8325
3 14 2 4 -2 0 0 5108
3 14 3 4 -2 0 0 7573
3 14 4 2 -2 0 0 3354
3 14 5 6 -2 0 0 4401
3 14 6 2.46271 1.06857 0.392276 0.051625 7993
3 14 7 3.43184 0.600438 0.450795 0.0374793 5157
3 14 8 5.77595 0.480859 0.435093 0.250863 4358
3 14 9 5 -2 0 0 9744
3 14 10 6 -2 0 0 5403
3 14 11 3.28314 2.05409 0.801597 0.535836 5847
3 14 12 4.88791 0.51294 0.427851 0.220266 6795
3 14 13 2.80765 1.0693 0.430289 0.0516664 6730
3 14 14 4 -2 0 0 6224
3 14 15 6 -2 0 0 3673
3 14 16 6 -2 0 0 7213
3 14 17 3.45837 0.767835 0.380592 0.0436976 2901
3 14 18 2.6032 0.887046 0.912416 0.369415 6488
3 14 19 6.36352 0.785029 0.381271 0.860739 4113
3 14 20 4.11951 0.479406 0.409 0.10543 5057
3 14 21 3.23102 0.880141 0.378752 0.0261251 8762
3 14 22 4.74438 0.351933 0.435432 0.105793 4495
3 14 23 5 -2 0 0 4964
3 14 24 3.72946 0.828006 0.656281 0.254265 3981
3 14 25 3.44678 0.468918 0.562749 0.0342713 6958
3 14 26 7 -2 0 0 5203
3 14 27 2 -2 0 0 2933
3 14 28 4.32883 0.596157 0.285196 0.0416963 2457
3 14 29 5 -2 0 0 4468
3 14 30 4.85333 0.481239 0.440168 0.0131189 2887
3 14 31 5 -2 0 0 3310
3 14 32 5 -2 0 0 5831
3 14 33 6 -2 0 0 2954
3 14 34 2 9.3493 1.55576 0.725383 2710
3 14 35 3.33175 0.80213 0.397794 0.144947 5030
3 14 36 6 -2 0 0 4887
3 14 37 3.2429 0.85191 0.423564 0.0269694 4131
3 14 38 4.01935 0.56214 0.529554 0.0240178 3775
3 14 39 4.16922 0.690023 0.441806 0.172598 3862
3 14 40 2.52608 1.10128 0.623636 0.12688 2586
3 14 41 4.47044 0.427094 0.506373 0.0759795 2871
3 14 42 8 -2 0 0 4582
3 14 43 6 -2 0 0 4320
3 14 44 5.16275 0.650682 0.291607 0.29314 3213
3 14 45 5.65462 0.896324 0.435957 0.602098 4721
3 14 46 3.26884 0.742894 0.535315 0.0215577 2537
3 14 47 3.63512 1.11898 0.60067 0.1771 4367
3 14 48 2.80454 0.896052 0.370984 0.0316409 4515
3 14 49 4.55553 0.569389 0.47883 0.404984 4452
3 14 50 5.76913 0.532056 0.234363 0.536123 4393
3 14 51 2 8.98112 1.24146 0.36429 3538
3 14 52 3.41784 0.467005 0.533775 0.0108619 4090
3 14 53 4.59467 0.340084 0.45732 0.0404224 4096
3 14 54 4.09127 0.654618 0.409976 0.0496068 2972
3 14 55 5.31681 0.354727 0.410478 0.512113 3716
3 14 56 5 -2 0 0 4181
3 14 57 4.72386 0.482651 0.392537 0.114493 3618
3 14 58 2.46271 1.10035 0.335553 0.030275 3038
3 14 59 3 -2 0 0 4370
3 14 60 7 -2 0 0 3901
3 14 61 2.17982 2.55054 0.552778 0.0898255 3677
3 14 62 3.18666 0.438449 0.447073 0.0327365 3906
3 14 63 3.92927 0.625214 0.274066 0.0200159 3965
3 15 0 4 -2 0 0 3552
3 15 1 3.06706 0.854196 0.328605 0.047757 4200
3 15 2 4.41432 0.819886 0.449403 0.0988183 3060
3 15 3 4.14471 0.41328 0.505323 0.0621323 2233
3 15 4 4.54733 0.317397 0.125302 0.28487 254
3 15 5 3.79192 -3 0 0 143
3 15 6 4.60501 0.503433 0.297413 0.0820959 3919
3 15 7 4.96537 0.363455 0.497689 0.32983 3270
3 15 8 4 -2 0 0 4103
3 15 9 3.79192 -3 0 0 2
3 15 10 4.03148 0.489081 0.465209 0.0952815 3562
3 15 11 4.0608 0.403237 0.292802 0.00969322 4163
3 15 12 3.85416 0.360834 0.408401 0.0165089 3860
3 15 13 6 -2 0 0 3756
3 15 14 4.88845 0.39791 0.1 0.504301 302
3 15 15 4.12384 0.564409 0.293248 0.0835581 3713
3 15 16 5 -2 0 0 3274
3 15 17 6 -2 0 0 4534
3 15 18 4.00584 0.365951 0.37174 0.0137131 3877
3 15 19 3.42616 1.00794 0.555998 0.068825 2079
3 15 20 9 -2 0 0 3899
3 15 21 3 -2 0 0 3706
3 15 22 3.79192 -3 0 0 1
3 15 23 3.79192 -3 0 0 4282
3 15 24 3.79192 -3 0 0 4776
3 15 25 3.79192 -3 0 0 1707
3 15 26 4 -2 0 0 4171
3 15 27 6.80104 0.589957 0.295344 0.439733 3600
3 15 28 3 -2 0 0 1578
3 15 29 4 -2 0 0 4801
3 15 30 3 -2 0 0 3780
3 15 31 3 -2 0 0 3635
3 15 32 3.26675 0.866148 0.529506 0.27269 3725
3 15 33 5.31311 0.600049 0.244554 0.337464 3813
3 15 34 5.61003 0.611448 0.703938 0.591623 5536
3 15 35 4.58976 0.484506 0.313344 0.0308126 4025
3 15 36 3.57783 0.405902 0.515493 0.167712 3992
3 15 37 5.19278 0.40119 0.359508 0.442937 4739
3 15 38 5.93976 0.401149 0.376851 0.234389 2249
3 15 39 4.20421 0.380731 0.437669 0.00626412 5375
3 15 40 3.79192 -3 0 0 2356
3 15 41 3.77815 0.395166 0.370719 0.0188483 4030
3 15 42 3.79192 -3 0 0 2554
3 15 43 2.00072 12.5919 1.30622 0.66765 5058
3 15 44 5.00793 0.560259 0.329087 0.44731 4102
3 15 45 4.01169 0.717759 0.467988 0.107166 2320
3 15 46 6 -2 0 0 2971
3 15 47 9 -2 0 0 4814
3 15 48 7 -2 0 0 2407
3 15 49 3.8609 0.332608 0.659525 0.0887824 4854
3 15 50 4.22798 0.468054 0.349563 0.0116264 4182
3 15 51 3.74444 0.362621 0.546532 0.00838069 6870
3 15 52 4.71029 0.551496 0.410875 0.00362815 3285
3 15 53 4.01494 0.544811 0.333211 0.0311466 4899
3 15 54 3.21995 0.401585 0.965529 0.0815339 5002
3 15 55 5.0769 0.510117 0.366471 0.102609 6032
3 15 56 2 -2 0 0 6017
3 15 57 3.79297 0.841846 0.618073 0.244956 6209
3 15 58 7 -2 0 0 5066
3 15 59 3.7807 0.803558 0.419986 0.0313807 3787
3 15 60 4.20954 0.881959 0.465804 0.198644 2997
3 15 61 3.50457 0.346939 0.605115 0.0437491 4910
3 15 62 3 -2 0 0 6517
3 15 63 3.02423 0.967759 0.313115 0.0443878 3166
4 0 0 5 -2 0 0 7289
4 0 1 2 -2 0 0 6952
4 0 2 4 -2 0 0 7343
4 0 3 2 -2 0 0 5061
4 0 4 2.58216 -3 0 0 6013
4 0 5 2.55055 0.514899 0.873884 0.735206 5747
4 0 6 2 8.16986 0.860079 0.435108 6712
4 0 7 3.63451 0.293743 0.336264 0.0481485 9575
4 0 8 4.00037 0.574458 0.23673 0.149406 12372
4 0 9 4.03434 0.430193 0.291185 0.134054 9917
4 0 10 2.93593 0.711203 0.525033 0.626171 9514
4 0 11 4 -2 0 0 5385
4 0 12 4 -2 0 0 5630
4 0 13 2.74229 0.992953 0.838099 0.684733 6207
4 0 14 2.62916 0.443873 0.332638 0.00859339 12735
4 0 15 5 -2 0 0 5182
4 0 16 3 -2 0 0 9824
4 0 17 3.41777 0.400724 0.435299 0.0352834 5490
4 0 18 2.65681 0.680621 0.228892 0.0341128 5914
4 0 19 3 -2 0 0 4887
4 0 20 2.58216 -3 0 0 5965
4 0 21 2.4497 0.722657 0.890548 1.08482 10976
4 0 22 4 -2 0 0 4927
4 0 23 2 -2 0 0 14700
4 0 24 6 -2 0 0 6253
4 0 25 5 -2 0 0 12198
4 0 26 2 9.51626 2.09213 0.723856 6820
4 0 27 4 -2 0 0 5352
4 0 28 2.46364 0.746249 0.481495 0.140471 5545
4 0 29 4.43099 0.474633 0.294408 0.205364 15572
4 0 30 2.58216 -3 0 0 11571
4 0 31 3.79009 0.222413 0.875816 0.882387 12136
4 0 32 2 -2 0 0 4036
4 0 33 2.81408 0.923172 0.972191 0.0325069 5520
4 0 34 2 10.7474 1.23859 0.135942 16742
4 0 35 5 -2 0 0 13944
4 0 36 5 -2 0 0 13224
4 0 37 3 -2 0 0 6716
4 0 38 4.54033 0.4256 0.310918 0.253258 7743
4 0 39 2.58216 -3 0 0 18251
4 0 40 4 -2 0 0 14439
4 0 41 3.52056 0.704596 0.393387 0.67127 5197
4 0 42 3.22717 0.706903 0.484875 0.166658 7020
4 0 43 2 -2 0 0 6622
4 0 44 2.63809 0.864504 0.413546 0.459366 7511
4 0 45 4.53578 0.475071 0.374386 0.517175 14058
4 0 46 3.01329 0.318917 0.972703 0.632028 17925
4 0 47 3.40358 0.603953 0.423602 0.270069 8521
4 0 48 2.68498 0.486493 0.409279 0.136505 15632
4 0 49 2.07343 9.18178 0.853256 0.360398 8064
4 0 50 2.58216 -3 0 0 7955
4 0 51 2.60199 0.934412 0.821563 0.17071 12339
4 0 52 2 -2 0 0 8010
4 0 53 2.70491 0.295351 0.754497 0.78254 15971
4 0 54 2.75568 0.421406 0.87584 0.447908 15763
4 0 55 2 1.62917 0.343788 0.0688914 11219
4 0 56 2.83724 0.628788 0.559012 0.0527994 10479
4 0 57 3.2473 0.824212 1.05523 1.03393 12597
4 0 58 2.58216 -3 0 0 8781
4 0 59 6 -2 0 0 9397
4 0 60 3 -2 0 0 16359
4 0 61 4 -2 0 0 13727
4 0 62 2 -2 0 0 22208
4 0 63 5 -2 0 0 9956
4 1 0 3.22821 0.695585 0.482827 0.0454029 8737
4 1 1 2 9.95491 1.45398 0.854584 15153
4 1 2 4.06184 0.472998 0.422131 0.0857305 7983
4 1 3 2 2.60857 1.44063 0.390926 13360
4 1 4 2 -2 0 0 5066
4 1 5 7 -2 0 0 6456
4 1 6 3 -2 0 0 8035
4 1 7 2.62001 0.731809 0.569013 0.00393992 5811
4 1 8 3.18895 0.515941 0.461884 0.010008 6502
4 1 9 4 -2 0 0 14108
4 1 10 6 -2 0 0 7558
4 1 11 6 -2 0 0 12169
4 1 12 3.20223 -3 0 0 6410
4 1 13 2 -2 0 0 4775
4 1 14 2 -2 0 0 7136
4 1 15 3.09832 0.770877 0.483455 0.14089 5330
4 1 16 4 -2 0 0 9095
4 1 17 2.42465 0.841249 1.0302 0.629822 13878
4 1 18 3.83791 0.67172 0.854229 0.423945 5554
4 1 19 3.84146 0.436834 0.394792 0.00991169 5681
4 1 20 3.02546 0.632677 0.443577 0.199022 4952
4 1 21 2.31813 0.808053 0.46001 0.0225748 15342
4 1 22 4.34784 0.504015 0.414617 0.193302 6157
4 1 23 5 -2 0 0 5197
4 1 24 4 -2 0 0 13101
4 1 25 4.88524 0.621237 0.394155 0.621102 10530
4 1 26 3.26194 1.26179 0.966727 0.662307 6679
4 1 27 4.63464 0.433496 0.358605 0.558273 11374
4 1 28 4 -2 0 0 10624
4 1 29 2 9.6481 0.948609 0.611727 4885
4 1 30 5.82193 0.464006 0.451256 0.267152 4381
4 1 31 3.5334 0.532918 0.408232 0.0281107 10434
4 1 32 3.22422 0.924197 0.599467 0.319239 9140
4 1 33 5 -2 0 0 9596
4 1 34 2.80064 0.770806 0.626559 0.271255 5414
4 1 35 3.25447 0.261447 0.854596 0.239861 9433
4 1 36 6 -2 0 0 9653
4 1 37 3.20223 -3 0 0 5073
4 1 38 7 -2 0 0 9234
4 1 39 3.0652 0.315136 0.925485 0.698438 8608
4 1 40 3.87537 0.692605 0.349424 0.229632 4495
4 1 41 3.80927 0.560981 0.502025 0.247851 3968
4 1 42 3.07114 0.351276 0.987545 0.294217 4312
4 1 43 5.32347 0.413149 0.422479 0.128999 4742
4 1 44 5 -2 0 0 3923
4 1 45 3.20223 -3 0 0 9062
4 1 46 5 -2 0 0 10869
4 1 47 3.59051 1.8081 2.9701 0.187652 6360
4 1 48 5 -2 0 0 4286
4 1 49 2 -2 0 0 4643
4 1 50 3 -2 0 0 3940
4 1 51 5 -2 0 0 4913
4 1 52 3.86897 0.670138 0.373355 0.100911 4394
4 1 53 2 -2 0 0 7039
4 1 54 4.15058 0.419302 0.340719 0.049225 4433
4 1 55 2 -2 0 0 4553
4 1 56 3.49679 0.646949 0.472905 0.0181924 4756
4 1 57 3.77362 0.385995 0.43251 0.0142061 5578
4 1 58 6 -2 0 0 4543
4 1 59 4 -2 0 0 10244
4 1 60 3.33172 0.811374 0.910583 0.616837 4274
4 1 61 2.69184 0.95412 0.452096 0.0699091 8605
4 1 62 2.75762 0.677318 1.15426 0.463919 4568
4 1 63 2 -2 0 0 4109
4 2 0 2.38458 0.663079 0.923103 0.49405 26407
4 2 1 2.50557 0.633031 0.256921 0.0563158 19539
4 2 2 2.23725 0.784153 0.371652 0.24635 22257
4 2 3 2 -3 0 0 14563
4 2 4 2.64407 0.681926 0.298441 0.200718 17650
4 2 5 2.25124 11.8617 0.847331 0.103965 20146
4 2 6 2.20741 7.96507 1.23585 0.550057 20713
4 2 7 2.29367 0.581702 0.850482 0.602143 16246
4 2 8 2.93303 0.348686 1.02509 0.0675954 21582
4 2 9 2.21595 1.16767 0.770971 0.200598 15479
4 2 10 2 1.97867 1.21282 0.380178 13706
4 2 11 2.49102 0.58694 1.0042 0.8932 21701
4 2 12 2 1.99566 0.89357 0.871961 19006
4 2 13 2.29706 0.677595 0.909242 0.170113 15263
4 2 14 2.79461 0.666416 0.271955 0.0782111 20064
4 2 15 2 1.08783 0.963378 0.214171 17854
4 2 16 2.56091 0.534344 0.991326 0.430721 17254
4 2 17 3 -2 0 0 20878
4 2 18 2.98539 0.532034 0.300132 0.0213896 18788
4 2 19 2.48922 0.677103 0.247099 0.0366811 14510
4 2 20 2.49568 0.680988 0.30009 0.166295 20363
4 2 21 3 -2 0 0 19684
4 2 22 2.41768 0.934142 0.613825 0.649613 12672
4 2 23 3.04232 0.654966 0.393316 0.10801 19490
4 2 24 4 -2 0 0 19238
4 2 25 2.4449 0.541425 0.354106 0.02862 16095
4 2 26 2 11.9128 0.93068 0.135139 23321
4 2 27 2 0.674944 1.04189 0.880491 16066
4 2 28 3.23431 0.530203 0.437695 0.0760157 16534
4 2 29 2.40962 1.0065 1.36073 0.582227 21286
4 2 30 2.73121 0.398285 0.935109 0.347525 16202
4 2 31 2.42369 0.611323 0.949392 0.215092 11474
4 2 32 3.3319 0.537505 0.18565 0.0180404 11761
4 2 33 2 1.66799 1.12362 0.790276 13452
4 2 34 3 -2 0 0 26438
4 2 35 2.80162 0.471787 0.634065 0.0480814 11480
4 2 36 2.67994 0.443031 0.485718 0.0336403 19101
4 2 37 4 -2 0 0 18503
4 2 38 2.6336 0.856678 0.549531 0.455151 15845
4 2 39 3.39484 0.588016 0.299652 0.212264 19680
4 2 40 2.23028 0.712247 0.374605 0.213998 16149
4 2 41 2 2.18338 1.32624 0.71465 12101
4 2 42 2 -2 0 0 20227
4 2 43 3 -2 0 0 18480
4 2 44 2 -3 0 0 150
4 2 45 2.5566 0.39439 0.786255 0.264594 13187
4 2 46 3 -2 0 0 21841
4 2 47 2 8.20626 0.783063 0.0871596 9461
4 2 48 2.53706 0.748577 0.434688 0.0958882 14827
4 2 49 3 -2 0 0 15262
4 2 50 2 -2 0 0 17647
4 2 51 3 -2 0 0 18487
4 2 52 2.56716 0.827911 1.11529 0.435856 23781
4 2 53 2 -2 0 0 16450
4 2 54 2 10.0075 1.44028 0.721017 541
4 2 55 0 -10 0 0 0
4 2 56 2.13998 1.21469 0.230117 0.100785 6889
4 2 57 2.39089 1.02374 0.709162 0.574699 23696
4 2 58 2 -3 0 0 21542
4 2 59 2 8.37959 0.979151 0.429752 27018
4 2 60 2 -3 0 0 17473
4 2 61 3 -2 0 0 28686
4 2 62 2.24169 1.16532 0.543853 0.0854755 1450
4 2 63 3 -2 0 0 1194
4 3 0 3 -2 0 0 10013
4 3 1 5 -2 0 0 7729
4 3 2 4 -2 0 0 14252
4 3 3 2 0.773866 1.34707 0.395112 5987
4 3 4 3.40273 0.495257 0.482538 0.0123066 13791
4 3 5 6 -2 0 0 5646
4 3 6 2 -2 0 0 13119
4 3 7 3.50214 0.621132 0.65894 0.184744 16504
4 3 8 2.57079 1.12496 1.03009 0.363756 6265
4 3 9 3.26917 0.659397 0.453601 0.0784624 7037
4 3 10 5 -2 0 0 7881
4 3 11 2.85772 0.663644 1.14846 0.464919 6895
4 3 12 6 -2 0 0 6502
4 3 13 3.65755 0.739163 0.583786 0.158477 7318
4 3 14 4.10156 0.460585 0.461883 0.0976247 7333
4 3 15 4 -2 0 0 6477
4 3 16 6 -2 0 0 17251
4 3 17 3.35102 0.501874 0.459921 0.0508361 7087
4 3 18 4.46486 0.454346 0.571517 0.079423 13867
4 3 19 5 -2 0 0 7122
4 3 20 4 -2 0 0 13545
4 3 21 6 -2 0 0 15374
4 3 22 4.59589 0.512294 0.305521 0.110632 6100
4 3 23 5.20274 0.453483 0.520972 0.40932 7348
4 3 24 5.33986 0.426384 0.454486 0.285705 6832
4 3 25 7 -2 0 0 16079
4 3 26 3.42214 0.787729 0.89739 0.268779 6750
4 3 27 8 -2 0 0 7560
4 3 28 3.35765 0.653051 0.416864 0.138077 7741
4 3 29 2 -2 0 0 13951
4 3 30 5.01966 0.44839 0.860839 0.390725 7790
4 3 31 5 -2 0 0 9255
4 3 32 4 -2 0 0 14519
4 3 33 2 8.66036 1.84789 0.956923 8450
4 3 34 2 -2 0 0 13350
4 3 35 3 -2 0 0 8800
4 3 36 5.02505 0.535014 0.385932 0.810698 13114
4 3 37 2.64098 0.718265 1.1122 0.576267 14615
4 3 38 3.6848 0.617565 0.721839 0.0791987 8713
4 3 39 4.08253 0.38579 0.416207 0.0348337 6921
4 3 40 4.46767 0.373707 0.459138 0.0361112 13008
4 3 41 3.20881 0.677036 0.742524 0.17452 8447
4 3 42 2.74522 0.816883 0.754974 0.433747 8513
4 3 43 3.3968 -3 0 0 9033
4 3 44 4.03554 0.450691 0.509609 0.0277006 7185
4 3 45 3 -2 0 0 8027
4 3 46 6 -2 0 0 8579
4 3 47 9 -2 0 0 7948
4 3 48 3 -2 0 0 13428
4 3 49 3 -2 0 0 8230
4 3 50 5.17498 0.560946 0.273128 0.848221 6766
4 3 51 3.64829 0.4607 0.500059 0.0237949 7214
4 3 52 4.22173 0.479229 0.669172 0.074593 14235
4 3 53 4 -2 0 0 14044
4 3 54 2 -2 0 0 13095
4 3 55 2 -2 0 0 12994
4 3 56 3.3968 -3 0 0 7116
4 3 57 3.67552 0.447603 0.452138 0.018918 14016
4 3 58 2 12.9918 0.893958 0.671405 7507
4 3 59 4.70289 0.361535 0.605 0.133662 8301
4 3 60 3.3968 -3 0 0 6938
4 3 61 2 -2 0 0 7898
4 3 62 3.37705 0.744204 0.589829 0.173396 8138
4 3 63 3.3968 -3 0 0 13540
4 4 0 2 1.01954 1.6296 1.05208 13068
4 4 1 2 8.16719 0.728077 0.18141 14687
4 4 2 2.62537 1.16201 0.563292 0.029323 13243
4 4 3 2 2.07876 1.59152 0.922855 8349
4 4 4 4.0229 0.553048 0.444315 0.254159 10088
4 4 5 4.86581 0.468639 0.453167 0.436194 7198
4 4 6 3.35992 -3 0 0 6274
4 4 7 2.74527 0.553939 0.483736 0.0402614 7312
4 4 8 6 -2 0 0 5421
4 4 9 3.40791 0.711467 0.475271 0.0498707 10655
4 4 10 5 -2 0 0 9058
4 4 11 3.32892 0.362332 0.505499 0.0161282 9773
4 4 12 3.16014 1.24116 0.668864 0.519948 4481
4 4 13 6 -2 0 0 6720
4 4 14 5 -2 0 0 13980
4 4 15 3.85083 0.602993 0.457476 0.0268738 7103
4 4 16 6 -2 0 0 8722
4 4 17 3.51306 0.968951 1.25038 0.544176 7285
4 4 18 2 8.91364 1.94811 1.08314 8822
4 4 19 7 -2 0 0 6765
4 4 20 3.35992 -3 0 0 42
4 4 21 2 -2 0 0 11459
4 4 22 7 -2 0 0 7663
4 4 23 2.69948 1.37661 1.05848 0.561147 8255
4 4 24 3.79772 0.31321 0.467457 0.0257329 12270
4 4 25 2 -2 0 0 6812
4 4 26 2.43579 1.46153 1.36659 1.03636 12634
4 4 27 2 -2 0 0 6718
4 4 28 6 -2 0 0 7202
4 4 29 3.87266 0.574704 0.396516 0.0400137 10842
4 4 30 3.32654 0.64007 0.460086 0.0063586 7893
4 4 31 4.68496 0.506288 0.358478 0.418896 6437
4 4 32 4.76197 0.43979 0.410481 0.124705 6377
4 4 33 6 -2 0 0 6195
4 4 34 2.63338 1.57537 1.99477 0.638127 6178
4 4 35 3.76544 0.358377 0.4514 0.0149753 6085
4 4 36 3.35992 -3 0 0 7192
4 4 37 5.60464 0.374433 0.487428 0.691942 9020
4 4 38 4 -2 0 0 5431
4 4 39 2 -2 0 0 6018
4 4 40 5.47139 0.346899 0.433805 0.370116 8861
4 4 41 5.40042 0.482566 0.712658 0.643267 2638
4 4 42 2 -2 0 0 389
4 4 43 4.09542 0.436343 0.50753 0.0729692 9327
4 4 44 2.56828 0.837602 0.988045 0.0779813 2104
4 4 45 4 -2 0 0 6097
4 4 46 3.0753 0.804553 0.430086 0.0590201 10804
4 4 47 3.35992 -3 0 0 20
4 4 48 2 -2 0 0 3656
4 4 49 6 -2 0 0 8811
4 4 50 2.56811 10.981 1.21502 0.617373 5912
4 4 51 3.43653 0.447717 0.530373 0.0195067 7597
4 4 52 4 -2 0 0 6915
4 4 53 2.1857 2.55335 1.21216 0.636464 5395
4 4 54 3.73628 0.399121 0.50883 0.0711969 6148
4 4 55 3.55175 0.56837 0.487759 0.0106105 4222
4 4 56 3.74279 0.644638 0.547723 0.0846775 6812
4 4 57 3.35992 -3 0 0 7287
4 4 58 4.39719 0.562745 0.548058 0.224119 7063
4 4 59 2 -2 0 0 10412
4 4 60 2 12.9963 1.32594 0.559347 6068
4 4 61 3 -2 0 0 5684
4 4 62 2 -2 0 0 9441
4 4 63 4.84493 0.553774 0.434427 0.408834 7403
4 5 0 3 -2 0 0 12622
4 5 1 2.32508 -3 0 0 16346
4 5 2 5 -2 0 0 16140
4 5 3 2 8.80637 0.296473 0.366318 18026
4 5 4 2.51602 0.539431 0.95291 0.356913 17561
4 5 5 4 -2 0 0 16913
4 5 6 2.51847 1.0286 1.02424 0.902746 17066
4 5 7 5 -2 0 0 242
4 5 8 2.60219 0.752519 0.523156 1.0981 16652
4 5 9 3 -2 0 0 17460
4 5 10 2.57968 1.10519 1.4814 0.223185 2240
4 5 11 2.99276 0.779737 0.891209 0.87767 17908
4 5 12 2 -2 0 0 17828
4 5 13 2.62705 0.487956 0.628728 0.166817 504
4 5 14 2.76256 0.634682 0.355453 0.105074 16945
4 5 15 2 -2 0 0 19404
4 5 16 2.18242 1.24303 1.15067 0.912656 12851
4 5 17 2.32508 -3 0 0 18404
4 5 18 2 12.3363 0.716663 0.934155 18586
4 5 19 2.54289 0.801661 0.686045 0.511055 14815
4 5 20 2.32508 -3 0 0 19909
4 5 21 3.48632 0.681385 0.706953 0.609963 16711
4 5 22 3.45516 0.406835 0.298522 0.0749451 11043
4 5 23 2 -2 0 0 20125
4 5 24 2.26237 0.918229 0.989572 0.321225 693
4 5 25 3.40311 0.786191 0.416242 0.194481 283
4 5 26 4 -2 0 0 18383
4 5 27 2.32508 -3 0 0 20679
4 5 28 4 -2 0 0 15316
4 5 29 2.54566 0.709521 1.07094 0.256881 793
4 5 30 2.32508 -3 0 0 19938
4 5 31 3.33839 0.536228 0.523677 0.198248 26756
4 5 32 2.32508 -3 0 0 160
4 5 33 2.4534 1.54714 0.915515 0.039501 23355
4 5 34 3.13683 0.501257 0.308859 0.0329728 11483
4 5 35 4 -2 0 0 26639
4 5 36 2.73115 0.458142 0.999739 0.614371 23204
4 5 37 4 -2 0 0 21121
4 5 38 6 -2 0 0 18395
4 5 39 3.55212 0.488786 0.486787 0.0435329 29201
4 5 40 4 -2 0 0 21887
4 5 41 3 -2 0 0 13732
4 5 42 2.67365 0.639136 0.408834 0.162414 14970
4 5 43 3 -2 0 0 21064
4 5 44 3.12445 0.701809 0.399736 0.526944 7461
4 5 45 2.86086 0.605966 0.488688 0.0592802 24631
4 5 46 2 -2 0 0 20927
4 5 47 2.84402 0.341392 0.436487 0.0695562 30484
4 5 48 3 -2 0 0 24103
4 5 49 2 -2 0 0 22749
4 5 50 3 -2 0 0 14498
4 5 51 2 -2 0 0 28066
4 5 52 2.44747 0.736385 0.346223 0.120235 17923
4 5 53 3.27464 0.428609 0.301528 0.0350424 16114
4 5 54 3 -2 0 0 10999
4 5 55 3 -2 0 0 23563
4 5 56 2 2.43756 0.23264 0.0742619 28119
4 5 57 2.49467 0.83219 0.788116 0.377142 28017
4 5 58 2.52104 0.748914 0.344379 0.211596 24799
4 5 59 3.2738 0.42385 0.544771 0.0664777 22865
4 5 60 2.32508 -3 0 0 30255
4 5 61 3.04522 0.401214 1.16873 0.306519 26588
4 5 62 2.18713 1.60665 1.07878 0.201272 23411
4 5 63 2 0.802853 0.23392 0.204451 24412
4 6 0 2.45501 0.797798 0.368218 0.0840517 14554
4 6 1 4.10799 0.556333 0.321285 0.0760119 8706
4 6 2 3.09456 0.692247 0.269078 0.0173768 11970
4 6 3 4 -2 0 0 5661
4 6 4 2.21813 -3 0 0 8850
4 6 5 2.18753 1.43303 0.285047 0.0214209 9661
4 6 6 3.4636 0.481808 0.298875 0.181493 11042
4 6 7 6 -2 0 0 7346
4 6 8 2.21813 -3 0 0 9878
4 6 9 4 -2 0 0 6026
4 6 10 4.31903 0.629448 1.21235 1.08876 8689
4 6 11 2.39192 1.07554 0.315692 0.0379178 6010
4 6 12 2.46276 0.871916 0.301927 0.0218264 9179
4 6 13 4 -2 0 0 6981
4 6 14 2 -2 0 0 12683
4 6 15 2 1.62169 1.17327 0.592145 7520
4 6 16 2.32188 0.893724 0.855844 0.0157813 8583
4 6 17 5 -2 0 0 10219
4 6 18 4 -2 0 0 5273
4 6 19 2.41399 0.887737 0.28391 0.0440116 7024
4 6 20 5 -2 0 0 8104
4 6 21 3 -2 0 0 10171
4 6 22 2.84598 0.584139 0.261261 0.0594043 7970
4 6 23 2.58297 1.15843 0.189739 0.119762 8402
4 6 24 4 -2 0 0 7691
4 6 25 3.48776 0.608196 0.221219 0.173109 6959
4 6 26 4 -2 0 0 11107
4 6 27 2.77646 0.619705 0.315291 0.020151 6141
4 6 28 2.34589 1.8114 0.520697 0.582951 3985
4 6 29 2.04403 11.1266 0.713533 0.273592 6347
4 6 30 2.21813 -3 0 0 7620
4 6 31 4 -2 0 0 4670
4 6 32 6.49363 0.58976 0.251618 0.957729 6298
4 6 33 6 -2 0 0 2258
4 6 34 5 -2 0 0 7495
4 6 35 2.32614 12.3381 0.881982 0.386877 6068
4 6 36 3.53987 0.664495 0.226874 0.0556198 5216
4 6 37 2.59988 1.11861 0.301258 0.132313 7607
4 6 38 2.31136 1.3191 0.360915 0.258574 5763
4 6 39 3 -2 0 0 6243
4 6 40 2.67048 0.636555 0.874704 0.155902 418
4 6 41 2.21813 -3 0 0 5738
4 6 42 2 0.766994 0.91614 0.827946 5693
4 6 43 2.21813 -3 0 0 8353
4 6 44 3.29464 0.39527 0.305686 0.117612 5734
4 6 45 2.21813 -3 0 0 6674
4 6 46 3.66225 0.734635 0.207495 0.135047 6888
4 6 47 2 -2 0 0 2302
4 6 48 3 -2 0 0 235
4 6 49 2.58091 0.51924 0.433217 0.20642 253
4 6 50 2.21813 -3 0 0 43
4 6 51 2 1.83008 1.23749 0.966506 5025
4 6 52 2.21813 -3 0 0 7867
4 6 53 2 0.813391 0.788155 0.739574 5343
4 6 54 2.19381 1.55299 0.248533 0.188031 6666
4 6 55 6 -2 0 0 6985
4 6 56 2.21813 -3 0 0 2969
4 6 57 6 -2 0 0 6447
4 6 58 2.21813 -3 0 0 144
4 6 59 3.32984 1.05332 0.234525 0.86851 461
4 6 60 4.32009 0.519494 0.286578 0.436127 5995
4 6 61 2.21813 -3 0 0 7489
4 6 62 4 -2 0 0 4188
4 6 63 4 -2 0 0 6797
4 7 0 2 -2 0 0 4920
4 7 1 2 10.3186 0.399764 0.0401034 6893
4 7 2 3.32917 0.433452 0.300467 0.395273 7936
4 7 3 3.50001 0.535643 0.185842 0.205805 6937
4 7 4 2 1.57 0.424586 0.174122 377
4 7 5 2.54026 0.858918 0.471269 0.306884 8563
4 7 6 2 -2 0 0 8040
4 7 7 4.51393 0.378256 0.276055 0.272767 8712
4 7 8 2.98092 -3 0 0 170
4 7 9 2.22689 1.11301 0.867659 0.335014 5998
4 7 10 2.56263 1.07949 0.249088 0.265305 7716
4 7 11 5 -2 0 0 9251
4 7 12 2.98092 -3 0 0 143
4 7 13 2 -2 0 0 8883
4 7 14 2.98092 -3 0 0 208
4 7 15 7 -2 0 0 8709
4 7 16 2 -2 0 0 8320
4 7 17 4 -2 0 0 8601
4 7 18 4 -2 0 0 9384
4 7 19 2.43764 0.859593 1.04769 0.800432 9720
4 7 20 2 -2 0 0 8184
4 7 21 2.98092 -3 0 0 8004
4 7 22 6 -2 0 0 5307
4 7 23 6 -2 0 0 9508
4 7 24 5 -2 0 0 8396
4 7 25 3.23339 0.541686 0.296949 0.0753758 9675
4 7 26 2.98092 -3 0 0 9344
4 7 27 3.54276 0.589104 0.22681 0.103286 9949
4 7 28 3.58465 0.805065 0.192285 0.265967 8345
4 7 29 5 -2 0 0 9515
4 7 30 2.98092 -3 0 0 8636
4 7 31 3.32483 0.684566 0.284656 0.234127 12538
4 7 32 4.19203 0.47598 0.409285 0.191849 10716
4 7 33 6 -2 0 0 9423
4 7 34 4.04049 0.428322 0.266517 0.027333 8395
4 7 35 2.42062 1.04867 0.966136 0.791364 11642
4 7 36 2.98092 -3 0 0 9626
4 7 37 3.77485 0.701433 0.258006 0.334328 10680
4 7 38 2.98092 -3 0 0 14098
4 7 39 5 -2 0 0 14225
4 7 40 3.83623 0.300156 0.249858 0.00667327 10891
4 7 41 2.4044 1.07441 1.27046 0.672528 10514
4 7 42 2.67145 1.00272 1.40226 0.75709 12319
4 7 43 2.98092 -3 0 0 10508
4 7 44 2 -2 0 0 14200
4 7 45 5 -2 0 0 12866
4 7 46 4 -2 0 0 10967
4 7 47 3.00816 0.700447 0.284446 0.201222 18745
4 7 48 4 -2 0 0 9919
4 7 49 2.98092 -3 0 0 10674
4 7 50 2.97451 0.741962 0.303388 0.181769 12038
4 7 51 4.69706 0.477483 0.11819 0.201353 12590
4 7 52 2.98092 -3 0 0 11676
4 7 53 2.43601 0.873513 0.273449 0.072952 15574
4 7 54 3.47792 0.5251 0.193709 0.0588655 14413
4 7 55 3.88461 0.361622 0.208185 0.0531459 13450
4 7 56 4.20691 0.851475 0.56011 0.968315 16510
4 7 57 4 -2 0 0 16214
4 7 58 2.09803 8.00359 0.186017 0.0562818 12121
4 7 59 2.85018 0.484992 0.294235 0.0130467 12244
4 7 60 5 -2 0 0 17106
4 7 61 2.78762 0.614607 0.342476 0.103383 16010
4 7 62 4 -2 0 0 13626
4 7 63 2.9512 0.316745 0.411639 0.156768 13588
4 8 0 5 -2 0 0 6154
4 8 1 2.27151 1.80715 1.43021 0.65431 3181
4 8 2 5 -2 0 0 6283
4 8 3 2.4008 1.11161 0.641008 0.039534 7308
4 8 4 4.0743 0.44459 0.404263 0.0423526 4497
4 8 5 3.26454 -3 0 0 3355
4 8 6 5 -2 0 0 6429
4 8 7 3.5022 0.767721 0.361925 0.132082 8425
4 8 8 3.26454 -3 0 0 3434
4 8 9 3.26454 -3 0 0 7072
4 8 10 3.23466 0.352313 0.926506 0.337668 7495
4 8 11 3.26454 -3 0 0 6450
4 8 12 2 -2 0 0 3459
4 8 13 4.71099 0.548404 0.392608 0.0835775 8706
4 8 14 2.36523 1.22348 0.32285 0.0938692 6081
4 8 15 6 -2 0 0 4969
4 8 16 3.26454 -3 0 0 9407
4 8 17 2.00033 7.03334 1.35479 0.975105 6723
4 8 18 4.02805 0.385939 0.365871 0.00989971 7803
4 8 19 2.29193 1.94817 1.35859 0.560015 6549
4 8 20 7 -2 0 0 4835
4 8 21 4 -2 0 0 7101
4 8 22 5 -2 0 0 3536
4 8 23 2 -2 0 0 4834
4 8 24 2 -2 0 0 6305
4 8 25 3.26454 -3 0 0 11671
4 8 26 4.54944 0.426228 0.389504 0.073073 4330
4 8 27 3.41922 0.885249 0.375805 0.258474 5265
4 8 28 5.6639 0.334406 0.367894 0.978839 9647
4 8 29 3.44578 0.456967 0.399816 0.0672104 7781
4 8 30 3.26454 -3 0 0 8329
4 8 31 3.70866 0.509196 0.397774 0.0273334 7537
4 8 32 2.91011 0.817693 0.39894 0.114096 6774
4 8 33 9 -2 0 0 6053
4 8 34 2.5098 0.9272 0.583682 0.142285 4607
4 8 35 3.90406 0.573273 0.519007 0.159016 8281
4 8 36 4 -2 0 0 9722
4 8 37 4.85647 0.39551 0.365802 0.364339 8206
4 8 38 5 -2 0 0 14116
4 8 39 2.55141 1.94816 1.01601 0.672184 8661
4 8 40 2 -2 0 0 5016
4 8 41 3.26053 0.723938 0.38372 0.0196823 7250
4 8 42 3.20165 0.750852 0.390327 0.0485286 9710
4 8 43 4 -2 0 0 5514
4 8 44 2 -2 0 0 13295
4 8 45 2 2.16376 0.51891 0.0934703 7403
4 8 46 5 -2 0 0 5201
4 8 47 3.74192 0.422818 0.559514 0.0642838 16889
4 8 48 5 -2 0 0 6562
4 8 49 2.15427 9.45908 1.66633 0.729313 5762
4 8 50 4 -2 0 0 8219
4 8 51 2 -2 0 0 10947
4 8 52 6 -2 0 0 8250
4 8 53 5 -2 0 0 14057
4 8 54 3.21914 0.551778 0.568058 0.0938931 11429
4 8 55 2.94201 0.857672 0.535301 0.329468 10093
4 8 56 4.46547 0.414327 0.465556 0.537255 8472
4 8 57 8 -2 0 0 11572
4 8 58 5 -2 0 0 10057
4 8 59 3.43314 0.547718 0.435177 0.0335429 8083
4 8 60 2 12.2538 1.13905 0.760762 9597
4 8 61 3.26454 -3 0 0 10996
4 8 62 6 -2 0 0 6601
4 8 63 4.04054 0.375609 0.345984 0.0311014 10828
4 9 0 7 -2 0 0 7318
4 9 1 3.24715 0.356259 0.540676 0.0656328 8442
4 9 2 9 -2 0 0 4923
4 9 3 2 2.10207 1.10826 1.07997 5126
4 9 4 3.28506 0.552808 0.323377 0.0946663 3749
4 9 5 4.32099 0.696037 0.375192 0.350058 3751
4 9 6 4.99019 0.680133 0.506657 0.253134 5081
4 9 7 4.89266 0.644662 0.325477 0.178122 4518
4 9 8 3.66152 -3 0 0 4365
4 9 9 3.66152 -3 0 0 5318
4 9 10 3.17482 0.425736 0.534833 0.051735 3156
4 9 11 2.52538 1.04948 1.14498 0.536457 3754
4 9 12 4.02821 0.708851 0.336493 0.108857 3253
4 9 13 8 -2 0 0 2518
4 9 14 3.82517 0.376997 0.507468 0.0376774 8343
4 9 15 5 -2 0 0 4381
4 9 16 8 -2 0 0 4679
4 9 17 6 -2 0 0 4403
4 9 18 6 -2 0 0 3286
4 9 19 3.66152 -3 0 0 4030
4 9 20 3 -2 0 0 3074
4 9 21 7 -2 0 0 6688
4 9 22 3.92087 0.447042 0.449061 0.0584726 4329
4 9 23 6 -2 0 0 3513
4 9 24 2 -2 0 0 6118
4 9 25 4.61144 0.421242 0.354506 0.0710696 2320
4 9 26 6 -2 0 0 4621
4 9 27 3.38261 0.337525 0.563834 0.191332 2716
4 9 28 6 -2 0 0 2637
4 9 29 3.1554 1.20642 0.707518 0.285021 5566
4 9 30 6 -2 0 0 2856
4 9 31 5 -2 0 0 2195
4 9 32 3.54529 1.38419 0.449862 0.425926 3673
4 9 33 4.11133 0.500158 0.518879 0.0486683 2477
4 9 34 5 -2 0 0 4752
4 9 35 4.35019 0.323299 0.42429 0.0443637 3466
4 9 36 3.23227 0.304242 0.66313 0.104509 2714
4 9 37 5.82212 0.412512 0.769873 0.570063 4604
4 9 38 4.31241 0.512072 0.407781 0.0570056 3041
4 9 39 3.43267 0.911243 0.734882 0.160849 2458
4 9 40 3.53586 0.376506 0.400881 0.0133572 3038
4 9 41 3.38923 0.338524 0.96404 0.338895 1906
4 9 42 6.1449 0.979383 0.429812 0.923048 2496
4 9 43 4.46543 0.61951 0.511136 0.0165559 3851
4 9 44 5 -2 0 0 1796
4 9 45 6 -2 0 0 1959
4 9 46 2.55511 1.78825 1.12604 0.568875 3999
4 9 47 3.66152 -3 0 0 3125
4 9 48 7 -2 0 0 3984
4 9 49 2.94912 1.12167 0.69741 0.0652924 4092
4 9 50 3.66152 -3 0 0 3568
4 9 51 5.29146 0.561173 0.308438 0.476832 3535
4 9 52 3.66152 -3 0 0 5195
4 9 53 3.66152 -3 0 0 3175
4 9 54 5.32924 0.511969 0.257098 0.552384 2027
4 9 55 3.66152 -3 0 0 4259
4 9 56 3.66152 -3 0 0 45
4 9 57 3 -2 0 0 4491
4 9 58 3.52079 0.821635 0.610031 0.272256 2071
4 9 59 6 -2 0 0 6070
4 9 60 3.03197 0.600012 1.09811 0.0824029 3765
4 9 61 5 -2 0 0 4880
4 9 62 5 -2 0 0 4838
4 9 63 2.12623 7.56012 0.853391 0.310546 4118
4 10 0 2 1.07586 0.360253 0.0971243 12243
4 10 1 2.59992 0.879072 0.544364 0.819249 16603
4 10 2 4 -2 0 0 17483
4 10 3 2 -2 0 0 20699
4 10 4 4 -2 0 0 19330
4 10 5 2.23501 0.808474 1.04412 0.872315 19088
4 10 6 2 1.00171 0.54392 0.214551 13202
4 10 7 2 -2 0 0 20344
4 10 8 2.24817 -3 0 0 14841
4 10 9 2.9864 0.759975 0.735651 0.393313 20655
4 10 10 2.69499 0.607194 0.30504 0.197497 16616
4 10 11 2 1.26803 0.644326 0.143046 14773
4 10 12 4 -2 0 0 15881
4 10 13 3 -2 0 0 23166
4 10 14 2 12.786 0.885756 0.780547 13887
4 10 15 2.7144 0.476271 0.751207 0.356564 17282
4 10 16 2 -2 0 0 25977
4 10 17 2.64653 7.35854 0.977343 0.150022 13576
4 10 18 4 -2 0 0 15471
4 10 19 3 -2 0 0 26684
4 10 20 2 10.8282 1.04412 0.0816232 15878
4 10 21 2.45011 0.787582 0.8251 0.163592 15293
4 10 22 2.58518 0.675539 0.429838 0.0151479 18634
4 10 23 2 -2 0 0 14996
4 10 24 3 -2 0 0 13684
4 10 25 2 2.11512 1.57553 0.32045 28380
4 10 26 2.74791 0.609028 0.397469 0.0163898 13951
4 10 27 3 -2 0 0 22227
4 10 28 3.28146 0.457653 0.390022 0.0449306 17746
4 10 29 3 -2 0 0 18241
4 10 30 3.50396 0.482974 0.316878 0.108364 20942
4 10 31 2.42227 0.796628 1.18397 0.39575 28444
4 10 32 3 -2 0 0 24805
4 10 33 4 -2 0 0 19154
4 10 34 2.74123 0.6362 0.339894 0.0214187 14520
4 10 35 4 -2 0 0 28322
4 10 36 3 -2 0 0 21711
4 10 37 2.75665 0.518639 0.468918 0.0858493 16360
4 10 38 3.04035 0.599993 0.306783 0.302823 28637
4 10 39 3.0697 0.466303 0.378645 0.00993264 24488
4 10 40 2.71524 0.627317 0.41776 0.0310845 21230
4 10 41 2.03236 8.99932 0.505791 0.865408 20346
4 10 42 2.64994 0.419606 0.922111 0.115072 21321
4 10 43 2 -2 0 0 18498
4 10 44 2.43092 0.669671 0.448201 0.235767 21761
4 10 45 4 -2 0 0 23948
4 10 46 3 -2 0 0 17860
4 10 47 4 -2 0 0 25755
4 10 48 2.42902 0.631351 0.253226 0.0490841 22034
4 10 49 5 -2 0 0 19545
4 10 50 2.72191 0.629822 0.239808 0.0061964 23816
4 10 51 2 0.723642 0.914691 0.31115 17016
4 10 52 2 8.84491 0.870492 0.171237 15390
4 10 53 2.66202 0.906669 0.907266 0.382792 26767
4 10 54 2 -2 0 0 20468
4 10 55 5 -2 0 0 18819
4 10 56 3 -2 0 0 22937
4 10 57 3 -2 0 0 22264
4 10 58 2 7.99902 0.763868 0.225529 21474
4 10 59 3.3163 0.462398 0.505247 0.0209653 18222
4 10 60 2 10.2489 0.31928 0.111453 25315
4 10 61 3 -2 0 0 20718
4 10 62 2.47861 0.783176 0.321069 0.0324742 18824
4 10 63 2 1.34992 0.463674 0.277668 19925
4 11 0 2 9.93429 0.918707 0.799429 18448
4 11 1 4 -2 0 0 15600
4 11 2 6 -2 0 0 13299
4 11 3 3.24703 -3 0 0 8782
4 11 4 2 1.29934 0.999375 1.01203 9891
4 11 5 3.33163 0.238194 0.799584 0.515244 10550
4 11 6 2.50282 0.965109 0.681347 0.235187 7737
4 11 7 6 -2 0 0 7163
4 11 8 2.00227 9.11107 1.3288 0.420306 8918
4 11 9 2.53339 1.25264 0.631752 0.862212 9772
4 11 10 2.83384 0.719391 1.25186 0.406083 4988
4 11 11 5 -2 0 0 11488
4 11 12 3.24703 -3 0 0 7168
4 11 13 2.89662 0.83301 0.545533 0.0796037 5804
4 11 14 3.24703 -3 0 0 15961
4 11 15 3.25193 0.646215 0.538223 0.141369 6567
4 11 16 3 -2 0 0 4765
4 11 17 2 1.51853 1.00771 0.97921 10756
4 11 18 4.23924 0.329859 0.360529 0.124743 9759
4 11 19 4 -2 0 0 5806
4 11 20 4 -2 0 0 7094
4 11 21 6 -2 0 0 10858
4 11 22 3.59807 0.478504 0.448657 0.101063 5734
4 11 23 3.55264 0.579357 0.351935 0.0899288 11629
4 11 24 4 -2 0 0 14541
4 11 25 4 -2 0 0 4976
4 11 26 6.56239 0.558446 0.571085 0.97152 12064
4 11 27 4 -2 0 0 8309
4 11 28 4 -2 0 0 7785
4 11 29 3 -2 0 0 14171
4 11 30 2.64447 0.994347 0.5544 0.122956 7129
4 11 31 4 -2 0 0 5072
4 11 32 3.30338 0.329736 0.56309 0.135965 5493
4 11 33 6 -2 0 0 6233
4 11 34 3.85629 0.481262 0.657141 0.393971 12627
4 11 35 5.41369 0.316129 0.478728 0.753236 4825
4 11 36 2 -2 0 0 6567
4 11 37 6 -2 0 0 7752
4 11 38 8 -2 0 0 4856
4 11 39 3.04603 0.899255 0.564035 0.343065 8789
4 11 40 3.24703 -3 0 0 9965
4 11 41 3 -2 0 0 7830
4 11 42 5.13944 0.356533 0.350264 0.113899 6549
4 11 43 3.27805 0.374832 0.599061 0.107364 9661
4 11 44 3.24703 -3 0 0 5314
4 11 45 4.83278 0.665185 0.36687 0.823476 8083
4 11 46 3.61466 0.706127 0.97274 0.601019 11461
4 11 47 4.6802 0.459896 0.548863 0.701577 6976
4 11 48 3.76954 0.509127 0.345821 0.11057 9101
4 11 49 2.00564 10.8811 1.27575 0.821793 7336
4 11 50 5 -2 0 0 5894
4 11 51 3.24703 -3 0 0 11365
4 11 52 3 -2 0 0 9100
4 11 53 5 -2 0 0 4635
4 11 54 2.64962 0.794571 0.386202 0.0833717 6677
4 11 55 3.65189 0.776817 0.703991 0.462293 9473
4 11 56 2.70192 0.845024 0.563285 0.14897 6932
4 11 57 5 -2 0 0 10445
4 11 58 3.57252 0.79671 0.734244 0.607087 8944
4 11 59 4.78264 0.523692 0.416725 0.268004 9620
4 11 60 6 -2 0 0 7781
4 11 61 6 -2 0 0 9372
4 11 62 5.7531 0.382948 0.37522 0.438418 14510
4 11 63 3 -2 0 0 10673
4 12 0 3.55006 0.539653 0.501126 0.0725855 12730
4 12 1 2.43634 0.690137 0.400398 0.072783 14251
4 12 2 2.13557 1.36644 0.473029 0.134621 19780
4 12 3 4 -2 0 0 13622
4 12 4 2 -2 0 0 13682
4 12 5 3 -2 0 0 12693
4 12 6 5 -2 0 0 19013
4 12 7 7 -2 0 0 14357
4 12 8 3.23897 0.849805 0.666712 0.736131 12912
4 12 9 2 -2 0 0 16338
4 12 10 2 1.23143 1.53667 0.984991 16075
4 12 11 3.3085 0.616694 0.573892 0.161761 15719
4 12 12 2.96878 -3 0 0 13167
4 12 13 2.96878 -3 0 0 13115
4 12 14 2.59091 0.47108 0.89906 0.320664 10797
4 12 15 3.27742 0.562446 0.420548 0.174654 14402
4 12 16 2 -2 0 0 28212
4 12 17 4.1832 0.323283 0.347792 0.211011 10855
4 12 18 2.96878 -3 0 0 12123
4 12 19 4.08959 0.458583 0.970125 0.137489 15243
4 12 20 2.45942 1.06263 0.757964 0.457739 11463
4 12 21 2.96878 -3 0 0 21535
4 12 22 3.29982 0.514553 0.640597 0.0520287 14157
4 12 23 2 -2 0 0 9641
4 12 24 5 -2 0 0 12123
4 12 25 2.96878 -3 0 0 21066
4 12 26 6 -2 0 0 11137
4 12 27 2.96878 -3 0 0 11938
4 12 28 4 -2 0 0 12928
4 12 29 4.02453 0.354599 0.482009 0.0278846 9719
4 12 30 3.4656 0.282521 0.532618 0.0238758 12393
4 12 31 2 -2 0 0 18506
4 12 32 3.12195 0.664027 0.678249 0.437533 10887
4 12 33 4 -2 0 0 11498
4 12 34 6 -2 0 0 14735
4 12 35 6 -2 0 0 11943
4 12 36 3.4405 0.60253 0.415851 0.282595 10392
4 12 37 2.66607 0.745826 0.911605 0.60103 10906
4 12 38 3.87799 0.508257 0.48953 0.121967 15659
4 12 39 2.96878 -3 0 0 12823
4 12 40 2.76155 0.744941 0.828534 0.831001 10975
4 12 41 3.50758 0.589323 0.616676 0.191329 11248
4 12 42 3.60898 0.493457 0.438153 0.0333705 9448
4 12 43 3.37529 0.712421 0.55636 0.535341 9606
4 12 44 3.25628 0.712074 0.631072 0.200424 8902
4 12 45 3.24119 0.544451 0.360257 0.0737551 10598
4 12 46 3.0737 0.536278 0.473578 0.187705 12825
4 12 47 4.09222 0.504693 0.508327 0.156513 10924
4 12 48 4.66037 0.405319 0.628912 0.257723 13989
4 12 49 2.56426 0.767369 0.710237 0.117684 12163
4 12 50 2.96878 -3 0 0 13390
4 12 51 4.85968 0.36368 0.372409 0.0704815 8156
4 12 52 3.70461 0.250557 0.69742 0.443644 11785
4 12 53 3 -2 0 0 8861
4 12 54 2 -2 0 0 9520
4 12 55 5 -2 0 0 8087
4 12 56 4 -2 0 0 8166
4 12 57 2.92658 0.637395 0.44228 0.0761545 8736
4 12 58 2 9.68115 0.904147 0.708811 8615
4 12 59 2 0.704565 1.28323 0.887324 8509
4 12 60 5 -2 0 0 9246
4 12 61 4 -2 0 0 8687
4 12 62 4 -2 0 0 8746
4 12 63 2 -2 0 0 8865
4 13 0 2 2.93159 1.37973 0.53197 7756
4 13 1 3.13199 0.457386 0.886463 0.201806 6370
4 13 2 3 -2 0 0 5637
4 13 3 2.4153 0.856085 0.964327 0.19724 5718
4 13 4 2 -2 0 0 5309
4 13 5 3.56596 0.730987 0.585415 0.172278 7120
4 13 6 3.02477 -3 0 0 7369
4 13 7 3.02477 -3 0 0 3301
4 13 8 2.51212 0.865035 0.392549 0.0157251 5887
4 13 9 3.02477 -3 0 0 3729
4 13 10 2 10.4804 0.99513 0.293926 3416
4 13 11 5 -2 0 0 6649
4 13 12 2.81761 1.131 1.35312 1.01105 6189
4 13 13 2.32504 1.06569 1.06259 0.185658 3829
4 13 14 2.94209 1.12669 0.639058 0.48758 7552
4 13 15 3.56408 0.387504 1.23117 0.469272 4275
4 13 16 4.1245 0.305167 0.74769 0.181366 3717
4 13 17 5 -2 0 0 7271
4 13 18 5 -2 0 0 5239
4 13 19 3.52248 0.777602 0.420738 0.233442 5173
4 13 20 2 -2 0 0 5882
4 13 21 5 -2 0 0 5188
4 13 22 5 -2 0 0 3809
4 13 23 4.03675 0.529344 0.577593 0.151682 6516
4 13 24 3.27505 0.819581 0.281621 0.15388 8438
4 13 25 2 -2 0 0 5443
4 13 26 5 -2 0 0 9009
4 13 27 3.47001 0.503967 0.3558 0.0918491 6456
4 13 28 7 -2 0 0 4264
4 13 29 3.16616 0.696065 0.290491 0.0262816 8017
4 13 30 4.0908 0.355305 0.337425 0.0410084 5216
4 13 31 6 -2 0 0 6471
4 13 32 2.79466 0.555078 0.985458 0.923736 4418
4 13 33 4.38419 0.605904 0.291232 0.11482 5203
4 13 34 6 -2 0 0 9745
4 13 35 4 -2 0 0 5909
4 13 36 5 -2 0 0 6145
4 13 37 5 -2 0 0 7238
4 13 38 2 -2 0 0 4822
4 13 39 3.02477 -3 0 0 8078
4 13 40 4.35196 0.682622 0.463804 0.228582 6878
4 13 41 4.95279 0.465385 0.310138 0.0900172 4773
4 13 42 3.02477 -3 0 0 6577
4 13 43 9 -2 0 0 8283
4 13 44 3 -2 0 0 5521
4 13 45 3.96014 0.297232 0.366388 0.0181211 5539
4 13 46 5 -2 0 0 9910
4 13 47 4 -2 0 0 6964
4 13 48 3 -2 0 0 6281
4 13 49 4 -2 0 0 7932
4 13 50 6.65216 0.500178 0.32159 1.04094 7491
4 13 51 2.42646 1.1255 0.619409 0.234762 11288
4 13 52 2 1.86704 1.12666 1.07171 9362
4 13 53 2.71304 0.430914 0.503468 0.106885 7631
4 13 54 3 -2 0 0 6475
4 13 55 5 -2 0 0 9450
4 13 56 3.53733 0.316513 0.438659 0.0194927 8075
4 13 57 5 -2 0 0 9205
4 13 58 3.02477 -3 0 0 10080
4 13 59 2.32823 0.726187 0.77955 0.270639 11511
4 13 60 3.81756 0.747831 0.710098 0.637848 6709
4 13 61 4.41541 0.379516 0.421224 0.0436312 11809
4 13 62 2 10.5508 0.590277 0.236487 11411
4 13 63 7 -2 0 0 7173
4 14 0 7 -2 0 0 6566
4 14 1 2.54236 1.29334 0.500988 0.205747 6720
4 14 2 2 2.55103 1.07036 0.376371 6081
4 14 3 2 0.971281 1.0766 0.600278 6070
4 14 4 3 -2 0 0 4766
4 14 5 2.33077 1.53018 0.394033 0.0914298 5750
4 14 6 3.31844 0.403893 0.519178 0.0237697 6425
4 14 7 2 -2 0 0 9714
4 14 8 4 -2 0 0 5867
4 14 9 4 -2 0 0 7006
4 14 10 3.4439 0.882662 0.540195 0.0297745 7972
4 14 11 6 -2 0 0 4798
4 14 12 5.63027 0.451916 0.317534 0.388464 5407
4 14 13 7 -2 0 0 5590
4 14 14 4 -2 0 0 5011
4 14 15 3.10681 -3 0 0 5053
4 14 16 4 -2 0 0 8372
4 14 17 2.57953 1.44355 0.836764 0.459178 4441
4 14 18 2 -2 0 0 4936
4 14 19 2.55709 1.06647 0.393962 0.012248 9173
4 14 20 2.85418 0.949075 0.37502 0.0180864 4610
4 14 21 4.26123 0.497477 0.357675 0.213617 7101
4 14 22 2 -2 0 0 6155
4 14 23 4.24725 0.38012 0.414621 0.0474104 3744
4 14 24 5.14512 0.628728 0.339061 0.222402 4715
4 14 25 7 -2 0 0 7970
4 14 26 2.30704 2.17676 0.800762 0.369357 4589
4 14 27 7 -2 0 0 4449
4 14 28 2.93421 0.52732 0.399689 0.0227856 4823
4 14 29 4 -2 0 0 3914
4 14 30 7 -2 0 0 4042
4 14 31 4.44552 0.501637 0.48547 0.0613487 5280
4 14 32 3.71783 0.38217 0.804175 0.095139 3934
4 14 33 2.81944 0.959201 0.43008 0.13377 5619
4 14 34 4.52181 0.354853 0.42831 0.0541038 4311
4 14 35 6 -2 0 0 6140
4 14 36 5 -2 0 0 3909
4 14 37 2.49291 1.47019 0.749249 0.164883 3417
4 14 38 2 2.74501 0.866784 0.23628 5430
4 14 39 4.09032 0.724279 0.355922 0.128276 4736
4 14 40 4 -2 0 0 3532
4 14 41 2 -2 0 0 3387
4 14 42 4.04204 0.53902 0.30613 0.0425212 4726
4 14 43 4 -2 0 0 3467
4 14 44 2.764 1.59062 0.719747 0.396023 4861
4 14 45 3.62401 0.795328 0.474704 0.0935273 3199
4 14 46 4.46124 0.517733 0.483421 0.221456 3613
4 14 47 2.21193 1.97621 0.541901 0.0644774 4984
4 14 48 4.3544 0.545702 0.311973 0.114211 2831
4 14 49 2 9.16491 1.29827 0.71054 2918
4 14 50 3.42272 0.828047 0.560921 0.104615 2586
4 14 51 3.2157 0.58488 0.379965 0.039693 2488
4 14 52 5 -2 0 0 3057
4 14 53 2.66202 0.830095 0.678268 0.183292 2499
4 14 54 3.59524 0.533595 0.341051 0.0333721 2500
4 14 55 2.57669 0.723675 0.40165 0.0129916 4281
4 14 56 5.65215 0.403366 0.377968 0.556907 4532
4 14 57 5.22932 0.482635 0.319405 0.0863479 4197
4 14 58 6 -2 0 0 2353
4 14 59 3 -2 0 0 3198
4 14 60 2 10.5813 0.413532 0.0233599 4691
4 14 61 6 -2 0 0 2475
4 14 62 2.00515 6.50393 0.714324 0.240612 2772
4 14 63 6 -2 0 0 4146
4 15 0 5 -2 0 0 2319
4 15 1 5.01746 0.634673 0.567189 0.0698544 1949
4 15 2 4.43973 0.373521 0.51063 0.0334512 3327
4 15 3 5 -2 0 0 1540
4 15 4 5 -2 0 0 3192
4 15 5 4 -2 0 0 1931
4 15 6 3.65759 0.419271 1.18296 0.502617 2970
4 15 7 5 -2 0 0 1442
4 15 8 5.75242 0.897481 0.399175 0.626307 3519
4 15 9 2 -2 0 0 2831
4 15 10 3.15687 0.408072 0.600329 0.0131307 2724
4 15 11 4.55057 0.39778 0.619855 0.014181 2351
4 15 12 4.73339 0.496278 0.417833 0.073868 1842
4 15 13 3.75639 0.578142 0.78417 0.153821 1696
4 15 14 6.40617 0.522727 0.485513 0.559918 3812
4 15 15 6.99142 1.47208 0.438534 0.699844 1962
4 15 16 2 -2 0 0 1563
4 15 17 3.40592 1.2612 0.48151 0.20064 2366
4 15 18 6.0343 0.458291 0.404567 0.103889 2948
4 15 19 4.67659 0.462306 0.442124 0.121093 2892
4 15 20 8 -2 0 0 2255
4 15 21 7 -2 0 0 1823
4 15 22 12.1535 0.468373 0.209153 0.670158 2593
4 15 23 8 -2 0 0 3780
4 15 24 4.46116 0.416334 0.505767 0.00296255 2271
4 15 25 4.42069 0.786684 0.509641 0.133885 2767
4 15 26 4.5913 0.512076 0.47409 0.00639971 2874
4 15 27 2 -2 0 0 1992
4 15 28 8 -2 0 0 1970
4 15 29 3.95264 0.484134 1.30212 0.577701 2977
4 15 30 3.48473 1.49354 0.786624 0.294693 2288
4 15 31 4.51222 0.425658 0.516197 0.0148071 2082
4 15 32 3.04108 1.50736 0.628138 0.372338 2328
4 15 33 3.28114 0.501228 1.04831 0.379951 2478
4 15 34 8 -2 0 0 3205
4 15 35 4.65808 0.499035 0.333409 0.028328 3333
4 15 36 9 -2 0 0 2394
4 15 37 5 -2 0 0 3162
4 15 38 5 -2 0 0 2545
4 15 39 5 -2 0 0 4784
4 15 40 9 -2 0 0 2833
4 15 41 2.12052 9.07484 0.91796 0.585608 2188
4 15 42 4.29894 0.513503 0.459901 0.0762865 4043
4 15 43 3.92733 0.430565 0.596551 0.064041 3241
4 15 44 4.11537 0.471887 0.368198 0.0145812 2650
4 15 45 2 -2 0 0 2607
4 15 46 4.97053 0.541373 0.493514 0.112758 3477
4 15 47 2.56443 1.09405 1.10277 0.30312 3905
4 15 48 8.11158 0.382863 0.445549 0.712765 2657
4 15 49 10 -2 0 0 3211
4 15 50 2.50214 1.31201 1.10071 0.320893 2713
4 15 51 7.90238 0.669491 0.424347 0.648358 5032
4 15 52 3.41184 1.00745 0.375505 0.131189 3558
4 15 53 4.16107 0.372616 0.458956 0.0591877 4166
4 15 54 3.80427 0.878541 0.436821 0.0998185 3050
4 15 55 2.97047 0.517291 0.934031 0.11852 3894
4 15 56 6 -2 0 0 4041
4 15 57 3.92032 0.725786 0.488106 0.0367699 4336
4 15 58 4.34909 0.56615 0.420412 0.0201638 2938
4 15 59 4 -2 0 0 4161
4 15 60 2.71962 0.843445 0.513698 0.0133635 4531
4 15 61 2 9.31683 1.39015 0.738059 5394
4 15 62 3.76987 -3 0 0 4584
4 15 63 3.56907 0.622262 0.358262 0.0988492 4880
5 0 0 2.8473 0.540647 1.113 0.183456 12355
5 0 1 3 -2 0 0 10690
5 0 2 4 -2 0 0 8701
5 0 3 4 -2 0 0 8799
5 0 4 3.30532 0.538678 0.335306 0.108999 11625
5 0 5 3.50304 0.324727 0.293151 0.0996475 9825
5 0 6 2 8.14242 0.597938 0.214988 10753
5 0 7 2.91365 -3 0 0 9716
5 0 8 5 -2 0 0 9051
5 0 9 3.04686 0.807492 0.406594 0.287138 9798
5 0 10 4.81805 0.512617 0.309535 0.737528 9435
5 0 11 3.40425 0.43544 0.315853 0.0481566 11051
5 0 12 6 -2 0 0 9481
5 0 13 2.91365 -3 0 0 9054
5 0 14 3.36892 0.42974 0.364881 0.0573411 11342
5 0 15 3 -2 0 0 8232
5 0 16 2.91591 0.609955 0.38999 0.100132 9639
5 0 17 2.91365 -3 0 0 12863
5 0 18 4.23688 0.402215 0.288695 0.154786 2261
5 0 19 2.59211 0.531761 0.836622 0.940132 9157
5 0 20 3 -2 0 0 1608
5 0 21 4 -2 0 0 8487
5 0 22 4.24474 0.523758 0.268267 0.486857 7674
5 0 23 2.91365 -3 0 0 9194
5 0 24 2.95056 0.778657 0.451639 0.242762 10280
5 0 25 2 -2 0 0 10725
5 0 26 3.57064 0.659975 0.594326 0.609916 14106
5 0 27 7 -2 0 0 1667
5 0 28 2.77287 0.512799 0.922615 0.445615 4476
5 0 29 6 -2 0 0 12899
5 0 30 5 -2 0 0 1240
5 0 31 2.91365 -3 0 0 11831
5 0 32 3.39679 0.303058 1.1163 0.593951 3705
5 0 33 6 -2 0 0 10954
5 0 34 2.80582 0.656632 0.548275 0.514775 13896
5 0 35 2.91365 -3 0 0 12888
5 0 36 3.701 0.233639 0.122906 0.145993 972
5 0 37 2 -2 0 0 13540
5 0 38 2 -2 0 0 14265
5 0 39 4.17477 0.250051 0.404564 0.177046 18779
5 0 40 7 -2 0 0 901
5 0 41 2.91365 -3 0 0 2058
5 0 42 5 -2 0 0 2468
5 0 43 2.86904 0.522747 0.400445 0.0734751 14182
5 0 44 2.91365 -3 0 0 3042
5 0 45 4.22238 0.219594 0.1 0.211734 1769
5 0 46 2.85891 0.596587 0.7021 0.203428 14503
5 0 47 3.55199 0.67302 0.702944 0.737478 15858
5 0 48 5.6293 0.422847 0.410153 0.466847 4199
5 0 49 2.91439 0.846981 0.838824 0.129747 1801
5 0 50 3 -2 0 0 2785
5 0 51 2.91365 -3 0 0 19541
5 0 52 2 11.469 0.830885 0.192396 14601
5 0 53 3.59564 0.384199 0.27073 0.0375001 3580
5 0 54 4.15334 0.295729 0.356443 0.0381042 6234
5 0 55 2.12001 2.69461 0.609309 0.247539 14950
5 0 56 2.84595 0.685841 0.357829 0.0782761 4164
5 0 57 4.92337 0.829441 0.517885 0.777029 8479
5 0 58 2 -2 0 0 18126
5 0 59 3.29526 0.247686 0.644935 0.915016 19613
5 0 60 4.28889 0.419588 0.306083 0.246453 6480
5 0 61 2.65891 0.709366 0.521082 0.0817958 19730
5 0 62 2.91365 -3 0 0 18898
5 0 63 5 -2 0 0 18859
5 1 0 3.42465 0.600915 0.65321 0.343074 18671
5 1 1 6 -2 0 0 18721
5 1 2 4.55053 0.413692 0.640124 0.37851 14993
5 1 3 2.67425 1.49083 0.995399 0.282854 13471
5 1 4 2 -2 0 0 12979
5 1 5 4.19587 0.442091 0.347978 0.29175 13059
5 1 6 2.40551 0.976467 1.23337 0.579783 19254
5 1 7 5 -2 0 0 13476
5 1 8 2.88266 0.750717 1.42117 0.163943 12206
5 1 9 5 -2 0 0 17488
5 1 10 7 -2 0 0 15766
5 1 11 4.56669 0.41229 0.363639 0.393464 12455
5 1 12 3.18619 0.735042 0.534447 0.663696 16067
5 1 13 4.62924 0.478491 0.517598 0.537965 11955
5 1 14 2.92539 0.657986 0.606527 0.378364 15467
5 1 15 4 -2 0 0 13798
5 1 16 4 -2 0 0 17043
5 1 17 5 -2 0 0 12702
5 1 18 5 -2 0 0 13789
5 1 19 4.19569 0.261677 0.419431 0.0386561 12864
5 1 20 2.72651 0.946135 1.27618 0.0687657 10514
5 1 21 4.8189 0.371042 0.438166 0.0689684 14435
5 1 22 4.49187 0.392439 0.566331 0.51911 13152
5 1 23 3.30413 0.543523 0.506555 0.387858 9172
5 1 24 6 -2 0 0 14100
5 1 25 3.46078 0.520493 0.345158 0.111347 13928
5 1 26 3.19006 -3 0 0 13609
5 1 27 3.19006 -3 0 0 12585
5 1 28 2.35822 1.09268 1.32995 1.00546 11379
5 1 29 3.20151 0.706183 0.818995 0.33443 12662
5 1 30 3.19006 -3 0 0 10571
5 1 31 3.19006 -3 0 0 12420
5 1 32 5 -2 0 0 9782
5 1 33 5 -2 0 0 10276
5 1 34 2 -2 0 0 12442
5 1 35 2.85971 0.892156 1.16878 0.970916 11626
5 1 36 4 -2 0 0 11378
5 1 37 3.19006 -3 0 0 10803
5 1 38 3.19006 -3 0 0 9655
5 1 39 3.19006 -3 0 0 9848
5 1 40 4.26562 0.433897 0.317801 0.152329 11517
5 1 41 3.19006 -3 0 0 9186
5 1 42 4 -2 0 0 9030
5 1 43 2.71644 1.14993 1.62057 0.429792 2397
5 1 44 3.19006 -3 0 0 8804
5 1 45 3.38454 0.424827 0.323815 0.0317005 10770
5 1 46 3.19006 -3 0 0 12699
5 1 47 6 -2 0 0 9504
5 1 48 7 -2 0 0 9275
5 1 49 2.63183 0.454612 0.907205 0.682781 10812
5 1 50 4.72794 0.434835 0.834488 0.708004 9161
5 1 51 2.65034 0.599722 1.06701 0.399526 9806
5 1 52 3.19006 -3 0 0 10729
5 1 53 2.85183 0.916994 0.601095 0.952827 7924
5 1 54 4 -2 0 0 7645
5 1 55 4 -2 0 0 9016
5 1 56 3.93864 0.439067 0.726552 0.134985 9881
5 1 57 2.93845 0.390603 1.03825 0.663376 9679
5 1 58 5 -2 0 0 8691
5 1 59 2.64983 0.363665 0.855305 0.669257 11676
5 1 60 4 -2 0 0 8829
5 1 61 2.56297 0.419404 0.835547 0.441103 10120
5 1 62 2.51724 0.681835 0.427197 0.145928 10152
5 1 63 4 -2 0 0 8625
5 2 0 2.43519 0.663938 1.03598 0.53921 22955
5 2 1 3.43823 0.388378 0.384291 0.0235986 19050
5 2 2 2.68112 0.87214 1.40926 0.524216 19474
5 2 3 4 -2 0 0 16391
5 2 4 4 -2 0 0 2679
5 2 5 3.42302 0.587704 0.497159 0.394099 16477
5 2 6 3.09447 0.594834 0.497144 0.172043 15684
5 2 7 4 -2 0 0 13424
5 2 8 2.88454 -3 0 0 19256
5 2 9 4.13476 0.393601 0.456286 0.0731994 16327
5 2 10 3.35545 0.506301 0.365876 0.0702048 3302
5 2 11 3.35292 0.780989 0.338622 0.75787 3094
5 2 12 2.28102 1.12097 1.24091 0.685937 14792
5 2 13 4 -2 0 0 12255
5 2 14 2.88454 -3 0 0 20492
5 2 15 6 -2 0 0 11244
5 2 16 3.65097 0.407855 0.336168 0.0973808 15150
5 2 17 3.23608 0.220428 0.590614 0.262206 14846
5 2 18 3.06966 0.662927 0.667704 0.207688 2598
5 2 19 3.04294 0.536402 0.305243 0.0724599 14582
5 2 20 3.3065 0.64196 0.588337 0.308024 18318
5 2 21 3.86187 0.480784 0.72054 0.897629 16166
5 2 22 3.28277 0.631492 0.54093 0.751493 15577
5 2 23 5.35335 0.311423 0.1 0.68528 1825
5 2 24 2.88454 -3 0 0 17372
5 2 25 3.35947 0.655269 1.05539 0.404368 14464
5 2 26 2.83039 0.902553 1.52466 0.368266 23432
5 2 27 6 -2 0 0 5460
5 2 28 2.88454 -3 0 0 6743
5 2 29 3.34778 0.569063 0.525264 0.177341 2354
5 2 30 3.87508 0.504285 0.708769 0.627824 1769
5 2 31 2.60431 0.672769 0.662712 0.529407 13854
5 2 32 2.88454 -3 0 0 13458
5 2 33 4.02438 0.537827 0.32891 0.537879 16468
5 2 34 4.20239 0.540782 0.485281 0.333497 6801
5 2 35 2.88454 -3 0 0 14392
5 2 36 3.315 0.633386 0.794216 0.898794 9873
5 2 37 4.15513 0.46673 0.270355 0.210469 14931
5 2 38 3.0242 0.699545 0.794853 0.508505 11180
5 2 39 4.12498 0.288855 0.458533 0.0525872 13680
5 2 40 2 -2 0 0 17545
5 2 41 2.74861 0.841686 1.02308 0.367739 12437
5 2 42 2.73093 0.695361 0.856898 0.923649 13686
5 2 43 2.88454 -3 0 0 18394
5 2 44 3.06813 0.362775 1.10404 0.48753 12224
5 2 45 3.06803 0.676533 0.58053 0.286856 15083
5 2 46 3.67374 0.283021 0.474686 0.18771 12578
5 2 47 0 -10 0 0 0
5 2 48 3.6993 0.394567 0.42881 0.0339765 12133
5 2 49 2 -2 0 0 14156
5 2 50 4.07353 0.313099 0.464787 0.160188 11947
5 2 51 5 -2 0 0 18192
5 2 52 3.16627 0.700111 1.59731 0.8012 21245
5 2 53 3.74759 0.457495 0.71286 0.465016 13419
5 2 54 3.92996 0.510582 0.475589 0.238958 15243
5 2 55 2 -2 0 0 19981
5 2 56 2.41397 0.882825 0.992814 0.844504 17972
5 2 57 4 -2 0 0 17755
5 2 58 2 -2 0 0 14628
5 2 59 2.88454 -3 0 0 21942
5 2 60 2.26096 1.18493 0.735393 0.799029 14843
5 2 61 4 -2 0 0 23863
5 2 62 2 -2 0 0 22090
5 2 63 2.88454 -3 0 0 15170
5 3 0 4 -2 0 0 16969
5 3 1 2 8.20095 0.285105 0.111897 19927
5 3 2 5 -2 0 0 18675
5 3 3 4 -2 0 0 17405
5 3 4 3.56698 0.521727 0.345957 0.0929031 18430
5 3 5 4 -2 0 0 18535
5 3 6 4 -2 0 0 15935
5 3 7 2.82986 -3 0 0 21098
5 3 8 6 -2 0 0 14797
5 3 9 3.48737 0.70174 0.456851 0.644353 20261
5 3 10 3.52721 0.358739 0.424611 0.0506084 20490
5 3 11 2.6131 0.790967 0.69199 0.376088 16412
5 3 12 4.85641 0.537288 0.752298 0.888936 17901
5 3 13 3.37368 0.342234 0.476113 0.0160896 17325
5 3 14 2 1.91448 0.865245 0.696813 19282
5 3 15 5 -2 0 0 2432
5 3 16 6 -2 0 0 20202
5 3 17 3.24257 0.541226 0.421819 0.230867 8941
5 3 18 5 -2 0 0 8669
5 3 19 2.72321 0.587853 0.332797 0.0784053 21842
5 3 20 3.94443 0.555508 0.439759 0.376488 17774
5 3 21 3.33405 0.255473 0.782624 0.525547 20423
5 3 22 2.82986 -3 0 0 17990
5 3 23 2.95509 0.779322 0.685836 1.01982 14741
5 3 24 3.56122 0.49592 0.623664 0.265723 17455
5 3 25 2.70951 0.787781 0.905472 0.251538 18024
5 3 26 3.67222 0.504252 0.514608 0.249678 3000
5 3 27 4 -2 0 0 12619
5 3 28 3.91002 0.530741 0.36806 0.28618 12008
5 3 29 4.12581 0.539816 0.904228 0.202043 2169
5 3 30 2.83389 1.01862 1.0682 0.447318 10643
5 3 31 3.19128 0.659742 0.682085 0.352726 20586
5 3 32 2.82986 -3 0 0 15223
5 3 33 2.74297 0.762663 0.779011 0.84324 8712
5 3 34 6 -2 0 0 6317
5 3 35 3.69862 0.517972 0.531834 0.390783 19559
5 3 36 6 -2 0 0 1131
5 3 37 3.50134 0.360499 0.449407 0.00715831 13787
5 3 38 3.16923 0.532835 0.389934 0.0715628 17592
5 3 39 2.82986 -3 0 0 17805
5 3 40 2.54295 0.761949 0.7705 0.381312 15713
5 3 41 3.93034 0.527233 0.850556 0.795735 17441
5 3 42 2 1.43183 1.07978 0.582619 16914
5 3 43 3.75581 0.524995 0.255441 0.0364313 4525
5 3 44 3.5306 0.740729 1.03112 0.991608 16575
5 3 45 3.59416 0.296033 0.496091 0.374888 20185
5 3 46 3.19305 0.521096 0.364058 0.0691176 10428
5 3 47 4.02037 0.409869 0.398483 0.0235106 16973
5 3 48 2.82986 -3 0 0 17273
5 3 49 2 1.19796 1.51177 1.00049 17752
5 3 50 3 -2 0 0 13539
5 3 51 2 -2 0 0 14801
5 3 52 4.47033 0.375115 0.398322 0.162288 13688
5 3 53 2.82986 -3 0 0 14631
5 3 54 2.5443 0.829834 0.890769 0.98436 14691
5 3 55 2.91954 0.581879 0.593036 0.271536 17031
5 3 56 6 -2 0 0 18118
5 3 57 3.94541 0.336396 0.455406 0.112095 15155
5 3 58 2.99743 0.638452 0.39877 0.179743 17773
5 3 59 2 -2 0 0 7656
5 3 60 4 -2 0 0 14224
5 3 61 3.27245 0.558202 0.495105 0.125008 15123
5 3 62 6 -2 0 0 16438
5 3 63 6 -2 0 0 5194
5 4 0 2.84521 0.287945 0.823737 0.763737 24379
5 4 1 2.64516 0.648222 1.08821 0.895186 15164
5 4 2 3.19134 -3 0 0 6041
5 4 3 3.19134 -3 0 0 14463
5 4 4 4.05167 0.252224 0.510287 0.394771 14986
5 4 5 5 -2 0 0 15264
5 4 6 3.85639 0.577882 0.823337 1.09208 18281
5 4 7 3 -2 0 0 12959
5 4 8 3.19134 -3 0 0 17475
5 4 9 3.32522 0.440433 1.04415 0.757693 16986
5 4 10 2.92702 0.734133 0.417197 0.452817 14364
5 4 11 3.19134 -3 0 0 15835
5 4 12 3.03741 0.687392 0.549232 1.06579 14489
5 4 13 3.19134 -3 0 0 11733
5 4 14 6 -2 0 0 21885
5 4 15 2.97637 0.927249 0.499048 0.778352 12199
5 4 16 3.19134 -3 0 0 14956
5 4 17 2 -2 0 0 15422
5 4 18 4.57396 0.479009 0.526726 0.282025 13018
5 4 19 3.34459 0.878441 0.818323 0.788141 10851
5 4 20 3.57253 0.767457 0.435659 0.6431 14878
5 4 21 4.00451 0.297052 0.387099 0.138117 17735
5 4 22 4.94213 0.421707 0.21968 0.236281 12329
5 4 23 2.56332 0.651126 0.991494 0.949741 3306
5 4 24 6 -2 0 0 18880
5 4 25 3.77281 0.371475 0.253604 0.0115931 10917
5 4 26 8 -2 0 0 20552
5 4 27 2 8.23631 1.32695 0.909815 1688
5 4 28 3.54411 0.52713 0.331106 0.148472 10731
5 4 29 2.85545 0.478175 1.07114 1.01821 16924
5 4 30 4.50659 0.598342 1.13914 0.409095 4134
5 4 31 3.19134 -3 0 0 9512
5 4 32 3.90717 0.499019 0.483459 0.469695 10565
5 4 33 4.02153 0.505424 0.362544 0.203295 2221
5 4 34 3.19134 -3 0 0 18533
5 4 35 5.33456 0.362227 0.3135 0.261117 8849
5 4 36 3.19134 -3 0 0 1564
5 4 37 5 -2 0 0 1097
5 4 38 3.19134 -3 0 0 8915
5 4 39 4.22497 0.50448 0.237609 0.352899 9819
5 4 40 2 1.72275 1.56689 0.954428 5934
5 4 41 4.4259 0.386502 0.32033 0.060033 9774
5 4 42 3.19134 -3 0 0 11496
5 4 43 5 -2 0 0 14108
5 4 44 2.85583 0.803025 0.711291 0.683916 8708
5 4 45 3.19134 -3 0 0 10659
5 4 46 3.35016 0.709981 0.27639 0.280309 15829
5 4 47 6 -2 0 0 8349
5 4 48 4 -2 0 0 10101
5 4 49 3.19134 -3 0 0 12607
5 4 50 4.35238 0.596666 0.276281 0.455379 8733
5 4 51 7 -2 0 0 12947
5 4 52 3.46166 0.33134 0.514638 0.22464 13147
5 4 53 3.42941 0.60527 0.646333 0.187762 8694
5 4 54 5 -2 0 0 10719
5 4 55 3.19134 -3 0 0 11792
5 4 56 2.51045 0.828535 0.240675 0.027302 10721
5 4 57 3.19134 -3 0 0 11166
5 4 58 5.01888 0.495008 0.22608 0.113357 10646
5 4 59 4 -2 0 0 15228
5 4 60 3.58945 0.797459 0.576406 0.782423 9458
5 4 61 3.51338 0.426008 0.735368 0.303296 13578
5 4 62 2.14964 1.66304 1.0181 0.994195 15205
5 4 63 2.85878 0.355281 0.374644 0.0102395 11728
5 5 0 3 -2 0 0 10789
5 5 1 3.20627 0.735614 1.11095 0.246392 9399
5 5 2 3.28481 1.07843 0.802281 1.09014 9377
5 5 3 4.30441 0.496636 0.447876 0.19835 10795
5 5 4 2.65547 0.785506 1.24637 0.35927 9875
5 5 5 8 -2 0 0 10756
5 5 6 3.72684 -3 0 0 10758
5 5 7 2 -2 0 0 13689
5 5 8 3.54866 0.498463 0.384058 0.136908 9696
5 5 9 2.67949 0.731876 0.872914 0.752314 11461
5 5 10 3.72684 -3 0 0 11294
5 5 11 4 -2 0 0 10221
5 5 12 3.26806 0.725914 0.715348 0.404931 9976
5 5 13 3.77553 0.32577 0.766087 0.0980609 11016
5 5 14 6 -2 0 0 8480
5 5 15 3.54552 0.436926 0.411558 0.162633 11927
5 5 16 6 -2 0 0 11355
5 5 17 5 -2 0 0 11397
5 5 18 3.98364 0.503395 0.539498 0.242796 12071
5 5 19 3.37116 0.65093 0.774783 0.212729 11356
5 5 20 5 -2 0 0 12065
5 5 21 3.59131 0.694067 0.655496 0.431572 10859
5 5 22 3.72684 -3 0 0 12302
5 5 23 7 -2 0 0 11510
5 5 24 4.80427 0.400186 0.541563 0.116226 8636
5 5 25 3.85071 0.25944 0.602226 0.0818431 14652
5 5 26 3.42446 0.879978 0.784122 1.08889 10604
5 5 27 3.72684 -3 0 0 10645
5 5 28 3.72684 -3 0 0 13386
5 5 29 3.72684 -3 0 0 10531
5 5 30 4.17421 0.307807 0.641108 0.274647 12203
5 5 31 6 -2 0 0 14041
5 5 32 4.23023 0.456116 0.958596 0.476289 12916
5 5 33 7 -2 0 0 13401
5 5 34 4.96461 0.427963 0.626935 0.274965 12613
5 5 35 6 -2 0 0 16782
5 5 36 2.5644 0.961201 1.28125 1.00473 14322
5 5 37 5 -2 0 0 14415
5 5 38 6 -2 0 0 17958
5 5 39 5 -2 0 0 17901
5 5 40 3.72684 -3 0 0 13552
5 5 41 4.00904 0.497454 0.394927 0.181509 13215
5 5 42 4.09439 0.457765 0.484711 0.087637 12674
5 5 43 7 -2 0 0 12863
5 5 44 4.45864 0.424624 0.613815 0.205931 16600
5 5 45 4.84988 0.599283 0.520815 0.719177 15472
5 5 46 3.72684 -3 0 0 13637
5 5 47 3.53628 0.303734 0.648116 0.434751 21635
5 5 48 2.51152 1.07803 1.0565 0.394568 14887
5 5 49 6 -2 0 0 14116
5 5 50 7 -2 0 0 14935
5 5 51 4.84922 0.369919 0.370284 0.0142551 18196
5 5 52 5.27639 0.413997 0.377721 0.326813 12596
5 5 53 5 -2 0 0 18139
5 5 54 4 -2 0 0 12698
5 5 55 3.63683 0.330878 0.451849 0.0271881 14667
5 5 56 5 -2 0 0 17548
5 5 57 3.4273 0.666977 0.941675 0.695343 16200
5 5 58 2.59378 0.866761 1.29745 0.532922 12894
5 5 59 4 -2 0 0 14696
5 5 60 5 -2 0 0 18145
5 5 61 3.76297 0.586268 0.679671 0.17686 16984
5 5 62 3.27272 0.728619 0.819467 0.599572 15674
5 5 63 6 -2 0 0 14729
5 6 0 2.29113 0.603941 0.648228 0.206822 12556
5 6 1 5 -2 0 0 10198
5 6 2 5.10868 0.373308 0.402658 0.0252596 9991
5 6 3 2.17509 2.10541 0.310626 0.124865 5964
5 6 4 5 -2 0 0 6812
5 6 5 2.9754 0.850016 0.342383 0.0925372 8129
5 6 6 5 -2 0 0 8583
5 6 7 4.3848 0.313276 0.402729 0.164098 5308
5 6 8 2 1.50607 0.629582 0.634596 8972
5 6 9 5 -2 0 0 6826
5 6 10 3.57417 0.68689 0.316755 0.187373 7930
5 6 11 2 -2 0 0 5483
5 6 12 5 -2 0 0 8584
5 6 13 3.01821 -3 0 0 6106
5 6 14 3.01821 -3 0 0 12622
5 6 15 3.01821 -3 0 0 5584
5 6 16 3 -2 0 0 7188
5 6 17 3.08174 0.56465 0.643334 0.0513229 8342
5 6 18 2 -2 0 0 6712
5 6 19 2.00004 8.21325 0.807616 0.105068 5830
5 6 20 3.30316 0.485427 1.246 0.920392 3589
5 6 21 2 -2 0 0 7756
5 6 22 4.90295 0.73328 0.655094 0.944867 5701
5 6 23 2.60661 0.949491 0.301352 0.0845247 7682
5 6 24 3.01821 -3 0 0 9113
5 6 25 3.34949 0.753959 0.621622 0.257584 6168
5 6 26 5.98249 0.489139 0.283418 0.604093 8588
5 6 27 2.98667 0.931141 0.328532 0.196729 5494
5 6 28 3.3183 0.483416 0.42487 0.085112 5582
5 6 29 6 -2 0 0 7344
5 6 30 5 -2 0 0 5374
5 6 31 6.99692 0.382619 0.18259 0.447232 5333
5 6 32 3 -2 0 0 5465
5 6 33 7.91777 0.563092 0.227643 0.73352 4869
5 6 34 3.70278 0.745154 0.344585 0.181429 8786
5 6 35 6 -2 0 0 5999
5 6 36 3.29168 0.981276 0.405032 0.204199 4952
5 6 37 3.72853 0.63763 0.343734 0.300867 881
5 6 38 3.01821 -3 0 0 4826
5 6 39 6 -2 0 0 5114
5 6 40 2.94548 0.698764 0.246314 0.0640973 5461
5 6 41 2.65035 1.68226 0.624326 0.571823 4917
5 6 42 3 -2 0 0 4757
5 6 43 7 -2 0 0 6114
5 6 44 5 -2 0 0 4420
5 6 45 3.21061 0.356835 0.343087 0.0803282 4918
5 6 46 4.4941 0.370519 0.331646 0.253611 6929
5 6 47 4 -2 0 0 4234
5 6 48 3 -2 0 0 4616
5 6 49 3 -2 0 0 5355
5 6 50 5.31655 0.69222 0.269454 0.631531 4337
5 6 51 3.01821 -3 0 0 5867
5 6 52 2 9.78852 0.836417 0.760016 5843
5 6 53 4.2845 0.360698 0.379732 0.0633478 4169
5 6 54 6 -2 0 0 4477
5 6 55 3.38024 0.282389 0.462136 0.0513134 5680
5 6 56 2.09132 7.59993 0.797155 0.462229 5085
5 6 57 5 -2 0 0 5402
5 6 58 2 2.34301 0.279446 0.0968786 4888
5 6 59 3.21685 0.768704 0.406265 0.175374 5897
5 6 60 2 8.11158 0.453471 0.196185 4544
5 6 61 3.01821 -3 0 0 6368
5 6 62 2.78748 1.00131 0.39515 0.151223 5058
5 6 63 2.43742 0.973056 0.360847 0.043126 5534
5 7 0 3.5452 -3 0 0 5700
5 7 1 2 -2 0 0 5630
5 7 2 4 -2 0 0 5577
5 7 3 4 -2 0 0 4730
5 7 4 4.28955 0.654573 0.411198 0.349292 4821
5 7 5 2 -2 0 0 5767
5 7 6 2 -2 0 0 5031
5 7 7 4.80577 0.812117 0.591394 0.448362 4972
5 7 8 3.8933 0.304015 1.21155 0.295275 4778
5 7 9 3.5452 -3 0 0 5998
5 7 10 2.54986 0.930024 1.16136 0.393531 5327
5 7 11 8 -2 0 0 5798
5 7 12 6.81587 0.444629 0.326385 1.01146 5688
5 7 13 5 -2 0 0 6334
5 7 14 6 -2 0 0 5079
5 7 15 6 -2 0 0 6424
5 7 16 3.23433 1.38359 0.80055 0.482413 5872
5 7 17 4.00271 0.669975 0.348866 0.225812 5329
5 7 18 4.97679 0.495732 0.284652 0.366606 5635
5 7 19 4.1949 0.540331 0.617536 0.200631 7281
5 7 20 3.5452 -3 0 0 6037
5 7 21 5.06354 0.44886 0.396723 0.258752 5092
5 7 22 3.88741 0.563386 0.3354 0.174902 6332
5 7 23 3.68971 0.32804 0.458768 0.0289208 5773
5 7 24 4 -2 0 0 4628
5 7 25 2.5106 0.868703 1.09095 0.743079 6903
5 7 26 4.13659 0.419589 0.681898 0.750381 6495
5 7 27 3.87808 0.426739 0.385516 0.0372833 5068
5 7 28 3.58765 0.47769 1.12949 0.359812 7349
5 7 29 4.99973 0.609403 0.37026 1.00185 5902
5 7 30 5 -2 0 0 6489
5 7 31 6 -2 0 0 8781
5 7 32 3.29843 0.34562 0.968371 0.332321 8022
5 7 33 5 -2 0 0 7057
5 7 34 5.18676 0.527401 0.347897 0.217944 7437
5 7 35 3.5452 -3 0 0 10379
5 7 36 3.79753 0.390093 1.14973 1.0084 6801
5 7 37 6 -2 0 0 7177
5 7 38 4.46335 0.479361 0.345957 0.0359759 10115
5 7 39 2.42324 1.39615 1.33452 0.825199 11730
5 7 40 5.24443 0.341563 0.381507 0.132168 7927
5 7 41 3.41732 0.367349 0.708524 0.0567931 5684
5 7 42 5 -2 0 0 8889
5 7 43 3.71282 0.668481 0.58834 0.14644 7622
5 7 44 3.5452 -3 0 0 10184
5 7 45 3.80991 0.680626 0.555677 0.155117 7734
5 7 46 2.48789 1.06232 0.830407 0.513535 8159
5 7 47 5.36225 0.57086 0.733023 0.32841 13107
5 7 48 5 -2 0 0 8040
5 7 49 7 -2 0 0 6924
5 7 50 3.40706 0.735152 0.597352 0.122196 10517
5 7 51 3.5452 -3 0 0 10352
5 7 52 2.49487 1.3831 1.46851 0.547838 7386
5 7 53 2.87596 1.06858 1.00642 0.58823 10476
5 7 54 3.20579 0.414182 0.704952 0.127065 9791
5 7 55 5.11013 0.429469 0.377622 0.298656 9678
5 7 56 4.50785 0.633952 0.535687 0.186759 11570
5 7 57 5 -2 0 0 11188
5 7 58 2 -2 0 0 7969
5 7 59 3.22418 0.496962 0.448613 0.016312 8819
5 7 60 5.35661 0.433245 0.417067 0.364992 11277
5 7 61 3.32043 0.331645 0.530707 0.00999261 9790
5 7 62 2.79593 0.797105 0.477125 0.0852396 9604
5 7 63 5 -2 0 0 8192
5 8 0 6 -2 0 0 6205
5 8 1 3 -2 0 0 5762
5 8 2 3 -2 0 0 6840
5 8 3 3 -2 0 0 7739
5 8 4 2.51618 11.3677 1.15262 0.964496 7297
5 8 5 4.08663 0.388084 0.346398 0.144495 6152
5 8 6 4 -2 0 0 7710
5 8 7 2 -2 0 0 8204
5 8 8 3.30696 0.298073 0.403515 0.0811954 6143
5 8 9 6 -2 0 0 7247
5 8 10 2.66357 1.041 0.455965 0.301557 7281
5 8 11 2.61634 1.01118 0.583212 0.105775 7190
5 8 12 3.15493 -3 0 0 7095
5 8 13 3.15493 -3 0 0 9064
5 8 14 4.20265 0.364495 0.331195 0.0390157 6631
5 8 15 4.10558 0.532624 0.356552 0.259613 8237
5 8 16 5 -2 0 0 8590
5 8 17 2 11.9565 1.26179 0.911728 6971
5 8 18 7 -2 0 0 7348
5 8 19 2.60944 0.794677 0.530162 0.169374 10822
5 8 20 2.98321 0.350881 0.98291 0.738981 8107
5 8 21 3.15493 -3 0 0 7421
5 8 22 3.58921 0.756994 0.772417 0.499528 8560
5 8 23 6 -2 0 0 7093
5 8 24 3.15493 -3 0 0 6707
5 8 25 4 -2 0 0 11408
5 8 26 3.15493 -3 0 0 7026
5 8 27 4.78248 0.515813 0.766822 0.608239 8590
5 8 28 2.54681 0.764132 1.06188 0.651527 9407
5 8 29 7 -2 0 0 6978
5 8 30 10 -2 0 0 8474
5 8 31 2.58061 0.985282 1.24286 0.866074 11914
5 8 32 2 -2 0 0 9406
5 8 33 7 -2 0 0 9319
5 8 34 2.94709 0.436273 1.05339 0.960434 6964
5 8 35 3.94961 0.744858 0.666708 0.3342 14831
5 8 36 3.15493 -3 0 0 9479
5 8 37 5 -2 0 0 7439
5 8 38 5 -2 0 0 16326
5 8 39 2.70958 0.839198 0.654769 0.278941 13900
5 8 40 3.15493 -3 0 0 9258
5 8 41 4.95814 0.453351 0.460068 0.148702 11963
5 8 42 3.15493 -3 0 0 10115
5 8 43 2 9.63036 0.948624 0.985538 7828
5 8 44 5 -2 0 0 11867
5 8 45 2 9.70486 1.28888 1.0595 10649
5 8 46 3.22282 0.62112 0.449425 0.024941 8341
5 8 47 4.93419 0.661406 0.560621 0.693868 18487
5 8 48 5 -2 0 0 10744
5 8 49 2.64541 0.904657 0.393077 0.237229 8389
5 8 50 2 -2 0 0 11063
5 8 51 5 -2 0 0 10244
5 8 52 3.79733 0.331615 0.363884 0.031104 9272
5 8 53 5.22105 0.472924 0.599994 0.592245 13877
5 8 54 3.77173 0.322697 0.444527 0.00846896 11036
5 8 55 2.05847 9.33365 0.723187 0.99368 10923
5 8 56 2.87081 0.75195 0.35447 0.00870417 11994
5 8 57 4.76355 0.334244 0.436225 0.106615 11766
5 8 58 3.40883 0.547775 0.469481 0.246626 9963
5 8 59 2 -2 0 0 8459
5 8 60 3.15493 -3 0 0 13320
5 8 61 4.94948 0.660063 0.47711 1.08117 11208
5 8 62 3.40419 0.726893 0.425341 0.142822 10042
5 8 63 2.70521 0.73015 0.362555 0.00587195 11476
5 9 0 2.25479 7.30265 1.22167 0.401393 7294
5 9 1 5 -2 0 0 6385
5 9 2 3.85697 0.407419 0.489786 0.0312129 5748
5 9 3 2.09337 9.12928 0.545019 0.316278 3442
5 9 4 2 2.52384 1.3272 0.75593 1080
5 9 5 5.28166 0.405609 0.442374 0.364233 3513
5 9 6 3.76644 0.771159 0.45959 0.0670194 5479
5 9 7 6 -2 0 0 3162
5 9 8 2.82882 1.16613 0.594079 0.0770177 4633
5 9 9 5.02451 0.420626 0.582499 0.0273849 3944
5 9 10 7 -2 0 0 3409
5 9 11 2 -2 0 0 1751
5 9 12 5.34565 0.517856 0.413687 0.300547 1433
5 9 13 4.06262 0.381982 0.469399 0.0400755 3324
5 9 14 2 8.63474 1.37913 0.721773 6317
5 9 15 4.99181 0.349975 0.468786 0.356374 3473
5 9 16 4.32607 0.441453 0.51943 0.121708 3639
5 9 17 3.9786 0.370291 0.478371 0.0461176 4760
5 9 18 4.89093 0.361954 0.364599 0.207981 2685
5 9 19 4.18752 0.470098 0.438759 0.0188787 2801
5 9 20 6.55252 0.424781 0.374439 0.302742 671
5 9 21 5 -2 0 0 4454
5 9 22 5 -2 0 0 3685
5 9 23 3.59098 0.334227 0.942952 0.189518 1029
5 9 24 4.38576 0.452312 0.501753 0.112409 4993
5 9 25 2.17085 7.64323 1.09144 0.792207 2899
5 9 26 2.98324 0.999721 1.24025 0.0732279 5329
5 9 27 5 -2 0 0 2989
5 9 28 4.93152 0.427855 1.0553 0.35001 2901
5 9 29 6 -2 0 0 3151
5 9 30 5 -2 0 0 2740
5 9 31 6 -2 0 0 3328
5 9 32 6 -2 0 0 2794
5 9 33 3.84124 0.815293 0.332955 0.037573 880
5 9 34 4.82436 0.725527 0.570348 0.27019 5374
5 9 35 3.70843 -3 0 0 855
5 9 36 3.70843 -3 0 0 2429
5 9 37 7 -2 0 0 1701
5 9 38 4.45554 0.479845 0.350706 0.0918113 547
5 9 39 5 -2 0 0 3234
5 9 40 8 -2 0 0 880
5 9 41 6 -2 0 0 2895
5 9 42 3.67634 0.485899 0.321417 0.0383536 878
5 9 43 6 -2 0 0 4303
5 9 44 5 -2 0 0 2386
5 9 45 3.84856 0.777338 0.709484 0.161293 1048
5 9 46 5 -2 0 0 4489
5 9 47 5 -2 0 0 2470
5 9 48 9 -2 0 0 1727
5 9 49 3.70843 -3 0 0 2015
5 9 50 3.48009 1.09576 1.10672 0.357443 2362
5 9 51 7 -2 0 0 3248
5 9 52 5.39952 0.743474 0.486736 0.584442 3718
5 9 53 5.77399 0.517852 0.397176 0.249346 2303
5 9 54 2 1.37454 1.67718 0.853161 2567
5 9 55 7 -2 0 0 3633
5 9 56 2 9.40495 1.48544 0.860034 2569
5 9 57 7 -2 0 0 3416
5 9 58 4 -2 0 0 2372
5 9 59 6 -2 0 0 4724
5 9 60 2.77851 0.876335 0.361926 0.0878264 2811
5 9 61 7 -2 0 0 3982
5 9 62 2 0.891624 1.23426 0.820239 4134
5 9 63 4 -2 0 0 3460
5 10 0 2.64308 0.365696 0.845415 0.389754 13330
5 10 1 2 12.6726 1.12815 0.604383 14642
5 10 2 5 -2 0 0 15554
5 10 3 3.08558 0.561339 0.287466 0.109156 17272
5 10 4 5 -2 0 0 15772
5 10 5 3.28643 0.542154 0.325183 0.0873646 17371
5 10 6 2.71194 0.570152 0.303398 0.0851181 15127
5 10 7 2.67927 -3 0 0 23440
5 10 8 2.67927 -3 0 0 14334
5 10 9 4 -2 0 0 16294
5 10 10 2.67313 0.533945 0.423921 0.00920196 17217
5 10 11 2.99026 0.652264 0.596933 0.206765 14924
5 10 12 5 -2 0 0 15568
5 10 13 2.34555 0.973305 0.665207 0.567652 20557
5 10 14 3.41499 0.328399 0.382986 0.0559007 13461
5 10 15 3.44699 0.392427 0.304398 0.092055 15066
5 10 16 2.54915 0.900313 1.3011 0.506799 22794
5 10 17 2 -2 0 0 15858
5 10 18 2.63432 0.713862 0.743763 0.140615 17094
5 10 19 2.67927 -3 0 0 23287
5 10 20 4.12521 0.720556 0.177779 0.578519 2100
5 10 21 3.26669 0.692296 0.585151 0.36144 15113
5 10 22 5 -2 0 0 17741
5 10 23 2.05384 8.54516 1.1376 0.254299 10215
5 10 24 4 -2 0 0 15274
5 10 25 5 -2 0 0 24436
5 10 26 3.36077 0.311343 0.598691 0.0510272 15509
5 10 27 2.45995 0.872996 0.671037 0.248255 18630
5 10 28 2.77632 0.86033 0.89159 0.0722679 19440
5 10 29 2.78242 0.559623 0.668536 0.393881 14430
5 10 30 4.08346 0.489462 0.488469 0.185494 8568
5 10 31 2.67927 -3 0 0 25157
5 10 32 2.703 0.548744 1.05567 0.239105 19847
5 10 33 3.12651 0.650801 0.53021 0.304668 20400
5 10 34 3.46903 0.316694 0.866716 0.117742 14860
5 10 35 3.26239 0.548583 0.314896 0.101905 24922
5 10 36 2 1.5044 1.50321 0.620992 14268
5 10 37 3 -2 0 0 4675
5 10 38 3.13225 0.582946 0.532472 0.380468 23891
5 10 39 4 -2 0 0 21735
5 10 40 4 -2 0 0 16994
5 10 41 4 -2 0 0 19086
5 10 42 3.64332 0.479108 0.878838 0.27511 18020
5 10 43 2.50443 0.838577 0.715183 0.819571 15065
5 10 44 3.065 0.474489 1.29836 0.884074 21423
5 10 45 2.67927 -3 0 0 17311
5 10 46 3.34451 0.531053 0.346509 0.148965 14589
5 10 47 2 -2 0 0 27125
5 10 48 2.97083 0.312888 0.625817 0.25339 17560
5 10 49 3 -2 0 0 16205
5 10 50 2.17018 1.7179 1.19422 0.285894 20851
5 10 51 2.78871 0.600152 0.3712 0.0620669 17035
5 10 52 4 -2 0 0 17167
5 10 53 2.73557 0.625155 0.377523 0.0558434 23931
5 10 54 2 -2 0 0 19606
5 10 55 2 -2 0 0 16772
5 10 56 3.03934 0.611113 0.7263 0.35296 19531
5 10 57 6 -2 0 0 17795
5 10 58 2.42511 0.628382 0.375311 0.0756963 19437
5 10 59 3.38525 0.535662 0.576296 0.453545 16438
5 10 60 3 -2 0 0 21019
5 10 61 2 -2 0 0 17639
5 10 62 2 -2 0 0 15426
5 10 63 2 -2 0 0 17415
5 11 0 4.2355 0.607971 0.676751 0.549527 16991
5 11 1 2.07715 2.90482 0.771016 0.783748 15531
5 11 2 6 -2 0 0 13228
5 11 3 2 -2 0 0 8667
5 11 4 2 -2 0 0 8738
5 11 5 4.48091 0.291349 0.621406 0.165727 10000
5 11 6 2 -2 0 0 12419
5 11 7 3.15384 0.655765 0.411358 0.788166 7874
5 11 8 4.14457 0.590869 0.252879 0.333233 12971
5 11 9 2.46864 0.69179 0.967974 0.468319 8689
5 11 10 8 -2 0 0 8692
5 11 11 6 -2 0 0 12034
5 11 12 3.43706 -3 0 0 10261
5 11 13 4.13684 0.518064 0.32291 0.279478 7922
5 11 14 4.61394 0.335585 0.324497 0.121856 16061
5 11 15 5.27863 0.539154 0.154845 0.987224 6677
5 11 16 3.43706 -3 0 0 8391
5 11 17 5 -2 0 0 14198
5 11 18 2 -2 0 0 9969
5 11 19 3.82014 0.579118 0.260035 0.181231 8091
5 11 20 4 -2 0 0 9261
5 11 21 4.47684 0.644277 0.54613 0.669858 10324
5 11 22 3.56262 0.620696 0.681154 0.578222 7411
5 11 23 3.34288 0.720997 0.368698 0.467176 11121
5 11 24 3.35111 0.618041 0.307135 0.0987269 14568
5 11 25 3.43706 -3 0 0 7083
5 11 26 4.41997 0.512023 0.316698 0.201498 15859
5 11 27 2.73592 0.900691 0.387773 0.591468 8800
5 11 28 4 -2 0 0 7170
5 11 29 6 -2 0 0 13123
5 11 30 5 -2 0 0 7329
5 11 31 6 -2 0 0 7258
5 11 32 3.43706 -3 0 0 6979
5 11 33 4.93474 0.618608 0.177789 0.795004 7834
5 11 34 3.60488 0.556864 0.295862 0.0153469 15294
5 11 35 4.93507 0.417892 0.251867 0.161187 7147
5 11 36 5 -2 0 0 8394
5 11 37 3.43706 -3 0 0 9509
5 11 38 3.79025 0.564196 0.758105 0.574944 6910
5 11 39 3.43706 -3 0 0 8467
5 11 40 3.03756 0.29201 0.802641 0.675941 8796
5 11 41 3.43706 -3 0 0 6744
5 11 42 3.43706 -3 0 0 8506
5 11 43 3.23334 0.585373 0.435951 0.0786326 12545
5 11 44 4.12612 0.430272 0.584892 0.604482 7003
5 11 45 3.75807 0.544779 0.911285 0.338875 8416
5 11 46 6 -2 0 0 15494
5 11 47 3.43706 -3 0 0 6627
5 11 48 2 -2 0 0 8627
5 11 49 3.52855 0.704005 0.456965 0.578331 10291
5 11 50 5 -2 0 0 7479
5 11 51 4.0674 0.514129 0.547947 0.390281 10830
5 11 52 2.00001 11.3162 1.38925 0.88898 12366
5 11 53 2.61094 1.14137 0.727883 0.0748494 6461
5 11 54 2 -2 0 0 9431
5 11 55 3.37163 0.326382 0.358825 0.0715273 11435
5 11 56 3.48747 0.600366 0.371001 0.159089 9101
5 11 57 4.70451 0.420028 0.336763 0.265276 9804
5 11 58 3.30543 0.542757 0.338962 0.111098 9643
5 11 59 2.43318 0.927951 0.460184 0.194166 13819
5 11 60 3 -2 0 0 7295
5 11 61 3.42629 0.327534 0.439302 0.0830874 13342
5 11 62 5 -2 0 0 14761
5 11 63 5 -2 0 0 10210
5 12 0 4.03718 0.444481 0.376262 0.043427 10557
5 12 1 3.557 -3 0 0 15558
5 12 2 5 -2 0 0 15364
5 12 3 2.99792 0.791456 0.427872 0.340539 17257
5 12 4 3.42437 0.532261 0.513094 0.195347 12633
5 12 5 5 -2 0 0 14691
5 12 6 2.71311 0.655732 1.18885 0.931775 19173
5 12 7 3.19707 0.653994 0.446664 0.136706 20637
5 12 8 4 -2 0 0 15147
5 12 9 4.147 0.606663 0.851582 0.545864 18749
5 12 10 6 -2 0 0 21005
5 12 11 5 -2 0 0 11308
5 12 12 3.4374 0.409622 0.414805 0.10793 16447
5 12 13 3.61726 0.353755 0.514325 0.0588926 13865
5 12 14 3.22338 0.566197 0.336095 0.0153145 11904
5 12 15 6 -2 0 0 13320
5 12 16 6 -2 0 0 24507
5 12 17 2.71789 0.70343 0.401107 0.120988 12666
5 12 18 3.62141 0.534761 0.642166 0.127216 15195
5 12 19 2.82628 0.79106 0.699513 0.652805 18876
5 12 20 4 -2 0 0 13397
5 12 21 2.89266 0.694318 0.746976 0.464172 16359
5 12 22 3.69421 0.499742 0.560834 0.116927 17259
5 12 23 4.36382 0.40289 0.302969 0.155797 9818
5 12 24 4.40399 0.434614 0.439579 0.168915 12008
5 12 25 6 -2 0 0 17718
5 12 26 6 -2 0 0 13294
5 12 27 2.58809 0.942522 0.981829 0.610169 10505
5 12 28 3.20114 0.758623 0.48262 0.19337 14380
5 12 29 4 -2 0 0 12558
5 12 30 2.58761 1.22896 0.767334 0.742242 11176
5 12 31 6 -2 0 0 17521
5 12 32 6 -2 0 0 11921
5 12 33 6 -2 0 0 10582
5 12 34 3.557 -3 0 0 10392
5 12 35 6 -2 0 0 13338
5 12 36 5 -2 0 0 12549
5 12 37 3.94194 0.37055 0.396 0.0408736 11518
5 12 38 6 -2 0 0 14821
5 12 39 6 -2 0 0 11127
5 12 40 4 -2 0 0 12339
5 12 41 3.48291 0.728983 0.59276 0.568884 13746
5 12 42 6 -2 0 0 8671
5 12 43 3.24712 0.199602 0.722892 0.204086 8880
5 12 44 3.557 -3 0 0 12315
5 12 45 5.22677 0.346852 0.304934 0.305401 12962
5 12 46 3 -2 0 0 9802
5 12 47 5.10728 0.670393 0.156327 0.826518 2800
5 12 48 5 -2 0 0 11104
5 12 49 3.557 -3 0 0 9288
5 12 50 3.77345 0.272044 0.782741 0.214281 6324
5 12 51 3.82575 0.33773 0.409426 0.019082 9851
5 12 52 2.75985 0.657964 0.564783 0.109404 10073
5 12 53 5 -2 0 0 10593
5 12 54 4 -2 0 0 10971
5 12 55 5 -2 0 0 9295
5 12 56 2 -2 0 0 8108
5 12 57 2 -2 0 0 9972
5 12 58 5 -2 0 0 8932
5 12 59 2 10.1828 0.852844 0.191524 9040
5 12 60 3.557 -3 0 0 8494
5 12 61 3.28076 0.710341 0.691179 0.498851 8006
5 12 62 2.51934 0.480278 0.8422 0.534897 9651
5 12 63 4.1631 0.357433 0.421752 0.0359615 8698
5 13 0 3.08592 0.312906 0.944209 0.441397 7747
5 13 1 3.46185 -3 0 0 8161
5 13 2 3.80922 0.279374 0.476935 0.0399306 7445
5 13 3 3.46185 -3 0 0 6492
5 13 4 4.46864 0.574685 0.182855 0.358402 3624
5 13 5 4 -2 0 0 7889
5 13 6 3 -2 0 0 6689
5 13 7 4 -2 0 0 5075
5 13 8 4 -2 0 0 7049
5 13 9 3 -2 0 0 6396
5 13 10 3.46185 -3 0 0 5539
5 13 11 4.43111 0.326457 0.413855 0.0269286 8658
5 13 12 3.80434 0.854146 0.637873 0.577825 5717
5 13 13 3.46185 -3 0 0 1541
5 13 14 2.68957 0.983348 0.561658 0.380612 9992
5 13 15 3.46185 -3 0 0 6945
5 13 16 4 -2 0 0 5793
5 13 17 3.46185 -3 0 0 10048
5 13 18 6.29926 0.551377 0.316874 1.00277 6757
5 13 19 3.46185 -3 0 0 5021
5 13 20 3.46185 -3 0 0 560
5 13 21 6 -2 0 0 6705
5 13 22 5 -2 0 0 5195
5 13 23 3.46185 -3 0 0 566
5 13 24 2.16821 2.00323 1.01757 0.767837 8846
5 13 25 2.39549 0.70184 0.835881 0.488556 5711
5 13 26 3.54306 0.754779 0.63663 0.582897 12203
5 13 27 3.46185 -3 0 0 2763
5 13 28 3.46185 -3 0 0 2866
5 13 29 2.96626 0.417198 0.963528 0.645493 1239
5 13 30 9 -2 0 0 7187
5 13 31 3 -2 0 0 5490
5 13 32 3.10606 0.579295 0.343832 0.185038 5676
5 13 33 7 -2 0 0 3879
5 13 34 5.20452 0.354325 0.332352 0.231447 11542
5 13 35 4.66556 0.409347 0.244767 0.267164 5546
5 13 36 4 -2 0 0 4251
5 13 37 2 8.31241 0.266934 0.888514 429
5 13 38 3.37368 0.70698 0.636324 0.272916 6505
5 13 39 3.74375 0.584476 0.821439 0.759717 11328
5 13 40 3.3087 0.877861 0.302554 0.331354 1668
5 13 41 2 -2 0 0 5835
5 13 42 4.96005 0.446276 0.363847 0.322334 9152
5 13 43 3.46185 -3 0 0 922
5 13 44 5 -2 0 0 7085
5 13 45 3.50913 0.667189 0.333167 0.0998221 7238
5 13 46 4.7169 0.327781 0.375514 0.601129 13720
5 13 47 4.05111 0.692327 0.445822 0.349846 7240
5 13 48 3.82305 0.246349 0.685528 0.183661 4313
5 13 49 3.74934 0.310588 1.21508 0.459598 10912
5 13 50 4 -2 0 0 8149
5 13 51 3.32224 0.391994 0.487721 0.0459308 13909
5 13 52 4.50878 0.500734 0.780322 0.736278 12458
5 13 53 2 -2 0 0 8126
5 13 54 2 -2 0 0 8284
5 13 55 7 -2 0 0 12269
5 13 56 3.46185 -3 0 0 11589
5 13 57 3.46185 -3 0 0 12402
5 13 58 3.46185 -3 0 0 8407
5 13 59 2 -2 0 0 12850
5 13 60 3.64823 1.18723 0.546771 0.576249 9243
5 13 61 4.12039 0.433933 0.429429 0.165103 15157
5 13 62 2.81013 1.04108 0.619582 0.649173 16350
5 13 63 4 -2 0 0 9541
5 14 0 3.39615 0.823366 0.746587 0.291177 7167
5 14 1 7 -2 0 0 8210
5 14 2 2.65449 1.03023 0.553441 0.169264 9780
5 14 3 4 -2 0 0 3780
5 14 4 3.27862 -3 0 0 7871
5 14 5 4 -2 0 0 7514
5 14 6 4 -2 0 0 9687
5 14 7 4 -2 0 0 8188
5 14 8 2 -2 0 0 8282
5 14 9 5 -2 0 0 5898
5 14 10 4.21434 0.41707 0.357443 0.330578 12393
5 14 11 3.27511 0.356087 0.438491 0.0211206 5398
5 14 12 5 -2 0 0 6418
5 14 13 3 -2 0 0 8699
5 14 14 7 -2 0 0 7015
5 14 15 2.58449 1.27108 0.490781 0.156067 3588
5 14 16 5.17543 0.284063 0.460155 0.340616 12033
5 14 17 3.27862 -3 0 0 2679
5 14 18 5 -2 0 0 7873
5 14 19 4.05987 0.641159 0.521662 0.453206 10180
5 14 20 6 -2 0 0 6500
5 14 21 3.27862 -3 0 0 11698
5 14 22 4.32878 0.521226 0.326016 0.177815 10249
5 14 23 5 -2 0 0 6374
5 14 24 3.80542 0.696003 0.477739 0.0942719 5801
5 14 25 3.28101 0.386965 0.375754 0.049088 8650
5 14 26 2 10.6016 0.851097 0.517247 3301
5 14 27 6 -2 0 0 5525
5 14 28 3.11779 0.255741 0.851375 0.482363 7404
5 14 29 3.36499 0.468981 0.488115 0.0373862 6111
5 14 30 2.23139 1.20429 0.969579 0.772137 5573
5 14 31 2 1.78905 0.970019 0.852909 6667
5 14 32 2.70806 0.883611 0.413306 0.130952 6340
5 14 33 4 -2 0 0 5451
5 14 34 7 -2 0 0 6268
5 14 35 3.72699 0.439898 0.610781 0.436188 7031
5 14 36 3.04989 0.913189 0.377609 0.0537709 5193
5 14 37 3.37161 0.288419 0.945315 0.6345 5048
5 14 38 5 -2 0 0 6073
5 14 39 4 -2 0 0 4243
5 14 40 3.53084 0.330109 0.368576 0.0170686 5931
5 14 41 3.57712 0.666219 0.340372 0.321258 5563
5 14 42 4 -2 0 0 5097
5 14 43 2.59162 0.967887 0.416422 0.0276237 4657
5 14 44 5.37527 0.655284 0.286583 0.54323 5350
5 14 45 5 -2 0 0 4959
5 14 46 4.22771 0.312976 0.410716 0.0786736 4956
5 14 47 2 -2 0 0 5757
5 14 48 4 -2 0 0 4328
5 14 49 3.27862 -3 0 0 4270
5 14 50 2.79269 0.907953 0.383791 0.0228517 5245
5 14 51 6.57229 0.499274 0.183033 0.602673 2802
5 14 52 5 -2 0 0 3951
5 14 53 3.87447 0.410126 0.341008 0.00101248 5198
5 14 54 5.39767 0.965731 0.24392 0.889294 4771
5 14 55 3 -2 0 0 2956
5 14 56 2 -2 0 0 5607
5 14 57 4.94106 0.866117 0.474394 0.852133 4759
5 14 58 5.16078 0.669865 0.450507 0.455906 4344
5 14 59 3.74374 0.720249 0.36265 0.124867 5281
5 14 60 2.19891 1.97719 1.00967 0.762763 5184
5 14 61 5 -2 0 0 4422
5 14 62 2.95226 0.443182 0.917639 0.706686 4293
5 14 63 6 -2 0 0 4568
5 15 0 2.3261 1.53168 0.615197 0.138316 3961
5 15 1 2 12.1508 1.05021 0.663479 1968
5 15 2 3.73484 0.417919 0.43456 0.0227956 3677
5 15 3 6 -2 0 0 2738
5 15 4 2 1.55009 1.89169 0.872253 3108
5 15 5 7.04454 0.579742 0.229002 0.727555 2958
5 15 6 3.25655 0.433784 0.398223 0.0813952 1800
5 15 7 3.67834 -3 0 0 3011
5 15 8 9 -2 0 0 2718
5 15 9 4.03463 0.655066 0.311474 0.0626648 2630
5 15 10 2.06147 12.4982 1.3197 0.532076 2647
5 15 11 5.54244 0.439508 0.356805 0.325456 3162
5 15 12 4 -2 0 0 2624
5 15 13 3.67834 -3 0 0 2634
5 15 14 3.31689 0.935049 0.526226 0.0756566 3790
5 15 15 3.64687 0.513627 0.528919 0.0125438 2500
5 15 16 0 -10 0 0 0
5 15 17 6.48765 0.432051 0.422837 0.618896 3931
5 15 18 3.15126 0.358352 0.606947 0.092012 2626
5 15 19 4 -2 0 0 2937
5 15 20 4 -2 0 0 2739
5 15 21 6 -2 0 0 2724
5 15 22 3.89502 0.658483 0.520117 0.0980368 2929
5 15 23 4.13272 0.573824 0.307501 0.0821178 3313
5 15 24 6 -2 0 0 3886
5 15 25 5.88584 0.726239 0.395405 0.693954 2828
5 15 26 3.61146 0.535985 0.487798 0.0457765 3876
5 15 27 6 -2 0 0 2666
5 15 28 2 -2 0 0 3200
5 15 29 7 -2 0 0 3553
5 15 30 4.2021 0.630892 0.406622 0.161834 3399
5 15 31 7.29957 0.595272 0.450987 0.869875 2858
5 15 32 7 -2 0 0 2731
5 15 33 6 -2 0 0 3384
5 15 34 3.41597 0.422286 0.572323 0.140151 4914
5 15 35 2 8.48039 1.46864 0.300151 2199
5 15 36 3.58128 0.537126 0.61436 0.125069 2976
5 15 37 3.88743 0.341282 0.574216 0.096702 3637
5 15 38 3.71943 0.337625 0.633096 0.0220809 2607
5 15 39 4.41761 0.581303 0.500374 0.114185 4139
5 15 40 6 -2 0 0 3320
5 15 41 5.55604 0.730559 0.374057 0.406696 2707
5 15 42 2.50157 1.58681 1.3216 0.289276 3558
5 15 43 6 -2 0 0 4488
5 15 44 4 -2 0 0 1687
5 15 45 5.60887 0.361477 0.364983 0.453542 3785
5 15 46 4 -2 0 0 4563
5 15 47 6 -2 0 0 4329
5 15 48 4.65681 0.58029 0.293459 0.0621235 3490
5 15 49 3.34041 0.374187 0.701017 0.158148 4807
5 15 50 4 -2 0 0 3961
5 15 51 6 -2 0 0 6810
5 15 52 6 -2 0 0 4660
5 15 53 3.50854 0.412499 0.352713 0.0103325 2511
5 15 54 3.47525 0.317767 0.873021 0.495103 4634
5 15 55 4.20533 0.477177 0.489042 0.0194623 4516
5 15 56 4.03323 0.560729 0.557311 0.0977981 5903
5 15 57 6 -2 0 0 6208
5 15 58 3 -2 0 0 4666
5 15 59 2 -2 0 0 6127
5 15 60 2.61509 1.19088 0.492024 0.00960082 4193
5 15 61 4.41331 0.34138 0.608573 0.0940616 6232
5 15 62 3.52255 0.395205 0.483405 0.0258996 5307
5 15 63 2.14926 2.89254 0.441486 0.0737742 4235
6 0 0 2 -2 0 0 4219
6 0 1 3.65774 0.414821 0.274775 0.125153 2445
6 0 2 2.86837 0.295252 0.369212 0.0252481 12438
6 0 3 3.40214 -3 0 0 1455
6 0 4 3.75108 0.285974 0.414934 0.138394 6130
6 0 5 4.23877 0.605539 0.293786 0.347338 4682
6 0 6 2.23571 1.23958 0.988929 0.784642 3547
6 0 7 3.92319 0.780514 0.135446 0.153699 1510
6 0 8 3.91672 0.476751 0.458449 0.0532077 5601
6 0 9 5.63761 0.890641 0.591402 1.0766 1534
6 0 10 5 -2 0 0 1500
6 0 11 5 -2 0 0 8924
6 0 12 6 -2 0 0 1328
6 0 13 4 -2 0 0 3353
6 0 14 4.02653 0.647676 0.341902 0.0387194 5450
6 0 15 3.62186 0.413995 0.485505 0.0773618 2491
6 0 16 5 -2 0 0 10840
6 0 17 5 -2 0 0 13945
6 0 18 3.95691 0.767908 0.761989 0.799295 2420
6 0 19 7 -2 0 0 3071
6 0 20 3.40214 -3 0 0 2529
6 0 21 8 -2 0 0 2202
6 0 22 3.49986 0.46968 0.191965 0.132103 1229
6 0 23 7 -2 0 0 3884
6 0 24 3.40214 -3 0 0 6472
6 0 25 4.62482 0.822492 0.137222 0.287583 2129
6 0 26 4.64756 0.437485 0.505696 0.22679 6679
6 0 27 8 -2 0 0 1936
6 0 28 3.97025 0.814158 0.392819 0.327962 2759
6 0 29 8 -2 0 0 7746
6 0 30 3.52097 0.817955 0.433274 0.0249214 1948
6 0 31 3.40214 -3 0 0 12736
6 0 32 3.61365 0.921767 0.55829 0.520766 3204
6 0 33 4 -2 0 0 2462
6 0 34 3.40214 -3 0 0 18042
6 0 35 4.99109 0.669101 0.134565 0.0764606 3134
6 0 36 6 -2 0 0 2101
6 0 37 3.41569 0.353537 1.1128 0.472342 3247
6 0 38 2.51004 1.40915 0.810726 0.828718 7002
6 0 39 4.96364 0.508352 0.814912 0.599035 5598
6 0 40 2.49693 1.46057 1.57985 1.05448 2884
6 0 41 5 -2 0 0 3579
6 0 42 5.01385 0.821527 0.117091 0.199532 2460
6 0 43 3.26496 0.42569 0.860313 0.57282 7095
6 0 44 5 -2 0 0 6570
6 0 45 3.62877 0.674576 0.315282 0.0897335 3119
6 0 46 4.32615 0.448625 0.400925 0.00874312 5140
6 0 47 6 -2 0 0 8955
6 0 48 3.40214 -3 0 0 2430
6 0 49 4.06918 0.342858 0.436823 0.00581572 3676
6 0 50 3.76414 0.466107 0.81789 0.235934 3901
6 0 51 2 11.7574 0.917023 0.632287 12007
6 0 52 3.34713 0.69152 0.571707 0.50461 4353
6 0 53 3.23703 0.497384 0.363663 0.00628725 10327
6 0 54 3.01596 0.497351 1.07524 0.369854 4077
6 0 55 4.15814 0.605552 0.300371 0.142673 9229
6 0 56 3.40214 -3 0 0 5006
6 0 57 2 -2 0 0 12912
6 0 58 3 -2 0 0 4493
6 0 59 3.21015 0.54674 0.972546 0.0783872 6962
6 0 60 2 -2 0 0 16809
6 0 61 2 -2 0 0 9214
6 0 62 6 -2 0 0 11314
6 0 63 4 -2 0 0 7472
6 1 0 6 -2 0 0 8233
6 1 1 3.30763 0.470224 0.568253 0.02417 9063
6 1 2 3 -2 0 0 8129
6 1 3 3.93352 0.377079 1.31939 0.980638 4686
6 1 4 3 -2 0 0 1769
6 1 5 3 -2 0 0 13057
6 1 6 3.91454 0.992141 0.546821 0.273999 9256
6 1 7 9 -2 0 0 10074
6 1 8 7 -2 0 0 4224
6 1 9 7 -2 0 0 4339
6 1 10 2.60125 1.10948 1.28582 0.76172 10760
6 1 11 3.75263 0.573605 1.25636 0.390444 2744
6 1 12 6.03544 0.432701 0.369114 0.616407 5320
6 1 13 6 -2 0 0 7572
6 1 14 10 -2 0 0 7071
6 1 15 4.22778 0.611188 0.561843 0.0587739 6407
6 1 16 3.38336 0.499698 1.24261 0.601913 20307
6 1 17 5.61339 0.639765 0.298119 0.766872 4408
6 1 18 6.84995 0.49584 0.175848 0.415928 2702
6 1 19 3.44513 0.510785 1.08669 0.097015 7310
6 1 20 3.60597 -3 0 0 1781
6 1 21 4.46655 0.642575 0.529522 0.0762854 7470
6 1 22 4.54782 0.369512 1.40465 0.457016 7273
6 1 23 4.87175 0.464185 0.229799 0.109669 1722
6 1 24 3 -2 0 0 7167
6 1 25 4.05059 0.536247 0.449402 0.0590166 4314
6 1 26 4.80761 0.637465 0.511533 0.247354 6757
6 1 27 3.75014 0.851976 0.547827 0.358331 1711
6 1 28 7 -2 0 0 3186
6 1 29 4.35983 0.277614 0.875844 0.286306 2130
6 1 30 3.8655 0.571154 0.470514 0.0594851 1707
6 1 31 8 -2 0 0 5992
6 1 32 5.99012 0.35351 0.479373 0.768586 5836
6 1 33 4.16489 0.339096 0.553413 0.13753 2138
6 1 34 5 -2 0 0 3814
6 1 35 2 2.15795 1.62872 0.972192 11564
6 1 36 6.52038 0.461309 0.81457 0.658889 1789
6 1 37 6.08688 0.557041 0.123497 0.35727 1764
6 1 38 3.60597 -3 0 0 6533
6 1 39 7 -2 0 0 1407
6 1 40 4.09984 0.694802 0.791159 0.304838 1942
6 1 41 5 -2 0 0 8665
6 1 42 3.51538 0.342023 1.10021 0.539289 3336
6 1 43 3.36284 0.760661 1.50623 0.226733 2518
6 1 44 4.40535 0.481908 0.386331 0.0164568 4631
6 1 45 6 -2 0 0 3181
6 1 46 4.48511 0.432941 0.433578 0.0271987 4928
6 1 47 5.7064 0.47059 0.393892 0.227428 4549
6 1 48 3.36734 0.737155 0.656544 0.191428 4802
6 1 49 4.85979 0.558028 0.35482 0.0230364 2618
6 1 50 2 -2 0 0 10137
6 1 51 4.92729 0.53297 0.365251 0.241973 1677
6 1 52 6 -2 0 0 4125
6 1 53 3.60597 -3 0 0 1541
6 1 54 3.60597 -3 0 0 9864
6 1 55 2 9.41287 1.41125 0.653194 3123
6 1 56 4.28869 0.443982 0.473626 0.0765742 1716
6 1 57 3.32851 0.539326 1.02406 0.0825744 1829
6 1 58 3.36394 1.08613 0.528829 0.330108 12106
6 1 59 2.59765 1.73161 1.26842 0.774773 5220
6 1 60 2.77922 0.688382 0.468338 0.0136641 1230
6 1 61 6 -2 0 0 1751
6 1 62 3.60597 -3 0 0 3667
6 1 63 4.18247 0.895198 0.375665 0.405362 3208
6 2 0 4.34246 0.301227 0.590043 0.0764981 6004
6 2 1 4.79158 0.431288 0.227517 0.43846 3060
6 2 2 3 -2 0 0 9316
6 2 3 3.28598 0.795101 0.488222 0.496491 8862
6 2 4 8 -2 0 0 2810
6 2 5 7 -2 0 0 4989
6 2 6 3.61498 -3 0 0 3382
6 2 7 6 -2 0 0 5584
6 2 8 5 -2 0 0 10144
6 2 9 3.63738 0.673756 0.852292 0.621461 15765
6 2 10 4.35462 0.49275 0.330705 0.42276 14865
6 2 11 3 -2 0 0 17975
6 2 12 3.07987 0.700348 0.541632 0.266112 7000
6 2 13 5 -2 0 0 7275
6 2 14 3.61498 -3 0 0 12454
6 2 15 3.4548 0.542915 0.389225 0.0522316 11931
6 2 16 3.45854 0.461761 0.453204 0.0476974 5791
6 2 17 3.01338 0.73087 0.629783 0.229005 10057
6 2 18 3.63442 0.645278 0.801625 0.268164 3748
6 2 19 2 -2 0 0 5982
6 2 20 2.37741 2.19221 1.69964 0.773164 3948
6 2 21 3.61498 -3 0 0 16818
6 2 22 3.61498 -3 0 0 7206
6 2 23 3.61498 -3 0 0 17223
6 2 24 3.95761 0.612643 0.677929 0.150314 9913
6 2 25 5 -2 0 0 4737
6 2 26 3.61498 -3 0 0 12881
6 2 27 4.81917 0.413923 0.633023 0.122222 6853
6 2 28 4.32914 0.414283 0.373675 0.0415344 13342
6 2 29 5 -2 0 0 11286
6 2 30 3.61498 -3 0 0 3114
6 2 31 5 -2 0 0 13319
6 2 32 2.43525 1.25 1.53592 1.09648 6344
6 2 33 5 -2 0 0 7909
6 2 34 8 -2 0 0 12553
6 2 35 4.2101 0.442006 0.494895 0.15331 12517
6 2 36 6 -2 0 0 8593
6 2 37 3.18877 0.947294 0.65678 0.486852 10816
6 2 38 5 -2 0 0 12410
6 2 39 3 -2 0 0 15131
6 2 40 7 -2 0 0 16133
6 2 41 6 -2 0 0 6507
6 2 42 3.61498 -3 0 0 8851
6 2 43 5.39586 0.446437 0.859522 0.319011 9484
6 2 44 3.29342 0.611805 0.636072 0.257991 7430
6 2 45 4.8287 0.424345 0.478257 0.0978772 8235
6 2 46 7 -2 0 0 3678
6 2 47 3.61498 -3 0 0 11198
6 2 48 2.35825 1.19792 1.35615 0.166839 9673
6 2 49 7 -2 0 0 10232
6 2 50 4.40678 0.38812 0.384929 0.266195 7684
6 2 51 6 -2 0 0 15767
6 2 52 3.61498 -3 0 0 9136
6 2 53 3.36958 0.921301 0.725086 0.386963 7929
6 2 54 4.19384 0.442767 0.296118 0.0938722 15071
6 2 55 5 -2 0 0 18840
6 2 56 2 7.99453 1.41982 0.588549 15384
6 2 57 3.61498 -3 0 0 17819
6 2 58 3.38766 0.757395 0.515704 0.47562 15915
6 2 59 7 -2 0 0 9604
6 2 60 3.68076 0.291383 0.723444 0.0333867 10305
6 2 61 3.38407 0.805718 0.550712 0.32904 22463
6 2 62 3.05911 0.948231 1.07519 0.156629 19709
6 2 63 3.5 0.670659 0.84898 0.712144 9434
6 3 0 2.74906 0.896497 0.51181 0.0205057 13031
6 3 1 2 -2 0 0 12727
6 3 2 3.08349 -3 0 0 15983
6 3 3 3.63475 0.586605 0.423572 0.00752764 9887
6 3 4 7 -2 0 0 2944
6 3 5 3.08349 -3 0 0 9488
6 3 6 3.56417 0.442287 0.416269 0.00610916 20469
6 3 7 2 -2 0 0 21741
6 3 8 6 -2 0 0 7351
6 3 9 4 -2 0 0 20343
6 3 10 3.2757 0.64916 0.496662 0.0142844 9835
6 3 11 3.85907 0.615247 0.395251 0.127917 3476
6 3 12 4 -2 0 0 8958
6 3 13 3.06432 1.439 0.893273 0.774868 8804
6 3 14 2.87167 0.502133 0.776557 0.232885 15719
6 3 15 2.63877 0.519702 0.853768 0.411963 7558
6 3 16 2.76556 0.730062 0.514814 0.032488 21459
6 3 17 5.12692 0.658663 0.247315 0.659288 3831
6 3 18 6 -2 0 0 2645
6 3 19 4.01912 0.556158 0.668635 0.15184 10597
6 3 20 6 -2 0 0 7103
6 3 21 4.29111 0.408687 0.447831 0.279166 8823
6 3 22 2.15816 2.27987 0.943631 0.481995 9784
6 3 23 3.08349 -3 0 0 3183
6 3 24 5 -2 0 0 6999
6 3 25 3.08349 -3 0 0 22161
6 3 26 3.09163 0.516417 1.16338 0.167471 4997
6 3 27 5 -2 0 0 3166
6 3 28 4.04026 0.649422 0.873169 0.370224 16773
6 3 29 6 -2 0 0 3099
6 3 30 6 -2 0 0 2849
6 3 31 5 -2 0 0 10431
6 3 32 3.87029 0.862404 1.00996 0.714895 9576
6 3 33 3.08349 -3 0 0 4088
6 3 34 2 -2 0 0 3299
6 3 35 2.73738 1.1684 0.921271 0.514297 19445
6 3 36 5.74387 0.394698 0.292154 0.180905 5724
6 3 37 3.51041 0.565933 0.741916 0.269407 3512
6 3 38 3.41723 0.65946 0.804116 0.605359 10532
6 3 39 2.98217 0.456892 1.06266 0.380454 1769
6 3 40 3.16422 0.309952 0.983885 0.401662 18869
6 3 41 4 -2 0 0 8642
6 3 42 3.93408 0.521405 0.557693 0.106044 7819
6 3 43 3.72025 0.657461 0.600757 0.162931 9076
6 3 44 4 -2 0 0 9696
6 3 45 2.81011 0.713532 1.20864 0.793514 18015
6 3 46 2 -2 0 0 9337
6 3 47 6 -2 0 0 17941
6 3 48 2 -2 0 0 15094
6 3 49 3.08349 -3 0 0 5481
6 3 50 8 -2 0 0 7897
6 3 51 5 -2 0 0 7527
6 3 52 2.42747 1.48673 1.09964 0.856615 5795
6 3 53 2.2784 0.779755 0.886619 0.572867 17598
6 3 54 3.6289 0.544658 0.814317 0.406533 7220
6 3 55 4 -2 0 0 7746
6 3 56 5 -2 0 0 6776
6 3 57 3 -2 0 0 6109
6 3 58 6 -2 0 0 6643
6 3 59 2.95885 0.754847 0.596941 0.117369 10518
6 3 60 3.41908 0.379537 0.726943 0.185859 2733
6 3 61 3.85787 0.891444 1.00905 0.761789 13010
6 3 62 2.62358 0.881846 0.550717 0.116457 7401
6 3 63 3.53413 0.683475 0.254677 0.214106 3597
6 4 0 5 -2 0 0 20440
6 4 1 4.80477 0.425274 0.576731 0.114494 18346
6 4 2 6 -2 0 0 15859
6 4 3 4.41769 0.533766 0.4492 0.122107 4281
6 4 4 7 -2 0 0 8215
6 4 5 6.19741 0.513292 0.291419 0.690024 4646
6 4 6 5 -2 0 0 15820
6 4 7 3.90371 -3 0 0 9632
6 4 8 3.97419 0.4132 0.544716 0.0397753 7052
6 4 9 4.19997 0.563684 0.299079 0.195179 1970
6 4 10 6 -2 0 0 5300
6 4 11 5.40096 0.41198 0.407746 0.0339211 9364
6 4 12 3.9325 0.922183 0.423829 0.276445 2856
6 4 13 4.6849 0.403364 0.416789 0.0072926 4859
6 4 14 4.39678 0.440295 0.39705 0.00438333 7622
6 4 15 4.17759 0.404196 0.524162 0.0511197 5218
6 4 16 2.83183 1.55014 0.834536 0.156584 7247
6 4 17 3.90371 -3 0 0 4045
6 4 18 3.78361 0.537334 0.367457 0.0367082 10774
6 4 19 2.2322 7.32789 1.3595 0.648082 3988
6 4 20 5.28421 0.413156 0.39068 0.171093 8210
6 4 21 3.61658 0.893726 0.74458 0.389038 5240
6 4 22 6 -2 0 0 9915
6 4 23 2.42357 1.78562 1.26325 0.591127 7705
6 4 24 2.83641 0.706808 1.11519 0.65981 6652
6 4 25 6.25231 0.792686 0.378744 0.776825 7795
6 4 26 6.22425 0.443942 0.380769 0.489085 4684
6 4 27 4 -2 0 0 4237
6 4 28 4.8601 0.579999 0.349654 0.24218 5190
6 4 29 3.73967 0.330769 1.03407 0.478367 2077
6 4 30 3.90371 -3 0 0 7571
6 4 31 4 -2 0 0 3190
6 4 32 5.00856 0.454386 0.32738 0.0366707 4865
6 4 33 2.87618 1.21858 0.963449 0.337451 4261
6 4 34 5.21044 0.797832 0.169345 0.665464 2385
6 4 35 4.92395 0.519676 0.401338 0.119849 6520
6 4 36 3.90371 -3 0 0 5932
6 4 37 7 -2 0 0 3756
6 4 38 2 -2 0 0 7086
6 4 39 9 -2 0 0 8368
6 4 40 2.75482 1.21226 1.48006 0.309112 10627
6 4 41 6 -2 0 0 7982
6 4 42 7 -2 0 0 5291
6 4 43 3.14621 1.27614 1.08604 0.0680994 2880
6 4 44 5 -2 0 0 4959
6 4 45 4.12465 0.494835 0.550219 0.0811083 4620
6 4 46 8 -2 0 0 2147
6 4 47 6 -2 0 0 3635
6 4 48 12 -2 0 0 4952
6 4 49 3 -2 0 0 3536
6 4 50 3.86555 0.592293 0.527222 0.0560016 3690
6 4 51 4.98162 0.50026 0.552089 0.0842246 6100
6 4 52 7 -2 0 0 2874
6 4 53 2 -2 0 0 3763
6 4 54 3.75194 1.0602 0.515641 0.363614 4322
6 4 55 3.90371 -3 0 0 3533
6 4 56 2 2.86848 2.18459 0.957939 4980
6 4 57 5 -2 0 0 5407
6 4 58 3.43865 0.878483 1.05431 0.22354 4325
6 4 59 4.15109 0.734529 0.365752 0.0300964 2299
6 4 60 3.18139 1.02333 0.553286 0.232825 4001
6 4 61 3 -2 0 0 5179
6 4 62 3.63958 0.954562 1.04257 0.40067 4253
6 4 63 3.24982 0.878844 0.613657 0.104914 3831
6 5 0 2.74954 0.887271 0.770053 0.401048 6791
6 5 1 3.00915 0.739717 0.462104 0.14926 7894
6 5 2 2.79862 0.439141 0.956045 0.285634 8447
6 5 3 2.8361 0.465735 0.623886 0.31898 8406
6 5 4 5 -2 0 0 5911
6 5 5 2 -2 0 0 9254
6 5 6 6 -2 0 0 8206
6 5 7 2 -2 0 0 17945
6 5 8 3.72698 0.292801 0.402736 0.0361417 6935
6 5 9 4 -2 0 0 8970
6 5 10 3 -2 0 0 16903
6 5 11 3.28769 -3 0 0 17950
6 5 12 2 -2 0 0 7934
6 5 13 3.95391 0.529721 0.805952 0.953955 19238
6 5 14 3.27372 0.356247 0.826417 0.330315 3185
6 5 15 4.21577 0.445893 0.376214 0.347315 6893
6 5 16 3.21032 0.422651 0.626805 0.0504539 16676
6 5 17 2.35284 1.25789 0.608266 1.06001 3630
6 5 18 3.2215 0.517042 0.38567 0.0240186 18860
6 5 19 5 -2 0 0 20779
6 5 20 2.43294 0.834821 0.57405 0.119614 16069
6 5 21 3.21149 0.423325 1.20329 0.668779 11183
6 5 22 5.33645 0.381259 0.619193 1.05382 8976
6 5 23 4.51907 0.581677 0.485086 0.56306 17910
6 5 24 4.05164 0.525646 0.423656 0.140781 5559
6 5 25 4 -2 0 0 21709
6 5 26 4.14633 0.299261 0.479181 0.069216 3665
6 5 27 3 -2 0 0 3620
6 5 28 3.22165 0.546016 0.267188 0.0710191 20229
6 5 29 3.28769 -3 0 0 17816
6 5 30 6 -2 0 0 14187
6 5 31 3.09334 0.249549 0.801795 0.666693 22135
6 5 32 4.12124 0.576222 0.705259 0.509172 9176
6 5 33 5 -2 0 0 3282
6 5 34 4.82933 0.200068 0.1 0.0545064 2704
6 5 35 2.95727 0.722888 0.584013 0.388316 26051
6 5 36 4.07971 0.44727 0.366825 0.0342347 7309
6 5 37 5 -2 0 0 14421
6 5 38 3.54794 0.438036 0.378699 0.0497029 11437
6 5 39 2.89799 0.526003 0.631196 0.345364 29069
6 5 40 7 -2 0 0 20197
6 5 41 4 -2 0 0 8720
6 5 42 3.28769 -3 0 0 1959
6 5 43 2.04435 8.50643 1.66222 0.877907 5665
6 5 44 3.29231 0.663208 0.378216 0.0952432 6918
6 5 45 5 -2 0 0 3940
6 5 46 2 9.53651 1.85986 0.29709 3494
6 5 47 4 -2 0 0 29725
6 5 48 6 -2 0 0 21398
6 5 49 5 -2 0 0 2591
6 5 50 3.28769 -3 0 0 5578
6 5 51 4.35716 0.510778 0.391265 0.248405 27792
6 5 52 3.26627 0.354468 0.829516 0.100872 7026
6 5 53 4 -2 0 0 28252
6 5 54 2 1.30048 1.11655 1.09325 2261
6 5 55 3.22635 0.711224 0.428165 0.14742 21358
6 5 56 6 -2 0 0 26698
6 5 57 3.22578 0.78892 0.622572 0.470655 7506
6 5 58 4.26341 0.180894 0.1 0.0320599 3678
6 5 59 3.28769 -3 0 0 22786
6 5 60 4.6664 0.32517 0.348327 0.4391 29225
6 5 61 2.6351 0.725054 1.12318 0.19841 10971
6 5 62 3.39722 0.717684 0.389368 0.171733 6722
6 5 63 2 11.1462 1.22281 0.856703 3317
6 6 0 3.6762 0.717422 1.24336 0.371111 6088
6 6 1 4.28357 0.3242 0.815371 0.0834535 7294
6 6 2 2 9.27552 1.02718 0.0933141 6109
6 6 3 2.58123 0.774989 0.464926 0.0114387 4773
6 6 4 2 9.0537 1.08486 0.249116 4515
6 6 5 3.32959 0.371017 0.467523 0.0335977 4752
6 6 6 3.30195 1.1987 0.654333 0.209798 6200
6 6 7 3.79939 0.378889 0.65008 0.164174 2870
6 6 8 4 -2 0 0 5213
6 6 9 6 -2 0 0 5031
6 6 10 7 -2 0 0 3822
6 6 11 3.00553 0.752914 0.4603 0.0620831 4116
6 6 12 2.75795 1.24602 0.515445 0.126757 4250
6 6 13 6.84939 0.694775 0.25474 0.844096 3188
6 6 14 4.19568 0.406157 0.459615 0.125182 5824
6 6 15 6.22605 0.714113 0.366112 0.761722 4204
6 6 16 7 -2 0 0 4433
6 6 17 4.13269 0.370706 0.426828 0.037874 4500
6 6 18 5 -2 0 0 3190
6 6 19 3.29069 0.938087 0.400762 0.0931004 5700
6 6 20 3 -2 0 0 4051
6 6 21 3.82477 0.410862 0.481771 0.00945361 3506
6 6 22 2 -2 0 0 6713
6 6 23 3.66989 0.685339 0.423306 0.0106638 4191
6 6 24 3.69117 0.700272 0.315446 0.0183626 5617
6 6 25 3.42123 0.476975 0.511026 0.0531912 5560
6 6 26 3.31861 0.375175 0.561937 0.0141012 5161
6 6 27 2 6.68473 1.57969 0.999474 3272
6 6 28 3.78144 0.4639 0.356818 0.0371864 3302
6 6 29 4 -2 0 0 7271
6 6 30 6.51419 0.602603 0.3526 0.512073 2888
6 6 31 4 -2 0 0 3222
6 6 32 3.26073 0.648391 1.19664 0.443493 5309
6 6 33 2.03613 12.9216 0.385989 0.0624126 3255
6 6 34 3.43277 0.948448 0.480436 0.148347 8252
6 6 35 3.5926 0.785754 0.410605 0.130484 4747
6 6 36 2.99627 0.997234 0.351005 0.0722684 5519
6 6 37 2.93392 0.845002 0.320642 0.070251 3705
6 6 38 3 -2 0 0 2525
6 6 39 3.2899 0.549126 0.373438 0.0220217 2719
6 6 40 5.71134 1.0612 0.374207 0.674247 3552
6 6 41 2 1.94689 1.8115 0.82039 2398
6 6 42 2 -2 0 0 3024
6 6 43 4 -2 0 0 4125
6 6 44 5.18174 0.418311 0.42973 0.472196 2743
6 6 45 3.46011 0.673842 0.355654 0.018717 4706
6 6 46 4.13411 0.342827 0.35259 0.132809 7620
6 6 47 3.62504 0.514354 0.332469 0.0453222 2403
6 6 48 2 -2 0 0 2339
6 6 49 2.46874 0.965916 0.964217 0.155945 3371
6 6 50 3.06442 0.336172 0.482485 0.0502785 2479
6 6 51 2.66512 1.89567 0.526837 0.335366 5749
6 6 52 3.56836 0.587645 0.369012 0.0409014 3518
6 6 53 2.45482 1.30269 0.674634 0.40722 2161
6 6 54 4.63969 0.477463 0.166236 0.121247 3108
6 6 55 5.82813 0.918231 0.261386 0.56573 3401
6 6 56 3.22079 0.674454 0.372467 0.0309628 2792
6 6 57 4 -2 0 0 5289
6 6 58 6.59249 0.504469 0.291108 0.643032 2675
6 6 59 2.99313 0.439518 0.481424 0.00887853 3721
6 6 60 2 2.42669 0.639056 0.386421 4878
6 6 61 5 -2 0 0 3755
6 6 62 2 7.99977 2.0141 0.902015 3568
6 6 63 3 -2 0 0 2704
6 7 0 5 -2 0 0 5671
6 7 1 3.24174 -3 0 0 5100
6 7 2 4 -2 0 0 5854
6 7 3 6 -2 0 0 5883
6 7 4 5 -2 0 0 3053
6 7 5 3.55832 0.634992 0.299537 0.0322468 3273
6 7 6 2.84058 0.4776 0.432621 0.0101953 5291
6 7 7 2.05546 11.6741 1.35655 0.597793 6455
6 7 8 2.98583 0.455206 0.982239 0.351835 3545
6 7 9 4 -2 0 0 5813
6 7 10 5 -2 0 0 5715
6 7 11 2 1.92714 0.843241 0.872176 3633
6 7 12 3.24174 -3 0 0 6058
6 7 13 8 -2 0 0 6582
6 7 14 3.24174 -3 0 0 5696
6 7 15 4.48056 0.487541 0.376928 0.0355335 3848
6 7 16 3.84592 0.278721 0.693323 0.117755 5932
6 7 17 3.57928 0.612577 0.508911 0.056609 4045
6 7 18 5.78227 1.39986 0.690215 0.876092 3503
6 7 19 4.83481 0.520611 0.489477 0.0670828 4497
6 7 20 5 -2 0 0 3367
6 7 21 2 -2 0 0 5814
6 7 22 3.24174 -3 0 0 5852
6 7 23 5 -2 0 0 7248
6 7 24 2 -2 0 0 3407
6 7 25 3.26082 0.859542 0.501415 0.0876581 5274
6 7 26 4.57193 0.540065 0.77112 0.205934 3736
6 7 27 9 -2 0 0 7568
6 7 28 6.47227 0.546341 0.264746 0.717306 4190
6 7 29 3.24174 -3 0 0 4059
6 7 30 4.00036 0.442537 0.437612 0.0465556 3847
6 7 31 2.75281 0.515377 0.555147 0.921452 4880
6 7 32 4.25987 0.461869 0.379015 0.0741151 7504
6 7 33 2 10.5543 0.987528 0.983329 3870
6 7 34 7 -2 0 0 4660
6 7 35 2.71788 0.324398 0.684948 0.256195 10589
6 7 36 5.33451 0.498782 0.338723 0.358796 2957
6 7 37 8 -2 0 0 2778
6 7 38 3.36234 0.372037 0.446679 0.00375461 11621
6 7 39 5 -2 0 0 12159
6 7 40 3.24174 -3 0 0 2242
6 7 41 2 -2 0 0 8718
6 7 42 3 -2 0 0 2712
6 7 43 9 -2 0 0 4201
6 7 44 2.99565 0.385528 0.58795 0.0636011 6252
6 7 45 2.90491 0.907947 1.41246 1.03544 9306
6 7 46 3.84439 0.433821 0.433531 0.0251884 5213
6 7 47 5 -2 0 0 13660
6 7 48 2.79756 0.772494 0.661844 0.0151484 4038
6 7 49 6 -2 0 0 4188
6 7 50 3.42349 0.296065 0.4972 0.0172976 10676
6 7 51 4.40874 0.77991 0.839773 0.322869 5762
6 7 52 3.24174 -3 0 0 3684
6 7 53 4.3392 0.322195 0.4231 0.114639 8844
6 7 54 2.85319 0.770401 0.413471 0.0156361 10785
6 7 55 2.40154 1.19414 0.466352 0.157388 4845
6 7 56 6 -2 0 0 6214
6 7 57 2.39218 1.17618 1.10466 0.170969 6442
6 7 58 3 -2 0 0 6036
6 7 59 4.98513 0.40935 0.401309 0.0735943 5396
6 7 60 2.57036 0.992996 0.559589 0.0272656 7501
6 7 61 2 1.36227 1.2653 0.661638 5696
6 7 62 5 -2 0 0 5983
6 7 63 7 -2 0 0 5836
6 8 0 4.04867 1.41631 0.200373 0.0699478 1662
6 8 1 3.86491 0.375167 0.41713 0.0754216 8756
6 8 2 4.09268 0.572185 0.464349 0.185804 9228
6 8 3 3.70183 0.320667 0.31495 0.0801442 11084
6 8 4 4.09704 0.463034 0.228713 0.136785 9688
6 8 5 3.17012 -3 0 0 9644
6 8 6 3.71956 0.304344 0.324805 0.139226 9750
6 8 7 5.08285 0.474419 0.448596 0.39164 12712
6 8 8 4.6198 0.279258 0.262435 0.985039 9432
6 8 9 3.17012 -3 0 0 10926
6 8 10 3.64247 0.811623 0.695903 0.965119 11441
6 8 11 3.20343 0.561306 0.698419 0.299143 10167
6 8 12 2 -2 0 0 10267
6 8 13 3.17012 -3 0 0 13622
6 8 14 3.17012 -3 0 0 9298
6 8 15 3.17012 -3 0 0 12129
6 8 16 3.27083 0.680785 0.383383 0.0993255 9416
6 8 17 3.17012 -3 0 0 9616
6 8 18 6 -2 0 0 11662
6 8 19 3.22958 1.11006 0.698054 0.790558 14036
6 8 20 3.17012 -3 0 0 12801
6 8 21 2 -2 0 0 4983
6 8 22 7 -2 0 0 4734
6 8 23 4.065 0.337037 0.287539 0.129728 1184
6 8 24 3.50184 0.40392 0.247429 0.0661525 9142
6 8 25 3.17012 -3 0 0 14931
6 8 26 3.6586 0.660459 1.08161 0.674148 9008
6 8 27 3.04784 1.18703 1.12146 0.380696 2535
6 8 28 5 -2 0 0 14530
6 8 29 8 -2 0 0 11177
6 8 30 5 -2 0 0 1346
6 8 31 3.97943 0.62973 0.394303 0.285256 4283
6 8 32 4.56876 0.446081 0.520177 0.148005 15820
6 8 33 4.15459 0.426844 0.145791 0.316792 1369
6 8 34 5.20756 0.460437 0.32478 0.311979 10804
6 8 35 8 -2 0 0 20019
6 8 36 3.17012 -3 0 0 14959
6 8 37 3.17012 -3 0 0 1346
6 8 38 3.8568 0.581527 0.481171 0.173475 8256
6 8 39 2.01476 11.7229 1.44025 1.0795 16923
6 8 40 3.17012 -3 0 0 1306
6 8 41 3.61275 0.472455 0.594196 0.250771 17058
6 8 42 4.38015 0.205961 0.709971 0.657049 1426
6 8 43 6 -2 0 0 1622
6 8 44 2.99422 0.804462 0.411368 0.157756 19186
6 8 45 5 -2 0 0 16166
6 8 46 5 -2 0 0 1522
6 8 47 2.37436 1.09147 0.89286 0.600734 25557
6 8 48 2.89723 0.785378 0.856251 0.0561263 1504
6 8 49 3.6236 0.684689 0.53804 0.30789 1786
6 8 50 5 -2 0 0 1933
6 8 51 3.14113 0.621353 1.2378 0.906694 16439
6 8 52 3.17012 -3 0 0 1752
6 8 53 2.41992 0.636963 0.889501 1.01043 21021
6 8 54 4.54091 0.593014 0.353223 0.404915 14983
6 8 55 6 -2 0 0 4147
6 8 56 3.17012 -3 0 0 17956
6 8 57 6 -2 0 0 17043
6 8 58 4 -2 0 0 3757
6 8 59 5.28942 0.525175 0.185268 0.252405 1917
6 8 60 3 -2 0 0 19500
6 8 61 2.39901 1.31046 1.50382 0.917301 2978
6 8 62 7 -2 0 0 3620
6 8 63 3.27756 0.658396 0.801716 0.441703 3229
6 9 0 0 -10 0 0 0
6 9 1 0 -10 0 0 0
6 9 2 0 -10 0 0 0
6 9 3 0 -10 0 0 0
6 9 4 0 -10 0 0 0
6 9 5 0 -10 0 0 0
6 9 6 0 -10 0 0 0
6 9 7 0 -10 0 0 0
6 9 8 0 -10 0 0 0
6 9 9 0 -10 0 0 0
6 9 10 0 -10 0 0 0
6 9 11 0 -10 0 0 0
6 9 12 0 -10 0 0 0
6 9 13 0 -10 0 0 0
6 9 14 0 -10 0 0 0
6 9 15 0 -10 0 0 0
6 9 16 0 -10 0 0 0
6 9 17 0 -10 0 0 0
6 9 18 0 -10 0 0 0
6 9 19 0 -10 0 0 0
6 9 20 0 -10 0 0 0
6 9 21 0 -10 0 0 0
6 9 22 0 -10 0 0 0
6 9 23 0 -10 0 0 0
6 9 24 0 -10 0 0 0
6 9 25 0 -10 0 0 0
6 9 26 0 -10 0 0 0
6 9 27 0 -10 0 0 0
6 9 28 0 -10 0 0 0
6 9 29 0 -10 0 0 0
6 9 30 0 -10 0 0 0
6 9 31 0 -10 0 0 0
6 9 32 0 -10 0 0 0
6 9 33 0 -10 0 0 0
6 9 34 0 -10 0 0 0
6 9 35 0 -10 0 0 0
6 9 36 0 -10 0 0 0
6 9 37 0 -10 0 0 0
6 9 38 0 -10 0 0 0
6 9 39 0 -10 0 0 0
6 9 40 0 -10 0 0 0
6 9 41 0 -10 0 0 0
6 9 42 0 -10 0 0 0
6 9 43 0 -10 0 0 0
6 9 44 0 -10 0 0 0
6 9 45 0 -10 0 0 0
6 9 46 0 -10 0 0 0
6 9 47 0 -10 0 0 0
6 9 48 0 -10 0 0 0
6 9 49 0 -10 0 0 0
6 9 50 0 -10 0 0 0
6 9 51 0 -10 0 0 0
6 9 52 0 -10 0 0 0
6 9 53 0 -10 0 0 0
6 9 54 0 -10 0 0 0
6 9 55 0 -10 0 0 0
6 9 56 0 -10 0 0 0
6 9 57 0 -10 0 0 0
6 9 58 0 -10 0 0 0
6 9 59 0 -10 0 0 0
6 9 60 0 -10 0 0 0
6 9 61 0 -10 0 0 0
6 9 62 0 -10 0 0 0
6 9 63 0 -10 0 0 0
6 10 0 4 -2 0 0 15160
6 10 1 4.34375 0.430254 0.5215 0.101127 4410
6 10 2 3 -2 0 0 17243
6 10 3 5 -2 0 0 19109
6 10 4 3.10266 0.630118 0.472522 0.272491 7405
6 10 5 3.45359 0.380385 0.395419 0.0661436 9069
6 10 6 2.78252 0.471066 0.3645 0.0222108 17812
6 10 7 2 9.1523 0.9687 0.867048 25268
6 10 8 4 -2 0 0 6988
6 10 9 2.95294 0.594532 0.509205 0.224831 17749
6 10 10 2 -2 0 0 20839
6 10 11 3.05144 -3 0 0 8142
6 10 12 3.49551 0.488719 0.337356 0.0454725 18430
6 10 13 3.99938 0.329632 0.341039 0.0386904 22060
6 10 14 2.06549 9.448 1.33658 1.06376 16246
6 10 15 3.05144 -3 0 0 18921
6 10 16 5 -2 0 0 23564
6 10 17 3.03407 0.477646 1.22331 0.15347 7814
6 10 18 3.47961 0.319735 0.370453 0.145938 19463
6 10 19 3.25421 0.446373 1.35809 1.09815 13579
6 10 20 3 -2 0 0 18772
6 10 21 4.25008 0.441338 0.377523 0.336385 16498
6 10 22 6 -2 0 0 20203
6 10 23 2.70751 0.743266 0.865176 0.255094 16512
6 10 24 3 -2 0 0 9564
6 10 25 5 -2 0 0 25938
6 10 26 4.15436 0.429703 0.563564 0.0974748 3656
6 10 27 3.03003 0.57035 0.500282 0.239377 21283
6 10 28 3.4636 0.300518 0.520517 0.157385 22338
6 10 29 3.41851 0.551729 0.385303 0.323129 8951
6 10 30 5 -2 0 0 1785
6 10 31 2 -2 0 0 27677
6 10 32 3.53535 0.599396 0.455882 0.5033 22785
6 10 33 4.03568 0.441305 0.842514 0.410231 21610
6 10 34 2 -2 0 0 16800
6 10 35 3.05144 -3 0 0 26183
6 10 36 4 -2 0 0 19348
6 10 37 2.45966 1.00275 1.20289 1.07127 18842
6 10 38 6 -2 0 0 26706
6 10 39 2.8999 0.854194 1.54865 0.138362 23008
6 10 40 3.05144 -3 0 0 3876
6 10 41 3.54087 0.487783 0.436018 0.518098 12026
6 10 42 2.11416 9.50088 1.77339 0.178424 19243
6 10 43 3.21458 0.264273 0.742947 0.150524 18207
6 10 44 3.03451 0.576422 0.973856 0.0941201 24646
6 10 45 3.20774 0.57383 0.71719 0.197643 21631
6 10 46 3.2662 0.768779 1.80055 0.662849 4545
6 10 47 4.2777 0.400799 0.364138 0.023023 29891
6 10 48 4.09743 0.457747 0.538269 0.0678476 5469
6 10 49 3.4939 0.484895 0.841339 0.0728438 6137
6 10 50 4 -2 0 0 23722
6 10 51 2.34667 1.30592 1.5092 0.424286 19967
6 10 52 2.9331 0.370771 1.02184 0.741011 18113
6 10 53 3.68765 0.590597 0.576814 0.552251 24802
6 10 54 5 -2 0 0 23354
6 10 55 3.39846 0.491971 0.488312 0.715129 18014
6 10 56 2.5888 0.68228 0.71265 0.567795 18933
6 10 57 6 -2 0 0 20463
6 10 58 3 -2 0 0 10803
6 10 59 5 -2 0 0 4083
6 10 60 3.05144 -3 0 0 24253
6 10 61 2 9.34625 0.579459 0.0608567 20301
6 10 62 2 -2 0 0 16692
6 10 63 4 -2 0 0 19801
6 11 0 6 -2 0 0 14685
6 11 1 4 -2 0 0 12891
6 11 2 4 -2 0 0 11468
6 11 3 2.51316 1.09054 1.18151 0.987978 7381
6 11 4 6 -2 0 0 3514
6 11 5 2 10.6283 1.36995 0.295005 5145
6 11 6 2 0.96972 1.08532 0.853212 10186
6 11 7 4 -2 0 0 2565
6 11 8 7.61541 0.432038 0.406374 0.769665 8583
6 11 9 3.34954 1.20736 0.591257 0.322321 7786
6 11 10 5 -2 0 0 7260
6 11 11 8 -2 0 0 4619
6 11 12 6 -2 0 0 8373
6 11 13 3.60217 0.570692 0.609909 0.048335 2270
6 11 14 3.54116 1.13681 1.26726 0.482762 13291
6 11 15 5 -2 0 0 7476
6 11 16 3.75542 0.322083 0.583096 0.021023 5908
6 11 17 4.10055 0.696472 0.74169 0.161696 8935
6 11 18 4 -2 0 0 8082
6 11 19 8 -2 0 0 6102
6 11 20 4.19359 0.624142 0.513092 0.104967 4728
6 11 21 5 -2 0 0 8831
6 11 22 8 -2 0 0 3565
6 11 23 3.54209 -3 0 0 1846
6 11 24 4.36681 0.507014 0.533767 0.165862 4682
6 11 25 4.41681 0.479 0.377876 0.0368094 2731
6 11 26 3.54209 -3 0 0 1894
6 11 27 4.2138 0.618298 0.459905 0.148556 2268
6 11 28 3.06614 0.393836 0.903116 0.0652729 3108
6 11 29 7 -2 0 0 1446
6 11 30 5.46966 0.857813 0.384692 0.766484 1278
6 11 31 9 -2 0 0 2812
6 11 32 2.80687 1.17283 1.36367 0.12532 3103
6 11 33 3.93292 0.670587 0.467803 0.0362254 7356
6 11 34 7 -2 0 0 12420
6 11 35 3.54209 -3 0 0 723
6 11 36 3.55743 0.370103 0.840888 0.0877365 1097
6 11 37 4.04199 0.364791 0.873529 0.190848 1414
6 11 38 7 -2 0 0 3540
6 11 39 3.53537 0.503155 1.26714 0.24421 1154
6 11 40 3.52399 1.19243 0.596192 0.312264 1793
6 11 41 3.54209 -3 0 0 5966
6 11 42 4.89109 0.740273 0.120493 0.0969315 1249
6 11 43 7.37773 0.128959 0.1 1.00482 1759
6 11 44 4.23674 1.10745 0.247002 0.244511 411
6 11 45 3.54209 -3 0 0 751
6 11 46 3.00879 1.405 1.30888 0.747873 3932
6 11 47 4.07393 0.370645 0.520963 0.0131295 3152
6 11 48 3.21314 1.00937 0.649234 0.15547 1002
6 11 49 3.68951 0.348439 1.06329 0.12933 1368
6 11 50 6.00851 0.423054 0.616994 0.1019 516
6 11 51 8 -2 0 0 2645
6 11 52 5.42967 0.66503 0.109062 0.354166 1594
6 11 53 3.69567 0.504839 0.374824 0.0382417 1803
6 11 54 3.54209 -3 0 0 4318
6 11 55 4.0268 0.879282 2.1021 0.672858 3700
6 11 56 3.54209 -3 0 0 1315
6 11 57 8 -2 0 0 1587
6 11 58 3.54209 -3 0 0 1275
6 11 59 8 -2 0 0 14192
6 11 60 2.46544 11.9719 1.02299 0.417368 1405
6 11 61 4.91504 0.746727 0.303823 0.256617 2472
6 11 62 4 -2 0 0 4875
6 11 63 2.20855 1.0379 0.761394 0.0665836 10177
6 12 0 7 -2 0 0 17744
6 12 1 3.07111 0.439457 1.16182 0.862808 19158
6 12 2 2 -2 0 0 18740
6 12 3 2.60381 0.883323 1.09737 0.177372 10276
6 12 4 4 -2 0 0 2406
6 12 5 3.42018 0.377456 1.28156 0.836788 6502
6 12 6 4 -2 0 0 18993
6 12 7 3.48832 0.269979 0.87538 0.47204 23292
6 12 8 2.81352 0.774079 0.902292 0.674186 16305
6 12 9 3.68256 0.564251 0.421783 0.168236 22159
6 12 10 4.1078 0.521996 0.326175 0.219691 24419
6 12 11 5.80456 0.397041 0.336436 0.817236 4885
6 12 12 4.48155 0.431135 0.473922 0.255827 9267
6 12 13 3.84069 0.674514 0.719269 0.283847 12161
6 12 14 3.82863 -3 0 0 7385
6 12 15 7 -2 0 0 8671
6 12 16 3.82863 -3 0 0 24664
6 12 17 3.31418 0.960998 1.19807 0.505872 4721
6 12 18 3.82863 -3 0 0 13999
6 12 19 4.03606 0.311109 0.533397 0.0444501 11290
6 12 20 3.54072 0.338637 1.2939 0.974086 1689
6 12 21 4.24339 0.461126 0.691613 0.147053 19624
6 12 22 6 -2 0 0 9448
6 12 23 3.47193 0.654883 0.717279 0.250587 2232
6 12 24 4.33344 0.423251 0.356169 0.12004 12543
6 12 25 5 -2 0 0 21633
6 12 26 4 -2 0 0 15051
6 12 27 2 -2 0 0 15162
6 12 28 4.91137 0.314377 0.351998 0.135799 17504
6 12 29 5 -2 0 0 13452
6 12 30 3.82863 -3 0 0 1777
6 12 31 6 -2 0 0 16744
6 12 32 3.82863 -3 0 0 7985
6 12 33 8 -2 0 0 16684
6 12 34 3.82863 -3 0 0 6501
6 12 35 5.22816 0.419604 0.723426 0.406391 16420
6 12 36 5 -2 0 0 1510
6 12 37 5.50322 0.377454 0.472996 0.359663 1471
6 12 38 5 -2 0 0 14866
6 12 39 4.14682 0.516696 0.666475 0.134433 11684
6 12 40 4.52838 0.330295 0.757074 0.193739 1768
6 12 41 7 -2 0 0 14498
6 12 42 7 -2 0 0 2150
6 12 43 6 -2 0 0 6011
6 12 44 3.82863 -3 0 0 9047
6 12 45 4.69984 0.576224 0.631532 0.206591 8066
6 12 46 4.80064 0.611759 0.546684 0.569233 6587
6 12 47 4.81239 0.471328 0.434946 0.260192 15605
6 12 48 5.10757 0.544707 0.378154 0.977048 14567
6 12 49 3.82863 -3 0 0 6579
6 12 50 3.82863 -3 0 0 13891
6 12 51 5.06841 0.344106 0.449448 0.149985 5793
6 12 52 3.82863 -3 0 0 5477
6 12 53 3.82863 -3 0 0 12511
6 12 54 3.80513 0.252817 0.424579 0.0213261 12589
6 12 55 6 -2 0 0 5401
6 12 56 5 -2 0 0 5252
6 12 57 6 -2 0 0 11102
6 12 58 6 -2 0 0 4462
6 12 59 6 -2 0 0 6277
6 12 60 5.30769 0.538468 0.435706 1.01056 12211
6 12 61 2.12744 7.45846 1.18294 1.03779 10487
6 12 62 6 -2 0 0 6688
6 12 63 3.53353 0.288614 1.16599 1.0328 5850
6 13 0 4 -2 0 0 7169
6 13 1 2.91941 0.558157 0.791073 0.198721 5660
6 13 2 6 -2 0 0 8721
6 13 3 3.43271 0.850283 0.54172 0.0576573 2401
6 13 4 3.59652 0.361537 0.65299 0.0675974 1925
6 13 5 3.29815 0.941078 0.456314 0.20116 2749
6 13 6 2.17505 7.7336 1.30763 1.06516 4744
6 13 7 4.62729 0.416753 0.125193 0.157761 1178
6 13 8 3.74054 0.361638 0.958872 0.0555875 5019
6 13 9 6 -2 0 0 4360
6 13 10 7 -2 0 0 3515
6 13 11 4.98958 0.512514 0.400979 0.219897 1552
6 13 12 6 -2 0 0 3115
6 13 13 3.50182 0.327788 0.423913 0.106384 2912
6 13 14 4.20738 0.295261 0.414782 0.217043 12041
6 13 15 6 -2 0 0 2628
6 13 16 4.32202 0.367252 0.370735 0.106347 3618
6 13 17 3.29041 0.839524 0.745347 0.417533 4579
6 13 18 2.00347 6.50622 0.485869 0.561712 1552
6 13 19 3.62432 0.647588 0.527139 0.234616 3314
6 13 20 2 2.50284 1.64279 0.933083 5171
6 13 21 6 -2 0 0 4650
6 13 22 3.71755 0.757207 0.591008 0.276935 6969
6 13 23 2.93987 -3 0 0 1702
6 13 24 2.70766 0.961601 0.360277 0.043399 4876
6 13 25 2.93987 -3 0 0 6601
6 13 26 5.76979 0.385498 0.82303 0.362069 6643
6 13 27 4.95672 0.634805 0.216426 0.247662 1231
6 13 28 4.34306 0.548693 0.421426 0.292815 3493
6 13 29 7 -2 0 0 4101
6 13 30 4.16736 0.417752 1.312 0.514199 2783
6 13 31 2 -2 0 0 5543
6 13 32 2.93987 -3 0 0 1871
6 13 33 5.35803 0.454008 0.430663 0.363397 3851
6 13 34 6 -2 0 0 6904
6 13 35 2.93987 -3 0 0 2366
6 13 36 2.93987 -3 0 0 5610
6 13 37 5.5913 0.352444 0.556677 0.275794 4106
6 13 38 4 -2 0 0 7905
6 13 39 3.94382 0.63841 0.408196 0.233519 11218
6 13 40 4.27334 0.438214 0.439351 0.0218885 5157
6 13 41 5 -2 0 0 8069
6 13 42 5 -2 0 0 10447
6 13 43 6 -2 0 0 6640
6 13 44 5 -2 0 0 7624
6 13 45 4 -2 0 0 9221
6 13 46 3.53042 0.491122 0.577493 0.0271764 7231
6 13 47 3.24924 0.91628 0.831917 0.756026 4754
6 13 48 2 -2 0 0 6702
6 13 49 2.93987 -3 0 0 11388
6 13 50 3.39242 0.955404 0.747861 0.402305 8756
6 13 51 2.93987 -3 0 0 16595
6 13 52 4.82173 0.566004 0.47913 0.495013 7035
6 13 53 2.93987 -3 0 0 9303
6 13 54 2.93987 -3 0 0 10782
6 13 55 2.25396 2.48667 0.76488 0.625799 15657
6 13 56 3.27982 0.733298 0.493123 0.1424 12380
6 13 57 6 -2 0 0 14151
6 13 58 2.67469 0.648784 0.344431 0.0253767 7754
6 13 59 5.28794 0.59058 0.310376 0.878724 16584
6 13 60 2.93987 -3 0 0 10280
6 13 61 2.24718 0.712904 0.750252 0.497598 19124
6 13 62 2 8.15708 0.75484 0.43513 16976
6 13 63 2 -2 0 0 10606
6 14 0 6 -2 0 0 11766
6 14 1 3.11604 -3 0 0 6180
6 14 2 4 -2 0 0 6809
6 14 3 4 -2 0 0 7880
6 14 4 3.86327 0.714009 0.263767 0.077923 10561
6 14 5 5 -2 0 0 11155
6 14 6 4 -2 0 0 13794
6 14 7 3.20508 0.288538 0.386147 0.00863065 14682
6 14 8 6 -2 0 0 5805
6 14 9 4.73356 0.281261 0.402754 0.896499 14419
6 14 10 3.49663 0.290755 0.989032 0.0914165 14096
6 14 11 5 -2 0 0 5757
6 14 12 2 -2 0 0 7210
6 14 13 6 -2 0 0 11242
6 14 14 2 -2 0 0 6335
6 14 15 3.11604 -3 0 0 10351
6 14 16 2 -2 0 0 11069
6 14 17 3.34627 0.286874 0.3103 0.0166754 8405
6 14 18 3.06594 0.933249 0.433952 0.118652 10921
6 14 19 4 -2 0 0 12054
6 14 20 5 -2 0 0 4332
6 14 21 4.69908 0.456347 0.352994 0.160722 13827
6 14 22 5 -2 0 0 8666
6 14 23 7 -2 0 0 2396
6 14 24 4 -2 0 0 10315
6 14 25 3.11604 -3 0 0 11060
6 14 26 6.72354 0.468507 0.330225 0.653417 8690
6 14 27 3.11604 -3 0 0 5902
6 14 28 3.11604 -3 0 0 9785
6 14 29 4.32217 0.757114 0.659766 0.450129 3691
6 14 30 6 -2 0 0 6424
6 14 31 2 11.1128 0.782714 0.634745 9843
6 14 32 4 -2 0 0 4739
6 14 33 4.24697 0.512143 0.33905 0.11706 4992
6 14 34 3.11604 -3 0 0 7793
6 14 35 3.11604 -3 0 0 5331
6 14 36 4.14995 0.375535 0.308958 0.137244 4736
6 14 37 2.06245 8.69308 0.596197 0.970339 1160
6 14 38 2 9.40347 1.50227 1.06957 8289
6 14 39 4.01157 0.516997 0.36903 0.0666539 6600
6 14 40 9 -2 0 0 3753
6 14 41 3.58182 0.733019 0.484813 0.219148 7843
6 14 42 3.50224 0.580037 0.320817 0.252893 6924
6 14 43 7 -2 0 0 3751
6 14 44 4.44992 0.683 0.333951 0.353023 6605
6 14 45 6 -2 0 0 3990
6 14 46 2.76788 0.908467 0.560281 0.0949497 3916
6 14 47 0 -10 0 0 0
6 14 48 3.87056 0.235719 0.749221 0.421056 6996
6 14 49 2.41006 1.431 1.47504 0.939763 3171
6 14 50 5.07887 0.516426 0.183045 0.690606 6660
6 14 51 2.42264 0.934208 1.04737 0.850493 2055
6 14 52 3 -2 0 0 2602
6 14 53 3 -2 0 0 7063
6 14 54 2.96865 0.324325 0.575082 0.0558038 3911
6 14 55 3.47077 0.387896 0.413851 0.114827 3124
6 14 56 3.11604 -3 0 0 7292
6 14 57 2.02052 12.1942 0.905739 0.690303 6453
6 14 58 2.97534 0.700014 0.27741 0.0108353 6074
6 14 59 3 -2 0 0 3740
6 14 60 3.54612 0.366811 0.448632 0.0605919 4716
6 14 61 3 -2 0 0 6057
6 14 62 2.00001 12.4471 0.38316 0.0682091 6562
6 14 63 5.50103 0.43577 0.298208 0.891477 6169
6 15 0 2.9368 0.846223 0.704437 0.0107082 2710
6 15 1 5.23511 0.378298 0.436784 0.349737 1795
6 15 2 2 2.89706 0.974944 0.25332 2552
6 15 3 5 -2 0 0 1885
6 15 4 5.05779 0.375458 0.346065 0.177323 4391
6 15 5 4.16585 0.911223 0.143626 0.196343 2173
6 15 6 4.49703 0.925309 0.157604 0.174186 996
6 15 7 5 -2 0 0 1666
6 15 8 9 -2 0 0 2401
6 15 9 5.44003 0.624133 0.38913 0.173572 2218
6 15 10 3 -2 0 0 1777
6 15 11 6.07075 0.936897 0.283864 0.708612 4904
6 15 12 2.87742 1.32089 0.44335 0.029895 1743
6 15 13 2 1.72402 1.30105 0.79091 4038
6 15 14 5 -2 0 0 2641
6 15 15 5.15131 0.490912 0.257597 0.208719 4189
6 15 16 5 -2 0 0 826
6 15 17 4 -2 0 0 5068
6 15 18 6.58454 0.66532 0.229676 0.390905 1951
6 15 19 5.19854 0.731812 0.163224 0.0683396 803
6 15 20 4.00386 0.534877 0.543467 0.0445265 1176
6 15 21 6 -2 0 0 1741
6 15 22 3.99945 0.43301 0.281554 0.229796 3761
6 15 23 5 -2 0 0 2927
6 15 24 2.7977 1.28616 0.465778 0.211107 5122
6 15 25 2 12.7145 1.28358 0.475477 1804
6 15 26 6 -2 0 0 3290
6 15 27 3.49949 -3 0 0 2296
6 15 28 5 -2 0 0 2368
6 15 29 5.14516 0.98787 0.215166 0.533627 5483
6 15 30 5.18282 0.746149 0.474106 0.204627 1361
6 15 31 6 -2 0 0 1548
6 15 32 3.49949 -3 0 0 1962
6 15 33 2.78226 1.19344 0.72777 0.195987 3791
6 15 34 3.27148 0.335918 0.613389 0.024761 3247
6 15 35 2.98689 0.464217 0.872981 0.322412 4342
6 15 36 4.60342 0.460174 0.417187 0.034261 1284
6 15 37 3.66461 0.538463 0.788617 0.0947615 5398
6 15 38 4.40263 0.602351 0.438666 0.0169156 1679
6 15 39 8 -2 0 0 1569
6 15 40 8 -2 0 0 1122
6 15 41 3.42934 0.320439 0.861804 0.398759 2251
6 15 42 2.89339 1.09223 0.337839 0.0677187 3459
6 15 43 3.49079 0.421943 1.0967 0.165552 3179
6 15 44 3.42738 0.351049 0.929022 0.329875 4745
6 15 45 4.9227 1.07373 0.425071 0.562928 4540
6 15 46 3.4822 0.925553 0.371046 0.102505 6730
6 15 47 2 -2 0 0 2786
6 15 48 4.53638 0.596292 0.316426 0.151542 1596
6 15 49 4.58269 0.527128 0.331299 0.212727 4660
6 15 50 8 -2 0 0 5138
6 15 51 3.49949 -3 0 0 4835
6 15 52 5.99263 0.719115 0.387749 0.697972 3573
6 15 53 3.76935 0.398515 0.391246 0.0176735 5119
6 15 54 4.49602 0.789653 0.280186 0.155767 3369
6 15 55 2.9236 1.53669 0.532571 0.13616 3617
6 15 56 4.1831 0.441654 0.380263 0.0470583 4445
6 15 57 4.36551 0.435338 0.428162 0.0538573 4345
6 15 58 3.49949 -3 0 0 3952
6 15 59 3.23658 0.921845 0.239146 0.0538877 4570
6 15 60 4 -2 0 0 3086
6 15 61 2 10.9417 0.711763 0.169434 5297
6 15 62 3.79245 0.413052 0.474682 0.00623882 5186
6 15 63 2.61272 0.702181 0.414146 0.0193652 4070
7 0 0 5 -2 0 0 11126
7 0 1 2.56515 0.861902 1.05241 0.722461 10154
7 0 2 4 -2 0 0 9699
7 0 3 3.98658 0.52016 0.485643 0.255616 8798
7 0 4 3.73415 -3 0 0 1290
7 0 5 3.20522 0.594493 0.385551 0.272545 7894
7 0 6 3.73415 -3 0 0 9799
7 0 7 5 -2 0 0 9007
7 0 8 6 -2 0 0 9458
7 0 9 3.64109 0.633573 0.478533 0.404678 8237
7 0 10 3.73415 -3 0 0 7983
7 0 11 4.94717 0.447642 0.436529 0.502325 10217
7 0 12 5 -2 0 0 8976
7 0 13 4 -2 0 0 8927
7 0 14 4.22755 0.374837 0.391255 0.0674457 11589
7 0 15 3.44467 0.701468 0.418833 0.460277 9372
7 0 16 3.52515 0.269164 1.21375 0.609878 7798
7 0 17 3.663 0.627165 0.53625 0.603444 5674
7 0 18 5.29179 0.420246 0.601882 0.507018 5955
7 0 19 3.87853 0.492968 0.518298 0.168838 9476
7 0 20 4.90062 0.494788 0.384798 0.199437 2752
7 0 21 3.98812 0.406862 0.369416 0.396279 8939
7 0 22 3.18978 0.395663 0.665622 0.725488 8473
7 0 23 3.73415 -3 0 0 13550
7 0 24 5 -2 0 0 10513
7 0 25 4.11709 0.429473 0.307822 0.069839 10851
7 0 26 7 -2 0 0 13573
7 0 27 6 -2 0 0 10090
7 0 28 4.24697 0.353899 0.371269 0.0529919 9998
7 0 29 6 -2 0 0 5207
7 0 30 4.24669 0.47844 0.352045 0.11993 900
7 0 31 5 -2 0 0 10480
7 0 32 4.38549 0.537183 0.510493 0.497451 10003
7 0 33 4.69749 0.333973 0.356383 0.20268 6994
7 0 34 3.00011 0.960569 1.01527 0.670105 14457
7 0 35 3.66439 0.556901 0.762868 0.302635 10761
7 0 36 6.19312 0.429678 0.276559 0.548635 2690
7 0 37 3.73415 -3 0 0 10738
7 0 38 9 -2 0 0 11532
7 0 39 4.54601 0.373793 0.542929 0.272621 16061
7 0 40 3.06229 0.370581 1.04752 0.251814 1425
7 0 41 5.09951 0.307487 0.321464 0.131067 10349
7 0 42 9 -2 0 0 4215
7 0 43 3.12886 0.324024 0.770157 0.783379 14080
7 0 44 3.73415 -3 0 0 12318
7 0 45 3.82826 0.828267 0.959316 0.985871 11793
7 0 46 3.92947 0.411928 0.482263 0.332964 17089
7 0 47 3.92226 0.308946 0.479664 0.0285635 13691
7 0 48 7 -2 0 0 8635
7 0 49 6 -2 0 0 14015
7 0 50 3.58657 0.526023 1.03433 0.664758 12615
7 0 51 4.37197 0.415289 0.354234 0.0345484 19119
7 0 52 3 -2 0 0 15369
7 0 53 2 -2 0 0 14009
7 0 54 3.73415 -3 0 0 5255
7 0 55 5 -2 0 0 17699
7 0 56 3.92823 0.754317 0.742506 0.697209 17321
7 0 57 4.60733 0.430826 0.48809 0.185663 17616
7 0 58 3.26378 0.616579 0.407919 0.143184 14979
7 0 59 7 -2 0 0 16234
7 0 60 4.2481 0.508443 0.258087 0.0588615 6675
7 0 61 4 -2 0 0 18622
7 0 62 3.76334 0.629289 0.65402 0.719156 16512
7 0 63 3.14372 1.00657 0.685664 0.979701 15130
7 1 0 4 -2 0 0 18301
7 1 1 3.61904 0.490528 0.465142 0.0404799 16861
7 1 2 3.46805 0.31417 0.502131 0.154531 18446
7 1 3 5 -2 0 0 13177
7 1 4 2.80116 0.48177 0.719826 0.305096 13390
7 1 5 4.92881 0.438857 0.406677 0.353419 15359
7 1 6 5 -2 0 0 17579
7 1 7 3.41886 -3 0 0 16693
7 1 8 4 -2 0 0 15175
7 1 9 6 -2 0 0 3910
7 1 10 3.41886 -3 0 0 2945
7 1 11 3.43994 0.635425 0.707941 0.672077 14283
7 1 12 6 -2 0 0 4367
7 1 13 3.32819 0.606317 0.678451 0.309504 12437
7 1 14 4.42103 0.416783 0.505268 0.262086 16204
7 1 15 3.41886 -3 0 0 11208
7 1 16 3.41886 -3 0 0 5989
7 1 17 3.41886 -3 0 0 14030
7 1 18 3.41886 -3 0 0 3092
7 1 19 3.59523 0.562372 0.566544 0.340727 14710
7 1 20 2 -2 0 0 12688
7 1 21 3.53854 0.581872 0.673485 0.643716 19080
7 1 22 4.49425 0.444375 0.385287 0.033881 8257
7 1 23 2 -2 0 0 12373
7 1 24 2.0445 8.05967 0.928743 1.02991 14888
7 1 25 4.88499 0.607571 0.464738 0.83955 13860
7 1 26 6 -2 0 0 15365
7 1 27 3.6894 0.767672 0.629014 0.712249 11618
7 1 28 4.22839 0.399946 0.820324 0.788595 11917
7 1 29 6 -2 0 0 12910
7 1 30 4.4516 0.477143 0.804386 0.731517 11312
7 1 31 3.77418 0.579864 0.62235 0.624792 11792
7 1 32 2 -2 0 0 11602
7 1 33 4.38718 0.353924 0.349547 0.0782838 10520
7 1 34 6 -2 0 0 14651
7 1 35 3.41886 -3 0 0 11153
7 1 36 4.40986 0.242026 0.794818 0.509843 10880
7 1 37 3.41886 -3 0 0 12335
7 1 38 3.41886 -3 0 0 10037
7 1 39 3.86485 0.569584 0.758209 0.641099 9132
7 1 40 3.95183 0.557747 0.468912 0.635829 11379
7 1 41 3.56391 0.495327 0.703981 0.51567 9572
7 1 42 5 -2 0 0 9799
7 1 43 3.41886 -3 0 0 11750
7 1 44 3.71013 0.384749 0.366856 0.00805503 9293
7 1 45 4 -2 0 0 10122
7 1 46 3.73391 0.428375 0.496674 0.0779971 14147
7 1 47 8 -2 0 0 9577
7 1 48 3.21606 0.567129 0.523997 0.097248 10456
7 1 49 5.18957 0.357798 0.405089 0.511316 10463
7 1 50 2 -2 0 0 8280
7 1 51 2.48963 0.753342 0.812514 0.389577 9668
7 1 52 4.24846 0.600152 0.632719 0.695326 9912
7 1 53 3.41886 -3 0 0 7984
7 1 54 3.77654 0.319166 0.356929 0.0112213 9300
7 1 55 4.46752 0.520153 1.15273 0.943058 9012
7 1 56 3.41886 -3 0 0 8999
7 1 57 2 -2 0 0 10145
7 1 58 3.36049 0.563967 0.719683 0.349657 9640
7 1 59 6 -2 0 0 466
7 1 60 3.41886 -3 0 0 9577
7 1 61 3.41886 -3 0 0 10582
7 1 62 2 12.2277 1.15656 0.615681 4068
7 1 63 3.12076 0.659394 0.67604 0.880052 9591
7 2 0 3 -2 0 0 20605
7 2 1 3.2688 0.428324 0.348347 0.0588303 18491
7 2 2 4 -2 0 0 17787
7 2 3 3 -2 0 0 13554
7 2 4 3.26563 0.40384 0.285595 0.0309326 15569
7 2 5 2 -2 0 0 16148
7 2 6 4 -2 0 0 17123
7 2 7 6 -2 0 0 12787
7 2 8 2 -2 0 0 18063
7 2 9 3 -2 0 0 15547
7 2 10 2.11581 2.87474 1.28289 0.789702 13655
7 2 11 2 8.47122 1.19178 1.05211 16751
7 2 12 2 8.49716 1.56926 0.300308 15692
7 2 13 2.93723 -3 0 0 12246
7 2 14 2.00003 12.0854 1.05135 0.583151 20393
7 2 15 2.61597 0.722868 0.569519 0.38823 13490
7 2 16 3.52624 0.380154 0.388643 0.00480461 12763
7 2 17 3.55253 0.616296 0.774838 0.673601 18827
7 2 18 3.86555 0.507658 0.36842 0.398117 14354
7 2 19 3.60278 0.558497 0.526126 0.438214 14304
7 2 20 2.9329 0.723328 0.648376 0.876483 15952
7 2 21 2.93723 -3 0 0 16876
7 2 22 3.95909 0.529673 0.403227 0.468076 12540
7 2 23 3.65006 0.592718 0.349268 0.599302 14759
7 2 24 2.76568 0.578782 0.361426 0.0854909 19252
7 2 25 3.66073 7.14322 1.88714 0.175515 11998
7 2 26 3.55715 0.573596 0.566726 0.307369 20816
7 2 27 3.87909 0.507666 0.431572 0.141275 5060
7 2 28 3.91749 0.414013 0.410131 0.0958998 13398
7 2 29 5 -2 0 0 17146
7 2 30 4.28579 0.398266 0.261788 0.125828 15512
7 2 31 2.87092 0.424698 1.0783 0.469958 13525
7 2 32 4 -2 0 0 12838
7 2 33 2.85081 0.710428 0.56989 0.899356 14657
7 2 34 2 -2 0 0 12555
7 2 35 2.96454 0.55172 0.361715 0.169656 12361
7 2 36 4 -2 0 0 8975
7 2 37 3.00571 0.890359 0.842369 0.74888 6244
7 2 38 2.93723 -3 0 0 11465
7 2 39 7 -2 0 0 14222
7 2 40 3.58683 0.533734 0.471418 0.135493 15996
7 2 41 4 -2 0 0 11587
7 2 42 5 -2 0 0 13670
7 2 43 4.18764 0.464118 0.711066 0.201856 10590
7 2 44 2.84204 0.640392 1.30183 0.68695 12349
7 2 45 3.59999 0.490964 0.315835 0.014321 12576
7 2 46 5.07325 0.428656 0.622259 0.612931 21203
7 2 47 3.48193 0.504534 0.777053 0.274467 12295
7 2 48 2.91944 0.479079 1.16491 0.58741 14621
7 2 49 6 -2 0 0 16468
7 2 50 6 -2 0 0 12974
7 2 51 5 -2 0 0 19154
7 2 52 3.28632 0.550818 0.316606 0.0967413 20521
7 2 53 3.67636 0.537912 0.515435 0.261917 12632
7 2 54 2.93723 -3 0 0 14376
7 2 55 5 -2 0 0 18074
7 2 56 3.24389 0.496649 0.334464 0.131251 17268
7 2 57 4.01212 0.54098 0.714061 0.477376 18157
7 2 58 5 -2 0 0 14747
7 2 59 4 -2 0 0 20746
7 2 60 2.65321 0.681496 1.21839 0.5658 13775
7 2 61 3.68488 0.470059 0.385835 0.0241748 22237
7 2 62 2.93723 -3 0 0 19054
7 2 63 3.07189 0.596525 0.473889 0.0702577 16269
7 3 0 3.26423 0.546777 0.860422 0.0619892 22133
7 3 1 3.43799 0.483826 0.530902 0.180932 20933
7 3 2 3.09511 -3 0 0 21067
7 3 3 3 -2 0 0 20680
7 3 4 2.95164 0.813807 1.5689 0.231868 5047
7 3 5 2 -2 0 0 20520
7 3 6 2.27459 0.960609 1.10531 0.473278 20964
7 3 7 2 11.5091 0.849629 0.836345 23808
7 3 8 3.09511 -3 0 0 14813
7 3 9 5 -2 0 0 22357
7 3 10 3.48805 0.675511 0.758289 0.673397 23187
7 3 11 4.05482 0.391565 0.327348 0.0209968 21356
7 3 12 4 -2 0 0 20032
7 3 13 4 -2 0 0 20137
7 3 14 3.04579 0.560239 0.761737 0.247454 21036
7 3 15 4 -2 0 0 20691
7 3 16 5 -2 0 0 26422
7 3 17 3.09511 -3 0 0 19674
7 3 18 3.09511 -3 0 0 4191
7 3 19 2.20896 7.48422 1.75358 0.45183 24737
7 3 20 3.60087 0.255728 0.31083 0.06253 5658
7 3 21 3.31203 0.854018 0.985089 0.8224 23209
7 3 22 3.60174 0.499464 0.64474 0.157343 22188
7 3 23 3.47901 0.706475 1.2175 0.472446 2955
7 3 24 6 -2 0 0 18933
7 3 25 4 -2 0 0 22895
7 3 26 3.1559 0.583829 0.582511 0.630054 20123
7 3 27 3.48835 0.36283 0.492039 0.169607 5181
7 3 28 3.68887 0.649392 0.5844 0.938559 22278
7 3 29 5 -2 0 0 17499
7 3 30 4.32585 0.496954 0.588348 0.7241 3180
7 3 31 2.95876 0.823022 1.02703 0.36198 21545
7 3 32 4 -2 0 0 19403
7 3 33 6 -2 0 0 4496
7 3 34 3.09511 -3 0 0 20885
7 3 35 4.20371 0.441854 0.36678 0.202447 22435
7 3 36 3.91268 0.24815 1.02302 0.463868 3280
7 3 37 6 -2 0 0 13810
7 3 38 7 -2 0 0 20850
7 3 39 2.82081 0.808172 1.19863 0.106756 19165
7 3 40 7 -2 0 0 3833
7 3 41 4.0633 0.45443 0.701235 0.102539 19321
7 3 42 2.08933 8.11797 1.45286 0.931611 21509
7 3 43 4 -2 0 0 12310
7 3 44 2.92813 0.781637 1.03582 0.527721 19410
7 3 45 5 -2 0 0 19381
7 3 46 3.35729 0.725247 0.887991 0.883489 5648
7 3 47 4.01402 0.477966 0.589296 0.255694 22393
7 3 48 2.96805 1.32129 1.34133 0.459268 5354
7 3 49 3.78615 0.257532 1.1006 0.171092 18710
7 3 50 2 -2 0 0 10745
7 3 51 3.09511 -3 0 0 19215
7 3 52 7 -2 0 0 19764
7 3 53 4.20392 0.490079 0.709005 0.413346 10424
7 3 54 3.75788 0.6323 0.829928 0.89011 19131
7 3 55 4 -2 0 0 17357
7 3 56 3.45917 0.51482 0.532774 0.206939 20002
7 3 57 4 -2 0 0 21377
7 3 58 3.43629 0.4547 0.374337 0.115205 19013
7 3 59 2.88563 0.596712 1.26823 0.15012 19780
7 3 60 4.09567 0.385939 0.325168 0.171532 6308
7 3 61 2 1.28525 1.1178 0.323416 19943
7 3 62 3.34782 0.463438 0.630817 0.180331 21128
7 3 63 3.46704 0.582337 0.676403 0.367831 18563
7 4 0 2.87475 0.772347 0.598061 0.104371 20991
7 4 1 4 -2 0 0 20491
7 4 2 3.40176 -3 0 0 12266
7 4 3 4 -2 0 0 12178
7 4 4 4.17796 0.359471 0.1 0.624089 1797
7 4 5 4.15688 0.313284 0.373224 0.0994174 7684
7 4 6 3.40176 -3 0 0 16413
7 4 7 3.02996 0.740557 0.3355 0.171455 10868
7 4 8 6 -2 0 0 16374
7 4 9 4 -2 0 0 14235
7 4 10 3.47548 0.719056 0.489811 0.219307 12931
7 4 11 3.27824 0.751843 0.268223 0.0402526 2161
7 4 12 3.53341 0.662871 0.390352 0.117639 12957
7 4 13 5.21636 0.342191 0.337371 0.411757 10434
7 4 14 3.69928 0.220748 0.618258 0.186247 20639
7 4 15 7 -2 0 0 2671
7 4 16 7 -2 0 0 12880
7 4 17 2.50806 1.44444 0.953414 0.847136 2972
7 4 18 2.99379 0.539837 0.846967 0.509581 1898
7 4 19 4.07344 0.547947 0.368884 0.147754 10494
7 4 20 2.51307 1.01451 0.532299 0.068223 1193
7 4 21 4.01349 0.623811 0.394965 0.139779 15448
7 4 22 3.77914 0.297979 0.449649 0.568956 10466
7 4 23 3.40176 -3 0 0 2953
7 4 24 3 -2 0 0 17145
7 4 25 4.61048 0.426696 0.371251 0.609038 9038
7 4 26 3.40176 -3 0 0 10542
7 4 27 3.40176 -3 0 0 2159
7 4 28 4 -2 0 0 9688
7 4 29 3.50676 0.318967 0.738483 0.0718901 3392
7 4 30 3.75331 0.507016 0.116465 0.0757979 1203
7 4 31 3.73099 0.429768 0.369412 0.0371643 8931
7 4 32 4.93084 0.474189 0.269912 0.53611 8949
7 4 33 4.18324 0.766885 0.510548 0.445347 1837
7 4 34 4.58843 0.69307 0.672288 0.416816 16636
7 4 35 6 -2 0 0 8649
7 4 36 3.40176 -3 0 0 1882
7 4 37 2.09147 8.7024 1.38834 0.782872 12904
7 4 38 5 -2 0 0 8215
7 4 39 4 -2 0 0 8345
7 4 40 4 -2 0 0 2208
7 4 41 2.64145 1.09121 0.512718 0.622519 8515
7 4 42 4.8651 0.431642 0.214782 0.42685 4460
7 4 43 3.40176 -3 0 0 13346
7 4 44 3.40176 -3 0 0 7239
7 4 45 3.40176 -3 0 0 9468
7 4 46 4.59872 0.449026 0.390932 0.0616695 15804
7 4 47 3.54199 0.620244 0.493367 0.10397 7585
7 4 48 3.68835 0.659 0.253775 0.110142 1983
7 4 49 4.33575 0.4637 0.376507 0.134567 11506
7 4 50 2.78142 0.800656 1.28821 0.918134 8711
7 4 51 3.70972 0.531765 0.439012 0.0124143 10515
7 4 52 2 8.23469 1.63761 0.998811 12373
7 4 53 4 -2 0 0 7351
7 4 54 4 -2 0 0 9335
7 4 55 2.80068 0.616873 0.34648 0.0214358 11578
7 4 56 4.10674 0.349238 0.356833 0.00922269 10083
7 4 57 3.29158 0.559347 0.610539 0.291935 10274
7 4 58 2 0.829061 0.879715 0.866642 9741
7 4 59 3.40176 -3 0 0 14564
7 4 60 3.0738 0.773174 0.358493 0.109234 8364
7 4 61 2 8.06089 1.14785 0.807158 12597
7 4 62 4.91772 0.424413 0.512614 0.0954231 12493
7 4 63 3.23032 0.560977 0.310307 0.109408 11028
7 5 0 3.36391 0.27789 0.418333 0.0657399 13136
7 5 1 4 -2 0 0 12825
7 5 2 4 -2 0 0 13371
7 5 3 5 -2 0 0 15146
7 5 4 2.65518 0.820501 1.32511 0.820704 3020
7 5 5 2.76575 -3 0 0 15188
7 5 6 2 -2 0 0 15321
7 5 7 5 -2 0 0 16907
7 5 8 3.90467 0.53755 0.417601 0.384926 13775
7 5 9 3.37929 0.343 0.359548 0.0395843 14196
7 5 10 2.96774 0.445845 0.369386 0.0796769 14390
7 5 11 2 -2 0 0 8868
7 5 12 2.76575 -3 0 0 14969
7 5 13 2.76575 -3 0 0 15119
7 5 14 3.30498 0.759135 0.746906 0.626387 13683
7 5 15 5 -2 0 0 4450
7 5 16 2 -2 0 0 16479
7 5 17 3.11818 0.695999 0.487132 0.620096 14885
7 5 18 4 -2 0 0 15132
7 5 19 2.48234 0.866356 0.942834 0.320448 16575
7 5 20 3.99328 0.281519 0.1 0.106696 2026
7 5 21 2.41913 0.750359 0.463935 0.375189 14235
7 5 22 3.664 0.549794 0.555123 0.39298 15999
7 5 23 6 -2 0 0 11526
7 5 24 3 -2 0 0 13934
7 5 25 2 -2 0 0 18756
7 5 26 2 0.683218 1.39757 0.649042 15779
7 5 27 4 -2 0 0 5913
7 5 28 2.04396 9.95033 1.38029 0.418772 18073
7 5 29 5 -2 0 0 15659
7 5 30 5 -2 0 0 2304
7 5 31 5 -2 0 0 22466
7 5 32 3.2438 0.575377 1.03937 0.257512 19713
7 5 33 2.76575 -3 0 0 13318
7 5 34 2.51333 1.0965 0.762976 0.28669 17612
7 5 35 5 -2 0 0 20021
7 5 36 4.03516 0.468204 0.388452 0.216991 12129
7 5 37 6 -2 0 0 9673
7 5 38 2.5906 0.677265 0.705664 0.433551 23730
7 5 39 2 -2 0 0 26150
7 5 40 4.17461 0.437741 0.333308 0.143602 17385
7 5 41 2.76575 -3 0 0 18984
7 5 42 2.76575 -3 0 0 11024
7 5 43 2.76575 -3 0 0 17643
7 5 44 3 -2 0 0 22109
7 5 45 3.59479 0.72019 0.847298 0.926915 19275
7 5 46 5 -2 0 0 17804
7 5 47 3.53065 0.548587 0.556315 0.269051 26277
7 5 48 2.76575 -3 0 0 6827
7 5 49 4.49827 0.431635 0.56352 0.281916 18417
7 5 50 2.40968 0.702338 0.758795 0.732221 21905
7 5 51 3.51974 0.351431 0.351369 0.0511806 22825
7 5 52 4.25619 0.398368 0.364692 0.150498 18355
7 5 53 2 -2 0 0 26440
7 5 54 2.76575 -3 0 0 22713
7 5 55 2.76575 -3 0 0 23628
7 5 56 4 -2 0 0 25829
7 5 57 3.37377 0.317075 0.677829 0.258284 23196
7 5 58 4 -2 0 0 20602
7 5 59 3.56444 0.505419 0.393058 0.218193 11761
7 5 60 2.88221 0.653915 0.68831 0.446812 25311
7 5 61 2.83523 0.583625 0.582246 0.075507 22527
7 5 62 6 -2 0 0 20276
7 5 63 2.01195 11.9631 0.844684 0.356629 18052
7 6 0 3.64749 0.336602 0.456682 0.0487058 12132
7 6 1 2 -2 0 0 10577
7 6 2 4 -2 0 0 10163
7 6 3 4.25591 0.656733 0.369318 0.242471 7293
7 6 4 6 -2 0 0 5834
7 6 5 4.07539 0.492763 0.337379 0.0471224 7658
7 6 6 3.72492 -3 0 0 6776
7 6 7 4.06694 0.573462 0.333227 0.0888714 5956
7 6 8 2.91945 0.575335 1.03982 0.457647 9527
7 6 9 6 -2 0 0 7499
7 6 10 6 -2 0 0 6885
7 6 11 5 -2 0 0 3077
7 6 12 3.31884 0.545163 0.327993 0.112162 5092
7 6 13 8 -2 0 0 5751
7 6 14 4.82115 0.479139 0.351578 0.311992 10384
7 6 15 5 -2 0 0 5050
7 6 16 3 -2 0 0 6682
7 6 17 6.90585 0.372264 0.374983 0.940315 8562
7 6 18 3.83696 0.500931 0.318752 0.0929934 5482
7 6 19 5.39894 0.647991 0.315599 0.577883 6066
7 6 20 3.72492 -3 0 0 5953
7 6 21 5.55206 0.654268 0.413548 0.720997 8691
7 6 22 6 -2 0 0 6754
7 6 23 3.72492 -3 0 0 6418
7 6 24 4.82449 0.795091 0.365437 0.618908 9112
7 6 25 10 -2 0 0 5995
7 6 26 5 -2 0 0 9588
7 6 27 3.72492 -3 0 0 4564
7 6 28 8 -2 0 0 5249
7 6 29 3.72492 -3 0 0 6258
7 6 30 6 -2 0 0 5205
7 6 31 4 -2 0 0 5248
7 6 32 3.72492 -3 0 0 5014
7 6 33 4.42444 0.560199 0.297353 0.158763 4836
7 6 34 5.8035 0.630921 0.388506 0.591827 9429
7 6 35 6 -2 0 0 5285
7 6 36 7 -2 0 0 4429
7 6 37 7 -2 0 0 6283
7 6 38 6 -2 0 0 4304
7 6 39 6 -2 0 0 5257
7 6 40 4.60168 0.538863 0.316318 0.117096 5164
7 6 41 5 -2 0 0 4663
7 6 42 3.11686 1.17314 0.806771 0.467598 5610
7 6 43 5.19632 0.349858 0.337866 0.353673 6477
7 6 44 4.07604 0.526769 1.61218 1.03626 4857
7 6 45 5 -2 0 0 5189
7 6 46 4.66687 0.428574 0.370198 0.0462138 7726
7 6 47 5.01304 0.8682 0.495844 0.974629 4669
7 6 48 5 -2 0 0 4720
7 6 49 2.87075 0.789465 0.340763 0.047308 5394
7 6 50 6 -2 0 0 4663
7 6 51 4.8172 0.473123 0.396389 0.0509939 5460
7 6 52 2 12.6014 1.5971 0.940107 5759
7 6 53 6 -2 0 0 4557
7 6 54 3.72492 -3 0 0 4687
7 6 55 3.70732 0.720585 0.424952 0.259646 5376
7 6 56 4.13364 0.640845 0.271198 0.141481 5192
7 6 57 6 -2 0 0 5349
7 6 58 3.72492 -3 0 0 5217
7 6 59 2 2.28151 1.59343 0.676014 6620
7 6 60 3.06164 0.708049 0.403085 0.0597715 5144
7 6 61 3.72492 -3 0 0 5869
7 6 62 2.70719 0.518797 0.56661 0.0608396 6519
7 6 63 9 -2 0 0 4963
7 7 0 5 -2 0 0 6637
7 7 1 2 -2 0 0 7091
7 7 2 5 -2 0 0 6293
7 7 3 2.44243 0.890376 1.03962 0.753437 6590
7 7 4 3.2981 0.675953 0.303011 0.0898648 6771
7 7 5 2.43319 1.02482 0.541978 0.275566 6830
7 7 6 3.02813 0.427037 1.02205 0.111982 6885
7 7 7 5.05637 0.515314 0.435029 0.267801 7841
7 7 8 3.53671 -3 0 0 6140
7 7 9 8 -2 0 0 6473
7 7 10 4.43073 0.600841 0.493728 0.241241 6775
7 7 11 2 2.63042 0.976875 0.846364 7170
7 7 12 2 -2 0 0 6722
7 7 13 3.76665 0.644034 0.750938 0.688897 7653
7 7 14 7 -2 0 0 7015
7 7 15 2 -2 0 0 7711
7 7 16 3 -2 0 0 7134
7 7 17 5.25987 0.528516 0.303644 0.520519 7608
7 7 18 4.46871 0.470679 0.189472 0.317533 5908
7 7 19 2 1.16563 1.40095 0.792624 7914
7 7 20 5.35275 0.40895 0.337956 0.249718 3826
7 7 21 5 -2 0 0 7146
7 7 22 5 -2 0 0 6628
7 7 23 4.01588 0.511225 0.305456 0.156913 6504
7 7 24 3.89733 0.534972 0.479592 0.397466 6649
7 7 25 5.32899 0.443631 0.624323 0.416073 8929
7 7 26 7 -2 0 0 7354
7 7 27 3.91553 0.883147 0.436141 0.582299 7533
7 7 28 7 -2 0 0 8473
7 7 29 2.47553 1.16861 1.17008 0.510604 7805
7 7 30 2.80798 0.688251 1.13421 0.539233 4364
7 7 31 2.9335 0.987428 0.883476 0.531615 10667
7 7 32 2.90595 1.0761 0.908556 1.00472 9094
7 7 33 3.88716 0.703154 0.607792 0.600118 7338
7 7 34 3.53671 -3 0 0 8439
7 7 35 8 -2 0 0 11602
7 7 36 8 -2 0 0 1546
7 7 37 5 -2 0 0 8340
7 7 38 2.52996 1.05213 1.04639 0.74035 14405
7 7 39 5 -2 0 0 14586
7 7 40 4.09479 0.341404 0.357158 0.0722522 6327
7 7 41 4 -2 0 0 11169
7 7 42 2 -2 0 0 7041
7 7 43 3.61067 0.248438 0.858232 0.380058 9404
7 7 44 3.46956 0.441369 0.991311 0.281766 13125
7 7 45 6 -2 0 0 11423
7 7 46 4.00121 0.664544 0.393151 0.228142 10134
7 7 47 6 -2 0 0 16718
7 7 48 3.29955 1.05196 1.33612 0.657276 6972
7 7 49 2.63299 0.871719 1.23248 0.251416 4743
7 7 50 3.53671 -3 0 0 12710
7 7 51 2 1.77188 1.58168 0.308352 14076
7 7 52 6 -2 0 0 10225
7 7 53 5 -2 0 0 14716
7 7 54 4.90523 0.406402 0.473592 0.289523 12281
7 7 55 6 -2 0 0 11620
7 7 56 4 -2 0 0 14505
7 7 57 3.26186 0.911587 0.6321 0.406051 13824
7 7 58 4.7621 0.528548 0.315472 0.0205853 12089
7 7 59 3.53671 -3 0 0 10471
7 7 60 5 -2 0 0 14846
7 7 61 2 -2 0 0 14205
7 7 62 6 -2 0 0 12048
7 7 63 6 -2 0 0 12294
7 8 0 3.55726 0.458221 0.395011 0.103825 7435
7 8 1 4 -2 0 0 7884
7 8 2 3.06196 -3 0 0 7611
7 8 3 2.8199 0.622224 0.394606 0.0552316 9471
7 8 4 2.8319 0.548424 0.305857 0.00484981 8834
7 8 5 2 1.07247 1.05293 1.05629 8175
7 8 6 5.00181 0.580834 0.519892 0.47482 7982
7 8 7 4 -2 0 0 11366
7 8 8 7 -2 0 0 7354
7 8 9 5 -2 0 0 9375
7 8 10 3.11148 0.542666 0.968749 0.366055 229
7 8 11 3.65564 0.511556 0.505233 0.449709 7891
7 8 12 2 -2 0 0 8491
7 8 13 2 -2 0 0 10147
7 8 14 3.06196 -3 0 0 7449
7 8 15 2 -2 0 0 9368
7 8 16 2 -2 0 0 11777
7 8 17 3.06196 -3 0 0 7964
7 8 18 2 -2 0 0 9944
7 8 19 3.47583 0.596589 0.421447 0.137882 12189
7 8 20 4 -2 0 0 7982
7 8 21 3.98906 0.352557 0.283329 0.0455445 8104
7 8 22 4 -2 0 0 9415
7 8 23 2.78346 0.709451 0.349527 0.0334398 9300
7 8 24 3.43314 0.601077 0.52579 0.269638 7066
7 8 25 4 -2 0 0 13797
7 8 26 4.1529 0.345954 0.465793 0.0950399 7457
7 8 27 3.49667 0.522289 0.33098 0.0945569 11348
7 8 28 4.1913 0.347484 0.836949 0.728279 10858
7 8 29 3.06196 -3 0 0 4777
7 8 30 5 -2 0 0 9922
7 8 31 4.16109 0.460742 0.828401 0.743033 15440
7 8 32 4.95636 0.451325 0.764134 0.387048 11839
7 8 33 3.83456 0.637661 0.447545 0.503072 11737
7 8 34 3.06196 -3 0 0 8140
7 8 35 3.40609 0.324466 0.824462 0.493843 17237
7 8 36 3.23083 0.658534 0.398054 0.0169653 4878
7 8 37 3.06196 -3 0 0 9088
7 8 38 4.40584 0.379773 0.436073 0.0147226 20881
7 8 39 3.51377 0.591114 0.413252 0.088271 16659
7 8 40 2.54336 0.797258 0.51208 0.207261 6881
7 8 41 5.89511 0.623331 0.411952 1.00979 15036
7 8 42 3.72889 0.872444 0.211595 0.344568 958
7 8 43 3.71906 0.501263 0.410157 0.0828505 9332
7 8 44 3.06196 -3 0 0 14722
7 8 45 5 -2 0 0 9730
7 8 46 6 -2 0 0 9392
7 8 47 5 -2 0 0 21461
7 8 48 2 2.78976 0.659566 0.166124 1161
7 8 49 3.06196 -3 0 0 12174
7 8 50 3 -2 0 0 15083
7 8 51 5 -2 0 0 13150
7 8 52 6 -2 0 0 10229
7 8 53 3.06196 -3 0 0 17416
7 8 54 3 -2 0 0 2093
7 8 55 5.08807 0.575586 0.353828 0.609344 12734
7 8 56 3.06196 -3 0 0 15046
7 8 57 2.21619 0.979067 0.534948 0.143055 14154
7 8 58 3.72456 0.583303 0.404735 0.177759 1839
7 8 59 3.00254 0.846142 1.0016 0.494209 9812
7 8 60 7 -2 0 0 14978
7 8 61 2.89474 0.301701 0.461617 0.029939 13718
7 8 62 2.37004 0.715757 0.920488 0.394171 11902
7 8 63 2.68928 0.868162 0.229321 0.338522 2256
7 9 0 2.75541 0.745544 0.758723 0.0535705 10096
7 9 1 4.79288 0.612508 0.380813 0.43925 8291
7 9 2 3 -2 0 0 7272
7 9 3 5 -2 0 0 5170
7 9 4 3.56123 0.429639 0.31716 0.0226386 921
7 9 5 3.52779 0.263511 0.99177 0.569512 6108
7 9 6 3 -2 0 0 7052
7 9 7 3.60993 0.973499 0.36777 0.336497 4912
7 9 8 5.36609 0.476 0.297685 0.259157 6418
7 9 9 5 -2 0 0 4914
7 9 10 8 -2 0 0 4942
7 9 11 5.4815 0.604797 0.339071 0.40939 6340
7 9 12 2 2.75451 2.44039 0.915573 5382
7 9 13 4 -2 0 0 4352
7 9 14 3.81564 0.350687 0.711172 0.0774737 8419
7 9 15 3.17844 0.43337 0.347243 0.0109117 3757
7 9 16 3.46108 0.391871 0.66399 0.0359569 5020
7 9 17 6 -2 0 0 6519
7 9 18 5 -2 0 0 3029
7 9 19 3.93162 0.558921 0.392062 0.0737882 4358
7 9 20 2 -2 0 0 506
7 9 21 3.27848 -3 0 0 3499
7 9 22 3.50218 1.01898 0.444788 0.460437 4507
7 9 23 6 -2 0 0 801
7 9 24 3.27848 -3 0 0 7992
7 9 25 3.77208 1.5444 0.680882 0.755417 3993
7 9 26 2.84059 1.41763 0.875401 0.182183 7852
7 9 27 7 -2 0 0 3420
7 9 28 6 -2 0 0 3855
7 9 29 6 -2 0 0 5188
7 9 30 2.10823 11.8877 1.02836 0.800808 2257
7 9 31 2 -2 0 0 4161
7 9 32 4 -2 0 0 3779
7 9 33 5.11769 0.846107 0.255125 0.453285 869
7 9 34 5.70908 0.581571 0.280838 0.806059 6738
7 9 35 3.27848 -3 0 0 3680
7 9 36 4.15095 0.401086 0.139824 0.470182 430
7 9 37 4.84679 0.447097 0.466869 0.229296 2546
7 9 38 3.36031 0.290106 0.541594 0.0692496 3049
7 9 39 7 -2 0 0 4268
7 9 40 2 -2 0 0 1957
7 9 41 5.05745 0.511058 0.254482 0.184608 3602
7 9 42 4 -2 0 0 1267
7 9 43 3.91641 0.74991 0.943654 0.640844 2695
7 9 44 4.00181 0.491998 0.308525 0.0111515 3454
7 9 45 5 -2 0 0 3988
7 9 46 2 1.85302 1.1706 0.833978 6296
7 9 47 2.62555 1.18308 1.38536 0.642479 3091
7 9 48 3.85061 0.728962 0.370084 0.247301 3758
7 9 49 2 -2 0 0 1963
7 9 50 2.49562 0.817622 0.927616 0.191865 3784
7 9 51 3 -2 0 0 4560
7 9 52 3 -2 0 0 5648
7 9 53 5.00089 0.613705 0.322126 0.929927 3725
7 9 54 3.88378 0.62988 0.356859 0.0822572 3566
7 9 55 5 -2 0 0 4863
7 9 56 3 -2 0 0 4056
7 9 57 2.68665 0.783663 0.679736 0.226638 4275
7 9 58 3.34719 0.352301 0.372555 0.031683 4042
7 9 59 4 -2 0 0 6024
7 9 60 3 -2 0 0 3524
7 9 61 6 -2 0 0 5371
7 9 62 6 -2 0 0 5247
7 9 63 5 -2 0 0 4300
7 10 0 4 -2 0 0 10029
7 10 1 2.76252 0.695657 0.518396 0.0288789 11154
7 10 2 8 -2 0 0 11096
7 10 3 3 -2 0 0 13437
7 10 4 5.14096 0.45249 0.344953 0.739174 12968
7 10 5 4.1056 0.514899 0.392359 0.0449778 12595
7 10 6 3.30265 0.633236 0.526605 0.107817 11744
7 10 7 6 -2 0 0 18472
7 10 8 4.12552 0.341803 0.409794 0.15453 10886
7 10 9 2.15712 2.30751 1.18481 0.888477 13584
7 10 10 2.65679 0.974363 1.40481 0.712414 14510
7 10 11 2.85194 0.260838 0.649903 0.0622763 12777
7 10 12 2.58129 1.02968 0.880513 0.422334 12373
7 10 13 2 -2 0 0 10811
7 10 14 2.61388 1.36238 0.872188 0.856861 10581
7 10 15 5.1789 0.454753 0.278509 0.232066 7457
7 10 16 2.41409 1.00102 1.2819 1.04951 18067
7 10 17 4.30799 0.315921 0.37723 0.0677823 11921
7 10 18 7 -2 0 0 12582
7 10 19 5.08846 0.569824 0.57622 0.539514 18209
7 10 20 4.37599 0.332974 0.100002 0.379005 1433
7 10 21 4.19547 0.293957 0.656824 0.133871 11984
7 10 22 4.50535 0.545085 0.476651 0.253443 14295
7 10 23 6 -2 0 0 9474
7 10 24 7 -2 0 0 10396
7 10 25 3.06652 1.02431 1.11341 0.806114 19146
7 10 26 6 -2 0 0 11821
7 10 27 3.55996 0.596647 0.723563 0.517635 10171
7 10 28 5.04533 0.635681 0.557724 0.943581 2920
7 10 29 3 -2 0 0 10252
7 10 30 4 -2 0 0 1443
7 10 31 3.72409 0.753416 0.981931 0.74013 19433
7 10 32 6 -2 0 0 3480
7 10 33 4.55531 0.775863 0.4652 0.33865 1955
7 10 34 6 -2 0 0 11056
7 10 35 2.47076 0.935354 0.961356 0.567162 18832
7 10 36 4.51221 0.634978 0.28595 0.00753136 1264
7 10 37 4.22411 0.564631 0.545572 0.375125 2262
7 10 38 2 -2 0 0 19187
7 10 39 5 -2 0 0 17330
7 10 40 5.10555 0.514649 0.332567 0.395888 1715
7 10 41 6 -2 0 0 16505
7 10 42 2.47712 0.962195 1.1264 0.1198 13013
7 10 43 5.20322 0.335202 0.463512 0.408786 13324
7 10 44 4.67893 0.324544 0.416943 0.0166209 16009
7 10 45 0 -10 0 0 0
7 10 46 3.57904 -3 0 0 13078
7 10 47 3.57904 -3 0 0 20152
7 10 48 4 -2 0 0 6915
7 10 49 4.08202 0.517248 0.706914 0.27702 12955
7 10 50 4.7759 0.404708 0.368972 0.280267 11952
7 10 51 3.36427 0.269045 0.641529 0.0669461 15624
7 10 52 6 -2 0 0 11983
7 10 53 3.55483 0.274595 1.18526 0.43945 18270
7 10 54 4.05974 0.356677 0.49845 0.20681 16309
7 10 55 3.27296 0.427444 0.456047 0.0418501 11124
7 10 56 3.57904 -3 0 0 16729
7 10 57 5 -2 0 0 14223
7 10 58 4.04131 0.395614 0.330617 0.186807 13771
7 10 59 2 8.16765 0.747864 0.420992 4947
7 10 60 3.00549 0.769826 0.751719 0.382519 17562
7 10 61 4 -2 0 0 13867
7 10 62 3.27199 0.44566 0.545669 0.0113389 12156
7 10 63 3.38871 0.645102 0.441006 0.138676 12809
7 11 0 4.8275 0.474456 0.397881 0.385307 18434
7 11 1 4.37336 0.48456 0.392707 0.519728 15198
7 11 2 4.27407 0.423848 0.351714 0.295246 12529
7 11 3 4.11431 0.413598 0.712404 0.33503 8863
7 11 4 3.5747 -3 0 0 1288
7 11 5 4.23389 0.340919 0.330903 0.1694 10313
7 11 6 2.35645 1.42492 1.08068 0.627912 11128
7 11 7 2 11.2151 0.807011 0.278785 7106
7 11 8 2 -2 0 0 11846
7 11 9 3 -2 0 0 8751
7 11 10 3.65696 0.809003 0.635904 0.284429 8817
7 11 11 7 -2 0 0 1646
7 11 12 4 -2 0 0 8175
7 11 13 3 -2 0 0 7328
7 11 14 5 -2 0 0 15168
7 11 15 5.93052 0.657775 0.16091 0.920164 1573
7 11 16 3.5747 -3 0 0 7767
7 11 17 5 -2 0 0 12946
7 11 18 5 -2 0 0 7056
7 11 19 5 -2 0 0 7690
7 11 20 5 -2 0 0 572
7 11 21 6 -2 0 0 10285
7 11 22 5 -2 0 0 7906
7 11 23 4.77393 0.352895 0.78204 0.29097 9186
7 11 24 7 -2 0 0 13262
7 11 25 3.3487 0.68814 0.56059 0.286895 7444
7 11 26 3.71587 0.348748 0.473309 0.0484398 13954
7 11 27 3.305 0.386856 0.478527 0.00796833 8619
7 11 28 3.5747 -3 0 0 5789
7 11 29 2 8.15666 0.911171 0.337532 12019
7 11 30 6 -2 0 0 3773
7 11 31 7 -2 0 0 7041
7 11 32 4.59542 0.356451 0.340755 0.124225 6890
7 11 33 3 -2 0 0 7807
7 11 34 2.80308 0.938867 0.83532 0.753405 15641
7 11 35 4.52735 0.587162 0.510873 0.272807 6761
7 11 36 4.19349 0.506944 0.33546 0.26597 8077
7 11 37 2 1.44449 1.48585 0.917145 2093
7 11 38 5 -2 0 0 6840
7 11 39 2.89457 0.751585 0.525982 0.150303 5428
7 11 40 3.28987 0.376003 0.422751 0.124761 665
7 11 41 4.10496 0.493035 0.35808 0.094492 5568
7 11 42 2.57493 1.19634 1.08029 0.121221 4540
7 11 43 2.70573 0.618225 0.591595 0.517159 12604
7 11 44 3.54026 0.500713 0.299561 0.0274474 6608
7 11 45 4.08022 0.270665 0.91864 0.509132 6816
7 11 46 5 -2 0 0 14698
7 11 47 7 -2 0 0 6906
7 11 48 6 -2 0 0 8361
7 11 49 2.75795 0.71586 0.541107 0.14769 7282
7 11 50 3.58291 0.955344 0.444972 0.660071 7319
7 11 51 3.0395 0.841663 0.623503 0.146679 11583
7 11 52 3.5747 -3 0 0 12002
7 11 53 2.68693 0.812799 1.05883 0.0969374 3208
7 11 54 3.3407 0.79174 0.487092 0.268964 4864
7 11 55 5 -2 0 0 11705
7 11 56 3.5747 -3 0 0 9763
7 11 57 2 8.81936 1.3462 0.797082 10185
7 11 58 2 -2 0 0 9312
7 11 59 3.5747 -3 0 0 14451
7 11 60 2 -2 0 0 6625
7 11 61 5 -2 0 0 12558
7 11 62 2 -2 0 0 14012
7 11 63 4.38031 0.444523 0.374507 0.0664541 9809
7 12 0 4 -2 0 0 21220
7 12 1 2 -2 0 0 4112
7 12 2 5 -2 0 0 8973
7 12 3 4 -2 0 0 21618
7 12 4 2.94978 -3 0 0 4065
7 12 5 3.32513 0.577404 0.420669 0.243779 19570
7 12 6 2.84924 0.676212 0.503302 0.32368 22059
7 12 7 2 -2 0 0 25431
7 12 8 2.43897 0.614488 0.433637 0.194182 19414
7 12 9 2.53855 0.678886 0.553751 0.121507 25314
7 12 10 2 -2 0 0 25543
7 12 11 4 -2 0 0 18398
7 12 12 2.94978 -3 0 0 20631
7 12 13 2.91991 0.648688 0.570468 0.177721 20317
7 12 14 3.75186 0.474476 0.442382 0.0671328 17149
7 12 15 2.55279 0.685397 0.35212 0.136041 21086
7 12 16 3.32259 0.431335 0.811581 0.115741 28387
7 12 17 3.8674 0.399904 0.315045 0.0118365 17816
7 12 18 2 -2 0 0 7720
7 12 19 2.73714 0.433251 0.946994 0.162544 25247
7 12 20 4 -2 0 0 2306
7 12 21 3 -2 0 0 25056
7 12 22 5 -2 0 0 22833
7 12 23 4 -2 0 0 3196
7 12 24 3 -2 0 0 18502
7 12 25 3.35378 0.655919 0.450919 0.430678 22360
7 12 26 3.84952 0.452948 0.511744 0.0586955 15496
7 12 27 6 -2 0 0 4544
7 12 28 3 -2 0 0 20285
7 12 29 3.28888 0.562951 0.707856 0.0298198 13960
7 12 30 5 -2 0 0 2190
7 12 31 4.15772 0.410487 0.367454 0.0124904 21205
7 12 32 3.26308 0.526471 0.465242 0.0397488 19139
7 12 33 5 -2 0 0 8435
7 12 34 2.7791 0.901501 0.724512 0.663638 5678
7 12 35 3.85084 0.466233 0.552723 0.210667 20807
7 12 36 4.29345 0.399227 0.298525 0.0711661 9396
7 12 37 3.66267 0.320583 0.757584 0.049281 14888
7 12 38 4.21879 0.417585 0.593844 0.444831 17054
7 12 39 3.51501 0.497814 0.510416 0.269958 14090
7 12 40 3.98697 0.542952 0.771411 0.453864 14960
7 12 41 2.27032 1.44623 1.49168 0.24036 17313
7 12 42 3.80388 0.453466 0.437486 0.0679695 15702
7 12 43 2.9803 0.860791 0.924814 0.0205109 14456
7 12 44 2.80918 0.923618 1.22086 0.606363 15961
7 12 45 3.90001 0.462532 0.364262 0.0786304 15979
7 12 46 2.94978 -3 0 0 14747
7 12 47 6 -2 0 0 17427
7 12 48 3.53259 0.700583 0.604785 0.470948 16456
7 12 49 4.43457 0.367654 0.39762 0.0147478 13615
7 12 50 3.78344 0.531461 0.402893 0.19656 14668
7 12 51 2.37215 1.10358 1.43309 0.611323 12262
7 12 52 3.21072 0.455183 0.48868 0.0774001 14292
7 12 53 2.38749 1.00118 1.20127 0.274713 14926
7 12 54 2.52447 0.643648 0.535099 0.446134 13726
7 12 55 2.95736 0.613096 0.610661 0.250703 12507
7 12 56 5 -2 0 0 12884
7 12 57 2.54405 0.846661 1.15727 0.128383 12939
7 12 58 3.44745 0.451727 0.409279 0.0221847 13152
7 12 59 2.33465 0.802116 1.08279 0.617814 13082
7 12 60 2.56545 0.78844 0.509747 0.377335 14272
7 12 61 2.79291 0.649107 0.402575 0.0650679 12240
7 12 62 3.35944 0.490667 0.488668 0.0466599 12650
7 12 63 2.46799 0.905891 1.22023 0.204932 12718
7 13 0 4 -2 0 0 8041
7 13 1 2 11.1675 1.46472 0.914021 6297
7 13 2 3.95185 0.551927 0.538303 0.0514679 5975
7 13 3 2.80519 0.899147 0.469991 0.104775 4501
7 13 4 2.86401 1.2699 0.906667 0.0408211 3154
7 13 5 4.19711 0.562452 0.401859 0.0977246 5328
7 13 6 2 -2 0 0 4668
7 13 7 6 -2 0 0 3708
7 13 8 4 -2 0 0 6145
7 13 9 4.25475 0.386111 0.776784 0.392157 4511
7 13 10 5 -2 0 0 4213
7 13 11 2.78154 1.12788 0.546891 0.0613027 3440
7 13 12 2.55859 0.858806 1.04015 0.350964 4747
7 13 13 3.24447 0.886303 0.572327 0.15281 4045
7 13 14 5 -2 0 0 8123
7 13 15 5.66897 0.624237 0.743189 0.867528 5060
7 13 16 4 -2 0 0 4100
7 13 17 3.19766 -3 0 0 7562
7 13 18 2.01923 12.8662 0.908429 0.24034 3215
7 13 19 4.5337 0.755009 0.935524 0.535671 4194
7 13 20 2 1.73816 1.52051 1.05756 899
7 13 21 3.6628 0.501976 0.408566 0.0278794 4990
7 13 22 3.68666 0.893211 0.527446 0.257567 3806
7 13 23 4 -2 0 0 5470
7 13 24 8 -2 0 0 6264
7 13 25 3.67278 0.487694 0.50053 0.0644455 4125
7 13 26 3.75038 0.643473 0.481358 0.0425393 8577
7 13 27 4 -2 0 0 5056
7 13 28 3.22306 0.95378 0.683098 0.0852388 4265
7 13 29 3.74939 2.00968 1.50418 0.612283 8057
7 13 30 3.19766 -3 0 0 1025
7 13 31 3.84264 0.350156 1.16233 0.65111 4673
7 13 32 3.70878 0.329445 0.539579 0.00787891 4066
7 13 33 4.28385 0.564393 0.411389 0.0383971 5242
7 13 34 3.68476 0.555167 0.456275 0.0404521 10689
7 13 35 3.19766 -3 0 0 4432
7 13 36 4.11213 0.493588 1.09325 0.365508 3396
7 13 37 4.63956 0.506451 0.352678 0.249227 1573
7 13 38 2.4835 1.40109 1.25792 0.670903 4596
7 13 39 2.59893 0.941756 1.16727 0.29828 7645
7 13 40 8 -2 0 0 4395
7 13 41 3.40951 0.51408 0.444009 0.0424997 4679
7 13 42 8 -2 0 0 6728
7 13 43 3.19766 -3 0 0 3669
7 13 44 5 -2 0 0 4893
7 13 45 5 -2 0 0 5397
7 13 46 3.8096 0.697441 0.439633 0.10382 6416
7 13 47 3.37225 1.26326 1.05272 0.328874 5414
7 13 48 6 -2 0 0 5998
7 13 49 3.69557 0.36423 0.499637 0.0758994 7588
7 13 50 4.54555 0.483902 0.357332 0.067876 6054
7 13 51 5 -2 0 0 9682
7 13 52 3.69497 0.273436 0.676764 0.161109 9573
7 13 53 3.19766 -3 0 0 5544
7 13 54 9 -2 0 0 6446
7 13 55 5 -2 0 0 10115
7 13 56 3 -2 0 0 8732
7 13 57 2 -2 0 0 8681
7 13 58 3.19766 -3 0 0 6623
7 13 59 3 -2 0 0 10056
7 13 60 2 11.2036 1.29526 0.393786 6811
7 13 61 5 -2 0 0 12785
7 13 62 2.21913 2.29708 1.211 0.248783 10112
7 13 63 4 -2 0 0 7783
7 14 0 2.47067 0.796055 0.98705 0.989795 11556
7 14 1 2.82687 -3 0 0 11981
7 14 2 4 -2 0 0 11637
7 14 3 2.82687 -3 0 0 10996
7 14 4 3 -2 0 0 9654
7 14 5 5 -2 0 0 10796
7 14 6 2.82687 -3 0 0 13010
7 14 7 3.51347 0.539093 0.292649 0.00513366 14146
7 14 8 2.14337 2.65081 0.341202 0.0719018 9812
7 14 9 2 -2 0 0 14358
7 14 10 2 -2 0 0 13931
7 14 11 4.0471 0.618254 0.276275 0.153131 8897
7 14 12 2.5989 0.675555 0.289209 0.021231 11351
7 14 13 6 -2 0 0 10464
7 14 14 3.43656 0.350833 0.400682 0.104981 9655
7 14 15 2.41061 0.771906 0.966092 0.957406 10019
7 14 16 2.82687 -3 0 0 16549
7 14 17 2.82687 -3 0 0 8349
7 14 18 3.77604 0.375205 0.312371 0.0566907 10022
7 14 19 5 -2 0 0 12245
7 14 20 5 -2 0 0 5615
7 14 21 3 -2 0 0 13550
7 14 22 2.51767 0.95962 0.350578 0.225857 11990
7 14 23 5 -2 0 0 7589
7 14 24 3.66443 0.334191 0.816135 0.203281 9521
7 14 25 3.69056 0.471608 0.388756 0.162084 10616
7 14 26 2 -2 0 0 7990
7 14 27 4.45804 0.418258 0.345762 0.0531047 5324
7 14 28 2.88071 0.282661 0.629917 0.293036 9239
7 14 29 5.30335 0.444802 0.287929 0.537623 7321
7 14 30 4.15119 0.458912 0.288138 0.0776783 2010
7 14 31 3.7284 0.69193 0.341812 0.252038 10006
7 14 32 4.56267 0.453952 0.421687 0.0901305 8099
7 14 33 3.24661 0.685799 0.177244 0.0167938 6341
7 14 34 2.82687 -3 0 0 7773
7 14 35 4.64652 0.742827 0.7024 0.594986 8401
7 14 36 3.95453 0.926751 0.262259 0.556142 1758
7 14 37 2.82687 -3 0 0 6626
7 14 38 2 -2 0 0 7489
7 14 39 5 -2 0 0 6290
7 14 40 3.34915 0.498583 0.348853 0.081208 7209
7 14 41 3.02001 0.621264 1.25155 0.513941 7205
7 14 42 2 12.5623 1.12604 0.57824 6661
7 14 43 4.94979 0.541591 0.19444 0.19636 6839
7 14 44 2.82687 -3 0 0 7145
7 14 45 4 -2 0 0 7081
7 14 46 2.42124 0.922523 0.607238 0.0923934 7239
7 14 47 3 -2 0 0 7215
7 14 48 2.51425 0.853718 0.288705 0.0105272 7259
7 14 49 7 -2 0 0 6406
7 14 50 4 -2 0 0 6257
7 14 51 2.82687 -3 0 0 5749
7 14 52 4.25545 0.234465 0.80019 0.379311 6701
7 14 53 3.52082 0.471179 0.273695 0.0452901 6847
7 14 54 4 -2 0 0 6574
7 14 55 2.38144 0.666609 0.825189 0.690479 6237
7 14 56 3.48903 0.576316 0.32538 0.138456 6402
7 14 57 5 -2 0 0 6311
7 14 58 4.69906 0.362945 0.321616 0.840634 6176
7 14 59 2.43656 0.873757 0.38234 0.00783509 6117
7 14 60 2.1801 1.00036 0.747773 0.178792 6304
7 14 61 2 1.7726 0.85105 0.574433 6265
7 14 62 2 -2 0 0 5616
7 14 63 2 8.83939 1.02164 0.981334 6432
7 15 0 3 -2 0 0 5684
7 15 1 6 -2 0 0 5061
7 15 2 4 -2 0 0 4724
7 15 3 2.66542 1.00543 1.16535 0.406195 3702
7 15 4 4.46508 0.54169 0.168944 0.0439628 2325
7 15 5 2.68474 1.16908 0.797279 0.151482 4396
7 15 6 2.25319 7.91616 0.901308 0.337838 4705
7 15 7 3.60407 0.349211 0.551255 0.0454468 3830
7 15 8 3 -2 0 0 4698
7 15 9 3.10308 -3 0 0 4179
7 15 10 2.69774 0.817203 0.674521 0.175253 3918
7 15 11 6 -2 0 0 5036
7 15 12 3.29925 0.444833 0.85211 0.101129 4395
7 15 13 3.27581 1.21221 0.36382 0.299086 4061
7 15 14 6 -2 0 0 5880
7 15 15 2.38405 0.873758 0.859332 0.137624 4582
7 15 16 3.44954 0.990643 0.844517 0.499395 4195
7 15 17 5 -2 0 0 5461
7 15 18 4 -2 0 0 1553
7 15 19 3.10308 -3 0 0 4113
7 15 20 7 -2 0 0 481
7 15 21 4.63762 0.456772 0.325795 0.204203 4083
7 15 22 3.23098 0.927325 0.328115 0.0975663 3781
7 15 23 2.68001 1.33329 0.517091 0.171279 700
7 15 24 3.10308 -3 0 0 5275
7 15 25 3.77515 0.400971 0.304077 0.0668378 4370
7 15 26 5.14976 0.69108 0.255569 0.393729 5886
7 15 27 2.8994 1.05719 0.401197 0.0494889 1692
7 15 28 3.47078 0.360273 0.498061 0.014294 4125
7 15 29 6.33467 0.645298 0.37621 0.433652 3704
7 15 30 8 -2 0 0 714
7 15 31 5.2062 0.524171 0.319244 0.606682 4655
7 15 32 2.77119 1.31804 0.805078 0.34608 4430
7 15 33 3.10308 -3 0 0 1511
7 15 34 3.86682 0.346586 1.09078 0.595669 6778
7 15 35 5 -2 0 0 4843
7 15 36 5.43083 0.532112 0.413302 0.38257 2809
7 15 37 3.6492 0.565212 0.284566 0.0464769 6126
7 15 38 3.18163 1.01711 0.33536 0.120164 5013
7 15 39 3.36957 0.49108 0.359968 0.0388838 6464
7 15 40 3.46345 0.312245 0.987018 0.34942 5136
7 15 41 4.84296 0.851492 0.510646 0.610602 4586
7 15 42 2.1358 8.09608 0.608067 0.929606 3724
7 15 43 3 -2 0 0 6262
7 15 44 3.21615 0.780889 0.422255 0.0806743 4885
7 15 45 4.27481 0.417588 0.316846 0.0923119 5004
7 15 46 2 -2 0 0 7203
7 15 47 3.06776 0.561137 0.712043 0.0970355 5805
7 15 48 3 -2 0 0 953
7 15 49 2.57125 0.784598 0.934973 0.637534 6409
7 15 50 2.81294 0.314395 0.594614 0.769909 5557
7 15 51 3 -2 0 0 9202
7 15 52 3.66076 0.935177 0.482317 0.304712 6540
7 15 53 2 1.32906 1.27142 0.934727 5820
7 15 54 3.0405 1.38837 0.552869 0.538548 4839
7 15 55 6 -2 0 0 7127
7 15 56 7 -2 0 0 7062
7 15 57 2.73074 0.960644 0.559557 0.163833 7837
7 15 58 3 -2 0 0 5495
7 15 59 3.08879 0.953479 0.371102 0.0726498 7633
7 15 60 4 -2 0 0 6312
7 15 61 5.52883 0.53337 0.320597 0.143529 9713
7 15 62 7.34242 0.506292 0.406478 1.01331 8197
7 15 63 4.0914 0.433506 0.342435 0.252907 6567
8 0 0 4 -2 0 0 9782
8 0 1 2.84182 0.777682 0.769216 0.518422 9278
8 0 2 3.12643 -3 0 0 9461
8 0 3 5 -2 0 0 6899
8 0 4 2.65862 0.744625 0.769826 0.300347 10296
8 0 5 4 -2 0 0 8580
8 0 6 5 -2 0 0 8705
8 0 7 5 -2 0 0 9098
8 0 8 5 -2 0 0 9274
8 0 9 4 -2 0 0 8449
8 0 10 3.21869 0.610737 0.733415 0.338993 7491
8 0 11 3.42742 0.488287 0.412156 0.177427 10170
8 0 12 2.72516 0.735331 1.19468 0.173344 8331
8 0 13 2 9.33946 0.870275 0.101811 9235
8 0 14 2.72439 0.645003 0.527903 0.038409 10473
8 0 15 3.74689 0.503257 0.501677 0.142011 7837
8 0 16 2.28437 7.6559 1.22804 0.494615 8187
8 0 17 2.86528 0.65824 0.706323 0.273369 11419
8 0 18 4.08043 0.603955 0.49434 0.490801 8837
8 0 19 3.12643 -3 0 0 9327
8 0 20 6 -2 0 0 9579
8 0 21 4.05215 0.532724 0.404318 0.349825 9227
8 0 22 2 8.33163 1.61763 0.135476 7214
8 0 23 4 -2 0 0 10545
8 0 24 3.12643 -3 0 0 9692
8 0 25 4.07797 0.309802 0.24554 0.21812 10877
8 0 26 4.37342 0.38041 0.356464 0.106521 11172
8 0 27 3.42095 0.322592 0.416673 0.281299 8939
8 0 28 4 -2 0 0 8906
8 0 29 3.59047 0.369046 0.401437 0.0485632 11772
8 0 30 4.32365 0.423019 0.332604 0.123864 9456
8 0 31 3.67557 0.632515 0.972958 0.915394 10990
8 0 32 6 -2 0 0 9889
8 0 33 5 -2 0 0 10645
8 0 34 3.77236 0.461988 0.489498 0.301208 14032
8 0 35 4.09834 0.528182 0.738297 0.582758 11718
8 0 36 3.83307 0.476335 0.510785 0.501943 11654
8 0 37 5.40746 0.502471 0.600681 0.833413 12541
8 0 38 4 -2 0 0 11391
8 0 39 4.58138 0.368432 0.611694 0.153398 13109
8 0 40 2.62669 0.658421 1.096 0.0733134 10328
8 0 41 5 -2 0 0 11098
8 0 42 3.12643 -3 0 0 13996
8 0 43 3.12643 -3 0 0 13116
8 0 44 4 -2 0 0 12575
8 0 45 4 -2 0 0 12560
8 0 46 3.43081 0.392568 0.5225 0.146019 14080
8 0 47 3.63964 0.42649 0.533299 0.110444 12676
8 0 48 3.47785 0.679591 0.575657 0.742067 12032
8 0 49 3.62731 0.302229 0.826442 0.299132 12477
8 0 50 6 -2 0 0 11748
8 0 51 2.38448 2.58126 1.29834 0.899421 16928
8 0 52 3.49393 0.394451 1.06779 0.632211 15692
8 0 53 6 -2 0 0 13944
8 0 54 3.91915 0.464506 0.248298 0.0200476 12079
8 0 55 2.22397 1.27111 1.26732 0.955041 15450
8 0 56 2.4286 0.937486 1.30641 0.806637 16932
8 0 57 3.12643 -3 0 0 16991
8 0 58 5 -2 0 0 12906
8 0 59 2.62239 0.987145 1.12743 0.433407 15109
8 0 60 2 -2 0 0 13168
8 0 61 2.63657 0.727436 1.27365 1.08187 19685
8 0 62 5 -2 0 0 17507
8 0 63 4 -2 0 0 14573
8 1 0 2.35008 0.865359 0.476452 0.48449 18550
8 1 1 2.05517 9.1256 0.604547 0.425291 19419
8 1 2 3.80756 0.658998 0.489479 0.727638 17937
8 1 3 3 -2 0 0 17264
8 1 4 2.76104 -3 0 0 14957
8 1 5 3.07558 0.704539 0.432546 0.497575 17359
8 1 6 5 -2 0 0 19593
8 1 7 2.60357 0.858573 0.529379 0.541253 10374
8 1 8 3 -2 0 0 16528
8 1 9 2.35795 0.933394 1.15857 0.319302 5904
8 1 10 6 -2 0 0 18112
8 1 11 2.59282 6.83784 0.666948 0.544858 14519
8 1 12 2.76104 -3 0 0 16467
8 1 13 2 -2 0 0 14734
8 1 14 5 -2 0 0 17887
8 1 15 2.54549 0.587789 0.392236 0.0795704 5818
8 1 16 4.65596 0.406591 0.371445 0.104826 20551
8 1 17 4 -2 0 0 15732
8 1 18 2.26511 1.0503 1.15625 0.578783 5940
8 1 19 2 1.66929 0.681549 0.395204 9000
8 1 20 3.01125 0.86093 0.871219 0.545034 6233
8 1 21 4.86981 0.583757 0.496654 1.00136 12674
8 1 22 3.25075 0.535823 0.569168 0.337086 14134
8 1 23 2.76104 -3 0 0 13357
8 1 24 3.03182 0.728528 0.493195 0.690099 15330
8 1 25 2.82112 0.636779 0.320576 0.166182 12037
8 1 26 2.76104 -3 0 0 15770
8 1 27 5 -2 0 0 9903
8 1 28 2.74027 0.592333 0.41095 0.15553 11206
8 1 29 4 -2 0 0 13229
8 1 30 3.33404 0.584024 0.485431 0.304932 6531
8 1 31 2 8.89533 1.75124 0.831333 7609
8 1 32 5 -2 0 0 8304
8 1 33 2 9.97941 0.84548 0.553237 9689
8 1 34 2 -2 0 0 14967
8 1 35 3.26493 0.599592 0.506684 0.401605 9954
8 1 36 3.57838 0.581679 0.397455 0.372109 4289
8 1 37 3.67043 0.499828 0.663279 0.264159 11976
8 1 38 2 -2 0 0 10682
8 1 39 3.21746 0.677119 0.559558 0.693239 10052
8 1 40 2.76104 -3 0 0 11700
8 1 41 2.76104 -3 0 0 11514
8 1 42 3.51719 0.420101 0.23923 0.0891404 11274
8 1 43 3.15833 0.587796 0.501365 0.397469 11673
8 1 44 3.29474 0.532098 0.497966 0.203344 9084
8 1 45 4.14712 0.511009 0.304131 0.439869 5615
8 1 46 3.40175 0.525792 0.323146 0.218799 12693
8 1 47 2 1.16027 1.07733 0.890345 9931
8 1 48 3.52787 0.465673 0.304309 0.0559928 11904
8 1 49 3.23047 0.633979 0.431454 0.282822 11591
8 1 50 5 -2 0 0 9770
8 1 51 2.76104 -3 0 0 9636
8 1 52 3 -2 0 0 11572
8 1 53 2.63853 0.359754 0.558281 0.954467 8610
8 1 54 2.93494 0.448867 0.392226 0.050998 10117
8 1 55 4.9605 0.607272 0.47809 0.807245 9358
8 1 56 2.73313 0.590537 0.806875 0.279495 9918
8 1 57 2 -2 0 0 9941
8 1 58 5 -2 0 0 9277
8 1 59 2.79002 0.708786 0.836224 0.242315 11550
8 1 60 2 -2 0 0 9944
8 1 61 2.34597 0.98469 0.535843 0.832498 10453
8 1 62 2 -2 0 0 11448
8 1 63 2 8.1224 0.662155 0.393476 10200
8 2 0 3 -2 0 0 18699
8 2 1 2.22632 11.1866 0.825176 0.771046 18519
8 2 2 3.37479 0.45239 0.369398 0.0307868 15253
8 2 3 2 8.97903 1.41724 0.802019 12752
8 2 4 2.91756 0.460136 0.457888 0.0335365 12890
8 2 5 5 -2 0 0 12951
8 2 6 6 -2 0 0 14579
8 2 7 2.98092 -3 0 0 11515
8 2 8 2 -2 0 0 15029
8 2 9 2.26598 0.902976 0.936059 0.469638 13076
8 2 10 5 -2 0 0 10202
8 2 11 3 -2 0 0 15748
8 2 12 5 -2 0 0 12798
8 2 13 2.98092 -3 0 0 12816
8 2 14 4 -2 0 0 18315
8 2 15 3.45437 0.582374 0.631726 0.362395 12479
8 2 16 2.98092 -3 0 0 14085
8 2 17 5 -2 0 0 14731
8 2 18 3.57626 0.457169 0.327225 0.0616758 11709
8 2 19 6 -2 0 0 12215
8 2 20 2.92515 0.260334 0.882701 0.119084 14055
8 2 21 2.91015 0.826797 1.5469 0.903019 13236
8 2 22 3.64924 0.494371 0.326705 0.0441981 9778
8 2 23 2.26457 0.928791 0.707017 0.948022 14108
8 2 24 3.56271 0.419299 0.349014 0.0659055 16674
8 2 25 6 -2 0 0 11857
8 2 26 7 -2 0 0 19974
8 2 27 3.4588 0.51136 0.422228 0.109329 11156
8 2 28 2.98092 -3 0 0 11726
8 2 29 3 -2 0 0 15430
8 2 30 2 -2 0 0 14510
8 2 31 2.98092 -3 0 0 10510
8 2 32 2.91615 0.538245 0.259934 0.0190391 12853
8 2 33 3.91206 0.477179 0.607375 0.385698 12547
8 2 34 4.94179 0.421032 0.49426 0.450919 18008
8 2 35 2.6445 0.813395 0.893543 0.185459 11204
8 2 36 2.98092 -3 0 0 13306
8 2 37 2.00202 9.22888 0.818005 0.421483 13157
8 2 38 2.98092 -3 0 0 12214
8 2 39 3.662 0.33248 0.409985 0.0274232 12654
8 2 40 2.98092 -3 0 0 15971
8 2 41 4 -2 0 0 10774
8 2 42 5 -2 0 0 12766
8 2 43 6 -2 0 0 15351
8 2 44 3.54776 0.537128 0.363186 0.0409354 12205
8 2 45 2.72386 0.329367 0.85043 0.828752 13885
8 2 46 5 -2 0 0 17233
8 2 47 3 -2 0 0 11885
8 2 48 7 -2 0 0 14189
8 2 49 3.96559 0.338395 0.36731 0.0323928 15908
8 2 50 3.63855 0.67914 0.598032 0.536161 12941
8 2 51 2 -2 0 0 16892
8 2 52 3.35975 0.458639 0.346701 0.0290395 15828
8 2 53 3.81562 0.538621 0.664717 0.275569 11806
8 2 54 4 -2 0 0 13452
8 2 55 5 -2 0 0 15499
8 2 56 5 -2 0 0 14621
8 2 57 5 -2 0 0 17535
8 2 58 2 -2 0 0 13842
8 2 59 3.38931 0.643511 0.590606 0.391563 18906
8 2 60 3.57235 0.571879 0.455637 0.164064 13869
8 2 61 2 2.3035 1.34058 0.420036 21445
8 2 62 2.70699 0.549781 0.408727 0.00538546 20063
8 2 63 2 -2 0 0 15352
8 3 0 2.1333 1.54309 0.98253 0.319635 17882
8 3 1 4 -2 0 0 15571
8 3 2 4 -2 0 0 17058
8 3 3 2 -2 0 0 17747
8 3 4 2.47693 0.686679 0.554625 0.566842 17556
8 3 5 3.23242 0.722476 0.859269 0.7359 15351
8 3 6 4.0837 0.423988 0.411384 0.125866 18705
8 3 7 4 -2 0 0 17468
8 3 8 7 -2 0 0 15423
8 3 9 3.17275 -3 0 0 17601
8 3 10 2 -2 0 0 19796
8 3 11 3.17275 -3 0 0 16320
8 3 12 4.34553 0.403502 0.360491 0.0936238 16145
8 3 13 4 -2 0 0 15719
8 3 14 3.17275 -3 0 0 15540
8 3 15 2.76353 0.750742 0.428136 0.381252 15372
8 3 16 2.32942 0.968091 1.18886 0.536003 20726
8 3 17 3.96828 0.49751 0.673488 0.379716 14114
8 3 18 3 -2 0 0 15675
8 3 19 4 -2 0 0 15366
8 3 20 4 -2 0 0 14487
8 3 21 6 -2 0 0 19081
8 3 22 3.65032 0.487211 0.525751 0.0826587 17702
8 3 23 3 -2 0 0 16329
8 3 24 4.80564 0.361588 0.48854 0.312609 16280
8 3 25 4.38902 0.34293 0.371046 0.0658971 7999
8 3 26 3.45402 0.668044 0.812006 0.575868 14620
8 3 27 5 -2 0 0 15151
8 3 28 7 -2 0 0 18608
8 3 29 4 -2 0 0 14063
8 3 30 3.45567 0.60902 0.669208 0.54163 6344
8 3 31 3 -2 0 0 16892
8 3 32 3.74437 0.538214 0.671159 0.642843 15945
8 3 33 3.69323 0.491859 0.490673 0.360057 15963
8 3 34 5 -2 0 0 14507
8 3 35 5.00051 0.423716 0.503697 0.62116 17903
8 3 36 6 -2 0 0 13999
8 3 37 3.59135 0.229859 0.858434 0.536785 15763
8 3 38 2 -2 0 0 13465
8 3 39 3.26358 0.530601 0.465949 0.0322016 16132
8 3 40 4 -2 0 0 14926
8 3 41 3.8929 0.483823 0.534775 0.125927 7763
8 3 42 5 -2 0 0 8683
8 3 43 3.71468 0.524098 0.473695 0.231327 17108
8 3 44 3.17275 -3 0 0 14520
8 3 45 3.47964 0.477265 0.497819 0.116682 14618
8 3 46 3.4843 0.235263 0.520834 0.138265 16800
8 3 47 2 -2 0 0 13924
8 3 48 3.17275 -3 0 0 16130
8 3 49 4.00218 0.547609 0.543579 0.532246 14496
8 3 50 3.00322 0.392017 0.392395 0.00146772 15209
8 3 51 3 -2 0 0 14355
8 3 52 3.68714 0.610808 0.83172 0.53241 14147
8 3 53 3 -2 0 0 16088
8 3 54 2.90886 0.618929 0.451272 0.0380238 5686
8 3 55 6 -2 0 0 16051
8 3 56 4.43655 0.423733 0.568377 0.259884 11317
8 3 57 3.22028 0.520936 0.622932 0.230438 13588
8 3 58 4 -2 0 0 16780
8 3 59 4 -2 0 0 13894
8 3 60 5 -2 0 0 16028
8 3 61 6 -2 0 0 15104
8 3 62 4 -2 0 0 13494
8 3 63 3.02034 0.681196 0.504304 0.317364 12306
8 4 0 3.30156 0.680111 0.588678 0.0537512 15989
8 4 1 2.02137 12.9313 1.11421 0.779159 14334
8 4 2 4.01683 0.597993 0.581291 0.126046 13115
8 4 3 7 -2 0 0 7509
8 4 4 2.9722 0.406249 0.4455 0.00557283 9418
8 4 5 3.40513 0.520383 0.405572 0.0527253 9803
8 4 6 2.55665 0.905602 0.469636 0.0438814 12349
8 4 7 4.06435 0.905819 0.660661 0.749269 8150
8 4 8 3.30923 0.429769 0.37526 0.00501974 10609
8 4 9 3.2583 0.744821 0.445269 0.125826 10339
8 4 10 3.83242 0.282441 0.656835 0.295487 9657
8 4 11 4 -2 0 0 9242
8 4 12 5 -2 0 0 10084
8 4 13 7 -2 0 0 7377
8 4 14 3.30233 0.74414 0.573761 0.0447583 12547
8 4 15 2.54278 0.997942 0.494395 0.169333 8093
8 4 16 6 -2 0 0 8407
8 4 17 2 -2 0 0 11038
8 4 18 2 -2 0 0 7772
8 4 19 3.4532 0.472097 0.858986 0.211972 7397
8 4 20 5 -2 0 0 7770
8 4 21 3 -2 0 0 11560
8 4 22 3.38868 0.470008 0.487168 0.0290759 7098
8 4 23 3.18898 -3 0 0 9917
8 4 24 3.18898 -3 0 0 11242
8 4 25 4.11726 0.758347 0.65008 0.376359 7090
8 4 26 4 -2 0 0 11974
8 4 27 3.18898 -3 0 0 7104
8 4 28 3.18898 -3 0 0 6219
8 4 29 5 -2 0 0 9879
8 4 30 7 -2 0 0 7449
8 4 31 3.82331 0.584886 0.599644 0.101257 6246
8 4 32 3.18898 -3 0 0 6076
8 4 33 4.81949 0.593174 0.349367 0.564215 6498
8 4 34 2.90957 0.930686 0.911344 0.168795 12913
8 4 35 2.4556 0.834774 1.00514 0.430116 6497
8 4 36 2 -2 0 0 6708
8 4 37 3.7371 0.386181 0.527153 0.00616844 8578
8 4 38 3.21805 0.703308 0.461261 0.0691848 5129
8 4 39 3.41836 0.47754 0.46609 0.02879 6628
8 4 40 3.18898 -3 0 0 8523
8 4 41 3.29652 0.764726 1.05398 0.909378 6218
8 4 42 5 -2 0 0 8009
8 4 43 3.28395 1.25917 0.636296 0.639011 10243
8 4 44 2.92757 0.334157 0.872361 0.322994 5732
8 4 45 5.06379 0.562109 0.363549 0.390678 6805
8 4 46 3.20938 0.229621 0.677279 0.0441207 10457
8 4 47 3.21204 0.668124 0.383471 0.0867933 5269
8 4 48 2.8424 0.863716 0.512364 0.189309 6512
8 4 49 6 -2 0 0 8497
8 4 50 4 -2 0 0 6003
8 4 51 5 -2 0 0 7586
8 4 52 2.46072 1.00426 0.942865 0.513962 10264
8 4 53 2 -2 0 0 5189
8 4 54 3.84631 0.646452 0.575264 0.176606 6247
8 4 55 3.46747 0.707266 0.463435 0.080274 8060
8 4 56 4.80207 0.530646 0.355176 0.491552 7009
8 4 57 4 -2 0 0 6963
8 4 58 2.48788 0.972734 0.423467 0.185907 7521
8 4 59 2.74638 0.577137 1.02259 0.273174 9326
8 4 60 2.00254 9.49246 1.03931 0.42427 5997
8 4 61 2.51371 0.804365 0.555748 0.0109015 10294
8 4 62 5.20293 0.413447 0.432232 0.0456319 9741
8 4 63 2.90607 0.741702 0.525027 0.248737 7856
8 5 0 5 -2 0 0 6932
8 5 1 3.26604 0.456378 0.374056 0.0599268 12710
8 5 2 2 -2 0 0 13079
8 5 3 7 -2 0 0 13216
8 5 4 2.76914 7.10078 0.976706 0.566543 8394
8 5 5 2 -2 0 0 10229
8 5 6 4 -2 0 0 12552
8 5 7 3 -2 0 0 14458
8 5 8 2.64971 0.641963 0.396944 0.0999907 13225
8 5 9 5 -2 0 0 10383
8 5 10 6 -2 0 0 7764
8 5 11 4 -2 0 0 11572
8 5 12 3.84864 0.604808 0.802786 0.66634 5624
8 5 13 4.0779 0.310546 0.28881 0.109787 15525
8 5 14 4.24134 0.291358 0.431861 0.0679764 12720
8 5 15 3.49427 0.465521 0.380903 0.130637 13381
8 5 16 4.42122 0.419701 0.544291 0.154972 15709
8 5 17 2.81927 -3 0 0 13509
8 5 18 4 -2 0 0 14516
8 5 19 3.07946 0.55894 0.386929 0.0176215 16550
8 5 20 2.91099 0.652979 0.328688 0.195693 16042
8 5 21 2.81927 -3 0 0 11925
8 5 22 6 -2 0 0 10942
8 5 23 2.67119 0.622796 1.12506 0.747106 15336
8 5 24 3 -2 0 0 12394
8 5 25 2 -2 0 0 13037
8 5 26 3.08987 0.383634 1.15209 0.798707 13139
8 5 27 2.81927 -3 0 0 15927
8 5 28 4 -2 0 0 13636
8 5 29 4.25339 0.492992 0.379943 0.264575 15329
8 5 30 3.4095 0.589181 0.553128 0.477112 15744
8 5 31 3.3272 0.354354 0.399177 0.0215627 18751
8 5 32 2.1108 7.65517 1.39587 0.151284 8648
8 5 33 2.80338 0.793753 0.549169 0.181617 6654
8 5 34 3.90023 0.404171 0.623523 0.313448 12270
8 5 35 2.81927 -3 0 0 15887
8 5 36 2 11.3997 1.42041 1.08634 17281
8 5 37 3.26245 0.385847 1.20332 0.494573 14076
8 5 38 3.40096 0.307791 0.994623 0.545496 20665
8 5 39 2.81927 -3 0 0 20610
8 5 40 3.37046 0.553877 0.530761 0.266427 16771
8 5 41 2 -2 0 0 13589
8 5 42 2 8.53269 1.85452 1.07299 17688
8 5 43 6 -2 0 0 16604
8 5 44 3.21682 0.254794 0.486993 0.00721818 15862
8 5 45 3.58167 0.343374 0.444956 0.147122 17125
8 5 46 5 -2 0 0 14698
8 5 47 3.59433 0.765671 0.915356 1.03177 26198
8 5 48 4.27285 0.408781 0.372574 0.0725952 18197
8 5 49 3.25029 0.544225 0.48021 0.0381089 18811
8 5 50 3.25859 0.843111 0.985574 0.983322 11534
8 5 51 2.81927 -3 0 0 20591
8 5 52 2.81927 -3 0 0 16068
8 5 53 2.59643 0.620671 1.04159 0.442796 23103
8 5 54 4.05855 0.494843 0.281617 0.097335 12440
8 5 55 3.52777 0.581006 0.766486 0.489282 18007
8 5 56 7 -2 0 0 14647
8 5 57 2.3822 0.791056 0.697335 0.439171 21183
8 5 58 2.03887 11.8141 0.904134 0.95181 19129
8 5 59 4.05456 0.434565 0.791517 0.491551 15852
8 5 60 2.71778 0.76883 0.736368 0.217432 14592
8 5 61 2.18755 1.76798 0.749171 0.67668 20400
8 5 62 2.81927 -3 0 0 16891
8 5 63 2.81927 -3 0 0 17354
8 6 0 5.72274 0.44063 0.476642 0.181443 9550
8 6 1 5.41809 0.546606 0.386132 0.456481 9916
8 6 2 5.41605 0.503728 0.323191 0.160088 9277
8 6 3 3.19394 0.391865 1.03965 0.200888 6617
8 6 4 3.47271 0.520448 0.382047 0.0537593 6239
8 6 5 2.88329 1.36801 0.668426 0.279615 7359
8 6 6 3.86968 0.690949 0.462052 0.106464 8069
8 6 7 2 -2 0 0 5913
8 6 8 4.3006 0.489061 0.439079 0.0268192 7471
8 6 9 5.48844 0.52508 0.448935 0.490679 6704
8 6 10 4 -2 0 0 6669
8 6 11 2.56147 11.432 1.54301 0.967343 6347
8 6 12 2 -2 0 0 7178
8 6 13 4 -2 0 0 5090
8 6 14 5.30963 0.50283 0.424292 0.445594 9144
8 6 15 2 -2 0 0 5691
8 6 16 4.19248 0.361957 0.410065 0.0142112 6880
8 6 17 6 -2 0 0 7547
8 6 18 2 -2 0 0 6145
8 6 19 4.31246 0.441025 0.571598 0.0187904 3926
8 6 20 5.16669 0.500309 0.431996 0.327959 5712
8 6 21 4.29699 0.530735 0.37426 0.107619 7276
8 6 22 4.94081 0.530323 0.353173 0.0957585 5482
8 6 23 6 -2 0 0 6101
8 6 24 5 -2 0 0 8922
8 6 25 3.61952 0.778978 1.73092 0.866638 2751
8 6 26 6 -2 0 0 8640
8 6 27 4.16284 0.815096 0.598672 0.256082 5177
8 6 28 6.96433 0.334543 0.397903 1.08928 4805
8 6 29 5 -2 0 0 6351
8 6 30 7 -2 0 0 5658
8 6 31 7.85496 0.337718 0.26892 0.372435 5003
8 6 32 4.92917 0.540041 0.516166 0.17542 4783
8 6 33 6.20236 0.58789 0.166618 0.824717 4970
8 6 34 4.21422 0.45686 0.363525 0.0439303 7784
8 6 35 3.85693 -3 0 0 3924
8 6 36 4.21538 0.401348 0.848443 0.155846 4546
8 6 37 4.01402 0.388141 0.388576 0.0186764 5749
8 6 38 5.9708 0.455922 0.296062 0.226473 4522
8 6 39 6 -2 0 0 4346
8 6 40 2 0.9946 1.43614 0.860745 5222
8 6 41 3.35591 0.283998 0.664847 0.142079 3680
8 6 42 3.6509 0.273667 0.858193 0.116207 4420
8 6 43 4.03601 0.566604 0.529947 0.109473 5986
8 6 44 3 -2 0 0 4134
8 6 45 4.50226 0.667382 0.359258 0.438091 4455
8 6 46 5 -2 0 0 7330
8 6 47 0 -10 0 0 0
8 6 48 3.85693 -3 0 0 4306
8 6 49 2.11902 9.62512 1.41403 0.932182 4974
8 6 50 3.85693 -3 0 0 3963
8 6 51 3.3932 0.820844 0.609892 0.116444 5332
8 6 52 6 -2 0 0 6070
8 6 53 3.19484 1.45139 0.726078 0.372299 4091
8 6 54 3.85693 -3 0 0 4216
8 6 55 3.85693 -3 0 0 4765
8 6 56 2.71424 0.822021 0.512258 0.148727 5259
8 6 57 6.03479 0.497179 0.39764 0.773076 5170
8 6 58 5 -2 0 0 4619
8 6 59 3.71646 0.860111 0.490544 0.219928 5932
8 6 60 2 1.88266 1.19122 0.750274 4722
8 6 61 3.85693 -3 0 0 5116
8 6 62 4 -2 0 0 5958
8 6 63 2.58105 1.22323 0.783515 0.151402 4918
8 7 0 2.4708 0.885603 0.362032 0.368561 7755
8 7 1 5 -2 0 0 7412
8 7 2 3.61129 -3 0 0 7412
8 7 3 3.61129 -3 0 0 6569
8 7 4 2.98798 0.821723 0.454275 0.219657 2635
8 7 5 4.92385 0.594676 0.212998 0.59549 5373
8 7 6 2 -2 0 0 7237
8 7 7 2.72665 0.781009 0.505253 0.402824 8172
8 7 8 4.65446 0.330322 0.316674 0.60154 7593
8 7 9 3.81559 0.55455 0.374852 0.0759666 5494
8 7 10 4.06731 0.284782 1.07764 0.983424 7423
8 7 11 3.61129 -3 0 0 7851
8 7 12 5 -2 0 0 7272
8 7 13 6 -2 0 0 8578
8 7 14 4.94239 0.342486 0.295926 0.251156 7318
8 7 15 5.08462 0.500016 0.292755 0.474676 7133
8 7 16 7 -2 0 0 7904
8 7 17 6 -2 0 0 7509
8 7 18 3.27659 0.375597 0.528929 0.0872954 7619
8 7 19 3.30677 0.745632 0.400002 0.173524 9422
8 7 20 4.43632 0.441728 0.231726 0.350271 8137
8 7 21 6 -2 0 0 7200
8 7 22 3.43258 1.00834 0.375528 0.447173 5804
8 7 23 4.84603 0.369791 0.252231 0.914514 7838
8 7 24 3.61129 -3 0 0 7078
8 7 25 6 -2 0 0 9464
8 7 26 2 8.6769 0.925909 0.88452 7983
8 7 27 3.61129 -3 0 0 8888
8 7 28 3.29063 1.34281 0.722665 0.904866 5544
8 7 29 5 -2 0 0 8921
8 7 30 5 -2 0 0 8426
8 7 31 4.80269 0.323556 0.344297 0.0451948 11435
8 7 32 5 -2 0 0 10778
8 7 33 4.14978 0.266697 0.845808 0.613305 10607
8 7 34 4.15142 0.435227 0.311387 0.0291676 9053
8 7 35 5.80284 0.299043 0.296332 1.05247 13353
8 7 36 4.05868 0.365326 0.476247 0.156035 9909
8 7 37 2 -2 0 0 9964
8 7 38 5 -2 0 0 12821
8 7 39 3.56101 1.04668 1.16685 0.833698 11454
8 7 40 5 -2 0 0 7305
8 7 41 5 -2 0 0 10251
8 7 42 3.61129 -3 0 0 11481
8 7 43 3.56711 0.763169 0.392228 0.359405 9097
8 7 44 4.55942 0.31116 0.319439 0.042966 12782
8 7 45 6 -2 0 0 10713
8 7 46 7 -2 0 0 10874
8 7 47 3.4329 0.422082 1.11623 1.04519 17657
8 7 48 3.33581 0.489891 0.330703 0.021577 10550
8 7 49 6 -2 0 0 10753
8 7 50 4 -2 0 0 12727
8 7 51 3.56914 0.647978 1.57748 0.453733 6971
8 7 52 4.32703 0.374234 0.332897 0.0460643 11386
8 7 53 3.15898 0.864102 0.43934 0.291312 10749
8 7 54 2.79569 0.696055 0.478854 0.0648464 11700
8 7 55 4.15126 0.547348 0.422941 0.0856046 12467
8 7 56 2 -2 0 0 15233
8 7 57 5 -2 0 0 13967
8 7 58 3.62911 0.331654 0.364034 0.0472852 11659
8 7 59 6 -2 0 0 8644
8 7 60 3.61129 -3 0 0 15799
8 7 61 2.4543 0.725221 0.963699 0.79841 9662
8 7 62 2 -2 0 0 7415
8 7 63 5 -2 0 0 11989
8 8 0 3.2063 0.626247 0.624812 0.118503 5580
8 8 1 6 -2 0 0 5539
8 8 2 4 -2 0 0 6027
8 8 3 6 -2 0 0 6355
8 8 4 6 -2 0 0 7267
8 8 5 5 -2 0 0 6608
8 8 6 4.28393 0.445572 0.451724 0.145928 6508
8 8 7 3.53201 0.388794 0.52942 0.0569688 7818
8 8 8 3.58016 0.664724 0.417226 0.340271 6217
8 8 9 5 -2 0 0 7048
8 8 10 6 -2 0 0 6701
8 8 11 3.52146 -3 0 0 6791
8 8 12 3.52146 -3 0 0 5885
8 8 13 3.65027 0.623054 0.391105 0.0711963 7572
8 8 14 4.21224 0.782496 0.667359 0.45257 5889
8 8 15 4.21948 0.477568 0.272856 0.285207 7709
8 8 16 3.44158 0.645722 1.03244 0.0491858 7911
8 8 17 4 -2 0 0 3095
8 8 18 3.51138 0.263278 0.616035 0.0598311 7212
8 8 19 4.31253 0.524186 0.48018 0.0583387 10203
8 8 20 2 -2 0 0 7654
8 8 21 7 -2 0 0 7347
8 8 22 5 -2 0 0 6921
8 8 23 4 -2 0 0 6872
8 8 24 5.30553 0.476416 0.395113 0.0883901 5849
8 8 25 4.69443 0.339666 0.37173 0.155541 10693
8 8 26 3.43758 0.686128 0.875745 0.510063 6545
8 8 27 4.36754 0.34186 0.400873 0.012247 7607
8 8 28 4.95507 0.642145 0.752393 0.799598 8278
8 8 29 2.98196 0.562242 1.22628 1.05682 6537
8 8 30 2 -2 0 0 8117
8 8 31 3.92767 0.754118 1.31325 0.816411 12229
8 8 32 3.19034 0.583885 1.30549 0.430214 9035
8 8 33 4 -2 0 0 9299
8 8 34 3.65954 0.584061 0.434553 0.0282314 6934
8 8 35 3.44174 1.33501 0.801315 0.701024 14218
8 8 36 5.40159 0.578706 0.511149 0.797445 9313
8 8 37 3.28917 0.579066 0.716251 0.0590201 8581
8 8 38 3.52146 -3 0 0 14627
8 8 39 5.04937 0.564225 0.474144 0.504494 13777
8 8 40 5 -2 0 0 8316
8 8 41 3.45823 0.76239 0.59798 0.363243 11530
8 8 42 3.69619 0.582224 0.485639 0.053688 9099
8 8 43 6 -2 0 0 7677
8 8 44 6 -2 0 0 9466
8 8 45 3.23984 0.375248 1.11542 0.743151 9539
8 8 46 3.20963 0.663009 0.820912 0.132272 6718
8 8 47 7 -2 0 0 17793
8 8 48 3.13855 0.838356 0.582827 0.244641 9347
8 8 49 3.67577 0.618586 0.485457 0.0836267 7959
8 8 50 3.4492 0.708723 0.586633 0.280222 10901
8 8 51 5 -2 0 0 9988
8 8 52 3.52146 -3 0 0 7911
8 8 53 6 -2 0 0 12905
8 8 54 4.75594 0.592845 0.835933 0.749623 9497
8 8 55 4.16223 0.368206 0.433864 0.0484217 9501
8 8 56 3.25585 0.622505 0.407412 0.00816038 12288
8 8 57 2.59417 0.92748 0.62143 0.131972 11518
8 8 58 2 10.2319 1.41933 0.796601 8779
8 8 59 7 -2 0 0 7652
8 8 60 4 -2 0 0 11937
8 8 61 5 -2 0 0 9900
8 8 62 4.45176 0.465274 0.375446 0.185055 9078
8 8 63 2.33412 1.19016 1.23648 0.833172 8187
8 9 0 2.62802 1.07941 0.684139 0.120755 9454
8 9 1 3.79918 0.359293 0.485754 0.0411156 7850
8 9 2 2.61394 1.36298 0.577385 0.346338 6882
8 9 3 3.24445 0.417898 0.398807 0.0167908 4179
8 9 4 5 -2 0 0 4813
8 9 5 2 -2 0 0 4592
8 9 6 9 -2 0 0 5981
8 9 7 2 -2 0 0 4433
8 9 8 3.20575 -3 0 0 6203
8 9 9 2 9.87666 0.789222 0.0572482 5019
8 9 10 2.85999 8.79638 1.14264 0.259528 4617
8 9 11 6 -2 0 0 5599
8 9 12 4.31202 0.535139 0.45701 0.109034 4619
8 9 13 4 -2 0 0 3610
8 9 14 3.07816 0.922875 0.58618 0.0925867 6700
8 9 15 3.20575 -3 0 0 4084
8 9 16 3.20575 -3 0 0 4659
8 9 17 2.03093 12.9797 1.30896 1.00331 6596
8 9 18 2 -2 0 0 3560
8 9 19 3.45766 0.345707 0.573472 0.0632927 3879
8 9 20 9 -2 0 0 3801
8 9 21 4.26457 0.419436 0.425503 0.11892 5396
8 9 22 3.54397 0.677784 0.631424 0.245891 3657
8 9 23 4.76261 0.356346 1.1648 0.775519 4764
8 9 24 7 -2 0 0 6291
8 9 25 3.65376 0.404485 0.34031 0.0800086 3516
8 9 26 3.20575 -3 0 0 7063
8 9 27 3.55394 0.680735 0.442974 0.0454367 3914
8 9 28 4 -2 0 0 3026
8 9 29 2 -2 0 0 5303
8 9 30 2.9329 0.93017 0.7131 0.0361838 1958
8 9 31 3.20575 -3 0 0 3791
8 9 32 4 -2 0 0 3036
8 9 33 4.0838 0.662928 0.392894 0.0710199 1375
8 9 34 2.52352 1.33691 0.842014 0.32258 6796
8 9 35 2 -2 0 0 3535
8 9 36 3 -2 0 0 3479
8 9 37 6 -2 0 0 4939
8 9 38 4 -2 0 0 3334
8 9 39 9 -2 0 0 2536
8 9 40 2.58235 1.39561 0.845672 0.206502 2274
8 9 41 6.73061 0.452139 0.215944 0.570457 2957
8 9 42 4 -2 0 0 3859
8 9 43 2.7898 0.809581 1.21553 0.552799 4854
8 9 44 5.57431 0.355137 0.162889 0.305986 1286
8 9 45 5 -2 0 0 3217
8 9 46 4.94466 0.340502 0.485201 0.505934 5578
8 9 47 3.46769 1.00682 0.982541 0.724875 3235
8 9 48 3.3408 0.966086 0.390569 0.354247 2217
8 9 49 5 -2 0 0 4182
8 9 50 3.39755 0.604553 0.568256 0.0495447 1341
8 9 51 3.20575 -3 0 0 4087
8 9 52 2 1.77204 1.68781 1.04053 4931
8 9 53 5 -2 0 0 2604
8 9 54 2.66125 1.06187 0.655603 0.0269871 1404
8 9 55 6 -2 0 0 4676
8 9 56 5 -2 0 0 3185
8 9 57 7 -2 0 0 4367
8 9 58 2 -2 0 0 1847
8 9 59 6 -2 0 0 5680
8 9 60 3.20575 -3 0 0 3558
8 9 61 3.66281 0.354642 0.497376 0.0184396 4748
8 9 62 2.82378 0.472111 0.868862 0.445863 5087
8 9 63 3.42393 0.381754 0.559377 0.0481899 1827
8 10 0 4 -2 0 0 12912
8 10 1 4 -2 0 0 11865
8 10 2 5 -2 0 0 11208
8 10 3 3.46131 0.390191 0.382424 0.0645822 14879
8 10 4 3.37295 -3 0 0 14083
8 10 5 3.70494 0.340189 0.33633 0.0168302 12893
8 10 6 3.28273 0.675457 0.663266 0.422408 13616
8 10 7 3.31616 0.940185 1.65403 0.244101 18201
8 10 8 3.45655 0.57245 0.796286 0.174588 12041
8 10 9 3.65637 0.479837 0.560073 0.359129 15996
8 10 10 3.36199 0.507116 0.413165 0.137435 16206
8 10 11 2 -2 0 0 13088
8 10 12 3.33207 0.654571 0.639132 0.330504 13388
8 10 13 2.65865 0.886113 1.36927 0.529333 15586
8 10 14 2.8569 0.805641 0.564781 0.437627 13442
8 10 15 3.37295 -3 0 0 16522
8 10 16 2 -2 0 0 21674
8 10 17 4.3751 0.404416 0.441227 0.0593053 11815
8 10 18 2.45971 0.868136 0.408559 0.0700679 14431
8 10 19 6 -2 0 0 21863
8 10 20 2.83632 0.726999 1.41826 0.988524 15614
8 10 21 6 -2 0 0 15016
8 10 22 3.37295 -3 0 0 16574
8 10 23 3.33969 0.522586 0.64097 0.303053 14454
8 10 24 3.68559 0.495421 0.85726 0.518692 13402
8 10 25 3.4606 0.435828 0.860665 0.486096 22480
8 10 26 3.26363 0.790277 0.888506 0.801824 13216
8 10 27 5 -2 0 0 15790
8 10 28 3.94931 0.471109 0.510868 0.256847 16394
8 10 29 2 -2 0 0 14106
8 10 30 3.49938 0.279333 0.370661 0.0578929 17045
8 10 31 4.02959 0.45775 0.5267 0.120602 20245
8 10 32 4.35203 0.32695 0.810682 0.448237 16869
8 10 33 2.33409 1.03155 1.32971 0.592131 17609
8 10 34 4.19332 0.397695 0.383979 0.126357 11967
8 10 35 4.53154 0.423311 0.618021 0.30952 21262
8 10 36 2.74771 0.705058 1.24834 0.436185 14635
8 10 37 3.34513 0.551724 0.703286 0.32749 15206
8 10 38 2 -2 0 0 22606
8 10 39 5 -2 0 0 20428
8 10 40 2 -2 0 0 15267
8 10 41 6 -2 0 0 20048
8 10 42 2 -2 0 0 17245
8 10 43 3.37295 -3 0 0 14744
8 10 44 3.52653 0.288648 0.840862 0.346271 19825
8 10 45 3.37295 -3 0 0 15929
8 10 46 4.08869 0.459092 0.596914 0.0885446 12874
8 10 47 4.23181 0.477425 1.00497 0.514595 24100
8 10 48 3.90358 0.41075 0.340383 0.049498 18754
8 10 49 4.12517 0.501161 0.377841 0.312816 12875
8 10 50 5 -2 0 0 15236
8 10 51 3.44185 0.504199 0.47861 0.0456322 11956
8 10 52 2.91223 0.446257 1.13307 0.400113 13943
8 10 53 4.45993 0.340063 0.511998 0.0764326 23104
8 10 54 3.58029 0.532989 0.595432 0.230451 14323
8 10 55 5 -2 0 0 7437
8 10 56 2.87321 0.745323 0.520185 0.431333 19753
8 10 57 4.01843 0.477181 0.441493 0.415538 18766
8 10 58 2.93509 0.76981 0.722124 0.526613 6680
8 10 59 4 -2 0 0 14392
8 10 60 3.81191 0.410107 0.373461 0.0513349 22194
8 10 61 3.60134 0.3867 0.433592 0.0591107 16984
8 10 62 3.4217 0.423021 0.399874 0.0295066 10631
8 10 63 2.89184 0.489411 0.7555 0.311183 15621
8 11 0 2.79484 0.917673 0.636388 0.370224 15529
8 11 1 4.25915 0.524843 0.509604 0.331295 13212
8 11 2 10 -2 0 0 14015
8 11 3 4.23253 0.442254 0.32545 0.0815252 8027
8 11 4 3.49638 0.537864 0.393635 0.0497815 9061
8 11 5 6 -2 0 0 9436
8 11 6 3.40004 0.651869 0.64515 0.169898 11114
8 11 7 4.27111 0.447009 0.690825 0.524445 7579
8 11 8 5 -2 0 0 5657
8 11 9 2.57472 0.960124 0.686954 0.948017 9415
8 11 10 3.70691 -3 0 0 8433
8 11 11 5 -2 0 0 11715
8 11 12 3.27318 0.351272 0.698056 0.200128 5320
8 11 13 5 -2 0 0 6781
8 11 14 3.15394 0.51633 1.27287 0.192767 11723
8 11 15 3.70691 -3 0 0 7942
8 11 16 3.52811 0.210852 0.954186 0.683508 7388
8 11 17 5 -2 0 0 11458
8 11 18 3.80234 0.506355 0.386431 0.0348519 8523
8 11 19 3 -2 0 0 7379
8 11 20 6 -2 0 0 8931
8 11 21 6 -2 0 0 9312
8 11 22 3.70691 -3 0 0 7584
8 11 23 3.70691 -3 0 0 11140
8 11 24 6 -2 0 0 11163
8 11 25 3.70691 -3 0 0 7075
8 11 26 8 -2 0 0 13644
8 11 27 2 -2 0 0 7401
8 11 28 4.24375 0.379595 0.452272 0.0606748 6669
8 11 29 4.11116 0.511697 0.747845 0.0894143 11788
8 11 30 2.85514 0.926176 0.664812 0.563277 7663
8 11 31 3.70691 -3 0 0 6743
8 11 32 3.93379 0.356609 0.605342 0.1758 6767
8 11 33 7 -2 0 0 6940
8 11 34 3 -2 0 0 15368
8 11 35 7 -2 0 0 6647
8 11 36 3.61236 1.12732 0.786714 0.99372 7809
8 11 37 3.70691 -3 0 0 10900
8 11 38 5.42791 0.383439 0.559808 0.408439 6483
8 11 39 3.70691 -3 0 0 7704
8 11 40 3.70691 -3 0 0 8354
8 11 41 8 -2 0 0 6122
8 11 42 7 -2 0 0 7743
8 11 43 4.18586 0.480875 0.319751 0.049396 12176
8 11 44 3.70691 -3 0 0 6270
8 11 45 6 -2 0 0 7186
8 11 46 6 -2 0 0 13048
8 11 47 2.98047 0.612907 1.22783 0.249207 6701
8 11 48 3.70691 -3 0 0 7547
8 11 49 3.60879 0.709654 0.501083 0.496366 10313
8 11 50 3.70691 -3 0 0 7095
8 11 51 3.40212 0.413455 0.922449 0.13478 10025
8 11 52 5.13905 0.342121 0.554284 0.229553 10904
8 11 53 6 -2 0 0 6109
8 11 54 7 -2 0 0 7959
8 11 55 7 -2 0 0 10356
8 11 56 4.22035 0.587387 0.524412 0.234096 7779
8 11 57 4.27115 0.524838 0.439232 0.18871 9389
8 11 58 5 -2 0 0 8037
8 11 59 2.12485 7.47257 0.853978 0.149467 11931
8 11 60 6 -2 0 0 8150
8 11 61 3.70691 -3 0 0 11402
8 11 62 4.50475 0.377446 0.454422 0.142719 12320
8 11 63 5.73127 0.420357 0.301697 0.688502 10259
8 12 0 2 -2 0 0 15254
8 12 1 2 -2 0 0 15314
8 12 2 5 -2 0 0 17076
8 12 3 2.95715 0.613595 0.462587 0.0775318 16151
8 12 4 3.37137 0.575374 0.433966 0.193825 15239
8 12 5 5 -2 0 0 15043
8 12 6 3.11795 0.686695 1.50342 0.451784 17579
8 12 7 2.1899 1.36687 0.852178 0.184171 19428
8 12 8 2.48126 0.878222 1.17781 0.299148 14534
8 12 9 3.11696 0.353853 1.12517 0.549287 20084
8 12 10 3.51328 0.493876 0.37665 0.0309214 18734
8 12 11 4 -2 0 0 13340
8 12 12 4 -2 0 0 15469
8 12 13 2.84676 0.617987 0.414586 0.0657422 16907
8 12 14 2 1.19947 1.45436 0.719386 14178
8 12 15 2.77385 0.689647 0.844812 0.312778 17212
8 12 16 4 -2 0 0 21637
8 12 17 3 -2 0 0 12398
8 12 18 3 -2 0 0 15899
8 12 19 5 -2 0 0 18492
8 12 20 2.65786 0.889022 1.38331 0.300987 14195
8 12 21 4 -2 0 0 18719
8 12 22 2.65672 0.832708 1.21233 0.6727 17422
8 12 23 2 -2 0 0 13296
8 12 24 3.43086 0.596216 0.395829 0.195616 13934
8 12 25 3.38326 0.668 0.519099 0.253966 18373
8 12 26 6 -2 0 0 12623
8 12 27 3 -2 0 0 15604
8 12 28 3 -2 0 0 14971
8 12 29 4.15435 0.47639 0.372377 0.173768 11059
8 12 30 2.95403 -3 0 0 13841
8 12 31 3.19849 0.560637 0.451342 0.053547 14714
8 12 32 3.5704 0.672672 0.992771 0.403959 13122
8 12 33 2.25443 1.63863 1.35103 0.624133 12426
8 12 34 3.74504 0.343228 0.479426 0.0463135 13671
8 12 35 2.41086 1.22457 1.26023 0.777583 16494
8 12 36 4 -2 0 0 11027
8 12 37 6 -2 0 0 11141
8 12 38 3.62886 0.593791 0.587661 0.250014 13260
8 12 39 5 -2 0 0 11607
8 12 40 3.08192 0.605318 0.621012 0.330334 13048
8 12 41 3 -2 0 0 13141
8 12 42 3.58397 1.00017 0.779883 1.09318 11055
8 12 43 3.71063 0.40259 0.35925 0.0245749 11107
8 12 44 3.28689 0.519808 0.507904 0.217393 12021
8 12 45 3.48998 0.531841 0.298556 0.0813371 13011
8 12 46 5 -2 0 0 11611
8 12 47 5.06582 0.473517 0.470391 0.668462 13194
8 12 48 4 -2 0 0 11604
8 12 49 3.56977 0.453238 0.284282 0.00770972 11889
8 12 50 5 -2 0 0 13099
8 12 51 2.95403 -3 0 0 9693
8 12 52 4 -2 0 0 9970
8 12 53 7 -2 0 0 11318
8 12 54 3.19934 0.703218 0.419794 0.268837 12754
8 12 55 5 -2 0 0 9039
8 12 56 4 -2 0 0 10689
8 12 57 4.00256 0.490471 0.670422 0.302322 10391
8 12 58 3.64173 0.463415 0.391216 0.082391 10544
8 12 59 2 8.64608 0.974117 1.0006 10412
8 12 60 3.72507 0.326223 0.491455 0.0310242 12643
8 12 61 4.25842 0.47807 0.566612 0.174763 7960
8 12 62 2.71548 0.665029 0.600955 0.109026 10943
8 12 63 5 -2 0 0 10299
8 13 0 4.47474 0.613586 0.140051 0.061564 2837
8 13 1 4.33905 0.501631 0.438365 0.111095 7843
8 13 2 3.7361 0.358752 0.704998 0.152939 7585
8 13 3 4.01677 0.603946 0.414114 0.528605 5943
8 13 4 2.62596 0.821939 1.16084 0.793031 6887
8 13 5 5 -2 0 0 6704
8 13 6 5 -2 0 0 7220
8 13 7 5.36705 0.421951 0.362295 0.280622 4518
8 13 8 4.16868 0.486527 0.413482 0.307881 7856
8 13 9 4 -2 0 0 5497
8 13 10 3.30329 0.687598 0.40198 0.0782785 5583
8 13 11 4.47141 0.433637 0.347878 0.101217 7772
8 13 12 3.64288 0.783747 0.463538 0.277353 6181
8 13 13 3.52771 0.397931 0.63237 0.227233 5043
8 13 14 4.06262 0.515867 0.655855 0.147252 11382
8 13 15 5.78458 0.603615 0.430172 0.771028 5630
8 13 16 4.02645 0.450645 0.441582 0.00893553 5297
8 13 17 3.69432 0.645533 0.544104 0.111396 8717
8 13 18 4.68967 0.578921 0.297317 0.114641 6805
8 13 19 3.93113 -3 0 0 5493
8 13 20 2 -2 0 0 7412
8 13 21 2 -2 0 0 6687
8 13 22 8 -2 0 0 5162
8 13 23 2.68039 0.728362 1.12364 0.935174 7689
8 13 24 3.46724 0.775818 0.866927 0.578373 8053
8 13 25 3.34791 0.387568 0.95318 0.579725 5633
8 13 26 3.73896 0.26992 1.01575 0.178171 10370
8 13 27 3.90851 0.769044 0.783723 0.718231 5963
8 13 28 6.03581 0.405735 0.242892 0.219555 5037
8 13 29 3.70927 0.293121 0.897654 0.336101 9763
8 13 30 4.84747 0.386638 0.385824 0.388788 6600
8 13 31 5.29945 0.934861 0.603779 0.321622 5721
8 13 32 3.64543 0.308973 0.82358 0.445652 4958
8 13 33 4.47862 0.320041 0.322191 0.05549 6522
8 13 34 3.93113 -3 0 0 11895
8 13 35 3.16738 0.885699 0.614602 0.627694 5900
8 13 36 4.30152 0.475837 0.367722 0.0473137 6973
8 13 37 3.93113 -3 0 0 9246
8 13 38 6 -2 0 0 5712
8 13 39 5.49462 0.432819 0.252648 0.0552529 9498
8 13 40 7 -2 0 0 8090
8 13 41 5 -2 0 0 6670
8 13 42 3.33981 0.753683 0.996358 0.203249 8550
8 13 43 3.93113 -3 0 0 10521
8 13 44 6 -2 0 0 6205
8 13 45 3.41258 0.313248 1.10206 0.295208 6730
8 13 46 6 -2 0 0 12791
8 13 47 4.12784 0.376862 0.465543 0.0331697 7172
8 13 48 5 -2 0 0 8256
8 13 49 4.26599 0.504486 0.475596 0.0656866 9665
8 13 50 5.75383 0.407718 0.347959 0.588955 7693
8 13 51 4.59889 0.388532 0.540062 0.0661776 14071
8 13 52 2 -2 0 0 11066
8 13 53 5.10698 0.403963 0.32992 0.095872 6370
8 13 54 4.53263 0.422363 0.398595 0.127736 8158
8 13 55 4 -2 0 0 10988
8 13 56 3.38522 0.76194 1.05513 0.895216 10468
8 13 57 5 -2 0 0 11428
8 13 58 3.24477 0.317548 1.03555 0.385817 9198
8 13 59 2.59634 1.30914 0.884351 0.911877 13074
8 13 60 2.60126 0.788815 1.1116 0.600585 8190
8 13 61 5.48295 0.366745 0.417528 0.255618 16645
8 13 62 4.03139 0.448269 0.488664 0.155599 12420
8 13 63 4.35168 0.304097 0.415564 0.0437951 9165
8 14 0 4.2041 0.342854 0.467807 0.0948185 10766
8 14 1 3.80797 -3 0 0 9869
8 14 2 3.55267 0.817535 0.710772 0.206692 10761
8 14 3 3.73334 0.478845 0.413777 0.0431564 10074
8 14 4 2 1.48086 1.26898 1.07036 8210
8 14 5 7 -2 0 0 8508
8 14 6 8 -2 0 0 11011
8 14 7 5 -2 0 0 11863
8 14 8 6 -2 0 0 8155
8 14 9 4.44877 0.391443 0.427663 0.197365 12421
8 14 10 6 -2 0 0 13164
8 14 11 9 -2 0 0 6950
8 14 12 4.09734 0.421945 1.16565 0.915706 9105
8 14 13 4.5759 0.494127 0.767658 0.262962 8824
8 14 14 3.64715 0.299252 0.759679 0.26815 8079
8 14 15 3.82756 0.648042 0.85096 0.489856 7240
8 14 16 3.80797 -3 0 0 14146
8 14 17 3.80797 -3 0 0 7329
8 14 18 5.9789 0.456176 0.319809 0.366546 7753
8 14 19 7 -2 0 0 10857
8 14 20 3 -2 0 0 7783
8 14 21 3.80797 -3 0 0 12416
8 14 22 2.65972 1.45493 1.04603 0.760035 11229
8 14 23 3.80797 -3 0 0 6465
8 14 24 4.84073 0.37144 0.339698 0.710557 9116
8 14 25 8 -2 0 0 8765
8 14 26 3.80913 0.373811 0.470444 0.0212263 7592
8 14 27 3.87957 0.387901 0.374451 0.00676388 7119
8 14 28 2 -2 0 0 8642
8 14 29 3.79645 0.564342 0.333183 0.106988 6608
8 14 30 4.69324 0.361039 0.307323 0.0679334 7266
8 14 31 3.75781 0.317754 1.11101 0.42205 8520
8 14 32 3.80797 -3 0 0 6684
8 14 33 6.16569 0.547592 0.332242 0.395264 7038
8 14 34 5 -2 0 0 6815
8 14 35 3.95044 0.706203 0.794579 0.267409 7491
8 14 36 4.38979 0.384041 0.309401 0.0349072 6185
8 14 37 5 -2 0 0 6008
8 14 38 3.80797 -3 0 0 6780
8 14 39 3.80797 -3 0 0 5489
8 14 40 6.42764 0.574288 0.388347 0.804118 6308
8 14 41 3 -2 0 0 6739
8 14 42 5.78049 0.478664 0.332095 0.326645 5665
8 14 43 4.3348 0.379669 0.420141 0.0258004 5531
8 14 44 4 -2 0 0 6119
8 14 45 4.1366 0.779241 0.913378 0.351715 5822
8 14 46 2.50037 1.54249 1.25094 0.543347 6806
8 14 47 4.18642 0.591214 0.528906 0.0765444 6691
8 14 48 2 -2 0 0 6347
8 14 49 5.38731 0.394124 0.350031 0.22163 5312
8 14 50 3.55135 0.780465 0.395019 0.232759 5879
8 14 51 5 -2 0 0 5730
8 14 52 4.71355 0.517238 0.312382 0.274982 5169
8 14 53 4.23469 0.586549 0.285485 0.0493643 5773
8 14 54 7 -2 0 0 5148
8 14 55 7 -2 0 0 4518
8 14 56 7 -2 0 0 5818
8 14 57 7 -2 0 0 5480
8 14 58 3.58579 0.751858 0.802311 0.245347 5072
8 14 59 4.93206 0.582338 0.31445 0.265984 5678
8 14 60 2.06714 10.5852 1.24049 0.884187 6127
8 14 61 3.80797 -3 0 0 5811
8 14 62 3 -2 0 0 4962
8 14 63 2.66622 0.882853 0.364847 0.0252693 5757
8 15 0 5 -2 0 0 4684
8 15 1 3 -2 0 0 4038
8 15 2 5 -2 0 0 4285
8 15 3 4.72332 0.384025 0.48068 0.155915 3187
8 15 4 4.88116 0.722134 0.397954 0.342923 3751
8 15 5 2 -2 0 0 3822
8 15 6 2 -2 0 0 3540
8 15 7 4 -2 0 0 3291
8 15 8 3.34041 0.854049 0.304287 0.0163001 3607
8 15 9 4 -2 0 0 3289
8 15 10 6 -2 0 0 3395
8 15 11 2.73912 0.88632 0.525075 0.021887 3991
8 15 12 3.32165 0.572941 0.308235 0.00697197 3495
8 15 13 2 -2 0 0 3148
8 15 14 5.02969 0.415537 0.461464 0.235756 4777
8 15 15 6 -2 0 0 3731
8 15 16 2 2.92645 1.01298 0.830085 3243
8 15 17 3 -2 0 0 4394
8 15 18 2.50783 1.18996 1.12978 0.124369 3370
8 15 19 5.61308 0.407918 0.463215 0.41732 3374
8 15 20 3 -2 0 0 3892
8 15 21 7 -2 0 0 3916
8 15 22 5 -2 0 0 2773
8 15 23 3.73332 0.697394 0.361541 0.0404458 4709
8 15 24 3.14784 0.604718 1.15789 0.305763 4455
8 15 25 4.11265 0.449908 0.392293 0.153572 3325
8 15 26 5 -2 0 0 5490
8 15 27 6 -2 0 0 3489
8 15 28 7 -2 0 0 3341
8 15 29 3.22244 0.857565 0.335668 0.0600493 5143
8 15 30 3.13738 0.870104 0.324084 0.0109036 4094
8 15 31 3.39805 0.683782 0.380544 0.0403985 3845
8 15 32 4.17455 0.360844 0.389379 0.0351624 3621
8 15 33 5.39213 0.575724 0.308311 0.066296 3996
8 15 34 6 -2 0 0 5628
8 15 35 2.31164 2.61012 0.944203 0.25295 3501
8 15 36 2.72165 0.699055 0.575285 0.176715 3939
8 15 37 3 -2 0 0 4798
8 15 38 4 -2 0 0 4206
8 15 39 4.00661 0.737676 0.322061 0.0570203 5589
8 15 40 2 0.945927 1.29359 1.01398 4931
8 15 41 5 -2 0 0 4040
8 15 42 3.08722 -3 0 0 4793
8 15 43 3.73073 0.648507 0.418175 0.0147347 5280
8 15 44 4.66461 0.647266 0.307262 0.0477237 4173
8 15 45 3.08722 -3 0 0 4217
8 15 46 3.57585 0.437858 0.461779 0.0552551 5513
8 15 47 6 -2 0 0 4931
8 15 48 5.13425 0.466637 0.361983 0.12123 4742
8 15 49 5 -2 0 0 5173
8 15 50 3.08722 -3 0 0 4546
8 15 51 2.09649 9.32142 1.09656 0.259481 7229
8 15 52 2.99468 0.4871 0.460627 0.00582652 5079
8 15 53 3.70456 0.378572 0.396441 0.00594345 4705
8 15 54 2.73284 1.0476 0.442616 0.0630167 4589
8 15 55 2 -2 0 0 6556
8 15 56 5 -2 0 0 6141
8 15 57 2.42211 1.27021 0.805448 0.145931 7052
8 15 58 3.38279 0.540997 0.46276 0.00360902 4839
8 15 59 4 -2 0 0 5988
8 15 60 4 -2 0 0 5809
8 15 61 2 1.77107 1.53543 0.901607 8610
8 15 62 8.38683 0.682475 0.534312 0.776885 5839
8 15 63 3 -2 0 0 5321
9 0 0 2 -2 0 0 9882
9 0 1 4 -2 0 0 10407
9 0 2 5 -2 0 0 9384
9 0 3 2.98539 0.605816 0.422205 0.192223 9015
9 0 4 2.7607 0.775757 0.807947 0.74753 8862
9 0 5 2.74411 0.952556 1.23746 1.09516 8460
9 0 6 4 -2 0 0 9463
9 0 7 2.24006 2.10485 0.849553 0.631283 7727
9 0 8 5 -2 0 0 9769
9 0 9 3.35952 0.552061 0.340151 0.0530291 8586
9 0 10 2.84702 -3 0 0 7710
9 0 11 3.06435 0.537693 0.462454 0.17129 11165
9 0 12 2.84702 -3 0 0 8518
9 0 13 2 -2 0 0 8698
9 0 14 4 -2 0 0 10228
9 0 15 2 -2 0 0 8961
9 0 16 2.69026 0.594391 1.05769 0.234879 8371
9 0 17 3 -2 0 0 9914
9 0 18 7 -2 0 0 8492
9 0 19 2 -2 0 0 9361
9 0 20 2.91813 0.799485 1.06567 0.531601 10794
9 0 21 4 -2 0 0 8395
9 0 22 2.19455 2.891 1.56137 0.952028 8306
9 0 23 3.28482 0.287035 0.434745 0.0329132 11087
9 0 24 4 -2 0 0 9989
9 0 25 3.23805 0.799253 0.654254 0.957024 8817
9 0 26 3 -2 0 0 12547
9 0 27 3.14018 0.497616 0.269318 0.0313418 8540
9 0 28 6 -2 0 0 9294
9 0 29 4 -2 0 0 11552
9 0 30 3.72223 0.559975 0.328386 0.373347 10020
9 0 31 3.20212 0.573332 0.328804 0.0747326 10938
9 0 32 6 -2 0 0 10806
9 0 33 2.84702 -3 0 0 9976
9 0 34 2.8417 1.10393 1.04456 0.457637 13730
9 0 35 4 -2 0 0 11516
9 0 36 5 -2 0 0 10001
9 0 37 2.84702 -3 0 0 12820
9 0 38 3.12088 0.599636 0.559533 0.218039 12077
9 0 39 5 -2 0 0 14356
9 0 40 2.53079 0.810182 0.959124 0.222737 11140
9 0 41 2.84702 -3 0 0 11231
9 0 42 2 -2 0 0 11840
9 0 43 2.53052 0.747825 0.77074 0.299235 11813
9 0 44 4 -2 0 0 12504
9 0 45 4 -2 0 0 11831
9 0 46 4.25092 0.384568 0.303836 0.0732868 15916
9 0 47 2.84702 -3 0 0 13733
9 0 48 2 -2 0 0 13043
9 0 49 4.00249 0.510857 0.346551 0.283833 12142
9 0 50 3 -2 0 0 10558
9 0 51 3 -2 0 0 18770
9 0 52 2 -2 0 0 13198
9 0 53 3.41854 0.640839 0.687382 0.416292 11640
9 0 54 3.32512 0.373924 0.361139 0.0442838 12344
9 0 55 5 -2 0 0 16851
9 0 56 7 -2 0 0 15741
9 0 57 5 -2 0 0 15365
9 0 58 3.76227 0.462842 0.275814 0.0197589 13258
9 0 59 3.31664 0.525994 0.391864 0.123504 14885
9 0 60 2.84702 -3 0 0 13488
9 0 61 2.65556 0.809618 0.819713 0.415598 18011
9 0 62 2 -2 0 0 16543
9 0 63 2.84702 -3 0 0 15735
9 1 0 3.20044 0.587371 1.01669 0.661886 14880
9 1 1 5 -2 0 0 17238
9 1 2 4.13916 0.486727 0.366922 0.265327 17061
9 1 3 2.40071 0.887325 0.790566 1.008 14910
9 1 4 4.25124 0.417335 0.439898 0.123379 11175
9 1 5 3.42399 0.651737 0.388933 0.292373 15361
9 1 6 8 -2 0 0 14564
9 1 7 6 -2 0 0 14071
9 1 8 3.54671 -3 0 0 14270
9 1 9 7 -2 0 0 14063
9 1 10 7 -2 0 0 16707
9 1 11 3.3742 0.820212 0.473229 0.835165 11739
9 1 12 3.54671 -3 0 0 11479
9 1 13 3.42341 0.310884 1.03403 0.714494 10623
9 1 14 3.66999 0.819329 0.867386 0.958932 14163
9 1 15 3.67163 0.809747 0.528092 0.860485 10708
9 1 16 6 -2 0 0 16433
9 1 17 6 -2 0 0 12440
9 1 18 3.54671 -3 0 0 11151
9 1 19 6 -2 0 0 11919
9 1 20 4 -2 0 0 12016
9 1 21 3.54671 -3 0 0 16389
9 1 22 3.27218 0.937176 0.614609 1.09317 13500
9 1 23 2 -2 0 0 10422
9 1 24 4 -2 0 0 14226
9 1 25 3.51086 0.621549 0.71793 0.392553 12250
9 1 26 3.37944 0.622656 0.514305 0.337723 13016
9 1 27 5 -2 0 0 11584
9 1 28 3.12752 0.48248 0.46329 0.145668 9542
9 1 29 4.39681 0.389111 0.371693 0.151338 12235
9 1 30 6 -2 0 0 10981
9 1 31 6 -2 0 0 10074
9 1 32 7 -2 0 0 8223
9 1 33 6 -2 0 0 10795
9 1 34 7 -2 0 0 11329
9 1 35 3.81108 0.330038 0.558848 0.0729113 9498
9 1 36 4.02303 0.610889 0.823896 0.785894 8560
9 1 37 4.08256 0.497269 0.787155 0.285066 9665
9 1 38 4.67294 0.413319 0.519257 0.391894 9573
9 1 39 5 -2 0 0 8274
9 1 40 6 -2 0 0 10419
9 1 41 3.57157 0.367601 1.19124 0.470862 7961
9 1 42 3.33254 0.529739 1.07383 0.394873 8800
9 1 43 3.54671 -3 0 0 9618
9 1 44 6 -2 0 0 6900
9 1 45 2.94617 0.858405 1.07105 0.367609 9570
9 1 46 2.79557 0.632445 0.690803 0.30069 11701
9 1 47 3.81521 0.701551 0.552805 0.751403 8498
9 1 48 3.4359 0.607419 0.53345 0.191558 8231
9 1 49 6 -2 0 0 10170
9 1 50 3.74651 0.513584 0.260647 0.072215 7594
9 1 51 3.54671 -3 0 0 8987
9 1 52 4.15928 0.416459 0.428466 0.169746 9652
9 1 53 2.78009 0.719431 0.930023 0.697134 8590
9 1 54 5 -2 0 0 8001
9 1 55 3.91893 0.368378 0.383995 0.0377639 7887
9 1 56 3.49267 0.273685 1.19027 0.890393 7686
9 1 57 3.36589 0.485241 0.738782 0.441003 8920
9 1 58 5 -2 0 0 8216
9 1 59 5 -2 0 0 10204
9 1 60 2 -2 0 0 7736
9 1 61 3.21285 0.659324 0.709828 0.670769 9094
9 1 62 2.67662 0.654965 0.748155 0.682326 8834
9 1 63 2.85692 0.617444 0.359845 0.102893 8356
9 2 0 4.02983 0.566845 0.70352 0.449259 20290
9 2 1 3.48706 0.531026 0.520636 0.149586 15777
9 2 2 3.23166 0.439703 1.33147 0.168579 16205
9 2 3 3.26541 0.649581 0.453186 0.600527 11816
9 2 4 2.8423 0.672989 0.438195 0.235432 15292
9 2 5 3.39228 0.446127 0.406257 0.0124613 15078
9 2 6 3.61058 0.575878 0.450086 0.357041 15790
9 2 7 5 -2 0 0 12472
9 2 8 4 -2 0 0 14354
9 2 9 2.83856 0.705094 0.943499 0.418401 14982
9 2 10 4.14434 0.492722 0.588707 0.513274 12974
9 2 11 3.90526 0.283442 0.379905 0.0247672 16920
9 2 12 2 -2 0 0 12744
9 2 13 3.35683 -3 0 0 11439
9 2 14 2 -2 0 0 17863
9 2 15 2.85041 0.622225 0.799894 0.886195 13297
9 2 16 6 -2 0 0 11089
9 2 17 6 -2 0 0 14837
9 2 18 2 -2 0 0 14364
9 2 19 4.04108 0.42896 0.50291 0.107648 12689
9 2 20 3.35683 -3 0 0 15268
9 2 21 6 -2 0 0 13565
9 2 22 3.7274 0.29292 0.270703 0.0278706 11780
9 2 23 3.86998 0.438717 0.63403 0.625695 15550
9 2 24 3.30337 0.664849 0.93509 0.338054 16281
9 2 25 4 -2 0 0 13189
9 2 26 6 -2 0 0 21647
9 2 27 5 -2 0 0 12926
9 2 28 4.01942 0.570076 0.47521 0.407728 11118
9 2 29 3.35683 -3 0 0 17208
9 2 30 4.23872 0.44423 0.457349 0.279872 14345
9 2 31 3 -2 0 0 10585
9 2 32 7 -2 0 0 10170
9 2 33 3.35683 -3 0 0 11853
9 2 34 2.64062 0.879648 1.33457 0.412039 19909
9 2 35 5 -2 0 0 10062
9 2 36 3.3701 0.276938 0.778951 0.733429 14285
9 2 37 5 -2 0 0 15806
9 2 38 3.61259 0.48546 0.67065 0.214691 10177
9 2 39 4.00042 0.597787 0.515955 0.393325 7515
9 2 40 3.71751 0.483234 0.356497 0.142554 13878
9 2 41 5 -2 0 0 10130
9 2 42 2 -2 0 0 15082
9 2 43 6 -2 0 0 16255
9 2 44 3.67562 0.486444 0.28868 0.0886533 10277
9 2 45 2.98371 0.779341 0.951655 0.942085 10932
9 2 46 3.83505 0.577666 0.475107 0.437265 18796
9 2 47 5 -2 0 0 12368
9 2 48 3.19147 0.752068 0.758004 0.697306 14643
9 2 49 5 -2 0 0 16877
9 2 50 2.81793 0.759892 0.725793 0.334676 11061
9 2 51 3.69125 0.753336 0.69859 0.596414 18454
9 2 52 2.9118 0.653247 0.351153 0.158311 15642
9 2 53 7 -2 0 0 10598
9 2 54 3.4541 0.454096 0.416889 0.0239931 7908
9 2 55 2 -2 0 0 16518
9 2 56 3 -2 0 0 14521
9 2 57 6 -2 0 0 14304
9 2 58 4.31451 0.433535 0.383322 0.213629 13903
9 2 59 4 -2 0 0 17781
9 2 60 3.35683 -3 0 0 3572
9 2 61 4 -2 0 0 19802
9 2 62 3.41041 0.444072 0.387022 0.0676205 17308
9 2 63 2 -2 0 0 16216
9 3 0 3 -2 0 0 17082
9 3 1 3 -2 0 0 18763
9 3 2 2.57043 0.962637 0.791351 0.055331 17840
9 3 3 2.63664 0.571491 0.429391 0.0393542 16383
9 3 4 2.25681 0.68433 0.953137 0.616103 20408
9 3 5 3.24823 0.492038 0.279202 0.0152478 19599
9 3 6 4 -2 0 0 20448
9 3 7 4 -2 0 0 22982
9 3 8 3 -2 0 0 16769
9 3 9 3.40877 0.490329 0.563857 0.0772978 9858
9 3 10 2 1.12421 0.654873 0.319912 21483
9 3 11 2.65643 1.17184 1.67179 0.374604 16361
9 3 12 2.37759 1.04351 0.896197 0.87215 20819
9 3 13 2.58245 1.07875 0.923923 0.0717688 20018
9 3 14 2.60055 1.43812 0.95561 0.35931 19129
9 3 15 5 -2 0 0 21815
9 3 16 3 -2 0 0 25713
9 3 17 4 -2 0 0 18761
9 3 18 2.45748 1.14304 0.895834 0.114612 16955
9 3 19 2.73904 0.638204 0.697166 0.154709 22093
9 3 20 2 -2 0 0 19641
9 3 21 2 2.08973 1.48988 0.239384 18723
9 3 22 2.48175 1.03503 0.778804 0.0303737 21588
9 3 23 2.66776 0.936415 0.858532 0.0545676 18828
9 3 24 3.37464 0.552114 0.47225 0.271666 19393
9 3 25 4 -2 0 0 22350
9 3 26 3.42795 0.548278 0.841883 0.0596854 18070
9 3 27 2.62075 0.71697 0.780506 0.11693 14369
9 3 28 3.60355 0.325503 0.652168 0.0676208 18908
9 3 29 2.96707 0.275666 0.962293 0.334051 19550
9 3 30 3.42651 0.522893 0.334462 0.19648 19910
9 3 31 2.75557 0.604571 1.15731 0.322431 22641
9 3 32 2.61397 0.637768 0.631905 0.173532 20405
9 3 33 5 -2 0 0 4325
9 3 34 5 -2 0 0 18818
9 3 35 2.68969 0.72865 0.800267 0.239496 21819
9 3 36 3.80481 0.412354 0.465801 0.06772 19576
9 3 37 3.41124 0.87914 1.39524 0.0567983 19433
9 3 38 2.21779 1.07242 0.87638 0.478121 20777
9 3 39 4 -2 0 0 18659
9 3 40 3.30725 0.538763 0.503066 0.151837 18923
9 3 41 2.62521 0.998424 0.878228 0.467884 16953
9 3 42 5 -2 0 0 20077
9 3 43 3.41077 0.460639 0.491358 0.0355656 19359
9 3 44 2.89345 0.739537 0.75197 0.449609 19486
9 3 45 2.95791 0.681647 0.709292 0.077624 14846
9 3 46 2.65033 0.821698 1.37107 0.523604 19090
9 3 47 2.69311 0.73133 0.835487 0.13948 20455
9 3 48 2.80663 0.651662 0.846382 0.0503901 19542
9 3 49 2.48514 0.812168 0.773332 0.255978 17453
9 3 50 2 1.02845 0.608285 0.654429 18732
9 3 51 4 -2 0 0 18292
9 3 52 5 -2 0 0 18648
9 3 53 3.32599 0.477037 0.623069 0.210641 17382
9 3 54 3.26065 0.344452 0.620088 0.0982759 18955
9 3 55 3.3162 0.449933 0.311375 0.0267519 18259
9 3 56 2.47094 0.680936 0.674019 0.0218417 19465
9 3 57 2 0.926112 1.11027 0.275772 17964
9 3 58 2 -2 0 0 17025
9 3 59 4 -2 0 0 17963
9 3 60 2.70701 0.700101 0.789384 0.18301 17333
9 3 61 4 -2 0 0 19136
9 3 62 2 -2 0 0 18776
9 3 63 2 0.772847 0.415167 0.248085 17145
9 4 0 3.62502 0.504648 0.432807 0.0371826 18229
9 4 1 5 -2 0 0 17400
9 4 2 8 -2 0 0 14824
9 4 3 3.01423 -3 0 0 8829
9 4 4 7 -2 0 0 5590
9 4 5 4 -2 0 0 12099
9 4 6 3.97335 0.267625 0.438049 0.00543039 14641
9 4 7 5 -2 0 0 10599
9 4 8 2.84688 0.797771 0.396914 0.213231 12113
9 4 9 6.18511 0.431245 0.258845 0.774806 12335
9 4 10 2 -2 0 0 11057
9 4 11 6 -2 0 0 11269
9 4 12 4.29532 0.340049 0.349777 0.741536 10001
9 4 13 4.22791 0.472308 0.705928 0.632883 8101
9 4 14 3.8266 0.43581 0.42702 0.0501176 17707
9 4 15 3.01423 -3 0 0 10327
9 4 16 4.93417 0.357434 0.365663 0.499044 10992
9 4 17 6 -2 0 0 15077
9 4 18 0 -10 0 0 0
9 4 19 2.97025 0.302739 0.386235 0.0213191 8521
9 4 20 2 1.08538 1.26666 1.07712 8423
9 4 21 3.2116 0.517338 0.410442 0.0597783 12650
9 4 22 3.00337 0.819023 0.377708 0.330696 11139
9 4 23 4.13254 0.355044 0.49432 0.0351972 12470
9 4 24 2 -2 0 0 13691
9 4 25 3.79555 0.407425 0.363951 0.0358079 8816
9 4 26 3.01423 -3 0 0 17984
9 4 27 6 -2 0 0 4797
9 4 28 3.38417 0.456063 0.284118 0.0628289 8408
9 4 29 5 -2 0 0 14264
9 4 30 4 -2 0 0 4376
9 4 31 4 -2 0 0 7720
9 4 32 3.53201 0.615586 0.390019 0.0679691 8617
9 4 33 3.86032 0.814591 0.403417 0.621992 5124
9 4 34 3.01423 -3 0 0 15297
9 4 35 4 -2 0 0 7892
9 4 36 0 -10 0 0 0
9 4 37 0 -10 0 0 0
9 4 38 2.21027 2.05931 0.49174 0.124675 6878
9 4 39 3.44498 0.356157 0.498471 0.0755201 7402
9 4 40 2.27693 0.979076 1.07795 0.565986 10072
9 4 41 6 -2 0 0 6888
9 4 42 2 1.42763 1.24782 0.282268 8859
9 4 43 3.39497 0.653654 0.397558 0.0499732 11476
9 4 44 3.01423 -3 0 0 6579
9 4 45 6 -2 0 0 7531
9 4 46 2.09817 7.55708 0.633801 0.467423 15176
9 4 47 2 -2 0 0 6381
9 4 48 7 -2 0 0 7314
9 4 49 3.01423 -3 0 0 11375
9 4 50 3.01423 -3 0 0 3502
9 4 51 2.38448 1.13476 1.28591 0.808238 10278
9 4 52 4.53441 0.397185 0.343046 0.00874519 9053
9 4 53 5 -2 0 0 7434
9 4 54 5 -2 0 0 7614
9 4 55 4 -2 0 0 8835
9 4 56 3.01423 -3 0 0 5014
9 4 57 6 -2 0 0 9175
9 4 58 3.36355 0.743001 0.545879 0.251432 7653
9 4 59 3 -2 0 0 10293
9 4 60 2 -2 0 0 7954
9 4 61 2.06062 9.24353 0.477336 0.0280845 12307
9 4 62 2.82019 0.836047 0.564623 0.334564 10954
9 4 63 2.43018 0.606473 0.490902 0.140632 9564
9 5 0 2 -2 0 0 9702
9 5 1 2 -2 0 0 9805
9 5 2 5 -2 0 0 10568
9 5 3 2.28696 0.773657 0.953556 1.0672 10876
9 5 4 2.00392 7.3118 0.367796 0.0411807 12796
9 5 5 3.24105 0.450232 0.377379 0.190573 12671
9 5 6 4 -2 0 0 11929
9 5 7 2.54126 0.698154 0.712834 0.206407 15610
9 5 8 2.65058 1.17978 1.3384 0.614824 7048
9 5 9 3.41572 -3 0 0 10826
9 5 10 4.09008 0.429937 0.42129 0.043378 12952
9 5 11 2.96475 0.5473 0.367352 0.116163 13866
9 5 12 3.41572 -3 0 0 10552
9 5 13 4 -2 0 0 12354
9 5 14 5 -2 0 0 9096
9 5 15 5 -2 0 0 13209
9 5 16 2.66472 0.863347 1.36916 1.03569 14883
9 5 17 3 -2 0 0 10257
9 5 18 3.39821 0.53293 0.568342 0.612838 13050
9 5 19 3.51679 0.635908 0.705025 0.217221 14785
9 5 20 3.40622 0.794867 0.626549 0.490356 12504
9 5 21 2 -2 0 0 12377
9 5 22 4.11605 0.236242 0.565164 0.174109 15839
9 5 23 6 -2 0 0 15445
9 5 24 3.21053 0.676475 0.870439 0.252346 9298
9 5 25 3.41572 -3 0 0 15865
9 5 26 5.06812 0.376746 0.481901 0.179979 12704
9 5 27 3.63942 0.558493 0.508842 0.300452 2163
9 5 28 6 -2 0 0 13936
9 5 29 2.94744 0.823003 0.653287 0.596954 8116
9 5 30 5 -2 0 0 12748
9 5 31 2 -2 0 0 17240
9 5 32 4.45527 0.448691 0.383642 0.360429 8463
9 5 33 3.27252 0.661786 1.57759 0.317854 1577
9 5 34 3.5209 0.390932 0.441055 0.166137 9363
9 5 35 3.41572 -3 0 0 18588
9 5 36 4 -2 0 0 15003
9 5 37 5 -2 0 0 13095
9 5 38 5.15562 0.421338 0.547031 0.183593 17818
9 5 39 3.54728 0.574961 0.538371 0.233154 21639
9 5 40 6 -2 0 0 7676
9 5 41 5.71989 0.493752 0.558971 1.07006 18118
9 5 42 2 -2 0 0 5558
9 5 43 4.42146 0.447676 0.332689 0.0194552 15423
9 5 44 4.0884 0.287755 0.403129 0.0175732 19151
9 5 45 6 -2 0 0 17120
9 5 46 2.98695 0.668604 0.433616 0.17007 15854
9 5 47 5 -2 0 0 22890
9 5 48 3.80058 0.530456 0.530431 0.257865 15757
9 5 49 3.30194 0.656772 0.613616 0.164083 13943
9 5 50 3.41572 -3 0 0 16475
9 5 51 3.58201 0.640722 0.45309 0.208552 20073
9 5 52 4.82373 0.541458 0.347189 0.876561 9775
9 5 53 2.97022 0.932907 0.555149 0.657614 21491
9 5 54 3.84235 0.888438 0.759746 0.797576 16746
9 5 55 3.26171 0.605566 0.465075 0.105336 18419
9 5 56 2 -2 0 0 17933
9 5 57 3.24393 0.653696 0.445783 0.288775 18187
9 5 58 5.08663 0.420993 0.610392 0.434024 15796
9 5 59 5 -2 0 0 9244
9 5 60 3.14983 0.551479 0.49261 0.0792819 20467
9 5 61 2.46817 0.687377 0.452539 0.0944653 22621
9 5 62 2.7811 0.731151 0.459617 0.064755 14842
9 5 63 6 -2 0 0 14962
9 6 0 3.63913 0.326699 0.717519 0.0448443 8567
9 6 1 7 -2 0 0 7560
9 6 2 5 -2 0 0 7540
9 6 3 5 -2 0 0 5252
9 6 4 3.66677 0.546851 0.706867 0.0937009 5366
9 6 5 2.52605 1.20662 1.15781 0.126435 4590
9 6 6 4.48697 0.545988 0.301598 0.0506717 5128
9 6 7 7 -2 0 0 4752
9 6 8 5 -2 0 0 6876
9 6 9 2 -2 0 0 5542
9 6 10 5.34588 0.535826 0.421661 0.302752 4908
9 6 11 7 -2 0 0 5044
9 6 12 2.43018 1.27574 0.775154 0.316493 6256
9 6 13 3.52277 0.321662 0.464516 0.0244768 4312
9 6 14 3.33475 0.724398 1.06651 0.2774 7399
9 6 15 4.5339 0.46106 0.323406 0.0592589 4584
9 6 16 3.56695 0.7686 0.571086 0.0399057 5759
9 6 17 4.95106 0.581368 0.454864 0.0232853 5409
9 6 18 4.05428 0.577675 0.430527 0.0181993 4693
9 6 19 4 -2 0 0 4137
9 6 20 4.80918 0.366924 0.439948 0.363622 5072
9 6 21 6.74577 0.622207 0.518419 0.504341 5587
9 6 22 3.43795 0.318728 1.01026 0.366941 4423
9 6 23 5.32002 0.542863 0.322777 0.0594183 5049
9 6 24 3.83249 0.52581 0.669119 0.029498 5913
9 6 25 6 -2 0 0 3884
9 6 26 6.96324 0.634093 0.406115 0.858314 8049
9 6 27 6.59046 0.960487 0.391657 0.724719 3775
9 6 28 4.56589 0.520087 0.559525 0.00928632 3429
9 6 29 9 -2 0 0 5288
9 6 30 4 -2 0 0 4694
9 6 31 4.01108 -3 0 0 3432
9 6 32 5.65562 0.429057 0.37544 0.325834 3885
9 6 33 2.91733 1.42715 1.00992 0.566717 3571
9 6 34 5.09675 0.661778 0.465848 0.327641 6803
9 6 35 4.83178 0.526506 0.399449 0.182916 3713
9 6 36 2 -2 0 0 3814
9 6 37 4.39951 0.520042 0.404797 0.0941644 4236
9 6 38 4.27654 0.640264 0.413027 0.0325698 3103
9 6 39 7 -2 0 0 3240
9 6 40 4.75528 0.398769 0.730932 0.381346 3856
9 6 41 5.48147 0.67861 0.626248 0.431963 2950
9 6 42 4.49215 0.483742 0.399703 0.0845999 3598
9 6 43 2 -2 0 0 4500
9 6 44 5 -2 0 0 2964
9 6 45 4.01108 -3 0 0 4034
9 6 46 5.69029 0.688786 0.578966 0.139282 5168
9 6 47 5 -2 0 0 2683
9 6 48 5.9939 0.812987 0.354133 0.737 3426
9 6 49 8 -2 0 0 4129
9 6 50 4.024 0.868816 0.388755 0.116844 3296
9 6 51 4.44709 0.347279 0.539204 0.0336603 3872
9 6 52 2 -2 0 0 4192
9 6 53 5.03911 1.35682 0.555637 0.615901 3417
9 6 54 2 -2 0 0 3232
9 6 55 6 -2 0 0 4413
9 6 56 4.82436 0.55924 0.329575 0.175186 3351
9 6 57 7 -2 0 0 3892
9 6 58 3.93097 0.50539 0.464396 0.0512346 3386
9 6 59 3 -2 0 0 5399
9 6 60 7 -2 0 0 3446
9 6 61 2 -2 0 0 4422
9 6 62 3.34289 0.513645 1.22548 0.513645 4417
9 6 63 2.50657 1.13803 0.49016 0.148687 3525
9 7 0 5 -2 0 0 6876
9 7 1 3.09168 0.687466 0.332942 0.123796 6724
9 7 2 2.69921 0.314933 0.706451 0.507795 6949
9 7 3 3.42188 -3 0 0 6568
9 7 4 5.27808 0.561483 0.183542 0.843402 6243
9 7 5 2 1.1276 1.10777 0.8725 6768
9 7 6 3.0931 0.780834 0.327873 0.122754 6794
9 7 7 3.4027 0.345397 0.750711 0.226993 7296
9 7 8 2.95832 0.489853 0.313345 0.00265651 7068
9 7 9 3.189 0.758682 0.326308 0.144997 7100
9 7 10 3 -2 0 0 6910
9 7 11 2.42093 0.533619 0.743993 0.671962 8082
9 7 12 3.60417 0.357813 0.410064 0.00736523 6570
9 7 13 3.38845 0.937232 0.670586 0.49003 6870
9 7 14 3.24737 0.40181 0.32138 0.093909 6886
9 7 15 3.42188 -3 0 0 7650
9 7 16 3.67803 0.745918 0.624656 0.471482 7287
9 7 17 2 -2 0 0 6401
9 7 18 3.42188 -3 0 0 7557
9 7 19 2.79753 0.901324 0.522675 0.161163 8205
9 7 20 3.42188 -3 0 0 8403
9 7 21 7 -2 0 0 6523
9 7 22 5 -2 0 0 7115
9 7 23 3.96484 0.712734 0.361551 0.290358 7987
9 7 24 3.93194 0.506955 0.335056 0.0513048 7172
9 7 25 3.42188 -3 0 0 9146
9 7 26 5.63906 0.645436 0.53832 0.779497 6785
9 7 27 3.42188 -3 0 0 8402
9 7 28 2.77693 0.812174 0.515419 0.413383 7170
9 7 29 4.9875 0.472456 0.437552 0.345383 7135
9 7 30 3.42188 -3 0 0 7656
9 7 31 5.59978 0.416006 0.382204 0.393456 9931
9 7 32 3.68475 0.520311 0.31034 0.0139935 9191
9 7 33 3.22966 0.685542 0.738752 0.590596 9431
9 7 34 3.80222 0.632245 0.422081 0.255914 7901
9 7 35 4.10142 0.403474 0.397497 0.0428934 11269
9 7 36 3.42188 -3 0 0 8991
9 7 37 3.9903 0.555656 0.807457 0.700187 7875
9 7 38 7 -2 0 0 14515
9 7 39 7 -2 0 0 14853
9 7 40 4.33878 0.557797 0.52764 0.244876 9331
9 7 41 5.76468 0.559307 0.282282 0.716732 8946
9 7 42 7 -2 0 0 9789
9 7 43 4.00556 0.512419 0.35891 0.071886 8252
9 7 44 5 -2 0 0 5132
9 7 45 2.59949 0.590596 0.935986 0.821461 11300
9 7 46 4.81913 0.476105 0.357893 0.0183058 9292
9 7 47 4.60264 0.507563 0.346402 0.339619 15783
9 7 48 6 -2 0 0 9727
9 7 49 6 -2 0 0 9306
9 7 50 3.42188 -3 0 0 10988
9 7 51 5.76508 0.543312 0.584746 0.633977 12724
9 7 52 3.42188 -3 0 0 9629
9 7 53 5.21611 0.485595 0.380373 0.295139 12843
9 7 54 4.60391 0.359799 0.299364 0.0462228 12317
9 7 55 3.67251 0.458658 0.307276 0.0180995 11841
9 7 56 3.9441 0.591665 0.426727 0.13418 13489
9 7 57 2.87494 0.759274 0.30428 0.0969164 12873
9 7 58 2.52861 0.858355 0.346821 0.103179 11486
9 7 59 2.32862 1.1246 1.11971 1.0089 10987
9 7 60 2.91357 0.578936 0.407453 0.0305923 13556
9 7 61 5 -2 0 0 12256
9 7 62 7 -2 0 0 10456
9 7 63 2.87062 0.975446 0.616447 0.589132 9954
9 8 0 3 -2 0 0 6618
9 8 1 2.82298 0.580751 0.508522 0.00305672 6371
9 8 2 4.4075 0.334613 0.315398 0.047016 6844
9 8 3 5.75154 0.537123 0.314295 1.03861 6765
9 8 4 2.02549 11.1323 0.62172 0.166535 8328
9 8 5 3.48795 -3 0 0 7463
9 8 6 7 -2 0 0 7869
9 8 7 5 -2 0 0 9228
9 8 8 2.79224 0.727488 0.379914 0.230495 7107
9 8 9 4 -2 0 0 8529
9 8 10 6 -2 0 0 7863
9 8 11 5.13277 0.735337 0.319972 0.908021 8120
9 8 12 5 -2 0 0 6420
9 8 13 3.48795 -3 0 0 9120
9 8 14 2 -2 0 0 6091
9 8 15 2.78171 0.47157 0.954912 0.682077 8527
9 8 16 4.00391 0.566537 0.331027 0.26134 9410
9 8 17 3.30486 0.616487 0.497268 0.0963591 7102
9 8 18 5 -2 0 0 7033
9 8 19 5 -2 0 0 11824
9 8 20 3.48795 -3 0 0 541
9 8 21 3.48795 -3 0 0 8107
9 8 22 4 -2 0 0 7610
9 8 23 5.60559 0.422039 0.396657 0.814583 8575
9 8 24 4.74764 0.647806 0.853152 1.02554 7156
9 8 25 3.3657 0.505998 0.328245 0.0338197 13220
9 8 26 7 -2 0 0 5428
9 8 27 3 -2 0 0 6061
9 8 28 5 -2 0 0 9378
9 8 29 3.48795 -3 0 0 8693
9 8 30 2.61175 1.12665 1.11518 0.986852 9954
9 8 31 4.01691 0.453874 1.44467 0.596741 14302
9 8 32 2.81603 0.59769 1.07044 0.554079 11629
9 8 33 3.39769 0.724645 0.581079 0.413827 8906
9 8 34 2 -2 0 0 7636
9 8 35 5 -2 0 0 13177
9 8 36 4.64841 0.42162 0.32706 0.13945 11319
9 8 37 3.48795 -3 0 0 8821
9 8 38 6 -2 0 0 12949
9 8 39 4.333 0.532395 0.598789 0.117821 16178
9 8 40 2 8.73428 2.02794 0.824731 371
9 8 41 4.04453 0.495639 0.29481 0.124667 10428
9 8 42 5 -2 0 0 6699
9 8 43 4.3813 0.423292 0.378198 0.352637 5961
9 8 44 4.41786 0.276961 1.01897 0.37463 13482
9 8 45 3.11001 0.894322 0.498407 0.316818 11301
9 8 46 2.84359 1.03819 0.712821 0.505845 6101
9 8 47 6 -2 0 0 19723
9 8 48 3.48795 -3 0 0 6846
9 8 49 3.23495 0.752152 0.759256 1.02098 1914
9 8 50 6.2357 0.568557 0.386114 0.874642 6654
9 8 51 2 -2 0 0 13057
9 8 52 7.36461 0.546877 0.367221 1.07901 4645
9 8 53 2 11.3642 1.85615 0.534613 883
9 8 54 2.36169 1.29085 0.405343 0.267331 1052
9 8 55 3.14329 0.330905 0.491205 0.259968 10268
9 8 56 2.29526 8.3721 2.27804 1.00523 4773
9 8 57 2 -2 0 0 12724
9 8 58 3.43937 0.667256 0.456097 0.133074 12841
9 8 59 3.6322 0.436393 0.410652 0.021024 7865
9 8 60 2.16555 7.83438 1.4824 0.781009 1024
9 8 61 2 -2 0 0 10994
9 8 62 3.48795 -3 0 0 10314
9 8 63 5 -2 0 0 9520
9 9 0 2.91011 0.882759 0.325606 0.0344397 9728
9 9 1 3.09021 -3 0 0 7385
9 9 2 2.12417 1.61706 0.817676 0.751779 6974
9 9 3 3.3795 0.340939 0.326413 0.00731878 4496
9 9 4 4.8195 0.555816 0.383349 0.0948685 4898
9 9 5 5 -2 0 0 5305
9 9 6 3.57784 0.317193 0.389248 0.0327526 6530
9 9 7 4 -2 0 0 4701
9 9 8 3.58882 0.327656 0.2903 0.0172833 6095
9 9 9 3.1402 0.940366 0.897502 0.509729 5127
9 9 10 5 -2 0 0 4845
9 9 11 5 -2 0 0 5615
9 9 12 3.09021 -3 0 0 4818
9 9 13 3.25317 0.347291 1.09059 0.612798 4271
9 9 14 3 -2 0 0 8354
9 9 15 4.37705 0.62339 0.196691 0.104364 4393
9 9 16 3.13762 0.866283 0.562671 0.414628 4555
9 9 17 3.52159 0.551233 0.252408 0.112042 6123
9 9 18 2.56107 1.01555 0.549427 0.196274 4730
9 9 19 4 -2 0 0 3923
9 9 20 3.09021 -3 0 0 4197
9 9 21 2 -2 0 0 6534
9 9 22 3.09021 -3 0 0 4369
9 9 23 3.59111 0.275328 0.650933 0.248265 4764
9 9 24 3 -2 0 0 7588
9 9 25 6 -2 0 0 3541
9 9 26 4.8138 0.456727 0.349763 0.0260083 6382
9 9 27 2 9.59179 0.66 0.708189 3703
9 9 28 3.2375 0.391269 0.907282 0.217449 3267
9 9 29 3.30875 0.762698 0.440793 0.0665546 5112
9 9 30 2 -2 0 0 4228
9 9 31 4.7597 0.766016 0.464585 0.51502 3752
9 9 32 4.50972 0.47919 0.240391 0.15601 3784
9 9 33 7 -2 0 0 3566
9 9 34 2 -2 0 0 6255
9 9 35 3.43604 0.660451 0.659692 0.361971 2639
9 9 36 3.09021 -3 0 0 3506
9 9 37 3.06911 0.288527 0.892352 0.182318 4556
9 9 38 4.82276 0.563966 0.392467 0.174645 2790
9 9 39 4.05832 0.445563 0.237474 0.298349 3757
9 9 40 4.21603 0.419226 0.264897 0.103931 3920
9 9 41 5 -2 0 0 3068
9 9 42 6 -2 0 0 3856
9 9 43 2.72744 0.70509 1.06382 0.745348 5046
9 9 44 3.09021 -3 0 0 2579
9 9 45 3.78262 0.877822 0.434981 0.688687 3660
9 9 46 3.09021 -3 0 0 6189
9 9 47 4.02322 0.562797 0.337192 0.195923 3331
9 9 48 4.11111 0.718875 0.247283 0.258139 3445
9 9 49 5.49503 0.660191 0.352359 0.809031 4482
9 9 50 3.29951 0.599343 0.282232 0.0107361 3242
9 9 51 3.0664 0.251995 0.730207 0.0689501 2703
9 9 52 3.67362 0.323214 0.51136 0.0166675 4686
9 9 53 6 -2 0 0 3437
9 9 54 2 8.35842 0.521576 0.473505 3259
9 9 55 3.35311 0.45253 0.32303 0.0796758 4657
9 9 56 3.09021 -3 0 0 3520
9 9 57 4 -2 0 0 4490
9 9 58 3.09021 -3 0 0 3605
9 9 59 4.04158 0.76564 0.488199 0.404767 3431
9 9 60 3.58683 0.387238 0.277937 0.0297933 3433
9 9 61 7 -2 0 0 4160
9 9 62 2 1.02132 0.655608 0.300352 5200
9 9 63 3.05241 0.738858 0.289098 0.143467 3780
9 10 0 3.20279 0.625688 0.608636 0.202501 9706
9 10 1 5 -2 0 0 11546
9 10 2 3.06656 -3 0 0 13507
9 10 3 2 -2 0 0 7978
9 10 4 7 -2 0 0 11905
9 10 5 4 -2 0 0 14415
9 10 6 3.27445 0.453182 0.356002 0.0514667 9802
9 10 7 2.55742 0.856224 1.29964 0.82265 18312
9 10 8 7 -2 0 0 12799
9 10 9 8 -2 0 0 9536
9 10 10 4 -2 0 0 13691
9 10 11 3.75383 0.445465 0.320525 0.15191 11919
9 10 12 3.91422 0.413686 0.388016 0.0641601 10178
9 10 13 2 -2 0 0 17271
9 10 14 3.10521 0.6285 0.447564 0.271969 12105
9 10 15 2.72479 0.698007 0.390884 0.17044 16323
9 10 16 6 -2 0 0 20506
9 10 17 2.61207 0.663082 0.509105 0.490469 13382
9 10 18 3.78021 0.546912 0.620004 0.406813 15145
9 10 19 3.06656 -3 0 0 19576
9 10 20 2.75106 0.755816 1.36309 0.871098 13129
9 10 21 5 -2 0 0 12391
9 10 22 2.90568 0.74966 0.70176 0.300519 16380
9 10 23 4.45508 0.37252 0.394475 0.0746146 12609
9 10 24 3.06656 -3 0 0 13613
9 10 25 3.25553 0.609473 0.51476 0.158127 18616
9 10 26 2.93689 0.584198 1.28101 0.374568 12134
9 10 27 3.06656 -3 0 0 7681
9 10 28 5 -2 0 0 18895
9 10 29 3.53501 0.429307 0.606288 0.156828 11660
9 10 30 4.46022 0.336718 0.682245 0.313469 15888
9 10 31 2 -2 0 0 22758
9 10 32 3.35999 0.574617 0.86603 0.928549 15888
9 10 33 4 -2 0 0 17198
9 10 34 4.85219 0.415408 0.397872 0.30719 13813
9 10 35 3.06656 -3 0 0 19325
9 10 36 3.21038 0.736147 0.880388 0.472401 15433
9 10 37 3.68644 0.683082 1.1944 0.743469 13935
9 10 38 4.87191 0.33958 0.349111 0.60104 21670
9 10 39 3.69635 0.343469 0.445573 0.0380132 17787
9 10 40 4 -2 0 0 13574
9 10 41 3.90641 0.438745 0.361829 0.0965314 18956
9 10 42 3 -2 0 0 16265
9 10 43 4 -2 0 0 15157
9 10 44 2 -2 0 0 16273
9 10 45 6 -2 0 0 17154
9 10 46 3.20898 0.474114 0.720399 0.160564 13428
9 10 47 3.1234 0.583206 0.615584 0.0546319 22184
9 10 48 3.33501 0.623665 1.64499 0.805143 16781
9 10 49 2.71274 0.589755 0.395559 0.177473 14727
9 10 50 3.02911 0.23408 0.898787 0.502094 18186
9 10 51 6 -2 0 0 14562
9 10 52 3.34161 0.545836 0.41286 0.113559 13958
9 10 53 3.4574 0.394008 0.462704 0.0340649 18568
9 10 54 3.25329 0.453544 0.749445 0.0593529 14113
9 10 55 2.41359 0.836766 1.15508 0.708321 14757
9 10 56 3 -2 0 0 16024
9 10 57 2 -2 0 0 14965
9 10 58 3.06656 -3 0 0 14020
9 10 59 2.48709 0.974901 0.593314 0.721187 11914
9 10 60 3.06656 -3 0 0 19707
9 10 61 6 -2 0 0 14054
9 10 62 2.89141 0.411219 0.427872 0.0248851 14040
9 10 63 2.62786 0.599162 0.497891 0.463091 15315
9 11 0 3.69348 0.351947 0.523258 0.0321672 15423
9 11 1 4.10236 0.480262 0.495871 0.225007 14112
9 11 2 3.29451 0.643052 0.517282 0.342649 10967
9 11 3 3.79416 -3 0 0 8349
9 11 4 4.29168 0.591388 0.645459 0.515985 8294
9 11 5 5 -2 0 0 9877
9 11 6 5.02686 0.428769 0.539273 0.240389 9900
9 11 7 3.79416 -3 0 0 6919
9 11 8 3.79416 -3 0 0 11956
9 11 9 2.46857 1.40364 1.53584 0.728229 8244
9 11 10 3.44285 0.692167 0.475717 0.109182 7580
9 11 11 3.37679 0.239206 1.04082 1.01047 10883
9 11 12 7 -2 0 0 9251
9 11 13 3.99534 0.451069 0.269572 0.0109579 7453
9 11 14 7 -2 0 0 14424
9 11 15 7 -2 0 0 7988
9 11 16 2.80524 1.11964 0.872105 0.874479 6842
9 11 17 7 -2 0 0 12799
9 11 18 4.73577 0.442923 0.546263 0.311051 7542
9 11 19 3.79416 -3 0 0 6787
9 11 20 7 -2 0 0 8441
9 11 21 4.14031 0.307601 0.537271 0.0381268 8824
9 11 22 5 -2 0 0 7681
9 11 23 3.79416 -3 0 0 10391
9 11 24 2.97154 0.715897 1.34632 0.981314 12592
9 11 25 4.41935 0.643195 1.68761 0.765518 6795
9 11 26 7 -2 0 0 13757
9 11 27 3.58874 0.750842 0.867502 0.646118 7228
9 11 28 3.79416 -3 0 0 6927
9 11 29 3.38037 0.692585 0.860356 0.726336 12543
9 11 30 5.80236 0.529549 0.33208 0.964122 8398
9 11 31 3.96745 0.714476 0.518256 0.389389 6209
9 11 32 5.81186 0.353492 0.427855 0.160736 6998
9 11 33 3.79416 -3 0 0 7509
9 11 34 3.79416 -3 0 0 15264
9 11 35 3.66301 0.824579 1.29405 0.349231 6383
9 11 36 5 -2 0 0 7702
9 11 37 3.79416 -3 0 0 10144
9 11 38 7 -2 0 0 5948
9 11 39 3.44456 0.629996 0.582871 0.326255 7529
9 11 40 5.60576 0.404333 0.269723 0.485435 8675
9 11 41 4.21168 0.59326 0.80363 0.89409 6413
9 11 42 4.67951 0.357507 0.492049 0.0193823 8870
9 11 43 6 -2 0 0 11283
9 11 44 5 -2 0 0 5427
9 11 45 3.79416 -3 0 0 7287
9 11 46 6 -2 0 0 13624
9 11 47 4.96479 0.329461 0.667245 0.509382 6567
9 11 48 4.43808 0.459095 0.290565 0.0889272 7503
9 11 49 2 -2 0 0 8100
9 11 50 4.56924 0.285663 0.330206 0.175934 6725
9 11 51 5 -2 0 0 9971
9 11 52 3.79416 -3 0 0 9522
9 11 53 3.35113 0.5293 0.766175 0.158596 7070
9 11 54 5.04518 0.36137 0.306987 0.389826 7620
9 11 55 3.79416 -3 0 0 10660
9 11 56 4 -2 0 0 8774
9 11 57 3.79416 -3 0 0 8305
9 11 58 3 -2 0 0 7550
9 11 59 3.96643 0.584012 1.48889 0.458409 12768
9 11 60 3.71556 0.53937 0.462726 0.0957404 7244
9 11 61 3.79416 -3 0 0 12422
9 11 62 3.79416 -3 0 0 13405
9 11 63 3.79416 -3 0 0 8050
9 12 0 2.31744 1.13334 1.06675 1.07196 16074
9 12 1 3.27424 0.276778 0.632363 0.0760162 16794
9 12 2 2.88255 0.652217 0.428944 0.190671 14638
9 12 3 2.16188 2.18783 1.21573 0.332994 17520
9 12 4 2 2.20231 0.486478 0.12704 13946
9 12 5 2.50417 0.659696 0.545817 0.120752 16270
9 12 6 3.51692 0.597407 0.567199 0.296676 16447
9 12 7 2 1.38081 1.26754 1.01828 19002
9 12 8 2.98581 -3 0 0 12107
9 12 9 2 -2 0 0 19217
9 12 10 3.46542 0.546515 0.426364 0.107357 21212
9 12 11 3.64201 0.579563 0.608497 0.380258 14246
9 12 12 3.69647 0.475958 0.262377 0.0496356 16684
9 12 13 3 -2 0 0 13301
9 12 14 2.60457 0.745422 1.17635 0.165917 12604
9 12 15 2 -2 0 0 18321
9 12 16 2.73672 0.694604 0.425857 0.108609 22134
9 12 17 3.82168 0.396609 0.845479 0.207368 11218
9 12 18 6 -2 0 0 15119
9 12 19 2 -2 0 0 16061
9 12 20 4.09352 0.338397 0.403833 0.0882016 11870
9 12 21 3.2352 0.563674 0.371353 0.0371084 17189
9 12 22 3.64886 0.343496 0.460812 0.0624176 9653
9 12 23 2.48281 0.946288 0.783883 0.383479 13994
9 12 24 2.63706 0.778738 0.662767 0.162604 13417
9 12 25 3 -2 0 0 17581
9 12 26 2.46748 0.908725 0.954287 0.225699 13670
9 12 27 5 -2 0 0 14705
9 12 28 4.95428 0.375445 0.398458 0.246921 15596
9 12 29 4 -2 0 0 12988
9 12 30 2.49702 0.777204 0.83045 0.404444 13903
9 12 31 3 -2 0 0 18693
9 12 32 2.99624 0.705723 0.610556 0.118804 15090
9 12 33 3.4348 0.605268 0.56781 0.394421 13342
9 12 34 3.88349 0.499957 0.529146 0.172742 11508
9 12 35 5 -2 0 0 16768
9 12 36 4.16923 0.363673 0.485406 0.052762 11514
9 12 37 5 -2 0 0 11138
9 12 38 3.34978 0.709453 0.497948 0.27291 14800
9 12 39 2.98581 -3 0 0 12149
9 12 40 5 -2 0 0 13163
9 12 41 4.1256 0.535101 0.608068 0.324677 14459
9 12 42 3.50355 0.682417 0.499295 0.358076 11452
9 12 43 5 -2 0 0 12170
9 12 44 3.03041 0.812393 1.30394 0.787215 11310
9 12 45 4.37311 0.34227 0.322492 0.0859947 11902
9 12 46 4.44103 0.371422 0.373589 0.0396203 11266
9 12 47 4 -2 0 0 14992
9 12 48 2 -2 0 0 10987
9 12 49 2.96568 0.620392 0.419635 0.0856766 10277
9 12 50 7 -2 0 0 12468
9 12 51 2 -2 0 0 8842
9 12 52 3.53852 0.587018 0.755687 0.480537 12032
9 12 53 3.52953 0.552564 0.54843 0.10834 12027
9 12 54 2 -2 0 0 11927
9 12 55 2.98581 -3 0 0 10331
9 12 56 5 -2 0 0 10070
9 12 57 3.0609 0.582211 0.39053 0.122059 9468
9 12 58 2 -2 0 0 11383
9 12 59 2 1.99309 1.62448 0.750846 10491
9 12 60 3 -2 0 0 12452
9 12 61 3.06283 0.619272 0.580661 0.302977 9988
9 12 62 4 -2 0 0 10375
9 12 63 2.75579 0.516506 0.531535 0.0276464 10908
9 13 0 4 -2 0 0 9769
9 13 1 3.82469 0.33545 1.28294 0.736278 6632
9 13 2 5.62846 0.401813 0.571264 0.635614 7082
9 13 3 5 -2 0 0 5434
9 13 4 4.16174 0.573798 0.299324 0.109036 6936
9 13 5 7 -2 0 0 6649
9 13 6 4.7287 0.427001 0.540998 0.131877 6926
9 13 7 4.15693 0.557836 0.475077 0.348789 4519
9 13 8 3.39316 0.748029 0.399718 0.0886017 6936
9 13 9 3.68552 -3 0 0 6043
9 13 10 3.88243 0.753072 0.356433 0.295143 4746
9 13 11 4.67088 0.487242 0.497578 0.467242 7253
9 13 12 3.02205 0.950869 0.404605 0.255915 5253
9 13 13 3.14747 0.768199 0.442443 0.222437 5296
9 13 14 7 -2 0 0 10345
9 13 15 3.68552 -3 0 0 6112
9 13 16 4.40252 0.298258 0.407442 0.101878 4497
9 13 17 2.74094 1.03173 0.720229 0.420819 8882
9 13 18 3.40019 0.2878 0.813974 0.506985 6512
9 13 19 3.27956 0.813338 0.438599 0.300271 4896
9 13 20 3.45376 0.259359 0.533383 0.0102169 6458
9 13 21 3.68552 -3 0 0 6073
9 13 22 6.5893 0.491172 0.260276 0.883823 4483
9 13 23 5.18653 0.329238 0.353493 0.323663 7227
9 13 24 7 -2 0 0 6864
9 13 25 6 -2 0 0 4682
9 13 26 4.94833 0.358615 0.316129 0.122577 9825
9 13 27 7 -2 0 0 5328
9 13 28 5.22986 0.405012 0.33857 0.680768 5409
9 13 29 5 -2 0 0 8964
9 13 30 3.68552 -3 0 0 5651
9 13 31 4.19328 0.509006 0.471051 0.304939 5627
9 13 32 6 -2 0 0 4942
9 13 33 5 -2 0 0 5402
9 13 34 5.53182 0.423847 0.622524 0.489251 10844
9 13 35 5.65013 0.708318 0.38727 0.354351 5489
9 13 36 4 -2 0 0 6105
9 13 37 3.68552 -3 0 0 7231
9 13 38 3.70928 0.775404 0.463492 0.373196 5594
9 13 39 4.21845 0.667398 0.614744 0.286595 8045
9 13 40 8 -2 0 0 6342
9 13 41 4.1967 0.533399 0.300236 0.0327659 5293
9 13 42 5 -2 0 0 7659
9 13 43 4 -2 0 0 10039
9 13 44 5 -2 0 0 5731
9 13 45 4.3595 0.384518 0.366965 0.418512 6188
9 13 46 4.47905 0.427334 0.784333 0.495635 13143
9 13 47 7 -2 0 0 6707
9 13 48 3 -2 0 0 6825
9 13 49 6.80844 0.410073 0.308712 1.09272 8780
9 13 50 3.82949 0.666973 0.483326 0.0979909 6451
9 13 51 3 -2 0 0 13642
9 13 52 2.56301 0.742848 1.07113 1.05478 11814
9 13 53 3 -2 0 0 7352
9 13 54 3.68552 -3 0 0 8623
9 13 55 3 -2 0 0 11766
9 13 56 4.36226 0.506913 0.410546 0.0318272 9609
9 13 57 5 -2 0 0 11859
9 13 58 3.68552 -3 0 0 8054
9 13 59 3.10971 0.641303 1.30887 0.793803 11495
9 13 60 3.68552 -3 0 0 6901
9 13 61 2 0.934848 1.23931 0.898439 14851
9 13 62 4.14181 0.580253 0.373393 0.342936 13618
9 13 63 4.47133 0.356189 0.39535 0.588983 9132
9 14 0 4.35495 0.407651 0.53025 0.157359 9262
9 14 1 4.74989 0.543367 0.349117 0.342463 9342
9 14 2 4 -2 0 0 10626
9 14 3 6 -2 0 0 7586
9 14 4 3.85583 0.313696 1.10365 0.159975 7560
9 14 5 2 9.09576 1.18614 0.625389 9600
9 14 6 3.38207 -3 0 0 11439
9 14 7 2 10.8942 1.5003 1.02973 10397
9 14 8 4.03269 0.570694 0.34593 0.0518111 9158
9 14 9 2 2.24318 1.06473 0.703525 10788
9 14 10 5 -2 0 0 13113
9 14 11 3.58077 0.34989 1.18795 0.524808 7028
9 14 12 4.47049 0.340109 0.328034 0.612709 10731
9 14 13 4.14755 0.45679 0.355573 0.194774 1812
9 14 14 3.77684 0.39346 0.349273 0.0599175 8185
9 14 15 4.43509 0.729596 0.297886 0.0642953 2720
9 14 16 2.98925 0.323483 0.841694 0.175364 15089
9 14 17 2.6751 0.521714 0.843179 0.135846 7612
9 14 18 2 9.23947 0.742356 0.0786957 7034
9 14 19 4.29987 0.436929 0.409779 0.321232 9814
9 14 20 5 -2 0 0 7964
9 14 21 5 -2 0 0 12204
9 14 22 6 -2 0 0 2352
9 14 23 3.36235 0.475047 0.311089 0.0191235 7038
9 14 24 4 -2 0 0 8702
9 14 25 4.09487 0.565666 0.615143 0.12642 8635
9 14 26 4.47353 0.740934 0.352568 0.449578 7505
9 14 27 3.44248 0.494567 0.387576 0.0161235 8632
9 14 28 3.27759 0.291637 0.926194 0.325343 6274
9 14 29 4.40421 0.431157 0.393675 0.0792694 6230
9 14 30 7 -2 0 0 7767
9 14 31 3.78302 0.687369 0.414213 0.13074 7409
9 14 32 6 -2 0 0 3469
9 14 33 6 -2 0 0 1653
9 14 34 3.4948 0.804092 0.59811 0.103163 6235
9 14 35 8 -2 0 0 7709
9 14 36 5.798 0.165541 0.1 0.411957 820
9 14 37 3.19247 1.00162 1.07304 0.831367 5423
9 14 38 3.38207 -3 0 0 7011
9 14 39 3.38207 -3 0 0 5322
9 14 40 2.62808 1.08736 0.458073 0.385281 7083
9 14 41 4.30984 0.418536 0.312721 0.024282 6644
9 14 42 4.35705 0.456985 0.228453 0.0317539 6017
9 14 43 7 -2 0 0 5565
9 14 44 2.44211 1.09486 0.785909 0.242442 5615
9 14 45 5 -2 0 0 5904
9 14 46 3.05193 1.2405 0.663718 0.58631 5951
9 14 47 2.79568 0.691603 1.10211 0.743098 6515
9 14 48 2.4722 0.538177 0.729683 0.358925 5305
9 14 49 4.16292 0.284861 0.490366 0.121245 5829
9 14 50 5 -2 0 0 5153
9 14 51 2.99869 0.791618 0.277152 0.189136 5174
9 14 52 3.0779 0.348462 0.746568 0.0965041 5573
9 14 53 3.34962 0.728562 0.341564 0.0724652 5419
9 14 54 3 -2 0 0 4810
9 14 55 4.93018 0.431493 0.3464 0.264554 5429
9 14 56 5 -2 0 0 6336
9 14 57 4.69871 0.3655 0.292577 0.293349 6138
9 14 58 3.38207 -3 0 0 3472
9 14 59 3.68208 0.727224 0.516008 0.191693 6194
9 14 60 4 -2 0 0 6072
9 14 61 3.59423 0.47515 0.333711 0.062816 5548
9 14 62 6 -2 0 0 5298
9 14 63 4 -2 0 0 5031
9 15 0 5 -2 0 0 4101
9 15 1 2 1.10011 1.42988 0.690867 4435
9 15 2 7 -2 0 0 4180
9 15 3 4.68602 0.660101 0.25195 0.0372991 2897
9 15 4 3.48727 0.460672 0.422894 0.0261507 3683
9 15 5 6 -2 0 0 3721
9 15 6 3 -2 0 0 3685
9 15 7 4 -2 0 0 3062
9 15 8 5.17228 0.58717 0.40218 0.422274 3811
9 15 9 2.48215 7.45566 0.874764 0.0479755 2877
9 15 10 3.87314 0.621404 0.191883 0.0104486 3105
9 15 11 2 2.48131 1.2066 0.593499 3765
9 15 12 5.08862 0.517345 0.344709 0.220535 3045
9 15 13 3.5292 0.463124 0.410274 0.00579089 3269
9 15 14 3.76229 0.329318 0.502506 0.00740765 4923
9 15 15 4.81148 0.611031 0.313777 0.0914746 3222
9 15 16 7 -2 0 0 3109
9 15 17 3.8387 0.48042 0.486666 0.0166644 3572
9 15 18 6.17808 0.432831 0.476669 0.536578 3270
9 15 19 4.65704 0.445082 0.358991 0.00992746 3051
9 15 20 5.4221 0.48158 0.404389 0.201162 3863
9 15 21 9 -2 0 0 3219
9 15 22 6 -2 0 0 3102
9 15 23 2 -2 0 0 4247
9 15 24 7 -2 0 0 4070
9 15 25 3.45968 0.556548 0.704652 0.0471923 3235
9 15 26 7 -2 0 0 4852
9 15 27 3.68273 0.312649 0.758499 0.285741 2892
9 15 28 4.68371 0.466122 0.37642 0.299261 3175
9 15 29 3.97296 1.20503 0.476755 0.309735 4545
9 15 30 8 -2 0 0 3334
9 15 31 4.83969 0.534664 0.368643 0.0589446 3208
9 15 32 4.96442 0.628386 0.256108 0.0682777 2997
9 15 33 3.70728 0.356199 0.391351 0.0299521 3766
9 15 34 6 -2 0 0 5266
9 15 35 4.14345 0.605028 0.458817 0.0625878 3285
9 15 36 3.40804 0.327707 0.831905 0.315651 3866
9 15 37 8 -2 0 0 4461
9 15 38 10 -2 0 0 3675
9 15 39 4.951 0.44708 0.484605 0.0272094 5252
9 15 40 3.65927 0.389185 1.0107 0.475497 4273
9 15 41 2.5123 1.3313 0.653301 1.01239 3295
9 15 42 2.60795 1.08123 1.16642 0.44458 4314
9 15 43 3.64974 0.350453 0.498841 0.0474215 4935
9 15 44 7 -2 0 0 3424
9 15 45 3.75654 -3 0 0 3662
9 15 46 7 -2 0 0 5629
9 15 47 5.85217 0.681494 0.411378 0.484196 3903
9 15 48 5.5732 0.52158 0.349467 0.0542807 4011
9 15 49 3.52677 1.15232 0.497499 0.19615 4831
9 15 50 3.78874 0.318905 0.551828 0.0631649 3885
9 15 51 6.2463 0.788578 0.536548 0.599835 6589
9 15 52 4 -2 0 0 4580
9 15 53 3 -2 0 0 4412
9 15 54 3.64631 1.06746 0.4998 0.215694 4596
9 15 55 3.44942 0.447304 0.520908 0.00985428 5784
9 15 56 3 -2 0 0 5522
9 15 57 3.00778 0.945119 0.597485 0.0441888 6001
9 15 58 5.53452 0.509616 0.494798 0.527195 4641
9 15 59 2.51364 1.40273 1.33359 0.489115 5862
9 15 60 5.12912 0.468785 0.504836 0.0519979 4529
9 15 61 3.29692 0.308407 0.608483 0.0213166 7381
9 15 62 4.31537 0.482938 0.379006 0.0810335 5848
9 15 63 4.12664 0.567865 0.387259 0.0363382 5273
10 0 0 4 -2 0 0 11388
10 0 1 6 -2 0 0 11226
10 0 2 2 -2 0 0 8134
10 0 3 5 -2 0 0 3133
10 0 4 4.89585 0.337087 0.347806 0.0857505 7440
10 0 5 5 -2 0 0 6887
10 0 6 2.6631 0.722827 0.318595 0.06036 9250
10 0 7 5 -2 0 0 9029
10 0 8 3.22069 -3 0 0 8102
10 0 9 3.56163 0.470918 0.240911 0.0379259 2186
10 0 10 2 -2 0 0 1054
10 0 11 3.52712 0.678873 0.447514 0.316023 9483
10 0 12 5 -2 0 0 6672
10 0 13 2 -2 0 0 4935
10 0 14 4 -2 0 0 9050
10 0 15 3.22069 -3 0 0 6881
10 0 16 4 -2 0 0 2494
10 0 17 5 -2 0 0 10678
10 0 18 6 -2 0 0 4674
10 0 19 5 -2 0 0 2137
10 0 20 5.07945 0.320904 0.402093 0.0312127 7171
10 0 21 2 -2 0 0 6310
10 0 22 5 -2 0 0 3016
10 0 23 3.21985 0.517609 1.02353 0.321368 9214
10 0 24 5 -2 0 0 8199
10 0 25 3.22069 -3 0 0 10165
10 0 26 2.43031 0.812139 0.691495 0.215812 11107
10 0 27 5 -2 0 0 8024
10 0 28 4.3163 0.462753 0.35244 0.144983 11285
10 0 29 2 0.813509 1.56602 0.73832 10279
10 0 30 3.5587 0.257094 1.14601 0.18771 3521
10 0 31 6 -2 0 0 11747
10 0 32 6 -2 0 0 2542
10 0 33 4.20268 0.447159 0.453465 0.135434 11353
10 0 34 4.45338 0.486574 0.913129 0.574362 12463
10 0 35 5 -2 0 0 11754
10 0 36 3.59913 0.5227 0.564208 0.130114 3902
10 0 37 7 -2 0 0 6515
10 0 38 3.2049 0.619202 0.792765 0.836238 12511
10 0 39 4.41294 0.478576 0.709766 0.297607 16940
10 0 40 5.33533 0.489573 0.809272 0.808224 6036
10 0 41 4.05749 0.443061 0.404229 0.0927932 8979
10 0 42 3.22069 -3 0 0 14032
10 0 43 3.22069 -3 0 0 11027
10 0 44 5 -2 0 0 12058
10 0 45 3.22069 -3 0 0 11789
10 0 46 3.41025 0.674416 0.682726 0.369501 12442
10 0 47 3.60051 0.615025 0.534923 0.309494 13733
10 0 48 2.9172 0.273995 0.887694 0.986122 11175
10 0 49 3 -2 0 0 13182
10 0 50 6 -2 0 0 12993
10 0 51 3.45783 0.437437 0.427095 0.319651 19616
10 0 52 3 -2 0 0 14201
10 0 53 4.54233 0.442465 0.353247 0.308047 14768
10 0 54 3.28069 0.821074 0.786834 0.90884 10034
10 0 55 4.27169 0.530392 0.446884 0.227958 12215
10 0 56 3.22069 -3 0 0 17355
10 0 57 3.22069 -3 0 0 14112
10 0 58 4 -2 0 0 14146
10 0 59 3.22069 -3 0 0 16689
10 0 60 4 -2 0 0 9886
10 0 61 4 -2 0 0 23161
10 0 62 4 -2 0 0 14234
10 0 63 7 -2 0 0 11306
10 1 0 3.20416 0.380941 0.585925 0.0244078 14073
10 1 1 3.34844 0.562616 0.477383 0.104543 13799
10 1 2 4.11431 0.672224 1.05798 0.750787 14257
10 1 3 3.5411 0.607522 0.384659 0.287106 14369
10 1 4 6 -2 0 0 12836
10 1 5 3.6442 -3 0 0 10720
10 1 6 6 -2 0 0 17229
10 1 7 3.58249 0.607483 1.03422 0.566282 10258
10 1 8 2.36439 1.0869 1.15643 0.894943 10431
10 1 9 3.24917 0.586882 0.583527 0.130493 16780
10 1 10 3.41623 0.572413 0.501878 0.0725481 11804
10 1 11 5 -2 0 0 12382
10 1 12 6 -2 0 0 13448
10 1 13 4.13591 0.325695 0.460502 0.0521871 11104
10 1 14 3.66572 0.635478 0.770865 0.411093 14974
10 1 15 3.6442 -3 0 0 12988
10 1 16 4 -2 0 0 18097
10 1 17 6 -2 0 0 14440
10 1 18 6 -2 0 0 13271
10 1 19 3.78235 0.693954 1.04709 0.77482 14467
10 1 20 2.72397 1.39784 2.05155 0.634334 7272
10 1 21 3.6442 -3 0 0 12508
10 1 22 3.50612 0.5677 0.654879 0.202113 13924
10 1 23 2 -2 0 0 9063
10 1 24 3.97895 0.455894 0.397699 0.150102 13195
10 1 25 6 -2 0 0 9119
10 1 26 4.49042 0.37826 0.388704 0.114193 14594
10 1 27 3 -2 0 0 11750
10 1 28 3.6442 -3 0 0 11507
10 1 29 4.08555 0.463614 0.541897 0.230034 8921
10 1 30 3.60692 0.798002 0.798003 0.720719 8509
10 1 31 4.82674 0.378118 0.348631 0.0284806 8601
10 1 32 3.11777 0.609629 1.02977 0.271704 8416
10 1 33 6 -2 0 0 10316
10 1 34 3.43058 0.759806 1.20602 0.715941 9893
10 1 35 2 -2 0 0 10430
10 1 36 4.04404 0.474814 0.581863 0.177373 6799
10 1 37 2.50193 1.05045 1.22518 1.0502 8082
10 1 38 3.97067 0.41519 0.670853 0.0564664 6066
10 1 39 2.62858 1.00587 1.04307 0.667323 8714
10 1 40 6 -2 0 0 7345
10 1 41 4.59237 0.332239 0.539118 0.064041 6787
10 1 42 4.32407 0.360635 0.411189 0.123413 10229
10 1 43 7 -2 0 0 7801
10 1 44 4.4378 0.370995 0.400342 0.0374318 6474
10 1 45 3.93544 0.49377 0.346096 0.169545 7289
10 1 46 4 -2 0 0 9599
10 1 47 3.6442 -3 0 0 6439
10 1 48 3.29561 0.55725 0.487057 0.157957 7847
10 1 49 2 -2 0 0 10193
10 1 50 4.37133 0.393558 0.442964 0.0888975 5921
10 1 51 2 -2 0 0 9039
10 1 52 3.86828 0.24612 0.365944 0.0280389 10753
10 1 53 2.14766 1.83013 0.815576 0.456187 5152
10 1 54 5.42231 0.503547 0.610452 1.02876 6188
10 1 55 3.6442 -3 0 0 6505
10 1 56 6 -2 0 0 6615
10 1 57 6 -2 0 0 6866
10 1 58 6 -2 0 0 9255
10 1 59 5 -2 0 0 8501
10 1 60 5 -2 0 0 8481
10 1 61 7 -2 0 0 6855
10 1 62 3.84507 0.535243 0.653438 0.393079 8245
10 1 63 5 -2 0 0 5970
10 2 0 5 -2 0 0 16545
10 2 1 6 -2 0 0 20228
10 2 2 3.3053 0.537745 0.390002 0.226013 18468
10 2 3 2 -2 0 0 14474
10 2 4 3.32148 0.618242 0.464038 0.183657 10770
10 2 5 3.11917 -3 0 0 16129
10 2 6 3.49243 0.511535 0.29653 0.0868505 16165
10 2 7 4 -2 0 0 6446
10 2 8 3.01603 0.819759 0.589221 0.733891 14270
10 2 9 3.11917 -3 0 0 11587
10 2 10 6 -2 0 0 14179
10 2 11 3 -2 0 0 11607
10 2 12 2.39579 0.485835 0.789066 0.70068 13432
10 2 13 6 -2 0 0 10948
10 2 14 4 -2 0 0 18298
10 2 15 5 -2 0 0 6797
10 2 16 3.04696 0.575665 0.408403 0.148329 8371
10 2 17 2 -2 0 0 15245
10 2 18 7 -2 0 0 15632
10 2 19 2 1.92432 0.682553 0.610014 10659
10 2 20 6 -2 0 0 6353
10 2 21 4 -2 0 0 16655
10 2 22 2.62546 0.750714 0.684375 0.326936 10932
10 2 23 6 -2 0 0 10397
10 2 24 2.25636 0.910344 0.91441 0.329853 12726
10 2 25 2.55689 0.926585 1.01947 0.891975 13631
10 2 26 5 -2 0 0 16464
10 2 27 4.42307 0.457719 0.519051 0.375013 11206
10 2 28 5 -2 0 0 4733
10 2 29 4.51694 0.454714 0.455683 0.197714 16527
10 2 30 6 -2 0 0 6287
10 2 31 3.52135 0.387433 0.415031 0.0132885 9291
10 2 32 5 -2 0 0 13006
10 2 33 3.35338 0.357111 0.548892 0.148952 14227
10 2 34 3.11917 -3 0 0 21656
10 2 35 6 -2 0 0 12918
10 2 36 3 -2 0 0 15189
10 2 37 6 -2 0 0 17752
10 2 38 5 -2 0 0 10577
10 2 39 2 -2 0 0 16791
10 2 40 4.10264 0.660233 0.608384 0.629911 9061
10 2 41 3.11917 -3 0 0 12354
10 2 42 4.45431 0.358189 0.423022 0.0235299 9057
10 2 43 5 -2 0 0 18011
10 2 44 2.91286 0.406552 0.660377 0.0692553 11859
10 2 45 4.19451 0.358491 0.342061 0.0542032 7770
10 2 46 3.11917 -3 0 0 21374
10 2 47 3.1589 0.862288 0.69136 0.895563 9732
10 2 48 2 -2 0 0 8944
10 2 49 5 -2 0 0 16337
10 2 50 3.11917 -3 0 0 9485
10 2 51 4 -2 0 0 19495
10 2 52 2 1.94709 1.60192 0.731631 17765
10 2 53 3 -2 0 0 10004
10 2 54 3.5637 0.449252 0.398855 0.0419562 10313
10 2 55 3.34795 0.378689 0.375059 0.0615556 17819
10 2 56 5 -2 0 0 12612
10 2 57 2 -2 0 0 19823
10 2 58 3.59286 0.437274 0.298536 0.0411552 15352
10 2 59 3.11917 -3 0 0 19696
10 2 60 3.17109 0.699498 0.655177 0.203341 9368
10 2 61 5 -2 0 0 17455
10 2 62 3.11917 -3 0 0 20713
10 2 63 2.61225 7.76212 0.832527 0.696143 16508
10 3 0 0 -10 0 0 0
10 3 1 2.62846 0.799563 0.897216 0.536865 19797
10 3 2 4 -2 0 0 18441
10 3 3 3.32778 0.452068 0.374708 0.0727593 21820
10 3 4 3.49764 0.44117 0.318825 0.0608331 21811
10 3 5 3 -2 0 0 19831
10 3 6 3.08692 0.649662 0.739852 0.825247 23253
10 3 7 3.41128 0.539001 0.598346 0.0981749 19197
10 3 8 3.89557 0.409574 0.393407 0.0339191 18621
10 3 9 3.63371 0.536103 0.465902 0.25493 22672
10 3 10 3.58592 0.271254 0.540895 0.124598 19867
10 3 11 4 -2 0 0 15997
10 3 12 3.7884 0.585396 0.649841 0.594064 17883
10 3 13 4 -2 0 0 20439
10 3 14 3.46434 0.434037 0.636961 0.143279 22070
10 3 15 4.11026 0.444374 0.383146 0.223394 21583
10 3 16 0 -10 0 0 0
10 3 17 4 -2 0 0 20355
10 3 18 4.06693 0.42771 0.310611 0.120686 21337
10 3 19 2.47932 0.940867 1.28491 0.5746 18018
10 3 20 6 -2 0 0 3755
10 3 21 5 -2 0 0 22714
10 3 22 5 -2 0 0 20930
10 3 23 3.43021 1.31181 1.31686 0.153109 12554
10 3 24 2.74348 1.08188 1.07962 0.208103 20256
10 3 25 5 -2 0 0 19382
10 3 26 0 -10 0 0 0
10 3 27 4.81742 0.355758 0.58559 0.157394 9518
10 3 28 3.31893 -3 0 0 20596
10 3 29 3.31893 -3 0 0 15515
10 3 30 5 -2 0 0 21111
10 3 31 3.69695 0.566055 0.733883 0.669717 21457
10 3 32 6 -2 0 0 18929
10 3 33 6 -2 0 0 21071
10 3 34 3.8374 0.667175 1.03181 0.868831 21241
10 3 35 5 -2 0 0 21401
10 3 36 5 -2 0 0 349
10 3 37 3.73503 0.463852 0.577013 0.167047 14777
10 3 38 4.04184 0.42275 0.746417 0.134576 20486
10 3 39 2 -2 0 0 17801
10 3 40 4.40942 0.389697 0.5639 0.206213 14610
10 3 41 2.94972 0.587313 0.718411 0.391823 15800
10 3 42 4 -2 0 0 16730
10 3 43 3.655 0.370945 0.408681 0.013352 19699
10 3 44 5 -2 0 0 19418
10 3 45 3.36119 0.37997 1.06387 0.147708 16350
10 3 46 4.88779 0.331291 0.330123 0.0927902 21035
10 3 47 3.61089 0.449661 0.493047 0.0971998 20191
10 3 48 3 -2 0 0 11609
10 3 49 7 -2 0 0 17811
10 3 50 3.35354 0.776125 1.29632 0.353264 15949
10 3 51 5 -2 0 0 15843
10 3 52 3.03164 0.662494 0.660005 0.402719 16867
10 3 53 3.47182 0.284363 1.04764 0.406199 19753
10 3 54 5 -2 0 0 17666
10 3 55 5 -2 0 0 20118
10 3 56 3.06357 0.65294 0.88234 0.418097 18403
10 3 57 2.61331 0.731183 0.779715 0.562491 16252
10 3 58 6 -2 0 0 15406
10 3 59 5 -2 0 0 17389
10 3 60 3.31893 -3 0 0 19782
10 3 61 3.31893 -3 0 0 17945
10 3 62 2 -2 0 0 17675
10 3 63 2.6227 0.85722 1.41389 0.727678 19155
10 4 0 2 -2 0 0 13439
10 4 1 2 -2 0 0 12484
10 4 2 2.61297 0.804556 0.497411 0.00633211 14509
10 4 3 2 1.93938 1.30365 0.744933 6954
10 4 4 7 -2 0 0 6979
10 4 5 2 -2 0 0 10274
10 4 6 3.50977 0.692726 0.512415 0.0423736 9482
10 4 7 2.45803 0.897492 0.618664 0.205337 8424
10 4 8 2 8.76002 1.38425 0.979635 8071
10 4 9 4.03997 0.673282 0.614864 0.222899 11160
10 4 10 4.17851 0.759901 0.818675 0.431893 7088
10 4 11 4 -2 0 0 11560
10 4 12 5.86042 0.403231 0.399133 0.873876 9841
10 4 13 2 1.36704 1.27242 0.949668 7045
10 4 14 3.77342 0.524749 1.16752 0.367657 10509
10 4 15 4.30264 0.441564 0.368217 0.224367 8639
10 4 16 7 -2 0 0 9351
10 4 17 7 -2 0 0 7645
10 4 18 2 -2 0 0 6435
10 4 19 3.6465 0.46204 0.469139 0.0521891 7724
10 4 20 3.64779 0.278988 1.06317 0.248962 5302
10 4 21 3.12442 0.640393 0.410815 0.0157098 12059
10 4 22 3.74521 0.257197 0.628052 0.123655 7988
10 4 23 6 -2 0 0 10007
10 4 24 3 -2 0 0 13523
10 4 25 4.6766 0.322367 0.435646 0.31729 5622
10 4 26 3.47148 0.305988 0.490675 0.0208878 14329
10 4 27 3.33956 0.709123 0.561708 0.152382 7211
10 4 28 3.4959 0.272573 1.05336 0.843938 6881
10 4 29 3 -2 0 0 9044
10 4 30 3.801 0.690582 0.554183 0.246425 8734
10 4 31 2.00007 12.9833 1.48859 1.00276 7333
10 4 32 2.65522 1.24217 1.10175 0.201609 5288
10 4 33 3.2935 -3 0 0 5617
10 4 34 4.34556 0.397456 0.483989 0.133294 12989
10 4 35 6 -2 0 0 5094
10 4 36 5 -2 0 0 7589
10 4 37 7 -2 0 0 9330
10 4 38 4 -2 0 0 4663
10 4 39 5 -2 0 0 7019
10 4 40 3.64426 0.616431 0.483944 0.248752 9385
10 4 41 4.26712 0.636016 0.482544 0.270735 6655
10 4 42 3.2935 -3 0 0 6930
10 4 43 2.64353 0.951006 0.79562 0.317142 7923
10 4 44 6 -2 0 0 6077
10 4 45 3.2935 -3 0 0 5187
10 4 46 3.82627 0.496662 0.450581 0.0175894 12524
10 4 47 3.10286 0.774614 0.519848 0.069834 4298
10 4 48 4.61917 0.392505 0.456886 0.324586 5300
10 4 49 5 -2 0 0 9618
10 4 50 9 -2 0 0 6635
10 4 51 3.31381 0.409819 0.474081 0.0157148 7196
10 4 52 2 -2 0 0 8197
10 4 53 2.6348 0.92644 1.19803 0.626983 4314
10 4 54 3.2421 0.655482 0.496001 0.0768576 6595
10 4 55 4 -2 0 0 7129
10 4 56 2.52508 0.634329 0.904404 0.669756 7984
10 4 57 3.43037 0.342436 0.651641 0.0891649 7212
10 4 58 3.2935 -3 0 0 8329
10 4 59 4 -2 0 0 10818
10 4 60 2 -2 0 0 4798
10 4 61 3 -2 0 0 8205
10 4 62 8 -2 0 0 9163
10 4 63 6 -2 0 0 7915
10 5 0 2.46193 0.808892 0.551795 0.132871 8724
10 5 1 5 -2 0 0 8963
10 5 2 2.57107 0.800171 0.585291 0.120895 12216
10 5 3 2 -2 0 0 12194
10 5 4 2.76057 1.88785 1.05094 0.555824 10202
10 5 5 3.3571 0.40982 0.512187 0.0159651 8954
10 5 6 2.49694 0.738613 0.472459 0.209435 12065
10 5 7 3.00208 -3 0 0 12167
10 5 8 4.36211 0.366671 0.394808 0.240144 12505
10 5 9 4 -2 0 0 10080
10 5 10 2 -2 0 0 12350
10 5 11 4 -2 0 0 12369
10 5 12 6 -2 0 0 12655
10 5 13 3 -2 0 0 11416
10 5 14 3.00208 -3 0 0 11421
10 5 15 2.36273 0.860018 0.733679 0.197145 13933
10 5 16 5.23202 0.3085 0.609281 0.138368 14526
10 5 17 2.91338 0.724583 0.497099 0.203358 13368
10 5 18 2.02919 9.68803 0.496515 0.429051 13412
10 5 19 3.17226 0.625948 0.620747 0.230366 14520
10 5 20 2.55534 0.938198 0.805283 0.47816 11729
10 5 21 6 -2 0 0 12269
10 5 22 3.00208 -3 0 0 13367
10 5 23 2 -2 0 0 12041
10 5 24 5 -2 0 0 11155
10 5 25 3.00208 -3 0 0 16620
10 5 26 2.98075 0.649922 0.456912 0.123832 13240
10 5 27 6 -2 0 0 13778
10 5 28 4.16484 0.516038 0.6598 0.2441 11258
10 5 29 3.34777 0.626432 0.626276 0.347103 12333
10 5 30 5 -2 0 0 14011
10 5 31 3.42467 0.640025 0.477098 0.247862 13709
10 5 32 3.53641 0.407295 1.43996 0.517486 15904
10 5 33 2 -2 0 0 12417
10 5 34 4 -2 0 0 14213
10 5 35 4.40602 0.400725 0.468862 0.0919757 14521
10 5 36 3.65781 0.471819 0.372157 0.0663977 11443
10 5 37 3.78167 0.652052 0.975442 0.429975 11308
10 5 38 2.75479 1.30458 0.954078 0.217374 16067
10 5 39 5 -2 0 0 19879
10 5 40 4 -2 0 0 17100
10 5 41 2.21064 8.46492 1.09722 0.227941 12937
10 5 42 2 -2 0 0 11367
10 5 43 3.01876 0.745182 0.839661 0.573823 12117
10 5 44 6 -2 0 0 18518
10 5 45 3.4601 0.530109 0.682724 0.190619 13833
10 5 46 3.51756 0.695441 0.840438 0.588123 11932
10 5 47 2.00012 10.3408 0.72945 0.541559 23390
10 5 48 4.08048 0.458251 0.43692 0.111562 17066
10 5 49 2.73845 0.71503 0.523895 0.206493 11884
10 5 50 5 -2 0 0 13442
10 5 51 3 -2 0 0 19393
10 5 52 3.41419 0.520632 0.466897 0.0395795 12236
10 5 53 4.13742 0.477512 0.481563 0.110086 15931
10 5 54 2.84007 0.793713 0.59043 0.330158 13910
10 5 55 2.55938 0.95807 1.06747 0.646144 13272
10 5 56 2 8.29746 0.779227 0.366488 20872
10 5 57 3.00208 -3 0 0 21193
10 5 58 3 -2 0 0 13263
10 5 59 2.25295 0.89085 1.07513 0.944365 16777
10 5 60 2 -2 0 0 22577
10 5 61 3.26337 0.558043 0.52341 0.018486 19671
10 5 62 2 0.84519 1.30015 0.499169 12892
10 5 63 2.23941 1.88613 0.989722 0.97546 13882
10 6 0 3.14553 -3 0 0 12605
10 6 1 6 -2 0 0 11033
10 6 2 4 -2 0 0 10537
10 6 3 3.34337 0.339584 0.335454 0.0228456 7543
10 6 4 2.7141 1.00048 0.8388 0.279277 7988
10 6 5 5.1645 0.404411 0.335518 0.447218 8175
10 6 6 3.91331 0.437813 0.796149 0.228743 9746
10 6 7 4.55971 0.303009 0.368888 0.0699607 6303
10 6 8 6 -2 0 0 8937
10 6 9 3.55378 0.306794 0.417815 0.0238664 8253
10 6 10 2 -2 0 0 7317
10 6 11 2.90182 0.506068 0.350338 0.0403547 6471
10 6 12 2.57572 1.25259 0.3981 0.381709 6368
10 6 13 2.11528 9.20004 0.539422 0.718514 6146
10 6 14 3 -2 0 0 9022
10 6 15 6 -2 0 0 4751
10 6 16 3.58425 0.267263 1.00056 0.165843 5786
10 6 17 10 -2 0 0 8727
10 6 18 3.12991 0.409111 0.400653 0.00628378 5538
10 6 19 7 -2 0 0 5646
10 6 20 6 -2 0 0 6761
10 6 21 2.42452 0.925996 0.998354 0.54928 8522
10 6 22 4.89316 0.313002 0.300357 0.40719 5996
10 6 23 6 -2 0 0 7849
10 6 24 3 -2 0 0 9109
10 6 25 5 -2 0 0 5898
10 6 26 4.03849 0.53054 0.393257 0.0262059 9758
10 6 27 2.00001 2.88107 1.22937 0.701561 5232
10 6 28 3.48993 0.554934 1.07613 0.427133 5811
10 6 29 3.43105 0.367758 0.422571 0.0302809 6370
10 6 30 3.95249 0.281457 0.86368 0.435542 6119
10 6 31 3.14553 -3 0 0 3818
10 6 32 3.03935 1.16922 0.522886 0.466922 5316
10 6 33 3.42443 0.753792 0.353609 0.102208 4491
10 6 34 6 -2 0 0 9200
10 6 35 3.0523 0.384881 0.967157 0.322326 4424
10 6 36 2 -2 0 0 5738
10 6 37 3 -2 0 0 5546
10 6 38 3.14553 -3 0 0 3713
10 6 39 4.10646 0.398555 0.351988 0.0892204 5267
10 6 40 4.12985 0.312977 1.21786 0.655021 5495
10 6 41 4.68286 0.592142 0.291484 0.213259 4926
10 6 42 7 -2 0 0 4916
10 6 43 3.63861 0.700775 0.348 0.0824206 6270
10 6 44 3.14553 -3 0 0 4128
10 6 45 4 -2 0 0 5211
10 6 46 3 -2 0 0 6995
10 6 47 5.38962 0.516963 0.346893 0.243576 3630
10 6 48 4.30677 0.558751 0.557068 0.353951 5483
10 6 49 6 -2 0 0 6209
10 6 50 3.26084 0.479914 0.323226 0.0119333 4950
10 6 51 3.14553 -3 0 0 6273
10 6 52 3.20087 0.385051 0.378441 0.0074989 6326
10 6 53 7.84078 0.513734 0.280016 0.647328 3456
10 6 54 4.46575 0.38622 0.298303 0.00671109 5157
10 6 55 4 -2 0 0 4749
10 6 56 4 -2 0 0 5140
10 6 57 3.217 0.713552 0.376881 0.0224856 5454
10 6 58 5 -2 0 0 5100
10 6 59 2.48388 0.883558 0.428458 0.00896124 5872
10 6 60 3.14553 -3 0 0 5004
10 6 61 3.14553 -3 0 0 6539
10 6 62 4 -2 0 0 6398
10 6 63 2.53708 2.12818 0.866504 0.894365 5726
10 7 0 2 1.82776 1.48353 0.367744 5922
10 7 1 6.31072 0.328406 0.361122 0.95609 6974
10 7 2 2.67368 -3 0 0 7089
10 7 3 5 -2 0 0 6522
10 7 4 2 2.72683 0.306293 0.345928 7440
10 7 5 2.67368 -3 0 0 6700
10 7 6 2.55452 0.830612 0.487357 0.109942 7136
10 7 7 2.47883 0.964706 0.349256 0.034894 7156
10 7 8 3.8221 0.595479 0.194661 0.0536887 6969
10 7 9 4.11928 0.560479 0.264211 0.140841 6993
10 7 10 2 0.633585 0.971436 0.662987 5834
10 7 11 2 1.41566 1.1723 0.329474 6307
10 7 12 3 -2 0 0 7199
10 7 13 2 12.592 0.836772 0.971086 7248
10 7 14 5.01775 0.434247 0.266916 0.361751 7384
10 7 15 3 -2 0 0 7112
10 7 16 3.68452 0.665313 0.571369 0.362719 6208
10 7 17 5 -2 0 0 7702
10 7 18 3.36169 0.452788 0.258418 0.0439345 8033
10 7 19 2.67368 -3 0 0 8839
10 7 20 4 -2 0 0 8493
10 7 21 3.46621 1.00173 0.673116 0.691044 6869
10 7 22 5 -2 0 0 7594
10 7 23 7 -2 0 0 7252
10 7 24 2.75718 0.716159 0.284567 0.0351479 6928
10 7 25 3.55269 0.288062 0.357205 0.000492379 10023
10 7 26 4.02218 0.532311 0.314042 0.0546464 7968
10 7 27 7 -2 0 0 8844
10 7 28 2 -2 0 0 7311
10 7 29 3 -2 0 0 7784
10 7 30 2.67368 -3 0 0 8158
10 7 31 2.24781 2.48652 1.48837 1.03341 9712
10 7 32 4.36652 0.335817 0.418538 0.0323932 8826
10 7 33 4.10869 0.266791 0.38651 0.0378342 9214
10 7 34 6 -2 0 0 8754
10 7 35 4.68163 0.73335 0.912421 0.736739 12686
10 7 36 2.67368 -3 0 0 9985
10 7 37 2.67368 -3 0 0 8307
10 7 38 2 -2 0 0 13452
10 7 39 2.67368 -3 0 0 15569
10 7 40 7 -2 0 0 9454
10 7 41 2.78363 1.03255 0.641129 0.702739 9858
10 7 42 4.08953 0.347593 0.327419 0.0452948 8348
10 7 43 3.4876 0.25627 0.792879 0.821521 9760
10 7 44 2.63084 0.65834 1.03827 1.01099 10327
10 7 45 5 -2 0 0 11225
10 7 46 6 -2 0 0 8291
10 7 47 2.71031 0.728421 0.429648 0.0193048 17467
10 7 48 4.6794 0.421426 0.374134 0.128175 8446
10 7 49 2.3529 0.931582 1.09858 0.981661 11079
10 7 50 4 -2 0 0 13124
10 7 51 2.67368 -3 0 0 13474
10 7 52 3.93039 0.654069 0.412552 0.328881 8534
10 7 53 2 11.9984 0.43696 0.262889 13590
10 7 54 4 -2 0 0 12326
10 7 55 2.67368 -3 0 0 11782
10 7 56 2.67101 0.616108 0.496614 0.0287764 11686
10 7 57 4.5389 0.424689 0.339011 0.0587436 14531
10 7 58 3.40576 0.299816 0.395192 0.101142 10232
10 7 59 2.67368 -3 0 0 10355
10 7 60 6 -2 0 0 16071
10 7 61 2.11449 7.66122 1.05327 0.417178 14105
10 7 62 2.44779 0.974547 0.429931 0.123145 10181
10 7 63 2 0.731521 0.965504 0.977369 12195
10 8 0 5 -2 0 0 8388
10 8 1 4.18045 0.374001 0.382455 0.0636278 8319
10 8 2 2.71663 0.908783 0.523165 0.602309 6781
10 8 3 4 -2 0 0 8913
10 8 4 3.22074 -3 0 0 6562
10 8 5 2 -2 0 0 6349
10 8 6 3.17481 0.643167 0.259115 0.057312 9886
10 8 7 2.12673 2.05807 0.431617 0.135998 8740
10 8 8 6 -2 0 0 6680
10 8 9 6 -2 0 0 8369
10 8 10 2 -2 0 0 10318
10 8 11 3.22074 -3 0 0 6553
10 8 12 3.22074 -3 0 0 9377
10 8 13 2.44795 0.812118 0.311698 0.175671 12052
10 8 14 0 -10 0 0 0
10 8 15 2 9.09157 0.895489 1.02208 9021
10 8 16 2 -2 0 0 11744
10 8 17 2 -2 0 0 9470
10 8 18 4.26844 0.437121 0.427 0.099657 7306
10 8 19 5.79382 0.455689 0.340191 1.05415 10236
10 8 20 3 -2 0 0 7980
10 8 21 3.44809 0.604494 0.317902 0.19557 5577
10 8 22 2.94966 0.745603 0.341237 0.108778 7026
10 8 23 3.22074 -3 0 0 5948
10 8 24 2 -2 0 0 6885
10 8 25 3.2923 0.579529 0.279394 0.0480609 11945
10 8 26 2.76716 0.890909 0.803282 0.243366 7263
10 8 27 3.47424 0.570308 0.457924 0.314635 9454
10 8 28 3.22074 -3 0 0 10005
10 8 29 4.37919 0.450883 0.256586 0.128416 9549
10 8 30 3.22074 -3 0 0 9757
10 8 31 6 -2 0 0 12623
10 8 32 4.18719 0.486378 0.315063 0.12538 14183
10 8 33 4 -2 0 0 12868
10 8 34 3.94979 0.685456 0.933053 0.652775 7110
10 8 35 3.53432 0.38566 0.459627 0.0611408 19065
10 8 36 3.44199 0.75122 0.612606 0.845685 11161
10 8 37 7 -2 0 0 7411
10 8 38 3.22074 -3 0 0 19654
10 8 39 3.57451 0.563746 0.448555 0.28958 17390
10 8 40 7 -2 0 0 9894
10 8 41 2 -2 0 0 12213
10 8 42 3.22074 -3 0 0 9484
10 8 43 4.69663 0.554323 0.286858 0.878035 10398
10 8 44 4.44247 0.509746 0.526337 0.677681 16891
10 8 45 2.96432 0.979068 0.425257 0.846942 14851
10 8 46 3.98725 0.487337 0.428149 0.16625 8156
10 8 47 5 -2 0 0 18369
10 8 48 4.35141 0.333732 0.327446 0.120847 11141
10 8 49 6 -2 0 0 6669
10 8 50 3 -2 0 0 12074
10 8 51 3.4457 0.488729 0.556364 0.107892 11956
10 8 52 5 -2 0 0 9325
10 8 53 5 -2 0 0 16190
10 8 54 2.76977 0.631022 0.331339 0.00104212 10959
10 8 55 2.75577 0.789169 0.668263 0.735192 12552
10 8 56 4.10428 0.345393 0.42434 0.0330986 13080
10 8 57 2 -2 0 0 12159
10 8 58 5 -2 0 0 9744
10 8 59 3 -2 0 0 9127
10 8 60 5 -2 0 0 18599
10 8 61 0 -10 0 0 0
10 8 62 2.38016 1.02208 0.440827 0.394457 10960
10 8 63 2.65937 0.91153 0.747996 0.173316 9972
10 9 0 6 -2 0 0 5898
10 9 1 3 -2 0 0 5245
10 9 2 4.85139 0.573774 0.544004 0.320423 4549
10 9 3 3.57368 0.384195 0.696227 0.129053 2029
10 9 4 2.00001 12.9914 1.49364 0.474855 2185
10 9 5 6 -2 0 0 2531
10 9 6 2.87471 0.936493 0.682332 0.051058 3795
10 9 7 4 -2 0 0 1819
10 9 8 7 -2 0 0 3518
10 9 9 6 -2 0 0 2378
10 9 10 4.55283 0.485369 0.53699 0.120528 2492
10 9 11 4.11937 0.780546 0.499244 0.143014 4734
10 9 12 5.11201 0.501729 0.399681 0.13984 3881
10 9 13 3.84119 0.405435 0.643262 0.0800739 1360
10 9 14 3.00923 6.62618 1.21682 0.215312 4860
10 9 15 6.29694 0.623058 0.315559 0.515207 1915
10 9 16 5.8389 0.448151 0.43286 0.323711 2268
10 9 17 6.00514 0.632393 0.505217 0.369823 3952
10 9 18 6 -2 0 0 2225
10 9 19 4.41805 0.433849 0.738391 0.0710099 2597
10 9 20 4.22449 0.712765 0.531659 0.0608478 1842
10 9 21 5 -2 0 0 4971
10 9 22 5 -2 0 0 3617
10 9 23 3.7845 0.48265 0.521021 0.0548763 2286
10 9 24 6 -2 0 0 4322
10 9 25 4.07259 0.349309 0.475837 0.111705 1595
10 9 26 6 -2 0 0 4576
10 9 27 6.61811 0.809663 0.442447 0.529407 1406
10 9 28 4.34291 0.793904 0.283662 0.148012 1023
10 9 29 6 -2 0 0 2916
10 9 30 3.91073 -3 0 0 1236
10 9 31 3.81007 0.514813 0.621452 0.0842836 1073
10 9 32 5.05374 0.645813 0.197034 0.0748282 1284
10 9 33 4.71643 0.574576 0.342433 0.0239173 1600
10 9 34 8 -2 0 0 5877
10 9 35 5.25977 0.481755 0.473883 0.259424 1631
10 9 36 3 -2 0 0 1459
10 9 37 5.38105 0.592634 0.329161 0.036055 1714
10 9 38 3.94898 0.483644 0.621401 0.0281875 1770
10 9 39 3.74573 0.45666 0.629312 0.044905 1799
10 9 40 4.53703 0.775498 0.90368 0.0999313 1704
10 9 41 6 -2 0 0 1491
10 9 42 3.54561 0.850855 0.836988 0.188933 1056
10 9 43 6 -2 0 0 2704
10 9 44 3.57154 0.400967 0.394751 0.0760883 653
10 9 45 3.88386 0.39403 0.865622 0.0412062 1901
10 9 46 4.18657 0.478409 0.514736 0.0187775 3418
10 9 47 3.09603 0.432839 0.915777 0.144332 1453
10 9 48 5 -2 0 0 1624
10 9 49 4 -2 0 0 2952
10 9 50 4 -2 0 0 736
10 9 51 5 -2 0 0 2354
10 9 52 3.91073 -3 0 0 2575
10 9 53 2.54373 1.72236 1.37328 0.290794 877
10 9 54 4.3003 0.755185 0.591805 0.0604284 1590
10 9 55 4.87334 0.465134 0.826113 0.151824 2369
10 9 56 2 9.37703 3.1942 1.00383 2641
10 9 57 2.59469 12.5149 1.29766 0.242137 2219
10 9 58 3.23048 0.410618 0.974073 0.107948 1755
10 9 59 3.36361 0.463977 0.545957 0.00897392 2997
10 9 60 4.57808 0.78513 0.454652 0.529528 2968
10 9 61 8 -2 0 0 3219
10 9 62 4.06812 0.786998 0.499067 0.139046 4202
10 9 63 3.88029 0.614368 0.368033 0.0199381 1602
10 10 0 2 -2 0 0 12744
10 10 1 2.70046 -3 0 0 13975
10 10 2 2.8091 0.553525 0.314488 0.0216935 15153
10 10 3 2.77219 0.51897 0.32601 0.00883062 17464
10 10 4 4 -2 0 0 15600
10 10 5 2.05004 12.9588 1.27824 0.155491 16775
10 10 6 2.98887 1.65471 1.18854 0.174532 18111
10 10 7 5 -2 0 0 26129
10 10 8 2.4496 0.700373 0.544654 0.174624 15402
10 10 9 3 -2 0 0 20074
10 10 10 2.64732 0.681819 0.462931 0.137297 19041
10 10 11 5 -2 0 0 15200
10 10 12 2.9799 0.801642 1.60995 0.465264 16655
10 10 13 3.69037 0.49718 0.457784 0.107539 22293
10 10 14 2 -2 0 0 16009
10 10 15 3.55852 0.531317 0.338923 0.337897 21247
10 10 16 4.13663 0.433111 0.42734 0.185019 25623
10 10 17 2.56757 0.479443 0.323607 0.0497651 14328
10 10 18 2.74258 0.926222 0.866666 0.576959 15624
10 10 19 5 -2 0 0 20512
10 10 20 4 -2 0 0 10659
10 10 21 3.35799 0.480857 0.362553 0.0610662 19107
10 10 22 4 -2 0 0 18302
10 10 23 2.48554 0.717937 0.457021 0.00136354 12771
10 10 24 2.87021 0.396975 0.29429 0.0589543 16320
10 10 25 3 -2 0 0 24774
10 10 26 2.6202 0.66665 0.523054 0.381697 16795
10 10 27 4 -2 0 0 14804
10 10 28 2.98704 0.691134 0.603041 0.542245 23632
10 10 29 2.95182 1.77839 1.16278 0.140766 15521
10 10 30 2.65107 1.30611 1.04082 0.129396 9472
10 10 31 2.70046 -3 0 0 28874
10 10 32 4 -2 0 0 19407
10 10 33 3.35768 0.378813 0.464322 0.0142239 15851
10 10 34 3.86872 0.403506 0.37374 0.0779545 14710
10 10 35 5 -2 0 0 21654
10 10 36 6 -2 0 0 9099
10 10 37 2.9201 0.840347 1.02733 0.0359154 10808
10 10 38 2.64168 0.665586 0.556415 0.0578623 26672
10 10 39 2.69829 0.629041 0.523068 0.037787 21269
10 10 40 3.48336 0.491209 0.384179 0.0590969 7291
10 10 41 3 -2 0 0 20869
10 10 42 2.43587 1.05364 0.790316 0.00906688 13308
10 10 43 2 -2 0 0 18712
10 10 44 3.74534 0.420989 0.302717 0.103043 21506
10 10 45 2.68031 0.535639 0.568029 0.0945642 23774
10 10 46 3.20325 0.300875 0.546399 0.336839 17320
10 10 47 0 -10 0 0 0
10 10 48 5 -2 0 0 15113
10 10 49 2 2.44974 1.17378 0.389365 14253
10 10 50 2.71075 0.417469 0.595334 0.4496 23473
10 10 51 3.22118 0.82649 0.6149 0.734262 19074
10 10 52 2.47071 0.695396 0.319373 0.0756111 15307
10 10 53 2.62867 0.760165 0.680573 0.1799 23411
10 10 54 2 -2 0 0 18046
10 10 55 3.23272 0.519309 0.252904 0.137509 16739
10 10 56 3.5229 0.428551 0.353758 0.0267771 23169
10 10 57 4 -2 0 0 19054
10 10 58 2.22156 0.715157 0.30603 0.138377 18884
10 10 59 2.55581 0.696179 0.41419 0.20667 14583
10 10 60 2 8.04734 0.979976 1.00947 26075
10 10 61 2.03349 7.91987 0.441923 0.0530783 17279
10 10 62 2 -2 0 0 16587
10 10 63 2.56988 0.654182 0.298092 0.0124603 16831
10 11 0 3.55737 0.817007 0.771792 0.524247 13674
10 11 1 3.4757 -3 0 0 7903
10 11 2 2.76923 0.794146 0.463882 0.0114331 8831
10 11 3 5 -2 0 0 8809
10 11 4 3.4757 -3 0 0 5643
10 11 5 5 -2 0 0 6834
10 11 6 4.10905 0.375904 0.326027 0.268187 11560
10 11 7 3.53868 0.717583 0.545735 0.354745 7584
10 11 8 4 -2 0 0 7566
10 11 9 4.04836 0.497606 0.394185 0.118296 4626
10 11 10 3.4757 -3 0 0 3757
10 11 11 3 -2 0 0 8283
10 11 12 2.48833 0.68252 0.922698 1.0659 9766
10 11 13 3.39811 0.465395 0.344252 0.0455799 7536
10 11 14 4.67189 0.425296 0.342201 0.128012 13544
10 11 15 3.4757 -3 0 0 8355
10 11 16 3.40194 0.568269 0.409372 0.0629325 8290
10 11 17 2 0.666599 1.61814 0.706475 11227
10 11 18 3.73401 0.414688 0.403562 0.0281403 9393
10 11 19 2 8.10633 1.78308 0.882441 7352
10 11 20 3.37989 0.70957 0.490002 0.313106 7235
10 11 21 2.84045 0.971078 0.907344 0.280308 4759
10 11 22 6 -2 0 0 4348
10 11 23 3.4757 -3 0 0 6889
10 11 24 6 -2 0 0 8641
10 11 25 6 -2 0 0 5641
10 11 26 3.4757 -3 0 0 15949
10 11 27 6 -2 0 0 7902
10 11 28 5.12748 0.374315 0.359558 0.351626 7384
10 11 29 3.4757 -3 0 0 13832
10 11 30 5.28484 0.486439 0.453268 0.386342 5212
10 11 31 7 -2 0 0 7310
10 11 32 4.4049 0.653216 0.471952 0.570039 7322
10 11 33 4.27877 0.506265 0.446717 0.04424 4370
10 11 34 2 8.47595 1.59305 1.07194 13525
10 11 35 5 -2 0 0 7592
10 11 36 6 -2 0 0 4694
10 11 37 5 -2 0 0 4730
10 11 38 3.00768 0.462752 1.12315 0.519678 4833
10 11 39 7 -2 0 0 5830
10 11 40 3.4757 -3 0 0 5662
10 11 41 3.4757 -3 0 0 7592
10 11 42 4.43786 0.314306 0.32703 0.259102 9509
10 11 43 3.45553 0.35261 1.03493 0.594336 9715
10 11 44 4.07046 0.465724 0.339663 0.0118424 7038
10 11 45 3.4757 -3 0 0 5445
10 11 46 6 -2 0 0 12839
10 11 47 3.4757 -3 0 0 3818
10 11 48 6 -2 0 0 8779
10 11 49 3.4757 -3 0 0 7370
10 11 50 3.76987 0.248795 1.04033 0.2828 5926
10 11 51 4.01789 0.383151 0.520083 0.0401616 8251
10 11 52 4.49709 0.307605 0.424821 0.0297511 9596
10 11 53 4 -2 0 0 5159
10 11 54 4.58744 0.488491 0.468193 0.19861 6142
10 11 55 4.73384 0.43461 0.37726 0.0957763 8392
10 11 56 3.31027 0.286106 0.853591 0.0140529 6862
10 11 57 3.4294 0.37716 1.24349 0.786072 6938
10 11 58 3.10117 0.609262 0.327463 0.0612348 6585
10 11 59 6 -2 0 0 11579
10 11 60 6 -2 0 0 4983
10 11 61 2.7961 0.724254 0.701171 0.396509 9888
10 11 62 2 -2 0 0 13119
10 11 63 3.87199 0.456068 0.380694 0.042885 7172
10 12 0 4.19836 0.320856 0.516027 0.122806 16989
10 12 1 3.25819 -3 0 0 13671
10 12 2 3.96907 0.497586 0.491293 0.226864 18143
10 12 3 3.38565 0.461101 0.604815 0.261681 17319
10 12 4 2 -2 0 0 12530
10 12 5 4.55699 0.536366 0.5407 0.938126 14256
10 12 6 2.92361 0.627143 0.589733 0.152144 19539
10 12 7 2 9.02448 1.3699 0.880614 16463
10 12 8 2.60804 0.878102 0.81922 0.133272 12922
10 12 9 2.31939 1.08016 1.03017 0.177713 21962
10 12 10 2.92621 0.990904 1.12205 0.551078 19068
10 12 11 3.07792 0.858411 1.32275 0.670579 10835
10 12 12 2.23905 1.67844 1.00694 0.996982 14291
10 12 13 4.55752 0.387628 0.571501 0.320104 14578
10 12 14 2 -2 0 0 13031
10 12 15 6 -2 0 0 13510
10 12 16 5 -2 0 0 23648
10 12 17 4 -2 0 0 12458
10 12 18 2 2.67295 1.5031 0.750447 17986
10 12 19 3.25819 -3 0 0 22656
10 12 20 2.48225 1.25859 0.862696 0.527459 14885
10 12 21 5 -2 0 0 22708
10 12 22 3.87999 0.720991 0.967468 0.47769 15354
10 12 23 3.38063 0.711702 1.07626 0.396822 10098
10 12 24 3.41253 0.536297 1.51343 0.134307 12988
10 12 25 3.95068 0.585094 0.783507 0.562849 19963
10 12 26 5 -2 0 0 14888
10 12 27 2.89544 1.61818 1.24879 0.116791 14124
10 12 28 2.63624 0.886647 0.638508 0.682776 17941
10 12 29 3.29582 0.338752 0.895021 0.161326 10812
10 12 30 3.72587 0.474919 0.791548 0.173866 16428
10 12 31 3.22768 0.523026 1.01054 0.212834 15486
10 12 32 5.00216 0.398825 0.474629 0.248123 14573
10 12 33 3.02181 0.81879 0.652566 0.614671 15355
10 12 34 3 -2 0 0 11684
10 12 35 4.18145 0.487409 0.38257 0.196409 18372
10 12 36 3.25819 -3 0 0 12112
10 12 37 3.6268 0.621148 0.751421 0.867843 13749
10 12 38 3.64601 0.325622 1.00491 0.138851 15973
10 12 39 7 -2 0 0 10736
10 12 40 5 -2 0 0 12367
10 12 41 3 -2 0 0 15940
10 12 42 3.25819 -3 0 0 11420
10 12 43 4.04855 0.434427 0.395015 0.143188 12835
10 12 44 6 -2 0 0 13202
10 12 45 2.04641 9.54182 1.0056 0.878641 12500
10 12 46 6 -2 0 0 12435
10 12 47 2 -2 0 0 13516
10 12 48 3.25819 -3 0 0 14404
10 12 49 4 -2 0 0 10973
10 12 50 3.93569 0.660863 1.02471 0.830179 10593
10 12 51 3.63512 0.512792 0.506581 0.125637 9976
10 12 52 6 -2 0 0 10821
10 12 53 2 -2 0 0 11977
10 12 54 5 -2 0 0 12924
10 12 55 4 -2 0 0 9425
10 12 56 4.41951 0.443048 0.517195 0.274966 9796
10 12 57 3.50918 0.635818 1.03762 0.339198 10774
10 12 58 2.60551 0.831794 0.9581 0.767506 11653
10 12 59 2.0333 9.02528 0.744493 0.3645 10608
10 12 60 3.36046 0.463989 0.446173 0.0479819 11390
10 12 61 2.63251 0.636763 1.12238 0.614192 9050
10 12 62 3.27665 0.44712 0.480534 0.0785667 10513
10 12 63 3 -2 0 0 10441
10 13 0 7 -2 0 0 9668
10 13 1 3.46677 0.410921 0.474349 0.165099 8216
10 13 2 4 -2 0 0 7932
10 13 3 2 -2 0 0 6117
10 13 4 4.86545 0.509657 0.240447 0.216625 8312
10 13 5 5 -2 0 0 7723
10 13 6 5 -2 0 0 7141
10 13 7 3.31128 -3 0 0 5745
10 13 8 3.31128 -3 0 0 8436
10 13 9 5 -2 0 0 6684
10 13 10 3.31128 -3 0 0 5985
10 13 11 2.75495 0.56096 0.416425 0.263375 7994
10 13 12 2.64798 0.839219 0.376961 0.157369 6597
10 13 13 3.31128 -3 0 0 5674
10 13 14 4.3164 0.590963 0.449989 0.330021 10749
10 13 15 4 -2 0 0 6470
10 13 16 3.31128 -3 0 0 6011
10 13 17 3.10419 0.702461 0.32127 0.137348 9959
10 13 18 2 2.81037 0.855553 0.481455 7429
10 13 19 3.31128 -3 0 0 6010
10 13 20 3.53151 0.843691 0.448298 0.353334 8247
10 13 21 4.63089 0.405547 0.404288 0.0843092 7137
10 13 22 5 -2 0 0 5349
10 13 23 4.26115 0.352556 0.829481 0.657297 8350
10 13 24 5 -2 0 0 9009
10 13 25 3.81731 0.531851 0.536873 0.106489 5367
10 13 26 3.54248 0.566747 0.459182 0.00394009 12350
10 13 27 4.252 0.533399 0.323067 0.361931 7462
10 13 28 5 -2 0 0 6207
10 13 29 7 -2 0 0 10180
10 13 30 3.31128 -3 0 0 7106
10 13 31 3.3247 0.429659 0.481759 0.154857 6715
10 13 32 4.32076 0.464421 0.344883 0.167059 6291
10 13 33 4.13473 0.758168 0.614954 0.88258 6748
10 13 34 4.1433 0.578377 0.600719 0.35594 11824
10 13 35 2 -2 0 0 6620
10 13 36 2.76334 0.601624 1.07108 0.641267 8270
10 13 37 5 -2 0 0 8378
10 13 38 2.83101 0.300262 0.806862 0.458716 6976
10 13 39 2 -2 0 0 6788
10 13 40 2.65634 1.28442 0.796086 0.527075 7705
10 13 41 4.33046 0.739703 0.2112 0.82764 7369
10 13 42 3.34721 0.42467 1.06817 0.89484 9923
10 13 43 3.31128 -3 0 0 10089
10 13 44 5.37645 0.335732 0.291104 0.754926 5851
10 13 45 3.31128 -3 0 0 6589
10 13 46 3.67938 0.581516 0.379459 0.0911403 12171
10 13 47 3.09342 0.356875 1.02535 0.31517 7260
10 13 48 5.19812 0.525144 0.267074 0.578133 6183
10 13 49 2 -2 0 0 10733
10 13 50 4 -2 0 0 6674
10 13 51 5 -2 0 0 13539
10 13 52 2.23747 1.22567 0.74893 0.20221 12027
10 13 53 2 10.1016 1.5656 0.843716 5476
10 13 54 4.33514 0.514219 0.303571 0.421609 8572
10 13 55 4 -2 0 0 11287
10 13 56 3.31128 -3 0 0 11138
10 13 57 3.04714 0.962826 0.882562 0.691118 6747
10 13 58 5.67828 0.504481 0.369744 0.890648 7779
10 13 59 5 -2 0 0 12276
10 13 60 2.47167 2.55513 0.947273 0.318645 6997
10 13 61 4 -2 0 0 16507
10 13 62 2 8.48383 0.411732 0.0753857 12949
10 13 63 3.47609 0.302692 0.401827 0.0645647 10893
10 14 0 4.09915 0.393465 1.04087 0.1056 7749
10 14 1 2 -2 0 0 9168
10 14 2 4 -2 0 0 9937
10 14 3 5.38531 0.472476 0.376838 0.403442 9746
10 14 4 3.21779 0.78101 0.471228 0.142637 7811
10 14 5 3.19822 -3 0 0 7996
10 14 6 4.20655 0.377664 0.479692 0.0736545 8868
10 14 7 4.91039 0.566581 0.424115 0.155698 10696
10 14 8 2.69408 0.573663 0.443183 0.0125776 7408
10 14 9 3.67062 0.776551 0.445837 0.120275 11438
10 14 10 4.06124 0.404219 0.699599 0.024568 11728
10 14 11 5 -2 0 0 6422
10 14 12 2 9.29864 1.25049 0.852448 9160
10 14 13 3.19822 -3 0 0 7347
10 14 14 2 2.5992 0.984055 0.819009 7610
10 14 15 2 2.02948 1.52654 0.687824 7443
10 14 16 3 -2 0 0 11866
10 14 17 5 -2 0 0 6513
10 14 18 3.44907 0.412266 0.40162 0.0228087 6663
10 14 19 2 -2 0 0 8475
10 14 20 3.19822 -3 0 0 6784
10 14 21 4.07927 0.596953 0.505141 0.0567775 9395
10 14 22 5 -2 0 0 8581
10 14 23 4.82833 0.341017 0.592148 0.230962 6285
10 14 24 3.56868 0.311504 0.482804 0.0118052 6986
10 14 25 5.0022 0.558184 0.342191 0.23542 8863
10 14 26 3.19822 -3 0 0 5841
10 14 27 4.0246 0.419771 0.558902 0.0593458 6906
10 14 28 3.12748 0.789605 0.384936 0.0327776 6972
10 14 29 5 -2 0 0 6254
10 14 30 6 -2 0 0 6479
10 14 31 3.19822 -3 0 0 7217
10 14 32 7 -2 0 0 6982
10 14 33 5 -2 0 0 6213
10 14 34 2.84995 9.06389 1.05138 0.471298 6704
10 14 35 5 -2 0 0 8207
10 14 36 6 -2 0 0 5458
10 14 37 4.42875 0.53292 0.368919 0.104205 5188
10 14 38 3.19822 -3 0 0 6198
10 14 39 3 -2 0 0 4627
10 14 40 4.38813 0.335551 0.41603 0.298352 5932
10 14 41 5 -2 0 0 5633
10 14 42 2.53422 1.04348 0.521021 0.14718 5260
10 14 43 6 -2 0 0 5437
10 14 44 3.19822 -3 0 0 6153
10 14 45 0 -10 0 0 0
10 14 46 3.8571 0.401626 0.512382 0.0282001 5699
10 14 47 3.28115 0.551106 0.487474 0.011752 5386
10 14 48 5 -2 0 0 5769
10 14 49 5 -2 0 0 4948
10 14 50 3.98221 1.30381 0.804543 0.52869 5157
10 14 51 4.17494 0.399707 0.587724 0.069043 4586
10 14 52 2.6609 0.579837 0.609926 0.0868557 5673
10 14 53 4.32197 0.287078 0.417403 0.159007 5562
10 14 54 2.71589 1.21712 0.495549 0.0789121 5063
10 14 55 4 -2 0 0 4880
10 14 56 3.19822 -3 0 0 5621
10 14 57 3.32722 0.606463 0.349215 0.0471398 5183
10 14 58 4 -2 0 0 4488
10 14 59 6 -2 0 0 5705
10 14 60 2.59445 0.562353 0.528142 0.0358226 4158
10 14 61 4.27301 0.3634 0.647148 0.140481 5083
10 14 62 5 -2 0 0 4713
10 14 63 4 -2 0 0 4832
10 15 0 2.62643 0.7215 0.900277 0.239239 4840
10 15 1 2.94743 0.575001 0.449993 0.0257533 3346
10 15 2 2.18185 2.19519 0.843073 0.0439809 4351
10 15 3 2.54701 0.682256 0.824237 0.255992 3395
10 15 4 4.19013 0.639044 0.368797 0.0479069 3953
10 15 5 4 -2 0 0 3459
10 15 6 2.00288 10.1811 0.92204 0.502042 3814
10 15 7 3 -2 0 0 3538
10 15 8 2 1.5692 1.21244 0.811531 3899
10 15 9 5.35589 0.515224 0.468976 0.643451 3596
10 15 10 2 9.24399 2.08054 1.08296 3097
10 15 11 6 -2 0 0 4571
10 15 12 8 -2 0 0 3524
10 15 13 4.655 0.610194 0.283787 0.20636 3132
10 15 14 2.74004 1.06028 0.356589 0.0178661 5472
10 15 15 2.48192 0.886363 0.570559 0.196275 4197
10 15 16 3.98214 0.494295 0.507086 0.0744109 3545
10 15 17 2.95028 0.431517 0.567343 0.0073445 4916
10 15 18 3 -2 0 0 3839
10 15 19 2.08534 7.96361 0.299989 0.0283489 3734
10 15 20 5 -2 0 0 4309
10 15 21 2.75781 0.386142 0.542883 0.0913332 3718
10 15 22 10 -2 0 0 2739
10 15 23 3 -2 0 0 4717
10 15 24 6 -2 0 0 4543
10 15 25 3.27916 0.662042 0.277499 0.046522 2085
10 15 26 2.94627 0.602766 1.02932 0.530844 4776
10 15 27 6 -2 0 0 3928
10 15 28 4.37511 0.373226 0.36921 0.0463012 3050
10 15 29 4 -2 0 0 4751
10 15 30 3.48188 0.476578 0.36757 0.0520016 4040
10 15 31 2 1.305 1.38312 0.985135 3095
10 15 32 7 -2 0 0 3474
10 15 33 4 -2 0 0 3495
10 15 34 6 -2 0 0 5853
10 15 35 2.95352 1.04342 0.422885 0.0237586 4168
10 15 36 3.47489 0.793824 0.597609 0.141089 4004
10 15 37 4 -2 0 0 4746
10 15 38 6 -2 0 0 4017
10 15 39 4 -2 0 0 5829
10 15 40 5 -2 0 0 5058
10 15 41 2 9.85337 1.03174 0.622286 3978
10 15 42 4 -2 0 0 4044
10 15 43 3.80424 0.433 0.384558 0.138172 5776
10 15 44 3.84498 0.975042 0.398585 0.286567 4421
10 15 45 2.62248 0.979806 0.425968 0.128332 4007
10 15 46 2 -2 0 0 5662
10 15 47 3.61403 0.469297 0.394512 0.0534222 4931
10 15 48 3.44763 0.684596 0.289453 0.0207468 3999
10 15 49 6.15061 0.494313 0.323478 0.421986 5063
10 15 50 6 -2 0 0 4968
10 15 51 2.76755 0.597783 0.421913 0.00361966 7442
10 15 52 3.35047 0.558281 0.339378 0.0615396 5424
10 15 53 6 -2 0 0 5063
10 15 54 2.99667 -3 0 0 4516
10 15 55 3.6525 0.388873 0.423326 0.0719934 6029
10 15 56 3 -2 0 0 6034
10 15 57 2.08068 11.0788 0.436573 0.100165 6281
10 15 58 3.82101 0.420073 0.334199 0.00775179 5423
10 15 59 4.009 0.28729 0.48243 0.0765867 5737
10 15 60 6 -2 0 0 4594
10 15 61 2 8.20989 1.41631 0.759556 7381
10 15 62 2 8.94036 1.43759 0.562617 6189
10 15 63 2 2.29891 0.48757 0.416856 5855
11 0 0 3.54084 0.627805 0.507013 0.339988 11866
11 0 1 3.30421 0.622101 0.754523 0.278676 7234
11 0 2 3.36119 0.620713 0.428613 0.5511 6513
11 0 3 2 -2 0 0 9373
11 0 4 3.50154 -3 0 0 7133
11 0 5 3.57235 0.613883 0.620278 0.41804 4951
11 0 6 3.22472 0.559782 0.332736 0.0977516 9979
11 0 7 3.50154 -3 0 0 9050
11 0 8 4.0778 0.585145 0.421791 0.612091 10642
11 0 9 3.30807 0.304385 0.893103 0.0563789 8993
11 0 10 5 -2 0 0 8948
11 0 11 2 -2 0 0 12501
11 0 12 2.51758 1.49958 1.96228 0.363559 8493
11 0 13 5 -2 0 0 10404
11 0 14 5 -2 0 0 8381
11 0 15 2.96684 0.255718 0.903552 0.354062 7562
11 0 16 3.65957 0.712287 0.671922 0.557073 8936
11 0 17 3.25994 0.545495 0.477486 0.237517 9472
11 0 18 3.50154 -3 0 0 6578
11 0 19 5 -2 0 0 10008
11 0 20 4.06475 0.582161 0.387343 0.438434 11858
11 0 21 3.80343 0.48597 0.305742 0.106757 6412
11 0 22 5 -2 0 0 4690
11 0 23 4.26976 0.519159 0.617943 0.404858 12973
11 0 24 3 -2 0 0 11748
11 0 25 4 -2 0 0 10880
11 0 26 4.50165 0.506364 0.299445 0.44101 13751
11 0 27 6 -2 0 0 9730
11 0 28 3.03023 0.883139 1.07624 0.346776 8299
11 0 29 4.15007 0.345967 0.280359 0.0872058 14440
11 0 30 4.90314 0.472209 0.421728 0.448664 10568
11 0 31 4.16171 0.45182 0.305541 0.214239 7496
11 0 32 6 -2 0 0 11612
11 0 33 5 -2 0 0 11410
11 0 34 6 -2 0 0 16255
11 0 35 3.50154 -3 0 0 8099
11 0 36 3.50154 -3 0 0 9390
11 0 37 4.81298 0.42443 0.256475 0.624095 13975
11 0 38 3.90565 0.4764 0.732929 0.727349 12737
11 0 39 6 -2 0 0 18284
11 0 40 5 -2 0 0 10115
11 0 41 3.50154 -3 0 0 7392
11 0 42 6 -2 0 0 15700
11 0 43 6 -2 0 0 9746
11 0 44 8 -2 0 0 6218
11 0 45 6 -2 0 0 13821
11 0 46 2.91785 0.732928 1.43166 0.649568 16961
11 0 47 4 -2 0 0 15468
11 0 48 4.12079 0.418539 0.305444 0.0632189 8845
11 0 49 3.45733 0.771995 0.942052 0.872829 8753
11 0 50 3.50154 -3 0 0 10013
11 0 51 5 -2 0 0 20538
11 0 52 3.34021 0.7329 1.10403 0.226942 9902
11 0 53 2.95314 0.62543 1.35994 0.743941 15230
11 0 54 5 -2 0 0 11106
11 0 55 5 -2 0 0 14173
11 0 56 3.71518 0.572534 0.535483 0.40104 9985
11 0 57 2 -2 0 0 19253
11 0 58 5 -2 0 0 10368
11 0 59 2.71261 0.722891 0.767781 0.68893 19089
11 0 60 6 -2 0 0 8326
11 0 61 3.67475 0.248114 1.19816 0.944102 16830
11 0 62 4.31818 0.368553 0.336282 0.0949693 19500
11 0 63 3.50154 -3 0 0 17685
11 1 0 3.44429 0.653182 1.1765 0.387984 10194
11 1 1 3.10083 0.673551 0.640219 0.0809318 10363
11 1 2 4.34782 0.602785 0.673023 0.349811 13672
11 1 3 3 -2 0 0 11392
11 1 4 4.13599 0.613094 0.45865 0.312202 10609
11 1 5 2 8.43428 1.3124 0.3954 11778
11 1 6 6 -2 0 0 13456
11 1 7 3.23003 0.402165 0.581006 0.104838 12644
11 1 8 4.25658 0.359556 0.568237 0.0962207 7980
11 1 9 2 -2 0 0 12850
11 1 10 4.16068 0.505434 0.611657 0.0603537 9422
11 1 11 3.44174 -3 0 0 11158
11 1 12 3.55399 0.615623 0.603616 0.0977329 7651
11 1 13 6 -2 0 0 6737
11 1 14 3.44174 -3 0 0 12841
11 1 15 5 -2 0 0 9884
11 1 16 3.65329 0.40878 0.587984 0.0519316 14184
11 1 17 3.44174 -3 0 0 10919
11 1 18 5 -2 0 0 9605
11 1 19 3.44174 -3 0 0 7415
11 1 20 7 -2 0 0 10061
11 1 21 5 -2 0 0 13749
11 1 22 7 -2 0 0 7610
11 1 23 6 -2 0 0 6100
11 1 24 6 -2 0 0 11557
11 1 25 5.13778 0.45351 0.378895 0.419166 6491
11 1 26 5 -2 0 0 11354
11 1 27 3.44174 -3 0 0 8706
11 1 28 5 -2 0 0 9810
11 1 29 3.31186 0.848969 0.778319 0.439528 10017
11 1 30 3.44174 -3 0 0 9676
11 1 31 5.24228 0.480559 0.619898 0.391937 6177
11 1 32 3.44174 -3 0 0 8669
11 1 33 4.99708 0.45246 0.473135 0.287677 5849
11 1 34 3 -2 0 0 9182
11 1 35 3.8819 0.702236 0.875793 0.317114 5209
11 1 36 3.44174 -3 0 0 8381
11 1 37 4.03286 0.509066 0.703932 0.17045 8659
11 1 38 3.44174 -3 0 0 4210
11 1 39 6 -2 0 0 6597
11 1 40 5 -2 0 0 4912
11 1 41 6 -2 0 0 7873
11 1 42 7 -2 0 0 8121
11 1 43 3.44174 -3 0 0 9088
11 1 44 3.56968 0.942325 0.748598 0.67636 7256
11 1 45 3.45211 0.35321 0.840248 0.107281 7711
11 1 46 2.44794 1.16257 1.21509 0.0997615 9844
11 1 47 6 -2 0 0 6880
11 1 48 4.1506 0.487731 0.514354 0.0813225 6830
11 1 49 2 -2 0 0 7628
11 1 50 2 -2 0 0 4979
11 1 51 7 -2 0 0 4581
11 1 52 2.56672 1.37798 1.67333 0.990674 5414
11 1 53 3.44174 -3 0 0 4431
11 1 54 4.08171 0.532251 0.530561 0.111686 5228
11 1 55 3.44174 -3 0 0 7255
11 1 56 6 -2 0 0 6598
11 1 57 3 -2 0 0 7336
11 1 58 3 -2 0 0 6963
11 1 59 2 -2 0 0 6232
11 1 60 4.83723 0.360557 0.482554 0.0183127 7150
11 1 61 2 -2 0 0 7610
11 1 62 3.47419 0.40975 1.40854 0.427729 5525
11 1 63 3.64938 0.214409 0.700441 0.406867 7850
11 2 0 5 -2 0 0 13434
11 2 1 4.15262 0.368995 0.454057 0.266621 11784
11 2 2 6 -2 0 0 15996
11 2 3 2.69768 0.532106 0.341978 0.198745 13780
11 2 4 2 -2 0 0 10706
11 2 5 5 -2 0 0 15248
11 2 6 4 -2 0 0 14884
11 2 7 6 -2 0 0 5490
11 2 8 5 -2 0 0 16817
11 2 9 2.97843 0.666651 0.586996 0.378096 13570
11 2 10 3.18451 -3 0 0 8530
11 2 11 2 -2 0 0 11129
11 2 12 4.05597 0.276404 0.329885 0.0914134 14226
11 2 13 3.57128 0.523466 0.39481 0.208088 7911
11 2 14 2 2.74322 0.993904 0.953026 19784
11 2 15 2.78885 0.687828 0.437896 0.225305 13982
11 2 16 2.91276 0.791697 0.576726 0.629805 11765
11 2 17 3.74236 0.57813 0.663389 0.771543 16693
11 2 18 4 -2 0 0 14532
11 2 19 3.24198 0.668199 0.643735 0.266607 7842
11 2 20 3.62076 0.521771 0.329247 0.0409473 13285
11 2 21 3 -2 0 0 15550
11 2 22 6 -2 0 0 12737
11 2 23 6 -2 0 0 12484
11 2 24 5 -2 0 0 17964
11 2 25 3.64142 0.756008 0.893782 0.659039 3527
11 2 26 2.2559 1.39491 1.33458 1.04444 20551
11 2 27 2.90918 0.670276 0.645011 0.543828 13354
11 2 28 3 -2 0 0 8681
11 2 29 2 -2 0 0 11771
11 2 30 3.4763 0.518022 0.410205 0.157315 14666
11 2 31 4.54937 0.399711 0.342726 0.0389884 11802
11 2 32 3.77596 0.481389 0.220206 0.0836636 12299
11 2 33 5 -2 0 0 6444
11 2 34 2 -2 0 0 20686
11 2 35 7 -2 0 0 12175
11 2 36 6 -2 0 0 14742
11 2 37 4 -2 0 0 11238
11 2 38 5 -2 0 0 10623
11 2 39 4.36194 0.437629 0.320206 0.096554 13768
11 2 40 3.84107 0.524486 0.440614 0.195093 13469
11 2 41 3.36323 0.849308 0.571096 0.751732 6757
11 2 42 3.3904 0.364688 0.38801 0.0166465 14662
11 2 43 3.0617 0.61803 0.444283 0.396063 16755
11 2 44 3.33866 0.741281 0.414766 0.457339 11510
11 2 45 3.62833 0.436569 0.316933 0.00942466 12922
11 2 46 7 -2 0 0 14013
11 2 47 2.78816 0.707601 1.26135 0.135582 11416
11 2 48 4 -2 0 0 13518
11 2 49 4.07586 0.476589 0.488611 0.197578 15110
11 2 50 2.95471 0.688206 0.62397 0.383302 7342
11 2 51 0 -10 0 0 0
11 2 52 5 -2 0 0 16195
11 2 53 4 -2 0 0 11749
11 2 54 4.18885 0.430543 0.357846 0.0319528 12377
11 2 55 3 -2 0 0 17824
11 2 56 0 -10 0 0 0
11 2 57 3 -2 0 0 19186
11 2 58 2.16247 8.04931 0.817057 0.296998 14174
11 2 59 3.18451 -3 0 0 18642
11 2 60 3.64752 0.36391 0.374431 0.00556592 13521
11 2 61 0 -10 0 0 0
11 2 62 4 -2 0 0 14133
11 2 63 2.68368 0.763759 0.297055 0.0210247 16051
11 3 0 6 -2 0 0 19257
11 3 1 3.72497 -3 0 0 21299
11 3 2 2.51284 0.757831 0.813039 0.076132 15294
11 3 3 4.18503 0.445793 0.519852 0.262521 20026
11 3 4 3.97042 0.376536 0.309455 0.0182132 19651
11 3 5 3.77268 0.450007 0.332705 0.134093 19072
11 3 6 4.34788 0.413786 0.535511 0.301353 13894
11 3 7 4.25857 0.38436 0.597646 0.271816 20794
11 3 8 3.23872 0.434808 0.367907 0.0128179 12318
11 3 9 6 -2 0 0 21882
11 3 10 5 -2 0 0 15150
11 3 11 4.16427 0.45137 0.414928 0.228483 18205
11 3 12 3 -2 0 0 13410
11 3 13 3.72638 0.497266 0.410658 0.192579 14199
11 3 14 4.11657 0.39384 0.463407 0.115631 20359
11 3 15 5 -2 0 0 18986
11 3 16 4.34988 0.444678 0.563829 0.476542 24717
11 3 17 3.50969 0.456157 0.6426 0.376506 18838
11 3 18 5 -2 0 0 18463
11 3 19 3.54686 0.495409 0.422926 0.146067 22738
11 3 20 2.94837 0.736212 1.02388 0.319239 18891
11 3 21 3.83222 0.435422 0.433559 0.125987 21559
11 3 22 6 -2 0 0 14891
11 3 23 5 -2 0 0 17856
11 3 24 3.49967 0.484083 0.655193 0.283077 19456
11 3 25 4 -2 0 0 22221
11 3 26 3.67425 0.529224 0.813312 0.244476 14182
11 3 27 2.77887 0.846808 1.21086 0.458592 18948
11 3 28 4.41621 0.425123 0.534293 0.278167 9807
11 3 29 3.22134 0.604923 1.01826 0.247998 17256
11 3 30 4.2743 0.422519 0.386015 0.210363 13793
11 3 31 4 -2 0 0 21589
11 3 32 4.40104 0.333945 0.397473 0.0478182 18376
11 3 33 3.82883 0.465076 0.539155 0.473618 18151
11 3 34 3.72497 -3 0 0 18922
11 3 35 7 -2 0 0 18740
11 3 36 6 -2 0 0 19160
11 3 37 3.2885 0.422909 0.764054 0.641882 17766
11 3 38 3.88486 0.632366 1.67652 0.272646 13127
11 3 39 5.03075 0.400817 0.619627 0.556834 17966
11 3 40 4.14741 0.296631 0.530522 0.22606 11966
11 3 41 4.08875 0.430845 0.711968 0.258519 18570
11 3 42 4.37297 0.428257 0.917096 0.0860606 18682
11 3 43 4.35589 0.34386 0.442467 0.517176 11583
11 3 44 4.878 0.425238 0.53086 0.475684 12473
11 3 45 4.16433 0.346348 0.354744 0.00496888 18579
11 3 46 4.46303 0.358487 0.386113 0.088615 17804
11 3 47 3.57225 0.494711 0.565079 0.0385474 13738
11 3 48 5 -2 0 0 19203
11 3 49 6 -2 0 0 18297
11 3 50 5 -2 0 0 17683
11 3 51 4.3444 0.378859 0.462538 0.134668 16342
11 3 52 4.81215 0.331284 0.557009 0.164842 15666
11 3 53 3.42626 0.557772 0.883176 0.5353 17661
11 3 54 4.53444 0.402226 0.590386 0.184285 12347
11 3 55 6 -2 0 0 18607
11 3 56 6 -2 0 0 19779
11 3 57 5 -2 0 0 12090
11 3 58 3.42824 0.508709 0.352571 0.18184 17539
11 3 59 4.16737 0.388238 0.633073 0.0999461 17677
11 3 60 3.79015 0.479871 0.587716 0.154096 17623
11 3 61 3.28254 0.443186 0.439095 0.125895 18921
11 3 62 3.34198 0.47259 0.620244 0.115088 11274
11 3 63 3 -2 0 0 17744
11 4 0 3.25458 0.54949 0.360069 0.0438591 21189
11 4 1 4 -2 0 0 19830
11 4 2 3.34428 0.383345 0.448558 0.155364 12447
11 4 3 2 -2 0 0 8671
11 4 4 2 8.24466 0.405524 0.106256 12646
11 4 5 3.57707 0.580974 0.333465 0.0938909 9296
11 4 6 2.61462 0.88961 0.416867 0.28423 15465
11 4 7 3.288 0.666364 0.58764 0.267079 6799
11 4 8 2.49759 0.890217 0.737247 0.506377 16610
11 4 9 2.92396 -3 0 0 13927
11 4 10 2.56869 0.982863 0.65783 0.369658 12881
11 4 11 2.081 7.98815 1.10157 0.822778 14091
11 4 12 5 -2 0 0 12542
11 4 13 2.75767 0.718786 0.238443 0.0437699 5507
11 4 14 2.43254 1.09734 0.692668 0.240969 19775
11 4 15 5 -2 0 0 11321
11 4 16 3.13165 0.61103 1.3902 0.670091 7959
11 4 17 3.66946 0.558439 0.291862 0.0240439 15833
11 4 18 4 -2 0 0 11661
11 4 19 2 -2 0 0 10567
11 4 20 2.5813 0.901 0.474556 0.593736 10642
11 4 21 6 -2 0 0 15478
11 4 22 3.71595 0.312669 0.405269 0.0989598 7137
11 4 23 3.65053 0.626802 0.223743 0.120839 10088
11 4 24 5 -2 0 0 10920
11 4 25 3.58075 0.587665 0.363787 0.0486865 5749
11 4 26 4 -2 0 0 17708
11 4 27 6 -2 0 0 6274
11 4 28 4 -2 0 0 4079
11 4 29 2 8.05184 1.52204 1.05122 15388
11 4 30 2.92396 -3 0 0 6704
11 4 31 2.92396 -3 0 0 8711
11 4 32 3.244 0.45068 0.621119 0.440908 8856
11 4 33 6 -2 0 0 8826
11 4 34 3.23329 0.28365 0.514591 0.0224993 11845
11 4 35 4.13197 0.552101 0.169207 0.0253918 8256
11 4 36 4.07098 0.444558 0.179595 0.229939 10963
11 4 37 2.92396 -3 0 0 12499
11 4 38 3.90831 0.447799 0.337906 0.073326 5111
11 4 39 3.11725 7.49722 1.38697 0.524766 8880
11 4 40 5 -2 0 0 11410
11 4 41 6 -2 0 0 8103
11 4 42 2.8799 0.670685 0.834059 0.0581452 10756
11 4 43 3.61287 0.381005 0.376168 0.0180233 12997
11 4 44 3.08803 0.771051 0.291509 0.105112 7404
11 4 45 4 -2 0 0 8984
11 4 46 7 -2 0 0 15001
11 4 47 5 -2 0 0 7626
11 4 48 3.03451 0.402919 0.579071 0.213709 9444
11 4 49 3 -2 0 0 8756
11 4 50 3.35538 0.622994 0.503154 0.124579 8323
11 4 51 3.38401 0.594005 0.639719 0.306752 7574
11 4 52 2.92396 -3 0 0 12564
11 4 53 4.25135 0.453602 0.23844 0.0636769 7138
11 4 54 2.41177 0.746784 0.249938 0.0206411 8819
11 4 55 2 -2 0 0 8706
11 4 56 2.92396 -3 0 0 9228
11 4 57 2.92396 -3 0 0 9828
11 4 58 2 -2 0 0 10131
11 4 59 2.4815 1.02821 1.22641 0.498667 10366
11 4 60 5 -2 0 0 8127
11 4 61 2 -2 0 0 9127
11 4 62 3.67061 0.365458 0.449892 0.0433706 8075
11 4 63 3.11875 0.697819 0.361932 0.274314 10515
11 5 0 8 -2 0 0 9885
11 5 1 2.47068 0.659028 0.545278 0.146027 9205
11 5 2 2 2.01621 0.37436 0.130629 14466
11 5 3 3.15838 0.550628 0.40548 0.396354 10925
11 5 4 3 -2 0 0 11926
11 5 5 2.87811 -3 0 0 14346
11 5 6 2.22836 0.803833 1.01014 0.284455 15434
11 5 7 3.4878 0.629477 0.487434 0.374706 18229
11 5 8 5 -2 0 0 10511
11 5 9 2 -2 0 0 14689
11 5 10 2 -2 0 0 15514
11 5 11 4 -2 0 0 16152
11 5 12 4 -2 0 0 15092
11 5 13 5 -2 0 0 17834
11 5 14 2 -2 0 0 11165
11 5 15 3.15484 0.733432 0.482561 0.769599 16352
11 5 16 4 -2 0 0 10361
11 5 17 2.64836 0.985077 0.811183 0.151553 16431
11 5 18 5 -2 0 0 15672
11 5 19 5 -2 0 0 19136
11 5 20 7 -2 0 0 17124
11 5 21 3.3122 0.5075 0.384059 0.103527 15965
11 5 22 3.42689 0.467186 0.451989 0.225921 11619
11 5 23 4.1635 0.413959 0.35339 0.80502 11837
11 5 24 5 -2 0 0 14956
11 5 25 2.94051 0.599645 0.407301 0.128438 17336
11 5 26 2 -2 0 0 12542
11 5 27 3.46782 0.531625 0.3824 0.157056 12452
11 5 28 2.73987 0.7089 0.616429 0.429842 13667
11 5 29 4 -2 0 0 14125
11 5 30 4 -2 0 0 16792
11 5 31 5 -2 0 0 22838
11 5 32 2.87811 -3 0 0 20311
11 5 33 4 -2 0 0 19360
11 5 34 2.87811 -3 0 0 17872
11 5 35 3.09593 0.608064 0.471959 0.219071 14102
11 5 36 3.94542 0.488709 0.528943 0.217244 14764
11 5 37 2.67163 1.11004 0.932025 0.181552 17889
11 5 38 3.68281 0.497734 0.447578 0.175274 23715
11 5 39 5 -2 0 0 25853
11 5 40 3.33463 0.6655 0.471298 0.489788 18549
11 5 41 3.52524 0.596746 0.840059 0.828856 14093
11 5 42 3.9834 0.584687 0.69473 0.75773 11639
11 5 43 3.39805 0.37392 0.360125 0.0471776 18754
11 5 44 3.54575 0.439565 0.37811 0.00722602 12753
11 5 45 3 -2 0 0 11663
11 5 46 2.87811 -3 0 0 18322
11 5 47 2 -2 0 0 28755
11 5 48 2.91061 0.642256 0.427565 0.307774 22286
11 5 49 2.00006 8.71055 0.88501 0.0659044 11809
11 5 50 3.21978 0.581046 0.387585 0.101314 22862
11 5 51 2.87811 -3 0 0 24727
11 5 52 4.44403 0.399765 0.345796 0.176241 13065
11 5 53 2.01775 12.6711 0.802007 0.125266 26659
11 5 54 6 -2 0 0 15361
11 5 55 4 -2 0 0 16699
11 5 56 3.2231 0.615926 0.439911 0.240567 23796
11 5 57 6 -2 0 0 25348
11 5 58 2.94629 0.620821 0.389888 0.133379 21411
11 5 59 2 -2 0 0 19805
11 5 60 4 -2 0 0 25329
11 5 61 4 -2 0 0 19125
11 5 62 2.87811 -3 0 0 14933
11 5 63 2.28154 0.624053 0.823304 0.912252 21484
11 6 0 4.6737 0.586496 0.575889 0.177341 10470
11 6 1 2 1.87916 0.97418 0.537651 10659
11 6 2 4.25441 0.609941 0.375915 0.0822996 10297
11 6 3 2.57273 0.418272 0.657004 0.0603314 7200
11 6 4 7.10893 0.413421 0.259797 0.547958 7410
11 6 5 5 -2 0 0 7422
11 6 6 2.19945 7.293 1.15707 0.408237 9584
11 6 7 7 -2 0 0 2147
11 6 8 3.56968 0.634818 0.305199 0.0292634 9058
11 6 9 3.62569 0.894048 0.384582 0.177394 8682
11 6 10 3.4907 0.540848 0.399966 0.0310726 3921
11 6 11 4.10808 0.660007 0.895769 0.340166 7395
11 6 12 2.65163 1.08756 1.25356 0.853478 7807
11 6 13 7.11563 0.347337 0.323187 1.07736 3316
11 6 14 5 -2 0 0 10284
11 6 15 2.68704 1.08653 0.559025 0.13149 4063
11 6 16 4.00134 0.664172 0.379257 0.192447 6671
11 6 17 5 -2 0 0 8466
11 6 18 2 1.18375 1.30534 0.882917 3922
11 6 19 2 8.30351 0.650731 0.216691 6073
11 6 20 4.7761 0.629374 0.599824 0.228164 6325
11 6 21 4 -2 0 0 6503
11 6 22 3.47163 -3 0 0 6170
11 6 23 5 -2 0 0 4889
11 6 24 3.43875 0.369742 0.420758 0.0217442 9621
11 6 25 8 -2 0 0 3150
11 6 26 4.39475 0.555986 0.405936 0.0575512 7091
11 6 27 4.24122 0.489307 0.29239 0.0404264 5905
11 6 28 3.47163 -3 0 0 2912
11 6 29 6 -2 0 0 8226
11 6 30 3.47163 -3 0 0 3953
11 6 31 8 -2 0 0 3484
11 6 32 3.403 0.571857 0.357539 0.0510039 5280
11 6 33 5.61555 0.621021 0.316957 0.344844 3610
11 6 34 7 -2 0 0 8261
11 6 35 3 -2 0 0 4782
11 6 36 2.66296 0.51595 0.610156 0.902058 4251
11 6 37 3.86695 1.02605 0.556228 0.359346 5967
11 6 38 4.14637 0.375659 0.390702 0.024743 2850
11 6 39 2.59972 1.2523 0.589035 0.260652 5289
11 6 40 4.90151 0.419107 0.369513 0.10137 5860
11 6 41 3.47163 -3 0 0 2503
11 6 42 3.4174 0.383136 0.426898 0.0148956 5525
11 6 43 3.70772 0.744632 0.804036 0.184495 6584
11 6 44 2 -2 0 0 5011
11 6 45 3.47163 -3 0 0 4829
11 6 46 4.83602 0.565931 0.538059 0.341786 7788
11 6 47 2 -2 0 0 4522
11 6 48 3.32077 0.472136 0.485976 0.0317508 4714
11 6 49 9 -2 0 0 4412
11 6 50 2.86659 0.395048 0.81121 0.116111 3089
11 6 51 3.43718 0.763691 0.417562 0.0532148 5854
11 6 52 8 -2 0 0 6172
11 6 53 4.84653 0.440405 0.335743 0.0360089 3094
11 6 54 7 -2 0 0 3820
11 6 55 6 -2 0 0 5281
11 6 56 5 -2 0 0 5106
11 6 57 8 -2 0 0 3757
11 6 58 4.4514 0.637796 0.211655 0.168868 5295
11 6 59 4.58258 0.369403 0.311777 0.318176 6766
11 6 60 2 -2 0 0 4897
11 6 61 3.21972 0.338717 0.467114 0.0335668 6295
11 6 62 2.65484 0.97078 0.707894 0.188302 4059
11 6 63 5 -2 0 0 5200
11 7 0 4 -2 0 0 6934
11 7 1 5 -2 0 0 6819
11 7 2 3.65462 0.60567 0.230541 0.0378772 7123
11 7 3 2.99459 -3 0 0 7816
11 7 4 3.08886 0.394554 0.409393 0.116057 7401
11 7 5 3.30201 0.539587 0.295383 0.00912918 7157
11 7 6 5 -2 0 0 5088
11 7 7 2 -2 0 0 5115
11 7 8 2.99459 -3 0 0 6720
11 7 9 2.99459 -3 0 0 7127
11 7 10 3.46069 0.429267 0.859321 0.0889047 4959
11 7 11 5 -2 0 0 4966
11 7 12 3.05219 0.260714 0.824829 0.231257 4121
11 7 13 6 -2 0 0 5113
11 7 14 3.56207 0.741934 0.496939 0.139117 5156
11 7 15 5.27045 0.626167 0.346775 0.908521 5508
11 7 16 2.86904 0.859236 0.798379 0.0233755 4983
11 7 17 2.77959 0.70914 0.461436 0.0787183 4962
11 7 18 4.96475 0.505491 0.663273 0.61018 5334
11 7 19 2.99459 -3 0 0 5200
11 7 20 4 -2 0 0 8027
11 7 21 4.83684 0.340415 0.297048 0.314264 6903
11 7 22 3.42854 0.377003 0.546822 0.0436607 3927
11 7 23 3.82182 0.398947 0.304731 0.0823286 8394
11 7 24 6 -2 0 0 4624
11 7 25 4 -2 0 0 6882
11 7 26 2 -2 0 0 7780
11 7 27 5 -2 0 0 7186
11 7 28 4 -2 0 0 5949
11 7 29 2.99459 -3 0 0 8169
11 7 30 3.08723 0.830372 0.41788 0.292132 8076
11 7 31 4.85792 0.628197 0.313539 0.773724 11238
11 7 32 3.12611 1.18396 0.861876 0.597258 6083
11 7 33 6 -2 0 0 9440
11 7 34 4.05231 0.414354 0.427433 0.0226076 8410
11 7 35 4.97174 0.828577 0.807501 0.745497 12930
11 7 36 2.99459 -3 0 0 9828
11 7 37 2.54177 0.7757 1.00583 0.204782 9481
11 7 38 2.99459 -3 0 0 10212
11 7 39 3.38571 0.807476 0.807954 0.734762 13999
11 7 40 2.99459 -3 0 0 6815
11 7 41 3.10988 0.464201 0.822373 0.111769 7046
11 7 42 4.03494 0.627878 0.666799 0.356379 10809
11 7 43 2.75369 0.718062 0.506927 0.111844 9947
11 7 44 2.50622 1.12831 0.722897 0.68054 13310
11 7 45 6 -2 0 0 11639
11 7 46 10 -2 0 0 9657
11 7 47 2.99459 -3 0 0 17443
11 7 48 4.047 0.640066 0.467561 0.260376 11042
11 7 49 3.31449 0.50033 0.740474 0.120409 10747
11 7 50 3.88567 0.268528 0.630542 0.110164 7580
11 7 51 7 -2 0 0 9811
11 7 52 6 -2 0 0 7724
11 7 53 5 -2 0 0 14484
11 7 54 4 -2 0 0 7758
11 7 55 4.313 0.683485 0.624693 0.5044 9349
11 7 56 2 -2 0 0 14114
11 7 57 2.54642 0.962077 0.411874 0.224831 13848
11 7 58 5 -2 0 0 12275
11 7 59 8 -2 0 0 7614
11 7 60 4.59753 0.669239 0.684028 0.208305 11092
11 7 61 2 2.77155 1.51038 0.618541 9643
11 7 62 3.51293 0.563094 0.471823 0.0662404 8724
11 7 63 3 -2 0 0 12149
11 8 0 4.03118 0.75277 0.593021 0.435772 5806
11 8 1 2.79618 0.469625 0.541586 0.104873 6166
11 8 2 2.40854 1.00034 0.397776 0.160167 6244
11 8 3 2.36186 0.863455 0.962942 0.187634 4178
11 8 4 2.5181 1.19275 1.36589 0.876043 4245
11 8 5 2.86801 0.755293 0.668871 0.229251 5726
11 8 6 2.19311 2.04336 0.549848 0.311622 6862
11 8 7 4.54149 0.318659 0.373443 0.0922256 9890
11 8 8 2.99112 -3 0 0 6050
11 8 9 3.89842 0.404379 0.463916 0.0714025 7430
11 8 10 2.99112 -3 0 0 6397
11 8 11 2.42282 1.05774 0.575236 0.242348 7105
11 8 12 3.39042 0.299276 0.778892 0.197822 4127
11 8 13 3.44622 0.62852 0.475032 0.10506 7880
11 8 14 3.09448 0.810781 0.585818 0.0782225 3831
11 8 15 2 2.67397 1.01759 0.591748 8703
11 8 16 2 1.97302 1.37224 0.302493 8303
11 8 17 2 -2 0 0 4070
11 8 18 2 -2 0 0 4793
11 8 19 3.07956 0.74424 0.987716 0.1311 4747
11 8 20 3.8376 0.334361 0.45727 0.0322803 8557
11 8 21 2.99112 -3 0 0 7119
11 8 22 4.62968 0.574327 0.351099 0.172382 7819
11 8 23 2.99112 -3 0 0 7150
11 8 24 4 -2 0 0 6759
11 8 25 3.72121 0.666974 0.801385 0.260428 6848
11 8 26 4.89297 0.587091 0.34931 0.616213 7114
11 8 27 4 -2 0 0 8957
11 8 28 3.19802 0.793882 0.643501 0.348208 6706
11 8 29 2.93159 0.743826 0.357943 0.0332036 7922
11 8 30 4 -2 0 0 8701
11 8 31 8 -2 0 0 7369
11 8 32 8 -2 0 0 7477
11 8 33 5.66355 0.598964 0.386407 0.809099 5082
11 8 34 3 -2 0 0 7337
11 8 35 2.52174 1.76153 1.02499 0.741453 5924
11 8 36 2.99112 -3 0 0 6178
11 8 37 2 -2 0 0 4016
11 8 38 3.08423 0.5831 0.502014 0.0134719 16667
11 8 39 5 -2 0 0 8893
11 8 40 6 -2 0 0 5905
11 8 41 7 -2 0 0 5934
11 8 42 5 -2 0 0 4310
11 8 43 6 -2 0 0 4426
11 8 44 3.65741 0.470926 0.978717 0.0700793 7962
11 8 45 2.84474 0.501265 0.480553 0.0351574 10615
11 8 46 5 -2 0 0 8004
11 8 47 2.8224 0.511148 0.515048 0.00981464 18338
11 8 48 4 -2 0 0 5135
11 8 49 3 -2 0 0 9040
11 8 50 2 2.00346 1.44941 0.501154 13115
11 8 51 6.032 0.557459 0.52513 0.624971 8315
11 8 52 6 -2 0 0 4623
11 8 53 7 -2 0 0 5428
11 8 54 4.07133 0.564339 0.385624 0.127556 11568
11 8 55 4 -2 0 0 6374
11 8 56 3.22333 0.761165 0.450189 0.0678279 9897
11 8 57 2.62555 1.53179 1.08083 0.453312 8771
11 8 58 6.51845 0.447306 0.363933 1.0603 5988
11 8 59 2.74682 0.374223 0.811979 0.140039 8763
11 8 60 3.69189 0.856867 1.47187 0.950862 14486
11 8 61 2.7709 0.633448 1.08807 0.339987 6572
11 8 62 7 -2 0 0 6665
11 8 63 4.03609 0.506198 0.384054 0.0266928 7785
11 9 0 3.10456 -3 0 0 11460
11 9 1 2.51176 0.837919 0.435893 0.091153 6421
11 9 2 2.19332 7.32798 0.873596 0.183935 5182
11 9 3 3.10456 -3 0 0 5818
11 9 4 3.10456 -3 0 0 4567
11 9 5 5 -2 0 0 5131
11 9 6 2 -2 0 0 7282
11 9 7 3.4005 0.716521 1.09796 0.545079 5425
11 9 8 3.4103 0.329681 0.356687 0.0282007 6727
11 9 9 6 -2 0 0 5562
11 9 10 3.70816 0.487834 0.399286 0.114906 2984
11 9 11 5 -2 0 0 4650
11 9 12 3.67041 0.656024 0.23964 0.0325532 4119
11 9 13 3.10456 -3 0 0 4939
11 9 14 5 -2 0 0 7585
11 9 15 3.30012 0.930671 1.64994 0.88544 2890
11 9 16 10 -2 0 0 2309
11 9 17 2.68137 1.53364 0.662868 0.624019 7501
11 9 18 3.10456 -3 0 0 5875
11 9 19 3.5847 0.586429 0.346329 0.0277254 2374
11 9 20 3.60881 0.38146 0.845487 0.778078 5358
11 9 21 5.42052 0.394936 0.387656 0.239645 4780
11 9 22 4 -2 0 0 5028
11 9 23 7 -2 0 0 4178
11 9 24 3.10456 -3 0 0 5911
11 9 25 3.13575 0.426175 0.892231 0.584122 4678
11 9 26 5.27923 0.407889 0.252847 0.163686 6916
11 9 27 3.84296 0.275651 1.01089 0.36025 2651
11 9 28 4 -2 0 0 4685
11 9 29 4.33964 0.316489 1.19956 0.344437 4836
11 9 30 6 -2 0 0 3671
11 9 31 5.53396 0.55641 0.791723 1.0709 4536
11 9 32 5 -2 0 0 2069
11 9 33 4 -2 0 0 2289
11 9 34 4.09178 0.608169 0.277422 0.305168 6535
11 9 35 5 -2 0 0 4082
11 9 36 6 -2 0 0 3011
11 9 37 5 -2 0 0 3202
11 9 38 3.10456 -3 0 0 2705
11 9 39 3.60502 0.289585 1.01682 0.307857 4403
11 9 40 2 -2 0 0 3541
11 9 41 3.81461 0.865572 0.321941 0.572185 3940
11 9 42 3.10456 -3 0 0 3356
11 9 43 3.10456 -3 0 0 4436
11 9 44 4.4007 0.646865 0.147165 0.180135 1982
11 9 45 2.85894 0.652938 1.14273 0.814314 3189
11 9 46 3.10456 -3 0 0 5011
11 9 47 5 -2 0 0 3638
11 9 48 3.99873 0.5543 0.755326 0.183643 4740
11 9 49 2 -2 0 0 3636
11 9 50 3 -2 0 0 3009
11 9 51 6 -2 0 0 4767
11 9 52 2 9.78381 1.59025 0.680296 3880
11 9 53 3.88005 0.634635 0.42996 0.0774893 2277
11 9 54 5 -2 0 0 2764
11 9 55 3.10456 -3 0 0 5671
11 9 56 2 -2 0 0 4336
11 9 57 3.68279 0.479011 0.301624 0.0307267 4799
11 9 58 2.85675 0.362394 0.534461 0.0902071 4339
11 9 59 3.10456 -3 0 0 5514
11 9 60 4 -2 0 0 1901
11 9 61 3.10456 -3 0 0 5889
11 9 62 2 11.9549 1.32312 0.226696 4744
11 9 63 5.08549 0.459987 0.263203 0.201372 4856
11 10 0 5 -2 0 0 10319
11 10 1 2.35694 0.948057 1.10523 0.535383 8787
11 10 2 2.93876 0.677796 0.826479 0.419488 7435
11 10 3 4 -2 0 0 14238
11 10 4 6 -2 0 0 17844
11 10 5 3.43928 0.573583 0.442886 0.165374 16987
11 10 6 3.51418 0.428624 0.283209 0.0165591 10508
11 10 7 3 -2 0 0 24814
11 10 8 3.67088 0.37171 0.344777 0.0455466 8312
11 10 9 4 -2 0 0 11917
11 10 10 2.88554 0.575143 1.27201 0.65787 11902
11 10 11 2.93742 -3 0 0 14166
11 10 12 5 -2 0 0 12546
11 10 13 2.54204 0.687079 1.07187 0.00994304 19794
11 10 14 3.30896 0.648077 0.452637 0.403064 11834
11 10 15 3.26335 0.749052 0.786142 0.389416 10867
11 10 16 3.33234 0.326892 0.744876 0.0841543 8429
11 10 17 3.95743 0.339292 1.00487 0.118672 14880
11 10 18 4 -2 0 0 19039
11 10 19 4 -2 0 0 13964
11 10 20 4 -2 0 0 18131
11 10 21 3.39133 0.4996 0.602728 0.149412 11697
11 10 22 2.93742 -3 0 0 20502
11 10 23 3.8155 0.467314 0.253232 0.05847 16374
11 10 24 3.72753 0.561327 0.741887 0.621996 10581
11 10 25 5 -2 0 0 17107
11 10 26 2.76149 0.569608 1.13982 0.543709 15139
11 10 27 3 -2 0 0 15889
11 10 28 2.93742 -3 0 0 13874
11 10 29 3.43293 0.58595 0.5107 0.317989 16315
11 10 30 5 -2 0 0 18156
11 10 31 3.02779 0.426519 0.893819 0.283792 25819
11 10 32 5 -2 0 0 21919
11 10 33 3.83071 0.49062 0.381354 0.246261 19048
11 10 34 4 -2 0 0 15347
11 10 35 5 -2 0 0 26700
11 10 36 4 -2 0 0 19977
11 10 37 4.10017 0.374675 0.273633 0.0264822 17881
11 10 38 3.31129 0.334486 0.694888 0.0111044 26148
11 10 39 3.48454 0.49259 0.2728 0.125442 22320
11 10 40 3.8921 0.519846 0.645481 0.47131 14373
11 10 41 3.36928 0.682377 0.461971 0.493137 15595
11 10 42 4.42416 0.452205 0.656898 0.556419 19564
11 10 43 4 -2 0 0 16297
11 10 44 5 -2 0 0 24141
11 10 45 3.87397 0.700413 0.548725 0.920907 21477
11 10 46 2.58029 0.698943 1.2064 0.856122 13526
11 10 47 4 -2 0 0 29262
11 10 48 2.78298 0.872422 1.52978 0.404617 14018
11 10 49 2.93742 -3 0 0 12966
11 10 50 3.89255 0.377686 0.289818 0.0351829 21319
11 10 51 3.15519 0.562948 0.434502 0.176325 19439
11 10 52 2 8.20311 1.29371 0.93932 17265
11 10 53 4 -2 0 0 25130
11 10 54 3 -2 0 0 19789
11 10 55 2.4293 0.744787 0.835938 0.603742 16801
11 10 56 2.56048 1.88486 1.04505 0.141224 19852
11 10 57 5 -2 0 0 18934
11 10 58 2.47596 0.718518 0.672095 0.49725 18054
11 10 59 4 -2 0 0 11909
11 10 60 2.66862 0.644327 0.563469 0.466127 18679
11 10 61 2.07413 2.16265 0.632588 0.714049 19224
11 10 62 2.61858 0.79706 0.5269 0.336401 15958
11 10 63 2.82896 0.607005 0.386697 0.17465 10436
11 11 0 4 -2 0 0 18510
11 11 1 3.6138 0.471782 0.321776 0.0776746 12165
11 11 2 3.7218 0.725421 0.464888 0.418013 9776
11 11 3 4 -2 0 0 6322
11 11 4 6 -2 0 0 5569
11 11 5 3.41895 0.605428 0.622967 0.557646 11229
11 11 6 3.62517 -3 0 0 12005
11 11 7 6 -2 0 0 4537
11 11 8 2.48629 1.53026 1.47405 0.715379 6551
11 11 9 6 -2 0 0 7421
11 11 10 3.62517 -3 0 0 8991
11 11 11 4.28292 0.415814 0.482393 0.168572 9049
11 11 12 3.62517 -3 0 0 10585
11 11 13 5 -2 0 0 8115
11 11 14 6 -2 0 0 17388
11 11 15 4.1579 0.546091 0.240291 0.242071 9217
11 11 16 4.56804 0.557586 0.328175 0.0831992 5098
11 11 17 7 -2 0 0 9792
11 11 18 4.27881 0.602023 0.169803 0.289608 7339
11 11 19 5.07199 0.291287 0.217091 0.630417 7731
11 11 20 5 -2 0 0 10148
11 11 21 2.88092 2.28782 1.23256 0.534611 7908
11 11 22 5.32595 0.373279 0.653407 0.0672666 4460
11 11 23 5 -2 0 0 11629
11 11 24 3.62517 -3 0 0 15634
11 11 25 5.04498 0.451794 0.281365 0.526174 7723
11 11 26 3.86413 0.680098 0.526967 0.370231 17500
11 11 27 3.62517 -3 0 0 8450
11 11 28 3.806 0.786605 0.88799 0.611906 4846
11 11 29 3.43967 0.648967 0.462204 0.212118 14559
11 11 30 5.69878 0.567519 0.367245 0.793264 7764
11 11 31 3.82194 0.371171 0.498986 0.0843072 7622
11 11 32 4.17779 0.506798 0.48535 0.191049 5298
11 11 33 6 -2 0 0 8244
11 11 34 4.82299 0.38137 0.389178 0.110153 15683
11 11 35 5 -2 0 0 4005
11 11 36 4.98419 0.449464 0.344243 0.0417991 8672
11 11 37 4.4466 0.325363 0.47413 0.011333 8454
11 11 38 3.62517 -3 0 0 7690
11 11 39 4.54139 0.520888 0.512208 0.366532 5124
11 11 40 6 -2 0 0 10349
11 11 41 3.38533 0.842385 0.632082 0.933828 7766
11 11 42 3.64712 0.331453 1.39236 0.809527 6413
11 11 43 7 -2 0 0 11517
11 11 44 3.62517 -3 0 0 7502
11 11 45 5 -2 0 0 7897
11 11 46 3.69444 0.326686 0.377909 0.0751164 15932
11 11 47 3.77139 0.247854 1.16615 0.168454 6735
11 11 48 3.54072 0.584104 0.472307 0.105084 6148
11 11 49 2.66234 0.797629 1.21302 1.03391 8174
11 11 50 2.96298 0.342245 0.914257 0.841727 4508
11 11 51 7 -2 0 0 11627
11 11 52 4.23385 0.480488 0.447366 0.251611 8878
11 11 53 3.23306 0.369695 1.13686 0.48 3388
11 11 54 3.41425 0.293962 1.15494 0.723622 9034
11 11 55 3.62517 -3 0 0 12042
11 11 56 2.69109 0.65439 1.10798 0.43645 4668
11 11 57 2.28713 1.5482 1.22663 0.36416 6517
11 11 58 3.62517 -3 0 0 9885
11 11 59 4.56987 0.59428 0.463013 0.686122 15976
11 11 60 3.62517 -3 0 0 2908
11 11 61 3.79943 0.884901 0.820454 0.542647 8899
11 11 62 2.7068 0.850445 0.365834 0.0368096 15260
11 11 63 3.77082 0.667991 0.668404 0.203667 6105
11 12 0 2.26154 0.890087 1.13305 0.686604 18777
11 12 1 2.64507 0.722677 0.586705 0.302575 19110
11 12 2 4 -2 0 0 21748
11 12 3 3.22895 0.501658 0.296529 0.0750875 21197
11 12 4 2.97202 0.617507 0.519428 0.261857 12203
11 12 5 2 -2 0 0 17829
11 12 6 3.04241 0.525094 0.29583 0.0168869 16963
11 12 7 3.43615 0.426163 0.416014 0.00904218 23893
11 12 8 2.64514 0.714171 0.509909 0.553585 17780
11 12 9 3.08554 0.482803 1.28968 0.071532 24703
11 12 10 4 -2 0 0 25021
11 12 11 2.96817 0.605883 1.37144 0.140278 17476
11 12 12 5 -2 0 0 16133
11 12 13 2.14729 7.90903 1.56898 0.284888 16056
11 12 14 4 -2 0 0 17203
11 12 15 3 -2 0 0 20713
11 12 16 5 -2 0 0 27603
11 12 17 3.30074 0.604513 0.50597 0.325638 16618
11 12 18 3.83823 0.475649 0.372431 0.10754 12329
11 12 19 4 -2 0 0 16767
11 12 20 2.85132 0.463373 1.14274 0.189408 16667
11 12 21 4 -2 0 0 22173
11 12 22 2.69727 0.871599 0.641781 0.902923 22349
11 12 23 2.5386 0.563416 0.995261 0.455667 15814
11 12 24 3.92032 0.443578 0.3101 0.0579327 12951
11 12 25 3.31488 0.550212 0.741589 0.186632 22662
11 12 26 4 -2 0 0 15040
11 12 27 6 -2 0 0 14414
11 12 28 5 -2 0 0 14244
11 12 29 3.72827 0.471992 0.492827 0.0896081 11706
11 12 30 3.5406 0.524985 0.365304 0.0722032 17782
11 12 31 3.96283 0.520241 0.698247 0.423385 14695
11 12 32 2.95944 0.556346 0.271383 0.0419052 18130
11 12 33 5 -2 0 0 16845
11 12 34 2.88385 0.544164 0.392041 0.279609 15541
11 12 35 2.65243 0.877767 0.905893 1.00882 18693
11 12 36 3.43096 0.336471 0.500792 0.0545045 15093
11 12 37 4 -2 0 0 14872
11 12 38 4.20968 0.509511 0.538859 0.302212 13911
11 12 39 3.22662 0.560484 0.992375 0.063307 14016
11 12 40 3.33623 0.492785 0.480241 0.0961677 15734
11 12 41 3.52125 0.578475 0.771844 0.432671 15876
11 12 42 4.03132 0.49556 0.392752 0.206774 13989
11 12 43 4.20514 0.375546 0.380006 0.0346137 13479
11 12 44 4 -2 0 0 15742
11 12 45 3.31956 0.393562 0.373483 0.0371367 16612
11 12 46 3.48911 0.348491 0.491477 0.0360049 13517
11 12 47 3.76432 0.473775 0.592078 0.137494 12231
11 12 48 3.24134 0.6262 0.423778 0.13808 15752
11 12 49 3.32255 0.562173 0.523773 0.0330615 13774
11 12 50 4 -2 0 0 15146
11 12 51 2.82092 0.748521 0.747431 0.0747171 9375
11 12 52 3.04709 0.588125 0.372143 0.0580061 12557
11 12 53 3.23846 0.457868 0.544663 0.0542312 13949
11 12 54 2.01424 11.4314 0.777688 0.225541 14170
11 12 55 4 -2 0 0 8968
11 12 56 4 -2 0 0 12580
11 12 57 4 -2 0 0 12539
11 12 58 4 -2 0 0 13819
11 12 59 5 -2 0 0 13414
11 12 60 2.67194 0.69436 1.15442 0.198796 14214
11 12 61 2.8233 0.643454 0.515918 0.0948052 9002
11 12 62 2.57434 0.755207 0.393186 0.0564995 10664
11 12 63 4 -2 0 0 9661
11 13 0 4.01383 -3 0 0 9459
11 13 1 3.02016 1.29369 0.748538 0.439059 7951
11 13 2 7 -2 0 0 5638
11 13 3 3.74897 0.441597 1.40134 0.110465 4173
11 13 4 3.71814 0.354568 0.40779 0.011845 6620
11 13 5 3.75705 0.631847 0.588725 0.364373 7311
11 13 6 3.06596 0.882513 0.427674 0.205745 6880
11 13 7 3.53711 0.529952 0.366736 0.0100993 4995
11 13 8 3 -2 0 0 7929
11 13 9 3 -2 0 0 5580
11 13 10 3.1953 0.268057 0.714838 0.144474 4209
11 13 11 6.033 0.583554 0.404971 0.880281 5097
11 13 12 6 -2 0 0 6297
11 13 13 4.01383 -3 0 0 5240
11 13 14 4.63976 0.395739 0.472312 0.0278736 7093
11 13 15 4.01383 -3 0 0 6051
11 13 16 3.73908 0.697287 0.484866 0.224288 5034
11 13 17 5.70511 0.375708 0.514571 0.393991 8345
11 13 18 6 -2 0 0 4603
11 13 19 4.01383 -3 0 0 3775
11 13 20 4.07257 0.416651 0.625928 0.0637696 4165
11 13 21 6 -2 0 0 4268
11 13 22 3.5023 0.542703 0.578376 0.0673887 4674
11 13 23 2.99215 0.676423 1.22819 0.75471 8124
11 13 24 2 8.63396 1.61359 0.883279 6204
11 13 25 4 -2 0 0 2759
11 13 26 6 -2 0 0 11375
11 13 27 6 -2 0 0 6022
11 13 28 4.53938 0.568993 0.513747 0.0278606 4144
11 13 29 8 -2 0 0 9394
11 13 30 5 -2 0 0 6494
11 13 31 4.37152 0.291289 0.597471 0.0652056 3348
11 13 32 4.18026 0.38313 0.483883 0.0794544 5791
11 13 33 6 -2 0 0 4534
11 13 34 3.98896 0.308874 0.830218 0.0363564 8586
11 13 35 4.22265 0.254885 0.969434 0.491146 6008
11 13 36 6 -2 0 0 4385
11 13 37 4.01383 -3 0 0 8535
11 13 38 5.69026 0.540749 0.31636 0.79415 4203
11 13 39 4.7718 0.490105 0.59122 0.182162 4605
11 13 40 7 -2 0 0 7444
11 13 41 3.31881 0.360449 1.11327 0.416964 6260
11 13 42 5 -2 0 0 5918
11 13 43 6 -2 0 0 10488
11 13 44 5 -2 0 0 4706
11 13 45 4.6151 0.549988 0.769127 0.404988 4514
11 13 46 7 -2 0 0 12843
11 13 47 6 -2 0 0 6960
11 13 48 5.05812 0.47049 0.381448 0.0969909 7154
11 13 49 2 -2 0 0 6209
11 13 50 6 -2 0 0 6589
11 13 51 4.03742 0.271888 0.638463 0.0787488 13753
11 13 52 4.92997 0.414898 0.361687 0.137608 11109
11 13 53 6 -2 0 0 6892
11 13 54 3.35472 0.833936 0.69788 0.185266 8013
11 13 55 4.57693 0.590575 0.548941 0.336639 11658
11 13 56 3 -2 0 0 6904
11 13 57 4.01383 -3 0 0 10170
11 13 58 3.69898 0.525544 0.42521 0.0908809 5974
11 13 59 7 -2 0 0 13907
11 13 60 2.90501 0.791239 0.480912 0.170714 6232
11 13 61 4.1811 0.334576 0.523595 0.00539145 11071
11 13 62 2.32284 1.11278 0.890083 0.308597 10083
11 13 63 3.47567 0.669809 0.398471 0.0902944 9715
11 14 0 3.71772 0.3459 0.759338 0.292236 12525
11 14 1 2.01602 12.5614 1.06395 0.959265 12701
11 14 2 2.68382 1.67596 0.844996 0.685211 13289
11 14 3 3.18519 -3 0 0 11941
11 14 4 2.94929 0.396639 0.39081 0.0982743 10294
11 14 5 3.18519 -3 0 0 11614
11 14 6 4 -2 0 0 10769
11 14 7 3.27003 0.704772 0.408064 0.0943716 14382
11 14 8 4.03448 0.507879 0.297703 0.190727 11565
11 14 9 4.92708 0.509685 0.533809 0.462468 15341
11 14 10 4 -2 0 0 15599
11 14 11 2.50499 1.41691 0.743046 0.23113 9956
11 14 12 3.18519 -3 0 0 9530
11 14 13 3.05392 0.87379 0.85052 1.03302 11722
11 14 14 4 -2 0 0 10158
11 14 15 3.57508 0.504825 0.384664 0.0211038 8839
11 14 16 3.75847 0.793306 0.821384 0.698422 16053
11 14 17 5 -2 0 0 9020
11 14 18 3.18519 -3 0 0 11005
11 14 19 3.58194 0.718297 0.328095 0.163353 13170
11 14 20 3.1357 0.239148 0.81879 0.667671 8613
11 14 21 6 -2 0 0 14756
11 14 22 2 -2 0 0 12812
11 14 23 4.35892 0.766529 0.574575 0.683623 6301
11 14 24 5.01414 0.667298 0.348298 0.653087 10948
11 14 25 3.18519 -3 0 0 11743
11 14 26 3.44957 0.769529 0.552686 0.521774 8719
11 14 27 3.18519 -3 0 0 9872
11 14 28 8 -2 0 0 10511
11 14 29 4.31604 0.46633 0.401 0.287069 7023
11 14 30 2.4933 0.596229 0.886867 0.957372 8799
11 14 31 0 -10 0 0 0
11 14 32 5.78149 0.629577 0.317657 0.826822 6936
11 14 33 3.18519 -3 0 0 8977
11 14 34 3.18519 -3 0 0 8524
11 14 35 2.24283 2.8557 1.5708 0.976298 9665
11 14 36 2 1.84195 1.39052 0.787104 8716
11 14 37 2.10906 7.513 1.5153 0.66276 7717
11 14 38 2.76176 0.672711 1.06739 0.7914 6748
11 14 39 6 -2 0 0 7601
11 14 40 3.79106 0.544661 0.414687 0.226084 8169
11 14 41 7 -2 0 0 8474
11 14 42 4.92524 0.646289 0.276644 0.575247 6006
11 14 43 3.18519 -3 0 0 7972
11 14 44 3.66196 0.318548 0.458096 0.0586132 8111
11 14 45 3.80295 0.588549 0.339289 0.154212 6273
11 14 46 5.13326 0.405845 0.245395 0.294281 7991
11 14 47 3.49204 0.834385 0.674348 0.482774 6994
11 14 48 3.18519 -3 0 0 5471
11 14 49 3.71524 0.745363 0.460832 0.603665 7408
11 14 50 3.28877 0.683674 0.282065 0.0468409 7217
11 14 51 4.29961 0.525888 0.439335 0.17797 5515
11 14 52 4.16433 0.608213 0.596982 0.321263 5920
11 14 53 3.50291 0.323967 0.575959 0.0411441 7408
11 14 54 3.35769 0.536633 0.28299 0.0123674 7176
11 14 55 2 -2 0 0 4945
11 14 56 2.66928 0.667615 1.02472 0.961297 7298
11 14 57 5.34583 0.487286 0.221776 0.494394 5688
11 14 58 6 -2 0 0 5583
11 14 59 3.42457 0.747864 0.344584 0.283828 5773
11 14 60 2.62529 1.39041 0.740734 1.05043 7119
11 14 61 3.18519 -3 0 0 5576
11 14 62 6.1644 0.373456 0.34076 0.853086 5688
11 14 63 3 -2 0 0 5849
11 15 0 4.75485 0.292951 0.819433 0.518666 5573
11 15 1 4.36939 0.644316 0.45734 0.231674 4812
11 15 2 8.07769 0.557407 0.300626 0.84153 4607
11 15 3 2.9339 0.426848 0.435344 0.0261586 3047
11 15 4 3.94941 0.813713 0.299514 0.101906 4118
11 15 5 2.86359 1.23623 0.539555 0.140675 4216
11 15 6 2 1.11738 1.41069 1.03812 2835
11 15 7 2 -2 0 0 3466
11 15 8 2 -2 0 0 4339
11 15 9 7.03645 0.328218 0.342891 0.835451 3980
11 15 10 5 -2 0 0 3801
11 15 11 2.22306 1.32219 0.326549 0.0518448 5004
11 15 12 5.7989 1.0325 0.36265 0.639132 3615
11 15 13 4 -2 0 0 2723
11 15 14 5 -2 0 0 4223
11 15 15 3 -2 0 0 3950
11 15 16 9 -2 0 0 3519
11 15 17 6 -2 0 0 3547
11 15 18 5 -2 0 0 2638
11 15 19 6 -2 0 0 3526
11 15 20 2 -2 0 0 3021
11 15 21 4 -2 0 0 4083
11 15 22 3.32657 0.452571 0.336223 0.0233542 3719
11 15 23 5.93645 0.413783 0.343596 0.549817 4900
11 15 24 3.37946 0.810778 0.429459 0.0411169 3454
11 15 25 4.13595 0.351882 0.610312 0.13079 3701
11 15 26 3.4763 0.69689 0.452769 0.0336092 3960
11 15 27 3.881 0.415215 0.308879 0.0536264 3897
11 15 28 2 -2 0 0 2954
11 15 29 3.53745 0.274981 0.873806 0.340437 5090
11 15 30 3.5692 0.400102 0.862022 0.0568102 3130
11 15 31 3.58045 0.619538 0.370005 0.0190832 3715
11 15 32 3 -2 0 0 2563
11 15 33 3.47871 0.538711 0.273013 0.00444925 3123
11 15 34 7 -2 0 0 4340
11 15 35 3.26829 0.573012 0.47963 0.060284 2837
11 15 36 5 -2 0 0 4094
11 15 37 4 -2 0 0 5613
11 15 38 3.40788 0.659729 0.352186 0.0452815 4761
11 15 39 5 -2 0 0 4954
11 15 40 3.48207 0.329872 0.411666 0.0074416 4512
11 15 41 6 -2 0 0 4386
11 15 42 3 -2 0 0 3324
11 15 43 3.27863 0.52104 0.714026 0.059102 6008
11 15 44 3.44442 0.68658 0.397103 0.0109391 3820
11 15 45 5.18283 0.530975 0.236878 0.235776 4387
11 15 46 2.23654 1.53284 0.893041 0.252636 4971
11 15 47 5.28724 0.777727 0.340649 0.434238 3023
11 15 48 3.55482 0.7885 0.41181 0.182743 4640
11 15 49 2.68008 0.860317 1.03035 0.192473 5291
11 15 50 3 -2 0 0 4653
11 15 51 6 -2 0 0 7785
11 15 52 3.1958 -3 0 0 5883
11 15 53 5 -2 0 0 4234
11 15 54 3.02222 0.771363 0.262054 0.0670157 3765
11 15 55 2.71838 0.870561 0.728307 0.203294 6902
11 15 56 2 -2 0 0 6643
11 15 57 7 -2 0 0 7127
11 15 58 4.39857 0.572457 0.168357 0.168396 3797
11 15 59 2 -2 0 0 6638
11 15 60 5 -2 0 0 3959
11 15 61 2.69132 0.55025 0.536269 0.0331283 6868
11 15 62 5 -2 0 0 7295
11 15 63 2.13724 2.6527 0.873407 0.735475 6014
12 0 0 8 -2 0 0 3267
12 0 1 5.01402 0.444806 1.21843 0.153148 3179
12 0 2 4.68844 0.64521 1.13089 0.570598 3619
12 0 3 5.17517 0.413556 1.22139 0.0589225 3453
12 0 4 5.9698 0.598599 0.837729 0.278786 3132
12 0 5 4.68193 0.52989 0.96706 0.0742296 2883
12 0 6 5.64199 0.571667 0.586301 0.147962 3098
12 0 7 5.0201 0.535581 1.29594 0.193898 2732
12 0 8 4.84308 0.689807 1.45219 0.442366 2731
12 0 9 6 -2 0 0 3353
12 0 10 5.12817 1.10861 1.20962 0.517376 228
12 0 11 8 -2 0 0 3727
12 0 12 4.7937 0.314307 1.10258 0.165253 3567
12 0 13 0 -10 0 0 0
12 0 14 0 -10 0 0 0
12 0 15 5.25562 0.714813 0.751313 0.106552 214
12 0 16 0 -10 0 0 0
12 0 17 0 -10 0 0 0
12 0 18 5.61222 0.576839 0.880113 0.159349 3735
12 0 19 8 -2 0 0 3423
12 0 20 0 -10 0 0 0
12 0 21 6.22417 0.422136 0.634726 0.331636 3487
12 0 22 5.90409 0.440036 1.00168 0.162566 4097
12 0 23 8 -2 0 0 3828
12 0 24 0 -10 0 0 0
12 0 25 9 -2 0 0 3645
12 0 26 5.80513 0.447605 1.13549 0.250535 3988
12 0 27 9 -2 0 0 3483
12 0 28 9 -2 0 0 3911
12 0 29 5.31394 0.482559 0.836969 0.136323 4781
12 0 30 5.7235 0.491936 0.685465 0.150703 3435
12 0 31 5.00647 0.919641 1.10395 0.183708 3868
12 0 32 10 -2 0 0 4138
12 0 33 5.39068 -3 0 0 3905
12 0 34 9 -2 0 0 3906
12 0 35 5.77464 0.440946 0.649878 0.127834 5169
12 0 36 5.87893 0.490763 0.820642 0.0243733 4019
12 0 37 9 -2 0 0 4736
12 0 38 2 -2 0 0 4158
12 0 39 8 -2 0 0 3979
12 0 40 4.47409 0.385739 1.31227 0.210477 4529
12 0 41 5.776 0.444579 1.13464 0.104226 4133
12 0 42 5.85025 0.726123 0.963832 0.147101 4687
12 0 43 6.46784 0.398655 0.650105 0.288408 5020
12 0 44 4.98048 0.801525 1.38837 0.476023 4496
12 0 45 4 -2 0 0 4190
12 0 46 5.77886 0.696688 0.66043 0.173685 5824
12 0 47 2 2.88895 3.19326 0.859709 5941
12 0 48 6.43759 0.580264 0.701637 0.523914 3557
12 0 49 3 -2 0 0 7018
12 0 50 6.25425 0.559095 0.629684 0.0636428 4704
12 0 51 4.95222 0.421984 1.71933 0.209259 4688
12 0 52 11 -2 0 0 6333
12 0 53 5.41391 0.707258 1.21462 0.249951 6878
12 0 54 6.91369 0.477411 0.685794 0.385375 4906
12 0 55 5.51219 0.414622 1.42483 0.311016 5668
12 0 56 4.90944 0.646186 1.26058 0.369909 4575
12 0 57 6.06104 0.479065 0.636185 0.064582 5849
12 0 58 7 -2 0 0 5485
12 0 59 8 -2 0 0 5046
12 0 60 0 -10 0 0 0
12 0 61 8 -2 0 0 7854
12 0 62 5.08185 0.423962 1.05716 0.0806097 6693
12 0 63 5.90743 0.828779 0.742679 0.425798 7348
12 1 0 4.81049 -3 0 0 7106
12 1 1 4.81469 0.631934 1.15127 0.518576 8536
12 1 2 6.1594 0.458769 0.657449 0.506224 7292
12 1 3 9 -2 0 0 8516
12 1 4 5.34817 0.395224 0.716888 0.198569 7103
12 1 5 3 -2 0 0 8467
12 1 6 7 -2 0 0 7634
12 1 7 7 -2 0 0 7010
12 1 8 7.08346 0.443099 0.526905 0.28106 8012
12 1 9 7 -2 0 0 5733
12 1 10 5.89914 0.617807 0.722444 0.543749 7824
12 1 11 0 -10 0 0 0
12 1 12 3.65406 1.87487 2.30852 0.83753 8388
12 1 13 0 -10 0 0 0
12 1 14 6 -2 0 0 7447
12 1 15 8 -2 0 0 6901
12 1 16 4.05024 0.575906 0.649406 0.100854 9191
12 1 17 3.15374 1.15557 1.84149 0.437229 6664
12 1 18 5.00362 0.513196 0.67982 0.26833 6233
12 1 19 5.02646 0.481051 0.6463 0.0155374 5504
12 1 20 0 -10 0 0 0
12 1 21 4.12322 0.596798 0.743349 0.0327584 5363
12 1 22 10 -2 0 0 6199
12 1 23 6 -2 0 0 5250
12 1 24 5.10225 0.388455 0.572585 0.0183862 6227
12 1 25 6.11308 0.455476 0.551312 0.22044 4927
12 1 26 5.45663 0.600804 1.03403 0.399117 5934
12 1 27 4.71699 0.483577 0.56553 0.00694381 5509
12 1 28 5 -2 0 0 5610
12 1 29 4.76447 0.553493 0.942876 0.280445 3910
12 1 30 7 -2 0 0 3296
12 1 31 5.45268 0.468882 0.861581 0.286705 4635
12 1 32 4.33705 0.505448 0.737601 0.421527 8507
12 1 33 8 -2 0 0 5120
12 1 34 4.59249 0.799263 1.63429 0.336913 5721
12 1 35 7 -2 0 0 4778
12 1 36 3.95471 0.771379 1.02506 0.445941 4795
12 1 37 6.74897 0.711271 0.878309 0.651904 5152
12 1 38 3.75294 0.57272 1.6416 0.463565 7009
12 1 39 9 -2 0 0 4526
12 1 40 8 -2 0 0 4377
12 1 41 4.78396 0.487625 0.855978 0.238364 4777
12 1 42 5.46895 0.442206 0.69487 0.193305 4266
12 1 43 6 -2 0 0 4481
12 1 44 8 -2 0 0 4335
12 1 45 4.46052 0.697685 1.20452 0.262878 5151
12 1 46 6.68374 0.483405 0.637418 0.681484 4475
12 1 47 4.76919 0.546407 0.644978 0.10939 5487
12 1 48 6 -2 0 0 4046
12 1 49 6 -2 0 0 4280
12 1 50 5.26483 0.546856 0.520875 0.0549106 3271
12 1 51 6.91155 0.599017 0.605941 0.896572 3671
12 1 52 6.49732 0.580069 0.605487 0.38968 4069
12 1 53 5.67675 0.425574 0.530853 0.131466 4355
12 1 54 5.94052 0.496475 0.60306 0.311753 3589
12 1 55 5.00927 0.487993 0.473193 0.17862 3467
12 1 56 7 -2 0 0 4666
12 1 57 3.50961 1.40343 2.04904 0.447907 3949
12 1 58 4.28715 0.66313 1.2347 0.315848 3835
12 1 59 4.77505 0.575567 0.961855 0.2556 4318
12 1 60 3.3647 0.475643 1.21411 0.422743 3490
12 1 61 3.37553 0.827488 0.918136 0.171012 4407
12 1 62 4.90982 0.528579 0.600782 0.15677 4516
12 1 63 0 -10 0 0 0
12 2 0 5.27271 0.532678 1.0722 0.335621 8549
12 2 1 7 -2 0 0 7167
12 2 2 5.30552 0.466678 0.689249 0.0050123 6196
12 2 3 6 -2 0 0 7308
12 2 4 9 -2 0 0 5459
12 2 5 9 -2 0 0 8390
12 2 6 7 -2 0 0 5278
12 2 7 4.45991 0.579189 0.914045 0.147436 7314
12 2 8 9 -2 0 0 6689
12 2 9 5.52902 0.374295 0.792765 0.10912 5976
12 2 10 2 -2 0 0 6026
12 2 11 7 -2 0 0 4362
12 2 12 5.05658 0.518755 0.88232 0.13203 5026
12 2 13 7.03564 0.461084 0.955932 0.7517 5699
12 2 14 3 -2 0 0 5014
12 2 15 4.93584 -3 0 0 4668
12 2 16 4.0799 0.422952 1.5321 0.0999108 5350
12 2 17 5.82863 0.524947 0.748428 0.403844 4599
12 2 18 4.52094 0.392486 1.60174 0.157482 5810
12 2 19 7 -2 0 0 5308
12 2 20 6.02653 0.391096 0.779873 0.139517 5923
12 2 21 5.78539 0.486822 0.588463 0.228273 6574
12 2 22 4.93584 -3 0 0 9301
12 2 23 6.31264 0.451947 0.513359 0.341852 5646
12 2 24 7 -2 0 0 4912
12 2 25 3 -2 0 0 4878
12 2 26 0 -10 0 0 0
12 2 27 5.32797 0.487241 0.581033 0.0350939 5881
12 2 28 6.131 0.921709 1.00391 0.624492 7031
12 2 29 3.23554 1.64591 2.2379 0.671073 5174
12 2 30 8 -2 0 0 8893
12 2 31 8 -2 0 0 5497
12 2 32 5.33561 0.670555 0.912998 0.277552 5453
12 2 33 5.05146 0.612365 0.86819 0.0854955 6532
12 2 34 4.70544 0.394423 1.15353 0.0987403 5458
12 2 35 10 -2 0 0 5677
12 2 36 4.21702 0.663502 2.02132 0.445143 7219
12 2 37 9 -2 0 0 4355
12 2 38 8 -2 0 0 6216
12 2 39 7 -2 0 0 6042
12 2 40 5.16609 0.546179 1.29532 0.17956 7761
12 2 41 4.83444 0.403794 1.08739 0.0996286 7046
12 2 42 4.6308 0.442777 0.88477 0.0872806 6415
12 2 43 6 -2 0 0 6590
12 2 44 0 -10 0 0 0
12 2 45 0 -10 0 0 0
12 2 46 8 -2 0 0 4556
12 2 47 7 -2 0 0 4760
12 2 48 8 -2 0 0 5197
12 2 49 9 -2 0 0 4502
12 2 50 4.63742 0.402117 1.65385 0.486566 4486
12 2 51 6.21717 0.443394 0.662281 0.299535 5428
12 2 52 4.83801 0.547388 0.637667 0.0917819 5419
12 2 53 5.037 0.543746 0.863592 0.0749045 6797
12 2 54 8 -2 0 0 5849
12 2 55 8 -2 0 0 7201
12 2 56 7 -2 0 0 7654
12 2 57 5.04312 0.456336 0.604203 0.0385653 8065
12 2 58 6.5586 0.442116 0.714572 0.70562 7594
12 2 59 2.74795 1.2271 1.33003 0.403421 5013
12 2 60 4.89777 0.513077 0.66156 0.0348554 6727
12 2 61 6 -2 0 0 5550
12 2 62 4.42981 0.437678 0.52706 0.0269143 5928
12 2 63 6 -2 0 0 6152
12 3 0 3.31473 0.836997 1.40333 0.319005 11012
12 3 1 5.83533 0.24291 0.685699 0.264127 11548
12 3 2 5.72324 0.380416 0.376699 0.385257 11444
12 3 3 4 -2 0 0 11765
12 3 4 4.42941 0.397695 0.453421 0.0601089 14881
12 3 5 3.02478 1.28655 1.43597 1.03692 12196
12 3 6 5 -2 0 0 12565
12 3 7 7 -2 0 0 11190
12 3 8 2 -2 0 0 13337
12 3 9 8 -2 0 0 11976
12 3 10 4.18719 0.510576 0.587829 0.0687252 15521
12 3 11 4.34025 -3 0 0 15461
12 3 12 4.15582 0.332187 1.5803 0.660437 12491
12 3 13 5.81746 0.348356 0.596745 0.183015 12910
12 3 14 0 -10 0 0 0
12 3 15 4.5032 0.547486 1.25453 0.727136 12973
12 3 16 5 -2 0 0 18275
12 3 17 4.07769 0.378957 1.67063 0.711918 11830
12 3 18 4.97298 0.369397 0.985574 0.331199 12144
12 3 19 5.21721 0.331796 0.742193 0.0741617 11386
12 3 20 4.34025 -3 0 0 12387
12 3 21 3.79892 0.529048 1.12442 0.291553 13603
12 3 22 5.88815 0.420798 0.856449 0.554291 9931
12 3 23 6 -2 0 0 8371
12 3 24 0 -10 0 0 0
12 3 25 2.66178 1.18807 1.24979 0.89876 12166
12 3 26 7 -2 0 0 10157
12 3 27 4.84054 0.394605 0.532508 0.0942013 12102
12 3 28 3 -2 0 0 11849
12 3 29 0 -10 0 0 0
12 3 30 0 -10 0 0 0
12 3 31 4.94317 0.397725 0.771301 0.240057 11020
12 3 32 5.58202 0.338128 0.502993 0.186573 10911
12 3 33 4.34025 -3 0 0 10780
12 3 34 3.23342 2.57558 1.71276 0.355672 11121
12 3 35 4.2257 0.482088 0.927569 0.175524 12170
12 3 36 0 -10 0 0 0
12 3 37 5 -2 0 0 12335
12 3 38 0 -10 0 0 0
12 3 39 6 -2 0 0 8343
12 3 40 4.67508 0.436118 0.963053 0.235623 12020
12 3 41 6 -2 0 0 11496
12 3 42 5.24898 0.466328 0.845151 0.468918 9454
12 3 43 2 -2 0 0 10735
12 3 44 6 -2 0 0 12262
12 3 45 6 -2 0 0 11224
12 3 46 4.21003 0.300757 1.02085 0.30887 12496
12 3 47 6 -2 0 0 10841
12 3 48 2.46898 1.17514 1.33883 0.702649 11800
12 3 49 3 -2 0 0 9754
12 3 50 8 -2 0 0 12653
12 3 51 5.25717 0.357924 0.554927 0.0744329 11470
12 3 52 4.1622 0.258852 1.27717 0.829187 10331
12 3 53 3.53119 0.336855 1.24962 0.792604 11942
12 3 54 8 -2 0 0 11192
12 3 55 4.34025 -3 0 0 10616
12 3 56 4.34025 -3 0 0 11786
12 3 57 7 -2 0 0 9639
12 3 58 5.6304 0.484996 0.602784 0.702942 12237
12 3 59 5 -2 0 0 9331
12 3 60 6 -2 0 0 10862
12 3 61 3.52217 0.7227 1.04596 0.55547 9727
12 3 62 4 -2 0 0 11893
12 3 63 3.89308 0.588012 1.22713 0.773357 9896
12 4 0 9 -2 0 0 8468
12 4 1 4.27277 0.698095 0.86139 0.216146 7235
12 4 2 4 -2 0 0 5831
12 4 3 6.31095 0.969274 0.720264 0.713834 5735
12 4 4 5.30659 0.393956 0.697037 0.0514617 5225
12 4 5 7 -2 0 0 8310
12 4 6 5.3162 0.636401 0.817211 0.0842399 3940
12 4 7 7.61992 0.54774 0.52263 0.541931 7866
12 4 8 5.46649 0.444126 0.872172 0.105528 6691
12 4 9 5.15191 0.391724 0.800236 0.0300259 6296
12 4 10 6.16058 0.437338 0.570349 0.248655 6370
12 4 11 6.63033 0.593379 0.592412 0.491047 4438
12 4 12 5.64609 1.19812 0.696217 0.406197 4238
12 4 13 8 -2 0 0 5790
12 4 14 5.60305 0.50056 0.560315 0.0994433 5515
12 4 15 7 -2 0 0 4171
12 4 16 11 -2 0 0 5270
12 4 17 5.69461 0.507953 0.5688 0.0577099 4014
12 4 18 5.47428 0.354789 0.597254 0.0382031 5397
12 4 19 6.69936 0.764985 0.656002 0.517504 4391
12 4 20 6.35498 0.604682 0.937504 0.432696 4404
12 4 21 5.0937 0.748959 1.13303 0.364755 6279
12 4 22 5.5267 0.680653 0.951672 0.225156 7194
12 4 23 0 -10 0 0 0
12 4 24 8.07568 0.54812 0.624304 0.753262 4197
12 4 25 3 -2 0 0 4229
12 4 26 0 -10 0 0 0
12 4 27 8 -2 0 0 5184
12 4 28 9 -2 0 0 6322
12 4 29 5.12319 0.404428 1.30964 0.232093 3938
12 4 30 7 -2 0 0 6488
12 4 31 7 -2 0 0 4172
12 4 32 5.10677 0.386973 1.06326 0.0389817 3519
12 4 33 4.81148 0.641963 0.85668 0.3148 5197
12 4 34 9 -2 0 0 3072
12 4 35 0 -10 0 0 0
12 4 36 6.5208 0.600909 0.607101 0.467091 5056
12 4 37 7 -2 0 0 3902
12 4 38 3.60816 0.963066 1.78114 0.627381 3539
12 4 39 5.66455 0.492995 0.580545 0.110376 3728
12 4 40 6.00675 0.429936 0.636074 0.0685008 5752
12 4 41 7.28228 0.50919 0.612206 0.61375 5246
12 4 42 6.05431 0.532778 0.753113 0.138374 5068
12 4 43 5.70366 0.502984 0.63882 0.0529806 3921
12 4 44 5.33279 0.427494 0.660514 0.0283537 4257
12 4 45 5.44858 0.505782 0.58822 0.0291765 3868
12 4 46 7.65354 0.386446 0.937248 0.491416 3479
12 4 47 7 -2 0 0 3335
12 4 48 5.55613 0.462922 0.67684 0.0373394 3254
12 4 49 4.72503 0.608821 0.843118 0.322964 2825
12 4 50 9 -2 0 0 3113
12 4 51 8 -2 0 0 3371
12 4 52 5.87108 0.420798 0.659483 0.207331 2964
12 4 53 8 -2 0 0 3737
12 4 54 5.38668 -3 0 0 3944
12 4 55 5.32377 0.488195 0.659119 0.078887 3922
12 4 56 7 -2 0 0 4943
12 4 57 2 -2 0 0 4922
12 4 58 5.60024 0.573012 0.742287 0.157737 5895
12 4 59 2 12.2121 2.17039 0.766367 3089
12 4 60 6.22579 0.548345 0.632723 0.514524 4465
12 4 61 5.37617 0.640652 0.870797 0.190719 3681
12 4 62 4.42484 0.567184 0.556832 0.024666 3534
12 4 63 3.69244 0.977777 1.23917 0.261906 3926
12 5 0 5.49421 0.420979 0.930409 0.0369799 4824
12 5 1 6.37619 0.381894 0.647828 0.177869 4915
12 5 2 4.42809 0.911511 1.87984 0.296463 4902
12 5 3 6.51009 0.963092 0.848459 0.752882 4777
12 5 4 8 -2 0 0 5937
12 5 5 9 -2 0 0 5304
12 5 6 8 -2 0 0 4941
12 5 7 7 -2 0 0 4742
12 5 8 9 -2 0 0 4751
12 5 9 6.29454 0.474559 0.743539 0.111635 4948
12 5 10 4.62559 0.566173 1.97345 0.543877 4892
12 5 11 5.64643 0.441433 0.786012 0.0692652 4950
12 5 12 6.53315 0.430545 0.763718 0.074515 5056
12 5 13 6.46137 0.312938 0.505022 0.0592445 5317
12 5 14 9 -2 0 0 6322
12 5 15 10 -2 0 0 6667
12 5 16 7.02999 0.482143 0.610701 0.257797 6027
12 5 17 6 -2 0 0 5602
12 5 18 9 -2 0 0 5772
12 5 19 7 -2 0 0 5568
12 5 20 4.97208 0.750535 1.32364 0.215404 5862
12 5 21 10 -2 0 0 5226
12 5 22 0 -10 0 0 0
12 5 23 5.39481 0.476188 0.828806 0.225722 6153
12 5 24 6.06221 0.32437 1.0056 0.054454 5318
12 5 25 7.06687 0.598926 0.820472 0.758755 6770
12 5 26 6 -2 0 0 5840
12 5 27 10 -2 0 0 5461
12 5 28 6.38036 0.466716 0.621385 0.313304 6148
12 5 29 0 -10 0 0 0
12 5 30 0 -10 0 0 0
12 5 31 6.36263 0.578357 0.657744 0.0410229 6422
12 5 32 5.65033 0.854618 1.0838 0.437906 8177
12 5 33 5.92103 0.383939 0.870571 0.147905 5766
12 5 34 5.7439 0.460497 1.16852 0.13129 6249
12 5 35 10 -2 0 0 6090
12 5 36 0 -10 0 0 0
12 5 37 3.81508 1.14425 1.76559 0.506623 6531
12 5 38 0 -10 0 0 0
12 5 39 0 -10 0 0 0
12 5 40 0 -10 0 0 0
12 5 41 6.12487 0.431628 0.791096 0.0344435 6846
12 5 42 0 -10 0 0 0
12 5 43 9 -2 0 0 6733
12 5 44 6.37739 0.35966 0.599997 0.114702 7034
12 5 45 3.66306 1.43411 2.10849 0.526465 6476
12 5 46 5.04554 0.425852 1.8046 0.549417 8569
12 5 47 3.68499 1.21986 2.08204 0.53842 10568
12 5 48 5.02434 0.437005 1.37252 0.128529 9542
12 5 49 2 -2 0 0 8641
12 5 50 6.45326 0.681412 0.824113 0.55847 9581
12 5 51 8 -2 0 0 8410
12 5 52 6.43106 0.352817 0.633096 0.349566 6868
12 5 53 6.00103 0.333953 0.722109 0.0360409 7104
12 5 54 10 -2 0 0 9272
12 5 55 7 -2 0 0 8157
12 5 56 9 -2 0 0 7924
12 5 57 8 -2 0 0 7923
12 5 58 5.21127 0.416331 1.71562 0.404197 7737
12 5 59 5.988 0.503835 0.68702 0.255048 7184
12 5 60 8 -2 0 0 6737
12 5 61 9 -2 0 0 7374
12 5 62 4.78849 0.548534 0.847429 0.419153 7691
12 5 63 8 -2 0 0 12664
12 6 0 5.52254 0.634811 0.622651 0.0306505 2982
12 6 1 5.18843 0.670236 0.994953 0.0345805 3816
12 6 2 4.52609 0.830489 0.764182 0.0327751 3646
12 6 3 3 -2 0 0 2765
12 6 4 5.62829 0.505953 0.533479 0.0640641 2744
12 6 5 2.45663 8.21119 2.12027 0.291117 4494
12 6 6 5.01987 0.878109 1.04279 0.0385928 3161
12 6 7 0 -10 0 0 0
12 6 8 5.63383 0.676477 0.495729 0.0629041 3373
12 6 9 0 -10 0 0 0
12 6 10 3 -2 0 0 3154
12 6 11 5.18866 0.446899 0.694276 0.0250098 2251
12 6 12 4.69213 0.503006 1.46666 0.142483 3541
12 6 13 9 -2 0 0 4293
12 6 14 4.6869 0.438191 1.10758 0.095605 4344
12 6 15 4.94776 0.92334 1.37831 0.205502 4718
12 6 16 5.36896 2.15307 0.714495 0.138045 3517
12 6 17 2.69326 6.84274 2.12024 0.261814 2341
12 6 18 0 -10 0 0 0
12 6 19 5.01741 0.578795 0.80537 0.0795388 2822
12 6 20 6.28563 0.480146 0.498545 0.0930746 2745
12 6 21 6.84565 0.70269 0.489819 0.189127 2621
12 6 22 6.66711 1.13445 0.773029 0.343603 2559
12 6 23 3 -2 0 0 2628
12 6 24 8 -2 0 0 3977
12 6 25 5.06856 0.65353 1.35231 0.132627 2153
12 6 26 5.6342 0.593732 0.72836 0.118622 1808
12 6 27 4.28053 0.644877 1.43194 0.102375 3080
12 6 28 2 8.85819 2.65081 0.38063 2874
12 6 29 9 -2 0 0 2421
12 6 30 5.71497 1.03855 0.780074 0.198783 2295
12 6 31 3 -2 0 0 2427
12 6 32 6.37253 0.676706 0.403221 0.108022 2438
12 6 33 5.96104 0.588387 0.390383 0.0659816 2375
12 6 34 5.63076 0.700242 0.570023 0.0493817 2437
12 6 35 4.64302 0.883092 1.12071 0.143188 2009
12 6 36 0 -10 0 0 0
12 6 37 3.69335 0.801196 1.47828 0.286125 2410
12 6 38 7.65999 0.713216 0.606784 0.341508 1957
12 6 39 9.44912 0.616891 0.598142 0.443604 2596
12 6 40 0 -10 0 0 0
12 6 41 4.03692 0.65213 1.49999 0.253399 2439
12 6 42 5.62861 0.436558 0.812931 0.103774 2451
12 6 43 7 -2 0 0 2381
12 6 44 6.98444 0.639802 0.572496 0.286443 1941
12 6 45 4.94245 0.43379 0.840784 0.0426675 2003
12 6 46 5.85651 1.34143 0.515641 0.16979 1949
12 6 47 6.25497 0.871043 0.809086 0.209138 1791
12 6 48 5.5237 0.561716 0.677102 0.130145 2027
12 6 49 2 12.3026 2.08823 0.301633 1499
12 6 50 7 -2 0 0 1983
12 6 51 4.66214 0.764978 1.22207 0.112014 2085
12 6 52 5.50724 0.626075 0.385858 0.0415898 1529
12 6 53 4.38103 0.483568 0.72791 0.0123504 1706
12 6 54 4.8643 0.678374 0.705357 0.0101163 2013
12 6 55 4.56974 0.674989 0.490746 0.0687769 2439
12 6 56 5.74079 0.625858 0.906098 0.134194 2194
12 6 57 4.36787 0.457626 1.00982 0.103119 1947
12 6 58 4.27875 0.862825 0.641005 0.0500685 1661
12 6 59 3.54558 0.719224 1.32566 0.33274 1759
12 6 60 4.9617 1.63949 0.762945 0.24282 1980
12 6 61 4.58932 0.539288 0.65177 0.0329607 1896
12 6 62 5.43698 0.580493 0.869438 0.0549883 2360
12 6 63 4.46871 0.536661 0.625841 0.0121398 2062
12 7 0 7.98397 0.428578 0.394065 0.564507 2252
12 7 1 4.97934 0.390721 1.08046 0.181736 2850
12 7 2 6.40041 0.618646 0.55526 0.342321 2378
12 7 3 3 -2 0 0 3047
12 7 4 0 -10 0 0 0
12 7 5 8 -2 0 0 2425
12 7 6 4 -2 0 0 2900
12 7 7 3 -2 0 0 2395
12 7 8 2 12.5994 1.73174 0.302977 2928
12 7 9 6 -2 0 0 2865
12 7 10 3.78076 1.76431 2.28088 0.275116 2614
12 7 11 6.56003 0.636941 0.544672 0.360202 2443
12 7 12 8 -2 0 0 2692
12 7 13 4.67519 0.517764 0.637821 0.0599979 3316
12 7 14 5.29783 0.725776 0.613009 0.0564844 2582
12 7 15 7 -2 0 0 3184
12 7 16 2.93099 2.06515 1.5169 0.425796 3100
12 7 17 4.94657 0.794467 1.24406 0.148767 3152
12 7 18 6.2763 0.480661 0.865664 0.189881 3752
12 7 19 7 -2 0 0 3243
12 7 20 5.83207 0.449376 0.656027 0.0575948 3459
12 7 21 10 -2 0 0 3546
12 7 22 5.07824 0.507292 0.739165 0.0218912 2954
12 7 23 5.24318 0.48197 0.927928 0.0130792 2482
12 7 24 4.69426 0.714206 0.617903 0.075461 3180
12 7 25 5.78178 0.589981 0.728522 0.326518 4218
12 7 26 4.69938 0.614279 1.06855 0.0365618 3444
12 7 27 5.80403 0.613001 0.525327 0.0322634 3807
12 7 28 7 -2 0 0 3089
12 7 29 0 -10 0 0 0
12 7 30 6.41602 0.608794 0.486747 0.0735522 2854
12 7 31 7 -2 0 0 3668
12 7 32 5.64976 0.52467 0.549401 0.110408 3830
12 7 33 5.07282 -3 0 0 3289
12 7 34 2.00018 7.51391 2.18536 0.481495 4318
12 7 35 9 -2 0 0 3329
12 7 36 7 -2 0 0 3287
12 7 37 5.69958 0.666666 0.563299 0.373611 5605
12 7 38 9 -2 0 0 4667
12 7 39 0 -10 0 0 0
12 7 40 11 -2 0 0 3858
12 7 41 7 -2 0 0 3897
12 7 42 5.60028 0.682722 0.585957 0.170259 3935
12 7 43 5.81056 0.529829 0.489989 0.0215242 4413
12 7 44 0 -10 0 0 0
12 7 45 0 -10 0 0 0
12 7 46 3 -2 0 0 5657
12 7 47 11 -2 0 0 7155
12 7 48 4.72336 0.668919 0.914473 0.0574982 6339
12 7 49 5.01737 0.633002 0.901488 0.0191144 5178
12 7 50 5.5428 0.516575 0.746628 0.0274015 5700
12 7 51 5.29031 0.561584 0.849027 0.0928755 6328
12 7 52 6 -2 0 0 4727
12 7 53 4.51186 0.69572 1.0938 0.102353 6556
12 7 54 0 -10 0 0 0
12 7 55 11 -2 0 0 5301
12 7 56 0 -10 0 0 0
12 7 57 8 -2 0 0 5621
12 7 58 5.28625 0.413207 0.633766 0.0521787 5436
12 7 59 0 -10 0 0 0
12 7 60 7 -2 0 0 5673
12 7 61 4.71131 0.608541 0.587847 0.0268597 4772
12 7 62 5.05096 0.799331 0.654041 0.170271 4868
12 7 63 9 -2 0 0 5102
12 8 0 6 -2 0 0 2362
12 8 1 8 -2 0 0 3254
12 8 2 5.72721 0.537096 0.531308 0.291273 2246
12 8 3 6.62505 0.599463 0.519361 0.531331 2742
12 8 4 6 -2 0 0 3057
12 8 5 5.06574 0.476025 0.461603 0.0607085 3490
12 8 6 7 -2 0 0 3650
12 8 7 0 -10 0 0 0
12 8 8 3.72231 0.452281 1.14468 0.119716 3130
12 8 9 4.18874 0.459861 1.08299 0.0691908 3456
12 8 10 5 -2 0 0 3670
12 8 11 5.29476 0.543303 0.573037 0.220296 3069
12 8 12 3.96668 0.345807 1.10433 0.2351 2960
12 8 13 5.47455 0.525816 0.61362 0.137778 4048
12 8 14 5.06068 0.777414 1.10643 0.273209 3244
12 8 15 5.69309 0.620055 0.698215 0.182172 4445
12 8 16 7 -2 0 0 3274
12 8 17 3.37129 0.874907 1.53788 0.392981 4231
12 8 18 2 -2 0 0 5637
12 8 19 4.93223 0.624302 0.846252 0.100964 4077
12 8 20 2 -2 0 0 4407
12 8 21 6.70938 0.564176 0.629081 0.342077 4330
12 8 22 5.09531 0.715287 0.682346 0.0928988 2595
12 8 23 5.60058 0.475714 0.63149 0.202749 2911
12 8 24 7 -2 0 0 4210
12 8 25 0 -10 0 0 0
12 8 26 3 -2 0 0 3314
12 8 27 3 -2 0 0 4098
12 8 28 4.55773 0.439773 1.46152 0.260845 2421
12 8 29 4 -2 0 0 3558
12 8 30 6.4723 0.385493 0.459209 0.126932 2684
12 8 31 0 -10 0 0 0
12 8 32 4.40008 0.738123 0.757213 0.0672452 4322
12 8 33 3.27946 1.04534 1.73227 0.503701 3335
12 8 34 7 -2 0 0 6817
12 8 35 7 -2 0 0 3609
12 8 36 5.33159 0.520106 0.668159 0.0242388 2731
12 8 37 4.32783 0.445099 0.644706 0.036148 5679
12 8 38 6 -2 0 0 7320
12 8 39 5.95357 0.540729 0.525478 0.243509 4667
12 8 40 8 -2 0 0 3266
12 8 41 7 -2 0 0 4312
12 8 42 6 -2 0 0 4690
12 8 43 4.69338 0.438689 0.663615 0.0441204 4225
12 8 44 5.92209 0.664956 0.584621 0.333782 3235
12 8 45 3.73114 0.895212 1.05528 0.43855 3388
12 8 46 4.99518 0.481016 0.592116 0.0624267 7559
12 8 47 4.00857 0.452389 1.18719 0.155069 9008
12 8 48 4.23679 0.393715 0.90228 0.0376901 5021
12 8 49 4.92886 0.481526 0.614305 0.014323 4796
12 8 50 7 -2 0 0 5486
12 8 51 4.25351 0.363076 0.844589 0.0221321 5567
12 8 52 5.2074 0.441964 0.970368 0.122989 5631
12 8 53 2.72288 12.0926 1.59445 0.472407 7244
12 8 54 5.65506 0.958783 0.875973 0.347576 3338
12 8 55 5 -2 0 0 6137
12 8 56 4.42371 0.48428 0.883684 0.0227153 3656
12 8 57 2 -2 0 0 6909
12 8 58 10 -2 0 0 5655
12 8 59 5 -2 0 0 4259
12 8 60 7.26767 0.776991 0.654851 0.606415 5463
12 8 61 3.23308 0.84688 0.7937 0.0224771 4980
12 8 62 6 -2 0 0 4390
12 8 63 2.82889 1.16043 1.40706 0.225365 4844
12 9 0 0 -10 0 0 0
12 9 1 4.51983 0.390797 0.962233 0.101463 3962
12 9 2 7 -2 0 0 2628
12 9 3 3.26271 1.95004 1.49628 0.305069 2568
12 9 4 6 -2 0 0 2687
12 9 5 8 -2 0 0 4851
12 9 6 3.13128 1.40095 1.66375 0.209885 2735
12 9 7 0 -10 0 0 0
12 9 8 7 -2 0 0 3328
12 9 9 0 -10 0 0 0
12 9 10 0 -10 0 0 0
12 9 11 8 -2 0 0 2013
12 9 12 3 -2 0 0 3387
12 9 13 5 -2 0 0 3503
12 9 14 6 -2 0 0 3637
12 9 15 5.18511 0.612062 0.727167 0.0307963 4796
12 9 16 4.8493 0.610901 0.660233 0.0306073 2743
12 9 17 7 -2 0 0 2318
12 9 18 6.8818 0.457308 0.743635 0.187774 3561
12 9 19 5.32398 0.5026 0.768056 0.0641386 2449
12 9 20 0 -10 0 0 0
12 9 21 5.72286 0.613719 0.569919 0.0712324 2443
12 9 22 5.70238 1.51303 0.847747 0.471033 1923
12 9 23 4.74359 0.716208 0.737488 0.123926 1972
12 9 24 3 -2 0 0 2693
12 9 25 8 -2 0 0 1815
12 9 26 2 -2 0 0 2034
12 9 27 5.85902 0.587634 0.836378 0.0535604 2127
12 9 28 6.40158 0.496599 0.744908 0.0802065 2240
12 9 29 5.01753 0.379978 1.06631 0.0226314 3040
12 9 30 0 -10 0 0 0
12 9 31 9.54166 0.5907 0.668443 0.628155 1848
12 9 32 9 -2 0 0 1841
12 9 33 0 -10 0 0 0
12 9 34 5.07195 0.43345 0.673661 0.0291409 1948
12 9 35 5.01949 0.604978 0.584193 0.068369 2106
12 9 36 2.9343 1.77774 1.83797 0.189185 2332
12 9 37 9 -2 0 0 1792
12 9 38 2.15611 6.88475 2.55937 0.499003 1877
12 9 39 8 -2 0 0 2715
12 9 40 0 -10 0 0 0
12 9 41 2.50267 9.49943 1.84105 0.704312 1656
12 9 42 5.48549 0.488492 0.715936 0.0125314 2221
12 9 43 10 -2 0 0 1473
12 9 44 12 -2 0 0 1642
12 9 45 4.56445 0.52564 1.08631 0.125884 1940
12 9 46 0 -10 0 0 0
12 9 47 5.70582 0.623201 0.51031 0.197873 1648
12 9 48 5.28049 0.609459 0.550786 0.0579453 1801
12 9 49 9 -2 0 0 1531
12 9 50 0 -10 0 0 0
12 9 51 4.84884 0.664067 0.768515 0.143583 1615
12 9 52 4.80945 0.445349 0.587597 0.0445055 1427
12 9 53 4.43958 0.459349 1.44196 0.152327 1490
12 9 54 4.52398 0.402457 0.72921 0.0601989 1554
12 9 55 4.7657 0.55928 0.435451 0.0491487 1894
12 9 56 5.72172 0.493072 0.520944 0.0376673 1472
12 9 57 4.85485 -3 0 0 1804
12 9 58 12 -2 0 0 1602
12 9 59 0 -10 0 0 0
12 9 60 2 -2 0 0 1540
12 9 61 3.76165 0.557283 0.984331 0.0384368 1757
12 9 62 4.38468 0.46103 0.718952 0.0469576 2242
12 9 63 4.45076 0.495072 0.6325 0.0701172 1374
12 10 0 3.98437 0.770518 1.93391 0.428825 5031
12 10 1 3.50174 1.12205 1.80389 0.437332 5018
12 10 2 5.38372 0.530873 0.642721 0.0433913 5094
12 10 3 8 -2 0 0 4903
12 10 4 5.79717 0.584663 0.555181 0.0404635 6187
12 10 5 5.01647 0.437928 1.89564 0.448371 6006
12 10 6 8 -2 0 0 4714
12 10 7 8 -2 0 0 5094
12 10 8 6.57127 0.356378 0.807263 0.247534 4953
12 10 9 3.90689 0.823357 1.97796 0.672442 5598
12 10 10 5.22187 0.403272 1.27917 0.133552 6013
12 10 11 11 -2 0 0 5707
12 10 12 5.84092 0.680943 1.21491 0.213686 5701
12 10 13 7 -2 0 0 6384
12 10 14 3.22614 1.86058 2.07571 0.508396 8284
12 10 15 7 -2 0 0 7548
12 10 16 5.67098 0.404092 0.931269 0.113382 8235
12 10 17 8 -2 0 0 6915
12 10 18 4.49602 0.670639 1.41227 0.401052 6637
12 10 19 5.74536 0.577645 1.00059 0.324903 5175
12 10 20 6.06376 0.434644 0.605248 0.124458 5855
12 10 21 8 -2 0 0 4718
12 10 22 4.63961 0.447324 1.81195 0.615491 4409
12 10 23 5.20416 -3 0 0 6305
12 10 24 5.08079 0.425308 1.93824 0.622499 4994
12 10 25 4.40475 0.597508 1.92078 0.537982 6305
12 10 26 4.90565 0.613163 1.00619 0.358871 6523
12 10 27 6.02507 0.46427 0.772268 0.202687 4840
12 10 28 5.99356 0.417698 0.625261 0.122768 5701
12 10 29 4 -2 0 0 5375
12 10 30 0 -10 0 0 0
12 10 31 4.61729 0.378819 1.61849 0.110521 6048
12 10 32 10 -2 0 0 7875
12 10 33 4.98698 0.612504 0.880742 0.201577 5771
12 10 34 4.91367 0.556348 1.38588 0.357403 6224
12 10 35 0 -10 0 0 0
12 10 36 5.80735 0.458358 0.891842 0.164933 5496
12 10 37 7 -2 0 0 6915
12 10 38 6.02849 0.428998 0.695004 0.0726084 5317
12 10 39 6.31039 0.501901 0.676925 0.187412 5599
12 10 40 5.18747 0.490729 1.00541 0.26136 8977
12 10 41 5.97225 0.46007 0.999211 0.113649 5454
12 10 42 3.87687 1.01042 1.74676 0.517306 5494
12 10 43 9 -2 0 0 6389
12 10 44 5.7533 0.541252 0.717034 0.204805 6322
12 10 45 5.45061 0.349645 1.30949 0.273202 6220
12 10 46 9 -2 0 0 8716
12 10 47 4.23713 1.08115 2.10443 0.305007 9594
12 10 48 5.86008 0.357868 0.831528 0.202365 9107
12 10 49 5.39186 0.465162 0.909019 0.110248 9015
12 10 50 6.05001 0.394228 0.628478 0.24272 8817
12 10 51 3.61405 1.08557 2.20283 0.7631 7947
12 10 52 4.72962 0.681881 1.11441 0.200154 7023
12 10 53 4.32743 0.657183 1.74431 0.547955 7732
12 10 54 8.17025 0.675524 0.774283 1.01536 7261
12 10 55 5.41508 0.433581 0.621802 0.0806514 6969
12 10 56 6 -2 0 0 6618
12 10 57 8.03479 0.564763 0.862773 0.834347 6763
12 10 58 5.4805 0.570833 0.925924 0.233716 5665
12 10 59 5.44933 0.444542 0.901064 0.152555 7234
12 10 60 4.60729 0.385385 1.42355 0.121204 5755
12 10 61 4.65837 0.405457 1.15038 0.232576 6745
12 10 62 2 -2 0 0 5829
12 10 63 7 -2 0 0 5471
12 11 0 8 -2 0 0 6627
12 11 1 7 -2 0 0 5763
12 11 2 6.98732 0.462778 0.56543 0.36665 4704
12 11 3 2.1812 8.10674 1.59356 0.431221 4057
12 11 4 5.44798 0.450513 0.553895 0.042825 3589
12 11 5 5.634 0.400707 0.88156 0.0707838 7408
12 11 6 4.64155 0.453531 1.43627 0.262456 3206
12 11 7 4.84345 0.657207 0.767388 0.121852 6704
12 11 8 4.7089 0.500418 0.745362 0.0416753 5777
12 11 9 5.98723 0.713344 0.837776 0.477934 5273
12 11 10 5.63442 0.690651 0.857932 0.311847 4188
12 11 11 5.12887 0.566996 0.632612 0.0715836 3119
12 11 12 11 -2 0 0 2646
12 11 13 5.42431 0.494292 0.651364 0.104391 3562
12 11 14 4 -2 0 0 3517
12 11 15 7 -2 0 0 3545
12 11 16 6.04125 0.435717 0.48592 0.270152 2587
12 11 17 6.59353 0.711852 0.776168 0.486067 3165
12 11 18 7 -2 0 0 4368
12 11 19 5.09701 -3 0 0 3101
12 11 20 5.04581 0.537311 0.746846 0.0407055 3805
12 11 21 7 -2 0 0 5968
12 11 22 11 -2 0 0 6713
12 11 23 3.73165 1.24547 1.45937 0.294562 4414
12 11 24 4.63359 0.634967 0.700352 0.079346 3261
12 11 25 4.69263 0.348794 1.05042 0.0801499 2893
12 11 26 0 -10 0 0 0
12 11 27 10 -2 0 0 5178
12 11 28 0 -10 0 0 0
12 11 29 5.22699 0.713411 0.962265 0.175165 3373
12 11 30 0 -10 0 0 0
12 11 31 5.94126 0.488664 0.54726 0.0366085 3580
12 11 32 5.48601 0.437619 0.647063 0.0100152 3203
12 11 33 0 -10 0 0 0
12 11 34 7 -2 0 0 2862
12 11 35 7 -2 0 0 4219
12 11 36 6.16558 0.467894 0.481469 0.247757 3764
12 11 37 2 9.99835 3.45341 0.632196 2654
12 11 38 9 -2 0 0 2780
12 11 39 5.39213 0.49166 0.784273 0.215155 3395
12 11 40 0 -10 0 0 0
12 11 41 5.68981 0.436869 0.612801 0.0845023 5009
12 11 42 6.25165 0.453113 0.463503 0.257653 4099
12 11 43 3.10149 1.80699 1.42738 0.832096 3894
12 11 44 5.67453 0.826118 0.714138 0.421773 3204
12 11 45 5 -2 0 0 2772
12 11 46 5.53778 0.338822 0.972035 0.145754 2439
12 11 47 6.87701 0.349467 0.553731 0.149873 2718
12 11 48 5.96061 0.639998 0.549407 0.405502 2884
12 11 49 7.57228 0.474766 1.02606 0.553908 2326
12 11 50 5.02741 0.451414 1.02646 0.042667 2659
12 11 51 4.67824 0.79213 1.07135 0.125861 3167
12 11 52 7 -2 0 0 2490
12 11 53 3 -2 0 0 3158
12 11 54 4.23306 0.528685 1.70274 0.312806 3311
12 11 55 8 -2 0 0 3665
12 11 56 5.90735 0.555953 0.646702 0.275534 4861
12 11 57 4.55514 0.662851 1.11935 0.112644 5312
12 11 58 5.13009 0.38429 0.817203 0.0634953 5782
12 11 59 3.93489 0.940569 1.5396 0.347199 3013
12 11 60 5.20411 0.448468 0.599395 0.0697874 4579
12 11 61 4.78843 0.441945 0.60831 0.0416334 3607
12 11 62 7 -2 0 0 3187
12 11 63 12 -2 0 0 4191
12 12 0 7 -2 0 0 6196
12 12 1 7 -2 0 0 5953
12 12 2 7 -2 0 0 6071
12 12 3 4.81807 0.4172 1.26211 0.0476163 6479
12 12 4 12 -2 0 0 7974
12 12 5 7 -2 0 0 6873
12 12 6 7 -2 0 0 6876
12 12 7 4.12756 0.67556 1.21595 0.261314 6693
12 12 8 7 -2 0 0 7162
12 12 9 4.46309 0.622251 1.00762 0.0852392 7278
12 12 10 0 -10 0 0 0
12 12 11 3 -2 0 0 7838
12 12 12 5.25715 0.462866 0.583613 0.0251766 8891
12 12 13 8 -2 0 0 9268
12 12 14 9 -2 0 0 9773
12 12 15 3.08972 1.9069 1.91616 0.345193 8499
12 12 16 4.87757 0.668226 0.685629 0.223327 9799
12 12 17 4.87288 0.482806 0.640304 0.0403447 7876
12 12 18 6 -2 0 0 6388
12 12 19 5 -2 0 0 5471
12 12 20 2.41577 1.31159 1.66188 0.425634 6723
12 12 21 10 -2 0 0 5912
12 12 22 7 -2 0 0 6293
12 12 23 5.28295 0.686239 0.790788 0.118178 6123
12 12 24 0 -10 0 0 0
12 12 25 3.82671 0.505459 1.45739 0.249648 7148
12 12 26 5.18646 0.457431 0.786505 0.105686 6052
12 12 27 9 -2 0 0 4282
12 12 28 7 -2 0 0 5868
12 12 29 3.58694 0.668663 1.63029 0.478376 5430
12 12 30 0 -10 0 0 0
12 12 31 5.7905 0.469626 0.988152 0.294477 5653
12 12 32 4.98801 0.561701 0.932468 0.114626 7792
12 12 33 7 -2 0 0 5199
12 12 34 0 -10 0 0 0
12 12 35 7 -2 0 0 4709
12 12 36 2 -2 0 0 4578
12 12 37 11 -2 0 0 6233
12 12 38 5.34603 0.476385 0.892029 0.0858784 5038
12 12 39 7 -2 0 0 4751
12 12 40 6.01161 0.424078 0.57986 0.162826 6420
12 12 41 4 -2 0 0 4532
12 12 42 9 -2 0 0 4440
12 12 43 7.73182 0.570226 0.680934 0.906214 5321
12 12 44 5.11629 0.476967 0.687892 0.0696335 5815
12 12 45 7 -2 0 0 4737
12 12 46 6 -2 0 0 6515
12 12 47 9 -2 0 0 6539
12 12 48 4.51379 0.404066 0.875872 0.0274377 5909
12 12 49 4.29741 0.388689 1.50737 0.13904 5155
12 12 50 4.31398 0.366542 0.975604 0.125441 5245
12 12 51 4.8819 0.404243 0.926465 0.0766975 4876
12 12 52 7 -2 0 0 5777
12 12 53 3.93044 0.626425 0.592364 0.0422402 5998
12 12 54 5.75943 0.46517 0.632301 0.241228 4769
12 12 55 5.62876 0.372753 0.643469 0.274287 4344
12 12 56 4.5783 0.574 0.82485 0.0901542 4244
12 12 57 4.65802 0.414387 0.845498 0.037295 4373
12 12 58 4.15272 0.539781 0.626982 0.0529457 4488
12 12 59 4.31708 0.372502 1.00054 0.0819361 4726
12 12 60 5.87002 0.696288 0.735934 0.513177 4769
12 12 61 4.24905 0.403871 1.02789 0.216527 4682
12 12 62 2.95594 1.78874 1.54695 0.392218 4563
12 12 63 0 -10 0 0 0
12 13 0 7.51397 0.568306 1.01893 0.376243 4596
12 13 1 4.10478 0.877209 1.86142 0.342777 3173
12 13 2 5.85738 0.65548 1.17017 0.217104 2947
12 13 3 2 12.6569 1.88866 0.357554 2828
12 13 4 7 -2 0 0 2372
12 13 5 7 -2 0 0 4207
12 13 6 6.0257 0.611298 0.549908 0.193905 2173
12 13 7 2.45234 7.86922 2.09847 0.508414 3198
12 13 8 5.43707 0.517319 0.791376 0.0220974 3500
12 13 9 6.86123 0.445323 0.728809 0.347893 2565
12 13 10 3.65721 1.34249 1.41552 0.199673 2696
12 13 11 4.93784 0.432664 1.22545 0.143441 1981
12 13 12 6.8689 0.777765 0.689949 0.418269 1970
12 13 13 5.32368 0.489684 0.76059 0.0679781 2360
12 13 14 5.69877 0.42129 1.11678 0.190263 2428
12 13 15 5.21788 0.898151 0.87801 0.0533297 2101
12 13 16 6.62218 0.540763 0.656137 0.127067 2267
12 13 17 5.70385 0.749666 0.6634 0.0212822 2099
12 13 18 4.3396 1.07754 1.03046 0.219766 2943
12 13 19 4.21928 0.647754 1.63447 0.246679 2334
12 13 20 4.69531 0.462193 1.35818 0.113897 2787
12 13 21 2.00001 12.0391 3.0203 0.387337 3907
12 13 22 10 -2 0 0 4827
12 13 23 0 -10 0 0 0
12 13 24 0 -10 0 0 0
12 13 25 5.19026 0.46179 0.970708 0.0583277 2766
12 13 26 0 -10 0 0 0
12 13 27 4 -2 0 0 3440
12 13 28 0 -10 0 0 0
12 13 29 7 -2 0 0 2750
12 13 30 0 -10 0 0 0
12 13 31 5.84547 0.482498 0.769277 0.00736322 3022
12 13 32 2 8.89921 2.77706 0.674933 2310
12 13 33 0 -10 0 0 0
12 13 34 9 -2 0 0 2507
12 13 35 6.01149 0.527317 0.811228 0.0781766 3681
12 13 36 2.98271 1.76286 1.85678 0.491793 2901
12 13 37 0 -10 0 0 0
12 13 38 8 -2 0 0 2637
12 13 39 6.56995 0.44265 0.829292 0.0949575 2863
12 13 40 9 -2 0 0 5379
12 13 41 5.4699 0.530756 0.901468 0.0912235 5246
12 13 42 0 -10 0 0 0
12 13 43 3.21074 1.82985 1.9543 0.260923 3807
12 13 44 8 -2 0 0 3242
12 13 45 6.28112 0.505042 0.545634 0.0315712 2714
12 13 46 5.80568 0.557996 0.701831 0.117769 2571
12 13 47 3 -2 0 0 1359
12 13 48 6.97588 0.5186 1.40004 0.346928 2509
12 13 49 8 -2 0 0 2092
12 13 50 5.17485 0.449623 1.21697 0.104145 2370
12 13 51 4.10092 0.771067 1.74447 0.101583 3235
12 13 52 5.5863 0.71748 0.73545 0.0291281 2408
12 13 53 7.33175 0.65213 1.24403 0.313719 3978
12 13 54 5.80983 0.427884 0.564065 0.0535991 4016
12 13 55 8 -2 0 0 4543
12 13 56 5.85495 0.593037 0.778993 0.0143105 5349
12 13 57 8 -2 0 0 6539
12 13 58 4.73402 0.79043 1.08407 0.126725 5603
12 13 59 5.20817 0.70083 0.888517 0.124654 2782
12 13 60 3.93668 1.63432 1.52921 0.32392 4809
12 13 61 9 -2 0 0 3534
12 13 62 9 -2 0 0 3058
12 13 63 4.85673 0.443559 0.694949 0.0226287 4247
12 14 0 4.6283 0.591561 0.907165 0.0472307 3867
12 14 1 5.95655 0.443495 0.82037 0.0414934 3761
12 14 2 6.11769 0.644213 0.753462 0.169372 3785
12 14 3 5.09151 0.509244 0.797779 0.00721597 4551
12 14 4 5.0967 0.648114 0.767103 0.107558 3936
12 14 5 5.57657 0.660732 0.613547 0.18994 5743
12 14 6 9 -2 0 0 6166
12 14 7 7 -2 0 0 4497
12 14 8 4.68288 0.498456 1.0244 0.0811889 4751
12 14 9 4.43941 0.407607 0.943005 0.06112 4308
12 14 10 9 -2 0 0 4486
12 14 11 0 -10 0 0 0
12 14 12 5.00904 0.471183 0.733258 0.0209994 6005
12 14 13 0 -10 0 0 0
12 14 14 5.66138 0.989087 0.765419 0.253895 4621
12 14 15 4.96697 0.741183 1.02817 0.112003 5677
12 14 16 5.97739 0.60608 0.661136 0.221517 6232
12 14 17 0 -10 0 0 0
12 14 18 5.2465 0.593499 0.993664 0.0505116 4527
12 14 19 2 11.3187 2.24584 0.363757 2808
12 14 20 3 -2 0 0 2649
12 14 21 5.6862 0.439304 0.71614 0.0494923 3666
12 14 22 4.41764 0.604627 1.57015 0.406425 4373
12 14 23 5.51806 0.721824 0.626282 0.0681811 4213
12 14 24 5.68618 0.448951 0.622508 0.0373887 3666
12 14 25 7 -2 0 0 2642
12 14 26 4.25532 0.728381 1.7101 0.211116 2531
12 14 27 4.46732 0.652644 0.989391 0.034513 3343
12 14 28 3 -2 0 0 4106
12 14 29 5.36335 0.769593 1.047 0.102509 2307
12 14 30 0 -10 0 0 0
12 14 31 10 -2 0 0 2504
12 14 32 5.66126 0.970153 0.668862 0.123221 2564
12 14 33 6.40092 0.603492 0.472439 0.278569 2934
12 14 34 6.44816 0.616688 0.525468 0.0511099 4660
12 14 35 12 -2 0 0 3899
12 14 36 5.63385 1.04826 0.527372 0.328385 3199
12 14 37 7.46498 0.535789 0.660113 0.423903 3938
12 14 38 6.03526 0.384472 0.699957 0.0915238 3841
12 14 39 9 -2 0 0 2764
12 14 40 5.55951 0.478173 0.647776 0.0406964 2426
12 14 41 5.32393 0.652103 0.933312 0.0968975 2270
12 14 42 2 -2 0 0 2861
12 14 43 5.23982 0.592511 0.824909 0.197304 2995
12 14 44 5.58693 0.663417 0.718575 0.0450826 2128
12 14 45 5.56524 0.587559 0.540335 0.0256063 4000
12 14 46 8 -2 0 0 2937
12 14 47 8 -2 0 0 3236
12 14 48 3.61054 1.64077 1.28575 0.28447 3112
12 14 49 5.40132 0.628151 0.799697 0.0568769 3261
12 14 50 5.04549 0.810725 1.089 0.0861496 2605
12 14 51 5.23404 0.628038 0.612797 0.0349987 3112
12 14 52 5.3738 0.500891 0.695961 0.0264073 3103
12 14 53 0 -10 0 0 0
12 14 54 2 9.01026 2.38856 0.290823 3019
12 14 55 3.45257 0.34749 0.96571 0.214528 2667
12 14 56 4.90242 0.528967 0.665613 0.00651487 2624
12 14 57 4.75726 0.442221 0.971479 0.135832 2344
12 14 58 2 -2 0 0 3022
12 14 59 6 -2 0 0 2765
12 14 60 9 -2 0 0 2638
12 14 61 5.39865 0.417424 0.582359 0.154664 3192
12 14 62 7 -2 0 0 2792
12 14 63 0 -10 0 0 0
12 15 0 3.81244 0.408313 0.773021 0.0270275 2065
12 15 1 0 -10 0 0 0
12 15 2 4.19782 0.798602 0.578531 0.0543706 2157
12 15 3 4.0786 0.743518 0.588197 0.0918083 2726
12 15 4 3.98693 0.71825 0.476374 0.0459435 3055
12 15 5 4 -2 0 0 1842
12 15 6 4.52031 0.767047 0.375381 0.0654066 2130
12 15 7 5.10069 0.696083 0.518328 0.20239 2580
12 15 8 7.09339 0.638624 0.305371 0.514038 2226
12 15 9 6.27576 1.36109 0.742764 0.374218 2316
12 15 10 6.62066 0.923708 0.361529 0.452474 1812
12 15 11 7 -2 0 0 2921
12 15 12 0 -10 0 0 0
12 15 13 2 1.80674 1.77555 0.408023 2513
12 15 14 6.30687 0.630274 0.347051 0.344955 2322
12 15 15 3.78987 0.522095 0.66471 0.0559169 1782
12 15 16 7 -2 0 0 2273
12 15 17 4.97033 0.49021 0.357735 0.0353 1914
12 15 18 5.25042 0.685894 0.489855 0.274574 2459
12 15 19 5.49342 0.730063 0.423181 0.196209 2184
12 15 20 4.93384 0.715254 0.419244 0.0636396 2798
12 15 21 2.98154 1.48022 0.811394 0.0483692 2576
12 15 22 2 1.45376 1.5515 0.575567 3134
12 15 23 2.91122 1.68281 1.47218 0.142063 2438
12 15 24 2 10.142 1.77389 0.516262 2915
12 15 25 5.61949 0.766701 0.310316 0.41602 1975
12 15 26 5.23635 0.940894 0.568029 0.264717 2297
12 15 27 4.26841 0.473015 0.746416 0.0449295 2102
12 15 28 4 -2 0 0 2334
12 15 29 3.61219 0.405845 0.769318 0.124481 3032
12 15 30 4.31634 0.651308 0.706965 0.0582718 2682
12 15 31 5.04952 0.61437 0.506857 0.0296603 2965
12 15 32 5.90589 0.94285 0.414104 0.290214 2373
12 15 33 0 -10 0 0 0
12 15 34 0 -10 0 0 0
12 15 35 4.83304 0.521 0.636279 0.0399604 3033
12 15 36 2 11.5126 1.37865 0.515695 2205
12 15 37 0 -10 0 0 0
12 15 38 4.18339 0.834854 0.680733 0.0326826 3263
12 15 39 4.76325 0.554889 0.337558 0.0349405 2428
12 15 40 7.69559 0.516867 0.342883 0.627309 2539
12 15 41 4.31275 0.494877 0.550338 0.0179421 2682
12 15 42 6.70609 0.695621 0.552727 0.233274 3458
12 15 43 7 -2 0 0 4078
12 15 44 0 -10 0 0 0
12 15 45 2.90998 2.17778 1.94431 0.378383 2531
12 15 46 0 -10 0 0 0
12 15 47 2 8.29252 1.95639 0.573872 2769
12 15 48 2 -2 0 0 2610
12 15 49 5.141 0.622033 0.541454 0.0129869 4517
12 15 50 0 -10 0 0 0
12 15 51 4.16213 0.822957 1.14878 0.216116 2947
12 15 52 0 -10 0 0 0
12 15 53 3.73718 0.491852 0.665166 0.0334625 4610
12 15 54 5 -2 0 0 3047
12 15 55 4.12839 0.518254 0.666233 0.0324332 3709
12 15 56 5.72533 0.827427 0.633394 0.23706 2827
12 15 57 4.98209 0.755419 0.350252 0.0744175 3531
12 15 58 6 -2 0 0 3234
12 15 59 3.87429 0.623178 0.73353 0.029255 3166
12 15 60 0 -10 0 0 0
12 15 61 3.67574 0.504832 0.652012 0.0145064 5110
12 15 62 3 -2 0 0 4370
12 15 63 5.58189 0.608798 0.589011 0.0912119 3895
13 0 0 4.64904 0.402482 0.474742 0.0874706 8067
13 0 1 3.45916 0.485457 0.412982 0.0972116 6087
13 0 2 2.85118 0.694873 0.381127 0.0675772 6005
13 0 3 3.514 0.55753 0.402469 0.054655 5560
13 0 4 3.28274 -3 0 0 6787
13 0 5 5 -2 0 0 6630
13 0 6 2.96469 0.751953 0.491176 0.338056 6578
13 0 7 3.28274 -3 0 0 6269
13 0 8 2.88865 0.533502 1.13489 0.60833 6428
13 0 9 4 -2 0 0 6247
13 0 10 3.40633 0.290651 0.442368 0.0358245 5435
13 0 11 2.80888 0.524982 0.484259 0.0818509 6891
13 0 12 2 -2 0 0 6056
13 0 13 3.45963 0.675181 0.587508 0.323973 6561
13 0 14 6 -2 0 0 7272
13 0 15 6 -2 0 0 6216
13 0 16 3.3056 0.743311 0.764866 0.531619 5660
13 0 17 5 -2 0 0 7501
13 0 18 3.28274 -3 0 0 6536
13 0 19 6 -2 0 0 6432
13 0 20 7 -2 0 0 7114
13 0 21 5.75208 0.416008 0.302098 0.39682 3324
13 0 22 3.72985 0.512879 0.825132 0.426036 5681
13 0 23 3 -2 0 0 7751
13 0 24 2.40957 1.13271 1.35862 0.372045 6737
13 0 25 3.54055 0.854511 0.587302 0.523507 6725
13 0 26 5 -2 0 0 8533
13 0 27 3.12684 1.17322 1.27456 0.712827 6380
13 0 28 6 -2 0 0 6157
13 0 29 2 1.75637 1.22797 1.08365 7958
13 0 30 4.63091 0.277942 0.856642 0.415873 6664
13 0 31 4.48551 0.479168 0.311566 0.0583717 7844
13 0 32 3.48348 0.380223 1.32678 0.934212 7448
13 0 33 2 -2 0 0 8304
13 0 34 4.26415 0.474458 0.465069 0.117625 8874
13 0 35 3.34744 0.653076 0.440993 0.141881 7525
13 0 36 6 -2 0 0 7156
13 0 37 3.28274 -3 0 0 8278
13 0 38 3.28274 -3 0 0 8782
13 0 39 3.96618 0.639826 1.26287 0.838422 11101
13 0 40 4.95709 0.419005 0.382258 0.573022 7923
13 0 41 3.17261 0.613077 0.550208 0.0509171 7235
13 0 42 3.28274 -3 0 0 9016
13 0 43 3.28274 -3 0 0 9303
13 0 44 3.28274 -3 0 0 8263
13 0 45 2.52773 0.907352 0.614877 0.169591 7313
13 0 46 8 -2 0 0 11486
13 0 47 3.28852 0.358744 1.21217 0.356742 9637
13 0 48 3.24717 0.659091 0.556765 0.0747381 8836
13 0 49 4 -2 0 0 10258
13 0 50 3.36165 0.674961 0.546689 0.197353 8933
13 0 51 7 -2 0 0 11609
13 0 52 4 -2 0 0 10422
13 0 53 3.21717 0.601863 0.775899 0.29464 8918
13 0 54 6 -2 0 0 8630
13 0 55 3.05594 0.731745 0.519093 0.184776 12399
13 0 56 7 -2 0 0 10837
13 0 57 4.10315 0.417076 0.521361 0.0407888 11415
13 0 58 4 -2 0 0 9617
13 0 59 3.44624 0.685142 0.542861 0.178123 10513
13 0 60 3.28274 -3 0 0 9772
13 0 61 5 -2 0 0 13834
13 0 62 2 10.6848 1.42806 0.862894 11805
13 0 63 3 -2 0 0 10578
13 1 0 4.27305 0.387101 0.534606 0.0605521 11972
13 1 1 4.02605 0.484108 0.472768 0.160467 11843
13 1 2 3.92798 -3 0 0 10738
13 1 3 3.5159 0.381175 0.597965 0.0195013 8545
13 1 4 2 -2 0 0 7225
13 1 5 5 -2 0 0 8786
13 1 6 4.20697 0.588862 0.860395 0.267964 10268
13 1 7 6 -2 0 0 11015
13 1 8 6 -2 0 0 10972
13 1 9 4.61443 0.504091 0.679363 0.224843 11577
13 1 10 3.49992 0.383587 0.600711 0.0158948 10173
13 1 11 5 -2 0 0 9003
13 1 12 9 -2 0 0 8831
13 1 13 2 -2 0 0 7348
13 1 14 6 -2 0 0 10364
13 1 15 3.6821 0.631889 0.584719 0.0913291 7948
13 1 16 3.70244 0.805463 0.877537 0.214661 13754
13 1 17 2 8.71272 1.97649 0.448506 9815
13 1 18 8 -2 0 0 8620
13 1 19 3.42827 1.21613 1.1262 0.652676 7744
13 1 20 3.92798 -3 0 0 9003
13 1 21 4.28703 0.495116 0.802707 0.16435 11922
13 1 22 7 -2 0 0 8397
13 1 23 4.02048 0.409814 0.637575 0.069159 7144
13 1 24 4.31503 0.431561 0.451114 0.0306627 9442
13 1 25 3.8911 0.760122 0.947604 0.431435 9238
13 1 26 3.4834 1.00929 1.52363 0.742503 10121
13 1 27 6 -2 0 0 7747
13 1 28 5 -2 0 0 7739
13 1 29 4.13459 0.369032 0.667817 0.0163339 7390
13 1 30 7 -2 0 0 6280
13 1 31 3 -2 0 0 8458
13 1 32 3.31377 0.772346 1.67086 0.231805 6848
13 1 33 8 -2 0 0 7260
13 1 34 5.6104 0.292566 0.545974 0.486751 8438
13 1 35 5 -2 0 0 7003
13 1 36 8 -2 0 0 6328
13 1 37 4.92142 0.399827 0.664815 0.0690375 5659
13 1 38 5 -2 0 0 6193
13 1 39 4.1614 0.468357 0.755068 0.0815995 5864
13 1 40 6 -2 0 0 4834
13 1 41 3.92798 -3 0 0 6464
13 1 42 3.5017 0.45468 1.46009 0.904998 6096
13 1 43 3.85332 0.49683 0.466731 0.064621 8381
13 1 44 2.62142 0.981375 1.18119 0.618297 6193
13 1 45 3.92798 -3 0 0 7230
13 1 46 3.92798 -3 0 0 8351
13 1 47 4.09748 0.474217 0.660688 0.242733 4679
13 1 48 5.38778 0.349752 0.430483 0.650592 7066
13 1 49 5.05849 0.301131 1.26678 0.636341 5688
13 1 50 6 -2 0 0 5858
13 1 51 3.92798 -3 0 0 5219
13 1 52 2 -2 0 0 6511
13 1 53 2 8.76581 1.71904 0.861302 4886
13 1 54 2 -2 0 0 5879
13 1 55 3.92798 -3 0 0 6923
13 1 56 6 -2 0 0 5999
13 1 57 6 -2 0 0 5716
13 1 58 4.37578 0.426367 0.45287 0.113171 5270
13 1 59 3.60716 0.63804 0.70294 0.324627 7414
13 1 60 6 -2 0 0 5808
13 1 61 2 8.23443 1.94463 0.384399 5852
13 1 62 5 -2 0 0 6182
13 1 63 4.76349 0.421986 0.536792 0.120793 5916
13 2 0 2 -2 0 0 12972
13 2 1 3.62575 0.319151 0.585184 0.0477914 14131
13 2 2 2 -2 0 0 10875
13 2 3 3.05605 0.723314 0.57694 0.249068 9409
13 2 4 4 -2 0 0 9911
13 2 5 2 -2 0 0 9054
13 2 6 5 -2 0 0 10760
13 2 7 3.306 0.622455 0.599716 0.190228 8760
13 2 8 7 -2 0 0 12792
13 2 9 2 -2 0 0 8833
13 2 10 8 -2 0 0 9040
13 2 11 4.10593 0.321876 0.620249 0.180334 11403
13 2 12 2 -2 0 0 10002
13 2 13 3.43885 0.643055 0.562053 0.090497 7669
13 2 14 3.46193 -3 0 0 14481
13 2 15 4 -2 0 0 9905
13 2 16 3.3025 0.724625 0.912025 0.0902928 8277
13 2 17 3.46193 -3 0 0 12400
13 2 18 5 -2 0 0 8943
13 2 19 2 -2 0 0 9469
13 2 20 3.25092 0.259978 1.0122 0.615017 10277
13 2 21 6 -2 0 0 10458
13 2 22 2.70183 0.78098 0.5707 0.129474 8158
13 2 23 7 -2 0 0 10397
13 2 24 5 -2 0 0 10625
13 2 25 6 -2 0 0 8316
13 2 26 3.26863 0.648168 0.814765 0.582281 13325
13 2 27 2.56504 0.881709 0.56565 0.28114 9800
13 2 28 8 -2 0 0 8454
13 2 29 3.42004 0.581617 0.59772 0.0897325 13160
13 2 30 3.46193 -3 0 0 9106
13 2 31 3.69721 0.425204 0.482013 0.160024 7531
13 2 32 2.64624 0.914612 1.31971 0.395932 7453
13 2 33 7 -2 0 0 9282
13 2 34 2.74526 0.839456 0.746168 0.207302 13886
13 2 35 4.16893 0.421617 0.485929 0.0186863 8641
13 2 36 3.45459 0.310107 0.733016 0.0672806 9862
13 2 37 2 -2 0 0 10582
13 2 38 7 -2 0 0 8318
13 2 39 5 -2 0 0 10220
13 2 40 4.20369 0.616936 0.654683 0.409144 10924
13 2 41 3.44432 0.66064 0.767251 0.496484 8100
13 2 42 5 -2 0 0 9260
13 2 43 5 -2 0 0 11584
13 2 44 3.51589 0.405881 0.464819 0.0529684 7962
13 2 45 6.02062 0.504334 0.540657 0.986575 8348
13 2 46 5.50355 0.377652 0.416933 0.437487 12875
13 2 47 3.64189 0.547726 0.892219 0.388172 8213
13 2 48 4.66092 0.388991 0.373517 0.150847 10261
13 2 49 6 -2 0 0 11168
13 2 50 3.30334 0.532819 0.889602 0.0218905 8164
13 2 51 2 -2 0 0 12725
13 2 52 5 -2 0 0 11253
13 2 53 6 -2 0 0 8632
13 2 54 2.82502 0.862338 0.874471 0.578076 10691
13 2 55 5 -2 0 0 12419
13 2 56 5 -2 0 0 10887
13 2 57 3.46193 -3 0 0 11124
13 2 58 4.4856 0.494146 0.61629 0.209015 9516
13 2 59 3.62286 0.253989 0.640948 0.00722441 13466
13 2 60 4 -2 0 0 8753
13 2 61 7 -2 0 0 14055
13 2 62 3.14736 0.662653 0.47672 0.0259643 12970
13 2 63 3.46193 -3 0 0 10523
13 3 0 2.7091 0.698491 0.963888 0.376863 19482
13 3 1 4.01999 0.461711 0.445834 0.268443 18956
13 3 2 2 -2 0 0 16975
13 3 3 2.0678 8.83638 0.891872 0.532997 18874
13 3 4 2 2.47016 1.92512 0.437692 14821
13 3 5 4 -2 0 0 16233
13 3 6 2 -2 0 0 17401
13 3 7 2 -2 0 0 11949
13 3 8 3.74143 0.511012 0.850588 0.0905554 15181
13 3 9 2 -2 0 0 17003
13 3 10 5 -2 0 0 17886
13 3 11 2 -2 0 0 16001
13 3 12 4.08423 0.413599 0.462479 0.131714 14552
13 3 13 3.09146 0.593905 0.678519 0.263386 17147
13 3 14 5 -2 0 0 16056
13 3 15 2 8.10826 0.897199 0.295693 14498
13 3 16 5 -2 0 0 20485
13 3 17 3.48493 0.429852 0.388291 0.036408 13227
13 3 18 3 -2 0 0 15520
13 3 19 3.258 0.459447 0.712891 0.100326 19390
13 3 20 3.28231 0.33221 0.37325 0.0434933 15341
13 3 21 3.7009 0.634302 0.754975 0.626448 20034
13 3 22 3.22618 0.769711 1.17058 0.890906 17074
13 3 23 3 -2 0 0 15538
13 3 24 2 -2 0 0 16497
13 3 25 3.52333 0.340298 0.685776 0.103273 7632
13 3 26 3.25302 -3 0 0 14858
13 3 27 3.80872 0.464996 0.458402 0.343582 15795
13 3 28 2 -2 0 0 18795
13 3 29 4.06565 0.449985 0.424792 0.325646 15554
13 3 30 2.45771 0.88331 0.888355 0.981912 14625
13 3 31 4.93887 0.297064 0.530937 0.204099 18925
13 3 32 3.25302 -3 0 0 17247
13 3 33 5.13606 0.324333 0.310446 0.180128 15193
13 3 34 4.28214 0.470883 0.549728 0.242363 15217
13 3 35 3.51764 0.281202 0.919462 0.189929 17969
13 3 36 7 -2 0 0 12974
13 3 37 6 -2 0 0 16722
13 3 38 4.27831 0.454159 0.551251 0.223201 13641
13 3 39 3.62362 0.478864 0.520522 0.167569 16006
13 3 40 3.81318 0.444001 0.613548 0.347469 14041
13 3 41 3.25302 -3 0 0 12875
13 3 42 3.1099 0.428718 0.367821 0.148614 14116
13 3 43 6 -2 0 0 14580
13 3 44 2 12.771 1.85159 0.517454 13333
13 3 45 2.61858 0.798221 1.27366 0.256607 15895
13 3 46 3.90773 0.47148 0.595518 0.232815 13943
13 3 47 2.58691 0.898931 1.17658 0.677057 17225
13 3 48 6 -2 0 0 16887
13 3 49 5 -2 0 0 13413
13 3 50 2.66307 0.734152 0.530639 0.137986 14340
13 3 51 2.92737 0.625569 0.640695 0.133484 15279
13 3 52 3.03188 0.73363 0.914725 0.695133 12981
13 3 53 2 -2 0 0 12846
13 3 54 3.35329 0.412645 0.608347 0.214115 15331
13 3 55 2 -2 0 0 14134
13 3 56 3.49266 0.514847 0.51212 0.135603 13633
13 3 57 4 -2 0 0 14467
13 3 58 2 -2 0 0 13264
13 3 59 2 -2 0 0 17373
13 3 60 2.92888 0.569845 0.410568 0.156158 13556
13 3 61 3.56744 0.523096 0.872246 0.165006 17413
13 3 62 2 -2 0 0 15772
13 3 63 3.61218 0.501327 0.541146 0.219454 13745
13 4 0 7 -2 0 0 15848
13 4 1 5 -2 0 0 13400
13 4 2 8 -2 0 0 14414
13 4 3 6 -2 0 0 8839
13 4 4 5 -2 0 0 10751
13 4 5 6 -2 0 0 9773
13 4 6 7 -2 0 0 11784
13 4 7 6 -2 0 0 9593
13 4 8 3.94626 0.71939 0.734865 0.474451 11308
13 4 9 4.537 0.404049 0.507841 0.0348401 11926
13 4 10 3.58332 1.03075 0.657338 0.642542 11068
13 4 11 3.269 0.723578 0.65701 0.178833 10349
13 4 12 3.7444 -3 0 0 10459
13 4 13 5 -2 0 0 8496
13 4 14 6 -2 0 0 13848
13 4 15 2.70589 0.806673 1.24835 0.766148 8657
13 4 16 2.80466 1.45465 0.913959 0.780577 9641
13 4 17 3.98924 0.843451 1.06199 0.519003 12941
13 4 18 4.45989 0.414892 0.500391 0.0226122 9433
13 4 19 4.61273 0.424182 0.327237 0.0371731 7853
13 4 20 3.24015 0.633062 0.610951 0.0390382 8455
13 4 21 3.26846 0.389726 0.692699 0.0667184 12941
13 4 22 4 -2 0 0 7240
13 4 23 7 -2 0 0 11751
13 4 24 3.7444 -3 0 0 13140
13 4 25 4.51993 0.63471 0.643384 0.361863 7323
13 4 26 3.81526 0.614977 0.593437 0.140292 13086
13 4 27 4 -2 0 0 8027
13 4 28 2 -2 0 0 7112
13 4 29 3.1652 0.846945 0.774394 0.599038 10657
13 4 30 2 9.15343 1.35267 0.493792 8288
13 4 31 5.19149 0.409145 0.313805 0.115947 6886
13 4 32 4.0079 0.641957 0.514734 0.282783 6990
13 4 33 8 -2 0 0 7310
13 4 34 5.14053 0.543641 0.390741 0.824017 13187
13 4 35 5.3487 0.459395 0.559137 0.162189 6679
13 4 36 3.7357 0.865051 1.0188 0.715277 7227
13 4 37 2.91519 0.966894 1.03694 0.367741 9549
13 4 38 7.03451 0.2964 0.53197 0.666741 6596
13 4 39 3.61814 0.404263 1.02974 0.239494 8517
13 4 40 5.07321 0.487844 0.452021 0.282192 8907
13 4 41 6 -2 0 0 5919
13 4 42 2 -2 0 0 8146
13 4 43 2.50678 0.92526 1.21236 0.609738 11983
13 4 44 3.79628 0.349312 0.375168 0.0108889 5897
13 4 45 4.61979 0.45297 0.430587 0.0705448 6670
13 4 46 7 -2 0 0 12428
13 4 47 6 -2 0 0 6258
13 4 48 6 -2 0 0 7061
13 4 49 6 -2 0 0 9766
13 4 50 2 -2 0 0 7356
13 4 51 2 8.86901 1.78519 1.04102 8336
13 4 52 3 -2 0 0 9414
13 4 53 4.04473 0.66326 0.844911 0.529517 5277
13 4 54 6 -2 0 0 6685
13 4 55 4.41485 0.346781 0.475685 0.0471687 9358
13 4 56 2.52861 1.52899 1.00679 0.880269 7433
13 4 57 7 -2 0 0 8229
13 4 58 2.2399 8.60561 1.24929 0.183398 7616
13 4 59 2 -2 0 0 11304
13 4 60 3.83508 0.774113 0.792 0.286851 6310
13 4 61 3.34202 0.282047 0.548874 0.00862803 10044
13 4 62 3 -2 0 0 11491
13 4 63 6 -2 0 0 8096
13 5 0 2.44872 0.613104 0.427577 0.0217968 15017
13 5 1 6 -2 0 0 13137
13 5 2 4 -2 0 0 13528
13 5 3 4 -2 0 0 15568
13 5 4 6 -2 0 0 14544
13 5 5 5 -2 0 0 14495
13 5 6 2.11432 1.43651 0.618878 0.244677 14899
13 5 7 4 -2 0 0 17046
13 5 8 3.41879 0.527506 0.776323 0.0849688 15264
13 5 9 4 -2 0 0 14702
13 5 10 3 -2 0 0 15404
13 5 11 2.28571 0.769345 0.666801 0.213935 15207
13 5 12 3.55753 0.467296 0.411847 0.143213 13433
13 5 13 4 -2 0 0 16617
13 5 14 6 -2 0 0 13599
13 5 15 3.35584 0.610656 1.17563 0.419252 16428
13 5 16 3.47479 0.353766 0.738736 0.314956 16637
13 5 17 2 2.12681 1.35175 0.675748 16121
13 5 18 7 -2 0 0 16024
13 5 19 3.25161 0.544544 1.03979 0.136882 18741
13 5 20 3.6069 0.487519 1.2447 0.293469 17951
13 5 21 3 -2 0 0 14563
13 5 22 4 -2 0 0 15062
13 5 23 4.15882 0.3557 0.310885 0.0349672 15856
13 5 24 3.34759 0.428217 0.604007 0.0835405 13542
13 5 25 4.60635 0.482221 0.571692 0.574419 20346
13 5 26 4.13556 0.417425 0.371196 0.103852 16404
13 5 27 4 -2 0 0 17114
13 5 28 3.63783 0.476253 0.561899 0.0864324 18278
13 5 29 4.02227 0.619186 0.475595 0.755231 15461
13 5 30 3.01492 0.625129 0.829388 0.098573 17214
13 5 31 3.91946 0.436292 0.368252 0.172215 21792
13 5 32 3.63256 0.347774 1.10928 0.0224005 18976
13 5 33 3.93287 0.451358 0.444725 0.16717 18550
13 5 34 4 -2 0 0 17890
13 5 35 4.33302 0.434314 0.494401 0.256962 28219
13 5 36 4.24739 0.420111 0.442238 0.198082 16297
13 5 37 5 -2 0 0 17214
13 5 38 5 -2 0 0 24653
13 5 39 2.49684 0.909406 1.35563 0.288038 25760
13 5 40 4.85866 0.443246 0.400705 0.463179 18833
13 5 41 3.45666 0.377212 0.853749 0.00535832 19532
13 5 42 3.96231 0.496166 0.519057 0.409444 19710
13 5 43 4 -2 0 0 17511
13 5 44 3.37915 0.700793 0.784964 0.752548 21649
13 5 45 6 -2 0 0 20430
13 5 46 4.53617 0.390956 0.346039 0.0925845 16870
13 5 47 3.59052 0.652508 0.919332 0.497472 28908
13 5 48 3.53792 0.510994 0.609286 0.174291 17622
13 5 49 3.69928 0.518891 0.760046 0.535715 18804
13 5 50 3.88555 0.429907 0.499973 0.198361 22239
13 5 51 5 -2 0 0 23837
13 5 52 5 -2 0 0 16318
13 5 53 6 -2 0 0 25357
13 5 54 3.86894 0.427761 0.511397 0.310348 22508
13 5 55 3.71974 0.467388 0.592297 0.249869 20928
13 5 56 3.2102 0.681187 0.869967 0.906482 24692
13 5 57 6 -2 0 0 23492
13 5 58 5 -2 0 0 23031
13 5 59 4.12307 0.362439 0.43513 0.0315382 18768
13 5 60 3.52738 0.679245 0.933926 0.904945 25942
13 5 61 2 -2 0 0 22048
13 5 62 4 -2 0 0 22159
13 5 63 2.62776 0.690253 0.655681 0.0143699 21721
13 6 0 2.93072 0.730883 0.437252 0.0163518 9960
13 6 1 2.63436 0.927599 0.443729 0.0516089 8405
13 6 2 4.16549 0.54801 0.519758 0.0111118 7806
13 6 3 2.76915 1.02618 0.265492 0.0116244 5360
13 6 4 5 -2 0 0 6109
13 6 5 2.52112 1.12412 1.16763 0.301453 5753
13 6 6 3.97042 0.374155 0.490306 0.021583 7083
13 6 7 3.23992 0.593886 0.427836 0.0164812 4566
13 6 8 4.10048 0.551396 0.382499 0.0596549 6892
13 6 9 2.59975 0.969538 0.510451 0.0391751 6354
13 6 10 2.76467 1.33359 0.621347 0.235129 5475
13 6 11 2 2.38065 1.17121 0.6434 6058
13 6 12 2 1.84099 0.899273 0.519392 5770
13 6 13 2 -2 0 0 4613
13 6 14 4 -2 0 0 8620
13 6 15 8 -2 0 0 4946
13 6 16 3 -2 0 0 5632
13 6 17 2 9.25846 0.99262 0.599791 7702
13 6 18 5 -2 0 0 5687
13 6 19 4.24112 0.751098 0.500575 0.132178 4548
13 6 20 5 -2 0 0 5215
13 6 21 2.92074 -3 0 0 7086
13 6 22 3.04253 1.02174 0.501767 0.155799 4909
13 6 23 4.04997 0.700203 0.454223 0.0684556 5719
13 6 24 2.90953 1.00782 0.644584 0.227466 7138
13 6 25 2.14254 8.73236 1.15323 0.687453 4701
13 6 26 2.58141 0.940874 1.07636 0.620344 8006
13 6 27 2.67657 1.0737 0.404615 0.10128 4727
13 6 28 2.92074 -3 0 0 4009
13 6 29 2 -2 0 0 6008
13 6 30 6 -2 0 0 4476
13 6 31 3.17598 0.405691 0.498474 0.0549502 4376
13 6 32 5 -2 0 0 4438
13 6 33 7 -2 0 0 4223
13 6 34 6.40068 0.523311 0.311536 0.409421 8385
13 6 35 6 -2 0 0 3645
13 6 36 2.982 0.677721 1.20502 0.427601 4346
13 6 37 2.38778 1.2968 0.990991 0.170248 4732
13 6 38 4 -2 0 0 3804
13 6 39 2 8.87842 1.2291 0.600167 3985
13 6 40 2.92074 -3 0 0 5124
13 6 41 5.29516 0.504173 0.623967 0.314359 3788
13 6 42 6 -2 0 0 4322
13 6 43 2 8.2137 0.945795 0.332491 5161
13 6 44 5 -2 0 0 3329
13 6 45 2 8.92252 1.08398 0.651402 3933
13 6 46 2 -2 0 0 5904
13 6 47 2.71175 0.971871 1.14454 0.337584 4000
13 6 48 2.0031 10.6965 0.359155 0.0532207 3877
13 6 49 5 -2 0 0 4320
13 6 50 4 -2 0 0 3673
13 6 51 2 2.65989 1.25558 0.906446 4416
13 6 52 3 -2 0 0 4838
13 6 53 8 -2 0 0 4138
13 6 54 2.61912 1.17115 0.496857 0.0716061 3820
13 6 55 3.74764 0.989758 1.15644 0.186026 4577
13 6 56 3.97372 0.517332 0.37087 0.0309865 4121
13 6 57 4.10917 0.342241 0.471721 0.0372599 4244
13 6 58 4 -2 0 0 3963
13 6 59 2.48392 0.957272 0.578713 0.0142044 5915
13 6 60 3.75662 0.437461 0.442636 0.0367117 3457
13 6 61 2 9.88381 0.495708 0.0151709 5440
13 6 62 4 -2 0 0 5020
13 6 63 5 -2 0 0 4273
13 7 0 3.3865 0.56458 0.550423 0.0452783 4698
13 7 1 3.3903 0.422454 0.631984 0.045932 4372
13 7 2 3 -2 0 0 5355
13 7 3 3 -2 0 0 4756
13 7 4 2.23322 2.58297 0.752242 0.167932 5325
13 7 5 4 -2 0 0 4647
13 7 6 3.71356 0.363401 0.576816 0.0484425 4642
13 7 7 3.84377 0.414643 0.458218 0.0583143 4992
13 7 8 2 -2 0 0 4272
13 7 9 6.74118 0.555209 0.450392 0.884297 4887
13 7 10 6 -2 0 0 5462
13 7 11 6 -2 0 0 4506
13 7 12 2 -2 0 0 4652
13 7 13 3.66935 0.263364 0.856106 0.165489 5195
13 7 14 3.08023 -3 0 0 4629
13 7 15 7 -2 0 0 5040
13 7 16 3.60147 1.31913 0.632841 0.343231 5784
13 7 17 2 10.9889 1.6709 0.869601 4584
13 7 18 3 -2 0 0 4524
13 7 19 2 -2 0 0 6152
13 7 20 4 -2 0 0 5277
13 7 21 5 -2 0 0 4987
13 7 22 3.27925 1.14998 0.881874 0.329303 4554
13 7 23 6 -2 0 0 5518
13 7 24 4 -2 0 0 4306
13 7 25 3 -2 0 0 7358
13 7 26 3 -2 0 0 4818
13 7 27 2 0.882058 1.33373 0.603558 5807
13 7 28 2.96306 0.929192 0.522594 0.0966502 5013
13 7 29 3.08023 -3 0 0 5339
13 7 30 3.27188 0.613183 0.446902 0.0213967 5150
13 7 31 5.09804 0.622098 0.390944 0.269692 7750
13 7 32 6.16453 0.470692 0.353557 0.488821 5838
13 7 33 4.30961 0.441177 0.415901 0.0210006 6336
13 7 34 2 -2 0 0 5378
13 7 35 3.08023 -3 0 0 8843
13 7 36 3.08023 -3 0 0 6212
13 7 37 3 -2 0 0 5819
13 7 38 4.96788 0.634329 0.803315 0.476269 9347
13 7 39 2 8.01495 1.37895 0.551719 9444
13 7 40 3.39051 0.324833 0.93134 0.092504 6031
13 7 41 2 2.67605 1.66158 0.934396 6772
13 7 42 3.6404 1.44157 0.805914 0.647996 7016
13 7 43 6.04603 0.643579 0.52629 0.709514 5772
13 7 44 0 -10 0 0 0
13 7 45 4.00612 0.717431 0.431419 0.066461 7354
13 7 46 4.1621 0.599845 0.393748 0.0466863 6691
13 7 47 4 -2 0 0 11875
13 7 48 5.01073 0.558668 0.438598 0.0291524 6107
13 7 49 4.23283 0.46662 0.429692 0.0313661 6466
13 7 50 3.24073 0.657015 0.495592 0.0460916 8277
13 7 51 8 -2 0 0 8812
13 7 52 2.8285 0.591169 0.999691 0.353313 6228
13 7 53 3.08023 -3 0 0 10698
13 7 54 4.82508 0.492588 0.315701 0.228119 7672
13 7 55 3.32778 0.765493 0.408227 0.0401134 8356
13 7 56 4 -2 0 0 9409
13 7 57 3.31375 0.374276 0.48368 0.00531416 8891
13 7 58 5 -2 0 0 7632
13 7 59 7 -2 0 0 7065
13 7 60 4 -2 0 0 9053
13 7 61 3.38354 0.939379 0.686844 0.159306 9177
13 7 62 5 -2 0 0 7815
13 7 63 2 12.8306 0.528756 0.0522 7955
13 8 0 2.46348 1.1615 0.593637 0.409747 5979
13 8 1 2 -2 0 0 5891
13 8 2 4.13828 0.579374 0.441861 0.119746 4422
13 8 3 4 -2 0 0 5554
13 8 4 4 -2 0 0 5857
13 8 5 3.37397 0.304339 0.376611 0.0143981 6516
13 8 6 6 -2 0 0 3757
13 8 7 6 -2 0 0 3732
13 8 8 2.7988 0.903726 0.614766 0.283042 6653
13 8 9 4.44781 0.457228 0.323769 0.209374 5256
13 8 10 2 -2 0 0 7866
13 8 11 8 -2 0 0 5715
13 8 12 3.52484 0.691525 0.442993 0.154991 5832
13 8 13 4.64848 0.575621 0.553002 0.322783 6675
13 8 14 6 -2 0 0 7044
13 8 15 5 -2 0 0 6970
13 8 16 3.52427 -3 0 0 4020
13 8 17 2 -2 0 0 5206
13 8 18 4.24744 0.639797 0.431388 0.178005 6171
13 8 19 4 -2 0 0 8433
13 8 20 4 -2 0 0 5366
13 8 21 2.87639 0.843242 0.719112 0.368963 6894
13 8 22 3.34467 0.655941 0.314307 0.0278971 5264
13 8 23 5 -2 0 0 6346
13 8 24 3.9009 0.45094 0.395752 0.0330149 6290
13 8 25 3.52427 -3 0 0 8023
13 8 26 4.2097 0.771073 1.10327 0.444878 6716
13 8 27 3.52427 -3 0 0 7232
13 8 28 3.33745 0.631505 0.310272 0.0495606 7284
13 8 29 2 -2 0 0 6237
13 8 30 3.52427 -3 0 0 5597
13 8 31 3.32645 0.743186 1.1005 0.29211 9618
13 8 32 3.52427 -3 0 0 10912
13 8 33 2.84307 0.394959 0.914142 0.608176 8627
13 8 34 3.41364 1.05675 1.32259 0.588554 6860
13 8 35 3.6348 0.385386 0.513015 0.0148962 13473
13 8 36 2 -2 0 0 7100
13 8 37 4.15382 0.425153 0.445666 0.117366 8890
13 8 38 4.08728 0.590492 0.562756 0.135149 11594
13 8 39 2.67806 0.885714 0.912316 0.148086 11384
13 8 40 6 -2 0 0 5867
13 8 41 6 -2 0 0 10649
13 8 42 7 -2 0 0 7299
13 8 43 3.35802 0.5039 0.714971 0.099435 6549
13 8 44 6 -2 0 0 10072
13 8 45 2 -2 0 0 9619
13 8 46 6 -2 0 0 6337
13 8 47 9 -2 0 0 18798
13 8 48 6 -2 0 0 8842
13 8 49 7 -2 0 0 9443
13 8 50 3.70776 0.334367 0.670595 0.12812 10824
13 8 51 4.13979 0.382242 0.379975 0.0851216 9357
13 8 52 2.63106 1.1066 0.768342 0.507839 7309
13 8 53 5 -2 0 0 12496
13 8 54 3.56424 0.56302 0.42177 0.0465127 9012
13 8 55 4.66694 0.452863 0.356451 0.0578454 8087
13 8 56 3.62368 0.582967 0.80502 0.277774 10407
13 8 57 6 -2 0 0 9903
13 8 58 2 -2 0 0 9116
13 8 59 5 -2 0 0 8580
13 8 60 3.296 0.67451 0.447416 0.00302394 11073
13 8 61 2 -2 0 0 10991
13 8 62 4 -2 0 0 7657
13 8 63 4 -2 0 0 8323
13 9 0 0 -10 0 0 0
13 9 1 0 -10 0 0 0
13 9 2 0 -10 0 0 0
13 9 3 0 -10 0 0 0
13 9 4 0 -10 0 0 0
13 9 5 0 -10 0 0 0
13 9 6 0 -10 0 0 0
13 9 7 0 -10 0 0 0
13 9 8 0 -10 0 0 0
13 9 9 0 -10 0 0 0
13 9 10 0 -10 0 0 0
13 9 11 0 -10 0 0 0
13 9 12 0 -10 0 0 0
13 9 13 0 -10 0 0 0
13 9 14 0 -10 0 0 0
13 9 15 0 -10 0 0 0
13 9 16 0 -10 0 0 0
13 9 17 0 -10 0 0 0
13 9 18 0 -10 0 0 0
13 9 19 0 -10 0 0 0
13 9 20 0 -10 0 0 0
13 9 21 0 -10 0 0 0
13 9 22 0 -10 0 0 0
13 9 23 0 -10 0 0 0
13 9 24 0 -10 0 0 0
13 9 25 0 -10 0 0 0
13 9 26 0 -10 0 0 0
13 9 27 0 -10 0 0 0
13 9 28 0 -10 0 0 0
13 9 29 0 -10 0 0 0
13 9 30 0 -10 0 0 0
13 9 31 0 -10 0 0 0
13 9 32 0 -10 0 0 0
13 9 33 0 -10 0 0 0
13 9 34 0 -10 0 0 0
13 9 35 0 -10 0 0 0
13 9 36 0 -10 0 0 0
13 9 37 0 -10 0 0 0
13 9 38 0 -10 0 0 0
13 9 39 0 -10 0 0 0
13 9 40 0 -10 0 0 0
13 9 41 0 -10 0 0 0
13 9 42 0 -10 0 0 0
13 9 43 0 -10 0 0 0
13 9 44 0 -10 0 0 0
13 9 45 0 -10 0 0 0
13 9 46 0 -10 0 0 0
13 9 47 0 -10 0 0 0
13 9 48 0 -10 0 0 0
13 9 49 0 -10 0 0 0
13 9 50 0 -10 0 0 0
13 9 51 0 -10 0 0 0
13 9 52 0 -10 0 0 0
13 9 53 0 -10 0 0 0
13 9 54 0 -10 0 0 0
13 9 55 0 -10 0 0 0
13 9 56 0 -10 0 0 0
13 9 57 0 -10 0 0 0
13 9 58 0 -10 0 0 0
13 9 59 0 -10 0 0 0
13 9 60 0 -10 0 0 0
13 9 61 0 -10 0 0 0
13 9 62 0 -10 0 0 0
13 9 63 0 -10 0 0 0
13 10 0 3.54486 0.418644 0.730492 0.21431 8304
13 10 1 3.79772 0.516851 0.575835 0.0809965 8361
13 10 2 2.42213 1.12749 1.46546 0.850817 8131
13 10 3 5 -2 0 0 11806
13 10 4 4 -2 0 0 9844
13 10 5 2 10.4575 1.56878 0.730319 9206
13 10 6 6 -2 0 0 9044
13 10 7 3.20792 0.568525 0.869645 0.0515781 12092
13 10 8 2.63311 1.18998 1.41513 0.951284 8368
13 10 9 3.66008 -3 0 0 12842
13 10 10 4.20793 0.420244 0.509224 0.0183039 10873
13 10 11 3.77553 0.251891 0.541751 0.0388803 9763
13 10 12 3.66008 -3 0 0 11928
13 10 13 5 -2 0 0 12129
13 10 14 3.2569 0.518319 0.488386 0.0689985 8606
13 10 15 3.66008 -3 0 0 13737
13 10 16 4.1032 0.482654 0.775384 0.204134 16012
13 10 17 3.11976 0.844111 1.09238 0.508383 8578
13 10 18 3.35923 0.687954 0.593946 0.323401 12002
13 10 19 5 -2 0 0 14002
13 10 20 5 -2 0 0 9097
13 10 21 3.66008 -3 0 0 10444
13 10 22 7 -2 0 0 13145
13 10 23 3.26181 0.700618 1.19598 0.851081 9450
13 10 24 3.50874 0.797454 0.966077 0.854273 8723
13 10 25 3.37596 0.749839 1.0273 0.384038 15606
13 10 26 5 -2 0 0 10085
13 10 27 3.66008 -3 0 0 12233
13 10 28 5 -2 0 0 13514
13 10 29 5 -2 0 0 8499
13 10 30 5.16058 0.375842 0.436685 0.335563 12746
13 10 31 5 -2 0 0 17814
13 10 32 5 -2 0 0 13905
13 10 33 3.15662 1.09037 1.16095 0.18599 14365
13 10 34 4.09873 0.468196 0.508042 0.157544 9274
13 10 35 4.06019 0.256777 0.64843 0.0319728 17558
13 10 36 4.06928 0.481081 0.748788 0.382984 10677
13 10 37 5 -2 0 0 9605
13 10 38 3.24631 0.730448 0.928462 0.543354 14927
13 10 39 8 -2 0 0 14430
13 10 40 4.61044 0.285767 0.559963 0.198648 10348
13 10 41 3.55712 0.544905 0.609453 0.111045 13281
13 10 42 4.77534 0.347917 0.422751 0.286177 10587
13 10 43 3.31341 0.695075 0.844389 0.998222 10013
13 10 44 6 -2 0 0 12803
13 10 45 5.82292 0.357765 0.339934 1.01403 13214
13 10 46 2.64704 1.2163 0.994998 0.570702 10802
13 10 47 7 -2 0 0 18904
13 10 48 3.41605 0.825222 0.795546 0.681246 11712
13 10 49 4 -2 0 0 11603
13 10 50 3.74278 0.554519 0.684036 0.253959 13756
13 10 51 5.08349 0.349958 0.498917 0.438331 13467
13 10 52 2 -2 0 0 9475
13 10 53 2 -2 0 0 17382
13 10 54 4.34182 0.563055 0.596701 0.321063 12983
13 10 55 2.43894 0.875404 1.22363 0.68381 11809
13 10 56 2 -2 0 0 15392
13 10 57 4 -2 0 0 11043
13 10 58 3.4692 0.465138 0.80605 0.172533 11940
13 10 59 3.09398 0.862807 0.642259 0.485769 11300
13 10 60 5 -2 0 0 16397
13 10 61 3.71992 0.486348 0.71436 0.150609 12885
13 10 62 2 -2 0 0 11317
13 10 63 3.12422 0.474234 1.31038 0.716013 12106
13 11 0 5 -2 0 0 17173
13 11 1 6 -2 0 0 14344
13 11 2 3 -2 0 0 8627
13 11 3 2.23025 0.841141 0.859997 0.439306 6535
13 11 4 2.00004 9.88893 0.395074 0.0277817 8742
13 11 5 3.57544 0.335281 0.378749 0.0345767 9709
13 11 6 3.15337 1.32363 0.944608 0.956816 9078
13 11 7 7 -2 0 0 5668
13 11 8 5.11212 0.522529 0.228193 0.784635 10887
13 11 9 3.7894 0.583437 0.409327 0.046924 8441
13 11 10 2.60002 0.818789 0.525976 0.158883 5484
13 11 11 2.5467 0.879092 0.549017 0.143826 8831
13 11 12 4 -2 0 0 7974
13 11 13 2 -2 0 0 6496
13 11 14 4 -2 0 0 14391
13 11 15 2 -2 0 0 7525
13 11 16 4 -2 0 0 6238
13 11 17 3.8816 0.483225 0.382624 0.0150277 10618
13 11 18 2.07482 8.03222 0.930618 0.488672 7784
13 11 19 3.22072 0.625958 0.496508 0.28983 6682
13 11 20 4.24316 0.481294 0.792427 0.501941 6424
13 11 21 5 -2 0 0 6820
13 11 22 4.41424 0.544135 0.565332 0.345942 7099
13 11 23 3.02682 -3 0 0 10393
13 11 24 2 2.27832 1.31011 0.304432 12353
13 11 25 7 -2 0 0 6545
13 11 26 3.45153 0.636944 0.512319 0.11669 16092
13 11 27 3 -2 0 0 7542
13 11 28 3.4261 0.585915 0.503248 0.309818 6362
13 11 29 4.37179 0.462577 0.363018 0.45215 10143
13 11 30 4.23863 0.482948 0.261275 0.227901 6750
13 11 31 4 -2 0 0 6714
13 11 32 3.02682 -3 0 0 5391
13 11 33 6 -2 0 0 5953
13 11 34 3 -2 0 0 12111
13 11 35 3.5682 0.653639 0.349633 0.175087 5083
13 11 36 5 -2 0 0 6134
13 11 37 5 -2 0 0 7047
13 11 38 3.84287 0.871232 0.415551 0.618981 6236
13 11 39 5 -2 0 0 6143
13 11 40 6 -2 0 0 6271
13 11 41 5 -2 0 0 5076
13 11 42 6 -2 0 0 7380
13 11 43 5 -2 0 0 9664
13 11 44 2.12093 7.50024 1.37976 0.748658 5529
13 11 45 7 -2 0 0 6063
13 11 46 2 2.27672 1.68791 1.05787 11144
13 11 47 3.79114 0.308503 0.46633 0.38397 4456
13 11 48 2.59516 1.01108 0.647166 0.224359 8145
13 11 49 3.61402 0.754421 0.414266 0.378325 7699
13 11 50 4 -2 0 0 5712
13 11 51 2 -2 0 0 10075
13 11 52 2 -2 0 0 9381
13 11 53 3.20443 0.307267 0.480523 0.0876732 4629
13 11 54 3.02682 -3 0 0 7561
13 11 55 2 2.62084 1.11408 0.80905 9677
13 11 56 4.03094 0.804834 0.56967 0.551705 7975
13 11 57 2.79001 0.505553 0.540669 0.0391053 7449
13 11 58 3.80424 0.783108 0.828935 0.672418 7747
13 11 59 3.12519 0.747572 0.463105 0.11124 11130
13 11 60 2.1313 2.83692 0.619701 0.348336 7017
13 11 61 3.6263 0.933236 0.741118 0.698997 10452
13 11 62 4 -2 0 0 10904
13 11 63 4 -2 0 0 8734
13 12 0 2 -2 0 0 14103
13 12 1 3.31159 0.544798 0.776695 0.150511 14034
13 12 2 3.24064 0.348081 1.15369 0.374536 14541
13 12 3 2 -2 0 0 15028
13 12 4 3.2099 0.551891 0.609397 0.165605 13196
13 12 5 3.34246 0.724461 1.36869 0.871107 13717
13 12 6 6 -2 0 0 16173
13 12 7 2.62154 1.32471 1.64041 0.310644 17984
13 12 8 5 -2 0 0 12687
13 12 9 5 -2 0 0 17389
13 12 10 4 -2 0 0 19118
13 12 11 7 -2 0 0 12863
13 12 12 2.8801 0.605818 0.444465 0.0838582 15487
13 12 13 2.56012 1.03972 1.45939 0.441187 15145
13 12 14 7 -2 0 0 12448
13 12 15 5 -2 0 0 14939
13 12 16 3.57882 -3 0 0 22261
13 12 17 2.98251 1.04314 0.767327 0.896285 12233
13 12 18 2.65093 0.850838 1.01404 0.434105 11745
13 12 19 6 -2 0 0 15588
13 12 20 5 -2 0 0 12376
13 12 21 6 -2 0 0 13970
13 12 22 2 -2 0 0 15684
13 12 23 2 -2 0 0 11851
13 12 24 5 -2 0 0 13109
13 12 25 3.57208 0.543897 0.515604 0.159849 16053
13 12 26 6 -2 0 0 11421
13 12 27 5 -2 0 0 14917
13 12 28 2 -2 0 0 15145
13 12 29 3.51549 0.238119 0.994321 0.764598 11229
13 12 30 3.91224 0.547557 0.55372 0.232484 13061
13 12 31 2 -2 0 0 14381
13 12 32 7 -2 0 0 11811
13 12 33 4.30315 0.443392 0.487199 0.11841 13171
13 12 34 3.42786 0.730104 1.3323 0.277651 9785
13 12 35 3.24987 0.764187 1.2277 0.749272 12844
13 12 36 2 -2 0 0 12027
13 12 37 5 -2 0 0 10716
13 12 38 6 -2 0 0 11625
13 12 39 3.65031 0.627755 1.8286 0.541148 9929
13 12 40 4.41873 0.419527 0.52187 0.186422 9795
13 12 41 3.29358 0.585219 1.01494 0.646965 10383
13 12 42 4.50618 0.360477 0.467308 0.0572527 10421
13 12 43 3.89934 0.339338 0.783174 0.078318 8966
13 12 44 7 -2 0 0 10835
13 12 45 3.76202 0.521674 0.661289 0.0823914 11213
13 12 46 4.33971 0.435203 0.498463 0.421338 9546
13 12 47 4 -2 0 0 12368
13 12 48 5.04222 0.474992 0.71528 0.472775 10431
13 12 49 3 -2 0 0 9155
13 12 50 5 -2 0 0 10125
13 12 51 2.85054 0.994678 1.72448 0.587384 7764
13 12 52 3.53792 0.56639 0.511232 0.206047 8269
13 12 53 4.26775 0.341113 0.400215 0.0472402 10894
13 12 54 3.89228 0.7238 0.770384 0.617011 8664
13 12 55 4.13169 0.46822 0.388114 0.210218 8209
13 12 56 2.69014 0.712419 0.789711 0.29685 8785
13 12 57 3.57882 -3 0 0 7903
13 12 58 5 -2 0 0 10015
13 12 59 3.60706 0.536697 0.696483 0.197554 8689
13 12 60 4 -2 0 0 9811
13 12 61 5 -2 0 0 7110
13 12 62 3.28037 0.657101 0.683916 0.37927 9052
13 12 63 4.67254 0.425992 0.808177 0.678961 9341
13 13 0 3.72707 -3 0 0 8503
13 13 1 2 -2 0 0 7083
13 13 2 4 -2 0 0 6409
13 13 3 5 -2 0 0 4448
13 13 4 7 -2 0 0 6303
13 13 5 3.72707 -3 0 0 5272
13 13 6 3.76087 0.635022 0.469937 0.169429 6132
13 13 7 4.3766 0.538464 0.369704 0.488543 4584
13 13 8 7 -2 0 0 6986
13 13 9 5.81955 0.497527 0.449507 0.506037 4716
13 13 10 5 -2 0 0 4374
13 13 11 3.42033 0.299077 0.603474 0.234621 6338
13 13 12 2.35143 1.27318 0.864468 0.680663 5443
13 13 13 5 -2 0 0 4918
13 13 14 2 -2 0 0 9161
13 13 15 4.01657 0.682541 0.6721 0.5032 5230
13 13 16 8 -2 0 0 4455
13 13 17 3.08754 8.37403 1.35776 0.549321 7056
13 13 18 3.23967 0.733954 1.46767 0.799938 5313
13 13 19 2.68438 0.97205 0.818755 0.711695 4968
13 13 20 3.7096 0.826238 0.675619 0.447826 6678
13 13 21 7 -2 0 0 5359
13 13 22 5 -2 0 0 4423
13 13 23 4.53783 0.593654 0.430128 0.332182 6074
13 13 24 3.85797 0.722295 0.870759 0.488577 7879
13 13 25 4.24294 0.393116 0.387162 0.0343066 4675
13 13 26 6 -2 0 0 9867
13 13 27 8 -2 0 0 5651
13 13 28 2.45791 1.11942 1.27646 0.918085 4641
13 13 29 7 -2 0 0 8656
13 13 30 2 -2 0 0 6035
13 13 31 6 -2 0 0 5476
13 13 32 3.69819 0.921337 0.687385 0.550429 5583
13 13 33 3.13602 1.13289 0.815208 0.877707 5966
13 13 34 2 -2 0 0 10283
13 13 35 3.56847 0.699726 0.724406 0.194224 4578
13 13 36 3.7091 0.63021 0.742082 0.0734792 6721
13 13 37 5 -2 0 0 7232
13 13 38 3.2948 0.471192 1.28074 0.350935 6107
13 13 39 4.55255 0.673378 0.796699 0.391728 8185
13 13 40 5 -2 0 0 6240
13 13 41 3.72707 -3 0 0 5639
13 13 42 4.38469 0.489016 0.536424 0.158919 6730
13 13 43 3.53629 0.70848 0.617236 0.292225 9138
13 13 44 4.13306 0.540541 0.348997 0.202547 5742
13 13 45 2.99311 0.903329 1.57159 0.606818 5970
13 13 46 4.46084 0.272191 0.781787 0.110318 10457
13 13 47 8 -2 0 0 6989
13 13 48 4.00106 0.356927 0.442894 0.0337252 6589
13 13 49 3.72707 -3 0 0 7842
13 13 50 3 -2 0 0 5992
13 13 51 4.2028 0.602131 0.897032 0.317269 13153
13 13 52 4 -2 0 0 9617
13 13 53 3.19761 0.729929 0.387063 0.0489113 5811
13 13 54 3.43777 0.580039 0.783595 0.142816 6915
13 13 55 6 -2 0 0 9899
13 13 56 4.64653 0.585893 0.574717 0.29428 8091
13 13 57 4 -2 0 0 9424
13 13 58 4.57086 0.526975 0.373216 0.570214 6870
13 13 59 5 -2 0 0 11506
13 13 60 3.67316 0.742646 0.539664 0.267833 8317
13 13 61 2.49988 8.13911 1.12112 0.173955 13449
13 13 62 4.36497 0.545601 0.389845 0.327821 12773
13 13 63 4.20161 0.649556 0.423426 0.272044 10182
13 14 0 4 -2 0 0 10203
13 14 1 3.90474 0.576226 0.346853 0.0766352 9074
13 14 2 2.62918 1.01725 0.721292 0.532656 8847
13 14 3 3.55439 -3 0 0 9507
13 14 4 2.04228 12.9265 1.41582 0.80966 7674
13 14 5 4.14833 0.344116 0.882089 0.242069 9615
13 14 6 4 -2 0 0 10078
13 14 7 2.47879 1.39967 1.54008 1.02022 10537
13 14 8 4.81739 0.464458 0.410606 0.0472906 7405
13 14 9 7 -2 0 0 10630
13 14 10 2 -2 0 0 11436
13 14 11 3.3654 0.327618 0.405343 0.0421251 7335
13 14 12 7 -2 0 0 8457
13 14 13 4.00534 0.635786 0.332801 0.280866 8143
13 14 14 6 -2 0 0 7412
13 14 15 5 -2 0 0 7279
13 14 16 3.65131 0.712459 0.609923 0.183976 14170
13 14 17 3 -2 0 0 6257
13 14 18 4.20875 0.548496 0.316008 0.166371 7310
13 14 19 3.21326 0.767634 0.826946 0.170751 9803
13 14 20 3.38063 0.699378 0.303315 0.02752 7091
13 14 21 6 -2 0 0 10060
13 14 22 3.55439 -3 0 0 8908
13 14 23 3.33622 0.412953 0.538751 0.0543145 6480
13 14 24 2 1.08565 1.7062 0.985288 7614
13 14 25 2 -2 0 0 8434
13 14 26 4.28329 0.733577 0.549329 0.318648 6483
13 14 27 7 -2 0 0 6512
13 14 28 3.35922 0.945531 0.533953 0.149813 6305
13 14 29 5 -2 0 0 5870
13 14 30 3.25837 0.287954 0.650418 0.143019 6526
13 14 31 3.75499 0.434587 1.09932 0.504506 7932
13 14 32 3.55439 -3 0 0 6080
13 14 33 6.28033 0.705374 0.27912 0.692114 6373
13 14 34 6 -2 0 0 6145
13 14 35 5.8845 0.46443 0.353824 0.17176 7155
13 14 36 4 -2 0 0 6233
13 14 37 4.04536 0.555506 0.282401 0.030519 5357
13 14 38 4.57855 0.474209 0.511059 0.0959765 5826
13 14 39 3.66604 0.568659 0.411703 0.0620502 5853
13 14 40 4.26163 0.546264 0.268693 0.0817787 5549
13 14 41 4.46029 0.591846 0.25826 0.0421504 5654
13 14 42 2.51509 1.09321 1.16347 0.418919 5340
13 14 43 2 9.71924 1.93444 0.614005 5390
13 14 44 5 -2 0 0 5445
13 14 45 7 -2 0 0 5416
13 14 46 8 -2 0 0 6074
13 14 47 3.76708 0.418893 0.485594 0.0162715 6238
13 14 48 5 -2 0 0 5751
13 14 49 3.55439 -3 0 0 5199
13 14 50 5.94386 0.716992 0.440682 0.847497 5608
13 14 51 3.86684 0.339168 0.408227 0.0233212 5094
13 14 52 3.59938 0.806423 0.418216 0.475444 4778
13 14 53 2.79813 1.44907 1.11076 0.914652 5703
13 14 54 5 -2 0 0 4737
13 14 55 2.06766 9.25276 0.987443 0.378488 5123
13 14 56 2.76295 1.20664 0.786838 0.301454 5761
13 14 57 5.17349 0.374991 0.347015 0.228621 5393
13 14 58 3.05312 1.13621 0.593885 0.307171 5035
13 14 59 3.43541 0.492014 0.394424 0.0547122 5541
13 14 60 5 -2 0 0 6251
13 14 61 3.24509 0.293235 0.506932 0.0362782 5197
13 14 62 3.55439 -3 0 0 4954
13 14 63 2 12.8775 0.572889 0.211879 4824
13 15 0 7 -2 0 0 5871
13 15 1 2.54841 0.802293 0.549381 0.33666 5228
13 15 2 6 -2 0 0 5151
13 15 3 4.22161 0.474329 0.323061 0.0597838 3497
13 15 4 5.60587 0.856224 0.32429 0.996257 4029
13 15 5 4 -2 0 0 4030
13 15 6 3 -2 0 0 4187
13 15 7 3.68976 0.615992 0.414779 0.0739414 3850
13 15 8 6.03172 0.464182 0.245111 0.631792 4738
13 15 9 5 -2 0 0 4130
13 15 10 8 -2 0 0 3769
13 15 11 3.30864 0.33862 0.794228 0.0223283 4376
13 15 12 3.41872 0.498801 0.372928 0.0282196 3911
13 15 13 4.29264 0.57986 0.479253 0.18779 3761
13 15 14 2 1.80695 1.25349 0.774952 5284
13 15 15 2 12.9844 1.1434 1.02291 3892
13 15 16 3.24876 0.366598 0.49495 0.00251618 3863
13 15 17 3.73254 0.4038 0.373921 0.0470061 5205
13 15 18 3.48235 -3 0 0 4340
13 15 19 4.0618 0.684512 0.297249 0.0445141 3921
13 15 20 6 -2 0 0 4698
13 15 21 5.62835 0.56662 0.630815 0.277206 4432
13 15 22 2 1.42182 1.12385 0.876614 3546
13 15 23 7 -2 0 0 4981
13 15 24 2.93635 0.411817 0.584419 0.132565 4403
13 15 25 4 -2 0 0 3984
13 15 26 3.74133 0.596326 0.429448 0.0537895 5059
13 15 27 4.11037 0.479834 0.393688 0.061071 3712
13 15 28 10 -2 0 0 3997
13 15 29 3.86905 0.460019 0.416439 0.0837533 5332
13 15 30 3.38636 0.877431 0.660376 0.119588 4359
13 15 31 7 -2 0 0 3967
13 15 32 2.40548 1.0264 0.547473 0.705055 3804
13 15 33 7 -2 0 0 4397
13 15 34 3.61501 0.480464 0.472815 0.0200558 6579
13 15 35 4.84615 0.427464 0.373506 0.0927695 4185
13 15 36 3.48235 -3 0 0 4695
13 15 37 4.43416 0.366288 0.373313 0.202036 5058
13 15 38 2.45931 1.52629 1.02321 0.702001 4628
13 15 39 7 -2 0 0 6635
13 15 40 2.66679 1.42579 1.05605 0.543325 4722
13 15 41 2 -2 0 0 4560
13 15 42 5.53739 0.641266 0.303821 0.266053 5273
13 15 43 3.56584 0.519645 0.3305 0.0118985 6009
13 15 44 5 -2 0 0 4371
13 15 45 4.16988 0.561278 0.286797 0.187709 3825
13 15 46 4.08563 0.534119 0.435495 0.0547013 6075
13 15 47 7 -2 0 0 5027
13 15 48 4 -2 0 0 4951
13 15 49 6 -2 0 0 6190
13 15 50 3.48235 -3 0 0 4673
13 15 51 6 -2 0 0 6967
13 15 52 3.48235 -3 0 0 5922
13 15 53 2 -2 0 0 5213
13 15 54 3.42719 0.889917 0.368605 0.138856 4838
13 15 55 4.09743 0.374111 0.371428 0.0847277 6547
13 15 56 2.62254 0.457207 0.710419 0.108455 6394
13 15 57 3.48235 -3 0 0 8001
13 15 58 9 -2 0 0 6030
13 15 59 6.34528 0.435371 0.258427 0.541569 6844
13 15 60 2 -2 0 0 6005
13 15 61 3.45934 0.324751 0.701634 0.10212 8149
13 15 62 2.00001 11.1574 0.536007 0.275806 7917
13 15 63 3.40197 0.561877 0.344844 0.0544013 6165
14 0 0 5.4084 0.524558 1.8497 0.320578 11573
14 0 1 8 -2 0 0 7928
14 0 2 8 -2 0 0 10559
14 0 3 8 -2 0 0 7898
14 0 4 7 -2 0 0 11690
14 0 5 8 -2 0 0 8033
14 0 6 8 -2 0 0 7002
14 0 7 7 -2 0 0 9516
14 0 8 8 -2 0 0 10090
14 0 9 8 -2 0 0 9305
14 0 10 8 -2 0 0 6066
14 0 11 5.96084 0.493953 1.35198 0.680007 12227
14 0 12 10 -2 0 0 7959
14 0 13 5.70839 0.571779 1.5972 0.672859 10153
14 0 14 5.14883 0.495769 1.55048 0.199063 11040
14 0 15 9 -2 0 0 8719
14 0 16 9 -2 0 0 2165
14 0 17 7 -2 0 0 10966
14 0 18 11 -2 0 0 8049
14 0 19 5.12228 0.572299 1.50879 0.404688 8280
14 0 20 5.97108 0.363229 1.642 0.394953 10095
14 0 21 8 -2 0 0 8034
14 0 22 10 -2 0 0 10026
14 0 23 10 -2 0 0 13872
14 0 24 9 -2 0 0 10309
14 0 25 8 -2 0 0 11138
14 0 26 8 -2 0 0 11273
14 0 27 8 -2 0 0 11570
14 0 28 9 -2 0 0 10826
14 0 29 8 -2 0 0 11324
14 0 30 9 -2 0 0 4440
14 0 31 9 -2 0 0 11865
14 0 32 11 -2 0 0 12040
14 0 33 7 -2 0 0 10312
14 0 34 9 -2 0 0 12570
14 0 35 10 -2 0 0 10285
14 0 36 8 -2 0 0 3620
14 0 37 10 -2 0 0 9741
14 0 38 5.3541 0.614533 2.01288 0.696777 13623
14 0 39 5.70366 0.434033 1.71541 0.646338 15534
14 0 40 9 -2 0 0 10697
14 0 41 9 -2 0 0 12560
14 0 42 5.59168 0.539834 1.55862 0.844464 11233
14 0 43 9 -2 0 0 15764
14 0 44 5.7105 0.481941 1.67447 0.462972 13839
14 0 45 8 -2 0 0 13669
14 0 46 5.67472 0.492602 1.57694 0.290349 14631
14 0 47 9 -2 0 0 15292
14 0 48 8 -2 0 0 10945
14 0 49 8 -2 0 0 11531
14 0 50 5.45843 0.432079 1.70122 0.119567 14802
14 0 51 10 -2 0 0 19212
14 0 52 7 -2 0 0 17353
14 0 53 8 -2 0 0 14096
14 0 54 5.42421 0.444303 1.21595 0.362098 13293
14 0 55 8 -2 0 0 18872
14 0 56 5.27582 0.533221 1.70622 0.437419 15652
14 0 57 0 -10 0 0 0
14 0 58 8 -2 0 0 13706
14 0 59 7 -2 0 0 19133
14 0 60 9 -2 0 0 15299
14 0 61 5.28523 0.583641 1.47076 0.565937 21174
14 0 62 5.21307 0.417786 1.51444 0.152359 19083
14 0 63 4.7249 0.76296 2.03985 0.606915 13731
14 1 0 2.63442 0.825238 0.799077 0.143535 17827
14 1 1 3.22219 -3 0 0 13751
14 1 2 3.38988 0.544917 0.490931 0.090336 15604
14 1 3 2.95396 0.748566 0.858698 0.54766 9614
14 1 4 3.22219 -3 0 0 3611
14 1 5 3.22219 -3 0 0 10999
14 1 6 4 -2 0 0 17736
14 1 7 2.99194 0.646045 0.434045 0.028703 11617
14 1 8 2.8107 0.432955 0.974064 0.408806 7232
14 1 9 5 -2 0 0 13150
14 1 10 4 -2 0 0 14345
14 1 11 3.24607 0.420184 0.486084 0.0811787 15910
14 1 12 5 -2 0 0 10448
14 1 13 4 -2 0 0 10426
14 1 14 3.91029 0.494111 0.606158 0.205212 12097
14 1 15 3.76182 0.729706 0.619974 0.509406 9312
14 1 16 5 -2 0 0 13853
14 1 17 3.52348 0.31758 0.555167 0.0859609 7989
14 1 18 3.79221 0.527825 0.816671 0.627982 7453
14 1 19 4.33438 0.730689 0.826383 0.681859 9874
14 1 20 3.50397 0.337398 1.29115 0.256838 2781
14 1 21 3.22219 -3 0 0 12222
14 1 22 2 -2 0 0 11083
14 1 23 6 -2 0 0 8798
14 1 24 5 -2 0 0 8998
14 1 25 3.48903 0.36901 0.664498 0.174975 14428
14 1 26 3.01157 0.733121 0.591257 0.250019 11947
14 1 27 2 2.01043 1.93884 0.863326 7907
14 1 28 3.55244 0.511388 0.46178 0.231588 9711
14 1 29 3.50327 0.384591 0.612496 0.131054 12563
14 1 30 2.32341 1.53582 1.54677 0.257268 2634
14 1 31 4.27878 0.472755 0.483886 0.39888 13516
14 1 32 3 -2 0 0 8611
14 1 33 3.52241 0.573884 0.58044 0.299699 8983
14 1 34 6 -2 0 0 7922
14 1 35 3.74391 0.465831 0.801003 0.559614 7962
14 1 36 5 -2 0 0 5208
14 1 37 2.71771 7.96712 1.36866 0.633738 12467
14 1 38 5 -2 0 0 10873
14 1 39 3.22219 -3 0 0 5724
14 1 40 3.22219 -3 0 0 13302
14 1 41 2 -2 0 0 6949
14 1 42 5.05218 0.32588 0.302172 0.0765648 10094
14 1 43 3.53736 0.538105 0.464639 0.0792057 8015
14 1 44 3.476 0.687437 0.852252 0.29856 6305
14 1 45 4 -2 0 0 7510
14 1 46 5 -2 0 0 7603
14 1 47 6 -2 0 0 6909
14 1 48 3.22219 -3 0 0 83
14 1 49 3.22219 -3 0 0 6946
14 1 50 5 -2 0 0 7086
14 1 51 2 -2 0 0 10275
14 1 52 2.53715 0.857692 1.26803 0.836343 6611
14 1 53 4.49567 0.586872 0.574339 0.748825 9563
14 1 54 7 -2 0 0 10661
14 1 55 3.81649 0.483724 0.382826 0.0693711 7474
14 1 56 3.59989 0.519452 0.51396 0.109947 9638
14 1 57 3.26824 0.810104 1.08328 0.872282 10040
14 1 58 5 -2 0 0 6314
14 1 59 3.38221 0.569645 0.417848 0.130455 7269
14 1 60 3.22219 -3 0 0 5657
14 1 61 2 -2 0 0 6717
14 1 62 3.22219 -3 0 0 11629
14 1 63 3.45663 0.345057 0.40616 0.0663241 7320
14 2 0 2.40543 0.678221 0.582264 0.374074 19956
14 2 1 3.2164 0.361053 0.518714 0.0464274 22503
14 2 2 3.07116 0.618777 0.645662 0.489087 20687
14 2 3 4 -2 0 0 13826
14 2 4 4 -2 0 0 14016
14 2 5 2.8588 0.528959 1.1708 1.07374 18777
14 2 6 3.5988 0.657553 0.608161 0.611779 20018
14 2 7 3.18636 0.586081 0.643447 0.345748 12390
14 2 8 3.24977 0.333894 0.652441 0.151996 15522
14 2 9 4 -2 0 0 17756
14 2 10 3.33608 0.524134 0.485584 0.325528 16785
14 2 11 4 -2 0 0 14188
14 2 12 4 -2 0 0 18484
14 2 13 3.8049 0.515418 0.545687 0.5786 15993
14 2 14 2 1.25994 1.84755 0.177664 28572
14 2 15 2 2.61478 1.23879 0.240579 11044
14 2 16 3.51941 0.66096 0.747002 0.63126 16085
14 2 17 4.03875 0.460467 0.525485 0.244899 16863
14 2 18 3.29679 0.580046 0.576159 0.276988 10263
14 2 19 3.73547 0.523801 0.825977 0.190379 15502
14 2 20 3.07678 0.380477 1.14842 0.168926 20287
14 2 21 4 -2 0 0 14790
14 2 22 3.26139 0.581418 0.753906 0.0281014 13932
14 2 23 4.09653 0.426876 0.583293 0.107358 5912
14 2 24 3.08756 -3 0 0 195
14 2 25 4.24241 0.4179 0.632181 0.463476 11129
14 2 26 4 -2 0 0 25171
14 2 27 3.4865 0.510688 0.589859 0.358226 12892
14 2 28 3.69385 0.243682 0.951842 0.185648 23860
14 2 29 3.70368 0.488228 0.590467 0.210817 14828
14 2 30 5 -2 0 0 3301
14 2 31 3.74107 0.505788 0.626314 0.146872 10834
14 2 32 3.08756 -3 0 0 160
14 2 33 4.00124 0.393637 0.446798 0.311849 12803
14 2 34 5 -2 0 0 24824
14 2 35 3.08756 -3 0 0 194
14 2 36 2.92689 0.728744 0.868054 0.530694 18628
14 2 37 3.24088 0.57951 1.56079 0.219003 14221
14 2 38 3.37904 0.507193 0.523187 0.21427 9954
14 2 39 3.48622 0.670921 0.705295 0.504289 18581
14 2 40 3.50298 0.512666 0.880741 0.189391 3409
14 2 41 4 -2 0 0 16139
14 2 42 3.00868 1.22361 1.19705 0.221679 11483
14 2 43 6 -2 0 0 17706
14 2 44 4.21146 0.414566 0.345623 0.0874232 15109
14 2 45 3.08756 -3 0 0 17122
14 2 46 3.08756 -3 0 0 114
14 2 47 3.80046 0.435485 0.507666 0.0350652 15469
14 2 48 3.04436 0.655186 0.934724 0.691779 18284
14 2 49 4 -2 0 0 16180
14 2 50 6 -2 0 0 15536
14 2 51 3.46673 0.363392 0.433417 0.0429525 21420
14 2 52 2.65204 0.657436 0.623934 0.0733496 17347
14 2 53 3.39728 0.350432 1.29438 0.458788 15675
14 2 54 3.16864 0.939568 1.25252 0.637083 16713
14 2 55 4.07087 0.441016 0.391376 0.0598063 18921
14 2 56 4.59868 0.518411 0.773213 0.820593 19866
14 2 57 3.49798 0.635905 0.750642 0.56431 21763
14 2 58 3.67816 0.439235 0.486178 0.0780954 19379
14 2 59 3.24404 0.705025 1.26485 0.314477 42114
14 2 60 2.68592 0.655639 0.599239 0.0319657 12989
14 2 61 5 -2 0 0 26704
14 2 62 3.42192 0.614195 0.930004 0.317581 25109
14 2 63 2.15883 1.42323 0.736806 0.645622 18183
14 3 0 2.97178 0.633083 0.763747 0.307653 23676
14 3 1 3.62249 0.436308 0.523178 0.0474058 13431
14 3 2 2 0.878117 1.6517 0.974764 14671
14 3 3 3.7998 0.518163 0.42311 0.256379 21395
14 3 4 3.24071 0.572169 0.69167 0.357029 11783
14 3 5 6 -2 0 0 22428
14 3 6 2 -2 0 0 12856
14 3 7 4 -2 0 0 18160
14 3 8 3.83597 0.501354 0.743857 0.326843 12423
14 3 9 2.40853 0.85368 0.764218 0.578041 24352
14 3 10 2 -2 0 0 26263
14 3 11 2 -2 0 0 10997
14 3 12 2 -2 0 0 13929
14 3 13 3.48713 0.500487 0.516496 0.116735 14666
14 3 14 4.12091 0.412554 0.608522 0.0637243 22004
14 3 15 4 -2 0 0 21750
14 3 16 3.51946 0.740015 0.783489 0.741487 28003
14 3 17 6 -2 0 0 12329
14 3 18 2.84375 0.835423 1.06516 0.745587 10983
14 3 19 5 -2 0 0 24130
14 3 20 6 -2 0 0 3468
14 3 21 3.05624 0.416335 0.891267 0.413252 24236
14 3 22 3.61266 0.4699 0.893527 0.474408 23223
14 3 23 4.32447 0.429297 1.03169 0.184876 5662
14 3 24 2.65302 0.698343 1.20447 0.238791 21348
14 3 25 3.32218 0.48026 0.678177 0.180994 23537
14 3 26 3.19556 -3 0 0 12924
14 3 27 2 -2 0 0 11066
14 3 28 6 -2 0 0 22904
14 3 29 2.96606 0.670392 0.981394 0.4617 9969
14 3 30 3.3986 0.796145 0.970084 0.669884 6067
14 3 31 4 -2 0 0 14471
14 3 32 4 -2 0 0 13824
14 3 33 3.19556 -3 0 0 18440
14 3 34 4.02394 0.455843 0.857773 0.149322 12605
14 3 35 2.79103 0.739177 0.876693 0.445646 21148
14 3 36 3.85082 0.581045 0.743429 0.532101 10303
14 3 37 6 -2 0 0 8632
14 3 38 4.373 0.39339 0.500861 0.0797753 20940
14 3 39 3.68172 0.493681 0.71697 0.207844 10607
14 3 40 4.32551 0.465857 0.77127 0.317826 4592
14 3 41 2.82055 0.825638 1.59642 0.952421 20848
14 3 42 3.19556 -3 0 0 18027
14 3 43 3.30714 0.736493 0.761108 0.615598 11962
14 3 44 3.09536 1.07973 1.24435 0.386033 18623
14 3 45 3.81186 0.365245 0.501761 0.0304181 10268
14 3 46 3.51351 0.512899 0.590166 0.132834 11219
14 3 47 3.1228 0.522932 0.752513 0.149313 21820
14 3 48 3.3136 0.508152 0.694745 0.152277 9505
14 3 49 3.02028 0.546843 0.573193 0.233956 18468
14 3 50 2.9204 0.640899 0.466306 0.311022 18693
14 3 51 3.33745 0.25491 0.622887 0.0101057 10216
14 3 52 2.96793 0.593367 0.731578 0.334832 18829
14 3 53 5 -2 0 0 13203
14 3 54 6 -2 0 0 18583
14 3 55 3.19556 -3 0 0 10243
14 3 56 5 -2 0 0 10266
14 3 57 4 -2 0 0 11137
14 3 58 5 -2 0 0 19286
14 3 59 3.523 0.527904 0.604715 0.447649 17321
14 3 60 2 -2 0 0 18997
14 3 61 4 -2 0 0 11177
14 3 62 2.83463 0.636018 0.630894 0.11349 11230
14 3 63 3.02732 0.657359 1.01963 0.55707 9818
14 4 0 2 -2 0 0 19639
14 4 1 2.51286 0.688345 0.43505 0.207417 19220
14 4 2 3.34898 0.898959 0.685173 0.741135 19969
14 4 3 4.53481 0.380687 0.432114 0.391489 14225
14 4 4 3.23348 -3 0 0 15534
14 4 5 4 -2 0 0 16503
14 4 6 3 -2 0 0 18515
14 4 7 3.23348 -3 0 0 13191
14 4 8 5 -2 0 0 18081
14 4 9 3.23759 0.448391 0.348287 0.176119 16052
14 4 10 4 -2 0 0 10120
14 4 11 5 -2 0 0 11285
14 4 12 2 -2 0 0 15272
14 4 13 3.03989 0.665938 0.597851 0.34908 9249
14 4 14 8 -2 0 0 15891
14 4 15 3.24386 0.561492 0.324548 0.0445689 9781
14 4 16 3.68117 0.474443 0.397781 0.27654 12375
14 4 17 3.23348 -3 0 0 18407
14 4 18 3.23348 -3 0 0 14039
14 4 19 2.95018 0.566321 0.254944 0.00684211 10337
14 4 20 3.55431 0.530861 0.432614 0.110965 3784
14 4 21 6 -2 0 0 17354
14 4 22 4.08261 0.496552 0.604349 0.165024 10759
14 4 23 6 -2 0 0 15790
14 4 24 5 -2 0 0 13908
14 4 25 6 -2 0 0 10776
14 4 26 4 -2 0 0 20491
14 4 27 3.23348 -3 0 0 10782
14 4 28 3.23348 -3 0 0 11048
14 4 29 4.44329 0.410661 0.355603 0.0620127 16312
14 4 30 3.23348 -3 0 0 9692
14 4 31 5 -2 0 0 10206
14 4 32 3.80661 0.451344 0.30118 0.0822168 10468
14 4 33 4 -2 0 0 10942
14 4 34 2.80695 0.643813 1.24196 0.566123 13737
14 4 35 3.23878 0.723505 0.889367 0.918281 8362
14 4 36 3.23348 -3 0 0 11916
14 4 37 3.6526 0.548704 0.796527 0.138193 14117
14 4 38 2 -2 0 0 8989
14 4 39 5 -2 0 0 9984
14 4 40 3.23348 -3 0 0 4833
14 4 41 3.23348 -3 0 0 9865
14 4 42 5 -2 0 0 11728
14 4 43 4.12302 0.364172 0.330219 0.0177191 15554
14 4 44 2.73016 0.684638 0.396958 0.415925 7557
14 4 45 6 -2 0 0 9758
14 4 46 3.23348 -3 0 0 17924
14 4 47 3.76095 0.334945 0.36499 0.0316999 8760
14 4 48 3.21871 0.497134 0.805172 0.185119 11599
14 4 49 5.04176 0.454027 0.514801 0.814377 12826
14 4 50 3.23348 -3 0 0 10052
14 4 51 2 8.78435 0.558017 0.206498 12972
14 4 52 3.23348 -3 0 0 14700
14 4 53 2.78767 0.362326 0.930422 0.249536 9024
14 4 54 3.05667 0.665127 0.445995 0.274655 7757
14 4 55 4.02671 0.51971 0.50213 0.388055 13608
14 4 56 5.24228 0.543384 1.01747 0.755779 10597
14 4 57 2.63075 0.701426 0.531494 0.469363 12409
14 4 58 3.23348 -3 0 0 11489
14 4 59 2 -2 0 0 15995
14 4 60 3.43841 0.523872 0.41764 0.0955126 7441
14 4 61 3 -2 0 0 14514
14 4 62 5 -2 0 0 15656
14 4 63 3 -2 0 0 12742
14 5 0 3.09353 0.677548 0.698096 0.173578 12013
14 5 1 3.60786 0.514734 0.72638 0.248221 12443
14 5 2 4.30846 0.413083 0.438045 0.12998 9097
14 5 3 8 -2 0 0 14852
14 5 4 3.34907 0.542406 0.586449 0.19365 12741
14 5 5 3.83602 0.621241 0.809496 0.819012 12802
14 5 6 2 -2 0 0 13685
14 5 7 4.2189 0.471397 0.624804 0.209578 16898
14 5 8 3.62546 0.526378 0.525002 0.212223 12906
14 5 9 3.64608 -3 0 0 8978
14 5 10 4.26462 0.277654 0.558102 0.0426622 14344
14 5 11 4 -2 0 0 14619
14 5 12 3.68379 0.549082 0.645031 0.305901 14368
14 5 13 3.4862 0.312708 1.30441 0.51478 16323
14 5 14 7 -2 0 0 12793
14 5 15 2 1.39652 1.69467 0.770175 15381
14 5 16 4.15238 0.362867 0.479882 0.0595284 16382
14 5 17 2 -2 0 0 11410
14 5 18 3.64608 -3 0 0 8932
14 5 19 3.64333 0.50166 0.554903 0.219313 17700
14 5 20 4.20774 0.57043 0.763086 0.599473 17562
14 5 21 4.09577 0.475735 0.476797 0.185532 13667
14 5 22 6 -2 0 0 15456
14 5 23 3.63712 0.370054 0.499984 0.082535 14252
14 5 24 4.15537 0.400785 0.711997 0.181602 12175
14 5 25 4.94436 0.312406 0.412485 0.105586 18560
14 5 26 6 -2 0 0 13783
14 5 27 3.40788 0.267079 0.815917 0.248668 8612
14 5 28 5 -2 0 0 15444
14 5 29 5 -2 0 0 15809
14 5 30 5.8678 0.386125 0.496045 0.970123 15841
14 5 31 6 -2 0 0 12098
14 5 32 6 -2 0 0 18889
14 5 33 3.33448 0.82627 1.024 0.990316 18320
14 5 34 3.50679 0.492862 0.774014 0.320485 17350
14 5 35 3.20377 0.659471 0.944742 0.145855 21465
14 5 36 4.60996 0.404667 0.711164 0.257518 5578
14 5 37 5.41734 0.339809 0.683966 0.280035 7889
14 5 38 2.98377 0.727975 1.17116 0.499686 17349
14 5 39 4.47885 0.481106 0.745464 0.350625 22058
14 5 40 4 -2 0 0 16671
14 5 41 4.37476 0.456171 0.737139 0.360632 19911
14 5 42 4.10209 0.375718 0.369382 0.166269 18588
14 5 43 2 -2 0 0 16964
14 5 44 6 -2 0 0 20292
14 5 45 3.44636 0.542371 0.648341 0.279616 19098
14 5 46 7 -2 0 0 17517
14 5 47 3 -2 0 0 18888
14 5 48 3 -2 0 0 18818
14 5 49 6 -2 0 0 18108
14 5 50 6 -2 0 0 21578
14 5 51 3.23349 1.03982 1.74742 0.544598 21549
14 5 52 3.19208 0.395909 1.18473 0.519518 17905
14 5 53 6 -2 0 0 16691
14 5 54 4.21569 0.330342 0.572395 0.0566276 11435
14 5 55 3.64608 -3 0 0 11960
14 5 56 3.32989 0.250851 0.623848 0.110307 22447
14 5 57 3.21299 0.528923 0.64065 0.12962 22456
14 5 58 6 -2 0 0 20324
14 5 59 3 -2 0 0 17171
14 5 60 3.16184 0.677051 0.726059 0.327541 13756
14 5 61 3.12155 0.721833 1.60897 0.703803 22671
14 5 62 5 -2 0 0 11944
14 5 63 3.21235 0.351969 0.512456 0.0150837 9387
14 6 0 3.18689 0.720674 0.452941 0.0807861 14414
14 6 1 3.25096 0.390373 0.450539 0.0119224 10235
14 6 2 3.42175 0.474364 0.358605 0.0435427 12406
14 6 3 3.03579 0.95669 0.434525 0.273489 8815
14 6 4 4 -2 0 0 9134
14 6 5 2 -2 0 0 10092
14 6 6 5 -2 0 0 10737
14 6 7 3.69464 0.539538 0.311975 0.207858 7128
14 6 8 2.96832 0.358004 0.41219 0.0485377 7955
14 6 9 5 -2 0 0 8189
14 6 10 6 -2 0 0 8913
14 6 11 4 -2 0 0 9342
14 6 12 2 2.79875 1.57679 1.08444 5827
14 6 13 6 -2 0 0 6034
14 6 14 5 -2 0 0 10302
14 6 15 4 -2 0 0 7781
14 6 16 8 -2 0 0 7345
14 6 17 2 -2 0 0 7618
14 6 18 6 -2 0 0 5308
14 6 19 2.60751 0.93258 0.359896 0.0380621 6705
14 6 20 3.31072 1.10131 0.490361 0.603448 7995
14 6 21 7 -2 0 0 10440
14 6 22 6.81501 0.441858 0.365207 1.04999 8065
14 6 23 5 -2 0 0 4523
14 6 24 2.31888 1.08463 1.13797 0.577728 7099
14 6 25 7 -2 0 0 6704
14 6 26 3 -2 0 0 9988
14 6 27 3.41638 -3 0 0 7354
14 6 28 5.75519 0.54082 0.309482 0.425425 6961
14 6 29 3.10944 0.321971 0.548399 0.129012 5134
14 6 30 2 -2 0 0 1950
14 6 31 6 -2 0 0 6470
14 6 32 7 -2 0 0 5502
14 6 33 3.41638 -3 0 0 6930
14 6 34 2 -2 0 0 10623
14 6 35 5.00154 0.495304 0.887245 0.479968 6093
14 6 36 3.27881 1.03861 0.492789 0.294778 1558
14 6 37 4.2055 0.53495 0.699304 0.311248 7099
14 6 38 3.41638 -3 0 0 5763
14 6 39 2 -2 0 0 6277
14 6 40 6.10775 0.528382 0.259938 0.671026 7696
14 6 41 3.55795 1.41084 0.609044 0.784046 5772
14 6 42 4.97676 0.546396 0.320748 0.265806 6514
14 6 43 5 -2 0 0 6558
14 6 44 6 -2 0 0 5752
14 6 45 3.08366 0.238326 0.743362 0.1163 6543
14 6 46 4 -2 0 0 9875
14 6 47 2 -2 0 0 5796
14 6 48 2.87901 1.02739 0.562071 0.24402 3539
14 6 49 4.35658 0.586568 0.321641 0.0972765 5294
14 6 50 4.23983 0.29574 0.316444 0.0841513 5935
14 6 51 3.04849 0.580201 0.401707 0.0205825 5246
14 6 52 3.41638 -3 0 0 7486
14 6 53 5 -2 0 0 5734
14 6 54 5.74931 0.613252 0.232702 0.636239 4339
14 6 55 3.41638 -3 0 0 5525
14 6 56 3.22952 0.777447 0.419605 0.10951 6321
14 6 57 4 -2 0 0 6636
14 6 58 2.54879 1.64869 0.988836 0.165414 6419
14 6 59 7 -2 0 0 8385
14 6 60 7 -2 0 0 5855
14 6 61 2.85215 0.531775 0.479968 0.0177098 6288
14 6 62 3.34123 0.322547 0.45226 0.0218226 6223
14 6 63 5.44935 0.460965 0.278906 0.525687 5329
14 7 0 6 -2 0 0 8312
14 7 1 6 -2 0 0 8133
14 7 2 3 -2 0 0 6233
14 7 3 5 -2 0 0 8407
14 7 4 6 -2 0 0 7320
14 7 5 2 -2 0 0 6392
14 7 6 2 -2 0 0 8193
14 7 7 4.30038 0.493311 0.301348 0.0833257 6305
14 7 8 2 -2 0 0 8563
14 7 9 2 -2 0 0 6757
14 7 10 6 -2 0 0 8738
14 7 11 2 -2 0 0 6111
14 7 12 3 -2 0 0 6220
14 7 13 6 -2 0 0 9597
14 7 14 2.63349 0.613172 0.244053 0.0816056 6141
14 7 15 4.13111 0.416682 0.278746 0.298614 10508
14 7 16 6 -2 0 0 8500
14 7 17 6 -2 0 0 6491
14 7 18 2 8.30091 0.814321 0.511204 7210
14 7 19 2 8.09081 1.3042 0.882577 8690
14 7 20 2.74201 0.847482 1.15307 0.224307 2349
14 7 21 2.49321 1.011 1.19045 0.922271 8343
14 7 22 2 -2 0 0 8855
14 7 23 4.22784 0.556749 0.327239 0.127926 10391
14 7 24 4.3471 0.423997 0.31519 0.370968 6188
14 7 25 3.55035 0.571178 0.339498 0.0868258 11352
14 7 26 6 -2 0 0 8215
14 7 27 3 -2 0 0 10554
14 7 28 4.98427 0.436717 0.314078 0.0845911 8418
14 7 29 3.70917 0.351615 0.344351 0.0736662 7599
14 7 30 2.74467 0.75745 0.368827 0.137751 9099
14 7 31 6 -2 0 0 10680
14 7 32 3.21916 -3 0 0 8933
14 7 33 7 -2 0 0 12080
14 7 34 2 -2 0 0 9856
14 7 35 3.21916 -3 0 0 14993
14 7 36 5 -2 0 0 8347
14 7 37 2.60363 0.734677 0.550014 0.431902 7324
14 7 38 5.37474 0.315209 0.376979 0.443194 16760
14 7 39 3.21916 -3 0 0 17906
14 7 40 4.39251 0.537898 0.287549 0.362717 10591
14 7 41 3.21916 -3 0 0 13562
14 7 42 5 -2 0 0 12983
14 7 43 2 -2 0 0 7826
14 7 44 3.61927 0.522604 0.356648 0.0547004 12512
14 7 45 4 -2 0 0 13378
14 7 46 5 -2 0 0 11530
14 7 47 3.21916 -3 0 0 16772
14 7 48 2 -2 0 0 12683
14 7 49 2 -2 0 0 12982
14 7 50 3 -2 0 0 15193
14 7 51 4.18024 0.349359 0.434578 0.013005 14229
14 7 52 4 -2 0 0 12095
14 7 53 2.40032 0.812387 0.383824 0.078868 14451
14 7 54 4 -2 0 0 14717
14 7 55 3.21916 -3 0 0 10212
14 7 56 3.25547 0.706316 0.457952 0.216928 17634
14 7 57 3.70921 0.508119 0.382644 0.0762974 16416
14 7 58 5.07296 0.427884 0.359816 0.487024 11630
14 7 59 3.64212 0.323836 0.406604 0.027738 12508
14 7 60 2 -2 0 0 18141
14 7 61 3.54478 0.419637 0.482185 0.0652981 11911
14 7 62 2 -2 0 0 11447
14 7 63 3.21916 -3 0 0 8781
14 8 0 6 -2 0 0 5297
14 8 1 4.13678 0.423838 0.407737 0.230502 4797
14 8 2 3.37102 0.744039 0.537466 0.356737 7844
14 8 3 2.50737 1.02961 0.84179 0.401076 4660
14 8 4 5 -2 0 0 10195
14 8 5 2.3604 0.933057 0.719122 0.252911 4356
14 8 6 3.17798 0.549298 0.354964 0.152626 8775
14 8 7 4.14473 0.696111 0.469576 0.655132 7447
14 8 8 5 -2 0 0 9114
14 8 9 5 -2 0 0 9308
14 8 10 4.24717 0.530686 0.3475 0.114355 9438
14 8 11 2.71551 0.743544 0.525981 0.0900624 4616
14 8 12 2 -2 0 0 4808
14 8 13 4.7206 0.610851 0.459113 0.643246 11706
14 8 14 3.43982 0.24264 0.573607 0.0601033 4602
14 8 15 2.58689 0.748064 1.10298 0.597258 6562
14 8 16 6 -2 0 0 10927
14 8 17 3.49849 0.251243 0.84647 0.519248 4206
14 8 18 3.21773 -3 0 0 5704
14 8 19 2.53936 1.42421 1.65812 0.697044 7704
14 8 20 3.30091 0.788585 0.622976 0.396422 2013
14 8 21 3.21773 -3 0 0 8878
14 8 22 3.63416 0.568575 0.547592 0.122125 10582
14 8 23 6 -2 0 0 9985
14 8 24 3.0286 0.781556 0.644119 1.05352 4776
14 8 25 4.08761 0.651001 1.17561 0.636699 7478
14 8 26 3.55768 0.611552 0.605104 0.298447 8567
14 8 27 4.14793 0.323061 0.395597 0.0851468 6837
14 8 28 4.80834 0.341477 0.347924 0.541771 7894
14 8 29 4.13478 0.5666 0.270934 0.325131 9661
14 8 30 2.73042 0.633643 1.09751 0.876217 2259
14 8 31 3.21773 -3 0 0 16579
14 8 32 3.38511 0.434611 0.463404 0.154664 14244
14 8 33 5 -2 0 0 13732
14 8 34 4.03581 0.667331 0.499477 0.527053 5513
14 8 35 7 -2 0 0 18073
14 8 36 4 -2 0 0 1652
14 8 37 4.48093 0.360498 0.387494 0.2311 10764
14 8 38 4.33441 0.359561 0.383483 0.104902 20108
14 8 39 4 -2 0 0 11356
14 8 40 3.21773 -3 0 0 2135
14 8 41 5 -2 0 0 11059
14 8 42 3.69395 0.328815 0.690117 0.066382 5060
14 8 43 6 -2 0 0 10295
14 8 44 3.30565 0.279968 0.532178 0.00774459 9948
14 8 45 4 -2 0 0 8241
14 8 46 2 1.71835 1.45099 0.916535 5221
14 8 47 3.21773 -3 0 0 23134
14 8 48 5 -2 0 0 14209
14 8 49 3.13119 0.624297 0.697984 0.382467 11147
14 8 50 2 2.26562 1.38151 0.748329 7598
14 8 51 7 -2 0 0 9209
14 8 52 3.54061 0.542308 0.643518 0.167058 11230
14 8 53 4.0446 0.404027 1.63274 1.08825 12205
14 8 54 2 11.2231 1.10138 1.0214 14703
14 8 55 2 9.22548 1.13707 0.467797 8204
14 8 56 5.01613 0.320907 0.5532 0.352058 8307
14 8 57 2.62968 0.60104 1.00381 0.257029 15085
14 8 58 7 -2 0 0 14161
14 8 59 4 -2 0 0 11058
14 8 60 7 -2 0 0 11650
14 8 61 2.70835 8.31595 1.07517 0.192437 8427
14 8 62 3.19865 0.666997 0.541716 0.25464 11944
14 8 63 5 -2 0 0 13220
14 9 0 2 -2 0 0 7534
14 9 1 4.14255 0.48727 0.470384 0.249095 9228
14 9 2 2.00007 12.441 0.644402 0.775951 8246
14 9 3 2.83752 0.297088 0.758977 0.494392 5494
14 9 4 2.52723 1.3295 0.581445 0.0706513 5915
14 9 5 4 -2 0 0 4133
14 9 6 5 -2 0 0 7467
14 9 7 2 -2 0 0 1279
14 9 8 2.66266 0.410945 0.563583 0.0868698 7097
14 9 9 2.44557 1.11864 0.548503 0.295699 6497
14 9 10 2.68265 0.578123 0.929694 0.566608 5981
14 9 11 7 -2 0 0 6297
14 9 12 3.6844 0.377119 0.445398 0.163338 6005
14 9 13 2 -2 0 0 3395
14 9 14 5 -2 0 0 5736
14 9 15 4.63266 0.469213 0.275484 0.0385918 4327
14 9 16 5 -2 0 0 1924
14 9 17 3.48584 0.439646 0.428525 0.0170178 7307
14 9 18 3.10711 -3 0 0 5584
14 9 19 2 -2 0 0 1017
14 9 20 3.10711 -3 0 0 3763
14 9 21 3.65662 0.402919 0.446218 0.145735 3752
14 9 22 3.64099 0.242838 0.768766 0.147231 3120
14 9 23 6 -2 0 0 1338
14 9 24 6 -2 0 0 7935
14 9 25 3.42666 0.77724 0.402807 0.0388662 3091
14 9 26 3.10711 -3 0 0 8383
14 9 27 5 -2 0 0 1748
14 9 28 4.85022 0.753761 0.327227 0.640737 3208
14 9 29 3.92346 0.344973 0.434656 0.0281883 6351
14 9 30 5 -2 0 0 892
14 9 31 5 -2 0 0 3227
14 9 32 8 -2 0 0 2124
14 9 33 4.9673 0.637595 0.475357 0.442163 1918
14 9 34 2.23001 7.83121 1.59029 0.723653 4465
14 9 35 7 -2 0 0 4230
14 9 36 3 -2 0 0 687
14 9 37 3.10711 -3 0 0 1099
14 9 38 3.27766 0.471588 0.455563 0.00800891 2822
14 9 39 2 -2 0 0 4244
14 9 40 3.10711 -3 0 0 1134
14 9 41 2 -2 0 0 3517
14 9 42 7 -2 0 0 2073
14 9 43 8 -2 0 0 6112
14 9 44 3.74284 0.492412 0.418979 0.140128 2627
14 9 45 5 -2 0 0 3037
14 9 46 3.76346 1.04941 0.526369 0.382417 7428
14 9 47 2.9734 0.245585 0.676664 0.381449 2889
14 9 48 2.67125 1.01378 0.500421 0.0387802 2324
14 9 49 3.03041 0.38641 0.964114 0.295775 3411
14 9 50 3.69712 0.637828 0.516072 0.159112 2634
14 9 51 2.61969 10.3383 0.954727 0.680336 4622
14 9 52 6 -2 0 0 5830
14 9 53 3.10711 -3 0 0 2408
14 9 54 2 -2 0 0 2473
14 9 55 5 -2 0 0 5457
14 9 56 4.94661 0.671366 0.376748 0.644564 4273
14 9 57 3 -2 0 0 4695
14 9 58 3.10711 -3 0 0 2822
14 9 59 2.16385 9.50681 1.50411 1.08604 4412
14 9 60 2.75496 1.16419 0.602884 0.530107 2403
14 9 61 5 -2 0 0 5445
14 9 62 2.4905 1.17867 0.693938 0.207402 3640
14 9 63 5 -2 0 0 5106
14 10 0 5.62167 0.495053 1.77355 0.258394 12353
14 10 1 5.71776 0.444297 1.96228 0.274372 12261
14 10 2 5.06283 0.721169 2.39343 0.24469 17348
14 10 3 5.12821 0.556353 1.89644 0.284865 20323
14 10 4 5.64125 0.505944 1.70919 0.31025 19320
14 10 5 8 -2 0 0 13258
14 10 6 5.76451 0.563595 2.68959 0.149292 18398
14 10 7 9 -2 0 0 25369
14 10 8 5.7117 0.459715 1.91493 0.232624 17573
14 10 9 8 -2 0 0 19722
14 10 10 10 -2 0 0 22291
14 10 11 9 -2 0 0 18332
14 10 12 5.29345 0.621396 2.11513 0.355056 18675
14 10 13 9 -2 0 0 19019
14 10 14 8 -2 0 0 13243
14 10 15 5.58259 0.444914 1.99483 0.223453 21661
14 10 16 5.20893 0.669782 2.00539 0.303688 25380
14 10 17 5.87572 0.600579 2.15928 0.444358 17446
14 10 18 8 -2 0 0 10691
14 10 19 5.31499 0.426117 1.71829 0.0920853 20107
14 10 20 5.84199 0.511093 2.23106 0.271844 7867
14 10 21 6.59309 0.380625 2.21121 0.22496 18876
14 10 22 5.95594 0.549283 2.1065 0.299544 17038
14 10 23 8 -2 0 0 19750
14 10 24 10 -2 0 0 13277
14 10 25 7 -2 0 0 20549
14 10 26 5.68278 0.602422 2.42954 0.210244 17121
14 10 27 10 -2 0 0 15761
14 10 28 8 -2 0 0 19156
14 10 29 5.49184 0.61073 2.1425 0.743724 11891
14 10 30 6.00743 0.529274 2.25683 0.320544 7450
14 10 31 7 -2 0 0 22192
14 10 32 5.6741 0.375085 1.65089 0.0699961 19778
14 10 33 6.21679 0.383197 1.81047 0.269908 23501
14 10 34 6.41151 0.38674 2.11593 0.15658 10964
14 10 35 8 -2 0 0 29666
14 10 36 10 -2 0 0 7161
14 10 37 6.19253 0.54407 2.38157 0.369579 7445
14 10 38 8 -2 0 0 28869
14 10 39 5.88691 0.47369 1.97522 0.343289 19880
14 10 40 6.09693 0.486443 2.17273 0.401945 5952
14 10 41 6.07207 0.391012 1.96397 0.135266 20724
14 10 42 6.29241 0.367764 2.022 0.16173 14184
14 10 43 7 -2 0 0 12373
14 10 44 5.69087 0.457049 1.87648 0.183253 23965
14 10 45 9 -2 0 0 19501
14 10 46 5.75366 0.369346 1.66537 0.198024 11612
14 10 47 8 -2 0 0 27233
14 10 48 8 -2 0 0 21964
14 10 49 8 -2 0 0 16372
14 10 50 5.59264 0.724413 2.34457 0.526443 24963
14 10 51 5.25742 0.683236 2.25539 0.114733 17808
14 10 52 8 -2 0 0 19906
14 10 53 8 -2 0 0 22981
14 10 54 8 -2 0 0 20755
14 10 55 5.25231 0.607313 2.30641 0.0663438 14002
14 10 56 5.41971 0.770128 2.04816 0.444187 24195
14 10 57 7 -2 0 0 17530
14 10 58 7 -2 0 0 18710
14 10 59 9 -2 0 0 12735
14 10 60 8 -2 0 0 20455
14 10 61 5.60998 0.372958 1.6495 0.12856 21366
14 10 62 6.1142 0.339567 1.85065 0.236126 14122
14 10 63 7 -2 0 0 13810
14 11 0 4.00255 0.340326 0.428667 0.00803713 22139
14 11 1 2.74932 0.677641 0.458379 0.123703 19007
14 11 2 3.47717 -3 0 0 15742
14 11 3 4.10656 0.370694 0.295968 0.0885683 10424
14 11 4 4.27197 0.428982 0.415981 0.164029 12411
14 11 5 2.65689 0.642626 0.536432 0.430089 12786
14 11 6 3.86565 0.523012 0.426219 0.218986 12357
14 11 7 4.1426 0.371082 0.289992 0.174278 9209
14 11 8 3.47717 -3 0 0 14725
14 11 9 5 -2 0 0 11360
14 11 10 3.47717 -3 0 0 10195
14 11 11 5 -2 0 0 14480
14 11 12 5 -2 0 0 11596
14 11 13 3.47717 -3 0 0 8063
14 11 14 2 -2 0 0 16602
14 11 15 4.27629 0.450318 0.452658 0.664338 9874
14 11 16 5.17832 0.40316 0.304934 0.538752 9458
14 11 17 4.27394 0.469721 0.309696 0.251353 13860
14 11 18 5 -2 0 0 11643
14 11 19 4.60127 0.281864 0.304281 0.815954 9054
14 11 20 3.62447 0.608192 0.599037 0.282873 2963
14 11 21 3.47717 -3 0 0 10520
14 11 22 4.00616 0.337843 0.462692 0.131169 9398
14 11 23 3.43311 0.531393 0.406083 0.466834 13971
14 11 24 3.47717 -3 0 0 14371
14 11 25 3.09338 0.535061 0.962867 0.15026 8867
14 11 26 3.47717 -3 0 0 18209
14 11 27 3.45756 0.637504 0.561122 1.03122 8998
14 11 28 6 -2 0 0 9401
14 11 29 3.26052 0.454991 1.02217 0.105264 12234
14 11 30 3.47717 -3 0 0 3870
14 11 31 3.47717 -3 0 0 8676
14 11 32 3.47717 -3 0 0 8083
14 11 33 3.48355 0.543259 0.771899 0.864571 8324
14 11 34 4.90241 0.371942 0.307072 0.0579102 18914
14 11 35 4.25086 0.540837 0.433496 0.495946 8308
14 11 36 7 -2 0 0 2697
14 11 37 4.38358 0.295359 0.350729 0.116346 12948
14 11 38 6 -2 0 0 8361
14 11 39 3.43236 0.308522 0.612527 0.175047 8091
14 11 40 4.67994 0.37185 0.626246 0.119727 2797
14 11 41 6 -2 0 0 6839
14 11 42 3.96501 0.465548 0.322505 0.0786407 8742
14 11 43 3.42557 0.520766 0.447695 0.134757 15292
14 11 44 3.36426 0.62501 0.524035 0.170503 8598
14 11 45 7 -2 0 0 9483
14 11 46 3.47717 -3 0 0 18156
14 11 47 6 -2 0 0 4378
14 11 48 5 -2 0 0 7012
14 11 49 5 -2 0 0 12564
14 11 50 6 -2 0 0 9290
14 11 51 3.54343 0.300921 1.2608 0.594498 13514
14 11 52 5 -2 0 0 14556
14 11 53 8 -2 0 0 6070
14 11 54 4.60489 0.386686 0.388223 0.350014 7035
14 11 55 3.47717 -3 0 0 13772
14 11 56 6 -2 0 0 11040
14 11 57 2.69919 0.907343 0.601164 0.0910694 11781
14 11 58 3.47717 -3 0 0 8119
14 11 59 2 -2 0 0 18117
14 11 60 4 -2 0 0 9376
14 11 61 3.47717 -3 0 0 13633
14 11 62 4.09459 0.411466 0.314406 0.152248 13593
14 11 63 2.57917 0.827581 0.623977 0.890311 11994
14 12 0 3.45196 0.307204 1.09198 0.0897879 19531
14 12 1 4 -2 0 0 18778
14 12 2 2.59272 1.74742 1.16951 0.0945852 20995
14 12 3 3 -2 0 0 19601
14 12 4 2.8179 1.09099 0.943742 0.0207551 18552
14 12 5 3.40794 0.341902 0.662971 0.13321 18500
14 12 6 3.31693 0.384689 1.03424 0.377411 21755
14 12 7 3.6697 0.349515 0.483922 0.092418 26237
14 12 8 3.49825 0.39045 0.419276 0.0532931 18854
14 12 9 3.36276 0.499397 0.594591 0.250251 23401
14 12 10 3.84254 0.42525 0.47915 0.0293359 25972
14 12 11 2.7898 0.644604 0.697654 0.223016 16925
14 12 12 4 -2 0 0 21185
14 12 13 3.28319 0.225179 1.00858 0.137401 18337
14 12 14 2.69404 0.711095 0.786406 0.17892 16697
14 12 15 4 -2 0 0 19710
14 12 16 5 -2 0 0 26015
14 12 17 5 -2 0 0 16950
14 12 18 4.28195 0.353172 0.625449 0.0173671 20551
14 12 19 3.21799 0.390031 0.587294 0.0410855 24051
14 12 20 3.09527 0.64826 0.761119 0.0588311 17135
14 12 21 4.16788 0.231547 0.813616 0.0777572 23572
14 12 22 5 -2 0 0 23579
14 12 23 3.48821 0.304699 0.646334 0.0420127 16095
14 12 24 3.65334 0.243554 0.482469 0.0247487 17763
14 12 25 4 -2 0 0 22616
14 12 26 3.27087 0.274918 0.907835 0.236263 13830
14 12 27 3.50594 0.258688 0.631379 0.175143 19182
14 12 28 3.79279 0.406756 0.488217 0.0665359 20464
14 12 29 3.3452 0.308536 0.940436 0.448666 12230
14 12 30 5 -2 0 0 18342
14 12 31 3.26998 0.50085 0.594978 0.0958875 20639
14 12 32 3.54628 0.505464 0.602408 0.0243227 19224
14 12 33 3.60095 0.50836 0.71297 0.0455013 18141
14 12 34 3.57377 0.264269 0.668991 0.0929579 14008
14 12 35 3.50641 0.441343 0.420828 0.0847568 19643
14 12 36 3.2765 0.406808 0.595514 0.034393 13325
14 12 37 4.38761 0.411998 0.589429 0.198744 14978
14 12 38 3.94756 0.407863 0.508654 0.0886491 18320
14 12 39 4 -2 0 0 14252
14 12 40 3.42287 0.399435 1.00682 0.238198 16218
14 12 41 3.57207 0.320432 0.292463 0.00760086 16225
14 12 42 3.68667 0.432417 1.18627 0.132595 14398
14 12 43 5 -2 0 0 14351
14 12 44 3.22612 0.757445 1.00014 0.321523 16487
14 12 45 2.84606 0.473201 1.14855 0.0830242 14181
14 12 46 3.48393 0.294097 0.473623 0.0757478 14022
14 12 47 3.24147 0.488699 0.856189 0.0884219 17482
14 12 48 3.26717 0.338501 0.820488 0.135032 15794
14 12 49 3.37858 0.446276 0.841446 0.0974911 14103
14 12 50 3.47227 0.416778 0.674983 0.0550496 15823
14 12 51 3.63078 0.260183 0.665908 0.0556046 11840
14 12 52 3.65282 0.410849 0.498797 0.022273 13290
14 12 53 4 -2 0 0 16113
14 12 54 4 -2 0 0 14681
14 12 55 3.23183 0.485227 0.980687 0.0699145 12601
14 12 56 2.76397 0.819098 1.48392 0.202806 13401
14 12 57 3 -2 0 0 12366
14 12 58 2.72783 0.432322 1.0016 0.175436 13682
14 12 59 2.6789 0.590612 0.516847 0.232464 13235
14 12 60 3.25548 -3 0 0 14793
14 12 61 4 -2 0 0 11551
14 12 62 2.56535 0.659852 1.1351 0.0462562 12679
14 12 63 3.0133 0.325723 0.509257 0.0237422 13254
14 13 0 6 -2 0 0 12435
14 13 1 3.56951 0.63108 0.747296 0.413552 10134
14 13 2 4.14771 0.415715 0.446228 0.135189 9212
14 13 3 6 -2 0 0 7224
14 13 4 3.20904 0.602244 0.371948 0.12646 8855
14 13 5 3.62256 -3 0 0 8633
14 13 6 4.03518 0.413532 0.456817 0.40796 8717
14 13 7 2.85374 0.581066 0.744838 0.112124 6327
14 13 8 6 -2 0 0 8909
14 13 9 2.87519 0.643662 1.24566 0.819078 7193
14 13 10 4.33921 0.390474 0.363092 0.103332 6634
14 13 11 3.86164 0.336996 0.35391 0.010402 9611
14 13 12 3.62256 -3 0 0 7989
14 13 13 3.56939 0.333951 0.660862 0.201318 6794
14 13 14 3.89983 0.434331 0.434854 0.0757747 13253
14 13 15 7 -2 0 0 7639
14 13 16 6 -2 0 0 6552
14 13 17 3.17652 0.851045 0.678292 0.787703 11534
14 13 18 3.7458 0.659518 0.567699 0.816872 7730
14 13 19 3.62256 -3 0 0 5976
14 13 20 2 -2 0 0 7065
14 13 21 4.21204 0.380866 0.181996 0.175307 7264
14 13 22 6 -2 0 0 6586
14 13 23 5.19199 0.419415 0.356092 0.586645 6957
14 13 24 4.00791 0.559093 0.430181 0.37263 10890
14 13 25 3 -2 0 0 7006
14 13 26 3.97153 0.543023 0.661737 0.385817 13783
14 13 27 3.62256 -3 0 0 8182
14 13 28 3.95664 0.450041 0.6038 0.507862 7130
14 13 29 6 -2 0 0 12481
14 13 30 7 -2 0 0 7679
14 13 31 4.40367 0.326389 0.324842 0.0275491 7326
14 13 32 4.89131 0.450101 0.280755 0.290758 6829
14 13 33 4.25882 0.410341 0.611771 0.528732 8591
14 13 34 3.62256 -3 0 0 14836
14 13 35 4.68537 0.384424 0.280285 0.0315788 7099
14 13 36 7 -2 0 0 5567
14 13 37 3.37193 0.539525 1.02242 0.842561 11069
14 13 38 3.44243 0.847769 0.750914 0.795955 7552
14 13 39 6 -2 0 0 11564
14 13 40 7 -2 0 0 10005
14 13 41 3.62256 -3 0 0 7377
14 13 42 4.07879 0.371011 0.488635 0.163032 10809
14 13 43 3.62256 -3 0 0 13846
14 13 44 3 -2 0 0 7960
14 13 45 7 -2 0 0 8376
14 13 46 4 -2 0 0 13403
14 13 47 3.70838 0.47814 0.380326 0.0821148 8678
14 13 48 3.62256 -3 0 0 8837
14 13 49 6.06275 0.364378 0.508972 0.933946 12459
14 13 50 3.34711 0.635338 0.423622 0.131249 8729
14 13 51 3.62256 -3 0 0 17730
14 13 52 4 -2 0 0 13032
14 13 53 3.62256 -3 0 0 9173
14 13 54 3.62256 -3 0 0 10513
14 13 55 3.49506 0.522022 0.544736 0.752698 14521
14 13 56 6 -2 0 0 11418
14 13 57 5 -2 0 0 14561
14 13 58 3.62256 -3 0 0 11886
14 13 59 3.62256 -3 0 0 15373
14 13 60 5 -2 0 0 10272
14 13 61 3.37701 0.895588 0.874112 1.01377 18093
14 13 62 3.62256 -3 0 0 17043
14 13 63 5 -2 0 0 13421
14 14 0 6 -2 0 0 12333
14 14 1 2.97147 0.625086 0.40837 0.0583402 12383
14 14 2 7 -2 0 0 12962
14 14 3 3.72107 -3 0 0 13239
14 14 4 4 -2 0 0 10635
14 14 5 5 -2 0 0 11970
14 14 6 6 -2 0 0 14292
14 14 7 5.60834 0.457129 0.372795 0.910658 14698
14 14 8 6 -2 0 0 11265
14 14 9 2.19526 2.37314 1.1132 0.459589 14269
14 14 10 5 -2 0 0 17162
14 14 11 5 -2 0 0 10170
14 14 12 3.72107 -3 0 0 10284
14 14 13 4 -2 0 0 11461
14 14 14 2 -2 0 0 8371
14 14 15 4.30153 0.476012 0.490724 0.268637 11433
14 14 16 3.72107 -3 0 0 18421
14 14 17 2 -2 0 0 9141
14 14 18 4.15799 0.387695 0.42657 0.0440683 11127
14 14 19 4.59399 0.469492 0.447381 0.149652 13596
14 14 20 3.29367 0.660957 0.743678 0.541084 9583
14 14 21 4.14073 0.58746 0.533902 0.274131 14970
14 14 22 4.28726 0.376023 0.385032 0.100853 14058
14 14 23 5 -2 0 0 8894
14 14 24 3.72107 -3 0 0 9491
14 14 25 7 -2 0 0 11186
14 14 26 3.72175 0.544874 0.458219 0.226989 7628
14 14 27 5 -2 0 0 10338
14 14 28 3.72107 -3 0 0 10819
14 14 29 3.68067 0.319804 0.833344 0.499338 8203
14 14 30 2.38394 0.864601 0.576799 0.846202 9758
14 14 31 4.54263 0.400189 0.414118 0.0668608 10970
14 14 32 4 -2 0 0 9567
14 14 33 4 -2 0 0 9217
14 14 34 4.48656 0.514271 0.420917 0.421343 8841
14 14 35 3.84186 0.334394 0.4374 0.0173493 9205
14 14 36 2 9.6398 1.17302 0.589131 8702
14 14 37 5.52071 0.381418 0.538602 0.660047 7700
14 14 38 3.72107 -3 0 0 9112
14 14 39 3.36734 0.49956 1.00731 0.6713 7257
14 14 40 3.72107 -3 0 0 7965
14 14 41 5.32199 0.425886 0.300289 0.293144 8765
14 14 42 4 -2 0 0 7456
14 14 43 4.83979 0.413812 0.352553 0.082997 7332
14 14 44 4.00422 0.363351 0.490995 0.161287 8031
14 14 45 6.0548 0.444313 0.30431 0.803735 8220
14 14 46 4.79952 0.327995 0.397608 0.0256432 8012
14 14 47 4.97224 0.338642 0.390218 0.0673008 7249
14 14 48 4.45293 0.502533 0.365264 0.136024 7841
14 14 49 3.38731 0.447136 0.412779 0.0252465 7281
14 14 50 5.28262 0.391676 0.33524 0.553302 7430
14 14 51 6 -2 0 0 6970
14 14 52 5 -2 0 0 7096
14 14 53 3.36933 0.354934 0.41446 0.0150578 7500
14 14 54 5 -2 0 0 7403
14 14 55 3.42592 0.610763 0.542023 0.214868 6483
14 14 56 2.69025 0.989932 1.1443 0.110983 7243
14 14 57 4.08803 0.513985 0.613058 0.253906 7150
14 14 58 4.47376 0.353012 0.288065 0.214744 6382
14 14 59 2 -2 0 0 7323
14 14 60 2 -2 0 0 7311
14 14 61 3.04973 0.938429 0.985742 0.177466 6045
14 14 62 5 -2 0 0 7245
14 14 63 5 -2 0 0 5989
14 15 0 3 -2 0 0 6020
14 15 1 2 2.52302 0.657665 1.03625 5635
14 15 2 6 -2 0 0 4504
14 15 3 4.18638 0.634552 0.364861 0.0285859 3424
14 15 4 5 -2 0 0 4666
14 15 5 8 -2 0 0 4184
14 15 6 4.06306 0.452997 0.421212 0.0405539 4830
14 15 7 3.4151 0.860396 0.338869 0.182759 3575
14 15 8 6.43966 0.456883 0.402802 0.467625 5297
14 15 9 9 -2 0 0 4083
14 15 10 5 -2 0 0 4004
14 15 11 3.4837 0.52194 0.413215 0.0436823 4910
14 15 12 2.88522 0.99249 0.875617 0.154879 3950
14 15 13 4.84806 0.64618 0.265662 0.447852 4323
14 15 14 2.47142 1.13856 1.18592 0.922733 6532
14 15 15 3.38087 1.55478 0.705348 0.472946 4696
14 15 16 3.96194 0.490507 0.472048 0.0469584 4447
14 15 17 4 -2 0 0 5462
14 15 18 3.50291 0.896052 0.644635 0.227211 4589
14 15 19 3.59895 0.766027 0.469326 0.125035 3963
14 15 20 3.61826 -3 0 0 5317
14 15 21 5.1463 0.569858 0.292847 0.199122 4376
14 15 22 2 8.52601 1.45456 0.812824 4260
14 15 23 5.64898 0.668545 0.361251 0.690213 5533
14 15 24 5 -2 0 0 5386
14 15 25 5 -2 0 0 3544
14 15 26 3.52414 0.868609 0.547707 0.06723 6226
14 15 27 6 -2 0 0 4580
14 15 28 3.53933 1.01855 0.460877 0.244849 4488
14 15 29 4.60266 0.302361 0.418972 0.097823 6060
14 15 30 2 -2 0 0 4985
14 15 31 3.98747 0.606608 0.526358 0.173707 3665
14 15 32 5.53293 0.572957 0.733428 0.642023 3953
14 15 33 2.69361 0.780593 1.07744 0.585681 3771
14 15 34 4.74976 0.395429 0.436689 0.157157 4887
14 15 35 6 -2 0 0 4898
14 15 36 2.64887 1.2272 1.25371 0.439461 4228
14 15 37 2.52635 1.57119 1.15272 0.589539 5464
14 15 38 4 -2 0 0 4800
14 15 39 7 -2 0 0 6341
14 15 40 4.0459 0.422578 0.408503 0.0183086 5533
14 15 41 3.84366 0.641466 0.681036 0.253147 4204
14 15 42 4.41286 0.580394 0.744594 0.351908 4996
14 15 43 4.8627 0.482552 0.457254 0.142182 5752
14 15 44 3.61826 -3 0 0 4016
14 15 45 4.85892 0.624911 0.531372 0.457006 4020
14 15 46 2.81946 0.555765 0.970656 0.481888 6909
14 15 47 7 -2 0 0 5891
14 15 48 3.81486 0.327334 0.567665 0.601936 5817
14 15 49 8 -2 0 0 5580
14 15 50 3.29889 0.347493 0.580278 0.0238645 4351
14 15 51 3.339 0.912155 0.550462 0.132307 9083
14 15 52 7 -2 0 0 6218
14 15 53 3.61826 -3 0 0 6286
14 15 54 2 -2 0 0 5778
14 15 55 2 -2 0 0 7469
14 15 56 8 -2 0 0 7009
14 15 57 7.22082 0.300928 0.555815 1.06759 8231
14 15 58 7 -2 0 0 5584
14 15 59 3.66036 0.816448 0.551578 0.131671 7553
14 15 60 2.88065 0.543338 0.606183 0.0778649 6327
14 15 61 2.10549 8.91036 1.29373 0.455135 7394
14 15 62 4.9604 0.509667 0.714748 0.122993 6490
14 15 63 4.0966 0.66016 0.396791 0.203399 7251
