#mip results PROTO15-TB2022-03
#layer chip channel mpv empv widthmpv chi2ndf nentries
0 0 0 0 -10 0 0 0
0 0 1 0 -10 0 0 0
0 0 2 0 -10 0 0 0
0 0 3 0 -10 0 0 0
0 0 4 0 -10 0 0 0
0 0 5 0 -10 0 0 0
0 0 6 0 -10 0 0 0
0 0 7 0 -10 0 0 0
0 0 8 0 -10 0 0 0
0 0 9 0 -10 0 0 0
0 0 10 0 -10 0 0 0
0 0 11 0 -10 0 0 0
0 0 12 0 -10 0 0 0
0 0 13 0 -10 0 0 0
0 0 14 0 -10 0 0 0
0 0 15 0 -10 0 0 0
0 0 16 0 -10 0 0 0
0 0 17 0 -10 0 0 0
0 0 18 0 -10 0 0 0
0 0 19 0 -10 0 0 0
0 0 20 0 -10 0 0 0
0 0 21 0 -10 0 0 0
0 0 22 0 -10 0 0 0
0 0 23 0 -10 0 0 0
0 0 24 0 -10 0 0 0
0 0 25 0 -10 0 0 0
0 0 26 0 -10 0 0 0
0 0 27 0 -10 0 0 0
0 0 28 0 -10 0 0 0
0 0 29 0 -10 0 0 0
0 0 30 0 -10 0 0 0
0 0 31 0 -10 0 0 0
0 0 32 0 -10 0 0 0
0 0 33 0 -10 0 0 0
0 0 34 0 -10 0 0 0
0 0 35 0 -10 0 0 0
0 0 36 0 -10 0 0 0
0 0 37 0 -10 0 0 0
0 0 38 0 -10 0 0 0
0 0 39 0 -10 0 0 0
0 0 40 0 -10 0 0 0
0 0 41 0 -10 0 0 0
0 0 42 0 -10 0 0 0
0 0 43 0 -10 0 0 0
0 0 44 0 -10 0 0 0
0 0 45 0 -10 0 0 0
0 0 46 0 -10 0 0 0
0 0 47 0 -10 0 0 0
0 0 48 0 -10 0 0 0
0 0 49 0 -10 0 0 0
0 0 50 0 -10 0 0 0
0 0 51 0 -10 0 0 0
0 0 52 0 -10 0 0 0
0 0 53 0 -10 0 0 0
0 0 54 0 -10 0 0 0
0 0 55 0 -10 0 0 0
0 0 56 0 -10 0 0 0
0 0 57 0 -10 0 0 0
0 0 58 0 -10 0 0 0
0 0 59 0 -10 0 0 0
0 0 60 0 -10 0 0 0
0 0 61 0 -10 0 0 0
0 0 62 0 -10 0 0 0
0 0 63 0 -10 0 0 0
0 1 0 0 -10 0 0 0
0 1 1 0 -10 0 0 0
0 1 2 0 -10 0 0 0
0 1 3 0 -10 0 0 0
0 1 4 0 -10 0 0 0
0 1 5 0 -10 0 0 0
0 1 6 0 -10 0 0 0
0 1 7 0 -10 0 0 0
0 1 8 0 -10 0 0 0
0 1 9 0 -10 0 0 0
0 1 10 0 -10 0 0 0
0 1 11 0 -10 0 0 0
0 1 12 0 -10 0 0 0
0 1 13 0 -10 0 0 0
0 1 14 0 -10 0 0 0
0 1 15 0 -10 0 0 0
0 1 16 0 -10 0 0 0
0 1 17 0 -10 0 0 0
0 1 18 0 -10 0 0 0
0 1 19 0 -10 0 0 0
0 1 20 0 -10 0 0 0
0 1 21 0 -10 0 0 0
0 1 22 0 -10 0 0 0
0 1 23 0 -10 0 0 0
0 1 24 0 -10 0 0 0
0 1 25 0 -10 0 0 0
0 1 26 0 -10 0 0 0
0 1 27 0 -10 0 0 0
0 1 28 0 -10 0 0 0
0 1 29 0 -10 0 0 0
0 1 30 0 -10 0 0 0
0 1 31 0 -10 0 0 0
0 1 32 0 -10 0 0 0
0 1 33 0 -10 0 0 0
0 1 34 0 -10 0 0 0
0 1 35 0 -10 0 0 0
0 1 36 0 -10 0 0 0
0 1 37 0 -10 0 0 0
0 1 38 0 -10 0 0 0
0 1 39 0 -10 0 0 0
0 1 40 0 -10 0 0 0
0 1 41 0 -10 0 0 0
0 1 42 0 -10 0 0 0
0 1 43 0 -10 0 0 0
0 1 44 0 -10 0 0 0
0 1 45 0 -10 0 0 0
0 1 46 0 -10 0 0 0
0 1 47 0 -10 0 0 0
0 1 48 0 -10 0 0 0
0 1 49 0 -10 0 0 0
0 1 50 0 -10 0 0 0
0 1 51 0 -10 0 0 0
0 1 52 0 -10 0 0 0
0 1 53 0 -10 0 0 0
0 1 54 0 -10 0 0 0
0 1 55 0 -10 0 0 0
0 1 56 0 -10 0 0 0
0 1 57 0 -10 0 0 0
0 1 58 0 -10 0 0 0
0 1 59 0 -10 0 0 0
0 1 60 0 -10 0 0 0
0 1 61 0 -10 0 0 0
0 1 62 0 -10 0 0 0
0 1 63 0 -10 0 0 0
0 2 0 0 -10 0 0 0
0 2 1 0 -10 0 0 0
0 2 2 0 -10 0 0 0
0 2 3 0 -10 0 0 0
0 2 4 0 -10 0 0 0
0 2 5 0 -10 0 0 0
0 2 6 0 -10 0 0 0
0 2 7 0 -10 0 0 0
0 2 8 0 -10 0 0 0
0 2 9 0 -10 0 0 0
0 2 10 0 -10 0 0 0
0 2 11 0 -10 0 0 0
0 2 12 0 -10 0 0 0
0 2 13 0 -10 0 0 0
0 2 14 0 -10 0 0 0
0 2 15 0 -10 0 0 0
0 2 16 0 -10 0 0 0
0 2 17 0 -10 0 0 0
0 2 18 0 -10 0 0 0
0 2 19 0 -10 0 0 0
0 2 20 0 -10 0 0 0
0 2 21 0 -10 0 0 0
0 2 22 0 -10 0 0 0
0 2 23 0 -10 0 0 0
0 2 24 0 -10 0 0 0
0 2 25 0 -10 0 0 0
0 2 26 0 -10 0 0 0
0 2 27 0 -10 0 0 0
0 2 28 0 -10 0 0 0
0 2 29 0 -10 0 0 0
0 2 30 0 -10 0 0 0
0 2 31 0 -10 0 0 0
0 2 32 0 -10 0 0 0
0 2 33 0 -10 0 0 0
0 2 34 0 -10 0 0 0
0 2 35 0 -10 0 0 0
0 2 36 0 -10 0 0 0
0 2 37 0 -10 0 0 0
0 2 38 0 -10 0 0 0
0 2 39 0 -10 0 0 0
0 2 40 0 -10 0 0 0
0 2 41 0 -10 0 0 0
0 2 42 0 -10 0 0 0
0 2 43 0 -10 0 0 0
0 2 44 0 -10 0 0 0
0 2 45 0 -10 0 0 0
0 2 46 0 -10 0 0 0
0 2 47 0 -10 0 0 0
0 2 48 0 -10 0 0 0
0 2 49 0 -10 0 0 0
0 2 50 0 -10 0 0 0
0 2 51 0 -10 0 0 0
0 2 52 0 -10 0 0 0
0 2 53 0 -10 0 0 0
0 2 54 0 -10 0 0 0
0 2 55 0 -10 0 0 0
0 2 56 0 -10 0 0 0
0 2 57 0 -10 0 0 0
0 2 58 0 -10 0 0 0
0 2 59 0 -10 0 0 0
0 2 60 0 -10 0 0 0
0 2 61 0 -10 0 0 0
0 2 62 0 -10 0 0 0
0 2 63 0 -10 0 0 0
0 3 0 0 -10 0 0 0
0 3 1 0 -10 0 0 0
0 3 2 0 -10 0 0 0
0 3 3 0 -10 0 0 0
0 3 4 0 -10 0 0 0
0 3 5 0 -10 0 0 0
0 3 6 0 -10 0 0 0
0 3 7 0 -10 0 0 0
0 3 8 0 -10 0 0 0
0 3 9 0 -10 0 0 0
0 3 10 0 -10 0 0 0
0 3 11 0 -10 0 0 0
0 3 12 0 -10 0 0 0
0 3 13 0 -10 0 0 0
0 3 14 0 -10 0 0 0
0 3 15 0 -10 0 0 0
0 3 16 0 -10 0 0 0
0 3 17 0 -10 0 0 0
0 3 18 0 -10 0 0 0
0 3 19 0 -10 0 0 0
0 3 20 0 -10 0 0 0
0 3 21 0 -10 0 0 0
0 3 22 0 -10 0 0 0
0 3 23 0 -10 0 0 0
0 3 24 0 -10 0 0 0
0 3 25 0 -10 0 0 0
0 3 26 0 -10 0 0 0
0 3 27 0 -10 0 0 0
0 3 28 0 -10 0 0 0
0 3 29 0 -10 0 0 0
0 3 30 0 -10 0 0 0
0 3 31 0 -10 0 0 0
0 3 32 0 -10 0 0 0
0 3 33 0 -10 0 0 0
0 3 34 0 -10 0 0 0
0 3 35 0 -10 0 0 0
0 3 36 0 -10 0 0 0
0 3 37 0 -10 0 0 0
0 3 38 0 -10 0 0 0
0 3 39 0 -10 0 0 0
0 3 40 0 -10 0 0 0
0 3 41 0 -10 0 0 0
0 3 42 0 -10 0 0 0
0 3 43 0 -10 0 0 0
0 3 44 0 -10 0 0 0
0 3 45 0 -10 0 0 0
0 3 46 0 -10 0 0 0
0 3 47 0 -10 0 0 0
0 3 48 0 -10 0 0 0
0 3 49 0 -10 0 0 0
0 3 50 0 -10 0 0 0
0 3 51 0 -10 0 0 0
0 3 52 0 -10 0 0 0
0 3 53 0 -10 0 0 0
0 3 54 0 -10 0 0 0
0 3 55 0 -10 0 0 0
0 3 56 0 -10 0 0 0
0 3 57 0 -10 0 0 0
0 3 58 0 -10 0 0 0
0 3 59 0 -10 0 0 0
0 3 60 0 -10 0 0 0
0 3 61 0 -10 0 0 0
0 3 62 0 -10 0 0 0
0 3 63 0 -10 0 0 0
0 4 0 21.4948 0.325292 3.03626 0.225526 18405
0 4 1 21.0735 0.373552 2.88336 0.36143 17053
0 4 2 21.5906 0.395421 2.92355 0.37847 15782
0 4 3 21.2496 0.331415 2.17736 0.689205 12234
0 4 4 21.5065 0.456667 2.5325 0.510668 11687
0 4 5 21.1667 0.384893 2.48094 0.448063 12783
0 4 6 21.0465 0.35285 2.69239 0.335605 15346
0 4 7 21.7065 0.3385 2.50352 0.480506 10280
0 4 8 21.6462 0.367443 2.69539 0.527112 14211
0 4 9 21.8872 0.388061 2.60626 0.575747 12937
0 4 10 22.765 0.365634 3.12533 0.321444 10172
0 4 11 21.2363 0.375868 2.91757 0.319101 13328
0 4 12 21.1224 0.528739 2.77163 0.355974 11312
0 4 13 21.958 0.369238 2.85243 0.283166 8759
0 4 14 21.3215 0.344814 2.85169 0.359231 16388
0 4 15 21.8499 0.347559 2.75259 0.350831 10401
0 4 16 22.1558 0.376412 3.23972 0.32321 10681
0 4 17 21.4118 0.475227 2.965 0.464389 12300
0 4 18 21.755 0.400312 2.82084 0.387225 10085
0 4 19 22.0109 0.374428 2.64547 0.580635 9326
0 4 20 23.1091 0.3691 3.23255 0.259989 10060
0 4 21 21.154 0.328508 2.80993 0.343128 14295
0 4 22 21.604 0.409401 2.5582 0.597772 9458
0 4 23 21.5651 -3 0 0 41
0 4 24 21.4804 0.377374 2.96819 0.258792 13983
0 4 25 21.6168 0.44034 2.75334 0.454028 7853
0 4 26 21.2551 0.443977 3.4504 0.30348 15468
0 4 27 22.4292 0.407727 2.794 0.508146 8561
0 4 28 21.6768 0.350265 2.8164 0.499461 8910
0 4 29 22.5034 0.352552 2.77673 0.535025 12823
0 4 30 21.3097 0.473614 3.13234 0.357343 9585
0 4 31 23.0515 0.520893 2.26262 0.838019 8025
0 4 32 21.824 0.318416 2.68388 0.383849 8184
0 4 33 21.4758 0.419932 2.99146 0.359758 9165
0 4 34 22.6918 0.361431 3.02535 0.373103 12910
0 4 35 21.6559 0.355787 2.89192 0.475191 7599
0 4 36 22.8892 0.464991 3.25936 0.463867 8942
0 4 37 21.7645 0.358401 3.14595 0.303944 10337
0 4 38 22.2657 0.363809 2.72069 0.52982 6716
0 4 39 21.7593 0.315077 2.58809 0.479715 8368
0 4 40 21.6491 0.32086 2.6665 0.364446 10081
0 4 41 27 -2 0 0 7695
0 4 42 20.7948 0.353347 2.61549 0.340093 10632
0 4 43 21.6089 0.437262 2.91208 0.339581 12917
0 4 44 22.2632 0.496121 2.35593 0.53926 6603
0 4 45 22.3342 0.354593 2.85994 0.433639 8153
0 4 46 21.4365 0.324879 2.8408 0.603463 12908
0 4 47 22.2377 0.51055 3.1403 0.540983 5759
0 4 48 21.757 0.438235 2.72854 0.596186 7934
0 4 49 21.5508 0.345304 2.74684 0.352398 9994
0 4 50 21.5128 0.334455 2.83563 0.398467 7875
0 4 51 20.9233 0.344343 2.77373 0.354035 10604
0 4 52 21.1132 0.357786 2.53672 0.43792 11458
0 4 53 21.1431 0.450232 3.06992 0.397306 6682
0 4 54 20.5699 0.450245 2.52259 0.563633 8581
0 4 55 20.6251 0.329331 2.39048 0.584472 11197
0 4 56 21.339 0.343149 3.00256 0.398302 8529
0 4 57 21.638 0.316992 3.07186 0.349635 8707
0 4 58 25 -2 0 0 9827
0 4 59 21.5336 0.331511 3.19038 0.281035 11189
0 4 60 20.9891 0.367218 3.17255 0.359637 6991
0 4 61 20.3751 0.395857 2.9632 0.405516 10997
0 4 62 20.6939 0.394851 2.85507 0.267453 11056
0 4 63 25 -2 0 0 10845
0 5 0 20.2443 0.288156 2.88472 0.486641 12429
0 5 1 20.0097 0.282241 2.85641 0.360391 12164
0 5 2 20.6509 0.288696 2.77547 0.432917 12177
0 5 3 19.7253 0.28649 2.51749 0.358027 14753
0 5 4 19.8122 0.344585 2.53225 0.355549 14558
0 5 5 20.0987 0.249186 2.58593 0.4542 13975
0 5 6 20.3135 0.268025 2.80095 0.469348 13467
0 5 7 20.5085 0.300977 2.65912 0.487747 14544
0 5 8 19.8937 0.292569 2.4939 0.30848 14120
0 5 9 21.0577 0.263024 2.77495 0.529467 13106
0 5 10 20.1132 0.24269 2.66626 0.401738 14209
0 5 11 19.914 0.30084 2.89848 0.306317 15141
0 5 12 20.3233 0.281374 2.51789 0.501557 14105
0 5 13 19.9583 0.311155 2.4072 0.470206 16214
0 5 14 20.1506 0.316111 2.51167 0.504534 13778
0 5 15 20.243 0.278175 2.80708 0.363758 15827
0 5 16 20.6539 0.287764 3.07011 0.277832 14201
0 5 17 20.8272 0.341152 2.54191 0.608905 14635
0 5 18 20.1233 0.274148 2.56085 0.323368 15458
0 5 19 20.6181 0.27401 2.49321 0.527121 17150
0 5 20 20.3296 0.280102 2.57962 0.459824 15427
0 5 21 20.4854 0.265987 2.76486 0.415137 14074
0 5 22 19.8361 0.309064 2.44557 0.490513 14894
0 5 23 20.1379 0.259848 2.4926 0.364727 17196
0 5 24 20.6721 0.301556 2.20137 0.65899 12903
0 5 25 19.7239 0.306625 2.47346 0.429852 17925
0 5 26 20.7623 0.273627 2.8013 0.394905 12886
0 5 27 20.3379 0.280716 2.50468 0.433944 17347
0 5 28 20.221 0.295573 2.43788 0.39982 18049
0 5 29 20.9374 0.284234 2.79597 0.413526 14766
0 5 30 19.9895 0.364387 2.96593 0.301935 15534
0 5 31 20.1501 0.322539 2.36972 0.429682 19828
0 5 32 20.9878 0.267235 2.47821 0.375107 18230
0 5 33 20.3314 0.390531 2.51621 0.503738 18448
0 5 34 20.5333 0.27023 2.55872 0.324044 15850
0 5 35 19.7502 0.286831 2.4335 0.387235 22778
0 5 36 20.5247 0.323236 2.55851 0.332849 17959
0 5 37 20.1233 0.347957 2.34818 0.462834 18525
0 5 38 20.7484 0.278259 2.52465 0.355339 22639
0 5 39 20.7932 0.29943 2.83127 0.350988 22671
0 5 40 21.2015 0.297607 2.46593 0.575316 15598
0 5 41 21.0571 0.285833 2.50286 0.51309 17638
0 5 42 20.6683 0.351844 2.75739 0.449935 17563
0 5 43 19.8476 0.294116 2.33019 0.482249 18379
0 5 44 19.9707 0.237243 2.36201 0.322823 20278
0 5 45 27.0815 0.364805 4.14159 0.342076 8566
0 5 46 20.8555 0.379332 2.67456 0.446092 15262
0 5 47 20.6829 0.277125 2.83348 0.375319 24480
0 5 48 20.6209 0.29931 2.51189 0.427185 19022
0 5 49 19.8694 0.316262 2.66994 0.255472 19248
0 5 50 20.6899 0.277965 2.66679 0.30284 20125
0 5 51 20.8972 0.291551 2.70024 0.385811 21072
0 5 52 20.0732 0.303957 2.37767 0.41333 18090
0 5 53 20.2754 0.349785 2.77683 0.391437 21979
0 5 54 19.8056 0.294744 2.48082 0.449766 20177
0 5 55 19.1836 0.492443 2.54259 0.581704 19407
0 5 56 20.0805 0.271806 2.6053 0.317795 23256
0 5 57 19.7749 0.295386 2.67454 0.320305 22674
0 5 58 20.5283 0.323457 2.53294 0.382644 17939
0 5 59 20.5468 0.304918 2.97592 0.518852 17109
0 5 60 19.7419 0.337864 2.52565 0.383658 22240
0 5 61 19.5343 0.386166 2.56178 0.358541 21770
0 5 62 20.0988 0.351225 2.69755 0.344407 16751
0 5 63 20.1544 0.266773 2.5974 0.337725 17670
0 6 0 21.2509 0.456359 2.70567 0.254378 10805
0 6 1 21.3337 0.430005 2.94424 0.254329 9338
0 6 2 20.3567 0.659196 2.55035 0.471535 9666
0 6 3 19.8271 0.400877 2.41623 0.317886 6791
0 6 4 20.685 0.504442 2.81249 0.246763 6250
0 6 5 19.9909 0.514675 2.66815 0.379089 7462
0 6 6 21.2998 0.461923 2.63474 0.381551 8849
0 6 7 21.1669 0.42935 2.6577 0.300106 5689
0 6 8 18.7788 0.566805 3.43512 0.449519 7426
0 6 9 20.7502 0.407193 2.49785 0.434703 7510
0 6 10 21.3538 0.930849 3.06994 0.540933 6461
0 6 11 19.7299 0.467236 2.4939 0.42204 7942
0 6 12 20.7046 0.468877 2.28502 0.328108 7268
0 6 13 21.3753 0.398687 2.2941 0.452478 5269
0 6 14 20.1064 0.578664 2.79283 0.331185 9331
0 6 15 20.3781 0.509804 2.46554 0.362923 6328
0 6 16 21.5094 0.434201 2.72526 0.350088 6406
0 6 17 20.9884 0.346402 2.63191 0.296506 7938
0 6 18 20.7921 0.512747 2.28629 0.598645 6317
0 6 19 21.7641 0.524017 2.28381 0.581765 4535
0 6 20 21.4961 0.443826 2.59708 0.484543 6735
0 6 21 21.3581 0.509252 2.46847 0.486737 8242
0 6 22 20.6929 0.429012 2.16587 0.514829 6033
0 6 23 20.8128 0.634413 2.24452 0.524283 6907
0 6 24 22.0363 0.472189 3.1391 0.312926 8092
0 6 25 20.8151 0.588082 2.2832 0.735494 5617
0 6 26 20.9004 -3 0 0 9501
0 6 27 21.4246 0.489505 2.58895 0.465703 5153
0 6 28 21.2191 0.456944 2.34401 0.380312 5428
0 6 29 21.7076 0.382285 2.89195 0.277798 6709
0 6 30 21.5667 0.438896 2.71574 0.393048 5894
0 6 31 20.9004 -3 0 0 5012
0 6 32 21.5738 0.651785 2.05242 0.512024 4754
0 6 33 21.9499 0.580244 2.80969 0.481115 4820
0 6 34 21.0834 0.560684 3.25278 0.330562 7582
0 6 35 22.1948 0.602259 2.69126 0.496364 4213
0 6 36 21.4602 0.405118 2.37733 0.365719 5739
0 6 37 20.6912 0.52263 2.21589 0.470312 6099
0 6 38 21.8964 0.585802 2.57864 0.367967 3976
0 6 39 21.3095 0.437195 2.75882 0.446571 4750
0 6 40 21.1876 0.441495 2.58932 0.330365 5167
0 6 41 21.5728 0.567338 2.38715 0.522919 4257
0 6 42 20.556 0.440626 2.6121 0.272156 4681
0 6 43 20.8872 0.432684 2.59879 0.323687 6451
0 6 44 20.9591 0.637566 2.46484 0.434193 3961
0 6 45 21.4869 0.505237 2.58401 0.461454 5471
0 6 46 21.0365 0.383121 2.75271 0.28973 7266
0 6 47 22.495 0.460814 3.06606 0.362146 3852
0 6 48 20.6319 0.601513 2.48333 0.372865 4980
0 6 49 20.5615 0.544559 3.08295 0.355116 5180
0 6 50 21.7174 0.45394 2.57386 0.373879 4121
0 6 51 20.4005 0.693494 2.70717 0.450552 5512
0 6 52 20.7383 0.504505 2.51128 0.268483 5636
0 6 53 21.4442 0.532672 3.1451 0.313173 3738
0 6 54 21.0822 0.445642 2.6262 0.280683 4431
0 6 55 21.8671 0.517998 2.49428 0.661859 4489
0 6 56 21.2912 0.461382 2.63115 0.358147 4526
0 6 57 19.9507 0.497326 2.54203 0.361482 5026
0 6 58 20.2378 0.527052 2.17321 0.571779 5871
0 6 59 20.4099 0.482616 2.52602 0.408173 6161
0 6 60 20.5781 0.399329 2.78948 0.308011 4442
0 6 61 20.397 0.538103 2.42213 0.566121 5720
0 6 62 20.4338 0.468217 2.64005 0.349239 5633
0 6 63 20.0868 0.482523 2.50857 0.368894 4698
0 7 0 19.7107 0.524358 2.47005 0.519563 6327
0 7 1 20.4642 -3 0 0 5749
0 7 2 20.329 0.383211 2.44067 0.510399 5778
0 7 3 20.9049 0.431471 2.39937 0.47675 5488
0 7 4 21.1014 0.362973 2.5397 0.547016 6070
0 7 5 20.2975 0.452364 2.32949 0.513875 6010
0 7 6 19.5915 0.550717 2.62965 0.39461 5851
0 7 7 20.4462 0.475794 2.46404 0.362965 6838
0 7 8 20.1209 0.397672 2.31493 0.457744 5967
0 7 9 20.3907 0.455474 2.36373 0.495719 5465
0 7 10 20.4171 0.491875 2.5052 0.664822 5251
0 7 11 20.4286 0.440109 2.41169 0.522088 6204
0 7 12 19.9864 0.398829 2.23041 0.348746 6340
0 7 13 20.7942 0.374626 2.77813 0.292375 6299
0 7 14 20.9042 0.336131 2.80524 0.324329 5535
0 7 15 21.0001 0.412306 2.3121 0.466939 6846
0 7 16 20.9308 0.471046 2.92395 0.383483 5449
0 7 17 20.8981 0.433596 2.54846 0.502225 6149
0 7 18 20.6882 0.392992 2.22254 0.533895 6701
0 7 19 20.6973 0.482114 2.17635 0.659264 7081
0 7 20 21.3092 0.37473 2.40775 0.484378 7150
0 7 21 19.9329 0.457612 2.61631 0.291469 5995
0 7 22 19.7743 0.886886 2.96248 0.459207 5851
0 7 23 20.2336 0.428333 2.72398 0.394648 7454
0 7 24 20.9637 0.441691 2.10913 0.609543 5489
0 7 25 20.4176 0.400092 2.58823 0.380194 7782
0 7 26 20.4642 -3 0 0 6573
0 7 27 20.9554 0.380126 2.46626 0.496928 7278
0 7 28 20.4105 0.394528 2.21608 0.684004 7233
0 7 29 21.1314 0.363564 2.65 0.3204 7374
0 7 30 20.862 0.426317 2.58718 0.408702 7267
0 7 31 21.3343 0.55469 2.41593 0.514193 8512
0 7 32 21.3822 0.389302 2.27715 0.601794 8180
0 7 33 21.9355 0.53329 2.41223 0.88767 7378
0 7 34 20.7935 0.35608 2.49179 0.450137 7518
0 7 35 20.8217 0.464588 2.26172 0.71453 10022
0 7 36 20.6449 0.386661 2.39988 0.437417 8411
0 7 37 20.2942 0.368693 2.41126 0.430995 9014
0 7 38 20.4581 0.429315 2.64846 0.233236 10720
0 7 39 20.493 0.36498 2.59313 0.323344 11818
0 7 40 21.6956 0.559654 2.77069 0.394556 8043
0 7 41 20.2871 0.376302 2.37154 0.484983 9618
0 7 42 20.9864 0.32261 2.56213 0.352314 9772
0 7 43 20.6297 0.353484 2.4653 0.625289 8033
0 7 44 20.0961 0.470923 2.4396 0.392605 10657
0 7 45 20.1099 0.395994 2.07104 0.50508 10060
0 7 46 21.4043 0.404788 2.71835 0.319694 7792
0 7 47 21.2241 0.388738 3.15544 0.458269 12392
0 7 48 19.8136 0.562469 2.32391 0.643933 9896
0 7 49 21.0154 0.361831 2.84828 0.318292 8227
0 7 50 20.2082 0.499992 2.55637 0.364705 11035
0 7 51 20.8472 0.382682 2.85726 0.446368 12319
0 7 52 20.487 0.407469 2.85612 0.272431 8035
0 7 53 19.7363 0.384465 2.94926 0.288527 12261
0 7 54 20.5342 0.821805 2.681 0.61063 9913
0 7 55 19.6476 0.407329 2.16347 0.507144 11530
0 7 56 20.128 0.364027 2.77176 0.217496 12211
0 7 57 25 -2 0 0 11588
0 7 58 20.4774 0.34455 2.24436 0.666401 10135
0 7 59 19.3298 0.479986 2.81181 0.290649 8741
0 7 60 20.2406 0.338825 2.45853 0.700416 12311
0 7 61 20.0714 0.378044 2.90921 0.335456 11585
0 7 62 19.714 0.375976 2.48676 0.710273 9752
0 7 63 18.8043 0.394059 3.06225 0.212333 10246
0 8 0 19.8319 0.489662 2.89678 0.385974 8127
0 8 1 21.1325 0.389936 2.42407 0.452692 8556
0 8 2 20.5619 0.477055 2.62836 0.360474 7707
0 8 3 20.2737 0.535727 2.59854 0.419238 10328
0 8 4 20.3507 0.381532 2.55416 0.269084 10166
0 8 5 20.4224 0.396916 2.6919 0.238879 8723
0 8 6 20.3263 0.498261 2.22418 0.603577 8998
0 8 7 20.6568 0.352595 2.48119 0.504759 10467
0 8 8 19.5813 0.39369 2.26324 0.444678 4842
0 8 9 21.1526 0.331855 2.27398 0.545305 10648
0 8 10 21.3774 0.421969 2.55298 0.375607 4145
0 8 11 20.6339 0.388837 2.23459 0.492754 8987
0 8 12 20.4837 0.492861 2.13195 0.571097 528
0 8 13 19.7927 0.401981 2.60023 0.250371 11596
0 8 14 21.0108 0.357724 2.59337 0.477233 8121
0 8 15 20.3851 0.520226 2.2627 0.552568 10588
0 8 16 21.4354 0.392079 2.57156 0.441585 10379
0 8 17 20.4565 -3 0 0 9157
0 8 18 20.5874 0.6344 2.16448 0.682034 11033
0 8 19 20.3562 0.413004 2.68409 0.324297 12182
0 8 20 20.5665 0.411805 2.28275 0.670313 10332
0 8 21 20.4234 0.542265 2.37349 0.695396 10329
0 8 22 20.4426 0.411229 2.42485 0.414243 9020
0 8 23 20.433 0.405037 2.5696 0.342015 10228
0 8 24 21.2763 0.412464 2.6017 0.304046 8680
0 8 25 20.3843 0.347427 2.38541 0.309346 14963
0 8 26 20.8056 0.344423 2.53481 0.422167 8460
0 8 27 21.266 0.447341 2.38983 0.488654 11822
0 8 28 20.5869 0.415416 2.3751 0.318457 12550
0 8 29 20.9827 0.463805 2.48565 0.474693 9265
0 8 30 20.5782 0.370423 2.45887 0.294402 11221
0 8 31 20.8096 0.453566 2.62418 0.461161 14962
0 8 32 20.6976 0.360201 2.23437 0.478849 13877
0 8 33 20.9507 0.35704 2.46012 0.343196 12917
0 8 34 20.7896 0.400001 2.71278 0.26663 9975
0 8 35 19.761 0.40138 2.55299 0.298389 17449
0 8 36 20.9009 0.360785 2.50462 0.368389 12294
0 8 37 20.6318 0.423022 2.19923 0.727942 11232
0 8 38 20.688 0.304587 2.32728 0.652543 18709
0 8 39 20.0775 0.451437 2.88947 0.324139 15561
0 8 40 20.6109 0.382381 2.7246 0.214612 10616
0 8 41 20.1924 0.488686 2.61427 0.402178 14032
0 8 42 20.7333 0.463237 2.25389 0.631477 12599
0 8 43 20.3097 0.345888 2.46488 0.299995 10004
0 8 44 19.3094 0.535529 2.87036 0.302864 15885
0 8 45 20.3591 0.30391 2.55978 0.301698 14351
0 8 46 20.2667 0.367792 2.80396 0.280953 9896
0 8 47 20.2422 0.450026 2.89161 0.400176 21404
0 8 48 20.7696 0.373242 2.39497 0.382097 12566
0 8 49 19.8736 0.410735 2.58877 0.324468 11437
0 8 50 20.4799 0.333124 2.34208 0.324505 15506
0 8 51 20.641 0.355888 2.8661 0.292723 13194
0 8 52 21.2808 0.371708 2.19041 0.697954 10512
0 8 53 20.3357 0.391101 2.86946 0.246968 17268
0 8 54 19.894 0.317446 2.4082 0.335624 14591
0 8 55 19.5597 0.405792 2.39198 0.334097 13032
0 8 56 20.0324 0.363261 2.52576 0.439893 15672
0 8 57 20.2421 0.458297 2.98242 0.43344 14083
0 8 58 20.8041 0.340152 2.59732 0.361904 12857
0 8 59 20.8611 0.317745 2.67107 0.306051 10125
0 8 60 20.409 0.353173 2.56961 0.32685 15815
0 8 61 20.4425 0.312617 2.88416 0.343775 12897
0 8 62 20.5161 0.397387 2.72976 0.432264 11010
0 8 63 20.8602 0.326285 2.72867 0.456722 12281
0 9 0 24.0112 0.593021 3.43781 0.245494 6311
0 9 1 22.4929 0.444139 2.96373 0.359073 6156
0 9 2 22.4056 0.560923 3.01904 0.394476 5300
0 9 3 21.2205 0.427085 2.80277 0.359668 4035
0 9 4 21.4473 0.519032 2.52281 0.366916 4418
0 9 5 21.3057 0.48655 2.89422 0.307761 4763
0 9 6 21.26 0.435101 2.93752 0.238198 5416
0 9 7 21.3173 0.740705 3.18794 0.331606 3689
0 9 8 21.5943 0.415983 2.69038 0.376049 5346
0 9 9 21.8591 0.523007 2.67799 0.567153 4214
0 9 10 21.4363 0.584388 3.05964 0.273369 3888
0 9 11 21.1806 1.08783 2.66935 0.598244 4735
0 9 12 21.9399 0.799127 2.42203 0.48728 4266
0 9 13 21.0406 0.417414 2.81148 0.375098 3752
0 9 14 21.5652 0.501383 2.71743 0.32412 6623
0 9 15 21.5421 0.513606 2.9985 0.457709 3710
0 9 16 22.3009 0.538007 2.90673 0.47374 3762
0 9 17 21.6315 0.452245 2.60136 0.267161 5542
0 9 18 22.1361 0.528804 2.63289 0.404847 4223
0 9 19 21.6375 0.605471 2.28162 0.496763 3660
0 9 20 22.481 0.675298 2.60183 0.352413 3771
0 9 21 21.7334 0.414765 3.02326 0.232229 4941
0 9 22 21.9918 0.549878 2.64471 0.294519 3918
0 9 23 21.7983 0.466232 2.47072 0.359354 4279
0 9 24 21.4006 0.574883 2.77425 0.209609 5672
0 9 25 22.5298 0.433062 2.63499 0.425726 3179
0 9 26 22.5074 0.506573 2.36023 0.492303 5895
0 9 27 22.8421 0.492371 2.69917 0.440013 3393
0 9 28 21.7778 0.602131 2.29342 0.432137 3311
0 9 29 21.6428 0.659737 3.14677 0.263789 4704
0 9 30 21.6187 0.519803 2.85059 0.236611 3922
0 9 31 22.3445 0.466367 2.59847 0.349219 3472
0 9 32 21.2058 0.641592 2.54473 0.377461 3484
0 9 33 22.6521 0.420607 2.76498 0.321722 2771
0 9 34 22.5365 0.463698 3.08914 0.285641 5507
0 9 35 22.65 0.49867 2.73016 0.357073 3187
0 9 36 21.4475 0.49469 2.97563 0.245836 3024
0 9 37 21.8994 0.45751 2.69028 0.281017 4257
0 9 38 21.5567 0.602063 2.4717 0.425695 3101
0 9 39 22.7133 0.544088 2.80045 0.313884 3364
0 9 40 21.8853 0.567913 2.8732 0.314825 3557
0 9 41 21.5744 0.5274 2.7013 0.427728 2866
0 9 42 22.5683 0.515002 2.51354 0.382504 3228
0 9 43 21.8265 0.421376 2.89732 0.237216 4609
0 9 44 22.1657 0.508219 2.55085 0.371841 2877
0 9 45 21.14 0.840253 2.52028 0.40237 3127
0 9 46 21.9795 0.447952 2.98185 0.222483 5087
0 9 47 22.5995 0.530722 3.5833 0.425221 2295
0 9 48 21.0489 0.579225 2.91495 0.282385 3690
0 9 49 21.9858 0.549704 2.81763 0.414373 3669
0 9 50 21.8803 0.566258 2.24944 0.316311 3335
0 9 51 22.0107 0.468269 2.7343 0.370081 4164
0 9 52 22.6822 0.692512 2.41133 0.447853 3872
0 9 53 21.5695 0.569955 2.29624 0.452479 2989
0 9 54 21.1365 0.46518 2.69469 0.295558 3663
0 9 55 21.8355 0.574466 2.51181 0.421521 3715
0 9 56 21.6796 0.474192 2.54381 0.526005 3695
0 9 57 21.5405 0.502793 2.73332 0.297524 3660
0 9 58 21.4479 0.414729 2.43457 0.542209 3119
0 9 59 23.1996 0.533423 2.572 0.520031 4725
0 9 60 21.3985 0.59182 2.60761 0.336396 3479
0 9 61 21.5664 0.675059 2.60453 0.380187 4710
0 9 62 21.2875 0.526156 2.70714 0.414584 4434
0 9 63 21.1966 0.649082 2.4893 0.411091 3737
0 10 0 21.5723 0.33505 3.32036 0.524863 9922
0 10 1 21.99 0.373617 3.20108 0.489181 10084
0 10 2 21.0652 0.545636 3.12208 0.848491 10955
0 10 3 21.6511 0.32864 2.84799 0.502313 13955
0 10 4 21.2079 0.349526 2.93823 0.636971 12305
0 10 5 21.9743 0.379296 2.97153 0.67168 11241
0 10 6 21.3863 0.404659 3.36978 0.589835 11261
0 10 7 21.887 0.384079 3.04555 0.680249 16704
0 10 8 22.101 0.439808 3.37949 0.395093 10191
0 10 9 22.624 0.371898 3.30232 0.752676 11451
0 10 10 21.5462 0.363154 3.20558 0.492116 14134
0 10 11 21.3971 0.352813 2.68076 0.916546 12331
0 10 12 21.495 0.350909 3.04702 0.69457 12921
0 10 13 20.7796 0.435703 2.88678 0.688761 15249
0 10 14 22.397 0.365302 3.41685 0.524015 9379
0 10 15 21.753 0.359115 3.12045 0.680075 12694
0 10 16 23.4188 0.375404 3.71184 0.449321 13609
0 10 17 22.5919 0.359341 3.21157 0.501705 9825
0 10 18 22.5547 0.339555 3.25643 0.529005 12119
0 10 19 28 -2 0 0 15316
0 10 20 22.4843 0.360825 3.2419 0.445442 11795
0 10 21 22.2551 0.399604 3.1653 0.642665 11763
0 10 22 22.9967 0.362852 3.10531 0.538263 12511
0 10 23 22.3838 0.392774 3.10873 0.901301 11112
0 10 24 22.8639 0.327617 3.15578 0.496327 10222
0 10 25 22.826 0.361498 3.14848 0.54166 16934
0 10 26 22.0696 0.336053 3.56898 0.686602 9769
0 10 27 23.045 0.354056 3.33785 0.511162 12583
0 10 28 22.1045 0.319295 3.00839 0.497635 14239
0 10 29 22.4476 0.364568 3.49013 0.478566 10355
0 10 30 22.4429 0.385691 3.19154 0.62174 13081
0 10 31 22.6064 0.428815 3.21242 0.589023 16326
0 10 32 22.3728 0.346867 3.06501 0.562599 13806
0 10 33 22.8668 0.377987 3.24865 0.489476 13047
0 10 34 21.5774 0.359878 3.13912 0.443907 11417
0 10 35 22.8466 0.363601 3.03157 0.829241 17214
0 10 36 20.9958 0.30728 3.47007 0.579205 13647
0 10 37 23.1417 0.412392 2.9644 0.971213 12160
0 10 38 22.1917 0.322375 2.96928 0.697028 18288
0 10 39 22.7367 0.454176 3.51042 0.58408 13160
0 10 40 22.0578 0.361598 3.3374 0.430166 13143
0 10 41 21.5842 0.347056 3.37506 0.487154 14239
0 10 42 21.8908 0.347269 2.69363 0.74335 14483
0 10 43 22.495 0.393535 3.4273 0.678836 11383
0 10 44 21.4019 0.293218 3.02281 0.417768 15490
0 10 45 22.0455 0.422266 2.9188 0.638908 14479
0 10 46 21.9674 0.353704 2.79953 0.740099 11040
0 10 47 22.0511 0.377995 3.58627 0.558413 19204
0 10 48 23.2818 0.364489 2.99828 0.568433 12431
0 10 49 21.4961 0.407335 2.90616 0.614755 12079
0 10 50 21.8213 0.408624 3.40252 0.453381 15295
0 10 51 22.9255 0.434625 3.71405 0.482115 11397
0 10 52 21.5498 0.369033 3.09975 0.578104 12475
0 10 53 22.0104 0.342512 3.38529 0.474967 16318
0 10 54 22.0202 0.358027 3.0915 0.398536 15400
0 10 55 22.0652 0.314155 3.16174 0.732778 11000
0 10 56 21.418 0.396513 3.26969 0.532715 14821
0 10 57 22.1502 0.332816 3.12077 0.475312 13285
0 10 58 21.6749 0.359077 3.06092 0.506145 13120
0 10 59 22.0577 0.327081 3.2673 0.510678 10560
0 10 60 21.9448 0.403213 3.55039 0.422339 14201
0 10 61 21.1632 0.418792 3.2385 0.633424 12901
0 10 62 21.0353 0.332494 2.82024 0.644803 11705
0 10 63 21.5616 0.321953 2.99278 0.736182 11773
0 11 0 20.8756 0.333785 2.79615 0.307282 14488
0 11 1 20.8862 0.480649 2.75441 0.335089 13170
0 11 2 20.3871 0.296103 2.49202 0.396508 12019
0 11 3 20.8362 0.372233 2.58894 0.375385 7384
0 11 4 20.7142 0.37073 2.67452 0.358759 8433
0 11 5 19.8188 0.428271 2.61042 0.374711 9689
0 11 6 19.2397 0.476344 2.97945 0.372699 9640
0 11 7 19.6992 0.4708 2.33274 0.37755 6623
0 11 8 20.1918 0.328358 2.40746 0.362171 9878
0 11 9 20.7629 0.606636 3.07049 0.604633 7641
0 11 10 20.9906 0.360393 2.54392 0.462564 7189
0 11 11 19.5171 0.333946 2.44819 0.243655 10922
0 11 12 20.1255 0.373481 2.19141 0.699609 8770
0 11 13 20.3436 0.3333 2.20165 0.604285 7249
0 11 14 21.2105 0.419556 2.68038 0.506104 12981
0 11 15 19.8178 0.359162 2.38564 0.448926 7798
0 11 16 21.1542 0.346733 2.74295 0.435553 6564
0 11 17 21.1219 0.470169 2.5995 0.397363 11094
0 11 18 20.463 0.350715 2.48552 0.402713 8340
0 11 19 20.6798 0.38777 2.19074 0.754492 6997
0 11 20 20.2907 0.461093 2.34543 0.683706 8593
0 11 21 20.8365 0.42201 2.51097 0.672349 8927
0 11 22 20.3948 0.485829 2.45456 0.378074 6636
0 11 23 20.5177 0.337106 2.2462 0.521517 10292
0 11 24 20.3936 0.339605 2.4663 0.464082 12283
0 11 25 20.6879 0.327701 2.41045 0.541861 6678
0 11 26 20.3715 0.372141 2.7725 0.2506 14643
0 11 27 21.0794 0.437998 2.54762 0.497492 6957
0 11 28 20.528 -3 0 0 6914
0 11 29 21.7448 0.401948 2.95236 0.268309 10677
0 11 30 20.5129 0.37234 2.73889 0.299471 7422
0 11 31 20.4851 0.347325 2.49759 0.433574 6660
0 11 32 20.1379 0.385865 2.6903 0.322848 6855
0 11 33 21.5487 0.365956 2.90258 0.453018 6308
0 11 34 20.2555 0.450223 2.78145 0.348812 13102
0 11 35 20.329 0.413239 2.33675 0.637192 6093
0 11 36 21.215 0.353632 2.62048 0.397707 7847
0 11 37 20.2318 0.329672 2.34223 0.565415 10105
0 11 38 20.7759 0.404908 2.47396 0.553462 5760
0 11 39 21.0928 0.359214 3.23983 0.39164 7307
0 11 40 19.5197 0.426572 2.81241 0.283782 8515
0 11 41 19.8461 0.618557 2.64627 0.454302 6735
0 11 42 21.1851 0.397162 2.64466 0.663054 8246
0 11 43 20.2331 0.433422 2.56134 0.333312 10930
0 11 44 21.7868 0.479492 2.8033 0.404716 5647
0 11 45 19.6651 0.454452 2.55413 0.519057 7240
0 11 46 20.2003 0.42623 2.54142 0.337621 13385
0 11 47 21.3558 0.441065 3.11397 0.625984 6522
0 11 48 21.0775 0.447858 2.70524 0.466122 7995
0 11 49 20.4987 0.378301 2.62375 0.417292 9214
0 11 50 20.0796 0.322884 2.42893 0.50089 6976
0 11 51 20.8796 0.355454 2.67803 0.371987 9706
0 11 52 20.6561 0.368778 2.55442 0.534664 9808
0 11 53 20.4707 0.340022 2.44229 0.471472 6482
0 11 54 19.469 0.394451 2.80637 0.324687 7808
0 11 55 20.4646 0.314007 2.61256 0.331 10018
0 11 56 20.0563 0.304581 2.52813 0.37944 9010
0 11 57 20.478 0.574587 2.74061 0.456936 8510
0 11 58 20.0276 0.438648 2.33907 0.609819 8054
0 11 59 19.9545 0.414305 3.10192 0.265185 11233
0 11 60 19.9421 0.349447 2.5869 0.396623 6878
0 11 61 20.4572 0.37445 2.79871 0.485887 10930
0 11 62 19.8669 0.331562 2.75191 0.299436 11671
0 11 63 19.6348 0.371396 2.38429 0.448295 9017
0 12 0 19.744 0.304129 2.4386 0.545477 18007
0 12 1 19.646 0.290273 2.55784 0.449152 19484
0 12 2 19.2734 0.268073 2.55669 0.377402 19851
0 12 3 19.733 0.260373 2.46133 0.316571 20111
0 12 4 19.517 0.339432 2.56957 0.29699 17291
0 12 5 19.9373 0.310753 2.46345 0.382087 19314
0 12 6 19.833 0.274336 2.55946 0.295872 20153
0 12 7 19.3805 0.257215 2.44293 0.336828 23819
0 12 8 19.8959 0.326441 2.05744 0.936279 17352
0 12 9 19.7404 0.265554 2.53374 0.311591 23183
0 12 10 19.9396 0.265091 2.63908 0.483251 22587
0 12 11 20.2531 0.294763 2.47237 0.590611 15727
0 12 12 19.5268 0.282717 2.40345 0.326818 19473
0 12 13 20.6683 0.286499 2.41979 0.503912 18399
0 12 14 20.517 0.282181 2.49442 0.609038 14643
0 12 15 19.8325 0.294165 2.42695 0.317827 19486
0 12 16 20.8783 0.247475 2.7535 0.386227 25246
0 12 17 19.8054 0.301082 2.69205 0.31627 14742
0 12 18 19.8838 0.281161 2.21563 0.422819 18418
0 12 19 20.4006 0.261761 2.56462 0.300463 22044
0 12 20 19.8794 0.242667 2.60245 0.383112 16128
0 12 21 20.1975 0.283743 2.55837 0.413273 21432
0 12 22 19.9042 0.291758 2.30289 0.28333 20973
0 12 23 19.7756 0.270013 2.34141 0.361668 15928
0 12 24 19.8849 0.30466 2.27839 0.501572 16804
0 12 25 20.3602 0.319308 2.55265 0.497382 21448
0 12 26 20.0608 0.307515 2.47519 0.545293 15578
0 12 27 20.2889 0.273098 2.07096 0.745969 18234
0 12 28 20.1328 0.337941 2.06807 0.631173 18616
0 12 29 21.064 0.277374 2.7163 0.564735 13718
0 12 30 20.4141 0.233152 2.34178 0.45383 17534
0 12 31 20.7429 0.276868 2.58057 0.281674 18881
0 12 32 20.4327 0.255722 2.47369 0.549108 17652
0 12 33 21.0334 0.276315 2.48873 0.521865 15690
0 12 34 20.4671 0.265298 2.43637 0.531111 13863
0 12 35 20.74 0.249516 2.47371 0.623414 16928
0 12 36 20.6085 0.323297 2.48214 0.56702 15192
0 12 37 20.4468 0.284774 2.4355 0.463754 14216
0 12 38 20.2074 0.241916 2.39295 0.343629 17101
0 12 39 20.7223 0.283441 2.63869 0.486194 12328
0 12 40 19.7261 0.268446 2.30985 0.353438 16068
0 12 41 20.5703 0.304858 2.57109 0.577877 16286
0 12 42 20.1598 0.363322 2.51019 0.452707 13086
0 12 43 20.6641 0.336995 2.68851 0.479889 12677
0 12 44 19.7934 0.295114 2.40906 0.389601 15183
0 12 45 19.9579 0.282944 2.34096 0.543905 15559
0 12 46 20.2463 0.280368 2.4805 0.537888 13159
0 12 47 20.3206 0.29382 2.70291 0.531923 14740
0 12 48 19.6334 0.311397 2.50973 0.306008 14278
0 12 49 19.7155 0.297459 2.3585 0.396151 13020
0 12 50 20.019 0.261648 2.21709 0.435523 14676
0 12 51 20.5475 0.287729 2.67167 0.64914 9879
0 12 52 20.0961 0.2823 2.13095 0.782122 12940
0 12 53 19.6248 0.326163 2.5684 0.425222 14477
0 12 54 19.8392 0.329223 2.10406 0.869429 13552
0 12 55 19.3051 0.336692 2.51176 0.378675 11597
0 12 56 19.422 0.378353 2.20299 0.909601 11752
0 12 57 19.79 0.282603 2.40749 0.563432 11328
0 12 58 19.5591 0.261584 2.36702 0.429956 13089
0 12 59 19.3466 0.284589 2.64085 0.420532 12719
0 12 60 19.6861 0.247054 2.67094 0.358655 13212
0 12 61 19.6511 0.293722 2.56463 0.57815 10159
0 12 62 19.0428 0.343571 2.40332 0.562764 11196
0 12 63 19.3056 0.268566 2.19821 0.612816 12412
0 13 0 22.2443 0.405793 2.87086 0.345038 7348
0 13 1 23.1972 0.431765 3.31829 0.36717 5711
0 13 2 22.8719 0.396811 2.79314 0.61158 5412
0 13 3 22.8191 0.458375 2.79632 0.562793 4444
0 13 4 22.6523 0.409617 3.16109 0.276475 5341
0 13 5 22.1126 0.395955 2.80261 0.592967 5783
0 13 6 22.7869 0.400786 2.91694 0.336624 4884
0 13 7 21.6114 0.494091 2.79346 0.48067 4014
0 13 8 21.9207 0.501404 3.02939 0.330268 5969
0 13 9 22.0728 0.54337 3.13988 0.412407 4302
0 13 10 21.6867 0.438663 2.844 0.41831 4309
0 13 11 21.8815 0.397414 2.91895 0.36921 6419
0 13 12 22.4254 0.437396 3.05838 0.322787 4889
0 13 13 21.9559 0.425698 2.94828 0.436236 4529
0 13 14 21.2701 0.626329 3.54111 0.282075 7795
0 13 15 21.8799 0.430674 2.59942 0.550269 4983
0 13 16 21.2289 0.509545 3.4118 0.412338 4489
0 13 17 23.1712 0.449678 2.88715 0.357631 6857
0 13 18 22.9036 0.463883 3.17361 0.385663 4704
0 13 19 22.2503 0.418519 2.81012 0.339018 4109
0 13 20 22.2645 0.422352 2.90696 0.392412 5858
0 13 21 22.9887 0.426573 3.01185 0.338454 4882
0 13 22 22.4753 0.410336 3.13306 0.390442 4261
0 13 23 22.6439 0.445594 2.93859 0.41088 6459
0 13 24 22.5292 0.463869 3.22053 0.3042 6069
0 13 25 21.973 0.384963 2.9971 0.336321 4954
0 13 26 27 -2 0 0 7981
0 13 27 21.4909 0.630979 2.81266 0.473645 5645
0 13 28 21.8398 0.482121 3.13227 0.273527 4846
0 13 29 22.3851 0.352791 2.54028 0.677754 7626
0 13 30 22.7967 0.437081 2.88654 0.345063 5120
0 13 31 22.8752 0.473559 2.73461 0.534213 4502
0 13 32 23.2853 0.421943 2.88583 0.360749 4297
0 13 33 22.4856 0.432108 2.80897 0.383443 5299
0 13 34 22.4238 0.390979 3.08045 0.248891 8873
0 13 35 23.3315 0.486262 3.20142 0.406547 4693
0 13 36 22.8032 0.415375 2.92082 0.36003 5780
0 13 37 21.9858 0.492124 2.80463 0.314253 6966
0 13 38 21.1665 0.528737 3.16236 0.402855 5282
0 13 39 21.7362 0.666653 3.26705 0.445145 8217
0 13 40 23.2009 0.512581 2.93917 0.469911 5748
0 13 41 22.0943 0.427731 2.84937 0.291879 4988
0 13 42 22.0145 0.438077 3.25942 0.385663 7032
0 13 43 21.8487 0.393102 2.68137 0.488594 8378
0 13 44 22.2428 0.406798 2.57096 0.480953 5462
0 13 45 22.0245 0.493675 2.74995 0.496924 5679
0 13 46 21.6642 0.376765 2.77716 0.438421 10837
0 13 47 23.2435 0.433048 3.45188 0.248005 5477
0 13 48 21.8464 0.519664 2.63006 0.400735 6266
0 13 49 22.3413 0.371783 3.00571 0.347675 7511
0 13 50 21.3755 0.387817 2.65529 0.468757 6506
0 13 51 21.5333 0.474962 2.85719 0.722756 10968
0 13 52 22.7234 0.492673 3.00338 0.558529 9070
0 13 53 22.9728 0.504035 2.68625 0.65552 5429
0 13 54 22.3085 0.548434 3.47097 0.465585 6838
0 13 55 21.7025 0.463325 2.91567 0.368073 9950
0 13 56 21.937 0.445036 2.41287 0.735189 8324
0 13 57 21.4955 0.432451 2.90966 0.280932 9438
0 13 58 22.2027 0.460403 2.67449 0.434189 6942
0 13 59 21.109 0.501783 3.28482 0.322881 10368
0 13 60 22.1594 0.43514 3.17414 0.290404 6016
0 13 61 20.8766 0.479086 3.6054 0.277138 11782
0 13 62 21.3933 0.407926 3.22738 0.258866 10765
0 13 63 21.4896 0.429969 2.61527 0.47444 8016
0 14 0 20.0491 0.38696 2.50492 0.326012 9085
0 14 1 20.0537 0.428468 2.3659 0.55821 9175
0 14 2 20.6275 0.437682 2.68341 0.674047 10149
0 14 3 20.4292 0.344926 2.32908 0.36583 9869
0 14 4 19.9691 0.395851 2.59758 0.469688 7828
0 14 5 18.6411 0.407446 2.69107 0.313684 9314
0 14 6 20.1119 0.36064 2.56905 0.378329 10277
0 14 7 19.8586 0.389274 2.49543 0.258265 11157
0 14 8 20.1624 0.381979 2.37347 0.535183 8819
0 14 9 19.7891 0.387336 2.83792 0.233709 11561
0 14 10 20.4661 0.396393 2.67982 0.270001 11827
0 14 11 20.2886 0.327314 2.34273 0.570533 7443
0 14 12 20.0995 0.710307 2.61067 0.370603 8938
0 14 13 19.8398 0.413465 2.51053 0.292392 9156
0 14 14 20.1271 0.418187 2.8365 0.30783 7981
0 14 15 19.729 0.433629 2.04391 0.631238 8977
0 14 16 19.9875 0.374788 2.75574 0.380767 13189
0 14 17 20.4472 0.338735 2.37675 0.383837 6642
0 14 18 25 -2 0 0 8592
0 14 19 19.1756 0.502538 2.64644 0.324451 10543
0 14 20 20.1313 0.357506 2.46723 0.306105 7111
0 14 21 19.7065 0.386184 2.82113 0.253759 11171
0 14 22 20.1929 0.397257 2.39186 0.288028 9996
0 14 23 20.1131 0.36358 2.35559 0.460983 6859
0 14 24 19.6358 0.396185 2.2371 0.507535 8281
0 14 25 19.9514 0.365228 2.32454 0.38713 9754
0 14 26 21.0041 0.468631 2.40314 0.718573 7041
0 14 27 20.3837 0.485342 2.07315 0.706766 7535
0 14 28 20.5608 0.442959 2.35229 0.502822 7974
0 14 29 20.0438 0.508136 2.45635 0.401333 6184
0 14 30 20.4739 0.455421 2.21575 0.687517 7477
0 14 31 20.0078 0.345606 2.41448 0.312064 8019
0 14 32 20.5279 0.359423 2.09683 0.46581 6751
0 14 33 20.6793 0.370003 2.52278 0.338917 6929
0 14 34 19.6908 0.577287 2.51389 0.49085 6506
0 14 35 20.2497 0.636739 2.6003 0.507053 6792
0 14 36 20.5148 0.327536 2.45907 0.353918 6458
0 14 37 20.3005 0.413647 2.2335 0.535703 5939
0 14 38 21.2441 0.409378 2.56256 0.419402 5930
0 14 39 19.4573 0.535814 2.28874 0.53301 5912
0 14 40 20.5412 0.448207 2.33502 0.439803 6237
0 14 41 20.3636 0.578413 2.969 0.421127 6361
0 14 42 20.4294 0.428121 2.08256 0.545849 5340
0 14 43 21.4765 0.533989 2.37314 0.499555 4450
0 14 44 20.1802 0.330534 2.05034 0.51838 6011
0 14 45 19.934 0.429935 2.05418 0.490614 7795
0 14 46 22.4725 0.657523 3.11814 0.72907 3122
0 14 47 19.8827 0.425468 2.92514 0.375921 5394
0 14 48 19.9724 0.497653 2.48995 0.45598 5529
0 14 49 19.6462 0.559831 2.74451 0.385196 5386
0 14 50 19.7988 0.446462 2.11511 0.607178 5210
0 14 51 19.9094 0.429567 2.34965 0.541381 4723
0 14 52 20.6247 0.660712 2.40028 0.504363 5397
0 14 53 19.587 0.501239 2.29527 0.634953 5317
0 14 54 20.4666 0.623175 2.62313 0.39661 5237
0 14 55 20.2035 0.505812 2.48816 0.446623 4309
0 14 56 20.1151 0.430459 2.43531 0.557465 5644
0 14 57 20.1099 0.670371 2.78818 0.501495 5519
0 14 58 19.2808 0.47941 2.39707 0.285543 5018
0 14 59 19.817 0.332941 2.33157 0.569774 5278
0 14 60 19.5027 0.386317 2.49825 0.395959 5560
0 14 61 19.9889 0.509717 2.45043 0.630316 4861
0 14 62 21.0498 0.52629 2.98523 0.752128 8773
0 14 63 19.4602 0.411732 2.23967 0.372449 4998
0 15 0 20.2884 0.550091 2.71048 0.258832 4703
0 15 1 21.5639 0.761757 3.23167 0.266215 3242
0 15 2 24.9696 1.21794 1.83424 0.390006 1823
0 15 3 25.8283 1.22619 1.39771 0.51605 899
0 15 4 21.0618 0.509261 3.12063 0.256212 6903
0 15 5 20.9062 0.498138 2.37022 0.381345 3557
0 15 6 23.8167 1.15654 2.13574 0.57108 1721
0 15 7 20.3101 0.495013 2.7763 0.318957 3369
0 15 8 20.4143 0.549936 2.45974 0.317814 3605
0 15 9 0 -10 0 0 0
0 15 10 22.4683 0.687347 2.72822 0.486665 4942
0 15 11 0 -10 0 0 0
0 15 12 22.5253 0.718687 2.28681 0.34279 1819
0 15 13 19.112 0.40296 1.97628 0.384342 3828
0 15 14 20.1994 -3 0 0 4
0 15 15 19.9983 0.464927 2.15359 0.407641 4084
0 15 16 20.8534 0.547497 2.2342 0.51465 3462
0 15 17 22.2892 0.654794 2.77052 0.288689 3162
0 15 18 20.0612 0.524222 1.91647 0.427146 3969
0 15 19 19.0679 0.511491 2.22677 0.29591 3728
0 15 20 20.8331 0.522603 2.48049 0.420943 3894
0 15 21 21.2894 0.511396 2.75671 0.365714 3717
0 15 22 23.1323 0.775993 2.19041 0.394433 1936
0 15 23 20.3934 0.887265 2.65646 0.384183 4158
0 15 24 20.3266 0.462823 2.06295 0.363882 4842
0 15 25 19.745 0.55672 2.42304 0.370194 3899
0 15 26 20.9384 0.565749 2.44046 0.47226 4052
0 15 27 21.4755 0.70527 2.71341 0.313941 1826
0 15 28 20.508 0.495219 2.38626 0.349652 3664
0 15 29 14 0.0987735 0.163399 0.433102 3155
0 15 30 20.9771 0.492618 2.20336 0.428974 4611
0 15 31 20.6255 0.582719 2.10608 0.48673 3855
0 15 32 21.016 0.461346 2.19312 0.428751 4229
0 15 33 21.0715 0.50184 2.24626 0.403896 3685
0 15 34 14.0468 0.291189 0.239539 0.135299 2356
0 15 35 20.8542 0.452571 2.50724 0.326931 4294
0 15 36 20.4016 0.540617 2.43767 0.385967 3681
0 15 37 26 -2 0 0 5114
0 15 38 21.1044 0.423595 2.20294 0.369731 4385
0 15 39 21.0334 0.515948 2.40897 0.385579 5559
0 15 40 20.9484 0.51818 2.43406 0.426512 4332
0 15 41 20.2592 0.401962 2.18828 0.309833 4340
0 15 42 28.2575 1.36576 0.899424 0.606463 3674
0 15 43 20.1446 0.701067 2.21075 0.597468 4758
0 15 44 19.9451 0.597777 1.97766 0.415758 4555
0 15 45 20.1442 0.425656 2.30757 0.30667 4438
0 15 46 20.4795 0.529628 2.11163 0.501668 5319
0 15 47 19.8026 0.483822 2.43634 0.366465 4916
0 15 48 20.1994 -3 0 0 2
0 15 49 23.8866 0.267319 0.315782 0.286972 1717
0 15 50 19.9107 0.5758 2.11907 0.460864 5032
0 15 51 19.7875 0.538392 2.46238 0.269768 7577
0 15 52 20.2085 0.408149 2.11709 0.465815 6189
0 15 53 19.4447 0.546018 2.84474 0.339248 4744
0 15 54 19.1128 0.580781 2.45458 0.237539 5386
0 15 55 19.9002 0.67012 2.53797 0.349842 6352
0 15 56 20.3721 0.455988 2.29973 0.39576 6481
0 15 57 19.5787 0.449106 2.70727 0.263104 7051
0 15 58 19.6126 0.462857 2.37223 0.327588 5221
0 15 59 19.6308 0.905254 2.34758 0.502818 6591
0 15 60 19.8038 0.50891 2.41867 0.437717 5051
0 15 61 19.6997 0.418154 2.40865 0.425895 7854
0 15 62 19.4951 0.530458 2.41529 0.33406 6568
0 15 63 15.9299 0.580215 3.78749 0.499473 5612
1 0 0 21.0894 -3 0 0 95781
1 0 1 21.0894 -3 0 0 8803
1 0 2 22.1121 0.282695 2.89954 0.539429 7828
1 0 3 20.7033 0.353779 2.51648 0.515705 8072
1 0 4 21.084 0.31273 2.63456 0.684876 9775
1 0 5 21.3975 0.346178 2.91112 0.392105 7861
1 0 6 20.2892 0.310626 2.56949 0.718928 8801
1 0 7 21.1101 0.383949 2.55068 0.691214 7046
1 0 8 21.4361 0.302929 2.88989 0.510889 9128
1 0 9 20.9194 0.27391 2.88334 0.589113 7674
1 0 10 21.2098 0.29518 3.09198 0.390986 6981
1 0 11 21.2663 0.299042 2.66188 0.451269 10349
1 0 12 21.7946 0.310816 2.78989 0.486352 8121
1 0 13 21.3302 0.300884 2.84016 0.357454 7667
1 0 14 21.0908 0.275503 2.73393 0.720483 11387
1 0 15 20.7673 0.325571 2.39706 0.679365 9125
1 0 16 21.6416 0.301177 3.13341 0.535035 7182
1 0 17 20.5786 0.346056 2.6857 0.247513 11379
1 0 18 20.2665 0.338448 2.53391 0.386126 10041
1 0 19 21.1532 0.295591 2.78259 0.374516 9186
1 0 20 21.1942 0.395302 3.02774 0.305579 9646
1 0 21 21.6561 0.38035 2.88115 0.573191 8179
1 0 22 20.6355 0.306923 2.54095 0.433641 8437
1 0 23 21.3923 0.367642 3.2003 0.33131 10331
1 0 24 21.587 0.320144 2.7461 0.459009 9389
1 0 25 21.9495 0.274948 2.91474 0.448786 8911
1 0 26 21.4686 0.287807 3.025 0.319883 11864
1 0 27 21.329 0.350394 2.53853 0.606963 9630
1 0 28 21.151 0.346493 2.49331 0.761914 7877
1 0 29 21.48 0.299414 2.84495 0.426651 11358
1 0 30 20.9589 0.260748 2.39285 0.455305 10078
1 0 31 21.3879 0.336343 2.87405 0.520269 9024
1 0 32 20.5361 0.325586 2.42819 0.512504 9314
1 0 33 20.8799 0.276237 2.31872 0.526921 11716
1 0 34 21.1594 0.292053 2.70324 0.370484 14562
1 0 35 21.6556 0.324868 2.79063 0.527348 9390
1 0 36 22.4949 0.320416 3.26152 0.480884 9650
1 0 37 0 -10 0 0 0
1 0 38 21.139 0.300975 3.08234 0.384929 10870
1 0 39 21.2426 0.343587 3.03049 0.341173 12815
1 0 40 21.8556 0.319551 2.77623 0.342466 10417
1 0 41 20.69 0.280396 2.56915 0.367825 10459
1 0 42 21.2286 0.425207 2.76945 0.666984 11801
1 0 43 20.878 0.293995 2.61259 0.432973 13644
1 0 44 21.2973 0.352454 2.76584 0.659009 9711
1 0 45 22.229 0.424865 3.00497 0.514982 8447
1 0 46 21.131 0.294436 2.97047 0.36822 13197
1 0 47 20.7947 0.275556 2.65004 0.575192 11595
1 0 48 21.4033 0.276756 2.90818 0.37182 10524
1 0 49 20.6474 0.286726 2.4613 0.435201 13765
1 0 50 21.0917 0.342053 2.9089 0.341024 10470
1 0 51 20.6409 0.297877 2.94975 0.275455 16844
1 0 52 21.2777 0.283611 2.83828 0.380143 14052
1 0 53 20.8353 0.319713 2.4436 0.865993 12141
1 0 54 20.1999 0.284866 2.47713 0.44303 12938
1 0 55 21.139 0.302528 2.79103 0.281254 14072
1 0 56 20.7752 0.289792 2.86315 0.399596 13381
1 0 57 21.8217 0.33407 3.00784 0.567326 14230
1 0 58 19.8789 0.302979 2.35634 0.46556 13721
1 0 59 20.4439 0.320559 2.94333 0.358073 14357
1 0 60 21.3337 0.359725 3.11153 0.79551 11755
1 0 61 21.4002 0.299463 3.50668 0.307385 15967
1 0 62 20.2828 0.296014 2.75245 0.31635 16897
1 0 63 20.5973 0.273092 2.55094 0.361099 14461
1 1 0 20.3901 -3 0 0 40033
1 1 1 19.5634 0.270748 2.70905 0.413357 16924
1 1 2 19.8615 0.333098 2.58949 0.338939 16560
1 1 3 20.4707 0.299677 2.24616 0.567128 13662
1 1 4 19.7435 0.359998 2.60762 0.416372 13771
1 1 5 19.9182 0.458737 2.4121 1.02596 11169
1 1 6 20.512 0.334556 2.74377 0.267032 15609
1 1 7 19.8439 0.334565 2.75444 0.284233 14678
1 1 8 21.0648 0.350354 2.57744 0.507472 12578
1 1 9 20.3113 0.259027 2.74457 0.436361 16030
1 1 10 19.9093 0.316925 2.22234 0.843069 16207
1 1 11 20.0393 0.295455 2.8789 0.317438 12696
1 1 12 20.8564 0.338773 2.3898 0.958769 14047
1 1 13 20.3901 -3 0 0 11244
1 1 14 21.4361 0.297373 2.93669 0.483661 13073
1 1 15 19.6774 0.303069 2.23073 0.499608 13984
1 1 16 19.926 0.337206 3.12215 0.294452 15527
1 1 17 19.4018 0.327986 2.44495 0.429704 14096
1 1 18 20.4505 0.286579 2.45554 0.339583 12880
1 1 19 21.2537 0.288253 3.01597 0.353315 12016
1 1 20 16.1239 0.236365 0.306818 0.563239 2235
1 1 21 20.4651 0.352769 2.77635 0.513313 14705
1 1 22 19.8786 0.378028 2.49995 0.340055 13651
1 1 23 20.3901 -3 0 0 11799
1 1 24 20.2302 0.3631 2.45311 0.479248 13373
1 1 25 20.6409 0.323796 2.91977 0.33114 11056
1 1 26 19.9775 0.387552 2.9302 0.387232 13536
1 1 27 20.341 0.343171 2.53893 0.507889 11370
1 1 28 21.5437 0.326104 2.57603 0.532518 9742
1 1 29 20.7025 0.258635 2.72579 0.42078 12285
1 1 30 18.302 0.538619 0.635432 0.481487 1065
1 1 31 21.3069 0.298442 3.03985 0.519829 11733
1 1 32 20.8776 0.317593 2.77411 0.406982 10872
1 1 33 20.5976 0.285185 2.71762 0.37139 10500
1 1 34 21.4834 0.318298 3.18089 0.289163 10354
1 1 35 0 -10 0 0 0
1 1 36 21.4171 0.310177 2.57735 0.609007 10341
1 1 37 0 -10 0 0 0
1 1 38 20.3901 -3 0 0 1
1 1 39 19.0292 0.65515 2.99701 0.419353 2811
1 1 40 20.6335 0.30029 2.87618 0.471452 11171
1 1 41 0 -10 0 0 0
1 1 42 0 -10 0 0 0
1 1 43 20.8598 0.349396 2.54057 0.444856 11653
1 1 44 0 -10 0 0 0
1 1 45 20.8317 0.279064 2.80227 0.389341 10795
1 1 46 19.9536 0.345722 2.46268 0.465301 11812
1 1 47 0 -10 0 0 0
1 1 48 20.1185 0.324895 2.52494 0.489578 10318
1 1 49 20.4376 0.323948 3.05785 0.346595 10156
1 1 50 20.3901 -3 0 0 3
1 1 51 0 -10 0 0 0
1 1 52 20.8719 0.272414 2.60543 0.588389 9640
1 1 53 0 -10 0 0 0
1 1 54 20.6845 0.333426 2.96333 0.428031 9883
1 1 55 19.9331 0.358571 3.12387 0.305909 9090
1 1 56 20.3901 -3 0 0 1973
1 1 57 20.1927 0.341142 2.65136 0.853622 9382
1 1 58 19.8067 0.350469 2.97914 0.361663 9893
1 1 59 19.5513 0.304073 2.95053 0.266063 10527
1 1 60 0 -10 0 0 0
1 1 61 20.1053 0.286095 3.13208 0.339715 9597
1 1 62 20.2863 0.337064 3.02038 0.351262 8874
1 1 63 19.6317 0.360705 2.4738 0.565816 9280
1 2 0 20.0328 0.292279 2.96907 0.530942 112533
1 2 1 19.8719 0.289678 2.92721 0.401805 18125
1 2 2 20.0871 0.294593 2.89942 0.603748 18081
1 2 3 19.3131 0.371186 2.55792 0.490389 14713
1 2 4 20.9308 0.340294 2.96329 0.653571 14748
1 2 5 20.2557 0.329851 2.96937 0.37231 14157
1 2 6 20.7345 0.347075 2.95345 0.495353 13973
1 2 7 20.4074 0.279092 2.88595 0.35154 11675
1 2 8 20.4011 0.318554 2.82884 0.332114 14488
1 2 9 19.8332 0.270885 2.84594 0.35718 15139
1 2 10 20.7249 0.31368 2.97266 0.416625 11320
1 2 11 19.9702 0.257618 2.43752 0.496144 16179
1 2 12 19.6608 0.284738 2.45583 0.508657 14634
1 2 13 19.8241 0.306379 2.84389 0.507363 12015
1 2 14 19.3962 0.322763 2.87108 0.371097 19897
1 2 15 19.9476 0.330741 2.42595 0.627084 12858
1 2 16 20.3835 0.315109 3.10175 0.316899 12124
1 2 17 20.2299 0.261409 2.54357 0.448467 18421
1 2 18 19.9827 0.28514 2.64324 0.387588 15002
1 2 19 20.8486 0.279611 3.09429 0.481239 12504
1 2 20 20.7296 0.295023 2.66072 0.606978 14282
1 2 21 21.0622 0.280303 2.78702 0.431045 13844
1 2 22 20.7732 0.283518 2.51628 0.52815 11573
1 2 23 19.4294 0.414437 2.65008 0.657228 16785
1 2 24 20.9601 0.262624 2.86212 0.418008 16541
1 2 25 20.2944 0.309654 3.02965 0.354706 10523
1 2 26 20.5743 0.346665 3.09382 0.41773 18710
1 2 27 20.5377 0.400924 2.73768 0.539595 12100
1 2 28 21.2139 0.323213 2.9909 0.371378 10616
1 2 29 20.4906 0.263308 2.76396 0.428756 16471
1 2 30 20.9382 0.31315 3.06934 0.346904 11918
1 2 31 21.3224 0.254827 2.75049 0.743771 9239
1 2 32 21.0485 0.284344 2.58223 0.562259 11279
1 2 33 20.7274 0.28473 2.54311 0.520202 12168
1 2 34 20.7403 0.277597 3.00228 0.277535 19102
1 2 35 20.514 0.288644 2.41226 1.06422 9868
1 2 36 20.632 0.265639 2.90204 0.411398 12562
1 2 37 0 -10 0 0 0
1 2 38 20.4925 0.281099 2.8486 0.350413 10684
1 2 39 20.3913 0.336549 3.03331 0.316956 12838
1 2 40 20.4197 0.307814 2.78119 0.520223 14057
1 2 41 20.5976 0.30794 2.36103 0.785883 10390
1 2 42 22.0332 0.311701 3.33863 0.461509 12895
1 2 43 20.4621 0.287358 2.91779 0.532978 17634
1 2 44 20.2628 0.3361 2.62904 0.378633 10777
1 2 45 20.7977 0.291074 2.58522 0.422932 11588
1 2 46 20.4698 0.33437 3.13148 0.328553 17134
1 2 47 21.9357 0.296489 3.18332 0.643223 8721
1 2 48 20.9034 0.275478 2.59974 0.378639 11793
1 2 49 21.326 0.279466 2.88225 0.346152 13682
1 2 50 20.1457 0.354947 2.459 0.669803 11757
1 2 51 19.9304 0.36595 3.04544 0.273337 17495
1 2 52 19.7484 0.350046 2.54197 0.375669 18091
1 2 53 20.3569 0.3291 3.10981 0.431599 10841
1 2 54 20.1336 0.279369 2.65074 0.31934 13066
1 2 55 20.5386 0.256673 2.76551 0.35338 16354
1 2 56 20.6192 0.333108 2.53368 0.992708 12883
1 2 57 20.4787 0.290959 3.08136 0.465121 15318
1 2 58 20.639 0.269523 2.73954 0.366725 12930
1 2 59 20.157 0.330877 3.24536 0.353539 17566
1 2 60 20.3249 0.304883 2.94952 0.432211 12206
1 2 61 20.4237 0.298134 3.29098 0.310386 18381
1 2 62 19.8323 0.292109 2.9635 0.394949 17796
1 2 63 20.1517 0.370968 2.87349 0.340292 14462
1 3 0 18.9099 -3 0 0 65812
1 3 1 19.3483 0.282716 2.52369 0.44905 19471
1 3 2 18.5955 0.287856 2.36446 0.626332 18570
1 3 3 18.7202 0.280237 2.4532 0.275144 17063
1 3 4 19.2834 0.262562 2.21812 0.500857 19034
1 3 5 18.7222 0.258113 2.23044 0.414324 18417
1 3 6 18.6173 0.259264 2.47926 0.423547 18822
1 3 7 18.2843 0.275828 2.73053 0.54035 20152
1 3 8 18.8765 0.214771 2.14088 0.559468 19653
1 3 9 18.2981 0.242589 2.48968 0.504053 19184
1 3 10 18.9506 0.285027 2.74027 0.467942 18119
1 3 11 19.1601 0.234767 2.31424 0.465382 17995
1 3 12 18.1184 0.26233 2.10779 0.389505 19698
1 3 13 18.6426 0.258951 2.16729 0.470457 18810
1 3 14 18.4822 0.241222 2.50812 0.349996 20006
1 3 15 18.4388 0.254686 2.29492 0.473984 20170
1 3 16 18.9099 -3 0 0 19854
1 3 17 19.2364 0.274638 2.19936 0.440222 19097
1 3 18 19.0887 0.232706 2.31058 0.421141 18525
1 3 19 18.9843 0.298599 2.83587 0.774276 21622
1 3 20 19.3731 0.307685 1.99852 1.04253 18293
1 3 21 19.112 0.312264 2.6137 0.413998 17484
1 3 22 19.6371 0.273455 2.40743 0.481722 17613
1 3 23 18.3531 0.265573 2.21813 0.447336 19323
1 3 24 19.14 0.245464 2.25954 0.348743 18191
1 3 25 18.4547 0.264047 2.18349 0.891181 20072
1 3 26 19.3502 0.254698 2.49263 0.428113 19162
1 3 27 18.7502 0.290549 2.10995 0.646533 18863
1 3 28 18.4771 0.270653 2.35895 0.297566 19330
1 3 29 19.2036 0.234282 2.35172 0.519788 19133
1 3 30 19.5478 0.221381 2.42605 0.589468 16590
1 3 31 19.4095 0.271324 2.62634 0.70836 18028
1 3 32 18.3088 0.272658 2.11783 0.475669 20228
1 3 33 19.0822 0.271603 2.05757 0.855252 18643
1 3 34 19.7151 0.260878 2.62048 0.435529 17762
1 3 35 19.3674 0.307873 2.6525 0.332712 19713
1 3 36 18.7997 0.285006 2.26334 0.417583 18469
1 3 37 0 -10 0 0 0
1 3 38 19.488 0.242651 2.63889 0.492328 19426
1 3 39 18.968 0.263888 2.2648 0.690148 19464
1 3 40 19.1519 0.283029 2.18343 0.955685 19448
1 3 41 19.6995 0.235002 2.37258 0.472051 17212
1 3 42 18.901 0.266464 2.16638 0.668067 19101
1 3 43 18.7691 0.267836 2.25207 0.470886 19024
1 3 44 18.9504 0.271973 2.22287 0.408211 18927
1 3 45 18.6978 0.245624 2.22501 0.319424 19550
1 3 46 18.8989 0.264006 2.33397 0.391393 20155
1 3 47 19.3958 0.299556 2.25433 1.08162 19987
1 3 48 19.1119 0.312193 2.47306 0.300495 17948
1 3 49 18.4487 0.270708 2.27562 0.440983 20583
1 3 50 19.2423 0.284395 2.21164 0.583081 18210
1 3 51 19.2895 0.226074 2.4465 0.66682 19162
1 3 52 18.8588 0.23511 2.21223 0.423675 20752
1 3 53 19.2438 0.253641 2.40632 0.554827 18324
1 3 54 18.7748 0.290781 2.08667 0.621625 18756
1 3 55 19.0919 0.276633 2.29232 0.557646 18643
1 3 56 18.765 0.241892 2.47036 0.424936 19643
1 3 57 18.9178 0.255145 2.6589 0.331332 18813
1 3 58 19.4931 0.265302 2.48387 0.574967 16854
1 3 59 18.7041 0.248284 2.26539 0.718237 19649
1 3 60 18.6881 0.241357 2.49905 0.568679 19324
1 3 61 19.4064 0.279488 2.97498 0.409569 17650
1 3 62 19.7579 0.295808 2.76912 0.581943 17663
1 3 63 18.5239 0.261302 2.29722 0.401469 20184
1 4 0 22.2696 -3 0 0 114888
1 4 1 23.9689 0.496096 3.3614 0.546243 12980
1 4 2 22.7428 0.366313 3.5742 0.448478 10607
1 4 3 21.5532 0.437428 2.91961 0.576944 8061
1 4 4 22.2172 0.353599 3.25072 0.410716 8078
1 4 5 21.4691 0.336366 2.97525 0.370152 10087
1 4 6 22.0632 0.372316 3.38667 0.423975 11397
1 4 7 22.5192 0.417048 3.63141 0.256553 6486
1 4 8 22.286 0.320986 2.76014 0.728056 10538
1 4 9 21.6802 0.645942 3.83422 0.276522 9118
1 4 10 21.8274 0.400707 3.36279 0.428721 7994
1 4 11 21.1063 0.358283 3.27754 0.419793 10347
1 4 12 21.6993 0.416325 3.22859 0.28797 8596
1 4 13 21.0631 0.368971 3.17774 0.296776 6898
1 4 14 22.0869 0.344898 3.2254 0.287784 12593
1 4 15 21.3994 0.358866 3.09374 0.417465 7817
1 4 16 21.6581 0.381036 3.33656 0.362031 7603
1 4 17 21.9636 0.340787 2.87037 0.545795 9936
1 4 18 22.1169 0.413155 3.09579 0.365239 7420
1 4 19 22.7684 0.441407 4.45285 0.36014 6400
1 4 20 22.4318 0.440009 2.82597 0.738193 8051
1 4 21 23.056 0.390134 3.67285 0.30669 10003
1 4 22 22.626 0.539309 3.1902 0.564727 6937
1 4 23 21.5995 0.358212 3.04831 0.380424 9514
1 4 24 21.9647 0.333261 3.06774 0.265813 11953
1 4 25 22.6129 0.383306 3.15913 0.487053 5338
1 4 26 22.3732 0.347754 3.4886 0.242864 11005
1 4 27 22.7606 0.359927 3.04901 0.363434 6020
1 4 28 22.9159 0.367195 3.23259 0.417209 5528
1 4 29 22.168 0.377675 2.94682 0.584692 10087
1 4 30 21.8282 0.406329 2.71327 0.724395 7161
1 4 31 23.3458 0.39667 3.53358 0.434831 4938
1 4 32 22.3326 0.381232 3.2198 0.385819 5489
1 4 33 21.9736 0.383594 3.02531 0.507737 6216
1 4 34 22.808 0.364799 3.33818 0.309038 11001
1 4 35 22.1431 0.440239 2.84027 0.667245 6155
1 4 36 21.2674 0.454393 2.97797 0.550292 7549
1 4 37 0 -10 0 0 0
1 4 38 23.6017 0.500277 3.08195 0.71461 4990
1 4 39 21.4277 0.336974 3.08454 0.364016 6959
1 4 40 21.8943 0.325416 3.17848 0.2685 7944
1 4 41 22.9765 0.421746 2.7417 0.560518 5133
1 4 42 23.8919 0.402987 3.43064 0.383045 5975
1 4 43 22.5205 0.323143 3.01975 0.472497 8615
1 4 44 22.4765 0.434828 3.10696 0.674459 4651
1 4 45 20.4717 0.328277 2.63543 0.46634 6845
1 4 46 21.2256 0.379419 3.15253 0.401305 11944
1 4 47 22.5385 0.439479 3.63852 0.51492 5772
1 4 48 22.5911 0.399827 3.19299 0.623192 5682
1 4 49 21.0122 0.527304 3.02823 0.620703 8205
1 4 50 21.1497 0.375736 3.07529 0.392132 5405
1 4 51 21.7931 0.417647 3.43663 0.263288 7750
1 4 52 22.1005 0.41402 3.18299 0.35506 8442
1 4 53 23.0479 0.557391 3.59623 0.412232 4054
1 4 54 21.3742 0.376366 2.76375 0.547919 6715
1 4 55 21.7559 0.402937 2.91213 0.389141 8108
1 4 56 22.2359 0.396021 3.04145 0.451166 6359
1 4 57 22.0787 0.367906 3.31253 0.502467 6818
1 4 58 21.6787 0.323033 3.15102 0.346943 6389
1 4 59 22.613 0.382925 3.70595 0.311208 9612
1 4 60 22.8549 0.370047 3.39579 0.56504 5048
1 4 61 21.281 0.365961 3.86696 0.288484 7994
1 4 62 22.5144 0.375468 3.25473 0.549357 7970
1 4 63 27 -2 0 0 7153
1 5 0 20.1831 -3 0 0 114628
1 5 1 19.2005 0.263993 2.68724 0.439964 13200
1 5 2 20.6994 0.329117 2.92248 0.496722 10759
1 5 3 19.8181 0.301798 2.87483 0.399618 12517
1 5 4 19.5235 0.307738 2.75638 0.45508 13939
1 5 5 19.8973 0.295104 2.44064 0.730126 10810
1 5 6 19.3628 0.314576 3.17771 0.284575 11109
1 5 7 20.3398 0.298381 3.10666 0.37512 12374
1 5 8 20.5813 0.253409 2.84527 0.466234 12859
1 5 9 20.3687 0.354781 3.06926 0.322746 10583
1 5 10 20.3601 0.305843 3.29268 0.315532 10802
1 5 11 20.52 0.324691 2.94435 0.327736 11354
1 5 12 20.086 0.356241 2.81733 0.440428 10849
1 5 13 20.1038 0.258784 2.75018 0.316427 13612
1 5 14 20.874 0.293533 3.01018 0.402134 10966
1 5 15 20.2464 0.308928 2.55515 0.46902 13902
1 5 16 20.8975 0.280993 3.23957 0.535877 11858
1 5 17 19.6107 0.482342 2.7905 0.527289 13005
1 5 18 20.2233 0.246785 2.63089 0.42551 13141
1 5 19 20.9498 0.271574 2.91159 0.521088 15755
1 5 20 20.6097 0.303644 3.03278 0.260208 12171
1 5 21 19.6918 0.335838 2.74411 0.517498 12932
1 5 22 20.1115 0.370051 2.59235 0.471 12107
1 5 23 21.5207 0.309701 3.38995 0.389122 11533
1 5 24 20.3451 0.317678 2.49344 0.466531 10776
1 5 25 19.8423 0.333357 3.04612 0.469233 14166
1 5 26 20.4945 0.296996 3.02171 0.472893 12680
1 5 27 20.0681 0.2774 2.79283 0.360883 12893
1 5 28 20.561 0.297794 2.78755 0.381292 13221
1 5 29 20.4068 0.276924 2.8765 0.291248 13465
1 5 30 20.2643 0.328461 2.9148 0.340242 12706
1 5 31 19.9433 0.32939 3.19072 0.343214 15378
1 5 32 19.9871 0.288093 2.69516 0.265318 15655
1 5 33 19.8935 0.372457 2.70344 0.296993 16154
1 5 34 20.1944 0.307811 3.12741 0.435311 13158
1 5 35 20.6608 0.308761 3.16586 0.318975 13497
1 5 36 20.2839 0.266123 2.94403 0.320376 13967
1 5 37 0 -10 0 0 0
1 5 38 19.5722 0.258708 2.73962 0.287498 20158
1 5 39 20.3625 0.335429 3.08095 0.297052 16535
1 5 40 20.803 0.361511 3.04774 0.496077 14238
1 5 41 20.0612 0.325789 2.47171 0.665779 16117
1 5 42 20.3433 0.268939 2.62748 0.52666 17241
1 5 43 19.978 0.271668 2.7653 0.398945 15206
1 5 44 20.9418 0.289042 2.92672 0.468781 14138
1 5 45 20.916 0.321773 2.7729 0.42526 14343
1 5 46 20.5871 0.275812 3.14378 0.377298 13981
1 5 47 20.4816 0.291361 3.33032 0.2689 20857
1 5 48 20.0114 0.315403 2.58792 0.417704 15757
1 5 49 20.7059 0.281758 3.0206 0.398944 14115
1 5 50 19.5101 0.285135 2.66943 0.248907 20655
1 5 51 21.137 0.321661 3.09216 0.249282 17804
1 5 52 20.0079 0.347851 2.70986 0.432017 14000
1 5 53 20.6231 0.323536 3.16471 0.311526 16392
1 5 54 18.8125 0.336552 2.48013 0.487243 18680
1 5 55 19.8092 0.292668 2.67948 0.436627 17465
1 5 56 19.1157 0.271666 2.86315 0.415655 19215
1 5 57 19.7102 0.323505 2.99671 0.37985 18783
1 5 58 19.7828 0.298916 2.60026 0.480846 16609
1 5 59 20.4596 0.303869 2.99521 0.502792 15706
1 5 60 19.3855 0.310217 3.0559 0.360398 16969
1 5 61 19.4824 0.271978 3.30646 0.202083 19933
1 5 62 20.0451 0.31685 3.04181 0.500252 17435
1 5 63 19.953 0.302096 2.91962 0.275185 15832
1 6 0 20.3918 0.42415 3.11845 0.497569 89889
1 6 1 20.8262 0.389285 3.06378 0.314303 6796
1 6 2 20.5111 0.395632 2.97548 0.376925 6622
1 6 3 20.9481 0.4992 2.67241 0.356877 3408
1 6 4 21.4045 0.495622 2.53873 0.609301 3937
1 6 5 21.5904 0.458151 2.96902 0.390169 4345
1 6 6 21.2488 0.419816 2.69212 0.501325 5264
1 6 7 20.2839 0.487831 2.78402 0.382154 3688
1 6 8 20.8929 0.383769 2.69045 0.429297 4750
1 6 9 21.6918 0.401838 3.0674 0.347129 4546
1 6 10 22.642 0.426148 3.18884 0.449064 3519
1 6 11 20.9487 0.463541 3.0008 0.345851 3709
1 6 12 20.6737 0.542362 2.4522 0.536834 4155
1 6 13 20.3159 0.426301 2.5028 0.407113 3354
1 6 14 21.8651 0.482633 3.04667 0.462925 5657
1 6 15 20.5606 0.439004 2.50846 0.350362 3408
1 6 16 20.5729 0.440245 2.90023 0.386924 5099
1 6 17 21.6905 0.452255 2.74051 0.511748 3906
1 6 18 20.1342 0.49812 2.75744 0.519448 3593
1 6 19 19.4894 0.647125 2.33362 0.681088 4539
1 6 20 20.2236 0.450255 2.36815 0.728301 3978
1 6 21 21.032 0.521592 2.73499 0.517526 4884
1 6 22 20.8561 0.509361 2.65962 0.419798 3642
1 6 23 20.6028 0.442161 2.6709 0.405035 4492
1 6 24 20.6448 0.395533 2.69791 0.37246 5535
1 6 25 20.7124 0.403952 3.03605 0.376467 4137
1 6 26 21.8918 0.465135 3.10515 0.339353 5309
1 6 27 22.5351 0.448389 2.90384 0.471706 2532
1 6 28 21.7164 0.457894 2.70645 0.530854 3178
1 6 29 20.6687 0.42507 2.87409 0.430211 4462
1 6 30 21.4564 0.415981 2.59591 0.608456 3504
1 6 31 22.9782 0.498684 2.95306 0.510473 2079
1 6 32 22.1344 0.443023 3.02311 0.512914 2570
1 6 33 21.8445 0.732858 3.0954 0.354724 2788
1 6 34 21.5655 0.502498 3.08592 0.404966 4629
1 6 35 20.978 0.451231 2.30962 0.443758 3261
1 6 36 20.0797 0.444356 2.31437 0.587518 3289
1 6 37 0 -10 0 0 0
1 6 38 20.6243 0.432177 2.97045 0.460772 2784
1 6 39 21.6599 0.482822 2.59287 0.50273 2911
1 6 40 20.37 0.493052 2.8101 0.436074 3301
1 6 41 21.5367 0.385452 2.81108 0.532015 2872
1 6 42 22.3018 0.46291 3.19767 0.54549 3140
1 6 43 21.0045 0.590984 2.72954 0.61784 4111
1 6 44 19.8398 0.601492 2.81897 0.465416 2765
1 6 45 21.3093 0.528819 2.41878 0.4111 2727
1 6 46 20.1094 0.422497 2.62247 0.37656 4510
1 6 47 21.6018 0.431607 2.85452 0.715869 2508
1 6 48 20.2153 0.499459 2.83079 0.389628 3289
1 6 49 21.1346 0.499525 2.87166 0.372755 3134
1 6 50 20.9803 0.431674 2.40611 0.444582 3263
1 6 51 21.678 0.446515 3.04136 0.488086 2913
1 6 52 19.205 0.5107 2.67482 0.338673 4521
1 6 53 19.9264 0.423786 2.93304 0.375711 2842
1 6 54 20.8458 0.453601 2.47727 0.440012 3223
1 6 55 20.1607 0.379557 2.43498 0.482172 3877
1 6 56 19.4856 0.407424 2.70764 0.445495 3311
1 6 57 20.0941 0.417359 3.03936 0.439272 2939
1 6 58 19.9939 0.453564 2.41907 0.402628 3174
1 6 59 20.5864 0.517076 3.1297 0.326423 4145
1 6 60 19.3189 0.488162 2.69831 0.366232 3044
1 6 61 19.6899 0.402319 3.03003 0.267616 3924
1 6 62 19.6804 0.362447 2.63778 0.36959 4354
1 6 63 27 -2 0 0 3128
1 7 0 6 -2 0 0 30001
1 7 1 23.2531 0.586766 3.34553 0.740273 2977
1 7 2 22.6141 0.557383 3.61652 0.348034 2635
1 7 3 24.5492 0.650038 3.49531 0.338246 3050
1 7 4 24.7129 0.527655 3.56432 0.310928 2959
1 7 5 23.694 0.430185 3.05564 0.575122 3277
1 7 6 23.2335 0.66594 3.64273 0.46975 2671
1 7 7 25.1229 0.549659 3.61831 0.45281 2626
1 7 8 23.6111 0.463282 3.41819 0.293978 3111
1 7 9 24.1916 0.516985 3.61287 0.321043 2576
1 7 10 22.7152 0.45017 3.30741 0.420722 2690
1 7 11 24.0004 0.52713 3.58558 0.472537 3095
1 7 12 23.7725 0.490836 3.17846 0.408752 2820
1 7 13 23.7546 0.427241 3.06126 0.456366 3446
1 7 14 22.7954 0.496072 3.30562 0.440371 3318
1 7 15 23.1466 0.454074 2.92584 0.432474 3183
1 7 16 23.8387 0.471465 4.04371 0.360535 3384
1 7 17 21.8668 0.554488 3.13285 0.311535 4035
1 7 18 22.2898 0.45953 2.97288 0.448541 3499
1 7 19 22.733 0.528663 3.52213 0.39234 4140
1 7 20 23.804 0.512906 3.35656 0.495485 3299
1 7 21 24.0205 0.502366 3.87014 0.455217 2263
1 7 22 23.381 0.775237 3.46946 0.41751 3332
1 7 23 22.7703 0.460771 3.50414 0.427155 3665
1 7 24 23.0431 0.446413 3.31908 0.441327 2961
1 7 25 23.7942 0.519505 3.68102 0.411378 3652
1 7 26 25.4206 0.641224 3.79073 0.408293 3310
1 7 27 23.2335 0.538891 3.4484 0.421276 3476
1 7 28 25.3416 0.658776 3.16035 0.507225 3171
1 7 29 22.3422 0.531652 3.66114 0.351958 3350
1 7 30 23.9066 0.492284 3.26994 0.408471 3354
1 7 31 22.9756 0.544112 3.4347 0.425783 3781
1 7 32 23.3966 0.452665 3.50236 0.392267 3749
1 7 33 23.9493 0.447664 3.62822 0.301993 3271
1 7 34 24.8218 0.546142 3.58919 0.47897 3118
1 7 35 25.9652 0.527442 3.92834 0.438876 3765
1 7 36 23.1054 0.436628 3.39727 0.360832 5081
1 7 37 0 -10 0 0 0
1 7 38 23.5881 0.487557 3.42389 0.442811 5493
1 7 39 22.1544 0.500948 3.5558 0.271589 7252
1 7 40 23.1606 0.60285 3.64602 0.378925 2282
1 7 41 22.8142 0.409785 3.16375 0.366159 5261
1 7 42 24.2452 0.460075 3.8891 0.394173 3848
1 7 43 23.4895 0.520474 3.55865 0.274076 3982
1 7 44 22.7067 0.647698 3.15842 0.381321 4959
1 7 45 25.9332 0.561925 3.9767 0.299821 3695
1 7 46 24.36 0.690044 3.8714 0.324758 3713
1 7 47 25.7774 0.585845 4.55923 0.360799 6097
1 7 48 24.2354 0.551261 3.42049 0.379628 4301
1 7 49 22.2674 0.523427 3.05461 0.528569 4625
1 7 50 23.2307 0.487864 3.1465 0.39894 5064
1 7 51 23.4717 0.450232 3.34258 0.456253 6599
1 7 52 23.5742 0.527718 3.47182 0.29558 4492
1 7 53 23.9251 0.5426 3.74789 0.331624 5794
1 7 54 23.6309 0.645288 3.48421 0.500473 4857
1 7 55 23.317 0.454405 3.46807 0.374329 5098
1 7 56 22.4048 0.413437 3.49872 0.340063 6613
1 7 57 23.7817 0.503232 3.83927 0.292549 7046
1 7 58 23.6544 0.516573 3.06566 0.493417 5093
1 7 59 23.1918 0.518503 3.73122 0.292625 4899
1 7 60 22.5908 0.4772 3.57187 0.403369 6821
1 7 61 22.6906 0.446053 3.86112 0.286952 6422
1 7 62 23.5305 0.494707 3.75483 0.312498 5145
1 7 63 24.7728 0.562121 3.45896 0.454624 4087
1 8 0 24.9434 -3 0 0 90121
1 8 1 24.2903 0.557385 4.2114 0.304114 4502
1 8 2 24.4511 0.504062 3.99019 0.36682 5034
1 8 3 23.9568 0.460712 2.83602 0.382864 6237
1 8 4 23.3049 0.421108 3.33002 0.375921 6706
1 8 5 23.5455 0.811593 3.6084 0.463911 4821
1 8 6 24.2437 0.46252 3.33875 0.457294 5443
1 8 7 23.9039 0.432942 3.70774 0.244659 6924
1 8 8 24.9495 0.468262 3.58585 0.436331 4594
1 8 9 24.4125 0.497484 3.73935 0.303295 5728
1 8 10 25.9499 0.5172 3.93882 0.253426 5170
1 8 11 24.9411 0.5159 3.3466 0.522454 4764
1 8 12 24.0814 0.496585 3.61666 0.23195 5052
1 8 13 24.0137 0.439262 3.38631 0.25025 6670
1 8 14 25.1404 0.466524 2.82668 0.696787 4501
1 8 15 24.4819 0.575296 3.554 0.377825 5961
1 8 16 24.0035 0.488693 3.80819 0.264369 6265
1 8 17 23.3512 0.523766 3.3597 0.458054 5119
1 8 18 24.9269 0.424922 3.49908 0.3252 5102
1 8 19 25.3182 0.477103 3.34464 0.641141 7352
1 8 20 27.5665 0.64713 4.80215 0.360991 6509
1 8 21 25.4655 0.46475 3.87242 0.339626 5161
1 8 22 25.8792 0.47191 3.45955 0.367952 5474
1 8 23 25.4678 0.456895 3.69375 0.360205 5438
1 8 24 23.7607 0.497091 3.24809 0.413602 4057
1 8 25 25.3702 0.525722 4.15977 0.305787 7257
1 8 26 24.696 0.402185 3.41425 0.512634 5436
1 8 27 24.9821 0.464409 3.68988 0.26129 5822
1 8 28 26.5401 0.543056 3.85069 0.220323 5656
1 8 29 24.932 0.418122 3.53142 0.423664 5224
1 8 30 24.1839 0.463387 3.45056 0.363205 6195
1 8 31 24.2651 0.444271 3.63879 0.271889 9111
1 8 32 24.2483 0.49704 3.18037 0.403069 7401
1 8 33 24.0083 0.511256 3.69361 0.299363 8533
1 8 34 24.8323 0.463126 4.12786 0.261827 6047
1 8 35 24.7342 0.485405 3.59996 0.393444 8171
1 8 36 24.7206 0.58011 3.44437 0.442703 6476
1 8 37 0 -10 0 0 0
1 8 38 26.7309 0.512402 3.91035 0.276221 8736
1 8 39 24.6769 0.585262 4.08084 0.311571 8182
1 8 40 24.9434 -3 0 0 67
1 8 41 26.0169 0.513217 3.97062 0.249932 6974
1 8 42 26.1415 0.448718 3.45422 0.345594 5554
1 8 43 24.0024 0.671134 3.43837 0.450826 5312
1 8 44 26.3191 0.513282 3.96683 0.241399 7217
1 8 45 24.2105 0.533698 3.50693 0.261476 6750
1 8 46 25.7702 0.406707 3.29432 0.650979 4954
1 8 47 25.4039 0.496125 4.03328 0.208011 10821
1 8 48 25.821 0.439073 3.94011 0.237535 5844
1 8 49 23.7103 0.438237 3.70445 0.237967 8085
1 8 50 24.1601 0.472842 3.42417 0.488182 7717
1 8 51 25.132 0.48276 3.6883 0.446244 5102
1 8 52 23.7716 0.406593 3.26276 0.366573 7386
1 8 53 26.4895 0.493842 4.51077 0.190726 7764
1 8 54 23.6317 0.447227 3.64853 0.292426 7183
1 8 55 23.8834 0.388253 3.62964 0.257105 6157
1 8 56 25.7986 0.51567 4.17306 0.35549 7651
1 8 57 24.6295 0.671126 3.67672 0.405968 6623
1 8 58 25.0001 0.478587 2.98424 0.444339 6403
1 8 59 25.3278 0.604233 3.56367 0.41732 4828
1 8 60 23.7944 0.408317 3.77495 0.30877 8252
1 8 61 24.089 0.633974 4.66861 0.327931 7298
1 8 62 23.8453 0.431186 4.41114 0.212764 7069
1 8 63 23.9815 0.427556 3.9983 0.28445 6090
1 9 0 21.5236 -3 0 0 50079
1 9 1 21.1224 0.612046 3.24257 0.414266 6140
1 9 2 20.052 0.477885 2.53239 0.406869 4955
1 9 3 20.8018 0.635332 3.08133 0.461531 2957
1 9 4 21.8424 0.454508 2.90181 0.39818 3073
1 9 5 21.3554 0.450744 2.50174 0.679566 3318
1 9 6 21.665 0.454453 3.10106 0.409501 3799
1 9 7 20.248 0.601666 3.05345 0.386575 3442
1 9 8 22.5119 0.484415 2.664 0.562232 3435
1 9 9 20.3607 0.568108 2.81799 0.373304 4000
1 9 10 21.7636 0.434734 2.97824 0.504035 2757
1 9 11 22.8052 0.383781 3.05922 0.358104 2925
1 9 12 21.0419 0.475317 2.50132 0.404762 3141
1 9 13 21.0665 0.565757 2.90955 0.409781 3481
1 9 14 20.7945 0.492507 3.1848 0.189078 6862
1 9 15 22.1524 0.474259 2.61759 0.386487 2461
1 9 16 21.6708 0.417185 2.7247 0.484101 3761
1 9 17 22.3652 0.44652 2.66916 0.526256 3802
1 9 18 20.9828 0.783409 2.83104 0.441625 3188
1 9 19 20.8086 0.495684 3.17753 0.329072 2570
1 9 20 21.9489 0.582326 3.20313 0.502068 2725
1 9 21 22.7473 0.517841 2.97398 0.531647 2831
1 9 22 22.2815 0.424847 2.93059 0.389915 2003
1 9 23 21.9598 0.544888 2.68933 0.346035 4325
1 9 24 21.3589 0.7204 2.47302 0.384248 4556
1 9 25 21.0271 0.543338 3.37244 0.309032 2042
1 9 26 21.2255 0.536055 2.97558 0.542388 4393
1 9 27 21.5848 0.567903 3.01567 0.441602 2617
1 9 28 20.8433 0.422215 2.85383 0.375475 2732
1 9 29 21.8204 0.446937 2.67791 0.478618 3610
1 9 30 21.5236 -3 0 0 43
1 9 31 22.1083 0.50118 2.75487 0.435864 2097
1 9 32 21.6193 0.572729 2.58511 0.372459 2135
1 9 33 20.4641 0.427266 2.71691 0.391496 2358
1 9 34 21.4762 0.479943 2.76043 0.647999 4231
1 9 35 20.3613 1.35273 2.73339 0.409657 2192
1 9 36 21.2851 0.723729 2.63421 0.495903 2732
1 9 37 0 -10 0 0 0
1 9 38 21.0676 0.486327 2.5026 0.410238 2792
1 9 39 21.5236 -3 0 0 106
1 9 40 21.4368 0.817718 3.23057 0.410794 2622
1 9 41 21.9921 0.511199 2.89972 0.38824 2062
1 9 42 22.0393 0.375647 3.00937 0.425269 2707
1 9 43 22.0637 0.394574 3.28691 0.264492 4167
1 9 44 22.2583 0.528051 2.87006 0.466672 1953
1 9 45 20.6882 0.47011 2.34714 0.635664 2456
1 9 46 22.6138 0.516497 3.24667 0.34276 3844
1 9 47 21.1079 0.531345 2.96806 0.386235 2269
1 9 48 20.4722 0.528428 2.99094 0.26155 2545
1 9 49 21.941 0.552042 2.96011 0.321801 3610
1 9 50 21.2348 0.553115 2.6049 0.453312 2326
1 9 51 21.8694 0.553298 2.99643 0.302882 3056
1 9 52 20.8827 0.491255 2.49341 0.529363 3671
1 9 53 20.6326 0.582659 2.55604 0.44293 3201
1 9 54 21.0202 0.526201 2.85425 0.4122 2589
1 9 55 20.559 0.540848 2.42815 0.431902 3736
1 9 56 26.6217 0.861659 1.26792 0.406443 2594
1 9 57 21.5318 0.616665 2.96058 0.280825 3007
1 9 58 21.7764 0.545925 2.75098 0.362636 2700
1 9 59 21.5206 0.448039 2.93388 0.313607 3900
1 9 60 21.3161 0.577484 2.92143 0.383889 3160
1 9 61 21.6057 0.495557 2.79269 0.632364 3530
1 9 62 20.8681 0.478464 2.6261 0.521409 4077
1 9 63 21.0893 0.488064 2.53204 0.492275 2838
1 10 0 19.947 -3 0 0 101564
1 10 1 19.302 0.276835 2.78683 0.369575 13434
1 10 2 19.5874 0.311894 3.12001 0.399849 13005
1 10 3 20.1225 0.307913 2.66882 0.453611 14319
1 10 4 18.5566 0.375429 2.46699 0.449062 15657
1 10 5 20.5917 0.306957 2.68142 0.486594 12736
1 10 6 19.4023 0.269557 2.59688 0.355904 14949
1 10 7 18.9025 0.343619 3.08094 0.256936 20807
1 10 8 20.024 0.312375 2.71311 0.353136 11693
1 10 9 20.4736 0.327956 2.96882 0.348962 14674
1 10 10 19.8328 0.329502 2.9609 0.2581 17300
1 10 11 19.6342 0.374293 2.43398 0.623338 12718
1 10 12 20.0592 0.29064 2.5339 0.668577 14460
1 10 13 18.8353 0.291985 2.41323 0.378087 20565
1 10 14 20.423 0.306667 2.91646 0.304996 13861
1 10 15 19.4498 0.336315 2.41753 0.416064 16561
1 10 16 21.627 0.304942 3.34828 0.464754 20512
1 10 17 19.9273 0.23878 2.53681 0.430039 13237
1 10 18 18.9151 0.31308 2.34962 0.458693 15918
1 10 19 18.9843 0.313933 2.6906 0.30884 20715
1 10 20 20.8374 0.279343 2.70975 0.382678 17568
1 10 21 19.7939 0.392766 2.82027 0.568758 14519
1 10 22 20.34 0.362341 3.02627 0.328989 16827
1 10 23 20.7327 0.27105 2.91596 0.456954 12869
1 10 24 20.154 0.315271 2.52987 0.639061 11788
1 10 25 20.2855 0.298853 2.9952 0.287764 19569
1 10 26 20.7966 0.320921 3.01183 0.341272 14468
1 10 27 19.2045 0.345909 2.55822 0.438282 16787
1 10 28 20.5585 0.299391 2.74986 0.395237 15807
1 10 29 21.2714 0.308814 3.21017 0.26632 10448
1 10 30 21.1779 0.298649 2.73156 0.5088 12798
1 10 31 20.2345 0.27135 2.98454 0.27856 19578
1 10 32 20.0734 0.326062 2.66674 0.452804 15384
1 10 33 19.947 -3 0 0 13643
1 10 34 20.1852 0.2825 2.84936 0.383363 12654
1 10 35 20.0946 0.253753 2.77637 0.213663 24685
1 10 36 20.6017 0.334381 2.77466 0.343317 15348
1 10 37 0 -10 0 0 0
1 10 38 19.6443 0.330092 2.7413 0.382889 24727
1 10 39 21.0224 0.277534 2.90932 0.436584 17064
1 10 40 21.1064 0.319321 2.81636 0.513097 13521
1 10 41 19.5904 0.323367 2.4652 0.630125 15705
1 10 42 19.9926 0.324516 2.64318 0.413005 13065
1 10 43 19.2506 0.33627 2.7526 0.391774 13564
1 10 44 20.509 0.297787 2.81741 0.292123 14797
1 10 45 20.7387 0.3116 2.68596 0.510898 12780
1 10 46 20.4922 0.328508 2.70728 0.463973 12812
1 10 47 20.6612 0.31486 3.04676 0.454812 20870
1 10 48 20.3851 0.349745 2.92141 0.47723 12037
1 10 49 19.3925 0.286885 2.36409 0.48124 19862
1 10 50 19.3365 0.476514 2.57729 0.768557 22072
1 10 51 19.2693 0.336939 2.79977 0.337546 15944
1 10 52 19.4255 0.365734 2.46738 0.626766 12871
1 10 53 21.3174 0.35425 3.31419 0.667908 16329
1 10 54 20.8129 0.298515 2.41364 0.769429 15690
1 10 55 18.7903 0.328919 2.2794 0.559571 15290
1 10 56 19.7424 0.336487 2.71295 0.581514 16361
1 10 57 19.9753 0.290231 2.9161 0.349619 14976
1 10 58 19.642 0.344411 2.54653 0.438154 13060
1 10 59 19.5518 0.37516 3.05172 0.294441 12502
1 10 60 20.4861 0.271389 2.95516 0.277282 21471
1 10 61 19.5972 0.33482 3.12532 0.455227 14827
1 10 62 18.713 0.3094 2.80072 0.348079 13518
1 10 63 18.473 0.396396 2.36403 0.63757 14004
1 11 0 21.3775 -3 0 0 109143
1 11 1 21.5641 0.488647 2.95986 0.773378 10135
1 11 2 20.3809 0.398138 2.86018 0.495776 8690
1 11 3 21.3887 0.374004 2.76518 0.359877 5414
1 11 4 22.5224 0.373669 3.43958 0.386676 5160
1 11 5 21.1174 0.409355 2.85444 0.470491 6098
1 11 6 21.1984 0.442427 3.20003 0.383794 7358
1 11 7 22.7172 0.385854 3.36728 0.373278 3435
1 11 8 21.6998 0.399151 2.98818 0.410153 6778
1 11 9 22.5666 0.42761 3.10247 0.529478 5311
1 11 10 20.3405 0.363016 2.86415 0.619415 6739
1 11 11 21.6437 0.400806 2.57184 0.755952 6888
1 11 12 21.4116 0.412776 2.79841 0.400378 6467
1 11 13 22.5256 0.436334 2.92983 0.533346 3482
1 11 14 21.3775 -3 0 0 11711
1 11 15 21.6541 0.460619 3.31018 0.479075 4282
1 11 16 20.4022 0.399273 3.06644 0.38662 5325
1 11 17 20.6669 0.367107 2.90714 0.320755 8371
1 11 18 20.4813 0.647093 3.24997 0.479029 5017
1 11 19 23.2239 0.499347 3.54311 0.662671 2924
1 11 20 20.8376 0.394671 2.8632 0.285977 6809
1 11 21 22.1452 0.425459 3.60207 0.491065 5877
1 11 22 22.0989 0.407054 2.37212 0.778605 6397
1 11 23 22.6391 0.425762 3.31581 0.376814 7568
1 11 24 21.8827 0.368753 3.13401 0.342562 8510
1 11 25 21.3682 0.394833 2.74049 0.540759 6101
1 11 26 22.4704 0.423266 3.40902 0.303271 8993
1 11 27 21.5223 0.400756 2.73038 0.58983 5028
1 11 28 22.272 0.400708 2.85499 0.473952 3889
1 11 29 21.6332 0.348758 3.04392 0.261009 8290
1 11 30 21.7871 0.397949 3.061 0.554212 4702
1 11 31 20.3825 0.440652 2.92272 0.335579 6377
1 11 32 22.5743 0.419248 3.17668 0.317791 4596
1 11 33 21.6741 0.417149 2.6124 0.52138 4938
1 11 34 22.14 0.368564 3.31648 0.269515 9340
1 11 35 22.3085 0.364729 2.67192 0.455266 5484
1 11 36 21.2595 0.364507 2.5382 0.617551 5584
1 11 37 0 -10 0 0 0
1 11 38 21.7357 0.420366 2.88667 0.288456 5555
1 11 39 20.9233 0.428311 3.1303 0.413042 5555
1 11 40 20.5833 0.51477 2.84005 0.342121 8082
1 11 41 21.2776 0.480978 2.83674 0.570421 3808
1 11 42 21.7474 0.460132 2.77103 0.727389 6151
1 11 43 20.9916 0.55577 3.44822 0.352543 8060
1 11 44 21.6994 0.500099 2.97444 0.543339 3851
1 11 45 21.6234 0.416175 2.78304 0.547948 4875
1 11 46 21.5926 0.44912 2.80095 0.811013 8545
1 11 47 21.6745 0.366101 3.39461 0.405278 4043
1 11 48 21.904 0.388015 2.93971 0.384475 4835
1 11 49 20.6073 0.387729 2.94122 0.34026 6820
1 11 50 21.0537 0.407818 2.55559 0.524221 5022
1 11 51 21.9119 0.593021 3.38463 0.507752 7428
1 11 52 20.5467 0.413124 2.40918 0.647231 10385
1 11 53 21.1194 0.370257 3.24818 0.38569 4420
1 11 54 21.0988 0.382843 2.52853 0.669207 5431
1 11 55 21.0912 0.319825 2.87342 0.29468 8650
1 11 56 22.0015 0.366084 3.25387 0.388947 5713
1 11 57 22.032 0.419077 3.33484 0.285387 6161
1 11 58 21.3077 0.594986 2.57366 0.724233 5675
1 11 59 20.6322 0.408253 3.35838 0.249892 9442
1 11 60 21.6511 0.418586 2.90164 0.616706 4720
1 11 61 20.4215 0.380898 3.36888 0.284691 9458
1 11 62 20.5993 0.53244 3.45988 0.396424 11085
1 11 63 19.8989 0.355121 2.57737 0.419987 9569
1 12 0 20.1522 -3 0 0 115162
1 12 1 19.5399 0.289728 2.79966 0.365318 15729
1 12 2 19.8066 0.323214 3.05222 0.39023 14616
1 12 3 20.576 0.371077 2.70687 0.605318 11689
1 12 4 20.5101 0.319813 2.62552 0.578071 14736
1 12 5 18.9144 0.393116 2.65227 0.497116 12710
1 12 6 21.4473 0.327294 3.22269 0.393052 11908
1 12 7 21.4343 0.338634 3.28587 0.392722 14473
1 12 8 20.3693 0.328485 2.85375 0.420676 10985
1 12 9 19.802 0.359809 2.79016 0.572223 16856
1 12 10 20.9048 0.288195 3.08188 0.418829 20159
1 12 11 20.1487 0.297264 2.93825 0.437376 11261
1 12 12 21.0195 0.300144 2.93296 0.235133 15473
1 12 13 19.0463 0.338413 2.78259 0.287438 14272
1 12 14 20.5307 0.310172 2.9796 0.447741 14077
1 12 15 20.2137 0.310287 2.53597 0.710117 11913
1 12 16 20.2987 0.343884 3.26556 0.292613 16566
1 12 17 19.9237 0.381647 2.72441 0.391666 10212
1 12 18 19.7466 0.291609 2.62121 0.449254 15023
1 12 19 21.8192 0.299354 3.29194 0.359813 16847
1 12 20 20.7367 0.346037 3.13797 0.364709 10234
1 12 21 19.4881 0.341757 2.63036 0.409036 21504
1 12 22 20.2834 0.359148 2.46471 0.941623 12346
1 12 23 20.0255 0.302117 2.44097 0.690081 11157
1 12 24 20.1804 0.316116 2.47924 0.616592 13029
1 12 25 21.0067 0.349106 3.34134 0.351857 10484
1 12 26 20.451 0.291118 2.75589 0.436781 13264
1 12 27 20.705 0.369823 2.84951 0.443828 10505
1 12 28 19.7539 0.30018 2.40726 0.447433 18435
1 12 29 20.4427 0.341958 2.72723 0.570668 9946
1 12 30 20.5927 0.277812 2.87162 0.568861 10662
1 12 31 20.4357 0.407267 2.54747 1.0367 16831
1 12 32 19.1266 0.413637 2.40821 0.602042 13860
1 12 33 19.9144 0.318555 2.5818 0.616087 10958
1 12 34 20.6656 0.368512 3.3422 0.325724 9556
1 12 35 21.0002 0.334339 3.31743 0.427138 10225
1 12 36 19.124 0.310756 2.81923 0.303361 11791
1 12 37 0 -10 0 0 0
1 12 38 19.6654 0.345946 2.70155 0.608113 14617
1 12 39 20.6735 0.327718 2.80061 0.544495 9547
1 12 40 18.9354 0.319076 2.65894 0.39436 12391
1 12 41 19.1945 0.288496 2.5648 0.434637 11971
1 12 42 20.0556 0.287063 2.44232 0.801882 10411
1 12 43 20.1068 0.335084 2.91008 0.444731 9683
1 12 44 20.7796 0.315414 2.81476 0.456934 10241
1 12 45 19.9257 0.298215 2.40119 0.686249 10819
1 12 46 21.4077 0.334683 3.19732 0.544112 8815
1 12 47 20.9012 0.32988 3.27062 0.47946 11260
1 12 48 18.8584 0.348491 2.41308 0.571107 11705
1 12 49 19.4386 0.283624 2.51832 0.503255 10748
1 12 50 19.8341 0.305019 2.79932 0.476108 9815
1 12 51 20.4405 0.307019 2.98529 0.492148 8811
1 12 52 19.9674 0.279707 2.41192 0.459919 11465
1 12 53 20.9752 0.306094 3.0606 0.475305 9756
1 12 54 19.3606 0.336553 2.74003 0.365308 10461
1 12 55 19.5974 0.28788 2.51541 0.624672 9118
1 12 56 20.8433 0.302883 3.08295 0.498078 8197
1 12 57 19.5718 0.344643 2.98109 0.336825 8611
1 12 58 0 -10 0 0 0
1 12 59 19.552 0.393668 2.99474 0.504629 8472
1 12 60 19.2939 0.277097 2.67363 0.489416 11052
1 12 61 20.5067 0.318497 3.08981 0.443722 7462
1 12 62 19.5391 0.294063 2.98455 0.345964 7880
1 12 63 20.6214 0.314811 2.9797 0.538017 8423
1 13 0 21.4325 -3 0 0 91966
1 13 1 21.1421 0.516371 3.1778 0.471018 5315
1 13 2 21.6206 0.437753 3.02406 0.548078 4045
1 13 3 20.7682 0.353965 3.06092 0.343695 3651
1 13 4 22.3019 0.556572 3.46902 0.381781 2962
1 13 5 20.0938 0.690159 2.79839 0.404876 5253
1 13 6 21.5752 0.414756 2.97512 0.452319 3474
1 13 7 21.6687 0.815297 3.28587 0.474081 2527
1 13 8 22.5162 0.441981 2.98231 0.532443 3322
1 13 9 20.9268 0.470595 3.14975 0.445303 2972
1 13 10 20.5649 0.502254 3.18615 0.465931 2944
1 13 11 20.783 0.42 2.9096 0.388161 4319
1 13 12 21.445 0.381579 2.87189 0.519169 3385
1 13 13 23.0234 0.498166 3.66055 0.327135 2090
1 13 14 20.5242 0.400689 3.11909 0.475827 7228
1 13 15 23.1156 0.430697 3.05408 0.605368 2711
1 13 16 22.6652 0.424395 3.8962 0.416835 2758
1 13 17 20.9834 0.549882 2.87403 0.509065 4724
1 13 18 20.7779 0.323935 2.72707 0.490894 3900
1 13 19 22.7239 0.491153 3.28846 0.42676 2530
1 13 20 21.6992 0.436952 2.85351 0.56433 4270
1 13 21 22.0415 0.490099 3.17391 0.534632 3155
1 13 22 22.0558 0.48266 3.41855 0.328315 2396
1 13 23 24.0166 0.572676 3.57044 0.51407 3929
1 13 24 21.135 0.372325 2.6001 0.624955 4492
1 13 25 21.5369 0.443391 3.10859 0.457397 2778
1 13 26 22.5133 0.460457 3.03478 0.441581 5464
1 13 27 22.3015 0.469383 3.25706 0.395228 2554
1 13 28 19.8317 0.570686 2.94205 0.498173 3166
1 13 29 21.8075 0.391749 3.17224 0.358256 4825
1 13 30 22.7072 0.483016 3.38292 0.473034 2783
1 13 31 22.0742 0.461483 3.18555 0.486589 2637
1 13 32 21.941 0.554319 2.6992 0.607407 2999
1 13 33 21.9574 0.466063 3.35616 0.385301 3121
1 13 34 20.8049 0.419782 3.30324 0.226238 6732
1 13 35 21.2512 0.512509 3.28869 0.423462 3193
1 13 36 21.0437 0.40762 2.73851 0.529058 3352
1 13 37 0 -10 0 0 0
1 13 38 21.3811 0.442463 3.18283 0.414979 3302
1 13 39 20.7009 0.474633 2.58868 0.681378 6910
1 13 40 21.0268 0.403106 2.56507 0.478671 5901
1 13 41 22.4512 0.41603 3.38893 0.318548 2552
1 13 42 21.8035 0.462963 2.85123 0.694363 3932
1 13 43 21.6414 0.38156 2.65273 0.557793 7270
1 13 44 20.953 0.639461 3.17865 0.474189 3495
1 13 45 21.6175 0.434686 2.8431 0.51152 4004
1 13 46 21.6922 0.437046 3.20506 0.317869 6519
1 13 47 20.4295 0.539591 3.13398 0.431288 3916
1 13 48 20.9379 0.466322 2.73502 0.57781 3664
1 13 49 22.9695 0.453921 3.54918 0.342301 4323
1 13 50 20.8264 0.554404 2.86891 0.38683 4038
1 13 51 28 -2 0 0 6419
1 13 52 20.5498 0.446154 2.779 0.443026 5963
1 13 53 20.6832 0.477071 3.01698 0.400348 5926
1 13 54 20.9018 0.373814 3.03521 0.349825 6069
1 13 55 21.2649 0.406436 3.22237 0.253367 8232
1 13 56 20.8941 0.435342 2.82937 0.496392 6367
1 13 57 19.6362 0.580513 3.09905 0.293033 7524
1 13 58 20.3924 0.377536 2.34134 0.535 6996
1 13 59 20.721 0.438459 3.27309 0.310812 7069
1 13 60 23.4634 0.517101 3.71078 0.464294 3411
1 13 61 21.6883 0.51194 3.48425 0.423098 8882
1 13 62 20.9054 0.454173 3.67229 0.239032 9470
1 13 63 21.9325 0.418211 3.11447 0.478724 5959
1 14 0 24.1669 -3 0 0 85731
1 14 1 23.5976 0.483967 3.41339 0.34496 4178
1 14 2 23.3021 0.57234 3.86616 0.261531 4273
1 14 3 24.7833 0.775448 3.98059 0.414332 2850
1 14 4 23.1959 0.552472 3.15236 0.470318 3542
1 14 5 23.4408 0.626003 3.26481 0.373453 3530
1 14 6 23.442 0.531501 3.28822 0.458647 4723
1 14 7 26.1449 0.779032 3.48753 0.443048 2919
1 14 8 24.3484 0.489036 3.30642 0.413976 3074
1 14 9 23.4109 0.57751 3.97442 0.361747 4999
1 14 10 23.4908 0.487657 3.38199 0.43854 5962
1 14 11 24.144 0.693838 3.5621 0.358654 2896
1 14 12 24.885 1.02605 3.60877 0.434779 3807
1 14 13 23.9772 0.595 3.93641 0.331972 3142
1 14 14 24.1152 0.531114 3.49763 0.522951 2814
1 14 15 25.0426 0.898211 3.20541 0.452227 2036
1 14 16 23.7579 0.586879 4.1875 0.287822 5661
1 14 17 23.197 0.854946 4.0315 0.485023 2550
1 14 18 24.9039 0.487704 3.35649 0.356964 2342
1 14 19 25.658 0.654279 3.7626 0.396164 2782
1 14 20 24.4095 0.514103 3.79067 0.217867 2559
1 14 21 23.7684 0.551878 3.88057 0.308901 4501
1 14 22 23.6394 0.609288 3.46484 0.248772 4191
1 14 23 23.8125 0.558002 3.24424 0.549393 1880
1 14 24 22.7446 0.64209 3.43072 0.382908 3064
1 14 25 24.584 0.480288 3.66685 0.314926 3728
1 14 26 24.946 0.598694 3.40851 0.536171 2057
1 14 27 23.3236 0.506002 3.55913 0.341569 3288
1 14 28 23.9162 0.677318 3.56629 0.415444 2499
1 14 29 24.6667 0.500545 3.35331 0.391797 3165
1 14 30 22.5003 0.495121 3.04216 0.382654 3214
1 14 31 25.3678 0.597322 3.90473 0.336916 2163
1 14 32 23.9091 0.591937 3.44622 0.44357 2410
1 14 33 24.9786 0.528379 3.57369 0.361487 2298
1 14 34 24.69 0.607487 3.78427 0.375277 2342
1 14 35 23.3562 0.50191 3.47053 0.433166 3032
1 14 36 26.0814 0.568866 3.74531 0.28502 1734
1 14 37 0 -10 0 0 0
1 14 38 24.8454 0.564915 3.93683 0.365074 2395
1 14 39 25.5307 0.693889 3.56723 0.478587 1834
1 14 40 23.3438 0.50801 3.05825 0.502058 2622
1 14 41 23.5585 0.480286 3.26252 0.426147 2671
1 14 42 23.5761 0.560847 3.51533 0.417304 2539
1 14 43 25.1311 0.615716 3.62227 0.409566 1951
1 14 44 23.5023 0.535487 3.42983 0.330902 2776
1 14 45 23.7801 0.512637 3.34846 0.343464 2662
1 14 46 23.5119 0.715976 3.98017 0.349185 2154
1 14 47 26.5099 0.598494 3.99864 0.449912 1790
1 14 48 25.8074 0.53211 3.79348 0.354225 2046
1 14 49 24.0238 0.539007 3.33788 0.518355 2258
1 14 50 22.3992 0.558166 3.8819 0.254563 2382
1 14 51 23.1118 0.564557 3.20986 0.56737 2366
1 14 52 24.5539 0.683679 3.79634 0.480439 2362
1 14 53 22.3941 0.507984 3.04709 0.462158 2823
1 14 54 24.7561 0.540009 3.50744 0.385685 2208
1 14 55 22.8064 0.46755 3.39361 0.454189 2448
1 14 56 22.0004 0.454557 3.33383 0.496276 2555
1 14 57 23.3943 0.66618 3.57303 0.335992 1626
1 14 58 23.9719 0.521083 3.41505 0.386924 2284
1 14 59 22.5274 0.561797 3.47123 0.451424 2476
1 14 60 23.7795 0.542327 3.871 0.400273 2356
1 14 61 24.4797 0.547477 3.87675 0.376146 1734
1 14 62 23.5464 0.659203 3.7784 0.381103 2213
1 14 63 23.1941 0.513841 3.2324 0.468777 2239
1 15 0 22.6651 -3 0 0 52166
1 15 1 22.3174 0.739864 3.1799 0.550332 1564
1 15 2 22.5655 0.639774 3.59982 0.43425 1335
1 15 3 24.1695 0.644322 3.57921 0.283054 1247
1 15 4 24.0308 1.20572 3.2114 0.481991 1409
1 15 5 21.2068 0.795122 3.35071 0.565883 1729
1 15 6 23.2036 0.810521 3.59789 0.388328 1412
1 15 7 22.5906 0.724347 3.80325 0.276427 1409
1 15 8 24.1924 0.692735 3.28431 0.361288 1482
1 15 9 22.2837 0.784869 2.74246 0.583835 1893
1 15 10 22.1995 0.674439 3.96592 0.337973 961
1 15 11 22.3567 0.665236 3.52554 0.306064 1597
1 15 12 21.7441 0.537854 2.61503 0.37682 2446
1 15 13 22.1827 0.712421 3.60658 0.334561 1719
1 15 14 22.2945 0.579936 3.28755 0.448289 2195
1 15 15 22.702 0.559391 3.10367 0.338431 1796
1 15 16 22.7779 0.551866 4.00924 0.411315 1129
1 15 17 21.7454 0.769951 2.86481 0.583678 2282
1 15 18 23.006 0.585532 2.95839 0.481697 1483
1 15 19 23.6861 0.566759 3.55528 0.425467 1309
1 15 20 23.2389 0.709807 3.50914 0.445306 1468
1 15 21 22.9028 0.556761 3.37225 0.431496 1299
1 15 22 21.9679 0.447469 2.67593 0.573194 1362
1 15 23 22.8831 0.536624 2.98636 0.414762 1874
1 15 24 23.1021 0.554017 3.26745 0.304099 1648
1 15 25 22.9071 0.64301 3.29449 0.378199 1938
1 15 26 22.0844 0.514378 3.13932 0.390802 2536
1 15 27 22.1914 0.637822 3.60023 0.338378 1426
1 15 28 29 -2 0 0 1527
1 15 29 23.3036 0.501341 3.54159 0.382801 1862
1 15 30 21.4651 0.689059 3.52993 0.35607 1692
1 15 31 21.564 0.477679 2.82309 0.407089 2310
1 15 32 23.0713 0.4852 2.96612 0.38059 2130
1 15 33 22.4072 0.655547 2.82285 0.406618 1835
1 15 34 24.6134 0.649354 4.28076 0.345695 1938
1 15 35 21.2026 0.581006 2.59565 0.440472 2300
1 15 36 23.844 0.538389 3.37958 0.454707 1431
1 15 37 0 -10 0 0 0
1 15 38 22.9197 0.472748 2.99632 0.41307 1770
1 15 39 21.7783 0.605742 3.08877 0.336835 2871
1 15 40 21.2687 0.739834 3.56054 0.300106 3082
1 15 41 21.5216 0.520856 2.56702 0.444125 2545
1 15 42 23.5018 0.591084 3.78507 0.276783 1660
1 15 43 22.8383 0.841741 3.18537 0.457377 1803
1 15 44 22.178 0.521539 2.5771 0.494373 2573
1 15 45 23.6101 0.913454 3.28014 0.492006 1259
1 15 46 23.9085 0.733161 3.49899 0.374954 2195
1 15 47 21.72 0.736111 2.50049 0.66607 2721
1 15 48 21.7896 0.502132 3.05594 0.33444 2149
1 15 49 23.5866 0.562109 3.56081 0.279069 1808
1 15 50 22.9811 0.570114 3.45628 0.2798 1595
1 15 51 22.5541 0.561702 2.93921 0.430726 3839
1 15 52 21.4769 0.577676 2.95682 0.327073 2845
1 15 53 28 -2 0 0 2136
1 15 54 22.8509 0.826314 3.71538 0.239653 1780
1 15 55 21.9951 0.527935 3.0797 0.393003 2611
1 15 56 21.5835 0.661769 3.10528 0.276221 2917
1 15 57 22.4376 0.433147 3.16947 0.298452 3508
1 15 58 22.8489 0.669083 3.37138 0.454628 2045
1 15 59 22.5206 0.795679 3.43988 0.386456 2294
1 15 60 22.8387 1.1239 4.09734 0.59324 2414
1 15 61 22.7321 0.573219 3.28159 0.344912 3905
1 15 62 21.2182 0.636704 3.139 0.462999 4060
1 15 63 22.0776 0.475094 3.03743 0.415042 2178
2 0 0 19.2034 0.288898 2.82238 0.428377 12682
2 0 1 18.1869 0.282908 2.58766 0.371099 11974
2 0 2 19.0126 0.26929 2.42031 0.484668 11276
2 0 3 18.0901 0.296512 2.05727 0.45493 9705
2 0 4 18.2016 0.314213 2.05119 0.746369 11811
2 0 5 18.1485 0.30836 1.97015 0.622785 11198
2 0 6 18.1256 0.376604 2.01318 0.859784 10752
2 0 7 18.6429 0.313466 2.22517 0.78985 10019
2 0 8 18.9769 0.278107 2.2417 0.553279 11096
2 0 9 18.1639 0.409766 2.19297 0.703407 11431
2 0 10 19.0128 0.33653 2.03613 0.957815 10003
2 0 11 19.0598 0.274882 2.09467 0.613399 12568
2 0 12 18.5758 0.260742 2.12928 0.537532 10177
2 0 13 18.6063 0.282056 2.06052 0.536305 11040
2 0 14 18.513 0.298988 2.43317 0.365946 13023
2 0 15 18.5611 0.289708 2.20975 0.459736 11242
2 0 16 17.9983 0.359627 2.39819 0.55944 7707
2 0 17 18.4904 0.306201 2.27016 0.390238 13707
2 0 18 18.4725 0.299562 1.90157 0.674548 11012
2 0 19 19.0898 0.258868 2.08036 0.818731 11071
2 0 20 18.6154 0.330293 2.36142 0.443799 12436
2 0 21 17.8945 0.309594 2.33311 0.471502 10649
2 0 22 18.1139 0.364595 2.42822 0.57041 7126
2 0 23 18.5224 0.307969 2.36797 0.388646 13624
2 0 24 18.6226 0.333913 2.26084 0.391819 12876
2 0 25 18.4327 0.325208 2.26723 0.43015 10784
2 0 26 18.9893 0.269712 2.50714 0.46822 13909
2 0 27 18.655 0.293301 2.4889 0.304143 11231
2 0 28 18.6001 0.292812 1.91277 0.669623 11517
2 0 29 18.2622 0.317593 2.25898 0.43949 15031
2 0 30 18.5397 0.293976 2.18686 0.379135 12445
2 0 31 19.0328 0.344363 2.15301 0.536452 12693
2 0 32 17.6698 0.343989 2.25951 0.31973 12181
2 0 33 18.3334 0.322177 2.09422 0.58951 12425
2 0 34 18.7274 0.273699 2.59527 0.391038 16111
2 0 35 19.8547 0.304782 2.31163 0.754253 12041
2 0 36 18.7983 0.310103 2.30431 0.427591 12858
2 0 37 18.4259 0.279914 2.17631 0.451879 16052
2 0 38 18.8422 0.314142 2.32168 0.484072 14105
2 0 39 18.3362 0.305575 2.6933 0.33317 17937
2 0 40 18.6241 0.345876 2.23147 0.579947 13335
2 0 41 18.3774 0.275547 2.03709 0.400159 13032
2 0 42 17.8931 0.315742 2.32789 0.331983 15470
2 0 43 18.61 0.279745 2.22339 0.41066 14695
2 0 44 18.8787 0.262658 2.10652 0.549386 13670
2 0 45 18.9964 0.379583 2.30102 0.568118 12981
2 0 46 18.6109 0.308059 2.59556 0.414754 16264
2 0 47 18.4746 0.305808 2.83828 0.356087 15120
2 0 48 18.6068 0.286505 2.13796 0.369114 14798
2 0 49 18.7756 0.25231 2.34904 0.30781 14829
2 0 50 17.9908 0.346972 2.16957 0.306256 14882
2 0 51 18.3161 0.302592 2.58642 0.289071 20681
2 0 52 18.878 0.311878 2.51794 0.21764 15049
2 0 53 18.5705 0.296136 2.46101 0.541068 13865
2 0 54 18.4499 0.305431 2.02967 0.819342 15140
2 0 55 18.2387 0.355253 2.28558 0.310992 18209
2 0 56 18.3395 0.25444 2.70029 0.399829 18459
2 0 57 18.036 0.298044 2.44622 0.452819 19363
2 0 58 18.8454 0.358631 2.48583 0.724584 15026
2 0 59 18.2365 0.281914 2.57544 0.395433 17561
2 0 60 18.8106 0.275324 2.46987 0.613337 16522
2 0 61 18.2056 0.316307 3.0345 0.263914 21682
2 0 62 17.0288 0.311436 2.56594 0.25717 19609
2 0 63 18.7486 0.301288 2.73333 0.376092 14997
2 1 0 19.6291 0.264954 3.05465 0.482037 20038
2 1 1 18.764 0.277038 2.68997 0.316583 19539
2 1 2 19.1501 0.293098 2.79874 0.340177 18461
2 1 3 19.2029 0.289004 2.35297 0.409625 17561
2 1 4 18.3842 0.303321 2.27592 0.356201 15317
2 1 5 19.0001 0.350153 2.53759 0.281998 17876
2 1 6 18.4398 0.329078 2.89138 0.351722 18797
2 1 7 19.1286 0.331604 2.89084 0.318713 18525
2 1 8 18.7887 0.298529 2.62576 0.299227 16534
2 1 9 18.7429 0.327666 2.74209 0.282822 19989
2 1 10 19.3501 0.298486 2.74204 0.35274 18152
2 1 11 19.8668 0.315306 2.36322 0.543404 16465
2 1 12 18.6018 0.309912 2.41871 0.403518 15707
2 1 13 19.3139 0.308026 2.54305 0.285996 15128
2 1 14 18.4648 0.370092 2.47409 0.70036 18436
2 1 15 18.7215 0.307727 2.61156 0.303022 16330
2 1 16 19.4797 0.299489 3.23926 0.265052 20795
2 1 17 18.981 0.274229 2.53956 0.310115 15823
2 1 18 18.7093 0.320519 2.3215 0.421442 14901
2 1 19 19.0763 0.353802 2.62224 0.501748 15291
2 1 20 19.5261 0.285749 2.5329 0.631193 12132
2 1 21 19.9836 0.27495 2.65419 0.279825 19632
2 1 22 19.6487 0.304133 2.30021 0.421532 17383
2 1 23 18.7606 0.259933 2.41537 0.34496 13552
2 1 24 19.6726 0.312825 2.59347 0.374493 16279
2 1 25 20.0246 0.302709 2.40781 0.601023 15743
2 1 26 18.648 0.280426 2.43286 0.500273 16263
2 1 27 18.7658 0.231538 2.18746 0.444278 14528
2 1 28 19.5745 0.342145 2.53155 0.347358 13159
2 1 29 19.5917 0.298084 2.34041 0.397128 13430
2 1 30 19.5279 0.303049 2.26089 0.451396 14055
2 1 31 19.5914 0.358813 2.70404 0.483184 13081
2 1 32 19.7493 0.363167 2.43935 0.342746 12392
2 1 33 21.4205 0.317655 2.62035 0.674559 11082
2 1 34 20.2506 0.252293 2.76128 0.417472 15304
2 1 35 20.1375 0.300473 2.75953 0.390038 12376
2 1 36 19.6857 0.283695 2.28107 0.481183 13026
2 1 37 19.3992 0.372181 2.3482 0.598623 12854
2 1 38 19.6077 0.337226 2.43891 0.672094 10061
2 1 39 19.9673 0.31758 2.53072 0.519018 10933
2 1 40 19.6498 0.322541 2.29693 0.464191 12870
2 1 41 19.1842 0.375272 2.36354 0.419827 11613
2 1 42 19.0417 0.288251 2.27667 0.555224 11431
2 1 43 19 0.380141 2.45686 0.687365 13084
2 1 44 19.9597 0.290595 2.1559 0.573442 11214
2 1 45 19.2179 0.30623 2.09218 0.634892 11991
2 1 46 19.3421 0.255777 2.43213 0.617804 13679
2 1 47 19.5071 0.329508 2.84264 0.435211 11516
2 1 48 19.2011 0.296649 2.31927 0.542831 10699
2 1 49 19.0718 0.264786 2.3206 0.314529 11521
2 1 50 19.3433 0.355835 2.22664 0.441421 10450
2 1 51 19.797 0.299562 2.49319 0.533373 10614
2 1 52 19.1933 0.283101 2.48437 0.411135 11236
2 1 53 19.2946 0.297857 2.71935 0.50204 8862
2 1 54 19.4283 0.292345 2.16191 0.781437 10572
2 1 55 18.9465 0.29267 2.30729 0.318942 11044
2 1 56 19.2242 0.343337 2.38874 0.799738 10630
2 1 57 19.1965 0.310397 2.53795 0.444621 10807
2 1 58 19.7359 0.30378 2.33863 0.46255 11215
2 1 59 18.9194 0.330646 2.6864 0.351722 12459
2 1 60 18.7573 0.333129 2.52224 0.429166 10713
2 1 61 19.5322 0.286129 2.98894 0.342723 10549
2 1 62 19.8181 0.360112 3.238 0.548206 10667
2 1 63 18.7274 0.349402 2.09029 0.856779 11084
2 2 0 22.2333 0.371966 3.81777 0.323847 16166
2 2 1 20.8925 0.285141 3.35153 0.241298 17524
2 2 2 21.7434 0.314325 3.54513 0.358139 15266
2 2 3 20.1829 0.319487 2.97082 0.385943 12288
2 2 4 20.2003 0.319682 2.92502 0.262034 15427
2 2 5 20.6122 0.325126 3.06159 0.22399 14332
2 2 6 20.8746 0.322347 3.30799 0.196397 14956
2 2 7 21.5858 0.32029 3.64779 0.349787 9392
2 2 8 22.033 0.425722 3.20079 0.572762 14338
2 2 9 23.0139 0.326569 3.73664 0.258981 10369
2 2 10 21.6255 0.380656 3.63136 0.464143 12258
2 2 11 21.2638 0.342673 3.24769 0.3045 14048
2 2 12 22.007 0.301469 3.47327 0.46598 12035
2 2 13 20.6427 0.331927 3.05895 0.411943 10440
2 2 14 20.5907 0.316503 3.61904 0.154515 17667
2 2 15 21.4759 0.323127 3.19004 0.384615 10745
2 2 16 0 -10 0 0 0
2 2 17 20.8952 0.329383 3.0865 0.301843 16041
2 2 18 21.2811 0.277861 2.82761 0.426936 13696
2 2 19 20.3358 0.307835 2.92757 0.461025 12463
2 2 20 20.7159 0.370845 2.91373 0.479767 14921
2 2 21 21.1729 0.338752 3.34431 0.279042 13856
2 2 22 20.6875 0.324929 3.01351 0.459008 11286
2 2 23 21.5443 0.283268 3.00347 0.497035 13976
2 2 24 22.7018 0.346987 3.33089 0.392366 13366
2 2 25 22.3193 0.548934 3.23272 0.715572 10243
2 2 26 21.6412 0.351515 3.46923 0.539961 17338
2 2 27 21.4517 0.372895 3.01151 0.513211 11029
2 2 28 20.1839 0.357094 2.69637 0.554878 12145
2 2 29 20.5817 0.333158 3.24344 0.279553 16609
2 2 30 21.5253 0.328228 2.9811 0.644759 12626
2 2 31 21.5723 0.323515 3.08615 0.39057 11482
2 2 32 21.7506 0.328017 3.2676 0.267255 9343
2 2 33 20.7403 0.372557 2.77952 0.6299 11912
2 2 34 21.4973 0.367731 3.9557 0.25341 16088
2 2 35 20.3911 0.459167 2.94506 0.565867 10299
2 2 36 20.508 0.38041 2.97605 0.380626 14397
2 2 37 20.7809 0.338019 2.77505 0.356429 14942
2 2 38 21.2787 0.304786 3.18199 0.361747 11191
2 2 39 22.2518 0.305559 3.30187 0.347487 13501
2 2 40 21.3332 0.347586 3.45397 0.314132 13036
2 2 41 21.2921 0.326804 3.03628 0.411793 12037
2 2 42 21.622 0.316766 3.07648 0.448421 13513
2 2 43 21.6243 0.295302 3.35448 0.268004 16405
2 2 44 20.8444 0.308412 2.85037 0.33512 13433
2 2 45 20.6708 0.410933 3.03486 0.477355 10757
2 2 46 19.8987 0.350004 3.20928 0.218822 20053
2 2 47 22.8816 0.344643 3.62655 0.30739 7392
2 2 48 21.87 0.299632 3.23485 0.284153 12235
2 2 49 21.9719 0.335668 3.11603 0.403387 15602
2 2 50 21.582 0.359825 3.23887 0.28508 9776
2 2 51 21.451 0.311667 3.23322 0.384787 17851
2 2 52 20.8024 0.322292 2.98547 0.380392 17391
2 2 53 20.9763 0.319073 3.24131 0.328645 12189
2 2 54 21.7504 0.309568 2.88619 0.571517 13008
2 2 55 20.6137 0.304475 3.22586 0.236742 14916
2 2 56 21.9738 0.337474 3.52756 0.343288 13358
2 2 57 21.0524 0.321153 3.42326 0.245616 15602
2 2 58 20.147 0.360745 2.72444 0.40578 14573
2 2 59 20.2271 0.325921 3.26016 0.186544 19425
2 2 60 20.9952 0.369274 3.37605 0.28761 9993
2 2 61 20.2413 0.325818 3.45815 0.245196 20554
2 2 62 21.4667 0.33097 3.49957 0.258137 15938
2 2 63 20.8594 0.363132 3.15072 0.342496 14062
2 3 0 21.274 0.310399 3.29595 0.30948 18576
2 3 1 21.0339 0.335492 3.03831 0.55805 15780
2 3 2 20.645 0.312799 3.25277 0.438423 19518
2 3 3 20.4355 0.340715 2.78688 0.348518 19253
2 3 4 21.1535 0.354674 3.1522 0.284003 16309
2 3 5 20.5698 0.281999 2.79914 0.375327 19322
2 3 6 21.4862 0.267177 3.05592 0.477565 18645
2 3 7 21.6124 0.298094 3.19782 0.382427 19144
2 3 8 20.9247 0.342044 2.92508 0.267609 16950
2 3 9 21.2809 0.283644 3.2669 0.375347 18343
2 3 10 21.1508 0.256074 3.1438 0.335949 20280
2 3 11 21.5998 0.270056 2.81514 0.717057 15920
2 3 12 20.3747 0.240562 2.73068 0.302734 19257
2 3 13 20.8732 0.255696 2.57411 0.469325 19532
2 3 14 21.3699 0.333565 3.26801 0.426 16573
2 3 15 21.0574 0.285961 2.75643 0.634385 18941
2 3 16 21.6193 0.293638 3.43172 0.290453 21481
2 3 17 22.2561 0.293955 3.1255 0.351234 15243
2 3 18 21.9 0.286144 2.96313 0.427806 16421
2 3 19 22.5084 0.276098 3.31699 0.386388 18015
2 3 20 21.3878 0.256533 2.79586 0.437298 18960
2 3 21 21.1964 0.272944 3.14803 0.276197 19516
2 3 22 20.9304 0.265182 2.74431 0.394298 21651
2 3 23 21.032 0.247927 2.69647 0.472248 18843
2 3 24 22.0444 0.267106 2.89301 0.368668 15687
2 3 25 20.7921 0.348974 2.77378 0.461278 20673
2 3 26 20.6178 0.300512 3.27279 0.247287 18029
2 3 27 20.5126 0.25733 2.52045 0.413962 19702
2 3 28 21.2156 0.288307 2.77063 0.381934 18969
2 3 29 22.1329 0.268585 3.00234 0.535612 16529
2 3 30 21.3244 0.262778 2.90963 0.337127 17979
2 3 31 21.3939 0.296406 3.09469 0.292177 18969
2 3 32 21.6645 0.282286 2.87865 0.465143 17905
2 3 33 21.2167 0.309334 2.91894 0.292597 16972
2 3 34 21.053 0.324252 3.10156 0.299329 17374
2 3 35 21.4354 0.27932 2.95525 0.530483 18809
2 3 36 21.0961 0.327975 2.62426 0.602546 18414
2 3 37 22.2424 0.258217 2.99455 0.411954 15844
2 3 38 21.0692 0.263229 3.26098 0.266045 18562
2 3 39 21.8018 0.277461 3.20009 0.352639 14688
2 3 40 21.5269 0.281054 3.02183 0.406083 14764
2 3 41 21.316 0.245426 2.78193 0.330719 18609
2 3 42 20.8808 0.297552 2.73871 0.375353 17571
2 3 43 21.5092 0.250598 2.79015 0.435266 17147
2 3 44 20.2539 0.291333 3.03069 0.292756 16596
2 3 45 20.9181 0.276325 2.73364 0.452067 17049
2 3 46 21.7289 0.29586 3.21929 0.531449 16423
2 3 47 22.2752 0.544096 3.4983 0.567709 16933
2 3 48 21.7973 0.276254 2.99379 0.465911 16420
2 3 49 20.7932 0.272081 2.78063 0.449884 15794
2 3 50 21.214 0.303226 2.6506 0.472459 17319
2 3 51 21.4037 0.295629 3.28045 0.476093 15384
2 3 52 21.568 0.329288 2.93435 0.405311 15942
2 3 53 21.2711 0.314924 3.24988 0.406585 16594
2 3 54 22.4798 0.306073 3.18322 0.510746 12956
2 3 55 19.906 0.321006 3.08096 0.220279 16268
2 3 56 20.8649 0.280858 3.40525 0.296224 15888
2 3 57 20.8498 0.279127 3.23523 0.38848 16964
2 3 58 20.4708 0.277512 2.82918 0.330256 18018
2 3 59 25 -2 0 0 16524
2 3 60 20.2138 0.295972 3.15004 0.250488 17515
2 3 61 21.5593 0.306073 3.84978 0.304193 14700
2 3 62 20.6097 0.341622 3.61289 0.341148 14510
2 3 63 19.7605 0.263888 2.76766 0.31444 18540
2 4 0 20.912 0.372122 3.48916 0.275047 20433
2 4 1 19.3726 0.384274 3.09152 0.251844 15581
2 4 2 21.0441 0.366229 3.60302 0.2789 12000
2 4 3 20.2569 0.432515 2.6631 0.398854 9003
2 4 4 18.7164 0.370754 2.66125 0.33812 11737
2 4 5 19.6916 0.384086 2.21183 0.789337 12265
2 4 6 19.7984 0.339509 2.82759 0.269296 15781
2 4 7 19.8447 0.363306 2.84059 0.586367 8460
2 4 8 18.5983 0.497462 2.5198 0.482893 14057
2 4 9 18.886 0.402284 2.88454 0.374732 11671
2 4 10 20.6499 0.400603 3.38265 0.310798 9888
2 4 11 20.1162 0.385995 2.80356 0.406083 11270
2 4 12 19.5315 0.397172 2.71568 0.436643 11170
2 4 13 19.5415 0.371094 2.71718 0.320048 8126
2 4 14 19.6581 0.375301 3.15079 0.226457 15560
2 4 15 20.1065 0.424297 2.41218 0.809903 9118
2 4 16 19.5674 0.334746 2.66428 0.629925 10462
2 4 17 20.2076 0.361165 2.5795 0.315083 12648
2 4 18 18.8926 0.499686 2.47662 0.408529 10889
2 4 19 21.85 0.511888 3.49225 0.574408 7050
2 4 20 20.4156 0.345723 2.56089 0.590508 9018
2 4 21 20.1358 0.322997 2.72085 0.384745 16077
2 4 22 19.9269 0.385187 2.69946 0.295597 8380
2 4 23 20.3112 0.306396 2.80144 0.350138 12811
2 4 24 19.3911 0.336545 2.68935 0.406473 14602
2 4 25 19.6238 0.359447 2.386 0.69633 8784
2 4 26 20.1015 0.331456 3.09199 0.226132 14817
2 4 27 19.263 0.374805 2.38875 0.654622 9083
2 4 28 20.1042 0.423082 2.65795 0.396857 7665
2 4 29 19.7267 0.342039 2.58597 0.266465 14729
2 4 30 20.7599 0.34886 2.54625 0.510863 8498
2 4 31 19.7476 0.337332 2.75375 0.445725 8024
2 4 32 19.9239 0.402159 2.55268 0.415181 7653
2 4 33 19.9573 0.382192 2.62646 0.280493 8722
2 4 34 20.4212 0.34921 2.83815 0.538414 13440
2 4 35 19.7343 0.443421 2.62129 0.417267 7399
2 4 36 19.8945 0.382564 2.39976 0.600051 9340
2 4 37 19.9539 0.395113 2.75191 0.488252 9187
2 4 38 17.7816 0.554493 2.66765 0.558472 7618
2 4 39 20.2753 0.381554 3.29446 0.384302 6991
2 4 40 19.9931 0.489106 2.82854 0.784508 12337
2 4 41 19.1945 0.519627 2.46823 0.461881 7906
2 4 42 20.2548 0.346946 2.68062 0.457477 8487
2 4 43 20.3238 0.346843 3.00069 0.298731 9792
2 4 44 18.8107 0.351916 2.38297 0.477556 7164
2 4 45 19.9137 0.329719 2.6737 0.51093 7637
2 4 46 19.9676 0.354429 3.01311 0.216356 12990
2 4 47 18.7721 0.356823 2.84603 0.43066 7685
2 4 48 20.1862 0.379493 2.85476 0.336416 7451
2 4 49 20.1804 0.40595 2.21107 0.898685 9898
2 4 50 19.7551 0.363993 2.55051 0.498279 6749
2 4 51 20.2491 0.472339 3.24983 0.434664 8120
2 4 52 19.0584 0.44563 3.03385 0.491194 11008
2 4 53 20.9455 0.533753 3.16609 0.661552 6558
2 4 54 19.3195 0.521804 2.57811 0.507202 7440
2 4 55 20.3888 0.356052 2.67295 0.791278 10425
2 4 56 20.1574 0.326134 2.7023 0.523951 9117
2 4 57 19.1703 0.527416 2.72926 0.46931 8491
2 4 58 19.7128 0.431062 3.06911 0.383268 6982
2 4 59 19.7897 0.408664 3.24796 0.363384 10408
2 4 60 18.5627 0.567538 2.95855 0.361368 7016
2 4 61 18.5922 0.40844 3.159 0.486745 11022
2 4 62 19.9667 0.372488 2.81842 0.70134 9513
2 4 63 19.2741 0.470099 2.85629 0.451787 8028
2 5 0 19.8015 0.282618 3.04499 0.543011 13129
2 5 1 18.4804 0.322651 2.87118 0.391214 13868
2 5 2 19.5418 0.305508 2.80153 0.517927 15318
2 5 3 19.9753 0.250794 2.43528 0.573762 16222
2 5 4 20.0744 0.264283 2.4885 0.641731 16815
2 5 5 18.8953 0.296211 2.55488 0.387521 14298
2 5 6 18.1403 0.320799 2.71798 0.274491 14919
2 5 7 19.3285 0.310704 2.84915 0.426583 16804
2 5 8 19.3654 0.302078 2.50919 0.496736 16138
2 5 9 19.5475 0.271389 2.65376 0.496671 14888
2 5 10 19.0732 0.283569 2.59606 0.435803 17208
2 5 11 18.6747 0.305987 2.28619 0.415225 16136
2 5 12 19.3431 0.263552 2.44643 0.352927 15269
2 5 13 19.6737 0.273236 2.56489 0.366329 15904
2 5 14 19.0751 0.322775 2.91375 0.289713 13751
2 5 15 19.4154 0.39033 2.55471 0.257766 17667
2 5 16 19.7737 0.273694 3.1296 0.452937 17033
2 5 17 19.3271 0.32375 2.42091 0.426122 14293
2 5 18 19.0044 0.290991 2.47466 0.355138 15535
2 5 19 20.4559 0.25762 2.63879 0.683642 19573
2 5 20 19.5712 0.242899 2.56409 0.380746 15593
2 5 21 18.6904 0.287985 2.40936 0.589648 15623
2 5 22 18.6432 0.285295 2.50733 0.503261 16326
2 5 23 19.267 0.353579 2.27981 1.04706 16581
2 5 24 18.9093 0.284353 2.49729 0.483179 14494
2 5 25 19.9752 0.281605 2.80888 0.259321 18772
2 5 26 18.9349 0.243016 2.74033 0.476225 16086
2 5 27 19.2568 0.330659 2.68745 0.314987 17694
2 5 28 19.6704 0.249642 2.55195 0.443191 18339
2 5 29 19.2869 0.259908 2.19832 0.833153 17205
2 5 30 19.5724 0.264007 2.64277 0.320534 16419
2 5 31 19.2428 0.26575 2.57731 0.381277 22768
2 5 32 19.2512 0.314353 2.44878 0.682434 18511
2 5 33 19.7955 0.312272 2.49626 0.340146 20272
2 5 34 19.6179 0.349425 2.90761 0.339195 18603
2 5 35 19.6153 0.266487 2.99593 0.344969 21761
2 5 36 19.3678 0.240944 2.50542 0.354831 18733
2 5 37 19.3808 0.28972 2.4432 0.325751 18631
2 5 38 19.5756 0.26549 2.95939 0.340014 23742
2 5 39 18.8752 0.280288 2.77458 0.370343 28240
2 5 40 19.4749 0.273535 2.64634 0.474523 20117
2 5 41 19.9128 0.268111 2.66566 0.398797 19369
2 5 42 19.5196 0.286157 2.61509 0.320828 19496
2 5 43 20.1925 0.288694 2.79595 0.432888 17071
2 5 44 19.4607 0.310806 2.32457 0.565409 21808
2 5 45 19.0494 0.241669 2.4259 0.42942 21700
2 5 46 19.7259 0.28245 2.68474 0.43094 17753
2 5 47 19.3232 0.283527 2.99605 0.592724 27483
2 5 48 19.4447 0.279968 2.45448 0.277152 20837
2 5 49 19.3557 0.287362 2.35351 0.467897 19381
2 5 50 19.5757 0.258778 2.46579 0.395341 22020
2 5 51 19.7073 0.26414 2.95483 0.369889 26161
2 5 52 19.0459 0.256668 2.35799 0.428719 19967
2 5 53 19.4768 0.253262 2.76807 0.469729 25768
2 5 54 18.9907 0.295681 2.5216 0.384664 21666
2 5 55 19.0355 0.296992 2.37765 0.520668 21389
2 5 56 19.8869 0.250853 2.89562 0.426729 27479
2 5 57 18.84 0.273223 2.74211 0.319024 24385
2 5 58 19.2213 0.263055 2.46479 0.543314 21240
2 5 59 18.9186 0.303523 2.64386 0.435506 19307
2 5 60 19.1853 0.300999 2.84649 0.328646 28325
2 5 61 18.9699 0.347446 3.40942 0.284571 21491
2 5 62 18.4073 0.302035 2.83511 0.355295 21249
2 5 63 18.9362 0.277154 2.56104 0.349216 19537
2 6 0 22.87 0.51521 4.13774 0.200076 8803
2 6 1 21.1698 0.641029 2.82082 0.494746 8404
2 6 2 21.4366 0.467228 3.47838 0.284161 7950
2 6 3 21.4103 0.500559 2.93898 0.330638 5817
2 6 4 23.0965 0.495671 3.33983 0.264691 4816
2 6 5 21.467 0.474322 3.05987 0.351659 5819
2 6 6 22.2588 0.450519 3.18743 0.366744 7030
2 6 7 21.7522 0.495286 2.84933 0.329369 5812
2 6 8 22.3003 0.481901 3.0482 0.351006 6125
2 6 9 21.8692 0.588784 3.07148 0.527761 6119
2 6 10 22.8965 0.59579 3.37071 0.324295 5339
2 6 11 22.7356 0.447794 3.1304 0.356158 6392
2 6 12 21.6967 0.509011 2.63013 0.508923 5509
2 6 13 21.3819 0.671762 2.40765 0.439482 4694
2 6 14 22.8145 0.464332 3.23212 0.301008 8715
2 6 15 21.606 0.462662 2.7705 0.353665 5287
2 6 16 22.4056 1.01011 3.05586 0.502293 5998
2 6 17 21.8864 0.447008 3.23382 0.307487 6111
2 6 18 21.8956 0.704731 3.07027 0.469056 5120
2 6 19 22.4759 0.54621 2.66834 0.540693 4368
2 6 20 22.2404 0.444601 2.92395 0.387498 5121
2 6 21 22.0225 0.481668 3.69447 0.14763 6534
2 6 22 23.5952 0.499632 3.10835 0.273481 4414
2 6 23 22.5909 0.561067 3.45015 0.374953 5149
2 6 24 20.8226 0.621931 3.61816 0.229506 6894
2 6 25 22.3007 0.432772 3.11379 0.304276 4810
2 6 26 22.4254 0.471895 3.61065 0.275323 7026
2 6 27 22.2547 0.548257 2.7958 0.435074 4103
2 6 28 21.7702 0.474605 3.02527 0.315388 4109
2 6 29 22.3604 0.507081 3.28972 0.241842 5171
2 6 30 22.9398 0.557508 2.7739 0.473817 4202
2 6 31 22.3846 0.677295 2.91633 0.395374 3953
2 6 32 23.1252 0.443029 2.94765 0.262013 4320
2 6 33 21.8558 0.461954 2.66021 0.308683 4531
2 6 34 22.8173 0.537869 3.6325 0.228573 6386
2 6 35 23.0678 0.663828 3.49604 0.514823 3880
2 6 36 21.7998 0.983856 3.00424 0.377095 4689
2 6 37 22.459 0.522636 3.36365 0.314696 4083
2 6 38 22.2909 0.481451 2.74249 0.392128 4346
2 6 39 22.1186 0.461855 2.86597 0.347627 4336
2 6 40 22.138 0.484184 2.87702 0.366969 5150
2 6 41 22.6036 0.445022 2.96646 0.36955 3685
2 6 42 21.8347 0.574565 2.84533 0.309298 4889
2 6 43 21.6067 0.510454 2.8526 0.326024 5545
2 6 44 23.1666 0.85831 2.7689 0.526749 3324
2 6 45 21.2405 0.586265 2.70973 0.368037 4170
2 6 46 22.4279 0.568073 3.43033 0.289794 5760
2 6 47 22.3631 0.669572 3.33386 0.380583 3708
2 6 48 21.7685 0.714589 2.62167 0.446088 4221
2 6 49 21.8233 0.448096 2.53373 0.523548 4975
2 6 50 21.3721 0.493289 2.61333 0.578229 3856
2 6 51 22.0364 0.550193 2.73507 0.507663 4138
2 6 52 22.9219 0.627781 3.33114 0.343509 4416
2 6 53 21.4478 0.471534 3.00834 0.418519 4283
2 6 54 21.8662 0.562819 2.83857 0.411674 3713
2 6 55 21.8823 0.501731 2.83881 0.425615 4200
2 6 56 21.6065 0.691446 3.17901 0.423234 4347
2 6 57 22.6477 0.555468 3.68606 0.35971 3849
2 6 58 21.3452 0.551108 2.45402 0.508804 4337
2 6 59 23.0466 0.664106 3.27553 0.409283 4740
2 6 60 22.4631 0.570547 3.65276 0.276062 3311
2 6 61 21.1008 0.454408 2.92237 0.491563 4755
2 6 62 21.9655 0.55114 3.4543 0.327184 4675
2 6 63 22.4328 0.552069 3.25933 0.420447 3839
2 7 0 21.3649 0.494538 3.23718 0.415828 5838
2 7 1 21.3319 0.454488 2.48066 0.638364 5269
2 7 2 22.1696 0.50985 2.85118 0.519657 5511
2 7 3 21.2845 0.545574 3.28596 0.213425 5115
2 7 4 20.8919 0.556233 2.9215 0.558082 5320
2 7 5 22.543 0.455174 2.44702 0.624215 5012
2 7 6 22.0799 0.493993 2.79169 0.583296 6964
2 7 7 20.8577 0.36505 2.91349 0.354188 6321
2 7 8 20.7985 0.458277 2.72645 0.398681 5805
2 7 9 20.7117 0.506068 2.72557 0.564815 5703
2 7 10 20.7095 0.455007 3.06115 0.334402 6182
2 7 11 20.6505 0.477289 3.03785 0.404756 5286
2 7 12 20.7689 0.375016 2.37434 0.50945 6051
2 7 13 21.5918 0.811046 2.91731 0.362922 6130
2 7 14 21.7797 0.455167 2.94171 0.476658 5286
2 7 15 21.55 0.399119 2.7319 0.371351 6208
2 7 16 20.8561 0.44229 3.56857 0.261289 6310
2 7 17 21.7989 0.482532 2.61189 0.349947 6067
2 7 18 21.4092 0.480705 3.03948 0.306827 5926
2 7 19 20.6407 0.619658 3.07492 0.341582 7028
2 7 20 20.6058 0.55494 2.51921 0.451722 7228
2 7 21 21.6652 0.542788 2.92106 0.709922 5754
2 7 22 21.7327 0.468981 2.62411 0.491379 4969
2 7 23 20.5393 0.47057 2.97204 0.234493 7222
2 7 24 22.0071 0.387808 3.08796 0.338458 5441
2 7 25 21.551 0.445823 3.04506 0.534669 6341
2 7 26 21.5894 0.450149 2.73284 0.644843 5638
2 7 27 20.9001 0.386981 2.57442 0.324458 7442
2 7 28 21.8049 0.533425 3.15427 0.321997 6487
2 7 29 21.6808 0.659864 3.15811 0.470612 6508
2 7 30 20.5913 0.352105 2.50718 0.568996 7244
2 7 31 22.0904 0.437556 3.42704 0.240608 7457
2 7 32 21.2111 0.420019 2.79501 0.342981 7059
2 7 33 21.1841 0.382787 2.5849 0.49708 8475
2 7 34 21.405 0.428356 2.96921 0.498073 6605
2 7 35 21.48 0.44767 2.94057 0.383487 9618
2 7 36 21.2606 0.407368 2.91842 0.243582 7685
2 7 37 20.5924 0.515831 2.74805 0.550658 7167
2 7 38 21.2406 0.395501 2.96403 0.378375 9990
2 7 39 22.024 0.45799 3.39684 0.311251 10001
2 7 40 21.9483 0.499108 3.28026 0.35343 6612
2 7 41 20.6666 0.469567 3.13996 0.236937 8881
2 7 42 21.6658 0.430141 3.11879 0.280319 6978
2 7 43 21.9452 0.371579 2.7693 0.447544 6053
2 7 44 21.5646 0.404768 2.95659 0.25691 8475
2 7 45 21.2372 0.418828 2.80911 0.413659 7841
2 7 46 20.6939 0.394365 3.11905 0.439617 7151
2 7 47 22.1817 0.419698 3.8244 0.295983 10292
2 7 48 20.6868 0.398214 2.80384 0.288046 9084
2 7 49 20.1976 0.632359 3.16987 0.468564 7211
2 7 50 20.0071 0.507574 2.95865 0.20558 9375
2 7 51 20.8465 0.478575 4.31006 0.355405 8379
2 7 52 20.7479 0.401295 2.92608 0.366654 7153
2 7 53 21.6994 0.43207 3.43764 0.325323 12145
2 7 54 25 -2 0 0 10913
2 7 55 20.473 0.370081 2.80114 0.38874 8434
2 7 56 21.1609 0.412137 3.67351 0.264337 9709
2 7 57 19.5008 0.443186 3.18745 0.178311 13076
2 7 58 19.6444 0.396791 2.64464 0.484263 9246
2 7 59 21.4125 0.431801 3.26216 0.338316 7957
2 7 60 19.7106 0.578985 3.34833 0.302038 12567
2 7 61 20.9494 0.410559 3.76548 0.194994 10135
2 7 62 19.6105 0.408769 3.17901 0.290828 10420
2 7 63 20.2477 0.382862 2.83685 0.288469 8130
2 8 0 20.4269 0.426709 2.62112 0.69722 8694
2 8 1 20.0803 0.37647 2.80972 0.38707 8009
2 8 2 19.5164 0.374774 2.29985 0.632322 8495
2 8 3 19.9124 0.338955 2.22522 0.509789 9759
2 8 4 19.8006 0.345278 2.43169 0.320528 9671
2 8 5 19.5954 0.392532 2.23587 0.49071 8984
2 8 6 20.0902 0.387945 2.35271 0.749375 9572
2 8 7 19.8711 0.311746 2.51821 0.548215 12219
2 8 8 19.3313 0.381958 2.28891 0.407459 9515
2 8 9 19.2088 0.401024 2.50381 0.34685 9857
2 8 10 19.3699 0.363714 2.67276 0.512553 9425
2 8 11 20.6839 0.320728 2.33358 0.529864 9262
2 8 12 20.4094 0.335882 2.46542 0.490894 9707
2 8 13 19.4115 0.351644 2.26596 0.628066 11646
2 8 14 19.7497 0.469322 2.37016 0.596339 8747
2 8 15 19.2876 0.549073 2.38701 0.711258 11406
2 8 16 19.7543 0.319178 2.87072 0.37885 12648
2 8 17 19.8217 0.404323 2.25245 0.524976 8292
2 8 18 19.9687 0.404015 2.3782 0.393624 10553
2 8 19 20.2799 0.378164 2.75336 0.457036 13741
2 8 20 20.2897 0.410715 2.54723 0.383472 10672
2 8 21 20.195 0.359922 2.44407 0.45905 9696
2 8 22 19.0193 0.483995 2.32397 0.792559 10133
2 8 23 20.0697 0.339549 2.51312 0.333521 9529
2 8 24 20.5311 0.531448 2.49306 0.539622 9206
2 8 25 19.8324 -3 0 0 151
2 8 26 20.2143 0.364639 2.56752 0.436572 8822
2 8 27 20.2779 0.487484 2.50077 0.388279 11948
2 8 28 19.5942 0.413539 2.06084 0.627841 13666
2 8 29 19.4019 0.565443 2.1023 0.709418 10581
2 8 30 19.6136 0.382453 2.54263 0.350056 11355
2 8 31 19.9483 0.35488 2.92217 0.373755 15734
2 8 32 19.7457 0.292778 2.48772 0.324348 13643
2 8 33 19.1877 0.379905 2.45237 0.360999 13572
2 8 34 19.5299 0.388454 2.58725 0.54086 10106
2 8 35 20.8883 0.508769 2.92991 0.282341 15819
2 8 36 20.6887 0.37021 2.14661 0.783874 12292
2 8 37 19.8993 0.352724 2.39607 0.295221 10717
2 8 38 19.0133 0.348097 3.13576 0.298503 19421
2 8 39 19.1664 0.500314 2.88694 0.337599 18145
2 8 40 20.0323 0.319754 2.43115 0.290988 10913
2 8 41 19.649 0.422033 2.57546 0.261375 14018
2 8 42 20.0399 0.30473 2.78514 0.309621 12440
2 8 43 19.8749 0.339978 2.43187 0.27 11340
2 8 44 20.7248 0.290502 2.775 0.263953 14589
2 8 45 20.2516 0.457492 1.96897 1.01173 15060
2 8 46 19.6378 0.352695 2.74974 0.330156 9662
2 8 47 20.1383 0.370878 3.27556 0.213238 21432
2 8 48 20.4403 0.342207 2.553 0.438094 12190
2 8 49 19.4865 0.39493 2.63668 0.304286 12127
2 8 50 20.1416 0.327364 2.59794 0.285737 13478
2 8 51 19.9119 0.341179 3.29148 0.334249 13653
2 8 52 19.1647 0.374766 2.75541 0.247367 11384
2 8 53 19.77 0.336722 2.87577 0.309532 18202
2 8 54 18.9336 0.318211 2.42553 0.291941 14918
2 8 55 20.0411 0.374904 2.30207 0.505296 12102
2 8 56 19.5411 0.341583 2.8016 0.316935 15820
2 8 57 19.1553 0.315837 2.7438 0.284198 16079
2 8 58 19.0891 0.334479 2.59868 0.3936 13899
2 8 59 19.2149 0.372271 2.6488 0.341675 10935
2 8 60 20.2763 0.347527 3.06299 0.211313 15823
2 8 61 19.8172 0.340195 3.30639 0.266737 13183
2 8 62 19.367 0.354864 2.45907 0.534498 12988
2 8 63 19.2843 0.297723 2.63432 0.302055 12699
2 9 0 23.569 0.500394 3.58597 0.327107 8084
2 9 1 22.9683 0.481182 3.35672 0.264775 6691
2 9 2 21.9233 0.676902 3.55319 0.288255 5831
2 9 3 22.4878 0.47285 2.58855 0.556356 4207
2 9 4 22.7944 0.648614 3.24697 0.325067 4155
2 9 5 22.6522 0.514217 3.4233 0.23326 4567
2 9 6 22.0844 0.459715 3.21862 0.487181 6220
2 9 7 20.5629 0.61235 2.93359 0.298659 4871
2 9 8 22.4935 0.515369 2.85928 0.423429 5327
2 9 9 24.349 0.576409 3.51068 0.468394 4712
2 9 10 22.922 0.572097 2.86959 0.488043 4288
2 9 11 22.3119 0.527526 2.74649 0.223172 5299
2 9 12 22.2142 0.618613 3.12097 0.222083 4314
2 9 13 21.9015 0.654189 2.85668 0.529971 3720
2 9 14 24.0258 0.492795 3.32557 0.222675 7001
2 9 15 23.359 0.48143 2.96697 0.379686 3889
2 9 16 25.0807 0.711903 3.10283 0.340868 1380
2 9 17 23.1861 0.448485 3.00433 0.345686 5173
2 9 18 22.1448 0.442514 2.53999 0.366947 4987
2 9 19 22.3519 0.451136 2.8646 0.289874 3912
2 9 20 23.3501 0.549624 2.63824 0.431948 3927
2 9 21 23.9518 0.785194 3.3465 0.537386 5024
2 9 22 22.9077 0.475822 2.77276 0.360683 3819
2 9 23 22.2576 0.621981 2.7399 0.34322 4615
2 9 24 23.293 0.43126 3.10087 0.255015 5628
2 9 25 22.0964 0.716596 2.8359 0.405685 3679
2 9 26 23.9013 0.536206 2.74564 0.577472 6593
2 9 27 23.2773 0.535933 2.53787 0.440737 3508
2 9 28 22.3065 0.467682 2.85089 0.264387 3670
2 9 29 22.8238 0.463803 3.01029 0.382722 4686
2 9 30 23.313 0.465477 2.55839 0.38641 4289
2 9 31 23.4003 0.540559 3.09524 0.411739 2970
2 9 32 22.3446 0.733385 2.6541 0.403661 3174
2 9 33 22.8884 0.602134 2.99256 0.349926 3177
2 9 34 23.3287 0.514114 3.15136 0.267261 5837
2 9 35 23.7793 0.575624 3.04431 0.413241 3145
2 9 36 22.5126 0.498212 3.17953 0.278623 3626
2 9 37 23.8601 0.689637 2.5826 0.56337 3874
2 9 38 22.1405 0.454285 2.81665 0.339374 3332
2 9 39 23.2905 0.579098 3.03304 0.43184 3550
2 9 40 22.5318 0.531071 2.6043 0.408723 3800
2 9 41 22.8946 0.549861 2.5459 0.499482 3364
2 9 42 22.4066 0.486406 2.90601 0.349993 3907
2 9 43 22.4781 0.533486 2.68199 0.483415 4812
2 9 44 22.3102 0.558893 2.7142 0.441289 3024
2 9 45 22.2756 0.478472 2.53319 0.401177 3548
2 9 46 22.8987 0.608342 3.0766 0.393316 5362
2 9 47 21.9653 0.553928 2.85702 0.484052 3553
2 9 48 23.6537 0.588839 2.26427 0.4924 3237
2 9 49 24.3281 0.611162 3.26897 0.481406 3422
2 9 50 23.625 0.653341 2.62644 0.497165 3497
2 9 51 23.6898 0.47288 3.41105 0.320842 3879
2 9 52 21.8957 0.561102 3.15506 0.287932 4842
2 9 53 23.2332 0.474512 2.99516 0.403467 3099
2 9 54 23.3245 0.492957 2.54938 0.461543 3319
2 9 55 22.0143 0.633596 2.49762 0.476107 4749
2 9 56 22.4869 0.546354 3.33711 0.332191 3427
2 9 57 22.0514 0.883539 3.35105 0.486834 3569
2 9 58 22.1077 0.588168 2.17818 0.591508 3831
2 9 59 20.7874 0.629952 2.71022 0.34372 6161
2 9 60 22.3298 0.497746 2.72029 0.549402 3752
2 9 61 21.9109 1.01692 3.90902 0.297465 4560
2 9 62 22.1849 0.875062 3.13777 0.361129 4531
2 9 63 21.4489 0.472833 2.94007 0.232608 4371
2 10 0 20.5612 0.316502 3.16509 0.378723 12245
2 10 1 19.1909 0.2811 2.9106 0.429026 14868
2 10 2 19.2132 0.301396 2.75065 0.355033 15629
2 10 3 19.1462 0.26971 2.56003 0.25224 17362
2 10 4 20.1724 0.285036 2.66553 0.388931 13998
2 10 5 19.4402 0.299743 2.39864 0.377858 18978
2 10 6 18.9783 0.312847 2.7145 0.351937 16304
2 10 7 19.7038 0.345678 2.75566 0.351606 23409
2 10 8 19.5452 0.300839 2.55264 0.271358 14443
2 10 9 19.7753 0.27541 2.71828 0.568217 17733
2 10 10 20.3883 0.340679 3.09226 0.544277 16948
2 10 11 19.0067 0.338972 2.51745 0.279644 16548
2 10 12 19.9601 0.293274 2.39041 0.568575 17851
2 10 13 19.3919 0.259919 2.54886 0.370318 19754
2 10 14 20.67 0.310979 3.21958 0.382987 12184
2 10 15 19.227 0.268169 2.46312 0.375612 19327
2 10 16 19.9722 0.30099 3.30687 0.152632 23758
2 10 17 19.1981 0.33994 2.58901 0.441791 14971
2 10 18 19.6806 0.284045 2.52985 0.433345 16778
2 10 19 19.7132 0.269968 2.80322 0.344791 21871
2 10 20 19.0069 0.303517 2.36923 0.458463 18575
2 10 21 19.8342 0.347888 2.38393 0.71635 17171
2 10 22 19.8598 0.300265 2.32305 0.720938 18017
2 10 23 18.9712 0.301534 2.47922 0.378314 17734
2 10 24 20.0758 0.284879 2.31333 0.630469 15066
2 10 25 18.8868 0.387793 2.95601 0.337346 25501
2 10 26 20.0717 0.272003 2.94076 0.308258 14395
2 10 27 19.4819 0.30444 2.34092 0.392531 19352
2 10 28 19.1949 0.347642 2.59119 0.30379 20175
2 10 29 19.463 0.341097 2.78649 0.303543 16448
2 10 30 19.7193 0.280386 2.46187 0.344122 17936
2 10 31 20.395 0.31543 2.94996 0.531199 22895
2 10 32 19.2315 0.293529 2.39491 0.390989 20618
2 10 33 20.1195 0.269331 2.55703 0.336024 17926
2 10 34 17.5747 0.380636 0.688122 0.423646 1832
2 10 35 19.6547 0.259708 2.70356 0.283635 27157
2 10 36 20.2582 0.265758 2.49953 0.563206 17141
2 10 37 19.688 0.251503 2.60897 0.43732 16487
2 10 38 19.8913 0.278326 2.71756 0.440837 23648
2 10 39 19.6398 0.272618 2.7889 0.477154 20760
2 10 40 19.0507 0.275712 2.54216 0.368282 17792
2 10 41 20.9688 0.323991 2.9635 0.629074 18999
2 10 42 18.9554 0.290869 2.33907 0.385507 19163
2 10 43 19.105 0.310877 2.79182 0.348099 16051
2 10 44 20.0655 0.293456 2.70445 0.513743 22018
2 10 45 20.0221 0.296015 2.33843 0.495789 19605
2 10 46 17.2701 0.463288 1.6117 0.540536 2745
2 10 47 19.3829 0.325142 3.29038 0.297869 25255
2 10 48 19.2828 0.248054 2.32992 0.429365 19695
2 10 49 19.7063 0.23587 2.53605 0.493231 16281
2 10 50 19.1934 0.315452 2.6432 0.231844 19806
2 10 51 19.7713 0.286729 3.09163 0.308664 15931
2 10 52 19.6388 0.274141 2.35116 0.891233 15144
2 10 53 19.6391 0.336633 2.5302 0.71017 12292
2 10 54 19.326 0.360293 2.42116 0.703175 19223
2 10 55 19.1452 0.302741 2.41782 0.549574 15976
2 10 56 21.6344 0.504649 2.22717 0.732188 6225
2 10 57 19.7773 0.282213 2.94367 0.264753 14335
2 10 58 19.8734 0.330221 2.57415 0.404011 16480
2 10 59 18.6768 0.318836 2.98426 0.427684 15714
2 10 60 19.5412 0.294894 3.08105 0.33315 18789
2 10 61 19.7639 0.28292 2.94315 0.560433 15915
2 10 62 18.9267 0.319098 2.78357 0.423998 15619
2 10 63 19.3229 0.288248 2.41109 0.460018 17981
2 11 0 20.4872 0.303818 3.02161 0.315595 17625
2 11 1 20.0449 0.318271 2.62708 0.311555 18721
2 11 2 19.709 0.332484 2.56858 0.413671 14470
2 11 3 19.6194 0.356798 2.20178 0.499746 9714
2 11 4 19.8975 0.334646 2.1276 0.703682 11445
2 11 5 19.1752 0.388428 2.39554 0.441583 11725
2 11 6 20.4199 0.317131 2.41239 0.577757 13214
2 11 7 19.4314 0.370548 2.21112 0.711583 8268
2 11 8 20.0466 0.325287 2.3239 0.410975 12203
2 11 9 19.5244 0.362193 2.37785 0.561518 10350
2 11 10 19.2013 0.348211 2.6576 0.324912 9565
2 11 11 19.2993 0.492378 2.30607 0.362288 13684
2 11 12 19.4731 0.461539 2.2272 0.534922 10879
2 11 13 19.4495 0.370052 2.07659 0.496763 8125
2 11 14 20.9001 0.340917 2.79396 0.444519 17899
2 11 15 19.1349 0.41973 2.13065 0.731293 9760
2 11 16 20.7935 0.361235 2.33749 0.77241 8829
2 11 17 20.0218 0.32355 2.35282 0.378576 15362
2 11 18 20.2671 0.315697 2.26247 0.508328 10420
2 11 19 19.7256 0.416747 2.46195 0.337687 9253
2 11 20 20.0965 0.324446 2.38782 0.397416 11236
2 11 21 20.3837 0.299161 2.53377 0.668127 10454
2 11 22 19.4847 0.436943 2.34707 0.367521 8454
2 11 23 20.5398 0.304136 2.55926 0.300611 13629
2 11 24 20.3891 0.322971 2.5386 0.357203 15339
2 11 25 20.6415 0.321399 2.40192 0.527511 8812
2 11 26 20.651 0.309016 2.63245 0.385583 17316
2 11 27 19.7801 0.537191 2.02034 0.860927 10047
2 11 28 20.1774 0.325688 1.95023 0.621076 8701
2 11 29 19.4555 0.331912 2.39936 0.318671 15371
2 11 30 19.2356 0.637891 2.51318 0.518332 9753
2 11 31 20.2622 0.361182 2.38352 0.493032 8848
2 11 32 20.0168 0.358239 2.29957 0.422733 7963
2 11 33 20.2573 0.340011 2.32852 0.379188 9153
2 11 34 19.9895 0.338566 2.64999 0.429131 17356
2 11 35 20.1468 0.410005 2.39093 0.632012 8527
2 11 36 19.5513 0.33937 2.15262 0.366666 10221
2 11 37 20.0391 0.384642 2.41573 0.565513 11018
2 11 38 20.4522 0.363285 2.08071 0.529562 8386
2 11 39 20.1714 0.345373 2.65501 0.459912 10548
2 11 40 19.9633 0.419988 2.01549 0.718175 11061
2 11 41 19.7963 0.399715 2.37015 0.468449 8188
2 11 42 20.7377 0.319456 2.45913 0.296264 11261
2 11 43 20.4006 0.331255 2.4798 0.526323 14680
2 11 44 19.431 0.339361 2.15623 0.492989 8630
2 11 45 19.3557 0.458875 2.29341 0.506776 9277
2 11 46 19.5019 0.330588 2.69101 0.325068 17219
2 11 47 19.9514 0.342113 2.46899 0.618788 8297
2 11 48 19.5043 0.388444 1.92341 0.531582 10259
2 11 49 19.5009 0.380976 1.97374 0.815627 11988
2 11 50 19.7752 0.293538 2.08177 0.536881 8958
2 11 51 19.5111 0.327998 2.69396 0.303509 13168
2 11 52 19.182 0.345743 2.34602 0.377588 14244
2 11 53 19.4823 0.423499 2.6511 0.540055 8365
2 11 54 19.7089 0.421963 1.96623 0.556904 10002
2 11 55 19.8459 0.326796 2.1358 0.526026 13064
2 11 56 20.3129 0.305057 2.36922 0.69236 11228
2 11 57 18.622 0.382845 2.78256 0.321298 11979
2 11 58 18.1818 0.46026 2.55533 0.273709 11008
2 11 59 19.4507 0.312201 2.42882 0.439002 16414
2 11 60 18.8823 0.345723 2.51761 0.404115 9353
2 11 61 19.4001 0.354334 2.90089 0.288235 15845
2 11 62 18.679 0.342799 2.71512 0.306409 16144
2 11 63 19.0678 0.332571 2.29956 0.4011 12117
2 12 0 20.3761 0.33228 3.60119 0.340215 17086
2 12 1 19.9298 0.276065 2.91561 0.294689 18395
2 12 2 19.0179 0.325619 2.82727 0.184809 21115
2 12 3 19.3589 0.286061 2.86307 0.392573 21449
2 12 4 19.1782 0.303462 2.74261 0.27373 17946
2 12 5 19.8483 0.307514 2.65573 0.374272 18007
2 12 6 20.8041 0.296453 3.32483 0.322933 18389
2 12 7 19.5563 0.291149 2.99776 0.479223 23712
2 12 8 20.1048 0.281636 2.57989 0.437744 16132
2 12 9 20.6705 0.299213 3.10285 0.347231 20340
2 12 10 19.5439 0.360352 3.34609 0.215883 21132
2 12 11 18.6824 0.325173 2.41885 0.453187 14945
2 12 12 20.7214 0.324948 2.73101 0.440997 16313
2 12 13 20.4784 0.320264 2.89744 0.242692 17719
2 12 14 19.6468 0.300442 2.95146 0.308194 16342
2 12 15 19.4399 0.308282 2.62132 0.338106 19482
2 12 16 0 -10 0 0 0
2 12 17 20.0456 0.298416 2.75989 0.337653 14733
2 12 18 19.5735 0.36145 2.85922 0.359446 17305
2 12 19 19.6146 0.350418 2.86373 0.354558 22824
2 12 20 19.9887 0.261605 2.65147 0.41271 15902
2 12 21 19.3553 0.363377 3.05893 0.354793 23180
2 12 22 20.9334 0.268862 2.61719 0.516129 19684
2 12 23 20.8752 0.347266 3.2583 0.379315 12614
2 12 24 20.3871 0.264526 2.68205 0.418203 16484
2 12 25 20.6508 0.326576 3.08916 0.350001 18611
2 12 26 20.6318 0.291203 2.92724 0.493338 14511
2 12 27 20.4963 0.281222 2.73789 0.354428 16479
2 12 28 20.3379 0.258026 2.60735 0.324545 18418
2 12 29 21.7912 0.300975 3.31218 0.417268 11704
2 12 30 20.659 0.31153 2.85276 0.479519 15837
2 12 31 20.1094 0.307575 2.99534 0.218523 18280
2 12 32 20.4339 0.286891 2.68258 0.373551 16436
2 12 33 20.3854 0.255719 2.83458 0.340458 15544
2 12 34 20.6351 0.292134 2.98303 0.485075 11258
2 12 35 19.0608 0.341595 2.59354 0.572389 18874
2 12 36 19.7793 0.339321 2.62787 0.405414 15288
2 12 37 20.7364 0.35238 2.82772 0.567136 10795
2 12 38 21.087 0.382003 3.39676 0.524166 13868
2 12 39 20.268 0.324376 2.82182 0.691086 10692
2 12 40 20.4543 0.313819 2.86974 0.49962 12026
2 12 41 20.7825 0.262641 2.82772 0.450423 15171
2 12 42 20.2805 0.349388 2.5399 0.651028 10847
2 12 43 18.864 0.367951 2.47922 0.689822 12493
2 12 44 19.6409 0.377714 2.89357 0.508336 14469
2 12 45 19.976 0.250594 2.53214 0.377389 15200
2 12 46 20.461 0.314235 3.01743 0.518713 10540
2 12 47 19.9273 0.321258 3.4817 0.355185 16109
2 12 48 20.105 0.30222 2.5034 0.577791 14427
2 12 49 19.8638 0.327309 2.80817 0.440765 11187
2 12 50 19.8849 0.296669 2.63668 0.4628 13799
2 12 51 21.469 0.317458 3.44455 0.442623 7820
2 12 52 19.7411 0.375566 3.03634 0.441965 9824
2 12 53 21.0105 0.2953 3.20302 0.383046 11982
2 12 54 20.7843 0.319158 2.49536 0.953301 9728
2 12 55 19.351 0.288009 2.95532 0.230053 9878
2 12 56 19.3818 0.29444 2.81911 0.512273 11427
2 12 57 20.4396 0.326557 3.40592 0.392703 8957
2 12 58 19.5457 0.288195 2.73376 0.364837 12075
2 12 59 20.3513 0.305564 2.94649 0.770695 9160
2 12 60 19.9992 0.286584 3.02538 0.372903 12553
2 12 61 20.5082 0.294197 3.64315 0.473382 8722
2 12 62 19.8249 0.294853 2.88754 0.585885 9130
2 12 63 19.4492 0.321987 2.88419 0.373773 9717
2 13 0 21.7371 0.403958 3.39079 0.445072 8100
2 13 1 20.2626 0.440589 3.43783 0.36079 6804
2 13 2 20.2073 0.340592 2.889 0.399502 7200
2 13 3 19.9885 0.456331 2.70731 0.451802 5840
2 13 4 20.0211 0.407481 2.58255 0.346614 6867
2 13 5 20.8057 0.364255 2.62302 0.373326 6546
2 13 6 21.9592 0.443137 2.95858 0.606961 5983
2 13 7 21.1592 0.496535 2.79016 0.485049 4001
2 13 8 20.0262 0.381844 2.84399 0.280737 6964
2 13 9 20.928 0.349863 2.75949 0.51253 5332
2 13 10 19.3181 0.623263 3.05838 0.572378 5049
2 13 11 19.8558 0.372153 2.65422 0.307644 8642
2 13 12 20.89 0.345648 2.86546 0.399048 5538
2 13 13 18.9541 0.681101 2.6759 0.428934 5336
2 13 14 21.3469 0.339691 2.82 0.453054 10731
2 13 15 20.3466 0.372678 2.65538 0.382144 5982
2 13 16 20.7701 0.380096 2.76396 0.513476 6450
2 13 17 20.6741 0.377845 2.64423 0.428572 8347
2 13 18 21.7365 0.349505 2.63801 0.512073 5700
2 13 19 20.6146 0.494253 3.50227 0.458164 5105
2 13 20 20.6603 0.326909 3.07746 0.353233 7294
2 13 21 21.1472 0.38795 2.95632 0.440476 5547
2 13 22 20.4313 0.429188 2.48674 0.488192 4707
2 13 23 19.7507 0.382028 2.58463 0.394624 8319
2 13 24 20.2452 0.412704 2.94725 0.334205 7003
2 13 25 20.4508 0.39742 2.58928 0.404438 4866
2 13 26 21.2045 0.466384 3.46575 0.449767 9804
2 13 27 19.5127 0.452971 2.65073 0.323112 6546
2 13 28 20.4399 0.436166 2.07988 0.551425 5651
2 13 29 20.6501 0.325161 2.71434 0.391887 9272
2 13 30 21.8894 0.435482 2.79247 0.428439 6150
2 13 31 20.8854 0.399455 2.51334 0.614887 6069
2 13 32 20.2421 0.431714 2.40922 0.510607 5722
2 13 33 19.9168 0.508716 2.72716 0.403725 6959
2 13 34 20.8345 0.377919 3.29191 0.288517 10354
2 13 35 27 -2 0 0 6394
2 13 36 20.8286 0.345276 2.49687 0.380252 8146
2 13 37 20.8104 0.452539 2.82954 0.41189 7711
2 13 38 19.9086 0.406752 2.69449 0.453667 5729
2 13 39 22.7931 0.381119 3.56547 0.279854 7184
2 13 40 20.8589 0.414904 2.77443 0.414771 7383
2 13 41 20.6485 0.440644 2.20765 0.929095 5996
2 13 42 20.8135 0.388368 2.78453 0.35243 9230
2 13 43 19.7225 0.409117 2.56667 0.276158 10856
2 13 44 20.645 0.469933 2.79361 0.535896 6541
2 13 45 20.3325 0.433966 2.63368 0.393643 6800
2 13 46 20.9129 0.320256 2.9295 0.503758 11634
2 13 47 20.279 0.59551 3.72741 0.327189 7860
2 13 48 20.2751 0.367774 2.85897 0.349953 7069
2 13 49 19.9628 0.382611 3.00739 0.324759 10155
2 13 50 21.016 0.469984 2.52318 0.557169 7679
2 13 51 19.5038 0.387291 3.22939 0.163929 14187
2 13 52 19.2993 0.480101 2.68561 0.412498 11661
2 13 53 20.3395 0.409053 2.702 0.522357 9007
2 13 54 19.1398 0.650802 2.92921 0.35381 9823
2 13 55 18.9269 0.483994 2.72418 0.266385 13160
2 13 56 20.4474 0.396321 2.57296 0.534837 11993
2 13 57 19.9523 0.352669 3.32089 0.3121 11867
2 13 58 19.4822 0.422699 2.74796 0.406147 8476
2 13 59 19.2118 0.361092 2.81018 0.26976 14122
2 13 60 19.5867 0.378201 2.79603 0.334648 8345
2 13 61 19.8245 0.352136 3.59332 0.196467 17399
2 13 62 19.6034 0.566421 3.06274 0.363465 13539
2 13 63 20.5712 0.390251 2.5583 0.342653 9584
2 14 0 19.6204 0.42464 3.35192 0.40234 9253
2 14 1 20.419 0.406699 3.20422 0.43956 10268
2 14 2 19.1226 0.411727 2.69502 0.314217 11033
2 14 3 18.8909 0.468846 2.39259 0.336965 10476
2 14 4 19.8427 0.409665 2.21104 0.544906 8006
2 14 5 18.503 0.434439 2.58952 0.262913 9741
2 14 6 19.3426 0.458255 2.78519 0.504058 11927
2 14 7 18.5039 0.416679 2.79475 0.204123 12703
2 14 8 18.8057 0.369287 2.15356 0.504631 9577
2 14 9 19.8721 0.396517 3.17165 0.467832 12874
2 14 10 18.741 0.525856 2.7647 0.427775 14449
2 14 11 19.2147 0.328724 2.59359 0.30674 7930
2 14 12 19.197 0.319698 2.36543 0.381489 10365
2 14 13 18.7124 0.49353 2.16169 0.617274 11085
2 14 14 19.613 0.428239 2.67689 0.449281 8077
2 14 15 18.648 0.414921 1.97624 0.473041 9556
2 14 16 19.4496 0.387202 3.29917 0.155967 15343
2 14 17 19.4879 0.527126 2.35502 0.480537 8136
2 14 18 19.5668 0.453284 2.35143 0.443232 8622
2 14 19 19.3692 0.428829 2.50965 0.39432 11745
2 14 20 24 -2 0 0 7464
2 14 21 19.3769 0.331668 2.70054 0.256826 12296
2 14 22 19.114 0.345508 2.24722 0.288668 11284
2 14 23 20.2873 0.397059 2.4426 0.505139 6404
2 14 24 19.1812 0.446841 2.70893 0.277248 8768
2 14 25 19.2008 0.403076 2.39396 0.404826 10857
2 14 26 25 -2 0 0 7989
2 14 27 19.0728 0.669968 2.02976 0.871369 8667
2 14 28 19.0569 0.457238 2.45215 0.279593 8545
2 14 29 19.5066 0.326354 2.30385 0.462062 6579
2 14 30 19.1117 0.338948 2.52022 0.334496 8089
2 14 31 20.1294 0.336614 2.44817 0.372953 9199
2 14 32 19.5362 0.419039 2.35174 0.428476 7301
2 14 33 19.4604 0.393692 2.11489 0.473204 8024
2 14 34 19.2691 0.347817 2.58005 0.36624 6853
2 14 35 20.506 0.355642 2.56956 0.463004 8175
2 14 36 19.8729 0.355609 2.57231 0.603754 6693
2 14 37 19.0743 0.434309 2.28272 0.438701 6358
2 14 38 19.3574 0.377858 2.63732 0.454123 7821
2 14 39 19.7607 0.481997 2.50696 0.430648 6225
2 14 40 19.6653 0.393811 2.51161 0.34145 6029
2 14 41 19.9562 0.431007 2.11114 0.408402 7369
2 14 42 20.527 0.3384 2.46086 0.378076 5353
2 14 43 18.9801 0.342894 2.33263 0.442013 6916
2 14 44 19.7943 0.552532 2.24968 0.590831 5887
2 14 45 18.648 0.405687 2.34043 0.366254 6601
2 14 46 18.0719 0.549223 2.58943 0.429168 6479
2 14 47 21.5861 0.591856 2.96387 0.389121 1461
2 14 48 19.7953 0.444362 2.37241 0.477155 6160
2 14 49 19.2872 0.445999 2.34549 0.468722 6161
2 14 50 19.5904 0.385591 2.44604 0.484074 6406
2 14 51 18.979 0.586864 2.74897 0.553783 5096
2 14 52 19.1273 0.390457 2.37298 0.567869 5621
2 14 53 18.9102 0.610608 3.00639 0.428235 5973
2 14 54 18.2144 0.420108 2.042 0.441969 6292
2 14 55 19.0503 0.362865 2.48846 0.288884 5382
2 14 56 19.2527 0.374493 2.32992 0.448876 6145
2 14 57 16.6738 0.514121 3.00957 0.807612 5687
2 14 58 18.7216 0.378695 2.13649 0.488914 5669
2 14 59 19.3781 0.352465 2.79516 0.370761 5348
2 14 60 18.8565 0.337208 2.33658 0.605975 6355
2 14 61 18.9967 0.397313 2.67013 0.50126 5999
2 14 62 18.5662 0.4575 2.68392 0.36272 5197
2 14 63 18.7257 0.383087 2.13592 0.535935 5703
2 15 0 19.4204 0.435407 2.76731 0.393041 5477
2 15 1 18.519 0.536116 2.59493 0.437001 4611
2 15 2 18.1122 0.563901 2.42526 0.385164 4205
2 15 3 18.0881 0.508401 2.37824 0.400995 3812
2 15 4 18.0093 0.930018 1.9597 0.49941 4546
2 15 5 18.4752 0.447221 2.15338 0.364156 4210
2 15 6 18.1562 0.364929 2.26671 0.33275 4317
2 15 7 17.9852 0.509928 2.38429 0.360018 3460
2 15 8 18.5142 0.385991 2.0466 0.719443 4715
2 15 9 18.2107 0.405052 1.93619 0.536979 3760
2 15 10 18.0272 0.373612 2.0873 0.373539 4099
2 15 11 17.5096 0.606263 2.35147 0.255656 4968
2 15 12 18.0096 0.79338 2.39472 0.337823 4228
2 15 13 18.1369 0.556786 1.8439 0.420737 4192
2 15 14 24 -2 0 0 5654
2 15 15 18.1033 0.495351 1.95654 0.403108 4407
2 15 16 18.5591 0.437813 2.67729 0.353165 3932
2 15 17 17.7374 0.491822 2.26135 0.363612 5172
2 15 18 18.2423 0.409655 1.94967 0.418986 4424
2 15 19 18.7619 0.359023 2.34095 0.331466 4176
2 15 20 18.595 0.424555 2.16171 0.463863 4310
2 15 21 18.7903 0.463972 2.38312 0.512348 4100
2 15 22 18.1409 0.612729 2.1641 0.374139 3691
2 15 23 22 -2 0 0 4933
2 15 24 18.197 0.482871 2.03297 0.413311 4994
2 15 25 18.6895 0.422017 2.24591 0.449993 4211
2 15 26 18.072 0.500993 2.04823 0.470472 6010
2 15 27 18.8937 0.522161 2.18743 0.321443 4128
2 15 28 19.1057 0.504306 2.06779 0.407911 4110
2 15 29 18.6419 0.584959 2.22395 0.352034 5136
2 15 30 18.6967 0.447399 1.91725 0.45981 4439
2 15 31 18.5317 0.46136 2.12475 0.358367 4731
2 15 32 18.4222 0.446806 1.92306 0.407768 4298
2 15 33 18.236 0.414651 1.94983 0.47249 4640
2 15 34 18.2334 0.467042 2.18211 0.404567 6243
2 15 35 19.2645 0.453368 2.35098 0.424466 4182
2 15 36 18.8317 0.520707 1.93136 0.523329 4550
2 15 37 18.4827 0.373269 2.15537 0.410694 5250
2 15 38 17.2504 0.579946 2.41999 0.31234 4594
2 15 39 18.3871 0.391741 2.42476 0.349205 6236
2 15 40 18.3474 0.468094 2.02986 0.408567 4910
2 15 41 18.4668 0.386548 1.82078 0.563423 4623
2 15 42 18.4687 0.470712 2.50925 0.288231 5123
2 15 43 18.6989 0.591528 2.05578 0.534611 5985
2 15 44 17.9338 0.548254 1.7461 0.623017 5029
2 15 45 19.0934 0.416747 1.96325 0.366024 4906
2 15 46 18.681 0.398009 2.37939 0.418451 6568
2 15 47 18.5289 0.405282 2.37301 0.393966 5242
2 15 48 18.8451 0.512306 2.1213 0.39637 5316
2 15 49 18.4635 0.496811 2.65181 0.562907 6009
2 15 50 18.236 0.402831 2.13848 0.365587 5170
2 15 51 18.2522 0.432528 2.33322 0.497632 7962
2 15 52 18.2932 0.690634 2.02698 0.49351 6318
2 15 53 17.8471 0.553895 2.28676 0.525324 5581
2 15 54 18.4862 0.650671 1.97884 0.486076 5574
2 15 55 17.7317 0.412586 2.08187 0.369961 6759
2 15 56 16.9053 0.631717 2.6356 0.453422 6915
2 15 57 17.4739 0.415419 2.46701 0.366114 7472
2 15 58 17.8584 0.431865 2.05976 0.416241 6061
2 15 59 18.0969 0.381807 2.65052 0.416345 6910
2 15 60 23 -2 0 0 5973
2 15 61 18.2386 0.354402 2.95017 0.301621 8767
2 15 62 16.9409 0.464589 2.63282 0.285184 7685
2 15 63 17.2885 0.537069 1.96902 0.545029 6386
3 0 0 21.3279 0.353497 3.61453 0.381669 8220
3 0 1 21.5582 0.352284 3.10308 0.608902 7407
3 0 2 21.9239 0.385595 3.59454 0.405061 7274
3 0 3 20.5058 0.403468 2.98123 0.453415 6710
3 0 4 21.0373 0.307719 3.08691 0.524167 8188
3 0 5 20.6439 0.371562 2.85415 0.549483 7485
3 0 6 20.7142 0.313749 2.9674 0.403089 10195
3 0 7 20.6495 0.374073 2.67079 0.497838 9387
3 0 8 21.0925 0.42502 3.24358 0.356024 7627
3 0 9 20.8363 0.340056 3.17829 0.462367 6913
3 0 10 20.9763 0.309574 2.84035 0.427795 9034
3 0 11 19.9639 0.363646 3.15236 0.45414 9253
3 0 12 20.8879 0.378784 2.83741 0.505389 7260
3 0 13 20.7787 0.422105 2.79176 0.507203 6779
3 0 14 21.0927 0.335563 3.56358 0.376514 8435
3 0 15 20.1145 0.414917 3.083 0.404798 7749
3 0 16 21.7806 0.324899 2.94347 0.444413 8410
3 0 17 21.3474 0.307914 2.96978 0.407738 11927
3 0 18 21.2152 0.312554 2.98414 0.350516 7569
3 0 19 20.2029 0.331857 3.0158 0.384289 10083
3 0 20 20.7037 0.346283 2.99086 0.468554 8812
3 0 21 21.0453 0.328549 2.84034 0.349306 9963
3 0 22 21.816 0.310445 2.75765 0.407813 8335
3 0 23 20.7366 0.34716 3.23119 0.5939 10245
3 0 24 20.3441 0.432434 2.31819 0.785854 8950
3 0 25 20.997 0.363362 2.81598 0.333165 10615
3 0 26 20.8653 0.3079 3.24338 0.303064 10216
3 0 27 21.214 0.35401 2.94166 0.416548 8068
3 0 28 21.3675 0.412678 2.67773 0.600513 7115
3 0 29 20.4108 0.494723 3.6664 0.326519 9870
3 0 30 22.1861 0.328599 3.27305 0.338408 7530
3 0 31 20.7861 0.404536 3.01819 0.459542 7438
3 0 32 20.7775 0.31924 2.5903 0.494193 11948
3 0 33 21.3143 0.351502 3.24716 0.355892 8301
3 0 34 20.9535 0.296696 3.05717 0.28656 16118
3 0 35 21.2284 0.552089 2.73201 0.904799 8101
3 0 36 21.0876 0.31802 2.84145 0.417909 12361
3 0 37 22.0487 0.314784 3.21063 0.43603 13340
3 0 38 19.9902 0.37309 3.17268 0.258061 13633
3 0 39 21.642 0.338687 3.38885 0.258221 12694
3 0 40 20.9815 0.342408 2.98828 0.504686 8965
3 0 41 20.9937 0.29374 2.66648 0.706135 8459
3 0 42 20.689 0.285975 2.99611 0.247483 14510
3 0 43 20.8964 0.309809 3.01511 0.22153 15063
3 0 44 21.5727 0.356059 2.785 0.861278 8726
3 0 45 21.9173 0.33703 3.29396 0.312464 8445
3 0 46 21.1346 0.342678 3.44102 0.226969 12023
3 0 47 21.3679 0.338891 3.44876 0.367345 13935
3 0 48 20.9172 0.440638 3.14852 0.561821 9282
3 0 49 20.7608 0.343419 2.8333 0.407901 11521
3 0 50 21.5824 0.371111 3.07907 0.517674 9099
3 0 51 21.0167 0.42015 3.59701 0.237291 14862
3 0 52 20.3201 0.328898 3.24757 0.28393 15642
3 0 53 20.7014 0.35208 3.45877 0.380897 11219
3 0 54 20.3244 0.280524 2.79131 0.316337 15690
3 0 55 21.1692 0.326077 3.13428 0.339218 17268
3 0 56 21.4307 0.349895 3.83018 0.314441 12807
3 0 57 20.7891 0.325247 3.56848 0.198752 13872
3 0 58 20.3151 0.325433 2.91929 0.67937 11711
3 0 59 21.2692 0.313813 3.49057 0.400878 12446
3 0 60 20.5465 0.322911 3.21592 0.36909 16138
3 0 61 20.3279 0.339115 4.08276 0.215885 16555
3 0 62 20.4169 0.3684 3.60418 0.22493 14369
3 0 63 20.1123 0.338624 2.7139 0.313945 16888
3 1 0 20.2549 0.329375 3.51187 0.379186 15154
3 1 1 19.8917 0.275714 2.98076 0.486799 19745
3 1 2 19.6702 0.278234 2.81019 0.411933 19856
3 1 3 19.3346 0.262336 2.59215 0.201837 17445
3 1 4 18.7281 0.289614 2.67051 0.395529 12777
3 1 5 19.114 0.272846 2.47027 0.548154 13573
3 1 6 19.7814 0.277072 2.85564 0.389967 19419
3 1 7 19.0402 0.371345 3.00212 0.337809 18679
3 1 8 19.5233 0.275797 2.93113 0.40193 17686
3 1 9 19.4924 0.285043 3.08405 0.339911 14094
3 1 10 18.9652 0.279153 2.99109 0.330973 14856
3 1 11 19.415 0.317885 2.44919 0.343253 16251
3 1 12 19.7117 0.259404 2.42915 0.669899 13088
3 1 13 19.6952 0.340528 2.93058 0.304038 15014
3 1 14 19.3748 0.290335 3.00892 0.380125 14155
3 1 15 19.8333 0.345746 2.73348 0.403577 14917
3 1 16 20.0554 0.331199 3.55644 0.371244 21472
3 1 17 19.3908 0.329949 2.45255 0.38687 16544
3 1 18 19.6241 0.299831 2.7761 0.3539 12403
3 1 19 19.6402 0.315974 2.79935 0.289186 16232
3 1 20 19.3952 0.349286 2.91056 0.302918 13977
3 1 21 18.9727 0.284962 2.79541 0.443299 16154
3 1 22 18.8953 0.333477 2.58197 0.524185 13292
3 1 23 19.6838 0.291449 2.48936 0.409447 14834
3 1 24 19.7106 0.279951 2.6075 0.313269 17392
3 1 25 19.9412 0.272148 2.79608 0.348421 15514
3 1 26 20.277 0.30015 2.96288 0.290885 16223
3 1 27 18.8808 0.358906 2.65138 0.415363 11096
3 1 28 19.8304 0.343664 2.69805 0.424609 13934
3 1 29 19.4464 0.287937 2.882 0.40324 10985
3 1 30 19.8881 0.284618 2.52224 0.445123 14320
3 1 31 19.5454 0.307078 2.99937 0.497556 10711
3 1 32 18.9796 0.333361 2.39925 0.435409 11831
3 1 33 18.4393 0.323302 2.50232 0.435407 11220
3 1 34 20.0437 0.318052 2.86215 0.33389 15630
3 1 35 19.9516 0.390143 2.50217 0.785363 10465
3 1 36 19.1572 0.291883 2.70637 0.380946 9496
3 1 37 19.3132 0.294244 2.6764 0.370145 10577
3 1 38 19.875 0.310437 2.77255 0.481246 8776
3 1 39 19.7329 0.380049 2.71686 0.495365 7926
3 1 40 19.7764 0.259885 2.47097 0.365374 13383
3 1 41 18.9127 0.448466 2.63596 0.473388 9192
3 1 42 19.5556 -3 0 0 9412
3 1 43 19.8549 0.278145 2.8273 0.555921 10390
3 1 44 19.8812 0.310147 2.60757 0.694243 8066
3 1 45 19.2923 0.33422 2.46099 0.318112 12468
3 1 46 19.5564 0.304439 2.80403 0.443496 14591
3 1 47 20.0781 0.319917 3.05577 0.578724 10380
3 1 48 19.4705 0.281416 2.44615 0.35987 12509
3 1 49 19.8689 0.282737 2.74279 0.362447 9123
3 1 50 19.0493 0.406109 2.61144 0.365582 10801
3 1 51 19.857 0.303446 2.76682 0.417341 10930
3 1 52 19.6442 0.306695 2.97866 0.363057 8584
3 1 53 19.0036 0.373436 2.70331 0.383755 8251
3 1 54 19.5611 0.344498 2.43663 0.60833 8142
3 1 55 19.3179 0.310056 2.73868 0.555335 7989
3 1 56 18.9379 0.456648 2.37023 0.91443 7708
3 1 57 18.8203 0.297 2.66598 0.548379 11524
3 1 58 18.5284 0.440218 2.61034 0.351896 8707
3 1 59 19.7299 0.370288 3.16625 0.554939 9283
3 1 60 19.0743 0.335833 2.597 0.401374 10377
3 1 61 19.0474 0.408526 3.06024 0.669136 7969
3 1 62 19.4394 0.306669 2.89681 0.508011 9005
3 1 63 18.6804 0.359067 2.13427 1.01058 8649
3 2 0 19.8052 0.347786 3.78423 0.321853 17032
3 2 1 19.2631 0.276224 3.26052 0.612527 15402
3 2 2 18.6529 0.308623 3.12234 0.435361 15992
3 2 3 19.3069 0.303871 2.40297 0.721554 11950
3 2 4 19.1623 0.333914 2.74044 0.367513 18289
3 2 5 18.9314 0.337616 2.7692 0.560674 13714
3 2 6 19.4703 0.285753 3.2821 0.455422 14490
3 2 7 19.656 0.32398 2.67247 0.867696 9280
3 2 8 19.093 0.402793 2.93993 0.457129 12878
3 2 9 19.4785 0.296884 3.25019 0.361977 12513
3 2 10 18.7349 0.37722 3.04816 0.307671 11584
3 2 11 19.555 0.261193 2.68306 0.362158 19433
3 2 12 19.6386 0.263757 2.66432 0.477528 17382
3 2 13 18.825 0.347592 2.81026 0.304818 11270
3 2 14 19.3738 0.331199 3.23958 0.488285 20280
3 2 15 19.4506 0.296791 2.89963 0.471492 11912
3 2 16 20.0453 0.285876 3.00649 0.559826 14365
3 2 17 19.0911 0.259891 2.68369 0.616248 17530
3 2 18 19.696 0.264283 2.81253 0.299596 12866
3 2 19 19.1692 0.379284 2.86802 0.334598 14740
3 2 20 19.4921 0.284961 2.76642 0.507754 14240
3 2 21 20.3597 0.264232 3.00802 0.477476 17346
3 2 22 20.1933 0.344621 2.90472 0.358517 9739
3 2 23 19.4656 0.258736 2.63778 0.545517 14300
3 2 24 19.324 0.308142 2.67301 0.471955 15891
3 2 25 18.8578 0.316539 2.55761 0.489939 11173
3 2 26 19.9438 0.309971 3.13018 0.319863 21659
3 2 27 19.6005 0.326208 2.70236 0.310195 14910
3 2 28 19.4712 0.330032 2.52962 0.405768 15199
3 2 29 19.9144 0.303656 2.93917 0.253095 19699
3 2 30 19.861 0.307923 2.6428 0.519629 12372
3 2 31 19.9155 0.289767 2.76805 0.321307 13847
3 2 32 19.0015 0.427722 2.68983 0.484507 10392
3 2 33 19.5108 0.254177 2.32001 0.451279 16982
3 2 34 20.2397 0.337544 3.31869 0.489588 16636
3 2 35 19.8527 0.285849 2.7411 0.384747 13669
3 2 36 19.7332 0.290093 2.80096 0.464543 11084
3 2 37 19.7259 0.248953 2.66255 0.296458 19877
3 2 38 20.1481 0.296737 2.64539 0.631348 13098
3 2 39 19.7317 0.3654 3.14764 0.279171 11608
3 2 40 19.4249 0.357903 2.7796 0.780596 12098
3 2 41 19.6671 0.278439 2.51353 0.61352 10345
3 2 42 19.6618 0.279074 2.74895 0.4211 16952
3 2 43 19.8178 0.315244 2.6673 0.293052 19598
3 2 44 19.448 0.38596 2.98569 0.646023 9292
3 2 45 19.7546 0.324141 2.55562 0.620067 9963
3 2 46 20.2466 0.334777 2.81159 0.455084 22543
3 2 47 20.768 0.306678 3.33468 0.514778 12272
3 2 48 19.5975 0.255315 2.57548 0.364789 16825
3 2 49 19.3938 0.339245 2.72046 0.309333 19048
3 2 50 18.8994 0.299295 2.67098 0.590825 11495
3 2 51 19.822 0.314329 3.15656 0.23606 20195
3 2 52 19.7292 0.286817 3.15878 0.385957 14933
3 2 53 18.9814 0.325939 3.3024 0.419201 9715
3 2 54 19.5467 0.297305 2.94627 0.285315 10749
3 2 55 19.3924 0.266954 2.58849 0.284681 19515
3 2 56 19.491 0.277378 3.05411 0.211875 17742
3 2 57 18.8931 0.359803 3.1111 0.345462 19102
3 2 58 18.9638 0.326427 2.86343 0.458709 12664
3 2 59 18.3464 0.291982 2.9879 0.388819 18612
3 2 60 19.6136 0.317158 2.92434 0.418262 10201
3 2 61 19.9079 0.328195 3.14248 0.425676 23142
3 2 62 19.2397 0.305602 3.25338 0.378776 15390
3 2 63 18.6618 0.354044 2.79986 0.366313 13137
3 3 0 24.5371 0.395956 4.25328 0.526389 11435
3 3 1 22.7491 0.355203 3.90509 0.313898 18277
3 3 2 24.028 0.396615 4.16442 0.256763 12395
3 3 3 28 -2 0 0 18395
3 3 4 22.6191 0.315845 3.84637 0.223942 11498
3 3 5 23.3943 0.36091 3.73323 0.237607 11697
3 3 6 23.4952 0.410144 3.61213 0.722138 12615
3 3 7 23.22 0.323659 3.71385 0.332449 19178
3 3 8 24.4596 0.348083 3.86323 0.330739 11011
3 3 9 24.3281 0.451549 3.92488 0.40097 12389
3 3 10 22.8993 0.334042 3.57017 0.290498 20181
3 3 11 23.4869 0.341851 3.60258 0.345427 11827
3 3 12 24.5358 0.376003 3.74134 0.421253 11514
3 3 13 22.6447 0.344754 3.41863 0.286465 18631
3 3 14 23.8357 0.376165 4.10963 0.225581 12267
3 3 15 23.045 0.329839 3.5702 0.430494 12303
3 3 16 23.8581 0.351032 4.17996 0.319231 16901
3 3 17 23.4028 0.322539 3.69532 0.330574 11393
3 3 18 23.5545 0.409512 4.02693 0.325932 11367
3 3 19 23.6556 0.375384 3.86466 0.247504 13390
3 3 20 24.6671 0.387134 4.15941 0.338386 10698
3 3 21 22.6106 0.381709 3.87248 0.224023 19401
3 3 22 23.3282 0.34968 3.65433 0.248677 11961
3 3 23 23.116 0.342093 3.40382 0.288733 16866
3 3 24 24.7054 0.438851 3.68188 0.55866 11180
3 3 25 24.1909 0.33103 3.95208 0.236352 13595
3 3 26 23.9331 0.35589 4.14046 0.320678 12369
3 3 27 23.8094 0.35864 3.84635 0.294749 11937
3 3 28 23.6647 0.388635 3.79719 0.260144 11745
3 3 29 22.5553 0.332435 3.50076 0.262123 17103
3 3 30 24.0372 0.328466 3.60411 0.336391 11556
3 3 31 23.5659 0.33018 4.06551 0.221038 18028
3 3 32 23.2673 0.47484 4.05069 0.335457 11421
3 3 33 22.7459 0.345607 3.65366 0.307962 17895
3 3 34 24.3844 0.341108 3.96922 0.241274 11488
3 3 35 24.0594 0.322595 3.64514 0.407209 12344
3 3 36 23.8212 0.335769 3.64305 0.357695 16586
3 3 37 22.0822 0.371238 3.71803 0.267434 13033
3 3 38 22.7578 0.357615 3.82063 0.282159 17509
3 3 39 24.3352 0.373504 3.90845 0.26701 10722
3 3 40 22.7352 0.331191 3.41346 0.317811 12583
3 3 41 22.9121 0.375171 3.91855 0.352529 12417
3 3 42 23.4082 0.333476 3.70971 0.353543 11157
3 3 43 24.9669 0.34133 3.84147 0.239911 10202
3 3 44 22.9646 0.404821 3.76176 0.351787 15767
3 3 45 23.4885 0.34373 3.62014 0.371778 11986
3 3 46 22.7284 0.387552 4.19123 0.243594 12461
3 3 47 24.1484 0.365276 4.00887 0.325283 12830
3 3 48 23.7927 0.365965 3.72712 0.394239 11043
3 3 49 22.804 0.300102 3.47437 0.281688 16282
3 3 50 23.9618 0.379177 3.81482 0.270247 10584
3 3 51 23.7607 0.381988 3.74491 0.371264 12219
3 3 52 22.1189 0.322481 3.23064 0.394524 17212
3 3 53 23.3713 0.368552 3.87419 0.373918 11884
3 3 54 23.4026 0.380481 3.8832 0.521019 16923
3 3 55 22.5793 0.322868 3.36673 0.636227 16094
3 3 56 23.8682 0.338232 4.06264 0.307474 11179
3 3 57 21.6797 0.296664 3.583 0.252264 18001
3 3 58 22.7418 0.297651 3.16902 0.291033 16875
3 3 59 21.9733 0.360268 3.85571 0.289679 16711
3 3 60 21.7466 0.401585 4.12877 0.269955 16780
3 3 61 24.1003 0.400979 4.20411 0.340446 12214
3 3 62 22.5373 0.314146 3.68969 0.244764 16376
3 3 63 22.7611 0.344776 3.55821 0.338811 11244
3 4 0 20.2126 0.377038 3.81205 0.163187 19732
3 4 1 19.8794 0.396101 3.19017 0.164221 19176
3 4 2 21.1388 0.380099 3.11208 0.305926 16609
3 4 3 20.658 0.406368 3.03023 0.616146 7218
3 4 4 20.8308 0.370625 3.02747 0.352433 11986
3 4 5 19.9807 0.36051 2.53162 0.365719 13801
3 4 6 21.2235 0.488231 3.55555 0.324027 9518
3 4 7 22.1384 0.525641 3.283 0.597814 5953
3 4 8 19.7875 0.372436 2.6693 0.32638 15247
3 4 9 20.8426 0.433761 3.08344 0.317924 13085
3 4 10 20.4215 0.362875 2.67896 0.685918 12532
3 4 11 19.8972 0.387272 3.14045 0.202877 13140
3 4 12 20.1481 0.400081 3.05684 0.250446 8379
3 4 13 19.844 0.402524 2.70202 0.306603 10048
3 4 14 21.479 0.36724 3.15589 0.385838 16733
3 4 15 20.9636 0.374675 3.05406 0.474736 6998
3 4 16 21.5276 0.416853 3.55906 0.335033 6949
3 4 17 20.3244 0.342014 3.01379 0.254095 13873
3 4 18 20.7532 0.42081 3.33959 0.451906 10668
3 4 19 21.2496 0.363601 2.92146 0.497394 9228
3 4 20 19.9311 0.3722 3.16515 0.315388 8560
3 4 21 21.9915 0.516166 3.19996 0.855224 7975
3 4 22 20.2509 0.357621 2.6687 0.39196 11095
3 4 23 20.3378 0.349454 2.96427 0.20296 11907
3 4 24 25 -2 0 0 15723
3 4 25 20.7201 0.31832 2.68383 0.416485 8840
3 4 26 20.5956 0.342492 2.93792 0.4188 16104
3 4 27 20.3014 0.345177 2.86332 0.372546 9612
3 4 28 21.5716 0.372212 3.05994 0.412767 5966
3 4 29 20.6013 0.354512 3.05964 0.326079 13215
3 4 30 21.1599 0.411177 3.04484 0.529346 6838
3 4 31 21.1381 0.386619 3.15868 0.420787 5462
3 4 32 20.4648 0.509827 3.08375 0.361088 5883
3 4 33 20.771 0.344808 2.87964 0.286762 8732
3 4 34 20.0878 0.424198 3.58209 0.272053 11508
3 4 35 20.8776 0.414545 3.17795 0.473449 5410
3 4 36 21.4266 0.352946 2.94201 0.459268 7279
3 4 37 20.7642 0.389236 2.72089 0.768765 11910
3 4 38 20.5547 0.355465 3.1343 0.296681 6995
3 4 39 20.2343 0.504337 2.98364 0.572308 6283
3 4 40 20.1851 0.537789 3.27337 0.319855 7865
3 4 41 20.5305 0.37879 2.71697 0.477196 5542
3 4 42 20.0026 0.449204 3.12102 0.352 7407
3 4 43 21.0487 0.369051 2.86029 0.361122 11856
3 4 44 20.6955 0.362305 2.88666 0.309572 7090
3 4 45 20.6862 0.494682 3.06573 0.587537 5631
3 4 46 19.5975 0.385268 3.55342 0.392247 14741
3 4 47 21.1948 0.41054 3.37798 0.356034 4755
3 4 48 21.2359 0.474503 2.87564 0.670168 5776
3 4 49 21.5594 0.437075 3.25391 0.61067 10281
3 4 50 19.841 0.492906 3.11591 0.337118 7601
3 4 51 20.9578 0.394846 3.74942 0.345335 7412
3 4 52 21.6462 0.397261 3.17899 0.476528 7705
3 4 53 20.6852 0.567406 3.30408 0.615561 4868
3 4 54 20.621 0.333824 2.87698 0.649775 5761
3 4 55 20.8466 0.38805 3.30057 0.338793 7507
3 4 56 21.0446 0.369598 3.00659 0.50206 8778
3 4 57 19.5239 0.39398 2.62986 0.783399 10227
3 4 58 20.599 0.451751 3.47404 0.380513 8765
3 4 59 20.6596 0.406112 3.67471 0.255298 9040
3 4 60 19.8729 0.430929 3.17616 0.529786 5530
3 4 61 21.4163 0.404559 3.54838 0.371529 11089
3 4 62 20.3169 0.478884 3.25647 0.56027 8128
3 4 63 19.6827 0.643239 3.00428 0.639412 7073
3 5 0 21.2747 0.31775 3.53103 0.352934 12877
3 5 1 22.0479 0.346042 3.46395 0.446381 8598
3 5 2 21.2975 0.329484 3.57564 0.326159 12088
3 5 3 21.2832 0.325349 3.1749 0.404399 10983
3 5 4 20.7781 0.312552 3.32824 0.232519 14248
3 5 5 20.7459 0.352103 3.14486 0.422132 10555
3 5 6 21.1833 0.327655 3.61281 0.304816 12923
3 5 7 21.8362 0.333819 3.69091 0.337204 10054
3 5 8 21.293 0.352515 3.20559 0.511036 12847
3 5 9 21.7663 0.334495 3.68177 0.443655 10707
3 5 10 21.6851 0.312261 3.50109 0.367583 13349
3 5 11 21.2503 0.317523 3.21661 0.373987 10816
3 5 12 21.9278 0.307557 3.1585 0.304868 9653
3 5 13 21.7521 0.31928 3.20719 0.493695 10762
3 5 14 21.1855 0.362105 3.40607 0.568697 9584
3 5 15 21.5718 0.330167 3.38951 0.461604 10635
3 5 16 21.5949 0.308961 3.69132 0.358628 15019
3 5 17 21.8559 0.322513 3.44522 0.451475 10269
3 5 18 22.3905 0.301612 3.2254 0.602293 9439
3 5 19 21.8198 0.313368 3.70921 0.373163 18170
3 5 20 21.3787 0.270081 2.82906 0.563777 16686
3 5 21 22.3144 0.327451 3.26889 0.443813 12814
3 5 22 20.6813 0.319636 3.31635 0.30644 14983
3 5 23 21.7535 0.297051 3.41046 0.336713 11194
3 5 24 20.7223 0.352992 3.31287 0.396093 13208
3 5 25 22.5162 0.368851 3.30689 0.527563 12110
3 5 26 21.9926 0.350709 3.32901 0.538579 11072
3 5 27 21.4508 0.349273 2.83931 0.497772 17716
3 5 28 21.5436 0.340489 3.27202 0.29214 11453
3 5 29 21.809 0.281337 3.03995 0.294641 14899
3 5 30 21.0494 0.403236 3.41649 0.273866 12231
3 5 31 22.036 0.330561 3.39636 0.457686 19773
3 5 32 21.5134 0.296751 3.25206 0.267369 12690
3 5 33 22.4188 0.355329 3.44229 0.41986 16900
3 5 34 22.6719 0.352663 3.65618 0.401238 15130
3 5 35 21.9661 0.310133 3.22275 0.354383 21163
3 5 36 21.326 0.330483 3.02067 0.325061 18717
3 5 37 21.2027 0.321641 3.19708 0.25067 13214
3 5 38 23.0044 0.346249 3.83774 0.21151 13211
3 5 39 21.0884 0.343696 3.57852 0.270058 24313
3 5 40 21.401 0.288684 3.22235 0.338465 17150
3 5 41 21.8268 0.364399 2.99331 1.01047 11692
3 5 42 21.3873 0.318433 2.9674 0.304367 18555
3 5 43 21.297 0.298371 3.15876 0.313875 16396
3 5 44 21.4572 0.328318 3.24996 0.328618 20527
3 5 45 22.2996 0.324377 3.51247 0.390553 11733
3 5 46 21.5829 0.320257 3.24067 0.328322 16429
3 5 47 22.2441 0.321804 3.97271 0.235787 25437
3 5 48 21.9488 0.330963 3.19655 0.309742 16304
3 5 49 20.5013 0.359845 3.29127 0.314776 13271
3 5 50 21.2983 0.292457 3.15941 0.316985 21582
3 5 51 22.4432 0.341339 3.37399 0.367773 22456
3 5 52 22.0946 0.34936 3.38573 0.406118 11304
3 5 53 22.2485 0.378591 3.79565 0.288258 14427
3 5 54 20.6023 0.358419 3.4992 0.255131 12929
3 5 55 20.5473 0.496135 3.79583 0.25263 12789
3 5 56 21.0674 0.308815 3.3414 0.26017 23158
3 5 57 20.1887 0.30792 3.61171 0.236218 23745
3 5 58 23.4117 0.417512 3.80875 0.61928 11568
3 5 59 22.7696 0.335432 3.97947 0.327871 14337
3 5 60 23.0682 0.377086 3.90601 0.315343 13934
3 5 61 21.2702 0.309745 3.61488 0.258013 21786
3 5 62 21.5536 0.317743 3.50453 0.310996 18311
3 5 63 20.1967 0.318409 3.29488 0.321465 13851
3 6 0 20.5768 0.457106 4.15179 0.258763 10996
3 6 1 20.8071 0.759483 3.11195 0.557361 8531
3 6 2 20.7756 0.568052 3.6046 0.312919 7936
3 6 3 21.4099 0.475078 2.73196 0.416238 5577
3 6 4 21.2103 0.444915 2.7913 0.24865 7669
3 6 5 20.933 0.556719 2.53541 0.490165 6887
3 6 6 21.3 0.504165 3.57936 0.198208 9304
3 6 7 21.1531 0.458458 3.05873 0.306537 6521
3 6 8 20.7295 0.446203 2.85482 0.401252 7537
3 6 9 21.2829 0.507957 2.94378 0.46949 6017
3 6 10 21.691 0.464858 3.19684 0.320636 7486
3 6 11 20.1633 0.440313 3.68846 0.339579 6124
3 6 12 27 -2 0 0 7921
3 6 13 21.676 0.541611 2.92447 0.321206 4274
3 6 14 21.1302 0.620871 2.84774 0.520341 11319
3 6 15 21.8729 0.572435 2.46732 0.569466 4482
3 6 16 20.8103 0.564464 2.65138 0.59708 7492
3 6 17 21.6436 0.442719 3.0645 0.223669 8179
3 6 18 22.1302 0.486635 3.12274 0.315713 4711
3 6 19 20.9555 0.4727 2.77937 0.332171 6346
3 6 20 21.2584 0.452173 3.12521 0.419907 5117
3 6 21 21.8572 0.873387 3.42231 0.360181 6462
3 6 22 21.2911 0.500722 2.84537 0.3301 6768
3 6 23 21.9949 0.451242 3.29244 0.277708 7087
3 6 24 20.8191 0.374767 2.87801 0.342004 8168
3 6 25 21.401 0.444887 2.84295 0.252242 5955
3 6 26 22.3607 0.484468 3.36669 0.373097 6492
3 6 27 21.5604 0.631698 3.29731 0.337901 4109
3 6 28 20.9937 0.59642 2.7797 0.543231 4243
3 6 29 20.5501 0.489725 3.0407 0.325042 6108
3 6 30 23.0985 0.575563 3.07749 0.495542 4718
3 6 31 21.8703 0.476567 2.88204 0.39333 5507
3 6 32 21.403 0.652562 3.34409 0.477946 3387
3 6 33 22.6149 0.47777 3.13727 0.354374 3357
3 6 34 20.4568 0.495072 3.2905 0.312688 7023
3 6 35 22.9778 0.553231 3.18829 0.347409 2806
3 6 36 22.1575 0.538198 2.82441 0.509569 3479
3 6 37 21.5743 0.563869 3.27949 0.325163 3974
3 6 38 21.9627 0.473096 2.46679 0.415976 4556
3 6 39 21.2132 1.28634 3.60322 0.500326 3760
3 6 40 22.1536 0.494116 3.0165 0.409769 3422
3 6 41 22.2584 0.543489 3.30724 0.338431 2577
3 6 42 21.217 0.533171 2.47161 0.464969 5893
3 6 43 21.0472 0.540746 2.92296 0.266335 7224
3 6 44 22.0069 0.446876 2.46121 0.449476 5116
3 6 45 22.5633 0.515394 2.53321 0.627459 5860
3 6 46 22.6982 0.538839 3.10876 0.405048 8015
3 6 47 21.3904 0.44163 3.00168 0.470094 4578
3 6 48 21.8505 0.392985 2.46501 0.528009 5486
3 6 49 27 -2 0 0 5971
3 6 50 21.1678 0.472002 2.72724 0.371339 3150
3 6 51 20.8253 0.453147 2.59595 0.479763 6044
3 6 52 20.6258 0.451399 2.76789 0.405462 4154
3 6 53 20.614 0.453268 3.34901 0.392761 3136
3 6 54 21.4329 0.540294 2.69588 0.477966 3494
3 6 55 21.4847 0.561893 2.96214 0.303381 5829
3 6 56 21.091 0.569096 3.02631 0.498766 3339
3 6 57 21.3959 0.527852 2.81764 0.593736 3744
3 6 58 20.9039 0.508384 2.98407 0.313267 3522
3 6 59 20.8673 0.427423 2.8244 0.317074 6920
3 6 60 20.5255 0.54706 3.04495 0.223609 5050
3 6 61 20.2222 0.569826 3.24928 0.341318 5645
3 6 62 21.0805 0.531226 2.98159 0.471472 4237
3 6 63 20.7698 0.545234 3.05464 0.415517 4051
3 7 0 22.7225 0.509101 3.82493 0.346636 3574
3 7 1 21.9744 0.564225 3.15544 0.470002 5745
3 7 2 22.7121 0.624965 3.69143 0.414979 3257
3 7 3 21.416 0.469618 2.85777 0.336002 6251
3 7 4 22.6751 0.644791 3.51675 0.387007 3609
3 7 5 21.714 0.67608 3.14755 0.430867 3383
3 7 6 20.7229 0.570636 3.21784 0.213961 5707
3 7 7 23.2845 0.609748 4.06108 0.285169 3508
3 7 8 22.6164 0.550754 3.58579 0.383313 3655
3 7 9 22.1123 0.48103 3.15722 0.418808 3447
3 7 10 22.9156 0.49957 3.3011 0.464625 3455
3 7 11 22.4017 0.622262 3.76646 0.288616 3441
3 7 12 21.2014 0.485029 2.88892 0.638814 3580
3 7 13 22.7327 0.520205 3.46383 0.394456 3707
3 7 14 21.746 0.491013 3.44894 0.264992 3931
3 7 15 23.1793 0.853491 3.13382 0.352691 3389
3 7 16 21.4777 0.514794 3.68902 0.199794 6160
3 7 17 21.9919 0.464743 3.44503 0.267375 3696
3 7 18 22.0223 0.482549 3.51653 0.372547 3813
3 7 19 22.7895 0.519702 3.54259 0.349548 6643
3 7 20 21.542 0.392267 2.75879 0.41194 7424
3 7 21 22.435 0.44288 3.36367 0.301981 5363
3 7 22 22.401 0.477058 3.12015 0.434029 3670
3 7 23 22.3538 0.540435 3.13915 0.421293 4348
3 7 24 22.0614 0.402719 2.91079 0.519631 5661
3 7 25 22.2981 0.543089 3.76938 0.329031 4602
3 7 26 21.1909 0.552945 3.06099 0.460298 6559
3 7 27 21.7649 0.581021 3.04315 0.438137 4838
3 7 28 22.6534 0.49142 2.95643 0.550116 4832
3 7 29 22.3537 0.5987 3.65382 0.284391 4303
3 7 30 23.1096 0.501155 3.84295 0.285438 4101
3 7 31 22.2186 0.564642 3.17787 0.605968 5768
3 7 32 22.4687 0.431254 3.65868 0.275364 5126
3 7 33 21.5751 0.47236 3.24081 0.280536 5230
3 7 34 20.8106 0.47526 2.84508 0.435564 7594
3 7 35 23.8771 0.629048 3.91841 0.321808 6595
3 7 36 22.0695 0.507275 3.8455 0.281901 5050
3 7 37 22.1219 -3 0 0 5148
3 7 38 22.397 0.602332 3.80187 0.474197 7104
3 7 39 20.349 0.477075 3.45559 0.170944 13296
3 7 40 21.8968 0.572757 3.50341 0.381374 5011
3 7 41 21.6161 0.607677 3.67228 0.428987 6006
3 7 42 22.8283 0.450263 3.44416 0.361246 8169
3 7 43 23.6517 0.683811 3.0711 0.545482 4742
3 7 44 22.6599 0.508625 3.31805 0.336873 7389
3 7 45 23.1048 0.560831 3.60446 0.324383 6658
3 7 46 22.5377 0.490942 3.94789 0.292831 5367
3 7 47 21.7014 0.491288 3.98238 0.193503 10689
3 7 48 21.4069 0.540965 3.57775 0.320516 6179
3 7 49 21.635 0.771809 3.65075 0.493143 5463
3 7 50 21.8558 0.462203 3.38726 0.320424 6911
3 7 51 21.019 0.448206 3.16554 0.370439 11877
3 7 52 21.5143 0.493121 3.27047 0.396106 5805
3 7 53 23.5756 0.568821 4.45543 0.390096 11659
3 7 54 22.1213 0.470284 3.18979 0.390957 6893
3 7 55 22.1338 0.528611 3.52213 0.281076 6404
3 7 56 23.3477 0.57313 4.11074 0.478176 8051
3 7 57 22.0433 0.496497 3.54768 0.460128 8691
3 7 58 21.5249 0.503171 3.26157 0.445562 6718
3 7 59 21.474 0.510579 3.3148 0.307908 9143
3 7 60 21.5507 0.459865 3.25568 0.267567 12200
3 7 61 21.8678 0.556798 3.70722 0.251387 8761
3 7 62 20.6557 0.440611 3.66377 0.257291 7559
3 7 63 21.1003 0.623418 3.42226 0.332075 10030
3 8 0 20.0183 0.446795 2.86289 0.700678 5649
3 8 1 19.694 0.387876 2.82982 0.448816 6123
3 8 2 20.0931 0.526605 2.83307 0.513251 6530
3 8 3 20.3328 0.352318 2.72261 0.428127 7226
3 8 4 20.0449 0.378081 2.6163 0.528437 7086
3 8 5 20.387 0.504443 2.46329 0.599135 8665
3 8 6 20.372 0.569003 3.09806 0.34545 6431
3 8 7 19.9578 0.427773 2.98931 0.358449 8558
3 8 8 20.1418 0.45442 2.67627 0.584172 6671
3 8 9 20.5114 0.378877 2.56654 0.44756 9752
3 8 10 20.51 0.533881 2.88189 0.432471 6970
3 8 11 20.5716 0.450822 2.52551 0.539268 7396
3 8 12 20.7467 0.363096 2.34606 0.467287 8772
3 8 13 20.7247 0.374067 2.87744 0.236941 8243
3 8 14 20.8892 0.359512 2.85678 0.336935 6194
3 8 15 20.6899 0.370594 2.63094 0.442628 8210
3 8 16 20.5456 0.405187 3.40888 0.278996 8159
3 8 17 19.8154 0.397084 2.77104 0.402963 7122
3 8 18 20.0949 0.345734 2.42419 0.75203 7660
3 8 19 20.2632 0.408658 3.20856 0.228341 10240
3 8 20 20.3699 0.45864 2.45374 0.728356 7925
3 8 21 21.085 0.556083 2.89582 0.420344 6556
3 8 22 20.4442 0.393609 2.60386 0.565241 7060
3 8 23 20.1911 0.458426 2.87221 0.365565 7567
3 8 24 21.2784 0.499142 2.88192 0.394124 6314
3 8 25 20.6272 0.475967 2.91566 0.27646 11273
3 8 26 21.3109 0.410906 2.90361 0.562463 6607
3 8 27 21.4223 0.351268 2.79021 0.467806 8311
3 8 28 20.7288 0.436371 2.47257 0.616734 9889
3 8 29 20.5557 0.362379 2.91556 0.306071 7378
3 8 30 20.126 0.415818 3.09041 0.255576 8260
3 8 31 21.0135 0.355454 2.89017 0.313716 11534
3 8 32 20.6951 0.387352 2.98229 0.368261 9359
3 8 33 20.0582 0.37159 2.62367 0.531304 10329
3 8 34 20.376 0.378856 3.08324 0.254137 9333
3 8 35 20.4015 0.429784 3.40505 0.158411 12634
3 8 36 20.2397 0.357117 2.95973 0.357891 8850
3 8 37 20.5742 -3 0 0 8488
3 8 38 20.4499 0.332578 2.96292 0.198023 19587
3 8 39 19.493 0.49846 3.38956 0.359903 12710
3 8 40 20.8492 0.447647 2.73306 0.469279 7966
3 8 41 20.315 0.332969 2.603 0.319344 15586
3 8 42 20.7635 0.363384 2.62597 0.578176 9198
3 8 43 20.5421 0.342174 2.70083 0.320711 10136
3 8 44 20.9089 0.47629 2.94206 0.362312 11391
3 8 45 21.3316 0.375971 3.02242 0.253882 9377
3 8 46 20.6812 0.412862 3.0418 0.489727 7600
3 8 47 20.264 0.436873 3.73384 0.305308 15325
3 8 48 20.267 0.345413 2.78532 0.34497 13320
3 8 49 21.524 0.447534 3.08463 0.36712 11070
3 8 50 19.9404 0.524262 3.13901 0.316979 11237
3 8 51 20.9882 0.358518 3.37997 0.249208 10634
3 8 52 19.9437 0.421924 2.67158 0.515203 8702
3 8 53 20.839 0.364782 3.26203 0.274832 13715
3 8 54 19.7377 0.373601 2.69716 0.347108 14922
3 8 55 20.6787 0.354846 2.93148 0.340877 12338
3 8 56 19.706 0.3897 3.32133 0.265205 15778
3 8 57 19.8764 0.357337 3.05768 0.297329 11805
3 8 58 19.887 0.604723 3.37617 0.487328 9183
3 8 59 19.4744 0.453553 3.09819 0.482225 8723
3 8 60 21.0092 0.404616 3.13814 0.560819 11596
3 8 61 20.582 0.381646 3.30877 0.45367 9928
3 8 62 18.9895 0.672854 3.58133 0.35222 9191
3 8 63 19.4946 0.356276 2.69314 0.289156 12762
3 9 0 23.8893 0.767519 4.42189 0.292283 6604
3 9 1 23.034 0.624698 4.22233 0.212416 5184
3 9 2 23.741 0.563509 3.5013 0.287384 6353
3 9 3 21.5372 0.548979 2.83792 0.381157 4858
3 9 4 24.1409 0.618461 3.35632 0.361384 3079
3 9 5 22.4602 0.610935 3.30904 0.304895 3962
3 9 6 23.2354 0.565965 3.16408 0.412091 4711
3 9 7 23.6481 0.569132 2.9983 0.433701 2717
3 9 8 23.3675 0.563203 2.93618 0.434462 5627
3 9 9 23.0143 0.559154 3.56461 0.225967 5149
3 9 10 23.9655 0.581285 3.63258 0.385625 3378
3 9 11 23.4106 0.521036 3.29086 0.249025 5116
3 9 12 23.7758 0.516423 3.04329 0.57609 3425
3 9 13 22.4675 0.539778 2.82802 0.311734 3920
3 9 14 24.0736 0.648605 3.50491 0.367294 5790
3 9 15 28 -2 0 0 2965
3 9 16 23.1493 0.531839 3.39207 0.5274 3217
3 9 17 22.8861 0.453457 3.08698 0.324764 5371
3 9 18 22.1764 0.816095 3.55732 0.338116 4666
3 9 19 24.4679 0.586496 3.87909 0.364124 3749
3 9 20 24.1125 0.566081 3.32901 0.343078 3227
3 9 21 23.2255 0.567405 3.86487 0.164731 4489
3 9 22 23.5255 0.488269 2.90604 0.297235 3105
3 9 23 23.661 0.575482 3.05885 0.521542 3254
3 9 24 23.3167 0.476475 3.12091 0.237727 6775
3 9 25 23.3991 0.519343 3.67457 0.24508 3219
3 9 26 23.5707 0.572019 2.85445 0.671 5518
3 9 27 23.6124 0.58421 3.21023 0.371617 2778
3 9 28 23.6884 0.57489 2.89014 0.480969 2749
3 9 29 24.0185 0.489802 3.31084 0.346206 3980
3 9 30 23.6084 0.463163 2.82288 0.509535 2921
3 9 31 23.7083 0.643573 3.13359 0.36859 2471
3 9 32 23.6641 0.701743 2.96007 0.393018 2622
3 9 33 23.5354 0.948567 3.37387 0.32466 2399
3 9 34 23.3636 0.522358 3.19155 0.393968 5074
3 9 35 23.7495 0.542539 3.36554 0.386973 2992
3 9 36 24.6726 0.519684 3.35601 0.40023 2708
3 9 37 24.9639 0.609602 3.62851 0.382998 2973
3 9 38 23.6471 0.573762 3.2207 0.422262 2141
3 9 39 22.683 0.565531 2.93809 0.335197 3643
3 9 40 22.6381 0.94403 3.75611 0.290078 3948
3 9 41 24.0478 0.669803 3.35309 0.316833 2237
3 9 42 23.0377 0.545346 2.6551 0.44249 2840
3 9 43 23.9942 0.516897 3.35252 0.323963 4483
3 9 44 23.9658 0.636751 2.97484 0.477308 2062
3 9 45 23.3703 0.496807 2.5922 0.515424 3361
3 9 46 24.683 0.576224 3.31517 0.397975 4167
3 9 47 23.4593 0.564639 3.62541 0.320543 2379
3 9 48 23.1636 0.533452 3.06368 0.487716 2730
3 9 49 24.0354 0.594302 2.66237 0.475744 3934
3 9 50 23.4218 0.662794 2.9849 0.366053 2514
3 9 51 23.6272 0.735255 3.12316 0.428897 3822
3 9 52 22.4631 0.822737 3.09479 0.363495 3617
3 9 53 22.5428 0.569971 3.20073 0.351772 3009
3 9 54 24.0506 0.738245 3.35746 0.428979 2487
3 9 55 22.2268 0.509399 3.05303 0.264672 4410
3 9 56 23.7418 0.697354 2.78199 0.411115 2572
3 9 57 23.2164 0.502887 3.39278 0.373668 3153
3 9 58 23.2655 0.591801 3.17764 0.481585 2764
3 9 59 22.7521 0.560197 3.28456 0.404853 4336
3 9 60 21.9651 0.464154 3.46105 0.292159 3271
3 9 61 22.8581 0.703075 3.41593 0.396591 3119
3 9 62 22.9267 0.549091 3.94619 0.21511 3996
3 9 63 22.597 0.515009 3.00951 0.310334 2784
3 10 0 22.3319 0.353999 3.56802 0.321082 12498
3 10 1 21.0745 0.422592 3.7466 0.230643 12385
3 10 2 21.1912 0.354505 3.38547 0.415805 13710
3 10 3 20.4556 0.344874 3.28243 0.297244 16796
3 10 4 22.4429 0.363039 3.62276 0.29192 9869
3 10 5 21.3623 0.460488 3.99623 0.417621 10056
3 10 6 22.2786 0.379509 3.6504 0.216796 10362
3 10 7 21.6311 0.354296 3.80088 0.170492 18313
3 10 8 22.2045 0.382512 3.51468 0.29417 9783
3 10 9 23.5312 0.405514 4.09785 0.257843 10887
3 10 10 22.0507 0.368444 3.91282 0.288031 12335
3 10 11 21.7853 0.354971 3.36552 0.401142 10269
3 10 12 22.3266 0.440839 3.3751 0.452663 9709
3 10 13 22.3095 0.368724 3.38722 0.287865 12808
3 10 14 21.5538 0.350647 3.39952 0.2625 12904
3 10 15 21.7582 0.396095 3.60168 0.306578 11820
3 10 16 22.1994 0.433977 4.22332 0.204806 13800
3 10 17 21.6609 0.336928 3.5481 0.305166 10047
3 10 18 22.6655 0.445449 3.35022 0.510256 11462
3 10 19 22.2609 0.356617 3.37902 0.386783 19895
3 10 20 21.6549 0.298611 3.30805 0.315584 15497
3 10 21 23.0279 0.390952 3.8942 0.425547 10521
3 10 22 21.817 0.437717 3.50367 0.591717 11177
3 10 23 21.7022 0.350491 3.33571 0.470254 10982
3 10 24 21.6458 0.392937 3.53615 0.229583 9860
3 10 25 22.6752 0.410925 3.83852 0.20816 13717
3 10 26 22.9741 0.393871 3.79185 0.286574 9253
3 10 27 22.3652 0.374319 3.5292 0.412622 10423
3 10 28 23.1831 0.373374 3.66336 0.311511 11307
3 10 29 22.5323 0.363972 3.41041 0.3676 12943
3 10 30 22.3281 0.454637 3.73849 0.364493 9730
3 10 31 21.6268 0.331471 3.90541 0.176244 21001
3 10 32 21.9525 0.330478 3.38421 0.253216 18522
3 10 33 23.5254 0.37292 3.36103 0.396042 10495
3 10 34 21.6885 0.324917 3.31211 0.355252 13897
3 10 35 22.0335 0.33234 3.45067 0.310609 22061
3 10 36 21.236 0.480694 3.42384 0.292278 16638
3 10 37 26 -2 0 0 14843
3 10 38 23.8021 0.400785 3.91113 0.186648 13706
3 10 39 21.7204 0.332285 3.53187 0.211348 19476
3 10 40 22.3821 0.350362 3.51498 0.243189 11092
3 10 41 22.9199 0.409022 3.54468 0.506811 10575
3 10 42 21.577 0.358628 3.38233 0.15975 15509
3 10 43 22.8992 0.377823 3.62841 0.324036 9879
3 10 44 22.1352 0.362273 3.62276 0.23066 12497
3 10 45 21.1565 0.33357 3.33849 0.115939 18365
3 10 46 22.5727 0.32776 3.72413 0.307862 10034
3 10 47 23.8662 0.419499 4.32795 0.24055 15096
3 10 48 22.8811 0.359329 3.78342 0.315198 10255
3 10 49 20.8586 0.357204 3.3471 0.459771 15652
3 10 50 21.1963 0.441357 3.6067 0.333009 18316
3 10 51 22.9185 0.352113 3.70246 0.24542 11186
3 10 52 22.829 0.388096 3.92185 0.384531 10369
3 10 53 22.6613 0.353607 3.6726 0.409686 12845
3 10 54 23.6909 0.520528 3.64739 0.438435 10661
3 10 55 22.0775 0.429777 3.55255 0.288719 10254
3 10 56 22.5224 0.402213 3.906 0.238855 12130
3 10 57 21.4698 0.351389 3.74034 0.28689 11763
3 10 58 21.884 0.360402 3.70059 0.167531 11198
3 10 59 21.4946 0.350564 3.6933 0.414622 10418
3 10 60 22.5492 0.360499 3.64956 0.286253 16402
3 10 61 20.7423 0.446554 4.13359 0.249901 14637
3 10 62 21.5689 0.327146 3.2738 0.378512 14241
3 10 63 21.9876 0.408704 3.52165 0.437768 10535
3 11 0 24.5341 0.47199 4.27243 0.152067 10124
3 11 1 23.2658 0.544881 4.15997 0.34128 12464
3 11 2 24.0427 0.510264 3.55789 0.316649 7453
3 11 3 23.619 0.47397 3.76572 0.281434 4902
3 11 4 23.2039 0.666231 4.06419 0.288301 5795
3 11 5 23.4851 0.435157 3.62898 0.356254 6045
3 11 6 23.8466 0.485811 3.47944 0.387412 6845
3 11 7 23.6962 0.623209 3.83235 0.341498 4451
3 11 8 23.4973 0.474162 3.49761 0.316391 6953
3 11 9 24.4491 0.503625 3.90145 0.295047 5221
3 11 10 23.8766 0.560133 3.73961 0.419398 4779
3 11 11 23.493 0.550796 3.59024 0.314219 6819
3 11 12 23.4179 0.452013 3.17535 0.335935 7462
3 11 13 24.1717 0.422833 3.21069 0.367972 5717
3 11 14 24.759 0.492561 4.31548 0.247147 9058
3 11 15 23.7017 0.543247 3.41352 0.417474 4832
3 11 16 24.2809 0.545893 3.78502 0.324877 4649
3 11 17 23.6754 0.482302 4.14067 0.186206 8354
3 11 18 23.8668 0.469345 3.45014 0.352004 5553
3 11 19 22.9611 0.518009 3.32755 0.351107 5929
3 11 20 23.4679 0.436621 3.41148 0.335232 8257
3 11 21 23.1975 0.491832 4.05529 0.208097 8480
3 11 22 22.6432 0.498275 2.71555 0.607591 6853
3 11 23 22.6998 0.563801 3.47095 0.236861 9613
3 11 24 23.6357 0.467283 4.22929 0.193352 8061
3 11 25 24.1245 0.45374 3.34935 0.41039 5908
3 11 26 25.3675 0.5924 4.00343 0.32032 12504
3 11 27 23.3167 0.451081 3.25294 0.240619 5775
3 11 28 24.322 0.505727 3.19812 0.407887 4165
3 11 29 23.6006 0.423884 3.67221 0.286457 8298
3 11 30 23.5022 0.406311 3.27888 0.302244 7458
3 11 31 23.6008 0.66553 2.8658 0.488364 6036
3 11 32 25.089 0.509303 3.38506 0.429438 4484
3 11 33 23.6551 0.523989 3.53346 0.274447 4714
3 11 34 23.3045 0.478748 3.85917 0.255287 13681
3 11 35 24.7016 0.601388 3.63611 0.418384 3980
3 11 36 24.6277 0.503752 4.21142 0.274515 5107
3 11 37 24.3299 0.410536 3.54702 0.27845 6323
3 11 38 24.4897 0.478917 3.45634 0.377276 5416
3 11 39 23.441 0.485544 4.01538 0.259148 5468
3 11 40 24.5272 0.433391 3.65794 0.271766 5913
3 11 41 23.3753 0.421025 3.20523 0.379586 4582
3 11 42 24.3309 0.460758 3.74305 0.283474 5906
3 11 43 23.5022 0.4304 3.92849 0.218539 7812
3 11 44 24.3812 0.521848 3.47287 0.416626 4324
3 11 45 22.9589 0.581178 3.13189 0.353849 6663
3 11 46 24.3957 0.454914 4.16224 0.221813 11676
3 11 47 24.2407 0.462297 3.65468 0.43774 3887
3 11 48 24.2298 0.47067 3.6489 0.272065 5376
3 11 49 24.0966 0.542659 3.33439 0.4444 6329
3 11 50 23.9098 0.442064 3.71675 0.255137 6427
3 11 51 23.6123 0.433221 3.88798 0.276243 7403
3 11 52 23.9547 0.483606 3.58243 0.300302 7838
3 11 53 23.249 0.479621 3.78313 0.289648 4467
3 11 54 23.7671 0.414816 3.07946 0.472119 5350
3 11 55 23.5324 0.481208 3.63152 0.270387 7342
3 11 56 23.3821 0.417054 3.77057 0.214741 6219
3 11 57 22.3087 0.853313 4.3631 0.321768 6939
3 11 58 23.123 0.492535 3.56684 0.431093 5921
3 11 59 24.2959 0.514898 3.745 0.331093 8789
3 11 60 24.9035 0.553003 3.85041 0.362641 4648
3 11 61 24.0486 0.509659 4.36141 0.1847 8525
3 11 62 22.5798 0.49375 3.8581 0.262627 9003
3 11 63 21.7025 0.700142 3.82878 0.378273 6724
3 12 0 22.0863 0.338641 3.59177 0.351596 18186
3 12 1 21.5499 0.318525 3.30143 0.346177 18203
3 12 2 21.6004 0.301907 3.33531 0.236079 19185
3 12 3 20.71 0.279161 2.90039 0.374566 21134
3 12 4 21.7035 0.31227 3.04507 0.303377 16500
3 12 5 21.4148 0.331256 3.03867 0.289936 17762
3 12 6 21.7495 0.306712 3.21715 0.343057 20425
3 12 7 20.8066 0.317555 3.46028 0.156206 24147
3 12 8 20.7576 0.312922 3.16829 0.321606 18216
3 12 9 21.2182 0.378429 3.93959 0.35752 23512
3 12 10 21.0184 0.360023 3.44524 0.260814 24398
3 12 11 21.7813 0.295635 3.06551 0.354608 12206
3 12 12 21.9577 0.333446 3.27356 0.399645 11332
3 12 13 21.67 0.380115 3.56267 0.238337 12547
3 12 14 21.9724 0.287418 3.22309 0.363333 15588
3 12 15 21.7767 0.279982 3.07541 0.272063 18575
3 12 16 21.7037 0.310287 3.52982 0.226732 27963
3 12 17 21.3909 0.289086 3.0602 0.310772 15687
3 12 18 21.5589 0.274262 2.79383 0.307853 18901
3 12 19 22.1372 0.34466 3.68563 0.381434 14932
3 12 20 22.0986 0.309636 3.23838 0.583999 11102
3 12 21 21.7404 0.292458 3.2079 0.309952 22632
3 12 22 22.4865 0.404704 3.55418 0.27381 11362
3 12 23 21.9034 0.27216 2.64713 0.443373 15331
3 12 24 21.7595 -3 0 0 15007
3 12 25 22.4286 0.335493 3.81609 0.327488 20506
3 12 26 20.8346 0.41843 3.16286 0.24637 15312
3 12 27 22.3826 0.351472 3.11599 0.490786 11857
3 12 28 22.4127 0.37688 3.35503 0.549163 11728
3 12 29 21.9008 0.348009 3.43234 0.369598 9976
3 12 30 21.9396 0.295754 2.52949 0.822491 17037
3 12 31 22.9015 0.304725 3.34246 0.275305 17839
3 12 32 23.3679 0.32636 3.5827 0.517462 11485
3 12 33 21.1767 0.302674 2.98962 0.39048 17145
3 12 34 21.9476 0.329562 3.29118 0.253104 13548
3 12 35 21.7556 0.310516 3.43777 0.246518 17932
3 12 36 22.6136 0.357024 3.18407 0.632005 10799
3 12 37 21.5181 0.312205 3.23235 0.398807 10363
3 12 38 21.7203 0.369403 3.52406 0.336264 11678
3 12 39 22.0938 0.355019 3.61474 0.203722 8363
3 12 40 21.544 0.334021 3.03733 0.445156 11316
3 12 41 21.8036 0.328723 3.32498 0.300519 10903
3 12 42 21.1907 0.343332 3.28907 0.405921 9774
3 12 43 21.6954 0.324939 3.07329 0.331561 13062
3 12 44 21.855 0.308782 2.84809 0.357724 14884
3 12 45 21.251 0.331998 3.16287 0.275911 10528
3 12 46 21.9317 0.340411 2.7618 0.879298 12854
3 12 47 21.0979 0.358565 3.22803 0.784309 16310
3 12 48 21.9385 0.348052 3.21627 0.56493 10290
3 12 49 22.1942 0.305213 3.4561 0.358506 8878
3 12 50 21.9062 0.293439 3.16 0.37157 13570
3 12 51 22.7593 0.37774 3.90551 0.347912 6683
3 12 52 21.4044 0.297451 2.99864 0.432072 9137
3 12 53 20.5571 0.37062 3.57759 0.251877 14534
3 12 54 21.7757 0.313576 3.37105 0.533502 13376
3 12 55 22.0794 0.31601 3.08617 0.477943 7603
3 12 56 21.6831 0.298086 3.43284 0.322557 11634
3 12 57 21.6696 0.314662 3.32993 0.576712 11346
3 12 58 21.2755 0.400078 3.16785 0.720009 8399
3 12 59 20.684 0.371949 3.26492 0.421684 9468
3 12 60 20.9719 0.328985 3.46007 0.401938 11726
3 12 61 22.8683 0.399678 4.42276 0.651473 10324
3 12 62 21.1174 0.316954 3.28442 0.452298 8371
3 12 63 20.8739 0.290381 2.99596 0.38569 12083
3 13 0 19.5302 0.432714 3.30467 0.396428 10563
3 13 1 21.4151 0.45645 3.01587 0.502504 5172
3 13 2 19.0231 0.449312 3.27843 0.317319 8328
3 13 3 19.4374 0.431 2.57629 0.436774 4856
3 13 4 20.3461 0.508878 3.46213 0.438767 5106
3 13 5 20.8975 0.396597 2.32572 0.605764 6708
3 13 6 19.5524 0.481738 2.74377 0.458226 5090
3 13 7 20.1652 0.355408 2.93477 0.484229 3859
3 13 8 20.0817 0.389988 2.75918 0.348273 6275
3 13 9 20.3091 0.368661 2.72639 0.491463 5933
3 13 10 19.9145 0.49374 2.4792 0.441001 5856
3 13 11 19.5672 0.418131 2.82083 0.575812 6037
3 13 12 21.1214 0.320401 2.74608 0.381538 6334
3 13 13 19.7849 0.408148 2.78268 0.342362 4039
3 13 14 19.366 0.461829 3.29718 0.263103 8453
3 13 15 19.8118 0.401885 2.12066 0.584431 7019
3 13 16 20.0997 0.421733 3.09276 0.351565 5580
3 13 17 20.3062 0.433362 2.86138 0.535885 7789
3 13 18 19.8968 0.567868 2.64373 0.455073 7398
3 13 19 19.4786 0.434001 2.73651 0.312061 5959
3 13 20 19.5188 0.375503 3.30467 0.424228 7776
3 13 21 20.0277 0.372128 2.76717 0.482478 7030
3 13 22 19.5663 0.458868 2.77381 0.466043 4337
3 13 23 20.1451 0.431431 2.67513 0.385974 9203
3 13 24 20.3025 0.364277 2.90959 0.326617 6714
3 13 25 19.5497 0.433714 2.65263 0.605763 5110
3 13 26 20.3236 0.377359 3.03462 0.357615 11977
3 13 27 26 -2 0 0 6837
3 13 28 20.7039 0.377434 2.78278 0.335963 4623
3 13 29 20.4564 0.368145 2.71851 0.498077 8080
3 13 30 19.6244 0.385299 2.74613 0.398295 5814
3 13 31 20.3819 0.487289 2.77792 0.52379 4891
3 13 32 20.3101 0.584351 2.75047 0.42875 4818
3 13 33 20.2108 0.551411 2.40505 0.556585 7425
3 13 34 20.44 0.392354 3.26147 0.258314 9185
3 13 35 21.1838 0.410722 3.01786 0.428891 4433
3 13 36 20.2548 0.375242 2.67428 0.278086 8290
3 13 37 20.6785 0.41456 2.54605 0.36851 8599
3 13 38 20.2227 0.433482 2.7541 0.389254 4877
3 13 39 20.3829 0.347573 2.76196 0.361623 10818
3 13 40 19.9128 0.469623 2.77997 0.362367 8927
3 13 41 19.8889 0.407876 2.2697 0.353332 5246
3 13 42 19.7457 0.319637 2.53737 0.299482 9792
3 13 43 19.5505 0.395591 2.81225 0.222557 11641
3 13 44 20.0413 0.370797 2.48641 0.40986 7421
3 13 45 19.912 0.491678 2.40798 0.484125 8109
3 13 46 21.0514 0.394562 3.38995 0.344478 10283
3 13 47 21.6793 0.409788 2.9603 0.417488 7842
3 13 48 19.4991 0.492697 2.65581 0.33353 8437
3 13 49 19.6998 0.366708 2.47286 0.345614 11064
3 13 50 19.2301 0.442552 2.35372 0.466033 6423
3 13 51 19.848 0.445855 3.15328 0.284754 10817
3 13 52 19.6592 0.475134 2.7411 0.56445 9592
3 13 53 20.0554 0.359972 2.66784 0.464097 8869
3 13 54 19.8456 0.711159 2.4714 0.61912 7146
3 13 55 20.2749 0.352323 2.59687 0.773616 8573
3 13 56 19.677 0.419719 2.9954 0.363536 8030
3 13 57 20.7247 0.383364 3.17063 0.32756 13170
3 13 58 19.7345 0.409814 2.69646 0.390167 7024
3 13 59 19.7987 0.364569 2.91279 0.39006 14425
3 13 60 20.2036 0.503936 3.02423 0.406323 6411
3 13 61 20.4861 0.430493 3.61592 0.214156 11752
3 13 62 19.6562 0.385526 3.02198 0.447529 11879
3 13 63 18.9976 0.380545 2.47123 0.576001 8033
3 14 0 25.523 0.603771 4.3304 0.299912 5074
3 14 1 22.8018 0.562965 3.61353 0.235568 8324
3 14 2 23.7341 0.670032 4.67972 0.127265 5108
3 14 3 22.6717 0.506308 3.74519 0.198839 7573
3 14 4 25.8334 1.40255 3.45109 0.614346 3354
3 14 5 24.2169 0.544116 3.42258 0.510073 4401
3 14 6 24.2918 0.604949 3.88846 0.205956 7993
3 14 7 25.3979 0.706359 3.77215 0.3842 5157
3 14 8 24.7777 0.606832 3.91649 0.255766 4357
3 14 9 23.8397 0.640935 3.74898 0.261471 9744
3 14 10 24.8745 0.608324 4.18659 0.285521 5403
3 14 11 22.7543 0.510257 3.36616 0.284789 5847
3 14 12 24.5877 0.670192 3.91317 0.257426 6794
3 14 13 24.4583 1.03405 3.78449 0.403104 6730
3 14 14 24.0497 0.72166 3.2304 0.377927 6224
3 14 15 24.9027 0.590821 3.67169 0.362777 3673
3 14 16 24.4176 0.633725 4.01263 0.398948 7212
3 14 17 25.1785 0.559629 4.14004 0.216407 2901
3 14 18 22.8486 0.572074 3.6372 0.289654 6488
3 14 19 25.0313 0.525162 3.78844 0.321295 4113
3 14 20 23.3678 0.489652 3.30767 0.364203 5057
3 14 21 23.0442 0.503545 4.33461 0.221733 8759
3 14 22 24.6453 0.524406 3.77422 0.21289 4494
3 14 23 23.4025 0.579118 3.44951 0.331655 4964
3 14 24 24.2978 0.749828 2.90686 0.713087 3983
3 14 25 25.1454 0.704795 4.0226 0.301903 6958
3 14 26 24.525 0.597393 3.75509 0.291139 5203
3 14 27 24.9043 0.53244 3.68513 0.274297 2933
3 14 28 27.1411 0.981791 3.4653 0.402943 2457
3 14 29 23.0271 0.457782 3.25303 0.435837 4468
3 14 30 25.6854 0.556271 3.94445 0.312922 2887
3 14 31 26.414 0.663692 4.10125 0.240726 3310
3 14 32 23.1381 0.530301 3.38799 0.22412 5830
3 14 33 24.6695 1.14892 3.49113 0.370238 2955
3 14 34 25.4826 0.654718 3.40267 0.467495 2710
3 14 35 24.954 0.555925 3.94934 0.320117 5030
3 14 36 22.3378 0.515624 3.73106 0.286849 4887
3 14 37 23.3792 0.543128 3.89433 0.308843 4131
3 14 38 25.6751 0.740048 3.73568 0.501893 3775
3 14 39 24.0537 0.589452 3.69511 0.318788 3862
3 14 40 24.0216 0.662665 3.37888 0.386673 2585
3 14 41 24.538 0.562624 3.34983 0.426821 2871
3 14 42 22.369 0.603689 3.21777 0.213087 4582
3 14 43 28 -2 0 0 4320
3 14 44 24.0235 0.694783 3.67154 0.278357 3213
3 14 45 23.2123 0.58292 3.14265 0.377982 4721
3 14 46 24.9245 0.596172 3.69805 0.358597 2537
3 14 47 25.3056 0.791936 4.03994 0.304507 4367
3 14 48 23.5614 0.526056 2.90058 0.372336 4515
3 14 49 22.4323 0.504976 2.98475 0.326373 4450
3 14 50 22.9212 0.532422 3.38849 0.259476 4392
3 14 51 24.0344 0.555432 4.03845 0.405782 3537
3 14 52 23.0279 0.51288 3.41205 0.269767 4090
3 14 53 22.5907 0.532348 3.13273 0.464024 4096
3 14 54 22.6315 0.623593 3.47763 0.320418 2972
3 14 55 23.1765 0.545077 3.06873 0.365616 3714
3 14 56 22.215 0.622662 3.41459 0.445149 4183
3 14 57 24.2399 0.814428 3.85143 0.447825 3617
3 14 58 22.1525 0.746783 4.05681 0.29218 3038
3 14 59 22.3797 0.615501 3.45448 0.23763 4370
3 14 60 22.8363 0.548734 3.6361 0.25469 3901
3 14 61 24.6595 0.665733 3.53825 0.469413 3677
3 14 62 22.4926 0.540183 2.86694 0.623751 3904
3 14 63 22.2343 0.469449 3.19512 0.312466 3964
3 15 0 21.9418 0.626531 3.75738 0.28576 3552
3 15 1 21.7913 0.531668 2.83776 0.323045 4200
3 15 2 21.5851 0.594849 2.68135 0.542789 3060
3 15 3 21.4572 3.35746 3.32407 0.318161 2233
3 15 4 22.1649 0.67437 1.66009 0.552967 254
3 15 5 21.8202 -3 0 0 143
3 15 6 22.2656 0.580222 2.75465 0.329682 3919
3 15 7 22.3677 0.486431 2.86711 0.386074 3270
3 15 8 21.1849 0.516249 2.7931 0.393757 4103
3 15 9 21.8202 -3 0 0 2
3 15 10 22.2031 0.581938 3.34769 0.47901 3584
3 15 11 22.048 0.539028 2.67315 0.344416 4162
3 15 12 21.3145 0.757005 2.51583 0.414773 3860
3 15 13 21.7168 0.521813 3.20224 0.281867 3757
3 15 14 23.4779 1.18531 2.21701 0.340246 303
3 15 15 21.9797 0.714649 2.39316 0.404693 3713
3 15 16 22.693 0.525995 3.15384 0.3506 3274
3 15 17 21.321 0.489417 2.4562 0.463509 4534
3 15 18 21.9995 0.579795 3.21781 0.409278 3877
3 15 19 21.9973 0.779136 3.3673 0.279358 2079
3 15 20 22.2353 1.00427 3.29704 0.362983 3899
3 15 21 21.8348 0.562741 3.02153 0.326539 3706
3 15 22 21.8202 -3 0 0 1
3 15 23 22.3154 0.45956 2.78066 0.243651 4282
3 15 24 21.5758 0.50463 2.64772 0.264927 4776
3 15 25 22.6694 0.739765 3.04416 0.394467 1707
3 15 26 28 -2 0 0 4170
3 15 27 22.0936 0.825686 2.70703 0.39582 3600
3 15 28 23.6113 0.761654 2.87724 0.42837 1578
3 15 29 19.577 0.54375 3.0876 0.451215 4802
3 15 30 21.8295 0.506127 2.18482 0.522321 3780
3 15 31 22.1193 0.570185 2.71446 0.344999 3635
3 15 32 21.1654 0.636416 2.53596 0.325521 3725
3 15 33 21.632 0.707378 2.49111 0.425952 3812
3 15 34 29 -2 0 0 5536
3 15 35 21.0855 0.5791 2.50723 0.377146 4025
3 15 36 22.8501 0.828926 3.6175 0.44774 3991
3 15 37 21.0382 0.492335 2.80293 0.292976 4739
3 15 38 22.2829 0.669857 3.54974 0.316599 2249
3 15 39 22.1692 0.520538 3.41059 0.403741 5384
3 15 40 22.3813 0.849516 3.32443 0.296546 2356
3 15 41 21.5703 0.567118 2.75388 0.255545 4029
3 15 42 22.5132 0.937689 3.04816 0.497113 2555
3 15 43 21.6359 0.677628 3.1737 0.245258 5058
3 15 44 21.545 0.566416 2.96496 0.282611 4101
3 15 45 23.1292 0.690388 3.25768 0.382767 2320
3 15 46 23.8487 0.967502 3.61319 0.28942 2971
3 15 47 21.8506 0.546673 2.91193 0.385341 4817
3 15 48 22.4382 0.608921 3.49426 0.265086 2407
3 15 49 22.5731 0.637257 2.67042 0.415677 4852
3 15 50 21.897 0.583682 3.16732 0.376365 4182
3 15 51 22.3485 0.593329 3.19573 0.329137 6870
3 15 52 23.5224 0.82585 3.22953 0.44366 3285
3 15 53 22.1426 0.527548 2.87597 0.297063 4899
3 15 54 25 -2 0 0 5001
3 15 55 20.9577 0.476281 2.90249 0.307647 6032
3 15 56 22.3511 0.539031 3.50348 0.246231 6017
3 15 57 22.1946 0.607645 3.90501 0.292339 6209
3 15 58 21.4732 0.489325 2.61519 0.383458 5066
3 15 59 21.2724 0.688615 3.34026 0.369785 3786
3 15 60 20.8609 1.10835 3.72323 0.330214 2997
3 15 61 22.7106 0.681079 3.7367 0.286738 4910
3 15 62 20.9322 0.475947 3.20251 0.304575 6517
3 15 63 21.4723 0.631441 3.69097 0.289237 3166
4 0 0 19.2876 0.439229 3.60047 0.261076 7289
4 0 1 19.2965 0.366034 3.08488 0.486899 6952
4 0 2 19.3079 0.330605 2.92068 0.385377 7343
4 0 3 20.1432 0.47933 2.6913 0.548815 5061
4 0 4 18.9941 0.380544 2.74813 0.514802 6013
4 0 5 19.939 0.440273 2.8155 0.531147 5747
4 0 6 19.6135 0.365308 2.5324 0.812971 6712
4 0 7 19.4877 0.324568 2.56643 0.442787 9575
4 0 8 19.0754 0.303751 2.39695 0.418761 12372
4 0 9 19.1649 0.372519 2.54624 0.519119 9917
4 0 10 19.4175 0.321327 2.36525 0.579987 9514
4 0 11 19.654 0.680174 3.1682 0.631383 5385
4 0 12 19.8804 0.370517 2.84244 0.503945 5630
4 0 13 18.5307 0.43174 2.4687 0.868709 6207
4 0 14 19.2483 0.448435 2.95497 0.543506 12735
4 0 15 19.4874 0.393972 2.48364 0.554522 5182
4 0 16 19.3234 0.334925 2.79712 0.374336 9824
4 0 17 20.7801 0.445069 3.13619 0.411882 5490
4 0 18 19.0199 0.395802 2.92577 0.384844 5914
4 0 19 19.9842 0.422184 2.77556 0.477531 4887
4 0 20 19.8789 0.402649 2.74106 0.802331 5965
4 0 21 19.9176 0.293017 2.7178 0.394401 10975
4 0 22 19.5245 0.359995 2.83361 0.480136 4927
4 0 23 19.4868 0.332434 2.65315 0.358104 14700
4 0 24 19.578 0.339628 2.77805 0.355143 6253
4 0 25 19.7232 0.344857 2.70501 0.594944 12198
4 0 26 19.6353 0.456578 3.33137 0.467249 6820
4 0 27 20.0649 0.439448 2.80615 0.514546 5353
4 0 28 20.2038 0.372571 2.86669 0.466354 5545
4 0 29 19.6803 0.464563 3.10235 0.618678 15572
4 0 30 20.0589 0.34696 2.74321 0.441317 11570
4 0 31 20.2767 0.375504 2.82509 0.46365 12135
4 0 32 21.0496 0.471442 2.93919 0.474826 4036
4 0 33 21.1989 0.452863 2.92972 0.640393 5520
4 0 34 19.6548 0.297837 2.8359 0.263142 16742
4 0 35 19.5113 0.314875 2.75761 0.408079 13944
4 0 36 19.5164 0.311605 2.85207 0.360885 13223
4 0 37 21.3208 0.447586 2.85951 0.776286 6716
4 0 38 20.5384 0.390339 2.91526 0.564779 7742
4 0 39 19.475 0.31226 3.01799 0.357708 18251
4 0 40 19.8969 0.262258 2.6745 0.332892 14438
4 0 41 20.4652 0.632021 2.76551 0.784698 5197
4 0 42 20.1737 0.418345 2.9665 0.567029 7020
4 0 43 19.8891 0.385886 2.83953 0.726066 6622
4 0 44 19.4607 0.367505 2.68594 0.590995 7511
4 0 45 19.2254 0.451151 2.92952 0.475203 14058
4 0 46 19.521 0.324644 3.13198 0.277426 17925
4 0 47 19.4588 0.370967 3.2601 0.317573 8522
4 0 48 18.7765 0.318107 2.58455 0.329438 15631
4 0 49 20.0077 0.372968 2.97918 0.519159 8064
4 0 50 19.3874 0.458449 2.81614 0.630565 7955
4 0 51 19.3053 0.486905 3.44342 0.552099 12339
4 0 52 20.4101 0.372842 3.04532 0.462581 8010
4 0 53 19.2496 0.291746 3.10522 0.307205 15971
4 0 54 19.0187 0.368019 2.639 0.35745 15763
4 0 55 19.7056 0.397253 2.74683 0.567405 11219
4 0 56 18.7518 0.433854 3.35267 0.380724 10479
4 0 57 18.8507 0.371146 3.10984 0.517893 12597
4 0 58 19.4719 0.410059 2.74707 0.694342 8780
4 0 59 19.5302 0.383946 3.19073 0.476184 9397
4 0 60 18.783 0.343464 2.86386 0.354839 16359
4 0 61 19.9244 0.37216 3.57797 0.241402 13726
4 0 62 18.6965 0.283189 2.9922 0.320727 22206
4 0 63 18.8409 0.339789 2.97009 0.39243 9956
4 1 0 25.5876 0.49043 4.47205 0.340191 8736
4 1 1 23.261 0.462465 4.20654 0.287084 15153
4 1 2 25.7048 0.595239 4.06812 0.330787 7983
4 1 3 22.269 0.406933 3.71914 0.228409 13360
4 1 4 24.75 0.528566 3.50046 0.331786 5066
4 1 5 23.6927 0.490571 3.644 0.379835 6456
4 1 6 24.4991 0.491585 4.06099 0.203102 8036
4 1 7 26.3823 0.718447 3.41997 0.480697 5811
4 1 8 23.8065 0.625122 3.34251 0.495775 6502
4 1 9 23.0018 0.470332 4.41653 0.233459 14108
4 1 10 24.699 0.51717 4.05599 0.228962 7558
4 1 11 22.6108 0.370483 3.62057 0.210592 12170
4 1 12 23.5471 0.522301 3.22637 0.629624 6410
4 1 13 25.2502 0.681128 3.42607 0.373489 4775
4 1 14 24.1438 0.507168 4.21065 0.233461 7135
4 1 15 24.1548 0.574096 3.86045 0.303935 5328
4 1 16 25.3891 0.483493 4.14682 0.298917 9093
4 1 17 20.7793 0.449417 3.50404 0.176776 13877
4 1 18 24.0158 0.634061 4.05638 0.337184 5554
4 1 19 24.7686 0.604436 3.62305 0.410671 5681
4 1 20 23.6938 0.569044 3.60945 0.462359 4952
4 1 21 24.3046 0.48224 4.48074 0.340001 15341
4 1 22 24.7294 0.559018 4.02319 0.312176 6157
4 1 23 24.2594 0.604693 3.61173 0.481574 5197
4 1 24 23.4444 0.430617 3.77622 0.310226 13101
4 1 25 24.0352 0.429114 4.01178 0.226688 10530
4 1 26 24.4954 0.417604 4.29028 0.227707 6678
4 1 27 22.7 0.610604 3.23354 0.336155 11374
4 1 28 22.9165 0.393714 3.58331 0.346848 10624
4 1 29 24.4627 0.510502 3.41481 0.399165 4885
4 1 30 23.8691 0.887059 3.64049 0.605901 4381
4 1 31 22.2295 0.405559 3.76284 0.2636 10433
4 1 32 22.9684 1.03649 3.72141 0.217145 9140
4 1 33 23.0359 0.397607 3.47078 0.286517 9596
4 1 34 24.3904 0.772939 3.73804 0.456265 5414
4 1 35 22.419 0.438965 3.08178 0.651967 9432
4 1 36 22.9036 0.379071 3.48033 0.294093 9653
4 1 37 23.6876 0.50981 3.50578 0.461005 5074
4 1 38 23.2996 0.462183 3.49612 0.46857 9106
4 1 39 22.5572 0.430514 3.31894 0.372726 8607
4 1 40 24.3926 0.542801 3.97614 0.359814 4495
4 1 41 24.7624 0.608103 2.89137 0.694435 3968
4 1 42 24.8505 0.504452 3.6378 0.413349 4312
4 1 43 24.3612 0.46739 3.54814 0.464707 4742
4 1 44 24.0903 0.571607 3.1633 0.483462 3923
4 1 45 22.7162 0.415708 3.04373 0.62874 9061
4 1 46 22.5374 0.38172 3.59544 0.331792 10869
4 1 47 25 -2 0 0 6074
4 1 48 23.9623 0.569081 3.44626 0.543134 4286
4 1 49 24.0662 0.47949 3.84578 0.310178 4643
4 1 50 23.8978 0.480917 3.42691 0.345477 3940
4 1 51 23.6599 0.487532 3.81828 0.353289 4913
4 1 52 23.6881 0.47461 3.85145 0.287253 4393
4 1 53 23.5479 0.440105 3.86165 0.282238 7007
4 1 54 23.0303 0.672637 3.20008 0.388728 4432
4 1 55 24.4719 0.583211 3.30383 0.610603 4553
4 1 56 23.1184 0.500456 3.71825 0.400809 4752
4 1 57 21.6591 0.438073 3.55915 0.711698 5556
4 1 58 23.2536 0.624817 3.06633 0.684737 4551
4 1 59 21.8885 0.390934 3.78609 0.199757 10244
4 1 60 25.3591 0.545033 3.83165 0.333698 4274
4 1 61 21.8734 0.484251 4.22613 0.287664 8604
4 1 62 23.5452 0.656738 3.71661 0.421311 4568
4 1 63 22.5764 0.504931 3.82589 0.360547 4107
4 2 0 17.958 0.249445 2.95162 0.397196 26406
4 2 1 15.6198 0.269994 2.37198 0.413094 19539
4 2 2 17.7346 0.258942 2.54466 0.44642 22257
4 2 3 15.1287 0.32186 1.86624 0.715726 14563
4 2 4 15.5414 0.266096 1.79484 0.534036 17650
4 2 5 18.1121 0.256617 2.22525 0.387255 20146
4 2 6 17.9832 0.250342 2.53137 0.460051 20712
4 2 7 18.0883 0.264338 2.36694 0.647396 16246
4 2 8 17.8659 0.30352 2.15336 0.411226 21582
4 2 9 14.5004 0.309701 1.98069 0.854612 15478
4 2 10 14.58 0.333688 2.02708 0.53032 13706
4 2 11 17.6237 0.286022 2.26944 0.325406 21701
4 2 12 17.8014 0.267036 2.10398 0.819052 19004
4 2 13 15.4763 0.28114 1.801 0.531555 15262
4 2 14 15.666 0.29253 2.37 0.416801 20064
4 2 15 18.179 0.303679 2.01928 0.454201 17855
4 2 16 17.8746 0.263155 2.4815 0.699217 17254
4 2 17 15.9213 0.245253 2.04135 0.473257 20876
4 2 18 17.9349 0.291512 2.1789 0.682119 18787
4 2 19 15.5345 0.290979 1.77012 0.860071 14510
4 2 20 18.1703 0.273798 2.23584 0.326098 20363
4 2 21 18.3629 0.302101 2.40359 0.480449 19684
4 2 22 14.9549 0.291269 1.88494 0.699801 12672
4 2 23 15.9022 0.286495 1.94023 0.327112 19490
4 2 24 15.5248 0.291053 1.86724 0.765904 19238
4 2 25 18.3157 0.245458 2.27662 0.504085 16094
4 2 26 16.2126 0.248307 2.20663 0.624252 23321
4 2 27 16.4249 0.263994 1.8617 0.624446 16065
4 2 28 18.3452 0.276001 1.91788 0.868074 16534
4 2 29 16.4399 0.240594 1.92149 0.421498 21286
4 2 30 16.3242 0.244053 1.83556 0.552771 16202
4 2 31 15.459 0.263341 1.79866 0.966587 11474
4 2 32 15.5347 0.302583 1.5862 0.877272 11761
4 2 33 15.3244 0.337695 1.84624 0.568718 13452
4 2 34 18.1443 0.260879 2.66145 0.28846 26438
4 2 35 15.0926 0.3409 2.08101 0.697051 11480
4 2 36 18.1455 0.284088 2.28074 0.401206 19101
4 2 37 15.9729 0.278636 1.97926 0.477528 18501
4 2 38 18.3225 0.268978 2.46972 0.454857 15846
4 2 39 18.573 0.271739 2.65778 0.459314 19680
4 2 40 15.7772 0.269475 1.76409 0.717767 16149
4 2 41 15.1173 0.262648 1.82359 0.974403 12101
4 2 42 18.1251 0.327338 2.33758 0.426313 20227
4 2 43 15.842 0.309705 2.05647 0.531566 18480
4 2 44 16.8028 -3 0 0 150
4 2 45 15.502 0.306203 1.63311 0.936212 13187
4 2 46 15.8126 0.305255 2.16523 0.447738 21841
4 2 47 17.9264 0.259934 2.36044 0.387597 9461
4 2 48 15.5208 0.298717 1.82761 0.758529 14827
4 2 49 15.4687 0.317596 2.23932 0.447532 15262
4 2 50 17.8865 0.258238 2.55143 0.37293 17647
4 2 51 15.1614 0.320884 2.35473 0.405303 18487
4 2 52 18.2083 0.276985 2.43767 0.500218 23781
4 2 53 18.0911 0.268549 2.66209 0.463955 16450
4 2 54 17.2728 0.60344 1.23961 0.376956 541
4 2 55 0 -10 0 0 0
4 2 56 16.4312 0.424498 2.34148 0.893902 6889
4 2 57 17.8637 0.293593 2.66406 0.466034 23702
4 2 58 17.8614 0.269744 2.48083 0.350209 21542
4 2 59 17.4258 0.278936 2.81398 0.394222 27018
4 2 60 17.4856 0.304417 2.50733 0.492591 17473
4 2 61 18.2682 0.277005 3.02158 0.465084 28686
4 2 62 16.9045 0.547079 1.19743 0.538417 1450
4 2 63 16.6901 0.626222 0.912099 0.669355 1194
4 3 0 26.3298 0.486414 4.80449 0.313581 10012
4 3 1 26.6046 0.518402 4.09074 0.348583 7729
4 3 2 26.4374 0.520787 4.57427 0.312272 14248
4 3 3 26.3521 0.706958 3.58694 0.65417 5987
4 3 4 25.612 0.50172 3.89346 0.298385 13789
4 3 5 26.4527 0.636633 3.96155 0.520401 5646
4 3 6 27.1757 0.51789 4.50815 0.222813 13118
4 3 7 25.1652 0.44299 4.71427 0.25966 16504
4 3 8 26.1337 0.427305 4.21604 0.243468 6263
4 3 9 27.8515 0.54584 4.07643 0.31008 7037
4 3 10 27.7818 0.534039 4.30198 0.30257 7881
4 3 11 26.1817 0.427578 3.99958 0.260225 6895
4 3 12 26.3907 0.437968 3.95314 0.462892 6503
4 3 13 26.3181 0.513018 4.34967 0.239908 7321
4 3 14 26.4411 0.462288 5.05774 0.173216 7333
4 3 15 27.2289 0.487216 4.47785 0.206482 6477
4 3 16 26.4675 0.498466 4.75552 0.201179 17251
4 3 17 26.8375 0.442737 4.5136 0.20538 7087
4 3 18 25.5641 0.429127 4.27842 0.228991 13867
4 3 19 27.6903 0.601786 3.55505 0.481463 7122
4 3 20 25.0512 0.419392 4.02086 0.262289 13545
4 3 21 25.7047 0.442958 4.86897 0.168683 15374
4 3 22 27.0858 0.537301 4.55494 0.367959 6100
4 3 23 27.0232 0.429057 4.12289 0.244671 7348
4 3 24 27.283 0.470521 4.21192 0.33416 6832
4 3 25 26.5343 0.518533 4.20466 0.267267 16078
4 3 26 27.9565 0.532996 4.26487 0.343499 6749
4 3 27 26.6759 0.465413 4.17303 0.331602 7560
4 3 28 26.2126 0.399621 3.77583 0.472724 7741
4 3 29 24.6108 0.42155 4.26943 0.243303 13951
4 3 30 26.1296 -3 0 0 7790
4 3 31 26.9701 0.428081 4.44032 0.198021 9255
4 3 32 25.7076 0.443647 3.98335 0.375512 14518
4 3 33 25.8825 0.454195 4.45571 0.235986 8450
4 3 34 25.8316 0.436621 3.94501 0.283516 13348
4 3 35 27.291 0.600268 4.08217 0.556666 8800
4 3 36 25.4409 0.407548 4.07079 0.265205 13114
4 3 37 24.0383 0.390098 4.03146 0.180097 14615
4 3 38 27.1423 0.443424 4.61334 0.262764 8713
4 3 39 27.4814 0.509078 4.5141 0.237468 6920
4 3 40 26.058 0.432644 4.12568 0.294392 13008
4 3 41 26.5123 0.464988 4.06545 0.244413 8447
4 3 42 25.4111 0.511444 4.00604 0.357327 8513
4 3 43 25.4156 0.450719 4.32713 0.235528 9033
4 3 44 27.6326 0.4502 4.15125 0.240148 7185
4 3 45 26.4746 0.454315 3.91152 0.259649 8026
4 3 46 26.8015 0.441694 4.55082 0.220078 8580
4 3 47 27.9491 0.455801 4.39882 0.371328 7947
4 3 48 25.1073 0.404583 3.80904 0.311162 13428
4 3 49 25.8469 0.551348 4.30387 0.232822 8230
4 3 50 25.8587 0.532293 3.48854 0.461526 6766
4 3 51 27.1825 0.446891 4.55294 0.238064 7214
4 3 52 24.5831 0.410634 3.71453 0.219432 14235
4 3 53 25.5765 0.446531 4.63172 0.204304 14043
4 3 54 24.5776 0.408112 4.29813 0.216073 13093
4 3 55 25.8187 0.509288 3.74554 0.357836 12989
4 3 56 27.8843 0.490614 4.67571 0.298621 7115
4 3 57 24.0539 0.421568 4.12612 0.207351 14016
4 3 58 25.4155 0.482493 3.86391 0.404947 7507
4 3 59 26.1978 0.448914 4.58951 0.219671 8301
4 3 60 26.1591 0.482429 4.10322 0.391681 6936
4 3 61 27.0642 0.504738 4.45704 0.404526 7896
4 3 62 25.9006 0.505397 4.64734 0.305367 8138
4 3 63 23.1249 0.559976 4.33295 0.233011 13540
4 4 0 24.3268 0.503795 5.36879 0.158247 13067
4 4 1 24.1501 0.480705 4.43695 0.175893 14685
4 4 2 24.3436 0.496954 4.20422 0.180807 13242
4 4 3 23.4787 0.534973 3.99242 0.266506 8348
4 4 4 22.9903 0.422415 3.40074 0.322691 10088
4 4 5 24.6559 0.484645 4.13652 0.225701 7198
4 4 6 26.0149 0.53432 4.257 0.197748 6273
4 4 7 24.9009 0.453529 3.97536 0.305585 7312
4 4 8 26.5133 0.467934 3.81514 0.336207 5419
4 4 9 23.7028 0.461538 3.80813 0.270714 10655
4 4 10 24.8949 0.520438 4.07854 0.192869 9058
4 4 11 25.5215 0.609251 3.82655 0.336747 9773
4 4 12 25.9572 0.572376 3.62368 0.353181 4481
4 4 13 24.3388 0.476472 3.5469 0.342996 6720
4 4 14 25.6555 0.616004 3.64047 0.284789 13980
4 4 15 25.3574 0.535074 3.85524 0.478851 7103
4 4 16 25.1423 0.562687 4.01619 0.256258 8722
4 4 17 24.7815 0.526766 4.01451 0.297162 7286
4 4 18 23.8894 0.419038 3.57538 0.288287 8822
4 4 19 24.5033 0.466377 3.73677 0.360758 6764
4 4 20 24.7411 -3 0 0 42
4 4 21 25.4061 0.549279 3.9693 0.262471 11460
4 4 22 24.4152 0.467327 3.70157 0.245554 7663
4 4 23 27.4328 0.593715 4.03636 0.282548 8255
4 4 24 23.9256 0.592334 4.38279 0.20912 12269
4 4 25 23.7523 0.432662 3.60578 0.293434 6810
4 4 26 26.0535 0.618688 4.07306 0.297091 12633
4 4 27 24.4633 0.469463 3.50442 0.3778 6717
4 4 28 23.5016 0.402646 3.3295 0.42336 7201
4 4 29 23.7525 0.419756 3.8167 0.26976 10842
4 4 30 24.7981 0.500218 4.33536 0.227334 7893
4 4 31 24.2456 0.523262 3.49 0.53619 6437
4 4 32 24.8749 0.503323 3.6724 0.257618 6377
4 4 33 24.2562 0.450853 3.97889 0.22216 6196
4 4 34 26.7077 0.504579 4.25046 0.238196 6177
4 4 35 23.0728 0.6014 3.72249 0.434115 6083
4 4 36 24.5828 0.497634 3.81839 0.430126 7192
4 4 37 24.4862 0.551602 3.47929 0.298045 9020
4 4 38 24.9734 0.500027 4.05685 0.396266 5431
4 4 39 25.903 0.576526 4.29516 0.314244 6018
4 4 40 23.674 0.493274 3.92893 0.28804 8858
4 4 41 26.4349 0.618717 3.32584 0.446289 2638
4 4 42 25.4213 0.64354 2.23494 0.243738 389
4 4 43 24.4215 0.447174 3.70981 0.22964 9327
4 4 44 27.1803 0.632893 3.50295 0.589353 2104
4 4 45 24.2854 0.490915 4.00343 0.285042 6097
4 4 46 25.2411 0.572924 3.61964 0.527733 10804
4 4 47 24.7411 -3 0 0 20
4 4 48 25.667 0.50145 4.15416 0.270961 3652
4 4 49 23.6551 0.424382 3.60791 0.358472 8811
4 4 50 24.0965 0.67991 4.14035 0.376664 5911
4 4 51 24.8411 0.48272 4.32717 0.215199 7597
4 4 52 24.4518 0.48262 3.31958 0.357927 6915
4 4 53 24.3006 0.514485 4.71172 0.229042 5394
4 4 54 24.8401 0.465089 3.82715 0.261458 6148
4 4 55 26.3268 0.577375 3.88684 0.65816 4222
4 4 56 23.4843 0.630103 4.66159 0.334669 6810
4 4 57 24.6649 0.535576 4.24984 0.265157 7287
4 4 58 23.8106 0.44209 3.88393 0.32738 7063
4 4 59 23.8287 0.523905 3.7549 0.43918 10412
4 4 60 23.7978 0.531151 4.20013 0.273017 6067
4 4 61 25.5318 0.54912 4.87295 0.197344 5682
4 4 62 23.906 0.539255 4.80366 0.279768 9440
4 4 63 23.2393 0.474103 3.31184 0.41035 7403
4 5 0 17.8047 0.280905 2.9571 0.519664 12622
4 5 1 18.098 0.259741 2.69975 0.525072 16345
4 5 2 18.2226 0.274156 2.41772 0.622706 16139
4 5 3 18.2074 0.265434 2.44857 0.41036 18026
4 5 4 18.1527 0.295398 2.13178 0.625953 17560
4 5 5 17.7548 0.305117 2.42204 0.364296 16913
4 5 6 18.2384 0.246371 2.43618 0.621795 17067
4 5 7 18.3349 0.610923 1.12719 0.420039 242
4 5 8 18.2642 0.301991 2.17618 0.804423 16652
4 5 9 18.1841 0.285918 2.91182 0.445045 17460
4 5 10 19.3267 0.489606 2.48969 0.556267 2240
4 5 11 18.2405 0.274573 2.19323 0.452762 17909
4 5 12 18.5989 0.285295 2.32807 0.559851 17828
4 5 13 18.1218 0.45297 1.30344 0.446634 504
4 5 14 18.0308 0.275419 2.83123 0.361825 16942
4 5 15 18.2711 0.285298 2.52473 0.338384 19404
4 5 16 18.3465 0.31131 3.44428 0.436583 12850
4 5 17 18.302 0.264896 2.75219 0.440244 18404
4 5 18 18.2578 0.306337 2.5087 0.297359 18586
4 5 19 18.5046 0.295139 3.25535 0.459639 14814
4 5 20 18.1483 0.260625 2.50834 0.369369 19909
4 5 21 18.297 0.27156 2.54658 0.410809 16711
4 5 22 18.1553 0.321129 3.11352 0.433127 11043
4 5 23 18.6621 0.277209 2.74622 0.492235 20123
4 5 24 18.8667 0.528336 2.51675 0.447721 693
4 5 25 19.4601 0.516003 1.07655 0.708653 283
4 5 26 18.0767 0.283876 2.84844 0.40338 18383
4 5 27 18.5023 0.24838 2.34267 0.419111 20679
4 5 28 18.4077 0.298364 3.30524 0.311608 15315
4 5 29 20.5091 0.569704 0.841118 0.763319 793
4 5 30 18.5635 0.281925 2.49249 0.341198 19938
4 5 31 19.6132 0.277885 2.87154 0.49843 26754
4 5 32 18.3431 -3 0 0 160
4 5 33 18.6823 0.280399 2.42513 0.26474 23354
4 5 34 17.6885 0.320779 3.03442 0.414936 11483
4 5 35 18.9283 0.271193 2.69227 0.487499 26639
4 5 36 18.0255 0.268196 2.79955 0.400075 23206
4 5 37 18.728 0.252306 2.4863 0.345076 21121
4 5 38 18.1067 0.311169 2.79959 0.438275 18392
4 5 39 19.3378 0.275074 2.76417 0.423439 29200
4 5 40 18.1874 0.27861 2.28641 0.416287 21887
4 5 41 17.6366 0.312834 2.91343 0.461939 13730
4 5 42 17.8528 0.286502 2.64268 0.341225 14970
4 5 43 18.5562 0.286733 2.35458 0.418636 21064
4 5 44 19.9146 0.459225 2.47719 0.783809 7461
4 5 45 18.1388 0.289142 2.45252 0.349018 24631
4 5 46 19.1621 0.252143 2.74848 0.470148 20926
4 5 47 18.0117 0.255303 3.06602 0.310135 30486
4 5 48 18.6225 0.265027 2.38556 0.286962 24103
4 5 49 18.2701 0.28909 2.39017 0.268062 22748
4 5 50 17.5457 0.32416 2.49813 0.588019 14498
4 5 51 18.3028 0.270692 2.58245 0.319102 28066
4 5 52 17.9238 0.240361 2.25353 0.541961 17923
4 5 53 17.8547 0.318504 3.02795 0.408779 16114
4 5 54 18.5348 0.34045 2.74702 0.665691 10999
4 5 55 18.5086 0.286646 2.46257 0.353331 23564
4 5 56 18.249 0.318606 2.636 0.291756 28119
4 5 57 18.1864 0.305888 2.84612 0.302508 28016
4 5 58 18.2651 0.294361 2.40521 0.41379 24797
4 5 59 17.6949 0.259608 2.81379 0.405888 22864
4 5 60 17.7182 0.328742 3.00536 0.308556 30254
4 5 61 18.4214 0.280229 3.12157 0.328351 26588
4 5 62 17.9223 0.266365 2.76891 0.274416 23410
4 5 63 17.474 0.304901 2.12788 0.663345 24412
4 6 0 18.5499 0.394993 3.33824 0.270465 14554
4 6 1 17.4026 0.412822 2.88834 0.376824 8705
4 6 2 18.4337 0.430857 2.27945 0.560498 11970
4 6 3 17.6782 0.448218 2.30049 0.43808 5661
4 6 4 18.6162 0.401197 2.12937 0.430131 8850
4 6 5 18.4296 -3 0 0 9661
4 6 6 19.1489 0.357713 2.54671 0.346631 11042
4 6 7 18.8641 0.492213 1.91778 0.793004 7346
4 6 8 18.4273 0.453467 2.15703 0.646171 9878
4 6 9 17.5243 0.490207 2.63252 0.373342 6025
4 6 10 18.4138 0.423138 2.48921 0.325037 8688
4 6 11 17.6311 0.428212 2.4156 0.552238 6010
4 6 12 18.3057 0.440089 2.39748 0.344391 9179
4 6 13 18.876 0.428803 1.96403 0.56536 6981
4 6 14 18.0949 0.530151 2.78084 0.270788 12684
4 6 15 18.3371 0.534289 2.84493 0.30446 7520
4 6 16 18.3619 0.402262 3.12143 0.363571 8583
4 6 17 18.7714 0.37304 2.35207 0.348233 10219
4 6 18 17.6874 0.494519 2.38492 0.387681 5273
4 6 19 18.3472 0.557242 2.02193 0.542835 7024
4 6 20 18.3256 0.537401 2.74455 0.419699 8104
4 6 21 18.2411 0.438182 2.67723 0.336745 10172
4 6 22 19.5897 0.399768 2.24578 0.387547 7970
4 6 23 19.3798 0.339701 2.37412 0.396734 8402
4 6 24 17.8266 0.38661 2.57202 0.412038 7691
4 6 25 18.6338 0.532109 2.20937 0.471667 6959
4 6 26 18.2202 0.456448 2.8574 0.198467 11108
4 6 27 19.7979 0.407227 2.42198 0.370404 6141
4 6 28 17.572 0.449794 2.45194 0.409351 3984
4 6 29 17.7856 0.617494 2.45892 0.610042 6347
4 6 30 18.4935 0.432677 2.31581 0.386143 7620
4 6 31 19.8392 0.472498 2.74924 0.390447 4670
4 6 32 18.7491 0.595095 2.3249 0.38092 6298
4 6 33 18.4572 0.628974 2.47331 0.539624 2258
4 6 34 18.4296 -3 0 0 7495
4 6 35 18.6657 0.446738 2.43376 0.369049 6068
4 6 36 18.3603 0.459344 2.49101 0.617941 5215
4 6 37 18.4142 0.826499 2.57407 0.435175 7607
4 6 38 19.0108 0.423848 2.43668 0.502018 5763
4 6 39 18.8585 0.503398 2.87696 0.513558 6243
4 6 40 23 -2 0 0 418
4 6 41 18.9801 0.428216 2.00345 0.292458 5738
4 6 42 17.9453 0.436714 2.46721 0.472703 5692
4 6 43 18.3696 0.465918 2.46684 0.390138 8353
4 6 44 18.8399 0.37658 2.05722 0.413777 5734
4 6 45 18.3177 0.433681 2.28269 0.344703 6673
4 6 46 17.118 0.432895 2.50671 0.507338 6887
4 6 47 19.5191 0.623516 3.19053 0.341255 2302
4 6 48 19.2129 0.585837 2.47862 0.338526 235
4 6 49 19.4379 0.789785 1.92402 0.497628 253
4 6 50 18.4296 -3 0 0 43
4 6 51 18.4845 0.385932 2.69259 0.376261 5025
4 6 52 18.6103 0.535645 2.56948 0.311922 7866
4 6 53 17.6266 0.48319 2.85207 0.394028 5344
4 6 54 18.7093 0.367285 2.58128 0.337253 6666
4 6 55 18.8909 0.435221 2.30512 0.520144 6985
4 6 56 18.024 0.535358 2.93345 0.373455 2969
4 6 57 18.1992 0.414173 2.74522 0.303563 6447
4 6 58 18.4296 -3 0 0 144
4 6 59 25 -2 0 0 461
4 6 60 18.0232 0.363409 2.07683 0.506199 5995
4 6 61 18.775 0.398792 2.84585 0.376931 7489
4 6 62 18.0329 0.518633 2.91443 0.365189 4188
4 6 63 17.5647 0.39943 2.19051 0.597704 6800
4 7 0 15.5796 0.461887 2.64293 0.411223 4920
4 7 1 19 -2 0 0 6893
4 7 2 17.2294 0.450657 2.56951 0.522734 7936
4 7 3 20 -2 0 0 6936
4 7 4 16.1884 0.724212 1.15029 0.375251 377
4 7 5 17.7491 0.342556 2.62828 0.363418 8563
4 7 6 18.0133 0.307658 2.43284 0.359418 8040
4 7 7 18.0844 0.315731 2.39124 0.395861 8712
4 7 8 16.9691 -3 0 0 170
4 7 9 15.4109 0.566874 1.76289 0.957677 5998
4 7 10 22 -2 0 0 7717
4 7 11 17.825 0.394816 2.03389 0.589912 9252
4 7 12 16.9691 -3 0 0 143
4 7 13 17.5733 0.337186 1.94805 0.510885 8883
4 7 14 15.0743 0.673453 1.42291 0.527117 208
4 7 15 17.785 0.396808 2.02098 0.496986 8709
4 7 16 18.0129 0.326329 2.63893 0.293566 8320
4 7 17 18.0239 0.329186 2.07129 0.644009 8601
4 7 18 16.8319 0.507362 2.50554 0.36742 9384
4 7 19 18.0841 0.419023 2.3895 0.387365 9721
4 7 20 14.7841 0.389905 1.89912 0.488343 8184
4 7 21 17.6886 0.321334 2.42783 0.478913 8004
4 7 22 15.4078 0.531865 1.78303 0.348155 5307
4 7 23 17.9952 0.287216 2.1808 0.436465 9508
4 7 24 17.5425 0.433621 2.60531 0.455279 8396
4 7 25 16.9985 0.280644 2.14324 0.322648 9676
4 7 26 18.4134 0.354647 2.31822 0.469482 9343
4 7 27 18.0218 0.31777 2.09676 0.422567 9949
4 7 28 15.5052 0.379496 1.57745 0.666675 8345
4 7 29 18.6213 0.340517 2.04174 0.526116 9515
4 7 30 15.3256 0.384267 1.82156 0.555013 8639
4 7 31 15.6732 0.323319 2.00652 0.388047 12538
4 7 32 15.7482 0.357298 1.7765 0.500944 10716
4 7 33 16.0347 0.340679 1.70372 0.558628 9423
4 7 34 15.2297 0.425672 1.98653 0.532808 8395
4 7 35 21 -2 0 0 11642
4 7 36 16.0906 0.328291 1.97592 0.431381 9626
4 7 37 18.1912 0.336575 2.00163 0.593571 10680
4 7 38 17.1128 0.39392 2.21498 0.506137 14098
4 7 39 15.0108 0.411289 2.14322 0.526475 14225
4 7 40 18.4105 0.298365 2.26141 0.514921 10891
4 7 41 15.7765 0.418428 1.71165 0.692433 10514
4 7 42 18.4505 0.327854 2.0722 0.540998 12319
4 7 43 18.142 0.34073 1.86817 0.627244 10508
4 7 44 17.5267 0.362758 2.38677 0.383482 14200
4 7 45 18.5745 0.338785 1.96741 0.55964 12866
4 7 46 17.7515 0.431081 2.37318 0.532229 10967
4 7 47 19.1939 0.346825 3.19976 0.432566 18745
4 7 48 15.673 0.338573 1.77384 0.609827 9919
4 7 49 15.8558 0.374756 1.98257 0.550206 10675
4 7 50 15.4108 0.384682 1.84129 0.506607 12039
4 7 51 15.7306 0.401113 1.97384 0.622541 12590
4 7 52 17.6939 0.318899 2.09873 0.495995 11676
4 7 53 16.3181 0.309301 2.2054 0.460603 15573
4 7 54 17.4592 0.477883 2.12922 0.616539 14413
4 7 55 17.3422 0.382928 2.34424 0.357612 13450
4 7 56 17.5648 0.3452 2.66513 0.357338 16510
4 7 57 17.483 0.325157 2.54413 0.403395 16214
4 7 58 16.9691 -3 0 0 12120
4 7 59 17.3792 0.345585 2.40649 0.345968 12244
4 7 60 17.4154 0.300891 2.70397 0.264716 17106
4 7 61 17.5982 0.292039 2.75881 0.360237 16009
4 7 62 17.7287 0.314572 2.1458 0.743035 13626
4 7 63 17.3697 0.314895 2.18419 0.402284 13588
4 8 0 22.0221 0.745789 3.44596 0.55388 6154
4 8 1 23.7942 0.509948 3.35912 0.509811 3181
4 8 2 23.0342 0.450984 3.33421 0.346589 6283
4 8 3 23.3012 0.46559 3.09277 0.425218 7308
4 8 4 21.9721 0.55179 3.35714 0.509955 4497
4 8 5 23.5745 0.860254 3.54113 0.386863 3355
4 8 6 23.0171 0.428546 3.51689 0.33621 6428
4 8 7 22.5525 0.432322 3.84589 0.226556 8425
4 8 8 23.5274 0.485486 3.57685 0.370771 3434
4 8 9 23.0031 0.479031 3.39656 0.38784 7072
4 8 10 21.9056 0.412941 3.1077 0.288959 7495
4 8 11 22.9767 0.429624 3.48899 0.275703 6450
4 8 12 23.496 0.70012 3.20129 0.452205 3460
4 8 13 22.1532 0.386045 3.07332 0.321772 8706
4 8 14 22.73 0.392672 3.47075 0.298474 6081
4 8 15 22.7199 0.596085 3.30011 0.466967 4969
4 8 16 22.0413 0.428481 3.73675 0.176251 9411
4 8 17 22.7936 0.412037 3.30911 0.389796 6722
4 8 18 21.969 0.434553 3.20797 0.281856 7803
4 8 19 23.0202 0.463397 3.38894 0.411359 6547
4 8 20 23.6055 0.508648 3.57186 0.288693 4835
4 8 21 22.377 0.497741 3.3803 0.261993 7101
4 8 22 23.8832 0.739661 3.01915 0.502854 3535
4 8 23 23.4048 0.471345 3.36336 0.353301 4834
4 8 24 22.6598 0.43752 3.14028 0.312419 6305
4 8 25 23.5781 0.499817 3.86228 0.202521 11671
4 8 26 23.6516 0.527343 3.28995 0.498955 4330
4 8 27 23.0263 0.541092 3.14438 0.623631 5265
4 8 28 22.3625 0.421942 3.06604 0.360079 9647
4 8 29 22.4436 0.396636 3.38547 0.232872 7781
4 8 30 22.9475 0.477547 3.12421 0.338304 8329
4 8 31 24.0723 0.484458 4.19342 0.206181 7537
4 8 32 22.9345 0.418414 3.42421 0.343176 6774
4 8 33 23.4289 0.581255 3.48034 0.336876 6052
4 8 34 23.2907 0.608914 4.1779 0.350679 4607
4 8 35 24.0569 0.519213 3.84345 0.220481 8280
4 8 36 21.8501 0.412627 3.19166 0.237593 9722
4 8 37 22.7749 0.441613 3.04833 0.512781 8206
4 8 38 23.5781 0.502009 3.82518 0.201231 14115
4 8 39 23.4017 0.475546 4.44503 0.147494 8660
4 8 40 24.277 0.732871 2.90835 0.645749 5016
4 8 41 22.5351 0.498628 3.69125 0.258411 7250
4 8 42 22.7934 0.493468 3.20741 0.352276 9711
4 8 43 22.8921 0.463828 3.32749 0.413369 5514
4 8 44 21.4569 0.376041 3.3514 0.16018 13295
4 8 45 23.5103 0.468072 3.32899 0.378175 7406
4 8 46 22.9676 0.467808 3.74701 0.355787 5201
4 8 47 22.388 0.453616 4.22006 0.100912 16887
4 8 48 23.5651 0.452922 3.69388 0.214999 6562
4 8 49 23.6485 0.482054 3.53274 0.405486 5762
4 8 50 21.6776 0.542309 3.68505 0.244576 8219
4 8 51 22.0064 0.407264 4.17048 0.149657 10947
4 8 52 22.3509 0.452084 3.33445 0.32868 8251
4 8 53 24.0729 0.590233 3.96448 0.289796 14056
4 8 54 21.214 0.408044 3.17067 0.31514 11429
4 8 55 20.9781 0.464395 3.78006 0.192051 10093
4 8 56 23.2263 0.486888 4.04334 0.296793 8472
4 8 57 22.3107 0.422529 3.87466 0.319888 11572
4 8 58 22.0543 0.401626 3.20479 0.33861 10064
4 8 59 22.3655 0.391811 3.41946 0.373342 8083
4 8 60 21.3468 0.452223 3.75233 0.231595 9595
4 8 61 22.3711 0.457798 3.62904 0.17743 10996
4 8 62 22.4461 0.471003 3.72663 0.295645 6599
4 8 63 19.8971 0.39191 2.99266 0.30109 10828
4 9 0 22.9218 0.558926 3.64925 0.265082 7318
4 9 1 22.4575 0.522599 3.49731 0.306726 8442
4 9 2 23.0419 0.52407 3.84203 0.402513 4923
4 9 3 22.2433 0.414572 2.81223 0.346855 5126
4 9 4 22.4563 0.493311 3.17942 0.331207 3749
4 9 5 22.1755 0.577937 3.24381 0.373096 3751
4 9 6 22.9226 0.543339 3.4826 0.29595 5081
4 9 7 22.4262 0.450068 3.002 0.265003 4518
4 9 8 22.6919 0.507416 2.96693 0.292317 4365
4 9 9 22.7533 0.448387 3.27493 0.425353 5317
4 9 10 24.1198 0.615832 3.37506 0.494068 3156
4 9 11 23.3631 0.676491 3.30922 0.361596 3754
4 9 12 22.7169 -3 0 0 3253
4 9 13 22.7601 0.730055 3.00346 0.469247 2518
4 9 14 21.7625 0.500615 3.60368 0.211365 8342
4 9 15 22.6867 0.524015 2.95469 0.413583 4385
4 9 16 22.453 0.491625 3.26077 0.346142 4679
4 9 17 22.9284 0.493386 3.26734 0.414744 4403
4 9 18 22.1279 0.656099 3.18216 0.404557 3287
4 9 19 23.3525 0.453257 2.60802 0.692108 4029
4 9 20 23.6903 0.542158 3.23282 0.504205 3074
4 9 21 21.3387 0.700075 3.79871 0.199711 6688
4 9 22 22.7031 0.502551 2.65296 0.447331 4329
4 9 23 23.1251 0.537002 3.53966 0.257487 3513
4 9 24 22.5498 0.52168 2.74102 0.484482 6118
4 9 25 22.5703 0.638644 3.15456 0.471831 2320
4 9 26 24.4359 0.544596 3.36684 0.4639 4621
4 9 27 24.181 0.642897 2.85512 0.282132 2716
4 9 28 22.7598 0.671289 3.24983 0.355214 2637
4 9 29 22.4662 0.468992 3.56826 0.240142 5566
4 9 30 23.1652 0.552914 3.0843 0.438939 2855
4 9 31 23.7208 1.08684 3.251 0.341303 2195
4 9 32 21.9999 0.611864 2.74214 0.425046 3673
4 9 33 22.621 0.568496 3.08811 0.491124 2477
4 9 34 22.7815 0.484522 3.26851 0.306957 4752
4 9 35 22.546 0.611195 2.88805 0.337737 3466
4 9 36 23.2992 0.502542 2.73838 0.339769 2714
4 9 37 21.6635 0.602762 3.39635 0.404548 4603
4 9 38 23.0622 0.58646 3.32739 0.331699 3041
4 9 39 23.0401 0.477335 3.33415 0.501707 2459
4 9 40 23.2498 0.478911 2.95081 0.348064 3038
4 9 41 22.7883 0.578258 3.17863 0.335235 1906
4 9 42 23.3368 0.570194 2.76694 0.532086 2496
4 9 43 22.3951 0.697763 3.06941 0.432139 3851
4 9 44 23.1474 0.584863 3.47607 0.214581 1796
4 9 45 22.8712 0.512319 3.04972 0.366584 1959
4 9 46 23.2333 0.490729 3.30923 0.409442 3999
4 9 47 22.184 0.533822 3.16414 0.340224 3125
4 9 48 22.486 0.597092 2.85147 0.425628 3984
4 9 49 22.6212 0.51864 2.8328 0.398768 4092
4 9 50 21.838 0.503813 3.02158 0.348305 3568
4 9 51 22.2674 0.589932 3.04088 0.50775 3535
4 9 52 22.4306 0.531274 2.56127 0.393985 5195
4 9 53 22.7721 0.522973 2.73352 0.521266 3175
4 9 54 23.0299 0.579642 3.0665 0.346735 2027
4 9 55 22.5646 1.04062 3.31924 0.386543 4258
4 9 56 22.7169 -3 0 0 45
4 9 57 21.9634 0.496716 2.97637 0.30833 4491
4 9 58 22.7583 0.515187 3.34084 0.257701 2071
4 9 59 20.9167 0.567145 3.1005 0.301284 6069
4 9 60 21.3486 0.931123 3.08569 0.574268 3764
4 9 61 22.1843 0.560484 2.66571 0.477143 4880
4 9 62 21.5863 0.489844 3.03028 0.354677 4838
4 9 63 21.9566 0.513432 2.92006 0.334109 4118
4 10 0 17.8233 0.309328 3.14283 0.278773 12242
4 10 1 18.3888 0.266619 2.62153 0.394149 16602
4 10 2 18.4334 0.303185 2.8095 0.279452 17483
4 10 3 18.4149 0.316138 2.55469 0.398984 20699
4 10 4 18.4852 -3 0 0 19330
4 10 5 18.3819 0.262912 2.48018 0.305743 19088
4 10 6 18.1183 0.271738 2.72362 0.434429 13202
4 10 7 17.9123 0.289091 2.63715 0.405242 20344
4 10 8 16.8532 0.344228 2.51712 0.421778 14835
4 10 9 18.7841 0.275973 2.69857 0.426465 20655
4 10 10 17.936 0.295979 2.77703 0.354041 16616
4 10 11 18.0045 0.287938 2.48581 0.536148 14773
4 10 12 17.9956 0.285745 2.42063 0.437216 15881
4 10 13 18.7442 0.274321 2.46491 0.428365 23166
4 10 14 17.9978 0.338515 2.77775 0.359537 13887
4 10 15 17.3003 0.280546 2.22875 0.383478 17285
4 10 16 19.2671 0.283757 3.02457 0.446959 25977
4 10 17 18.0068 0.281789 2.18704 0.602626 13576
4 10 18 17.531 0.34415 2.81434 0.531358 15469
4 10 19 18.9121 0.257376 2.65007 0.374072 26684
4 10 20 17.655 0.278347 2.33124 0.385736 15878
4 10 21 17.9767 0.273141 2.58595 0.585556 15293
4 10 22 17.5169 0.351381 2.3985 0.463319 18634
4 10 23 17.9703 0.345757 2.0808 0.70746 14995
4 10 24 17.9725 0.269978 2.32604 0.514644 13684
4 10 25 18.9226 0.26351 2.77256 0.226904 28379
4 10 26 18.2808 0.283409 2.71083 0.339781 13951
4 10 27 18.8854 0.275587 2.50692 0.496649 22225
4 10 28 17.9945 0.311379 2.49831 0.449632 17745
4 10 29 18.8263 0.291389 2.51951 0.282128 18241
4 10 30 19.056 0.290323 2.36056 0.361625 20942
4 10 31 18.9366 0.271607 2.7159 0.305204 28444
4 10 32 18.8712 0.252468 2.458 0.3667 24807
4 10 33 18.1797 0.264141 2.3675 0.398691 19154
4 10 34 18.4852 -3 0 0 14520
4 10 35 18.6566 0.28978 2.86785 0.373479 28320
4 10 36 18.8237 0.271352 2.33286 0.345467 21712
4 10 37 18.3318 0.234147 2.31543 0.617919 16360
4 10 38 19.3615 0.247709 2.72305 0.420775 28637
4 10 39 19.3659 0.282244 2.89752 0.52665 24488
4 10 40 18.8549 0.256993 2.40698 0.37178 21229
4 10 41 18.1396 0.2633 2.30555 0.406632 20346
4 10 42 18.6696 0.29158 2.39432 0.297903 21320
4 10 43 19.1665 0.230014 2.38132 0.535155 18498
4 10 44 17.9251 0.237834 2.23991 0.616379 21761
4 10 45 19.0355 0.25596 2.44692 0.639081 23945
4 10 46 18.9725 0.280253 2.62849 0.359225 17860
4 10 47 18.358 0.288082 3.16949 0.300689 25755
4 10 48 18.4812 0.252968 2.33428 0.381664 22035
4 10 49 19.4577 0.312734 2.57336 0.755814 19545
4 10 50 18.892 0.233987 2.51738 0.505588 23816
4 10 51 18.2466 0.295922 2.64688 0.47059 17017
4 10 52 18.4852 -3 0 0 15390
4 10 53 18.425 0.294947 2.73691 0.379847 26767
4 10 54 17.6188 0.272521 2.18303 0.438853 20469
4 10 55 18.9055 0.253642 2.57027 0.383446 18819
4 10 56 18.6467 0.254332 2.72212 0.397447 22938
4 10 57 18.4395 0.284068 2.6317 0.462519 22264
4 10 58 18.2764 0.261498 2.40826 0.43775 21474
4 10 59 18.7716 0.239556 2.56215 0.412515 18222
4 10 60 18.0697 0.277038 2.86023 0.35385 25315
4 10 61 18.3551 0.299496 3.01962 0.519334 20720
4 10 62 18.3926 0.270598 2.54113 0.579788 18824
4 10 63 18.0688 0.257876 2.51252 0.311714 19923
4 11 0 21.7342 0.370672 3.9835 0.165654 18450
4 11 1 21.8117 0.370705 3.76275 0.141844 15598
4 11 2 23.0486 0.414219 3.22176 0.515175 13298
4 11 3 21.9527 0.443634 3.2063 0.27323 8783
4 11 4 22.8771 0.435268 3.30542 0.359367 9891
4 11 5 22.71 0.394202 2.95434 0.38406 10550
4 11 6 23.1896 0.409363 3.34482 0.445745 7735
4 11 7 22.0279 0.339009 3.39032 0.31916 7163
4 11 8 22.0751 0.43569 3.30782 0.398008 8918
4 11 9 22.7109 0.572978 3.18666 0.464514 9772
4 11 10 24.0013 0.476629 3.89051 0.429702 4989
4 11 11 22.1888 0.402508 2.86158 0.476864 11488
4 11 12 22.8474 0.487705 3.23897 0.42526 7168
4 11 13 21.9729 0.458918 2.84889 0.575711 5804
4 11 14 22.2825 0.394374 3.78266 0.19628 15961
4 11 15 22.2364 0.387473 3.01225 0.44443 6567
4 11 16 22.9641 0.391732 3.63719 0.376135 4765
4 11 17 22.1 0.38207 3.12218 0.294901 10756
4 11 18 22.3352 0.509632 3.47701 0.396744 9759
4 11 19 22.9213 0.38285 3.27351 0.317617 5805
4 11 20 23.4828 0.371828 3.24281 0.330311 7094
4 11 21 22.9252 0.483471 3.24549 0.408774 10858
4 11 22 22.9714 0.453795 2.57404 0.704188 5734
4 11 23 22.3573 0.358215 3.11631 0.251128 11629
4 11 24 22.4936 0.356953 3.09986 0.268849 14541
4 11 25 23.1579 0.419935 3.46467 0.36376 4962
4 11 26 22.924 0.398807 3.88209 0.22255 12064
4 11 27 22.1192 0.3902 3.27284 0.290281 8309
4 11 28 22.3955 0.41325 2.71355 0.487665 7783
4 11 29 22.3508 0.377144 2.78587 0.292196 14170
4 11 30 22.0669 0.393565 2.81215 0.538508 7127
4 11 31 22.8093 0.418315 3.28065 0.409 5072
4 11 32 22.6576 0.436502 3.33757 0.339732 5493
4 11 33 22.8642 0.446608 3.01183 0.563768 6235
4 11 34 21.7799 0.432925 3.81909 0.185088 12626
4 11 35 23.0406 0.438472 3.24258 0.738584 4825
4 11 36 22.5113 0.456222 3.38887 0.295606 6567
4 11 37 22.6011 0.485824 3.62157 0.246474 7752
4 11 38 23.1332 0.411281 3.25609 0.498685 4856
4 11 39 21.919 0.421476 3.32803 0.307277 8788
4 11 40 22.481 0.37081 3.14973 0.261294 9965
4 11 41 21.3852 0.492901 2.8033 0.411374 7830
4 11 42 22.0881 0.442955 3.63231 0.198593 6549
4 11 43 22.5608 0.399814 3.28351 0.318086 9661
4 11 44 27 -2 0 0 5314
4 11 45 22.5924 0.41926 3.07946 0.330787 8083
4 11 46 22.6306 0.384373 3.59595 0.2355 11456
4 11 47 29 -2 0 0 6975
4 11 48 22.4594 0.624798 3.14977 0.611776 9102
4 11 49 22.5125 0.433232 3.49506 0.263495 7336
4 11 50 21.673 0.523814 3.45824 0.272308 5893
4 11 51 22.2589 0.383126 3.45855 0.268117 11365
4 11 52 22.7918 0.464166 3.24465 0.709607 9100
4 11 53 22.0522 0.448963 3.34261 0.460255 4635
4 11 54 21.9065 0.356004 3.35582 0.214463 6677
4 11 55 21.5955 0.370791 3.21115 0.261365 9473
4 11 56 22.4659 0.374045 3.44906 0.407515 6932
4 11 57 21.3342 0.505829 3.99673 0.183669 10445
4 11 58 22.0126 0.476874 3.02805 0.590974 8943
4 11 59 22.5556 0.436574 4.13558 0.255245 9620
4 11 60 22.4848 0.354469 3.22875 0.312046 7781
4 11 61 22.5841 0.469068 3.81947 0.385395 9372
4 11 62 21.2137 0.379591 3.71457 0.164343 14510
4 11 63 21.193 0.370325 3.1701 0.274493 10672
4 12 0 23.0659 0.364472 3.8231 0.378733 12729
4 12 1 21.9703 0.404447 3.88806 0.294396 14249
4 12 2 21.0607 0.360176 3.58571 0.233103 19780
4 12 3 21.624 0.365607 3.45538 0.255781 13622
4 12 4 21.5347 0.327943 3.1631 0.394437 13682
4 12 5 22.2046 0.340074 3.25534 0.317479 12692
4 12 6 21.9094 0.340821 3.73156 0.27309 19012
4 12 7 24.105 0.375985 4.36311 0.235173 14357
4 12 8 22.1853 0.380893 3.54918 0.341254 12909
4 12 9 22.975 0.418605 3.66617 0.398394 16337
4 12 10 22.5357 0.367377 3.72685 0.211021 16073
4 12 11 21.4252 0.296999 3.08423 0.342294 15719
4 12 12 21.8064 0.361575 3.40488 0.33224 13166
4 12 13 23.6366 0.400294 3.63021 0.332632 13112
4 12 14 22.3212 -3 0 0 10796
4 12 15 21.2721 0.348844 3.28071 0.261388 14401
4 12 16 21.9998 0.34535 3.86799 0.330229 28210
4 12 17 22.0754 0.33534 3.45695 0.303104 10855
4 12 18 22.2119 0.34639 3.29131 0.365692 12123
4 12 19 24.8129 0.44926 4.08636 0.676754 15242
4 12 20 21.8823 0.394292 3.47139 0.191362 11463
4 12 21 21.8079 0.315673 3.54116 0.202052 21534
4 12 22 21.8905 0.389185 3.5236 0.300434 14156
4 12 23 22.7337 0.352904 3.09681 0.719337 9641
4 12 24 22.7443 0.389219 3.24117 0.514111 12122
4 12 25 22.4197 0.343682 3.28778 0.371355 21065
4 12 26 23.1644 0.359719 3.54885 0.339607 11138
4 12 27 22.3163 0.328598 3.66849 0.266188 11937
4 12 28 22.0583 0.317993 3.29983 0.491202 12929
4 12 29 22.8705 0.423176 3.88774 0.288578 9717
4 12 30 22.3315 0.342832 3.366 0.292528 12393
4 12 31 22.0214 0.329488 3.5594 0.263522 18506
4 12 32 22.3599 0.390016 3.56259 0.411546 10887
4 12 33 22.8187 0.335369 3.33805 0.395395 11498
4 12 34 21.2949 0.372485 3.61843 0.206599 14735
4 12 35 22.8726 0.370965 3.87887 0.187823 11943
4 12 36 22.4895 0.350704 3.62048 0.313996 10390
4 12 37 22.1162 0.324532 3.10975 0.324955 10906
4 12 38 22.2534 0.335751 3.4379 0.248807 15658
4 12 39 21.2547 0.327651 3.87331 0.284654 12823
4 12 40 22.0588 0.382919 3.39575 0.344862 10975
4 12 41 23.0812 0.348974 3.58938 0.316708 11247
4 12 42 21.7546 0.423924 3.65952 0.324396 9448
4 12 43 22.0227 0.397735 3.48621 0.291119 9606
4 12 44 23.5067 0.360988 3.48774 0.490252 8902
4 12 45 22.691 0.330647 3.5188 0.293258 10598
4 12 46 21.9314 0.397371 3.57842 0.290844 12824
4 12 47 23.3198 0.392783 3.90472 0.268196 10925
4 12 48 22.3936 0.32879 3.33684 0.330111 13989
4 12 49 22.2743 0.310022 3.22853 0.454518 12163
4 12 50 22.2041 0.349763 3.25679 0.431277 13389
4 12 51 22.038 0.369579 3.88499 0.320475 8163
4 12 52 21.7805 0.37813 3.37106 0.287266 11788
4 12 53 22.9201 0.353087 3.81686 0.350957 8861
4 12 54 21.8571 0.305809 3.40138 0.22699 9520
4 12 55 21.1271 0.393427 3.37602 0.35897 8087
4 12 56 22.0237 0.397971 3.94068 0.273118 8166
4 12 57 21.8746 0.374983 3.6004 0.450765 8735
4 12 58 21.3882 0.478059 3.65651 0.315439 8614
4 12 59 22.9086 0.349395 3.77178 0.356689 8509
4 12 60 21.757 0.347531 3.46448 0.496995 9246
4 12 61 21.2974 0.362967 3.9359 0.320581 8687
4 12 62 21.7862 0.360037 3.77656 0.398229 8746
4 12 63 20.8768 0.35672 3.1172 0.337603 8865
4 13 0 21.5665 0.416601 3.54436 0.490806 7755
4 13 1 21.0133 0.574923 2.88749 0.742116 6370
4 13 2 21.5122 0.444013 3.56267 0.195463 5637
4 13 3 20.7757 0.403724 3.12018 0.347962 5718
4 13 4 20.9146 0.406779 3.29444 0.308846 5309
4 13 5 20.7811 0.388659 3.11395 0.22392 7120
4 13 6 21.0766 0.509499 2.99329 0.456771 7370
4 13 7 21.7279 0.484519 3.02897 0.431058 3301
4 13 8 21.4212 0.435065 3.0912 0.286436 5886
4 13 9 21.4106 0.519162 3.13233 0.55488 3729
4 13 10 22.0505 0.521208 3.12302 0.420762 3416
4 13 11 19.5406 0.412872 3.24101 0.255348 6649
4 13 12 20.6179 0.52642 2.65514 0.467991 6189
4 13 13 20.5755 0.464149 2.89782 0.441323 3829
4 13 14 21.9153 0.416703 3.80504 0.266792 7552
4 13 15 21.3419 0.477217 3.0558 0.284678 4275
4 13 16 21.7844 0.495819 3.00788 0.514388 3717
4 13 17 21.1756 0.487874 2.97482 0.532781 7271
4 13 18 20.4562 0.503689 2.77693 0.589572 5239
4 13 19 21.3564 0.44238 2.50941 0.612819 5173
4 13 20 21.0108 0.494297 3.15812 0.327766 5881
4 13 21 20.4463 0.410505 2.87457 0.40897 5188
4 13 22 21.1066 0.520947 2.8278 0.480832 3808
4 13 23 21.9752 0.522294 3.14702 0.418896 6516
4 13 24 21.0559 0.476529 2.92886 0.508637 8439
4 13 25 22.0646 0.473592 2.86054 0.630121 5443
4 13 26 21.176 0.713833 3.16486 0.444481 9009
4 13 27 20.9719 0.358833 2.69839 0.425002 6456
4 13 28 21.0068 0.473776 2.68973 0.34877 4265
4 13 29 21.1688 0.506735 2.89584 0.495319 8017
4 13 30 21.7512 0.438381 2.90329 0.470537 5216
4 13 31 20.5538 0.393629 2.53173 0.32568 6472
4 13 32 21.1134 0.568384 2.73024 0.504289 4418
4 13 33 20.5065 0.578383 3.48438 0.332953 5204
4 13 34 20.9532 0.396479 3.17117 0.357822 9745
4 13 35 20.8226 0.376433 2.88969 0.324809 5910
4 13 36 20.9604 0.440707 3.02378 0.355503 6145
4 13 37 21.4088 0.428904 3.11744 0.50714 7238
4 13 38 21.0076 0.491877 2.8758 0.504076 4822
4 13 39 22.0047 0.450226 3.35995 0.256607 8077
4 13 40 21.0612 0.389883 3.01212 0.392737 6878
4 13 41 21.4646 0.424432 3.04149 0.422234 4773
4 13 42 20.7316 0.496794 3.27314 0.330867 6577
4 13 43 21.2401 0.396309 3.12855 0.317566 8283
4 13 44 20.7402 0.555441 2.48135 0.574313 5522
4 13 45 20.9774 0.45879 2.66369 0.526531 5538
4 13 46 20.8921 0.409834 3.33766 0.288818 9910
4 13 47 21.6124 0.428795 3.53112 0.311396 6964
4 13 48 20.0805 0.505133 2.89874 0.406502 6281
4 13 49 21.0041 0.418681 3.1562 0.221461 7932
4 13 50 20.4106 0.395982 3.36743 0.278889 7491
4 13 51 20.5841 0.561457 3.57389 0.324401 11288
4 13 52 19.3015 0.495531 3.32415 0.321461 9362
4 13 53 21.0927 0.485839 2.95231 0.39139 7630
4 13 54 20.377 0.542622 2.71637 0.396351 6475
4 13 55 20.4404 0.474353 3.30891 0.519558 9450
4 13 56 20.8972 0.435894 3.26651 0.385988 8075
4 13 57 20.842 0.418408 3.17562 0.529666 9205
4 13 58 19.9875 0.385871 2.78766 0.265485 10080
4 13 59 20.1181 0.41146 3.30199 0.292885 11510
4 13 60 20.8557 0.388131 3.21948 0.479054 6709
4 13 61 20.8708 0.446811 4.08682 0.226062 11808
4 13 62 20.995 0.396996 3.43119 0.268217 11410
4 13 63 21.375 0.379924 3.46051 0.293182 7173
4 14 0 23.8272 0.628382 3.6804 0.285931 6566
4 14 1 22.853 0.617749 3.53035 0.297676 6720
4 14 2 24.0258 0.603506 3.89349 0.191049 6081
4 14 3 21.8803 0.637153 3.67555 0.368367 6072
4 14 4 23.7504 0.671056 3.65779 0.3511 4766
4 14 5 22.6082 0.514698 3.26061 0.349907 5750
4 14 6 24.0453 0.656816 3.8888 0.297347 6425
4 14 7 22.2897 0.515734 3.5916 0.366363 9714
4 14 8 21.9169 0.542353 3.05911 0.44782 5867
4 14 9 23.3012 0.578657 4.07304 0.21256 7006
4 14 10 24.2433 0.683926 3.95138 0.200447 7972
4 14 11 23.2568 0.92214 3.14609 0.527331 4797
4 14 12 24.0899 0.728864 3.66853 0.527519 5407
4 14 13 21.697 0.577039 3.26856 0.438319 5590
4 14 14 24.0783 0.665493 3.46656 0.351867 5011
4 14 15 23.1276 0.521996 3.40695 0.432759 5053
4 14 16 24.444 0.650323 3.84307 0.299104 8370
4 14 17 22.8615 0.542925 3.59047 0.356174 4441
4 14 18 23.9456 0.599081 3.54175 0.339971 4936
4 14 19 22.3752 0.518908 3.78707 0.250023 9176
4 14 20 22.2597 0.520392 3.47434 0.310313 4611
4 14 21 24.1737 0.669173 3.80897 0.227071 7100
4 14 22 22.3604 0.456974 3.09702 0.496262 6154
4 14 23 23.9712 0.649145 3.63739 0.342984 3744
4 14 24 24.9401 0.710117 3.28297 0.579062 4715
4 14 25 22.3436 0.551928 3.64588 0.204386 7969
4 14 26 22.4877 0.731422 3.9219 0.269998 4589
4 14 27 22.4872 0.549066 3.71156 0.414007 4449
4 14 28 22.4489 0.563803 3.64869 0.202026 4823
4 14 29 21.6584 0.974001 3.59141 0.606215 3914
4 14 30 23.7537 0.750288 3.46458 0.34548 4042
4 14 31 22.7517 0.672841 3.53414 0.245554 5269
4 14 32 23.1394 0.504169 3.66125 0.215809 3934
4 14 33 23.1052 0.482158 3.25594 0.31088 5619
4 14 34 22.4114 0.562242 3.83412 0.297951 4311
4 14 35 23.2963 0.600876 3.288 0.317939 6140
4 14 36 22.7541 0.530729 3.04565 0.540289 3908
4 14 37 23.3477 0.676481 3.77629 0.291658 3416
4 14 38 22.0878 0.530879 3.60673 0.254196 5430
4 14 39 22.3119 0.484094 3.24643 0.34792 4736
4 14 40 22.3276 0.539573 3.47633 0.368977 3532
4 14 41 22.8336 0.539947 3.18881 0.399966 3387
4 14 42 21.8059 0.499582 2.99788 0.460833 4726
4 14 43 22.5976 0.664359 3.50508 0.279019 3466
4 14 44 22.0247 0.516012 2.96418 0.263446 4861
4 14 45 23.3659 0.848736 3.10112 0.437289 3198
4 14 46 22.7808 0.84488 3.6882 0.369164 3612
4 14 47 22.096 0.53222 3.64067 0.306093 4984
4 14 48 23.6217 0.849459 2.9899 0.528863 2831
4 14 49 23.5669 0.714369 3.30402 0.460604 2918
4 14 50 22.5431 0.665437 3.63698 0.398215 2586
4 14 51 23.0192 0.898617 3.80349 0.382706 2487
4 14 52 22.0581 0.636926 3.77036 0.368301 3056
4 14 53 23.0462 0.725384 3.58655 0.35016 2499
4 14 54 23.3497 0.8242 3.1177 0.444848 2500
4 14 55 26 -2 0 0 4281
4 14 56 22.4524 0.556517 3.50051 0.267596 4532
4 14 57 21.2899 0.638494 3.60033 0.429593 4197
4 14 58 22.4631 0.808248 3.61468 0.372221 2353
4 14 59 21.2132 0.709174 3.70937 0.236258 3199
4 14 60 21.3897 0.599701 3.41969 0.279569 4692
4 14 61 23.574 0.710426 4.22336 0.330475 2475
4 14 62 22.2773 0.666122 3.74212 0.407004 2772
4 14 63 21.5015 0.473634 3.10843 0.422543 4146
4 15 0 24.2703 0.813103 3.66987 0.32611 2319
4 15 1 25.0738 0.703417 4.00212 0.336875 1949
4 15 2 23.0869 0.90069 3.33006 0.318428 3327
4 15 3 24.1656 0.656505 3.37056 0.394336 1540
4 15 4 22.5885 1.05662 3.18596 0.350333 3192
4 15 5 23.8553 0.558112 2.92081 0.492357 1931
4 15 6 22.7422 0.64491 3.22139 0.326938 2969
4 15 7 24.4139 0.775028 3.47099 0.323876 1442
4 15 8 21.9626 0.646838 2.98809 0.352044 3519
4 15 9 22.4674 0.5431 3.2741 0.226733 2831
4 15 10 23.1426 0.591866 3.01955 0.426232 2723
4 15 11 24.4184 0.870688 3.66793 0.251761 2351
4 15 12 24.6266 0.69288 3.51198 0.307677 1842
4 15 13 24.4514 0.873597 3.1252 0.324273 1696
4 15 14 24.2277 0.726513 3.24083 0.277029 3811
4 15 15 23.812 0.685369 3.18479 0.413991 1962
4 15 16 23.6084 0.753605 4.14115 0.307654 1564
4 15 17 23.2019 0.739382 3.49869 0.342712 2366
4 15 18 24.1233 0.705813 3.52297 0.260352 2948
4 15 19 24.3364 0.787201 3.49279 0.463861 2891
4 15 20 24.034 0.638429 3.57853 0.431566 2255
4 15 21 25.7315 1.05904 3.45729 0.418947 1825
4 15 22 23.6134 0.601161 2.94105 0.283774 2593
4 15 23 23.7037 0.646762 3.1948 0.322863 3780
4 15 24 23.7381 0.638735 3.58949 0.338663 2271
4 15 25 22.8068 1.08389 3.6052 0.365374 2769
4 15 26 23.5165 0.614513 4.00602 0.271235 2874
4 15 27 25.0744 0.828271 3.28644 0.320682 1993
4 15 28 23.7783 0.590473 2.80424 0.501643 1970
4 15 29 23.4276 0.614175 3.53353 0.258101 2976
4 15 30 23.9946 0.732808 3.6048 0.241787 2288
4 15 31 22.9155 3.60257 3.79402 0.336377 2082
4 15 32 22.1313 0.549466 3.04455 0.415313 2328
4 15 33 23.0293 0.763018 3.14281 0.360518 2477
4 15 34 24.2834 0.694273 4.03875 0.235703 3205
4 15 35 23.2679 0.571067 2.63555 0.37063 3333
4 15 36 24.6596 0.84008 3.46107 0.327928 2394
4 15 37 23.2025 0.697543 2.85649 0.582274 3162
4 15 38 23.2269 0.782203 3.08599 0.378967 2545
4 15 39 24.6297 0.793092 3.4761 0.339405 4784
4 15 40 23.2135 0.7678 3.70588 0.273864 2834
4 15 41 23.6336 0.728455 3.28526 0.361057 2188
4 15 42 22.0862 0.631173 2.55027 0.753884 4042
4 15 43 22.5755 0.641044 3.7576 0.293771 3245
4 15 44 22.505 0.60948 2.67918 0.462591 2650
4 15 45 23.1687 0.641303 3.15001 0.312477 2607
4 15 46 24.8305 0.581267 3.58806 0.325735 3477
4 15 47 23.1194 0.676214 3.43344 0.291475 3904
4 15 48 22.519 0.667539 3.6086 0.247162 2657
4 15 49 24.4504 0.653149 3.18223 0.385603 3211
4 15 50 23.5632 0.664431 3.35762 0.256481 2713
4 15 51 22.4528 0.732406 3.52529 0.311094 5035
4 15 52 22.6712 0.851825 3.20034 0.308583 3558
4 15 53 22.8511 0.678766 3.13603 0.252509 4166
4 15 54 24.1149 0.800289 3.43459 0.374644 3050
4 15 55 23.3482 0.750561 3.37159 0.301068 3894
4 15 56 23.4276 0.717938 4.06883 0.218077 4041
4 15 57 22.7682 0.659168 3.9496 0.256948 4336
4 15 58 23.5704 0.670091 3.44702 0.318913 2938
4 15 59 22.4675 0.607725 3.6403 0.268563 4161
4 15 60 22.32 0.605016 3.96594 0.198251 4540
4 15 61 23.6407 0.711218 4.58326 0.175685 5394
4 15 62 22.6548 0.655433 4.54775 0.182261 4584
4 15 63 21.0791 0.588798 2.64579 0.475915 4880
5 0 0 20.934 0.360306 3.11873 0.421987 12355
5 0 1 20.8574 0.342022 3.35809 0.256264 10690
5 0 2 20.3106 0.37693 2.77517 0.497417 8701
5 0 3 19.6479 0.423523 3.03094 0.370827 8798
5 0 4 20.5308 0.325972 2.76706 0.469702 11624
5 0 5 19.7194 0.348893 2.76458 0.415243 9825
5 0 6 19.7261 0.374354 3.07216 0.482466 10753
5 0 7 20.306 0.301568 2.5332 0.579666 9716
5 0 8 20.8969 0.324271 2.98568 0.269018 9051
5 0 9 20.2105 0.347263 2.92895 0.351704 9798
5 0 10 20.5873 0.295505 2.7433 0.527164 9435
5 0 11 20.4044 0.383061 2.96095 0.379941 11051
5 0 12 19.8918 0.321192 2.71342 0.326289 9481
5 0 13 20.1981 0.355146 2.55717 0.403217 9053
5 0 14 21.195 0.332741 3.25073 0.396715 11342
5 0 15 20.7308 0.344864 2.95461 0.654612 8232
5 0 16 21.3088 0.32684 2.94335 0.428966 9640
5 0 17 20.5829 -3 0 0 12863
5 0 18 21.5577 0.589393 2.83442 0.587183 2261
5 0 19 20.7193 0.355011 3.04554 0.364811 9157
5 0 20 25.3344 0.820318 2.85036 0.292706 1608
5 0 21 21.0128 0.36694 2.81384 0.597341 8487
5 0 22 21.293 0.353047 2.46662 0.435236 7674
5 0 23 20.3502 0.33337 3.19007 0.251795 9195
5 0 24 20.5226 0.403186 2.83599 0.421243 10280
5 0 25 20.4295 0.308744 2.60556 0.446575 10725
5 0 26 21.1127 0.337554 3.41427 0.364333 14106
5 0 27 22.2532 0.592734 2.26146 0.50089 1667
5 0 28 22.0589 0.543483 2.30217 0.557142 4475
5 0 29 21.2513 0.313764 2.80305 0.437009 12899
5 0 30 22.1121 0.561282 2.27373 0.431335 1240
5 0 31 20.7565 0.405794 2.82735 0.567539 11831
5 0 32 20.76 0.656407 2.36971 0.4903 3705
5 0 33 20.7892 0.297869 3.13465 0.529399 10954
5 0 34 21.0939 0.316419 3.19264 0.404161 13895
5 0 35 20.8171 0.333451 3.01686 0.352656 12888
5 0 36 21.9944 0.584169 1.52868 0.521999 971
5 0 37 20.747 0.327337 3.28539 0.254007 13540
5 0 38 20.0999 0.345494 2.98437 0.366881 14265
5 0 39 21.0074 0.330931 3.21968 0.313469 18779
5 0 40 21.6255 0.535572 1.81585 0.48034 901
5 0 41 22.894 0.522945 2.28379 0.513409 2058
5 0 42 23.9728 0.616614 2.79531 0.486908 2468
5 0 43 20.5067 0.312148 2.92037 0.336989 14182
5 0 44 21.6516 0.627469 2.52263 0.673749 3042
5 0 45 22.295 0.596396 2.38778 0.52981 1768
5 0 46 19.6993 0.327507 3.8033 0.204151 14502
5 0 47 20.2092 0.348589 3.17398 0.331734 15858
5 0 48 25 -2 0 0 4199
5 0 49 23.5371 0.855216 1.81295 0.614897 1801
5 0 50 23.2357 0.502604 2.5171 0.428356 2784
5 0 51 20.0443 0.407635 3.66461 0.249433 19539
5 0 52 20.0478 0.368666 3.24032 0.442436 14601
5 0 53 22.0808 0.477962 2.88668 0.590463 3580
5 0 54 20.2011 0.397957 2.68884 0.451667 6233
5 0 55 21.2038 0.347274 3.26422 0.309763 14950
5 0 56 21.7934 0.545005 2.85464 0.623054 4164
5 0 57 19.7476 0.530689 3.21686 0.562367 8479
5 0 58 19.7582 0.292513 3.27912 0.362602 18128
5 0 59 19.4245 0.317455 3.13352 0.238796 19612
5 0 60 21.4204 0.459687 3.38566 0.479875 6480
5 0 61 21.7758 0.437069 4.13382 0.378596 19729
5 0 62 19.7924 0.330769 3.29427 0.309455 18898
5 0 63 19.0875 0.351304 3.29604 0.252774 18859
5 1 0 21.0386 0.304344 3.60546 0.36817 18670
5 1 1 20.92 0.292636 3.34966 0.293344 18720
5 1 2 21.4727 0.318452 3.35368 0.438176 14990
5 1 3 20.7355 0.333003 3.064 0.481153 13471
5 1 4 20.8421 0.302358 3.06699 0.383524 12979
5 1 5 20.841 0.339365 3.34968 0.216468 13059
5 1 6 20.5908 0.308571 3.11917 0.3634 19254
5 1 7 21.2093 0.336832 3.63437 0.24411 13476
5 1 8 22.5105 0.339754 3.06649 0.551401 12208
5 1 9 21.0049 0.320668 3.43187 0.309937 17488
5 1 10 20.7916 0.335291 3.54752 0.271354 15764
5 1 11 21.1656 0.28354 3.09689 0.447941 12455
5 1 12 20.2194 0.397748 3.15203 0.473697 16066
5 1 13 21.1346 0.304396 3.10128 0.406304 11955
5 1 14 20.958 0.30361 3.51758 0.359418 15467
5 1 15 20.6961 0.329765 3.22511 0.248227 13794
5 1 16 20.92 0.366689 3.88345 0.375714 17041
5 1 17 20.7729 0.304537 3.08808 0.34911 12702
5 1 18 20.8641 0.297408 3.11647 0.368679 13789
5 1 19 21.3587 0.317784 3.27055 0.478638 12862
5 1 20 21.5382 0.290446 3.05139 0.341726 10513
5 1 21 21.7086 0.331698 3.66264 0.306514 14435
5 1 22 21.7132 0.368035 3.09396 0.423731 13152
5 1 23 21.5543 0.288346 2.95382 0.463009 9172
5 1 24 21.0647 0.284319 3.02995 0.431555 14099
5 1 25 21.5334 0.285839 3.22108 0.413483 13933
5 1 26 21.2584 0.29442 2.77593 0.979376 13609
5 1 27 20.443 0.307933 2.84835 0.346945 12585
5 1 28 20.4759 0.344051 2.97172 0.465756 11379
5 1 29 20.3874 0.325647 3.1025 0.331574 12658
5 1 30 20.4413 0.359879 2.56946 0.52088 10571
5 1 31 21.3573 0.27969 3.23865 0.36184 12420
5 1 32 21.3557 0.321024 3.06335 0.401976 9780
5 1 33 20.5115 0.316785 2.78126 0.429272 10276
5 1 34 21.2999 0.35785 3.41136 0.355588 12441
5 1 35 21.0672 0.388301 3.228 0.287877 11626
5 1 36 21.2427 0.29783 2.90786 0.411693 11378
5 1 37 21.6851 0.325304 3.36604 0.53238 10803
5 1 38 21.75 0.334306 3.3482 0.32272 9654
5 1 39 21.105 0.305473 2.6788 0.553455 9848
5 1 40 20.6828 0.489336 2.7077 0.763736 11516
5 1 41 21.3391 0.322001 2.98156 0.440829 9187
5 1 42 21.6022 0.299239 2.95778 0.598196 9030
5 1 43 22.2609 0.416985 3.00862 0.400064 2397
5 1 44 21.1333 0.41969 2.98198 0.672514 8804
5 1 45 20.9142 0.286097 2.82602 0.375988 10770
5 1 46 21.4813 0.322147 3.43983 0.372783 12698
5 1 47 21.01 0.30172 3.49564 0.344229 9503
5 1 48 20.1138 0.41381 3.03259 0.403324 9272
5 1 49 21.0811 0.305717 2.87769 0.342405 10812
5 1 50 21.5436 0.29039 2.64392 0.76719 9160
5 1 51 20.9391 0.292671 2.92521 0.475825 9806
5 1 52 20.8135 0.314343 2.87938 0.359572 10729
5 1 53 21.5047 0.337762 2.97595 0.62792 7923
5 1 54 21.5421 0.302212 3.0306 0.42501 7645
5 1 55 20.631 0.287118 2.91651 0.341439 9017
5 1 56 20.0009 0.370903 2.52248 0.800875 9881
5 1 57 21.6264 0.340143 2.99373 0.618009 9679
5 1 58 20.4295 0.386803 2.7685 0.56546 8691
5 1 59 21.087 0.292196 3.01867 0.625113 11676
5 1 60 20.9478 0.31432 2.89143 0.546113 8829
5 1 61 21.1517 0.295256 3.28496 0.534017 10120
5 1 62 20.9367 0.278167 3.17738 0.435484 10150
5 1 63 20.3903 0.33104 2.67323 0.621721 8625
5 2 0 19.66 0.331089 4.03231 0.157295 22954
5 2 1 19.866 0.279947 3.2079 0.320576 19050
5 2 2 20.0742 0.316716 3.47852 0.331265 19476
5 2 3 20.0248 0.294494 2.79734 0.334354 16391
5 2 4 21.7339 0.489259 2.20754 0.609611 2679
5 2 5 19.8922 0.435492 3.19021 0.196627 16477
5 2 6 21.1929 0.319564 3.78168 0.348542 15684
5 2 7 20.3222 0.254703 2.59007 0.484544 13423
5 2 8 20.0036 0.302091 3.35279 0.259243 19256
5 2 9 20.5231 0.300534 3.37761 0.377464 16326
5 2 10 22.1068 0.443599 3.08161 0.568533 3302
5 2 11 22.1798 0.543797 2.29771 0.468936 3094
5 2 12 20.6735 0.312749 3.20646 0.300826 14792
5 2 13 20.4894 0.323372 2.98908 0.452263 12255
5 2 14 22.0335 0.358367 3.93275 0.619444 20492
5 2 15 20.6938 0.293438 2.6485 0.566899 11244
5 2 16 21.1013 0.306539 3.4235 0.453135 15150
5 2 17 20.6781 0.30916 3.14511 0.394592 14844
5 2 18 22.5261 0.618335 2.57236 0.618111 2598
5 2 19 19.8701 0.364948 3.17465 0.459334 14582
5 2 20 20.9992 0.295638 3.27939 0.415453 18316
5 2 21 26 -2 0 0 16166
5 2 22 20.3914 0.333321 2.84069 0.496042 15576
5 2 23 22.7469 0.560518 1.5085 0.595941 1824
5 2 24 21.1264 0.281898 3.1425 0.432292 17372
5 2 25 20.1343 0.360941 3.00206 0.313366 14464
5 2 26 20.49 0.337989 3.47642 0.256065 23432
5 2 27 21.2741 0.390545 2.78929 0.358461 5460
5 2 28 21.267 0.376674 3.04535 0.387754 6743
5 2 29 22.8932 0.570763 2.30158 0.6466 2354
5 2 30 22.6379 0.539844 2.17994 0.810461 1770
5 2 31 20.8401 0.294107 2.78389 0.415183 13854
5 2 32 21.167 0.33871 2.60557 0.465114 13458
5 2 33 20.0612 0.390551 2.67691 0.48198 16466
5 2 34 21.3874 0.351811 3.12549 0.244256 6801
5 2 35 20.4376 0.317991 2.91527 0.394282 14390
5 2 36 21.2363 0.274877 2.8459 0.587097 9873
5 2 37 20.1964 0.351732 2.7318 0.388017 14930
5 2 38 21.5157 0.30614 3.06185 0.411406 11179
5 2 39 21.2343 0.336772 3.44546 0.218046 13680
5 2 40 20.2158 0.313944 2.9217 0.28176 17543
5 2 41 19.8787 0.469888 2.68716 0.470955 12437
5 2 42 20.8922 0.357512 2.68222 0.676035 13686
5 2 43 20.7503 0.303514 2.91944 0.352658 18394
5 2 44 21.6156 0.312604 2.91278 0.63701 12224
5 2 45 20.3615 0.292073 2.79267 0.381376 15083
5 2 46 20.5529 0.424719 3.16629 0.334745 12577
5 2 47 0 -10 0 0 0
5 2 48 21.6538 0.28609 3.14389 0.241464 12133
5 2 49 21.2316 0.317076 3.19811 0.365566 14156
5 2 50 20.0569 0.367474 3.01544 0.511224 11947
5 2 51 20.5216 0.305217 3.32403 0.30461 18192
5 2 52 20.18 0.266513 2.74323 0.279817 21243
5 2 53 21.3031 0.311798 3.33165 0.342036 13418
5 2 54 20.1507 0.38367 2.98409 0.440762 15239
5 2 55 25 -2 0 0 19980
5 2 56 20.7125 0.300464 3.18311 0.347588 17972
5 2 57 21.1266 0.310154 3.16927 0.292622 17755
5 2 58 19.674 0.368776 2.96089 0.259815 14628
5 2 59 20.5763 0.326955 3.14962 0.344414 21939
5 2 60 20.1147 0.32226 3.27757 0.245513 14843
5 2 61 21.3558 0.344649 3.7717 0.451028 23857
5 2 62 20.4314 0.301651 3.26684 0.292393 22088
5 2 63 20.2179 0.336376 3.2335 0.418934 15170
5 3 0 20.8162 0.324981 3.99872 0.208122 16967
5 3 1 20.1947 0.321548 3.33192 0.328593 19927
5 3 2 21.6343 0.349109 3.55476 0.424548 18671
5 3 3 19.7892 0.297151 3.23636 0.274662 17405
5 3 4 20.7116 0.281352 3.17532 0.41617 18431
5 3 5 19.9411 0.284516 3.20839 0.306656 18535
5 3 6 20.8965 0.328202 3.47731 0.32033 15934
5 3 7 20.2775 0.349778 3.28586 0.33484 21095
5 3 8 20.4012 0.320757 3.18806 0.439408 14797
5 3 9 20.2385 0.345326 3.40989 0.324125 20261
5 3 10 20.3553 0.28402 3.23264 0.283813 20490
5 3 11 19.9667 0.336229 3.16769 0.281488 16412
5 3 12 21.1608 0.305728 3.09017 0.408105 17899
5 3 13 20.5398 0.291809 3.4935 0.235694 17323
5 3 14 20.8938 0.34365 3.36426 0.419057 19281
5 3 15 22.0681 0.577983 2.34733 0.665076 2432
5 3 16 20.9505 0.331113 3.93063 0.263653 20201
5 3 17 20.8243 0.36287 2.73857 0.587627 8941
5 3 18 20.7045 0.359876 2.45851 0.771338 8669
5 3 19 20.1925 0.285699 3.33524 0.372361 21842
5 3 20 20.1652 0.2515 2.82241 0.40303 17774
5 3 21 20.5418 0.289516 3.44669 0.304574 20422
5 3 22 21.17 0.295786 3.35413 0.327329 17990
5 3 23 21.7769 0.380918 3.82044 0.699958 14742
5 3 24 21.2884 0.29641 3.17303 0.466343 17454
5 3 25 21.641 0.344685 3.55952 0.438554 18022
5 3 26 21.798 0.663615 2.03697 0.697852 3000
5 3 27 21.5482 0.310115 3.40651 0.360288 12617
5 3 28 20.9941 0.311568 3.0709 0.356719 12008
5 3 29 22.7637 0.623249 2.15722 0.536515 2169
5 3 30 20.7296 0.285578 3.05413 0.306446 10643
5 3 31 20.8543 0.282636 2.99187 0.367956 20585
5 3 32 21.2006 0.323139 3.23034 0.315854 15223
5 3 33 21.0875 0.31631 2.91212 0.498928 8712
5 3 34 20.8697 0.348224 3.17206 0.357844 6317
5 3 35 20.5896 0.283636 3.23069 0.259079 19557
5 3 36 21.6528 0.503969 2.07773 0.351316 1131
5 3 37 20.9051 0.300628 3.2016 0.332123 13784
5 3 38 20.4283 0.359903 3.32592 0.345382 17592
5 3 39 20.9139 0.276021 3.05733 0.388094 17804
5 3 40 20.3001 0.333277 3.35722 0.24903 15713
5 3 41 21.4605 0.311923 3.13397 0.385633 17440
5 3 42 20.3872 0.334357 3.00041 0.290145 16914
5 3 43 20.9842 0.563553 2.7763 0.613553 4525
5 3 44 21.3226 0.283563 3.12863 0.357483 16574
5 3 45 19.6854 0.30877 2.90504 0.33332 20185
5 3 46 21.7012 0.336161 3.31253 0.571457 10427
5 3 47 20.8808 0.317644 3.7239 0.292007 16973
5 3 48 20.8479 0.312322 2.98547 0.434807 17273
5 3 49 19.6677 0.316054 3.44719 0.367179 17750
5 3 50 20.7971 0.289668 3.20999 0.437622 13539
5 3 51 21.1904 0.31084 3.40667 0.426701 14798
5 3 52 20.7687 0.318879 3.32358 0.393393 13687
5 3 53 20.6912 0.332828 3.85198 0.310197 14629
5 3 54 20.2228 0.31175 3.3831 0.360458 14691
5 3 55 20.7153 0.314501 3.33211 0.262539 17031
5 3 56 19.9417 0.298339 3.45063 0.310645 18117
5 3 57 20.514 0.304311 3.76095 0.282042 15155
5 3 58 20.4565 0.315954 3.44022 0.330747 17774
5 3 59 21.3621 0.424709 2.93203 0.590721 7656
5 3 60 20.206 0.290389 3.41526 0.442086 14224
5 3 61 20.8758 0.330069 3.95502 0.297869 15122
5 3 62 20.3342 0.314456 3.51324 0.298691 16438
5 3 63 20.4492 0.455908 2.751 0.613738 5194
5 4 0 19.9763 0.333056 3.32891 0.371319 24377
5 4 1 19.9416 0.377084 3.13275 0.24253 15164
5 4 2 20.147 0.448194 2.20216 0.589632 6041
5 4 3 18.8487 0.324481 2.33992 0.299345 14462
5 4 4 19.6256 0.313878 2.5524 0.633381 14984
5 4 5 19.027 0.405776 2.50217 0.33232 15265
5 4 6 19.1497 0.309003 2.74486 0.389142 18282
5 4 7 19.0519 0.346689 2.14288 0.869785 12959
5 4 8 18.5596 0.272319 2.38371 0.460279 17476
5 4 9 19.2887 0.326803 2.55323 0.395213 16986
5 4 10 18.5418 0.348364 2.70359 0.38907 14364
5 4 11 19.6058 0.335182 3.01171 0.47314 15835
5 4 12 18.8496 0.272941 2.2865 0.480217 14489
5 4 13 19.014 0.336778 2.4061 0.539131 11733
5 4 14 20.0944 0.314999 2.84188 0.4162 21885
5 4 15 18.5316 0.296672 2.20331 0.557729 12199
5 4 16 18.8052 0.32591 2.79881 0.612686 14956
5 4 17 18.8816 0.289987 2.68644 0.270235 15422
5 4 18 19.0713 0.284744 2.2652 0.507195 13018
5 4 19 18.6036 0.461848 2.19866 0.889758 10850
5 4 20 19.1736 0.361085 2.61242 0.489763 14878
5 4 21 19.8581 0.312282 2.39579 0.879637 17735
5 4 22 18.5754 0.348668 2.06624 0.635056 12328
5 4 23 19.9685 0.385447 1.89007 0.420808 3306
5 4 24 19.0585 0.365536 2.42504 0.34247 18880
5 4 25 18.1089 0.324457 2.31398 0.460884 10917
5 4 26 19.4994 0.293773 2.83952 0.251701 20552
5 4 27 20.2801 0.423978 2.51678 0.494306 1688
5 4 28 18.6487 0.279789 2.35605 0.435209 10733
5 4 29 19.1297 0.376593 2.65141 0.345211 16924
5 4 30 23.8397 0.502314 2.821 0.652505 4134
5 4 31 18.8814 0.295022 2.41482 0.494878 9511
5 4 32 19.1372 0.443438 2.40161 0.537145 10565
5 4 33 19.7222 0.3832 2.74461 0.359837 2219
5 4 34 18.0271 0.322108 2.73083 0.322473 18533
5 4 35 19.6151 0.307915 2.55573 0.42285 8848
5 4 36 20.1036 0.529672 2.07188 0.529367 1565
5 4 37 19.9928 0.629997 1.91821 0.53108 1097
5 4 38 19.4513 0.333934 2.5012 0.391223 8915
5 4 39 18.6621 0.321296 2.74933 0.382041 9818
5 4 40 19.1273 0.320716 2.19062 0.498411 5934
5 4 41 18.2889 0.399699 2.54064 0.433149 9774
5 4 42 25 -2 0 0 11495
5 4 43 19.0461 0.282693 2.72571 0.299782 14105
5 4 44 19.2961 0.358869 2.13115 0.551294 8708
5 4 45 19.2801 0.329267 2.21727 0.572701 10659
5 4 46 18.7964 0.310454 2.79448 0.197598 15829
5 4 47 18.9751 0.325855 2.49933 0.751212 8349
5 4 48 19.023 0.321221 2.30469 0.529235 10099
5 4 49 18.5882 0.352773 2.58582 0.369339 12607
5 4 50 18.8412 0.339053 2.35752 0.488771 8732
5 4 51 18.6921 0.379482 2.68776 0.31887 12947
5 4 52 17.7764 0.411617 2.61315 0.385434 13147
5 4 53 18.7501 0.304512 2.71003 0.456382 8694
5 4 54 18.7407 0.353188 2.22622 0.493062 10719
5 4 55 18.3052 0.40043 2.69683 0.278107 11792
5 4 56 18.3329 0.289935 2.60784 0.360485 10721
5 4 57 18.8955 0.31748 2.58417 0.540396 11166
5 4 58 18.1086 0.379356 2.2083 0.352829 10646
5 4 59 18.2982 0.34541 2.77227 0.526522 15226
5 4 60 18.7807 0.315606 3.06191 0.530285 9457
5 4 61 18.1958 0.308763 2.90619 0.473241 13578
5 4 62 18.9612 -3 0 0 15205
5 4 63 17.8477 0.326582 2.43812 0.394529 11728
5 5 0 23.4442 0.379105 3.69955 0.361243 10789
5 5 1 23.2621 0.39815 3.87388 0.444312 9398
5 5 2 23.2357 0.358607 4.14929 0.283357 9377
5 5 3 23.4274 0.336064 3.29299 0.369665 10795
5 5 4 23.5003 0.418011 3.63821 0.424257 9875
5 5 5 22.8398 0.372499 3.754 0.332107 10755
5 5 6 23.7817 0.407137 3.42184 0.487571 10757
5 5 7 22.5494 0.418975 4.23253 0.38395 13689
5 5 8 22.6258 0.416534 3.61353 0.437144 9695
5 5 9 22.5643 0.38447 3.74963 0.337506 11460
5 5 10 23.5877 0.374149 4.04173 0.354706 11292
5 5 11 22.708 0.459813 3.75239 0.349623 10221
5 5 12 22.371 0.420654 3.74854 0.297397 9976
5 5 13 23.4424 0.384431 3.7548 0.308016 11016
5 5 14 24.1182 0.379908 4.15119 0.247341 8480
5 5 15 23.2282 0.365845 3.80843 0.376745 11927
5 5 16 23.9735 0.382369 4.21215 0.281484 11355
5 5 17 23.3822 0.327194 3.87813 0.26182 11397
5 5 18 22.5282 0.304208 3.40213 0.30747 12071
5 5 19 24.7382 0.381051 4.43074 0.227965 11356
5 5 20 22.9298 0.388532 3.93761 0.203261 12063
5 5 21 23.7006 0.376752 3.67892 0.313171 10859
5 5 22 22.7516 0.343318 3.49294 0.279929 12302
5 5 23 23.6881 0.360633 3.64684 0.494392 11510
5 5 24 23.7325 0.366109 4.0502 0.246335 8636
5 5 25 23.886 0.36782 3.82363 0.218339 14652
5 5 26 22.7971 0.363519 3.89126 0.272648 10604
5 5 27 24.4725 0.389189 4.18463 0.356229 10645
5 5 28 23.4975 0.323883 3.54062 0.35588 13386
5 5 29 23.5162 0.363973 3.61642 0.239803 10531
5 5 30 23.5769 0.367207 3.42012 0.394488 12203
5 5 31 24.6503 0.364941 4.14355 0.280618 14039
5 5 32 24.7101 0.354334 3.78726 0.316224 12916
5 5 33 23.4911 0.337883 3.53974 0.287747 13401
5 5 34 23.0399 0.34135 3.96489 0.22139 12612
5 5 35 23.582 0.349382 4.10498 0.264766 16782
5 5 36 23.586 0.329821 3.52106 0.300255 14321
5 5 37 22.9841 0.362826 3.48634 0.343494 14416
5 5 38 24.2101 0.398777 3.49753 0.360284 17958
5 5 39 24.4842 0.385304 3.86406 0.210379 17899
5 5 40 23.5792 0.354508 3.67201 0.279225 13552
5 5 41 23.4536 0.364029 3.97217 0.243067 13215
5 5 42 22.7981 0.341817 3.81862 0.259553 12673
5 5 43 23.6961 0.365055 3.70243 0.281205 12859
5 5 44 23.4226 0.34839 3.5972 0.226579 16599
5 5 45 22.7421 0.349954 3.5509 0.335497 15472
5 5 46 23.8573 0.409263 3.79217 0.360976 13640
5 5 47 23.8593 0.370662 4.51264 0.228559 21630
5 5 48 22.4514 0.348546 3.66127 0.305464 14887
5 5 49 23.0972 0.337306 3.67609 0.209001 14116
5 5 50 23.2812 0.381873 3.81488 0.270603 14935
5 5 51 22.4557 0.382497 3.93298 0.259009 18196
5 5 52 23.5892 0.361633 3.78627 0.308685 12596
5 5 53 23.3994 0.362399 4.23021 0.177462 18139
5 5 54 23.4285 0.388047 3.36641 0.556427 12697
5 5 55 23.9311 0.424531 3.9611 0.326715 14667
5 5 56 23.5779 0.361265 4.10171 0.192751 17547
5 5 57 23.8051 0.363995 3.76811 0.306157 16199
5 5 58 23.4978 0.397643 3.82644 0.322409 12894
5 5 59 21.9539 0.36819 3.98625 0.172723 14696
5 5 60 23.7063 0.399127 3.71921 0.395582 18145
5 5 61 23.1452 0.417929 4.70516 0.142037 16983
5 5 62 22.9266 0.393496 4.17108 0.379066 15674
5 5 63 22.4143 0.357257 3.56576 0.376082 14727
5 6 0 20.0979 0.449388 3.55267 0.251059 12555
5 6 1 20.7038 0.457347 3.42795 0.367935 10198
5 6 2 19.5239 0.421259 3.10282 0.387365 9991
5 6 3 19.297 0.541083 2.63323 0.404092 5964
5 6 4 20.3108 0.464259 2.82999 0.412555 6812
5 6 5 19.7517 0.434488 2.9426 0.273183 8129
5 6 6 19.1015 0.562805 2.65772 0.445994 8583
5 6 7 20.4906 0.519608 2.9106 0.532282 5308
5 6 8 19.976 0.390903 2.43487 0.44943 8972
5 6 9 19.9381 0.410687 3.44254 0.329865 6827
5 6 10 19.2106 0.437239 2.90398 0.196635 7929
5 6 11 19.6598 0.446881 2.89823 0.45849 5483
5 6 12 19.162 0.415818 2.31562 0.34069 8584
5 6 13 19.9897 0.361744 2.54894 0.409774 6106
5 6 14 19.2919 0.509733 3.29957 0.18826 12622
5 6 15 19.9052 0.537494 2.30452 0.583744 5584
5 6 16 20.5578 0.445201 3.32687 0.327831 7187
5 6 17 19.6653 0.681065 3.01132 0.307943 8342
5 6 18 19.486 0.463161 2.69505 0.253473 6713
5 6 19 19.391 0.533655 2.6142 0.510775 5830
5 6 20 19.7876 0.468757 2.47203 0.315618 3587
5 6 21 20.3111 0.40807 2.88102 0.409129 7757
5 6 22 19.302 0.555303 2.83759 0.360687 5701
5 6 23 20.3661 0.365571 2.68493 0.309828 7682
5 6 24 21.3275 0.405908 2.84243 0.382667 9113
5 6 25 19.5997 0.408582 2.36412 0.422987 6168
5 6 26 19.4255 0.482281 3.31161 0.238846 8588
5 6 27 19.2286 0.645481 2.85005 0.343438 5493
5 6 28 20.2114 0.416761 2.59924 0.371512 5582
5 6 29 20.2906 0.414449 2.88905 0.372338 7344
5 6 30 19.578 0.38421 2.57689 0.406655 5374
5 6 31 21.1559 0.513412 2.50352 0.396651 5333
5 6 32 20.3969 0.406086 2.15799 0.512176 5465
5 6 33 19.6821 0.480123 2.36451 0.419797 4869
5 6 34 19.4661 0.5545 3.62617 0.268875 8787
5 6 35 19.8751 0.394407 2.27466 0.514622 6005
5 6 36 20.115 0.458624 2.38846 0.632369 4952
5 6 37 22.3859 0.624614 2.50782 0.379675 881
5 6 38 20.1911 0.486069 2.77169 0.389721 4825
5 6 39 20.7174 0.511744 2.48104 0.581576 5114
5 6 40 19.539 0.459796 2.82114 0.292833 5461
5 6 41 20.0322 0.483646 2.38723 0.417734 4917
5 6 42 20.1999 0.397385 2.3189 0.540219 4757
5 6 43 19.5632 0.470595 2.78351 0.341144 6114
5 6 44 19.6989 0.465229 2.33151 0.349931 4420
5 6 45 19.3246 0.60794 2.21522 0.419459 4918
5 6 46 19.6645 0.494401 3.40235 0.297135 6929
5 6 47 21.1241 0.487162 3.04299 0.372207 4234
5 6 48 20.2097 0.424588 2.2744 0.453185 4616
5 6 49 20.7684 0.3901 2.93258 0.283981 5355
5 6 50 24 -2 0 0 4336
5 6 51 20.5255 0.571481 2.81094 0.455105 5866
5 6 52 20.1009 0.510772 2.43729 0.538521 5843
5 6 53 19.6424 0.453806 2.74553 0.380619 4168
5 6 54 20.9434 0.507278 3.04044 0.532894 4477
5 6 55 19.823 0.393916 2.34473 0.518112 5680
5 6 56 19.7545 0.516489 2.72394 0.425729 5085
5 6 57 19.4456 0.46235 2.66605 0.403668 5402
5 6 58 19.4688 0.647643 2.41797 0.488962 4889
5 6 59 20.7509 0.527491 3.214 0.39786 5897
5 6 60 20.091 0.460056 2.84027 0.489633 4544
5 6 61 19.2538 0.488311 2.7131 0.61226 6366
5 6 62 19.7661 0.581249 3.78235 0.282855 5058
5 6 63 18.7952 0.390137 2.16206 0.46206 5534
5 7 0 23.8609 0.465727 3.704 0.469491 5699
5 7 1 23.1102 0.471231 3.6244 0.318382 5630
5 7 2 22.5966 0.444861 3.49003 0.317819 5576
5 7 3 24.8244 0.633026 3.70943 0.549235 4730
5 7 4 23.4045 0.506381 3.31019 0.318541 4821
5 7 5 22.9873 0.620392 3.38346 0.551901 5768
5 7 6 22.3914 0.512908 3.16094 0.483661 5031
5 7 7 24.3462 0.462131 3.66265 0.396516 4972
5 7 8 22.2639 0.508789 3.22811 0.532558 4777
5 7 9 22.3663 0.444411 2.84359 0.495945 5997
5 7 10 23.9039 0.458739 3.63138 0.401754 5327
5 7 11 21.8571 0.592784 3.20332 0.42243 5798
5 7 12 22.3843 0.435667 2.91318 0.410105 5688
5 7 13 22.6397 0.410926 3.07675 0.335069 6334
5 7 14 23.7942 0.458087 3.65376 0.280915 5079
5 7 15 22.3615 0.461389 3.12774 0.34385 6424
5 7 16 23.2303 0.504708 3.50286 0.570154 5870
5 7 17 24.4372 0.444247 3.08959 0.46932 5328
5 7 18 23.1452 0.540705 2.84308 0.492467 5634
5 7 19 22.7115 0.414183 3.59639 0.375417 7281
5 7 20 21.9456 0.565247 2.78726 0.795356 6037
5 7 21 22.9779 0.432985 3.23338 0.389967 5092
5 7 22 21.7142 0.427662 2.96822 0.398843 6332
5 7 23 23.5249 0.508864 3.39242 0.453357 5773
5 7 24 24.0904 0.478724 2.93052 0.425997 4628
5 7 25 22.7792 0.609545 3.1924 0.628732 6903
5 7 26 22.8783 0.438416 3.71161 0.255562 6495
5 7 27 23.119 -3 0 0 5069
5 7 28 21.8589 0.589567 3.30743 0.409316 7349
5 7 29 23.2718 0.373891 3.00765 0.494173 5901
5 7 30 22.0769 0.420531 3.04161 0.328575 6489
5 7 31 23.1781 0.405082 3.34171 0.260193 8780
5 7 32 22.641 0.424365 3.13344 0.356069 8022
5 7 33 22.3204 0.602425 3.66476 0.224094 7057
5 7 34 23.9516 0.505527 3.29028 0.564592 7442
5 7 35 22.7367 0.388674 3.33032 0.297724 10379
5 7 36 22.3771 0.498187 3.06019 0.446419 6801
5 7 37 23.1774 0.391582 3.43797 0.349107 7177
5 7 38 24.081 0.470975 3.85774 0.254 10114
5 7 39 22.8355 0.434017 3.64562 0.198696 11728
5 7 40 21.8706 0.444973 3.39699 0.302876 7927
5 7 41 22.6929 0.645204 3.30235 0.341691 5685
5 7 42 23.4767 0.457359 2.99627 0.452583 8889
5 7 43 22.8112 0.430534 3.08733 0.576759 7621
5 7 44 23.0442 0.537321 3.84356 0.384969 10183
5 7 45 23.4616 0.396874 3.15724 0.41564 7734
5 7 46 22.3004 0.421204 3.28459 0.330344 8159
5 7 47 25.8637 0.617727 4.60581 0.421293 13106
5 7 48 22.2916 0.404507 3.05767 0.436609 8040
5 7 49 23.0787 0.530737 3.49721 0.401401 6924
5 7 50 21.7723 0.601393 3.60229 0.276763 10517
5 7 51 23.7256 0.472692 3.46015 0.37925 10351
5 7 52 22.364 0.434495 3.44729 0.406039 7386
5 7 53 24.3111 0.577601 3.95738 0.340327 10476
5 7 54 22.9809 0.413849 3.36796 0.299918 9790
5 7 55 22.1119 0.420723 3.49632 0.226725 9678
5 7 56 22.9169 0.410105 3.77769 0.322366 11569
5 7 57 23.4848 0.50694 3.51205 0.332187 11187
5 7 58 23.6847 0.452652 3.52315 0.382968 7968
5 7 59 21.9112 0.470102 3.80976 0.257573 8819
5 7 60 22.1383 0.440774 3.78968 0.380577 11277
5 7 61 23.6266 0.545498 3.75785 0.311414 9790
5 7 62 22.8173 0.506555 3.71271 0.38912 9604
5 7 63 22.7407 0.442712 3.8266 0.29131 8190
5 8 0 21.8628 0.362866 3.69396 0.313172 6205
5 8 1 23.3504 0.402628 3.32549 0.527943 5762
5 8 2 22.1806 0.463901 3.1901 0.388463 6840
5 8 3 21.8701 0.519379 3.4831 0.281752 7739
5 8 4 22.7774 0.419165 3.30486 0.491983 7295
5 8 5 22.1924 0.423062 3.34746 0.328088 6152
5 8 6 22.7827 0.437098 3.81132 0.444475 7710
5 8 7 23.1799 0.432705 3.76473 0.357524 8203
5 8 8 22.5804 0.347398 3.30596 0.374697 6143
5 8 9 22.481 0.408372 3.78923 0.307369 7247
5 8 10 22.1884 0.399989 3.99277 0.266248 7281
5 8 11 21.7057 0.368944 3.23519 0.373479 7190
5 8 12 22.0879 0.376125 3.24383 0.375613 7094
5 8 13 27 -2 0 0 9064
5 8 14 22.9938 0.379738 3.35677 0.338201 6631
5 8 15 22.5986 0.374488 3.29258 0.314107 8236
5 8 16 22.6651 0.451673 4.18853 0.276703 8590
5 8 17 22.7399 0.379965 3.04141 0.468888 6971
5 8 18 23.0649 0.388979 3.11388 0.355304 7349
5 8 19 22.1176 0.426007 3.91941 0.25077 10822
5 8 20 21.3666 0.3851 3.15861 0.361292 8107
5 8 21 22.059 0.43334 3.48301 0.363541 7421
5 8 22 21.997 0.460005 3.26763 0.277641 8560
5 8 23 22.7617 0.410742 3.36886 0.383715 7093
5 8 24 22.6753 0.362675 2.97825 0.561667 6707
5 8 25 22.5658 0.370934 3.63899 0.24432 11408
5 8 26 22.927 0.375395 3.32798 0.515135 7026
5 8 27 22.2421 0.373548 3.24833 0.337179 8591
5 8 28 22.519 0.369602 3.3027 0.340775 9407
5 8 29 23.195 0.406843 3.31005 0.423145 6978
5 8 30 22.4015 0.406094 3.41307 0.357078 8472
5 8 31 21.8762 0.523604 3.56753 0.437607 11912
5 8 32 23.5754 0.4013 3.62454 0.428619 9406
5 8 33 22.8422 0.370526 3.19556 0.419756 9319
5 8 34 22.7937 0.463337 3.56834 0.45779 6964
5 8 35 23.4276 0.425513 3.41169 0.349742 14831
5 8 36 22.0944 0.554531 3.57816 0.254446 9479
5 8 37 22.021 0.421037 3.23736 0.423771 7439
5 8 38 22.7959 0.391867 3.71208 0.258502 16326
5 8 39 23.1291 0.374037 3.66729 0.193961 13898
5 8 40 21.4935 0.372465 3.5167 0.177148 9258
5 8 41 23.106 0.359927 3.2771 0.317189 11963
5 8 42 22.4105 0.358174 3.73214 0.283129 10114
5 8 43 22.3811 0.361972 3.08101 0.344869 7828
5 8 44 21.4732 0.472886 3.88923 0.167912 11866
5 8 45 21.7233 0.478307 3.06315 0.393545 10649
5 8 46 22.6401 0.347387 3.29351 0.423882 8341
5 8 47 22.7555 0.426924 4.12334 0.147084 18487
5 8 48 23.1944 0.410308 3.7501 0.400169 10744
5 8 49 22.8452 0.385145 3.01204 0.456628 8389
5 8 50 23.0262 0.373574 3.49617 0.358656 11064
5 8 51 23.1755 0.398862 3.98024 0.32 10241
5 8 52 20.6742 0.432029 3.29498 0.21787 9272
5 8 53 22.2607 0.379768 3.67748 0.318379 13876
5 8 54 22.3509 0.401081 3.39496 0.336852 11036
5 8 55 21.6485 0.384362 3.36923 0.309536 10923
5 8 56 22.8961 0.436951 3.63879 0.292143 11994
5 8 57 22.2955 0.374393 3.86794 0.283773 11766
5 8 58 22.2017 0.378916 3.29469 0.342211 9963
5 8 59 22.073 0.391959 3.60159 0.391525 8459
5 8 60 22.2151 0.385116 3.78627 0.241798 13320
5 8 61 21.4992 0.399459 4.38103 0.193438 11207
5 8 62 21.9581 0.382869 3.49529 0.347464 10042
5 8 63 21.3263 0.353348 2.67236 0.698402 11476
5 9 0 24.7805 0.625248 5.11668 0.12196 7294
5 9 1 23.8356 0.724834 4.26351 0.21134 6385
5 9 2 24.6896 0.587957 3.71436 0.194512 5748
5 9 3 23.7042 0.634211 3.51633 0.327696 3442
5 9 4 24.9563 0.580453 3.62737 0.283473 1080
5 9 5 25.7082 0.621239 4.01783 0.325217 3513
5 9 6 26.1688 0.669618 4.1531 0.285768 5479
5 9 7 24.0335 0.655552 3.63382 0.339468 3162
5 9 8 25.3458 0.660163 3.95149 0.268491 4633
5 9 9 25.4908 0.658508 3.83918 0.284192 3944
5 9 10 25.5794 0.642883 3.61908 0.287515 3409
5 9 11 25.3998 0.780151 2.50358 0.515875 1751
5 9 12 26.0294 0.740879 3.1754 0.421821 1433
5 9 13 24.0958 0.516673 3.34151 0.400607 3324
5 9 14 25.1264 0.649165 4.0186 0.233283 6314
5 9 15 24.4651 0.649428 3.24862 0.313445 3473
5 9 16 25.7471 0.699845 4.03028 0.334882 3639
5 9 17 25.3068 0.665597 3.86952 0.311171 4759
5 9 18 23.6819 0.567277 3.02091 0.425285 2685
5 9 19 24.9352 0.52552 3.49615 0.336397 2800
5 9 20 24.7618 0.579145 3.14526 0.45447 671
5 9 21 25.3071 0.622321 3.38833 0.364811 4454
5 9 22 24.3816 0.49193 3.08021 0.338959 3685
5 9 23 26.1146 0.909853 2.73353 0.436732 1029
5 9 24 25.3923 0.667805 4.24605 0.204327 4993
5 9 25 24.7199 0.607541 3.61175 0.320013 2899
5 9 26 26.2948 0.675857 4.28409 0.243386 5329
5 9 27 24.9755 0.564165 3.48101 0.399064 2988
5 9 28 24.7373 0.650259 3.57424 0.359621 2901
5 9 29 25.2897 0.628256 3.45738 0.411024 3151
5 9 30 24.4004 0.565963 3.38412 0.426215 2740
5 9 31 23.7301 0.554813 3.18129 0.350793 3328
5 9 32 26.8219 0.777063 4.09237 0.457081 2794
5 9 33 25.8129 0.575505 3.49692 0.291155 880
5 9 34 25.4598 0.629511 3.72122 0.261345 5375
5 9 35 25.6116 0.681074 3.97996 0.297068 855
5 9 36 24.0691 0.657391 3.46785 0.337659 2429
5 9 37 26.2981 0.918398 4.33117 0.286855 1698
5 9 38 25.0227 0.636659 3.27059 0.589641 545
5 9 39 24.452 0.624982 3.78901 0.282704 3233
5 9 40 24.1614 0.76072 3.17325 0.361691 879
5 9 41 24.1772 0.554109 3.29949 0.414623 2894
5 9 42 25.2201 0.538717 3.25611 0.35401 876
5 9 43 23.7699 0.551623 3.51639 0.397953 4303
5 9 44 24.7778 0.577679 3.88245 0.353203 2385
5 9 45 24.3802 0.528633 3.34594 0.334672 1046
5 9 46 26.2302 0.891204 3.87647 0.311141 4488
5 9 47 24.4724 0.644746 3.84646 0.316366 2470
5 9 48 24.5624 0.705702 2.98623 0.53158 1726
5 9 49 25.8848 0.690145 2.87296 0.400586 2015
5 9 50 24.2094 0.502257 3.49335 0.35473 2362
5 9 51 25.1993 0.642052 4.01736 0.333191 3247
5 9 52 25.504 0.707108 3.68461 0.370881 3718
5 9 53 23.838 0.671008 3.98554 0.310506 2299
5 9 54 23.6825 0.588878 3.37505 0.402861 2567
5 9 55 22.742 0.626566 3.65913 0.268391 3637
5 9 56 25.2468 0.665266 3.56195 0.397901 2568
5 9 57 24.4518 0.631217 3.90409 0.207823 3416
5 9 58 23.9403 0.535886 3.82022 0.210174 2372
5 9 59 23.8743 0.517272 3.52868 0.438297 4724
5 9 60 23.8775 0.544598 3.50994 0.331383 2811
5 9 61 25.6277 0.759839 3.87269 0.219633 3981
5 9 62 23.6489 0.728364 3.62663 0.38972 4135
5 9 63 23.1681 0.56547 3.06018 0.319345 3460
5 10 0 20.2075 0.299372 3.31666 0.330337 13331
5 10 1 19.6361 0.284524 3.19586 0.26497 14642
5 10 2 19.4522 0.312308 3.17057 0.310651 15554
5 10 3 19.0808 0.346385 3.09542 0.172999 17272
5 10 4 19.5866 0.254161 2.91264 0.34819 15772
5 10 5 20.0157 -3 0 0 17371
5 10 6 20.1025 0.291272 2.97837 0.457648 15125
5 10 7 20.058 0.278091 3.03418 0.249026 23439
5 10 8 19.631 0.286257 2.63371 0.370991 14333
5 10 9 19.9978 0.346089 3.46 0.359658 16294
5 10 10 20.0025 0.278862 3.24031 0.415094 17217
5 10 11 19.5004 0.336183 2.89859 0.351711 14924
5 10 12 19.7721 0.304705 2.96199 0.407521 15567
5 10 13 19.5601 0.28177 2.82462 0.378515 20555
5 10 14 20.1822 0.294684 3.20545 0.409652 13461
5 10 15 20.9287 0.303828 3.1883 0.381882 15066
5 10 16 20.6901 0.313056 3.45766 0.456646 22795
5 10 17 19.7445 0.256682 2.93884 0.364008 15857
5 10 18 19.5029 0.354516 3.1122 0.243818 17094
5 10 19 20.3947 0.272219 3.01986 0.361147 23287
5 10 20 21.7842 0.438044 2.19776 0.500135 2100
5 10 21 20.5772 0.291752 3.27297 0.23594 15111
5 10 22 20.1948 0.292371 2.77551 0.521712 17740
5 10 23 20.2868 0.293481 3.01741 0.383619 10214
5 10 24 20.4095 0.299984 3.03234 0.490547 15274
5 10 25 20.3436 0.307862 3.04184 0.258854 24434
5 10 26 20.1921 0.273869 2.9692 0.337254 15508
5 10 27 19.6932 0.263862 2.95143 0.358967 18630
5 10 28 19.749 0.299869 2.78289 0.216675 19440
5 10 29 20.4375 0.254483 2.91494 0.417651 14430
5 10 30 19.801 0.558197 2.62153 0.65049 8568
5 10 31 20.6253 0.288515 3.10131 0.28469 25157
5 10 32 19.8297 0.308431 2.90399 0.308085 19850
5 10 33 19.1914 0.316603 2.87894 0.339505 20399
5 10 34 20.34 0.276096 3.03613 0.371196 14859
5 10 35 20.1934 0.273506 3.08727 0.241671 24921
5 10 36 19.8821 0.335748 2.85094 0.322601 14268
5 10 37 21.7647 0.470057 2.3915 0.770117 4675
5 10 38 20.0597 0.283936 3.21774 0.282069 23891
5 10 39 20.6714 0.292775 3.36574 0.316463 21734
5 10 40 19.6063 0.293099 3.17777 0.224443 16993
5 10 41 20.3221 0.279389 2.79229 0.387699 19086
5 10 42 20.175 0.279977 3.17913 0.318055 18024
5 10 43 20.1029 0.30984 2.61716 0.478638 15065
5 10 44 20.1477 0.27849 2.85414 0.448577 21423
5 10 45 20.2416 0.277416 2.94435 0.320676 17311
5 10 46 19.9859 0.318669 3.1546 0.264394 14589
5 10 47 20.4514 0.294615 3.62536 0.257241 27125
5 10 48 20.2432 0.270479 2.74569 0.43211 17560
5 10 49 19.9689 0.263606 2.96095 0.404116 16204
5 10 50 19.7501 0.286964 2.92431 0.303746 20850
5 10 51 19.9886 0.281089 3.24988 0.335348 17034
5 10 52 19.65 0.351692 2.46401 0.575008 17168
5 10 53 19.9168 0.271647 2.97451 0.438652 23932
5 10 54 19.292 0.359578 2.95121 0.42431 19608
5 10 55 19.6004 0.341697 2.98141 0.271821 16772
5 10 56 20.5267 0.278888 3.35256 0.391996 19531
5 10 57 20.2754 0.284936 3.33254 0.359409 17796
5 10 58 19.1401 0.284992 3.133 0.276041 19436
5 10 59 19.1528 0.279002 3.20271 0.250779 16436
5 10 60 19.4627 0.359625 3.35508 0.279307 21017
5 10 61 19.7461 0.283405 3.43037 0.285313 17638
5 10 62 19.7071 0.27757 3.1161 0.401607 15427
5 10 63 19.3598 0.292438 2.78623 0.355866 17415
5 11 0 20.8235 0.355524 3.50291 0.212036 16990
5 11 1 19.9183 0.322657 3.01538 0.212126 15530
5 11 2 19.5417 0.372312 3.01139 0.44766 13228
5 11 3 20.6008 0.327485 2.67178 0.394344 8665
5 11 4 19.6089 0.429341 2.36961 0.794824 8738
5 11 5 19.8822 0.398478 2.36813 0.531295 10000
5 11 6 20.7158 0.316381 2.91798 0.385344 12419
5 11 7 20.0136 0.358038 2.69122 0.44185 7874
5 11 8 19.3775 0.379275 2.68105 0.292917 12971
5 11 9 20.0831 0.514146 3.29052 0.298448 8689
5 11 10 20.0742 0.459162 3.24375 0.43753 8692
5 11 11 20.0236 0.31085 2.69694 0.35439 12035
5 11 12 20.3578 0.360323 2.39785 0.507932 10261
5 11 13 19.9439 0.421875 2.30602 0.66582 7922
5 11 14 19.7795 0.391767 3.4521 0.212481 16060
5 11 15 20.2327 0.360916 2.60526 0.475671 6677
5 11 16 20.4262 0.316893 2.99051 0.533701 8390
5 11 17 20.1786 0.315995 2.7094 0.404294 14198
5 11 18 20.1063 0.297681 2.41552 0.37434 9969
5 11 19 20.2687 -3 0 0 8091
5 11 20 20.3611 0.325407 2.69063 0.430845 9261
5 11 21 20.7363 0.338896 3.04523 0.237492 10324
5 11 22 20.5764 0.409475 2.57377 0.56551 7411
5 11 23 20.5299 0.294658 2.73357 0.34065 11121
5 11 24 19.6818 0.360519 2.90059 0.271689 14569
5 11 25 20.978 0.335198 3.13308 0.349237 7083
5 11 26 20.5553 0.370933 3.16793 0.329 15859
5 11 27 19.6756 0.283793 2.33585 0.551827 8800
5 11 28 20.8175 0.438189 2.67625 0.354647 7170
5 11 29 20.6434 0.353548 2.91856 0.290915 13120
5 11 30 20.4427 0.359684 2.71002 0.382837 7329
5 11 31 20.3838 0.344083 2.73386 0.346209 7258
5 11 32 20.8832 0.362345 2.74987 0.251106 6979
5 11 33 20.3967 0.453137 2.50884 0.603242 7834
5 11 34 20.3407 0.431147 2.58293 0.928908 15294
5 11 35 20.1715 0.381164 3.12405 0.309765 7146
5 11 36 20.3279 0.318951 2.86545 0.376562 8392
5 11 37 20.1004 0.422211 3.00322 0.373651 9509
5 11 38 20.0374 0.40287 2.58863 0.554694 6909
5 11 39 20.229 0.313346 2.89847 0.331837 8466
5 11 40 20.2123 0.332583 2.63455 0.532461 8796
5 11 41 20.3216 0.333353 2.42805 0.729814 6744
5 11 42 21.3911 0.343415 2.7575 0.301184 8506
5 11 43 20.3136 0.300805 2.67147 0.373585 12545
5 11 44 20.216 0.3252 2.53098 0.521095 7003
5 11 45 20.1982 0.378724 2.53561 0.435693 8415
5 11 46 20.6291 0.314863 2.87343 0.381798 15494
5 11 47 20.3309 0.384972 3.06106 0.446448 6627
5 11 48 20.3299 0.298221 2.57196 0.30992 8627
5 11 49 20.8184 0.320415 2.80245 0.515416 10289
5 11 50 19.784 0.312123 2.57418 0.383418 7478
5 11 51 20.5443 0.391583 2.83635 0.5475 10830
5 11 52 20.6772 0.380292 2.89472 0.362509 12365
5 11 53 20.5935 0.351263 2.93802 0.422039 6461
5 11 54 19.5589 0.323439 2.40379 0.417994 9430
5 11 55 20.2791 0.375716 3.04629 0.409429 11435
5 11 56 19.6014 0.369968 2.7255 0.636943 9102
5 11 57 18.5043 0.345389 3.69463 0.258134 9803
5 11 58 19.5905 0.342101 2.83242 0.418117 9642
5 11 59 19.8047 0.339696 3.00507 0.310355 13820
5 11 60 20.4478 0.373485 2.75965 0.713272 7295
5 11 61 20.7477 0.440761 3.44814 0.407096 13342
5 11 62 19.5518 0.378898 3.13104 0.258527 14760
5 11 63 25 -2 0 0 10210
5 12 0 22.6894 0.37229 3.75511 0.213637 10556
5 12 1 21.6336 0.362299 3.94162 0.291688 15558
5 12 2 21.9362 0.349076 3.59632 0.268387 15362
5 12 3 20.5946 0.405364 3.35418 0.28748 17257
5 12 4 20.9859 0.317848 3.17642 0.271254 12632
5 12 5 21.8884 0.337992 3.38656 0.31897 14691
5 12 6 20.133 0.616578 3.8317 0.220091 19172
5 12 7 21.6302 0.343391 3.59211 0.176842 20636
5 12 8 21.8288 0.340021 3.17615 0.354731 15147
5 12 9 22.196 0.345701 3.82419 0.254519 18749
5 12 10 21.8044 0.378438 3.80307 0.226789 21005
5 12 11 21.125 0.363914 3.22894 0.286889 11307
5 12 12 21.0633 0.31706 3.193 0.25314 16447
5 12 13 22.2593 0.337787 3.35398 0.377799 13865
5 12 14 22.3824 0.372667 3.66994 0.343394 11903
5 12 15 22.1384 0.322754 3.28635 0.307969 13318
5 12 16 21.7621 0.330369 3.89229 0.227876 24507
5 12 17 21.3722 0.398306 3.38416 0.43256 12665
5 12 18 21.6543 0.313427 3.33547 0.301852 15195
5 12 19 22.4698 0.347235 3.50933 0.3276 18876
5 12 20 21.1532 0.38964 3.48667 0.292596 13397
5 12 21 21.5559 0.338963 3.77865 0.22077 16359
5 12 22 21.9723 0.327303 3.53599 0.189447 17261
5 12 23 21.2464 0.374004 3.65423 0.227897 9818
5 12 24 22.0325 0.340744 3.15496 0.280887 12007
5 12 25 21.7875 0.318695 3.72616 0.323149 17717
5 12 26 21.3322 0.340046 3.71204 0.258532 13294
5 12 27 22.084 0.380964 3.74501 0.201865 10505
5 12 28 21.7684 0.382627 3.6268 0.436286 14380
5 12 29 21.5972 0.324372 3.38586 0.263851 12558
5 12 30 21.5956 0.323197 3.60249 0.367586 11176
5 12 31 21.4711 0.344841 3.66778 0.248341 17521
5 12 32 21.8804 0.363147 3.54105 0.345753 11921
5 12 33 22.3197 0.403097 3.59468 0.317607 10579
5 12 34 21.5489 0.328208 3.7649 0.403755 10390
5 12 35 23.9553 0.413598 3.9144 0.402706 13336
5 12 36 21.3742 0.334254 3.19591 0.423644 12548
5 12 37 21.5974 0.320821 3.08659 0.657071 11517
5 12 38 21.6934 0.401144 3.69871 0.337369 14820
5 12 39 23.5043 0.36813 4.19344 0.486671 11127
5 12 40 21.6825 0.364873 3.275 0.322606 12338
5 12 41 21.3401 0.297082 3.14571 0.444668 13748
5 12 42 22.1836 0.333458 3.50188 0.365316 8671
5 12 43 22.2637 0.320877 3.47004 0.358722 8880
5 12 44 21.9139 0.349459 3.42251 0.422008 12316
5 12 45 21.0422 0.355998 2.79222 0.985335 12962
5 12 46 21.8674 0.370549 3.7988 0.249544 9800
5 12 47 21.7813 0.522762 2.72726 0.329245 2798
5 12 48 21.9796 0.329779 3.0486 0.420902 11104
5 12 49 21.3053 0.369459 2.88464 0.668446 9287
5 12 50 21.6184 0.366249 3.42942 0.432155 6327
5 12 51 20.6981 0.316471 3.54133 0.445348 9852
5 12 52 21.8396 0.380546 3.45265 0.408101 10073
5 12 53 21.4832 0.341433 3.44335 0.496728 10593
5 12 54 21.2158 0.414149 3.77423 0.314812 10969
5 12 55 22.2251 0.318146 3.38232 0.336204 9294
5 12 56 22.1902 0.377395 3.74076 0.358127 8108
5 12 57 21.851 0.350794 3.28046 0.392046 9972
5 12 58 21.5285 0.343564 3.57745 0.421366 8932
5 12 59 21.1445 0.353166 3.665 0.292522 9040
5 12 60 22.6013 0.34788 3.93038 0.362272 8492
5 12 61 22.2478 0.362485 4.13656 0.33348 8006
5 12 62 21.8329 0.330774 3.37865 0.287602 9651
5 12 63 21.6939 0.349821 3.2016 0.496286 8697
5 13 0 19.5716 0.537833 3.0698 0.599572 7748
5 13 1 20.1774 0.391938 3.50117 0.254639 8160
5 13 2 19.8653 0.4721 3.03896 0.380303 7444
5 13 3 19.8891 0.366494 2.72876 0.302931 6492
5 13 4 18.3392 0.633485 2.67337 0.367704 3624
5 13 5 20.1558 0.358763 2.62051 0.425654 7889
5 13 6 18.9957 0.578721 3.18848 0.403026 6689
5 13 7 19.9503 0.414233 2.64852 0.502083 5075
5 13 8 18.739 0.987127 2.95397 0.556635 7049
5 13 9 19.408 0.51258 3.19719 0.32622 6396
5 13 10 19.4099 0.374486 2.63885 0.463821 5539
5 13 11 20.6198 0.429033 3.3081 0.343162 8658
5 13 12 19.5627 0.456867 2.87299 0.455433 5718
5 13 13 20.97 0.49011 2.52306 0.379021 1538
5 13 14 19.5332 0.387252 3.49542 0.263811 9992
5 13 15 19.807 0.378883 2.54873 0.377611 6945
5 13 16 21.0696 0.458906 2.97449 0.421272 5793
5 13 17 20.115 0.463291 2.73188 0.378242 10048
5 13 18 19.6675 0.364396 2.79907 0.389799 6757
5 13 19 20.4179 0.468959 3.10115 0.339215 5021
5 13 20 19.468 0.681962 2.2918 0.337651 560
5 13 21 20.7286 0.405168 2.85931 0.494497 6703
5 13 22 19.6005 0.500283 2.58744 0.504777 5195
5 13 23 21.2603 0.653011 1.54979 0.559392 565
5 13 24 20.4556 0.409072 2.8293 0.356038 8845
5 13 25 20.2892 0.431658 2.50669 0.556113 5709
5 13 26 20.4748 0.344075 3.00042 0.320869 12203
5 13 27 20.0843 0.499528 2.73213 0.412293 2763
5 13 28 19.8955 0.688747 2.74352 0.416344 2866
5 13 29 21.5127 0.665465 2.18512 0.315234 1239
5 13 30 20.325 0.370878 2.98912 0.339731 7185
5 13 31 19.713 0.424921 3.02332 0.38876 5489
5 13 32 19.9094 0.415386 2.53441 0.477951 5676
5 13 33 19.2296 0.506139 2.33973 0.555208 3878
5 13 34 20.2671 0.410192 3.38037 0.243298 11541
5 13 35 20.17 0.422075 2.89133 0.269401 5546
5 13 36 19.4868 0.373825 2.71309 0.514338 4251
5 13 37 20.8927 0.690296 1.94065 0.563391 428
5 13 38 20.7491 0.439155 2.64491 0.540411 6504
5 13 39 19.6887 0.378519 2.8139 0.260122 11328
5 13 40 19.5144 0.498107 2.03816 0.614546 1668
5 13 41 20.2625 0.438428 2.55573 0.511135 5835
5 13 42 19.9576 0.379082 2.64616 0.310418 9151
5 13 43 21.6454 0.749683 1.81148 0.420372 922
5 13 44 20.4579 0.503877 2.55269 0.659426 7085
5 13 45 19.444 0.403196 2.82772 0.427245 7237
5 13 46 20.6337 0.379554 3.34795 0.266435 13720
5 13 47 20.2599 0.410608 2.81456 0.562347 7240
5 13 48 20.1349 0.36755 2.47135 0.707165 4313
5 13 49 19.6199 0.35386 2.97456 0.368112 10912
5 13 50 19.6793 0.480709 2.33859 0.492995 8149
5 13 51 19.2198 0.401838 2.5514 0.887946 13909
5 13 52 19.591 0.504868 3.18746 0.339773 12457
5 13 53 19.6517 0.397393 3.00386 0.3347 8126
5 13 54 19.3591 0.463622 2.77877 0.264664 8284
5 13 55 18.7741 0.389674 2.92788 0.237442 12269
5 13 56 19.4652 0.427543 3.13581 0.270563 11589
5 13 57 19.6963 0.446889 2.92172 0.787795 12401
5 13 58 19.5752 0.387518 2.89025 0.243314 8408
5 13 59 18.8308 0.376724 3.72187 0.288719 12850
5 13 60 19.0435 0.436871 2.96305 0.235585 9243
5 13 61 20.3032 0.412404 4.00924 0.239746 15155
5 13 62 19.4063 0.381939 3.12986 0.253526 16346
5 13 63 19.1377 0.420752 2.52757 0.330383 9541
5 14 0 22.1075 0.511361 4.17707 0.227152 7166
5 14 1 21.4266 0.426316 3.46514 0.313422 8210
5 14 2 21.5961 0.474155 3.09981 0.360614 9780
5 14 3 20.8622 0.544184 2.6132 0.288443 3779
5 14 4 20.1994 0.511517 2.7362 0.504125 7871
5 14 5 20.7269 0.472143 3.01256 0.239226 7514
5 14 6 20.3062 0.535917 3.57725 0.207014 9689
5 14 7 20.864 0.435154 3.35296 0.311983 8185
5 14 8 21.4335 0.452913 2.82451 0.364246 8282
5 14 9 21.4685 0.430556 3.05685 0.477437 5897
5 14 10 20.3553 0.499158 3.68344 0.20335 12393
5 14 11 21.637 0.492216 3.07032 0.370507 5397
5 14 12 20.599 0.50654 2.84415 0.424152 6418
5 14 13 20.7592 0.63064 2.98239 0.410024 8699
5 14 14 22.1137 0.503317 3.60852 0.318345 7015
5 14 15 21.5177 0.423501 2.62067 0.298403 3588
5 14 16 21.1891 0.477971 3.84098 0.182266 12032
5 14 17 19.9485 0.558776 3.06282 0.443859 2678
5 14 18 20.4086 0.527832 2.60098 0.580761 7872
5 14 19 21.4993 0.480711 3.30838 0.278063 10181
5 14 20 21.008 0.400991 2.95494 0.483705 6495
5 14 21 20.341 0.570779 3.47133 0.289862 11698
5 14 22 21.4547 0.418344 2.65879 0.423858 10249
5 14 23 22.1564 0.584217 3.13801 0.396603 6374
5 14 24 21.891 0.471313 3.39933 0.47438 5801
5 14 25 21.9724 0.403249 2.96911 0.315511 8649
5 14 26 22.5207 0.524353 3.04299 0.423006 3301
5 14 27 21.2733 0.438009 2.99083 0.41494 5525
5 14 28 20.7248 0.537484 2.98272 0.347343 7404
5 14 29 21.4334 0.483659 2.83074 0.453912 6111
5 14 30 21.1223 0.429223 3.07139 0.378401 5573
5 14 31 22.0753 0.41354 2.77383 0.470594 6667
5 14 32 22.5531 0.539625 3.26791 0.38144 6340
5 14 33 21.2614 0.399089 2.7904 0.299854 5451
5 14 34 22.305 0.505057 3.48492 0.440522 6268
5 14 35 20.8281 0.46064 2.87838 0.3316 7029
5 14 36 21.1151 0.508168 2.93526 0.464409 5193
5 14 37 20.5761 0.467051 2.97436 0.283672 5048
5 14 38 21.038 0.499829 3.34295 0.318726 6073
5 14 39 22.2876 0.598372 3.38458 0.39853 4246
5 14 40 20.784 0.437978 2.63063 0.420893 5929
5 14 41 21.1403 0.549328 2.95322 0.376612 5564
5 14 42 21.3894 0.398267 3.03619 0.316922 5097
5 14 43 20.8622 0.634652 3.35258 0.274743 4657
5 14 44 22.0196 0.517253 2.8152 0.365789 5350
5 14 45 21.1363 0.443097 2.75345 0.494499 4959
5 14 46 21.3493 0.460469 3.2698 0.32529 4956
5 14 47 22.3578 0.594999 3.20734 0.394595 5757
5 14 48 21.2685 0.519902 2.88784 0.402569 4327
5 14 49 21.1058 0.420239 2.80574 0.436825 4270
5 14 50 20.5189 0.380128 2.70146 0.424248 5245
5 14 51 22.2657 0.600274 2.91342 0.405609 2794
5 14 52 21.6239 0.477824 3.22533 0.362809 3951
5 14 53 21.1647 0.420673 2.9509 0.376826 5199
5 14 54 21.211 0.406513 2.80718 0.309074 4771
5 14 55 20.834 0.474298 3.44794 0.426208 2956
5 14 56 19.6088 0.447784 2.91566 0.35979 5607
5 14 57 20.2981 0.666563 3.1845 0.420495 4760
5 14 58 20.6389 0.47653 2.9639 0.362824 4344
5 14 59 20.9925 0.43648 3.11327 0.43087 5281
5 14 60 20.4795 0.446909 3.05613 0.336589 5184
5 14 61 21.6226 0.477552 3.33834 0.44908 4422
5 14 62 20.7784 0.447021 3.46392 0.257979 4292
5 14 63 20.2417 0.520226 2.7304 0.291803 4568
5 15 0 23.2561 0.660533 3.60747 0.309796 3961
5 15 1 21.6716 0.651615 3.49801 0.329339 1968
5 15 2 22.361 0.686697 2.67382 0.4494 3676
5 15 3 20.6032 2.978 3.4174 0.411269 2740
5 15 4 21.0342 0.737012 2.85007 0.32495 3109
5 15 5 22.2339 0.597486 3.05383 0.249781 2956
5 15 6 22.9167 0.515717 2.99666 0.457576 1795
5 15 7 28 -2 0 0 3011
5 15 8 22.829 0.587905 3.21009 0.359655 2718
5 15 9 21.9582 0.616982 3.03722 0.376683 2630
5 15 10 22.794 0.556218 3.21437 0.33022 2647
5 15 11 21.9342 0.575735 3.64137 0.281418 3162
5 15 12 22.1607 0.629031 3.31025 0.251291 2624
5 15 13 22.2851 0.544813 2.93104 0.41996 2634
5 15 14 21.8684 0.655455 3.35094 0.303611 3790
5 15 15 22.7989 0.605684 3.04442 0.3886 2500
5 15 16 0 -10 0 0 0
5 15 17 22.8238 0.519378 2.91109 0.402331 3931
5 15 18 22.9746 0.601819 3.28195 0.268658 2625
5 15 19 21.6403 0.649108 3.08306 0.333702 2936
5 15 20 23.2524 0.89018 3.19764 0.442244 2739
5 15 21 24.4247 0.732048 3.3166 0.354219 2724
5 15 22 22.0754 0.518993 3.39005 0.290793 2928
5 15 23 22.8501 0.574069 3.11965 0.407472 3313
5 15 24 21.7654 0.612068 2.53216 0.49852 3885
5 15 25 22.5834 0.510318 3.10024 0.289212 2828
5 15 26 23.2987 0.581792 3.61123 0.268508 3876
5 15 27 29 -2 0 0 2666
5 15 28 22.3519 0.593195 2.55235 0.343454 3201
5 15 29 21.9819 0.704554 3.34192 0.338178 3553
5 15 30 20.4431 0.718281 3.60164 0.31422 3398
5 15 31 23.3463 0.586958 3.54486 0.309049 2858
5 15 32 23.164 0.617872 2.94883 0.3896 2730
5 15 33 22.426 0.511936 2.87741 0.367486 3384
5 15 34 21.6749 1.06917 3.73734 0.330845 4911
5 15 35 23.0555 0.544188 3.48818 0.298787 2194
5 15 36 22.9957 0.618344 3.01748 0.4299 2976
5 15 37 22.7301 0.538684 3.44024 0.301067 3636
5 15 38 23.3903 0.60095 3.12277 0.4885 2601
5 15 39 23.2482 0.643334 3.65838 0.369471 4139
5 15 40 22.9041 0.500814 2.68802 0.451465 3320
5 15 41 22.272 0.580595 3.12611 0.378936 2701
5 15 42 23.523 0.573065 2.73622 0.448111 3558
5 15 43 23.3793 0.585015 3.28242 0.222319 4488
5 15 44 22.7059 0.661836 2.81107 0.259378 1686
5 15 45 21.5343 0.66707 2.76135 0.310309 3785
5 15 46 21.9824 0.608528 3.06384 0.547016 4561
5 15 47 21.8964 0.504606 3.21352 0.394024 4330
5 15 48 21.8249 0.515506 3.16347 0.328475 3490
5 15 49 21.5204 0.526825 2.77933 0.509657 4807
5 15 50 22.3239 0.908663 3.07479 0.442735 3960
5 15 51 22.2749 0.655383 3.77676 0.183275 6810
5 15 52 21.484 0.494594 3.03544 0.28542 4659
5 15 53 22.0813 0.658421 3.06276 0.252208 2511
5 15 54 21.2906 0.85953 2.81886 0.355679 4633
5 15 55 22.1353 0.544801 2.9226 0.324464 4516
5 15 56 21.2184 0.743994 3.05551 0.391924 5903
5 15 57 22.9329 0.625001 3.91563 0.234634 6208
5 15 58 20.9225 0.716885 3.4151 0.246398 4664
5 15 59 21.3383 0.537691 3.72782 0.295438 6127
5 15 60 21.7848 0.672047 3.8697 0.258796 4193
5 15 61 22.5899 0.604694 4.6205 0.172228 6232
5 15 62 21.4793 0.580719 3.41276 0.376792 5306
5 15 63 21.8358 0.86242 2.98809 0.357533 4235
6 0 0 22.4322 0.761265 2.57074 0.612971 4219
6 0 1 21.9903 0.63091 2.56487 0.501137 2445
6 0 2 19.655 0.35631 2.99169 0.253596 12438
6 0 3 22.2606 0.54682 2.59287 0.205789 1455
6 0 4 21.0624 0.534039 3.26725 0.279137 6129
6 0 5 21.1748 0.474888 3.0689 0.394816 4682
6 0 6 21.7003 0.92237 3.18706 0.426643 3547
6 0 7 21.9503 0.605128 2.3465 0.373486 1510
6 0 8 20.1663 0.454372 2.97955 0.548184 5602
6 0 9 23.3161 0.731572 2.00002 0.38648 1534
6 0 10 21.6794 0.659769 2.43568 0.356708 1500
6 0 11 19.8812 0.453248 2.84599 0.530773 8924
6 0 12 22.7561 0.821 2.17024 0.410563 1328
6 0 13 23.1185 0.707133 2.81154 0.453624 3353
6 0 14 21.6395 0.717441 3.24943 0.465094 5450
6 0 15 23.3614 0.536458 2.68093 0.447556 2491
6 0 16 19.3215 0.42993 3.33776 0.25974 10840
6 0 17 19.7445 0.385727 2.87103 0.245716 13945
6 0 18 24.0482 0.619197 2.63322 0.559355 2420
6 0 19 22.9437 0.636516 2.99879 0.358913 3071
6 0 20 25.2014 0.673063 2.66538 0.431334 2529
6 0 21 23.3173 0.582203 2.6675 0.453357 2202
6 0 22 22.9536 0.629775 1.65023 0.543448 1229
6 0 23 26.2016 0.550253 3.38118 0.329999 3884
6 0 24 20.4311 0.603194 2.6926 0.485525 6472
6 0 25 23.4553 0.571242 2.30657 0.594067 2129
6 0 26 21.2988 0.668919 2.77414 0.760985 6680
6 0 27 23.7868 0.605695 2.51172 0.282471 1936
6 0 28 24.1022 0.594724 2.48386 0.413983 2759
6 0 29 21.8439 0.547196 3.48187 0.394112 7746
6 0 30 23.7457 0.731518 2.52957 0.467625 1948
6 0 31 19.8279 0.483381 3.35415 0.276456 12736
6 0 32 23.0955 0.5812 2.50179 0.562764 3204
6 0 33 23.0456 0.531366 2.57276 0.530239 2462
6 0 34 19.5322 0.436153 2.83496 0.288369 18042
6 0 35 23.5503 0.694928 2.61722 0.396663 3134
6 0 36 25.0806 0.615448 2.30055 0.333972 2101
6 0 37 25.571 0.679857 2.77262 0.540169 3249
6 0 38 20.6143 0.621064 2.77882 0.49905 7002
6 0 39 23.5338 0.464241 3.58667 0.251535 5598
6 0 40 25.787 0.693728 2.6554 0.567167 2883
6 0 41 23.5417 0.596201 2.56932 0.437127 3579
6 0 42 24.7347 0.739875 2.2499 0.51503 2460
6 0 43 21.3563 0.575589 3.17543 0.471154 7094
6 0 44 20.8765 0.823457 3.02719 0.597943 6570
6 0 45 23.4534 0.575645 2.54417 0.409673 3121
6 0 46 24.9322 0.579481 3.41969 0.215636 5140
6 0 47 19.5747 0.476688 3.31388 0.517699 8955
6 0 48 23.6086 0.560237 2.82711 0.280205 2430
6 0 49 25.1022 0.592342 2.9302 0.471492 3676
6 0 50 23.6918 0.576988 2.69296 0.572106 3903
6 0 51 21.1558 0.472516 3.5778 0.313335 12007
6 0 52 24.2848 0.60576 3.18449 0.450912 4353
6 0 53 19.3381 0.455861 3.01253 0.451454 10328
6 0 54 24.9295 0.62796 2.72678 0.510481 4077
6 0 55 20.3335 0.549747 3.21157 0.536325 9229
6 0 56 24.0445 0.548375 2.76411 0.595274 5006
6 0 57 19.7885 0.465653 3.37268 0.21736 12911
6 0 58 26.5736 0.663332 3.31824 0.402481 4494
6 0 59 23.1307 0.562427 3.61202 0.383667 6962
6 0 60 19.2178 0.391453 2.94342 0.257698 16808
6 0 61 22.8769 0.687561 4.08164 0.327899 9214
6 0 62 20.6321 0.464808 3.67664 0.159594 11314
6 0 63 21.7365 0.606496 3.4591 0.353714 7472
6 1 0 27.9417 0.529183 4.25354 0.387047 8232
6 1 1 25.0245 0.565303 4.0815 0.167599 9063
6 1 2 26.6363 0.546237 4.32135 0.196633 8129
6 1 3 26.6463 0.615651 3.27753 0.243593 4686
6 1 4 25.8593 0.771106 2.65041 0.3181 1769
6 1 5 24.2506 0.635041 4.4464 0.311312 13056
6 1 6 26.264 0.55315 4.30892 0.240338 9256
6 1 7 23.303 0.523863 4.64842 0.238853 10074
6 1 8 27.9361 0.585575 3.32763 0.400192 4224
6 1 9 27.7576 0.613465 3.58739 0.440521 4339
6 1 10 24.0564 0.57523 4.30081 0.271242 10760
6 1 11 28.4337 0.958784 2.14121 0.416696 2744
6 1 12 25.4036 0.484333 3.64601 0.273033 5320
6 1 13 24.295 0.545433 4.23757 0.147462 7572
6 1 14 27.5619 0.599614 3.97115 0.408669 7071
6 1 15 25.4839 0.527273 3.79834 0.245926 6407
6 1 16 22.6171 0.536584 3.94303 0.196899 20306
6 1 17 27.862 0.690955 3.3876 0.359792 4407
6 1 18 25.7509 0.74212 2.86305 0.440814 2702
6 1 19 25.3362 0.580129 4.1235 0.234328 7310
6 1 20 25.6647 0.809898 2.42016 0.452961 1781
6 1 21 27.0102 0.575367 4.22785 0.217279 7470
6 1 22 25.2952 0.582776 4.08225 0.186074 7269
6 1 23 28.2333 0.827364 2.33256 0.38961 1723
6 1 24 25.7631 0.59367 4.01454 0.338122 7166
6 1 25 26.4092 0.868403 2.65467 0.561418 4315
6 1 26 26.6362 0.713013 4.87256 0.266796 6757
6 1 27 27.6228 1.0998 2.18882 0.430358 1708
6 1 28 26.2411 0.850129 3.09538 0.334996 3186
6 1 29 28.2188 0.850848 2.72949 0.424604 2130
6 1 30 26.9329 1.00294 1.88173 0.638595 1707
6 1 31 25.282 0.61588 3.631 0.350228 5992
6 1 32 24.2057 0.854658 4.17582 0.365077 5836
6 1 33 25.1398 0.61832 2.93226 0.418019 2138
6 1 34 27.7562 0.839032 3.01893 0.514679 3813
6 1 35 23.8576 0.595906 3.79433 0.249842 11564
6 1 36 27.268 0.682037 2.96576 0.304839 1789
6 1 37 27.1065 0.662397 2.48582 0.355 1764
6 1 38 23.922 0.539419 3.61584 0.309958 6529
6 1 39 26.0492 0.889744 2.62311 0.292587 1407
6 1 40 27.1352 0.81204 2.3599 0.517799 1942
6 1 41 24.9371 0.490089 3.87657 0.265387 8665
6 1 42 28.0225 0.648184 3.3562 0.566479 3336
6 1 43 27.0414 0.685559 2.68949 0.401995 2518
6 1 44 24.3174 0.566678 3.85028 0.241372 4631
6 1 45 26.9763 0.804016 3.25358 0.407941 3181
6 1 46 28.0222 0.590916 4.32697 0.377245 4928
6 1 47 25.1595 0.8898 3.59825 0.544442 4545
6 1 48 25.467 0.544053 3.80729 0.221902 4802
6 1 49 28.7072 0.705422 3.27092 0.388283 2618
6 1 50 21.5828 0.769996 3.34822 0.422054 10137
6 1 51 26.9337 0.630063 3.02191 0.392297 1678
6 1 52 27.7494 0.593779 4.40641 0.198815 4125
6 1 53 25.2371 0.815558 2.88146 0.470759 1541
6 1 54 21.6296 0.57747 2.79966 0.79882 9863
6 1 55 25.5698 0.685115 3.12339 0.435522 3123
6 1 56 25.0203 0.595921 2.87201 0.246728 1716
6 1 57 25.1469 0.676684 2.63216 0.401769 1829
6 1 58 20.5037 0.413602 3.52046 0.180015 12106
6 1 59 26.9425 0.847749 4.27092 0.319815 5216
6 1 60 24.7603 0.942631 2.58151 0.397852 1229
6 1 61 24.3645 0.565401 2.51606 0.303664 1751
6 1 62 25.7106 0.560426 3.2917 0.602653 3665
6 1 63 25.3378 0.589353 2.85376 0.502292 3208
6 2 0 26.6275 0.503302 3.84619 0.627166 6004
6 2 1 26.549 0.563373 2.49824 0.586101 3060
6 2 2 25.0315 0.423879 4.74953 0.25591 9316
6 2 3 22.2684 0.406249 3.22614 0.592481 8862
6 2 4 27.7257 0.515452 3.2468 0.511777 2810
6 2 5 28.2819 0.596779 3.08931 0.778404 4989
6 2 6 27.8565 0.494237 3.26433 0.558289 3382
6 2 7 23.947 0.461622 3.66173 0.643413 5584
6 2 8 24.854 0.405437 3.95757 0.263293 10142
6 2 9 21.7797 0.332428 3.49458 0.317942 15764
6 2 10 21.7722 0.348926 3.41343 0.383331 14864
6 2 11 21.5975 0.416232 3.54213 0.23035 17974
6 2 12 24.9942 0.404232 3.95109 0.274617 7000
6 2 13 24.5029 0.764143 3.46502 1.03085 7275
6 2 14 24.6787 0.455168 4.36196 0.268997 12456
6 2 15 23.4711 0.341206 3.49749 0.266098 11931
6 2 16 25.1355 0.504444 4.12 0.382872 5791
6 2 17 24.6223 0.451748 3.90747 0.632274 10053
6 2 18 27.5834 0.436172 4.03564 0.251942 3748
6 2 19 24.088 0.416806 3.33926 0.655785 5981
6 2 20 27.934 0.455336 3.65575 0.340311 3948
6 2 21 22.9056 0.36162 3.40315 0.329262 16816
6 2 22 24.0591 0.434413 3.39331 0.548434 7206
6 2 23 22.5538 0.3533 3.91297 0.223185 17222
6 2 24 23.9842 0.380318 3.82347 0.436688 9913
6 2 25 24.832 0.559703 3.58643 0.484032 4737
6 2 26 23.6067 0.412779 4.30614 0.192217 12880
6 2 27 24.8461 0.454494 3.72653 0.376208 6853
6 2 28 22.4894 0.309052 2.96204 0.447877 13342
6 2 29 23.8737 0.429151 4.05675 0.154835 11286
6 2 30 27.8111 0.546935 3.15514 0.431359 3114
6 2 31 22.5593 0.362843 3.20656 0.361374 13325
6 2 32 23.8287 0.388762 3.38749 0.46372 6343
6 2 33 23.2571 0.390041 3.6823 0.355791 7909
6 2 34 24.529 0.449841 3.79497 0.451859 12553
6 2 35 22.5322 0.366456 3.27019 0.32581 12517
6 2 36 24.4298 0.42524 3.96352 0.176421 8593
6 2 37 23.186 0.387333 3.88964 0.38204 10817
6 2 38 22.0635 0.438904 3.43409 0.523258 12410
6 2 39 22.764 0.454444 4.08547 0.40405 15123
6 2 40 21.9292 0.329257 3.34351 0.219089 16134
6 2 41 24.1707 0.407041 4.07254 0.349416 6508
6 2 42 23.9707 0.386088 3.65633 0.242098 8851
6 2 43 24.8995 0.445674 4.3248 0.349316 9484
6 2 44 22.9224 0.504025 3.68158 0.383784 7430
6 2 45 22.8404 0.384999 3.50863 0.300222 8235
6 2 46 27.327 0.52841 2.74104 0.626428 3678
6 2 47 23.2193 0.372076 3.7845 0.254601 11195
6 2 48 22.876 0.39322 3.87406 0.232684 9672
6 2 49 22.7914 0.372882 3.65886 0.434306 10231
6 2 50 23.1521 0.384918 3.62571 0.318246 7684
6 2 51 23.167 0.420126 3.44238 0.380032 15767
6 2 52 23.5086 0.421816 3.93543 0.26406 9136
6 2 53 21.288 0.397883 4.08831 0.425843 7928
6 2 54 21.9324 0.396669 3.41503 0.449621 15071
6 2 55 20.6854 0.331514 3.69988 0.205179 18837
6 2 56 21.2984 0.443642 3.74615 0.261482 15384
6 2 57 22.4419 0.445844 3.80506 0.376413 17818
6 2 58 21.2664 0.339939 3.25054 0.285974 15915
6 2 59 23.7625 0.452018 4.25858 0.391423 9604
6 2 60 23.8313 0.42799 3.91543 0.271604 10306
6 2 61 22.2061 0.429217 4.16896 0.279648 22459
6 2 62 22.3153 0.439259 4.09873 0.405925 19709
6 2 63 22.9929 0.400188 3.57919 0.376289 9434
6 3 0 23.0829 0.418813 3.89781 0.374284 13029
6 3 1 22.545 0.416621 3.68372 0.312962 12727
6 3 2 23.6446 0.426401 4.11504 0.211964 15982
6 3 3 22.6173 0.514227 3.41771 0.644653 9887
6 3 4 26.6681 0.620736 2.41829 0.569918 2944
6 3 5 24.7775 0.443714 3.77905 0.262905 9487
6 3 6 21.5428 0.400933 3.73834 0.185377 20469
6 3 7 22.4678 0.416027 3.8838 0.226926 21744
6 3 8 24.4293 0.670856 3.27588 0.576868 7351
6 3 9 21.9151 0.392789 4.02454 0.182792 20343
6 3 10 23.8595 0.432456 4.0572 0.239023 9834
6 3 11 25.941 0.638527 2.53011 0.579669 3476
6 3 12 24.1303 0.423066 4.14799 0.223047 8958
6 3 13 24.1572 0.543188 3.83281 0.321498 8804
6 3 14 22.835 0.425342 4.05536 0.233407 15719
6 3 15 25.31 0.464026 3.71909 0.324497 7558
6 3 16 23.4511 0.431683 4.219 0.158781 21457
6 3 17 25.8532 0.574272 2.95775 0.508501 3831
6 3 18 25.7446 0.655196 2.38549 0.476824 2645
6 3 19 24.3386 0.517741 3.8642 0.33923 10597
6 3 20 25.7444 0.446144 3.49396 0.630044 7103
6 3 21 23.8341 0.544434 4.00599 0.578582 8823
6 3 22 23.5519 0.411046 3.73872 0.262243 9783
6 3 23 26.6812 0.722271 2.20233 0.775457 3182
6 3 24 24.8784 0.471849 3.67298 0.35749 6999
6 3 25 22.295 0.370542 3.46649 0.285532 22160
6 3 26 26.7818 0.581662 3.35506 0.669346 4997
6 3 27 26.7705 0.648627 2.11177 0.538233 3166
6 3 28 23.912 0.422863 3.71881 0.280301 16772
6 3 29 27.8005 0.786249 2.66961 0.372813 3099
6 3 30 26.1375 0.511016 2.6681 0.580413 2849
6 3 31 29 -2 0 0 10431
6 3 32 24.1118 0.646299 3.30697 0.740546 9577
6 3 33 26.9171 0.609022 2.72551 0.528232 4088
6 3 34 27.3601 0.607822 2.76514 0.584922 3299
6 3 35 22.0882 0.419008 4.3999 0.183439 19444
6 3 36 25.3167 0.630273 3.82311 0.390126 5724
6 3 37 26.4808 0.512778 2.56985 0.749564 3512
6 3 38 23.3321 0.408334 4.26802 0.305614 10533
6 3 39 25.8235 0.605447 1.84865 0.626927 1769
6 3 40 22.4495 0.367629 3.53234 0.254381 18869
6 3 41 23.7731 0.432646 4.07477 0.333272 8642
6 3 42 25.3053 0.443162 4.11988 0.251951 7819
6 3 43 25.5402 0.498778 3.81325 0.276321 9074
6 3 44 23.2169 0.423956 4.09145 0.222041 9696
6 3 45 22.1957 0.398281 3.80346 0.212913 18015
6 3 46 26.7196 0.528039 4.33326 0.283828 9337
6 3 47 23.545 0.489701 4.1336 0.273338 17940
6 3 48 23.2685 0.411123 3.84124 0.260847 15091
6 3 49 27.0838 0.500467 3.30477 0.720157 5480
6 3 50 24.1062 0.574515 4.12361 0.263648 7897
6 3 51 25.3262 0.491036 4.00597 0.360941 7527
6 3 52 26.2998 0.533373 3.40274 0.601851 5795
6 3 53 23.035 0.49831 3.69529 0.357599 17598
6 3 54 25.2499 0.451136 3.90941 0.240318 7220
6 3 55 25.6781 0.499394 4.11472 0.239038 7746
6 3 56 25.9107 0.534834 3.92341 0.433376 6776
6 3 57 27.8292 0.45467 4.46583 0.212405 6109
6 3 58 25.8956 0.450053 3.89329 0.253165 6643
6 3 59 23.3588 0.430888 4.38308 0.226299 10516
6 3 60 25.0019 0.616881 2.23667 0.696087 2733
6 3 61 23.5425 0.493896 4.37753 0.266556 13006
6 3 62 25.052 0.478268 4.19784 0.437789 7401
6 3 63 26.5555 0.649296 2.64078 0.492413 3593
6 4 0 21.9492 0.493769 3.8109 0.149309 20438
6 4 1 22.3878 0.545808 3.46041 0.239399 18345
6 4 2 23.057 0.53023 4.08233 0.298867 15859
6 4 3 25.272 0.616527 4.09354 0.20545 4281
6 4 4 22.8424 0.50168 3.85957 0.254005 8215
6 4 5 27.3244 0.706782 3.34117 0.384392 4646
6 4 6 21.1475 0.463005 3.45775 0.176667 15820
6 4 7 20.5503 0.62739 3.90506 0.198044 9632
6 4 8 22.9161 0.606509 3.5527 0.283101 7052
6 4 9 25.3919 0.713482 2.39404 0.462515 1970
6 4 10 23.3875 0.6836 3.52494 0.482788 5300
6 4 11 22.6428 0.525972 3.76778 0.192006 9364
6 4 12 26.4036 0.660711 2.96082 0.428658 2856
6 4 13 23.4401 0.596014 3.41172 0.275369 4859
6 4 14 24.0359 0.482082 3.79013 0.377991 7622
6 4 15 24.2437 0.486282 3.76762 0.394313 5219
6 4 16 23.6833 0.577254 3.70572 0.259206 7248
6 4 17 25.9433 0.864895 3.08815 0.582239 4045
6 4 18 22.616 0.48554 3.03701 0.328349 10774
6 4 19 23.4706 0.652299 2.96522 0.498161 3988
6 4 20 22.1422 0.490633 3.46867 0.424962 8210
6 4 21 25.8674 0.67767 3.83314 0.334894 5240
6 4 22 22.6665 0.525165 3.01123 0.320012 9915
6 4 23 24.0287 0.560249 3.59091 0.366062 7705
6 4 24 25.8489 1.18819 3.57539 0.493744 6652
6 4 25 23.017 0.575707 3.11433 0.349916 7795
6 4 26 25.5585 0.657717 2.82396 0.586736 4684
6 4 27 25.6719 0.670053 3.71609 0.369108 4237
6 4 28 21.684 0.514978 3.48343 0.349283 5190
6 4 29 26.5864 0.720926 2.5076 0.496298 2077
6 4 30 21.9623 0.446338 3.39059 0.205538 7571
6 4 31 25.0905 0.762756 3.59739 0.277098 3190
6 4 32 22.6142 0.960133 3.44796 0.426247 4868
6 4 33 24.1822 0.645958 3.60072 0.369125 4261
6 4 34 26.7444 0.683908 2.1799 0.508067 2385
6 4 35 23.2431 0.49572 3.63181 0.24675 6520
6 4 36 22.8097 0.506303 3.66525 0.242188 5932
6 4 37 28.482 0.66966 4.17487 0.272204 3759
6 4 38 21.4515 0.465876 3.19358 0.296027 7086
6 4 39 22.1788 0.516202 3.3507 0.276552 8368
6 4 40 21.1387 0.533162 3.76925 0.178648 10627
6 4 41 26 -2 0 0 7982
6 4 42 23.8129 0.600424 3.42408 0.527904 5291
6 4 43 27.3884 0.637771 3.27833 0.364479 2887
6 4 44 21.9465 0.593116 2.9653 0.446997 4967
6 4 45 23.8919 0.545498 3.5259 0.292353 4619
6 4 46 26.4382 0.83328 2.37074 0.363341 2147
6 4 47 23.727 0.556388 3.61542 0.429989 3634
6 4 48 22.8739 0.601743 4.24115 0.23248 4952
6 4 49 28.1512 0.776483 3.81748 0.36724 3536
6 4 50 23.9747 0.608734 3.93633 0.430425 3689
6 4 51 23.2177 0.620842 4.4255 0.236087 6102
6 4 52 28.647 0.591036 3.78349 0.255417 2875
6 4 53 22.3529 0.708961 3.61894 0.583954 3763
6 4 54 28 -2 0 0 4321
6 4 55 27.108 0.989954 3.87505 0.385678 3533
6 4 56 23.8996 0.561507 4.06573 0.250939 4981
6 4 57 23.0457 0.518003 4.02817 0.273819 5406
6 4 58 24.3673 0.538 3.81254 0.363822 4325
6 4 59 25.3765 0.613581 2.77308 0.487357 2298
6 4 60 23.9733 0.50786 3.95291 0.378236 4001
6 4 61 26.589 0.659824 4.82538 0.285884 5180
6 4 62 25.6304 0.586125 3.72086 0.404833 4253
6 4 63 26.5352 0.528961 4.33705 0.251544 3831
6 5 0 22.3147 0.418711 4.38492 0.23031 6791
6 5 1 20.4127 0.411321 3.35964 0.698136 7893
6 5 2 20.4519 0.499417 3.56472 0.331959 8448
6 5 3 20.3944 0.439366 3.22695 0.401098 8406
6 5 4 20.5837 0.38198 3.02971 0.615365 5911
6 5 5 19.9123 0.418649 3.32954 0.386691 9254
6 5 6 21.4204 0.456999 3.18089 0.73227 8206
6 5 7 19.7002 0.326162 3.35139 0.21028 17945
6 5 8 20.5571 0.343334 3.15279 0.529343 6935
6 5 9 19.7103 0.379305 3.41033 0.344579 8970
6 5 10 19.8272 0.309765 2.97222 0.286703 16903
6 5 11 18.7271 0.31833 2.99222 0.303271 17949
6 5 12 21.4399 0.398572 3.35565 0.291079 7934
6 5 13 19.5872 0.316988 2.87962 0.355557 19238
6 5 14 25.1719 0.588751 3.15879 0.492652 3185
6 5 15 21.6101 0.446817 3.31519 0.338293 6893
6 5 16 20.3097 0.339041 3.75873 0.279925 16675
6 5 17 24.4212 0.475859 2.87042 0.543534 3630
6 5 18 18.8606 0.382844 2.86636 0.332552 18860
6 5 19 19.813 0.295684 2.90179 0.309158 20779
6 5 20 18.8046 0.307875 2.87612 0.257324 16069
6 5 21 19.6793 0.325293 3.03533 0.411808 11183
6 5 22 19.8665 0.547289 3.58625 0.327114 8975
6 5 23 19.7565 0.346715 3.21669 0.257731 17907
6 5 24 23.3282 0.416044 3.52154 0.529947 5567
6 5 25 20.0764 0.330655 3.16336 0.323131 21709
6 5 26 24.0438 0.562499 3.1287 0.732707 3665
6 5 27 24.6502 0.556897 2.49077 0.560616 3620
6 5 28 20.2901 -3 0 0 20228
6 5 29 20.1731 0.332054 2.82155 0.437065 17816
6 5 30 19.8261 0.374935 3.24332 0.165316 14187
6 5 31 20.4478 0.31785 3.17713 0.403095 22134
6 5 32 21.2741 0.419426 3.28156 0.363855 9176
6 5 33 22.5521 0.590727 2.21241 0.742533 3282
6 5 34 22.8584 0.694677 2.21056 0.655657 2704
6 5 35 20.4578 0.316476 3.14012 0.282793 26051
6 5 36 21.9668 0.38566 3.38161 0.417931 7307
6 5 37 21.4104 0.325211 3.13915 0.427715 14422
6 5 38 21.0417 0.40798 3.33609 0.467243 11434
6 5 39 20.1022 0.32464 2.96453 0.34602 29068
6 5 40 19.9439 0.353826 2.93977 0.397851 20195
6 5 41 21.6834 0.354475 3.49056 0.288675 8720
6 5 42 21.5955 0.509452 2.03135 0.495953 1959
6 5 43 23.1771 0.470009 3.13452 0.558884 5665
6 5 44 21.2061 0.580085 2.86917 0.721752 6923
6 5 45 22.7376 0.574284 2.2854 0.541347 3940
6 5 46 23.9372 0.499475 2.71379 0.440916 3494
6 5 47 20.278 0.357386 3.77905 0.172035 29727
6 5 48 19.137 0.383689 3.60005 0.257182 21396
6 5 49 22.8067 0.623387 2.0753 0.478176 2591
6 5 50 22.3742 0.767102 2.50373 0.888606 5578
6 5 51 19.5335 0.332745 3.28472 0.182015 27792
6 5 52 22.7628 0.43911 3.14226 0.505937 7026
6 5 53 19.7752 0.333894 3.27433 0.260313 28251
6 5 54 22.2181 0.639753 1.4626 0.598907 2261
6 5 55 19.5285 0.362052 3.37637 0.248868 21356
6 5 56 19.8038 0.346582 3.56464 0.225428 26697
6 5 57 21.0295 0.624031 2.54256 0.992737 7506
6 5 58 22.2055 0.689481 2.28286 0.59971 3678
6 5 59 19.2504 0.323329 3.37315 0.287257 22786
6 5 60 18.6584 0.330933 3.36001 0.159351 29225
6 5 61 20.9162 0.51393 4.04483 0.38229 10976
6 5 62 22.2741 0.490947 3.17117 0.440962 6722
6 5 63 22.0005 0.728328 2.20835 0.50239 3317
6 6 0 24.6456 0.689536 4.53989 0.174168 6088
6 6 1 22.1444 0.55961 3.25234 0.519094 7294
6 6 2 23.2045 0.647942 4.10101 0.27341 6110
6 6 3 20.6824 0.5498 3.55567 0.326743 4773
6 6 4 21.6223 1.00072 3.6144 0.377957 4513
6 6 5 22.1533 0.55958 3.64477 0.243821 4752
6 6 6 22.0116 0.578132 3.72952 0.303805 6200
6 6 7 23.3997 1.16529 4.02712 0.348847 2870
6 6 8 22.8341 0.549997 3.26636 0.340096 5213
6 6 9 22.7718 0.596608 3.64772 0.230322 5031
6 6 10 22.2835 0.844851 3.64674 0.323273 3820
6 6 11 23.7916 0.66978 4.08284 0.325517 4116
6 6 12 23.3273 0.559891 3.21002 0.38296 4250
6 6 13 21.459 0.491881 3.19392 0.286935 3188
6 6 14 22.4046 0.562134 3.68104 0.31967 5822
6 6 15 22.3361 0.484502 3.1449 0.39036 4204
6 6 16 22.9668 0.606252 3.22768 0.437183 4433
6 6 17 22.7503 0.536702 3.51527 0.292649 4498
6 6 18 23.9366 0.750573 3.30527 0.331652 3190
6 6 19 21.9481 0.505517 2.52624 0.442046 5699
6 6 20 22.5508 -3 0 0 4050
6 6 21 25.3874 0.664794 3.87685 0.285831 3507
6 6 22 21.5624 0.455765 2.51914 0.489933 6713
6 6 23 22.4539 0.53098 3.63574 0.235883 4191
6 6 24 23.58 0.620938 3.55263 0.187807 5616
6 6 25 21.128 0.677273 3.24234 0.279659 5560
6 6 26 24.5987 0.624529 4.28112 0.209695 5161
6 6 27 23.4403 0.559176 3.48055 0.363483 3272
6 6 28 22.1036 0.514629 2.94792 0.340294 3302
6 6 29 22.4727 0.596516 3.07116 0.344067 7270
6 6 30 23.76 0.669976 3.51063 0.35444 2888
6 6 31 21.9835 0.810676 3.08336 0.456199 3223
6 6 32 21.5556 0.576519 2.30066 0.570804 5310
6 6 33 21.5849 0.702645 2.88822 0.389078 3255
6 6 34 22.302 0.480019 2.93869 0.451673 8251
6 6 35 21.8234 0.525034 3.63432 0.2485 4747
6 6 36 21.0807 0.584383 2.67789 0.531254 5519
6 6 37 23.0974 0.72823 3.3316 0.368419 3704
6 6 38 22.9667 0.58059 3.19064 0.399116 2524
6 6 39 22.4687 1.0883 3.54434 0.416874 2719
6 6 40 22.5973 0.614809 3.32945 0.257498 3552
6 6 41 22.3539 0.591405 3.0573 0.275801 2398
6 6 42 21.7571 0.86267 3.34049 0.361697 3026
6 6 43 22.1857 0.557074 3.29103 0.388129 4126
6 6 44 22.5356 0.63687 3.30083 0.302051 2743
6 6 45 21.3191 0.784682 3.05178 0.308388 4706
6 6 46 21.9907 0.465772 3.1108 0.285237 7620
6 6 47 24.4563 1.10921 3.68521 0.45682 2403
6 6 48 22.905 0.542087 3.84979 0.203156 2339
6 6 49 22.7577 0.783594 2.80733 0.659527 3372
6 6 50 21.8189 0.619421 3.0062 0.386708 2479
6 6 51 20.6403 0.479207 2.98528 0.352429 5749
6 6 52 21.6049 0.678391 3.4325 0.322382 3518
6 6 53 22.8336 0.642942 3.3605 0.451776 2161
6 6 54 21.6224 0.50343 3.1964 0.364146 3108
6 6 55 21.69 0.612443 3.01009 0.366766 3400
6 6 56 22.3028 0.551979 3.48118 0.259564 2792
6 6 57 21.8189 0.559012 3.56684 0.337378 5289
6 6 58 21.7338 0.656523 3.30754 0.222586 2675
6 6 59 21.6929 0.624269 3.36905 0.347346 3721
6 6 60 20.0472 0.694627 2.86438 0.726092 4879
6 6 61 22.7621 0.628721 3.94919 0.286209 3755
6 6 62 21.7411 0.798711 3.23063 0.597882 3568
6 6 63 22.0493 1.0266 2.93438 0.3437 2704
6 7 0 22.5104 0.489013 3.6842 0.20922 5671
6 7 1 23.156 0.511798 3.29629 0.393291 5100
6 7 2 20.6944 0.486897 2.87748 0.431317 5854
6 7 3 20.2548 0.643438 3.16352 0.222132 5883
6 7 4 22.7275 0.615719 3.62733 0.390009 3053
6 7 5 22.5798 0.560123 3.62455 0.24573 3273
6 7 6 21.0603 0.457743 3.46014 0.247348 5291
6 7 7 21.3486 0.595071 3.38787 0.308382 6454
6 7 8 21.8775 0.873753 4.11346 0.325843 3545
6 7 9 21.0637 0.470527 3.04164 0.293771 5813
6 7 10 22.1673 0.462215 3.38586 0.327767 5715
6 7 11 23.4648 0.553048 3.52385 0.424721 3633
6 7 12 21.1053 0.420762 2.72226 0.53582 6058
6 7 13 22.0631 0.525544 3.40445 0.306948 6581
6 7 14 22.4731 0.60835 3.05568 0.373762 5696
6 7 15 23.8087 0.737051 3.30738 0.449036 3848
6 7 16 21.8647 0.496773 3.5731 0.28004 5932
6 7 17 21.3548 0.634694 3.51742 0.345355 4044
6 7 18 22.7098 0.695287 3.88669 0.288295 3503
6 7 19 22.4671 0.615628 3.43822 0.412878 4497
6 7 20 24.2116 0.567576 3.30691 0.51814 3367
6 7 21 21.2457 0.514438 3.48696 0.2672 5813
6 7 22 21.5001 0.482376 3.12928 0.387852 5852
6 7 23 21.8153 0.473385 3.65835 0.291125 7248
6 7 24 22.7617 0.735281 3.04052 0.487625 3407
6 7 25 22.8514 0.524614 3.94808 0.220279 5274
6 7 26 23.9442 0.576167 3.68917 0.263037 3736
6 7 27 21.5199 0.434762 2.88444 0.45543 7567
6 7 28 22.8014 0.565215 2.93231 0.477132 4190
6 7 29 22.7387 0.54717 3.3891 0.41074 4059
6 7 30 23.4228 0.611185 3.12116 0.46063 3847
6 7 31 23.9636 0.545764 4.02122 0.247194 4880
6 7 32 22.9972 0.650211 3.19683 0.563722 7504
6 7 33 23.6668 0.622755 3.41055 0.426191 3870
6 7 34 22.1233 0.553326 3.90156 0.352094 4661
6 7 35 22.4244 0.557578 3.09753 0.279263 10589
6 7 36 24.8822 0.785394 3.85771 0.397287 2957
6 7 37 25.3094 0.605213 3.91214 0.277733 2778
6 7 38 23.3709 0.613716 3.55388 0.25642 11621
6 7 39 22.2519 0.441038 3.52715 0.277494 12158
6 7 40 26.0045 0.631224 2.86983 0.526712 2242
6 7 41 21.8802 0.497774 3.4625 0.305914 8733
6 7 42 25.7656 0.562803 3.0629 0.533606 2712
6 7 43 23.8741 0.669085 4.16742 0.261932 4201
6 7 44 21.2192 0.812921 3.47652 0.363737 6251
6 7 45 21.9187 0.781721 3.51654 0.396821 9306
6 7 46 23.3255 0.566373 3.78483 0.286589 5214
6 7 47 21.8851 0.845006 4.40456 0.306359 13660
6 7 48 24.2352 0.658548 3.13046 0.460096 4039
6 7 49 24.5592 0.675079 3.52394 0.484843 4187
6 7 50 21.7039 0.448762 3.175 0.407475 10677
6 7 51 24.147 0.497253 4.2521 0.290295 5762
6 7 52 23.9686 0.59395 3.67526 0.340279 3684
6 7 53 22.3121 0.577588 3.95855 0.198104 8843
6 7 54 22.8139 0.598371 3.74112 0.319865 10785
6 7 55 23.0972 0.553979 3.51044 0.310253 4845
6 7 56 24.1273 0.551196 3.9544 0.183151 6214
6 7 57 23.5165 0.487903 4.21862 0.24571 6442
6 7 58 22.6608 0.528215 3.30455 0.313099 6036
6 7 59 22.7311 0.50749 3.93912 0.296651 5396
6 7 60 22.6938 0.568266 3.88354 0.346071 7500
6 7 61 24.3898 0.562265 4.54732 0.160723 5696
6 7 62 22.4106 0.651394 4.11872 0.324426 5986
6 7 63 22.5705 0.615087 3.57543 0.389265 5842
6 8 0 21.7001 0.512172 2.9797 0.53495 1662
6 8 1 19.5475 0.401529 2.66077 0.438575 8756
6 8 2 26 -2 0 0 9228
6 8 3 18.3957 0.476637 2.37775 0.468581 11083
6 8 4 18.7908 0.619811 2.70474 0.443994 9688
6 8 5 19.5104 0.356568 2.13012 0.535424 9644
6 8 6 19.0892 0.464629 2.49613 0.501461 9751
6 8 7 19.6846 0.335615 2.80601 0.358788 12712
6 8 8 19.175 0.433 2.14893 0.401924 9432
6 8 9 19.3567 0.313141 2.4625 0.594995 10925
6 8 10 18.9994 0.371623 2.54497 0.459262 11441
6 8 11 19.0831 0.369767 2.54776 0.426201 10166
6 8 12 19.2607 0.421393 2.20001 0.483589 10267
6 8 13 19.1151 0.361359 2.71314 0.324165 13617
6 8 14 19.7282 0.323675 2.65474 0.319785 9298
6 8 15 19.3445 0.375512 2.39771 0.452278 12129
6 8 16 19.9666 0.423106 3.16188 0.444958 9416
6 8 17 19.606 0.274995 2.29022 0.429833 9616
6 8 18 20.0811 0.402282 2.57546 0.536016 11662
6 8 19 19.9018 0.413125 2.96316 0.319059 14036
6 8 20 19.2511 0.340121 2.79981 0.400082 12801
6 8 21 20.9033 0.596672 2.47119 0.714879 4983
6 8 22 20.5526 0.697159 2.64932 0.564143 4734
6 8 23 21.9777 0.571333 1.97569 0.665891 1184
6 8 24 19.8918 0.336166 2.31417 0.352151 9142
6 8 25 19.5542 0.460962 3.2853 0.240247 14931
6 8 26 20.4782 0.363047 3.00575 0.233345 9008
6 8 27 22.8975 0.581896 2.63124 0.512783 2535
6 8 28 19.6981 0.351225 2.53795 0.314999 14530
6 8 29 19.8942 0.319047 2.65856 0.487081 11177
6 8 30 22.3996 0.489682 2.35082 0.357069 1346
6 8 31 22.6564 0.606527 2.22395 0.679062 4283
6 8 32 19.0208 0.496951 2.84226 0.240999 15820
6 8 33 23.0028 0.665168 2.00903 0.344625 1369
6 8 34 19.2987 0.523857 3.04779 0.387472 10804
6 8 35 19.933 0.352921 3.14512 0.292577 20018
6 8 36 20.466 0.362564 3.01316 0.309588 14959
6 8 37 22.2272 0.600725 2.09606 0.567012 1346
6 8 38 21.0506 0.458665 3.15544 0.370212 8256
6 8 39 19.0896 0.330034 2.79165 0.225163 16922
6 8 40 22.3657 0.556075 2.59305 0.370987 1306
6 8 41 19.2456 0.346652 2.35925 0.507661 17057
6 8 42 23.7387 0.746736 1.60875 0.294814 1426
6 8 43 22.9648 0.592808 2.79245 0.394049 1622
6 8 44 19.9142 0.316781 2.67662 0.211371 19186
6 8 45 19.3933 0.322801 2.76263 0.351188 16165
6 8 46 23.0614 0.54007 2.27179 0.545723 1522
6 8 47 18.8077 0.362295 3.71365 0.207945 25557
6 8 48 22.0485 0.814498 2.27533 0.338904 1504
6 8 49 22.8236 0.70057 1.93123 0.601175 1786
6 8 50 23.1944 0.68006 2.26095 0.373865 1934
6 8 51 19.5453 0.396787 3.5292 0.198505 16438
6 8 52 24.4141 0.523602 2.47447 0.490104 1752
6 8 53 19.3114 0.310224 3.06465 0.241882 21020
6 8 54 19.3521 0.453684 2.93024 0.465809 14982
6 8 55 22.6321 0.699099 2.9724 0.768593 4147
6 8 56 19.458 0.326459 2.97302 0.288221 17956
6 8 57 19.7942 0.338633 3.04719 0.306703 17043
6 8 58 23.1463 0.576744 2.84921 0.512244 3757
6 8 59 22.7397 0.666941 2.22222 0.449154 1917
6 8 60 18.5279 0.567958 3.52614 0.270607 19499
6 8 61 24.2331 0.631978 2.75674 0.490886 2981
6 8 62 21.6268 0.539175 3.49506 0.501823 3620
6 8 63 23.226 0.439791 2.85425 0.5699 3229
6 9 0 0 -10 0 0 0
6 9 1 0 -10 0 0 0
6 9 2 0 -10 0 0 0
6 9 3 0 -10 0 0 0
6 9 4 0 -10 0 0 0
6 9 5 0 -10 0 0 0
6 9 6 0 -10 0 0 0
6 9 7 0 -10 0 0 0
6 9 8 0 -10 0 0 0
6 9 9 0 -10 0 0 0
6 9 10 0 -10 0 0 0
6 9 11 0 -10 0 0 0
6 9 12 0 -10 0 0 0
6 9 13 0 -10 0 0 0
6 9 14 0 -10 0 0 0
6 9 15 0 -10 0 0 0
6 9 16 0 -10 0 0 0
6 9 17 0 -10 0 0 0
6 9 18 0 -10 0 0 0
6 9 19 0 -10 0 0 0
6 9 20 0 -10 0 0 0
6 9 21 0 -10 0 0 0
6 9 22 0 -10 0 0 0
6 9 23 0 -10 0 0 0
6 9 24 0 -10 0 0 0
6 9 25 0 -10 0 0 0
6 9 26 0 -10 0 0 0
6 9 27 0 -10 0 0 0
6 9 28 0 -10 0 0 0
6 9 29 0 -10 0 0 0
6 9 30 0 -10 0 0 0
6 9 31 0 -10 0 0 0
6 9 32 0 -10 0 0 0
6 9 33 0 -10 0 0 0
6 9 34 0 -10 0 0 0
6 9 35 0 -10 0 0 0
6 9 36 0 -10 0 0 0
6 9 37 0 -10 0 0 0
6 9 38 0 -10 0 0 0
6 9 39 0 -10 0 0 0
6 9 40 0 -10 0 0 0
6 9 41 0 -10 0 0 0
6 9 42 0 -10 0 0 0
6 9 43 0 -10 0 0 0
6 9 44 0 -10 0 0 0
6 9 45 0 -10 0 0 0
6 9 46 0 -10 0 0 0
6 9 47 0 -10 0 0 0
6 9 48 0 -10 0 0 0
6 9 49 0 -10 0 0 0
6 9 50 0 -10 0 0 0
6 9 51 0 -10 0 0 0
6 9 52 0 -10 0 0 0
6 9 53 0 -10 0 0 0
6 9 54 0 -10 0 0 0
6 9 55 0 -10 0 0 0
6 9 56 0 -10 0 0 0
6 9 57 0 -10 0 0 0
6 9 58 0 -10 0 0 0
6 9 59 0 -10 0 0 0
6 9 60 0 -10 0 0 0
6 9 61 0 -10 0 0 0
6 9 62 0 -10 0 0 0
6 9 63 0 -10 0 0 0
6 10 0 21.2788 0.313445 3.54292 0.37351 15157
6 10 1 24.3835 0.425003 3.89348 0.482822 4411
6 10 2 19.4133 0.298149 3.30965 0.335687 17243
6 10 3 19.1304 0.35134 3.05225 0.270651 19108
6 10 4 21.8262 0.426232 3.06244 0.823884 7405
6 10 5 20.89 0.390599 3.40495 0.500649 9067
6 10 6 19.8809 0.295019 3.21972 0.239869 17812
6 10 7 19.57 0.298426 3.06667 0.356677 25267
6 10 8 21.9954 0.350448 3.51064 0.352312 6988
6 10 9 20.4062 0.321393 3.16424 0.454575 17748
6 10 10 19.4398 0.285316 3.36425 0.247188 20838
6 10 11 21.6445 0.344765 3.66996 0.457592 8141
6 10 12 19.8361 0.289655 2.78654 0.266028 18430
6 10 13 19.1322 0.317917 3.00117 0.237007 22056
6 10 14 19.4405 0.325647 3.13554 0.266519 16246
6 10 15 20.1228 0.295037 2.78857 0.359028 18921
6 10 16 21.1396 0.317323 3.4188 0.347052 23564
6 10 17 21.8856 0.34799 3.5296 0.320759 7814
6 10 18 20.3716 0.281341 2.87538 0.501765 19461
6 10 19 20.2464 0.450531 3.69431 0.475816 13580
6 10 20 20.0608 0.300012 3.13015 0.310883 18772
6 10 21 20.5863 0.31314 3.18551 0.315693 16498
6 10 22 20.1454 0.267357 2.68672 0.377646 20203
6 10 23 20.6498 0.276103 3.14682 0.356344 16512
6 10 24 20.6691 0.344797 3.29925 0.551691 9563
6 10 25 20.4422 0.296946 3.15724 0.312343 25936
6 10 26 25.6893 0.478567 3.63582 0.5364 3656
6 10 27 19.8524 0.284856 2.81611 0.349458 21282
6 10 28 19.9201 0.298123 2.972 0.29685 22338
6 10 29 20.7646 0.381355 3.35723 0.411024 8951
6 10 30 24.074 0.486562 2.28214 0.523235 1785
6 10 31 19.6605 0.30978 2.9484 0.200281 27677
6 10 32 19.7321 0.312224 2.93017 0.320365 22785
6 10 33 19.6774 0.254558 2.87942 0.253325 21610
6 10 34 20.5143 0.285981 3.33976 0.235961 16800
6 10 35 20.1697 0.288405 3.49066 0.25477 26183
6 10 36 20.6279 0.323057 3.10667 0.265977 19350
6 10 37 20.4765 0.286468 3.04478 0.28655 18842
6 10 38 19.7796 0.277274 3.29188 0.169274 26706
6 10 39 19.9094 0.31824 3.29129 0.220065 23007
6 10 40 25.092 0.480981 2.75632 0.711813 3876
6 10 41 20.2052 0.325987 3.34356 0.26609 12025
6 10 42 20.8143 0.279679 2.89543 0.358043 19243
6 10 43 19.6967 0.294609 2.68964 0.40137 18207
6 10 44 19.6116 0.291639 2.92322 0.242896 24646
6 10 45 20.7671 0.244175 2.81807 0.314593 21630
6 10 46 24.7023 0.435186 3.44578 0.633175 4545
6 10 47 19.6534 0.312222 3.46518 0.187692 29890
6 10 48 23.8826 0.394502 3.14874 0.416838 5469
6 10 49 22.0177 0.34923 3.08915 0.747257 6133
6 10 50 19.837 0.275929 2.73156 0.543672 23721
6 10 51 20.1936 0.2809 3.20569 0.293153 19966
6 10 52 20.2024 0.280139 2.93356 0.369013 18113
6 10 53 20.3909 0.295984 3.23198 0.300626 24799
6 10 54 19.5085 0.270473 2.80661 0.29842 23352
6 10 55 20.2355 0.241417 2.89292 0.427468 18014
6 10 56 21.566 0.303978 3.35137 0.371856 18933
6 10 57 20.2942 0.301171 3.26425 0.380983 20461
6 10 58 21.2169 0.389114 3.08802 0.450523 10803
6 10 59 23.5165 0.379242 3.36749 0.645898 4083
6 10 60 19.9545 0.274047 3.24607 0.333845 24253
6 10 61 19.0658 0.422715 2.9868 0.612969 20301
6 10 62 20.5886 0.32401 3.74319 0.415294 16691
6 10 63 19.2489 0.293401 2.68009 0.433154 19800
6 11 0 25.4967 0.856251 3.9392 0.265391 14685
6 11 1 23.6404 0.55427 3.71269 0.191067 12890
6 11 2 22.9914 0.526799 3.5594 0.29032 11468
6 11 3 22.6644 0.529654 3.26961 0.270284 7381
6 11 4 27.5058 0.893349 4.26447 0.351228 3514
6 11 5 24.9639 0.693201 3.4587 0.405542 5145
6 11 6 22.6027 0.561547 3.5518 0.186912 10186
6 11 7 25.5713 0.555058 3.26595 0.354802 2566
6 11 8 25.0029 0.668341 3.74867 0.337005 8583
6 11 9 23.4958 0.537545 3.54933 0.313227 7786
6 11 10 22.8293 0.505457 3.54953 0.281167 7260
6 11 11 26.1569 0.619684 4.26186 0.158886 4619
6 11 12 23.368 0.55234 3.72409 0.245567 8372
6 11 13 26.8629 0.75813 3.09608 0.442131 2270
6 11 14 25.1352 0.721582 3.95433 0.281146 13291
6 11 15 22.9351 0.487024 3.24571 0.326549 7475
6 11 16 24.3188 0.596361 3.77725 0.269014 5907
6 11 17 26.365 0.707963 4.02903 0.271213 8934
6 11 18 23.4247 0.547238 3.88134 0.232185 8082
6 11 19 23.6398 0.518775 3.50388 0.295953 6101
6 11 20 26.6817 0.702429 4.16173 0.255997 4728
6 11 21 23.8015 0.533411 3.38267 0.164972 8831
6 11 22 24.9896 0.611325 3.85613 0.241592 3565
6 11 23 26.9693 0.657992 2.97558 0.371808 1846
6 11 24 25.8214 0.71696 4.15481 0.270355 4683
6 11 25 25.6578 0.698494 3.53026 0.343714 2731
6 11 26 26.1272 0.712641 2.43096 0.432018 1894
6 11 27 27.4069 0.862154 2.94226 0.323181 2268
6 11 28 24.9663 0.617217 3.82497 0.386131 3108
6 11 29 26.8742 0.626513 2.54898 0.275232 1446
6 11 30 26.7817 0.823134 2.42152 0.342444 1278
6 11 31 26.0927 0.622008 3.71562 0.383451 2812
6 11 32 25.1284 0.623771 3.64344 0.32141 3103
6 11 33 22.9419 0.556424 4.19433 0.17831 7355
6 11 34 25.7202 0.577855 4.08721 0.348593 12419
6 11 35 25.832 1.09873 2.96643 0.409713 723
6 11 36 28.3451 1.0669 2.91503 0.325025 1097
6 11 37 28.1859 0.818068 2.93141 0.38064 1414
6 11 38 24.9338 0.741912 4.02845 0.380892 3540
6 11 39 26.3092 0.552035 3.33033 0.352987 1154
6 11 40 28.3942 0.666613 2.97631 0.449981 1793
6 11 41 25.0109 0.523952 3.58411 0.248225 5966
6 11 42 26.6279 0.756216 2.32575 0.447601 1249
6 11 43 27.0049 0.883483 2.69392 0.343624 1759
6 11 44 24.0997 0.707254 2.43137 0.341331 411
6 11 45 26.4448 0.904405 2.25555 0.328123 751
6 11 46 28.3111 0.690982 3.53071 0.354715 3932
6 11 47 26.0013 0.765729 3.60289 0.50017 3152
6 11 48 27.6427 0.716143 2.66233 0.296618 1002
6 11 49 28.6491 0.744653 3.13054 0.262025 1368
6 11 50 24.3582 -3 0 0 516
6 11 51 27.4843 0.743773 3.57578 0.349253 2645
6 11 52 28.022 0.814694 2.38886 0.399962 1594
6 11 53 25.6304 0.850232 3.10633 0.440954 1803
6 11 54 24.3582 -3 0 0 4318
6 11 55 24.3582 -3 0 0 3700
6 11 56 26.8928 0.713649 3.068 0.404129 1315
6 11 57 28.1397 0.943792 3.18568 0.428967 1587
6 11 58 24.601 0.98831 2.44807 0.441786 1275
6 11 59 22.4839 0.659581 3.55722 0.230991 14192
6 11 60 27.2108 0.805629 3.57855 0.305311 1405
6 11 61 26.8078 0.597024 3.2535 0.403453 2472
6 11 62 26.4779 0.594531 4.08076 0.279868 4875
6 11 63 22.2726 0.541119 3.54907 0.201627 10175
6 12 0 23.4528 0.396677 4.51386 0.43486 17743
6 12 1 22.1189 0.33902 3.46601 0.26561 19158
6 12 2 22.1617 0.3469 3.78983 0.160178 18741
6 12 3 24.0055 0.46236 3.69886 0.211135 10276
6 12 4 25.6441 0.588379 2.42123 0.470215 2406
6 12 5 24.4559 0.486629 3.38213 0.381467 6502
6 12 6 23.7955 0.431094 3.72806 0.337028 18993
6 12 7 23.3625 -3 0 0 23289
6 12 8 21.4764 0.325252 3.31764 0.226873 16305
6 12 9 22.6482 0.372764 3.78479 0.239168 22159
6 12 10 21.3482 0.410031 3.83779 0.336151 24417
6 12 11 24.5896 0.503407 3.49791 0.531182 4882
6 12 12 23.2169 0.37544 3.68179 0.253811 9267
6 12 13 22.8967 0.383053 3.84707 0.221045 12161
6 12 14 24.5309 0.492464 3.87916 0.317684 7385
6 12 15 23.9201 0.472367 3.87443 0.31043 8671
6 12 16 24.3009 0.522024 3.74278 0.362549 24663
6 12 17 24.6465 0.50805 3.11553 0.671724 4721
6 12 18 24.1778 0.39446 3.87846 0.226242 13999
6 12 19 23.7163 0.437649 4.59779 0.278915 11290
6 12 20 26.3567 0.646389 1.99865 0.486086 1689
6 12 21 23.6953 0.408482 3.5939 0.350153 19621
6 12 22 23.4684 0.410814 3.71947 0.422867 9449
6 12 23 25.9128 0.536095 2.7579 0.45873 2232
6 12 24 24.4057 0.372732 3.59956 0.49855 12543
6 12 25 22.1365 0.328847 3.39435 0.183641 21633
6 12 26 23.2217 0.392111 3.99495 0.254705 15051
6 12 27 23.4185 0.370195 3.82897 0.268303 15162
6 12 28 22.96 0.324079 3.20223 0.322484 17504
6 12 29 23.3274 0.358914 4.15588 0.242923 13452
6 12 30 25.7945 0.51467 2.30077 0.453836 1779
6 12 31 23.5888 0.351689 3.63673 0.242926 16742
6 12 32 24.9427 0.431413 4.0201 0.249069 7984
6 12 33 22.1333 0.334512 3.27867 0.221112 16680
6 12 34 25.208 0.4747 3.71359 0.433978 6501
6 12 35 22.8357 0.35362 3.68713 0.181294 16420
6 12 36 25.9845 0.712919 2.21337 0.358035 1510
6 12 37 26.4317 0.52716 2.42583 0.384391 1471
6 12 38 23.2705 0.385918 3.60581 0.294122 14865
6 12 39 23.8776 0.378426 3.73821 0.33243 11684
6 12 40 26.3811 0.56291 2.38059 0.442623 1768
6 12 41 22.9047 0.383133 3.49536 0.336411 14499
6 12 42 27.0076 0.537333 2.56329 0.434352 2150
6 12 43 24.7856 0.413479 3.91973 0.284612 6011
6 12 44 22.8361 0.393553 3.6415 0.34393 9047
6 12 45 23.1363 0.420301 3.93295 0.198816 8066
6 12 46 24.2652 0.401984 3.64834 0.700754 6587
6 12 47 22.949 0.40885 3.86712 0.297078 15603
6 12 48 22.6419 0.375151 3.4267 0.261879 14567
6 12 49 24.7941 0.510261 3.76244 0.361495 6579
6 12 50 22.482 0.323473 3.09 0.2696 13891
6 12 51 24.4353 0.451728 3.98699 0.347789 5793
6 12 52 24.4431 0.519702 3.59697 0.42428 5476
6 12 53 23.2599 0.40798 3.98488 0.343564 12511
6 12 54 22.5619 0.321094 3.33949 0.233441 12590
6 12 55 24.435 0.497366 3.71818 0.542844 5401
6 12 56 23.9294 0.520685 3.83938 0.544465 5252
6 12 57 22.6623 0.362243 3.49101 0.353734 11099
6 12 58 24.52 0.584339 3.39984 0.572985 4462
6 12 59 25.1178 0.434707 4.36869 0.303304 6275
6 12 60 22.2828 0.364429 3.43912 0.325293 12211
6 12 61 23.0327 0.400141 4.23793 0.185084 10487
6 12 62 23.9104 0.421478 4.13623 0.356661 6689
6 12 63 24.4111 0.443691 3.83511 0.302884 5850
6 13 0 21.9942 0.460233 3.47584 0.367616 7169
6 13 1 21.4064 0.575854 3.45603 0.372663 5660
6 13 2 20.9545 0.440941 3.12843 0.371444 8720
6 13 3 24.7072 0.750238 3.60493 0.352706 2401
6 13 4 25.5596 0.783996 3.0024 0.458033 1926
6 13 5 24.833 0.530398 3.15152 0.519492 2749
6 13 6 21.0574 0.599232 3.39555 0.365333 4744
6 13 7 22.5457 0.586523 3.01326 0.359153 1178
6 13 8 21.6402 0.504735 3.22199 0.309978 5019
6 13 9 20.5233 0.490243 3.05934 0.471354 4358
6 13 10 22.5201 0.519808 3.06882 0.394361 3511
6 13 11 25.0784 0.931059 3.2073 0.418981 1552
6 13 12 22.5012 0.495007 3.08345 0.547786 3115
6 13 13 21.9521 0.59601 3.24867 0.371973 2912
6 13 14 26 -2 0 0 12040
6 13 15 23.5949 0.460016 3.2583 0.435362 2628
6 13 16 20.595 0.54576 3.18478 0.319734 3621
6 13 17 23.5333 0.498515 3.50349 0.409888 4578
6 13 18 26.5582 0.611303 2.93319 0.446734 1552
6 13 19 21.2091 0.432893 3.58832 0.324507 3314
6 13 20 21.1923 0.48321 3.24738 0.373253 5170
6 13 21 22.4631 0.564766 3.49209 0.527907 4650
6 13 22 20.2377 0.42483 2.85183 0.362314 6969
6 13 23 25.2312 0.662533 3.01528 0.432676 1702
6 13 24 22.6495 0.466749 3.29709 0.378061 4878
6 13 25 20.8559 0.424107 2.9368 0.338858 6602
6 13 26 22.0794 0.472756 3.48439 0.376676 6643
6 13 27 24.084 0.668405 2.58443 0.499159 1231
6 13 28 21.1921 0.656502 2.92463 0.369156 3493
6 13 29 23.6357 0.512075 3.13992 0.474986 4101
6 13 30 26.4679 0.56709 3.52996 0.363924 2783
6 13 31 22.7537 0.515346 3.22705 0.398782 5543
6 13 32 23.0699 0.717899 2.9343 0.439104 1871
6 13 33 22.3839 0.450833 3.15474 0.370138 3851
6 13 34 21.6953 0.526235 3.84291 0.247886 6904
6 13 35 23.2448 0.64603 2.55223 0.47431 2366
6 13 36 21.5005 0.417022 3.12421 0.324838 5610
6 13 37 22.8512 0.653018 3.15875 0.523102 4106
6 13 38 20.3472 0.406704 2.70617 0.336733 7905
6 13 39 20.4208 0.446236 3.10841 0.226624 11219
6 13 40 22.5745 0.530714 3.21402 0.526101 5157
6 13 41 19.8911 0.359612 2.51199 0.33629 8069
6 13 42 20.5815 0.445197 2.49972 0.403537 10447
6 13 43 20.339 0.662338 2.67613 0.603946 6640
6 13 44 20.2105 0.596689 2.55052 0.48231 7624
6 13 45 20.2811 0.46282 2.63012 0.390533 9221
6 13 46 21.6397 0.541425 3.22805 0.435156 7231
6 13 47 22.157 0.549712 2.93377 0.559054 4754
6 13 48 21.1773 0.602803 2.73427 0.568115 6702
6 13 49 20.1909 0.394548 2.88147 0.317604 11388
6 13 50 20.2097 0.394907 2.81579 0.286536 8756
6 13 51 20.1883 0.392328 3.20843 0.244021 16595
6 13 52 20.8259 0.549541 3.38851 0.317604 7035
6 13 53 20.2083 0.40515 2.64315 0.41627 9304
6 13 54 18.8971 0.420514 3.0746 0.18536 10782
6 13 55 19.1949 0.357501 2.70962 0.228853 15657
6 13 56 20.6734 0.408312 3.40079 0.213562 12380
6 13 57 20.5028 0.362695 2.77192 0.225117 14151
6 13 58 19.575 0.459105 2.89189 0.280997 7754
6 13 59 19.8182 0.364202 3.1813 0.149174 16584
6 13 60 19.7935 0.38213 2.83431 0.25355 10280
6 13 61 20.2586 0.384409 3.18533 0.246928 19124
6 13 62 19.7698 0.458307 3.44212 0.319807 16976
6 13 63 19.3141 0.569384 3.03166 0.323121 10607
6 14 0 20.5252 0.467088 3.28047 0.393052 11766
6 14 1 20.3287 0.419 3.84141 0.31737 6179
6 14 2 20.4824 0.45237 3.55925 0.364675 6809
6 14 3 19.5903 0.464121 2.9603 0.294102 7880
6 14 4 19.6341 0.355631 2.37533 0.503977 10560
6 14 5 19.7927 0.351147 2.91204 0.248675 11154
6 14 6 18.6825 0.459902 3.09275 0.31716 13794
6 14 7 19.7831 0.385844 3.04468 0.254518 14682
6 14 8 20.1756 0.468059 2.9964 0.362112 5806
6 14 9 19.8414 0.479082 3.55439 0.298529 14419
6 14 10 19.7246 0.395449 3.44959 0.186887 14096
6 14 11 19.8583 0.518023 2.54872 0.535787 5757
6 14 12 20.2669 0.436901 2.9933 0.349914 7210
6 14 13 18.4233 0.717104 3.34273 0.329311 11241
6 14 14 18.8271 0.427033 3.54461 0.349035 6334
6 14 15 19.8617 0.332147 2.56449 0.348209 10351
6 14 16 20.4233 0.490169 3.62553 0.276291 11069
6 14 17 19.8376 0.523823 2.77671 0.369885 8403
6 14 18 19.3918 0.728685 2.75372 0.358618 10921
6 14 19 19.8685 0.393855 3.06621 0.272941 12054
6 14 20 21.1054 0.479795 3.15451 0.421267 4332
6 14 21 19.7009 0.445039 3.42765 0.223754 13825
6 14 22 19.2069 0.408831 3.2625 0.244097 8666
6 14 23 24.0473 0.702202 3.24398 0.417083 2396
6 14 24 19.7744 0.496846 2.91911 0.230184 10315
6 14 25 19.9152 0.421489 2.93976 0.299454 11060
6 14 26 19.8815 0.373566 2.87383 0.378939 8689
6 14 27 19.9403 0.380155 2.99843 0.336939 5902
6 14 28 19.2873 0.512065 2.72819 0.331374 9788
6 14 29 20.2713 0.686526 3.41159 0.448108 3691
6 14 30 19.6607 0.439213 2.71291 0.508071 6424
6 14 31 20.7593 0.404685 2.87465 0.379348 9842
6 14 32 20.4493 0.449717 3.08652 0.347855 4739
6 14 33 25 -2 0 0 4992
6 14 34 20.1899 0.394278 2.76655 0.372336 7792
6 14 35 19.8416 0.495933 3.20501 0.293527 5331
6 14 36 19.6691 0.546734 2.85254 0.454024 4733
6 14 37 24.0466 0.816491 2.58744 0.417109 1160
6 14 38 19.56 0.603849 3.19139 0.375036 8287
6 14 39 20.0295 0.424235 2.69379 0.433135 6600
6 14 40 20.9878 0.545382 3.10611 0.352648 3754
6 14 41 24 -2 0 0 7841
6 14 42 20.1246 0.326129 2.45835 0.451821 6923
6 14 43 20.8624 0.419169 2.89278 0.415639 3751
6 14 44 20.3588 0.401958 2.64509 0.382316 6610
6 14 45 20.3709 0.484185 3.02523 0.387936 3990
6 14 46 20.9034 0.66602 3.49303 0.387034 3914
6 14 47 0 -10 0 0 0
6 14 48 20.1579 0.398689 2.51807 0.352478 6996
6 14 49 21.033 0.66101 3.37776 0.365217 3171
6 14 50 19.7097 0.378558 2.42479 0.520404 6660
6 14 51 21.546 0.521812 3.07065 0.515089 2055
6 14 52 22.2467 0.598617 3.249 0.364297 2604
6 14 53 19.7982 0.385357 2.981 0.369538 7063
6 14 54 19.715 0.436166 2.8284 0.504998 3911
6 14 55 20.214 0.720282 2.95408 0.4645 3124
6 14 56 19.8466 0.518968 2.8521 0.503466 7292
6 14 57 19.3759 0.482463 2.99773 0.324893 6453
6 14 58 19.6897 0.418587 2.32495 0.404012 6074
6 14 59 19.2083 0.701741 2.95734 0.595452 3741
6 14 60 19.2424 0.405794 3.04406 0.26242 4717
6 14 61 20.2808 0.437271 3.27254 0.434484 6057
6 14 62 18.9345 0.416753 2.76107 0.468392 6563
6 14 63 18.8038 0.483368 2.55943 0.375702 6169
6 15 0 22.0179 0.630613 3.82406 0.262477 2710
6 15 1 22.7831 0.60392 3.21005 0.273311 1795
6 15 2 21.6183 0.677028 3.58379 0.286849 2552
6 15 3 20.6915 0.703107 2.95332 0.421702 1885
6 15 4 20.0649 0.582599 2.34732 0.385701 4391
6 15 5 20.8262 0.560141 2.94546 0.346457 2173
6 15 6 23.9013 0.66789 3.07816 0.281619 996
6 15 7 21.8864 0.7345 2.85189 0.375259 1666
6 15 8 21.0235 0.64436 3.08493 0.258694 2401
6 15 9 21.1302 0.553353 3.21743 0.279907 2218
6 15 10 22.4336 0.928892 2.71947 0.364182 1776
6 15 11 21.3392 0.842233 3.14684 0.368926 4903
6 15 12 22.1759 0.605372 3.37168 0.228022 1744
6 15 13 20.2239 0.463226 2.34442 0.334148 4038
6 15 14 22.2114 0.620559 3.52627 0.277292 2641
6 15 15 20.123 0.651692 2.39428 0.306958 4188
6 15 16 22.0588 0.6514 2.82781 0.276123 826
6 15 17 21.0942 0.576355 2.46612 0.339518 5068
6 15 18 21.4509 0.737543 3.77164 0.305799 1951
6 15 19 22.509 0.687284 3.67184 0.300844 803
6 15 20 26.3183 0.57923 3.33534 0.266714 1176
6 15 21 21.7161 0.971876 4.00371 0.232433 1741
6 15 22 20.6937 0.52984 2.28342 0.305428 3761
6 15 23 22.2137 0.73164 3.08501 0.326393 2927
6 15 24 19.5357 0.480223 3.02417 0.192593 5122
6 15 25 23.1703 1.1128 3.12711 0.445038 1804
6 15 26 20.9828 0.754188 3.19658 0.274254 3290
6 15 27 21.6208 0.560011 2.82074 0.25689 2296
6 15 28 20.9855 0.592411 2.84849 0.264093 2368
6 15 29 20.626 0.559178 2.61331 0.275544 5483
6 15 30 23.944 0.61325 3.42436 0.383463 1361
6 15 31 23.8236 1.06846 2.92703 0.323673 1548
6 15 32 22.0653 0.620021 3.05043 0.231202 1962
6 15 33 21.2582 0.561858 2.8548 0.305633 3790
6 15 34 22.225 0.725659 3.09214 0.395384 3247
6 15 35 20.7219 0.538355 2.52072 0.402284 4342
6 15 36 26.4032 0.578684 3.3222 0.278539 1284
6 15 37 19.9997 0.595789 3.56497 0.200374 5398
6 15 38 23.0792 0.939698 3.48928 0.298668 1679
6 15 39 25.9294 0.713141 3.02149 0.366254 1569
6 15 40 26.7406 0.597003 3.13706 0.34679 1122
6 15 41 21.673 0.597528 2.94343 0.377335 2251
6 15 42 21.7969 0.505766 2.8018 0.332855 3459
6 15 43 21.584 0.583516 3.30886 0.321493 3179
6 15 44 20.8699 0.579269 2.61206 0.271714 4745
6 15 45 20.9315 0.525991 2.47968 0.400436 4540
6 15 46 20.8031 0.542965 3.32113 0.166704 6730
6 15 47 21.72 0.646774 3.01529 0.447929 2786
6 15 48 25.1142 0.780241 3.22357 0.380392 1596
6 15 49 21.0037 0.651672 2.67227 0.408535 4660
6 15 50 20.2499 0.579139 2.98527 0.229644 5138
6 15 51 20.7441 0.580268 3.52239 0.286016 4835
6 15 52 21.7079 1.18909 3.95498 0.208951 3573
6 15 53 20.9297 0.553111 2.68687 0.467796 5119
6 15 54 21.6276 0.670393 3.21245 0.237044 3370
6 15 55 21.8649 0.797781 3.07484 0.35553 3617
6 15 56 22.9962 0.646627 3.63406 0.219712 4445
6 15 57 21.5592 0.80313 3.28845 0.378301 4345
6 15 58 20.169 0.685695 3.09214 0.262621 3952
6 15 59 20.8316 0.631536 3.26147 0.322204 4570
6 15 60 21.7844 0.818604 3.42871 0.380459 3088
6 15 61 20.9541 0.654059 3.58983 0.470854 5295
6 15 62 20.3042 0.714192 3.20685 0.38262 5186
6 15 63 20.302 0.588092 2.84138 0.33439 4070
7 0 0 21.4861 0.325844 3.35565 0.494043 11124
7 0 1 20.7076 0.306002 3.10603 0.371182 10153
7 0 2 20.333 0.279951 2.80102 0.34449 9699
7 0 3 20.9562 0.283378 2.70148 0.736328 8798
7 0 4 21.919 0.486774 2.08342 0.457729 1290
7 0 5 20.1576 0.345566 2.5466 0.589014 7894
7 0 6 20.3288 0.308236 3.04935 0.328765 9799
7 0 7 20.1216 0.300382 2.83487 0.291532 9006
7 0 8 20.6913 0.298732 2.57348 0.571628 9458
7 0 9 20.8733 0.319338 2.96618 0.476009 8237
7 0 10 20.3188 0.30439 2.81952 0.419818 7983
7 0 11 20.1807 0.321039 2.76249 0.718801 10215
7 0 12 19.699 0.357448 3.15542 0.237253 8975
7 0 13 19.9309 0.322156 2.47733 0.441531 8926
7 0 14 19.6512 0.368695 3.18646 0.372886 11589
7 0 15 19.8227 0.298217 2.68101 0.450983 9372
7 0 16 21.412 0.317212 3.07672 0.46623 7798
7 0 17 21.5482 0.419023 2.59841 0.583511 5672
7 0 18 23.9119 0.385611 3.56015 0.481546 5951
7 0 19 20.6301 0.308938 2.60777 0.438207 9476
7 0 20 21.3271 0.443959 2.65648 0.383173 2752
7 0 21 21.141 0.323924 2.99522 0.436689 8939
7 0 22 20.0609 0.420632 2.56078 0.505892 8472
7 0 23 20.3519 0.302899 2.66465 0.537761 13550
7 0 24 20.2273 0.38629 2.65292 0.417162 10513
7 0 25 20.3492 0.292461 2.70797 0.360466 10851
7 0 26 21.1817 0.314807 2.91172 0.479472 13573
7 0 27 20.5176 0.316294 3.05992 0.612851 10085
7 0 28 20.5011 0.371794 2.78444 0.475882 9998
7 0 29 21.9371 0.47916 2.87279 0.518964 5207
7 0 30 21.2935 0.509272 2.36513 0.330003 899
7 0 31 21.0112 0.33169 2.96242 0.572891 10481
7 0 32 20.487 0.329551 2.78753 0.489055 10003
7 0 33 21.1046 0.329775 2.68382 0.706284 6990
7 0 34 21.4528 0.30635 3.12181 0.322934 14456
7 0 35 21.2537 0.345615 2.92876 0.492107 10761
7 0 36 21.7063 0.428236 2.39262 0.472094 2690
7 0 37 20.0487 0.298593 2.95488 0.414654 10738
7 0 38 21.3907 0.330916 2.96211 0.472697 11532
7 0 39 19.9989 0.362206 3.74696 0.268437 16058
7 0 40 20.9969 0.547624 2.196 0.462662 1423
7 0 41 21.0728 0.285175 2.82508 0.352869 10349
7 0 42 22.1894 0.464632 2.28965 0.459678 4215
7 0 43 20.5432 0.304963 3.05801 0.237686 14080
7 0 44 20.5765 0.320978 2.83017 0.241469 12318
7 0 45 20.0108 0.341704 3.01199 0.354592 11792
7 0 46 19.9644 0.316672 3.07793 0.293311 17089
7 0 47 21.3882 0.310171 3.16314 0.45701 13691
7 0 48 20.41 0.388988 2.95797 0.35617 8633
7 0 49 20.3878 0.307398 3.07398 0.444353 14015
7 0 50 20.1322 0.303532 2.91668 0.358151 12615
7 0 51 25 -2 0 0 19119
7 0 52 19.7011 0.365064 2.92102 0.505085 15369
7 0 53 20.0959 0.306045 3.36824 0.332666 14009
7 0 54 19.8185 0.550458 2.35554 0.497964 5256
7 0 55 19.511 0.328981 2.88253 0.378466 17699
7 0 56 19.6162 0.313589 3.29429 0.446906 17320
7 0 57 20.4369 0.321118 3.39257 0.239359 17617
7 0 58 19.9181 0.301973 3.0583 0.313525 14979
7 0 59 18.9367 0.538652 3.86707 0.356142 16234
7 0 60 20.3314 0.443555 2.79374 0.576689 6675
7 0 61 21.1417 0.371074 3.93217 0.35716 18622
7 0 62 20.2396 0.371035 3.6876 0.278755 16512
7 0 63 19.6833 0.326172 3.16427 0.344003 15130
7 1 0 21.2266 0.300714 3.6808 0.267089 18301
7 1 1 21.9556 0.356266 3.5842 0.333077 16859
7 1 2 21.3519 0.282266 3.15671 0.408615 18443
7 1 3 20.9249 0.331694 3.46589 0.271829 13176
7 1 4 20.3047 0.274955 3.11928 0.301838 13389
7 1 5 21.0051 0.301874 3.27799 0.305871 15360
7 1 6 21.4187 0.329832 3.09152 0.480865 17578
7 1 7 21.0824 0.322175 3.30947 0.343849 16687
7 1 8 20.5099 0.326196 3.06819 0.355894 15175
7 1 9 22.5705 0.53045 3.00532 0.526431 3907
7 1 10 22.7565 0.635678 2.65779 0.734127 2945
7 1 11 20.3164 0.296156 2.91981 0.347176 14282
7 1 12 21.7801 0.397234 2.60591 0.592824 4368
7 1 13 20.3648 0.348809 3.07636 0.303718 12437
7 1 14 21.1813 0.312549 3.34484 0.322405 16204
7 1 15 21.3385 0.287311 3.23569 0.396798 11204
7 1 16 23.5876 0.48326 3.20463 0.455589 5986
7 1 17 20.9864 0.298535 3.17983 0.340279 14030
7 1 18 22.3094 0.486211 2.43405 0.529432 3092
7 1 19 21.456 0.317397 3.08473 0.343674 14710
7 1 20 20.6367 0.284733 2.91539 0.470248 12688
7 1 21 20.8942 0.323367 3.78653 0.280522 19077
7 1 22 20.9349 0.437484 3.05424 0.489298 8255
7 1 23 21.201 0.282682 2.89046 0.437272 12373
7 1 24 21.0507 0.319678 2.88697 0.42967 14888
7 1 25 21.3477 0.352979 3.10846 0.363076 13860
7 1 26 21.4254 0.304152 3.21092 0.325311 15365
7 1 27 21.362 0.295442 3.19995 0.359153 11618
7 1 28 20.7743 0.342963 2.66817 0.480461 11918
7 1 29 21.1369 0.284074 3.16175 0.33076 12909
7 1 30 21.2477 0.305459 3.22122 0.235114 11312
7 1 31 21.5366 0.364818 3.25674 0.43968 11792
7 1 32 21.2382 0.330347 3.02347 0.37841 11602
7 1 33 21.8262 0.304592 2.77212 0.54252 10518
7 1 34 20.7327 0.303258 3.41649 0.463581 14651
7 1 35 21.4485 0.295019 3.13828 0.407115 11153
7 1 36 20.4902 0.34108 2.93552 0.40593 10879
7 1 37 20.9286 0.351508 2.62093 0.535153 12335
7 1 38 21.7657 0.330931 3.10971 0.374699 10037
7 1 39 21.3055 0.298846 2.89323 0.49495 9132
7 1 40 20.8139 0.257661 3.0299 0.28068 11379
7 1 41 21.3299 0.296655 2.79251 0.459956 9571
7 1 42 20.9632 0.265714 2.75049 0.523163 9799
7 1 43 27 -2 0 0 11750
7 1 44 20.3042 0.35459 2.81917 0.420458 9293
7 1 45 20.4689 0.366468 2.97423 0.371137 10122
7 1 46 22.1677 0.319821 4.00633 0.444179 14147
7 1 47 21.0548 0.356825 3.4703 0.306593 9577
7 1 48 20.3912 0.300903 2.64666 0.561406 10456
7 1 49 20.6218 0.340304 2.71404 0.589697 10461
7 1 50 21.424 0.306923 2.9869 0.331816 8280
7 1 51 20.2106 0.31218 3.12775 0.440646 9668
7 1 52 21.4046 0.324923 3.1499 0.447494 9912
7 1 53 21.282 0.304004 3.25651 0.415772 7984
7 1 54 20.2983 0.275365 2.65398 0.398022 9301
7 1 55 21.0608 0.291564 3.21913 0.331427 9011
7 1 56 21.3639 0.342462 3.39602 0.578465 8999
7 1 57 20.6817 0.276738 2.96799 0.445222 10144
7 1 58 20.045 0.334696 2.48237 0.568002 9640
7 1 59 18.212 0.684765 1.53526 0.670882 466
7 1 60 20.206 0.318339 2.96098 0.542929 9577
7 1 61 20.4068 0.308177 3.54606 0.3975 10582
7 1 62 21.6739 0.468463 2.75929 0.627782 4069
7 1 63 20.5004 0.321178 2.71685 0.529362 9591
7 2 0 20.0905 0.316963 3.54246 0.329512 20605
7 2 1 19.598 0.278688 3.36271 0.347043 18491
7 2 2 19.6927 0.30041 3.2679 0.319524 17784
7 2 3 19.3646 0.29421 2.68835 0.595024 13555
7 2 4 19.768 0.250997 2.46004 0.683103 15569
7 2 5 18.8279 0.273628 2.94368 0.292282 16147
7 2 6 19.3329 0.29018 2.89277 0.421715 17123
7 2 7 20.6996 0.287804 3.03575 0.535638 12787
7 2 8 19.3537 0.268664 2.58838 0.585365 18061
7 2 9 19.4807 0.278244 2.95858 0.467278 15547
7 2 10 19.2092 0.276418 2.89951 0.56631 13655
7 2 11 19.2879 0.275713 2.7935 0.300879 16751
7 2 12 19.8661 0.255532 2.6349 0.627229 15691
7 2 13 19.6416 0.319119 2.49536 0.536901 12246
7 2 14 20.9073 0.295502 3.28913 0.591082 20394
7 2 15 20.0034 0.272498 2.73391 0.560192 13490
7 2 16 21.1497 0.293053 3.16922 0.493708 12763
7 2 17 19.2947 0.296948 2.96256 0.46577 18827
7 2 18 18.4429 0.354739 3.02758 0.319926 14353
7 2 19 19.5155 0.290509 2.66342 0.439996 14304
7 2 20 19.2868 0.278466 2.6905 0.33651 15952
7 2 21 19.6269 0.296407 3.19089 0.273009 16875
7 2 22 20.0857 0.307906 2.60053 0.722519 12540
7 2 23 19.6763 0.278679 2.71763 0.435868 14749
7 2 24 18.7371 0.335437 2.91681 0.253188 19251
7 2 25 19.8467 0.298375 2.91365 0.220189 11995
7 2 26 19.8107 0.309844 3.3097 0.34897 20809
7 2 27 20.623 0.366793 2.37357 0.50445 5057
7 2 28 19.511 0.24109 2.31766 0.650936 13397
7 2 29 19.7778 0.290852 2.71715 0.50445 17146
7 2 30 19.585 0.288207 2.93623 0.395955 15512
7 2 31 20.1355 0.294479 2.92767 0.525789 13525
7 2 32 20.0049 0.356832 2.57857 0.510163 12837
7 2 33 19.6021 0.30615 2.7151 0.473024 14657
7 2 34 20.2324 0.42009 3.00164 0.44471 12557
7 2 35 19.264 0.308941 2.81874 0.417903 12361
7 2 36 20.5792 0.298367 2.95468 0.622774 8975
7 2 37 20.6101 0.329917 2.19794 0.604276 6243
7 2 38 20.3525 0.282351 2.83141 0.337698 11464
7 2 39 20.99 0.368298 3.61648 0.834235 14222
7 2 40 19.7782 0.278935 2.81783 0.441893 15994
7 2 41 20.0652 0.30755 2.598 0.371606 11587
7 2 42 20.5067 0.280359 2.96773 0.528858 13670
7 2 43 20.103 0.324498 2.5823 0.495235 10590
7 2 44 19.1538 0.297263 2.67534 0.384379 12349
7 2 45 19.8342 0.388932 2.85179 0.409695 12576
7 2 46 20.1506 0.291599 3.23124 0.283716 21203
7 2 47 20.2029 0.301727 3.27764 0.442685 12295
7 2 48 19.4844 0.407417 2.68419 0.447183 14621
7 2 49 19.0353 0.302707 2.80461 0.362378 16469
7 2 50 19.4467 0.337956 2.69661 0.478921 12972
7 2 51 19.8427 0.292541 3.13862 0.318735 19154
7 2 52 19.2474 0.282789 2.87213 0.334428 20521
7 2 53 21.2365 0.339322 3.43477 0.577671 12632
7 2 54 19.3593 0.278237 2.82879 0.286797 14376
7 2 55 19.4236 0.301408 2.90361 0.342938 18074
7 2 56 19.4789 0.308396 3.10814 0.444033 17267
7 2 57 20.3401 0.298869 3.09906 0.418735 18157
7 2 58 19.7226 0.310419 2.84358 0.339777 14747
7 2 59 18.8279 0.334905 3.21635 0.186655 20746
7 2 60 19.5317 0.295633 3.12726 0.369746 13775
7 2 61 19.7831 0.297892 3.43058 0.371684 22235
7 2 62 20.4388 0.317091 3.95429 0.457604 19054
7 2 63 19.096 0.268625 2.83807 0.385548 16269
7 3 0 22.6025 0.319016 3.53819 0.552612 22131
7 3 1 21.6851 0.327015 3.55623 0.2679 20933
7 3 2 21.0631 0.299508 3.55036 0.334329 21067
7 3 3 21.5456 0.288803 2.99617 0.316572 20680
7 3 4 22.9907 0.457243 2.60609 0.886506 5044
7 3 5 21.1944 0.278149 3.18006 0.247702 20519
7 3 6 21.7389 0.312493 3.60154 0.193576 20965
7 3 7 20.8003 0.30281 3.44121 0.186617 23807
7 3 8 24.2275 0.301885 3.92276 0.32441 14813
7 3 9 22.1204 0.298493 3.52255 0.27471 22356
7 3 10 21.7604 0.330468 3.38131 0.461143 23181
7 3 11 21.0642 0.322065 3.46412 0.323042 21356
7 3 12 21.9871 0.283561 3.28106 0.373098 20032
7 3 13 21.1403 0.285564 3.33251 0.218321 20137
7 3 14 21.3524 0.262099 3.25209 0.409804 21036
7 3 15 21.795 0.270677 3.20036 0.3107 20691
7 3 16 22.6573 0.307373 3.93375 0.404588 26421
7 3 17 20.9917 0.306346 3.14212 0.254469 19674
7 3 18 24.5973 0.550462 2.49259 0.80096 4190
7 3 19 21.2866 0.2787 3.27395 0.368664 24737
7 3 20 22.0882 0.453968 2.74477 0.83173 5656
7 3 21 22.7757 0.326918 3.65622 0.604992 23209
7 3 22 21.2543 0.279031 2.98258 0.293266 22186
7 3 23 23.8443 0.489632 2.68255 0.665998 2954
7 3 24 21.7685 0.311732 3.3118 0.325257 18932
7 3 25 22.3143 0.284443 3.40995 0.371715 22894
7 3 26 21.2306 0.311826 3.50185 0.226804 20123
7 3 27 23.1427 0.469642 2.83167 0.754672 5179
7 3 28 21.8902 0.313706 3.27092 0.434581 22277
7 3 29 21.0163 0.327871 3.21346 0.276013 17495
7 3 30 22.5468 0.370654 2.74471 0.512343 3181
7 3 31 22.4238 0.283271 3.41794 0.474509 21539
7 3 32 22.1903 0.28718 3.46711 0.423246 19400
7 3 33 23.5749 0.424919 3.05381 0.573322 4492
7 3 34 21.7526 0.326196 3.40983 0.415388 20885
7 3 35 21.4703 0.301724 3.39138 0.210028 22435
7 3 36 24.4351 0.435493 2.76751 0.419986 3279
7 3 37 22.3293 0.305648 3.39968 0.487347 13808
7 3 38 22.2823 0.289708 3.35935 0.365605 20850
7 3 39 22.0453 0.29155 3.75953 0.46366 19166
7 3 40 23.5683 0.582378 2.50324 0.688882 3829
7 3 41 21.6321 0.274048 3.19121 0.401939 19318
7 3 42 21.1072 0.288407 3.22887 0.330777 21508
7 3 43 22.0541 0.276692 3.08785 0.544197 12310
7 3 44 22.2451 0.293693 3.36434 0.453045 19409
7 3 45 22.1137 0.301963 3.17437 0.247225 19380
7 3 46 22.9785 0.51381 3.00795 0.718472 5646
7 3 47 21.103 0.30897 3.98465 0.310595 22388
7 3 48 23.2271 0.42683 2.67351 0.601137 5354
7 3 49 22.9496 0.337875 3.73908 0.692002 18710
7 3 50 22.6885 0.305534 3.29388 0.282121 10745
7 3 51 21.3329 0.303682 3.52451 0.334005 19215
7 3 52 21.1691 0.274296 3.45578 0.348676 19756
7 3 53 22.9001 0.323593 3.09406 0.778198 10422
7 3 54 22.0766 0.27611 3.32395 0.411447 19130
7 3 55 21.7905 0.276742 3.45131 0.329576 17357
7 3 56 21.3391 0.266498 3.5173 0.417588 20002
7 3 57 20.9694 0.2968 3.5357 0.414853 21376
7 3 58 21.358 0.262133 3.01406 0.411038 19013
7 3 59 20.9528 0.293336 3.52145 0.325457 19780
7 3 60 22.4782 0.334529 3.4058 0.458601 6304
7 3 61 21.3065 0.325128 3.78151 0.429489 19941
7 3 62 21.2046 0.301154 3.33997 0.350317 21126
7 3 63 21.1648 0.295255 3.18438 0.588454 18563
7 4 0 22.241 0.404095 4.13656 0.188752 20989
7 4 1 22.0886 0.512676 3.64791 0.325704 20489
7 4 2 21.548 0.47778 3.18111 0.34076 12244
7 4 3 20.76 0.392517 3.10583 0.327367 12175
7 4 4 22.5456 0.816117 2.28113 0.507808 1793
7 4 5 20.8867 0.361295 2.88057 0.388837 7675
7 4 6 21.1034 0.397136 3.82148 0.201392 16412
7 4 7 21.1854 0.361768 2.94337 0.312934 10866
7 4 8 22.2084 0.398685 3.28571 0.343591 16373
7 4 9 21.2562 0.373927 3.55087 0.217139 14235
7 4 10 21.6819 0.383327 2.95461 0.463015 12931
7 4 11 22.9927 0.563142 2.42261 0.509679 2161
7 4 12 21.6918 0.399474 3.47583 0.27156 12957
7 4 13 21.775 0.367942 2.73541 0.367829 10434
7 4 14 21.0062 0.428055 3.54473 0.195738 20638
7 4 15 22.0388 0.603438 2.73675 0.399808 2669
7 4 16 21.849 0.439743 3.0222 0.466542 12880
7 4 17 23.3341 0.468988 2.89085 0.428585 2972
7 4 18 23.0131 0.604557 2.43634 0.45917 1898
7 4 19 20.8999 0.424235 2.90012 0.511781 10494
7 4 20 22.4048 0.566102 1.98717 0.395811 1193
7 4 21 20.9339 0.400923 3.486 0.200494 15448
7 4 22 21.72 0.385005 2.67098 0.618409 10466
7 4 23 21.5686 0.451235 2.53781 0.339543 2953
7 4 24 20.67 0.400263 3.46941 0.225691 17145
7 4 25 20.7621 0.42599 3.46967 0.290148 9038
7 4 26 22.2383 0.38321 3.15321 0.592985 10542
7 4 27 22.81 0.572255 2.77975 0.367963 2153
7 4 28 21.2121 0.386527 2.98416 0.267969 9687
7 4 29 22.7865 0.838578 2.55587 0.582236 3391
7 4 30 23.0739 1.05515 2.15915 0.495135 1203
7 4 31 20.6577 0.354903 2.9172 0.332009 8931
7 4 32 21.0638 0.384442 2.749 0.443221 8949
7 4 33 22.5253 0.534374 2.6957 0.50149 1837
7 4 34 21.9806 0.391632 3.67581 0.231245 16635
7 4 35 21.328 0.356661 2.97185 0.389324 8649
7 4 36 23.5377 0.630421 2.19294 0.499148 1882
7 4 37 21.4459 0.395726 3.19504 0.323236 12903
7 4 38 20.9415 0.368613 2.87094 0.412788 8215
7 4 39 21.5916 0.417413 2.96536 0.535323 8344
7 4 40 22.5536 0.91871 2.7305 0.400079 2203
7 4 41 21.4694 0.452833 2.67879 0.601525 8520
7 4 42 21.7075 0.593674 2.68055 0.459162 4459
7 4 43 20.4662 0.441618 3.68867 0.234277 13343
7 4 44 21.1966 0.378585 2.97188 0.337501 7239
7 4 45 21.5078 0.396742 2.75994 0.426309 9467
7 4 46 20.4726 0.380914 3.63156 0.168784 15804
7 4 47 21.9681 0.405688 3.60091 0.406602 7585
7 4 48 21.3728 0.45181 2.72691 0.342693 1983
7 4 49 21.5131 0.369714 3.05803 0.379866 11510
7 4 50 20.8769 0.359636 3.00865 0.313376 8711
7 4 51 21.3947 0.398547 3.79181 0.204532 10514
7 4 52 21.1271 0.364274 3.04978 0.266357 12372
7 4 53 21.9217 0.396196 3.11531 0.448696 7352
7 4 54 20.9528 0.355148 2.87397 0.339076 9335
7 4 55 21.0309 0.432798 3.00415 0.380638 11578
7 4 56 20.093 0.36211 3.29207 0.308506 10082
7 4 57 21.0401 0.364183 3.18619 0.298366 10274
7 4 58 20.6743 0.364734 2.88197 0.323273 9741
7 4 59 20.4632 0.383025 3.51844 0.354007 14564
7 4 60 20.7391 0.402337 3.14242 0.318839 8364
7 4 61 20.1707 0.469886 3.50937 0.301024 12597
7 4 62 20.3896 0.408839 3.5222 0.273278 12493
7 4 63 19.7974 0.423003 2.93734 0.317981 11026
7 5 0 20.7074 0.323214 3.39803 0.439754 13136
7 5 1 20.2032 0.297385 3.16508 0.321986 12825
7 5 2 19.5672 0.307072 3.27648 0.346212 13371
7 5 3 19.0928 0.428212 3.39075 0.30074 15142
7 5 4 21.6294 0.50554 2.54847 0.565131 3020
7 5 5 19.867 0.287177 2.72916 0.469491 15192
7 5 6 19.5888 0.33544 3.13105 0.391793 15321
7 5 7 19.9813 0.303 3.2031 0.425544 16907
7 5 8 19.9148 0.285976 2.87782 0.528221 13774
7 5 9 20.121 0.303481 3.29853 0.469708 14196
7 5 10 20.4299 0.299935 3.35637 0.253716 14389
7 5 11 20.5542 0.331443 2.8919 0.579214 8866
7 5 12 19.6242 0.310934 2.73087 0.341791 14969
7 5 13 21.2225 0.301288 3.00281 0.431518 15119
7 5 14 19.7796 0.297484 3.24241 0.255439 13682
7 5 15 20.9731 0.477733 3.00127 0.518927 4450
7 5 16 20.1027 0.300243 3.59481 0.287298 16479
7 5 17 20.3486 0.276728 2.99181 0.318861 14884
7 5 18 19.8946 0.295501 3.27973 0.34869 15132
7 5 19 20.8973 0.301251 3.38058 0.291767 16575
7 5 20 21.5872 0.507727 2.34238 0.40681 2026
7 5 21 20.1012 0.285342 3.21112 0.306412 14235
7 5 22 19.5798 0.281327 2.83309 0.327181 15999
7 5 23 20.0252 0.286113 2.82116 0.527322 11524
7 5 24 19.4106 0.364354 2.86584 0.412382 13934
7 5 25 20.6588 0.289786 3.09323 0.398544 18756
7 5 26 19.7503 0.349586 3.10774 0.25465 15779
7 5 27 21.2407 0.343649 2.75256 0.499287 5913
7 5 28 20.1915 0.262381 2.72598 0.498745 18073
7 5 29 19.9936 0.30955 3.1266 0.324446 15659
7 5 30 21.5534 0.504077 2.19342 0.609393 2304
7 5 31 19.7792 0.298746 3.14944 0.301433 22466
7 5 32 19.478 0.339785 3.00078 0.329761 19713
7 5 33 20.4598 0.303937 2.69165 0.615434 13313
7 5 34 20.0993 0.292278 3.21881 0.348754 17612
7 5 35 21.0208 0.30829 3.4767 0.312249 20020
7 5 36 20.4729 0.262438 3.01506 0.448629 12125
7 5 37 20.1086 0.336902 2.82758 0.414461 9672
7 5 38 20.4403 0.304471 3.34634 0.282155 23730
7 5 39 20.5081 0.303226 3.16381 0.314265 26149
7 5 40 19.9582 0.325962 3.13696 0.389307 17385
7 5 41 20.644 0.281881 3.15419 0.272991 18983
7 5 42 19.9581 0.359928 2.69481 0.33311 11021
7 5 43 19.5348 0.348442 3.12527 0.32199 17643
7 5 44 20.146 0.264986 2.85426 0.26724 22109
7 5 45 20.0355 0.298725 3.13746 0.333647 19275
7 5 46 20.5887 0.295238 3.1793 0.360782 17802
7 5 47 21.4621 0.324859 3.67833 0.326966 26275
7 5 48 21.0305 0.431838 2.72657 0.730155 6811
7 5 49 19.8128 0.294038 2.91237 0.296484 18408
7 5 50 20.1177 0.284552 2.85801 0.414687 21902
7 5 51 20.564 0.312438 3.34168 0.256886 22825
7 5 52 19.681 0.301824 3.06237 0.305463 18354
7 5 53 19.7747 0.302638 3.31227 0.190252 26439
7 5 54 19.6574 0.288142 2.79956 0.261106 22709
7 5 55 20.1204 -3 0 0 23633
7 5 56 19.9565 0.276124 3.11894 0.331487 25828
7 5 57 19.5487 0.328616 3.27803 0.269196 23196
7 5 58 19.2681 0.320104 2.98252 0.246552 20601
7 5 59 19.6275 0.281448 3.00353 0.425318 11761
7 5 60 18.8704 0.358037 3.23453 0.247186 25310
7 5 61 20.372 0.344802 3.75874 0.302597 22526
7 5 62 19.4647 0.338867 3.45212 0.326999 20276
7 5 63 19.6764 0.350673 3.32606 0.301335 18047
7 6 0 21.0828 0.548333 4.18953 0.274493 12132
7 6 1 20.8814 0.429123 3.45761 0.301702 10575
7 6 2 20.6944 0.432834 3.19167 0.363174 10163
7 6 3 19.9866 0.507407 2.30366 0.519422 7293
7 6 4 20.4911 0.436914 2.55158 0.423573 5834
7 6 5 19.9417 0.490984 2.83995 0.278906 7658
7 6 6 20.2804 0.50175 3.08877 0.258123 6776
7 6 7 21.8314 0.478665 3.41812 0.293785 5955
7 6 8 20.7232 0.360924 2.54677 0.622448 9527
7 6 9 22.3061 0.495557 3.45198 0.319076 7499
7 6 10 20.4875 0.564815 2.86909 0.537906 6885
7 6 11 21.2458 0.502678 2.62121 0.46741 3075
7 6 12 20.3365 0.462127 2.72717 0.384501 5092
7 6 13 20.5901 0.445751 2.81001 0.333853 5751
7 6 14 21.3758 0.474649 3.2509 0.315058 10382
7 6 15 20.8762 0.532728 2.77637 0.374961 5050
7 6 16 20.8742 0.418898 3.07113 0.347118 6682
7 6 17 20.3442 0.429568 2.83412 0.304613 8562
7 6 18 20.8977 0.489013 2.34492 0.494418 5482
7 6 19 19.7287 0.419109 2.91302 0.361321 6066
7 6 20 20.5918 0.555719 2.66205 0.412942 5953
7 6 21 20.5586 0.418561 3.0396 0.360357 8691
7 6 22 20.4649 0.50221 2.49834 0.346169 6753
7 6 23 20.6946 0.434627 2.8834 0.47665 6417
7 6 24 19.6644 0.412853 3.39131 0.195242 9112
7 6 25 19.3447 0.585062 3.11547 0.359298 5995
7 6 26 21.1 0.496844 3.06214 0.341984 9588
7 6 27 21.4181 0.453811 2.63053 0.433385 4564
7 6 28 21.2465 0.451875 2.30106 0.422656 5249
7 6 29 20.6867 0.382349 2.7151 0.312004 6258
7 6 30 21.3699 0.436385 2.58672 0.442741 5205
7 6 31 20.5687 0.394451 2.63267 0.508816 5249
7 6 32 20.4948 0.435247 2.78082 0.39655 5014
7 6 33 21.4075 0.655354 2.54558 0.476394 4836
7 6 34 20.2147 0.416905 2.82145 0.469125 9431
7 6 35 20.653 0.46139 2.60922 0.425016 5285
7 6 36 21.3542 0.426967 2.77393 0.410763 4429
7 6 37 20.8341 0.407504 2.50066 0.528746 6283
7 6 38 21.6019 0.508067 2.55385 0.595807 4304
7 6 39 20.6442 0.424526 2.90962 0.302201 5257
7 6 40 20.3416 0.414947 2.51972 0.511756 5164
7 6 41 20.3994 0.380762 2.33753 0.487 4664
7 6 42 20.2163 0.455982 2.63158 0.371722 5610
7 6 43 19.4255 0.546585 2.80726 0.319175 6477
7 6 44 20.368 0.486471 2.24438 0.48646 4857
7 6 45 19.9076 0.590256 2.81185 0.293883 5189
7 6 46 21.147 0.4284 3.04491 0.290533 7726
7 6 47 20.9957 0.531603 2.77143 0.546429 4669
7 6 48 20.4793 0.563458 2.36436 0.373656 4720
7 6 49 20.3492 0.422549 2.68923 0.532533 5394
7 6 50 19.9319 0.405244 2.27137 0.491011 4663
7 6 51 21.4738 0.481394 3.17348 0.478887 5461
7 6 52 19.2778 0.695862 2.90695 0.440813 5759
7 6 53 20.4166 0.419029 3.15345 0.395266 4557
7 6 54 20.2315 0.450872 2.42678 0.415755 4687
7 6 55 20.4078 0.499207 2.66955 0.461613 5375
7 6 56 21.1163 0.54228 3.10097 0.524306 5192
7 6 57 20.3333 0.413656 2.7262 0.51728 5349
7 6 58 19.533 0.425605 2.34899 0.401114 5222
7 6 59 20.4934 0.466187 3.14715 0.303405 6620
7 6 60 20.5957 0.445801 2.82483 0.374751 5144
7 6 61 20.1279 0.514948 3.71509 0.276004 5869
7 6 62 19.7525 0.413085 2.61647 0.424973 6519
7 6 63 19.2947 0.436767 2.93378 0.313928 4963
7 7 0 21.5257 0.444053 3.37763 0.411256 6637
7 7 1 19.6825 0.438202 3.16276 0.342633 7091
7 7 2 21.7124 0.435695 3.41732 0.352002 6293
7 7 3 20.7718 0.461396 2.68931 0.407244 6590
7 7 4 20.9532 0.357471 2.72615 0.501149 6771
7 7 5 20.1324 0.519231 2.64983 0.465395 6830
7 7 6 20.8604 0.472553 2.8905 0.386616 6886
7 7 7 20.4546 0.378267 3.11739 0.250906 7841
7 7 8 21.2169 0.430644 3.17767 0.514787 6139
7 7 9 20.9553 0.461491 2.70017 0.535866 6473
7 7 10 21.1068 0.41612 3.21431 0.355644 6775
7 7 11 21.1084 0.348722 2.67624 0.410567 7170
7 7 12 20.3192 0.506213 2.73891 0.324551 6722
7 7 13 20.4451 0.478646 2.73997 0.336594 7653
7 7 14 20.7043 0.360775 2.86137 0.461199 7015
7 7 15 20.4641 0.402603 2.49527 0.461537 7710
7 7 16 21.6204 0.488479 2.95557 0.788836 7133
7 7 17 21.049 0.331953 2.59899 0.38571 7607
7 7 18 21.0979 0.439355 2.62075 0.40023 5907
7 7 19 22.1884 0.469004 3.20769 0.600144 7913
7 7 20 20.6782 0.44189 2.62152 0.433749 3826
7 7 21 20.8389 0.638036 2.90095 0.781512 7146
7 7 22 20.6055 0.415049 2.90915 0.317184 6628
7 7 23 20.6169 0.42151 3.30809 0.307058 6503
7 7 24 19.7752 0.394777 2.96369 0.304292 6649
7 7 25 21.9911 0.380371 3.26468 0.43942 8926
7 7 26 21.1736 0.416241 3.32189 0.264307 7354
7 7 27 21.389 0.389949 2.32247 0.49799 7533
7 7 28 21.0299 0.336842 2.75215 0.378793 8473
7 7 29 20.8343 0.52833 2.89752 0.405229 7805
7 7 30 21.7725 0.359596 2.77718 0.438704 4362
7 7 31 21.8932 0.374956 3.07907 0.389714 10666
7 7 32 21.2284 0.434586 2.85871 0.28928 9094
7 7 33 21.8359 0.408761 3.19458 0.411113 7338
7 7 34 21.7974 0.388196 3.22178 0.257411 8439
7 7 35 21.4901 0.402074 3.29743 0.263618 11602
7 7 36 22.1533 0.690451 2.47738 0.421268 1546
7 7 37 21.0854 0.423314 2.81952 0.371837 8342
7 7 38 22.0385 0.397966 3.19369 0.329352 14405
7 7 39 20.6679 0.40313 3.55801 0.264005 14588
7 7 40 21.6872 0.418657 2.62193 0.73905 6327
7 7 41 21.1196 0.376687 2.87575 0.222943 11168
7 7 42 20.3683 0.571081 2.97352 0.420891 7041
7 7 43 20.6361 0.387018 2.96529 0.291093 9404
7 7 44 20.5066 0.448535 2.8502 0.384084 13124
7 7 45 20.7028 0.455131 2.97011 0.459792 11422
7 7 46 21.0284 0.362593 3.14252 0.297526 10135
7 7 47 21.024 0.402222 3.92669 0.209502 16718
7 7 48 21.7584 0.470798 2.9605 0.380948 6972
7 7 49 22.2532 0.440223 2.77701 0.4501 4743
7 7 50 20.3898 0.379786 2.88115 0.287166 12710
7 7 51 21.0947 0.39958 3.55389 0.269445 14076
7 7 52 20.9471 0.368559 2.91188 0.351003 10224
7 7 53 20.2535 0.436627 3.63694 0.20312 14716
7 7 54 20.2299 0.582121 3.12319 0.360026 12281
7 7 55 20.3261 0.352367 3.09236 0.221481 11620
7 7 56 20.012 0.398683 3.4984 0.235759 14503
7 7 57 21.227 0.389611 3.36582 0.306569 13824
7 7 58 20.2074 0.411838 2.97917 0.265696 12089
7 7 59 20.7056 0.365442 3.25097 0.387992 10471
7 7 60 20.0407 0.401737 3.53514 0.203463 14846
7 7 61 20.6678 0.378915 3.72164 0.294496 14205
7 7 62 19.979 0.39036 3.62535 0.272039 12046
7 7 63 19.9446 0.389001 3.10659 0.189964 12293
7 8 0 21.7822 0.34938 3.24217 0.399406 7435
7 8 1 20.837 0.386428 2.66721 0.538111 7883
7 8 2 20.4204 0.347275 2.96075 0.300709 7609
7 8 3 20.991 0.312547 3.06099 0.297617 9471
7 8 4 20.116 0.521729 2.75045 0.465296 8834
7 8 5 20.4489 0.474563 2.59075 0.401176 8175
7 8 6 20.7276 0.415095 3.17331 0.361638 7982
7 8 7 21.3398 0.371269 3.46797 0.394604 11366
7 8 8 20.664 0.3328 2.79423 0.351238 7353
7 8 9 20.8708 0.397395 3.14905 0.505137 9375
7 8 10 18.5617 0.606468 2.11878 0.620919 229
7 8 11 20.6485 0.327317 2.93803 0.313697 7890
7 8 12 20.9278 0.364643 2.69914 0.48029 8491
7 8 13 21.0318 0.363081 2.58619 0.640166 10147
7 8 14 20.8175 0.369737 3.35361 0.430183 7449
7 8 15 20.8411 0.354025 2.95076 0.337478 9366
7 8 16 21.2672 0.367181 3.39672 0.277504 11778
7 8 17 20.6233 0.400139 2.86702 0.527591 7964
7 8 18 19.9521 0.443227 3.1621 0.446022 9943
7 8 19 20.4662 0.368079 3.42929 0.33858 12189
7 8 20 22.3288 0.411362 2.86648 0.798506 7981
7 8 21 20.5198 0.388873 3.33938 0.349921 8104
7 8 22 21.0023 0.366415 2.76578 0.565232 9415
7 8 23 20.4213 0.342077 2.87771 0.401578 9301
7 8 24 21.4011 0.396418 2.97308 0.26019 7066
7 8 25 20.3442 0.394095 3.10563 0.350657 13796
7 8 26 21.9734 0.369549 3.47787 0.40723 7458
7 8 27 20.6609 0.314697 2.40532 0.677021 11348
7 8 28 22.0731 0.388746 3.41297 0.437467 10858
7 8 29 21.1232 0.380531 2.36206 0.724201 4777
7 8 30 21.0903 0.364663 3.17213 0.288007 9922
7 8 31 20.3457 0.482589 3.64706 0.291811 15437
7 8 32 21.8 0.315095 3.15274 0.296361 11838
7 8 33 20.7955 0.410818 3.22325 0.42712 11736
7 8 34 21.2841 0.373479 3.63839 0.285293 8140
7 8 35 21.291 0.39643 3.53985 0.269833 17236
7 8 36 21.1751 0.40942 2.93945 0.403185 4879
7 8 37 21.0551 0.362432 2.88691 0.359095 9085
7 8 38 21.1848 0.336582 3.17483 0.256957 20881
7 8 39 21.9183 0.371912 3.68347 0.286099 16659
7 8 40 21.2642 0.313169 2.712 0.569992 6881
7 8 41 20.6948 0.353294 2.92423 0.314273 15036
7 8 42 23.246 0.545571 1.73956 0.361409 957
7 8 43 20.819 0.373208 3.23586 0.340036 9332
7 8 44 20.9651 0.468614 3.17573 0.43691 14719
7 8 45 20.2718 0.409547 2.94189 0.482826 9729
7 8 46 22.0591 0.432097 3.41024 0.566879 9391
7 8 47 21.8044 0.362937 3.87863 0.272855 21461
7 8 48 22.57 0.551309 1.77159 0.441484 1161
7 8 49 20.8476 0.329226 3.1763 0.278867 12174
7 8 50 20.6414 0.371509 3.00789 0.277967 15083
7 8 51 21.5075 0.379635 3.5527 0.544206 13150
7 8 52 20.8583 0.346218 2.8653 0.389726 10229
7 8 53 20.8946 0.374907 3.72849 0.236314 17416
7 8 54 21.6688 0.57149 2.67194 0.589883 2090
7 8 55 20.8753 0.364547 3.23711 0.273403 12733
7 8 56 21.3832 0.379655 3.43179 0.344152 15046
7 8 57 21.4328 0.47376 4.19719 0.586725 14153
7 8 58 22.3595 0.723596 2.43059 0.353879 1837
7 8 59 20.5488 0.442081 3.51658 0.396629 9813
7 8 60 21.6425 0.369654 3.52915 0.319798 14976
7 8 61 21.3617 0.373426 3.16915 0.404468 13718
7 8 62 20.2687 0.380573 3.36987 0.273862 11900
7 8 63 20.6167 0.495109 2.53118 0.62443 2256
7 9 0 21.6799 0.642534 3.9198 0.255875 10096
7 9 1 21.4555 0.439309 3.21056 0.301419 8291
7 9 2 21.1659 0.498323 3.3657 0.232998 7272
7 9 3 21.4422 0.385095 2.85243 0.400428 5169
7 9 4 22.1762 0.686787 2.86 0.351396 920
7 9 5 26 -2 0 0 6108
7 9 6 22.0005 0.613623 3.96772 0.453159 7052
7 9 7 20.8827 0.490264 2.67728 0.392128 4912
7 9 8 21.3163 0.379072 2.98019 0.375721 6418
7 9 9 21.6757 0.552678 2.8106 0.546784 4914
7 9 10 21.2801 0.49415 3.00783 0.469187 4942
7 9 11 21.2691 0.386251 2.77943 0.470943 6340
7 9 12 21.1777 0.554305 3.17318 0.511428 5382
7 9 13 20.7367 0.459445 2.86323 0.370251 4351
7 9 14 21.4225 0.592637 3.66302 0.324589 8418
7 9 15 21.9182 0.491928 2.9187 0.430911 3757
7 9 16 21.3472 0.511724 3.51337 0.254396 5019
7 9 17 22.2552 0.41061 2.84218 0.49862 6520
7 9 18 21.7189 0.975756 2.60846 0.434984 3027
7 9 19 21.2776 0.473251 2.84815 0.339105 4358
7 9 20 22.4012 0.799121 2.17322 0.498546 506
7 9 21 22.5179 0.543772 3.21871 0.445539 3499
7 9 22 21.8128 0.443163 2.85857 0.363783 4507
7 9 23 23.4074 0.634365 2.54318 0.330504 801
7 9 24 21.52 0.424455 3.02124 0.289188 7992
7 9 25 21.6343 0.435125 2.82149 0.393118 3993
7 9 26 21.7533 0.47697 3.2997 0.260607 7852
7 9 27 21.8943 0.468664 2.71617 0.481529 3420
7 9 28 22.3189 0.707508 3.05939 0.482737 3855
7 9 29 23.0146 0.533515 3.90622 0.331872 5188
7 9 30 21.261 0.582911 3.34671 0.284523 2257
7 9 31 21.4925 0.608739 3.04181 0.285626 4161
7 9 32 21.2921 0.563897 2.38523 0.473503 3779
7 9 33 22.4945 0.535486 2.86504 0.356576 869
7 9 34 22.4799 0.4205 2.83399 0.54246 6738
7 9 35 21.018 0.493677 2.62903 0.416819 3680
7 9 36 22.6477 0.619213 2.65176 0.398968 430
7 9 37 22.1027 0.412782 2.91241 0.491373 2546
7 9 38 21.9855 0.417398 2.86012 0.528937 3049
7 9 39 20.8071 0.649112 2.87316 0.397478 4268
7 9 40 22.6295 0.458478 2.71929 0.54536 1957
7 9 41 21.3395 0.637365 2.85899 0.308845 3602
7 9 42 21.5414 0.842503 3.44515 0.326737 1262
7 9 43 22.1306 0.483564 2.73571 0.389295 2694
7 9 44 21.2913 0.470741 2.496 0.445493 3454
7 9 45 20.7061 0.434303 2.47282 0.350773 3988
7 9 46 21.3907 0.46841 3.44581 0.411823 6294
7 9 47 21.465 0.407326 2.93449 0.549861 3091
7 9 48 20.838 0.491198 2.72134 0.475115 3756
7 9 49 21.8095 0.485614 2.95977 0.391573 1961
7 9 50 20.9463 0.463073 2.58661 0.500111 3784
7 9 51 21.5875 0.53376 3.11275 0.307123 4560
7 9 52 20.611 0.684563 3.07715 0.302151 5647
7 9 53 20.4558 0.625708 2.96425 0.530621 3725
7 9 54 21.175 0.507735 2.75266 0.398448 3566
7 9 55 20.5951 0.481342 2.9816 0.32699 4863
7 9 56 22.2261 0.468758 3.0301 0.389142 4057
7 9 57 20.5578 0.632413 2.86115 0.480557 4275
7 9 58 20.7774 0.569963 2.70618 0.476271 4040
7 9 59 20.3577 0.45051 3.04727 0.41604 6024
7 9 60 20.5737 0.437132 3.03602 0.398488 3521
7 9 61 20.8043 0.578746 3.19459 0.342072 5371
7 9 62 20.9746 0.496356 3.02222 0.41822 5247
7 9 63 20.4556 0.567567 2.96356 0.470846 4300
7 10 0 23.716 0.401137 4.10298 0.220444 10029
7 10 1 21.5497 0.399387 4.4965 0.328379 11153
7 10 2 23.1883 0.379091 4.04742 0.317335 11095
7 10 3 22.5069 0.356588 3.74799 0.242566 13437
7 10 4 23.1836 0.366737 3.61004 0.30443 12968
7 10 5 22.3959 0.367594 3.34717 0.383608 12595
7 10 6 22.6802 0.408477 3.94165 0.197917 11744
7 10 7 22.4861 0.393343 3.77216 0.197543 18472
7 10 8 22.2946 0.368461 3.73908 0.368319 10886
7 10 9 22.3713 0.361747 3.76721 0.330295 13584
7 10 10 23.2132 0.399479 3.92369 0.334687 14505
7 10 11 21.8216 0.334866 3.57812 0.284744 12776
7 10 12 23.2253 0.381443 3.8363 0.33553 12372
7 10 13 22.7443 0.356599 3.52413 0.343222 10811
7 10 14 22.4375 0.374753 4.09573 0.325489 10581
7 10 15 23.0997 0.408369 3.16733 0.375349 7457
7 10 16 22.4532 0.413716 4.54242 0.18138 18066
7 10 17 22.1489 0.338247 3.52097 0.335395 11921
7 10 18 24.1634 0.434424 3.75879 0.368525 12582
7 10 19 22.4456 0.382671 3.80155 0.188169 18208
7 10 20 23.5045 0.610111 1.5181 0.780343 1430
7 10 21 23.3768 0.370665 4.1161 0.266397 11984
7 10 22 22.4629 0.371128 3.68188 0.226598 14295
7 10 23 23.0648 0.387322 4.03889 0.207504 9474
7 10 24 23.6031 0.402977 3.862 0.287047 10399
7 10 25 22.5069 0.40885 4.34048 0.208168 19146
7 10 26 22.8493 0.368757 3.83127 0.198331 11821
7 10 27 23.104 0.396009 3.60865 0.510548 10167
7 10 28 25.7479 0.598556 1.77045 0.801382 2920
7 10 29 22.7249 0.36384 3.71615 0.445445 10251
7 10 30 24.5476 0.52408 2.10047 0.525885 1443
7 10 31 23.6288 0.38032 4.1478 0.137404 19433
7 10 32 23.9162 0.600203 2.25694 0.657554 3480
7 10 33 24.3521 0.713933 2.04377 0.384253 1955
7 10 34 23.1378 0.399484 4.44917 0.308495 11057
7 10 35 23.6234 0.407673 3.82658 0.257976 18827
7 10 36 23.1901 0.523703 2.0875 0.36851 1264
7 10 37 24.1887 0.574934 2.30569 0.515659 2259
7 10 38 23.0822 0.370936 4.08968 0.170541 19187
7 10 39 22.758 0.443909 4.07836 0.316286 17330
7 10 40 24.0507 0.782198 1.85155 0.656002 1711
7 10 41 22.2307 0.421089 4.08304 0.267191 16503
7 10 42 23.3194 0.35651 3.88223 0.363503 13010
7 10 43 23.2277 0.35658 3.28346 0.309831 13324
7 10 44 22.9291 0.44412 3.88687 0.285682 16009
7 10 45 0 -10 0 0 0
7 10 46 22.1276 0.331012 3.85413 0.223054 13078
7 10 47 24.2151 0.414769 4.54088 0.23774 20150
7 10 48 22.1355 0.323276 3.61608 0.293705 6915
7 10 49 23.1595 0.364345 3.80973 0.228924 12955
7 10 50 22.2794 0.338862 3.30376 0.330534 11951
7 10 51 22.1055 0.361046 3.96223 0.276945 15623
7 10 52 23.206 0.39811 3.89652 0.24784 11982
7 10 53 23.4789 0.392428 4.01683 0.238016 18269
7 10 54 22.1776 0.35358 3.55681 0.234061 16307
7 10 55 23.905 0.372715 3.83034 0.392169 11124
7 10 56 22.0716 0.392207 4.04027 0.251839 16729
7 10 57 23.6344 0.377692 4.09282 0.340884 14223
7 10 58 22.2474 0.327351 3.32711 0.379576 13771
7 10 59 23.1241 0.483715 2.97024 0.442358 4947
7 10 60 21.9635 0.387926 4.14069 0.216838 17562
7 10 61 23.1473 0.408986 4.42215 0.251069 13866
7 10 62 23.809 0.426239 4.19364 0.378141 12156
7 10 63 22.6747 0.378648 3.74814 0.353001 12809
7 11 0 22.1642 0.390324 3.43424 0.312531 18433
7 11 1 21.3174 0.382519 3.33468 0.213662 15198
7 11 2 21.5221 0.440811 3.55111 0.25553 12529
7 11 3 21.0545 0.39754 2.83535 0.596391 8865
7 11 4 23.8385 0.653539 1.92836 0.432525 1288
7 11 5 21.1679 0.355776 3.0722 0.20683 10313
7 11 6 21.4489 0.403348 3.45688 0.219133 11128
7 11 7 21.1766 0.373498 3.03054 0.324028 7106
7 11 8 21.5782 0.374849 2.79058 0.424641 11845
7 11 9 22.5278 0.394262 3.4961 0.382552 8751
7 11 10 21.3474 0.37354 3.4429 0.341245 8820
7 11 11 22.2732 0.492831 2.44965 0.594255 1646
7 11 12 21.9791 0.405482 3.14546 0.404992 8173
7 11 13 21.133 0.477831 2.40067 0.757334 7328
7 11 14 21.3801 0.38702 3.49934 0.173251 15168
7 11 15 22.9713 0.570515 2.67439 0.374854 1573
7 11 16 21.4653 0.414781 3.74753 0.362998 7767
7 11 17 22.0527 0.370698 3.38781 0.385906 12945
7 11 18 20.5187 0.391029 2.8654 0.421822 7056
7 11 19 21.2408 0.402396 3.03763 0.330444 7689
7 11 20 22.9406 0.527699 1.5014 0.718838 573
7 11 21 21.788 0.383405 3.34776 0.239683 10285
7 11 22 21.2352 0.412533 2.7677 0.434969 7906
7 11 23 21.9955 0.399101 3.29582 0.342763 9186
7 11 24 22.8991 0.456682 3.00849 0.522071 13261
7 11 25 21.4909 0.398528 2.7082 0.565101 7444
7 11 26 22.1572 0.369219 3.18168 0.355259 13953
7 11 27 21.9547 0.340681 3.10279 0.274152 8619
7 11 28 21.7827 0.357399 2.66827 0.439599 5789
7 11 29 21.0742 0.583311 3.23697 0.344154 12017
7 11 30 21.7384 0.568761 2.88504 0.537795 3773
7 11 31 20.9744 0.417015 2.74709 0.653058 7041
7 11 32 21.1322 0.387745 2.81466 0.307056 6890
7 11 33 21.1226 0.394557 2.8968 0.367068 7806
7 11 34 25 -2 0 0 15641
7 11 35 21.2393 0.478892 2.51784 0.673772 6761
7 11 36 22.1017 0.394292 3.37863 0.371851 8076
7 11 37 22.5574 0.501995 2.76254 0.313857 2093
7 11 38 21.9085 0.403703 2.83451 0.598252 6840
7 11 39 21.2695 0.48679 3.15293 0.366457 5428
7 11 40 22.9867 0.876624 1.75637 0.57887 665
7 11 41 22.1741 0.367964 2.73077 0.447285 5568
7 11 42 21.4648 -3 0 0 4540
7 11 43 21.013 0.401877 3.38241 0.190651 12601
7 11 44 21.2151 0.434177 2.99584 0.342866 6607
7 11 45 21.901 0.371707 2.90179 0.518064 6816
7 11 46 21.0809 0.415735 3.38088 0.231267 14697
7 11 47 21.2996 0.368706 3.36209 0.355435 6906
7 11 48 21.1623 0.357599 3.08766 0.30436 8361
7 11 49 21.9319 0.469408 3.63185 0.45226 7281
7 11 50 21.972 0.403651 2.89792 0.459257 7319
7 11 51 20.099 0.670504 3.76348 0.393076 11583
7 11 52 20.5452 0.448462 3.02805 0.33241 12002
7 11 53 22.9142 0.466495 3.47137 0.324134 3208
7 11 54 21.1053 0.431844 2.50987 0.68458 4864
7 11 55 20.9417 0.325247 3.01537 0.377495 11705
7 11 56 20.9862 0.386263 3.88329 0.310615 9762
7 11 57 21.0609 0.385799 3.2036 0.344614 10185
7 11 58 20.0481 0.478002 3.35632 0.38394 9313
7 11 59 21.4898 0.355597 3.36683 0.199055 14450
7 11 60 21.5367 0.534316 3.81507 0.277156 6625
7 11 61 20.6668 0.427364 3.71741 0.179667 12556
7 11 62 20.7337 0.377046 3.24914 0.260384 14012
7 11 63 20.3249 0.372457 2.89176 0.327447 9808
7 12 0 20.0908 0.286033 3.60035 0.217694 21218
7 12 1 21.6782 0.593454 2.20104 0.538739 4112
7 12 2 20.7866 0.377055 2.86833 0.316593 8964
7 12 3 19.7229 0.290871 2.78374 0.339868 21618
7 12 4 21.6521 0.484473 2.52275 0.608379 4065
7 12 5 19.6469 0.285608 2.69454 0.422846 19569
7 12 6 20.1679 0.276823 3.27052 0.389927 22058
7 12 7 19.2543 0.30954 3.17904 0.262268 25428
7 12 8 19.603 0.246854 2.66976 0.313737 19412
7 12 9 19.3566 0.262724 3.00917 0.351243 25314
7 12 10 20.9148 0.317172 3.46233 0.405038 25543
7 12 11 20.3363 0.266361 2.83125 0.505135 18391
7 12 12 19.9574 0.261466 2.81176 0.373966 20630
7 12 13 19.8905 0.311536 2.78829 0.313685 20317
7 12 14 19.9352 0.278156 3.02394 0.377537 17148
7 12 15 18.9958 0.358739 2.82301 0.32545 21086
7 12 16 20.5339 0.292621 3.63222 0.355346 28387
7 12 17 19.9094 0.274746 2.87479 0.370798 17816
7 12 18 21.2336 0.428122 2.90793 0.354232 7717
7 12 19 20.0295 0.291535 2.98333 0.217138 25246
7 12 20 21.3181 0.483977 2.2778 0.520906 2306
7 12 21 20.0358 0.265815 3.09714 0.20396 25056
7 12 22 19.7288 0.321557 2.63821 0.449753 22832
7 12 23 21.4606 0.407758 2.50405 0.482947 3196
7 12 24 19.9731 0.250674 2.73689 0.370123 18500
7 12 25 20.6371 0.268002 3.04281 0.353471 22359
7 12 26 20.7673 0.278103 3.08537 0.408736 15502
7 12 27 21.9281 0.498655 2.57223 0.727463 4544
7 12 28 20.2191 0.277123 2.64751 0.265064 20285
7 12 29 19.7968 0.285279 2.77344 0.382809 13960
7 12 30 21.2759 0.530942 2.32918 0.578583 2190
7 12 31 20.0101 0.289871 2.89863 0.305113 21203
7 12 32 19.6024 0.382019 2.66317 0.306682 19138
7 12 33 20.2802 0.440234 2.84046 0.367233 8432
7 12 34 21.4126 0.418037 3.05712 0.388859 5675
7 12 35 20.1434 0.310046 2.87865 0.46087 20807
7 12 36 20.7447 0.426255 2.83971 0.496088 9396
7 12 37 20.514 0.280615 3.07738 0.235254 14888
7 12 38 20.5585 0.307263 3.45985 0.271593 17054
7 12 39 20.2562 0.307765 2.89461 0.351556 14090
7 12 40 19.8849 0.27923 2.68034 0.499053 14959
7 12 41 19.898 0.257762 2.78075 0.237361 17313
7 12 42 19.914 0.245489 2.769 0.291919 15702
7 12 43 20.1336 0.288382 2.72212 0.342797 14454
7 12 44 20.0113 0.271184 2.85889 0.283599 15962
7 12 45 20.5695 0.28127 3.00115 0.389739 15979
7 12 46 19.7733 0.286698 3.12347 0.309117 14745
7 12 47 20.4375 0.310728 3.45667 0.369315 17426
7 12 48 19.7688 0.317768 2.77267 0.246875 16456
7 12 49 19.6995 0.304678 2.78699 0.31496 13616
7 12 50 20.2495 0.262274 2.81586 0.371806 14668
7 12 51 19.7073 0.346258 3.18103 0.345299 12260
7 12 52 19.8077 0.268275 2.60327 0.351306 14292
7 12 53 20.3608 0.29203 2.98393 0.446642 14925
7 12 54 20.041 0.315247 2.90925 0.326798 13724
7 12 55 19.5369 0.293255 2.7849 0.327816 12506
7 12 56 20.084 0.28583 3.06672 0.372771 12884
7 12 57 19.3999 0.291237 2.91245 0.336594 12939
7 12 58 20.1114 0.26064 2.75642 0.433549 13152
7 12 59 19.4175 0.318367 3.06461 0.310266 13080
7 12 60 20.0506 0.310078 3.01153 0.390073 14272
7 12 61 19.6977 0.282141 3.1392 0.574978 12238
7 12 62 19.6627 0.264088 2.87451 0.477483 12650
7 12 63 19.6833 0.27137 2.76295 0.349438 12718
7 13 0 24.7681 0.529706 4.2618 0.129245 8039
7 13 1 24.8615 0.568021 4.00201 0.349665 6297
7 13 2 24.2293 0.635183 4.41538 0.250014 5975
7 13 3 24.5472 0.50566 3.33779 0.416651 4501
7 13 4 25.3776 0.730399 3.4641 0.310561 3154
7 13 5 24.036 0.525417 3.38101 0.326147 5328
7 13 6 24.0167 0.825671 3.63838 0.46435 4668
7 13 7 25.0353 0.527233 3.71073 0.317983 3708
7 13 8 24.3618 0.493318 3.43161 0.243489 6145
7 13 9 24.3379 0.480002 3.60417 0.305126 4510
7 13 10 24.5222 0.535833 3.54572 0.31537 4212
7 13 11 24.8753 0.580196 3.21836 0.431006 3440
7 13 12 24.4922 0.662335 3.55503 0.365927 4745
7 13 13 24.568 0.649446 3.30027 0.367593 4044
7 13 14 25.0118 0.584339 4.16632 0.221751 8123
7 13 15 23.4193 0.477584 3.11356 0.364951 5060
7 13 16 24.8145 0.540156 4.31354 0.235083 4100
7 13 17 23.6934 0.490814 3.85795 0.218286 7562
7 13 18 24.7222 0.530044 3.38957 0.285907 3215
7 13 19 23.7265 0.55573 3.48058 0.347624 4194
7 13 20 24.8644 0.665983 3.11482 0.403091 898
7 13 21 24.5222 0.502538 3.68761 0.362802 4990
7 13 22 25.5046 0.641445 3.2151 0.479983 3806
7 13 23 25.3127 0.579744 4.17914 0.283941 5469
7 13 24 25.8514 0.526382 3.85731 0.242224 6264
7 13 25 24.8202 0.516014 3.64715 0.304711 4124
7 13 26 24.7317 0.495687 4.05181 0.276516 8576
7 13 27 23.8438 0.696356 3.77649 0.400257 5056
7 13 28 24.6287 0.561349 3.0182 0.503778 4265
7 13 29 25.4689 0.992188 3.8213 0.351456 8057
7 13 30 24.8708 0.636438 3.06889 0.513153 1025
7 13 31 24.753 0.495786 3.51799 0.206696 4672
7 13 32 25.3764 0.535792 3.6952 0.311785 4066
7 13 33 24.4417 0.543627 3.60053 0.250122 5242
7 13 34 23.5423 0.532214 4.05693 0.267547 10689
7 13 35 24.0997 0.486157 3.75802 0.278206 4432
7 13 36 24.8549 0.483301 3.26859 0.508874 3396
7 13 37 25.7128 0.781047 3.01932 0.302009 1572
7 13 38 23.8031 0.732177 3.60021 0.554886 4595
7 13 39 25.0982 0.52161 3.7731 0.310985 7645
7 13 40 24.2594 0.53444 3.63485 0.33049 4391
7 13 41 24.7602 0.449555 3.40682 0.395717 4682
7 13 42 24.6738 0.493416 3.91943 0.20444 6728
7 13 43 25.5499 0.609581 3.09233 0.602562 3669
7 13 44 25.0948 0.489004 3.96303 0.169447 4887
7 13 45 24.22 0.705564 3.10813 0.589824 5397
7 13 46 24.4001 0.480704 3.70472 0.318301 6416
7 13 47 24.8693 0.551272 4.59455 0.268726 5414
7 13 48 24.5577 0.454134 3.24647 0.549693 5998
7 13 49 24.1766 0.456373 3.95267 0.1873 7587
7 13 50 24.0866 0.545921 3.39323 0.274586 6054
7 13 51 25.5515 0.5601 4.01203 0.199852 9682
7 13 52 22.4849 0.526283 3.90224 0.220618 9572
7 13 53 25.8344 0.613047 3.99349 0.508739 5544
7 13 54 23.4368 0.526113 3.34623 0.365983 6446
7 13 55 23.6377 0.512691 3.67858 0.264687 10114
7 13 56 24.6253 0.619485 3.33699 0.36384 8732
7 13 57 25.7628 0.533949 4.23312 0.226666 8681
7 13 58 23.4309 0.451626 3.66846 0.198733 6623
7 13 59 25.0559 0.647391 3.70965 0.346181 10054
7 13 60 23.9024 0.516075 3.57629 0.409478 6811
7 13 61 23.6673 0.511008 4.44463 0.189309 12784
7 13 62 25.3252 0.545264 3.85478 0.244496 10111
7 13 63 32 -2 0 0 7781
7 14 0 19.8888 0.388999 3.5961 0.330924 11556
7 14 1 19.9461 0.354408 3.00751 0.319926 11980
7 14 2 20.6863 0.415806 3.75521 0.353556 11636
7 14 3 19.6436 0.366669 2.96738 0.294215 10996
7 14 4 19.4645 0.372627 2.60152 0.239799 9654
7 14 5 23 -2 0 0 10796
7 14 6 24 -2 0 0 13010
7 14 7 20.5622 0.457569 3.34747 0.521086 14146
7 14 8 20.1856 0.385418 2.73344 0.530783 9813
7 14 9 24 -2 0 0 14358
7 14 10 19.0433 0.43067 3.43975 0.207058 13931
7 14 11 19.6842 0.392324 2.42668 0.448666 8897
7 14 12 18.9188 0.394168 2.84537 0.191546 11351
7 14 13 19.9579 0.386317 2.55632 0.375962 10463
7 14 14 19.862 0.383451 2.97502 0.323376 9655
7 14 15 19.6698 0.48721 2.31492 0.57246 10019
7 14 16 19.9675 0.346262 3.34929 0.233913 16547
7 14 17 19.8793 0.484813 2.482 0.478773 8349
7 14 18 19.784 0.33406 2.76403 0.229214 10022
7 14 19 20.3695 0.417238 2.77697 0.538197 12244
7 14 20 20.2015 0.368561 2.80341 0.370386 5614
7 14 21 19.4272 0.344499 2.97291 0.431334 13549
7 14 22 19.278 0.451756 2.80527 0.333953 11990
7 14 23 20.1012 0.352355 2.59303 0.437542 7589
7 14 24 19.804 0.349197 2.68914 0.395649 9521
7 14 25 19.802 0.408192 3.026 0.418666 10612
7 14 26 20.4927 0.44755 3.07391 0.428779 7989
7 14 27 19.9299 0.408097 2.9832 0.290892 5323
7 14 28 20.167 0.4146 2.44334 0.535226 9239
7 14 29 20.173 0.390852 2.56327 0.332413 7321
7 14 30 20.756 0.5358 3.02103 0.389876 2010
7 14 31 19.5258 0.436756 2.96349 0.322173 10006
7 14 32 19.3421 0.495876 2.65365 0.331164 8099
7 14 33 20.2782 0.41955 2.32609 0.576573 6341
7 14 34 19.6434 0.38639 2.74261 0.35285 7773
7 14 35 19.9521 0.507369 2.75529 0.589292 8404
7 14 36 20.4257 0.47409 2.76603 0.29584 1758
7 14 37 20.2759 0.402947 2.93377 0.358907 6626
7 14 38 20.3512 0.363568 2.84181 0.348118 7489
7 14 39 19.7997 0.406213 2.54896 0.429127 6290
7 14 40 20.0034 0.352968 2.7862 0.347264 7208
7 14 41 19.6473 0.345615 2.5682 0.376095 7205
7 14 42 19.8068 0.535488 2.67969 0.32735 6661
7 14 43 19.8819 0.358613 2.53522 0.471451 6840
7 14 44 19.5986 0.403439 2.52581 0.274305 7151
7 14 45 19.3138 0.468176 2.51135 0.429829 7081
7 14 46 19.0213 0.548155 2.52829 0.517179 7239
7 14 47 19.5993 0.421874 3.49116 0.178743 7213
7 14 48 19.214 0.469437 2.259 0.464864 7259
7 14 49 19.1381 0.456749 2.43174 0.364822 6406
7 14 50 19.5014 0.420124 2.45633 0.43544 6257
7 14 51 19.3229 0.458186 3.24414 0.317064 5749
7 14 52 19.3543 0.722182 2.47242 0.534139 6701
7 14 53 19.2737 0.42038 2.72326 0.473364 6847
7 14 54 18.8733 0.373531 2.34558 0.406441 6574
7 14 55 19.3213 0.440874 2.35955 0.345022 6237
7 14 56 19.5416 0.383276 2.63607 0.394548 6402
7 14 57 19.5403 0.338642 3.04965 0.256135 6311
7 14 58 19.1926 0.371658 2.29259 0.497141 6176
7 14 59 19.3992 0.397578 2.85748 0.35523 6117
7 14 60 19.2503 0.383138 3.00836 0.379943 6303
7 14 61 19.4809 0.429349 2.96851 0.548195 6265
7 14 62 20.0971 0.426165 2.6144 0.500464 5616
7 14 63 19.0348 0.396219 2.24116 0.495172 6432
7 15 0 21.243 0.485962 2.95046 0.419889 5685
7 15 1 20.1461 0.623883 2.68743 0.469174 5061
7 15 2 20.1682 0.513103 3.12837 0.244752 4724
7 15 3 20.534 0.751534 2.33814 0.376257 3702
7 15 4 20.6608 0.643588 2.61774 0.289829 2325
7 15 5 19.895 0.44529 2.45979 0.300055 4396
7 15 6 19.8595 0.44205 2.95914 0.18764 4705
7 15 7 20.1135 0.650001 2.51506 0.345029 3830
7 15 8 20.2856 0.560528 2.3496 0.408014 4697
7 15 9 20.0575 0.501225 2.35852 0.414044 4179
7 15 10 20.0535 0.499471 2.42194 0.505799 3918
7 15 11 20.3542 0.445219 2.81255 0.275851 5036
7 15 12 19.6957 0.579075 2.22771 0.379453 4396
7 15 13 19.8505 0.541415 2.21679 0.341357 4061
7 15 14 20.8124 0.438223 2.46594 0.428855 5879
7 15 15 19.2262 0.483037 2.36665 0.370403 4581
7 15 16 19.9279 0.683883 2.43293 0.48567 4195
7 15 17 20.5277 0.633638 2.72938 0.355734 5461
7 15 18 20.6314 0.628003 2.80215 0.352295 1553
7 15 19 20.1987 0.563745 2.45569 0.310911 4113
7 15 20 21.3109 0.604559 2.5549 0.290357 476
7 15 21 20.492 0.496944 3.04154 0.342029 4083
7 15 22 20.2134 0.533215 2.39716 0.367738 3781
7 15 23 22.246 0.731943 2.72363 0.364998 700
7 15 24 19.787 0.555996 2.4033 0.307139 5275
7 15 25 20.0692 0.454984 2.39089 0.381086 4370
7 15 26 20.7232 0.511095 2.70305 0.329768 5886
7 15 27 21.1911 0.723947 2.68436 0.421413 1690
7 15 28 19.8056 0.587939 2.44062 0.340436 4125
7 15 29 20.1974 0.543801 2.43569 0.3905 3703
7 15 30 20.4165 0.720148 2.72096 0.260258 713
7 15 31 20.1981 0.455028 2.55542 0.233138 4654
7 15 32 20.0379 0.461808 2.38124 0.289594 4430
7 15 33 21.8103 0.779819 3.01719 0.315696 1509
7 15 34 20.348 0.454463 2.85979 0.282901 6777
7 15 35 19.631 0.730094 2.93533 0.308733 4843
7 15 36 20.4033 0.434661 2.53367 0.428019 2806
7 15 37 20.7619 0.532933 2.3596 0.493705 6126
7 15 38 20.0485 0.518144 2.68815 0.352022 5014
7 15 39 19.7186 0.533011 2.69662 0.405487 6464
7 15 40 26 -2 0 0 5137
7 15 41 19.9114 0.611672 2.68586 0.325249 4586
7 15 42 19.1198 0.671233 2.85572 0.58207 3724
7 15 43 20.7106 0.504281 2.41115 0.340772 6262
7 15 44 21.117 0.528561 2.50482 0.499068 4885
7 15 45 20.1932 0.441159 2.66181 0.289264 5004
7 15 46 19.7949 0.552627 2.83186 0.347475 7202
7 15 47 19.3476 0.615345 3.3482 0.204498 5805
7 15 48 20.7239 0.60757 2.81698 0.278952 953
7 15 49 20.0869 0.404073 2.18869 0.536723 6409
7 15 50 18.7408 0.633399 2.63022 0.350615 5557
7 15 51 20.4695 0.459405 3.04292 0.241613 9202
7 15 52 19.3728 0.648547 2.61361 0.407786 6540
7 15 53 19.3437 0.646741 3.10179 0.250365 5820
7 15 54 20.0332 0.581943 2.52462 0.371418 4839
7 15 55 19.5737 0.713486 2.90971 0.258149 7127
7 15 56 20.4463 0.44641 2.82417 0.382127 7062
7 15 57 20.1366 0.45093 2.94015 0.276424 7837
7 15 58 19.5078 0.389288 2.36899 0.444819 5491
7 15 59 19.4667 0.503372 2.43979 0.438748 7633
7 15 60 19.4065 0.542821 2.63938 0.321021 6310
7 15 61 20.1696 0.455865 3.29182 0.280911 9712
7 15 62 19.5712 0.467043 3.12984 0.238998 8195
7 15 63 19.3421 0.606866 2.84946 0.338216 6567
8 0 0 22.6737 0.358488 3.93006 0.493955 9781
8 0 1 21.4401 0.370048 2.96111 0.737775 9277
8 0 2 20.8964 0.334845 2.97928 0.519972 9461
8 0 3 20.6708 0.38974 2.55635 0.716568 6899
8 0 4 20.9426 0.291689 2.60102 0.715582 10296
8 0 5 20.7719 0.328732 2.49236 0.629011 8580
8 0 6 21.9638 0.277422 3.0581 0.479344 8704
8 0 7 20.7154 0.304431 2.95555 0.551893 9096
8 0 8 21.1834 0.292453 2.78421 0.448042 9274
8 0 9 21.7011 0.273797 2.65357 0.975799 8449
8 0 10 21.7348 0.30282 2.95867 0.574518 7490
8 0 11 20.7888 0.306254 2.91544 0.646334 10170
8 0 12 21.3635 0.254736 2.76285 0.442387 8331
8 0 13 21.5779 0.32016 2.44086 0.578305 9235
8 0 14 21.2484 0.305932 3.18352 0.302643 10473
8 0 15 21.6087 0.317663 3.091 0.571413 7837
8 0 16 21.6504 0.326425 3.05955 0.471121 8187
8 0 17 20.9312 0.300163 2.79554 0.387364 11421
8 0 18 21.0912 0.268152 2.96945 0.404895 8837
8 0 19 20.9251 0.323987 2.78352 0.369842 9327
8 0 20 21.1852 0.3478 2.92327 0.411187 9579
8 0 21 21.5021 0.398903 2.67689 0.785345 9227
8 0 22 21.2892 0.347577 2.75135 0.454664 7214
8 0 23 21.4777 0.349117 3.09893 0.490649 10545
8 0 24 21.7608 0.362966 2.79955 0.613961 9692
8 0 25 21.2429 0.323768 2.75099 0.438511 10875
8 0 26 22.0227 0.319198 3.55021 0.35598 11171
8 0 27 21.6692 0.300706 2.74365 0.561223 8939
8 0 28 21.6377 0.286222 2.95423 0.453331 8903
8 0 29 21.7361 0.312254 3.05454 0.517076 11772
8 0 30 21.4903 0.296312 2.90141 0.463299 9456
8 0 31 21.7409 0.325443 2.93089 0.659827 10989
8 0 32 21.6219 0.321042 2.83568 0.488039 9888
8 0 33 21.1389 0.275978 2.7207 0.418817 10645
8 0 34 21.9084 0.320246 3.29505 0.260714 14031
8 0 35 21.5915 0.28031 2.8919 0.535825 11717
8 0 36 21.3998 0.332956 2.94975 0.408039 11654
8 0 37 21.7848 0.443456 3.08353 0.429547 12541
8 0 38 20.8016 0.441746 3.44421 0.415004 11391
8 0 39 22.407 0.354374 3.65238 0.298508 13107
8 0 40 21.0596 0.337007 3.11779 0.350276 10328
8 0 41 22.1227 0.293213 2.77531 0.488215 11099
8 0 42 21.0719 0.327287 2.83293 0.30298 13994
8 0 43 21.4144 0.319806 3.1311 0.402776 13116
8 0 44 21.2651 0.294839 2.70282 0.314932 12575
8 0 45 21.179 0.271693 2.7031 0.382493 12560
8 0 46 22.2076 0.311762 3.31223 0.487768 14080
8 0 47 22.1995 0.321732 3.48819 0.518396 12675
8 0 48 21.1101 0.296687 2.87525 0.414885 12032
8 0 49 22.1953 0.299878 3.34678 0.41871 12478
8 0 50 21.6885 0.336462 2.95084 0.496292 11748
8 0 51 21.5393 0.309264 3.60309 0.348578 16928
8 0 52 20.8026 0.319553 3.30239 0.238695 15692
8 0 53 21.915 0.282754 3.18712 0.409161 13942
8 0 54 20.8638 0.331148 2.98274 0.588178 12079
8 0 55 21.7052 0.296531 3.23084 0.346885 15449
8 0 56 21.2141 0.289269 3.26932 0.412785 16932
8 0 57 22.0597 0.335746 3.45343 0.444398 16990
8 0 58 20.7874 0.289536 2.93618 0.349578 12904
8 0 59 21.5113 0.314786 3.32812 0.322686 15107
8 0 60 21.3197 0.312651 3.30706 0.513407 13167
8 0 61 20.9266 0.317732 3.7364 0.311061 19685
8 0 62 21.2984 0.311887 3.45838 0.324628 17507
8 0 63 20.3915 0.291677 3.04547 0.331546 14572
8 1 0 19.6403 0.296873 3.34379 0.399648 18549
8 1 1 19.0285 0.269842 3.05222 0.485692 19419
8 1 2 19.7919 0.299949 3.25188 0.560251 17936
8 1 3 18.936 0.284026 2.74582 0.352441 17263
8 1 4 19.2257 0.281426 2.76063 0.497429 14956
8 1 5 19.0485 0.29275 2.59959 0.424415 17359
8 1 6 19.4208 0.293124 3.10536 0.436226 19593
8 1 7 19.1213 0.344737 2.71019 1.00735 10374
8 1 8 18.6816 0.338629 2.79375 0.425081 16527
8 1 9 20.1916 0.361087 3.40235 0.61519 5903
8 1 10 19.8353 0.314542 3.0791 0.435777 18111
8 1 11 18.6899 0.368267 2.55797 0.853829 14519
8 1 12 19.3545 0.27086 2.55125 0.4366 16467
8 1 13 19.1238 0.332629 2.74766 0.51724 14733
8 1 14 19.9341 0.26794 2.91014 0.528554 17886
8 1 15 19.3123 0.4097 3.01763 0.552289 5818
8 1 16 19.8124 0.280111 3.27287 0.348025 20547
8 1 17 18.6983 0.334544 2.64913 0.334366 15731
8 1 18 19.8174 0.37971 2.96967 0.804647 5940
8 1 19 19.5641 0.391703 3.18705 0.633238 8999
8 1 20 19.277 0.330457 2.97515 0.62535 6233
8 1 21 18.5566 0.331463 3.23246 0.536522 12674
8 1 22 19.566 0.278835 2.7887 0.395378 14134
8 1 23 19.0304 0.279618 2.97262 0.727276 13354
8 1 24 19.1558 0.30602 2.77426 0.339332 15330
8 1 25 19.9067 0.297372 3.10523 0.266236 12036
8 1 26 18.9997 0.3224 2.85893 0.458458 15770
8 1 27 18.3683 0.28118 2.87198 0.393175 9903
8 1 28 20.9661 0.352183 3.10462 0.818392 11206
8 1 29 19.2304 0.264711 2.69205 0.340143 13229
8 1 30 19.7903 0.338057 2.92 0.739728 6531
8 1 31 19.5291 0.436969 2.81591 0.576842 7609
8 1 32 19.3702 0.299913 2.72319 0.47557 8304
8 1 33 19.4553 0.352328 2.69254 0.617769 9689
8 1 34 18.9562 0.302961 2.83839 0.432887 14967
8 1 35 19.3951 0.352542 2.97591 0.518109 9952
8 1 36 20.4186 0.420543 3.28213 0.373602 4289
8 1 37 19.2424 0.288715 2.47638 0.547486 11976
8 1 38 19.6627 0.302544 2.68161 0.607171 10679
8 1 39 19.0975 0.287102 2.66796 0.38485 10052
8 1 40 19.0586 0.319883 2.66117 0.346177 11700
8 1 41 19.4539 0.28403 2.31705 0.755392 11514
8 1 42 19.7435 0.2649 2.32158 0.613698 11273
8 1 43 19.2583 0.33585 2.64086 0.462739 11672
8 1 44 19.1799 0.330251 2.1278 0.817157 9084
8 1 45 18.8078 0.363536 2.56119 0.704243 5614
8 1 46 19.5445 0.276616 2.89495 0.425784 12691
8 1 47 19.7316 0.318821 3.00022 0.580476 9930
8 1 48 19.1478 0.270626 2.46125 0.374863 11904
8 1 49 19.5504 0.229023 2.39332 0.603768 11591
8 1 50 18.8799 0.289996 2.56346 0.395688 9768
8 1 51 18.6361 0.312996 2.64663 0.49381 9636
8 1 52 19.5313 0.284791 2.69902 0.589048 11572
8 1 53 18.8564 0.308785 2.51501 0.849061 8609
8 1 54 18.3615 0.284097 2.18169 0.456125 10118
8 1 55 19.1613 0.271492 2.52447 0.479102 9358
8 1 56 18.9892 0.24922 2.43303 0.655216 9918
8 1 57 18.6161 0.268079 2.4697 0.691533 9941
8 1 58 19.4708 0.359961 2.47727 0.86277 9277
8 1 59 18.2998 0.277763 2.69672 0.685927 11549
8 1 60 18.3893 0.281886 2.70186 0.423748 9944
8 1 61 19.3158 0.287515 2.92538 0.583199 10448
8 1 62 18.5186 0.28884 2.991 0.483734 11448
8 1 63 18.0067 0.248013 2.24003 0.700252 10200
8 2 0 22.1274 0.381933 3.88116 0.435066 18698
8 2 1 20.6473 0.313258 3.75982 0.274159 18518
8 2 2 20.7325 0.305647 3.6821 0.421185 15253
8 2 3 20.5214 0.371571 2.95378 0.52525 12751
8 2 4 21.964 0.309316 3.63979 0.406952 12890
8 2 5 21.367 0.328072 3.51676 0.330458 12951
8 2 6 21.3451 0.305173 3.49772 0.465834 14579
8 2 7 20.8141 0.325133 3.08959 0.743789 11514
8 2 8 21.8936 0.288964 3.13722 0.421242 15026
8 2 9 20.6862 0.358658 3.78358 0.397023 13075
8 2 10 20.5893 0.390647 3.37134 0.643522 10201
8 2 11 20.5527 0.363904 3.34014 0.334434 15745
8 2 12 21.5282 0.312052 3.11936 0.454327 12798
8 2 13 21.1716 0.271707 2.76952 0.490093 12815
8 2 14 20.8134 0.308492 3.66576 0.13976 18315
8 2 15 21.3871 0.291465 3.08232 0.350537 12479
8 2 16 21.1958 0.28498 3.19409 0.388531 14085
8 2 17 21.992 0.308716 3.47442 0.349958 14731
8 2 18 21.0144 0.313566 3.26224 0.445493 11708
8 2 19 21.4418 0.285807 3.33966 0.361142 12215
8 2 20 22.0083 0.314975 2.97369 0.525548 14053
8 2 21 22.4989 0.323644 3.59277 0.442183 13237
8 2 22 21.8514 0.301515 2.9041 0.599322 9778
8 2 23 21.9361 0.296176 3.31196 0.347172 14108
8 2 24 21.8744 0.315321 3.26199 0.475052 16674
8 2 25 21.0886 0.311143 3.06205 0.443559 11858
8 2 26 21.0488 0.303038 3.6104 0.306116 19973
8 2 27 22.0218 0.275761 3.06759 0.414592 11156
8 2 28 21.7163 0.31188 3.11826 0.451855 11726
8 2 29 21.623 0.307583 3.37374 0.277361 15433
8 2 30 21.0174 0.318912 3.19798 0.348318 14510
8 2 31 21.7813 0.294343 3.13531 0.316089 10509
8 2 32 21.0272 0.289956 2.96198 0.401582 12855
8 2 33 20.9366 0.288316 2.83903 0.26977 12547
8 2 34 22.2003 0.316899 3.52786 0.419447 18000
8 2 35 21.7822 0.307533 3.10079 0.411552 11204
8 2 36 20.9068 0.317924 3.0496 0.399164 13305
8 2 37 23.2749 0.314511 3.39611 0.427461 13157
8 2 38 19.61 0.369323 3.01706 0.314856 12216
8 2 39 22.0918 0.353878 3.45164 0.522506 12653
8 2 40 21.0232 0.316657 3.11383 0.299665 15970
8 2 41 21.7124 0.309022 3.28004 0.494891 10774
8 2 42 21.9594 0.322309 3.32789 0.405256 12766
8 2 43 21.5738 0.323194 3.33284 0.32741 15351
8 2 44 21.2631 0.34485 2.57018 0.86081 12205
8 2 45 20.9078 0.264255 2.78862 0.50437 13882
8 2 46 22.2207 0.338396 3.69082 0.352968 17232
8 2 47 22.2748 0.327564 3.48798 0.504403 11885
8 2 48 20.8221 0.280146 2.82951 0.402903 14189
8 2 49 20.8175 0.282604 3.20632 0.211439 15908
8 2 50 21.4238 0.310141 2.87256 0.551142 12941
8 2 51 22.2449 0.369488 3.50869 0.484071 16891
8 2 52 21.2349 0.306886 3.28836 0.280742 15826
8 2 53 21.8809 0.359985 3.2477 0.612906 11805
8 2 54 21.3321 0.309569 3.00621 0.388101 13451
8 2 55 21.3115 0.344087 3.47122 0.345495 15499
8 2 56 21.6206 0.332524 3.76051 0.375347 14621
8 2 57 20.6371 0.332205 3.62549 0.299924 17534
8 2 58 20.0514 0.340857 3.1332 0.264095 13842
8 2 59 20.4773 0.321496 3.39067 0.349351 18905
8 2 60 20.2594 0.336978 3.13624 0.365101 13870
8 2 61 21.2244 0.357166 4.27556 0.384406 21444
8 2 62 20.4017 0.322113 3.42303 0.28539 20063
8 2 63 20.218 0.356033 3.21095 0.274473 15352
8 3 0 21.9221 0.408684 4.53859 0.210842 17879
8 3 1 22.7594 0.329127 4.2996 0.261682 15571
8 3 2 23.4008 0.351554 4.04861 0.345381 17058
8 3 3 21.1456 0.337566 3.64991 0.269261 17747
8 3 4 21.2196 0.313054 3.47981 0.272502 17554
8 3 5 22.4816 0.31858 3.62322 0.301627 15351
8 3 6 21.9034 0.310521 3.75156 0.494232 18705
8 3 7 23.869 0.356995 3.79743 0.380238 17465
8 3 8 22.1071 0.380037 3.41817 0.522646 15422
8 3 9 22.3998 0.342584 3.83847 0.35513 17600
8 3 10 22.3615 0.3171 3.96822 0.399012 19796
8 3 11 22.849 0.32032 3.54711 0.321392 16319
8 3 12 22.2275 0.306908 3.41372 0.330951 16145
8 3 13 21.7681 0.359776 3.63722 0.275041 15722
8 3 14 23.3065 0.353882 3.71113 0.402097 15539
8 3 15 23.1785 0.313251 3.68435 0.297945 15372
8 3 16 23.3242 0.349462 4.31772 0.230322 20727
8 3 17 23.0567 0.308523 3.56677 0.385115 14114
8 3 18 23.3395 0.303561 3.74118 0.334179 15675
8 3 19 22.8866 0.327435 3.90195 0.315284 15366
8 3 20 22.0488 0.315438 3.70449 0.287503 14487
8 3 21 22.706 0.327682 3.97277 0.377344 19075
8 3 22 22.4018 0.338993 3.48879 0.357673 17697
8 3 23 22.113 0.295275 3.62471 0.204477 16328
8 3 24 22.0211 0.329257 3.69805 0.255271 16279
8 3 25 24.4196 0.511265 3.69509 0.81817 7999
8 3 26 23.2001 0.337409 4.1997 0.321853 14614
8 3 27 22.7013 0.323302 3.72681 0.361738 15151
8 3 28 21.4132 0.35509 3.59531 0.284519 18606
8 3 29 23.3853 0.328094 3.90512 0.338172 14063
8 3 30 25.1065 0.373264 3.87019 0.323128 6344
8 3 31 23.9976 0.332982 3.75291 0.399422 16890
8 3 32 23.2002 0.332864 3.97442 0.326993 15945
8 3 33 23.6599 0.346812 3.79678 0.520301 15963
8 3 34 23.1835 0.337867 3.9895 0.337174 14506
8 3 35 23.5128 0.337537 3.58735 0.551702 17902
8 3 36 22.1794 0.321409 3.74748 0.267573 13996
8 3 37 22.3527 0.326299 3.73366 0.288858 15763
8 3 38 23.6101 0.316498 3.87944 0.426547 13462
8 3 39 23.3433 0.350321 3.8999 0.463369 16129
8 3 40 23.6085 0.324627 3.91452 0.36276 14926
8 3 41 24.4935 0.377023 3.60962 0.69255 7764
8 3 42 24.2569 0.341473 4.22993 0.367027 8683
8 3 43 21.9923 0.281765 3.48877 0.390552 17108
8 3 44 23.5534 0.323153 3.87041 0.481847 14520
8 3 45 22.7135 0.317308 3.83454 0.320064 14617
8 3 46 22.76 0.317189 3.5766 0.388798 16799
8 3 47 24.3788 0.397946 4.35089 0.438858 13918
8 3 48 22.5597 0.30092 3.62311 0.327938 16130
8 3 49 22.2817 0.340741 3.82282 0.295344 14496
8 3 50 22.1716 0.316169 3.56945 0.224264 15209
8 3 51 23.2847 0.352956 4.03454 0.40455 14354
8 3 52 22.3995 0.353103 3.78325 0.291417 14147
8 3 53 23.2572 0.357855 3.37564 0.638624 16087
8 3 54 24.0733 0.411402 3.8233 0.430678 5686
8 3 55 22.8261 0.329743 3.45 0.493083 16051
8 3 56 23.9196 0.379511 4.2002 0.424397 11317
8 3 57 23.4167 0.345169 4.16664 0.318751 13587
8 3 58 22.1098 0.302139 3.40803 0.369876 16779
8 3 59 23.4599 0.344805 3.94388 0.353118 13892
8 3 60 21.9413 0.342106 3.92976 0.313432 16028
8 3 61 22.8304 0.333609 4.08134 0.395913 15103
8 3 62 21.9472 0.350346 4.35844 0.252304 13492
8 3 63 22.5026 0.321985 3.70657 0.671589 12305
8 4 0 23.9619 0.485834 4.3828 0.169524 15989
8 4 1 23.6872 0.493992 4.12616 0.357798 14334
8 4 2 23.7435 0.461836 4.23867 0.296645 13115
8 4 3 23.0608 0.450746 3.76321 0.270588 7509
8 4 4 22.0865 0.565508 3.93689 0.329477 9418
8 4 5 23.6112 0.496488 3.93797 0.347934 9803
8 4 6 22.2825 0.467867 4.17925 0.172191 12349
8 4 7 22.1925 0.413339 3.87023 0.202701 8151
8 4 8 22.236 0.490005 3.61097 0.267854 10609
8 4 9 23.2652 0.468554 3.77669 0.285839 10339
8 4 10 22.9149 0.478151 3.48283 0.325529 9657
8 4 11 22.4447 0.435265 3.88632 0.246711 9239
8 4 12 22.6093 0.414885 3.48375 0.357997 10083
8 4 13 22.0584 0.508129 3.57531 0.333809 7376
8 4 14 24.5272 0.527999 4.10194 0.337553 12546
8 4 15 21.343 0.524202 3.35168 0.360409 8093
8 4 16 21.9459 0.482911 3.52069 0.611838 8407
8 4 17 23.7992 0.470119 3.76209 0.255662 11038
8 4 18 23.0926 0.432049 3.37349 0.396909 7772
8 4 19 22.6996 0.402192 3.58358 0.244637 7397
8 4 20 23.3124 0.423535 3.79126 0.258178 7770
8 4 21 23.0713 0.461613 3.91395 0.160325 11559
8 4 22 22.7142 0.511325 3.74059 0.312166 7097
8 4 23 22.5416 0.394526 3.76122 0.194575 9917
8 4 24 22.9317 0.461426 3.62905 0.225523 11242
8 4 25 22.2151 0.408358 3.72472 0.36083 7090
8 4 26 23.9714 0.487259 3.84719 0.481645 11974
8 4 27 22.3403 0.466057 3.43907 0.320844 7104
8 4 28 22.6479 0.430042 3.33429 0.522552 6219
8 4 29 23.3328 0.42763 3.7286 0.253853 9879
8 4 30 23.321 0.391664 3.66802 0.29446 7449
8 4 31 23.6525 0.50251 3.41027 0.351947 6246
8 4 32 23.4771 0.48542 3.38031 0.376521 6075
8 4 33 22.4775 0.399902 3.48092 0.267034 6497
8 4 34 22.8525 0.420525 3.73254 0.405074 12913
8 4 35 22.7035 0.442654 3.63486 0.342091 6497
8 4 36 23.5136 0.457437 3.72418 0.271638 6708
8 4 37 23.335 0.438093 3.50118 0.401958 8578
8 4 38 23.2254 0.434786 3.47958 0.428878 5127
8 4 39 22.5866 0.430063 3.75642 0.306646 6629
8 4 40 22.6471 0.399553 3.97788 0.230904 8523
8 4 41 22.0592 0.421984 3.03114 0.47657 6218
8 4 42 22.0652 0.403119 3.97231 0.339931 8008
8 4 43 22.5429 0.409281 3.78834 0.276596 10242
8 4 44 23.0892 0.481508 3.35458 0.534853 5732
8 4 45 22.1151 0.424652 3.02855 0.519056 6805
8 4 46 24.439 0.565661 3.84491 0.348576 10457
8 4 47 22.868 0.456315 3.79064 0.352465 5270
8 4 48 21.9919 0.488667 3.53426 0.392934 6512
8 4 49 22.1554 0.387338 3.4312 0.367347 8497
8 4 50 22.6823 0.413999 3.65425 0.360189 6003
8 4 51 23.8633 0.533236 3.83033 0.365566 7585
8 4 52 21.0794 0.55399 3.86073 0.233551 10267
8 4 53 22.0467 0.58043 3.49824 0.472133 5188
8 4 54 22.5297 0.430634 3.36082 0.555836 6247
8 4 55 22.5027 0.437199 3.66377 0.282142 8060
8 4 56 21.5098 0.434701 3.78612 0.313117 7009
8 4 57 23.3935 0.463082 4.02264 0.438695 6963
8 4 58 21.8987 0.537543 3.43231 0.46287 7521
8 4 59 23.3099 0.446083 3.83277 0.334588 9326
8 4 60 22.7906 0.452835 3.81782 0.382124 5996
8 4 61 23.0279 0.516321 3.97547 0.317714 10294
8 4 62 21.3936 0.453181 3.86094 0.372628 9740
8 4 63 22.0043 0.396625 3.55089 0.297169 7856
8 5 0 23.0665 0.365701 3.97223 0.373256 6931
8 5 1 21.3461 0.347102 3.7636 0.354043 12710
8 5 2 20.2862 0.337818 3.66745 0.269084 13079
8 5 3 21.0023 0.299764 3.06963 0.37838 13216
8 5 4 23.8613 0.380968 4.00487 0.513372 8394
8 5 5 22.2145 0.359774 3.38708 0.457926 10229
8 5 6 21.2713 0.330442 3.7496 0.207666 12550
8 5 7 20.7068 0.302439 3.27274 0.404915 14459
8 5 8 21.3301 0.33486 3.19144 0.440296 13225
8 5 9 20.964 0.317369 3.64439 0.420809 10383
8 5 10 22.5287 0.364992 3.54282 0.392758 7757
8 5 11 21.429 0.313895 3.25579 0.362213 11572
8 5 12 23.0886 0.406753 3.96975 0.394032 5624
8 5 13 21.1776 0.304072 3.18064 0.324316 15525
8 5 14 20.6711 0.336066 3.67843 0.304871 12720
8 5 15 20.9749 0.409275 3.32559 0.283826 13381
8 5 16 21.6339 0.319317 4.07111 0.273927 15708
8 5 17 21.2376 0.326238 3.40755 0.312206 13508
8 5 18 21.5666 0.315282 3.4729 0.262486 14514
8 5 19 22.0028 0.326951 3.62036 0.246116 16550
8 5 20 21.1674 0.307398 3.32989 0.40503 16042
8 5 21 21.312 0.32234 3.87567 0.312746 11925
8 5 22 21.6057 0.307991 3.29421 0.28051 10941
8 5 23 21.7268 0.305589 3.19974 0.369136 15335
8 5 24 21.434 0.321853 3.30585 0.316588 12394
8 5 25 22.0502 0.316085 3.69256 0.270209 13034
8 5 26 20.9986 0.341629 3.88436 0.247917 13139
8 5 27 22.0997 0.344115 3.51817 0.621471 15927
8 5 28 21.5624 0.375489 3.30087 0.335414 13635
8 5 29 20.8714 0.31279 2.9282 0.46026 15329
8 5 30 21.4634 0.296726 3.2615 0.348312 15744
8 5 31 21.3702 0.324857 3.49392 0.308199 18742
8 5 32 23.2662 0.412419 3.65745 0.464243 8647
8 5 33 22.616 0.509014 3.21678 0.799521 6654
8 5 34 22.5321 0.333435 3.62199 0.33314 12270
8 5 35 21.7391 0.350228 3.63838 0.308282 15899
8 5 36 20.9141 0.331214 3.22729 0.475291 17281
8 5 37 21.5125 0.325715 3.4334 0.250641 14076
8 5 38 22.2977 0.332324 4.06383 0.379163 20658
8 5 39 21.6497 0.322687 3.49617 0.305535 20606
8 5 40 20.55 0.323279 3.01905 0.421436 16770
8 5 41 22.339 0.319495 3.28737 0.326047 13588
8 5 42 20.8483 0.355134 3.26761 0.295198 17686
8 5 43 20.9906 0.303443 3.24329 0.306724 16603
8 5 44 23.3257 0.348185 3.55142 0.366826 15859
8 5 45 21.2711 0.294291 2.96373 0.663352 17125
8 5 46 21.7042 0.316414 3.67986 0.402362 14699
8 5 47 22.3591 0.353029 3.50918 0.375224 26189
8 5 48 20.6755 0.360821 3.43685 0.313114 18192
8 5 49 19.9113 0.297516 3.21732 0.307973 18811
8 5 50 22.4146 0.357729 3.44025 0.392845 11534
8 5 51 22.6582 0.413916 3.22951 0.442908 20590
8 5 52 20.5617 0.33838 3.48589 0.245357 16067
8 5 53 21.3618 0.325665 3.49427 0.284654 23103
8 5 54 21.0411 0.314043 3.46375 0.267075 12440
8 5 55 20.9664 0.308034 3.19039 0.339769 18007
8 5 56 21.924 0.350565 3.69782 0.394938 14641
8 5 57 20.9038 0.337641 3.61605 0.250025 21182
8 5 58 21.2017 0.301784 3.11059 0.449537 19129
8 5 59 21.6659 0.351063 3.94459 0.302928 15852
8 5 60 21.8458 0.365871 3.98788 0.257989 14588
8 5 61 20.4462 0.357442 4.34852 0.299345 20398
8 5 62 21.8285 0.41113 3.65602 0.43709 16891
8 5 63 20.4504 0.342681 3.48141 0.343853 17352
8 6 0 22.4922 0.564925 4.49294 0.288677 9547
8 6 1 22.1474 0.483531 4.20591 0.219698 9914
8 6 2 22.2143 0.662108 3.79321 0.342949 9277
8 6 3 22.3211 0.474283 3.30582 0.285907 6617
8 6 4 27 -2 0 0 6238
8 6 5 22.4618 0.439595 3.34098 0.248179 7359
8 6 6 22.514 0.46297 3.38429 0.365938 8071
8 6 7 21.5585 0.438065 2.96115 0.280022 5913
8 6 8 21.3271 0.495062 3.81484 0.220604 7471
8 6 9 22.302 0.493209 3.81265 0.176206 6704
8 6 10 21.2512 0.561315 4.12814 0.227772 6670
8 6 11 22.8141 0.526031 3.48833 0.269251 6347
8 6 12 21.1414 0.613662 3.04766 0.418475 7177
8 6 13 22.1239 0.467216 2.97928 0.354639 5089
8 6 14 22.4523 0.440634 3.33378 0.42178 9143
8 6 15 21.8455 0.503805 3.09472 0.346974 5691
8 6 16 23.2534 0.51628 3.65284 0.274532 6880
8 6 17 22.8934 0.523514 2.95215 0.483441 7547
8 6 18 22.328 0.537675 2.84 0.377036 6145
8 6 19 22.3742 0.57622 3.80435 0.343647 3926
8 6 20 21.3952 0.678957 3.5446 0.194598 5712
8 6 21 23.0299 0.485188 3.42222 0.494025 7276
8 6 22 23.5261 0.547825 3.36649 0.383293 5482
8 6 23 21.441 0.446037 3.10378 0.297541 6101
8 6 24 22.3343 0.419952 3.50467 0.216781 8922
8 6 25 24.0416 0.582565 3.38921 0.420414 2751
8 6 26 22.1888 0.49858 3.9241 0.185848 8640
8 6 27 23.3572 0.533039 2.93178 0.331871 5177
8 6 28 22.7692 0.56081 3.17044 0.27139 4805
8 6 29 22.3576 0.396845 3.04495 0.343859 6351
8 6 30 21.8865 0.455021 2.94181 0.294455 5658
8 6 31 21.8331 0.544747 3.1101 0.27254 5003
8 6 32 21.8817 0.521543 2.86467 0.411179 4783
8 6 33 21.8044 0.437183 2.72241 0.423814 4970
8 6 34 21.5106 0.595828 3.37495 0.27499 7784
8 6 35 22.5798 0.49604 2.76025 0.51546 3924
8 6 36 22.0346 0.484389 2.96092 0.505381 4546
8 6 37 22.2047 0.41299 3.01276 0.376973 5748
8 6 38 22.2263 0.519428 3.40048 0.314371 4522
8 6 39 22.6976 0.500655 3.30294 0.40927 4346
8 6 40 21.4809 0.677373 3.23724 0.38224 5224
8 6 41 23.0073 0.596743 2.83208 0.443282 3680
8 6 42 22.9025 0.483394 3.24711 0.328358 4420
8 6 43 22.6356 0.450788 3.23861 0.400506 5984
8 6 44 21.3546 0.594458 2.86895 0.385696 4134
8 6 45 21.5443 0.5133 2.77117 0.448116 4455
8 6 46 22.6861 0.474886 3.17318 0.397602 7330
8 6 47 0 -10 0 0 0
8 6 48 22.5278 0.506541 3.16833 0.281109 4306
8 6 49 22.0979 0.531905 3.20405 0.317947 4973
8 6 50 21.6774 0.486402 3.31276 0.308377 3962
8 6 51 22.9808 0.554616 3.79066 0.22627 5333
8 6 52 20.2769 0.826695 3.71177 0.27752 6070
8 6 53 22.8054 0.542895 3.74535 0.382245 4091
8 6 54 21.3652 0.459485 3.04746 0.366863 4216
8 6 55 21.983 0.558425 2.48081 0.665795 4765
8 6 56 20.7521 0.428971 2.85573 0.325851 5259
8 6 57 21.6785 0.689946 3.44803 0.617979 5172
8 6 58 21.7934 0.563929 2.88384 0.359768 4619
8 6 59 22.111 0.502836 3.48876 0.269366 5933
8 6 60 21.5171 0.541998 3.06368 0.377966 4721
8 6 61 22.9035 0.750562 4.11779 0.419974 5116
8 6 62 21.098 0.519715 3.94114 0.221817 5958
8 6 63 21.5888 0.550983 3.31551 0.286682 4920
8 7 0 24 -2 0 0 7754
8 7 1 19.2365 0.38679 2.45023 0.463288 7412
8 7 2 19.2373 -3 0 0 7412
8 7 3 19.2037 0.382327 2.42758 0.627291 6569
8 7 4 20.4515 0.492081 2.8706 0.477322 2635
8 7 5 19.4308 0.375141 2.70085 0.47945 5373
8 7 6 19.4744 0.35169 2.83888 0.3519 7236
8 7 7 19.379 0.344389 2.85387 0.401867 8172
8 7 8 18.9046 0.416394 2.50635 0.292756 7593
8 7 9 20.1846 0.443568 2.86869 0.464434 5494
8 7 10 18.9559 0.721431 2.96643 0.359709 7423
8 7 11 18.9595 0.39263 2.47062 0.284974 7851
8 7 12 18.6891 0.58983 2.24989 0.658418 7272
8 7 13 18.6846 0.433463 2.34349 0.438165 8578
8 7 14 19.0143 0.468401 2.55737 0.453739 7318
8 7 15 19.3368 0.417188 2.52025 0.454973 7133
8 7 16 19.3687 0.380283 2.93853 0.392151 7903
8 7 17 19.2232 0.368242 2.34303 0.289625 7509
8 7 18 19.0368 0.392323 2.80483 0.229347 7619
8 7 19 19.5377 0.401046 2.47918 0.650696 9422
8 7 20 19.8022 0.460741 2.44399 0.462621 8137
8 7 21 20.3139 0.374543 2.99311 0.331578 7200
8 7 22 18.7331 0.420378 2.3572 0.551296 5803
8 7 23 18.5712 0.361752 2.40314 0.450617 7837
8 7 24 19.8441 0.37369 2.4267 0.464875 7079
8 7 25 19.2068 0.437118 2.83564 0.388794 9464
8 7 26 19.5479 0.345781 2.66666 0.485419 7982
8 7 27 19.6107 0.373447 2.2926 0.492263 8888
8 7 28 19.3541 0.5388 2.6767 0.379344 5544
8 7 29 18.5154 0.528222 2.61875 0.45085 8923
8 7 30 19.2578 0.382204 2.74885 0.365161 8426
8 7 31 20.1567 0.371224 2.71395 0.360313 11435
8 7 32 18.8187 0.399394 2.67219 0.283141 10777
8 7 33 19.0925 0.359832 2.50799 0.31611 10607
8 7 34 19.5449 0.311516 2.85078 0.388445 9053
8 7 35 19.2965 0.471667 2.69166 0.491876 13353
8 7 36 19.1848 0.312828 2.32223 0.483355 9909
8 7 37 19.2375 0.371463 2.39659 0.364021 9964
8 7 38 19.4567 0.461177 2.9376 0.447341 12817
8 7 39 19.4819 0.411815 3.21441 0.291692 11454
8 7 40 19.2054 0.508852 2.2371 0.568725 7305
8 7 41 18.7372 0.411473 2.7399 0.387853 10251
8 7 42 19.4557 0.322721 2.60453 0.252073 11480
8 7 43 19.3756 0.367912 2.62395 0.259562 9097
8 7 44 18.7014 0.332304 2.42676 0.382494 12782
8 7 45 20.3192 0.452936 2.59964 0.490428 10713
8 7 46 19.3239 0.328373 2.81782 0.394364 10880
8 7 47 20.3187 0.501347 3.44056 0.372721 17656
8 7 48 19.597 0.370345 2.63496 0.437641 10550
8 7 49 18.7157 0.406292 2.62851 0.336702 10753
8 7 50 19.045 0.336751 2.28304 0.383317 12727
8 7 51 21.0238 0.409397 3.34072 0.546464 6971
8 7 52 25 -2 0 0 11386
8 7 53 19.0498 0.402107 3.19573 0.328573 10735
8 7 54 19.1495 0.37969 2.82573 0.269302 11700
8 7 55 18.5715 0.398944 3.04206 0.207127 12467
8 7 56 20.5482 0.449526 3.63466 0.393634 15232
8 7 57 19.4053 0.352744 3.17842 0.200762 13967
8 7 58 19.2821 0.354068 2.54196 0.422631 11659
8 7 59 18.3593 0.451938 2.60659 0.58412 8644
8 7 60 19.1207 0.348021 3.20754 0.330102 15798
8 7 61 18.9375 0.430901 3.70172 0.305685 9662
8 7 62 18.2445 0.515491 3.14193 0.455388 7415
8 7 63 19.1717 0.640564 3.49942 0.701269 11989
8 8 0 22.3022 0.443492 3.629 0.371423 5579
8 8 1 22.2087 0.411887 3.36867 0.385562 5538
8 8 2 21.5765 0.358961 3.05102 0.45381 6027
8 8 3 21.1556 0.47331 2.8941 0.540818 6354
8 8 4 20.674 0.357723 3.20687 0.38341 7267
8 8 5 21.4032 0.460033 2.66448 0.567045 6607
8 8 6 21.2979 0.34618 3.10324 0.489692 6508
8 8 7 21.9274 0.407799 3.81373 0.263516 7818
8 8 8 21.0382 0.582138 3.10832 0.37451 6217
8 8 9 20.9731 0.383642 3.04498 0.420424 7048
8 8 10 21.9336 0.421961 3.55538 0.325239 6700
8 8 11 21.4905 0.524645 3.63451 0.460097 6791
8 8 12 21.661 0.396315 3.19155 0.350623 5885
8 8 13 20.8584 0.438099 3.50788 0.298572 7573
8 8 14 21.9532 0.388176 3.61392 0.533369 5888
8 8 15 22.0676 0.379555 3.16306 0.31264 7709
8 8 16 21.9946 0.379129 3.74419 0.217937 7910
8 8 17 23.3725 0.532769 3.54799 0.37669 3095
8 8 18 22.2645 0.452104 3.45651 0.354574 7211
8 8 19 21.0843 0.533405 3.4895 0.497631 10204
8 8 20 21.6297 0.426812 3.20532 0.359223 7654
8 8 21 21.1829 0.391057 3.30789 0.49919 7347
8 8 22 21.7212 0.41471 3.17854 0.471992 6920
8 8 23 21.3224 0.427407 3.41254 0.413656 6873
8 8 24 22.1891 0.428518 3.05724 0.540686 5849
8 8 25 23.2256 0.499827 3.74031 0.335985 10693
8 8 26 22.0998 0.358986 3.06008 0.496458 6545
8 8 27 21.5911 0.36223 3.32526 0.338321 7606
8 8 28 22.4132 0.417232 3.38541 0.2936 8278
8 8 29 22.7065 0.375185 3.24702 0.347989 6536
8 8 30 22.0554 0.383175 2.9303 0.545521 8117
8 8 31 21.6012 0.497521 4.14796 0.265719 12229
8 8 32 22.1976 0.436371 3.45084 0.315524 9035
8 8 33 22.143 0.41131 3.30678 0.458681 9299
8 8 34 22.5666 0.399591 3.60715 0.252894 6934
8 8 35 22.3423 0.412966 3.57434 0.250207 14217
8 8 36 21.7086 0.363303 3.08768 0.496616 9313
8 8 37 22.0547 0.415748 3.49 0.331975 8581
8 8 38 23.0183 0.421869 3.8125 0.275741 14626
8 8 39 22.5157 0.437861 3.20848 0.336374 13777
8 8 40 21.3241 0.461908 3.36295 0.33328 8316
8 8 41 22.3694 0.408499 3.26491 0.350285 11530
8 8 42 21.6085 0.401828 3.63816 0.253318 9098
8 8 43 22.4884 0.402422 3.54404 0.604164 7680
8 8 44 22.112 0.414657 3.75447 0.230733 9466
8 8 45 21.6627 0.350759 3.24903 0.21467 9539
8 8 46 21.9267 0.377347 3.48909 0.288525 6718
8 8 47 22.2289 0.414426 3.87506 0.217176 17790
8 8 48 21.9012 0.376638 3.20817 0.327652 9347
8 8 49 21.4986 0.371904 2.98435 0.832619 7963
8 8 50 21.2093 0.429425 3.34656 0.357193 10901
8 8 51 21.5961 0.389275 4.28487 0.238818 9988
8 8 52 20.9796 0.390132 3.34956 0.44187 7912
8 8 53 22.3122 0.4356 4.10656 0.162681 12905
8 8 54 21.3932 0.38742 3.65014 0.23417 9497
8 8 55 21.4879 0.417424 3.94138 0.238754 9501
8 8 56 21.0822 0.494106 3.79788 0.299923 12288
8 8 57 20.881 0.495289 4.03255 0.278271 11514
8 8 58 21.9314 0.424573 3.56623 0.268944 8777
8 8 59 21.2987 0.383589 3.4862 0.315548 7652
8 8 60 21.8347 0.412588 3.83101 0.236978 11937
8 8 61 21.8167 0.419426 3.78135 0.223821 9899
8 8 62 21.3187 0.449838 4.08789 0.322526 9078
8 8 63 21.9789 0.414047 3.58898 0.214772 8186
8 9 0 23.4957 0.507732 3.80345 0.372554 9454
8 9 1 23.1251 0.439171 3.22945 0.459111 7850
8 9 2 22.6763 0.424358 3.56093 0.284667 6882
8 9 3 22.584 0.446882 3.15506 0.290229 4179
8 9 4 23.0206 0.421108 3.18143 0.36622 4813
8 9 5 22.9937 0.578633 3.5008 0.588789 4592
8 9 6 22.1854 0.485574 3.86129 0.232431 5980
8 9 7 22.2919 0.399626 2.7363 0.455921 4432
8 9 8 22.0941 0.378505 2.83186 0.346469 6203
8 9 9 22.4558 0.451419 3.757 0.233651 5017
8 9 10 21.9255 0.458007 3.25645 0.414268 4617
8 9 11 23.0842 0.445238 3.18626 0.420823 5599
8 9 12 22.6713 0.474492 3.01087 0.479478 4619
8 9 13 23.4432 0.492408 3.23574 0.429557 3610
8 9 14 23.0065 0.472424 4.1097 0.214641 6700
8 9 15 21.9064 0.469505 3.12843 0.374843 4083
8 9 16 23.1992 0.447938 3.6007 0.37494 4659
8 9 17 22.3471 0.401292 3.0483 0.28503 6596
8 9 18 22.3365 0.464183 2.95086 0.522472 3560
8 9 19 21.9968 0.567999 3.63895 0.435313 3879
8 9 20 22.9983 0.491712 3.10648 0.510273 3802
8 9 21 22.5413 0.555391 3.47324 0.406569 5395
8 9 22 22.7943 0.494216 3.42251 0.34335 3657
8 9 23 22.643 0.392307 3.02093 0.518128 4764
8 9 24 22.7039 0.52992 3.47502 0.415813 6291
8 9 25 23.0826 0.485165 2.84852 0.318833 3516
8 9 26 23.1066 0.425584 3.5687 0.261677 7063
8 9 27 23.3645 0.494001 2.71423 0.64654 3913
8 9 28 21.8796 0.628747 3.27215 0.436648 3026
8 9 29 22.6732 0.431581 2.98154 0.401517 5302
8 9 30 24.0773 0.542317 3.59799 0.386897 1958
8 9 31 22.4855 0.494581 2.85973 0.451364 3791
8 9 32 21.8706 0.617751 3.24922 0.392896 3036
8 9 33 23.3486 0.672921 3.78287 0.374653 1375
8 9 34 22.8879 0.4519 3.33133 0.248898 6795
8 9 35 22.4332 0.44738 2.83316 0.427634 3535
8 9 36 23.7816 0.524191 3.17256 0.514867 3479
8 9 37 21.597 0.468274 3.0045 0.340387 4939
8 9 38 22.4012 0.407291 3.21339 0.386331 3334
8 9 39 22.4 0.490345 3.82648 0.397253 2535
8 9 40 23.4078 0.429141 3.06589 0.317524 2274
8 9 41 22.459 0.474452 2.84165 0.372422 2956
8 9 42 21.7046 0.498874 3.05186 0.623213 3859
8 9 43 22.2421 0.507301 2.7744 0.445999 4854
8 9 44 24.0432 0.64327 3.59002 0.310101 1286
8 9 45 21.9278 0.506036 2.91323 0.451091 3220
8 9 46 23.2002 0.466399 3.84309 0.324742 5577
8 9 47 21.432 0.475136 3.44321 0.479451 3235
8 9 48 22.4717 0.497496 3.28515 0.410213 2217
8 9 49 22.0074 0.437408 2.83192 0.392343 4182
8 9 50 23.9673 0.552666 3.61727 0.488344 1340
8 9 51 22.4548 0.548601 3.37127 0.379858 4087
8 9 52 22.4539 0.673599 3.54996 0.355473 4929
8 9 53 22.9544 0.513434 2.79717 0.448876 2602
8 9 54 23.9816 2.58756 3.55536 0.321109 1401
8 9 55 22.822 0.464475 2.8777 0.48597 4674
8 9 56 22.3466 0.584335 3.41824 0.437482 3182
8 9 57 19.8982 0.444474 3.63224 0.517823 4366
8 9 58 23.1333 0.620537 3.83599 0.386276 1844
8 9 59 23.08 0.467006 3.4871 0.399366 5680
8 9 60 21.2925 0.54434 3.19195 0.458875 3558
8 9 61 22.5186 0.494078 3.59402 0.389323 4747
8 9 62 22.6607 0.534676 3.60747 0.354038 5087
8 9 63 22.3175 0.634788 3.56614 0.3648 1825
8 10 0 22.9288 0.342245 4.01616 0.56716 12912
8 10 1 21.8791 0.346423 3.91396 0.307702 11865
8 10 2 22.8431 0.349339 3.97866 0.295263 11208
8 10 3 21.4614 0.355597 3.4896 0.537817 14879
8 10 4 22.041 0.31815 3.74412 0.38282 14083
8 10 5 21.972 0.417921 3.26663 0.375122 12893
8 10 6 24.2806 0.396437 4.09921 0.603585 13616
8 10 7 22.9036 0.329442 3.99443 0.255894 18201
8 10 8 21.7828 0.300283 3.31064 0.363401 12041
8 10 9 22.6529 0.333097 3.87513 0.335357 15998
8 10 10 22.0888 0.329236 3.80902 0.340272 16205
8 10 11 21.0769 0.345749 3.6834 0.207942 13088
8 10 12 22.0633 0.336395 3.34547 0.499354 13388
8 10 13 22.0585 0.359715 3.73991 0.293439 15586
8 10 14 22.4426 0.302597 3.54288 0.404922 13443
8 10 15 21.9191 0.292668 3.18362 0.391176 16522
8 10 16 22.3127 0.333817 4.11675 0.210216 21672
8 10 17 22.1954 0.311558 3.50444 0.222248 11815
8 10 18 22.0503 0.301629 3.55465 0.383084 14430
8 10 19 22.8948 0.319509 3.42337 0.462877 21862
8 10 20 22.0315 0.288562 3.46381 0.342876 15614
8 10 21 23.0927 0.357742 3.65158 0.440934 15011
8 10 22 22.0301 0.312586 3.72579 0.256918 16574
8 10 23 22.2301 0.319773 3.12625 0.359425 14452
8 10 24 21.8279 0.315447 3.39571 0.332234 13408
8 10 25 22.9206 0.310729 3.65688 0.314251 22480
8 10 26 21.1355 0.345704 3.54611 0.301314 13216
8 10 27 22.2865 0.327748 3.72474 0.462345 15787
8 10 28 22.662 0.371036 3.56892 0.377118 16394
8 10 29 22.7874 0.292557 3.36825 0.483621 14106
8 10 30 22.1002 0.314005 3.40971 0.308619 17045
8 10 31 22.8109 0.3491 4.04302 0.275198 20243
8 10 32 22.8241 0.32523 3.73495 0.387155 16869
8 10 33 22.7839 0.36317 3.27311 0.424313 17609
8 10 34 23.2604 0.317711 3.6484 0.402953 11966
8 10 35 23.055 0.330228 3.9289 0.294071 21257
8 10 36 22.1293 0.344293 3.71713 0.262292 14635
8 10 37 22.8014 0.288512 3.25195 0.385801 15205
8 10 38 23.5345 0.360051 3.92344 0.320703 22604
8 10 39 23.2178 0.325026 3.91914 0.365418 20427
8 10 40 21.819 0.291973 3.29172 0.40365 15267
8 10 41 22.0229 0.288025 3.35141 0.314148 20048
8 10 42 22.5737 0.292641 3.36307 0.355847 17244
8 10 43 22.2402 0.350825 2.94971 0.534312 14743
8 10 44 22.1479 0.320341 3.39601 0.263657 19825
8 10 45 23.0561 0.312037 3.80027 0.298753 15929
8 10 46 23.0904 0.335139 3.94239 0.431994 12871
8 10 47 23.1364 0.337915 4.1158 0.237011 24100
8 10 48 22.0465 0.273063 3.19607 0.456351 18749
8 10 49 23.2466 0.31434 3.34093 0.65578 12874
8 10 50 22.7225 0.292324 3.31886 0.456505 15236
8 10 51 23.2851 0.355463 4.15301 0.34051 11951
8 10 52 21.7603 0.268599 3.27515 0.373405 13943
8 10 53 22.2064 0.287254 3.56311 0.303211 23103
8 10 54 22.2096 0.332428 3.32978 0.630009 14323
8 10 55 23.5022 0.324455 4.02676 0.240615 7436
8 10 56 22.0962 0.303456 3.61248 0.330311 19753
8 10 57 21.6442 0.326352 3.67525 0.442659 18766
8 10 58 23.2021 0.403759 3.44877 0.397091 6680
8 10 59 21.7964 0.326684 3.93805 0.335189 14391
8 10 60 21.6523 0.282166 3.35925 0.335701 22193
8 10 61 22.835 0.340975 3.73533 0.424898 16979
8 10 62 21.3216 0.409793 4.25447 0.273918 10630
8 10 63 21.8261 0.279462 3.4688 0.265504 15619
8 11 0 23.14 0.438718 4.24399 0.331884 15528
8 11 1 21.8056 0.392658 4.14405 0.334328 13209
8 11 2 20.7382 0.468184 3.411 0.238386 14015
8 11 3 20.9209 0.342036 3.127 0.331328 8027
8 11 4 21.7015 0.42238 3.00258 0.448526 9061
8 11 5 21.6682 0.381768 3.14299 0.543573 9435
8 11 6 21.888 0.405266 3.63645 0.266466 11114
8 11 7 20.8957 0.357185 3.00029 0.426419 7578
8 11 8 22.0133 0.376792 3.30972 0.453466 5656
8 11 9 21.6081 0.352435 3.37014 0.320485 9413
8 11 10 22.1153 0.410037 3.4983 0.589496 8432
8 11 11 20.8818 0.434631 3.0208 0.355904 11714
8 11 12 21.7634 0.539676 3.40531 0.520325 5320
8 11 13 21.6387 0.328925 2.94723 0.370453 6781
8 11 14 21.7252 0.369472 3.66992 0.302713 11722
8 11 15 21.8081 0.3638 2.66267 0.786488 7942
8 11 16 22.2091 0.372966 3.31308 0.379679 7388
8 11 17 22.1192 0.363102 3.61468 0.223466 11459
8 11 18 22.6294 0.498243 3.26254 0.807464 8522
8 11 19 21.8697 0.322663 3.01137 0.37813 7380
8 11 20 22.6238 0.414552 3.2007 0.593786 8928
8 11 21 21.7202 0.350086 3.34535 0.317678 9312
8 11 22 21.4576 0.367744 2.77164 0.582751 7584
8 11 23 21.4416 0.408474 3.51908 0.376275 11140
8 11 24 22.3263 0.40621 3.46491 0.290626 11163
8 11 25 21.5456 0.358554 3.0384 0.498316 7075
8 11 26 23.4619 0.375713 3.63071 0.308767 13644
8 11 27 20.7587 0.609774 2.99857 0.455327 7401
8 11 28 22.0934 0.367571 2.90268 0.478626 6668
8 11 29 22.5771 0.359528 3.17792 0.399713 11788
8 11 30 22.9643 0.404928 3.09929 0.520873 7662
8 11 31 21.8166 0.376517 2.78955 0.486228 6743
8 11 32 21.9502 0.318241 2.65981 0.551644 6766
8 11 33 21.9277 0.398081 3.14004 0.504725 6938
8 11 34 21.3614 0.45406 3.65754 0.288523 15368
8 11 35 21.9618 0.385098 3.32116 0.492217 6647
8 11 36 21.8634 0.318619 2.99823 0.316876 7809
8 11 37 21.9747 0.342936 3.11068 0.416278 10900
8 11 38 21.9677 0.391747 2.85978 0.542473 6483
8 11 39 21.5051 0.392327 3.58304 0.385943 7704
8 11 40 22.1424 0.338832 2.83124 0.538472 8354
8 11 41 21.7723 0.345218 3.11053 0.410112 6122
8 11 42 22.355 0.360996 3.26492 0.355453 7743
8 11 43 21.368 0.331049 2.99662 0.237632 12176
8 11 44 28 -2 0 0 6269
8 11 45 20.8174 0.571241 2.92201 0.455831 7186
8 11 46 21.9271 0.373673 3.497 0.311012 13047
8 11 47 21.5049 0.357165 3.53335 0.284142 6700
8 11 48 20.7651 0.497464 3.02953 0.47609 7547
8 11 49 20.6084 0.338835 2.85159 0.332788 10312
8 11 50 21.5569 0.38681 3.02213 0.412417 7094
8 11 51 21.2173 0.386688 3.3226 0.344904 10025
8 11 52 20.5258 0.524741 3.45164 0.309404 10903
8 11 53 21.1568 0.462744 3.31287 0.413283 6109
8 11 54 20.9403 0.465162 2.97041 0.536918 7958
8 11 55 21.3608 0.409634 3.23518 0.348328 10356
8 11 56 21.4239 0.399244 3.64654 0.303918 7779
8 11 57 21.7954 0.361723 3.35476 0.341899 9389
8 11 58 20.5677 0.447242 3.65204 0.344665 8036
8 11 59 20.7668 0.495998 3.89448 0.258708 11931
8 11 60 20.1116 0.354372 3.40425 0.33836 8149
8 11 61 23.875 0.512152 4.4595 0.551813 11402
8 11 62 21.5725 0.360264 3.44884 0.274116 12319
8 11 63 19.8522 0.30252 2.58579 0.769921 10259
8 12 0 23.7074 0.391509 4.12067 0.393157 15253
8 12 1 22.6712 0.322268 3.69815 0.33979 15314
8 12 2 22.5043 0.327837 3.75205 0.301815 17075
8 12 3 22.4259 0.31814 3.5401 0.314279 16153
8 12 4 21.3741 0.290247 3.26762 0.373478 15239
8 12 5 22.6662 0.307746 3.31195 0.410495 15043
8 12 6 22.1374 0.358176 3.68291 0.329326 17578
8 12 7 22.3325 0.326397 3.8803 0.309564 19426
8 12 8 22.3418 0.327851 3.44377 0.284736 14534
8 12 9 22.9965 0.355248 3.78123 0.412953 20083
8 12 10 21.4929 0.469598 3.97 0.301986 18734
8 12 11 21.8657 0.357926 3.59717 0.319878 13340
8 12 12 21.4027 0.338 3.80426 0.292159 15468
8 12 13 22.0034 0.309762 3.54692 0.283773 16907
8 12 14 23.1451 0.353226 3.86434 0.6759 14178
8 12 15 21.8889 0.310809 3.02031 0.515551 17212
8 12 16 23.3 0.357439 3.91254 0.280016 21634
8 12 17 22.1093 0.302157 3.60703 0.300771 12397
8 12 18 21.7692 0.291971 3.23166 0.253931 15898
8 12 19 22.2626 0.326678 3.96676 0.265701 18492
8 12 20 21.7428 0.293726 3.3816 0.29581 14194
8 12 21 23.0472 0.357035 3.5285 0.390271 18719
8 12 22 23.4778 0.377695 3.312 0.517742 17418
8 12 23 22.3707 0.304009 3.14559 0.321828 13293
8 12 24 22.0072 0.318037 3.28774 0.394284 13934
8 12 25 22.6229 0.335484 3.71422 0.242868 18372
8 12 26 22.6835 0.339353 3.58928 0.411462 12620
8 12 27 21.8695 0.349226 3.35861 0.26799 15602
8 12 28 22.3554 0.295661 3.13757 0.418493 14972
8 12 29 21.6508 0.401085 3.68799 0.289237 11059
8 12 30 23.3384 0.351418 3.57817 0.414362 13841
8 12 31 22.5739 0.385739 4.00779 0.229371 14714
8 12 32 23.2085 0.392241 3.89708 0.368457 13122
8 12 33 22.9783 0.320411 3.56277 0.315281 12426
8 12 34 21.0776 0.345386 3.47749 0.382083 13671
8 12 35 22.1668 0.315798 3.38841 0.367068 16494
8 12 36 23.565 0.354745 3.53149 0.356702 11024
8 12 37 22.9443 0.377672 3.38639 0.59239 11141
8 12 38 24.0197 0.507478 4.19564 0.407136 13259
8 12 39 22.3917 0.33458 3.56061 0.366367 11607
8 12 40 22.4771 0.317525 3.29032 0.344609 13046
8 12 41 22.3686 0.328178 3.2416 0.420252 13141
8 12 42 23.0315 0.354486 3.4399 0.484342 11055
8 12 43 22.1492 0.451879 3.63351 0.305707 11106
8 12 44 22.3307 0.337798 3.38598 0.352488 12021
8 12 45 22.0908 0.306647 3.45532 0.282041 13011
8 12 46 22.716 0.371288 3.92868 0.498821 11611
8 12 47 24.1123 0.376141 4.15743 0.287472 13194
8 12 48 22.7402 0.305689 3.68342 0.301462 11604
8 12 49 21.7161 0.352355 3.20653 0.377134 11889
8 12 50 21.3139 0.31407 3.42488 0.446685 13096
8 12 51 22.2257 0.376086 4.12656 0.463754 9698
8 12 52 23.1773 0.329782 3.73486 0.341033 9970
8 12 53 22.6481 0.350622 3.91488 0.267744 11319
8 12 54 20.5039 0.37211 3.0704 0.542683 12751
8 12 55 22.2843 0.397096 3.60419 0.391336 9039
8 12 56 22.4266 0.332145 3.56451 0.477394 10689
8 12 57 21.4182 0.3201 3.73429 0.300568 10391
8 12 58 21.4302 0.318897 3.40276 0.332871 10543
8 12 59 21.5381 0.320534 3.55543 0.337487 10412
8 12 60 20.8678 0.361111 3.79508 0.269426 12643
8 12 61 25.0262 0.612987 4.11892 0.78248 7960
8 12 62 20.8881 0.343806 3.78803 0.309871 10942
8 12 63 20.9291 0.333245 3.26225 0.255249 10299
8 13 0 23.0535 0.944863 2.4152 0.583971 2836
8 13 1 21.5833 0.485485 3.35525 0.614245 7843
8 13 2 22.1613 0.381214 3.48697 0.244431 7585
8 13 3 22.252 0.438793 2.67834 0.538924 5943
8 13 4 22.8754 0.388978 3.21673 0.338797 6887
8 13 5 22.2176 0.421964 3.37427 0.238365 6704
8 13 6 22.8864 0.427617 3.66948 0.443417 7220
8 13 7 21.5006 0.611911 3.29982 0.46174 4518
8 13 8 21.6464 0.403581 2.94192 0.323541 7856
8 13 9 21.9327 0.392603 3.46838 0.3374 5497
8 13 10 22.3786 0.64743 3.18447 0.44393 5582
8 13 11 21.1816 0.714513 3.30714 0.499352 7770
8 13 12 22.0345 0.483998 2.97411 0.454032 6180
8 13 13 21.4115 0.444275 2.94947 0.310404 5042
8 13 14 21.9674 0.381732 3.49326 0.236695 11382
8 13 15 21.7198 0.488888 2.5825 0.495466 5630
8 13 16 22.7281 0.437809 3.28188 0.468353 5297
8 13 17 22.4188 0.39128 3.5794 0.275357 8717
8 13 18 21.3821 0.38229 3.1418 0.356967 6804
8 13 19 21.6812 0.439723 2.67891 0.599976 5496
8 13 20 21.7939 0.410264 3.07956 0.411147 7412
8 13 21 22.1931 0.443234 3.06602 0.370158 6687
8 13 22 23.5587 0.542614 3.67214 0.674665 5160
8 13 23 22.3657 0.375377 3.03684 0.361598 7689
8 13 24 22.2318 0.40696 3.09402 0.331938 8053
8 13 25 22.0087 0.396719 3.10433 0.26979 5633
8 13 26 22.0715 0.429153 3.8498 0.262988 10370
8 13 27 22.2426 0.374679 2.81843 0.525976 5962
8 13 28 22.6381 0.380563 2.96332 0.38831 5036
8 13 29 22.0033 0.369407 3.24352 0.308225 9763
8 13 30 22.1212 0.452339 2.74473 0.461251 6600
8 13 31 22.3864 0.409265 3.16569 0.296414 5721
8 13 32 23.0991 0.406689 3.00764 0.394135 4957
8 13 33 21.5663 0.463891 2.88727 0.513758 6522
8 13 34 22.6291 0.451773 3.55707 0.569888 11894
8 13 35 22.0238 0.465343 2.72967 0.520895 5900
8 13 36 22.8999 0.358586 3.17899 0.251932 6973
8 13 37 20.5266 0.473895 3.39218 0.368265 9245
8 13 38 22.9609 0.414528 2.96027 0.502109 5712
8 13 39 20.7941 0.511446 3.83417 0.327438 9498
8 13 40 22.2412 0.395512 3.04367 0.420582 8090
8 13 41 21.5376 0.424474 2.65042 0.553684 6671
8 13 42 21.2052 0.373211 3.54488 0.241447 8550
8 13 43 21.0598 0.498536 3.72357 0.20455 10521
8 13 44 21.481 0.385232 2.63177 0.597998 6204
8 13 45 21.4458 0.496065 3.26769 0.40084 6730
8 13 46 21.6497 0.414878 3.73922 0.295905 12790
8 13 47 22.3422 0.439688 3.57979 0.367253 7170
8 13 48 20.9329 0.343505 3.28019 0.416908 8256
8 13 49 21.9217 0.356296 3.14716 0.244541 9660
8 13 50 21.4077 0.364359 2.86718 0.476966 7693
8 13 51 22.0814 0.366927 3.51794 0.227895 14072
8 13 52 22.2584 0.405266 3.32197 0.378319 11066
8 13 53 22.6288 0.449118 3.38234 0.371055 6369
8 13 54 22.1067 0.346498 2.78368 0.576081 8158
8 13 55 21.2838 0.412244 3.48041 0.202469 10988
8 13 56 20.6926 0.367423 3.56255 0.283807 10467
8 13 57 21.9474 0.346535 3.30869 0.462962 11428
8 13 58 21.3169 0.355681 2.88131 0.301159 9198
8 13 59 21.2105 0.410301 3.523 0.280793 13073
8 13 60 21.6687 0.374716 3.35194 0.324411 8189
8 13 61 22.25 0.46621 3.41235 0.358663 16644
8 13 62 21.6389 0.415152 3.80747 0.2604 12420
8 13 63 21.3366 0.366586 3.38402 0.27466 9165
8 14 0 21.592 0.428026 3.9984 0.218356 10767
8 14 1 21.6629 0.434648 3.94768 0.191409 9870
8 14 2 22.028 0.452069 3.42382 0.306475 10761
8 14 3 21.9779 0.410498 3.24187 0.206131 10073
8 14 4 21.3985 0.458686 2.96303 0.462859 8210
8 14 5 21.5652 0.506728 2.77459 0.466279 8508
8 14 6 21.0122 0.484048 3.66301 0.231938 11010
8 14 7 22.2642 0.426969 3.40718 0.219129 11860
8 14 8 22.0484 0.455745 3.17011 0.37902 8153
8 14 9 21.7918 0.413024 3.44142 0.21924 12420
8 14 10 22.3189 0.442646 3.57659 0.184213 13164
8 14 11 21.7521 0.447683 3.48172 0.344021 6950
8 14 12 21.3015 0.488996 2.79507 0.583495 9105
8 14 13 21.004 0.463484 3.24968 0.445717 8824
8 14 14 23.4149 0.501298 3.92107 0.376148 8078
8 14 15 23.391 0.57094 3.3749 0.45171 7239
8 14 16 22.7168 0.571296 3.39475 0.336931 14145
8 14 17 22.1597 0.418566 3.23567 0.189041 7328
8 14 18 20.3779 0.419186 3.66966 0.385861 7752
8 14 19 21.3057 0.573926 3.63298 0.276965 10855
8 14 20 21.6889 0.420161 2.71082 0.370609 7781
8 14 21 21.7615 0.394228 3.38915 0.23038 12416
8 14 22 21.3875 0.431277 3.36068 0.216475 11230
8 14 23 21.9938 0.414982 2.91743 0.272274 6465
8 14 24 22.2843 0.484904 2.92716 0.461637 9116
8 14 25 22.835 0.418456 3.49864 0.254315 8765
8 14 26 22.5979 0.460308 3.0414 0.436741 7592
8 14 27 22.1489 0.40702 3.17533 0.327239 7119
8 14 28 21.5793 0.39229 3.4434 0.274814 8642
8 14 29 21.9946 0.453621 3.0055 0.435935 6608
8 14 30 22.111 0.417694 2.55701 0.598386 7266
8 14 31 22.4916 0.471894 3.1031 0.351683 8519
8 14 32 21.3894 0.482895 3.41277 0.220296 6684
8 14 33 21.3404 0.40242 3.0736 0.540654 7037
8 14 34 21.6397 0.419882 3.04104 0.425387 6820
8 14 35 22.4619 0.458159 3.30018 0.346491 7491
8 14 36 22.0585 0.454029 3.04443 0.295438 6185
8 14 37 21.7011 0.452056 3.2353 0.284156 6007
8 14 38 21.762 0.553021 3.50155 0.343456 6780
8 14 39 21.9876 0.587561 3.23129 0.2647 5489
8 14 40 22.0192 0.503325 3.11684 0.262239 6307
8 14 41 22.8486 0.858605 3.01017 0.455677 6739
8 14 42 21.9384 0.471312 2.888 0.354852 5665
8 14 43 22.815 0.527595 3.12628 0.411921 5531
8 14 44 22.3368 0.435722 3.18711 0.299257 6119
8 14 45 21.6599 0.5364 2.89213 0.383493 5821
8 14 46 21.7262 0.442405 3.11587 0.317603 6805
8 14 47 22.0249 0.44163 3.76367 0.252869 6690
8 14 48 21.8246 0.389572 2.96929 0.330076 6347
8 14 49 21.2198 0.450546 2.74483 0.450142 5312
8 14 50 20.7354 0.488031 2.45043 0.583441 5879
8 14 51 21.3299 0.479386 2.92208 0.444647 5730
8 14 52 21.993 0.38741 3.07937 0.315306 5169
8 14 53 22.387 0.441795 3.58297 0.282924 5773
8 14 54 21.8237 0.492177 2.62975 0.48937 5150
8 14 55 22.4703 0.47139 3.13226 0.392713 4518
8 14 56 21.3076 0.452295 3.41525 0.261229 5818
8 14 57 21.3691 0.545162 3.3064 0.412887 5480
8 14 58 21.3173 0.430829 3.04194 0.270147 5072
8 14 59 20.7113 0.522592 3.35501 0.359679 5678
8 14 60 21.0147 0.50373 3.22807 0.263802 6126
8 14 61 21.4866 0.51401 3.50175 0.428309 5821
8 14 62 20.936 0.646089 3.99839 0.256984 4962
8 14 63 20.6917 0.520346 2.93453 0.461932 5757
8 15 0 23.3099 0.539598 3.49642 0.316131 4683
8 15 1 23.8585 0.632608 3.44924 0.278434 4038
8 15 2 23.8939 0.51512 3.34099 0.265883 4286
8 15 3 22.9642 0.791337 3.41833 0.371923 3187
8 15 4 22.9248 0.63303 3.10015 0.314875 3751
8 15 5 28 -2 0 0 3822
8 15 6 24.0627 0.481393 2.90028 0.467743 3540
8 15 7 21.8653 0.683361 3.47716 0.251325 3290
8 15 8 23.3228 0.771502 3.00953 0.346856 3607
8 15 9 22.974 0.484879 2.9099 0.372604 3289
8 15 10 23.7497 0.590334 3.62684 0.37881 3395
8 15 11 23.4977 0.538211 3.0411 0.359474 3990
8 15 12 23.042 0.468643 2.88466 0.345935 3495
8 15 13 22.1523 0.634275 2.5838 0.457199 3148
8 15 14 23.3691 0.507918 2.88366 0.388128 4777
8 15 15 22.8033 0.566237 2.97011 0.436124 3731
8 15 16 23.3783 0.55854 2.9643 0.337548 3243
8 15 17 23.3486 0.679688 3.16131 0.390565 4393
8 15 18 23.9179 0.65723 2.57903 0.473659 3370
8 15 19 23.7622 0.627949 3.42438 0.352208 3374
8 15 20 23.2439 0.65221 2.6157 0.364092 3891
8 15 21 23.2855 0.487967 2.7834 0.413544 3916
8 15 22 23.9294 0.508217 2.87847 0.318358 2773
8 15 23 22.792 0.600872 2.70428 0.306925 4709
8 15 24 23.6118 0.632431 3.31178 0.293028 4455
8 15 25 23.3702 0.549258 3.13904 0.282737 3325
8 15 26 22.5889 0.650037 3.18826 0.40816 5490
8 15 27 22.6415 0.646285 2.91044 0.294497 3489
8 15 28 23.0259 0.780059 2.65692 0.478395 3341
8 15 29 23.6335 0.484448 3.34189 0.39153 5143
8 15 30 22.2779 0.646986 2.66207 0.473225 4094
8 15 31 23.3479 0.540166 3.2212 0.289526 3845
8 15 32 22.4813 0.591723 3.20849 0.404901 3621
8 15 33 23.3402 0.475042 2.89859 0.274531 3996
8 15 34 22.8035 0.721299 3.58329 0.235103 5628
8 15 35 24.4408 0.699275 3.31655 0.41509 3500
8 15 36 23.3341 0.597545 2.66694 0.446704 3942
8 15 37 23.0412 1.20479 3.37396 0.34355 4798
8 15 38 23.0541 0.600543 3.08192 0.328608 4206
8 15 39 23.7129 0.52045 3.9478 0.200262 5589
8 15 40 26 -2 0 0 4931
8 15 41 23.1109 0.549542 2.78115 0.420218 4039
8 15 42 22.5865 0.49808 2.77324 0.484455 4793
8 15 43 22.539 0.610127 3.1256 0.281875 5280
8 15 44 22.99 0.615014 2.94396 0.34209 4174
8 15 45 22.7603 0.639435 3.03983 0.342549 4217
8 15 46 24.2659 0.602502 3.66111 0.274577 5513
8 15 47 29 -2 0 0 4930
8 15 48 23.2533 0.540093 3.00035 0.363022 4742
8 15 49 22.7845 0.499064 3.1561 0.281623 5173
8 15 50 22.4595 0.65266 3.51754 0.265969 4545
8 15 51 24.098 0.566434 3.88929 0.185493 7228
8 15 52 23.6189 0.537889 3.28549 0.297517 5079
8 15 53 23.3329 0.53175 3.33954 0.202779 4704
8 15 54 23.0484 0.481789 2.90988 0.351838 4587
8 15 55 22.0429 0.644311 3.67547 0.262474 6556
8 15 56 23.6537 0.503636 3.53006 0.306976 6141
8 15 57 22.4423 0.553059 2.92608 0.622293 7052
8 15 58 22.9041 0.503963 2.90678 0.428901 4839
8 15 59 23.9459 0.624922 3.65592 0.254051 5988
8 15 60 20.4156 0.698119 3.28514 0.340651 5809
8 15 61 23.3723 0.584542 4.1134 0.166712 8610
8 15 62 21.9175 1.01834 4.69328 0.24618 5839
8 15 63 22.1547 0.473337 3.17354 0.257342 5321
9 0 0 20.5789 0.329071 3.33709 0.424927 9882
9 0 1 20.0499 0.283991 2.97895 0.463567 10407
9 0 2 20.0023 0.290523 2.60995 0.643871 9384
9 0 3 20.2815 0.270038 2.5662 0.523537 9015
9 0 4 20.4148 0.3285 2.42006 0.763513 8862
9 0 5 19.9196 0.362995 2.41197 0.445786 8458
9 0 6 20.0275 0.352792 2.64805 0.565485 9463
9 0 7 19.8364 0.393537 2.76402 0.565881 7727
9 0 8 20.4893 0.358769 2.63199 0.550951 9769
9 0 9 19.9274 0.335935 2.80684 0.319831 8586
9 0 10 19.5927 0.398009 2.87407 0.337321 7709
9 0 11 20.5327 0.294119 2.57179 0.432304 11165
9 0 12 20.091 0.312059 2.44179 0.468264 8518
9 0 13 20.8006 0.313921 2.65425 0.546984 8698
9 0 14 20.6941 0.320346 3.17355 0.514545 10228
9 0 15 20.6603 0.389217 2.40479 0.746243 8961
9 0 16 21.1357 0.314533 3.13292 0.539386 8371
9 0 17 20.6777 0.346708 2.66546 0.887491 9914
9 0 18 20.5574 0.299153 2.83061 0.470861 8492
9 0 19 20.6339 0.289395 2.87552 0.453263 9360
9 0 20 19.9832 0.318068 2.81355 0.398833 10793
9 0 21 20.0265 0.359734 2.78035 0.449627 8395
9 0 22 20.4031 0.305532 2.62528 0.577884 8306
9 0 23 20.5251 0.269611 2.77621 0.384244 11087
9 0 24 20.4688 0.292809 2.54999 0.528342 9988
9 0 25 20.6806 0.345076 2.84153 0.342525 8816
9 0 26 21.5192 0.287673 3.09336 0.436386 12546
9 0 27 20.6968 0.290059 2.71449 0.444178 8539
9 0 28 19.9362 0.356328 2.51309 0.359584 9294
9 0 29 20.285 0.315587 2.94732 0.409525 11553
9 0 30 21.4611 0.272124 2.69151 0.414032 10020
9 0 31 20.4874 0.455105 2.60981 0.591002 10937
9 0 32 20.2382 0.324027 2.32176 0.833687 10806
9 0 33 20.3202 0.282897 2.59559 0.389313 9976
9 0 34 21.6866 0.29042 3.18345 0.421518 13730
9 0 35 20.7515 0.273105 2.77336 0.429497 11516
9 0 36 20.4359 0.309898 2.88191 0.274971 10001
9 0 37 21.296 0.29266 2.9867 0.414485 12820
9 0 38 20.9844 0.329022 2.61459 0.509322 12077
9 0 39 21.1142 0.345393 3.37697 0.384614 14353
9 0 40 20.3254 0.308455 2.72999 0.521552 11139
9 0 41 20.9014 0.335998 2.66992 0.620249 11229
9 0 42 20.6873 0.279789 2.72762 0.525887 11840
9 0 43 21.4536 0.283131 3.07684 0.385786 11813
9 0 44 20.4105 0.286343 2.87909 0.344358 12503
9 0 45 21.1083 0.28708 2.71522 0.495536 11831
9 0 46 21.3051 0.284442 3.16823 0.380487 15915
9 0 47 20.8825 0.288564 2.94369 0.442916 13732
9 0 48 20.0643 0.308372 2.71819 0.401001 13043
9 0 49 20.6304 0.317814 2.64098 0.769859 12140
9 0 50 21.2846 0.314762 2.62429 0.542246 10557
9 0 51 20.4344 0.302128 3.17273 0.314328 18769
9 0 52 21.377 0.308592 3.07909 0.650184 13196
9 0 53 20.0259 0.425014 3.16835 0.486248 11640
9 0 54 20.3336 0.295191 2.85126 0.35423 12344
9 0 55 20.4162 0.320905 3.15471 0.406037 16851
9 0 56 20.4588 0.433198 3.433 0.497651 15741
9 0 57 20.3783 0.288879 3.32144 0.508599 15363
9 0 58 20.1162 0.31389 2.74496 0.482434 13258
9 0 59 20.6555 0.291512 3.19069 0.416701 14883
9 0 60 20.148 0.276216 3.41236 0.416324 13487
9 0 61 20.6728 0.317689 3.59038 0.367855 18010
9 0 62 20.5827 0.318914 3.94813 0.453512 16543
9 0 63 20.1264 0.322041 3.14013 0.456205 15734
9 1 0 22.5464 0.389644 4.0686 0.366197 14880
9 1 1 20.9194 0.329173 3.57062 0.358098 17237
9 1 2 21.2697 0.333028 3.53469 0.421712 17060
9 1 3 20.6737 0.309354 2.98875 0.339519 14910
9 1 4 20.1983 0.317054 3.3732 0.400626 11175
9 1 5 20.2071 0.298222 2.93616 0.408811 15361
9 1 6 21.0742 0.31773 3.45368 0.283597 14564
9 1 7 21.1465 0.306181 3.46443 0.219829 14070
9 1 8 20.8853 0.298127 2.91426 0.463908 14270
9 1 9 21.7115 0.342791 3.46824 0.26086 14063
9 1 10 21.6425 0.334332 3.62378 0.472605 16707
9 1 11 20.4128 0.309239 3.24282 0.184195 11739
9 1 12 21.2417 0.325876 3.17871 0.426093 11479
9 1 13 21.5932 0.322158 3.17315 0.397031 10623
9 1 14 21.6746 0.362016 3.48923 0.48459 14163
9 1 15 20.9546 0.360266 3.20243 0.345249 10708
9 1 16 21.6898 0.362583 3.82167 0.425289 16433
9 1 17 20.9118 0.320122 3.28505 0.372612 12439
9 1 18 20.8385 0.313413 3.13492 0.363236 11151
9 1 19 20.5438 0.449943 3.47585 0.34087 11920
9 1 20 21.0617 0.27239 2.86953 0.524681 12014
9 1 21 21.3434 0.31228 3.36223 0.319639 16389
9 1 22 21.608 0.322174 3.29665 0.249906 13500
9 1 23 20.4885 0.347646 3.35837 0.358657 10421
9 1 24 20.5657 0.31299 3.07989 0.263291 14225
9 1 25 21.7934 0.380059 3.77054 0.283974 12250
9 1 26 21.1552 0.304846 3.22129 0.600357 13015
9 1 27 20.5247 0.34242 2.7317 0.496662 11584
9 1 28 21.598 0.33331 3.27169 0.349483 9542
9 1 29 21.181 0.298902 2.91426 0.546988 12235
9 1 30 20.4841 0.393479 2.95051 0.545073 10981
9 1 31 21.1021 0.417083 3.2568 0.421133 10074
9 1 32 21.7761 0.308375 3.1241 0.459643 8223
9 1 33 20.2404 0.340223 2.83112 0.531306 10795
9 1 34 20.4152 0.354232 3.4176 0.404816 11328
9 1 35 21.8519 0.319304 3.58442 0.408792 9498
9 1 36 21.6479 0.29627 3.16118 0.317168 8559
9 1 37 20.8599 0.305443 2.93886 0.391747 9665
9 1 38 20.9876 0.295382 2.95408 0.448216 9573
9 1 39 21.3451 0.298585 2.62338 0.65881 8274
9 1 40 21.3381 0.316862 3.06386 0.426333 10419
9 1 41 21.2154 0.286301 2.8622 0.39574 7960
9 1 42 20.6906 0.304118 3.03698 0.406097 8799
9 1 43 21.8025 0.320818 3.28395 0.427964 9618
9 1 44 21.1525 0.373033 2.82209 0.700433 6901
9 1 45 20.8054 0.322927 2.93017 0.45078 9570
9 1 46 20.9822 0.304956 3.17029 0.395785 11700
9 1 47 21.7253 0.318565 3.14519 0.436965 8497
9 1 48 21.8297 0.308833 3.33831 0.395366 8230
9 1 49 20.8999 0.286037 2.78779 0.48819 10170
9 1 50 20.3581 0.322197 3.09085 0.379114 7593
9 1 51 20.0447 0.380414 2.73694 0.902883 8985
9 1 52 20.4284 0.337271 3.15347 0.367699 9652
9 1 53 20.0688 0.322417 2.70467 0.619512 8589
9 1 54 20.4296 0.332442 2.63188 0.590771 8000
9 1 55 20.5759 0.293427 3.02241 0.416462 7887
9 1 56 19.8723 0.345395 3.03499 0.333919 7687
9 1 57 19.5179 0.384225 2.80405 0.700351 8920
9 1 58 19.7891 0.333139 2.95647 0.323971 8215
9 1 59 20.4441 0.304015 3.11806 0.663587 10204
9 1 60 20.5292 0.434406 3.03924 0.806579 7736
9 1 61 20.5757 0.322952 3.08731 0.642091 9093
9 1 62 20.4089 0.340632 3.29897 0.353851 8833
9 1 63 19.7731 0.338074 2.49624 0.480423 8356
9 2 0 21.848 0.348428 3.74889 0.37125 20290
9 2 1 20.9071 0.360651 3.81183 0.201499 15773
9 2 2 20.706 0.295505 3.36979 0.28594 16205
9 2 3 20.4846 0.269777 3.11107 0.295836 11816
9 2 4 20.95 0.273002 3.05391 0.364984 15292
9 2 5 20.3549 0.353366 3.26439 0.274401 15078
9 2 6 20.7888 0.303193 3.1915 0.504726 15790
9 2 7 21.2989 0.293394 3.20742 0.42714 12472
9 2 8 20.9826 0.305747 3.13685 0.457545 14353
9 2 9 21.0774 0.286752 3.36609 0.38415 14979
9 2 10 21.6534 0.310385 3.38167 0.48176 12974
9 2 11 20.5871 0.293885 2.93545 0.446017 16919
9 2 12 20.8637 0.341293 3.23291 0.370878 12744
9 2 13 20.7322 0.28514 2.92162 0.396044 11439
9 2 14 20.9078 0.298781 3.63728 0.178311 17862
9 2 15 21.165 0.291626 3.04094 0.452171 13297
9 2 16 21.8388 0.300169 3.45951 0.455753 11088
9 2 17 22.2288 0.352541 3.88221 0.548615 14837
9 2 18 21.1921 0.286964 2.97784 0.539127 14364
9 2 19 20.7236 0.321034 2.96203 0.503829 12689
9 2 20 21.0572 0.297236 3.20841 0.323438 15266
9 2 21 20.9388 0.315681 3.58309 0.299715 13565
9 2 22 22.5671 0.44057 3.17733 0.971342 11779
9 2 23 21.3613 0.283322 3.1572 0.335395 15550
9 2 24 21.4124 0.294684 3.18412 0.50562 16281
9 2 25 20.7701 0.291681 2.82098 0.418909 13189
9 2 26 20.6573 0.301991 3.36468 0.272487 21647
9 2 27 21.3443 0.278578 2.90035 0.334467 12926
9 2 28 20.9479 0.331906 2.90008 0.394163 11117
9 2 29 21.506 0.28202 3.144 0.248165 17207
9 2 30 20.7781 0.339027 3.27089 0.473927 14345
9 2 31 21.0512 0.328807 3.18229 0.20486 10585
9 2 32 21.3732 0.330999 3.1781 0.397118 10169
9 2 33 20.8443 0.332558 3.19129 0.227656 11852
9 2 34 21.3885 0.314257 3.61032 0.334269 19909
9 2 35 21.27 0.361869 3.45318 0.388161 10062
9 2 36 20.7357 0.298785 3.09062 0.412585 14285
9 2 37 22.1621 0.306608 3.27995 0.456323 15806
9 2 38 21.7442 0.298062 3.21152 0.466707 10175
9 2 39 22.3933 0.397896 2.88207 0.628006 7514
9 2 40 21.0211 0.297255 2.97772 0.30502 13878
9 2 41 21.0002 0.316275 3.19961 0.379314 10134
9 2 42 21.1715 0.306567 2.72875 0.607292 15085
9 2 43 21.1216 0.330788 2.95995 0.643014 16255
9 2 44 21.4493 0.303918 2.93998 0.509843 10275
9 2 45 21.5917 0.299013 3.04283 0.390356 10933
9 2 46 21.7677 0.322618 3.63225 0.234327 18795
9 2 47 20.48 0.348728 3.69124 0.307679 12367
9 2 48 21.0807 0.27838 2.95507 0.421146 14638
9 2 49 20.6403 0.284352 2.86844 0.309478 16877
9 2 50 21.0762 0.334752 3.2672 0.282742 11060
9 2 51 21.8395 0.326312 3.47844 0.331293 18453
9 2 52 21.3336 0.323032 3.34101 0.36633 15642
9 2 53 21.5368 0.32593 3.36657 0.364666 10598
9 2 54 21.2538 0.409998 3.23216 0.400345 7907
9 2 55 20.4546 0.323696 3.28453 0.500088 16518
9 2 56 21.4324 0.335666 3.4499 0.337719 14521
9 2 57 20.243 0.366932 3.37859 0.299846 14304
9 2 58 20.3586 0.295512 3.1904 0.168868 13903
9 2 59 21.3144 0.316825 3.56597 0.318826 17779
9 2 60 22.0268 0.438205 2.66424 0.595766 3572
9 2 61 20.8238 0.355467 3.37112 0.391468 19802
9 2 62 20.3502 0.377791 3.82558 0.225604 17308
9 2 63 21.4106 0.329376 3.24866 0.468503 16213
9 3 0 20.6957 0.309502 3.25668 0.641017 17081
9 3 1 20.5172 0.271506 3.22645 0.448411 18763
9 3 2 20.9514 0.262836 3.13063 0.497262 17840
9 3 3 20.2315 0.287425 2.95467 0.356205 16383
9 3 4 20.1932 0.276788 2.59969 0.320827 20408
9 3 5 19.4356 0.264209 2.65176 0.46585 19601
9 3 6 20.002 0.291723 3.21082 0.442449 20444
9 3 7 20.1758 0.283458 3.11981 0.469339 22981
9 3 8 20.0303 0.273786 2.87325 0.551888 16769
9 3 9 20.9481 0.316819 3.02299 0.964189 9857
9 3 10 20.9347 0.266429 3.21209 0.524443 21480
9 3 11 21.1814 0.304356 3.01479 0.452593 16361
9 3 12 20.3327 0.28538 2.56503 0.444308 20819
9 3 13 19.7664 0.250429 2.60627 0.494055 20018
9 3 14 20.06 0.307889 3.12653 0.294043 19129
9 3 15 19.918 0.259833 2.58641 0.448021 21815
9 3 16 21.1921 0.27095 3.50464 0.368675 25713
9 3 17 19.9621 0.248793 2.77329 0.51724 18761
9 3 18 20.4779 0.240852 2.7404 0.421423 16954
9 3 19 20.6991 0.259286 2.94112 0.545066 22093
9 3 20 20.2365 0.26095 2.63523 0.401606 19640
9 3 21 19.963 0.291145 3.05599 0.418752 18723
9 3 22 20.6504 0.259405 2.85142 0.32829 21588
9 3 23 20.9836 0.24887 2.70693 0.497952 18828
9 3 24 20.6057 0.27668 2.74429 0.35653 19389
9 3 25 22.5449 0.325348 3.75657 0.916953 22350
9 3 26 20.4573 0.2892 3.09805 0.491211 18069
9 3 27 19.8504 0.314041 2.83342 0.398077 14369
9 3 28 20.335 0.266211 2.79676 0.422703 18907
9 3 29 20.5714 0.305543 2.72805 0.250418 19550
9 3 30 20.531 0.236547 2.70075 0.293418 19910
9 3 31 21.1345 0.242174 2.95463 0.465849 22639
9 3 32 20.7812 0.297128 2.90905 0.434319 20404
9 3 33 22.2629 0.374748 2.90615 0.508474 4325
9 3 34 20.5835 0.296265 2.9545 0.31182 18818
9 3 35 20.7391 0.31463 3.08317 0.370049 21819
9 3 36 20.8228 0.29709 2.76798 0.410013 19575
9 3 37 20.9428 0.269557 2.83231 0.464354 19433
9 3 38 19.9601 0.291473 3.02996 0.391733 20776
9 3 39 21.0425 0.250005 2.89657 0.387963 18658
9 3 40 19.7819 0.230975 2.66406 0.447198 18922
9 3 41 20.2347 0.277186 2.66963 0.456403 16953
9 3 42 20.3238 0.276781 2.66474 0.428271 20077
9 3 43 20.2967 0.303548 2.64052 0.375242 19358
9 3 44 20.8548 0.255947 2.90106 0.462182 19481
9 3 45 20.8595 0.261945 2.90211 0.405563 14844
9 3 46 20.2716 0.255521 3.05995 0.584333 19087
9 3 47 21.1464 0.263412 3.40286 0.338323 20455
9 3 48 20.1237 0.253443 2.73806 0.31209 19539
9 3 49 20.8176 0.325083 2.93794 0.678211 17453
9 3 50 20.6434 0.262489 2.71551 0.427114 18732
9 3 51 20.9074 0.287152 3.29918 0.6463 18295
9 3 52 19.2299 0.368887 2.96062 0.398581 18648
9 3 53 19.9241 0.283429 3.37758 0.399238 17380
9 3 54 20.3533 0.246706 2.77104 0.41295 18955
9 3 55 19.728 0.275137 2.9869 0.451945 18259
9 3 56 20.1225 0.278623 2.98307 0.284881 19463
9 3 57 20.6006 0.324037 3.34109 0.728818 17964
9 3 58 20.2607 0.241921 2.82299 0.329354 17024
9 3 59 20.3395 0.259891 3.11656 0.408791 17962
9 3 60 20.2718 0.24751 2.99593 0.612677 17331
9 3 61 19.8891 0.301857 3.32703 0.563255 19135
9 3 62 19.7855 0.295329 3.0285 0.465605 18773
9 3 63 19.4592 0.338328 2.68351 0.58933 17145
9 4 0 22.4394 0.533765 3.84503 0.360638 18229
9 4 1 20.8685 0.373059 3.47276 0.238716 17399
9 4 2 21.2344 0.368008 3.18208 0.388399 14824
9 4 3 21.2916 0.370027 3.07744 0.320109 8829
9 4 4 21.0635 0.359811 3.02025 0.588097 5580
9 4 5 20.6085 0.415435 2.6794 0.629993 12094
9 4 6 21.8126 0.478908 3.55371 0.417962 14641
9 4 7 20.7876 0.352306 2.8134 0.426496 10599
9 4 8 20.833 0.395475 3.26353 0.404 12113
9 4 9 20.1958 0.374616 3.20279 0.3683 12335
9 4 10 20.0047 0.550272 3.70676 0.329637 11056
9 4 11 22.7534 0.535712 3.53962 0.816163 11261
9 4 12 20.2698 0.397417 3.25161 0.276549 9989
9 4 13 21.446 0.351847 2.89129 0.535933 8098
9 4 14 21.8798 0.417445 3.92156 0.382967 17707
9 4 15 20.7917 0.338257 3.10282 0.295339 10326
9 4 16 20.0064 0.478796 3.55788 0.318203 10993
9 4 17 20.7668 0.370763 2.52296 0.910709 15077
9 4 18 0 -10 0 0 0
9 4 19 19.7808 0.585582 3.23419 0.4661 8521
9 4 20 21.33 0.336825 3.05242 0.434285 8419
9 4 21 21.2458 0.369467 3.48704 0.240059 12648
9 4 22 19.84 0.367228 2.84363 0.289849 11139
9 4 23 21.1899 0.386252 3.07504 0.291137 12470
9 4 24 21.5433 0.357344 3.3149 0.24844 13690
9 4 25 20.7904 0.369968 2.63294 0.444326 8815
9 4 26 21.1234 0.356604 3.30617 0.332349 17982
9 4 27 20.8487 0.429331 3.32343 0.457996 4792
9 4 28 20.3312 0.368564 2.87252 0.302724 8403
9 4 29 21.085 0.359103 3.17383 0.410715 14264
9 4 30 21.6819 0.313815 2.77575 0.412024 4359
9 4 31 21.4473 0.349753 2.89597 0.331231 7720
9 4 32 20.2607 0.533401 3.13198 0.374068 8615
9 4 33 21.7663 0.517495 2.77059 0.501147 5128
9 4 34 21.3575 0.392766 3.56656 0.251201 15296
9 4 35 20.2435 0.462368 2.76942 0.51135 7892
9 4 36 0 -10 0 0 0
9 4 37 0 -10 0 0 0
9 4 38 20.7056 0.395697 2.74982 0.435728 6878
9 4 39 20.7158 0.375432 3.51406 0.310352 7402
9 4 40 20.8976 0.388281 2.56292 0.758097 10073
9 4 41 20.869 0.381724 2.72377 0.476963 6885
9 4 42 20.3022 0.37456 2.68428 0.482331 8858
9 4 43 21.4908 0.383394 3.1762 0.277737 11476
9 4 44 20.7624 0.355063 2.89934 0.439287 6579
9 4 45 20.3159 0.441328 2.91477 0.576906 7529
9 4 46 20.3997 0.392199 3.48886 0.174284 15176
9 4 47 21.4954 0.372595 3.17192 0.417698 6381
9 4 48 20.8743 0.33707 2.86334 0.403964 7314
9 4 49 21.4989 0.400037 3.4136 0.36386 11375
9 4 50 20.3264 0.385225 2.48105 0.437908 3502
9 4 51 21.3586 0.360223 3.34849 0.273042 10277
9 4 52 19.8471 0.496153 2.82421 0.562422 9053
9 4 53 19.9111 0.345046 3.13262 0.343671 7434
9 4 54 20.6778 0.384929 2.77579 0.600104 7614
9 4 55 20.7067 0.3748 3.0986 0.385628 8835
9 4 56 20.5174 0.448701 2.90589 0.388254 5012
9 4 57 20.1801 0.431781 3.50958 0.414952 9172
9 4 58 21.8524 0.381974 3.55733 0.426249 7649
9 4 59 20.8977 0.374135 3.33368 0.314343 10290
9 4 60 20.0603 0.402501 2.94428 0.521522 7954
9 4 61 20.2229 0.373234 3.71693 0.27906 12306
9 4 62 21.3512 0.377637 3.64833 0.255301 10950
9 4 63 19.8604 0.446638 3.20976 0.289639 9563
9 5 0 23.4727 0.420026 3.98268 0.441907 9701
9 5 1 22.0832 0.35375 4.00233 0.21142 9804
9 5 2 22.3532 0.399784 3.78418 0.408449 10568
9 5 3 21.3313 0.337337 3.42127 0.239705 10872
9 5 4 21.4536 0.361245 3.61221 0.21483 12795
9 5 5 21.9549 0.318239 3.3657 0.370928 12671
9 5 6 22.709 0.366477 3.96793 0.45097 11928
9 5 7 22.0171 0.321061 3.43373 0.335069 15610
9 5 8 23.8096 0.364128 3.79894 0.403987 7048
9 5 9 21.275 0.342673 3.8344 0.293434 10825
9 5 10 22.7724 0.336488 3.56198 0.391383 12952
9 5 11 20.921 0.305673 3.09206 0.395876 13864
9 5 12 21.9426 0.31436 3.61438 0.408566 10552
9 5 13 21.8496 0.34544 3.52929 0.277641 12356
9 5 14 22.4519 0.402562 3.67254 0.417568 9094
9 5 15 22.0563 0.30434 3.34602 0.318454 13208
9 5 16 22.7151 0.365443 3.60058 0.378385 14883
9 5 17 21.8665 0.343943 3.15785 0.504661 10255
9 5 18 21.2727 0.401116 3.89754 0.43269 13050
9 5 19 21.9454 0.314792 3.71757 0.229682 14785
9 5 20 22.3091 0.330899 3.43351 0.488338 12504
9 5 21 22.36 0.333995 3.60479 0.319774 12376
9 5 22 22.3642 0.331707 3.50226 0.21901 15839
9 5 23 21.9033 0.295818 2.99041 0.345283 15445
9 5 24 22.4595 0.388676 3.67516 0.273668 9297
9 5 25 22.1981 0.352746 3.88784 0.223449 15865
9 5 26 22.1265 0.346844 3.75186 0.419559 12700
9 5 27 23.3324 0.536009 2.59507 0.543797 2163
9 5 28 22.4191 0.417765 3.72727 0.537112 13935
9 5 29 22.7208 0.45119 3.26572 0.858381 8116
9 5 30 21.6254 0.362091 3.65333 0.374073 12748
9 5 31 22.2744 -3 0 0 17239
9 5 32 22.8755 0.34456 3.03439 0.505459 8463
9 5 33 24.2137 0.664311 1.62498 0.446132 1577
9 5 34 23.9065 0.361733 3.89323 0.317817 9362
9 5 35 22.0152 0.320755 3.51728 0.398547 18587
9 5 36 22.2556 0.351377 3.99452 0.263454 15003
9 5 37 22.3104 0.349776 3.42361 0.294334 13095
9 5 38 22.5209 0.399535 4.29313 0.213149 17817
9 5 39 22.3136 0.377385 3.85546 0.231386 21639
9 5 40 22.752 0.326388 3.63988 0.469932 7675
9 5 41 21.9039 0.319783 3.50379 0.209307 18118
9 5 42 22.0672 0.557131 2.85747 0.382333 5546
9 5 43 22.7243 0.337207 3.5857 0.34119 15423
9 5 44 22.1072 0.309814 3.2535 0.330601 19151
9 5 45 22.5569 0.340374 3.48955 0.328761 17120
9 5 46 21.7097 0.350444 3.85332 0.20083 15855
9 5 47 23.8476 0.366235 4.15236 0.264192 22888
9 5 48 22.417 0.316562 3.65944 0.39804 15757
9 5 49 21.6681 0.318165 3.36468 0.347457 13941
9 5 50 21.6016 0.375431 3.74034 0.231093 16475
9 5 51 22.2246 0.360146 3.94943 0.19049 20072
9 5 52 21.7683 0.316352 3.24313 0.351987 9775
9 5 53 21.8693 0.333125 3.94261 0.203065 21487
9 5 54 21.7543 0.327291 3.47629 0.204174 16743
9 5 55 21.2493 0.321617 3.51545 0.26367 18417
9 5 56 22.2417 0.363688 3.73477 0.421907 17933
9 5 57 21.7419 0.368437 3.48852 0.310077 18184
9 5 58 21.0104 0.424291 3.74908 0.318552 15796
9 5 59 22.0674 0.338263 3.65338 0.310896 9242
9 5 60 22.2554 0.345972 3.69788 0.485043 20466
9 5 61 21.7641 0.391104 4.22915 0.39346 22621
9 5 62 22.4971 0.380729 4.05458 0.271677 14842
9 5 63 21.4965 0.342231 3.54463 0.321708 14964
9 6 0 24.8464 0.713246 4.71295 0.228895 8570
9 6 1 25.2805 0.727221 3.83704 0.255125 7560
9 6 2 25.279 0.699397 3.65383 0.278667 7541
9 6 3 24.6816 0.694439 3.52054 0.276927 5252
9 6 4 25.9124 0.828731 3.93768 0.321511 5366
9 6 5 24.6025 0.656127 4.09228 0.197012 4590
9 6 6 23.3224 0.53576 3.35569 0.3019 5130
9 6 7 23.8596 0.630305 3.43713 0.350107 4752
9 6 8 23.4525 0.617002 3.27974 0.462712 6876
9 6 9 24.1293 0.690578 3.59897 0.443205 5542
9 6 10 24.1516 0.685351 3.7739 0.270312 4908
9 6 11 24.9449 0.651829 3.4959 0.353353 5044
9 6 12 22.741 0.527529 2.81265 0.43754 6256
9 6 13 23.6914 0.65757 2.80287 0.377596 4315
9 6 14 24.4795 0.627558 3.76684 0.261439 7399
9 6 15 23.3702 0.623329 3.15069 0.433634 4584
9 6 16 23.7606 0.514153 3.71544 0.234207 5759
9 6 17 24.0835 0.619405 3.43581 0.454395 5409
9 6 18 24.557 0.551755 3.51147 0.240001 4693
9 6 19 23.872 0.613504 3.27012 0.356791 4137
9 6 20 24.1572 0.685094 3.27798 0.424751 5072
9 6 21 24.2021 0.557909 3.53363 0.33269 5585
9 6 22 24.1039 0.536063 3.24091 0.272192 4423
9 6 23 24.7958 0.627117 3.44642 0.375166 5049
9 6 24 25.7442 0.694407 3.44727 0.481172 5912
9 6 25 23.3471 0.57291 3.05162 0.440565 3884
9 6 26 23.4163 0.563201 3.67446 0.319104 8055
9 6 27 23.7716 0.555847 3.05611 0.476842 3775
9 6 28 23.5061 0.513183 3.28138 0.278104 3429
9 6 29 24.7961 0.551189 3.59455 0.251887 5287
9 6 30 22.7413 0.533309 3.52681 0.226877 4694
9 6 31 24.2509 0.454519 3.08631 0.360053 3432
9 6 32 23.6446 0.48101 2.8989 0.325018 3885
9 6 33 24.1343 0.707396 2.93779 0.477565 3570
9 6 34 24.0127 0.492255 3.86132 0.163823 6803
9 6 35 24.7817 0.663578 3.70949 0.359111 3712
9 6 36 22.9125 0.825051 3.57327 0.343474 3820
9 6 37 23.4348 0.56538 3.27423 0.327067 4235
9 6 38 24.4577 0.61223 3.32193 0.400677 3103
9 6 39 23.3168 0.942402 3.65597 0.408621 3240
9 6 40 23.8829 0.523862 3.20921 0.381618 3856
9 6 41 23.8121 0.535765 3.14485 0.338342 2950
9 6 42 24.1231 0.65361 3.17498 0.474098 3597
9 6 43 24.5531 0.644467 3.44383 0.325023 4500
9 6 44 23.7932 0.599577 3.043 0.399615 2964
9 6 45 23.3079 0.640146 2.87349 0.33713 4034
9 6 46 24.7016 0.5847 4.08234 0.171045 5168
9 6 47 25.6287 0.844545 3.98272 0.336086 2683
9 6 48 23.3439 0.542774 2.98447 0.43823 3425
9 6 49 23.6487 0.59671 2.67671 0.676103 4129
9 6 50 23.6825 0.644234 3.4868 0.352906 3296
9 6 51 24.7708 0.606674 3.61464 0.459055 3872
9 6 52 24.0721 0.612221 3.12135 0.420836 4191
9 6 53 23.0029 0.662502 3.36724 0.395356 3416
9 6 54 23.7814 0.679795 3.27552 0.385757 3232
9 6 55 22.269 0.760408 3.70811 0.323771 4413
9 6 56 23.9786 0.617366 3.30106 0.385597 3340
9 6 57 23.7119 0.587227 3.60056 0.377275 3892
9 6 58 23.1152 0.733607 3.05703 0.468437 3385
9 6 59 25.2992 1.07879 3.48387 0.574161 5399
9 6 60 22.86 0.574893 3.66842 0.27133 3425
9 6 61 24.5073 0.614571 3.86362 0.237059 4421
9 6 62 22.3219 0.664649 3.30843 0.366512 4417
9 6 63 23.359 0.511332 3.20052 0.334232 3525
9 7 0 21.2242 0.439875 3.61963 0.344998 6876
9 7 1 21.1128 0.358241 2.99488 0.341653 6724
9 7 2 21.4609 0.415566 2.7941 0.678494 6949
9 7 3 20.2967 0.383606 2.74219 0.398303 6567
9 7 4 21.0502 0.373326 2.89249 0.297243 6243
9 7 5 20.6488 0.419058 2.51554 0.52396 6768
9 7 6 20.6821 0.427211 2.6436 0.433006 6794
9 7 7 21.5208 0.421176 3.16244 0.318387 7296
9 7 8 20.6885 0.41569 2.39836 0.361395 7067
9 7 9 20.4044 0.475558 2.76911 0.453499 7100
9 7 10 21.8363 0.477373 3.03183 0.394181 6910
9 7 11 20.3775 0.37665 2.40083 0.621134 8081
9 7 12 21.2948 0.421973 2.70009 0.304926 6570
9 7 13 20.8934 0.512378 2.74119 0.6355 6870
9 7 14 20.9732 0.343867 2.80596 0.406087 6886
9 7 15 21.4472 0.408433 2.79881 0.334805 7650
9 7 16 21.4499 0.464945 3.14475 0.532479 7287
9 7 17 21.8196 0.384205 2.84547 0.457547 6400
9 7 18 20.972 -3 0 0 7556
9 7 19 21.2164 0.540266 3.09912 0.398275 8205
9 7 20 21.269 0.335408 2.68778 0.353234 8403
9 7 21 21.0426 0.678089 2.62792 0.729516 6523
9 7 22 21.0748 0.423166 2.82492 0.301152 7115
9 7 23 20.8314 0.415694 3.0687 0.262765 7988
9 7 24 20.6203 0.412227 2.52762 0.402104 7172
9 7 25 22.2503 0.360672 3.12705 0.234852 9146
9 7 26 21.551 0.384854 3.04664 0.344244 6784
9 7 27 26 -2 0 0 8403
9 7 28 21.9383 0.471553 3.09556 0.333693 7170
9 7 29 21.6948 0.355989 2.73422 0.504382 7133
9 7 30 21.7497 0.473364 2.60372 0.660052 7656
9 7 31 21.0866 0.344096 3.09333 0.22985 9932
9 7 32 20.4401 0.530717 2.96988 0.357021 9191
9 7 33 20.4242 0.411948 2.94375 0.291564 9431
9 7 34 21.102 0.386502 2.89775 0.403336 7901
9 7 35 21.2141 0.383031 3.44562 0.191108 11268
9 7 36 21.0027 0.511792 2.73811 0.58304 8991
9 7 37 20.9274 0.379812 2.93022 0.316512 7874
9 7 38 21.4496 0.0262172 3.23339 0.279155 14514
9 7 39 20.2166 0.377888 3.49544 0.224773 14848
9 7 40 20.9589 0.443936 2.58765 0.441097 9331
9 7 41 21.1321 0.389344 2.94588 0.354524 8945
9 7 42 25 -2 0 0 9790
9 7 43 20.9819 0.6008 3.10252 0.392896 8252
9 7 44 21.5967 0.481572 2.85786 0.332253 5131
9 7 45 20.3875 0.349886 2.62454 0.59776 11299
9 7 46 21.1125 0.365151 2.97606 0.304587 9291
9 7 47 21.1425 0.395777 3.72292 0.209716 15782
9 7 48 20.6329 0.461287 2.84241 0.423763 9725
9 7 49 20.3744 0.380475 2.9237 0.348057 9306
9 7 50 21.6507 0.408449 3.14524 0.358036 10987
9 7 51 19.7843 0.468665 3.61782 0.305339 12724
9 7 52 19.3133 0.45593 3.05795 0.373237 9629
9 7 53 20.9828 0.364659 3.18256 0.406533 12840
9 7 54 20.3625 0.371565 2.82152 0.340435 12317
9 7 55 20.0873 0.414524 2.86119 0.343047 11841
9 7 56 21.295 0.414131 3.30186 0.278663 13489
9 7 57 20.644 0.376444 3.13589 0.293601 12873
9 7 58 20.1523 0.34816 2.85633 0.435704 11486
9 7 59 20.3435 0.399246 2.95196 0.26615 10987
9 7 60 20.5272 0.390391 3.50114 0.211228 13553
9 7 61 21.1375 0.405437 3.62489 0.27099 12256
9 7 62 20.2561 0.385707 3.10288 0.424162 10456
9 7 63 20.4048 0.370449 3.47088 0.273449 9954
9 8 0 21.82 0.376093 3.21905 0.450756 6616
9 8 1 20.8538 0.388465 2.71742 0.57448 6371
9 8 2 21.4589 0.367869 3.26733 0.21141 6844
9 8 3 22.656 0.385512 3.02918 0.380275 6765
9 8 4 21.9027 0.412966 3.03209 0.622555 8328
9 8 5 20.5727 0.485617 2.96495 0.309044 7463
9 8 6 21.3203 0.350164 2.90662 0.335626 7869
9 8 7 22.6606 0.446864 3.41281 0.589137 9228
9 8 8 21.8715 0.34604 2.77254 0.426811 7107
9 8 9 21.2851 0.368077 2.67884 0.736354 8529
9 8 10 20.3251 0.755696 3.17587 0.623764 7863
9 8 11 21.4921 0.374029 2.73231 0.433909 8119
9 8 12 22.5528 0.510502 2.88289 0.719117 6420
9 8 13 20.7705 0.375872 2.77094 0.395816 9119
9 8 14 21.7858 0.37418 2.94658 0.505166 6088
9 8 15 21.8765 0.427045 2.82431 0.496286 8526
9 8 16 21.951 0.392969 3.28727 0.265921 9410
9 8 17 22.1298 0.362392 3.0599 0.378179 7101
9 8 18 22.3988 0.432262 2.76982 0.630242 7033
9 8 19 21.8011 0.367688 3.02066 0.512545 11824
9 8 20 22.0792 0.585554 2.36771 0.508223 541
9 8 21 21.7099 0.351161 2.8077 0.479009 8104
9 8 22 21.3878 0.488976 2.98359 0.353599 7610
9 8 23 22.1824 0.379913 2.85683 0.505916 8575
9 8 24 21.478 0.407013 2.67296 0.341475 7161
9 8 25 21.7769 0.383545 3.19587 0.308596 13220
9 8 26 22.1391 0.561616 2.96247 0.683769 5428
9 8 27 21.7001 0.374368 2.78151 0.461987 6061
9 8 28 21.6842 0.394068 3.33765 0.278246 9378
9 8 29 21.0113 0.41752 2.97551 0.450575 8693
9 8 30 28 -2 0 0 9954
9 8 31 22.4958 0.411769 3.20898 0.28353 14300
9 8 32 21.7103 0.465097 3.50042 0.297978 11629
9 8 33 22.7172 0.395183 3.7606 0.22199 8903
9 8 34 22.0051 0.366245 3.49102 0.378272 7636
9 8 35 22.5485 0.420375 4.20978 0.173828 13177
9 8 36 21.2806 0.362421 3.15385 0.226184 11319
9 8 37 21.2299 0.422873 3.31897 0.412923 8820
9 8 38 21.954 0.371591 3.2248 0.319801 12949
9 8 39 23.4465 0.463425 4.57224 0.409921 16176
9 8 40 21.6861 0.631194 1.71841 0.403718 371
9 8 41 21.5043 0.495425 3.28441 0.32738 10426
9 8 42 21.4055 0.483864 3.22988 0.418163 6699
9 8 43 22.2456 0.454407 2.92627 0.648402 5962
9 8 44 21.8527 0.397117 3.45517 0.291799 13479
9 8 45 20.9459 0.371202 3.57835 0.270227 11301
9 8 46 22.5334 0.420725 3.63836 0.371435 6098
9 8 47 22.2416 0.436306 4.61701 0.229764 19723
9 8 48 21.36 0.394013 3.16499 0.376705 6846
9 8 49 24.0879 0.698309 2.78442 0.394263 1914
9 8 50 21.3119 0.361522 3.16262 0.338426 6654
9 8 51 20.9084 0.437641 3.70889 0.207596 13056
9 8 52 22.6747 0.515653 3.42524 0.511076 4645
9 8 53 22.8703 0.815335 1.83613 0.352259 883
9 8 54 22.9953 0.593455 1.95892 0.402626 1052
9 8 55 21.1702 0.406707 3.26831 0.34001 10268
9 8 56 24.2327 0.572354 3.65633 0.396663 4773
9 8 57 22.537 0.390429 3.87734 0.305296 12722
9 8 58 22.5601 0.644245 3.75497 0.492977 12841
9 8 59 22.1491 0.466428 3.74188 0.243958 7866
9 8 60 23.1821 0.715555 1.29434 0.39881 1024
9 8 61 21.3793 0.45839 4.10385 0.265989 10994
9 8 62 21.4225 0.431204 4.19814 0.289112 10313
9 8 63 21.4459 0.368988 3.40459 0.26591 9518
9 9 0 22.8933 0.613665 4.59929 0.584228 9728
9 9 1 19.712 0.427712 3.26267 0.288203 7385
9 9 2 20.0259 0.387152 3.21974 0.419185 6973
9 9 3 19.2051 0.470278 2.41776 0.533633 4495
9 9 4 18.806 0.521745 2.99583 0.29665 4897
9 9 5 19.4902 0.387638 3.04814 0.292028 5305
9 9 6 20.1187 0.404328 2.90085 0.348965 6530
9 9 7 19.7694 0.385291 2.38539 0.42255 4700
9 9 8 20.3693 0.38319 2.57981 0.285961 6095
9 9 9 19.9236 0.482592 2.66454 0.556401 5127
9 9 10 20.1241 0.374377 2.89314 0.476289 4845
9 9 11 19.7873 0.355566 2.79905 0.39395 5615
9 9 12 20.932 0.485249 3.04221 0.570042 4818
9 9 13 19.5806 0.599986 2.10524 0.679815 4271
9 9 14 19.1834 0.459733 3.13737 0.338994 8353
9 9 15 19.9613 0.448012 2.38253 0.442683 4393
9 9 16 20.5124 0.41337 2.82828 0.450263 4555
9 9 17 20.0122 0.417181 2.30014 0.533449 6122
9 9 18 19.7061 0.493896 2.12555 0.631019 4730
9 9 19 19.2495 0.478998 3.05877 0.372051 3923
9 9 20 20.7388 0.39601 2.58099 0.363848 4197
9 9 21 20.0636 0.382238 3.06919 0.365826 6533
9 9 22 20.2488 0.438729 2.2755 0.469485 4369
9 9 23 18.8197 0.467331 2.94488 0.350716 4764
9 9 24 19.7653 0.387851 3.11113 0.252123 7588
9 9 25 20.2833 0.388332 2.55583 0.34094 3541
9 9 26 20.5359 0.411445 2.88241 0.408803 6380
9 9 27 20.5189 0.429684 2.35265 0.504336 3703
9 9 28 20.0762 0.474015 2.30721 0.624239 3267
9 9 29 19.6758 0.728627 2.98428 0.592644 5111
9 9 30 20.1377 0.441033 2.4444 0.507185 4228
9 9 31 20.2414 0.378023 2.5583 0.419391 3752
9 9 32 19.8453 0.330432 2.54608 0.445472 3784
9 9 33 19.8793 0.529061 1.99286 0.623697 3566
9 9 34 20.9577 0.418254 2.89969 0.350109 6253
9 9 35 20.0352 0.433777 3.09064 0.432327 2639
9 9 36 19.6172 0.400294 2.39122 0.438469 3506
9 9 37 19.7765 0.489495 2.66856 0.435918 4556
9 9 38 21.3347 0.432672 2.58429 0.463264 2790
9 9 39 20.6519 0.407688 2.50105 0.458164 3759
9 9 40 20.0932 0.385918 2.30672 0.529277 3920
9 9 41 19.7436 0.551772 2.7796 0.418176 3068
9 9 42 20.0362 0.390777 2.2204 0.49508 3856
9 9 43 19.9892 0.382532 2.77477 0.454699 5046
9 9 44 19.9219 0.406393 2.66106 0.352111 2579
9 9 45 20.448 0.434242 2.37303 0.616622 3660
9 9 46 20.1705 0.396883 2.92091 0.320375 6189
9 9 47 20.209 0.421844 2.74631 0.486553 3331
9 9 48 19.5776 0.38325 2.66526 0.448058 3444
9 9 49 19.6324 0.463227 2.24682 0.400434 4482
9 9 50 19.4312 0.478639 2.26163 0.403471 3242
9 9 51 20.6564 0.440224 3.0473 0.369593 2703
9 9 52 20.4927 0.776364 2.62944 0.607266 4686
9 9 53 19.7806 0.377047 2.53209 0.405391 3437
9 9 54 19.1132 0.382137 2.39938 0.437155 3259
9 9 55 18.6717 0.400309 2.5141 0.352378 4654
9 9 56 20.5827 0.384988 2.68889 0.366606 3520
9 9 57 19.6696 0.441196 2.29159 0.501558 4490
9 9 58 19.1473 0.539225 2.616 0.367753 3605
9 9 59 19.8062 0.457603 2.86191 0.463693 3431
9 9 60 20.0273 0.373257 2.64849 0.40106 3433
9 9 61 19.8498 0.430332 3.16776 0.508984 4160
9 9 62 19.3618 0.417259 2.56338 0.438648 5199
9 9 63 19.3589 0.443485 2.63004 0.348052 3780
9 10 0 23.3563 0.395769 3.89441 0.404448 9706
9 10 1 21.6534 0.322108 3.78397 0.265742 11545
9 10 2 21.8858 0.324327 3.3357 0.442546 13506
9 10 3 22.2746 0.339819 3.12104 0.287437 7977
9 10 4 22.8539 0.360283 3.2213 0.449052 11907
9 10 5 21.5982 0.31743 3.3864 0.376218 14416
9 10 6 22.718 0.353964 3.80495 0.45715 9795
9 10 7 22.2794 0.365067 3.467 0.449352 18313
9 10 8 21.8124 0.279416 3.05052 0.403674 12798
9 10 9 21.6413 0.338026 3.08418 0.63712 9536
9 10 10 21.2083 0.35153 4.01065 0.359868 13691
9 10 11 21.8003 0.328587 3.42223 0.349121 11919
9 10 12 21.8625 0.352997 3.4902 0.420114 10179
9 10 13 21.3385 0.289358 3.1857 0.362538 17269
9 10 14 22.2182 0.322867 3.7085 0.327525 12105
9 10 15 21.0584 0.308939 3.65239 0.232081 16321
9 10 16 22.6699 0.410869 3.73543 0.329087 20506
9 10 17 20.3791 0.311966 3.61261 0.221449 13382
9 10 18 21.9948 0.294745 3.43429 0.476693 15145
9 10 19 21.3609 0.340363 3.33421 0.351387 19574
9 10 20 21.373 0.317656 3.31351 0.296936 13129
9 10 21 22.4699 0.327033 3.77402 0.404579 12391
9 10 22 21.5937 0.314644 3.30633 0.403501 16380
9 10 23 21.2883 0.350517 3.34278 0.346965 12609
9 10 24 21.0077 0.318474 3.26351 0.314092 13611
9 10 25 22.3242 0.326515 3.54035 0.295752 18616
9 10 26 22.3716 0.303749 3.34573 0.452609 12134
9 10 27 23.781 0.44343 3.58852 0.460961 7681
9 10 28 21.398 0.275538 3.12087 0.385351 18895
9 10 29 21.5465 0.316272 3.41825 0.3011 11660
9 10 30 22.1888 0.313117 3.07248 0.427051 15887
9 10 31 21.4979 0.322544 3.57387 0.293754 22757
9 10 32 21.4943 0.295926 3.22249 0.290354 15888
9 10 33 21.0981 0.38896 3.74903 0.391044 17197
9 10 34 21.6277 0.308111 3.32829 0.32354 13813
9 10 35 22.8825 0.34822 3.39079 0.288937 19325
9 10 36 22.5604 0.317426 3.71516 0.376063 15436
9 10 37 21.8101 0.284164 3.32098 0.313845 13935
9 10 38 22.8066 0.32697 3.31806 0.330252 21668
9 10 39 21.7582 0.297197 3.57094 0.312971 17787
9 10 40 21.3076 0.322787 3.31439 0.358692 13574
9 10 41 21.9596 0.330811 3.68302 0.388705 18956
9 10 42 21.491 0.292046 3.05086 0.430253 16264
9 10 43 21.1084 0.285131 3.01342 0.336849 15157
9 10 44 21.9641 0.336834 3.46899 0.234047 16273
9 10 45 22.1138 0.303805 3.14272 0.325669 17154
9 10 46 21.4406 0.318397 3.39114 0.276285 13428
9 10 47 23.1539 0.349608 4.16951 0.297322 22185
9 10 48 21.4957 0.298907 3.37681 0.374899 16781
9 10 49 22.0136 0.333244 3.42928 0.46559 14726
9 10 50 21.0519 0.342431 2.99731 0.787644 18186
9 10 51 21.9897 0.309706 3.70546 0.360341 14562
9 10 52 21.2099 0.316997 3.16642 0.433411 13953
9 10 53 22.0035 0.336692 3.55933 0.286548 18565
9 10 54 22.0673 0.29796 3.69029 0.254758 14112
9 10 55 21.2455 0.313889 3.30885 0.296525 14757
9 10 56 21.5425 0.323335 3.6393 0.369361 16021
9 10 57 21.4233 0.367164 3.63902 0.318373 14965
9 10 58 21.6264 0.300626 3.11364 0.486844 14020
9 10 59 21.8736 0.311667 3.51573 0.474195 11913
9 10 60 22.3091 0.385585 3.54853 0.464391 19707
9 10 61 22.4387 0.32253 3.88427 0.490185 14053
9 10 62 21.2241 0.301481 3.55907 0.336622 14040
9 10 63 21.3293 0.293085 3.0299 0.378068 15315
9 11 0 23.2886 0.428185 4.16815 0.358331 15422
9 11 1 22.647 0.417845 4.13433 0.205063 14112
9 11 2 23.2071 0.403606 3.37349 0.360678 10967
9 11 3 22.0819 0.329177 3.02906 0.370509 8347
9 11 4 22.4499 0.444466 3.39641 0.318193 8296
9 11 5 21.896 0.33835 3.22448 0.29242 9877
9 11 6 22.0864 0.346752 3.13158 0.524334 9901
9 11 7 21.8231 0.368443 3.08594 0.300701 6919
9 11 8 22.0505 0.364186 3.12013 0.427008 11956
9 11 9 21.8263 0.379869 3.5885 0.338891 8243
9 11 10 21.4478 0.427407 3.61051 0.348059 7576
9 11 11 21.8956 0.414881 3.07017 0.282049 10883
9 11 12 21.6806 0.428161 2.85452 0.535287 9251
9 11 13 20.8459 0.43621 2.95805 0.35163 7453
9 11 14 23.0086 0.416668 3.93357 0.257264 14425
9 11 15 22.0646 0.321016 2.97593 0.343492 7987
9 11 16 22.1711 0.4094 3.75196 0.234184 6842
9 11 17 21.7646 0.419462 3.50285 0.243198 12797
9 11 18 22.2712 0.390786 3.43089 0.439414 7542
9 11 19 21.5587 0.536658 3.27353 0.456998 6787
9 11 20 22.879 0.360093 3.32761 0.246083 8441
9 11 21 22.3491 0.415382 4.01486 0.372007 8824
9 11 22 22.1043 0.368118 2.7877 0.719905 7680
9 11 23 21.4342 0.413124 3.16008 0.417916 10391
9 11 24 21.5969 0.692723 3.76503 0.364181 12592
9 11 25 21.899 0.380839 3.19338 0.503592 6795
9 11 26 22.6147 0.364371 3.91968 0.179251 13757
9 11 27 23.155 0.35229 3.14701 0.366587 7228
9 11 28 22.9769 0.328434 2.97353 0.302267 6927
9 11 29 22.21 0.335749 3.24222 0.314795 12543
9 11 30 22.2358 0.378621 3.11153 0.3368 8398
9 11 31 22.3582 0.421727 2.95823 0.379061 6209
9 11 32 22.4209 0.365192 2.97435 0.424749 6998
9 11 33 22.2371 0.357183 3.22156 0.236162 7509
9 11 34 22.6028 0.347801 3.46431 0.18743 15264
9 11 35 22.8841 0.348611 3.19153 0.372066 6383
9 11 36 23.0121 0.366357 2.59486 0.995769 7702
9 11 37 22.8056 0.363418 3.05157 0.343464 10144
9 11 38 22.6221 0.348859 3.24474 0.385489 5948
9 11 39 22.6201 0.39739 3.36373 0.428506 7528
9 11 40 22.8483 0.378053 2.96627 0.425353 8675
9 11 41 22.3442 0.372844 3.11276 0.308725 6413
9 11 42 21.9924 0.344188 2.8183 0.504131 8869
9 11 43 22.7992 0.36482 3.26776 0.251326 11283
9 11 44 22.5421 0.33769 3.18482 0.307389 5427
9 11 45 22.3739 0.33129 3.01642 0.515091 7287
9 11 46 23.1402 0.358885 3.86256 0.234072 13624
9 11 47 22.8147 0.324843 3.1991 0.405168 6567
9 11 48 21.7109 0.360747 2.60837 0.651903 7503
9 11 49 22.8362 0.364704 3.40708 0.454001 8100
9 11 50 22.4062 0.312566 2.72445 0.380415 6725
9 11 51 23.2556 0.42157 3.50101 0.502175 9970
9 11 52 22.7407 0.366722 3.85719 0.264713 9522
9 11 53 21.717 0.387127 3.34676 0.286912 7070
9 11 54 21.7818 0.390512 2.98572 0.379801 7620
9 11 55 22.1804 0.395079 3.02557 0.435362 10660
9 11 56 22.2518 0.386961 3.20496 0.484907 8774
9 11 57 27 -2 0 0 8305
9 11 58 21.9347 0.354757 3.12392 0.422157 7550
9 11 59 22.431 0.377731 3.47817 0.373796 12768
9 11 60 22.04 0.366693 3.45646 0.375659 7244
9 11 61 23.368 0.490113 3.61072 0.451071 12423
9 11 62 22.1481 0.412358 3.54328 0.718558 13405
9 11 63 21.8314 0.358166 3.22228 0.328945 8049
9 12 0 21.8597 0.341718 3.94888 0.210992 16072
9 12 1 21.583 0.384099 4.06352 0.406579 16794
9 12 2 23.385 0.453836 4.19885 0.596191 14638
9 12 3 21.7845 0.342145 3.52113 0.371154 17520
9 12 4 21.7396 0.346116 3.27679 0.410266 13946
9 12 5 21.0631 0.323652 3.39496 0.402197 16269
9 12 6 22.2 0.348707 3.74307 0.380758 16446
9 12 7 22.3885 0.33534 3.90956 0.336287 19001
9 12 8 21.4828 0.373996 3.80755 0.330113 12107
9 12 9 21.7482 0.327531 3.52115 0.386446 19217
9 12 10 22.4623 0.328092 3.87811 0.401001 21212
9 12 11 21.6688 0.303012 3.23714 0.381648 14241
9 12 12 21.7504 0.30873 3.18978 0.339082 16682
9 12 13 21.9955 0.307584 3.35535 0.317751 13301
9 12 14 21.6325 0.313558 3.60843 0.333419 12603
9 12 15 21.179 0.326528 3.1123 0.355021 18321
9 12 16 22.5605 0.366639 3.83311 0.236747 22133
9 12 17 22.5125 0.330419 3.78148 0.382252 11218
9 12 18 20.1256 0.410574 3.36981 0.383436 15116
9 12 19 22.333 0.335887 3.78865 0.173792 16061
9 12 20 21.974 0.329671 3.7599 0.393987 11870
9 12 21 22.201 0.313919 3.52046 0.287887 17189
9 12 22 22.3226 0.453315 3.45041 0.32975 9652
9 12 23 21.6921 0.301449 3.02771 0.308054 13994
9 12 24 21.4886 0.306105 3.25326 0.300646 13417
9 12 25 22.781 0.331864 3.30328 0.574219 17581
9 12 26 22.3065 0.309119 3.15202 0.35225 13670
9 12 27 21.3569 0.298135 3.09074 0.408007 14705
9 12 28 22.2908 0.381621 3.5733 0.49213 15595
9 12 29 21.7735 0.278755 3.27174 0.342729 12989
9 12 30 21.7745 0.338564 3.37767 0.156725 13903
9 12 31 21.235 0.3257 3.54724 0.291033 18690
9 12 32 22.2785 0.396808 3.45906 0.297216 15090
9 12 33 22.9376 0.316017 3.51015 0.313754 13341
9 12 34 22.4128 0.309366 3.65425 0.439257 11508
9 12 35 21.7346 0.336678 3.48584 0.276167 16768
9 12 36 22.2307 0.382809 3.50172 0.544698 11514
9 12 37 21.985 0.308032 3.1551 0.407252 11138
9 12 38 22.0676 0.38174 3.88323 0.287695 14803
9 12 39 22.0409 0.339776 3.50233 0.345937 12147
9 12 40 21.476 0.337643 3.23839 0.250591 13163
9 12 41 21.6857 0.308825 3.3366 0.352855 14459
9 12 42 21.3344 0.304121 2.97075 0.37446 11452
9 12 43 21.4976 0.304654 3.11454 0.305011 12170
9 12 44 21.9803 0.309456 3.54061 0.261484 11309
9 12 45 21.5596 0.362403 3.35634 0.411853 11902
9 12 46 21.9615 0.45034 3.67796 0.273759 11266
9 12 47 22.5105 0.353148 3.79018 0.298103 14991
9 12 48 22.4375 0.300831 3.38991 0.305974 10987
9 12 49 21.2989 0.361553 3.44382 0.309858 10277
9 12 50 21.9394 0.297173 3.33033 0.360546 12467
9 12 51 22.0526 0.330367 3.75293 0.308929 8841
9 12 52 20.3469 0.564952 3.24992 0.508141 12032
9 12 53 22.3267 0.373856 3.72901 0.418765 12029
9 12 54 21.0988 0.345197 3.24433 0.229093 11927
9 12 55 20.9574 0.336268 3.44598 0.326716 10330
9 12 56 21.8589 0.32113 3.30083 0.352204 10069
9 12 57 21.7416 0.361201 3.44438 0.427932 9468
9 12 58 20.8833 0.367554 3.28862 0.498802 11383
9 12 59 22.2921 0.322566 3.60028 0.338571 10491
9 12 60 20.9112 0.309716 3.45865 0.302838 12452
9 12 61 21.8441 0.378544 3.77498 0.311417 9987
9 12 62 21.7842 0.336048 3.47034 0.39371 10373
9 12 63 20.3293 0.367933 3.15385 0.342755 10908
9 13 0 21.3906 0.469808 3.85122 0.298882 9768
9 13 1 22.1514 0.427454 3.48316 0.369573 6632
9 13 2 21.2531 0.506663 2.82449 0.699982 7082
9 13 3 21.0411 0.377279 2.53959 0.526631 5434
9 13 4 20.9271 0.460522 2.79156 0.276479 6936
9 13 5 20.426 0.451084 2.76432 0.343361 6649
9 13 6 21.0519 0.375092 3.35297 0.279395 6926
9 13 7 20.9891 0.413821 3.09195 0.456819 4517
9 13 8 20.903 0.37124 2.79586 0.423148 6937
9 13 9 20.5109 0.402995 3.16164 0.26541 6043
9 13 10 21.3664 0.399908 2.85562 0.323871 4747
9 13 11 21.1506 0.496697 3.24613 0.291585 7253
9 13 12 21.3958 0.392076 2.77612 0.4628 5253
9 13 13 20.6648 0.445585 2.56713 0.447783 5296
9 13 14 21.7901 0.403944 3.26316 0.483606 10344
9 13 15 20.4682 0.356468 2.6355 0.393294 6112
9 13 16 22.2132 0.443781 3.1518 0.522304 4497
9 13 17 21.4844 0.369634 3.05812 0.343455 8882
9 13 18 21.7208 0.394342 3.12027 0.569334 6510
9 13 19 21.0253 0.398138 2.65681 0.380614 4896
9 13 20 20.4038 0.522792 3.00859 0.364302 6458
9 13 21 21.9669 0.425043 3.01931 0.344146 6072
9 13 22 21.2554 0.428176 2.80231 0.333813 4484
9 13 23 21.3838 0.408501 2.73676 0.606277 7227
9 13 24 21.2356 -3 0 0 6864
9 13 25 21.3851 0.474384 2.91879 0.388989 4682
9 13 26 21.6041 0.401644 3.22391 0.296612 9825
9 13 27 21.5175 0.585796 2.94709 0.437682 5328
9 13 28 20.7161 0.394985 2.42789 0.485671 5409
9 13 29 21.7441 0.42758 3.05072 0.38587 8964
9 13 30 21.7042 0.397018 3.41515 0.324387 5651
9 13 31 21.5509 0.443226 2.8026 0.502859 5627
9 13 32 21.5142 0.415602 3.03091 0.415793 4942
9 13 33 21.4977 0.502396 3.03665 0.379099 5402
9 13 34 21.948 0.371451 3.34703 0.262713 10844
9 13 35 21.8186 0.413683 2.70818 0.463499 5489
9 13 36 21.4687 0.382912 3.18754 0.256947 6105
9 13 37 21.9499 0.40741 2.93577 0.50338 7231
9 13 38 21.5714 0.43624 3.12551 0.305892 5594
9 13 39 21.7397 0.387087 3.13525 0.449796 8045
9 13 40 21.3359 0.499878 2.98386 0.557748 6342
9 13 41 21.0325 0.414572 2.73004 0.458408 5289
9 13 42 21.4172 0.420376 2.9608 0.451034 7658
9 13 43 20.7702 0.349556 3.17169 0.22264 10039
9 13 44 20.6067 0.407675 2.8138 0.388171 5731
9 13 45 21.4228 0.385506 2.84201 0.511513 6188
9 13 46 21.2621 0.368422 3.05207 0.257582 13142
9 13 47 20.7557 0.421049 2.93793 0.488846 6708
9 13 48 21.1362 0.353352 3.19464 0.320871 6825
9 13 49 20.3122 0.515033 2.81434 0.541264 8779
9 13 50 21.7572 0.412351 2.74311 0.474291 6450
9 13 51 21.0576 0.369301 3.4395 0.213691 13642
9 13 52 19.9985 0.391036 3.06661 0.210252 11814
9 13 53 20.5896 0.392385 3.14911 0.259435 7352
9 13 54 20.616 0.439183 2.62672 0.512494 8622
9 13 55 20.3072 0.393919 3.15523 0.256063 11766
9 13 56 21.1037 0.386451 3.55502 0.268997 9609
9 13 57 20.8682 0.426497 3.41708 0.391191 11857
9 13 58 20.7744 0.472624 3.27828 0.306824 8049
9 13 59 19.8454 0.386938 4.07597 0.210645 11495
9 13 60 21.1826 0.42231 3.52553 0.292488 6901
9 13 61 21.1874 0.535487 4.13533 0.231095 14850
9 13 62 19.6764 0.555709 3.82112 0.30648 13615
9 13 63 20.9529 0.35791 3.16427 0.33718 9132
9 14 0 22.1463 0.436318 3.76511 0.198267 9262
9 14 1 21.2617 0.425139 3.43089 0.21605 9346
9 14 2 20.6312 0.419258 3.19534 0.336413 10624
9 14 3 22.2266 0.434972 3.12714 0.266403 7587
9 14 4 20.2606 0.870951 2.85684 0.622024 7556
9 14 5 21.2292 0.362012 2.78911 0.334104 9600
9 14 6 21.656 0.511735 3.14827 0.32833 11439
9 14 7 20.7592 0.436289 2.98354 0.438627 10398
9 14 8 21.0793 0.369688 2.76068 0.365341 9163
9 14 9 20.7713 0.450236 4.12669 0.174156 10788
9 14 10 22.5434 0.53181 3.22754 0.301996 13112
9 14 11 21.2082 0.455708 2.90508 0.382393 7033
9 14 12 21.1061 0.440605 2.95344 0.374447 10731
9 14 13 22.5895 0.591152 2.48895 0.413837 1812
9 14 14 21.6927 0.443377 3.03608 0.353036 8184
9 14 15 21.8533 0.560484 2.87158 0.445327 2720
9 14 16 20.6996 0.437666 3.64353 0.167839 15089
9 14 17 21.4967 0.481569 3.13529 0.244568 7612
9 14 18 20.8247 0.475608 3.10167 0.255256 7034
9 14 19 21.8451 0.481725 3.63008 0.331453 9814
9 14 20 21.332 0.404002 2.69313 0.286094 7964
9 14 21 21.1459 0.448751 3.18649 0.240415 12203
9 14 22 22.1292 0.650793 2.59642 0.593209 2352
9 14 23 21.5058 0.501208 2.94676 0.336119 7040
9 14 24 21.4196 0.606419 3.18027 0.485738 8702
9 14 25 20.9536 0.514625 3.21164 0.440536 8635
9 14 26 22.375 0.445022 3.45645 0.316434 7505
9 14 27 20.8858 0.451083 2.89854 0.259302 8630
9 14 28 22.5421 0.458711 3.31217 0.221327 6274
9 14 29 21.1781 0.531153 2.72055 0.396096 6231
9 14 30 21.639 0.441994 2.81288 0.375549 7767
9 14 31 22.0721 0.419783 2.89809 0.411656 7409
9 14 32 20.8268 0.667775 2.23768 0.455106 3469
9 14 33 22.0114 0.527398 2.77441 0.257051 1653
9 14 34 20.5748 0.567042 3.06671 0.3606 6235
9 14 35 21.6884 0.450138 3.18133 0.335517 7709
9 14 36 21.9657 0.590813 2.26472 0.323537 820
9 14 37 22.1043 0.529374 2.66636 0.421419 5423
9 14 38 22.2892 0.51253 3.15654 0.36232 7011
9 14 39 21.3599 0.461684 3.20005 0.192132 5321
9 14 40 21.4936 0.416098 2.57429 0.505974 7083
9 14 41 21.1767 0.506212 2.36837 0.600232 6644
9 14 42 21.8812 0.491479 2.63359 0.399966 6017
9 14 43 21.3983 -3 0 0 5565
9 14 44 21.2968 0.4079 2.83973 0.380037 5613
9 14 45 21.0792 0.445246 2.34071 0.705007 5906
9 14 46 20.9635 0.392917 2.52767 0.468298 5951
9 14 47 21.6133 0.526263 2.99393 0.497068 6515
9 14 48 21.0095 0.427258 3.0691 0.344537 5304
9 14 49 20.5386 0.530756 2.59007 0.362421 5827
9 14 50 22.1208 0.433437 2.82131 0.468641 5152
9 14 51 21.7926 0.466122 3.01736 0.307272 5174
9 14 52 20.9661 0.418821 2.80668 0.292508 5573
9 14 53 21.6136 0.414972 2.5049 0.66841 5419
9 14 54 20.5097 0.438456 2.59991 0.405684 4802
9 14 55 21.1088 0.453842 2.85629 0.338217 5429
9 14 56 21.0681 0.40478 2.85938 0.298239 6337
9 14 57 19.8817 0.650598 2.93658 0.319164 6138
9 14 58 22.5685 0.576907 2.74489 0.472644 3472
9 14 59 20.7252 0.36465 2.88248 0.311299 6194
9 14 60 21.8735 0.510338 3.05366 0.442059 6072
9 14 61 21.8193 0.43849 3.12505 0.351298 5547
9 14 62 20.7117 0.546357 2.97379 0.32872 5298
9 14 63 20.3782 0.914241 2.42892 0.582015 5031
9 15 0 23.3475 -3 0 0 4101
9 15 1 23.334 0.599166 3.01993 0.434957 4435
9 15 2 22.9093 0.577406 2.83979 0.319654 4181
9 15 3 22.8295 0.630721 2.83793 0.258892 2897
9 15 4 23.7052 0.599389 2.89307 0.321904 3683
9 15 5 21.9151 0.553519 2.76825 0.325109 3721
9 15 6 21.9191 0.513073 3.26403 0.242417 3685
9 15 7 23.4136 0.548555 3.06121 0.457272 3062
9 15 8 22.7237 0.53664 3.11817 0.266037 3811
9 15 9 23.548 0.572047 2.94025 0.335234 2877
9 15 10 23.6367 0.668808 2.85652 0.406786 3105
9 15 11 22.6456 0.65841 2.61933 0.496144 3766
9 15 12 22.5698 0.588208 2.79186 0.383833 3045
9 15 13 22.4544 0.555956 3.04146 0.188689 3269
9 15 14 22.8203 0.524687 2.85385 0.43363 4922
9 15 15 22.5651 0.667933 2.70559 0.38699 3222
9 15 16 23.2268 0.513511 2.99699 0.364452 3109
9 15 17 24.7984 0.637902 3.48186 0.226481 3571
9 15 18 24.1942 0.605547 3.12646 0.39029 3270
9 15 19 22.7459 0.618911 2.72068 0.349038 3051
9 15 20 23.3475 -3 0 0 3863
9 15 21 23.1256 0.601278 3.43981 0.287893 3219
9 15 22 22.3647 0.584249 2.89507 0.322937 3102
9 15 23 22.9522 0.717712 3.18093 0.347308 4247
9 15 24 22.9397 0.818553 2.92342 0.277643 4070
9 15 25 23.7399 0.67793 3.27207 0.284139 3235
9 15 26 23.9239 0.561058 3.31589 0.216197 4852
9 15 27 22.9901 0.733336 2.80287 0.368537 2892
9 15 28 23.1746 0.620386 3.22231 0.253915 3175
9 15 29 23.6792 0.581857 3.01725 0.3467 4545
9 15 30 23.1763 0.690865 3.04498 0.377326 3334
9 15 31 23.3635 0.54946 3.07629 0.333912 3208
9 15 32 24.2561 0.690308 2.86202 0.333979 2997
9 15 33 22.7384 0.478514 2.8593 0.290472 3765
9 15 34 22.6877 0.863696 3.28921 0.34467 5266
9 15 35 23.3149 0.520154 3.10488 0.257434 3285
9 15 36 22.8323 0.541483 3.21805 0.264484 3866
9 15 37 24.2104 0.571584 3.16697 0.316152 4461
9 15 38 23.3475 -3 0 0 3674
9 15 39 23.4107 0.586784 3.08362 0.479656 5252
9 15 40 23.463 0.817111 3.20284 0.387874 4274
9 15 41 23.6749 0.597484 2.80661 0.434392 3295
9 15 42 22.8452 0.516502 2.94799 0.238918 4311
9 15 43 23.4976 0.665423 3.04477 0.409481 4935
9 15 44 24.2666 0.637665 3.05529 0.306367 3424
9 15 45 22.5065 0.50298 2.74716 0.31918 3661
9 15 46 22.6958 0.574817 3.49682 0.288991 5629
9 15 47 23.1022 0.646903 3.78227 0.279927 3903
9 15 48 22.8642 0.502756 2.82228 0.357153 4011
9 15 49 23.7943 0.634775 3.16928 0.369094 4831
9 15 50 21.8796 0.677361 3.24228 0.266309 3885
9 15 51 24.1045 0.583211 3.9571 0.211712 6589
9 15 52 23.6371 0.522904 3.04281 0.364736 4579
9 15 53 22.8084 0.551534 3.23368 0.386246 4411
9 15 54 22.4988 0.513064 3.04481 0.325127 4596
9 15 55 22.9406 0.572122 2.7361 0.629749 5784
9 15 56 23.8579 0.695966 3.12186 0.336966 5522
9 15 57 23.5733 0.656162 3.54165 0.224885 6001
9 15 58 22.4617 0.5572 3.59623 0.178892 4641
9 15 59 23.0467 0.573871 3.31274 0.30749 5862
9 15 60 22.1127 0.528415 3.35758 0.214571 4529
9 15 61 23.1165 0.591633 4.02961 0.238063 7379
9 15 62 22.8806 0.513614 3.56104 0.233764 5848
9 15 63 22.6825 0.546312 3.13728 0.270354 5273
10 0 0 21.5073 0.432304 3.53718 0.441324 11386
10 0 1 19.7294 0.337584 3.28301 0.421921 11224
10 0 2 19.8667 0.308828 3.35505 0.388281 8134
10 0 3 25.2154 0.437343 3.53349 0.717317 3133
10 0 4 21.2618 0.302875 3.37587 0.392147 7440
10 0 5 20.4842 0.337622 3.114 0.380602 6887
10 0 6 21.1593 0.331211 3.26481 0.423842 9249
10 0 7 20.8591 0.327177 2.77006 0.945649 9029
10 0 8 20.0746 0.316789 3.05374 0.604278 8102
10 0 9 24.6649 0.537403 3.32718 0.393274 2186
10 0 10 25.2066 0.537379 2.18472 0.485312 1054
10 0 11 19.8193 0.348085 2.87424 0.756893 9483
10 0 12 20.6608 0.369601 3.13817 0.452914 6672
10 0 13 22.6086 0.386288 3.54713 0.54434 4935
10 0 14 20.4444 0.319155 3.30993 0.414434 9050
10 0 15 21.4805 0.3067 3.26417 0.392078 6881
10 0 16 24.3712 0.550792 3.26156 0.430155 2491
10 0 17 21.3058 0.336772 3.16082 0.385771 10679
10 0 18 23.258 0.401229 3.80667 0.525593 4676
10 0 19 25.0397 0.715074 2.52769 0.576673 2137
10 0 20 22.1807 0.359461 3.67085 0.412675 7170
10 0 21 22.0781 0.375999 3.45651 0.427819 6309
10 0 22 24.0938 0.369204 3.75719 0.463209 3015
10 0 23 21.2082 0.350952 3.16433 0.661512 9214
10 0 24 21.1648 0.34254 3.10618 0.368007 8199
10 0 25 21.3345 0.33587 3.02372 0.585031 10162
10 0 26 19.9888 0.375096 3.6755 0.47351 11106
10 0 27 20.4623 0.430125 3.17843 0.534087 8024
10 0 28 20.7296 0.294022 2.95398 0.456741 11284
10 0 29 21.2976 0.474929 3.79634 0.359985 10277
10 0 30 24.9481 0.511174 3.70037 0.513597 3521
10 0 31 20.0618 0.306547 3.0067 0.278716 11747
10 0 32 24.662 0.466823 3.2416 0.405524 2542
10 0 33 21.5685 0.331841 3.10688 0.440116 11353
10 0 34 20.8302 0.361332 3.59629 0.286982 12462
10 0 35 20.7504 0.338684 3.00908 0.470151 11750
10 0 36 25.5239 0.378554 3.76434 0.530477 3901
10 0 37 25.0787 0.481976 3.91906 0.460879 6515
10 0 38 20.9494 0.310838 3.00438 0.429312 12510
10 0 39 20.8061 0.320906 3.72785 0.371399 16941
10 0 40 24.028 0.42422 4.03998 0.272339 6036
10 0 41 21.5005 0.331408 3.01401 0.683759 8979
10 0 42 20.4695 0.344942 2.93597 0.381052 14031
10 0 43 21.119 0.388244 3.37593 0.366898 11027
10 0 44 20.1835 0.412153 3.09193 0.269428 12058
10 0 45 21.6034 0.34067 3.33649 0.463011 11788
10 0 46 20.4651 0.385872 3.89992 0.27227 12442
10 0 47 19.7608 0.363079 3.72939 0.319703 13727
10 0 48 20.2727 0.291747 3.01022 0.387416 11175
10 0 49 21.4693 0.322048 3.13617 0.502823 13182
10 0 50 20.6732 0.304706 3.00725 0.338465 12993
10 0 51 20.955 0.340954 3.76907 0.300766 19616
10 0 52 19.4979 0.418032 3.37176 0.27992 14195
10 0 53 20.1741 0.31788 3.34534 0.427046 14764
10 0 54 20.7362 0.323256 3.15512 0.444673 10034
10 0 55 21.4979 0.35956 3.43201 0.458089 12214
10 0 56 19.6415 0.353084 3.47488 0.323791 17354
10 0 57 21.0778 0.395143 4.02387 0.343819 14112
10 0 58 20.2301 0.324123 3.14152 0.341078 14144
10 0 59 19.7307 0.366285 3.85922 0.182975 16688
10 0 60 21.5746 0.406029 3.50713 0.518207 9885
10 0 61 18.5985 0.408627 4.62522 0.296846 23158
10 0 62 20.2712 0.353023 3.8421 0.267177 14234
10 0 63 20.0629 0.371924 3.6615 0.438598 11306
10 1 0 22.2411 0.383615 4.60855 0.270703 14071
10 1 1 21.5419 0.36364 3.93836 0.27312 13799
10 1 2 23.1063 0.435589 3.62143 0.413337 14257
10 1 3 21.1648 0.349816 3.26655 0.362383 14369
10 1 4 21.7324 0.335388 3.29552 0.602797 12836
10 1 5 21.566 0.376279 3.73362 0.235585 10720
10 1 6 21.1793 0.343593 4.08887 0.290401 17227
10 1 7 22.0703 0.365893 3.83757 0.353983 10258
10 1 8 22.7573 0.343241 3.4572 0.373711 10431
10 1 9 21.5374 0.384797 3.72981 0.367974 16780
10 1 10 23.6321 0.435947 4.23052 0.300104 11803
10 1 11 21.6815 0.322819 3.77366 0.434625 12378
10 1 12 21.4142 0.3124 3.52995 0.214564 13447
10 1 13 21.5326 0.32289 3.53739 0.359124 11104
10 1 14 22.0192 0.346945 3.69149 0.339798 14974
10 1 15 21.1353 0.354324 3.73184 0.397228 12987
10 1 16 22.5083 0.429624 3.60406 0.364645 18095
10 1 17 20.4168 0.297305 3.42749 0.236187 14440
10 1 18 20.3085 0.385935 3.40351 0.373281 13271
10 1 19 20.8426 0.414625 3.60188 0.296693 14467
10 1 20 23.7045 0.385156 4.02914 0.359892 7272
10 1 21 22.6237 0.392097 4.07557 0.307436 12508
10 1 22 22.0491 -3 0 0 13924
10 1 23 22.4252 0.356948 3.6076 0.614517 9063
10 1 24 23.6001 0.382168 3.24663 0.461084 13193
10 1 25 22.0855 0.342032 3.5211 0.612712 9119
10 1 26 21.5752 0.317275 3.747 0.316774 14593
10 1 27 22.0677 0.321053 3.23431 0.359825 11751
10 1 28 22.5676 0.334188 3.23552 0.449532 11505
10 1 29 23.7019 0.409814 3.68581 0.392409 8921
10 1 30 21.9517 0.371116 3.74646 0.377364 8509
10 1 31 22.8562 0.370741 3.84929 0.324706 8601
10 1 32 22.4481 0.350236 3.05892 0.476237 8416
10 1 33 21.6064 0.314304 3.28277 0.319334 10316
10 1 34 23.2348 0.360957 3.98462 0.454331 9893
10 1 35 22.0894 0.374395 3.63542 0.327254 10429
10 1 36 23.7048 0.39911 3.98216 0.406543 6799
10 1 37 22.4565 0.338192 3.72024 0.295119 8081
10 1 38 23.4046 0.406067 3.99658 0.424994 6065
10 1 39 21.9593 0.328428 3.33021 0.472781 8714
10 1 40 23.1318 0.378002 3.93121 0.315532 7344
10 1 41 22.0826 0.390113 3.29755 0.51388 6787
10 1 42 21.5621 0.319029 3.20746 0.403331 10231
10 1 43 21.9109 0.346413 3.47372 0.395626 7801
10 1 44 21.9782 0.374803 3.80043 0.432773 6474
10 1 45 21.7541 0.315523 3.24957 0.625737 7289
10 1 46 23.0655 0.421413 3.46649 0.570853 9596
10 1 47 23.2102 0.415154 3.57925 0.467839 6440
10 1 48 21.0595 0.338081 3.55498 0.359342 7847
10 1 49 22.9356 0.4748 4.01771 0.841285 10193
10 1 50 22.5624 0.456778 3.30126 0.68494 5921
10 1 51 20.9662 0.317262 3.50473 0.279532 9039
10 1 52 20.4611 0.329888 3.15188 0.2234 10754
10 1 53 22.5759 0.37952 3.66003 0.52689 5152
10 1 54 22.2896 0.390755 3.47622 0.431941 6188
10 1 55 21.4342 0.42777 3.40734 0.393006 6505
10 1 56 22.4694 0.434597 3.51149 0.609184 6615
10 1 57 20.8191 0.403209 3.74342 0.51092 6869
10 1 58 20.8884 0.310903 2.96171 0.497607 9253
10 1 59 21.0673 0.42092 4.17951 0.280004 8501
10 1 60 20.6931 0.344578 3.44942 0.517268 8481
10 1 61 21.7513 0.405127 4.15626 0.351342 6854
10 1 62 21.5882 0.398793 3.82374 0.529979 8247
10 1 63 22.114 0.355415 3.49922 0.272675 5970
10 2 0 21.6499 0.386342 3.61581 0.549641 16545
10 2 1 20.4376 0.304903 3.5494 0.37497 20226
10 2 2 21.0255 0.307038 3.24476 0.384958 18470
10 2 3 20.2372 0.284358 3.01203 0.403198 14473
10 2 4 21.1094 0.314197 3.58254 0.29647 10770
10 2 5 20.0641 0.294231 3.36058 0.358605 16129
10 2 6 19.9296 0.282093 3.36288 0.354268 16164
10 2 7 22.1039 0.354062 3.72371 0.515648 6444
10 2 8 20.4816 0.321544 3.12328 0.521994 14269
10 2 9 21.6579 0.364014 3.69301 0.612457 11587
10 2 10 20.2086 0.325235 3.77872 0.333951 14179
10 2 11 21.713 0.334593 3.34209 0.517013 11606
10 2 12 20.6375 0.281487 3.31308 0.299479 13432
10 2 13 20.1875 0.299242 3.06931 0.373417 10948
10 2 14 20.0484 0.314507 3.89621 0.245383 18299
10 2 15 22.3314 0.334624 3.76892 0.464994 6797
10 2 16 22.3148 0.355552 3.86079 0.469974 8371
10 2 17 20.4471 0.307255 3.29409 0.342742 15245
10 2 18 19.8288 0.322575 3.29204 0.235079 15629
10 2 19 21.9622 0.311357 3.34376 0.417217 10659
10 2 20 24.2913 0.383643 4.1258 0.364844 6354
10 2 21 20.9527 0.294715 3.23485 0.421396 16654
10 2 22 21.5785 0.341277 3.64418 0.53744 10930
10 2 23 21.9441 0.352083 3.87311 0.449086 10394
10 2 24 22.4811 0.353656 3.78775 0.367888 12726
10 2 25 20.8818 0.300408 3.20195 0.401619 13630
10 2 26 21.7578 0.334506 3.71708 0.276342 16462
10 2 27 20.6986 0.381199 3.38971 0.545576 11206
10 2 28 23.0911 0.537026 3.58685 0.703566 4733
10 2 29 22.4502 0.337001 3.55082 0.469426 16527
10 2 30 24.2749 0.375686 3.9937 0.344123 6287
10 2 31 22.4244 0.2985 3.2134 0.387331 9290
10 2 32 20.8688 0.307517 3.05304 0.412549 13006
10 2 33 20.6088 0.311325 3.17548 0.388919 14227
10 2 34 20.741 0.28583 3.39014 0.265409 21656
10 2 35 20.7899 0.303147 2.90091 0.55118 12921
10 2 36 20.4176 0.279133 3.23878 0.300868 15189
10 2 37 19.8393 0.332473 3.34733 0.27521 17752
10 2 38 21.8883 0.32532 3.37819 0.572975 10574
10 2 39 20.5368 0.291081 3.11679 0.445672 16790
10 2 40 22.9695 0.336821 3.56429 0.411084 9061
10 2 41 21.0974 0.269196 2.91733 0.438579 12354
10 2 42 21.3487 0.416043 3.94524 0.270269 9057
10 2 43 21.1874 0.291909 3.22479 0.298928 18011
10 2 44 21.2747 0.30306 3.12132 0.442622 11859
10 2 45 21.5524 0.571086 3.85617 0.454084 7769
10 2 46 21.2617 0.336081 3.10088 0.523859 21372
10 2 47 20.2804 0.351636 3.55059 0.355862 9732
10 2 48 21.7511 0.34224 3.65789 0.380672 8944
10 2 49 20.9677 0.30184 3.24365 0.381887 16336
10 2 50 20.0672 0.424156 3.46532 0.579975 9485
10 2 51 20.7927 0.357015 3.62105 0.343549 19492
10 2 52 20.5368 0.316728 3.19797 0.342362 17765
10 2 53 20.8868 0.334816 3.6381 0.351557 10004
10 2 54 20.9925 0.338114 3.07018 0.615338 10310
10 2 55 19.9469 0.326197 3.31806 0.332728 17818
10 2 56 21.3247 0.34925 3.60569 0.371403 12612
10 2 57 19.3463 0.305247 3.36622 0.368817 19824
10 2 58 20.2277 0.33704 3.07183 0.481468 15352
10 2 59 20.3311 0.31297 3.50779 0.220652 19696
10 2 60 20.1778 0.542587 3.75428 0.377122 9367
10 2 61 21.2261 0.381733 3.9131 0.36887 17455
10 2 62 20.446 0.319237 3.56422 0.331545 20712
10 2 63 20.3285 0.298701 3.21926 0.299056 16507
10 3 0 0 -10 0 0 0
10 3 1 21.68 0.311127 3.64138 0.439065 19794
10 3 2 20.0028 0.317892 3.67582 0.355393 18442
10 3 3 20.0707 0.261674 2.85883 0.267369 21819
10 3 4 19.8576 0.257504 2.90474 0.447343 21810
10 3 5 20.5517 0.29067 2.97618 0.338098 19831
10 3 6 20.4466 0.306019 3.28984 0.393181 23249
10 3 7 20.9116 0.304416 4.01869 0.249617 19197
10 3 8 19.8939 0.268115 3.02591 0.412639 18622
10 3 9 20.8965 0.27814 3.47186 0.414624 22670
10 3 10 21.1026 0.303343 3.89135 0.263351 19866
10 3 11 20.448 0.268473 3.06988 0.481737 15998
10 3 12 19.6666 0.279297 2.95521 0.49037 17884
10 3 13 20.5632 0.29675 3.19249 0.403516 20439
10 3 14 21.6286 0.322863 3.76329 0.536037 22070
10 3 15 20.6928 0.269374 3.04308 0.438539 21582
10 3 16 0 -10 0 0 0
10 3 17 21.1511 0.315659 3.57752 0.584624 20354
10 3 18 20.3779 0.258361 2.76681 0.401809 21337
10 3 19 20.6542 0.317976 3.52252 0.424122 18018
10 3 20 28.085 0.422372 3.38994 0.632787 3758
10 3 21 20.9331 0.298081 3.46263 0.341262 22714
10 3 22 20.6303 0.307756 3.18778 0.328672 20929
10 3 23 21.9808 0.335326 3.73837 0.271567 12552
10 3 24 21.5609 0.268537 3.04988 0.57562 20256
10 3 25 21.2652 0.297026 3.43414 0.400493 19382
10 3 26 0 -10 0 0 0
10 3 27 22.5924 0.320888 3.44162 0.506804 9518
10 3 28 21.1685 0.27631 2.93618 0.264677 20594
10 3 29 21.0038 0.296314 3.23756 0.483071 15515
10 3 30 21.0122 0.255153 3.14612 0.505255 21111
10 3 31 21.8012 0.270053 3.1582 0.447569 21454
10 3 32 21.8881 0.294505 3.43179 0.533719 18929
10 3 33 20.6943 0.299128 3.02164 0.352452 21070
10 3 34 21.4481 0.288804 3.62442 0.473571 21240
10 3 35 21.2197 0.294796 3.21351 0.403102 21401
10 3 36 24.5034 0.507374 2.34652 0.351067 349
10 3 37 20.8223 -3 0 0 14777
10 3 38 21.3219 0.277356 3.40541 0.411206 20485
10 3 39 20.8497 0.272955 3.43501 0.396416 17800
10 3 40 21.4953 0.26852 3.36869 0.344848 14610
10 3 41 21.3974 0.275068 3.32524 0.438671 15798
10 3 42 21.2652 0.282157 3.27147 0.517254 16730
10 3 43 20.5257 0.253644 3.30907 0.417226 19699
10 3 44 21.1431 0.274983 2.86859 0.464231 19416
10 3 45 19.8341 0.313411 3.38337 0.509868 16348
10 3 46 20.3172 0.284839 3.20219 0.315536 21029
10 3 47 22.3393 0.345247 3.52895 0.593774 20190
10 3 48 20.8223 -3 0 0 11609
10 3 49 19.8178 0.272705 2.9062 0.274247 17811
10 3 50 20.6652 0.277453 3.04749 0.545354 15949
10 3 51 21.0173 0.299633 3.61358 0.370563 15843
10 3 52 20.0752 0.312214 3.44337 0.445538 16866
10 3 53 21.0778 0.270102 3.38457 0.543576 19752
10 3 54 19.9917 0.277634 2.98146 0.352426 17665
10 3 55 19.7821 0.272464 2.96832 0.377669 20118
10 3 56 19.9494 0.30646 3.50957 0.275455 18403
10 3 57 20.3538 0.300567 3.6683 0.306449 16246
10 3 58 20.7927 0.323553 3.23307 0.336384 15406
10 3 59 19.8581 0.287179 3.26789 0.315804 17389
10 3 60 19.8053 0.346603 3.47698 0.511658 19782
10 3 61 19.7682 0.336972 4.1663 0.408922 17945
10 3 62 20.0552 0.27704 3.32533 0.356629 17675
10 3 63 19.707 0.29193 2.83444 0.361269 19155
10 4 0 24.8484 0.576016 4.51408 0.236562 13439
10 4 1 22.7049 0.504024 4.44738 0.187618 12484
10 4 2 23.4172 0.504761 3.94564 0.262868 14506
10 4 3 22.2189 0.536452 3.73648 0.360405 6955
10 4 4 23.9442 0.446363 3.83172 0.39523 6979
10 4 5 22.7259 0.446366 3.71025 0.379906 10274
10 4 6 23.0613 0.465493 4.34171 0.265066 9482
10 4 7 22.1701 0.408183 3.25902 0.456144 8424
10 4 8 24.2922 0.494421 4.01036 0.289518 8071
10 4 9 23.8899 0.604411 3.95891 0.332516 11159
10 4 10 22.8797 0.455086 4.60823 0.239433 7087
10 4 11 23.2292 0.547961 3.57201 0.384304 11559
10 4 12 23.1064 0.392586 3.64244 0.162036 9841
10 4 13 23.2412 0.41898 3.35469 0.344818 7045
10 4 14 24.8362 0.517284 4.36117 0.2086 10509
10 4 15 22.4135 0.459007 3.93993 0.243201 8640
10 4 16 24.5439 0.580271 4.02048 0.3433 9351
10 4 17 26.3228 0.672508 3.95887 0.370874 7642
10 4 18 24.3368 0.510175 3.93241 0.380338 6435
10 4 19 22.7658 0.487638 3.29877 0.43476 7721
10 4 20 26.4376 0.521923 3.68181 0.476186 5302
10 4 21 24.0016 0.547038 4.00805 0.289146 12058
10 4 22 23.7125 0.42398 3.55732 0.362267 7991
10 4 23 23.0326 0.415132 3.89207 0.30292 10007
10 4 24 22.5918 0.419138 3.42455 0.29949 13523
10 4 25 23.6749 0.497717 3.90292 0.32145 5622
10 4 26 22.9909 0.440736 3.77485 0.232811 14327
10 4 27 23.5805 0.521081 3.61982 0.412833 7211
10 4 28 23.149 0.490684 3.44795 0.408174 6881
10 4 29 24.8217 0.492457 3.95183 0.393853 9048
10 4 30 23.0082 0.408978 3.6209 0.419185 8734
10 4 31 23.33 0.469145 3.13857 0.452426 7332
10 4 32 23.2062 0.413082 3.2963 0.358859 5287
10 4 33 22.7114 0.4742 3.88044 0.331047 5618
10 4 34 28 -2 0 0 12990
10 4 35 22.3992 0.61111 3.65664 0.385966 5095
10 4 36 23.4689 0.454388 3.70357 0.331155 7589
10 4 37 23.3784 0.482026 3.64575 0.310219 9328
10 4 38 23.0349 0.441874 3.40535 0.485117 4663
10 4 39 22.3962 0.416098 3.94394 0.332434 7019
10 4 40 22.8477 0.433471 3.5043 0.294868 9383
10 4 41 23.1275 0.419897 2.96147 0.402932 6654
10 4 42 23.4393 0.457646 3.8581 0.293621 6930
10 4 43 23.6704 0.426345 4.05541 0.277508 7923
10 4 44 22.5423 0.413639 3.54609 0.312328 6078
10 4 45 23.3125 0.496268 3.16095 0.704804 5187
10 4 46 22.0263 0.419313 3.85538 0.213159 12523
10 4 47 23.6874 0.507014 4.13434 0.372049 4298
10 4 48 23.6361 0.548031 3.78764 0.40067 5298
10 4 49 22.2396 0.463028 3.45532 0.318007 9619
10 4 50 22.4945 0.401065 3.5013 0.284384 6635
10 4 51 22.9399 0.498998 4.41716 0.276636 7197
10 4 52 22.0542 0.542216 3.93177 0.35917 8197
10 4 53 24.1381 0.607986 3.78298 0.437237 4314
10 4 54 22.6472 0.444247 3.57442 0.309839 6595
10 4 55 23.2107 0.437838 3.6643 0.33302 7129
10 4 56 22.5442 0.426224 3.68496 0.352033 7985
10 4 57 23.7616 0.529832 3.91632 0.303909 7212
10 4 58 21.7071 0.404461 3.16667 0.384921 8329
10 4 59 21.9732 0.436861 4.43494 0.14275 10817
10 4 60 22.3655 0.513917 3.62893 0.591285 4799
10 4 61 22.7208 0.483549 4.75139 0.176545 8205
10 4 62 21.9022 0.433724 4.01715 0.257548 9163
10 4 63 21.9697 0.432835 3.84586 0.333789 7915
10 5 0 23.7706 0.42243 4.34538 0.312028 8724
10 5 1 21.9328 0.409487 4.13249 0.413979 8963
10 5 2 21.8987 0.330798 3.54443 0.427871 12214
10 5 3 22.1887 0.374623 3.46042 0.315788 12194
10 5 4 22.131 0.356385 3.70643 0.21661 10202
10 5 5 23.7398 0.411457 3.71165 0.429527 8954
10 5 6 22.3945 0.417659 4.0832 0.382626 12065
10 5 7 21.6381 0.358703 3.74739 0.299076 12167
10 5 8 21.8251 0.294821 3.12956 0.538533 12504
10 5 9 22.3135 0.331024 3.99645 0.284474 10080
10 5 10 22.7272 0.378498 3.78951 0.309355 12348
10 5 11 22.566 0.380315 3.95575 0.377761 12368
10 5 12 21.6817 0.346422 4.01349 0.365883 12654
10 5 13 23.5418 0.34545 3.74492 0.303748 11416
10 5 14 22.3215 0.346826 3.79452 0.337341 11421
10 5 15 22.681 0.408778 3.56354 0.415188 13931
10 5 16 22.8946 0.405753 3.58644 0.430726 14526
10 5 17 21.9316 0.327061 3.23171 0.477043 13363
10 5 18 21.7288 0.320184 3.50289 0.236011 13412
10 5 19 22.9155 0.360811 3.89628 0.307643 14519
10 5 20 22.8392 0.354933 3.69339 0.305924 11729
10 5 21 20.6647 0.456244 4.42404 0.30918 12268
10 5 22 22.4496 0.357598 3.85468 0.323876 13364
10 5 23 22.027 0.334855 3.28074 0.422196 12041
10 5 24 23.0719 0.351996 3.45227 0.433835 11155
10 5 25 23.262 0.35905 3.61059 0.309768 16620
10 5 26 22.9438 0.356813 3.79287 0.275175 13240
10 5 27 22.6755 0.389963 3.92983 0.303057 13778
10 5 28 23.2303 0.351267 3.96245 0.285648 11257
10 5 29 23.5693 0.348841 3.82324 0.290559 12332
10 5 30 22.7087 0.335044 3.50589 0.521029 14011
10 5 31 23.6989 0.345593 4.14128 0.204217 13708
10 5 32 22.7031 0.338925 3.51028 0.28003 15903
10 5 33 22.3042 0.363475 3.84003 0.283847 12414
10 5 34 22.2844 0.332497 3.8051 0.250152 14213
10 5 35 23.8031 0.38514 4.02778 0.265413 14520
10 5 36 23.1874 0.352761 3.61373 0.315737 11443
10 5 37 23.0525 0.380908 3.69515 0.333184 11308
10 5 38 22.4551 0.38391 4.16239 0.304263 16067
10 5 39 23.0256 0.345515 3.8944 0.220704 19880
10 5 40 20.7948 0.44638 4.07115 0.335285 17098
10 5 41 23.097 0.370448 3.95244 0.26232 12937
10 5 42 22.7128 0.386251 4.01293 0.189595 11367
10 5 43 22.5949 0.355471 3.52687 0.717754 12117
10 5 44 22.2492 0.332444 3.85331 0.300004 18518
10 5 45 22.0552 0.355873 3.62306 0.300669 13833
10 5 46 22.8283 0.367143 3.69704 0.374639 11931
10 5 47 23.4374 0.390361 3.99735 0.2885 23390
10 5 48 23.3124 0.433661 3.27086 0.431307 17066
10 5 49 23.4858 0.370032 4.113 0.392667 11883
10 5 50 23.0915 0.366062 3.6322 0.379474 13442
10 5 51 22.6863 0.373946 3.77534 0.24548 19392
10 5 52 22.8683 0.388951 3.70689 0.355062 12236
10 5 53 23.6285 0.384633 3.97457 0.280884 15929
10 5 54 21.4192 0.347638 3.57668 0.312903 13910
10 5 55 22.6479 0.385884 3.85446 0.312687 13274
10 5 56 22.9144 0.362828 4.10157 0.290659 20872
10 5 57 21.4703 0.336684 3.78946 0.189057 21192
10 5 58 21.815 0.353901 4.05923 0.302274 13259
10 5 59 21.0922 0.383214 4.16239 0.270261 16777
10 5 60 21.3352 0.337359 3.67496 0.27148 22577
10 5 61 23.3425 0.42025 4.13341 0.327479 19671
10 5 62 23.3081 0.451439 3.97895 0.463967 12891
10 5 63 22.737 0.361718 3.73716 0.30051 13882
10 6 0 22.2709 0.576374 4.64146 0.342265 12605
10 6 1 21.2916 0.507579 3.73479 0.35441 11033
10 6 2 20.1697 0.479205 3.31544 0.290066 10537
10 6 3 19.9222 0.441782 2.77501 0.347969 7542
10 6 4 19.8955 0.370805 2.62949 0.334907 7988
10 6 5 21.0429 0.42016 2.72713 0.449704 8174
10 6 6 21.2512 0.48877 3.30923 0.34221 9746
10 6 7 20.4197 0.425252 2.78521 0.490188 6302
10 6 8 19.841 0.546338 2.81068 0.439771 8939
10 6 9 20.0634 0.429758 3.52516 0.208056 8253
10 6 10 21.5759 0.487152 3.3493 0.385564 7316
10 6 11 19.9096 0.408181 2.36208 0.661268 6471
10 6 12 19.7793 0.478915 2.75726 0.451233 6369
10 6 13 20.6231 0.378039 2.4512 0.530105 6146
10 6 14 22.3718 0.51029 3.81357 0.453381 9021
10 6 15 21.6682 0.447835 2.6389 0.51918 4751
10 6 16 20.7995 0.500644 2.92976 0.582519 5786
10 6 17 20.7926 0.386466 2.91389 0.296539 8726
10 6 18 20.3049 0.462436 2.52863 0.397431 5537
10 6 19 20.2406 0.509773 3.11017 0.246316 5646
10 6 20 21.1999 0.53649 2.68953 0.432203 6762
10 6 21 20.8984 0.480095 3.37188 0.267033 8522
10 6 22 18.9686 0.592882 2.92622 0.419204 5998
10 6 23 25 -2 0 0 7849
10 6 24 20.5637 0.430757 2.96368 0.436969 9108
10 6 25 20.1127 0.474412 2.76688 0.403844 5898
10 6 26 20.5045 0.403962 3.3796 0.259466 9757
10 6 27 20.13 0.464418 2.46778 0.460928 5232
10 6 28 20.3629 0.440783 2.50059 0.439252 5811
10 6 29 20.5822 0.427823 2.97501 0.35098 6370
10 6 30 26 -2 0 0 6119
10 6 31 20.4218 0.526251 2.90053 0.385545 3818
10 6 32 21.3254 0.450009 2.30981 0.536754 5316
10 6 33 20.446 0.462987 2.34511 0.564661 4491
10 6 34 21.5766 0.429816 3.09728 0.267144 9199
10 6 35 22.0611 0.504102 2.67059 0.481164 4424
10 6 36 20.4016 0.521506 2.68603 0.429355 5746
10 6 37 21.8189 0.417957 3.0936 0.405448 5544
10 6 38 20.5582 0.421344 3.06784 0.391788 3713
10 6 39 22.5192 0.517477 3.24731 0.39003 5266
10 6 40 19.9267 0.451184 2.93093 0.345668 5492
10 6 41 20.9118 0.374194 2.34958 0.544501 4926
10 6 42 20.2523 0.461629 2.4803 0.827918 4916
10 6 43 21.5635 0.407439 2.83142 0.415744 6270
10 6 44 21.7785 0.443152 2.48845 0.453945 4128
10 6 45 20.7958 0.477193 2.71229 0.452325 5211
10 6 46 20.8766 0.432376 2.82059 0.538181 6995
10 6 47 21.8143 0.594693 3.12978 0.52009 3630
10 6 48 20.7275 0.368788 2.62709 0.304855 5483
10 6 49 19.3877 0.594802 2.75651 0.405159 6212
10 6 50 20.1462 0.568982 2.45193 0.419173 4950
10 6 51 20.5335 0.397783 2.96041 0.389223 6271
10 6 52 20.3167 0.493744 3.06872 0.51112 6324
10 6 53 20.9048 0.472877 2.88032 0.430423 3456
10 6 54 20.3604 0.409902 2.5167 0.451352 5157
10 6 55 20.3286 0.429792 2.95511 0.506611 4749
10 6 56 19.9336 0.529698 3.1087 0.281269 5140
10 6 57 20.6596 0.473429 3.08623 0.335801 5454
10 6 58 20.5673 0.416161 2.40186 0.425024 5099
10 6 59 19.59 0.556837 3.16566 0.414728 5873
10 6 60 19.6932 0.469608 2.84947 0.362914 5003
10 6 61 20.4126 0.461731 3.49414 0.261361 6539
10 6 62 20.843 0.498295 2.91464 0.62197 6398
10 6 63 20.2471 0.429708 2.57825 0.494235 5726
10 7 0 19.3184 0.396889 3.10813 0.467086 5922
10 7 1 19.1142 0.470101 2.90793 0.34419 6973
10 7 2 19.4172 0.365152 2.72827 0.346036 7088
10 7 3 19.0174 0.412617 2.80758 0.278277 6521
10 7 4 19.3638 0.366542 2.46821 0.402537 7440
10 7 5 19.7535 0.354242 2.40627 0.4846 6701
10 7 6 19.2916 0.407973 2.72567 0.365019 7135
10 7 7 18.3738 0.386837 3.01839 0.34609 7156
10 7 8 20.4249 0.417587 2.12838 0.67506 6969
10 7 9 19.1626 0.539262 2.99897 0.293648 6992
10 7 10 19.7533 0.419656 2.80224 0.449821 5834
10 7 11 19.5788 0.419273 2.41291 0.540423 6307
10 7 12 19.3617 0.415632 2.3367 0.695782 7199
10 7 13 24 -2 0 0 7248
10 7 14 19.3707 0.41003 2.67804 0.483796 7384
10 7 15 19.7684 0.377641 2.62802 0.433016 7111
10 7 16 25 -2 0 0 6208
10 7 17 19.4463 0.412337 2.37207 0.381999 7701
10 7 18 19.9123 0.396534 2.4812 0.31231 8033
10 7 19 19.4781 0.365767 3.10819 0.253916 8839
10 7 20 19.3151 0.391467 2.7204 0.366146 8493
10 7 21 24 -2 0 0 6870
10 7 22 19.9147 0.400717 2.49468 0.368494 7594
10 7 23 19.6549 0.379768 2.28982 0.604808 7252
10 7 24 19.7368 0.33759 2.52069 0.355515 6927
10 7 25 20.1574 0.394738 2.89522 0.553302 10023
10 7 26 19.7783 0.471248 3.09582 0.430445 7968
10 7 27 19.5413 0.421435 2.68913 0.39 8844
10 7 28 20.0968 0.34668 2.95768 0.246056 7311
10 7 29 19.3125 0.42284 2.50654 0.545854 7785
10 7 30 19.7669 0.433483 2.20396 0.620057 8158
10 7 31 20.4932 0.37877 2.81628 0.398626 9712
10 7 32 19.0307 0.464296 3.00584 0.426542 8824
10 7 33 19.1336 0.375757 2.64455 0.510018 9212
10 7 34 19.9581 0.342417 2.96777 0.37537 8754
10 7 35 20.4095 0.38645 3.41626 0.308035 12676
10 7 36 19.8324 0.316628 2.47124 0.329244 9985
10 7 37 18.9314 0.361842 2.86476 0.265513 8306
10 7 38 20.3904 0.393895 3.22679 0.240138 13450
10 7 39 18.981 0.316368 3.13269 0.190897 15566
10 7 40 19.6088 0.339372 2.83896 0.291676 9454
10 7 41 19.6922 0.385448 2.91772 0.42064 9856
10 7 42 18.9167 0.46676 3.20153 0.332809 8347
10 7 43 20.0556 0.361181 2.61997 0.442259 9760
10 7 44 20.0154 0.378611 3.0538 0.351484 10327
10 7 45 20.0481 0.335038 2.76615 0.301831 11225
10 7 46 19.8375 0.34149 2.85958 0.346568 8291
10 7 47 19.6615 0.358283 3.69001 0.189623 17467
10 7 48 19.4588 0.390911 3.06451 0.273581 8445
10 7 49 19.6196 0.362173 2.46041 0.629535 11079
10 7 50 18.9869 0.380855 2.52546 0.48538 13124
10 7 51 20.3555 0.414883 3.12599 0.332361 13474
10 7 52 19.3334 0.323919 2.79692 0.307545 8534
10 7 53 19.5102 0.399486 3.14278 0.31431 13589
10 7 54 19.5897 0.361904 2.55273 0.462543 12326
10 7 55 19.6455 0.407109 2.62393 0.488774 11782
10 7 56 18.3415 0.434505 3.17673 0.347514 11686
10 7 57 18.363 0.332617 3.57726 0.303406 14530
10 7 58 17.8978 0.417523 2.85006 0.375863 10232
10 7 59 19.7425 0.372848 2.97735 0.310446 10355
10 7 60 18.9514 0.350912 3.12875 0.291439 16071
10 7 61 18.977 0.3681 3.51486 0.317156 14104
10 7 62 18.8289 0.361708 3.08044 0.288566 10180
10 7 63 18.1328 0.39959 2.87688 0.351835 12193
10 8 0 19.7265 0.399159 3.44953 0.570642 8386
10 8 1 19.1758 0.496239 2.83266 0.652906 8319
10 8 2 19.1639 0.361843 2.76034 0.452931 6779
10 8 3 18.1969 0.675059 2.50953 0.662194 8913
10 8 4 19.2231 0.391968 2.75233 0.52847 6560
10 8 5 19.0214 0.337273 2.57652 0.515141 6349
10 8 6 19.3915 0.313717 2.58853 0.408944 9888
10 8 7 19.4876 0.408567 3.30617 0.526026 8740
10 8 8 19.4646 0.3873 2.57574 0.48949 6680
10 8 9 20.4658 0.529766 3.15449 0.382048 8370
10 8 10 19.5134 0.437276 3.02145 0.407444 10318
10 8 11 19.5824 0.353476 2.64522 0.59433 6553
10 8 12 25 -2 0 0 9377
10 8 13 18.995 0.343462 2.82224 0.289484 12052
10 8 14 0 -10 0 0 0
10 8 15 18.6738 0.353354 2.19389 0.757956 9021
10 8 16 19.838 0.36521 3.84166 0.353219 11743
10 8 17 19.501 0.296619 2.8159 0.361015 9470
10 8 18 19.1596 0.441718 2.85652 0.561552 7306
10 8 19 19.8684 0.378112 3.1561 0.394959 10236
10 8 20 19.6789 0.456783 2.71689 0.499064 7980
10 8 21 20.607 0.395751 2.97526 0.597744 5577
10 8 22 19.5079 -3 0 0 7026
10 8 23 19.9988 0.382197 2.90051 0.47674 5948
10 8 24 19.2117 0.355984 2.51765 0.688075 6885
10 8 25 19.309 0.343529 3.01895 0.338457 11944
10 8 26 19.7388 0.359199 3.21789 0.423779 7262
10 8 27 18.9297 0.520458 2.6453 0.480265 9454
10 8 28 18.7508 0.450186 3.19444 0.26191 10005
10 8 29 19.9791 0.330291 2.70044 0.348001 9549
10 8 30 18.6899 0.377372 2.72658 0.39278 9756
10 8 31 19.3919 0.353108 2.96516 0.349791 12623
10 8 32 19.538 0.377578 2.75182 0.313543 14182
10 8 33 19.6654 0.354983 2.7354 0.326651 12867
10 8 34 20.6323 0.445878 2.92925 0.748215 7109
10 8 35 19.2254 0.338232 3.19996 0.500613 19064
10 8 36 18.7009 0.3899 2.72239 0.381814 11160
10 8 37 19.8229 0.316465 2.85728 0.418803 7411
10 8 38 20.1086 0.343518 2.95321 0.476173 19654
10 8 39 20.1875 0.325888 2.92583 0.420911 17390
10 8 40 18.4085 0.377868 2.80058 0.376683 9894
10 8 41 18.9328 0.347012 2.8609 0.361755 12213
10 8 42 19.7576 0.31341 2.88188 0.374637 9483
10 8 43 19.6278 0.326741 2.59265 0.455021 10398
10 8 44 19.2562 0.339173 3.15336 0.272117 16892
10 8 45 19.1972 0.314053 2.64552 0.351538 14851
10 8 46 24 -2 0 0 8155
10 8 47 19.2611 0.419119 4.11448 0.222934 18368
10 8 48 18.5203 0.46933 2.87078 0.550753 11140
10 8 49 21.3552 0.387794 3.06677 0.519989 6669
10 8 50 19.5111 0.33531 2.9563 0.452923 12074
10 8 51 21.301 0.428402 4.10156 0.656891 11956
10 8 52 19.1833 0.338626 3.0079 0.41761 9325
10 8 53 19.4279 0.360379 3.176 0.448231 16188
10 8 54 19.2047 0.352757 2.93465 0.29772 10959
10 8 55 19.2171 0.379171 3.22839 0.284846 12552
10 8 56 19.8627 0.341907 3.34267 0.362099 13080
10 8 57 19.4832 0.377445 3.30366 0.436897 12156
10 8 58 20.208 0.354817 3.23314 0.401765 9744
10 8 59 19.2102 1.33184 3.15404 0.417612 9127
10 8 60 19.2448 0.36375 3.07029 0.375095 18599
10 8 61 0 -10 0 0 0
10 8 62 19.7863 0.383337 3.76532 0.48374 10960
10 8 63 18.0771 0.562195 3.25954 0.478574 9973
10 9 0 27.8295 0.731076 4.77007 0.241889 5898
10 9 1 23.952 0.652369 4.37372 0.22541 5243
10 9 2 26.0615 0.792004 4.18768 0.257702 4548
10 9 3 28.0794 0.817583 3.80381 0.264104 2029
10 9 4 27.2454 0.66483 4.25359 0.286776 2185
10 9 5 25.9789 0.849392 3.76262 0.300739 2531
10 9 6 25.4228 0.735036 3.80622 0.327176 3795
10 9 7 27.8102 0.925816 3.87965 0.412081 1819
10 9 8 25.3971 0.636843 3.86142 0.366333 3516
10 9 9 28.2598 0.695716 4.26961 0.295334 2378
10 9 10 26.5113 0.639857 4.02868 0.315333 2492
10 9 11 24.1081 0.679521 3.8099 0.291916 4734
10 9 12 24.9773 0.597715 3.48496 0.475393 3881
10 9 13 27.1296 0.706963 3.81982 0.443179 1360
10 9 14 27.1099 0.848863 4.43151 0.21708 4860
10 9 15 27.8306 0.734235 4.39716 0.308744 1915
10 9 16 27.3326 0.673813 5.00574 0.202919 2269
10 9 17 24.151 0.926345 4.10364 0.378941 3952
10 9 18 27.5518 0.676769 4.13309 0.273505 2225
10 9 19 27.1143 0.676143 4.07974 0.218852 2596
10 9 20 28.2928 0.87271 3.98371 0.514676 1842
10 9 21 25.269 0.61469 4.11696 0.25331 4971
10 9 22 24.5147 0.535809 3.27767 0.482497 3617
10 9 23 26.5067 0.748653 3.18633 0.731372 2286
10 9 24 27.0147 0.791166 4.28662 0.291277 4322
10 9 25 27.1828 0.766944 3.73723 0.308587 1595
10 9 26 26.0398 0.69648 4.50011 0.165155 4576
10 9 27 29.2748 0.688331 4.06077 0.366823 1406
10 9 28 27.6737 0.640554 3.40301 0.342101 1023
10 9 29 28.4715 0.957473 4.56195 0.318974 2916
10 9 30 28.4365 0.972767 2.79353 0.584853 1237
10 9 31 26.8431 1.00107 3.56981 0.224375 1073
10 9 32 28.8154 0.830047 3.51056 0.399869 1284
10 9 33 26.6105 0.809824 3.64793 0.393807 1599
10 9 34 24.7409 0.671372 3.8747 0.258126 5877
10 9 35 28.4805 1.007 3.63696 0.417633 1631
10 9 36 28.1329 0.75748 3.96044 0.282185 1459
10 9 37 27.3901 0.653045 4.62004 0.329081 1714
10 9 38 26.1395 0.656844 4.55909 0.242437 1770
10 9 39 26.3287 0.63925 3.73326 0.310807 1799
10 9 40 28.3383 0.767795 4.08233 0.337102 1704
10 9 41 28.9247 0.960601 3.82795 0.406092 1491
10 9 42 29.7074 0.672615 4.10395 0.302546 1056
10 9 43 25.9918 0.725727 4.01521 0.285008 2704
10 9 44 26.3691 0.650526 3.03983 0.291854 653
10 9 45 26.0161 0.961823 3.7628 0.464531 1901
10 9 46 25.9287 0.731083 4.06769 0.397283 3418
10 9 47 27.3647 0.76859 4.59127 0.342089 1453
10 9 48 27.0218 0.651679 3.7001 0.355526 1624
10 9 49 24.9003 0.6786 3.88714 0.401367 2951
10 9 50 26.9093 0.749566 2.59835 0.437146 735
10 9 51 25.1181 0.912695 3.88567 0.435915 2354
10 9 52 26.13 0.765915 4.92396 0.14006 2575
10 9 53 26.2256 0.92222 3.16335 0.408001 877
10 9 54 28.2576 0.802873 4.61655 0.338976 1590
10 9 55 25.0363 0.743266 3.82717 0.288679 2369
10 9 56 23.9147 1.05016 5.68965 0.342266 2641
10 9 57 26.048 0.839739 3.38427 0.562837 2219
10 9 58 26.4016 0.863927 3.52723 0.460892 1755
10 9 59 26.1881 0.76241 4.52033 0.261069 2997
10 9 60 23.1436 0.615315 3.60014 0.484504 2968
10 9 61 24.7402 0.69277 3.87797 0.307457 3218
10 9 62 25.3495 1.02184 4.34895 0.333486 4205
10 9 63 26.0808 0.655667 3.95692 0.295363 1601
10 10 0 19.0415 -3 0 0 12744
10 10 1 18.4347 0.270387 2.97702 0.41536 13974
10 10 2 18.8074 0.275525 2.94531 0.507918 15153
10 10 3 18.3754 0.250675 2.70073 0.483732 17464
10 10 4 18.4063 0.299031 2.72047 0.340469 15598
10 10 5 18.7562 0.276102 2.663 0.321189 16776
10 10 6 19.0482 0.285029 2.92634 0.297644 18110
10 10 7 18.9868 0.273523 3.02781 0.355175 26129
10 10 8 18.0152 0.358552 2.82255 0.363647 15399
10 10 9 19.536 0.300383 2.98753 0.457294 20074
10 10 10 19.2614 0.294266 3.0873 0.395572 19041
10 10 11 18.4428 0.28645 2.75453 0.4717 15201
10 10 12 18.9436 0.282387 2.87676 0.429558 16653
10 10 13 19.3322 0.2394 2.64031 0.414008 22293
10 10 14 19.2817 0.254976 2.97482 0.456319 16009
10 10 15 19.0057 0.319655 2.65746 0.575487 21247
10 10 16 19.9482 0.317001 3.44048 0.322527 25619
10 10 17 18.8009 0.251844 2.6635 0.65176 14328
10 10 18 19.1848 0.250191 2.90079 0.376962 15624
10 10 19 18.7186 0.294071 3.17334 0.305146 20511
10 10 20 21.3739 0.339727 3.13065 0.623433 10659
10 10 21 19.0736 0.289096 2.97522 0.361713 19107
10 10 22 18.6813 0.256313 2.76005 0.32853 18302
10 10 23 19.9767 0.303227 2.97359 0.481183 12770
10 10 24 19.5776 0.254535 2.7513 0.432984 16321
10 10 25 19.4803 0.311133 3.26732 0.281981 24773
10 10 26 18.9651 0.307054 2.9479 0.319794 16795
10 10 27 18.9568 0.326685 2.99231 0.256194 14805
10 10 28 19.7956 0.2672 2.98974 0.505764 23631
10 10 29 18.9023 0.251081 2.60961 0.394082 15521
10 10 30 21.323 0.363085 3.37985 0.38467 9472
10 10 31 19.3628 0.286106 3.07974 0.299679 28875
10 10 32 18.8668 0.291232 2.81145 0.530768 19410
10 10 33 19.4525 0.290619 3.08558 0.329144 15851
10 10 34 19.1229 0.27943 3.00008 0.335727 14707
10 10 35 19.0976 0.272477 3.15032 0.311338 21651
10 10 36 19.0415 -3 0 0 9099
10 10 37 19.9947 0.359103 3.15609 0.351151 10808
10 10 38 19.0238 0.298971 3.26376 0.449791 26672
10 10 39 19.187 0.272821 3.21133 0.367479 21269
10 10 40 22.5108 0.393292 3.87578 0.276842 7291
10 10 41 18.0786 0.354353 2.8016 0.286443 20868
10 10 42 19.3715 0.301988 2.94514 0.408741 13308
10 10 43 19.5356 0.251473 2.76655 0.461308 18709
10 10 44 18.503 0.249299 2.92571 0.371692 21506
10 10 45 19.3265 0.260292 2.86765 0.283179 23773
10 10 46 19.7577 0.251353 2.86111 0.455533 17318
10 10 47 0 -10 0 0 0
10 10 48 18.3688 0.404341 3.03986 0.503183 15113
10 10 49 18.8364 0.314158 2.62789 0.711237 14253
10 10 50 18.409 0.292091 2.65499 0.372684 23472
10 10 51 18.4538 0.30764 3.11726 0.356673 19074
10 10 52 18.1369 0.268759 2.57479 0.350097 15307
10 10 53 19.2422 0.273395 3.19575 0.413382 23410
10 10 54 18.5599 0.326815 2.85727 0.456646 18046
10 10 55 18.068 0.325419 2.54942 0.361589 16738
10 10 56 18.6584 0.301192 3.05709 0.402551 23168
10 10 57 18.843 0.279999 2.94701 0.450161 19054
10 10 58 18.3168 0.28193 2.65087 0.353448 18884
10 10 59 18.5614 0.268711 3.069 0.386381 14582
10 10 60 18.7422 0.276157 2.96818 0.314481 26074
10 10 61 18.8286 0.278325 3.53415 0.268626 17278
10 10 62 17.8896 0.29289 3.10495 0.388645 16587
10 10 63 18.1494 0.239595 2.8205 0.452303 16827
10 11 0 21.4881 0.415293 3.6529 0.390432 13675
10 11 1 22.6566 0.422565 3.44955 0.47984 7902
10 11 2 21.6686 0.428902 3.5043 0.444104 8831
10 11 3 18.7484 0.540003 3.28934 0.353689 8808
10 11 4 21.9662 0.397779 3.59295 0.337704 5643
10 11 5 21.6587 0.389736 3.09662 0.471243 6832
10 11 6 20.4686 0.347104 3.26027 0.246956 11560
10 11 7 19.7809 0.548515 3.10636 0.316829 7583
10 11 8 21.1833 0.432007 3.08882 0.522045 7565
10 11 9 21.9138 0.591483 3.95295 0.450104 4627
10 11 10 22.3694 0.574522 3.03172 0.507609 3757
10 11 11 20.7086 0.499467 3.48964 0.733788 8283
10 11 12 20.0104 0.460501 3.11366 0.311036 9766
10 11 13 20.2348 0.375042 2.61897 0.481873 7536
10 11 14 21.5421 0.455568 3.54432 0.446553 13543
10 11 15 20.2073 0.350105 2.60137 0.425734 8355
10 11 16 21.2577 0.428058 3.10183 0.490407 8289
10 11 17 20.1013 0.381959 3.15234 0.33818 11227
10 11 18 20.5498 0.413446 2.43479 0.772437 9393
10 11 19 20.0687 0.408598 2.96057 0.425272 7352
10 11 20 20.8363 0.468243 2.69154 0.820043 7236
10 11 21 23.0889 0.650738 3.26933 0.541479 4759
10 11 22 21.9288 0.595318 2.90798 0.512941 4348
10 11 23 23.1641 0.382124 3.46854 0.357057 6889
10 11 24 22.317 0.447641 3.4601 0.328505 8641
10 11 25 19.5469 0.511305 3.01698 0.505945 5641
10 11 26 21.2981 0.404447 3.42295 0.42852 15949
10 11 27 20.8303 0.38978 2.54511 0.591198 7901
10 11 28 22.2932 0.437895 2.6809 0.877925 7384
10 11 29 20.5472 0.368041 3.25329 0.329647 13831
10 11 30 22.6946 0.45257 3.25884 0.420676 5212
10 11 31 21.3288 0.441097 2.59819 0.673409 7310
10 11 32 20.819 0.396408 2.65576 0.685637 7322
10 11 33 22.7581 0.531705 3.29385 0.627604 4371
10 11 34 21.709 0.363806 3.45283 0.390266 13525
10 11 35 20.2533 0.36119 2.82034 0.36713 7592
10 11 36 23.0508 0.417918 3.42878 0.333464 4694
10 11 37 25.2797 0.572641 3.60657 0.491153 4730
10 11 38 21.0835 0.47086 3.09922 0.493402 4833
10 11 39 21.3274 0.514826 3.78057 0.26539 5830
10 11 40 23.07 0.442426 3.23613 0.5032 5662
10 11 41 20.462 0.294759 2.54854 0.362278 7591
10 11 42 20.0704 0.392456 2.84615 0.41618 9508
10 11 43 21.2674 0.392875 3.35788 0.280781 9715
10 11 44 20.4667 0.320891 2.52353 0.597517 7038
10 11 45 21.7542 0.417801 3.15405 0.542257 5445
10 11 46 21.6515 0.517945 3.76172 0.468699 12839
10 11 47 22.2388 0.457622 3.58766 0.46578 3818
10 11 48 20.1847 0.40288 2.61569 0.551532 8779
10 11 49 21.1295 0.363217 2.96563 0.539856 7370
10 11 50 20.1342 0.443815 2.80719 0.427981 5924
10 11 51 21.499 0.414219 3.78795 0.312521 8252
10 11 52 20.3778 0.373888 3.2757 0.228068 9595
10 11 53 20.5237 0.412955 3.35676 0.537504 5159
10 11 54 20.4285 0.369359 3.29635 0.37628 6142
10 11 55 20.6293 0.428732 3.11356 0.519445 8391
10 11 56 21.7014 0.429078 3.45018 0.286547 6861
10 11 57 20.9971 0.44716 3.68899 0.368224 6938
10 11 58 20.2012 0.394209 3.01719 0.431417 6584
10 11 59 18.8429 0.376563 4.00814 0.219124 11579
10 11 60 21.0974 0.474026 3.58739 0.374622 4983
10 11 61 20.6679 0.398066 3.93303 0.362525 9888
10 11 62 20.6431 0.37457 3.36651 0.269369 13118
10 11 63 20.5947 0.44124 3.43227 0.295569 7172
10 12 0 22.6481 0.352588 4.3624 0.321406 16989
10 12 1 22.6752 0.341751 4.16443 0.193332 13671
10 12 2 22.3613 0.333471 3.73557 0.295307 18142
10 12 3 20.4827 0.315046 3.51709 0.292711 17320
10 12 4 21.8192 0.315738 3.69569 0.225643 12529
10 12 5 21.3536 0.314258 3.44759 0.258899 14256
10 12 6 22.454 0.322156 4.00949 0.300893 19541
10 12 7 22.8075 0.354978 3.73222 0.336225 16463
10 12 8 21.4583 0.309858 3.57974 0.309009 12922
10 12 9 22.3209 0.328242 3.70577 0.334477 21961
10 12 10 22.9366 0.395005 3.82184 0.336865 19067
10 12 11 23.281 0.330407 3.61318 0.317569 10835
10 12 12 22.1684 0.344204 3.70147 0.289512 14289
10 12 13 22.7062 0.31497 3.31293 0.383242 14577
10 12 14 22.3362 0.341115 3.98652 0.211965 13030
10 12 15 22.1176 0.341797 3.76632 0.26198 13510
10 12 16 23.7225 0.374817 4.33679 0.289327 23643
10 12 17 21.5129 0.377197 3.24849 0.515037 12457
10 12 18 21.8845 0.298538 3.47315 0.341931 17986
10 12 19 21.5799 0.325361 3.63051 0.293208 22656
10 12 20 23.1837 0.327405 3.51569 0.510904 14885
10 12 21 22.0834 0.307456 3.69632 0.389319 22707
10 12 22 22.4249 0.341772 3.55907 0.39645 15353
10 12 23 22.7123 0.301076 3.51749 0.376115 10098
10 12 24 22.5477 0.323361 3.82152 0.30986 12988
10 12 25 22.3575 0.318354 3.75671 0.291765 19962
10 12 26 22.6007 0.310119 3.29417 0.390726 14889
10 12 27 21.6495 0.329837 3.47216 0.249097 14121
10 12 28 22.1297 0.304799 3.17529 0.309259 17941
10 12 29 22.0796 0.357185 3.66533 0.376574 10812
10 12 30 21.5342 0.360535 3.39681 0.341769 16428
10 12 31 23.1148 0.382735 3.84391 0.496694 15486
10 12 32 22.8717 0.320279 3.48752 0.31387 14571
10 12 33 22.9505 0.302487 3.27927 0.532342 15355
10 12 34 22.803 0.335979 3.73323 0.502971 11681
10 12 35 22.0237 0.30231 3.4552 0.319143 18370
10 12 36 23.1223 0.335861 3.68017 0.392945 12121
10 12 37 22.0461 0.310561 3.07549 0.39829 13747
10 12 38 21.9 0.383042 3.80962 0.187792 15968
10 12 39 23.3265 0.316638 3.50521 0.372096 10736
10 12 40 22.6189 0.312676 3.40577 0.641848 12363
10 12 41 21.8765 0.292661 3.24745 0.31203 15940
10 12 42 22.4487 0.292484 3.34405 0.366674 11420
10 12 43 22.0381 0.375278 3.44913 0.346751 12835
10 12 44 21.5227 0.332018 3.41608 0.370819 13202
10 12 45 22.1218 0.316579 3.51519 0.380751 12500
10 12 46 22.823 0.309105 3.43417 0.370095 12435
10 12 47 22.9532 0.358479 4.00703 0.301887 13514
10 12 48 21.8199 0.300939 3.33873 0.283988 14403
10 12 49 22.12 0.299883 3.00121 0.438017 10973
10 12 50 23.2777 0.323177 3.82855 0.329955 10593
10 12 51 23.276 0.330217 3.81347 0.412992 9976
10 12 52 21.6143 0.475032 3.73603 0.376444 10821
10 12 53 21.9073 0.367449 4.07554 0.302616 11977
10 12 54 22.0925 0.295273 3.29116 0.324857 12925
10 12 55 22.4257 -3 0 0 9425
10 12 56 23.2199 0.373257 3.50746 0.452771 9796
10 12 57 23.4385 0.406569 4.06048 0.668325 10774
10 12 58 22.4153 0.293431 3.27338 0.311648 11653
10 12 59 22.4257 -3 0 0 10605
10 12 60 22.2282 0.425213 4.73592 0.493684 11390
10 12 61 22.2568 0.363799 4.2774 0.280452 9049
10 12 62 22.1334 0.340175 3.69968 0.435634 10513
10 12 63 21.9003 0.306441 3.51297 0.360776 10441
10 13 0 21.4588 0.381675 3.53203 0.370865 9668
10 13 1 21.3598 0.468602 3.12684 0.378216 8216
10 13 2 21.3358 0.368528 3.34811 0.292639 7931
10 13 3 20.8013 0.421191 2.75679 0.432241 6116
10 13 4 20.5755 0.393682 2.46431 0.579945 8312
10 13 5 20.9385 0.406519 2.79702 0.33563 7723
10 13 6 20.6961 0.458246 3.17975 0.467049 7141
10 13 7 20.9616 0.393729 2.73146 0.341735 5745
10 13 8 21.6123 0.338869 2.85332 0.346262 8436
10 13 9 20.9939 0.35112 2.90471 0.320803 6684
10 13 10 21.6966 0.368433 3.10137 0.34568 5985
10 13 11 21.0339 0.443444 2.53481 0.613804 7994
10 13 12 21.112 0.358108 2.76026 0.330446 6596
10 13 13 20.5404 0.356086 2.7598 0.452466 5675
10 13 14 20.7225 0.352763 3.30271 0.29537 10749
10 13 15 21.1845 0.341962 2.76507 0.392312 6470
10 13 16 21.3482 0.368329 2.91706 0.385726 6011
10 13 17 19.7788 0.473542 3.08598 0.348454 9959
10 13 18 20.198 0.338987 2.64075 0.521419 7429
10 13 19 21.2073 0.395925 2.87096 0.463123 6010
10 13 20 21.0524 0.392324 2.64462 0.58404 8247
10 13 21 22.1538 0.370922 3.34533 0.461665 7136
10 13 22 20.677 0.454645 2.62427 0.437405 5349
10 13 23 20.7392 0.438682 2.97613 0.381892 8349
10 13 24 20.9064 0.341223 2.91595 0.428536 9009
10 13 25 22.5487 0.406116 2.92618 0.599131 5367
10 13 26 21.6611 0.354358 3.43241 0.25985 12350
10 13 27 21.4588 0.376015 2.57803 0.395508 7462
10 13 28 20.9101 0.415324 2.40708 0.567065 6207
10 13 29 20.5763 0.418154 3.39062 0.232474 10179
10 13 30 20.753 0.444907 2.92482 0.447497 7106
10 13 31 21.4215 0.403059 2.88705 0.392687 6713
10 13 32 20.5039 0.468737 2.88563 0.499213 6291
10 13 33 20.6671 0.427092 2.97407 0.339677 6748
10 13 34 21.2308 0.36125 2.88863 0.976805 11824
10 13 35 21.0563 -3 0 0 6620
10 13 36 21.5244 0.374373 2.86775 0.383378 8267
10 13 37 21.3043 0.328237 2.88334 0.489887 8378
10 13 38 21.415 0.371091 2.92112 0.463451 6976
10 13 39 21.2869 0.383116 3.42968 0.434273 6788
10 13 40 20.4597 0.4517 3.15888 0.232918 7705
10 13 41 21.4294 0.411785 2.51155 0.550407 7369
10 13 42 20.9054 0.369991 2.98451 0.309304 9924
10 13 43 20.7899 0.394733 2.9657 0.390958 10089
10 13 44 20.525 0.486376 2.86524 0.408525 5850
10 13 45 20.7744 0.390279 2.73958 0.456964 6589
10 13 46 21.382 0.350653 3.35427 0.318382 12171
10 13 47 20.6546 0.426546 3.60747 0.336396 7260
10 13 48 20.9693 0.778624 3.12121 0.413189 6184
10 13 49 21.2808 0.363314 2.91353 0.41794 10733
10 13 50 20.8467 0.521259 3.10827 0.553719 6673
10 13 51 20.2709 0.371954 3.42795 0.254573 13539
10 13 52 21.8257 0.36639 3.27445 0.324706 12027
10 13 53 21.1122 0.381007 3.45744 0.320247 5476
10 13 54 19.5159 0.35271 2.95282 0.268054 8575
10 13 55 20.7352 0.357549 3.27877 0.282257 11287
10 13 56 20.5853 0.497982 3.73455 0.241596 11138
10 13 57 21.7993 0.4977 3.95927 0.208632 6747
10 13 58 21.1968 0.384847 3.31707 0.306984 7779
10 13 59 20.7563 0.383751 3.63537 0.353297 12270
10 13 60 19.8672 0.465781 3.62231 0.240828 6997
10 13 61 20.3049 0.412071 3.99607 0.343905 16506
10 13 62 20.4654 0.431367 3.53018 0.242512 12949
10 13 63 20.2302 0.376427 3.02804 0.286177 10892
10 14 0 24.12 0.534189 4.36924 0.373222 7748
10 14 1 22.4052 0.470068 3.42996 0.268119 9168
10 14 2 22.4538 0.438019 3.69229 0.266835 9935
10 14 3 22.0356 0.428389 3.2004 0.224138 9746
10 14 4 22.1354 0.462187 3.54225 0.216628 7810
10 14 5 23.5226 0.517459 3.89116 0.251021 8001
10 14 6 23.7815 0.50402 3.80607 0.234972 8868
10 14 7 22.7222 0.449287 3.43981 0.209226 10696
10 14 8 22.6131 0.471525 3.47779 0.276119 7408
10 14 9 22.3437 0.658012 4.43011 0.253493 11439
10 14 10 23.1726 0.540179 3.56757 0.330791 11729
10 14 11 22.071 0.458608 3.27043 0.266935 6422
10 14 12 23.1169 0.472517 3.27866 0.310728 9160
10 14 13 21.7377 0.933149 4.15863 0.330748 7346
10 14 14 23.1531 0.465935 2.97642 0.734474 7609
10 14 15 22.4189 0.522273 3.42043 0.35996 7444
10 14 16 22.7646 0.668152 5.18321 0.204114 11866
10 14 17 23.6958 0.47345 3.24154 0.39976 6512
10 14 18 22.7868 0.524398 3.26862 0.288711 6663
10 14 19 23.3222 0.509238 3.87585 0.271234 8475
10 14 20 22.4382 0.525068 3.50489 0.1867 6783
10 14 21 23.3735 0.527502 3.61747 0.294699 9394
10 14 22 22.426 0.463086 4.00397 0.166739 8581
10 14 23 22.9895 0.446232 3.11955 0.409461 6282
10 14 24 22.2901 0.9025 3.25301 0.754172 6986
10 14 25 23.689 0.593868 3.48039 0.36011 8862
10 14 26 24.1016 0.525206 3.83838 0.259635 5841
10 14 27 23.4871 0.475999 3.43884 0.275057 6903
10 14 28 22.0054 0.528394 3.36429 0.351479 6972
10 14 29 23.0247 0.427723 2.96713 0.348251 6254
10 14 30 22.4892 0.532523 3.59803 0.270838 6479
10 14 31 21.9405 0.565096 3.85182 0.241029 7217
10 14 32 21.9464 0.431973 3.06148 0.240766 6982
10 14 33 22.8392 0.498631 3.29887 0.420572 6213
10 14 34 22.1442 0.519751 2.96115 0.510187 6704
10 14 35 23.5497 0.554068 3.46556 0.368912 8204
10 14 36 23.3376 0.505531 3.72643 0.227802 5458
10 14 37 22.6161 0.611804 3.26357 0.424254 5187
10 14 38 22.0647 0.495045 3.8323 0.331296 6198
10 14 39 23.387 0.452098 3.40881 0.348705 4627
10 14 40 22.8096 0.43804 3.39204 0.229276 5932
10 14 41 21.8946 0.569964 3.76092 0.297931 5630
10 14 42 23.8082 0.448145 3.56126 0.225976 5260
10 14 43 22.7404 0.582949 3.40282 0.313193 5437
10 14 44 22.5064 0.43197 3.20614 0.288469 6153
10 14 45 0 -10 0 0 0
10 14 46 23.3661 0.469584 3.37261 0.387973 5699
10 14 47 23.2249 0.547604 3.77208 0.30516 5386
10 14 48 21.4493 0.649295 3.16227 0.477457 5769
10 14 49 22.2733 0.457602 2.98636 0.549959 4947
10 14 50 30 -2 0 0 5157
10 14 51 21.9109 0.678479 3.84735 0.429232 4586
10 14 52 21.9879 0.537718 3.22636 0.340916 5673
10 14 53 21.8435 0.554699 3.1111 0.33715 5561
10 14 54 21.9696 0.664868 3.07252 0.535475 5063
10 14 55 22.002 0.486961 2.93971 0.451228 4880
10 14 56 22.3485 0.435093 3.20664 0.374607 5621
10 14 57 23.2631 0.49347 3.31314 0.32726 5182
10 14 58 22.2188 0.4635 3.3566 0.288082 4488
10 14 59 21.7813 0.55887 3.49229 0.227232 5705
10 14 60 23.6905 0.485092 3.76676 0.282785 4158
10 14 61 21.9942 0.596374 4.23283 0.223065 5083
10 14 62 22.2761 0.555484 3.67477 0.271896 4713
10 14 63 21.1513 0.551375 3.26924 0.385986 4832
10 15 0 22.6031 0.57435 3.43166 0.201821 4840
10 15 1 22.5986 0.641319 3.2999 0.310033 3346
10 15 2 21.4704 0.770011 3.38507 0.285345 4351
10 15 3 21.7023 0.712673 3.10851 0.324966 3395
10 15 4 21.9219 0.680355 2.89924 0.403695 3953
10 15 5 22.711 0.570048 2.84389 0.474597 3459
10 15 6 22.2341 0.53451 2.69261 0.469822 3814
10 15 7 22.2477 0.512269 2.82565 0.3783 3538
10 15 8 22.2024 0.485209 2.79768 0.360481 3899
10 15 9 21.8996 0.529239 3.10783 0.39062 3600
10 15 10 22.4787 0.623517 3.02251 0.377108 3096
10 15 11 21.5976 0.641044 2.2759 0.446461 4570
10 15 12 21.3325 1.27334 3.02974 0.343656 3524
10 15 13 21.5077 0.532643 2.64554 0.3773 3132
10 15 14 21.1956 0.463408 3.2726 0.329904 5473
10 15 15 21.1506 0.789851 2.58671 0.347182 4196
10 15 16 21.7155 0.505705 3.17008 0.382397 3544
10 15 17 21.8748 0.482095 2.69727 0.304881 4916
10 15 18 21.8766 0.559745 3.10682 0.244538 3838
10 15 19 20.7296 0.581163 3.12281 0.243055 3734
10 15 20 28 -2 0 0 4309
10 15 21 21.1752 0.585346 3.0172 0.382038 3718
10 15 22 20.9737 0.796876 2.98008 0.41714 2739
10 15 23 20.851 0.525856 2.51087 0.452788 4717
10 15 24 22.3181 1.20236 2.8492 0.422973 4543
10 15 25 23.4428 0.552753 3.06304 0.391617 2085
10 15 26 21.8651 0.482764 2.88642 0.411135 4775
10 15 27 21.1756 0.503648 2.58415 0.402109 3928
10 15 28 22.341 0.575424 2.54844 0.432425 3050
10 15 29 21.9481 0.431923 2.67379 0.355788 4751
10 15 30 21.9834 0.484694 2.62157 0.339047 4040
10 15 31 22.6747 0.661451 3.43255 0.215092 3094
10 15 32 22.2023 0.953287 3.19243 0.401582 3474
10 15 33 22.212 0.507864 2.78295 0.453248 3495
10 15 34 21.1082 0.54832 4.06022 0.147786 5850
10 15 35 22.3718 0.471807 3.13352 0.32809 4168
10 15 36 22.3527 0.494736 2.71116 0.439217 4004
10 15 37 22.272 0.532254 2.90789 0.330703 4746
10 15 38 22.9656 0.557367 3.17622 0.398434 4017
10 15 39 22.201 0.566924 3.19514 0.217732 5829
10 15 40 21.0607 0.64902 2.83735 0.384171 5057
10 15 41 21.7126 0.711664 2.99299 0.289685 3978
10 15 42 21.8881 0.592714 2.91408 0.388564 4046
10 15 43 21.1997 0.97162 3.28299 0.348649 5775
10 15 44 21.2316 0.600371 2.59537 0.370167 4421
10 15 45 21.2438 0.48616 2.90049 0.320843 4007
10 15 46 21.8698 0.65258 3.27585 0.406009 5663
10 15 47 21.8952 0.660186 3.93347 0.19433 4931
10 15 48 21.9124 0.603909 2.8401 0.472312 3999
10 15 49 21.9267 0.588746 2.88438 0.436162 5063
10 15 50 20.842 0.6699 3.00989 0.318114 4968
10 15 51 22.7779 0.609682 3.63588 0.305085 7442
10 15 52 22.1825 0.473221 3.0564 0.291963 5424
10 15 53 21.9983 0.504755 2.89848 0.33748 5063
10 15 54 21.2838 0.557494 3.15809 0.311037 4516
10 15 55 20.9775 0.506436 3.02707 0.28517 6029
10 15 56 20.9191 0.593665 3.16497 0.36983 6034
10 15 57 21.7003 0.561598 3.60242 0.247692 6280
10 15 58 21.2924 0.483415 3.02757 0.260298 5423
10 15 59 21.5548 0.550163 3.14819 0.403881 5737
10 15 60 20.8467 0.622364 3.42003 0.310979 4593
10 15 61 21.165 0.701418 4.44056 0.176983 7379
10 15 62 21.4306 0.934884 3.64499 0.273532 6189
10 15 63 20.8854 0.468805 2.8375 0.3364 5855
11 0 0 19.4067 0.297907 3.04802 0.361059 11865
11 0 1 19.1977 0.345425 2.7005 0.621862 7234
11 0 2 19.5539 0.344822 2.71958 0.537287 6513
11 0 3 18.9918 0.309276 2.49653 0.365142 9373
11 0 4 19.9922 0.310659 2.51391 0.604298 7133
11 0 5 19.8274 0.398861 2.69623 0.702906 4952
11 0 6 19.5172 0.337932 2.58502 0.631324 9977
11 0 7 19.289 0.302827 2.49279 0.423879 9050
11 0 8 19.2923 0.309526 2.43257 0.554304 10642
11 0 9 19.3215 0.398568 2.17554 0.763477 8993
11 0 10 19.0154 0.344171 2.40669 0.374629 8948
11 0 11 18.7413 0.338057 2.30176 0.55046 12501
11 0 12 20.0182 0.399123 2.42937 0.63272 8493
11 0 13 18.9155 0.392508 2.0469 0.734953 10404
11 0 14 19.1796 0.321616 2.60427 0.567553 8381
11 0 15 18.7586 0.367231 2.39714 0.634543 7562
11 0 16 19.3942 0.289829 2.51011 0.502471 8936
11 0 17 19.6168 0.305848 2.79885 0.306467 9473
11 0 18 19.1646 0.365811 2.62839 0.451771 6578
11 0 19 19.4533 0.291196 2.537 0.341943 10008
11 0 20 19.54 0.285128 2.44749 0.420171 11858
11 0 21 19.3981 0.380083 2.42818 0.810563 6412
11 0 22 19.1428 0.328305 2.85509 0.463245 4690
11 0 23 19.5126 0.353069 2.32505 0.566328 12973
11 0 24 20.2476 0.388744 2.74642 0.946596 11748
11 0 25 19.2212 0.356415 2.63632 0.343002 10880
11 0 26 20.1614 0.260277 2.65167 0.357492 13751
11 0 27 19.9142 0.293862 2.66507 0.359659 9730
11 0 28 19.0067 0.354137 2.30028 0.488537 8299
11 0 29 19.2746 0.336575 2.64585 0.38847 14440
11 0 30 19.4565 0.270491 2.42562 0.445062 10568
11 0 31 19.3163 0.308674 2.58664 0.528773 7496
11 0 32 19.5388 0.261069 2.3879 0.426247 11612
11 0 33 19.6249 0.326406 2.40155 0.391941 11410
11 0 34 19.2105 0.316161 2.60877 0.296627 16254
11 0 35 20.2238 0.306852 2.85316 0.465264 8099
11 0 36 19.5685 0.327109 2.59486 0.511141 9390
11 0 37 19.3775 0.329461 2.60351 0.496297 13975
11 0 38 20.2871 0.261826 2.77218 0.307243 12737
11 0 39 19.5835 0.342605 2.73941 0.617075 18283
11 0 40 19.5546 0.302192 2.86486 0.379247 10115
11 0 41 19.8909 0.322073 2.60809 0.430732 7392
11 0 42 19.1285 0.270435 2.37209 0.550933 15700
11 0 43 20.1256 0.342176 3.06935 0.508256 9749
11 0 44 20.5187 0.338108 2.99222 0.46027 6218
11 0 45 19.1294 0.307736 2.48093 0.60153 13819
11 0 46 19.4732 0.309199 2.77305 0.321713 16961
11 0 47 19.742 0.276665 2.85551 0.436557 15468
11 0 48 19.0435 0.444802 2.64253 0.615822 8845
11 0 49 19.4765 0.341217 2.56683 0.94175 8753
11 0 50 19.2935 0.289704 2.6583 0.606429 10012
11 0 51 19.4637 0.290752 3.13538 0.263772 20539
11 0 52 20.0687 0.328454 2.96676 0.482162 9902
11 0 53 18.8758 0.282882 2.76947 0.268617 15230
11 0 54 19.4768 0.317904 2.72643 0.545296 11106
11 0 55 18.8887 0.324921 2.85123 0.26456 14173
11 0 56 20.9048 0.365664 3.42721 0.396113 9985
11 0 57 19.1958 0.272358 2.9968 0.319026 19252
11 0 58 19.1218 0.334092 2.61876 0.632266 10368
11 0 59 18.9691 0.283489 2.81788 0.473602 19085
11 0 60 19.1897 0.402539 3.29006 0.422312 8326
11 0 61 19.6924 0.34681 3.33257 0.330874 16830
11 0 62 19.181 0.3068 2.97309 0.274184 19499
11 0 63 18.6126 0.255931 2.63532 0.368506 17685
11 1 0 26.1445 0.44907 4.83741 0.209682 10194
11 1 1 24.7184 0.420575 4.66827 0.174691 10363
11 1 2 24.4248 0.40429 4.27797 0.238086 13672
11 1 3 24.9758 0.444291 3.89237 0.337989 11391
11 1 4 23.674 0.397516 3.71149 0.3218 10609
11 1 5 24.6382 0.396344 4.16749 0.294232 11777
11 1 6 25.2612 0.4659 4.12276 0.286 13456
11 1 7 25.3468 0.436774 4.34621 0.228729 12643
11 1 8 25.6088 0.455091 3.87371 0.320288 7980
11 1 9 25.6905 0.463285 4.13498 0.324411 12850
11 1 10 25.2521 0.461039 4.64315 0.219727 9421
11 1 11 23.6421 0.373701 3.87237 0.336278 11158
11 1 12 25.0853 0.4601 4.40276 0.274286 7651
11 1 13 24.8667 0.437761 4.17015 0.305556 6736
11 1 14 25.5475 0.440688 4.72759 0.395715 12841
11 1 15 24.8296 0.410422 3.88007 0.306749 9883
11 1 16 24.9171 0.480532 4.60055 0.194544 14184
11 1 17 25.3877 0.464252 3.89108 0.415802 10919
11 1 18 24.3717 0.426492 4.47765 0.279628 9604
11 1 19 25.1338 0.434533 3.98282 0.344483 7415
11 1 20 23.7018 0.492971 3.73661 0.305379 10061
11 1 21 24.2814 0.449345 4.16419 0.245584 13749
11 1 22 25.7065 0.429059 4.56007 0.204874 7610
11 1 23 25.9982 0.391096 3.96646 0.366914 6100
11 1 24 25.1584 0.403688 3.76349 0.364031 11557
11 1 25 25.5077 0.527123 4.3077 0.27453 6489
11 1 26 25.3039 0.403215 3.46991 0.728167 11353
11 1 27 25.1451 0.390877 3.91019 0.261019 8706
11 1 28 23.4326 0.418921 4.14356 0.360932 9810
11 1 29 24.1516 0.379414 4.15206 0.219409 10016
11 1 30 24.0972 0.354458 3.67525 0.323383 9676
11 1 31 25.8442 0.408886 4.28016 0.287122 6177
11 1 32 24.1712 0.374739 3.45897 0.463516 8669
11 1 33 25.681 0.448314 3.73361 0.339856 5849
11 1 34 27.1032 0.452781 4.08507 0.382741 9182
11 1 35 25.3678 0.448441 4.65644 0.21202 5209
11 1 36 24.5593 0.37781 3.9383 0.230779 8381
11 1 37 24.6572 0.4315 4.1385 0.322058 8659
11 1 38 26.044 0.484553 4.05571 0.436179 4210
11 1 39 24.8105 0.38105 3.75653 0.236279 6597
11 1 40 25.7808 0.496571 4.06129 0.480643 4912
11 1 41 24.2393 0.466721 3.75692 0.451778 7873
11 1 42 24.4371 0.442566 3.53493 0.318116 8121
11 1 43 23.9406 0.404183 3.86693 0.260582 9088
11 1 44 24.0524 0.412144 3.77369 0.307617 7256
11 1 45 23.6712 0.40705 3.59116 0.431564 7711
11 1 46 24.699 0.41828 3.76514 0.30945 9842
11 1 47 30 -2 0 0 6880
11 1 48 25.898 0.399343 3.82487 0.275044 6830
11 1 49 24.2172 0.36493 3.93726 0.26954 7628
11 1 50 24.9135 0.452681 4.04609 0.406554 4980
11 1 51 26.4128 0.462086 4.07466 0.502552 4583
11 1 52 26.2229 0.494579 4.0965 0.43195 5414
11 1 53 26.6085 0.527149 3.68914 0.549922 4431
11 1 54 24.6795 0.444238 3.57773 0.56835 5227
11 1 55 24.3416 0.416689 3.47371 0.444764 7255
11 1 56 23.8285 0.44954 3.94183 0.334034 6598
11 1 57 28 -2 0 0 7336
11 1 58 23.4958 0.367835 3.26154 0.572283 6962
11 1 59 24.6801 0.416406 4.34185 0.297831 6232
11 1 60 23.1397 0.380937 3.64022 0.328626 7150
11 1 61 24.9212 -3 0 0 7610
11 1 62 24.9807 0.431273 4.08571 0.64525 5525
11 1 63 22.9132 0.341954 3.34629 0.370055 7850
11 2 0 23.2754 0.404309 4.04815 0.500057 13434
11 2 1 22.4515 0.352298 3.93666 0.371065 11783
11 2 2 21.6597 0.300546 3.58037 0.264801 15995
11 2 3 20.1384 0.354354 3.00035 0.336886 13780
11 2 4 21.5497 0.369697 3.26636 0.35842 10706
11 2 5 20.4365 0.327228 3.32414 0.27693 15246
11 2 6 21.5095 0.315273 3.34729 0.393352 14884
11 2 7 23.4475 0.432157 3.45329 0.504309 5491
11 2 8 21.1721 0.280264 2.87995 0.56127 16817
11 2 9 20.8612 0.294695 3.4389 0.309052 13570
11 2 10 21.839 0.353175 3.42688 0.371653 8530
11 2 11 21.245 0.508165 3.7514 0.30811 11129
11 2 12 21.8508 0.286001 2.89325 0.511982 14225
11 2 13 21.6103 0.380495 2.9992 0.443862 7911
11 2 14 21.7211 0.328723 3.19373 0.362463 19783
11 2 15 20.158 0.314556 3.16489 0.336257 13986
11 2 16 22.05 0.302704 3.27022 0.622368 11765
11 2 17 21.6081 0.315006 3.25977 0.237173 16693
11 2 18 20.3315 0.320708 2.87118 0.373178 14533
11 2 19 21.9238 0.327966 3.33236 0.347756 7844
11 2 20 22.3054 0.301714 3.17737 0.280294 13285
11 2 21 21.2413 0.303054 3.2956 0.344984 15550
11 2 22 20.9782 0.275336 2.89367 0.425207 12737
11 2 23 20.8528 0.416811 3.49237 0.354108 12485
11 2 24 20.5011 0.36891 3.31592 0.299018 17964
11 2 25 25.7983 0.505509 2.91134 0.729064 3527
11 2 26 21.3327 0.299796 3.38551 0.294619 20550
11 2 27 21.0642 0.335486 3.01327 0.307174 13354
11 2 28 26 -2 0 0 8681
11 2 29 22.2099 0.360326 3.67138 0.280945 11771
11 2 30 20.9056 0.289205 2.97038 0.268481 14666
11 2 31 21.6041 0.30348 3.12017 0.32504 11802
11 2 32 21.1612 0.448351 3.03665 0.306218 12299
11 2 33 23.3419 0.354307 3.52858 0.382069 6444
11 2 34 22.5023 0.346565 3.47276 0.383964 20686
11 2 35 21.1615 0.30219 3.10455 0.421465 12175
11 2 36 20.1117 0.361607 3.16926 0.293775 14742
11 2 37 21.771 0.329602 3.52463 0.301534 11238
11 2 38 22.248 0.295478 2.97326 0.437288 10625
11 2 39 22.1057 0.34259 3.46941 0.282816 13767
11 2 40 21.2128 0.356979 3.56131 0.296241 13469
11 2 41 22.9776 0.333233 3.4161 0.295163 6757
11 2 42 21.9689 0.315055 3.08064 0.438387 14662
11 2 43 21.8752 0.30632 3.21651 0.314866 16755
11 2 44 21.066 0.350938 2.9537 0.29201 11510
11 2 45 21.8724 0.304529 3.23793 0.418392 12922
11 2 46 22.0277 0.467474 3.8152 0.370206 14012
11 2 47 21.4804 0.367881 3.55075 0.269354 11416
11 2 48 20.5242 0.329124 3.03721 0.263381 13518
11 2 49 21.3713 0.312421 3.14598 0.353823 15110
11 2 50 21.8881 0.562411 3.44549 0.38197 7342
11 2 51 0 -10 0 0 0
11 2 52 22.2107 0.340164 3.34105 0.364594 16195
11 2 53 21.6245 0.328377 3.25868 0.521115 11749
11 2 54 21.7738 0.324767 3.46828 0.374565 12377
11 2 55 20.7874 0.352156 3.50299 0.265631 17824
11 2 56 0 -10 0 0 0
11 2 57 20.4073 0.340958 3.92187 0.265228 19186
11 2 58 21.4069 0.373771 3.55906 0.42971 14178
11 2 59 21.2971 0.369062 4.05856 0.285402 18642
11 2 60 20.8684 0.326776 3.30837 0.441984 13519
11 2 61 0 -10 0 0 0
11 2 62 21.9858 0.368255 3.94623 0.265509 14133
11 2 63 21.0406 0.32883 3.27706 0.33393 16051
11 3 0 20.628 0.31495 3.64743 0.459248 19256
11 3 1 20.1346 0.292775 3.13256 0.278259 21299
11 3 2 20.439 0.280529 3.19449 0.461603 15295
11 3 3 20.8718 0.274867 2.94303 0.576243 20026
11 3 4 19.7355 0.26561 2.84206 0.299267 19651
11 3 5 20.8682 0.295499 3.23287 0.677668 19071
11 3 6 20.7382 0.28837 3.32957 0.356842 13894
11 3 7 20.7664 0.305027 3.42399 0.361156 20794
11 3 8 20.3043 0.290461 3.13602 0.326949 12319
11 3 9 20.2451 0.310234 3.06766 0.404063 21882
11 3 10 21.2584 0.304336 3.41448 0.412034 15161
11 3 11 20.4919 0.281172 3.0384 0.362088 18204
11 3 12 20.268 0.313143 3.35565 0.399787 13410
11 3 13 20.3276 0.338305 3.07243 0.461 14199
11 3 14 20.486 0.251877 2.89995 0.424762 20358
11 3 15 20.8505 0.240401 2.81396 0.501762 18985
11 3 16 20.7193 0.325584 3.33778 0.251262 24716
11 3 17 20.8229 0.263599 3.07349 0.350155 18838
11 3 18 20.6208 0.300466 2.78859 0.342431 18463
11 3 19 20.4888 0.289247 3.01962 0.235762 22737
11 3 20 20.5485 0.254467 3.16554 0.459809 18889
11 3 21 20.9097 0.275216 3.15158 0.349804 21558
11 3 22 20.9724 0.285343 3.28317 0.358685 14892
11 3 23 21.1093 0.258722 2.84138 0.475368 17855
11 3 24 20.3202 0.248803 2.92321 0.315578 19456
11 3 25 20.4802 0.307855 3.2407 0.376302 22219
11 3 26 20.3915 0.391456 3.38906 0.365007 14182
11 3 27 20.7005 0.271091 3.04115 0.347587 18947
11 3 28 21.3919 0.311343 3.36249 0.387971 9806
11 3 29 21.5714 0.283917 3.17569 0.305555 17253
11 3 30 20.6037 0.333681 2.97595 0.541367 13793
11 3 31 20.7303 0.253767 2.84892 0.398897 21589
11 3 32 21.0907 0.296851 3.17146 0.49811 18375
11 3 33 20.9638 0.302454 2.72553 0.663949 18150
11 3 34 21.3289 0.269991 3.23248 0.412766 18922
11 3 35 21.1254 0.282999 3.31072 0.281889 18739
11 3 36 20.4367 0.235835 2.84309 0.388936 19160
11 3 37 20.1336 0.319902 3.15541 0.360918 17765
11 3 38 21.3333 0.307552 3.45729 0.440202 13127
11 3 39 21.034 0.262474 3.15547 0.415865 17965
11 3 40 21.4619 0.272852 3.21162 0.581352 11966
11 3 41 21.2961 0.332372 3.1159 0.511673 18567
11 3 42 20.3798 0.271083 2.77907 0.35235 18682
11 3 43 22.0974 0.285349 2.81892 0.652318 11582
11 3 44 20.499 0.305886 3.20206 0.219278 12473
11 3 45 19.8786 0.297858 3.00659 0.403742 18579
11 3 46 21.2024 0.266631 3.17533 0.418539 17804
11 3 47 21.1836 0.297469 3.64249 0.350991 13738
11 3 48 20.031 0.23474 2.76384 0.399404 19202
11 3 49 20.3506 0.276124 2.78008 0.337256 18297
11 3 50 20.5791 0.297767 2.69879 0.524491 17684
11 3 51 21.081 0.305146 3.60711 0.313948 16342
11 3 52 21.3439 0.274415 2.965 0.594292 15666
11 3 53 21.6717 0.300634 3.71167 0.519761 17659
11 3 54 20.3052 0.289667 3.25546 0.355052 12347
11 3 55 20.5381 0.26864 2.84486 0.526065 18607
11 3 56 19.7716 0.243185 3.03565 0.308546 19776
11 3 57 20.9081 0.36571 3.71511 0.337022 12089
11 3 58 20.7599 0.267308 2.97074 0.60038 17538
11 3 59 20.02 0.334184 3.33738 0.285567 17673
11 3 60 19.9868 0.296953 3.18038 0.233191 17622
11 3 61 20.3722 0.279151 3.66936 0.350584 18921
11 3 62 21.0552 0.338204 3.90756 0.353955 11274
11 3 63 20.0909 0.269186 2.98843 0.359986 17744
11 4 0 20.583 0.521801 3.85122 0.380788 21188
11 4 1 19.8854 0.398843 3.12955 0.21457 19828
11 4 2 20.129 0.457821 3.67685 0.293014 12447
11 4 3 19.9016 0.345414 3.05443 0.327738 8671
11 4 4 20.2453 0.351681 3.28609 0.379076 12645
11 4 5 20.4476 0.396381 3.12758 0.308576 9296
11 4 6 20.105 0.375253 3.39027 0.242326 15464
11 4 7 20.1066 0.438075 3.24354 0.295026 6799
11 4 8 20.1067 0.335696 2.58984 0.411925 16609
11 4 9 19.8428 0.45587 3.16183 0.271123 13926
11 4 10 20.6988 0.311501 2.95275 0.330829 12881
11 4 11 19.9149 0.293621 2.8578 0.342472 14088
11 4 12 20.463 0.318337 2.99507 0.263676 12542
11 4 13 20.7998 0.452726 3.04497 0.592838 5507
11 4 14 20.2028 0.382257 3.32794 0.301287 19775
11 4 15 20.2944 0.316234 2.76136 0.338037 11321
11 4 16 21.4332 0.378526 3.91028 0.311187 7959
11 4 17 20.4045 0.414656 3.20412 0.381301 15834
11 4 18 19.8002 0.400248 2.74018 0.26841 11660
11 4 19 20.0569 0.314544 2.75691 0.440819 10567
11 4 20 21.1526 0.355654 3.02919 0.480598 10640
11 4 21 19.7359 0.367521 3.20628 0.216301 15476
11 4 22 20.5458 0.384349 2.99734 0.529909 7136
11 4 23 20.2685 0.339841 2.79373 0.398837 10088
11 4 24 20.7498 0.377452 3.21779 0.309784 10920
11 4 25 20.8956 0.406027 3.22289 0.384473 5749
11 4 26 20.4168 0.324502 3.41511 0.183624 17704
11 4 27 21.1309 0.354154 2.98424 0.533003 6274
11 4 28 22.4083 0.399504 3.25749 0.335938 4079
11 4 29 20.002 0.314867 2.65595 0.386939 15389
11 4 30 21.1045 0.377937 3.00959 0.698894 6704
11 4 31 20.3983 0.320072 2.66019 0.288981 8711
11 4 32 20.4183 0.378513 2.57903 0.542754 8854
11 4 33 20.5861 0.333897 2.75122 0.276214 8826
11 4 34 20.8274 0.382292 3.52452 0.279144 11844
11 4 35 20.3916 0.383038 2.75993 0.442295 8257
11 4 36 20.0917 0.34678 2.34506 0.612219 10962
11 4 37 19.9278 0.308969 2.75258 0.282553 12499
11 4 38 20.0837 0.382953 3.17622 0.307584 5111
11 4 39 20.8775 0.31474 2.82132 0.419004 8878
11 4 40 20.6069 0.351525 2.81123 0.318687 11410
11 4 41 20.4376 0.459998 2.67217 0.411063 8103
11 4 42 20.2393 0.478151 2.46669 0.779613 10756
11 4 43 20.4699 0.333759 3.14648 0.319205 12997
11 4 44 20.877 0.309706 2.53766 0.562806 7404
11 4 45 20.0945 0.351708 2.55507 0.440865 8982
11 4 46 20.4482 -3 0 0 15000
11 4 47 19.9302 0.402626 3.32445 0.307085 7626
11 4 48 20.0499 0.462403 2.78321 0.499264 9444
11 4 49 20.2797 0.479141 2.63526 0.81217 8755
11 4 50 20.2138 0.325722 2.77545 0.406002 8323
11 4 51 21.1041 0.385193 3.82578 0.218357 7574
11 4 52 20.9464 0.334952 3.13435 0.342071 12564
11 4 53 20.2559 0.366014 2.77591 0.480571 7138
11 4 54 20.4172 0.328913 2.89861 0.373935 8818
11 4 55 20.8307 0.387459 3.21896 0.358453 8706
11 4 56 20.5698 0.335518 3.11589 0.292442 9228
11 4 57 20.3168 0.329154 3.06483 0.449 9828
11 4 58 19.5578 0.369226 2.60204 0.604637 10131
11 4 59 19.7779 0.366029 3.404 0.329092 10366
11 4 60 19.9094 0.385107 2.93597 0.428353 8127
11 4 61 21.3525 0.40952 3.97251 0.255707 9127
11 4 62 20.5387 0.399343 3.83653 0.37043 8075
11 4 63 19.6744 0.431107 3.01135 0.343506 10515
11 5 0 21.4066 0.334694 3.82269 0.344913 9885
11 5 1 21.9865 0.316506 3.82759 0.398607 9204
11 5 2 20.5645 0.298303 3.33552 0.366734 14466
11 5 3 20.1175 0.478077 3.16644 0.840529 10925
11 5 4 20.5634 0.37073 3.13344 0.624593 11926
11 5 5 20.6904 0.294182 2.91267 0.346547 14346
11 5 6 20.3025 0.291569 2.97124 0.373766 15433
11 5 7 21.3961 0.274389 3.30728 0.307455 18228
11 5 8 21.051 0.342038 3.28282 0.351291 10511
11 5 9 20.6274 0.291128 3.23109 0.282272 14690
11 5 10 21.3302 0.299128 3.43022 0.370726 15513
11 5 11 20.1304 0.317407 2.81867 0.437106 16152
11 5 12 20.495 0.289502 3.18322 0.453175 15092
11 5 13 20.2014 0.285824 2.86285 0.415112 17835
11 5 14 21.0574 0.315729 3.25422 0.409219 11165
11 5 15 20.8614 0.267777 2.89386 0.450318 16352
11 5 16 21.7201 0.330663 4.09804 0.361641 10361
11 5 17 20.4937 0.262815 2.82239 0.423073 16430
11 5 18 21.3071 0.286466 2.98649 0.394842 15671
11 5 19 21.3892 0.27114 3.25581 0.419342 19136
11 5 20 20.8646 0.250969 2.84049 0.49139 17124
11 5 21 20.9258 0.253849 2.99045 0.406245 15964
11 5 22 21.6726 0.300236 3.36522 0.419035 11617
11 5 23 20.3506 0.33597 3.32993 0.241706 11838
11 5 24 20.4744 0.285074 2.88407 0.29342 14955
11 5 25 22.362 0.300408 3.33627 0.550063 17336
11 5 26 20.5635 0.339416 3.27758 0.484615 12542
11 5 27 20.3733 0.436548 3.04626 0.670599 12452
11 5 28 20.5365 0.293508 3.11538 0.39598 13666
11 5 29 22.1447 0.275409 3.18618 0.313979 14125
11 5 30 21.0768 0.276887 2.89892 0.356724 16792
11 5 31 20.7804 0.286952 3.12934 0.270501 22838
11 5 32 20.8868 0.285731 2.83055 0.335081 20310
11 5 33 20.9862 0.265147 3.06276 0.254182 19360
11 5 34 20.3562 0.28312 3.18029 0.262764 17872
11 5 35 21.8525 0.341851 3.63058 0.388943 14101
11 5 36 21.0107 0.279443 3.11352 0.221219 14764
11 5 37 20.818 0.292488 3.02438 0.319696 17890
11 5 38 22.5583 0.29517 3.47938 0.298984 23712
11 5 39 21.5954 0.278185 3.12457 0.506076 25854
11 5 40 21.3404 0.287699 3.11923 0.39785 18549
11 5 41 21.5834 0.319664 3.27405 0.526312 14091
11 5 42 21.6172 0.32455 3.413 0.37475 11639
11 5 43 20.8963 0.268126 2.91671 0.405022 18754
11 5 44 21.3296 0.386307 3.72117 0.262089 12753
11 5 45 21.6462 0.301013 3.69401 0.339169 11662
11 5 46 20.5703 0.304518 3.1216 0.26643 18321
11 5 47 20.7123 0.306129 3.60331 0.307583 28754
11 5 48 20.3496 0.266965 2.92254 0.331287 22285
11 5 49 21.5196 0.330306 3.33407 0.54539 11809
11 5 50 20.7975 0.263697 2.82065 0.274659 22862
11 5 51 21.9661 0.34801 3.53173 0.825978 24727
11 5 52 21.1078 0.337593 3.26046 0.424181 13065
11 5 53 21.4959 0.267985 3.27599 0.406918 26658
11 5 54 20.4814 0.328679 3.21007 0.361906 15361
11 5 55 20.4344 0.287731 3.17473 0.413945 16698
11 5 56 21.0936 0.293453 3.53184 0.281453 23794
11 5 57 21.1214 0.315771 3.13008 0.401919 25345
11 5 58 21.839 0.323274 3.4249 0.550836 21411
11 5 59 20.4067 0.330607 3.15871 0.269886 19805
11 5 60 20.4382 0.309779 3.2356 0.2694 25329
11 5 61 21.0135 0.318859 3.77593 0.362537 19125
11 5 62 19.9598 0.286877 3.40153 0.440551 14932
11 5 63 20.0056 0.278627 2.87993 0.309552 21484
11 6 0 21.1903 0.551674 3.71609 0.250566 10472
11 6 1 20.9585 0.47704 3.13111 0.305891 10659
11 6 2 20.3381 0.426327 3.25005 0.263291 10297
11 6 3 19.4674 0.643665 2.91819 0.298663 7200
11 6 4 19.9565 0.416135 2.72131 0.30337 7410
11 6 5 20.5356 0.428102 2.79574 0.326789 7422
11 6 6 20.6989 0.41401 2.7508 0.556252 9585
11 6 7 23.1467 0.781242 3.07199 0.241829 2147
11 6 8 20.5161 0.412635 2.59769 0.336581 9058
11 6 9 20.4041 0.408595 2.84885 0.318165 8681
11 6 10 22.9025 0.666028 3.01961 0.459572 3921
11 6 11 21.2131 0.454927 2.90468 0.335547 7398
11 6 12 21.5033 0.546275 3.17738 0.579594 7808
11 6 13 21.8224 0.570103 2.59173 0.605839 3316
11 6 14 21.4317 0.449599 3.24815 0.228746 10284
11 6 15 20.7011 0.52743 2.8766 0.358417 4062
11 6 16 21.6343 0.424006 3.12929 0.288472 6671
11 6 17 20.9123 0.425075 2.81403 0.41441 8466
11 6 18 22.2922 0.490678 2.99148 0.472849 3922
11 6 19 21.0314 0.444702 2.88468 0.252714 6073
11 6 20 21.0925 0.456705 3.19479 0.291833 6325
11 6 21 20.8247 0.524613 3.17622 0.310777 6503
11 6 22 21.1877 0.438633 2.43643 0.460184 6170
11 6 23 21.8184 0.529858 2.8072 0.357614 4889
11 6 24 21.0958 0.429581 2.6046 0.297029 9622
11 6 25 21.5874 0.648821 3.0486 0.537634 3151
11 6 26 21.7012 0.492087 3.41746 0.216018 7091
11 6 27 20.646 0.630041 2.55125 0.44376 5905
11 6 28 22.8828 0.721979 2.85422 0.398287 2912
11 6 29 20.0737 0.433191 2.43339 0.404426 8226
11 6 30 21.5994 0.46224 2.93212 0.465387 3953
11 6 31 21.6559 1.1713 3.42148 0.491848 3483
11 6 32 20.5324 0.47699 2.56306 0.323002 5280
11 6 33 21.233 0.617842 2.74216 0.575056 3611
11 6 34 21.0253 0.525632 3.05979 0.320973 8261
11 6 35 21.471 0.596891 2.57818 0.463487 4782
11 6 36 21.363 0.598446 2.91579 0.434226 4250
11 6 37 20.895 0.51521 2.38961 0.605856 5967
11 6 38 21.4113 0.576321 3.19228 0.356223 2851
11 6 39 21.2034 0.653031 2.73146 0.59579 5289
11 6 40 20.6888 0.462004 3.3721 0.277152 5860
11 6 41 21.5168 0.559531 2.62026 0.509914 2505
11 6 42 21.044 0.422202 2.60187 0.377495 5525
11 6 43 21.664 0.409594 2.81963 0.293541 6584
11 6 44 20.3183 0.586486 2.3472 0.446072 5011
11 6 45 20.8493 0.452037 2.52397 0.393089 4829
11 6 46 20.7148 0.487068 2.724 0.387168 7788
11 6 47 21.0627 0.574608 2.54601 0.406056 4522
11 6 48 20.885 0.566549 2.61263 0.503594 4714
11 6 49 21.481 0.479979 2.59626 0.521765 4412
11 6 50 26 -2 0 0 3089
11 6 51 20.8869 0.472072 2.60186 0.431455 5854
11 6 52 20.4948 0.415637 2.47382 0.516538 6170
11 6 53 21.2222 0.608242 2.47115 0.478893 3094
11 6 54 20.5811 1.01529 2.19029 0.657765 3820
11 6 55 20.7264 0.503135 2.72483 0.415142 5281
11 6 56 20.8305 0.475169 2.52481 0.451927 5106
11 6 57 20.6723 0.59803 2.86116 0.349624 3757
11 6 58 20.4763 0.519673 2.32599 0.493826 5295
11 6 59 19.2082 0.697721 3.39579 0.384633 6766
11 6 60 19.5587 0.481565 2.91981 0.35434 4897
11 6 61 22.0863 0.972464 3.58569 0.312773 6295
11 6 62 21.565 0.600322 3.18125 0.428998 4059
11 6 63 21.115 0.4316 2.60867 0.479682 5200
11 7 0 21.0022 0.425154 3.14117 0.311773 6932
11 7 1 21.4277 0.575052 2.86219 0.599869 6819
11 7 2 20.2211 0.359723 2.80481 0.262817 7122
11 7 3 20.138 0.396546 2.65482 0.433988 7816
11 7 4 21.0278 0.438151 2.76042 0.477529 7400
11 7 5 20.8943 -3 0 0 7157
11 7 6 20.7362 0.494013 2.77462 0.631283 5088
11 7 7 20.4274 0.438444 3.88325 0.294456 5114
11 7 8 21.4843 0.401987 2.80242 0.410119 6720
11 7 9 20.335 0.998103 3.25412 0.452069 7128
11 7 10 21.1134 0.543962 3.08516 0.406083 4959
11 7 11 20.8096 0.529382 2.60911 0.671425 4966
11 7 12 21.1239 0.420383 3.02742 0.400655 4121
11 7 13 20.6491 0.561456 3.44402 0.294952 5111
11 7 14 21.1153 0.478394 3.17865 0.366556 5156
11 7 15 20.8143 0.492066 3.03254 0.46234 5506
11 7 16 21.5034 0.473479 2.96218 0.646625 4983
11 7 17 21.4201 0.376331 2.91728 0.451893 4962
11 7 18 20.8961 0.397123 2.52893 0.558377 5333
11 7 19 21.2443 0.532541 3.42947 0.370263 5200
11 7 20 21.3856 0.428146 3.44435 0.335158 8028
11 7 21 20.4681 0.405538 2.85785 0.3394 6903
11 7 22 22.0775 0.509366 2.77303 0.593879 3927
11 7 23 19.9529 0.39683 2.93747 0.232582 8394
11 7 24 21.7324 0.39227 2.99936 0.320905 4624
11 7 25 21.4575 0.477772 3.22067 0.327589 6882
11 7 26 20.6007 0.467704 3.4811 0.289073 7780
11 7 27 22.1122 0.443983 2.86808 0.336178 7186
11 7 28 21.9881 0.437033 3.01218 0.477381 5949
11 7 29 21.4402 0.360319 3.23546 0.353581 8168
11 7 30 21.539 0.437088 3.08598 0.2145 8076
11 7 31 21.0254 0.386529 3.28174 0.256684 11238
11 7 32 21.4326 0.448237 2.81086 0.568414 6083
11 7 33 20.9904 0.383486 3.02192 0.291073 9440
11 7 34 21.0235 0.387368 3.1806 0.240299 8410
11 7 35 20.6203 0.360794 2.99946 0.326659 12931
11 7 36 20.2885 0.55276 2.82307 0.333924 9828
11 7 37 20.5965 0.350367 2.82705 0.237345 9481
11 7 38 21.2193 0.517277 3.2759 0.291205 10212
11 7 39 21.0931 0.37696 3.25033 0.240007 13999
11 7 40 20.5262 0.410867 3.37336 0.35276 6815
11 7 41 21.7171 0.467326 3.25911 0.29521 7045
11 7 42 20.3035 0.571 2.90012 0.291214 10816
11 7 43 20.6067 0.386545 2.2747 0.612531 9947
11 7 44 20.3205 0.35875 2.99227 0.240377 13307
11 7 45 20.4301 0.403283 2.62884 0.392648 11638
11 7 46 20.57 0.366184 2.97826 0.2667 9657
11 7 47 20.4945 0.414796 3.62827 0.242087 17444
11 7 48 20.731 0.351564 3.09762 0.256152 11041
11 7 49 20.2198 0.406664 2.61858 0.375935 10747
11 7 50 21.4101 0.450299 3.12068 0.521064 7580
11 7 51 20.9554 0.694315 4.13317 0.350746 9811
11 7 52 20.5796 0.399171 2.97772 0.492579 7723
11 7 53 21.4271 0.414372 3.29438 0.294754 14482
11 7 54 20.7585 0.49872 3.06187 0.492381 7758
11 7 55 20.3551 0.367888 3.02454 0.299278 9349
11 7 56 19.8657 0.389799 3.60046 0.295961 14112
11 7 57 20.1994 0.393709 3.20853 0.275842 13849
11 7 58 20.1564 0.410425 2.72004 0.411412 12275
11 7 59 20.1684 0.481128 3.21888 0.433155 7613
11 7 60 19.7927 0.401637 3.71282 0.204426 11092
11 7 61 21.462 0.442778 3.60908 0.302902 9643
11 7 62 21.059 0.435513 3.6537 0.487807 8724
11 7 63 20.8943 -3 0 0 12149
11 8 0 23.6682 0.49244 3.39192 0.56105 5806
11 8 1 22.583 0.422733 3.48108 0.465683 6166
11 8 2 22.426 0.460714 3.49582 0.377429 6244
11 8 3 24.2416 0.553647 3.50976 0.539951 4178
11 8 4 24.2621 0.576582 3.64922 0.53242 4245
11 8 5 23.3358 0.5248 3.28764 0.485632 5726
11 8 6 21.6346 0.468392 3.55443 0.289251 6862
11 8 7 21.5973 0.442464 3.64204 0.233238 9890
11 8 8 23.1204 0.515099 3.43257 0.545666 6050
11 8 9 23.375 0.472771 3.37994 0.612436 7429
11 8 10 24.0604 0.454408 3.36198 0.573279 6397
11 8 11 21.6522 0.613952 3.08868 0.528916 7105
11 8 12 24.1246 0.506848 3.25849 0.561034 4127
11 8 13 23.4603 0.40893 3.57332 0.220779 7880
11 8 14 23.0707 0.433748 3.92755 0.423584 3831
11 8 15 21.7958 0.409406 3.15424 0.307982 8703
11 8 16 22.8747 0.641328 3.89187 0.295463 8303
11 8 17 23.9663 0.496506 4.07664 0.225058 4070
11 8 18 23.7925 0.474021 3.6124 0.285568 4793
11 8 19 24.8854 0.53382 3.82748 0.311593 4747
11 8 20 22.4742 0.460624 3.06751 0.327689 8556
11 8 21 22.5666 0.407391 3.22451 0.304621 7116
11 8 22 22.8456 0.355658 2.97981 0.4196 7819
11 8 23 23.4906 0.429426 3.55148 0.290363 7150
11 8 24 22.51 0.388108 3.40782 0.356462 6759
11 8 25 24.1062 0.537112 3.97336 0.402686 6848
11 8 26 22.3086 0.661112 3.86806 0.298511 7113
11 8 27 23.0313 0.415208 3.30754 0.373201 8956
11 8 28 23.7971 0.556316 3.81144 0.373468 6705
11 8 29 22.7314 0.428301 3.19536 0.293621 7922
11 8 30 23.2897 0.456179 3.47884 0.347464 8701
11 8 31 25.6133 0.570727 4.71207 0.332142 7367
11 8 32 23.5687 0.458078 3.71714 0.237343 7476
11 8 33 27.4825 0.625216 4.5467 0.501378 5081
11 8 34 22.7943 0.400479 3.32966 0.199301 7335
11 8 35 26.6026 0.489854 3.61246 0.41633 5924
11 8 36 24.9813 0.464061 3.39871 0.642778 6178
11 8 37 26.7144 0.558208 4.33989 0.298363 4016
11 8 38 22.7363 0.508958 4.41412 0.182123 16665
11 8 39 25.2375 0.481182 4.36895 0.258534 8893
11 8 40 22.0051 0.477621 4.37893 0.321889 5905
11 8 41 25.0507 0.647568 3.41191 0.708016 5934
11 8 42 26.825 0.474115 4.3979 0.266712 4310
11 8 43 24.9066 0.451245 4.14984 0.243925 4426
11 8 44 24.2847 0.419485 4.03457 0.377131 7961
11 8 45 24.4519 0.508348 3.64519 0.374487 10615
11 8 46 22.6306 0.482704 3.68286 0.295929 8002
11 8 47 23.3811 0.442866 4.28631 0.217872 18339
11 8 48 25.9479 0.484806 4.06059 0.218839 5135
11 8 49 22.453 0.450189 3.71411 0.24723 9039
11 8 50 22.052 0.405644 3.58365 0.264717 13115
11 8 51 24.7684 0.580279 3.83357 0.450455 8314
11 8 52 25.0664 0.537841 4.52607 0.333382 4624
11 8 53 26.6151 0.485049 3.68489 0.405895 5428
11 8 54 22.8622 0.390206 3.61056 0.228212 11568
11 8 55 24.2091 0.451329 4.22544 0.165768 6374
11 8 56 23.4962 0.481333 3.70063 0.332386 9897
11 8 57 24.3406 0.500713 4.31265 0.248016 8772
11 8 58 25.8538 0.545134 3.56816 0.647665 5988
11 8 59 21.7947 0.434256 3.69767 0.253691 8761
11 8 60 23.0235 0.449532 3.61683 0.299945 14484
11 8 61 24.36 0.457286 4.57712 0.307262 6572
11 8 62 23.2569 0.514925 3.62736 0.649946 6665
11 8 63 22.2899 0.414294 3.91391 0.308228 7785
11 9 0 19.9032 0.46626 3.37391 0.237888 11459
11 9 1 20.5666 0.414992 3.14654 0.342005 6420
11 9 2 20.7694 0.443938 3.24554 0.308674 5182
11 9 3 20.1699 0.367306 2.44892 0.579552 5818
11 9 4 19.556 0.412785 2.4984 0.379741 4567
11 9 5 18.5477 0.941678 2.53754 0.745376 5131
11 9 6 20.0582 0.516977 2.59292 0.491088 7282
11 9 7 19.6699 0.390351 2.05564 0.545071 5425
11 9 8 21.1028 0.387746 2.64364 0.303626 6727
11 9 9 20.749 0.460497 2.95245 0.411896 5562
11 9 10 21.3635 0.496973 3.06763 0.518515 2984
11 9 11 19.0842 0.537272 2.41627 0.557799 4650
11 9 12 19.5812 0.351527 2.45907 0.374076 4119
11 9 13 19.8598 0.489526 2.27463 0.373986 4939
11 9 14 19.9245 0.487364 2.75041 0.494123 7584
11 9 15 19.9777 0.487635 3.24044 0.416697 2890
11 9 16 22.1609 0.685533 2.96502 0.512459 2309
11 9 17 20.9387 0.425291 3.04203 0.423116 7501
11 9 18 20.5034 0.409222 2.80973 0.535835 5876
11 9 19 20.1917 0.528085 2.82604 0.559418 2374
11 9 20 19.4761 0.433309 2.22173 0.657966 5358
11 9 21 21.3514 0.577885 3.25495 0.48916 4780
11 9 22 19.9979 0.370474 2.51279 0.528382 5026
11 9 23 19.5805 0.454152 2.6494 0.47523 4178
11 9 24 19.7255 0.522228 3.23627 0.375391 5911
11 9 25 20.1646 0.380759 1.94889 0.69448 4678
11 9 26 19.3836 0.531571 2.91496 0.379435 6916
11 9 27 20.7619 0.442364 2.53917 0.416944 2650
11 9 28 20.8625 0.518348 2.83289 0.583203 4685
11 9 29 20.2378 0.382515 2.86268 0.394792 4836
11 9 30 20.1042 0.470917 2.68123 0.388654 3671
11 9 31 19.5221 0.585643 2.41473 0.342382 4536
11 9 32 20.1059 0.452449 2.55237 0.414886 2069
11 9 33 20.129 0.430403 2.838 0.420193 2289
11 9 34 19.5473 0.398946 3.00704 0.297536 6535
11 9 35 20.2291 0.576322 2.23545 0.363539 4082
11 9 36 20.3657 0.407779 2.54077 0.592165 3011
11 9 37 20.3857 0.604712 3.12351 0.397526 3202
11 9 38 18.8949 0.461341 2.70012 0.37829 2706
11 9 39 20.6234 0.469978 2.29676 0.733948 4403
11 9 40 18.9332 0.684528 2.72596 0.510381 3541
11 9 41 20.4525 0.452405 2.12608 0.488955 3940
11 9 42 19.9283 0.374554 2.48176 0.500464 3356
11 9 43 20.4735 0.375728 2.84942 0.430085 4436
11 9 44 19.659 0.423799 2.92983 0.462092 1982
11 9 45 18.9909 0.453524 2.48836 0.351887 3189
11 9 46 21.5195 0.46679 2.93241 0.409392 5008
11 9 47 18.9355 0.376916 2.6937 0.369902 3639
11 9 48 19.6335 0.48317 2.10545 0.430839 4741
11 9 49 19.394 0.442385 2.35562 0.542746 3636
11 9 50 18.5666 0.48627 2.46561 0.326295 3009
11 9 51 20.0276 0.46155 2.44048 0.493643 4767
11 9 52 18.4638 2.4587 3.246 0.699055 3879
11 9 53 19.6203 0.504615 2.89216 0.394653 2277
11 9 54 19.7796 0.409541 2.69156 0.400952 2764
11 9 55 19.4986 0.410439 2.20638 0.417195 5670
11 9 56 19.3403 0.458229 2.30104 0.435801 4336
11 9 57 20.2943 0.505565 2.12779 0.682529 4799
11 9 58 19.5316 0.412008 2.41069 0.551627 4338
11 9 59 18.6914 0.437976 2.62227 0.423448 5514
11 9 60 20.7654 0.547939 3.53023 0.424416 1902
11 9 61 18.638 0.483129 2.83776 0.382352 5889
11 9 62 18.7673 0.434253 2.5147 0.453327 4744
11 9 63 19.5961 0.357681 2.17873 0.392243 4856
11 10 0 19.8488 0.303649 3.13461 0.574114 10319
11 10 1 20.4966 0.326932 3.56636 0.617611 8787
11 10 2 21.0293 0.297786 3.21484 0.683402 7435
11 10 3 18.747 0.302479 3.03848 0.300226 14238
11 10 4 18.432 0.256825 2.50355 0.395791 17844
11 10 5 18.7036 0.326341 2.58797 0.328339 16987
11 10 6 20.0954 0.327719 3.49771 0.393317 10507
11 10 7 19.2832 0.271717 2.96384 0.26335 24814
11 10 8 20.1078 0.357498 2.80903 0.713996 8312
11 10 9 19.4634 0.36761 3.15088 0.47082 11917
11 10 10 20.4563 0.342098 3.40268 0.443258 11903
11 10 11 19.3908 0.273569 2.64323 0.412408 14166
11 10 12 18.9262 0.305035 3.0681 0.456125 12539
11 10 13 19.4569 0.274167 2.81069 0.299553 19794
11 10 14 18.6474 0.285299 2.65028 0.578279 11834
11 10 15 19.9375 0.30908 3.19588 0.291791 10869
11 10 16 19.245 -3 0 0 8429
11 10 17 18.6886 0.346012 2.80261 0.277205 14880
11 10 18 18.8204 0.27895 2.43203 0.554911 19039
11 10 19 20.0096 0.375783 3.21812 0.396841 13964
11 10 20 19.128 0.255683 2.71322 0.502346 18128
11 10 21 19.5908 0.281979 3.28324 0.373131 11697
11 10 22 19.4832 0.24501 2.83948 0.383533 20502
11 10 23 19.0281 0.263068 2.49449 0.485984 16373
11 10 24 19.0649 0.27608 2.90011 0.767099 10579
11 10 25 19.1594 0.279749 2.95431 0.426194 17107
11 10 26 19.7565 0.260899 2.61111 0.446156 15139
11 10 27 20.2079 0.260173 2.84763 0.510271 15889
11 10 28 19.598 0.276523 2.89843 0.37545 13874
11 10 29 19.1019 0.285114 2.60645 0.518739 16313
11 10 30 19.2002 0.265052 2.63865 0.326029 18156
11 10 31 19.4368 0.25969 2.84414 0.344004 25819
11 10 32 19.3575 0.278752 2.61052 0.339439 21918
11 10 33 19.7879 0.272354 2.68252 0.395956 19047
11 10 34 19.2447 0.295503 2.87057 0.356513 15347
11 10 35 18.575 0.33032 3.06558 0.246227 26699
11 10 36 19.011 0.231832 2.43177 0.484545 19977
11 10 37 18.5255 0.307354 2.59165 0.430392 17881
11 10 38 18.6204 0.354703 2.91191 0.287019 26148
11 10 39 19.6223 0.282588 3.12854 0.367589 22320
11 10 40 18.7693 0.275006 2.75663 0.272393 14373
11 10 41 18.989 0.293733 2.65385 0.585584 15595
11 10 42 18.8644 0.280298 2.46344 0.424117 19564
11 10 43 19.2447 0.286449 2.81242 0.553546 16297
11 10 44 18.573 0.294125 2.5584 0.307486 24141
11 10 45 19.1801 0.249262 2.47664 0.633884 21475
11 10 46 18.2442 0.305481 2.88611 0.250812 13525
11 10 47 18.9692 0.287557 3.03819 0.482245 29261
11 10 48 18.6783 0.310322 2.59763 0.522914 14018
11 10 49 19.1534 0.303416 3.11623 0.310109 12966
11 10 50 18.7924 0.293732 2.77476 0.333384 21319
11 10 51 19.5808 0.261626 3.10416 0.35471 19439
11 10 52 19.159 0.259493 2.71618 0.480473 17265
11 10 53 19.2763 0.249994 2.82876 0.318834 25129
11 10 54 19.0879 0.271777 2.64207 0.330865 19789
11 10 55 18.9399 0.2471 2.71179 0.361258 16800
11 10 56 19.8147 0.271883 3.0256 0.441199 19852
11 10 57 19.3517 0.268483 2.79408 0.520047 18934
11 10 58 18.973 0.264127 2.75153 0.351569 18054
11 10 59 18.7182 0.299095 3.12481 0.490615 11909
11 10 60 18.301 0.302856 3.12101 0.306445 18679
11 10 61 18.6627 0.280148 3.17445 0.378279 19223
11 10 62 18.5209 0.301911 3.04044 0.35345 15958
11 10 63 19.2063 0.389559 2.97651 0.524767 10433
11 11 0 19.9041 0.348171 3.54213 0.189001 18510
11 11 1 19.5244 0.327622 3.36001 0.296585 12167
11 11 2 20.0221 0.417689 3.19769 0.346978 9776
11 11 3 20.4151 0.444848 2.95301 0.480386 6322
11 11 4 21.4836 0.362647 2.80044 0.782371 5569
11 11 5 19.529 0.345805 2.8678 0.297792 11228
11 11 6 20.9445 0.375593 2.6762 0.438423 12005
11 11 7 19.7781 0.454322 3.0053 0.460213 4537
11 11 8 21.2266 0.470402 3.00113 0.654399 6551
11 11 9 19.7004 0.422111 2.83091 0.544824 7421
11 11 10 19.5344 0.415374 2.73198 0.610495 8990
11 11 11 20.2199 0.409932 3.04135 0.409288 9049
11 11 12 20.3801 0.398902 2.33918 0.761952 10585
11 11 13 19.7365 0.351016 2.61125 0.43073 8115
11 11 14 20.7483 0.342206 3.1434 0.356173 17386
11 11 15 19.7628 0.429611 2.25812 0.529214 9217
11 11 16 20.8732 0.454884 3.15957 0.550682 5098
11 11 17 20.6409 0.385427 2.93897 0.481807 9792
11 11 18 19.4121 0.499453 2.81432 0.421221 7339
11 11 19 19.7975 0.319812 2.76525 0.307238 7731
11 11 20 19.9525 0.412486 2.62879 0.621565 10148
11 11 21 20.5774 0.322683 2.83469 0.535405 7908
11 11 22 20.5302 0.448076 3.03058 0.452366 4460
11 11 23 20.6157 0.343089 2.91825 0.35967 11629
11 11 24 19.7234 0.317737 2.77419 0.449163 15630
11 11 25 20.4738 0.33464 2.50442 0.58012 7723
11 11 26 20.064 0.329148 3.01706 0.252834 17501
11 11 27 20.3363 0.368949 2.37309 0.45399 8447
11 11 28 21.0789 0.542182 2.53984 0.611082 4845
11 11 29 19.958 0.325531 2.83827 0.31403 14559
11 11 30 20.1616 0.362583 2.70568 0.473048 7764
11 11 31 20.1603 0.328199 2.74431 0.337328 7622
11 11 32 20.0926 0.397369 2.60066 0.423238 5298
11 11 33 25 -2 0 0 8244
11 11 34 25 -2 0 0 15683
11 11 35 21.0886 0.563022 2.80578 0.485321 4005
11 11 36 20.0386 0.421401 2.78025 0.523142 8672
11 11 37 20.3795 0.390635 2.94333 0.552583 8454
11 11 38 20.3217 0.357959 2.22625 0.52146 7689
11 11 39 21.0663 0.381493 3.43915 0.320077 5124
11 11 40 20.4093 0.375445 2.74181 0.329942 10349
11 11 41 19.7509 0.419711 2.25198 0.457899 7766
11 11 42 21.5156 0.395146 3.00757 0.434428 6413
11 11 43 19.753 0.318758 2.82905 0.37607 11517
11 11 44 20.2033 0.342461 2.20429 0.613601 7502
11 11 45 20.086 0.422916 2.63529 0.413787 7897
11 11 46 20.0208 0.321916 2.96698 0.36882 15932
11 11 47 19.5658 0.537473 2.8461 0.572715 6735
11 11 48 19.888 0.380517 2.98822 0.350809 6149
11 11 49 20.2671 0.402586 3.19485 0.508178 8174
11 11 50 20.0604 0.385625 2.93493 0.499367 4508
11 11 51 20.1552 0.325021 3.12309 0.449306 11627
11 11 52 20.6784 0.384317 2.94719 0.519713 8878
11 11 53 21.4798 0.482148 3.28387 0.37083 3387
11 11 54 19.0381 0.376039 2.74975 0.27602 9034
11 11 55 19.1703 0.392445 2.99598 0.374944 12042
11 11 56 21.455 0.420103 3.28065 0.5802 4668
11 11 57 20.0757 0.414239 3.71739 0.257549 6517
11 11 58 19.3187 0.366333 2.93517 0.383708 9885
11 11 59 19.1704 0.362123 2.75617 0.508809 15976
11 11 60 24.1721 0.474326 3.62634 0.516186 2911
11 11 61 20.4158 0.449167 4.07279 0.244145 8900
11 11 62 18.7922 0.341938 3.32269 0.193869 15260
11 11 63 20.5283 0.377207 3.67703 0.174926 6105
11 12 0 20.4522 0.285081 3.17342 0.389778 18777
11 12 1 19.9436 0.259542 2.91232 0.295351 19110
11 12 2 19.164 0.25914 2.8429 0.353632 21748
11 12 3 19.2141 0.277397 2.65598 0.271171 21197
11 12 4 20.5576 0.307864 3.22465 0.552077 12201
11 12 5 19.9051 0.281153 2.67976 0.399699 17829
11 12 6 20.2471 0.346686 3.53135 0.313692 16963
11 12 7 20.0502 0.2942 3.01261 0.455659 23892
11 12 8 19.8264 0.250897 2.67668 0.486832 17781
11 12 9 19.0228 0.346868 2.89169 0.189524 24703
11 12 10 19.5085 0.298583 3.03847 0.287862 25019
11 12 11 19.4422 0.263769 2.4725 0.44037 17477
11 12 12 19.4134 0.279438 2.76303 0.52667 16131
11 12 13 19.5263 0.306387 2.72347 0.381966 16056
11 12 14 19.5526 0.300721 3.05908 0.376901 17203
11 12 15 19.3441 0.279174 2.55732 0.541994 20712
11 12 16 20.6158 0.296692 3.51725 0.38199 27603
11 12 17 19.1971 0.289304 2.70966 0.359606 16618
11 12 18 19.6985 0.313012 2.8012 0.370768 12329
11 12 19 20.57 0.322069 3.10283 0.339355 16766
11 12 20 19.3258 0.305963 2.54119 0.422112 16667
11 12 21 20.5174 0.280191 3.00207 0.419676 22172
11 12 22 19.5667 0.30509 2.82937 0.171392 22349
11 12 23 19.5925 0.295457 2.50427 0.382072 15814
11 12 24 19.7134 0.340012 2.664 0.491341 12950
11 12 25 19.7391 0.304919 2.87351 0.291904 22661
11 12 26 20.6664 0.285341 2.91227 0.325223 15039
11 12 27 19.4328 0.337186 2.81742 0.584549 14414
11 12 28 19.7385 0.28263 2.6573 0.365293 14244
11 12 29 20.0823 0.276784 2.65982 0.594731 11705
11 12 30 19.2884 0.364362 2.75277 0.328367 17781
11 12 31 19.7343 0.311075 3.02268 0.263014 14693
11 12 32 20.1522 0.250507 2.64823 0.394003 18130
11 12 33 19.7769 0.275939 2.60037 0.34531 16844
11 12 34 19.9247 0.282288 2.72806 0.359496 15541
11 12 35 20.4128 0.279421 2.94851 0.371917 18692
11 12 36 20.4368 0.262331 2.57819 0.345104 15091
11 12 37 19.9325 0.285967 2.58003 0.44652 14871
11 12 38 21.0265 0.300722 3.29086 0.264256 13912
11 12 39 19.9776 0.326949 2.70671 0.517233 14016
11 12 40 20.8557 0.377041 2.69135 0.898335 15735
11 12 41 20.4148 0.265816 2.77248 0.352841 15876
11 12 42 20.2038 0.288634 2.6307 0.403025 13989
11 12 43 20.0732 0.277762 2.60526 0.531752 13480
11 12 44 20.4777 0.271291 2.60909 0.617891 15742
11 12 45 19.7212 0.265043 2.40376 0.381188 16612
11 12 46 20.7569 0.250871 2.62202 0.637951 13516
11 12 47 20.2343 0.346337 3.37099 0.410917 12229
11 12 48 19.9304 0.255979 2.54555 0.320702 15753
11 12 49 19.6367 0.271869 2.5201 0.44779 13773
11 12 50 19.2922 0.31248 2.68504 0.302801 15139
11 12 51 19.5621 0.301973 2.77159 0.674925 9375
11 12 52 19.5257 0.331963 2.63474 0.37677 12557
11 12 53 20.6222 0.304264 2.9485 0.39761 13949
11 12 54 19.6852 0.316746 2.40876 0.528836 14170
11 12 55 19.3243 0.300504 2.70652 0.631078 8968
11 12 56 19.5032 0.307051 2.8854 0.450735 12580
11 12 57 19.3013 0.305574 2.84772 0.423988 12539
11 12 58 19.42 0.28198 2.54735 0.273817 13820
11 12 59 19.0672 0.270872 2.60829 0.433151 13414
11 12 60 19.6063 0.267065 2.73924 0.433325 14214
11 12 61 19.5729 0.320423 3.16938 0.544394 9002
11 12 62 19.1049 0.284708 2.69875 0.724294 10664
11 12 63 18.7287 0.325318 2.81683 0.298992 9661
11 13 0 22.4212 0.456491 3.71478 0.262725 9458
11 13 1 22.4946 0.384839 3.43346 0.312064 7951
11 13 2 22.2789 0.431953 3.41266 0.264625 5638
11 13 3 21.9152 0.56799 2.92684 0.368124 4170
11 13 4 22.4362 0.367228 3.04137 0.401202 6620
11 13 5 22.0105 0.430567 2.82842 0.304902 7311
11 13 6 21.5804 0.602898 3.33956 0.311984 6880
11 13 7 22.5459 0.542169 2.76684 0.512438 4995
11 13 8 20.7018 0.382479 3.12395 0.247835 7929
11 13 9 23.1172 0.497957 3.27457 0.393074 5580
11 13 10 24.1337 0.496438 3.62766 0.432391 4209
11 13 11 22.9276 0.397314 3.30959 0.409492 5097
11 13 12 21.7403 0.38132 2.98067 0.332907 6297
11 13 13 21.9648 0.498338 2.88707 0.593054 5240
11 13 14 22.8415 0.443749 3.73585 0.307927 7093
11 13 15 21.2074 0.892885 3.32316 0.392878 6051
11 13 16 22.8088 0.432621 3.1978 0.365194 5034
11 13 17 22.4507 0.415395 3.47715 0.279213 8343
11 13 18 22.8497 0.475511 2.99591 0.43541 4603
11 13 19 21.9204 0.593619 3.01234 0.388919 3775
11 13 20 23.2646 0.453351 3.36829 0.45291 4166
11 13 21 22.6398 0.426812 3.14728 0.58589 4268
11 13 22 23.1946 0.405329 2.918 0.545051 4674
11 13 23 22.3017 0.445459 2.99399 0.434515 8124
11 13 24 23.1678 0.458804 3.35581 0.358093 6204
11 13 25 24.8564 0.563375 3.3501 0.496253 2759
11 13 26 22.436 0.40118 3.18419 0.287412 11375
11 13 27 22.4185 0.593829 3.06731 0.581593 6020
11 13 28 22.3658 0.441601 2.68822 0.545293 4144
11 13 29 22.9484 0.419705 3.21724 0.316066 9394
11 13 30 22.3618 0.393871 2.69081 0.476642 6494
11 13 31 24.1252 0.548314 3.43158 0.351416 3348
11 13 32 21.3885 0.722686 2.95364 0.485993 5792
11 13 33 22.2897 0.474931 3.19641 0.348972 4534
11 13 34 22.7933 0.424438 3.54332 0.281674 8585
11 13 35 22.3071 0.426152 3.24643 0.354133 6008
11 13 36 23.1622 0.584773 3.42187 0.495187 4385
11 13 37 21.836 0.49352 3.05498 0.425587 8535
11 13 38 22.5842 0.500164 2.98384 0.481217 4203
11 13 39 22.8392 0.689789 3.06537 0.870624 4605
11 13 40 22.2038 0.412297 3.1566 0.252801 7444
11 13 41 21.4132 0.568969 2.98774 0.38093 6260
11 13 42 21.6239 0.521354 3.58891 0.30151 5918
11 13 43 21.2539 0.410845 3.33091 0.252126 10488
11 13 44 22.7506 0.436194 3.27428 0.393875 4704
11 13 45 23.4705 0.502892 3.24391 0.373162 4514
11 13 46 21.5238 0.420548 3.50784 0.14852 12842
11 13 47 22.3192 0.424849 3.2148 0.350635 6960
11 13 48 22.2092 -3 0 0 7154
11 13 49 21.9786 0.438773 3.47769 0.278719 6209
11 13 50 22.111 0.496142 3.03219 0.545722 6589
11 13 51 22.2199 0.392584 3.61918 0.250093 13754
11 13 52 22.0978 0.398041 3.24747 0.333289 11109
11 13 53 21.6845 0.415453 3.38298 0.341137 6890
11 13 54 21.938 0.428884 2.93756 0.490809 8014
11 13 55 22.3354 0.442057 3.39482 0.42213 11658
11 13 56 22.6534 0.471914 3.83337 0.321551 6904
11 13 57 22.3839 0.402401 3.20275 0.448607 10170
11 13 58 22.5369 0.81423 3.19826 0.519704 5974
11 13 59 20.373 0.3826 3.14445 0.27017 13907
11 13 60 21.2061 0.54006 3.42415 0.496192 6230
11 13 61 22.2649 0.451428 4.01153 0.239524 11068
11 13 62 21.1144 0.547488 3.69587 0.551293 10083
11 13 63 20.5195 0.519302 3.72651 0.245582 9715
11 14 0 19.7994 0.353683 3.24812 0.235606 12525
11 14 1 19.4463 0.416854 3.11947 0.263368 12701
11 14 2 19.6118 0.403559 2.94682 0.267118 13289
11 14 3 21.1812 0.376206 3.1808 0.308284 11941
11 14 4 20.0147 0.363194 2.34688 0.373136 10292
11 14 5 20.0681 0.378643 2.42232 0.65662 11612
11 14 6 20.6987 0.36934 2.84781 0.364685 10769
11 14 7 20.2702 0.381711 3.27931 0.261015 14380
11 14 8 19.7407 0.437859 2.77406 0.422763 11565
11 14 9 20.272 0.346813 3.1138 0.254611 15340
11 14 10 20.6196 0.35369 3.11795 0.25511 15598
11 14 11 19.8851 0.436725 2.32608 0.596299 9956
11 14 12 19.8162 0.442491 2.54895 0.473174 9530
11 14 13 20.1076 0.390838 2.88921 0.247089 11722
11 14 14 20.8101 0.43381 3.0489 0.364882 10157
11 14 15 18.8703 0.593949 2.64806 0.561331 8838
11 14 16 19.9925 0.39722 3.49133 0.333025 16060
11 14 17 20.4374 0.366146 2.65121 0.357495 9022
11 14 18 19.6862 0.474347 2.95123 0.206205 11005
11 14 19 20.7927 0.379262 2.91121 0.246854 13170
11 14 20 19.8163 0.546568 2.51041 0.829136 8613
11 14 21 19.6676 0.38354 3.14965 0.292877 14754
11 14 22 19.701 0.542948 2.928 0.286108 12812
11 14 23 20.5551 0.487346 2.91777 0.519608 6301
11 14 24 20.5811 0.367211 2.47663 0.52909 10945
11 14 25 20.4343 0.4121 2.91773 0.206047 11743
11 14 26 20.5257 0.405218 2.86757 0.292164 8719
11 14 27 20.4358 0.394082 2.70694 0.354093 9872
11 14 28 20.208 0.384145 2.63844 0.250861 10511
11 14 29 19.9172 0.395286 2.37287 0.517296 7023
11 14 30 20.9266 0.406524 2.76172 0.389549 8799
11 14 31 0 -10 0 0 0
11 14 32 20.4942 0.496615 2.65816 0.418661 6936
11 14 33 20.7365 0.354342 2.40449 0.385819 8977
11 14 34 20.4814 0.445711 2.83243 0.395141 8524
11 14 35 20.7116 0.49257 3.11593 0.283283 9665
11 14 36 20.2524 0.39795 2.31459 0.314894 8716
11 14 37 20.9584 0.39742 2.57772 0.42024 7717
11 14 38 20.0897 0.523626 2.95272 0.523149 6747
11 14 39 20.7388 0.4937 2.22844 0.749229 7600
11 14 40 20.4811 0.332822 2.32249 0.47924 8167
11 14 41 20.8366 0.376793 2.24236 0.521842 8474
11 14 42 20.153 0.476852 2.43694 0.433841 6006
11 14 43 20.3374 0.483199 2.29956 0.380378 7972
11 14 44 20.3371 0.480826 2.7318 0.392564 8111
11 14 45 19.9462 0.408907 2.66631 0.282074 6272
11 14 46 19.9973 0.640174 2.52294 0.521502 7991
11 14 47 19.2084 0.59031 3.40124 0.265128 6994
11 14 48 19.474 0.615596 2.73789 0.442579 5471
11 14 49 20.0501 0.579727 2.32503 0.59088 7408
11 14 50 20.4055 0.38879 2.5779 0.366799 7218
11 14 51 19.6946 0.481957 2.82099 0.410108 5517
11 14 52 19.4307 0.436098 2.28325 0.506097 5920
11 14 53 20.18 0.52159 2.8766 0.468279 7409
11 14 54 19.6818 0.563065 2.56528 0.311462 7176
11 14 55 19.9975 0.487184 2.82588 0.327138 4945
11 14 56 20.3721 0.616101 2.61559 0.520644 7297
11 14 57 20.0596 0.552981 2.34902 0.63981 5687
11 14 58 19.3548 0.383433 2.39503 0.416028 5583
11 14 59 19.6597 0.423729 2.982 0.310286 5774
11 14 60 20.4186 0.530854 2.53907 0.51188 7119
11 14 61 19.8825 0.369413 2.59742 0.535436 5576
11 14 62 19.8685 0.543637 2.63877 0.556956 5687
11 14 63 18.9414 0.379329 2.27712 0.408198 5849
11 15 0 21.7336 0.526338 3.43529 0.279183 5574
11 15 1 22.4682 0.52171 3.01863 0.307652 4812
11 15 2 22.6569 0.571514 2.58203 0.411264 4607
11 15 3 21.2072 0.782708 3.11696 0.331501 3047
11 15 4 21.9627 0.471431 2.72341 0.308799 4118
11 15 5 21.6415 0.510649 2.43884 0.392828 4216
11 15 6 22.7821 0.791516 2.57985 0.543766 2835
11 15 7 21.9822 0.583588 2.85489 0.325863 3465
11 15 8 22.5891 0.568109 3.1007 0.259616 4340
11 15 9 21.7033 0.866523 2.43576 0.413368 3980
11 15 10 21.6404 0.70185 2.44801 0.428101 3801
11 15 11 21.0063 0.734783 2.70657 0.405708 5004
11 15 12 22.5329 0.556019 2.61629 0.392114 3614
11 15 13 21.22 0.583406 2.47018 0.402448 2722
11 15 14 22.0322 0.64617 3.00315 0.387055 4223
11 15 15 20.836 0.563082 2.53656 0.380989 3950
11 15 16 21.0649 0.577072 3.25687 0.249836 3518
11 15 17 22.0064 0.50428 3.06629 0.317773 3546
11 15 18 22.5881 0.508839 2.78223 0.375747 2638
11 15 19 22.7462 0.486632 2.94898 0.359466 3525
11 15 20 23.2944 0.519555 3.14543 0.364491 3021
11 15 21 22.3256 0.487358 2.97425 0.2856 4083
11 15 22 21.5457 0.624607 2.83788 0.331574 3719
11 15 23 21.9608 0.556078 2.89362 0.241956 4900
11 15 24 23.2619 0.524501 2.83719 0.521562 3454
11 15 25 21.5625 0.799655 2.88881 0.372977 3700
11 15 26 22.2938 0.63169 3.20932 0.332704 3960
11 15 27 22.2725 0.569565 2.41824 0.419806 3897
11 15 28 22.2076 0.551375 2.41409 0.443937 2954
11 15 29 22.0155 0.449166 2.83546 0.307205 5089
11 15 30 22.9418 0.474328 2.8038 0.355392 3130
11 15 31 22.424 0.491006 2.87086 0.250535 3714
11 15 32 22.9101 0.533898 2.89902 0.299629 2563
11 15 33 21.8594 0.708607 2.55939 0.369024 3123
11 15 34 24.4828 0.631019 3.71376 0.301593 4340
11 15 35 22.1983 0.688008 3.32175 0.350945 2837
11 15 36 22.1107 0.641638 2.72288 0.367873 4094
11 15 37 21.4429 0.909699 2.57144 0.361254 5616
11 15 38 21.5834 0.564541 2.91003 0.362376 4761
11 15 39 22.4947 0.517786 3.59656 0.193525 4954
11 15 40 22.3475 0.554092 3.18163 0.261193 4512
11 15 41 22.3104 0.646958 2.76505 0.411117 4386
11 15 42 22.0055 0.566579 3.22509 0.366325 3324
11 15 43 21.6314 0.466787 2.79023 0.330875 6008
11 15 44 22.8804 0.541683 2.86391 0.281425 3820
11 15 45 21.5814 0.556427 2.87015 0.354826 4387
11 15 46 21.7041 0.661448 3.49367 0.241543 4971
11 15 47 23.1 0.545584 3.4122 0.306759 3023
11 15 48 22.4681 0.543594 2.89001 0.284528 4640
11 15 49 21.7916 0.547915 3.24487 0.202123 5293
11 15 50 22.4488 0.733056 2.58163 0.428176 4652
11 15 51 21.9543 0.496368 3.2 0.285612 7785
11 15 52 22.0849 0.546629 2.56899 0.626851 5883
11 15 53 20.8745 0.75211 2.94916 0.435456 4234
11 15 54 22.1168 0.566543 2.79138 0.337365 3765
11 15 55 21.2931 0.509389 3.17572 0.290533 6903
11 15 56 21.2595 0.538902 3.164 0.220174 6642
11 15 57 21.1615 0.52782 3.15736 0.230143 7127
11 15 58 21.8001 0.554036 2.78907 0.38628 3797
11 15 59 21.8163 0.472338 3.23308 0.310824 6637
11 15 60 21.4767 0.550114 3.02983 0.381167 3959
11 15 61 21.7662 0.534016 3.76564 0.236544 6868
11 15 62 21.4361 0.513821 3.07632 0.396589 7295
11 15 63 21.0421 0.579177 2.79848 0.348271 6014
12 0 0 36.742 0.665928 5.11615 0.175623 3267
12 0 1 38.6688 0.694464 5.5077 0.283917 3178
12 0 2 37.3929 0.753844 5.87399 0.186438 3617
12 0 3 39.0782 0.76757 6.02896 0.208808 3453
12 0 4 37.8529 0.677245 5.4712 0.217847 3132
12 0 5 37.3702 0.848907 4.88727 0.275924 2883
12 0 6 36.9041 0.723688 5.50102 0.195847 3097
12 0 7 38.3015 0.729093 5.47628 0.224364 2732
12 0 8 36.0113 0.931934 4.69112 0.435643 2731
12 0 9 37.6387 0.853437 6.24074 0.239226 3353
12 0 10 33.9121 0.960611 3.8773 0.463537 228
12 0 11 37.4036 0.761001 6.19182 0.224416 3726
12 0 12 38.5405 1.02214 5.44051 0.3774 3567
12 0 13 0 -10 0 0 0
12 0 14 0 -10 0 0 0
12 0 15 43.21 3.43217 10.6874 0.403607 214
12 0 16 0 -10 0 0 0
12 0 17 0 -10 0 0 0
12 0 18 38.9269 0.781429 6.49596 0.150694 3735
12 0 19 37.1047 0.696047 5.70549 0.219945 3421
12 0 20 0 -10 0 0 0
12 0 21 38.254 0.745933 6.34916 0.123817 3487
12 0 22 37.9986 0.767386 6.19141 0.210456 4097
12 0 23 38.5412 0.77716 5.77837 0.178695 3827
12 0 24 0 -10 0 0 0
12 0 25 35.4729 0.669285 5.2203 0.17854 3645
12 0 26 39.2601 0.860402 5.38133 0.249227 3987
12 0 27 38.9225 0.721819 4.90194 0.292716 3482
12 0 28 36.4303 0.785244 5.38784 0.183085 3911
12 0 29 35.1272 0.721629 5.6735 0.171141 4779
12 0 30 38.8297 0.74172 5.47836 0.177412 3435
12 0 31 39.6409 0.951692 5.42896 0.344155 3867
12 0 32 38.8859 0.786029 5.63858 0.261948 4138
12 0 33 39.2222 0.781753 5.79952 0.185319 3904
12 0 34 39.3832 0.89258 5.73103 0.267847 3905
12 0 35 34.9164 0.975807 5.34522 0.335378 5169
12 0 36 38.3975 0.73118 5.46838 0.253037 4018
12 0 37 39.6493 0.825791 5.88676 0.142874 4735
12 0 38 38.9207 0.753364 5.62177 0.183261 4158
12 0 39 37.3801 0.698331 5.25933 0.259237 3979
12 0 40 36.3975 0.746205 5.80788 0.133234 4529
12 0 41 37.8339 0.687902 5.69484 0.246446 4132
12 0 42 38.3006 0.744656 5.63361 0.184137 4686
12 0 43 37.3738 0.707066 5.96194 0.201999 5020
12 0 44 38.8938 0.722415 5.54866 0.225526 4496
12 0 45 36.2908 0.940036 5.1082 0.422853 4190
12 0 46 37.0664 0.761351 5.7311 0.141788 5824
12 0 47 35.3371 0.74803 5.38035 0.155485 5941
12 0 48 38.903 0.769268 5.3436 0.301002 3557
12 0 49 37.4493 0.767917 6.63341 0.239317 7016
12 0 50 39.7797 0.726694 5.5628 0.23177 4704
12 0 51 38.4261 0.810242 5.07995 0.26532 4688
12 0 52 37.5117 0.712862 5.71059 0.188803 6330
12 0 53 36.8935 0.819043 5.77756 0.145011 6876
12 0 54 36.2274 0.716082 6.02696 0.13197 4906
12 0 55 39.0056 0.926523 5.38555 0.260142 5668
12 0 56 37.9651 0.743824 5.45786 0.155475 4575
12 0 57 38.4372 0.767688 5.60638 0.219973 5843
12 0 58 35.9291 0.649866 5.54238 0.118797 5484
12 0 59 37.1536 0.748787 5.38903 0.20952 5046
12 0 60 0 -10 0 0 0
12 0 61 38.7123 0.839905 5.88242 0.151254 7853
12 0 62 36.4829 0.801715 6.27403 0.308599 6691
12 0 63 35.4727 0.704124 6.06718 0.115417 7347
12 1 0 32.9486 0.587784 5.61819 0.125301 7105
12 1 1 31.2628 0.560987 5.27615 0.210471 8536
12 1 2 33.1838 0.599755 5.54072 0.144727 7287
12 1 3 34.0032 0.686306 6.2837 0.139422 8515
12 1 4 30.7963 0.644195 4.53949 0.348234 7103
12 1 5 31.6892 0.662921 5.54232 0.25097 8467
12 1 6 34.4448 0.65772 5.65826 0.150955 7632
12 1 7 33.2104 0.613041 5.88742 0.188475 7010
12 1 8 32.7437 0.624481 6.11341 0.122765 8011
12 1 9 33.201 0.57406 4.89017 0.222318 5733
12 1 10 33.4177 0.673828 5.37415 0.185984 7825
12 1 11 0 -10 0 0 0
12 1 12 32.971 0.640007 5.9947 0.176889 8388
12 1 13 0 -10 0 0 0
12 1 14 34.3484 0.685084 5.96752 0.137726 7447
12 1 15 33.1563 0.716656 4.91553 0.272831 6900
12 1 16 32.4588 0.696054 5.57693 0.169925 9189
12 1 17 33.7599 0.646064 6.19617 0.146397 6662
12 1 18 32.3806 0.583893 5.22997 0.196881 6233
12 1 19 34.1808 0.626203 5.56008 0.202341 5512
12 1 20 0 -10 0 0 0
12 1 21 33.1983 0.600747 4.94535 0.267678 5363
12 1 22 33.0924 0.624182 4.95525 0.319483 6199
12 1 23 32.5845 0.610733 5.20496 0.159442 5250
12 1 24 31.0822 0.543269 5.00713 0.212858 6226
12 1 25 31.7086 0.582548 5.56886 0.16336 4926
12 1 26 32.3751 0.585528 5.02992 0.228967 5933
12 1 27 31.2089 0.788672 6.9235 0.297449 5510
12 1 28 33.405 0.616972 5.00492 0.195792 5610
12 1 29 35.3565 0.69016 5.63924 0.288151 3909
12 1 30 34.8762 0.609286 5.26686 0.293624 3296
12 1 31 32.0107 0.585091 5.28909 0.227364 4635
12 1 32 30.674 0.535753 4.76508 0.22112 5579
12 1 33 32.5904 0.626513 4.71374 0.213553 5120
12 1 34 34.3929 0.692077 5.65411 0.171336 5719
12 1 35 33.4984 0.700151 5.67513 0.231302 4777
12 1 36 33.396 0.612376 5.58159 0.184867 4794
12 1 37 32.984 0.566977 4.85504 0.163631 5151
12 1 38 30.1252 0.64991 5.94619 0.100362 7009
12 1 39 34.0918 0.666965 5.32974 0.252727 4526
12 1 40 33.2135 0.624111 4.93953 0.422383 4380
12 1 41 32.6766 0.567326 5.32084 0.237497 4777
12 1 42 33.7455 0.607418 5.72381 0.184433 4265
12 1 43 33.352 0.565306 4.79282 0.230309 4481
12 1 44 31.7558 0.618474 4.79054 0.279076 4336
12 1 45 32.4232 0.616393 5.2912 0.203298 5151
12 1 46 32.7691 0.539324 4.49238 0.492419 4475
12 1 47 31.8807 0.644319 5.25287 0.221801 5486
12 1 48 32.8288 0.650926 5.49751 0.26787 4046
12 1 49 32.9171 0.613593 4.92103 0.242365 4278
12 1 50 33.63 0.725084 5.06147 0.31454 3272
12 1 51 32.3883 0.665531 4.22559 0.630898 3668
12 1 52 31.8882 0.626478 4.71192 0.305124 4069
12 1 53 31.2524 0.611427 5.10846 0.191508 4354
12 1 54 32.467 0.694946 5.08705 0.237412 3589
12 1 55 31.8647 0.575201 4.90774 0.280666 3467
12 1 56 30.2522 0.568486 4.89753 0.301044 4666
12 1 57 30.5265 0.659954 5.1397 0.247042 3949
12 1 58 31.4999 0.557259 4.46143 0.425355 3835
12 1 59 31.8742 0.620638 5.12011 0.258914 4351
12 1 60 35.3595 0.693471 5.1624 0.228396 3489
12 1 61 31.9988 0.59895 5.12841 0.293243 4406
12 1 62 31.3405 0.483885 4.16368 0.666555 4514
12 1 63 0 -10 0 0 0
12 2 0 37.073 0.661558 6.59382 0.156291 8551
12 2 1 36.1595 0.579022 5.66331 0.246582 7168
12 2 2 39.48 0.6669 5.66937 0.154862 6195
12 2 3 34.8727 0.606041 5.52835 0.181762 7308
12 2 4 36.8538 0.617639 5.4182 0.178311 5458
12 2 5 38.5539 0.731599 5.92569 0.169919 8390
12 2 6 36.0228 0.620659 5.76418 0.189733 5278
12 2 7 38.3901 0.66953 5.33946 0.203692 7312
12 2 8 37.8864 0.654011 5.76188 0.142797 6688
12 2 9 38.7544 0.594198 5.7402 0.151054 5974
12 2 10 36.7828 0.712955 6.47626 0.200108 6025
12 2 11 38.2047 0.647937 6.09855 0.266593 4361
12 2 12 35.9735 0.599613 5.77043 0.162932 5026
12 2 13 38.9888 0.766125 5.41714 0.240108 5699
12 2 14 37.8521 0.698582 5.98333 0.228703 5014
12 2 15 39.2791 0.740496 5.34133 0.30687 4668
12 2 16 35.4836 0.614126 5.42227 0.214134 5350
12 2 17 35.8142 0.591945 5.28536 0.296619 4595
12 2 18 37.5987 0.675353 5.93861 0.166019 5809
12 2 19 35.8845 0.62405 5.48206 0.202526 5308
12 2 20 35.408 0.6302 5.16386 0.235005 5923
12 2 21 38.2568 0.62762 5.62801 0.160826 6574
12 2 22 37.8994 0.680852 5.86344 0.174756 9301
12 2 23 38.6451 0.629773 5.79664 0.189083 5646
12 2 24 38.6158 0.789254 5.68582 0.215695 4912
12 2 25 35.9941 0.60385 5.01501 0.197533 4878
12 2 26 0 -10 0 0 0
12 2 27 38.2451 0.619583 5.31835 0.229417 5881
12 2 28 37.8414 0.70552 5.63791 0.185945 7030
12 2 29 37.6531 0.647854 5.5101 0.228732 5173
12 2 30 37.2173 0.655754 5.48756 0.237401 8885
12 2 31 38.8724 0.633046 5.7684 0.111443 5496
12 2 32 37.3191 0.69089 6.31809 0.212511 5452
12 2 33 38.9272 0.670781 5.75649 0.16133 6530
12 2 34 35.2376 0.654764 5.9749 0.244263 5459
12 2 35 38.7284 0.701856 6.02513 0.195898 5676
12 2 36 35.1125 0.700022 5.34875 0.209997 7217
12 2 37 36.479 0.673042 5.17609 0.231101 4354
12 2 38 35.9645 0.638314 5.56477 0.205679 6216
12 2 39 37.9276 0.70328 6.06089 0.245702 6042
12 2 40 39.4263 0.777235 6.0331 0.196963 7761
12 2 41 36.8195 0.64266 5.45221 0.179595 7046
12 2 42 36.0772 0.660853 5.95504 0.141475 6415
12 2 43 37.5817 0.7054 5.37809 0.240318 6590
12 2 44 0 -10 0 0 0
12 2 45 0 -10 0 0 0
12 2 46 36.3062 0.634758 5.11999 0.235318 4556
12 2 47 36.6084 0.631504 6.07019 0.155039 4760
12 2 48 36.0904 0.732732 5.60067 0.321316 5196
12 2 49 37.8509 0.679963 5.84708 0.205475 4502
12 2 50 39.6695 0.776678 5.59653 0.242826 4485
12 2 51 37.9755 0.680843 5.37669 0.164084 5427
12 2 52 34.9125 0.728942 6.00929 0.222783 5419
12 2 53 37.0163 0.764238 5.37207 0.225621 6797
12 2 54 38.6151 0.744798 6.02886 0.127058 5849
12 2 55 36.3412 0.682397 5.40622 0.227353 7201
12 2 56 35.9462 0.718282 7.11287 0.11897 7654
12 2 57 39.4371 0.649481 5.93482 0.206054 8064
12 2 58 38.3289 0.771941 6.12833 0.26165 7593
12 2 59 35.8344 0.661357 5.22564 0.213425 5013
12 2 60 36.6233 0.755287 5.93026 0.246365 6727
12 2 61 37.8451 0.68562 5.65065 0.238473 5549
12 2 62 34.651 0.683068 5.36698 0.163628 5925
12 2 63 37.3064 0.691706 5.55725 0.187432 6152
12 3 0 29.8162 0.509204 5.3799 0.4073 11011
12 3 1 27.7425 0.448451 4.51004 0.230007 11546
12 3 2 27.0017 0.431652 4.09429 0.331808 11443
12 3 3 27.301 0.478748 4.18276 0.339424 11764
12 3 4 25.2215 0.371157 3.90525 0.235306 14881
12 3 5 26.3115 0.444824 4.58051 0.265051 12196
12 3 6 28.2037 0.476959 5.02831 0.166883 12565
12 3 7 27.9612 0.463669 5.40177 0.200039 11190
12 3 8 25.8003 0.444486 5.05468 0.16214 13337
12 3 9 28.4475 0.502522 4.45633 0.525582 11976
12 3 10 24.4775 0.527535 4.71784 0.362062 15520
12 3 11 26.5026 0.397024 4.74921 0.178355 15456
12 3 12 27.9468 0.464061 4.73311 0.268485 12491
12 3 13 29.4382 0.525548 5.08879 0.240944 12908
12 3 14 0 -10 0 0 0
12 3 15 27.9283 0.454248 4.93031 0.225954 12973
12 3 16 25.6096 0.418527 4.61688 0.211194 18274
12 3 17 26.5759 0.442465 4.39074 0.246632 11828
12 3 18 25.88 0.395316 4.46362 0.203928 12144
12 3 19 26.1128 0.432479 4.24863 0.271476 11385
12 3 20 26.4916 0.414258 4.21469 0.305432 12387
12 3 21 26.9158 0.532063 4.98846 0.609515 13603
12 3 22 28.7472 0.4201 4.76394 0.171446 9927
12 3 23 30.3115 0.465389 4.3894 0.313328 8370
12 3 24 0 -10 0 0 0
12 3 25 27.8124 0.515457 4.45448 0.423287 12163
12 3 26 28.8408 0.43987 4.56441 0.249386 10156
12 3 27 26.0552 0.413351 4.44953 0.238555 12102
12 3 28 25.5262 0.42204 4.45376 0.2749 11849
12 3 29 0 -10 0 0 0
12 3 30 0 -10 0 0 0
12 3 31 26.3236 0.406042 4.48834 0.18641 11020
12 3 32 29.6268 0.454376 5.21733 0.235526 10910
12 3 33 26.6135 0.451899 4.43645 0.248123 10779
12 3 34 27.2202 0.447333 4.14894 0.314704 11121
12 3 35 25.4973 0.402656 4.44938 0.267393 12169
12 3 36 0 -10 0 0 0
12 3 37 26.4031 0.40926 4.10945 0.328325 12335
12 3 38 0 -10 0 0 0
12 3 39 34.207 0.574413 6.36289 0.193773 8342
12 3 40 27.7462 0.425221 4.90496 0.284256 12019
12 3 41 27.7863 0.525913 4.50907 0.33481 11494
12 3 42 28.9871 0.425093 4.64405 0.282287 9452
12 3 43 26.4639 0.431217 4.16395 0.324798 10732
12 3 44 27.9772 0.462074 4.11176 0.337171 12260
12 3 45 26.6085 0.44242 4.12607 0.341369 11224
12 3 46 27.186 0.415773 4.5019 0.282895 12493
12 3 47 28.0388 0.446739 5.66471 0.123943 10839
12 3 48 26.9734 0.406532 4.61175 0.258181 11799
12 3 49 27.4736 0.45727 5.14818 0.163171 9753
12 3 50 27.2779 0.42592 5.02799 0.378669 12653
12 3 51 25.9992 0.386513 4.41239 0.27556 11470
12 3 52 26.9337 0.395918 4.19626 0.206106 10331
12 3 53 25.7941 0.368697 4.05668 0.306701 11941
12 3 54 28.045 0.464012 4.97759 0.224824 11191
12 3 55 27.7998 0.441934 4.83296 0.232197 10613
12 3 56 26.605 0.427113 5.07226 0.173845 11786
12 3 57 30.9594 0.507898 5.43304 0.2071 9638
12 3 58 26.7713 0.450077 4.58443 0.236481 12235
12 3 59 28.398 0.470315 4.31853 0.290868 9331
12 3 60 26.7011 0.47642 4.38516 0.258735 10862
12 3 61 27.5467 0.408249 4.73367 0.355235 9726
12 3 62 23.9882 0.451762 4.31179 0.209432 11893
12 3 63 26.4062 0.419313 4.75626 0.222432 9895
12 4 0 34.5372 0.811815 5.35954 0.15571 8468
12 4 1 33.1709 0.759415 5.22435 0.151628 7239
12 4 2 34.496 0.721248 5.67731 0.106725 5831
12 4 3 34.4692 0.733677 5.53054 0.096825 5734
12 4 4 35.8611 0.884364 4.8008 0.454342 5223
12 4 5 37.7529 0.822823 5.99901 0.112004 8307
12 4 6 33.6132 0.642293 5.04757 0.226983 3940
12 4 7 36.2557 0.940279 5.30763 0.237692 7865
12 4 8 36.2068 0.784792 6.3267 0.0972567 6691
12 4 9 36.6838 0.79544 5.31815 0.146357 6296
12 4 10 34.3534 0.724983 5.33159 0.21032 6368
12 4 11 34.1886 0.696496 5.04856 0.258263 4437
12 4 12 34.2416 0.742435 5.45843 0.154403 4238
12 4 13 34.6511 0.820664 5.79967 0.139838 5790
12 4 14 36.1675 0.838895 5.55425 0.230906 5515
12 4 15 34.3825 0.737652 4.89286 0.212223 4171
12 4 16 35.5767 0.796775 5.64972 0.283489 5268
12 4 17 33.4046 0.768258 4.91634 0.222727 4015
12 4 18 33.7947 0.750213 5.78718 0.146139 5397
12 4 19 34.3316 0.72993 5.23262 0.158124 4391
12 4 20 35.8145 0.717975 5.47772 0.168364 4404
12 4 21 36.6339 0.848384 5.07914 0.224215 6279
12 4 22 36.1789 0.803352 5.80001 0.13159 7194
12 4 23 0 -10 0 0 0
12 4 24 33.4674 0.746621 4.93738 0.228037 4195
12 4 25 33.3097 0.792763 5.10885 0.198749 4229
12 4 26 0 -10 0 0 0
12 4 27 35.0946 0.729523 5.47291 0.153124 5184
12 4 28 35.4944 0.754588 5.19991 0.217552 6322
12 4 29 34.8442 0.675293 5.13761 0.215229 3937
12 4 30 35.0164 0.727506 5.49047 0.209911 6487
12 4 31 36.6117 0.720497 5.19301 0.180944 4172
12 4 32 35.9212 0.81217 4.75443 0.243125 3517
12 4 33 33.9784 1.25312 5.89573 0.374558 5196
12 4 34 35.8037 0.763709 4.84458 0.257946 3072
12 4 35 0 -10 0 0 0
12 4 36 32.9139 0.720147 5.03563 0.236109 5055
12 4 37 33.1428 0.680777 4.61753 0.325512 3902
12 4 38 35.5487 0.704759 5.13747 0.353654 3539
12 4 39 34.4629 0.991224 5.62254 0.203035 3727
12 4 40 37.784 0.779421 6.0576 0.16847 5752
12 4 41 34.4674 0.763454 5.26683 0.238662 5247
12 4 42 34.3846 0.782912 5.66287 0.232882 5065
12 4 43 35.7961 0.745969 5.44959 0.23205 3920
12 4 44 34.1343 0.70399 5.35669 0.165816 4255
12 4 45 33.6073 0.684398 5.31759 0.202635 3868
12 4 46 32.8854 0.743788 4.61333 0.290845 3479
12 4 47 34.4881 0.727573 4.89932 0.377527 3335
12 4 48 35.3909 0.769944 5.44854 0.302681 3254
12 4 49 34.5438 0.746642 5.48719 0.198194 2825
12 4 50 35.7156 0.798156 4.95433 0.239241 3110
12 4 51 35.4007 0.871664 5.43391 0.221714 3371
12 4 52 36.1855 0.803886 5.0842 0.326372 2965
12 4 53 34.6074 0.784702 5.31446 0.247964 3737
12 4 54 34.9157 0.792278 5.57972 0.174672 3945
12 4 55 35.7351 0.717059 5.02498 0.424495 3922
12 4 56 35.06 0.752406 5.92333 0.12173 4942
12 4 57 37.336 0.867093 6.44292 0.142463 4922
12 4 58 36.3245 1.05859 5.32807 0.330693 5894
12 4 59 35.2091 0.735139 4.84684 0.156696 3089
12 4 60 33.5851 0.668841 5.19981 0.246274 4466
12 4 61 34.3561 0.772625 5.67811 0.21331 3682
12 4 62 32.9604 0.725154 5.04317 0.213135 3533
12 4 63 35.2412 0.737492 5.28362 0.171928 3926
12 5 0 39.2472 0.776282 6.70046 0.131472 4824
12 5 1 37.6518 0.71574 5.57885 0.259009 4915
12 5 2 39.8704 0.766734 5.26377 0.28594 4897
12 5 3 39.018 1.0166 5.80977 0.354879 4776
12 5 4 36.4786 0.749673 5.33137 0.19384 5936
12 5 5 36.0396 0.759086 5.9055 0.178846 5304
12 5 6 38.94 0.769942 6.31726 0.214785 4939
12 5 7 38.3134 0.701497 5.80183 0.150559 4744
12 5 8 39.4996 0.721784 6.72956 0.157467 4751
12 5 9 38.2485 0.647161 5.72559 0.224109 4944
12 5 10 38.4842 0.672366 5.52304 0.185747 4891
12 5 11 38.2373 0.716279 5.64882 0.286274 4950
12 5 12 38.8651 0.765863 5.6684 0.159508 5055
12 5 13 38.2896 0.648565 6.19209 0.186144 5316
12 5 14 36.8976 0.739954 5.83642 0.148947 6321
12 5 15 38.3333 0.74197 5.78347 0.209286 6665
12 5 16 39.542 0.771213 5.95987 0.192707 6027
12 5 17 39.3159 0.715429 5.64128 0.176844 5602
12 5 18 36.0615 0.674298 5.70598 0.184154 5772
12 5 19 38.6231 0.756567 5.35321 0.229676 5567
12 5 20 37.2434 0.729574 5.41795 0.269369 5865
12 5 21 39.4755 0.734704 6.22604 0.130647 5226
12 5 22 0 -10 0 0 0
12 5 23 35.9649 0.685736 5.16169 0.181332 6153
12 5 24 40.7344 0.813002 6.1347 0.201743 5318
12 5 25 36.553 0.680764 5.52732 0.212797 6769
12 5 26 36.5898 0.647076 5.52667 0.162542 5840
12 5 27 40.002 0.686193 6.02296 0.172862 5460
12 5 28 37.5348 0.720624 5.4942 0.173293 6147
12 5 29 0 -10 0 0 0
12 5 30 0 -10 0 0 0
12 5 31 38.8016 0.762695 5.28727 0.189861 6422
12 5 32 36.8457 0.759019 5.70954 0.156851 8177
12 5 33 37.8378 0.634595 5.8899 0.176264 5766
12 5 34 38.544 0.709058 5.39841 0.134364 6248
12 5 35 39.8499 0.747264 5.83657 0.236888 6089
12 5 36 0 -10 0 0 0
12 5 37 37.6993 0.7067 5.53944 0.202738 6531
12 5 38 0 -10 0 0 0
12 5 39 0 -10 0 0 0
12 5 40 0 -10 0 0 0
12 5 41 39.471 0.730692 6.52886 0.1804 6844
12 5 42 0 -10 0 0 0
12 5 43 36.3151 0.659587 5.12838 0.234411 6733
12 5 44 38.4297 0.698534 5.63923 0.142749 7033
12 5 45 37.9624 0.814418 5.73752 0.178487 6476
12 5 46 38.7397 0.723126 5.73592 0.135667 8567
12 5 47 38.9097 0.819102 6.187 0.21941 10569
12 5 48 36.2656 0.743065 6.07784 0.139138 9541
12 5 49 37.8363 0.736078 6.57789 0.103478 8638
12 5 50 38.0776 0.801103 5.38299 0.263201 9581
12 5 51 37.9188 0.791419 6.34581 0.122881 8410
12 5 52 37.3174 0.679406 5.34711 0.163683 6867
12 5 53 38.363 0.687639 5.45419 0.175426 7101
12 5 54 38.4685 0.785605 5.72619 0.165333 9269
12 5 55 37.024 0.683698 6.42215 0.0647607 8157
12 5 56 38.2679 0.775428 5.69497 0.174347 7924
12 5 57 39.8126 0.806435 6.25826 0.124872 7917
12 5 58 38.3207 0.781121 6.36794 0.163374 7741
12 5 59 36.5485 0.693957 6.05851 0.140607 7183
12 5 60 37.8013 0.699824 5.57959 0.218951 6735
12 5 61 36.9338 0.762164 5.2843 0.195005 7373
12 5 62 36.6174 0.757329 5.42037 0.168816 7694
12 5 63 38.0052 0.812916 5.72093 0.181995 12663
12 6 0 37.764 0.935462 5.47055 0.156785 2982
12 6 1 38.1688 1.22898 5.49783 0.206713 3816
12 6 2 33.4589 0.968364 4.77738 0.184245 3646
12 6 3 36.0237 0.953753 4.53555 0.255723 2765
12 6 4 35.8878 1.06595 5.15817 0.194292 2744
12 6 5 37.0789 1.08014 5.97901 0.144243 4494
12 6 6 35.0257 0.965238 5.81335 0.168135 3161
12 6 7 0 -10 0 0 0
12 6 8 36.2296 1.03125 5.14407 0.142233 3373
12 6 9 0 -10 0 0 0
12 6 10 36.8558 1.29741 5.49973 0.228515 3154
12 6 11 37.8649 1.07949 4.82193 0.212904 2250
12 6 12 36.6065 0.933047 5.69084 0.150326 3538
12 6 13 36.2969 1.2511 5.17686 0.207929 4294
12 6 14 36.3849 0.957567 5.72427 0.148838 4344
12 6 15 37.8761 0.997774 6.51827 0.100397 4718
12 6 16 33.0826 1.05797 4.87818 0.220847 3517
12 6 17 36.8 0.889568 5.0443 0.223065 2341
12 6 18 0 -10 0 0 0
12 6 19 36.834 1.00133 4.78661 0.234653 2822
12 6 20 39.194 0.945411 5.95105 0.13537 2745
12 6 21 35.4364 0.851314 5.26556 0.218149 2621
12 6 22 36.5241 0.93661 5.31669 0.150207 2559
12 6 23 35.6486 1.20226 5.33714 0.154096 2628
12 6 24 35.0809 1.03723 5.84568 0.224125 3980
12 6 25 35.1093 0.836812 5.04307 0.210505 2153
12 6 26 35.7911 1.04955 4.82081 0.23196 1807
12 6 27 35.0718 0.898639 5.19611 0.193765 3079
12 6 28 36.7132 1.0355 5.82439 0.168272 2873
12 6 29 38.5122 1.08843 5.40428 0.213365 2421
12 6 30 35.8131 0.822383 4.41235 0.334134 2295
12 6 31 37.2106 0.892788 4.61318 0.212678 2427
12 6 32 33.8607 0.909238 4.7287 0.217777 2440
12 6 33 35.5889 1.36031 4.77348 0.383078 2375
12 6 34 36.1362 0.933616 5.0966 0.165773 2437
12 6 35 36.5076 0.91317 5.07945 0.223383 2009
12 6 36 0 -10 0 0 0
12 6 37 33.7729 0.931085 4.66215 0.245875 2410
12 6 38 37.9976 1.45544 3.33064 0.443404 1956
12 6 39 34.6418 0.945763 5.03469 0.253615 2596
12 6 40 0 -10 0 0 0
12 6 41 32.7196 0.78675 4.66698 0.281026 2439
12 6 42 36.7979 0.981657 5.04324 0.230017 2451
12 6 43 32.81 0.827937 4.57924 0.184985 2380
12 6 44 34.6817 1.3084 4.34761 0.313987 1938
12 6 45 35.899 0.868373 4.36163 0.457336 2004
12 6 46 35.9566 0.981322 4.90691 0.249178 1948
12 6 47 36.455 0.94367 5.08826 0.308868 1790
12 6 48 34.411 0.952678 5.02589 0.179041 2027
12 6 49 35.1085 0.937252 4.71094 0.377991 1500
12 6 50 34.0954 0.980933 4.36185 0.205375 1983
12 6 51 36.1398 0.920379 5.2644 0.206517 2084
12 6 52 36.0493 0.906579 4.83837 0.217421 1529
12 6 53 33.1145 0.763098 4.44683 0.276941 1706
12 6 54 36.5878 0.953828 5.08935 0.258085 2013
12 6 55 34.4775 0.871536 4.78291 0.250547 2440
12 6 56 33.3782 0.999318 4.3631 0.338592 2193
12 6 57 36.0332 0.969426 5.74318 0.208528 1946
12 6 58 34.9432 0.886575 4.58044 0.286849 1660
12 6 59 36.0554 1.03713 4.87078 0.344939 1759
12 6 60 32.6847 0.876265 4.5212 0.318091 1980
12 6 61 32.9287 1.38622 4.76187 0.275697 1895
12 6 62 34.384 0.910679 4.51331 0.328893 2360
12 6 63 34.9169 0.882638 4.72786 0.261781 2057
12 7 0 36.604 0.919973 5.52782 0.190259 2252
12 7 1 35.0929 0.871552 5.05672 0.212237 2849
12 7 2 34.484 1.41466 4.51368 0.415616 2378
12 7 3 33.1096 0.822382 6.30028 0.204538 3047
12 7 4 0 -10 0 0 0
12 7 5 36.4053 0.81467 4.71378 0.291336 2425
12 7 6 36.0419 0.758814 4.60592 0.382194 2900
12 7 7 35.5208 0.940431 4.19809 0.326394 2395
12 7 8 31.7622 2.51203 4.28705 0.336044 2927
12 7 9 34.6891 0.842626 5.02217 0.193192 2865
12 7 10 36.4414 0.821868 5.1846 0.208119 2614
12 7 11 35.4757 0.757479 4.96074 0.249737 2434
12 7 12 34.9971 0.934845 4.68852 0.243845 2688
12 7 13 32.304 0.81824 5.73453 0.106788 3312
12 7 14 35.5889 0.867783 5.00218 0.268314 2582
12 7 15 35.3975 0.863198 5.8273 0.121769 3183
12 7 16 34.3948 0.823618 4.43826 0.446663 3100
12 7 17 35.0144 1.1869 3.8515 0.529771 3153
12 7 18 36.2927 1.00093 5.5814 0.272845 3752
12 7 19 34.5272 0.92185 3.97489 0.441744 3241
12 7 20 34.6804 0.878295 5.80975 0.128204 3460
12 7 21 32.0572 0.730313 5.02705 0.200545 3546
12 7 22 35.6054 0.900031 5.71008 0.187662 2953
12 7 23 35.5562 0.782875 5.49595 0.2038 2482
12 7 24 35.3336 0.80083 5.01847 0.28612 3180
12 7 25 33.274 0.912882 5.3302 0.151885 4217
12 7 26 32.9508 0.845518 4.47583 0.301246 3444
12 7 27 34.8023 0.921919 5.19476 0.244881 3808
12 7 28 34.8526 0.837247 4.53525 0.490211 3088
12 7 29 0 -10 0 0 0
12 7 30 35.7918 0.955944 5.68999 0.208802 2852
12 7 31 33.5953 0.737467 5.24614 0.234538 3667
12 7 32 33.2773 0.816723 4.8375 0.216444 3830
12 7 33 36.1782 0.898765 5.57776 0.126351 3290
12 7 34 34.2604 0.873178 4.92196 0.172219 4317
12 7 35 36.666 0.807622 5.75538 0.191224 3329
12 7 36 34.1265 0.774967 5.47314 0.13483 3287
12 7 37 30.9224 0.838257 5.18622 0.182628 5604
12 7 38 35.0725 0.84871 5.26642 0.150614 4667
12 7 39 0 -10 0 0 0
12 7 40 34.9169 0.865182 4.97099 0.237952 3858
12 7 41 34.9376 0.85563 4.76752 0.239824 3898
12 7 42 35.5004 0.785495 5.19034 0.239736 3938
12 7 43 33.1937 0.795579 5.86131 0.122101 4413
12 7 44 0 -10 0 0 0
12 7 45 0 -10 0 0 0
12 7 46 34.2678 0.903615 6.06218 0.146686 5657
12 7 47 35.8629 0.868283 5.80518 0.12262 7154
12 7 48 36.2055 0.93428 5.80364 0.216489 6342
12 7 49 36.5834 0.839052 5.72398 0.163997 5176
12 7 50 35.131 0.848892 5.51687 0.13907 5701
12 7 51 33.9424 0.890434 5.40836 0.290029 6327
12 7 52 34.9481 0.82119 4.88521 0.181222 4726
12 7 53 37.0281 1.36753 6.47501 0.351395 6555
12 7 54 0 -10 0 0 0
12 7 55 35.6573 0.872156 4.92706 0.204644 5301
12 7 56 0 -10 0 0 0
12 7 57 34.6644 0.796863 5.42159 0.129244 5621
12 7 58 32.8957 0.80061 5.6195 0.1405 5435
12 7 59 0 -10 0 0 0
12 7 60 31.6891 0.711332 4.84561 0.204894 5671
12 7 61 34.0849 0.848659 5.65249 0.387622 4768
12 7 62 34.5442 0.964875 5.07701 0.180854 4861
12 7 63 34.14 0.83336 5.21982 0.32768 5102
12 8 0 36.6601 0.764331 4.96572 0.229876 2362
12 8 1 34.0011 0.740685 5.22046 0.254971 3251
12 8 2 36.7884 0.925274 4.34976 0.54395 2246
12 8 3 33.0602 0.723383 5.9778 0.202841 2742
12 8 4 32.4868 0.804092 4.79136 0.247588 3056
12 8 5 35.1673 0.754746 5.2663 0.17253 3490
12 8 6 34.1801 0.789938 5.08248 0.213457 3649
12 8 7 0 -10 0 0 0
12 8 8 34.7296 0.81648 4.73393 0.364729 3129
12 8 9 33.2781 0.824032 5.19575 0.309732 3457
12 8 10 34.3203 0.741673 4.82906 0.217501 3670
12 8 11 34.8501 0.714525 5.36082 0.166164 3069
12 8 12 33.9817 0.718997 4.94832 0.364736 2960
12 8 13 32.6687 0.75999 4.86239 0.220156 4048
12 8 14 32.6019 0.632871 4.6233 0.325905 3243
12 8 15 36.5627 0.821396 5.07945 0.251665 4445
12 8 16 34.1064 0.817309 4.92755 0.347266 3274
12 8 17 35.949 0.873837 4.60546 0.234921 4230
12 8 18 33.7763 0.743329 5.35165 0.169678 5635
12 8 19 33.1762 0.702326 5.29631 0.144588 4076
12 8 20 34.2974 0.803952 5.11366 0.221438 4407
12 8 21 32.6822 0.735057 5.05279 0.22657 4330
12 8 22 36.131 0.788393 5.222 0.261721 2595
12 8 23 32.9823 0.742239 5.12968 0.31751 2911
12 8 24 35.2072 0.839825 5.74707 0.16079 4210
12 8 25 0 -10 0 0 0
12 8 26 34.8212 0.753033 5.42887 0.154043 3314
12 8 27 35.9714 0.771539 5.8421 0.145026 4096
12 8 28 36.2508 0.682119 4.688 0.398204 2421
12 8 29 34.7406 0.747872 5.39886 0.183873 3558
12 8 30 36.5841 0.82632 5.37481 0.326564 2684
12 8 31 0 -10 0 0 0
12 8 32 33.83 0.663506 4.80296 0.17269 4322
12 8 33 34.3433 0.71357 5.50214 0.186065 3336
12 8 34 34.0272 0.755556 5.64687 0.111289 6814
12 8 35 35.4606 0.771608 5.44358 0.239364 3607
12 8 36 35.0708 0.893468 5.68045 0.287777 2731
12 8 37 34.7263 0.762064 5.25782 0.137863 5680
12 8 38 35.4132 0.81468 5.91994 0.178855 7319
12 8 39 36.804 0.740697 5.28905 0.16003 4667
12 8 40 34.7225 0.736541 5.42757 0.184878 3265
12 8 41 33.2085 0.694409 5.32535 0.135722 4312
12 8 42 33.3496 0.66297 4.68939 0.331114 4689
12 8 43 33.8123 0.7532 5.69 0.134756 4225
12 8 44 35.5866 0.710993 5.16897 0.195459 3235
12 8 45 35.0028 0.797331 4.72153 0.541221 3387
12 8 46 33.7668 0.766568 5.84676 0.087949 7560
12 8 47 33.7342 0.785619 6.10625 0.0659137 9007
12 8 48 37.3144 0.872068 6.07623 0.173603 5021
12 8 49 36.5501 0.771664 6.34 0.11551 4796
12 8 50 35.4145 0.780357 6.08657 0.0997449 5487
12 8 51 35.7693 0.823369 5.69345 0.16546 5567
12 8 52 36.4533 0.764862 5.23074 0.131519 5631
12 8 53 33.648 0.724848 4.98152 0.158529 7245
12 8 54 36.4246 0.682019 4.92937 0.355563 3338
12 8 55 33.2247 0.684045 5.72375 0.117867 6136
12 8 56 36.1655 0.852536 5.431 0.223483 3655
12 8 57 33.7906 0.760648 4.89058 0.301605 6909
12 8 58 34.0821 0.732285 5.15908 0.132322 5655
12 8 59 34.382 0.829373 6.55076 0.128523 4256
12 8 60 32.7885 0.83347 4.80143 0.203522 5463
12 8 61 33.814 0.872426 5.28869 0.232261 4980
12 8 62 34.1962 0.737756 6.25994 0.128534 4390
12 8 63 32.6422 0.690832 5.22397 0.148898 4844
12 9 0 0 -10 0 0 0
12 9 1 33.2593 0.918746 5.4082 0.126269 3961
12 9 2 32.4698 0.793364 4.69892 0.337864 2628
12 9 3 32.6047 0.823698 5.00089 0.254102 2567
12 9 4 31.9854 0.881482 4.62739 0.354604 2691
12 9 5 34.2507 1.02489 6.07163 0.193147 4845
12 9 6 32.4342 0.85169 4.7988 0.293052 2735
12 9 7 0 -10 0 0 0
12 9 8 31.4144 0.846531 5.43867 0.194417 3331
12 9 9 0 -10 0 0 0
12 9 10 0 -10 0 0 0
12 9 11 33.0607 0.853324 4.67965 0.284886 2013
12 9 12 32.3209 0.863679 5.45001 0.178716 3387
12 9 13 34.0134 0.816648 5.76509 0.134205 3500
12 9 14 35.7478 0.876592 6.1886 0.135692 3636
12 9 15 35.5542 1.14175 5.69192 0.215155 4796
12 9 16 31.8056 0.931602 4.27319 0.32375 2743
12 9 17 31.8021 0.826882 4.98444 0.215563 2318
12 9 18 34.7739 0.930156 6.37799 0.145501 3560
12 9 19 34.3488 0.896482 4.221 0.430085 2449
12 9 20 0 -10 0 0 0
12 9 21 31.355 0.869174 5.22369 0.160042 2443
12 9 22 32.8266 0.87555 4.48754 0.335193 1923
12 9 23 33.7499 0.981227 4.75939 0.295427 1972
12 9 24 35.5111 1.12155 5.68589 0.273248 2692
12 9 25 33.1312 0.950169 4.41065 0.34194 1815
12 9 26 32.3565 1.20963 5.04961 0.352427 2034
12 9 27 33.9652 0.783193 5.26394 0.276007 2127
12 9 28 36.243 1.16217 5.25247 0.340241 2240
12 9 29 33.0562 0.985023 4.9576 0.31636 3040
12 9 30 0 -10 0 0 0
12 9 31 36.4317 1.00488 5.34272 0.273487 1848
12 9 32 32.4926 0.827029 4.68268 0.282423 1841
12 9 33 0 -10 0 0 0
12 9 34 30.3028 0.729992 4.31278 0.311141 1948
12 9 35 30.4168 0.735746 4.03529 0.238957 2105
12 9 36 32.3432 0.870782 5.43868 0.229292 2332
12 9 37 32.1689 0.777586 4.68016 0.314336 1792
12 9 38 32.2752 0.721434 4.55624 0.339379 1877
12 9 39 32.619 0.904334 5.16563 0.224557 2715
12 9 40 0 -10 0 0 0
12 9 41 30.9213 0.871217 4.66761 0.336322 1656
12 9 42 32.8379 1.13901 4.93322 0.391973 2220
12 9 43 32.2454 0.904539 4.67778 0.283537 1473
12 9 44 32.0281 0.829646 4.46579 0.332936 1642
12 9 45 33.3884 1.02444 4.73814 0.296318 1940
12 9 46 0 -10 0 0 0
12 9 47 31.686 0.824269 4.39461 0.321835 1647
12 9 48 30.1716 0.919514 4.67468 0.402618 1801
12 9 49 32.7462 1.03357 5.41033 0.274617 1531
12 9 50 0 -10 0 0 0
12 9 51 31.26 0.81137 4.27398 0.344326 1615
12 9 52 31.9833 0.858002 4.9779 0.22941 1427
12 9 53 32.0615 0.833819 5.05855 0.265589 1490
12 9 54 31.913 0.739233 4.86509 0.302663 1554
12 9 55 31.2808 0.785509 4.01172 0.400483 1894
12 9 56 34.6795 1.11137 3.99285 0.366176 1472
12 9 57 33.6292 1.0901 4.7727 0.315528 1803
12 9 58 30.1983 1.12396 4.48798 0.399339 1602
12 9 59 0 -10 0 0 0
12 9 60 33.386 0.877811 4.64235 0.208712 1541
12 9 61 31.8737 0.868934 4.83916 0.276383 1757
12 9 62 30.8211 0.819498 4.99533 0.232913 2242
12 9 63 34.4888 0.783291 4.33179 0.358005 1374
12 10 0 38.5456 0.668973 6.06409 0.232457 5028
12 10 1 36.9978 0.67684 5.9871 0.180021 5018
12 10 2 37.7233 0.691469 6.57366 0.168093 5094
12 10 3 40.2245 0.746875 5.59013 0.212764 4902
12 10 4 37.5392 0.673654 5.75767 0.171601 6187
12 10 5 37.659 0.75769 5.22512 0.269055 6006
12 10 6 41.2421 0.866002 6.63718 0.211041 4714
12 10 7 39.2837 0.7476 6.14991 0.186346 5094
12 10 8 39.1815 0.765607 5.8102 0.243086 4952
12 10 9 39.086 0.770328 5.896 0.211569 5598
12 10 10 39.8839 0.747659 5.90146 0.201129 6012
12 10 11 39.899 0.735168 6.33263 0.158092 5707
12 10 12 41.4674 0.823809 5.80818 0.304143 5700
12 10 13 40.6074 0.791232 6.08745 0.169561 6377
12 10 14 38.6723 0.720837 5.85826 0.18284 8282
12 10 15 39.4414 0.710734 6.21604 0.158159 7548
12 10 16 40.7855 0.837946 6.47258 0.157531 8235
12 10 17 37.7475 0.733749 5.98214 0.175751 6916
12 10 18 37.934 0.673256 5.7851 0.191459 6637
12 10 19 39.6807 0.685768 5.63459 0.208214 5174
12 10 20 39.3192 0.707915 5.42666 0.206831 5852
12 10 21 40.6353 0.74786 5.9986 0.293091 4717
12 10 22 40.7372 0.662961 5.7977 0.183862 4409
12 10 23 37.7458 0.674172 6.01066 0.174904 6304
12 10 24 40.5013 0.713051 6.45757 0.135731 4992
12 10 25 40.5023 0.77289 5.63062 0.251005 6296
12 10 26 38.6809 0.693597 6.18241 0.120837 6521
12 10 27 40.7511 0.696307 5.75143 0.219584 4840
12 10 28 37.195 0.656018 6.45064 0.160319 5701
12 10 29 40.0942 0.684176 6.02847 0.216161 5373
12 10 30 0 -10 0 0 0
12 10 31 37.5054 0.68592 5.44442 0.162162 6048
12 10 32 41.5423 0.811077 6.1546 0.161991 7874
12 10 33 38.6543 0.631341 5.7114 0.175199 5769
12 10 34 39.7323 0.71056 6.49891 0.126864 6223
12 10 35 0 -10 0 0 0
12 10 36 39.649 0.712358 5.95244 0.298845 5495
12 10 37 37.9344 0.671621 6.54809 0.120121 6913
12 10 38 40.289 0.718174 6.37428 0.167627 5316
12 10 39 39.7186 0.775625 6.35686 0.211337 5598
12 10 40 39.026 0.74853 6.10046 0.154511 8977
12 10 41 39.3027 0.70605 5.55771 0.291228 5454
12 10 42 38.7186 0.646018 5.97026 0.234134 5493
12 10 43 39.9211 0.737652 6.08399 0.185608 6389
12 10 44 38.982 0.681165 6.25623 0.157146 6321
12 10 45 38.5358 0.726961 6.34741 0.176192 6221
12 10 46 40.2039 0.809902 6.1314 0.201952 8715
12 10 47 40.2879 0.769403 6.35188 0.147385 9592
12 10 48 38.9482 0.732603 6.42614 0.0802971 9106
12 10 49 37.7621 0.711724 6.33801 0.115561 9015
12 10 50 38.4834 0.817834 5.97742 0.220763 8817
12 10 51 38.0091 0.667776 6.38689 0.148896 7947
12 10 52 38.827 0.681086 6.23718 0.158847 7022
12 10 53 37.4941 0.669942 5.76165 0.150789 7732
12 10 54 39.36 0.732889 6.06818 0.217443 7259
12 10 55 37.861 0.724376 6.5039 0.161514 6966
12 10 56 39.5156 0.700767 6.42101 0.114098 6618
12 10 57 39.4267 0.743143 6.13903 0.212586 6766
12 10 58 37.6987 0.672581 6.25127 0.160358 5663
12 10 59 38.5113 0.700173 6.32786 0.140178 7231
12 10 60 39.4896 0.67493 5.73943 0.229988 5754
12 10 61 37.832 0.768818 6.03402 0.208239 6746
12 10 62 38.5308 0.699951 6.20802 0.17571 5829
12 10 63 37.8599 0.652749 5.62302 0.228477 5471
12 11 0 32.8426 0.704326 5.77417 0.163314 6627
12 11 1 32.3881 0.780631 4.91923 0.24737 5762
12 11 2 33.074 0.685982 4.54755 0.264553 4704
12 11 3 32.0392 0.752664 5.30104 0.147313 4057
12 11 4 32.0918 0.718462 5.41126 0.285929 3589
12 11 5 34.8906 0.82956 6.21071 0.10434 7408
12 11 6 32.3881 0.733966 4.81078 0.25267 3205
12 11 7 32.7729 0.803473 5.35257 0.12946 6704
12 11 8 32.1023 0.727232 5.12156 0.143575 5776
12 11 9 32.0341 0.929587 5.52275 0.166801 5273
12 11 10 32.6705 0.723519 4.97761 0.187572 4188
12 11 11 30.9662 0.68894 4.62538 0.30412 3119
12 11 12 32.7008 0.715829 4.91043 0.248327 2646
12 11 13 33.9545 0.834764 5.29888 0.231089 3560
12 11 14 32.598 0.690347 5.13042 0.324634 3517
12 11 15 30.4665 0.766165 4.88164 0.236789 3544
12 11 16 31.0053 0.737302 4.85128 0.299139 2586
12 11 17 31.54 0.681376 4.30047 0.310622 3165
12 11 18 31.3327 0.717743 4.67419 0.347211 4370
12 11 19 32.7624 0.693026 4.6393 0.221966 3101
12 11 20 31.3267 0.777486 4.52544 0.413616 3804
12 11 21 32.2899 0.766872 4.57391 0.226503 5968
12 11 22 34.9205 0.817386 5.68121 0.147209 6713
12 11 23 33.2306 0.66633 4.65651 0.194596 4407
12 11 24 30.8739 0.749339 4.60014 0.328704 3261
12 11 25 29.3928 0.971928 4.35226 0.415791 2893
12 11 26 0 -10 0 0 0
12 11 27 31.9095 0.775047 4.97759 0.225013 5178
12 11 28 0 -10 0 0 0
12 11 29 31.9316 0.696448 4.49675 0.258163 3372
12 11 30 0 -10 0 0 0
12 11 31 33.167 0.670793 4.68911 0.21188 3580
12 11 32 31.1746 0.744564 4.35738 0.3428 3203
12 11 33 0 -10 0 0 0
12 11 34 31.9126 0.653383 4.64356 0.358325 2861
12 11 35 32.3583 0.666731 4.71638 0.296609 4219
12 11 36 32.1616 0.844413 3.9013 0.540344 3765
12 11 37 31.8272 0.772239 4.88913 0.338749 2653
12 11 38 34.2182 0.672281 4.59146 0.246733 2780
12 11 39 31.41 0.791867 4.03022 0.480135 3396
12 11 40 0 -10 0 0 0
12 11 41 34.33 0.714801 5.88544 0.136412 5006
12 11 42 32.0623 0.726224 4.38981 0.419376 4098
12 11 43 31.2678 0.706338 5.0269 0.221993 3893
12 11 44 31.7677 0.638963 4.47379 0.288902 3204
12 11 45 32.8349 0.709898 4.88319 0.2264 2771
12 11 46 32.1895 0.662688 4.61905 0.375944 2439
12 11 47 32.9785 0.777901 4.9493 0.303216 2717
12 11 48 30.9797 0.697367 4.80364 0.273012 2884
12 11 49 32.8986 0.777666 4.61663 0.367085 2326
12 11 50 32.6379 0.731381 5.44314 0.218577 2660
12 11 51 32.3066 0.822827 4.8082 0.261315 3167
12 11 52 33.3252 0.728837 4.58754 0.415045 2492
12 11 53 33.7824 0.698458 5.19433 0.158835 3158
12 11 54 34.6834 0.825462 5.37777 0.194787 3311
12 11 55 34.8166 0.906041 5.34806 0.27104 3664
12 11 56 33.4061 0.778548 5.94695 0.170282 4860
12 11 57 34.5612 0.846827 5.69591 0.211899 5311
12 11 58 33.7676 0.789933 5.92358 0.188483 5782
12 11 59 30.4626 0.892237 3.84141 0.576166 3013
12 11 60 31.833 0.740192 4.88093 0.222843 4578
12 11 61 30.8508 0.681896 5.18593 0.181495 3606
12 11 62 31.4912 0.687739 4.6796 0.346105 3187
12 11 63 30.3426 0.640321 4.68217 0.255519 4191
12 12 0 37.3455 0.774681 5.45419 0.23113 6196
12 12 1 36.8746 0.684121 5.63288 0.168252 5953
12 12 2 34.7098 0.701106 6.29434 0.182563 6072
12 12 3 37.3254 0.710581 5.1713 0.185375 6472
12 12 4 34.4688 0.656869 6.00569 0.16636 7971
12 12 5 35.3325 0.730615 5.81369 0.173471 6873
12 12 6 38.7313 0.84526 6.12584 0.184033 6871
12 12 7 37.1922 0.672555 5.3815 0.335692 6692
12 12 8 36.3657 0.65509 5.85037 0.134816 7162
12 12 9 37.4124 0.673788 5.85256 0.152197 7278
12 12 10 0 -10 0 0 0
12 12 11 37.7322 0.672835 5.74976 0.14553 7833
12 12 12 35.9651 0.665766 6.25208 0.103199 8892
12 12 13 37.4571 0.715573 6.08975 0.108339 9266
12 12 14 40.7189 0.812652 5.72955 0.173311 9768
12 12 15 37.969 0.783217 5.58527 0.204944 8495
12 12 16 36.8712 0.706101 5.77845 0.169425 9801
12 12 17 35.8736 0.661964 5.55894 0.182853 7876
12 12 18 36.2685 0.709013 5.38495 0.180884 6388
12 12 19 37.0236 0.651862 5.55298 0.191812 5472
12 12 20 34.7715 0.625134 5.20005 0.144864 6723
12 12 21 35.4303 0.670675 5.74879 0.193258 5911
12 12 22 35.5703 0.612802 5.47301 0.181093 6255
12 12 23 34.366 0.570879 4.69042 0.273604 6123
12 12 24 0 -10 0 0 0
12 12 25 35.6325 0.64897 5.80357 0.129875 7149
12 12 26 36.9885 0.717321 5.28336 0.197311 6051
12 12 27 39.4208 0.65439 5.45552 0.191329 4281
12 12 28 37.2196 0.721171 5.09643 0.199598 5868
12 12 29 35.1593 0.610146 5.41962 0.222934 5430
12 12 30 0 -10 0 0 0
12 12 31 35.5284 0.701104 5.21064 0.184574 5653
12 12 32 36.03 0.745962 5.57985 0.238955 7792
12 12 33 35.764 0.582887 5.35387 0.181784 5199
12 12 34 0 -10 0 0 0
12 12 35 36.7067 0.674623 5.1628 0.229568 4708
12 12 36 36.3362 0.7654 4.28177 0.66522 4575
12 12 37 37.0036 0.660051 5.56071 0.197473 6234
12 12 38 39.0281 0.732588 6.01652 0.133352 5037
12 12 39 37.1418 0.773355 5.55217 0.227663 4750
12 12 40 38.8036 0.715212 5.5431 0.182517 6420
12 12 41 36.6632 0.672614 5.47106 0.254975 4531
12 12 42 36.5197 0.637797 5.40582 0.173066 4440
12 12 43 37.0626 0.69291 5.39851 0.208082 5321
12 12 44 35.5562 0.646266 5.09034 0.154167 5813
12 12 45 35.8548 0.631433 5.56994 0.159956 4737
12 12 46 38.4398 0.725987 5.71186 0.121543 6515
12 12 47 36.9693 0.734507 5.40714 0.269039 6538
12 12 48 36.1916 0.616657 5.1062 0.286642 5909
12 12 49 37.5341 0.739351 5.83344 0.182695 5155
12 12 50 35.9252 0.671364 5.38995 0.196207 5245
12 12 51 36.5067 0.646195 5.99202 0.172917 4874
12 12 52 36.4993 0.70831 4.83759 0.316348 5773
12 12 53 34.5027 0.674099 4.65872 0.344535 5998
12 12 54 35.6268 0.618187 5.0295 0.242456 4769
12 12 55 35.5261 0.770744 5.08127 0.399424 4343
12 12 56 36.9511 0.703742 6.24415 0.179226 4242
12 12 57 37.5339 0.724765 6.12295 0.299622 4372
12 12 58 37.5735 0.791524 5.66045 0.319367 4488
12 12 59 37.5407 0.704203 5.7078 0.190467 4727
12 12 60 37.0046 0.708668 5.90641 0.159347 4769
12 12 61 35.5855 0.606642 4.95648 0.265111 4681
12 12 62 36.6068 0.698981 5.1961 0.177042 4562
12 12 63 0 -10 0 0 0
12 13 0 37.9679 0.853912 6.1348 0.120805 4595
12 13 1 39.4929 1.19583 5.3045 0.265776 3173
12 13 2 38.1215 0.891385 5.85984 0.128495 2946
12 13 3 35.4513 0.803154 4.93155 0.204245 2828
12 13 4 38.4702 0.948584 5.37746 0.219904 2372
12 13 5 39.2723 1.2281 5.88308 0.227423 4206
12 13 6 36.9147 0.809601 4.85043 0.218049 2173
12 13 7 39.8943 0.970465 5.56141 0.228604 3198
12 13 8 35.5023 1.06688 6.2447 0.209929 3499
12 13 9 38.8756 0.852379 5.34295 0.240481 2565
12 13 10 36.9412 0.958108 5.91524 0.227615 2697
12 13 11 36.631 0.795031 4.80745 0.309729 1981
12 13 12 36.9179 0.854512 5.48402 0.200086 1970
12 13 13 36.8533 0.988263 5.23258 0.199552 2359
12 13 14 34.3066 0.903001 6.277 0.234541 2427
12 13 15 37.1214 0.864744 5.46227 0.289074 2101
12 13 16 37.6328 1.07215 5.4824 0.211997 2267
12 13 17 36.5192 0.869686 4.94765 0.196815 2099
12 13 18 37.1049 0.845116 4.76165 0.235845 2942
12 13 19 37.7775 1.00177 4.95092 0.273393 2333
12 13 20 37.3435 1.05926 5.38805 0.186517 2785
12 13 21 39.1695 1.0385 5.54064 0.196083 3907
12 13 22 38.9309 0.980579 5.52889 0.1544 4827
12 13 23 0 -10 0 0 0
12 13 24 0 -10 0 0 0
12 13 25 34.5701 0.873334 5.44751 0.166884 2766
12 13 26 0 -10 0 0 0
12 13 27 38.1347 0.957668 6.02863 0.217744 3440
12 13 28 0 -10 0 0 0
12 13 29 37.0932 0.897852 5.34719 0.236365 2749
12 13 30 0 -10 0 0 0
12 13 31 38.2343 0.946367 5.7303 0.17605 3022
12 13 32 37.7077 0.822718 5.20526 0.195025 2311
12 13 33 0 -10 0 0 0
12 13 34 37.796 0.896929 5.84213 0.228936 2507
12 13 35 38.5767 0.872475 5.70181 0.265556 3681
12 13 36 37.071 0.794509 5.46017 0.231073 2899
12 13 37 0 -10 0 0 0
12 13 38 36.9611 0.778783 5.07598 0.170281 2636
12 13 39 37.262 0.850236 4.85916 0.240857 2863
12 13 40 41.4783 1.00001 6.74444 0.355703 5377
12 13 41 36.0194 0.846278 6.37501 0.115828 5244
12 13 42 0 -10 0 0 0
12 13 43 36.4192 0.915102 5.53778 0.14949 3807
12 13 44 36.972 0.782031 5.12525 0.198638 3242
12 13 45 36.5108 0.887243 5.57957 0.16544 2714
12 13 46 38.1824 0.995226 6.12629 0.24739 2571
12 13 47 36.197 0.73461 3.99374 0.351058 1358
12 13 48 36.0981 0.772923 5.14608 0.217405 2509
12 13 49 36.6993 0.825274 4.97019 0.266019 2092
12 13 50 38.4138 0.900801 6.4835 0.128068 2370
12 13 51 36.9864 0.905888 5.15107 0.254064 3234
12 13 52 38.0348 1.2499 5.03068 0.255714 2407
12 13 53 37.0195 0.964293 5.60973 0.135361 3976
12 13 54 39.6197 1.128 5.48182 0.219612 4016
12 13 55 38.6907 0.900291 5.75021 0.185614 4542
12 13 56 39.7077 0.885702 6.10303 0.162713 5348
12 13 57 38.7605 0.942096 6.36095 0.0892724 6538
12 13 58 38.9833 0.870669 5.91175 0.202362 5601
12 13 59 37.3788 0.846403 5.66861 0.187351 2781
12 13 60 38.0079 0.910584 5.74685 0.124219 4808
12 13 61 35.9914 0.718977 5.07964 0.144124 3534
12 13 62 36.6807 0.834639 5.89477 0.111962 3058
12 13 63 37.006 0.934664 5.45618 0.203326 4246
12 14 0 34.653 0.807355 5.10994 0.337295 3867
12 14 1 35.8503 0.889136 5.36914 0.182288 3760
12 14 2 36.2681 0.945569 5.15446 0.145254 3785
12 14 3 37.9068 1.15475 6.18765 0.201541 4551
12 14 4 35.6203 0.890037 5.12993 0.215685 3936
12 14 5 36.4035 0.94213 5.6486 0.146283 5750
12 14 6 33.0649 0.913014 6.33268 0.18923 6165
12 14 7 36.5967 0.910198 5.64553 0.166421 4497
12 14 8 36.5263 0.937276 5.82672 0.122434 4751
12 14 9 35.0769 0.882185 5.59238 0.149763 4308
12 14 10 36.5023 0.952751 5.79522 0.154602 4487
12 14 11 0 -10 0 0 0
12 14 12 37.0894 1.24679 5.2951 0.23973 6006
12 14 13 0 -10 0 0 0
12 14 14 35.779 0.839383 5.56936 0.185212 4623
12 14 15 35.6154 0.835965 5.95336 0.168636 5675
12 14 16 37.0296 0.957249 5.48353 0.135753 6232
12 14 17 0 -10 0 0 0
12 14 18 37.2418 0.870259 5.20106 0.222424 4527
12 14 19 37.2115 0.973439 5.18994 0.240548 2808
12 14 20 36.797 0.840729 5.01059 0.339611 2649
12 14 21 36.0961 0.926572 5.0073 0.204634 3666
12 14 22 34.4671 0.810541 5.14016 0.204265 4366
12 14 23 34.8979 0.837459 4.87894 0.225284 4212
12 14 24 34.3609 0.850648 4.75473 0.206382 3666
12 14 25 36.747 0.928156 5.18895 0.163535 2642
12 14 26 34.8711 0.771074 4.5379 0.355143 2531
12 14 27 34.8062 0.73308 4.7334 0.253908 3343
12 14 28 33.7684 0.755119 4.54737 0.238087 4105
12 14 29 37.1411 0.886398 4.9661 0.313628 2307
12 14 30 0 -10 0 0 0
12 14 31 36.2234 0.805491 5.15994 0.185205 2504
12 14 32 35.2099 0.940906 3.9195 0.450636 2564
12 14 33 35.5944 1.21104 4.24463 0.459401 2933
12 14 34 35.5266 0.936925 5.40469 0.155316 4660
12 14 35 34.1605 0.927868 4.92108 0.182588 3899
12 14 36 36.549 1.01993 5.11401 0.253445 3201
12 14 37 33.7282 0.914181 5.93629 0.13503 3938
12 14 38 37.9193 0.863408 4.90977 0.195206 3841
12 14 39 35.3575 0.818478 4.4865 0.376724 2764
12 14 40 34.7285 0.851082 4.51387 0.272545 2426
12 14 41 37.2548 1.04843 5.01848 0.276167 2270
12 14 42 35.3586 0.835336 4.93158 0.373873 2860
12 14 43 34.1363 0.815813 4.24696 0.308397 2995
12 14 44 38.218 0.810112 5.30946 0.223768 2128
12 14 45 33.775 1.03033 5.21919 0.262117 4000
12 14 46 36.313 0.888511 5.02271 0.140016 2937
12 14 47 37.0157 0.895035 5.38712 0.177201 3236
12 14 48 37.6425 1.15831 5.31297 0.276484 3111
12 14 49 36.3564 0.928926 5.21176 0.220319 3261
12 14 50 36.4843 0.967817 4.36869 0.415124 2604
12 14 51 33.7096 0.893498 5.10373 0.22002 3112
12 14 52 34.7108 0.98543 5.42629 0.218581 3104
12 14 53 0 -10 0 0 0
12 14 54 34.9302 1.01435 5.19871 0.149809 3019
12 14 55 33.6912 1.05394 4.12597 0.363932 2667
12 14 56 34.3038 0.844417 5.3947 0.181673 2623
12 14 57 35.29 0.778539 4.74435 0.320988 2344
12 14 58 32.8238 0.767294 4.28309 0.288596 3020
12 14 59 34.4517 0.995203 3.95083 0.426561 2765
12 14 60 33.6637 0.828103 5.28688 0.265919 2638
12 14 61 32.9505 0.835149 4.43756 0.318452 3191
12 14 62 33.4394 0.805469 4.86736 0.240876 2792
12 14 63 0 -10 0 0 0
12 15 0 27.9015 0.696662 3.81911 0.315018 2065
12 15 1 0 -10 0 0 0
12 15 2 29.1568 0.880328 3.87294 0.313986 2157
12 15 3 28.5952 0.71396 3.65441 0.333736 2726
12 15 4 26.9126 0.738078 3.69471 0.249439 3055
12 15 5 29.3967 0.647558 3.76582 0.320965 1842
12 15 6 26.8668 0.821619 4.38404 0.248362 2130
12 15 7 26.4546 0.7689 3.62192 0.271958 2580
12 15 8 27.041 0.87492 3.26067 0.439957 2226
12 15 9 29.0327 0.926801 3.81715 0.258964 2316
12 15 10 29.2415 0.743199 4.08 0.285778 1811
12 15 11 27.9667 0.711064 3.69615 0.248088 2597
12 15 12 0 -10 0 0 0
12 15 13 26.8359 0.754464 3.69635 0.270743 2513
12 15 14 27.6363 0.838302 3.42414 0.380866 2321
12 15 15 29.0134 0.879278 3.79299 0.342797 1782
12 15 16 27.7865 0.874923 4.05162 0.260929 2273
12 15 17 27.4144 0.717474 3.3531 0.283707 1913
12 15 18 27.3771 0.654895 3.64429 0.2772 2459
12 15 19 26.9437 0.870905 3.44645 0.310788 2184
12 15 20 28.6605 0.77128 4.08066 0.227594 2798
12 15 21 27.4026 0.879685 3.53132 0.351765 2576
12 15 22 28.3636 0.811255 4.41635 0.18504 3134
12 15 23 27.3921 0.677164 3.66523 0.260536 2438
12 15 24 26.8615 0.755687 3.97992 0.464372 2915
12 15 25 27.9557 1.06385 3.48351 0.266904 1975
12 15 26 28.3839 0.798825 3.64151 0.377898 2297
12 15 27 29.081 0.725564 3.83447 0.253028 2102
12 15 28 27.9576 0.747067 3.69012 0.200021 2334
12 15 29 27.1847 1.11603 3.13899 0.389914 3032
12 15 30 29.2133 0.855902 4.62033 0.239533 2683
12 15 31 30.5327 0.847724 4.63805 0.186494 2965
12 15 32 28.0414 0.718416 3.86551 0.308652 2372
12 15 33 0 -10 0 0 0
12 15 34 0 -10 0 0 0
12 15 35 30.3571 0.831338 4.56653 0.193327 3033
12 15 36 28.5798 0.836374 3.81414 0.257759 2204
12 15 37 0 -10 0 0 0
12 15 38 30.5489 0.928383 4.49206 0.284324 3263
12 15 39 27.6904 0.80878 3.34399 0.377539 2429
12 15 40 27.4332 0.722387 3.44245 0.24231 2539
12 15 41 29.4027 0.71715 3.80108 0.269169 2681
12 15 42 28.744 0.889467 4.12983 0.308746 3458
12 15 43 29.6041 1.14347 4.42144 0.213856 4078
12 15 44 0 -10 0 0 0
12 15 45 26.8989 0.825335 4.02897 0.200081 2532
12 15 46 0 -10 0 0 0
12 15 47 29.1503 0.790599 4.23224 0.267411 2770
12 15 48 28.0371 1.03953 3.77692 0.36305 2610
12 15 49 28.9592 0.829524 4.42851 0.289519 4517
12 15 50 0 -10 0 0 0
12 15 51 27.4704 0.780547 4.01106 0.232235 2947
12 15 52 0 -10 0 0 0
12 15 53 26.4219 0.926165 5.28517 0.187711 4610
12 15 54 26.8262 0.759323 3.89634 0.241946 3047
12 15 55 27.8133 0.936332 4.3285 0.280652 3709
12 15 56 26.7937 0.782314 3.96533 0.249346 2827
12 15 57 27.1923 0.898073 4.06126 0.227144 3531
12 15 58 26.8672 1.0637 4.3014 0.274379 3233
12 15 59 28.0703 0.963786 4.51132 0.19976 3166
12 15 60 0 -10 0 0 0
12 15 61 29.9994 1.09807 4.53251 0.233213 5110
12 15 62 27.3889 0.857945 4.36381 0.180217 4370
12 15 63 29.6611 0.974813 5.33075 0.28651 3895
13 0 0 23.7394 0.39289 3.90875 0.38273 8067
13 0 1 24.3833 0.401204 4.13035 0.479874 6087
13 0 2 23.55 0.481975 3.69553 0.539265 6005
13 0 3 23.3909 0.361274 3.49112 0.390759 5560
13 0 4 23.4481 0.405329 3.50183 0.370448 6787
13 0 5 23.6751 0.380619 3.29524 0.450536 6630
13 0 6 23.4118 0.386082 4.00908 0.387184 6572
13 0 7 22.8011 0.375887 3.33557 0.366193 6269
13 0 8 23.3444 0.349832 3.53273 0.429361 6428
13 0 9 23.3578 0.404561 3.88858 0.395575 6246
13 0 10 23.4297 0.38912 3.52196 0.436708 5435
13 0 11 23.5531 0.365276 3.43477 0.416548 6890
13 0 12 23.5785 0.395288 3.44254 0.482856 6056
13 0 13 22.5199 0.38429 3.4277 0.39258 6561
13 0 14 24.0838 0.429714 4.35838 0.313353 7271
13 0 15 23.5845 0.371268 3.69638 0.435956 6215
13 0 16 23.8467 0.436915 3.698 0.643371 5660
13 0 17 24.0046 0.386776 3.68212 0.361638 7501
13 0 18 23.9667 0.454096 3.15939 0.59593 6536
13 0 19 23.2723 0.420826 3.64351 0.452007 6434
13 0 20 23.9928 0.384308 3.24877 0.543549 7111
13 0 21 23.7388 0.467623 2.88742 0.64884 3323
13 0 22 22.5299 0.403139 3.73799 0.328349 5682
13 0 23 23.5731 0.386006 4.09426 0.230914 7751
13 0 24 24.333 0.428115 3.40697 0.549055 6736
13 0 25 23.5089 0.383986 4.17135 0.401548 6724
13 0 26 25.1565 0.4417 3.57743 0.686727 8533
13 0 27 23.4466 0.451823 4.00774 0.357228 6380
13 0 28 23.6982 0.377597 3.53387 0.420876 6156
13 0 29 23.6176 0.370298 4.14207 0.265929 7958
13 0 30 24.6589 0.472735 3.65734 0.495587 6664
13 0 31 23.5202 0.367585 3.39086 0.639373 7844
13 0 32 23.6333 0.386002 3.40556 0.520634 7448
13 0 33 23.561 0.397446 3.52957 0.330054 8304
13 0 34 24.177 0.403854 4.25707 0.283085 8874
13 0 35 24.8522 0.53723 3.73847 0.59184 7527
13 0 36 23.89 0.422789 4.10241 0.233787 7156
13 0 37 23.9989 0.397234 3.95306 0.231499 8279
13 0 38 23.7127 0.393554 3.72733 0.432748 8781
13 0 39 23.8822 0.407972 4.33001 0.236926 11101
13 0 40 23.1672 0.558332 3.60259 0.570868 7923
13 0 41 23.7733 0.364901 4.10239 0.261435 7234
13 0 42 23.8968 0.39149 3.35344 0.374796 9016
13 0 43 24.4034 0.434443 3.98193 0.361769 9303
13 0 44 23.5101 0.387773 3.61996 0.324921 8263
13 0 45 24.2834 0.386406 3.63844 0.317687 7312
13 0 46 23.2012 0.402574 3.96371 0.236355 11485
13 0 47 24.4961 0.417031 3.84029 0.309713 9637
13 0 48 23.6863 0.373737 3.72941 0.375572 8836
13 0 49 21.9559 0.42364 3.93603 0.228638 10258
13 0 50 22.6329 0.413436 4.00771 0.24243 8933
13 0 51 25.2331 0.477983 4.16559 0.290747 11608
13 0 52 23.3477 0.442798 3.84577 0.308047 10421
13 0 53 23.2427 0.500535 3.87359 0.406123 8919
13 0 54 24.6522 0.438045 3.56404 0.534296 8630
13 0 55 22.2489 0.381858 3.84344 0.327773 12399
13 0 56 24.1168 0.455466 3.86741 0.341899 10836
13 0 57 24.28 0.413218 4.49091 0.309683 11415
13 0 58 23.0159 0.390946 4.24537 0.25297 9615
13 0 59 24.5416 0.466411 4.06627 0.312045 10512
13 0 60 23.9733 0.421295 3.91746 0.464289 9770
13 0 61 22.9534 0.472978 5.03321 0.209508 13833
13 0 62 23.6581 0.408568 4.27661 0.266162 11805
13 0 63 23.8069 0.447011 3.66842 0.396271 10578
13 1 0 26.8843 0.546608 4.89914 0.33584 11971
13 1 1 26.0715 0.473332 4.57603 0.240961 11842
13 1 2 26.1778 0.465166 4.70027 0.234148 10737
13 1 3 25.7632 0.541303 4.19947 0.273311 8545
13 1 4 26.0659 0.429592 4.3596 0.350529 7225
13 1 5 26.3746 0.450596 4.41273 0.385142 8784
13 1 6 26.3485 0.476 5.06655 0.146051 10268
13 1 7 26.4195 0.554808 4.242 0.338811 11015
13 1 8 24.9536 0.437875 4.31225 0.346514 10972
13 1 9 28.0007 1.06945 4.84777 0.513243 11577
13 1 10 25.772 0.460588 4.9467 0.227411 10173
13 1 11 25.3161 0.440145 4.00704 0.335206 9003
13 1 12 26.6424 0.489053 4.31067 0.27891 8829
13 1 13 26.7609 0.522075 4.72726 0.235863 7347
13 1 14 26.9812 0.528117 4.7828 0.343284 10362
13 1 15 25.9964 0.462879 4.14255 0.221603 7947
13 1 16 25.5995 0.490963 5.75621 0.211562 13753
13 1 17 25.6601 0.463542 3.87592 0.373532 9815
13 1 18 26.2433 0.43559 4.19196 0.293889 8620
13 1 19 27.4064 0.620082 4.36989 0.360767 7744
13 1 20 25.184 0.432096 4.12736 0.291992 9003
13 1 21 26.5576 0.493863 4.2913 0.321054 11922
13 1 22 26.9995 0.534708 4.03731 0.40895 8397
13 1 23 26.6344 0.467229 4.04511 0.366978 7144
13 1 24 26.225 0.441675 4.03984 0.52483 9442
13 1 25 25.9878 0.439887 4.52575 0.236122 9234
13 1 26 26.6193 0.493507 4.10004 0.553647 10120
13 1 27 27.2721 0.466787 4.00857 0.330263 7747
13 1 28 26.0856 0.455023 3.91815 0.357121 7739
13 1 29 25.8085 0.404034 3.91138 0.339677 7390
13 1 30 25.7493 0.484964 4.52898 0.318318 6279
13 1 31 26.2005 0.506191 4.29805 0.2889 8458
13 1 32 27.0448 0.596843 5.72685 0.463063 6848
13 1 33 26.4918 0.440627 4.71383 0.237926 7259
13 1 34 26.5371 0.492338 4.41414 0.408226 8436
13 1 35 27.3931 0.47465 4.40408 0.37395 7002
13 1 36 25.6405 0.422758 3.86827 0.393476 6328
13 1 37 27.0716 0.451807 4.50772 0.338153 5658
13 1 38 25.7357 0.462902 4.54109 0.354762 6193
13 1 39 24.7176 0.492143 3.86073 0.470802 5864
13 1 40 27.3386 0.448042 4.43431 0.380261 4834
13 1 41 26.4014 0.460351 4.26771 0.341681 6460
13 1 42 26.1023 0.450624 4.08048 0.363432 6096
13 1 43 24.5589 0.42246 4.11136 0.372068 8380
13 1 44 25.1479 0.459701 3.74846 0.600103 6193
13 1 45 24.9804 0.415941 3.59741 0.285841 7230
13 1 46 25.4044 0.431004 4.89097 0.158801 8351
13 1 47 27.1648 0.532948 4.62782 0.326901 4678
13 1 48 25.261 0.380511 3.63757 0.61391 7066
13 1 49 26.8079 0.479221 4.82432 0.227707 5688
13 1 50 25.7015 0.402984 3.90629 0.350479 5857
13 1 51 25.7904 0.480705 4.08062 0.586672 5220
13 1 52 24.2545 0.402836 3.95738 0.433858 6511
13 1 53 25.7207 0.576559 4.47323 0.531524 4886
13 1 54 23.5611 0.446393 4.14366 0.295864 5879
13 1 55 24.7139 0.436328 3.68104 0.411153 6919
13 1 56 25.1365 0.438596 4.47091 0.230697 5999
13 1 57 25.8124 0.51965 4.05018 0.464282 5716
13 1 58 25.2631 0.492925 4.00945 0.504242 5270
13 1 59 25.6188 0.472263 4.5632 0.328418 7414
13 1 60 24.8999 0.426797 3.55989 0.689592 5808
13 1 61 26.2174 0.435881 4.92587 0.289602 5852
13 1 62 25.5567 0.45146 4.74287 0.302493 6182
13 1 63 24.6312 0.411987 4.10476 0.317052 5915
13 2 0 25.1824 0.446127 4.72076 0.21472 12969
13 2 1 24.9844 0.450556 4.79783 0.412986 14131
13 2 2 25.206 0.412142 4.52446 0.211322 10875
13 2 3 23.5316 0.372913 3.55549 0.517722 9408
13 2 4 24.2058 0.392637 3.66576 0.569382 9911
13 2 5 24.6985 0.388764 4.11679 0.483126 9053
13 2 6 25.088 0.443408 4.28567 0.333135 10759
13 2 7 23.4896 0.396868 3.83309 0.382827 8759
13 2 8 23.122 0.368648 3.70768 0.227698 12792
13 2 9 25.2403 0.44936 3.91393 0.346517 8833
13 2 10 24.8619 0.444553 4.2438 0.344191 9039
13 2 11 24.8769 0.412047 3.97631 0.373539 11403
13 2 12 24.2453 0.40493 3.80711 0.426066 9999
13 2 13 24.5424 0.398683 4.00094 0.326287 7669
13 2 14 24.4902 0.410824 4.04322 0.230312 14479
13 2 15 23.3677 0.333525 3.22629 0.816333 9903
13 2 16 26.1487 0.520423 4.194 0.497908 8277
13 2 17 24.5261 0.410958 3.53673 0.319215 12401
13 2 18 25.598 0.456306 3.97162 0.419769 8943
13 2 19 23.4033 0.364073 3.31044 0.314203 9469
13 2 20 24.6344 0.405314 4.38763 0.302624 10277
13 2 21 24.9054 0.386273 4.62196 0.303218 10459
13 2 22 23.6787 0.438483 3.94882 0.307637 8159
13 2 23 24.8829 0.373212 4.2703 0.314295 10398
13 2 24 25.0283 0.415345 4.04945 0.291773 10625
13 2 25 24.0117 0.379517 3.63827 0.408228 8315
13 2 26 25.1902 0.473643 4.29275 0.288289 13325
13 2 27 23.5477 0.366466 3.60735 0.436913 9800
13 2 28 23.4744 0.337889 3.71813 0.308944 8454
13 2 29 23.7785 0.40373 4.14009 0.349429 13161
13 2 30 24.9664 0.39765 3.73154 0.341758 9106
13 2 31 23.428 0.385908 3.95775 0.379743 7528
13 2 32 24.9519 0.371808 3.82378 0.387745 7453
13 2 33 23.4147 0.401737 3.61659 0.389636 9282
13 2 34 24.9476 0.418436 3.93007 0.328868 13883
13 2 35 24.7057 0.430664 3.56835 0.421523 8641
13 2 36 23.6849 0.376967 3.71522 0.280685 9862
13 2 37 24.6179 0.383863 4.00108 0.293064 10579
13 2 38 23.9455 0.369919 3.55973 0.724892 8317
13 2 39 25.2993 0.437764 4.21351 0.217173 10220
13 2 40 24.424 0.389488 3.43002 0.315081 10922
13 2 41 24.67 0.462178 3.26132 0.716265 8100
13 2 42 24.6283 0.43001 3.41493 0.836071 9260
13 2 43 24.3663 0.377989 3.92472 0.254368 11582
13 2 44 24.1782 0.404581 3.93123 0.336709 7962
13 2 45 24.0482 0.389263 3.80246 0.281221 8345
13 2 46 25.039 0.444183 4.01312 0.269913 12873
13 2 47 24.5724 0.401563 4.21529 0.451209 8213
13 2 48 23.3368 0.405844 3.88392 0.218242 10261
13 2 49 23.2226 0.458106 3.97962 0.356613 11168
13 2 50 24.0041 0.385343 3.90934 0.306784 8164
13 2 51 23.8428 0.442725 4.34703 0.230731 12725
13 2 52 25.1196 0.49441 3.70726 0.427008 11254
13 2 53 24.7937 0.461745 3.93084 0.551205 8631
13 2 54 23.25 0.381931 3.59321 0.294013 10691
13 2 55 23.6159 0.383347 4.32551 0.201495 12416
13 2 56 24.6913 0.423141 4.45593 0.293867 10886
13 2 57 24.2304 0.431804 4.30068 0.170283 11123
13 2 58 23.4036 0.460547 4.13026 0.196784 9516
13 2 59 24.2071 0.415432 4.30669 0.275176 13466
13 2 60 24.2545 0.387981 4.38534 0.293278 8750
13 2 61 24.7085 0.448097 4.63067 0.207076 14055
13 2 62 23.4933 0.40922 4.57611 0.144982 12968
13 2 63 23.5273 0.471333 4.26734 0.300978 10523
13 3 0 21.2846 0.3117 4.00597 0.327997 19480
13 3 1 20.7017 0.32737 3.74812 0.2774 18956
13 3 2 20.9043 0.334764 3.60562 0.260298 16975
13 3 3 21.1396 0.283269 3.02856 0.481133 18872
13 3 4 21.7493 -3 0 0 14820
13 3 5 21.0576 0.298868 3.51989 0.272873 16234
13 3 6 21.6748 0.31606 3.77448 0.424063 17405
13 3 7 22.3108 0.327298 3.95538 0.316101 11948
13 3 8 21.2947 0.318584 3.39827 0.475751 15181
13 3 9 21.6301 0.333606 3.83599 0.342958 17003
13 3 10 21.7354 0.300374 3.97963 0.416565 17885
13 3 11 21.2245 0.287068 3.26562 0.411407 16001
13 3 12 20.9468 0.308464 3.42046 0.335405 14552
13 3 13 21.8058 0.316292 3.55808 0.434216 17143
13 3 14 21.8452 0.325493 3.82773 0.402003 16056
13 3 15 21.1661 0.316855 3.77458 0.353464 14497
13 3 16 22.5776 0.342801 4.78512 0.387367 20482
13 3 17 22.8924 0.335948 4.10177 0.421404 13227
13 3 18 21.2953 0.309708 3.4323 0.418583 15520
13 3 19 22.5002 0.322535 3.44498 0.400497 19389
13 3 20 20.8328 0.354688 3.64061 0.442171 15341
13 3 21 22.1009 0.323989 3.6672 0.42187 20025
13 3 22 22.1507 0.289004 3.30566 0.427832 17074
13 3 23 21.4748 0.304763 3.5951 0.315533 15537
13 3 24 21.9545 0.299252 3.46588 0.378352 16496
13 3 25 24.2113 0.365159 3.38301 0.541918 7632
13 3 26 22.7665 0.31263 4.16151 0.428085 14857
13 3 27 21.7669 0.275114 3.06001 0.47977 15795
13 3 28 21.4633 0.287139 3.12565 0.518114 18794
13 3 29 20.9875 0.342928 3.33503 0.386305 15555
13 3 30 22.2303 0.322729 3.49974 0.511025 14624
13 3 31 21.7394 0.305222 3.55584 0.31168 18920
13 3 32 21.4499 0.279815 3.3565 0.259337 17247
13 3 33 21.4251 0.281277 3.12814 0.566417 15193
13 3 34 22.337 0.305663 3.5991 0.506354 15216
13 3 35 22.0684 0.308948 3.61127 0.495791 17969
13 3 36 22.4833 0.324681 3.9496 0.31503 12974
13 3 37 21.9534 0.285221 3.20812 0.351501 16722
13 3 38 22.516 0.323416 3.90866 0.297014 13640
13 3 39 22.133 0.307948 3.6211 0.372354 16006
13 3 40 21.6057 0.316879 3.34509 0.440503 14041
13 3 41 22.0619 0.305619 3.58232 0.413149 12875
13 3 42 21.5469 0.285171 3.19968 0.390813 14116
13 3 43 21.9893 0.302046 3.32549 0.603724 14580
13 3 44 21.6323 0.306613 3.58868 0.300498 13334
13 3 45 20.6791 0.310352 3.24816 0.424494 15895
13 3 46 22.3074 0.370433 4.11922 0.30454 13943
13 3 47 22.1504 0.332221 4.14805 0.328272 17225
13 3 48 21.1423 0.283763 3.2938 0.381624 16888
13 3 49 21.4468 0.299944 3.7748 0.247161 13413
13 3 50 20.5185 0.302299 3.12956 0.547848 14340
13 3 51 21.3105 0.307737 3.95579 0.346849 15279
13 3 52 22.5622 0.316068 3.31736 0.459848 12978
13 3 53 22.2393 0.34384 4.02546 0.537494 12846
13 3 54 21.1918 0.286533 3.49919 0.220555 15331
13 3 55 21.4601 0.331025 4.11886 0.444534 14134
13 3 56 21.7588 0.308836 3.86031 0.358411 13633
13 3 57 21.5783 0.313356 4.11536 0.334873 14468
13 3 58 22.3752 0.340869 3.58845 0.541924 13263
13 3 59 20.7636 0.294383 3.3781 0.316009 17372
13 3 60 21.8764 0.323396 3.4888 0.598365 13556
13 3 61 21.4019 0.329892 4.04856 0.40741 17409
13 3 62 21.1841 0.331347 3.66551 0.605142 15772
13 3 63 20.4774 0.282937 3.38107 0.295415 13743
13 4 0 24.1055 0.459069 4.7795 0.19363 15848
13 4 1 23.4247 0.444733 4.38944 0.218853 13400
13 4 2 24.0439 0.496496 3.79493 0.351943 14411
13 4 3 23.2967 0.417312 3.5127 0.38584 8839
13 4 4 22.344 0.410133 3.06709 0.534385 10750
13 4 5 23.6454 0.38678 3.48874 0.265729 9773
13 4 6 24.2158 0.434347 4.42527 0.334362 11783
13 4 7 22.7035 0.433966 3.9314 0.313068 9593
13 4 8 23.1471 0.381655 3.80543 0.25395 11307
13 4 9 22.6802 0.417757 4.02545 0.176819 11926
13 4 10 23.5941 0.426944 3.79824 0.281533 11067
13 4 11 22.5942 0.39037 3.97708 0.238565 10349
13 4 12 23.0944 0.401328 3.80003 0.245933 10459
13 4 13 22.743 0.409367 3.48601 0.315321 8496
13 4 14 25.0132 0.438832 4.18123 0.273346 13847
13 4 15 23.7067 0.373635 3.46176 0.275918 8655
13 4 16 24.3392 0.476949 3.66142 0.338404 9641
13 4 17 23.8117 0.401555 3.2815 0.342683 12940
13 4 18 22.0471 0.483758 3.35093 0.397627 9431
13 4 19 23.782 0.529285 3.35228 0.579487 7853
13 4 20 23.3238 0.364495 3.53191 0.368236 8454
13 4 21 23.6227 0.447722 3.76115 0.327875 12941
13 4 22 23.8803 0.377364 3.44761 0.400859 7240
13 4 23 22.4628 0.390077 3.11979 0.354443 11751
13 4 24 23.6495 0.404988 3.7231 0.239599 13140
13 4 25 23.8158 0.439871 3.25454 0.578379 7322
13 4 26 24.0367 0.477766 4.44985 0.22442 13084
13 4 27 22.8861 0.518968 3.48997 0.306025 8027
13 4 28 22.8789 0.413664 3.36671 0.391814 7112
13 4 29 23.4388 0.383698 3.56513 0.284251 10657
13 4 30 23.8839 0.378014 3.6391 0.349449 8288
13 4 31 23.0745 0.403513 3.5356 0.322973 6886
13 4 32 23.0734 0.355037 3.43657 0.307111 6989
13 4 33 23.4238 0.374969 3.39286 0.382008 7310
13 4 34 22.7598 0.415704 3.85478 0.294906 13185
13 4 35 23.0107 0.367283 3.19779 0.35164 6679
13 4 36 23.7765 0.436852 3.20437 0.403283 7227
13 4 37 23.1575 0.412148 3.61743 0.355197 9549
13 4 38 23.5264 0.405579 3.64548 0.375024 6596
13 4 39 23.4586 0.475572 4.17296 0.39315 8516
13 4 40 23.4129 0.445923 4.06902 0.334873 8907
13 4 41 23.1081 0.365091 3.14623 0.440181 5919
13 4 42 23.015 0.373816 3.56951 0.266421 8146
13 4 43 22.5833 0.402281 3.32535 0.258192 11983
13 4 44 23.355 0.407602 3.17408 0.409059 5896
13 4 45 22.6863 0.43631 3.80044 0.272973 6670
13 4 46 23.0775 0.394233 4.20208 0.255235 12427
13 4 47 23.5627 0.422313 3.9732 0.458719 6258
13 4 48 22.5243 0.440122 3.61837 0.26313 7061
13 4 49 22.4198 0.380821 3.5129 0.270684 9765
13 4 50 23.1902 0.400863 2.90057 0.515068 7356
13 4 51 24.8486 0.480612 3.87609 0.37716 8336
13 4 52 22.9527 0.546668 3.73754 0.382734 9414
13 4 53 22.8409 0.522244 3.36434 0.651387 5278
13 4 54 22.6511 0.409954 3.5916 0.283094 6684
13 4 55 22.6575 0.433637 4.10542 0.175861 9358
13 4 56 23.445 0.430387 4.08941 0.383528 7433
13 4 57 22.9766 0.398859 3.81263 0.306581 8228
13 4 58 22.9164 0.369197 3.5021 0.39418 7616
13 4 59 22.966 0.423032 3.89789 0.336836 11304
13 4 60 22.7976 0.419886 3.47637 0.55615 6313
13 4 61 23.9651 0.495844 4.37406 0.44092 10044
13 4 62 22.0306 0.427804 4.10703 0.226687 11491
13 4 63 22.9977 0.380017 3.53836 0.358963 8094
13 5 0 19.4341 0.277242 3.38652 0.399351 15016
13 5 1 19.9298 0.295042 3.27106 0.549881 13134
13 5 2 19.3688 0.291765 3.26199 0.474024 13528
13 5 3 19.4793 0.248887 2.73402 0.530631 15566
13 5 4 19.6874 0.264519 2.88331 0.414026 14544
13 5 5 18.572 0.294356 2.83384 0.576701 14495
13 5 6 19.4903 0.292633 3.06199 0.453358 14899
13 5 7 19.3129 0.305714 3.22231 0.470151 17041
13 5 8 19.2283 0.278863 2.71612 0.476654 15264
13 5 9 19.3319 0.281736 2.8413 0.513738 14703
13 5 10 19.7258 0.285573 3.13513 0.523655 15402
13 5 11 19.501 0.244313 2.52305 0.499048 15206
13 5 12 19.5082 0.404746 3.11032 0.427599 13432
13 5 13 19.7633 0.290042 2.81758 0.571193 16615
13 5 14 19.531 0.286807 3.0261 0.470318 13599
13 5 15 19.6018 0.275495 2.69666 0.339071 16428
13 5 16 19.6277 0.282983 3.6057 0.366613 16636
13 5 17 19.6291 0.32138 2.71255 0.397725 16121
13 5 18 19.1474 0.262224 2.64456 0.405119 16024
13 5 19 20.5521 0.250181 3.00974 0.603705 18523
13 5 20 19.6618 0.263862 2.61943 0.475515 17951
13 5 21 19.6254 0.276142 2.89186 0.494684 14563
13 5 22 19.755 0.275012 2.56784 0.611535 15062
13 5 23 19.9581 0.25904 2.6867 0.368499 15856
13 5 24 19.7837 0.284308 2.7568 0.398031 13542
13 5 25 20.2608 0.296584 3.15931 0.598315 20338
13 5 26 20.111 0.272883 2.99295 0.324814 16404
13 5 27 19.1939 0.315552 2.72478 0.515273 17113
13 5 28 19.6595 0.292221 2.28553 0.932504 18278
13 5 29 19.9645 0.261805 2.74198 0.444993 15461
13 5 30 19.5513 0.262946 2.64888 0.357135 17212
13 5 31 20.4427 0.289032 3.53234 0.328894 21792
13 5 32 19.4638 0.300587 2.5733 0.439357 18975
13 5 33 20.2731 0.245861 2.67284 0.434037 18548
13 5 34 20.3674 0.262651 3.13009 0.468244 17889
13 5 35 18.166 0.273742 2.81536 0.425349 28215
13 5 36 21.0826 0.258348 2.96814 0.558863 16297
13 5 37 20.2434 0.282452 2.83364 0.409407 17211
13 5 38 20.4822 0.262239 3.09735 0.438779 24653
13 5 39 20.4833 0.281977 3.07253 0.515685 25760
13 5 40 19.5606 0.279219 2.43064 0.758566 18832
13 5 41 20.0425 0.295792 2.98063 0.430798 19532
13 5 42 19.8097 0.269492 2.80756 0.388891 19709
13 5 43 19.626 0.265837 2.46266 0.687957 17511
13 5 44 19.0959 0.292982 2.71448 0.492771 21649
13 5 45 19.4699 0.286066 2.59839 0.432792 20430
13 5 46 20.2721 0.279683 3.0641 0.46603 16870
13 5 47 19.9061 0.283091 3.49416 0.359228 28902
13 5 48 19.7582 0.303763 2.75227 0.445874 17621
13 5 49 19.691 0.240983 2.54146 0.514637 18803
13 5 50 19.6704 0.283051 2.80663 0.304951 22238
13 5 51 20.5363 0.292666 3.10111 0.63307 23836
13 5 52 20.7492 0.265639 3.0202 0.470199 16318
13 5 53 19.8659 0.274686 3.00871 0.393673 25358
13 5 54 19.6536 0.263202 2.72415 0.483362 22507
13 5 55 19.669 0.277062 2.81938 0.348307 20926
13 5 56 19.062 0.296194 3.06917 0.35572 24691
13 5 57 19.0848 0.308805 3.27393 0.268262 23492
13 5 58 18.7044 0.307326 2.48815 0.653078 23034
13 5 59 18.667 0.313421 3.18982 0.258085 18764
13 5 60 19.1256 0.258321 3.16969 0.427658 25938
13 5 61 19.6786 0.30815 3.34227 0.468013 22046
13 5 62 18.974 0.322376 3.35236 0.508804 22159
13 5 63 18.8532 0.304771 2.64869 0.464482 21720
13 6 0 25.0347 0.660869 4.04777 0.277036 9959
13 6 1 24.0845 0.587854 4.2371 0.178747 8405
13 6 2 23.7827 0.503329 4.09856 0.274903 7805
13 6 3 23.0873 0.81188 2.89219 0.355199 5360
13 6 4 23.7713 0.597898 3.84603 0.29745 6109
13 6 5 23.7805 0.550238 3.78485 0.268638 5754
13 6 6 24.6939 0.609307 3.74167 0.64662 7083
13 6 7 23.3864 0.555684 3.68684 0.249864 4566
13 6 8 22.5436 0.520776 3.53752 0.203578 6893
13 6 9 23.0961 0.641951 4.40468 0.326059 6354
13 6 10 24.3125 0.62721 3.6981 0.264696 5471
13 6 11 22.2084 0.633819 3.67075 0.338398 6058
13 6 12 23.7131 0.566406 3.65594 0.316782 5770
13 6 13 23.376 -3 0 0 4612
13 6 14 22.9504 0.515782 3.94732 0.151633 8620
13 6 15 22.796 0.477781 3.00676 0.368124 4945
13 6 16 22.8909 0.714816 4.54098 0.24472 5632
13 6 17 23.1274 0.499986 3.34769 0.383559 7701
13 6 18 23.0544 0.483107 3.39474 0.287807 5687
13 6 19 23.2454 0.56444 3.19747 0.494817 4548
13 6 20 22.4843 0.497513 3.6211 0.235842 5215
13 6 21 23.4827 0.448025 3.35988 0.296646 7086
13 6 22 22.9043 0.497989 3.31791 0.299597 4909
13 6 23 23.5337 0.507273 3.09569 0.497411 5719
13 6 24 24.6088 0.591811 4.02318 0.250501 7138
13 6 25 23.405 0.46254 3.34889 0.224621 4701
13 6 26 22.4774 0.504575 3.77578 0.168451 8007
13 6 27 22.6069 0.560845 3.2883 0.322892 4727
13 6 28 23.9811 0.513111 3.19656 0.359701 4009
13 6 29 24.065 0.70297 3.49522 0.393677 6009
13 6 30 24.2788 0.494274 3.57551 0.304719 4476
13 6 31 23.1456 0.640662 3.43048 0.359222 4375
13 6 32 21.2256 0.661786 3.04139 0.421396 4438
13 6 33 22.3107 0.451653 3.25076 0.34739 4223
13 6 34 22.7105 0.485415 3.94684 0.264959 8385
13 6 35 31 -2 0 0 3646
13 6 36 22.7504 0.572182 3.36166 0.357937 4346
13 6 37 23.6648 0.486461 3.10468 0.315042 4732
13 6 38 22.6186 0.731012 3.16741 0.410133 3804
13 6 39 23.523 0.627642 3.74066 0.365191 3985
13 6 40 23.0852 0.721327 3.44572 0.338009 5124
13 6 41 22.3783 0.509896 2.86544 0.324954 3788
13 6 42 23.1064 0.643345 3.12882 0.478861 4322
13 6 43 23.6243 0.59701 3.59028 0.306181 5164
13 6 44 22.9968 0.71412 3.21659 0.367199 3329
13 6 45 23.2693 0.502091 3.13489 0.507069 3934
13 6 46 23.2829 0.490448 3.70533 0.309491 5905
13 6 47 23.3991 0.610221 3.0662 0.471249 4002
13 6 48 22.9029 0.664918 2.66347 0.577571 3877
13 6 49 22.7483 0.709033 3.53068 0.292311 4321
13 6 50 22.7516 0.549379 2.868 0.476255 3674
13 6 51 24.689 0.696711 3.93274 0.346763 4418
13 6 52 22.4035 0.492802 2.93624 0.528468 4839
13 6 53 21.8747 0.522537 3.61082 0.298718 4140
13 6 54 22.6646 0.527744 2.86117 0.460265 3821
13 6 55 22.6064 0.514781 3.38285 0.363668 4577
13 6 56 23.0953 0.524213 3.39599 0.380475 4122
13 6 57 23.9537 0.642007 3.23975 0.446772 4246
13 6 58 22.8401 0.658173 3.10202 0.357674 3963
13 6 59 21.6071 0.476401 3.56106 0.258165 5915
13 6 60 23.6496 0.605712 3.83514 0.293923 3458
13 6 61 22.3032 0.537652 4.50704 0.248791 5441
13 6 62 22.2223 0.537289 3.36784 0.423369 5020
13 6 63 21.4042 0.623539 2.95835 0.41839 4274
13 7 0 24.8174 0.630964 3.94121 0.434961 4699
13 7 1 23.9203 0.54927 3.7745 0.342276 4373
13 7 2 22.9744 0.518868 3.80545 0.399892 5359
13 7 3 23.8825 0.501816 3.62988 0.282934 4757
13 7 4 23.4435 0.51815 3.54149 0.308788 5325
13 7 5 23.6068 0.467694 3.48107 0.458297 4652
13 7 6 24.5251 0.624598 4.16607 0.280775 4643
13 7 7 24.9925 0.549515 3.92629 0.319006 4993
13 7 8 23.7181 0.513869 3.3918 0.410175 4271
13 7 9 23.5957 0.453977 3.56111 0.352521 4891
13 7 10 24.1469 0.525154 4.19915 0.282314 5463
13 7 11 24.6762 0.529783 3.59701 0.377739 4506
13 7 12 24.104 0.542608 3.47076 0.513124 4652
13 7 13 23.4859 0.524804 3.51738 0.378231 5197
13 7 14 22.9792 0.555706 3.57133 0.487439 4631
13 7 15 23.6927 0.628673 3.44628 0.326802 5038
13 7 16 23.7867 0.539699 3.51376 0.544468 5785
13 7 17 23.9713 0.489475 3.58615 0.295962 4584
13 7 18 24.911 0.544291 4.00232 0.296763 4524
13 7 19 23.589 0.540357 3.33725 0.491843 6153
13 7 20 23.7002 0.525463 3.36043 0.452803 5279
13 7 21 24.0178 0.519824 3.6713 0.304389 4988
13 7 22 23.0354 0.705931 4.06148 0.299247 4556
13 7 23 23.4358 0.576544 3.20692 0.531484 5517
13 7 24 24.0972 0.480695 3.36301 0.285097 4308
13 7 25 24.471 0.508476 3.9796 0.224827 7359
13 7 26 24.9648 0.584625 3.65944 0.333114 4819
13 7 27 24.4552 0.524285 3.78543 0.283083 5808
13 7 28 25.1704 0.455592 3.24494 0.650587 5014
13 7 29 24.0985 0.489197 3.28377 0.457567 5339
13 7 30 23.8692 0.520168 3.62189 0.358362 5152
13 7 31 24.0934 0.49115 3.57793 0.390333 7753
13 7 32 23.8178 0.529478 4.17126 0.221117 5839
13 7 33 23.6581 0.473421 3.97703 0.174356 6338
13 7 34 24.4349 0.532372 4.04963 0.176661 5379
13 7 35 24.3135 0.518777 3.69903 0.408534 8845
13 7 36 24.5601 0.526938 3.82225 0.414831 6213
13 7 37 26.3088 0.730759 4.3054 0.383452 5821
13 7 38 25.588 0.763792 4.06258 0.303409 9348
13 7 39 24.9223 0.532819 4.21767 0.200197 9444
13 7 40 24.3688 0.532903 3.91758 0.309999 6033
13 7 41 24.2263 0.585118 4.0704 0.240308 6772
13 7 42 24.403 0.472341 3.95475 0.277231 7018
13 7 43 24.1201 0.626714 3.87496 0.298274 5773
13 7 44 0 -10 0 0 0
13 7 45 23.6431 0.52373 3.73425 0.294899 7355
13 7 46 23.2051 0.569523 3.97145 0.227111 6692
13 7 47 25.1447 0.694561 4.1296 0.238908 11878
13 7 48 24.5697 0.648409 3.51678 0.542234 6109
13 7 49 23.2853 0.483511 3.65799 0.221886 6469
13 7 50 23.0743 0.516785 3.91745 0.267249 8280
13 7 51 24.1848 0.53417 4.12652 0.201485 8816
13 7 52 23.9265 0.481349 3.42145 0.481021 6230
13 7 53 24.3325 0.593693 4.0239 0.242771 10701
13 7 54 23.8687 0.499929 3.51531 0.297117 7676
13 7 55 22.8059 0.495749 3.61871 0.255042 8358
13 7 56 23.4169 0.488474 4.25957 0.211235 9413
13 7 57 24.1666 0.542637 3.95075 0.297125 8893
13 7 58 22.5186 0.580473 3.35687 0.635817 7633
13 7 59 24.5334 0.552435 4.07452 0.264259 7066
13 7 60 25.3229 0.609032 4.3703 0.222093 9055
13 7 61 23.8868 0.541006 4.31426 0.287424 9180
13 7 62 23.8552 0.657368 3.54876 0.734339 7816
13 7 63 23.3236 0.471545 3.77497 0.319985 7959
13 8 0 20.9298 0.455537 3.43076 0.435752 5978
13 8 1 21.1364 0.389409 3.10919 0.440276 5897
13 8 2 20.4969 0.843731 3.84221 0.48291 4425
13 8 3 22.4696 0.47445 3.42958 0.286598 5555
13 8 4 20.409 0.449883 3.25925 0.426858 5857
13 8 5 20.4803 0.386897 3.11142 0.350279 6518
13 8 6 22.4278 0.489368 3.32335 0.51315 3761
13 8 7 23.2558 0.508659 3.42119 0.584676 3731
13 8 8 21.1791 0.326226 2.61477 0.605365 6654
13 8 9 22.5682 0.447447 3.44108 0.421097 5257
13 8 10 20.4707 0.465568 3.6501 0.335677 7869
13 8 11 20.9265 0.433035 3.3643 0.439434 5714
13 8 12 20.9345 0.513494 2.94493 0.496869 5833
13 8 13 22.5502 0.432191 3.26027 0.434229 6675
13 8 14 20.5005 0.375442 3.12695 0.382737 7047
13 8 15 21.7964 0.437113 3.08302 0.546875 6970
13 8 16 23.2792 0.469375 4.0685 0.422973 4021
13 8 17 22.6267 0.58746 2.89716 0.705884 5206
13 8 18 21.3439 0.429801 2.99943 0.673872 6173
13 8 19 22.413 0.44208 3.79845 0.402798 8435
13 8 20 21.5293 0.401994 3.46459 0.321606 5367
13 8 21 22.5502 0.456858 3.46818 0.55338 6895
13 8 22 21.7073 0.452002 3.32146 0.411323 5265
13 8 23 20.8454 0.397427 3.06046 0.481822 6346
13 8 24 20.904 0.440093 2.88826 0.388199 6289
13 8 25 21.9356 0.42868 3.75639 0.249786 8023
13 8 26 21.407 0.38933 3.17588 0.503206 6716
13 8 27 21.8609 0.390959 3.55353 0.325671 7233
13 8 28 22.219 0.421851 3.35955 0.295113 7285
13 8 29 21.8404 0.400848 3.27716 0.618222 6237
13 8 30 22.3718 0.428659 3.3899 0.546804 5595
13 8 31 22.0029 0.442677 3.52431 0.423424 9619
13 8 32 21.0506 0.438129 3.32825 0.248935 10910
13 8 33 21.8478 0.408995 3.31892 0.368462 8629
13 8 34 21.6262 0.424199 3.61562 0.358583 6864
13 8 35 21.9266 0.409355 4.09983 0.277892 13477
13 8 36 21.7865 0.41652 3.44052 0.366449 7103
13 8 37 20.8157 0.361268 3.10795 0.34308 8894
13 8 38 21.9135 0.436277 3.97705 0.197964 11593
13 8 39 21.9837 0.44574 3.75535 0.270508 11386
13 8 40 21.6727 0.532543 3.53052 0.3778 5869
13 8 41 22.3289 0.460556 3.38024 0.463141 10652
13 8 42 22.5681 0.455051 3.71123 0.37494 7299
13 8 43 21.5594 0.415048 3.4837 0.256598 6550
13 8 44 22.1095 0.424533 3.43088 0.408377 10073
13 8 45 21.1791 0.424034 3.55121 0.331271 9619
13 8 46 22.5007 0.420878 3.91747 0.3454 6338
13 8 47 21.637 0.415492 3.83233 0.235371 18805
13 8 48 21.672 0.434558 2.99416 0.659296 8845
13 8 49 21.4212 0.400902 3.76228 0.295571 9444
13 8 50 20.1866 0.376595 3.30525 0.290522 10824
13 8 51 21.2186 0.406537 3.64895 0.292065 9360
13 8 52 20.9835 0.345676 2.8069 0.811169 7312
13 8 53 21.5356 0.437983 3.78678 0.310877 12502
13 8 54 20.8704 0.379164 3.70303 0.256687 9014
13 8 55 21.6622 0.577318 3.52275 0.532246 8089
13 8 56 21.097 0.489677 4.28961 0.372663 10410
13 8 57 21.1992 0.564469 3.91779 0.251379 9905
13 8 58 22.0574 0.47414 3.66025 0.427563 9115
13 8 59 20.4977 0.427023 3.51758 0.45682 8580
13 8 60 22.9585 0.693415 3.60205 0.489175 11076
13 8 61 22.3435 0.531318 3.91897 0.425121 10990
13 8 62 21.0159 0.421277 3.56505 0.331707 7661
13 8 63 20.9528 0.41392 3.44825 0.35414 8324
13 9 0 0 -10 0 0 0
13 9 1 0 -10 0 0 0
13 9 2 0 -10 0 0 0
13 9 3 0 -10 0 0 0
13 9 4 0 -10 0 0 0
13 9 5 0 -10 0 0 0
13 9 6 0 -10 0 0 0
13 9 7 0 -10 0 0 0
13 9 8 0 -10 0 0 0
13 9 9 0 -10 0 0 0
13 9 10 0 -10 0 0 0
13 9 11 0 -10 0 0 0
13 9 12 0 -10 0 0 0
13 9 13 0 -10 0 0 0
13 9 14 0 -10 0 0 0
13 9 15 0 -10 0 0 0
13 9 16 0 -10 0 0 0
13 9 17 0 -10 0 0 0
13 9 18 0 -10 0 0 0
13 9 19 0 -10 0 0 0
13 9 20 0 -10 0 0 0
13 9 21 0 -10 0 0 0
13 9 22 0 -10 0 0 0
13 9 23 0 -10 0 0 0
13 9 24 0 -10 0 0 0
13 9 25 0 -10 0 0 0
13 9 26 0 -10 0 0 0
13 9 27 0 -10 0 0 0
13 9 28 0 -10 0 0 0
13 9 29 0 -10 0 0 0
13 9 30 0 -10 0 0 0
13 9 31 0 -10 0 0 0
13 9 32 0 -10 0 0 0
13 9 33 0 -10 0 0 0
13 9 34 0 -10 0 0 0
13 9 35 0 -10 0 0 0
13 9 36 0 -10 0 0 0
13 9 37 0 -10 0 0 0
13 9 38 0 -10 0 0 0
13 9 39 0 -10 0 0 0
13 9 40 0 -10 0 0 0
13 9 41 0 -10 0 0 0
13 9 42 0 -10 0 0 0
13 9 43 0 -10 0 0 0
13 9 44 0 -10 0 0 0
13 9 45 0 -10 0 0 0
13 9 46 0 -10 0 0 0
13 9 47 0 -10 0 0 0
13 9 48 0 -10 0 0 0
13 9 49 0 -10 0 0 0
13 9 50 0 -10 0 0 0
13 9 51 0 -10 0 0 0
13 9 52 0 -10 0 0 0
13 9 53 0 -10 0 0 0
13 9 54 0 -10 0 0 0
13 9 55 0 -10 0 0 0
13 9 56 0 -10 0 0 0
13 9 57 0 -10 0 0 0
13 9 58 0 -10 0 0 0
13 9 59 0 -10 0 0 0
13 9 60 0 -10 0 0 0
13 9 61 0 -10 0 0 0
13 9 62 0 -10 0 0 0
13 9 63 0 -10 0 0 0
13 10 0 32 -2 0 0 8307
13 10 1 25.5861 0.472403 4.66255 0.382771 8361
13 10 2 26.3574 0.47626 4.30906 0.309413 8133
13 10 3 24.3646 0.400329 4.28009 0.344297 11809
13 10 4 24.7053 0.375366 4.33082 0.240893 9846
13 10 5 23.9968 0.376799 4.28199 0.365288 9209
13 10 6 25.9423 0.467493 4.19133 0.334131 9047
13 10 7 25.3216 0.428096 4.97178 0.177046 12093
13 10 8 25.9826 0.483039 4.25949 0.422501 8369
13 10 9 24.8119 0.412342 4.60765 0.487205 12843
13 10 10 24.9477 0.408967 4.63038 0.364961 10873
13 10 11 24.4869 0.380856 3.97277 0.314654 9764
13 10 12 23.954 0.398449 3.99623 0.313304 11931
13 10 13 24.0443 0.405596 4.10396 0.283973 12135
13 10 14 25.0032 0.396581 4.48294 0.339 8607
13 10 15 23.4861 0.36799 3.56874 0.320826 13740
13 10 16 25.8696 0.488985 4.91749 0.248681 16013
13 10 17 24.2518 0.397276 4.3671 0.20947 8584
13 10 18 23.5039 0.364414 3.89729 0.227236 12008
13 10 19 24.9637 0.404986 4.3128 0.232541 14004
13 10 20 25.3103 0.405166 3.97975 0.3635 9100
13 10 21 25.9843 0.465937 4.09485 0.460563 10445
13 10 22 24.582 0.401332 3.97586 0.299914 13150
13 10 23 24.285 0.387998 4.45318 0.287657 9455
13 10 24 24.5247 0.388113 3.97268 0.45415 8724
13 10 25 26.2981 0.474977 4.18791 0.349614 15612
13 10 26 23.9065 0.37731 4.68887 0.326689 10087
13 10 27 25 0.400226 4.15944 0.308831 12236
13 10 28 24.2667 0.357634 4.39241 0.323768 13518
13 10 29 25.391 0.366327 4.21827 0.339644 8502
13 10 30 24.3816 0.374724 3.8189 0.344054 12754
13 10 31 25.7986 0.425415 4.42585 0.463791 17818
13 10 32 24.888 -3 0 0 13905
13 10 33 23.9699 0.353016 3.97801 0.378675 14369
13 10 34 24.6691 0.389525 4.27584 0.302839 9276
13 10 35 24.9698 0.393536 4.14984 0.237084 17561
13 10 36 25.7483 0.421445 3.98733 0.274312 10681
13 10 37 26.0331 0.413491 4.53655 0.313566 9615
13 10 38 26.1605 0.408125 4.91534 0.290067 14931
13 10 39 25.7139 0.419603 4.25299 0.276326 14434
13 10 40 25.5924 0.463914 4.836 0.397828 10341
13 10 41 24.8603 0.386725 4.17359 0.24088 13283
13 10 42 25.491 0.393127 4.01557 0.318159 10590
13 10 43 24.2799 0.392318 3.82799 0.352531 10019
13 10 44 25.1968 0.402736 4.28434 0.372526 12806
13 10 45 24.013 0.347694 4.05292 0.20414 13219
13 10 46 24.4654 0.374611 3.99666 0.265116 10804
13 10 47 26.7652 0.511372 4.53471 0.316214 18908
13 10 48 24.3581 0.414497 4.21291 0.38348 11716
13 10 49 24.761 0.419524 4.09742 0.285972 11608
13 10 50 24.7539 0.389231 4.03147 0.461805 13769
13 10 51 24.8373 0.41497 4.48663 0.350204 13468
13 10 52 25.2535 0.391371 4.49655 0.23544 9478
13 10 53 24.6869 0.395119 4.35669 0.236587 17387
13 10 54 24.5187 0.380987 4.37305 0.256457 12985
13 10 55 23.3718 0.39594 3.82898 0.526349 11814
13 10 56 24.3128 0.401604 4.1783 0.340177 15395
13 10 57 24.2264 0.401296 4.83555 0.211001 11043
13 10 58 24.4052 0.362877 4.0443 0.375035 11942
13 10 59 24.2874 0.399549 4.15718 0.451635 11303
13 10 60 23.3994 0.395822 4.27522 0.31514 16408
13 10 61 24.2586 0.430166 4.41791 0.314026 12888
13 10 62 23.6909 0.368998 4.0988 0.392747 11320
13 10 63 23.5876 0.378121 4.34903 0.402504 12111
13 11 0 22.1649 0.454983 3.81267 0.31697 17176
13 11 1 21.64 0.396988 3.8512 0.241913 14346
13 11 2 21.8639 0.404959 4.00903 0.241074 8628
13 11 3 20.7527 0.413007 2.66819 0.859488 6537
13 11 4 21.4482 0.374696 3.34761 0.460567 8743
13 11 5 20.1138 0.441426 3.12045 0.444297 9712
13 11 6 21.0082 0.361755 3.49238 0.366145 9078
13 11 7 20.7257 0.480696 3.52551 0.587801 5668
13 11 8 20.729 0.414636 3.64072 0.297794 10891
13 11 9 22.0295 0.43996 3.22759 0.473039 8444
13 11 10 21.0701 0.469014 3.67062 0.541768 5487
13 11 11 21.0815 0.364144 3.23908 0.353074 8833
13 11 12 21.14 0.443517 3.24684 0.374735 7976
13 11 13 21.3551 0.415355 2.94078 0.539715 6499
13 11 14 21.3037 0.413148 3.80461 0.208577 14396
13 11 15 20.8673 0.359243 3.18719 0.335496 7529
13 11 16 21.9262 0.413874 3.54931 0.324062 6242
13 11 17 21.8072 0.368947 3.51185 0.300776 10621
13 11 18 21.6845 0.352529 3.36488 0.384745 7788
13 11 19 20.5223 0.649575 3.58745 0.458288 6683
13 11 20 23.8936 0.607159 3.74642 0.714209 6426
13 11 21 21.4295 0.452601 3.80767 0.345885 6822
13 11 22 21.2246 0.348516 2.99026 0.439386 7099
13 11 23 20.9512 0.410029 2.927 0.364271 10400
13 11 24 20.7765 0.462223 3.76072 0.295956 12351
13 11 25 21.287 0.397189 2.37853 0.898176 6546
13 11 26 21.5724 0.444335 3.74452 0.343622 16101
13 11 27 21.5531 0.369046 3.09356 0.413969 7544
13 11 28 21.8135 0.364003 3.35431 0.348281 6363
13 11 29 22.0663 0.406888 3.31672 0.254715 10146
13 11 30 21.8554 0.441003 2.47661 0.875696 6750
13 11 31 21.352 0.340257 2.648 0.408903 6718
13 11 32 21.1672 0.439813 3.14545 0.455531 5393
13 11 33 21.1991 0.707214 3.35768 0.532975 5956
13 11 34 23.8334 0.46357 4.17107 0.335734 12115
13 11 35 21.154 1.04071 3.36852 0.594553 5085
13 11 36 21.6756 0.382758 3.19975 0.544711 6136
13 11 37 22.35 0.365092 3.33942 0.524669 7050
13 11 38 21.663 0.37458 3.18382 0.351866 6240
13 11 39 22.3876 0.419506 3.19657 0.685545 6144
13 11 40 21.6116 0.398579 3.43429 0.302999 6273
13 11 41 21.6947 0.43221 3.24457 0.485753 5078
13 11 42 21.591 0.355671 3.27771 0.423201 7380
13 11 43 22.3344 0.413053 3.30773 0.374135 9667
13 11 44 21.4241 -3 0 0 5530
13 11 45 20.9598 0.392849 3.37565 0.3197 6065
13 11 46 21.8323 0.417645 4.06652 0.227459 11150
13 11 47 21.4804 0.434179 3.56738 0.305399 4458
13 11 48 20.3843 0.381242 3.25543 0.457627 8145
13 11 49 21.1361 0.384706 3.01021 0.509184 7700
13 11 50 21.4591 0.365868 3.04488 0.419382 5712
13 11 51 22.0489 0.421341 3.61071 0.342557 10077
13 11 52 20.2692 0.442128 3.55608 0.248737 9383
13 11 53 22.2389 0.423823 3.68655 0.541807 4631
13 11 54 20.381 0.416985 3.14178 0.353 7562
13 11 55 21.2162 0.376272 3.1156 0.553607 9678
13 11 56 21.4139 0.348726 3.31145 0.320631 7975
13 11 57 21.5794 0.456951 3.59219 0.398364 7451
13 11 58 20.3369 0.480198 3.35285 0.35617 7749
13 11 59 20.2206 0.381133 4.0107 0.230149 11132
13 11 60 20.1176 0.394758 3.33732 0.383576 7018
13 11 61 20.496 0.412586 4.20202 0.237315 10456
13 11 62 20.1799 0.41531 3.71613 0.265105 10908
13 11 63 20.8583 0.375655 3.26256 0.319165 8736
13 12 0 23.7007 0.352011 4.19579 0.390289 14112
13 12 1 24.1394 0.389731 4.10172 0.364748 14037
13 12 2 23.6341 0.349921 4.40186 0.20742 14546
13 12 3 22.9089 0.334334 3.65104 0.549909 15033
13 12 4 21.9026 0.320527 3.81997 0.252284 13201
13 12 5 23.1444 0.345039 3.66181 0.377898 13726
13 12 6 23.5573 0.374965 4.25846 0.43222 16179
13 12 7 22.9615 0.390116 4.30605 0.33774 17990
13 12 8 23.6661 0.34137 4.03572 0.331378 12692
13 12 9 23.1457 0.375721 3.7731 0.45151 17395
13 12 10 22.5585 0.409415 4.52002 0.250239 19125
13 12 11 23.3639 0.372573 3.77396 0.533689 12871
13 12 12 22.8226 0.34315 3.6056 0.397151 15490
13 12 13 22.7568 0.335781 3.71923 0.24263 15148
13 12 14 23.4897 0.369345 3.8011 0.293397 12449
13 12 15 23.1944 0.354872 3.87936 0.322839 14944
13 12 16 22.765 0.366488 4.5366 0.256965 22265
13 12 17 22.9061 0.33407 3.76812 0.254635 12240
13 12 18 23.0381 0.350265 3.80286 0.33129 11750
13 12 19 23.3528 0.386877 3.99484 0.396477 15589
13 12 20 22.6908 0.307128 3.55479 0.307551 12380
13 12 21 23.5 0.382411 4.49926 0.282596 13981
13 12 22 23.2389 0.353493 4.06718 0.281745 15686
13 12 23 23.4095 0.353092 3.57657 0.510604 11854
13 12 24 22.0672 0.403241 3.52061 0.472048 13114
13 12 25 23.2894 0.33655 4.18938 0.333154 16057
13 12 26 23.723 0.355544 4.28712 0.329084 11426
13 12 27 22.5655 0.391129 3.55332 0.437638 14927
13 12 28 22.4143 0.305804 3.63403 0.354851 15150
13 12 29 22.2614 0.379218 3.64324 0.354958 11230
13 12 30 23.7331 0.446945 3.71172 0.533807 13062
13 12 31 23.9902 0.352379 3.85451 0.415991 14386
13 12 32 24.2301 0.35355 4.23897 0.351636 11811
13 12 33 23.1461 0.324537 3.6509 0.369377 13174
13 12 34 23.5075 0.3774 3.84307 0.378163 9787
13 12 35 23.2926 0.359456 4.56115 0.371454 12849
13 12 36 23.8842 0.356242 3.48817 0.513257 12033
13 12 37 24.2237 0.382693 3.53553 0.488732 10719
13 12 38 25.054 0.435063 3.8796 0.516084 11630
13 12 39 22.4866 0.39415 4.21201 0.419785 9929
13 12 40 22.448 0.355679 3.94952 0.347623 9800
13 12 41 23.8754 0.396653 3.74173 0.444797 10384
13 12 42 23.0621 0.346046 3.64919 0.462345 10424
13 12 43 24.2483 0.364346 3.91883 0.388414 8970
13 12 44 23.8965 0.342813 3.67739 0.629589 10837
13 12 45 23.1089 0.354275 4.05776 0.36724 11220
13 12 46 23.6559 0.390064 4.00972 0.51352 9554
13 12 47 23.8969 0.394176 4.4336 0.204811 12370
13 12 48 23.325 0.338784 3.37295 0.589883 10433
13 12 49 23.0446 0.347276 4.03379 0.317006 9158
13 12 50 22.9409 0.34439 3.94544 0.432644 10127
13 12 51 23.6812 0.396624 4.70521 0.288841 7768
13 12 52 22.7529 0.348182 3.89825 0.400743 8272
13 12 53 23.8387 0.410649 3.7778 0.397146 10897
13 12 54 23.4237 0.361327 3.4963 0.496989 8665
13 12 55 22.6896 0.367907 3.67018 0.79634 8217
13 12 56 23.7868 0.380278 3.85423 0.386516 8790
13 12 57 24.0375 0.382075 4.52961 0.369323 7905
13 12 58 22.5276 0.334101 3.64443 0.497299 10019
13 12 59 23.028 0.374262 3.902 0.5509 8691
13 12 60 23.0098 0.368606 4.10538 0.456766 9816
13 12 61 24.856 0.452059 4.1041 0.515442 7113
13 12 62 22.1665 0.394009 4.33093 0.260476 9058
13 12 63 22.9435 0.33936 3.90704 0.385564 9344
13 13 0 23.3255 0.599168 3.69004 0.429202 8503
13 13 1 22.2915 0.419107 3.49427 0.337084 7084
13 13 2 22.3241 0.493474 3.30937 0.476207 6413
13 13 3 21.7093 0.511272 3.24097 0.363793 4448
13 13 4 21.7822 0.451214 3.34239 0.545531 6307
13 13 5 22.172 0.428876 3.39609 0.30486 5272
13 13 6 22.0611 0.418116 3.42963 0.38777 6135
13 13 7 21.5833 0.560847 3.30281 0.50783 4586
13 13 8 21.6021 0.441344 3.51871 0.329104 6988
13 13 9 22.4047 0.389734 2.8437 0.778439 4718
13 13 10 22.1148 -3 0 0 4374
13 13 11 21.1152 0.526239 3.32061 0.496143 6341
13 13 12 21.13 0.556631 2.80805 0.65996 5445
13 13 13 22.7204 0.593781 3.21404 0.708867 4918
13 13 14 21.915 0.423033 3.95205 0.268983 9163
13 13 15 21.6869 0.420883 2.96028 0.370406 5230
13 13 16 22.2264 0.42371 3.77042 0.459768 4455
13 13 17 22.4755 0.452326 3.5776 0.422139 7058
13 13 18 21.7643 0.4197 3.20646 0.357171 5313
13 13 19 21.8982 0.420609 3.09926 0.393431 4973
13 13 20 21.3875 0.436608 2.79018 0.594358 6682
13 13 21 22.2512 0.426452 3.25393 0.386187 5363
13 13 22 21.6783 0.589794 2.82502 0.553708 4423
13 13 23 22.7408 0.540162 3.66831 0.343976 6077
13 13 24 21.9669 0.390354 3.43101 0.383998 7879
13 13 25 21.9091 0.412585 3.23281 0.323587 4678
13 13 26 22.6553 0.415898 3.97131 0.38359 9869
13 13 27 22.6429 0.368976 2.87809 0.437393 5654
13 13 28 21.8708 0.402599 3.17533 0.362395 4642
13 13 29 22.9546 0.417951 3.49016 0.448424 8657
13 13 30 21.9529 0.436675 3.48487 0.389209 6039
13 13 31 22.0946 0.415005 3.45931 0.335624 5476
13 13 32 21.6199 0.458437 2.78139 0.450362 5585
13 13 33 22.3399 0.387502 3.02231 0.456106 5967
13 13 34 22.5748 0.483317 3.67463 0.283363 10285
13 13 35 23.0085 0.454971 3.38264 0.432179 4580
13 13 36 21.3624 0.37602 3.41937 0.37931 6726
13 13 37 22.615 0.422307 3.22502 0.460222 7233
13 13 38 21.8604 0.410126 3.34792 0.33164 6110
13 13 39 21.7729 0.390156 3.34237 0.471018 8188
13 13 40 21.3638 0.52466 3.33763 0.545273 6242
13 13 41 21.5863 0.441955 3.03494 0.352979 5641
13 13 42 22.4222 0.384526 3.37402 0.367791 6734
13 13 43 21.5116 0.432103 3.2661 0.305472 9143
13 13 44 21.0491 0.379593 3.37869 0.448149 5745
13 13 45 21.9503 0.426804 3.61298 0.258989 5973
13 13 46 22.7623 0.401429 3.88783 0.286371 10465
13 13 47 22.1362 0.410363 3.62932 0.366421 6992
13 13 48 21.6826 0.425172 3.44996 0.248381 6593
13 13 49 21.387 0.420323 3.73617 0.251404 7843
13 13 50 22.2778 0.409773 3.33922 0.394073 5993
13 13 51 22.4819 0.441744 3.59481 0.300124 13159
13 13 52 21.3302 0.406476 3.50014 0.254462 9619
13 13 53 21.9588 0.387435 3.59937 0.496561 5816
13 13 54 21.2986 0.543718 3.04859 0.596957 6918
13 13 55 21.7803 0.403844 3.84034 0.262976 9906
13 13 56 23.6003 0.549716 3.53724 0.397561 8097
13 13 57 22.2822 0.457071 4.02784 0.237116 9428
13 13 58 20.7764 0.479857 3.88064 0.268845 6871
13 13 59 21.4342 0.418819 3.16246 0.690257 11511
13 13 60 20.943 0.381614 3.00217 0.384486 8321
13 13 61 22.1017 0.459872 3.60044 0.299615 13448
13 13 62 21.1596 0.428879 3.79019 0.285966 12779
13 13 63 20.5948 0.343614 3.23642 0.267663 10186
13 14 0 22.8311 0.610811 3.91079 0.396123 10207
13 14 1 20.3677 0.428071 3.45583 0.234081 9076
13 14 2 21.5861 0.454737 3.67982 0.292009 8849
13 14 3 20.5969 0.421891 2.75639 0.457238 9510
13 14 4 20.4481 0.406838 3.02379 0.353072 7675
13 14 5 21.1743 0.443831 3.1308 0.372626 9619
13 14 6 21.3238 0.426421 3.37287 0.358517 10083
13 14 7 20.7344 0.471629 3.62528 0.254748 10541
13 14 8 20.88 0.401532 3.47356 0.233826 7406
13 14 9 22.8198 0.537799 3.96343 0.285819 10633
13 14 10 21.3982 0.428501 3.88612 0.212961 11441
13 14 11 20.3603 0.478299 2.94652 0.386119 7336
13 14 12 22.1931 0.476951 3.10092 0.341033 8461
13 14 13 21.4724 0.425923 3.45786 0.255545 8147
13 14 14 21.9166 0.456137 3.61718 0.234489 7412
13 14 15 22.0142 0.497815 3.39476 0.374594 7280
13 14 16 20.8351 0.508832 4.35098 0.273695 14171
13 14 17 21.8127 0.50236 3.10461 0.472634 6263
13 14 18 22.2514 0.452694 3.05936 0.340299 7311
13 14 19 21.3513 -3 0 0 9803
13 14 20 20.9369 0.483946 2.79956 0.398523 7092
13 14 21 20.5728 0.66365 4.11439 0.280958 10059
13 14 22 20.9457 0.480077 3.63737 0.203239 8910
13 14 23 20.9432 0.455537 3.34654 0.291844 6481
13 14 24 21.0651 0.386084 3.20627 0.240004 7615
13 14 25 21.2962 0.472126 3.84358 0.23684 8434
13 14 26 21.3552 0.439089 3.50753 0.17813 6483
13 14 27 22.1858 0.430962 3.14979 0.307166 6513
13 14 28 22.8403 0.716247 3.72641 0.440662 6302
13 14 29 20.1441 0.71498 3.39747 0.417293 5870
13 14 30 21.2692 0.426771 3.20454 0.250939 6528
13 14 31 22.7176 0.526728 3.67764 0.497571 7936
13 14 32 21.8603 0.409593 2.9978 0.61742 6082
13 14 33 21.1773 0.541769 2.75393 0.518506 6371
13 14 34 20.9626 0.447414 3.49978 0.26942 6149
13 14 35 21.2323 0.46016 3.58799 0.294556 7155
13 14 36 21.2532 0.409737 3.03085 0.271159 6234
13 14 37 21.4457 0.460648 3.01423 0.438329 5362
13 14 38 21.6801 0.608844 3.64636 0.278978 5827
13 14 39 22.1423 0.492529 2.97553 0.474503 5853
13 14 40 21.3089 0.404405 2.86751 0.419477 5549
13 14 41 22.1854 0.472205 3.05867 0.424496 5656
13 14 42 21.3874 0.787326 3.15795 0.359 5340
13 14 43 21.3379 0.467906 3.00309 0.588518 5392
13 14 44 20.4688 0.550697 3.34089 0.354421 5446
13 14 45 21.2664 0.496352 2.64601 0.456355 5417
13 14 46 20.8406 0.420257 2.80502 0.514309 6077
13 14 47 21.8255 0.466877 3.36034 0.590633 6239
13 14 48 20.8049 0.42906 2.7545 0.560188 5756
13 14 49 20.6485 0.585294 3.02869 0.405508 5201
13 14 50 20.4703 0.547051 3.6401 0.395894 5608
13 14 51 21.2402 0.467227 3.30382 0.291379 5095
13 14 52 21.149 0.607464 2.90873 0.532965 4778
13 14 53 20.6536 0.472312 3.35057 0.24376 5706
13 14 54 20.9847 1.10598 2.95795 0.621374 4738
13 14 55 20.9805 0.41318 2.83025 0.365036 5123
13 14 56 20.2018 0.531995 3.06976 0.409816 5762
13 14 57 19.8547 0.613825 2.7266 0.556415 5397
13 14 58 20.4612 0.459166 3.06063 0.289038 5037
13 14 59 20.8912 0.47272 2.87373 0.567491 5544
13 14 60 20.0877 0.774745 3.49803 0.315892 6251
13 14 61 22.3382 0.512513 3.63425 0.472806 5197
13 14 62 20.759 0.494655 3.10466 0.454729 4958
13 14 63 20.7783 0.435717 2.39416 0.512948 4825
13 15 0 21.3804 0.463644 3.24945 0.259167 5873
13 15 1 21.2031 0.572836 2.46665 0.524434 5232
13 15 2 21.6185 0.467481 2.7244 0.303781 5152
13 15 3 21.2274 0.646597 2.81246 0.313019 3497
13 15 4 21.2489 0.738765 2.66346 0.476736 4030
13 15 5 21.1949 0.65707 2.63834 0.328365 4030
13 15 6 22.1064 0.507126 2.96818 0.350324 4188
13 15 7 20.7185 0.512594 3.07654 0.281004 3851
13 15 8 20.2728 0.461834 2.15339 0.489242 4739
13 15 9 21.9595 0.580866 2.79356 0.363744 4132
13 15 10 21.8312 0.510547 3.17811 0.364126 3770
13 15 11 21.3024 0.674079 2.64221 0.512388 4378
13 15 12 20.3241 0.436289 2.51512 0.381066 3912
13 15 13 22.225 0.659367 2.55756 0.392675 3761
13 15 14 21.603 0.477011 3.03859 0.424486 5285
13 15 15 20.9479 0.44055 2.27401 0.468092 3892
13 15 16 21.7863 0.470233 2.84175 0.355084 3865
13 15 17 21.0948 0.451928 2.6515 0.264009 5206
13 15 18 21.1735 0.647901 2.61854 0.400113 4347
13 15 19 21.5334 0.443925 2.8894 0.337249 3923
13 15 20 20.9065 0.607458 2.64972 0.396807 4699
13 15 21 21.1851 0.460137 2.88592 0.323858 4435
13 15 22 21.1871 0.463194 2.64496 0.426211 3546
13 15 23 21.4782 0.59396 2.25671 0.43233 4982
13 15 24 22.2525 0.547271 2.80389 0.334651 4404
13 15 25 21.1932 0.501906 2.52676 0.403437 3986
13 15 26 21.7358 0.555643 3.46607 0.214922 5059
13 15 27 21.404 0.498849 2.41053 0.583296 3714
13 15 28 20.6819 0.57662 2.50531 0.346395 3999
13 15 29 20.5476 0.54572 2.53109 0.417052 5336
13 15 30 21.1454 0.47764 2.65931 0.314918 4360
13 15 31 21.7163 0.494835 2.8704 0.381674 3968
13 15 32 21.6104 0.608139 2.78444 0.279244 3808
13 15 33 21.6586 0.482418 2.46919 0.316889 4398
13 15 34 21.5218 0.487103 2.99135 0.286182 6579
13 15 35 21.4158 0.765308 2.82035 0.351473 4187
13 15 36 22.2376 0.490836 2.70298 0.313083 4695
13 15 37 21.5023 0.514736 2.68127 0.409251 5065
13 15 38 21.8195 0.505463 2.73596 0.506566 4617
13 15 39 20.7642 0.546621 3.36867 0.279125 6636
13 15 40 20.841 0.469454 2.77614 0.309275 4722
13 15 41 21.2261 0.502546 2.41629 0.349824 4561
13 15 42 23.2221 0.724434 2.77277 0.655658 5277
13 15 43 20.8938 0.659133 2.85253 0.374256 6009
13 15 44 21.3008 0.436479 2.45774 0.46351 4371
13 15 45 21.6812 0.464424 2.85589 0.340052 3826
13 15 46 21.0553 0.648899 3.43969 0.323411 6079
13 15 47 21.3235 0.468955 2.88795 0.443577 5028
13 15 48 21.7323 0.462343 2.58358 0.453777 4949
13 15 49 21.6498 0.461102 2.6645 0.4417 6192
13 15 50 20.2615 0.538613 2.70708 0.388547 4675
13 15 51 23.1002 0.539437 3.41922 0.33568 6971
13 15 52 20.6625 0.503733 2.73884 0.342957 5924
13 15 53 20.3371 0.627027 2.8725 0.440656 5213
13 15 54 20.5219 0.492442 2.85266 0.280081 4838
13 15 55 21.277 0.816121 2.91137 0.597581 6548
13 15 56 20.1816 0.501154 2.90542 0.353028 6396
13 15 57 20.2336 0.485864 3.30203 0.171133 8003
13 15 58 20.4456 0.518671 2.68195 0.348175 6033
13 15 59 19.8245 0.586359 3.45043 0.293045 6847
13 15 60 20.0617 0.467148 2.73054 0.3565 6005
13 15 61 21.2102 0.543783 3.82081 0.179017 8151
13 15 62 20.0965 0.434028 3.05693 0.349689 7920
13 15 63 21.3423 0.568542 3.04768 0.486273 6166
14 0 0 26.1025 0.537162 4.22182 0.770348 11574
14 0 1 23.5817 0.531322 3.76062 0.722128 7928
14 0 2 26.6331 0.525027 3.77604 0.922242 10559
14 0 3 23.9885 0.520744 3.22913 0.720319 7899
14 0 4 26.8564 0.508259 3.84443 0.908801 11693
14 0 5 23.6174 0.510505 2.87346 0.653159 8036
14 0 6 23.4841 0.541547 3.13347 0.901273 7005
14 0 7 25.928 0.53039 3.78676 0.795668 9516
14 0 8 23.4702 0.521693 3.46108 0.76306 10090
14 0 9 25.8497 0.529552 3.54493 0.864642 9305
14 0 10 23.3786 0.573622 3.80206 0.747346 6066
14 0 11 26.2275 0.531131 4.06255 0.925326 12227
14 0 12 24.0806 0.518062 3.17179 0.918914 7959
14 0 13 26.1236 0.492842 3.73224 0.928353 10153
14 0 14 28 -2 0 0 11045
14 0 15 23.7743 0.496526 3.15751 0.831013 8720
14 0 16 26.9859 0.573054 2.96218 0.772312 2165
14 0 17 23.1187 0.530387 3.37955 0.739958 10966
14 0 18 23.9629 0.516586 3.79319 0.86708 8052
14 0 19 23.207 0.52989 3.00399 0.805161 8281
14 0 20 23.9474 0.516613 3.35772 0.853013 10097
14 0 21 24.1616 0.534943 4.18493 0.901313 8033
14 0 22 26.2389 0.547461 3.44029 0.865162 10027
14 0 23 24.9293 0.52427 3.46589 0.878983 13873
14 0 24 23.6773 0.51218 3.61455 0.869331 10314
14 0 25 26.1424 0.515676 3.9471 0.885916 11141
14 0 26 24.1879 0.520277 4.22918 0.873196 11273
14 0 27 22.6189 -4 0 0 11570
14 0 28 26.1393 0.560327 3.46621 0.833669 10826
14 0 29 23.441 0.523185 3.52165 0.752902 11326
14 0 30 27.6966 0.53431 4.19138 0.750604 4440
14 0 31 27.0177 0.519905 3.77174 1.00689 11865
14 0 32 25.884 0.57355 4.25198 0.946529 12043
14 0 33 24.7066 0.522932 3.22434 0.741161 10312
14 0 34 30 -2 0 0 12573
14 0 35 23.8277 0.534528 3.70325 0.866598 10288
14 0 36 30.7667 0.54246 4.03278 1.07845 3621
14 0 37 25.1536 0.521894 3.87845 0.664615 9742
14 0 38 26.3166 0.499015 3.42157 0.92179 13625
14 0 39 24.6799 0.494542 4.09237 0.844256 15536
14 0 40 23.5142 0.487207 3.3203 0.747111 10700
14 0 41 26.5338 0.558307 3.91445 1.0476 12562
14 0 42 24.5831 0.52339 4.00332 0.7381 11235
14 0 43 25.9455 0.520517 3.67085 0.871325 15764
14 0 44 33 -2 0 0 13839
14 0 45 25.4429 0.60054 4.17285 0.965598 13669
14 0 46 24.0017 0.515872 3.98334 0.730664 14630
14 0 47 25.9111 0.523449 4.35906 0.929644 15296
14 0 48 23.3314 0.483078 3.57677 0.892033 10946
14 0 49 23.753 0.511749 3.51219 0.700005 11532
14 0 50 25.7164 0.539607 4.0832 0.877465 14803
14 0 51 24.1923 0.521957 4.76869 0.702674 19216
14 0 52 24.1552 0.529066 4.38157 0.929188 17351
14 0 53 29 -2 0 0 14098
14 0 54 23.0779 0.490119 3.46504 0.812057 13293
14 0 55 25.1692 0.525175 4.14589 0.848273 18871
14 0 56 23.2519 0.52754 4.33281 0.622244 15651
14 0 57 0 -10 0 0 0
14 0 58 22.6485 0.51992 3.5708 0.706318 13706
14 0 59 31 -2 0 0 19135
14 0 60 23.6002 0.497688 3.17995 0.710309 15299
14 0 61 23.0347 0.549285 4.72901 0.660189 21180
14 0 62 23.0413 0.595533 4.09136 0.699288 19085
14 0 63 23.3839 0.492626 3.83559 0.743843 13732
14 1 0 27.239 0.427953 4.08814 0.433965 17828
14 1 1 25.4191 0.418068 4.3281 0.30912 13752
14 1 2 25.0183 0.384889 4.29138 0.307957 15606
14 1 3 24.8247 0.429473 3.70851 0.417378 9613
14 1 4 30.7744 0.457011 4.46285 0.358939 3612
14 1 5 24.8484 0.346873 3.73211 0.30272 11000
14 1 6 25.781 -3 0 0 17736
14 1 7 25.851 0.394379 4.17857 0.251194 11620
14 1 8 26.3929 0.385291 3.97809 0.269612 7239
14 1 9 25.5147 0.393198 4.02598 0.322799 13155
14 1 10 25.6074 0.377736 3.87476 0.326101 14347
14 1 11 24.9919 0.323501 3.38302 0.303678 15913
14 1 12 25.1481 0.349492 3.77617 0.302066 10450
14 1 13 25.2076 0.382574 4.13172 0.193737 10427
14 1 14 24.8389 0.37007 3.94718 0.331633 12099
14 1 15 27.0338 0.431002 3.82175 0.449799 9313
14 1 16 27.4865 0.50759 4.31615 0.384924 13855
14 1 17 26.474 0.362583 3.70809 0.33891 7992
14 1 18 26.6864 0.380893 4.20313 0.234413 7456
14 1 19 25.6506 0.39168 3.97168 0.236062 9877
14 1 20 30.3504 0.52983 3.18028 0.527347 2782
14 1 21 25.7154 0.377163 4.02375 0.396765 12224
14 1 22 25.0502 0.378249 3.64799 0.311327 11083
14 1 23 26.2026 0.353622 3.87686 0.398382 8801
14 1 24 25.555 0.381533 4.29804 0.262507 9000
14 1 25 25.9828 0.316842 3.53463 0.301498 14429
14 1 26 25.475 0.366914 4.07932 0.252045 11951
14 1 27 26.0798 0.376744 3.88764 0.343467 7909
14 1 28 24.6716 0.418555 3.52256 0.25309 9713
14 1 29 25.3401 0.315334 3.35312 0.34353 12564
14 1 30 30.2949 0.611093 2.94602 0.66272 2634
14 1 31 27.0069 0.373937 3.9153 0.627826 13518
14 1 32 25.6548 0.344597 3.31798 0.423839 8615
14 1 33 26.3492 0.357997 3.79026 0.351579 8984
14 1 34 26.6348 0.376296 4.2195 0.309249 7921
14 1 35 25.1675 0.385375 3.69494 0.26976 7962
14 1 36 27.3859 0.426763 4.2006 0.389471 5209
14 1 37 26.4755 0.31958 3.20026 0.356342 12468
14 1 38 26.7292 0.329931 3.41216 0.420491 10873
14 1 39 25.3722 0.377917 3.69575 0.379068 5723
14 1 40 26.197 0.332588 3.15322 0.393073 13305
14 1 41 24.3526 0.46442 3.76564 0.613959 6950
14 1 42 25.7335 0.320807 3.31621 0.410831 10094
14 1 43 24.6851 0.36719 3.31101 0.615988 8016
14 1 44 24.9933 0.360244 3.35449 0.440498 6305
14 1 45 25.7771 0.369331 3.65472 0.368716 7513
14 1 46 26.1151 0.376373 4.38772 0.476416 7604
14 1 47 24.5847 0.413596 3.97899 0.299254 6911
14 1 48 25.781 -3 0 0 83
14 1 49 24.6911 0.400965 3.7209 0.245222 6949
14 1 50 24.6207 0.344996 3.00087 0.560684 7085
14 1 51 26.1753 0.304529 3.30716 0.398175 10281
14 1 52 25.2565 0.354858 3.6465 0.393356 6612
14 1 53 25.4924 0.340878 3.40837 0.546589 9568
14 1 54 25.8226 0.311567 3.14455 0.380598 10663
14 1 55 24.9317 0.308748 3.09733 0.618149 7474
14 1 56 24.6133 0.430801 3.46259 0.394697 9638
14 1 57 25.3371 0.361492 3.30397 0.316203 10040
14 1 58 25.4401 0.33056 3.18599 0.584281 6314
14 1 59 25.9513 0.393647 3.6865 0.363188 7271
14 1 60 25.3099 0.379224 3.52754 0.483796 5659
14 1 61 24.8116 0.399395 3.8822 0.424279 6717
14 1 62 26.0517 0.313276 3.28441 0.415939 11630
14 1 63 23.7198 0.318663 3.07824 0.683559 7320
14 2 0 22.5437 0.320342 3.72597 0.379015 19960
14 2 1 23.9687 0.276136 3.20692 0.57719 22507
14 2 2 23.2204 0.280871 3.23477 0.423184 20694
14 2 3 22.9096 0.265378 2.64267 0.497974 13828
14 2 4 22.0631 0.281251 2.87671 0.420143 14016
14 2 5 23.5063 0.258403 2.93877 0.364055 18781
14 2 6 23.4302 0.257314 2.96144 0.410909 20023
14 2 7 22.4373 0.283988 2.88372 0.487625 12391
14 2 8 22.0005 0.264794 3.0775 0.282564 15522
14 2 9 24.4832 0.259505 3.22446 0.520766 17758
14 2 10 24.8283 0.253184 3.15783 0.460468 16790
14 2 11 22.4631 0.2803 3.19738 0.42842 14190
14 2 12 24.525 0.279311 2.73697 0.451906 18486
14 2 13 24.2585 0.297392 2.39907 0.684965 15993
14 2 14 23.7026 -3 0 0 28575
14 2 15 22.3309 0.293304 2.77703 0.495178 11045
14 2 16 24.6416 0.261567 2.9971 0.573662 16086
14 2 17 21.9204 0.31462 2.99098 0.206815 16865
14 2 18 22.9186 0.310932 3.03752 0.642829 10264
14 2 19 24.8847 0.246811 2.66143 0.633337 15502
14 2 20 24.4412 0.276524 3.02193 0.466031 20288
14 2 21 22.857 0.295918 2.84611 0.493711 14790
14 2 22 22.4494 0.283537 2.4432 0.387696 13932
14 2 23 25.9468 0.3635 3.55669 0.457875 5912
14 2 24 23.7026 -3 0 0 186
14 2 25 22.3214 0.28546 2.84295 0.458446 11135
14 2 26 24.5288 0.268477 3.23875 0.561906 25176
14 2 27 21.7233 0.275884 2.6159 0.386184 12893
14 2 28 27.3161 0.384511 1.98448 0.963835 23865
14 2 29 22.6318 0.28933 3.01323 0.440994 14828
14 2 30 25.102 0.50281 2.78571 0.618539 3301
14 2 31 22.6196 0.277869 2.94363 0.520638 10837
14 2 32 23.7026 -3 0 0 146
14 2 33 21.8027 0.340673 2.5492 0.428758 12805
14 2 34 23.3916 0.340113 3.39157 0.306636 24828
14 2 35 23.7026 -3 0 0 194
14 2 36 25.1086 0.268804 2.71864 0.472351 18631
14 2 37 22.6135 0.269013 2.75044 0.573182 14227
14 2 38 25.2326 0.338712 2.68811 0.665162 9953
14 2 39 25.5233 0.257959 3.09728 0.381287 18584
14 2 40 26.0971 0.476356 2.62235 0.860319 3409
14 2 41 24.8241 0.265957 2.74147 0.376209 16142
14 2 42 22.6739 0.280802 2.62287 0.800845 11489
14 2 43 22.5746 0.267244 2.77347 0.402354 17710
14 2 44 24.2075 0.354631 3.07161 0.340271 15113
14 2 45 24.2898 0.315668 2.62025 0.521949 17124
14 2 46 23.7026 -3 0 0 109
14 2 47 25.0794 0.280536 3.26903 0.5421 15472
14 2 48 24.5752 0.279209 2.74836 0.527713 18286
14 2 49 22.316 0.24758 2.69689 0.36124 16185
14 2 50 25.0318 0.252085 2.67498 0.424288 15541
14 2 51 24.7132 0.297468 3.57745 0.334656 21440
14 2 52 22.5166 0.274649 2.78333 0.434171 17351
14 2 53 25.108 0.259707 3.04057 0.507956 15678
14 2 54 24.1708 0.27211 2.65774 0.455858 16714
14 2 55 22.2816 0.282204 2.85828 0.35845 18930
14 2 56 24.3549 0.307523 3.15317 0.377516 19871
14 2 57 24.6795 0.293258 3.15147 0.492983 21771
14 2 58 24.4689 0.246018 2.89571 0.453926 19380
14 2 59 24.9361 0.290953 3.39314 0.477051 42122
14 2 60 21.6106 0.2922 2.88987 0.451196 12989
14 2 61 24.388 0.309836 3.68768 0.354385 26708
14 2 62 23.7732 0.316244 3.17508 0.262059 25116
14 2 63 21.5769 0.30588 2.80763 0.394168 18188
14 3 0 26.8301 0.336615 4.49068 0.361507 23680
14 3 1 27.8072 0.364709 4.60846 0.343676 13432
14 3 2 26.9913 0.354683 4.51075 0.234245 14676
14 3 3 26.5001 0.306686 3.67761 0.395381 21402
14 3 4 27.1786 0.344122 4.05642 0.291218 11791
14 3 5 26.509 0.29203 3.49332 0.341118 22435
14 3 6 27.9136 0.368319 4.57126 0.402666 12860
14 3 7 26.2508 0.317861 4.0369 0.278198 18169
14 3 8 26.9398 0.338824 4.24656 0.247054 12426
14 3 9 26.8715 0.298999 3.90491 0.560824 24356
14 3 10 26.4078 0.301692 3.64447 0.259928 26272
14 3 11 27.4639 0.356569 4.33886 0.216646 11002
14 3 12 27.0204 0.335469 3.64752 0.320243 13933
14 3 13 26.9796 0.340216 3.82754 0.467699 14666
14 3 14 26.5942 0.30298 4.15102 0.389853 22005
14 3 15 27.3094 0.280007 3.4305 0.402122 21756
14 3 16 27.6709 0.323785 3.68991 0.542592 28010
14 3 17 27.6663 0.316654 4.23665 0.27227 12330
14 3 18 28.5009 0.364144 4.08277 0.42322 10986
14 3 19 27.329 0.294042 3.67821 0.360533 24138
14 3 20 30.6971 0.490867 3.70254 0.430358 3468
14 3 21 27.0772 0.336064 4.1859 0.629675 24242
14 3 22 26.7245 0.280488 3.52511 0.33225 23233
14 3 23 30.7679 0.463926 4.63264 0.289769 5660
14 3 24 28.1135 0.303029 3.32079 0.518456 21351
14 3 25 26.4017 0.301584 3.87334 0.223105 23542
14 3 26 27.2391 0.345552 4.46283 0.349334 12927
14 3 27 28.6237 0.356323 4.23482 0.406088 11068
14 3 28 26.9518 0.27161 3.26163 0.433969 22912
14 3 29 28.876 0.362537 4.52985 0.511027 9972
14 3 30 30.7432 0.442884 4.25631 0.402893 6069
14 3 31 27.2762 0.361192 4.10248 0.319451 14475
14 3 32 26.7666 0.34238 4.3105 0.254395 13827
14 3 33 28.3074 0.294381 3.47091 0.424954 18445
14 3 34 27.7989 0.355856 4.57033 0.318267 12606
14 3 35 27.7884 0.31022 3.99727 0.379238 21152
14 3 36 30.6352 0.364174 4.44454 0.345491 10304
14 3 37 28.1062 0.351489 4.66572 0.28187 8635
14 3 38 27.6038 0.308233 3.60371 0.5839 20943
14 3 39 27.8986 0.367161 4.35493 0.409509 10608
14 3 40 31.1671 0.406499 3.93698 0.561953 4592
14 3 41 27.4512 0.293677 3.52995 0.456857 20857
14 3 42 26.401 0.334067 3.94186 0.382241 18026
14 3 43 27.207 0.347429 4.3465 0.348044 11965
14 3 44 27.5737 0.2851 3.47132 0.425227 18627
14 3 45 26.7072 0.369095 4.3137 0.427694 10265
14 3 46 27.4257 0.354101 4.88587 0.233014 11225
14 3 47 27.6738 0.331246 3.84327 0.437373 21820
14 3 48 27.9613 0.349532 4.61386 0.211686 9509
14 3 49 26.3428 0.277076 3.74176 0.26056 18474
14 3 50 27.5205 0.302899 3.39572 0.521699 18700
14 3 51 27.2029 0.378134 5.02454 0.225939 10218
14 3 52 26.7246 0.301397 3.64951 0.40881 18835
14 3 53 27.4269 0.375626 3.97024 0.439333 13204
14 3 54 25.9498 0.297181 3.74549 0.262676 18591
14 3 55 27.0268 0.349815 4.574 0.313527 10245
14 3 56 27.2433 0.341527 4.38047 0.218265 10269
14 3 57 27.7374 0.407182 4.3624 0.453109 11141
14 3 58 25.1122 0.308146 3.66145 0.240641 19289
14 3 59 26.9766 0.310874 4.06606 0.366619 17319
14 3 60 26.7414 0.310861 4.13481 0.416272 19001
14 3 61 27.7479 0.367054 4.97908 0.314004 11181
14 3 62 28.0855 0.418355 4.15657 0.597675 11230
14 3 63 26.8425 0.347924 4.46353 0.458712 9814
14 4 0 24.4542 0.353811 3.82962 0.394993 19646
14 4 1 24.1033 0.407481 3.55199 0.533584 19223
14 4 2 25.27 0.317858 3.38756 0.332694 19968
14 4 3 25.0914 0.280065 2.85022 0.366072 14228
14 4 4 25.1657 0.314701 3.06051 0.442853 15536
14 4 5 25.262 0.300331 3.1097 0.492461 16508
14 4 6 24.923 0.318141 3.21146 0.314768 18520
14 4 7 24.617 0.284297 3.19248 0.372885 13194
14 4 8 24.5747 0.369301 3.27742 0.27881 18084
14 4 9 25.5426 0.298373 3.21414 0.373551 16055
14 4 10 22.5487 0.338616 3.23678 0.399409 10120
14 4 11 23.6792 0.303813 3.16815 0.387096 11291
14 4 12 25.691 0.316919 2.65598 0.305627 15274
14 4 13 22.858 0.509782 2.86319 0.480619 9252
14 4 14 24.7126 0.366819 3.56821 0.49648 15894
14 4 15 24.4046 0.284592 2.91649 0.498098 9781
14 4 16 23.5195 0.381689 3.4665 0.366229 12379
14 4 17 24.1066 0.397301 3.21313 0.312919 18410
14 4 18 25.0454 0.334832 2.87317 0.447584 14045
14 4 19 22.8039 0.281966 2.96421 0.391926 10340
14 4 20 27.6929 0.539238 3.56022 0.471332 3786
14 4 21 26.0452 0.322559 3.2671 0.404561 17358
14 4 22 23.7091 0.275745 2.69538 0.403864 10761
14 4 23 24.5202 0.282215 2.94411 0.331635 15795
14 4 24 24.2994 0.302761 3.13262 0.295806 13914
14 4 25 25.3403 0.281728 2.6608 0.394201 10777
14 4 26 25.4141 0.359302 3.39501 0.392146 20499
14 4 27 24.1797 0.319925 2.65453 0.309617 10785
14 4 28 25.3683 0.33195 2.64164 0.335693 11051
14 4 29 24.7695 0.315234 2.93712 0.317556 16318
14 4 30 23.9415 0.318497 2.97526 0.365498 9692
14 4 31 24.4035 0.421987 2.89342 0.326703 10207
14 4 32 24.5616 0.331713 2.60876 0.440839 10472
14 4 33 25.0974 0.368662 3.02587 0.34337 10947
14 4 34 23.1983 0.309319 3.50669 0.304361 13738
14 4 35 22.8175 0.471248 3.25282 0.370414 8373
14 4 36 31 -2 0 0 11918
14 4 37 25.1967 0.321182 2.9699 0.494346 14122
14 4 38 25.7682 0.338515 2.883 0.619541 8990
14 4 39 24.7743 0.310153 3.17865 0.410716 9986
14 4 40 26.6872 0.451502 3.77895 0.545574 4836
14 4 41 24.8571 0.327764 2.99397 0.236689 9868
14 4 42 25.2677 0.361544 2.55987 0.790275 11730
14 4 43 25.3316 0.285999 2.75602 0.477386 15557
14 4 44 24.2338 0.316534 2.53068 0.599597 7558
14 4 45 24.0977 0.29307 2.57528 0.338924 9759
14 4 46 25.2788 0.296644 3.26777 0.243179 17929
14 4 47 25.6526 0.3251 2.98678 0.359126 8762
14 4 48 24.9178 0.343945 2.78975 0.40679 11599
14 4 49 24.7188 0.3499 3.03072 0.391602 12830
14 4 50 24.6539 0.36619 2.83618 0.366011 10052
14 4 51 24.8495 0.320219 3.32928 0.354277 12975
14 4 52 24.2936 0.288948 3.02732 0.348579 14704
14 4 53 25.0955 0.307187 2.9998 0.613974 9029
14 4 54 23.4602 0.342239 3.10392 0.423412 7757
14 4 55 24.6282 0.300877 2.73357 0.468492 13611
14 4 56 23.5592 0.381345 3.23635 0.249677 10597
14 4 57 24.9087 0.308227 3.13657 0.439763 12410
14 4 58 24.4983 0.297237 3.03716 0.339495 11490
14 4 59 24.4414 0.292189 3.12696 0.394143 15999
14 4 60 23.1742 0.295754 3.21738 0.67838 7442
14 4 61 24.3537 0.332461 3.65449 0.439265 14520
14 4 62 23.612 0.337891 3.09966 0.346989 15661
14 4 63 24.6605 0.32199 3.00312 0.631186 12746
14 5 0 26.6748 0.336903 4.21926 0.368544 12013
14 5 1 27.2983 0.361811 4.0427 0.471136 12445
14 5 2 27.1958 0.371847 4.23786 0.396406 9099
14 5 3 25.8403 0.303134 3.60854 0.37488 14855
14 5 4 26.4897 0.324816 3.82709 0.363101 12749
14 5 5 25.4778 0.329237 3.64212 0.390239 12804
14 5 6 25.5884 0.333773 3.76205 0.353453 13686
14 5 7 25.5476 0.319463 3.82146 0.22501 16905
14 5 8 25.1461 0.299223 3.39941 0.268823 12909
14 5 9 25.9607 0.333969 3.95789 0.573136 8982
14 5 10 26.4366 0.313014 3.8667 0.605943 14346
14 5 11 25.8204 0.286681 3.51048 0.381893 14622
14 5 12 25.8934 0.301236 3.40432 0.330566 14372
14 5 13 24.9894 0.394216 3.87407 0.361929 16328
14 5 14 26.208 0.320382 3.80771 0.338977 12798
14 5 15 25.8136 0.292826 3.63579 0.326024 15382
14 5 16 26.3225 0.317076 3.87153 0.40066 16388
14 5 17 25.7576 0.31757 3.79353 0.37694 11415
14 5 18 26.3463 0.34426 4.01791 0.316511 8939
14 5 19 27.004 0.312162 3.89998 0.383537 17704
14 5 20 25.4607 0.298536 3.34851 0.44696 17565
14 5 21 26.2474 0.334677 3.7789 0.545125 13670
14 5 22 26.0479 0.289194 3.60778 0.480702 15459
14 5 23 26.7037 0.351202 4.08924 0.544894 14254
14 5 24 26.7688 0.291055 3.6468 0.362144 12176
14 5 25 27.2209 0.343901 3.60861 0.472696 18562
14 5 26 26.7734 0.357394 4.10329 0.514861 13789
14 5 27 28.5157 0.371678 4.5366 0.34315 8615
14 5 28 27.3671 0.312959 3.7585 0.422036 15455
14 5 29 26.3149 0.295932 3.51796 0.346156 15815
14 5 30 27.4023 0.307117 3.50681 0.355764 15849
14 5 31 27.4514 0.333875 4.38043 0.340568 12101
14 5 32 26.5445 0.286693 3.49426 0.367983 18895
14 5 33 27.2287 0.285686 3.45732 0.434001 18333
14 5 34 26.4875 0.333781 3.84703 0.413838 17352
14 5 35 27.3944 0.365696 3.99842 0.671106 21471
14 5 36 30.2095 0.416876 4.26575 0.536407 5579
14 5 37 28.4309 0.39787 4.2506 0.258216 7891
14 5 38 26.3951 0.34829 4.37643 0.276421 17358
14 5 39 26.6168 0.329685 4.15498 0.350537 22063
14 5 40 26.8298 0.302512 3.58904 0.456725 16675
14 5 41 26.7008 0.320169 3.48334 0.419972 19920
14 5 42 26.4829 0.293402 3.45099 0.383168 18597
14 5 43 26.1456 0.316577 3.53813 0.350418 16966
14 5 44 26.7413 0.305859 3.78263 0.35185 20290
14 5 45 27.1062 0.375492 3.90961 0.65496 19101
14 5 46 26.2578 0.320318 3.84116 0.36205 17528
14 5 47 26.2438 0.344096 4.66057 0.226789 18896
14 5 48 26.9514 0.314694 3.42945 0.439452 18823
14 5 49 26.5206 0.319839 3.7449 0.448506 18111
14 5 50 26.1723 0.304384 3.521 0.381666 21582
14 5 51 26.5485 0.345436 3.93477 0.362957 21555
14 5 52 26.4721 0.305698 3.57026 0.512767 17913
14 5 53 25.9838 0.379946 4.94487 0.239386 16695
14 5 54 27.8081 0.367137 4.18915 0.32297 11438
14 5 55 27.4627 0.380136 4.16487 0.330853 11963
14 5 56 26.5139 0.315485 3.69896 0.375795 22452
14 5 57 26.3485 0.318429 3.93281 0.318987 22460
14 5 58 25.8546 0.294797 3.58915 0.279897 20332
14 5 59 27.0454 0.352497 3.64792 0.449718 17172
14 5 60 27.4758 0.391231 4.03509 0.382018 13758
14 5 61 25.7667 0.325679 4.15709 0.302375 22680
14 5 62 27.0488 0.369631 4.77861 0.313867 11945
14 5 63 26.8041 0.359318 4.46897 0.250055 9390
14 6 0 24.6332 0.464708 3.38545 0.362358 14421
14 6 1 23.818 0.556098 3.40627 0.488736 10236
14 6 2 25.0486 0.400695 3.28342 0.338365 12406
14 6 3 24.3083 0.367211 2.70479 0.331472 8815
14 6 4 22.967 0.527013 2.86553 0.274782 9134
14 6 5 23.0873 0.395945 2.86133 0.19052 10094
14 6 6 23.2411 0.37277 3.6023 0.297428 10742
14 6 7 23.5091 0.45846 2.6452 0.420086 7133
14 6 8 23.8094 0.419153 3.49923 0.278558 7958
14 6 9 24.1327 0.5589 3.05118 0.547335 8189
14 6 10 23.9055 0.521235 2.70074 0.523208 8916
14 6 11 23.5392 0.41635 2.94179 0.349711 9342
14 6 12 23.0447 0.587367 2.91421 0.439611 5829
14 6 13 23.8541 0.57458 2.23411 0.673512 6035
14 6 14 22.6272 0.441526 3.52945 0.27769 10304
14 6 15 24.2948 0.363648 2.62494 0.343797 7781
14 6 16 23.8341 0.422193 3.24617 0.295617 7346
14 6 17 22.9902 0.361798 3.13425 0.38628 7618
14 6 18 23.5652 0.383444 2.95494 0.330805 5308
14 6 19 22.6478 0.535038 2.7785 0.316972 6705
14 6 20 23.8238 0.374753 2.66228 0.327201 7995
14 6 21 23.0103 0.429834 3.06468 0.372485 10440
14 6 22 24.5926 0.429205 2.45995 0.40019 8067
14 6 23 24.4013 0.517024 2.9273 0.489516 4527
14 6 24 23.3143 0.521733 2.98869 0.402232 7101
14 6 25 24.4831 0.392086 2.18276 0.638291 6705
14 6 26 22.7766 0.391319 3.32913 0.228956 9992
14 6 27 24.9581 0.550486 3.63494 0.48367 7357
14 6 28 24.1491 0.47473 2.86179 0.404774 6961
14 6 29 23.738 0.456381 3.31135 0.319902 5138
14 6 30 27.6188 0.906867 2.65634 0.558735 1950
14 6 31 24.8421 0.38531 2.64876 0.454416 6470
14 6 32 23.3849 0.495752 2.3484 0.440204 5503
14 6 33 23.7072 0.417697 2.59111 0.295872 6930
14 6 34 24.4371 0.409702 2.89221 0.358305 10625
14 6 35 25.2499 0.41987 2.38684 0.536592 6095
14 6 36 26.0851 0.592059 3.00569 0.455885 1558
14 6 37 23.8746 0.397331 2.7828 0.443535 7099
14 6 38 24.4145 0.460385 2.59589 0.338956 5765
14 6 39 23.9182 0.39535 2.72174 0.366805 6277
14 6 40 24.7807 0.406563 2.43832 0.47293 7698
14 6 41 24.5732 0.390888 2.46789 0.443006 5775
14 6 42 23.7153 0.463237 2.62896 0.372462 6514
14 6 43 29 -2 0 0 6560
14 6 44 24.7965 0.363556 2.42893 0.419568 5752
14 6 45 24.5649 0.536417 2.58067 0.299932 6546
14 6 46 23.3245 0.552212 3.55273 0.254035 9877
14 6 47 25.0638 0.431169 2.99094 0.326633 5801
14 6 48 23.4316 0.459966 2.95047 0.436108 3540
14 6 49 22.7761 0.466166 2.87818 0.313554 5295
14 6 50 24.5973 0.370182 2.38642 0.353692 5936
14 6 51 22.8661 0.507472 2.74435 0.455492 5248
14 6 52 22.9968 0.451832 3.28472 0.357832 7488
14 6 53 24.5785 0.442115 2.80877 0.300854 5735
14 6 54 22.7162 0.56182 2.74656 0.321717 4342
14 6 55 23.3976 0.51317 2.57607 0.404021 5525
14 6 56 23.7914 0.398568 3.07075 0.244719 6322
14 6 57 24.4275 0.510461 3.3463 0.445712 6639
14 6 58 23.9448 0.40073 2.48702 0.465103 6420
14 6 59 23.4759 0.416067 3.43779 0.270947 8390
14 6 60 23.161 0.573437 3.2488 0.298603 5856
14 6 61 22.7113 0.414868 3.91054 0.204089 6289
14 6 62 22.2926 0.467556 3.24394 0.37918 6226
14 6 63 22.3853 0.463935 2.48841 0.432158 5329
14 7 0 25.3773 0.372523 3.44441 0.376975 8315
14 7 1 25.378 0.342888 3.07228 0.432106 8136
14 7 2 23.6632 0.373819 2.954 0.451327 6235
14 7 3 23.1815 0.446024 3.3443 0.299779 8409
14 7 4 22.7829 0.38737 2.86704 0.45238 7320
14 7 5 23.7856 0.500665 2.44662 0.723083 6393
14 7 6 24.8589 0.399751 3.24452 0.406726 8193
14 7 7 23.0474 0.458114 2.98093 0.498202 6310
14 7 8 23.9489 0.546806 3.15565 0.413836 8565
14 7 9 22.007 0.407972 3.01186 0.324333 6759
14 7 10 25.1428 0.44106 3.4076 0.304203 8742
14 7 11 23.3454 0.541346 2.8211 0.582307 6112
14 7 12 23.457 0.365061 2.8427 0.395052 6221
14 7 13 24.7838 0.406992 2.84115 0.413212 9599
14 7 14 23.244 0.33487 2.93789 0.440581 6141
14 7 15 25.0133 0.370342 2.7387 0.286465 10510
14 7 16 25.1995 0.383839 3.49588 0.266879 8503
14 7 17 23.2842 0.332833 2.84516 0.672736 6492
14 7 18 22.884 0.353161 2.62666 0.650287 7211
14 7 19 22.8443 0.409961 3.11392 0.623152 8691
14 7 20 26.6784 0.750887 3.09994 0.567499 2350
14 7 21 24.9528 0.381692 2.81205 0.541955 8344
14 7 22 25.3833 0.37052 3.30124 0.195207 8860
14 7 23 25.4753 0.34211 2.86611 0.409543 10394
14 7 24 29 -2 0 0 6190
14 7 25 24.896 0.37481 3.28335 0.291329 11356
14 7 26 23.2764 0.362527 3.4199 0.308501 8222
14 7 27 24.6775 0.516356 3.13043 0.336869 10556
14 7 28 23.2053 0.35316 2.94292 0.320163 8423
14 7 29 23.8796 0.378029 3.0851 0.401492 7597
14 7 30 23.7822 0.366307 2.69218 0.428034 9099
14 7 31 22.619 0.555473 3.67642 0.381516 10685
14 7 32 23.2183 0.325657 3.21886 0.338916 8934
14 7 33 24.6372 0.444673 3.23595 0.240363 12084
14 7 34 23.5186 0.338646 3.24335 0.233166 9861
14 7 35 24.9471 0.313964 3.3376 0.371736 14996
14 7 36 23.9785 0.359314 3.11213 0.381611 8349
14 7 37 22.9012 0.473189 3.14976 0.379349 7326
14 7 38 25.2106 0.34589 3.25658 0.342863 16768
14 7 39 24.7258 0.358464 3.38634 0.336281 17910
14 7 40 23.4716 0.337184 2.79338 0.39316 10594
14 7 41 25.1648 0.319117 3.00207 0.287023 13566
14 7 42 24.5717 0.367313 2.91877 0.336922 12987
14 7 43 23.6147 0.356605 2.90919 0.422593 7828
14 7 44 23.3679 0.326457 3.21824 0.271556 12514
14 7 45 25.0559 0.344682 3.00001 0.376001 13379
14 7 46 25.3547 0.33876 3.08525 0.449397 11534
14 7 47 23.1357 0.382972 3.93265 0.271544 16776
14 7 48 25.482 0.394843 3.25235 0.586234 12690
14 7 49 24.2419 0.305218 3.11704 0.256007 12984
14 7 50 25.0032 0.366178 3.02351 0.258081 15198
14 7 51 25.2234 0.44115 3.69189 0.487262 14234
14 7 52 24.1047 0.33649 3.03979 0.276246 12098
14 7 53 22.722 0.383593 3.7258 0.200027 14451
14 7 54 23.9655 0.302828 3.02129 0.277916 14720
14 7 55 23.8358 0.353329 3.2946 0.389887 10216
14 7 56 24.0533 0.406066 3.64018 0.249458 17639
14 7 57 23.9123 0.376969 3.35763 0.306232 16421
14 7 58 21.8397 0.40494 3.70697 0.218616 11633
14 7 59 25.2548 0.445843 3.47746 0.52321 12510
14 7 60 24.1406 0.363332 3.56001 0.302629 18146
14 7 61 23.6373 0.369543 4.11937 0.373353 11915
14 7 62 22.084 0.343843 3.53113 0.322287 11450
14 7 63 22.2832 0.409521 3.39368 0.278024 8784
14 8 0 23.7113 0.415024 3.29671 0.519206 5298
14 8 1 23.9365 0.373252 3.14951 0.507102 4797
14 8 2 25.8225 0.376102 2.35594 0.949282 7848
14 8 3 25.9516 0.526309 3.58656 0.49845 4660
14 8 4 25.3363 0.337977 2.96055 0.379428 10197
14 8 5 23.6374 0.586913 3.23839 0.537906 4357
14 8 6 24.4675 0.392976 2.92759 0.358304 8778
14 8 7 24.7838 0.423802 3.44448 0.360418 7447
14 8 8 24.8856 0.3315 2.85725 0.471985 9115
14 8 9 24.9596 0.324457 3.05566 0.386514 9309
14 8 10 25.5871 0.327912 3.04763 0.382994 9441
14 8 11 24.4953 0.453116 3.59891 0.335105 4618
14 8 12 24.6875 0.444024 3.39292 0.542075 4810
14 8 13 25.7605 0.319908 3.12046 0.27593 11709
14 8 14 24.4858 0.44209 3.70189 0.533945 4601
14 8 15 24.2605 0.416575 3.13666 0.459879 6562
14 8 16 25.1104 0.370089 3.66523 0.383917 10928
14 8 17 25.175 0.681319 3.10326 0.962982 4206
14 8 18 25.2506 0.494826 3.1243 0.631074 5706
14 8 19 24.2224 0.489504 3.66136 0.426548 7706
14 8 20 28.9296 0.544949 3.3074 0.511602 2013
14 8 21 24.7609 0.508878 3.30335 0.411625 8882
14 8 22 24.772 0.357763 2.84302 0.379953 10586
14 8 23 25.1749 0.322056 2.8894 0.468278 9985
14 8 24 24.9952 0.420569 3.2126 0.557518 4777
14 8 25 25.064 0.421282 3.90951 0.362876 7480
14 8 26 26.0057 0.374645 3.46619 0.392178 8569
14 8 27 25.4829 0.410439 3.66478 0.322387 6837
14 8 28 24.3365 0.404036 3.2711 0.310973 7895
14 8 29 24.5379 0.400173 3.10978 0.336657 9663
14 8 30 29.1578 0.588739 3.43896 0.441507 2259
14 8 31 25.2769 0.32979 3.29456 0.245332 16580
14 8 32 25.3045 0.375451 3.33467 0.309905 14244
14 8 33 25.1876 0.403024 3.04907 0.312083 13736
14 8 34 25.1924 0.416204 3.69194 0.502372 5514
14 8 35 25.6722 0.343558 3.68485 0.299992 18076
14 8 36 28.646 0.642151 3.00285 0.527662 1653
14 8 37 25.5237 0.295061 2.90475 0.351317 10766
14 8 38 26.0616 0.355951 3.50592 0.324558 20114
14 8 39 25.0814 0.365823 4.2083 0.220947 11357
14 8 40 28.2485 0.597782 3.33282 0.397964 2135
14 8 41 24.2422 0.348224 3.32604 0.431831 11060
14 8 42 25.8118 0.483827 3.64624 0.457198 5060
14 8 43 25.1476 0.308184 3.08168 0.457101 10294
14 8 44 25.2959 0.399085 3.40606 0.426313 9950
14 8 45 24.2085 0.397307 3.50849 0.298231 8243
14 8 46 25.8605 0.386282 3.922 0.327942 5221
14 8 47 26.0228 0.359757 3.79106 0.326992 23142
14 8 48 25.201 0.323273 3.1741 0.255793 14212
14 8 49 25.2087 0.352543 2.90323 0.332662 11153
14 8 50 25.3439 0.404832 3.89435 0.309041 7598
14 8 51 25.0817 0.446976 4.48558 0.368507 9210
14 8 52 24.3882 0.359085 3.20571 0.325718 11235
14 8 53 24.5102 0.362947 4.07758 0.313859 12211
14 8 54 24.8665 0.333536 3.07905 0.260324 14704
14 8 55 23.9248 0.639483 3.183 0.767713 8205
14 8 56 25.159 0.401814 4.3497 0.317758 8309
14 8 57 24.0113 0.35828 3.88029 0.322466 15093
14 8 58 24.437 0.315981 3.01441 0.343168 14164
14 8 59 31 -2 0 0 11059
14 8 60 23.4405 0.371274 3.99802 0.24307 11652
14 8 61 25.0197 0.450393 4.07677 0.343275 8429
14 8 62 24.6745 0.358209 3.25354 0.494498 11943
14 8 63 24.5447 0.344876 2.79246 0.433946 13225
14 9 0 24.9885 0.488709 4.11785 0.224292 7536
14 9 1 24.5094 0.399543 3.38889 0.330319 9229
14 9 2 25.8735 0.427097 3.46743 0.351261 8248
14 9 3 25.5533 0.389926 2.65533 0.438487 5495
14 9 4 24.9809 0.406897 2.88756 0.474757 5919
14 9 5 23.7666 0.452832 3.25652 0.350365 4134
14 9 6 24.9815 1.00292 2.97876 0.361808 7470
14 9 7 26.8203 0.486214 3.64349 0.510313 1280
14 9 8 24.7456 0.413038 2.7033 0.334676 7101
14 9 9 24.3702 0.453031 3.00364 0.480154 6497
14 9 10 24.8427 0.418286 2.90059 0.421525 5981
14 9 11 24.8885 0.391323 2.64081 0.407123 6301
14 9 12 24.4481 0.399204 2.50718 0.328226 6005
14 9 13 23.3977 0.392913 2.87745 0.529242 3396
14 9 14 23.8543 0.6334 3.58296 0.398969 5740
14 9 15 24.2197 0.382366 2.31788 0.603307 4326
14 9 16 26.6841 0.731342 3.16261 0.525481 1924
14 9 17 25.0145 0.410196 3.00946 0.344772 7306
14 9 18 24.9922 0.429432 2.59746 0.545665 5585
14 9 19 27.0344 0.565393 3.76371 0.228825 1017
14 9 20 23.6929 0.450325 2.84421 0.516213 3764
14 9 21 25.3035 0.529356 3.78241 0.489864 3754
14 9 22 24.728 0.442851 3.26084 0.470555 3121
14 9 23 28.5524 0.757947 3.79571 0.357535 1338
14 9 24 25.2524 0.386958 3.05866 0.351707 7938
14 9 25 23.4271 0.460697 2.61159 0.603671 3093
14 9 26 24.2424 0.398426 3.01673 0.411185 8383
14 9 27 25.5812 0.655363 3.42646 0.407797 1748
14 9 28 22.9926 0.46383 2.54655 0.541518 3210
14 9 29 25.3981 0.501319 2.75897 0.573185 6354
14 9 30 27.1639 0.917925 3.72623 0.347757 891
14 9 31 23.0639 0.502214 3.16084 0.366946 3228
14 9 32 24.5479 0.498888 3.11328 0.567522 2126
14 9 33 25.3474 0.546764 3.24366 0.394882 1919
14 9 34 25.2317 0.524926 3.88208 0.441308 4467
14 9 35 25.4044 0.380589 2.9624 0.375274 4232
14 9 36 28.133 0.534444 3.33938 0.275448 687
14 9 37 28.5824 0.531385 3.08073 0.522647 1101
14 9 38 23.634 0.453585 2.52751 0.406058 2822
14 9 39 25.1107 0.36825 2.68732 0.328875 4244
14 9 40 28.0605 0.519919 3.69811 0.383108 1135
14 9 41 24.3349 0.405379 2.2391 0.657019 3518
14 9 42 24.9298 0.556543 3.07062 0.429858 2078
14 9 43 25.0279 0.386723 2.80991 0.46398 6113
14 9 44 24.0967 0.428364 2.72956 0.354317 2631
14 9 45 24.071 0.413679 2.49408 0.504401 3037
14 9 46 25.1385 0.395216 3.34519 0.30686 7430
14 9 47 24.8125 -3 0 0 2894
14 9 48 24.1058 0.492472 3.13182 0.380689 2325
14 9 49 22.7122 0.426556 2.43837 0.609602 3412
14 9 50 23.2982 0.450748 3.18592 0.376992 2634
14 9 51 24.4854 0.548776 3.10118 0.334348 4625
14 9 52 24.9072 0.420315 2.43962 0.521122 5830
14 9 53 22.5636 0.452682 2.70469 0.519178 2411
14 9 54 23.0228 0.637262 3.06182 0.428473 2473
14 9 55 24.5834 0.509607 2.35828 0.557527 5457
14 9 56 24.6657 0.4296 2.42807 0.505922 4275
14 9 57 24.7564 0.418154 2.74306 0.456666 4696
14 9 58 22.8656 0.507138 2.80654 0.446179 2823
14 9 59 23.3369 0.506663 3.79577 0.242863 4414
14 9 60 23.2159 0.465367 3.17452 0.389878 2403
14 9 61 25.7316 0.453398 2.99714 0.491561 5447
14 9 62 23.1727 0.429396 3.00053 0.364897 3641
14 9 63 23.9487 0.414285 2.50899 0.360915 5107
14 10 0 25.1472 0.496544 5.0232 0.793514 12354
14 10 1 24.771 0.482126 4.78938 0.702682 12262
14 10 2 25.3646 0.502583 4.21292 0.719287 17349
14 10 3 25.3395 0.478586 3.86153 0.839734 20326
14 10 4 25.3193 0.485192 3.67817 0.792535 19323
14 10 5 23.6554 0.469806 3.31877 0.673669 13261
14 10 6 25.5598 0.506845 4.49309 0.8595 18402
14 10 7 25.3328 0.474803 4.11697 0.592204 25377
14 10 8 24.985 0.485591 3.74014 0.802645 17577
14 10 9 25.9758 0.461765 4.38623 0.761886 19727
14 10 10 33 -2 0 0 22296
14 10 11 24.848 0.481818 3.65941 0.716987 18331
14 10 12 24.3047 0.499486 3.72607 0.774221 18685
14 10 13 23.4261 0.464914 3.93948 0.646086 19026
14 10 14 25.2318 0.472249 4.13337 0.648779 13244
14 10 15 25.586 0.457316 3.62748 0.706735 21662
14 10 16 24.7843 0.516141 4.68048 0.537449 25384
14 10 17 25.5198 0.466662 3.66877 0.821947 17452
14 10 18 26.1444 0.541753 4.40124 0.604608 10692
14 10 19 23.2798 0.497029 3.96028 0.405636 20109
14 10 20 27.0307 0.453378 4.41936 0.560168 7868
14 10 21 32 -2 0 0 18883
14 10 22 24.0412 0.497833 4.10936 0.54985 17040
14 10 23 26.0812 0.479886 4.04171 0.773928 19755
14 10 24 31 -2 0 0 13281
14 10 25 23.8274 0.498589 4.23431 0.672724 20554
14 10 26 25.419 0.490052 4.14626 0.707817 17124
14 10 27 25.0476 0.517614 4.158 0.783617 15763
14 10 28 23.717 0.485208 3.33078 0.524895 19163
14 10 29 24.4226 0.506456 4.08799 0.673231 11894
14 10 30 27.3583 0.466722 4.05435 0.56759 7453
14 10 31 24.4789 0.48208 4.3386 0.642674 22194
14 10 32 24.081 0.488746 3.64651 0.7852 19783
14 10 33 25.7385 0.481669 3.82187 0.659021 23508
14 10 34 26.4118 0.517453 4.42153 0.636282 10968
14 10 35 25.887 0.444175 4.42615 0.669519 29676
14 10 36 29.1186 0.469307 4.95008 0.515456 7162
14 10 37 27.3106 0.565254 4.24526 0.559871 7450
14 10 38 26.5959 0.453958 4.6982 0.819227 28879
14 10 39 24.089 0.48966 4.28674 0.647763 19887
14 10 40 29.2109 0.486765 4.92118 0.535373 5953
14 10 41 24.4143 0.482228 3.93236 0.697961 20734
14 10 42 25.0523 0.497727 3.72711 0.785325 14188
14 10 43 24.1886 0.504463 3.83966 0.646605 12381
14 10 44 25.1377 0.465277 3.6446 0.643286 23970
14 10 45 24.0771 0.480384 3.6011 0.645183 19507
14 10 46 24.7331 0.476508 4.34607 0.580882 11615
14 10 47 23.8733 0.472369 4.61506 0.645012 27240
14 10 48 24.7081 0.483041 3.65849 0.709716 21969
14 10 49 24.698 0.453148 3.93525 0.607431 16371
14 10 50 25.4586 0.458499 3.83171 0.572041 24974
14 10 51 23.6467 0.481915 4.21571 0.57486 17817
14 10 52 25.6434 0.490054 4.46783 0.831861 19913
14 10 53 23.8831 0.492949 4.13079 0.524679 22991
14 10 54 22.2352 0.458091 3.49522 0.678388 20760
14 10 55 24.0591 0.487255 3.63042 0.744285 14009
14 10 56 25.3519 0.473993 4.31237 0.798853 24207
14 10 57 25.1105 0.508356 4.71414 0.629673 17530
14 10 58 23.3037 0.442247 3.73624 0.691012 18721
14 10 59 24.3821 0.462964 4.33858 0.704723 12738
14 10 60 23.1159 0.485081 4.67564 0.567612 20462
14 10 61 25.0907 0.488328 4.77673 0.89992 21373
14 10 62 24.4764 0.500067 4.23619 0.65604 14124
14 10 63 24.4105 0.51414 3.8462 0.555807 13815
14 11 0 24.8868 0.339671 3.58452 0.450653 22144
14 11 1 23.937 0.321581 3.25862 0.310378 19012
14 11 2 24.1807 0.313962 3.12866 0.429829 15747
14 11 3 24.8194 0.305385 2.45786 0.626353 10426
14 11 4 24.6909 0.323848 2.74413 0.377712 12414
14 11 5 24.0718 0.350409 2.91246 0.31701 12786
14 11 6 22.1335 0.29497 2.90581 0.382944 12359
14 11 7 24.4985 0.354931 2.73754 0.368805 9210
14 11 8 24.4636 0.331521 2.72967 0.364211 14731
14 11 9 24.7132 0.302845 2.82043 0.425303 11364
14 11 10 24.7197 0.311068 3.04971 0.282157 10199
14 11 11 24.1136 0.333052 2.73286 0.373926 14482
14 11 12 24.1951 0.385779 3.17051 0.493322 11600
14 11 13 21.163 0.590242 2.36978 0.622557 8064
14 11 14 21.013 0.363131 3.36931 0.27873 16606
14 11 15 22.0891 0.318433 2.79572 0.285435 9882
14 11 16 22.7164 0.370433 3.42062 0.359795 9463
14 11 17 21.3409 0.387699 2.639 0.312895 13865
14 11 18 25.1202 0.277672 2.66633 0.430872 11647
14 11 19 24.2578 0.346873 2.89477 0.400357 9054
14 11 20 25.8117 0.55328 2.71602 0.718863 2963
14 11 21 22.2122 0.31249 2.87183 0.435273 10523
14 11 22 24.8192 0.283947 2.72312 0.520872 9401
14 11 23 23.0861 0.276969 2.82166 0.497612 13976
14 11 24 21.8586 0.288042 2.82416 0.346743 14377
14 11 25 24.4769 0.433562 2.80466 0.387475 8873
14 11 26 23.2755 0.32291 3.23021 0.332344 18216
14 11 27 22.1567 0.289619 2.46974 0.508583 8998
14 11 28 24.6695 0.35142 2.71338 0.375417 9405
14 11 29 22.1696 0.282778 2.73351 0.375953 12235
14 11 30 24.548 0.538916 3.14684 0.51735 3870
14 11 31 24.8021 0.344394 2.94105 0.532095 8680
14 11 32 22.4343 0.304296 2.37101 0.410736 8084
14 11 33 22.0492 0.291489 2.52537 0.543621 8325
14 11 34 24.2132 0.265853 3.10426 0.335142 18919
14 11 35 24.4788 0.382242 2.8148 0.472473 8312
14 11 36 25.377 0.496341 3.22492 0.482097 2699
14 11 37 24.4651 0.323323 2.6182 0.398987 12951
14 11 38 23.9814 0.34806 2.84032 0.365562 8365
14 11 39 22.7688 0.361096 3.03828 0.825014 8091
14 11 40 24.9162 0.395596 3.06918 0.488269 2797
14 11 41 22.9708 0.359206 2.55042 0.727799 6840
14 11 42 21.3747 0.344484 2.41363 0.486362 8743
14 11 43 24.9 0.285906 2.61444 0.400954 15298
14 11 44 24.274 0.376643 2.71848 0.331995 8599
14 11 45 23.4084 0.334838 2.42418 0.680465 9489
14 11 46 24.0156 0.290207 3.11212 0.325748 18166
14 11 47 23.448 0.398903 3.27598 0.512664 4379
14 11 48 21.4935 0.289752 2.57259 0.477958 7014
14 11 49 24.1944 0.256415 2.75798 0.403652 12565
14 11 50 23.5553 0.311376 2.40427 0.469098 9291
14 11 51 24.0649 0.325289 3.18541 0.356469 13519
14 11 52 24.5943 0.303838 2.85564 0.378271 14558
14 11 53 21.8636 0.316373 2.87041 0.625516 6074
14 11 54 20.6938 0.387325 2.5707 0.40592 7036
14 11 55 23.5858 0.397713 2.66996 0.491944 13774
14 11 56 22.5456 0.452559 3.37102 0.452723 11041
14 11 57 23.7858 0.327094 3.42915 0.497357 11785
14 11 58 21.4037 0.35452 2.46974 0.561316 8121
14 11 59 24.3845 0.315275 3.21275 0.304309 18121
14 11 60 23.3971 0.339085 2.6378 0.562951 9377
14 11 61 21.4882 0.326437 3.40143 0.420021 13639
14 11 62 21.6125 0.292866 2.94123 0.28792 13596
14 11 63 22.8 0.301936 2.67574 0.436295 11995
14 12 0 26.0795 0.298221 3.73972 0.5503 19536
14 12 1 23.5061 0.308035 3.29702 0.267765 18784
14 12 2 25.3419 0.297406 3.18368 0.393191 21005
14 12 3 23.4039 0.267713 2.75599 0.43439 19605
14 12 4 25.1543 0.326505 2.92487 0.393128 18562
14 12 5 24.2004 0.272329 2.74785 0.428319 18508
14 12 6 25.8621 0.300066 3.28852 0.45366 21766
14 12 7 25.9965 0.297017 3.47669 0.378092 26248
14 12 8 25.6844 0.288204 2.83917 0.29184 18864
14 12 9 24.6654 0.303016 3.2586 0.332878 23410
14 12 10 25.8391 0.326962 3.52212 0.493625 25981
14 12 11 24.9018 0.280966 2.65454 0.348476 16934
14 12 12 25.6926 0.270645 2.84661 0.407847 21186
14 12 13 23.3675 0.289854 2.55769 0.384105 18337
14 12 14 23.7797 0.279024 3.09442 0.507288 16703
14 12 15 23.5365 0.337711 2.67907 0.379984 19714
14 12 16 24.3295 0.313971 3.73631 0.498253 26020
14 12 17 25.4617 0.250305 2.89759 0.401607 16959
14 12 18 25.4282 0.274183 2.8077 0.527612 20557
14 12 19 25.8236 0.278588 3.21284 0.470676 24053
14 12 20 25.7911 0.28079 2.78118 0.408678 17141
14 12 21 26.046 0.290425 3.11637 0.367436 23585
14 12 22 25.9054 0.268059 2.94501 0.459128 23583
14 12 23 24.6432 0.288289 2.69879 0.379618 16099
14 12 24 26.3137 0.258045 2.89684 0.43487 17767
14 12 25 26.3804 0.270448 3.14272 0.456921 22622
14 12 26 24.026 0.293088 3.05826 0.535733 13838
14 12 27 26.2831 0.300741 2.95238 0.405841 19191
14 12 28 25.9993 0.286086 3.1206 0.541934 20468
14 12 29 24.1653 0.33217 2.91923 0.484762 12236
14 12 30 26.1827 0.260607 2.79243 0.455564 18348
14 12 31 25.0388 0.295254 3.28103 0.509881 20646
14 12 32 26.1257 0.287213 2.87056 0.51695 19228
14 12 33 26.1862 0.282599 2.99139 0.509326 18141
14 12 34 23.4382 0.288354 2.83293 0.412247 14010
14 12 35 25.4587 0.304755 3.13189 0.303153 19647
14 12 36 23.6577 0.300548 2.79229 0.518411 13330
14 12 37 24.9694 0.269798 2.58436 0.601338 14981
14 12 38 26.0455 0.333134 3.54154 0.427103 18322
14 12 39 24.7038 0.309149 3.2738 0.491847 14254
14 12 40 26.1629 0.238386 2.71046 0.572846 16224
14 12 41 24.2301 0.268879 2.58649 0.368037 16234
14 12 42 23.3436 0.248741 2.78831 0.515334 14400
14 12 43 23.9673 0.293964 2.7739 0.444 14358
14 12 44 26.2568 0.26672 2.77262 0.584299 16489
14 12 45 23.6734 0.291729 2.62796 0.574725 14191
14 12 46 23.8144 0.31239 3.1122 0.413832 14028
14 12 47 26.1757 0.30853 3.86651 0.566908 17489
14 12 48 25.4447 0.279678 2.58961 0.50956 15799
14 12 49 24.6602 0.273285 2.70366 0.535223 14109
14 12 50 25.7045 0.258515 2.7511 0.453289 15826
14 12 51 24.8928 0.271491 3.19012 0.456315 11843
14 12 52 23.6371 0.290492 2.79407 0.404125 13293
14 12 53 25.8871 0.27682 3.29139 0.568288 16119
14 12 54 25.7016 0.258356 2.68224 0.481649 14691
14 12 55 25.1281 0.269333 2.762 0.60186 12602
14 12 56 25.5468 0.302313 3.01623 0.418092 13409
14 12 57 23.4453 0.286696 3.07935 0.42342 12367
14 12 58 24.5069 0.274574 2.88972 0.66958 13687
14 12 59 23.2463 0.271948 2.60252 0.762143 13237
14 12 60 24.9178 0.277518 3.15663 0.509354 14799
14 12 61 23.7512 0.287031 3.14929 0.769656 11559
14 12 62 24.4345 0.259645 3.01083 0.513189 12684
14 12 63 24.4324 0.268941 2.55487 0.54669 13256
14 13 0 23.669 0.320681 3.39388 0.437443 12437
14 13 1 25.0267 0.333783 3.22246 0.451694 10137
14 13 2 24.4476 0.321932 3.00486 0.435307 9220
14 13 3 24.8787 0.340188 2.54685 0.573046 7225
14 13 4 24.1649 0.312416 2.56271 0.411786 8859
14 13 5 23.8339 0.353388 2.83284 0.473577 8633
14 13 6 23.4825 0.347068 2.98531 0.41284 8723
14 13 7 24.0004 0.382385 2.67201 0.376666 6332
14 13 8 22.4769 0.393832 3.02169 0.477746 8911
14 13 9 24.5358 0.348628 2.7972 0.361588 7198
14 13 10 24.6082 0.50177 2.53003 0.813415 6635
14 13 11 22.3123 0.406086 2.56665 0.511116 9615
14 13 12 23.9301 0.33924 2.33695 0.527059 7990
14 13 13 24.5465 0.332082 2.45949 0.399991 6796
14 13 14 24.2887 0.325385 3.08193 0.418354 13255
14 13 15 24.7135 0.329151 2.56656 0.462078 7640
14 13 16 25.0162 0.3302 3.06231 0.578024 6554
14 13 17 23.0415 0.393911 2.70839 0.479509 11541
14 13 18 22.6295 0.283136 2.47174 0.343325 7730
14 13 19 22.7163 0.325146 2.46819 0.466835 5981
14 13 20 22.8056 0.320074 2.25034 0.86978 7070
14 13 21 22.6877 0.326547 2.6959 0.509955 7265
14 13 22 24.5897 0.309398 2.50503 0.521083 6586
14 13 23 22.3351 0.377217 3.06094 0.519303 6959
14 13 24 24.0882 0.319922 2.98847 0.360012 10893
14 13 25 24.277 0.344525 2.71189 0.519151 7008
14 13 26 23.2368 0.335662 3.18994 0.250408 13790
14 13 27 24.7283 0.331307 2.72808 0.347093 8186
14 13 28 24.4321 0.483357 2.98626 0.456146 7130
14 13 29 24.0805 0.319939 2.74649 0.457331 12488
14 13 30 22.8686 0.3505 2.35109 0.541648 7681
14 13 31 25.021 0.306548 2.76756 0.450866 7328
14 13 32 22.578 0.329396 2.39973 0.499324 6830
14 13 33 24.462 0.345507 2.71353 0.457673 8591
14 13 34 23.0039 0.417834 3.46079 0.243302 14843
14 13 35 22.0574 0.346606 2.5674 0.426037 7101
14 13 36 22.329 0.396424 2.59025 0.662952 5569
14 13 37 23.5668 0.363122 2.83065 0.31063 11073
14 13 38 23.1058 0.352941 2.38674 0.511686 7554
14 13 39 24.4338 0.335309 2.94144 0.342614 11568
14 13 40 24.7579 0.346194 2.94795 0.48612 10009
14 13 41 22.9341 0.294835 2.29336 0.550203 7381
14 13 42 24.0889 0.43457 2.39388 0.712786 10810
14 13 43 23.9673 0.322818 2.76676 0.369879 13855
14 13 44 22.0104 0.384236 2.53635 0.462891 7963
14 13 45 22.4479 0.334728 2.26073 0.637901 8381
14 13 46 22.8621 0.293562 3.02956 0.381139 13408
14 13 47 24.1827 0.304514 3.01088 0.302925 8681
14 13 48 22.1385 0.354816 2.555 0.377545 8842
14 13 49 23.7241 0.351492 2.76639 0.269909 12467
14 13 50 22.1671 0.339226 2.69218 0.543136 8731
14 13 51 24.7303 0.306801 3.34869 0.298671 17736
14 13 52 22.1233 0.318683 2.61075 0.32905 13033
14 13 53 24.3275 0.317074 3.13464 0.407894 9180
14 13 54 24.8592 0.305739 2.60406 0.489682 10518
14 13 55 22.2913 0.309437 2.69015 0.341744 14530
14 13 56 22.297 0.373264 2.82183 0.3005 11426
14 13 57 23.0818 0.350255 3.2731 0.47816 14565
14 13 58 24.4476 0.334766 2.75543 0.34389 11890
14 13 59 22.2122 0.351066 3.29963 0.513997 15380
14 13 60 24.1877 0.327173 2.98376 0.376056 10280
14 13 61 22.5603 0.312961 3.44048 0.309864 18097
14 13 62 21.5772 0.31273 3.24758 0.266289 17051
14 13 63 23.7875 0.367477 2.96406 0.498473 13428
14 14 0 25.3831 0.357071 3.6786 0.347457 12336
14 14 1 25.7379 0.348798 3.37623 0.437536 12385
14 14 2 24.4703 0.344646 3.53101 0.381337 12966
14 14 3 26.3426 0.383856 2.92146 0.402921 13242
14 14 4 25.0775 0.366534 3.22375 0.316512 10638
14 14 5 25.2986 0.507226 3.86956 0.541473 11975
14 14 6 26.1423 0.346704 3.60725 0.388157 14294
14 14 7 26.3216 0.357987 3.63627 0.268764 14703
14 14 8 24.8131 0.32036 2.94296 0.34767 11268
14 14 9 25.3534 0.353314 4.01178 0.342175 14273
14 14 10 26.991 0.354064 3.4509 0.374413 17166
14 14 11 25.6382 0.343922 2.69482 0.414116 10171
14 14 12 24.2732 0.413963 2.93622 0.420061 10289
14 14 13 25.2879 0.362195 3.16238 0.403277 11466
14 14 14 24.2341 0.363005 3.81735 0.321785 8376
14 14 15 25.6427 0.367555 2.93387 0.341446 11437
14 14 16 26.4292 0.373765 4.0664 0.276486 18421
14 14 17 24.9511 0.313477 2.92639 0.348795 9147
14 14 18 26.3649 0.338476 2.8931 0.263661 11127
14 14 19 26.9193 0.349029 3.31862 0.331961 13595
14 14 20 25.8832 0.385968 2.82163 0.452912 9586
14 14 21 25.8467 0.315011 3.28602 0.311973 14973
14 14 22 25.881 0.381302 3.34301 0.250694 14062
14 14 23 25.8353 0.408087 2.72803 0.254931 8893
14 14 24 24.1752 0.349668 2.82697 0.610783 9493
14 14 25 24.7564 0.585136 3.76402 0.547703 11190
14 14 26 23.0337 0.401143 3.25307 0.384535 7629
14 14 27 25.5144 0.385469 3.08932 0.35163 10337
14 14 28 26.3204 0.352985 2.92316 0.319114 10822
14 14 29 25.471 0.346851 2.89725 0.390953 8205
14 14 30 26.6773 0.397273 2.94164 0.402202 9765
14 14 31 26.4944 0.373385 3.28353 0.273821 10974
14 14 32 26.8135 0.35695 2.80727 0.37433 9572
14 14 33 26.4412 0.371553 2.57086 0.433031 9222
14 14 34 25.6435 0.400341 3.28849 0.350306 8849
14 14 35 24.7817 0.401008 3.17685 0.292742 9207
14 14 36 26.5179 0.393174 2.38831 0.628283 8703
14 14 37 26.0251 0.364962 2.73509 0.434807 7702
14 14 38 26.5497 0.367925 3.40595 0.365784 9111
14 14 39 25.5515 0.369833 2.82302 0.4418 7258
14 14 40 25.7437 0.462669 3.05265 0.299272 7966
14 14 41 26.5695 0.366994 2.82502 0.331632 8768
14 14 42 26.3153 0.365862 2.91658 0.322227 7458
14 14 43 26.14 0.339397 2.4768 0.815718 7334
14 14 44 26.7609 0.372308 2.62557 0.417725 8033
14 14 45 25.7655 0.498409 2.99839 0.339272 8220
14 14 46 25.8169 0.362072 3.10521 0.332567 8013
14 14 47 24.2575 0.417988 3.70799 0.25224 7250
14 14 48 26.3809 0.389107 3.00712 0.29381 7847
14 14 49 26.2739 0.405725 2.75868 0.479322 7282
14 14 50 26.3859 0.444363 2.92178 0.411269 7434
14 14 51 25.9844 0.491059 3.30655 0.289875 6971
14 14 52 25.9971 0.311801 2.71277 0.433611 7098
14 14 53 25.7561 0.394548 3.32507 0.29976 7502
14 14 54 26.0419 0.483541 2.91924 0.446317 7405
14 14 55 24.9544 0.437392 2.75339 0.324179 6483
14 14 56 26.5066 0.421006 3.30996 0.234431 7244
14 14 57 25.8374 0.41434 2.95614 0.326447 7156
14 14 58 24.155 0.518606 2.66132 0.532137 6382
14 14 59 25.3532 0.381932 3.06062 0.28852 7327
14 14 60 25.6443 0.405225 2.80917 0.480498 7313
14 14 61 25.2226 0.417148 3.85171 0.320074 6048
14 14 62 26.2174 0.426063 3.10855 0.52114 7248
14 14 63 24.4572 0.37181 2.59653 0.393534 5991
14 15 0 27.6291 0.548984 4.10915 0.170154 6021
14 15 1 27.0731 0.482888 3.08992 0.237756 5640
14 15 2 27.4792 0.623295 3.01565 0.525388 4505
14 15 3 27.334 0.52564 3.19398 0.235961 3425
14 15 4 27.4309 0.433761 3.15641 0.292877 4666
14 15 5 27.3767 0.493162 2.82442 0.316916 4184
14 15 6 27.05 0.497542 3.2117 0.355878 4833
14 15 7 26.6857 0.513793 3.03707 0.323787 3577
14 15 8 27.0959 0.423369 3.27135 0.207169 5296
14 15 9 27.328 0.506128 2.84235 0.342968 4086
14 15 10 26.8674 0.502895 3.05998 0.396944 4007
14 15 11 26.7322 0.443666 3.37699 0.319733 4911
14 15 12 27.1481 0.536064 3.01047 0.360065 3950
14 15 13 27.1019 0.702353 2.56199 0.441529 4323
14 15 14 28.2467 0.654425 3.40611 0.363453 6536
14 15 15 27.8406 0.425897 3.18514 0.3142 4697
14 15 16 27.8204 0.487705 3.61712 0.285901 4448
14 15 17 27.5994 0.466638 3.16874 0.31458 5463
14 15 18 27.2352 0.620703 2.73647 0.374516 4591
14 15 19 26.5834 0.638918 2.70474 0.534593 3963
14 15 20 26.9697 0.561572 3.01639 0.251641 5318
14 15 21 26.8497 0.452732 2.78709 0.425567 4379
14 15 22 27.7086 0.488355 2.37767 0.496827 4262
14 15 23 27.222 0.500584 3.30831 0.248887 5535
14 15 24 26.8754 0.565368 2.77679 0.430222 5391
14 15 25 28.3697 0.716199 3.25783 0.480111 3546
14 15 26 27.7784 0.52229 3.45218 0.337195 6226
14 15 27 27.6216 0.519667 3.01939 0.298312 4580
14 15 28 27.2083 0.485519 3.06474 0.347377 4489
14 15 29 27.0447 0.452086 3.3174 0.185209 6060
14 15 30 27.4065 0.462732 2.77878 0.348333 4986
14 15 31 26.535 0.51991 3.1933 0.34363 3665
14 15 32 26.6566 0.484956 3.32573 0.311738 3957
14 15 33 26.6877 0.475193 2.96721 0.393396 3773
14 15 34 28.3396 0.570445 3.08294 0.540967 4886
14 15 35 28.5974 0.556681 3.20552 0.456592 4899
14 15 36 27.8419 0.476257 3.36193 0.471354 4230
14 15 37 26.8115 0.439485 2.9937 0.320625 5466
14 15 38 27.261 0.535916 3.3087 0.335966 4802
14 15 39 26.0829 0.461669 3.41172 0.340924 6342
14 15 40 27.3788 0.436785 3.05857 0.308006 5534
14 15 41 26.5585 0.543364 2.83883 0.330501 4204
14 15 42 26.6931 0.415786 3.17115 0.336213 4997
14 15 43 26.2767 0.475699 3.27129 0.283222 5753
14 15 44 26.8 0.554243 3.0803 0.421776 4016
14 15 45 27.0802 0.519547 2.64706 0.591161 4023
14 15 46 26.7047 0.444831 3.04559 0.415224 6912
14 15 47 26.8533 0.404733 3.3689 0.366925 5892
14 15 48 26.4173 0.516125 2.97096 0.257851 5817
14 15 49 27.7968 0.467842 3.23228 0.297023 5583
14 15 50 26.8845 0.480902 2.85197 0.377163 4357
14 15 51 26.7762 0.452214 3.51354 0.168458 9083
14 15 52 27.4414 0.454147 2.94393 0.30247 6219
14 15 53 26.748 0.482413 3.08138 0.320614 6286
14 15 54 25.7702 0.531807 3.26019 0.215346 5780
14 15 55 27.4161 0.509891 3.08935 0.304737 7470
14 15 56 25.6653 0.44421 3.36697 0.381185 7007
14 15 57 26.136 0.521605 4.06392 0.178926 8232
14 15 58 25.8562 0.522961 3.15451 0.293043 5586
14 15 59 25.6905 0.476223 3.57796 0.31495 7558
14 15 60 25.9233 0.655617 3.89726 0.192931 6327
14 15 61 27.2575 0.579198 4.46333 0.301509 7398
14 15 62 26.3821 0.551535 3.76434 0.276669 6491
14 15 63 25.4225 0.485668 3.41193 0.225488 7252
