#mip results PROTO15-TB2022-03
#layer chip channel mpv empv widthmpv chi2ndf nentries
0 0 0 0 -10 0 0 0
0 0 1 0 -10 0 0 0
0 0 2 0 -10 0 0 0
0 0 3 0 -10 0 0 0
0 0 4 0 -10 0 0 0
0 0 5 0 -10 0 0 0
0 0 6 0 -10 0 0 0
0 0 7 0 -10 0 0 0
0 0 8 0 -10 0 0 0
0 0 9 0 -10 0 0 0
0 0 10 0 -10 0 0 0
0 0 11 0 -10 0 0 0
0 0 12 0 -10 0 0 0
0 0 13 0 -10 0 0 0
0 0 14 0 -10 0 0 0
0 0 15 0 -10 0 0 0
0 0 16 0 -10 0 0 0
0 0 17 0 -10 0 0 0
0 0 18 0 -10 0 0 0
0 0 19 0 -10 0 0 0
0 0 20 0 -10 0 0 0
0 0 21 0 -10 0 0 0
0 0 22 0 -10 0 0 0
0 0 23 0 -10 0 0 0
0 0 24 0 -10 0 0 0
0 0 25 0 -10 0 0 0
0 0 26 0 -10 0 0 0
0 0 27 0 -10 0 0 0
0 0 28 0 -10 0 0 0
0 0 29 0 -10 0 0 0
0 0 30 0 -10 0 0 0
0 0 31 0 -10 0 0 0
0 0 32 0 -10 0 0 0
0 0 33 0 -10 0 0 0
0 0 34 0 -10 0 0 0
0 0 35 0 -10 0 0 0
0 0 36 0 -10 0 0 0
0 0 37 0 -10 0 0 0
0 0 38 0 -10 0 0 0
0 0 39 0 -10 0 0 0
0 0 40 0 -10 0 0 0
0 0 41 0 -10 0 0 0
0 0 42 0 -10 0 0 0
0 0 43 0 -10 0 0 0
0 0 44 0 -10 0 0 0
0 0 45 0 -10 0 0 0
0 0 46 0 -10 0 0 0
0 0 47 0 -10 0 0 0
0 0 48 0 -10 0 0 0
0 0 49 0 -10 0 0 0
0 0 50 0 -10 0 0 0
0 0 51 0 -10 0 0 0
0 0 52 0 -10 0 0 0
0 0 53 0 -10 0 0 0
0 0 54 0 -10 0 0 0
0 0 55 0 -10 0 0 0
0 0 56 0 -10 0 0 0
0 0 57 0 -10 0 0 0
0 0 58 0 -10 0 0 0
0 0 59 0 -10 0 0 0
0 0 60 0 -10 0 0 0
0 0 61 0 -10 0 0 0
0 0 62 0 -10 0 0 0
0 0 63 0 -10 0 0 0
0 1 0 0 -10 0 0 0
0 1 1 0 -10 0 0 0
0 1 2 0 -10 0 0 0
0 1 3 0 -10 0 0 0
0 1 4 0 -10 0 0 0
0 1 5 0 -10 0 0 0
0 1 6 0 -10 0 0 0
0 1 7 0 -10 0 0 0
0 1 8 0 -10 0 0 0
0 1 9 0 -10 0 0 0
0 1 10 0 -10 0 0 0
0 1 11 0 -10 0 0 0
0 1 12 0 -10 0 0 0
0 1 13 0 -10 0 0 0
0 1 14 0 -10 0 0 0
0 1 15 0 -10 0 0 0
0 1 16 0 -10 0 0 0
0 1 17 0 -10 0 0 0
0 1 18 0 -10 0 0 0
0 1 19 0 -10 0 0 0
0 1 20 0 -10 0 0 0
0 1 21 0 -10 0 0 0
0 1 22 0 -10 0 0 0
0 1 23 0 -10 0 0 0
0 1 24 0 -10 0 0 0
0 1 25 0 -10 0 0 0
0 1 26 0 -10 0 0 0
0 1 27 0 -10 0 0 0
0 1 28 0 -10 0 0 0
0 1 29 0 -10 0 0 0
0 1 30 0 -10 0 0 0
0 1 31 0 -10 0 0 0
0 1 32 0 -10 0 0 0
0 1 33 0 -10 0 0 0
0 1 34 0 -10 0 0 0
0 1 35 0 -10 0 0 0
0 1 36 0 -10 0 0 0
0 1 37 0 -10 0 0 0
0 1 38 0 -10 0 0 0
0 1 39 0 -10 0 0 0
0 1 40 0 -10 0 0 0
0 1 41 0 -10 0 0 0
0 1 42 0 -10 0 0 0
0 1 43 0 -10 0 0 0
0 1 44 0 -10 0 0 0
0 1 45 0 -10 0 0 0
0 1 46 0 -10 0 0 0
0 1 47 0 -10 0 0 0
0 1 48 0 -10 0 0 0
0 1 49 0 -10 0 0 0
0 1 50 0 -10 0 0 0
0 1 51 0 -10 0 0 0
0 1 52 0 -10 0 0 0
0 1 53 0 -10 0 0 0
0 1 54 0 -10 0 0 0
0 1 55 0 -10 0 0 0
0 1 56 0 -10 0 0 0
0 1 57 0 -10 0 0 0
0 1 58 0 -10 0 0 0
0 1 59 0 -10 0 0 0
0 1 60 0 -10 0 0 0
0 1 61 0 -10 0 0 0
0 1 62 0 -10 0 0 0
0 1 63 0 -10 0 0 0
0 2 0 0 -10 0 0 0
0 2 1 0 -10 0 0 0
0 2 2 0 -10 0 0 0
0 2 3 0 -10 0 0 0
0 2 4 0 -10 0 0 0
0 2 5 0 -10 0 0 0
0 2 6 0 -10 0 0 0
0 2 7 0 -10 0 0 0
0 2 8 0 -10 0 0 0
0 2 9 0 -10 0 0 0
0 2 10 0 -10 0 0 0
0 2 11 0 -10 0 0 0
0 2 12 0 -10 0 0 0
0 2 13 0 -10 0 0 0
0 2 14 0 -10 0 0 0
0 2 15 0 -10 0 0 0
0 2 16 0 -10 0 0 0
0 2 17 0 -10 0 0 0
0 2 18 0 -10 0 0 0
0 2 19 0 -10 0 0 0
0 2 20 0 -10 0 0 0
0 2 21 0 -10 0 0 0
0 2 22 0 -10 0 0 0
0 2 23 0 -10 0 0 0
0 2 24 0 -10 0 0 0
0 2 25 0 -10 0 0 0
0 2 26 0 -10 0 0 0
0 2 27 0 -10 0 0 0
0 2 28 0 -10 0 0 0
0 2 29 0 -10 0 0 0
0 2 30 0 -10 0 0 0
0 2 31 0 -10 0 0 0
0 2 32 0 -10 0 0 0
0 2 33 0 -10 0 0 0
0 2 34 0 -10 0 0 0
0 2 35 0 -10 0 0 0
0 2 36 0 -10 0 0 0
0 2 37 0 -10 0 0 0
0 2 38 0 -10 0 0 0
0 2 39 0 -10 0 0 0
0 2 40 0 -10 0 0 0
0 2 41 0 -10 0 0 0
0 2 42 0 -10 0 0 0
0 2 43 0 -10 0 0 0
0 2 44 0 -10 0 0 0
0 2 45 0 -10 0 0 0
0 2 46 0 -10 0 0 0
0 2 47 0 -10 0 0 0
0 2 48 0 -10 0 0 0
0 2 49 0 -10 0 0 0
0 2 50 0 -10 0 0 0
0 2 51 0 -10 0 0 0
0 2 52 0 -10 0 0 0
0 2 53 0 -10 0 0 0
0 2 54 0 -10 0 0 0
0 2 55 0 -10 0 0 0
0 2 56 0 -10 0 0 0
0 2 57 0 -10 0 0 0
0 2 58 0 -10 0 0 0
0 2 59 0 -10 0 0 0
0 2 60 0 -10 0 0 0
0 2 61 0 -10 0 0 0
0 2 62 0 -10 0 0 0
0 2 63 0 -10 0 0 0
0 3 0 0 -10 0 0 0
0 3 1 0 -10 0 0 0
0 3 2 0 -10 0 0 0
0 3 3 0 -10 0 0 0
0 3 4 0 -10 0 0 0
0 3 5 0 -10 0 0 0
0 3 6 0 -10 0 0 0
0 3 7 0 -10 0 0 0
0 3 8 0 -10 0 0 0
0 3 9 0 -10 0 0 0
0 3 10 0 -10 0 0 0
0 3 11 0 -10 0 0 0
0 3 12 0 -10 0 0 0
0 3 13 0 -10 0 0 0
0 3 14 0 -10 0 0 0
0 3 15 0 -10 0 0 0
0 3 16 0 -10 0 0 0
0 3 17 0 -10 0 0 0
0 3 18 0 -10 0 0 0
0 3 19 0 -10 0 0 0
0 3 20 0 -10 0 0 0
0 3 21 0 -10 0 0 0
0 3 22 0 -10 0 0 0
0 3 23 0 -10 0 0 0
0 3 24 0 -10 0 0 0
0 3 25 0 -10 0 0 0
0 3 26 0 -10 0 0 0
0 3 27 0 -10 0 0 0
0 3 28 0 -10 0 0 0
0 3 29 0 -10 0 0 0
0 3 30 0 -10 0 0 0
0 3 31 0 -10 0 0 0
0 3 32 0 -10 0 0 0
0 3 33 0 -10 0 0 0
0 3 34 0 -10 0 0 0
0 3 35 0 -10 0 0 0
0 3 36 0 -10 0 0 0
0 3 37 0 -10 0 0 0
0 3 38 0 -10 0 0 0
0 3 39 0 -10 0 0 0
0 3 40 0 -10 0 0 0
0 3 41 0 -10 0 0 0
0 3 42 0 -10 0 0 0
0 3 43 0 -10 0 0 0
0 3 44 0 -10 0 0 0
0 3 45 0 -10 0 0 0
0 3 46 0 -10 0 0 0
0 3 47 0 -10 0 0 0
0 3 48 0 -10 0 0 0
0 3 49 0 -10 0 0 0
0 3 50 0 -10 0 0 0
0 3 51 0 -10 0 0 0
0 3 52 0 -10 0 0 0
0 3 53 0 -10 0 0 0
0 3 54 0 -10 0 0 0
0 3 55 0 -10 0 0 0
0 3 56 0 -10 0 0 0
0 3 57 0 -10 0 0 0
0 3 58 0 -10 0 0 0
0 3 59 0 -10 0 0 0
0 3 60 0 -10 0 0 0
0 3 61 0 -10 0 0 0
0 3 62 0 -10 0 0 0
0 3 63 0 -10 0 0 0
0 4 0 18.9423 0.55011 1.97185 0.310011 1386
0 4 1 18.8162 0.590832 2.09505 0.233386 1152
0 4 2 18.2861 0.761064 1.57985 0.530197 986
0 4 3 19.4413 0.532239 1.97199 0.601478 787
0 4 4 19.0646 0.537024 2.15286 0.248543 948
0 4 5 18.759 0.673452 1.9431 0.267138 922
0 4 6 19.1648 0.51461 1.97408 0.341654 931
0 4 7 18.772 0.792876 1.79002 0.432114 879
0 4 8 18.9459 0.58464 1.91777 0.344787 1073
0 4 9 18.9346 0.552049 1.99226 0.415235 901
0 4 10 19.2568 0.542913 2.35141 0.267436 829
0 4 11 18.4707 0.959485 2.12121 0.268178 1139
0 4 12 19.4005 0.734721 1.81217 0.467736 869
0 4 13 19.1281 0.502912 1.88766 0.422766 779
0 4 14 18.5655 0.537104 2.09979 0.264139 1351
0 4 15 19.3548 0.542384 1.41021 0.442493 820
0 4 16 19.0434 0.68949 1.77617 0.329017 835
0 4 17 18.6673 0.807303 1.99306 0.299943 1190
0 4 18 19.0855 0.715862 1.68945 0.453506 891
0 4 19 19.5935 0.483529 1.90944 0.343769 836
0 4 20 19.6243 0.617409 2.43315 0.35412 986
0 4 21 19.9768 0.459185 2.08317 0.309212 958
0 4 22 18.0229 0.855483 2.45955 0.499071 788
0 4 23 19.0444 -3 0 0 7
0 4 24 18.6731 0.815559 2.08034 0.366035 1135
0 4 25 18.4725 0.643441 1.868 0.305059 818
0 4 26 19.4678 1.14944 1.73245 0.31357 1425
0 4 27 18.5939 0.682588 1.85501 0.356951 837
0 4 28 19.83 0.708401 1.53762 0.326113 834
0 4 29 19.8747 0.536967 1.91645 0.305143 1252
0 4 30 21.5 -2 0 0 855
0 4 31 18.8498 1.08717 2.16612 0.502318 836
0 4 32 19.3936 0.506501 1.76183 0.387763 862
0 4 33 19.3037 0.701788 1.30007 0.568776 886
0 4 34 19.6005 0.568645 1.65573 0.323123 1429
0 4 35 18.6072 0.724053 1.60247 0.49665 929
0 4 36 19.401 1.2445 2.44557 0.487468 929
0 4 37 19.514 0.820786 2.37009 0.231327 1122
0 4 38 19.5263 0.653974 1.82762 0.327732 847
0 4 39 19.0438 0.632848 1.96395 0.368796 982
0 4 40 18.7815 0.52797 2.12854 0.295812 963
0 4 41 18.7536 0.814051 1.54942 0.426946 863
0 4 42 18.7522 0.665192 1.66376 0.337603 1007
0 4 43 19.5627 0.52048 1.95393 0.355655 1251
0 4 44 19.3326 1.03982 1.84215 0.327806 834
0 4 45 18.8359 0.651198 1.76509 0.332083 846
0 4 46 18.4793 0.637226 1.89409 0.336441 1556
0 4 47 19.3921 0.637147 2.29082 0.386775 890
0 4 48 18.7978 0.541634 1.98415 0.242476 905
0 4 49 18.6736 0.569679 1.80886 0.385176 1194
0 4 50 19.2802 0.573562 1.80947 0.231385 879
0 4 51 18.6961 0.554722 1.98018 0.339585 1350
0 4 52 19.1303 0.609775 1.9577 0.32237 1290
0 4 53 17.6029 0.701026 2.38459 0.316782 853
0 4 54 18.1337 0.863662 2.63372 0.367814 961
0 4 55 18.7668 0.615084 1.30269 0.507021 1351
0 4 56 17.8194 0.560372 1.94548 0.387511 1017
0 4 57 18.5344 0.810518 1.61913 0.333358 1217
0 4 58 16.8373 0.869595 2.1708 0.420418 1034
0 4 59 18.3606 0.581095 1.61262 0.418569 1426
0 4 60 17.7275 0.566674 1.57152 0.376978 905
0 4 61 18.4881 0.58472 2.47846 0.207124 1558
0 4 62 18.0617 0.630336 2.326 0.284325 1553
0 4 63 21.5 -2 0 0 1157
0 5 0 18.3899 0.475664 1.99088 0.398909 1785
0 5 1 17.9266 0.562675 1.85993 0.353164 1958
0 5 2 18.8248 0.377022 2.03213 0.421949 2090
0 5 3 18.0079 0.641818 1.89422 0.305683 2904
0 5 4 17.6699 0.523048 1.89322 0.256913 2302
0 5 5 18.3985 0.471434 1.9199 0.307129 2331
0 5 6 18.5606 0.425164 1.81397 0.328221 2453
0 5 7 18.8784 0.473532 1.71834 0.342573 3862
0 5 8 18.5675 0.523062 1.93411 0.384042 2124
0 5 9 18.5741 0.466132 1.87593 0.458257 3007
0 5 10 18.2318 0.538764 2.03949 0.362433 3346
0 5 11 19.4443 0.47976 1.89773 0.436515 2124
0 5 12 18.8421 0.478312 1.6555 0.383764 2690
0 5 13 18.7342 0.496045 1.78634 0.390875 3251
0 5 14 18.7286 0.568823 1.93779 0.329279 1704
0 5 15 18.7333 0.460825 1.65363 0.455088 2803
0 5 16 18.7364 0.492184 2.17607 0.360176 3901
0 5 17 18.6449 0.843978 1.73425 0.420064 1870
0 5 18 18.6535 0.416241 1.95107 0.337458 2635
0 5 19 18.7284 0.555669 1.27281 0.648268 3830
0 5 20 21.5 -2 0 0 2251
0 5 21 18.8061 0.450854 2.08614 0.269011 2710
0 5 22 18.0534 0.64888 1.86971 0.360352 3255
0 5 23 17.9541 0.547057 1.89957 0.451698 2033
0 5 24 18.5392 0.442549 1.94572 0.327612 1875
0 5 25 18.0946 0.470145 1.73923 0.407072 3620
0 5 26 18.2955 0.673187 1.84201 0.287675 1659
0 5 27 19.0164 0.496339 1.69068 0.334341 2855
0 5 28 18.663 0.618814 1.80396 0.348462 3082
0 5 29 18.5682 0.471274 1.58445 0.412398 1832
0 5 30 18.2952 0.715353 2.04819 0.358745 2553
0 5 31 17.1423 0.726811 2.18231 0.349338 3427
0 5 32 21.5 -2 0 0 2873
0 5 33 18.1765 1.41456 1.93051 0.445899 2589
0 5 34 18.9419 0.41389 2.18498 0.276751 1620
0 5 35 18.4827 0.608597 1.66205 0.373463 3249
0 5 36 18.0744 0.78887 2.15483 0.327479 2420
0 5 37 18.5235 0.656322 1.79513 0.392581 1934
0 5 38 17.9365 0.48432 1.66976 0.334935 3103
0 5 39 18.1101 0.559563 2.40804 0.373544 2144
0 5 40 17.9338 0.524083 1.81526 0.310862 2185
0 5 41 19.0975 0.446745 1.81037 0.257386 2843
0 5 42 18.8742 0.584415 1.67129 0.417332 2080
0 5 43 18.4755 0.540722 1.64753 0.338972 1730
0 5 44 18.0199 0.641388 1.70365 0.393528 2494
0 5 45 19.088 0.572022 2.31408 0.306326 1879
0 5 46 18.3034 0.506766 2.04882 0.32394 1590
0 5 47 18.7351 0.380891 1.64763 0.488772 2970
0 5 48 18.2361 0.73854 2.01156 0.380533 2261
0 5 49 18.3143 0.549136 1.67072 0.418505 1842
0 5 50 18.4272 0.465755 1.9944 0.329356 2429
0 5 51 18.4497 0.431939 2.07279 0.372614 1592
0 5 52 18.1812 0.599924 1.653 0.546493 1690
0 5 53 18.0145 0.559451 1.80456 0.361846 2635
0 5 54 18.3743 0.443079 1.71762 0.308951 2151
0 5 55 21.5 -2 0 0 1564
0 5 56 18.2213 0.39706 1.83995 0.46987 1916
0 5 57 17.9768 0.497677 1.74123 0.407796 1815
0 5 58 21.5 -2 0 0 1861
0 5 59 17.6092 0.394479 1.69201 0.559225 1537
0 5 60 18.1552 0.398153 2.10043 0.491545 2295
0 5 61 21.5 -2 0 0 1536
0 5 62 21.5 -2 0 0 1468
0 5 63 16.9807 0.420015 1.62169 0.351318 1692
0 6 0 19.0334 0.818296 1.99903 0.262408 1586
0 6 1 18.9942 0.548385 1.70489 0.496811 1278
0 6 2 19.0763 0.616315 2.66506 0.372338 1155
0 6 3 17.5058 0.696011 1.68579 0.364354 844
0 6 4 17.0432 0.536852 2.27145 0.340445 886
0 6 5 18.2124 0.525822 2.01639 0.253634 973
0 6 6 18.3074 0.725723 1.71861 0.432041 1027
0 6 7 18.9718 0.567115 1.66772 0.450198 865
0 6 8 25.5 -2 0 0 1144
0 6 9 18.0949 0.722055 1.51574 0.402106 916
0 6 10 21.5 -2 0 0 813
0 6 11 17.8031 0.798386 2.3296 0.254522 1101
0 6 12 18.4207 0.615069 2.27274 0.368428 935
0 6 13 18.9469 0.574689 1.58596 0.430327 778
0 6 14 21.5 -2 0 0 1452
0 6 15 18.3475 0.749665 2.54935 0.241207 851
0 6 16 18.5094 0.58216 1.59047 0.439804 943
0 6 17 18.5573 0.516759 1.70426 0.321109 1238
0 6 18 17.8761 0.665022 2.3331 0.293195 917
0 6 19 18.0739 0.691752 2.01066 0.340074 807
0 6 20 19.36 0.570094 2.01008 0.364797 935
0 6 21 18.9022 0.495823 2.08033 0.353549 990
0 6 22 21.5 -2 0 0 826
0 6 23 18.1119 0.514667 2.33175 0.240389 996
0 6 24 18.729 0.502429 1.86665 0.402685 1227
0 6 25 18.347 0.651744 1.9023 0.375298 810
0 6 26 19.3351 0.5366 2.28288 0.285714 1417
0 6 27 18.9675 0.540845 2.03946 0.454692 850
0 6 28 18.8415 0.474215 2.2536 0.241573 806
0 6 29 19.0301 0.507899 1.79196 0.294868 1114
0 6 30 18.7669 0.542004 1.58707 0.34928 889
0 6 31 19.0624 0.506545 1.92511 0.311478 807
0 6 32 19.2404 0.994874 1.58497 0.32481 807
0 6 33 18.4212 0.631727 1.70317 0.452939 801
0 6 34 19.6235 0.636601 2.05381 0.29581 1317
0 6 35 18.2115 0.571282 1.57873 0.408959 713
0 6 36 19.8944 0.582124 1.69119 0.316599 869
0 6 37 17.8693 0.468677 1.7877 0.382526 893
0 6 38 18.3039 0.934198 2.19618 0.290894 719
0 6 39 19.2024 0.57403 1.56847 0.500175 815
0 6 40 18.7576 0.492362 2.20471 0.337863 914
0 6 41 19.0536 0.648273 2.0978 0.300062 751
0 6 42 17.5999 0.750311 1.4584 0.606152 860
0 6 43 18.9612 0.645302 1.38083 0.460721 1094
0 6 44 18.612 1.031 2.2215 0.296386 686
0 6 45 18.4212 0.573565 1.76429 0.414467 757
0 6 46 18.6569 0.598227 1.61599 0.389906 1201
0 6 47 18.9741 0.542471 2.10926 0.357777 719
0 6 48 18.1311 0.76362 1.47111 0.568391 878
0 6 49 21.5 -2 0 0 913
0 6 50 18.3 0.521599 2.29791 0.267865 737
0 6 51 18.3324 0.747721 1.98998 0.350033 1024
0 6 52 18.2275 0.737869 1.64734 0.371645 984
0 6 53 17.5811 0.6331 1.5817 0.444264 740
0 6 54 21.5 -2 0 0 754
0 6 55 17.3848 0.459705 1.89651 0.473992 916
0 6 56 17.8681 0.52676 2.10155 0.323716 876
0 6 57 17.1271 0.582524 2.05873 0.309438 917
0 6 58 21.5 -2 0 0 820
0 6 59 17.6851 0.545325 1.85214 0.296115 1124
0 6 60 17.3127 0.596688 2.0428 0.27984 799
0 6 61 17.857 0.538065 1.5925 0.616982 1075
0 6 62 17.3299 0.641637 1.58268 0.331382 1007
0 6 63 16.4241 0.705229 1.54946 0.35742 845
0 7 0 17.5539 0.587403 2.03653 0.380143 1166
0 7 1 17.9628 0.460684 1.92623 0.366358 1284
0 7 2 18.367 0.481697 1.88605 0.48312 1338
0 7 3 18.1078 0.44977 1.49859 0.547244 1825
0 7 4 18.5376 0.455934 1.92146 0.288281 1624
0 7 5 18.0071 0.730078 1.61925 0.469284 1499
0 7 6 21.5 -2 0 0 1440
0 7 7 18.1267 0.591884 1.84641 0.404257 2360
0 7 8 18.3784 0.424274 1.98297 0.338038 1377
0 7 9 21.5 -2 0 0 1737
0 7 10 18.4398 0.634136 1.75317 0.3567 1856
0 7 11 18.5551 0.54612 1.93669 0.380841 1529
0 7 12 18.3569 0.550801 1.48171 0.458193 1626
0 7 13 21.5 -2 0 0 2182
0 7 14 18.324 0.489297 1.86001 0.385176 1176
0 7 15 18.7157 0.470395 1.7396 0.406889 2079
0 7 16 17.9538 0.590832 2.39606 0.312831 2184
0 7 17 18.3707 0.541751 1.88464 0.457251 1297
0 7 18 18.5627 0.424262 1.73234 0.341292 1844
0 7 19 18.204 0.541272 1.77254 0.414831 2620
0 7 20 18.6255 0.45504 1.57298 0.419265 1854
0 7 21 17.7698 0.600911 1.81493 0.44321 1666
0 7 22 17.0462 0.659644 2.27183 0.287164 1962
0 7 23 18.2882 0.53059 1.88687 0.31594 1654
0 7 24 17.2371 0.716681 1.51736 0.743635 1189
0 7 25 18.5814 0.449181 1.83597 0.289407 2882
0 7 26 18.3618 0.423605 2.00729 0.444494 1305
0 7 27 18.5018 0.633612 1.72893 0.362434 2271
0 7 28 18.6329 0.51675 1.42163 0.479534 2587
0 7 29 18.7878 0.440571 2.05984 0.227769 1471
0 7 30 18.5647 0.467227 1.75224 0.444322 2085
0 7 31 25.5 -2 0 0 3172
0 7 32 18.7708 0.499841 1.74206 0.343576 2626
0 7 33 25.5 -2 0 0 2259
0 7 34 18.0344 0.645956 1.23064 0.730522 1406
0 7 35 18.4086 0.649523 2.02005 0.36252 3369
0 7 36 18.6319 0.505637 1.82258 0.336686 2266
0 7 37 18.6127 0.431502 1.68131 0.434077 1813
0 7 38 17.9921 0.654788 1.99408 0.265305 3616
0 7 39 17.5 -2 0 0 2629
0 7 40 18.5113 0.418151 1.83942 0.407663 1893
0 7 41 18.2807 0.448062 1.90158 0.326216 2812
0 7 42 18.7587 0.462018 1.71047 0.301052 2124
0 7 43 18.1433 0.452143 1.76346 0.288132 1578
0 7 44 17.9337 0.806692 1.76456 0.336273 2956
0 7 45 18.3491 0.455328 1.69945 0.37774 2521
0 7 46 18.2189 0.517132 2.10141 0.400359 1459
0 7 47 18.8831 0.452184 2.01425 0.320642 3697
0 7 48 18.8307 0.674563 1.36644 0.560703 2305
0 7 49 17.9182 0.412314 2.09875 0.376708 1858
0 7 50 18.0945 0.7466 1.87628 0.320066 2693
0 7 51 18.414 0.376049 1.85501 0.44437 1948
0 7 52 17.3938 0.800647 2.09672 0.294259 1690
0 7 53 21.5 -2 0 0 3229
0 7 54 21.5 -2 0 0 2481
0 7 55 18.1642 0.503996 1.75112 0.370475 1756
0 7 56 17.7866 0.494497 1.78051 0.335661 2385
0 7 57 16.2682 0.959001 2.26382 0.315461 2092
0 7 58 17.6884 0.441711 1.54589 0.440546 2202
0 7 59 17.355 0.619687 1.8453 0.293899 1595
0 7 60 17.2486 0.418311 2.05498 0.51707 2956
0 7 61 17.1661 0.467572 2.02197 0.380157 1707
0 7 62 17.4527 0.441339 1.63314 0.361446 1610
0 7 63 21.5 -2 0 0 2117
0 8 0 18.5259 0.637866 1.10341 0.633268 841
0 8 1 19.5821 0.717329 1.48923 0.375649 821
0 8 2 17.9542 0.63557 2.11044 0.40301 752
0 8 3 19.1474 0.775422 1.74624 0.43574 738
0 8 4 19.188 0.860022 1.64428 0.428164 780
0 8 5 18.4009 0.619539 1.60321 0.373557 817
0 8 6 18.1425 0.66935 2.38973 0.276894 761
0 8 7 21.5 -2 0 0 690
0 8 8 19.1093 0.735178 1.98348 0.267773 726
0 8 9 18.6479 0.53679 1.4263 0.40909 774
0 8 10 21.5 -2 0 0 680
0 8 11 18.3085 0.851144 1.65618 0.388112 767
0 8 12 18.4913 -3 0 0 52
0 8 13 18.5259 0.513663 2.16035 0.310642 747
0 8 14 18.7933 0.685763 1.75983 0.435924 729
0 8 15 16.6797 0.71986 2.36843 0.345064 781
0 8 16 18.8671 0.477787 1.95865 0.315464 763
0 8 17 18.8626 0.832237 1.34202 0.458087 771
0 8 18 18.2226 0.671752 1.79194 0.394915 720
0 8 19 18.8142 0.621755 1.70597 0.415135 786
0 8 20 18.5169 0.602202 1.65812 0.408445 829
0 8 21 18.7035 0.752266 2.19961 0.383707 779
0 8 22 21.5 -2 0 0 686
0 8 23 18.5064 0.7319 1.75254 0.298194 879
0 8 24 19.7298 0.681322 1.64847 0.468052 792
0 8 25 18.8507 0.566384 2.18337 0.292149 826
0 8 26 18.693 0.815022 1.80857 0.422141 893
0 8 27 17.613 0.658563 1.97968 0.441628 757
0 8 28 19.553 0.666869 2.08261 0.277029 798
0 8 29 18.3555 0.743119 1.96361 0.313095 847
0 8 30 19.0909 0.584472 1.98761 0.35325 801
0 8 31 19.2528 1.18181 1.76399 0.374519 882
0 8 32 18.6823 0.689232 2.13912 0.282713 850
0 8 33 19.1215 0.591392 1.44423 0.469783 821
0 8 34 18.8195 0.933777 1.89913 0.450025 863
0 8 35 16.768 0.83657 2.71102 0.271888 892
0 8 36 18.7348 0.507766 1.63972 0.357229 862
0 8 37 16.9277 0.666071 1.99705 0.339605 878
0 8 38 18.6831 0.628446 1.95607 0.355169 1022
0 8 39 17.987 0.676406 2.36297 0.214514 1103
0 8 40 18.6235 0.632012 2.01011 0.253308 850
0 8 41 17.6301 0.909012 2.29947 0.244558 894
0 8 42 18.7266 0.646855 1.95642 0.391322 971
0 8 43 18.3795 0.587609 1.75505 0.37058 867
0 8 44 18.3454 0.556006 2.16934 0.390035 869
0 8 45 18.2253 0.595385 2.16635 0.356506 856
0 8 46 18.3099 0.538269 1.82966 0.415926 943
0 8 47 19.1218 1.17951 2.97697 0.258624 1131
0 8 48 18.9822 0.412344 1.72299 0.494965 948
0 8 49 17.8848 0.595881 2.16377 0.195419 950
0 8 50 19.134 0.612332 1.77605 0.313376 951
0 8 51 21.5 -2 0 0 1170
0 8 52 17.9624 0.612932 1.48903 0.398359 972
0 8 53 17.9611 0.811237 1.57238 0.43973 1088
0 8 54 17.2355 0.582081 2.00544 0.29306 1017
0 8 55 17.4489 1.41082 1.77207 0.341591 1071
0 8 56 18.4805 0.695008 1.67186 0.418419 1177
0 8 57 17.9954 0.446623 1.83008 0.434713 1147
0 8 58 18.5605 0.654549 1.38622 0.403837 999
0 8 59 18.1493 0.616537 1.66995 0.320248 1011
0 8 60 17.7279 0.532755 1.4089 0.490407 1120
0 8 61 17.2926 0.549254 1.77707 0.516735 1237
0 8 62 17.2516 0.557349 2.0095 0.262809 1136
0 8 63 17.1904 0.64586 1.53419 0.47529 1018
0 9 0 18.3315 0.505942 1.84797 0.380648 1121
0 9 1 17.9775 0.485301 1.58701 0.476075 1155
0 9 2 18.0275 0.572306 1.82205 0.471176 1084
0 9 3 17.7209 0.559355 1.70974 0.239587 936
0 9 4 21.5 -2 0 0 895
0 9 5 17.0279 0.630489 1.79681 0.244367 1059
0 9 6 17.3851 0.462764 1.92419 0.26639 1111
0 9 7 18.638 0.983738 2.31064 0.286236 956
0 9 8 17.4383 0.584947 1.73812 0.231789 1031
0 9 9 18.1416 0.469297 1.74366 0.430171 1045
0 9 10 21.5 -2 0 0 1056
0 9 11 16.7298 0.999242 1.9269 0.390457 959
0 9 12 17.228 0.686561 1.89864 0.232672 975
0 9 13 17.3626 0.568524 1.82704 0.319435 826
0 9 14 17.1887 0.564774 1.75389 0.313838 1092
0 9 15 17.2335 0.524993 1.99065 0.34987 875
0 9 16 18.4145 0.616659 1.49393 0.425518 1035
0 9 17 21.5 -2 0 0 971
0 9 18 17.6148 0.575134 1.66655 0.375835 896
0 9 19 18.6949 0.740209 1.94055 0.41948 885
0 9 20 17.8242 0.614493 1.9414 0.38572 821
0 9 21 17.6082 0.559804 1.69393 0.359197 1087
0 9 22 18.2276 0.686125 1.81776 0.288868 953
0 9 23 17.6585 0.617097 1.67747 0.313779 850
0 9 24 21.5 -2 0 0 1037
0 9 25 18.7627 0.533496 1.89342 0.29573 774
0 9 26 18.7073 0.574561 2.2921 0.207229 952
0 9 27 17.9801 0.57083 1.52828 0.550394 847
0 9 28 17.5977 0.572175 1.55031 0.383954 790
0 9 29 18.3276 1.04236 2.00564 0.268835 833
0 9 30 17.9603 0.716722 1.49745 0.511704 847
0 9 31 17.781 0.620308 1.12024 0.578543 814
0 9 32 21.5 -2 0 0 737
0 9 33 18.0128 0.637186 1.5239 0.341686 817
0 9 34 18.0529 0.597984 1.96484 0.318972 910
0 9 35 18.432 0.569279 1.75243 0.337384 777
0 9 36 17.6533 0.630698 1.64422 0.28917 708
0 9 37 18.0898 0.610011 2.21998 0.390676 745
0 9 38 18.5678 0.666939 2.60218 0.326573 739
0 9 39 17.3752 0.455647 1.95583 0.388494 724
0 9 40 18.1426 0.620095 1.52573 0.553818 809
0 9 41 16.7708 0.915494 1.7458 0.250615 702
0 9 42 17.3491 0.523182 1.5718 0.313764 735
0 9 43 17.3115 0.595667 1.43078 0.526449 824
0 9 44 17.5 -2 0 0 694
0 9 45 16.2629 0.672624 2.50101 0.451728 726
0 9 46 17.7479 0.497616 1.57738 0.421366 856
0 9 47 18.5917 0.517389 2.19619 0.458616 727
0 9 48 15.7902 0.690053 1.95273 0.349787 737
0 9 49 17.0977 0.577524 1.81706 0.364433 694
0 9 50 21.5 -2 0 0 715
0 9 51 21.5 -2 0 0 729
0 9 52 16.927 0.638123 2.00493 0.31979 755
0 9 53 17.1801 0.537698 2.03455 0.30696 759
0 9 54 21.5 -2 0 0 725
0 9 55 17.1591 0.54196 1.44427 0.394019 686
0 9 56 18.0068 0.545879 1.59444 0.322362 725
0 9 57 17.2479 0.548477 1.90854 0.471823 712
0 9 58 17.0234 0.506509 1.51521 0.375505 747
0 9 59 16.9933 0.507601 1.56239 0.443508 773
0 9 60 17.4118 0.460748 1.88497 0.355963 709
0 9 61 21.5 -2 0 0 783
0 9 62 16.9131 0.606886 1.72298 0.401949 753
0 9 63 17.0281 0.530257 1.70597 0.460715 712
0 10 0 17.8578 0.495433 2.07242 0.53133 1353
0 10 1 19.0962 0.498703 2.3483 0.457902 1254
0 10 2 21.5 -2 0 0 1285
0 10 3 18.7657 0.469961 1.82356 0.566016 1292
0 10 4 17.9365 0.644044 1.59151 0.438878 1512
0 10 5 18.3357 0.641038 2.09755 0.581446 1350
0 10 6 18.4294 0.541603 2.01936 0.482105 1356
0 10 7 21.5 -2 0 0 1280
0 10 8 18.185 0.756624 1.87462 0.560635 1291
0 10 9 18.4081 0.512047 2.51512 0.429911 1168
0 10 10 17.1487 0.702397 2.74688 0.321258 1117
0 10 11 21.5 -2 0 0 1570
0 10 12 21.5 -2 0 0 1271
0 10 13 17.5216 0.663583 1.95988 0.435518 1290
0 10 14 18.608 0.451325 1.77242 0.365616 1456
0 10 15 18.2163 0.640843 1.58942 0.45621 1448
0 10 16 18.5661 0.374749 1.81403 0.700667 1110
0 10 17 18.3215 0.435545 2.10332 0.479675 1522
0 10 18 18.0768 0.507635 1.98344 0.382561 1484
0 10 19 17.3185 0.734675 1.9538 0.457349 1404
0 10 20 18.2229 0.423495 1.85134 0.454566 1611
0 10 21 17.6113 0.484535 1.87773 0.701222 1131
0 10 22 18.8573 0.405358 1.95016 0.347896 1184
0 10 23 18.3182 0.589816 2.0019 0.553634 1760
0 10 24 18.4648 0.484509 1.72359 0.579378 1358
0 10 25 18.779 0.541684 2.01044 0.447088 1526
0 10 26 18.8975 0.535173 1.88829 0.471886 1693
0 10 27 18.7434 0.430438 1.93143 0.460763 1581
0 10 28 18.1261 0.423332 1.69301 0.550361 1556
0 10 29 18.6068 0.466575 1.50002 0.516773 1608
0 10 30 18.2762 0.584039 2.24609 0.367257 1660
0 10 31 18.3134 0.520763 2.10219 0.313074 1712
0 10 32 18.1341 0.437548 2.25971 0.587846 1607
0 10 33 19.253 0.43419 1.97989 0.570218 1698
0 10 34 17.7092 0.749855 1.70939 0.389966 1848
0 10 35 18.7504 0.739577 2.14979 0.485064 1971
0 10 36 17.2418 0.522623 2.33395 0.525443 1850
0 10 37 18.383 0.439374 1.4607 0.615641 1935
0 10 38 19.0969 0.483841 2.03519 0.353318 2200
0 10 39 16.7571 0.668532 2.67953 0.391099 2764
0 10 40 18.4442 0.536312 1.84803 0.544485 1889
0 10 41 17.9196 0.461017 2.3809 0.433346 1884
0 10 42 18.2964 0.550371 1.83987 0.409827 2211
0 10 43 18.8913 0.784442 1.867 0.574531 2043
0 10 44 17.6151 0.600217 1.56154 0.753719 2142
0 10 45 21.5 -2 0 0 1924
0 10 46 17.9694 0.708403 1.78604 0.465356 2070
0 10 47 18.3828 0.766851 2.21871 0.502569 2757
0 10 48 19.2832 0.483009 1.85875 0.572898 2029
0 10 49 21.5 -2 0 0 2197
0 10 50 18.3142 0.729284 1.90773 0.272156 2219
0 10 51 19.3774 0.527111 2.13835 0.410943 3051
0 10 52 19.3699 0.643694 2.10888 0.542669 2321
0 10 53 21.5 -2 0 0 2673
0 10 54 18.0822 0.795411 1.60049 0.532071 2357
0 10 55 18.6115 0.889094 1.94988 0.568601 2634
0 10 56 21.5 -2 0 0 3033
0 10 57 21.5 -2 0 0 3052
0 10 58 17.2479 0.498904 1.8358 0.359337 2439
0 10 59 17.3944 0.512086 2.18219 0.410003 2347
0 10 60 21.5 -2 0 0 2676
0 10 61 18.1457 0.688536 1.71674 0.511365 3444
0 10 62 17.4166 0.519853 1.84126 0.465147 2690
0 10 63 17.1956 0.610348 1.35975 0.677598 2435
0 11 0 17.9059 0.489851 1.66739 0.286596 3539
0 11 1 17.4015 0.487589 2.13946 0.267661 3503
0 11 2 18.2204 0.42175 1.78674 0.341596 3481
0 11 3 18.0248 0.555582 1.5804 0.297799 2333
0 11 4 17.6499 0.37124 1.81438 0.322014 2404
0 11 5 18.0092 1.02103 1.79548 0.384784 2568
0 11 6 16.8929 0.723598 2.03441 0.30499 3308
0 11 7 21.5 -2 0 0 2034
0 11 8 17.1914 0.595707 1.76358 0.272804 2773
0 11 9 21.5 -2 0 0 2876
0 11 10 18.8239 0.467442 1.62476 0.394656 2675
0 11 11 17.7399 0.447618 1.80762 0.362524 2425
0 11 12 17.8605 0.457573 1.51498 0.31907 2577
0 11 13 21.5 -2 0 0 1991
0 11 14 18.1235 0.473509 1.83018 0.366857 3011
0 11 15 17.1726 0.551714 1.78713 0.423542 2142
0 11 16 18.1944 0.500784 2.05981 0.325542 2632
0 11 17 21.5 -2 0 0 2489
0 11 18 18.3136 0.475381 1.51356 0.403362 2223
0 11 19 18.4614 0.435456 2.02132 0.311308 1872
0 11 20 17.449 0.496693 2.05392 0.237714 1930
0 11 21 18.3534 0.575245 1.69893 0.409389 3153
0 11 22 17.5559 0.743966 2.05201 0.307731 2307
0 11 23 18.0016 0.523892 1.57178 0.460291 2202
0 11 24 17.8907 0.479032 1.50739 0.349741 2813
0 11 25 18.4857 0.428694 2.06768 0.318055 1642
0 11 26 21.5 -2 0 0 2616
0 11 27 18.0754 0.536653 1.81486 0.38137 1839
0 11 28 18.1211 0.426891 1.65295 0.286534 1820
0 11 29 18.1241 0.532935 1.74149 0.296172 2104
0 11 30 17.4554 0.531147 1.84171 0.289354 1961
0 11 31 18.0745 0.618806 1.46494 0.396409 1560
0 11 32 18.0682 0.573493 1.80561 0.347073 1543
0 11 33 18.3922 0.47597 1.8332 0.31056 1498
0 11 34 18.4618 0.677852 1.62321 0.419649 2303
0 11 35 17.6042 0.593995 1.64872 0.390424 1387
0 11 36 18.8097 0.518312 1.63783 0.448808 1650
0 11 37 17.0673 0.648492 2.36753 0.297319 1865
0 11 38 21.5 -2 0 0 1271
0 11 39 17.8477 0.463664 1.67383 0.466526 1269
0 11 40 16.4702 0.739504 2.12083 0.353683 1825
0 11 41 21.5 -2 0 0 1424
0 11 42 18.3652 0.609554 1.69484 0.474185 1533
0 11 43 16.2547 1.16742 2.05551 0.382983 1859
0 11 44 21.5 -2 0 0 1201
0 11 45 17.1206 0.777881 1.50384 0.481941 1413
0 11 46 18.1277 0.576631 1.73143 0.430674 2018
0 11 47 21.5 -2 0 0 1162
0 11 48 17.8272 0.46626 1.91317 0.308011 1500
0 11 49 21.5 -2 0 0 1675
0 11 50 17.5079 0.399296 1.85517 0.346072 1338
0 11 51 17.3909 0.457409 1.67985 0.479435 1253
0 11 52 17.4154 0.434517 1.55699 0.496101 1655
0 11 53 17.2223 0.426027 1.623 0.454756 1190
0 11 54 16.9083 0.525279 2.17337 0.20482 1245
0 11 55 17.5724 0.439385 1.75653 0.323386 1549
0 11 56 17.1675 0.43431 1.60413 0.470526 1294
0 11 57 21.5 -2 0 0 1293
0 11 58 21.5 -2 0 0 1377
0 11 59 17.1075 0.536301 1.85151 0.450727 1783
0 11 60 17.2743 0.457051 1.58182 0.446474 1262
0 11 61 16.8504 0.383751 1.58453 0.499208 1440
0 11 62 16.716 0.562191 1.92651 0.365029 1573
0 11 63 17.4469 0.481479 1.91039 0.340815 1438
0 12 0 18.7378 0.372236 1.84919 0.456761 4251
0 12 1 19.3584 0.39167 1.74872 0.621208 4090
0 12 2 18.3988 0.418213 1.6711 0.606708 3957
0 12 3 18.3565 0.392444 1.69212 0.576897 3588
0 12 4 17.9803 0.463111 1.63038 0.454667 4230
0 12 5 18.7045 0.486608 1.74627 0.57645 4090
0 12 6 18.4373 0.41959 1.81405 0.401572 3845
0 12 7 18.3076 0.420486 1.68665 0.364833 3401
0 12 8 18.3537 0.410173 1.80966 0.464292 4019
0 12 9 18.4471 0.347321 1.84456 0.368823 3569
0 12 10 18.213 0.458348 1.98335 0.284982 3396
0 12 11 18.2951 0.434537 1.85841 0.370561 4359
0 12 12 17.8201 0.428473 2.01782 0.287932 3883
0 12 13 19.1173 0.397729 1.64295 0.303529 3577
0 12 14 18.2012 0.370622 2.07396 0.481326 4332
0 12 15 18.0269 0.484543 1.93088 0.329164 3927
0 12 16 19.2234 0.418353 1.95435 0.498058 3341
0 12 17 18.3962 0.673272 1.89635 0.498281 4452
0 12 18 18.5161 0.364989 1.60336 0.47441 4072
0 12 19 18.9055 0.386827 1.86038 0.470332 3667
0 12 20 19.1228 0.381617 1.77224 0.344066 4671
0 12 21 18.0672 0.342277 1.95608 0.361445 3609
0 12 22 18.253 0.512093 1.87033 0.36783 3361
0 12 23 18.7442 0.383428 1.80776 0.441532 4751
0 12 24 18.4276 0.520596 1.76067 0.425358 4247
0 12 25 18.2393 0.501229 2.24056 0.496146 3898
0 12 26 18.5548 0.539471 1.98131 0.475224 4662
0 12 27 18.8076 0.348402 1.84242 0.466731 4057
0 12 28 18.6545 0.505122 1.71294 0.505801 3971
0 12 29 18.7681 0.388319 1.96945 0.41318 4793
0 12 30 18.8833 0.335714 1.59556 0.492823 4336
0 12 31 19.1697 0.442928 1.73016 0.420721 4131
0 12 32 19.1113 0.389317 1.79794 0.446871 3998
0 12 33 18.7831 0.36166 1.80074 0.489148 4433
0 12 34 18.7544 0.366003 1.97067 0.386272 5057
0 12 35 19.3086 0.329855 1.86824 0.355014 4239
0 12 36 18.6459 0.500496 1.86018 0.453305 4609
0 12 37 18.7556 0.375941 1.60616 0.376429 5068
0 12 38 18.7271 0.367319 1.75508 0.438066 4380
0 12 39 18.9096 0.35685 1.60579 0.588038 5018
0 12 40 18.9405 0.422567 1.70166 0.416614 4832
0 12 41 18.8307 0.449526 1.95243 0.464821 4253
0 12 42 17.416 0.846655 2.06336 0.402932 4867
0 12 43 18.9682 0.508012 1.77417 0.518565 5057
0 12 44 18.5659 0.465935 1.77452 0.353071 4327
0 12 45 18.6181 0.394153 1.81645 0.329866 4657
0 12 46 18.7326 0.405753 1.89814 0.460796 5165
0 12 47 18.4269 0.41571 2.16209 0.347212 4443
0 12 48 17.7199 0.546289 2.05706 0.461104 4676
0 12 49 18.077 0.483717 1.71592 0.456026 5114
0 12 50 18.7666 0.35199 1.60236 0.49896 4709
0 12 51 18.2296 0.40898 2.09074 0.453834 5616
0 12 52 18.703 0.436013 1.66896 0.396687 5416
0 12 53 18.1135 0.456434 1.88751 0.447621 4526
0 12 54 17.87 0.413468 1.69174 0.451208 5000
0 12 55 17.8573 0.431312 1.82425 0.411661 5453
0 12 56 17.5331 0.731191 1.84797 0.693704 5211
0 12 57 18.2024 0.350414 1.77657 0.461527 5426
0 12 58 18.2437 0.384695 1.74554 0.341187 4990
0 12 59 18.227 0.337866 1.89565 0.540888 5626
0 12 60 17.9055 0.363332 1.76022 0.372023 4743
0 12 61 17.8244 0.388395 2.27927 0.371696 5946
0 12 62 21.5 -2 0 0 5724
0 12 63 17.3662 0.393686 1.85689 0.256151 5298
0 13 0 19.0526 0.358425 2.27298 0.442745 5771
0 13 1 18.9968 0.365602 2.2083 0.43868 5199
0 13 2 19.305 0.363954 2.11874 0.59734 5106
0 13 3 18.9716 0.391618 1.87808 0.332038 4088
0 13 4 18.7505 0.398203 1.84987 0.468462 4686
0 13 5 18.6173 0.37379 1.91425 0.391728 5008
0 13 6 18.601 0.401778 2.04505 0.528306 4841
0 13 7 18.2629 0.537814 2.10043 0.264057 3705
0 13 8 18.2762 0.466695 2.13813 0.417702 5125
0 13 9 18.0909 0.503474 2.36882 0.389271 4412
0 13 10 18.7502 0.437653 2.05 0.426461 4052
0 13 11 18.9651 0.365782 1.90453 0.36428 4816
0 13 12 18.3614 0.448941 1.75439 0.529506 4423
0 13 13 18.8941 0.379767 1.91638 0.300162 3793
0 13 14 21.5 -2 0 0 5370
0 13 15 18.4912 0.415133 1.78973 0.428813 4123
0 13 16 19.0392 0.493308 1.96978 0.503048 3995
0 13 17 18.5138 0.353383 1.82834 0.431494 5093
0 13 18 18.8585 0.436778 1.98888 0.366865 4214
0 13 19 18.787 0.33554 2.35094 0.4406 3654
0 13 20 18.9477 0.455388 1.93377 0.369344 4591
0 13 21 18.876 0.322802 2.28136 0.319572 4664
0 13 22 19.2103 0.415883 1.95218 0.43493 3918
0 13 23 18.776 0.398894 1.89405 0.491544 4612
0 13 24 18.903 0.542081 1.74759 0.443361 5041
0 13 25 19.507 0.367288 1.78245 0.446669 3660
0 13 26 25.5 -2 0 0 5303
0 13 27 18.6607 0.589062 2.15363 0.360624 4094
0 13 28 18.7393 0.430716 1.94821 0.436413 3758
0 13 29 19.1119 0.351956 1.83447 0.513565 4952
0 13 30 18.8031 0.41447 1.88298 0.51898 4134
0 13 31 19.4619 0.415081 1.95392 0.328326 3387
0 13 32 19.1484 0.395393 1.64585 0.501827 3399
0 13 33 18.6552 0.374541 1.93704 0.427527 3810
0 13 34 18.8223 0.41073 2.01851 0.343491 5113
0 13 35 19.1838 0.388214 1.73649 0.462262 3172
0 13 36 19.0703 0.402786 1.96379 0.516217 3972
0 13 37 18.5925 0.577503 2.0834 0.440958 4493
0 13 38 18.4519 0.54603 2.06086 0.375025 2962
0 13 39 18.6544 0.567317 1.85994 0.494815 3437
0 13 40 19.1195 0.468317 1.75648 0.408775 4100
0 13 41 18.732 0.512479 1.58652 0.490605 3144
0 13 42 18.6024 0.406254 1.85962 0.497019 3985
0 13 43 18.5912 0.54236 1.76726 0.556458 4561
0 13 44 18.8053 0.38144 1.6004 0.361386 3027
0 13 45 18.1154 0.456058 1.96295 0.377907 3528
0 13 46 18.7424 0.347958 2.05892 0.441564 4953
0 13 47 18.5042 0.381637 2.06123 0.402523 2797
0 13 48 18.463 0.469578 1.5946 0.577097 3788
0 13 49 18.8565 0.348164 1.90619 0.493137 4076
0 13 50 18.3262 0.372872 1.93677 0.429616 3345
0 13 51 17.8693 0.466507 2.36514 0.304102 3931
0 13 52 18.3827 0.338337 1.62498 0.550613 4269
0 13 53 18.4427 0.459697 2.22891 0.460263 3202
0 13 54 21.5 -2 0 0 3475
0 13 55 18.1076 0.550259 2.00292 0.477095 3902
0 13 56 18.1645 0.425219 1.92543 0.44944 3691
0 13 57 17.5076 0.450063 2.20288 0.308599 3703
0 13 58 18.2567 0.31816 1.8924 0.467226 3550
0 13 59 18.1041 0.542824 1.83272 0.526071 4438
0 13 60 17.9655 0.454995 2.0177 0.368679 3130
0 13 61 18.0165 0.569961 2.12021 0.369143 4051
0 13 62 21.5 -2 0 0 4108
0 13 63 17.636 0.441412 1.89855 0.374103 3771
0 14 0 18.1615 0.413051 1.9678 0.444573 5792
0 14 1 17.9962 0.45735 1.9071 0.456877 5381
0 14 2 18.4939 0.420703 1.91861 0.527314 5208
0 14 3 18.0294 0.396544 1.58097 0.403644 4226
0 14 4 17.4938 0.418427 1.69406 0.464406 4520
0 14 5 17.6411 0.552148 1.90948 0.348277 4753
0 14 6 17.8341 0.433553 1.94019 0.278582 5024
0 14 7 18.0984 0.447345 1.70152 0.495354 3996
0 14 8 18.4755 0.377322 1.72337 0.473395 4978
0 14 9 17.6829 0.446425 1.90472 0.391417 4473
0 14 10 18.2041 0.401643 1.75775 0.351054 4270
0 14 11 18.5194 0.362756 1.7203 0.384401 4592
0 14 12 18.0294 0.717403 1.78652 0.457372 4426
0 14 13 18.0607 0.455624 1.55987 0.418054 3717
0 14 14 18.5476 0.433849 2.22783 0.328544 5350
0 14 15 21.5 -2 0 0 3971
0 14 16 17.9572 0.422328 1.80879 0.398807 4286
0 14 17 18.1019 0.412675 1.53013 0.537442 4531
0 14 18 18.0712 0.67986 1.81455 0.391577 4161
0 14 19 17.4399 0.56027 2.08211 0.356668 3715
0 14 20 18.498 0.420393 1.46875 0.641046 3984
0 14 21 17.7112 0.524038 1.97211 0.482191 4809
0 14 22 18.5348 0.505254 1.36791 0.473915 3942
0 14 23 17.8875 0.360383 1.89371 0.37847 4288
0 14 24 18.3882 0.459829 1.5865 0.495656 5082
0 14 25 18.4162 0.409767 1.45165 0.553756 3574
0 14 26 18.7661 0.450098 2.07448 0.417048 5086
0 14 27 18.151 0.480705 1.80215 0.422187 3753
0 14 28 18.5874 0.413885 1.59321 0.607515 3588
0 14 29 18.5138 0.533967 1.76309 0.459103 4330
0 14 30 18.375 0.456195 1.94788 0.433099 3871
0 14 31 18.2647 0.374432 1.70607 0.382175 3198
0 14 32 18.6863 0.369942 1.74934 0.310292 3071
0 14 33 18.3371 0.330297 1.7629 0.459219 3391
0 14 34 17.6907 0.658511 2.15693 0.397786 4648
0 14 35 21.5 -2 0 0 2877
0 14 36 18.5258 0.327716 1.7922 0.327854 3577
0 14 37 18.1545 0.411778 1.82219 0.367166 3877
0 14 38 18.6557 0.360187 1.79762 0.533087 2583
0 14 39 17.939 0.54171 1.93681 0.368044 2763
0 14 40 18.5775 0.483765 1.77552 0.481566 3631
0 14 41 18.7114 0.542468 1.49875 0.557098 2857
0 14 42 17.909 0.475545 1.7398 0.395059 3327
0 14 43 18.0507 0.423369 1.58463 0.368225 3694
0 14 44 18.1093 0.353451 1.73324 0.477339 2487
0 14 45 18.1376 0.450954 1.6678 0.261301 3354
0 14 46 17.3663 0.439942 2.14173 0.661141 3360
0 14 47 17.616 0.503807 1.99458 0.384047 2474
0 14 48 18.3055 0.564234 1.51198 0.503753 3131
0 14 49 21.5 -2 0 0 3498
0 14 50 18.0808 0.411604 1.85807 0.35614 2827
0 14 51 17.6325 0.505673 1.68719 0.573226 2910
0 14 52 17.9707 0.612784 1.87925 0.498529 3552
0 14 53 21.5 -2 0 0 2480
0 14 54 17.9809 0.584985 1.80913 0.316209 2883
0 14 55 17.7793 0.488575 1.75018 0.283486 3096
0 14 56 21.5 -2 0 0 2872
0 14 57 17.987 0.670212 2.10958 0.517541 3070
0 14 58 17.9185 0.545385 1.59036 0.506762 2883
0 14 59 17.713 0.332991 1.79571 0.505473 3798
0 14 60 17.8388 0.401155 1.97934 0.373006 2621
0 14 61 21.5 -2 0 0 2973
0 14 62 21.5 -2 0 0 6447
0 14 63 17.575 0.404462 1.64621 0.320839 2937
0 15 0 21.5 -2 0 0 2923
0 15 1 18.272 0.601466 1.69184 0.455823 2647
0 15 2 21.5 -2 0 0 2215
0 15 3 1.5 -2 0 0 7578
0 15 4 17.8619 0.42818 2.02258 0.328599 5885
0 15 5 18.3894 0.451006 1.86681 0.446185 2674
0 15 6 18.8444 0.732544 1.14902 1.03206 1842
0 15 7 21.5 -2 0 0 2092
0 15 8 21.5 -2 0 0 2685
0 15 9 0 -10 0 0 0
0 15 10 18.5872 0.49857 1.80089 0.690115 4021
0 15 11 0 -10 0 0 0
0 15 12 17.5341 0.556855 1.47965 0.357963 1849
0 15 13 17.7856 0.410812 1.75666 0.271842 2442
0 15 14 17.9667 -3 0 0 1
0 15 15 18.3208 0.377171 1.58087 0.377559 2747
0 15 16 18.7095 0.522626 1.71892 0.448614 1810
0 15 17 18.0488 0.518488 1.61756 0.535642 3061
0 15 18 18.2133 0.550111 1.4731 0.588866 2920
0 15 19 18.1358 0.490036 1.97055 0.504472 2403
0 15 20 18.2254 0.381796 1.90507 0.409337 3283
0 15 21 18.6279 0.398711 1.56915 0.60502 2361
0 15 22 18.5049 0.484693 1.38148 0.417323 1780
0 15 23 18.0194 0.601583 2.38108 0.424055 3428
0 15 24 18.4884 0.466764 1.82702 0.458442 2888
0 15 25 18.5898 0.477639 1.75148 0.335177 2710
0 15 26 21.5 -2 0 0 3408
0 15 27 18.773 0.510636 1.79089 0.446527 2948
0 15 28 18.7759 0.46199 1.60152 0.517942 2630
0 15 29 0 -10 0 0 0
0 15 30 18.7366 0.381805 1.72933 0.439749 3106
0 15 31 18.9155 0.430902 1.83096 0.401505 2815
0 15 32 19.1812 0.387143 1.88917 0.320875 2958
0 15 33 18.7595 0.409551 1.86523 0.382845 3233
0 15 34 0 -10 0 0 0
0 15 35 19.1305 0.455396 1.76757 0.410483 3111
0 15 36 18.0963 0.510465 1.88541 0.4752 3472
0 15 37 18.6191 0.56527 1.66612 0.486147 3968
0 15 38 18.9921 0.355038 1.68232 0.416865 3322
0 15 39 19.0453 0.471104 1.7694 0.53227 4273
0 15 40 18.0744 0.416576 1.65038 0.486004 3710
0 15 41 18.9982 0.386514 1.60177 0.469945 3099
0 15 42 1.5 -2 0 0 16152
0 15 43 21.5 -2 0 0 3884
0 15 44 18.4581 0.482763 1.71757 0.375468 3554
0 15 45 18.4587 0.370331 1.74436 0.490177 3518
0 15 46 21.5 -2 0 0 4265
0 15 47 17.8892 0.418736 1.7154 0.516297 3451
0 15 48 0 -10 0 0 0
0 15 49 17.5 -2 0 0 2481
0 15 50 17.9079 0.457464 1.99166 0.281677 3793
0 15 51 18.4594 0.481136 2.13903 0.436714 4972
0 15 52 18.8554 0.35001 1.7223 0.523036 4461
0 15 53 21.5 -2 0 0 3738
0 15 54 17.7661 0.535721 1.75247 0.510061 4060
0 15 55 21.5 -2 0 0 4582
0 15 56 18.398 0.353413 2.17139 0.407525 4634
0 15 57 18.0853 0.42386 2.14117 0.367064 4957
0 15 58 21.5 -2 0 0 4262
0 15 59 21.5 -2 0 0 4528
0 15 60 17.0943 0.511465 2.02838 0.457606 4031
0 15 61 17.7173 0.350215 2.13458 0.385757 5224
0 15 62 21.5 -2 0 0 4789
0 15 63 14.7672 0.619303 2.77562 0.707018 4546
1 0 0 20.1019 0.689385 2.2743 0.400928 1303
1 0 1 19.6016 0.580734 1.95333 0.415551 544
1 0 2 19.1223 0.809317 2.92916 0.348849 533
1 0 3 19.7589 0.660552 1.95597 0.348269 457
1 0 4 21.5 -2 0 0 479
1 0 5 19.2781 0.65257 1.4643 0.496042 515
1 0 6 18.6015 0.655567 1.99056 0.370642 470
1 0 7 18.5947 0.886426 1.59651 0.577341 508
1 0 8 19.3276 0.677823 1.59931 0.458534 551
1 0 9 18.9114 0.674356 2.43625 0.3516 560
1 0 10 21.5 -2 0 0 509
1 0 11 18.9756 0.649843 2.60314 0.363126 538
1 0 12 21.5 -2 0 0 463
1 0 13 19.0395 0.804766 2.08838 0.34075 496
1 0 14 18.6286 0.569181 2.30196 0.453289 574
1 0 15 19.384 0.667253 1.59556 0.358198 485
1 0 16 19.1544 0.632054 2.36204 0.407786 524
1 0 17 18.5002 0.721965 2.73566 0.279668 526
1 0 18 19.1062 0.901637 2.36341 0.268126 520
1 0 19 21.5 -2 0 0 511
1 0 20 25.5 -2 0 0 525
1 0 21 20.6783 0.753494 1.87939 0.444794 519
1 0 22 21.5 -2 0 0 412
1 0 23 19.6759 0.71074 1.54075 0.37075 584
1 0 24 19.6185 0.699063 1.52869 0.383389 558
1 0 25 19.9386 0.817052 1.26606 0.412026 660
1 0 26 18.3806 0.848796 2.10365 0.326359 593
1 0 27 19.9695 0.577976 2.00541 0.374899 498
1 0 28 18.1009 0.885728 3.12385 0.431407 622
1 0 29 19.2244 0.667606 1.67218 0.436148 543
1 0 30 18.4268 0.720701 1.5465 0.537901 520
1 0 31 19.4696 0.920304 2.11368 0.434636 537
1 0 32 20.014 0.729945 1.70375 0.470405 483
1 0 33 18.5507 0.912321 1.79725 0.326311 540
1 0 34 21.5 -2 0 0 595
1 0 35 19.0211 0.917285 1.39923 0.391481 551
1 0 36 21.5 -2 0 0 526
1 0 37 0 -10 0 0 0
1 0 38 19.6566 0.626426 2.07316 0.335966 595
1 0 39 17.5 -2 0 0 626
1 0 40 21.5 -2 0 0 579
1 0 41 18.4294 0.532681 1.95595 0.467783 565
1 0 42 18.3953 1.03531 2.87633 0.357816 601
1 0 43 18.3379 0.566362 1.87283 0.435036 598
1 0 44 17.4801 0.742821 2.26922 0.290525 551
1 0 45 19.622 0.836696 2.01675 0.41499 540
1 0 46 21.5 -2 0 0 633
1 0 47 21.5 -2 0 0 641
1 0 48 18.7357 0.647541 1.60292 0.279177 520
1 0 49 21.5 -2 0 0 640
1 0 50 18.467 0.691032 2.76706 0.295791 566
1 0 51 18.5161 0.546257 2.34998 0.394764 728
1 0 52 18.8935 0.683351 1.75827 0.383335 668
1 0 53 21.5 -2 0 0 609
1 0 54 21.5 -2 0 0 566
1 0 55 17.3273 0.850541 1.98643 0.438205 615
1 0 56 17.357 0.559617 1.95634 0.330046 638
1 0 57 18.4295 0.591254 2.38727 0.30742 721
1 0 58 21.5 -2 0 0 612
1 0 59 21.5 -2 0 0 706
1 0 60 17.9821 1.22133 2.01857 0.458825 669
1 0 61 21.5 -2 0 0 813
1 0 62 17.4261 0.654201 2.57762 0.27479 732
1 0 63 18.3388 0.86439 1.3661 0.470899 631
1 1 0 19.1722 1.06968 4.28412 0.453735 1060
1 1 1 19.0583 0.695125 2.46074 0.347588 595
1 1 2 18.5479 0.564171 2.11556 0.3157 646
1 1 3 18.3838 0.580368 2.62786 0.251858 619
1 1 4 19.0553 0.603913 2.29587 0.39379 568
1 1 5 17.5 -2 0 0 554
1 1 6 18.37 0.825801 2.098 0.328868 705
1 1 7 18.2391 0.556481 1.95081 0.367175 735
1 1 8 19.3566 0.843039 1.8794 0.459424 573
1 1 9 18.9008 0.543116 1.82279 0.386049 723
1 1 10 18.2373 0.560337 1.9244 0.581494 741
1 1 11 18.5049 0.636681 1.84629 0.476429 521
1 1 12 18.3863 0.571721 2.10108 0.326678 614
1 1 13 18.1353 0.730233 1.68843 0.432727 647
1 1 14 21.5 -2 0 0 562
1 1 15 19.0114 0.568612 1.72197 0.397044 582
1 1 16 18.6554 0.671065 2.68442 0.268611 843
1 1 17 16.5003 1.05138 2.05435 0.354 542
1 1 18 18.3764 0.5653 2.1304 0.350865 565
1 1 19 18.6716 0.618116 2.48694 0.405906 655
1 1 20 0 -10 0 0 0
1 1 21 21.5 -2 0 0 651
1 1 22 18.0771 0.895512 2.37867 0.343413 629
1 1 23 19.0049 0.569763 1.84015 0.315816 543
1 1 24 17.4401 0.598709 1.84058 0.350966 535
1 1 25 18.5659 0.526508 2.02477 0.371807 641
1 1 26 21.5 -2 0 0 541
1 1 27 18.3849 0.71475 1.45558 0.466728 531
1 1 28 18.4446 0.639654 1.72779 0.344216 578
1 1 29 21.5 -2 0 0 531
1 1 30 5.5 -2 0 0 7732
1 1 31 21.5 -2 0 0 623
1 1 32 18.2293 0.688167 2.29696 0.330257 552
1 1 33 19.0463 0.634287 2.30499 0.317361 555
1 1 34 21.5 -2 0 0 510
1 1 35 0 -10 0 0 0
1 1 36 19.4677 0.613385 1.43132 0.532625 545
1 1 37 0 -10 0 0 0
1 1 38 18.1386 -3 0 0 1
1 1 39 9.5 -2 0 0 990
1 1 40 19.1555 0.672526 2.20994 0.255657 562
1 1 41 0 -10 0 0 0
1 1 42 0 -10 0 0 0
1 1 43 19.66 0.773148 2.16128 0.255776 499
1 1 44 0 -10 0 0 0
1 1 45 19.1674 0.754115 1.46741 0.547658 541
1 1 46 17.783 0.568567 2.22249 0.418173 566
1 1 47 0 -10 0 0 0
1 1 48 17.8293 0.627627 1.47343 0.411631 523
1 1 49 17.8905 0.829656 2.71467 0.335773 513
1 1 50 18.1386 -3 0 0 11
1 1 51 0 -10 0 0 0
1 1 52 18.6465 0.818915 1.16555 0.545622 465
1 1 53 0 -10 0 0 0
1 1 54 18.8112 0.653191 1.68586 0.491246 579
1 1 55 25.5 -2 0 0 443
1 1 56 0 -10 0 0 0
1 1 57 18.1568 0.602095 2.49914 0.322781 496
1 1 58 21.5 -2 0 0 524
1 1 59 21.5 -2 0 0 489
1 1 60 0 -10 0 0 0
1 1 61 18.5143 0.616536 2.56229 0.275229 514
1 1 62 17.7725 0.977011 1.5571 0.383762 436
1 1 63 21.5 -2 0 0 456
1 2 0 17.9045 0.528977 1.93775 0.540583 1670
1 2 1 21.5 -2 0 0 804
1 2 2 21.5 -2 0 0 696
1 2 3 18.8122 0.637033 2.09074 0.443139 662
1 2 4 18.5448 0.662804 2.56554 0.397307 729
1 2 5 18.0456 0.67462 1.50593 0.426182 660
1 2 6 18.5601 0.962314 2.86738 0.340457 713
1 2 7 17.972 0.835575 2.14008 0.333277 601
1 2 8 18.5695 0.653366 2.10317 0.39467 666
1 2 9 18.738 0.588795 1.79976 0.499591 636
1 2 10 18.0473 0.602382 2.22528 0.356126 565
1 2 11 21.5 -2 0 0 715
1 2 12 18.0341 0.597089 1.88191 0.282121 633
1 2 13 17.8054 0.697186 2.35385 0.364997 646
1 2 14 18.3968 0.610717 2.04377 0.35926 801
1 2 15 15.8031 0.859327 2.09195 0.476413 674
1 2 16 18.0301 0.71223 2.06549 0.451739 617
1 2 17 18.2921 0.877372 1.5925 0.53139 1025
1 2 18 18.3808 0.630811 1.31991 0.517635 670
1 2 19 18.7549 1.0245 1.72474 0.530927 640
1 2 20 18.7507 0.706178 1.65871 0.327757 683
1 2 21 17.5 -2 0 0 634
1 2 22 18.6032 0.675765 1.96705 0.339772 630
1 2 23 18.0046 0.802245 2.09216 0.34464 832
1 2 24 18.618 0.728062 1.99677 0.325776 751
1 2 25 21.5 -2 0 0 665
1 2 26 25.5 -2 0 0 823
1 2 27 19.5264 0.704394 1.51391 0.467697 668
1 2 28 17.5 -2 0 0 616
1 2 29 18.6499 0.604775 2.25583 0.250042 789
1 2 30 18.1162 0.590004 1.98149 0.384543 711
1 2 31 21.5 -2 0 0 619
1 2 32 18.1053 0.779143 1.92936 0.401328 698
1 2 33 18.9858 0.711482 1.81227 0.386586 677
1 2 34 19.1076 0.695858 2.81204 0.276651 901
1 2 35 18.0321 0.524057 2.19479 0.232202 730
1 2 36 18.253 0.605322 1.68146 0.34596 713
1 2 37 0 -10 0 0 0
1 2 38 18.1603 0.689127 1.87931 0.291788 718
1 2 39 18.385 0.685303 1.58825 0.502886 844
1 2 40 21.5 -2 0 0 793
1 2 41 18.4477 0.780579 1.70514 0.38559 653
1 2 42 18.5708 0.536106 2.29027 0.335635 773
1 2 43 18.662 0.525597 2.27281 0.252941 909
1 2 44 18.2635 0.73815 2.46636 0.353863 691
1 2 45 18.5737 0.59089 1.80918 0.27659 708
1 2 46 18.1893 0.690227 2.25067 0.212683 924
1 2 47 17.7506 0.700667 1.53372 0.581887 775
1 2 48 17.2725 0.750705 2.06318 0.356476 766
1 2 49 18.1542 0.623685 1.5801 0.430357 815
1 2 50 17.7511 0.75345 1.79472 0.37366 749
1 2 51 17.8975 1.22481 2.16664 0.297595 1051
1 2 52 18.0023 0.582521 1.64593 0.412361 909
1 2 53 17.6114 0.808473 2.74517 0.248659 790
1 2 54 21.5 -2 0 0 775
1 2 55 18.0403 0.601225 1.79119 0.347547 936
1 2 56 18.1271 0.732323 1.76779 0.473708 926
1 2 57 18.6386 0.731759 1.91766 0.335223 971
1 2 58 17.5 -2 0 0 765
1 2 59 21.5 -2 0 0 1033
1 2 60 18.6434 0.604987 2.15446 0.404807 818
1 2 61 21.5 -2 0 0 1285
1 2 62 17.5 -2 0 0 1060
1 2 63 18.527 0.680485 1.6407 0.372484 858
1 3 0 18.3397 0.965098 2.26018 0.446841 2871
1 3 1 18.9104 0.453036 1.91683 0.370895 1418
1 3 2 17.9303 0.531592 2.16387 0.443364 1567
1 3 3 21.5 -2 0 0 1708
1 3 4 18.233 0.53689 1.90085 0.349525 1293
1 3 5 16.566 0.732816 1.75239 0.403854 1442
1 3 6 17.2081 0.596159 1.90198 0.26075 1660
1 3 7 16.8837 0.541328 2.13643 0.251985 2168
1 3 8 17.8416 0.578117 1.74478 0.294885 1321
1 3 9 17.3914 0.577595 1.55907 0.362716 2067
1 3 10 17.4252 0.544625 2.0305 0.294506 2255
1 3 11 17.755 0.463695 1.8886 0.348246 1263
1 3 12 17.3204 0.619526 1.69002 0.415037 1640
1 3 13 17.1288 0.434598 1.94967 0.332687 1698
1 3 14 18.7206 0.564675 2.6202 0.44133 1236
1 3 15 17.7582 0.521959 1.62026 0.414216 1639
1 3 16 17.2395 0.487359 2.106 0.34177 2555
1 3 17 17.9942 0.606837 1.8593 0.367642 1128
1 3 18 17.7795 0.503068 1.88756 0.152612 1459
1 3 19 13.5 -2 0 0 2241
1 3 20 17.9823 0.613598 1.69763 0.408104 1166
1 3 21 17.1724 0.576501 1.94577 0.274883 1848
1 3 22 17.6019 0.434656 1.9952 0.321699 1928
1 3 23 21.5 -2 0 0 1165
1 3 24 18.5872 0.508906 2.00264 0.322782 1236
1 3 25 16.9654 0.537642 2.05491 0.249849 1729
1 3 26 18.0556 0.586321 1.97235 0.425544 1105
1 3 27 17.4528 0.691508 1.6016 0.47981 1373
1 3 28 21.5 -2 0 0 1524
1 3 29 18.3133 0.622419 1.60246 0.377721 1140
1 3 30 17.6086 0.588538 1.44354 0.321154 1310
1 3 31 16.8658 0.645007 1.82382 0.244342 1525
1 3 32 18.2237 0.685454 2.16015 0.338796 1362
1 3 33 18.112 0.676459 1.94886 0.27998 1338
1 3 34 17.9682 0.536892 1.99014 0.465938 977
1 3 35 21.5 -2 0 0 1412
1 3 36 17.1445 0.65654 1.90433 0.291165 1146
1 3 37 0 -10 0 0 0
1 3 38 18.4523 0.551073 2.2127 0.395349 1278
1 3 39 18.1861 0.648588 2.07669 0.456088 954
1 3 40 16.9241 0.637325 2.12716 0.319728 1140
1 3 41 18.2101 0.552261 1.6371 0.3288 1189
1 3 42 21.5 -2 0 0 1046
1 3 43 21.5 -2 0 0 976
1 3 44 18.1285 0.50542 1.85882 0.47108 1121
1 3 45 21.5 -2 0 0 1170
1 3 46 17.6571 0.664896 1.86419 0.362023 965
1 3 47 17.6592 0.668826 2.50415 0.356239 1193
1 3 48 17.3811 0.547651 1.77348 0.395821 1051
1 3 49 21.5 -2 0 0 926
1 3 50 17.9751 0.584814 1.57719 0.371458 1041
1 3 51 17.4628 0.487834 1.81328 0.541101 750
1 3 52 18.1778 0.739043 1.62003 0.4 860
1 3 53 21.5 -2 0 0 1021
1 3 54 18.1495 0.529307 1.76615 0.367399 1019
1 3 55 17.4394 0.752621 2.03019 0.383262 853
1 3 56 17.1247 0.560676 1.67759 0.411767 844
1 3 57 17.2707 0.533968 2.08919 0.366077 862
1 3 58 21.5 -2 0 0 927
1 3 59 16.3503 0.599493 2.12493 0.323031 848
1 3 60 16.6744 0.525671 2.33814 0.270538 987
1 3 61 17.9342 0.508132 2.53008 0.49509 791
1 3 62 21.5 -2 0 0 776
1 3 63 17.2486 0.492975 1.93673 0.288549 853
1 4 0 18.5026 0.636989 2.50599 0.281829 2534
1 4 1 19.1765 0.587508 1.98074 0.285458 1103
1 4 2 19.2513 0.704391 1.86147 0.294882 908
1 4 3 17.6607 0.5103 2.18467 0.270323 761
1 4 4 19.032 0.740646 1.55786 0.358692 884
1 4 5 19.0487 0.535571 2.23869 0.340377 862
1 4 6 17.8597 0.810556 1.91332 0.445194 904
1 4 7 19.1426 0.528247 1.63297 0.521464 766
1 4 8 19.0665 0.539846 1.85151 0.366442 1050
1 4 9 17.9555 0.785487 2.08251 0.392167 839
1 4 10 17.4445 0.574272 2.21103 0.315847 819
1 4 11 18.5036 0.673392 2.03736 0.351799 1213
1 4 12 18.6662 0.970158 2.12145 0.48412 855
1 4 13 17.7444 0.772199 1.81155 0.509387 727
1 4 14 18.6991 0.587047 1.75946 0.396792 1303
1 4 15 18.6264 0.711889 1.32136 0.638272 773
1 4 16 17.315 0.669615 1.84849 0.481068 805
1 4 17 18.2842 0.872938 2.01954 0.316086 1144
1 4 18 17.7352 0.760413 2.16861 0.35494 783
1 4 19 16.7456 0.77048 2.7824 0.353846 777
1 4 20 18.1941 0.844057 2.12335 0.284906 923
1 4 21 19.3439 0.537084 1.83979 0.366221 886
1 4 22 16.9706 0.702683 3.05179 0.342273 744
1 4 23 19.005 0.605994 1.98328 0.327206 1117
1 4 24 19.512 0.59983 1.82685 0.301565 1130
1 4 25 18.2211 0.475384 1.71153 0.488215 730
1 4 26 18.9327 0.671709 1.67413 0.295753 1373
1 4 27 18.2043 0.520669 1.89494 0.28488 747
1 4 28 18.694 0.564906 1.79927 0.283256 766
1 4 29 18.7004 0.755752 2.32423 0.304511 1194
1 4 30 18.5278 0.573068 1.53915 0.400451 827
1 4 31 18.7337 0.43448 1.87071 0.456673 769
1 4 32 18.5354 0.581578 1.73033 0.325047 781
1 4 33 18.2353 0.606467 1.50724 0.350846 903
1 4 34 18.7434 0.60787 2.09761 0.357243 1480
1 4 35 19.5522 0.554588 1.91463 0.520564 807
1 4 36 21.5 -2 0 0 837
1 4 37 0 -10 0 0 0
1 4 38 19.5147 0.814502 1.42269 0.614654 795
1 4 39 18.0746 0.720812 2.41506 0.353155 957
1 4 40 18.8285 0.974739 2.06507 0.417326 905
1 4 41 19.3403 0.666835 2.31256 0.508664 812
1 4 42 18.8004 0.538349 1.66115 0.451529 935
1 4 43 18.598 0.63704 1.57401 0.405943 1213
1 4 44 18.2344 0.526087 2.22103 0.38434 810
1 4 45 17.8245 0.610687 1.87663 0.223814 802
1 4 46 18.1836 0.531112 2.29089 0.242084 1461
1 4 47 19.3144 0.643636 1.92255 0.357166 955
1 4 48 18.5044 0.604892 1.6647 0.318945 853
1 4 49 21.5 -2 0 0 1066
1 4 50 21.5 -2 0 0 821
1 4 51 18.7832 0.556159 1.69212 0.41315 1301
1 4 52 18.1536 0.556876 1.78991 0.366932 1219
1 4 53 21.5 -2 0 0 770
1 4 54 18.4063 0.619054 1.15409 0.465544 861
1 4 55 17.2538 0.520984 1.98206 0.443099 1241
1 4 56 17.7154 0.560907 2.23912 0.406272 971
1 4 57 18.4407 0.621581 1.81885 0.285369 1190
1 4 58 17.9812 0.668143 2.03159 0.280825 945
1 4 59 18.0755 0.631356 2.01211 0.460774 1439
1 4 60 18.4936 0.498429 1.80435 0.409405 826
1 4 61 21.5 -2 0 0 1473
1 4 62 17.5555 0.628729 2.05654 0.277337 1465
1 4 63 21.5 -2 0 0 1096
1 5 0 17.9909 0.429036 2.11867 0.480774 3253
1 5 1 17.9999 0.46267 2.04767 0.26123 1989
1 5 2 18.5387 0.370026 1.90616 0.461526 2030
1 5 3 21.5 -2 0 0 2832
1 5 4 18.0589 0.905763 1.90215 0.344442 2269
1 5 5 17.2916 0.519773 1.39735 0.622068 2274
1 5 6 21.5 -2 0 0 2407
1 5 7 17.5971 0.425967 1.86557 0.379457 3767
1 5 8 18.3282 0.433994 1.893 0.306621 2068
1 5 9 18.1126 0.482253 1.88827 0.378555 2971
1 5 10 19.1258 0.488622 2.17053 0.458038 3295
1 5 11 17.9836 0.676813 1.71969 0.419252 1983
1 5 12 17.9275 0.584893 1.72537 0.343584 2554
1 5 13 18.2383 0.418424 1.6894 0.366079 3149
1 5 14 18.0253 0.464462 1.91006 0.37828 1698
1 5 15 17.971 0.686724 2.09317 0.349243 2734
1 5 16 17.9852 0.428314 2.36641 0.370068 3775
1 5 17 18.8022 0.42177 2.04717 0.532338 1830
1 5 18 17.9895 0.523075 1.72861 0.36798 2511
1 5 19 18.7794 0.441046 2.18128 0.343059 3784
1 5 20 21.5 -2 0 0 2164
1 5 21 18.2849 0.641352 2.17976 0.301735 2615
1 5 22 17.6032 0.459764 1.79243 0.336137 3206
1 5 23 21.5 -2 0 0 1969
1 5 24 18.8266 0.428092 1.54452 0.437169 1790
1 5 25 21.5 -2 0 0 3531
1 5 26 18.1913 0.689303 2.17807 0.400173 1686
1 5 27 21.5 -2 0 0 2838
1 5 28 21.5 -2 0 0 2947
1 5 29 18.2218 0.52331 1.69557 0.397405 1793
1 5 30 18.0724 0.549954 1.72046 0.324623 2471
1 5 31 21.5 -2 0 0 3449
1 5 32 18.1669 0.496548 1.63464 0.320369 2949
1 5 33 18.3457 0.645045 2.28859 0.344953 2548
1 5 34 18.1052 0.621163 1.85534 0.395251 1586
1 5 35 17.4465 0.513558 1.54719 0.429975 3047
1 5 36 17.6458 0.534199 1.72102 0.435916 2368
1 5 37 0 -10 0 0 0
1 5 38 17.5876 0.398261 2.01261 0.334402 3050
1 5 39 17.5094 0.471299 1.83618 0.316655 2114
1 5 40 17.836 0.53395 1.65952 0.409973 2196
1 5 41 17.7564 0.494339 1.64796 0.40613 2803
1 5 42 17.9537 0.531617 1.78701 0.420725 2102
1 5 43 18.3479 0.452695 1.82172 0.338405 1699
1 5 44 17.7078 0.503359 1.63865 0.418638 2434
1 5 45 17.4748 0.484321 1.80282 0.380973 2373
1 5 46 17.7281 0.493321 1.94034 0.451628 1577
1 5 47 21.5 -2 0 0 3008
1 5 48 16.8997 0.454565 1.82945 0.317016 2196
1 5 49 17.764 0.518228 1.75389 0.419798 1789
1 5 50 18.0791 0.586972 1.95312 0.319724 2421
1 5 51 21.5 -2 0 0 1564
1 5 52 21.5 -2 0 0 1681
1 5 53 16.3984 0.592165 2.12938 0.221512 2488
1 5 54 16.464 0.898694 1.69863 0.496403 2134
1 5 55 18.0592 0.46377 1.81909 0.386375 1578
1 5 56 16.4638 0.616105 1.7985 0.347023 1882
1 5 57 21.5 -2 0 0 1811
1 5 58 17.9876 0.462974 1.39074 0.502857 1908
1 5 59 17.5961 0.444797 1.84272 0.548992 1529
1 5 60 16.223 0.490277 1.95652 0.412134 2310
1 5 61 17.5384 0.573455 2.23594 0.439905 1540
1 5 62 17.7017 0.533365 1.6581 0.600523 1521
1 5 63 16.8651 0.508507 1.89229 0.376063 1687
1 6 0 18.525 0.554616 1.8577 0.325332 2499
1 6 1 18.8601 0.582263 2.00521 0.359921 1237
1 6 2 18.1687 0.67268 2.30414 0.306034 1172
1 6 3 17.2492 0.632765 2.64366 0.23797 809
1 6 4 17.5488 0.60915 1.62402 0.374198 862
1 6 5 17.0303 0.600965 1.52616 0.51078 850
1 6 6 17.3513 0.543956 1.90812 0.379945 930
1 6 7 21.5 -2 0 0 742
1 6 8 17.8094 0.556395 1.42443 0.421144 991
1 6 9 18.275 0.594586 1.88888 0.340782 852
1 6 10 17.9362 0.604936 1.95542 0.344154 736
1 6 11 16.5485 0.566355 2.01437 0.326528 969
1 6 12 18.1356 0.915371 2.17417 0.351064 852
1 6 13 16.792 0.481986 1.77811 0.392639 722
1 6 14 18.3343 0.558712 1.81091 0.422424 1256
1 6 15 16.9677 0.654957 1.78034 0.457394 768
1 6 16 18.4736 0.789594 2.54416 0.258853 893
1 6 17 16.9498 0.590108 1.82349 0.369722 1082
1 6 18 17.6798 0.70023 1.69439 0.445199 832
1 6 19 21.5 -2 0 0 822
1 6 20 17.6847 0.591528 1.41339 0.504048 860
1 6 21 18.6032 0.814443 1.71442 0.379387 948
1 6 22 17.5269 0.764201 1.78284 0.291749 790
1 6 23 17.7138 0.561026 2.04101 0.433256 869
1 6 24 18.3495 0.607556 1.82715 0.273331 1185
1 6 25 18.8218 0.668877 1.77861 0.280239 763
1 6 26 18.8114 0.625659 1.81597 0.426223 1362
1 6 27 17.4465 0.497781 1.71647 0.45797 716
1 6 28 16.9252 0.797795 1.70149 0.426704 766
1 6 29 18.2827 0.543825 1.94753 0.397022 1096
1 6 30 17.3984 0.508951 1.7098 0.391576 792
1 6 31 17.1705 0.555969 1.89681 0.397745 629
1 6 32 17.5805 0.53086 1.78171 0.411232 681
1 6 33 21.5 -2 0 0 742
1 6 34 18.3382 0.983992 1.73182 0.52163 1168
1 6 35 18.0557 0.705355 1.69653 0.369158 688
1 6 36 17.8252 0.721889 1.58413 0.323317 768
1 6 37 0 -10 0 0 0
1 6 38 17.7542 0.564828 1.46303 0.483054 668
1 6 39 18.0948 0.725503 1.67526 0.47266 657
1 6 40 17.4003 0.799164 1.80889 0.3052 827
1 6 41 17.9317 0.564333 1.63204 0.308447 692
1 6 42 17.7001 0.516209 2.01421 0.32882 752
1 6 43 21.5 -2 0 0 972
1 6 44 16.0966 1.13878 2.12692 0.304774 669
1 6 45 17.8446 0.481808 1.8825 0.458663 657
1 6 46 17.271 0.730014 1.62336 0.362825 1126
1 6 47 17.9521 0.527706 2.1585 0.327858 582
1 6 48 18.2487 0.628774 1.81851 0.330427 794
1 6 49 17.9322 0.639683 1.6341 0.530873 797
1 6 50 18.6296 0.564805 1.80704 0.395759 701
1 6 51 17.936 0.499767 1.88777 0.394099 752
1 6 52 15.8309 0.730729 2.35972 0.269248 919
1 6 53 17.2763 0.679263 1.66873 0.47612 550
1 6 54 17.4997 0.465259 1.83588 0.413832 671
1 6 55 17.8957 0.521619 2.10211 0.336525 906
1 6 56 16.8394 0.551053 2.19352 0.407641 681
1 6 57 16.3397 0.665367 1.53682 0.334622 739
1 6 58 15.9555 0.615132 1.89668 0.349921 771
1 6 59 17.914 0.619107 1.561 0.452544 1048
1 6 60 16.3087 0.742141 1.98747 0.48608 650
1 6 61 17.1718 0.598937 2.58254 0.373785 845
1 6 62 16.6363 0.578158 1.83369 0.443506 949
1 6 63 14.4576 0.663793 2.49534 0.505618 773
1 7 0 18.3874 0.485843 2.22998 0.59325 1943
1 7 1 18.3922 0.506082 2.36153 0.258293 990
1 7 2 21.5 -2 0 0 979
1 7 3 18.9299 0.710555 1.8519 0.504408 1543
1 7 4 18.81 0.467634 2.10376 0.369112 1296
1 7 5 18.4094 0.420695 1.98654 0.337444 1316
1 7 6 17.2 0.487456 2.57366 0.409557 1117
1 7 7 19.2042 0.461469 2.36996 0.307922 1804
1 7 8 18.769 0.534825 2.19531 0.351104 1137
1 7 9 18.6903 0.45097 2.05723 0.412666 1222
1 7 10 17.325 0.581843 2.29633 0.498798 1419
1 7 11 19.3189 0.50471 2.15139 0.264652 1223
1 7 12 18.3261 0.425261 2.09162 0.276689 1310
1 7 13 18.6728 0.591217 1.85436 0.303879 1913
1 7 14 18.2061 0.589792 2.00291 0.415096 1079
1 7 15 18.223 0.410354 1.9202 0.356141 1703
1 7 16 18.7507 0.743079 2.69909 0.284646 1806
1 7 17 17.9974 0.671838 1.95786 0.377092 1231
1 7 18 18.2661 1.02433 1.80069 0.402301 1593
1 7 19 19.2417 0.618099 2.17794 0.285203 2378
1 7 20 18.2928 0.580555 2.09298 0.405569 1506
1 7 21 18.4977 0.639613 2.01245 0.377425 1120
1 7 22 19.0896 0.505904 2.23633 0.363592 1640
1 7 23 18.2196 0.702205 1.78764 0.514977 1458
1 7 24 18.7802 0.48242 1.7197 0.51349 1046
1 7 25 18.0336 0.522889 2.06625 0.387357 2356
1 7 26 19.3858 0.41081 1.98444 0.379076 1077
1 7 27 18.1329 0.65586 1.71734 0.383921 1882
1 7 28 19.5424 0.495184 2.15864 0.318467 1919
1 7 29 18.216 1.01185 2.20409 0.480295 1201
1 7 30 18.4963 0.417998 1.86963 0.413317 1562
1 7 31 17.5288 0.618915 2.00179 0.297095 2444
1 7 32 17.9423 0.650857 1.92741 0.295933 2180
1 7 33 18.2377 0.552568 2.02713 0.27444 1727
1 7 34 20.3581 0.609375 2.53945 0.425126 1055
1 7 35 19.9376 0.615314 2.96309 0.343171 2318
1 7 36 19.3046 0.490763 1.92685 0.382294 2053
1 7 37 0 -10 0 0 0
1 7 38 18.8768 0.451501 2.2027 0.358641 3046
1 7 39 21.5 -2 0 0 2437
1 7 40 18.6706 0.781492 3.40013 0.328341 462
1 7 41 18.6864 0.641366 2.11739 0.289543 2534
1 7 42 18.3603 0.564542 2.17882 0.353961 1591
1 7 43 18.0407 0.603593 2.51677 0.392201 1319
1 7 44 18.1602 0.922702 2.3113 0.356035 2464
1 7 45 18.8653 0.629766 2.15345 0.327674 1705
1 7 46 19.2013 0.888309 1.85901 0.480462 1118
1 7 47 19.6277 0.536427 2.86199 0.376072 3094
1 7 48 18.4805 0.421266 2.04449 0.291758 1921
1 7 49 17.7631 0.665287 1.83006 0.380639 1600
1 7 50 21.5 -2 0 0 2191
1 7 51 18.4719 0.460464 1.71601 0.404263 1710
1 7 52 21.5 -2 0 0 1391
1 7 53 19.0145 0.964789 2.09569 0.378808 2732
1 7 54 18.2103 0.623761 1.85619 0.420644 2018
1 7 55 18.3521 0.478116 2.07911 0.403096 1483
1 7 56 18.6968 0.496841 1.69658 0.428055 2080
1 7 57 18.6241 0.453918 1.95406 0.408478 2036
1 7 58 17.6651 0.475935 2.04433 0.350161 1812
1 7 59 17.9073 0.451712 2.16831 0.361971 1419
1 7 60 21.5 -2 0 0 2632
1 7 61 21.5 -2 0 0 1511
1 7 62 17.9039 0.603705 1.58897 0.594108 1385
1 7 63 18.6778 0.491142 2.26795 0.390643 1500
1 8 0 20.4727 0.707247 2.67766 0.281867 1517
1 8 1 18.1851 1.62287 3.04583 0.375357 659
1 8 2 18.0443 1.41795 3.84838 0.375581 637
1 8 3 18.9745 0.687562 1.48663 0.391674 674
1 8 4 19.4499 0.571912 2.06305 0.347066 724
1 8 5 17.5124 0.778209 2.38787 0.402233 605
1 8 6 18.6288 0.766556 2.08732 0.333818 689
1 8 7 18.5922 0.536999 2.01133 0.391592 637
1 8 8 19.6753 0.785514 2.95449 0.255293 654
1 8 9 18.7378 0.904487 2.88409 0.316146 647
1 8 10 19.8664 0.829342 3.3524 0.295526 571
1 8 11 19.5424 0.638305 2.17915 0.380039 611
1 8 12 21.5 -2 0 0 637
1 8 13 18.6748 0.60994 1.80314 0.461685 665
1 8 14 19.5964 0.851731 2.92288 0.218691 693
1 8 15 17.9574 0.818907 3.09903 0.258505 599
1 8 16 19.3377 0.755858 1.90671 0.450923 626
1 8 17 17.6927 0.744875 2.74001 0.221452 686
1 8 18 18.743 0.626652 2.38378 0.303962 576
1 8 19 20.3668 0.603558 2.1627 0.39959 688
1 8 20 20.9457 0.990158 4.6577 0.326929 748
1 8 21 20.3523 0.631036 2.34024 0.430814 620
1 8 22 19.386 0.596315 2.38378 0.464248 558
1 8 23 18.854 0.489723 1.85434 0.431306 695
1 8 24 19.0366 0.642924 2.2052 0.366646 625
1 8 25 20.8178 0.680945 2.78217 0.375565 686
1 8 26 19.0224 0.562567 2.31947 0.225553 812
1 8 27 20.1111 0.887923 2.66641 0.286552 621
1 8 28 20.1887 0.617789 2.30115 0.320995 619
1 8 29 18.9926 0.884609 2.43799 0.379607 740
1 8 30 18.8196 0.585518 1.71217 0.339713 675
1 8 31 21.5 -2 0 0 772
1 8 32 18.2027 0.673507 1.90643 0.336626 709
1 8 33 20.2313 0.642444 2.19184 0.327425 774
1 8 34 19.9686 0.58663 2.12691 0.372894 829
1 8 35 18.9738 0.740589 2.45862 0.405045 706
1 8 36 21.5 -2 0 0 733
1 8 37 0 -10 0 0 0
1 8 38 19.904 0.800297 2.53601 0.365543 815
1 8 39 19.3155 0.820767 2.33076 0.336792 953
1 8 40 19.0118 -3 0 0 13
1 8 41 19.1181 0.585084 1.77185 0.316211 699
1 8 42 21.5 -2 0 0 702
1 8 43 18.3954 1.06416 3.48295 0.33308 725
1 8 44 19.035 0.583444 2.4573 0.466639 708
1 8 45 18.1832 0.825519 4.03423 0.309297 697
1 8 46 19.3184 0.630131 2.10058 0.349914 748
1 8 47 18.833 0.512364 2.02092 0.394055 967
1 8 48 18.7992 0.591972 2.72744 0.323572 702
1 8 49 18.6667 0.620458 2.06276 0.362504 983
1 8 50 18.9078 0.738667 2.7855 0.290877 833
1 8 51 18.1572 0.614803 2.29606 0.411735 780
1 8 52 19.1869 0.675321 1.31875 0.620799 944
1 8 53 19.3577 0.632502 1.95992 0.454902 764
1 8 54 16.9752 0.525925 2.10244 0.377563 799
1 8 55 18.9271 1.0509 2.78796 0.380557 850
1 8 56 21.5 -2 0 0 972
1 8 57 19.4151 1.45202 3.00581 0.489368 931
1 8 58 18.2232 0.513181 1.74456 0.423323 743
1 8 59 17.5809 0.749876 2.16064 0.397613 723
1 8 60 16.6221 0.58656 2.38262 0.275658 999
1 8 61 15.5284 0.722959 2.69747 0.32287 1166
1 8 62 18.2897 0.651724 2.98406 0.240474 1016
1 8 63 17.3588 0.769922 2.48523 0.343077 764
1 9 0 17.622 0.595484 1.94533 0.37414 1639
1 9 1 21.5 -2 0 0 1214
1 9 2 16.591 0.70579 1.54012 0.470261 1139
1 9 3 15.0752 0.788686 1.84328 0.391648 921
1 9 4 16.0214 0.456638 2.02247 0.387109 925
1 9 5 16.9136 0.49834 1.5935 0.378648 948
1 9 6 16.1811 0.957561 2.14983 0.325779 1094
1 9 7 16.902 0.985119 2.21199 0.334582 928
1 9 8 17.8375 0.516489 1.85885 0.384174 966
1 9 9 15.8413 1.02608 2.5333 0.228397 1107
1 9 10 16.4024 0.484349 1.68518 0.408518 1009
1 9 11 16.5811 0.525653 1.7402 0.366015 872
1 9 12 16.9009 0.597041 1.46287 0.419885 952
1 9 13 21.5 -2 0 0 880
1 9 14 17.5329 0.54274 2.49887 0.202546 1064
1 9 15 16.422 0.646976 1.88943 0.352809 797
1 9 16 18.5852 0.537378 2.15081 0.347939 1056
1 9 17 17.4386 0.554267 1.49578 0.329514 939
1 9 18 21.5 -2 0 0 871
1 9 19 16.8537 0.704802 2.48899 0.40584 815
1 9 20 15.8675 0.596895 2.77663 0.316471 888
1 9 21 16.7432 0.534565 2.08783 0.222081 979
1 9 22 16.3998 0.604124 1.65173 0.32952 751
1 9 23 21.5 -2 0 0 885
1 9 24 21.5 -2 0 0 1021
1 9 25 15.5632 0.834381 3.13475 0.333007 717
1 9 26 16.362 0.837545 2.42912 0.31922 974
1 9 27 16.4455 0.581112 1.86217 0.317772 807
1 9 28 16.338 0.524204 1.65912 0.381343 805
1 9 29 17.6611 0.640101 1.52351 0.324566 859
1 9 30 16.9592 -3 0 0 14
1 9 31 16.5169 0.737869 1.34761 0.473457 709
1 9 32 15.8191 0.621428 1.67179 0.357722 697
1 9 33 15.6316 0.672755 1.57676 0.444613 787
1 9 34 17.0489 0.647346 1.49477 0.435374 858
1 9 35 16.4316 0.462113 1.69436 0.372414 737
1 9 36 21.5 -2 0 0 741
1 9 37 0 -10 0 0 0
1 9 38 17.9827 0.584746 1.80991 0.371663 696
1 9 39 16.9592 -3 0 0 85
1 9 40 21.5 -2 0 0 797
1 9 41 16.2341 0.56274 1.64479 0.368163 667
1 9 42 17.0681 0.514726 1.7792 0.41191 756
1 9 43 16.3531 0.7026 2.06479 0.323931 819
1 9 44 16.7031 0.529984 1.67855 0.417404 693
1 9 45 17.5 -2 0 0 756
1 9 46 17.1029 0.606641 1.68727 0.360217 861
1 9 47 16.1032 0.539973 2.05889 0.436229 747
1 9 48 14.7432 1.08276 2.49784 0.288284 736
1 9 49 18.0229 0.569228 2.58419 0.266105 748
1 9 50 16.7105 0.563497 1.6999 0.341308 683
1 9 51 16.4734 0.662017 2.10701 0.390108 699
1 9 52 16.0817 0.941364 2.25302 0.481431 787
1 9 53 21.5 -2 0 0 720
1 9 54 15.7038 0.870677 1.89075 0.415391 683
1 9 55 17.0584 0.740828 2.91853 0.38851 736
1 9 56 18.3293 0.869839 0.63936 0.752973 1098
1 9 57 16.5043 0.635728 1.20462 0.56046 729
1 9 58 16.6226 0.613218 1.62558 0.45243 755
1 9 59 16.4051 0.528283 2.07026 0.323752 795
1 9 60 17.7275 0.632573 1.86787 0.407186 729
1 9 61 15.6378 0.602903 1.64865 0.436737 794
1 9 62 16.0216 0.625471 1.85231 0.412768 773
1 9 63 14.8312 0.57456 1.5882 0.351208 689
1 10 0 21.5 -2 0 0 3161
1 10 1 17.3514 0.528627 1.9709 0.352057 1442
1 10 2 16.9186 0.609718 1.78585 0.566323 1417
1 10 3 17.6352 0.477894 1.73933 0.372551 1372
1 10 4 17.1258 0.688817 1.73768 0.288861 1645
1 10 5 17.799 0.464453 1.72875 0.360872 1446
1 10 6 17.8951 0.49031 1.8044 0.423756 1405
1 10 7 21.5 -2 0 0 1435
1 10 8 17.2605 0.414213 2.11488 0.40369 1398
1 10 9 17.4604 0.42455 1.85617 0.431688 1458
1 10 10 21.5 -2 0 0 1283
1 10 11 21.5 -2 0 0 1660
1 10 12 17.0215 0.331956 1.64584 0.638964 1454
1 10 13 17.9815 0.478447 1.726 0.312326 1477
1 10 14 19.1457 0.465451 1.89874 0.484309 1644
1 10 15 16.1149 0.6907 1.94531 0.271124 1559
1 10 16 18.8691 0.45029 2.23081 0.332823 1282
1 10 17 17.6203 0.613788 1.61571 0.423263 1628
1 10 18 21.5 -2 0 0 1562
1 10 19 16.5688 0.551 1.83345 0.572182 1544
1 10 20 18.7848 0.573079 1.91842 0.359437 1876
1 10 21 17.4341 0.548035 1.73531 0.348767 1302
1 10 22 17.908 0.530724 1.87113 0.47065 1402
1 10 23 17.0231 0.605559 1.82448 0.394154 1923
1 10 24 17.5719 0.431866 1.70697 0.524782 1476
1 10 25 17.853 0.441477 1.90767 0.423555 1689
1 10 26 19.8004 0.474984 2.2664 0.279066 1910
1 10 27 21.5 -2 0 0 1729
1 10 28 18.2504 0.613387 2.01723 0.388522 1618
1 10 29 17.0797 0.644084 1.98109 0.282103 1858
1 10 30 17.9517 0.447891 1.8871 0.464425 1700
1 10 31 21.5 -2 0 0 1926
1 10 32 16.7883 0.532854 1.66991 0.333177 1782
1 10 33 16.863 0.598916 1.86981 0.304642 1846
1 10 34 21.5 -2 0 0 1999
1 10 35 25.5 -2 0 0 2186
1 10 36 17.6991 0.53389 1.65742 0.368792 1968
1 10 37 0 -10 0 0 0
1 10 38 18.733 0.539102 1.9084 0.341889 2503
1 10 39 18.1365 0.540143 1.87651 0.404291 3054
1 10 40 17.564 0.364589 1.96501 0.321734 2054
1 10 41 15.4176 0.608383 2.09078 0.271331 2111
1 10 42 16.7199 0.491165 1.68092 0.321132 2363
1 10 43 16.6038 0.669077 1.59153 0.380921 2208
1 10 44 21.5 -2 0 0 2271
1 10 45 16.5713 0.429117 1.83615 0.225073 2014
1 10 46 21.5 -2 0 0 2338
1 10 47 21.5 -2 0 0 2908
1 10 48 16.0766 0.69817 2.0973 0.253396 2152
1 10 49 18.2339 0.487445 2.17798 0.350895 2585
1 10 50 18.5058 1.10437 2.25581 0.391714 2474
1 10 51 21.5 -2 0 0 3652
1 10 52 16.4397 0.61395 1.60742 0.442716 2479
1 10 53 25.5 -2 0 0 2866
1 10 54 17.5955 0.414834 1.90172 0.255188 2611
1 10 55 17.5313 0.713657 1.65073 0.349774 2908
1 10 56 21.5 -2 0 0 3292
1 10 57 16.8918 0.416718 2.08362 0.380294 3356
1 10 58 15.8687 0.546353 1.74342 0.236795 2654
1 10 59 16.8228 0.551647 2.37638 0.380387 2710
1 10 60 18.5532 0.464509 1.9821 0.443321 3102
1 10 61 17.2906 0.508284 2.17659 0.330437 3783
1 10 62 16.5113 0.649168 1.91506 0.308585 2978
1 10 63 15.3175 0.622586 1.83424 0.22865 2648
1 11 0 19.5116 0.481331 2.53125 0.31257 5172
1 11 1 19.1145 0.595338 2.56902 0.284494 3383
1 11 2 21.5 -2 0 0 3412
1 11 3 21.5 -2 0 0 2260
1 11 4 17.4279 0.408976 1.75813 0.456222 2179
1 11 5 17.8066 0.462243 1.79634 0.502097 2435
1 11 6 18.3554 0.949622 1.85378 0.342057 3076
1 11 7 16.9659 0.445787 1.692 0.32465 1851
1 11 8 18.3905 0.433926 1.84947 0.328267 2672
1 11 9 18.2336 0.487031 2.28166 0.268098 2740
1 11 10 19.0435 0.455456 2.2761 0.392913 2692
1 11 11 17.9176 0.44625 1.84462 0.298151 2365
1 11 12 18.1681 0.41752 2.09854 0.300282 2567
1 11 13 16.5513 0.534794 1.8887 0.338476 2011
1 11 14 18.3155 0.550932 1.92849 0.285948 3096
1 11 15 21.5 -2 0 0 1891
1 11 16 18.1305 0.700956 2.34908 0.264595 2475
1 11 17 17.1459 0.507887 1.92655 0.36241 2591
1 11 18 21.5 -2 0 0 2053
1 11 19 17.5569 0.633062 1.84941 0.370245 1410
1 11 20 17.2683 0.496742 2.06465 0.381826 1998
1 11 21 18.3163 0.60097 2.12218 0.279845 2928
1 11 22 20.2844 0.485762 1.89481 0.344675 2268
1 11 23 18.1137 0.46877 1.97341 0.420084 2216
1 11 24 17.8872 0.455507 1.61306 0.339112 2680
1 11 25 19.516 0.509269 1.85159 0.388195 1611
1 11 26 18.1825 0.463478 1.74346 0.333355 2470
1 11 27 16.8458 0.540504 1.71419 0.381782 1807
1 11 28 17.5317 0.487874 1.56035 0.348312 1539
1 11 29 17.8529 0.51482 1.76983 0.329336 2049
1 11 30 16.7413 0.412111 2.11707 0.581887 1804
1 11 31 18.8787 0.596791 2.15339 0.368628 1510
1 11 32 21.5 -2 0 0 1425
1 11 33 17.6027 0.483456 2.02104 0.319427 1515
1 11 34 18.1296 0.552789 1.77232 0.387314 2234
1 11 35 19.2251 0.431428 1.86846 0.402462 1306
1 11 36 17.4773 0.472661 1.78676 0.409978 1635
1 11 37 0 -10 0 0 0
1 11 38 19.3577 0.556314 1.88117 0.350899 1279
1 11 39 21.5 -2 0 0 1229
1 11 40 18.9614 0.756086 1.84972 0.347406 1847
1 11 41 16.5624 1.01183 1.39796 0.680852 1304
1 11 42 21.5 -2 0 0 1562
1 11 43 15.1184 1.01005 3.27014 0.374483 1813
1 11 44 21.5 -2 0 0 1099
1 11 45 17.1997 0.654916 1.52295 0.429445 1312
1 11 46 16.9063 0.529789 1.94659 0.410267 1873
1 11 47 17.5 -2 0 0 1056
1 11 48 16.9009 0.424006 1.66872 0.383891 1384
1 11 49 16.5393 0.677276 1.78783 0.397008 1668
1 11 50 17.4385 0.432106 1.69789 0.471668 1267
1 11 51 18.0903 0.636759 2.01534 0.401818 1258
1 11 52 18.8427 0.889217 1.65091 0.368236 1734
1 11 53 16.7932 0.4901 2.13714 0.482779 1200
1 11 54 16.986 0.431306 1.71082 0.46483 1263
1 11 55 18.026 0.439385 1.72744 0.46662 1497
1 11 56 17.5813 0.465641 1.9783 0.426133 1245
1 11 57 17.5613 0.472851 1.80388 0.337277 1200
1 11 58 18.2792 0.521855 2.11162 0.440209 1231
1 11 59 21.5 -2 0 0 1788
1 11 60 17.8815 0.641945 2.58895 0.620708 1155
1 11 61 16.8698 0.571404 2.19186 0.229007 1431
1 11 62 18.1231 0.604323 2.72661 0.285623 1649
1 11 63 21.5 -2 0 0 1413
1 12 0 17.9472 0.408273 2.14207 0.625523 5845
1 12 1 17.6924 0.394614 1.75876 0.494959 4099
1 12 2 17.1899 0.385498 1.85232 0.293521 3944
1 12 3 16.1766 0.46418 1.82216 0.459852 3330
1 12 4 18.4878 0.5119 2.09848 0.572849 4297
1 12 5 15.9439 0.526098 1.88645 0.430367 3865
1 12 6 16.4071 0.446266 1.87427 0.337915 3691
1 12 7 17.4872 0.334476 1.65354 0.483371 3267
1 12 8 16.3342 0.418071 1.80397 0.473991 3887
1 12 9 21.5 -2 0 0 3558
1 12 10 21.5 -2 0 0 3279
1 12 11 16.9357 0.406256 1.82053 0.465296 4275
1 12 12 18.4212 0.444654 1.77235 0.45991 3856
1 12 13 16.517 0.464412 1.65135 0.433806 3553
1 12 14 18.1932 0.487535 2.38571 0.345751 4367
1 12 15 16.4718 0.42605 1.62543 0.480732 3770
1 12 16 16.5758 0.531731 2.02297 0.40847 3230
1 12 17 21.5 -2 0 0 4305
1 12 18 17.7932 0.363606 1.71343 0.412907 4142
1 12 19 18.6992 0.366127 1.99679 0.339729 3536
1 12 20 16.5001 0.389858 2.11199 0.212426 4417
1 12 21 18.1801 0.442211 2.21405 0.340072 3753
1 12 22 16.6659 0.400383 1.78073 0.302603 3239
1 12 23 17.3919 0.403112 1.84891 0.31238 4674
1 12 24 17.6393 0.385029 1.76443 0.52797 4141
1 12 25 16.6604 0.533194 1.7301 0.567047 3504
1 12 26 18.6198 0.376508 1.8161 0.501358 4903
1 12 27 16.5326 0.565624 1.81269 0.385729 3824
1 12 28 18.5107 0.433017 1.79829 0.565361 3866
1 12 29 17.4036 0.428524 1.63163 0.423842 4768
1 12 30 17.3228 0.417098 1.47216 0.460893 4184
1 12 31 18.5689 0.665803 2.11842 0.508332 4111
1 12 32 21.5 -2 0 0 4033
1 12 33 16.7963 0.490034 1.54637 0.388077 4288
1 12 34 16.8382 0.597183 2.24467 0.432973 4884
1 12 35 16.2903 0.411401 1.74892 0.518834 3805
1 12 36 21.5 -2 0 0 4403
1 12 37 0 -10 0 0 0
1 12 38 17.9745 0.449123 1.98231 0.452881 4369
1 12 39 17.3523 0.454116 1.82025 0.48953 5022
1 12 40 17.2489 0.454473 1.74086 0.355337 4736
1 12 41 16.8691 0.438176 1.65553 0.394571 4093
1 12 42 17.3452 0.357817 1.7898 0.340395 4726
1 12 43 17.405 0.413735 1.69608 0.479763 4988
1 12 44 17.6639 0.390346 1.53576 0.445218 4156
1 12 45 17.3474 0.331134 1.43769 0.56519 4435
1 12 46 21.5 -2 0 0 5075
1 12 47 17.96 0.337843 1.82884 0.487979 4284
1 12 48 16.5686 0.680603 1.59296 0.710817 4668
1 12 49 17.2397 0.482949 1.70466 0.430859 5224
1 12 50 16.6555 0.505622 1.81379 0.396521 4344
1 12 51 17.8086 0.394799 1.92966 0.550775 5542
1 12 52 17.3653 0.396025 1.74065 0.410689 5229
1 12 53 17.0874 0.340808 1.71796 0.562915 4237
1 12 54 16.7223 0.630147 1.84515 0.45744 4746
1 12 55 16.8457 0.407983 1.99764 0.422738 5318
1 12 56 17.0505 0.299539 2.13271 0.312629 5229
1 12 57 21.5 -2 0 0 5316
1 12 58 0 -10 0 0 0
1 12 59 21.5 -2 0 0 5351
1 12 60 17.0048 0.357567 1.93691 0.410866 4519
1 12 61 16.6797 0.330283 2.51644 0.381024 5900
1 12 62 16.3117 0.417798 1.97882 0.385581 5580
1 12 63 17.4169 0.37737 1.97474 0.515313 5162
1 13 0 21.5 -2 0 0 7240
1 13 1 17.8612 0.602025 2.14885 0.429997 5267
1 13 2 17.5267 0.397325 2.12355 0.384814 5036
1 13 3 17.4659 0.457425 1.95109 0.370838 4357
1 13 4 21.5 -2 0 0 3764
1 13 5 16.8233 0.769235 2.21994 0.564437 4845
1 13 6 17.3062 0.357881 2.19202 0.438171 4706
1 13 7 16.4171 0.833911 2.07797 0.341583 3409
1 13 8 18.0145 0.417616 1.6187 0.410161 4443
1 13 9 16.5091 0.485505 1.62583 0.590614 4231
1 13 10 16.4054 0.52759 2.2468 0.31483 3806
1 13 11 16.8642 0.417476 1.67568 0.380249 4702
1 13 12 17.135 0.419528 1.67515 0.396743 4280
1 13 13 17.061 0.465744 2.11986 0.276093 3048
1 13 14 18.0665 0.414643 2.1556 0.358833 5611
1 13 15 17.1262 0.400141 1.73865 0.641682 3552
1 13 16 21.5 -2 0 0 3581
1 13 17 21.5 -2 0 0 4890
1 13 18 16.905 0.348133 1.8659 0.389068 4267
1 13 19 17.552 0.429806 1.76965 0.487956 3270
1 13 20 17.4501 0.411384 2.00822 0.54028 4407
1 13 21 17.2158 0.492294 1.7141 0.685756 4334
1 13 22 16.7113 0.460808 2.30715 0.264918 3439
1 13 23 18.1535 0.483587 1.89629 0.586388 4185
1 13 24 17.4778 0.396352 1.68245 0.47502 4963
1 13 25 16.8033 0.413151 1.73413 0.411361 3426
1 13 26 18.025 0.448607 1.87595 0.497313 4949
1 13 27 17.2181 0.424283 1.886 0.279604 3428
1 13 28 16.5377 0.605914 1.82116 0.51058 3624
1 13 29 17.1087 0.468877 1.81626 0.42601 4632
1 13 30 17.7386 0.523729 1.51718 0.498059 3465
1 13 31 17.0846 0.406256 1.79005 0.486911 3023
1 13 32 17.1728 0.413888 1.76508 0.450933 3231
1 13 33 16.7387 0.388168 1.82624 0.466913 3555
1 13 34 17.1999 0.441272 1.77255 0.409557 5095
1 13 35 16.6196 0.465871 2.09339 0.346449 3148
1 13 36 16.6884 0.392777 1.5486 0.4969 3610
1 13 37 0 -10 0 0 0
1 13 38 18.3754 0.453623 1.99777 0.333376 3094
1 13 39 18.111 0.48551 1.81871 0.484629 3506
1 13 40 18.4152 0.443796 1.95874 0.386366 4486
1 13 41 17.0327 0.410955 1.77425 0.386141 2854
1 13 42 16.9497 0.441599 1.77914 0.344564 3589
1 13 43 18.4962 0.368934 1.91048 0.319591 4813
1 13 44 21.5 -2 0 0 2961
1 13 45 21.5 -2 0 0 3482
1 13 46 17.1838 0.475854 1.79989 0.340738 4679
1 13 47 16.78 0.618352 2.16656 0.336097 2819
1 13 48 16.6822 0.443266 1.36931 0.432016 3456
1 13 49 17.2289 0.429917 1.87895 0.406982 3769
1 13 50 16.4191 0.628245 1.99264 0.412098 3230
1 13 51 21.5 -2 0 0 3629
1 13 52 16.9587 0.442408 1.65732 0.404615 4091
1 13 53 18.0816 0.567396 2.05212 0.310288 3116
1 13 54 17.4399 0.376714 1.916 0.41629 3562
1 13 55 17.4685 0.47309 2.04556 0.386865 3867
1 13 56 21.5 -2 0 0 3643
1 13 57 21.5 -2 0 0 3844
1 13 58 17.1196 0.386234 1.68611 0.434637 3714
1 13 59 16.9555 0.513978 1.50494 0.596437 4268
1 13 60 16.9256 0.371619 1.87309 0.624489 2723
1 13 61 16.6418 0.376903 2.17428 0.444674 4163
1 13 62 21.5 -2 0 0 4360
1 13 63 17.6284 0.366936 1.82331 0.411255 3807
1 14 0 18.6749 0.469584 2.76394 0.341818 6542
1 14 1 18.3024 0.38863 2.00314 0.431641 4617
1 14 2 18.0729 0.555963 2.09059 0.40246 4205
1 14 3 18.9316 0.643451 2.11054 0.546034 2387
1 14 4 18.5031 0.404177 1.88372 0.438511 3650
1 14 5 21.5 -2 0 0 3623
1 14 6 18.2716 0.46953 2.02242 0.54186 4132
1 14 7 18.2689 0.639444 2.91929 0.318522 1880
1 14 8 18.0506 0.450933 2.01598 0.426688 3540
1 14 9 17.9085 0.636513 2.49879 0.302486 3809
1 14 10 18.4807 0.411527 2.21725 0.340759 3719
1 14 11 18.3087 0.701297 2.04434 0.368325 3538
1 14 12 25.5 -2 0 0 3474
1 14 13 17.6922 0.712618 2.34903 0.312285 2580
1 14 14 18.969 0.438649 2.29468 0.442025 4006
1 14 15 21.5 -2 0 0 1667
1 14 16 17.5 -2 0 0 3450
1 14 17 17.4161 1.42224 2.45058 0.522195 3300
1 14 18 18.2588 0.397726 2.12928 0.375682 2362
1 14 19 21.5 -2 0 0 1856
1 14 20 18.3176 0.518681 1.99974 0.355189 2728
1 14 21 21.5 -2 0 0 3740
1 14 22 18.0552 0.483474 1.95752 0.385944 3195
1 14 23 17.8314 0.436012 2.02431 0.464287 2332
1 14 24 21.5 -2 0 0 3739
1 14 25 19.1925 0.468159 1.96202 0.443654 3044
1 14 26 18.4237 0.416084 2.66529 0.423164 2935
1 14 27 18.4532 0.469014 2.06729 0.347453 2950
1 14 28 17.5823 0.57273 2.49992 0.33557 2333
1 14 29 19.794 0.417127 2.20203 0.370113 3841
1 14 30 17.8636 0.426983 2.04224 0.317557 3154
1 14 31 18.7852 0.479113 3.03244 0.255183 1593
1 14 32 17.8622 0.595364 1.92219 0.409667 2098
1 14 33 18.6218 0.456081 2.0229 0.419287 2203
1 14 34 18.5153 0.48927 2.57506 0.275087 3297
1 14 35 21.5 -2 0 0 2230
1 14 36 19.0574 0.479898 2.23006 0.412762 1682
1 14 37 0 -10 0 0 0
1 14 38 18.5614 0.386934 2.43034 0.441387 1811
1 14 39 18.7057 0.701278 2.68372 0.429544 1662
1 14 40 18.2656 0.435313 1.79129 0.408244 2928
1 14 41 18.3052 0.410499 2.12783 0.381774 2207
1 14 42 18.6017 0.519696 1.73388 0.376466 2626
1 14 43 18.4247 0.390449 2.30395 0.356346 2546
1 14 44 18.3929 0.540158 2.15063 0.363778 2103
1 14 45 18.5208 0.427455 1.67725 0.417609 2576
1 14 46 21.5 -2 0 0 2974
1 14 47 19.0191 0.464881 2.89565 0.494389 1401
1 14 48 19.3585 0.435133 2.22059 0.316093 2015
1 14 49 18.1551 0.374318 1.76352 0.428297 2550
1 14 50 17.9877 0.654613 1.9142 0.480487 2281
1 14 51 18.5064 0.514351 2.22143 0.456862 2368
1 14 52 18.4784 0.500395 2.25973 0.382549 2902
1 14 53 18.5788 0.46844 1.98869 0.408747 1970
1 14 54 18.7425 0.384413 1.78951 0.426138 2207
1 14 55 17.1159 0.565078 2.38177 0.328664 2568
1 14 56 18.0084 0.460309 2.20356 0.456224 2231
1 14 57 16.8369 0.477876 2.17931 0.388965 1787
1 14 58 17.9386 0.39674 1.94199 0.419458 2245
1 14 59 17.462 0.540202 2.16452 0.400206 2964
1 14 60 18.9102 0.448075 2.05756 0.544084 2005
1 14 61 21.5 -2 0 0 1905
1 14 62 18.3225 0.539615 1.92629 0.474495 2566
1 14 63 17.7153 0.513965 1.87782 0.453408 2346
1 15 0 21.5 -2 0 0 3364
1 15 1 21.5 -2 0 0 1980
1 15 2 16.2603 0.544925 1.97994 0.464148 2004
1 15 3 17.6312 0.58185 1.8725 0.416744 1831
1 15 4 15.9503 0.941056 2.22097 0.364925 2424
1 15 5 15.9394 0.648875 2.25707 0.413723 2303
1 15 6 21.5 -2 0 0 1985
1 15 7 21.5 -2 0 0 1712
1 15 8 21.5 -2 0 0 2195
1 15 9 18.1758 0.696549 2.77961 0.350711 2003
1 15 10 16.1955 0.634033 2.37313 0.386072 1409
1 15 11 16.6301 0.736674 1.99354 0.454336 2414
1 15 12 19.21 0.477876 2.06179 0.256071 2445
1 15 13 21.5 -2 0 0 2218
1 15 14 17.7695 0.553907 2.03206 0.387496 2750
1 15 15 18.0031 0.453017 2.12273 0.248765 2562
1 15 16 16.1944 0.488347 2.34603 0.431336 1436
1 15 17 17.9384 0.694591 1.64219 0.553749 3020
1 15 18 17.6276 0.420859 1.66057 0.461258 2435
1 15 19 17.7536 0.483877 2.33558 0.315178 1876
1 15 20 21.5 -2 0 0 2587
1 15 21 17.7329 0.510069 1.83758 0.548704 1932
1 15 22 17.1235 0.385926 1.8189 0.424572 1866
1 15 23 17.4461 0.370168 2.15874 0.294999 3028
1 15 24 17.4036 0.479347 1.60891 0.491305 2421
1 15 25 19.33 0.635405 1.90533 0.393794 2404
1 15 26 18.0986 0.40341 2.32126 0.322645 3216
1 15 27 17.0121 0.535519 1.71199 0.31926 2446
1 15 28 17.042 0.594816 1.95212 0.354207 2366
1 15 29 17.4605 0.530492 1.94145 0.410823 3026
1 15 30 16.5972 0.520545 1.98025 0.303343 2823
1 15 31 19.0344 0.574152 1.85647 0.452596 2798
1 15 32 19.226 0.400538 1.88335 0.509212 2777
1 15 33 21.5 -2 0 0 2900
1 15 34 17.3797 0.487018 2.07234 0.367986 3083
1 15 35 19.1221 0.637224 1.95077 0.349724 2879
1 15 36 17.544 0.447513 1.79275 0.457563 2623
1 15 37 0 -10 0 0 0
1 15 38 17.9303 0.429612 2.10779 0.362827 3012
1 15 39 21.5 -2 0 0 4219
1 15 40 18.4583 0.660972 1.76703 0.403135 3717
1 15 41 19.3527 0.592229 1.71941 0.39929 3112
1 15 42 17.0045 0.40478 1.87611 0.531533 3171
1 15 43 17.0602 0.604956 1.96352 0.38582 3146
1 15 44 19.0657 0.499352 2.13324 0.2977 3268
1 15 45 15.9884 0.68941 1.9434 0.368731 2796
1 15 46 17.6418 0.379281 2.1407 0.313489 3470
1 15 47 18.9138 0.605307 2.14101 0.385582 3491
1 15 48 17.027 0.500856 1.78222 0.444482 3635
1 15 49 17.3623 0.450457 1.85871 0.407735 3158
1 15 50 16.8773 0.451613 1.81862 0.371575 3003
1 15 51 18.3785 0.435449 2.05633 0.394959 4919
1 15 52 16.8561 0.47292 1.92556 0.300956 4058
1 15 53 17.0661 0.731145 2.47912 0.483379 3508
1 15 54 21.5 -2 0 0 3280
1 15 55 17.4175 0.416763 1.91507 0.357745 4191
1 15 56 21.5 -2 0 0 4353
1 15 57 21.5 -2 0 0 4844
1 15 58 21.5 -2 0 0 3671
1 15 59 16.2065 0.629976 2.10636 0.464414 3579
1 15 60 21.5 -2 0 0 3880
1 15 61 18.0947 0.369639 2.23029 0.418335 5147
1 15 62 17.7955 0.527379 2.28445 0.348186 4901
1 15 63 16.9439 0.408155 1.83746 0.268664 3903
2 0 0 21.5 -2 0 0 599
2 0 1 17.1592 0.834842 1.64845 0.445302 590
2 0 2 17.2432 0.665794 2.08016 0.263246 539
2 0 3 16.9383 0.900114 2.72902 0.369941 432
2 0 4 16.8573 0.789867 1.58979 0.435035 469
2 0 5 21.5 -2 0 0 484
2 0 6 21.5 -2 0 0 489
2 0 7 21.5 -2 0 0 529
2 0 8 17.5 -2 0 0 541
2 0 9 21.5 -2 0 0 588
2 0 10 18.1509 0.88295 2.00968 0.297335 559
2 0 11 17.9818 0.681036 2.43803 0.340116 531
2 0 12 17.8832 0.709542 1.56873 0.407507 494
2 0 13 17.6729 0.588466 1.51449 0.50398 482
2 0 14 21.5 -2 0 0 586
2 0 15 17.2341 0.884462 1.74211 0.473245 517
2 0 16 15.1883 0.545537 1.62232 0.389949 520
2 0 17 21.5 -2 0 0 560
2 0 18 17.1425 0.697734 1.53311 0.438418 488
2 0 19 18.7048 0.519749 1.78962 0.443997 495
2 0 20 21.5 -2 0 0 519
2 0 21 16.541 0.640733 2.27521 0.351183 581
2 0 22 14.9601 0.721954 1.91577 0.310211 393
2 0 23 18.148 0.799627 1.40582 0.481 572
2 0 24 21.5 -2 0 0 551
2 0 25 18.3693 0.717099 2.62045 0.369818 581
2 0 26 18.5104 0.598558 2.11158 0.343079 572
2 0 27 17.8525 0.919151 1.79986 0.351918 433
2 0 28 17.5345 0.657061 1.63016 0.259609 496
2 0 29 21.5 -2 0 0 536
2 0 30 17.5 -2 0 0 569
2 0 31 18.8055 0.638475 2.29783 0.289221 525
2 0 32 17.4409 0.683162 1.70811 0.431476 487
2 0 33 18.3623 0.720284 2.49642 0.415781 535
2 0 34 17.5 -2 0 0 618
2 0 35 18.684 0.684966 1.5493 0.403319 562
2 0 36 18.0506 0.691923 1.7443 0.401098 521
2 0 37 18.1043 0.568967 1.52989 0.392616 658
2 0 38 18.5885 0.878878 1.73303 0.398001 607
2 0 39 17.1687 0.546062 2.02593 0.402068 621
2 0 40 21.5 -2 0 0 561
2 0 41 18.213 0.769562 1.47331 0.50015 560
2 0 42 17.323 0.793685 1.05381 0.457987 558
2 0 43 16.4631 0.780182 2.81107 0.288757 575
2 0 44 17.4893 0.611323 1.57764 0.303511 534
2 0 45 17.5117 0.878577 2.03511 0.310831 554
2 0 46 17.068 0.574986 2.09509 0.383364 600
2 0 47 17.5 -2 0 0 698
2 0 48 17.136 0.663133 1.50881 0.428435 566
2 0 49 17.5 -2 0 0 591
2 0 50 17.2674 0.701643 2.5396 0.324257 600
2 0 51 17.4716 0.738483 2.48614 0.381162 735
2 0 52 16.56 0.637473 2.52467 0.353823 630
2 0 53 16.5788 0.984814 1.50532 0.457369 606
2 0 54 17.6736 0.698161 1.86611 0.359545 576
2 0 55 15.1901 0.73376 2.44548 0.339312 640
2 0 56 16.969 0.648317 2.41647 0.341459 684
2 0 57 16.8151 0.552025 2.24152 0.284253 706
2 0 58 17.5 -2 0 0 627
2 0 59 16.4929 0.621817 2.59142 0.366842 722
2 0 60 17.1802 0.884826 3.0113 0.371619 670
2 0 61 15.9391 0.597688 1.96801 0.404236 906
2 0 62 14.7281 0.660248 1.86149 0.286274 768
2 0 63 15.9008 0.567309 1.7995 0.436119 631
2 1 0 21.5 -2 0 0 807
2 1 1 17.505 0.674422 2.79019 0.284537 765
2 1 2 21.5 -2 0 0 769
2 1 3 18.0801 0.574085 2.31071 0.267838 764
2 1 4 17.9307 0.596184 1.53604 0.320017 691
2 1 5 18.8649 0.613491 2.11789 0.343261 732
2 1 6 17.7677 0.721852 2.22732 0.309592 849
2 1 7 16.4552 0.903252 3.11797 0.303972 977
2 1 8 17.5303 0.762244 1.12779 0.583907 743
2 1 9 18.1728 0.700659 2.24277 0.276185 874
2 1 10 21.5 -2 0 0 898
2 1 11 18.5202 0.545268 1.88502 0.362128 652
2 1 12 17.7642 0.55997 2.30535 0.381914 704
2 1 13 21.5 -2 0 0 770
2 1 14 17.8914 0.672265 1.84447 0.345683 701
2 1 15 17.2873 0.650514 1.94952 0.380407 734
2 1 16 18.2924 1.49066 3.81722 0.332649 1045
2 1 17 18.3146 0.780476 1.69087 0.346195 690
2 1 18 17.163 0.863547 1.30202 0.445189 693
2 1 19 17.543 0.618013 1.7839 0.412269 844
2 1 20 16.8316 0.648796 1.94489 0.329744 658
2 1 21 18.7687 0.609618 2.25098 0.314779 959
2 1 22 18.8246 0.74277 2.27941 0.380929 812
2 1 23 18.2985 0.724409 1.75593 0.323471 653
2 1 24 18.462 0.53433 1.74045 0.515163 702
2 1 25 19.0247 0.623179 2.72552 0.329083 820
2 1 26 16.7594 0.796249 2.89404 0.581363 655
2 1 27 17.8229 0.569036 1.90966 0.380098 680
2 1 28 18.9288 0.597954 2.17644 0.258569 674
2 1 29 18.008 0.779272 1.70661 0.435636 647
2 1 30 18.6945 0.592482 2.0935 0.395727 688
2 1 31 18.7974 0.648452 2.45917 0.376703 727
2 1 32 18.8597 1.06335 2.55684 0.3737 665
2 1 33 18.6092 0.75545 2.09894 0.353246 658
2 1 34 18.9004 0.641726 2.08246 0.289044 699
2 1 35 19.3991 0.649716 2.62219 0.335909 717
2 1 36 18.4248 0.593126 1.74622 0.473181 689
2 1 37 19.4841 0.863766 1.64488 0.448736 624
2 1 38 17.6412 0.621836 1.82476 0.33786 671
2 1 39 19.9475 1.22794 1.8666 0.463692 578
2 1 40 21.5 -2 0 0 665
2 1 41 18.5696 0.811788 2.35555 0.415714 657
2 1 42 16.7579 0.734998 2.03747 0.374176 551
2 1 43 21.5 -2 0 0 620
2 1 44 18.5089 0.57736 2.13583 0.394344 652
2 1 45 17.5 -2 0 0 622
2 1 46 17.5009 0.584699 1.70881 0.492593 630
2 1 47 21.5 -2 0 0 743
2 1 48 21.5 -2 0 0 623
2 1 49 17.5 -2 0 0 655
2 1 50 18.6631 0.712117 1.58775 0.400117 615
2 1 51 17.2479 0.61023 2.2802 0.315624 607
2 1 52 17.5307 0.60614 2.22727 0.39234 577
2 1 53 16.6493 0.584401 2.22474 0.344699 670
2 1 54 17.5 -2 0 0 611
2 1 55 17.1486 0.578236 2.12889 0.353517 560
2 1 56 18.0571 0.609742 2.13081 0.289812 611
2 1 57 17.4123 0.697715 2.3845 0.396355 590
2 1 58 17.755 0.642056 2.05261 0.300097 574
2 1 59 21.5 -2 0 0 581
2 1 60 17.5 -2 0 0 644
2 1 61 15.6502 0.840006 2.25097 0.480171 595
2 1 62 21.5 -2 0 0 597
2 1 63 16.4448 0.679339 1.9511 0.313734 540
2 2 0 16.8686 0.544474 2.25845 0.384965 813
2 2 1 18.4538 0.617351 2.23954 0.316491 817
2 2 2 18.5148 0.635715 2.42463 0.359038 677
2 2 3 18.0739 0.593002 2.33279 0.327805 658
2 2 4 18.0872 0.545407 1.63923 0.434287 705
2 2 5 17.0372 0.777607 1.50409 0.383195 674
2 2 6 18.5983 0.562477 1.62212 0.554478 733
2 2 7 17.1404 0.658381 2.57935 0.325092 598
2 2 8 17.7172 0.614332 1.49889 0.435998 674
2 2 9 21.5 -2 0 0 585
2 2 10 17.8442 0.571457 1.97767 0.537789 608
2 2 11 18.1737 0.542843 2.10484 0.30839 716
2 2 12 18.0044 0.588091 1.62911 0.418174 652
2 2 13 18.745 0.797057 1.53156 0.446902 632
2 2 14 21.5 -2 0 0 780
2 2 15 18.058 0.537705 1.60978 0.549204 694
2 2 16 0 -10 0 0 0
2 2 17 18.629 0.835204 1.60766 0.361637 810
2 2 18 18.3418 0.645957 1.87995 0.327614 656
2 2 19 18.2171 0.562005 2.38927 0.407371 646
2 2 20 18.0519 0.594867 1.85421 0.343038 713
2 2 21 18.4636 0.57479 2.43577 0.468782 663
2 2 22 17.317 0.71574 1.62653 0.38062 622
2 2 23 18.1332 0.7572 1.46557 0.382793 722
2 2 24 18.7287 0.509916 1.84659 0.378759 703
2 2 25 21.5 -2 0 0 654
2 2 26 18.1183 0.652066 2.15739 0.342184 788
2 2 27 21.5 -2 0 0 651
2 2 28 17.9666 0.877162 1.42384 0.410022 653
2 2 29 21.5 -2 0 0 826
2 2 30 18.7402 0.65546 1.04784 0.521133 704
2 2 31 19.0497 0.716648 1.85621 0.241253 649
2 2 32 18.4186 0.818379 2.7347 0.197959 683
2 2 33 18.7507 0.86196 1.34854 0.395606 691
2 2 34 18.8145 0.806042 1.73389 0.450263 896
2 2 35 17.5331 0.922111 1.51403 0.485471 703
2 2 36 21.5 -2 0 0 716
2 2 37 19.1549 0.765005 1.59399 0.479182 801
2 2 38 21.5 -2 0 0 741
2 2 39 18.8272 0.555935 2.12655 0.338132 869
2 2 40 18.1387 0.774824 1.89974 0.331921 775
2 2 41 18.6962 0.62037 1.71576 0.357043 676
2 2 42 18.3513 0.620069 1.68812 0.368391 753
2 2 43 25.5 -2 0 0 827
2 2 44 19.0492 0.829307 1.56264 0.346905 709
2 2 45 17.5589 0.807573 2.1644 0.407047 708
2 2 46 17.7249 0.822305 2.39738 0.344427 939
2 2 47 18.1727 0.650363 2.04595 0.42453 786
2 2 48 18.5173 0.785478 1.75088 0.342937 744
2 2 49 18.0121 0.558554 1.88767 0.326861 832
2 2 50 16.4491 0.79623 2.02025 0.323851 687
2 2 51 18.4972 0.548044 1.82652 0.418399 1128
2 2 52 18.1222 0.457083 1.95274 0.301158 936
2 2 53 17.7903 0.619056 1.82909 0.313656 836
2 2 54 18.4512 0.527817 2.05272 0.302649 775
2 2 55 17.1399 0.651175 2.0879 0.275341 922
2 2 56 17.6619 0.563677 2.04764 0.357114 927
2 2 57 18.0946 0.570141 1.93777 0.370809 1007
2 2 58 21.5 -2 0 0 806
2 2 59 18.3712 1.14125 1.67422 0.427056 1068
2 2 60 16.5972 0.57076 2.09977 0.354065 824
2 2 61 17.0202 0.680405 2.35092 0.327758 1261
2 2 62 16.7861 0.498106 1.93646 0.297994 1069
2 2 63 16.9951 0.781163 1.51008 0.502285 800
2 3 0 19.3181 0.5501 2.29549 0.344179 1350
2 3 1 18.4508 0.520641 1.9397 0.434373 1420
2 3 2 25.5 -2 0 0 1563
2 3 3 19.5827 0.681168 2.06635 0.311001 1776
2 3 4 18.7704 0.526422 1.55631 0.428258 1324
2 3 5 19.4888 0.824067 1.80772 0.453421 1474
2 3 6 19.6636 0.559968 2.01716 0.356542 1685
2 3 7 19.8943 0.506185 2.02964 0.295695 2290
2 3 8 19.5545 0.596398 1.73165 0.411443 1292
2 3 9 18.6311 0.524234 1.97325 0.343351 2062
2 3 10 21.5 -2 0 0 2281
2 3 11 18.9631 0.673898 2.6756 0.295061 1212
2 3 12 19.0047 0.548474 1.8471 0.313784 1619
2 3 13 18.7523 0.604599 1.82889 0.32148 1690
2 3 14 19.6697 0.560966 2.10538 0.485599 1216
2 3 15 19.2852 0.671876 1.53383 0.42747 1513
2 3 16 19.1466 0.751342 2.27752 0.394187 2653
2 3 17 19.1507 0.502786 2.46206 0.401795 1082
2 3 18 19.443 0.545314 2.07642 0.426834 1443
2 3 19 19.8526 0.496982 2.32119 0.302308 1897
2 3 20 19.5199 0.496009 2.04831 0.281418 1197
2 3 21 18.5815 0.700278 2.79081 0.31724 2020
2 3 22 19.5247 0.540834 1.52696 0.352059 2150
2 3 23 19.4383 0.577946 1.5923 0.317634 1177
2 3 24 19.6751 0.495845 1.9665 0.261406 1168
2 3 25 19.2842 0.498352 1.96716 0.360181 1709
2 3 26 19.4414 0.510002 2.13524 0.44791 1045
2 3 27 19.6965 0.551457 1.44812 0.488096 1430
2 3 28 19.3304 0.506176 1.7285 0.382579 1507
2 3 29 19.8795 0.551522 1.90607 0.232354 1096
2 3 30 19.3634 0.665474 1.29222 0.427714 1295
2 3 31 18.7078 0.709698 1.84558 0.344691 1560
2 3 32 19.3693 0.464398 1.9282 0.357715 1361
2 3 33 18.9227 0.719488 1.83773 0.516552 1233
2 3 34 18.9366 0.591223 1.52345 0.471236 999
2 3 35 19.3575 0.50435 1.78696 0.495843 1389
2 3 36 25.5 -2 0 0 1110
2 3 37 18.7499 0.654551 1.6415 0.318246 999
2 3 38 18.3272 0.511802 2.56464 0.318495 1293
2 3 39 18.1905 0.518618 1.56495 0.613808 898
2 3 40 18.6991 1.08251 1.61374 0.464085 1108
2 3 41 19.3688 0.571903 1.70695 0.325175 1210
2 3 42 18.2464 0.679364 1.65434 0.624615 980
2 3 43 18.451 0.630773 1.9834 0.283525 960
2 3 44 25.5 -2 0 0 1116
2 3 45 21.5 -2 0 0 1094
2 3 46 18.6196 0.544324 1.88753 0.500718 958
2 3 47 19.2709 0.522744 1.80691 0.410652 1200
2 3 48 18.2697 0.548581 1.87362 0.419254 1077
2 3 49 21.5 -2 0 0 880
2 3 50 18.8503 0.718082 2.70654 0.329209 1049
2 3 51 17.621 0.609992 1.71815 0.396902 762
2 3 52 18.3071 0.608835 1.71617 0.290318 870
2 3 53 18.8518 0.575172 1.65175 0.544517 1008
2 3 54 18.4786 0.560924 2.7288 0.314112 951
2 3 55 21.5 -2 0 0 812
2 3 56 21.5 -2 0 0 883
2 3 57 18.1397 0.890943 1.57954 0.524685 847
2 3 58 18.3923 0.740949 1.80716 0.3817 931
2 3 59 16.9608 0.800242 2.3862 0.434689 836
2 3 60 18.2035 0.510752 2.32285 0.422247 972
2 3 61 15.7206 0.686838 2.60886 0.436262 799
2 3 62 21.5 -2 0 0 788
2 3 63 21.5 -2 0 0 896
2 4 0 18.3664 0.5568 2.06223 0.309163 1436
2 4 1 16.8518 0.526595 1.88673 0.292921 1099
2 4 2 16.8047 0.519479 1.77701 0.461579 956
2 4 3 21.5 -2 0 0 753
2 4 4 15.8321 0.839022 1.64561 0.535272 922
2 4 5 17.5 -2 0 0 895
2 4 6 17.0741 0.531845 2.33904 0.38041 929
2 4 7 16.5795 0.460333 2.12964 0.348303 789
2 4 8 17.0991 0.675368 1.93245 0.21851 1022
2 4 9 16.741 0.64595 1.65082 0.411331 868
2 4 10 21.5 -2 0 0 811
2 4 11 17.3465 0.483144 1.80329 0.374626 975
2 4 12 17.4192 0.546009 1.71878 0.30236 866
2 4 13 17.5054 0.530205 1.77554 0.364242 735
2 4 14 21.5 -2 0 0 1313
2 4 15 21.5 -2 0 0 797
2 4 16 16.7274 0.497023 2.09144 0.368638 847
2 4 17 17.3614 0.526867 1.62915 0.345751 1158
2 4 18 21.5 -2 0 0 828
2 4 19 17.3826 0.506304 1.88624 0.430721 770
2 4 20 17.2825 0.558566 1.47887 0.443059 865
2 4 21 21.5 -2 0 0 964
2 4 22 15.721 0.883508 2.01941 0.346275 767
2 4 23 18.2795 0.540323 1.76105 0.477024 1142
2 4 24 17.2541 0.517284 1.89698 0.205833 1141
2 4 25 16.8128 0.438522 1.80642 0.569172 805
2 4 26 17.0247 0.604957 2.18389 0.239628 1406
2 4 27 16.678 0.580726 1.38928 0.500515 824
2 4 28 21.5 -2 0 0 788
2 4 29 18.1922 0.542102 2.07196 0.257189 1209
2 4 30 17.6677 0.528302 1.90166 0.284474 810
2 4 31 17.8454 0.608066 1.28682 0.450094 822
2 4 32 17.2987 0.713724 2.01411 0.307269 862
2 4 33 17.1131 0.634568 1.39062 0.550687 853
2 4 34 16.8536 0.818263 1.95071 0.223342 1448
2 4 35 16.5264 0.572113 2.19227 0.307591 827
2 4 36 17.3675 0.679846 1.25635 0.473176 880
2 4 37 15.5574 0.963933 2.02852 0.396383 1047
2 4 38 21.5 -2 0 0 868
2 4 39 17.5498 0.621718 1.90798 0.423155 998
2 4 40 18.228 0.53181 1.75545 0.325855 978
2 4 41 16.7305 0.568482 1.6739 0.410032 805
2 4 42 17.4471 0.545306 1.41492 0.385686 933
2 4 43 16.8844 0.584516 1.98771 0.315751 1204
2 4 44 17.322 0.727849 1.57159 0.344564 856
2 4 45 17.1103 0.729539 1.43581 0.485268 833
2 4 46 17.0069 0.477205 2.21074 0.396176 1555
2 4 47 15.9377 0.552403 2.26542 0.298021 871
2 4 48 17.1778 0.5925 1.47155 0.374665 901
2 4 49 17.1477 0.597418 1.65722 0.260403 1105
2 4 50 17.1392 0.623183 1.73383 0.291475 845
2 4 51 16.5538 0.57942 2.12922 0.273734 1334
2 4 52 16.1236 0.545553 1.83697 0.396749 1231
2 4 53 17.5 -2 0 0 872
2 4 54 21.5 -2 0 0 874
2 4 55 16.8194 0.520436 1.62144 0.451553 1323
2 4 56 17.3648 0.479066 1.88704 0.393833 1038
2 4 57 21.5 -2 0 0 1221
2 4 58 15.1917 1.102 2.12874 0.2887 929
2 4 59 15.9918 0.611427 1.9954 0.391873 1486
2 4 60 16.3518 0.483489 2.18707 0.300827 870
2 4 61 16.0743 0.606764 2.50002 0.254307 1567
2 4 62 16.2244 0.458765 1.78419 0.369492 1529
2 4 63 16.2668 0.549562 1.98309 0.219102 1079
2 5 0 18.4042 0.434171 2.34305 0.365365 1763
2 5 1 18.0028 0.555872 2.31974 0.487646 1967
2 5 2 19.1569 0.709625 2.13133 0.417317 2188
2 5 3 19.1383 0.385721 1.85174 0.480712 2821
2 5 4 19.0037 0.605744 1.77781 0.386719 2246
2 5 5 17.6192 0.602244 1.89272 0.277696 2244
2 5 6 17.942 0.578687 2.05561 0.382633 2420
2 5 7 18.3038 0.417477 2.12411 0.456373 3913
2 5 8 19.2655 0.503714 1.94938 0.288632 2037
2 5 9 18.523 0.503546 1.90539 0.332215 2955
2 5 10 19.0566 0.685846 2.28926 0.357488 3491
2 5 11 21.5 -2 0 0 2003
2 5 12 17.3903 0.500517 2.09111 0.34884 2620
2 5 13 18.166 0.612316 2.10088 0.316542 3105
2 5 14 17.0797 0.753798 2.4611 0.30272 1632
2 5 15 18.3904 0.643525 2.17238 0.392069 2988
2 5 16 19.2856 0.518 2.38124 0.380769 4144
2 5 17 18.2063 0.554644 1.93985 0.372955 1735
2 5 18 21.5 -2 0 0 2488
2 5 19 19.3323 0.451675 2.0477 0.422403 3911
2 5 20 18.202 0.686269 1.46191 0.503726 2214
2 5 21 18.1515 0.652443 2.03111 0.419075 2664
2 5 22 21.5 -2 0 0 3156
2 5 23 21.5 -2 0 0 1966
2 5 24 18.3355 0.489074 1.95806 0.391958 1772
2 5 25 18.2824 0.617287 1.88177 0.439794 3692
2 5 26 21.5 -2 0 0 1643
2 5 27 18.3752 0.591899 1.86538 0.330721 2807
2 5 28 18.4352 0.407815 1.79323 0.318217 3042
2 5 29 18.39 0.411366 1.91035 0.42163 1786
2 5 30 18.0854 0.707713 1.83957 0.324701 2445
2 5 31 18.0507 0.468793 1.80818 0.396452 3555
2 5 32 18.6323 0.540383 1.95358 0.275487 2809
2 5 33 25.5 -2 0 0 2587
2 5 34 19.5121 0.462322 2.14588 0.318068 1609
2 5 35 18.4235 0.519107 2.08399 0.349639 3308
2 5 36 18.6374 0.43066 1.7771 0.372015 2350
2 5 37 17.7972 0.587525 2.00794 0.389032 1858
2 5 38 18.3491 0.482289 1.98851 0.32775 3183
2 5 39 19.1524 0.450287 2.08224 0.445297 2201
2 5 40 18.3386 0.511081 1.89886 0.382686 2233
2 5 41 18.5615 0.407577 1.90139 0.403915 2845
2 5 42 18.9188 0.59655 1.61581 0.350527 2028
2 5 43 21.5 -2 0 0 1669
2 5 44 18.6772 0.548262 1.59768 0.478106 2496
2 5 45 21.5 -2 0 0 2476
2 5 46 18.4834 0.588638 1.42892 0.563616 1571
2 5 47 21.5 -2 0 0 3226
2 5 48 18.6719 0.497276 1.84142 0.397461 2190
2 5 49 18.2726 0.435725 1.91958 0.3559 1776
2 5 50 17.8755 0.389945 2.15633 0.323356 2369
2 5 51 18.7811 0.644217 2.21281 0.251623 1560
2 5 52 17.8421 0.404318 1.84153 0.414214 1606
2 5 53 17.8693 0.432545 2.00826 0.329524 2640
2 5 54 21.5 -2 0 0 2153
2 5 55 18.3573 0.499592 2.21669 0.491934 1518
2 5 56 18.2376 0.40883 1.97033 0.527418 1951
2 5 57 21.5 -2 0 0 1793
2 5 58 21.5 -2 0 0 1880
2 5 59 17.5141 0.506885 2.00178 0.42147 1495
2 5 60 18.3412 0.47282 1.99538 0.382941 2330
2 5 61 21.5 -2 0 0 1564
2 5 62 21.5 -2 0 0 1534
2 5 63 17.1669 0.602847 1.55495 0.504212 1627
2 6 0 18.6534 0.581892 2.48567 0.303348 1521
2 6 1 17.0021 0.894298 2.03159 0.477749 1269
2 6 2 18.239 0.555003 1.96089 0.296543 1118
2 6 3 18.1555 0.526683 2.02785 0.450149 827
2 6 4 18.2313 0.622427 2.07231 0.302873 840
2 6 5 17.2702 0.625845 1.90043 0.488425 916
2 6 6 18.3853 0.487688 1.83983 0.461518 948
2 6 7 18.5703 0.613861 2.0664 0.381162 832
2 6 8 18.8341 0.60595 1.19225 0.674198 1048
2 6 9 17.7925 0.555901 2.44794 0.452707 862
2 6 10 19.0612 0.547436 1.94278 0.343808 814
2 6 11 19.8527 0.54053 1.69429 0.399624 1036
2 6 12 17.4927 0.968314 1.96172 0.319282 866
2 6 13 17.4524 0.779021 1.64369 0.574664 721
2 6 14 19.1541 0.629217 2.39669 0.200797 1479
2 6 15 18.1963 0.514177 1.92008 0.345254 811
2 6 16 21.5 -2 0 0 872
2 6 17 18.1974 0.574801 1.81044 0.340621 1152
2 6 18 18.5495 0.646842 1.84513 0.359194 871
2 6 19 19.1414 0.647392 1.71276 0.459462 749
2 6 20 18.7902 0.485459 2.04739 0.353679 849
2 6 21 17.7216 0.674317 2.20139 0.342422 916
2 6 22 19.0657 0.611848 1.37618 0.403928 784
2 6 23 18.8036 0.595301 2.05154 0.312945 876
2 6 24 21.5 -2 0 0 1166
2 6 25 19.3276 0.739964 1.94395 0.264068 813
2 6 26 18.6269 0.600314 1.96539 0.342001 1337
2 6 27 18.9407 0.494429 1.87004 0.354448 760
2 6 28 19.0162 0.623455 1.50994 0.419721 740
2 6 29 18.7532 0.876315 2.29037 0.273 1046
2 6 30 18.5927 0.682747 1.87935 0.314056 775
2 6 31 19.2919 0.62513 2.42413 0.338272 714
2 6 32 21.5 -2 0 0 714
2 6 33 19.0186 0.48276 2.01344 0.382483 794
2 6 34 18.5024 0.524635 2.11048 0.319838 1288
2 6 35 18.3952 0.662627 2.4602 0.303887 713
2 6 36 17.7993 0.855244 1.6315 0.542329 800
2 6 37 18.792 0.785888 1.74185 0.336327 847
2 6 38 19.7117 0.60761 2.13846 0.264681 679
2 6 39 19.2397 0.567206 1.89212 0.386201 729
2 6 40 18.0441 0.905349 1.9325 0.412629 852
2 6 41 18.9875 0.60696 1.65492 0.401886 714
2 6 42 18.1183 0.732527 2.29608 0.255419 836
2 6 43 18.0765 0.742171 1.86931 0.371773 1035
2 6 44 18.5712 0.945645 2.9894 0.257769 638
2 6 45 17.1918 0.792467 2.21046 0.336218 751
2 6 46 18.3151 0.608727 2.15658 0.244846 1178
2 6 47 21.5 -2 0 0 628
2 6 48 18.9588 0.580392 2.25024 0.398272 787
2 6 49 18.8525 0.608472 1.86443 0.302869 853
2 6 50 17.4912 0.549052 1.70896 0.464312 688
2 6 51 18.3404 0.544498 2.0942 0.487856 962
2 6 52 21.5 -2 0 0 901
2 6 53 19.1724 0.584658 1.41097 0.502364 657
2 6 54 17.964 0.612182 1.8697 0.31744 714
2 6 55 17.744 0.572952 1.89788 0.288529 868
2 6 56 19.3432 0.550113 1.76988 0.505453 821
2 6 57 17.7277 0.543917 2.16953 0.380082 822
2 6 58 17.8963 0.493207 2.22028 0.299035 795
2 6 59 18.6368 0.640146 2.29781 0.323186 1042
2 6 60 21.5 -2 0 0 666
2 6 61 16.732 0.643075 2.182 0.362297 951
2 6 62 21.5 -2 0 0 957
2 6 63 16.497 0.851202 2.22146 0.335827 778
2 7 0 18.656 0.588366 2.2238 0.209375 1060
2 7 1 18.5605 0.607566 2.03605 0.373146 1187
2 7 2 18.8161 0.538753 2.02095 0.357937 1260
2 7 3 18.435 0.751509 2.20493 0.307977 1702
2 7 4 18.1932 0.944545 2.49765 0.334952 1521
2 7 5 18.7633 0.503095 1.6872 0.422708 1373
2 7 6 18.5413 0.547184 1.50466 0.763447 1439
2 7 7 18.6115 0.480424 2.18543 0.303668 2377
2 7 8 19.137 0.486317 2.35754 0.267426 1299
2 7 9 18.4537 0.910229 1.93649 0.376514 1551
2 7 10 18.4527 0.464462 1.81437 0.503059 1757
2 7 11 17.4231 0.718034 2.11115 0.336845 1374
2 7 12 18.7961 0.441896 1.89593 0.331893 1608
2 7 13 18.7928 0.83124 1.99724 0.30986 2113
2 7 14 18.1836 0.427398 1.95133 0.517797 1158
2 7 15 18.896 0.539016 1.9042 0.381945 1960
2 7 16 18.9317 0.56121 1.83108 0.520287 2153
2 7 17 18.5036 0.50715 2.0615 0.369752 1234
2 7 18 19.4185 0.499387 1.82606 0.325857 1737
2 7 19 19.5409 0.617256 2.39942 0.382895 2623
2 7 20 18.4849 0.644539 1.73653 0.390551 1834
2 7 21 19.1013 0.430502 2.17489 0.432912 1537
2 7 22 21.5 -2 0 0 1849
2 7 23 18.3503 0.946267 2.26016 0.348539 1562
2 7 24 19.589 0.462183 2.22713 0.257076 1149
2 7 25 18.1316 0.608345 1.95005 0.479226 2746
2 7 26 17.9587 0.498508 1.81233 0.419549 1193
2 7 27 18.8024 0.51007 1.85748 0.323097 2168
2 7 28 19.085 0.604032 1.97083 0.621253 2395
2 7 29 21.5 -2 0 0 1322
2 7 30 18.6182 0.486077 1.82012 0.375782 1918
2 7 31 18.1783 0.460987 2.0417 0.274754 3180
2 7 32 18.4742 0.639937 2.06648 0.289534 2484
2 7 33 18.9472 0.428433 2.29556 0.479293 2217
2 7 34 18.3238 0.412026 1.78306 0.542535 1345
2 7 35 18.0761 0.60133 1.79718 0.343176 3225
2 7 36 18.8786 0.598354 1.68555 0.50016 2016
2 7 37 18.0645 0.610349 1.73969 0.321487 1656
2 7 38 18.1059 0.480514 1.93944 0.281267 3573
2 7 39 21.5 -2 0 0 2495
2 7 40 17.6011 0.449763 1.90651 0.317463 1805
2 7 41 21.5 -2 0 0 2664
2 7 42 18.187 0.513103 1.59684 0.459616 1935
2 7 43 18.0023 0.432846 1.7274 0.399462 1417
2 7 44 18.127 0.43795 2.02676 0.334111 2845
2 7 45 21.5 -2 0 0 2320
2 7 46 21.5 -2 0 0 1332
2 7 47 17.9258 0.51893 1.90566 0.471951 3708
2 7 48 18.0238 0.561095 1.86396 0.317966 2257
2 7 49 21.5 -2 0 0 1695
2 7 50 18.2932 0.585008 2.11586 0.271392 2517
2 7 51 15.3056 0.624204 3.21129 0.434811 1698
2 7 52 17.823 0.555434 1.63262 0.38436 1525
2 7 53 18.7934 0.452003 2.24907 0.270989 3166
2 7 54 18.0243 0.69915 2.01896 0.380892 2397
2 7 55 16.8985 0.609395 2.02809 0.32166 1641
2 7 56 17.0529 0.46741 2.0481 0.370434 2220
2 7 57 17.8289 0.538071 2.16288 0.276617 2165
2 7 58 16.7505 0.450909 1.99813 0.31469 2023
2 7 59 17.9827 0.504696 2.21742 0.277262 1553
2 7 60 21.5 -2 0 0 2854
2 7 61 17.4432 0.729406 2.44401 0.309459 1662
2 7 62 21.5 -2 0 0 1555
2 7 63 16.0607 0.504255 1.80309 0.408996 1917
2 8 0 18.3157 0.592749 2.70116 0.239963 870
2 8 1 17.4848 0.624022 2.51278 0.299187 735
2 8 2 17.616 0.714778 1.14797 0.516667 742
2 8 3 18.4873 0.642922 1.36894 0.427117 704
2 8 4 18.4988 0.743198 1.26303 0.50167 742
2 8 5 18.5559 1.09219 3.98344 0.563482 733
2 8 6 18.3476 0.786773 1.89126 0.515166 779
2 8 7 17.2583 0.583617 2.33592 0.416925 685
2 8 8 18.4254 0.671545 1.94269 0.299072 735
2 8 9 17.7029 0.539762 2.05671 0.321471 745
2 8 10 21.5 -2 0 0 709
2 8 11 18.352 0.578629 1.40054 0.482033 751
2 8 12 18.4524 0.551512 2.12735 0.403695 701
2 8 13 18.2015 0.760949 1.36585 0.309324 728
2 8 14 18.8196 0.548865 2.34063 0.313268 841
2 8 15 17.1977 0.956567 1.62072 0.451652 745
2 8 16 18.6692 0.635398 2.34089 0.384922 789
2 8 17 18.1449 0.509601 1.893 0.382007 762
2 8 18 18.797 1.16249 2.04765 0.310199 674
2 8 19 19.0622 0.63656 1.66095 0.403496 804
2 8 20 21.5 -2 0 0 892
2 8 21 19.2423 0.721721 3.14253 0.326828 727
2 8 22 17.1162 0.787637 2.81816 0.317576 665
2 8 23 18.1308 0.67734 1.59932 0.471753 823
2 8 24 18.447 0.565533 1.84699 0.37308 766
2 8 25 18.0705 -3 0 0 20
2 8 26 18.6155 0.593454 2.26072 0.402364 862
2 8 27 18.913 1.00884 2.38314 0.334519 768
2 8 28 17.8115 0.75369 1.16548 0.441517 829
2 8 29 17.9286 1.04173 1.73712 0.401262 838
2 8 30 17.6466 0.690966 2.06435 0.372711 730
2 8 31 21.5 -2 0 0 932
2 8 32 17.7133 0.634475 1.9883 0.321974 780
2 8 33 18.1645 0.662377 1.60747 0.61119 770
2 8 34 18.2804 0.57826 1.94084 0.331681 867
2 8 35 18.2228 0.735959 1.01549 0.715561 884
2 8 36 18.7673 0.555477 2.37885 0.302054 840
2 8 37 17.692 0.610053 1.79189 0.443694 859
2 8 38 19.3063 0.916041 3.02856 0.287072 1024
2 8 39 17.4087 1.0888 2.44572 0.283342 1112
2 8 40 17.8844 0.527062 1.81659 0.30322 811
2 8 41 17.2672 0.634153 1.81454 0.359833 832
2 8 42 18.0922 0.603934 1.6311 0.330562 990
2 8 43 18.8912 0.582614 1.8707 0.328401 873
2 8 44 18.1936 0.654868 1.75131 0.49112 892
2 8 45 18.1286 0.55142 1.78038 0.382494 817
2 8 46 21.5 -2 0 0 905
2 8 47 17.4507 0.588793 2.32288 0.274243 1154
2 8 48 18.289 0.576982 1.81435 0.296253 920
2 8 49 17.7788 0.579016 1.34497 0.581094 916
2 8 50 17.9314 0.664551 1.68207 0.303562 923
2 8 51 17.8383 0.607534 2.18821 0.315237 1193
2 8 52 16.8658 0.584925 2.73995 0.215274 955
2 8 53 16.859 0.605836 2.19438 0.287726 1096
2 8 54 17.2218 0.673224 1.76067 0.2853 996
2 8 55 18.0879 0.565946 2.15602 0.317303 1043
2 8 56 17.1995 0.606165 2.48648 0.370861 1216
2 8 57 21.5 -2 0 0 1160
2 8 58 17.0814 0.725606 1.90663 0.346591 972
2 8 59 16.6803 0.628514 1.87403 0.385239 978
2 8 60 17.8655 0.578433 1.8533 0.342476 1146
2 8 61 21.5 -2 0 0 1345
2 8 62 16.954 0.60816 2.71439 0.340693 1148
2 8 63 16.4299 0.73094 1.55429 0.435222 977
2 9 0 19.4417 0.549588 1.80497 0.379077 1236
2 9 1 18.5635 0.497864 1.84761 0.447858 1164
2 9 2 17.5084 0.728519 2.54112 0.31201 1109
2 9 3 18.3458 0.548668 1.43213 0.413234 973
2 9 4 21.5 -2 0 0 913
2 9 5 18.6791 0.585281 2.28154 0.397153 1005
2 9 6 19.1525 0.669232 3.08699 0.288634 1142
2 9 7 17.4023 0.637456 2.62786 0.31472 1034
2 9 8 18.1331 0.546862 1.49989 0.443175 1080
2 9 9 19.2457 0.504672 2.08408 0.432391 1081
2 9 10 21.5 -2 0 0 1124
2 9 11 18.3887 0.670289 2.00088 0.309467 984
2 9 12 18.1274 0.9966 1.9789 0.425769 963
2 9 13 18.0567 0.733364 2.04458 0.352985 858
2 9 14 18.5839 0.618316 2.25103 0.315463 1104
2 9 15 19.0824 0.517717 2.07926 0.347264 877
2 9 16 17.5871 0.767518 2.58222 0.370789 381
2 9 17 18.0299 1.34203 1.26008 0.487316 983
2 9 18 19.2548 0.557115 1.64696 0.392669 884
2 9 19 18.9259 0.544183 1.74882 0.281108 902
2 9 20 18.5564 0.629426 1.74116 0.400443 781
2 9 21 20.1785 0.782483 2.52487 0.435214 1088
2 9 22 18.6873 0.672807 2.0178 0.39559 891
2 9 23 18.299 0.814378 1.85186 0.260329 862
2 9 24 19.004 0.611742 1.45567 0.41132 1030
2 9 25 18.3425 1.76044 2.57629 0.294736 848
2 9 26 21.5 -2 0 0 1014
2 9 27 18.2408 0.565339 1.79434 0.260698 833
2 9 28 18.5098 0.652598 1.53681 0.354276 795
2 9 29 19.2008 0.52656 1.91878 0.369979 835
2 9 30 19.1284 0.636208 1.9033 0.35489 819
2 9 31 17.905 0.492505 1.76887 0.47481 792
2 9 32 21.5 -2 0 0 723
2 9 33 17.7308 0.924471 1.95534 0.321408 808
2 9 34 18.7359 0.609288 2.17767 0.366304 940
2 9 35 19.3018 0.605739 1.62545 0.406486 773
2 9 36 18.0357 0.555614 1.91071 0.307803 748
2 9 37 17.1803 0.591646 2.52936 0.407564 716
2 9 38 17.6384 0.663876 2.00054 0.461264 723
2 9 39 19.1186 0.652779 2.55845 0.370512 750
2 9 40 21.5 -2 0 0 844
2 9 41 19.0923 0.726145 1.61087 0.355073 743
2 9 42 18.3792 0.539343 1.91999 0.351024 745
2 9 43 18.8789 0.604194 1.75367 0.358962 832
2 9 44 18.5541 0.636236 1.5445 0.44561 712
2 9 45 18.4281 0.485723 1.74828 0.385873 762
2 9 46 18.4506 0.543112 2.51966 0.302091 915
2 9 47 17.6442 0.653151 2.21593 0.284782 779
2 9 48 18.9043 0.596088 1.5386 0.48879 756
2 9 49 17.6248 0.754126 1.41772 0.545418 661
2 9 50 18.59 0.720106 1.55017 0.358787 714
2 9 51 21.5 -2 0 0 729
2 9 52 17.7433 0.654053 2.13765 0.35666 808
2 9 53 18.3192 0.528731 1.98174 0.402858 716
2 9 54 18.1605 0.572088 1.64643 0.264644 697
2 9 55 17.7387 0.537226 2.24282 0.263289 751
2 9 56 17.0361 0.609669 2.72486 0.289674 777
2 9 57 21.5 -2 0 0 691
2 9 58 18.1728 0.652223 1.90094 0.343751 776
2 9 59 17.0227 0.482213 2.06961 0.460641 818
2 9 60 17.9437 0.554267 2.3436 0.363514 748
2 9 61 17.7681 0.720203 1.33208 0.559976 789
2 9 62 21.5 -2 0 0 734
2 9 63 21.5 -2 0 0 718
2 10 0 17.66 0.541188 2.46325 0.344513 1440
2 10 1 21.5 -2 0 0 1371
2 10 2 17.4083 0.462302 2.61903 0.459896 1357
2 10 3 17.6782 0.47153 1.73489 0.350626 1326
2 10 4 17.6534 0.387388 1.84673 0.336365 1531
2 10 5 21.5 -2 0 0 1480
2 10 6 17.1838 0.503552 1.60045 0.44462 1296
2 10 7 21.5 -2 0 0 1343
2 10 8 17.1355 0.486974 1.86671 0.302777 1305
2 10 9 17.1053 0.484244 1.96719 0.456124 1201
2 10 10 21.5 -2 0 0 1151
2 10 11 16.7378 0.471124 2.14317 0.299724 1610
2 10 12 18.107 0.56199 1.84046 0.513488 1392
2 10 13 17.2768 0.499557 1.93484 0.303199 1341
2 10 14 18.0223 0.434407 1.90054 0.523074 1547
2 10 15 17.2047 0.401974 1.61321 0.394839 1498
2 10 16 18.5207 0.505368 2.38202 0.405676 1291
2 10 17 21.5 -2 0 0 1613
2 10 18 21.5 -2 0 0 1485
2 10 19 17.7931 0.544455 1.89842 0.324099 1513
2 10 20 17.4499 0.502621 1.73956 0.408413 1699
2 10 21 21.5 -2 0 0 1200
2 10 22 17.5556 0.53026 1.62521 0.448129 1246
2 10 23 17.877 0.452695 2.0618 0.401147 1755
2 10 24 17.4517 0.510489 1.92176 0.421181 1402
2 10 25 17.4373 0.533961 1.74881 0.410256 1691
2 10 26 17.5695 0.424248 1.83727 0.430936 1778
2 10 27 17.6996 0.425702 1.74279 0.463769 1647
2 10 28 17.4266 0.493985 1.69032 0.470036 1564
2 10 29 16.1213 0.618945 2.66232 0.378368 1841
2 10 30 17.6176 0.488015 1.62549 0.42611 1699
2 10 31 17.7994 0.493831 1.8516 0.328943 1810
2 10 32 21.5 -2 0 0 1748
2 10 33 17.7634 0.486864 1.85651 0.300774 1774
2 10 34 5.5 -2 0 0 3036
2 10 35 18.2918 0.466569 2.05692 0.350658 2180
2 10 36 17.356 0.442016 1.59325 0.479849 1863
2 10 37 21.5 -2 0 0 2019
2 10 38 17.1399 0.398574 1.89857 0.460919 2374
2 10 39 17.4004 0.453585 1.94245 0.29363 3097
2 10 40 17.0265 0.509615 1.74751 0.446981 1947
2 10 41 17.7214 0.432583 1.40302 0.480235 1986
2 10 42 17.8327 0.39952 1.90218 0.3518 2273
2 10 43 16.6638 0.915755 2.30566 0.282471 2146
2 10 44 17.1181 0.5646 1.87443 0.355338 2241
2 10 45 17.2391 0.495122 2.00613 0.423753 2033
2 10 46 1.5 -2 0 0 4159
2 10 47 21.5 -2 0 0 3005
2 10 48 17.1904 0.518155 1.7967 0.371798 2179
2 10 49 17.2027 0.428166 1.41431 0.466629 2298
2 10 50 16.9405 0.597185 2.07618 0.273151 2353
2 10 51 17.4984 0.493003 2.56233 0.458289 3507
2 10 52 17.2201 0.450374 1.64431 0.355168 2410
2 10 53 21.5 -2 0 0 1207
2 10 54 17.2569 0.455928 1.72254 0.388766 2393
2 10 55 17.5 -2 0 0 2789
2 10 56 17.3799 0.59581 1.99587 0.351109 3041
2 10 57 16.707 0.453268 2.24444 0.264127 2906
2 10 58 17.1582 0.43931 1.72118 0.461017 2589
2 10 59 16.8111 0.539512 2.15757 0.284701 2592
2 10 60 21.5 -2 0 0 2956
2 10 61 16.8337 0.453617 2.17217 0.419093 3845
2 10 62 21.5 -2 0 0 2924
2 10 63 17.1096 0.41221 1.77043 0.394251 2633
2 11 0 18.7966 0.413753 2.23 0.469269 3870
2 11 1 19.6601 0.59755 1.81239 0.577652 3656
2 11 2 18.9343 0.526738 2.18931 0.320094 3558
2 11 3 18.9043 0.597048 1.84624 0.385646 2345
2 11 4 19.2888 0.507219 1.71098 0.430846 2302
2 11 5 17.8606 0.588852 2.48089 0.334134 2557
2 11 6 19.1631 0.489495 2.10179 0.536885 3282
2 11 7 18.5271 0.53331 1.90909 0.368746 2141
2 11 8 18.4789 0.567613 1.89411 0.278271 2770
2 11 9 18.6488 0.510274 2.40057 0.398839 3041
2 11 10 18.8372 0.488265 2.25169 0.273343 2713
2 11 11 19.1032 0.695642 1.65378 0.443234 2492
2 11 12 19.0238 0.609258 2.06769 0.314726 2506
2 11 13 21.5 -2 0 0 1972
2 11 14 19.2316 0.5171 2.03507 0.438339 3145
2 11 15 18.0827 0.753234 2.06367 0.353821 2306
2 11 16 19.6324 0.517175 2.35925 0.363809 2799
2 11 17 19.5341 0.486371 1.77642 0.325217 2473
2 11 18 18.8646 0.400502 1.89343 0.399897 2147
2 11 19 19.4803 0.574508 2.06329 0.365125 1859
2 11 20 18.6192 0.523242 2.0507 0.358879 1961
2 11 21 18.8022 0.473012 2.17259 0.302726 3203
2 11 22 18.524 0.607741 2.02778 0.336512 2300
2 11 23 19.8544 0.45878 1.86101 0.351316 2232
2 11 24 19.332 0.588285 1.39339 0.543034 2800
2 11 25 20.1386 0.462466 1.96851 0.506275 1678
2 11 26 19.3239 0.493799 2.16219 0.380183 2678
2 11 27 18.246 0.73613 1.94221 0.353099 1799
2 11 28 18.8342 0.458766 2.28929 0.342169 1657
2 11 29 18.8942 0.541813 1.96212 0.325491 2102
2 11 30 18.3687 0.818157 1.93702 0.483376 1953
2 11 31 19.7458 0.649758 2.21492 0.398682 1597
2 11 32 19.1301 0.540421 1.94613 0.363478 1497
2 11 33 19.3121 0.521471 1.42334 0.473213 1546
2 11 34 18.8039 0.511922 2.33576 0.323297 2512
2 11 35 19.5001 0.58632 2.20991 0.323899 1363
2 11 36 18.6149 0.522405 1.80307 0.402193 1615
2 11 37 16.9744 0.944311 2.5095 0.355715 1820
2 11 38 19.0533 0.557256 1.82067 0.477694 1286
2 11 39 19.3248 0.590938 2.23562 0.36789 1296
2 11 40 17.9876 0.778745 2.33503 0.373289 1716
2 11 41 19.3165 0.626567 1.66013 0.392194 1372
2 11 42 19.4312 0.471045 2.38498 0.346345 1559
2 11 43 19.3546 0.537375 1.71871 0.374577 1882
2 11 44 18.9968 0.642364 1.41609 0.547931 1264
2 11 45 25.5 -2 0 0 1380
2 11 46 18.812 0.534064 2.00571 0.353017 1965
2 11 47 19.6978 0.547101 1.76346 0.507587 1173
2 11 48 17.9212 0.697876 1.83627 0.403649 1427
2 11 49 17.7391 0.519622 2.28347 0.294558 1660
2 11 50 18.3072 0.489075 2.25768 0.391002 1310
2 11 51 18.9801 0.50869 2.49019 0.428538 1335
2 11 52 18.0286 0.629977 1.9343 0.368972 1754
2 11 53 18.3058 0.897601 2.38289 0.561925 1195
2 11 54 18.1758 0.969671 1.43042 0.632878 1242
2 11 55 18.1045 0.474792 1.8767 0.48125 1498
2 11 56 18.9089 0.481748 1.81555 0.479233 1323
2 11 57 21.5 -2 0 0 1265
2 11 58 16.8625 0.847632 2.28756 0.45969 1333
2 11 59 21.5 -2 0 0 1794
2 11 60 21.5 -2 0 0 1324
2 11 61 21.5 -2 0 0 1495
2 11 62 21.5 -2 0 0 1642
2 11 63 17.5143 0.447845 2.02185 0.490903 1366
2 12 0 18.2031 0.474083 2.40507 0.438475 4477
2 12 1 18.3195 0.37423 1.884 0.598379 4094
2 12 2 18.0108 0.450247 2.05894 0.416272 3971
2 12 3 21.5 -2 0 0 3530
2 12 4 18.3478 0.353547 1.87352 0.650805 4222
2 12 5 18.1365 0.46443 2.02343 0.603823 4015
2 12 6 18.1045 0.378485 2.19692 0.412814 3938
2 12 7 17.7596 0.398093 2.02419 0.436244 3508
2 12 8 17.6422 0.408286 1.69245 0.403981 3908
2 12 9 18.0815 0.637205 2.31119 0.360475 3525
2 12 10 17.6239 0.456878 1.63534 0.528314 3399
2 12 11 16.7491 0.464236 1.8209 0.286401 4077
2 12 12 18.3579 0.437345 1.85799 0.418874 3665
2 12 13 18.2091 0.561026 1.80052 0.736848 3482
2 12 14 21.5 -2 0 0 4379
2 12 15 18.026 0.437316 1.85295 0.436998 3803
2 12 16 0 -10 0 0 0
2 12 17 18.7344 0.490943 2.02025 0.38297 4342
2 12 18 18.1522 0.639877 2.16394 0.334799 3922
2 12 19 18.6805 0.569641 1.87977 0.409838 3604
2 12 20 18.4687 0.437983 1.77006 0.486702 4535
2 12 21 18.5534 0.483263 2.25418 0.399899 3591
2 12 22 18.511 0.349449 1.87956 0.41267 3278
2 12 23 18.9573 0.444903 1.85623 0.509354 4561
2 12 24 18.6407 0.386133 1.83938 0.532704 4103
2 12 25 18.7657 0.449892 1.89435 0.469637 3786
2 12 26 19.0623 0.372011 1.83834 0.549608 4700
2 12 27 17.9406 0.400598 2.02086 0.371763 3895
2 12 28 18.3285 0.374406 1.87469 0.511553 3800
2 12 29 18.5178 0.332568 2.05457 0.301161 4625
2 12 30 18.5565 0.391521 2.10482 0.44863 4191
2 12 31 18.2304 0.498221 1.98504 0.333329 4081
2 12 32 18.5907 0.394682 1.77504 0.356232 3932
2 12 33 18.6025 0.415702 1.78193 0.403436 4301
2 12 34 17.5 -2 0 0 4903
2 12 35 18.036 0.521115 2.09196 0.389953 4275
2 12 36 18.2617 0.463597 1.90822 0.406476 4357
2 12 37 21.5 -2 0 0 4810
2 12 38 18.7051 0.556304 2.1166 0.52029 4276
2 12 39 21.5 -2 0 0 4945
2 12 40 17.7901 0.43745 1.63519 0.50634 4533
2 12 41 18.442 0.350887 1.77869 0.484362 4147
2 12 42 17.024 0.439817 1.92603 0.501451 4566
2 12 43 17.2562 0.583099 2.05896 0.330436 5069
2 12 44 18.7252 0.588772 1.99159 0.388456 4134
2 12 45 18.3238 0.349433 1.88957 0.369977 4423
2 12 46 17.5134 0.43528 1.94174 0.555154 5219
2 12 47 18.1677 0.397946 2.36491 0.392518 4519
2 12 48 18.615 0.436766 1.94458 0.405414 4614
2 12 49 21.5 -2 0 0 4878
2 12 50 18.5382 0.367111 1.643 0.632924 4495
2 12 51 17.8787 0.354592 2.38701 0.415284 5442
2 12 52 21.5 -2 0 0 5172
2 12 53 18.2067 0.398163 1.93875 0.511124 4339
2 12 54 17.4838 0.390415 1.56276 0.656102 4547
2 12 55 16.6536 0.491836 1.79941 0.566573 5257
2 12 56 17.3691 0.351971 2.12733 0.415445 5261
2 12 57 17.3547 0.426891 1.82826 0.501472 5250
2 12 58 17.5167 0.460338 2.02571 0.467697 4821
2 12 59 17.0229 0.35037 2.24743 0.362354 5286
2 12 60 18.1135 0.330613 2.29285 0.501873 4689
2 12 61 17.3907 0.397825 3.22627 0.313718 6149
2 12 62 16.9571 0.334133 2.02736 0.419179 5702
2 12 63 17.4312 0.405345 1.882 0.425175 5088
2 13 0 18.8468 0.355661 2.3554 0.433669 6066
2 13 1 18.2412 0.524937 2.05512 0.444665 5341
2 13 2 21.5 -2 0 0 5181
2 13 3 18.4193 0.500262 1.90996 0.397025 4274
2 13 4 17.5353 0.499732 2.00463 0.391693 4673
2 13 5 18.0902 0.341228 1.99896 0.381448 4787
2 13 6 18.581 0.339995 2.07123 0.624708 4938
2 13 7 21.5 -2 0 0 3699
2 13 8 18.3875 0.410053 1.82514 0.533896 5140
2 13 9 18.7924 0.389943 2.02782 0.485062 4482
2 13 10 21.5 -2 0 0 4034
2 13 11 18.7859 0.42776 2.13231 0.350807 4864
2 13 12 18.4041 0.34542 2.0466 0.448349 4407
2 13 13 17.1784 0.878791 1.99072 0.527689 3792
2 13 14 19.4297 0.335576 2.30713 0.380984 5665
2 13 15 18.2164 0.390549 1.74351 0.481902 4055
2 13 16 18.7116 0.359963 2.51959 0.510083 4245
2 13 17 18.2 0.447299 1.82387 0.466886 5095
2 13 18 18.5494 0.351121 1.90879 0.426094 4248
2 13 19 18.8716 0.54231 1.92156 0.545276 3707
2 13 20 18.5412 0.351803 1.54392 0.640132 4522
2 13 21 18.2968 0.402948 2.13314 0.474464 4634
2 13 22 18.1311 0.426756 1.88294 0.365325 3852
2 13 23 18.05 0.360472 1.85541 0.338973 4669
2 13 24 17.6404 0.536112 2.23618 0.487618 5034
2 13 25 21.5 -2 0 0 3593
2 13 26 18.4216 0.464779 2.4575 0.468244 5322
2 13 27 18.3883 0.693058 1.83223 0.502302 3935
2 13 28 18.702 0.449736 1.69242 0.344944 3671
2 13 29 18.355 0.35032 1.79246 0.378974 4926
2 13 30 18.6774 0.389009 2.11621 0.449098 4167
2 13 31 18.704 0.442845 2.07889 0.379589 3523
2 13 32 17.9036 0.453913 1.93998 0.360472 3505
2 13 33 18.1295 0.53744 1.89475 0.506906 3690
2 13 34 18.1439 0.390823 2.18247 0.440888 5259
2 13 35 19.2406 0.705782 1.78005 0.784696 3414
2 13 36 19.3216 0.377578 1.76347 0.653613 4032
2 13 37 18.116 0.413562 2.26458 0.367226 4412
2 13 38 17.2363 0.456639 1.62583 0.538723 3113
2 13 39 18.4903 0.383379 1.87153 0.441148 3411
2 13 40 18.7413 0.464612 1.73922 0.407257 4287
2 13 41 18.5626 0.480367 1.92183 0.374488 3338
2 13 42 18.4003 0.460607 2.05626 0.484354 3881
2 13 43 18.4668 0.503159 1.89534 0.307771 4713
2 13 44 18.7276 0.504006 1.99564 0.593576 2972
2 13 45 18.6675 0.414799 1.70454 0.549422 3538
2 13 46 18.1763 0.354378 1.98695 0.435222 4894
2 13 47 18.5951 0.535259 2.27994 0.618333 3047
2 13 48 18.0677 0.466847 1.77645 0.31835 3763
2 13 49 18.732 0.682165 1.8766 0.579089 4194
2 13 50 18.3568 0.443399 2.12885 0.403939 3410
2 13 51 17.615 0.505291 2.19419 0.328524 4079
2 13 52 18.1993 0.478509 1.45171 0.608338 4334
2 13 53 19.0865 0.457397 2.02274 0.55229 3178
2 13 54 18.9532 0.651235 1.80765 0.58126 3756
2 13 55 16.5604 0.629931 2.49371 0.514604 3897
2 13 56 18.4956 0.396038 1.93338 0.5349 4071
2 13 57 21.5 -2 0 0 3813
2 13 58 17.6124 0.490995 1.73568 0.637188 3757
2 13 59 21.5 -2 0 0 4588
2 13 60 17.496 0.386364 1.81196 0.502594 3398
2 13 61 18.2616 0.54919 2.03948 0.558777 4451
2 13 62 21.5 -2 0 0 4289
2 13 63 17.6868 0.398143 1.72186 0.582369 3860
2 14 0 17.9569 0.438392 2.92374 0.313696 5897
2 14 1 18.3894 0.428558 2.30546 0.483928 5458
2 14 2 21.5 -2 0 0 5147
2 14 3 21.5 -2 0 0 4047
2 14 4 18.323 0.406112 1.69831 0.618581 4164
2 14 5 21.5 -2 0 0 4569
2 14 6 21.5 -2 0 0 4905
2 14 7 17.4101 0.594568 2.06164 0.39656 3966
2 14 8 18.1504 0.400792 1.8566 0.387219 4677
2 14 9 18.2059 0.373391 2.13878 0.416845 4344
2 14 10 18.3732 0.532745 2.12644 0.434032 4271
2 14 11 17.9555 0.363384 2.07448 0.397987 4412
2 14 12 18.4515 0.366627 1.97146 0.341455 4221
2 14 13 18.4111 0.511412 1.71704 0.366156 3652
2 14 14 18.0704 0.465161 2.26224 0.455153 5277
2 14 15 21.5 -2 0 0 3717
2 14 16 18.0403 0.585472 2.366 0.524243 4359
2 14 17 18.5069 0.637051 2.01333 0.347611 4504
2 14 18 18.0655 0.49561 1.86951 0.384038 4158
2 14 19 18.3358 0.46709 2.12332 0.433712 4005
2 14 20 18.094 0.478507 1.79669 0.348545 3836
2 14 21 21.5 -2 0 0 4747
2 14 22 18.4452 0.421968 1.68345 0.400724 3730
2 14 23 17.784 0.406741 1.98745 0.410027 4008
2 14 24 21.5 -2 0 0 4845
2 14 25 18.8566 0.512896 1.87819 0.511101 3502
2 14 26 17.8574 0.762251 2.18043 0.467683 5026
2 14 27 18.1604 0.649748 1.82511 0.36609 3540
2 14 28 18.2588 0.548898 1.80044 0.373982 3297
2 14 29 18.003 0.382518 1.86203 0.452227 4187
2 14 30 18.4674 0.405641 1.92614 0.402376 3575
2 14 31 18.9522 0.394807 1.96066 0.412017 3096
2 14 32 18.2078 0.412293 1.67619 0.522831 2980
2 14 33 18.9215 0.458193 1.62629 0.55262 3251
2 14 34 17.7389 0.391647 2.15651 0.315413 4456
2 14 35 18.9497 0.342066 1.79786 0.419923 2837
2 14 36 18.1682 0.369342 1.78195 0.353463 3426
2 14 37 18.1854 0.438968 1.736 0.409672 3675
2 14 38 18.6086 0.404364 1.89757 0.609183 2581
2 14 39 18.4976 0.761098 2.19851 0.459176 2629
2 14 40 18.0087 0.416039 1.71563 0.320541 3425
2 14 41 18.8074 0.46365 1.86167 0.401866 2693
2 14 42 18.7938 0.396568 1.91518 0.384268 3045
2 14 43 18.1225 0.376089 1.97405 0.412665 3799
2 14 44 21.5 -2 0 0 2394
2 14 45 17.7835 0.524608 1.80167 0.402213 2854
2 14 46 16.9135 0.565517 2.26063 0.342589 4128
2 14 47 17.5 -2 0 0 825
2 14 48 17.9649 0.464285 1.73923 0.616907 2919
2 14 49 17.9325 0.482292 1.88446 0.396254 3260
2 14 50 18.4715 0.431858 1.90881 0.426271 2643
2 14 51 21.5 -2 0 0 2854
2 14 52 17.5784 0.372191 1.88275 0.315059 3384
2 14 53 21.5 -2 0 0 2404
2 14 54 17.6958 0.458913 1.58859 0.507851 2806
2 14 55 17.4251 0.369929 2.13957 0.355264 3037
2 14 56 17.6069 0.386711 1.92719 0.498868 2713
2 14 57 14.4372 1.08561 2.43766 0.76847 2852
2 14 58 17.7114 0.426872 1.5485 0.525255 2765
2 14 59 17.2465 0.399103 1.90598 0.384144 3631
2 14 60 18.0295 0.361594 1.99388 0.396326 2493
2 14 61 21.5 -2 0 0 2972
2 14 62 16.4842 0.49723 2.22978 0.414129 3174
2 14 63 17.4662 0.413752 1.69767 0.382432 2939
2 15 0 18.2278 0.439027 2.27463 0.391845 3003
2 15 1 21.5 -2 0 0 2954
2 15 2 21.5 -2 0 0 2730
2 15 3 17.7444 0.596569 2.01414 0.399334 2325
2 15 4 16.7542 0.581548 2.25018 0.377162 2940
2 15 5 21.5 -2 0 0 2726
2 15 6 17.1044 0.361504 1.98539 0.452377 2546
2 15 7 16.3962 0.48884 2.25278 0.252868 2162
2 15 8 17.0069 0.352564 1.80013 0.657745 2812
2 15 9 17.1968 0.380573 1.91 0.346688 2331
2 15 10 17.9562 0.375801 1.91757 0.352262 2093
2 15 11 21.5 -2 0 0 3079
2 15 12 16.9298 0.609574 2.06893 0.345437 2474
2 15 13 21.5 -2 0 0 2440
2 15 14 21.5 -2 0 0 3217
2 15 15 17.5736 0.45987 1.6128 0.341603 2764
2 15 16 18.3492 0.5137 1.94412 0.503375 1903
2 15 17 21.5 -2 0 0 3279
2 15 18 17.525 0.385409 1.7876 0.402581 2844
2 15 19 18.2379 0.402671 1.85507 0.460596 2569
2 15 20 17.4167 0.416318 1.7653 0.314376 3257
2 15 21 17.9363 0.387492 2.29474 0.606629 2426
2 15 22 17.4869 0.55001 1.67461 0.358434 2207
2 15 23 21.5 -2 0 0 3328
2 15 24 21.5 -2 0 0 2892
2 15 25 18.2389 0.420043 1.66797 0.551187 2839
2 15 26 17.6904 0.416978 2.06749 0.42352 3699
2 15 27 18.1874 0.490798 1.61893 0.369066 2985
2 15 28 18.0534 0.486496 1.9055 0.430776 2728
2 15 29 21.5 -2 0 0 3650
2 15 30 17.4747 0.414617 1.79245 0.427985 3158
2 15 31 21.5 -2 0 0 2999
2 15 32 17.9531 0.459962 1.75768 0.399799 2974
2 15 33 17.6026 0.402436 1.70866 0.347798 3338
2 15 34 17.3262 0.449112 1.74916 0.451177 3859
2 15 35 17.6226 0.372185 1.5992 0.534761 3223
2 15 36 21.5 -2 0 0 3430
2 15 37 17.5 -2 0 0 3817
2 15 38 16.2986 0.635777 1.94589 0.318341 3434
2 15 39 17.631 0.443495 1.89169 0.533935 4601
2 15 40 17.1887 0.438391 1.98036 0.358822 3724
2 15 41 17.7047 0.381555 1.71804 0.452098 3248
2 15 42 17.6498 0.456737 1.76835 0.361267 3965
2 15 43 21.5 -2 0 0 3973
2 15 44 17.345 0.482779 1.81261 0.435995 3551
2 15 45 18.1332 0.376981 1.80786 0.553826 3611
2 15 46 17.4327 0.41497 1.83707 0.35606 4357
2 15 47 17.0366 0.404093 2.07848 0.537955 3783
2 15 48 18.0916 0.459895 1.79265 0.504471 3798
2 15 49 21.5 -2 0 0 4251
2 15 50 17.7205 0.403134 1.67343 0.492737 3860
2 15 51 17.4577 0.405346 2.13914 0.517737 5247
2 15 52 21.5 -2 0 0 4411
2 15 53 21.5 -2 0 0 3970
2 15 54 21.5 -2 0 0 4014
2 15 55 16.4754 0.383229 1.88788 0.435043 4716
2 15 56 16.9973 1.30128 2.07079 0.617185 4836
2 15 57 17.0997 0.495992 1.84173 0.439937 5187
2 15 58 17.6432 0.41468 1.50955 0.47562 4456
2 15 59 17.2953 0.381529 1.92636 0.340032 4672
2 15 60 21.5 -2 0 0 4325
2 15 61 17.3354 0.375177 2.45666 0.377831 5774
2 15 62 16.4392 0.468145 2.00097 0.395137 5001
2 15 63 16.6111 0.646042 1.69128 0.591134 4539
3 0 0 19.139 0.7019 1.75023 0.510204 629
3 0 1 16.516 0.621561 1.64893 0.405444 536
3 0 2 17.1969 0.916089 2.87884 0.282135 500
3 0 3 21.5 -2 0 0 407
3 0 4 17.5 -2 0 0 449
3 0 5 17.56 0.749662 1.54804 0.488675 485
3 0 6 18.4095 0.763473 1.54017 0.491809 490
3 0 7 19.127 0.786245 1.35692 0.398886 516
3 0 8 17.9127 0.439271 1.72717 0.397768 541
3 0 9 18.703 0.690194 2.0886 0.345785 561
3 0 10 19.2623 0.717522 1.21078 0.493038 533
3 0 11 17.2039 0.660426 1.95698 0.333741 549
3 0 12 18.0121 0.881262 2.67973 0.370003 493
3 0 13 21.5 -2 0 0 445
3 0 14 18.0066 0.647147 2.02897 0.303183 569
3 0 15 21.5 -2 0 0 499
3 0 16 18.4698 0.82644 3.2753 0.52138 511
3 0 17 19.4596 0.785105 1.74604 0.364751 551
3 0 18 17.6182 0.527678 1.65298 0.423014 468
3 0 19 19.5672 0.668514 1.61897 0.378291 487
3 0 20 17.5 -2 0 0 522
3 0 21 19.3133 0.712826 1.54173 0.511652 503
3 0 22 21.5 -2 0 0 429
3 0 23 17.5749 0.614336 1.55965 0.384314 569
3 0 24 16.9406 0.937623 1.49649 0.416416 528
3 0 25 19.111 0.793888 1.75776 0.291485 572
3 0 26 16.4779 0.720321 1.98612 0.392246 577
3 0 27 17.5 -2 0 0 446
3 0 28 17.3034 0.765568 1.1253 0.506325 486
3 0 29 21.5 -2 0 0 513
3 0 30 17.0537 0.539154 1.65157 0.426832 516
3 0 31 17.6935 0.570364 1.56383 0.272042 485
3 0 32 18.9689 0.787309 1.62739 0.461739 504
3 0 33 16.9138 0.544894 1.93168 0.396849 512
3 0 34 17.6924 0.701366 2.28814 0.351706 619
3 0 35 21.5 -2 0 0 516
3 0 36 19.2948 0.572921 2.2606 0.334952 515
3 0 37 19.809 0.638019 2.0473 0.40336 659
3 0 38 19.141 1.20575 1.27955 0.465031 602
3 0 39 21.5 -2 0 0 618
3 0 40 17.1265 0.866059 1.64752 0.391574 537
3 0 41 17.3079 0.816254 0.990182 0.575281 536
3 0 42 21.5 -2 0 0 568
3 0 43 18.3005 0.671273 2.46341 0.334351 593
3 0 44 17.6113 0.547126 2.32077 0.452629 551
3 0 45 16.9765 0.621375 1.23277 0.546405 537
3 0 46 21.5 -2 0 0 619
3 0 47 21.5 -2 0 0 684
3 0 48 21.5 -2 0 0 528
3 0 49 17.5 -2 0 0 575
3 0 50 17.739 0.771582 1.22086 0.389203 538
3 0 51 17.5643 0.656821 1.57555 0.34819 731
3 0 52 16.6778 0.636124 1.76236 0.304643 632
3 0 53 17.5 -2 0 0 590
3 0 54 18.669 0.554397 2.12869 0.319952 609
3 0 55 18.4156 0.67298 2.34875 0.382268 638
3 0 56 16.8275 0.678132 1.85048 0.355088 651
3 0 57 16.2951 1.01309 3.31807 0.508298 662
3 0 58 15.4406 0.589134 1.68662 0.351659 626
3 0 59 17.2842 0.62103 2.41893 0.282577 692
3 0 60 18.1548 0.62261 1.81151 0.372457 653
3 0 61 15.5691 0.712335 2.70842 0.258611 789
3 0 62 15.9573 0.563458 2.22736 0.358337 708
3 0 63 17.5 -2 0 0 661
3 1 0 17.2122 0.540006 1.98301 0.325996 778
3 1 1 20.0431 0.965884 3.29537 0.473383 776
3 1 2 18.6923 0.552583 2.43134 0.309783 762
3 1 3 18.8346 0.756135 1.8753 0.262444 790
3 1 4 17.2867 0.562691 1.91865 0.26457 704
3 1 5 15.9939 0.596759 1.68231 0.362758 700
3 1 6 17.9121 0.560443 2.10541 0.349386 862
3 1 7 18.9934 0.653886 2.30208 0.233061 932
3 1 8 18.9239 0.56107 1.69306 0.366731 750
3 1 9 15.5691 0.55672 2.1294 0.306407 815
3 1 10 15.336 0.643775 2.30963 0.273012 877
3 1 11 18.665 0.508738 1.92792 0.351293 690
3 1 12 16.8818 0.528657 1.65038 0.391033 721
3 1 13 19.2357 0.611826 1.69251 0.393878 785
3 1 14 16.9876 0.652243 1.46694 0.427752 678
3 1 15 18.4127 0.650607 1.87505 0.379125 744
3 1 16 18.4094 0.998397 2.78501 0.369581 1100
3 1 17 18.4097 0.606055 2.5017 0.300393 672
3 1 18 16.6437 0.534014 1.71473 0.304733 696
3 1 19 18.2453 0.525664 2.02915 0.377614 888
3 1 20 16.9133 0.661905 2.39165 0.371597 664
3 1 21 17.19 0.578992 2.22089 0.341591 835
3 1 22 16.559 0.630249 2.40372 0.293842 794
3 1 23 18.695 0.574068 2.27305 0.389815 670
3 1 24 20.4103 0.750371 2.68793 0.363443 734
3 1 25 18.5476 0.822787 1.55856 0.454872 789
3 1 26 19.0796 0.556236 2.21058 0.373544 668
3 1 27 17.7965 0.728244 2.1453 0.430838 672
3 1 28 18.495 0.591842 2.28305 0.538816 675
3 1 29 16.6739 0.586245 1.68886 0.346634 649
3 1 30 17.2491 0.576631 1.94798 0.461368 698
3 1 31 16.6973 0.600179 2.08539 0.277845 746
3 1 32 16.4736 0.756225 1.56226 0.367912 708
3 1 33 21.5 -2 0 0 605
3 1 34 18.7191 0.620284 1.88584 0.345759 692
3 1 35 16.8869 0.567334 2.30485 0.284197 726
3 1 36 15.1879 0.831509 3.00204 0.423297 649
3 1 37 17.2272 0.580615 1.92468 0.412124 625
3 1 38 16.8102 0.53539 2.00228 0.332562 700
3 1 39 17.406 0.702884 1.49124 0.380599 579
3 1 40 18.8082 0.683559 1.33397 0.418372 639
3 1 41 17.5 -2 0 0 641
3 1 42 21.5 -2 0 0 525
3 1 43 16.7298 0.635054 1.55437 0.392521 621
3 1 44 16.4352 0.624834 1.48436 0.346166 623
3 1 45 17.9845 1.08484 2.62566 0.316247 627
3 1 46 19.0672 0.692454 1.45693 0.540748 638
3 1 47 16.822 0.732378 2.77063 0.353719 719
3 1 48 18.0616 0.660381 1.66093 0.426785 668
3 1 49 16.8772 0.61658 1.83987 0.341074 554
3 1 50 17.5679 0.859264 2.20833 0.222623 651
3 1 51 16.9613 1.4567 2.92559 0.458454 675
3 1 52 15.4843 0.845832 1.97517 0.283235 553
3 1 53 16.531 0.69469 1.96726 0.395932 632
3 1 54 16.8253 0.551384 2.21332 0.372661 589
3 1 55 16.1751 0.685169 2.36545 0.378912 528
3 1 56 15.8799 0.711417 1.4804 0.602503 602
3 1 57 21.5 -2 0 0 604
3 1 58 21.5 -2 0 0 567
3 1 59 15.7162 0.540936 1.7817 0.575837 574
3 1 60 17.0865 0.530196 2.06729 0.443738 676
3 1 61 15.2219 0.53216 1.67102 0.438327 567
3 1 62 17.5 -2 0 0 578
3 1 63 15.3113 0.650605 1.87404 0.228248 571
3 2 0 16.9558 0.569858 2.24198 0.332612 841
3 2 1 16.8222 0.63109 1.85935 0.33371 806
3 2 2 16.98 0.466331 1.89579 0.373836 684
3 2 3 16.3527 0.612315 1.89689 0.294835 648
3 2 4 18.9166 0.526515 2.22204 0.31845 698
3 2 5 15.9302 1.06363 1.85983 0.473249 686
3 2 6 16.5789 0.542511 2.17744 0.27925 732
3 2 7 17.5 -2 0 0 575
3 2 8 16.5652 0.771659 2.03892 0.300316 637
3 2 9 17.1301 0.559536 1.51949 0.434968 623
3 2 10 16.8513 0.723883 3.03463 0.353119 610
3 2 11 18.0297 0.579981 2.02659 0.295313 741
3 2 12 18.7796 0.646293 1.86503 0.361216 636
3 2 13 16.8548 0.638814 1.40552 0.478096 606
3 2 14 17.6056 0.712987 1.48892 0.361727 793
3 2 15 16.8509 0.58268 1.50183 0.312143 669
3 2 16 19.0775 0.546307 1.65826 0.360942 629
3 2 17 16.5157 0.521917 1.80715 0.402381 777
3 2 18 16.8873 0.526995 1.54297 0.329342 651
3 2 19 21.5 -2 0 0 653
3 2 20 17.3391 0.634514 1.50608 0.479435 709
3 2 21 18.075 1.05278 1.99963 0.381734 655
3 2 22 16.6245 0.710865 1.61297 0.411272 598
3 2 23 16.7954 0.568916 1.70183 0.287728 717
3 2 24 17.4133 0.630627 1.99597 0.337147 779
3 2 25 16.0173 0.708712 2.59217 0.451636 687
3 2 26 17.0581 0.715217 2.62783 0.354087 815
3 2 27 18.206 0.74201 2.82496 0.366307 700
3 2 28 19.5309 0.667092 2.68294 0.436856 626
3 2 29 19.0968 0.70489 1.74211 0.337454 807
3 2 30 16.236 0.836695 2.11931 0.281212 725
3 2 31 18.9851 0.635664 2.25638 0.32933 649
3 2 32 21.5 -2 0 0 667
3 2 33 21.5 -2 0 0 715
3 2 34 17.9706 0.595024 1.66345 0.360782 879
3 2 35 17.2384 0.565014 2.198 0.315433 698
3 2 36 17.5 -2 0 0 674
3 2 37 17.7724 0.547405 1.77859 0.312785 805
3 2 38 18.7246 0.562544 1.9396 0.462164 735
3 2 39 17.1227 0.498403 1.67181 0.632811 838
3 2 40 17.6485 1.60883 5.65321 0.479056 754
3 2 41 16.9585 0.735151 1.18565 0.537165 647
3 2 42 18.771 0.693106 1.98619 0.328929 761
3 2 43 18.4053 0.638542 1.75499 0.413765 878
3 2 44 16.3937 0.579593 1.67032 0.370206 668
3 2 45 15.9918 0.602618 1.37617 0.461899 691
3 2 46 18.1297 0.914173 2.72301 0.262255 993
3 2 47 16.087 0.564328 2.15623 0.386053 783
3 2 48 18.3225 0.585119 2.21311 0.310919 793
3 2 49 17.5 -2 0 0 901
3 2 50 16.9091 0.677201 1.38935 0.441085 736
3 2 51 17.5518 0.535879 2.32483 0.406304 1159
3 2 52 16.0012 0.536257 2.2265 0.32342 935
3 2 53 14.9475 0.809088 1.54473 0.318116 812
3 2 54 15.966 0.543058 1.51255 0.433714 737
3 2 55 16.4192 0.599711 1.49593 0.294097 925
3 2 56 21.5 -2 0 0 941
3 2 57 17.8316 0.563431 1.9765 0.439134 1026
3 2 58 15.7721 0.786684 1.89954 0.377867 816
3 2 59 15.9767 0.515391 1.5811 0.312306 1000
3 2 60 17.5 -2 0 0 816
3 2 61 17.9874 0.599787 2.52879 0.26506 1271
3 2 62 14.8651 0.756416 2.32105 0.324925 1096
3 2 63 14.4226 0.615402 1.6932 0.383471 809
3 3 0 18.8852 0.541417 2.23412 0.427305 1115
3 3 1 19.7189 0.611034 1.60645 0.539967 1415
3 3 2 18.9428 0.498152 2.37002 0.308563 1368
3 3 3 17.5 -2 0 0 1775
3 3 4 17.3361 0.65276 2.28871 0.26553 1146
3 3 5 17.6534 0.618478 1.91851 0.36603 1239
3 3 6 17.394 0.612136 2.56369 0.355765 1431
3 3 7 19.8128 0.585333 2.40421 0.305079 2213
3 3 8 18.4855 0.470654 2.11572 0.358085 1135
3 3 9 17.6201 0.569842 2.436 0.291255 1724
3 3 10 19.8373 0.58961 2.01104 0.360582 2325
3 3 11 18.9635 0.661287 2.1286 0.442746 1112
3 3 12 18.0046 0.437656 2.02167 0.314847 1310
3 3 13 19.7388 0.606571 1.92295 0.298787 1736
3 3 14 18.3609 0.687597 2.46315 0.405538 1110
3 3 15 18.8213 0.518072 1.84936 0.458322 1393
3 3 16 20.1511 0.473208 2.40404 0.350082 2677
3 3 17 18.8542 0.560055 2.75421 0.398832 996
3 3 18 17.6227 0.886888 2.61102 0.220758 1232
3 3 19 18.6329 0.655354 2.54216 0.26243 1731
3 3 20 18.5545 0.504903 2.15143 0.388451 957
3 3 21 25.5 -2 0 0 1908
3 3 22 18.4401 0.663465 1.76011 0.398768 1590
3 3 23 19.4357 0.606509 1.96937 0.408033 1139
3 3 24 18.3631 0.739966 2.53259 0.218294 1067
3 3 25 19.0401 0.4875 2.38697 0.314632 1474
3 3 26 18.9377 0.495879 2.12096 0.498338 953
3 3 27 21.5 -2 0 0 1274
3 3 28 17.7458 0.878609 2.74143 0.279362 1220
3 3 29 19.0002 0.628303 2.15138 0.337586 1129
3 3 30 18.1422 0.681786 1.79717 0.487298 1145
3 3 31 20.5085 0.754135 2.1551 0.374648 1572
3 3 32 18.3304 0.729233 2.0963 0.384024 1197
3 3 33 19.449 0.763142 2.00288 0.235179 1270
3 3 34 18.7357 0.814929 2.00753 0.465028 824
3 3 35 18.0537 0.86746 2.77013 0.274541 1189
3 3 36 20.3514 0.455233 1.86633 0.411046 1103
3 3 37 21.5 -2 0 0 925
3 3 38 20.336 0.649581 2.45256 0.409708 1246
3 3 39 17.455 0.543032 2.12909 0.408583 741
3 3 40 17.7585 0.537541 2.06955 0.237044 1053
3 3 41 21.5 -2 0 0 1069
3 3 42 18.6465 0.688494 1.49246 0.43764 818
3 3 43 19.2185 0.604126 2.6368 0.290711 755
3 3 44 19.5616 0.473534 2.08779 0.377603 1099
3 3 45 18.647 0.521862 2.20206 0.220401 981
3 3 46 17.4273 0.611129 1.94997 0.514959 820
3 3 47 17.754 0.537455 2.49209 0.350909 1037
3 3 48 20.3051 1.95572 4.72181 0.495914 903
3 3 49 19.6902 0.77321 2.46974 0.451998 905
3 3 50 18.5288 0.486103 1.81235 0.428821 881
3 3 51 21.5 -2 0 0 674
3 3 52 19.2905 0.621944 1.90931 0.35125 846
3 3 53 18.0005 0.531211 2.3741 0.472977 910
3 3 54 18.8481 0.471944 1.71888 0.441002 1017
3 3 55 19.441 0.737276 2.36952 0.518028 820
3 3 56 21.5 -2 0 0 706
3 3 57 18.8527 0.735222 2.3156 0.288034 826
3 3 58 19.114 0.538393 2.39712 0.289664 934
3 3 59 18.4057 0.496752 2.32835 0.340292 823
3 3 60 18.2364 0.661045 2.92459 0.230424 946
3 3 61 17.1302 0.453275 2.1103 0.321161 701
3 3 62 18.3182 0.49374 1.95303 0.633184 789
3 3 63 17.43 0.825444 2.57267 0.422438 732
3 4 0 17.3642 0.740931 2.87172 0.251071 1450
3 4 1 21.5 -2 0 0 1149
3 4 2 18.2428 0.60668 2.53667 0.313685 999
3 4 3 16.2155 0.567722 1.6175 0.45424 689
3 4 4 18.7849 0.616434 1.81782 0.299518 934
3 4 5 18.675 0.646079 2.10609 0.388061 901
3 4 6 16.3513 0.630774 1.62049 0.49911 773
3 4 7 15.815 0.886518 2.17618 0.269355 670
3 4 8 21.5 -2 0 0 1026
3 4 9 18.0835 0.710506 2.63853 0.300737 874
3 4 10 18.2997 0.682563 1.79958 0.339825 837
3 4 11 17.2884 0.592887 2.0991 0.39876 1048
3 4 12 16.8039 0.497176 2.16229 0.232735 830
3 4 13 18.5589 0.585708 1.56577 0.375314 756
3 4 14 17.2472 0.616894 1.9175 0.331404 1254
3 4 15 16.694 0.506377 1.43814 0.40271 715
3 4 16 16.0011 0.480568 2.28589 0.348878 714
3 4 17 16.0217 0.54897 1.62645 0.500348 1071
3 4 18 18.3817 0.527019 2.55255 0.432278 849
3 4 19 18.425 0.431631 1.77922 0.467537 825
3 4 20 16.0977 0.635038 2.15476 0.383657 876
3 4 21 15.7449 0.757638 2.8116 0.2945 756
3 4 22 18.5431 0.657632 1.60971 0.498215 812
3 4 23 18.0308 0.548934 1.98377 0.325147 1130
3 4 24 17.7537 0.67014 2.3541 0.325815 1159
3 4 25 17.9759 0.519943 2.25631 0.364261 819
3 4 26 18.4149 0.645293 2.34693 0.236818 1435
3 4 27 17.5 -2 0 0 809
3 4 28 16.32 0.436136 1.85357 0.53575 736
3 4 29 21.5 -2 0 0 1210
3 4 30 16.7836 0.578314 1.80186 0.38722 758
3 4 31 16.2518 0.375085 1.5547 0.481105 728
3 4 32 15.9624 0.978649 2.85665 0.40189 786
3 4 33 18.1181 0.631564 2.07014 0.324652 841
3 4 34 15.8965 0.795829 2.29178 0.298686 1458
3 4 35 16.357 0.56333 1.97741 0.381217 772
3 4 36 18.0617 0.536746 1.58909 0.283382 916
3 4 37 18.4651 0.657611 1.43402 0.460355 1057
3 4 38 17.1924 0.650545 2.46057 0.334782 848
3 4 39 21.5 -2 0 0 917
3 4 40 21.5 -2 0 0 875
3 4 41 16.5453 0.691994 1.26842 0.549518 739
3 4 42 17.4294 0.546692 2.29265 0.301063 959
3 4 43 18.5925 0.732994 1.27581 0.519547 1203
3 4 44 18.2797 0.704057 1.58542 0.515687 848
3 4 45 16.2375 1.27642 1.70602 0.431645 767
3 4 46 16.4115 0.852609 2.5153 0.314714 1558
3 4 47 16.6835 0.59924 2.21809 0.456188 844
3 4 48 21.5 -2 0 0 848
3 4 49 18.3877 0.598737 1.58812 0.344831 1141
3 4 50 18.487 0.61439 2.01757 0.34743 867
3 4 51 18.1851 0.745915 1.85855 0.463791 1255
3 4 52 16.6242 0.558846 2.57027 0.234345 1183
3 4 53 14.7325 0.817569 2.03254 0.323021 801
3 4 54 16.3727 0.711449 1.2121 0.483258 794
3 4 55 15.9836 0.480528 1.85219 0.301341 1247
3 4 56 17.6287 0.494678 1.87039 0.335592 1016
3 4 57 17.277 0.712008 1.85254 0.397811 1274
3 4 58 16.0503 1.03706 2.40968 0.224468 986
3 4 59 15.8133 0.486849 2.06087 0.317778 1358
3 4 60 14.7096 0.552084 2.01889 0.37111 848
3 4 61 17.6118 0.485012 2.03177 0.35881 1578
3 4 62 15.7599 0.520525 2.11801 0.307423 1434
3 4 63 15.1801 0.541348 2.06562 0.22967 1045
3 5 0 18.9639 0.477918 2.36266 0.485708 1739
3 5 1 17.2961 0.485526 2.28106 0.332188 1787
3 5 2 17.5695 0.627405 3.17347 0.258196 2089
3 5 3 17.9613 0.395653 1.85635 0.38372 2716
3 5 4 18.9927 0.621389 1.84831 0.361822 2243
3 5 5 16.9758 0.441025 1.9487 0.266156 2258
3 5 6 18.4273 0.722954 2.64989 0.397244 2404
3 5 7 16.8053 0.729458 2.37694 0.302167 3485
3 5 8 19.5555 0.502272 2.15438 0.379046 2040
3 5 9 18.9455 0.415736 2.37808 0.320389 2994
3 5 10 18.828 0.504036 1.84921 0.446842 3353
3 5 11 16.9006 0.474285 2.19951 0.276916 1901
3 5 12 21.5 -2 0 0 2370
3 5 13 17.668 0.471026 1.88694 0.408174 2936
3 5 14 17.0158 0.459051 2.15984 0.366656 1587
3 5 15 17.6175 0.519639 1.76016 0.319031 2605
3 5 16 19.7768 0.509403 2.21628 0.502079 4034
3 5 17 17.9456 0.469734 1.9131 0.32677 1682
3 5 18 17.7621 0.447167 1.79594 0.369972 2290
3 5 19 18.6939 0.815701 2.24184 0.370403 4200
3 5 20 19.3427 0.501636 1.58907 0.418445 2197
3 5 21 19.2093 0.567656 2.27418 0.376537 2650
3 5 22 19.3658 0.726272 1.81523 0.503902 3296
3 5 23 21.5 -2 0 0 1833
3 5 24 19.2721 0.748734 1.61627 0.528993 1839
3 5 25 17.6695 0.415968 2.26888 0.432744 3349
3 5 26 18.1315 0.432142 1.98068 0.427228 1630
3 5 27 19.742 0.436465 1.9754 0.388238 2805
3 5 28 17.5218 0.488981 1.58502 0.312753 2816
3 5 29 19.5072 0.466548 1.75603 0.380404 1788
3 5 30 21.5 -2 0 0 2352
3 5 31 19.6576 0.436351 2.10854 0.359727 3446
3 5 32 17.6142 0.431578 1.83275 0.355705 2696
3 5 33 25.5 -2 0 0 2474
3 5 34 19.5333 0.421207 1.99965 0.401001 1651
3 5 35 19.0353 0.388525 2.13579 0.412065 3262
3 5 36 19.3761 0.425509 1.94068 0.435869 2374
3 5 37 17.1912 0.521001 1.91095 0.435181 1778
3 5 38 18.6801 0.617641 2.44663 0.364128 3101
3 5 39 18.988 0.523148 1.89936 0.521569 2157
3 5 40 18.7078 0.512633 2.08864 0.287702 2132
3 5 41 17.5661 0.44609 2.30098 0.337327 2537
3 5 42 19.3124 0.462233 1.60788 0.438707 2013
3 5 43 18.6385 0.69962 1.66526 0.622225 1686
3 5 44 19.0441 0.490393 1.83655 0.406335 2528
3 5 45 21.5 -2 0 0 2141
3 5 46 19.0872 0.593091 1.87886 0.468551 1566
3 5 47 19.7887 0.459611 2.7038 0.356954 3070
3 5 48 18.2764 0.54919 2.04776 0.379169 2144
3 5 49 16.6016 0.424147 1.87435 0.319311 1703
3 5 50 18.7162 0.508188 1.8774 0.374859 2395
3 5 51 19.614 0.461421 2.45937 0.348794 1563
3 5 52 16.8892 0.456606 1.85788 0.409063 1504
3 5 53 16.4847 0.604174 1.76864 0.660249 2256
3 5 54 15.7116 0.74204 1.9636 0.401531 1952
3 5 55 21.5 -2 0 0 1420
3 5 56 18.1637 0.561527 2.01919 0.416991 1896
3 5 57 18.5152 0.809471 1.8715 0.529114 1815
3 5 58 16.9251 0.457463 1.45146 0.544458 1624
3 5 59 16.833 0.428248 1.9651 0.425066 1334
3 5 60 17.0356 0.510872 2.01794 0.364681 2014
3 5 61 17.9931 0.461072 2.35107 0.352933 1526
3 5 62 18.1706 0.438794 2.27684 0.358456 1464
3 5 63 15.3393 1.18791 1.96664 0.430502 1553
3 6 0 18.2561 0.733483 2.27149 0.331707 1608
3 6 1 16.953 0.919136 2.55328 0.326837 1274
3 6 2 19.1355 0.557358 2.43045 0.402597 1106
3 6 3 17.5079 0.577142 1.72623 0.446363 807
3 6 4 19.2147 0.554457 2.09441 0.386952 932
3 6 5 17.3958 0.558219 2.15455 0.494987 887
3 6 6 19.2122 0.638282 2.09605 0.371622 976
3 6 7 19.7258 0.880555 1.74004 0.325751 811
3 6 8 18.3103 0.484856 1.81684 0.329111 1126
3 6 9 17.5024 0.588207 2.38758 0.340323 817
3 6 10 21.5 -2 0 0 819
3 6 11 16.3717 0.646127 2.73119 0.272495 1022
3 6 12 19.4349 0.939491 1.51323 0.475784 903
3 6 13 17.8392 0.502118 1.35535 0.456041 711
3 6 14 20.7467 0.709745 2.25233 0.307104 1521
3 6 15 21.5 -2 0 0 777
3 6 16 19.456 0.573857 2.46322 0.263287 902
3 6 17 19.2994 0.65579 1.78078 0.417601 1229
3 6 18 21.5 -2 0 0 823
3 6 19 18.4281 0.663265 2.09298 0.523151 835
3 6 20 17.5 -2 0 0 838
3 6 21 21.5 -2 0 0 918
3 6 22 19.8303 0.6007 2.25955 0.300279 812
3 6 23 20.2398 0.539425 2.01186 0.379418 931
3 6 24 18.6315 0.51443 1.87978 0.412336 1184
3 6 25 19.4282 0.798261 2.73251 0.292865 826
3 6 26 18.3836 0.52536 2.10063 0.359245 1280
3 6 27 18.1248 1.17924 2.09052 0.538942 767
3 6 28 21.5 -2 0 0 753
3 6 29 17.8736 0.976015 1.63378 0.513403 1116
3 6 30 21.5 -2 0 0 855
3 6 31 19.0351 0.771333 1.79958 0.389871 788
3 6 32 17.4995 0.670471 2.42622 0.259477 690
3 6 33 17.3358 0.640226 1.62365 0.488938 738
3 6 34 21.5 -2 0 0 1286
3 6 35 17.4529 0.517042 2.15202 0.282657 632
3 6 36 17.8458 0.577595 1.98247 0.323514 763
3 6 37 17.8453 0.691143 1.2023 0.477206 823
3 6 38 19.8705 0.653615 1.62074 0.546712 744
3 6 39 21.5 -2 0 0 754
3 6 40 21.5 -2 0 0 789
3 6 41 16.1145 0.675316 1.72363 0.439401 638
3 6 42 18.92 0.618194 2.02471 0.454106 830
3 6 43 19.5846 0.613644 1.9998 0.421161 1017
3 6 44 19.876 0.615682 1.67397 0.459604 706
3 6 45 20.3773 0.708579 1.65174 0.278175 763
3 6 46 19.9461 0.604106 1.6275 0.466575 1213
3 6 47 18.8748 0.523685 2.20065 0.508371 683
3 6 48 20.3621 0.544025 1.59711 0.404195 837
3 6 49 25.5 -2 0 0 889
3 6 50 16.7903 0.628621 1.54832 0.481241 687
3 6 51 21.5 -2 0 0 971
3 6 52 16.8288 0.54585 1.8512 0.393438 856
3 6 53 16.8137 0.800447 1.97354 0.299528 621
3 6 54 17.2577 0.80959 1.55364 0.419521 660
3 6 55 18.1033 0.825181 2.10809 0.348221 956
3 6 56 16.4715 0.568574 2.29124 0.357901 793
3 6 57 17.0574 0.560607 2.28982 0.368848 803
3 6 58 16.3156 0.965804 4.23818 0.538199 769
3 6 59 18.6364 0.59593 2.00336 0.369973 1152
3 6 60 18.1501 0.806794 2.31087 0.366031 751
3 6 61 18.0847 0.580749 2.83183 0.309852 1014
3 6 62 16.7949 0.575728 1.88375 0.359996 960
3 6 63 15.7029 0.485591 1.82314 0.299839 821
3 7 0 17.1988 0.666911 1.99188 0.520794 924
3 7 1 19.03 0.503222 2.10411 0.415859 1220
3 7 2 16.8763 0.485145 1.62012 0.513548 1019
3 7 3 18.9858 0.432774 2.09607 0.260246 1832
3 7 4 16.436 0.435629 1.82281 0.392121 1310
3 7 5 16.1154 0.861237 2.46451 0.310764 1185
3 7 6 18.3174 0.699409 2.48006 0.325015 1427
3 7 7 17.2405 0.473444 1.96095 0.44152 1902
3 7 8 16.8234 0.409464 1.5182 0.564469 1139
3 7 9 16.8894 0.483356 2.11388 0.325207 1417
3 7 10 17.7334 0.483579 2.37461 0.277901 1542
3 7 11 16.8423 0.475028 2.38571 0.291391 1151
3 7 12 17.0104 0.429365 2.2584 0.353114 1355
3 7 13 17.301 0.427572 2.00491 0.299607 1684
3 7 14 16.2535 0.707025 2.03799 0.427836 1047
3 7 15 17.4258 0.852712 2.23202 0.391632 1498
3 7 16 18.5609 0.562241 2.53611 0.286392 2289
3 7 17 16.7635 0.838796 1.9855 0.433777 987
3 7 18 16.9499 0.665118 1.86585 0.274219 1430
3 7 19 19.231 0.490169 2.12556 0.39737 2585
3 7 20 18.9152 0.451001 1.93538 0.407601 1776
3 7 21 19.2313 0.442953 2.12317 0.331948 1567
3 7 22 17.2881 0.458602 1.61388 0.407145 1674
3 7 23 17.6189 0.493313 2.03321 0.405083 1389
3 7 24 19.1358 0.470498 2.00852 0.429905 1215
3 7 25 21.5 -2 0 0 2334
3 7 26 18.3731 0.663251 1.94655 0.420774 1260
3 7 27 21.5 -2 0 0 1976
3 7 28 17.5058 0.454155 1.97844 0.312442 2236
3 7 29 21.5 -2 0 0 1186
3 7 30 18.1098 0.492084 1.79287 0.346392 1564
3 7 31 21.5 -2 0 0 2802
3 7 32 16.9917 0.652796 1.69012 0.392184 2145
3 7 33 17.371 0.504971 1.69906 0.50659 1942
3 7 34 18.7684 1.03471 1.72714 0.499339 1375
3 7 35 17.2316 0.433252 2.10618 0.331971 2905
3 7 36 17.3476 0.486962 1.97933 0.302677 1815
3 7 37 21.5 -2 0 0 1510
3 7 38 21.5 -2 0 0 3082
3 7 39 18.4163 0.672297 2.05937 0.456173 2544
3 7 40 21.5 -2 0 0 1536
3 7 41 21.5 -2 0 0 2462
3 7 42 19.0843 0.564017 1.71971 0.339612 1929
3 7 43 17.9262 0.472262 1.92952 0.345888 1236
3 7 44 17.4953 0.443538 1.76042 0.383926 2649
3 7 45 17.0763 0.494719 1.77799 0.416633 2252
3 7 46 16.7255 0.396782 1.94422 0.43919 1204
3 7 47 17.2823 0.555859 2.05789 0.367457 3643
3 7 48 15.9287 0.700753 2.29043 0.43223 1997
3 7 49 15.6148 0.876853 2.47454 0.31374 1510
3 7 50 16.9484 0.604451 1.97735 0.207729 2275
3 7 51 18.5417 0.530469 2.20431 0.393835 1911
3 7 52 16.6583 0.524487 2.00623 0.364054 1478
3 7 53 18.9319 0.435059 2.15408 0.400458 3188
3 7 54 16.7748 0.413153 1.93391 0.203261 2092
3 7 55 17.242 0.591849 2.68561 0.359862 1437
3 7 56 16.8899 0.445476 2.0496 0.354271 2066
3 7 57 17.6768 0.63849 2.47463 0.413075 1942
3 7 58 16.4436 0.42694 1.81679 0.367032 1844
3 7 59 18.0554 0.432025 2.17393 0.391136 1590
3 7 60 18.006 0.39355 1.96354 0.336784 2872
3 7 61 16.6049 0.439553 1.90268 0.566943 1550
3 7 62 21.5 -2 0 0 1454
3 7 63 21.5 -2 0 0 2055
3 8 0 16.1787 0.525492 2.27229 0.401495 767
3 8 1 15.7763 0.73989 1.68695 0.369827 756
3 8 2 17.5 -2 0 0 718
3 8 3 16.2408 0.600342 1.28352 0.457574 664
3 8 4 16.8829 0.824405 1.40903 0.590019 710
3 8 5 18.1366 1.07139 2.06379 0.444893 781
3 8 6 16.0559 0.619657 2.35055 0.387116 686
3 8 7 15.0669 0.510165 2.03927 0.309426 671
3 8 8 21.5 -2 0 0 736
3 8 9 18.1835 0.682777 2.07714 0.294878 764
3 8 10 21.5 -2 0 0 693
3 8 11 17.0024 0.65289 1.90162 0.322432 746
3 8 12 16.8661 0.535125 1.76987 0.296322 717
3 8 13 17.6873 0.616382 1.74869 0.357464 699
3 8 14 16.272 0.707376 1.68762 0.366978 819
3 8 15 16.4589 0.500246 1.64467 0.420554 728
3 8 16 16.92 0.589236 1.69554 0.364558 728
3 8 17 16.5445 0.566766 1.76037 0.394148 766
3 8 18 16.3789 0.444411 1.57601 0.513684 656
3 8 19 16.7257 0.613401 2.04556 0.349531 762
3 8 20 17.0897 0.643514 1.9113 0.368971 795
3 8 21 16.4723 1.26805 2.21906 0.262046 701
3 8 22 16.5716 0.636704 1.41651 0.465374 640
3 8 23 16.7515 0.619269 1.64609 0.34368 803
3 8 24 17.7031 0.659437 1.53276 0.410596 741
3 8 25 21.5 -2 0 0 795
3 8 26 18.1356 0.566608 1.63731 0.390632 864
3 8 27 17.5 -2 0 0 746
3 8 28 16.5801 0.973803 1.72082 0.328119 775
3 8 29 16.8829 0.484525 1.6821 0.458628 796
3 8 30 21.5 -2 0 0 750
3 8 31 17.1671 0.63313 1.94641 0.253202 847
3 8 32 16.8334 0.686231 2.38568 0.376546 758
3 8 33 16.8486 0.65912 1.42386 0.521922 745
3 8 34 21.5 -2 0 0 874
3 8 35 21.5 -2 0 0 857
3 8 36 21.5 -2 0 0 776
3 8 37 17.0711 0.614207 1.62036 0.441084 840
3 8 38 19.4203 1.29305 3.179 0.39757 1030
3 8 39 16.7409 0.464026 1.72758 0.360236 1117
3 8 40 17.7068 0.580198 1.8845 0.333223 770
3 8 41 19.0659 0.657475 1.7111 0.344258 881
3 8 42 17.5166 0.501699 1.79362 0.282705 912
3 8 43 17.8167 0.714561 1.93781 0.260723 905
3 8 44 17.5 -2 0 0 793
3 8 45 16.26 0.467148 1.43221 0.487807 821
3 8 46 16.0102 0.63509 1.88114 0.362566 879
3 8 47 21.5 -2 0 0 1165
3 8 48 21.5 -2 0 0 930
3 8 49 18.2575 0.550213 2.10553 0.398173 923
3 8 50 16.856 0.642489 1.26401 0.431958 913
3 8 51 17.0033 0.541301 2.22588 0.332826 1140
3 8 52 16.8624 0.685917 1.93962 0.336041 928
3 8 53 16.1135 0.552386 2.10849 0.30049 1045
3 8 54 17.2538 0.520234 2.11549 0.388609 1027
3 8 55 18.0372 0.718587 1.99187 0.361471 1086
3 8 56 17.705 0.52504 2.17961 0.362948 1223
3 8 57 16.276 0.472511 2.07768 0.274468 1101
3 8 58 16.9665 0.923178 2.90214 0.402143 930
3 8 59 15.6668 0.687503 2.1364 0.47591 998
3 8 60 16.0258 0.536504 2.08469 0.389617 1056
3 8 61 15.9967 0.627434 2.06454 0.392446 1234
3 8 62 16.0897 0.854685 3.02093 0.499025 1106
3 8 63 15.8015 0.717954 1.95745 0.346064 1000
3 9 0 19.2 0.582974 2.53466 0.411891 1117
3 9 1 21.5 -2 0 0 989
3 9 2 19.1691 0.557224 2.20512 0.322565 1138
3 9 3 17.5 -2 0 0 879
3 9 4 18.7834 0.658037 2.19905 0.337733 736
3 9 5 17.9239 0.59402 2.17358 0.393611 868
3 9 6 17.9633 0.676019 1.96354 0.404649 1015
3 9 7 17.9242 0.632329 2.08856 0.431088 799
3 9 8 19.1833 0.653743 1.99097 0.349804 1083
3 9 9 18.291 0.829012 2.15962 0.237865 1105
3 9 10 18.2492 0.542934 2.10907 0.261685 953
3 9 11 19.0949 0.510338 1.67653 0.505828 896
3 9 12 18.7082 0.674994 1.90927 0.381569 851
3 9 13 18.7731 0.631158 1.70801 0.467779 872
3 9 14 18.181 0.515078 2.01734 0.56017 957
3 9 15 21.5 -2 0 0 768
3 9 16 18.0095 0.532034 1.96449 0.387855 902
3 9 17 17.423 0.590328 1.64994 0.423029 874
3 9 18 19.7823 0.739206 2.91946 0.352936 874
3 9 19 19.0586 0.507909 2.09699 0.374476 870
3 9 20 18.288 0.532756 1.74555 0.443988 705
3 9 21 17.78 0.608223 2.48478 0.337703 1049
3 9 22 18.27 0.6182 1.78701 0.261284 827
3 9 23 17.576 0.685003 1.69577 0.37533 711
3 9 24 19.2468 0.534547 1.80471 0.282959 1068
3 9 25 21.5 -2 0 0 676
3 9 26 18.1842 0.563141 1.95016 0.358725 928
3 9 27 17.931 0.615666 2.16159 0.232523 716
3 9 28 17.7919 0.557887 1.74983 0.332889 699
3 9 29 17.6645 0.506131 2.04421 0.339404 787
3 9 30 17.5183 0.542798 1.52346 0.323485 691
3 9 31 17.1604 0.789835 1.9439 0.338783 703
3 9 32 17.9656 0.645666 1.88228 0.519908 637
3 9 33 21.5 -2 0 0 664
3 9 34 17.8599 0.520199 1.85716 0.379927 868
3 9 35 19.1045 0.68971 2.15661 0.349047 720
3 9 36 17.9573 0.523358 2.04946 0.398529 671
3 9 37 18.8279 0.563065 2.38551 0.288333 568
3 9 38 17.7775 0.502827 1.85994 0.287007 562
3 9 39 17.5808 0.702985 2.3741 0.276868 630
3 9 40 18.341 1.30676 2.48091 0.38586 795
3 9 41 17.3182 0.792618 1.9994 0.424296 548
3 9 42 17.3804 0.577731 2.06174 0.401843 679
3 9 43 19.0822 0.501018 1.54871 0.536319 791
3 9 44 17.5 -2 0 0 592
3 9 45 18.6529 0.466979 1.74316 0.349306 723
3 9 46 17.5654 0.4806 1.52931 0.510888 794
3 9 47 17.3213 0.548651 2.07129 0.365977 620
3 9 48 21.5 -2 0 0 651
3 9 49 21.5 -2 0 0 690
3 9 50 18.0528 0.529457 2.17664 0.3245 616
3 9 51 19.0224 1.40881 4.38072 0.520848 711
3 9 52 21.5 -2 0 0 694
3 9 53 18.1835 0.762865 2.65166 0.375696 730
3 9 54 21.5 -2 0 0 573
3 9 55 17.87 0.556541 2.14124 0.259365 736
3 9 56 17.4631 0.593814 2.32565 0.425537 592
3 9 57 17.1242 0.558875 2.39206 0.34994 629
3 9 58 17.0474 0.559965 1.77485 0.298526 662
3 9 59 16.8861 0.533336 1.63125 0.434241 712
3 9 60 17.281 0.598243 2.19619 0.343491 709
3 9 61 16.2738 0.600243 2.5035 0.335079 604
3 9 62 16.8331 0.717028 3.01539 0.249022 685
3 9 63 16.8764 0.650445 2.48771 0.309304 595
3 10 0 18.2783 0.50738 2.45304 0.373947 1462
3 10 1 18.3075 0.661257 2.45729 0.286393 1396
3 10 2 16.4466 0.375875 1.99073 0.378834 1311
3 10 3 18.1901 0.591954 2.16674 0.306335 1365
3 10 4 16.8785 0.411489 1.63383 0.457484 1290
3 10 5 14.9502 0.704839 2.50315 0.452589 1301
3 10 6 17.1645 0.487045 2.29207 0.27145 1200
3 10 7 17.5103 0.516443 2.82156 0.228649 1286
3 10 8 17.7131 0.446377 1.77779 0.524679 1228
3 10 9 16.8593 0.444028 1.9682 0.31041 1075
3 10 10 16.4596 0.579345 2.22586 0.563401 1033
3 10 11 21.5 -2 0 0 1439
3 10 12 16.5761 0.427302 1.82977 0.418134 1115
3 10 13 16.8 0.414641 1.71084 0.328954 1243
3 10 14 17.9854 0.43134 2.27728 0.324511 1592
3 10 15 16.5305 0.724894 2.45175 0.262338 1338
3 10 16 16.9694 0.543228 2.18401 0.430912 1086
3 10 17 21.5 -2 0 0 1523
3 10 18 16.5698 0.430294 1.80998 0.341825 1399
3 10 19 18.2446 0.493181 1.9515 0.410103 1533
3 10 20 17.9277 0.54612 2.01043 0.323676 1755
3 10 21 16.8694 0.41528 2.05204 0.41902 1097
3 10 22 21.5 -2 0 0 1083
3 10 23 16.8289 0.512306 2.1108 0.25738 1708
3 10 24 16.9019 0.746255 2.06907 0.289889 1325
3 10 25 17.0522 0.393401 2.02026 0.388598 1347
3 10 26 21.5 -2 0 0 1584
3 10 27 16.8754 0.493433 1.78111 0.450277 1376
3 10 28 17.5061 0.478592 2.26084 0.269782 1310
3 10 29 21.5 -2 0 0 1743
3 10 30 17.5011 0.664944 2.11015 0.213163 1411
3 10 31 18.1387 0.562294 2.53107 0.623794 1847
3 10 32 18.5705 0.584534 1.76929 0.365475 1731
3 10 33 17.2405 0.399542 1.8869 0.299875 1490
3 10 34 19.4036 0.551513 1.91165 0.355279 1968
3 10 35 18.5261 0.610668 1.95579 0.340041 2156
3 10 36 18.3305 0.688865 2.0234 0.350429 1904
3 10 37 21.5 -2 0 0 2099
3 10 38 17.5661 0.483576 2.36039 0.307428 1992
3 10 39 18.1516 0.537699 2.21597 0.370682 3154
3 10 40 17.3727 0.377745 1.718 0.380007 1752
3 10 41 21.5 -2 0 0 1562
3 10 42 18.5086 0.582235 2.4134 0.369258 2280
3 10 43 17.6078 0.483435 1.95048 0.270515 1886
3 10 44 16.4276 0.551563 1.8552 0.351889 1910
3 10 45 21.5 -2 0 0 2121
3 10 46 16.9448 0.503403 2.03808 0.337071 2032
3 10 47 17.0737 0.460957 2.14967 0.364873 2487
3 10 48 15.6487 0.849363 2.58648 0.404006 1762
3 10 49 21.5 -2 0 0 2346
3 10 50 21.5 -2 0 0 2394
3 10 51 16.6476 0.425209 1.89917 0.423232 3086
3 10 52 17.0445 0.456773 2.03719 0.319335 2164
3 10 53 16.7393 0.439687 2.32472 0.320732 2357
3 10 54 16.6854 0.475445 1.87108 0.283152 2000
3 10 55 21.5 -2 0 0 2525
3 10 56 16.9315 0.449861 2.09441 0.389451 2814
3 10 57 16.3364 0.737273 2.70967 0.273375 2906
3 10 58 16.6069 0.479548 2.12157 0.323879 2285
3 10 59 16.466 0.51464 2.31127 0.398704 2420
3 10 60 17.7456 0.491769 2.12589 0.299767 2884
3 10 61 21.5 -2 0 0 3256
3 10 62 17.2399 0.375491 2.1985 0.345786 3004
3 10 63 16.7301 0.544813 2.16634 0.286229 2270
3 11 0 18.4656 0.525282 2.47993 0.327698 3156
3 11 1 25.5 -2 0 0 3530
3 11 2 17.7335 0.44716 2.16429 0.45466 2979
3 11 3 18.3774 0.707011 2.26801 0.314295 1880
3 11 4 21.5 -2 0 0 1999
3 11 5 17.8156 1.11161 2.05552 0.444667 2142
3 11 6 18.3564 0.469905 2.38187 0.310407 2842
3 11 7 18.0151 0.656931 2.93636 0.417183 1789
3 11 8 21.5 -2 0 0 2342
3 11 9 18.1975 0.509354 2.56737 0.312289 2515
3 11 10 18.2205 0.447691 2.34875 0.29778 2289
3 11 11 18.3402 0.611344 1.64761 0.556224 2027
3 11 12 18.5605 0.54365 2.05228 0.232349 2241
3 11 13 19.5235 0.562273 1.87678 0.33687 1874
3 11 14 18.7974 0.66829 2.44503 0.273663 2422
3 11 15 18.3884 0.632583 1.67349 0.43195 1724
3 11 16 18.3478 0.478885 2.23025 0.399549 2389
3 11 17 18.6527 0.641199 2.10329 0.379324 2192
3 11 18 18.4233 0.424166 1.93794 0.379234 1848
3 11 19 18.8247 0.760693 2.29588 0.250885 1766
3 11 20 18.5944 0.412681 2.01111 0.423233 1625
3 11 21 19.3101 0.833247 2.75468 0.319534 3215
3 11 22 19.0523 0.600495 2.36765 0.298468 2305
3 11 23 18.4067 1.31431 2.36871 0.381163 2129
3 11 24 18.9218 0.998403 2.42643 0.430599 2362
3 11 25 19.7269 0.42277 1.97956 0.262854 1557
3 11 26 20.1081 0.447567 2.23356 0.3659 2551
3 11 27 18.801 0.490905 1.96318 0.339498 1608
3 11 28 18.1831 0.68179 2.10002 0.333026 1406
3 11 29 18.7211 0.596517 1.84708 0.421725 1867
3 11 30 18.8219 0.53616 1.93253 0.391927 1939
3 11 31 25.5 -2 0 0 1513
3 11 32 18.3159 0.487617 1.8435 0.450372 1274
3 11 33 17.959 0.475971 2.25586 0.351645 1246
3 11 34 20.0367 0.533496 1.75271 0.571505 2336
3 11 35 21.5 -2 0 0 1109
3 11 36 18.5542 0.489813 2.14575 0.372811 1370
3 11 37 18.8803 0.453477 2.18185 0.353753 1553
3 11 38 18.4584 0.504602 2.34434 0.517661 988
3 11 39 21.5 -2 0 0 1140
3 11 40 18.5848 0.415996 2.23932 0.276675 1515
3 11 41 18.2761 0.57266 1.80257 0.322093 1210
3 11 42 18.5114 0.42959 1.98662 0.438487 1346
3 11 43 17.9482 0.596861 2.25852 0.286574 1618
3 11 44 19.1889 0.487139 2.23943 0.437602 1019
3 11 45 18.6355 0.884141 1.92381 0.47263 1342
3 11 46 19.4806 0.474499 2.39286 0.317827 1943
3 11 47 18.0484 0.508694 2.01114 0.455172 936
3 11 48 18.6221 0.423708 2.01244 0.512393 1207
3 11 49 17.8166 0.53367 2.32103 0.321593 1399
3 11 50 19.3916 0.531353 1.89863 0.358266 1325
3 11 51 18.0483 0.997153 2.08134 0.502993 1122
3 11 52 21.5 -2 0 0 1482
3 11 53 17.183 0.606251 2.3629 0.357823 1004
3 11 54 18.3515 0.412376 1.78652 0.556376 1070
3 11 55 18.1331 0.538594 2.34571 0.294785 1336
3 11 56 21.5 -2 0 0 1162
3 11 57 25.5 -2 0 0 1183
3 11 58 17.0014 0.591723 1.78967 0.317297 1140
3 11 59 18.1387 0.467717 2.10173 0.346599 1503
3 11 60 17.5666 0.507498 2.07198 0.370848 976
3 11 61 21.5 -2 0 0 1276
3 11 62 17.5063 0.657696 1.98904 0.340262 1448
3 11 63 21.5 -2 0 0 1228
3 12 0 19.8193 0.346411 2.61594 0.421398 4499
3 12 1 19.1405 0.486495 1.99569 0.890143 3965
3 12 2 18.7458 0.473162 2.49082 0.333594 3932
3 12 3 19.3479 0.384015 2.03327 0.509165 3547
3 12 4 19.0481 0.433788 2.12028 0.463507 4121
3 12 5 19.7646 0.415828 1.79662 0.418946 3854
3 12 6 19.4139 0.435971 2.61924 0.21756 3757
3 12 7 19.1678 0.628719 2.22026 0.453489 3302
3 12 8 18.8764 0.484038 2.10764 0.471823 4103
3 12 9 19.426 0.503415 2.2277 0.385236 3472
3 12 10 25.5 -2 0 0 3287
3 12 11 19.1089 0.3545 1.75995 0.421821 4032
3 12 12 17.0763 0.4769 1.93675 0.30213 3275
3 12 13 21.5 -2 0 0 3243
3 12 14 19.3395 0.370144 2.40272 0.481753 4249
3 12 15 19.4727 0.449006 1.96581 0.504886 3717
3 12 16 18.9197 0.447313 2.623 0.493295 3311
3 12 17 19.8717 0.431912 1.97824 0.378854 4345
3 12 18 19.7186 0.398244 1.90345 0.419138 3927
3 12 19 17.2625 0.528418 2.36845 0.297258 3356
3 12 20 18.0682 0.354457 1.62808 0.548674 4133
3 12 21 19.7107 0.413967 2.35743 0.323667 3511
3 12 22 16.8814 0.625904 1.98671 0.439432 2769
3 12 23 19.7677 0.334528 1.98181 0.45653 4551
3 12 24 19.8635 0.368243 2.048 0.522096 4015
3 12 25 19.9159 0.484166 2.29786 0.496593 3839
3 12 26 19.1169 0.544777 2.70789 0.348678 4930
3 12 27 18.2356 0.418551 1.38541 0.684427 3592
3 12 28 18.2642 0.488834 2.08614 0.564622 3479
3 12 29 19.5669 0.426124 1.98655 0.469051 4593
3 12 30 19.3711 0.44576 2.28314 0.417419 4197
3 12 31 19.3705 0.629088 2.03409 0.701434 3991
3 12 32 18.7625 0.395615 1.86847 0.457801 3575
3 12 33 19.4699 0.384208 2.09589 0.448113 4301
3 12 34 21.5 -2 0 0 4965
3 12 35 20.0823 0.412345 2.04976 0.460371 4118
3 12 36 18.017 0.351681 1.83638 0.469641 4153
3 12 37 18.2365 0.50046 1.69591 0.518396 4713
3 12 38 19.4971 0.467875 2.24803 0.351525 4385
3 12 39 19.2999 0.466305 2.3731 0.412682 4957
3 12 40 18.3571 0.361743 1.66633 0.60377 4477
3 12 41 17.4676 0.426986 1.95986 0.478826 3930
3 12 42 21.5 -2 0 0 4388
3 12 43 19.7259 0.39658 2.23855 0.50655 4887
3 12 44 19.7655 0.375785 2.00491 0.450764 4160
3 12 45 17.314 0.457578 1.84677 0.44502 4187
3 12 46 19.9417 0.43597 2.49111 0.623185 5269
3 12 47 19.0571 0.500431 2.59397 0.354004 4490
3 12 48 17.3328 0.507936 1.92978 0.400327 4295
3 12 49 17.5818 0.478921 1.94288 0.421963 4670
3 12 50 19.6443 0.398038 1.85162 0.556351 4433
3 12 51 21.5 -2 0 0 5153
3 12 52 18.0295 0.383518 1.81187 0.420859 5015
3 12 53 17.0016 0.62477 3.04002 0.506363 4456
3 12 54 19.3662 0.387004 1.74367 0.695856 4832
3 12 55 17.5131 0.376579 2.07485 0.365252 4942
3 12 56 18.6759 0.477754 2.48038 0.409921 5135
3 12 57 19.2415 0.406513 2.59665 0.471901 5492
3 12 58 16.7277 0.469602 2.15583 0.283873 4463
3 12 59 16.9807 0.526648 2.09729 0.583279 5324
3 12 60 17.2291 0.385682 2.06451 0.405611 4685
3 12 61 19.2871 0.406229 3.01086 0.659332 6481
3 12 62 17.5 -2 0 0 5521
3 12 63 18.9296 0.353927 2.11334 0.413614 5177
3 13 0 18.1371 0.542132 3.03077 0.231312 6146
3 13 1 16.3101 0.358106 2.56845 0.341628 4995
3 13 2 18.2206 0.584656 2.05354 0.518105 5208
3 13 3 16.5073 0.401462 1.68813 0.46505 4007
3 13 4 16.9842 0.484827 2.02614 0.481126 4408
3 13 5 18.3966 0.414438 1.79548 0.409603 4796
3 13 6 16.0321 0.456297 2.04392 0.35855 4675
3 13 7 16.794 0.384263 1.9584 0.37062 3665
3 13 8 17.0422 0.394746 1.74031 0.483896 4861
3 13 9 18.6745 0.406257 2.11169 0.479327 4514
3 13 10 18.2674 0.504211 2.09325 0.426792 4011
3 13 11 16.0532 0.524303 2.00138 0.540583 4665
3 13 12 18.8404 0.345636 1.86933 0.487708 4498
3 13 13 16.3576 0.377099 1.7201 0.424811 3486
3 13 14 21.5 -2 0 0 5500
3 13 15 18.682 0.3744 1.93594 0.35837 4152
3 13 16 18.5995 0.461027 2.30366 0.479959 4007
3 13 17 17.7538 0.465768 1.60828 0.549798 5061
3 13 18 18.0944 0.593453 2.48015 0.434713 4315
3 13 19 18.2026 0.535772 2.26476 0.355852 3844
3 13 20 16.7759 0.412286 1.83537 0.416034 4449
3 13 21 18.6714 0.421346 2.07527 0.3944 4736
3 13 22 16.7484 0.45376 1.7286 0.426234 3889
3 13 23 18.4527 0.467599 1.85578 0.454313 4591
3 13 24 21.5 -2 0 0 5005
3 13 25 16.4791 0.462638 1.67106 0.594513 3954
3 13 26 18.2451 0.414381 2.2147 0.425791 5540
3 13 27 16.9087 1.04012 2.39167 0.657641 3971
3 13 28 17.1065 0.362265 1.41451 0.454555 3492
3 13 29 17.2859 0.352509 1.78092 0.369483 4755
3 13 30 16.7758 0.487186 1.74663 0.396788 3940
3 13 31 17.1324 0.458982 1.83008 0.33415 3341
3 13 32 17.525 0.576953 1.49855 0.499528 3305
3 13 33 18.2488 0.56103 1.84534 0.405932 3752
3 13 34 16.9854 0.522302 1.71487 0.484046 5140
3 13 35 17.1062 0.429915 1.70981 0.473054 3218
3 13 36 18.0283 0.438938 2.10317 0.468088 3914
3 13 37 17.5567 0.455328 1.68743 0.419393 4250
3 13 38 17.0165 0.371298 2.05201 0.36423 2871
3 13 39 18.8156 0.399297 1.93084 0.61698 3548
3 13 40 19.2282 0.492305 1.92975 0.450391 4276
3 13 41 16.7343 0.420627 1.70381 0.368247 3124
3 13 42 18.0205 0.434074 1.85423 0.341985 3928
3 13 43 18.1034 0.531879 2.19987 0.359042 4624
3 13 44 18.7355 0.39646 1.88039 0.312296 3011
3 13 45 18.042 0.47349 1.73731 0.48156 3513
3 13 46 17.1072 0.376878 1.83254 0.57235 4760
3 13 47 19.4638 0.381191 2.47193 0.448309 2986
3 13 48 18.4114 0.560556 1.70768 0.607277 3772
3 13 49 18.0659 0.457927 1.92404 0.471638 4085
3 13 50 16.7938 0.428933 1.59653 0.450245 3263
3 13 51 15.7142 0.546861 2.0568 0.461327 3797
3 13 52 16.7127 0.463986 1.87633 0.501551 4037
3 13 53 18.4753 0.387174 1.83622 0.475829 2992
3 13 54 21.5 -2 0 0 3336
3 13 55 15.9782 0.330754 1.40963 0.556073 3702
3 13 56 16.41 0.488257 1.79432 0.370191 3520
3 13 57 18.2819 0.338078 2.03069 0.43745 3839
3 13 58 16.0039 0.37125 1.76374 0.329636 3435
3 13 59 21.5 -2 0 0 4609
3 13 60 16.1261 0.481895 1.59794 0.670141 3166
3 13 61 15.5872 0.413326 2.33897 0.461652 4085
3 13 62 15.777 0.335054 1.94054 0.373642 4129
3 13 63 15.5939 0.374976 1.87373 0.370269 3720
3 14 0 19.4617 0.462598 3.11407 0.345198 4920
3 14 1 18.7358 0.546072 2.60107 0.297418 5394
3 14 2 21.5 -2 0 0 3839
3 14 3 18.2652 0.543303 2.15456 0.353429 3891
3 14 4 17.339 0.939881 2.54104 0.35707 2709
3 14 5 17.5171 0.444565 1.99316 0.380959 3414
3 14 6 19.2459 0.360481 2.51534 0.387429 4708
3 14 7 21.5 -2 0 0 2486
3 14 8 17.5 -2 0 0 3453
3 14 9 18.7775 0.392228 2.0713 0.539891 4362
3 14 10 21.5 -2 0 0 2739
3 14 11 18.7856 0.548828 1.84219 0.404231 4405
3 14 12 18.9601 0.401431 1.75449 0.505221 3975
3 14 13 25.5 -2 0 0 3482
3 14 14 19.1902 0.400239 2.58983 0.347462 5215
3 14 15 17.4326 0.38027 1.91932 0.568585 2472
3 14 16 18.736 0.458999 2.41702 0.408762 4272
3 14 17 21.5 -2 0 0 2885
3 14 18 18.8737 0.504101 2.10243 0.341158 3900
3 14 19 17.6084 0.435611 2.51565 0.396651 2001
3 14 20 18.7247 0.435222 1.86026 0.464728 3751
3 14 21 18.8755 0.602508 2.49501 0.465084 4608
3 14 22 17.9681 0.40059 2.24484 0.349475 2527
3 14 23 19.4033 0.649267 1.82773 0.38804 3889
3 14 24 17.601 0.474202 2.16635 0.535045 3639
3 14 25 19.6761 0.408554 2.40489 0.375841 3358
3 14 26 19.3741 0.503592 2.23572 0.338381 4751
3 14 27 17.5835 0.410141 2.45978 0.380143 1969
3 14 28 25.5 -2 0 0 1293
3 14 29 19.3702 0.587168 1.92817 0.418129 4010
3 14 30 18.833 0.406721 2.11741 0.508855 2158
3 14 31 18.2261 0.385302 2.71312 0.41222 1768
3 14 32 19.0733 0.585855 2.06021 0.554558 3004
3 14 33 21.5 -2 0 0 2171
3 14 34 18.4767 0.415394 2.60173 0.451573 2756
3 14 35 19.5805 0.389502 2.26739 0.388855 2550
3 14 36 17.8912 0.72974 2.28603 0.577862 3241
3 14 37 19.3283 0.545204 1.81787 0.375523 3477
3 14 38 18.2089 0.706513 2.38174 0.601954 2077
3 14 39 18.8389 0.679944 2.48022 0.373702 2344
3 14 40 17.3127 0.375917 2.07895 0.374148 2299
3 14 41 17.9734 0.376667 2.36515 0.418396 1898
3 14 42 18.4173 0.549186 2.28534 0.402312 3129
3 14 43 25.5 -2 0 0 3676
3 14 44 18.3399 0.577603 1.99134 0.41627 1915
3 14 45 19.1232 0.441703 1.83363 0.487332 2786
3 14 46 17.7824 0.413252 2.69532 0.439756 2734
3 14 47 18.8861 0.359214 2.22176 0.475788 2316
3 14 48 19.5364 0.346501 2.04006 0.299587 2842
3 14 49 18.4994 0.511783 1.99713 0.361673 3427
3 14 50 18.8241 0.479158 1.79641 0.379951 2648
3 14 51 19.1911 0.442704 2.22852 0.448707 2662
3 14 52 18.3599 0.482259 2.14586 0.309231 3331
3 14 53 18.5512 0.455544 2.06564 0.455215 2315
3 14 54 17.1892 0.485765 2.04881 0.354135 2340
3 14 55 18.4472 0.446936 2.09232 0.343055 2872
3 14 56 17.9351 0.847612 2.53609 0.487282 2627
3 14 57 19.2804 0.573239 2.13657 0.471784 2605
3 14 58 21.5 -2 0 0 2443
3 14 59 17.7048 0.640758 2.51748 0.306189 3638
3 14 60 18.4208 0.511048 2.21075 0.330242 2344
3 14 61 19.0492 0.443021 2.50431 0.478565 2847
3 14 62 17.8643 0.450326 2.0125 0.504282 3053
3 14 63 18.188 0.421014 1.73611 0.404792 2707
3 15 0 17.6016 0.586454 2.53924 0.390845 2917
3 15 1 19.1138 0.466139 2.38497 0.34875 2924
3 15 2 17.2941 0.392448 1.89247 0.514831 2622
3 15 3 21.5 -2 0 0 2247
3 15 4 16.7468 0.467554 2.12231 0.4363 243
3 15 5 18.22 -3 0 0 125
3 15 6 19.2194 0.352204 2.04316 0.433996 2553
3 15 7 19.4807 0.346232 1.93761 0.459124 2168
3 15 8 18.7505 0.487633 1.95152 0.42711 2890
3 15 9 18.22 -3 0 0 1
3 15 10 19.0959 0.512315 2.75505 0.442486 2234
3 15 11 19.0175 0.390316 1.91587 0.330638 3121
3 15 12 18.6089 0.838032 2.22131 0.451914 2642
3 15 13 19.3833 0.462222 1.7785 0.500143 2596
3 15 14 17.8067 0.63859 1.65709 0.410219 261
3 15 15 19.2842 0.62193 1.79194 0.3973 2817
3 15 16 19.6076 0.384225 2.13241 0.457905 1927
3 15 17 19.2243 0.377556 2.08543 0.497878 3387
3 15 18 19.1789 0.421986 1.9877 0.370889 3034
3 15 19 21.5 -2 0 0 2239
3 15 20 18.8356 0.566166 2.28259 0.414694 3324
3 15 21 19.0081 0.432869 1.97921 0.609527 2582
3 15 22 18.22 -3 0 0 5
3 15 23 19.8152 0.422708 1.93791 0.343103 3433
3 15 24 19.8696 0.44074 2.19303 0.425887 3052
3 15 25 19.3145 0.525948 2.0468 0.454961 2778
3 15 26 16.5453 0.636999 2.71531 0.357819 3426
3 15 27 18.6175 0.618785 2.05549 0.362583 2996
3 15 28 16.7897 0.505105 1.87741 0.254136 1958
3 15 29 18.0668 0.729094 2.33534 0.440288 3737
3 15 30 19.3067 0.499622 1.87121 0.321457 3204
3 15 31 19.6406 0.474045 2.12995 0.353879 2885
3 15 32 19.0568 0.640419 1.96742 0.454798 2961
3 15 33 18.8635 0.586928 2.24841 0.347377 3377
3 15 34 18.1063 0.771584 2.5611 0.388451 3971
3 15 35 19.4142 0.509108 1.95303 0.357448 3243
3 15 36 19.5412 0.420263 2.22875 0.450248 3674
3 15 37 18.6559 0.563904 2.30567 0.437569 3934
3 15 38 16.3781 0.592207 2.26374 0.343441 2909
3 15 39 19.649 0.482064 2.31753 0.574146 4886
3 15 40 21.5 -2 0 0 2993
3 15 41 19.2588 0.477761 2.01396 0.423861 3294
3 15 42 17.1197 0.556579 1.93373 0.400748 3482
3 15 43 18.7865 0.594671 2.05428 0.488441 4001
3 15 44 18.9416 0.524842 1.92585 0.378576 3609
3 15 45 17.4609 0.378493 2.17236 0.370086 3047
3 15 46 21.5 -2 0 0 3537
3 15 47 19.2291 0.409157 2.46223 0.424547 3780
3 15 48 16.3646 0.526565 2.04916 0.320158 3189
3 15 49 19.0187 0.513452 2.16753 0.462255 4271
3 15 50 19.1679 0.649165 1.86866 0.519946 3828
3 15 51 19.4122 0.400906 2.19388 0.436741 5254
3 15 52 17.1681 0.504994 2.05752 0.712521 3941
3 15 53 19.5724 0.355643 2.3672 0.306434 4026
3 15 54 25.5 -2 0 0 4171
3 15 55 18.7322 0.443598 1.94344 0.378213 4777
3 15 56 18.8791 0.418932 2.28315 0.471562 4824
3 15 57 18.9846 0.547161 2.29605 0.738653 5173
3 15 58 18.8812 0.425365 1.79827 0.449151 4425
3 15 59 15.4223 0.428237 2.17737 0.382153 4115
3 15 60 13.5 -2 0 0 3575
3 15 61 17.5 -2 0 0 5159
3 15 62 16.1989 0.492388 1.99778 0.39211 4473
3 15 63 16.4408 0.506219 1.78613 0.448315 3890
4 0 0 14 0.966033 1.93629 0.393106 537
4 0 1 15.384 0.836399 1.01118 0.537544 539
4 0 2 17.5 -2 0 0 481
4 0 3 15.5471 0.58923 1.64959 0.506782 398
4 0 4 17.5 -2 0 0 450
4 0 5 15.6448 0.639704 1.83204 0.26013 471
4 0 6 17.5 -2 0 0 454
4 0 7 18.3961 0.759382 2.69624 0.404705 484
4 0 8 18.2178 0.806908 1.38143 0.436574 551
4 0 9 21.5 -2 0 0 543
4 0 10 17.8755 0.625689 1.68358 0.404083 536
4 0 11 14 0.816354 1.96044 0.292611 424
4 0 12 15.2694 0.691864 1.60816 0.439923 457
4 0 13 15.302 0.775106 1.56809 0.408809 439
4 0 14 15.7491 1.01025 2.57552 0.449371 535
4 0 15 14.4066 0.687853 1.0633 0.531753 428
4 0 16 18.51 0.803836 2.38277 0.326325 501
4 0 17 17.5 -2 0 0 444
4 0 18 17.5 -2 0 0 422
4 0 19 17.5 -2 0 0 398
4 0 20 17.5 -2 0 0 457
4 0 21 18.0697 0.722911 1.52565 0.416198 515
4 0 22 15.2173 0.729644 1.48685 0.33665 395
4 0 23 21.5 -2 0 0 561
4 0 24 14.6325 0.524503 1.5183 0.407552 490
4 0 25 17.7915 0.678392 1.78941 0.350262 584
4 0 26 14.5723 0.707583 2.21209 0.315893 525
4 0 27 17.5 -2 0 0 393
4 0 28 17.5 -2 0 0 462
4 0 29 18.1315 0.598782 1.70407 0.393138 760
4 0 30 18.9528 0.566032 1.98071 0.347403 537
4 0 31 21.5 -2 0 0 538
4 0 32 15.0119 0.773044 1.79703 0.364213 314
4 0 33 17.5 -2 0 0 422
4 0 34 18.3569 0.745693 1.31884 0.460476 616
4 0 35 18.4739 0.762759 2.70725 0.331078 570
4 0 36 15.3499 0.752323 1.72389 0.374158 432
4 0 37 14.8726 0.678023 2.37193 0.332519 534
4 0 38 16.6163 0.642798 2.17651 0.431334 518
4 0 39 18.7904 0.666392 1.61019 0.406297 644
4 0 40 17.5 -2 0 0 542
4 0 41 13.5 -2 0 0 428
4 0 42 17.5 -2 0 0 475
4 0 43 14 0.99986 1.25023 0.396787 464
4 0 44 15.1507 0.692616 1.85162 0.324081 487
4 0 45 21.5 -2 0 0 560
4 0 46 18.0011 0.752228 2.09664 0.388596 632
4 0 47 15.6772 0.717708 2.64713 0.31861 611
4 0 48 18.7039 0.665418 2.1106 0.342867 577
4 0 49 14.8593 0.706888 1.07169 0.403154 555
4 0 50 17.5 -2 0 0 554
4 0 51 13.5 -2 0 0 707
4 0 52 14.4962 0.690542 1.59193 0.392259 565
4 0 53 18.0921 0.711967 1.74116 0.440732 625
4 0 54 16.5773 0.937842 1.45758 0.516324 574
4 0 55 14 0.95354 2.30597 0.469013 612
4 0 56 14 0.973235 1.88499 0.321682 628
4 0 57 14.094 0.776243 1.49064 0.52189 644
4 0 58 17.5 -2 0 0 555
4 0 59 13.5 -2 0 0 610
4 0 60 17.5 -2 0 0 627
4 0 61 14 0.622167 1.52381 0.520106 761
4 0 62 16.3835 0.762053 2.6513 0.442685 736
4 0 63 14 0.797174 1.52177 0.372856 602
4 1 0 18.5853 0.904837 2.8841 0.302199 460
4 1 1 18.9242 0.683714 1.97494 0.396911 744
4 1 2 17.5824 0.602779 2.1822 0.443183 508
4 1 3 18.4743 0.554266 2.03578 0.426812 775
4 1 4 17.6012 0.8192 2.89145 0.367323 313
4 1 5 18.3235 1.0653 2.89939 0.382735 396
4 1 6 16.5038 0.704722 2.23951 0.464061 515
4 1 7 19.0351 0.804306 2.65459 0.407227 419
4 1 8 19.5068 1.218 2.99803 0.370718 417
4 1 9 18.1934 0.63147 1.78617 0.450883 844
4 1 10 17.5 -2 0 0 516
4 1 11 21.5 -2 0 0 645
4 1 12 17.5 -2 0 0 406
4 1 13 18.8334 1.10008 3.12852 0.282823 305
4 1 14 17.5 -2 0 0 461
4 1 15 19.7024 0.868893 2.86814 0.338328 408
4 1 16 21.3099 1.46172 5.11677 0.353984 645
4 1 17 21.5 -2 0 0 671
4 1 18 17.9267 1.00456 3.12544 0.314105 387
4 1 19 18.6647 0.969212 3.68866 0.350951 421
4 1 20 17.4248 0.935227 2.42992 0.381187 302
4 1 21 19.2822 0.609476 2.07634 0.29463 842
4 1 22 18.547 0.70113 2.67171 0.303192 418
4 1 23 18.1654 0.763778 2.65471 0.434332 327
4 1 24 18.6804 0.62115 1.68464 0.346197 676
4 1 25 19.5922 0.686716 2.21562 0.275051 757
4 1 26 18.9341 1.07857 2.92229 0.47221 376
4 1 27 18.2155 0.483583 1.77507 0.361896 668
4 1 28 18.5504 0.573535 2.30592 0.209324 639
4 1 29 17.2841 0.734704 2.12323 0.423089 292
4 1 30 13.5 -2 0 0 298
4 1 31 18.3755 0.912779 2.44499 0.333271 708
4 1 32 18.6718 0.664857 2.38765 0.335415 643
4 1 33 18.9342 0.543331 1.88832 0.305052 585
4 1 34 21.5 -2 0 0 326
4 1 35 19.4344 1.06941 4.1229 0.339683 692
4 1 36 21.5 -2 0 0 667
4 1 37 17.9009 0.794264 3.18156 0.291372 351
4 1 38 19.2811 0.631518 2.33009 0.335367 756
4 1 39 18.5627 0.66315 1.41075 0.486132 589
4 1 40 17.3187 0.815774 2.63944 0.384115 293
4 1 41 18.6978 1.00155 2.91935 0.202964 294
4 1 42 17.5 -2 0 0 282
4 1 43 17.5 -2 0 0 298
4 1 44 17.6607 1.46103 2.49756 0.418296 347
4 1 45 18.6128 0.500403 1.68189 0.453381 616
4 1 46 18.7303 0.597939 1.84038 0.348294 616
4 1 47 0 -10 0 0 0
4 1 48 16.4774 0.610213 1.82251 0.428415 295
4 1 49 16.825 0.686457 2.26876 0.31018 308
4 1 50 16.526 0.586043 1.81785 0.461928 335
4 1 51 17.5 -2 0 0 420
4 1 52 16.8385 0.71265 2.20885 0.378648 286
4 1 53 21.5 -2 0 0 612
4 1 54 15.6832 0.876026 2.89534 0.296572 363
4 1 55 16.5147 0.638289 2.04289 0.454942 340
4 1 56 16.6415 0.76012 2.3421 0.262809 416
4 1 57 13.5 -2 0 0 392
4 1 58 16.1675 0.6941 1.73433 0.489214 335
4 1 59 21.5 -2 0 0 558
4 1 60 17.3498 1.06429 2.83722 0.359745 412
4 1 61 21.5 -2 0 0 558
4 1 62 17.5 -2 0 0 347
4 1 63 15.0298 0.671799 2.11466 0.473242 292
4 2 0 16.8383 0.716673 2.32398 0.406287 893
4 2 1 17.5 -2 0 0 772
4 2 2 17.9137 0.60835 2.40137 0.291092 710
4 2 3 14 0.582631 1.61882 0.559073 654
4 2 4 16.4504 0.769454 2.26095 0.292233 669
4 2 5 18.1427 0.555415 1.99497 0.376061 697
4 2 6 18.4303 0.573314 1.92262 0.323085 719
4 2 7 18.2614 0.722895 2.30518 0.369606 611
4 2 8 17.5 -2 0 0 686
4 2 9 14 0.58373 2.55296 0.363083 641
4 2 10 17.5 -2 0 0 616
4 2 11 18.4557 0.683305 1.94882 0.325702 732
4 2 12 17.1555 0.583761 2.05859 0.496933 624
4 2 13 15.3045 0.538744 1.83913 0.287395 600
4 2 14 17.5 -2 0 0 815
4 2 15 18.0463 0.682209 2.65427 0.346624 689
4 2 16 17.9415 0.6108 2.11189 0.411543 649
4 2 17 15.1166 0.792573 1.16279 0.360675 802
4 2 18 18.1499 0.576381 1.5857 0.348195 693
4 2 19 17.5 -2 0 0 643
4 2 20 21.5 -2 0 0 691
4 2 21 18.248 0.858852 3.16869 0.3321 696
4 2 22 13.5 -2 0 0 634
4 2 23 14.9652 0.65015 1.60624 0.409464 733
4 2 24 17.5 -2 0 0 726
4 2 25 18.5772 0.559017 2.19822 0.351684 704
4 2 26 16.0822 0.592031 1.89006 0.290579 797
4 2 27 15.6008 0.650491 2.19436 0.263509 654
4 2 28 21.5 -2 0 0 642
4 2 29 15.1532 0.587947 2.13371 0.40761 751
4 2 30 15.5592 0.736114 0.99206 0.528933 695
4 2 31 14 0.338698 1.4281 0.334612 655
4 2 32 14.9778 0.635846 1.12747 0.612794 660
4 2 33 14 0.559468 1.76341 0.170992 707
4 2 34 21.5 -2 0 0 947
4 2 35 14 0.536948 2.9255 0.4832 720
4 2 36 18.7199 0.646462 1.84797 0.337037 720
4 2 37 13.5 -2 0 0 818
4 2 38 19.0644 0.687843 1.52117 0.387692 766
4 2 39 17.9784 0.650518 1.81227 0.586776 939
4 2 40 14.1433 0.639739 1.65545 0.313001 753
4 2 41 13.5 -2 0 0 709
4 2 42 18.0314 0.694149 1.70062 0.405125 804
4 2 43 14 0.746301 1.43722 0.295261 867
4 2 44 15.818 -3 0 0 26
4 2 45 14.1527 0.555539 1.66184 0.403859 714
4 2 46 14.6782 0.575352 1.56097 0.280071 944
4 2 47 17.7544 0.568245 1.93482 0.338334 841
4 2 48 14 0.59029 1.55049 0.344427 783
4 2 49 13.5 -2 0 0 862
4 2 50 17.1574 0.850291 1.89111 0.262001 791
4 2 51 17.5 -2 0 0 1203
4 2 52 17.7339 0.615705 2.11938 0.395093 969
4 2 53 18.0696 1.13272 3.64428 0.515498 878
4 2 54 15.818 -3 0 0 63
4 2 55 0 -10 0 0 0
4 2 56 14 0.518504 5.86749 0.571462 818
4 2 57 16.8069 0.724223 2.43685 0.271936 1102
4 2 58 16.8728 0.607824 2.39576 0.346991 878
4 2 59 16.7329 0.601486 2.08662 0.345144 1152
4 2 60 17.1839 0.625756 2.16389 0.294177 828
4 2 61 17.0866 0.490227 2.05731 0.426689 1381
4 2 62 15.818 -3 0 0 137
4 2 63 15.818 -3 0 0 111
4 3 0 19.4802 0.834303 3.34689 0.254654 901
4 3 1 19.6325 0.768672 3.22616 0.323518 621
4 3 2 20.067 0.606493 2.58267 0.300752 1386
4 3 3 20.5013 0.902177 3.70317 0.180388 531
4 3 4 19.5659 0.561912 2.13123 0.28744 1224
4 3 5 19.5724 1.10459 4.42963 0.304306 444
4 3 6 20.5647 0.562358 2.18724 0.346756 1362
4 3 7 19.7424 0.598329 2.4446 0.232256 2035
4 3 8 18.7793 0.823896 3.43736 0.401759 557
4 3 9 20.7725 0.832527 3.1958 0.30195 824
4 3 10 20.6141 0.77889 3.37475 0.225253 999
4 3 11 19.489 0.794878 2.99771 0.397561 523
4 3 12 20.5184 1.14364 3.46458 0.380152 609
4 3 13 20.3232 1.04851 3.1315 0.35634 774
4 3 14 25.5 -2 0 0 502
4 3 15 21.1575 0.828608 3.45226 0.239487 586
4 3 16 20.7974 0.729641 3.0083 0.342539 2478
4 3 17 20.1832 1.10414 3.93079 0.364565 553
4 3 18 20.4903 0.680171 2.65177 0.347292 1367
4 3 19 20.6715 0.731646 3.50342 0.303998 743
4 3 20 20.3973 0.641822 2.16368 0.304201 1034
4 3 21 20.3774 0.717085 2.14592 0.473774 1740
4 3 22 22.5777 0.922916 2.71153 0.34804 613
4 3 23 20.4043 0.83342 3.11965 0.191421 589
4 3 24 20.0203 0.796798 3.13712 0.39721 498
4 3 25 20.5106 0.575677 2.3726 0.231429 1592
4 3 26 21.519 1.81647 3.4975 0.375981 443
4 3 27 19.8736 0.658025 3.0661 0.208172 711
4 3 28 20.7725 0.915618 2.81606 0.287294 698
4 3 29 20.7997 1.0308 3.21013 0.310509 1073
4 3 30 19.1398 0.594925 2.15954 0.390459 677
4 3 31 20.6456 0.739384 2.05096 0.478567 868
4 3 32 20.1218 0.582752 2.02634 0.288154 1275
4 3 33 21.5 -2 0 0 741
4 3 34 19.6783 0.580167 2.32217 0.334426 873
4 3 35 20.7037 1.12603 4.66352 0.370658 730
4 3 36 20.4524 0.578347 2.478 0.252013 998
4 3 37 20.1113 0.664918 2.69029 0.2665 946
4 3 38 20.2101 0.835862 3.07244 0.329657 690
4 3 39 21.4636 1.01943 4.48089 0.306216 415
4 3 40 20.3752 0.527332 1.78121 0.463265 974
4 3 41 19.2353 0.568079 2.47125 0.313954 676
4 3 42 18.7881 0.648222 2.7178 0.324167 597
4 3 43 18.4801 0.586945 2.26275 0.481962 630
4 3 44 20.7549 0.757213 2.98737 0.322242 493
4 3 45 19.0027 0.601074 2.34189 0.318771 636
4 3 46 19.206 0.639811 2.33596 0.499711 543
4 3 47 19.7471 0.747082 2.74238 0.456517 612
4 3 48 19.1088 0.511497 1.85328 0.36524 975
4 3 49 18.0221 0.657962 2.2419 0.401553 532
4 3 50 19.4554 0.888944 3.32211 0.302997 493
4 3 51 21.4703 1.92203 5.13381 0.487994 361
4 3 52 19.2143 0.569227 1.90464 0.396206 836
4 3 53 18.6121 0.631796 2.79622 0.357918 968
4 3 54 18.407 0.536207 2.0479 0.385393 878
4 3 55 19.077 0.469963 1.78195 0.505615 713
4 3 56 21.3914 1.61982 3.63307 0.452592 378
4 3 57 21.5 -2 0 0 785
4 3 58 17.9504 0.784567 2.95048 0.429729 583
4 3 59 18.3472 0.840434 3.25933 0.355184 482
4 3 60 17.6236 0.916821 3.37956 0.288102 374
4 3 61 18.6901 0.891672 2.81667 0.585067 393
4 3 62 17.8301 0.854234 3.25584 0.401891 380
4 3 63 18.0096 0.774984 2.49073 0.42395 807
4 4 0 17.2531 0.784998 3.2668 0.290463 1192
4 4 1 19.377 0.616512 2.35639 0.229612 1081
4 4 2 18.55 0.750312 2.26354 0.328999 981
4 4 3 19.4657 0.67596 2.96598 0.311957 730
4 4 4 18.5814 0.607205 2.08967 0.277984 894
4 4 5 18.3095 0.688239 2.69526 0.295266 680
4 4 6 19.893 0.719683 3.13208 0.38053 470
4 4 7 20.3763 0.723936 2.97158 0.317234 716
4 4 8 19.4778 0.85104 2.27868 0.418095 516
4 4 9 18.9431 0.680436 2.00975 0.368436 792
4 4 10 19.7362 0.888476 2.69098 0.211947 750
4 4 11 19.7413 0.832551 1.19058 0.574229 962
4 4 12 19.1216 0.893955 3.00877 0.403924 423
4 4 13 19.2153 0.745522 2.09108 0.450442 668
4 4 14 19.9618 0.580452 1.95498 0.387432 1316
4 4 15 19.2682 0.621512 2.09104 0.384067 731
4 4 16 19.3787 0.612161 2.76703 0.400647 781
4 4 17 19.2241 0.765068 1.98661 0.531512 948
4 4 18 18.949 0.644142 2.00101 0.431001 792
4 4 19 18.39 0.587587 1.80862 0.505547 718
4 4 20 19.4066 -3 0 0 10
4 4 21 19.5144 0.72313 3.1125 0.392608 893
4 4 22 19.2366 0.575874 2.36888 0.47306 734
4 4 23 20.5147 0.517868 2.31618 0.320059 926
4 4 24 24.5882 1.78685 7.24672 0.473766 1094
4 4 25 20.2303 0.547337 1.97095 0.252861 741
4 4 26 19.7147 0.459558 1.86648 0.350255 1342
4 4 27 19.8462 0.869496 1.37929 0.499324 750
4 4 28 19.9463 0.902844 1.85701 0.359386 738
4 4 29 19.8741 0.638371 3.01188 0.25412 1214
4 4 30 19.7874 0.72573 2.17546 0.380293 821
4 4 31 19.0628 0.558279 1.90074 0.490716 771
4 4 32 19.8225 0.55064 1.95074 0.358007 772
4 4 33 19.5151 0.752064 2.41053 0.257279 810
4 4 34 19.7276 0.734119 2.99607 0.308606 752
4 4 35 18.4224 0.739777 2.43246 0.382578 826
4 4 36 20.4256 0.603222 2.02703 0.319812 848
4 4 37 19.6542 0.523611 2.07275 0.320195 1020
4 4 38 20.1482 0.539098 2.14363 0.446734 780
4 4 39 19.885 0.531481 1.73121 0.30074 888
4 4 40 19.4344 0.708054 2.38545 0.261427 912
4 4 41 18.4124 1.06714 4.70187 0.297831 372
4 4 42 19.4066 -3 0 0 37
4 4 43 19.2618 0.696618 2.32871 0.292518 1117
4 4 44 20.2842 0.721616 3.07681 0.395277 290
4 4 45 17.5 -2 0 0 273
4 4 46 19.6388 0.44508 1.95866 0.367757 1469
4 4 47 19.4066 -3 0 0 7
4 4 48 17.9689 0.628641 2.33495 0.446514 495
4 4 49 18.6508 0.598298 1.72991 0.352466 1105
4 4 50 19.7467 0.468258 2.11838 0.564117 820
4 4 51 19.3667 0.68335 2.84316 0.182287 1274
4 4 52 18.9279 0.607796 1.74635 0.378155 1190
4 4 53 18.939 0.584258 2.79571 0.391175 805
4 4 54 17.5 -2 0 0 854
4 4 55 19.714 0.923787 3.71208 0.279331 635
4 4 56 15.8851 0.669815 2.81583 0.407143 901
4 4 57 18.2785 0.555424 2.30574 0.374095 1157
4 4 58 18.5411 0.613984 1.71786 0.370987 920
4 4 59 18.4166 0.522769 2.39246 0.345178 1442
4 4 60 17.9309 0.577075 1.93344 0.358159 853
4 4 61 18.6082 0.677417 2.9718 0.331216 1059
4 4 62 18.7407 0.498251 1.76682 0.573887 1502
4 4 63 18.2379 0.920413 2.65001 0.371683 1037
4 5 0 15.9832 0.404516 1.95045 0.372325 1747
4 5 1 21.5 -2 0 0 1987
4 5 2 17.9922 0.489727 1.9322 0.422403 2131
4 5 3 17.6763 0.459717 1.92377 0.36894 2880
4 5 4 17.3474 0.491001 1.9461 0.382712 2207
4 5 5 21.5 -2 0 0 2279
4 5 6 18.0272 0.455811 1.97388 0.352259 2406
4 5 7 16.6499 -3 0 0 124
4 5 8 18.1613 0.441558 2.13908 0.337661 2082
4 5 9 18.3365 0.499194 2.74931 0.373067 3110
4 5 10 17.5 -2 0 0 755
4 5 11 18.1946 0.563249 1.85012 0.382638 2062
4 5 12 18.2709 0.451709 1.758 0.398854 2645
4 5 13 16.6499 -3 0 0 198
4 5 14 18.082 0.432631 2.24609 0.319945 1735
4 5 15 17.8142 0.547724 2.13007 0.227337 2822
4 5 16 15.0529 0.434069 2.22948 0.375644 4309
4 5 17 21.5 -2 0 0 1851
4 5 18 21.5 -2 0 0 2545
4 5 19 14.3433 0.410858 1.66854 0.444162 4273
4 5 20 17.8556 0.570026 1.66464 0.37518 2203
4 5 21 17.9775 0.633545 2.28927 0.340464 2686
4 5 22 14.6304 0.600084 1.53865 0.428592 3365
4 5 23 18.0971 0.489444 2.04153 0.265089 2007
4 5 24 16.6499 -3 0 0 75
4 5 25 16.6499 -3 0 0 100
4 5 26 18.0538 0.460328 1.80367 0.437136 1720
4 5 27 18.3485 0.40223 2.03628 0.421088 2816
4 5 28 17.9475 0.452615 2.24873 0.365615 3309
4 5 29 16.6499 -3 0 0 141
4 5 30 18.5666 0.454998 1.43996 0.559223 2497
4 5 31 18.0184 0.449994 2.24638 0.415718 3801
4 5 32 16.6499 -3 0 0 51
4 5 33 21.5 -2 0 0 2631
4 5 34 14.283 0.649066 1.89791 0.356557 1592
4 5 35 18.4235 0.468259 2.27079 0.429604 3369
4 5 36 17.8245 0.487856 2.21418 0.418554 2568
4 5 37 18.4544 0.43489 1.5836 0.514924 1988
4 5 38 14.9675 0.37424 1.37831 0.695163 3152
4 5 39 18.4828 0.447 1.76076 0.462885 2154
4 5 40 17.6244 0.452901 1.72805 0.353076 2171
4 5 41 14 0.740355 1.87169 0.397485 3175
4 5 42 15.1581 0.456601 1.49548 0.299435 1989
4 5 43 17.0603 0.516397 2.16209 0.342102 1721
4 5 44 14 0.206597 1.92843 0.249963 1689
4 5 45 21.5 -2 0 0 2419
4 5 46 21.5 -2 0 0 1584
4 5 47 16.4797 0.602698 2.32485 0.343931 3125
4 5 48 17.6222 0.463336 1.70889 0.424354 2124
4 5 49 16.7846 0.505915 1.90168 0.481232 1756
4 5 50 14 0.863632 1.33552 0.430884 2321
4 5 51 17.467 0.467223 2.03303 0.425078 1617
4 5 52 16.3045 0.472186 1.61869 0.412378 1598
4 5 53 14 0.569923 2.03677 0.290914 2522
4 5 54 14 0.32759 1.6249 0.439551 1862
4 5 55 21.5 -2 0 0 1513
4 5 56 17.4512 0.46401 2.5517 0.484922 1893
4 5 57 17.4227 0.508204 1.61107 0.441262 1810
4 5 58 21.5 -2 0 0 1877
4 5 59 16.7719 0.577291 1.86299 0.407781 1508
4 5 60 21.5 -2 0 0 2341
4 5 61 16.9518 0.588813 2.51688 0.436881 1575
4 5 62 17.3146 0.470282 2.19119 0.393068 1522
4 5 63 17.2647 0.495678 1.80216 0.334312 1646
4 6 0 19.1692 0.713975 2.65787 0.388407 1676
4 6 1 14.9278 0.508202 2.1507 0.316993 1260
4 6 2 17.9598 0.51423 2.0953 0.408728 1149
4 6 3 15.2113 0.718118 2.05974 0.258516 799
4 6 4 17.4294 0.495272 2.03848 0.456494 898
4 6 5 21.5 -2 0 0 953
4 6 6 17.7681 0.568441 1.61987 0.460256 1020
4 6 7 18.3005 0.612009 1.48645 0.465231 842
4 6 8 15.1333 0.50326 1.51045 0.448049 1080
4 6 9 14.6742 0.566304 1.99438 0.462028 894
4 6 10 17.9922 0.80063 1.32232 0.613507 839
4 6 11 17.5 -2 0 0 1002
4 6 12 18.3277 0.682205 1.72813 0.294767 908
4 6 13 18.2954 0.585486 1.51408 0.327034 777
4 6 14 17.9786 0.690207 2.66487 0.293178 1496
4 6 15 18.5822 0.648908 1.39252 0.609392 834
4 6 16 14.7854 0.732898 1.06383 0.597979 881
4 6 17 18.45 0.643326 1.99719 0.289923 1250
4 6 18 14.5955 0.816909 1.96843 0.275327 843
4 6 19 17.5996 0.69608 1.61553 0.380479 823
4 6 20 19.6354 0.772573 2.07141 0.419398 905
4 6 21 21.5 -2 0 0 1023
4 6 22 18.2893 0.559993 1.60044 0.474506 799
4 6 23 18.3471 0.543623 1.70175 0.384115 934
4 6 24 15.9018 0.460947 1.70509 0.366451 1218
4 6 25 21.5 -2 0 0 839
4 6 26 15.6177 0.582323 1.86958 0.396856 1387
4 6 27 17.6251 0.671725 1.3691 0.471089 817
4 6 28 14.7538 0.560897 1.82354 0.403974 726
4 6 29 19.3086 0.611588 1.81576 0.465662 1145
4 6 30 17.9305 1.30977 4.97874 0.525674 857
4 6 31 17.1875 0.673848 1.40687 0.51483 761
4 6 32 21.5 -2 0 0 778
4 6 33 14 0.275454 1.47897 0.350579 663
4 6 34 16.2032 0.478645 1.99773 0.301953 1321
4 6 35 18.5577 0.631946 1.70507 0.368472 731
4 6 36 15.7248 0.570983 1.55432 0.376246 822
4 6 37 21.5 -2 0 0 945
4 6 38 21.5 -2 0 0 715
4 6 39 18.1946 0.801883 3.64962 0.465179 811
4 6 40 16.7476 -3 0 0 88
4 6 41 18.0018 0.757176 1.57128 0.391064 730
4 6 42 15.5678 0.57165 1.62581 0.414021 918
4 6 43 14.7968 0.551697 1.6822 0.291977 1027
4 6 44 18.4223 0.605086 2.5188 0.519662 715
4 6 45 17.3081 0.81097 1.58893 0.528237 779
4 6 46 15.1935 0.552124 1.59068 0.493238 1264
4 6 47 14 0.371917 2.50461 0.454926 629
4 6 48 16.7476 -3 0 0 57
4 6 49 16.7476 -3 0 0 53
4 6 50 16.7476 -3 0 0 13
4 6 51 17.848 0.529326 2.25764 0.387095 1008
4 6 52 21.5 -2 0 0 1050
4 6 53 21.5 -2 0 0 714
4 6 54 17.8258 0.485124 1.95218 0.416758 768
4 6 55 16.9094 0.559563 1.73447 0.395653 905
4 6 56 14 0.302401 1.78461 0.285062 790
4 6 57 17.9007 0.631401 1.72175 0.378658 916
4 6 58 16.7476 -3 0 0 33
4 6 59 16.7476 -3 0 0 109
4 6 60 16.7325 0.679927 1.74945 0.329868 816
4 6 61 17.141 0.532322 2.34758 0.345535 1096
4 6 62 14 0.34855 2.24045 0.368251 1013
4 6 63 16.1677 0.532401 2.28854 0.338883 889
4 7 0 14 0.143928 1.65309 0.622488 1195
4 7 1 13.5 -2 0 0 1232
4 7 2 16.8807 0.685307 2.31601 0.391745 1373
4 7 3 17.5 -2 0 0 1861
4 7 4 16.1994 -3 0 0 144
4 7 5 17.8086 0.538906 1.81904 0.43683 1610
4 7 6 17.6124 0.416622 2.16129 0.54392 1518
4 7 7 17.4049 0.459612 2.05885 0.346134 2432
4 7 8 16.1994 -3 0 0 60
4 7 9 17.5 -2 0 0 1636
4 7 10 21.5 -2 0 0 1904
4 7 11 17.8782 0.553189 1.92356 0.288657 1591
4 7 12 16.1994 -3 0 0 91
4 7 13 17.2691 0.580968 1.91157 0.332595 2195
4 7 14 16.1994 -3 0 0 65
4 7 15 21.5 -2 0 0 2014
4 7 16 17.1589 0.511464 2.20743 0.352832 2351
4 7 17 17.8081 0.447565 1.57422 0.474357 1242
4 7 18 17.8755 0.829701 1.89371 0.42198 1858
4 7 19 21.5 -2 0 0 2736
4 7 20 17.5 -2 0 0 1789
4 7 21 17.6723 0.539829 2.39419 0.35104 1727
4 7 22 17.5 -2 0 0 1915
4 7 23 18.8432 0.508228 1.78811 0.287385 1567
4 7 24 18.0602 0.623376 2.25791 0.471048 1316
4 7 25 15.2636 0.490036 1.78806 0.349813 2910
4 7 26 21.5 -2 0 0 1395
4 7 27 17.8425 0.457659 1.95711 0.310237 2186
4 7 28 17.5 -2 0 0 2503
4 7 29 21.5 -2 0 0 1415
4 7 30 17.5 -2 0 0 1992
4 7 31 14.7161 0.503894 1.66473 0.374021 3293
4 7 32 13.5 -2 0 0 2887
4 7 33 15.1618 0.432958 2.17944 0.309582 2135
4 7 34 17.5 -2 0 0 1361
4 7 35 14.9109 0.527361 1.77893 0.396942 3398
4 7 36 14.8353 0.520414 1.61464 0.329014 2138
4 7 37 17.907 0.426948 2.01887 0.333535 1696
4 7 38 16.3978 0.57675 1.88024 0.327996 3731
4 7 39 13.5 -2 0 0 2522
4 7 40 18.3866 0.437506 1.80289 0.382194 1843
4 7 41 14.9929 0.557209 1.65046 0.396275 2702
4 7 42 18.1753 0.474731 1.72333 0.405253 2024
4 7 43 18.1383 0.524468 2.01287 0.345741 1479
4 7 44 17.9126 0.952715 1.98727 0.399734 2956
4 7 45 17.7417 0.45654 2.02742 0.447756 2514
4 7 46 17.7102 0.555322 2.0799 0.321807 1431
4 7 47 18.1052 0.538283 2.23458 0.411351 4054
4 7 48 17.5 -2 0 0 2184
4 7 49 15.2613 0.467616 1.687 0.443405 1867
4 7 50 14.1248 0.543534 1.59422 0.315163 2541
4 7 51 17.1011 0.572676 1.82556 0.603955 1881
4 7 52 21.5 -2 0 0 1618
4 7 53 16.2939 0.468392 1.95248 0.31536 3153
4 7 54 17.1902 0.540712 2.14238 0.395768 2417
4 7 55 18.1158 0.485081 1.67515 0.443903 1654
4 7 56 17.4747 0.547048 2.17112 0.391191 2374
4 7 57 17.4826 0.486573 1.91998 0.412129 2109
4 7 58 14.3101 0.424561 1.36814 0.468835 2057
4 7 59 16.2023 0.6115 2.41191 0.316602 1549
4 7 60 17.0787 0.647596 1.7795 0.407128 2970
4 7 61 17.2651 0.476906 2.0154 0.416547 1701
4 7 62 16.9372 0.50523 1.9546 0.509042 1571
4 7 63 16.7563 0.413755 1.96519 0.339056 2010
4 8 0 21.5 -2 0 0 799
4 8 1 16.7564 0.648113 2.11044 0.507068 458
4 8 2 18.7064 0.465587 1.87688 0.378081 731
4 8 3 18.037 0.505854 1.97808 0.318399 647
4 8 4 16.4558 0.750009 1.99615 0.345152 707
4 8 5 15.5093 0.492984 1.78936 0.42225 422
4 8 6 18.2236 0.948923 3.36749 0.371327 672
4 8 7 21.5 -2 0 0 635
4 8 8 17.8132 0.710988 3.12706 0.304152 461
4 8 9 18.7425 0.514982 1.97365 0.335086 692
4 8 10 17.4187 0.704093 2.47812 0.24169 483
4 8 11 18.6254 0.54323 1.96881 0.295095 695
4 8 12 15.3296 0.588192 2.17366 0.470122 418
4 8 13 17.7265 0.563713 2.35978 0.258058 716
4 8 14 18.2942 0.575741 1.81118 0.473397 793
4 8 15 21.5 -2 0 0 514
4 8 16 18.9765 0.607983 2.01019 0.33396 723
4 8 17 18.3896 0.621246 1.57177 0.345526 721
4 8 18 18.5796 0.460868 1.99332 0.467911 639
4 8 19 16.3847 0.454834 1.63936 0.398827 602
4 8 20 17.0239 0.629625 2.29059 0.422197 563
4 8 21 18.1873 0.981726 4.47436 0.35367 712
4 8 22 16.7646 0.527726 1.83373 0.531932 344
4 8 23 17.3693 0.519461 1.9387 0.361165 638
4 8 24 17.8741 0.486838 1.80807 0.568404 735
4 8 25 18.5238 0.554723 1.86232 0.341155 799
4 8 26 17.1705 0.632152 2.6149 0.379282 647
4 8 27 17.1835 0.594467 1.97954 0.291813 520
4 8 28 18.5265 0.67507 2.70917 0.316374 767
4 8 29 18.7751 0.631207 2.06231 0.325358 841
4 8 30 17.9796 0.603211 1.4457 0.415015 747
4 8 31 21.5 -2 0 0 644
4 8 32 17.5 -2 0 0 639
4 8 33 16.8447 0.764721 1.86709 0.359414 581
4 8 34 21.5 -2 0 0 641
4 8 35 17.1936 0.618944 2.47855 0.255851 646
4 8 36 18.2693 0.574673 2.34091 0.269918 804
4 8 37 18.2863 0.584977 2.0683 0.255492 829
4 8 38 18.485 0.923747 2.73735 0.323257 904
4 8 39 18.4561 0.954055 3.14273 0.423029 886
4 8 40 19.6901 1.52278 5.67967 0.481855 553
4 8 41 15.0018 0.618648 2.49244 0.607057 651
4 8 42 21.5 -2 0 0 934
4 8 43 16.8243 0.744326 1.58582 0.461932 692
4 8 44 18.3739 0.669682 2.41471 0.400812 880
4 8 45 17.5 -2 0 0 719
4 8 46 17.4391 0.574629 2.62819 0.267269 676
4 8 47 18.0216 0.709414 3.51468 0.285611 1136
4 8 48 16.9822 0.500368 1.74816 0.338115 719
4 8 49 17.6039 0.578319 2.53008 0.308416 744
4 8 50 14.8006 0.58076 2.39649 0.603984 776
4 8 51 21.5 -2 0 0 1053
4 8 52 17.8608 0.525366 2.24328 0.350257 1021
4 8 53 18.7899 0.618652 2.37863 0.291247 1050
4 8 54 17.3082 0.53934 2.29118 0.269198 950
4 8 55 16.5602 0.741024 1.9044 0.478099 1054
4 8 56 16.6868 0.568572 1.56338 0.370842 955
4 8 57 17.5185 0.594299 2.29526 0.350765 1114
4 8 58 21.5 -2 0 0 949
4 8 59 21.5 -2 0 0 969
4 8 60 15.2941 0.585971 2.12915 0.342168 930
4 8 61 17.8606 0.694776 2.93098 0.334402 1281
4 8 62 15.8902 0.509538 2.0166 0.348759 979
4 8 63 15.7312 0.599683 2.16474 0.395725 980
4 9 0 17.1505 0.643023 2.15024 0.321277 1222
4 9 1 19.2781 0.50854 2.03669 0.555056 1275
4 9 2 18.1072 0.722759 2.2016 0.280817 1013
4 9 3 18.7813 0.552181 1.83641 0.335769 982
4 9 4 16.8584 0.453865 1.80379 0.435396 843
4 9 5 16.4623 0.579547 2.60913 0.336414 941
4 9 6 19.0434 0.660149 2.75828 0.31505 1046
4 9 7 19.2741 0.525489 1.95394 0.287595 996
4 9 8 17.162 0.500276 1.89033 0.445073 913
4 9 9 18.9171 0.5598 2.07542 0.35223 1108
4 9 10 18.3905 0.844133 2.54404 0.244255 925
4 9 11 18.5234 0.686404 2.40608 0.333374 806
4 9 12 17.7034 0.912265 2.20713 0.319128 794
4 9 13 17.5 -2 0 0 708
4 9 14 18.7622 0.981729 2.90996 0.282435 1149
4 9 15 19.5544 0.637066 2.32324 0.288718 925
4 9 16 19.1258 0.573382 1.94214 0.334587 1108
4 9 17 21.5 -2 0 0 925
4 9 18 16.8885 0.63091 2.33838 0.331955 757
4 9 19 18.388 0.476198 1.70506 0.476143 939
4 9 20 17.2752 0.574061 2.13146 0.34753 718
4 9 21 18.0816 0.820868 2.38654 0.356386 1191
4 9 22 18.4288 0.813359 1.35603 0.513788 949
4 9 23 17.5892 0.677587 2.32233 0.451243 800
4 9 24 18.1556 0.530042 1.90832 0.358526 984
4 9 25 21.5 -2 0 0 683
4 9 26 19.134 0.723067 1.69907 0.485692 758
4 9 27 21.5 -2 0 0 708
4 9 28 17.4185 0.568934 1.96 0.309905 711
4 9 29 18.2918 0.81492 2.38053 0.416083 905
4 9 30 18.1132 0.731786 2.36968 0.370022 699
4 9 31 13.5 -2 0 0 603
4 9 32 17.6507 0.686033 2.0071 0.394383 770
4 9 33 17.0907 0.603165 1.97892 0.334512 708
4 9 34 17.7617 0.536081 1.53021 0.415945 850
4 9 35 18.5747 0.918445 2.44471 0.268357 795
4 9 36 17.5 -2 0 0 677
4 9 37 18.5787 1.03585 2.5825 0.265718 731
4 9 38 19.5884 0.595747 2.05025 0.369296 744
4 9 39 17.4728 0.629549 1.80365 0.414374 574
4 9 40 17.9373 0.468381 1.90481 0.359772 727
4 9 41 16.5108 0.747879 1.72392 0.329105 570
4 9 42 19.5042 0.566745 2.17449 0.302095 794
4 9 43 18.1489 0.672701 2.8386 0.310339 740
4 9 44 16.2975 0.648595 2.23894 0.313672 528
4 9 45 16.1345 0.568408 2.0317 0.410182 549
4 9 46 17.3848 0.600586 1.64029 0.525199 751
4 9 47 18.312 0.591411 2.15481 0.328083 742
4 9 48 19.5485 0.648151 1.72261 0.466198 756
4 9 49 18.1381 0.656194 1.53068 0.356757 683
4 9 50 21.5 -2 0 0 712
4 9 51 21.5 -2 0 0 696
4 9 52 19.0053 0.629226 1.47999 0.41993 819
4 9 53 18.4574 0.56683 1.48103 0.564865 753
4 9 54 17.0343 0.672218 1.87802 0.337793 517
4 9 55 17.084 0.875203 2.61594 0.302088 707
4 9 56 18.2034 -3 0 0 18
4 9 57 18.2506 0.610674 2.29271 0.281045 773
4 9 58 15.6119 0.588911 2.20682 0.246277 493
4 9 59 21.5 -2 0 0 832
4 9 60 21.5 -2 0 0 729
4 9 61 17.5 -2 0 0 773
4 9 62 17.5946 0.554406 2.17311 0.277716 766
4 9 63 17.8138 0.626611 1.86981 0.328678 731
4 10 0 15.3768 0.703916 2.89166 0.343266 1501
4 10 1 18.0387 0.537221 1.92508 0.406476 1377
4 10 2 21.5 -2 0 0 1385
4 10 3 21.5 -2 0 0 1310
4 10 4 18.2557 0.465139 1.7649 0.431656 1616
4 10 5 18.1953 0.532127 1.38368 0.607255 1489
4 10 6 15.3409 0.449882 1.73449 0.369383 1300
4 10 7 16.2968 0.543497 1.5742 0.559102 1344
4 10 8 15.5478 0.564649 1.97373 0.314908 1411
4 10 9 18.1029 0.431899 1.83681 0.443131 1263
4 10 10 16.1138 0.562843 1.79029 0.351101 1222
4 10 11 16.8276 0.85916 1.65596 0.519747 1605
4 10 12 15.8473 0.546648 1.99993 0.383035 1365
4 10 13 21.5 -2 0 0 1402
4 10 14 16.6577 0.513734 1.91822 0.37276 1625
4 10 15 15.546 0.628838 1.73643 0.415734 1511
4 10 16 18.2148 0.44993 2.23434 0.433844 1313
4 10 17 15.7054 0.507914 1.77482 0.360064 1656
4 10 18 25.5 -2 0 0 1535
4 10 19 18.0659 0.446458 2.27324 0.358612 1570
4 10 20 15.4109 0.625688 1.73937 0.46312 1761
4 10 21 15.1984 0.504787 2.08029 0.267962 1225
4 10 22 21.5 -2 0 0 1263
4 10 23 16.1372 0.591368 1.9102 0.28338 1826
4 10 24 16.0668 0.43919 1.97385 0.394292 1435
4 10 25 21.5 -2 0 0 1685
4 10 26 16.7385 0.478581 1.9671 0.452184 1789
4 10 27 21.5 -2 0 0 1709
4 10 28 16.5685 0.491742 1.37403 0.474773 1625
4 10 29 17.8559 0.44567 2.06537 0.409526 1831
4 10 30 16.4177 0.697426 2.21689 0.439364 1741
4 10 31 15.7132 0.724869 2.48902 0.280514 1845
4 10 32 18.8457 0.489607 1.59236 0.400875 1754
4 10 33 16.647 0.468623 1.5981 0.356651 1852
4 10 34 21.5 -2 0 0 1986
4 10 35 21.5 -2 0 0 2147
4 10 36 21.5 -2 0 0 1863
4 10 37 16.3812 0.606256 1.81129 0.329457 2092
4 10 38 17.9477 0.436709 2.05963 0.512059 2442
4 10 39 17.6399 0.450287 2.19054 0.355594 3200
4 10 40 18.336 0.422548 1.8923 0.335281 1997
4 10 41 16.6052 0.439594 1.70347 0.365998 1979
4 10 42 17.8952 0.473191 1.99728 0.305684 2329
4 10 43 18.0865 0.499333 1.79076 0.352668 2135
4 10 44 16.2522 0.442187 1.85425 0.277157 2278
4 10 45 18.2522 0.423393 1.9877 0.48541 2041
4 10 46 17.5276 1.10424 2.23325 0.280548 2359
4 10 47 17.0869 0.570945 2.64843 0.37738 3063
4 10 48 16.6157 0.440342 1.44725 0.491587 2262
4 10 49 18.3569 0.474587 1.97097 0.468955 2339
4 10 50 18.1483 0.413284 1.93473 0.317889 2400
4 10 51 16.1051 0.456094 2.11851 0.298968 3685
4 10 52 16.2328 0.675338 1.76836 0.348825 2426
4 10 53 17.4071 0.534087 2.16059 0.364152 2982
4 10 54 16.1465 0.442536 1.56278 0.502235 2424
4 10 55 21.5 -2 0 0 2927
4 10 56 17.499 0.43764 2.59141 0.342428 3391
4 10 57 21.5 -2 0 0 3490
4 10 58 17.6982 0.455531 1.9515 0.396097 2677
4 10 59 17.7055 0.446341 1.87222 0.323892 2676
4 10 60 16.7533 0.473469 2.31029 0.297726 3194
4 10 61 16.8891 0.557665 3.17664 0.21536 4060
4 10 62 17.044 0.602068 2.20764 0.287395 3042
4 10 63 17.425 0.48479 1.96157 0.305693 2620
4 11 0 18.9165 0.641921 3.13752 0.278052 3967
4 11 1 20.0165 0.596039 2.57274 0.343755 3749
4 11 2 19.9358 0.579372 2.35621 0.466628 3614
4 11 3 19.7377 0.590064 2.30729 0.310928 2318
4 11 4 20.4558 0.511483 1.95423 0.381644 2361
4 11 5 19.3054 0.524324 1.83373 0.425538 2561
4 11 6 18.1079 0.412449 2.21655 0.409667 3093
4 11 7 19.3447 0.57449 2.19867 0.324684 2116
4 11 8 18.3398 0.661755 2.08424 0.307373 2663
4 11 9 20.0653 0.475406 2.28893 0.347415 3061
4 11 10 17.9353 0.425612 2.0558 0.367024 2479
4 11 11 18.7756 0.512942 1.74217 0.403512 2276
4 11 12 19.314 0.51119 2.38275 0.258097 2545
4 11 13 21.5 -2 0 0 1919
4 11 14 19.7191 0.642094 2.50553 0.23804 3099
4 11 15 18.5431 0.519435 1.90815 0.314459 2121
4 11 16 21.5 -2 0 0 2442
4 11 17 18.2346 0.485697 2.14974 0.323189 2505
4 11 18 19.7987 0.726715 2.71469 0.536413 2145
4 11 19 18.5321 0.455304 1.83408 0.436901 1800
4 11 20 18.5143 0.401634 2.12244 0.369455 1836
4 11 21 20.6533 0.490138 2.42695 0.379003 3332
4 11 22 18.4981 0.473457 1.78277 0.315696 2235
4 11 23 20.0543 0.626962 2.22922 0.392495 2150
4 11 24 19.9582 0.49226 2.1384 0.365919 2829
4 11 25 17.9743 0.578987 2.32057 0.284478 1493
4 11 26 18.7938 0.66267 2.35423 0.3748 2578
4 11 27 19.6259 0.573925 2.36497 0.326421 1824
4 11 28 18.8547 0.509929 2.41564 0.302702 1783
4 11 29 20.073 0.599665 1.98825 0.346295 2142
4 11 30 18.8235 0.493771 1.72425 0.478764 1905
4 11 31 17.7012 0.508349 2.05343 0.309246 1411
4 11 32 17.5789 0.762523 2.053 0.391009 1400
4 11 33 17.9939 0.471741 1.90262 0.484222 1479
4 11 34 17.407 0.704117 2.23646 0.379047 2257
4 11 35 21.5 -2 0 0 1263
4 11 36 18.2243 0.743153 1.59533 0.510658 1529
4 11 37 21.5 -2 0 0 1719
4 11 38 18.544 0.481937 1.7993 0.400606 1182
4 11 39 19.3607 0.744552 2.3427 0.335639 1311
4 11 40 20.5295 0.492588 2.09398 0.298679 1807
4 11 41 19.1605 0.772797 2.09425 0.336063 1397
4 11 42 17.2382 0.706993 1.78454 0.501806 1387
4 11 43 18.1999 0.44262 1.72929 0.430408 1810
4 11 44 14.7044 0.675458 2.28371 0.761873 1204
4 11 45 19.0426 0.762343 1.97773 0.416799 1336
4 11 46 17.3528 0.48611 2.0695 0.393189 1943
4 11 47 25.5 -2 0 0 1190
4 11 48 25.5 -2 0 0 1454
4 11 49 21.5 -2 0 0 1495
4 11 50 17.6737 0.809477 2.18459 0.283993 1240
4 11 51 20.1836 0.461696 2.29059 0.40463 1303
4 11 52 21.5 -2 0 0 1631
4 11 53 16.0133 0.648047 2.35845 0.368165 1052
4 11 54 17.3771 0.546222 1.88072 0.514271 1211
4 11 55 17.4137 0.514441 2.04032 0.326705 1480
4 11 56 17.027 0.39904 2.05226 0.48452 1189
4 11 57 18.1192 0.840487 2.57743 0.439209 1322
4 11 58 19.1977 0.662047 2.34388 0.256059 1398
4 11 59 21.5 -2 0 0 1693
4 11 60 19.0444 0.452281 2.04566 0.506911 1294
4 11 61 16.2929 0.512901 1.99982 0.53091 1344
4 11 62 21.5 -2 0 0 1557
4 11 63 18.6371 0.519704 1.9822 0.536198 1429
4 12 0 17.705 0.36456 2.20275 0.518244 3938
4 12 1 18.8353 0.485303 2.3639 0.524786 3988
4 12 2 19.1723 0.523681 2.07279 0.509821 3801
4 12 3 18.0025 0.375503 1.99339 0.370542 3142
4 12 4 17.7198 0.330888 1.96361 0.382134 3989
4 12 5 17.2359 0.409804 1.71208 0.642761 3689
4 12 6 18.2424 0.458314 2.60693 0.483634 3624
4 12 7 18.0887 0.351836 2.07764 0.577984 2838
4 12 8 17.9496 0.436341 1.93525 0.496748 3691
4 12 9 17.5974 0.424474 2.36787 0.321628 3229
4 12 10 17.0172 0.435642 2.25187 0.356106 3065
4 12 11 19.1402 0.473827 2.04786 0.403953 4203
4 12 12 17.7494 0.427185 1.9257 0.323928 3390
4 12 13 17.8652 0.365506 2.21579 0.384969 3170
4 12 14 21.5 -2 0 0 3984
4 12 15 17.2386 0.383838 1.77309 0.508476 3571
4 12 16 19.4374 0.392267 2.33741 0.512748 3323
4 12 17 17.7626 0.425984 1.82442 0.546069 4038
4 12 18 17.6492 0.336938 1.70387 0.669117 3688
4 12 19 18.5923 0.370158 1.94764 0.767968 3273
4 12 20 21.5 -2 0 0 4235
4 12 21 18.8783 0.550729 2.37857 0.374403 3460
4 12 22 17.2849 0.487121 2.10056 0.522879 2996
4 12 23 18.1465 0.356717 1.79438 0.49704 4126
4 12 24 18.0977 0.36201 1.95289 0.353098 3876
4 12 25 19.8123 0.346338 2.17612 0.508195 3756
4 12 26 18.4783 0.338604 2.05727 0.429882 4438
4 12 27 17.9692 0.347712 1.8264 0.382169 3586
4 12 28 17.7523 0.445245 1.94683 0.333165 3593
4 12 29 25.5 -2 0 0 4207
4 12 30 18.1972 0.347684 1.50242 0.673535 3945
4 12 31 19.7189 0.446228 2.08798 0.467049 3990
4 12 32 17.1628 0.658151 2.16815 0.456089 3512
4 12 33 18.1109 0.34176 1.83701 0.531826 3992
4 12 34 25.5 -2 0 0 5019
4 12 35 17.9594 0.559815 2.18467 0.392298 3906
4 12 36 21.5 -2 0 0 4046
4 12 37 18.1823 0.344219 1.86731 0.522024 4593
4 12 38 19.09 0.3975 2.41959 0.435292 4331
4 12 39 18.5497 0.659423 2.72578 0.420181 5102
4 12 40 21.5 -2 0 0 4344
4 12 41 17.5 -2 0 0 3876
4 12 42 18.395 0.650122 1.93701 0.435846 4343
4 12 43 18.1683 0.647771 1.81369 0.511997 4662
4 12 44 17.9827 0.343729 2.16441 0.3941 3667
4 12 45 17.8261 0.382213 1.82833 0.5374 4151
4 12 46 19.3624 0.464013 2.22356 0.525293 5258
4 12 47 17.619 0.462826 2.20858 0.393834 4185
4 12 48 19.6397 0.400746 1.95032 0.36276 4565
4 12 49 19.279 0.354769 2.06612 0.388139 4890
4 12 50 19.0045 0.408378 1.91717 0.558398 4519
4 12 51 17.8634 0.463999 2.5061 0.307944 5599
4 12 52 19.5331 0.421889 1.97369 0.488356 5232
4 12 53 17.4761 0.409614 1.99917 0.545028 3962
4 12 54 17.0624 0.418435 2.03333 0.359116 4512
4 12 55 16.6054 0.42795 2.26427 0.478283 5109
4 12 56 16.6544 0.457217 2.40074 0.461068 4899
4 12 57 17.2844 0.435238 2.17034 0.537619 5131
4 12 58 21.5 -2 0 0 4498
4 12 59 17.6789 0.333374 2.50978 0.482912 5126
4 12 60 17.1181 0.389298 2.02633 0.478806 4284
4 12 61 17.3199 0.373741 2.60669 0.490372 6297
4 12 62 17.5 -2 0 0 5511
4 12 63 16.8691 0.424247 2.00658 0.404952 4899
4 13 0 17.2265 0.340524 2.46136 0.43188 5832
4 13 1 16.9559 0.470565 2.19641 0.449063 5162
4 13 2 16.7645 0.393432 2.36326 0.338557 4843
4 13 3 18.0728 0.38964 1.86866 0.420668 4073
4 13 4 17.0261 0.409269 1.77841 0.415542 4370
4 13 5 18.2056 0.394111 1.92196 0.368206 4808
4 13 6 18.3676 0.354811 2.43778 0.46938 5033
4 13 7 16.7937 0.375675 1.94377 0.433153 3316
4 13 8 18.2625 0.380257 2.04302 0.347161 4873
4 13 9 16.7704 0.470032 1.99791 0.444816 3981
4 13 10 16.7103 0.311597 2.05188 0.410597 3569
4 13 11 16.4772 0.533692 1.90325 0.367326 4690
4 13 12 18.0079 0.44115 1.99898 0.370102 4370
4 13 13 16.3422 0.400826 1.76915 0.538502 3424
4 13 14 17.1845 0.375273 2.33709 0.424658 5252
4 13 15 16.8443 0.446766 1.81097 0.359894 3705
4 13 16 17.0427 0.364193 2.25852 0.355583 3675
4 13 17 21.5 -2 0 0 4855
4 13 18 17.3005 0.424 1.60986 0.521138 4035
4 13 19 18.4492 0.328154 1.91658 0.34712 3715
4 13 20 21.5 -2 0 0 4242
4 13 21 17.1014 0.35791 1.97256 0.450344 4531
4 13 22 16.5319 0.4021 1.88847 0.400467 3617
4 13 23 21.5 -2 0 0 4193
4 13 24 18.0366 0.500059 2.0778 0.394872 5198
4 13 25 18.3974 0.426417 2.20736 0.48382 3595
4 13 26 17.5171 0.348065 2.02261 0.41627 5147
4 13 27 17.3524 0.400312 1.50863 0.556349 3749
4 13 28 16.71 0.351933 1.83462 0.331643 3457
4 13 29 21.5 -2 0 0 4702
4 13 30 21.5 -2 0 0 3895
4 13 31 18.3632 0.422732 1.89358 0.293494 3459
4 13 32 16.5212 0.474913 2.06795 0.380353 3258
4 13 33 21.5 -2 0 0 3497
4 13 34 16.9719 0.399782 1.95787 0.41297 5069
4 13 35 17.8644 0.369468 1.87686 0.469007 3257
4 13 36 17.1546 0.388159 1.87314 0.3786 3698
4 13 37 17.8965 0.40369 1.76928 0.441683 4221
4 13 38 16.7914 0.434514 1.78582 0.427004 2742
4 13 39 17.8306 0.338507 2.08532 0.401883 3328
4 13 40 17.0839 0.363179 1.77557 0.540144 4058
4 13 41 17.0882 0.344513 2.13749 0.389905 2886
4 13 42 16.8979 0.543621 1.96478 0.324202 3572
4 13 43 16.877 0.447932 1.7593 0.407556 4279
4 13 44 16.6636 0.508433 1.83164 0.333563 2907
4 13 45 17.103 0.38036 1.60907 0.586965 3375
4 13 46 16.8012 0.393112 2.14573 0.383964 4629
4 13 47 18.4786 0.37827 2.02259 0.451343 2855
4 13 48 21.5 -2 0 0 3628
4 13 49 17.2463 0.49069 1.66264 0.402781 3781
4 13 50 18.3238 0.484037 1.67305 0.530633 3272
4 13 51 16.6525 0.501933 2.1096 0.431851 3736
4 13 52 16.4682 0.495399 1.90411 0.284741 4015
4 13 53 18.063 0.434768 1.77009 0.52989 2954
4 13 54 16.2841 0.434648 1.82105 0.357978 3224
4 13 55 21.5 -2 0 0 3673
4 13 56 16.503 0.454013 1.99409 0.383527 3426
4 13 57 16.1889 0.35509 2.16105 0.407232 3492
4 13 58 17.5431 0.372077 1.96923 0.357154 3602
4 13 59 16.5749 0.412722 2.12193 0.348271 4480
4 13 60 16.2183 0.348775 2.06556 0.427435 3114
4 13 61 16.3006 0.641759 2.31095 0.351384 3875
4 13 62 16.64 0.329862 1.90296 0.668891 3934
4 13 63 16.5217 0.377608 1.66988 0.479968 3435
4 14 0 17.913 0.403004 2.73969 0.331394 5577
4 14 1 17.3946 0.377351 2.14101 0.536817 4888
4 14 2 17.3999 0.414337 2.45188 0.364706 4375
4 14 3 16.2534 0.604292 2.01459 0.450713 3525
4 14 4 21.5 -2 0 0 3626
4 14 5 17.0007 0.357264 2.00407 0.4333 4004
4 14 6 17.8914 0.403189 2.03744 0.611039 4088
4 14 7 18.2959 0.426205 2.49105 0.317491 3866
4 14 8 17.4752 0.446093 2.20634 0.32911 4369
4 14 9 21.5 -2 0 0 3700
4 14 10 17.4614 0.393364 2.14688 0.460787 3740
4 14 11 21.5 -2 0 0 3916
4 14 12 21.5 -2 0 0 3483
4 14 13 16.7619 0.466631 2.06802 0.311175 3060
4 14 14 17.908 0.437091 2.65931 0.469868 4724
4 14 15 17.2234 0.349414 2.01837 0.483239 3214
4 14 16 17.9234 0.370283 2.60025 0.462451 3578
4 14 17 17.5903 0.409407 2.24322 0.306551 4054
4 14 18 17.4905 0.355753 1.90503 0.576742 3414
4 14 19 18.0914 0.435562 2.30711 0.410383 3597
4 14 20 17.0323 0.413742 1.98395 0.329177 3398
4 14 21 17.2609 0.363205 1.94884 0.506552 4145
4 14 22 16.6979 0.36837 2.02526 0.411011 3185
4 14 23 18.2222 0.52214 2.15022 0.488572 3307
4 14 24 18.7335 0.466247 2.18472 0.541097 4098
4 14 25 18.2997 0.475499 2.07875 0.431833 3349
4 14 26 21.5 -2 0 0 4516
4 14 27 16.7739 0.44435 2.15684 0.431878 2988
4 14 28 16.7915 0.487515 1.93833 0.426051 2951
4 14 29 21.5 -2 0 0 3765
4 14 30 17.5113 0.373534 1.96764 0.46824 2905
4 14 31 17.3236 0.560288 2.07405 0.40787 2721
4 14 32 17.3011 0.435201 2.16451 0.242802 2456
4 14 33 19.1735 0.35287 1.90173 0.471611 3119
4 14 34 21.5 -2 0 0 4059
4 14 35 18.7713 0.359666 1.93588 0.469086 2739
4 14 36 17.8434 0.364547 1.98479 0.4029 2923
4 14 37 21.5 -2 0 0 3144
4 14 38 18.595 0.538784 2.09228 0.318258 2477
4 14 39 18.5205 0.412396 1.98952 0.486167 2599
4 14 40 16.9169 0.477252 2.27905 0.310893 2771
4 14 41 16.6922 0.384629 1.98746 0.352328 2176
4 14 42 18.2925 0.402793 2.01825 0.505755 3226
4 14 43 21.5 -2 0 0 3217
4 14 44 17.9453 0.40846 2.1855 0.38473 2394
4 14 45 21.5 -2 0 0 2276
4 14 46 21.5 -2 0 0 3490
4 14 47 18.0268 0.501289 2.62744 0.343714 2518
4 14 48 17.2411 0.349189 1.94505 0.527359 2183
4 14 49 16.9681 0.484217 2.30598 0.342778 2603
4 14 50 16.9423 0.60633 1.93132 0.233262 1914
4 14 51 16.0845 0.732288 2.4472 0.463433 2072
4 14 52 16.1782 0.430788 2.17818 0.363107 2847
4 14 53 16.1599 0.505977 2.30723 0.359135 1567
4 14 54 16.213 0.484363 2.32463 0.303491 1947
4 14 55 21.5 -2 0 0 3049
4 14 56 18.2461 0.397321 2.10185 0.418841 2679
4 14 57 21.5 -2 0 0 2856
4 14 58 16.7301 0.554895 2.27529 0.294033 1864
4 14 59 15.2784 0.563515 2.4222 0.404703 3225
4 14 60 17.3037 0.464477 2.3405 0.37854 2549
4 14 61 17.0122 0.632114 3.00374 0.299434 2048
4 14 62 15.7489 0.514541 2.27767 0.434096 2480
4 14 63 17.3977 0.378971 2.09607 0.509086 2793
4 15 0 21.5 -2 0 0 2212
4 15 1 17.5596 0.450769 2.60101 0.302642 1954
4 15 2 17.9186 0.58523 2.5164 0.364235 2662
4 15 3 17.3998 0.383158 2.22632 0.400981 1726
4 15 4 18.3559 0.594453 2.09918 0.339936 3000
4 15 5 17.7435 0.329714 2.0027 0.481268 2087
4 15 6 18.0374 0.546123 2.55196 0.468076 2498
4 15 7 17.1151 0.429127 2.29795 0.326738 1399
4 15 8 18.2523 0.471066 2.01489 0.348845 2856
4 15 9 18.6174 0.475596 2.22007 0.335673 2280
4 15 10 18.6186 0.436304 1.87476 0.399267 2072
4 15 11 17.368 0.450168 1.63425 0.614271 2402
4 15 12 17.0581 0.378993 1.93799 0.412055 1912
4 15 13 21.5 -2 0 0 1844
4 15 14 19.2758 0.447229 2.29187 0.481776 3167
4 15 15 17.0149 0.576021 1.83802 0.487659 2182
4 15 16 21.5 -2 0 0 1366
4 15 17 21.5 -2 0 0 2603
4 15 18 18.5281 0.419558 2.0032 0.3897 2808
4 15 19 19.4108 0.519132 2.27832 0.553863 2532
4 15 20 18.2971 0.439067 1.85337 0.478017 2611
4 15 21 18.4029 0.482715 2.08346 0.475652 1791
4 15 22 18.5638 0.451335 2.12622 0.364236 2192
4 15 23 18.4275 0.360714 1.67473 0.517643 3442
4 15 24 16.8193 0.683584 2.26645 0.448334 2186
4 15 25 18.83 0.648986 2.31002 0.298542 2725
4 15 26 21.5 -2 0 0 3061
4 15 27 18.2156 0.369865 1.80111 0.479682 2443
4 15 28 18.3868 0.430281 2.03351 0.381334 2194
4 15 29 17.1473 0.465625 2.21803 0.288801 3316
4 15 30 19.1904 0.449731 1.82672 0.464952 3186
4 15 31 17.1301 0.678885 1.96288 0.492044 2321
4 15 32 21.5 -2 0 0 2561
4 15 33 21.5 -2 0 0 2952
4 15 34 21.5 -2 0 0 3412
4 15 35 19.0842 0.433501 1.55391 0.690868 3154
4 15 36 18.0773 0.56543 2.13895 0.334088 2902
4 15 37 18.0842 0.352346 2.19281 0.37775 3442
4 15 38 21.5 -2 0 0 2816
4 15 39 19.9004 0.488061 2.15234 0.630985 4525
4 15 40 17.7012 0.603246 2.12617 0.428223 3239
4 15 41 21.5 -2 0 0 2580
4 15 42 18.771 0.496059 1.89977 0.467445 4017
4 15 43 17.1701 0.524886 2.33379 0.299786 3524
4 15 44 17.488 0.374752 1.9392 0.302863 3138
4 15 45 17.5 -2 0 0 3130
4 15 46 18.4259 0.376823 2.18902 0.34608 3729
4 15 47 18.2437 0.523458 2.83889 0.286745 3564
4 15 48 17.1254 0.637448 2.02666 0.460729 3248
4 15 49 18.4049 0.451089 2.31013 0.461093 3798
4 15 50 17.7348 0.393402 1.87236 0.313656 3298
4 15 51 17.3953 0.537219 2.232 0.535778 4842
4 15 52 21.5 -2 0 0 3917
4 15 53 21.5 -2 0 0 3976
4 15 54 17.6699 0.320956 1.85235 0.53538 3608
4 15 55 17.8705 0.500525 2.08743 0.345686 4166
4 15 56 21.5 -2 0 0 4271
4 15 57 21.5 -2 0 0 4557
4 15 58 17.6867 0.468923 1.88794 0.529931 3520
4 15 59 17.1372 0.450923 2.3961 0.410056 4122
4 15 60 18.3527 0.449987 2.42751 0.523113 4414
4 15 61 17.571 0.452371 3.12897 0.314897 5334
4 15 62 21.5 -2 0 0 4511
4 15 63 17.9339 0.404861 2.05213 0.295646 4534
5 0 0 18.583 0.803197 1.67897 0.500596 603
5 0 1 21.5 -2 0 0 571
5 0 2 18.5273 -3 0 0 139
5 0 3 18.3482 0.669863 1.68731 0.412809 438
5 0 4 18.1976 0.557513 2.00645 0.347442 508
5 0 5 18.1148 0.685541 1.62225 0.464722 496
5 0 6 19.3046 0.697425 2.35027 0.312976 468
5 0 7 18.4867 0.750524 1.3556 0.435321 508
5 0 8 18.8331 0.604527 1.80313 0.393543 521
5 0 9 18.6962 0.716196 2.07915 0.305854 520
5 0 10 21.5 -2 0 0 498
5 0 11 17.3803 0.693982 1.76607 0.347763 509
5 0 12 18.0596 0.556444 1.6987 0.414146 497
5 0 13 19.4797 0.664377 1.9627 0.300233 452
5 0 14 17.5 -2 0 0 568
5 0 15 18.5273 -3 0 0 133
5 0 16 21.5 -2 0 0 493
5 0 17 21.5 -2 0 0 560
5 0 18 19.2569 0.805347 1.93661 0.431718 394
5 0 19 18.6679 0.665821 1.93324 0.323939 496
5 0 20 18.0078 0.658495 1.69657 0.372372 485
5 0 21 21.5 -2 0 0 475
5 0 22 18.5273 -3 0 0 195
5 0 23 17.9427 0.847716 1.92742 0.351076 548
5 0 24 18.4336 0.95224 1.15406 0.417072 547
5 0 25 18.8589 0.759459 1.63846 0.43522 559
5 0 26 19.6959 0.709545 1.36582 0.443915 595
5 0 27 18.5273 -3 0 0 108
5 0 28 18.2571 1.00906 1.82669 0.315368 420
5 0 29 21.5 -2 0 0 560
5 0 30 18.5273 -3 0 0 62
5 0 31 20.0539 0.98866 3.07075 0.344953 546
5 0 32 18.5273 -3 0 0 108
5 0 33 18.5273 -3 0 0 153
5 0 34 18.1561 0.756267 2.2426 0.328451 621
5 0 35 19.9268 0.872126 2.80352 0.331503 546
5 0 36 18.5273 -3 0 0 66
5 0 37 18.246 0.602694 1.75457 0.432762 629
5 0 38 19.0064 1.28604 3.4453 0.343241 590
5 0 39 21.5 -2 0 0 636
5 0 40 18.5273 -3 0 0 47
5 0 41 18.5273 -3 0 0 117
5 0 42 21.5 -2 0 0 294
5 0 43 21.5 -2 0 0 607
5 0 44 17.5 -2 0 0 202
5 0 45 18.5273 -3 0 0 96
5 0 46 18.8086 0.699188 2.64622 0.335686 634
5 0 47 19.6168 0.667865 1.94977 0.422001 715
5 0 48 18.5273 -3 0 0 114
5 0 49 19.3098 0.678185 2.62477 0.344787 625
5 0 50 18.5273 -3 0 0 140
5 0 51 18.2472 0.916858 3.37032 0.36895 751
5 0 52 21.5 -2 0 0 610
5 0 53 17.5 -2 0 0 205
5 0 54 18.6405 0.722513 1.76722 0.294658 512
5 0 55 17.9517 0.786375 1.29577 0.337932 637
5 0 56 16.5213 1.00668 3.67552 0.317713 209
5 0 57 16.2294 0.972985 1.95036 0.352188 450
5 0 58 17.5 -2 0 0 635
5 0 59 17.6516 0.713282 1.81699 0.371883 713
5 0 60 17.5 -2 0 0 453
5 0 61 16.5293 0.651107 2.52943 0.250149 803
5 0 62 16.5218 0.615779 1.54547 0.438541 711
5 0 63 17.1018 0.575668 1.98198 0.402134 640
5 1 0 19.4275 0.629522 2.51516 0.335115 793
5 1 1 19.4595 0.593822 2.36162 0.441234 753
5 1 2 17.4325 0.597061 1.97263 0.362442 760
5 1 3 16.9597 0.602086 2.06541 0.492569 778
5 1 4 18.0257 0.459983 1.9299 0.335906 701
5 1 5 18.3528 0.915845 3.44241 0.35806 714
5 1 6 21.5 -2 0 0 856
5 1 7 18.6473 0.661805 1.63535 0.496326 942
5 1 8 18.1135 0.624662 1.40771 0.453036 747
5 1 9 19.6174 0.594575 2.37674 0.330353 859
5 1 10 21.5 -2 0 0 876
5 1 11 18.3612 1.1823 2.09166 0.35873 652
5 1 12 20.509 1.41309 3.2912 0.439478 721
5 1 13 18.8353 0.590399 2.21915 0.255919 770
5 1 14 19.0058 0.652666 2.61104 0.253504 721
5 1 15 18.9626 0.613601 1.74735 0.338725 718
5 1 16 17.8074 0.649719 1.89973 0.558456 1065
5 1 17 18.1736 1.2578 2.50614 0.414749 639
5 1 18 19.7725 0.547572 2.02848 0.344032 726
5 1 19 19.0848 0.667141 2.35867 0.390871 843
5 1 20 18.3336 0.605719 1.96052 0.412465 616
5 1 21 18.7494 0.646827 2.55538 0.275444 801
5 1 22 18.9581 0.551635 2.06537 0.297617 781
5 1 23 19.5728 0.581061 1.84419 0.323364 654
5 1 24 19.6908 0.645507 1.95926 0.427295 737
5 1 25 19.2817 0.664014 2.17661 0.320632 825
5 1 26 21.5 -2 0 0 685
5 1 27 19.6616 0.565074 2.36027 0.265748 537
5 1 28 17.705 0.54102 2.09852 0.376869 666
5 1 29 18.5758 0.653759 1.8117 0.350202 575
5 1 30 18.2948 0.713045 2.56537 0.281149 457
5 1 31 19.1638 0.613522 1.87044 0.445931 750
5 1 32 17.9021 0.648438 1.86905 0.34004 660
5 1 33 18.1912 0.688262 2.15725 0.32218 615
5 1 34 19.275 0.613285 1.54118 0.452554 661
5 1 35 19.7052 0.545712 2.29028 0.321077 722
5 1 36 20.4581 0.781972 2.74891 0.426652 701
5 1 37 21.5 -2 0 0 639
5 1 38 25.5 -2 0 0 710
5 1 39 19.1088 0.588917 1.84488 0.380547 583
5 1 40 18.3085 0.820156 2.65731 0.249645 630
5 1 41 18.0423 0.673635 1.88881 0.329961 621
5 1 42 18.0558 0.672133 1.52766 0.367431 548
5 1 43 18.8246 0.674471 2.1813 0.279859 598
5 1 44 18.4914 0.861542 2.73027 0.426832 627
5 1 45 19.0271 0.778677 1.40636 0.348025 621
5 1 46 18.1609 0.62522 2.45564 0.314034 647
5 1 47 18.2963 0.639785 1.9899 0.341281 676
5 1 48 17.6877 0.571841 2.14234 0.374656 622
5 1 49 18.4642 0.805561 1.56119 0.465784 558
5 1 50 18.7343 0.901467 1.55344 0.443656 607
5 1 51 18.3769 0.527073 1.80292 0.526095 594
5 1 52 17.6801 0.562007 2.15854 0.371032 548
5 1 53 21.5 -2 0 0 656
5 1 54 21.5 -2 0 0 577
5 1 55 16.6467 0.726219 2.5231 0.315252 553
5 1 56 21.5 -2 0 0 579
5 1 57 21.5 -2 0 0 581
5 1 58 21.5 -2 0 0 554
5 1 59 21.5 -2 0 0 564
5 1 60 18.1087 0.73934 1.98014 0.365005 631
5 1 61 17.9061 0.665504 2.43999 0.306056 559
5 1 62 17.2813 0.741566 1.63024 0.604131 394
5 1 63 17.5 -2 0 0 544
5 2 0 17.8295 0.90585 3.30605 0.247405 880
5 2 1 18.161 0.564175 2.08235 0.392133 780
5 2 2 17.4146 0.940108 3.563 0.322827 264
5 2 3 17.9324 0.778145 1.76778 0.479802 693
5 2 4 18.4355 -3 0 0 153
5 2 5 18.175 0.628594 1.82005 0.33831 723
5 2 6 18.2573 1.00188 4.26103 0.397496 718
5 2 7 17.9233 0.514777 2.09455 0.323942 574
5 2 8 18.388 0.616089 2.22734 0.444593 691
5 2 9 18.9565 0.572792 1.6668 0.435174 640
5 2 10 16.3995 0.936673 2.61237 0.32385 392
5 2 11 18.8736 0.741217 1.5805 0.371126 670
5 2 12 19.0857 0.811615 1.8849 0.395348 672
5 2 13 18.4682 0.69007 2.16341 0.400481 629
5 2 14 17.9207 0.659306 1.45216 0.428149 784
5 2 15 16.0042 0.887509 2.71124 0.273575 224
5 2 16 18.6796 0.539905 2.07913 0.424402 645
5 2 17 18.3525 0.899526 1.41937 0.416992 433
5 2 18 18.4355 -3 0 0 138
5 2 19 18.7544 0.634 1.74673 0.439274 638
5 2 20 19.881 0.727554 2.03385 0.377591 755
5 2 21 18.1358 0.694069 2.62333 0.330321 680
5 2 22 18.0957 0.815207 2.85129 0.308701 579
5 2 23 18.4268 0.593588 2.2234 0.352984 516
5 2 24 18.7788 0.433358 1.66792 0.542604 772
5 2 25 18.086 1.18682 3.42897 0.351867 684
5 2 26 19.3216 0.665475 2.23508 0.475029 793
5 2 27 18.1947 0.739283 2.49524 0.303813 572
5 2 28 18.7968 0.825998 1.58941 0.331555 634
5 2 29 18.1363 0.572198 2.30173 0.272416 733
5 2 30 18.4355 -3 0 0 92
5 2 31 19.0175 0.687157 1.77448 0.433842 665
5 2 32 19.3412 0.622226 1.77632 0.438744 672
5 2 33 21.5 -2 0 0 717
5 2 34 19.5122 0.712321 1.69386 0.399434 776
5 2 35 18.5183 0.730111 2.09525 0.324104 740
5 2 36 17.3956 0.637383 2.07287 0.477018 697
5 2 37 21.5 -2 0 0 796
5 2 38 18.8675 0.679987 2.3739 0.349848 760
5 2 39 16.9357 0.610858 2.40241 0.354912 844
5 2 40 18.4334 0.609931 1.99111 0.256179 763
5 2 41 21.5 -2 0 0 699
5 2 42 17.2454 0.766527 1.79737 0.381613 754
5 2 43 17.7695 0.605973 1.92063 0.324369 914
5 2 44 19.3564 0.6033 1.91729 0.406284 701
5 2 45 17.3888 0.825031 2.07018 0.411643 752
5 2 46 18.437 0.860358 1.91127 0.472942 966
5 2 47 0 -10 0 0 0
5 2 48 17.9897 0.608821 1.72475 0.320483 775
5 2 49 18.3934 0.677134 1.31012 0.593258 830
5 2 50 17.219 0.589393 1.59692 0.412729 743
5 2 51 16.1473 0.588319 2.34444 0.320682 1135
5 2 52 21.5 -2 0 0 954
5 2 53 18.9725 0.634219 1.98475 0.347964 830
5 2 54 17.7838 0.699561 1.95799 0.401493 738
5 2 55 19.2155 0.625526 2.0473 0.338223 936
5 2 56 18.084 0.674457 1.93548 0.336898 919
5 2 57 18.5938 0.662664 2.09979 0.261022 1009
5 2 58 21.5 -2 0 0 823
5 2 59 18.2415 0.513719 2.37834 0.323495 1085
5 2 60 18.278 0.731969 2.17156 0.333045 861
5 2 61 18.1071 0.571435 2.29768 0.236069 1289
5 2 62 17.452 0.604268 2.02376 0.494828 1116
5 2 63 16.7044 0.608011 1.36322 0.483305 816
5 3 0 21.5 -2 0 0 1376
5 3 1 21.5 -2 0 0 1467
5 3 2 18.0706 0.551052 2.25925 0.3698 1557
5 3 3 21.5 -2 0 0 1743
5 3 4 17.983 0.531341 1.88576 0.376017 1315
5 3 5 17.9892 0.752963 2.41085 0.417993 1387
5 3 6 17.2722 0.566881 2.59659 0.333455 1658
5 3 7 17.6792 0.474403 2.20992 0.255377 2255
5 3 8 17.0145 0.544271 1.89446 0.251789 1281
5 3 9 18.6854 0.602667 2.53636 0.382757 2107
5 3 10 18.2249 0.568617 1.99992 0.383961 2283
5 3 11 17.5628 0.604744 1.5953 0.395743 1211
5 3 12 18.0595 0.536126 2.01734 0.279263 1595
5 3 13 17.8709 0.584377 2.726 0.250311 1704
5 3 14 18.5476 0.558581 2.19033 0.32856 1278
5 3 15 17.8932 1.07589 2.85602 0.35897 244
5 3 16 17.7842 0.545677 2.41087 0.259611 2701
5 3 17 18.1719 0.496774 1.81616 0.37574 1160
5 3 18 21.5 -2 0 0 1465
5 3 19 21.5 -2 0 0 2004
5 3 20 18.1205 0.621225 1.33859 0.607495 1173
5 3 21 21.5 -2 0 0 1921
5 3 22 18.3861 0.591027 2.33983 0.284318 1869
5 3 23 21.5 -2 0 0 901
5 3 24 18.1572 0.827516 1.52628 0.514576 1202
5 3 25 17.8986 0.709045 2.42665 0.376752 1685
5 3 26 17.7481 -3 0 0 173
5 3 27 17.6378 0.475058 1.96692 0.286118 1431
5 3 28 17.5933 0.605039 2.2053 0.33831 1421
5 3 29 17.7481 -3 0 0 158
5 3 30 16.8583 0.67582 2.11268 0.29161 1318
5 3 31 18.0105 0.473164 1.92434 0.394056 1554
5 3 32 17.1105 0.551261 1.7736 0.438204 1335
5 3 33 17.7481 -3 0 0 165
5 3 34 17.4366 0.656202 2.46305 0.356122 229
5 3 35 21.5 -2 0 0 1368
5 3 36 17.3444 0.587817 1.42707 0.474608 414
5 3 37 17.2764 0.576506 1.94555 0.249299 974
5 3 38 18.2864 0.61124 2.60674 0.380251 1287
5 3 39 17.8429 0.544189 1.83981 0.34963 911
5 3 40 21.5 -2 0 0 1076
5 3 41 17.3945 0.467673 1.65804 0.377513 1189
5 3 42 21.5 -2 0 0 998
5 3 43 16.2348 0.70616 1.88693 0.531596 929
5 3 44 17.9274 0.469346 2.27345 0.34381 1095
5 3 45 18.0413 0.576222 1.53107 0.552567 1149
5 3 46 17.7634 0.697092 1.56997 0.471415 269
5 3 47 17.1627 0.602748 2.34462 0.412024 1192
5 3 48 17.4653 0.51841 2.28785 0.307895 1044
5 3 49 16.7317 0.463463 1.97104 0.390031 894
5 3 50 16.9956 0.492741 1.78026 0.297685 988
5 3 51 16.2809 0.565023 2.3548 0.414017 739
5 3 52 16.4096 0.524947 1.66931 0.334555 802
5 3 53 17.4293 0.676951 2.2129 0.436292 994
5 3 54 16.4203 0.491395 1.46768 0.356388 941
5 3 55 17.3368 0.487895 1.88842 0.274851 839
5 3 56 16.974 0.70591 1.45582 0.658331 850
5 3 57 17.4388 0.579005 1.80919 0.385832 824
5 3 58 17.2868 0.532485 2.41594 0.414818 955
5 3 59 16.7476 0.474262 2.29186 0.312422 837
5 3 60 15.3224 0.694428 2.55679 0.506295 329
5 3 61 15.8468 0.603104 1.53175 0.613075 779
5 3 62 16.2533 0.500804 2.00423 0.313398 779
5 3 63 15.7049 0.718095 2.30912 0.356628 739
5 4 0 18.8111 0.517109 2.29732 0.274859 1472
5 4 1 15.9982 0.886052 2.80831 0.354908 547
5 4 2 15.8119 0.863084 3.25022 0.367051 293
5 4 3 18.8006 0.688134 1.55559 0.380797 788
5 4 4 17.591 0.554348 1.60544 0.481138 910
5 4 5 17.5 -2 0 0 867
5 4 6 17.5 -2 0 0 927
5 4 7 17.5 -2 0 0 825
5 4 8 17.2051 0.602025 1.78473 0.468323 1054
5 4 9 18.3723 0.698458 2.05625 0.394213 884
5 4 10 16.7332 0.789537 2.60588 0.218829 849
5 4 11 18.7547 0.537915 1.93184 0.390275 1062
5 4 12 18.0244 0.503173 1.64758 0.510564 859
5 4 13 18.3213 0.547166 1.43906 0.464817 762
5 4 14 18.4257 0.497552 2.15603 0.29249 1384
5 4 15 17.4991 0.633511 1.8442 0.40226 808
5 4 16 18.125 0.780197 1.7772 0.474048 860
5 4 17 16.8364 0.578303 1.93845 0.265127 1145
5 4 18 17.9116 0.514015 1.76114 0.336419 858
5 4 19 16.6836 0.523373 1.87047 0.413336 835
5 4 20 18.7735 0.604981 2.04099 0.377291 988
5 4 21 21.5 -2 0 0 974
5 4 22 17.5814 0.643639 1.63371 0.497241 766
5 4 23 15.3749 0.607471 2.36481 0.215922 225
5 4 24 18.8754 0.608588 2.12593 0.317086 1150
5 4 25 18.0919 0.791747 1.48417 0.412897 807
5 4 26 19.1043 0.64951 2.54772 0.32958 1431
5 4 27 17.7484 -3 0 0 170
5 4 28 17.5418 0.734483 2.02882 0.268601 775
5 4 29 18.5059 0.547763 1.89561 0.341448 1232
5 4 30 16.2953 0.984586 3.60389 0.3749 516
5 4 31 17.5198 0.633859 1.71133 0.359783 804
5 4 32 18.124 0.968476 2.16636 0.547651 799
5 4 33 13.5 -2 0 0 210
5 4 34 16.3056 0.603984 2.48874 0.307687 1498
5 4 35 18.2342 0.563505 1.84316 0.286635 869
5 4 36 17.7484 -3 0 0 156
5 4 37 17.7484 -3 0 0 119
5 4 38 21.5 -2 0 0 795
5 4 39 18.0376 0.614583 1.44329 0.474317 977
5 4 40 18.3994 0.697661 1.92104 0.392351 945
5 4 41 16.2403 0.74574 1.98596 0.397455 818
5 4 42 15.3803 1.13648 3.5884 0.382775 306
5 4 43 17.7204 0.573902 1.72339 0.307932 1186
5 4 44 18.4619 0.608732 1.51705 0.421073 851
5 4 45 21.5 -2 0 0 831
5 4 46 17.6556 0.627773 2.02726 0.307197 1526
5 4 47 17.6124 0.589638 2.1787 0.321451 901
5 4 48 18.4474 0.505009 1.94824 0.30305 928
5 4 49 17.7459 0.827564 2.03458 0.274506 1186
5 4 50 17.4266 0.653844 1.67213 0.336899 884
5 4 51 16.8832 0.797838 2.37104 0.433953 1381
5 4 52 16.3425 0.719472 2.10744 0.267037 1286
5 4 53 17.8287 0.538092 1.84653 0.409627 867
5 4 54 17.9262 0.608815 1.88727 0.236181 922
5 4 55 16.9651 0.703285 1.84552 0.317292 1285
5 4 56 21.5 -2 0 0 1020
5 4 57 17.117 0.591801 1.93886 0.277337 1252
5 4 58 16.1581 0.850501 1.86872 0.325799 982
5 4 59 17.3201 0.559377 1.68167 0.426006 1529
5 4 60 17.3784 0.667153 2.15642 0.334261 911
5 4 61 16.5125 0.562627 2.34472 0.310382 1658
5 4 62 21.5 -2 0 0 1605
5 4 63 15.6332 0.643339 1.69785 0.425041 1053
5 5 0 18.7326 0.461853 2.02392 0.38514 1689
5 5 1 18.4901 0.466916 2.10916 0.329822 1763
5 5 2 18.5957 0.479791 2.4344 0.504546 1911
5 5 3 18.6532 0.473799 2.0491 0.30892 2552
5 5 4 19.6477 0.520317 2.25677 0.467854 1932
5 5 5 18.6251 0.454192 1.61532 0.660126 2186
5 5 6 18.9924 0.396711 2.27992 0.316082 2311
5 5 7 18.9418 0.678395 2.24737 0.321154 3817
5 5 8 18.5845 0.433069 1.90603 0.432777 1846
5 5 9 18.5631 0.699677 2.02665 0.630743 2882
5 5 10 18.8307 0.500876 2.09865 0.467126 3232
5 5 11 18.2676 0.716411 1.43161 0.570931 1793
5 5 12 21.5 -2 0 0 2380
5 5 13 18.2418 0.418149 2.10444 0.389269 2856
5 5 14 18.7567 0.474407 2.30671 0.316594 1390
5 5 15 19.0123 0.611536 2.4844 0.388661 2581
5 5 16 18.8529 0.522646 2.98689 0.351178 2287
5 5 17 18.9071 0.570723 1.95215 0.406184 1641
5 5 18 18.986 0.615827 2.18928 0.357307 2428
5 5 19 20.4813 0.510649 2.50279 0.469327 3296
5 5 20 18.3173 0.797319 2.08257 0.379218 2037
5 5 21 19.5186 0.396682 2.15413 0.293897 2471
5 5 22 18.7823 0.572557 2.05286 0.328033 3142
5 5 23 19.0974 0.432971 2.45982 0.303726 1765
5 5 24 18.6902 0.904872 1.99239 0.441486 1543
5 5 25 25.5 -2 0 0 3393
5 5 26 18.4301 0.677245 2.12152 0.395374 1618
5 5 27 19.102 0.673938 2.2253 0.269505 2333
5 5 28 19.4553 0.465544 2.05365 0.32873 2870
5 5 29 18.2164 0.645645 2.22548 0.308168 1574
5 5 30 18.4406 0.433477 1.84164 0.396432 2283
5 5 31 19.3277 0.428121 2.52142 0.307832 3108
5 5 32 19.0977 0.532075 2.0172 0.366767 2617
5 5 33 19.3135 0.475801 1.8753 0.329649 2349
5 5 34 19.0615 0.756705 1.88748 0.42372 1530
5 5 35 19.0287 0.599606 2.38326 0.306851 3048
5 5 36 19.432 0.425824 1.66963 0.358134 2259
5 5 37 18.5288 0.614963 2.22282 0.301654 1755
5 5 38 19.8047 0.461199 2.64793 0.412836 2928
5 5 39 19.1122 0.417522 2.32699 0.311809 1933
5 5 40 18.5533 0.594401 1.98485 0.437262 2027
5 5 41 18.8982 0.515325 2.40451 0.335068 2500
5 5 42 21.5 -2 0 0 1808
5 5 43 19.2469 0.389054 2.00994 0.479329 1546
5 5 44 19.0035 0.586382 2.24023 0.362084 2303
5 5 45 18.6076 0.653977 2.45059 0.360981 2232
5 5 46 18.4952 0.516154 2.26933 0.362441 1484
5 5 47 19.0271 0.51217 2.35347 0.486682 2907
5 5 48 18.5079 0.465618 2.13593 0.251777 2014
5 5 49 18.7598 0.482946 1.60094 0.61745 1642
5 5 50 17.7308 0.502566 2.23447 0.353103 2160
5 5 51 21.5 -2 0 0 1490
5 5 52 18.7982 0.535302 1.9869 0.474044 1504
5 5 53 18.9901 0.465574 2.99719 0.441253 2466
5 5 54 18.0563 0.531143 1.79444 0.362577 1734
5 5 55 18.9022 0.452902 2.16099 0.327813 1414
5 5 56 18.6286 0.476856 2.31034 0.366008 1711
5 5 57 21.5 -2 0 0 1498
5 5 58 18.1793 0.439264 2.37858 0.339618 1556
5 5 59 16.7108 0.708981 1.87293 0.571973 1320
5 5 60 21.5 -2 0 0 2144
5 5 61 18.1601 0.631234 2.27667 0.293715 1384
5 5 62 18.0108 0.452323 1.83942 0.339708 1439
5 5 63 17.2279 0.646084 1.96487 0.386144 1533
5 6 0 18.0397 0.643145 2.41345 0.378042 1670
5 6 1 17.554 0.494841 2.30627 0.370606 1310
5 6 2 17.6203 0.492802 1.92882 0.410738 1144
5 6 3 21.5 -2 0 0 811
5 6 4 18.2802 0.637191 1.91148 0.419909 902
5 6 5 21.5 -2 0 0 987
5 6 6 17.5717 0.575635 2.30761 0.266842 1023
5 6 7 17.513 0.614367 1.31866 0.444206 808
5 6 8 17.73 0.645913 1.85732 0.403415 1125
5 6 9 21.5 -2 0 0 872
5 6 10 21.5 -2 0 0 840
5 6 11 21.5 -2 0 0 745
5 6 12 18.0706 0.667738 1.55573 0.376723 925
5 6 13 21.5 -2 0 0 778
5 6 14 17.5466 0.654229 2.78753 0.24572 1465
5 6 15 21.5 -2 0 0 763
5 6 16 17.2721 0.583633 2.30371 0.265504 899
5 6 17 18.849 0.742953 3.14982 0.320248 1222
5 6 18 18.1106 0.549756 2.27468 0.218257 829
5 6 19 21.5 -2 0 0 821
5 6 20 21.5 -2 0 0 767
5 6 21 18.155 0.571901 2.18839 0.340088 979
5 6 22 15.7421 0.796378 1.5817 0.647751 779
5 6 23 18.9109 0.531417 2.14428 0.374906 961
5 6 24 18.0993 0.552383 1.36672 0.441968 1185
5 6 25 21.5 -2 0 0 808
5 6 26 16.533 1.06619 2.41017 0.295693 1402
5 6 27 21.5 -2 0 0 826
5 6 28 18.7979 0.676836 1.58464 0.356592 741
5 6 29 17.8434 0.860357 1.65969 0.331558 1103
5 6 30 18.0981 0.468443 1.67862 0.393493 754
5 6 31 21.5 -2 0 0 758
5 6 32 18.6561 0.526034 1.76688 0.41986 729
5 6 33 21.5 -2 0 0 792
5 6 34 18.3451 0.77587 2.44981 0.355587 1336
5 6 35 18.376 0.524577 1.70145 0.426422 710
5 6 36 16.813 0.549198 1.71607 0.437359 676
5 6 37 21.5 -2 0 0 850
5 6 38 18.8544 0.708851 1.0752 0.472758 717
5 6 39 21.5 -2 0 0 813
5 6 40 17.5107 0.5833 2.13271 0.24888 866
5 6 41 18.7507 0.652799 1.53228 0.366863 718
5 6 42 17.3485 0.557265 1.54384 0.478221 843
5 6 43 17.702 0.712183 1.11343 0.503583 1019
5 6 44 21.5 -2 0 0 674
5 6 45 15.9323 0.886889 1.75947 0.469076 725
5 6 46 17.647 0.573279 2.58003 0.284086 1219
5 6 47 18.2498 0.728832 2.67914 0.358322 727
5 6 48 18.5375 0.520762 1.99884 0.285409 783
5 6 49 18.049 0.570882 1.93522 0.349568 873
5 6 50 17.5 -2 0 0 717
5 6 51 18.1686 0.586911 2.30395 0.321029 819
5 6 52 17.2222 0.64179 2.30171 0.325495 963
5 6 53 17.2826 0.540195 2.24504 0.395622 709
5 6 54 17.1558 0.498672 1.33619 0.457772 695
5 6 55 18.4763 0.611223 1.83294 0.289669 949
5 6 56 17.6017 0.637418 1.70373 0.417986 857
5 6 57 16.7885 0.71475 2.19934 0.348133 898
5 6 58 21.5 -2 0 0 789
5 6 59 16.8181 0.538402 2.09996 0.265972 1115
5 6 60 16.7321 0.581362 1.63692 0.465755 780
5 6 61 16.7667 0.524112 2.52325 0.276032 1106
5 6 62 16.6158 0.877133 2.09244 0.48581 1014
5 6 63 17.5 -2 0 0 825
5 7 0 19.9631 0.559339 2.1608 0.38883 1143
5 7 1 19.6661 0.503461 2.43731 0.358186 1245
5 7 2 19.1921 0.555133 2.58185 0.313186 1282
5 7 3 18.9329 0.405893 2.05196 0.354425 1721
5 7 4 18.595 0.699013 1.94565 0.392631 1519
5 7 5 21.1813 0.547709 1.8858 0.579006 1466
5 7 6 19.0359 0.569588 1.95885 0.420354 1443
5 7 7 19.4052 0.517022 2.7249 0.316681 2305
5 7 8 18.9454 0.727808 2.09824 0.306669 1249
5 7 9 19.3462 0.469305 2.03094 0.332051 1777
5 7 10 20.7689 0.558223 2.43875 0.338378 1877
5 7 11 25.5 -2 0 0 1440
5 7 12 19.158 0.498981 2.47535 0.354328 1569
5 7 13 19.5053 0.570423 2.1302 0.420488 2135
5 7 14 19.4622 0.517991 2.2619 0.43317 1130
5 7 15 19.9355 0.844951 2.27398 0.311057 1981
5 7 16 19.1513 0.454173 2.196 0.412238 2337
5 7 17 20.6361 0.382888 2.11301 0.474575 1206
5 7 18 19.1774 0.575631 1.85899 0.319233 1741
5 7 19 19.8045 0.468271 2.51363 0.313215 2666
5 7 20 19.0833 0.654909 1.82352 0.43421 1725
5 7 21 19.0887 0.447831 2.33508 0.45586 1604
5 7 22 19.7649 0.546828 2.04125 0.427759 1998
5 7 23 19.3174 0.542622 1.38794 0.531445 1487
5 7 24 19.5541 0.428315 2.10256 0.448448 1131
5 7 25 25.5 -2 0 0 2824
5 7 26 19.6273 0.539825 2.3248 0.21455 1314
5 7 27 19.3077 0.475763 2.08061 0.26268 2105
5 7 28 25.5 -2 0 0 2520
5 7 29 19.4343 0.402234 2.05993 0.468714 1312
5 7 30 18.3029 0.480112 1.98879 0.279077 1892
5 7 31 20.3863 0.503531 2.48019 0.303278 3249
5 7 32 20.0691 0.485535 2.21727 0.280552 2568
5 7 33 19.263 0.732558 2.35384 0.270363 1878
5 7 34 19.7675 0.453138 2.2256 0.466498 1355
5 7 35 19.4457 0.565583 2.45718 0.24696 3526
5 7 36 19.2837 0.764148 2.08645 0.405879 2049
5 7 37 19.527 0.475634 2.41812 0.339804 1713
5 7 38 20.3141 0.461436 2.33733 0.432303 3577
5 7 39 19.2355 0.600141 2.12996 0.477054 2542
5 7 40 20.0802 0.72359 2.0485 0.363211 1843
5 7 41 25.5 -2 0 0 2600
5 7 42 19.9366 0.453872 2.53732 0.376433 2013
5 7 43 19.8629 0.6407 2.14434 0.290046 1453
5 7 44 20.1127 0.50484 2.65979 0.380042 3002
5 7 45 19.5678 0.412728 1.787 0.467868 2015
5 7 46 18.6324 0.568938 2.35653 0.31524 1359
5 7 47 20.2168 0.432917 2.83136 0.265245 3963
5 7 48 17.9622 0.832863 2.27637 0.425924 2221
5 7 49 18.9812 0.588838 2.34677 0.478266 1719
5 7 50 18.7652 1.10633 2.36438 0.394713 2594
5 7 51 19.3016 0.509937 2.17551 0.274418 1910
5 7 52 18.8081 0.491346 2.34756 0.366309 1578
5 7 53 18.7784 0.468829 2.28908 0.393258 3134
5 7 54 18.6955 0.477685 2.19211 0.284687 2396
5 7 55 19.0067 0.65238 2.24229 0.30759 1665
5 7 56 19.1322 0.513927 2.25543 0.319254 2320
5 7 57 19.5196 0.456441 2.60141 0.327269 2088
5 7 58 18.818 0.466309 1.80004 0.566044 1955
5 7 59 18.8275 0.608234 2.29374 0.404927 1552
5 7 60 18.2901 0.445839 2.43055 0.321953 2827
5 7 61 17.7389 0.502338 2.21426 0.317232 1597
5 7 62 18.5598 0.444276 2.0333 0.401486 1615
5 7 63 18.0414 0.545196 2.04481 0.327603 1912
5 8 0 18.7431 0.999521 2.12404 0.407408 832
5 8 1 19.1944 0.478887 1.99399 0.405071 733
5 8 2 18.251 0.888369 3.99157 0.621769 717
5 8 3 20.9078 1.18653 4.53437 0.319039 662
5 8 4 18.429 0.634386 1.30395 0.564225 695
5 8 5 17.5 -2 0 0 589
5 8 6 19.1406 0.523272 1.51424 0.570554 736
5 8 7 18.0797 0.450125 1.97407 0.501374 639
5 8 8 19.1487 0.656329 1.8119 0.282391 684
5 8 9 18.352 0.852505 2.07201 0.482284 705
5 8 10 17.767 0.917205 1.67278 0.55378 705
5 8 11 18.4495 0.617767 1.69296 0.437057 744
5 8 12 18.2255 0.831532 1.5919 0.473533 678
5 8 13 18.5088 0.553899 2.50747 0.28499 735
5 8 14 19.1702 0.55021 1.99512 0.391741 818
5 8 15 18.5118 0.508786 1.85725 0.428003 741
5 8 16 17.5 -2 0 0 730
5 8 17 19.4018 0.650303 1.83026 0.312486 737
5 8 18 18.3756 0.541699 2.00551 0.321838 644
5 8 19 21.5 -2 0 0 751
5 8 20 21.5 -2 0 0 760
5 8 21 18.2261 0.538863 2.24807 0.368414 690
5 8 22 18.0906 0.89792 2.30843 0.439242 672
5 8 23 19.095 0.817072 1.68891 0.350943 794
5 8 24 19.3553 0.53922 2.00301 0.327808 749
5 8 25 18.0233 0.639522 2.08476 0.41345 792
5 8 26 19.367 0.48244 2.0082 0.45466 854
5 8 27 18.6999 0.686911 1.84268 0.453155 715
5 8 28 19.0128 0.689668 1.79816 0.280331 790
5 8 29 19.2302 0.558147 2.00416 0.330648 765
5 8 30 19.5086 0.625848 2.01449 0.34343 730
5 8 31 17.8124 0.75691 2.37235 0.281203 819
5 8 32 18.3577 0.588874 2.01353 0.384576 744
5 8 33 18.8077 0.730793 1.41837 0.430978 777
5 8 34 18.8577 0.857782 2.44857 0.457459 869
5 8 35 19.6546 0.605554 2.60257 0.472259 872
5 8 36 21.5 -2 0 0 798
5 8 37 18.1137 0.620519 2.25474 0.33315 795
5 8 38 19.28 0.656832 1.74215 0.400957 1004
5 8 39 19.5496 0.561648 2.48768 0.301643 1141
5 8 40 21.5 -2 0 0 814
5 8 41 19.4949 0.535462 1.30522 0.543797 815
5 8 42 19.3322 0.646712 1.92923 0.4561 939
5 8 43 19.3425 0.528013 1.97442 0.348057 854
5 8 44 16.4762 0.63939 2.62083 0.399171 815
5 8 45 18.3988 0.562692 1.80632 0.384348 803
5 8 46 18.8813 0.613266 1.68026 0.435181 905
5 8 47 19.2608 0.673918 3.00267 0.187601 1175
5 8 48 18.4027 0.637703 1.88558 0.467708 903
5 8 49 19.1958 0.885679 1.97166 0.328022 923
5 8 50 18.2985 0.639758 2.06166 0.263209 869
5 8 51 17.7389 0.700751 2.49263 0.31828 1141
5 8 52 16.2198 0.645076 2.63565 0.342081 956
5 8 53 18.2687 0.517926 1.97149 0.414118 1069
5 8 54 18.3725 0.575011 2.18488 0.375795 990
5 8 55 18.1524 0.55775 1.76512 0.277739 1054
5 8 56 17.9361 0.702255 2.26608 0.299782 1123
5 8 57 18.0262 0.889144 2.55992 0.280587 1102
5 8 58 17.9282 0.543012 1.91314 0.25648 968
5 8 59 17.9886 0.552285 2.29941 0.3396 1028
5 8 60 18.1505 0.635106 2.69297 0.331669 1118
5 8 61 21.5 -2 0 0 1321
5 8 62 18.0962 0.689034 1.85061 0.39985 1136
5 8 63 17.2997 0.594927 1.60091 0.468574 990
5 9 0 19.8757 0.807222 3.24698 0.283291 1127
5 9 1 18.6026 1.03186 3.40562 0.333497 1135
5 9 2 18.8269 0.625082 2.42212 0.337427 1114
5 9 3 17.5709 0.682767 2.05096 0.324596 884
5 9 4 18.5504 0.671035 2.53165 0.280611 542
5 9 5 19.256 0.591493 1.86238 0.498364 708
5 9 6 25.197 2.14524 6.88336 0.413987 1082
5 9 7 19.1823 0.947525 2.38646 0.437913 835
5 9 8 19.1532 0.557294 2.0974 0.260121 934
5 9 9 19.7613 0.664269 2.60028 0.294657 972
5 9 10 19.9369 0.593022 2.35948 0.362491 906
5 9 11 19.271 0.663783 2.43021 0.437312 655
5 9 12 21.5 -2 0 0 417
5 9 13 19.273 0.7103 1.85264 0.35848 777
5 9 14 19.0342 0.89532 2.2975 0.302748 941
5 9 15 19.6247 0.657786 2.3988 0.298178 836
5 9 16 19.4556 0.523372 2.19 0.30682 970
5 9 17 19.3668 0.654151 2.02776 0.35851 885
5 9 18 18.9203 0.519881 1.59636 0.360805 904
5 9 19 19.5607 0.562365 2.33277 0.48012 726
5 9 20 19.3395 -3 0 0 141
5 9 21 20.6928 0.673975 2.51363 0.31096 990
5 9 22 19.6376 0.548365 2.13554 0.309429 885
5 9 23 19.3395 -3 0 0 186
5 9 24 18.5011 0.991761 2.86248 0.333953 873
5 9 25 20.1863 0.748419 2.38619 0.365059 758
5 9 26 20.216 0.568064 2.34944 0.311872 836
5 9 27 21.5 -2 0 0 741
5 9 28 18.3471 1.1269 2.51788 0.203579 703
5 9 29 19.1007 0.543933 1.69329 0.469924 807
5 9 30 19.3395 -3 0 0 160
5 9 31 19.5359 0.740628 2.57658 0.3142 768
5 9 32 19.1371 0.587147 2.20439 0.454997 687
5 9 33 21.5 -2 0 0 534
5 9 34 21.5 -2 0 0 823
5 9 35 19.3395 -3 0 0 144
5 9 36 19.3899 0.733901 3.18324 0.318932 637
5 9 37 19.3395 -3 0 0 150
5 9 38 21.5 -2 0 0 410
5 9 39 19.5395 0.70457 2.71075 0.522195 672
5 9 40 19.3395 -3 0 0 119
5 9 41 18.7614 0.66345 2.35246 0.542328 678
5 9 42 19.3395 -3 0 0 166
5 9 43 19.1392 0.60106 2.23631 0.335792 746
5 9 44 18.8351 0.545803 1.96467 0.361795 588
5 9 45 18.3266 0.515597 1.97044 0.357012 609
5 9 46 18.0726 1.62626 4.584 0.424936 762
5 9 47 17.9456 0.617362 2.23955 0.255671 673
5 9 48 19.3395 -3 0 0 147
5 9 49 21.5 -2 0 0 655
5 9 50 18.2154 0.54904 2.20534 0.462166 638
5 9 51 18.8654 0.622289 2.09068 0.320999 649
5 9 52 18.4166 0.630195 1.6906 0.408957 704
5 9 53 17.6837 0.634875 2.4169 0.360389 620
5 9 54 18.6776 0.505253 2.03269 0.371112 603
5 9 55 17.3766 0.704552 2.03976 0.389669 658
5 9 56 19.5718 0.713487 2.62095 0.312949 247
5 9 57 19.8529 0.779107 2.96484 0.357693 671
5 9 58 18.6141 0.78406 2.95205 0.419673 713
5 9 59 18.072 0.623856 1.47826 0.400538 753
5 9 60 18.3177 0.649473 2.21042 0.424741 661
5 9 61 18.8419 0.63142 2.21871 0.300153 722
5 9 62 17.8155 0.591752 2.29454 0.258789 718
5 9 63 17.6444 0.568665 1.62475 0.428804 666
5 10 0 21.5 -2 0 0 1534
5 10 1 21.5 -2 0 0 1376
5 10 2 17.6533 0.5612 2.23299 0.533588 1353
5 10 3 21.5 -2 0 0 1328
5 10 4 21.5 -2 0 0 1605
5 10 5 18.2259 0.442979 2.04685 0.416568 1438
5 10 6 17.4502 0.490087 2.14933 0.266942 1308
5 10 7 18.2472 0.642894 1.98106 0.368335 1346
5 10 8 17.0119 0.409973 1.62919 0.508294 1421
5 10 9 21.5 -2 0 0 1314
5 10 10 15.8192 0.689469 3.1152 0.603641 528
5 10 11 17.1967 0.556407 2.05861 0.272041 1580
5 10 12 17.471 0.561322 2.01033 0.417946 1349
5 10 13 17.6783 0.468956 2.06901 0.251155 1346
5 10 14 17.8898 0.410136 2.01547 0.384256 1568
5 10 15 17.9287 0.47061 1.77917 0.2823 1516
5 10 16 17.7181 0.426287 2.32703 0.444776 1261
5 10 17 17.9485 0.482282 2.21301 0.47897 1697
5 10 18 21.5 -2 0 0 1539
5 10 19 18.6118 0.463633 1.76209 0.400432 1525
5 10 20 17.1702 0.605327 2.62012 0.349398 281
5 10 21 21.5 -2 0 0 1196
5 10 22 18.1437 0.527775 2.04651 0.308836 1279
5 10 23 17.738 0.716978 1.64113 0.540878 617
5 10 24 25.5 -2 0 0 1500
5 10 25 18.1101 0.548839 2.11538 0.392356 1643
5 10 26 18.8592 0.497981 2.1802 0.384451 1805
5 10 27 21.5 -2 0 0 1586
5 10 28 18.1165 0.482434 1.59685 0.505177 1628
5 10 29 18.1472 0.447664 2.24706 0.367947 1783
5 10 30 17.146 0.677215 2.50653 0.29821 1505
5 10 31 18.1398 0.491341 2.03291 0.378519 1875
5 10 32 18.1044 0.55122 1.8192 0.306449 1759
5 10 33 18.744 0.594113 2.08444 0.443921 1434
5 10 34 17.7157 0.414278 1.86563 0.441517 1975
5 10 35 17.743 0.498429 1.85597 0.399292 2149
5 10 36 21.5 -2 0 0 1915
5 10 37 15.6382 0.617156 3.05601 0.325314 680
5 10 38 17.1305 0.742817 2.15026 0.28857 2433
5 10 39 18.3192 0.538124 2.24212 0.312608 3191
5 10 40 17.5366 0.561255 2.1421 0.372631 2016
5 10 41 21.5 -2 0 0 1985
5 10 42 17.5174 0.526321 1.97347 0.48483 2378
5 10 43 17.872 0.484225 1.9999 0.33495 2156
5 10 44 17.7851 0.468938 1.72495 0.340292 2263
5 10 45 17.9215 0.506553 1.83899 0.455268 1991
5 10 46 16.8059 0.972954 2.57741 0.368235 2316
5 10 47 18.0744 0.519211 2.60588 0.271738 3048
5 10 48 17.8766 0.467124 1.85868 0.416344 2207
5 10 49 17.6427 0.422129 2.08884 0.283435 2344
5 10 50 17.9134 0.45089 1.91622 0.370081 2367
5 10 51 17.8257 0.499932 2.55386 0.268309 3702
5 10 52 21.5 -2 0 0 2421
5 10 53 17.541 0.504179 2.30047 0.272866 2981
5 10 54 17.577 0.580449 2.09372 0.345616 2464
5 10 55 16.3746 1.00873 2.47476 0.361167 2937
5 10 56 16.9418 0.422209 1.78486 0.495485 3324
5 10 57 21.5 -2 0 0 3396
5 10 58 16.9115 0.535837 2.25182 0.434735 2928
5 10 59 21.5 -2 0 0 2657
5 10 60 17.7401 0.560116 2.24291 0.407052 3009
5 10 61 16.356 0.535888 2.88608 0.234189 3963
5 10 62 15.8393 0.595707 2.55268 0.273693 3071
5 10 63 16.5402 0.691078 2.19348 0.241737 2671
5 11 0 21.5 -2 0 0 3941
5 11 1 17.5968 0.486558 2.2761 0.3132 3746
5 11 2 18.386 0.506283 2.31082 0.346237 3009
5 11 3 18.1358 0.42508 1.68929 0.389044 2307
5 11 4 18.0148 0.71579 2.24231 0.400493 2252
5 11 5 18.0482 0.477236 1.97583 0.334848 2518
5 11 6 18.6274 0.456216 2.36023 0.314446 3409
5 11 7 17.8814 0.502493 2.35589 0.316268 2128
5 11 8 18.4195 0.511472 2.398 0.249005 2830
5 11 9 18.2658 0.568698 2.35303 0.28464 3077
5 11 10 18.4204 0.735364 2.6239 0.438042 2841
5 11 11 18.4443 0.503273 1.70535 0.369753 2304
5 11 12 18.3353 0.520483 1.90142 0.356247 2658
5 11 13 17.8566 0.566825 1.95099 0.329826 1963
5 11 14 21.5 -2 0 0 3025
5 11 15 18.6879 0.446778 1.68793 0.347764 2120
5 11 16 18.7628 0.446129 2.5118 0.288482 2870
5 11 17 21.5 -2 0 0 2493
5 11 18 18.1479 0.520135 1.67471 0.474374 1365
5 11 19 18.2241 0.507482 2.06814 0.36795 1861
5 11 20 18.0568 0.538598 1.82739 0.324846 1870
5 11 21 18.3484 0.489723 2.35577 0.285925 3320
5 11 22 18.5791 0.445569 2.03523 0.368432 2312
5 11 23 18.4543 0.388261 1.98747 0.354607 2134
5 11 24 18.139 0.534434 1.98753 0.261782 2896
5 11 25 18.2023 0.43943 1.9 0.477449 1574
5 11 26 18.3495 0.446413 1.96204 0.353291 2641
5 11 27 17.8031 0.450242 1.86449 0.348253 1793
5 11 28 18.1342 0.581689 1.57271 0.429364 1727
5 11 29 18.225 0.534525 1.91617 0.290498 2153
5 11 30 18.2491 0.49396 2.00794 0.272022 1894
5 11 31 18.6537 0.655812 1.96758 0.350995 1549
5 11 32 18.5831 0.455545 2.30184 0.310289 1474
5 11 33 21.5 -2 0 0 1513
5 11 34 18.2843 0.602645 2.24297 0.334776 2301
5 11 35 18.599 0.599468 2.05758 0.351563 1380
5 11 36 17.0046 0.725206 1.9667 0.376748 1582
5 11 37 21.5 -2 0 0 1785
5 11 38 21.5 -2 0 0 1267
5 11 39 17.8228 0.444589 2.39434 0.318826 1243
5 11 40 17.8673 0.429605 1.84516 0.397895 1745
5 11 41 17.6442 0.467881 1.7097 0.351561 1355
5 11 42 17.9666 0.485704 1.7408 0.410712 1455
5 11 43 18.3164 0.430272 1.6516 0.462067 1804
5 11 44 18.1201 0.498106 1.58337 0.342596 1204
5 11 45 18.0827 0.596149 1.77008 0.381548 1370
5 11 46 18.1955 0.545954 2.23156 0.356833 2033
5 11 47 17.0789 0.64401 1.95579 0.394466 1173
5 11 48 17.9355 0.438746 1.56822 0.435802 1357
5 11 49 18.1215 0.400396 1.84512 0.439163 1601
5 11 50 21.5 -2 0 0 1314
5 11 51 18.2805 0.472706 2.2842 0.290539 1315
5 11 52 21.5 -2 0 0 1696
5 11 53 17.7351 0.413323 1.84586 0.570559 1151
5 11 54 17.4184 0.478965 2.01776 0.400882 1233
5 11 55 17.7309 0.519409 1.93094 0.535112 1506
5 11 56 17.118 0.468179 1.93774 0.533117 1403
5 11 57 15.0703 0.65909 3.00072 0.418138 1290
5 11 58 21.5 -2 0 0 1354
5 11 59 16.6928 0.58804 1.85196 0.330601 1780
5 11 60 16.7939 0.381672 1.88109 0.567878 1250
5 11 61 17.3358 0.408159 2.24357 0.436266 1475
5 11 62 17.4304 0.462538 2.25782 0.390956 1621
5 11 63 16.0615 0.873025 2.00248 0.39965 1496
5 12 0 18.49 0.37084 2.55066 0.477894 3220
5 12 1 21.5 -2 0 0 3930
5 12 2 17.8738 0.317436 1.92415 0.500769 3668
5 12 3 18.0082 0.854275 2.02091 0.454467 3310
5 12 4 18.4544 0.423384 1.68967 0.46598 4054
5 12 5 18.1427 0.367723 2.18424 0.340151 3638
5 12 6 18.0653 0.546735 2.23226 0.43836 3691
5 12 7 18.2199 0.349908 2.09803 0.45131 3247
5 12 8 18.3309 0.300316 1.99552 0.353637 3733
5 12 9 18.1955 0.378225 2.27084 0.544807 3247
5 12 10 18.3321 0.445731 2.28127 0.490643 3236
5 12 11 17.0769 0.433409 1.71187 0.467658 3770
5 12 12 17.1786 0.546365 2.31998 0.38445 3590
5 12 13 17.6044 0.391128 1.79571 0.531154 3205
5 12 14 17.6611 0.350039 2.09638 0.54022 4028
5 12 15 17.658 0.398449 1.96674 0.382551 3446
5 12 16 18.6345 0.407829 2.17374 0.484942 3261
5 12 17 18.161 0.572502 2.11124 0.397201 4185
5 12 18 18.5869 0.33179 2.031 0.49879 3750
5 12 19 18.7759 0.326083 2.14076 0.362168 3428
5 12 20 21.5 -2 0 0 4318
5 12 21 21.5 -2 0 0 3303
5 12 22 18.1936 0.448569 1.77191 0.442035 3094
5 12 23 21.5 -2 0 0 4034
5 12 24 17.6466 0.359941 2.00419 0.363546 3814
5 12 25 18.3387 0.452674 1.98785 0.476832 3655
5 12 26 18.4313 0.417835 2.20959 0.45242 4543
5 12 27 17.5741 0.613654 1.86091 0.518149 1882
5 12 28 18.1768 0.404363 1.9081 0.584121 3582
5 12 29 18.2341 0.43583 2.14507 0.427249 4592
5 12 30 17.8609 0.35929 1.75043 0.461435 3804
5 12 31 17.9668 0.452112 2.34834 0.293406 3937
5 12 32 21.5 -2 0 0 3486
5 12 33 17.1395 0.567759 2.29552 0.505936 3800
5 12 34 18.64 0.590114 2.28138 0.468693 4841
5 12 35 18.6219 0.400042 1.95648 0.543813 3842
5 12 36 18.3181 0.422438 1.79012 0.487368 4268
5 12 37 18.296 0.44613 1.86178 0.701364 4637
5 12 38 17.9502 0.464606 2.42541 0.467302 4317
5 12 39 19.4517 0.454354 2.68872 0.519558 4904
5 12 40 18.0977 0.535079 2.14609 0.500276 4414
5 12 41 21.5 -2 0 0 3995
5 12 42 17.3021 0.382498 1.86796 0.350307 3732
5 12 43 21.5 -2 0 0 4339
5 12 44 17.8272 0.37506 2.17162 0.401014 4106
5 12 45 18.1912 0.461818 1.85279 0.460329 3993
5 12 46 21.5 -2 0 0 5010
5 12 47 18.1235 0.658632 2.77297 0.351094 673
5 12 48 18.2933 0.346031 1.8235 0.423166 3830
5 12 49 17.3579 0.388586 1.57696 0.550597 4552
5 12 50 17.1388 0.470019 1.77101 0.587151 1485
5 12 51 21.5 -2 0 0 5616
5 12 52 17.7028 0.622309 2.15123 0.381433 4909
5 12 53 18.0932 0.318351 2.07829 0.516306 4406
5 12 54 21.5 -2 0 0 4681
5 12 55 18.0817 0.391057 2.03497 0.457764 5135
5 12 56 21.5 -2 0 0 4515
5 12 57 18.1597 0.320379 2.17072 0.462161 5270
5 12 58 17.175 0.397098 2.05341 0.282612 4406
5 12 59 16.7746 0.431829 2.32913 0.421788 5195
5 12 60 17.2681 0.404928 2.46888 0.42926 4050
5 12 61 17.1796 0.396286 2.92833 0.453615 5941
5 12 62 17.7499 0.318987 2.38145 0.38926 5689
5 12 63 17.0878 0.318573 1.75397 0.506602 4769
5 13 0 21.5 -2 0 0 5996
5 13 1 21.5 -2 0 0 5419
5 13 2 16.8077 0.440684 2.50927 0.384339 5159
5 13 3 17.4766 0.376841 1.7218 0.42658 4146
5 13 4 16.4033 0.796961 1.97831 0.406817 775
5 13 5 17.6658 0.334225 2.09362 0.381555 4964
5 13 6 21.5 -2 0 0 4889
5 13 7 16.7731 0.384923 1.7894 0.567575 3695
5 13 8 15.4202 0.825035 2.36589 0.386638 4779
5 13 9 21.5 -2 0 0 4494
5 13 10 16.9611 0.388135 2.1733 0.295543 4079
5 13 11 21.5 -2 0 0 4965
5 13 12 16.5927 0.50539 1.93137 0.455253 4455
5 13 13 16.0552 0.397288 2.34481 0.398386 689
5 13 14 16.7303 0.451722 2.07447 0.503017 5587
5 13 15 17.6846 0.473669 1.89665 0.368284 4157
5 13 16 18.0899 0.409085 2.02629 0.5467 4089
5 13 17 17.8755 0.428717 2.01536 0.30244 5234
5 13 18 17.024 0.346835 1.83141 0.484733 4300
5 13 19 16.7903 0.54416 2.06781 0.346397 3691
5 13 20 17.75 0.469534 2.17267 0.3918 4162
5 13 21 17.5 -2 0 0 4722
5 13 22 21.5 -2 0 0 3894
5 13 23 15.8349 0.730344 1.47261 0.358933 406
5 13 24 17.694 0.358178 2.15788 0.27847 5167
5 13 25 17.6071 0.367677 1.70914 0.516671 3702
5 13 26 18.0443 0.391624 2.20135 0.47355 5519
5 13 27 21.5 -2 0 0 1740
5 13 28 16.9849 0.669114 1.7981 0.428745 1638
5 13 29 15.5733 0.446107 2.03892 0.477515 688
5 13 30 17.0795 0.452143 1.91116 0.555972 4186
5 13 31 16.442 0.518162 2.23887 0.355468 3384
5 13 32 16.948 0.434482 1.74484 0.403849 3411
5 13 33 17.0801 0.582267 1.44978 0.601363 2779
5 13 34 17.2945 0.402016 2.05752 0.506625 5310
5 13 35 16.8701 0.353856 2.08784 0.470033 3250
5 13 36 15.5647 0.524471 2.07161 0.407761 251
5 13 37 15.4729 0.43015 1.68378 0.419011 250
5 13 38 17.8454 0.366805 2.1834 0.316271 2965
5 13 39 18.1103 0.38202 2.06445 0.354744 3582
5 13 40 18.2726 0.442904 1.78178 0.409502 2964
5 13 41 16.7738 0.448501 2.01904 0.314872 3030
5 13 42 17.3827 0.381246 2.01622 0.488694 3891
5 13 43 16.312 0.529412 2.71074 0.314619 624
5 13 44 21.5 -2 0 0 3008
5 13 45 17.348 0.44706 1.67503 0.383362 3564
5 13 46 17.9322 0.374899 2.39975 0.393878 5115
5 13 47 17.3422 0.42123 2.32327 0.303121 2930
5 13 48 16.9071 0.38581 1.6655 0.454211 3152
5 13 49 17.415 0.385985 2.00139 0.377975 4082
5 13 50 21.5 -2 0 0 3271
5 13 51 16.8057 0.417773 2.08101 0.43698 3969
5 13 52 21.5 -2 0 0 4284
5 13 53 17.0367 0.469316 2.06259 0.406565 3016
5 13 54 16.9732 0.385431 2.02754 0.418165 3373
5 13 55 16.3951 0.498061 1.76954 0.307827 3858
5 13 56 17.2554 0.481429 1.90025 0.472058 3717
5 13 57 21.5 -2 0 0 3785
5 13 58 16.2867 0.445722 1.78496 0.349552 3491
5 13 59 21.5 -2 0 0 4539
5 13 60 16.9649 0.430131 2.07374 0.321181 3293
5 13 61 16.7602 0.379124 2.7021 0.433447 4277
5 13 62 17.4849 0.343491 2.23625 0.406704 4300
5 13 63 16.0595 0.421356 1.71837 0.449574 3651
5 14 0 21.5 -2 0 0 6062
5 14 1 17.3902 0.383047 2.45519 0.404124 5292
5 14 2 17.9617 0.344112 2.24478 0.455728 5235
5 14 3 17.6334 0.433525 1.83348 0.481519 3930
5 14 4 21.5 -2 0 0 4295
5 14 5 17.0104 0.400126 2.07917 0.374621 4485
5 14 6 21.5 -2 0 0 4871
5 14 7 17.6393 0.377218 1.9805 0.430669 2867
5 14 8 18.0628 0.372717 1.81069 0.507753 4735
5 14 9 17.7425 0.395174 2.14543 0.475259 2795
5 14 10 17.988 0.543723 2.55791 0.379121 4344
5 14 11 17.6405 0.401281 1.89628 0.463648 4203
5 14 12 17.1702 0.591589 1.90431 0.384003 3792
5 14 13 21.5 -2 0 0 3628
5 14 14 18.7389 0.397236 2.37791 0.416856 5483
5 14 15 17.8144 0.373952 1.86337 0.308031 3564
5 14 16 17.4179 0.441272 2.31399 0.376761 3175
5 14 17 15.7232 0.595765 2.3269 0.489052 4269
5 14 18 18.0144 0.407071 2.10857 0.350486 3833
5 14 19 18.1702 0.375302 2.06313 0.493604 3713
5 14 20 17.9159 0.365753 2.18908 0.465956 3862
5 14 21 18.1574 0.473715 2.34287 0.358742 4860
5 14 22 18.6031 0.331268 1.97649 0.385014 3830
5 14 23 18.5315 0.340822 1.86496 0.472068 4169
5 14 24 17.5276 0.411347 2.08926 0.381974 4688
5 14 25 18.7385 0.324044 2.02115 0.463706 3489
5 14 26 18.2914 0.47995 2.42916 0.418941 2404
5 14 27 17.2791 0.463488 1.66599 0.503333 2467
5 14 28 21.5 -2 0 0 3439
5 14 29 18.4173 0.337666 1.83268 0.409515 4238
5 14 30 18.3164 0.415796 1.91999 0.448469 3641
5 14 31 18.5157 0.397343 1.69819 0.635958 2979
5 14 32 18.6035 0.32166 2.0004 0.408262 3010
5 14 33 17.606 0.384056 1.63083 0.575112 3090
5 14 34 18.325 0.396135 2.21355 0.477658 4637
5 14 35 17.831 0.426435 2.05787 0.338825 2886
5 14 36 21.5 -2 0 0 3198
5 14 37 17.3262 0.408046 2.00013 0.55301 3758
5 14 38 21.5 -2 0 0 2520
5 14 39 21.5 -2 0 0 2523
5 14 40 18.1065 0.470055 1.76545 0.518284 3430
5 14 41 21.5 -2 0 0 2707
5 14 42 18.4096 0.379576 1.96467 0.428064 3165
5 14 43 21.5 -2 0 0 3713
5 14 44 18.367 0.368243 2.108 0.33072 2364
5 14 45 17.8451 0.409354 1.64915 0.393221 2747
5 14 46 17.5349 0.358097 2.11643 0.359383 4121
5 14 47 18.7779 0.419953 2.67801 0.344086 2584
5 14 48 17.4684 0.501672 1.59197 0.433542 2804
5 14 49 17.3258 0.425639 1.8129 0.414386 3161
5 14 50 18.326 0.51528 1.74668 0.468003 2715
5 14 51 17.8297 0.41219 2.98395 0.419977 1309
5 14 52 17.3402 0.348289 2.16946 0.517173 3271
5 14 53 21.5 -2 0 0 2422
5 14 54 17.8963 0.375296 2.01961 0.355199 2736
5 14 55 18.0277 0.436608 2.0288 0.463497 2700
5 14 56 16.931 0.433418 2.42309 0.460158 2817
5 14 57 21.5 -2 0 0 3047
5 14 58 16.7848 0.430133 1.82802 0.559076 2779
5 14 59 17.5224 0.382057 2.14956 0.392142 3913
5 14 60 17.5241 0.390475 2.13829 0.381296 2588
5 14 61 17.5091 0.352188 2.34234 0.367332 3148
5 14 62 16.2954 0.424803 2.45304 0.378226 3206
5 14 63 16.9178 0.472 1.94425 0.503599 2685
5 15 0 17.8722 0.445021 2.56935 0.358701 3040
5 15 1 17.7067 0.458083 2.54017 0.366693 978
5 15 2 18.3431 0.417518 2.28775 0.418085 2825
5 15 3 21.5 -2 0 0 2445
5 15 4 17.3383 0.48845 2.06704 0.400333 2888
5 15 5 17.9178 0.346955 1.91525 0.315127 2717
5 15 6 18.0029 0.649519 2.88196 0.359096 370
5 15 7 21.5 -2 0 0 2173
5 15 8 18.0396 0.528824 1.8451 0.500305 2568
5 15 9 17.9549 0.407667 2.20593 0.483499 2251
5 15 10 18.6727 0.437664 2.15113 0.356939 2092
5 15 11 21.5 -2 0 0 2904
5 15 12 17.975 0.467391 1.83535 0.356773 2426
5 15 13 17.9459 0.358354 1.75958 0.455151 2380
5 15 14 17.9165 0.624918 2.46109 0.414451 3101
5 15 15 18.0893 0.511355 1.80151 0.491991 2553
5 15 16 0 -10 0 0 0
5 15 17 18.5486 0.330785 2.16621 0.565069 3293
5 15 18 18.1458 0.438769 1.99572 0.340993 2621
5 15 19 18.6557 0.486577 2.00199 0.480914 2566
5 15 20 18.4336 0.599499 2.32549 0.486663 3009
5 15 21 18.8464 0.365404 2.10988 0.52841 2364
5 15 22 18.3014 0.665002 2.00716 0.518066 2288
5 15 23 18.7194 0.387402 1.92369 0.548253 3262
5 15 24 18.763 0.641823 1.9028 0.421551 3041
5 15 25 17.5 -2 0 0 2692
5 15 26 18.6233 0.422864 2.11045 0.402665 3463
5 15 27 17.18 0.542687 2.48548 0.402174 2767
5 15 28 18.4766 0.51957 2.33084 0.353123 2765
5 15 29 18.0287 0.556331 2.05009 0.354649 3459
5 15 30 16.7053 0.651292 2.76174 0.437084 3213
5 15 31 18.7497 0.46044 1.65319 0.541889 2758
5 15 32 19.1401 0.379834 1.87636 0.384961 2782
5 15 33 19.0608 0.392396 1.84193 0.406012 3297
5 15 34 25.5 -2 0 0 4092
5 15 35 18.3133 0.392442 2.07108 0.343925 2311
5 15 36 18.182 0.346498 1.89562 0.389208 3278
5 15 37 18.2156 0.430107 1.98571 0.334994 3700
5 15 38 19.2075 0.54487 1.77017 0.640767 2036
5 15 39 18.138 0.487432 2.36332 0.340699 4163
5 15 40 18.348 0.405024 1.8193 0.647658 3489
5 15 41 18.1588 0.596348 1.93454 0.399193 2026
5 15 42 18.4885 0.407208 1.58759 0.604177 3731
5 15 43 18.9351 0.39635 2.01606 0.430291 3956
5 15 44 18.9092 0.530255 1.91829 0.300747 2911
5 15 45 18.2389 0.472629 2.2975 0.27834 3558
5 15 46 18.3321 0.363205 2.33099 0.547275 4200
5 15 47 18.7858 0.372713 2.47481 0.378227 3691
5 15 48 18.1698 0.438441 1.72815 0.462095 3678
5 15 49 18.3821 0.473696 1.98913 0.377213 4202
5 15 50 18.5711 0.472002 2.1881 0.320623 3776
5 15 51 17.9507 0.465254 2.31769 0.457767 5458
5 15 52 17.9295 0.454858 1.78618 0.521908 4345
5 15 53 18.2289 0.451045 2.16694 0.374888 3958
5 15 54 17.9898 0.579332 2.15853 0.390138 4090
5 15 55 17.5919 0.404279 2.06354 0.273852 4359
5 15 56 17.4408 0.449957 2.68894 0.31445 4782
5 15 57 18.0548 0.410073 2.83616 0.331495 5036
5 15 58 17.6743 0.516251 2.03102 0.333337 4421
5 15 59 18.139 0.406601 2.34133 0.353566 4706
5 15 60 16.6238 0.51642 2.72277 0.419657 4031
5 15 61 21.5 -2 0 0 5476
5 15 62 17.3124 0.456079 2.26452 0.390532 4758
5 15 63 21.5 -2 0 0 4176
6 0 0 14.4952 0.892028 2.62855 0.322359 278
6 0 1 16.2839 -3 0 0 149
6 0 2 18.3548 0.6219 1.69736 0.286768 524
6 0 3 16.2839 -3 0 0 75
6 0 4 21.5 -2 0 0 511
6 0 5 17.5 -2 0 0 364
6 0 6 17.5 -2 0 0 210
6 0 7 16.2839 -3 0 0 85
6 0 8 14.3365 0.58586 1.64107 0.379601 442
6 0 9 16.2839 -3 0 0 96
6 0 10 16.2839 -3 0 0 91
6 0 11 15.516 0.508852 1.21092 0.625382 524
6 0 12 16.2839 -3 0 0 95
6 0 13 15.7754 1.11122 3.36675 0.397623 201
6 0 14 15.7301 0.854625 2.48606 0.392059 414
6 0 15 16.2839 -3 0 0 132
6 0 16 17.5 -2 0 0 548
6 0 17 18.6691 0.823885 2.9406 0.297977 573
6 0 18 16.2839 -3 0 0 115
6 0 19 16.2839 -3 0 0 169
6 0 20 16.2839 -3 0 0 104
6 0 21 16.2839 -3 0 0 125
6 0 22 16.2839 -3 0 0 84
6 0 23 18.3644 1.46028 2.50311 0.42367 214
6 0 24 17.5 -2 0 0 484
6 0 25 16.2839 -3 0 0 132
6 0 26 14.9649 0.694723 1.99815 0.323415 430
6 0 27 16.2839 -3 0 0 99
6 0 28 16.2839 -3 0 0 156
6 0 29 18.9 0.749524 2.39493 0.258694 602
6 0 30 16.2839 -3 0 0 112
6 0 31 18.5909 0.638326 1.89988 0.36762 545
6 0 32 16.2839 -3 0 0 132
6 0 33 16.2839 -3 0 0 135
6 0 34 17.4284 0.680241 2.42072 0.318648 646
6 0 35 16.2839 -3 0 0 178
6 0 36 16.2839 -3 0 0 108
6 0 37 16.2839 -3 0 0 176
6 0 38 13.5 -2 0 0 494
6 0 39 15.8833 0.780411 2.90742 0.323144 298
6 0 40 16.2839 -3 0 0 142
6 0 41 17.5 -2 0 0 216
6 0 42 16.2839 -3 0 0 122
6 0 43 15.2131 0.597634 1.60514 0.31782 419
6 0 44 14 0.80253 2.68801 0.302019 449
6 0 45 16.2839 -3 0 0 146
6 0 46 16.5778 1.11732 3.85376 0.445884 273
6 0 47 13.5 -2 0 0 555
6 0 48 16.2839 -3 0 0 133
6 0 49 16.2839 -3 0 0 198
6 0 50 17.5 -2 0 0 225
6 0 51 15.4158 0.65652 2.12481 0.3167 669
6 0 52 18.1699 0.967893 2.4577 0.431247 225
6 0 53 14.7752 0.605129 1.85682 0.333817 592
6 0 54 16.2839 -3 0 0 199
6 0 55 14.5578 0.559693 1.966 0.188948 525
6 0 56 16.8502 1.16695 3.82304 0.381434 248
6 0 57 14.6736 0.600019 1.56528 0.327142 668
6 0 58 17.5 -2 0 0 205
6 0 59 15.3174 1.25372 4.43372 0.443043 371
6 0 60 16.3982 0.55971 1.545 0.432148 656
6 0 61 13.5 -2 0 0 499
6 0 62 17.5 -2 0 0 631
6 0 63 14.3912 0.807276 2.70533 0.245298 459
6 1 0 21.0865 1.16186 4.18306 0.299275 415
6 1 1 17.5 -2 0 0 506
6 1 2 17.5 -2 0 0 454
6 1 3 21.5 -2 0 0 259
6 1 4 19.0821 -3 0 0 112
6 1 5 17.738 1.34666 3.46493 0.382333 734
6 1 6 17.5 -2 0 0 582
6 1 7 18.4756 0.81747 2.92503 0.26657 790
6 1 8 19.0821 -3 0 0 176
6 1 9 19.0821 -3 0 0 195
6 1 10 18.1127 0.872421 2.35583 0.255866 747
6 1 11 19.0821 -3 0 0 121
6 1 12 17.5 -2 0 0 287
6 1 13 17.5 -2 0 0 566
6 1 14 20.2781 0.941158 3.04612 0.297309 340
6 1 15 18.3679 0.882492 3.13339 0.363451 413
6 1 16 19.8506 0.703291 2.71161 0.31773 1149
6 1 17 19.0821 -3 0 0 176
6 1 18 19.0821 -3 0 0 115
6 1 19 17.5 -2 0 0 522
6 1 20 19.0821 -3 0 0 96
6 1 21 21.5506 2.00547 5.64523 0.298825 402
6 1 22 17.6602 0.768336 2.45984 0.387403 497
6 1 23 19.0821 -3 0 0 90
6 1 24 19.7622 1.07429 2.89563 0.275773 376
6 1 25 20.0677 1.66677 5.13259 0.245512 292
6 1 26 19.5495 0.700467 1.98537 0.389722 534
6 1 27 19.0821 -3 0 0 114
6 1 28 19.0821 -3 0 0 168
6 1 29 19.0821 -3 0 0 104
6 1 30 19.0821 -3 0 0 98
6 1 31 19.059 1.8052 4.91032 0.438977 478
6 1 32 16.9006 1.00412 2.88254 0.374037 476
6 1 33 19.0821 -3 0 0 115
6 1 34 19.0821 -3 0 0 179
6 1 35 20.3379 0.652839 2.26603 0.284989 754
6 1 36 19.0821 -3 0 0 114
6 1 37 19.0821 -3 0 0 99
6 1 38 17.6574 0.826375 2.40511 0.27852 620
6 1 39 19.0821 -3 0 0 84
6 1 40 19.0821 -3 0 0 105
6 1 41 20.4568 0.807326 2.43187 0.310314 617
6 1 42 19.0821 -3 0 0 180
6 1 43 19.0821 -3 0 0 119
6 1 44 17.5 -2 0 0 425
6 1 45 19.0821 -3 0 0 185
6 1 46 21.1665 1.18901 3.54685 0.299296 241
6 1 47 17.5 -2 0 0 423
6 1 48 18.0258 0.76938 2.19185 0.463068 363
6 1 49 19.0821 -3 0 0 141
6 1 50 18.8692 0.658152 2.24291 0.353569 675
6 1 51 19.0821 -3 0 0 106
6 1 52 19.0821 -3 0 0 194
6 1 53 19.0821 -3 0 0 126
6 1 54 19.0572 0.528945 1.85082 0.405809 614
6 1 55 19.0821 -3 0 0 184
6 1 56 19.0821 -3 0 0 104
6 1 57 19.0821 -3 0 0 105
6 1 58 18.6876 0.76397 2.61871 0.334624 621
6 1 59 17.5052 1.69403 3.25065 0.41304 250
6 1 60 19.0821 -3 0 0 70
6 1 61 19.0821 -3 0 0 94
6 1 62 19.0821 -3 0 0 199
6 1 63 19.0821 -3 0 0 193
6 2 0 20.4661 1.39947 3.76826 0.366674 279
6 2 1 18.5235 -3 0 0 140
6 2 2 18.3989 0.832424 3.54248 0.397647 538
6 2 3 17.5 -2 0 0 581
6 2 4 18.5235 -3 0 0 129
6 2 5 21.5 -2 0 0 264
6 2 6 18.5235 -3 0 0 157
6 2 7 18.4069 1.47927 3.30339 0.314674 397
6 2 8 21.5 -2 0 0 585
6 2 9 18.8229 0.731605 2.31431 0.419355 650
6 2 10 19.718 0.654363 2.43715 0.239267 642
6 2 11 19.3953 1.06172 2.33012 0.430876 749
6 2 12 19.0033 0.918792 3.55025 0.314751 439
6 2 13 18.0185 0.614584 1.98484 0.38067 536
6 2 14 17.5 -2 0 0 672
6 2 15 19.4286 0.907349 1.66457 0.358382 665
6 2 16 17.5 -2 0 0 367
6 2 17 18.9216 0.568195 2.22826 0.272022 638
6 2 18 22.3627 1.30612 3.84643 0.347702 206
6 2 19 17.8511 0.864636 2.84257 0.330423 429
6 2 20 21.5 -2 0 0 202
6 2 21 19.324 0.542607 2.08461 0.35674 681
6 2 22 17.8614 0.646795 2.12328 0.347495 470
6 2 23 19.8783 0.8211 1.79132 0.38583 757
6 2 24 21.5 -2 0 0 631
6 2 25 16.7979 0.63513 2.22735 0.501445 361
6 2 26 21.5 -2 0 0 727
6 2 27 17.7688 0.562947 1.83953 0.386934 528
6 2 28 19.6616 0.62663 2.01316 0.343299 654
6 2 29 17.9886 0.577062 2.14492 0.402728 678
6 2 30 18.5235 -3 0 0 160
6 2 31 19.3564 0.694631 2.66901 0.320939 685
6 2 32 16.986 0.570962 1.76857 0.39225 518
6 2 33 17.8423 0.62423 1.78947 0.376007 603
6 2 34 18.3206 0.840775 2.40101 0.275611 769
6 2 35 19.7187 0.549246 2.16874 0.345708 711
6 2 36 21.5 -2 0 0 591
6 2 37 20.1857 0.7463 3.03185 0.394721 803
6 2 38 19.413 0.554178 1.67409 0.446603 743
6 2 39 19.5227 0.631787 2.37907 0.355922 874
6 2 40 19.2241 0.583754 1.5106 0.429288 791
6 2 41 17.5907 0.582278 1.68763 0.392953 515
6 2 42 17.7067 0.531072 1.92601 0.330252 637
6 2 43 17.855 0.671297 2.45679 0.390218 701
6 2 44 18.6626 0.580508 1.63642 0.544638 608
6 2 45 17.6225 0.587565 2.21372 0.315931 655
6 2 46 18.5235 -3 0 0 178
6 2 47 21.177 0.734481 3.19079 0.247811 826
6 2 48 18.3484 0.637071 1.56844 0.365463 682
6 2 49 16.1835 0.556716 2.005 0.404749 715
6 2 50 16.5841 1.07375 2.37884 0.426577 616
6 2 51 18.4227 0.544252 2.26758 0.293126 1108
6 2 52 16.1349 0.609635 1.87826 0.304702 703
6 2 53 21.5 -2 0 0 744
6 2 54 18.7231 0.587754 1.69077 0.327653 766
6 2 55 18.1422 0.601722 2.31926 0.274826 936
6 2 56 16.9733 0.690879 2.70949 0.198928 927
6 2 57 18.6697 0.662266 2.6915 0.285062 997
6 2 58 18.3079 0.648124 2.21125 0.397056 851
6 2 59 14.9938 0.780329 2.78985 0.326921 720
6 2 60 16.4837 0.565932 2.15684 0.36563 695
6 2 61 18.5104 0.894123 3.08174 0.358131 1286
6 2 62 18.4028 0.525436 2.01899 0.348196 1103
6 2 63 17.513 0.530821 2.27592 0.331573 795
6 3 0 16.7313 0.530723 2.58575 0.464578 1162
6 3 1 17.0748 0.48425 2.00304 0.340389 1224
6 3 2 19.0435 0.465802 1.98839 0.324301 1506
6 3 3 16.603 0.554278 2.25154 0.254605 1248
6 3 4 18.4463 -3 0 0 193
6 3 5 18.0481 0.716901 2.15291 0.291843 1431
6 3 6 18.0733 0.480134 2.15179 0.267723 1708
6 3 7 18.8191 0.580434 2.30308 0.34538 2296
6 3 8 16.8635 0.758176 3.23808 0.274576 1360
6 3 9 18.538 0.613584 2.54565 0.206528 2111
6 3 10 18.3698 0.699426 2.49441 0.249022 1840
6 3 11 19.9125 0.843709 3.34613 0.387035 218
6 3 12 18.2401 0.823971 2.49312 0.345988 919
6 3 13 19.3299 0.927942 3.44079 0.367054 960
6 3 14 18.5589 0.612265 2.53468 0.289711 1248
6 3 15 19.3319 1.04416 2.82678 0.284587 732
6 3 16 18.7226 0.678519 2.6043 0.230269 2713
6 3 17 22.0781 1.21461 4.72437 0.303795 208
6 3 18 21.5 -2 0 0 220
6 3 19 17.0014 0.749865 2.91245 0.251802 1258
6 3 20 19.2971 0.796324 3.25248 0.202195 491
6 3 21 13.5 -2 0 0 945
6 3 22 17.2803 0.854667 2.43454 0.273028 1208
6 3 23 18.4463 -3 0 0 193
6 3 24 18.0509 0.783705 3.4003 0.422908 524
6 3 25 18.4979 0.562979 2.32479 0.311954 1798
6 3 26 21.3812 1.67273 4.1863 0.370568 281
6 3 27 21.5 -2 0 0 231
6 3 28 18.6257 0.566775 2.25264 0.367587 1437
6 3 29 18.4463 -3 0 0 155
6 3 30 20.2586 1.28521 3.63302 0.477514 210
6 3 31 19.2853 0.978323 2.84613 0.279022 1041
6 3 32 18.0666 0.775276 2.65424 0.224717 905
6 3 33 23.0264 1.37276 3.92494 0.360422 257
6 3 34 18.4463 -3 0 0 171
6 3 35 19.5216 0.582357 2.28569 0.267411 1409
6 3 36 21.5 -2 0 0 380
6 3 37 20.4136 0.802545 2.9213 0.33434 203
6 3 38 17.1035 0.663173 2.32965 0.39958 936
6 3 39 18.4463 -3 0 0 104
6 3 40 18.5191 0.768868 2.54523 0.295444 1195
6 3 41 17.5966 0.72736 2.51626 0.416125 735
6 3 42 18.5037 0.680124 2.98362 0.290267 492
6 3 43 18.6521 0.617459 2.18199 0.44742 575
6 3 44 16.7046 0.607747 1.60845 0.443143 774
6 3 45 17.7653 0.664024 2.1451 0.329405 1114
6 3 46 18.8995 0.521159 2.26167 0.329313 843
6 3 47 18.53 0.570665 1.79339 0.457425 1213
6 3 48 18.7609 0.598476 2.52947 0.283791 1061
6 3 49 19.4189 0.595432 2.20257 0.59309 233
6 3 50 21.5 -2 0 0 576
6 3 51 18.6814 0.807919 3.18232 0.336597 352
6 3 52 20.219 1.10471 3.02642 0.344067 295
6 3 53 17.8263 0.561027 1.97841 0.439276 1018
6 3 54 18.7757 0.819097 2.94387 0.296652 493
6 3 55 17.2909 0.719027 2.78654 0.460045 409
6 3 56 19.9674 0.912724 3.63005 0.263641 342
6 3 57 21.9487 1.09983 3.56656 0.403257 283
6 3 58 17.779 0.609445 2.13479 0.514363 395
6 3 59 14.8066 0.553685 2.25075 0.380335 605
6 3 60 18.4463 -3 0 0 154
6 3 61 16.6212 0.535622 2.09494 0.348674 715
6 3 62 13.5 -2 0 0 399
6 3 63 21.5 -2 0 0 505
6 4 0 17.8274 0.632794 2.54665 0.241905 1477
6 4 1 18.8336 0.557457 1.91033 0.371866 1138
6 4 2 18.5614 0.577455 2.14607 0.289843 1048
6 4 3 17.1302 0.686857 2.53553 0.482996 390
6 4 4 17.5 -2 0 0 843
6 4 5 18.792 0.726243 3.03993 0.383669 369
6 4 6 17.3641 0.645128 2.35349 0.314238 932
6 4 7 16.7406 0.726291 2.87413 0.263107 793
6 4 8 16.8257 0.614288 2.13755 0.298268 771
6 4 9 18.1018 -3 0 0 142
6 4 10 16.6388 0.736321 2.73403 0.300952 452
6 4 11 17.733 0.632123 2.33131 0.248953 1001
6 4 12 19.9043 1.21257 4.64802 0.383602 219
6 4 13 15.4417 0.581003 2.10867 0.450429 570
6 4 14 16.7236 0.79282 2.70177 0.224654 774
6 4 15 18.5352 0.582388 2.55006 0.251898 811
6 4 16 16.9108 0.577455 2.11008 0.338621 594
6 4 17 19.3149 1.12869 4.38143 0.283066 361
6 4 18 19.5021 0.640994 1.87339 0.316013 836
6 4 19 16.8225 0.652344 2.25914 0.422249 494
6 4 20 18.366 0.944641 2.21838 0.408059 883
6 4 21 17.9262 0.744782 3.10689 0.215303 400
6 4 22 19.1208 0.509968 1.96533 0.331276 815
6 4 23 17.5299 0.54711 1.87055 0.367395 945
6 4 24 18.2922 0.838411 3.3432 0.201228 650
6 4 25 18.6461 0.520903 1.76864 0.518687 800
6 4 26 19.2175 0.74918 2.9912 0.292117 450
6 4 27 19.0154 0.744913 2.6868 0.443012 511
6 4 28 16.1996 0.533289 1.98114 0.297371 652
6 4 29 18.1018 -3 0 0 185
6 4 30 17.0914 0.47986 1.81729 0.385945 800
6 4 31 21.5 -2 0 0 429
6 4 32 16.3546 1.12828 2.49988 0.337982 675
6 4 33 16.1816 0.64635 2.23856 0.335157 544
6 4 34 20.5376 0.952871 3.25368 0.400928 254
6 4 35 19.4717 0.563084 1.98335 0.326943 828
6 4 36 18.0309 0.75339 2.01404 0.286353 882
6 4 37 20.8836 1.08063 2.63823 0.417817 389
6 4 38 18.3957 0.759424 2.91541 0.375367 805
6 4 39 18.1894 0.498425 1.91262 0.412473 1037
6 4 40 18.8711 1.17975 2.77189 0.271744 951
6 4 41 18.4867 0.732961 1.86513 0.280399 834
6 4 42 16.6292 0.727324 2.43795 0.313228 737
6 4 43 21.4231 1.02978 3.58581 0.335899 277
6 4 44 18.8061 0.699443 2.65471 0.332198 844
6 4 45 16.523 0.686324 2.56529 0.333724 634
6 4 46 20.3388 1.00622 3.27523 0.270722 250
6 4 47 17.0576 0.555213 2.12031 0.316551 654
6 4 48 21.5 -2 0 0 719
6 4 49 20.8692 1.23143 4.65326 0.303197 433
6 4 50 17.1391 0.64097 2.42097 0.332172 547
6 4 51 17.0119 0.757967 2.31727 0.286748 1110
6 4 52 21.6076 0.78813 3.03974 0.414988 290
6 4 53 16.1724 0.988342 4.25424 0.429354 618
6 4 54 17.2908 0.81349 2.53535 0.232978 676
6 4 55 18.8601 1.01057 3.49653 0.268955 514
6 4 56 16.4548 0.629166 2.62353 0.280465 802
6 4 57 16.6247 0.643605 2.34524 0.323294 928
6 4 58 16.5928 0.661923 2.48651 0.340226 641
6 4 59 17.5 -2 0 0 273
6 4 60 16.3259 0.571028 2.22087 0.375634 649
6 4 61 17.767 0.70655 2.6943 0.360376 820
6 4 62 19.3476 0.887719 3.28401 0.288665 655
6 4 63 16.8504 0.74408 2.94096 0.446609 555
6 5 0 16.1154 0.507721 2.51771 0.438895 1265
6 5 1 15.3729 0.557775 1.41795 0.553173 1694
6 5 2 15.2709 0.622021 1.885 0.42927 1942
6 5 3 17.9029 0.48711 1.88994 0.316188 2897
6 5 4 14.2784 0.491503 2.09934 0.293567 1430
6 5 5 15.6346 0.509016 2.02181 0.417908 2029
6 5 6 15.1029 0.57974 2.09098 0.337756 2027
6 5 7 21.5 -2 0 0 3971
6 5 8 15.0391 0.512445 1.81379 0.379458 1597
6 5 9 14.8479 0.438433 1.73151 0.316529 2596
6 5 10 18.1585 0.51639 2.23074 0.488164 3425
6 5 11 17.6651 0.683143 1.82704 0.440122 2100
6 5 12 15.9493 0.4706 1.99978 0.319046 2140
6 5 13 18.6651 0.550602 1.96572 0.347557 3167
6 5 14 20.6793 0.773791 2.08374 0.530078 442
6 5 15 15.7315 0.536608 2.00496 0.263706 1900
6 5 16 21.5 -2 0 0 4271
6 5 17 17.7976 0.56344 2.45774 0.531262 498
6 5 18 18.247 0.463544 2.13281 0.346959 2595
6 5 19 18.2304 0.546255 2.22944 0.338624 4049
6 5 20 16.0973 0.500575 1.7488 0.335028 2196
6 5 21 15.2476 0.595703 2.01606 0.328304 2581
6 5 22 25.5 -2 0 0 3216
6 5 23 17.9947 0.559258 1.95938 0.457277 2010
6 5 24 15.9259 0.49704 2.33783 0.591164 1011
6 5 25 21.5 -2 0 0 3795
6 5 26 18.7994 0.75137 3.71384 0.374149 434
6 5 27 19.1966 0.73985 2.87095 0.465395 660
6 5 28 18.0903 0.467664 2.0643 0.395264 3063
6 5 29 18.667 0.459529 1.87022 0.493115 1853
6 5 30 18.0066 0.53015 1.9935 0.304827 2486
6 5 31 18.2742 0.60437 2.03471 0.272325 3531
6 5 32 18.3541 0.457024 2.01216 0.264673 2875
6 5 33 17.0991 0.637578 2.77362 0.273985 515
6 5 34 21.5 -2 0 0 327
6 5 35 18.4037 0.486141 2.32551 0.449727 3401
6 5 36 14.8464 0.507356 1.87105 0.44203 1534
6 5 37 16.2614 0.468728 2.44124 0.306898 1376
6 5 38 14.6276 0.464192 2.30635 0.314898 2252
6 5 39 18.2885 0.438838 2.30377 0.35728 2222
6 5 40 21.5 -2 0 0 2271
6 5 41 14.3547 0.493673 1.94988 0.374055 1954
6 5 42 16.2286 0.7368 2.89869 0.410784 260
6 5 43 15.9486 0.57293 2.21677 0.572589 738
6 5 44 15.078 0.71985 3.03669 0.281277 1061
6 5 45 15.7187 0.644074 2.34753 0.272717 503
6 5 46 21.5 -2 0 0 337
6 5 47 17.6855 0.6594 2.66517 0.313485 3195
6 5 48 15.4839 0.836398 2.6011 0.571076 2298
6 5 49 16.2447 0.647473 2.8714 0.403098 311
6 5 50 16.266 0.626321 2.9327 0.236578 676
6 5 51 17.1247 0.55681 2.6034 0.301965 1608
6 5 52 15.3864 0.459538 2.38239 0.296947 938
6 5 53 17.4476 0.493547 2.21388 0.35103 2720
6 5 54 14.8844 0.480516 2.14557 0.577315 277
6 5 55 18.0402 0.548841 2.56778 0.384807 1636
6 5 56 17.4918 0.489831 2.07578 0.460456 1997
6 5 57 14.6308 0.955645 2.44476 0.44206 785
6 5 58 15.3591 0.998894 2.06629 0.279566 313
6 5 59 21.5 -2 0 0 1595
6 5 60 16.8679 0.492477 2.38858 0.351536 2428
6 5 61 17.5 -2 0 0 1062
6 5 62 13.5 -2 0 0 645
6 5 63 17.5 -2 0 0 332
6 6 0 18 1.30242 2.86032 0.327191 1179
6 6 1 17.5594 0.723446 3.00325 0.389537 1172
6 6 2 16.4488 0.592077 2.42134 0.245551 999
6 6 3 15.5071 0.68813 2.47454 0.292055 781
6 6 4 21.5 -2 0 0 798
6 6 5 16.0369 0.575782 2.44922 0.413298 793
6 6 6 17.192 0.641179 2.34284 0.331679 884
6 6 7 14.6669 1.28637 4.55124 0.465395 576
6 6 8 17.3132 0.523219 1.81956 0.347322 968
6 6 9 17.3027 0.589517 2.09087 0.299157 799
6 6 10 16.4427 0.860524 2.39568 0.279975 617
6 6 11 17.952 0.566976 1.63683 0.427518 820
6 6 12 17.0967 0.73167 1.65352 0.330191 762
6 6 13 17.9784 0.540833 2.20364 0.423452 747
6 6 14 16.4661 0.683056 2.0018 0.234895 1189
6 6 15 16.9004 0.488433 2.09226 0.449388 748
6 6 16 17.4645 0.486508 2.11821 0.355237 783
6 6 17 16.6474 0.579997 1.85038 0.325302 957
6 6 18 16.8446 1.03899 3.06266 0.498449 658
6 6 19 19.0809 0.548785 2.19061 0.42319 816
6 6 20 16.3321 0.654134 1.81877 0.453668 767
6 6 21 18.1723 0.662889 2.29914 0.37999 588
6 6 22 18.2384 0.679088 1.47576 0.559419 844
6 6 23 21.5 -2 0 0 831
6 6 24 18.5337 0.717748 2.53928 0.291807 1074
6 6 25 25.5 -2 0 0 808
6 6 26 17.6295 0.574674 2.14568 0.384485 1171
6 6 27 18.3051 0.475309 1.91701 0.315505 692
6 6 28 16.6629 0.589625 2.01323 0.308467 648
6 6 29 18.9282 0.552807 1.76103 0.449903 1111
6 6 30 17.0795 0.56959 1.76677 0.471699 628
6 6 31 16.5655 0.551244 1.91946 0.441539 703
6 6 32 21.5 -2 0 0 791
6 6 33 15.921 0.567707 2.18989 0.368953 690
6 6 34 19.3603 0.528725 2.12855 0.393371 1335
6 6 35 19.4388 0.705265 1.70083 0.402342 709
6 6 36 19.109 0.877916 1.98342 0.406115 814
6 6 37 21.5 -2 0 0 789
6 6 38 16.7657 0.57593 2.04299 0.427831 590
6 6 39 21.5 -2 0 0 636
6 6 40 17.5252 0.588567 1.45279 0.604724 735
6 6 41 16.1762 0.485873 1.36394 0.44829 578
6 6 42 16.9208 0.714539 1.83447 0.445944 704
6 6 43 17.2012 0.540112 2.25385 0.286281 902
6 6 44 16.779 0.554233 2.24632 0.393214 586
6 6 45 19.0179 0.768806 1.907 0.26854 762
6 6 46 19.2526 0.592721 2.10822 0.325186 1222
6 6 47 21.5 -2 0 0 601
6 6 48 16.2797 0.589308 2.08838 0.408891 565
6 6 49 16.4399 0.436123 1.64265 0.428235 717
6 6 50 16.9546 0.569203 2.2441 0.318099 591
6 6 51 18.3146 0.501617 2.01159 0.37911 1004
6 6 52 16.5809 0.570674 1.73237 0.408092 841
6 6 53 15.6678 0.536379 1.83178 0.40521 510
6 6 54 15.4163 0.833816 1.71761 0.406189 635
6 6 55 16.038 0.639877 2.08126 0.276834 802
6 6 56 15.952 0.50533 1.97501 0.300493 682
6 6 57 19.1056 1.42848 2.97116 0.369044 903
6 6 58 15.3504 0.632219 2.16743 0.272474 636
6 6 59 15.8888 0.612291 2.37238 0.319051 933
6 6 60 16.9268 0.542486 2.48135 0.391404 776
6 6 61 15.5537 0.591817 2.28345 0.34721 982
6 6 62 15.1928 1.02262 2.47664 0.422551 897
6 6 63 14.704 0.549568 2.27644 0.367194 617
6 7 0 18.3462 0.529875 2.58862 0.363918 1149
6 7 1 18.7869 0.386819 1.73324 0.571253 1210
6 7 2 18.1649 0.575614 1.89409 0.304454 1303
6 7 3 18.1889 0.726185 2.13685 0.366405 1786
6 7 4 16.6339 0.552635 2.24976 0.236411 1112
6 7 5 15.8126 0.610224 2.11476 0.449118 1192
6 7 6 17.9169 0.659933 2.72963 0.345484 1451
6 7 7 18.0782 0.737334 2.57824 0.341513 2446
6 7 8 21.5 -2 0 0 1132
6 7 9 19.0245 0.486969 2.17138 0.383806 1704
6 7 10 18.6713 0.463294 2.35794 0.371511 1902
6 7 11 16.5662 0.416537 1.79415 0.432216 1130
6 7 12 19.0127 0.535664 1.92513 0.331566 1566
6 7 13 19.0848 0.551087 2.01734 0.301301 2158
6 7 14 18.8293 0.443391 2.04154 0.502489 1146
6 7 15 21.5 -2 0 0 1598
6 7 16 18.5696 0.605138 2.42182 0.355522 2329
6 7 17 21.5 -2 0 0 1079
6 7 18 16.5297 0.766254 1.87677 0.567746 1358
6 7 19 17.0772 0.6448 2.21875 0.278752 2261
6 7 20 17.0646 0.447227 2.18614 0.30577 1236
6 7 21 18.7158 0.537184 2.33024 0.378862 1574
6 7 22 18.7396 0.652511 1.58457 0.608714 1955
6 7 23 19.0419 0.581257 1.76991 0.444013 1612
6 7 24 16.7639 0.687063 2.22308 0.374424 961
6 7 25 17.1703 0.552034 2.04301 0.40817 2526
6 7 26 17.4034 0.4765 1.90924 0.433675 1002
6 7 27 17.9864 0.737466 2.28219 0.322425 2167
6 7 28 17.3039 0.455396 2.21425 0.301166 1951
6 7 29 16.3645 0.533372 1.91422 0.333565 1088
6 7 30 17.6988 0.415169 1.87885 0.423742 1457
6 7 31 17.1282 0.598462 2.37745 0.437271 2417
6 7 32 19.3665 0.919217 2.82265 0.407661 2517
6 7 33 16.4292 0.504342 1.71494 0.4242 1531
6 7 34 16.547 0.527384 2.41955 0.369652 1161
6 7 35 21.5 -2 0 0 3478
6 7 36 17.4674 0.89404 3.02895 0.306 980
6 7 37 17.5607 0.607003 2.90164 0.407563 712
6 7 38 19.4089 0.461969 1.91975 0.473173 3697
6 7 39 18.478 0.540242 2.38506 0.302929 2639
6 7 40 19.0675 0.553026 2.6186 0.593259 520
6 7 41 18.6276 0.579347 2.16085 0.361342 2715
6 7 42 19.3976 0.601144 3.04988 0.284796 691
6 7 43 17.2327 0.542781 2.47754 0.291216 1090
6 7 44 14.8343 0.492685 2.48228 0.303853 2469
6 7 45 18.4596 0.884578 2.49356 0.360519 2474
6 7 46 17.0892 0.483554 2.17052 0.407756 1137
6 7 47 19.9255 0.789794 2.64899 0.432559 3980
6 7 48 17.4158 0.66899 2.50304 0.36218 1271
6 7 49 17.055 0.495893 2.0383 0.544733 1164
6 7 50 18.325 0.51237 1.95778 0.453121 2590
6 7 51 17.5632 0.573177 2.86612 0.436982 1197
6 7 52 16.568 0.713257 2.59053 0.390587 870
6 7 53 16.7233 0.436748 2.20749 0.339407 2915
6 7 54 18.1387 0.447369 1.71176 0.448008 2406
6 7 55 15.6432 0.546637 2.73061 0.30671 1063
6 7 56 17.3175 0.515582 2.45273 0.432283 1641
6 7 57 16.6904 0.501382 2.45771 0.334838 1496
6 7 58 16.6256 0.50848 2.32692 0.312348 1710
6 7 59 16.3259 0.500159 2.4471 0.407174 1248
6 7 60 16.2657 0.520344 2.14124 0.29539 2206
6 7 61 16.5886 0.591372 2.94885 0.317608 964
6 7 62 15.5366 0.755003 2.37684 0.47754 1283
6 7 63 16.0014 0.476195 2.38444 0.312697 1507
6 8 0 16.0186 0.835061 2.8687 0.481707 204
6 8 1 16.8411 0.732513 1.52209 0.457618 802
6 8 2 16.3911 0.811746 2.98075 0.286194 744
6 8 3 17.8133 0.606922 1.59182 0.500321 673
6 8 4 17.9268 1.51385 2.1477 0.401945 725
6 8 5 17.9946 0.546855 2.29841 0.292338 768
6 8 6 18.2115 0.744505 1.55885 0.507721 737
6 8 7 18.2624 1.32137 1.14406 0.649851 686
6 8 8 17.8507 0.799894 1.58545 0.403241 743
6 8 9 18.2779 0.724069 2.20554 0.34265 720
6 8 10 17.5803 0.889121 2.00091 0.372281 747
6 8 11 18.0155 0.612563 2.06554 0.310447 740
6 8 12 18.1662 0.669905 1.80127 0.325284 706
6 8 13 17.3121 0.558876 1.58118 0.353443 1000
6 8 14 19.1795 0.581086 2.34959 0.36872 853
6 8 15 17.9141 0.67354 2.13209 0.255125 775
6 8 16 17.5 -2 0 0 737
6 8 17 18.3061 0.519825 1.70521 0.453275 778
6 8 18 18.3026 0.614739 1.79927 0.482022 706
6 8 19 21.5 -2 0 0 765
6 8 20 21.5 -2 0 0 843
6 8 21 18.5786 0.916959 1.72736 0.593551 711
6 8 22 17.5 -2 0 0 570
6 8 23 17.5558 -6 0 0 134
6 8 24 18.4119 0.674497 1.82408 0.416894 753
6 8 25 18.4204 0.956903 2.93718 0.324286 810
6 8 26 18.7359 0.586409 2.07811 0.359962 907
6 8 27 17.5 -2 0 0 253
6 8 28 18.8814 0.671243 2.06417 0.376995 794
6 8 29 18.2891 0.497681 1.99784 0.45094 892
6 8 30 17.5558 -6 0 0 145
6 8 31 14.6572 0.611067 1.95241 0.519636 354
6 8 32 21.5 -2 0 0 834
6 8 33 17.5558 -6 0 0 114
6 8 34 18.8841 0.700329 2.23785 0.342275 921
6 8 35 18.0858 1.14523 2.76172 0.340381 887
6 8 36 18.5752 0.633407 1.76491 0.435408 902
6 8 37 17.5558 -6 0 0 159
6 8 38 14.2819 0.582324 2.176 0.286431 741
6 8 39 17.0736 0.663352 2.03183 0.339635 1148
6 8 40 17.5558 -6 0 0 134
6 8 41 17.5315 0.548024 1.87204 0.37885 858
6 8 42 17.5558 -6 0 0 142
6 8 43 17.5558 -6 0 0 164
6 8 44 18.5242 0.690752 1.95235 0.37537 895
6 8 45 17.281 0.845443 1.91779 0.44622 896
6 8 46 17.5558 -6 0 0 192
6 8 47 18.9646 0.791999 3.37093 0.280876 1231
6 8 48 17.5558 -6 0 0 150
6 8 49 17.5558 -6 0 0 177
6 8 50 17.5558 -6 0 0 179
6 8 51 18.4193 0.985027 2.39121 0.303967 1300
6 8 52 17.5558 -6 0 0 199
6 8 53 21.5 -2 0 0 1074
6 8 54 15.6212 0.671097 2.53786 0.350851 1054
6 8 55 14.274 0.664968 2.39945 0.407529 622
6 8 56 17.9948 0.740928 2.16571 0.320169 1266
6 8 57 17.9458 0.548105 2.23051 0.375894 1228
6 8 58 14.7907 0.804601 2.41901 0.327921 403
6 8 59 13.5 -2 0 0 232
6 8 60 17.5307 0.663759 2.5757 0.281592 1140
6 8 61 17.9376 1.34711 4.01111 0.298422 369
6 8 62 13.5 -2 0 0 479
6 8 63 15.7025 0.700516 2.42287 0.332931 379
6 9 0 0 -10 0 0 0
6 9 1 0 -10 0 0 0
6 9 2 0 -10 0 0 0
6 9 3 0 -10 0 0 0
6 9 4 0 -10 0 0 0
6 9 5 0 -10 0 0 0
6 9 6 0 -10 0 0 0
6 9 7 0 -10 0 0 0
6 9 8 0 -10 0 0 0
6 9 9 0 -10 0 0 0
6 9 10 0 -10 0 0 0
6 9 11 0 -10 0 0 0
6 9 12 0 -10 0 0 0
6 9 13 0 -10 0 0 0
6 9 14 0 -10 0 0 0
6 9 15 0 -10 0 0 0
6 9 16 0 -10 0 0 0
6 9 17 0 -10 0 0 0
6 9 18 0 -10 0 0 0
6 9 19 0 -10 0 0 0
6 9 20 0 -10 0 0 0
6 9 21 0 -10 0 0 0
6 9 22 0 -10 0 0 0
6 9 23 0 -10 0 0 0
6 9 24 0 -10 0 0 0
6 9 25 0 -10 0 0 0
6 9 26 0 -10 0 0 0
6 9 27 0 -10 0 0 0
6 9 28 0 -10 0 0 0
6 9 29 0 -10 0 0 0
6 9 30 0 -10 0 0 0
6 9 31 0 -10 0 0 0
6 9 32 0 -10 0 0 0
6 9 33 0 -10 0 0 0
6 9 34 0 -10 0 0 0
6 9 35 0 -10 0 0 0
6 9 36 0 -10 0 0 0
6 9 37 0 -10 0 0 0
6 9 38 0 -10 0 0 0
6 9 39 0 -10 0 0 0
6 9 40 0 -10 0 0 0
6 9 41 0 -10 0 0 0
6 9 42 0 -10 0 0 0
6 9 43 0 -10 0 0 0
6 9 44 0 -10 0 0 0
6 9 45 0 -10 0 0 0
6 9 46 0 -10 0 0 0
6 9 47 0 -10 0 0 0
6 9 48 0 -10 0 0 0
6 9 49 0 -10 0 0 0
6 9 50 0 -10 0 0 0
6 9 51 0 -10 0 0 0
6 9 52 0 -10 0 0 0
6 9 53 0 -10 0 0 0
6 9 54 0 -10 0 0 0
6 9 55 0 -10 0 0 0
6 9 56 0 -10 0 0 0
6 9 57 0 -10 0 0 0
6 9 58 0 -10 0 0 0
6 9 59 0 -10 0 0 0
6 9 60 0 -10 0 0 0
6 9 61 0 -10 0 0 0
6 9 62 0 -10 0 0 0
6 9 63 0 -10 0 0 0
6 10 0 18.1326 0.592448 2.51345 0.370384 1584
6 10 1 21.5 -2 0 0 625
6 10 2 18.3321 0.59695 2.50724 0.438803 1384
6 10 3 18.4176 0.643757 1.33986 0.663839 1343
6 10 4 15.2447 0.50165 1.72156 0.511967 1174
6 10 5 15.0695 0.763284 2.42788 0.477459 1252
6 10 6 21.5 -2 0 0 1350
6 10 7 18.0965 0.534412 2.12776 0.433711 1331
6 10 8 15.8896 0.451186 2.11988 0.373748 1072
6 10 9 18.5391 0.478686 1.99394 0.35726 1265
6 10 10 17.7564 1.09987 2.15616 0.430367 1218
6 10 11 15.5289 0.408864 1.99658 0.392954 1348
6 10 12 18.7883 0.514238 2.1439 0.508051 1394
6 10 13 21.5 -2 0 0 1386
6 10 14 18.5495 0.738566 2.04229 0.361441 1668
6 10 15 18.3351 0.520621 2.16357 0.402439 1552
6 10 16 18.8534 0.529625 1.96974 0.467759 1312
6 10 17 18.3429 0.425845 2.15654 0.310004 1658
6 10 18 18.7135 0.426703 1.94853 0.431988 1572
6 10 19 16.1391 1.16659 1.71941 0.734703 1437
6 10 20 18.2142 0.635503 2.05001 0.447726 1801
6 10 21 18.2996 0.443001 2.37181 0.448124 1253
6 10 22 18.3002 0.452269 2.10067 0.424951 1268
6 10 23 18.3559 0.5897 2.0256 0.427036 1905
6 10 24 15.884 0.654697 1.83462 0.397804 1392
6 10 25 18.6619 0.457583 2.19693 0.261029 1681
6 10 26 18.6192 0.753086 3.36092 0.371865 668
6 10 27 18.129 0.559927 1.81322 0.454727 1717
6 10 28 18.9351 0.68685 2.0323 0.345262 1618
6 10 29 15.9385 0.576181 2.34052 0.341861 1648
6 10 30 18.0022 0.948468 3.54668 0.344619 238
6 10 31 18.5275 0.645214 2.37021 0.383539 1850
6 10 32 18.8354 0.528181 2.07609 0.237945 1764
6 10 33 17.9918 0.490537 2.42428 0.254665 1863
6 10 34 19.278 0.577721 2.08919 0.384752 2114
6 10 35 18.2696 0.860275 2.53036 0.382116 2153
6 10 36 19.0494 0.50137 1.78708 0.260947 1910
6 10 37 18.8984 0.514776 1.74309 0.455737 2201
6 10 38 21.5 -2 0 0 2432
6 10 39 19.285 0.577708 2.1147 0.372132 3233
6 10 40 18.0993 0.777803 3.2575 0.304126 592
6 10 41 18.356 0.4517 2.05237 0.234903 2081
6 10 42 18.5831 0.493595 1.97554 0.30936 2327
6 10 43 18.0018 0.632786 2.29929 0.384091 2213
6 10 44 18.903 0.495355 2.09654 0.430229 2350
6 10 45 18.2895 0.561104 1.89965 0.388858 1995
6 10 46 17.5688 0.812521 2.63742 0.327272 817
6 10 47 18.286 0.580141 2.41796 0.384262 3096
6 10 48 18.2798 0.556367 1.70879 0.281956 2278
6 10 49 15.3786 0.496166 2.21305 0.334547 1379
6 10 50 18.5177 0.502882 2.13876 0.386221 2405
6 10 51 18.1418 0.532079 2.52197 0.232852 3826
6 10 52 17.9956 0.60245 1.83161 0.307005 2499
6 10 53 21.5 -2 0 0 2943
6 10 54 21.5 -2 0 0 2556
6 10 55 18.31 0.514591 2.16201 0.405057 2984
6 10 56 18.197 0.516592 2.48892 0.31266 3317
6 10 57 18.2308 0.517039 2.58859 0.404294 3507
6 10 58 18.1178 0.480845 2.00835 0.426332 2692
6 10 59 15.8939 0.648328 2.36086 0.382873 831
6 10 60 21.5 -2 0 0 3154
6 10 61 18.2559 0.670215 3.11902 0.387034 4084
6 10 62 21.5 -2 0 0 3204
6 10 63 17.5424 0.417742 2.17576 0.385364 2715
6 11 0 20.9948 0.806457 3.00823 0.297851 3795
6 11 1 21.5 -2 0 0 3656
6 11 2 19.0388 0.581056 2.76273 0.256622 3609
6 11 3 18.744 0.509597 2.37899 0.318129 2269
6 11 4 19.6817 0.794875 3.04094 0.277217 921
6 11 5 18.9028 0.607145 2.39696 0.389485 1804
6 11 6 18.7891 0.728628 2.46758 0.313376 3393
6 11 7 18.4636 0.607883 2.673 0.312179 936
6 11 8 19.4054 0.448905 2.18411 0.324073 2672
6 11 9 19.397 0.520633 2.3774 0.302556 2992
6 11 10 18.8443 0.546479 2.40883 0.380515 2818
6 11 11 19.0981 0.704764 3.02373 0.314697 1159
6 11 12 19.3317 0.533316 1.99651 0.292854 2643
6 11 13 19.0185 0.61191 2.80201 0.321042 683
6 11 14 19.8381 0.562201 2.53993 0.31419 3124
6 11 15 18.7583 0.516145 2.08808 0.264452 2206
6 11 16 18.8892 0.666999 2.63951 0.214168 2699
6 11 17 19.805 0.656065 2.74433 0.366614 451
6 11 18 18.4391 0.640457 2.11882 0.362176 2182
6 11 19 18.8682 0.506333 2.04494 0.374799 1800
6 11 20 20.0747 1.14077 3.11347 0.358924 1211
6 11 21 19.5037 0.612885 2.46085 0.242084 3278
6 11 22 17.7332 0.548414 2.69 0.265063 1560
6 11 23 21.0012 0.756594 3.26497 0.348036 361
6 11 24 19.8096 1.06568 2.9219 0.189435 1200
6 11 25 18.4318 0.590937 2.48672 0.483851 748
6 11 26 19.7406 0.667625 2.76518 0.22948 427
6 11 27 22.0648 1.09758 4.06328 0.312917 504
6 11 28 18.06 0.633622 2.65419 0.331788 974
6 11 29 25.5 -2 0 0 266
6 11 30 20.7529 0.987145 2.9357 0.25065 325
6 11 31 19.0261 0.74195 3.24087 0.348533 777
6 11 32 18.0164 0.744655 2.73588 0.411755 749
6 11 33 19.2039 0.590977 2.56478 0.280664 1639
6 11 34 20.5728 0.544881 2.26879 0.369987 2322
6 11 35 19.5706 -3 0 0 165
6 11 36 22.4871 0.989555 3.237 0.293771 244
6 11 37 20.2105 0.758838 2.85483 0.574011 257
6 11 38 18.2514 1.00434 3.03224 0.331358 908
6 11 39 19.5706 -3 0 0 167
6 11 40 21.4647 0.778597 2.21414 0.444136 353
6 11 41 19.9311 0.576258 2.21953 0.381764 1406
6 11 42 20.7338 1.10936 4.18441 0.269769 238
6 11 43 19.0086 0.812922 3.35966 0.336782 282
6 11 44 19.5706 -3 0 0 92
6 11 45 19.5706 -3 0 0 124
6 11 46 22.2976 0.900118 2.9834 0.453285 527
6 11 47 18.8626 0.860162 3.3503 0.33886 687
6 11 48 21.4818 0.816554 3.41538 0.303276 210
6 11 49 22.5566 0.90686 3.88464 0.480985 263
6 11 50 19.5706 -3 0 0 98
6 11 51 22.681 0.950676 4.16996 0.329522 331
6 11 52 20.7255 0.980054 3.66733 0.42522 235
6 11 53 20.8232 0.953018 3.99901 0.347308 305
6 11 54 0 -10 0 0 0
6 11 55 20.8392 0.692293 3.51057 0.262628 525
6 11 56 21.5 -2 0 0 220
6 11 57 21.1244 0.973321 3.11619 0.435839 205
6 11 58 17.4708 0.749749 2.84425 0.46596 224
6 11 59 17.884 0.522159 2.51493 0.312088 2014
6 11 60 22.7192 1.28289 5.82118 0.230044 246
6 11 61 20.2113 0.652717 2.75617 0.456154 285
6 11 62 19.6239 0.872195 3.90535 0.474228 630
6 11 63 17.8147 0.514369 2.33092 0.263433 1587
6 12 0 20.167 0.516601 3.58558 0.421765 4447
6 12 1 19.7672 0.441725 2.26983 0.381886 4131
6 12 2 18.3814 0.518223 2.35851 0.526864 3848
6 12 3 19.3172 0.414579 1.93868 0.487747 3393
6 12 4 19.5123 0.654814 2.38431 0.398126 664
6 12 5 21.5 -2 0 0 1913
6 12 6 19.4138 0.377456 2.403 0.476174 3734
6 12 7 21.5 -2 0 0 3271
6 12 8 18.7112 0.416915 1.92747 0.511286 3930
6 12 9 19.4525 0.389085 2.36498 0.362849 3384
6 12 10 19.1461 0.528128 2.12452 0.670416 3318
6 12 11 18.0876 0.607695 2.75643 0.312505 1441
6 12 12 18.626 0.373744 2.19286 0.41796 3694
6 12 13 19.0312 0.468587 2.08232 0.4917 3499
6 12 14 17.757 0.441296 2.40346 0.396527 2976
6 12 15 21.5 -2 0 0 2511
6 12 16 19.9784 0.352755 2.44473 0.510897 3260
6 12 17 17.5784 0.478832 2.69809 0.36666 1588
6 12 18 19.5157 0.518742 2.16576 0.389419 4033
6 12 19 19.4142 0.739846 2.29254 0.569729 3565
6 12 20 19.2323 1.02217 2.51406 0.361755 508
6 12 21 19.6688 0.407113 2.0724 0.618987 3425
6 12 22 16.0591 0.485648 2.22165 0.398314 2233
6 12 23 19.8618 0.49694 2.14189 0.457193 748
6 12 24 18.6873 0.540943 2.99506 0.412435 1714
6 12 25 19.4926 0.420307 2.29191 0.343168 3762
6 12 26 19.1773 0.605324 2.46035 0.418932 4955
6 12 27 19.5708 0.43999 2.09684 0.39131 3852
6 12 28 19.4164 0.418888 1.83771 0.505411 3645
6 12 29 19.2441 0.592222 2.41996 0.385587 4872
6 12 30 20.7045 0.797511 1.82536 0.4828 494
6 12 31 19.3764 0.435706 2.13378 0.398878 3939
6 12 32 17.3283 0.458231 2.10023 0.411709 2692
6 12 33 19.3046 0.516306 1.96629 0.523177 4321
6 12 34 17.9209 0.500156 2.49137 0.366314 3579
6 12 35 19.8529 0.495233 2.17768 0.343055 4129
6 12 36 19.1775 1.07412 2.05741 0.505916 482
6 12 37 20.5337 0.712974 2.26969 0.461683 587
6 12 38 19.5771 0.423743 2.04606 0.460653 4286
6 12 39 19.6032 0.458053 2.01696 0.63436 5023
6 12 40 20.4434 0.756802 2.09978 0.460269 596
6 12 41 19.4105 0.519604 2.2686 0.4316 4124
6 12 42 19.934 0.52683 2.30304 0.494268 752
6 12 43 17.1922 0.496041 2.25566 0.358502 3118
6 12 44 17.5197 0.402092 2.01283 0.293521 3593
6 12 45 16.736 0.588822 2.09824 0.241739 3469
6 12 46 17.3277 0.413312 2.2217 0.556954 3867
6 12 47 19.1568 0.528854 2.30256 0.513431 4427
6 12 48 19.297 0.494052 1.88687 0.644891 4740
6 12 49 16.9028 0.499012 2.26794 0.439448 3362
6 12 50 19.3049 0.334389 2.18328 0.357664 4498
6 12 51 17.2667 0.440225 2.83972 0.304748 4148
6 12 52 16.8691 0.542076 2.28523 0.306934 3367
6 12 53 18.96 0.545811 2.72331 0.358766 4435
6 12 54 18.6615 0.430771 2.3357 0.318859 4808
6 12 55 21.5 -2 0 0 3556
6 12 56 16.5258 0.504461 2.57063 0.334492 3070
6 12 57 18.5014 0.410555 2.41865 0.376938 5543
6 12 58 16.9335 0.618484 2.21027 0.485149 2188
6 12 59 17.2823 0.545911 2.35547 0.681139 3823
6 12 60 18.4976 0.388898 2.32363 0.3721 4608
6 12 61 19.2352 0.463363 3.41344 0.251854 6483
6 12 62 17.0741 0.436002 2.38485 0.534752 4762
6 12 63 16.2986 0.368824 2.03628 0.530268 3601
6 13 0 17.0832 0.406126 2.38704 0.541372 5797
6 13 1 15.711 0.513565 2.21938 0.428542 4984
6 13 2 17.5 -2 0 0 5386
6 13 3 21.5 -2 0 0 2105
6 13 4 18.3252 0.763731 2.36359 0.347248 1281
6 13 5 17.2393 0.392625 2.28784 0.493337 2399
6 13 6 15.5626 0.58953 2.27296 0.434742 4484
6 13 7 16.5492 0.516291 2.17316 0.657469 958
6 13 8 15.4748 0.417795 1.82581 0.358569 4523
6 13 9 15.7255 0.4972 2.01308 0.388103 4289
6 13 10 16.2146 0.400645 2.09538 0.389972 3482
6 13 11 18.7562 0.96098 3.01249 0.2821 942
6 13 12 15.697 0.439389 2.12819 0.416226 3137
6 13 13 15.0629 0.474801 1.86229 0.386905 2700
6 13 14 21.5 -2 0 0 5713
6 13 15 16.534 0.44053 2.27372 0.321886 2354
6 13 16 15.2537 0.49328 2.21141 0.491062 3819
6 13 17 15.8701 0.376889 1.94757 0.651764 3604
6 13 18 18.9532 0.487862 2.66771 0.322519 974
6 13 19 15.5559 0.486475 1.82235 0.347779 3281
6 13 20 15.4747 0.342741 1.9595 0.369639 4072
6 13 21 21.5 -2 0 0 4396
6 13 22 18.6436 0.397936 2.2119 0.324486 4034
6 13 23 18.3393 0.619585 2.13459 0.643067 956
6 13 24 15.9428 0.395155 1.69841 0.516478 4232
6 13 25 18.9178 0.445955 1.91554 0.510291 3737
6 13 26 16.116 0.375448 2.09532 0.396362 4394
6 13 27 18.4921 0.439358 2.47024 0.456958 744
6 13 28 14.7123 0.51622 2.12243 0.375023 3115
6 13 29 16.1218 0.391568 1.86894 0.518959 2662
6 13 30 18.5841 0.451435 2.54006 0.343253 2759
6 13 31 19.2898 0.436059 2.21822 0.592498 3547
6 13 32 16.2671 0.667837 2.28564 0.298987 1290
6 13 33 16.1721 0.382423 1.80054 0.359081 2992
6 13 34 15.4938 0.539734 2.07843 0.354283 4210
6 13 35 15.2874 0.528997 1.78217 0.610811 1742
6 13 36 16.6242 0.342843 1.67343 0.48417 3618
6 13 37 15.5236 0.537678 2.19006 0.392543 2890
6 13 38 18.4637 0.394541 2.0744 0.447753 3009
6 13 39 18.2981 0.584675 2.12881 0.514097 3487
6 13 40 16.2802 0.375924 1.95689 0.43299 3650
6 13 41 18.1811 0.406848 1.93821 0.40655 3168
6 13 42 18.591 0.466739 1.87601 0.372898 3846
6 13 43 15.0108 0.507216 1.71529 0.428623 3956
6 13 44 18.1909 0.573272 1.96096 0.26493 3035
6 13 45 19.0819 0.455291 2.07362 0.645975 3587
6 13 46 18.0644 0.40659 2.34579 0.348001 5065
6 13 47 15.4462 0.50467 2.40273 0.69518 2614
6 13 48 19.1772 0.619439 2.09272 0.577351 3743
6 13 49 18.2829 0.459942 1.95708 0.389259 4100
6 13 50 18.3996 0.422503 1.79047 0.41028 3289
6 13 51 18.2558 0.411086 2.45515 0.438726 3952
6 13 52 17.3522 0.477487 2.28884 0.32282 4089
6 13 53 18.4212 0.420031 2.29754 0.40201 3010
6 13 54 18.1759 0.470174 2.17327 0.339917 3532
6 13 55 18.0852 0.370149 1.89893 0.41438 3909
6 13 56 18.0784 0.392944 2.349 0.419993 3736
6 13 57 18.0752 0.329132 1.96439 0.428284 3800
6 13 58 15.7393 0.453191 1.7396 0.425751 3445
6 13 59 18.045 0.40947 2.36146 0.38276 4615
6 13 60 17.8144 0.399016 2.01549 0.483449 3283
6 13 61 17.3913 0.409012 2.34253 0.39846 4339
6 13 62 21.5 -2 0 0 4263
6 13 63 21.5 -2 0 0 3809
6 14 0 19.074 0.389595 3.00633 0.384965 6332
6 14 1 15.5635 0.684585 2.40912 0.417478 4780
6 14 2 15.0612 0.356036 2.15031 0.498 4759
6 14 3 16.1048 0.445961 1.88374 0.383086 3865
6 14 4 18.3487 0.366826 2.07758 0.54547 4316
6 14 5 18.5002 0.393019 1.98266 0.50131 4621
6 14 6 17.4905 0.510994 2.44869 0.233629 5080
6 14 7 18.4696 0.382176 2.35027 0.392807 4011
6 14 8 15.2091 0.391127 1.81672 0.373674 4256
6 14 9 18.3967 0.483729 2.20324 0.398083 4413
6 14 10 17.4242 0.530529 2.74328 0.334278 4260
6 14 11 15.6317 0.420158 1.86227 0.321273 4417
6 14 12 18.2071 0.357326 1.7893 0.481498 4266
6 14 13 18.3921 0.622295 1.98548 0.385155 3654
6 14 14 21.5 -2 0 0 5237
6 14 15 18.5753 0.371007 1.95071 0.411348 3751
6 14 16 15.9844 0.368595 2.44529 0.295384 4160
6 14 17 18.7635 0.535784 2.55369 0.400247 4637
6 14 18 18.7901 0.564452 2.01952 0.440519 4089
6 14 19 18.4164 0.454017 2.46532 0.353096 3743
6 14 20 15.8551 0.430299 1.85435 0.389445 3362
6 14 21 18.3509 0.488069 2.67185 0.347365 4782
6 14 22 16.2522 0.529977 1.68259 0.390661 3674
6 14 23 17.7084 0.590239 2.87128 0.317283 1001
6 14 24 19.2263 0.638534 1.97923 0.509184 5200
6 14 25 18.5037 0.43482 2.14057 0.402039 3520
6 14 26 18.8803 0.445393 2.49032 0.39726 5132
6 14 27 18.8354 0.429967 1.74331 0.363938 3540
6 14 28 18.5332 0.607673 1.91868 0.518429 3393
6 14 29 15.3369 0.746774 1.77736 0.723805 3679
6 14 30 18.7686 0.394946 1.91085 0.478927 3693
6 14 31 18.7588 0.34036 2.0004 0.50837 3121
6 14 32 15.7843 0.415557 1.57805 0.52036 2689
6 14 33 16.122 0.679953 1.81329 0.35982 3028
6 14 34 18.9979 0.410789 2.07619 0.474742 4725
6 14 35 15.4692 0.411256 2.11824 0.333063 2631
6 14 36 15.1517 0.575591 1.86422 0.404139 3118
6 14 37 17.5035 0.889172 2.8662 0.33624 832
6 14 38 17.987 0.511776 2.24626 0.422554 2768
6 14 39 18.4275 0.45903 2.22793 0.407292 2656
6 14 40 15.4821 0.395649 1.84756 0.403534 3144
6 14 41 18.0871 0.710815 1.92371 0.446797 2737
6 14 42 18.347 0.36305 1.96369 0.387066 3251
6 14 43 15.4135 0.323519 1.81495 0.464106 3530
6 14 44 18.3317 0.400103 1.88603 0.464807 2412
6 14 45 18.1967 0.434378 1.87283 0.6323 2850
6 14 46 15.4945 0.398999 2.08439 0.35515 3739
6 14 47 0 -10 0 0 0
6 14 48 18.5629 0.391477 1.76941 0.485222 2987
6 14 49 18.0865 0.565662 2.06633 0.459659 3366
6 14 50 18.1379 0.365985 2.12433 0.327376 2669
6 14 51 14.6212 0.437533 2.41882 0.35457 1803
6 14 52 15.3078 0.413785 1.94392 0.435554 2484
6 14 53 18.1253 0.413358 2.19633 0.357278 2507
6 14 54 18.3628 0.383437 2.11082 0.372909 2782
6 14 55 14.8222 0.402523 2.17975 0.291484 2704
6 14 56 18.3096 0.528784 1.8854 0.518764 2891
6 14 57 21.5 -2 0 0 2995
6 14 58 18.039 0.395872 1.91273 0.331499 2825
6 14 59 14 0.421388 2.34182 0.458107 3527
6 14 60 15.8616 0.417925 1.60456 0.417573 2450
6 14 61 16.4082 0.428712 2.6661 0.37704 2789
6 14 62 17.6994 0.432086 2.09776 0.483019 3373
6 14 63 17.4526 0.547064 1.97412 0.341183 2953
6 15 0 15.1758 0.471818 2.58767 0.280157 2399
6 15 1 16.892 0.479133 2.50874 0.419054 1580
6 15 2 15.6434 0.413793 2.34342 0.413885 2371
6 15 3 15.1621 0.550158 1.85546 0.452968 1876
6 15 4 21.5 -2 0 0 3128
6 15 5 15.1554 0.386845 1.85096 0.353159 2235
6 15 6 17.6573 0.563433 2.47374 0.554677 707
6 15 7 15.0165 0.47473 2.28809 0.309116 1505
6 15 8 15.0382 0.404234 1.86943 0.403822 2313
6 15 9 15.5763 0.413469 2.22661 0.276299 2093
6 15 10 15.2032 0.72495 1.9863 0.569642 1640
6 15 11 18.595 0.637486 2.17274 0.581911 3170
6 15 12 15.8836 0.500689 1.52162 0.482391 1703
6 15 13 18.4801 0.380664 1.52086 0.509655 2600
6 15 14 15.0558 0.54526 2.34396 0.247122 2388
6 15 15 17.9966 0.555187 1.73284 0.387179 2914
6 15 16 17.5398 0.726795 3.64727 0.395687 483
6 15 17 17.9397 0.405698 2.30205 0.406178 3395
6 15 18 15.5077 0.560538 1.93076 0.425097 2210
6 15 19 13.5 -2 0 0 646
6 15 20 19.4334 0.685284 2.73735 0.415082 872
6 15 21 14.9616 0.534912 2.3617 0.330975 1626
6 15 22 18.1749 0.397736 2.02997 0.338782 2335
6 15 23 16.0757 0.421367 1.82169 0.408694 2990
6 15 24 18.1678 0.490291 1.96131 0.41618 3028
6 15 25 21.5 -2 0 0 1756
6 15 26 18.2735 0.455948 1.933 0.405428 3800
6 15 27 15.6502 0.383573 1.78274 0.323283 2549
6 15 28 15.4164 0.456099 1.97399 0.282568 2429
6 15 29 18.8599 0.483352 1.67026 0.430895 3768
6 15 30 17.4854 0.525491 2.22397 0.385635 1199
6 15 31 16.5028 0.613739 2.32854 0.34989 1593
6 15 32 15.7938 0.521452 2.05982 0.389831 2195
6 15 33 21.5 -2 0 0 3394
6 15 34 16.5498 0.447478 2.06025 0.517039 3095
6 15 35 18.0593 0.44515 1.86928 0.455327 3357
6 15 36 19.0538 0.726227 2.20549 0.550888 1058
6 15 37 17.7326 0.64792 1.96011 0.369829 4036
6 15 38 16.6768 0.593318 2.35613 0.368053 1762
6 15 39 19.4899 0.583935 3.25683 0.275434 1315
6 15 40 20.2399 0.469352 2.74184 0.411802 951
6 15 41 16.0744 0.515333 1.50814 0.670369 2511
6 15 42 16.3806 0.356345 1.81356 0.42472 3706
6 15 43 16.1216 0.398144 1.84878 0.456883 3252
6 15 44 18.1097 0.399656 1.97945 0.403706 3734
6 15 45 17.9035 0.405073 1.91194 0.347346 3641
6 15 46 17.8772 0.432361 2.50752 0.293209 4598
6 15 47 15.6471 0.415839 2.46468 0.411348 2934
6 15 48 18.2203 0.470422 2.75414 0.262272 1758
6 15 49 18.0462 0.427717 1.74354 0.460864 4420
6 15 50 21.5 -2 0 0 4006
6 15 51 15.1612 0.481957 2.41507 0.284317 4421
6 15 52 15.87 0.660703 2.01324 0.365631 3756
6 15 53 16.6492 0.435179 2.25059 0.43104 2765
6 15 54 15.9302 0.375643 1.83783 0.398465 3517
6 15 55 15.8531 0.596837 1.6362 0.484591 3770
6 15 56 17.8143 0.374685 2.55637 0.349162 4929
6 15 57 15.9688 0.465532 2.23808 0.47936 4239
6 15 58 17.2066 0.4421 1.90988 0.428293 4682
6 15 59 15.2772 0.417784 2.17885 0.40879 4122
6 15 60 15.6155 0.678446 2.55359 0.42055 3323
6 15 61 14.4282 0.505718 2.4467 0.565533 4688
6 15 62 15.5475 0.4794 2.25925 0.419827 4657
6 15 63 15.1204 0.373001 1.98328 0.313083 4160
7 0 0 18.1919 0.543829 1.91065 0.335636 568
7 0 1 21.5 -2 0 0 533
7 0 2 17.8147 0.648562 2.13842 0.306346 501
7 0 3 21.5 -2 0 0 432
7 0 4 18.1833 -3 0 0 82
7 0 5 21.5 -2 0 0 493
7 0 6 19.5344 0.769112 2.99806 0.271902 467
7 0 7 17.5 -2 0 0 473
7 0 8 21.5 -2 0 0 538
7 0 9 18.5903 0.552768 1.93192 0.341372 518
7 0 10 18.1637 0.743881 1.25719 0.395767 497
7 0 11 18.1833 -3 0 0 104
7 0 12 18.464 0.713806 2.32835 0.488895 483
7 0 13 17.9541 0.60556 2.0303 0.422852 442
7 0 14 17.5 -2 0 0 562
7 0 15 18.7382 0.729234 1.73591 0.420031 510
7 0 16 21.5 -2 0 0 497
7 0 17 18.1833 -3 0 0 139
7 0 18 18.7498 0.726077 1.98493 0.376364 383
7 0 19 17.6109 0.662917 2.42999 0.450564 488
7 0 20 18.1833 -3 0 0 42
7 0 21 18.3099 0.465407 1.65256 0.369854 475
7 0 22 21.5 -2 0 0 428
7 0 23 19.9049 1.83322 5.13118 0.389655 217
7 0 24 17.524 0.817124 2.31471 0.250546 555
7 0 25 18.8385 0.726947 1.81661 0.319729 552
7 0 26 19.7626 0.655625 2.46142 0.313435 594
7 0 27 18.5898 0.600094 1.62889 0.450676 449
7 0 28 18.9929 0.671244 2.53874 0.317354 510
7 0 29 18.4798 0.651441 1.53465 0.408332 590
7 0 30 18.1833 -3 0 0 52
7 0 31 18.5738 0.673479 2.02415 0.27466 528
7 0 32 17.5414 0.74351 2.43746 0.219987 511
7 0 33 18.2698 0.692385 1.95711 0.374936 353
7 0 34 19.7656 0.566597 2.23268 0.31136 606
7 0 35 19.2974 0.641214 2.07791 0.379203 519
7 0 36 19.1964 0.642611 2.08755 0.449282 278
7 0 37 21.5 -2 0 0 224
7 0 38 18.6885 0.622936 2.13252 0.378764 563
7 0 39 17.3171 0.813707 1.73292 0.370454 634
7 0 40 18.1833 -3 0 0 64
7 0 41 18.1064 0.725739 2.72701 0.299489 540
7 0 42 18.2644 0.764462 2.16033 0.321872 308
7 0 43 18.8077 0.653999 1.84985 0.473155 573
7 0 44 19.45 0.628666 1.22823 0.475201 556
7 0 45 18.2556 0.700108 2.75298 0.243932 548
7 0 46 21.2902 1.99093 5.69581 0.36654 653
7 0 47 19.0182 0.583987 2.12751 0.394515 666
7 0 48 17.9328 0.624214 2.45088 0.37952 419
7 0 49 18.7418 0.723552 2.12965 0.392254 636
7 0 50 17.5 -2 0 0 597
7 0 51 17.9608 0.721213 2.54914 0.254944 746
7 0 52 16.1118 0.645751 2.15324 0.392563 625
7 0 53 17.4682 0.744405 1.90242 0.380291 611
7 0 54 18.0547 1.00771 3.37335 0.337141 452
7 0 55 16.7198 0.713593 1.40627 0.444095 634
7 0 56 21.5 -2 0 0 648
7 0 57 18.15 0.746252 2.02097 0.366046 706
7 0 58 17.5 -2 0 0 601
7 0 59 16.3897 1.43173 1.63111 0.455745 702
7 0 60 16.5733 0.703332 1.82842 0.393745 503
7 0 61 17.2199 0.631149 2.38834 0.417714 815
7 0 62 16.3147 0.68962 2.46556 0.263283 723
7 0 63 17.18 0.57461 1.89994 0.357725 641
7 1 0 18.8971 0.535511 2.14999 0.501256 771
7 1 1 19.2307 0.83283 2.74461 0.353359 704
7 1 2 18.4807 0.644183 1.80806 0.517436 738
7 1 3 18.6512 0.590882 2.05504 0.488706 708
7 1 4 19.0023 0.597909 2.25959 0.291702 652
7 1 5 18.6711 0.804465 2.09767 0.484076 655
7 1 6 18.6833 0.564162 2.09512 0.357305 801
7 1 7 19.0176 0.789171 3.07199 0.327189 909
7 1 8 19.2958 0.714522 1.90105 0.341861 701
7 1 9 21.5 -2 0 0 222
7 1 10 18.4144 1.04852 2.65111 0.355566 677
7 1 11 18.4483 0.581366 2.21463 0.383887 631
7 1 12 18.592 0.537135 2.30208 0.283053 671
7 1 13 18.4229 0.771138 2.21281 0.29212 657
7 1 14 18.1434 0.51397 1.97524 0.400309 654
7 1 15 18.9531 -3 0 0 106
7 1 16 18.6335 0.703708 2.90761 0.27845 741
7 1 17 19.5654 0.566117 1.80274 0.348212 584
7 1 18 18.9531 -3 0 0 139
7 1 19 19.7551 0.577855 2.21944 0.414484 838
7 1 20 19.7028 0.530483 2.19263 0.333281 609
7 1 21 19.5099 0.659805 2.92247 0.344159 837
7 1 22 20.206 0.796229 2.0508 0.51524 785
7 1 23 19.7807 0.675378 1.64421 0.512043 614
7 1 24 19.5994 0.889133 1.81476 0.271343 689
7 1 25 18.6582 0.542423 2.19962 0.424125 761
7 1 26 21.5 -2 0 0 643
7 1 27 19.6255 1.15991 3.85416 0.303178 621
7 1 28 18.7257 0.872751 1.34869 0.570734 624
7 1 29 19.1538 0.603412 2.49548 0.364169 608
7 1 30 17.81 0.837695 2.17665 0.364939 562
7 1 31 19.4764 0.600704 2.19752 0.419115 693
7 1 32 20.2022 0.634342 2.36206 0.31747 648
7 1 33 18.8373 0.562526 2.01956 0.448684 556
7 1 34 19.3855 0.571055 1.78536 0.395275 606
7 1 35 17.0886 0.676034 2.07251 0.504342 680
7 1 36 21.5 -2 0 0 643
7 1 37 18.5541 1.44586 1.81105 0.536562 611
7 1 38 19.4042 0.649773 2.53649 0.269205 673
7 1 39 19.4034 1.03376 2.52724 0.444813 565
7 1 40 18.9523 0.676538 1.92902 0.306106 587
7 1 41 21.5 -2 0 0 576
7 1 42 18.1504 0.805731 2.62516 0.356051 538
7 1 43 17.7181 0.933798 2.85778 0.357048 569
7 1 44 18.669 0.577091 2.4065 0.420281 604
7 1 45 21.5 -2 0 0 590
7 1 46 5.5 -2 0 0 1083
7 1 47 17.8373 0.813912 2.59874 0.295134 649
7 1 48 18.2375 0.684702 1.59988 0.452202 531
7 1 49 19.1782 0.664434 1.5817 0.345447 519
7 1 50 18.198 0.624404 2.46341 0.27095 578
7 1 51 18.5099 0.584198 2.08316 0.394137 550
7 1 52 18.0208 0.604834 1.53224 0.438418 505
7 1 53 18.6232 0.638488 2.57873 0.329334 561
7 1 54 18.6597 0.839094 1.6441 0.339865 551
7 1 55 18.1585 0.735301 2.19372 0.3661 521
7 1 56 18.2259 0.610425 2.23836 0.331208 551
7 1 57 18.7232 0.553544 1.70557 0.458318 522
7 1 58 21.5 -2 0 0 532
7 1 59 1.5 -2 0 0 2316
7 1 60 17.9265 0.600529 1.9062 0.379308 561
7 1 61 17.5534 0.562243 2.47975 0.407412 508
7 1 62 17.704 0.65186 2.62397 0.378295 346
7 1 63 18.1999 1.08829 1.9724 0.406228 531
7 2 0 18.1939 0.831412 2.4815 0.439768 843
7 2 1 17.5199 0.612843 1.54203 0.479717 802
7 2 2 17.6132 0.561969 2.05579 0.407822 691
7 2 3 18.1562 0.562047 1.95976 0.353311 646
7 2 4 17.1293 0.511974 1.84294 0.297287 679
7 2 5 17.5 -2 0 0 698
7 2 6 17.1671 0.699145 1.93459 0.363107 717
7 2 7 18.7128 0.581683 2.03852 0.401722 611
7 2 8 17.9911 0.623623 1.57587 0.516047 668
7 2 9 17.9635 0.650689 1.62788 0.466864 625
7 2 10 17.6372 0.729069 1.518 0.418708 614
7 2 11 16.867 0.526421 1.82764 0.466389 695
7 2 12 18.0222 0.559913 1.38891 0.447954 641
7 2 13 18.134 0.687807 1.32985 0.447659 642
7 2 14 19.1265 0.549212 2.09045 0.338294 842
7 2 15 21.5 -2 0 0 656
7 2 16 18.2571 0.599639 2.10962 0.371761 629
7 2 17 17.699 0.763515 1.79196 0.457183 797
7 2 18 18.7053 0.542619 1.63689 0.449414 670
7 2 19 17.981 0.644882 1.76673 0.374229 629
7 2 20 17.8493 0.585504 1.72797 0.335582 621
7 2 21 18.3329 0.692665 1.38847 0.47862 670
7 2 22 18.6101 0.757173 1.17725 0.631764 572
7 2 23 17.5047 0.719601 1.39716 0.478248 720
7 2 24 21.5 -2 0 0 771
7 2 25 18.419 0.903872 1.38034 0.534564 670
7 2 26 18.5992 0.600848 2.43701 0.237771 795
7 2 27 16.6682 1.17994 2.12135 0.420487 615
7 2 28 17.7343 0.506404 1.92483 0.44762 628
7 2 29 18.2876 0.592313 2.41029 0.231992 715
7 2 30 21.5 -2 0 0 711
7 2 31 17.9217 0.664326 1.87604 0.318124 671
7 2 32 21.5 -2 0 0 664
7 2 33 17.5932 0.673877 1.35763 0.485765 702
7 2 34 16.9546 0.906775 2.64891 0.256842 706
7 2 35 21.5 -2 0 0 725
7 2 36 18.2775 0.611541 1.26899 0.462584 679
7 2 37 18.1328 0.615623 1.38267 0.513459 652
7 2 38 17.5962 0.566844 1.81311 0.30662 720
7 2 39 16.4977 0.852636 3.00236 0.354579 865
7 2 40 17.3542 0.510581 2.0269 0.413237 740
7 2 41 18.2266 0.491778 1.69034 0.317691 661
7 2 42 17.5642 0.64046 1.86393 0.322622 724
7 2 43 17.9978 0.567569 2.01856 0.307189 781
7 2 44 17.6932 0.568105 2.06282 0.292239 673
7 2 45 17.2529 0.752497 2.31476 0.352322 710
7 2 46 17.4595 0.795447 2.56171 0.401766 997
7 2 47 21.5 -2 0 0 832
7 2 48 18.0867 0.577745 1.70264 0.374608 752
7 2 49 21.5 -2 0 0 843
7 2 50 21.5 -2 0 0 721
7 2 51 21.5 -2 0 0 1167
7 2 52 17.7101 0.494792 1.87436 0.471809 934
7 2 53 17.2313 0.651386 1.57099 0.40557 818
7 2 54 17.2328 0.616863 1.94855 0.329108 774
7 2 55 21.5 -2 0 0 901
7 2 56 17.3507 0.537838 1.96504 0.336787 941
7 2 57 16.7677 0.649875 2.51823 0.302097 1001
7 2 58 17.093 0.48789 1.91129 0.371588 825
7 2 59 17.8275 0.75975 2.7072 0.311993 1072
7 2 60 15.7981 0.697872 2.56545 0.335985 852
7 2 61 17.5045 0.646906 2.47127 0.266175 1293
7 2 62 17.7085 0.81804 2.41695 0.301106 1089
7 2 63 16.4188 0.577066 1.67877 0.364032 810
7 3 0 20.1113 0.559972 2.0669 0.400614 1423
7 3 1 19.8145 0.711273 2.15069 0.32391 1497
7 3 2 19.5732 0.609975 2.09968 0.329059 1573
7 3 3 19.5164 0.537139 2.08941 0.282104 1757
7 3 4 17.9515 0.670946 2.91908 0.318508 430
7 3 5 19.7069 0.765375 1.76046 0.400476 1440
7 3 6 20.3336 0.833973 2.36335 0.2996 1789
7 3 7 19.5738 0.693382 1.97684 0.272612 2271
7 3 8 19.8543 0.595756 1.4445 0.638424 1278
7 3 9 20.7298 0.697158 2.25246 0.326603 2118
7 3 10 18.325 0.666187 2.90654 0.349371 1130
7 3 11 20.1463 0.817956 2.24128 0.344703 1261
7 3 12 19.1315 0.908242 2.1207 0.319873 1604
7 3 13 19.4896 0.679725 2.33722 0.245627 1659
7 3 14 19.855 0.727339 2.02719 0.373219 1237
7 3 15 19.4288 0.634728 2.12986 0.252535 1568
7 3 16 20.7826 0.558748 3.02606 0.259263 2919
7 3 17 19.0332 0.723699 2.12612 0.361907 1164
7 3 18 20.1791 0.700143 3.17942 0.288685 1491
7 3 19 19.8842 0.649757 1.9342 0.379554 2047
7 3 20 16.9422 0.69204 2.40875 0.526783 235
7 3 21 20.7418 0.603123 2.40927 0.364658 1951
7 3 22 19.8029 0.557313 2.02173 0.349795 1874
7 3 23 20.0237 1.27244 4.85732 0.387262 245
7 3 24 20.0365 0.574885 2.02058 0.51829 1202
7 3 25 20.5744 0.605154 2.54912 0.329051 1756
7 3 26 20.2853 0.70801 2.06008 0.411357 1072
7 3 27 18.6742 0.679691 2.53563 0.385031 557
7 3 28 17.4551 0.831425 2.93447 0.379373 1485
7 3 29 19.4796 0.487644 2.2726 0.457347 1146
7 3 30 19.025 0.692555 2.41165 0.33255 524
7 3 31 19.818 0.514459 2.44462 0.298494 1626
7 3 32 18.7144 0.841274 2.31335 0.389585 1290
7 3 33 17.1507 0.743385 2.89788 0.38471 358
7 3 34 25.5 -2 0 0 983
7 3 35 19.9168 0.837014 2.43425 0.380038 1449
7 3 36 18.2506 0.782637 2.28732 0.414483 254
7 3 37 20.2375 0.623531 2.55256 0.36668 856
7 3 38 20.371 0.521134 2.69806 0.278162 1316
7 3 39 19.0045 0.920618 3.01452 0.419781 897
7 3 40 21.5 -2 0 0 235
7 3 41 19.0765 0.968812 3.04584 0.285216 1214
7 3 42 19.889 0.520659 2.06688 0.330643 1025
7 3 43 20.2404 0.614441 1.79119 0.486326 1151
7 3 44 19.9654 0.692607 2.60335 0.353273 1087
7 3 45 19.9572 0.636683 2.39245 0.241345 1169
7 3 46 18.4917 0.580975 2.6469 0.361577 585
7 3 47 19.8942 0.673989 2.30679 0.348931 1245
7 3 48 18.6713 0.704551 3.11869 0.353098 650
7 3 49 20.0627 1.00904 1.77926 0.597533 874
7 3 50 19.0666 0.679004 1.99109 0.378674 1048
7 3 51 19.2445 0.498694 2.30152 0.415074 760
7 3 52 18.8877 0.750891 2.03214 0.349655 856
7 3 53 19.7459 0.514529 2.31609 0.484283 906
7 3 54 20.255 0.523674 2.52131 0.382973 978
7 3 55 17.7266 0.731006 2.63507 0.343903 826
7 3 56 18.4954 0.574148 2.51705 0.352111 890
7 3 57 19.0797 1.16517 2.9485 0.432862 890
7 3 58 18.486 0.548847 2.25071 0.349153 901
7 3 59 17.6684 1.0647 2.88421 0.256186 871
7 3 60 17.5 -2 0 0 391
7 3 61 18.7745 0.566758 2.60708 0.403401 835
7 3 62 18.7815 0.610897 2.11893 0.342196 803
7 3 63 18.2209 0.658572 1.72382 0.425639 813
7 4 0 18.7513 0.674201 2.26705 0.337014 1387
7 4 1 19.3333 0.538351 2.16404 0.394793 1146
7 4 2 19.6425 0.693365 3.28382 0.366138 772
7 4 3 18.7635 0.529124 2.084 0.44413 880
7 4 4 17.5 -2 0 0 218
7 4 5 18.1139 0.732802 2.94383 0.327762 465
7 4 6 19.6237 0.524533 2.23508 0.455273 922
7 4 7 18.2879 0.608992 2.35302 0.39112 808
7 4 8 19.1847 0.521425 2.23793 0.364717 1051
7 4 9 18.0223 0.878538 2.06901 0.390924 844
7 4 10 18.9568 0.532192 1.77109 0.477027 833
7 4 11 18.8617 -3 0 0 178
7 4 12 18.6152 0.612917 1.62053 0.344998 873
7 4 13 19.1865 0.600714 1.88634 0.414927 756
7 4 14 19.9431 0.667149 2.26011 0.281541 1403
7 4 15 18.7543 0.887081 3.19356 0.288483 253
7 4 16 18.8905 0.452604 1.7947 0.431357 823
7 4 17 18.4175 0.986664 3.0285 0.414637 285
7 4 18 18.8617 -3 0 0 168
7 4 19 19.4091 0.632949 1.76372 0.374765 831
7 4 20 18.8617 -3 0 0 87
7 4 21 18.7835 0.690017 1.97918 0.465571 935
7 4 22 19.7684 0.556637 1.87434 0.269749 773
7 4 23 16.9856 0.954882 2.87931 0.259016 216
7 4 24 18.7202 1.10785 2.51005 0.431459 1185
7 4 25 19.7387 0.71196 1.6323 0.382977 792
7 4 26 18.9291 0.622137 2.23643 0.368625 1384
7 4 27 18.8617 -3 0 0 174
7 4 28 18.6849 0.815114 1.95431 0.395473 810
7 4 29 15.6776 1.15441 2.77669 0.361616 385
7 4 30 18.8617 -3 0 0 103
7 4 31 18.8406 0.518977 2.28756 0.287728 811
7 4 32 18.7078 0.716605 1.81285 0.457893 812
7 4 33 18.8617 -3 0 0 182
7 4 34 18.6721 0.579078 2.31354 0.438957 1560
7 4 35 19.6059 0.533307 2.06999 0.430657 834
7 4 36 19.0962 0.660909 2.54646 0.315899 917
7 4 37 18.5641 0.836834 2.10017 0.397342 1100
7 4 38 19.7163 0.658267 1.55608 0.48074 815
7 4 39 19.0857 0.610548 1.9507 0.381853 999
7 4 40 20.7574 1.85738 6.75971 0.511956 281
7 4 41 19.6098 0.548426 1.89238 0.420979 836
7 4 42 21.5 -2 0 0 460
7 4 43 21.5 -2 0 0 1235
7 4 44 18.8863 0.566509 1.90913 0.462795 795
7 4 45 19.3301 0.662194 1.78376 0.349257 845
7 4 46 18.0956 1.02852 2.09184 0.378331 1545
7 4 47 18.8849 0.536572 2.03786 0.306671 854
7 4 48 18.3038 0.530623 1.88244 0.431446 904
7 4 49 19.1423 0.51105 1.90795 0.310827 1151
7 4 50 17.5 -2 0 0 841
7 4 51 18.0556 0.615984 2.36425 0.243285 1325
7 4 52 17.9941 0.517648 1.97723 0.348862 1252
7 4 53 17.8649 0.62413 2.26697 0.267353 862
7 4 54 17.8249 0.546088 1.67191 0.414263 925
7 4 55 18.221 0.528409 2.33356 0.277122 1325
7 4 56 21.5 -2 0 0 1042
7 4 57 17.6414 0.598379 2.02248 0.453302 1221
7 4 58 18.1012 0.546262 2.29838 0.253272 989
7 4 59 18.6913 0.608747 2.15097 0.318552 1543
7 4 60 21.5 -2 0 0 895
7 4 61 17.9893 0.866372 2.00184 0.361369 1670
7 4 62 21.5 -2 0 0 1587
7 4 63 17.0208 0.474298 1.95191 0.356632 1125
7 5 0 18.2678 0.416542 2.47037 0.352957 1752
7 5 1 17.5 -2 0 0 1911
7 5 2 21.5 -2 0 0 2098
7 5 3 16.1186 0.600495 2.35298 0.324189 2851
7 5 4 16.7051 1.05628 2.32477 0.403479 587
7 5 5 17.1709 0.521568 2.15581 0.324346 2280
7 5 6 17.9135 0.497127 2.51781 0.364066 2402
7 5 7 17.9304 0.558794 2.41249 0.277709 3958
7 5 8 18.3482 0.411023 1.7891 0.385753 1996
7 5 9 21.5 -2 0 0 3047
7 5 10 21.5 -2 0 0 3323
7 5 11 16.9792 0.599868 2.28021 0.424479 1093
7 5 12 21.5 -2 0 0 2650
7 5 13 18.1813 0.509329 1.83314 0.312754 3144
7 5 14 21.5 -2 0 0 1652
7 5 15 17.4892 0.574105 1.92314 0.379164 1696
7 5 16 18.1855 0.626278 2.83917 0.349672 4210
7 5 17 18.2598 0.488002 1.92402 0.330293 1759
7 5 18 18.45 0.421174 2.12393 0.314764 2556
7 5 19 18.6448 0.407426 2.31918 0.336466 3869
7 5 20 15.6807 0.662038 3.26448 0.288793 324
7 5 21 18.5832 0.39988 1.83003 0.484215 2617
7 5 22 17.1993 0.615108 2.04373 0.36054 3202
7 5 23 21.5 -2 0 0 1998
7 5 24 25.5 -2 0 0 1805
7 5 25 18.0059 0.479758 1.97921 0.359202 3737
7 5 26 18.1208 0.529486 2.04894 0.422142 1667
7 5 27 16.142 0.548953 2.75685 0.276121 748
7 5 28 18.0265 0.511368 1.73069 0.432148 2972
7 5 29 18.1124 0.54017 2.29841 0.287152 1739
7 5 30 18.2392 0.422888 2.10353 0.296093 1754
7 5 31 18.0642 0.474495 2.16964 0.46928 3542
7 5 32 18.9574 0.511935 1.91903 0.378518 2867
7 5 33 17.9714 0.52567 2.12452 0.425401 1888
7 5 34 18.9951 0.397144 1.86019 0.499752 1584
7 5 35 18.1022 0.512903 2.41477 0.27734 3173
7 5 36 17.5199 0.518847 1.82165 0.537086 1826
7 5 37 18.0536 0.504731 1.83977 0.398875 1433
7 5 38 18.0718 0.479275 1.90759 0.515248 3186
7 5 39 18.1939 0.544017 2.21181 0.320588 2077
7 5 40 18.1436 0.45803 2.0073 0.312594 2512
7 5 41 17.9699 0.499261 2.05232 0.22335 2798
7 5 42 17.6851 0.654261 2.2014 0.250099 1795
7 5 43 17.0032 0.736934 2.21423 0.518524 1659
7 5 44 18.1848 0.617163 1.92368 0.382491 2480
7 5 45 21.5 -2 0 0 2426
7 5 46 18.0326 0.441415 1.88139 0.367634 1557
7 5 47 18.1253 0.588773 2.18326 0.479224 3163
7 5 48 15.912 0.818721 2.06331 0.522691 659
7 5 49 21.5 -2 0 0 1789
7 5 50 17.6154 0.382594 1.93599 0.482031 2339
7 5 51 18.4913 0.480907 1.7606 0.487042 1542
7 5 52 21.5 -2 0 0 1613
7 5 53 18.0213 0.518505 2.37812 0.379766 2613
7 5 54 18.4468 0.516144 1.49129 0.427407 2141
7 5 55 21.5 -2 0 0 1525
7 5 56 17.7164 0.440452 2.1943 0.35388 1874
7 5 57 16.9227 0.617435 2.42085 0.369113 1789
7 5 58 16.921 0.606563 2.09122 0.291059 1797
7 5 59 17.9716 0.421285 2.22842 0.400455 1356
7 5 60 21.5 -2 0 0 2311
7 5 61 17.7347 0.416261 2.32537 0.432181 1541
7 5 62 21.5 -2 0 0 1465
7 5 63 21.5 -2 0 0 1600
7 6 0 19.554 0.678672 2.29057 0.330896 1619
7 6 1 17.8168 0.559828 2.22179 0.325716 1298
7 6 2 18.1104 0.534018 2.1199 0.417329 1127
7 6 3 21.5 -2 0 0 817
7 6 4 18.854 0.582152 2.14764 0.336303 799
7 6 5 17.9738 0.570232 2.39107 0.309122 957
7 6 6 18.3538 0.656079 2.05767 0.301646 893
7 6 7 18.4384 0.547992 2.18157 0.398559 842
7 6 8 19.1544 0.542271 1.92281 0.39315 1146
7 6 9 19.0982 0.543315 1.92797 0.379001 887
7 6 10 17.6287 0.599519 2.16167 0.505337 809
7 6 11 18.9705 0.747859 2.37246 0.339648 259
7 6 12 18.6791 0.692004 1.74761 0.455335 767
7 6 13 18.2326 0.642674 1.81142 0.366747 746
7 6 14 18.1633 0.592674 2.10776 0.293288 1487
7 6 15 18.5383 0.51157 1.61823 0.366433 802
7 6 16 18.4883 0.572961 1.737 0.466604 841
7 6 17 18.3949 0.62497 1.79388 0.388782 1210
7 6 18 19.3447 0.691971 1.598 0.326882 754
7 6 19 17.9219 0.701898 2.27399 0.414291 792
7 6 20 18.9048 0.716431 2.08299 0.401804 829
7 6 21 18.44 0.500397 2.1705 0.389307 983
7 6 22 19.1854 0.806629 1.87258 0.318608 815
7 6 23 18.1797 0.520548 1.76691 0.460248 971
7 6 24 16.8961 0.643365 2.64674 0.279019 1227
7 6 25 25.5 -2 0 0 820
7 6 26 18.9399 0.562146 1.87078 0.29815 1408
7 6 27 18.7583 0.499443 2.22004 0.499942 739
7 6 28 17.7068 0.772747 1.46504 0.474077 704
7 6 29 19.8705 1.36837 4.72668 0.447259 1033
7 6 30 18.941 0.677716 1.91981 0.320955 835
7 6 31 18.024 0.545111 1.96646 0.352069 766
7 6 32 19.0008 0.748519 1.54019 0.497522 758
7 6 33 18.0969 0.719693 2.03207 0.281791 739
7 6 34 18.7434 0.664327 3.0086 0.278405 1334
7 6 35 19.386 0.598393 2.40271 0.413771 675
7 6 36 21.5 -2 0 0 812
7 6 37 19.0141 0.54245 2.18432 0.246705 866
7 6 38 18.2418 0.536959 1.97121 0.583188 705
7 6 39 17.9215 0.611736 1.96821 0.416268 782
7 6 40 17.9715 0.500378 2.0333 0.424093 818
7 6 41 18.5534 0.533593 1.75197 0.419712 740
7 6 42 18.0847 0.741877 2.18755 0.249491 853
7 6 43 16.4285 0.887658 1.63756 0.504004 1048
7 6 44 18.4178 0.597038 1.83504 0.36769 683
7 6 45 18.2113 0.714108 1.82196 0.438161 714
7 6 46 18.5889 0.550948 2.4234 0.388109 1252
7 6 47 17.5 -2 0 0 733
7 6 48 18.6108 0.677188 1.93801 0.406552 820
7 6 49 20.4435 1.64769 4.5715 0.390186 866
7 6 50 18.3042 0.570255 1.57348 0.358724 703
7 6 51 18.21 0.547094 2.27483 0.374379 1028
7 6 52 15.7333 0.749824 3.00779 0.26934 933
7 6 53 17.9664 0.598778 2.58229 0.402914 723
7 6 54 17.4986 0.586659 1.98251 0.290391 736
7 6 55 17.3835 0.589395 2.5189 0.209964 900
7 6 56 17.5 -2 0 0 859
7 6 57 19.1583 0.960409 3.30041 0.419336 919
7 6 58 17.6746 0.546524 1.58888 0.436318 817
7 6 59 17.3191 0.501786 2.08521 0.411921 1128
7 6 60 17.1757 0.618794 1.51798 0.49096 764
7 6 61 17.9147 0.741357 1.85197 0.524288 1125
7 6 62 17.339 0.631704 2.07354 0.314059 1087
7 6 63 17.5 -2 0 0 815
7 7 0 18.5227 0.508714 1.99099 0.471467 1172
7 7 1 18.2255 0.835649 2.24147 0.440603 1265
7 7 2 18.027 0.600145 2.33984 0.39733 1310
7 7 3 18.1676 0.616167 1.73214 0.353761 1799
7 7 4 18.8923 0.521725 1.98222 0.409439 1607
7 7 5 19.2683 0.596423 2.08271 0.348404 1518
7 7 6 18.9517 0.667944 2.24475 0.466011 1489
7 7 7 18.9901 0.701355 2.34942 0.298246 2472
7 7 8 19.1353 0.516486 2.15455 0.438137 1321
7 7 9 18.6067 0.558043 2.31478 0.335174 1708
7 7 10 19.5314 0.463152 2.32406 0.316092 1903
7 7 11 18.3637 0.491161 1.58588 0.554738 1480
7 7 12 18.5311 0.830723 2.43625 0.352479 1617
7 7 13 18.6517 0.772913 2.25192 0.394228 2201
7 7 14 18.4242 0.701176 2.15403 0.564678 1157
7 7 15 19.033 0.601571 1.65068 0.552309 2008
7 7 16 19.3036 0.608076 2.9993 0.232498 2470
7 7 17 19.2881 0.544244 2.08844 0.312601 1248
7 7 18 18.2086 0.520893 2.00681 0.344876 1511
7 7 19 19.2809 0.679307 2.90975 0.375411 2758
7 7 20 16.452 0.883795 4.01918 0.409523 290
7 7 21 18.5122 0.96193 2.9652 0.465657 1649
7 7 22 18.6407 0.542374 2.42455 0.277565 1991
7 7 23 18.6316 0.636758 2.55137 0.259466 1558
7 7 24 17.4351 0.691414 2.56107 0.424064 1193
7 7 25 19.5024 0.543292 2.30596 0.424418 3061
7 7 26 18.8548 0.633962 2.34333 0.349098 1283
7 7 27 15.9484 0.524317 2.31544 0.290275 1009
7 7 28 19.7655 0.437542 1.89535 0.340781 2562
7 7 29 18.8357 1.09936 2.14063 0.375061 1392
7 7 30 19.0775 0.449892 1.9049 0.393716 1819
7 7 31 19.7018 0.453361 2.05831 0.255652 3285
7 7 32 19.1843 0.57519 2.38459 0.216253 2505
7 7 33 19.3281 0.542243 2.07087 0.358895 1753
7 7 34 19.6657 0.763556 1.94199 0.423686 1356
7 7 35 19.1243 0.478895 2.59367 0.327891 3445
7 7 36 16.514 0.744109 2.73543 0.437706 413
7 7 37 19.4228 0.632148 1.7321 0.444212 1544
7 7 38 19.9722 0.441699 2.31873 0.272712 3749
7 7 39 18.5483 0.597878 2.85106 0.24049 2631
7 7 40 19.1715 0.453083 2.23015 0.43539 1598
7 7 41 19.8273 0.623545 1.91332 0.38749 2748
7 7 42 18.7613 0.615611 2.07979 0.319824 1660
7 7 43 18.9253 0.558844 1.82975 0.378293 1526
7 7 44 19.5773 0.619622 1.88953 0.354293 3089
7 7 45 19.1651 0.563105 2.39871 0.387009 2526
7 7 46 19.284 0.562141 2.43363 0.349965 1420
7 7 47 18.8038 0.682702 2.65216 0.307949 4140
7 7 48 15.0745 0.814202 2.38453 0.38685 976
7 7 49 16.8233 0.655352 2.74678 0.433137 742
7 7 50 18.7933 0.489319 2.00894 0.293515 2600
7 7 51 19.2368 0.484699 2.33034 0.501721 1938
7 7 52 18.1736 0.458949 1.98137 0.459069 1647
7 7 53 18.708 0.664965 2.6426 0.230534 3257
7 7 54 18.9419 0.757335 2.20382 0.253462 2478
7 7 55 17.9543 0.567156 2.30794 0.311947 1643
7 7 56 17.6954 0.71087 2.54127 0.44677 2358
7 7 57 19.0454 0.419666 2.59875 0.338638 2139
7 7 58 18.1698 0.637251 2.41782 0.315906 2164
7 7 59 18.4983 0.439495 2.2461 0.32881 1599
7 7 60 18.7899 0.56108 2.11888 0.329731 2894
7 7 61 18.0287 0.637 1.983 0.48939 1692
7 7 62 18.4039 0.635231 1.65436 0.412248 1633
7 7 63 21.5 -2 0 0 2022
7 8 0 19.2268 0.554085 2.29476 0.349055 832
7 8 1 19.421 0.587287 1.99339 0.433547 782
7 8 2 21.5 -2 0 0 728
7 8 3 19.4453 0.660969 2.14402 0.28231 686
7 8 4 19.486 0.696374 2.82049 0.304909 736
7 8 5 17.9546 0.707188 2.1066 0.41585 742
7 8 6 19.0475 0.610199 1.87344 0.415433 727
7 8 7 18.9116 0.577647 1.87233 0.40089 684
7 8 8 17.0697 0.531902 2.40032 0.469923 724
7 8 9 20.1252 0.627203 2.40888 0.407357 736
7 8 10 19.0875 -3 0 0 21
7 8 11 18.8739 0.64045 1.66578 0.344405 710
7 8 12 19.4904 0.521721 2.13623 0.306452 657
7 8 13 21.5 -2 0 0 718
7 8 14 18.9978 0.523482 2.31218 0.295157 806
7 8 15 18.9314 0.695814 1.95417 0.304115 746
7 8 16 19.8686 0.641594 2.01791 0.522046 781
7 8 17 19.7427 0.619415 2.27257 0.412788 774
7 8 18 25.5 -2 0 0 692
7 8 19 19.6484 0.625327 2.71167 0.437757 752
7 8 20 19.3159 0.529865 1.79593 0.341914 780
7 8 21 18.4769 0.997132 3.21679 0.353121 707
7 8 22 18.7735 0.629242 1.87184 0.35069 668
7 8 23 19.2065 0.616876 1.53365 0.518979 829
7 8 24 19.0572 0.759063 1.57177 0.456849 756
7 8 25 19.6197 0.679795 2.37609 0.401415 792
7 8 26 19.3609 0.723723 2.51797 0.307416 869
7 8 27 18.8901 0.554988 2.27138 0.307723 734
7 8 28 18.9054 0.597709 2.12467 0.355594 771
7 8 29 19.0875 -3 0 0 137
7 8 30 18.8568 0.949062 1.41468 0.522486 756
7 8 31 17.3349 0.972453 2.47261 0.345035 848
7 8 32 18.5222 0.624673 2.22637 0.38114 808
7 8 33 18.3247 1.00591 2.62841 0.351793 672
7 8 34 18.8451 0.916126 2.45075 0.275042 880
7 8 35 19.7898 0.655875 2.48151 0.228252 877
7 8 36 19.0875 -3 0 0 145
7 8 37 19.0875 -3 0 0 92
7 8 38 19.6525 0.734939 2.24607 0.33228 1012
7 8 39 19.6048 0.621533 2.11221 0.375103 1102
7 8 40 18.9036 0.627016 2.74627 0.315984 800
7 8 41 19.3886 1.2366 1.71582 0.485212 870
7 8 42 19.0875 -3 0 0 96
7 8 43 18.8346 0.718321 3.10683 0.359347 894
7 8 44 19.456 0.62145 2.89194 0.306683 887
7 8 45 18.7766 0.654112 2.03572 0.278361 835
7 8 46 19.4445 0.525044 1.76681 0.347945 916
7 8 47 18.8732 0.886139 3.41191 0.234413 1166
7 8 48 19.0875 -3 0 0 132
7 8 49 18.5152 0.61357 2.61105 0.25525 1006
7 8 50 18.6409 0.895453 2.0396 0.446337 955
7 8 51 18.7983 0.568479 2.24223 0.338162 1202
7 8 52 18.5226 0.620489 1.70459 0.32772 895
7 8 53 18.0846 0.593748 2.17222 0.370434 1098
7 8 54 17.5 -2 0 0 280
7 8 55 18.858 0.662933 2.00514 0.321263 1087
7 8 56 18.2483 0.619072 2.60711 0.237878 1208
7 8 57 17.9535 1.22707 2.82039 0.413319 1193
7 8 58 17.5 -2 0 0 201
7 8 59 17.8809 0.56302 2.16059 0.502251 1016
7 8 60 17.9468 0.657478 2.79128 0.315898 1121
7 8 61 18.0195 0.555562 2.09953 0.437167 1342
7 8 62 21.5 -2 0 0 1203
7 8 63 19.0875 -3 0 0 167
7 9 0 25.5 -2 0 0 1316
7 9 1 19.4462 0.595299 2.32964 0.264169 1248
7 9 2 18.9646 0.632645 2.23786 0.302703 1219
7 9 3 19.6969 0.619672 1.46158 0.405521 960
7 9 4 18.9379 0.60659 1.82675 0.317998 701
7 9 5 25.5 -2 0 0 1081
7 9 6 20.6765 0.738676 2.21624 0.482133 1229
7 9 7 19.428 0.615829 2.09567 0.306242 999
7 9 8 18.4816 0.597116 1.97775 0.320639 1089
7 9 9 17.932 0.923387 2.71564 0.322413 1240
7 9 10 19.1727 0.585349 1.92834 0.395718 1103
7 9 11 18.7904 0.533156 2.05195 0.355654 995
7 9 12 21.5 -2 0 0 1020
7 9 13 18.0497 0.764871 2.38165 0.260416 853
7 9 14 19.3139 0.855951 2.11732 0.382975 1121
7 9 15 19.3256 0.66559 2.44472 0.426959 804
7 9 16 18.5266 0.75468 2.66821 0.282831 1154
7 9 17 19.8122 0.614447 1.76656 0.304902 998
7 9 18 25.5 -2 0 0 920
7 9 19 19.2884 0.771763 1.37838 0.526689 930
7 9 20 19.182 0.653158 2.02674 0.410753 641
7 9 21 19.0039 0.552814 2.01217 0.263329 1115
7 9 22 19.2886 0.536019 2.02907 0.414189 985
7 9 23 19.1369 -3 0 0 155
7 9 24 19.5047 0.703156 1.96016 0.427502 1083
7 9 25 19.4847 0.631573 2.29967 0.404563 837
7 9 26 19.447 0.730881 2.58917 0.255189 1039
7 9 27 19.5635 0.817794 2.19392 0.320089 499
7 9 28 20.1698 0.475496 1.80383 0.483165 796
7 9 29 22.4789 1.4678 6.02922 0.393456 893
7 9 30 19.3387 0.648429 2.56019 0.309653 838
7 9 31 18.9468 0.753102 2.60893 0.210825 826
7 9 32 19.4817 0.701241 2.08851 0.347465 783
7 9 33 18.8073 0.681617 2.48267 0.357464 849
7 9 34 20.3588 0.620989 2.50274 0.338629 957
7 9 35 18.0582 0.777594 2.29485 0.21771 762
7 9 36 19.1369 -3 0 0 111
7 9 37 19.1369 -3 0 0 141
7 9 38 19.4838 0.485414 1.68748 0.465383 729
7 9 39 17.0736 0.742445 3.1873 0.35977 714
7 9 40 19.1845 0.69891 1.58931 0.344202 817
7 9 41 18.7442 0.698421 2.01189 0.374653 695
7 9 42 17.7447 0.801181 2.4656 0.342376 774
7 9 43 18.3254 0.589407 1.97994 0.470256 700
7 9 44 19.198 0.858681 2.33577 0.395199 693
7 9 45 18.5522 0.595697 1.61542 0.453291 731
7 9 46 19.4577 0.686438 1.53008 0.496702 901
7 9 47 18.5298 0.633147 1.85429 0.385743 784
7 9 48 17.9489 1.00098 1.40558 0.563186 571
7 9 49 19.6956 0.691038 2.68971 0.308992 708
7 9 50 18.3415 0.855453 2.09403 0.368301 724
7 9 51 19.5382 0.830906 1.95278 0.413129 755
7 9 52 19.7181 0.681977 2.02058 0.466721 815
7 9 53 18.2027 0.560376 1.9964 0.447298 773
7 9 54 17.9239 0.791813 1.86888 0.311632 724
7 9 55 21.5 -2 0 0 733
7 9 56 18.6447 0.547799 1.74186 0.356681 721
7 9 57 21.5 -2 0 0 732
7 9 58 21.5 -2 0 0 758
7 9 59 18.4741 0.535097 1.87637 0.537706 846
7 9 60 15.3294 0.685591 2.15845 0.509944 580
7 9 61 17.4391 0.874874 2.39994 0.360333 792
7 9 62 17.902 0.492153 2.25257 0.304985 788
7 9 63 18.6583 0.803952 2.89617 0.418737 710
7 10 0 18.1997 0.555396 2.69706 0.318007 1366
7 10 1 17.9315 0.831888 2.51524 0.403052 1335
7 10 2 18.4256 0.454538 1.91483 0.350661 1232
7 10 3 17.6266 0.646852 1.63075 0.390266 1248
7 10 4 18.4468 0.506342 1.86293 0.386724 1448
7 10 5 18.2948 0.442867 1.74011 0.393978 1339
7 10 6 18.1849 0.674216 2.03662 0.338487 1218
7 10 7 18.517 0.508655 2.29662 0.470448 1261
7 10 8 21.5 -2 0 0 1333
7 10 9 21.5 -2 0 0 1202
7 10 10 17.959 0.675537 1.52807 0.631252 1131
7 10 11 18.1662 0.531998 2.23729 0.315707 1547
7 10 12 18.2005 0.591588 2.14004 0.387442 1310
7 10 13 17.601 0.542103 2.11846 0.392672 923
7 10 14 19.0106 0.527513 2.34038 0.37045 1512
7 10 15 18.7587 0.454997 2.24019 0.321722 1485
7 10 16 18.4269 0.588142 2.14717 0.421944 1239
7 10 17 18.5071 0.609625 2.16242 0.248869 1625
7 10 18 18.4836 0.39287 1.96021 0.356942 1444
7 10 19 21.5 -2 0 0 1457
7 10 20 18.5329 -3 0 0 122
7 10 21 19.0354 0.712682 2.32394 0.482308 1117
7 10 22 18.3077 0.62663 2.3193 0.344527 1180
7 10 23 17.8592 0.560235 1.66299 0.603426 1529
7 10 24 18.1818 0.424243 2.33298 0.404303 1370
7 10 25 18.6354 0.972737 2.95739 0.334494 1604
7 10 26 18.5439 0.624015 2.57612 0.347988 1734
7 10 27 18.451 0.55547 2.37265 0.342815 822
7 10 28 19.451 0.426123 2.09894 0.403839 831
7 10 29 21.5 -2 0 0 1652
7 10 30 18.14 0.611224 1.8348 0.491933 1182
7 10 31 19.1972 0.52181 2.61374 0.324678 1837
7 10 32 19.8206 0.757436 3.33623 0.229221 274
7 10 33 25.6425 0.710906 3.15251 0.245986 409
7 10 34 21.5 -2 0 0 1855
7 10 35 18.6211 0.500072 2.28578 0.292576 1952
7 10 36 18.5329 -3 0 0 163
7 10 37 18.5739 0.529642 1.90878 0.424859 474
7 10 38 18.7605 0.483857 2.31749 0.346323 2243
7 10 39 20.0039 0.866277 2.51066 0.43485 3038
7 10 40 21.5 -2 0 0 1165
7 10 41 18.5325 0.593369 2.36099 0.300598 2040
7 10 42 18.9608 0.431901 1.9573 0.409674 2211
7 10 43 18.6273 0.52248 2.01277 0.291273 2039
7 10 44 21.5 -2 0 0 2157
7 10 45 0 -10 0 0 0
7 10 46 18.4596 0.608993 2.24073 0.454777 2258
7 10 47 18.7409 0.486184 2.68354 0.318956 2765
7 10 48 18.2662 0.511621 1.87267 0.47412 839
7 10 49 21.5 -2 0 0 2243
7 10 50 18.4643 0.716498 2.933 0.332434 530
7 10 51 18.873 0.664154 2.28212 0.396922 3609
7 10 52 21.5 -2 0 0 2233
7 10 53 18.294 0.483781 2.46894 0.287541 2757
7 10 54 17.4844 0.550043 2.2111 0.257393 2444
7 10 55 18.4321 0.462127 2.28151 0.447735 2521
7 10 56 18.4784 0.601006 2.67958 0.314887 3259
7 10 57 18.685 0.469413 2.45947 0.240328 3081
7 10 58 17.2604 0.525913 2.47201 0.28351 2442
7 10 59 18.3284 0.708528 3.10981 0.34198 1168
7 10 60 18.089 0.523271 2.39922 0.366333 2922
7 10 61 18.1918 0.54525 2.68266 0.334527 3643
7 10 62 18.1542 0.433064 2.2537 0.394801 2823
7 10 63 17.3063 0.423959 2.04362 0.355572 2461
7 11 0 21.5 -2 0 0 3945
7 11 1 18.3505 0.578841 2.61934 0.338246 3927
7 11 2 19.5304 0.537907 2.93948 0.248076 3615
7 11 3 18.5305 0.461545 2.14406 0.413202 2389
7 11 4 17.894 0.686775 2.89855 0.295861 352
7 11 5 19.2686 0.543061 2.18682 0.275377 2609
7 11 6 18.6138 0.556961 2.52389 0.207043 3381
7 11 7 19.0472 0.559265 2.34063 0.321559 2109
7 11 8 18.0731 0.521295 1.65669 0.564799 2892
7 11 9 19.5821 0.52901 2.51767 0.441093 3038
7 11 10 19.1227 0.549995 2.12043 0.367371 2925
7 11 11 17.7421 0.562729 2.39919 0.433527 426
7 11 12 18.0116 0.556869 2.27896 0.42695 2598
7 11 13 18.6831 0.604745 2.04291 0.434011 1984
7 11 14 18.6579 0.517688 2.25955 0.380687 3108
7 11 15 16.7759 0.588251 2.98402 0.50265 553
7 11 16 20.0576 0.668487 3.11896 0.419388 2870
7 11 17 18.9591 0.503731 1.75774 0.37537 2532
7 11 18 18.6407 0.847585 1.68455 0.549167 1948
7 11 19 18.7287 0.577778 2.52745 0.226109 1940
7 11 20 18.7448 -3 0 0 164
7 11 21 18.9372 0.53159 2.57002 0.283093 3440
7 11 22 18.9798 0.619554 1.56371 0.485026 2299
7 11 23 21.5 -2 0 0 2196
7 11 24 18.7182 0.427905 2.21379 0.368268 2814
7 11 25 19.5545 0.527015 2.6281 0.43755 1660
7 11 26 17.4852 0.562534 2.73968 0.370162 722
7 11 27 19.78 0.484358 2.28796 0.309756 1874
7 11 28 18.9775 0.498673 1.86968 0.298676 1727
7 11 29 19.8021 0.695284 1.76842 0.486957 2138
7 11 30 18.0009 0.818181 2.40725 0.418039 1479
7 11 31 18.543 0.682348 1.6706 0.488263 1513
7 11 32 19.0961 0.593291 1.73281 0.504162 1477
7 11 33 18.2804 0.657643 2.48264 0.365559 1538
7 11 34 25.5 -2 0 0 2341
7 11 35 18.3174 0.802033 2.05885 0.263744 1394
7 11 36 18.6297 0.544092 2.46487 0.353588 1490
7 11 37 18.161 0.667075 2.82151 0.383177 360
7 11 38 19.2491 0.593048 2.24585 0.321653 1277
7 11 39 16.0894 1.30406 5.12257 0.678557 297
7 11 40 18.7448 -3 0 0 177
7 11 41 18.5337 0.501419 1.87007 0.331109 1204
7 11 42 18.3591 0.607102 1.80759 0.657731 685
7 11 43 18.2415 0.70337 2.09726 0.373374 1932
7 11 44 18.196 0.589284 2.24148 0.315388 1186
7 11 45 18.5974 0.453146 1.69771 0.484199 1398
7 11 46 17.7505 0.662962 2.41493 0.489419 2049
7 11 47 18.8513 0.49257 1.74569 0.586676 1211
7 11 48 18.5743 0.483822 1.96985 0.379761 1436
7 11 49 21.5 -2 0 0 1656
7 11 50 18.4946 0.452715 1.68235 0.491704 1324
7 11 51 18.2815 0.8733 2.66585 0.388212 1310
7 11 52 17.4364 0.878209 1.48354 0.701365 1673
7 11 53 18.194 0.51222 2.16681 0.499238 1139
7 11 54 18.059 0.589793 1.77684 0.358656 1213
7 11 55 18.267 0.472331 2.61724 0.352689 1510
7 11 56 19.0155 0.507421 2.46397 0.422047 1278
7 11 57 18.6402 0.656721 2.0442 0.444309 1326
7 11 58 21.5 -2 0 0 1381
7 11 59 18.5727 0.470689 2.14294 0.421237 1846
7 11 60 21.5 -2 0 0 1257
7 11 61 17.336 0.575488 2.64412 0.311124 1479
7 11 62 17.8791 0.509194 2.17488 0.311506 1605
7 11 63 17.2105 0.518658 2.15537 0.381174 1406
7 12 0 18.0995 0.575942 2.90354 0.372505 4481
7 12 1 21.5 -2 0 0 1839
7 12 2 18.2415 0.401741 2.4039 0.413216 3138
7 12 3 17.9945 0.431922 1.99608 0.300667 3309
7 12 4 15.2363 0.449448 2.27169 0.547703 1390
7 12 5 18.151 0.470774 1.55294 0.648602 3847
7 12 6 18.0997 0.416924 1.96028 0.470138 3749
7 12 7 18.2779 0.538806 1.99901 0.4009 3197
7 12 8 17.9855 0.385955 2.00267 0.450996 3850
7 12 9 17.9909 0.445686 2.06343 0.383034 3330
7 12 10 18.6984 0.329601 2.19041 0.431826 3268
7 12 11 18.7494 0.344398 1.98335 0.511722 4229
7 12 12 18.1331 0.457689 1.88844 0.519035 3612
7 12 13 18.0386 0.537429 2.15071 0.296441 3429
7 12 14 17.9965 0.348038 2.2516 0.485188 4267
7 12 15 18.2451 0.510555 1.82425 0.446478 3746
7 12 16 21.5 -2 0 0 3263
7 12 17 18.7134 0.547004 2.10321 0.45452 4340
7 12 18 16.7845 0.581825 2.19942 0.340868 1726
7 12 19 19.0496 0.513829 2.09805 0.476875 3526
7 12 20 17.177 0.633066 2.06102 0.349099 731
7 12 21 18.9357 0.41081 2.0788 0.389626 3457
7 12 22 18.6101 0.497399 2.01495 0.363202 3205
7 12 23 16.0869 0.506912 1.98808 0.578746 1187
7 12 24 18.6981 0.371992 2.10255 0.351613 4118
7 12 25 18.7118 0.357809 2.15943 0.568999 3683
7 12 26 18.1939 0.447208 2.2765 0.453455 3159
7 12 27 15.2846 0.577653 2.20071 0.477928 1348
7 12 28 18.1507 0.38677 1.71693 0.436485 3643
7 12 29 18.6285 0.447699 2.0086 0.371082 4237
7 12 30 16.4244 0.791011 1.9606 0.641887 666
7 12 31 18.1235 0.431456 2.25806 0.496037 4105
7 12 32 17.953 0.456714 1.91543 0.343645 3837
7 12 33 14.8805 0.779739 2.27608 0.50935 1950
7 12 34 16.7078 0.624536 2.2195 0.33053 2542
7 12 35 18.4824 0.376599 2.01229 0.415628 4225
7 12 36 21.5 -2 0 0 1480
7 12 37 18.8629 0.37908 2.05794 0.352547 4810
7 12 38 18.5326 0.445817 2.20814 0.355589 4242
7 12 39 18.1644 0.459914 2.33318 0.307992 4971
7 12 40 18.1733 0.428658 1.8184 0.602627 4703
7 12 41 18.4066 0.383129 2.04351 0.409028 3993
7 12 42 18.5975 0.344736 2.14814 0.404569 4521
7 12 43 18.531 0.435698 1.94401 0.486985 4842
7 12 44 17.9768 0.414369 2.05131 0.377484 4084
7 12 45 21.5 -2 0 0 4306
7 12 46 18.4825 0.412158 2.39948 0.362447 5282
7 12 47 18.5599 0.368196 2.35527 0.37262 4408
7 12 48 18.3429 0.482976 1.88554 0.485279 4479
7 12 49 18.0635 0.543432 1.98917 0.337424 4901
7 12 50 18.2844 0.348136 2.24351 0.34049 4385
7 12 51 18.0079 0.474494 2.81569 0.428984 5804
7 12 52 18.5974 0.360236 1.94422 0.438534 5101
7 12 53 21.5 -2 0 0 4375
7 12 54 18.2787 0.424793 1.80968 0.462534 4702
7 12 55 18.0371 0.419907 2.26723 0.350841 5244
7 12 56 18.1283 0.399122 2.62884 0.34222 5157
7 12 57 21.5 -2 0 0 5436
7 12 58 18.0077 0.374903 2.04982 0.33836 4699
7 12 59 17.5805 0.407221 2.29441 0.413018 5524
7 12 60 17.726 0.368843 2.14487 0.404026 4554
7 12 61 18 0.396924 3.33141 0.333469 6403
7 12 62 17.9904 0.359117 2.50953 0.50811 5671
7 12 63 17.6046 0.370507 1.88278 0.515399 5077
7 13 0 18.7473 0.472708 3.18247 0.262707 5762
7 13 1 19.1574 0.412842 2.25775 0.680628 4990
7 13 2 18.9812 0.605879 2.73623 0.416865 4814
7 13 3 19.3918 0.355189 1.90548 0.390038 3752
7 13 4 18.9427 0.597154 2.549 0.286348 1604
7 13 5 18.8289 0.483331 2.13868 0.550694 4496
7 13 6 18.0047 0.619277 2.93838 0.333175 3866
7 13 7 18.6753 0.446982 2.43296 0.468324 3342
7 13 8 19.0708 0.419175 2.13028 0.365218 4649
7 13 9 18.635 0.648806 2.07848 0.606444 4133
7 13 10 18.8531 0.350075 2.36949 0.419801 3805
7 13 11 18.856 0.532024 2.58164 0.398382 1568
7 13 12 18.4428 0.504992 2.30284 0.369414 3864
7 13 13 18.2228 0.445175 2.48099 0.505154 3294
7 13 14 18.4604 0.344841 2.73903 0.316479 5197
7 13 15 18.8475 0.398096 1.99194 0.480776 3806
7 13 16 18.3877 0.569105 2.67659 0.451359 3746
7 13 17 18.4998 0.391631 2.55851 0.370112 4841
7 13 18 18.861 0.42125 2.26698 0.444438 2723
7 13 19 18.7413 0.521119 2.04381 0.338756 3451
7 13 20 18.9365 0.449419 2.39666 0.287927 2680
7 13 21 19.3978 0.425848 2.46731 0.377757 4262
7 13 22 19.501 0.580732 2.29221 0.436423 3384
7 13 23 19.0239 0.533954 2.22211 0.58007 3588
7 13 24 19.6435 0.383683 2.0148 0.431734 4587
7 13 25 18.5878 0.459906 2.56732 0.351093 3275
7 13 26 19.3375 0.433401 2.33265 0.567886 5005
7 13 27 18.5432 0.517516 1.88735 0.50814 3657
7 13 28 21.5 -2 0 0 3237
7 13 29 20.1498 0.552087 2.72113 0.514034 4620
7 13 30 19.5997 0.536846 2.61969 0.301239 1086
7 13 31 19.4093 0.395562 2.13633 0.456899 3237
7 13 32 19.4624 0.396654 2.21013 0.374925 2921
7 13 33 19.1397 0.419371 2.22291 0.309975 3408
7 13 34 19.3093 0.535625 2.72715 0.434779 5212
7 13 35 19.1107 0.486812 2.11378 0.416454 3042
7 13 36 19.1782 0.392398 2.33672 0.41786 1264
7 13 37 20.1989 0.635825 2.98642 0.386394 748
7 13 38 18.4006 0.610761 2.36986 0.381454 2753
7 13 39 19.4019 0.354545 2.31425 0.460234 3137
7 13 40 18.9122 0.449796 2.27457 0.370237 3331
7 13 41 18.8833 0.381121 1.85624 0.436122 2820
7 13 42 19.2143 0.445621 2.1827 0.450682 3482
7 13 43 19.2302 0.458097 2.29662 0.440258 2483
7 13 44 19.3433 0.412153 2.24463 0.367349 2648
7 13 45 17.9773 0.469454 2.01799 0.517823 3210
7 13 46 19.2345 0.473036 2.38087 0.323144 3352
7 13 47 18.9526 0.490661 2.7784 0.414119 2644
7 13 48 19.1016 0.391322 1.67167 0.534145 3407
7 13 49 18.86 0.404475 2.46053 0.406892 3707
7 13 50 19.2069 0.447041 2.12462 0.316605 3078
7 13 51 21.5 -2 0 0 3412
7 13 52 18.4176 0.660088 1.93824 0.570486 3922
7 13 53 19.0258 0.374286 2.45783 0.543102 2588
7 13 54 18.3414 0.413066 2.26918 0.338726 3133
7 13 55 18.7818 0.437306 2.18017 0.433321 3731
7 13 56 19.1689 0.344312 2.24245 0.443125 3479
7 13 57 19.3331 0.407278 2.30167 0.347244 3349
7 13 58 18.0735 0.54084 2.27764 0.31517 3222
7 13 59 18.947 0.369126 2.42204 0.435969 4132
7 13 60 21.5 -2 0 0 3021
7 13 61 18.0418 0.543511 2.74324 0.41781 3947
7 13 62 18.7623 0.37241 2.52165 0.355779 3718
7 13 63 25.5 -2 0 0 3320
7 14 0 21.5 -2 0 0 6197
7 14 1 17.9813 0.399524 2.2187 0.542569 5515
7 14 2 18.3844 0.447065 2.92576 0.439773 5171
7 14 3 21.5 -2 0 0 4042
7 14 4 17.7474 0.42844 1.97848 0.404741 4214
7 14 5 21.5 -2 0 0 4576
7 14 6 21.5 -2 0 0 4968
7 14 7 18.5174 0.418937 2.20196 0.612017 3936
7 14 8 18.096 0.373208 1.93799 0.514 4712
7 14 9 21.5 -2 0 0 4475
7 14 10 21.5 -2 0 0 4266
7 14 11 18.07 0.379685 1.87535 0.399651 4688
7 14 12 17.2672 0.449471 2.29166 0.314555 4246
7 14 13 17.9757 0.373878 1.85376 0.481101 3562
7 14 14 18.1355 0.409956 2.37087 0.386795 5484
7 14 15 21.5 -2 0 0 3764
7 14 16 18.3007 0.389446 2.69752 0.473134 4375
7 14 17 21.5 -2 0 0 4464
7 14 18 18.3189 0.383957 1.8612 0.390427 4056
7 14 19 18.6563 0.364486 2.1688 0.476342 3688
7 14 20 15.281 0.505369 2.13766 0.323149 1790
7 14 21 17.699 0.37029 2.44187 0.422572 4794
7 14 22 21.5 -2 0 0 3767
7 14 23 17.9878 0.370182 2.11898 0.324211 4121
7 14 24 17.6669 0.382964 2.20915 0.328066 5046
7 14 25 21.5 -2 0 0 3498
7 14 26 18.3159 0.382188 2.66409 0.349999 5107
7 14 27 14.1858 0.434117 2.08987 0.395167 1863
7 14 28 18.1647 0.397793 1.81348 0.350868 3450
7 14 29 18.3994 0.382682 1.89303 0.437336 4247
7 14 30 16.9775 0.510239 1.77708 0.362018 2106
7 14 31 18.5874 0.476453 1.93429 0.424159 3127
7 14 32 18.1702 0.508652 1.80954 0.373573 2998
7 14 33 17.9396 0.372116 1.78573 0.522853 3219
7 14 34 18.158 0.384158 2.40036 0.35819 4617
7 14 35 17.5472 0.510435 2.21663 0.483573 2874
7 14 36 14.9529 0.523288 2.07468 0.440716 1039
7 14 37 18.6456 0.402261 2.04238 0.389542 3779
7 14 38 18.1948 0.345131 2.17005 0.405882 2570
7 14 39 17.8455 0.440273 1.83168 0.431484 2679
7 14 40 17.8754 0.358938 1.97928 0.511997 3486
7 14 41 17.7978 0.345445 2.13724 0.354761 2678
7 14 42 21.5 -2 0 0 3221
7 14 43 21.5 -2 0 0 3887
7 14 44 17.9636 0.40272 1.9431 0.37845 2423
7 14 45 18.1115 0.49118 1.62587 0.448455 2845
7 14 46 21.5 -2 0 0 4192
7 14 47 21.5 -2 0 0 2601
7 14 48 17.9864 0.486251 1.67046 0.544512 3030
7 14 49 17.5126 0.509445 2.02256 0.361378 3342
7 14 50 17.3552 0.49219 1.76354 0.463921 2659
7 14 51 17.3752 0.496918 2.59624 0.34375 2975
7 14 52 21.5 -2 0 0 3463
7 14 53 17.3408 0.424571 2.39085 0.383979 2422
7 14 54 17.6054 0.421235 1.69539 0.510682 2697
7 14 55 21.5 -2 0 0 3104
7 14 56 17.4906 0.374755 1.8555 0.516709 2745
7 14 57 17.5038 0.400943 2.2844 0.386906 3025
7 14 58 17.2843 0.366164 1.96931 0.432347 2867
7 14 59 16.6261 0.422839 2.1695 0.4281 3952
7 14 60 21.5 -2 0 0 2611
7 14 61 17.5281 0.384688 2.24993 0.435817 3173
7 14 62 17.2152 0.403965 2.03224 0.393498 3279
7 14 63 17.3556 0.418568 1.92915 0.454732 2927
7 15 0 18.9741 0.462165 2.0398 0.546688 3282
7 15 1 21.5 -2 0 0 3037
7 15 2 17.9624 0.454682 2.01506 0.461106 2807
7 15 3 18.1181 0.616051 1.98774 0.296845 2428
7 15 4 16.5194 0.627349 2.03817 0.482977 1166
7 15 5 17.9594 0.413652 1.88837 0.442 2846
7 15 6 21.5 -2 0 0 2650
7 15 7 21.5 -2 0 0 2239
7 15 8 18.253 0.433145 1.94212 0.369565 2861
7 15 9 18.4926 0.439142 1.76871 0.509414 2424
7 15 10 21.5 -2 0 0 2244
7 15 11 17.9092 0.40509 1.96741 0.341584 3237
7 15 12 18.1851 0.506682 1.71477 0.425797 2660
7 15 13 17.8866 0.419169 2.04562 0.318614 2513
7 15 14 18.9087 0.442711 1.80403 0.58204 3245
7 15 15 21.5 -2 0 0 2935
7 15 16 18.3751 0.537059 2.12045 0.409623 2045
7 15 17 18.0504 0.584098 1.87405 0.383024 3401
7 15 18 14.6142 0.560181 2.3268 0.48735 1230
7 15 19 18.4185 0.539529 2.08473 0.356997 2676
7 15 20 15.3425 0.444465 2.27607 0.427392 427
7 15 21 18.0581 0.495247 1.93994 0.485186 2589
7 15 22 17.5947 0.456686 1.98509 0.417688 2280
7 15 23 17.4054 0.633465 1.88103 0.390388 648
7 15 24 18.488 0.518394 1.90471 0.426684 3001
7 15 25 18.7264 0.441265 1.80838 0.39904 2863
7 15 26 18.3703 0.339801 2.27589 0.448667 3765
7 15 27 14.5152 0.76924 1.61765 0.804843 1060
7 15 28 17.8264 0.55028 1.92364 0.447667 2868
7 15 29 16.2709 0.675896 1.92917 0.414297 2058
7 15 30 15.769 0.61754 2.34009 0.366004 626
7 15 31 18.5491 0.408187 2.003 0.376065 3029
7 15 32 18.3095 0.422101 1.9621 0.336985 3086
7 15 33 17.5 -2 0 0 1000
7 15 34 18.3732 0.368209 2.36802 0.384673 4118
7 15 35 21.5 -2 0 0 3306
7 15 36 17.7559 0.381889 2.16772 0.44277 3022
7 15 37 18.4066 0.420405 2.22313 0.413035 4086
7 15 38 18.5514 0.488684 2.04652 0.40571 3639
7 15 39 18.2793 0.448768 2.05755 0.440352 4627
7 15 40 21.5 -2 0 0 1976
7 15 41 18.4085 0.508486 1.83887 0.339842 3287
7 15 42 17.6664 0.711726 2.36627 0.398309 1611
7 15 43 18.257 0.437354 1.93776 0.339544 4154
7 15 44 18.3426 0.478632 1.93579 0.535299 3631
7 15 45 18.5485 0.362776 2.08807 0.338523 3785
7 15 46 18.3397 0.477203 2.32235 0.40469 4519
7 15 47 21.5 -2 0 0 3843
7 15 48 14.9465 0.605973 2.2621 0.259619 909
7 15 49 18.5622 0.334884 2.02713 0.461343 4402
7 15 50 16.6421 0.583328 2.15515 0.607371 4040
7 15 51 18.3728 0.41706 2.56834 0.424425 5428
7 15 52 21.5 -2 0 0 4655
7 15 53 21.5 -2 0 0 4040
7 15 54 18.0009 0.442612 2.04277 0.398092 4212
7 15 55 21.5 -2 0 0 4898
7 15 56 17.5 -2 0 0 4995
7 15 57 17.969 0.407743 2.45217 0.385338 5172
7 15 58 17.3153 0.38974 1.90489 0.491645 4209
7 15 59 17.3636 0.376262 2.26217 0.410243 4757
7 15 60 17.4826 0.420039 2.53454 0.293969 4276
7 15 61 17.8851 0.421803 2.59954 0.602974 5913
7 15 62 16.7096 0.418431 2.57426 0.323414 5222
7 15 63 21.5 -2 0 0 4593
8 0 0 21.5 -2 0 0 514
8 0 1 19.3575 0.625085 2.1951 0.444825 516
8 0 2 18.027 0.56528 1.83892 0.495177 543
8 0 3 17.4147 0.986028 2.11612 0.292675 446
8 0 4 18.875 0.657689 1.40294 0.418274 486
8 0 5 18.6506 0.505669 1.94171 0.437055 469
8 0 6 21.1859 1.45509 3.81537 0.417634 398
8 0 7 21.5 -2 0 0 492
8 0 8 18.677 0.945662 3.51251 0.341187 503
8 0 9 21.5 -2 0 0 424
8 0 10 19.132 0.788315 1.5493 0.334838 442
8 0 11 19.4174 0.591501 2.1272 0.372281 516
8 0 12 18.9706 0.569259 1.82941 0.474586 494
8 0 13 21.5 -2 0 0 431
8 0 14 19.7272 0.848695 2.59449 0.413933 586
8 0 15 19.1689 0.780383 2.08095 0.235971 474
8 0 16 21.5 -2 0 0 398
8 0 17 21.5 -2 0 0 558
8 0 18 21.5 -2 0 0 474
8 0 19 21.5 -2 0 0 484
8 0 20 21.5 -2 0 0 502
8 0 21 20.1595 0.738138 2.66664 0.289025 425
8 0 22 21.5 -2 0 0 440
8 0 23 19.7885 0.656425 1.8675 0.379394 531
8 0 24 18.4936 0.835008 1.59693 0.439216 509
8 0 25 21.5 -2 0 0 533
8 0 26 21.5 -2 0 0 572
8 0 27 19.6355 0.851456 1.34466 0.456178 466
8 0 28 21.5 -2 0 0 474
8 0 29 19.4861 0.601104 2.21071 0.499697 565
8 0 30 19.1643 0.664991 1.37177 0.523409 505
8 0 31 18.4781 1.08559 4.18591 0.604719 540
8 0 32 20.3529 0.680986 1.73453 0.315471 514
8 0 33 21.5 -2 0 0 464
8 0 34 21.0243 0.70623 1.95355 0.494636 589
8 0 35 20.609 0.84771 1.36399 0.367328 530
8 0 36 19.6046 0.761983 2.12539 0.38488 517
8 0 37 21.5 -2 0 0 623
8 0 38 21.5 -2 0 0 553
8 0 39 18.355 0.724075 2.57788 0.250694 605
8 0 40 19.1158 0.555042 1.69682 0.366736 529
8 0 41 19.8988 0.628975 2.33522 0.283705 538
8 0 42 18.8113 0.729907 2.56518 0.243059 557
8 0 43 18.7513 1.17696 4.26914 0.345906 598
8 0 44 19.6916 0.660969 2.37716 0.273844 530
8 0 45 19.1633 0.615921 2.0466 0.409113 552
8 0 46 19.2636 0.643992 2.34165 0.384252 612
8 0 47 18.7632 0.692633 1.9304 0.410858 641
8 0 48 21.5 -2 0 0 525
8 0 49 19.4078 0.75206 2.03087 0.31596 603
8 0 50 19.4307 0.617813 2.47436 0.455154 597
8 0 51 19.7239 0.900175 2.5514 0.391139 751
8 0 52 21.5 -2 0 0 624
8 0 53 19.6468 0.6179 2.36112 0.359432 556
8 0 54 16.3449 0.980674 2.12354 0.365823 549
8 0 55 19.368 0.596598 2.1175 0.226506 644
8 0 56 18.8103 0.594661 2.36113 0.357851 669
8 0 57 19.464 0.556921 1.92351 0.470396 685
8 0 58 18.0719 0.570091 2.00349 0.363298 600
8 0 59 18.4528 0.545888 1.77896 0.371471 733
8 0 60 18.7662 0.681139 2.07116 0.304431 615
8 0 61 17.1356 0.645465 2.44323 0.407146 809
8 0 62 18.1661 0.659111 2.63281 0.340661 735
8 0 63 17.9435 0.776664 3.12305 0.399771 613
8 1 0 18.3627 0.617373 2.27413 0.307729 745
8 1 1 17.6108 0.808985 1.37264 0.552575 768
8 1 2 18.0694 0.760107 2.28898 0.349607 794
8 1 3 17.8818 0.708789 2.52717 0.256467 773
8 1 4 17.6105 0.6112 2.14039 0.235697 684
8 1 5 18.3725 0.499984 2.00535 0.433793 718
8 1 6 19.6873 1.03015 2.7796 0.376039 822
8 1 7 15.8158 0.595136 1.76618 0.312944 865
8 1 8 18.7207 0.527621 1.88508 0.336361 731
8 1 9 14 0.506382 2.36939 0.341566 526
8 1 10 17.851 0.547494 2.13659 0.356634 872
8 1 11 17.5 -2 0 0 661
8 1 12 17.0966 0.691675 1.38109 0.582306 712
8 1 13 19.0822 0.513601 1.7363 0.480462 753
8 1 14 17.9055 0.6163 1.90532 0.503785 727
8 1 15 14 0.510563 1.03458 0.587454 569
8 1 16 19.8185 1.03979 3.77123 0.342561 1046
8 1 17 19.6448 0.668979 1.65449 0.469636 615
8 1 18 17.5 -2 0 0 592
8 1 19 15.5339 1.04306 2.35477 0.29174 811
8 1 20 17.5 -2 0 0 559
8 1 21 21.5 -2 0 0 775
8 1 22 17.5 -2 0 0 810
8 1 23 17.6845 0.573453 1.7215 0.355865 637
8 1 24 21.5 -2 0 0 707
8 1 25 18.2767 0.760095 1.8795 0.365506 761
8 1 26 21.5 -2 0 0 663
8 1 27 16.892 0.619511 2.26936 0.286134 661
8 1 28 17.1968 0.534235 1.43553 0.508913 656
8 1 29 17.5894 0.811604 1.43441 0.396689 624
8 1 30 15.1343 0.673725 1.12359 0.661451 628
8 1 31 18.3553 0.656965 3.20762 0.355514 748
8 1 32 21.5 -2 0 0 640
8 1 33 21.5 -2 0 0 602
8 1 34 17.9164 0.772801 2.07469 0.408589 641
8 1 35 15.5123 0.635526 1.89096 0.342913 671
8 1 36 14.118 0.674931 1.70535 0.269448 507
8 1 37 18.2601 0.778164 1.17546 0.40871 629
8 1 38 18.7304 0.588231 1.95324 0.367604 666
8 1 39 18.619 0.638742 1.82948 0.325082 547
8 1 40 17.3233 0.690778 1.87102 0.453361 647
8 1 41 18.6319 0.443515 1.75001 0.427816 643
8 1 42 17.5 -2 0 0 529
8 1 43 17.8355 0.719408 1.67447 0.532682 618
8 1 44 16.6156 0.657075 1.76714 0.437239 610
8 1 45 13.5 -2 0 0 546
8 1 46 18.6868 0.772844 1.81449 0.339136 621
8 1 47 18.8994 0.748207 1.92198 0.57023 630
8 1 48 18.6143 0.811192 1.67943 0.40123 616
8 1 49 18.1763 0.521888 1.94717 0.466537 541
8 1 50 21.5 -2 0 0 576
8 1 51 18.5513 0.668 1.30994 0.459852 520
8 1 52 21.5 -2 0 0 548
8 1 53 17.0884 0.653601 1.94545 0.291631 587
8 1 54 21.5 -2 0 0 577
8 1 55 17.2644 0.736015 1.74246 0.362481 527
8 1 56 17.9233 0.51749 1.96996 0.345237 499
8 1 57 17.5 -2 0 0 499
8 1 58 17.3234 0.619643 1.53651 0.410108 579
8 1 59 16.6754 0.563858 1.79137 0.445736 559
8 1 60 17.5 -2 0 0 736
8 1 61 16.7542 0.57856 2.34063 0.456089 455
8 1 62 16.2565 0.668413 2.24751 0.340584 572
8 1 63 16.1945 0.639713 1.56863 0.327766 543
8 2 0 21.5 -2 0 0 866
8 2 1 18.0115 0.661435 2.38909 0.27511 770
8 2 2 18.4296 0.920899 1.62548 0.513223 668
8 2 3 21.5 -2 0 0 631
8 2 4 17.5 -2 0 0 667
8 2 5 18.3485 0.704863 1.14552 0.500224 659
8 2 6 21.5 -2 0 0 670
8 2 7 21.5 -2 0 0 572
8 2 8 18.4306 0.554017 1.58406 0.359971 666
8 2 9 18.5469 0.485131 1.73633 0.429367 657
8 2 10 15.2387 0.66327 2.29587 0.522249 611
8 2 11 17.094 0.698268 2.05385 0.307889 729
8 2 12 21.5 -2 0 0 627
8 2 13 18.5935 0.525573 1.92746 0.34915 606
8 2 14 18.3549 0.624661 2.5419 0.231838 759
8 2 15 18.5165 0.856406 1.29338 0.474501 633
8 2 16 18.6232 0.564631 2.13218 0.435516 623
8 2 17 21.5 -2 0 0 707
8 2 18 16.4936 0.730883 1.61041 0.522905 640
8 2 19 18.6062 0.831544 1.80126 0.342346 598
8 2 20 17.9579 0.536497 1.61433 0.388647 704
8 2 21 18.4885 0.581842 1.84704 0.466867 670
8 2 22 17.1551 0.824778 2.124 0.3495 540
8 2 23 18.5385 0.766107 3.1017 0.486047 700
8 2 24 19.2757 0.520175 1.69521 0.369954 727
8 2 25 18.4465 0.655459 1.74862 0.311104 680
8 2 26 19.5282 0.5835 2.18737 0.319173 796
8 2 27 18.5521 0.543327 1.85174 0.360718 648
8 2 28 18.7641 0.718521 1.59271 0.348879 646
8 2 29 21.5 -2 0 0 783
8 2 30 19.3772 0.84023 2.85903 0.374557 697
8 2 31 21.5 -2 0 0 669
8 2 32 21.5 -2 0 0 650
8 2 33 17.1365 0.701489 1.84841 0.286065 678
8 2 34 18.9283 0.544981 2.27071 0.365358 902
8 2 35 18.4773 0.798286 1.14889 0.531457 674
8 2 36 18.241 0.646695 1.69771 0.397852 675
8 2 37 19.1419 0.590243 2.39916 0.377748 749
8 2 38 18.151 0.549999 2.03025 0.386724 719
8 2 39 18.5395 0.946303 2.9178 0.314313 863
8 2 40 19.0797 0.950859 1.75461 0.538909 758
8 2 41 19.1507 0.629296 2.03993 0.303543 680
8 2 42 17.0835 0.813838 1.95994 0.485448 728
8 2 43 18.506 0.555904 1.55936 0.358375 839
8 2 44 17.7568 0.72721 1.71666 0.330422 668
8 2 45 18.4782 0.650291 1.84713 0.354748 700
8 2 46 18.4927 0.805193 2.01619 0.289152 944
8 2 47 18.416 0.59937 2.4763 0.31951 847
8 2 48 18.6746 0.601677 1.58999 0.402045 741
8 2 49 17.3204 0.803385 1.77532 0.431548 848
8 2 50 18.1318 0.562474 1.83789 0.373456 729
8 2 51 18.0336 0.611786 1.78265 0.302665 1117
8 2 52 17.0332 0.570505 2.03366 0.428437 894
8 2 53 18.0261 0.570395 2.20247 0.244051 812
8 2 54 21.5 -2 0 0 753
8 2 55 21.5 -2 0 0 895
8 2 56 18.4944 0.547724 1.90735 0.340569 883
8 2 57 18.449 0.724258 2.9075 0.351151 994
8 2 58 21.5 -2 0 0 843
8 2 59 16.4751 0.52594 2.48744 0.360671 1057
8 2 60 17.0357 0.73168 2.00239 0.31698 843
8 2 61 17.5 -2 0 0 1262
8 2 62 21.5 -2 0 0 1136
8 2 63 21.5 -2 0 0 836
8 3 0 25.5 -2 0 0 1358
8 3 1 19.5301 1.05734 2.62212 0.432478 1373
8 3 2 19.6494 0.504065 2.4279 0.260164 1438
8 3 3 25.5 -2 0 0 1682
8 3 4 17.5694 0.61844 2.31716 0.233213 1264
8 3 5 18.6454 0.499482 1.86579 0.286987 1330
8 3 6 19.8769 0.599283 2.22043 0.364675 1721
8 3 7 19.41 0.60998 2.41838 0.285416 2104
8 3 8 18.6923 0.549396 1.71879 0.33174 1278
8 3 9 18.6297 0.563048 2.35442 0.3021 2016
8 3 10 19.0988 0.683879 2.46697 0.248947 2251
8 3 11 19.234 0.526126 1.6657 0.437051 1212
8 3 12 18.4103 0.526818 1.98632 0.34218 1468
8 3 13 18.5918 0.623115 2.2792 0.276991 1605
8 3 14 19.1764 0.514883 2.3742 0.421247 1198
8 3 15 19.4737 0.527374 1.98955 0.387213 1443
8 3 16 19.9564 0.544637 2.40916 0.306293 2693
8 3 17 18.3629 0.5325 2.04981 0.387426 1085
8 3 18 19.5699 0.478362 2.08728 0.448408 1369
8 3 19 19.3158 0.879027 2.4811 0.292245 1995
8 3 20 19.1822 0.702312 2.30225 0.431193 1099
8 3 21 19.3946 0.638486 2.40523 0.287958 1918
8 3 22 18.9831 0.482982 2.02343 0.390068 1819
8 3 23 19.0688 0.573637 2.71068 0.275186 1049
8 3 24 19.339 0.680295 2.30704 0.36164 1157
8 3 25 18.2898 1.20168 3.40995 0.430047 812
8 3 26 18.9509 1.0418 2.46067 0.439806 983
8 3 27 19.4344 0.560644 2.406 0.256271 1390
8 3 28 19.6518 0.693599 1.97174 0.435697 1439
8 3 29 18.2127 0.490026 1.93591 0.419399 1035
8 3 30 18.5077 0.559368 2.54864 0.332545 592
8 3 31 20.602 0.649189 2.50012 0.379756 1489
8 3 32 18.3912 1.46725 3.64578 0.499041 1318
8 3 33 19.3175 0.436235 1.85108 0.474292 1189
8 3 34 17.9539 0.765115 2.25618 0.383496 924
8 3 35 19.3652 0.501161 2.23031 0.303853 1208
8 3 36 25.5 -2 0 0 1041
8 3 37 18.8882 0.742588 1.60635 0.518857 976
8 3 38 18.8232 0.593929 2.6097 0.368854 1224
8 3 39 19.9781 0.653531 2.73105 0.48837 887
8 3 40 19.7276 0.498961 2.19482 0.344873 1080
8 3 41 21.5 -2 0 0 780
8 3 42 21.5 -2 0 0 683
8 3 43 18.4531 0.996771 1.83999 0.460515 879
8 3 44 18.7173 0.57585 1.7053 0.575673 1060
8 3 45 19.0775 0.798304 2.19109 0.407196 1054
8 3 46 18.8548 0.499416 2.23886 0.343976 916
8 3 47 18.2112 0.51244 2.07264 0.37406 961
8 3 48 19.4074 0.707262 1.38295 0.558152 1065
8 3 49 18.6886 0.536428 2.06995 0.323642 843
8 3 50 18.9953 0.563285 2.29856 0.404264 972
8 3 51 18.2893 0.631062 1.74755 0.494975 729
8 3 52 18.3263 0.49123 2.00728 0.482703 830
8 3 53 17.6524 0.456686 2.15679 0.477082 970
8 3 54 17.4747 0.693934 2.70962 0.386069 456
8 3 55 18.9721 0.613499 2.01611 0.376343 789
8 3 56 16.7461 0.507009 1.91674 0.54184 712
8 3 57 17.5662 0.696493 2.05214 0.357419 782
8 3 58 21.5 -2 0 0 924
8 3 59 21.5 -2 0 0 786
8 3 60 16.6601 1.04655 4.16204 0.400887 399
8 3 61 18.4715 0.641787 2.61625 0.455784 780
8 3 62 21.5 -2 0 0 746
8 3 63 17.5 -2 0 0 761
8 4 0 19.151 0.7012 2.74058 0.295354 1299
8 4 1 18.0016 0.600429 3.01634 0.300404 1068
8 4 2 19.1203 0.519462 2.06993 0.451745 944
8 4 3 17.681 0.577083 1.35102 0.630147 699
8 4 4 18.2433 0.729505 1.75031 0.646658 826
8 4 5 17.704 0.63859 2.41721 0.261778 851
8 4 6 18.5012 0.825534 3.10136 0.386004 883
8 4 7 19.0734 0.599252 2.1556 0.379774 737
8 4 8 21.5 -2 0 0 902
8 4 9 17.4847 0.751968 1.825 0.436309 808
8 4 10 18.3587 0.563566 1.89549 0.414389 782
8 4 11 21.5 -2 0 0 976
8 4 12 17.7953 0.53954 1.80123 0.347885 817
8 4 13 17.6992 1.1939 1.98485 0.391072 744
8 4 14 17.9537 0.551904 2.17134 0.275558 1248
8 4 15 21.5 -2 0 0 751
8 4 16 17.5822 0.786396 3.13549 0.251297 763
8 4 17 18.1391 0.50219 2.27174 0.283646 1087
8 4 18 18.6074 0.507567 1.79123 0.322889 760
8 4 19 17.9416 0.78024 1.46265 0.572494 731
8 4 20 21.5 -2 0 0 838
8 4 21 18.2566 0.678059 2.13685 0.278126 894
8 4 22 21.5 -2 0 0 690
8 4 23 18.347 0.816067 1.70069 0.436919 1045
8 4 24 17.7196 0.572343 2.02348 0.24621 989
8 4 25 18.24 0.49403 1.55329 0.602479 734
8 4 26 18.4641 0.571568 2.47903 0.309787 1282
8 4 27 16.9483 0.778881 2.40809 0.259026 749
8 4 28 17.5 -2 0 0 670
8 4 29 18.0413 0.583924 1.76677 0.437029 1130
8 4 30 21.5 -2 0 0 775
8 4 31 18.8961 0.455548 1.86756 0.474752 771
8 4 32 17.663 0.656064 1.69519 0.471341 731
8 4 33 18.4767 0.513169 1.89436 0.399907 765
8 4 34 18.7949 0.462699 1.76601 0.492753 1479
8 4 35 24.9642 2.41392 6.3765 0.515551 785
8 4 36 18.1991 0.681533 1.49807 0.533336 782
8 4 37 18.2385 0.49756 1.85026 0.405132 981
8 4 38 17.4373 0.60729 2.577 0.317809 738
8 4 39 18.4147 0.454846 1.73464 0.524337 909
8 4 40 21.5 -2 0 0 865
8 4 41 21.5 -2 0 0 801
8 4 42 18.6869 0.512733 2.15482 0.331605 875
8 4 43 18.768 0.61375 1.75337 0.285621 1160
8 4 44 18.5042 0.657166 2.11799 0.368063 744
8 4 45 18.4088 0.565952 1.82889 0.371412 787
8 4 46 18.1711 0.50873 1.96961 0.394141 1417
8 4 47 17.8208 0.892922 1.88935 0.48581 857
8 4 48 21.5 -2 0 0 855
8 4 49 17.7151 0.483899 2.0598 0.291772 1111
8 4 50 17.5 -2 0 0 784
8 4 51 17.8308 0.691612 2.41264 0.36551 1236
8 4 52 16.8275 0.665783 2.07053 0.323106 1305
8 4 53 21.5 -2 0 0 806
8 4 54 17.6009 0.639105 1.87193 0.479261 842
8 4 55 17.1202 0.520017 2.29919 0.310763 1196
8 4 56 21.5 -2 0 0 976
8 4 57 18.3541 1.04003 2.50362 0.448877 1058
8 4 58 17.0313 0.764949 1.86046 0.359922 929
8 4 59 17.1052 0.588339 2.24471 0.291871 1350
8 4 60 17.6265 0.474913 2.21517 0.335295 856
8 4 61 16.9643 0.621473 2.25847 0.340198 1647
8 4 62 16.501 0.592015 2.16432 0.326707 1482
8 4 63 16.47 0.508135 2.07947 0.327612 1056
8 5 0 16.5879 0.460827 2.76317 0.391004 1284
8 5 1 18.1082 0.472482 2.0977 0.557978 1952
8 5 2 21.5 -2 0 0 2106
8 5 3 17.4912 0.512043 2.09059 0.391939 2710
8 5 4 17.8038 0.62232 2.14496 0.422206 1170
8 5 5 16.3445 0.373966 2.33869 0.398158 1455
8 5 6 18.4442 0.480497 2.10371 0.423802 2395
8 5 7 17.9356 0.583929 2.20374 0.331328 3705
8 5 8 18.7865 0.463321 1.75734 0.337959 2049
8 5 9 16.4731 0.552565 2.04836 0.329934 2432
8 5 10 18.6526 0.43271 1.95366 0.510277 3367
8 5 11 17.5875 0.467885 2.03212 0.314072 1930
8 5 12 16.3145 0.487022 2.49735 0.262018 1430
8 5 13 18.4048 0.638127 2.26696 0.409061 3093
8 5 14 21.5 -2 0 0 1686
8 5 15 18.3566 0.605339 2.21728 0.395155 2623
8 5 16 18.3337 0.672515 2.52268 0.336135 4116
8 5 17 17.9405 0.429519 2.32975 0.4044 1717
8 5 18 18.9961 0.499592 2.22712 0.275048 2507
8 5 19 19.7552 0.510923 2.69503 0.401266 3756
8 5 20 18.7989 0.465182 2.22484 0.276663 2194
8 5 21 17.5539 0.518757 2.47412 0.271762 2573
8 5 22 18.2987 0.510374 2.28616 0.357436 3168
8 5 23 18.3133 0.495498 1.61263 0.470245 1901
8 5 24 19.1973 0.664248 1.89654 0.328816 1721
8 5 25 18.3847 0.626287 2.34293 0.299558 3327
8 5 26 21.5 -2 0 0 1608
8 5 27 18.5228 0.712434 2.3256 0.387942 2623
8 5 28 18.379 0.737062 1.69651 0.49798 2795
8 5 29 18.3998 0.70244 2.13876 0.402131 1693
8 5 30 19.0052 0.52201 2.16163 0.432834 2372
8 5 31 21.5 -2 0 0 3308
8 5 32 16.8798 0.511705 2.33228 0.28812 1911
8 5 33 16.4544 0.70266 2.67768 0.352466 1191
8 5 34 17.9655 0.543652 1.95238 0.449876 1475
8 5 35 18.4916 0.444487 2.57144 0.384726 3176
8 5 36 18.272 0.678814 2.0646 0.362496 2255
8 5 37 17.708 0.375139 2.04637 0.362898 1714
8 5 38 18.4393 0.48339 2.1925 0.378667 3039
8 5 39 18.611 0.540856 2.1146 0.456943 2046
8 5 40 17.8119 0.490608 2.12008 0.389915 1909
8 5 41 18.7752 0.417296 2.47551 0.3182 2714
8 5 42 18.8323 0.424922 1.80533 0.411541 1911
8 5 43 18.3746 0.505124 1.73827 0.346334 1655
8 5 44 17.3377 0.425021 1.85235 0.37171 1927
8 5 45 18.1479 0.586027 2.1199 0.346223 2347
8 5 46 17.8667 0.42437 2.37173 0.361213 1550
8 5 47 19.2317 0.577473 2.77146 0.38323 3040
8 5 48 17.9957 0.519696 2.8585 0.436354 2099
8 5 49 18.4439 0.740491 1.64387 0.473325 1729
8 5 50 16.7018 0.495545 1.8768 0.346154 1833
8 5 51 18.7933 0.396924 2.50034 0.375529 1510
8 5 52 18.1645 1.02987 2.01017 0.429929 1541
8 5 53 17.9098 0.461948 2.1604 0.330619 2586
8 5 54 15.2638 0.805768 1.91811 0.547818 1838
8 5 55 21.5 -2 0 0 1487
8 5 56 17.1796 0.475891 2.3917 0.391776 1582
8 5 57 21.5 -2 0 0 1699
8 5 58 17.6738 0.428778 2.10065 0.346549 1798
8 5 59 18.0455 0.525985 1.79178 0.419365 1442
8 5 60 16.691 0.477171 1.97407 0.46337 1939
8 5 61 25.5 -2 0 0 1441
8 5 62 17.4453 0.449998 1.98241 0.388309 1429
8 5 63 21.5 -2 0 0 1589
8 6 0 19.8871 0.64659 2.61658 0.403584 1590
8 6 1 19.2081 0.542137 2.20938 0.357164 1296
8 6 2 18.5207 0.592541 2.40693 0.45882 1186
8 6 3 18.8184 0.643552 1.9204 0.387093 831
8 6 4 21.5 -2 0 0 819
8 6 5 19.4104 0.575799 2.38447 0.291077 968
8 6 6 18.4319 0.538279 1.68609 0.572689 930
8 6 7 18.5715 0.542933 1.9376 0.351811 834
8 6 8 18.0707 0.839743 2.48063 0.265945 1087
8 6 9 18.0006 0.805728 1.7011 0.521103 875
8 6 10 25.5 -2 0 0 788
8 6 11 19.1103 0.66762 2.05373 0.241652 986
8 6 12 17.5 -2 0 0 882
8 6 13 17.9048 0.722007 1.98654 0.377928 762
8 6 14 18.6707 0.823046 1.89867 0.35183 1456
8 6 15 18.5245 0.581551 1.64302 0.437136 784
8 6 16 21.5 -2 0 0 844
8 6 17 19.2337 0.509259 2.16123 0.328021 1233
8 6 18 18.9903 0.602098 2.58182 0.277761 885
8 6 19 17.542 0.804575 1.74025 0.395167 684
8 6 20 18.4287 0.694173 2.24179 0.338917 806
8 6 21 18.6336 0.67006 1.57363 0.480383 949
8 6 22 21.5 -2 0 0 767
8 6 23 18.8639 0.899682 1.88046 0.41505 946
8 6 24 19.6517 0.634464 1.78611 0.360294 1174
8 6 25 17.8866 0.555031 2.10253 0.497778 567
8 6 26 19.2631 0.841788 2.56942 0.437109 1384
8 6 27 19.7715 0.394328 1.7612 0.40632 821
8 6 28 19.3642 0.711371 1.58817 0.367458 702
8 6 29 19.5393 0.63203 2.03106 0.295963 1049
8 6 30 19.0366 0.595991 1.95804 0.359615 856
8 6 31 19.585 0.6316 2.11328 0.269171 774
8 6 32 18.5616 0.562412 2.35377 0.289854 755
8 6 33 19.5762 0.632891 1.75085 0.514457 771
8 6 34 18.1187 0.653322 2.81193 0.318538 1309
8 6 35 18.3379 0.654232 1.85856 0.285823 689
8 6 36 18.4475 0.526742 2.12428 0.351154 750
8 6 37 18.8997 0.716796 1.97554 0.304539 867
8 6 38 19.1373 0.620904 2.27391 0.448237 721
8 6 39 19.8477 0.694423 2.48292 0.326199 782
8 6 40 21.5 -2 0 0 904
8 6 41 19.5665 0.643602 1.77742 0.361189 706
8 6 42 19.1297 0.531846 1.93262 0.333749 799
8 6 43 18.7265 0.494519 2.02192 0.380814 1035
8 6 44 21.5 -2 0 0 680
8 6 45 18.6351 0.645115 1.58884 0.530393 715
8 6 46 18.8785 0.592068 2.3901 0.38763 1256
8 6 47 0 -10 0 0 0
8 6 48 21.5 -2 0 0 800
8 6 49 21.5 -2 0 0 857
8 6 50 17.3111 0.660466 1.86955 0.490989 684
8 6 51 18.6244 0.567866 2.15804 0.405096 1020
8 6 52 16.8047 0.914865 2.3283 0.381295 910
8 6 53 18.5997 0.596048 1.92559 0.506919 734
8 6 54 18.28 0.657211 2.60428 0.416112 711
8 6 55 21.5 -2 0 0 887
8 6 56 18.0286 0.584766 1.45241 0.595199 852
8 6 57 21.5 -2 0 0 888
8 6 58 18.1261 0.703406 1.96876 0.388835 796
8 6 59 17.9845 0.514776 2.20429 0.255909 1119
8 6 60 18.0385 0.688897 3.1794 0.328956 713
8 6 61 18.6718 1.13613 2.86991 0.339185 1034
8 6 62 18.1175 0.892779 2.26318 0.457333 1038
8 6 63 17.4979 0.877428 1.15783 0.535474 833
8 7 0 21.5 -2 0 0 1197
8 7 1 17.9464 0.442449 2.44527 0.414075 1264
8 7 2 21.5 -2 0 0 1353
8 7 3 17.0843 0.505146 2.07735 0.387856 1797
8 7 4 17.5 -2 0 0 979
8 7 5 16.0686 0.49451 1.94804 0.362327 1535
8 7 6 17.5661 0.521477 1.64489 0.434979 1456
8 7 7 18.2488 0.457048 2.3772 0.347813 2511
8 7 8 21.5 -2 0 0 1324
8 7 9 16.4812 0.407262 2.12576 0.475587 1756
8 7 10 21.5 -2 0 0 1970
8 7 11 17.5156 0.462209 1.96462 0.358213 1505
8 7 12 21.5 -2 0 0 1628
8 7 13 17.8317 0.634305 1.96081 0.226042 2277
8 7 14 21.5 -2 0 0 1189
8 7 15 21.5 -2 0 0 2021
8 7 16 17.2216 0.451466 2.10514 0.447817 2535
8 7 17 17.02 0.386955 1.85464 0.635036 1267
8 7 18 17.2262 0.712458 1.78287 0.479442 1760
8 7 19 18.051 0.444561 2.14126 0.376459 2830
8 7 20 21.5 -2 0 0 1785
8 7 21 18.4863 0.490921 1.71029 0.587651 1646
8 7 22 15.5513 0.660647 1.97082 0.404222 1989
8 7 23 16.0515 0.418141 1.94729 0.417918 1527
8 7 24 18.0821 0.641539 1.17842 0.759485 1218
8 7 25 21.5 -2 0 0 3029
8 7 26 17.3196 0.440736 1.91699 0.413517 1328
8 7 27 17.9866 0.472055 1.44463 0.43581 2212
8 7 28 14.8895 0.632224 1.86908 0.187058 2337
8 7 29 25.5 -2 0 0 1436
8 7 30 17.9641 0.492414 1.7503 0.38991 1990
8 7 31 17.8558 0.44467 2.21333 0.418803 3298
8 7 32 17.8522 0.573438 2.03317 0.347948 2554
8 7 33 17.8836 0.491679 1.99074 0.326684 2256
8 7 34 17.7511 0.520231 2.03484 0.357537 1372
8 7 35 18.5092 0.640993 2.24984 0.313208 3496
8 7 36 17.6012 0.406754 1.61245 0.504305 2195
8 7 37 17.6826 0.532856 1.77443 0.390299 1740
8 7 38 17.9769 0.666424 2.3929 0.340211 3833
8 7 39 15.5651 0.58462 2.01566 0.39595 2611
8 7 40 17.5 -2 0 0 1326
8 7 41 21.5 -2 0 0 2794
8 7 42 17.2571 0.508206 1.87706 0.371448 2045
8 7 43 17.4827 0.538191 1.80639 0.400353 1504
8 7 44 17.4308 0.445442 1.64898 0.417033 3127
8 7 45 17.6744 0.407063 1.65304 0.359034 2391
8 7 46 18.2234 0.419201 1.92112 0.42528 1450
8 7 47 18.3488 0.435984 2.48571 0.398658 4205
8 7 48 21.5 -2 0 0 2260
8 7 49 17.3834 0.525694 1.64597 0.412843 1816
8 7 50 17.1515 0.401659 1.78866 0.406517 2674
8 7 51 14.9489 0.367062 1.89077 0.486538 1581
8 7 52 14.5447 0.819851 2.86411 0.555961 1610
8 7 53 17.5 -2 0 0 2816
8 7 54 16.6309 0.466689 1.76297 0.31023 2473
8 7 55 21.5 -2 0 0 1677
8 7 56 17.5 -2 0 0 2361
8 7 57 16.6783 0.604625 2.31785 0.297696 2162
8 7 58 17.353 0.468043 1.75913 0.382524 2198
8 7 59 17.1529 0.511612 1.96313 0.356206 1559
8 7 60 16.8661 0.447974 2.34965 0.345746 2995
8 7 61 17.5 -2 0 0 1276
8 7 62 17.5 -2 0 0 1526
8 7 63 21.5 -2 0 0 1950
8 8 0 17.8897 0.617328 2.282 0.344952 739
8 8 1 18.4265 0.548338 1.85888 0.377213 692
8 8 2 17.8095 0.63997 1.87996 0.325387 682
8 8 3 18.4846 0.643377 2.75964 0.413198 645
8 8 4 18.5569 0.623321 2.06262 0.324298 706
8 8 5 17.6153 0.633352 1.56516 0.473278 705
8 8 6 17.9171 0.578746 2.10407 0.321767 689
8 8 7 16.683 0.687338 2.17728 0.569237 680
8 8 8 18.2307 0.704319 1.87211 0.430509 679
8 8 9 18.0871 0.820607 2.13349 0.306912 669
8 8 10 21.5 -2 0 0 618
8 8 11 21.5 -2 0 0 694
8 8 12 17.8061 0.704161 1.66828 0.239255 619
8 8 13 16.9802 0.79706 2.17276 0.232313 674
8 8 14 18.964 0.698813 2.7701 0.337944 775
8 8 15 18.3431 0.615357 2.18718 0.387876 711
8 8 16 17.9063 0.751905 2.50495 0.359066 677
8 8 17 16.4887 0.457613 1.73011 0.453789 499
8 8 18 18.3772 0.658162 1.24508 0.588823 629
8 8 19 19.3865 0.67419 2.47668 0.383078 709
8 8 20 17.8243 0.653985 1.62236 0.406396 755
8 8 21 18.2823 0.918003 2.4364 0.30971 635
8 8 22 18.1498 0.584786 1.74565 0.454301 634
8 8 23 18.8082 0.57741 2.31417 0.38936 780
8 8 24 18.4077 0.599547 1.95993 0.336699 738
8 8 25 18.9856 0.476694 2.02486 0.312029 805
8 8 26 18.6721 0.523289 2.16969 0.28432 858
8 8 27 18.1267 0.546509 1.72534 0.342314 682
8 8 28 17.9998 0.562117 1.70696 0.43899 729
8 8 29 21.5 -2 0 0 757
8 8 30 18.4951 0.551904 1.99577 0.200573 737
8 8 31 18.0162 0.861422 2.41049 0.322379 796
8 8 32 18.3917 0.541537 1.93365 0.406605 775
8 8 33 19.1972 0.493382 1.912 0.425509 759
8 8 34 18.1108 0.577878 2.16212 0.306111 828
8 8 35 18.6823 0.854591 1.61311 0.539148 836
8 8 36 18.1062 0.669667 1.641 0.396425 778
8 8 37 18.4328 0.525749 2.22331 0.304656 839
8 8 38 18.4993 0.611837 2.59989 0.447827 984
8 8 39 19.2958 0.644584 1.79028 0.366507 1137
8 8 40 21.5 -2 0 0 769
8 8 41 18.7132 0.566317 2.31385 0.315474 808
8 8 42 18.8824 0.66454 2.1491 0.251705 917
8 8 43 18.3867 0.499787 1.86542 0.438198 849
8 8 44 16.6969 0.703905 2.56593 0.324832 803
8 8 45 18.0763 0.568296 1.73719 0.386457 775
8 8 46 17.4076 0.518009 2.07917 0.313978 863
8 8 47 17.369 0.50545 2.14669 0.638611 1143
8 8 48 18.2581 0.551353 2.32814 0.302318 870
8 8 49 17.9992 0.74268 1.97319 0.347783 886
8 8 50 19.0053 0.636829 2.45205 0.346923 876
8 8 51 18.1711 0.666161 1.8293 0.423136 1143
8 8 52 17.5 -2 0 0 916
8 8 53 17.9295 1.12826 1.92232 0.380291 996
8 8 54 17.0265 0.925719 1.71218 0.40035 890
8 8 55 18.592 0.611975 1.9293 0.293892 1021
8 8 56 21.5 -2 0 0 1170
8 8 57 18.313 0.822215 2.88545 0.255904 1064
8 8 58 16.7505 0.6135 2.93931 0.385178 933
8 8 59 16.3413 0.68197 2.16968 0.38265 961
8 8 60 17.3517 0.594326 2.25683 0.302569 1057
8 8 61 16.9805 0.657811 2.92693 0.324834 1247
8 8 62 17.4795 0.70843 2.60457 0.454262 1149
8 8 63 16.289 0.52431 2.02215 0.480296 953
8 9 0 20.4956 0.713617 2.65478 0.249655 1304
8 9 1 20.2752 0.600151 2.5546 0.301627 1212
8 9 2 19.6067 0.828574 2.77132 0.320014 1242
8 9 3 19.6727 0.737101 2.72193 0.285765 936
8 9 4 19.2369 0.630145 2.08538 0.43438 887
8 9 5 20.8965 1.20865 5.3381 0.465964 1014
8 9 6 19.3051 0.771926 2.45533 0.351798 1153
8 9 7 20.7816 0.668711 1.87095 0.383456 987
8 9 8 19.545 0.535296 1.97827 0.341514 1037
8 9 9 19.7085 0.629066 1.92387 0.373282 1135
8 9 10 19.0118 0.669937 2.18299 0.398272 1116
8 9 11 19.9444 0.538692 1.76117 0.50826 967
8 9 12 19.2875 0.588394 2.10924 0.394636 942
8 9 13 19.7699 0.501571 1.99824 0.329264 777
8 9 14 25.5 -2 0 0 1088
8 9 15 18.2225 0.569181 2.38867 0.325977 878
8 9 16 20.2166 0.601616 2.29693 0.33635 1161
8 9 17 20.3586 0.693294 2.03391 0.328248 996
8 9 18 17.383 1.04916 1.81774 0.542525 835
8 9 19 18.2187 0.906697 2.33763 0.358912 877
8 9 20 18.9645 0.642 2.318 0.424111 804
8 9 21 19.5705 0.977525 2.17732 0.405509 1209
8 9 22 19.9493 0.7237 1.65684 0.399686 919
8 9 23 20.5885 0.603142 2.32363 0.315354 824
8 9 24 20.3978 0.676987 2.37774 0.419226 1043
8 9 25 19.7907 0.557464 2.45934 0.291572 823
8 9 26 20.4149 0.743034 2.88761 0.322791 982
8 9 27 20.3504 0.84494 2.48323 0.384867 842
8 9 28 17.4789 0.743379 2.70749 0.27894 804
8 9 29 19.8488 0.586355 2.15091 0.379768 814
8 9 30 17.1613 0.733463 1.73366 0.318211 592
8 9 31 21.5 -2 0 0 841
8 9 32 19.0085 0.750042 1.39322 0.318072 751
8 9 33 15.8347 0.634342 2.19518 0.343377 472
8 9 34 20.9177 0.680306 2.13224 0.508304 952
8 9 35 20.2515 0.607415 2.31209 0.364592 749
8 9 36 18.1086 0.523946 1.60087 0.48513 719
8 9 37 25.5 -2 0 0 738
8 9 38 19.8285 0.685912 2.10457 0.449735 724
8 9 39 25.5 -2 0 0 671
8 9 40 17.6708 0.632695 2.19719 0.34535 468
8 9 41 19.5647 0.655004 1.48705 0.439561 702
8 9 42 21.5 -2 0 0 792
8 9 43 19.8682 0.646827 2.53314 0.46367 832
8 9 44 16.3306 0.605011 2.21846 0.432672 501
8 9 45 18.4697 0.582397 1.90717 0.411881 743
8 9 46 19.3418 0.551738 2.55429 0.291293 868
8 9 47 18.1745 0.773481 2.73827 0.34473 719
8 9 48 16.8832 0.820998 1.91142 0.388931 631
8 9 49 18.8872 0.666447 2.07185 0.450291 716
8 9 50 16.5062 0.590238 2.07523 0.318909 415
8 9 51 20.7525 0.734298 2.58431 0.396425 730
8 9 52 20.6238 1.23334 5.78157 0.468208 813
8 9 53 16.841 0.689305 2.30331 0.345848 535
8 9 54 17.251 0.558654 2.13395 0.333581 427
8 9 55 19.3661 0.516006 2.02831 0.461103 697
8 9 56 19.3541 1.16815 2.19517 0.442823 686
8 9 57 25.5 -2 0 0 711
8 9 58 16.3807 0.680548 2.87673 0.299358 568
8 9 59 19.5087 0.617479 2.5117 0.363337 820
8 9 60 18.7155 0.939763 2.03682 0.597866 672
8 9 61 19.2998 0.620504 2.52832 0.331031 748
8 9 62 18.5957 0.614821 2.07251 0.355636 777
8 9 63 15.2077 0.503583 1.66412 0.465208 555
8 10 0 19.2744 0.481219 2.07662 0.478086 1541
8 10 1 19.3304 0.511388 2.57703 0.360674 1326
8 10 2 19.2164 0.527869 2.15386 0.28653 1294
8 10 3 18.0809 0.751364 2.36247 0.411445 1256
8 10 4 18.8062 0.629935 2.38826 0.558448 1524
8 10 5 18.2868 0.959041 3.04633 0.314143 1426
8 10 6 19.6345 0.578173 2.27587 0.357448 1289
8 10 7 18.9964 0.579737 2.50732 0.34459 1305
8 10 8 19.1164 0.411196 2.24544 0.39563 1335
8 10 9 19.7166 0.459538 2.37986 0.46298 1283
8 10 10 19.1084 0.560791 2.24642 0.344386 1176
8 10 11 25.5 -2 0 0 1503
8 10 12 18.7732 0.743143 2.24187 0.306396 1349
8 10 13 18.5633 0.863171 2.21866 0.46714 1297
8 10 14 19.1803 0.546598 2.69378 0.299148 1562
8 10 15 18.9573 0.393105 2.21264 0.380556 1465
8 10 16 19.5037 0.573074 2.58393 0.432389 1281
8 10 17 18.7702 0.945524 1.92836 0.385174 1556
8 10 18 18.7423 0.667675 1.87765 0.314382 1471
8 10 19 19.1516 0.43763 2.17509 0.651771 1499
8 10 20 18.8359 0.507068 2.23376 0.4286 1699
8 10 21 19.9132 0.462471 1.84181 0.50454 1167
8 10 22 19.7345 0.675684 1.88938 0.415693 1282
8 10 23 19.1712 0.704206 2.14532 0.345575 1826
8 10 24 19.0901 0.611312 2.20561 0.370244 1437
8 10 25 19.7054 0.561836 2.30163 0.264337 1579
8 10 26 19.0879 0.55686 2.4071 0.394033 1818
8 10 27 19.2143 0.466695 2.04644 0.49475 1591
8 10 28 18.9225 0.563983 2.16374 0.317568 1525
8 10 29 19.9323 0.490787 2.02838 0.418764 1701
8 10 30 19.3477 0.591364 2.02396 0.337565 1661
8 10 31 19.3338 0.659683 1.92782 0.429923 1832
8 10 32 19.5716 0.514456 1.94783 0.360226 1711
8 10 33 19.4568 0.757622 2.07974 0.351222 1808
8 10 34 19.2825 0.489768 2.34861 0.230974 1882
8 10 35 19.1572 0.549498 2.51867 0.40087 2011
8 10 36 19.8124 0.517974 1.71947 0.607824 1781
8 10 37 19.5269 0.470193 1.84336 0.444067 2043
8 10 38 19.5455 0.55395 2.74338 0.276423 2413
8 10 39 19.4959 0.434408 2.33944 0.425306 3134
8 10 40 18.2326 0.546827 2.24755 0.475221 1942
8 10 41 19.3633 0.573042 2.51954 0.374945 1970
8 10 42 18.7814 0.693046 2.53314 0.40822 2289
8 10 43 19.8125 0.523878 2.00822 0.325717 2118
8 10 44 19.7023 0.524136 2.13926 0.33086 2227
8 10 45 18.8069 0.720347 2.01367 0.379064 1933
8 10 46 19.5029 0.441715 2.37849 0.365039 2223
8 10 47 19.9798 0.495883 2.71919 0.36874 2901
8 10 48 19.5458 0.455884 2.06573 0.467519 2224
8 10 49 18.3095 0.844504 2.40667 0.407058 2232
8 10 50 17.7074 0.602103 2.5559 0.248038 1219
8 10 51 17.8869 0.484559 2.40769 0.257579 3125
8 10 52 21.5 -2 0 0 2389
8 10 53 19.0366 0.475492 2.23988 0.391748 2888
8 10 54 19.1666 0.519972 2.13851 0.346962 2446
8 10 55 16.3434 0.475428 1.97238 0.429395 1958
8 10 56 19.0312 0.465008 2.51797 0.248783 3335
8 10 57 18.807 1.25917 2.9977 0.270538 3465
8 10 58 15.9846 0.467251 1.99858 0.359545 1529
8 10 59 18.9696 0.74632 1.87116 0.734401 2659
8 10 60 18.4987 0.567062 2.31701 0.402574 3021
8 10 61 19.355 0.505489 2.96383 0.337655 3851
8 10 62 17.9964 0.541257 2.67586 0.349812 2759
8 10 63 18.2728 0.52741 2.24245 0.337157 2671
8 11 0 17.7732 0.485559 2.48743 0.354978 3539
8 11 1 17.6272 0.465831 2.15947 0.730813 3327
8 11 2 19.1375 0.613853 3.0266 0.265673 3619
8 11 3 18.4356 0.523779 1.67767 0.486888 2306
8 11 4 18.5099 0.548599 2.01694 0.333571 2368
8 11 5 18.5272 0.436017 2.06627 0.291552 2484
8 11 6 18.9724 0.574542 2.26619 0.392241 3331
8 11 7 18.2941 0.615599 2.26812 0.237738 2117
8 11 8 15.9878 0.48594 1.81619 0.391033 2132
8 11 9 19.1908 0.547376 2.36392 0.294771 3010
8 11 10 19.4999 0.44503 2.31882 0.38597 2850
8 11 11 18.577 0.728237 2.12562 0.436115 2368
8 11 12 21.5 -2 0 0 2153
8 11 13 18.8907 0.478847 1.93798 0.426012 1879
8 11 14 16.297 0.56776 2.37007 0.353021 3113
8 11 15 18.7786 0.480406 2.18031 0.248642 2080
8 11 16 18.8694 0.457598 2.30879 0.420794 2794
8 11 17 18.5192 0.609002 1.84886 0.537834 2373
8 11 18 19.2206 0.508055 1.61005 0.48984 2102
8 11 19 19.0521 0.526499 2.32325 0.342006 1853
8 11 20 18.8445 0.434305 1.97348 0.576462 1901
8 11 21 18.7917 0.569894 2.37425 0.274506 3318
8 11 22 19.2771 0.568105 1.55896 0.507106 2316
8 11 23 19.0616 0.863005 2.36512 0.402192 2035
8 11 24 17.9417 0.646923 2.09645 0.274784 2765
8 11 25 18.9084 0.696923 2.59924 0.357845 1574
8 11 26 19.9752 0.491405 1.85505 0.600898 2600
8 11 27 18.3882 1.07494 2.30441 0.475996 1715
8 11 28 18.789 0.553099 1.50475 0.436983 1652
8 11 29 18.9966 0.45141 1.90873 0.299011 2064
8 11 30 19.071 0.390075 2.07454 0.377286 1877
8 11 31 19.2082 0.508261 2.17672 0.371179 1521
8 11 32 18.4407 0.401699 2.10366 0.477781 1424
8 11 33 19.4117 0.686293 2.19727 0.347206 1467
8 11 34 19.2539 0.616412 2.64211 0.272102 2254
8 11 35 19.065 1.08763 1.20936 0.878237 1349
8 11 36 18.5698 0.471888 2.17485 0.398298 1587
8 11 37 19.4836 0.42075 1.90582 0.364926 1723
8 11 38 19.2689 0.543221 1.77805 0.475604 1248
8 11 39 18.0562 0.824487 2.27818 0.446395 1266
8 11 40 18.9063 0.431812 1.82396 0.529338 1672
8 11 41 18.5735 0.519847 2.12071 0.351234 1299
8 11 42 18.119 0.660643 2.08248 0.351808 1426
8 11 43 19.2208 0.606355 2.10199 0.327617 1869
8 11 44 21.5 -2 0 0 1168
8 11 45 18.5017 1.02821 1.77998 0.349611 1345
8 11 46 18.1745 0.657372 2.18878 0.327812 1942
8 11 47 19.0626 0.616656 2.82303 0.345329 1182
8 11 48 21.5 -2 0 0 1342
8 11 49 18.3482 0.585639 1.88041 0.379403 1557
8 11 50 18.86 0.532073 1.55891 0.60588 1265
8 11 51 17.7409 0.649921 2.21443 0.457275 1275
8 11 52 21.5 -2 0 0 1605
8 11 53 18.3795 0.508245 2.7738 0.41529 1113
8 11 54 18.052 0.534273 2.13183 0.388074 1204
8 11 55 18.3004 0.477506 2.37502 0.275312 1476
8 11 56 21.5 -2 0 0 1194
8 11 57 18.0652 0.486944 2.45298 0.576479 1258
8 11 58 21.5 -2 0 0 1652
8 11 59 17.4217 0.810142 2.70226 0.299774 1726
8 11 60 21.5 -2 0 0 1222
8 11 61 18.1357 0.455671 2.42032 0.448163 1384
8 11 62 17.6922 0.564055 2.08312 0.376164 1541
8 11 63 17.8013 0.442528 2.17966 0.412437 1352
8 12 0 19.3787 0.333044 2.47688 0.405306 4127
8 12 1 19.08 0.392012 2.01843 0.659679 3697
8 12 2 18.7124 0.411454 2.13247 0.609567 3700
8 12 3 18.7324 0.372486 2.3586 0.38812 3264
8 12 4 18.4834 0.412999 2.14875 0.471009 3906
8 12 5 19.1673 0.365185 2.09865 0.496825 3599
8 12 6 18.5686 0.396466 1.96209 0.617084 3653
8 12 7 18.7361 0.415555 2.35376 0.439792 3036
8 12 8 18.2687 0.497746 2.31272 0.531509 3568
8 12 9 18.99 0.335245 2.46283 0.477806 3227
8 12 10 25.5 -2 0 0 3079
8 12 11 18.2505 0.514657 1.99969 0.503101 3895
8 12 12 21.5 -2 0 0 3356
8 12 13 18.6464 0.360174 2.14197 0.346057 3358
8 12 14 19.1068 0.477513 2.72677 0.697358 4087
8 12 15 18.9622 0.335908 2.02357 0.347042 3500
8 12 16 18.8165 0.391362 2.77376 0.410421 3129
8 12 17 18.4212 0.472679 1.91922 0.515894 3999
8 12 18 18.3813 0.436187 2.04681 0.576273 3682
8 12 19 18.148 0.584049 2.52408 0.506849 3303
8 12 20 19.021 0.482704 1.89355 0.42517 4148
8 12 21 19.1192 0.374062 2.50893 0.358898 3303
8 12 22 19.1202 0.332961 2.14384 0.496185 2970
8 12 23 18.7289 0.347109 2.00769 0.438993 4302
8 12 24 18.7659 0.423757 1.97548 0.470493 3850
8 12 25 18.2511 0.365506 2.51897 0.380814 3631
8 12 26 18.4725 0.345303 2.14417 0.495685 4309
8 12 27 18.1064 0.574859 2.38639 0.398158 3745
8 12 28 18.5279 0.417217 1.74641 0.515779 3441
8 12 29 25.5 -2 0 0 4307
8 12 30 19.2566 0.382288 2.02525 0.550216 3914
8 12 31 18.4113 0.454498 2.4337 0.332727 3702
8 12 32 19.0216 0.58963 2.89696 0.672702 3595
8 12 33 18.7773 0.393527 2.19589 0.398817 3821
8 12 34 18.983 0.382099 2.54107 0.632724 4818
8 12 35 19.3276 0.408804 2.22169 0.425028 4095
8 12 36 18.4139 0.304998 2.30224 0.379119 3896
8 12 37 18.9575 0.353345 1.94752 0.555213 4387
8 12 38 19.1523 0.335935 2.44556 0.474046 4005
8 12 39 19.1974 0.382729 2.23149 0.484674 4823
8 12 40 19.0781 0.370239 2.26761 0.582935 4433
8 12 41 18.5715 0.332957 1.92436 0.447787 3801
8 12 42 18.6348 0.336328 2.19206 0.458552 4263
8 12 43 25.5 -2 0 0 4622
8 12 44 18.1494 0.490661 1.98875 0.484093 3955
8 12 45 18.756 0.435989 2.12481 0.391014 4120
8 12 46 19.062 0.475006 2.48355 0.55314 5031
8 12 47 19.2061 0.347369 2.56322 0.584716 4254
8 12 48 18.7295 0.465957 1.93383 0.401004 4285
8 12 49 17.8949 0.572733 2.32725 0.432293 4767
8 12 50 18.2994 0.556096 2.28081 0.486577 4304
8 12 51 18.8434 0.464172 2.71479 0.738575 5776
8 12 52 18.7626 0.384771 2.02464 0.524352 4834
8 12 53 21.5 -2 0 0 4102
8 12 54 17.9829 0.462694 2.27569 0.320569 4696
8 12 55 18.0563 0.508476 2.44264 0.496791 4953
8 12 56 18.7093 0.35404 2.51384 0.41724 5050
8 12 57 17.2313 0.588386 2.49979 0.466844 5206
8 12 58 17.6958 0.387057 1.88189 0.466487 4439
8 12 59 17.7498 0.367496 2.50624 0.306701 5280
8 12 60 17.819 0.493875 2.01944 0.466328 4566
8 12 61 16.5722 1.04886 3.74552 0.473244 6145
8 12 62 16.9679 0.451801 2.92423 0.335224 5585
8 12 63 17.5214 0.426088 1.97374 0.395314 4921
8 13 0 18.4264 1.08915 2.18846 0.445738 2280
8 13 1 18.2175 0.491333 2.53203 0.486047 5436
8 13 2 19.2706 0.379306 2.60049 0.346876 5263
8 13 3 18.8998 0.33401 2.08342 0.571575 3999
8 13 4 18.876 0.36816 2.22113 0.416331 4542
8 13 5 19.307 0.409373 2.04732 0.450815 4695
8 13 6 19.8026 0.416135 2.4772 0.645674 4956
8 13 7 18.1424 0.545189 2.32477 0.316745 3630
8 13 8 18.8775 0.431735 1.84384 0.488369 4823
8 13 9 18.0832 0.499356 2.59655 0.437419 4400
8 13 10 25.5 -2 0 0 4093
8 13 11 18.4405 0.728575 2.06662 0.441481 4655
8 13 12 19.0728 0.437463 1.73011 0.604196 4272
8 13 13 17.9964 0.412972 1.9684 0.527308 3616
8 13 14 19.0069 0.390044 2.37525 0.379682 5646
8 13 15 18.1893 0.43602 1.86367 0.498131 3870
8 13 16 19.4135 0.361888 2.19284 0.46981 4268
8 13 17 18.7523 0.459706 2.11541 0.554473 4977
8 13 18 18.5051 0.506868 2.25467 0.427159 4149
8 13 19 19.2125 0.434955 1.94797 0.473947 3791
8 13 20 18.8758 0.468026 1.89982 0.455428 4329
8 13 21 19.2984 0.423726 2.23766 0.486875 4701
8 13 22 20.0454 0.606942 2.3969 0.840203 3832
8 13 23 18.7375 0.339256 2.16762 0.314844 4351
8 13 24 19.1976 0.392162 2.11243 0.41908 4967
8 13 25 19.0384 0.430406 2.1208 0.381645 3600
8 13 26 18.1695 0.552123 2.68123 0.315677 5287
8 13 27 18.5513 0.35662 1.81656 0.526439 3773
8 13 28 18.7821 0.31994 1.82074 0.488828 3431
8 13 29 19.2965 0.443454 1.9441 0.401672 4723
8 13 30 18.8456 0.425705 2.01167 0.520483 3977
8 13 31 19.0846 0.407 2.18233 0.356147 3388
8 13 32 19.0235 0.394737 1.9054 0.466601 3180
8 13 33 18.4323 0.524227 1.95552 0.452902 3514
8 13 34 19.4819 0.5413 2.80095 0.565973 5276
8 13 35 18.7457 0.570939 2.11699 0.412703 3165
8 13 36 21.5 -2 0 0 3686
8 13 37 18.8023 0.883508 2.11554 0.462033 4210
8 13 38 19.4016 0.347091 2.23344 0.401941 2887
8 13 39 17.7871 0.549543 3.00405 0.587755 3328
8 13 40 19.303 0.398618 1.97993 0.487171 4155
8 13 41 19.1849 0.477865 1.84302 0.529092 3081
8 13 42 17.6967 0.543545 2.5853 0.518679 3717
8 13 43 25.5 -2 0 0 4490
8 13 44 18.722 0.394103 1.73198 0.441463 2920
8 13 45 18.4088 0.470555 1.97193 0.545652 3486
8 13 46 18.5282 0.537644 2.46013 0.417372 4805
8 13 47 18.7137 0.473427 2.32504 0.605943 2896
8 13 48 18.5001 0.463135 2.32622 0.312559 3798
8 13 49 18.0123 0.33801 2.3459 0.428674 3992
8 13 50 18.5992 0.429886 2.01171 0.455753 3178
8 13 51 18.6693 0.400234 2.28572 0.484729 3765
8 13 52 18.4737 0.359757 1.83367 0.576163 4064
8 13 53 18.6988 0.380481 2.13353 0.501198 2844
8 13 54 19.0324 0.359478 1.95495 0.386342 3256
8 13 55 17.9871 0.447271 2.0917 0.461303 3737
8 13 56 18.3725 0.540265 2.2426 0.593698 3494
8 13 57 18.2345 0.384471 2.32986 0.493871 3666
8 13 58 18.0407 0.375653 1.90385 0.489086 3504
8 13 59 21.5 -2 0 0 4377
8 13 60 18.4116 0.421663 2.23261 0.416653 3188
8 13 61 18.457 0.332347 2.35579 0.497863 4174
8 13 62 18.1545 0.432998 2.17924 0.387089 4084
8 13 63 17.5521 0.376887 2.10262 0.302567 3540
8 14 0 18.4649 0.430953 3.06556 0.338335 6392
8 14 1 18.1219 0.450445 2.54215 0.571256 5430
8 14 2 17.875 0.326439 2.4728 0.60198 5235
8 14 3 18.4969 0.455981 2.05021 0.483817 3978
8 14 4 18.2085 0.475705 1.93657 0.481373 4147
8 14 5 18.2749 0.472675 1.87462 0.44821 4443
8 14 6 21.5 -2 0 0 4962
8 14 7 18.5971 0.420827 2.47543 0.390621 3955
8 14 8 17.7042 0.439205 1.94228 0.443375 4546
8 14 9 18.297 0.464945 2.21262 0.427288 4389
8 14 10 18.8915 0.366157 2.30121 0.503345 4193
8 14 11 21.5 -2 0 0 4318
8 14 12 18.2984 0.470315 2.0033 0.465809 4114
8 14 13 18.0614 0.594272 2.14833 0.480745 3484
8 14 14 19.1819 0.453657 2.77896 0.601705 5393
8 14 15 18.5942 0.391758 1.92495 0.575033 3645
8 14 16 21.5 -2 0 0 4369
8 14 17 18.1342 0.421747 2.15954 0.511398 4543
8 14 18 21.5 -2 0 0 4029
8 14 19 18.7458 0.525736 1.95869 0.598626 3565
8 14 20 18.1052 0.342911 2.12814 0.436063 3883
8 14 21 18.9753 0.411406 2.13113 0.46786 4751
8 14 22 18.9648 0.516647 1.96841 0.371758 3859
8 14 23 18.1238 0.39182 2.17178 0.354364 3975
8 14 24 19.3114 0.411874 2.02269 0.448205 5089
8 14 25 18.5692 0.394077 2.26427 0.336276 3406
8 14 26 19.1042 0.349724 2.31166 0.432009 5102
8 14 27 19.0268 0.391759 1.97473 0.321482 3560
8 14 28 18.6026 0.434553 2.23756 0.351679 3388
8 14 29 18.6104 0.450983 2.10249 0.415242 4255
8 14 30 18.6139 0.387129 1.79331 0.48983 3631
8 14 31 19.1359 0.446507 2.1806 0.405858 3001
8 14 32 17.7077 0.57563 2.22074 0.434097 3033
8 14 33 18.7281 0.426725 2.21591 0.331248 3144
8 14 34 17.9706 0.475865 2.26245 0.490227 4533
8 14 35 18.8955 0.390519 2.549 0.519229 2844
8 14 36 18.0723 0.436925 1.91841 0.515141 3205
8 14 37 17.6664 0.471013 2.15025 0.335024 3829
8 14 38 18.7026 0.528949 2.21963 0.412455 2612
8 14 39 18.1737 0.472178 2.47951 0.343583 2629
8 14 40 19.0257 0.511881 1.73674 0.393809 3525
8 14 41 19.0883 0.433571 1.89036 0.597658 2685
8 14 42 21.5 -2 0 0 3159
8 14 43 21.5 -2 0 0 3811
8 14 44 18.6287 0.40154 1.98798 0.477635 2391
8 14 45 17.6113 0.4699 1.98974 0.531841 2689
8 14 46 18.9833 0.391339 2.25341 0.451499 4243
8 14 47 18.537 0.380085 2.67525 0.47793 2534
8 14 48 18.6067 0.395991 1.85776 0.511426 3026
8 14 49 17.5006 0.426108 1.81685 0.518114 3267
8 14 50 18.146 0.426451 1.86077 0.3866 2678
8 14 51 18.7284 0.424344 2.17899 0.449593 3126
8 14 52 18.3867 0.333948 2.19893 0.416335 3416
8 14 53 18.4968 0.385396 2.49359 0.35491 2405
8 14 54 18.1159 0.396044 1.98083 0.32611 2752
8 14 55 18.1871 0.395427 1.94068 0.63164 2970
8 14 56 18.0136 0.453035 2.35357 0.405242 2788
8 14 57 21.5 -2 0 0 2978
8 14 58 17.6421 0.41515 1.93021 0.450826 2823
8 14 59 21.5 -2 0 0 3863
8 14 60 17.9255 0.440302 2.14244 0.412521 2667
8 14 61 18.2073 0.4406 2.67425 0.408973 3276
8 14 62 21.5 -2 0 0 3158
8 14 63 21.5 -2 0 0 2911
8 15 0 19.0147 0.408089 2.49154 0.453445 3100
8 15 1 18.8453 0.431128 2.53712 0.461162 2923
8 15 2 19.3961 0.366203 2.28676 0.342678 2743
8 15 3 18.1679 0.670348 2.19795 0.457813 2345
8 15 4 18.4721 0.4949 1.77438 0.664202 2992
8 15 5 25.5 -2 0 0 2808
8 15 6 19.5032 0.396483 2.33795 0.416221 2592
8 15 7 18.4743 0.56563 2.29218 0.342466 2227
8 15 8 18.4464 0.605232 2.35289 0.368009 2775
8 15 9 18.6908 0.402746 2.11198 0.486868 2447
8 15 10 19.5077 0.419914 2.07387 0.566216 2197
8 15 11 19.1953 0.417555 2.04439 0.461985 3118
8 15 12 19.2906 0.418229 1.73509 0.44937 2583
8 15 13 18.4577 0.501974 1.95641 0.440417 2505
8 15 14 21.5 -2 0 0 3236
8 15 15 19.3901 0.513847 1.54747 0.592524 2798
8 15 16 19.0166 0.416219 1.87524 0.551145 2025
8 15 17 18.7211 0.581712 2.08984 0.517142 3302
8 15 18 18.3996 0.617516 2.38907 0.477798 2823
8 15 19 19.1225 0.470634 2.35806 0.358358 2694
8 15 20 18.6475 0.53342 1.94918 0.622812 3303
8 15 21 19.3427 0.366604 1.91094 0.45363 2521
8 15 22 19.3576 0.367629 2.02131 0.414668 2250
8 15 23 19.2679 0.439228 2.00426 0.379782 3544
8 15 24 19.8347 0.517309 1.7667 0.507041 2951
8 15 25 19.3923 0.414637 2.13109 0.452171 2740
8 15 26 19.3082 0.483563 2.38882 0.497959 3726
8 15 27 18.7538 0.476443 2.00322 0.398974 2902
8 15 28 18.8365 0.4609 1.96684 0.436911 2759
8 15 29 19.0489 0.425467 1.98442 0.591664 3830
8 15 30 18.7898 0.62454 2.04452 0.521842 3266
8 15 31 19.3612 0.389964 2.13926 0.387112 2958
8 15 32 18.9336 0.500459 1.79963 0.493454 3032
8 15 33 19.4746 0.407534 1.82121 0.409939 3426
8 15 34 19.1121 0.52639 2.38196 0.40804 4096
8 15 35 19.8616 0.538302 2.41091 0.590142 3161
8 15 36 19.2937 0.360241 2.06312 0.412665 3499
8 15 37 25.5 -2 0 0 3918
8 15 38 19.2981 0.467867 2.16959 0.42911 3553
8 15 39 19.6678 0.426544 2.49056 0.297587 4605
8 15 40 25.5 -2 0 0 3840
8 15 41 19.4663 0.464251 2.03446 0.518771 3321
8 15 42 19.1955 0.441376 2.04787 0.377112 3978
8 15 43 19.5471 0.540817 1.85022 0.539312 4046
8 15 44 19.7535 0.462986 1.93873 0.428935 3613
8 15 45 19.1036 0.470867 1.99668 0.53259 3526
8 15 46 19.1306 0.433404 2.14315 0.487686 4336
8 15 47 18.7855 0.631501 2.79423 0.310154 3816
8 15 48 19.3301 0.359171 1.97754 0.509438 3881
8 15 49 19.145 0.381525 1.96068 0.449185 4211
8 15 50 19.1855 0.586824 2.0539 0.417483 3810
8 15 51 18.6047 0.43838 2.61782 0.356613 5291
8 15 52 18.9659 0.37986 2.15535 0.398876 4452
8 15 53 18.5356 0.446321 2.58408 0.430726 3882
8 15 54 18.9463 0.338403 2.19193 0.49944 4104
8 15 55 18.8649 0.508926 2.00623 0.375442 4791
8 15 56 19.0999 0.346396 2.42841 0.428284 4816
8 15 57 18.7749 0.446419 2.20587 0.56626 5011
8 15 58 18.6878 0.344881 2.01599 0.335894 4266
8 15 59 18.3337 0.32143 2.39975 0.484355 4485
8 15 60 17.5 -2 0 0 4350
8 15 61 18.6574 0.414598 2.7892 0.510202 5972
8 15 62 21.5 -2 0 0 4802
8 15 63 17.7718 0.389303 2.18776 0.406835 4389
9 0 0 18.2639 0.748227 3.33085 0.289404 555
9 0 1 17.5 -2 0 0 516
9 0 2 17.8529 0.678528 1.59231 0.36174 464
9 0 3 18.0032 0.956925 2.33909 0.44715 428
9 0 4 18.3426 0.546459 1.77687 0.348171 465
9 0 5 17.5 -2 0 0 489
9 0 6 21.5 -2 0 0 439
9 0 7 18.3747 0.574941 1.72932 0.374542 476
9 0 8 17.4862 0.74072 2.32925 0.340341 516
9 0 9 18.6797 1.20282 3.49895 0.345703 483
9 0 10 17.3367 0.653054 2.20058 0.511362 455
9 0 11 18.1992 0.820235 1.86014 0.319383 510
9 0 12 18.7464 0.697638 2.03945 0.376594 498
9 0 13 19.1473 0.779621 1.4213 0.367412 450
9 0 14 19.187 0.617436 2.46055 0.409719 551
9 0 15 19.6556 0.665599 2.47704 0.295014 497
9 0 16 18.4897 0.524439 1.92588 0.431596 455
9 0 17 18.2242 0.665806 1.75799 0.369351 530
9 0 18 18.0563 0.882857 1.29122 0.551915 482
9 0 19 18.0695 0.653983 2.34275 0.391438 489
9 0 20 21.5 -2 0 0 504
9 0 21 17.9099 0.601781 1.65228 0.394151 447
9 0 22 21.5 -2 0 0 420
9 0 23 21.5 -2 0 0 536
9 0 24 21.5 -2 0 0 527
9 0 25 18.5693 1.00463 2.84101 0.350116 516
9 0 26 19.297 0.701112 1.53399 0.397026 604
9 0 27 18.9945 0.686165 2.30816 0.398911 439
9 0 28 18.5077 0.74876 2.53342 0.24613 512
9 0 29 19.0562 0.683187 2.18364 0.323707 546
9 0 30 18.9705 0.583237 1.97055 0.464249 513
9 0 31 19.3493 0.819401 1.93259 0.338002 509
9 0 32 19.5134 0.676016 2.46441 0.37804 512
9 0 33 18.2547 0.532351 1.73363 0.338039 506
9 0 34 18.6685 0.637658 2.15653 0.386533 591
9 0 35 18.6693 0.604323 2.26154 0.319247 516
9 0 36 17.7463 0.858228 0.987257 0.620843 498
9 0 37 18.7544 0.80331 1.22806 0.515479 621
9 0 38 18.4637 0.615622 2.5439 0.326573 544
9 0 39 18.684 0.884454 1.18462 0.441441 596
9 0 40 17.5278 0.628562 2.25382 0.344261 555
9 0 41 19.431 0.613126 1.88502 0.310381 511
9 0 42 18.4898 0.630661 1.71476 0.386675 564
9 0 43 18.5171 0.686719 2.56008 0.395725 588
9 0 44 18.822 0.594531 1.67453 0.435329 556
9 0 45 21.5 -2 0 0 550
9 0 46 19.6744 0.603197 1.92332 0.406488 633
9 0 47 19.1025 0.611389 1.83443 0.394213 654
9 0 48 17.2601 0.751547 2.25087 0.290078 522
9 0 49 17.7292 0.530008 1.98971 0.391627 610
9 0 50 17.3601 0.567724 1.79808 0.431465 574
9 0 51 18.5415 0.723099 3.06459 0.345959 765
9 0 52 18.4014 0.655986 1.46779 0.335966 608
9 0 53 18.6465 1.51451 6.63598 0.35532 578
9 0 54 21.5 -2 0 0 575
9 0 55 18.4245 0.829691 2.48089 0.346506 637
9 0 56 21.5 -2 0 0 663
9 0 57 21.5 -2 0 0 667
9 0 58 16.7165 0.576811 1.71868 0.439919 586
9 0 59 17.0891 0.585465 1.84638 0.358485 700
9 0 60 17.3303 0.701305 1.6308 0.347892 607
9 0 61 17.4341 0.610191 1.92625 0.352716 811
9 0 62 17.4386 0.848804 1.66966 0.392705 725
9 0 63 21.5 -2 0 0 624
9 1 0 17.641 0.554909 2.20684 0.420422 766
9 1 1 18.3022 0.575515 1.86516 0.43287 753
9 1 2 17.7938 0.566703 1.80834 0.410066 772
9 1 3 18.7227 1.43719 3.06456 0.494174 747
9 1 4 16.8865 0.737083 2.44592 0.297134 685
9 1 5 18.0614 0.720659 2.93762 0.349838 756
9 1 6 17.3585 0.715788 2.44771 0.2969 784
9 1 7 17.8023 0.61813 2.09224 0.353113 1004
9 1 8 18.792 0.509923 1.70676 0.402711 702
9 1 9 17.5 -2 0 0 825
9 1 10 17.5 -2 0 0 873
9 1 11 17.2463 0.723242 1.65355 0.319396 637
9 1 12 18.0377 0.648379 1.98852 0.258471 675
9 1 13 17.5 -2 0 0 716
9 1 14 17.9316 0.634518 2.15843 0.29083 717
9 1 15 18.0133 0.670449 1.71643 0.405659 656
9 1 16 18.5204 0.516981 1.98318 0.318715 1046
9 1 17 17.9855 0.704474 1.71178 0.439419 623
9 1 18 16.9243 0.582645 1.8632 0.40821 693
9 1 19 17.6047 0.719607 2.10196 0.259961 816
9 1 20 21.5 -2 0 0 630
9 1 21 19.6724 0.675215 2.24644 0.298726 838
9 1 22 19.3087 0.635797 1.96788 0.29709 790
9 1 23 18.1897 0.787852 1.76412 0.410794 624
9 1 24 21.5 -2 0 0 733
9 1 25 19.5178 0.649351 1.95926 0.34438 771
9 1 26 17.5 -2 0 0 669
9 1 27 18.3715 0.707593 1.95025 0.316131 674
9 1 28 18.3886 0.71853 2.35892 0.276201 633
9 1 29 21.5 -2 0 0 611
9 1 30 17.006 0.610201 2.52072 0.344296 650
9 1 31 18.5704 0.804903 2.07958 0.466514 736
9 1 32 19.2096 0.680754 2.46572 0.342652 652
9 1 33 18.6438 0.567714 1.77828 0.445963 617
9 1 34 18.1348 0.728227 1.4529 0.532023 621
9 1 35 19.0412 0.583357 1.98273 0.394692 708
9 1 36 21.5 -2 0 0 652
9 1 37 17.7441 0.582514 1.5639 0.39361 595
9 1 38 18.1322 0.489814 1.82255 0.334033 693
9 1 39 17.9265 0.609458 2.34975 0.41779 569
9 1 40 18.4387 0.522814 1.84952 0.435653 638
9 1 41 17.5456 0.629623 1.9829 0.372009 621
9 1 42 17.5 -2 0 0 535
9 1 43 18.5964 0.507816 1.83397 0.419283 596
9 1 44 18.4627 0.72499 1.82732 0.283465 581
9 1 45 18.899 0.662586 1.39767 0.430226 600
9 1 46 17.9557 0.72587 1.87843 0.378439 646
9 1 47 18.5311 0.600449 2.35329 0.356367 708
9 1 48 17.8288 0.515218 1.74378 0.359777 599
9 1 49 21.5 -2 0 0 533
9 1 50 16.6367 0.546814 2.21466 0.409543 591
9 1 51 17.217 0.699801 2.4336 0.354328 565
9 1 52 17.8517 0.90009 3.22125 0.399067 569
9 1 53 17.0988 0.650615 2.7045 0.384225 618
9 1 54 17.5 -2 0 0 599
9 1 55 17.0373 0.733103 1.37658 0.377753 497
9 1 56 16.0949 0.642442 2.63597 0.326629 536
9 1 57 17.2417 0.709425 1.46296 0.362812 540
9 1 58 17.2454 0.786384 1.63364 0.431323 575
9 1 59 17.6577 0.580766 1.91307 0.474775 545
9 1 60 17.6042 0.636344 2.31571 0.356699 575
9 1 61 17.3316 1.01786 3.71979 0.413844 513
9 1 62 16.4203 0.680185 1.26017 0.536333 582
9 1 63 15.6391 0.657378 1.55581 0.467685 560
9 2 0 18.2014 0.571231 2.24846 0.298731 852
9 2 1 16.2641 0.656111 2.5595 0.356221 739
9 2 2 18.2025 0.528361 1.9725 0.345982 684
9 2 3 17.5 -2 0 0 594
9 2 4 19.1477 0.533744 2.14472 0.247911 660
9 2 5 19.4598 0.588248 1.65022 0.53364 688
9 2 6 19.1816 0.578846 1.68756 0.549822 646
9 2 7 18.5047 0.687558 1.5079 0.408526 559
9 2 8 17.6486 0.825053 1.34131 0.5856 654
9 2 9 19.5154 0.951932 2.28199 0.511525 642
9 2 10 17.8578 0.590141 2.00783 0.270803 622
9 2 11 18.878 0.566993 2.57898 0.3154 715
9 2 12 17.0707 0.813968 2.40419 0.256962 594
9 2 13 21.5 -2 0 0 605
9 2 14 19.4082 1.21723 1.80933 0.346149 823
9 2 15 18.7967 0.590599 1.84752 0.429603 648
9 2 16 18.5361 0.527685 1.95758 0.366982 579
9 2 17 18.6004 0.628271 1.79046 0.331649 727
9 2 18 18.9104 0.627705 1.58305 0.359621 645
9 2 19 18.2233 0.581529 2.07841 0.509685 830
9 2 20 19.1702 0.635366 1.7007 0.462708 682
9 2 21 18.755 0.486895 1.81905 0.35861 649
9 2 22 18.8715 0.60803 2.31105 0.282818 553
9 2 23 19.7188 0.58667 2.29125 0.389963 728
9 2 24 18.2765 0.637282 2.93398 0.434367 717
9 2 25 18.9648 0.558592 2.0124 0.524882 664
9 2 26 18.6889 0.885273 1.50286 0.59507 804
9 2 27 18.9162 0.760181 1.66028 0.293235 682
9 2 28 18.2046 0.517666 1.86405 0.308658 612
9 2 29 21.5 -2 0 0 732
9 2 30 18.6391 1.03133 2.24296 0.378674 683
9 2 31 17.2477 0.804524 2.90024 0.308996 632
9 2 32 18.058 0.654767 2.4374 0.379529 622
9 2 33 18.3892 0.760228 1.38853 0.498854 665
9 2 34 18.3179 0.637676 1.73467 0.511766 915
9 2 35 17.4859 0.537329 2.05406 0.409815 674
9 2 36 19.2016 0.599383 1.87633 0.360669 656
9 2 37 19.1687 0.625434 1.53282 0.439095 802
9 2 38 18.1176 0.767476 1.47578 0.565898 703
9 2 39 19.0863 0.661349 1.87728 0.390921 835
9 2 40 18.4292 0.672495 1.53897 0.340996 717
9 2 41 18.0711 0.658505 1.85094 0.37164 680
9 2 42 19.078 0.544895 1.89111 0.389868 745
9 2 43 16.9719 0.748575 2.05943 0.338339 848
9 2 44 18.1476 0.546209 1.58077 0.430507 636
9 2 45 21.5 -2 0 0 684
9 2 46 21.5 -2 0 0 963
9 2 47 18.7922 0.752155 2.32879 0.31704 821
9 2 48 18.2138 0.572637 1.43911 0.49511 744
9 2 49 17.9422 0.528422 1.71115 0.392216 846
9 2 50 21.5 -2 0 0 703
9 2 51 18.6466 0.537415 2.49834 0.302785 1139
9 2 52 17.9615 0.638705 1.56063 0.502902 871
9 2 53 17.692 0.606684 2.22801 0.237543 790
9 2 54 17.7978 0.957747 1.87682 0.391773 766
9 2 55 18.1555 0.532894 2.08107 0.366953 898
9 2 56 16.5962 0.655807 2.26136 0.293903 843
9 2 57 15.5607 0.651463 2.59062 0.351995 924
9 2 58 21.5 -2 0 0 825
9 2 59 17.9737 0.565161 2.45961 0.224226 1022
9 2 60 17.6955 0.707631 1.57813 0.594716 555
9 2 61 17.2594 0.676148 2.79674 0.275611 1236
9 2 62 21.5 -2 0 0 1074
9 2 63 17.1317 0.668508 2.15035 0.447584 906
9 3 0 18.0401 0.613 2.22015 0.342162 1418
9 3 1 19.0912 0.828439 2.12422 0.485367 1453
9 3 2 17.9486 0.676493 2.64387 0.344051 772
9 3 3 18.0803 0.474531 2.13254 0.390046 1700
9 3 4 18.5322 0.651955 2.15154 0.334131 1282
9 3 5 18.6811 0.668092 1.71112 0.46834 1417
9 3 6 18.5033 0.554828 2.37745 0.301727 1745
9 3 7 18.162 0.745181 2.15512 0.343612 2255
9 3 8 17.4344 0.585715 1.74892 0.318056 1313
9 3 9 21.5 -2 0 0 1293
9 3 10 19.3849 0.498023 2.26462 0.373213 2309
9 3 11 19.0103 0.880366 1.42754 0.541089 1538
9 3 12 19.1257 0.812219 2.21833 0.315036 1594
9 3 13 18.5401 0.625514 1.9072 0.301837 1684
9 3 14 19.0155 0.58905 1.59467 0.335601 1203
9 3 15 19.324 0.570943 1.91539 0.367672 1513
9 3 16 20.1079 0.682807 2.92228 0.285989 2947
9 3 17 19.0188 0.559804 1.87449 0.342581 1143
9 3 18 18.6106 0.539166 2.26002 0.320665 1412
9 3 19 19.1603 0.535565 1.8838 0.410325 2073
9 3 20 15.8948 0.711592 2.29622 0.432047 623
9 3 21 18.6938 0.515877 2.07019 0.383234 1768
9 3 22 19.2492 0.594667 1.74966 0.447594 1868
9 3 23 18.7163 1.18448 2.05532 0.343405 1085
9 3 24 21.5 -2 0 0 1123
9 3 25 20.1534 0.928976 3.03564 0.396178 1700
9 3 26 18.467 0.620965 2.50752 0.356355 1029
9 3 27 17.623 0.587283 1.48532 0.323056 1422
9 3 28 21.5 -2 0 0 1431
9 3 29 19.8028 0.725018 2.32176 0.259807 1110
9 3 30 18.6041 0.651716 2.12111 0.381646 1218
9 3 31 19.1381 0.611775 2.21512 0.376054 1640
9 3 32 19.1255 0.753113 2.1621 0.359976 1335
9 3 33 18.8951 0.564265 1.6499 0.486555 1259
9 3 34 19.0405 0.521807 1.85938 0.346926 988
9 3 35 18.5296 0.633256 2.65754 0.32234 1396
9 3 36 19.7507 0.546585 2.08018 0.301577 1103
9 3 37 18.9091 0.624378 1.65785 0.371914 998
9 3 38 18.7559 0.653749 2.50886 0.296111 1342
9 3 39 18.9879 0.568093 2.17133 0.421008 877
9 3 40 21.5 -2 0 0 1092
9 3 41 18.2232 0.617161 1.37668 0.475744 1194
9 3 42 18.9009 0.612947 2.45924 0.245901 977
9 3 43 25.5 -2 0 0 910
9 3 44 21.5 -2 0 0 1077
9 3 45 15.9326 0.521829 1.82064 0.383217 928
9 3 46 18.1983 0.548601 1.99878 0.333502 921
9 3 47 19.0139 0.625515 2.26951 0.359405 1219
9 3 48 18.4117 0.792867 2.04879 0.486577 1065
9 3 49 21.5 -2 0 0 829
9 3 50 18.4012 0.520982 2.17087 0.260539 1024
9 3 51 18.3044 0.625067 2.36879 0.449549 786
9 3 52 18.7246 1.07492 1.88796 0.458611 872
9 3 53 17.7976 0.620705 2.50895 0.330192 1005
9 3 54 17.96 0.565513 1.76912 0.557059 964
9 3 55 18.0416 0.641971 2.02555 0.433602 790
9 3 56 17.9767 0.490681 2.21371 0.412387 870
9 3 57 18.2578 0.542174 1.80674 0.3812 843
9 3 58 17.5513 0.47143 2.11809 0.454966 890
9 3 59 17.9501 0.695442 1.70512 0.390471 855
9 3 60 17.1025 0.487518 1.78005 0.558106 968
9 3 61 18.4561 0.772031 2.73464 0.374212 831
9 3 62 16.6166 0.826983 2.29089 0.332817 787
9 3 63 21.5 -2 0 0 842
9 4 0 17.8515 0.623014 2.67346 0.291328 1393
9 4 1 18.0434 0.506321 2.10816 0.328356 1072
9 4 2 17.4676 0.549606 1.99705 0.276763 973
9 4 3 18.2087 0.509824 2.01174 0.256829 740
9 4 4 17.7985 0.452142 1.99154 0.407306 791
9 4 5 17.4431 0.650019 1.70731 0.364938 872
9 4 6 17.7848 0.519751 1.70267 0.441697 942
9 4 7 17.5046 0.502898 1.90273 0.463555 785
9 4 8 21.5 -2 0 0 991
9 4 9 17.3269 0.56819 1.84989 0.397128 820
9 4 10 18.757 0.609592 2.05389 0.529298 779
9 4 11 25.5 -2 0 0 1012
9 4 12 16.6058 0.75558 2.17391 0.419362 780
9 4 13 17.3147 0.48176 1.60289 0.474188 748
9 4 14 18.7685 0.600656 1.85633 0.357272 1406
9 4 15 17.4907 0.487437 2.06521 0.527411 743
9 4 16 15.6846 0.795985 3.07888 0.30182 795
9 4 17 18.4003 0.492445 2.01046 0.365928 1205
9 4 18 0 -10 0 0 0
9 4 19 17.9878 0.612714 2.64382 0.41106 781
9 4 20 17.3783 0.530948 2.4152 0.278646 858
9 4 21 17.3224 0.562256 2.28255 0.395056 884
9 4 22 18.9942 0.565344 1.78734 0.347394 801
9 4 23 18.7112 0.591113 2.02126 0.285421 1096
9 4 24 17.9798 0.727557 2.37863 0.290781 1080
9 4 25 21.5 -2 0 0 761
9 4 26 18.24 0.545028 2.57654 0.239061 1438
9 4 27 21.5 -2 0 0 775
9 4 28 17.8405 0.575802 1.79928 0.403175 754
9 4 29 18.6542 0.493558 2.08186 0.388664 1192
9 4 30 18.4135 0.51046 1.84845 0.391794 471
9 4 31 18.0552 0.560998 1.97604 0.311294 783
9 4 32 18.8474 1.06059 1.71011 0.540831 810
9 4 33 18.6419 0.54886 1.68798 0.419516 830
9 4 34 18.4939 0.685449 1.99189 0.318129 1508
9 4 35 17.8463 0.59393 2.55942 0.284308 824
9 4 36 0 -10 0 0 0
9 4 37 0 -10 0 0 0
9 4 38 17.3823 0.618568 1.44885 0.405359 778
9 4 39 21.5 -2 0 0 957
9 4 40 18.9502 0.529161 2.37739 0.341405 876
9 4 41 17.3527 0.507665 1.86526 0.450271 812
9 4 42 17.9511 0.968826 1.45516 0.66413 674
9 4 43 17.4644 0.518235 2.06572 0.182363 1204
9 4 44 17.2803 0.527016 1.4749 0.374681 775
9 4 45 17.7073 0.64976 1.50897 0.399929 814
9 4 46 18.5407 0.549519 2.42783 0.331044 1528
9 4 47 17.7346 0.650749 2.20588 0.317448 848
9 4 48 17.7269 0.497917 1.61559 0.42249 900
9 4 49 17.7403 0.661348 1.68287 0.371739 1187
9 4 50 21.5 -2 0 0 746
9 4 51 18.0703 0.570358 2.19681 0.455088 1287
9 4 52 15.4226 0.66691 2.05225 0.318722 1224
9 4 53 18.0519 0.71145 1.64095 0.409804 855
9 4 54 17.0513 0.572213 2.01072 0.347227 907
9 4 55 16.8923 0.635016 1.81349 0.368224 1098
9 4 56 21.5 -2 0 0 798
9 4 57 16.4671 0.670871 2.7588 0.358434 1098
9 4 58 16.7446 0.505863 1.78848 0.383779 944
9 4 59 16.8492 0.571184 1.63465 0.433148 1282
9 4 60 16.3698 0.534752 1.92505 0.443409 867
9 4 61 21.5 -2 0 0 1648
9 4 62 17.3846 0.473988 2.23276 0.40349 1611
9 4 63 21.5 -2 0 0 1099
9 5 0 18.0201 0.413425 2.38799 0.385852 1640
9 5 1 21.5 -2 0 0 1813
9 5 2 17.4732 0.479792 2.42618 0.395216 2077
9 5 3 18.9298 0.451492 1.88267 0.34693 2765
9 5 4 18.446 0.550957 2.29101 0.369254 2240
9 5 5 18.3356 0.465797 1.98377 0.414592 2233
9 5 6 18.8836 0.510378 2.17509 0.355435 2306
9 5 7 18.3422 0.478203 2.57539 0.317823 3992
9 5 8 18.5045 0.483392 2.18816 0.370482 1602
9 5 9 19.2015 0.533717 2.47741 0.530892 2899
9 5 10 18.5699 0.492334 2.12408 0.43031 3371
9 5 11 16.0798 0.493491 2.45096 0.379976 1023
9 5 12 17.8805 0.454634 2.08123 0.266588 2420
9 5 13 17.7081 0.468462 1.98283 0.320875 3005
9 5 14 18.0991 0.741993 2.26045 0.50202 1385
9 5 15 18.1803 0.575196 3.35433 0.340288 945
9 5 16 18.6595 0.482957 2.61712 0.397552 4168
9 5 17 18.6643 0.463607 1.9883 0.394613 1708
9 5 18 21.5 -2 0 0 1164
9 5 19 18.0842 0.695069 2.28125 0.279927 3646
9 5 20 17.5106 0.445782 2.26244 0.428669 2006
9 5 21 18.425 0.498468 2.34761 0.342609 2595
9 5 22 18.183 0.699143 2.06107 0.408554 3211
9 5 23 18.3018 0.628879 2.17685 0.306433 1987
9 5 24 21.5 -2 0 0 1312
9 5 25 19.5627 0.559813 2.19942 0.402034 3527
9 5 26 17.8012 0.520089 2.77187 0.360222 1079
9 5 27 17.9698 0.918872 3.30047 0.332725 386
9 5 28 18.8466 0.650703 2.23579 0.44329 2950
9 5 29 21.5 -2 0 0 1009
9 5 30 18.2356 0.926978 2.14222 0.32359 1822
9 5 31 18.5325 0.509414 2.07082 0.350113 3354
9 5 32 19.3802 0.410759 1.9545 0.407379 2751
9 5 33 21.5 -2 0 0 234
9 5 34 18.0767 0.457698 1.96295 0.418627 1143
9 5 35 17.8819 0.535814 2.11134 0.423632 3160
9 5 36 17.5008 0.676441 2.61297 0.348418 2240
9 5 37 18.2987 0.448477 2.17277 0.316838 1728
9 5 38 18.9722 0.658458 2.33484 0.353814 2988
9 5 39 17.986 0.669224 2.24686 0.344887 2020
9 5 40 18.2221 0.461477 1.99987 0.374018 1105
9 5 41 18.1439 0.92215 2.19703 0.37926 2788
9 5 42 17.9684 0.51343 1.66781 0.400635 1952
9 5 43 18.8482 0.403769 2.13622 0.43709 1644
9 5 44 18.5562 0.421448 1.96714 0.333681 2454
9 5 45 18.5987 0.50127 2.04034 0.275895 2366
9 5 46 18.7645 0.490968 2.29242 0.385744 1587
9 5 47 18.9563 0.470186 2.31002 0.450786 2926
9 5 48 18.8337 0.493705 2.21863 0.44183 1851
9 5 49 18.0794 0.468577 2.11639 0.43686 1334
9 5 50 21.5 -2 0 0 2181
9 5 51 18.1213 0.581152 2.39464 0.474988 1512
9 5 52 18.5511 0.504833 1.80139 0.369139 1332
9 5 53 18.3858 0.674475 1.90514 0.40412 2583
9 5 54 21.5 -2 0 0 2001
9 5 55 18.3047 0.544646 2.02025 0.314509 1431
9 5 56 18.0564 0.400768 2.23226 0.361947 1715
9 5 57 16.9677 0.533122 1.89796 0.485369 1634
9 5 58 16.1879 0.645278 2.22324 0.44248 1698
9 5 59 21.5 -2 0 0 988
9 5 60 17.9663 0.575097 2.25906 0.371666 2170
9 5 61 17.652 0.426297 2.02962 0.501815 1548
9 5 62 17.5666 0.4166 2.13951 0.316386 1436
9 5 63 16.3892 0.694924 2.38139 0.376803 1567
9 6 0 18.5278 0.694873 2.77642 0.265011 1502
9 6 1 18.7787 0.455908 1.98588 0.394842 1164
9 6 2 19.2163 0.539099 2.21371 0.381116 1115
9 6 3 18.8029 0.52051 1.94165 0.417588 790
9 6 4 19.5271 0.563352 2.13194 0.325693 808
9 6 5 19.2918 0.548637 2.02831 0.467723 872
9 6 6 17.6102 0.795069 3.43758 0.311126 322
9 6 7 19.3517 0.511395 1.64518 0.433948 786
9 6 8 19.1139 0.654981 2.26752 0.330033 1074
9 6 9 17.9317 0.610549 2.008 0.339596 807
9 6 10 19.2672 0.780196 3.72226 0.32926 705
9 6 11 17.5 -2 0 0 872
9 6 12 18.6763 0.572421 2.02505 0.2398 850
9 6 13 18.505 0.796867 1.03262 0.686111 739
9 6 14 18.7535 0.535095 1.97071 0.381011 1372
9 6 15 19.0033 0.736728 2.9313 0.271639 730
9 6 16 18.5501 0.635983 2.13053 0.413183 809
9 6 17 18.9412 0.651736 2.52579 0.403356 1054
9 6 18 18.8161 0.682082 1.95566 0.360823 793
9 6 19 18.5051 0.564686 2.18275 0.363415 699
9 6 20 19.0001 0.49561 1.81435 0.455747 802
9 6 21 18.7093 0.60589 2.68519 0.403093 883
9 6 22 18.9901 0.57524 2.13334 0.256387 696
9 6 23 19.6271 0.563917 2.18151 0.412766 903
9 6 24 19.3644 0.482285 1.90484 0.354844 1065
9 6 25 18.0829 0.513972 1.86275 0.334713 733
9 6 26 20.214 0.549031 2.6186 0.249611 1413
9 6 27 18.1863 0.788584 1.3866 0.540698 714
9 6 28 18.0598 0.65723 1.57457 0.496742 637
9 6 29 19.1381 0.530723 1.80351 0.364941 984
9 6 30 17.6623 0.576015 2.32639 0.379949 753
9 6 31 18.8463 0.540608 1.9244 0.425882 648
9 6 32 18.6174 0.520435 2.11511 0.364497 703
9 6 33 18.482 0.479498 1.80806 0.312128 716
9 6 34 19.4519 0.655762 1.96967 0.258318 1242
9 6 35 19.3861 0.66151 2.19255 0.343523 644
9 6 36 21.5 -2 0 0 687
9 6 37 18.7043 0.862363 2.53895 0.322168 762
9 6 38 21.5 -2 0 0 616
9 6 39 17.2329 0.598892 2.05857 0.351563 655
9 6 40 18.4684 0.559568 1.93176 0.402214 793
9 6 41 18.2499 0.638254 2.27451 0.464763 661
9 6 42 21.5 -2 0 0 751
9 6 43 18.6817 0.560703 2.45852 0.352368 946
9 6 44 19.4652 0.576879 2.61972 0.2887 581
9 6 45 18.705 0.593184 1.66879 0.456302 715
9 6 46 18.8247 0.555898 2.35649 0.442737 1097
9 6 47 17.8454 0.597234 2.40643 0.543282 554
9 6 48 17.5887 0.546676 1.65456 0.42566 720
9 6 49 19.6617 0.562434 2.24642 0.47411 855
9 6 50 18.8254 0.620716 2.35904 0.480342 649
9 6 51 18.5671 0.800131 2.19251 0.455787 872
9 6 52 21.5 -2 0 0 812
9 6 53 17.9963 0.618218 2.01029 0.372805 695
9 6 54 18.9763 0.536616 2.0139 0.358318 621
9 6 55 18.191 0.735809 2.16963 0.373062 887
9 6 56 17.0694 0.491414 2.12832 0.390326 761
9 6 57 17.4727 0.553281 2.36612 0.366816 783
9 6 58 21.5 -2 0 0 703
9 6 59 17.5 -2 0 0 1074
9 6 60 17.6893 0.690897 2.93149 0.307784 669
9 6 61 17.9731 0.596286 2.44731 0.319833 996
9 6 62 17.2923 0.631003 2.18928 0.418615 947
9 6 63 16.8385 0.543934 2.00604 0.370579 711
9 7 0 19.1184 0.513544 2.17432 0.429218 1202
9 7 1 18.4773 0.460179 1.9656 0.41429 1250
9 7 2 18.9972 0.418516 2.24754 0.294162 1368
9 7 3 17.5408 0.546538 1.69716 0.39718 1719
9 7 4 21.5 -2 0 0 1500
9 7 5 18.6334 0.497853 2.20494 0.422341 1530
9 7 6 18.0269 0.528754 1.9126 0.471595 1479
9 7 7 18.6526 0.493443 2.83736 0.341515 2482
9 7 8 18.0765 0.442179 2.27845 0.417922 1337
9 7 9 18.4839 0.51545 2.17786 0.301116 1809
9 7 10 19.3324 0.527595 2.11739 0.462029 1938
9 7 11 18.0204 0.474808 1.85742 0.491919 1468
9 7 12 18.1081 0.465928 1.90246 0.338075 1606
9 7 13 18.5527 0.716366 2.13588 0.350625 2175
9 7 14 18.389 0.440906 1.95796 0.329588 1215
9 7 15 19.4858 0.518568 1.47874 0.531876 1973
9 7 16 18.3039 0.509447 2.20844 0.256201 2456
9 7 17 18.7296 0.474036 1.61565 0.470816 1219
9 7 18 19.3135 0.426412 2.31444 0.32621 1761
9 7 19 18.6516 0.522082 2.38048 0.246808 2760
9 7 20 19.3787 0.451671 1.7382 0.340685 1787
9 7 21 18.2089 0.922187 2.48918 0.331764 1605
9 7 22 18.5337 0.523532 2.31742 0.390013 2088
9 7 23 18.4102 0.68049 1.93611 0.543883 1527
9 7 24 18.8536 0.575448 1.81259 0.533142 1188
9 7 25 19.4134 0.541339 2.01563 0.437198 2959
9 7 26 18.8385 0.454866 2.11624 0.426472 1286
9 7 27 19.7417 0.704689 1.66402 0.386622 2199
9 7 28 18.4782 0.62112 1.95216 0.272361 2445
9 7 29 18.4509 0.399498 1.98806 0.330855 1345
9 7 30 19.6118 0.555653 1.89012 0.381794 1877
9 7 31 18.2942 0.673914 1.77205 0.4903 3204
9 7 32 17.8003 0.568585 2.07272 0.268784 2495
9 7 33 18.5882 0.463422 1.97989 0.386777 2224
9 7 34 18.4199 0.446874 1.99102 0.29724 1341
9 7 35 18.348 0.561728 2.3695 0.259094 3439
9 7 36 18.4848 0.710877 2.06558 0.341449 2087
9 7 37 18.0479 0.490432 1.79027 0.398432 1657
9 7 38 19.4033 0.501107 1.91616 0.505869 3850
9 7 39 25.5 -2 0 0 2618
9 7 40 18.9461 0.480571 1.75727 0.450751 1817
9 7 41 19.3494 0.502383 1.76527 0.43801 2721
9 7 42 21.5 -2 0 0 2028
9 7 43 21.5 -2 0 0 1479
9 7 44 18.2953 0.518956 1.99109 0.360418 2447
9 7 45 18.6701 0.496377 1.93561 0.312745 2436
9 7 46 19.2033 0.430847 1.91802 0.414259 1404
9 7 47 18.91 0.51042 2.53603 0.416854 4088
9 7 48 21.5 -2 0 0 2258
9 7 49 17.3389 0.464528 2.07949 0.285336 1763
9 7 50 18.5159 0.409436 2.07491 0.299135 2569
9 7 51 21.5 -2 0 0 1942
9 7 52 21.5 -2 0 0 1589
9 7 53 18.3705 0.538935 2.18801 0.385838 3292
9 7 54 18.6402 0.518419 1.98837 0.376633 2442
9 7 55 21.5 -2 0 0 1678
9 7 56 18.4981 0.45867 2.18284 0.376665 2333
9 7 57 17.6171 0.454511 2.08322 0.373449 2115
9 7 58 21.5 -2 0 0 2175
9 7 59 21.5 -2 0 0 1612
9 7 60 21.5 -2 0 0 2891
9 7 61 17.6266 0.473925 2.435 0.418613 1704
9 7 62 17.3602 0.466216 2.4029 0.451991 1554
9 7 63 17.2632 0.513022 1.86066 0.417729 1943
9 8 0 18.2314 0.783825 1.85649 0.441305 802
9 8 1 17.88 0.583238 2.12783 0.319581 774
9 8 2 18.8055 0.545784 2.14727 0.342159 700
9 8 3 18.1379 0.527399 2.04468 0.377362 669
9 8 4 19.0567 0.593104 2.14799 0.276348 750
9 8 5 18.7533 0.595957 1.98366 0.41271 732
9 8 6 18.6035 0.737456 1.95038 0.28438 688
9 8 7 19.3256 0.617417 2.47536 0.260562 712
9 8 8 18.8314 0.566743 2.19615 0.384734 720
9 8 9 18.5925 0.598584 1.92624 0.401583 728
9 8 10 21.5 -2 0 0 666
9 8 11 18.3736 0.906776 1.91213 0.383709 718
9 8 12 21.5 -2 0 0 665
9 8 13 17.5655 0.611114 1.76782 0.381675 716
9 8 14 18.7339 0.609017 2.10623 0.403139 700
9 8 15 19.7779 0.582594 2.29006 0.308644 719
9 8 16 18.4978 0.669745 2.79494 0.319316 712
9 8 17 19.1574 0.461424 1.7562 0.454793 738
9 8 18 18.5691 0.4884 1.82268 0.380422 639
9 8 19 20.9578 1.99693 3.58155 0.41784 758
9 8 20 18.694 -3 0 0 76
9 8 21 19.2583 0.461786 1.73108 0.45876 694
9 8 22 21.5 -2 0 0 336
9 8 23 19.5719 0.59405 2.05891 0.402858 814
9 8 24 20.0792 0.600283 1.81247 0.361847 740
9 8 25 19.2062 0.544862 1.84366 0.446196 817
9 8 26 16.8122 0.736472 2.04087 0.341025 814
9 8 27 18.3547 0.75344 1.6244 0.331711 528
9 8 28 21.5 -2 0 0 783
9 8 29 21.5 -2 0 0 817
9 8 30 19.1847 1.61875 2.74068 0.4709 787
9 8 31 19.8059 0.600304 2.16574 0.39514 831
9 8 32 19.1362 0.602847 1.98447 0.285284 821
9 8 33 21.5 -2 0 0 757
9 8 34 19.0509 0.840633 2.84378 0.407558 867
9 8 35 18.1007 0.922435 2.11092 0.399217 836
9 8 36 19.338 0.676094 1.59892 0.42129 850
9 8 37 19.5229 0.768005 1.8067 0.484012 877
9 8 38 19.2375 0.586842 2.37657 0.344559 1047
9 8 39 20.071 0.612928 2.63051 0.291837 1217
9 8 40 18.694 -3 0 0 46
9 8 41 17.7478 0.665493 2.00334 0.296979 832
9 8 42 21.5 -2 0 0 829
9 8 43 19.1132 0.628697 2.65469 0.236905 694
9 8 44 19.4587 0.574036 2.09666 0.329854 973
9 8 45 18.5434 0.605354 2.20656 0.393462 839
9 8 46 18.4679 0.602088 2.43144 0.317451 879
9 8 47 18.7104 0.641796 2.42434 0.320848 1172
9 8 48 18.3332 0.887332 2.54109 0.231645 791
9 8 49 18.694 -3 0 0 191
9 8 50 18.694 -3 0 0 158
9 8 51 18.9959 0.617069 2.37455 0.280829 1214
9 8 52 15.7244 0.783692 2.65897 0.239333 708
9 8 53 18.694 -3 0 0 77
9 8 54 18.694 -3 0 0 99
9 8 55 17.5561 0.617919 2.25822 0.321942 1050
9 8 56 16.5856 0.600523 2.56478 0.313678 523
9 8 57 18.2599 0.541625 1.98951 0.391194 1133
9 8 58 18.0251 0.514559 2.03972 0.354254 1025
9 8 59 16.3985 0.680436 2.08222 0.383349 965
9 8 60 18.694 -3 0 0 107
9 8 61 18.3935 0.72839 2.00261 0.450274 1269
9 8 62 16.6797 0.660675 2.59101 0.256962 1168
9 8 63 16.9824 0.919835 1.68027 0.375506 1013
9 9 0 19.2208 0.718214 2.96765 0.295846 1364
9 9 1 18.1312 0.871925 2.38834 0.306972 1201
9 9 2 18.1857 0.579342 1.76458 0.380118 1189
9 9 3 17.256 0.842359 1.986 0.252811 917
9 9 4 21.5 -2 0 0 881
9 9 5 17.5 -2 0 0 1051
9 9 6 18.379 0.570383 2.06459 0.401976 1210
9 9 7 18.2876 0.675688 2.10584 0.310103 1010
9 9 8 18.6461 0.55696 1.88419 0.361291 1096
9 9 9 18.3608 0.777993 1.95918 0.33437 1179
9 9 10 18.1292 0.656077 1.62804 0.534365 1134
9 9 11 18.7707 0.579951 1.84155 0.31866 944
9 9 12 18.4776 0.624231 1.5732 0.52073 968
9 9 13 18.1603 0.767238 2.12565 0.40713 822
9 9 14 16.3245 0.853634 2.18464 0.478877 1133
9 9 15 18.0167 0.809106 1.68123 0.370139 887
9 9 16 18.2721 0.5029 2.28807 0.253531 1127
9 9 17 18.5878 0.637696 1.64416 0.348387 946
9 9 18 18.7791 0.651712 2.07622 0.35204 900
9 9 19 18.4308 0.656901 1.47773 0.406037 866
9 9 20 18.6749 0.529121 2.07387 0.301 853
9 9 21 18.4436 0.572264 2.21811 0.238493 1169
9 9 22 21.5 -2 0 0 970
9 9 23 21.5 -2 0 0 790
9 9 24 17.9084 0.68355 2.19667 0.239347 1121
9 9 25 17.5475 0.538503 2.19963 0.392526 834
9 9 26 19.0941 1.89885 6.15351 0.472446 1011
9 9 27 18.4763 0.690318 1.53806 0.382679 817
9 9 28 18.8229 0.592652 1.45784 0.450669 817
9 9 29 16.9664 0.753293 2.76213 0.296944 833
9 9 30 18.5964 0.638684 2.82319 0.275502 803
9 9 31 17.9947 0.622535 2.86371 0.441608 804
9 9 32 18.7942 0.614774 1.63159 0.356422 742
9 9 33 17.3917 0.6204 1.98689 0.317711 801
9 9 34 17.9916 0.555948 2.12931 0.277583 953
9 9 35 16.7148 0.635783 1.63364 0.380611 734
9 9 36 21.5 -2 0 0 735
9 9 37 21.5 -2 0 0 735
9 9 38 21.5 -2 0 0 736
9 9 39 18.1659 0.490544 1.79461 0.353872 685
9 9 40 21.5 -2 0 0 791
9 9 41 21.5 -2 0 0 682
9 9 42 21.5 -2 0 0 745
9 9 43 18.0635 0.499198 2.02463 0.339682 833
9 9 44 21.5 -2 0 0 667
9 9 45 18.6498 0.537273 1.8676 0.380237 727
9 9 46 18.7456 0.584942 2.36289 0.26313 881
9 9 47 18.0167 0.632986 1.91155 0.283962 758
9 9 48 17.1246 0.608132 2.32548 0.289342 733
9 9 49 17.2285 0.772556 2.36957 0.321077 682
9 9 50 16.9958 0.705605 1.71444 0.311392 707
9 9 51 14.988 0.699206 2.84309 0.499803 688
9 9 52 21.5 -2 0 0 827
9 9 53 17.4539 0.623817 1.38137 0.509063 724
9 9 54 16.8926 0.547036 2.0583 0.338602 689
9 9 55 16.7634 0.525045 1.61108 0.480593 749
9 9 56 17.645 0.561512 1.89388 0.39594 664
9 9 57 17.0328 0.855704 1.73296 0.448848 742
9 9 58 15.5367 0.669144 2.53189 0.289731 754
9 9 59 17.5 -2 0 0 569
9 9 60 17.0461 0.58033 1.89477 0.44404 693
9 9 61 17.5672 0.451648 2.17634 0.456358 790
9 9 62 15.8537 0.726652 2.38377 0.479998 469
9 9 63 15.8916 0.686618 2.04613 0.226153 709
9 10 0 18.1497 0.512105 2.28487 0.346897 1405
9 10 1 17.8439 0.510698 2.01655 0.438458 1346
9 10 2 18.5706 0.496184 1.92738 0.366368 1333
9 10 3 17.4633 0.614934 2.79014 0.400949 341
9 10 4 17.8863 0.496129 1.65003 0.366328 1520
9 10 5 18.3771 0.64008 1.83724 0.456864 1390
9 10 6 18.7111 0.528108 1.75206 0.548158 1275
9 10 7 18.2892 0.480046 2.3738 0.355988 1348
9 10 8 18.6519 0.511353 1.8528 0.366309 1372
9 10 9 18.1068 0.397704 2.15507 0.525815 942
9 10 10 21.5 -2 0 0 1134
9 10 11 18.4584 0.472731 2.03817 0.441672 1505
9 10 12 16.9862 0.607385 1.75762 0.394981 1232
9 10 13 18.2809 0.405233 2.38383 0.463392 1371
9 10 14 19.183 0.476493 2.18697 0.402764 1578
9 10 15 21.5 -2 0 0 1502
9 10 16 18.0341 0.422666 2.44213 0.380191 1298
9 10 17 25.5 -2 0 0 1598
9 10 18 18.6395 0.44919 2.1214 0.44219 1498
9 10 19 18.0004 0.509267 2.23693 0.39107 1474
9 10 20 17.9607 0.517197 2.21548 0.324251 1700
9 10 21 17.471 0.402349 2.0497 0.508218 1310
9 10 22 18.35 0.563248 2.28008 0.310046 985
9 10 23 21.5 -2 0 0 1739
9 10 24 21.5 -2 0 0 1426
9 10 25 18.1709 0.479803 2.19355 0.367417 1543
9 10 26 18.4453 0.460753 2.21863 0.307331 1725
9 10 27 17.5959 0.520856 2.26159 0.530882 1140
9 10 28 19.0447 0.444035 2.22954 0.384063 1625
9 10 29 18.1169 0.598934 2.47835 0.41699 1800
9 10 30 18.8935 0.500305 1.64858 0.526678 1669
9 10 31 18.3112 0.45403 2.47366 0.348742 1848
9 10 32 17.7458 0.453198 2.00734 0.308636 1715
9 10 33 18.2775 0.641005 2.48665 0.302065 1769
9 10 34 19.328 0.436935 2.30978 0.353074 1944
9 10 35 18.2482 0.460189 2.16078 0.377961 1998
9 10 36 18.654 0.617705 1.86902 0.449563 1882
9 10 37 18.5437 0.500178 2.09132 0.32248 2004
9 10 38 18.8296 0.482088 2.18085 0.426559 2350
9 10 39 18.0048 0.573258 2.16977 0.307261 3062
9 10 40 17.978 0.856369 2.09382 0.381189 1849
9 10 41 18.8158 0.566289 1.66441 0.443139 1962
9 10 42 21.5 -2 0 0 2313
9 10 43 18.6002 0.775315 1.61355 0.404402 2147
9 10 44 17.585 0.691018 2.39905 0.302441 2121
9 10 45 18.529 0.442041 2.15433 0.288891 1993
9 10 46 19.469 0.489383 2.76093 0.371618 2251
9 10 47 19.296 0.467727 2.53609 0.391087 2923
9 10 48 18.2503 0.758925 2.44533 0.406956 2190
9 10 49 18.2939 0.543667 2.16855 0.42211 2289
9 10 50 17.7308 0.730393 2.46627 0.300635 2272
9 10 51 18.0515 0.483875 2.40277 0.28385 3554
9 10 52 18.0481 0.559752 2.27232 0.285555 2359
9 10 53 17.4364 0.42118 2.08588 0.302567 2783
9 10 54 21.5 -2 0 0 2314
9 10 55 18.4967 0.508083 2.05383 0.312915 2816
9 10 56 21.5 -2 0 0 3202
9 10 57 21.5 -2 0 0 3267
9 10 58 17.7091 0.386514 1.9558 0.302258 2445
9 10 59 17.3224 0.450706 2.13987 0.333976 2533
9 10 60 18.225 0.422532 2.03192 0.44403 3016
9 10 61 18.3126 0.502222 2.63893 0.284409 3764
9 10 62 21.5 -2 0 0 3055
9 10 63 17.6662 0.47199 2.04317 0.296466 2655
9 11 0 19.6966 0.635486 2.82495 0.382226 3762
9 11 1 20.079 0.680922 2.5375 0.442312 3653
9 11 2 19.3115 0.433609 2.34247 0.440921 3514
9 11 3 19.5819 0.486096 2.2862 0.339545 2338
9 11 4 19.3087 0.61289 2.23419 0.538999 2299
9 11 5 19.3221 0.48297 2.44461 0.33934 2487
9 11 6 18.5188 0.515501 2.1999 0.36835 3244
9 11 7 19.141 0.50711 2.25443 0.34602 2196
9 11 8 19.4945 0.627072 1.80725 0.427168 2807
9 11 9 18.7702 0.725403 2.10083 0.470268 2965
9 11 10 18.7935 0.593906 2.33355 0.315698 2799
9 11 11 19.2736 0.624665 2.55153 0.418592 2323
9 11 12 25.5 -2 0 0 2646
9 11 13 19.3216 1.05476 2.16101 0.377196 1906
9 11 14 19.6488 0.513387 2.54118 0.310532 3109
9 11 15 19.5701 0.482071 2.02096 0.36333 2110
9 11 16 25.5 -2 0 0 2756
9 11 17 19.5535 0.669914 1.84835 0.546743 2403
9 11 18 19.9985 0.518571 2.53354 0.457941 2095
9 11 19 19.055 0.751194 1.90596 0.609727 1836
9 11 20 19.8252 0.471178 1.92635 0.518078 1856
9 11 21 18.7122 0.754593 2.85996 0.350528 3194
9 11 22 20.1338 0.427347 1.9889 0.385027 2295
9 11 23 25.5 -2 0 0 2083
9 11 24 19.5532 0.715168 2.05907 0.377396 2907
9 11 25 21.8219 1.08972 1.59378 0.544657 1563
9 11 26 19.471 0.557672 2.66766 0.369921 2618
9 11 27 19.4429 0.56106 1.90957 0.354349 1712
9 11 28 20.2325 0.427469 1.98497 0.375123 1727
9 11 29 19.4991 0.484203 2.29243 0.318012 2138
9 11 30 25.5 -2 0 0 1886
9 11 31 19.4557 0.59026 2.35675 0.406385 1498
9 11 32 25.5 -2 0 0 1433
9 11 33 19.4094 0.751437 1.82227 0.476737 1505
9 11 34 19.6827 0.903867 2.17631 0.48497 2297
9 11 35 19.8365 0.469221 1.87817 0.547481 1355
9 11 36 19.9832 0.456152 2.19359 0.34248 1582
9 11 37 20.0182 0.423335 2.18499 0.324182 1735
9 11 38 19.2112 0.476323 1.73831 0.485979 1194
9 11 39 19.3202 0.540551 2.8613 0.316516 1294
9 11 40 19.1648 0.645941 2.41854 0.38453 1697
9 11 41 20.0657 0.716241 1.85156 0.433198 1333
9 11 42 19.8623 0.439111 2.02422 0.425922 1498
9 11 43 20.245 0.532624 2.05027 0.302272 1856
9 11 44 19.6022 0.51971 1.47586 0.408229 1140
9 11 45 19.4395 0.571188 2.49427 0.293022 1360
9 11 46 20.005 0.807336 1.9861 0.515055 2013
9 11 47 19.9621 0.435516 2.21758 0.522402 1185
9 11 48 19.0908 0.503151 1.93887 0.35768 1413
9 11 49 18.877 0.543337 2.4195 0.319476 1476
9 11 50 19.6792 0.688283 1.4266 0.543709 1318
9 11 51 19.3231 0.483158 2.28794 0.40571 1327
9 11 52 18.8889 0.598029 2.11233 0.418707 1603
9 11 53 19.1195 0.5171 2.63153 0.469877 1142
9 11 54 18.9695 0.454486 2.0509 0.464975 1226
9 11 55 19.3913 0.488345 1.71842 0.504418 1495
9 11 56 18.8626 0.425237 2.51403 0.400145 1236
9 11 57 17.6861 0.816211 2.70022 0.416234 1297
9 11 58 18.0842 0.428546 2.16861 0.407591 1308
9 11 59 18.7563 0.50696 2.12655 0.396423 1821
9 11 60 18.587 0.532672 1.63122 0.575326 1204
9 11 61 19.5698 0.507138 2.8318 0.434623 1509
9 11 62 18.4073 0.479977 2.33173 0.285632 1576
9 11 63 17.7799 0.397425 1.94639 0.347387 1336
9 12 0 18.2826 0.540754 2.74649 0.372684 4244
9 12 1 18.4062 0.515185 2.15511 0.550438 3870
9 12 2 18.9805 0.573128 2.47861 0.587235 3604
9 12 3 18.4288 0.38348 2.06261 0.533618 3342
9 12 4 18.1492 0.353991 1.94621 0.412214 3913
9 12 5 18.4829 0.415166 1.85071 0.525826 3731
9 12 6 17.7684 0.434 2.09592 0.484171 3571
9 12 7 18.2896 0.356288 2.22887 0.559891 3083
9 12 8 17.4609 0.656112 2.07959 0.495785 3553
9 12 9 18.0298 0.418152 1.76049 0.6913 2293
9 12 10 18.5634 0.391152 2.32984 0.507332 3262
9 12 11 18.1218 0.34857 1.99317 0.421495 4075
9 12 12 18.3034 0.371372 1.94414 0.367377 3484
9 12 13 17.0593 0.376169 2.23434 0.310884 3222
9 12 14 21.5 -2 0 0 4000
9 12 15 18.4981 0.416316 1.86138 0.51357 3544
9 12 16 18.4242 0.36122 2.44178 0.329852 3145
9 12 17 17.9606 0.493932 1.84217 0.509216 3966
9 12 18 17.8316 0.91013 1.91896 0.621264 3667
9 12 19 21.5 -2 0 0 3222
9 12 20 18.1449 0.458046 1.91902 0.466969 3995
9 12 21 18.334 0.346219 2.13693 0.416979 3254
9 12 22 16.6077 0.841394 1.9438 0.5282 1625
9 12 23 18.3069 0.444048 2.24953 0.416609 4391
9 12 24 18.3023 0.431414 2.07587 0.399937 3957
9 12 25 18.6906 0.374507 2.47974 0.403348 3537
9 12 26 18.998 0.39215 2.2373 0.470522 4596
9 12 27 17.8968 0.477729 1.90427 0.494993 3634
9 12 28 18.3843 0.586506 2.29333 0.491903 3491
9 12 29 18.7607 0.41968 1.88587 0.426084 4533
9 12 30 18.63 0.7381 1.89601 0.591775 3965
9 12 31 18.4469 0.474637 2.15591 0.396641 3913
9 12 32 18.3571 0.447601 2.25004 0.427678 3763
9 12 33 18.5925 0.359382 1.94941 0.425358 3991
9 12 34 18.3885 0.388308 2.27382 0.454798 4772
9 12 35 18.1596 0.452315 2.49584 0.354396 4055
9 12 36 18.3061 0.507853 2.2394 0.650063 4063
9 12 37 18.388 0.309061 1.83904 0.466347 4448
9 12 38 18.44 0.468736 2.31018 0.372368 4215
9 12 39 18.3889 0.458915 2.42608 0.421727 4920
9 12 40 18.474 0.535144 2.04072 0.372438 4407
9 12 41 18.4996 0.417708 1.97147 0.402674 3991
9 12 42 21.5 -2 0 0 4411
9 12 43 18.5192 0.40011 2.09349 0.388044 4747
9 12 44 17.9973 0.410318 2.04216 0.427628 3923
9 12 45 18.0123 0.471201 2.02508 0.513118 4073
9 12 46 18.3001 0.654597 2.58525 0.321444 5080
9 12 47 19.053 0.367394 2.53253 0.430437 4432
9 12 48 17.9191 0.391055 1.95372 0.500497 4229
9 12 49 21.5 -2 0 0 4585
9 12 50 18.4023 0.372002 2.12583 0.430477 4298
9 12 51 17.5405 0.394803 2.79398 0.393138 5377
9 12 52 18.3074 0.591334 2.12856 0.567537 5048
9 12 53 18.1226 0.31714 2.20166 0.437196 4308
9 12 54 18.0969 0.501925 1.85698 0.43455 4698
9 12 55 18.5506 0.465536 2.14609 0.533152 5333
9 12 56 17.8456 0.330377 2.16897 0.457275 4975
9 12 57 21.5 -2 0 0 5111
9 12 58 21.5 -2 0 0 4627
9 12 59 18.2338 0.411852 2.32909 0.501102 5380
9 12 60 21.5 -2 0 0 4540
9 12 61 17.4537 0.393328 2.92211 0.356941 6260
9 12 62 18.2431 0.318279 2.46546 0.498402 5622
9 12 63 16.995 0.569022 2.1248 0.392373 5056
9 13 0 21.5 -2 0 0 6090
9 13 1 17.4263 0.423352 2.2675 0.487686 5220
9 13 2 18.2249 0.485441 2.06901 0.63126 5181
9 13 3 17.3853 0.318699 1.99542 0.525758 4034
9 13 4 17.1155 0.41788 1.99811 0.433465 4489
9 13 5 17.1886 0.457588 1.60678 0.619229 4765
9 13 6 17.6043 0.390221 1.94499 0.589547 4926
9 13 7 17.145 0.392925 2.13486 0.40946 3710
9 13 8 17.5 -2 0 0 4771
9 13 9 17.4521 0.386615 2.29024 0.400643 4444
9 13 10 17.6827 0.321211 2.13586 0.477043 3977
9 13 11 21.5 -2 0 0 4684
9 13 12 17.3456 0.401143 1.90816 0.348276 4288
9 13 13 17.2771 0.457984 2.03631 0.32942 3659
9 13 14 18.2068 0.353773 2.27438 0.423779 5713
9 13 15 18.1218 0.408021 1.55989 0.456475 3988
9 13 16 17.6476 0.299515 2.0473 0.571732 4003
9 13 17 18.234 0.395995 1.88675 0.4947 5110
9 13 18 18.0778 0.355173 2.38212 0.499947 4171
9 13 19 17.6294 0.342581 1.88573 0.350053 3648
9 13 20 21.5 -2 0 0 4311
9 13 21 18.4864 0.406707 2.07698 0.400166 4678
9 13 22 17.7284 0.41396 1.78047 0.351435 3747
9 13 23 17.7962 0.352783 1.71316 0.510299 4316
9 13 24 17.2947 0.365261 2.09033 0.416661 4793
9 13 25 17.4151 0.501171 1.82063 0.384602 3489
9 13 26 21.5 -2 0 0 5207
9 13 27 21.5 -2 0 0 3646
9 13 28 18.5719 0.400852 1.73214 0.335972 3507
9 13 29 21.5 -2 0 0 4613
9 13 30 21.5 -2 0 0 3890
9 13 31 18.3534 0.444707 1.77119 0.452978 3423
9 13 32 17.6669 0.389799 1.8411 0.440421 3256
9 13 33 17.8481 0.438142 1.90193 0.352681 3412
9 13 34 18.1778 0.383131 2.32594 0.35415 5187
9 13 35 17.9655 0.385159 1.84993 0.39303 3188
9 13 36 21.5 -2 0 0 3719
9 13 37 18.2453 0.380331 1.84156 0.322902 4078
9 13 38 17.9857 0.585052 2.01694 0.436498 2889
9 13 39 21.5 -2 0 0 3214
9 13 40 17.2185 0.341912 2.21295 0.320894 3829
9 13 41 17.6335 0.45563 1.84727 0.434289 2967
9 13 42 17.4377 0.393105 1.8884 0.429066 3723
9 13 43 17.4364 0.405514 2.00602 0.381238 4522
9 13 44 16.7828 0.414301 1.92641 0.367005 2928
9 13 45 17.6222 0.394193 1.68429 0.347432 3367
9 13 46 18.1083 0.373401 1.8793 0.55953 4968
9 13 47 17.683 0.386977 2.10363 0.387705 2955
9 13 48 17.2468 0.466665 1.68931 0.32278 3605
9 13 49 17.1665 0.55075 1.69685 0.495864 3953
9 13 50 17.8373 0.373027 1.64273 0.461821 3093
9 13 51 17.5883 0.361758 2.12875 0.394336 3785
9 13 52 17.3793 0.428321 2.08016 0.336465 4166
9 13 53 17.9383 0.448998 1.92551 0.340775 2866
9 13 54 17.8142 0.381353 2.06601 0.417552 3367
9 13 55 21.5 -2 0 0 3791
9 13 56 21.5 -2 0 0 3547
9 13 57 17.321 0.434943 1.97761 0.594605 3699
9 13 58 21.5 -2 0 0 3506
9 13 59 21.5 -2 0 0 4307
9 13 60 16.9153 0.436754 1.69913 0.433296 3022
9 13 61 17.6625 0.521706 2.24697 0.593363 4169
9 13 62 21.5 -2 0 0 4159
9 13 63 17.1149 0.337363 2.20078 0.337841 3643
9 14 0 18.0466 0.434396 2.51189 0.429265 6010
9 14 1 16.9903 0.490852 2.31742 0.427207 5195
9 14 2 16.905 0.377462 2.08648 0.456421 5144
9 14 3 18.2129 0.34571 1.98308 0.309915 4125
9 14 4 21.5 -2 0 0 4077
9 14 5 18.1146 0.383634 2.01574 0.350106 4580
9 14 6 17.7758 0.347104 2.1304 0.383255 5027
9 14 7 21.5 -2 0 0 3064
9 14 8 17.9218 0.379708 1.91186 0.362841 4713
9 14 9 21.5 -2 0 0 4250
9 14 10 18.1859 0.337236 2.23195 0.43059 4369
9 14 11 17.3926 0.445845 1.57472 0.735289 4378
9 14 12 18.3879 0.426311 1.82597 0.42753 4214
9 14 13 17.0812 0.53918 2.57745 0.306274 600
9 14 14 18.1316 0.414387 2.48482 0.396356 5399
9 14 15 16.5592 0.447384 2.48578 0.234375 1314
9 14 16 21.5 -2 0 0 4485
9 14 17 18.4451 0.459125 1.96334 0.475675 4563
9 14 18 17.4385 0.456624 1.7388 0.391875 3671
9 14 19 21.5 -2 0 0 3659
9 14 20 17.9658 0.330241 2.00621 0.416562 3866
9 14 21 17.5 -2 0 0 4736
9 14 22 17.2341 0.552936 2.60648 0.344164 867
9 14 23 18.1427 0.461285 1.91343 0.454096 4156
9 14 24 18.2019 0.570139 2.08329 0.517714 5020
9 14 25 21.5 -2 0 0 3398
9 14 26 18.3107 0.371477 2.2256 0.462159 5075
9 14 27 21.5 -2 0 0 3696
9 14 28 21.5 -2 0 0 3095
9 14 29 17.4414 0.529195 1.8893 0.418224 4119
9 14 30 18.1359 0.392261 2.25677 0.403309 3735
9 14 31 18.2716 0.322108 2.00006 0.349964 3007
9 14 32 15.7961 0.567728 2.48477 0.34419 716
9 14 33 16.6834 0.523376 2.30101 0.547684 825
9 14 34 16.9466 0.558876 2.2934 0.453449 4429
9 14 35 18.0157 0.433973 1.92217 0.516732 2820
9 14 36 16.0889 0.688719 2.31599 0.594479 459
9 14 37 18.6845 0.419233 1.75833 0.456133 3740
9 14 38 18.3154 0.389075 2.02904 0.381501 2561
9 14 39 17.7517 0.39232 2.17057 0.315987 2548
9 14 40 17.8391 0.339048 1.98916 0.448424 3476
9 14 41 21.5 -2 0 0 2788
9 14 42 18.1853 0.346903 2.01697 0.368419 3219
9 14 43 17.0903 0.489006 2.07875 0.337046 3803
9 14 44 18.0727 0.375653 1.96339 0.49121 2402
9 14 45 18.0896 0.520846 1.81759 0.375631 842
9 14 46 17.4625 0.370299 1.93446 0.356493 4261
9 14 47 17.9554 0.372361 2.518 0.448188 2552
9 14 48 17.3789 0.522858 2.66334 0.497781 681
9 14 49 21.5 -2 0 0 3144
9 14 50 17.6064 0.360384 2.11542 0.33142 2593
9 14 51 21.5 -2 0 0 2974
9 14 52 17.5 -2 0 0 3433
9 14 53 17.5678 0.353356 2.04632 0.46595 2322
9 14 54 17.1612 0.434593 1.93214 0.339321 2659
9 14 55 17.9663 0.422483 1.77861 0.463859 3118
9 14 56 18.1148 0.357517 1.78083 0.457532 2807
9 14 57 16.492 0.649398 2.25283 0.44218 2975
9 14 58 16.5678 0.453306 1.78077 0.490253 2385
9 14 59 17.4404 0.374417 2.03948 0.482368 3908
9 14 60 17.5649 0.474837 2.36646 0.472222 2643
9 14 61 17.9847 0.368825 2.3153 0.350168 3153
9 14 62 16.5943 0.504389 2.21316 0.434612 3184
9 14 63 21.5 -2 0 0 2627
9 15 0 17.918 0.417398 2.40162 0.434625 2745
9 15 1 19.0311 0.384441 1.94775 0.48384 2920
9 15 2 18.4129 0.404316 2.28759 0.429932 2734
9 15 3 21.5 -2 0 0 2214
9 15 4 18.7861 0.39711 1.72818 0.608257 2791
9 15 5 18.5935 0.404261 1.83091 0.405611 2783
9 15 6 17.7788 0.496458 2.21558 0.385518 2566
9 15 7 18.9747 0.44934 2.00018 0.522152 2133
9 15 8 17.9989 0.434303 1.84574 0.468512 2700
9 15 9 18.5187 0.457111 2.13664 0.360671 2182
9 15 10 18.7698 0.369814 2.10931 0.376212 2124
9 15 11 18.0337 0.501965 2.20479 0.314504 2857
9 15 12 17.9768 0.337061 1.92975 0.404257 2347
9 15 13 17.7742 0.605113 2.23844 0.363562 2392
9 15 14 18.864 0.412336 1.74657 0.708154 3201
9 15 15 18.0101 0.464117 2.01523 0.380124 2591
9 15 16 18.9962 0.34268 2.30505 0.457972 1980
9 15 17 18.9102 0.386695 2.14411 0.543426 2906
9 15 18 19.0945 0.370343 1.9754 0.42965 2669
9 15 19 21.5 -2 0 0 2498
9 15 20 18.6675 0.337387 1.84194 0.577264 3139
9 15 21 21.5 -2 0 0 2310
9 15 22 18.2574 0.480475 1.82644 0.449115 2258
9 15 23 18.1873 0.487835 2.02267 0.580649 3362
9 15 24 18.6675 0.543643 2.06657 0.475407 2879
9 15 25 19.1707 0.36397 2.04962 0.38535 2663
9 15 26 19.1946 0.415936 2.19854 0.468844 3606
9 15 27 17.7425 0.716832 2.04845 0.440598 2706
9 15 28 18.9043 0.591468 1.79481 0.389589 2675
9 15 29 18.9228 0.43941 1.88208 0.308405 3583
9 15 30 21.5 -2 0 0 2972
9 15 31 18.9722 0.399178 1.90603 0.42157 2818
9 15 32 19.2899 0.37211 1.73207 0.499057 2726
9 15 33 18.7534 0.38104 1.80486 0.430297 3302
9 15 34 21.5 -2 0 0 3914
9 15 35 18.2948 0.500951 2.077 0.390257 3079
9 15 36 18.8594 0.440342 1.94765 0.442012 3457
9 15 37 19.016 0.360692 1.96499 0.379859 3792
9 15 38 19.5305 0.469902 2.76231 0.475811 3188
9 15 39 18.8153 0.362312 2.2118 0.439682 4411
9 15 40 19.4915 0.669004 1.91738 0.509778 3573
9 15 41 18.4348 0.393448 1.93262 0.38778 3002
9 15 42 18.1396 0.383792 2.07588 0.52711 3805
9 15 43 19.2719 0.364888 2.07763 0.483508 3887
9 15 44 18.3457 0.475511 2.07169 0.418475 3316
9 15 45 18.1625 0.374741 1.68048 0.429988 3351
9 15 46 18.3057 0.555217 2.54619 0.253006 4375
9 15 47 17.933 0.658667 2.05689 0.527419 3501
9 15 48 18.4832 0.358858 2.04381 0.46841 3691
9 15 49 18.6558 0.437814 2.09892 0.294895 4138
9 15 50 21.5 -2 0 0 3579
9 15 51 18.8724 0.391966 2.60111 0.441757 5034
9 15 52 18.5693 0.358852 2.03173 0.422855 4083
9 15 53 18.2309 0.355396 2.14551 0.566937 3815
9 15 54 18.092 0.423281 1.92851 0.421084 4036
9 15 55 17.947 0.452424 2.54063 0.541869 4580
9 15 56 18.7005 0.341034 2.1513 0.490724 4560
9 15 57 18.163 0.340192 2.38868 0.39247 4814
9 15 58 21.5 -2 0 0 4186
9 15 59 18.0159 0.372373 2.4717 0.444323 4465
9 15 60 21.5 -2 0 0 4089
9 15 61 21.5 -2 0 0 5603
9 15 62 17.4954 0.401771 2.61206 0.357143 4716
9 15 63 18.3525 0.389801 1.94047 0.434806 4370
10 0 0 17.7569 0.598198 1.90593 0.4478 617
10 0 1 18.3189 1.07815 1.77722 0.403327 530
10 0 2 18.5617 0.896329 3.29145 0.399375 504
10 0 3 17.5 -2 0 0 218
10 0 4 17.5915 0.642699 1.58113 0.375675 434
10 0 5 15.6504 0.771193 1.42989 0.530511 449
10 0 6 18.5739 0.592884 2.22554 0.405039 484
10 0 7 18.5643 0.612936 2.25331 0.332433 502
10 0 8 16.2914 0.553397 1.74996 0.359546 526
10 0 9 17.6808 -3 0 0 126
10 0 10 17.6808 -3 0 0 73
10 0 11 17.5 -2 0 0 501
10 0 12 17.219 0.646965 2.40009 0.277748 464
10 0 13 16.2604 0.562032 1.73116 0.427279 386
10 0 14 17.1129 0.524151 1.94391 0.267868 563
10 0 15 17.051 0.626202 2.13659 0.354803 483
10 0 16 17.6808 -3 0 0 170
10 0 17 17.9256 0.596537 2.20378 0.364089 534
10 0 18 17.9809 0.744098 2.66758 0.33132 359
10 0 19 17.6808 -3 0 0 149
10 0 20 17.5 -2 0 0 503
10 0 21 17.0933 0.593118 2.06526 0.358682 439
10 0 22 17.5 -2 0 0 227
10 0 23 17.5 -2 0 0 521
10 0 24 17.1906 0.839044 1.56334 0.373408 510
10 0 25 19.0159 0.65337 1.6956 0.326037 570
10 0 26 17.9749 1.3234 2.21797 0.454566 558
10 0 27 18.0665 0.782308 1.88224 0.351907 445
10 0 28 18.514 0.611791 2.00806 0.35788 517
10 0 29 16.2751 0.674031 2.21312 0.394468 531
10 0 30 18.2933 1.20849 3.96533 0.277371 237
10 0 31 19.0739 0.773673 2.13982 0.336444 525
10 0 32 17.6808 -3 0 0 171
10 0 33 18.6705 0.658209 1.59469 0.38112 508
10 0 34 21.5 -2 0 0 615
10 0 35 21.5 -2 0 0 551
10 0 36 17.5162 0.829256 2.5222 0.371955 231
10 0 37 17.5 -2 0 0 482
10 0 38 21.5 -2 0 0 574
10 0 39 19.0473 0.74093 2.25194 0.453909 654
10 0 40 21.5 -2 0 0 429
10 0 41 18.2575 0.585216 1.68537 0.297911 517
10 0 42 17.7564 0.711883 1.2894 0.481808 563
10 0 43 21.5 -2 0 0 583
10 0 44 21.5 -2 0 0 552
10 0 45 21.5 -2 0 0 545
10 0 46 16.9936 0.777537 2.51615 0.346407 622
10 0 47 18.1757 0.658655 1.91816 0.342259 661
10 0 48 17.3188 0.670962 1.29931 0.354715 529
10 0 49 18.5717 0.517511 1.87871 0.357569 602
10 0 50 18.6341 0.711422 2.3476 0.335957 584
10 0 51 18.483 0.525169 1.83782 0.422921 732
10 0 52 21.5 -2 0 0 643
10 0 53 17.3421 0.755376 1.09089 0.662716 575
10 0 54 17.027 0.62394 1.73579 0.378201 550
10 0 55 16.7695 0.638327 2.33769 0.217505 640
10 0 56 17.784 0.761697 2.00249 0.379751 666
10 0 57 16.6837 0.696696 1.81134 0.286134 673
10 0 58 17.5 -2 0 0 598
10 0 59 21.5 -2 0 0 716
10 0 60 15.8357 0.835074 2.73079 0.279317 602
10 0 61 17.5524 0.99647 3.55266 0.282535 839
10 0 62 17.5 -2 0 0 705
10 0 63 15.448 0.665408 1.92713 0.325806 610
10 1 0 17.7955 0.719387 2.80063 0.323849 739
10 1 1 16.9167 0.585317 2.07236 0.420119 738
10 1 2 18.1953 0.845798 2.80619 0.331909 762
10 1 3 21.5 -2 0 0 763
10 1 4 18.6556 0.567598 2.27891 0.417662 676
10 1 5 16.5512 0.818228 3.35417 0.252764 669
10 1 6 21.5 -2 0 0 884
10 1 7 21.5 -2 0 0 858
10 1 8 21.5 -2 0 0 702
10 1 9 18.7808 0.674239 1.95664 0.49365 867
10 1 10 18.0571 0.59115 1.76788 0.530928 832
10 1 11 17.1233 0.637868 2.25389 0.355835 654
10 1 12 21.5 -2 0 0 738
10 1 13 18.4754 0.849986 2.54243 0.40381 770
10 1 14 17.5 -2 0 0 693
10 1 15 18.9654 0.545373 2.00022 0.405993 695
10 1 16 18.164 0.527874 2.18103 0.411673 1073
10 1 17 17.7984 0.860778 2.44074 0.203097 660
10 1 18 19.167 0.628447 2.53562 0.639146 709
10 1 19 18.8548 0.630036 2.16116 0.388144 882
10 1 20 17.9626 1.33679 5.58912 0.431295 555
10 1 21 18.0261 1.12893 2.95802 0.322784 801
10 1 22 19.5672 0.643724 2.22406 0.345831 814
10 1 23 17.8949 0.666953 1.6424 0.490035 591
10 1 24 19.4103 0.640101 2.06403 0.318331 682
10 1 25 17.0902 0.523788 1.94396 0.390339 733
10 1 26 18.8483 0.587481 2.30471 0.355569 673
10 1 27 20.1558 0.643127 2.20822 0.246201 659
10 1 28 18.4425 0.766765 1.13322 0.657302 684
10 1 29 18.452 0.54541 1.83802 0.397577 595
10 1 30 16.2752 0.730126 1.62847 0.395246 641
10 1 31 17.7659 0.562117 1.66034 0.394934 709
10 1 32 17.9523 0.740433 1.27569 0.529251 620
10 1 33 18.9392 0.759408 2.84157 0.430901 657
10 1 34 18.2721 0.7624 2.96034 0.21476 641
10 1 35 18.3815 0.707616 1.91355 0.450713 730
10 1 36 16.494 0.74539 1.99555 0.322075 587
10 1 37 17.7658 0.562826 2.20059 0.316041 589
10 1 38 17.3791 0.584174 2.33899 0.365482 579
10 1 39 18.2177 0.725604 1.64345 0.432709 568
10 1 40 17.5 -2 0 0 577
10 1 41 18.2652 0.579344 2.19801 0.413419 585
10 1 42 18.5179 0.613238 1.97278 0.343974 555
10 1 43 21.5 -2 0 0 564
10 1 44 17.101 0.548354 2.10254 0.357637 573
10 1 45 17.4491 0.468099 1.69468 0.350813 559
10 1 46 17.5 -2 0 0 597
10 1 47 17.3852 0.547369 1.41205 0.505907 668
10 1 48 15.9115 0.85331 1.68449 0.47849 587
10 1 49 21.5 -2 0 0 576
10 1 50 17.5 -2 0 0 552
10 1 51 21.5 -2 0 0 576
10 1 52 17.2935 0.651507 1.66071 0.532061 554
10 1 53 16.9204 0.770644 1.93146 0.443688 540
10 1 54 16.3978 0.615824 2.25548 0.314857 544
10 1 55 15.8169 0.692859 1.47404 0.473203 461
10 1 56 15.2436 1.13686 2.2029 0.418174 582
10 1 57 17.5 -2 0 0 549
10 1 58 17.3131 0.875077 1.04435 0.526104 565
10 1 59 16.8878 0.537395 1.91018 0.422427 509
10 1 60 16.5719 0.999943 2.31033 0.228986 587
10 1 61 17.5 -2 0 0 498
10 1 62 15.986 0.599012 1.7785 0.273599 567
10 1 63 17.5 -2 0 0 488
10 2 0 17.4147 0.502904 2.0775 0.338558 802
10 2 1 18.9148 0.627664 2.86519 0.336429 783
10 2 2 18.3104 0.802857 2.27931 0.425372 697
10 2 3 17.9459 0.769966 1.80666 0.372965 667
10 2 4 16.9356 0.514645 1.88804 0.382599 651
10 2 5 17.5 -2 0 0 674
10 2 6 18.6217 0.590362 2.18904 0.276701 701
10 2 7 16.154 0.702626 2.20448 0.312448 482
10 2 8 21.5 -2 0 0 677
10 2 9 17.5122 0.669718 2.26406 0.31165 614
10 2 10 21.5 -2 0 0 627
10 2 11 18.1264 0.584377 1.9979 0.312874 670
10 2 12 17.6223 0.518108 1.97234 0.312328 630
10 2 13 16.7446 0.663703 2.15743 0.32578 588
10 2 14 21.5 -2 0 0 796
10 2 15 16.2752 0.538403 1.84356 0.369351 502
10 2 16 17.2928 0.55787 1.90597 0.389948 531
10 2 17 17.665 0.64373 1.66883 0.412255 760
10 2 18 21.5 -2 0 0 682
10 2 19 18.8044 1.0437 2.22021 0.422911 588
10 2 20 17.7566 0.725989 3.20011 0.391021 441
10 2 21 18.8009 0.616925 2.55666 0.27939 656
10 2 22 18.0839 0.557449 2.32693 0.403769 594
10 2 23 17.5 -2 0 0 670
10 2 24 17.4969 0.669609 1.94275 0.37355 708
10 2 25 21.5 -2 0 0 652
10 2 26 18.0272 0.541479 2.20716 0.354933 787
10 2 27 17.8069 0.605147 1.47735 0.403086 651
10 2 28 18.2665 0.690175 1.75081 0.361367 640
10 2 29 18.179 0.659393 1.86436 0.411883 819
10 2 30 17.7947 0.620508 1.76538 0.429049 463
10 2 31 18.7361 0.679841 1.82299 0.483987 647
10 2 32 19.3021 0.5871 2.02264 0.346684 654
10 2 33 19.371 0.565723 1.98636 0.394871 691
10 2 34 18.1177 1.34806 1.79295 0.448186 920
10 2 35 19.0396 0.612128 1.51938 0.434121 706
10 2 36 17.5 -2 0 0 719
10 2 37 18.3731 0.954605 2.98946 0.332534 789
10 2 38 17.446 0.575899 1.76103 0.374047 674
10 2 39 18.4223 0.584217 2.32972 0.349427 900
10 2 40 16.5611 0.665502 1.78899 0.405477 677
10 2 41 18.1651 0.586288 1.7805 0.389369 655
10 2 42 16.1238 0.520072 1.79089 0.418947 625
10 2 43 18.6403 0.59067 2.53733 0.258066 874
10 2 44 19.0883 0.542779 1.84465 0.312955 702
10 2 45 16.6407 0.674121 2.52081 0.28267 630
10 2 46 18.9898 0.546445 1.84042 0.5395 990
10 2 47 16.7566 0.535455 2.10114 0.501388 809
10 2 48 16.4256 0.569888 2.10096 0.297061 671
10 2 49 18.5162 0.638892 1.87202 0.354889 795
10 2 50 17.225 0.538095 1.9949 0.586994 699
10 2 51 17.4143 0.589134 1.92811 0.414578 1153
10 2 52 17.9532 0.671525 1.72943 0.38035 899
10 2 53 16.9821 0.615344 2.02553 0.336333 783
10 2 54 17.5 -2 0 0 728
10 2 55 17.3269 0.848394 2.35283 0.30877 934
10 2 56 16.9032 0.589545 2.61836 0.347584 904
10 2 57 17.7806 0.686304 2.1937 0.420039 1051
10 2 58 18.4463 0.702362 1.57127 0.435674 781
10 2 59 21.5 -2 0 0 1001
10 2 60 16.7877 0.780611 3.24511 0.385961 737
10 2 61 16.4388 0.485951 1.98362 0.367444 1243
10 2 62 17.2733 0.513314 2.23661 0.292965 1095
10 2 63 17.5 -2 0 0 855
10 3 0 0 -10 0 0 0
10 3 1 18.4474 0.579868 2.69715 0.266552 1496
10 3 2 17.0138 0.832577 3.00957 0.209609 1542
10 3 3 18.6781 0.67508 2.61218 0.276877 1780
10 3 4 18.1599 0.734783 2.16993 0.355549 1302
10 3 5 18.912 0.51658 1.97242 0.389155 1440
10 3 6 18.7661 0.572451 2.11509 0.470283 1762
10 3 7 21.5 -2 0 0 2437
10 3 8 18.0735 0.535997 2.08256 0.354415 1289
10 3 9 19.875 0.581441 2.48822 0.255091 2131
10 3 10 25.5 -2 0 0 2416
10 3 11 17.8416 0.516797 1.80317 0.363294 1199
10 3 12 21.5 -2 0 0 1586
10 3 13 21.5 -2 0 0 1711
10 3 14 20.1425 0.523277 2.59767 0.351115 1330
10 3 15 19.2859 0.506059 1.95147 0.294681 1545
10 3 16 0 -10 0 0 0
10 3 17 18.3893 1.47535 2.6306 0.539585 1175
10 3 18 20.1706 0.514554 2.03835 0.403668 1522
10 3 19 21.5 -2 0 0 1964
10 3 20 21.5018 0.928942 3.62668 0.286667 312
10 3 21 20.0142 0.576213 1.85439 0.338705 1967
10 3 22 19.4569 0.597669 2.32128 0.277949 1934
10 3 23 17.8292 0.586193 2.10185 0.439129 1130
10 3 24 18.8108 0.61399 1.93651 0.347663 1287
10 3 25 21.5 -2 0 0 1784
10 3 26 0 -10 0 0 0
10 3 27 16.8893 0.472629 2.16235 0.255427 1247
10 3 28 25.5 -2 0 0 1486
10 3 29 17.7918 0.526028 1.64293 0.384095 1080
10 3 30 18.6903 0.760823 2.28341 0.28654 1340
10 3 31 20.9246 1.04005 2.83683 0.371573 1607
10 3 32 19.6749 0.555597 2.16497 0.423169 1367
10 3 33 19.2073 0.841965 1.87111 0.310884 1250
10 3 34 19.7033 0.575836 2.58046 0.358981 1008
10 3 35 19.2218 0.876044 2.2594 0.309334 1370
10 3 36 18.3878 -3 0 0 19
10 3 37 17.7118 0.513158 2.14218 0.26896 1029
10 3 38 19.5031 0.526555 2.19946 0.406118 1306
10 3 39 17.2284 0.530216 2.59845 0.321608 905
10 3 40 17.2698 0.66239 2.07761 0.294215 1107
10 3 41 18.4076 0.467338 1.98501 0.388502 1238
10 3 42 17.4042 0.476202 1.99307 0.383395 969
10 3 43 18.2317 0.581342 2.08947 0.314789 998
10 3 44 19.5089 0.68326 1.928 0.377335 1098
10 3 45 16.7633 0.47869 2.1931 0.46009 1123
10 3 46 21.5 -2 0 0 986
10 3 47 19.618 0.57883 2.58277 0.464357 1228
10 3 48 15.2178 0.66743 1.49716 0.317142 1206
10 3 49 17.5837 0.587907 1.90116 0.436817 1054
10 3 50 21.5 -2 0 0 1046
10 3 51 18.3259 0.520881 1.68674 0.565151 762
10 3 52 21.5 -2 0 0 859
10 3 53 19.4258 0.500422 2.33461 0.38005 1033
10 3 54 17.2874 0.614013 1.44606 0.578088 1006
10 3 55 18.6288 0.559004 1.69945 0.590252 827
10 3 56 18.5132 0.717692 2.30921 0.36877 873
10 3 57 21.5 -2 0 0 860
10 3 58 21.5 -2 0 0 923
10 3 59 17.1515 0.606256 2.25498 0.434233 856
10 3 60 18.3435 1.00854 2.2895 0.338476 982
10 3 61 16.9831 0.554053 2.18517 0.454348 829
10 3 62 16.7046 0.476599 2.10287 0.397161 813
10 3 63 21.5 -2 0 0 838
10 4 0 19.1645 1.23821 3.1665 0.270268 1186
10 4 1 21.5 -2 0 0 1075
10 4 2 19.018 0.57106 1.92966 0.428794 960
10 4 3 16.7663 0.621343 1.93826 0.479881 659
10 4 4 17.6759 0.580775 2.18267 0.358964 742
10 4 5 17.5 -2 0 0 820
10 4 6 21.5 -2 0 0 754
10 4 7 21.5 -2 0 0 737
10 4 8 17.5991 0.50528 1.91376 0.442088 833
10 4 9 18.4522 0.55206 2.13561 0.37028 805
10 4 10 25.5 -2 0 0 777
10 4 11 18.2664 0.732394 1.65228 0.416692 1001
10 4 12 18.7406 0.538979 2.05377 0.264666 827
10 4 13 17.9276 0.52189 2.11505 0.373065 580
10 4 14 18.8978 0.975989 2.1664 0.343096 1079
10 4 15 18.5577 1.03665 2.02891 0.462869 710
10 4 16 18.2855 0.525126 2.12798 0.408249 750
10 4 17 18.5547 0.530263 2.2869 0.334714 875
10 4 18 17.6929 0.466184 1.94746 0.413856 680
10 4 19 18.3077 0.742091 1.96571 0.448174 763
10 4 20 18.897 0.513662 1.7835 0.481641 596
10 4 21 19.1243 0.547431 1.86835 0.386563 876
10 4 22 17.0981 0.571094 1.69493 0.546511 613
10 4 23 18.4324 0.642931 1.84699 0.353555 1017
10 4 24 18.8475 0.646048 2.13357 0.25361 1112
10 4 25 17.4537 0.473132 1.75171 0.332169 688
10 4 26 18.598 0.930439 2.41863 0.36141 1377
10 4 27 19.3892 0.442672 1.89481 0.362266 751
10 4 28 18.5371 0.556539 2.15618 0.338172 734
10 4 29 18.8289 0.536031 1.93808 0.462327 1060
10 4 30 20.0161 1.02279 3.80053 0.385195 827
10 4 31 18.3598 0.467488 1.91189 0.500062 754
10 4 32 17.9423 0.697607 1.37143 0.52514 697
10 4 33 18.2088 0.780895 2.96895 0.376022 737
10 4 34 17.4385 0.726845 3.35133 0.269341 1440
10 4 35 18.4074 0.478436 1.50226 0.683207 718
10 4 36 19.4675 0.589897 2.35958 0.32892 830
10 4 37 18.3945 0.661478 2.16789 0.544592 971
10 4 38 17.6392 0.781366 2.90194 0.349568 688
10 4 39 18.3112 0.79293 2.04016 0.362071 969
10 4 40 18.6479 0.548805 1.60864 0.395302 918
10 4 41 19.2999 0.549373 2.11269 0.40446 816
10 4 42 21.5 -2 0 0 858
10 4 43 17.625 0.609901 2.49505 0.307643 997
10 4 44 18.1561 1.57239 3.26629 0.240655 792
10 4 45 18.0461 0.801509 2.38452 0.350679 675
10 4 46 19.1651 0.700547 2.16655 0.296556 1532
10 4 47 17.1707 0.727154 2.72145 0.363374 724
10 4 48 21.5 -2 0 0 783
10 4 49 18.3609 0.563805 1.94429 0.330456 1154
10 4 50 18.8286 0.601225 2.07489 0.377052 833
10 4 51 17.6395 0.64632 2.10639 0.457307 1209
10 4 52 21.5 -2 0 0 1153
10 4 53 15.9228 0.642907 1.82872 0.535682 706
10 4 54 18.5347 0.59513 2.6287 0.363859 833
10 4 55 17.5607 0.557546 2.13644 0.253549 1128
10 4 56 18.0377 0.537447 2.40534 0.257146 973
10 4 57 17.9929 0.507949 1.85237 0.552504 1167
10 4 58 17.781 0.589346 1.79774 0.432736 975
10 4 59 18.2156 0.642586 2.56612 0.437855 1438
10 4 60 16.0216 0.494847 1.86445 0.436425 715
10 4 61 21.5 -2 0 0 1374
10 4 62 16.4342 0.547484 2.5019 0.279402 1460
10 4 63 17.2701 0.593606 2.53688 0.351475 1030
10 5 0 17.3822 0.533546 2.75572 0.372918 1534
10 5 1 21.5 -2 0 0 1747
10 5 2 18.8595 0.495444 2.42999 0.389328 2079
10 5 3 18.3321 0.532253 2.28348 0.285166 2739
10 5 4 17.6155 0.472031 1.94437 0.434366 1991
10 5 5 18.9482 0.41049 1.94941 0.368374 2160
10 5 6 19.838 0.535436 3.23494 0.455624 2318
10 5 7 17.4766 0.498848 2.11575 0.334792 3653
10 5 8 18.2046 0.507804 2.0615 0.348238 1936
10 5 9 21.5 -2 0 0 2676
10 5 10 17.886 0.685691 2.17529 0.348638 3266
10 5 11 18.5636 0.534576 1.8934 0.32199 1920
10 5 12 18.235 0.582534 2.48992 0.377169 2466
10 5 13 21.5 -2 0 0 2727
10 5 14 18.5594 0.675127 2.45754 0.398302 1585
10 5 15 18.4623 0.42634 2.04729 0.321476 2613
10 5 16 19.2155 0.488639 2.53079 0.350638 3946
10 5 17 18.8971 0.411177 1.67775 0.549984 1698
10 5 18 18.6447 0.484917 2.0219 0.432389 2373
10 5 19 18.7192 0.773175 2.45863 0.527596 3694
10 5 20 18.0661 0.417417 2.07525 0.39144 2053
10 5 21 25.5 -2 0 0 2590
10 5 22 19.4018 0.436046 2.29821 0.448526 3127
10 5 23 21.5 -2 0 0 1813
10 5 24 18.7425 0.427736 2.22802 0.404559 1751
10 5 25 18.9586 0.452101 2.23389 0.415166 3604
10 5 26 18.4637 0.526468 2.15013 0.45741 1571
10 5 27 19.0269 0.592215 1.8965 0.397757 2569
10 5 28 17.9382 0.391538 1.90963 0.340139 2623
10 5 29 18.8669 0.386885 2.20982 0.523628 1657
10 5 30 18.7163 0.382471 1.98988 0.467164 2379
10 5 31 21.5 -2 0 0 3085
10 5 32 18.6767 0.619562 2.42338 0.296022 2785
10 5 33 21.5 -2 0 0 2288
10 5 34 18.9736 0.564881 2.15046 0.466414 1587
10 5 35 17.9817 0.571928 2.15472 0.4348 2913
10 5 36 21.5 -2 0 0 2056
10 5 37 17.9851 0.58493 2.33225 0.373136 1727
10 5 38 17.4143 1.06291 2.47247 0.408588 2888
10 5 39 25.5 -2 0 0 2015
10 5 40 19.1106 0.605528 2.6969 0.388243 2167
10 5 41 17.9366 0.506593 2.08714 0.308213 2510
10 5 42 21.5 -2 0 0 1653
10 5 43 18.3867 0.390106 1.9668 0.39207 1494
10 5 44 18.3192 0.579343 1.96161 0.424254 2413
10 5 45 17.417 0.455414 1.66289 0.512554 2175
10 5 46 17.3052 0.501118 2.22801 0.432145 1357
10 5 47 18.8682 0.452361 2.57877 0.355069 3036
10 5 48 18.5194 0.378105 2.33734 0.362838 2120
10 5 49 18.0362 0.584537 2.89247 0.588215 1573
10 5 50 17.511 0.457681 2.26503 0.30379 2057
10 5 51 18.8322 0.457796 2.44566 0.498576 1465
10 5 52 17.1177 0.435532 1.78228 0.341841 1467
10 5 53 17.7453 0.59287 2.66569 0.271883 2502
10 5 54 15.3194 0.636967 2.38507 0.487877 1873
10 5 55 17.0386 0.447065 2.06198 0.44405 1378
10 5 56 18.3745 0.445546 2.61653 0.439504 1865
10 5 57 18.1793 0.462147 2.52249 0.36304 1759
10 5 58 21.5 -2 0 0 1620
10 5 59 17.9338 0.849414 2.79388 0.410686 1515
10 5 60 21.5 -2 0 0 2185
10 5 61 18.3614 0.463359 2.75265 0.348535 1508
10 5 62 17.2639 0.542382 2.33619 0.526075 1286
10 5 63 17.4069 0.424142 1.82375 0.46853 1482
10 6 0 19.4995 0.654044 1.92626 0.470691 1631
10 6 1 19.3588 0.692738 2.90251 0.430352 1287
10 6 2 18.7126 0.699346 2.4742 0.379263 1160
10 6 3 16.5484 0.823851 1.72846 0.633483 811
10 6 4 18.712 0.678526 1.62142 0.354177 900
10 6 5 18.9988 0.584837 1.71823 0.33764 921
10 6 6 18.3389 0.558051 2.50898 0.385063 966
10 6 7 21.5 -2 0 0 786
10 6 8 19.1185 0.783594 2.03436 0.485317 1064
10 6 9 17.4234 0.70528 2.92951 0.298224 882
10 6 10 19.889 0.587988 2.3792 0.36694 809
10 6 11 17.2044 0.574334 2.09384 0.296267 977
10 6 12 16.8774 0.563864 2.12112 0.35751 878
10 6 13 18.4761 0.589933 1.72729 0.46055 750
10 6 14 18.4247 0.54785 2.2752 0.364678 1399
10 6 15 16.9933 0.492851 1.81268 0.431407 823
10 6 16 16.9319 0.58096 2.09292 0.405164 821
10 6 17 19.1651 0.577314 1.95313 0.368223 1153
10 6 18 17.2081 0.524507 1.96735 0.418744 818
10 6 19 17.233 0.610895 2.3589 0.373626 753
10 6 20 19.0347 0.537429 1.93641 0.404199 848
10 6 21 18.6473 0.996663 2.93109 0.344025 941
10 6 22 21.5 -2 0 0 764
10 6 23 18.8291 0.985536 2.30526 0.269161 893
10 6 24 18.1238 0.491943 2.18972 0.3735 1202
10 6 25 18.4896 0.504796 2.11815 0.328461 776
10 6 26 18.9436 0.666928 2.65202 0.2488 1388
10 6 27 18.1527 0.790427 1.5557 0.458925 786
10 6 28 18.7124 0.637634 1.46763 0.560385 745
10 6 29 17.9716 0.532179 2.03339 0.330891 1044
10 6 30 21.5 -2 0 0 815
10 6 31 17.03 0.553488 2.00765 0.316575 669
10 6 32 18.6906 0.711712 1.52975 0.407808 716
10 6 33 17.3786 0.718046 1.94964 0.296794 765
10 6 34 18.8687 0.575424 2.27799 0.401664 1261
10 6 35 21.5 -2 0 0 656
10 6 36 18.5828 0.727016 2.40245 0.25454 823
10 6 37 19.6999 0.564162 2.17521 0.321254 868
10 6 38 16.8548 0.61423 1.99593 0.322593 645
10 6 39 21.5 -2 0 0 762
10 6 40 17.0772 0.925499 2.31864 0.232453 836
10 6 41 19.1951 0.566864 1.71482 0.431439 719
10 6 42 18.0765 0.545592 1.78798 0.330979 820
10 6 43 18.3535 0.698226 1.59918 0.525729 966
10 6 44 18.5745 0.714129 1.56015 0.460594 628
10 6 45 18.197 0.450625 1.81498 0.553458 702
10 6 46 18.105 0.543985 1.9586 0.367419 1200
10 6 47 17.6131 0.59941 1.62577 0.382617 630
10 6 48 18.8818 0.481012 1.88725 0.351813 782
10 6 49 17.9147 0.791687 2.29984 0.315716 874
10 6 50 18.0318 0.760069 1.87388 0.321429 686
10 6 51 18.5892 0.563399 2.25852 0.348684 930
10 6 52 21.5 -2 0 0 914
10 6 53 16.458 0.495259 1.97811 0.476875 634
10 6 54 18.4588 0.563251 1.73741 0.415207 704
10 6 55 17.1358 0.431788 1.91011 0.404459 915
10 6 56 21.5 -2 0 0 803
10 6 57 17.5071 0.54696 2.07832 0.420409 827
10 6 58 17.755 0.491394 2.03961 0.349456 734
10 6 59 15.7604 0.657544 1.88732 0.384879 1029
10 6 60 17.3249 0.773885 2.31974 0.275916 701
10 6 61 18.0095 0.582069 2.34629 0.412789 1032
10 6 62 17.8299 0.593896 2.16814 0.301645 1018
10 6 63 17.7366 0.550447 1.76789 0.443463 833
10 7 0 16.3694 0.543412 1.98805 0.285217 1064
10 7 1 17.4006 0.504496 2.53636 0.405039 1171
10 7 2 21.5 -2 0 0 1257
10 7 3 16.0238 0.552883 2.01918 0.348895 1727
10 7 4 17.677 0.440243 1.68175 0.585848 1521
10 7 5 18.0766 0.470394 1.83109 0.260565 1400
10 7 6 21.5 -2 0 0 1369
10 7 7 16.0499 0.532923 2.26575 0.324698 2319
10 7 8 18.297 0.432711 1.79616 0.489584 1300
10 7 9 21.5 -2 0 0 1578
10 7 10 16.4824 0.437414 1.96996 0.386975 1784
10 7 11 16.8016 0.478681 1.72409 0.476414 1330
10 7 12 21.5 -2 0 0 1502
10 7 13 21.5 -2 0 0 2107
10 7 14 17.4547 0.434039 2.47334 0.503085 1162
10 7 15 21.5 -2 0 0 1904
10 7 16 21.5 -2 0 0 2182
10 7 17 17.9743 0.702145 1.95698 0.336447 1195
10 7 18 21.5 -2 0 0 1741
10 7 19 18.211 0.574227 2.16639 0.466692 2680
10 7 20 17.5328 0.528716 2.1521 0.304112 1725
10 7 21 21.5 -2 0 0 1534
10 7 22 18.0197 0.676674 1.87029 0.36882 1917
10 7 23 17.1601 0.425795 1.91213 0.340857 1523
10 7 24 18.2591 0.458091 1.99279 0.358388 1145
10 7 25 19.1829 0.532246 2.47425 0.339045 2868
10 7 26 18.5484 0.624796 2.68787 0.440729 1275
10 7 27 18.0159 0.599923 2.15012 0.333357 2162
10 7 28 17.3295 0.423333 2.18804 0.333694 2388
10 7 29 17.0746 0.454909 1.99917 0.37741 1335
10 7 30 17.6808 0.442713 1.78328 0.452248 1860
10 7 31 17.5 -2 0 0 3112
10 7 32 21.5 -2 0 0 2493
10 7 33 16.7639 0.402145 1.84187 0.420558 2156
10 7 34 18.1458 0.484676 1.91439 0.516332 1310
10 7 35 18.8476 0.484762 2.34952 0.377359 3351
10 7 36 18.5346 0.485881 1.75746 0.390409 2086
10 7 37 16.3854 0.57751 2.03157 0.376386 1667
10 7 38 17.9814 0.683623 2.21145 0.363623 3666
10 7 39 21.5 -2 0 0 2576
10 7 40 17.968 0.654256 2.13414 0.433349 1789
10 7 41 16.9537 0.382852 1.78067 0.458145 2716
10 7 42 16.3216 0.6693 1.82711 0.431435 1914
10 7 43 18.1063 0.422058 1.9882 0.357794 1461
10 7 44 17.1133 0.404489 1.9159 0.400543 2824
10 7 45 18.0281 0.549322 1.93149 0.324256 2364
10 7 46 16.8294 0.486982 2.09046 0.38436 1346
10 7 47 18.0011 0.492363 2.6433 0.312318 3971
10 7 48 21.5 -2 0 0 2082
10 7 49 17.4959 0.429004 1.66255 0.328352 1740
10 7 50 17.9358 0.412087 2.30564 0.352285 2562
10 7 51 17.196 0.446638 1.92497 0.710294 1847
10 7 52 16.5802 0.426489 1.94165 0.404746 1550
10 7 53 16.9177 0.437863 1.96298 0.358414 3244
10 7 54 17.5579 0.456326 2.04507 0.393108 2349
10 7 55 17.8399 0.487201 1.67884 0.50945 1646
10 7 56 16.1276 0.644658 2.12596 0.428705 2218
10 7 57 21.5 -2 0 0 2128
10 7 58 14.6322 1.37269 2.41746 0.386641 2033
10 7 59 17.2252 0.4372 1.93695 0.454635 1551
10 7 60 17.5072 0.537466 2.08406 0.362222 2893
10 7 61 17.2706 0.571927 2.17423 0.367617 1683
10 7 62 17.5 -2 0 0 1547
10 7 63 15.9568 0.74781 2.1774 0.315971 1938
10 8 0 18.1405 0.649182 2.39224 0.407216 879
10 8 1 17.7176 0.754532 2.61124 0.245794 797
10 8 2 16.6948 0.485164 1.77759 0.345753 728
10 8 3 21.5 -2 0 0 672
10 8 4 21.5 -2 0 0 704
10 8 5 15.9284 0.525077 1.402 0.44852 727
10 8 6 18.19 0.669004 1.9182 0.431213 739
10 8 7 16.0154 0.446994 1.61614 0.439351 677
10 8 8 16.2419 0.535247 1.80697 0.402307 714
10 8 9 18.6667 0.59027 2.13488 0.306644 752
10 8 10 18.2174 0.856639 1.73277 0.558225 715
10 8 11 16.4099 0.510287 1.76114 0.274883 710
10 8 12 18.4523 0.691654 2.01561 0.320827 699
10 8 13 16.943 0.928245 2.04804 0.357144 693
10 8 14 0 -10 0 0 0
10 8 15 16.5887 0.579921 1.50324 0.369341 742
10 8 16 19.2338 0.697454 2.50813 0.345661 752
10 8 17 17.5 -2 0 0 764
10 8 18 21.5 -2 0 0 669
10 8 19 16.8474 0.550827 1.65759 0.413587 742
10 8 20 16.4019 0.849986 1.57172 0.331379 777
10 8 21 17.5316 1.39514 4.46882 0.548873 668
10 8 22 17.5 -2 0 0 637
10 8 23 21.5 -2 0 0 771
10 8 24 16.0912 0.790854 1.65384 0.42241 797
10 8 25 16.332 0.586644 2.09022 0.308405 801
10 8 26 16.8934 0.879001 2.04027 0.540165 873
10 8 27 16.9062 0.699513 1.95378 0.294584 733
10 8 28 16.9235 0.707531 1.94756 0.323161 831
10 8 29 19.0496 0.593803 1.94133 0.357831 853
10 8 30 16.7599 0.579865 1.72493 0.344191 741
10 8 31 16.2466 0.571393 1.83061 0.33325 820
10 8 32 18.0827 0.613456 1.64734 0.398544 826
10 8 33 17.4002 0.604072 2.40719 0.368413 790
10 8 34 17.628 0.511024 1.71946 0.415784 855
10 8 35 19.1561 0.648544 2.1236 0.374859 879
10 8 36 16.7182 0.80903 1.63336 0.517579 826
10 8 37 16.0786 0.578339 2.06271 0.294293 851
10 8 38 18.8584 0.532789 2.27199 0.337372 1007
10 8 39 18.98 0.683649 2.35101 0.373065 1155
10 8 40 21.5 -2 0 0 819
10 8 41 21.5 -2 0 0 833
10 8 42 16.462 0.497025 1.78435 0.367104 950
10 8 43 18.6856 1.16128 3.84405 0.448535 856
10 8 44 19.067 0.610714 1.93297 0.399814 931
10 8 45 18.1154 0.598187 1.65886 0.319475 827
10 8 46 21.5 -2 0 0 909
10 8 47 16.648 0.796281 2.39293 0.294945 1198
10 8 48 16.3514 0.604141 1.66597 0.435343 933
10 8 49 16.5002 0.823707 3.04139 0.347022 890
10 8 50 16.2496 0.517417 1.96055 0.261284 939
10 8 51 17.2276 0.578937 2.16164 0.347225 1276
10 8 52 16.9962 0.508293 1.66295 0.434938 968
10 8 53 16.3395 0.531225 2.4452 0.299598 1100
10 8 54 15.9988 0.544661 1.86562 0.335066 939
10 8 55 17.2035 0.816667 2.35135 0.232928 1098
10 8 56 16.9412 0.577364 2.0148 0.266669 1198
10 8 57 15.6731 0.696059 2.39214 0.286448 1191
10 8 58 15.7133 0.466733 1.84632 0.346825 957
10 8 59 15.7462 0.595633 2.03901 0.370882 1023
10 8 60 17.7235 0.707569 2.50845 0.296468 1156
10 8 61 0 -10 0 0 0
10 8 62 15.8704 0.66291 2.09914 0.403221 1233
10 8 63 17.5 -2 0 0 968
10 9 0 20.4918 1.31419 3.40893 0.274668 967
10 9 1 16.9186 0.65931 2.43899 0.331539 1018
10 9 2 18.8618 0.628556 2.39266 0.310207 944
10 9 3 21.6579 1.32627 3.9652 0.429641 514
10 9 4 18.9824 0.751702 2.76736 0.312561 462
10 9 5 19.8842 0.6966 2.39123 0.302244 599
10 9 6 18.6318 0.825588 2.63037 0.270016 873
10 9 7 21.5 -2 0 0 525
10 9 8 18.602 0.567769 2.04296 0.389576 830
10 9 9 19.9717 0.835861 2.5092 0.411213 593
10 9 10 19.3322 0.657369 2.22089 0.455893 661
10 9 11 17.9712 0.806396 1.86368 0.374398 944
10 9 12 19.937 0.61325 2.13316 0.264095 891
10 9 13 20.6925 0.984068 3.7497 0.348503 283
10 9 14 19.5277 0.702145 2.29354 0.312023 814
10 9 15 20.5115 0.947647 2.88772 0.300012 441
10 9 16 20.029 0.915447 3.28264 0.340459 626
10 9 17 18.5368 1.15069 3.36691 0.356412 763
10 9 18 20.5508 0.933365 3.4138 0.242732 516
10 9 19 20.7239 1.09556 4.18119 0.348593 495
10 9 20 20.9677 1.12036 3.30748 0.373064 358
10 9 21 18.6991 0.667267 2.06269 0.392326 1111
10 9 22 20.2182 0.719633 2.40082 0.257625 931
10 9 23 20.3344 0.637411 2.33926 0.3733 510
10 9 24 19.2451 0.905237 2.42442 0.36762 811
10 9 25 20.2477 0.821152 2.69802 0.350578 416
10 9 26 19.0316 0.695179 2.70836 0.268731 778
10 9 27 21.5 -2 0 0 272
10 9 28 21.5 -2 0 0 206
10 9 29 18.5476 0.626325 1.79271 0.417667 560
10 9 30 22.4355 1.25585 4.33573 0.457436 225
10 9 31 23.7058 2.0857 7.02644 0.405754 211
10 9 32 21.5253 0.898118 3.06664 0.378207 243
10 9 33 19.6269 0.807622 2.84813 0.39712 429
10 9 34 18.3626 0.634188 1.7664 0.476864 905
10 9 35 17.5 -2 0 0 206
10 9 36 25.5 -2 0 0 305
10 9 37 20.1085 0.951911 3.73258 0.245425 308
10 9 38 18.6134 0.853432 2.79708 0.286902 483
10 9 39 17.5 -2 0 0 457
10 9 40 21.3934 0.924745 3.34323 0.314559 331
10 9 41 21.5 -2 0 0 360
10 9 42 19.4583 -3 0 0 178
10 9 43 19.0084 0.685763 2.96335 0.348736 509
10 9 44 19.4583 -3 0 0 107
10 9 45 18.1853 0.568738 2.25571 0.375 518
10 9 46 19.6787 1.07607 4.30303 0.35224 642
10 9 47 21.261 1.09901 3.87223 0.358588 378
10 9 48 18.9529 0.873106 2.91486 0.411095 383
10 9 49 18.5507 0.686628 2.14357 0.39047 608
10 9 50 19.4583 -3 0 0 122
10 9 51 18.9426 1.00668 4.22001 0.317891 443
10 9 52 19.6857 1.34488 5.67982 0.405136 523
10 9 53 19.4583 -3 0 0 184
10 9 54 21.6847 1.13139 4.22363 0.37877 376
10 9 55 21.5 -2 0 0 452
10 9 56 16.1325 0.899874 3.25832 0.474664 722
10 9 57 17.5 -2 0 0 429
10 9 58 18.4524 0.916028 2.56147 0.424424 496
10 9 59 18.4921 1.15835 2.82467 0.328893 550
10 9 60 18.4855 0.608127 2.33192 0.370046 741
10 9 61 17.04 0.648028 2.19579 0.361979 638
10 9 62 17.2636 0.543256 2.01955 0.376854 733
10 9 63 19.0586 1.16696 3.81804 0.290382 258
10 10 0 16.9157 0.443872 2.28982 0.328613 1514
10 10 1 17.3155 0.408155 2.1431 0.285952 1398
10 10 2 17.042 0.437684 2.05227 0.272393 1362
10 10 3 16.9935 0.457768 1.72804 0.446626 1346
10 10 4 16.7119 0.444616 1.72977 0.394646 1571
10 10 5 17.6852 0.340883 1.79106 0.401369 1508
10 10 6 18.4416 0.518256 2.08785 0.645625 1350
10 10 7 16.6356 0.509529 2.20319 0.370635 1373
10 10 8 21.5 -2 0 0 1407
10 10 9 17.8353 0.507539 2.68384 0.244823 1278
10 10 10 17.0683 0.465357 2.28307 0.362678 1184
10 10 11 17.4185 0.505416 1.85538 0.361192 1669
10 10 12 15.73 0.722148 2.36085 0.317567 1425
10 10 13 18.3804 0.474156 2.15321 0.481802 1418
10 10 14 18.4392 0.438672 2.34033 0.453316 1682
10 10 15 18.0998 0.556119 2.04354 0.416104 1496
10 10 16 18.2162 0.479253 2.23339 0.454322 1281
10 10 17 17.3311 0.557521 1.8434 0.335567 1686
10 10 18 17.4387 0.400586 1.54418 0.498962 1494
10 10 19 18.9551 0.451397 2.01392 0.378367 1543
10 10 20 16.7046 0.49206 1.55289 0.539636 1636
10 10 21 21.5 -2 0 0 1247
10 10 22 16.779 0.731585 1.33622 0.836994 1288
10 10 23 16.5074 0.557999 2.00177 0.305695 1846
10 10 24 18.729 0.535299 1.74074 0.501685 1409
10 10 25 21.5 -2 0 0 1676
10 10 26 18.3689 0.601064 2.16753 0.461701 1808
10 10 27 16.2259 0.635461 1.78357 0.256827 1645
10 10 28 18.3483 0.672086 1.85031 0.367741 1649
10 10 29 16.784 0.392408 1.94307 0.478895 1792
10 10 30 15.7628 0.519941 1.81246 0.351291 1507
10 10 31 18.8463 0.482726 2.22924 0.32818 1850
10 10 32 16.7711 0.457542 2.29302 0.445299 1760
10 10 33 16.2578 0.684803 1.89786 0.371225 1807
10 10 34 17.6235 0.461194 2.03425 0.418842 2053
10 10 35 15.9835 0.485592 2.07248 0.277156 2121
10 10 36 15.4339 0.379494 2.06239 0.434632 1574
10 10 37 21.5 -2 0 0 1928
10 10 38 17.1452 0.457442 2.24631 0.30954 2565
10 10 39 17.782 0.464189 2.34252 0.300076 3349
10 10 40 14.8931 0.632201 2.52004 0.229445 1456
10 10 41 21.5 -2 0 0 2080
10 10 42 15.5338 0.583467 1.98227 0.26003 2209
10 10 43 18.5777 0.478525 2.37028 0.284119 2167
10 10 44 16.9045 0.419853 2.05564 0.351059 2367
10 10 45 25.5 -2 0 0 2085
10 10 46 18.1599 0.522136 1.89338 0.56327 2356
10 10 47 0 -10 0 0 0
10 10 48 14.4685 0.626821 2.18614 0.377332 2226
10 10 49 15.9 0.533957 1.71712 0.342216 2318
10 10 50 21.5 -2 0 0 2449
10 10 51 16.6637 0.513786 2.31051 0.310611 3728
10 10 52 16.5144 0.490415 2.15701 0.328078 2454
10 10 53 16.694 0.502933 2.47143 0.349293 3136
10 10 54 16.3818 0.490779 2.01103 0.381344 2486
10 10 55 15.946 0.866578 2.40644 0.255164 2869
10 10 56 17.3787 0.662422 2.42142 0.33337 3452
10 10 57 16.8602 0.453578 2.28628 0.305779 3382
10 10 58 21.5 -2 0 0 2682
10 10 59 15.8813 0.503573 2.32261 0.312562 2672
10 10 60 16.2653 0.885218 2.26777 0.357324 3067
10 10 61 16.1447 0.63634 2.70194 0.363255 3911
10 10 62 16.6241 0.500755 1.89516 0.425214 3175
10 10 63 15.5951 0.456804 1.84393 0.384331 2676
10 11 0 21.5 -2 0 0 3749
10 11 1 15.8042 0.464466 2.21339 0.444632 2803
10 11 2 16.8015 0.395207 2.12565 0.276238 3261
10 11 3 21.5 -2 0 0 2358
10 11 4 16.4961 0.507556 1.84771 0.313214 1969
10 11 5 16.5986 0.465526 1.85717 0.353873 2438
10 11 6 18.4527 0.586375 2.09367 0.41389 3303
10 11 7 18.2107 0.595874 2.13692 0.426307 2259
10 11 8 16.4284 0.624166 1.96203 0.271117 2582
10 11 9 16.0909 0.653866 2.39093 0.241887 2339
10 11 10 15.3926 0.460848 2.15463 0.395194 2075
10 11 11 15.7213 0.670436 2.52005 0.432699 2307
10 11 12 18.1535 0.598706 1.89156 0.436743 2611
10 11 13 17.7972 0.493124 1.70629 0.459315 2010
10 11 14 17.6485 0.587177 2.3006 0.319438 3020
10 11 15 18.0185 0.556395 2.06849 0.332175 2184
10 11 16 18.4617 0.474609 2.26894 0.38077 2835
10 11 17 17.0982 0.381541 2.16686 0.280928 2485
10 11 18 18.6644 0.532401 2.33315 0.346144 2234
10 11 19 18.0581 0.589598 2.04725 0.412491 1890
10 11 20 17.2221 0.404595 2.12058 0.30688 1893
10 11 21 16.024 0.689207 2.30191 0.310244 2171
10 11 22 21.5 -2 0 0 2037
10 11 23 17.1775 0.593455 1.75518 0.495109 1872
10 11 24 16.7186 0.530422 2.00031 0.32748 2610
10 11 25 16.3239 0.771125 1.87839 0.405603 1606
10 11 26 19.2272 0.445079 2.48528 0.433365 2715
10 11 27 18.157 0.481888 2.2266 0.354886 1805
10 11 28 19.4739 0.489872 1.6105 0.509215 1734
10 11 29 18.5062 0.525705 2.32883 0.351625 2170
10 11 30 17.147 0.465411 2.08641 0.409326 1705
10 11 31 18.3825 0.484287 2.00775 0.449848 1591
10 11 32 18.9343 0.538034 1.38497 0.59578 1517
10 11 33 17.0657 0.655944 1.95204 0.37463 1278
10 11 34 18.3692 0.509593 2.84438 0.270842 2343
10 11 35 17.8384 0.44626 2.23996 0.364185 1338
10 11 36 21.5 -2 0 0 1376
10 11 37 18.4209 1.05185 3.16322 0.482574 1280
10 11 38 16.4725 0.496413 2.11989 0.29267 1233
10 11 39 21.5 -2 0 0 1156
10 11 40 17.6934 0.432262 2.09221 0.368628 1523
10 11 41 18.0834 0.455507 1.93817 0.380389 1424
10 11 42 17.3683 0.56127 2.3446 0.263172 1512
10 11 43 17.6057 0.526937 2.18178 0.334965 1799
10 11 44 18.2757 0.45131 2.13993 0.432997 1235
10 11 45 17.0505 0.417413 1.91007 0.305203 1260
10 11 46 17.642 0.425281 1.88913 0.41663 1997
10 11 47 15.9913 0.518233 2.63466 0.378706 1042
10 11 48 17.4065 0.489505 1.42941 0.850855 1464
10 11 49 17.1917 0.433523 1.58486 0.460302 1585
10 11 50 16.0425 0.749102 1.67915 0.449181 1320
10 11 51 17.1538 0.490347 1.74706 0.521234 1274
10 11 52 21.5 -2 0 0 1683
10 11 53 16.5839 0.503015 2.00858 0.448088 1123
10 11 54 15.6962 0.45292 2.41944 0.426731 1190
10 11 55 16.1343 0.570288 1.47992 0.582253 1455
10 11 56 17.2771 0.433991 1.92123 0.393119 1206
10 11 57 15.8879 0.535598 2.37289 0.37646 1218
10 11 58 15.8302 0.735954 1.54695 0.478339 1312
10 11 59 21.5 -2 0 0 1805
10 11 60 15.7462 0.753682 2.44722 0.388104 1192
10 11 61 15.9378 0.595178 2.27186 0.319028 1390
10 11 62 17.2058 0.501603 2.2006 0.477026 1686
10 11 63 16.5012 0.432125 1.90723 0.5232 1324
10 12 0 18.9932 0.562437 2.74699 0.556934 4446
10 12 1 17.1694 0.505368 2.80824 0.462744 3733
10 12 2 19.5073 0.409109 2.29765 0.521063 3849
10 12 3 17.6773 0.548968 2.30706 0.382683 3324
10 12 4 21.5 -2 0 0 3783
10 12 5 17.9562 0.529364 2.11638 0.429385 3762
10 12 6 19.5351 0.390893 2.51273 0.389874 3766
10 12 7 18.1056 0.334001 2.33984 0.469924 2959
10 12 8 17.2569 0.497165 2.33596 0.557992 3721
10 12 9 19.5021 0.35592 2.20321 0.565388 3349
10 12 10 18.582 0.32836 2.23614 0.432468 3080
10 12 11 18.1854 0.334139 2.17111 0.356709 3803
10 12 12 17.4472 0.521279 2.54419 0.32582 3375
10 12 13 17.7612 0.395403 2.22379 0.32118 3197
10 12 14 18.6557 0.382865 2.31076 0.494122 4142
10 12 15 21.5 -2 0 0 3463
10 12 16 19.8441 0.417041 2.99579 0.460836 3239
10 12 17 18.2231 0.525091 1.91905 0.366841 4102
10 12 18 17.9322 0.410965 2.1633 0.453496 3635
10 12 19 18.611 0.379853 3.20546 0.442259 3540
10 12 20 19.5688 0.323748 2.15336 0.476079 4324
10 12 21 19.4159 0.437789 2.66658 0.51127 3453
10 12 22 18.4132 0.458561 1.89922 0.490696 2989
10 12 23 18.104 0.359087 2.13782 0.352209 4154
10 12 24 18.6432 0.355606 2.31012 0.352217 3990
10 12 25 19.539 0.483411 2.30176 0.428956 3639
10 12 26 19.742 0.344428 2.45524 0.395352 4679
10 12 27 17.9735 0.370155 2.20222 0.538366 3662
10 12 28 19.97 0.33343 2.18907 0.514275 3567
10 12 29 25.5 -2 0 0 4390
10 12 30 19.2721 0.595494 2.57806 0.383151 4113
10 12 31 18.716 0.535607 2.61663 0.466366 3701
10 12 32 19.5642 0.403849 2.19259 0.474778 3793
10 12 33 20.3485 0.354076 2.14678 0.45757 4101
10 12 34 19.139 0.35727 2.28434 0.446684 4735
10 12 35 19.6731 0.383747 2.26588 0.453347 4061
10 12 36 18.4131 0.398795 2.32965 0.455406 4034
10 12 37 19.5934 0.366145 2.32296 0.429011 4676
10 12 38 18.1621 0.668497 3.01085 0.49365 4242
10 12 39 19.0706 0.387098 2.23649 0.434059 4771
10 12 40 18.7111 0.384012 2.04201 0.513771 4353
10 12 41 19.8968 0.344243 2.14348 0.492049 3990
10 12 42 18.9213 0.379127 1.83461 0.693585 4390
10 12 43 18.9832 0.533657 2.63689 0.451091 4859
10 12 44 18.7079 0.454565 2.1945 0.438689 3997
10 12 45 18.5485 0.371249 1.79371 0.533337 4116
10 12 46 19.7619 0.415018 2.33913 0.434401 5265
10 12 47 18.3748 0.388785 2.67084 0.555816 4245
10 12 48 19.42 0.402466 1.89897 0.442751 4743
10 12 49 19.0782 0.421151 1.9495 0.354526 4649
10 12 50 18.8293 0.365504 2.1843 0.556214 4197
10 12 51 19.1371 0.408972 2.97954 0.435356 5518
10 12 52 21.5 -2 0 0 5261
10 12 53 18.405 0.498216 2.38944 0.499275 4239
10 12 54 19.4702 0.398359 1.96944 0.52779 4681
10 12 55 18.2794 0.395759 2.40781 0.389103 5044
10 12 56 18.9124 0.344483 2.06065 0.591708 4977
10 12 57 20.2942 0.574152 3.10283 0.67111 5150
10 12 58 19.4534 0.379959 2.02139 0.458242 4631
10 12 59 18.919 0.432187 2.44129 0.633595 5326
10 12 60 21.5 -2 0 0 4430
10 12 61 21.5 -2 0 0 6039
10 12 62 18.8403 0.367961 2.99929 0.344642 5604
10 12 63 18.4127 0.398974 2.15321 0.442694 4947
10 13 0 17.8929 0.353688 2.72888 0.443495 6097
10 13 1 18.3785 0.362038 2.25595 0.48987 5464
10 13 2 18.6317 0.356485 2.77063 0.42067 5196
10 13 3 18.4917 0.42172 2.11016 0.484775 4224
10 13 4 18.9684 0.399577 2.29103 0.427312 4649
10 13 5 18.7889 0.380072 2.23246 0.459926 4756
10 13 6 17.8302 0.52794 2.4087 0.439777 4990
10 13 7 21.5 -2 0 0 3855
10 13 8 18.9417 0.35386 2.04778 0.495171 5148
10 13 9 19.25 0.36036 2.25433 0.541736 4434
10 13 10 19.1671 0.370563 2.55242 0.374541 4111
10 13 11 21.5 -2 0 0 4700
10 13 12 18.6076 0.336238 2.10249 0.573269 4390
10 13 13 18.138 0.420313 2.24295 0.336017 3710
10 13 14 18.5651 0.375856 2.74299 0.331008 5550
10 13 15 18.2862 0.368565 1.9763 0.45138 3991
10 13 16 19.4193 0.376994 2.69073 0.447724 4047
10 13 17 18.7595 0.534415 1.88265 0.540439 5024
10 13 18 18.5861 0.393466 1.97517 0.381902 4264
10 13 19 18.9625 0.409193 2.58871 0.488424 3784
10 13 20 19.338 0.388924 1.97971 0.424728 4503
10 13 21 19.6482 0.353543 2.51925 0.518628 4650
10 13 22 18.6453 0.5043 2.05916 0.459794 3925
10 13 23 19.3648 0.461835 1.99742 0.477081 4572
10 13 24 18.4799 0.364787 2.14538 0.525895 5143
10 13 25 18.8081 0.381601 1.99554 0.501023 3605
10 13 26 18.641 0.446505 2.31967 0.459614 5394
10 13 27 19.6188 0.350428 2.12434 0.601236 3875
10 13 28 19.4656 0.399147 1.90184 0.369666 3627
10 13 29 18.3228 0.445964 1.87356 0.609329 4779
10 13 30 18.7876 0.435003 2.20172 0.361834 4250
10 13 31 19.1513 0.404761 1.80552 0.472971 3553
10 13 32 19.091 0.641766 2.14114 0.422717 3406
10 13 33 18.1175 0.449394 1.97261 0.411533 3652
10 13 34 18.9621 0.364175 2.24049 0.46637 5281
10 13 35 19.0405 0.411443 2.26346 0.544502 3335
10 13 36 18.7984 0.351601 2.2254 0.530233 4051
10 13 37 18.343 0.436037 1.74507 0.469753 4267
10 13 38 18.9868 0.400088 2.2624 0.437798 3057
10 13 39 16.4671 0.460387 2.28491 0.478403 3263
10 13 40 18.5545 0.528838 2.00174 0.46042 4248
10 13 41 19.3353 0.416627 2.19319 0.404304 3170
10 13 42 19.1828 0.420993 2.06755 0.591508 3908
10 13 43 21.5 -2 0 0 4549
10 13 44 21.5 -2 0 0 2912
10 13 45 21.5 -2 0 0 3534
10 13 46 18.2267 0.380898 2.32587 0.376786 4925
10 13 47 17.4199 0.488953 2.59211 0.362207 3002
10 13 48 21.5 -2 0 0 3529
10 13 49 19.2457 0.424829 1.83417 0.540833 4090
10 13 50 21.5 -2 0 0 3282
10 13 51 17.1463 0.37424 2.16907 0.40504 4028
10 13 52 19.3544 0.429209 2.1578 0.400397 4226
10 13 53 15.8606 0.377198 2.10238 0.313158 2872
10 13 54 17.5047 0.414377 1.58128 0.475888 3569
10 13 55 17.3837 0.362532 2.04089 0.413766 3845
10 13 56 15.8136 0.584993 2.37617 0.314259 3616
10 13 57 15.2137 0.494807 2.25299 0.305342 3179
10 13 58 18.5863 0.364335 1.9309 0.562675 3656
10 13 59 21.5 -2 0 0 4574
10 13 60 16.145 0.510357 2.36536 0.342319 3179
10 13 61 17.5316 0.395825 2.81196 0.536066 4408
10 13 62 17.1189 0.432967 2.43288 0.504986 4248
10 13 63 17.3448 0.399861 2.25166 0.404685 3780
10 14 0 19.0474 0.454333 3.22492 0.36527 5487
10 14 1 18.2712 0.395719 2.69988 0.399761 5230
10 14 2 18.6461 0.457749 2.59505 0.458058 4989
10 14 3 19.0416 0.412722 2.43686 0.270573 3906
10 14 4 18.7109 0.503797 2.07428 0.418761 4126
10 14 5 18.7241 0.401924 2.23356 0.438408 4495
10 14 6 18.771 0.412444 2.20852 0.447489 4517
10 14 7 18.2584 0.388368 2.42766 0.328833 3737
10 14 8 18.3389 0.412477 2.24323 0.421148 4408
10 14 9 18.4455 0.553206 2.93839 0.438975 4312
10 14 10 19.1976 0.353267 2.59149 0.398272 4129
10 14 11 17.7494 0.452931 1.91717 0.47359 4042
10 14 12 19.4292 0.330783 2.16783 0.366972 4085
10 14 13 21.5 -2 0 0 3192
10 14 14 19.3379 0.334058 2.56917 0.542256 5179
10 14 15 18.3092 0.486181 2.12697 0.542116 3538
10 14 16 18.1406 0.666331 3.06942 0.536185 4035
10 14 17 19.1183 0.380564 2.05484 0.432337 4250
10 14 18 21.5 -2 0 0 3592
10 14 19 18.3425 0.481626 2.48219 0.38717 3325
10 14 20 18.3619 0.512951 2.27998 0.337222 3595
10 14 21 18.2602 0.412528 2.2287 0.470431 4396
10 14 22 17.1797 0.454807 2.87876 0.346574 3523
10 14 23 18.5213 0.374066 1.84169 0.525546 3895
10 14 24 17.2517 0.621807 2.99252 0.303211 4614
10 14 25 19.3521 0.378605 2.33786 0.435668 3222
10 14 26 19.093 0.479963 2.64162 0.488575 4586
10 14 27 18.9431 0.458318 2.18744 0.542235 3265
10 14 28 17.9775 0.515737 2.29285 0.316951 3112
10 14 29 21.5 -2 0 0 4073
10 14 30 18.7012 0.546285 2.13489 0.39628 3363
10 14 31 18.6491 0.588774 2.3583 0.415872 2797
10 14 32 18.6821 0.373797 2.10703 0.448958 2860
10 14 33 18.9808 0.45223 1.87586 0.380649 3010
10 14 34 18.856 0.419586 2.32813 0.415271 4359
10 14 35 19.4467 0.391603 2.24509 0.571885 2993
10 14 36 18.2507 0.559544 2.19612 0.294821 3026
10 14 37 18.7503 0.557396 2.09097 0.595052 3550
10 14 38 18.1598 0.523978 2.53861 0.32754 2373
10 14 39 18.3602 0.411916 2.39191 0.438682 2318
10 14 40 18.8726 0.456907 2.05362 0.457833 3292
10 14 41 18.1248 0.812528 2.54989 0.435477 2512
10 14 42 19.4593 0.384608 1.93395 0.427373 2908
10 14 43 18.4412 0.403486 2.18989 0.342556 3588
10 14 44 19.03 0.403979 2.13036 0.341687 2255
10 14 45 0 -10 0 0 0
10 14 46 19.8944 0.380719 2.41404 0.416487 3986
10 14 47 18.0869 0.460347 2.40138 0.451562 2277
10 14 48 21.5 -2 0 0 2813
10 14 49 17.9955 0.425201 2.1627 0.387456 2995
10 14 50 13.5 -2 0 0 2519
10 14 51 21.5 -2 0 0 2618
10 14 52 18.3156 0.52754 2.23949 0.348799 3345
10 14 53 18.1884 0.578394 2.25167 0.456704 2264
10 14 54 16.8758 0.474122 2.36466 0.498561 2549
10 14 55 18.0855 0.396856 2.23804 0.359663 2838
10 14 56 18.7036 0.413519 2.40493 0.439825 2509
10 14 57 18.6613 0.344398 2.33759 0.680195 2680
10 14 58 17.4926 0.368238 2.25572 0.359234 2600
10 14 59 18.0477 0.546749 2.42736 0.462441 3623
10 14 60 17.8325 0.380988 1.98945 0.387288 2138
10 14 61 21.5 -2 0 0 2872
10 14 62 21.5 -2 0 0 3003
10 14 63 21.5 -2 0 0 2711
10 15 0 18.1156 0.376557 2.29678 0.505287 2913
10 15 1 16.5872 0.483706 2.13145 0.381772 2519
10 15 2 21.5 -2 0 0 2671
10 15 3 17.9748 0.556107 2.22703 0.398178 2263
10 15 4 18.3031 0.596322 1.8187 0.587456 2938
10 15 5 21.5 -2 0 0 2657
10 15 6 18.4135 0.325693 2.3221 0.443349 2446
10 15 7 18.781 0.385859 2.2596 0.465502 2173
10 15 8 18.4266 0.355009 1.82539 0.546327 2681
10 15 9 18.1925 0.513559 2.26422 0.515287 2366
10 15 10 17.8725 0.520757 2.29296 0.231087 2043
10 15 11 21.5 -2 0 0 3060
10 15 12 17.2648 0.855748 2.19033 0.306769 2397
10 15 13 17.2451 0.433544 1.86254 0.372618 2432
10 15 14 18.0247 0.493457 2.165 0.494682 3132
10 15 15 17.9338 0.586148 1.96156 0.524093 2728
10 15 16 18.7623 0.52011 2.40809 0.468723 1908
10 15 17 18.2482 0.38249 1.99464 0.467791 3287
10 15 18 18.1148 0.49265 2.22678 0.317044 2797
10 15 19 18.374 0.53237 2.10639 0.366351 2531
10 15 20 18.3529 0.680699 2.4859 0.333636 3245
10 15 21 17.7115 0.494307 1.80056 0.692561 2346
10 15 22 17.4191 0.704165 1.76461 0.523195 2102
10 15 23 21.5 -2 0 0 3345
10 15 24 17.7994 0.485298 2.34393 0.338638 2837
10 15 25 17.7855 0.401489 2.62533 0.529456 2071
10 15 26 18.1268 0.446052 2.25281 0.365018 3437
10 15 27 18.3428 0.374595 2.06396 0.347685 2980
10 15 28 21.5 -2 0 0 2632
10 15 29 17.8601 0.376801 1.98681 0.41033 3538
10 15 30 18.1187 0.377412 1.87861 0.568005 3034
10 15 31 21.5 -2 0 0 2693
10 15 32 18.4129 0.668969 2.21043 0.435166 2911
10 15 33 18.2786 0.387922 1.81776 0.546166 3172
10 15 34 25.5 -2 0 0 3942
10 15 35 19.0432 0.396745 2.25115 0.386412 3137
10 15 36 18.2438 0.308423 1.93144 0.458608 3371
10 15 37 18.3441 0.384994 2.27902 0.43766 3709
10 15 38 19.9298 0.518847 2.64545 0.635575 3428
10 15 39 18.4131 0.378866 2.41053 0.481524 4564
10 15 40 18.3608 0.476466 2.01841 0.406624 3702
10 15 41 17.8499 0.593487 2.13476 0.395019 3215
10 15 42 18.4007 0.467991 2.26043 0.29018 3857
10 15 43 18.3455 0.571368 2.2084 0.461093 3990
10 15 44 18.0472 0.450813 2.13291 0.436004 3542
10 15 45 18.3225 0.427328 1.78656 0.582606 3588
10 15 46 21.5 -2 0 0 4174
10 15 47 19.0368 0.539071 2.59461 0.413382 3856
10 15 48 18.1208 0.454432 2.18283 0.404705 3687
10 15 49 21.5 -2 0 0 4167
10 15 50 21.5 -2 0 0 3870
10 15 51 18.3385 0.370282 2.86195 0.396789 5101
10 15 52 18.0146 0.373155 2.08346 0.344478 4354
10 15 53 18.5616 0.367603 2.1507 0.596477 4031
10 15 54 17.3248 0.541436 2.13455 0.456892 3961
10 15 55 17.51 0.447161 1.87731 0.314184 4627
10 15 56 21.5 -2 0 0 4743
10 15 57 17.0981 0.428702 2.36461 0.434328 4978
10 15 58 17.8714 0.366434 2.03439 0.464532 4403
10 15 59 17.3729 0.407144 2.41745 0.410448 4486
10 15 60 21.5 -2 0 0 4045
10 15 61 21.5 -2 0 0 5565
10 15 62 17.3437 0.385129 2.4175 0.476371 4918
10 15 63 17.3952 0.393924 2.00684 0.371202 4469
11 0 0 18.9542 0.666508 2.0598 0.514402 556
11 0 1 14.8987 0.667735 1.79127 0.347797 494
11 0 2 15.4035 0.501755 1.48483 0.414567 452
11 0 3 17.761 0.733437 1.40378 0.326095 452
11 0 4 17.5 -2 0 0 480
11 0 5 15.7451 0.670309 1.88015 0.227354 416
11 0 6 18.1989 0.681954 1.93283 0.355429 425
11 0 7 17.8524 0.643386 2.37535 0.309839 495
11 0 8 18.4206 0.805662 2.74435 0.330219 500
11 0 9 21.5 -2 0 0 444
11 0 10 17.3739 0.921061 1.1281 0.507035 460
11 0 11 18.0015 0.739489 2.08993 0.264889 495
11 0 12 18.2862 0.928264 3.43301 0.440509 484
11 0 13 21.5 -2 0 0 436
11 0 14 17.5 -2 0 0 564
11 0 15 16.0076 0.811904 2.52624 0.302737 483
11 0 16 18.2817 0.556638 1.93121 0.315043 442
11 0 17 17.5939 0.718009 1.2157 0.418343 536
11 0 18 15.4485 0.72679 1.48784 0.343511 457
11 0 19 17.8532 0.506146 1.94244 0.414537 459
11 0 20 17.8687 0.704655 1.8838 0.277351 507
11 0 21 15.7973 1.12369 2.1314 0.389811 431
11 0 22 15.7041 0.705217 1.28995 0.355485 406
11 0 23 18.2322 0.883035 2.2842 0.345824 575
11 0 24 19.1231 1.2685 4.13377 0.266257 553
11 0 25 21.5 -2 0 0 520
11 0 26 19.0368 0.599895 1.72062 0.360398 584
11 0 27 17.5286 0.605582 1.76671 0.471806 439
11 0 28 17.2836 0.714731 1.62825 0.359774 490
11 0 29 18.1327 0.722258 2.54993 0.325972 542
11 0 30 21.5 -2 0 0 505
11 0 31 17.5 -2 0 0 500
11 0 32 18.6586 0.836274 2.76001 0.323482 506
11 0 33 18.6916 1.07865 2.95342 0.396174 511
11 0 34 19.2048 0.834422 1.76467 0.404185 647
11 0 35 17.5 -2 0 0 499
11 0 36 17.6818 0.637379 1.86783 0.429638 506
11 0 37 17.9978 1.72133 1.65032 0.555292 646
11 0 38 21.5 -2 0 0 567
11 0 39 18.6386 0.705416 1.95132 0.399614 638
11 0 40 16.7754 0.775922 1.25098 0.366232 528
11 0 41 14.9662 0.786198 1.28176 0.531526 514
11 0 42 18.5346 0.58309 1.96244 0.383337 554
11 0 43 17.5 -2 0 0 575
11 0 44 17.5 -2 0 0 500
11 0 45 18.0527 0.663705 1.37705 0.397612 518
11 0 46 18.4643 0.488681 1.91789 0.378656 639
11 0 47 17.9627 0.605376 1.70628 0.382604 657
11 0 48 16.264 1.24872 3.15187 0.366654 501
11 0 49 15.488 0.617305 1.55435 0.300369 587
11 0 50 16.0802 0.73262 1.69471 0.283231 564
11 0 51 18.2211 0.866682 3.54723 0.379837 789
11 0 52 14.7533 0.6588 2.53274 0.372308 584
11 0 53 17.5 -2 0 0 576
11 0 54 18.0286 0.629911 1.75542 0.488178 589
11 0 55 16.8063 0.691231 2.36471 0.312704 627
11 0 56 17.5 -2 0 0 626
11 0 57 17.0998 0.605224 2.34958 0.327171 686
11 0 58 15.4851 0.893783 1.33062 0.529224 598
11 0 59 16.5483 0.579128 1.93568 0.314984 702
11 0 60 14 0.74262 1.40937 0.385425 555
11 0 61 15.1905 0.58711 1.95912 0.313954 827
11 0 62 15.6136 0.756229 1.76335 0.346552 776
11 0 63 16.6865 0.580793 1.92851 0.252607 631
11 1 0 19.0399 0.673875 2.31345 0.382874 614
11 1 1 25.5 -2 0 0 590
11 1 2 21.5 -2 0 0 772
11 1 3 19.6913 0.685622 2.87654 0.288765 669
11 1 4 18.7631 0.800759 1.90029 0.383972 664
11 1 5 20.2616 0.755674 2.66364 0.392208 709
11 1 6 19.6517 0.542525 2.03083 0.339123 794
11 1 7 19.8196 0.630323 2.26691 0.390284 960
11 1 8 18.9093 0.999921 3.84025 0.537652 503
11 1 9 19.8778 0.691139 1.92221 0.401985 827
11 1 10 18.41 0.805462 2.55048 0.451401 670
11 1 11 18.6179 0.879297 3.57289 0.328503 614
11 1 12 21.5 -2 0 0 530
11 1 13 21.5 -2 0 0 571
11 1 14 19.7898 0.750848 1.92567 0.447343 714
11 1 15 19.2683 0.911776 2.40242 0.325363 635
11 1 16 20.3489 0.684419 2.54769 0.31025 979
11 1 17 19.8584 0.652507 1.74401 0.319518 592
11 1 18 20.4194 0.748244 2.41863 0.400876 650
11 1 19 18.1633 0.827972 3.55211 0.372848 601
11 1 20 19.4242 0.878028 1.88782 0.363112 640
11 1 21 19.6683 0.635442 1.99317 0.349788 835
11 1 22 20.5604 0.788729 2.73514 0.409861 579
11 1 23 19.4189 0.595651 1.84748 0.453154 460
11 1 24 19.9683 0.595806 2.36849 0.310828 651
11 1 25 19.6314 0.810124 2.59427 0.458161 501
11 1 26 20.3534 0.721923 2.47482 0.33581 635
11 1 27 20.1093 0.713816 2.36074 0.360278 658
11 1 28 17.5 -2 0 0 648
11 1 29 19.3145 0.680299 1.85504 0.349841 587
11 1 30 20.2553 0.658122 1.71989 0.351643 643
11 1 31 19.4996 0.874941 2.77895 0.310782 543
11 1 32 19.7049 0.627428 2.47852 0.329682 676
11 1 33 18.1771 0.675853 1.9355 0.268642 457
11 1 34 20.8459 0.805972 2.82014 0.296521 575
11 1 35 18.5071 0.670472 2.65284 0.435487 489
11 1 36 19.2206 0.866514 3.65527 0.432263 626
11 1 37 20.1008 0.619789 1.93523 0.496982 591
11 1 38 17.3848 0.789328 2.43512 0.418906 411
11 1 39 20.7868 1.30845 3.51006 0.37988 509
11 1 40 17.4949 0.647914 2.36912 0.37976 411
11 1 41 22.3271 1.58866 5.87695 0.425746 603
11 1 42 18.6252 0.61205 2.01592 0.350947 547
11 1 43 21.5 -2 0 0 578
11 1 44 19.7891 0.575219 2.10818 0.390687 584
11 1 45 19.6645 0.868027 2.36712 0.376301 594
11 1 46 19.4218 0.565542 2.04021 0.360838 620
11 1 47 20.5844 1.08846 4.76199 0.405572 662
11 1 48 21.5 -2 0 0 544
11 1 49 19.5107 1.06355 3.23397 0.269293 474
11 1 50 17.7623 0.606975 2.3927 0.414784 460
11 1 51 19.6509 0.589433 1.96028 0.365257 385
11 1 52 19.4439 0.739416 2.72694 0.263987 420
11 1 53 21.5 -2 0 0 435
11 1 54 18.0129 0.723594 2.52816 0.383921 451
11 1 55 19.5994 0.688445 2.16504 0.299737 495
11 1 56 18.8514 0.648477 2.27397 0.488494 508
11 1 57 18.6584 0.853259 2.39875 0.42799 520
11 1 58 18.6383 0.724279 2.25842 0.337094 510
11 1 59 19.4952 0.705369 2.01093 0.37741 434
11 1 60 17.5 -2 0 0 583
11 1 61 18.1466 1.44791 4.04266 0.413747 473
11 1 62 17.5 -2 0 0 432
11 1 63 17.5786 0.68741 1.37783 0.509486 546
11 2 0 17.087 0.667455 2.44157 0.227621 756
11 2 1 16.2774 0.734624 2.20508 0.324043 700
11 2 2 18.5751 0.607543 1.9385 0.424215 696
11 2 3 21.5 -2 0 0 623
11 2 4 17.3333 0.568857 1.9988 0.33742 641
11 2 5 18.5227 0.615841 1.68271 0.445325 725
11 2 6 21.5 -2 0 0 673
11 2 7 17.4355 0.724474 3.09511 0.327069 376
11 2 8 16.9487 0.795071 1.979 0.488137 689
11 2 9 18.3569 0.58948 2.23915 0.344865 627
11 2 10 21.5 -2 0 0 549
11 2 11 21.5 -2 0 0 684
11 2 12 18.8258 0.608603 1.83116 0.329576 615
11 2 13 16.9656 0.65671 1.53064 0.447095 534
11 2 14 18.4221 0.597679 1.72719 0.376095 827
11 2 15 18.6516 0.778884 2.07645 0.37315 667
11 2 16 19.1988 0.66564 1.48467 0.479924 612
11 2 17 18.0847 0.945532 2.06168 0.341476 819
11 2 18 21.5 -2 0 0 643
11 2 19 17.0355 0.4144 1.5012 0.384352 540
11 2 20 19.44 0.636995 2.05035 0.330742 704
11 2 21 18.668 0.8333 1.54877 0.500291 672
11 2 22 17.5 -2 0 0 587
11 2 23 17.5 -2 0 0 730
11 2 24 18.8119 0.875884 1.61024 0.49046 734
11 2 25 18.6538 1.04409 3.18578 0.385941 227
11 2 26 19.0212 0.651171 2.28368 0.356816 807
11 2 27 18.5625 0.677383 1.83854 0.354707 670
11 2 28 21.5 -2 0 0 632
11 2 29 19.1667 0.81067 3.20005 0.310426 720
11 2 30 19.1459 0.551414 1.77264 0.376783 694
11 2 31 21.5 -2 0 0 673
11 2 32 18.4679 0.658581 1.72476 0.295198 645
11 2 33 17.6086 0.447148 1.49547 0.394473 507
11 2 34 19.0839 0.523734 2.17612 0.324269 908
11 2 35 17.25 0.427217 1.5701 0.407173 643
11 2 36 19.6047 0.724802 1.67626 0.358437 679
11 2 37 16.9323 0.690893 2.31323 0.40222 730
11 2 38 21.5 -2 0 0 702
11 2 39 18.5276 0.775027 2.42278 0.332802 900
11 2 40 21.5 -2 0 0 737
11 2 41 17.1605 0.569064 1.91814 0.311107 551
11 2 42 18.5231 0.518884 2.04278 0.233614 773
11 2 43 18.8064 0.651592 2.17359 0.300288 919
11 2 44 18.8283 0.6046 2.37462 0.200002 696
11 2 45 21.5 -2 0 0 699
11 2 46 17.7091 0.557539 2.37242 0.301519 922
11 2 47 17.9298 0.70091 2.54521 0.261751 862
11 2 48 18.1757 0.648742 2.37126 0.264769 778
11 2 49 18.7507 0.577607 2.28593 0.323287 853
11 2 50 15.4369 0.781666 2.1816 0.256168 606
11 2 51 0 -10 0 0 0
11 2 52 17.9178 0.704921 1.21147 0.54105 916
11 2 53 18.3136 0.704542 2.18104 0.239415 841
11 2 54 18.5248 0.612548 2.03283 0.307188 747
11 2 55 17.1033 0.647886 2.19758 0.444105 1001
11 2 56 0 -10 0 0 0
11 2 57 18.2932 0.694239 2.3002 0.373111 1100
11 2 58 17.832 0.498346 1.9243 0.445523 832
11 2 59 18.3048 0.633172 2.66217 0.408854 1071
11 2 60 16.9146 0.57978 1.8847 0.243297 836
11 2 61 0 -10 0 0 0
11 2 62 21.5 -2 0 0 1051
11 2 63 17.2424 0.635158 2.30348 0.361855 870
11 3 0 18.5308 0.611072 2.86772 0.292365 1440
11 3 1 18.4738 0.448692 2.09678 0.388894 1530
11 3 2 16.7887 0.64045 2.01268 0.263941 1483
11 3 3 18.6865 0.516476 1.93637 0.327774 1750
11 3 4 18.338 0.604353 1.91032 0.334065 1294
11 3 5 18.0083 0.541032 1.70077 0.377458 1427
11 3 6 16.7389 0.620527 2.49159 0.342912 1600
11 3 7 17.9626 0.853163 2.39994 0.320917 2320
11 3 8 15.8253 0.705238 1.65138 0.33181 1259
11 3 9 21.5 -2 0 0 2119
11 3 10 17.1783 0.466342 2.10627 0.317576 2223
11 3 11 18.5088 0.521686 2.4614 0.196079 1286
11 3 12 18.9397 0.54644 2.03905 0.370001 1600
11 3 13 16.6375 0.586357 1.94879 0.260613 1625
11 3 14 19.0144 0.520077 1.93668 0.293303 1217
11 3 15 18.649 0.501419 1.94511 0.367791 1533
11 3 16 20.044 0.613272 2.91271 0.348082 2938
11 3 17 18.5793 0.757401 2.52805 0.278388 1138
11 3 18 19.5096 0.49079 1.87396 0.344443 1411
11 3 19 18.8674 0.506223 2.03141 0.257514 2121
11 3 20 18.4025 0.638779 2.43678 0.282717 1146
11 3 21 18.9228 0.563194 2.17051 0.268422 1908
11 3 22 16.0073 0.516577 2.64443 0.380858 1878
11 3 23 19.1012 0.548171 1.92346 0.38988 1097
11 3 24 18.8211 0.559239 1.85179 0.255056 1225
11 3 25 18.9045 0.560426 2.25045 0.326829 1773
11 3 26 17.9885 0.566227 1.96313 0.721807 1023
11 3 27 18.454 0.832434 1.89173 0.355947 1441
11 3 28 16.4544 0.426488 1.97803 0.244787 1274
11 3 29 18.8459 0.449786 2.12577 0.321728 1114
11 3 30 21.5 -2 0 0 1262
11 3 31 19.3475 0.779197 1.99235 0.406119 1677
11 3 32 18.7889 0.478019 2.18397 0.352371 1349
11 3 33 18.4997 0.540187 2.1007 0.237502 1281
11 3 34 19.0656 0.573669 1.77859 0.375968 980
11 3 35 18.0352 0.717706 2.17203 0.242115 1382
11 3 36 18.8825 0.539469 1.78289 0.386759 1110
11 3 37 18.5477 0.766057 1.68336 0.458533 1006
11 3 38 16.2119 0.525425 1.75587 0.366623 1236
11 3 39 18.9908 0.564655 1.65555 0.554032 904
11 3 40 16.7196 0.527526 1.91127 0.28843 994
11 3 41 18.1669 0.588275 1.87863 0.472647 1217
11 3 42 19.1456 0.666479 2.24596 0.316666 965
11 3 43 17.3883 0.532562 1.63785 0.410696 850
11 3 44 16.696 0.45792 1.6777 0.410137 1023
11 3 45 18.3862 0.537611 2.12338 0.440086 1112
11 3 46 18.2587 0.556405 2.05511 0.335494 923
11 3 47 15.9375 0.663962 3.41947 0.271658 1141
11 3 48 17.9571 0.464006 1.78448 0.355911 1084
11 3 49 17.9424 0.746592 2.38077 0.281213 882
11 3 50 18.0658 0.584076 1.9392 0.339597 1076
11 3 51 18.2347 0.523267 2.04757 0.417587 752
11 3 52 17.9323 0.649216 1.73631 0.406817 856
11 3 53 16.3565 0.975173 2.67284 0.516086 1035
11 3 54 14.4269 0.614064 2.86994 0.308566 955
11 3 55 18.0232 0.529253 2.37714 0.323326 833
11 3 56 17.6022 0.493715 1.86073 0.440299 876
11 3 57 16.4444 0.566219 1.91479 0.451225 806
11 3 58 17.4015 0.749212 1.08643 0.931748 913
11 3 59 17.4902 0.571598 1.89385 0.452412 869
11 3 60 16.0347 0.457828 2.28495 0.483583 966
11 3 61 21.5 -2 0 0 842
11 3 62 15.9073 0.695099 2.62573 0.505282 716
11 3 63 21.5 -2 0 0 863
11 4 0 19.0516 0.662345 2.37397 0.301843 1425
11 4 1 18.2062 0.688519 2.49296 0.326067 1133
11 4 2 17.2841 0.726749 2.56021 0.393797 965
11 4 3 16.5302 0.529749 2.22375 0.509474 754
11 4 4 19.0553 0.515019 2.14343 0.2945 888
11 4 5 16.5116 0.696712 1.57435 0.567575 853
11 4 6 18.4429 1.05353 2.27981 0.324573 939
11 4 7 18.5496 0.695211 1.89624 0.382672 783
11 4 8 21.5 -2 0 0 966
11 4 9 18.0953 0.678975 1.91141 0.303432 876
11 4 10 18.7522 0.560536 2.34228 0.415575 829
11 4 11 21.5 -2 0 0 1040
11 4 12 18.2742 0.51291 1.68923 0.460474 863
11 4 13 15.8816 0.684184 1.40551 0.529181 650
11 4 14 18.8602 0.621875 2.49979 0.234116 1420
11 4 15 18.5231 0.488566 2.01393 0.344566 749
11 4 16 21.5 -2 0 0 700
11 4 17 18.3015 0.596985 1.81996 0.505734 1255
11 4 18 19.1546 0.779637 1.80425 0.336149 869
11 4 19 18.4869 0.653435 2.18389 0.306341 774
11 4 20 21.5 -2 0 0 890
11 4 21 16.3531 0.582773 2.35009 0.580822 913
11 4 22 16.1551 0.941906 1.35991 0.502455 702
11 4 23 16.9655 0.569506 1.55462 0.379831 1054
11 4 24 17.351 0.539301 2.16876 0.288423 1006
11 4 25 16.6599 0.554649 2.20785 0.34203 689
11 4 26 18.4519 0.536158 2.41607 0.336192 1433
11 4 27 16.7946 0.694435 1.27097 0.46632 726
11 4 28 15.6747 0.596184 2.28185 0.52358 565
11 4 29 18.053 0.923723 2.41267 0.380547 1253
11 4 30 16.0102 0.563122 2.10131 0.415168 754
11 4 31 18.884 0.660453 1.81635 0.438975 798
11 4 32 18.7565 0.495606 1.85886 0.34355 779
11 4 33 18.5842 0.515268 1.84837 0.386149 803
11 4 34 16.5395 0.73862 2.08861 0.288676 1459
11 4 35 18.8019 0.75169 1.83265 0.312923 833
11 4 36 18.2723 0.615652 2.28559 0.349326 863
11 4 37 18.3062 0.54183 1.74817 0.484681 1055
11 4 38 16.2062 0.834201 1.79651 0.382117 711
11 4 39 18.0325 0.599709 1.70029 0.394967 968
11 4 40 18.1044 0.761912 1.78711 0.434924 877
11 4 41 21.5 -2 0 0 827
11 4 42 21.5 -2 0 0 911
11 4 43 21.5 -2 0 0 1249
11 4 44 18.9223 0.741274 1.35142 0.411316 798
11 4 45 18.3171 0.572297 1.99294 0.310151 820
11 4 46 18.4889 0.591763 2.02356 0.246944 1522
11 4 47 18.3371 0.582248 2.67268 0.30273 888
11 4 48 21.5 -2 0 0 910
11 4 49 16.4721 0.682911 1.68884 0.330299 1113
11 4 50 18.1683 0.598599 1.63111 0.403667 858
11 4 51 16.8436 0.604427 2.51337 0.303739 1242
11 4 52 18.5648 0.549287 1.67699 0.388903 1287
11 4 53 21.5 -2 0 0 861
11 4 54 18.2416 0.657778 1.80105 0.343763 946
11 4 55 16.234 0.789562 1.86899 0.317466 1246
11 4 56 17.936 0.598554 1.62573 0.454975 1039
11 4 57 17.4226 0.519965 2.40721 0.259388 1203
11 4 58 21.5 -2 0 0 995
11 4 59 15.1617 0.600567 2.18983 0.276393 1494
11 4 60 21.5 -2 0 0 870
11 4 61 16.3804 0.490835 2.35262 0.314747 1563
11 4 62 14.9772 0.768667 2.20599 0.275826 1464
11 4 63 16.6823 0.546157 1.97727 0.483959 1122
11 5 0 17.4765 0.40114 2.23727 0.345863 1698
11 5 1 17.6113 0.411165 2.34654 0.442318 1741
11 5 2 18.7791 0.575013 1.9406 0.407834 2168
11 5 3 18.0987 0.639854 2.36334 0.539798 2673
11 5 4 21.5 -2 0 0 2087
11 5 5 18.7622 0.609055 2.18477 0.28751 2244
11 5 6 18.8037 0.476678 1.87523 0.406583 2403
11 5 7 18.7049 0.53117 2.24376 0.378991 4023
11 5 8 18.0027 0.506907 1.92389 0.257411 1944
11 5 9 19.2017 0.791173 1.7412 0.737591 2989
11 5 10 19.2324 0.443295 2.1668 0.413859 3519
11 5 11 19.438 0.470108 1.74324 0.306722 1964
11 5 12 19.5106 0.516742 1.74325 0.49232 2561
11 5 13 18.4983 0.68777 2.16806 0.28842 3120
11 5 14 17.5443 0.40009 1.77758 0.527447 1636
11 5 15 18.9767 0.450854 1.92032 0.384825 2697
11 5 16 16.2194 0.530588 2.10098 0.481457 3712
11 5 17 18.7895 0.554988 1.86855 0.551733 1739
11 5 18 19.0507 0.439504 1.78277 0.458154 2451
11 5 19 19.9431 0.479549 2.31317 0.400592 3925
11 5 20 19.0675 0.405547 1.76582 0.434182 2102
11 5 21 19.1526 0.453424 2.31038 0.445318 2642
11 5 22 18.347 0.651317 2.4899 0.408008 3094
11 5 23 15.6165 0.546252 2.42728 0.390697 1822
11 5 24 19.1876 0.489288 1.9075 0.389367 1811
11 5 25 17.6185 0.407949 2.31398 0.310269 3431
11 5 26 18.1488 0.760209 2.05394 0.350623 1571
11 5 27 14.665 0.937753 2.82774 0.420125 2452
11 5 28 21.5 -2 0 0 2902
11 5 29 18.9637 0.692206 2.00529 0.317367 1655
11 5 30 19.9131 0.489039 1.93432 0.447067 2392
11 5 31 18.7848 0.563697 2.22957 0.347887 3459
11 5 32 19.3289 0.48147 2.01261 0.362787 2810
11 5 33 19.648 0.522871 2.02101 0.381691 2520
11 5 34 19.3321 0.586601 2.06886 0.464492 1576
11 5 35 17.8761 0.632591 2.21408 0.50043 2887
11 5 36 17.4237 0.410617 1.85199 0.336236 2453
11 5 37 19.1735 0.677432 2.10433 0.392656 1859
11 5 38 19.4688 0.494435 2.18704 0.2862 3252
11 5 39 19.0408 0.483738 2.06732 0.28759 2058
11 5 40 19.2314 0.483894 2.00991 0.391921 2035
11 5 41 17.2812 0.588639 1.83401 0.348952 2667
11 5 42 17.5526 0.421917 1.87553 0.530265 1777
11 5 43 19.0667 0.561074 1.97444 0.281187 1634
11 5 44 15.9495 0.514117 1.95809 0.422055 2154
11 5 45 16.7246 0.468475 1.77224 0.334072 2046
11 5 46 18.551 0.929114 2.23612 0.544985 1547
11 5 47 16.6747 0.515375 2.46049 0.358833 2893
11 5 48 18.8875 0.586213 1.89332 0.350727 2074
11 5 49 16.5667 0.456524 2.01967 0.446776 1511
11 5 50 18.8606 0.437096 1.84304 0.358336 2288
11 5 51 19.228 0.473088 1.96418 0.469494 1558
11 5 52 16.4818 0.521625 1.89718 0.392513 1495
11 5 53 19.0508 0.439135 2.06326 0.412012 2590
11 5 54 17.2834 0.432438 1.57763 0.438779 1913
11 5 55 16.8086 0.566531 1.99387 0.412124 1475
11 5 56 18.5976 0.56705 2.00351 0.350628 1774
11 5 57 18.8595 0.389236 1.93975 0.455156 1758
11 5 58 18.7955 0.558537 1.88766 0.321175 1788
11 5 59 18.7988 0.61693 1.74779 0.404359 1508
11 5 60 18.607 0.448075 2.04746 0.384026 2259
11 5 61 16.4872 0.556793 2.14992 0.532033 1509
11 5 62 15.6317 0.507469 2.28631 0.487037 1752
11 5 63 15.6698 0.883824 2.18095 0.313466 1534
11 6 0 17.7763 0.701761 1.56725 0.460573 1628
11 6 1 17.9519 0.607395 2.05105 0.299776 1354
11 6 2 18.4682 0.605077 1.83365 0.375206 1178
11 6 3 16.505 0.654778 2.33774 0.386287 865
11 6 4 21.5 -2 0 0 848
11 6 5 17.4017 0.631727 2.06074 0.362389 941
11 6 6 18.0629 0.555534 1.99577 0.408929 1011
11 6 7 15.0445 1.33481 2.94132 0.301614 434
11 6 8 17.8225 0.517092 2.13511 0.372484 1089
11 6 9 21.5 -2 0 0 929
11 6 10 16.4861 0.706919 2.06643 0.365854 625
11 6 11 17.6883 0.673857 1.97792 0.317214 1038
11 6 12 17.9577 0.55554 1.53969 0.511857 881
11 6 13 16.7101 0.491009 1.5074 0.377941 694
11 6 14 18.147 0.583555 2.28 0.27024 1510
11 6 15 16.0308 0.654617 1.79096 0.362868 733
11 6 16 18.4035 0.594379 2.37159 0.324923 840
11 6 17 18.6612 0.554125 2.22473 0.368288 1198
11 6 18 17.5 -2 0 0 741
11 6 19 18.1845 0.535085 1.72964 0.335488 757
11 6 20 18.8098 0.716561 1.39146 0.438451 873
11 6 21 17.7669 0.7254 2.64298 0.410005 930
11 6 22 18.2484 0.543753 1.64036 0.387085 779
11 6 23 17.2764 0.588868 1.43294 0.510586 880
11 6 24 18.1961 0.516103 1.73642 0.467331 1265
11 6 25 16.0664 0.671847 1.56451 0.497017 679
11 6 26 17.7648 0.521929 1.61208 0.445004 1374
11 6 27 17.5 -2 0 0 830
11 6 28 21.5 -2 0 0 575
11 6 29 18.2169 0.730042 2.23384 0.369408 1102
11 6 30 16.9373 0.624042 1.54223 0.389302 764
11 6 31 21.5 -2 0 0 648
11 6 32 18.5003 0.668635 1.62616 0.48723 751
11 6 33 17.0229 0.524111 2.01353 0.325972 761
11 6 34 18.6172 0.643978 2.4088 0.376579 1322
11 6 35 18.5307 0.578501 1.30362 0.381353 670
11 6 36 17.7296 0.554292 1.47994 0.488582 718
11 6 37 18.4612 0.643469 2.36335 0.270036 853
11 6 38 16.6972 0.617648 2.54002 0.311381 617
11 6 39 18.6253 1.19177 5.40449 0.466235 835
11 6 40 18.4606 0.612713 1.63666 0.328768 878
11 6 41 16.1568 0.565615 1.87471 0.319926 579
11 6 42 18.095 0.522754 1.78409 0.215776 838
11 6 43 18.5532 0.492817 1.965 0.347797 1051
11 6 44 18.4244 0.682711 1.94035 0.393613 684
11 6 45 18.2204 0.495861 1.90363 0.329377 715
11 6 46 18.0978 0.589705 2.09121 0.288241 1248
11 6 47 21.5 -2 0 0 709
11 6 48 18.0712 0.814646 1.67477 0.433172 789
11 6 49 17.3535 0.514356 1.5105 0.313171 830
11 6 50 21.5 -2 0 0 633
11 6 51 17.7899 0.575392 2.06465 0.454606 1032
11 6 52 16.968 0.555652 1.90463 0.500887 947
11 6 53 16.0439 0.514822 2.10923 0.345814 632
11 6 54 15.1679 1.32906 2.05246 0.423025 660
11 6 55 21.5 -2 0 0 902
11 6 56 16.9242 0.455597 1.83122 0.435965 823
11 6 57 15.2377 1.3215 2.54909 0.333639 782
11 6 58 16.9748 0.564695 1.80508 0.408983 833
11 6 59 21.5 -2 0 0 1152
11 6 60 16.3189 0.713612 2.03322 0.444831 724
11 6 61 17.2715 0.524729 2.14143 0.334433 1166
11 6 62 14.8892 0.56112 2.01742 0.293532 884
11 6 63 17.2482 0.442192 1.82948 0.384702 849
11 7 0 18.885 0.425257 2.21923 0.359281 1218
11 7 1 17.5336 0.770063 2.63251 0.426591 1230
11 7 2 18.2821 0.486924 2.35642 0.269081 1372
11 7 3 18.1278 0.545202 2.0823 0.429565 1866
11 7 4 18.6542 0.489663 1.52781 0.506418 1564
11 7 5 18.4649 0.482611 1.76562 0.457399 1520
11 7 6 15.3977 0.423086 1.82275 0.556324 1034
11 7 7 14.9968 0.536103 2.68606 0.450417 2216
11 7 8 18.9447 0.473968 1.81018 0.423966 1335
11 7 9 25.5 -2 0 0 1834
11 7 10 15.8422 0.757857 2.23098 0.292714 1737
11 7 11 16.2364 0.668566 1.70386 0.561308 1363
11 7 12 16.1336 0.582849 1.68079 0.529213 1413
11 7 13 21.5 -2 0 0 1988
11 7 14 16.9858 0.469995 2.28891 0.381718 1087
11 7 15 16.4303 0.610487 1.91248 0.440651 1893
11 7 16 16.8451 0.423546 2.25197 0.264165 2091
11 7 17 18.4217 0.381278 2.06238 0.513692 1244
11 7 18 16.1437 0.45125 1.79638 0.332042 1655
11 7 19 15.7735 0.758306 1.83449 0.47565 2431
11 7 20 19.6066 0.469444 2.18649 0.416918 1764
11 7 21 16.4856 0.614117 2.54251 0.2742 1489
11 7 22 16.6207 0.533353 2.21179 0.449154 1624
11 7 23 18.4005 0.716562 2.14757 0.289617 1587
11 7 24 17.6168 0.430452 1.70323 0.375311 1111
11 7 25 17.0497 0.494383 2.07491 0.341175 2757
11 7 26 18.4371 0.737852 2.4638 0.245051 1309
11 7 27 21.5 -2 0 0 2135
11 7 28 17.6994 0.443755 1.92294 0.342962 2375
11 7 29 18.8412 0.480055 1.67504 0.509331 1380
11 7 30 18.5071 0.464226 2.027 0.392692 1953
11 7 31 18.5153 0.530905 2.42563 0.330072 3348
11 7 32 16.2179 0.470245 2.08685 0.27585 2220
11 7 33 21.5 -2 0 0 2199
11 7 34 19.0988 0.573297 1.91759 0.424177 1309
11 7 35 18.8454 0.455347 2.26605 0.23737 3493
11 7 36 18.6038 0.65099 1.9754 0.513874 2098
11 7 37 18.4721 0.458397 1.83953 0.424145 1688
11 7 38 17.0885 0.720963 1.85047 0.418092 3596
11 7 39 18.7674 0.546831 2.09727 0.403254 2556
11 7 40 16.0546 0.502191 2.12101 0.3837 1697
11 7 41 16.4674 0.741688 2.0443 0.288495 2478
11 7 42 21.5 -2 0 0 2001
11 7 43 18.726 0.441422 1.81552 0.404972 1528
11 7 44 17.9831 0.721596 2.11958 0.318391 3184
11 7 45 18.2549 0.517456 1.91333 0.441235 2447
11 7 46 18.7466 0.483786 1.83048 0.427211 1425
11 7 47 21.5 -2 0 0 4118
11 7 48 18.0723 0.712349 1.82497 0.467342 2267
11 7 49 17.9523 0.535663 2.07853 0.32522 1837
11 7 50 16.2369 0.492994 1.88464 0.269381 2318
11 7 51 17.7936 0.590533 2.32388 0.389127 1801
11 7 52 16.764 0.492252 1.65441 0.450565 1532
11 7 53 18.2468 0.507444 2.38108 0.311088 3287
11 7 54 16.159 0.505992 2.01099 0.360907 2169
11 7 55 17.0765 0.455239 1.673 0.388843 1635
11 7 56 17.6781 0.486776 2.14205 0.505181 2239
11 7 57 17.9379 0.472843 2.51699 0.278108 2138
11 7 58 18.4922 0.49778 1.67813 0.294424 2121
11 7 59 16.671 0.559352 1.85162 0.424571 1486
11 7 60 15.8163 0.551157 2.22076 0.411944 2747
11 7 61 15.5427 0.404225 2.12515 0.297122 1595
11 7 62 16.2583 0.41015 2.08649 0.333993 1500
11 7 63 17.1055 0.435392 1.78749 0.401712 1943
11 8 0 18.9359 0.532054 1.43109 0.528804 791
11 8 1 19.0982 0.532912 2.17621 0.321067 729
11 8 2 18.3006 0.717198 2.66857 0.364138 700
11 8 3 19.0317 0.68122 1.94951 0.559775 466
11 8 4 17.5 -2 0 0 543
11 8 5 19.1659 0.862349 2.72576 0.298615 660
11 8 6 19.0058 0.908916 2.43927 0.448975 718
11 8 7 19.3154 0.819384 1.54779 0.472472 715
11 8 8 21.5 -2 0 0 667
11 8 9 19.4353 0.641984 2.43738 0.477477 706
11 8 10 19.0766 0.743247 1.92751 0.436089 677
11 8 11 18.0335 0.754234 1.703 0.415062 731
11 8 12 18.6376 0.793409 2.04853 0.436822 524
11 8 13 18.65 0.585333 1.64829 0.382137 672
11 8 14 17.8348 0.810046 1.80755 0.3059 630
11 8 15 18.7527 0.551858 1.72597 0.40462 742
11 8 16 19.3379 0.746581 2.9682 0.40553 680
11 8 17 17.3374 0.648972 1.73149 0.45013 562
11 8 18 21.5 -2 0 0 523
11 8 19 17.7845 0.828441 2.52292 0.329561 403
11 8 20 19.1631 0.849017 2.17164 0.393916 765
11 8 21 18.8057 0.542828 2.30476 0.358184 699
11 8 22 19.3561 0.592289 2.30124 0.340346 651
11 8 23 20.057 0.678157 1.5026 0.545556 771
11 8 24 20.0114 0.596071 2.18905 0.304122 746
11 8 25 17.2464 0.781942 2.328 0.349541 573
11 8 26 20.3172 0.560253 2.28628 0.367862 882
11 8 27 21.5 -2 0 0 734
11 8 28 18.0436 0.563926 2.39286 0.284466 678
11 8 29 19.2621 0.530165 2.33297 0.33894 838
11 8 30 19.1223 0.565735 2.50207 0.440766 756
11 8 31 17.5244 0.508376 1.83146 0.625319 568
11 8 32 17.6129 0.577976 2.02828 0.325829 682
11 8 33 21.5 -2 0 0 506
11 8 34 18.442 0.745345 1.56614 0.53698 868
11 8 35 20.0224 0.783372 2.89275 0.415452 453
11 8 36 19.0045 0.595491 1.63441 0.325917 624
11 8 37 19.9749 0.561953 2.09497 0.407018 516
11 8 38 20.7962 0.772994 2.87027 0.343227 1035
11 8 39 17.9461 0.557038 2.01971 0.364465 919
11 8 40 16.4525 1.04447 3.74721 0.317267 710
11 8 41 17.5 -2 0 0 556
11 8 42 19.1771 0.734804 2.76949 0.40617 495
11 8 43 21.5 -2 0 0 629
11 8 44 17.7591 0.597558 2.07778 0.333952 656
11 8 45 19.5015 0.600077 1.57483 0.549418 837
11 8 46 18.567 1.00928 2.03087 0.358865 913
11 8 47 19.6131 0.682851 3.01089 0.268761 1137
11 8 48 18.1031 0.501649 1.78659 0.466677 575
11 8 49 18.0523 1.03316 1.87892 0.534144 978
11 8 50 18.6862 1.03934 1.73234 0.547464 955
11 8 51 17.7102 0.563655 1.94506 0.402793 1023
11 8 52 16.9431 0.782026 2.58228 0.42752 681
11 8 53 19.4841 0.809594 2.74279 0.385775 407
11 8 54 18.6099 0.579075 2.07888 0.300925 979
11 8 55 18.1293 0.523228 2.17412 0.292869 882
11 8 56 18.3766 0.760763 2.5684 0.257715 1074
11 8 57 17.5957 0.620967 1.93362 0.482995 1018
11 8 58 17.6561 0.641557 2.16117 0.335934 717
11 8 59 17.9395 0.583828 1.98653 0.402075 1042
11 8 60 18.5474 0.497266 2.16655 0.387405 1110
11 8 61 16.1392 0.642028 2.75967 0.33643 972
11 8 62 17.9592 0.699848 2.66469 0.375629 1007
11 8 63 21.5 -2 0 0 909
11 9 0 18.6386 0.71595 2.13902 0.345154 1375
11 9 1 16.6049 0.532942 1.98395 0.350343 1237
11 9 2 15.976 0.565577 1.90705 0.309645 1159
11 9 3 21.5 -2 0 0 937
11 9 4 17.3167 0.630169 1.3041 0.437572 907
11 9 5 14.5547 0.720329 2.19749 0.408034 1070
11 9 6 18.288 0.647148 1.91714 0.330521 1195
11 9 7 19.0867 0.534196 2.24095 0.298452 1049
11 9 8 19.1109 0.712254 1.24131 0.627581 1095
11 9 9 17.9473 0.762376 2.60382 0.27766 1204
11 9 10 17.0923 0.51984 1.67942 0.404785 1019
11 9 11 16.3465 0.770575 1.67767 0.374849 948
11 9 12 16.7853 0.53364 1.5818 0.350784 988
11 9 13 18.9989 0.629462 2.07643 0.348077 822
11 9 14 16.8302 0.544084 2.01671 0.317788 1119
11 9 15 16.6883 0.777842 1.1459 0.456009 818
11 9 16 14.3293 1.1418 2.59912 0.27894 902
11 9 17 19.5381 0.579165 1.66308 0.45457 983
11 9 18 18.9502 0.580618 2.34289 0.444869 924
11 9 19 15.6282 0.540992 1.76135 0.385289 843
11 9 20 18.4865 0.707361 1.72229 0.300182 820
11 9 21 16.7229 0.421518 1.78544 0.455182 1152
11 9 22 18.9857 0.553571 1.80833 0.369677 958
11 9 23 16.4663 0.85807 1.70557 0.476795 823
11 9 24 21.5 -2 0 0 1111
11 9 25 18.9058 0.612092 1.95069 0.373082 867
11 9 26 16.9884 0.667548 2.05193 0.356124 1027
11 9 27 15.5448 0.436665 1.51035 0.450858 947
11 9 28 19.1537 0.549225 2.30214 0.438317 823
11 9 29 17.1814 0.490783 1.9719 0.317858 864
11 9 30 17.619 0.541103 2.21472 0.277195 808
11 9 31 18.8043 0.613901 2.04815 0.265507 827
11 9 32 15.4033 0.641857 1.7482 0.272571 736
11 9 33 15.3964 0.487095 1.79933 0.296183 776
11 9 34 17.1439 0.541928 2.07165 0.338975 936
11 9 35 18.8955 1.14254 1.60737 0.552188 769
11 9 36 17.2985 0.52641 1.61226 0.39775 742
11 9 37 17.0063 0.621989 2.57917 0.425813 721
11 9 38 16.2214 0.744335 2.00354 0.362606 780
11 9 39 19.4357 0.453465 1.78236 0.489853 706
11 9 40 21.5 -2 0 0 782
11 9 41 18.5775 0.516926 2.22499 0.421646 697
11 9 42 16.6283 0.510648 1.77731 0.285411 731
11 9 43 16.8593 0.583633 1.6932 0.466559 805
11 9 44 16.2454 0.608989 1.4913 0.359622 647
11 9 45 16.9506 0.602974 1.63274 0.36921 709
11 9 46 17.0453 0.68133 1.71413 0.409356 858
11 9 47 17.0465 0.525391 1.88935 0.330156 792
11 9 48 19.6241 0.61123 2.38166 0.352808 758
11 9 49 16.7347 0.807125 1.08491 0.563066 697
11 9 50 16.0173 0.84129 0.997842 0.511911 706
11 9 51 18.9739 0.678175 1.61062 0.454093 735
11 9 52 14.3693 0.772743 2.02869 0.325825 807
11 9 53 15.4554 0.621779 1.52044 0.380768 669
11 9 54 15.69 0.558142 1.79214 0.273664 706
11 9 55 17.7868 0.538045 1.71965 0.611911 729
11 9 56 17.5593 0.818679 1.77919 0.397547 719
11 9 57 21.5 -2 0 0 754
11 9 58 18.0231 0.66175 1.5714 0.380223 718
11 9 59 15.4517 0.591661 2.04081 0.339814 822
11 9 60 14.8001 0.51927 1.73069 0.399803 610
11 9 61 21.5 -2 0 0 788
11 9 62 15.2757 0.585646 1.95784 0.402945 766
11 9 63 17.0726 0.503074 2.0606 0.34109 703
11 10 0 15.8731 0.354622 1.99968 0.448789 1503
11 10 1 15.2113 0.736108 2.28354 0.359592 1276
11 10 2 15.0473 0.468017 1.90622 0.302048 1124
11 10 3 16.6274 0.672426 1.90537 0.351302 1285
11 10 4 17.4872 0.487231 2.39843 0.308793 1559
11 10 5 17.5389 0.462806 1.81825 0.460174 1443
11 10 6 16.1665 0.466992 1.5981 0.484393 1231
11 10 7 17.8816 0.483919 2.36274 0.287601 1354
11 10 8 14.8846 0.717981 1.61323 0.447971 1257
11 10 9 15.0259 0.58186 1.98196 0.242956 1197
11 10 10 14.9722 0.568182 2.39087 0.433224 1066
11 10 11 17.5357 0.441104 1.63567 0.390274 1564
11 10 12 14.8801 0.495766 2.11731 0.401295 1370
11 10 13 17.5068 0.568568 1.66913 0.418908 1419
11 10 14 16.1448 0.642565 2.02152 0.345979 1566
11 10 15 15.5345 0.489595 2.00136 0.257096 1340
11 10 16 15.5067 0.574779 3.0254 0.316917 760
11 10 17 16.9011 0.616977 2.35112 0.418722 1632
11 10 18 17.2885 0.556078 1.81962 0.429973 1476
11 10 19 15.2848 0.753383 2.19289 0.38392 1370
11 10 20 17.2953 0.600624 1.90306 0.437222 1746
11 10 21 14.8154 0.890341 2.52261 0.338066 1198
11 10 22 18.1403 0.419645 2.25952 0.388871 1309
11 10 23 17.8524 0.646505 1.45949 0.316912 1834
11 10 24 14.6292 1.02927 2.39319 0.337869 1412
11 10 25 15.6334 0.42925 1.44037 0.505273 1543
11 10 26 17.5105 0.45785 1.9561 0.458544 1897
11 10 27 17.0541 0.515385 1.76509 0.48852 1621
11 10 28 15.8686 0.42903 1.94106 0.34153 1510
11 10 29 17.5489 0.419952 1.76642 0.459066 1834
11 10 30 18.0155 0.427711 1.87895 0.494868 1635
11 10 31 17.6114 0.478412 1.87299 0.365872 1875
11 10 32 17.8001 0.506481 2.06563 0.314298 1770
11 10 33 18.4333 0.38733 1.65541 0.493445 1774
11 10 34 17.1275 0.572684 2.10371 0.387564 2002
11 10 35 18.002 0.833357 2.24746 0.347367 2116
11 10 36 17.7155 0.61954 1.83166 0.376206 1862
11 10 37 17.8589 0.557997 1.87822 0.332482 2083
11 10 38 17.8571 0.609014 1.83958 0.384244 2389
11 10 39 21.5 -2 0 0 3130
11 10 40 16.8795 0.616163 1.58436 0.38191 1893
11 10 41 15.1842 0.640364 2.07411 0.359568 1933
11 10 42 17.6798 0.539597 1.97781 0.270443 2284
11 10 43 18.1056 0.702578 1.92005 0.493932 2094
11 10 44 16.9698 0.530239 1.9605 0.53637 2306
11 10 45 17.4406 0.396172 1.7475 0.567578 1995
11 10 46 15.7927 0.545947 1.97502 0.395929 2284
11 10 47 18.0102 0.476917 2.03211 0.490433 3067
11 10 48 16.1294 0.46505 1.47576 0.333984 2216
11 10 49 15.5734 0.529757 1.593 0.56477 2248
11 10 50 21.5 -2 0 0 2358
11 10 51 18.032 0.556482 1.88509 0.451587 3746
11 10 52 17.0502 0.571237 2.02541 0.273047 2460
11 10 53 17.5685 0.432522 2.07606 0.392741 2942
11 10 54 16.2654 0.757881 2.32788 0.388151 2417
11 10 55 21.5 -2 0 0 2887
11 10 56 17.3994 0.491375 1.94716 0.384049 3406
11 10 57 17.4265 0.487776 2.15533 0.343373 3393
11 10 58 16.7885 0.536334 2.04543 0.259968 2611
11 10 59 14.7953 0.548429 1.97995 0.318054 2694
11 10 60 16.9119 0.481731 2.08444 0.32202 3054
11 10 61 16.9311 0.737435 2.0715 0.362038 3914
11 10 62 16.5752 0.563703 1.94983 0.440018 3059
11 10 63 14 0.542425 2.09133 0.409806 2435
11 11 0 18.7409 0.617126 2.26995 0.328239 3859
11 11 1 15.8819 0.559479 1.95718 0.405902 3582
11 11 2 16.7542 0.767404 2.08703 0.302239 3395
11 11 3 15.5006 0.496822 2.08998 0.271948 2235
11 11 4 15.6911 0.417912 1.91733 0.250947 2039
11 11 5 18.3136 0.484774 2.10212 0.334575 2630
11 11 6 18.9335 0.443806 2.17397 0.377315 3368
11 11 7 15.2746 0.726914 1.93273 0.375773 2017
11 11 8 15.8795 0.565652 1.30337 0.512228 2463
11 11 9 16.7308 0.644966 2.17589 0.238121 2934
11 11 10 17.2809 0.854383 2.25577 0.457371 2910
11 11 11 16.5959 0.513999 2.26025 0.351016 2315
11 11 12 17.8571 0.493806 2.06588 0.292099 2602
11 11 13 18.3532 0.48626 1.79073 0.311177 1972
11 11 14 18.7987 0.43265 2.26747 0.287132 3119
11 11 15 17.9532 0.76407 2.32764 0.422974 2153
11 11 16 16.3151 0.6293 2.48058 0.331944 2660
11 11 17 15.9426 0.49439 1.85616 0.397555 2328
11 11 18 17.0793 0.686424 1.88235 0.377946 2109
11 11 19 17.7144 0.575931 2.04927 0.355533 1944
11 11 20 18.0516 0.611674 1.82886 0.553399 1943
11 11 21 16.8906 0.447831 2.02486 0.272922 3212
11 11 22 21.5 -2 0 0 2017
11 11 23 18.4891 0.471751 1.98898 0.33496 2057
11 11 24 19.0877 0.481839 2.05648 0.300914 2992
11 11 25 18.7097 0.471958 1.83543 0.47751 1683
11 11 26 18.6504 0.538875 2.0112 0.323067 2762
11 11 27 18.7795 0.619678 1.71619 0.435252 1872
11 11 28 21.5 -2 0 0 1670
11 11 29 18.2406 0.468337 2.07684 0.449898 2178
11 11 30 17.4459 0.394523 2.00138 0.310822 1916
11 11 31 19.146 0.506121 1.86238 0.349511 1615
11 11 32 21.5 -2 0 0 1432
11 11 33 18.0889 0.764091 1.75204 0.470581 1527
11 11 34 18.9145 0.596076 2.1516 0.235333 2314
11 11 35 16.2937 0.494129 2.36588 0.210933 1255
11 11 36 21.5 -2 0 0 1600
11 11 37 16.8612 0.59152 1.71052 0.407822 1743
11 11 38 18.3978 0.531283 2.07756 0.399632 1356
11 11 39 15.6066 0.643043 1.94316 0.331398 1135
11 11 40 17.9269 0.695637 1.71429 0.511071 1754
11 11 41 21.5 -2 0 0 1404
11 11 42 21.5 -2 0 0 1428
11 11 43 16.9988 0.482969 1.88221 0.247717 1889
11 11 44 18.5221 0.444705 1.88615 0.39626 1239
11 11 45 21.5 -2 0 0 1363
11 11 46 18.7477 0.52985 2.72309 0.325536 2034
11 11 47 17.4389 0.573539 2.92807 0.440417 1230
11 11 48 14.7188 0.58122 2.38088 0.501575 1329
11 11 49 16.7888 0.758214 1.88848 0.498856 1587
11 11 50 15.9662 0.738223 1.63906 0.457714 1196
11 11 51 18.1651 0.497337 2.07736 0.424266 1335
11 11 52 16.0738 0.395319 1.82798 0.422808 1597
11 11 53 14.7922 0.578706 2.33814 0.378268 906
11 11 54 16.9069 0.687476 2.46323 0.286912 1296
11 11 55 21.5 -2 0 0 1528
11 11 56 15.5458 0.563244 1.91768 0.426204 1029
11 11 57 15.3363 0.797535 2.2788 0.27158 1237
11 11 58 21.5 -2 0 0 1355
11 11 59 17.1345 0.525526 1.92674 0.587212 1876
11 11 60 16.7217 0.524916 2.36952 0.405523 658
11 11 61 15.0565 0.708434 2.03894 0.323678 1481
11 11 62 16.6913 0.847223 2.49681 0.372507 1656
11 11 63 14.9999 0.652539 2.26857 0.298228 1347
11 12 0 18.2657 0.373731 2.29861 0.498422 4384
11 12 1 18.5437 0.419889 2.04719 0.328742 3983
11 12 2 18.3349 0.390783 2.28068 0.329917 3927
11 12 3 18.0781 0.368949 1.95425 0.439959 3379
11 12 4 16.6951 0.464969 1.68548 0.552499 3847
11 12 5 17.7732 0.41954 2.0824 0.33773 3842
11 12 6 18.5878 0.496487 2.04293 0.539511 3763
11 12 7 18.156 0.464719 2.26282 0.37913 3183
11 12 8 18.3772 0.34931 2.05304 0.391921 3798
11 12 9 18.099 0.512898 1.97977 0.528937 3343
11 12 10 18.035 0.520731 2.104 0.385237 3329
11 12 11 18.5447 0.379174 1.90523 0.406074 4152
11 12 12 16.5375 0.359153 1.75754 0.450607 3481
11 12 13 16.3949 0.404421 1.93726 0.35571 3312
11 12 14 18.5095 0.510463 2.07719 0.482983 4344
11 12 15 18.1054 0.440205 2.02174 0.301117 3607
11 12 16 18.5919 0.371549 2.00533 0.552112 3335
11 12 17 18.5568 0.53263 1.79474 0.578502 4306
11 12 18 21.5 -2 0 0 3591
11 12 19 18.4538 0.332745 1.99509 0.433197 3518
11 12 20 18.0331 0.351296 1.99871 0.336529 4279
11 12 21 18.3967 0.345112 2.06903 0.449542 3410
11 12 22 18.4116 0.54017 2.0187 0.307446 3121
11 12 23 18.7346 0.418908 1.86969 0.417438 4429
11 12 24 21.5 -2 0 0 3870
11 12 25 18.2225 0.508339 2.25942 0.295069 3676
11 12 26 18.8391 0.448713 2.02766 0.442709 4574
11 12 27 21.5 -2 0 0 3651
11 12 28 16.5249 0.40082 1.88572 0.357557 3466
11 12 29 17.1856 0.474431 1.43081 0.676306 4418
11 12 30 18.616 0.444171 2.07051 0.45737 3965
11 12 31 16.1956 0.47121 1.95737 0.37551 3664
11 12 32 18.4856 0.367481 2.11824 0.34905 3835
11 12 33 18.4261 0.475244 1.93756 0.434626 4072
11 12 34 18.0573 0.44033 2.08211 0.383414 4952
11 12 35 18.5864 0.407043 1.98011 0.407543 4200
11 12 36 17.8365 0.380872 1.94478 0.43232 4208
11 12 37 18.9121 0.419454 1.81172 0.356334 4772
11 12 38 17.4145 0.336358 2.07626 0.3705 4075
11 12 39 18.6059 0.53477 2.05684 0.417927 4984
11 12 40 19.2253 0.620783 1.69433 0.615689 4473
11 12 41 18.5601 0.40977 1.83534 0.318253 3944
11 12 42 18.8688 0.369795 1.84982 0.406305 4491
11 12 43 18.4152 0.362735 2.05459 0.464317 4922
11 12 44 18.413 0.35176 1.56984 0.716686 4098
11 12 45 18.5588 0.413724 1.75425 0.450877 4319
11 12 46 18.2769 0.342948 2.02573 0.503398 5177
11 12 47 16.4241 0.425898 2.09263 0.455875 4277
11 12 48 18.4107 0.341365 1.88774 0.454413 4437
11 12 49 18.4468 0.394402 1.87897 0.423783 4847
11 12 50 17.7615 0.483473 1.98688 0.465621 4419
11 12 51 16.5349 0.355545 2.25706 0.353075 5590
11 12 52 21.5 -2 0 0 5210
11 12 53 18.1814 0.403883 1.81695 0.621637 4464
11 12 54 18.1311 0.470797 1.9305 0.427511 4791
11 12 55 16.5689 0.406585 1.65782 0.633957 5145
11 12 56 17.6446 0.478224 1.99524 0.543742 5154
11 12 57 17.2746 0.570901 2.3435 0.629054 5361
11 12 58 17.6924 0.429573 1.88715 0.348055 4808
11 12 59 17.5913 0.463058 2.11786 0.435088 5507
11 12 60 18.1114 0.358096 1.95439 0.420178 4587
11 12 61 15.8081 0.438864 2.35475 0.429532 6098
11 12 62 15.9407 0.418081 2.17857 0.309949 5651
11 12 63 21.5 -2 0 0 5049
11 13 0 18.9373 0.456784 2.25893 0.583457 6072
11 13 1 18.5424 0.350726 2.38001 0.441674 5538
11 13 2 17.1639 0.375453 2.21283 0.40671 4881
11 13 3 21.5 -2 0 0 3825
11 13 4 19.1282 0.353291 1.95851 0.498633 4567
11 13 5 18.7228 0.412255 1.96718 0.469009 4990
11 13 6 18.8062 0.562979 2.42324 0.443098 5105
11 13 7 18.902 0.322913 2.20977 0.455321 3887
11 13 8 18.3955 0.577967 1.9699 0.651873 4980
11 13 9 19.2291 0.343596 2.28091 0.408955 4497
11 13 10 19.0465 0.393472 1.93692 0.472027 3948
11 13 11 17.4011 0.353837 2.05072 0.329957 4089
11 13 12 18.4642 0.397085 1.92611 0.490813 4502
11 13 13 18.3016 0.458202 1.86672 0.435681 3831
11 13 14 17.8152 0.394133 1.86446 0.562688 5087
11 13 15 25.5 -2 0 0 4035
11 13 16 19.0874 0.332896 2.31629 0.453024 4140
11 13 17 18.9091 0.369622 2.01714 0.430708 4979
11 13 18 17.3681 0.446219 1.84794 0.486724 3832
11 13 19 18.3828 0.713416 2.00856 0.489244 3832
11 13 20 17.2537 0.353391 1.99253 0.328915 3519
11 13 21 17.7998 0.384398 2.00027 0.388048 4071
11 13 22 18.5112 0.361962 1.71552 0.465941 3284
11 13 23 18.9648 0.42487 2.26695 0.344452 4514
11 13 24 21.5 -2 0 0 4705
11 13 25 17.3709 0.36575 1.89879 0.493987 2476
11 13 26 19.5638 0.422343 1.85231 0.50471 5519
11 13 27 19.7278 0.56567 1.96091 0.462108 3876
11 13 28 18.1667 0.439651 1.61865 0.460909 3417
11 13 29 19.3438 0.433692 2.28023 0.347493 4769
11 13 30 19.1355 0.399711 1.81417 0.365298 4099
11 13 31 21.5 -2 0 0 2882
11 13 32 19.238 0.71518 1.89869 0.377595 3432
11 13 33 16.914 0.454574 1.89635 0.399516 3286
11 13 34 18.0156 0.400935 1.87972 0.447722 4856
11 13 35 18.6026 0.359356 2.10597 0.388671 3333
11 13 36 17.9759 0.540035 1.96093 0.443135 3194
11 13 37 18.4712 0.546256 2.0211 0.369106 4270
11 13 38 17.4051 0.380243 1.93519 0.439205 2622
11 13 39 16.3155 0.597475 2.90191 0.358324 1760
11 13 40 19.1889 0.429309 1.79885 0.419206 4117
11 13 41 18.8307 0.713403 1.63173 0.628477 3203
11 13 42 21.5 -2 0 0 3415
11 13 43 19.0791 0.498848 1.91174 0.342695 4678
11 13 44 17.5576 0.37542 1.99074 0.37823 3085
11 13 45 17.6898 0.42942 2.03345 0.588067 2937
11 13 46 18.7709 0.499929 2.07558 0.407313 4976
11 13 47 19.0391 0.333584 2.21459 0.355888 2975
11 13 48 18.7266 0.425422 1.94335 0.480977 3670
11 13 49 18.4469 0.435863 1.89468 0.448869 3973
11 13 50 18.9739 0.518984 1.78341 0.553761 3162
11 13 51 19.0194 0.36616 2.2159 0.305029 3985
11 13 52 18.3518 0.381677 2.18753 0.423087 4187
11 13 53 18.3127 0.468217 2.39052 0.291254 2968
11 13 54 18.7383 0.437659 1.76401 0.477674 3502
11 13 55 18.7243 0.372543 2.05925 0.454932 3904
11 13 56 18.5566 0.389833 2.15282 0.471762 3705
11 13 57 18.4618 0.334838 2.36335 0.366883 3655
11 13 58 21.5 -2 0 0 3224
11 13 59 18.0064 0.500569 1.91211 0.482 4603
11 13 60 17.8836 0.659186 2.20967 0.474534 2769
11 13 61 16.4545 0.489702 2.38837 0.320121 3855
11 13 62 16.3118 0.764406 2.61822 0.454116 3788
11 13 63 17.5721 0.582584 2.2444 0.354751 3750
11 14 0 18.7749 0.409424 2.74924 0.284127 6058
11 14 1 19.1584 0.556163 2.25924 0.440632 5543
11 14 2 18.6066 0.459887 2.29574 0.359278 5170
11 14 3 18.65 0.404955 1.89284 0.418986 4116
11 14 4 18.4753 0.38674 2.0102 0.289184 4182
11 14 5 18.6437 0.377451 2.1212 0.391801 4628
11 14 6 17.7225 0.339699 2.12484 0.420654 5012
11 14 7 18.7165 0.487591 2.45525 0.393496 3947
11 14 8 18.821 0.48186 2.44423 0.330108 4813
11 14 9 18.8974 0.451193 2.11425 0.400279 4419
11 14 10 19.2211 0.360669 2.22157 0.423774 4291
11 14 11 18.1964 0.376185 2.07895 0.393956 4500
11 14 12 17.0928 0.459048 1.66554 0.418061 4125
11 14 13 19.1172 0.435221 2.08777 0.313938 3550
11 14 14 19.2659 0.491631 2.23377 0.395466 5372
11 14 15 18.238 0.648367 1.99441 0.44162 3764
11 14 16 17.8979 0.415214 2.26611 0.489087 4443
11 14 17 18.9849 0.377998 2.037 0.428116 4712
11 14 18 18.8824 0.562716 2.01247 0.370453 3983
11 14 19 18.8018 0.390138 1.95903 0.445396 3715
11 14 20 18.1047 0.481098 2.39187 0.420594 3856
11 14 21 19.0865 0.457412 2.19114 0.472458 4782
11 14 22 18.7673 0.694569 2.29507 0.349355 3915
11 14 23 21.5 -2 0 0 3915
11 14 24 19.1069 0.377029 1.99488 0.430506 5108
11 14 25 18.9882 0.462099 2.15405 0.363479 3584
11 14 26 19.0472 0.461844 2.43888 0.343977 5134
11 14 27 19.0125 0.429445 1.91295 0.450584 3575
11 14 28 19.2429 0.429284 2.03299 0.390607 3505
11 14 29 17.2883 0.412029 1.66917 0.475419 4251
11 14 30 19.2341 0.400271 1.92137 0.424569 3668
11 14 31 0 -10 0 0 0
11 14 32 21.5 -2 0 0 3130
11 14 33 18.9936 0.362772 1.84878 0.511409 3135
11 14 34 19.2045 0.467412 2.17636 0.353833 4528
11 14 35 18.9517 0.537738 2.40447 0.445041 2993
11 14 36 19.113 0.416472 1.83515 0.427594 3312
11 14 37 19.0111 0.450955 2.00551 0.324196 3737
11 14 38 21.5 -2 0 0 2587
11 14 39 19.0106 0.481513 2.03014 0.308043 2694
11 14 40 19.0246 0.3843 1.66461 0.699418 3528
11 14 41 19.3629 0.396317 1.87177 0.494781 2718
11 14 42 21.5 -2 0 0 3156
11 14 43 18.8757 0.528591 1.97518 0.325045 3884
11 14 44 18.923 0.537122 2.45692 0.471787 2463
11 14 45 18.7743 0.436263 1.80848 0.391395 2914
11 14 46 18.8262 0.596246 2.36209 0.278084 4326
11 14 47 21.5 -2 0 0 2611
11 14 48 15.9406 0.487339 2.11884 0.311782 2881
11 14 49 18.4074 0.638424 2.17629 0.416693 3307
11 14 50 18.9843 0.376945 2.07692 0.32492 2703
11 14 51 21.5 -2 0 0 3099
11 14 52 16.6542 0.419784 1.81394 0.353028 3552
11 14 53 16.7239 0.57477 2.04757 0.405968 2522
11 14 54 21.5 -2 0 0 2774
11 14 55 21.5 -2 0 0 3091
11 14 56 18.1357 0.654749 2.34181 0.752613 2807
11 14 57 21.5 -2 0 0 2995
11 14 58 16.5775 0.397913 1.82348 0.349476 2873
11 14 59 16.4258 0.45176 2.08474 0.325494 3926
11 14 60 21.5 -2 0 0 2632
11 14 61 16.1193 0.332091 2.25465 0.379287 3250
11 14 62 17.0037 0.498122 2.00412 0.3844 3250
11 14 63 16.9893 0.370218 1.66297 0.347848 2885
11 15 0 18.2229 0.979234 2.43847 0.587273 3156
11 15 1 18.63 0.474287 2.40777 0.406785 3026
11 15 2 19.0053 0.404671 2.03396 0.429409 2846
11 15 3 21.5 -2 0 0 2254
11 15 4 18.4178 0.396851 1.86904 0.332352 2976
11 15 5 18.1661 0.38988 1.92155 0.349738 2902
11 15 6 21.5 -2 0 0 2132
11 15 7 18.5166 0.404159 2.32387 0.416997 2269
11 15 8 18.5954 0.413668 2.05344 0.352948 2893
11 15 9 18.3039 0.65133 2.01265 0.418451 2484
11 15 10 18.2395 0.634112 1.89445 0.436358 2276
11 15 11 18.0035 0.69748 1.89994 0.377274 3183
11 15 12 18.6272 0.41956 1.77001 0.456006 2570
11 15 13 16.4144 0.460966 1.68586 0.30472 2303
11 15 14 21.5 -2 0 0 3025
11 15 15 17.9046 0.437863 1.89523 0.391435 2804
11 15 16 18.8127 0.525899 1.74784 0.560465 2147
11 15 17 17.0205 0.472921 1.78068 0.470745 3074
11 15 18 17.5996 0.375875 1.78045 0.5636 2507
11 15 19 18.875 0.356082 1.86662 0.468455 2620
11 15 20 17.5702 0.356389 1.97879 0.395764 2887
11 15 21 18.6138 0.405059 2.00569 0.436226 2507
11 15 22 18.796 0.449857 1.93278 0.323043 2322
11 15 23 18.9584 0.494424 2.02448 0.398456 3552
11 15 24 17.0257 0.31865 1.90032 0.410148 2701
11 15 25 18.6362 0.55997 2.1331 0.467195 2838
11 15 26 17.1821 0.550611 2.14563 0.400159 3288
11 15 27 19.2615 0.398922 1.87056 0.380139 3101
11 15 28 17.9892 0.389918 1.78812 0.326066 2617
11 15 29 18.098 0.424603 2.18464 0.365708 3775
11 15 30 18.0477 0.388605 1.67415 0.433786 2960
11 15 31 19.4401 0.390978 2.27691 0.348809 2986
11 15 32 17.4687 0.354804 1.73259 0.47946 2682
11 15 33 21.5 -2 0 0 3119
11 15 34 18.3772 0.405672 2.6843 0.400279 3637
11 15 35 17.801 0.591325 2.01844 0.434128 2783
11 15 36 18.2888 0.606668 2.01521 0.413636 3493
11 15 37 18.2218 0.612118 2.18699 0.478241 4056
11 15 38 18.1365 0.482057 2.47813 0.36083 3645
11 15 39 17.2473 0.376423 2.3833 0.349535 4464
11 15 40 18.7626 0.387969 1.69664 0.357053 3785
11 15 41 19.4434 0.562041 1.63532 0.578422 3358
11 15 42 16.5876 0.451778 1.99868 0.424655 3463
11 15 43 18.6897 0.380465 1.83754 0.533316 4171
11 15 44 17.6836 0.386997 1.90253 0.280234 3198
11 15 45 18.6354 0.441342 1.7938 0.367547 3631
11 15 46 21.5 -2 0 0 4128
11 15 47 17.4692 0.438882 2.17481 0.374996 3091
11 15 48 18.7048 0.336888 1.78919 0.398485 3871
11 15 49 18.214 0.430737 1.9243 0.348439 4342
11 15 50 18.264 0.735336 2.12231 0.431867 3906
11 15 51 18.2591 0.475252 1.88654 0.635509 5414
11 15 52 18.551 0.371252 2.08329 0.314706 4576
11 15 53 21.5 -2 0 0 3867
11 15 54 16.9514 0.357453 1.88017 0.377663 3807
11 15 55 18.4693 0.417564 1.98332 0.41379 4965
11 15 56 18.281 0.478668 2.46797 0.334395 4972
11 15 57 18.1569 0.480064 2.11774 0.391336 5102
11 15 58 16.5056 0.350497 1.89072 0.359368 3884
11 15 59 21.5 -2 0 0 4731
11 15 60 17.5 -2 0 0 3965
11 15 61 16.3518 0.433663 2.45106 0.448682 5458
11 15 62 17.8979 0.462901 2.15584 0.530619 5259
11 15 63 17.6014 0.455321 2.26044 0.29524 4618
12 0 0 35.8652 -3 0 0 125
12 0 1 35.8652 -3 0 0 112
12 0 2 35.8652 -3 0 0 116
12 0 3 35.8652 -3 0 0 114
12 0 4 35.8652 -3 0 0 95
12 0 5 35.8652 -3 0 0 96
12 0 6 35.8652 -3 0 0 111
12 0 7 35.8652 -3 0 0 71
12 0 8 35.8652 -3 0 0 98
12 0 9 35.8652 -3 0 0 113
12 0 10 35.8652 -3 0 0 4
12 0 11 35.8652 -3 0 0 120
12 0 12 35.8652 -3 0 0 118
12 0 13 0 -10 0 0 0
12 0 14 0 -10 0 0 0
12 0 15 35.8652 -3 0 0 132
12 0 16 0 -10 0 0 0
12 0 17 0 -10 0 0 0
12 0 18 35.8652 -3 0 0 128
12 0 19 35.8652 -3 0 0 98
12 0 20 0 -10 0 0 0
12 0 21 35.8652 -3 0 0 122
12 0 22 35.8652 -3 0 0 130
12 0 23 35.8652 -3 0 0 108
12 0 24 0 -10 0 0 0
12 0 25 35.8652 -3 0 0 131
12 0 26 35.8652 -3 0 0 126
12 0 27 35.8652 -3 0 0 132
12 0 28 35.8652 -3 0 0 129
12 0 29 35.8652 -3 0 0 154
12 0 30 35.8652 -3 0 0 131
12 0 31 35.8652 -3 0 0 138
12 0 32 35.8652 -3 0 0 105
12 0 33 35.8652 -3 0 0 121
12 0 34 35.8652 -3 0 0 141
12 0 35 35.8652 -3 0 0 181
12 0 36 35.8652 -3 0 0 134
12 0 37 35.8652 -3 0 0 165
12 0 38 35.8652 -3 0 0 147
12 0 39 35.8652 -3 0 0 131
12 0 40 35.8652 -3 0 0 140
12 0 41 35.8652 -3 0 0 120
12 0 42 35.8652 -3 0 0 142
12 0 43 35.8652 -3 0 0 152
12 0 44 35.8652 -3 0 0 104
12 0 45 35.8652 -3 0 0 149
12 0 46 35.8652 -3 0 0 182
12 0 47 35.8652 -3 0 0 195
12 0 48 35.8652 -3 0 0 112
12 0 49 37.2248 2.18705 7.7374 0.206691 207
12 0 50 35.8652 -3 0 0 131
12 0 51 35.8652 -3 0 0 138
12 0 52 35.8652 -3 0 0 190
12 0 53 35.8652 -3 0 0 191
12 0 54 35.8652 -3 0 0 154
12 0 55 35.8652 -3 0 0 169
12 0 56 35.8652 -3 0 0 134
12 0 57 35.8652 -3 0 0 167
12 0 58 35.8652 -3 0 0 161
12 0 59 35.8652 -3 0 0 147
12 0 60 0 -10 0 0 0
12 0 61 29.5 -2 0 0 241
12 0 62 35.8652 -3 0 0 197
12 0 63 30.7698 1.76274 5.25263 0.289717 204
12 1 0 38.8504 -3 0 0 194
12 1 1 38.8504 -3 0 0 185
12 1 2 38.8504 -3 0 0 184
12 1 3 39.0378 1.78505 5.83396 0.263588 228
12 1 4 33.5 -2 0 0 207
12 1 5 41.5 -2 0 0 252
12 1 6 38.8504 -3 0 0 189
12 1 7 38.8504 -3 0 0 197
12 1 8 42.693 3.83144 9.82353 0.284156 206
12 1 9 38.8504 -3 0 0 159
12 1 10 38.8504 -3 0 0 183
12 1 11 0 -10 0 0 0
12 1 12 37.5 -2 0 0 225
12 1 13 0 -10 0 0 0
12 1 14 38.8504 -3 0 0 198
12 1 15 38.7646 1.86055 5.15914 0.298166 215
12 1 16 38.2249 2.07657 7.13386 0.264947 285
12 1 17 38.8504 -3 0 0 173
12 1 18 38.8504 -3 0 0 178
12 1 19 38.8504 -3 0 0 116
12 1 20 0 -10 0 0 0
12 1 21 38.8504 -3 0 0 132
12 1 22 38.8504 -3 0 0 161
12 1 23 38.8504 -3 0 0 136
12 1 24 37.5 -2 0 0 210
12 1 25 38.8504 -3 0 0 139
12 1 26 42.6524 3.68964 8.46645 0.284467 201
12 1 27 38.8504 -3 0 0 148
12 1 28 38.8504 -3 0 0 184
12 1 29 38.8504 -3 0 0 118
12 1 30 38.8504 -3 0 0 104
12 1 31 38.8504 -3 0 0 138
12 1 32 38.8504 -3 0 0 152
12 1 33 38.8504 -3 0 0 130
12 1 34 38.8504 -3 0 0 186
12 1 35 38.8504 -3 0 0 169
12 1 36 38.8504 -3 0 0 162
12 1 37 38.8504 -3 0 0 141
12 1 38 33.5 -2 0 0 217
12 1 39 38.8504 -3 0 0 130
12 1 40 38.8504 -3 0 0 125
12 1 41 38.8504 -3 0 0 168
12 1 42 38.8504 -3 0 0 90
12 1 43 38.8504 -3 0 0 137
12 1 44 38.8504 -3 0 0 116
12 1 45 38.8504 -3 0 0 157
12 1 46 38.8504 -3 0 0 160
12 1 47 38.8504 -3 0 0 195
12 1 48 38.8504 -3 0 0 148
12 1 49 38.8504 -3 0 0 158
12 1 50 38.8504 -3 0 0 123
12 1 51 38.8504 -3 0 0 146
12 1 52 38.8504 -3 0 0 138
12 1 53 38.8504 -3 0 0 122
12 1 54 38.8504 -3 0 0 105
12 1 55 38.8504 -3 0 0 115
12 1 56 38.8504 -3 0 0 116
12 1 57 38.8504 -3 0 0 134
12 1 58 38.8504 -3 0 0 111
12 1 59 38.8504 -3 0 0 148
12 1 60 38.8504 -3 0 0 124
12 1 61 38.8504 -3 0 0 118
12 1 62 38.8504 -3 0 0 134
12 1 63 0 -10 0 0 0
12 2 0 38.6159 2.91636 10.1103 0.277139 249
12 2 1 33.5 -2 0 0 201
12 2 2 37.235 -3 0 0 164
12 2 3 37.2678 1.69138 5.5415 0.269497 231
12 2 4 37.235 -3 0 0 163
12 2 5 33.5 -2 0 0 245
12 2 6 37.235 -3 0 0 182
12 2 7 33.5 -2 0 0 209
12 2 8 37.235 -3 0 0 194
12 2 9 37.235 -3 0 0 164
12 2 10 37.235 -3 0 0 157
12 2 11 37.235 -3 0 0 153
12 2 12 37.235 -3 0 0 167
12 2 13 37.235 -3 0 0 173
12 2 14 37.235 -3 0 0 146
12 2 15 37.235 -3 0 0 127
12 2 16 37.235 -3 0 0 147
12 2 17 37.235 -3 0 0 138
12 2 18 37.235 -3 0 0 152
12 2 19 37.235 -3 0 0 195
12 2 20 37.235 -3 0 0 161
12 2 21 37.235 -3 0 0 193
12 2 22 37.5 -2 0 0 225
12 2 23 37.235 -3 0 0 164
12 2 24 37.235 -3 0 0 156
12 2 25 37.235 -3 0 0 184
12 2 26 0 -10 0 0 0
12 2 27 37.235 -3 0 0 178
12 2 28 37.235 -3 0 0 198
12 2 29 37.235 -3 0 0 191
12 2 30 33.5 -2 0 0 291
12 2 31 37.235 -3 0 0 176
12 2 32 37.235 -3 0 0 192
12 2 33 40.6568 3.81282 9.14591 0.325643 240
12 2 34 33.5 -2 0 0 210
12 2 35 37.235 -3 0 0 190
12 2 36 29.5 -2 0 0 207
12 2 37 37.235 -3 0 0 168
12 2 38 29.5 -2 0 0 232
12 2 39 33.5 -2 0 0 203
12 2 40 40.8853 2.06748 7.1861 0.260513 278
12 2 41 35.1094 3.1176 7.40201 0.271798 235
12 2 42 36.2565 2.96592 7.95295 0.359859 244
12 2 43 33.5 -2 0 0 245
12 2 44 0 -10 0 0 0
12 2 45 0 -10 0 0 0
12 2 46 37.235 -3 0 0 178
12 2 47 37.235 -3 0 0 198
12 2 48 37.235 -3 0 0 168
12 2 49 38.7893 3.35924 8.96233 0.330626 203
12 2 50 37.5 -2 0 0 203
12 2 51 36.6245 1.35757 5.15614 0.294384 239
12 2 52 37.235 -3 0 0 196
12 2 53 37.111 2.31108 5.87466 0.279971 248
12 2 54 42.5515 3.7528 10.8428 0.280237 233
12 2 55 33.5 -2 0 0 267
12 2 56 37.5 -2 0 0 320
12 2 57 40.7297 2.1743 7.28517 0.283836 340
12 2 58 38.383 1.48647 4.95684 0.353987 305
12 2 59 37.235 -3 0 0 186
12 2 60 38.0604 2.42863 8.28117 0.254467 267
12 2 61 35.3697 3.41434 8.15547 0.334571 212
12 2 62 29.5 -2 0 0 241
12 2 63 37.235 -3 0 0 195
12 3 0 35.9131 2.42262 6.16703 0.367589 327
12 3 1 34.5412 1.53937 4.20024 0.353166 365
12 3 2 35.3884 1.34803 5.29648 0.247636 350
12 3 3 34.6176 1.34125 5.27076 0.231949 419
12 3 4 34.245 1.45642 5.60346 0.231837 520
12 3 5 34.4487 1.37822 4.88837 0.354666 425
12 3 6 37.5 -2 0 0 387
12 3 7 32.9698 1.17139 5.05929 0.350209 418
12 3 8 33.3602 1.38746 4.96052 0.271862 512
12 3 9 36.1095 1.72422 6.5389 0.240533 432
12 3 10 34.3477 1.55883 6.49501 0.232056 637
12 3 11 36.0399 1.33617 5.82118 0.238246 574
12 3 12 35.514 1.18289 5.14553 0.31815 592
12 3 13 36.9361 1.14481 5.12064 0.226206 610
12 3 14 0 -10 0 0 0
12 3 15 36.3087 1.61737 4.91755 0.264578 568
12 3 16 33.807 1.23271 4.75889 0.295846 787
12 3 17 34.5211 1.76954 5.15091 0.318043 442
12 3 18 37.281 1.59365 6.20324 0.353543 458
12 3 19 34.6898 1.61769 6.21941 0.390616 327
12 3 20 34.9981 1.36799 5.1325 0.313099 361
12 3 21 33.6566 1.96466 6.20055 0.391378 378
12 3 22 37.4614 2.87068 7.24656 0.375221 294
12 3 23 33.5 -2 0 0 258
12 3 24 0 -10 0 0 0
12 3 25 31.9741 1.12397 4.2466 0.295661 403
12 3 26 37.2545 1.6312 6.24049 0.199097 386
12 3 27 29.5 -2 0 0 297
12 3 28 35.6739 1.55149 5.44821 0.312121 283
12 3 29 0 -10 0 0 0
12 3 30 0 -10 0 0 0
12 3 31 34.8196 2.45239 7.39548 0.319007 260
12 3 32 35.8687 1.27529 4.38093 0.429795 414
12 3 33 38.6307 3.66195 10.794 0.381152 316
12 3 34 40.6834 3.46672 10.6291 0.424102 318
12 3 35 37.9523 3.28485 9.97645 0.358398 252
12 3 36 0 -10 0 0 0
12 3 37 34.3842 1.33366 5.76575 0.186503 379
12 3 38 0 -10 0 0 0
12 3 39 36.0108 -3 0 0 174
12 3 40 35.6576 1.43865 4.92947 0.32119 394
12 3 41 29.5 -2 0 0 241
12 3 42 36.0108 -3 0 0 200
12 3 43 33.5 -2 0 0 279
12 3 44 33.5 -2 0 0 308
12 3 45 35.7367 2.2327 6.30259 0.301727 264
12 3 46 34.3598 1.39207 5.3395 0.27873 382
12 3 47 39.6397 3.53819 10.537 0.397405 310
12 3 48 34.8957 1.559 4.68396 0.431239 358
12 3 49 36.3039 1.83031 5.87749 0.406909 260
12 3 50 35.0376 2.77075 7.03306 0.385313 266
12 3 51 35.1589 1.72949 5.04865 0.340425 267
12 3 52 33.5 -2 0 0 312
12 3 53 32.4492 1.24692 4.7769 0.295466 317
12 3 54 39.6742 3.237 10.7152 0.328373 247
12 3 55 35.5454 1.79476 6.06536 0.323581 231
12 3 56 29.5 -2 0 0 228
12 3 57 36.0108 -3 0 0 194
12 3 58 33.5 -2 0 0 231
12 3 59 33.5 -2 0 0 259
12 3 60 35.8935 1.74467 6.03635 0.262309 237
12 3 61 34.2609 2.08633 6.08976 0.391623 225
12 3 62 29.5 -2 0 0 232
12 3 63 29.5 -2 0 0 217
12 4 0 34.1417 1.32217 5.05277 0.264688 418
12 4 1 29.5 -2 0 0 310
12 4 2 33.5 -2 0 0 252
12 4 3 33.5 -2 0 0 241
12 4 4 33.5 -2 0 0 213
12 4 5 38.9111 1.55373 6.38443 0.195068 357
12 4 6 35.6373 -3 0 0 156
12 4 7 34.1239 1.95986 5.22773 0.389546 314
12 4 8 38.6444 2.2649 8.12717 0.290495 263
12 4 9 36.6087 2.45816 6.97054 0.272426 264
12 4 10 37.5 -2 0 0 248
12 4 11 29.5 -2 0 0 221
12 4 12 35.6373 -3 0 0 187
12 4 13 37.5 -2 0 0 221
12 4 14 33.5 -2 0 0 220
12 4 15 35.6373 -3 0 0 195
12 4 16 29.5 -2 0 0 213
12 4 17 29.5 -2 0 0 201
12 4 18 37.587 2.73391 9.18347 0.298698 253
12 4 19 35.6373 -3 0 0 189
12 4 20 35.489 2.11382 5.81684 0.308979 213
12 4 21 33.5 -2 0 0 332
12 4 22 35.6924 1.54562 5.32471 0.287931 403
12 4 23 0 -10 0 0 0
12 4 24 33.5 -2 0 0 225
12 4 25 32.0183 1.92262 5.36614 0.321549 226
12 4 26 0 -10 0 0 0
12 4 27 36.0009 3.42948 5.98433 0.382306 309
12 4 28 34.9984 1.63275 6.12504 0.306169 358
12 4 29 29.5 -2 0 0 212
12 4 30 33.234 1.34154 4.48497 0.445199 433
12 4 31 33.5 -2 0 0 219
12 4 32 33.5 -2 0 0 206
12 4 33 40.9057 2.87855 9.63592 0.377734 286
12 4 34 35.6373 -3 0 0 188
12 4 35 0 -10 0 0 0
12 4 36 30.461 1.40334 5.34982 0.249321 300
12 4 37 33.5 -2 0 0 218
12 4 38 35.6373 -3 0 0 194
12 4 39 38.798 3.74445 12.6819 0.34003 215
12 4 40 35.5571 1.29977 5.28096 0.234901 417
12 4 41 35.0826 1.56143 5.29847 0.236829 377
12 4 42 29.5 -2 0 0 480
12 4 43 33.5 -2 0 0 210
12 4 44 34.6723 2.18887 6.53276 0.345522 249
12 4 45 37.9165 2.70532 8.18031 0.306117 256
12 4 46 33.5 -2 0 0 233
12 4 47 37.5 -2 0 0 213
12 4 48 45.5 -2 0 0 210
12 4 49 35.6373 -3 0 0 200
12 4 50 36.4445 1.64797 5.96783 0.249547 241
12 4 51 41.5 -2 0 0 261
12 4 52 35.6373 -3 0 0 196
12 4 53 29.5 -2 0 0 297
12 4 54 29.5 -2 0 0 303
12 4 55 33.5 -2 0 0 276
12 4 56 32.3034 1.5691 6.08262 0.367024 404
12 4 57 37.0195 1.56062 6.78057 0.187055 456
12 4 58 33.0323 1.74835 5.92182 0.397666 479
12 4 59 35.6373 -3 0 0 196
12 4 60 37.5 -2 0 0 327
12 4 61 31.3029 1.50335 5.28593 0.300174 272
12 4 62 33.5 -2 0 0 235
12 4 63 41.5 -2 0 0 269
12 5 0 35.9737 1.2015 4.97748 0.390581 484
12 5 1 36.3914 1.63342 5.2903 0.387228 496
12 5 2 38.8715 1.4498 5.54657 0.295723 515
12 5 3 39.5481 3.16376 9.32715 0.577605 552
12 5 4 33.398 0.914653 4.45952 0.258318 839
12 5 5 35.8696 1.37899 4.21432 0.245575 699
12 5 6 38.5519 2.15641 7.68192 0.407987 472
12 5 7 37.1219 1.34049 4.90762 0.294548 527
12 5 8 39.2934 1.85339 5.91427 0.338611 538
12 5 9 38.4011 1.22453 6.00412 0.255217 635
12 5 10 37.9692 2.05875 7.74361 0.39077 793
12 5 11 37.4307 1.6413 5.36609 0.298492 665
12 5 12 38.8028 1.49509 5.39201 0.251883 776
12 5 13 34.9589 1.15636 4.91583 0.270633 898
12 5 14 34.1373 1.16975 5.02414 0.239448 1197
12 5 15 35.2208 1.13634 4.90106 0.283408 1085
12 5 16 37.6407 1.60629 4.84664 0.187722 1019
12 5 17 35.8375 0.947802 4.63718 0.215735 746
12 5 18 31.8375 1.30915 4.62458 0.211494 781
12 5 19 33.6733 1.04169 4.35344 0.459041 597
12 5 20 33.0115 1.09387 4.35087 0.381892 749
12 5 21 38.3897 1.60432 6.32952 0.265375 500
12 5 22 0 -10 0 0 0
12 5 23 32.9919 1.07306 4.43227 0.357024 597
12 5 24 39.2889 2.88521 8.36398 0.528301 433
12 5 25 34.2171 1.15525 5.31394 0.179311 871
12 5 26 35.4515 1.22373 4.97638 0.249663 656
12 5 27 37.7651 1.2684 4.64404 0.248526 459
12 5 28 34.4176 1.12368 4.98629 0.302075 625
12 5 29 0 -10 0 0 0
12 5 30 0 -10 0 0 0
12 5 31 35.5559 1.14511 4.74741 0.254574 570
12 5 32 33.7969 1.1544 4.52597 0.214902 1022
12 5 33 34.8554 1.15306 4.96382 0.261411 578
12 5 34 37.2886 1.18651 5.63194 0.27545 644
12 5 35 37.7756 2.28944 5.17615 0.420783 500
12 5 36 0 -10 0 0 0
12 5 37 35.5347 1.30724 4.89103 0.327043 749
12 5 38 0 -10 0 0 0
12 5 39 0 -10 0 0 0
12 5 40 0 -10 0 0 0
12 5 41 36.1336 1.24898 5.67518 0.297779 432
12 5 42 0 -10 0 0 0
12 5 43 33.5812 1.17602 5.34709 0.275969 518
12 5 44 33.4838 0.86465 3.73703 0.478946 609
12 5 45 33.5256 0.941482 4.61132 0.355775 527
12 5 46 36.6935 1.10187 5.34464 0.191649 949
12 5 47 34.2025 1.20702 5.44712 0.222037 914
12 5 48 32.172 0.97635 4.83708 0.369238 882
12 5 49 33.7437 1.37489 5.73755 0.276532 687
12 5 50 36.0507 1.50726 5.20363 0.341577 676
12 5 51 33.0279 1.1508 5.33951 0.267164 516
12 5 52 34.5097 1.14504 3.88631 0.585266 712
12 5 53 41.5 -2 0 0 590
12 5 54 33.6602 1.26522 4.59091 0.437682 535
12 5 55 34.8067 1.20659 5.20042 0.353386 434
12 5 56 35.7915 1.71836 5.96253 0.353041 375
12 5 57 36.7158 1.51918 5.87877 0.411934 376
12 5 58 35.2855 1.407 6.02854 0.292074 434
12 5 59 36.6805 1.54548 6.49362 0.52217 549
12 5 60 34.4155 1.17157 5.19043 0.335243 500
12 5 61 35.2831 1.43209 5.24543 0.329095 459
12 5 62 30.7422 0.94334 3.57481 0.438502 501
12 5 63 34.6076 1.32603 5.02246 0.31031 607
12 6 0 35.8482 2.06432 6.02682 0.271681 251
12 6 1 36.8067 1.42286 4.98042 0.219517 318
12 6 2 37.5 -2 0 0 277
12 6 3 37.8756 2.11253 6.12646 0.255884 219
12 6 4 33.5 -2 0 0 209
12 6 5 37.3009 1.44293 4.86083 0.264863 423
12 6 6 29.5 -2 0 0 236
12 6 7 0 -10 0 0 0
12 6 8 33.5 -2 0 0 254
12 6 9 0 -10 0 0 0
12 6 10 33.5 -2 0 0 215
12 6 11 35.893 -3 0 0 186
12 6 12 35.0552 1.65834 5.58413 0.326965 284
12 6 13 33.5 -2 0 0 343
12 6 14 32.8353 1.69945 5.47421 0.2966 370
12 6 15 38.4034 2.53285 7.56318 0.404857 431
12 6 16 29.5 -2 0 0 235
12 6 17 35.893 -3 0 0 179
12 6 18 0 -10 0 0 0
12 6 19 39.1067 3.50528 10.575 0.270595 240
12 6 20 39.5622 2.5692 7.35668 0.343074 268
12 6 21 35.893 -3 0 0 189
12 6 22 35.893 -3 0 0 194
12 6 23 33.5 -2 0 0 212
12 6 24 31.5436 1.35814 5.31126 0.357582 383
12 6 25 35.893 -3 0 0 177
12 6 26 35.893 -3 0 0 166
12 6 27 33.5 -2 0 0 272
12 6 28 39.5214 3.72927 11.2098 0.409005 316
12 6 29 39.1114 1.90012 6.19215 0.29113 243
12 6 30 33.5 -2 0 0 218
12 6 31 35.893 -3 0 0 193
12 6 32 29.5 -2 0 0 245
12 6 33 37.5 -2 0 0 219
12 6 34 38.8631 2.91701 8.12804 0.251555 238
12 6 35 35.893 -3 0 0 182
12 6 36 0 -10 0 0 0
12 6 37 35.893 -3 0 0 184
12 6 38 37.9285 2.60792 8.5109 0.332862 227
12 6 39 33.5 -2 0 0 284
12 6 40 0 -10 0 0 0
12 6 41 38.0579 2.82146 9.52132 0.279661 237
12 6 42 33.5 -2 0 0 251
12 6 43 29.5 -2 0 0 265
12 6 44 35.893 -3 0 0 186
12 6 45 35.893 -3 0 0 188
12 6 46 35.893 -3 0 0 198
12 6 47 35.893 -3 0 0 178
12 6 48 35.893 -3 0 0 181
12 6 49 35.893 -3 0 0 139
12 6 50 35.893 -3 0 0 191
12 6 51 35.893 -3 0 0 180
12 6 52 35.893 -3 0 0 136
12 6 53 35.893 -3 0 0 162
12 6 54 33.5 -2 0 0 211
12 6 55 29.5 -2 0 0 238
12 6 56 35.893 -3 0 0 194
12 6 57 33.5 -2 0 0 206
12 6 58 35.893 -3 0 0 147
12 6 59 35.893 -3 0 0 192
12 6 60 35.893 -3 0 0 196
12 6 61 37.5 -2 0 0 205
12 6 62 33.5 -2 0 0 227
12 6 63 33.851 2.17855 7.78875 0.283099 231
12 7 0 39.607 1.76424 6.47408 0.27849 278
12 7 1 34.9495 1.10246 4.82085 0.356788 418
12 7 2 34.727 1.17736 5.27616 0.23906 374
12 7 3 35.6423 3.53062 8.98966 0.420554 332
12 7 4 0 -10 0 0 0
12 7 5 36.5219 1.15897 4.7952 0.245911 465
12 7 6 38.1656 1.56177 5.41092 0.253868 453
12 7 7 37.0338 1.41647 5.63024 0.399978 413
12 7 8 35.245 1.42508 5.63678 0.403174 357
12 7 9 29.5 -2 0 0 411
12 7 10 38.0367 1.46859 6.1125 0.470141 527
12 7 11 35.152 1.35495 5.51755 0.320921 431
12 7 12 36.1132 1.93225 6.0858 0.398065 424
12 7 13 32.1687 1.41732 3.93099 0.258695 591
12 7 14 35.5381 1.27047 4.69392 0.38956 470
12 7 15 35.4819 1.44377 4.41994 0.285881 663
12 7 16 37.0471 1.17183 4.92956 0.318425 509
12 7 17 35.8715 1.47098 5.22391 0.290806 628
12 7 18 36.5217 1.20782 5.64515 0.309189 731
12 7 19 35.3763 1.18986 5.71443 0.315498 541
12 7 20 34.0686 1.02399 4.51421 0.266701 686
12 7 21 36.9671 1.69903 7.18577 0.231391 560
12 7 22 35.8273 3.2328 10.632 0.457522 314
12 7 23 37.8652 1.66853 6.679 0.390067 301
12 7 24 37.2463 1.14817 5.02246 0.463057 664
12 7 25 34.1354 1.12251 5.00323 0.199941 726
12 7 26 35.2638 1.38161 5.42465 0.246494 496
12 7 27 32.7292 1.035 3.50966 0.549376 602
12 7 28 35.0858 1.26925 5.33537 0.346171 408
12 7 29 0 -10 0 0 0
12 7 30 38.4161 1.56697 5.69667 0.383758 293
12 7 31 35.0267 1.23673 5.5935 0.269539 531
12 7 32 34.7331 1.1542 4.87607 0.224887 530
12 7 33 34.4808 1.07568 4.37458 0.396999 360
12 7 34 33.2155 1.19796 4.98956 0.261968 893
12 7 35 35.3566 1.24371 5.42516 0.286908 408
12 7 36 34.965 1.34607 5.82916 0.337579 378
12 7 37 31.324 1.04842 4.63863 0.249407 940
12 7 38 37.2012 1.95614 6.5139 0.275781 879
12 7 39 0 -10 0 0 0
12 7 40 38.7148 2.83465 7.97321 0.415762 395
12 7 41 37.6905 1.71669 5.42062 0.336297 511
12 7 42 34.363 1.18746 5.62621 0.284941 596
12 7 43 35.7251 1.29881 5.18704 0.331197 504
12 7 44 0 -10 0 0 0
12 7 45 0 -10 0 0 0
12 7 46 35.622 1.12527 5.68688 0.172966 1049
12 7 47 34.3356 1.04585 5.23209 0.303639 1168
12 7 48 37.086 1.5219 5.74631 0.23287 610
12 7 49 36.2843 1.28944 5.93429 0.2819 482
12 7 50 33.147 0.963382 4.0763 0.45008 555
12 7 51 35.7743 1.23936 4.88805 0.343202 717
12 7 52 34.4642 1.17188 4.48174 0.394467 780
12 7 53 34.54 1.32328 4.73062 0.337255 899
12 7 54 0 -10 0 0 0
12 7 55 35.7906 1.19326 4.83071 0.300415 656
12 7 56 0 -10 0 0 0
12 7 57 34.0392 1.07212 5.00851 0.231095 770
12 7 58 32.0629 1.13409 5.45794 0.272885 808
12 7 59 0 -10 0 0 0
12 7 60 32.6099 1.03202 4.39374 0.348745 681
12 7 61 32.0557 1.31202 5.47586 0.241204 574
12 7 62 34.3601 1.16514 4.53688 0.419321 510
12 7 63 34.7596 1.16523 5.45199 0.341545 496
12 8 0 33.5428 -3 0 0 180
12 8 1 29.5 -2 0 0 221
12 8 2 33.5428 -3 0 0 147
12 8 3 33.5428 -3 0 0 193
12 8 4 30.4822 1.71311 5.23898 0.334075 213
12 8 5 33.5428 -3 0 0 196
12 8 6 33.5428 -3 0 0 186
12 8 7 0 -10 0 0 0
12 8 8 34.8605 1.94721 6.40709 0.245909 214
12 8 9 29.0687 1.54626 5.38904 0.284747 242
12 8 10 33.5428 -3 0 0 180
12 8 11 33.5428 -3 0 0 178
12 8 12 33.5428 -3 0 0 187
12 8 13 29.5 -2 0 0 222
12 8 14 33.5428 -3 0 0 176
12 8 15 29.5 -2 0 0 206
12 8 16 33.5428 -3 0 0 164
12 8 17 29.5 -2 0 0 238
12 8 18 33.5 -2 0 0 269
12 8 19 29.5 -2 0 0 230
12 8 20 29.5 -2 0 0 210
12 8 21 29.5 -2 0 0 248
12 8 22 33.5 -2 0 0 223
12 8 23 29.5 -2 0 0 236
12 8 24 29.5 -2 0 0 214
12 8 25 0 -10 0 0 0
12 8 26 29.5 -2 0 0 229
12 8 27 33.5 -2 0 0 226
12 8 28 33.5428 -3 0 0 169
12 8 29 33.6656 1.64104 5.57305 0.271587 250
12 8 30 29.5 -2 0 0 206
12 8 31 0 -10 0 0 0
12 8 32 33.5 -2 0 0 273
12 8 33 33.5 -2 0 0 234
12 8 34 32.1924 2.7703 9.17605 0.232354 296
12 8 35 29.5 -2 0 0 241
12 8 36 32.3189 2.00256 7.1511 0.281585 242
12 8 37 29.5 -2 0 0 277
12 8 38 29.5 -2 0 0 279
12 8 39 36.5895 2.01419 6.86252 0.226382 242
12 8 40 34.7307 2.33263 6.35111 0.329562 274
12 8 41 34.6466 3.17005 6.96856 0.279311 284
12 8 42 31.0478 1.25857 4.02625 0.372726 293
12 8 43 25.5 -2 0 0 283
12 8 44 33.5 -2 0 0 227
12 8 45 37.5 -2 0 0 295
12 8 46 33.9776 2.18657 5.79606 0.35008 325
12 8 47 32.2923 1.36107 5.45658 0.282058 409
12 8 48 35.2505 1.56443 5.85782 0.317459 424
12 8 49 35.9536 2.60282 7.35003 0.329788 328
12 8 50 35.5765 2.30135 7.20321 0.295903 360
12 8 51 34.9601 1.77945 5.49197 0.322135 365
12 8 52 29.5 -2 0 0 258
12 8 53 29.5 -2 0 0 327
12 8 54 35.6869 2.17094 6.97949 0.29584 235
12 8 55 32.2516 1.36145 4.96853 0.355822 350
12 8 56 36.9469 2.64537 7.42273 0.277798 270
12 8 57 32.8327 2.22154 5.19765 0.305202 347
12 8 58 29.5 -2 0 0 303
12 8 59 31.3708 2.6543 8.07995 0.289803 356
12 8 60 25.5 -2 0 0 277
12 8 61 25.5 -2 0 0 313
12 8 62 32.8694 1.83189 5.89599 0.308185 284
12 8 63 29.1372 1.43212 5.54643 0.293985 358
12 9 0 0 -10 0 0 0
12 9 1 32.4335 1.53636 5.39948 0.287681 395
12 9 2 29.5 -2 0 0 329
12 9 3 35.5572 2.09416 6.6095 0.298437 313
12 9 4 29.5 -2 0 0 287
12 9 5 35.4274 1.48825 5.23632 0.325754 386
12 9 6 32.7211 1.34683 4.43358 0.318318 356
12 9 7 0 -10 0 0 0
12 9 8 30.668 1.51685 4.69938 0.440684 393
12 9 9 0 -10 0 0 0
12 9 10 0 -10 0 0 0
12 9 11 36.0866 2.73318 7.14632 0.344799 295
12 9 12 34.255 1.79152 4.87305 0.305925 362
12 9 13 41.0511 2.41083 7.92766 0.368805 360
12 9 14 33.5 -2 0 0 324
12 9 15 32.7414 1.46854 5.38794 0.369588 410
12 9 16 31.5986 1.30032 4.20785 0.36994 372
12 9 17 33.2368 1.98125 7.35868 0.229035 324
12 9 18 37.6111 2.23109 8.17236 0.249805 308
12 9 19 40.4179 2.52653 8.73863 0.25606 256
12 9 20 0 -10 0 0 0
12 9 21 31.1521 1.69635 4.99301 0.363406 299
12 9 22 35.8571 2.12493 6.03275 0.257056 217
12 9 23 29.5 -2 0 0 276
12 9 24 39.4407 2.86436 9.22914 0.173208 221
12 9 25 36.4998 1.78393 5.9951 0.247715 224
12 9 26 34.4836 2.44565 5.86899 0.318086 287
12 9 27 33.5 -2 0 0 245
12 9 28 37.5 -2 0 0 201
12 9 29 33.5 -2 0 0 299
12 9 30 0 -10 0 0 0
12 9 31 33.5 -2 0 0 209
12 9 32 38.4067 3.68377 10.5007 0.263842 244
12 9 33 0 -10 0 0 0
12 9 34 33.0262 1.94913 5.84976 0.275174 241
12 9 35 35.5812 2.99424 7.4153 0.380701 258
12 9 36 33.5 -2 0 0 225
12 9 37 36.9508 2.45025 8.14224 0.302396 230
12 9 38 37.5 -2 0 0 223
12 9 39 33.5 -2 0 0 221
12 9 40 0 -10 0 0 0
12 9 41 33.5 -2 0 0 203
12 9 42 35.1249 -3 0 0 169
12 9 43 36.0501 2.59658 7.86452 0.267016 223
12 9 44 29.5 -2 0 0 207
12 9 45 37.5 -2 0 0 239
12 9 46 0 -10 0 0 0
12 9 47 35.1249 -3 0 0 197
12 9 48 32.9804 2.63923 6.9923 0.316976 231
12 9 49 35.1249 -3 0 0 160
12 9 50 0 -10 0 0 0
12 9 51 35.1249 -3 0 0 182
12 9 52 35.1249 -3 0 0 174
12 9 53 35.1249 -3 0 0 178
12 9 54 35.1249 -3 0 0 155
12 9 55 35.1249 -3 0 0 194
12 9 56 35.1249 -3 0 0 186
12 9 57 35.1249 -3 0 0 147
12 9 58 35.1249 -3 0 0 193
12 9 59 0 -10 0 0 0
12 9 60 35.1249 -3 0 0 174
12 9 61 35.1249 -3 0 0 178
12 9 62 33.5 -2 0 0 224
12 9 63 35.1249 -3 0 0 196
12 10 0 33.5876 1.2873 5.76385 0.256783 552
12 10 1 29.2472 1.29464 5.3026 0.197833 506
12 10 2 30.6912 1.39091 6.39624 0.30526 439
12 10 3 33.4074 1.50048 5.31641 0.295259 410
12 10 4 31.9375 1.23454 4.92327 0.272143 436
12 10 5 30.723 1.14172 4.95436 0.308737 459
12 10 6 37.6715 1.89821 7.49536 0.365181 481
12 10 7 33.5499 1.35853 5.98121 0.342315 437
12 10 8 30.267 1.46831 5.68188 0.345423 454
12 10 9 31.6458 1.19933 5.29615 0.423849 434
12 10 10 29.5 -2 0 0 342
12 10 11 33.9061 1.27435 5.26464 0.235646 425
12 10 12 34.6036 1.75329 5.5426 0.421113 363
12 10 13 34.4085 1.83981 7.41379 0.310849 373
12 10 14 31.5336 1.31127 5.13888 0.482642 433
12 10 15 34.267 3.03818 8.8219 0.540435 481
12 10 16 34.3789 1.54988 5.65343 0.348206 422
12 10 17 30.0374 0.896925 4.06397 0.391316 504
12 10 18 29.6207 0.996865 4.21837 0.324276 516
12 10 19 34.3249 1.35481 5.83563 0.455617 452
12 10 20 32.2387 1.14034 4.95112 0.317676 463
12 10 21 32.7733 1.09981 4.98532 0.293658 487
12 10 22 33.5726 1.37245 5.93418 0.236245 407
12 10 23 28.7187 0.890572 4.23024 0.252383 566
12 10 24 33.4627 1.04297 4.87009 0.373398 554
12 10 25 35.9111 1.34705 5.13667 0.323938 416
12 10 26 33.6856 1.44688 6.31189 0.326853 546
12 10 27 33.0664 1.19308 4.86406 0.366585 501
12 10 28 32.0559 1.19035 4.84461 0.280986 547
12 10 29 31.7733 1.05575 4.64125 0.509978 558
12 10 30 0 -10 0 0 0
12 10 31 31.0417 1.04432 4.39317 0.292543 664
12 10 32 29.5 -2 0 0 499
12 10 33 32.4411 1.83005 5.203 0.479303 547
12 10 34 33.7201 1.79816 4.80893 0.400151 502
12 10 35 0 -10 0 0 0
12 10 36 33.8636 1.29212 5.39884 0.230133 701
12 10 37 32.47 2.87538 10.075 0.485964 505
12 10 38 32.1551 0.878141 4.42787 0.217689 673
12 10 39 31.1796 1.0206 4.44085 0.333301 844
12 10 40 31.0778 1.04525 4.54312 0.272376 616
12 10 41 33.2704 1.17473 5.37524 0.305308 748
12 10 42 32.1985 1.31822 5.1634 0.392921 688
12 10 43 32.9979 1.14359 4.50821 0.305899 653
12 10 44 30.8507 1.41086 5.07326 0.352688 606
12 10 45 29.2969 1.1084 4.57681 0.294993 692
12 10 46 31.9356 1.39162 5.55707 0.279163 663
12 10 47 32.4044 1.10715 4.28259 0.351123 915
12 10 48 32.0111 1.33464 4.79545 0.330448 802
12 10 49 30.773 1.20729 4.9728 0.290428 1075
12 10 50 31.291 1.1647 4.43358 0.347821 1113
12 10 51 31.5029 1.15068 5.31691 0.219044 1094
12 10 52 31.9759 1.0063 4.77963 0.233114 615
12 10 53 30.5943 1.08282 4.26306 0.305818 774
12 10 54 31.689 1.19697 4.60262 0.342496 1090
12 10 55 31.3473 1.15277 5.46654 0.222409 1190
12 10 56 30.9006 1.39545 4.08365 0.30452 1213
12 10 57 31.285 1.41798 5.98312 0.240561 1247
12 10 58 30.3942 1.06401 4.98435 0.262945 973
12 10 59 30.9403 1.08441 4.66765 0.260015 725
12 10 60 31.2627 1.11693 5.09806 0.371796 659
12 10 61 29.4458 1.13433 4.35786 0.197444 941
12 10 62 30.462 1.24365 4.98639 0.379691 820
12 10 63 31.1202 1.24651 4.535 0.280483 813
12 11 0 31.6408 1.12345 4.52707 0.358184 1022
12 11 1 29.7376 0.963743 4.18424 0.31951 904
12 11 2 31.1754 1.16215 3.99769 0.414031 832
12 11 3 27.0892 0.863954 3.43555 0.481168 857
12 11 4 28.5661 1.0151 4.91072 0.233181 719
12 11 5 33.2927 1.1505 5.51383 0.180706 1203
12 11 6 30.8946 1.31206 4.4913 0.292023 668
12 11 7 30.3335 1.08829 4.3522 0.276982 1167
12 11 8 30.4519 1.05854 4.98221 0.163554 1207
12 11 9 28.8751 1.21338 4.36971 0.37106 1210
12 11 10 32.9731 1.34342 4.94924 0.343253 1025
12 11 11 28.9932 1.14162 4.56633 0.224049 638
12 11 12 28.7823 0.961871 4.33854 0.445249 638
12 11 13 32.0091 1.39766 4.7593 0.274149 897
12 11 14 30.3929 1.05348 4.72947 0.282637 918
12 11 15 28.7457 1.20908 4.28048 0.273877 758
12 11 16 28.7581 1.25126 4.26144 0.298421 705
12 11 17 31.0471 1.4158 5.49503 0.231631 598
12 11 18 28.0025 1.18149 4.25952 0.217578 877
12 11 19 30.2461 1.04274 4.2649 0.437652 577
12 11 20 29.3098 1.20559 5.09063 0.242773 681
12 11 21 29.6777 1.04715 4.12369 0.323405 811
12 11 22 31.6951 0.964749 4.4701 0.287622 865
12 11 23 31.3744 1.12078 4.64883 0.267117 665
12 11 24 30.2657 1.62658 5.53622 0.295671 543
12 11 25 27.8636 1.15367 4.71486 0.229745 550
12 11 26 0 -10 0 0 0
12 11 27 29.9999 1.04887 4.61058 0.281444 751
12 11 28 0 -10 0 0 0
12 11 29 30.6835 0.990422 4.47312 0.315859 528
12 11 30 0 -10 0 0 0
12 11 31 30.7206 0.986908 3.89179 0.340273 556
12 11 32 29.1885 1.01158 4.5006 0.258069 560
12 11 33 0 -10 0 0 0
12 11 34 29.117 1.06915 4.57302 0.340454 498
12 11 35 31.7408 1.30939 4.98673 0.233736 551
12 11 36 29.2272 1.51931 4.88403 0.358441 560
12 11 37 25.5 -2 0 0 402
12 11 38 33.2704 2.81195 5.48097 0.468032 397
12 11 39 29.7716 1.02363 4.05523 0.268399 509
12 11 40 0 -10 0 0 0
12 11 41 33.3486 1.11273 5.18898 0.299641 525
12 11 42 30.6662 1.25621 4.63399 0.331133 476
12 11 43 28.9248 1.44545 5.01799 0.428848 473
12 11 44 28.2889 1.13478 4.43056 0.314809 383
12 11 45 29.3153 1.49692 4.60561 0.311905 365
12 11 46 32.0505 1.11672 4.63575 0.297941 343
12 11 47 29.5 -2 0 0 392
12 11 48 29.819 1.26346 4.71902 0.28563 481
12 11 49 31.134 1.25511 4.61148 0.349632 322
12 11 50 31.8463 1.69223 6.87032 0.291752 351
12 11 51 29.5 -2 0 0 400
12 11 52 29.2133 1.19601 5.17662 0.306771 362
12 11 53 32.5707 1.52399 5.78276 0.383385 350
12 11 54 34.6495 2.10428 8.13234 0.351213 352
12 11 55 35.4099 2.11471 6.39752 0.361948 376
12 11 56 28.1834 1.36847 5.88818 0.39642 419
12 11 57 33.6449 2.36628 6.9345 0.350843 437
12 11 58 31.5534 1.5467 4.96465 0.248437 558
12 11 59 28.4288 1.15002 5.13709 0.373376 426
12 11 60 28.4918 1.0285 4.55076 0.294379 462
12 11 61 29.5 -2 0 0 415
12 11 62 30.0875 2.38894 5.00572 0.522463 355
12 11 63 26.1753 1.05355 4.69747 0.328129 443
12 12 0 35.7833 0.974566 5.49522 0.29835 1256
12 12 1 34.9341 0.985276 5.03183 0.304347 1091
12 12 2 34.685 1.71722 6.01743 0.288375 1036
12 12 3 36.2827 0.919547 5.26058 0.249711 931
12 12 4 34.1351 1.10152 6.07081 0.296654 968
12 12 5 33.5941 1.21588 4.76675 0.265196 953
12 12 6 38.2531 1.08315 5.34687 0.267823 1214
12 12 7 34.9784 1.01935 4.97127 0.439167 1097
12 12 8 34.5154 1.07099 5.59283 0.25815 1062
12 12 9 34.7775 0.981044 5.00396 0.286072 929
12 12 10 0 -10 0 0 0
12 12 11 35.2985 0.94373 4.6898 0.394894 919
12 12 12 35.3345 1.10465 5.08564 0.287756 990
12 12 13 36.3672 1.01143 5.74687 0.236129 918
12 12 14 39.1272 1.37554 5.159 0.499262 863
12 12 15 37.9408 1.03617 5.92624 0.252263 948
12 12 16 35.0464 1.18306 5.32348 0.278423 934
12 12 17 34.9302 1.06779 6.148 0.208179 978
12 12 18 34.8027 0.937004 4.7654 0.264446 857
12 12 19 34.8685 0.972948 5.80708 0.291374 977
12 12 20 33.7514 0.917331 4.86446 0.420216 1004
12 12 21 36.4554 1.31605 4.30263 0.232647 1278
12 12 22 33.4146 0.981341 4.32684 0.391259 1072
12 12 23 34.2107 0.854257 4.7816 0.31876 1049
12 12 24 0 -10 0 0 0
12 12 25 33.0261 0.963348 4.87473 0.469268 995
12 12 26 36.8035 0.878902 5.02416 0.326903 1002
12 12 27 37.745 1.00781 4.91993 0.231391 913
12 12 28 34.5216 0.853923 4.32918 0.306569 1165
12 12 29 34.7311 1.08316 4.67979 0.299655 1335
12 12 30 0 -10 0 0 0
12 12 31 32.1954 0.930772 4.12633 0.535839 1299
12 12 32 36.0046 1.09605 5.73281 0.230193 968
12 12 33 35.6613 0.963268 4.5292 0.367333 1039
12 12 34 0 -10 0 0 0
12 12 35 35.4939 1.22933 4.41807 0.287245 1236
12 12 36 36.4023 0.930568 4.8087 0.319898 1268
12 12 37 35.9921 1.15157 4.17594 0.313808 1008
12 12 38 38.3567 1.21469 5.33024 0.364286 1507
12 12 39 35.2389 0.950114 4.81822 0.185867 1670
12 12 40 37.5131 0.947041 4.98901 0.36826 943
12 12 41 36.2687 1.3984 4.47248 0.264113 1320
12 12 42 35.75 1.04549 5.81768 0.286827 1230
12 12 43 36.5541 1.01118 5.16667 0.318767 1135
12 12 44 33.9899 0.84712 4.6489 0.393696 1152
12 12 45 34.7594 0.943408 5.08954 0.281708 1166
12 12 46 37.0594 1.21388 4.9855 0.246331 1086
12 12 47 36.3977 0.946542 5.17823 0.277067 1262
12 12 48 34.8355 0.949103 5.17851 0.255701 1083
12 12 49 36.3083 1.29449 4.00509 0.494985 1131
12 12 50 33.5992 0.882344 5.10402 0.248653 1384
12 12 51 35.3201 1.09445 5.41187 0.273237 1345
12 12 52 36.1637 0.992676 4.64364 0.310496 1016
12 12 53 31.0004 0.671135 3.39155 0.763907 1168
12 12 54 35.5308 0.998606 5.14575 0.308306 1504
12 12 55 36.4712 1.19016 4.65375 0.333295 1456
12 12 56 36.0553 1.30499 5.20562 0.242013 1584
12 12 57 36.925 0.920422 5.06185 0.351295 1777
12 12 58 35.8888 0.968254 4.97617 0.336638 1555
12 12 59 34.9302 1.05088 5.04482 0.239784 1055
12 12 60 35.5004 1.01133 5.08199 0.245577 1277
12 12 61 35.5722 1.03681 5.73094 0.18754 1247
12 12 62 35.79 0.9905 5.0083 0.245396 1399
12 12 63 0 -10 0 0 0
12 13 0 38.5194 1.08346 5.24923 0.310006 1620
12 13 1 39.4064 1.29218 5.30741 0.230559 1264
12 13 2 39.4945 1.25691 5.51705 0.322442 1294
12 13 3 36.8527 1.02774 4.99999 0.305142 1223
12 13 4 39.2906 1.02342 5.24731 0.257247 1067
12 13 5 39.2939 1.17088 5.77112 0.162899 1764
12 13 6 37.5344 1.0395 4.5409 0.270074 970
12 13 7 41.8035 1.19988 5.52869 0.312273 1380
12 13 8 38.8821 1.28275 7.18479 0.13644 1614
12 13 9 39.8417 1.1212 4.97013 0.39889 1258
12 13 10 37.7716 1.0461 5.32448 0.300613 1243
12 13 11 38.4808 1.11645 5.22352 0.23123 911
12 13 12 39.5175 1.16328 6.13417 0.228862 906
12 13 13 38.8068 1.09485 5.52914 0.246217 1180
12 13 14 36.6004 1.3426 6.13243 0.253169 1189
12 13 15 38.7774 1.1219 5.91548 0.229242 983
12 13 16 37.4414 0.943509 4.66464 0.30137 1117
12 13 17 38.0749 1.07844 5.2239 0.252602 915
12 13 18 40.0961 1.28771 5.32793 0.313282 1185
12 13 19 39.2607 1.34502 6.13028 0.32387 986
12 13 20 35.8552 1.04327 4.42474 0.272473 1193
12 13 21 40.2101 1.17422 5.61426 0.182161 1396
12 13 22 39.6945 1.30209 5.50855 0.274169 1551
12 13 23 0 -10 0 0 0
12 13 24 0 -10 0 0 0
12 13 25 37.6915 1.08409 5.40946 0.345219 1070
12 13 26 0 -10 0 0 0
12 13 27 38.1458 1.09833 4.82569 0.357297 1263
12 13 28 0 -10 0 0 0
12 13 29 38.5935 1.28034 7.34074 0.285632 1018
12 13 30 0 -10 0 0 0
12 13 31 39.7406 1.35937 6.36763 0.281038 1221
12 13 32 39.7682 1.43036 5.95 0.255494 958
12 13 33 0 -10 0 0 0
12 13 34 38.5292 1.05763 4.86211 0.277175 945
12 13 35 38.0281 1.07761 5.3552 0.22479 1117
12 13 36 39.0596 1.08469 4.81697 0.336205 963
12 13 37 0 -10 0 0 0
12 13 38 38.1911 0.837587 4.13922 0.552399 913
12 13 39 39.8987 1.01426 5.59304 0.158475 941
12 13 40 42.4711 1.11372 5.36932 0.366139 1115
12 13 41 38.235 1.15279 4.95564 0.276325 1240
12 13 42 0 -10 0 0 0
12 13 43 38.2037 1.18215 6.08464 0.268212 1059
12 13 44 39.117 1.03298 5.34416 0.181391 974
12 13 45 39.2767 1.19598 6.33548 0.304407 800
12 13 46 40.6663 1.80394 7.2094 0.408925 753
12 13 47 37.1139 1.0219 4.2689 0.3164 390
12 13 48 37.5395 1.00925 5.42772 0.280358 819
12 13 49 37.1294 1.38739 5.95401 0.280177 492
12 13 50 38.3982 1.25728 5.36849 0.257041 603
12 13 51 37.9863 1.03826 5.24789 0.305575 821
12 13 52 38.9607 1.89546 9.56612 0.506538 662
12 13 53 38.0298 1.12557 5.21247 0.265274 949
12 13 54 38.6992 1.18326 5.15412 0.383852 921
12 13 55 38.8777 1.11508 6.08582 0.313341 951
12 13 56 40.1888 1.16109 5.10016 0.32747 938
12 13 57 38.3093 1.01419 5.48856 0.360855 1117
12 13 58 39.6512 1.15461 5.65683 0.249636 1007
12 13 59 36.8023 1.15193 5.26218 0.351259 821
12 13 60 38.3523 0.987065 5.11848 0.335379 954
12 13 61 37.6776 1.06828 5.58309 0.316288 805
12 13 62 37.2156 0.99102 5.47738 0.344663 787
12 13 63 37.9609 1.20685 5.33777 0.273907 945
12 14 0 34.7069 1.41055 4.94593 0.42687 1558
12 14 1 37.6875 1.13394 5.79692 0.216496 1597
12 14 2 35.7625 1.03229 5.24988 0.291046 1337
12 14 3 40.5281 2.07362 6.194 0.331002 1739
12 14 4 34.3978 0.958285 4.84471 0.256444 1225
12 14 5 33.5258 0.995766 5.3298 0.269185 1375
12 14 6 34.3124 1.27704 5.18856 0.222834 1545
12 14 7 36.2538 1.20771 5.69674 0.269942 1197
12 14 8 37.0481 1.33216 5.17167 0.264509 1336
12 14 9 34.4898 1.12367 4.91299 0.319996 1174
12 14 10 34.5453 0.998819 5.00911 0.296441 1453
12 14 11 0 -10 0 0 0
12 14 12 35.4872 1.14814 5.44864 0.2891 1329
12 14 13 0 -10 0 0 0
12 14 14 34.9351 1.08508 5.8395 0.174367 1574
12 14 15 36.4192 1.03191 5.43554 0.329422 1148
12 14 16 36.2633 1.01518 4.83502 0.322447 1243
12 14 17 0 -10 0 0 0
12 14 18 37.2053 1.86773 4.21109 0.391339 1034
12 14 19 35.4468 1.11433 5.05004 0.251697 1266
12 14 20 36.9627 0.96497 5.41362 0.326694 1107
12 14 21 37.1209 1.14732 4.56721 0.421337 1074
12 14 22 35.747 1.01785 5.73093 0.187886 1508
12 14 23 33.7573 0.879991 4.51982 0.351047 1109
12 14 24 33.8515 0.917292 4.41304 0.31869 1065
12 14 25 35.9221 0.830467 4.52586 0.438551 1063
12 14 26 35.616 1.08573 4.86299 0.273734 1001
12 14 27 35.4522 0.948197 4.77615 0.367757 1188
12 14 28 33.8399 1.03312 5.08728 0.252585 978
12 14 29 37.6123 1.13762 5.18531 0.248721 897
12 14 30 0 -10 0 0 0
12 14 31 38.3616 1.35807 5.54055 0.369041 884
12 14 32 34.2198 0.83773 4.51172 0.478131 1015
12 14 33 37.1372 1.14341 5.60301 0.254923 960
12 14 34 34.62 1.02477 5.67061 0.244901 966
12 14 35 34.9469 1.05319 4.8532 0.267924 1094
12 14 36 34.1801 0.994803 4.9787 0.286966 1072
12 14 37 36.7761 1.31503 5.82226 0.302588 989
12 14 38 37.2279 1.04143 4.60636 0.41741 839
12 14 39 35.2055 1.00932 4.86296 0.237005 924
12 14 40 35.7332 1.07018 5.31611 0.270777 946
12 14 41 35.6673 0.852431 4.41178 0.452339 792
12 14 42 36.3842 1.20266 5.34785 0.335466 972
12 14 43 33.1441 0.949489 4.2818 0.430495 837
12 14 44 40.0243 1.27882 5.8138 0.275247 708
12 14 45 36.0091 1.2139 6.02597 0.214364 933
12 14 46 35.2181 0.96407 4.69593 0.285558 770
12 14 47 36.7041 1.11728 5.49251 0.279395 758
12 14 48 35.5634 0.973721 5.09141 0.259274 671
12 14 49 36.6752 1.30516 6.07975 0.343377 692
12 14 50 37.641 1.13196 5.52038 0.269955 642
12 14 51 35.3711 1.24793 3.80397 0.332163 714
12 14 52 34.879 1.04544 4.95439 0.339713 764
12 14 53 0 -10 0 0 0
12 14 54 35.6742 1.12224 5.79055 0.314109 788
12 14 55 35.0582 1.04466 4.92099 0.195285 787
12 14 56 33.1778 0.847249 4.75606 0.459822 720
12 14 57 37.3908 1.28613 6.10097 0.351171 667
12 14 58 30.9923 0.812369 3.8098 0.726931 928
12 14 59 33.6392 0.970001 3.73782 0.498886 791
12 14 60 33.8518 1.01283 5.20372 0.235898 807
12 14 61 34.2196 1.08841 4.85183 0.364276 945
12 14 62 34.7446 0.927333 5.34699 0.254787 828
12 14 63 0 -10 0 0 0
12 15 0 33.894 1.17873 5.2088 0.266462 787
12 15 1 0 -10 0 0 0
12 15 2 35.5266 1.07631 5.31481 0.262123 722
12 15 3 34.2536 1.24058 4.18932 0.423747 751
12 15 4 33.5603 0.966015 4.46374 0.353726 809
12 15 5 36.2457 1.12131 5.01757 0.288362 656
12 15 6 33.0693 1.00595 5.01241 0.313454 673
12 15 7 32.7074 0.985373 4.33109 0.265038 701
12 15 8 34.3645 1.75158 5.47575 0.326569 658
12 15 9 33.737 1.06187 4.77549 0.307313 622
12 15 10 36.16 1.14257 5.2501 0.30492 519
12 15 11 34.6214 1.24101 5.41614 0.248295 1114
12 15 12 0 -10 0 0 0
12 15 13 31.9511 1.01751 4.90265 0.267495 662
12 15 14 35.2472 1.58317 5.68501 0.376877 583
12 15 15 36.4149 1.20116 5.42068 0.254886 570
12 15 16 31.7207 0.974679 5.05978 0.261978 772
12 15 17 35.0361 1.42465 5.95212 0.352536 654
12 15 18 33.6133 1.06017 4.94872 0.312432 712
12 15 19 33.0588 1.2507 5.13784 0.254551 771
12 15 20 33.9513 1.40043 4.74499 0.29177 813
12 15 21 33.6246 1.06081 4.44863 0.291927 823
12 15 22 34.373 1.02713 5.3021 0.295221 840
12 15 23 34.9582 1.05818 5.20216 0.228095 824
12 15 24 34.529 1.24119 5.65353 0.296531 954
12 15 25 35.4693 1.41065 6.90299 0.419717 717
12 15 26 33.6631 1.03929 5.11293 0.320944 724
12 15 27 33.9836 0.942398 4.61985 0.245849 816
12 15 28 34.1089 1.16113 4.84222 0.248646 934
12 15 29 34.1276 1.17358 4.33261 0.309225 1101
12 15 30 34.0142 0.96817 4.59762 0.355274 796
12 15 31 37.7899 1.15621 5.63333 0.209348 948
12 15 32 35.2389 1.22543 4.60497 0.21357 822
12 15 33 0 -10 0 0 0
12 15 34 0 -10 0 0 0
12 15 35 36.3628 1.29928 4.65595 0.295235 1056
12 15 36 35.566 1.01645 4.6884 0.272295 794
12 15 37 0 -10 0 0 0
12 15 38 35.9621 1.24491 5.63878 0.278116 1181
12 15 39 32.6892 0.91846 4.65546 0.258011 1031
12 15 40 32.3036 0.967527 4.27124 0.391946 965
12 15 41 35.5272 0.990445 5.00301 0.213694 1027
12 15 42 35.6359 1.01047 4.87794 0.162512 1208
12 15 43 35.0414 1.10998 5.02672 0.245227 1320
12 15 44 0 -10 0 0 0
12 15 45 30.8308 0.922945 3.94843 0.426614 955
12 15 46 0 -10 0 0 0
12 15 47 33.6908 1.03179 5.09254 0.287498 1007
12 15 48 34.4599 1.07869 5.40171 0.345702 901
12 15 49 32.611 0.941312 5.02754 0.316969 1648
12 15 50 0 -10 0 0 0
12 15 51 35.155 1.23794 5.21227 0.245807 1058
12 15 52 0 -10 0 0 0
12 15 53 33.94 1.18795 6.40357 0.132104 1512
12 15 54 31.9937 0.902712 4.78621 0.282365 1265
12 15 55 33.0703 0.955991 4.91359 0.249543 1337
12 15 56 33.789 1.09343 5.67892 0.183497 1117
12 15 57 33.9122 1.12625 5.19166 0.270034 1253
12 15 58 31.622 1.36003 4.16897 0.320998 1249
12 15 59 33.1497 1.08731 4.73351 0.219041 1161
12 15 60 0 -10 0 0 0
12 15 61 37.2929 1.55216 5.66091 0.258755 1678
12 15 62 32.259 1.08043 5.24569 0.270381 1550
12 15 63 38.4222 1.07474 5.56772 0.345303 1370
13 0 0 19.19 1.04433 2.26437 0.422289 382
13 0 1 17.5 -2 0 0 365
13 0 2 18.8467 0.851859 3.08533 0.318195 336
13 0 3 18.6648 0.575379 1.89015 0.415948 389
13 0 4 21.5 -2 0 0 456
13 0 5 19.2159 0.887404 1.14766 0.504475 396
13 0 6 18.9939 0.580235 1.805 0.460737 328
13 0 7 21.5 -2 0 0 443
13 0 8 21.5 -2 0 0 438
13 0 9 19.5063 0.647297 2.12861 0.42626 344
13 0 10 19.4658 0.719011 2.11564 0.300744 302
13 0 11 21.5 -2 0 0 443
13 0 12 18.4242 0.57622 1.89311 0.295488 421
13 0 13 18.1772 1.07141 2.39939 0.233439 396
13 0 14 19.246 0.731709 2.60503 0.399386 483
13 0 15 19.2792 0.63705 2.22235 0.450128 419
13 0 16 21.5 -2 0 0 328
13 0 17 19.5167 1.1329 3.41252 0.364984 486
13 0 18 19.1162 0.604448 1.91552 0.433371 434
13 0 19 21.5 -2 0 0 444
13 0 20 19.0863 0.70339 2.06222 0.254109 439
13 0 21 18.7869 0.772741 2.34102 0.336302 322
13 0 22 19.5358 0.970668 2.17638 0.328857 434
13 0 23 18.1511 1.12042 4.2318 0.400318 448
13 0 24 19.5059 0.659648 2.21369 0.307242 442
13 0 25 19.142 1.02328 1.38673 0.498778 461
13 0 26 21.5 -2 0 0 545
13 0 27 19.5054 0.924814 3.31322 0.419119 369
13 0 28 21.5 -2 0 0 437
13 0 29 20.1889 1.24846 1.45662 0.438031 477
13 0 30 19.7444 0.781474 1.36356 0.460666 452
13 0 31 21.5 -2 0 0 503
13 0 32 21.5 -2 0 0 434
13 0 33 19.2162 0.53594 1.82444 0.289926 475
13 0 34 20.157 0.959527 3.21698 0.292438 525
13 0 35 20.0486 0.774865 3.04732 0.283999 442
13 0 36 18.5941 0.626215 2.17009 0.403281 588
13 0 37 19.7129 0.714562 1.68116 0.540585 545
13 0 38 19.6649 0.662248 2.43123 0.344634 512
13 0 39 21.5 -2 0 0 583
13 0 40 21.5 -2 0 0 494
13 0 41 21.5 -2 0 0 455
13 0 42 18.627 0.572779 2.04062 0.280829 520
13 0 43 18.9278 0.658663 1.8688 0.388452 528
13 0 44 18.7068 0.660513 2.14983 0.269856 481
13 0 45 18.43 0.589555 2.20288 0.472286 444
13 0 46 18.6165 0.684232 1.95055 0.433859 572
13 0 47 19.6159 0.803197 2.36597 0.305122 563
13 0 48 18.9133 0.619694 1.95409 0.274374 492
13 0 49 21.5 -2 0 0 568
13 0 50 18.2068 0.622117 1.92058 0.473094 530
13 0 51 18.5171 0.659727 1.65958 0.534606 643
13 0 52 18.8532 0.590836 1.945 0.367366 538
13 0 53 16.6381 0.95103 3.1713 0.304964 521
13 0 54 18.4253 0.615664 2.07856 0.312436 505
13 0 55 21.5 -2 0 0 591
13 0 56 18.0264 0.584392 2.0973 0.366712 560
13 0 57 18.3985 0.594799 2.34283 0.479672 583
13 0 58 19.97 0.679776 1.51251 0.639164 533
13 0 59 17.2164 0.67933 2.52328 0.353236 571
13 0 60 17.5021 0.633041 2.27468 0.2696 528
13 0 61 18.4072 1.34389 4.9833 0.348057 698
13 0 62 17.2406 0.597306 2.21277 0.38819 634
13 0 63 21.5 -2 0 0 575
13 1 0 19.9108 0.839099 2.82516 0.420915 645
13 1 1 21.1776 0.883223 3.13712 0.360817 662
13 1 2 19.0808 0.555409 1.86874 0.479117 615
13 1 3 19.1305 0.538392 1.87728 0.351641 599
13 1 4 18.777 0.815606 2.77511 0.422969 516
13 1 5 19.6097 0.590156 2.01442 0.381167 565
13 1 6 25.5 -2 0 0 637
13 1 7 20.7986 0.942584 3.13588 0.340582 826
13 1 8 20.3234 0.746741 2.51565 0.402026 642
13 1 9 20.8285 0.700764 2.19465 0.344246 719
13 1 10 21.5 -2 0 0 704
13 1 11 21.5 -2 0 0 575
13 1 12 19.9561 0.664579 2.74226 0.364793 591
13 1 13 19.4573 0.67361 2.32507 0.387536 552
13 1 14 19.8172 0.547989 2.07191 0.328677 616
13 1 15 18.8424 0.607732 2.22327 0.345837 573
13 1 16 20.4157 0.849244 3.94781 0.352401 960
13 1 17 21.5 -2 0 0 556
13 1 18 20.8305 0.845815 2.73721 0.435262 593
13 1 19 20.4249 0.666411 2.60679 0.296642 654
13 1 20 19.7118 0.571867 2.23068 0.316719 608
13 1 21 20.5772 1.59748 4.29083 0.522673 763
13 1 22 20.2194 0.704686 2.6544 0.322587 668
13 1 23 20.4453 0.659005 2.12365 0.428543 490
13 1 24 19.4478 0.598399 2.13835 0.433911 573
13 1 25 20.3105 0.591589 2.20947 0.240016 669
13 1 26 20.7 0.558627 2.09482 0.4458 588
13 1 27 20.7915 0.552211 2.03042 0.331927 590
13 1 28 21.5 -2 0 0 570
13 1 29 19.2603 0.685954 2.37207 0.422667 515
13 1 30 21.5 -2 0 0 471
13 1 31 20.8871 0.698054 2.56895 0.281748 669
13 1 32 20.748 1.37161 3.93376 0.486556 580
13 1 33 20.9223 0.714277 1.78655 0.428581 500
13 1 34 20.241 1.04834 1.43344 0.590737 556
13 1 35 21.5 -2 0 0 634
13 1 36 18.9663 0.580993 2.17726 0.434402 526
13 1 37 18.8985 0.461446 1.71331 0.478116 460
13 1 38 21.5 -2 0 0 563
13 1 39 21.5 -2 0 0 397
13 1 40 21.5 -2 0 0 370
13 1 41 20.6795 0.708343 2.57325 0.340095 487
13 1 42 20.0486 0.688557 2.15944 0.420419 471
13 1 43 21.5057 2.04823 6.0902 0.53903 529
13 1 44 20.1373 1.10546 2.68356 0.440596 553
13 1 45 19.2119 0.782195 1.8065 0.39922 567
13 1 46 20.9446 0.986445 4.04534 0.303835 548
13 1 47 19.5991 0.677547 2.35747 0.424954 473
13 1 48 21.5 -2 0 0 564
13 1 49 21.5 -2 0 0 405
13 1 50 20.3142 0.67319 1.70882 0.312007 544
13 1 51 18.7241 0.881344 3.25937 0.528281 398
13 1 52 19.2002 0.976265 3.18907 0.336197 446
13 1 53 21.5 -2 0 0 397
13 1 54 17.421 0.702228 2.20895 0.34885 484
13 1 55 19.0791 0.609445 1.92721 0.446699 489
13 1 56 21.5 -2 0 0 396
13 1 57 21.5 -2 0 0 390
13 1 58 17.9596 0.931121 3.89169 0.504966 453
13 1 59 18.6478 0.73299 2.8414 0.321253 499
13 1 60 18.6923 0.613594 1.98548 0.426072 386
13 1 61 21.5 -2 0 0 365
13 1 62 19.02 0.681623 2.65387 0.398918 487
13 1 63 21.5 -2 0 0 466
13 2 0 19.1017 0.801798 2.7658 0.402839 698
13 2 1 18.5943 0.512265 1.96857 0.434843 740
13 2 2 18.3668 0.607404 2.31195 0.357837 596
13 2 3 18.4064 0.767353 1.39082 0.451576 529
13 2 4 17.5 -2 0 0 592
13 2 5 19.1917 0.647415 1.50704 0.578584 549
13 2 6 19.604 0.924503 3.47083 0.510824 591
13 2 7 18.1095 0.538127 1.67979 0.386517 505
13 2 8 18.9251 0.652285 1.68859 0.40443 608
13 2 9 20.2027 0.779131 2.59073 0.343165 563
13 2 10 21.5 -2 0 0 498
13 2 11 18.8286 0.531544 1.96277 0.368096 667
13 2 12 21.5 -2 0 0 524
13 2 13 18.9897 0.691768 1.87608 0.43823 484
13 2 14 19.7017 0.607032 2.21388 0.268198 714
13 2 15 18.9341 0.482316 1.80818 0.502696 611
13 2 16 20.4729 1.17063 2.7961 0.319912 524
13 2 17 19.3292 0.637561 1.93282 0.408643 648
13 2 18 21.5 -2 0 0 534
13 2 19 18.3597 0.554454 2.07207 0.352858 570
13 2 20 21.5 -2 0 0 598
13 2 21 18.252 0.662377 1.93595 0.404386 557
13 2 22 16.594 0.825897 2.74602 0.393108 507
13 2 23 19.4604 0.567922 2.33496 0.372999 627
13 2 24 19.6099 0.855965 3.53364 0.243022 587
13 2 25 18.9082 0.639251 2.21303 0.300895 529
13 2 26 19.7229 0.753245 2.83676 0.327721 682
13 2 27 19.0893 0.684703 1.89329 0.404057 596
13 2 28 20.2373 0.623685 1.24798 0.533254 575
13 2 29 18.969 0.783916 2.02259 0.33437 716
13 2 30 19.7139 0.569264 2.05593 0.279358 566
13 2 31 17.7379 0.767547 2.13865 0.3517 566
13 2 32 19.1587 0.603643 1.87488 0.405645 520
13 2 33 21.5 -2 0 0 559
13 2 34 18.7672 0.601274 2.3859 0.262314 762
13 2 35 19.0915 0.632425 2.20358 0.312555 544
13 2 36 18.2079 1.69053 1.71878 0.5336 597
13 2 37 21.5 -2 0 0 639
13 2 38 19.1684 0.668695 2.40876 0.329056 647
13 2 39 19.8257 0.816166 2.61197 0.342422 764
13 2 40 18.025 0.612296 1.99915 0.347319 633
13 2 41 18.8861 0.873692 1.69108 0.440163 605
13 2 42 18.7658 0.961957 3.75686 0.303548 623
13 2 43 18.5753 0.923077 1.70561 0.508168 745
13 2 44 18.9107 0.606476 2.02443 0.343507 555
13 2 45 18.4131 0.612987 1.87205 0.27234 570
13 2 46 18.5569 0.773126 3.65361 0.328299 748
13 2 47 20.0235 0.791865 2.55195 0.353904 707
13 2 48 18.1948 0.839088 1.8946 0.361036 672
13 2 49 19.4818 1.02832 2.02102 0.466519 788
13 2 50 18.8781 0.988357 3.97487 0.271012 583
13 2 51 18.1667 0.696003 2.72836 0.281206 900
13 2 52 18.2684 0.495201 1.68553 0.382141 722
13 2 53 18.5027 0.642341 2.41816 0.30038 695
13 2 54 18.4173 0.581177 1.72847 0.286938 655
13 2 55 18.7178 0.635002 1.81792 0.424437 782
13 2 56 18.9985 0.834038 2.33866 0.317045 809
13 2 57 17.9062 0.694014 2.19439 0.267614 776
13 2 58 18.5843 0.705762 2.2338 0.400354 658
13 2 59 21.5 -2 0 0 844
13 2 60 18.6207 0.73875 2.47103 0.339495 664
13 2 61 18.2181 0.826459 3.21677 0.318973 1028
13 2 62 16.6502 0.707723 2.31744 0.346619 916
13 2 63 18.2204 0.705273 2.65319 0.412673 729
13 3 0 18.1411 0.745819 2.18822 0.263265 1360
13 3 1 17.6879 0.600021 2.79259 0.298105 1384
13 3 2 17.873 0.499042 2.04189 0.36042 1456
13 3 3 18.1092 0.490568 1.97704 0.309691 1597
13 3 4 17.6821 0.510275 1.63956 0.452235 1164
13 3 5 18.2347 0.554901 2.27422 0.305478 1381
13 3 6 17.5803 0.744821 2.82563 0.197192 1610
13 3 7 18.4033 0.936521 3.04994 0.42189 669
13 3 8 18.5611 0.577674 1.55104 0.388216 1207
13 3 9 18.1157 0.633172 2.23531 0.277504 2008
13 3 10 18.2091 0.519399 2.36403 0.33543 2119
13 3 11 17.3904 0.703571 1.963 0.402273 1185
13 3 12 17.1714 0.677892 1.63771 0.469601 1455
13 3 13 18.7346 0.566235 2.13205 0.307346 1563
13 3 14 18.0457 0.475027 1.92318 0.406967 1096
13 3 15 18.5005 0.594081 2.06248 0.35745 1382
13 3 16 19.3823 0.566589 2.59664 0.457191 2704
13 3 17 18.3137 0.576671 1.72424 0.563098 1046
13 3 18 18.7989 0.517399 2.1087 0.423145 1312
13 3 19 18.6724 0.718421 2.44988 0.289504 1922
13 3 20 21.5 -2 0 0 1082
13 3 21 18.2927 0.531928 2.5171 0.31583 1807
13 3 22 19.1392 0.490687 2.15318 0.25055 1751
13 3 23 18.356 0.527747 2.40003 0.270294 1027
13 3 24 19.2554 0.507757 2.24459 0.291014 1208
13 3 25 18.4661 0.705534 3.03282 0.291868 678
13 3 26 18.7691 0.766325 2.07995 0.338937 991
13 3 27 18.0205 0.474196 2.09206 0.429497 1263
13 3 28 19.1901 0.410846 2.03567 0.489144 1412
13 3 29 15.7609 0.610341 2.75323 0.431723 1027
13 3 30 21.5 -2 0 0 1140
13 3 31 18.4687 0.571618 1.81035 0.534137 1506
13 3 32 17.7635 0.600384 2.33569 0.24702 1248
13 3 33 17.2075 0.520035 1.95232 0.450989 1120
13 3 34 18.5187 0.593797 2.1763 0.379375 942
13 3 35 18.2318 0.625245 2.44234 0.316776 1324
13 3 36 21.5 -2 0 0 1001
13 3 37 18.8351 0.529617 1.80622 0.392631 946
13 3 38 17.3395 0.684961 2.14461 0.352732 1130
13 3 39 18.345 0.632735 2.02098 0.39957 850
13 3 40 17.7495 0.725803 1.86584 0.24433 971
13 3 41 17.8916 0.523101 2.07715 0.476962 1066
13 3 42 18.1299 0.55377 1.78519 0.416417 861
13 3 43 18.0815 0.458368 1.61903 0.626094 858
13 3 44 17.1112 0.680242 2.20797 0.178168 941
13 3 45 17.9494 0.53782 1.77345 0.374652 1034
13 3 46 18.2654 0.46456 1.59542 0.539964 835
13 3 47 18.4699 0.666839 2.67908 0.258481 1122
13 3 48 18.8968 0.575598 1.75555 0.342235 966
13 3 49 17.5766 0.516926 2.02762 0.301723 799
13 3 50 21.5 -2 0 0 939
13 3 51 21.5 -2 0 0 733
13 3 52 21.5 -2 0 0 748
13 3 53 18.1627 0.599051 2.38917 0.326726 890
13 3 54 21.5 -2 0 0 925
13 3 55 17.2229 0.855829 4.16235 0.523424 733
13 3 56 21.5 -2 0 0 775
13 3 57 16.8567 0.487523 1.98966 0.530993 804
13 3 58 15.8816 0.66399 2.79228 0.278089 826
13 3 59 21.5 -2 0 0 831
13 3 60 16.5299 0.534018 2.31483 0.34271 877
13 3 61 17.3643 0.580119 2.1629 0.489825 815
13 3 62 17.0028 0.512779 1.56902 0.538741 774
13 3 63 15.6039 0.83676 1.71655 0.522566 753
13 4 0 19.2518 0.52639 2.08031 0.363229 1299
13 4 1 18.7028 0.610394 2.61431 0.366671 1031
13 4 2 19.1898 0.598989 2.39947 0.439167 950
13 4 3 19.1135 1.0542 1.41002 0.601492 695
13 4 4 18.6457 0.734508 2.0807 0.290889 825
13 4 5 19.0282 0.639956 2.16764 0.406107 776
13 4 6 19.2206 0.485694 2.30682 0.327118 838
13 4 7 19.6327 0.589259 2.59755 0.2858 718
13 4 8 19.7144 0.594306 2.51457 0.395322 855
13 4 9 19.0391 0.589886 2.71446 0.270613 833
13 4 10 19.9143 0.532807 1.93496 0.328549 748
13 4 11 19.07 0.679441 1.82736 0.473788 909
13 4 12 19.8815 0.523978 1.95599 0.496701 821
13 4 13 19.7598 0.7598 2.82065 0.498853 741
13 4 14 19.5547 0.550661 2.25958 0.345579 1219
13 4 15 19.3151 0.52976 1.86043 0.449234 719
13 4 16 21.5 -2 0 0 713
13 4 17 20.0347 0.62639 2.13216 0.350192 1124
13 4 18 18.8901 0.672748 2.74628 0.330808 831
13 4 19 25.5 -2 0 0 707
13 4 20 18.7347 0.668245 2.21062 0.333883 835
13 4 21 19.4021 0.619694 2.62492 0.370529 889
13 4 22 19.5718 0.673157 1.95895 0.418665 676
13 4 23 19.6521 0.552443 1.88302 0.484722 1078
13 4 24 19.5254 0.55837 2.57688 0.407211 986
13 4 25 20.1472 0.526827 1.98686 0.322492 721
13 4 26 20.0951 0.631469 2.57814 0.318968 1250
13 4 27 17.7928 0.680729 2.48632 0.373078 723
13 4 28 18.5442 0.977896 1.65659 0.442513 697
13 4 29 18.6697 0.89085 1.82674 0.349975 1150
13 4 30 20.2883 0.876233 2.08903 0.368495 777
13 4 31 19.6701 0.472975 1.92071 0.367464 760
13 4 32 19.2674 0.707985 2.29583 0.287091 748
13 4 33 19.5534 0.655202 1.33439 0.555089 750
13 4 34 19.9048 0.829415 2.61624 0.276444 1403
13 4 35 19.2989 0.739809 2.52061 0.349939 763
13 4 36 19.9796 0.514046 1.74591 0.54529 763
13 4 37 19.8758 0.518725 2.17314 0.390737 966
13 4 38 20.068 0.515193 1.95315 0.385773 748
13 4 39 20.1165 0.577656 2.56889 0.431573 1217
13 4 40 20.082 0.787121 1.59755 0.450273 891
13 4 41 18.8997 0.527239 1.8248 0.374531 749
13 4 42 19.3327 0.764483 1.86736 0.410661 842
13 4 43 19.6429 0.543348 1.91803 0.342562 1187
13 4 44 19.1149 0.549641 2.10775 0.348282 699
13 4 45 19.2949 0.883026 2.68861 0.36618 778
13 4 46 18.5282 0.61565 2.21795 0.435248 1404
13 4 47 19.6501 0.691787 2.41575 0.375 826
13 4 48 19.7249 1.0426 1.65383 0.435568 815
13 4 49 18.9879 0.610168 2.18906 0.386099 1072
13 4 50 19.9452 0.565064 2.06492 0.34152 822
13 4 51 19.7979 0.592907 2.47877 0.322761 1231
13 4 52 18.8874 0.807451 2.13526 0.332451 1158
13 4 53 19.0885 0.540939 2.06327 0.398602 863
13 4 54 18.7086 0.547291 1.77296 0.523864 885
13 4 55 25.5 -2 0 0 1199
13 4 56 19.147 0.602571 2.5027 0.235309 971
13 4 57 19.2567 0.604047 2.78521 0.339747 1145
13 4 58 18.1218 0.940452 2.36224 0.495728 907
13 4 59 18.1046 0.517957 2.13987 0.468355 1453
13 4 60 17.1499 0.649736 1.99765 0.58788 783
13 4 61 18.4154 0.542374 2.55057 0.36709 1564
13 4 62 18.751 0.505967 2.43048 0.358798 1568
13 4 63 17.1427 0.545544 2.77932 0.331044 1018
13 5 0 18.6638 0.470494 2.59847 0.408581 1764
13 5 1 18.1544 0.470716 1.8567 0.503051 1889
13 5 2 19.0941 0.508294 2.46725 0.425396 2081
13 5 3 18.7461 0.439384 2.07564 0.325968 2686
13 5 4 18.4998 0.530899 1.70217 0.459814 2145
13 5 5 18.2533 0.418995 1.97049 0.392191 2169
13 5 6 18.7704 0.477536 2.50193 0.427429 2386
13 5 7 18.4694 0.517299 2.26068 0.502643 3831
13 5 8 25.5 -2 0 0 2001
13 5 9 21.5 -2 0 0 2889
13 5 10 17.9306 0.750334 2.45533 0.389516 3375
13 5 11 17.9168 0.582213 2.11375 0.347097 1861
13 5 12 17.4053 0.927096 2.15346 0.326141 2409
13 5 13 21.5 -2 0 0 2940
13 5 14 21.5 -2 0 0 1592
13 5 15 17.4412 0.636703 2.14111 0.220692 2697
13 5 16 21.5 -2 0 0 4159
13 5 17 19.69 0.535323 2.28734 0.444797 1767
13 5 18 21.5 -2 0 0 2398
13 5 19 18.5256 0.427367 2.27426 0.353344 3705
13 5 20 18.2025 0.459865 1.86138 0.493473 2102
13 5 21 18.4485 0.478642 2.06934 0.318688 2673
13 5 22 18.3873 0.617761 1.99579 0.299751 3153
13 5 23 18.3802 0.467823 2.2134 0.296369 1818
13 5 24 18.0169 0.534095 2.23442 0.277854 1707
13 5 25 18.2769 0.623798 2.35029 0.369268 3506
13 5 26 21.5 -2 0 0 1601
13 5 27 18.0652 0.587422 1.97789 0.346802 2551
13 5 28 18.1572 0.540892 2.31808 0.30506 2899
13 5 29 18.1805 0.576006 2.01242 0.329148 1633
13 5 30 18.0799 0.410335 1.93999 0.386699 2213
13 5 31 20.1213 0.499472 2.0057 0.477658 3503
13 5 32 17.8849 0.583433 2.1199 0.309832 2725
13 5 33 18.1301 0.430938 1.80974 0.431489 2492
13 5 34 18.3811 0.514888 2.17525 0.348798 1496
13 5 35 17.3653 0.893345 2.37947 0.501453 3279
13 5 36 18.7714 0.432295 1.85926 0.422453 2090
13 5 37 18.4442 0.635288 2.11512 0.441466 1669
13 5 38 18.9348 0.48546 2.24334 0.474153 3061
13 5 39 18.9277 0.396038 2.17339 0.369622 2021
13 5 40 18.0266 0.488592 2.08454 0.277272 2024
13 5 41 17.3089 0.860609 2.621 0.356051 2645
13 5 42 18.2106 0.472122 2.03288 0.343349 1947
13 5 43 18.3998 0.410936 1.81102 0.329797 1650
13 5 44 17.4034 0.479476 1.79626 0.526128 2339
13 5 45 18.2037 0.476713 1.58763 0.504494 2309
13 5 46 19.0214 0.48464 2.04026 0.375913 1515
13 5 47 18.5638 0.465432 2.72719 0.476639 2971
13 5 48 17.5651 0.483158 1.66794 0.416229 1915
13 5 49 21.5 -2 0 0 1621
13 5 50 18.4286 0.579331 1.98974 0.474881 2111
13 5 51 18.3121 0.388671 2.22148 0.474707 1454
13 5 52 17.9335 0.396812 2.02992 0.58719 1681
13 5 53 21.5 -2 0 0 2431
13 5 54 18.4195 0.472461 1.9716 0.306055 1986
13 5 55 21.5 -2 0 0 1453
13 5 56 16.8749 0.417407 2.82288 0.318331 1723
13 5 57 17.4265 0.541365 1.6947 0.555804 1683
13 5 58 21.5 -2 0 0 1787
13 5 59 21.5 -2 0 0 1442
13 5 60 21.5 -2 0 0 2202
13 5 61 16.9044 0.552992 2.09387 0.514279 1429
13 5 62 18.313 0.512795 1.56571 1.00647 1463
13 5 63 21.5 -2 0 0 1599
13 6 0 20.0012 0.924602 2.95143 0.269843 1470
13 6 1 19.1821 0.868844 1.98574 0.356551 1300
13 6 2 19.0536 0.56988 2.29055 0.394837 1131
13 6 3 19.5282 0.760418 2.76596 0.393995 774
13 6 4 18.8814 0.509281 1.91909 0.356442 819
13 6 5 18.6677 0.720189 2.40974 0.352671 834
13 6 6 19.2187 0.531194 2.01938 0.34406 909
13 6 7 18.3805 0.616226 2.18094 0.344949 754
13 6 8 18.2389 0.980089 2.0451 0.307706 953
13 6 9 19.2508 0.584844 2.39691 0.354575 866
13 6 10 18.8278 0.579775 2.6146 0.401976 746
13 6 11 19.522 0.688845 2.89259 0.359091 987
13 6 12 19.1267 0.496642 1.77738 0.387112 815
13 6 13 17.5 -2 0 0 732
13 6 14 18.47 0.709859 2.51493 0.427854 1374
13 6 15 18.6187 0.60692 1.80999 0.410372 735
13 6 16 25.5 -2 0 0 795
13 6 17 18.7719 0.513934 2.34182 0.461053 1193
13 6 18 18.72 0.631216 1.77253 0.390181 863
13 6 19 18.2676 0.703236 2.80673 0.496628 651
13 6 20 18.0444 0.928868 2.07122 0.356453 797
13 6 21 19.4174 0.562494 2.35776 0.330692 953
13 6 22 18.309 0.621867 1.46375 0.616212 696
13 6 23 19.0069 0.522579 2.05555 0.282372 919
13 6 24 19.0144 0.475757 1.72598 0.446753 1115
13 6 25 18.9492 0.563896 1.82829 0.402334 734
13 6 26 19.0421 0.710727 2.06047 0.317128 1342
13 6 27 19.6766 0.603547 2.29322 0.396659 778
13 6 28 21.5 -2 0 0 654
13 6 29 18.6323 0.496871 1.8515 0.35347 1045
13 6 30 19.3287 0.541002 1.76104 0.57855 743
13 6 31 18.7977 1.45936 2.55462 0.331118 734
13 6 32 17.9735 0.996928 2.44921 0.322505 686
13 6 33 19.734 0.582849 1.79084 0.31373 764
13 6 34 19.415 0.642985 2.25761 0.509398 1326
13 6 35 19.8582 0.839176 2.05297 0.481029 639
13 6 36 19.7258 1.24236 4.24482 0.4334 737
13 6 37 19.5086 0.581271 2.36267 0.232424 802
13 6 38 18.6909 0.731223 2.60895 0.424785 652
13 6 39 19.6453 0.903531 1.98555 0.30129 751
13 6 40 19.4323 0.664853 1.87151 0.346172 863
13 6 41 19.3717 0.763469 2.23524 0.378648 692
13 6 42 21.5 -2 0 0 811
13 6 43 18.7824 0.591478 1.62633 0.469029 982
13 6 44 18.3997 0.691232 2.53139 0.415705 642
13 6 45 18.3051 0.472004 2.095 0.495726 726
13 6 46 18.789 0.76528 2.4243 0.308231 1159
13 6 47 19.0401 0.553187 2.08561 0.378182 665
13 6 48 17.5 -2 0 0 728
13 6 49 18.5621 0.809595 2.6038 0.458223 808
13 6 50 18.5825 0.546226 1.80736 0.394313 667
13 6 51 19.1286 0.649074 2.64436 0.370184 905
13 6 52 18.2805 0.637527 2.90992 0.51322 874
13 6 53 17.5992 0.574152 2.31343 0.30775 711
13 6 54 18.5478 0.469878 2.13515 0.390296 698
13 6 55 17.9695 0.509327 1.91439 0.500257 889
13 6 56 19.1284 0.587214 2.30346 0.315975 773
13 6 57 18.4039 0.677776 1.182 0.647461 828
13 6 58 18.6047 0.612466 1.99409 0.460099 750
13 6 59 17.3847 0.518229 2.28661 0.301491 1093
13 6 60 17.4003 0.578915 2.35719 0.355278 663
13 6 61 21.5 -2 0 0 1045
13 6 62 18.0685 0.559055 2.24335 0.405597 1003
13 6 63 16.937 0.623017 2.28598 0.267782 836
13 7 0 19.1364 0.475928 2.51777 0.447659 1066
13 7 1 18.2504 0.550679 2.53624 0.317781 1024
13 7 2 19.0196 0.47997 2.335 0.391137 1317
13 7 3 18.1824 0.506425 2.27425 0.307587 1635
13 7 4 19.34 0.506166 2.32588 0.349853 1525
13 7 5 18.7823 0.477197 1.98121 0.556376 1341
13 7 6 18.3802 0.460737 2.27506 0.464109 1290
13 7 7 18.8485 0.68278 2.47356 0.351902 2120
13 7 8 18.9882 0.439794 1.96813 0.4523 1160
13 7 9 18.2061 0.471898 2.27488 0.289874 1628
13 7 10 19.4106 0.485959 2.53499 0.427919 1778
13 7 11 18.6026 0.470726 1.63653 0.469667 1234
13 7 12 18.8742 0.454078 2.12233 0.247139 1429
13 7 13 18.0503 0.569367 2.19723 0.256744 1973
13 7 14 17.5544 0.6338 2.34511 0.442999 1049
13 7 15 21.5 -2 0 0 1792
13 7 16 18.646 0.462663 2.74588 0.327783 2226
13 7 17 18.4419 0.450622 2.04103 0.393617 1050
13 7 18 19.0045 0.462295 2.45526 0.493989 1510
13 7 19 18.4782 0.530337 2.48976 0.347117 2698
13 7 20 18.963 0.535752 2.84851 0.354379 1594
13 7 21 18.2333 0.584843 2.35205 0.339665 1549
13 7 22 21.5 -2 0 0 1746
13 7 23 18.5619 0.649275 2.22041 0.328136 1481
13 7 24 18.6813 0.500071 1.64024 0.640797 1066
13 7 25 19.1616 0.496194 2.31319 0.339593 2856
13 7 26 19.1201 0.57218 2.17152 0.287786 1095
13 7 27 18.9605 0.432265 1.84182 0.396921 1919
13 7 28 19.0183 0.412223 2.08476 0.367368 2054
13 7 29 18.9744 0.377366 2.03293 0.343758 1269
13 7 30 18.6878 0.519854 2.16227 0.378171 1677
13 7 31 19.4058 0.475601 2.66371 0.319689 2948
13 7 32 21.5 -2 0 0 2113
13 7 33 18.5829 0.510004 1.96802 0.349856 1997
13 7 34 18.8492 0.493799 1.94201 0.410791 1150
13 7 35 19.2142 0.466672 2.58628 0.266747 3287
13 7 36 19.1391 0.415534 1.97416 0.332046 1872
13 7 37 18.948 0.411128 2.03709 0.40781 1502
13 7 38 18.7369 0.454021 2.26862 0.39825 3310
13 7 39 19.1833 0.515742 2.15286 0.393964 2238
13 7 40 19.8668 0.488738 2.04969 0.303076 1622
13 7 41 18.965 0.652072 2.21626 0.332439 2328
13 7 42 19.1206 0.822675 2.19364 0.448941 1747
13 7 43 18.0542 0.649592 2.1138 0.3377 1287
13 7 44 0 -10 0 0 0
13 7 45 18.3838 0.517794 2.42874 0.247836 2216
13 7 46 17.4414 0.641741 2.35238 0.316642 1355
13 7 47 18.5121 0.532815 2.49659 0.498329 3620
13 7 48 18.7475 0.67983 2.58428 0.319269 1834
13 7 49 17.9106 0.489329 1.96088 0.48065 1562
13 7 50 17.6834 0.514466 2.07174 0.372087 2434
13 7 51 17.8655 0.446046 2.33505 0.475335 1725
13 7 52 21.5 -2 0 0 1360
13 7 53 18.5685 0.51018 2.25593 0.402634 2948
13 7 54 18.011 0.421708 2.05201 0.265301 2001
13 7 55 17.5697 0.4331 2.20793 0.284161 1552
13 7 56 21.5 -2 0 0 1994
13 7 57 18.4112 0.45974 2.32751 0.34601 1829
13 7 58 16.5566 0.624077 2.14531 0.408751 1843
13 7 59 18.4001 0.43735 1.79117 0.434386 1391
13 7 60 18.333 0.522267 2.72392 0.37386 2452
13 7 61 17.9582 0.673752 2.55894 0.314154 1517
13 7 62 17.8032 0.465331 2.18031 0.402226 1392
13 7 63 18.2533 0.514079 2.12576 0.320683 1818
13 8 0 21.5 -2 0 0 667
13 8 1 17.7426 0.503107 2.29911 0.453823 616
13 8 2 21.5 -2 0 0 527
13 8 3 16.97 0.563122 1.55277 0.519787 622
13 8 4 17.5 -2 0 0 683
13 8 5 21.5 -2 0 0 703
13 8 6 16.4454 0.482098 1.89932 0.363985 481
13 8 7 16.2783 0.680751 2.85027 0.291677 317
13 8 8 18.6229 0.519333 1.63236 0.340709 686
13 8 9 17.5 -2 0 0 517
13 8 10 18.307 0.746998 3.03975 0.32166 567
13 8 11 17.6616 0.479763 1.94644 0.435458 666
13 8 12 21.5 -2 0 0 635
13 8 13 17.681 0.533249 1.69749 0.467892 643
13 8 14 17.5 -2 0 0 800
13 8 15 18.0219 0.699492 2.35373 0.301403 694
13 8 16 16.6469 0.795963 2.88141 0.336117 371
13 8 17 21.5 -2 0 0 670
13 8 18 21.5 -2 0 0 633
13 8 19 17.5187 0.601548 2.06727 0.269644 667
13 8 20 16.1116 0.599484 2.45815 0.303108 665
13 8 21 18.3428 0.630034 2.54182 0.389784 566
13 8 22 17.3003 0.819054 1.55139 0.386361 570
13 8 23 17.2877 0.742413 2.37173 0.277831 740
13 8 24 17.4245 0.677248 1.78985 0.468514 674
13 8 25 17.2922 0.571882 2.09204 0.345425 656
13 8 26 18.5603 0.566685 2.33428 0.194234 815
13 8 27 17.8607 0.515231 1.94377 0.457224 653
13 8 28 21.5 -2 0 0 715
13 8 29 21.5 -2 0 0 739
13 8 30 21.5 -2 0 0 613
13 8 31 21.5 -2 0 0 748
13 8 32 21.5 -2 0 0 759
13 8 33 17.9721 0.785662 1.70977 0.442161 691
13 8 34 17.5 -2 0 0 844
13 8 35 18.8054 0.490769 2.14299 0.367186 809
13 8 36 16.8418 0.526708 1.85907 0.357059 722
13 8 37 18.1839 0.85847 2.04518 0.234759 810
13 8 38 21.5 -2 0 0 810
13 8 39 17.7695 0.810773 2.35862 0.353582 1010
13 8 40 21.5 -2 0 0 703
13 8 41 18.8453 0.64026 1.78097 0.317055 819
13 8 42 16.945 0.603964 1.82761 0.334783 845
13 8 43 17.9094 0.648324 2.33619 0.382411 804
13 8 44 17.9724 0.569382 1.55226 0.45576 802
13 8 45 17.2312 0.67909 2.10277 0.342121 790
13 8 46 17.9311 0.542376 2.08684 0.425704 807
13 8 47 18.5268 0.634542 2.69952 0.243141 1133
13 8 48 17.3617 0.517576 1.90558 0.408169 838
13 8 49 18.6947 0.584476 2.22592 0.347072 884
13 8 50 21.5 -2 0 0 828
13 8 51 17.5459 0.598571 2.14847 0.249817 1001
13 8 52 16.7021 0.913323 1.63034 0.359355 811
13 8 53 16.7823 0.58502 2.49989 0.336243 966
13 8 54 21.5 -2 0 0 830
13 8 55 16.5774 0.552083 2.3087 0.394086 947
13 8 56 17.5 -2 0 0 1043
13 8 57 16.6248 0.613452 2.21286 0.388872 1031
13 8 58 16.7406 0.479917 1.9066 0.584452 887
13 8 59 16.6001 0.663271 2.77853 0.277777 957
13 8 60 17.4211 1.02102 2.53232 0.551215 959
13 8 61 16.9974 0.638184 2.54893 0.323804 1269
13 8 62 16.2528 0.705639 2.30849 0.263934 1012
13 8 63 16.4104 0.705623 2.59973 0.490621 951
13 9 0 0 -10 0 0 0
13 9 1 0 -10 0 0 0
13 9 2 0 -10 0 0 0
13 9 3 0 -10 0 0 0
13 9 4 0 -10 0 0 0
13 9 5 0 -10 0 0 0
13 9 6 0 -10 0 0 0
13 9 7 0 -10 0 0 0
13 9 8 0 -10 0 0 0
13 9 9 0 -10 0 0 0
13 9 10 0 -10 0 0 0
13 9 11 0 -10 0 0 0
13 9 12 0 -10 0 0 0
13 9 13 0 -10 0 0 0
13 9 14 0 -10 0 0 0
13 9 15 0 -10 0 0 0
13 9 16 0 -10 0 0 0
13 9 17 0 -10 0 0 0
13 9 18 0 -10 0 0 0
13 9 19 0 -10 0 0 0
13 9 20 0 -10 0 0 0
13 9 21 0 -10 0 0 0
13 9 22 0 -10 0 0 0
13 9 23 0 -10 0 0 0
13 9 24 0 -10 0 0 0
13 9 25 0 -10 0 0 0
13 9 26 0 -10 0 0 0
13 9 27 0 -10 0 0 0
13 9 28 0 -10 0 0 0
13 9 29 0 -10 0 0 0
13 9 30 0 -10 0 0 0
13 9 31 0 -10 0 0 0
13 9 32 0 -10 0 0 0
13 9 33 0 -10 0 0 0
13 9 34 0 -10 0 0 0
13 9 35 0 -10 0 0 0
13 9 36 0 -10 0 0 0
13 9 37 0 -10 0 0 0
13 9 38 0 -10 0 0 0
13 9 39 0 -10 0 0 0
13 9 40 0 -10 0 0 0
13 9 41 0 -10 0 0 0
13 9 42 0 -10 0 0 0
13 9 43 0 -10 0 0 0
13 9 44 0 -10 0 0 0
13 9 45 0 -10 0 0 0
13 9 46 0 -10 0 0 0
13 9 47 0 -10 0 0 0
13 9 48 0 -10 0 0 0
13 9 49 0 -10 0 0 0
13 9 50 0 -10 0 0 0
13 9 51 0 -10 0 0 0
13 9 52 0 -10 0 0 0
13 9 53 0 -10 0 0 0
13 9 54 0 -10 0 0 0
13 9 55 0 -10 0 0 0
13 9 56 0 -10 0 0 0
13 9 57 0 -10 0 0 0
13 9 58 0 -10 0 0 0
13 9 59 0 -10 0 0 0
13 9 60 0 -10 0 0 0
13 9 61 0 -10 0 0 0
13 9 62 0 -10 0 0 0
13 9 63 0 -10 0 0 0
13 10 0 25.5 -2 0 0 1239
13 10 1 18.8671 0.545034 1.95367 0.534446 1074
13 10 2 20.0711 0.538626 2.73605 0.359153 1032
13 10 3 19.3235 0.646807 1.97729 0.392647 1140
13 10 4 18.7902 0.699155 1.69686 0.651005 1286
13 10 5 21.5 -2 0 0 1152
13 10 6 19.3589 0.471884 2.60265 0.342157 1062
13 10 7 18.9493 0.652675 3.52425 0.516829 959
13 10 8 19.0677 0.548145 2.10397 0.544635 1103
13 10 9 19.3922 0.47769 2.02947 0.586151 1177
13 10 10 21.5 -2 0 0 898
13 10 11 19.1644 0.530694 2.68084 0.305087 1308
13 10 12 18.9709 0.514382 2.20986 0.351265 1215
13 10 13 18.5222 0.498994 2.12021 0.36366 1180
13 10 14 19.7293 0.61145 2.55393 0.304933 1320
13 10 15 18.8872 0.555545 1.81815 0.352719 1314
13 10 16 20.364 0.515925 2.46332 0.443412 1087
13 10 17 18.7778 0.475495 2.45689 0.422738 1321
13 10 18 19.1601 0.517359 1.99323 0.384207 1353
13 10 19 18.4238 0.496671 2.45246 0.338672 1271
13 10 20 19.1202 0.475793 2.24332 0.408867 1338
13 10 21 19.9371 0.486173 2.1684 0.497536 1072
13 10 22 19.5866 0.758974 2.10664 0.34149 1155
13 10 23 18.6549 0.767495 2.00529 0.466851 1518
13 10 24 19.1581 0.434478 2.03769 0.37764 1227
13 10 25 19.9501 0.654035 2.05694 0.458488 1355
13 10 26 20.7947 0.673931 3.33408 0.483704 1466
13 10 27 20.4992 0.580665 3.20529 0.411153 1405
13 10 28 25.5 -2 0 0 1346
13 10 29 19.0058 0.722224 2.16305 0.363763 1388
13 10 30 19.5294 0.494075 2.11915 0.362596 1476
13 10 31 19.5914 0.464769 2.32111 0.381162 1622
13 10 32 18.0908 0.470619 2.56611 0.509889 1541
13 10 33 18.728 1.07768 2.57159 0.530631 1668
13 10 34 18.4151 0.473203 2.54693 0.408092 1655
13 10 35 19.8278 0.600314 2.38227 0.316119 1862
13 10 36 19.4394 0.42746 2.24695 0.457408 1534
13 10 37 19.8186 0.492661 2.51048 0.317546 1673
13 10 38 19.2247 0.501282 2.98711 0.444125 1903
13 10 39 19.5673 0.605186 2.63549 0.31432 2640
13 10 40 25.5 -2 0 0 1509
13 10 41 19.2771 0.473738 2.45578 0.438843 1707
13 10 42 19.2958 0.448976 2.22324 0.358348 1775
13 10 43 18.4938 0.700714 1.82739 0.37894 1815
13 10 44 19.5555 0.473271 2.1226 0.460782 1803
13 10 45 19.0846 0.599846 1.7673 0.30645 1756
13 10 46 25.5 -2 0 0 1998
13 10 47 20.0737 0.490427 2.5985 0.298647 2584
13 10 48 18.4194 0.604 3.36115 0.412977 1812
13 10 49 19.2733 0.450606 2.38398 0.334876 2104
13 10 50 18.7826 0.544966 2.3633 0.361083 1896
13 10 51 19.393 0.492373 2.67208 0.271524 3196
13 10 52 18.6178 0.881069 2.56728 0.270876 1900
13 10 53 19.6924 0.595122 2.57629 0.372335 2556
13 10 54 19.5193 0.500756 2.25044 0.316416 2100
13 10 55 18.751 0.632202 2.2237 0.291265 2467
13 10 56 19.2296 0.518218 2.59356 0.441458 2988
13 10 57 17.3935 0.95044 3.07923 0.47387 2563
13 10 58 18.6522 0.466498 2.57756 0.416967 2226
13 10 59 19.3076 0.609318 2.32288 0.400447 2291
13 10 60 18.8428 0.521374 3.01804 0.329481 2690
13 10 61 18.8052 0.575561 2.75126 0.312701 3422
13 10 62 21.5 -2 0 0 2630
13 10 63 18.4656 0.420252 2.27751 0.322417 2289
13 11 0 19.0075 0.457099 2.34959 0.341992 3505
13 11 1 18.4989 0.497487 2.40364 0.340268 3422
13 11 2 17.4199 0.519638 1.97922 0.277472 3030
13 11 3 17.4141 0.447322 1.84079 0.426647 2163
13 11 4 18.5351 0.477448 2.0701 0.321799 2153
13 11 5 18.4562 0.772989 2.09271 0.268284 2389
13 11 6 21.5 -2 0 0 2999
13 11 7 21.5 -2 0 0 2012
13 11 8 18.2854 0.56045 2.41805 0.2894 2620
13 11 9 18.6332 0.440574 2.44099 0.408238 2836
13 11 10 16.732 0.763795 2.1807 0.263486 2450
13 11 11 21.5 -2 0 0 2134
13 11 12 18.4954 0.902718 2.18857 0.418253 2254
13 11 13 18.3199 0.479008 1.97298 0.391242 1753
13 11 14 18.1713 0.979401 2.38028 0.461671 2796
13 11 15 18.5658 0.730191 2.05782 0.335211 1958
13 11 16 17.8718 0.441361 2.26771 0.315726 2485
13 11 17 18.3526 0.45783 2.0187 0.347285 2097
13 11 18 18.8571 0.511123 2.00089 0.426568 1995
13 11 19 18.1904 0.898743 2.86235 0.44224 1812
13 11 20 18.0305 0.567929 1.80234 0.55484 1740
13 11 21 17.3764 0.527839 2.22965 0.479134 2938
13 11 22 18.5692 0.893074 1.81509 0.442773 2173
13 11 23 21.5 -2 0 0 1944
13 11 24 21.5 -2 0 0 2681
13 11 25 18.6593 0.420425 2.0169 0.494615 1558
13 11 26 18.6941 0.473379 2.17663 0.404257 2863
13 11 27 19.1254 0.518625 1.96068 0.21752 1722
13 11 28 19.0915 0.526511 1.65095 0.421116 1613
13 11 29 17.3933 0.588023 2.26724 0.294216 1951
13 11 30 17.4718 0.502503 2.15167 0.320027 1745
13 11 31 18.5767 0.480204 1.77816 0.433861 1429
13 11 32 18.7453 0.796897 1.96847 0.369664 1342
13 11 33 16.6941 1.2016 2.70713 0.234748 1378
13 11 34 19.395 0.458849 2.58727 0.375539 2153
13 11 35 21.5 -2 0 0 1267
13 11 36 21.5 -2 0 0 1471
13 11 37 21.5 -2 0 0 1546
13 11 38 18.4255 0.442381 2.00323 0.340067 1200
13 11 39 17.4589 0.351349 1.83995 0.388492 1136
13 11 40 16.8739 0.531687 2.43299 0.311228 1503
13 11 41 21.5 -2 0 0 1197
13 11 42 18.1881 0.450457 1.85912 0.395846 1396
13 11 43 19.0147 0.422969 2.00803 0.413641 1760
13 11 44 17.4916 0.537682 1.93844 0.307467 1134
13 11 45 21.5 -2 0 0 1305
13 11 46 21.5 -2 0 0 1844
13 11 47 21.5 -2 0 0 1060
13 11 48 18.0594 0.475844 2.43649 0.351084 1333
13 11 49 17.5427 0.441344 1.96503 0.435572 1402
13 11 50 17.9535 0.467817 1.65647 0.538433 1163
13 11 51 18.4682 0.490392 2.55369 0.43964 1224
13 11 52 21.5 -2 0 0 1516
13 11 53 17.1195 0.511174 2.23266 0.282897 1049
13 11 54 17.6166 0.552763 2.10771 0.312116 1228
13 11 55 18.1115 0.419865 2.18155 0.327287 1408
13 11 56 17.8022 0.467767 2.63303 0.326415 1168
13 11 57 16.7507 0.57811 1.81767 0.550376 1184
13 11 58 21.5 -2 0 0 1270
13 11 59 21.5 -2 0 0 1669
13 11 60 21.5 -2 0 0 1228
13 11 61 21.5 -2 0 0 1309
13 11 62 15.7169 0.620823 2.4006 0.356542 1451
13 11 63 21.5 -2 0 0 1318
13 12 0 19.4981 0.385556 2.95408 0.4146 3910
13 12 1 19.3266 0.400584 2.33387 0.472585 3604
13 12 2 19.1961 0.456086 2.73631 0.431328 3358
13 12 3 19.4129 0.395708 2.34676 0.429863 3140
13 12 4 18.4499 0.431946 2.29892 0.360497 3698
13 12 5 19.0086 0.410226 2.19611 0.443734 3432
13 12 6 19.2386 0.350036 2.12406 0.645301 3424
13 12 7 19.0624 0.56767 2.39067 0.475885 2903
13 12 8 19.4021 0.367636 2.11365 0.465912 3350
13 12 9 19.053 0.390877 2.286 0.514766 3076
13 12 10 25.5 -2 0 0 2983
13 12 11 19.3989 0.378339 2.15522 0.623951 3756
13 12 12 18.8006 0.354155 1.92814 0.500632 3299
13 12 13 19.2731 0.506326 1.9812 0.370182 3144
13 12 14 19.1109 0.513103 2.41213 0.403855 3858
13 12 15 19.0218 0.415548 2.12029 0.475376 3325
13 12 16 18.6304 0.468231 2.49975 0.456494 3025
13 12 17 19.3136 0.388788 2.24357 0.389188 3932
13 12 18 18.5538 0.352627 2.04112 0.465947 3212
13 12 19 18.2804 0.364024 2.41663 0.393511 3063
13 12 20 19.2124 0.404421 2.16036 0.288635 3937
13 12 21 18.0026 0.496821 2.7114 0.436449 2983
13 12 22 19.4334 0.513753 2.0568 0.625718 2859
13 12 23 18.9251 0.412413 2.0931 0.390028 4133
13 12 24 19.6231 0.640575 2.09362 0.387325 3627
13 12 25 19.2784 0.395406 2.53419 0.510542 3369
13 12 26 19.112 0.473193 2.56297 0.493978 4176
13 12 27 18.7338 0.415103 1.9355 0.508584 3693
13 12 28 18.763 0.437246 2.27062 0.457263 3340
13 12 29 19.3185 0.542908 2.16841 0.465795 4214
13 12 30 18.9355 0.393007 2.10526 0.489662 3865
13 12 31 19.1406 0.365284 2.37878 0.407997 3487
13 12 32 19.2568 0.358875 2.45294 0.594436 3426
13 12 33 19.2295 0.413816 2.17136 0.383065 3773
13 12 34 18.956 0.377321 2.55998 0.363356 4517
13 12 35 19.1823 0.532655 2.32327 0.518798 3780
13 12 36 19.6972 0.343314 2.0198 0.495637 3927
13 12 37 19.5426 0.320328 2.18472 0.41136 4411
13 12 38 19.3475 0.359536 2.48312 0.392929 3704
13 12 39 19.3204 0.487569 2.44404 0.504082 4619
13 12 40 21.5 -2 0 0 3967
13 12 41 21.5 -2 0 0 3508
13 12 42 19.3767 0.40016 1.98593 0.453039 4210
13 12 43 18.8094 0.350974 2.34532 0.411287 4240
13 12 44 19.1174 0.391857 2.64822 0.37054 3723
13 12 45 19.1409 0.476449 2.31032 0.493363 3923
13 12 46 18.6873 0.373227 2.56305 0.463829 4733
13 12 47 18.4178 0.489662 2.97751 0.514805 4163
13 12 48 18.6612 0.425616 1.98205 0.500036 4144
13 12 49 18.4143 0.381526 2.22202 0.477851 4351
13 12 50 18.6697 0.374613 2.25948 0.367135 4015
13 12 51 18.0503 0.590849 3.08361 0.436518 5109
13 12 52 18.2797 0.437298 2.0991 0.497844 4487
13 12 53 18.1968 0.358902 2.64928 0.398778 3749
13 12 54 18.3436 0.371517 2.43969 0.350293 4108
13 12 55 21.5 -2 0 0 4898
13 12 56 18.8386 0.374181 2.3829 0.460502 4715
13 12 57 18.0558 0.452197 2.60714 0.328043 4614
13 12 58 18.6375 0.419162 2.3036 0.376166 4407
13 12 59 18.2874 0.380127 2.6417 0.406917 4779
13 12 60 17.7748 0.454378 2.6382 0.431061 4255
13 12 61 19.0142 0.375504 2.83856 0.389763 5669
13 12 62 18.4386 0.690299 2.27855 0.60289 5219
13 12 63 18.609 0.406729 2.02057 0.535769 4795
13 13 0 18.3436 0.372664 2.54535 0.487 5847
13 13 1 18.0717 0.351946 2.31448 0.494605 5220
13 13 2 18.6767 0.33127 2.52135 0.419526 4977
13 13 3 21.5 -2 0 0 3863
13 13 4 18.3926 0.420223 2.00078 0.453784 4447
13 13 5 18.097 0.438855 2.03185 0.398638 4508
13 13 6 18.4738 0.417484 2.37151 0.486194 4929
13 13 7 18.4451 0.492147 2.2391 0.40183 3758
13 13 8 18.6267 0.472394 2.02983 0.512621 4840
13 13 9 18.5244 0.355064 2.48668 0.553686 4324
13 13 10 18.5764 0.453179 2.61694 0.294554 3977
13 13 11 21.5 -2 0 0 4402
13 13 12 18.1751 0.54991 2.10515 0.4643 4251
13 13 13 19.3776 0.613523 3.01205 0.690766 3618
13 13 14 18.479 0.431312 2.88931 0.395281 5357
13 13 15 18.371 0.37307 2.02424 0.596177 3840
13 13 16 21.5 -2 0 0 3998
13 13 17 18.2159 0.464454 2.04144 0.43999 4859
13 13 18 18.6313 0.434655 1.88111 0.488198 4044
13 13 19 18.5005 0.344408 2.1177 0.515124 3659
13 13 20 17.6346 0.427248 2.11756 0.335083 4354
13 13 21 18.4835 0.360929 2.33815 0.365474 4468
13 13 22 18.2057 0.500171 2.05226 0.378922 3710
13 13 23 18.3458 0.667132 1.94628 0.550623 4121
13 13 24 18.8996 0.445196 2.19427 0.363151 4975
13 13 25 18.3142 0.494914 1.9315 0.416824 3576
13 13 26 18.7422 0.374824 2.48963 0.437771 5357
13 13 27 19.3836 0.372203 1.86854 0.460879 3725
13 13 28 18.1424 0.482216 1.70198 0.492351 3425
13 13 29 18.9762 0.369775 2.17628 0.532949 4662
13 13 30 18.5312 0.462091 2.15607 0.440468 3862
13 13 31 18.8991 0.4672 2.47286 0.326353 3343
13 13 32 18.5912 0.481177 2.23232 0.331577 3262
13 13 33 18.5928 0.345632 2.03048 0.499082 3464
13 13 34 18.7399 0.43561 2.39169 0.350485 4948
13 13 35 18.7063 0.393643 2.12227 0.487797 3039
13 13 36 18.4761 0.535642 1.74887 0.470516 3793
13 13 37 18.4155 0.382776 1.79594 0.540958 4042
13 13 38 18.8986 0.453045 2.03325 0.516053 3011
13 13 39 17.9842 0.483482 2.20365 0.448316 3200
13 13 40 21.5 -2 0 0 3777
13 13 41 18.3326 0.503463 2.18768 0.501477 3080
13 13 42 18.5637 0.405038 1.96362 0.377972 3483
13 13 43 18.0723 0.396064 2.43749 0.324098 4170
13 13 44 21.5 -2 0 0 2784
13 13 45 18.4318 0.437695 2.23472 0.470835 3326
13 13 46 18.4503 0.360023 2.35351 0.37311 4538
13 13 47 18.7486 0.41465 2.40622 0.451421 2836
13 13 48 17.9769 0.452983 2.22054 0.332696 3453
13 13 49 17.9343 0.534386 1.9935 0.549522 3730
13 13 50 18.1875 0.341956 2.12379 0.371531 2938
13 13 51 18.6013 0.364731 2.24189 0.439724 3667
13 13 52 17.4636 0.397369 2.06463 0.41803 3805
13 13 53 21.5 -2 0 0 2662
13 13 54 21.5 -2 0 0 3135
13 13 55 21.5 -2 0 0 3542
13 13 56 18.1959 0.314464 2.05778 0.509219 3305
13 13 57 17.7431 0.420742 2.17596 0.338678 3519
13 13 58 21.5 -2 0 0 3262
13 13 59 21.5 -2 0 0 4152
13 13 60 17.9216 0.359858 2.27829 0.402469 3157
13 13 61 17.3782 0.342403 2.63229 0.475641 3963
13 13 62 17.7405 0.515261 2.20052 0.434442 3978
13 13 63 21.5 -2 0 0 3579
13 14 0 18.945 0.439863 2.64646 0.616275 5933
13 14 1 17.2024 0.4981 2.34818 0.43695 5146
13 14 2 17.0829 0.372887 2.4616 0.439478 4778
13 14 3 16.9654 0.392472 1.83262 0.410978 3894
13 14 4 17.2996 0.451505 1.79978 0.393715 3965
13 14 5 18.1854 0.34356 2.01227 0.424765 4497
13 14 6 17.7262 0.357955 2.30999 0.519774 4845
13 14 7 21.5 -2 0 0 3719
13 14 8 17.1647 0.510297 1.86135 0.466476 4404
13 14 9 18.0323 0.369548 2.17207 0.460071 4237
13 14 10 17.2428 0.43786 2.76514 0.289242 4039
13 14 11 16.746 0.496748 1.9824 0.328904 4253
13 14 12 17.7712 0.361212 1.94393 0.419781 4052
13 14 13 17.713 0.38315 2.18375 0.389764 3492
13 14 14 17.5 -2 0 0 5099
13 14 15 17.6428 0.421839 1.8454 0.345637 3557
13 14 16 25.5 -2 0 0 4251
13 14 17 21.5 -2 0 0 4343
13 14 18 17.9298 0.395239 1.82413 0.507632 3765
13 14 19 18.0725 0.352547 2.24229 0.486922 3528
13 14 20 21.5 -2 0 0 3837
13 14 21 21.5 -2 0 0 4505
13 14 22 17.1821 0.524068 2.06746 0.329821 3570
13 14 23 21.5 -2 0 0 3966
13 14 24 17.3416 0.440058 2.03503 0.410207 4795
13 14 25 18.3863 0.466146 2.24062 0.336559 3368
13 14 26 17.2062 0.564677 2.24778 0.40009 4772
13 14 27 18.0689 0.357954 1.6557 0.454658 3434
13 14 28 18.7346 0.633497 1.90747 0.570778 2981
13 14 29 17.8875 0.604478 1.64096 0.554637 4012
13 14 30 17.3304 0.419571 2.13142 0.414347 3594
13 14 31 18.6092 0.490989 2.58809 0.465268 3053
13 14 32 17.783 0.353174 1.76713 0.493782 2959
13 14 33 21.5 -2 0 0 3083
13 14 34 21.5 -2 0 0 4473
13 14 35 21.5 -2 0 0 2832
13 14 36 17.5664 0.391706 1.90332 0.375389 3239
13 14 37 21.5 -2 0 0 3596
13 14 38 21.5 -2 0 0 2447
13 14 39 18.3482 0.383231 2.09869 0.460221 2686
13 14 40 17.6576 0.35297 2.13504 0.37009 3389
13 14 41 17.6624 0.393347 2.52255 0.469689 2525
13 14 42 21.5 -2 0 0 3095
13 14 43 17.5193 0.388713 1.9165 0.441598 3768
13 14 44 16.804 0.515505 2.46263 0.401126 2317
13 14 45 21.5 -2 0 0 2779
13 14 46 17.4627 0.37749 2.28748 0.503384 4148
13 14 47 17.3526 0.370333 2.61513 0.496205 2513
13 14 48 17.6568 0.353771 1.9748 0.491021 2962
13 14 49 21.5 -2 0 0 3291
13 14 50 15.9502 0.533595 2.27372 0.480325 2891
13 14 51 17.4058 0.402207 2.24706 0.513859 2993
13 14 52 21.5 -2 0 0 3303
13 14 53 16.8307 0.397582 2.02525 0.513906 2488
13 14 54 21.5 -2 0 0 2668
13 14 55 17.0837 0.339693 1.86683 0.56107 3167
13 14 56 17.405 0.610259 2.03607 0.46268 2818
13 14 57 21.5 -2 0 0 2975
13 14 58 17.2837 0.450659 2.05049 0.305779 2871
13 14 59 17.4908 0.330973 2.3305 0.379575 3864
13 14 60 21.5 -2 0 0 2701
13 14 61 17.7869 0.416583 2.57663 0.584536 3172
13 14 62 16.8919 0.410879 2.27213 0.358714 3127
13 14 63 17.2403 0.355864 1.77117 0.430952 2849
13 15 0 18.7988 0.421644 2.5739 0.309409 3325
13 15 1 18.3137 0.457905 2.05229 0.461387 3115
13 15 2 18.7708 0.368424 2.33964 0.533916 3091
13 15 3 18.7764 0.610955 2.02748 0.377849 2525
13 15 4 18.2829 0.560481 2.02644 0.544718 3110
13 15 5 18.608 0.544697 1.8053 0.468305 2869
13 15 6 18.4646 0.404937 2.34925 0.537952 2791
13 15 7 18.1523 0.455101 2.09896 0.366679 2375
13 15 8 17.9998 0.395866 1.80756 0.345477 2893
13 15 9 19.1409 0.471533 2.01576 0.422808 2486
13 15 10 18.6156 0.440464 2.29016 0.422192 2381
13 15 11 18.3445 0.490818 2.04388 0.417598 3263
13 15 12 18.0377 0.38331 1.80092 0.406773 2639
13 15 13 19.5908 0.439463 2.09323 0.292785 2746
13 15 14 18.5825 0.409041 2.36973 0.443826 3485
13 15 15 18.4285 0.404679 2.04015 0.365648 2826
13 15 16 18.6104 0.394527 2.48175 0.500473 2179
13 15 17 18.3191 0.427169 1.66254 0.612336 3489
13 15 18 19.2478 0.448631 2.08645 0.478783 3074
13 15 19 19.1006 0.385464 2.11236 0.438242 2838
13 15 20 18.8178 0.489929 2.20003 0.384117 3396
13 15 21 18.8942 0.422977 1.79867 0.498791 2651
13 15 22 18.936 0.392673 1.72166 0.52278 2307
13 15 23 18.3816 0.452874 1.99406 0.359359 3708
13 15 24 18.9018 0.428329 1.96944 0.463474 3097
13 15 25 18.655 0.410463 2.18566 0.37951 2820
13 15 26 18.2605 0.509128 2.40118 0.393767 3739
13 15 27 19.0753 0.406023 1.75728 0.436827 3088
13 15 28 18.5667 0.502818 1.60666 0.447492 2875
13 15 29 18.0532 0.532157 1.91145 0.371895 3761
13 15 30 18.6394 0.435866 1.83904 0.349401 3220
13 15 31 18.3745 0.421243 2.27978 0.407826 3074
13 15 32 17.9989 0.421318 2.36656 0.278938 3135
13 15 33 19.6598 0.380014 1.88483 0.366486 3575
13 15 34 19.0483 0.44722 2.04928 0.468274 4334
13 15 35 18.2761 0.575011 1.85124 0.429456 3487
13 15 36 19.6869 0.400447 1.67721 0.632029 3714
13 15 37 18.9899 0.409857 2.00764 0.418222 4128
13 15 38 18.4254 0.340265 2.20799 0.416334 3680
13 15 39 18.6918 0.503483 2.38719 0.417464 4720
13 15 40 17.9156 0.40331 2.01965 0.534144 3832
13 15 41 19.2319 0.496756 1.87758 0.370939 3491
13 15 42 18.9494 0.613062 2.23673 0.642333 4102
13 15 43 21.5 -2 0 0 4195
13 15 44 18.2175 0.378571 1.68755 0.391119 3700
13 15 45 17.9528 0.451894 1.76302 0.530323 3475
13 15 46 17.8425 0.532806 2.53185 0.366426 4384
13 15 47 17.9701 0.390448 2.16038 0.681145 3851
13 15 48 18.9615 0.401737 2.12455 0.31387 4036
13 15 49 18.8894 0.376841 2.03207 0.362587 4512
13 15 50 21.5 -2 0 0 3889
13 15 51 18.9329 0.376618 2.34493 0.472493 5158
13 15 52 17.8615 0.434117 2.15745 0.385253 4508
13 15 53 21.5 -2 0 0 4040
13 15 54 18.0453 0.442761 1.94829 0.396632 4097
13 15 55 18.3394 0.613082 2.1072 0.40102 4848
13 15 56 21.5 -2 0 0 4831
13 15 57 18.3893 0.505137 2.10524 0.518649 5178
13 15 58 17.9398 0.46897 2.03016 0.367717 4526
13 15 59 21.5 -2 0 0 4831
13 15 60 17.5 -2 0 0 4328
13 15 61 17.2026 0.546155 2.50819 0.423106 5724
13 15 62 17.7403 0.388872 2.21425 0.369341 5175
13 15 63 18.007 0.402785 1.96681 0.591195 4489
14 0 0 27.0542 0.887921 2.81297 0.380885 427
14 0 1 21.7509 0.743824 2.93911 0.292143 407
14 0 2 27.0311 1.22518 2.39542 0.406402 355
14 0 3 25.5 -2 0 0 418
14 0 4 27.2355 1.03138 1.7266 0.356015 453
14 0 5 25.5 -2 0 0 436
14 0 6 20.7023 1.0099 3.96883 0.362207 340
14 0 7 28.4649 1.06615 3.11833 0.456503 461
14 0 8 23.3231 0.938029 1.93802 0.437292 466
14 0 9 26.2208 0.916327 2.50574 0.526005 355
14 0 10 21.7909 0.810136 2.29826 0.493072 327
14 0 11 29.5 -2 0 0 509
14 0 12 21.9624 0.864164 2.63931 0.249692 464
14 0 13 27.7693 1.10591 4.50281 0.295136 390
14 0 14 21.5746 0.803184 2.3471 0.387639 570
14 0 15 22.8459 1.0229 1.68331 0.355389 454
14 0 16 23.8933 -3 0 0 174
14 0 17 22.8356 1.00008 2.14754 0.446641 556
14 0 18 29.5 -2 0 0 446
14 0 19 25.5 -2 0 0 461
14 0 20 23.6788 0.875092 2.63204 0.269147 473
14 0 21 25.5 -2 0 0 375
14 0 22 25.109 1.07158 2.41709 0.28803 441
14 0 23 27.1915 0.923506 2.20289 0.277956 510
14 0 24 23.5924 0.795761 2.55405 0.387367 495
14 0 25 27.8837 1.01326 1.74437 0.463866 519
14 0 26 21.1841 0.902724 3.00839 0.265058 572
14 0 27 28.4118 0.971969 2.3571 0.253059 453
14 0 28 28.2717 0.872323 2.11216 0.421969 457
14 0 29 23.7299 0.738682 2.12466 0.367237 504
14 0 30 25.5 -2 0 0 384
14 0 31 29.3936 1.05665 3.99041 0.32072 509
14 0 32 27.5097 0.920341 1.91379 0.314265 451
14 0 33 22.8096 0.924267 1.93643 0.342683 473
14 0 34 22.045 0.867165 2.13224 0.379567 590
14 0 35 22.1983 0.78405 2.88125 0.414994 455
14 0 36 21.5857 0.947462 3.21697 0.401019 277
14 0 37 22.1525 0.904393 1.93944 0.305951 568
14 0 38 26.4762 0.920092 2.86952 0.277823 523
14 0 39 23.2794 0.876342 2.44923 0.348208 629
14 0 40 21.6727 0.7982 2.22089 0.385757 546
14 0 41 33.5 -2 0 0 516
14 0 42 21.5 -2 0 0 536
14 0 43 26.8735 0.885163 2.70645 0.336111 556
14 0 44 26.4739 0.846221 2.99575 0.372595 531
14 0 45 28.0479 1.01348 2.79381 0.294245 499
14 0 46 22.8901 0.97954 3.39727 0.286542 611
14 0 47 26.4009 0.825355 2.86944 0.43331 592
14 0 48 20.8631 0.943066 2.57421 0.376409 516
14 0 49 21.1548 0.784933 2.25083 0.330056 606
14 0 50 27.1728 0.943469 2.5777 0.303663 538
14 0 51 23.8362 0.756999 2.98937 0.373284 698
14 0 52 24.3768 0.987487 2.25571 0.422916 583
14 0 53 22.6001 0.842999 2.15822 0.445586 566
14 0 54 21.9465 0.900733 2.7429 0.256643 562
14 0 55 25.6914 0.892073 2.6886 0.360224 634
14 0 56 22.1052 0.897522 1.92171 0.300008 637
14 0 57 0 -10 0 0 0
14 0 58 20.8185 0.819452 1.99516 0.290863 590
14 0 59 24.7298 0.791951 3.05749 0.361665 675
14 0 60 22.3791 0.890091 2.74882 0.361813 593
14 0 61 22.2395 0.821075 2.76879 0.362433 772
14 0 62 22.8002 0.768677 3.21487 0.281922 727
14 0 63 21.5 -2 0 0 633
14 1 0 23.1556 0.727429 2.22022 0.316872 768
14 1 1 20.4772 0.602711 1.72364 0.428141 736
14 1 2 25.5 -2 0 0 763
14 1 3 19.4529 0.709228 2.67565 0.274617 656
14 1 4 21.8348 1.1374 2.93562 0.548282 231
14 1 5 20.3102 0.646104 2.38993 0.337324 689
14 1 6 22.4243 0.7235 2.51493 0.263944 790
14 1 7 21.253 0.760091 3.27773 0.282643 879
14 1 8 19.379 0.545636 2.05304 0.437805 512
14 1 9 21.2795 0.680228 2.39042 0.336929 795
14 1 10 21.7035 0.564393 2.25083 0.485422 865
14 1 11 23.8205 0.823235 2.26276 0.328855 718
14 1 12 20.5655 0.855364 2.92578 0.462227 680
14 1 13 21.324 0.700677 2.17811 0.373195 733
14 1 14 25.5 -2 0 0 672
14 1 15 21.5 -2 0 0 625
14 1 16 21.0578 0.805978 2.2635 0.421299 996
14 1 17 20.1845 0.618738 2.07803 0.466216 517
14 1 18 20.3589 0.690723 2.47751 0.315638 612
14 1 19 21.3735 0.734119 1.95082 0.31237 755
14 1 20 21.7725 -3 0 0 173
14 1 21 20.482 0.658747 1.8292 0.510481 783
14 1 22 21.1654 0.768664 2.22101 0.361376 785
14 1 23 21.7223 0.695515 1.80887 0.278444 565
14 1 24 19.6101 0.607749 2.62882 0.285879 599
14 1 25 24.2528 0.733554 2.62017 0.342566 774
14 1 26 21.3172 0.722108 1.44821 0.553116 669
14 1 27 21.5 -2 0 0 641
14 1 28 20.8564 0.643833 2.44691 0.395913 595
14 1 29 22.5891 1.00925 2.35097 0.330232 618
14 1 30 21.7725 -3 0 0 156
14 1 31 24.9877 0.695374 2.22492 0.356584 721
14 1 32 22.3021 0.984335 2.13221 0.336863 648
14 1 33 25.5 -2 0 0 604
14 1 34 20.5116 0.700341 2.19 0.345799 544
14 1 35 21.4494 0.74237 2.79595 0.378515 657
14 1 36 25.5 -2 0 0 473
14 1 37 25.2424 0.74257 2.26892 0.250639 603
14 1 38 24.8415 0.753667 1.83486 0.333548 646
14 1 39 20.4141 0.72951 2.72949 0.320835 426
14 1 40 25.5 -2 0 0 603
14 1 41 20.0333 0.771298 3.04709 0.529572 583
14 1 42 22.7484 0.767414 2.25897 0.277558 573
14 1 43 20.4883 0.639646 1.81145 0.335738 544
14 1 44 20.3512 0.569066 1.93776 0.32181 567
14 1 45 21.4196 0.922159 3.05561 0.252848 619
14 1 46 21.5 -2 0 0 523
14 1 47 20.1218 0.712874 2.99964 0.338982 548
14 1 48 21.7725 -3 0 0 4
14 1 49 21.5 -2 0 0 500
14 1 50 20.3482 0.804879 1.7928 0.33545 582
14 1 51 24.1967 0.740664 2.73157 0.474969 469
14 1 52 20.0417 0.758469 2.16596 0.244708 468
14 1 53 25.5 -2 0 0 506
14 1 54 24.1205 0.887162 2.16948 0.327332 568
14 1 55 20.2089 0.672318 1.88511 0.299558 508
14 1 56 24.127 0.825123 1.76328 0.491892 427
14 1 57 24.2233 0.646947 2.58276 0.429349 446
14 1 58 19.7443 0.540694 1.8609 0.361193 524
14 1 59 20.3818 0.591609 2.03192 0.362291 496
14 1 60 19.9945 0.590555 2.241 0.325322 406
14 1 61 21.5 -2 0 0 391
14 1 62 23.7624 0.730469 2.14556 0.386616 600
14 1 63 19.9868 0.484551 1.81357 0.33292 528
14 2 0 20.7737 0.595262 2.29109 0.309216 863
14 2 1 23.802 1.00244 3.47227 0.34439 750
14 2 2 22.7754 0.564101 2.24316 0.402365 696
14 2 3 21.5 -2 0 0 582
14 2 4 19.1561 1.20549 3.52747 0.485889 652
14 2 5 22.6321 0.632728 2.54418 0.421128 701
14 2 6 23.1011 0.663528 1.89805 0.355696 686
14 2 7 20.3053 0.565623 2.24563 0.293058 559
14 2 8 19.8616 0.579392 2.3259 0.507484 641
14 2 9 24.328 0.652013 1.61121 0.526621 672
14 2 10 29.5 -2 0 0 617
14 2 11 17.9741 0.876109 2.10409 0.304403 683
14 2 12 25.5 -2 0 0 616
14 2 13 24.0635 0.648238 2.63795 0.331065 600
14 2 14 21.7727 0.906316 1.51549 0.169375 1384
14 2 15 19.1277 0.600218 1.678 0.306977 661
14 2 16 24.2576 0.665855 2.46838 0.336255 645
14 2 17 19.378 1.14417 1.80421 0.454699 737
14 2 18 19.6477 0.607735 1.78495 0.321247 618
14 2 19 24.2234 0.623583 2.15375 0.499566 624
14 2 20 23.6471 0.97223 2.33641 0.508155 702
14 2 21 19.1023 0.625611 2.11022 0.441736 650
14 2 22 20.6644 0.628778 2.3299 0.276331 560
14 2 23 21.5 -2 0 0 429
14 2 24 21.723 -3 0 0 5
14 2 25 18.9969 0.850416 2.4284 0.40035 602
14 2 26 25.5 -2 0 0 781
14 2 27 18.7638 0.701708 1.58428 0.421722 647
14 2 28 24.8422 0.946777 1.17748 0.431477 1225
14 2 29 19.1641 0.568181 2.35555 0.279377 768
14 2 30 17.5 -2 0 0 263
14 2 31 18.697 0.621169 2.27069 0.294722 671
14 2 32 21.723 -3 0 0 3
14 2 33 18.2105 0.808534 2.18543 0.458479 645
14 2 34 23.2025 0.968561 2.46958 0.468367 875
14 2 35 21.723 -3 0 0 12
14 2 36 24.6019 0.759829 1.52019 0.43337 684
14 2 37 19.0745 0.594131 2.14799 0.291501 762
14 2 38 24.6378 0.745816 2.30282 0.359065 748
14 2 39 24.523 0.794103 2.208 0.364429 847
14 2 40 17.5 -2 0 0 224
14 2 41 25.5 -2 0 0 670
14 2 42 18.8764 0.739571 1.72232 0.448154 741
14 2 43 19.8659 0.799779 2.12079 0.25824 848
14 2 44 25.5 -2 0 0 669
14 2 45 29.5 -2 0 0 729
14 2 46 21.723 -3 0 0 4
14 2 47 24.3269 0.656324 2.92819 0.37495 822
14 2 48 23.9573 0.63416 2.23802 0.344797 732
14 2 49 19.3333 0.584864 2.23994 0.330497 843
14 2 50 23.2691 0.694367 1.57166 0.483677 683
14 2 51 21.6435 0.715202 2.44523 0.300619 1134
14 2 52 19.9405 0.904038 1.63661 0.481378 854
14 2 53 24.5629 0.704838 2.13775 0.458733 794
14 2 54 22.87 0.67738 1.62753 0.462105 733
14 2 55 20.6101 0.615022 2.36129 0.268477 918
14 2 56 23.7583 0.75552 2.02036 0.330657 913
14 2 57 23.6453 0.643174 2.47113 0.319571 922
14 2 58 22.9339 0.55301 2.33424 0.289154 808
14 2 59 22.1253 0.722098 2.27209 0.177747 1913
14 2 60 18.101 0.637392 2.29031 0.269885 790
14 2 61 22.6045 0.696723 2.60022 0.363508 1251
14 2 62 22.833 0.708711 2.6959 0.317043 1112
14 2 63 19.2265 0.62493 1.99393 0.41249 854
14 3 0 24.9756 0.80535 2.12172 0.594295 1392
14 3 1 22.5687 0.584199 2.67515 0.313095 1215
14 3 2 22.9948 0.768504 3.99721 0.480759 1310
14 3 3 24.6624 0.540259 2.59837 0.249938 1653
14 3 4 21.9863 0.654864 2.43379 0.36865 1059
14 3 5 25.6656 0.623373 1.93497 0.34811 1406
14 3 6 23.8532 0.981469 3.34927 0.314022 1387
14 3 7 22.6282 0.593157 2.45656 0.238453 2028
14 3 8 21.8042 0.53541 2.60739 0.29072 1116
14 3 9 24.9224 0.96366 2.82125 0.303865 2024
14 3 10 24.8496 0.611172 2.73446 0.246472 2192
14 3 11 21.1959 0.439205 1.92701 0.442316 1017
14 3 12 22.5099 0.520195 2.37599 0.335603 1476
14 3 13 22.1333 0.539791 1.66403 0.394794 1548
14 3 14 24.4623 0.919603 2.52054 0.289034 1142
14 3 15 25.8906 0.564882 2.39541 0.369471 1485
14 3 16 25.3193 0.637746 2.84113 0.332276 2615
14 3 17 21.6479 1.10343 2.26219 0.46718 998
14 3 18 22.0381 0.589017 2.19334 0.440065 1184
14 3 19 24.5863 0.642395 2.34247 0.319601 1914
14 3 20 24.1848 1.29335 4.2064 0.3391 227
14 3 21 25.4664 0.573133 2.72935 0.36605 1820
14 3 22 25.3317 0.686706 2.23399 0.35062 1794
14 3 23 23.6687 1.60913 3.72107 0.495505 426
14 3 24 25.1289 0.685917 2.23546 0.258398 1229
14 3 25 25.3419 0.702506 2.56892 0.372332 1663
14 3 26 25.5 -2 0 0 959
14 3 27 21.8286 0.559703 1.91544 0.345391 1161
14 3 28 25.2002 0.691456 2.25327 0.297596 1431
14 3 29 21.7647 0.54606 2.21613 0.419517 853
14 3 30 22.0801 0.724488 3.03235 0.291501 451
14 3 31 21.2501 0.945476 2.4399 0.317492 1327
14 3 32 21.8666 0.923765 2.54207 0.419737 1180
14 3 33 24.6489 0.539505 2.00148 0.381127 1160
14 3 34 22.0886 0.494497 2.03825 0.466213 858
14 3 35 25.6294 0.665664 2.41028 0.239109 1311
14 3 36 23.2155 0.50819 2.02943 0.526554 840
14 3 37 21.7672 0.540837 2.52336 0.466638 674
14 3 38 29.5 -2 0 0 1214
14 3 39 21.4819 0.561768 1.68389 0.506036 727
14 3 40 24.9844 1.13919 3.48135 0.428649 286
14 3 41 25.6454 0.580076 2.18774 0.283992 1183
14 3 42 25.5 -2 0 0 932
14 3 43 21.245 0.533691 2.29735 0.367251 801
14 3 44 25.193 0.656484 2.51664 0.324631 1039
14 3 45 20.3302 1.03945 2.33703 0.379263 888
14 3 46 20.2799 0.581411 2.19219 0.42967 743
14 3 47 24.6702 0.678982 3.19849 0.396392 1150
14 3 48 20.791 0.610622 2.44511 0.358735 774
14 3 49 29.5 -2 0 0 853
14 3 50 24.8504 0.57888 2.22253 0.354611 981
14 3 51 18.9648 0.728541 2.34151 0.411674 604
14 3 52 23.6017 0.51097 2.18676 0.413633 830
14 3 53 21.4177 0.540426 2.48321 0.410838 882
14 3 54 22.4781 0.538266 2.52304 0.279725 930
14 3 55 20.9587 0.566477 2.20019 0.529623 615
14 3 56 20.0258 0.512193 2.44018 0.375114 662
14 3 57 21.1434 0.783677 3.03981 0.410544 699
14 3 58 22.5383 1.27181 2.56159 0.357713 916
14 3 59 21.9101 0.940847 2.54859 0.443229 798
14 3 60 23.815 0.639949 2.76363 0.29527 929
14 3 61 20.1245 0.669505 2.45486 0.402253 645
14 3 62 20.4568 0.466231 1.58932 0.456086 651
14 3 63 20.7446 0.689447 3.1992 0.373066 665
14 4 0 20.8319 0.547686 2.66831 0.291728 1335
14 4 1 21.356 0.640147 2.03772 0.34537 1077
14 4 2 24.7932 0.632888 2.28875 0.389919 1011
14 4 3 24.2179 0.592219 1.82935 0.370692 771
14 4 4 25.003 0.652319 2.22776 0.4274 887
14 4 5 24.5094 0.513084 2.2823 0.326997 844
14 4 6 24.271 0.764652 2.21494 0.463367 903
14 4 7 24.3015 0.871094 3.52935 0.228488 750
14 4 8 24.6531 0.716653 2.65716 0.369527 956
14 4 9 25.1652 0.649387 2.63109 0.364682 841
14 4 10 19.4015 0.883964 2.18399 0.379932 735
14 4 11 20.6046 0.930941 2.32732 0.307749 984
14 4 12 25.4139 0.701668 1.78952 0.416265 804
14 4 13 22.6105 0.770114 1.23996 0.517551 782
14 4 14 20.2197 0.557734 1.84657 0.434667 1302
14 4 15 21.8652 0.585383 1.94025 0.401289 697
14 4 16 25.5 -2 0 0 790
14 4 17 24.8219 0.767769 1.82223 0.595185 1144
14 4 18 25.1892 0.878655 2.96488 0.402848 851
14 4 19 21.6758 0.713896 3.31625 0.407715 775
14 4 20 21.4475 1.06651 4.61365 0.40665 478
14 4 21 23.3435 0.597217 2.08511 0.35424 882
14 4 22 22.1574 0.570532 1.76247 0.444712 798
14 4 23 23.1447 0.645033 2.41819 0.358622 1019
14 4 24 21.5326 0.646749 1.70137 0.346432 1066
14 4 25 24.9447 0.599486 2.5947 0.356133 772
14 4 26 23.9628 0.588593 2.06301 0.358957 1404
14 4 27 23.3565 0.681455 1.60015 0.453247 793
14 4 28 24.4904 0.682893 2.23402 0.350482 718
14 4 29 24.4511 0.568045 2.13974 0.374577 1212
14 4 30 20.6469 0.658456 2.03746 0.242963 814
14 4 31 24.8293 0.882898 2.32935 0.396225 804
14 4 32 23.8492 0.740443 1.89986 0.388146 792
14 4 33 24.9947 0.797544 1.59144 0.412754 786
14 4 34 20.3711 0.705853 2.1362 0.433229 1456
14 4 35 22.0254 0.692788 2.02544 0.327952 797
14 4 36 29.5 -2 0 0 815
14 4 37 24.1183 0.617386 1.87033 0.482521 1031
14 4 38 24.4149 0.670716 1.92743 0.399947 775
14 4 39 23.6155 0.538498 2.24272 0.436543 965
14 4 40 19.2694 0.503208 2.06759 0.436718 709
14 4 41 24.7067 1.32353 3.02808 0.26322 803
14 4 42 23.2573 0.73797 2.69322 0.289931 865
14 4 43 24.5829 0.71435 2.01033 0.370771 1210
14 4 44 21.9815 0.931938 1.55964 0.485929 796
14 4 45 23.0054 0.822885 1.75715 0.300344 840
14 4 46 24.9225 0.647783 2.47673 0.26904 1448
14 4 47 24.3832 0.657115 2.50067 0.452517 835
14 4 48 23.9238 0.724488 2.51403 0.304059 882
14 4 49 23.1977 0.929067 2.14139 0.373462 1101
14 4 50 25.5 -2 0 0 819
14 4 51 23.7565 0.603391 2.16545 0.383931 1399
14 4 52 22.8905 0.743083 2.44704 0.441155 1245
14 4 53 24.5562 0.635013 2.18126 0.408131 901
14 4 54 20.6379 0.558393 2.34121 0.320743 894
14 4 55 23.8881 0.601864 2.00442 0.396304 1228
14 4 56 20.5678 0.779706 3.26692 0.322928 1036
14 4 57 23.8272 0.937318 2.80499 0.319801 1135
14 4 58 23.8577 0.643461 1.54392 0.634448 965
14 4 59 22.7139 0.673959 1.7023 0.518999 1478
14 4 60 20.8819 0.745397 1.85195 0.428343 852
14 4 61 23.271 0.670538 2.79631 0.328936 1704
14 4 62 22.6655 0.610196 2.59244 0.433769 1610
14 4 63 22.788 0.656837 1.57737 0.442786 1088
14 5 0 22.7605 0.637486 2.4276 0.524955 1712
14 5 1 24.0055 0.440465 2.46516 0.446386 1917
14 5 2 23.5043 0.413628 2.43044 0.345987 2097
14 5 3 23.8227 0.527972 2.20992 0.36978 2689
14 5 4 23.1868 0.518097 2.10482 0.377532 2057
14 5 5 22.9204 0.496772 2.39515 0.34615 2177
14 5 6 23.4687 0.651114 2.17421 0.363496 2340
14 5 7 24.2481 0.627857 2.45548 0.421503 3756
14 5 8 21.7318 0.478571 2.20867 0.395537 1943
14 5 9 21.1357 0.472659 2.39829 0.36644 2638
14 5 10 24.0278 0.478016 2.97648 0.382084 3366
14 5 11 23.4923 0.507847 2.35062 0.401033 1871
14 5 12 23.6597 0.555527 2.36272 0.421016 2482
14 5 13 24.4972 0.588121 2.16239 0.390449 2958
14 5 14 23.1382 0.472334 2.63032 0.405494 1612
14 5 15 23.7926 0.612341 2.17853 0.477318 2668
14 5 16 24.5091 0.508671 2.7711 0.531027 4060
14 5 17 22.0215 0.797584 2.28708 0.375876 1587
14 5 18 21.4277 0.477416 2.38662 0.27939 2053
14 5 19 23.8482 0.614612 2.5091 0.391281 3593
14 5 20 22.96 0.688676 2.20936 0.462639 2076
14 5 21 23.5425 0.613931 2.50997 0.26764 2642
14 5 22 24.1546 0.578358 2.1195 0.483443 3185
14 5 23 22.3046 0.680144 2.55859 0.347563 1816
14 5 24 23.026 0.69213 2.57905 0.34142 1692
14 5 25 24.4815 0.452757 2.60491 0.391262 3365
14 5 26 23.0218 0.426244 2.22333 0.308566 1609
14 5 27 24.7857 0.484175 2.17966 0.308054 2517
14 5 28 24.7576 0.519802 2.19293 0.302446 2838
14 5 29 24.0512 0.555605 2.01598 0.406759 1668
14 5 30 23.2511 0.602926 2.6704 0.270587 2303
14 5 31 22.2502 0.495373 2.47845 0.328943 2719
14 5 32 24.4057 0.578885 2.10619 0.305985 2807
14 5 33 24.4845 0.489556 2.18689 0.334424 2440
14 5 34 23.9195 0.54872 2.52568 0.390409 1634
14 5 35 24.2952 0.450079 2.22562 0.443704 3061
14 5 36 23.3061 0.549388 2.95566 0.490726 846
14 5 37 21.0973 0.43238 2.11011 0.473791 1158
14 5 38 21.6327 0.607361 2.68904 0.343556 2829
14 5 39 23.0219 0.696927 2.6871 0.509894 1897
14 5 40 23.453 0.613155 2.38023 0.284141 1987
14 5 41 23.7195 0.484363 2.22852 0.383201 2570
14 5 42 24.013 0.46133 2.36207 0.359327 1853
14 5 43 22.1746 0.949758 2.12802 0.642001 1657
14 5 44 23.3838 0.656415 2.83147 0.299094 2343
14 5 45 24.1372 0.813306 3.08276 0.542489 2290
14 5 46 23.4372 0.496241 2.45945 0.32041 1499
14 5 47 21.368 0.590063 2.66129 0.457579 2518
14 5 48 23.8287 0.417014 2.159 0.474398 2037
14 5 49 23.7027 0.463027 1.83046 0.409704 1647
14 5 50 23.3736 0.42539 2.10036 0.48483 2161
14 5 51 21.8778 0.471186 2.20317 0.479933 1273
14 5 52 22.9756 0.612962 2.05026 0.368945 1506
14 5 53 21.5474 0.582484 2.31637 0.33928 2098
14 5 54 21.3153 0.454714 2.16832 0.493248 1667
14 5 55 21.557 0.528984 2.60017 0.504933 1215
14 5 56 23.2388 0.583469 2.44665 0.461718 1717
14 5 57 23.2373 0.743564 2.41169 0.449539 1627
14 5 58 23.3812 0.638765 2.09294 0.338513 1735
14 5 59 22.9788 0.612695 2.40288 0.367565 1426
14 5 60 21.1866 0.488506 2.29231 0.403125 1678
14 5 61 22.3606 0.551087 2.36712 0.614361 1401
14 5 62 21.0045 0.686619 3.62253 0.416344 1222
14 5 63 20.3578 0.666805 2.49001 0.413394 1144
14 6 0 21.5 -2 0 0 1646
14 6 1 20.1778 0.467756 2.01537 0.390335 1324
14 6 2 23.5909 0.575343 1.86471 0.576245 1171
14 6 3 23.4459 0.553581 2.12224 0.296427 830
14 6 4 25.5 -2 0 0 908
14 6 5 22.4174 0.60122 2.46298 0.309656 905
14 6 6 22.122 0.758622 1.9067 0.415125 1018
14 6 7 21.9804 0.639417 2.27749 0.326225 813
14 6 8 21.2862 0.676447 1.83892 0.333639 1019
14 6 9 20.9961 0.487768 2.04816 0.388609 898
14 6 10 22.4364 0.971978 2.31378 0.546087 807
14 6 11 22.7803 0.628083 2.48392 0.360071 1022
14 6 12 19.3684 0.866529 2.26415 0.291519 856
14 6 13 25.5 -2 0 0 791
14 6 14 20.6473 0.900821 2.06136 0.346418 1442
14 6 15 23.3752 0.586455 2.19729 0.320691 808
14 6 16 21.1366 0.601873 2.0792 0.436312 851
14 6 17 20.6372 0.573201 1.82304 0.280979 1195
14 6 18 20.7101 0.56405 1.76579 0.273293 829
14 6 19 21.1479 0.725914 2.84252 0.265253 707
14 6 20 23.165 0.61685 1.74673 0.406832 871
14 6 21 21.6377 0.660773 1.66117 0.527388 981
14 6 22 22.2837 1.00412 2.01663 0.373455 740
14 6 23 19.7305 0.606291 2.38181 0.295312 922
14 6 24 18.5478 0.656216 1.83662 0.346755 1163
14 6 25 23.1999 0.622551 2.24625 0.41396 748
14 6 26 20.6453 0.647933 2.37117 0.225142 1425
14 6 27 24.3617 0.905608 3.17169 0.543693 794
14 6 28 23.2899 0.79411 1.63684 0.535873 706
14 6 29 18.2255 0.564329 2.30407 0.301931 1013
14 6 30 19.7379 1.26158 5.58179 0.349311 393
14 6 31 23.382 0.537387 2.74908 0.343241 795
14 6 32 25.5 -2 0 0 726
14 6 33 22.2582 0.674219 2.50564 0.351358 814
14 6 34 22.6134 0.649599 2.10258 0.377112 1386
14 6 35 24.3383 0.755465 1.47542 0.491906 674
14 6 36 19.4109 0.555276 1.87992 0.519749 314
14 6 37 22.2838 0.545586 1.92723 0.267433 888
14 6 38 23.8781 0.780621 1.55162 0.56039 675
14 6 39 23.131 0.584065 2.09855 0.41042 757
14 6 40 23.6201 0.564633 2.58784 0.353636 883
14 6 41 23.0402 0.698942 2.46333 0.393129 730
14 6 42 22.4147 0.611354 1.87872 0.555087 846
14 6 43 25.5 -2 0 0 1060
14 6 44 23.4472 0.655528 1.41505 0.568588 690
14 6 45 24.7161 0.69219 1.78097 0.545012 767
14 6 46 20.0762 0.783996 2.76148 0.422382 1241
14 6 47 22.9632 0.621246 2.18574 0.437679 696
14 6 48 19.0907 0.738803 1.70095 0.424312 747
14 6 49 20.7782 0.734368 2.0206 0.303038 842
14 6 50 23.8146 0.588913 2.38943 0.350055 671
14 6 51 19.6058 0.537192 2.12538 0.395003 963
14 6 52 29.5 -2 0 0 958
14 6 53 22.9962 0.770816 2.27847 0.292048 731
14 6 54 18.7962 0.783654 1.72599 0.387496 767
14 6 55 19.7887 0.687479 2.01218 0.315523 896
14 6 56 22.7974 0.680971 1.75548 0.553784 790
14 6 57 22.3998 0.620608 2.31901 0.424384 906
14 6 58 22.9206 0.626859 2.36036 0.344843 844
14 6 59 22.0497 0.757131 2.3319 0.365053 1167
14 6 60 22.3057 0.963583 2.83118 0.420599 725
14 6 61 18.7065 1.10935 2.51707 0.44021 1036
14 6 62 18.3341 0.700655 2.65624 0.25068 1071
14 6 63 19.6954 0.672085 1.68629 0.404106 832
14 7 0 24.3151 0.547167 3.11316 0.354002 1234
14 7 1 23.9253 0.53171 2.05086 0.411015 1181
14 7 2 20.9272 0.434571 2.01882 0.521097 1335
14 7 3 23.0025 0.590664 2.60077 0.449929 1831
14 7 4 20.4147 0.493573 2.02697 0.391793 1606
14 7 5 25.5 -2 0 0 1502
14 7 6 23.7927 0.563561 3.24007 0.372862 1442
14 7 7 19.2992 0.495116 2.225 0.378299 2419
14 7 8 29.5 -2 0 0 1347
14 7 9 20.1996 0.594876 2.10827 0.535208 1778
14 7 10 24.3331 0.607125 2.5013 0.461165 2005
14 7 11 20.1683 0.823661 2.21027 0.525652 1425
14 7 12 20.8131 0.626276 1.91473 0.463905 1609
14 7 13 24.145 0.513351 2.37614 0.363565 2271
14 7 14 20.5066 0.446994 2.18514 0.420151 1191
14 7 15 25.3652 0.5468 2.30031 0.40564 2033
14 7 16 22.4776 0.556627 2.43375 0.411769 2467
14 7 17 21.089 0.545016 1.92204 0.275824 1231
14 7 18 19.9345 0.501669 2.10199 0.447404 1780
14 7 19 25.5 -2 0 0 2673
14 7 20 21.5 -2 0 0 702
14 7 21 25.4038 0.593187 2.41929 0.324738 1642
14 7 22 24.5837 0.760701 2.01883 0.558282 2108
14 7 23 24.7347 0.531808 2.18125 0.356352 1613
14 7 24 25.5 -2 0 0 1226
14 7 25 29.5 -2 0 0 2927
14 7 26 21.4172 0.54179 2.52661 0.283272 1352
14 7 27 25.8025 0.746193 2.03846 0.42366 2112
14 7 28 21.9933 0.502685 2.00945 0.336715 2531
14 7 29 21.5742 0.48946 1.93512 0.479482 1400
14 7 30 22.1787 0.590464 1.852 0.484588 1929
14 7 31 21.9807 0.686147 2.4016 0.373287 3123
14 7 32 20.754 0.500856 2.17548 0.261531 2440
14 7 33 24.6562 0.767084 2.54338 0.380735 2246
14 7 34 22.2856 0.870211 2.30551 0.460895 1338
14 7 35 24.2782 0.553779 2.54411 0.401928 3441
14 7 36 20.7599 0.60876 2.00286 0.478745 2133
14 7 37 18.8763 0.886243 2.07324 0.426653 1648
14 7 38 25.0653 0.529815 3.30985 0.354074 3723
14 7 39 24.0053 0.527885 2.53157 0.278104 2594
14 7 40 22.4083 0.540816 2.10088 0.324869 1910
14 7 41 24.9711 0.537993 2.15829 0.297994 2774
14 7 42 24.3988 0.544724 2.19516 0.488698 1941
14 7 43 20.0061 0.418022 2.16873 0.366935 1485
14 7 44 21.4459 0.544551 2.11378 0.273045 3155
14 7 45 24.3091 0.616011 2.23116 0.416565 2398
14 7 46 24.4675 0.510686 2.01469 0.572857 1498
14 7 47 21.192 0.514296 2.96221 0.310991 3917
14 7 48 23.4207 0.501489 2.31973 0.347286 2238
14 7 49 23.4413 0.601041 2.33838 0.372505 1812
14 7 50 24.1578 0.552008 1.82789 0.529 2631
14 7 51 22.9897 0.489855 2.1407 0.460243 1925
14 7 52 23.3644 0.456726 2.38079 0.271832 1612
14 7 53 20.7599 0.653977 2.48899 0.402014 3184
14 7 54 23.351 0.54179 2.52051 0.292489 2314
14 7 55 20.321 0.434728 1.75745 0.516337 1649
14 7 56 23.7707 0.592759 2.40197 0.469636 2319
14 7 57 22.8394 0.439716 2.15992 0.48442 2055
14 7 58 20.4382 0.738515 2.02044 0.448952 2149
14 7 59 23.737 0.485906 2.46569 0.419258 1530
14 7 60 23.16 0.55955 2.97185 0.365748 2909
14 7 61 19.9874 0.49174 2.79486 0.466831 1721
14 7 62 20.4292 0.85553 1.62604 0.537934 1540
14 7 63 21.7162 0.535467 2.21081 0.502856 1947
14 8 0 20.7369 0.538572 2.29426 0.414378 643
14 8 1 19.4281 0.788216 1.82346 0.440856 557
14 8 2 24.6395 0.600727 2.41392 0.518105 584
14 8 3 19.3244 0.509896 1.94401 0.371804 589
14 8 4 24.515 0.819074 1.87368 0.445321 745
14 8 5 18.3367 0.662987 2.52889 0.202697 608
14 8 6 23.4517 0.670616 1.66112 0.479112 593
14 8 7 20.1968 0.550859 1.98081 0.335835 623
14 8 8 22.1782 0.765532 3.5357 0.604122 700
14 8 9 23.542 0.74409 1.8085 0.502003 572
14 8 10 24.2371 0.765393 3.19752 0.402439 543
14 8 11 18.2686 0.678625 2.70373 0.36776 627
14 8 12 20.2955 0.714039 1.86337 0.459389 638
14 8 13 24.7492 0.739429 1.42575 0.562906 680
14 8 14 20.0072 0.575907 2.09866 0.33721 731
14 8 15 20.9116 0.749159 1.56793 0.330347 682
14 8 16 24.3403 0.642038 2.83081 0.377553 584
14 8 17 25.5 -2 0 0 647
14 8 18 20.5516 0.632189 2.35572 0.240639 625
14 8 19 25.5 -2 0 0 663
14 8 20 21.9526 1.3248 3.06045 0.465046 220
14 8 21 29.5 -2 0 0 561
14 8 22 24.0111 0.712972 2.44567 0.272037 667
14 8 23 24.0343 0.716012 1.69586 0.478268 775
14 8 24 20.1533 0.932192 1.62265 0.374714 686
14 8 25 17.5 -2 0 0 676
14 8 26 25.2631 0.691244 2.39138 0.346634 865
14 8 27 21.5 -2 0 0 665
14 8 28 21.4185 1.41013 2.78317 0.428392 728
14 8 29 29.5 -2 0 0 803
14 8 30 22.0675 -3 0 0 182
14 8 31 24.3243 0.844646 1.95716 0.336971 784
14 8 32 23.1279 0.772442 2.84978 0.354856 786
14 8 33 25.0169 0.721861 2.80459 0.354036 766
14 8 34 25.5 -2 0 0 812
14 8 35 24.5465 0.659522 2.13908 0.295208 821
14 8 36 22.0675 -3 0 0 124
14 8 37 23.8399 0.775489 2.10945 0.368179 832
14 8 38 24.5362 0.6251 2.41672 0.30205 904
14 8 39 21.6488 0.736485 3.03314 0.328129 995
14 8 40 22.0675 -3 0 0 180
14 8 41 20.1477 0.604636 2.54466 0.330534 815
14 8 42 19.5571 0.614688 1.43295 0.450029 674
14 8 43 23.4108 0.59035 2.3359 0.49554 859
14 8 44 20.2982 0.522213 1.57165 0.430594 817
14 8 45 19.3267 0.580762 1.93802 0.459044 774
14 8 46 20.4882 0.496781 1.88243 0.508672 726
14 8 47 25.5 -2 0 0 1102
14 8 48 24.5183 0.736013 1.60132 0.47513 886
14 8 49 22.7661 1.09461 1.88046 0.528588 858
14 8 50 20.0674 0.719963 1.7008 0.406898 765
14 8 51 20.3261 0.974467 3.46413 0.420296 1042
14 8 52 24.4892 0.780304 2.12721 0.271251 873
14 8 53 19.0236 0.705954 2.58634 0.3646 937
14 8 54 22.3067 0.736553 2.2678 0.334496 945
14 8 55 25.5 -2 0 0 997
14 8 56 23.1607 0.705234 2.98522 0.369426 1099
14 8 57 24.0532 0.78776 3.00457 0.448123 1064
14 8 58 23.0477 0.567035 2.05088 0.276611 943
14 8 59 23.4354 0.981057 2.65465 0.280789 998
14 8 60 22.6478 0.872426 2.85057 0.128336 1066
14 8 61 20.0823 0.583202 2.49234 0.318688 1194
14 8 62 21.9933 0.578757 2.37825 0.359518 1128
14 8 63 22.93 0.633027 1.96847 0.348792 1005
14 9 0 21.2712 0.520652 2.12681 0.370912 1251
14 9 1 24.6709 0.71392 2.51915 0.324385 1229
14 9 2 25.3143 0.692302 2.49564 0.276423 1211
14 9 3 24.0758 0.572094 2.41904 0.267807 911
14 9 4 24.3297 0.65195 2.11265 0.374401 856
14 9 5 20.1454 0.83072 1.7009 0.410266 1021
14 9 6 23.4845 0.71174 2.25628 0.33206 1164
14 9 7 19.8299 1.00743 3.09458 0.417521 391
14 9 8 22.8844 0.617138 1.96856 0.392617 1026
14 9 9 23.4512 0.803465 2.50832 0.290102 1143
14 9 10 24.4043 0.663459 3.10057 0.301919 1064
14 9 11 25.5 -2 0 0 901
14 9 12 23.3235 0.609085 1.88156 0.538888 937
14 9 13 20.5242 0.515373 1.98813 0.335454 780
14 9 14 20.4413 0.677438 2.77072 0.225932 987
14 9 15 21.7478 0.557992 2.11233 0.32235 891
14 9 16 18.5698 0.509068 2.10279 0.417624 718
14 9 17 23.9404 0.67301 2.11954 0.300831 978
14 9 18 23.9037 0.770342 2.71745 0.310709 857
14 9 19 20.4507 0.786966 3.02612 0.353924 302
14 9 20 20.6082 0.615606 2.59917 0.339738 829
14 9 21 19.6797 0.755419 2.14968 0.233262 1042
14 9 22 20.0929 0.82634 2.40047 0.36394 839
14 9 23 21.3154 1.31256 3.91979 0.309011 315
14 9 24 24.1944 0.580216 2.53011 0.301865 1024
14 9 25 20.3244 0.664387 1.52858 0.375558 787
14 9 26 23.7622 0.72921 2.08659 0.317479 969
14 9 27 19.0485 0.746938 2.68104 0.43323 528
14 9 28 19.8664 0.672166 1.66149 0.443426 801
14 9 29 24.6939 1.04937 4.33326 0.386347 838
14 9 30 21.5 -2 0 0 233
14 9 31 21.2381 0.771012 1.87885 0.413524 799
14 9 32 21.5 -2 0 0 658
14 9 33 18.6273 0.893651 2.24416 0.341396 754
14 9 34 19.9228 0.5686 2.21757 0.33192 881
14 9 35 24.4744 0.753212 2.10695 0.296549 767
14 9 36 21.8214 -3 0 0 130
14 9 37 21.5 -2 0 0 230
14 9 38 20.5496 0.664636 1.81985 0.484312 701
14 9 39 25.0499 0.62842 1.89741 0.397906 567
14 9 40 19.1697 0.624327 2.09332 0.416988 318
14 9 41 22.6217 0.667363 1.99541 0.319886 667
14 9 42 18.7555 0.587575 1.58351 0.474327 640
14 9 43 23.9978 0.637631 2.02411 0.438407 798
14 9 44 20.6378 0.721046 1.51845 0.402059 665
14 9 45 21.0729 0.678716 1.08465 0.481729 685
14 9 46 23.9607 0.788833 2.51212 0.27617 873
14 9 47 21.392 0.550352 2.09759 0.41147 651
14 9 48 19.4412 0.571871 1.55274 0.516518 656
14 9 49 18.7231 0.448783 1.45833 0.595808 699
14 9 50 18.6656 0.682696 1.43964 0.501719 663
14 9 51 23.6654 0.688706 3.19851 0.350886 634
14 9 52 22.8226 0.71913 1.81105 0.40941 758
14 9 53 19.2782 0.474905 2.07408 0.412941 601
14 9 54 18.8724 0.723507 1.75852 0.432538 663
14 9 55 23.1472 0.718019 1.81426 0.438111 693
14 9 56 23.5953 0.625741 2.22178 0.387258 600
14 9 57 23.9933 0.646631 2.23602 0.365009 579
14 9 58 19.03 1.10413 1.88778 0.60362 666
14 9 59 20.0419 0.659073 1.71188 0.487203 783
14 9 60 18.5103 0.526622 1.8917 0.41526 538
14 9 61 23.4909 0.741281 1.78589 0.549171 681
14 9 62 18.6202 0.641862 2.38684 0.305435 723
14 9 63 23.2542 0.684859 1.81821 0.396955 689
14 10 0 23.4662 0.666294 2.57001 0.449774 1457
14 10 1 23.0749 0.512167 2.95548 0.492313 1245
14 10 2 26.7199 0.643909 2.93633 0.381384 1274
14 10 3 26.528 0.65631 2.27101 0.340223 1207
14 10 4 26.4592 0.723294 2.64202 0.329022 1457
14 10 5 29.5 -2 0 0 1314
14 10 6 26.9234 0.810261 3.01389 0.316521 1258
14 10 7 26.7485 0.808023 2.93018 0.327153 1190
14 10 8 26.8288 0.64545 2.53924 0.40005 1365
14 10 9 26.4627 0.72633 2.24452 0.462902 1207
14 10 10 27.3325 0.793077 3.08183 0.42557 1153
14 10 11 26.2474 0.721401 2.54396 0.204907 1538
14 10 12 21.3104 0.944286 1.98754 0.351234 1209
14 10 13 22.8364 0.612004 2.50714 0.2295 1304
14 10 14 23.6414 0.752095 2.68092 0.382857 1531
14 10 15 27.5628 0.762502 2.40943 0.396754 1383
14 10 16 21.9164 0.721907 3.50893 0.37248 1120
14 10 17 26.9038 0.633102 2.98238 0.369336 1533
14 10 18 25.5 -2 0 0 1326
14 10 19 29.5 -2 0 0 1362
14 10 20 20.4428 0.592839 2.60294 0.354585 1284
14 10 21 33.5 -2 0 0 1177
14 10 22 22.8039 0.617818 2.41685 0.317855 1212
14 10 23 27.0799 0.613817 2.5753 0.494364 1786
14 10 24 23.0779 0.738369 2.22899 0.429272 1344
14 10 25 26.4578 0.628039 2.88274 0.303986 1551
14 10 26 26.7828 1.0128 2.87477 0.360988 1701
14 10 27 22.2808 0.771828 2.46858 0.347492 1489
14 10 28 23.4944 0.841191 2.06016 0.522124 1439
14 10 29 22.6178 0.609471 2.38827 0.426853 1573
14 10 30 20.214 0.72047 1.87773 0.466649 1097
14 10 31 23.9528 0.724576 2.29889 0.399217 1667
14 10 32 23.4806 0.716265 1.79376 0.435666 1642
14 10 33 26.9316 0.770421 2.74847 0.366324 1764
14 10 34 22.3078 0.642907 2.50239 0.451641 1769
14 10 35 27.0202 0.714499 2.94429 0.329234 1953
14 10 36 25.5 -2 0 0 1196
14 10 37 20.672 0.626769 1.98823 0.381875 1489
14 10 38 26.7803 0.656325 2.89175 0.322345 2235
14 10 39 22.3603 0.709462 2.06553 0.452702 2793
14 10 40 20.437 0.693432 2.56193 0.289154 1296
14 10 41 23.1222 0.613899 2.32037 0.369 1859
14 10 42 21.8617 0.725017 2.23915 0.255313 1940
14 10 43 25.5 -2 0 0 2046
14 10 44 25.4037 0.65157 2.47929 0.400897 2128
14 10 45 22.8455 0.701663 2.59292 0.275674 1916
14 10 46 21.7953 0.867688 1.93047 0.374477 1989
14 10 47 22.8298 0.590638 3.18876 0.422852 2737
14 10 48 25.7506 0.658776 2.28522 0.281271 2109
14 10 49 23.1055 0.637769 2.00324 0.386178 2174
14 10 50 26.3425 0.919705 2.72809 0.433786 2158
14 10 51 21.403 0.706009 2.93209 0.333727 3278
14 10 52 26.715 0.650174 2.44727 0.362003 2314
14 10 53 22.6917 0.560689 2.5954 0.325085 2623
14 10 54 25.5 -2 0 0 2474
14 10 55 21.567 0.658943 2.02982 0.287991 2561
14 10 56 25.3719 0.686193 2.09791 0.634785 3048
14 10 57 22.2443 0.781985 2.77647 0.415535 3128
14 10 58 22.8993 0.634198 2.01299 0.380183 2453
14 10 59 25.5 -2 0 0 2405
14 10 60 21.2586 0.624553 2.54828 0.306423 2758
14 10 61 25.508 0.63853 3.11337 0.399009 3677
14 10 62 21.7341 0.557646 2.6472 0.308234 2850
14 10 63 20.9067 0.580011 2.1003 0.35814 2373
14 11 0 23.7795 0.593982 2.4801 0.455235 3612
14 11 1 24.3717 0.551242 2.91217 0.366784 3425
14 11 2 24.1209 0.66328 2.49521 0.324949 3329
14 11 3 24.534 0.56236 2.17427 0.464604 2230
14 11 4 24.5418 0.590091 1.88598 0.421154 2188
14 11 5 23.8419 0.605047 2.35245 0.357434 2382
14 11 6 24.3293 0.57569 2.43125 0.409922 3114
14 11 7 24.0136 0.583167 2.23759 0.447806 2105
14 11 8 24.0243 0.532188 2.55084 0.362857 2660
14 11 9 24.7288 0.594239 2.65883 0.416452 2825
14 11 10 24.6378 0.633888 2.41656 0.349799 2658
14 11 11 24.354 0.640722 2.34688 0.403856 2235
14 11 12 25.0087 0.56853 2.01031 0.438934 2349
14 11 13 25.5 -2 0 0 1806
14 11 14 20.4132 0.642959 2.32596 0.331089 2815
14 11 15 21.6544 0.604875 1.79598 0.414049 1983
14 11 16 22.1488 0.798076 2.70842 0.327043 2606
14 11 17 19.225 0.615748 2.30339 0.258613 2154
14 11 18 24.6156 0.502141 1.9902 0.483809 2068
14 11 19 24.3249 0.674544 2.07516 0.580153 1764
14 11 20 17.6703 0.590261 1.91411 0.270472 1010
14 11 21 20.5461 0.688887 2.12732 0.339622 2966
14 11 22 25.0228 0.765667 2.12383 0.412236 2135
14 11 23 22.6855 0.863813 2.16618 0.37983 2012
14 11 24 21.0431 0.55368 2.04299 0.33868 2724
14 11 25 29.5 -2 0 0 1651
14 11 26 22.4561 0.600608 2.66808 0.334826 2505
14 11 27 20.9134 0.596705 1.81476 0.431415 1689
14 11 28 29.5 -2 0 0 1667
14 11 29 19.8396 0.605276 1.73806 0.50156 1986
14 11 30 16.0551 0.73848 2.37947 0.32144 1435
14 11 31 23.3326 0.640936 2.43937 0.522243 1455
14 11 32 21.4112 0.552016 1.58844 0.325329 1382
14 11 33 20.1488 0.461627 2.04884 0.344333 1459
14 11 34 23.4511 0.594456 2.16141 0.398106 2229
14 11 35 24.2945 0.607653 1.98417 0.487444 1358
14 11 36 17.0483 0.564368 1.55556 0.456735 834
14 11 37 23.9961 0.593736 1.74872 0.353635 1721
14 11 38 23.7777 0.591264 1.88744 0.495526 1222
14 11 39 19.9942 0.477271 2.00201 0.45784 1199
14 11 40 17.3611 0.476334 2.35656 0.372235 887
14 11 41 20.7099 0.594546 1.51977 0.439013 1306
14 11 42 19.6376 0.477484 1.6702 0.357705 1401
14 11 43 24.6163 0.515973 2.16592 0.36855 1756
14 11 44 24.2401 0.691723 2.05037 0.372895 1170
14 11 45 23.8054 0.480001 2.10805 0.331751 1332
14 11 46 23.9118 0.538382 2.33383 0.439903 1909
14 11 47 18.6948 0.627285 1.89021 0.428767 1054
14 11 48 18.5166 0.535223 1.56559 0.442574 1270
14 11 49 23.6754 0.503441 1.90348 0.364169 1481
14 11 50 23.1904 0.561854 1.6284 0.477941 1234
14 11 51 23.3218 0.881043 2.73591 0.402568 1278
14 11 52 24.0046 0.52642 1.96369 0.523067 1537
14 11 53 18.2651 0.479098 1.86095 0.463183 1167
14 11 54 18.3664 0.506632 1.75484 0.344212 1186
14 11 55 22.4793 0.794497 2.34865 0.418484 1402
14 11 56 21.7417 0.857961 2.42653 0.275027 1230
14 11 57 22.8138 0.571865 2.4815 0.549533 1220
14 11 58 18.5859 0.476386 2.02549 0.303936 1286
14 11 59 25.0348 0.626852 2.94032 0.489055 1800
14 11 60 22.9045 0.579509 2.10161 0.405911 1565
14 11 61 19.2978 0.713468 2.13831 0.379111 1389
14 11 62 19.4826 0.470694 2.20731 0.351696 1484
14 11 63 22.2543 0.611954 1.88784 0.365148 1355
14 12 0 25.1516 0.474284 3.0341 0.371581 4003
14 12 1 22.4502 0.435965 2.95382 0.44244 3719
14 12 2 25.2256 0.455763 2.37843 0.472457 3634
14 12 3 21.7856 0.530142 2.10112 0.324406 3220
14 12 4 25.7138 0.651568 2.15766 0.495736 3793
14 12 5 25.0646 0.453783 2.49744 0.356155 3586
14 12 6 24.1722 0.610623 2.68417 0.488744 3513
14 12 7 25.4877 0.501299 2.62858 0.454207 3166
14 12 8 25.2722 0.55595 2.69479 0.375502 3519
14 12 9 24.9989 0.482813 2.58265 0.30789 3137
14 12 10 24.0508 0.465999 2.73257 0.35925 3073
14 12 11 24.3881 0.501449 2.28154 0.371539 3823
14 12 12 25.6005 0.535402 2.05873 0.634927 3340
14 12 13 22.4338 0.460969 1.93454 0.445036 3232
14 12 14 22.4296 0.47456 2.70558 0.415004 4032
14 12 15 22.4924 0.627489 2.22445 0.422166 3423
14 12 16 22.2537 0.474109 2.46687 0.560061 3111
14 12 17 25.2606 0.466395 2.53825 0.4259 4061
14 12 18 24.6618 0.401648 2.43248 0.747667 3881
14 12 19 24.2927 0.380009 2.70535 0.522837 3312
14 12 20 25.2758 0.504704 2.00618 0.498479 4089
14 12 21 25.3836 0.570938 2.25869 0.550671 3292
14 12 22 25.4424 0.459676 1.97877 0.591608 2975
14 12 23 24.4159 0.532539 2.05168 0.480893 4169
14 12 24 25.5175 0.409439 2.51128 0.436989 3720
14 12 25 25.147 0.44038 2.8653 0.424295 3550
14 12 26 22.1475 0.432898 2.50635 0.400985 4329
14 12 27 25.6003 0.427504 2.48602 0.478669 3625
14 12 28 24.9141 0.530403 2.22699 0.374521 3471
14 12 29 21.2691 0.40467 2.35322 0.402892 4178
14 12 30 25.7958 0.466088 2.38901 0.342734 3877
14 12 31 24.1002 0.473631 2.51096 0.586486 3688
14 12 32 26.1371 0.446494 2.55133 0.375172 3721
14 12 33 24.987 0.425378 2.33462 0.539551 3910
14 12 34 22.775 0.38089 2.43559 0.479419 4684
14 12 35 24.9384 0.510965 2.61619 0.374381 4000
14 12 36 25.1815 0.417392 2.59701 0.432737 4051
14 12 37 23.5975 0.419584 2.20952 0.476233 4446
14 12 38 24.3349 0.621443 3.10747 0.369922 3987
14 12 39 23.9365 0.504137 2.34797 0.421847 4812
14 12 40 25.9356 0.416959 2.28925 0.349635 4337
14 12 41 22.2846 0.357475 2.06049 0.598287 3795
14 12 42 22.2713 0.414979 2.1984 0.489518 4434
14 12 43 21.9195 0.643352 2.7366 0.41014 4565
14 12 44 25.4556 0.396722 2.17913 0.554617 4025
14 12 45 22.3074 0.467435 1.7641 0.578047 4033
14 12 46 22.0711 0.598121 2.75786 0.455829 4978
14 12 47 24.9394 0.439949 2.90801 0.534798 4451
14 12 48 25.2015 0.38018 2.33474 0.496697 4379
14 12 49 24.0532 0.397373 2.05219 0.536468 4687
14 12 50 22.7892 0.388087 2.12527 0.385283 4282
14 12 51 24.0147 0.416087 2.65662 0.45515 5528
14 12 52 22.9416 0.433325 2.06567 0.508291 4872
14 12 53 25.1842 0.423384 2.67356 0.525018 4407
14 12 54 25.5848 0.45822 2.27103 0.524503 4639
14 12 55 23.6415 0.474188 2.63909 0.487162 5087
14 12 56 24.4783 0.581949 2.66839 0.500911 5018
14 12 57 22.3014 0.452909 2.6658 0.402109 5182
14 12 58 22.9208 0.424474 2.77293 0.354737 4505
14 12 59 22.176 0.467776 2.40275 0.434398 5226
14 12 60 23.9468 0.469574 2.79678 0.438084 4516
14 12 61 22.5488 0.375355 2.73922 0.730194 5914
14 12 62 23.4419 0.515149 2.39232 0.530412 5465
14 12 63 23.3727 0.399551 2.17576 0.519587 4957
14 13 0 22.966 0.400679 2.82862 0.541977 6044
14 13 1 24.4893 0.394614 2.60397 0.516661 5469
14 13 2 23.9213 0.418341 2.80458 0.548092 5152
14 13 3 24.9406 0.497728 1.91083 0.696154 4063
14 13 4 23.8983 0.386384 2.4471 0.476287 4558
14 13 5 23.1933 0.463035 2.24409 0.35917 4787
14 13 6 23.2759 0.411503 2.90674 0.425563 4865
14 13 7 23.7571 0.489272 2.36677 0.473961 3841
14 13 8 22.1023 0.45501 2.14315 0.390529 4794
14 13 9 24.007 0.396972 2.62744 0.470049 4433
14 13 10 24.0097 0.533866 2.53227 0.404656 4085
14 13 11 21.8776 0.637168 2.23735 0.434138 4535
14 13 12 22.8278 0.404644 2.38392 0.33341 4350
14 13 13 24.2457 0.436567 1.91305 0.511213 3655
14 13 14 24.1114 0.445516 2.56768 0.426864 5509
14 13 15 24.3097 0.435565 2.45989 0.376914 3892
14 13 16 24.2663 0.405614 2.67063 0.649498 4121
14 13 17 22.3748 0.48298 2.71234 0.300831 4975
14 13 18 21.9999 0.38374 2.12319 0.44281 4084
14 13 19 21.1968 0.367535 2.29574 0.484305 3747
14 13 20 19.3776 0.421553 1.79758 0.36104 4223
14 13 21 21.3445 0.367132 2.15001 0.432852 4588
14 13 22 21.7098 0.388405 1.904 0.421121 3817
14 13 23 19.2412 0.434398 1.95166 0.295703 4338
14 13 24 23.6702 0.46366 2.27719 0.41169 5158
14 13 25 24.1384 0.41588 2.29392 0.439669 3656
14 13 26 22.204 0.5141 2.4689 0.401642 5366
14 13 27 24.8944 0.448308 2.29346 0.490126 3877
14 13 28 29.5 -2 0 0 3544
14 13 29 23.85 0.397606 2.36634 0.39763 4644
14 13 30 21.4818 0.51324 1.8105 0.528606 3917
14 13 31 24.177 0.40547 2.16356 0.469873 3332
14 13 32 21.335 0.457726 1.94166 0.429273 3242
14 13 33 24.1546 0.400651 2.45121 0.386876 3554
14 13 34 22.189 0.575597 2.80924 0.335215 5185
14 13 35 21.4114 0.467508 2.03572 0.510819 3191
14 13 36 17.9998 0.446967 2.00147 0.383706 3539
14 13 37 20.9016 0.561981 2.52278 0.402066 4118
14 13 38 21.7381 0.440924 1.81283 0.608232 2947
14 13 39 23.6607 0.499328 2.5371 0.316817 3321
14 13 40 24.5482 0.420289 2.26621 0.494945 3895
14 13 41 22.1017 0.36994 1.78917 0.656898 3090
14 13 42 22.9583 0.599347 2.47817 0.458452 3744
14 13 43 23.2329 0.407578 2.51554 0.406284 4429
14 13 44 21.4689 0.594359 2.1484 0.421009 2891
14 13 45 21.8804 0.457668 1.74783 0.604789 3397
14 13 46 20.6985 0.339852 2.30515 0.400598 4610
14 13 47 22.7429 0.394281 2.5189 0.469709 2861
14 13 48 20.9417 0.407626 2.02675 0.388202 3497
14 13 49 23.0426 0.500304 2.1481 0.559913 3836
14 13 50 21.0173 0.396383 2.03329 0.484048 3037
14 13 51 24.3151 0.441407 2.49401 0.444759 3793
14 13 52 20.4514 0.516869 2.30832 0.34661 3899
14 13 53 23.6936 0.483387 2.4922 0.449364 2857
14 13 54 23.3104 0.361502 2.04341 0.500079 3228
14 13 55 22.8217 0.474907 2.31946 0.614805 3740
14 13 56 21.013 0.487156 2.28763 0.386897 3410
14 13 57 23.2112 0.479687 2.55107 0.48593 3654
14 13 58 24.1811 0.431975 2.1698 0.48753 3535
14 13 59 21.0728 0.461784 2.73888 0.467163 4421
14 13 60 23.7366 0.44268 2.5348 0.456908 3161
14 13 61 20.3303 0.427558 2.35818 0.4224 4006
14 13 62 20.573 0.453154 2.20152 0.548083 4057
14 13 63 22.5171 0.507733 2.37807 0.585288 3590
14 14 0 23.981 0.422674 3.15837 0.398065 6024
14 14 1 24.0366 0.393358 2.92915 0.457294 5325
14 14 2 23.1398 0.383357 2.70697 0.440772 5135
14 14 3 25.3189 0.452305 1.97482 0.621364 4360
14 14 4 24.1131 0.510918 2.20278 0.424271 4142
14 14 5 24.7339 0.578149 2.59216 0.732651 4428
14 14 6 24.8133 0.422394 2.55968 0.447347 5039
14 14 7 24.8058 0.451469 2.16453 0.601999 3929
14 14 8 24.0468 0.471801 2.46527 0.336927 4606
14 14 9 24.475 0.464016 2.70214 0.521724 4384
14 14 10 26.2072 0.39948 2.96166 0.350366 4262
14 14 11 24.3536 0.44488 2.57788 0.3921 4331
14 14 12 22.1374 0.5322 2.0893 0.388557 4084
14 14 13 25.3688 0.481439 2.4085 0.425454 3538
14 14 14 21.1081 0.431246 2.3334 0.514004 5190
14 14 15 25.0673 0.511517 2.2553 0.474349 3733
14 14 16 25.0709 0.440305 2.76028 0.72536 4362
14 14 17 23.1424 0.405719 2.22167 0.521818 4571
14 14 18 25.8036 0.435696 2.52806 0.503731 3919
14 14 19 23.6651 0.426094 2.28322 0.362156 3563
14 14 20 24.9126 0.486634 2.36047 0.669725 3893
14 14 21 24.8179 0.432655 2.36405 0.48323 4792
14 14 22 25.6245 0.640355 2.5912 0.351298 3774
14 14 23 24.7589 0.435986 2.71698 0.300018 4063
14 14 24 21.8483 0.426215 2.64344 0.311057 4958
14 14 25 22.9262 0.630032 2.46831 0.559687 3343
14 14 26 21.0048 0.5125 2.49054 0.317202 4811
14 14 27 25.1046 0.470139 2.66341 0.361547 3558
14 14 28 25.7066 0.431266 2.08574 0.399253 3341
14 14 29 24.3841 0.445837 2.33621 0.380562 4216
14 14 30 25.9097 0.433221 2.39796 0.418755 3776
14 14 31 25.1324 0.481343 2.5878 0.559638 3048
14 14 32 24.8942 0.417744 2.26058 0.42904 3086
14 14 33 25.4592 0.403366 2.24653 0.384874 3516
14 14 34 25.1248 0.516686 2.38816 0.531149 4565
14 14 35 22.8093 0.453004 2.42621 0.539197 2820
14 14 36 24.5756 0.46834 1.96979 0.499356 3295
14 14 37 24.5166 0.481456 1.93821 0.533894 3771
14 14 38 25.5276 0.442678 2.88272 0.485348 2724
14 14 39 24.3465 0.466943 2.34428 0.414491 2740
14 14 40 24.2632 0.606593 2.73154 0.305888 3486
14 14 41 25.5715 0.401775 2.10156 0.360091 2690
14 14 42 25.5896 0.436665 2.03408 0.466535 3192
14 14 43 24.511 0.390369 2.34931 0.465017 3898
14 14 44 26.1271 0.379088 2.52088 0.340001 2449
14 14 45 25.7235 0.532401 2.18656 0.29297 2917
14 14 46 24.3433 0.42675 2.80568 0.494229 4259
14 14 47 21.3342 0.49661 2.8411 0.408884 2528
14 14 48 25.5464 0.517583 2.10445 0.434607 3062
14 14 49 24.9178 0.451162 2.29385 0.612303 3304
14 14 50 25.1765 0.535807 2.57574 0.383312 2659
14 14 51 24.8813 0.588119 2.35032 0.532066 3123
14 14 52 24.7015 0.376106 2.37286 0.395374 3465
14 14 53 24.0938 0.497726 2.61775 0.498617 2527
14 14 54 24.3107 0.554634 2.24646 0.524325 2686
14 14 55 23.3489 0.506839 2.28852 0.372583 3164
14 14 56 24.9932 0.460754 2.4745 0.379009 2808
14 14 57 24.6371 0.454103 2.31058 0.428912 3049
14 14 58 22.3502 0.630215 2.34101 0.299871 2951
14 14 59 23.9027 0.423093 2.76637 0.397183 3893
14 14 60 21.5098 0.416626 2.09539 0.42638 2607
14 14 61 22.9852 0.425232 2.54978 0.490104 3252
14 14 62 25.5914 0.437799 2.49632 0.491173 3404
14 14 63 22.2727 0.368516 1.926 0.447119 2969
14 15 0 25.8377 0.484848 2.4537 0.427793 3309
14 15 1 25.1691 0.506908 3.0847 0.416772 3075
14 15 2 23.8938 0.552835 2.73103 0.431664 2915
14 15 3 23.8162 0.511671 1.9371 0.452513 2577
14 15 4 25.3849 0.480113 2.03767 0.385858 3155
14 15 5 24.1087 0.412189 2.08407 0.345613 2841
14 15 6 25.7391 0.546935 2.27313 0.461173 2737
14 15 7 23.72 0.456223 2.26225 0.507935 2367
14 15 8 26.1386 0.463894 2.12222 0.574214 3031
14 15 9 24.595 0.474576 2.44692 0.320076 2404
14 15 10 24.3796 0.416487 2.72851 0.450962 2301
14 15 11 24.2836 0.430253 2.36202 0.421037 3270
14 15 12 24.8736 0.554325 2.19389 0.352886 2759
14 15 13 25.1787 0.582754 2.53578 0.487906 2714
14 15 14 25.7167 0.605936 3.39295 0.49928 3456
14 15 15 25.9798 0.443044 2.20205 0.426701 2853
14 15 16 25.6996 0.454737 2.56774 0.658583 2234
14 15 17 25.5103 0.458607 2.4502 0.318546 3490
14 15 18 25.1877 0.497727 2.16548 0.302949 3050
14 15 19 29.5 -2 0 0 2751
14 15 20 25.4551 0.538529 2.885 0.255689 3406
14 15 21 24.5134 0.442252 2.32313 0.414826 2606
14 15 22 25.6837 0.434472 2.02253 0.34519 2408
14 15 23 25.2128 0.505714 2.35268 0.406691 3635
14 15 24 25.5933 0.461797 2.45318 0.359837 3236
14 15 25 24.2705 0.445605 2.1255 0.642107 2771
14 15 26 24.6178 0.388066 2.59139 0.411728 3872
14 15 27 24.9521 0.517317 2.03428 0.43756 3102
14 15 28 25.5517 0.516526 2.27859 0.394681 2924
14 15 29 24.6053 0.441988 2.65973 0.317092 3836
14 15 30 25.9272 0.42871 2.50537 0.358703 3282
14 15 31 23.064 0.51008 2.43119 0.363386 2924
14 15 32 24.2355 0.497524 2.33319 0.391179 3116
14 15 33 23.3 0.466624 2.06775 0.490336 3425
14 15 34 23.2845 0.381796 2.25614 0.531811 4093
14 15 35 25.9728 0.451408 2.50479 0.468946 3388
14 15 36 23.6455 0.402372 2.14682 0.538077 3533
14 15 37 23.5957 0.438962 1.75746 0.55056 3985
14 15 38 24.65 0.471843 2.50411 0.304543 3565
14 15 39 24.4157 0.476631 2.79149 0.295422 4644
14 15 40 25.265 0.39034 2.32264 0.534411 3864
14 15 41 23.3559 0.5866 1.7308 0.66629 3390
14 15 42 23.264 0.390197 2.2648 0.350774 4119
14 15 43 23.4004 0.473572 2.21027 0.438806 4224
14 15 44 22.7886 0.570969 2.12366 0.425766 3643
14 15 45 23.5986 0.418614 2.39228 0.431024 3549
14 15 46 23.7452 0.40907 2.38679 0.44942 4507
14 15 47 24.8193 0.450859 2.65514 0.550687 3758
14 15 48 25.32 0.463041 2.46404 0.325827 3961
14 15 49 24.4096 0.412528 2.23143 0.424002 4448
14 15 50 23.2747 0.359478 1.98566 0.449365 3831
14 15 51 25.2545 0.388191 2.74582 0.493228 5276
14 15 52 24.366 0.371895 2.49238 0.373259 4637
14 15 53 25.0171 0.489725 2.16992 0.62783 4051
14 15 54 23.9402 0.504699 2.34937 0.466211 4115
14 15 55 24.3028 0.385733 2.1592 0.467174 4885
14 15 56 22.2718 0.427537 2.77189 0.337574 4927
14 15 57 29.5 -2 0 0 5051
14 15 58 22.5772 0.464039 2.35561 0.339003 4315
14 15 59 23.2277 0.430105 2.70444 0.35102 4876
14 15 60 29.5 -2 0 0 4317
14 15 61 21.9607 0.423876 2.98433 0.355896 5645
14 15 62 22.155 0.402575 2.2457 0.508826 5170
14 15 63 24.0943 0.479435 2.51182 0.433947 4671
