#mip results PROTO15-TB2022-03
#layer chip channel mpv empv widthmpv chi2ndf nentries
0 0 0 0 -10 0 0 0
0 0 1 0 -10 0 0 0
0 0 2 0 -10 0 0 0
0 0 3 0 -10 0 0 0
0 0 4 0 -10 0 0 0
0 0 5 0 -10 0 0 0
0 0 6 0 -10 0 0 0
0 0 7 0 -10 0 0 0
0 0 8 0 -10 0 0 0
0 0 9 0 -10 0 0 0
0 0 10 0 -10 0 0 0
0 0 11 0 -10 0 0 0
0 0 12 0 -10 0 0 0
0 0 13 0 -10 0 0 0
0 0 14 0 -10 0 0 0
0 0 15 0 -10 0 0 0
0 0 16 0 -10 0 0 0
0 0 17 0 -10 0 0 0
0 0 18 0 -10 0 0 0
0 0 19 0 -10 0 0 0
0 0 20 0 -10 0 0 0
0 0 21 0 -10 0 0 0
0 0 22 0 -10 0 0 0
0 0 23 0 -10 0 0 0
0 0 24 0 -10 0 0 0
0 0 25 0 -10 0 0 0
0 0 26 0 -10 0 0 0
0 0 27 0 -10 0 0 0
0 0 28 0 -10 0 0 0
0 0 29 0 -10 0 0 0
0 0 30 0 -10 0 0 0
0 0 31 0 -10 0 0 0
0 0 32 0 -10 0 0 0
0 0 33 0 -10 0 0 0
0 0 34 0 -10 0 0 0
0 0 35 0 -10 0 0 0
0 0 36 0 -10 0 0 0
0 0 37 0 -10 0 0 0
0 0 38 0 -10 0 0 0
0 0 39 0 -10 0 0 0
0 0 40 0 -10 0 0 0
0 0 41 0 -10 0 0 0
0 0 42 0 -10 0 0 0
0 0 43 0 -10 0 0 0
0 0 44 0 -10 0 0 0
0 0 45 0 -10 0 0 0
0 0 46 0 -10 0 0 0
0 0 47 0 -10 0 0 0
0 0 48 0 -10 0 0 0
0 0 49 0 -10 0 0 0
0 0 50 0 -10 0 0 0
0 0 51 0 -10 0 0 0
0 0 52 0 -10 0 0 0
0 0 53 0 -10 0 0 0
0 0 54 0 -10 0 0 0
0 0 55 0 -10 0 0 0
0 0 56 0 -10 0 0 0
0 0 57 0 -10 0 0 0
0 0 58 0 -10 0 0 0
0 0 59 0 -10 0 0 0
0 0 60 0 -10 0 0 0
0 0 61 0 -10 0 0 0
0 0 62 0 -10 0 0 0
0 0 63 0 -10 0 0 0
0 1 0 0 -10 0 0 0
0 1 1 0 -10 0 0 0
0 1 2 0 -10 0 0 0
0 1 3 0 -10 0 0 0
0 1 4 0 -10 0 0 0
0 1 5 0 -10 0 0 0
0 1 6 0 -10 0 0 0
0 1 7 0 -10 0 0 0
0 1 8 0 -10 0 0 0
0 1 9 0 -10 0 0 0
0 1 10 0 -10 0 0 0
0 1 11 0 -10 0 0 0
0 1 12 0 -10 0 0 0
0 1 13 0 -10 0 0 0
0 1 14 0 -10 0 0 0
0 1 15 0 -10 0 0 0
0 1 16 0 -10 0 0 0
0 1 17 0 -10 0 0 0
0 1 18 0 -10 0 0 0
0 1 19 0 -10 0 0 0
0 1 20 0 -10 0 0 0
0 1 21 0 -10 0 0 0
0 1 22 0 -10 0 0 0
0 1 23 0 -10 0 0 0
0 1 24 0 -10 0 0 0
0 1 25 0 -10 0 0 0
0 1 26 0 -10 0 0 0
0 1 27 0 -10 0 0 0
0 1 28 0 -10 0 0 0
0 1 29 0 -10 0 0 0
0 1 30 0 -10 0 0 0
0 1 31 0 -10 0 0 0
0 1 32 0 -10 0 0 0
0 1 33 0 -10 0 0 0
0 1 34 0 -10 0 0 0
0 1 35 0 -10 0 0 0
0 1 36 0 -10 0 0 0
0 1 37 0 -10 0 0 0
0 1 38 0 -10 0 0 0
0 1 39 0 -10 0 0 0
0 1 40 0 -10 0 0 0
0 1 41 0 -10 0 0 0
0 1 42 0 -10 0 0 0
0 1 43 0 -10 0 0 0
0 1 44 0 -10 0 0 0
0 1 45 0 -10 0 0 0
0 1 46 0 -10 0 0 0
0 1 47 0 -10 0 0 0
0 1 48 0 -10 0 0 0
0 1 49 0 -10 0 0 0
0 1 50 0 -10 0 0 0
0 1 51 0 -10 0 0 0
0 1 52 0 -10 0 0 0
0 1 53 0 -10 0 0 0
0 1 54 0 -10 0 0 0
0 1 55 0 -10 0 0 0
0 1 56 0 -10 0 0 0
0 1 57 0 -10 0 0 0
0 1 58 0 -10 0 0 0
0 1 59 0 -10 0 0 0
0 1 60 0 -10 0 0 0
0 1 61 0 -10 0 0 0
0 1 62 0 -10 0 0 0
0 1 63 0 -10 0 0 0
0 2 0 0 -10 0 0 0
0 2 1 0 -10 0 0 0
0 2 2 0 -10 0 0 0
0 2 3 0 -10 0 0 0
0 2 4 0 -10 0 0 0
0 2 5 0 -10 0 0 0
0 2 6 0 -10 0 0 0
0 2 7 0 -10 0 0 0
0 2 8 0 -10 0 0 0
0 2 9 0 -10 0 0 0
0 2 10 0 -10 0 0 0
0 2 11 0 -10 0 0 0
0 2 12 0 -10 0 0 0
0 2 13 0 -10 0 0 0
0 2 14 0 -10 0 0 0
0 2 15 0 -10 0 0 0
0 2 16 0 -10 0 0 0
0 2 17 0 -10 0 0 0
0 2 18 0 -10 0 0 0
0 2 19 0 -10 0 0 0
0 2 20 0 -10 0 0 0
0 2 21 0 -10 0 0 0
0 2 22 0 -10 0 0 0
0 2 23 0 -10 0 0 0
0 2 24 0 -10 0 0 0
0 2 25 0 -10 0 0 0
0 2 26 0 -10 0 0 0
0 2 27 0 -10 0 0 0
0 2 28 0 -10 0 0 0
0 2 29 0 -10 0 0 0
0 2 30 0 -10 0 0 0
0 2 31 0 -10 0 0 0
0 2 32 0 -10 0 0 0
0 2 33 0 -10 0 0 0
0 2 34 0 -10 0 0 0
0 2 35 0 -10 0 0 0
0 2 36 0 -10 0 0 0
0 2 37 0 -10 0 0 0
0 2 38 0 -10 0 0 0
0 2 39 0 -10 0 0 0
0 2 40 0 -10 0 0 0
0 2 41 0 -10 0 0 0
0 2 42 0 -10 0 0 0
0 2 43 0 -10 0 0 0
0 2 44 0 -10 0 0 0
0 2 45 0 -10 0 0 0
0 2 46 0 -10 0 0 0
0 2 47 0 -10 0 0 0
0 2 48 0 -10 0 0 0
0 2 49 0 -10 0 0 0
0 2 50 0 -10 0 0 0
0 2 51 0 -10 0 0 0
0 2 52 0 -10 0 0 0
0 2 53 0 -10 0 0 0
0 2 54 0 -10 0 0 0
0 2 55 0 -10 0 0 0
0 2 56 0 -10 0 0 0
0 2 57 0 -10 0 0 0
0 2 58 0 -10 0 0 0
0 2 59 0 -10 0 0 0
0 2 60 0 -10 0 0 0
0 2 61 0 -10 0 0 0
0 2 62 0 -10 0 0 0
0 2 63 0 -10 0 0 0
0 3 0 0 -10 0 0 0
0 3 1 0 -10 0 0 0
0 3 2 0 -10 0 0 0
0 3 3 0 -10 0 0 0
0 3 4 0 -10 0 0 0
0 3 5 0 -10 0 0 0
0 3 6 0 -10 0 0 0
0 3 7 0 -10 0 0 0
0 3 8 0 -10 0 0 0
0 3 9 0 -10 0 0 0
0 3 10 0 -10 0 0 0
0 3 11 0 -10 0 0 0
0 3 12 0 -10 0 0 0
0 3 13 0 -10 0 0 0
0 3 14 0 -10 0 0 0
0 3 15 0 -10 0 0 0
0 3 16 0 -10 0 0 0
0 3 17 0 -10 0 0 0
0 3 18 0 -10 0 0 0
0 3 19 0 -10 0 0 0
0 3 20 0 -10 0 0 0
0 3 21 0 -10 0 0 0
0 3 22 0 -10 0 0 0
0 3 23 0 -10 0 0 0
0 3 24 0 -10 0 0 0
0 3 25 0 -10 0 0 0
0 3 26 0 -10 0 0 0
0 3 27 0 -10 0 0 0
0 3 28 0 -10 0 0 0
0 3 29 0 -10 0 0 0
0 3 30 0 -10 0 0 0
0 3 31 0 -10 0 0 0
0 3 32 0 -10 0 0 0
0 3 33 0 -10 0 0 0
0 3 34 0 -10 0 0 0
0 3 35 0 -10 0 0 0
0 3 36 0 -10 0 0 0
0 3 37 0 -10 0 0 0
0 3 38 0 -10 0 0 0
0 3 39 0 -10 0 0 0
0 3 40 0 -10 0 0 0
0 3 41 0 -10 0 0 0
0 3 42 0 -10 0 0 0
0 3 43 0 -10 0 0 0
0 3 44 0 -10 0 0 0
0 3 45 0 -10 0 0 0
0 3 46 0 -10 0 0 0
0 3 47 0 -10 0 0 0
0 3 48 0 -10 0 0 0
0 3 49 0 -10 0 0 0
0 3 50 0 -10 0 0 0
0 3 51 0 -10 0 0 0
0 3 52 0 -10 0 0 0
0 3 53 0 -10 0 0 0
0 3 54 0 -10 0 0 0
0 3 55 0 -10 0 0 0
0 3 56 0 -10 0 0 0
0 3 57 0 -10 0 0 0
0 3 58 0 -10 0 0 0
0 3 59 0 -10 0 0 0
0 3 60 0 -10 0 0 0
0 3 61 0 -10 0 0 0
0 3 62 0 -10 0 0 0
0 3 63 0 -10 0 0 0
0 4 0 5.5 -2 0 0 1386
0 4 1 1.5 -2 0 0 1151
0 4 2 1.5 -2 0 0 986
0 4 3 1.5 -2 0 0 787
0 4 4 1.5 -2 0 0 948
0 4 5 1.5 -2 0 0 922
0 4 6 1.5 -2 0 0 931
0 4 7 5.5 -2 0 0 879
0 4 8 1.5 -2 0 0 1073
0 4 9 1.5 -2 0 0 901
0 4 10 5.5 -2 0 0 829
0 4 11 5.5 -2 0 0 1139
0 4 12 5.5 -2 0 0 869
0 4 13 5.5 -2 0 0 779
0 4 14 4.64158 0.401468 0.280963 0.406916 1351
0 4 15 5.22141 0.378816 0.33273 0.192779 820
0 4 16 1.5 -2 0 0 835
0 4 17 5.5 -2 0 0 1190
0 4 18 5.5 -2 0 0 891
0 4 19 6.10728 0.416763 0.271101 0.53314 836
0 4 20 1.5 -2 0 0 986
0 4 21 1.5 -2 0 0 958
0 4 22 1.5 -2 0 0 788
0 4 23 0 -10 0 0 7
0 4 24 1.5 -2 0 0 1135
0 4 25 1.5 -2 0 0 818
0 4 26 5.5 -2 0 0 1425
0 4 27 5.5 -2 0 0 837
0 4 28 1.5 -2 0 0 834
0 4 29 5.5 -2 0 0 1252
0 4 30 5.60063 0.178443 0.1 0.378293 855
0 4 31 1.5 -2 0 0 836
0 4 32 5.5 -2 0 0 862
0 4 33 5.5 -2 0 0 886
0 4 34 5.5 -2 0 0 1429
0 4 35 1.5 -2 0 0 928
0 4 36 1.5 -2 0 0 929
0 4 37 1.5 -2 0 0 1122
0 4 38 1.5 -2 0 0 847
0 4 39 5.5 -2 0 0 982
0 4 40 1.5 -2 0 0 963
0 4 41 1.5 -2 0 0 863
0 4 42 1.5 -2 0 0 1007
0 4 43 1.5 -2 0 0 1251
0 4 44 1.5 -2 0 0 834
0 4 45 5.5 -2 0 0 846
0 4 46 1.5 -2 0 0 1557
0 4 47 5.5 -2 0 0 890
0 4 48 1.5 -2 0 0 905
0 4 49 5.5 -2 0 0 1194
0 4 50 5.5 -2 0 0 879
0 4 51 1.5 -2 0 0 1350
0 4 52 5.5 -2 0 0 1290
0 4 53 1.5 -2 0 0 853
0 4 54 1.5 -2 0 0 959
0 4 55 1.5 -2 0 0 1351
0 4 56 1.5 -2 0 0 1017
0 4 57 1.5 -2 0 0 1217
0 4 58 1.5 -2 0 0 1034
0 4 59 1.5 -2 0 0 1425
0 4 60 1.5 -2 0 0 905
0 4 61 5.5 -2 0 0 1558
0 4 62 1.5 -2 0 0 1553
0 4 63 5.5 -2 0 0 1157
0 5 0 1.5 -2 0 0 1785
0 5 1 1.5 -2 0 0 1958
0 5 2 1.5 -2 0 0 2090
0 5 3 1.5 -2 0 0 2905
0 5 4 1.5 -2 0 0 2302
0 5 5 5.5 -2 0 0 2331
0 5 6 5.5 -2 0 0 2453
0 5 7 1.5 -2 0 0 3862
0 5 8 1.5 -2 0 0 2124
0 5 9 1.5 -2 0 0 3007
0 5 10 1.5 -2 0 0 3346
0 5 11 1.5 -2 0 0 2124
0 5 12 1.5 -2 0 0 2690
0 5 13 1.5 -2 0 0 3251
0 5 14 1.5 -2 0 0 1704
0 5 15 1.5 -2 0 0 2803
0 5 16 5.5 -2 0 0 3901
0 5 17 5.4178 0.532888 0.346156 0.443781 1870
0 5 18 1.5 -2 0 0 2635
0 5 19 5.5 -2 0 0 3830
0 5 20 1.5 -2 0 0 2251
0 5 21 1.5 -2 0 0 2710
0 5 22 1.5 -2 0 0 3255
0 5 23 9.5 -2 0 0 2033
0 5 24 5.5 -2 0 0 1875
0 5 25 1.5 -2 0 0 3620
0 5 26 1.5 -2 0 0 1659
0 5 27 1.5 -2 0 0 2855
0 5 28 1.5 -2 0 0 3082
0 5 29 1.5 -2 0 0 1832
0 5 30 1.5 -2 0 0 2553
0 5 31 5.5 -2 0 0 3427
0 5 32 5.5 -2 0 0 2873
0 5 33 5.5 -2 0 0 2589
0 5 34 5.5 -2 0 0 1620
0 5 35 5.5 -2 0 0 3249
0 5 36 1.5 -2 0 0 2420
0 5 37 1.5 -2 0 0 1934
0 5 38 1.5 -2 0 0 3103
0 5 39 4.67292 0.205649 0.107879 0.328411 2144
0 5 40 5.5 -2 0 0 2185
0 5 41 5.5 -2 0 0 2843
0 5 42 5.5 -2 0 0 2080
0 5 43 5.5 -2 0 0 1730
0 5 44 1.5 -2 0 0 2494
0 5 45 1.5 -2 0 0 1879
0 5 46 5.5 -2 0 0 1590
0 5 47 1.5 -2 0 0 2970
0 5 48 5.5 -2 0 0 2261
0 5 49 5.5 -2 0 0 1842
0 5 50 5.5 -2 0 0 2429
0 5 51 1.5 -2 0 0 1592
0 5 52 1.5 -2 0 0 1690
0 5 53 1.5 -2 0 0 2636
0 5 54 1.5 -2 0 0 2151
0 5 55 1.5 -2 0 0 1564
0 5 56 1.5 -2 0 0 1916
0 5 57 5.5 -2 0 0 1815
0 5 58 1.5 -2 0 0 1861
0 5 59 1.5 -2 0 0 1537
0 5 60 5.5 -2 0 0 2295
0 5 61 4.65021 0.439737 0.281103 0.203223 1536
0 5 62 1.5 -2 0 0 1468
0 5 63 1.5 -2 0 0 1692
0 6 0 5.5 -2 0 0 1586
0 6 1 1.5 -2 0 0 1278
0 6 2 1.5 -2 0 0 1155
0 6 3 9.5 -2 0 0 844
0 6 4 5.5 -2 0 0 886
0 6 5 1.5 -2 0 0 973
0 6 6 1.5 -2 0 0 1027
0 6 7 1.5 -2 0 0 865
0 6 8 5.13391 0.501925 0.253962 0.377757 1144
0 6 9 1.5 -2 0 0 916
0 6 10 5.59522 0.509327 0.151451 0.366714 813
0 6 11 5.5 -2 0 0 1101
0 6 12 1.5 -2 0 0 935
0 6 13 5.5 -2 0 0 778
0 6 14 5.5 -2 0 0 1452
0 6 15 1.5 -2 0 0 851
0 6 16 6.04719 0.415043 0.183356 0.307229 943
0 6 17 5.5 -2 0 0 1238
0 6 18 5.5 -2 0 0 917
0 6 19 1.5 -2 0 0 807
0 6 20 5.5 -2 0 0 935
0 6 21 5.5 -2 0 0 990
0 6 22 5.5 -2 0 0 826
0 6 23 5.5 -2 0 0 996
0 6 24 5.5 -2 0 0 1227
0 6 25 1.5 -2 0 0 810
0 6 26 5.5 -2 0 0 1417
0 6 27 5.98886 0.430366 0.260747 0.440674 849
0 6 28 5.12186 0.308232 0.114222 0.191509 806
0 6 29 5.5 -2 0 0 1114
0 6 30 5.5 -2 0 0 889
0 6 31 5.5 -2 0 0 807
0 6 32 5.5 -2 0 0 807
0 6 33 5.5 -2 0 0 801
0 6 34 5.5 -2 0 0 1317
0 6 35 5.5 -2 0 0 713
0 6 36 5.5 -2 0 0 869
0 6 37 5.5 -2 0 0 893
0 6 38 5.5 -2 0 0 719
0 6 39 5.5 -2 0 0 815
0 6 40 5.5 -2 0 0 914
0 6 41 5.5 -2 0 0 750
0 6 42 1.5 -2 0 0 860
0 6 43 1.5 -2 0 0 1094
0 6 44 5.5 -2 0 0 686
0 6 45 1.5 -2 0 0 757
0 6 46 5.5 -2 0 0 1201
0 6 47 5.5 -2 0 0 719
0 6 48 5.5 -2 0 0 878
0 6 49 5.5 -2 0 0 913
0 6 50 1.5 -2 0 0 737
0 6 51 1.5 -2 0 0 1024
0 6 52 1.5 -2 0 0 984
0 6 53 1.5 -2 0 0 740
0 6 54 1.5 -2 0 0 754
0 6 55 5.5 -2 0 0 916
0 6 56 1.5 -2 0 0 876
0 6 57 1.5 -2 0 0 917
0 6 58 1.5 -2 0 0 820
0 6 59 4.89022 0.456943 0.358339 0.171139 1124
0 6 60 1.5 -2 0 0 799
0 6 61 1.5 -2 0 0 1075
0 6 62 1.5 -2 0 0 1007
0 6 63 1.5 -2 0 0 845
0 7 0 5.5 -2 0 0 1166
0 7 1 1.5 -2 0 0 1284
0 7 2 5.5 -2 0 0 1338
0 7 3 1.5 -2 0 0 1825
0 7 4 1.5 -2 0 0 1624
0 7 5 1.5 -2 0 0 1499
0 7 6 1.5 -2 0 0 1440
0 7 7 1.5 -2 0 0 2360
0 7 8 5.5 -2 0 0 1377
0 7 9 1.5 -2 0 0 1737
0 7 10 5.5 -2 0 0 1856
0 7 11 5.5 -2 0 0 1529
0 7 12 1.5 -2 0 0 1626
0 7 13 1.5 -2 0 0 2182
0 7 14 1.5 -2 0 0 1176
0 7 15 1.5 -2 0 0 2079
0 7 16 1.5 -2 0 0 2184
0 7 17 1.5 -2 0 0 1297
0 7 18 5.5 -2 0 0 1844
0 7 19 1.5 -2 0 0 2620
0 7 20 5.5 -2 0 0 1854
0 7 21 5.5 -2 0 0 1666
0 7 22 5.5 -2 0 0 1962
0 7 23 5.5 -2 0 0 1654
0 7 24 5.5 -2 0 0 1189
0 7 25 5.5 -2 0 0 2882
0 7 26 1.5 -2 0 0 1305
0 7 27 1.5 -2 0 0 2271
0 7 28 5.5 -2 0 0 2587
0 7 29 5.5 -2 0 0 1471
0 7 30 5.5 -2 0 0 2085
0 7 31 5.5 -2 0 0 3172
0 7 32 1.5 -2 0 0 2626
0 7 33 1.5 -2 0 0 2259
0 7 34 1.5 -2 0 0 1406
0 7 35 1.5 -2 0 0 3369
0 7 36 5.5 -2 0 0 2265
0 7 37 1.5 -2 0 0 1813
0 7 38 5.5 -2 0 0 3616
0 7 39 5.5 -2 0 0 2629
0 7 40 9.5 -2 0 0 1893
0 7 41 1.5 -2 0 0 2812
0 7 42 5.5 -2 0 0 2124
0 7 43 1.5 -2 0 0 1578
0 7 44 5.5 -2 0 0 2956
0 7 45 1.5 -2 0 0 2521
0 7 46 4.94004 0.381495 0.134599 0.501737 1459
0 7 47 5.5 -2 0 0 3698
0 7 48 1.5 -2 0 0 2305
0 7 49 5.5 -2 0 0 1858
0 7 50 1.5 -2 0 0 2693
0 7 51 5.5 -2 0 0 1948
0 7 52 1.5 -2 0 0 1690
0 7 53 1.5 -2 0 0 3229
0 7 54 5.5 -2 0 0 2481
0 7 55 1.5 -2 0 0 1756
0 7 56 1.5 -2 0 0 2385
0 7 57 1.5 -2 0 0 2092
0 7 58 5.02072 0.352325 0.277693 0.0366539 2202
0 7 59 4.93791 0.43668 0.190597 0.287136 1597
0 7 60 1.5 -2 0 0 2956
0 7 61 1.5 -2 0 0 1707
0 7 62 1.5 -2 0 0 1610
0 7 63 5.5 -2 0 0 2117
0 8 0 1.5 -2 0 0 841
0 8 1 1.5 -2 0 0 821
0 8 2 1.5 -2 0 0 752
0 8 3 1.5 -2 0 0 738
0 8 4 1.5 -2 0 0 779
0 8 5 1.5 -2 0 0 815
0 8 6 5.5 -2 0 0 761
0 8 7 5.5 -2 0 0 690
0 8 8 1.5 -2 0 0 726
0 8 9 1.5 -2 0 0 773
0 8 10 4.80768 0.296824 0.542545 0.485151 680
0 8 11 1.5 -2 0 0 767
0 8 12 0 -10 0 0 52
0 8 13 1.5 -2 0 0 747
0 8 14 1.5 -2 0 0 729
0 8 15 1.5 -2 0 0 781
0 8 16 1.5 -2 0 0 763
0 8 17 1.5 -2 0 0 771
0 8 18 1.5 -2 0 0 720
0 8 19 5.5 -2 0 0 786
0 8 20 5.5 -2 0 0 829
0 8 21 5.5 -2 0 0 779
0 8 22 1.5 -2 0 0 686
0 8 23 1.5 -2 0 0 879
0 8 24 1.5 -2 0 0 792
0 8 25 5.5 -2 0 0 826
0 8 26 5.5 -2 0 0 893
0 8 27 5.5 -2 0 0 757
0 8 28 1.5 -2 0 0 799
0 8 29 1.5 -2 0 0 847
0 8 30 5.5 -2 0 0 801
0 8 31 5.03527 0.404322 0.263065 0.299491 882
0 8 32 5.5 -2 0 0 850
0 8 33 5.5 -2 0 0 821
0 8 34 1.5 -2 0 0 863
0 8 35 1.5 -2 0 0 892
0 8 36 5.5 -2 0 0 862
0 8 37 5.5 -2 0 0 878
0 8 38 5.5 -2 0 0 1022
0 8 39 5.5 -2 0 0 1103
0 8 40 1.5 -2 0 0 850
0 8 41 5.5 -2 0 0 894
0 8 42 5.47022 0.498908 0.33528 0.3154 971
0 8 43 5.5 -2 0 0 867
0 8 44 5.5 -2 0 0 869
0 8 45 1.5 -2 0 0 856
0 8 46 1.5 -2 0 0 943
0 8 47 1.5 -2 0 0 1131
0 8 48 5.5 -2 0 0 948
0 8 49 5.5 -2 0 0 950
0 8 50 5.5 -2 0 0 951
0 8 51 5.5 -2 0 0 1170
0 8 52 1.5 -2 0 0 972
0 8 53 1.5 -2 0 0 1088
0 8 54 5.5 -2 0 0 1017
0 8 55 1.5 -2 0 0 1071
0 8 56 1.5 -2 0 0 1177
0 8 57 1.5 -2 0 0 1147
0 8 58 1.5 -2 0 0 999
0 8 59 1.5 -2 0 0 1011
0 8 60 1.5 -2 0 0 1120
0 8 61 1.5 -2 0 0 1237
0 8 62 1.5 -2 0 0 1136
0 8 63 1.5 -2 0 0 1018
0 9 0 5.5 -2 0 0 1121
0 9 1 5.5 -2 0 0 1155
0 9 2 5.5 -2 0 0 1083
0 9 3 5.5 -2 0 0 936
0 9 4 1.5 -2 0 0 895
0 9 5 1.5 -2 0 0 1059
0 9 6 1.5 -2 0 0 1111
0 9 7 1.5 -2 0 0 956
0 9 8 1.5 -2 0 0 1031
0 9 9 1.5 -2 0 0 1045
0 9 10 1.5 -2 0 0 1056
0 9 11 1.5 -2 0 0 959
0 9 12 5.5 -2 0 0 975
0 9 13 1.5 -2 0 0 826
0 9 14 1.5 -2 0 0 1092
0 9 15 5.5 -2 0 0 875
0 9 16 5.5 -2 0 0 1035
0 9 17 1.5 -2 0 0 971
0 9 18 5.5 -2 0 0 896
0 9 19 1.5 -2 0 0 885
0 9 20 6.6014 0.423054 0.347665 0.922844 821
0 9 21 5.5 -2 0 0 1087
0 9 22 1.5 -2 0 0 953
0 9 23 5.5 -2 0 0 850
0 9 24 5.5 -2 0 0 1037
0 9 25 1.5 -2 0 0 774
0 9 26 5.5 -2 0 0 952
0 9 27 1.5 -2 0 0 847
0 9 28 5.5 -2 0 0 790
0 9 29 5.5 -2 0 0 833
0 9 30 4.84584 0.427823 0.280178 0.31946 847
0 9 31 1.5 -2 0 0 814
0 9 32 1.5 -2 0 0 737
0 9 33 1.5 -2 0 0 817
0 9 34 5.5 -2 0 0 910
0 9 35 5.35937 0.380104 0.182611 0.5238 777
0 9 36 5.5 -2 0 0 708
0 9 37 1.5 -2 0 0 745
0 9 38 5.5 -2 0 0 739
0 9 39 1.5 -2 0 0 724
0 9 40 1.5 -2 0 0 809
0 9 41 1.5 -2 0 0 702
0 9 42 1.5 -2 0 0 735
0 9 43 1.5 -2 0 0 824
0 9 44 5.5 -2 0 0 694
0 9 45 1.5 -2 0 0 726
0 9 46 5.5 -2 0 0 856
0 9 47 5.5 -2 0 0 728
0 9 48 5.5 -2 0 0 737
0 9 49 5.5 -2 0 0 694
0 9 50 1.5 -2 0 0 715
0 9 51 1.5 -2 0 0 729
0 9 52 5.5 -2 0 0 755
0 9 53 1.5 -2 0 0 759
0 9 54 1.5 -2 0 0 725
0 9 55 1.5 -2 0 0 687
0 9 56 1.5 -2 0 0 725
0 9 57 1.5 -2 0 0 712
0 9 58 1.5 -2 0 0 747
0 9 59 5.5 -2 0 0 773
0 9 60 1.5 -2 0 0 709
0 9 61 1.5 -2 0 0 783
0 9 62 1.5 -2 0 0 753
0 9 63 1.5 -2 0 0 712
0 10 0 5.5 -2 0 0 1353
0 10 1 5.5 -2 0 0 1254
0 10 2 5.5 -2 0 0 1285
0 10 3 9.5 -2 0 0 1292
0 10 4 5.5 -2 0 0 1512
0 10 5 5.5 -2 0 0 1350
0 10 6 1.5 -2 0 0 1357
0 10 7 1.5 -2 0 0 1280
0 10 8 1.5 -2 0 0 1291
0 10 9 5.79097 0.49398 0.129304 0.254223 1168
0 10 10 5.5 -2 0 0 1117
0 10 11 1.5 -2 0 0 1570
0 10 12 5.5 -2 0 0 1271
0 10 13 5.5 -2 0 0 1290
0 10 14 5.5 -2 0 0 1456
0 10 15 5.5 -2 0 0 1448
0 10 16 1.5 -2 0 0 1110
0 10 17 1.5 -2 0 0 1522
0 10 18 1.5 -2 0 0 1484
0 10 19 1.5 -2 0 0 1404
0 10 20 5.5 -2 0 0 1611
0 10 21 5.5 -2 0 0 1130
0 10 22 1.5 -2 0 0 1184
0 10 23 5.5 -2 0 0 1760
0 10 24 1.5 -2 0 0 1358
0 10 25 1.5 -2 0 0 1527
0 10 26 5.5 -2 0 0 1693
0 10 27 5.5 -2 0 0 1581
0 10 28 5.5 -2 0 0 1556
0 10 29 5.5 -2 0 0 1608
0 10 30 5.5 -2 0 0 1661
0 10 31 5.5 -2 0 0 1712
0 10 32 5.5 -2 0 0 1607
0 10 33 5.5 -2 0 0 1698
0 10 34 6.39467 0.430319 0.168726 0.69149 1848
0 10 35 1.5 -2 0 0 1971
0 10 36 5.5 -2 0 0 1851
0 10 37 1.5 -2 0 0 1935
0 10 38 5.5 -2 0 0 2200
0 10 39 5.5 -2 0 0 2764
0 10 40 1.5 -2 0 0 1889
0 10 41 1.5 -2 0 0 1884
0 10 42 5.5 -2 0 0 2211
0 10 43 5.5 -2 0 0 2043
0 10 44 5.5 -2 0 0 2142
0 10 45 1.5 -2 0 0 1924
0 10 46 1.5 -2 0 0 2070
0 10 47 5.5 -2 0 0 2757
0 10 48 5.5 -2 0 0 2029
0 10 49 1.5 -2 0 0 2197
0 10 50 5.5 -2 0 0 2219
0 10 51 1.5 -2 0 0 3051
0 10 52 1.5 -2 0 0 2322
0 10 53 1.5 -2 0 0 2673
0 10 54 1.5 -2 0 0 2357
0 10 55 1.5 -2 0 0 2634
0 10 56 1.5 -2 0 0 3033
0 10 57 1.5 -2 0 0 3052
0 10 58 5.5 -2 0 0 2439
0 10 59 1.5 -2 0 0 2347
0 10 60 1.5 -2 0 0 2676
0 10 61 1.5 -2 0 0 3444
0 10 62 1.5 -2 0 0 2691
0 10 63 1.5 -2 0 0 2435
0 11 0 1.5 -2 0 0 3539
0 11 1 1.5 -2 0 0 3503
0 11 2 1.5 -2 0 0 3481
0 11 3 5.5 -2 0 0 2333
0 11 4 1.5 -2 0 0 2404
0 11 5 1.5 -2 0 0 2568
0 11 6 1.5 -2 0 0 3305
0 11 7 1.5 -2 0 0 2034
0 11 8 1.5 -2 0 0 2773
0 11 9 1.5 -2 0 0 2876
0 11 10 1.5 -2 0 0 2675
0 11 11 1.5 -2 0 0 2425
0 11 12 1.5 -2 0 0 2577
0 11 13 1.5 -2 0 0 1991
0 11 14 1.5 -2 0 0 3011
0 11 15 5.5 -2 0 0 2142
0 11 16 1.5 -2 0 0 2632
0 11 17 1.5 -2 0 0 2489
0 11 18 1.5 -2 0 0 2223
0 11 19 1.5 -2 0 0 1872
0 11 20 6.04569 0.401906 0.242644 0.849907 1930
0 11 21 5.5 -2 0 0 3153
0 11 22 5.5 -2 0 0 2307
0 11 23 1.5 -2 0 0 2202
0 11 24 5.5 -2 0 0 2813
0 11 25 1.5 -2 0 0 1642
0 11 26 5.5 -2 0 0 2616
0 11 27 4.69018 0.363383 0.114821 0.298747 1838
0 11 28 1.5 -2 0 0 1820
0 11 29 1.5 -2 0 0 2104
0 11 30 1.5 -2 0 0 1961
0 11 31 1.5 -2 0 0 1560
0 11 32 4.73673 0.21588 0.102212 0.253241 1543
0 11 33 1.5 -2 0 0 1498
0 11 34 5.5 -2 0 0 2303
0 11 35 5.5 -2 0 0 1387
0 11 36 1.5 -2 0 0 1650
0 11 37 1.5 -2 0 0 1865
0 11 38 1.5 -2 0 0 1271
0 11 39 5.5 -2 0 0 1269
0 11 40 5.5 -2 0 0 1825
0 11 41 1.5 -2 0 0 1424
0 11 42 1.5 -2 0 0 1533
0 11 43 5.5 -2 0 0 1859
0 11 44 1.5 -2 0 0 1201
0 11 45 1.5 -2 0 0 1412
0 11 46 1.5 -2 0 0 2018
0 11 47 1.5 -2 0 0 1162
0 11 48 1.5 -2 0 0 1500
0 11 49 1.5 -2 0 0 1675
0 11 50 1.5 -2 0 0 1338
0 11 51 1.5 -2 0 0 1253
0 11 52 1.5 -2 0 0 1655
0 11 53 1.5 -2 0 0 1190
0 11 54 1.5 -2 0 0 1245
0 11 55 1.5 -2 0 0 1549
0 11 56 5.5 -2 0 0 1294
0 11 57 1.5 -2 0 0 1293
0 11 58 5.5 -2 0 0 1377
0 11 59 5.5 -2 0 0 1783
0 11 60 1.5 -2 0 0 1262
0 11 61 5.5 -2 0 0 1440
0 11 62 1.5 -2 0 0 1573
0 11 63 1.5 -2 0 0 1438
0 12 0 5.5 -2 0 0 4251
0 12 1 1.5 -2 0 0 4090
0 12 2 1.5 -2 0 0 3957
0 12 3 4.67818 0.30859 0.250453 0.36769 3588
0 12 4 1.5 -2 0 0 4230
0 12 5 1.5 -2 0 0 4090
0 12 6 1.5 -2 0 0 3845
0 12 7 1.5 -2 0 0 3401
0 12 8 5.5 -2 0 0 4019
0 12 9 5.5 -2 0 0 3569
0 12 10 1.5 -2 0 0 3396
0 12 11 1.5 -2 0 0 4359
0 12 12 1.5 -2 0 0 3883
0 12 13 5.55004 0.107807 0.1 0.921458 3577
0 12 14 1.5 -2 0 0 4332
0 12 15 4.68693 0.122539 0.1 0.615738 3927
0 12 16 1.5 -2 0 0 3341
0 12 17 5.5 -2 0 0 4452
0 12 18 1.5 -2 0 0 4072
0 12 19 1.5 -2 0 0 3667
0 12 20 5.56621 0.389604 0.253911 1.55 4671
0 12 21 1.5 -2 0 0 3609
0 12 22 1.5 -2 0 0 3361
0 12 23 1.5 -2 0 0 4751
0 12 24 5.5 -2 0 0 4247
0 12 25 4.98987 0.30185 0.281695 0.561918 3898
0 12 26 5.5 -2 0 0 4662
0 12 27 5.5 -2 0 0 4057
0 12 28 5.5 -2 0 0 3971
0 12 29 5.5 -2 0 0 4793
0 12 30 5.5 -2 0 0 4336
0 12 31 1.5 -2 0 0 4130
0 12 32 1.5 -2 0 0 3998
0 12 33 5.5 -2 0 0 4433
0 12 34 1.5 -2 0 0 5057
0 12 35 1.5 -2 0 0 4239
0 12 36 5.5 -2 0 0 4609
0 12 37 4.59748 0.43576 0.298728 0.599376 5068
0 12 38 5.5 -2 0 0 4380
0 12 39 5.5 -2 0 0 5018
0 12 40 1.5 -2 0 0 4832
0 12 41 4.99587 0.462322 0.206987 0.262059 4253
0 12 42 5.5 -2 0 0 4867
0 12 43 1.5 -2 0 0 5057
0 12 44 1.5 -2 0 0 4327
0 12 45 5.5 -2 0 0 4657
0 12 46 5.13246 0.355234 0.485296 0.459204 5165
0 12 47 1.5 -2 0 0 4443
0 12 48 1.5 -2 0 0 4676
0 12 49 5.5 -2 0 0 5114
0 12 50 5.5 -2 0 0 4709
0 12 51 1.5 -2 0 0 5616
0 12 52 5.39182 0.277385 0.220603 0.710862 5416
0 12 53 1.5 -2 0 0 4526
0 12 54 5.5 -2 0 0 5000
0 12 55 1.5 -2 0 0 5453
0 12 56 5.5 -2 0 0 5211
0 12 57 5.5 -2 0 0 5426
0 12 58 1.5 -2 0 0 4990
0 12 59 5.5 -2 0 0 5626
0 12 60 1.5 -2 0 0 4743
0 12 61 1.5 -2 0 0 5946
0 12 62 1.5 -2 0 0 5725
0 12 63 1.5 -2 0 0 5298
0 13 0 1.5 -2 0 0 5771
0 13 1 1.5 -2 0 0 5199
0 13 2 1.5 -2 0 0 5106
0 13 3 1.5 -2 0 0 4088
0 13 4 5.5 -2 0 0 4686
0 13 5 1.5 -2 0 0 5008
0 13 6 1.5 -2 0 0 4841
0 13 7 1.5 -2 0 0 3705
0 13 8 5.5 -2 0 0 5125
0 13 9 1.5 -2 0 0 4413
0 13 10 1.5 -2 0 0 4052
0 13 11 1.5 -2 0 0 4816
0 13 12 1.5 -2 0 0 4423
0 13 13 1.5 -2 0 0 3793
0 13 14 1.5 -2 0 0 5370
0 13 15 1.5 -2 0 0 4123
0 13 16 1.5 -2 0 0 3995
0 13 17 1.5 -2 0 0 5093
0 13 18 5.5 -2 0 0 4214
0 13 19 5.5 -2 0 0 3654
0 13 20 1.5 -2 0 0 4591
0 13 21 1.5 -2 0 0 4664
0 13 22 5.5 -2 0 0 3918
0 13 23 9.5 -2 0 0 4612
0 13 24 1.5 -2 0 0 5041
0 13 25 1.5 -2 0 0 3660
0 13 26 1.5 -2 0 0 5303
0 13 27 5.5 -2 0 0 4094
0 13 28 1.5 -2 0 0 3758
0 13 29 1.5 -2 0 0 4952
0 13 30 1.5 -2 0 0 4134
0 13 31 1.5 -2 0 0 3387
0 13 32 1.5 -2 0 0 3399
0 13 33 5.5 -2 0 0 3810
0 13 34 5.5 -2 0 0 5113
0 13 35 1.5 -2 0 0 3172
0 13 36 5.5 -2 0 0 3972
0 13 37 1.5 -2 0 0 4493
0 13 38 5.5 -2 0 0 2962
0 13 39 5.5 -2 0 0 3437
0 13 40 5.5 -2 0 0 4100
0 13 41 5.5 -2 0 0 3144
0 13 42 1.5 -2 0 0 3985
0 13 43 1.5 -2 0 0 4561
0 13 44 5.5 -2 0 0 3027
0 13 45 1.5 -2 0 0 3528
0 13 46 5.5 -2 0 0 4953
0 13 47 1.5 -2 0 0 2797
0 13 48 1.5 -2 0 0 3788
0 13 49 1.5 -2 0 0 4076
0 13 50 1.5 -2 0 0 3345
0 13 51 1.5 -2 0 0 3931
0 13 52 1.5 -2 0 0 4269
0 13 53 1.5 -2 0 0 3202
0 13 54 1.5 -2 0 0 3475
0 13 55 4.94305 0.274673 0.250694 0.57201 3902
0 13 56 5.5 -2 0 0 3691
0 13 57 1.5 -2 0 0 3703
0 13 58 1.5 -2 0 0 3550
0 13 59 1.5 -2 0 0 4438
0 13 60 1.5 -2 0 0 3130
0 13 61 1.5 -2 0 0 4051
0 13 62 5.47872 0.351917 0.220175 0.542572 4108
0 13 63 1.5 -2 0 0 3771
0 14 0 1.5 -2 0 0 5792
0 14 1 1.5 -2 0 0 5381
0 14 2 5.91097 0.340034 0.238665 1.11485 5208
0 14 3 1.5 -2 0 0 4226
0 14 4 1.5 -2 0 0 4520
0 14 5 1.5 -2 0 0 4753
0 14 6 1.5 -2 0 0 5024
0 14 7 1.5 -2 0 0 3996
0 14 8 1.5 -2 0 0 4978
0 14 9 1.5 -2 0 0 4473
0 14 10 5.5 -2 0 0 4270
0 14 11 1.5 -2 0 0 4592
0 14 12 1.5 -2 0 0 4426
0 14 13 5.5 -2 0 0 3717
0 14 14 1.5 -2 0 0 5350
0 14 15 1.5 -2 0 0 3971
0 14 16 5.5 -2 0 0 4286
0 14 17 1.5 -2 0 0 4531
0 14 18 1.5 -2 0 0 4161
0 14 19 6.00793 0.576979 0.197132 1.03306 3715
0 14 20 1.5 -2 0 0 3984
0 14 21 5.5 -2 0 0 4810
0 14 22 1.5 -2 0 0 3942
0 14 23 5.5 -2 0 0 4288
0 14 24 4.72733 0.464132 0.210699 0.224112 5082
0 14 25 1.5 -2 0 0 3574
0 14 26 5.5 -2 0 0 5086
0 14 27 1.5 -2 0 0 3753
0 14 28 1.5 -2 0 0 3589
0 14 29 1.5 -2 0 0 4330
0 14 30 5.5 -2 0 0 3872
0 14 31 1.5 -2 0 0 3198
0 14 32 1.5 -2 0 0 3071
0 14 33 5.5 -2 0 0 3391
0 14 34 1.5 -2 0 0 4648
0 14 35 1.5 -2 0 0 2877
0 14 36 1.5 -2 0 0 3577
0 14 37 5.5 -2 0 0 3877
0 14 38 5.5 -2 0 0 2583
0 14 39 5.5 -2 0 0 2763
0 14 40 5.5 -2 0 0 3631
0 14 41 5.5 -2 0 0 2857
0 14 42 5.5 -2 0 0 3327
0 14 43 1.5 -2 0 0 3694
0 14 44 1.5 -2 0 0 2487
0 14 45 1.5 -2 0 0 3354
0 14 46 5.5 -2 0 0 3360
0 14 47 1.5 -2 0 0 2474
0 14 48 4.88382 0.385409 0.192536 0.638588 3131
0 14 49 1.5 -2 0 0 3498
0 14 50 1.5 -2 0 0 2827
0 14 51 5.20558 0.500452 0.190456 0.683531 2910
0 14 52 1.5 -2 0 0 3552
0 14 53 1.5 -2 0 0 2480
0 14 54 5.5 -2 0 0 2883
0 14 55 1.5 -2 0 0 3096
0 14 56 1.5 -2 0 0 2872
0 14 57 1.5 -2 0 0 3070
0 14 58 1.5 -2 0 0 2883
0 14 59 5.5 -2 0 0 3798
0 14 60 1.5 -2 0 0 2621
0 14 61 5.5 -2 0 0 2973
0 14 62 5.5 -2 0 0 6447
0 14 63 1.5 -2 0 0 2937
0 15 0 1.5 -2 0 0 2923
0 15 1 1.5 -2 0 0 2647
0 15 2 1.5 -2 0 0 2215
0 15 3 5.5 -2 0 0 7578
0 15 4 9.5 -2 0 0 5885
0 15 5 1.5 -2 0 0 2674
0 15 6 1.5 -2 0 0 1842
0 15 7 5.64464 0.534345 0.277815 0.737118 2092
0 15 8 1.5 -2 0 0 2685
0 15 9 0 -10 0 0 0
0 15 10 1.5 -2 0 0 4020
0 15 11 0 -10 0 0 0
0 15 12 1.5 -2 0 0 1849
0 15 13 1.5 -2 0 0 2442
0 15 14 0 -10 0 0 1
0 15 15 1.5 -2 0 0 2747
0 15 16 5.20653 0.297259 0.208598 0.530705 1810
0 15 17 1.5 -2 0 0 3061
0 15 18 1.5 -2 0 0 2919
0 15 19 1.5 -2 0 0 2403
0 15 20 1.5 -2 0 0 3283
0 15 21 1.5 -2 0 0 2361
0 15 22 1.5 -2 0 0 1780
0 15 23 1.5 -2 0 0 3428
0 15 24 5.5 -2 0 0 2888
0 15 25 5.5 -2 0 0 2710
0 15 26 5.5 -2 0 0 3408
0 15 27 5.5 -2 0 0 2948
0 15 28 5.8929 0.422102 0.306689 0.213535 2630
0 15 29 0 -10 0 0 0
0 15 30 5.5 -2 0 0 3106
0 15 31 1.5 -2 0 0 2815
0 15 32 5.5 -2 0 0 2958
0 15 33 1.5 -2 0 0 3233
0 15 34 0 -10 0 0 0
0 15 35 1.5 -2 0 0 3111
0 15 36 5.5 -2 0 0 3472
0 15 37 1.5 -2 0 0 3968
0 15 38 9.5 -2 0 0 3322
0 15 39 1.5 -2 0 0 4273
0 15 40 1.5 -2 0 0 3710
0 15 41 5.5 -2 0 0 3099
0 15 42 5.5 -2 0 0 16152
0 15 43 5.5 -2 0 0 3884
0 15 44 5.5 -2 0 0 3554
0 15 45 1.5 -2 0 0 3518
0 15 46 5.5 -2 0 0 4265
0 15 47 9.5 -2 0 0 3451
0 15 48 0 -10 0 0 0
0 15 49 5.5 -2 0 0 2482
0 15 50 1.5 -2 0 0 3793
0 15 51 5.5 -2 0 0 4972
0 15 52 1.5 -2 0 0 4461
0 15 53 1.5 -2 0 0 3738
0 15 54 1.5 -2 0 0 4060
0 15 55 1.5 -2 0 0 4582
0 15 56 1.5 -2 0 0 4634
0 15 57 5.5 -2 0 0 4957
0 15 58 1.5 -2 0 0 4262
0 15 59 1.5 -2 0 0 4528
0 15 60 1.5 -2 0 0 4031
0 15 61 5.5 -2 0 0 5224
0 15 62 1.5 -2 0 0 4789
0 15 63 1.5 -2 0 0 4546
1 0 0 1.5 -2 0 0 1303
1 0 1 1.5 -2 0 0 544
1 0 2 1.5 -2 0 0 533
1 0 3 1.5 -2 0 0 457
1 0 4 5.5 -2 0 0 479
1 0 5 5.5 -2 0 0 515
1 0 6 5.5 -2 0 0 470
1 0 7 5.5 -2 0 0 508
1 0 8 1.5 -2 0 0 551
1 0 9 5.5 -2 0 0 560
1 0 10 1.5 -2 0 0 509
1 0 11 5.5 -2 0 0 538
1 0 12 1.5 -2 0 0 463
1 0 13 1.5 -2 0 0 496
1 0 14 1.5 -2 0 0 574
1 0 15 1.5 -2 0 0 485
1 0 16 5.5 -2 0 0 524
1 0 17 1.5 -2 0 0 526
1 0 18 1.5 -2 0 0 520
1 0 19 5.5 -2 0 0 511
1 0 20 5.5 -2 0 0 525
1 0 21 1.5 -2 0 0 519
1 0 22 5.5 -2 0 0 412
1 0 23 5.5 -2 0 0 584
1 0 24 5.5 -2 0 0 558
1 0 25 5.5 -2 0 0 660
1 0 26 1.5 -2 0 0 593
1 0 27 1.5 -2 0 0 498
1 0 28 1.5 -2 0 0 621
1 0 29 6.18097 0.465457 0.252699 0.420718 543
1 0 30 5.5 -2 0 0 520
1 0 31 1.5 -2 0 0 537
1 0 32 1.5 -2 0 0 483
1 0 33 5.5 -2 0 0 540
1 0 34 5.5 -2 0 0 595
1 0 35 4.63163 0.382183 0.229896 0.16549 551
1 0 36 1.5 -2 0 0 526
1 0 37 0 -10 0 0 0
1 0 38 5.5 -2 0 0 595
1 0 39 1.5 -2 0 0 626
1 0 40 1.5 -2 0 0 579
1 0 41 5.5 -2 0 0 565
1 0 42 1.5 -2 0 0 601
1 0 43 5.5 -2 0 0 598
1 0 44 5.5 -2 0 0 551
1 0 45 1.5 -2 0 0 540
1 0 46 5.5 -2 0 0 633
1 0 47 5.5 -2 0 0 641
1 0 48 1.5 -2 0 0 520
1 0 49 1.5 -2 0 0 640
1 0 50 1.5 -2 0 0 566
1 0 51 1.5 -2 0 0 728
1 0 52 1.5 -2 0 0 668
1 0 53 5.5 -2 0 0 609
1 0 54 1.5 -2 0 0 566
1 0 55 1.5 -2 0 0 615
1 0 56 1.5 -2 0 0 638
1 0 57 1.5 -2 0 0 721
1 0 58 1.5 -2 0 0 612
1 0 59 1.5 -2 0 0 707
1 0 60 1.5 -2 0 0 669
1 0 61 1.5 -2 0 0 813
1 0 62 1.5 -2 0 0 732
1 0 63 1.5 -2 0 0 631
1 1 0 1.5 -2 0 0 1060
1 1 1 5.5 -2 0 0 595
1 1 2 1.5 -2 0 0 646
1 1 3 5.55835 0.306668 0.1 0.127522 619
1 1 4 4.63482 0.454479 0.23462 0.14993 568
1 1 5 5.5 -2 0 0 554
1 1 6 5.5 -2 0 0 705
1 1 7 5.5 -2 0 0 735
1 1 8 1.5 -2 0 0 573
1 1 9 6.38083 0.415511 0.1 0.641759 723
1 1 10 5.5 -2 0 0 741
1 1 11 1.5 -2 0 0 521
1 1 12 5.32677 0.492304 0.132431 0.534646 614
1 1 13 1.5 -2 0 0 647
1 1 14 5.5 -2 0 0 562
1 1 15 5.5 -2 0 0 582
1 1 16 5.5 -2 0 0 843
1 1 17 5.5 -2 0 0 542
1 1 18 1.5 -2 0 0 565
1 1 19 5.5 -2 0 0 655
1 1 20 0 -10 0 0 0
1 1 21 1.5 -2 0 0 651
1 1 22 5.5 -2 0 0 629
1 1 23 1.5 -2 0 0 543
1 1 24 5.82795 0.571432 0.178615 0.369109 535
1 1 25 5.5 -2 0 0 641
1 1 26 5.29594 0.443579 0.457195 0.556452 541
1 1 27 1.5 -2 0 0 531
1 1 28 1.5 -2 0 0 578
1 1 29 9.5 -2 0 0 531
1 1 30 2 -2 0 0 7732
1 1 31 1.5 -2 0 0 623
1 1 32 5.5 -2 0 0 552
1 1 33 1.5 -2 0 0 555
1 1 34 5.5 -2 0 0 510
1 1 35 0 -10 0 0 0
1 1 36 5.5 -2 0 0 545
1 1 37 0 -10 0 0 0
1 1 38 0 -10 0 0 1
1 1 39 5.5 -2 0 0 990
1 1 40 1.5 -2 0 0 562
1 1 41 0 -10 0 0 0
1 1 42 0 -10 0 0 0
1 1 43 5.5 -2 0 0 499
1 1 44 0 -10 0 0 0
1 1 45 5.5 -2 0 0 556
1 1 46 5.5 -2 0 0 568
1 1 47 0 -10 0 0 0
1 1 48 5.5 -2 0 0 523
1 1 49 1.5 -2 0 0 513
1 1 50 0 -10 0 0 10
1 1 51 0 -10 0 0 0
1 1 52 1.5 -2 0 0 465
1 1 53 0 -10 0 0 0
1 1 54 1.5 -2 0 0 579
1 1 55 5.5 -2 0 0 443
1 1 56 0 -10 0 0 0
1 1 57 5.5 -2 0 0 496
1 1 58 6.21975 0.517715 0.341853 0.532876 524
1 1 59 5.5 -2 0 0 489
1 1 60 0 -10 0 0 0
1 1 61 1.5 -2 0 0 514
1 1 62 1.5 -2 0 0 436
1 1 63 1.5 -2 0 0 456
1 2 0 1.5 -2 0 0 1670
1 2 1 1.5 -2 0 0 804
1 2 2 1.5 -2 0 0 696
1 2 3 5.5 -2 0 0 662
1 2 4 1.5 -2 0 0 729
1 2 5 1.5 -2 0 0 660
1 2 6 1.5 -2 0 0 713
1 2 7 5.5 -2 0 0 601
1 2 8 5.5 -2 0 0 666
1 2 9 5.5 -2 0 0 637
1 2 10 5.5 -2 0 0 565
1 2 11 1.5 -2 0 0 715
1 2 12 1.5 -2 0 0 633
1 2 13 5.5 -2 0 0 645
1 2 14 5.5 -2 0 0 801
1 2 15 5.5 -2 0 0 674
1 2 16 1.5 -2 0 0 617
1 2 17 5.5 -2 0 0 1025
1 2 18 1.5 -2 0 0 670
1 2 19 1.5 -2 0 0 640
1 2 20 1.5 -2 0 0 683
1 2 21 4.77519 0.474274 0.132986 0.518352 634
1 2 22 4.79017 0.425354 0.178797 0.361389 630
1 2 23 5.5 -2 0 0 832
1 2 24 1.5 -2 0 0 751
1 2 25 5.5 -2 0 0 665
1 2 26 5.5 -2 0 0 823
1 2 27 1.5 -2 0 0 668
1 2 28 5.5 -2 0 0 616
1 2 29 5.5 -2 0 0 789
1 2 30 4.86621 0.45398 0.215971 0.365861 711
1 2 31 5.5 -2 0 0 618
1 2 32 1.5 -2 0 0 698
1 2 33 5.5 -2 0 0 677
1 2 34 5.30582 0.464241 0.181854 0.304478 901
1 2 35 5.74103 0.462917 0.189565 0.422056 730
1 2 36 5.5 -2 0 0 713
1 2 37 0 -10 0 0 0
1 2 38 5.5 -2 0 0 718
1 2 39 5.75264 0.484107 0.146781 0.404385 844
1 2 40 5.5 -2 0 0 793
1 2 41 4.77999 0.411067 0.148823 0.385812 653
1 2 42 1.5 -2 0 0 773
1 2 43 1.5 -2 0 0 909
1 2 44 5.25902 0.500252 0.224729 0.217806 691
1 2 45 1.5 -2 0 0 708
1 2 46 5.5 -2 0 0 924
1 2 47 1.5 -2 0 0 775
1 2 48 1.5 -2 0 0 766
1 2 49 5.5 -2 0 0 815
1 2 50 4.69872 0.428207 0.228589 0.24033 749
1 2 51 5.5 -2 0 0 1051
1 2 52 5.5 -2 0 0 909
1 2 53 1.5 -2 0 0 790
1 2 54 5.5 -2 0 0 775
1 2 55 5.5 -2 0 0 936
1 2 56 5.5 -2 0 0 926
1 2 57 1.5 -2 0 0 971
1 2 58 1.5 -2 0 0 765
1 2 59 1.5 -2 0 0 1033
1 2 60 5.5 -2 0 0 818
1 2 61 5.5 -2 0 0 1284
1 2 62 1.5 -2 0 0 1060
1 2 63 1.5 -2 0 0 858
1 3 0 1.5 -2 0 0 2870
1 3 1 5.5 -2 0 0 1418
1 3 2 5.5 -2 0 0 1567
1 3 3 1.5 -2 0 0 1708
1 3 4 1.5 -2 0 0 1293
1 3 5 5.5 -2 0 0 1442
1 3 6 1.5 -2 0 0 1660
1 3 7 1.5 -2 0 0 2168
1 3 8 1.5 -2 0 0 1321
1 3 9 1.5 -2 0 0 2067
1 3 10 5.5 -2 0 0 2256
1 3 11 1.5 -2 0 0 1263
1 3 12 5.5 -2 0 0 1640
1 3 13 5.5 -2 0 0 1698
1 3 14 5.5 -2 0 0 1236
1 3 15 5.5 -2 0 0 1639
1 3 16 5.5 -2 0 0 2555
1 3 17 1.5 -2 0 0 1128
1 3 18 5.5 -2 0 0 1459
1 3 19 1.5 -2 0 0 2241
1 3 20 1.5 -2 0 0 1166
1 3 21 1.5 -2 0 0 1848
1 3 22 5.5 -2 0 0 1928
1 3 23 1.5 -2 0 0 1165
1 3 24 1.5 -2 0 0 1236
1 3 25 5.5 -2 0 0 1729
1 3 26 5.5 -2 0 0 1105
1 3 27 5.5 -2 0 0 1373
1 3 28 5.5 -2 0 0 1523
1 3 29 5.5 -2 0 0 1140
1 3 30 5.5 -2 0 0 1310
1 3 31 5.5 -2 0 0 1525
1 3 32 5.5 -2 0 0 1362
1 3 33 5.5 -2 0 0 1338
1 3 34 1.5 -2 0 0 977
1 3 35 4.82465 0.343056 0.268097 0.441461 1412
1 3 36 4.83402 0.455111 0.467467 0.429772 1146
1 3 37 0 -10 0 0 0
1 3 38 5.5 -2 0 0 1278
1 3 39 1.5 -2 0 0 954
1 3 40 1.5 -2 0 0 1140
1 3 41 1.5 -2 0 0 1189
1 3 42 5.5 -2 0 0 1046
1 3 43 5.5 -2 0 0 976
1 3 44 5.5 -2 0 0 1121
1 3 45 1.5 -2 0 0 1166
1 3 46 1.5 -2 0 0 965
1 3 47 1.5 -2 0 0 1193
1 3 48 1.5 -2 0 0 1051
1 3 49 1.5 -2 0 0 926
1 3 50 1.5 -2 0 0 1041
1 3 51 1.5 -2 0 0 750
1 3 52 1.5 -2 0 0 860
1 3 53 5.5 -2 0 0 1021
1 3 54 1.5 -2 0 0 1019
1 3 55 1.5 -2 0 0 853
1 3 56 5.5 -2 0 0 844
1 3 57 1.5 -2 0 0 862
1 3 58 1.5 -2 0 0 927
1 3 59 1.5 -2 0 0 848
1 3 60 1.5 -2 0 0 987
1 3 61 1.5 -2 0 0 791
1 3 62 1.5 -2 0 0 776
1 3 63 1.5 -2 0 0 853
1 4 0 1.5 -2 0 0 2534
1 4 1 5.5 -2 0 0 1103
1 4 2 5.5 -2 0 0 908
1 4 3 6.01657 0.572332 0.23288 0.496049 761
1 4 4 1.5 -2 0 0 884
1 4 5 1.5 -2 0 0 862
1 4 6 1.5 -2 0 0 904
1 4 7 5.5 -2 0 0 766
1 4 8 1.5 -2 0 0 1050
1 4 9 1.5 -2 0 0 839
1 4 10 1.5 -2 0 0 819
1 4 11 5.5 -2 0 0 1214
1 4 12 1.5 -2 0 0 855
1 4 13 5.5 -2 0 0 727
1 4 14 5.5 -2 0 0 1303
1 4 15 5.5 -2 0 0 773
1 4 16 5.5 -2 0 0 805
1 4 17 5.5 -2 0 0 1144
1 4 18 1.5 -2 0 0 783
1 4 19 1.5 -2 0 0 777
1 4 20 5.5 -2 0 0 923
1 4 21 1.5 -2 0 0 886
1 4 22 5.5 -2 0 0 744
1 4 23 5.3917 0.258073 0.100001 0.282934 1117
1 4 24 5.5 -2 0 0 1130
1 4 25 1.5 -2 0 0 730
1 4 26 5.5 -2 0 0 1374
1 4 27 1.5 -2 0 0 747
1 4 28 5.5 -2 0 0 766
1 4 29 9.5 -2 0 0 1194
1 4 30 1.5 -2 0 0 827
1 4 31 1.5 -2 0 0 769
1 4 32 4.92711 0.452129 0.210774 0.411678 781
1 4 33 5.5 -2 0 0 903
1 4 34 4.73174 0.340362 0.514503 0.584974 1480
1 4 35 5.5 -2 0 0 807
1 4 36 5.5 -2 0 0 837
1 4 37 0 -10 0 0 0
1 4 38 5.5 -2 0 0 795
1 4 39 5.5 -2 0 0 957
1 4 40 1.5 -2 0 0 905
1 4 41 5.5 -2 0 0 812
1 4 42 1.5 -2 0 0 935
1 4 43 1.5 -2 0 0 1213
1 4 44 1.5 -2 0 0 810
1 4 45 1.5 -2 0 0 802
1 4 46 1.5 -2 0 0 1461
1 4 47 5.5 -2 0 0 955
1 4 48 5.5 -2 0 0 853
1 4 49 5.5 -2 0 0 1066
1 4 50 1.5 -2 0 0 821
1 4 51 1.5 -2 0 0 1301
1 4 52 1.5 -2 0 0 1219
1 4 53 1.5 -2 0 0 770
1 4 54 5.5 -2 0 0 861
1 4 55 1.5 -2 0 0 1241
1 4 56 1.5 -2 0 0 971
1 4 57 5.5 -2 0 0 1190
1 4 58 1.5 -2 0 0 945
1 4 59 1.5 -2 0 0 1439
1 4 60 1.5 -2 0 0 826
1 4 61 1.5 -2 0 0 1473
1 4 62 1.5 -2 0 0 1465
1 4 63 1.5 -2 0 0 1096
1 5 0 1.5 -2 0 0 3253
1 5 1 5.5 -2 0 0 1989
1 5 2 5.5 -2 0 0 2030
1 5 3 5.5 -2 0 0 2832
1 5 4 1.5 -2 0 0 2269
1 5 5 1.5 -2 0 0 2274
1 5 6 5.5 -2 0 0 2406
1 5 7 5.5 -2 0 0 3767
1 5 8 5.5 -2 0 0 2068
1 5 9 1.5 -2 0 0 2971
1 5 10 1.5 -2 0 0 3295
1 5 11 1.5 -2 0 0 1983
1 5 12 1.5 -2 0 0 2554
1 5 13 5.5 -2 0 0 3149
1 5 14 5.5 -2 0 0 1698
1 5 15 1.5 -2 0 0 2734
1 5 16 1.5 -2 0 0 3775
1 5 17 1.5 -2 0 0 1830
1 5 18 5.88233 0.388733 0.216661 0.608865 2511
1 5 19 5.5 -2 0 0 3784
1 5 20 1.5 -2 0 0 2164
1 5 21 1.5 -2 0 0 2615
1 5 22 5.5 -2 0 0 3206
1 5 23 1.5 -2 0 0 1969
1 5 24 1.5 -2 0 0 1790
1 5 25 5.5 -2 0 0 3532
1 5 26 5.5 -2 0 0 1686
1 5 27 5.5 -2 0 0 2838
1 5 28 5.5 -2 0 0 2947
1 5 29 5.22509 0.325699 0.259926 0.575527 1795
1 5 30 5.5 -2 0 0 2471
1 5 31 1.5 -2 0 0 3448
1 5 32 1.5 -2 0 0 2949
1 5 33 1.5 -2 0 0 2548
1 5 34 5.5 -2 0 0 1585
1 5 35 5.5 -2 0 0 3047
1 5 36 1.5 -2 0 0 2367
1 5 37 0 -10 0 0 0
1 5 38 5.5 -2 0 0 3050
1 5 39 1.5 -2 0 0 2114
1 5 40 6.01986 0.152898 0.1 0.298705 2196
1 5 41 1.5 -2 0 0 2803
1 5 42 1.5 -2 0 0 2102
1 5 43 5.5 -2 0 0 1699
1 5 44 5.26067 0.0829021 0.201903 2.03083 2434
1 5 45 1.5 -2 0 0 2373
1 5 46 1.5 -2 0 0 1577
1 5 47 1.5 -2 0 0 3008
1 5 48 1.5 -2 0 0 2196
1 5 49 1.5 -2 0 0 1789
1 5 50 5.5 -2 0 0 2421
1 5 51 1.5 -2 0 0 1564
1 5 52 1.5 -2 0 0 1681
1 5 53 1.5 -2 0 0 2488
1 5 54 1.5 -2 0 0 2134
1 5 55 1.5 -2 0 0 1578
1 5 56 5.5 -2 0 0 1882
1 5 57 5.5 -2 0 0 1811
1 5 58 4.76121 0.284435 0.11849 0.160308 1908
1 5 59 1.5 -2 0 0 1529
1 5 60 1.5 -2 0 0 2310
1 5 61 1.5 -2 0 0 1540
1 5 62 5.5 -2 0 0 1521
1 5 63 1.5 -2 0 0 1687
1 6 0 1.5 -2 0 0 2499
1 6 1 1.5 -2 0 0 1236
1 6 2 1.5 -2 0 0 1172
1 6 3 5.5 -2 0 0 809
1 6 4 5.5 -2 0 0 862
1 6 5 1.5 -2 0 0 850
1 6 6 1.5 -2 0 0 930
1 6 7 5.5 -2 0 0 742
1 6 8 1.5 -2 0 0 991
1 6 9 5.5 -2 0 0 852
1 6 10 4.80036 0.412626 0.214797 0.441324 736
1 6 11 5.5 -2 0 0 969
1 6 12 1.5 -2 0 0 852
1 6 13 5.5 -2 0 0 721
1 6 14 1.5 -2 0 0 1256
1 6 15 5.5 -2 0 0 768
1 6 16 5.5 -2 0 0 893
1 6 17 5.5 -2 0 0 1082
1 6 18 1.5 -2 0 0 831
1 6 19 5.5 -2 0 0 822
1 6 20 5.5 -2 0 0 859
1 6 21 5.5 -2 0 0 948
1 6 22 5.5 -2 0 0 790
1 6 23 5.5 -2 0 0 869
1 6 24 6.1486 0.391872 0.216517 0.598429 1185
1 6 25 5.5 -2 0 0 763
1 6 26 5.5 -2 0 0 1362
1 6 27 5.5 -2 0 0 716
1 6 28 5.5 -2 0 0 766
1 6 29 1.5 -2 0 0 1097
1 6 30 1.5 -2 0 0 792
1 6 31 5.5 -2 0 0 629
1 6 32 5.5 -2 0 0 681
1 6 33 5.5 -2 0 0 742
1 6 34 5.67525 0.448111 0.236095 0.346469 1168
1 6 35 5.5 -2 0 0 688
1 6 36 5.5 -2 0 0 768
1 6 37 0 -10 0 0 0
1 6 38 5.5 -2 0 0 668
1 6 39 5.5 -2 0 0 657
1 6 40 4.65868 0.392942 0.567125 0.340288 827
1 6 41 5.5 -2 0 0 692
1 6 42 6.21949 0.426577 0.338043 0.510728 752
1 6 43 1.5 -2 0 0 972
1 6 44 5.24171 0.272797 0.482224 0.312076 669
1 6 45 4.70213 0.270588 0.1 0.102435 657
1 6 46 1.5 -2 0 0 1126
1 6 47 5.5 -2 0 0 582
1 6 48 5.5 -2 0 0 794
1 6 49 5.5 -2 0 0 797
1 6 50 5.5 -2 0 0 701
1 6 51 1.5 -2 0 0 752
1 6 52 5.5 -2 0 0 919
1 6 53 5.39107 0.45246 0.203662 0.371137 550
1 6 54 5.5 -2 0 0 671
1 6 55 5.5 -2 0 0 906
1 6 56 5.5 -2 0 0 681
1 6 57 1.5 -2 0 0 739
1 6 58 5.5 -2 0 0 771
1 6 59 1.5 -2 0 0 1048
1 6 60 5.5 -2 0 0 650
1 6 61 1.5 -2 0 0 845
1 6 62 5.5 -2 0 0 949
1 6 63 1.5 -2 0 0 774
1 7 0 1.5 -2 0 0 1943
1 7 1 5.5 -2 0 0 990
1 7 2 1.5 -2 0 0 979
1 7 3 5.5 -2 0 0 1543
1 7 4 5.5 -2 0 0 1296
1 7 5 5.5 -2 0 0 1316
1 7 6 5.5 -2 0 0 1117
1 7 7 9.5 -2 0 0 1804
1 7 8 1.5 -2 0 0 1137
1 7 9 5.5 -2 0 0 1223
1 7 10 1.5 -2 0 0 1419
1 7 11 1.5 -2 0 0 1223
1 7 12 1.5 -2 0 0 1310
1 7 13 5.5 -2 0 0 1913
1 7 14 1.5 -2 0 0 1079
1 7 15 5.5 -2 0 0 1703
1 7 16 5.5 -2 0 0 1806
1 7 17 5.5 -2 0 0 1231
1 7 18 5.5 -2 0 0 1594
1 7 19 5.5 -2 0 0 2378
1 7 20 1.5 -2 0 0 1506
1 7 21 1.5 -2 0 0 1120
1 7 22 5.5 -2 0 0 1640
1 7 23 5.5 -2 0 0 1458
1 7 24 1.5 -2 0 0 1046
1 7 25 5.5 -2 0 0 2356
1 7 26 5.5 -2 0 0 1077
1 7 27 1.5 -2 0 0 1882
1 7 28 1.5 -2 0 0 1919
1 7 29 5.5 -2 0 0 1201
1 7 30 5.5 -2 0 0 1562
1 7 31 5.5 -2 0 0 2444
1 7 32 1.5 -2 0 0 2180
1 7 33 5.5 -2 0 0 1728
1 7 34 1.5 -2 0 0 1055
1 7 35 5.5 -2 0 0 2318
1 7 36 5.5 -2 0 0 2053
1 7 37 0 -10 0 0 0
1 7 38 5.5 -2 0 0 3046
1 7 39 5.5 -2 0 0 2437
1 7 40 5.5 -2 0 0 462
1 7 41 1.5 -2 0 0 2535
1 7 42 5.5 -2 0 0 1591
1 7 43 1.5 -2 0 0 1319
1 7 44 1.5 -2 0 0 2464
1 7 45 5.53827 0.553738 0.289768 0.0851213 1705
1 7 46 5.5 -2 0 0 1118
1 7 47 1.5 -2 0 0 3094
1 7 48 5.5 -2 0 0 1921
1 7 49 5.5 -2 0 0 1600
1 7 50 5.5 -2 0 0 2191
1 7 51 1.5 -2 0 0 1710
1 7 52 5.5 -2 0 0 1391
1 7 53 1.5 -2 0 0 2732
1 7 54 5.5 -2 0 0 2018
1 7 55 1.5 -2 0 0 1483
1 7 56 5.5 -2 0 0 2080
1 7 57 1.5 -2 0 0 2036
1 7 58 1.5 -2 0 0 1812
1 7 59 1.5 -2 0 0 1419
1 7 60 1.5 -2 0 0 2632
1 7 61 5.5 -2 0 0 1511
1 7 62 1.5 -2 0 0 1385
1 7 63 1.5 -2 0 0 1500
1 8 0 1.5 -2 0 0 1517
1 8 1 1.5 -2 0 0 659
1 8 2 1.5 -2 0 0 637
1 8 3 5.5 -2 0 0 674
1 8 4 5.08445 0.39494 0.205096 0.340852 724
1 8 5 1.5 -2 0 0 605
1 8 6 5.20049 0.420078 0.235786 0.392059 689
1 8 7 5.5 -2 0 0 637
1 8 8 5.5 -2 0 0 655
1 8 9 5.5 -2 0 0 647
1 8 10 5.5 -2 0 0 571
1 8 11 5.5 -2 0 0 611
1 8 12 5.5 -2 0 0 637
1 8 13 5.5 -2 0 0 665
1 8 14 5.60968 0.44912 0.286531 0.371706 693
1 8 15 1.5 -2 0 0 599
1 8 16 5.5 -2 0 0 626
1 8 17 5.5 -2 0 0 686
1 8 18 5.88058 0.48898 0.294837 0.450665 576
1 8 19 1.5 -2 0 0 688
1 8 20 6.8045 0.484229 0.114236 0.447108 748
1 8 21 5.5 -2 0 0 620
1 8 22 5.5 -2 0 0 558
1 8 23 5.5 -2 0 0 695
1 8 24 5.5 -2 0 0 625
1 8 25 5.5 -2 0 0 686
1 8 26 5.5 -2 0 0 812
1 8 27 5.5 -2 0 0 621
1 8 28 5.5 -2 0 0 619
1 8 29 5.5 -2 0 0 740
1 8 30 5.5 -2 0 0 675
1 8 31 5.5 -2 0 0 772
1 8 32 5.5 -2 0 0 709
1 8 33 5.81556 0.480615 0.311058 0.479691 774
1 8 34 5.5 -2 0 0 826
1 8 35 1.5 -2 0 0 706
1 8 36 1.5 -2 0 0 733
1 8 37 0 -10 0 0 0
1 8 38 5.5 -2 0 0 815
1 8 39 5.5 -2 0 0 953
1 8 40 0 -10 0 0 13
1 8 41 5.5 -2 0 0 698
1 8 42 5.5 -2 0 0 702
1 8 43 5.5 -2 0 0 725
1 8 44 1.5 -2 0 0 708
1 8 45 5.5 -2 0 0 697
1 8 46 1.5 -2 0 0 748
1 8 47 5.5 -2 0 0 967
1 8 48 5.5 -2 0 0 702
1 8 49 5.5 -2 0 0 983
1 8 50 1.5 -2 0 0 833
1 8 51 5.23112 0.488885 0.279457 0.253793 780
1 8 52 9.5 -2 0 0 944
1 8 53 1.5 -2 0 0 764
1 8 54 5.5 -2 0 0 799
1 8 55 5.5 -2 0 0 850
1 8 56 5.5 -2 0 0 972
1 8 57 1.5 -2 0 0 931
1 8 58 1.5 -2 0 0 743
1 8 59 1.5 -2 0 0 723
1 8 60 1.5 -2 0 0 999
1 8 61 1.5 -2 0 0 1166
1 8 62 1.5 -2 0 0 1016
1 8 63 1.5 -2 0 0 764
1 9 0 1.5 -2 0 0 1639
1 9 1 5.5 -2 0 0 1214
1 9 2 5.5 -2 0 0 1139
1 9 3 5.5 -2 0 0 921
1 9 4 1.5 -2 0 0 925
1 9 5 6.22348 0.243092 0.1 0.544942 948
1 9 6 1.5 -2 0 0 1094
1 9 7 5.5 -2 0 0 928
1 9 8 1.5 -2 0 0 966
1 9 9 1.5 -2 0 0 1107
1 9 10 1.5 -2 0 0 1009
1 9 11 1.5 -2 0 0 872
1 9 12 1.5 -2 0 0 952
1 9 13 5.5 -2 0 0 880
1 9 14 1.5 -2 0 0 1064
1 9 15 1.5 -2 0 0 797
1 9 16 1.5 -2 0 0 1056
1 9 17 1.5 -2 0 0 939
1 9 18 1.5 -2 0 0 871
1 9 19 5.5 -2 0 0 815
1 9 20 5.5 -2 0 0 886
1 9 21 1.5 -2 0 0 979
1 9 22 5.36111 0.515574 0.137798 0.319799 751
1 9 23 1.5 -2 0 0 885
1 9 24 1.5 -2 0 0 1021
1 9 25 5.70794 0.555792 0.175793 0.219256 717
1 9 26 5.5 -2 0 0 974
1 9 27 1.5 -2 0 0 807
1 9 28 1.5 -2 0 0 806
1 9 29 6.59065 0.379485 0.111296 0.207512 859
1 9 30 0 -10 0 0 14
1 9 31 5.5 -2 0 0 709
1 9 32 1.5 -2 0 0 697
1 9 33 1.5 -2 0 0 786
1 9 34 5.5 -2 0 0 858
1 9 35 4.72086 0.43379 0.403487 0.41173 737
1 9 36 1.5 -2 0 0 741
1 9 37 0 -10 0 0 0
1 9 38 1.5 -2 0 0 696
1 9 39 0 -10 0 0 85
1 9 40 5.5 -2 0 0 797
1 9 41 1.5 -2 0 0 667
1 9 42 1.5 -2 0 0 756
1 9 43 1.5 -2 0 0 819
1 9 44 1.5 -2 0 0 693
1 9 45 5.24338 0.258079 0.1 0.309235 759
1 9 46 1.5 -2 0 0 862
1 9 47 1.5 -2 0 0 747
1 9 48 1.5 -2 0 0 736
1 9 49 1.5 -2 0 0 748
1 9 50 1.5 -2 0 0 683
1 9 51 5.5 -2 0 0 699
1 9 52 1.5 -2 0 0 787
1 9 53 1.5 -2 0 0 720
1 9 54 1.5 -2 0 0 683
1 9 55 1.5 -2 0 0 736
1 9 56 1.5 -2 0 0 1098
1 9 57 1.5 -2 0 0 729
1 9 58 1.5 -2 0 0 755
1 9 59 1.5 -2 0 0 795
1 9 60 1.5 -2 0 0 729
1 9 61 5.5 -2 0 0 794
1 9 62 1.5 -2 0 0 773
1 9 63 1.5 -2 0 0 689
1 10 0 1.5 -2 0 0 3162
1 10 1 1.5 -2 0 0 1442
1 10 2 1.5 -2 0 0 1417
1 10 3 1.5 -2 0 0 1372
1 10 4 5.5 -2 0 0 1645
1 10 5 1.5 -2 0 0 1446
1 10 6 5.75691 0.460411 0.332145 0.505398 1405
1 10 7 1.5 -2 0 0 1435
1 10 8 5.5 -2 0 0 1398
1 10 9 1.5 -2 0 0 1458
1 10 10 1.5 -2 0 0 1283
1 10 11 1.5 -2 0 0 1660
1 10 12 1.5 -2 0 0 1454
1 10 13 1.5 -2 0 0 1477
1 10 14 1.5 -2 0 0 1644
1 10 15 5.5 -2 0 0 1559
1 10 16 1.5 -2 0 0 1283
1 10 17 5.5 -2 0 0 1628
1 10 18 1.5 -2 0 0 1562
1 10 19 5.5 -2 0 0 1545
1 10 20 5.5 -2 0 0 1876
1 10 21 5.5 -2 0 0 1298
1 10 22 5.5 -2 0 0 1400
1 10 23 1.5 -2 0 0 1923
1 10 24 5.5 -2 0 0 1476
1 10 25 1.5 -2 0 0 1689
1 10 26 1.5 -2 0 0 1909
1 10 27 1.5 -2 0 0 1729
1 10 28 1.5 -2 0 0 1618
1 10 29 5.5 -2 0 0 1858
1 10 30 6.49236 0.518492 0.262147 0.261107 1700
1 10 31 1.5 -2 0 0 1926
1 10 32 1.5 -2 0 0 1782
1 10 33 1.5 -2 0 0 1846
1 10 34 1.5 -2 0 0 1999
1 10 35 1.5 -2 0 0 2186
1 10 36 1.5 -2 0 0 1968
1 10 37 0 -10 0 0 0
1 10 38 1.5 -2 0 0 2503
1 10 39 1.5 -2 0 0 3054
1 10 40 1.5 -2 0 0 2054
1 10 41 1.5 -2 0 0 2111
1 10 42 5.5 -2 0 0 2363
1 10 43 1.5 -2 0 0 2208
1 10 44 5.5 -2 0 0 2271
1 10 45 1.5 -2 0 0 2014
1 10 46 5.5 -2 0 0 2338
1 10 47 5.5 -2 0 0 2908
1 10 48 1.5 -2 0 0 2152
1 10 49 1.5 -2 0 0 2585
1 10 50 1.5 -2 0 0 2474
1 10 51 1.5 -2 0 0 3652
1 10 52 1.5 -2 0 0 2479
1 10 53 1.5 -2 0 0 2866
1 10 54 5.5 -2 0 0 2611
1 10 55 1.5 -2 0 0 2908
1 10 56 1.5 -2 0 0 3292
1 10 57 1.5 -2 0 0 3356
1 10 58 1.5 -2 0 0 2654
1 10 59 1.5 -2 0 0 2710
1 10 60 1.5 -2 0 0 3102
1 10 61 1.5 -2 0 0 3783
1 10 62 5.5 -2 0 0 2978
1 10 63 1.5 -2 0 0 2648
1 11 0 1.5 -2 0 0 5166
1 11 1 5.5 -2 0 0 3383
1 11 2 1.5 -2 0 0 3412
1 11 3 5.5 -2 0 0 2260
1 11 4 5.85134 0.478699 0.212817 0.778136 2179
1 11 5 1.5 -2 0 0 2435
1 11 6 5.5 -2 0 0 3076
1 11 7 1.5 -2 0 0 1851
1 11 8 5.5 -2 0 0 2672
1 11 9 5.5 -2 0 0 2740
1 11 10 5.5 -2 0 0 2694
1 11 11 9.5 -2 0 0 2365
1 11 12 5.5 -2 0 0 2567
1 11 13 1.5 -2 0 0 2011
1 11 14 4.74354 0.39134 0.235481 0.0323877 3096
1 11 15 9.5 -2 0 0 1891
1 11 16 5.5 -2 0 0 2475
1 11 17 5.5 -2 0 0 2590
1 11 18 5.5 -2 0 0 2053
1 11 19 5.5 -2 0 0 1410
1 11 20 5.5 -2 0 0 1998
1 11 21 1.5 -2 0 0 2928
1 11 22 1.5 -2 0 0 2268
1 11 23 5.5 -2 0 0 2216
1 11 24 5.5 -2 0 0 2680
1 11 25 1.5 -2 0 0 1611
1 11 26 5.5 -2 0 0 2470
1 11 27 5.5 -2 0 0 1807
1 11 28 1.5 -2 0 0 1539
1 11 29 5.5 -2 0 0 2049
1 11 30 1.5 -2 0 0 1804
1 11 31 9.5 -2 0 0 1510
1 11 32 5.76207 0.278877 0.10725 0.537588 1425
1 11 33 5.5 -2 0 0 1515
1 11 34 1.5 -2 0 0 2234
1 11 35 4.89461 0.145102 0.1 0.625616 1306
1 11 36 5.5 -2 0 0 1635
1 11 37 0 -10 0 0 0
1 11 38 5.5 -2 0 0 1279
1 11 39 5.5 -2 0 0 1229
1 11 40 5.5 -2 0 0 1848
1 11 41 1.5 -2 0 0 1304
1 11 42 1.5 -2 0 0 1562
1 11 43 1.5 -2 0 0 1813
1 11 44 5.5 -2 0 0 1099
1 11 45 5.09077 0.358107 0.180802 0.0459931 1312
1 11 46 5.5 -2 0 0 1873
1 11 47 5.5 -2 0 0 1056
1 11 48 1.5 -2 0 0 1384
1 11 49 5.5 -2 0 0 1668
1 11 50 1.5 -2 0 0 1266
1 11 51 1.5 -2 0 0 1258
1 11 52 1.5 -2 0 0 1734
1 11 53 1.5 -2 0 0 1200
1 11 54 9.5 -2 0 0 1263
1 11 55 5.81447 0.177049 0.1 0.267372 1497
1 11 56 5.5 -2 0 0 1245
1 11 57 5.5 -2 0 0 1200
1 11 58 1.5 -2 0 0 1231
1 11 59 5.5 -2 0 0 1788
1 11 60 5.5 -2 0 0 1155
1 11 61 5.5 -2 0 0 1431
1 11 62 1.5 -2 0 0 1649
1 11 63 9.5 -2 0 0 1413
1 12 0 5.5 -2 0 0 5845
1 12 1 1.5 -2 0 0 4099
1 12 2 1.5 -2 0 0 3944
1 12 3 1.5 -2 0 0 3330
1 12 4 1.5 -2 0 0 4297
1 12 5 1.5 -2 0 0 3865
1 12 6 1.5 -2 0 0 3691
1 12 7 1.5 -2 0 0 3267
1 12 8 1.5 -2 0 0 3887
1 12 9 5.03116 0.103296 0.1 1.60532 3557
1 12 10 1.5 -2 0 0 3279
1 12 11 1.5 -2 0 0 4274
1 12 12 5.5 -2 0 0 3856
1 12 13 1.5 -2 0 0 3553
1 12 14 1.5 -2 0 0 4367
1 12 15 1.5 -2 0 0 3770
1 12 16 1.5 -2 0 0 3230
1 12 17 1.5 -2 0 0 4305
1 12 18 5.5 -2 0 0 4142
1 12 19 1.5 -2 0 0 3536
1 12 20 5.5 -2 0 0 4417
1 12 21 1.5 -2 0 0 3753
1 12 22 5.5 -2 0 0 3239
1 12 23 1.5 -2 0 0 4674
1 12 24 1.5 -2 0 0 4141
1 12 25 1.5 -2 0 0 3504
1 12 26 1.5 -2 0 0 4903
1 12 27 1.5 -2 0 0 3824
1 12 28 1.5 -2 0 0 3870
1 12 29 5.5 -2 0 0 4768
1 12 30 1.5 -2 0 0 4184
1 12 31 5.5 -2 0 0 4111
1 12 32 5.5 -2 0 0 4033
1 12 33 5.5 -2 0 0 4288
1 12 34 5.5 -2 0 0 4884
1 12 35 5.5 -2 0 0 3805
1 12 36 5.5 -2 0 0 4403
1 12 37 0 -10 0 0 0
1 12 38 1.5 -2 0 0 4369
1 12 39 5.5 -2 0 0 5022
1 12 40 1.5 -2 0 0 4736
1 12 41 1.5 -2 0 0 4093
1 12 42 5.5 -2 0 0 4726
1 12 43 1.5 -2 0 0 4988
1 12 44 5.5 -2 0 0 4156
1 12 45 1.5 -2 0 0 4435
1 12 46 1.5 -2 0 0 5075
1 12 47 5.5 -2 0 0 4284
1 12 48 5.93258 0.177683 0.126841 0.394479 4668
1 12 49 5.5 -2 0 0 5224
1 12 50 1.5 -2 0 0 4344
1 12 51 5.5 -2 0 0 5543
1 12 52 1.5 -2 0 0 5229
1 12 53 1.5 -2 0 0 4238
1 12 54 1.5 -2 0 0 4746
1 12 55 1.5 -2 0 0 5318
1 12 56 5.5 -2 0 0 5229
1 12 57 1.5 -2 0 0 5316
1 12 58 0 -10 0 0 0
1 12 59 1.5 -2 0 0 5351
1 12 60 1.5 -2 0 0 4519
1 12 61 1.5 -2 0 0 5900
1 12 62 1.5 -2 0 0 5580
1 12 63 1.5 -2 0 0 5162
1 13 0 1.5 -2 0 0 7242
1 13 1 5.5 -2 0 0 5267
1 13 2 5.5 -2 0 0 5036
1 13 3 1.5 -2 0 0 4361
1 13 4 5.5 -2 0 0 3764
1 13 5 1.5 -2 0 0 4845
1 13 6 5.5 -2 0 0 4706
1 13 7 1.5 -2 0 0 3409
1 13 8 1.5 -2 0 0 4443
1 13 9 5.47667 0.398095 0.238615 0.460922 4231
1 13 10 1.5 -2 0 0 3806
1 13 11 1.5 -2 0 0 4703
1 13 12 1.5 -2 0 0 4280
1 13 13 5.5 -2 0 0 3048
1 13 14 1.5 -2 0 0 5611
1 13 15 1.5 -2 0 0 3552
1 13 16 1.5 -2 0 0 3581
1 13 17 1.5 -2 0 0 4890
1 13 18 1.5 -2 0 0 4267
1 13 19 1.5 -2 0 0 3270
1 13 20 1.5 -2 0 0 4407
1 13 21 5.5 -2 0 0 4334
1 13 22 1.5 -2 0 0 3439
1 13 23 1.5 -2 0 0 4185
1 13 24 1.5 -2 0 0 4963
1 13 25 1.5 -2 0 0 3426
1 13 26 5.5 -2 0 0 4949
1 13 27 1.5 -2 0 0 3428
1 13 28 5.07349 0.169268 0.108111 0.390206 3624
1 13 29 1.5 -2 0 0 4632
1 13 30 1.5 -2 0 0 3465
1 13 31 1.5 -2 0 0 3023
1 13 32 5.5 -2 0 0 3231
1 13 33 5.5 -2 0 0 3555
1 13 34 5.5 -2 0 0 5095
1 13 35 1.5 -2 0 0 3148
1 13 36 1.5 -2 0 0 3610
1 13 37 0 -10 0 0 0
1 13 38 1.5 -2 0 0 3093
1 13 39 1.5 -2 0 0 3506
1 13 40 4.81745 0.449011 0.26324 0.185619 4486
1 13 41 5.5 -2 0 0 2854
1 13 42 1.5 -2 0 0 3589
1 13 43 5.5 -2 0 0 4813
1 13 44 1.5 -2 0 0 2961
1 13 45 1.5 -2 0 0 3482
1 13 46 1.5 -2 0 0 4679
1 13 47 1.5 -2 0 0 2819
1 13 48 1.5 -2 0 0 3456
1 13 49 5.5 -2 0 0 3769
1 13 50 1.5 -2 0 0 3230
1 13 51 1.5 -2 0 0 3629
1 13 52 1.5 -2 0 0 4091
1 13 53 1.5 -2 0 0 3116
1 13 54 1.5 -2 0 0 3562
1 13 55 1.5 -2 0 0 3867
1 13 56 1.5 -2 0 0 3643
1 13 57 1.5 -2 0 0 3844
1 13 58 1.5 -2 0 0 3714
1 13 59 1.5 -2 0 0 4268
1 13 60 1.5 -2 0 0 2723
1 13 61 5.5 -2 0 0 4163
1 13 62 1.5 -2 0 0 4360
1 13 63 5.5 -2 0 0 3807
1 14 0 1.5 -2 0 0 6545
1 14 1 1.5 -2 0 0 4617
1 14 2 5.5 -2 0 0 4205
1 14 3 1.5 -2 0 0 2387
1 14 4 5.5 -2 0 0 3650
1 14 5 1.5 -2 0 0 3623
1 14 6 5.5 -2 0 0 4132
1 14 7 1.5 -2 0 0 1880
1 14 8 1.5 -2 0 0 3540
1 14 9 5.5 -2 0 0 3809
1 14 10 5.10304 0.194389 0.121587 0.486419 3719
1 14 11 5.5 -2 0 0 3538
1 14 12 5.5 -2 0 0 3474
1 14 13 5.5 -2 0 0 2580
1 14 14 5.5 -2 0 0 4006
1 14 15 1.5 -2 0 0 1667
1 14 16 5.5 -2 0 0 3450
1 14 17 5.5 -2 0 0 3300
1 14 18 5.5 -2 0 0 2362
1 14 19 5.5 -2 0 0 1856
1 14 20 5.5 -2 0 0 2728
1 14 21 5.5 -2 0 0 3740
1 14 22 1.5 -2 0 0 3195
1 14 23 1.5 -2 0 0 2332
1 14 24 5.5 -2 0 0 3739
1 14 25 1.5 -2 0 0 3044
1 14 26 5.5 -2 0 0 2934
1 14 27 4.86371 0.350945 0.247919 0.406175 2950
1 14 28 1.5 -2 0 0 2333
1 14 29 5.63494 0.217262 0.1 0.163521 3841
1 14 30 1.5 -2 0 0 3154
1 14 31 5.5 -2 0 0 1593
1 14 32 5.5 -2 0 0 2098
1 14 33 1.5 -2 0 0 2203
1 14 34 5.5 -2 0 0 3297
1 14 35 1.5 -2 0 0 2230
1 14 36 5.5 -2 0 0 1682
1 14 37 0 -10 0 0 0
1 14 38 1.5 -2 0 0 1811
1 14 39 5.5 -2 0 0 1662
1 14 40 5.5 -2 0 0 2928
1 14 41 9.5 -2 0 0 2207
1 14 42 5.5 -2 0 0 2626
1 14 43 1.5 -2 0 0 2546
1 14 44 5.5 -2 0 0 2103
1 14 45 5.5 -2 0 0 2576
1 14 46 5.5 -2 0 0 2974
1 14 47 5.5 -2 0 0 1401
1 14 48 1.5 -2 0 0 2015
1 14 49 5.83494 0.504106 0.497219 0.614934 2550
1 14 50 5.5 -2 0 0 2281
1 14 51 1.5 -2 0 0 2368
1 14 52 5.5 -2 0 0 2902
1 14 53 5.5 -2 0 0 1970
1 14 54 1.5 -2 0 0 2213
1 14 55 5.5 -2 0 0 2568
1 14 56 1.5 -2 0 0 2231
1 14 57 5.5 -2 0 0 1787
1 14 58 1.5 -2 0 0 2245
1 14 59 5.5 -2 0 0 2964
1 14 60 5.5 -2 0 0 2005
1 14 61 1.5 -2 0 0 1905
1 14 62 5.5 -2 0 0 2566
1 14 63 5.5 -2 0 0 2346
1 15 0 1.5 -2 0 0 3364
1 15 1 5.5 -2 0 0 1980
1 15 2 5.5 -2 0 0 2004
1 15 3 1.5 -2 0 0 1831
1 15 4 5.5 -2 0 0 2424
1 15 5 5.5 -2 0 0 2303
1 15 6 5.63476 0.34232 0.256882 0.402202 1985
1 15 7 5.5 -2 0 0 1712
1 15 8 5.22293 0.435845 0.333136 0.12561 2195
1 15 9 5.5 -2 0 0 2322
1 15 10 5.5 -2 0 0 1409
1 15 11 1.5 -2 0 0 2414
1 15 12 5.2801 0.38164 0.230313 0.760263 2445
1 15 13 1.5 -2 0 0 2218
1 15 14 5.5 -2 0 0 2750
1 15 15 1.5 -2 0 0 2562
1 15 16 5.5 -2 0 0 1436
1 15 17 1.5 -2 0 0 3021
1 15 18 1.5 -2 0 0 2435
1 15 19 5.5 -2 0 0 1876
1 15 20 1.5 -2 0 0 2587
1 15 21 5.5 -2 0 0 1932
1 15 22 4.9366 0.15743 0.1 0.107691 1866
1 15 23 5.5 -2 0 0 3028
1 15 24 1.5 -2 0 0 2421
1 15 25 5.5 -2 0 0 2404
1 15 26 1.5 -2 0 0 3216
1 15 27 5.5 -2 0 0 2446
1 15 28 6.72005 0.4127 0.310958 0.797269 2366
1 15 29 1.5 -2 0 0 3027
1 15 30 1.5 -2 0 0 2823
1 15 31 1.5 -2 0 0 2798
1 15 32 5.5 -2 0 0 2777
1 15 33 5.5 -2 0 0 2900
1 15 34 5.5 -2 0 0 3083
1 15 35 5.74078 0.450277 0.170877 0.316495 2879
1 15 36 5.5 -2 0 0 2623
1 15 37 0 -10 0 0 0
1 15 38 5.67125 0.461565 0.207555 0.730408 3012
1 15 39 1.5 -2 0 0 4219
1 15 40 1.5 -2 0 0 3717
1 15 41 5.37415 0.275771 0.140264 0.724513 3112
1 15 42 5.5 -2 0 0 3171
1 15 43 1.5 -2 0 0 3146
1 15 44 1.5 -2 0 0 3269
1 15 45 5.5 -2 0 0 2796
1 15 46 4.71887 0.317938 0.357973 0.150987 3469
1 15 47 1.5 -2 0 0 3491
1 15 48 1.5 -2 0 0 3635
1 15 49 1.5 -2 0 0 3158
1 15 50 1.5 -2 0 0 3003
1 15 51 5.5 -2 0 0 4919
1 15 52 1.5 -2 0 0 4058
1 15 53 5.5 -2 0 0 3508
1 15 54 1.5 -2 0 0 3280
1 15 55 5.5 -2 0 0 4191
1 15 56 1.5 -2 0 0 4353
1 15 57 1.5 -2 0 0 4844
1 15 58 5.5 -2 0 0 3671
1 15 59 5.5 -2 0 0 3579
1 15 60 5.5 -2 0 0 3880
1 15 61 1.5 -2 0 0 5147
1 15 62 1.5 -2 0 0 4901
1 15 63 1.5 -2 0 0 3903
2 0 0 1.5 -2 0 0 599
2 0 1 5.5 -2 0 0 588
2 0 2 5.5 -2 0 0 539
2 0 3 5.5 -2 0 0 432
2 0 4 1.5 -2 0 0 469
2 0 5 1.5 -2 0 0 484
2 0 6 1.5 -2 0 0 489
2 0 7 1.5 -2 0 0 529
2 0 8 5.5 -2 0 0 541
2 0 9 1.5 -2 0 0 588
2 0 10 5.5 -2 0 0 559
2 0 11 1.5 -2 0 0 531
2 0 12 1.5 -2 0 0 494
2 0 13 1.5 -2 0 0 482
2 0 14 1.5 -2 0 0 586
2 0 15 1.5 -2 0 0 517
2 0 16 1.5 -2 0 0 520
2 0 17 1.5 -2 0 0 560
2 0 18 1.5 -2 0 0 488
2 0 19 5.5 -2 0 0 495
2 0 20 1.5 -2 0 0 519
2 0 21 5.5 -2 0 0 581
2 0 22 1.5 -2 0 0 393
2 0 23 1.5 -2 0 0 572
2 0 24 1.5 -2 0 0 551
2 0 25 5.5 -2 0 0 581
2 0 26 1.5 -2 0 0 572
2 0 27 5.5 -2 0 0 433
2 0 28 5.5 -2 0 0 496
2 0 29 1.5 -2 0 0 536
2 0 30 5.5 -2 0 0 569
2 0 31 1.5 -2 0 0 525
2 0 32 5.21029 0.238273 0.1 0.261924 487
2 0 33 5.5 -2 0 0 535
2 0 34 1.5 -2 0 0 618
2 0 35 1.5 -2 0 0 562
2 0 36 5.1392 0.513186 0.149426 0.260007 521
2 0 37 1.5 -2 0 0 658
2 0 38 5.5 -2 0 0 607
2 0 39 1.5 -2 0 0 621
2 0 40 1.5 -2 0 0 561
2 0 41 1.5 -2 0 0 560
2 0 42 1.5 -2 0 0 558
2 0 43 5.5 -2 0 0 575
2 0 44 5.5 -2 0 0 534
2 0 45 5.5 -2 0 0 554
2 0 46 1.5 -2 0 0 600
2 0 47 1.5 -2 0 0 698
2 0 48 5.5 -2 0 0 566
2 0 49 1.5 -2 0 0 591
2 0 50 5.5 -2 0 0 600
2 0 51 1.5 -2 0 0 736
2 0 52 1.5 -2 0 0 630
2 0 53 1.5 -2 0 0 606
2 0 54 5.5 -2 0 0 576
2 0 55 5.5 -2 0 0 640
2 0 56 1.5 -2 0 0 684
2 0 57 5.5 -2 0 0 706
2 0 58 1.5 -2 0 0 627
2 0 59 1.5 -2 0 0 722
2 0 60 1.5 -2 0 0 670
2 0 61 5.5 -2 0 0 906
2 0 62 5.5 -2 0 0 768
2 0 63 1.5 -2 0 0 631
2 1 0 5.5 -2 0 0 807
2 1 1 5.5 -2 0 0 765
2 1 2 1.5 -2 0 0 769
2 1 3 1.5 -2 0 0 764
2 1 4 5.5 -2 0 0 691
2 1 5 1.5 -2 0 0 732
2 1 6 5.5 -2 0 0 849
2 1 7 5.5 -2 0 0 977
2 1 8 5.5 -2 0 0 743
2 1 9 1.5 -2 0 0 874
2 1 10 1.5 -2 0 0 899
2 1 11 5.5 -2 0 0 652
2 1 12 1.5 -2 0 0 704
2 1 13 5.5 -2 0 0 770
2 1 14 1.5 -2 0 0 701
2 1 15 5.5 -2 0 0 734
2 1 16 6.87139 0.425555 0.347738 0.35022 1045
2 1 17 5.5 -2 0 0 690
2 1 18 5.5 -2 0 0 693
2 1 19 1.5 -2 0 0 844
2 1 20 1.5 -2 0 0 658
2 1 21 5.5 -2 0 0 959
2 1 22 5.5 -2 0 0 812
2 1 23 6.43238 0.299189 0.1 0.552034 653
2 1 24 1.5 -2 0 0 702
2 1 25 1.5 -2 0 0 819
2 1 26 1.5 -2 0 0 655
2 1 27 4.72906 0.398658 0.285151 0.296039 680
2 1 28 5.5 -2 0 0 674
2 1 29 1.5 -2 0 0 647
2 1 30 1.5 -2 0 0 688
2 1 31 5.10222 0.433717 0.290904 0.340741 727
2 1 32 5.5 -2 0 0 664
2 1 33 5.5 -2 0 0 658
2 1 34 5.5 -2 0 0 699
2 1 35 6.57058 0.450061 0.270357 0.415523 717
2 1 36 5.5 -2 0 0 689
2 1 37 1.5 -2 0 0 624
2 1 38 1.5 -2 0 0 671
2 1 39 1.5 -2 0 0 578
2 1 40 5.5 -2 0 0 665
2 1 41 5.5 -2 0 0 657
2 1 42 5.5 -2 0 0 550
2 1 43 1.5 -2 0 0 620
2 1 44 5.23069 0.519295 0.274576 0.283309 652
2 1 45 5.5 -2 0 0 622
2 1 46 1.5 -2 0 0 630
2 1 47 5.5 -2 0 0 743
2 1 48 1.5 -2 0 0 623
2 1 49 1.5 -2 0 0 655
2 1 50 5.18698 0.223145 0.1 0.155782 615
2 1 51 5.2463 0.419641 0.19533 0.273605 607
2 1 52 1.5 -2 0 0 577
2 1 53 5.5 -2 0 0 670
2 1 54 1.5 -2 0 0 611
2 1 55 5.5 -2 0 0 560
2 1 56 1.5 -2 0 0 611
2 1 57 1.5 -2 0 0 590
2 1 58 5.5 -2 0 0 574
2 1 59 5.5 -2 0 0 581
2 1 60 1.5 -2 0 0 644
2 1 61 1.5 -2 0 0 595
2 1 62 1.5 -2 0 0 597
2 1 63 1.5 -2 0 0 540
2 2 0 1.5 -2 0 0 813
2 2 1 1.5 -2 0 0 817
2 2 2 1.5 -2 0 0 677
2 2 3 1.5 -2 0 0 658
2 2 4 1.5 -2 0 0 705
2 2 5 1.5 -2 0 0 674
2 2 6 1.5 -2 0 0 733
2 2 7 5.5 -2 0 0 598
2 2 8 5.5 -2 0 0 674
2 2 9 1.5 -2 0 0 585
2 2 10 1.5 -2 0 0 609
2 2 11 1.5 -2 0 0 716
2 2 12 1.5 -2 0 0 653
2 2 13 5.5 -2 0 0 632
2 2 14 1.5 -2 0 0 780
2 2 15 1.5 -2 0 0 694
2 2 16 0 -10 0 0 0
2 2 17 5.5 -2 0 0 810
2 2 18 5.5 -2 0 0 656
2 2 19 1.5 -2 0 0 647
2 2 20 5.5 -2 0 0 713
2 2 21 5.5 -2 0 0 664
2 2 22 1.5 -2 0 0 622
2 2 23 1.5 -2 0 0 722
2 2 24 5.5 -2 0 0 703
2 2 25 5.41531 0.482604 0.345328 0.416912 654
2 2 26 1.5 -2 0 0 788
2 2 27 1.5 -2 0 0 651
2 2 28 5.5 -2 0 0 653
2 2 29 1.5 -2 0 0 826
2 2 30 1.5 -2 0 0 704
2 2 31 5.5 -2 0 0 649
2 2 32 1.5 -2 0 0 683
2 2 33 1.5 -2 0 0 691
2 2 34 1.5 -2 0 0 896
2 2 35 1.5 -2 0 0 703
2 2 36 5.5 -2 0 0 716
2 2 37 1.5 -2 0 0 801
2 2 38 5.09389 0.494512 0.300872 0.305614 738
2 2 39 5.5 -2 0 0 869
2 2 40 1.5 -2 0 0 775
2 2 41 5.5 -2 0 0 676
2 2 42 5.5 -2 0 0 753
2 2 43 5.5 -2 0 0 827
2 2 44 5.14216 0.451207 0.17091 0.18033 709
2 2 45 1.5 -2 0 0 708
2 2 46 1.5 -2 0 0 939
2 2 47 1.5 -2 0 0 786
2 2 48 1.5 -2 0 0 744
2 2 49 5.5 -2 0 0 832
2 2 50 1.5 -2 0 0 687
2 2 51 1.5 -2 0 0 1128
2 2 52 1.5 -2 0 0 936
2 2 53 1.5 -2 0 0 836
2 2 54 1.5 -2 0 0 775
2 2 55 5.5 -2 0 0 922
2 2 56 1.5 -2 0 0 927
2 2 57 1.5 -2 0 0 1007
2 2 58 1.5 -2 0 0 806
2 2 59 1.5 -2 0 0 1068
2 2 60 1.5 -2 0 0 824
2 2 61 1.5 -2 0 0 1261
2 2 62 1.5 -2 0 0 1069
2 2 63 1.5 -2 0 0 800
2 3 0 5.5 -2 0 0 1350
2 3 1 1.5 -2 0 0 1420
2 3 2 5.5 -2 0 0 1563
2 3 3 5.5 -2 0 0 1776
2 3 4 5.5 -2 0 0 1324
2 3 5 1.5 -2 0 0 1474
2 3 6 5.5 -2 0 0 1685
2 3 7 1.5 -2 0 0 2290
2 3 8 5.5 -2 0 0 1292
2 3 9 5.5 -2 0 0 2062
2 3 10 5.5 -2 0 0 2281
2 3 11 6.46038 0.63998 0.201483 0.251508 1212
2 3 12 5.5 -2 0 0 1619
2 3 13 5.5 -2 0 0 1690
2 3 14 5.5 -2 0 0 1216
2 3 15 1.5 -2 0 0 1513
2 3 16 4.7723 0.364445 0.347895 0.190507 2653
2 3 17 1.5 -2 0 0 1082
2 3 18 1.5 -2 0 0 1443
2 3 19 5.5 -2 0 0 1897
2 3 20 5.5 -2 0 0 1197
2 3 21 1.5 -2 0 0 2019
2 3 22 5.5 -2 0 0 2150
2 3 23 5.5 -2 0 0 1177
2 3 24 4.73248 0.442983 0.181429 0.231495 1168
2 3 25 5.5 -2 0 0 1709
2 3 26 8.85342 0.335124 0.102706 0.520711 1045
2 3 27 5.5 -2 0 0 1430
2 3 28 1.5 -2 0 0 1507
2 3 29 5.5 -2 0 0 1096
2 3 30 5.62418 0.308266 0.289605 0.738288 1295
2 3 31 1.5 -2 0 0 1560
2 3 32 5.5 -2 0 0 1361
2 3 33 5.5 -2 0 0 1233
2 3 34 5.5 -2 0 0 999
2 3 35 5.5 -2 0 0 1389
2 3 36 5.5 -2 0 0 1110
2 3 37 5.5 -2 0 0 999
2 3 38 5.5 -2 0 0 1293
2 3 39 1.5 -2 0 0 898
2 3 40 5.5 -2 0 0 1108
2 3 41 5.58608 0.440471 0.299914 0.364927 1210
2 3 42 6.15227 0.154648 0.1 0.555507 980
2 3 43 9.5 -2 0 0 960
2 3 44 5.5 -2 0 0 1116
2 3 45 5.71017 0.535577 0.1 0.459148 1094
2 3 46 5.5 -2 0 0 958
2 3 47 5.68889 0.375562 0.397616 0.440962 1200
2 3 48 1.5 -2 0 0 1077
2 3 49 5.5 -2 0 0 880
2 3 50 5.5 -2 0 0 1049
2 3 51 1.5 -2 0 0 762
2 3 52 5.5 -2 0 0 870
2 3 53 5.5 -2 0 0 1008
2 3 54 5.5 -2 0 0 951
2 3 55 5.75482 0.455154 0.257056 0.556759 812
2 3 56 1.5 -2 0 0 883
2 3 57 1.5 -2 0 0 847
2 3 58 1.5 -2 0 0 931
2 3 59 1.5 -2 0 0 836
2 3 60 5.5 -2 0 0 972
2 3 61 5.5 -2 0 0 799
2 3 62 1.5 -2 0 0 788
2 3 63 1.5 -2 0 0 896
2 4 0 5.5 -2 0 0 1436
2 4 1 6.15628 0.596922 0.169996 0.240601 1098
2 4 2 1.5 -2 0 0 956
2 4 3 1.5 -2 0 0 753
2 4 4 5.5 -2 0 0 922
2 4 5 5.5 -2 0 0 895
2 4 6 5.5 -2 0 0 929
2 4 7 5.5 -2 0 0 789
2 4 8 5.5 -2 0 0 1022
2 4 9 5.5 -2 0 0 868
2 4 10 6.54516 0.516972 0.205603 0.63004 811
2 4 11 5.5 -2 0 0 975
2 4 12 5.5 -2 0 0 866
2 4 13 1.5 -2 0 0 735
2 4 14 9.5 -2 0 0 1313
2 4 15 5.51971 0.468742 0.266853 0.528079 797
2 4 16 1.5 -2 0 0 847
2 4 17 1.5 -2 0 0 1158
2 4 18 1.5 -2 0 0 828
2 4 19 5.5 -2 0 0 770
2 4 20 5.25777 0.513847 0.259083 0.344453 865
2 4 21 5.5 -2 0 0 964
2 4 22 1.5 -2 0 0 767
2 4 23 5.5 -2 0 0 1142
2 4 24 5.5 -2 0 0 1141
2 4 25 1.5 -2 0 0 805
2 4 26 4.60573 0.428077 0.210146 0.335314 1406
2 4 27 5.5 -2 0 0 824
2 4 28 5.5 -2 0 0 788
2 4 29 5.5 -2 0 0 1209
2 4 30 5.5 -2 0 0 810
2 4 31 5.5 -2 0 0 822
2 4 32 9.5 -2 0 0 859
2 4 33 5.5 -2 0 0 853
2 4 34 5.5 -2 0 0 1448
2 4 35 5.5 -2 0 0 827
2 4 36 5.5 -2 0 0 880
2 4 37 1.5 -2 0 0 1047
2 4 38 5.5 -2 0 0 868
2 4 39 1.5 -2 0 0 998
2 4 40 5.62027 0.36374 0.12797 0.671594 978
2 4 41 1.5 -2 0 0 805
2 4 42 5.5 -2 0 0 933
2 4 43 4.83857 0.376353 0.281155 0.22947 1204
2 4 44 5.5 -2 0 0 856
2 4 45 5.5 -2 0 0 833
2 4 46 1.5 -2 0 0 1555
2 4 47 4.91814 0.445831 0.298924 0.28406 871
2 4 48 5.5 -2 0 0 901
2 4 49 6.03966 0.498152 0.185193 0.317313 1105
2 4 50 5.5 -2 0 0 844
2 4 51 1.5 -2 0 0 1334
2 4 52 5.5 -2 0 0 1231
2 4 53 1.5 -2 0 0 873
2 4 54 1.5 -2 0 0 874
2 4 55 1.5 -2 0 0 1323
2 4 56 5.5 -2 0 0 1038
2 4 57 1.5 -2 0 0 1221
2 4 58 1.5 -2 0 0 929
2 4 59 1.5 -2 0 0 1486
2 4 60 5.5 -2 0 0 870
2 4 61 5.5 -2 0 0 1567
2 4 62 1.5 -2 0 0 1529
2 4 63 1.5 -2 0 0 1079
2 5 0 1.5 -2 0 0 1763
2 5 1 1.5 -2 0 0 1967
2 5 2 5.5 -2 0 0 2188
2 5 3 1.5 -2 0 0 2821
2 5 4 1.5 -2 0 0 2246
2 5 5 1.5 -2 0 0 2244
2 5 6 5.5 -2 0 0 2420
2 5 7 5.5 -2 0 0 3913
2 5 8 1.5 -2 0 0 2037
2 5 9 5.5 -2 0 0 2955
2 5 10 5.5 -2 0 0 3491
2 5 11 1.5 -2 0 0 2003
2 5 12 5.5 -2 0 0 2620
2 5 13 1.5 -2 0 0 3105
2 5 14 5.5 -2 0 0 1632
2 5 15 1.5 -2 0 0 2988
2 5 16 5.5 -2 0 0 4144
2 5 17 5.5 -2 0 0 1735
2 5 18 1.5 -2 0 0 2488
2 5 19 5.5 -2 0 0 3912
2 5 20 1.5 -2 0 0 2214
2 5 21 5.5 -2 0 0 2664
2 5 22 5.5 -2 0 0 3156
2 5 23 5.5 -2 0 0 1966
2 5 24 5.81553 0.49383 0.255759 0.209357 1772
2 5 25 1.5 -2 0 0 3693
2 5 26 1.5 -2 0 0 1643
2 5 27 1.5 -2 0 0 2807
2 5 28 1.5 -2 0 0 3042
2 5 29 5.5 -2 0 0 1786
2 5 30 1.5 -2 0 0 2445
2 5 31 6.06508 0.486584 0.231147 0.388236 3555
2 5 32 1.5 -2 0 0 2809
2 5 33 5.5 -2 0 0 2587
2 5 34 1.5 -2 0 0 1609
2 5 35 5.5 -2 0 0 3308
2 5 36 5.5 -2 0 0 2350
2 5 37 5.5 -2 0 0 1858
2 5 38 5.5 -2 0 0 3183
2 5 39 5.5 -2 0 0 2201
2 5 40 1.5 -2 0 0 2232
2 5 41 5.5 -2 0 0 2845
2 5 42 5.5 -2 0 0 2027
2 5 43 1.5 -2 0 0 1669
2 5 44 1.5 -2 0 0 2496
2 5 45 5.5 -2 0 0 2476
2 5 46 5.5 -2 0 0 1571
2 5 47 5.5 -2 0 0 3226
2 5 48 5.5 -2 0 0 2190
2 5 49 5.5 -2 0 0 1776
2 5 50 5.5 -2 0 0 2369
2 5 51 1.5 -2 0 0 1560
2 5 52 5.5 -2 0 0 1606
2 5 53 5.5 -2 0 0 2640
2 5 54 5.5 -2 0 0 2153
2 5 55 5.5 -2 0 0 1518
2 5 56 1.5 -2 0 0 1951
2 5 57 5.5 -2 0 0 1793
2 5 58 5.5 -2 0 0 1880
2 5 59 5.5 -2 0 0 1495
2 5 60 5.5 -2 0 0 2331
2 5 61 1.5 -2 0 0 1564
2 5 62 1.5 -2 0 0 1534
2 5 63 1.5 -2 0 0 1627
2 6 0 5.59997 0.456198 0.360058 0.425603 1521
2 6 1 5.5 -2 0 0 1267
2 6 2 5.5 -2 0 0 1118
2 6 3 5.5 -2 0 0 827
2 6 4 1.5 -2 0 0 840
2 6 5 5.5 -2 0 0 916
2 6 6 5.5 -2 0 0 948
2 6 7 1.5 -2 0 0 832
2 6 8 5.5 -2 0 0 1048
2 6 9 5.5 -2 0 0 862
2 6 10 5.5 -2 0 0 814
2 6 11 5.5 -2 0 0 1036
2 6 12 1.5 -2 0 0 866
2 6 13 1.5 -2 0 0 721
2 6 14 5.5 -2 0 0 1479
2 6 15 1.5 -2 0 0 811
2 6 16 5.5 -2 0 0 872
2 6 17 5.5 -2 0 0 1152
2 6 18 5.5 -2 0 0 871
2 6 19 5.5 -2 0 0 749
2 6 20 4.79823 0.442203 0.345 0.164248 849
2 6 21 5.5 -2 0 0 916
2 6 22 5.5 -2 0 0 784
2 6 23 5.5 -2 0 0 876
2 6 24 5.5 -2 0 0 1166
2 6 25 1.5 -2 0 0 813
2 6 26 5.5 -2 0 0 1336
2 6 27 5.5 -2 0 0 760
2 6 28 4.65862 0.176391 0.1 0.207793 740
2 6 29 1.5 -2 0 0 1046
2 6 30 5.5 -2 0 0 775
2 6 31 5.93274 0.462754 0.139633 0.367586 714
2 6 32 1.5 -2 0 0 714
2 6 33 6.26106 0.482158 0.259164 0.504119 794
2 6 34 5.5 -2 0 0 1288
2 6 35 1.5 -2 0 0 711
2 6 36 5.5 -2 0 0 800
2 6 37 5.5 -2 0 0 848
2 6 38 5.5 -2 0 0 679
2 6 39 5.5 -2 0 0 729
2 6 40 5.5 -2 0 0 852
2 6 41 1.5 -2 0 0 714
2 6 42 5.5 -2 0 0 834
2 6 43 5.5 -2 0 0 1035
2 6 44 5.5 -2 0 0 638
2 6 45 5.5 -2 0 0 751
2 6 46 5.5 -2 0 0 1178
2 6 47 5.5 -2 0 0 628
2 6 48 5.5 -2 0 0 787
2 6 49 5.5 -2 0 0 853
2 6 50 5.5 -2 0 0 688
2 6 51 4.67658 0.398466 0.319203 0.261202 962
2 6 52 5.5 -2 0 0 901
2 6 53 5.5 -2 0 0 657
2 6 54 1.5 -2 0 0 714
2 6 55 5.5 -2 0 0 868
2 6 56 1.5 -2 0 0 821
2 6 57 5.5 -2 0 0 822
2 6 58 1.5 -2 0 0 795
2 6 59 1.5 -2 0 0 1042
2 6 60 5.5 -2 0 0 666
2 6 61 1.5 -2 0 0 951
2 6 62 5.5 -2 0 0 957
2 6 63 1.5 -2 0 0 778
2 7 0 5.5 -2 0 0 1060
2 7 1 5.5 -2 0 0 1187
2 7 2 5.5 -2 0 0 1260
2 7 3 1.5 -2 0 0 1702
2 7 4 5.78698 0.571252 0.155377 0.788593 1521
2 7 5 5.5 -2 0 0 1373
2 7 6 5.5 -2 0 0 1439
2 7 7 9.5 -2 0 0 2377
2 7 8 5.5 -2 0 0 1299
2 7 9 5.5 -2 0 0 1551
2 7 10 1.5 -2 0 0 1757
2 7 11 1.5 -2 0 0 1374
2 7 12 5.5 -2 0 0 1608
2 7 13 5.5 -2 0 0 2113
2 7 14 5.5 -2 0 0 1158
2 7 15 5.5 -2 0 0 1960
2 7 16 5.5 -2 0 0 2153
2 7 17 5.5 -2 0 0 1234
2 7 18 5.5 -2 0 0 1737
2 7 19 5.5 -2 0 0 2623
2 7 20 4.76437 0.446743 0.291613 0.367445 1834
2 7 21 5.5 -2 0 0 1537
2 7 22 5.5 -2 0 0 1849
2 7 23 5.5 -2 0 0 1562
2 7 24 5.5 -2 0 0 1149
2 7 25 5.5 -2 0 0 2746
2 7 26 5.5 -2 0 0 1193
2 7 27 1.5 -2 0 0 2168
2 7 28 5.5 -2 0 0 2395
2 7 29 5.5 -2 0 0 1322
2 7 30 1.5 -2 0 0 1918
2 7 31 5.5 -2 0 0 3180
2 7 32 5.5 -2 0 0 2484
2 7 33 5.5 -2 0 0 2217
2 7 34 1.5 -2 0 0 1345
2 7 35 5.5 -2 0 0 3225
2 7 36 1.5 -2 0 0 2016
2 7 37 5.5 -2 0 0 1656
2 7 38 5.5 -2 0 0 3573
2 7 39 4.70599 0.465074 0.100022 0.0660307 2495
2 7 40 5.5 -2 0 0 1805
2 7 41 5.5 -2 0 0 2664
2 7 42 5.5 -2 0 0 1935
2 7 43 5.5 -2 0 0 1417
2 7 44 5.5 -2 0 0 2845
2 7 45 5.5 -2 0 0 2321
2 7 46 5.5 -2 0 0 1332
2 7 47 1.5 -2 0 0 3708
2 7 48 5.5 -2 0 0 2257
2 7 49 5.90867 0.523706 0.208902 0.479367 1695
2 7 50 5.5 -2 0 0 2517
2 7 51 1.5 -2 0 0 1698
2 7 52 5.5 -2 0 0 1525
2 7 53 5.5 -2 0 0 3166
2 7 54 5.5 -2 0 0 2397
2 7 55 5.5 -2 0 0 1641
2 7 56 1.5 -2 0 0 2220
2 7 57 1.5 -2 0 0 2165
2 7 58 1.5 -2 0 0 2023
2 7 59 5.5 -2 0 0 1553
2 7 60 5.31718 0.391387 0.28429 0.558707 2854
2 7 61 1.5 -2 0 0 1662
2 7 62 1.5 -2 0 0 1555
2 7 63 1.5 -2 0 0 1917
2 8 0 5.5 -2 0 0 870
2 8 1 1.5 -2 0 0 735
2 8 2 1.5 -2 0 0 742
2 8 3 1.5 -2 0 0 704
2 8 4 5.5 -2 0 0 742
2 8 5 5.5 -2 0 0 733
2 8 6 1.5 -2 0 0 779
2 8 7 5.5 -2 0 0 685
2 8 8 5.5 -2 0 0 735
2 8 9 5.5 -2 0 0 745
2 8 10 5.5 -2 0 0 709
2 8 11 4.75709 0.371878 0.233381 0.417452 751
2 8 12 5.5 -2 0 0 701
2 8 13 1.5 -2 0 0 728
2 8 14 4.98593 0.487223 0.243029 0.1273 841
2 8 15 1.5 -2 0 0 745
2 8 16 5.5 -2 0 0 789
2 8 17 1.5 -2 0 0 762
2 8 18 5.5 -2 0 0 674
2 8 19 5.5 -2 0 0 804
2 8 20 5.5 -2 0 0 892
2 8 21 5.5 -2 0 0 727
2 8 22 5.5 -2 0 0 665
2 8 23 1.5 -2 0 0 823
2 8 24 5.5 -2 0 0 766
2 8 25 0 -10 0 0 20
2 8 26 1.5 -2 0 0 862
2 8 27 5.5 -2 0 0 768
2 8 28 5.5 -2 0 0 829
2 8 29 1.5 -2 0 0 838
2 8 30 5.5 -2 0 0 730
2 8 31 5.5 -2 0 0 932
2 8 32 1.5 -2 0 0 780
2 8 33 5.5 -2 0 0 770
2 8 34 5.5 -2 0 0 867
2 8 35 1.5 -2 0 0 884
2 8 36 5.5 -2 0 0 840
2 8 37 5.5 -2 0 0 859
2 8 38 5.5 -2 0 0 1024
2 8 39 1.5 -2 0 0 1112
2 8 40 5.5 -2 0 0 811
2 8 41 5.5 -2 0 0 832
2 8 42 5.5 -2 0 0 988
2 8 43 1.5 -2 0 0 873
2 8 44 5.5 -2 0 0 892
2 8 45 5.5 -2 0 0 817
2 8 46 5.5 -2 0 0 905
2 8 47 5.5 -2 0 0 1154
2 8 48 1.5 -2 0 0 920
2 8 49 1.5 -2 0 0 916
2 8 50 5.5 -2 0 0 923
2 8 51 1.5 -2 0 0 1193
2 8 52 5.5 -2 0 0 955
2 8 53 1.5 -2 0 0 1096
2 8 54 1.5 -2 0 0 996
2 8 55 5.5 -2 0 0 1043
2 8 56 1.5 -2 0 0 1216
2 8 57 1.5 -2 0 0 1160
2 8 58 5.5 -2 0 0 972
2 8 59 1.5 -2 0 0 978
2 8 60 1.5 -2 0 0 1146
2 8 61 1.5 -2 0 0 1345
2 8 62 1.5 -2 0 0 1148
2 8 63 1.5 -2 0 0 977
2 9 0 1.5 -2 0 0 1236
2 9 1 5.5 -2 0 0 1164
2 9 2 1.5 -2 0 0 1109
2 9 3 5.5 -2 0 0 973
2 9 4 5.5 -2 0 0 913
2 9 5 1.5 -2 0 0 1005
2 9 6 5.5 -2 0 0 1142
2 9 7 1.5 -2 0 0 1034
2 9 8 1.5 -2 0 0 1080
2 9 9 1.5 -2 0 0 1081
2 9 10 1.5 -2 0 0 1124
2 9 11 5.5 -2 0 0 984
2 9 12 5.5 -2 0 0 963
2 9 13 1.5 -2 0 0 858
2 9 14 1.5 -2 0 0 1104
2 9 15 1.5 -2 0 0 877
2 9 16 5.5 -2 0 0 381
2 9 17 1.5 -2 0 0 983
2 9 18 5.5 -2 0 0 884
2 9 19 1.5 -2 0 0 902
2 9 20 1.5 -2 0 0 781
2 9 21 6.33198 0.390381 0.351328 0.322978 1088
2 9 22 5.5 -2 0 0 891
2 9 23 5.5 -2 0 0 862
2 9 24 5.5 -2 0 0 1030
2 9 25 5.5 -2 0 0 848
2 9 26 5.5 -2 0 0 1014
2 9 27 5.5 -2 0 0 833
2 9 28 1.5 -2 0 0 795
2 9 29 1.5 -2 0 0 835
2 9 30 1.5 -2 0 0 819
2 9 31 5.43943 0.437432 0.238275 0.391682 792
2 9 32 1.5 -2 0 0 723
2 9 33 5.5 -2 0 0 808
2 9 34 5.5 -2 0 0 939
2 9 35 4.77213 0.37204 0.270638 0.22698 774
2 9 36 1.5 -2 0 0 748
2 9 37 1.5 -2 0 0 716
2 9 38 5.5 -2 0 0 723
2 9 39 5.5 -2 0 0 750
2 9 40 5.5 -2 0 0 844
2 9 41 1.5 -2 0 0 743
2 9 42 5.5 -2 0 0 745
2 9 43 5.25983 0.445713 0.287114 0.317161 832
2 9 44 5.5 -2 0 0 712
2 9 45 5.5 -2 0 0 762
2 9 46 1.5 -2 0 0 914
2 9 47 5.5 -2 0 0 779
2 9 48 5.5 -2 0 0 756
2 9 49 5.5 -2 0 0 661
2 9 50 5.5 -2 0 0 714
2 9 51 5.5 -2 0 0 729
2 9 52 1.5 -2 0 0 808
2 9 53 1.5 -2 0 0 716
2 9 54 1.5 -2 0 0 697
2 9 55 5.5 -2 0 0 751
2 9 56 5.5 -2 0 0 772
2 9 57 1.5 -2 0 0 691
2 9 58 1.5 -2 0 0 776
2 9 59 1.5 -2 0 0 818
2 9 60 1.5 -2 0 0 748
2 9 61 5.5 -2 0 0 789
2 9 62 1.5 -2 0 0 734
2 9 63 1.5 -2 0 0 718
2 10 0 5.5 -2 0 0 1440
2 10 1 1.5 -2 0 0 1371
2 10 2 5.5 -2 0 0 1357
2 10 3 5.5 -2 0 0 1325
2 10 4 5.5 -2 0 0 1530
2 10 5 5.5 -2 0 0 1480
2 10 6 5.52152 0.470871 0.23238 0.57687 1296
2 10 7 1.5 -2 0 0 1343
2 10 8 1.5 -2 0 0 1305
2 10 9 5.5 -2 0 0 1201
2 10 10 1.5 -2 0 0 1151
2 10 11 1.5 -2 0 0 1610
2 10 12 5.5 -2 0 0 1392
2 10 13 1.5 -2 0 0 1341
2 10 14 5.5 -2 0 0 1547
2 10 15 1.5 -2 0 0 1498
2 10 16 5.5 -2 0 0 1291
2 10 17 5.5 -2 0 0 1613
2 10 18 5.5 -2 0 0 1485
2 10 19 5.5 -2 0 0 1513
2 10 20 5.5 -2 0 0 1699
2 10 21 1.5 -2 0 0 1200
2 10 22 5.5 -2 0 0 1246
2 10 23 5.5 -2 0 0 1755
2 10 24 5.5 -2 0 0 1402
2 10 25 5.5 -2 0 0 1691
2 10 26 1.5 -2 0 0 1778
2 10 27 5.5 -2 0 0 1647
2 10 28 5.5 -2 0 0 1564
2 10 29 5.5 -2 0 0 1841
2 10 30 1.5 -2 0 0 1699
2 10 31 1.5 -2 0 0 1810
2 10 32 1.5 -2 0 0 1748
2 10 33 4.66487 0.197637 0.105849 0.412839 1774
2 10 34 5.9621 0.181017 0.1 0.793546 3036
2 10 35 1.5 -2 0 0 2180
2 10 36 5.5 -2 0 0 1863
2 10 37 5.5 -2 0 0 2019
2 10 38 5.5 -2 0 0 2374
2 10 39 1.5 -2 0 0 3097
2 10 40 5.5 -2 0 0 1947
2 10 41 5.5 -2 0 0 1986
2 10 42 5.5 -2 0 0 2273
2 10 43 1.5 -2 0 0 2146
2 10 44 5.5 -2 0 0 2241
2 10 45 5.5 -2 0 0 2033
2 10 46 1.5 -2 0 0 4159
2 10 47 5.5 -2 0 0 3005
2 10 48 1.5 -2 0 0 2179
2 10 49 5.5 -2 0 0 2298
2 10 50 5.5 -2 0 0 2353
2 10 51 5.67019 0.480292 0.415416 0.34724 3507
2 10 52 5.5 -2 0 0 2410
2 10 53 1.5 -2 0 0 1207
2 10 54 1.5 -2 0 0 2393
2 10 55 1.5 -2 0 0 2790
2 10 56 9.5 -2 0 0 3041
2 10 57 1.5 -2 0 0 2906
2 10 58 5.5 -2 0 0 2589
2 10 59 1.5 -2 0 0 2592
2 10 60 5.5 -2 0 0 2956
2 10 61 1.5 -2 0 0 3845
2 10 62 5.5 -2 0 0 2924
2 10 63 1.5 -2 0 0 2633
2 11 0 9.5 -2 0 0 3870
2 11 1 5.5 -2 0 0 3656
2 11 2 5.5 -2 0 0 3558
2 11 3 5.5 -2 0 0 2345
2 11 4 1.5 -2 0 0 2302
2 11 5 1.5 -2 0 0 2558
2 11 6 5.5 -2 0 0 3279
2 11 7 5.5 -2 0 0 2141
2 11 8 5.5 -2 0 0 2770
2 11 9 5.5 -2 0 0 3041
2 11 10 1.5 -2 0 0 2713
2 11 11 5.5 -2 0 0 2492
2 11 12 1.5 -2 0 0 2506
2 11 13 4.6811 0.453696 0.14385 0.112659 1972
2 11 14 1.5 -2 0 0 3145
2 11 15 1.5 -2 0 0 2306
2 11 16 5.5 -2 0 0 2799
2 11 17 1.5 -2 0 0 2473
2 11 18 1.5 -2 0 0 2147
2 11 19 5.5 -2 0 0 1859
2 11 20 5.5 -2 0 0 1961
2 11 21 5.5 -2 0 0 3203
2 11 22 9.5 -2 0 0 2300
2 11 23 5.11569 0.444024 0.280203 0.227384 2232
2 11 24 1.5 -2 0 0 2800
2 11 25 1.5 -2 0 0 1678
2 11 26 6.14399 0.439773 0.329871 0.250564 2678
2 11 27 5.5 -2 0 0 1799
2 11 28 5.5 -2 0 0 1657
2 11 29 5.5 -2 0 0 2102
2 11 30 5.10438 0.307784 0.216702 0.510713 1954
2 11 31 5.5 -2 0 0 1593
2 11 32 1.5 -2 0 0 1497
2 11 33 5.44497 0.398353 0.176474 0.292879 1546
2 11 34 5.5 -2 0 0 2512
2 11 35 5.5 -2 0 0 1363
2 11 36 5.5 -2 0 0 1615
2 11 37 5.60686 0.402974 0.248486 0.302156 1820
2 11 38 5.5 -2 0 0 1286
2 11 39 1.5 -2 0 0 1296
2 11 40 1.5 -2 0 0 1716
2 11 41 6.03709 0.434239 0.210058 0.633795 1372
2 11 42 1.5 -2 0 0 1559
2 11 43 5.5 -2 0 0 1882
2 11 44 1.5 -2 0 0 1267
2 11 45 5.5 -2 0 0 1380
2 11 46 5.5 -2 0 0 1965
2 11 47 5.5 -2 0 0 1173
2 11 48 5.5 -2 0 0 1427
2 11 49 5.5 -2 0 0 1660
2 11 50 5.5 -2 0 0 1310
2 11 51 1.5 -2 0 0 1335
2 11 52 5.5 -2 0 0 1754
2 11 53 1.5 -2 0 0 1195
2 11 54 5.5 -2 0 0 1242
2 11 55 5.5 -2 0 0 1498
2 11 56 5.5 -2 0 0 1323
2 11 57 5.5 -2 0 0 1265
2 11 58 8.3687 0.604819 0.201616 0.788647 1333
2 11 59 1.5 -2 0 0 1794
2 11 60 1.5 -2 0 0 1324
2 11 61 1.5 -2 0 0 1495
2 11 62 5.5 -2 0 0 1642
2 11 63 5.5 -2 0 0 1366
2 12 0 1.5 -2 0 0 4477
2 12 1 1.5 -2 0 0 4094
2 12 2 1.5 -2 0 0 3971
2 12 3 5.5 -2 0 0 3530
2 12 4 5.5 -2 0 0 4224
2 12 5 4.93185 0.312987 0.157995 0.32692 4015
2 12 6 1.5 -2 0 0 3938
2 12 7 5.5 -2 0 0 3508
2 12 8 5.5 -2 0 0 3908
2 12 9 5.5 -2 0 0 3525
2 12 10 1.5 -2 0 0 3399
2 12 11 5.5 -2 0 0 4077
2 12 12 5.5 -2 0 0 3665
2 12 13 1.5 -2 0 0 3482
2 12 14 5.5 -2 0 0 4379
2 12 15 5.5 -2 0 0 3803
2 12 16 0 -10 0 0 0
2 12 17 1.5 -2 0 0 4342
2 12 18 1.5 -2 0 0 3922
2 12 19 1.5 -2 0 0 3604
2 12 20 5.5 -2 0 0 4535
2 12 21 1.5 -2 0 0 3591
2 12 22 1.5 -2 0 0 3278
2 12 23 1.5 -2 0 0 4561
2 12 24 1.5 -2 0 0 4103
2 12 25 1.5 -2 0 0 3786
2 12 26 5.5 -2 0 0 4700
2 12 27 5.5 -2 0 0 3895
2 12 28 5.5 -2 0 0 3800
2 12 29 1.5 -2 0 0 4625
2 12 30 4.65405 0.392036 0.176709 0.615549 4191
2 12 31 1.5 -2 0 0 4081
2 12 32 5.31906 0.357556 0.1 0.478506 3932
2 12 33 5.417 0.120917 0.1 0.575126 4301
2 12 34 5.5 -2 0 0 4903
2 12 35 5.5 -2 0 0 4275
2 12 36 1.5 -2 0 0 4357
2 12 37 1.5 -2 0 0 4810
2 12 38 1.5 -2 0 0 4276
2 12 39 1.5 -2 0 0 4945
2 12 40 5.5 -2 0 0 4534
2 12 41 5.5 -2 0 0 4147
2 12 42 5.5 -2 0 0 4566
2 12 43 5.76691 0.138038 0.1 0.309881 5070
2 12 44 5.5 -2 0 0 4134
2 12 45 1.5 -2 0 0 4423
2 12 46 9.5 -2 0 0 5219
2 12 47 5.5 -2 0 0 4519
2 12 48 1.5 -2 0 0 4614
2 12 49 5.5 -2 0 0 4879
2 12 50 1.5 -2 0 0 4495
2 12 51 1.5 -2 0 0 5442
2 12 52 1.5 -2 0 0 5172
2 12 53 1.5 -2 0 0 4339
2 12 54 5.5 -2 0 0 4547
2 12 55 1.5 -2 0 0 5257
2 12 56 5.5 -2 0 0 5262
2 12 57 5.48336 0.389145 0.188217 0.248175 5251
2 12 58 1.5 -2 0 0 4821
2 12 59 1.5 -2 0 0 5286
2 12 60 1.5 -2 0 0 4689
2 12 61 1.5 -2 0 0 6150
2 12 62 5.5 -2 0 0 5702
2 12 63 1.5 -2 0 0 5088
2 13 0 1.5 -2 0 0 6066
2 13 1 5.5 -2 0 0 5341
2 13 2 5.5 -2 0 0 5181
2 13 3 5.44463 0.211691 0.1 0.279676 4275
2 13 4 5.5 -2 0 0 4675
2 13 5 1.5 -2 0 0 4787
2 13 6 1.5 -2 0 0 4938
2 13 7 1.5 -2 0 0 3699
2 13 8 1.5 -2 0 0 5140
2 13 9 5.5 -2 0 0 4482
2 13 10 1.5 -2 0 0 4035
2 13 11 5.5 -2 0 0 4863
2 13 12 5.5 -2 0 0 4407
2 13 13 1.5 -2 0 0 3792
2 13 14 1.5 -2 0 0 5666
2 13 15 1.5 -2 0 0 4055
2 13 16 1.5 -2 0 0 4245
2 13 17 1.5 -2 0 0 5095
2 13 18 5.5 -2 0 0 4248
2 13 19 1.5 -2 0 0 3707
2 13 20 1.5 -2 0 0 4523
2 13 21 1.5 -2 0 0 4635
2 13 22 5.5 -2 0 0 3852
2 13 23 1.5 -2 0 0 4669
2 13 24 1.5 -2 0 0 5035
2 13 25 1.5 -2 0 0 3593
2 13 26 5.5 -2 0 0 5323
2 13 27 5.5 -2 0 0 3935
2 13 28 1.5 -2 0 0 3671
2 13 29 1.5 -2 0 0 4926
2 13 30 5.5 -2 0 0 4166
2 13 31 5.09975 0.45381 0.233856 0.834876 3523
2 13 32 1.5 -2 0 0 3505
2 13 33 1.5 -2 0 0 3690
2 13 34 5.5 -2 0 0 5259
2 13 35 1.5 -2 0 0 3414
2 13 36 1.5 -2 0 0 4032
2 13 37 5.34614 0.307995 0.219045 0.790954 4412
2 13 38 1.5 -2 0 0 3113
2 13 39 1.5 -2 0 0 3411
2 13 40 1.5 -2 0 0 4287
2 13 41 5.5 -2 0 0 3338
2 13 42 5.5 -2 0 0 3881
2 13 43 5.5 -2 0 0 4713
2 13 44 5.5 -2 0 0 2972
2 13 45 1.5 -2 0 0 3538
2 13 46 5.69986 0.501916 0.233104 0.835652 4894
2 13 47 1.5 -2 0 0 3047
2 13 48 5.5 -2 0 0 3763
2 13 49 5.5 -2 0 0 4194
2 13 50 5.5 -2 0 0 3410
2 13 51 5.5 -2 0 0 4079
2 13 52 5.5 -2 0 0 4334
2 13 53 1.5 -2 0 0 3177
2 13 54 1.5 -2 0 0 3756
2 13 55 1.5 -2 0 0 3897
2 13 56 1.5 -2 0 0 4071
2 13 57 1.5 -2 0 0 3813
2 13 58 1.5 -2 0 0 3757
2 13 59 5.5 -2 0 0 4588
2 13 60 1.5 -2 0 0 3398
2 13 61 5.5 -2 0 0 4450
2 13 62 1.5 -2 0 0 4289
2 13 63 1.5 -2 0 0 3860
2 14 0 5.5 -2 0 0 5897
2 14 1 1.5 -2 0 0 5459
2 14 2 5.5 -2 0 0 5147
2 14 3 1.5 -2 0 0 4047
2 14 4 1.5 -2 0 0 4165
2 14 5 1.5 -2 0 0 4569
2 14 6 1.5 -2 0 0 4904
2 14 7 5.5 -2 0 0 3966
2 14 8 1.5 -2 0 0 4677
2 14 9 5.57718 0.369796 0.268988 0.537202 4344
2 14 10 5.5 -2 0 0 4271
2 14 11 1.5 -2 0 0 4412
2 14 12 1.5 -2 0 0 4221
2 14 13 5.5 -2 0 0 3652
2 14 14 1.5 -2 0 0 5277
2 14 15 1.5 -2 0 0 3717
2 14 16 5.5 -2 0 0 4359
2 14 17 5.58271 0.442357 0.179204 0.859726 4505
2 14 18 5.5 -2 0 0 4158
2 14 19 5.5 -2 0 0 4005
2 14 20 1.5 -2 0 0 3836
2 14 21 5.5 -2 0 0 4747
2 14 22 1.5 -2 0 0 3730
2 14 23 1.5 -2 0 0 4008
2 14 24 5.5 -2 0 0 4845
2 14 25 5.5 -2 0 0 3502
2 14 26 5.5 -2 0 0 5026
2 14 27 1.5 -2 0 0 3540
2 14 28 1.5 -2 0 0 3297
2 14 29 5.5 -2 0 0 4187
2 14 30 1.5 -2 0 0 3575
2 14 31 5.5 -2 0 0 3096
2 14 32 1.5 -2 0 0 2980
2 14 33 5.5 -2 0 0 3251
2 14 34 1.5 -2 0 0 4457
2 14 35 5.5 -2 0 0 2837
2 14 36 9.5 -2 0 0 3422
2 14 37 5.5 -2 0 0 3675
2 14 38 5.5 -2 0 0 2581
2 14 39 1.5 -2 0 0 2629
2 14 40 1.5 -2 0 0 3425
2 14 41 1.5 -2 0 0 2693
2 14 42 5.47215 0.517464 0.201747 0.170736 3045
2 14 43 1.5 -2 0 0 3799
2 14 44 5.5 -2 0 0 2394
2 14 45 5.5 -2 0 0 2854
2 14 46 5.5 -2 0 0 4128
2 14 47 1.5 -2 0 0 825
2 14 48 1.5 -2 0 0 2919
2 14 49 1.5 -2 0 0 3260
2 14 50 1.5 -2 0 0 2643
2 14 51 5.5 -2 0 0 2854
2 14 52 5.5 -2 0 0 3384
2 14 53 1.5 -2 0 0 2404
2 14 54 1.5 -2 0 0 2806
2 14 55 5.5 -2 0 0 3037
2 14 56 1.5 -2 0 0 2713
2 14 57 1.5 -2 0 0 2852
2 14 58 1.5 -2 0 0 2765
2 14 59 1.5 -2 0 0 3631
2 14 60 1.5 -2 0 0 2493
2 14 61 1.5 -2 0 0 2972
2 14 62 1.5 -2 0 0 3174
2 14 63 1.5 -2 0 0 2939
2 15 0 1.5 -2 0 0 3003
2 15 1 4.76116 0.323285 0.28274 1.23027 2955
2 15 2 1.5 -2 0 0 2730
2 15 3 1.5 -2 0 0 2325
2 15 4 1.5 -2 0 0 2940
2 15 5 5.5 -2 0 0 2726
2 15 6 5.5 -2 0 0 2546
2 15 7 1.5 -2 0 0 2162
2 15 8 1.5 -2 0 0 2815
2 15 9 5.5 -2 0 0 2331
2 15 10 5.5 -2 0 0 2093
2 15 11 1.5 -2 0 0 3079
2 15 12 1.5 -2 0 0 2474
2 15 13 5.5 -2 0 0 2440
2 15 14 1.5 -2 0 0 3217
2 15 15 1.5 -2 0 0 2764
2 15 16 1.5 -2 0 0 1903
2 15 17 1.5 -2 0 0 3279
2 15 18 5.5 -2 0 0 2844
2 15 19 1.5 -2 0 0 2569
2 15 20 1.5 -2 0 0 3257
2 15 21 1.5 -2 0 0 2426
2 15 22 9.5 -2 0 0 2207
2 15 23 1.5 -2 0 0 3329
2 15 24 1.5 -2 0 0 2892
2 15 25 5.5 -2 0 0 2839
2 15 26 5.07757 0.328861 0.277245 0.597332 3699
2 15 27 1.5 -2 0 0 2985
2 15 28 5.5 -2 0 0 2728
2 15 29 5.5 -2 0 0 3650
2 15 30 1.5 -2 0 0 3158
2 15 31 5.5 -2 0 0 2999
2 15 32 5.5 -2 0 0 2974
2 15 33 1.5 -2 0 0 3338
2 15 34 5.5 -2 0 0 3859
2 15 35 1.5 -2 0 0 3223
2 15 36 5.5 -2 0 0 3430
2 15 37 5.5 -2 0 0 3817
2 15 38 1.5 -2 0 0 3434
2 15 39 1.5 -2 0 0 4601
2 15 40 1.5 -2 0 0 3724
2 15 41 1.5 -2 0 0 3248
2 15 42 1.5 -2 0 0 3965
2 15 43 1.5 -2 0 0 3973
2 15 44 1.5 -2 0 0 3551
2 15 45 1.5 -2 0 0 3611
2 15 46 5.5 -2 0 0 4357
2 15 47 5.5 -2 0 0 3783
2 15 48 5.5 -2 0 0 3800
2 15 49 1.5 -2 0 0 4251
2 15 50 1.5 -2 0 0 3861
2 15 51 5.5 -2 0 0 5247
2 15 52 9.5 -2 0 0 4411
2 15 53 1.5 -2 0 0 3970
2 15 54 1.5 -2 0 0 4014
2 15 55 1.5 -2 0 0 4716
2 15 56 5.5 -2 0 0 4836
2 15 57 1.5 -2 0 0 5187
2 15 58 5.5 -2 0 0 4456
2 15 59 1.5 -2 0 0 4672
2 15 60 5.5 -2 0 0 4325
2 15 61 1.5 -2 0 0 5774
2 15 62 1.5 -2 0 0 5001
2 15 63 1.5 -2 0 0 4539
3 0 0 1.5 -2 0 0 628
3 0 1 1.5 -2 0 0 536
3 0 2 1.5 -2 0 0 500
3 0 3 5.5 -2 0 0 407
3 0 4 1.5 -2 0 0 449
3 0 5 1.5 -2 0 0 485
3 0 6 5.5 -2 0 0 490
3 0 7 5.84215 0.351272 0.105914 0.0628226 516
3 0 8 1.5 -2 0 0 541
3 0 9 5.5 -2 0 0 561
3 0 10 1.5 -2 0 0 533
3 0 11 1.5 -2 0 0 549
3 0 12 5.42811 0.523792 0.260087 0.348941 493
3 0 13 1.5 -2 0 0 445
3 0 14 5.5 -2 0 0 569
3 0 15 5.5 -2 0 0 499
3 0 16 9.5 -2 0 0 511
3 0 17 5.5 -2 0 0 551
3 0 18 1.5 -2 0 0 468
3 0 19 5.5 -2 0 0 487
3 0 20 4.60523 0.452908 0.217933 0.420512 522
3 0 21 4.82813 0.437917 0.20585 0.208551 503
3 0 22 1.5 -2 0 0 429
3 0 23 5.5 -2 0 0 569
3 0 24 5.5 -2 0 0 528
3 0 25 5.5 -2 0 0 572
3 0 26 5.5 -2 0 0 577
3 0 27 5.01223 0.481156 0.272368 0.279668 446
3 0 28 5.5 -2 0 0 486
3 0 29 1.5 -2 0 0 513
3 0 30 1.5 -2 0 0 516
3 0 31 1.5 -2 0 0 485
3 0 32 5.5 -2 0 0 504
3 0 33 5.5 -2 0 0 512
3 0 34 5.5 -2 0 0 619
3 0 35 5.5 -2 0 0 516
3 0 36 1.5 -2 0 0 515
3 0 37 5.5 -2 0 0 659
3 0 38 5.5 -2 0 0 602
3 0 39 5.5 -2 0 0 618
3 0 40 5.61388 0.460783 0.228409 0.405342 537
3 0 41 6.06276 0.521277 0.272865 0.350813 536
3 0 42 1.5 -2 0 0 568
3 0 43 5.5 -2 0 0 593
3 0 44 5.5 -2 0 0 551
3 0 45 5.5 -2 0 0 537
3 0 46 1.5 -2 0 0 619
3 0 47 1.5 -2 0 0 684
3 0 48 1.5 -2 0 0 529
3 0 49 1.5 -2 0 0 575
3 0 50 1.5 -2 0 0 538
3 0 51 4.82905 0.419001 0.223183 0.181158 731
3 0 52 1.5 -2 0 0 632
3 0 53 1.5 -2 0 0 590
3 0 54 1.5 -2 0 0 609
3 0 55 1.5 -2 0 0 638
3 0 56 5.5 -2 0 0 652
3 0 57 1.5 -2 0 0 662
3 0 58 5.5 -2 0 0 626
3 0 59 1.5 -2 0 0 692
3 0 60 5.5 -2 0 0 653
3 0 61 5.5 -2 0 0 789
3 0 62 1.5 -2 0 0 708
3 0 63 1.5 -2 0 0 661
3 1 0 5.5 -2 0 0 778
3 1 1 5.5 -2 0 0 776
3 1 2 1.5 -2 0 0 763
3 1 3 5.5 -2 0 0 790
3 1 4 5.5 -2 0 0 704
3 1 5 5.5 -2 0 0 700
3 1 6 1.5 -2 0 0 862
3 1 7 5.5 -2 0 0 932
3 1 8 1.5 -2 0 0 750
3 1 9 1.5 -2 0 0 815
3 1 10 1.5 -2 0 0 877
3 1 11 5.5 -2 0 0 690
3 1 12 5.5 -2 0 0 721
3 1 13 5.5 -2 0 0 785
3 1 14 1.5 -2 0 0 678
3 1 15 1.5 -2 0 0 744
3 1 16 5.5 -2 0 0 1101
3 1 17 5.5 -2 0 0 672
3 1 18 5.5 -2 0 0 696
3 1 19 5.5 -2 0 0 888
3 1 20 1.5 -2 0 0 664
3 1 21 1.5 -2 0 0 835
3 1 22 1.5 -2 0 0 794
3 1 23 1.5 -2 0 0 670
3 1 24 1.5 -2 0 0 734
3 1 25 1.5 -2 0 0 789
3 1 26 1.5 -2 0 0 668
3 1 27 5.5 -2 0 0 672
3 1 28 1.5 -2 0 0 675
3 1 29 1.5 -2 0 0 649
3 1 30 1.5 -2 0 0 698
3 1 31 5.5 -2 0 0 746
3 1 32 5.5 -2 0 0 708
3 1 33 5.5 -2 0 0 605
3 1 34 5.15253 0.476125 0.143607 0.358794 693
3 1 35 5.5 -2 0 0 726
3 1 36 4.72806 0.449274 0.30632 0.229379 649
3 1 37 1.5 -2 0 0 625
3 1 38 5.5 -2 0 0 700
3 1 39 1.5 -2 0 0 579
3 1 40 5.5 -2 0 0 639
3 1 41 1.5 -2 0 0 641
3 1 42 5.5 -2 0 0 525
3 1 43 5.5 -2 0 0 621
3 1 44 4.64854 0.297123 0.1 0.893652 623
3 1 45 1.5 -2 0 0 627
3 1 46 5.5 -2 0 0 638
3 1 47 5.5 -2 0 0 719
3 1 48 1.5 -2 0 0 667
3 1 49 5.5 -2 0 0 554
3 1 50 1.5 -2 0 0 651
3 1 51 5.5 -2 0 0 675
3 1 52 5.5 -2 0 0 553
3 1 53 1.5 -2 0 0 631
3 1 54 1.5 -2 0 0 589
3 1 55 1.5 -2 0 0 528
3 1 56 1.5 -2 0 0 602
3 1 57 1.5 -2 0 0 604
3 1 58 1.5 -2 0 0 567
3 1 59 1.5 -2 0 0 574
3 1 60 1.5 -2 0 0 676
3 1 61 1.5 -2 0 0 567
3 1 62 1.5 -2 0 0 578
3 1 63 1.5 -2 0 0 571
3 2 0 1.5 -2 0 0 841
3 2 1 5.5 -2 0 0 806
3 2 2 1.5 -2 0 0 684
3 2 3 5.5 -2 0 0 648
3 2 4 1.5 -2 0 0 698
3 2 5 1.5 -2 0 0 686
3 2 6 1.5 -2 0 0 731
3 2 7 1.5 -2 0 0 575
3 2 8 1.5 -2 0 0 637
3 2 9 5.5 -2 0 0 623
3 2 10 5.5 -2 0 0 610
3 2 11 5.5 -2 0 0 741
3 2 12 1.5 -2 0 0 636
3 2 13 1.5 -2 0 0 606
3 2 14 1.5 -2 0 0 793
3 2 15 1.5 -2 0 0 669
3 2 16 5.5 -2 0 0 629
3 2 17 1.5 -2 0 0 777
3 2 18 5.5 -2 0 0 651
3 2 19 1.5 -2 0 0 653
3 2 20 4.96591 0.442541 0.162549 0.378426 709
3 2 21 5.5 -2 0 0 655
3 2 22 5.5 -2 0 0 598
3 2 23 1.5 -2 0 0 717
3 2 24 1.5 -2 0 0 779
3 2 25 5.5 -2 0 0 687
3 2 26 1.5 -2 0 0 815
3 2 27 1.5 -2 0 0 700
3 2 28 1.5 -2 0 0 626
3 2 29 5.5 -2 0 0 807
3 2 30 1.5 -2 0 0 725
3 2 31 6.19686 0.457173 0.186546 0.587935 649
3 2 32 5.5 -2 0 0 667
3 2 33 1.5 -2 0 0 715
3 2 34 5.5 -2 0 0 879
3 2 35 1.5 -2 0 0 698
3 2 36 1.5 -2 0 0 674
3 2 37 1.5 -2 0 0 805
3 2 38 1.5 -2 0 0 735
3 2 39 5.5 -2 0 0 838
3 2 40 6.74219 0.524376 0.151155 0.280541 754
3 2 41 5.5 -2 0 0 647
3 2 42 5.5 -2 0 0 761
3 2 43 5.5 -2 0 0 878
3 2 44 1.5 -2 0 0 668
3 2 45 5.5 -2 0 0 691
3 2 46 5.5 -2 0 0 993
3 2 47 1.5 -2 0 0 783
3 2 48 5.5 -2 0 0 793
3 2 49 1.5 -2 0 0 901
3 2 50 5.5 -2 0 0 736
3 2 51 1.5 -2 0 0 1159
3 2 52 1.5 -2 0 0 935
3 2 53 1.5 -2 0 0 812
3 2 54 1.5 -2 0 0 737
3 2 55 1.5 -2 0 0 925
3 2 56 1.5 -2 0 0 941
3 2 57 1.5 -2 0 0 1026
3 2 58 1.5 -2 0 0 816
3 2 59 1.5 -2 0 0 1000
3 2 60 1.5 -2 0 0 816
3 2 61 1.5 -2 0 0 1271
3 2 62 1.5 -2 0 0 1096
3 2 63 5.5 -2 0 0 809
3 3 0 5.5 -2 0 0 1116
3 3 1 5.5 -2 0 0 1415
3 3 2 4.88002 0.215443 0.1 0.102029 1368
3 3 3 5.5 -2 0 0 1775
3 3 4 5.5 -2 0 0 1146
3 3 5 5.5 -2 0 0 1239
3 3 6 5.5 -2 0 0 1431
3 3 7 1.5 -2 0 0 2213
3 3 8 5.5 -2 0 0 1135
3 3 9 1.5 -2 0 0 1724
3 3 10 5.5 -2 0 0 2325
3 3 11 5.5 -2 0 0 1112
3 3 12 5.5 -2 0 0 1310
3 3 13 6.39369 0.574606 0.159187 0.0946454 1736
3 3 14 5.5 -2 0 0 1110
3 3 15 6.64642 0.492978 0.167218 0.506382 1393
3 3 16 6.60633 0.463532 0.310949 0.505247 2677
3 3 17 5.5 -2 0 0 996
3 3 18 5.5 -2 0 0 1232
3 3 19 5.5 -2 0 0 1731
3 3 20 5.5 -2 0 0 957
3 3 21 5.5 -2 0 0 1909
3 3 22 5.5 -2 0 0 1590
3 3 23 5.5 -2 0 0 1140
3 3 24 5.5 -2 0 0 1067
3 3 25 5.5 -2 0 0 1474
3 3 26 5.5 -2 0 0 953
3 3 27 5.5 -2 0 0 1274
3 3 28 5.5 -2 0 0 1220
3 3 29 5.5 -2 0 0 1129
3 3 30 5.5 -2 0 0 1145
3 3 31 5.5 -2 0 0 1573
3 3 32 1.5 -2 0 0 1197
3 3 33 5.5 -2 0 0 1270
3 3 34 5.33636 0.495771 0.172445 0.245329 824
3 3 35 5.5 -2 0 0 1189
3 3 36 1.5 -2 0 0 1103
3 3 37 5.5 -2 0 0 925
3 3 38 5.85722 0.463891 0.369518 0.410616 1246
3 3 39 5.5 -2 0 0 741
3 3 40 5.5 -2 0 0 1053
3 3 41 1.5 -2 0 0 1069
3 3 42 5.5 -2 0 0 819
3 3 43 5.5 -2 0 0 755
3 3 44 5.5 -2 0 0 1099
3 3 45 5.5 -2 0 0 981
3 3 46 5.5 -2 0 0 820
3 3 47 1.5 -2 0 0 1037
3 3 48 1.5 -2 0 0 903
3 3 49 5.5 -2 0 0 905
3 3 50 5.5 -2 0 0 881
3 3 51 5.5 -2 0 0 674
3 3 52 1.5 -2 0 0 846
3 3 53 1.5 -2 0 0 910
3 3 54 1.5 -2 0 0 1017
3 3 55 5.5 -2 0 0 820
3 3 56 5.5 -2 0 0 706
3 3 57 1.5 -2 0 0 826
3 3 58 5.5 -2 0 0 934
3 3 59 5.5 -2 0 0 824
3 3 60 5.5 -2 0 0 946
3 3 61 1.5 -2 0 0 701
3 3 62 1.5 -2 0 0 789
3 3 63 1.5 -2 0 0 732
3 4 0 1.5 -2 0 0 1450
3 4 1 5.64593 0.41383 0.20586 0.233602 1149
3 4 2 1.5 -2 0 0 999
3 4 3 5.5 -2 0 0 689
3 4 4 5.5 -2 0 0 934
3 4 5 1.5 -2 0 0 901
3 4 6 1.5 -2 0 0 773
3 4 7 1.5 -2 0 0 670
3 4 8 1.5 -2 0 0 1026
3 4 9 1.5 -2 0 0 874
3 4 10 1.5 -2 0 0 837
3 4 11 1.5 -2 0 0 1048
3 4 12 1.5 -2 0 0 830
3 4 13 1.5 -2 0 0 756
3 4 14 1.5 -2 0 0 1254
3 4 15 5.5 -2 0 0 715
3 4 16 1.5 -2 0 0 714
3 4 17 1.5 -2 0 0 1071
3 4 18 5.5 -2 0 0 849
3 4 19 1.5 -2 0 0 825
3 4 20 5.5 -2 0 0 876
3 4 21 1.5 -2 0 0 756
3 4 22 5.5 -2 0 0 812
3 4 23 1.5 -2 0 0 1130
3 4 24 5.5 -2 0 0 1159
3 4 25 1.5 -2 0 0 819
3 4 26 5.5 -2 0 0 1435
3 4 27 5.5 -2 0 0 809
3 4 28 5.5 -2 0 0 736
3 4 29 1.5 -2 0 0 1210
3 4 30 5.5 -2 0 0 758
3 4 31 1.5 -2 0 0 728
3 4 32 1.5 -2 0 0 786
3 4 33 1.5 -2 0 0 841
3 4 34 5.5 -2 0 0 1458
3 4 35 1.5 -2 0 0 772
3 4 36 4.98458 0.355398 0.161577 0.348064 916
3 4 37 5.5 -2 0 0 1057
3 4 38 1.5 -2 0 0 848
3 4 39 1.5 -2 0 0 917
3 4 40 1.5 -2 0 0 875
3 4 41 1.5 -2 0 0 740
3 4 42 5.5 -2 0 0 958
3 4 43 1.5 -2 0 0 1203
3 4 44 5.5 -2 0 0 848
3 4 45 1.5 -2 0 0 767
3 4 46 5.5 -2 0 0 1558
3 4 47 1.5 -2 0 0 844
3 4 48 5.70476 0.306591 0.121841 0.108352 848
3 4 49 4.69841 0.465606 0.178253 0.274173 1141
3 4 50 5.5 -2 0 0 867
3 4 51 5.5 -2 0 0 1255
3 4 52 1.5 -2 0 0 1183
3 4 53 5.5 -2 0 0 801
3 4 54 1.5 -2 0 0 794
3 4 55 1.5 -2 0 0 1247
3 4 56 1.5 -2 0 0 1016
3 4 57 1.5 -2 0 0 1274
3 4 58 1.5 -2 0 0 986
3 4 59 1.5 -2 0 0 1358
3 4 60 1.5 -2 0 0 848
3 4 61 1.5 -2 0 0 1578
3 4 62 5.5 -2 0 0 1434
3 4 63 1.5 -2 0 0 1045
3 5 0 5.74873 0.471104 0.278671 0.32737 1739
3 5 1 5.60339 0.341612 0.167481 0.702772 1787
3 5 2 1.5 -2 0 0 2089
3 5 3 1.5 -2 0 0 2716
3 5 4 1.5 -2 0 0 2243
3 5 5 5.5 -2 0 0 2258
3 5 6 5.5 -2 0 0 2404
3 5 7 5.5 -2 0 0 3485
3 5 8 1.5 -2 0 0 2039
3 5 9 5.5 -2 0 0 2994
3 5 10 1.5 -2 0 0 3353
3 5 11 5.5 -2 0 0 1901
3 5 12 5.5 -2 0 0 2370
3 5 13 1.5 -2 0 0 2936
3 5 14 1.5 -2 0 0 1587
3 5 15 1.5 -2 0 0 2605
3 5 16 5.5 -2 0 0 4034
3 5 17 1.5 -2 0 0 1682
3 5 18 5.5 -2 0 0 2290
3 5 19 1.5 -2 0 0 4200
3 5 20 5.5 -2 0 0 2197
3 5 21 5.5 -2 0 0 2650
3 5 22 1.5 -2 0 0 3296
3 5 23 1.5 -2 0 0 1833
3 5 24 1.5 -2 0 0 1839
3 5 25 1.5 -2 0 0 3349
3 5 26 1.5 -2 0 0 1630
3 5 27 1.5 -2 0 0 2805
3 5 28 1.5 -2 0 0 2816
3 5 29 1.5 -2 0 0 1788
3 5 30 1.5 -2 0 0 2352
3 5 31 1.5 -2 0 0 3446
3 5 32 1.5 -2 0 0 2696
3 5 33 1.5 -2 0 0 2474
3 5 34 1.5 -2 0 0 1651
3 5 35 1.5 -2 0 0 3262
3 5 36 1.5 -2 0 0 2374
3 5 37 1.5 -2 0 0 1778
3 5 38 1.5 -2 0 0 3101
3 5 39 5.5 -2 0 0 2157
3 5 40 1.5 -2 0 0 2132
3 5 41 1.5 -2 0 0 2538
3 5 42 4.6582 0.132046 0.1 0.806164 2013
3 5 43 5.5 -2 0 0 1686
3 5 44 5.5 -2 0 0 2528
3 5 45 5.5 -2 0 0 2141
3 5 46 1.5 -2 0 0 1566
3 5 47 5.5 -2 0 0 3070
3 5 48 1.5 -2 0 0 2144
3 5 49 1.5 -2 0 0 1703
3 5 50 1.5 -2 0 0 2395
3 5 51 1.5 -2 0 0 1563
3 5 52 1.5 -2 0 0 1503
3 5 53 1.5 -2 0 0 2256
3 5 54 1.5 -2 0 0 1952
3 5 55 1.5 -2 0 0 1420
3 5 56 1.5 -2 0 0 1896
3 5 57 1.5 -2 0 0 1814
3 5 58 1.5 -2 0 0 1624
3 5 59 1.5 -2 0 0 1334
3 5 60 1.5 -2 0 0 2014
3 5 61 1.5 -2 0 0 1526
3 5 62 1.5 -2 0 0 1464
3 5 63 1.5 -2 0 0 1553
3 6 0 1.5 -2 0 0 1608
3 6 1 1.5 -2 0 0 1274
3 6 2 1.5 -2 0 0 1106
3 6 3 1.5 -2 0 0 807
3 6 4 1.5 -2 0 0 932
3 6 5 1.5 -2 0 0 887
3 6 6 5.5 -2 0 0 976
3 6 7 5.5 -2 0 0 811
3 6 8 5.5 -2 0 0 1126
3 6 9 5.5 -2 0 0 817
3 6 10 1.5 -2 0 0 819
3 6 11 5.5 -2 0 0 1022
3 6 12 1.5 -2 0 0 903
3 6 13 5.5 -2 0 0 711
3 6 14 5.5 -2 0 0 1521
3 6 15 1.5 -2 0 0 777
3 6 16 5.5 -2 0 0 902
3 6 17 5.5 -2 0 0 1229
3 6 18 4.87422 0.39164 0.214289 0.587747 823
3 6 19 1.5 -2 0 0 835
3 6 20 1.5 -2 0 0 837
3 6 21 5.5 -2 0 0 918
3 6 22 1.5 -2 0 0 813
3 6 23 5.5 -2 0 0 931
3 6 24 6.10418 0.60237 0.144323 0.381674 1184
3 6 25 5.5 -2 0 0 826
3 6 26 1.5 -2 0 0 1280
3 6 27 5.5 -2 0 0 767
3 6 28 1.5 -2 0 0 753
3 6 29 5.5 -2 0 0 1116
3 6 30 1.5 -2 0 0 855
3 6 31 1.5 -2 0 0 788
3 6 32 1.5 -2 0 0 690
3 6 33 5.5 -2 0 0 738
3 6 34 5.5 -2 0 0 1286
3 6 35 1.5 -2 0 0 632
3 6 36 9.5 -2 0 0 763
3 6 37 5.5 -2 0 0 823
3 6 38 5.5 -2 0 0 744
3 6 39 1.5 -2 0 0 754
3 6 40 1.5 -2 0 0 789
3 6 41 5.5 -2 0 0 638
3 6 42 1.5 -2 0 0 830
3 6 43 5.5 -2 0 0 1017
3 6 44 5.5 -2 0 0 706
3 6 45 5.48423 0.467226 0.153011 0.26216 763
3 6 46 1.5 -2 0 0 1213
3 6 47 5.5 -2 0 0 683
3 6 48 5.5 -2 0 0 837
3 6 49 5.5 -2 0 0 889
3 6 50 1.5 -2 0 0 687
3 6 51 5.5 -2 0 0 971
3 6 52 1.5 -2 0 0 856
3 6 53 5.5 -2 0 0 621
3 6 54 5.5 -2 0 0 660
3 6 55 5.5 -2 0 0 955
3 6 56 1.5 -2 0 0 793
3 6 57 1.5 -2 0 0 803
3 6 58 4.61634 0.409863 0.29601 0.485304 769
3 6 59 1.5 -2 0 0 1152
3 6 60 1.5 -2 0 0 751
3 6 61 1.5 -2 0 0 1014
3 6 62 1.5 -2 0 0 960
3 6 63 1.5 -2 0 0 821
3 7 0 1.5 -2 0 0 924
3 7 1 5.5 -2 0 0 1220
3 7 2 1.5 -2 0 0 1019
3 7 3 5.5 -2 0 0 1832
3 7 4 1.5 -2 0 0 1310
3 7 5 1.5 -2 0 0 1185
3 7 6 5.5 -2 0 0 1427
3 7 7 5.5 -2 0 0 1902
3 7 8 1.5 -2 0 0 1139
3 7 9 1.5 -2 0 0 1417
3 7 10 1.5 -2 0 0 1542
3 7 11 1.5 -2 0 0 1151
3 7 12 1.5 -2 0 0 1355
3 7 13 1.5 -2 0 0 1684
3 7 14 4.79099 0.308321 0.1 0.622265 1047
3 7 15 5.5 -2 0 0 1498
3 7 16 5.77734 0.305854 0.267027 0.458741 2288
3 7 17 4.99126 0.47247 0.197397 0.242684 986
3 7 18 5.5 -2 0 0 1430
3 7 19 1.5 -2 0 0 2585
3 7 20 1.5 -2 0 0 1776
3 7 21 1.5 -2 0 0 1567
3 7 22 1.5 -2 0 0 1674
3 7 23 1.5 -2 0 0 1389
3 7 24 5.5 -2 0 0 1215
3 7 25 1.5 -2 0 0 2334
3 7 26 5.5 -2 0 0 1260
3 7 27 1.5 -2 0 0 1976
3 7 28 5.5 -2 0 0 2236
3 7 29 5.5 -2 0 0 1186
3 7 30 1.5 -2 0 0 1564
3 7 31 5.5 -2 0 0 2802
3 7 32 1.5 -2 0 0 2145
3 7 33 1.5 -2 0 0 1942
3 7 34 1.5 -2 0 0 1375
3 7 35 5.5 -2 0 0 2905
3 7 36 5.5 -2 0 0 1815
3 7 37 5.5 -2 0 0 1510
3 7 38 1.5 -2 0 0 3082
3 7 39 5.5 -2 0 0 2544
3 7 40 1.5 -2 0 0 1536
3 7 41 4.68696 0.466645 0.739286 0.580463 2462
3 7 42 5.5 -2 0 0 1929
3 7 43 5.47167 0.493461 0.143149 0.421449 1236
3 7 44 5.5 -2 0 0 2649
3 7 45 1.5 -2 0 0 2251
3 7 46 1.5 -2 0 0 1204
3 7 47 1.5 -2 0 0 3643
3 7 48 5.5 -2 0 0 1997
3 7 49 1.5 -2 0 0 1510
3 7 50 1.5 -2 0 0 2274
3 7 51 5.5 -2 0 0 1911
3 7 52 5.5 -2 0 0 1478
3 7 53 1.5 -2 0 0 3188
3 7 54 1.5 -2 0 0 2092
3 7 55 5.5 -2 0 0 1437
3 7 56 1.5 -2 0 0 2066
3 7 57 1.5 -2 0 0 1942
3 7 58 1.5 -2 0 0 1844
3 7 59 1.5 -2 0 0 1590
3 7 60 5.5 -2 0 0 2872
3 7 61 6.17186 0.582379 0.342157 0.446195 1550
3 7 62 5.5 -2 0 0 1454
3 7 63 1.5 -2 0 0 2055
3 8 0 4.86636 0.46106 0.23746 0.34252 767
3 8 1 5.5 -2 0 0 756
3 8 2 1.5 -2 0 0 718
3 8 3 1.5 -2 0 0 664
3 8 4 1.5 -2 0 0 710
3 8 5 1.5 -2 0 0 781
3 8 6 5.5 -2 0 0 686
3 8 7 1.5 -2 0 0 671
3 8 8 1.5 -2 0 0 736
3 8 9 5.5 -2 0 0 764
3 8 10 1.5 -2 0 0 693
3 8 11 5.06268 0.452817 0.262238 0.425093 746
3 8 12 5.21973 0.469076 0.190969 0.161724 717
3 8 13 5.06925 0.454259 0.230954 0.265502 699
3 8 14 1.5 -2 0 0 819
3 8 15 5.34804 0.490742 0.155813 0.498313 728
3 8 16 5.64033 0.40568 0.203692 0.468516 728
3 8 17 5.75594 0.514723 0.231443 0.237276 766
3 8 18 1.5 -2 0 0 656
3 8 19 1.5 -2 0 0 761
3 8 20 5.5 -2 0 0 795
3 8 21 5.5 -2 0 0 701
3 8 22 1.5 -2 0 0 640
3 8 23 5.5 -2 0 0 803
3 8 24 5.5 -2 0 0 741
3 8 25 1.5 -2 0 0 795
3 8 26 5.5 -2 0 0 864
3 8 27 5.5 -2 0 0 746
3 8 28 5.5 -2 0 0 775
3 8 29 1.5 -2 0 0 796
3 8 30 5.48361 0.513814 0.133868 0.350877 750
3 8 31 5.5 -2 0 0 847
3 8 32 5.5 -2 0 0 758
3 8 33 5.33126 0.420397 0.283216 0.338597 745
3 8 34 5.5 -2 0 0 874
3 8 35 5.5 -2 0 0 857
3 8 36 5.5 -2 0 0 776
3 8 37 1.5 -2 0 0 840
3 8 38 1.5 -2 0 0 1030
3 8 39 5.5 -2 0 0 1117
3 8 40 5.5 -2 0 0 770
3 8 41 1.5 -2 0 0 881
3 8 42 5.5 -2 0 0 912
3 8 43 5.5 -2 0 0 905
3 8 44 5.5 -2 0 0 793
3 8 45 5.5 -2 0 0 821
3 8 46 5.5 -2 0 0 879
3 8 47 5.5 -2 0 0 1165
3 8 48 5.5 -2 0 0 930
3 8 49 5.5 -2 0 0 923
3 8 50 4.85718 0.243144 0.1 0.430497 913
3 8 51 1.5 -2 0 0 1140
3 8 52 5.5 -2 0 0 928
3 8 53 1.5 -2 0 0 1045
3 8 54 1.5 -2 0 0 1026
3 8 55 5.5 -2 0 0 1086
3 8 56 5.25447 0.385343 0.318054 0.0863495 1223
3 8 57 1.5 -2 0 0 1101
3 8 58 5.5 -2 0 0 930
3 8 59 1.5 -2 0 0 998
3 8 60 1.5 -2 0 0 1056
3 8 61 1.5 -2 0 0 1232
3 8 62 1.5 -2 0 0 1106
3 8 63 5.5 -2 0 0 1000
3 9 0 1.5 -2 0 0 1117
3 9 1 1.5 -2 0 0 989
3 9 2 5.32069 0.46092 0.301521 0.268891 1138
3 9 3 1.5 -2 0 0 879
3 9 4 1.5 -2 0 0 736
3 9 5 1.5 -2 0 0 868
3 9 6 1.5 -2 0 0 1015
3 9 7 1.5 -2 0 0 799
3 9 8 1.5 -2 0 0 1083
3 9 9 1.5 -2 0 0 1105
3 9 10 1.5 -2 0 0 953
3 9 11 5.5 -2 0 0 896
3 9 12 1.5 -2 0 0 851
3 9 13 5.5 -2 0 0 872
3 9 14 1.5 -2 0 0 957
3 9 15 5.5 -2 0 0 768
3 9 16 5.5 -2 0 0 902
3 9 17 1.5 -2 0 0 874
3 9 18 4.6536 0.460425 0.180218 0.421427 874
3 9 19 5.5 -2 0 0 870
3 9 20 1.5 -2 0 0 706
3 9 21 1.5 -2 0 0 1049
3 9 22 1.5 -2 0 0 827
3 9 23 5.5 -2 0 0 711
3 9 24 1.5 -2 0 0 1068
3 9 25 5.5 -2 0 0 676
3 9 26 1.5 -2 0 0 928
3 9 27 1.5 -2 0 0 716
3 9 28 1.5 -2 0 0 699
3 9 29 5.5 -2 0 0 787
3 9 30 5.5 -2 0 0 691
3 9 31 5.5 -2 0 0 703
3 9 32 5.5 -2 0 0 637
3 9 33 5.5 -2 0 0 664
3 9 34 1.5 -2 0 0 868
3 9 35 5.5 -2 0 0 720
3 9 36 5.79747 0.448422 0.25613 0.616371 671
3 9 37 5.5 -2 0 0 568
3 9 38 5.5 -2 0 0 562
3 9 39 1.5 -2 0 0 631
3 9 40 5.5 -2 0 0 795
3 9 41 5.5 -2 0 0 548
3 9 42 1.5 -2 0 0 679
3 9 43 5.5 -2 0 0 791
3 9 44 1.5 -2 0 0 592
3 9 45 1.5 -2 0 0 723
3 9 46 1.5 -2 0 0 794
3 9 47 1.5 -2 0 0 620
3 9 48 1.5 -2 0 0 651
3 9 49 1.5 -2 0 0 690
3 9 50 1.5 -2 0 0 616
3 9 51 1.5 -2 0 0 711
3 9 52 1.5 -2 0 0 694
3 9 53 1.5 -2 0 0 730
3 9 54 1.5 -2 0 0 573
3 9 55 1.5 -2 0 0 736
3 9 56 1.5 -2 0 0 592
3 9 57 1.5 -2 0 0 629
3 9 58 1.5 -2 0 0 662
3 9 59 1.5 -2 0 0 712
3 9 60 1.5 -2 0 0 709
3 9 61 1.5 -2 0 0 604
3 9 62 1.5 -2 0 0 685
3 9 63 1.5 -2 0 0 595
3 10 0 5.5 -2 0 0 1462
3 10 1 1.5 -2 0 0 1396
3 10 2 1.5 -2 0 0 1311
3 10 3 1.5 -2 0 0 1365
3 10 4 1.5 -2 0 0 1290
3 10 5 1.5 -2 0 0 1301
3 10 6 1.5 -2 0 0 1200
3 10 7 1.5 -2 0 0 1286
3 10 8 1.5 -2 0 0 1228
3 10 9 1.5 -2 0 0 1075
3 10 10 5.5 -2 0 0 1033
3 10 11 1.5 -2 0 0 1439
3 10 12 1.5 -2 0 0 1115
3 10 13 1.5 -2 0 0 1243
3 10 14 1.5 -2 0 0 1592
3 10 15 1.5 -2 0 0 1338
3 10 16 1.5 -2 0 0 1086
3 10 17 1.5 -2 0 0 1523
3 10 18 1.5 -2 0 0 1399
3 10 19 1.5 -2 0 0 1533
3 10 20 1.5 -2 0 0 1756
3 10 21 1.5 -2 0 0 1097
3 10 22 1.5 -2 0 0 1083
3 10 23 1.5 -2 0 0 1707
3 10 24 1.5 -2 0 0 1325
3 10 25 1.5 -2 0 0 1347
3 10 26 5.5 -2 0 0 1584
3 10 27 1.5 -2 0 0 1376
3 10 28 5.5 -2 0 0 1310
3 10 29 1.5 -2 0 0 1743
3 10 30 1.5 -2 0 0 1411
3 10 31 5.5 -2 0 0 1847
3 10 32 1.5 -2 0 0 1731
3 10 33 1.5 -2 0 0 1490
3 10 34 1.5 -2 0 0 1968
3 10 35 5.5 -2 0 0 2156
3 10 36 1.5 -2 0 0 1904
3 10 37 1.5 -2 0 0 2099
3 10 38 1.5 -2 0 0 1992
3 10 39 1.5 -2 0 0 3154
3 10 40 5.5 -2 0 0 1752
3 10 41 1.5 -2 0 0 1562
3 10 42 5.5 -2 0 0 2280
3 10 43 1.5 -2 0 0 1886
3 10 44 1.5 -2 0 0 1910
3 10 45 5.5 -2 0 0 2121
3 10 46 1.5 -2 0 0 2032
3 10 47 1.5 -2 0 0 2487
3 10 48 1.5 -2 0 0 1762
3 10 49 1.5 -2 0 0 2346
3 10 50 5.5 -2 0 0 2394
3 10 51 1.5 -2 0 0 3086
3 10 52 1.5 -2 0 0 2164
3 10 53 1.5 -2 0 0 2357
3 10 54 1.5 -2 0 0 2000
3 10 55 1.5 -2 0 0 2525
3 10 56 1.5 -2 0 0 2814
3 10 57 5.5 -2 0 0 2906
3 10 58 1.5 -2 0 0 2285
3 10 59 1.5 -2 0 0 2417
3 10 60 9.5 -2 0 0 2884
3 10 61 1.5 -2 0 0 3256
3 10 62 5.5 -2 0 0 3004
3 10 63 1.5 -2 0 0 2270
3 11 0 1.5 -2 0 0 3156
3 11 1 5.5 -2 0 0 3530
3 11 2 1.5 -2 0 0 2979
3 11 3 1.5 -2 0 0 1880
3 11 4 1.5 -2 0 0 1999
3 11 5 1.5 -2 0 0 2142
3 11 6 5.5 -2 0 0 2842
3 11 7 1.5 -2 0 0 1789
3 11 8 5.5 -2 0 0 2342
3 11 9 5.5 -2 0 0 2515
3 11 10 1.5 -2 0 0 2289
3 11 11 5.5 -2 0 0 2027
3 11 12 5.5 -2 0 0 2243
3 11 13 5.5 -2 0 0 1874
3 11 14 5.5 -2 0 0 2422
3 11 15 1.5 -2 0 0 1724
3 11 16 5.5 -2 0 0 2389
3 11 17 5.5 -2 0 0 2192
3 11 18 5.5 -2 0 0 1848
3 11 19 1.5 -2 0 0 1766
3 11 20 1.5 -2 0 0 1625
3 11 21 5.5 -2 0 0 3215
3 11 22 5.5 -2 0 0 2305
3 11 23 4.90071 0.335532 0.721624 0.630751 2129
3 11 24 1.5 -2 0 0 2362
3 11 25 1.5 -2 0 0 1557
3 11 26 5.5 -2 0 0 2551
3 11 27 5.5 -2 0 0 1608
3 11 28 1.5 -2 0 0 1406
3 11 29 5.5 -2 0 0 1867
3 11 30 5.5 -2 0 0 1940
3 11 31 5.5 -2 0 0 1513
3 11 32 1.5 -2 0 0 1274
3 11 33 5.5 -2 0 0 1245
3 11 34 1.5 -2 0 0 2336
3 11 35 1.5 -2 0 0 1108
3 11 36 5.5 -2 0 0 1370
3 11 37 5.5 -2 0 0 1553
3 11 38 5.5 -2 0 0 988
3 11 39 5.5 -2 0 0 1140
3 11 40 5.5 -2 0 0 1515
3 11 41 5.5 -2 0 0 1210
3 11 42 5.5 -2 0 0 1346
3 11 43 1.5 -2 0 0 1618
3 11 44 5.5 -2 0 0 1019
3 11 45 5.07407 0.35179 0.365909 0.672005 1342
3 11 46 1.5 -2 0 0 1943
3 11 47 1.5 -2 0 0 936
3 11 48 1.5 -2 0 0 1207
3 11 49 5.5 -2 0 0 1399
3 11 50 5.5 -2 0 0 1325
3 11 51 5.5 -2 0 0 1122
3 11 52 1.5 -2 0 0 1482
3 11 53 5.5 -2 0 0 1004
3 11 54 5.5 -2 0 0 1070
3 11 55 1.5 -2 0 0 1336
3 11 56 1.5 -2 0 0 1162
3 11 57 5.5 -2 0 0 1183
3 11 58 1.5 -2 0 0 1140
3 11 59 5.5 -2 0 0 1503
3 11 60 5.5 -2 0 0 976
3 11 61 5.5 -2 0 0 1276
3 11 62 1.5 -2 0 0 1449
3 11 63 1.5 -2 0 0 1228
3 12 0 1.5 -2 0 0 4499
3 12 1 5.08038 0.470883 0.280068 0.538535 3965
3 12 2 1.5 -2 0 0 3933
3 12 3 5.5 -2 0 0 3547
3 12 4 5.5 -2 0 0 4121
3 12 5 1.5 -2 0 0 3854
3 12 6 1.5 -2 0 0 3757
3 12 7 1.5 -2 0 0 3302
3 12 8 5.5 -2 0 0 4102
3 12 9 5.5 -2 0 0 3472
3 12 10 5.5 -2 0 0 3288
3 12 11 1.5 -2 0 0 4032
3 12 12 5.5 -2 0 0 3275
3 12 13 5.5 -2 0 0 3243
3 12 14 1.5 -2 0 0 4249
3 12 15 1.5 -2 0 0 3717
3 12 16 5.5 -2 0 0 3311
3 12 17 5.5 -2 0 0 4345
3 12 18 1.5 -2 0 0 3927
3 12 19 1.5 -2 0 0 3356
3 12 20 1.5 -2 0 0 4133
3 12 21 1.5 -2 0 0 3512
3 12 22 5.98341 0.393708 0.204336 0.522723 2769
3 12 23 5.5 -2 0 0 4551
3 12 24 5.5 -2 0 0 4015
3 12 25 1.5 -2 0 0 3840
3 12 26 5.5 -2 0 0 4931
3 12 27 1.5 -2 0 0 3592
3 12 28 5.5 -2 0 0 3479
3 12 29 5.59861 0.465053 0.205398 0.454026 4593
3 12 30 5.5 -2 0 0 4197
3 12 31 5.5 -2 0 0 3991
3 12 32 4.77798 0.440629 0.22676 0.551521 3575
3 12 33 5.5 -2 0 0 4301
3 12 34 5.5 -2 0 0 4965
3 12 35 5.5 -2 0 0 4119
3 12 36 1.5 -2 0 0 4153
3 12 37 1.5 -2 0 0 4713
3 12 38 5.5 -2 0 0 4385
3 12 39 5.21145 0.412573 0.24742 0.103131 4957
3 12 40 1.5 -2 0 0 4477
3 12 41 5.5 -2 0 0 3930
3 12 42 5.5 -2 0 0 4388
3 12 43 5.5 -2 0 0 4887
3 12 44 5.5 -2 0 0 4160
3 12 45 5.5 -2 0 0 4187
3 12 46 1.5 -2 0 0 5269
3 12 47 5.5 -2 0 0 4490
3 12 48 1.5 -2 0 0 4295
3 12 49 5.5 -2 0 0 4670
3 12 50 5.5 -2 0 0 4433
3 12 51 5.15529 0.296631 0.333784 0.378829 5153
3 12 52 1.5 -2 0 0 5015
3 12 53 1.5 -2 0 0 4457
3 12 54 1.5 -2 0 0 4833
3 12 55 5.5 -2 0 0 4942
3 12 56 5.5 -2 0 0 5135
3 12 57 5.5 -2 0 0 5493
3 12 58 5.5 -2 0 0 4463
3 12 59 5.5 -2 0 0 5324
3 12 60 5.5 -2 0 0 4685
3 12 61 1.5 -2 0 0 6482
3 12 62 1.5 -2 0 0 5521
3 12 63 1.5 -2 0 0 5177
3 13 0 1.5 -2 0 0 6146
3 13 1 1.5 -2 0 0 4995
3 13 2 1.5 -2 0 0 5209
3 13 3 1.5 -2 0 0 4007
3 13 4 1.5 -2 0 0 4408
3 13 5 5.5 -2 0 0 4797
3 13 6 1.5 -2 0 0 4675
3 13 7 1.5 -2 0 0 3665
3 13 8 4.75094 0.31479 0.278233 0.660313 4861
3 13 9 5.5 -2 0 0 4514
3 13 10 1.5 -2 0 0 4011
3 13 11 5.82625 0.479594 0.159287 0.234515 4665
3 13 12 1.5 -2 0 0 4500
3 13 13 1.5 -2 0 0 3486
3 13 14 1.5 -2 0 0 5500
3 13 15 1.5 -2 0 0 4152
3 13 16 5.5 -2 0 0 4007
3 13 17 1.5 -2 0 0 5061
3 13 18 5.5 -2 0 0 4315
3 13 19 1.5 -2 0 0 3844
3 13 20 1.5 -2 0 0 4449
3 13 21 5.5 -2 0 0 4736
3 13 22 1.5 -2 0 0 3889
3 13 23 5.5 -2 0 0 4591
3 13 24 1.5 -2 0 0 5005
3 13 25 1.5 -2 0 0 3954
3 13 26 5.5 -2 0 0 5542
3 13 27 1.5 -2 0 0 3971
3 13 28 5.5 -2 0 0 3492
3 13 29 1.5 -2 0 0 4755
3 13 30 5.5 -2 0 0 3940
3 13 31 1.5 -2 0 0 3341
3 13 32 5.5 -2 0 0 3305
3 13 33 1.5 -2 0 0 3752
3 13 34 5.5 -2 0 0 5140
3 13 35 5.5 -2 0 0 3218
3 13 36 1.5 -2 0 0 3914
3 13 37 5.5 -2 0 0 4250
3 13 38 1.5 -2 0 0 2871
3 13 39 1.5 -2 0 0 3548
3 13 40 1.5 -2 0 0 4276
3 13 41 1.5 -2 0 0 3124
3 13 42 5.5 -2 0 0 3928
3 13 43 5.5 -2 0 0 4624
3 13 44 5.5 -2 0 0 3011
3 13 45 1.5 -2 0 0 3514
3 13 46 1.5 -2 0 0 4760
3 13 47 1.5 -2 0 0 2986
3 13 48 5.5 -2 0 0 3772
3 13 49 5.49785 0.319652 0.199724 1.59165 4085
3 13 50 1.5 -2 0 0 3263
3 13 51 5.5 -2 0 0 3797
3 13 52 1.5 -2 0 0 4035
3 13 53 1.5 -2 0 0 2992
3 13 54 1.5 -2 0 0 3336
3 13 55 1.5 -2 0 0 3702
3 13 56 1.5 -2 0 0 3520
3 13 57 1.5 -2 0 0 3839
3 13 58 5.5 -2 0 0 3435
3 13 59 1.5 -2 0 0 4609
3 13 60 1.5 -2 0 0 3166
3 13 61 1.5 -2 0 0 4086
3 13 62 1.5 -2 0 0 4129
3 13 63 1.5 -2 0 0 3720
3 14 0 1.5 -2 0 0 4920
3 14 1 1.5 -2 0 0 5394
3 14 2 1.5 -2 0 0 3839
3 14 3 1.5 -2 0 0 3891
3 14 4 1.5 -2 0 0 2709
3 14 5 1.5 -2 0 0 3414
3 14 6 1.5 -2 0 0 4708
3 14 7 5.5 -2 0 0 2486
3 14 8 5.20654 0.389768 0.300648 0.275713 3453
3 14 9 1.5 -2 0 0 4362
3 14 10 1.5 -2 0 0 2739
3 14 11 1.5 -2 0 0 4405
3 14 12 4.59219 0.300967 0.295214 0.727145 3975
3 14 13 1.5 -2 0 0 3482
3 14 14 1.5 -2 0 0 5215
3 14 15 5.5 -2 0 0 2472
3 14 16 1.5 -2 0 0 4272
3 14 17 1.5 -2 0 0 2885
3 14 18 1.5 -2 0 0 3900
3 14 19 1.5 -2 0 0 2001
3 14 20 5.5 -2 0 0 3751
3 14 21 5.5 -2 0 0 4610
3 14 22 5.5 -2 0 0 2527
3 14 23 1.5 -2 0 0 3889
3 14 24 1.5 -2 0 0 3638
3 14 25 5.5 -2 0 0 3358
3 14 26 5.5 -2 0 0 4751
3 14 27 1.5 -2 0 0 1969
3 14 28 5.5 -2 0 0 1293
3 14 29 5.5 -2 0 0 4010
3 14 30 5.5 -2 0 0 2158
3 14 31 5.5 -2 0 0 1768
3 14 32 5.5 -2 0 0 3004
3 14 33 1.5 -2 0 0 2172
3 14 34 1.5 -2 0 0 2756
3 14 35 1.5 -2 0 0 2550
3 14 36 5.5 -2 0 0 3241
3 14 37 1.5 -2 0 0 3477
3 14 38 5.5 -2 0 0 2077
3 14 39 5.5 -2 0 0 2344
3 14 40 1.5 -2 0 0 2299
3 14 41 5.5 -2 0 0 1898
3 14 42 1.5 -2 0 0 3129
3 14 43 5.5 -2 0 0 3676
3 14 44 4.60937 0.401824 0.191434 0.478596 1915
3 14 45 1.5 -2 0 0 2787
3 14 46 1.5 -2 0 0 2734
3 14 47 1.5 -2 0 0 2316
3 14 48 1.5 -2 0 0 2842
3 14 49 5.5 -2 0 0 3427
3 14 50 5.28545 0.179992 0.107361 0.201689 2648
3 14 51 1.5 -2 0 0 2662
3 14 52 1.5 -2 0 0 3331
3 14 53 5.5 -2 0 0 2315
3 14 54 1.5 -2 0 0 2340
3 14 55 4.78719 0.235873 0.31684 0.60826 2872
3 14 56 5.5 -2 0 0 2627
3 14 57 5.5 -2 0 0 2605
3 14 58 1.5 -2 0 0 2443
3 14 59 1.5 -2 0 0 3639
3 14 60 5.5 -2 0 0 2344
3 14 61 1.5 -2 0 0 2847
3 14 62 1.5 -2 0 0 3053
3 14 63 5.5 -2 0 0 2707
3 15 0 1.5 -2 0 0 2917
3 15 1 5.5 -2 0 0 2924
3 15 2 1.5 -2 0 0 2622
3 15 3 5.5 -2 0 0 2247
3 15 4 5.5 -2 0 0 243
3 15 5 0 -10 0 0 125
3 15 6 4.6429 0.451209 0.233966 0.216824 2553
3 15 7 5.5 -2 0 0 2168
3 15 8 5.5 -2 0 0 2890
3 15 9 0 -10 0 0 1
3 15 10 5.5 -2 0 0 2202
3 15 11 5.5 -2 0 0 3121
3 15 12 5.5 -2 0 0 2642
3 15 13 5.5 -2 0 0 2596
3 15 14 5.5 -2 0 0 261
3 15 15 4.75282 0.403035 0.132632 0.0702963 2817
3 15 16 5.5 -2 0 0 1927
3 15 17 5.5 -2 0 0 3387
3 15 18 5.5 -2 0 0 3034
3 15 19 5.5 -2 0 0 2239
3 15 20 5.46484 0.5271 0.66173 0.612707 3324
3 15 21 1.5 -2 0 0 2582
3 15 22 0 -10 0 0 5
3 15 23 1.5 -2 0 0 3433
3 15 24 1.5 -2 0 0 3052
3 15 25 1.5 -2 0 0 2778
3 15 26 1.5 -2 0 0 3426
3 15 27 1.5 -2 0 0 2997
3 15 28 1.5 -2 0 0 1958
3 15 29 5.5 -2 0 0 3737
3 15 30 1.5 -2 0 0 3204
3 15 31 5.5 -2 0 0 2885
3 15 32 5.5 -2 0 0 2961
3 15 33 5.5 -2 0 0 3377
3 15 34 5.28204 0.494274 0.489085 0.521578 3971
3 15 35 5.5 -2 0 0 3243
3 15 36 5.5 -2 0 0 3674
3 15 37 5.5 -2 0 0 3934
3 15 38 5.70306 0.411595 0.197061 0.309857 2909
3 15 39 5.5 -2 0 0 4885
3 15 40 1.5 -2 0 0 2993
3 15 41 5.5 -2 0 0 3294
3 15 42 5.5 -2 0 0 3481
3 15 43 1.5 -2 0 0 4001
3 15 44 4.78626 0.429852 0.152847 0.765684 3609
3 15 45 5.5 -2 0 0 3047
3 15 46 5.5 -2 0 0 3537
3 15 47 1.5 -2 0 0 3777
3 15 48 5.5 -2 0 0 3189
3 15 49 5.5 -2 0 0 4271
3 15 50 5.5 -2 0 0 3828
3 15 51 5.5 -2 0 0 5254
3 15 52 4.62864 0.397625 0.213622 0.061389 3941
3 15 53 5.5 -2 0 0 4026
3 15 54 1.5 -2 0 0 4171
3 15 55 4.87728 0.430588 0.215024 0.204241 4778
3 15 56 1.5 -2 0 0 4827
3 15 57 1.5 -2 0 0 5174
3 15 58 1.5 -2 0 0 4425
3 15 59 5.5 -2 0 0 4115
3 15 60 1.5 -2 0 0 3575
3 15 61 1.5 -2 0 0 5160
3 15 62 1.5 -2 0 0 4473
3 15 63 1.5 -2 0 0 3890
4 0 0 1.5 -2 0 0 537
4 0 1 1.5 -2 0 0 539
4 0 2 2 -2 0 0 481
4 0 3 5.5 -2 0 0 398
4 0 4 5.5 -2 0 0 450
4 0 5 1.5 -2 0 0 471
4 0 6 1.5 -2 0 0 453
4 0 7 1.5 -2 0 0 484
4 0 8 1.5 -2 0 0 551
4 0 9 1.5 -2 0 0 543
4 0 10 1.5 -2 0 0 536
4 0 11 1.5 -2 0 0 424
4 0 12 1.5 -2 0 0 457
4 0 13 5.5 -2 0 0 439
4 0 14 1.5 -2 0 0 535
4 0 15 5.5 -2 0 0 428
4 0 16 1.5 -2 0 0 501
4 0 17 1.5 -2 0 0 444
4 0 18 1.5 -2 0 0 422
4 0 19 1.5 -2 0 0 398
4 0 20 1.5 -2 0 0 457
4 0 21 1.5 -2 0 0 515
4 0 22 1.5 -2 0 0 395
4 0 23 5.5 -2 0 0 561
4 0 24 1.5 -2 0 0 490
4 0 25 5.5 -2 0 0 584
4 0 26 5.5 -2 0 0 525
4 0 27 5.5 -2 0 0 393
4 0 28 1.5 -2 0 0 462
4 0 29 1.5 -2 0 0 760
4 0 30 5.5 -2 0 0 537
4 0 31 1.5 -2 0 0 538
4 0 32 1.5 -2 0 0 314
4 0 33 1.5 -2 0 0 422
4 0 34 5.5 -2 0 0 616
4 0 35 1.5 -2 0 0 571
4 0 36 1.5 -2 0 0 432
4 0 37 1.5 -2 0 0 534
4 0 38 1.5 -2 0 0 518
4 0 39 1.5 -2 0 0 644
4 0 40 1.5 -2 0 0 542
4 0 41 1.5 -2 0 0 428
4 0 42 1.5 -2 0 0 475
4 0 43 1.5 -2 0 0 464
4 0 44 1.5 -2 0 0 487
4 0 45 1.5 -2 0 0 560
4 0 46 1.5 -2 0 0 632
4 0 47 1.5 -2 0 0 611
4 0 48 1.5 -2 0 0 578
4 0 49 1.5 -2 0 0 555
4 0 50 5.5 -2 0 0 554
4 0 51 1.5 -2 0 0 707
4 0 52 1.5 -2 0 0 565
4 0 53 1.5 -2 0 0 625
4 0 54 1.5 -2 0 0 574
4 0 55 1.5 -2 0 0 612
4 0 56 1.5 -2 0 0 628
4 0 57 5.5 -2 0 0 644
4 0 58 5.5 -2 0 0 555
4 0 59 1.5 -2 0 0 610
4 0 60 1.5 -2 0 0 627
4 0 61 1.5 -2 0 0 761
4 0 62 1.5 -2 0 0 736
4 0 63 1.5 -2 0 0 602
4 1 0 1.5 -2 0 0 460
4 1 1 1.5 -2 0 0 744
4 1 2 1.5 -2 0 0 508
4 1 3 1.5 -2 0 0 775
4 1 4 1.5 -2 0 0 313
4 1 5 4.80184 0.466827 0.245307 0.0290493 396
4 1 6 1.5 -2 0 0 515
4 1 7 1.5 -2 0 0 419
4 1 8 1.5 -2 0 0 417
4 1 9 1.5 -2 0 0 844
4 1 10 5.5 -2 0 0 516
4 1 11 5.5 -2 0 0 645
4 1 12 1.5 -2 0 0 406
4 1 13 5.5 -2 0 0 305
4 1 14 5.5 -2 0 0 461
4 1 15 1.5 -2 0 0 408
4 1 16 1.5 -2 0 0 645
4 1 17 1.5 -2 0 0 671
4 1 18 1.5 -2 0 0 387
4 1 19 5.5 -2 0 0 421
4 1 20 1.5 -2 0 0 302
4 1 21 5.5 -2 0 0 842
4 1 22 5.5 -2 0 0 418
4 1 23 5.5 -2 0 0 327
4 1 24 5.5 -2 0 0 676
4 1 25 5.5 -2 0 0 757
4 1 26 1.5 -2 0 0 376
4 1 27 1.5 -2 0 0 668
4 1 28 1.5 -2 0 0 639
4 1 29 1.5 -2 0 0 292
4 1 30 5.5 -2 0 0 299
4 1 31 5.5 -2 0 0 708
4 1 32 5.5 -2 0 0 643
4 1 33 5.5 -2 0 0 585
4 1 34 1.5 -2 0 0 326
4 1 35 5.5 -2 0 0 692
4 1 36 5.5 -2 0 0 667
4 1 37 1.5 -2 0 0 351
4 1 38 1.5 -2 0 0 785
4 1 39 1.5 -2 0 0 589
4 1 40 5.5 -2 0 0 293
4 1 41 1.5 -2 0 0 294
4 1 42 1.5 -2 0 0 282
4 1 43 1.5 -2 0 0 298
4 1 44 1.5 -2 0 0 347
4 1 45 5.47236 0.449516 0.218796 0.238281 616
4 1 46 1.5 -2 0 0 616
4 1 47 0 -10 0 0 0
4 1 48 1.5 -2 0 0 295
4 1 49 1.5 -2 0 0 308
4 1 50 1.5 -2 0 0 335
4 1 51 1.5 -2 0 0 420
4 1 52 1.5 -2 0 0 286
4 1 53 1.5 -2 0 0 621
4 1 54 1.5 -2 0 0 363
4 1 55 1.5 -2 0 0 340
4 1 56 1.5 -2 0 0 416
4 1 57 1.5 -2 0 0 392
4 1 58 1.5 -2 0 0 336
4 1 59 1.5 -2 0 0 558
4 1 60 1.5 -2 0 0 412
4 1 61 1.5 -2 0 0 558
4 1 62 1.5 -2 0 0 347
4 1 63 1.5 -2 0 0 292
4 2 0 1.5 -2 0 0 893
4 2 1 5.5 -2 0 0 772
4 2 2 1.5 -2 0 0 710
4 2 3 5.5 -2 0 0 654
4 2 4 1.5 -2 0 0 669
4 2 5 1.5 -2 0 0 697
4 2 6 1.5 -2 0 0 719
4 2 7 5.5 -2 0 0 611
4 2 8 1.5 -2 0 0 687
4 2 9 1.5 -2 0 0 641
4 2 10 1.5 -2 0 0 615
4 2 11 1.5 -2 0 0 732
4 2 12 5.01731 0.448067 0.183444 0.0869249 624
4 2 13 1.5 -2 0 0 600
4 2 14 1.5 -2 0 0 815
4 2 15 1.5 -2 0 0 689
4 2 16 1.5 -2 0 0 649
4 2 17 1.5 -2 0 0 802
4 2 18 1.5 -2 0 0 693
4 2 19 5.5 -2 0 0 643
4 2 20 5.5 -2 0 0 691
4 2 21 1.5 -2 0 0 696
4 2 22 5.5 -2 0 0 633
4 2 23 5.5 -2 0 0 733
4 2 24 1.5 -2 0 0 726
4 2 25 1.5 -2 0 0 704
4 2 26 1.5 -2 0 0 797
4 2 27 1.5 -2 0 0 654
4 2 28 1.5 -2 0 0 642
4 2 29 5.00426 0.393607 0.177788 0.231395 751
4 2 30 1.5 -2 0 0 695
4 2 31 5.5 -2 0 0 655
4 2 32 1.5 -2 0 0 660
4 2 33 1.5 -2 0 0 707
4 2 34 5.5 -2 0 0 947
4 2 35 1.5 -2 0 0 720
4 2 36 1.5 -2 0 0 720
4 2 37 1.5 -2 0 0 818
4 2 38 1.5 -2 0 0 766
4 2 39 1.5 -2 0 0 939
4 2 40 1.5 -2 0 0 753
4 2 41 1.5 -2 0 0 709
4 2 42 4.75675 0.385972 0.22872 0.0675988 804
4 2 43 5.5 -2 0 0 867
4 2 44 0 -10 0 0 26
4 2 45 1.5 -2 0 0 714
4 2 46 1.5 -2 0 0 944
4 2 47 1.5 -2 0 0 841
4 2 48 1.5 -2 0 0 783
4 2 49 1.5 -2 0 0 862
4 2 50 1.5 -2 0 0 791
4 2 51 1.5 -2 0 0 1203
4 2 52 1.5 -2 0 0 969
4 2 53 1.5 -2 0 0 878
4 2 54 0 -10 0 0 63
4 2 55 0 -10 0 0 0
4 2 56 1.5 -2 0 0 818
4 2 57 1.5 -2 0 0 1102
4 2 58 1.5 -2 0 0 878
4 2 59 1.5 -2 0 0 1152
4 2 60 1.5 -2 0 0 828
4 2 61 1.5 -2 0 0 1381
4 2 62 0 -10 0 0 137
4 2 63 0 -10 0 0 111
4 3 0 5.5 -2 0 0 901
4 3 1 1.5 -2 0 0 621
4 3 2 1.5 -2 0 0 1386
4 3 3 1.5 -2 0 0 531
4 3 4 1.5 -2 0 0 1224
4 3 5 5.5 -2 0 0 444
4 3 6 5.5 -2 0 0 1362
4 3 7 5.5 -2 0 0 2035
4 3 8 1.5 -2 0 0 557
4 3 9 5.5 -2 0 0 824
4 3 10 5.5 -2 0 0 999
4 3 11 1.5 -2 0 0 523
4 3 12 1.5 -2 0 0 608
4 3 13 1.5 -2 0 0 774
4 3 14 1.5 -2 0 0 502
4 3 15 5.5 -2 0 0 586
4 3 16 5.5 -2 0 0 2478
4 3 17 1.5 -2 0 0 553
4 3 18 1.5 -2 0 0 1367
4 3 19 5.5 -2 0 0 743
4 3 20 1.5 -2 0 0 1034
4 3 21 5.5 -2 0 0 1740
4 3 22 5.5 -2 0 0 613
4 3 23 5.5 -2 0 0 589
4 3 24 5.5 -2 0 0 498
4 3 25 1.5 -2 0 0 1592
4 3 26 5.5 -2 0 0 443
4 3 27 6.22846 0.568157 0.307639 0.494513 711
4 3 28 5.5 -2 0 0 698
4 3 29 5.5 -2 0 0 1073
4 3 30 5.5 -2 0 0 677
4 3 31 5.5 -2 0 0 868
4 3 32 1.5 -2 0 0 1275
4 3 33 1.5 -2 0 0 741
4 3 34 6.23795 0.589309 0.362061 0.253732 873
4 3 35 5.5 -2 0 0 730
4 3 36 5.5 -2 0 0 998
4 3 37 5.5 -2 0 0 946
4 3 38 5.5 -2 0 0 690
4 3 39 1.5 -2 0 0 415
4 3 40 5.5 -2 0 0 974
4 3 41 5.5 -2 0 0 676
4 3 42 1.5 -2 0 0 597
4 3 43 1.5 -2 0 0 630
4 3 44 1.5 -2 0 0 493
4 3 45 5.5 -2 0 0 636
4 3 46 1.5 -2 0 0 543
4 3 47 1.5 -2 0 0 612
4 3 48 1.5 -2 0 0 975
4 3 49 1.5 -2 0 0 532
4 3 50 5.5 -2 0 0 493
4 3 51 5.5 -2 0 0 361
4 3 52 1.5 -2 0 0 836
4 3 53 1.5 -2 0 0 968
4 3 54 5.5 -2 0 0 878
4 3 55 1.5 -2 0 0 713
4 3 56 1.5 -2 0 0 378
4 3 57 1.5 -2 0 0 785
4 3 58 5.5 -2 0 0 583
4 3 59 1.5 -2 0 0 482
4 3 60 5.5 -2 0 0 374
4 3 61 1.5 -2 0 0 393
4 3 62 5.5 -2 0 0 380
4 3 63 1.5 -2 0 0 806
4 4 0 1.5 -2 0 0 1192
4 4 1 1.5 -2 0 0 1081
4 4 2 1.5 -2 0 0 981
4 4 3 1.5 -2 0 0 730
4 4 4 1.5 -2 0 0 894
4 4 5 5.5 -2 0 0 680
4 4 6 1.5 -2 0 0 470
4 4 7 1.5 -2 0 0 716
4 4 8 1.5 -2 0 0 516
4 4 9 1.5 -2 0 0 792
4 4 10 5.5 -2 0 0 750
4 4 11 5.5 -2 0 0 962
4 4 12 1.5 -2 0 0 423
4 4 13 5.5 -2 0 0 668
4 4 14 5.5 -2 0 0 1316
4 4 15 5.5 -2 0 0 731
4 4 16 5.5 -2 0 0 781
4 4 17 5.39589 0.419752 0.303213 0.328228 948
4 4 18 1.5 -2 0 0 792
4 4 19 1.5 -2 0 0 718
4 4 20 0 -10 0 0 10
4 4 21 1.5 -2 0 0 893
4 4 22 1.5 -2 0 0 734
4 4 23 5.5 -2 0 0 925
4 4 24 1.5 -2 0 0 1094
4 4 25 5.5 -2 0 0 741
4 4 26 5.05769 0.438004 0.277817 0.268563 1342
4 4 27 5.52031 0.412697 0.276516 0.346248 750
4 4 28 5.5 -2 0 0 738
4 4 29 1.5 -2 0 0 1214
4 4 30 1.5 -2 0 0 821
4 4 31 1.5 -2 0 0 771
4 4 32 5.5 -2 0 0 772
4 4 33 5.5 -2 0 0 806
4 4 34 1.5 -2 0 0 752
4 4 35 5.5 -2 0 0 826
4 4 36 1.5 -2 0 0 848
4 4 37 5.5 -2 0 0 1021
4 4 38 1.5 -2 0 0 780
4 4 39 1.5 -2 0 0 888
4 4 40 5.5 -2 0 0 912
4 4 41 5.5 -2 0 0 372
4 4 42 0 -10 0 0 37
4 4 43 5.5 -2 0 0 1117
4 4 44 5.5 -2 0 0 290
4 4 45 1.5 -2 0 0 273
4 4 46 1.5 -2 0 0 1469
4 4 47 0 -10 0 0 7
4 4 48 1.5 -2 0 0 495
4 4 49 1.5 -2 0 0 1105
4 4 50 5.5 -2 0 0 820
4 4 51 1.5 -2 0 0 1274
4 4 52 1.5 -2 0 0 1190
4 4 53 1.5 -2 0 0 805
4 4 54 1.5 -2 0 0 854
4 4 55 1.5 -2 0 0 635
4 4 56 1.5 -2 0 0 901
4 4 57 1.5 -2 0 0 1157
4 4 58 5.5 -2 0 0 920
4 4 59 5.5 -2 0 0 1442
4 4 60 1.5 -2 0 0 852
4 4 61 1.5 -2 0 0 1059
4 4 62 5.5 -2 0 0 1502
4 4 63 1.5 -2 0 0 1037
4 5 0 1.5 -2 0 0 1747
4 5 1 1.5 -2 0 0 1987
4 5 2 1.5 -2 0 0 2131
4 5 3 1.5 -2 0 0 2880
4 5 4 1.5 -2 0 0 2207
4 5 5 5.5 -2 0 0 2280
4 5 6 1.5 -2 0 0 2406
4 5 7 0 -10 0 0 124
4 5 8 1.5 -2 0 0 2082
4 5 9 5.5 -2 0 0 3110
4 5 10 1.5 -2 0 0 755
4 5 11 5.5 -2 0 0 2062
4 5 12 1.5 -2 0 0 2645
4 5 13 0 -10 0 0 198
4 5 14 1.5 -2 0 0 1735
4 5 15 1.5 -2 0 0 2822
4 5 16 1.5 -2 0 0 4309
4 5 17 1.5 -2 0 0 1851
4 5 18 5.5 -2 0 0 2545
4 5 19 1.5 -2 0 0 4273
4 5 20 1.5 -2 0 0 2204
4 5 21 1.5 -2 0 0 2686
4 5 22 1.5 -2 0 0 3365
4 5 23 5.54324 0.436504 0.159601 0.722669 2007
4 5 24 0 -10 0 0 75
4 5 25 0 -10 0 0 100
4 5 26 5.1606 0.488951 0.225324 0.727364 1720
4 5 27 5.5 -2 0 0 2816
4 5 28 1.5 -2 0 0 3310
4 5 29 0 -10 0 0 141
4 5 30 1.5 -2 0 0 2497
4 5 31 1.5 -2 0 0 3801
4 5 32 0 -10 0 0 51
4 5 33 1.5 -2 0 0 2631
4 5 34 1.5 -2 0 0 1592
4 5 35 1.5 -2 0 0 3369
4 5 36 1.5 -2 0 0 2565
4 5 37 5.5 -2 0 0 1988
4 5 38 5.64813 0.476169 0.184232 0.715355 3152
4 5 39 1.5 -2 0 0 2154
4 5 40 1.5 -2 0 0 2171
4 5 41 1.5 -2 0 0 3175
4 5 42 1.5 -2 0 0 1989
4 5 43 1.5 -2 0 0 1721
4 5 44 1.5 -2 0 0 1689
4 5 45 1.5 -2 0 0 2419
4 5 46 1.5 -2 0 0 1584
4 5 47 1.5 -2 0 0 3126
4 5 48 1.5 -2 0 0 2124
4 5 49 1.5 -2 0 0 1756
4 5 50 1.5 -2 0 0 2321
4 5 51 1.5 -2 0 0 1617
4 5 52 1.5 -2 0 0 1598
4 5 53 1.5 -2 0 0 2522
4 5 54 1.5 -2 0 0 1862
4 5 55 1.5 -2 0 0 1513
4 5 56 1.5 -2 0 0 1893
4 5 57 5.5 -2 0 0 1810
4 5 58 1.5 -2 0 0 1878
4 5 59 1.5 -2 0 0 1508
4 5 60 1.5 -2 0 0 2341
4 5 61 1.5 -2 0 0 1575
4 5 62 1.5 -2 0 0 1522
4 5 63 1.5 -2 0 0 1646
4 6 0 1.5 -2 0 0 1676
4 6 1 1.5 -2 0 0 1260
4 6 2 1.5 -2 0 0 1149
4 6 3 1.5 -2 0 0 799
4 6 4 5.5 -2 0 0 898
4 6 5 1.5 -2 0 0 953
4 6 6 1.5 -2 0 0 1020
4 6 7 1.5 -2 0 0 842
4 6 8 1.5 -2 0 0 1080
4 6 9 1.5 -2 0 0 894
4 6 10 5.5 -2 0 0 839
4 6 11 1.5 -2 0 0 1002
4 6 12 1.5 -2 0 0 908
4 6 13 1.5 -2 0 0 777
4 6 14 1.5 -2 0 0 1496
4 6 15 1.5 -2 0 0 834
4 6 16 1.5 -2 0 0 881
4 6 17 1.5 -2 0 0 1249
4 6 18 1.5 -2 0 0 843
4 6 19 1.5 -2 0 0 823
4 6 20 5.5 -2 0 0 905
4 6 21 1.5 -2 0 0 1019
4 6 22 1.5 -2 0 0 799
4 6 23 1.5 -2 0 0 934
4 6 24 1.5 -2 0 0 1218
4 6 25 1.5 -2 0 0 839
4 6 26 1.5 -2 0 0 1388
4 6 27 1.5 -2 0 0 817
4 6 28 1.5 -2 0 0 726
4 6 29 1.5 -2 0 0 1145
4 6 30 1.5 -2 0 0 857
4 6 31 1.5 -2 0 0 761
4 6 32 5.54713 0.327312 0.114876 0.432952 778
4 6 33 5.5 -2 0 0 663
4 6 34 1.5 -2 0 0 1321
4 6 35 1.5 -2 0 0 731
4 6 36 1.5 -2 0 0 822
4 6 37 1.5 -2 0 0 945
4 6 38 1.5 -2 0 0 715
4 6 39 1.5 -2 0 0 811
4 6 40 0 -10 0 0 87
4 6 41 1.5 -2 0 0 730
4 6 42 1.5 -2 0 0 918
4 6 43 1.5 -2 0 0 1027
4 6 44 1.5 -2 0 0 715
4 6 45 1.5 -2 0 0 779
4 6 46 1.5 -2 0 0 1264
4 6 47 1.5 -2 0 0 629
4 6 48 0 -10 0 0 57
4 6 49 0 -10 0 0 53
4 6 50 0 -10 0 0 13
4 6 51 1.5 -2 0 0 1008
4 6 52 1.5 -2 0 0 1050
4 6 53 1.5 -2 0 0 714
4 6 54 1.5 -2 0 0 768
4 6 55 1.5 -2 0 0 905
4 6 56 1.5 -2 0 0 790
4 6 57 1.5 -2 0 0 916
4 6 58 0 -10 0 0 33
4 6 59 0 -10 0 0 109
4 6 60 1.5 -2 0 0 816
4 6 61 1.5 -2 0 0 1096
4 6 62 1.5 -2 0 0 1013
4 6 63 1.5 -2 0 0 889
4 7 0 1.5 -2 0 0 1195
4 7 1 1.5 -2 0 0 1232
4 7 2 1.5 -2 0 0 1373
4 7 3 1.5 -2 0 0 1861
4 7 4 0 -10 0 0 144
4 7 5 1.5 -2 0 0 1610
4 7 6 1.5 -2 0 0 1517
4 7 7 4.87253 0.358497 0.323944 0.369857 2432
4 7 8 0 -10 0 0 60
4 7 9 1.5 -2 0 0 1636
4 7 10 1.5 -2 0 0 1904
4 7 11 1.5 -2 0 0 1591
4 7 12 0 -10 0 0 91
4 7 13 5.5 -2 0 0 2195
4 7 14 0 -10 0 0 65
4 7 15 6.67357 0.384464 0.237262 0.819699 2014
4 7 16 1.5 -2 0 0 2351
4 7 17 5.5 -2 0 0 1242
4 7 18 1.5 -2 0 0 1858
4 7 19 1.5 -2 0 0 2736
4 7 20 1.5 -2 0 0 1789
4 7 21 5.5 -2 0 0 1727
4 7 22 5.5 -2 0 0 1915
4 7 23 5.5 -2 0 0 1567
4 7 24 5.5 -2 0 0 1316
4 7 25 5.5 -2 0 0 2910
4 7 26 1.5 -2 0 0 1395
4 7 27 5.5 -2 0 0 2186
4 7 28 5.5 -2 0 0 2503
4 7 29 5.5 -2 0 0 1415
4 7 30 1.5 -2 0 0 1991
4 7 31 1.5 -2 0 0 3293
4 7 32 5.5 -2 0 0 2887
4 7 33 5.77995 0.510066 0.309001 0.538135 2135
4 7 34 1.5 -2 0 0 1361
4 7 35 5.5 -2 0 0 3398
4 7 36 1.5 -2 0 0 2138
4 7 37 5.5 -2 0 0 1696
4 7 38 1.5 -2 0 0 3731
4 7 39 5.5 -2 0 0 2522
4 7 40 5.5 -2 0 0 1843
4 7 41 1.5 -2 0 0 2702
4 7 42 1.5 -2 0 0 2024
4 7 43 1.5 -2 0 0 1479
4 7 44 1.5 -2 0 0 2956
4 7 45 5.5 -2 0 0 2514
4 7 46 1.5 -2 0 0 1431
4 7 47 1.5 -2 0 0 4054
4 7 48 1.5 -2 0 0 2184
4 7 49 6.56402 0.2574 0.148671 0.84101 1867
4 7 50 1.5 -2 0 0 2541
4 7 51 5.5 -2 0 0 1881
4 7 52 5.5 -2 0 0 1618
4 7 53 1.5 -2 0 0 3153
4 7 54 5.5 -2 0 0 2417
4 7 55 1.5 -2 0 0 1654
4 7 56 1.5 -2 0 0 2374
4 7 57 1.5 -2 0 0 2109
4 7 58 1.5 -2 0 0 2059
4 7 59 1.5 -2 0 0 1549
4 7 60 1.5 -2 0 0 2970
4 7 61 1.5 -2 0 0 1701
4 7 62 1.5 -2 0 0 1571
4 7 63 1.5 -2 0 0 2010
4 8 0 1.5 -2 0 0 799
4 8 1 1.5 -2 0 0 458
4 8 2 1.5 -2 0 0 731
4 8 3 1.5 -2 0 0 647
4 8 4 5.5 -2 0 0 707
4 8 5 1.5 -2 0 0 422
4 8 6 1.5 -2 0 0 672
4 8 7 5.5 -2 0 0 635
4 8 8 5.5 -2 0 0 461
4 8 9 5.5 -2 0 0 691
4 8 10 1.5 -2 0 0 483
4 8 11 5.05339 0.505235 0.198162 0.137949 695
4 8 12 1.5 -2 0 0 418
4 8 13 5.5 -2 0 0 716
4 8 14 1.5 -2 0 0 793
4 8 15 1.5 -2 0 0 514
4 8 16 1.5 -2 0 0 723
4 8 17 5.5 -2 0 0 721
4 8 18 5.5 -2 0 0 639
4 8 19 1.5 -2 0 0 602
4 8 20 5.5 -2 0 0 563
4 8 21 1.5 -2 0 0 712
4 8 22 5.5 -2 0 0 344
4 8 23 1.5 -2 0 0 638
4 8 24 1.5 -2 0 0 735
4 8 25 1.5 -2 0 0 800
4 8 26 1.5 -2 0 0 647
4 8 27 1.5 -2 0 0 520
4 8 28 5.5 -2 0 0 767
4 8 29 1.5 -2 0 0 841
4 8 30 5.5 -2 0 0 747
4 8 31 1.5 -2 0 0 644
4 8 32 1.5 -2 0 0 639
4 8 33 5.5 -2 0 0 581
4 8 34 1.5 -2 0 0 641
4 8 35 1.5 -2 0 0 646
4 8 36 1.5 -2 0 0 804
4 8 37 5.5 -2 0 0 829
4 8 38 1.5 -2 0 0 904
4 8 39 5.5 -2 0 0 886
4 8 40 1.5 -2 0 0 553
4 8 41 1.5 -2 0 0 651
4 8 42 1.5 -2 0 0 934
4 8 43 1.5 -2 0 0 692
4 8 44 1.5 -2 0 0 880
4 8 45 1.5 -2 0 0 720
4 8 46 1.5 -2 0 0 676
4 8 47 1.5 -2 0 0 1136
4 8 48 1.5 -2 0 0 719
4 8 49 5.5 -2 0 0 744
4 8 50 1.5 -2 0 0 776
4 8 51 1.5 -2 0 0 1053
4 8 52 1.5 -2 0 0 1021
4 8 53 1.5 -2 0 0 1050
4 8 54 1.5 -2 0 0 950
4 8 55 1.5 -2 0 0 1054
4 8 56 1.5 -2 0 0 955
4 8 57 1.5 -2 0 0 1115
4 8 58 1.5 -2 0 0 949
4 8 59 1.5 -2 0 0 969
4 8 60 1.5 -2 0 0 930
4 8 61 1.5 -2 0 0 1281
4 8 62 5.5 -2 0 0 979
4 8 63 1.5 -2 0 0 980
4 9 0 5.5 -2 0 0 1222
4 9 1 1.5 -2 0 0 1276
4 9 2 6.787 0.366956 0.148091 0.842857 1013
4 9 3 1.5 -2 0 0 982
4 9 4 1.5 -2 0 0 843
4 9 5 5.5 -2 0 0 941
4 9 6 5.5 -2 0 0 1046
4 9 7 1.5 -2 0 0 996
4 9 8 5.5 -2 0 0 913
4 9 9 5.01724 0.421124 0.352378 0.336509 1108
4 9 10 1.5 -2 0 0 925
4 9 11 1.5 -2 0 0 806
4 9 12 5.5 -2 0 0 794
4 9 13 4.80637 0.462314 0.208032 0.451283 708
4 9 14 5.5 -2 0 0 1149
4 9 15 5.5 -2 0 0 924
4 9 16 6.07609 0.461643 0.350917 0.538574 1108
4 9 17 4.68211 0.435157 0.222649 0.418629 925
4 9 18 1.5 -2 0 0 757
4 9 19 9.5 -2 0 0 937
4 9 20 1.5 -2 0 0 718
4 9 21 5.5 -2 0 0 1191
4 9 22 5.5 -2 0 0 949
4 9 23 5.5 -2 0 0 800
4 9 24 1.5 -2 0 0 984
4 9 25 5.5 -2 0 0 683
4 9 26 1.5 -2 0 0 758
4 9 27 5.5 -2 0 0 708
4 9 28 1.5 -2 0 0 711
4 9 29 5.5 -2 0 0 905
4 9 30 5.5 -2 0 0 699
4 9 31 5.5 -2 0 0 603
4 9 32 5.5 -2 0 0 770
4 9 33 5.5 -2 0 0 708
4 9 34 5.5 -2 0 0 850
4 9 35 5.5 -2 0 0 795
4 9 36 5.5 -2 0 0 677
4 9 37 5.5 -2 0 0 731
4 9 38 5.5 -2 0 0 744
4 9 39 5.5 -2 0 0 574
4 9 40 5.5 -2 0 0 727
4 9 41 5.5 -2 0 0 570
4 9 42 1.5 -2 0 0 794
4 9 43 5.5 -2 0 0 741
4 9 44 5.5 -2 0 0 528
4 9 45 5.5 -2 0 0 549
4 9 46 1.5 -2 0 0 751
4 9 47 5.79636 0.468093 0.252481 0.250077 742
4 9 48 1.5 -2 0 0 755
4 9 49 5.5 -2 0 0 683
4 9 50 1.5 -2 0 0 712
4 9 51 5.5 -2 0 0 696
4 9 52 5.35794 0.44316 0.118838 0.218288 819
4 9 53 5.532 0.455637 0.235426 0.452057 753
4 9 54 5.5 -2 0 0 517
4 9 55 5.73427 0.418837 0.251636 0.248881 707
4 9 56 0 -10 0 0 18
4 9 57 1.5 -2 0 0 773
4 9 58 1.5 -2 0 0 493
4 9 59 1.5 -2 0 0 832
4 9 60 1.5 -2 0 0 729
4 9 61 1.5 -2 0 0 773
4 9 62 1.5 -2 0 0 766
4 9 63 1.5 -2 0 0 731
4 10 0 1.5 -2 0 0 1501
4 10 1 1.5 -2 0 0 1377
4 10 2 1.5 -2 0 0 1385
4 10 3 1.5 -2 0 0 1310
4 10 4 1.5 -2 0 0 1616
4 10 5 1.5 -2 0 0 1489
4 10 6 1.5 -2 0 0 1300
4 10 7 5.5 -2 0 0 1344
4 10 8 5.5 -2 0 0 1411
4 10 9 1.5 -2 0 0 1263
4 10 10 1.5 -2 0 0 1222
4 10 11 1.5 -2 0 0 1605
4 10 12 1.5 -2 0 0 1365
4 10 13 1.5 -2 0 0 1402
4 10 14 1.5 -2 0 0 1625
4 10 15 1.5 -2 0 0 1510
4 10 16 1.5 -2 0 0 1313
4 10 17 1.5 -2 0 0 1656
4 10 18 1.5 -2 0 0 1535
4 10 19 1.5 -2 0 0 1570
4 10 20 1.5 -2 0 0 1761
4 10 21 1.5 -2 0 0 1225
4 10 22 1.5 -2 0 0 1263
4 10 23 1.5 -2 0 0 1826
4 10 24 1.5 -2 0 0 1435
4 10 25 9.27116 0.461668 0.20208 0.82771 1685
4 10 26 5.5 -2 0 0 1789
4 10 27 1.5 -2 0 0 1709
4 10 28 1.5 -2 0 0 1625
4 10 29 1.5 -2 0 0 1831
4 10 30 1.5 -2 0 0 1741
4 10 31 5.35995 0.501788 0.1 0.504315 1845
4 10 32 1.5 -2 0 0 1754
4 10 33 1.5 -2 0 0 1852
4 10 34 1.5 -2 0 0 1986
4 10 35 1.5 -2 0 0 2147
4 10 36 1.5 -2 0 0 1863
4 10 37 1.5 -2 0 0 2092
4 10 38 5.5 -2 0 0 2442
4 10 39 1.5 -2 0 0 3200
4 10 40 1.5 -2 0 0 1997
4 10 41 5.5 -2 0 0 1979
4 10 42 1.5 -2 0 0 2329
4 10 43 5.5 -2 0 0 2135
4 10 44 1.5 -2 0 0 2278
4 10 45 1.5 -2 0 0 2041
4 10 46 1.5 -2 0 0 2359
4 10 47 1.5 -2 0 0 3063
4 10 48 1.5 -2 0 0 2262
4 10 49 1.5 -2 0 0 2339
4 10 50 1.5 -2 0 0 2400
4 10 51 1.5 -2 0 0 3685
4 10 52 1.5 -2 0 0 2427
4 10 53 1.5 -2 0 0 2982
4 10 54 1.5 -2 0 0 2424
4 10 55 5.5 -2 0 0 2928
4 10 56 1.5 -2 0 0 3391
4 10 57 1.5 -2 0 0 3490
4 10 58 1.5 -2 0 0 2677
4 10 59 1.5 -2 0 0 2676
4 10 60 1.5 -2 0 0 3191
4 10 61 1.5 -2 0 0 4060
4 10 62 1.5 -2 0 0 3042
4 10 63 1.5 -2 0 0 2622
4 11 0 1.5 -2 0 0 3967
4 11 1 1.5 -2 0 0 3749
4 11 2 5.79105 0.400685 0.386459 0.623112 3614
4 11 3 1.5 -2 0 0 2318
4 11 4 1.5 -2 0 0 2361
4 11 5 1.5 -2 0 0 2561
4 11 6 1.5 -2 0 0 3093
4 11 7 1.5 -2 0 0 2116
4 11 8 1.5 -2 0 0 2663
4 11 9 1.5 -2 0 0 3060
4 11 10 1.5 -2 0 0 2479
4 11 11 1.5 -2 0 0 2276
4 11 12 8.28711 0.309299 0.140094 0.423986 2545
4 11 13 1.5 -2 0 0 1919
4 11 14 1.5 -2 0 0 3099
4 11 15 1.5 -2 0 0 2121
4 11 16 1.5 -2 0 0 2442
4 11 17 1.5 -2 0 0 2505
4 11 18 5.5 -2 0 0 2145
4 11 19 1.5 -2 0 0 1800
4 11 20 1.5 -2 0 0 1836
4 11 21 5.48679 0.376943 0.39885 0.494978 3332
4 11 22 5.5 -2 0 0 2235
4 11 23 5.5 -2 0 0 2150
4 11 24 5.5 -2 0 0 2829
4 11 25 1.5 -2 0 0 1493
4 11 26 8.13716 0.446242 0.266471 0.596523 2578
4 11 27 1.5 -2 0 0 1824
4 11 28 1.5 -2 0 0 1784
4 11 29 1.5 -2 0 0 2142
4 11 30 1.5 -2 0 0 1904
4 11 31 1.5 -2 0 0 1411
4 11 32 1.5 -2 0 0 1400
4 11 33 5.5 -2 0 0 1479
4 11 34 5.5 -2 0 0 2257
4 11 35 4.87271 0.433799 0.267461 0.630816 1263
4 11 36 5.5 -2 0 0 1529
4 11 37 4.78564 0.41933 0.276792 0.384917 1719
4 11 38 5.5 -2 0 0 1182
4 11 39 5.5 -2 0 0 1311
4 11 40 1.5 -2 0 0 1808
4 11 41 1.5 -2 0 0 1397
4 11 42 5.5 -2 0 0 1387
4 11 43 1.5 -2 0 0 1810
4 11 44 1.5 -2 0 0 1204
4 11 45 5.5 -2 0 0 1336
4 11 46 1.5 -2 0 0 1943
4 11 47 1.5 -2 0 0 1190
4 11 48 1.5 -2 0 0 1454
4 11 49 1.5 -2 0 0 1495
4 11 50 1.5 -2 0 0 1240
4 11 51 1.5 -2 0 0 1303
4 11 52 1.5 -2 0 0 1631
4 11 53 1.5 -2 0 0 1052
4 11 54 1.5 -2 0 0 1211
4 11 55 1.5 -2 0 0 1480
4 11 56 1.5 -2 0 0 1189
4 11 57 1.5 -2 0 0 1322
4 11 58 1.5 -2 0 0 1396
4 11 59 5.5 -2 0 0 1693
4 11 60 5.13287 0.367248 0.113718 0.357569 1294
4 11 61 5.5 -2 0 0 1344
4 11 62 5.5 -2 0 0 1558
4 11 63 1.5 -2 0 0 1429
4 12 0 1.5 -2 0 0 3938
4 12 1 1.5 -2 0 0 3988
4 12 2 1.5 -2 0 0 3801
4 12 3 1.5 -2 0 0 3143
4 12 4 1.5 -2 0 0 3989
4 12 5 1.5 -2 0 0 3689
4 12 6 5.5 -2 0 0 3624
4 12 7 1.5 -2 0 0 2838
4 12 8 1.5 -2 0 0 3691
4 12 9 1.5 -2 0 0 3229
4 12 10 1.5 -2 0 0 3065
4 12 11 1.5 -2 0 0 4203
4 12 12 1.5 -2 0 0 3390
4 12 13 1.5 -2 0 0 3170
4 12 14 1.5 -2 0 0 3984
4 12 15 1.5 -2 0 0 3571
4 12 16 1.5 -2 0 0 3323
4 12 17 5.5 -2 0 0 4038
4 12 18 1.5 -2 0 0 3688
4 12 19 5.5 -2 0 0 3273
4 12 20 1.5 -2 0 0 4235
4 12 21 1.5 -2 0 0 3460
4 12 22 5.5 -2 0 0 2996
4 12 23 1.5 -2 0 0 4126
4 12 24 1.5 -2 0 0 3876
4 12 25 1.5 -2 0 0 3756
4 12 26 4.95582 0.471413 0.132029 0.220434 4438
4 12 27 1.5 -2 0 0 3586
4 12 28 1.5 -2 0 0 3593
4 12 29 5.5 -2 0 0 4207
4 12 30 5.5 -2 0 0 3945
4 12 31 1.5 -2 0 0 3990
4 12 32 1.5 -2 0 0 3512
4 12 33 1.5 -2 0 0 3992
4 12 34 5.5 -2 0 0 5019
4 12 35 1.5 -2 0 0 3906
4 12 36 1.5 -2 0 0 4046
4 12 37 1.5 -2 0 0 4593
4 12 38 5.5 -2 0 0 4331
4 12 39 1.5 -2 0 0 5102
4 12 40 1.5 -2 0 0 4344
4 12 41 1.5 -2 0 0 3877
4 12 42 1.5 -2 0 0 4343
4 12 43 1.5 -2 0 0 4662
4 12 44 5.5 -2 0 0 3667
4 12 45 1.5 -2 0 0 4151
4 12 46 1.5 -2 0 0 5258
4 12 47 1.5 -2 0 0 4185
4 12 48 5.24498 0.489755 0.394935 0.26719 4565
4 12 49 1.5 -2 0 0 4890
4 12 50 6.23443 0.497554 0.254892 0.399875 4519
4 12 51 5.5 -2 0 0 5599
4 12 52 5.5 -2 0 0 5232
4 12 53 1.5 -2 0 0 3962
4 12 54 1.5 -2 0 0 4512
4 12 55 1.5 -2 0 0 5109
4 12 56 1.5 -2 0 0 4899
4 12 57 1.5 -2 0 0 5131
4 12 58 1.5 -2 0 0 4499
4 12 59 1.5 -2 0 0 5126
4 12 60 1.5 -2 0 0 4284
4 12 61 1.5 -2 0 0 6298
4 12 62 1.5 -2 0 0 5511
4 12 63 1.5 -2 0 0 4899
4 13 0 1.5 -2 0 0 5832
4 13 1 1.5 -2 0 0 5162
4 13 2 5.5 -2 0 0 4843
4 13 3 1.5 -2 0 0 4074
4 13 4 1.5 -2 0 0 4370
4 13 5 1.5 -2 0 0 4808
4 13 6 1.5 -2 0 0 5033
4 13 7 1.5 -2 0 0 3316
4 13 8 1.5 -2 0 0 4873
4 13 9 1.5 -2 0 0 3981
4 13 10 1.5 -2 0 0 3569
4 13 11 1.5 -2 0 0 4690
4 13 12 1.5 -2 0 0 4370
4 13 13 1.5 -2 0 0 3424
4 13 14 1.5 -2 0 0 5252
4 13 15 1.5 -2 0 0 3705
4 13 16 5.5 -2 0 0 3675
4 13 17 5.5 -2 0 0 4855
4 13 18 1.5 -2 0 0 4035
4 13 19 1.5 -2 0 0 3715
4 13 20 1.5 -2 0 0 4242
4 13 21 5.5 -2 0 0 4533
4 13 22 1.5 -2 0 0 3618
4 13 23 5.5 -2 0 0 4193
4 13 24 1.5 -2 0 0 5198
4 13 25 1.5 -2 0 0 3595
4 13 26 1.5 -2 0 0 5148
4 13 27 1.5 -2 0 0 3749
4 13 28 1.5 -2 0 0 3457
4 13 29 1.5 -2 0 0 4703
4 13 30 5.5 -2 0 0 3895
4 13 31 5.5 -2 0 0 3459
4 13 32 1.5 -2 0 0 3258
4 13 33 5.5 -2 0 0 3497
4 13 34 5.5 -2 0 0 5069
4 13 35 1.5 -2 0 0 3257
4 13 36 1.5 -2 0 0 3697
4 13 37 1.5 -2 0 0 4221
4 13 38 1.5 -2 0 0 2742
4 13 39 1.5 -2 0 0 3328
4 13 40 5.5 -2 0 0 4059
4 13 41 4.8269 0.232124 0.117598 0.101411 2886
4 13 42 1.5 -2 0 0 3572
4 13 43 1.5 -2 0 0 4279
4 13 44 1.5 -2 0 0 2907
4 13 45 5.5 -2 0 0 3376
4 13 46 1.5 -2 0 0 4629
4 13 47 1.5 -2 0 0 2855
4 13 48 1.5 -2 0 0 3628
4 13 49 1.5 -2 0 0 3781
4 13 50 1.5 -2 0 0 3272
4 13 51 1.5 -2 0 0 3736
4 13 52 1.5 -2 0 0 4015
4 13 53 1.5 -2 0 0 2954
4 13 54 1.5 -2 0 0 3224
4 13 55 1.5 -2 0 0 3673
4 13 56 5.5 -2 0 0 3426
4 13 57 1.5 -2 0 0 3492
4 13 58 1.5 -2 0 0 3602
4 13 59 1.5 -2 0 0 4480
4 13 60 1.5 -2 0 0 3114
4 13 61 5.5 -2 0 0 3875
4 13 62 1.5 -2 0 0 3934
4 13 63 1.5 -2 0 0 3435
4 14 0 1.5 -2 0 0 5577
4 14 1 1.5 -2 0 0 4888
4 14 2 1.5 -2 0 0 4375
4 14 3 1.5 -2 0 0 3525
4 14 4 1.5 -2 0 0 3626
4 14 5 1.5 -2 0 0 4004
4 14 6 1.5 -2 0 0 4088
4 14 7 1.5 -2 0 0 3866
4 14 8 1.5 -2 0 0 4369
4 14 9 1.5 -2 0 0 3700
4 14 10 1.5 -2 0 0 3740
4 14 11 5.5 -2 0 0 3916
4 14 12 5.0255 0.416895 0.165996 0.53679 3483
4 14 13 1.5 -2 0 0 3060
4 14 14 1.5 -2 0 0 4724
4 14 15 1.5 -2 0 0 3214
4 14 16 1.5 -2 0 0 3578
4 14 17 1.5 -2 0 0 4054
4 14 18 1.5 -2 0 0 3414
4 14 19 1.5 -2 0 0 3597
4 14 20 1.5 -2 0 0 3398
4 14 21 5.5 -2 0 0 4146
4 14 22 1.5 -2 0 0 3185
4 14 23 5.5 -2 0 0 3307
4 14 24 5.5 -2 0 0 4098
4 14 25 1.5 -2 0 0 3349
4 14 26 1.5 -2 0 0 4516
4 14 27 1.5 -2 0 0 2987
4 14 28 1.5 -2 0 0 2951
4 14 29 1.5 -2 0 0 3765
4 14 30 1.5 -2 0 0 2905
4 14 31 5.5 -2 0 0 2721
4 14 32 1.5 -2 0 0 2456
4 14 33 1.5 -2 0 0 3119
4 14 34 5.5 -2 0 0 4059
4 14 35 1.5 -2 0 0 2739
4 14 36 1.5 -2 0 0 2923
4 14 37 1.5 -2 0 0 3144
4 14 38 1.5 -2 0 0 2477
4 14 39 5.5 -2 0 0 2599
4 14 40 1.5 -2 0 0 2772
4 14 41 1.5 -2 0 0 2176
4 14 42 5.5 -2 0 0 3226
4 14 43 1.5 -2 0 0 3217
4 14 44 1.5 -2 0 0 2394
4 14 45 1.5 -2 0 0 2276
4 14 46 5.5 -2 0 0 3490
4 14 47 1.5 -2 0 0 2518
4 14 48 1.5 -2 0 0 2183
4 14 49 1.5 -2 0 0 2603
4 14 50 1.5 -2 0 0 1914
4 14 51 1.5 -2 0 0 2073
4 14 52 1.5 -2 0 0 2847
4 14 53 1.5 -2 0 0 1567
4 14 54 1.5 -2 0 0 1947
4 14 55 1.5 -2 0 0 3049
4 14 56 5.5 -2 0 0 2679
4 14 57 5.21946 0.451742 0.259388 0.122694 2856
4 14 58 5.5 -2 0 0 1864
4 14 59 1.5 -2 0 0 3226
4 14 60 1.5 -2 0 0 2549
4 14 61 5.5 -2 0 0 2048
4 14 62 1.5 -2 0 0 2480
4 14 63 1.5 -2 0 0 2793
4 15 0 1.5 -2 0 0 2212
4 15 1 5.5 -2 0 0 1954
4 15 2 4.72991 0.312792 0.314769 0.317529 2662
4 15 3 5.5 -2 0 0 1726
4 15 4 5.5 -2 0 0 3000
4 15 5 1.5 -2 0 0 2087
4 15 6 1.5 -2 0 0 2498
4 15 7 5.5 -2 0 0 1399
4 15 8 1.5 -2 0 0 2856
4 15 9 1.5 -2 0 0 2280
4 15 10 5.5 -2 0 0 2072
4 15 11 5.5 -2 0 0 2402
4 15 12 5.5 -2 0 0 1912
4 15 13 5.5 -2 0 0 1844
4 15 14 1.5 -2 0 0 3167
4 15 15 1.5 -2 0 0 2182
4 15 16 1.5 -2 0 0 1366
4 15 17 5.5 -2 0 0 2603
4 15 18 5.5 -2 0 0 2808
4 15 19 5.5 -2 0 0 2532
4 15 20 1.5 -2 0 0 2612
4 15 21 5.5 -2 0 0 1791
4 15 22 1.5 -2 0 0 2192
4 15 23 1.5 -2 0 0 3442
4 15 24 5.5 -2 0 0 2186
4 15 25 5.5 -2 0 0 2725
4 15 26 5.5 -2 0 0 3061
4 15 27 1.5 -2 0 0 2443
4 15 28 1.5 -2 0 0 2194
4 15 29 5.5 -2 0 0 3316
4 15 30 5.5 -2 0 0 3186
4 15 31 5.5 -2 0 0 2321
4 15 32 1.5 -2 0 0 2561
4 15 33 5.5 -2 0 0 2952
4 15 34 5.5 -2 0 0 3412
4 15 35 5.5 -2 0 0 3154
4 15 36 1.5 -2 0 0 2902
4 15 37 1.5 -2 0 0 3442
4 15 38 5.5 -2 0 0 2816
4 15 39 5.5 -2 0 0 4525
4 15 40 1.5 -2 0 0 3239
4 15 41 1.5 -2 0 0 2580
4 15 42 5.5 -2 0 0 4018
4 15 43 5.5 -2 0 0 3524
4 15 44 5.5 -2 0 0 3138
4 15 45 1.5 -2 0 0 3130
4 15 46 5.5 -2 0 0 3729
4 15 47 1.5 -2 0 0 3564
4 15 48 1.5 -2 0 0 3248
4 15 49 9.5 -2 0 0 3800
4 15 50 1.5 -2 0 0 3298
4 15 51 1.5 -2 0 0 4843
4 15 52 1.5 -2 0 0 3917
4 15 53 5.5 -2 0 0 3976
4 15 54 5.5 -2 0 0 3608
4 15 55 1.5 -2 0 0 4166
4 15 56 1.5 -2 0 0 4271
4 15 57 5.5 -2 0 0 4557
4 15 58 5.5 -2 0 0 3521
4 15 59 1.5 -2 0 0 4122
4 15 60 1.5 -2 0 0 4414
4 15 61 1.5 -2 0 0 5335
4 15 62 1.5 -2 0 0 4511
4 15 63 5.5 -2 0 0 4535
5 0 0 1.5 -2 0 0 603
5 0 1 1.5 -2 0 0 571
5 0 2 0 -10 0 0 139
5 0 3 1.5 -2 0 0 438
5 0 4 1.5 -2 0 0 508
5 0 5 1.5 -2 0 0 496
5 0 6 1.5 -2 0 0 468
5 0 7 1.5 -2 0 0 508
5 0 8 1.5 -2 0 0 521
5 0 9 1.5 -2 0 0 520
5 0 10 1.5 -2 0 0 497
5 0 11 1.5 -2 0 0 508
5 0 12 1.5 -2 0 0 497
5 0 13 1.5 -2 0 0 452
5 0 14 1.5 -2 0 0 568
5 0 15 0 -10 0 0 133
5 0 16 1.5 -2 0 0 493
5 0 17 5.5 -2 0 0 560
5 0 18 5.5 -2 0 0 394
5 0 19 1.5 -2 0 0 496
5 0 20 1.5 -2 0 0 485
5 0 21 1.5 -2 0 0 475
5 0 22 0 -10 0 0 195
5 0 23 1.5 -2 0 0 548
5 0 24 1.5 -2 0 0 547
5 0 25 1.5 -2 0 0 559
5 0 26 5.5 -2 0 0 595
5 0 27 0 -10 0 0 108
5 0 28 1.5 -2 0 0 420
5 0 29 5.5 -2 0 0 560
5 0 30 0 -10 0 0 62
5 0 31 5.5 -2 0 0 546
5 0 32 0 -10 0 0 108
5 0 33 0 -10 0 0 155
5 0 34 1.5 -2 0 0 621
5 0 35 5.5 -2 0 0 546
5 0 36 0 -10 0 0 66
5 0 37 1.5 -2 0 0 629
5 0 38 5.5 -2 0 0 590
5 0 39 1.5 -2 0 0 636
5 0 40 0 -10 0 0 47
5 0 41 0 -10 0 0 117
5 0 42 1.5 -2 0 0 294
5 0 43 1.5 -2 0 0 607
5 0 44 5.5 -2 0 0 202
5 0 45 0 -10 0 0 96
5 0 46 1.5 -2 0 0 634
5 0 47 1.5 -2 0 0 715
5 0 48 0 -10 0 0 114
5 0 49 1.5 -2 0 0 625
5 0 50 0 -10 0 0 140
5 0 51 1.5 -2 0 0 751
5 0 52 1.5 -2 0 0 610
5 0 53 1.5 -2 0 0 205
5 0 54 5.5 -2 0 0 512
5 0 55 1.5 -2 0 0 637
5 0 56 1.5 -2 0 0 209
5 0 57 1.5 -2 0 0 450
5 0 58 1.5 -2 0 0 635
5 0 59 1.5 -2 0 0 713
5 0 60 1.5 -2 0 0 453
5 0 61 1.5 -2 0 0 803
5 0 62 1.5 -2 0 0 711
5 0 63 1.5 -2 0 0 639
5 1 0 5.5 -2 0 0 793
5 1 1 1.5 -2 0 0 753
5 1 2 1.5 -2 0 0 760
5 1 3 1.5 -2 0 0 778
5 1 4 1.5 -2 0 0 701
5 1 5 1.5 -2 0 0 714
5 1 6 5.78501 0.426358 0.361183 0.425961 856
5 1 7 5.5 -2 0 0 942
5 1 8 1.5 -2 0 0 747
5 1 9 5.5 -2 0 0 859
5 1 10 1.5 -2 0 0 876
5 1 11 1.5 -2 0 0 652
5 1 12 1.5 -2 0 0 721
5 1 13 5.5 -2 0 0 770
5 1 14 1.5 -2 0 0 721
5 1 15 1.5 -2 0 0 718
5 1 16 1.5 -2 0 0 1065
5 1 17 1.5 -2 0 0 639
5 1 18 5.5 -2 0 0 726
5 1 19 5.5 -2 0 0 844
5 1 20 1.5 -2 0 0 616
5 1 21 5.5 -2 0 0 801
5 1 22 1.5 -2 0 0 781
5 1 23 1.5 -2 0 0 654
5 1 24 1.5 -2 0 0 737
5 1 25 5.5 -2 0 0 825
5 1 26 5.5 -2 0 0 685
5 1 27 5.5 -2 0 0 537
5 1 28 1.5 -2 0 0 666
5 1 29 5.5 -2 0 0 575
5 1 30 1.5 -2 0 0 457
5 1 31 5.5 -2 0 0 750
5 1 32 5.5 -2 0 0 660
5 1 33 1.5 -2 0 0 615
5 1 34 5.5 -2 0 0 661
5 1 35 5.5 -2 0 0 722
5 1 36 1.5 -2 0 0 702
5 1 37 1.5 -2 0 0 639
5 1 38 1.5 -2 0 0 710
5 1 39 4.93434 0.357979 0.454591 0.417783 583
5 1 40 5.5 -2 0 0 630
5 1 41 1.5 -2 0 0 621
5 1 42 1.5 -2 0 0 548
5 1 43 1.5 -2 0 0 598
5 1 44 4.65439 0.451511 0.289573 0.216613 627
5 1 45 1.5 -2 0 0 621
5 1 46 1.5 -2 0 0 647
5 1 47 1.5 -2 0 0 676
5 1 48 5.5 -2 0 0 622
5 1 49 1.5 -2 0 0 558
5 1 50 5.5 -2 0 0 607
5 1 51 1.5 -2 0 0 594
5 1 52 1.5 -2 0 0 548
5 1 53 5.5 -2 0 0 656
5 1 54 1.5 -2 0 0 577
5 1 55 1.5 -2 0 0 552
5 1 56 1.5 -2 0 0 579
5 1 57 5.5 -2 0 0 581
5 1 58 1.5 -2 0 0 554
5 1 59 1.5 -2 0 0 564
5 1 60 1.5 -2 0 0 631
5 1 61 1.5 -2 0 0 559
5 1 62 1.5 -2 0 0 394
5 1 63 5.5 -2 0 0 544
5 2 0 1.5 -2 0 0 880
5 2 1 5.5 -2 0 0 779
5 2 2 1.5 -2 0 0 265
5 2 3 1.5 -2 0 0 693
5 2 4 0 -10 0 0 153
5 2 5 1.5 -2 0 0 723
5 2 6 5.5 -2 0 0 718
5 2 7 5.5 -2 0 0 574
5 2 8 1.5 -2 0 0 691
5 2 9 5.5 -2 0 0 640
5 2 10 1.5 -2 0 0 392
5 2 11 1.5 -2 0 0 670
5 2 12 1.5 -2 0 0 672
5 2 13 5.5 -2 0 0 629
5 2 14 5.5 -2 0 0 784
5 2 15 5.5 -2 0 0 224
5 2 16 5.5 -2 0 0 645
5 2 17 5.5 -2 0 0 433
5 2 18 0 -10 0 0 138
5 2 19 5.5 -2 0 0 638
5 2 20 1.5 -2 0 0 755
5 2 21 5.5 -2 0 0 680
5 2 22 1.5 -2 0 0 579
5 2 23 1.5 -2 0 0 516
5 2 24 5.5 -2 0 0 772
5 2 25 4.6853 0.394055 0.193087 0.18698 684
5 2 26 1.5 -2 0 0 793
5 2 27 4.64086 0.400142 0.212276 0.398606 572
5 2 28 1.5 -2 0 0 634
5 2 29 5.5 -2 0 0 733
5 2 30 0 -10 0 0 92
5 2 31 5.5 -2 0 0 665
5 2 32 5.59979 0.527894 0.169366 0.429162 672
5 2 33 5.5 -2 0 0 717
5 2 34 1.5 -2 0 0 776
5 2 35 1.5 -2 0 0 740
5 2 36 1.5 -2 0 0 698
5 2 37 5.5 -2 0 0 796
5 2 38 1.5 -2 0 0 760
5 2 39 1.5 -2 0 0 844
5 2 40 5.5 -2 0 0 763
5 2 41 4.7017 0.439815 0.304697 0.29274 699
5 2 42 5.17366 0.496739 0.234792 0.484932 754
5 2 43 1.5 -2 0 0 914
5 2 44 5.5 -2 0 0 701
5 2 45 1.5 -2 0 0 752
5 2 46 1.5 -2 0 0 966
5 2 47 0 -10 0 0 0
5 2 48 1.5 -2 0 0 775
5 2 49 1.5 -2 0 0 830
5 2 50 1.5 -2 0 0 744
5 2 51 5.5 -2 0 0 1135
5 2 52 5.66079 0.439403 0.304007 0.335435 953
5 2 53 1.5 -2 0 0 830
5 2 54 1.5 -2 0 0 738
5 2 55 1.5 -2 0 0 936
5 2 56 5.5 -2 0 0 919
5 2 57 1.5 -2 0 0 1009
5 2 58 1.5 -2 0 0 823
5 2 59 1.5 -2 0 0 1085
5 2 60 1.5 -2 0 0 861
5 2 61 1.5 -2 0 0 1289
5 2 62 5.5 -2 0 0 1116
5 2 63 1.5 -2 0 0 816
5 3 0 1.5 -2 0 0 1376
5 3 1 1.5 -2 0 0 1467
5 3 2 5.5 -2 0 0 1556
5 3 3 1.5 -2 0 0 1743
5 3 4 5.5 -2 0 0 1315
5 3 5 1.5 -2 0 0 1387
5 3 6 1.5 -2 0 0 1658
5 3 7 1.5 -2 0 0 2255
5 3 8 5.5 -2 0 0 1281
5 3 9 1.5 -2 0 0 2107
5 3 10 1.5 -2 0 0 2284
5 3 11 1.5 -2 0 0 1211
5 3 12 5.5 -2 0 0 1595
5 3 13 1.5 -2 0 0 1704
5 3 14 1.5 -2 0 0 1278
5 3 15 5.5 -2 0 0 244
5 3 16 5.5 -2 0 0 2701
5 3 17 1.5 -2 0 0 1160
5 3 18 1.5 -2 0 0 1465
5 3 19 5.5 -2 0 0 2004
5 3 20 5.5 -2 0 0 1173
5 3 21 5.5 -2 0 0 1921
5 3 22 1.5 -2 0 0 1869
5 3 23 5.5 -2 0 0 901
5 3 24 1.5 -2 0 0 1202
5 3 25 1.5 -2 0 0 1685
5 3 26 0 -10 0 0 173
5 3 27 5.66215 0.302882 0.308185 0.613725 1431
5 3 28 1.5 -2 0 0 1421
5 3 29 0 -10 0 0 158
5 3 30 5.5 -2 0 0 1318
5 3 31 1.5 -2 0 0 1554
5 3 32 9.5 -2 0 0 1335
5 3 33 0 -10 0 0 165
5 3 34 5.5 -2 0 0 229
5 3 35 1.5 -2 0 0 1368
5 3 36 5.5 -2 0 0 414
5 3 37 1.5 -2 0 0 974
5 3 38 5.5 -2 0 0 1287
5 3 39 5.5 -2 0 0 911
5 3 40 5.1071 0.386781 0.260996 0.359155 1076
5 3 41 5.5 -2 0 0 1189
5 3 42 1.5 -2 0 0 998
5 3 43 1.5 -2 0 0 929
5 3 44 9.5 -2 0 0 1095
5 3 45 1.5 -2 0 0 1149
5 3 46 1.5 -2 0 0 269
5 3 47 5.5 -2 0 0 1192
5 3 48 1.5 -2 0 0 1044
5 3 49 1.5 -2 0 0 894
5 3 50 1.5 -2 0 0 988
5 3 51 1.5 -2 0 0 739
5 3 52 1.5 -2 0 0 802
5 3 53 5.5 -2 0 0 994
5 3 54 1.5 -2 0 0 941
5 3 55 1.5 -2 0 0 839
5 3 56 5.5 -2 0 0 850
5 3 57 5.5 -2 0 0 824
5 3 58 1.5 -2 0 0 955
5 3 59 1.5 -2 0 0 837
5 3 60 5.5 -2 0 0 329
5 3 61 5.5 -2 0 0 779
5 3 62 1.5 -2 0 0 779
5 3 63 1.5 -2 0 0 739
5 4 0 1.5 -2 0 0 1472
5 4 1 1.5 -2 0 0 547
5 4 2 5.5 -2 0 0 294
5 4 3 5.5 -2 0 0 788
5 4 4 1.5 -2 0 0 910
5 4 5 1.5 -2 0 0 867
5 4 6 5.25461 0.16284 0.1 0.22886 927
5 4 7 1.5 -2 0 0 825
5 4 8 1.5 -2 0 0 1054
5 4 9 5.5 -2 0 0 885
5 4 10 1.5 -2 0 0 849
5 4 11 1.5 -2 0 0 1062
5 4 12 5.5 -2 0 0 859
5 4 13 5.98895 0.526505 0.387822 0.263324 762
5 4 14 4.61154 0.4104 0.314175 0.224709 1383
5 4 15 1.5 -2 0 0 807
5 4 16 5.5 -2 0 0 860
5 4 17 1.5 -2 0 0 1145
5 4 18 5.05821 0.480939 0.235046 0.233415 858
5 4 19 1.5 -2 0 0 835
5 4 20 1.5 -2 0 0 988
5 4 21 5.5 -2 0 0 974
5 4 22 1.5 -2 0 0 766
5 4 23 5.5 -2 0 0 225
5 4 24 5.5 -2 0 0 1150
5 4 25 5.5 -2 0 0 807
5 4 26 5.36593 0.432776 0.338985 0.234938 1431
5 4 27 0 -10 0 0 170
5 4 28 1.5 -2 0 0 775
5 4 29 1.5 -2 0 0 1232
5 4 30 5.5 -2 0 0 516
5 4 31 1.5 -2 0 0 804
5 4 32 6.00711 0.439614 0.242621 0.53514 799
5 4 33 5.5 -2 0 0 210
5 4 34 1.5 -2 0 0 1498
5 4 35 5.5 -2 0 0 869
5 4 36 0 -10 0 0 156
5 4 37 0 -10 0 0 119
5 4 38 1.5 -2 0 0 795
5 4 39 1.5 -2 0 0 977
5 4 40 1.5 -2 0 0 945
5 4 41 5.5 -2 0 0 819
5 4 42 1.5 -2 0 0 306
5 4 43 1.5 -2 0 0 1186
5 4 44 1.5 -2 0 0 851
5 4 45 1.5 -2 0 0 831
5 4 46 5.5 -2 0 0 1526
5 4 47 5.5 -2 0 0 901
5 4 48 1.5 -2 0 0 928
5 4 49 6.40085 0.460227 0.125761 0.511849 1186
5 4 50 5.5 -2 0 0 884
5 4 51 1.5 -2 0 0 1381
5 4 52 5.5 -2 0 0 1286
5 4 53 5.5 -2 0 0 867
5 4 54 5.5 -2 0 0 922
5 4 55 1.5 -2 0 0 1285
5 4 56 1.5 -2 0 0 1020
5 4 57 1.5 -2 0 0 1252
5 4 58 1.5 -2 0 0 982
5 4 59 1.5 -2 0 0 1529
5 4 60 5.5 -2 0 0 911
5 4 61 1.5 -2 0 0 1658
5 4 62 1.5 -2 0 0 1605
5 4 63 1.5 -2 0 0 1053
5 5 0 1.5 -2 0 0 1689
5 5 1 5.5 -2 0 0 1763
5 5 2 5.5 -2 0 0 1911
5 5 3 5.5 -2 0 0 2552
5 5 4 5.5 -2 0 0 1932
5 5 5 5.5 -2 0 0 2186
5 5 6 1.5 -2 0 0 2311
5 5 7 5.5 -2 0 0 3817
5 5 8 5.5 -2 0 0 1846
5 5 9 1.5 -2 0 0 2882
5 5 10 1.5 -2 0 0 3232
5 5 11 5.39918 0.145171 0.1 0.683942 1793
5 5 12 5.5 -2 0 0 2380
5 5 13 1.5 -2 0 0 2856
5 5 14 5.5 -2 0 0 1390
5 5 15 5.5 -2 0 0 2581
5 5 16 5.5 -2 0 0 2287
5 5 17 1.5 -2 0 0 1641
5 5 18 5.5 -2 0 0 2428
5 5 19 5.5 -2 0 0 3296
5 5 20 5.5 -2 0 0 2037
5 5 21 5.5 -2 0 0 2472
5 5 22 1.5 -2 0 0 3142
5 5 23 1.5 -2 0 0 1765
5 5 24 5.5 -2 0 0 1543
5 5 25 5.5 -2 0 0 3393
5 5 26 5.5 -2 0 0 1618
5 5 27 9.5 -2 0 0 2333
5 5 28 1.5 -2 0 0 2869
5 5 29 1.5 -2 0 0 1574
5 5 30 5.5 -2 0 0 2283
5 5 31 5.5 -2 0 0 3108
5 5 32 1.5 -2 0 0 2617
5 5 33 1.5 -2 0 0 2349
5 5 34 5.5 -2 0 0 1530
5 5 35 1.5 -2 0 0 3048
5 5 36 1.5 -2 0 0 2259
5 5 37 5.5 -2 0 0 1755
5 5 38 5.5 -2 0 0 2928
5 5 39 5.5 -2 0 0 1933
5 5 40 1.5 -2 0 0 2027
5 5 41 5.5 -2 0 0 2500
5 5 42 1.5 -2 0 0 1809
5 5 43 1.5 -2 0 0 1546
5 5 44 1.5 -2 0 0 2303
5 5 45 5.5 -2 0 0 2232
5 5 46 1.5 -2 0 0 1484
5 5 47 5.5 -2 0 0 2908
5 5 48 5.5 -2 0 0 2014
5 5 49 5.5 -2 0 0 1642
5 5 50 5.5 -2 0 0 2160
5 5 51 5.5 -2 0 0 1490
5 5 52 4.9557 0.460366 0.392058 0.444943 1504
5 5 53 5.5 -2 0 0 2466
5 5 54 1.5 -2 0 0 1734
5 5 55 5.5 -2 0 0 1414
5 5 56 5.5 -2 0 0 1711
5 5 57 1.5 -2 0 0 1498
5 5 58 1.5 -2 0 0 1556
5 5 59 1.5 -2 0 0 1320
5 5 60 1.5 -2 0 0 2144
5 5 61 1.5 -2 0 0 1384
5 5 62 1.5 -2 0 0 1439
5 5 63 1.5 -2 0 0 1533
5 6 0 1.5 -2 0 0 1670
5 6 1 5.5 -2 0 0 1310
5 6 2 4.89906 0.423966 0.270757 0.24393 1144
5 6 3 1.5 -2 0 0 811
5 6 4 1.5 -2 0 0 902
5 6 5 1.5 -2 0 0 987
5 6 6 1.5 -2 0 0 1023
5 6 7 5.5 -2 0 0 808
5 6 8 1.5 -2 0 0 1125
5 6 9 5.5 -2 0 0 872
5 6 10 5.5 -2 0 0 840
5 6 11 5.5 -2 0 0 745
5 6 12 5.5 -2 0 0 925
5 6 13 1.5 -2 0 0 778
5 6 14 1.5 -2 0 0 1465
5 6 15 5.5 -2 0 0 763
5 6 16 4.72634 0.37303 0.199099 0.355848 899
5 6 17 1.5 -2 0 0 1222
5 6 18 1.5 -2 0 0 829
5 6 19 1.5 -2 0 0 821
5 6 20 1.5 -2 0 0 767
5 6 21 5.5 -2 0 0 979
5 6 22 4.72369 0.433237 0.23754 0.323225 779
5 6 23 1.5 -2 0 0 961
5 6 24 1.5 -2 0 0 1185
5 6 25 5.5 -2 0 0 808
5 6 26 5.51305 0.456092 0.246213 0.297446 1402
5 6 27 5.5 -2 0 0 826
5 6 28 5.5 -2 0 0 741
5 6 29 5.5 -2 0 0 1103
5 6 30 5.5 -2 0 0 754
5 6 31 1.5 -2 0 0 758
5 6 32 1.5 -2 0 0 729
5 6 33 5.5 -2 0 0 792
5 6 34 1.5 -2 0 0 1336
5 6 35 1.5 -2 0 0 710
5 6 36 1.5 -2 0 0 676
5 6 37 5.5 -2 0 0 850
5 6 38 1.5 -2 0 0 717
5 6 39 1.5 -2 0 0 813
5 6 40 5.5 -2 0 0 866
5 6 41 1.5 -2 0 0 718
5 6 42 1.5 -2 0 0 843
5 6 43 4.82207 0.343212 0.199223 0.479184 1019
5 6 44 1.5 -2 0 0 674
5 6 45 5.5 -2 0 0 725
5 6 46 5.5 -2 0 0 1219
5 6 47 1.5 -2 0 0 727
5 6 48 1.5 -2 0 0 783
5 6 49 1.5 -2 0 0 873
5 6 50 5.5 -2 0 0 717
5 6 51 6.59192 0.590766 0.178217 0.160209 819
5 6 52 1.5 -2 0 0 963
5 6 53 1.5 -2 0 0 709
5 6 54 5.5 -2 0 0 695
5 6 55 1.5 -2 0 0 949
5 6 56 1.5 -2 0 0 857
5 6 57 1.5 -2 0 0 898
5 6 58 1.5 -2 0 0 789
5 6 59 1.5 -2 0 0 1115
5 6 60 1.5 -2 0 0 780
5 6 61 5.5 -2 0 0 1106
5 6 62 1.5 -2 0 0 1014
5 6 63 1.5 -2 0 0 825
5 7 0 1.5 -2 0 0 1143
5 7 1 5.5 -2 0 0 1245
5 7 2 1.5 -2 0 0 1282
5 7 3 1.5 -2 0 0 1721
5 7 4 1.5 -2 0 0 1519
5 7 5 1.5 -2 0 0 1466
5 7 6 5.5 -2 0 0 1443
5 7 7 5.5 -2 0 0 2305
5 7 8 5.5 -2 0 0 1249
5 7 9 1.5 -2 0 0 1777
5 7 10 1.5 -2 0 0 1877
5 7 11 1.5 -2 0 0 1440
5 7 12 9.5 -2 0 0 1569
5 7 13 1.5 -2 0 0 2135
5 7 14 5.20096 0.391434 0.163035 0.5752 1130
5 7 15 5.5 -2 0 0 1981
5 7 16 1.5 -2 0 0 2337
5 7 17 5.5 -2 0 0 1206
5 7 18 5.32848 0.316921 0.235034 0.517501 1741
5 7 19 5.5 -2 0 0 2666
5 7 20 1.5 -2 0 0 1725
5 7 21 5.5 -2 0 0 1604
5 7 22 5.5 -2 0 0 1998
5 7 23 5.5 -2 0 0 1487
5 7 24 1.5 -2 0 0 1131
5 7 25 1.5 -2 0 0 2824
5 7 26 4.81928 0.421392 0.276774 0.381362 1314
5 7 27 5.5 -2 0 0 2105
5 7 28 5.5 -2 0 0 2520
5 7 29 4.78898 0.375088 0.34949 0.485138 1312
5 7 30 5.5 -2 0 0 1892
5 7 31 1.5 -2 0 0 3249
5 7 32 1.5 -2 0 0 2568
5 7 33 5.5 -2 0 0 1878
5 7 34 5.5 -2 0 0 1355
5 7 35 1.5 -2 0 0 3526
5 7 36 9.5 -2 0 0 2049
5 7 37 5.5 -2 0 0 1713
5 7 38 5.5 -2 0 0 3577
5 7 39 1.5 -2 0 0 2542
5 7 40 4.62589 0.385273 0.233236 0.021958 1843
5 7 41 5.5 -2 0 0 2600
5 7 42 5.5 -2 0 0 2013
5 7 43 5.5 -2 0 0 1453
5 7 44 9.5 -2 0 0 3002
5 7 45 1.5 -2 0 0 2015
5 7 46 1.5 -2 0 0 1359
5 7 47 5.5 -2 0 0 3963
5 7 48 5.5 -2 0 0 2221
5 7 49 1.5 -2 0 0 1719
5 7 50 1.5 -2 0 0 2594
5 7 51 1.5 -2 0 0 1910
5 7 52 5.5 -2 0 0 1578
5 7 53 1.5 -2 0 0 3135
5 7 54 1.5 -2 0 0 2396
5 7 55 5.28892 0.433951 0.261088 0.257525 1665
5 7 56 5.5 -2 0 0 2320
5 7 57 1.5 -2 0 0 2088
5 7 58 1.5 -2 0 0 1955
5 7 59 1.5 -2 0 0 1552
5 7 60 5.5 -2 0 0 2827
5 7 61 1.5 -2 0 0 1597
5 7 62 1.5 -2 0 0 1615
5 7 63 1.5 -2 0 0 1912
5 8 0 1.5 -2 0 0 832
5 8 1 5.5 -2 0 0 733
5 8 2 1.5 -2 0 0 717
5 8 3 1.5 -2 0 0 662
5 8 4 1.5 -2 0 0 695
5 8 5 1.5 -2 0 0 589
5 8 6 1.5 -2 0 0 736
5 8 7 5.5 -2 0 0 639
5 8 8 1.5 -2 0 0 684
5 8 9 5.5 -2 0 0 705
5 8 10 1.5 -2 0 0 705
5 8 11 5.5 -2 0 0 744
5 8 12 5.5 -2 0 0 678
5 8 13 1.5 -2 0 0 735
5 8 14 1.5 -2 0 0 818
5 8 15 1.5 -2 0 0 742
5 8 16 5.5 -2 0 0 730
5 8 17 1.5 -2 0 0 737
5 8 18 5.5 -2 0 0 644
5 8 19 1.5 -2 0 0 751
5 8 20 1.5 -2 0 0 760
5 8 21 1.5 -2 0 0 690
5 8 22 5.5 -2 0 0 672
5 8 23 5.5 -2 0 0 794
5 8 24 5.5 -2 0 0 749
5 8 25 1.5 -2 0 0 792
5 8 26 1.5 -2 0 0 854
5 8 27 1.5 -2 0 0 715
5 8 28 1.5 -2 0 0 791
5 8 29 5.5 -2 0 0 765
5 8 30 5.67623 0.188812 0.1 0.332768 730
5 8 31 5.80914 0.456262 0.276755 0.414514 819
5 8 32 5.31607 0.471323 0.351918 0.318316 744
5 8 33 1.5 -2 0 0 777
5 8 34 1.5 -2 0 0 869
5 8 35 5.5 -2 0 0 872
5 8 36 1.5 -2 0 0 798
5 8 37 5.5 -2 0 0 795
5 8 38 1.5 -2 0 0 1004
5 8 39 5.5 -2 0 0 1141
5 8 40 4.99596 0.358116 0.214199 0.382963 814
5 8 41 5.5 -2 0 0 815
5 8 42 5.39554 0.417087 0.300755 0.280826 939
5 8 43 5.5 -2 0 0 854
5 8 44 1.5 -2 0 0 815
5 8 45 1.5 -2 0 0 803
5 8 46 5.5 -2 0 0 905
5 8 47 1.5 -2 0 0 1175
5 8 48 1.5 -2 0 0 903
5 8 49 1.5 -2 0 0 923
5 8 50 1.5 -2 0 0 869
5 8 51 1.5 -2 0 0 1142
5 8 52 1.5 -2 0 0 956
5 8 53 5.5 -2 0 0 1069
5 8 54 1.5 -2 0 0 990
5 8 55 1.5 -2 0 0 1054
5 8 56 1.5 -2 0 0 1123
5 8 57 5.5 -2 0 0 1102
5 8 58 1.5 -2 0 0 968
5 8 59 1.5 -2 0 0 1028
5 8 60 1.5 -2 0 0 1118
5 8 61 5.5 -2 0 0 1321
5 8 62 1.5 -2 0 0 1136
5 8 63 1.5 -2 0 0 990
5 9 0 1.5 -2 0 0 1127
5 9 1 5.5 -2 0 0 1135
5 9 2 5.5 -2 0 0 1114
5 9 3 1.5 -2 0 0 884
5 9 4 1.5 -2 0 0 542
5 9 5 5.5 -2 0 0 708
5 9 6 5.5 -2 0 0 1082
5 9 7 5.5 -2 0 0 835
5 9 8 1.5 -2 0 0 934
5 9 9 5.5 -2 0 0 972
5 9 10 1.5 -2 0 0 906
5 9 11 1.5 -2 0 0 655
5 9 12 4.69443 0.445951 0.390469 0.0595858 417
5 9 13 5.5 -2 0 0 777
5 9 14 1.5 -2 0 0 941
5 9 15 5.5 -2 0 0 836
5 9 16 5.5 -2 0 0 970
5 9 17 5.5 -2 0 0 885
5 9 18 1.5 -2 0 0 904
5 9 19 1.5 -2 0 0 726
5 9 20 0 -10 0 0 141
5 9 21 5.5 -2 0 0 990
5 9 22 5.5 -2 0 0 885
5 9 23 0 -10 0 0 186
5 9 24 5.5 -2 0 0 873
5 9 25 1.5 -2 0 0 758
5 9 26 1.5 -2 0 0 836
5 9 27 5.5 -2 0 0 741
5 9 28 5.5 -2 0 0 703
5 9 29 5.5 -2 0 0 807
5 9 30 0 -10 0 0 160
5 9 31 5.5 -2 0 0 768
5 9 32 5.5 -2 0 0 687
5 9 33 5.5 -2 0 0 534
5 9 34 1.5 -2 0 0 823
5 9 35 0 -10 0 0 144
5 9 36 8.41929 0.739469 0.220591 0.292811 637
5 9 37 0 -10 0 0 150
5 9 38 5.5 -2 0 0 411
5 9 39 1.5 -2 0 0 672
5 9 40 0 -10 0 0 119
5 9 41 5.5 -2 0 0 678
5 9 42 0 -10 0 0 166
5 9 43 4.64087 0.456559 0.242859 0.11115 746
5 9 44 5.5 -2 0 0 588
5 9 45 5.5 -2 0 0 609
5 9 46 5.5 -2 0 0 762
5 9 47 1.5 -2 0 0 673
5 9 48 0 -10 0 0 147
5 9 49 5.52069 0.411385 0.527537 0.29228 655
5 9 50 5.5 -2 0 0 638
5 9 51 5.5 -2 0 0 649
5 9 52 5.5 -2 0 0 704
5 9 53 5.5 -2 0 0 620
5 9 54 1.5 -2 0 0 603
5 9 55 5.5 -2 0 0 658
5 9 56 1.5 -2 0 0 247
5 9 57 4.77976 0.405021 0.24746 0.352689 671
5 9 58 1.5 -2 0 0 713
5 9 59 1.5 -2 0 0 753
5 9 60 1.5 -2 0 0 661
5 9 61 5.5 -2 0 0 722
5 9 62 1.5 -2 0 0 716
5 9 63 1.5 -2 0 0 666
5 10 0 1.5 -2 0 0 1533
5 10 1 5.80838 0.423568 0.213609 0.564463 1376
5 10 2 5.5 -2 0 0 1353
5 10 3 1.5 -2 0 0 1328
5 10 4 1.5 -2 0 0 1605
5 10 5 5.5 -2 0 0 1438
5 10 6 1.5 -2 0 0 1308
5 10 7 1.5 -2 0 0 1346
5 10 8 5.58556 0.32813 0.175521 0.712851 1421
5 10 9 1.5 -2 0 0 1314
5 10 10 1.5 -2 0 0 528
5 10 11 1.5 -2 0 0 1580
5 10 12 5.5 -2 0 0 1349
5 10 13 1.5 -2 0 0 1346
5 10 14 5.5 -2 0 0 1568
5 10 15 5.5 -2 0 0 1516
5 10 16 1.5 -2 0 0 1261
5 10 17 5.5 -2 0 0 1697
5 10 18 5.5 -2 0 0 1539
5 10 19 6.05496 0.494133 0.255909 0.481685 1525
5 10 20 1.5 -2 0 0 281
5 10 21 1.5 -2 0 0 1196
5 10 22 5.5 -2 0 0 1278
5 10 23 5.5 -2 0 0 617
5 10 24 1.5 -2 0 0 1500
5 10 25 5.5 -2 0 0 1643
5 10 26 5.5 -2 0 0 1805
5 10 27 5.5 -2 0 0 1586
5 10 28 1.5 -2 0 0 1628
5 10 29 5.5 -2 0 0 1783
5 10 30 1.5 -2 0 0 1505
5 10 31 5.53941 0.346106 0.257628 0.423769 1875
5 10 32 5.5 -2 0 0 1758
5 10 33 5.5 -2 0 0 1434
5 10 34 9.5 -2 0 0 1975
5 10 35 1.5 -2 0 0 2149
5 10 36 1.5 -2 0 0 1915
5 10 37 1.5 -2 0 0 680
5 10 38 1.5 -2 0 0 2433
5 10 39 5.5 -2 0 0 3191
5 10 40 5.5 -2 0 0 2016
5 10 41 5.5 -2 0 0 1985
5 10 42 1.5 -2 0 0 2376
5 10 43 6.31546 0.333705 0.285819 0.787236 2156
5 10 44 5.5 -2 0 0 2263
5 10 45 5.5 -2 0 0 1991
5 10 46 5.5 -2 0 0 2316
5 10 47 1.5 -2 0 0 3048
5 10 48 1.5 -2 0 0 2207
5 10 49 1.5 -2 0 0 2344
5 10 50 1.5 -2 0 0 2367
5 10 51 1.5 -2 0 0 3703
5 10 52 5.5 -2 0 0 2421
5 10 53 1.5 -2 0 0 2981
5 10 54 1.5 -2 0 0 2464
5 10 55 1.5 -2 0 0 2937
5 10 56 1.5 -2 0 0 3324
5 10 57 4.64233 0.35788 0.258151 0.330697 3396
5 10 58 1.5 -2 0 0 2928
5 10 59 5.5 -2 0 0 2657
5 10 60 1.5 -2 0 0 3009
5 10 61 1.5 -2 0 0 3963
5 10 62 4.65933 0.461742 0.283146 0.326585 3071
5 10 63 1.5 -2 0 0 2671
5 11 0 5.5 -2 0 0 3941
5 11 1 1.5 -2 0 0 3746
5 11 2 1.5 -2 0 0 3009
5 11 3 1.5 -2 0 0 2307
5 11 4 5.5 -2 0 0 2252
5 11 5 6.61361 0.626604 0.389519 0.595644 2518
5 11 6 5.5 -2 0 0 3409
5 11 7 5.5 -2 0 0 2128
5 11 8 5.5 -2 0 0 2830
5 11 9 1.5 -2 0 0 3077
5 11 10 1.5 -2 0 0 2842
5 11 11 5.5 -2 0 0 2304
5 11 12 1.5 -2 0 0 2658
5 11 13 5.5 -2 0 0 1963
5 11 14 5.5 -2 0 0 3025
5 11 15 1.5 -2 0 0 2120
5 11 16 1.5 -2 0 0 2870
5 11 17 5.5 -2 0 0 2493
5 11 18 4.86433 0.132912 0.1 0.746833 1365
5 11 19 1.5 -2 0 0 1861
5 11 20 5.5 -2 0 0 1870
5 11 21 5.5 -2 0 0 3320
5 11 22 1.5 -2 0 0 2312
5 11 23 1.5 -2 0 0 2134
5 11 24 5.5 -2 0 0 2896
5 11 25 1.5 -2 0 0 1574
5 11 26 5.5 -2 0 0 2641
5 11 27 1.5 -2 0 0 1793
5 11 28 1.5 -2 0 0 1727
5 11 29 5.5 -2 0 0 2153
5 11 30 5.5 -2 0 0 1894
5 11 31 5.5 -2 0 0 1549
5 11 32 5.5 -2 0 0 1474
5 11 33 5.5 -2 0 0 1513
5 11 34 5.5 -2 0 0 2301
5 11 35 5.5 -2 0 0 1380
5 11 36 5.5 -2 0 0 1582
5 11 37 5.5 -2 0 0 1785
5 11 38 1.5 -2 0 0 1267
5 11 39 1.5 -2 0 0 1243
5 11 40 1.5 -2 0 0 1745
5 11 41 5.91549 0.464759 0.222875 0.509298 1355
5 11 42 1.5 -2 0 0 1455
5 11 43 1.5 -2 0 0 1804
5 11 44 5.5 -2 0 0 1204
5 11 45 5.5 -2 0 0 1370
5 11 46 5.5 -2 0 0 2033
5 11 47 1.5 -2 0 0 1173
5 11 48 1.5 -2 0 0 1357
5 11 49 5.5 -2 0 0 1601
5 11 50 1.5 -2 0 0 1314
5 11 51 5.5 -2 0 0 1315
5 11 52 1.5 -2 0 0 1696
5 11 53 1.5 -2 0 0 1151
5 11 54 1.5 -2 0 0 1233
5 11 55 1.5 -2 0 0 1506
5 11 56 1.5 -2 0 0 1403
5 11 57 1.5 -2 0 0 1290
5 11 58 1.5 -2 0 0 1354
5 11 59 1.5 -2 0 0 1780
5 11 60 1.5 -2 0 0 1250
5 11 61 5.5 -2 0 0 1475
5 11 62 1.5 -2 0 0 1621
5 11 63 5.5 -2 0 0 1496
5 12 0 5.5 -2 0 0 3220
5 12 1 1.5 -2 0 0 3930
5 12 2 1.5 -2 0 0 3668
5 12 3 1.5 -2 0 0 3310
5 12 4 1.5 -2 0 0 4054
5 12 5 5.5 -2 0 0 3638
5 12 6 1.5 -2 0 0 3691
5 12 7 1.5 -2 0 0 3247
5 12 8 1.5 -2 0 0 3733
5 12 9 5.5 -2 0 0 3247
5 12 10 5.5 -2 0 0 3236
5 12 11 5.5 -2 0 0 3770
5 12 12 5.5 -2 0 0 3590
5 12 13 5.5 -2 0 0 3205
5 12 14 1.5 -2 0 0 4028
5 12 15 5.5 -2 0 0 3446
5 12 16 4.91109 0.260355 0.325981 0.530245 3261
5 12 17 5.5 -2 0 0 4185
5 12 18 5.5 -2 0 0 3750
5 12 19 1.5 -2 0 0 3428
5 12 20 1.5 -2 0 0 4318
5 12 21 1.5 -2 0 0 3303
5 12 22 5.5 -2 0 0 3094
5 12 23 5.5 -2 0 0 4034
5 12 24 5.5 -2 0 0 3814
5 12 25 4.68526 0.338745 0.261484 0.377148 3655
5 12 26 5.5 -2 0 0 4543
5 12 27 1.5 -2 0 0 1882
5 12 28 1.5 -2 0 0 3582
5 12 29 1.5 -2 0 0 4592
5 12 30 1.5 -2 0 0 3804
5 12 31 5.5 -2 0 0 3937
5 12 32 5.5 -2 0 0 3486
5 12 33 5.5 -2 0 0 3800
5 12 34 5.84892 0.539428 0.248919 0.22524 4841
5 12 35 5.5 -2 0 0 3842
5 12 36 5.5 -2 0 0 4268
5 12 37 5.5 -2 0 0 4637
5 12 38 5.5 -2 0 0 4317
5 12 39 5.5 -2 0 0 4904
5 12 40 1.5 -2 0 0 4414
5 12 41 1.5 -2 0 0 3995
5 12 42 4.71164 0.294272 0.353052 0.998982 3732
5 12 43 5.5 -2 0 0 4339
5 12 44 1.5 -2 0 0 4109
5 12 45 5.27851 0.285583 0.24108 0.963175 3993
5 12 46 5.5 -2 0 0 5011
5 12 47 5.5 -2 0 0 673
5 12 48 5.5 -2 0 0 3830
5 12 49 1.5 -2 0 0 4552
5 12 50 5.5 -2 0 0 1485
5 12 51 5.5 -2 0 0 5616
5 12 52 1.5 -2 0 0 4909
5 12 53 1.5 -2 0 0 4406
5 12 54 1.5 -2 0 0 4681
5 12 55 5.5 -2 0 0 5135
5 12 56 1.5 -2 0 0 4515
5 12 57 1.5 -2 0 0 5270
5 12 58 1.5 -2 0 0 4406
5 12 59 1.5 -2 0 0 5195
5 12 60 1.5 -2 0 0 4051
5 12 61 1.5 -2 0 0 5941
5 12 62 1.5 -2 0 0 5689
5 12 63 5.5 -2 0 0 4769
5 13 0 1.5 -2 0 0 5996
5 13 1 1.5 -2 0 0 5419
5 13 2 5.5 -2 0 0 5159
5 13 3 1.5 -2 0 0 4146
5 13 4 5.5 -2 0 0 775
5 13 5 1.5 -2 0 0 4964
5 13 6 1.5 -2 0 0 4889
5 13 7 1.5 -2 0 0 3695
5 13 8 1.5 -2 0 0 4779
5 13 9 1.5 -2 0 0 4494
5 13 10 1.5 -2 0 0 4079
5 13 11 5.5 -2 0 0 4965
5 13 12 1.5 -2 0 0 4455
5 13 13 1.5 -2 0 0 689
5 13 14 1.5 -2 0 0 5587
5 13 15 1.5 -2 0 0 4157
5 13 16 5.5 -2 0 0 4089
5 13 17 1.5 -2 0 0 5234
5 13 18 5.5 -2 0 0 4300
5 13 19 1.5 -2 0 0 3691
5 13 20 5.5 -2 0 0 4162
5 13 21 5.5 -2 0 0 4723
5 13 22 5.5 -2 0 0 3894
5 13 23 1.5 -2 0 0 406
5 13 24 1.5 -2 0 0 5169
5 13 25 1.5 -2 0 0 3702
5 13 26 5.5 -2 0 0 5519
5 13 27 1.5 -2 0 0 1740
5 13 28 1.5 -2 0 0 1638
5 13 29 1.5 -2 0 0 688
5 13 30 9.5 -2 0 0 4188
5 13 31 1.5 -2 0 0 3384
5 13 32 5.5 -2 0 0 3411
5 13 33 1.5 -2 0 0 2779
5 13 34 5.47063 0.451531 0.170372 0.276878 5310
5 13 35 5.5 -2 0 0 3250
5 13 36 1.5 -2 0 0 251
5 13 37 1.5 -2 0 0 250
5 13 38 5.5 -2 0 0 2965
5 13 39 5.5 -2 0 0 3582
5 13 40 1.5 -2 0 0 2964
5 13 41 1.5 -2 0 0 3030
5 13 42 4.93828 0.480257 0.375115 0.421664 3891
5 13 43 5.5 -2 0 0 624
5 13 44 5.5 -2 0 0 3008
5 13 45 5.5 -2 0 0 3564
5 13 46 5.5 -2 0 0 5115
5 13 47 1.5 -2 0 0 2930
5 13 48 5.5 -2 0 0 3152
5 13 49 5.5 -2 0 0 4083
5 13 50 5.5 -2 0 0 3271
5 13 51 5.5 -2 0 0 3969
5 13 52 1.5 -2 0 0 4284
5 13 53 1.5 -2 0 0 3016
5 13 54 1.5 -2 0 0 3373
5 13 55 5.5 -2 0 0 3858
5 13 56 1.5 -2 0 0 3717
5 13 57 1.5 -2 0 0 3785
5 13 58 1.5 -2 0 0 3491
5 13 59 1.5 -2 0 0 4539
5 13 60 1.5 -2 0 0 3293
5 13 61 5.5 -2 0 0 4277
5 13 62 1.5 -2 0 0 4300
5 13 63 1.5 -2 0 0 3651
5 14 0 1.5 -2 0 0 6062
5 14 1 1.5 -2 0 0 5292
5 14 2 1.5 -2 0 0 5235
5 14 3 1.5 -2 0 0 3930
5 14 4 1.5 -2 0 0 4295
5 14 5 1.5 -2 0 0 4485
5 14 6 1.5 -2 0 0 4871
5 14 7 1.5 -2 0 0 2867
5 14 8 1.5 -2 0 0 4735
5 14 9 1.5 -2 0 0 2795
5 14 10 5.5 -2 0 0 4344
5 14 11 1.5 -2 0 0 4203
5 14 12 5.5 -2 0 0 3792
5 14 13 1.5 -2 0 0 3627
5 14 14 1.5 -2 0 0 5483
5 14 15 1.5 -2 0 0 3564
5 14 16 5.02439 0.285392 0.262764 0.394229 3175
5 14 17 1.5 -2 0 0 4269
5 14 18 5.5 -2 0 0 3833
5 14 19 1.5 -2 0 0 3713
5 14 20 5.5 -2 0 0 3863
5 14 21 1.5 -2 0 0 4860
5 14 22 5.5 -2 0 0 3830
5 14 23 1.5 -2 0 0 4169
5 14 24 1.5 -2 0 0 4688
5 14 25 5.5 -2 0 0 3489
5 14 26 1.5 -2 0 0 2404
5 14 27 4.87265 0.244492 0.114317 0.314953 2467
5 14 28 1.5 -2 0 0 3439
5 14 29 5.5 -2 0 0 4238
5 14 30 1.5 -2 0 0 3641
5 14 31 1.5 -2 0 0 2979
5 14 32 1.5 -2 0 0 3010
5 14 33 5.5 -2 0 0 3090
5 14 34 5.5 -2 0 0 4637
5 14 35 5.5 -2 0 0 2886
5 14 36 1.5 -2 0 0 3198
5 14 37 5.5 -2 0 0 3757
5 14 38 5.5 -2 0 0 2520
5 14 39 1.5 -2 0 0 2522
5 14 40 5.5 -2 0 0 3430
5 14 41 5.5 -2 0 0 2707
5 14 42 5.5 -2 0 0 3164
5 14 43 1.5 -2 0 0 3713
5 14 44 5.2667 0.108037 0.1 0.394719 2364
5 14 45 5.5 -2 0 0 2747
5 14 46 5.5 -2 0 0 4121
5 14 47 1.5 -2 0 0 2584
5 14 48 5.5 -2 0 0 2804
5 14 49 1.5 -2 0 0 3162
5 14 50 1.5 -2 0 0 2715
5 14 51 5.5 -2 0 0 1313
5 14 52 1.5 -2 0 0 3271
5 14 53 5.5 -2 0 0 2422
5 14 54 5.5 -2 0 0 2736
5 14 55 1.5 -2 0 0 2701
5 14 56 1.5 -2 0 0 2817
5 14 57 1.5 -2 0 0 3047
5 14 58 1.5 -2 0 0 2779
5 14 59 1.5 -2 0 0 3913
5 14 60 1.5 -2 0 0 2588
5 14 61 1.5 -2 0 0 3149
5 14 62 1.5 -2 0 0 3206
5 14 63 5.5 -2 0 0 2685
5 15 0 1.5 -2 0 0 3041
5 15 1 5.5 -2 0 0 978
5 15 2 5.5 -2 0 0 2833
5 15 3 1.5 -2 0 0 2445
5 15 4 1.5 -2 0 0 2888
5 15 5 1.5 -2 0 0 2717
5 15 6 1.5 -2 0 0 371
5 15 7 1.5 -2 0 0 2173
5 15 8 1.5 -2 0 0 2569
5 15 9 5.5 -2 0 0 2251
5 15 10 1.5 -2 0 0 2092
5 15 11 5.25459 0.459763 0.174996 0.556611 2904
5 15 12 1.5 -2 0 0 2426
5 15 13 1.5 -2 0 0 2380
5 15 14 1.5 -2 0 0 3101
5 15 15 5.5 -2 0 0 2553
5 15 16 0 -10 0 0 0
5 15 17 5.5 -2 0 0 3293
5 15 18 1.5 -2 0 0 2621
5 15 19 1.5 -2 0 0 2566
5 15 20 1.5 -2 0 0 3009
5 15 21 5.5 -2 0 0 2364
5 15 22 5.5 -2 0 0 2288
5 15 23 5.5 -2 0 0 3262
5 15 24 4.68032 0.299581 0.1 0.958559 3041
5 15 25 5.2886 0.495227 0.192012 0.472178 2692
5 15 26 5.5 -2 0 0 3463
5 15 27 5.5 -2 0 0 2767
5 15 28 5.5 -2 0 0 2765
5 15 29 5.42015 0.526045 0.10227 0.184668 3459
5 15 30 5.5 -2 0 0 3213
5 15 31 6.12069 0.584902 0.159884 0.63822 2758
5 15 32 1.5 -2 0 0 2782
5 15 33 5.5 -2 0 0 3297
5 15 34 1.5 -2 0 0 4092
5 15 35 1.5 -2 0 0 2314
5 15 36 1.5 -2 0 0 3278
5 15 37 5.5 -2 0 0 3700
5 15 38 5.5 -2 0 0 2036
5 15 39 5.5 -2 0 0 4164
5 15 40 5.5 -2 0 0 3489
5 15 41 1.5 -2 0 0 2027
5 15 42 1.5 -2 0 0 3731
5 15 43 4.82215 0.392468 0.255063 0.264933 3956
5 15 44 1.5 -2 0 0 2911
5 15 45 5.5 -2 0 0 3558
5 15 46 1.5 -2 0 0 4200
5 15 47 5.5 -2 0 0 3691
5 15 48 5.5 -2 0 0 3678
5 15 49 1.5 -2 0 0 4202
5 15 50 1.5 -2 0 0 3777
5 15 51 5.5 -2 0 0 5458
5 15 52 1.5 -2 0 0 4345
5 15 53 5.5 -2 0 0 3958
5 15 54 1.5 -2 0 0 4090
5 15 55 5.5 -2 0 0 4359
5 15 56 5.5 -2 0 0 4782
5 15 57 1.5 -2 0 0 5036
5 15 58 1.5 -2 0 0 4421
5 15 59 1.5 -2 0 0 4706
5 15 60 1.5 -2 0 0 4031
5 15 61 5.5 -2 0 0 5476
5 15 62 5.5 -2 0 0 4758
5 15 63 1.5 -2 0 0 4176
6 0 0 5.5 -2 0 0 278
6 0 1 0 -10 0 0 149
6 0 2 5.5 -2 0 0 524
6 0 3 0 -10 0 0 75
6 0 4 5.01481 0.318542 0.1 0.334482 511
6 0 5 1.5 -2 0 0 364
6 0 6 1.5 -2 0 0 210
6 0 7 0 -10 0 0 85
6 0 8 5.5 -2 0 0 442
6 0 9 0 -10 0 0 96
6 0 10 0 -10 0 0 91
6 0 11 1.5 -2 0 0 524
6 0 12 0 -10 0 0 95
6 0 13 5.5 -2 0 0 201
6 0 14 5.5 -2 0 0 414
6 0 15 0 -10 0 0 132
6 0 16 5.5 -2 0 0 548
6 0 17 5.5 -2 0 0 573
6 0 18 0 -10 0 0 115
6 0 19 0 -10 0 0 169
6 0 20 0 -10 0 0 104
6 0 21 0 -10 0 0 125
6 0 22 0 -10 0 0 84
6 0 23 5.5 -2 0 0 214
6 0 24 5.5 -2 0 0 484
6 0 25 0 -10 0 0 132
6 0 26 5.5 -2 0 0 430
6 0 27 0 -10 0 0 99
6 0 28 0 -10 0 0 156
6 0 29 1.5 -2 0 0 602
6 0 30 0 -10 0 0 112
6 0 31 5.5 -2 0 0 545
6 0 32 0 -10 0 0 132
6 0 33 0 -10 0 0 135
6 0 34 5.61669 0.412452 0.329329 0.257335 646
6 0 35 0 -10 0 0 178
6 0 36 0 -10 0 0 108
6 0 37 0 -10 0 0 176
6 0 38 1.5 -2 0 0 494
6 0 39 4.84422 0.468919 0.426688 0.204028 298
6 0 40 0 -10 0 0 142
6 0 41 1.5 -2 0 0 216
6 0 42 0 -10 0 0 122
6 0 43 1.5 -2 0 0 419
6 0 44 1.5 -2 0 0 448
6 0 45 0 -10 0 0 146
6 0 46 1.5 -2 0 0 273
6 0 47 1.5 -2 0 0 555
6 0 48 0 -10 0 0 133
6 0 49 0 -10 0 0 198
6 0 50 1.5 -2 0 0 225
6 0 51 1.5 -2 0 0 669
6 0 52 1.5 -2 0 0 225
6 0 53 1.5 -2 0 0 592
6 0 54 0 -10 0 0 199
6 0 55 1.5 -2 0 0 525
6 0 56 1.5 -2 0 0 248
6 0 57 1.5 -2 0 0 668
6 0 58 1.5 -2 0 0 204
6 0 59 1.5 -2 0 0 371
6 0 60 1.5 -2 0 0 656
6 0 61 1.5 -2 0 0 499
6 0 62 1.5 -2 0 0 631
6 0 63 1.5 -2 0 0 459
6 1 0 5.5 -2 0 0 415
6 1 1 1.5 -2 0 0 506
6 1 2 5.5 -2 0 0 454
6 1 3 5.5 -2 0 0 259
6 1 4 0 -10 0 0 112
6 1 5 1.5 -2 0 0 734
6 1 6 1.5 -2 0 0 582
6 1 7 5.5 -2 0 0 790
6 1 8 0 -10 0 0 176
6 1 9 0 -10 0 0 195
6 1 10 4.76961 0.475104 0.220668 0.0455362 747
6 1 11 0 -10 0 0 121
6 1 12 5.5 -2 0 0 287
6 1 13 5.5 -2 0 0 566
6 1 14 5.5 -2 0 0 340
6 1 15 5.5 -2 0 0 413
6 1 16 5.5 -2 0 0 1149
6 1 17 0 -10 0 0 176
6 1 18 0 -10 0 0 115
6 1 19 5.5 -2 0 0 522
6 1 20 0 -10 0 0 96
6 1 21 5.5 -2 0 0 402
6 1 22 4.62724 0.460753 0.719859 0.299091 497
6 1 23 0 -10 0 0 90
6 1 24 1.5 -2 0 0 376
6 1 25 5.5 -2 0 0 292
6 1 26 5.5 -2 0 0 534
6 1 27 0 -10 0 0 114
6 1 28 0 -10 0 0 168
6 1 29 0 -10 0 0 104
6 1 30 0 -10 0 0 98
6 1 31 1.5 -2 0 0 478
6 1 32 5.5 -2 0 0 476
6 1 33 0 -10 0 0 115
6 1 34 0 -10 0 0 179
6 1 35 1.5 -2 0 0 754
6 1 36 0 -10 0 0 114
6 1 37 0 -10 0 0 99
6 1 38 5.14571 0.436872 0.366509 0.206343 620
6 1 39 0 -10 0 0 84
6 1 40 0 -10 0 0 105
6 1 41 1.5 -2 0 0 617
6 1 42 0 -10 0 0 180
6 1 43 0 -10 0 0 119
6 1 44 5.5 -2 0 0 425
6 1 45 0 -10 0 0 185
6 1 46 5.5 -2 0 0 241
6 1 47 5.5 -2 0 0 423
6 1 48 5.5 -2 0 0 363
6 1 49 0 -10 0 0 141
6 1 50 1.5 -2 0 0 675
6 1 51 0 -10 0 0 106
6 1 52 0 -10 0 0 194
6 1 53 0 -10 0 0 126
6 1 54 1.5 -2 0 0 614
6 1 55 0 -10 0 0 184
6 1 56 0 -10 0 0 104
6 1 57 0 -10 0 0 105
6 1 58 5.5 -2 0 0 621
6 1 59 5.5 -2 0 0 249
6 1 60 0 -10 0 0 70
6 1 61 0 -10 0 0 94
6 1 62 0 -10 0 0 199
6 1 63 0 -10 0 0 193
6 2 0 1.5 -2 0 0 279
6 2 1 0 -10 0 0 140
6 2 2 1.5 -2 0 0 538
6 2 3 5.5 -2 0 0 581
6 2 4 0 -10 0 0 129
6 2 5 5.5 -2 0 0 264
6 2 6 0 -10 0 0 157
6 2 7 5.5 -2 0 0 397
6 2 8 1.5 -2 0 0 585
6 2 9 1.5 -2 0 0 650
6 2 10 5.67411 0.284073 0.1 0.265328 642
6 2 11 5.5 -2 0 0 749
6 2 12 1.5 -2 0 0 439
6 2 13 1.5 -2 0 0 536
6 2 14 4.8626 0.46057 0.31654 0.309748 671
6 2 15 5.5 -2 0 0 665
6 2 16 5.5 -2 0 0 367
6 2 17 5.5 -2 0 0 638
6 2 18 1.5 -2 0 0 206
6 2 19 5.5 -2 0 0 429
6 2 20 1.5 -2 0 0 202
6 2 21 5.5 -2 0 0 681
6 2 22 6.23913 0.481731 0.190941 0.397733 470
6 2 23 4.77405 0.429393 0.298364 0.199427 757
6 2 24 5.5 -2 0 0 631
6 2 25 5.5 -2 0 0 361
6 2 26 1.5 -2 0 0 727
6 2 27 5.5 -2 0 0 528
6 2 28 1.5 -2 0 0 654
6 2 29 5.5 -2 0 0 678
6 2 30 0 -10 0 0 160
6 2 31 1.5 -2 0 0 686
6 2 32 5.5 -2 0 0 518
6 2 33 1.5 -2 0 0 603
6 2 34 5.5 -2 0 0 768
6 2 35 5.5 -2 0 0 711
6 2 36 6.09718 0.448778 0.302297 0.414872 591
6 2 37 1.5 -2 0 0 803
6 2 38 5.5 -2 0 0 743
6 2 39 1.5 -2 0 0 874
6 2 40 5.5 -2 0 0 791
6 2 41 1.5 -2 0 0 515
6 2 42 5.10514 0.425208 0.235583 0.23583 637
6 2 43 5.9766 0.465911 0.146862 0.262741 701
6 2 44 1.5 -2 0 0 608
6 2 45 5.5 -2 0 0 655
6 2 46 0 -10 0 0 178
6 2 47 5.5 -2 0 0 826
6 2 48 5.5 -2 0 0 683
6 2 49 5.5 -2 0 0 715
6 2 50 1.5 -2 0 0 616
6 2 51 1.5 -2 0 0 1108
6 2 52 1.5 -2 0 0 703
6 2 53 1.5 -2 0 0 744
6 2 54 5.5 -2 0 0 766
6 2 55 5.5 -2 0 0 936
6 2 56 1.5 -2 0 0 927
6 2 57 1.5 -2 0 0 997
6 2 58 1.5 -2 0 0 851
6 2 59 1.5 -2 0 0 720
6 2 60 1.5 -2 0 0 695
6 2 61 5.5 -2 0 0 1286
6 2 62 1.5 -2 0 0 1103
6 2 63 5.5 -2 0 0 795
6 3 0 1.5 -2 0 0 1162
6 3 1 1.5 -2 0 0 1224
6 3 2 5.5 -2 0 0 1506
6 3 3 1.5 -2 0 0 1248
6 3 4 0 -10 0 0 193
6 3 5 5.69407 0.522651 0.270323 0.245666 1431
6 3 6 1.5 -2 0 0 1708
6 3 7 1.5 -2 0 0 2296
6 3 8 1.5 -2 0 0 1360
6 3 9 1.5 -2 0 0 2111
6 3 10 5.5 -2 0 0 1840
6 3 11 1.5 -2 0 0 218
6 3 12 1.5 -2 0 0 919
6 3 13 1.5 -2 0 0 960
6 3 14 1.5 -2 0 0 1248
6 3 15 1.5 -2 0 0 732
6 3 16 1.5 -2 0 0 2713
6 3 17 5.5 -2 0 0 208
6 3 18 5.5 -2 0 0 220
6 3 19 1.5 -2 0 0 1258
6 3 20 1.5 -2 0 0 491
6 3 21 1.5 -2 0 0 945
6 3 22 5.5 -2 0 0 1208
6 3 23 0 -10 0 0 193
6 3 24 5.5 -2 0 0 524
6 3 25 1.5 -2 0 0 1798
6 3 26 5.5 -2 0 0 281
6 3 27 5.5 -2 0 0 231
6 3 28 5.5 -2 0 0 1437
6 3 29 0 -10 0 0 155
6 3 30 5.5 -2 0 0 210
6 3 31 1.5 -2 0 0 1041
6 3 32 5.5 -2 0 0 905
6 3 33 5.5 -2 0 0 257
6 3 34 0 -10 0 0 171
6 3 35 1.5 -2 0 0 1409
6 3 36 5.5 -2 0 0 380
6 3 37 5.5 -2 0 0 203
6 3 38 5.5 -2 0 0 936
6 3 39 0 -10 0 0 104
6 3 40 1.5 -2 0 0 1195
6 3 41 1.5 -2 0 0 735
6 3 42 1.5 -2 0 0 492
6 3 43 1.5 -2 0 0 575
6 3 44 1.5 -2 0 0 774
6 3 45 5.5 -2 0 0 1114
6 3 46 1.5 -2 0 0 843
6 3 47 1.5 -2 0 0 1213
6 3 48 1.5 -2 0 0 1061
6 3 49 1.5 -2 0 0 233
6 3 50 4.74049 0.372041 0.38789 0.083415 576
6 3 51 1.5 -2 0 0 352
6 3 52 1.5 -2 0 0 295
6 3 53 1.5 -2 0 0 1018
6 3 54 1.5 -2 0 0 493
6 3 55 1.5 -2 0 0 409
6 3 56 1.5 -2 0 0 342
6 3 57 1.5 -2 0 0 283
6 3 58 5.5 -2 0 0 395
6 3 59 1.5 -2 0 0 605
6 3 60 0 -10 0 0 154
6 3 61 5.5 -2 0 0 715
6 3 62 1.5 -2 0 0 399
6 3 63 1.5 -2 0 0 505
6 4 0 1.5 -2 0 0 1477
6 4 1 4.9531 0.462882 0.308346 0.24977 1138
6 4 2 5.5 -2 0 0 1048
6 4 3 5.5 -2 0 0 390
6 4 4 4.64177 0.363334 0.329889 0.263354 843
6 4 5 5.5 -2 0 0 369
6 4 6 5.5 -2 0 0 932
6 4 7 1.5 -2 0 0 793
6 4 8 5.5 -2 0 0 771
6 4 9 0 -10 0 0 142
6 4 10 5.5 -2 0 0 452
6 4 11 5.5 -2 0 0 1001
6 4 12 5.5 -2 0 0 219
6 4 13 5.5 -2 0 0 570
6 4 14 5.5 -2 0 0 774
6 4 15 5.5 -2 0 0 811
6 4 16 5.5 -2 0 0 594
6 4 17 1.5 -2 0 0 361
6 4 18 5.5 -2 0 0 836
6 4 19 1.5 -2 0 0 494
6 4 20 5.5 -2 0 0 883
6 4 21 1.5 -2 0 0 400
6 4 22 5.5 -2 0 0 815
6 4 23 1.5 -2 0 0 945
6 4 24 5.5 -2 0 0 650
6 4 25 4.74407 0.401343 0.196572 0.171468 800
6 4 26 5.10068 0.446169 0.413024 0.377207 450
6 4 27 6.23776 0.546632 0.404379 0.60918 511
6 4 28 5.5 -2 0 0 652
6 4 29 0 -10 0 0 185
6 4 30 1.5 -2 0 0 800
6 4 31 1.5 -2 0 0 429
6 4 32 5.5 -2 0 0 675
6 4 33 5.5 -2 0 0 544
6 4 34 5.5 -2 0 0 254
6 4 35 5.19939 0.300219 0.1 0.282802 828
6 4 36 1.5 -2 0 0 882
6 4 37 5.8577 0.48954 0.531556 0.4066 389
6 4 38 5.94265 0.435243 0.263952 0.388376 805
6 4 39 6.1999 0.423383 0.170324 0.376073 1037
6 4 40 1.5 -2 0 0 951
6 4 41 4.63173 0.406762 0.202498 0.32525 834
6 4 42 5.5 -2 0 0 737
6 4 43 5.5 -2 0 0 277
6 4 44 5.5 -2 0 0 844
6 4 45 5.5 -2 0 0 633
6 4 46 1.5 -2 0 0 250
6 4 47 5.5 -2 0 0 654
6 4 48 9.5 -2 0 0 719
6 4 49 1.5 -2 0 0 433
6 4 50 5.5 -2 0 0 547
6 4 51 5.5 -2 0 0 1110
6 4 52 5.5 -2 0 0 290
6 4 53 1.5 -2 0 0 618
6 4 54 1.5 -2 0 0 676
6 4 55 1.5 -2 0 0 514
6 4 56 1.5 -2 0 0 802
6 4 57 5.5 -2 0 0 928
6 4 58 1.5 -2 0 0 641
6 4 59 5.5 -2 0 0 273
6 4 60 1.5 -2 0 0 649
6 4 61 1.5 -2 0 0 820
6 4 62 5.5 -2 0 0 655
6 4 63 1.5 -2 0 0 555
6 5 0 1.5 -2 0 0 1265
6 5 1 1.5 -2 0 0 1695
6 5 2 1.5 -2 0 0 1942
6 5 3 5.5 -2 0 0 2897
6 5 4 5.5 -2 0 0 1430
6 5 5 5.5 -2 0 0 2029
6 5 6 5.5 -2 0 0 2027
6 5 7 1.5 -2 0 0 3971
6 5 8 1.5 -2 0 0 1597
6 5 9 1.5 -2 0 0 2596
6 5 10 5.5 -2 0 0 3425
6 5 11 9.5 -2 0 0 2100
6 5 12 5.5 -2 0 0 2139
6 5 13 5.5 -2 0 0 3167
6 5 14 5.5 -2 0 0 442
6 5 15 5.5 -2 0 0 1900
6 5 16 5.5 -2 0 0 4270
6 5 17 1.5 -2 0 0 498
6 5 18 5.5 -2 0 0 2595
6 5 19 5.5 -2 0 0 4049
6 5 20 1.5 -2 0 0 2196
6 5 21 1.5 -2 0 0 2581
6 5 22 5.5 -2 0 0 3216
6 5 23 1.5 -2 0 0 2008
6 5 24 5.5 -2 0 0 1010
6 5 25 5.5 -2 0 0 3796
6 5 26 5.5 -2 0 0 434
6 5 27 5.5 -2 0 0 660
6 5 28 1.5 -2 0 0 3063
6 5 29 5.5 -2 0 0 1853
6 5 30 1.5 -2 0 0 2486
6 5 31 5.5 -2 0 0 3531
6 5 32 5.5 -2 0 0 2875
6 5 33 1.5 -2 0 0 515
6 5 34 5.5 -2 0 0 327
6 5 35 1.5 -2 0 0 3401
6 5 36 5.5 -2 0 0 1534
6 5 37 5.5 -2 0 0 1376
6 5 38 1.5 -2 0 0 2253
6 5 39 5.5 -2 0 0 2222
6 5 40 9.5 -2 0 0 2270
6 5 41 1.5 -2 0 0 1954
6 5 42 1.5 -2 0 0 260
6 5 43 1.5 -2 0 0 738
6 5 44 1.5 -2 0 0 1060
6 5 45 1.5 -2 0 0 503
6 5 46 1.5 -2 0 0 337
6 5 47 5.5 -2 0 0 3195
6 5 48 1.5 -2 0 0 2298
6 5 49 5.5 -2 0 0 311
6 5 50 6.32648 0.455052 0.25204 0.5466 676
6 5 51 1.5 -2 0 0 1608
6 5 52 5.5 -2 0 0 938
6 5 53 5.5 -2 0 0 2720
6 5 54 1.5 -2 0 0 277
6 5 55 1.5 -2 0 0 1636
6 5 56 5.63001 0.370632 0.292936 0.436413 1997
6 5 57 1.5 -2 0 0 785
6 5 58 1.5 -2 0 0 313
6 5 59 1.5 -2 0 0 1595
6 5 60 5.40501 0.48873 0.124401 0.549063 2428
6 5 61 1.5 -2 0 0 1061
6 5 62 1.5 -2 0 0 645
6 5 63 1.5 -2 0 0 332
6 6 0 1.5 -2 0 0 1179
6 6 1 5.5 -2 0 0 1172
6 6 2 1.5 -2 0 0 999
6 6 3 1.5 -2 0 0 781
6 6 4 1.5 -2 0 0 798
6 6 5 1.5 -2 0 0 793
6 6 6 1.5 -2 0 0 885
6 6 7 1.5 -2 0 0 576
6 6 8 1.5 -2 0 0 968
6 6 9 5.5 -2 0 0 799
6 6 10 1.5 -2 0 0 617
6 6 11 1.5 -2 0 0 820
6 6 12 1.5 -2 0 0 762
6 6 13 4.92884 0.47031 0.290166 0.14028 747
6 6 14 5.5 -2 0 0 1189
6 6 15 4.85973 0.40755 0.274132 0.279752 748
6 6 16 5.5 -2 0 0 783
6 6 17 1.5 -2 0 0 957
6 6 18 5.5 -2 0 0 658
6 6 19 1.5 -2 0 0 816
6 6 20 1.5 -2 0 0 767
6 6 21 1.5 -2 0 0 588
6 6 22 1.5 -2 0 0 844
6 6 23 1.5 -2 0 0 831
6 6 24 1.5 -2 0 0 1074
6 6 25 1.5 -2 0 0 808
6 6 26 1.5 -2 0 0 1172
6 6 27 5.5 -2 0 0 691
6 6 28 1.5 -2 0 0 648
6 6 29 5.5 -2 0 0 1111
6 6 30 5.75524 0.455758 0.224053 0.364148 628
6 6 31 5.5 -2 0 0 705
6 6 32 5.5 -2 0 0 791
6 6 33 1.5 -2 0 0 690
6 6 34 1.5 -2 0 0 1335
6 6 35 5.5 -2 0 0 709
6 6 36 1.5 -2 0 0 814
6 6 37 1.5 -2 0 0 789
6 6 38 1.5 -2 0 0 590
6 6 39 5.5 -2 0 0 636
6 6 40 4.89045 0.451276 0.342799 0.339427 735
6 6 41 1.5 -2 0 0 578
6 6 42 1.5 -2 0 0 704
6 6 43 1.5 -2 0 0 900
6 6 44 1.5 -2 0 0 586
6 6 45 5.5 -2 0 0 762
6 6 46 5.5 -2 0 0 1222
6 6 47 1.5 -2 0 0 601
6 6 48 5.5 -2 0 0 565
6 6 49 1.5 -2 0 0 717
6 6 50 1.5 -2 0 0 591
6 6 51 1.5 -2 0 0 1004
6 6 52 1.5 -2 0 0 841
6 6 53 1.5 -2 0 0 510
6 6 54 5.5 -2 0 0 635
6 6 55 5.5 -2 0 0 802
6 6 56 1.5 -2 0 0 682
6 6 57 1.5 -2 0 0 903
6 6 58 1.5 -2 0 0 636
6 6 59 1.5 -2 0 0 933
6 6 60 1.5 -2 0 0 776
6 6 61 1.5 -2 0 0 982
6 6 62 1.5 -2 0 0 897
6 6 63 1.5 -2 0 0 617
6 7 0 1.5 -2 0 0 1149
6 7 1 1.5 -2 0 0 1210
6 7 2 1.5 -2 0 0 1303
6 7 3 5.5 -2 0 0 1786
6 7 4 5.5 -2 0 0 1112
6 7 5 1.5 -2 0 0 1192
6 7 6 5.5 -2 0 0 1451
6 7 7 1.5 -2 0 0 2446
6 7 8 1.5 -2 0 0 1132
6 7 9 1.5 -2 0 0 1704
6 7 10 5.5 -2 0 0 1902
6 7 11 1.5 -2 0 0 1130
6 7 12 1.5 -2 0 0 1566
6 7 13 6.0237 0.369303 0.14132 0.298312 2158
6 7 14 1.5 -2 0 0 1146
6 7 15 5.5 -2 0 0 1598
6 7 16 5.5 -2 0 0 2329
6 7 17 5.5 -2 0 0 1079
6 7 18 5.87282 0.538981 0.201296 0.319394 1358
6 7 19 1.5 -2 0 0 2261
6 7 20 5.5 -2 0 0 1236
6 7 21 5.5 -2 0 0 1574
6 7 22 6.01824 0.381267 0.229522 0.52707 1956
6 7 23 5.5 -2 0 0 1612
6 7 24 1.5 -2 0 0 961
6 7 25 1.5 -2 0 0 2526
6 7 26 1.5 -2 0 0 1002
6 7 27 9.5 -2 0 0 2167
6 7 28 5.69817 0.436113 0.286325 0.689763 1951
6 7 29 1.5 -2 0 0 1088
6 7 30 5.5 -2 0 0 1457
6 7 31 1.5 -2 0 0 2417
6 7 32 5.5 -2 0 0 2517
6 7 33 1.5 -2 0 0 1531
6 7 34 5.5 -2 0 0 1161
6 7 35 5.5 -2 0 0 3478
6 7 36 5.5 -2 0 0 980
6 7 37 1.5 -2 0 0 713
6 7 38 5.5 -2 0 0 3697
6 7 39 5.5 -2 0 0 2639
6 7 40 1.5 -2 0 0 520
6 7 41 5.68328 0.389203 0.232362 0.54557 2715
6 7 42 1.5 -2 0 0 691
6 7 43 7.93291 0.202273 0.106572 0.585943 1090
6 7 44 5.5 -2 0 0 2469
6 7 45 1.5 -2 0 0 2474
6 7 46 5.5 -2 0 0 1137
6 7 47 5.5 -2 0 0 3980
6 7 48 5.5 -2 0 0 1271
6 7 49 5.5 -2 0 0 1164
6 7 50 5.5 -2 0 0 2590
6 7 51 1.5 -2 0 0 1197
6 7 52 1.5 -2 0 0 870
6 7 53 5.5 -2 0 0 2915
6 7 54 1.5 -2 0 0 2406
6 7 55 1.5 -2 0 0 1063
6 7 56 5.5 -2 0 0 1641
6 7 57 1.5 -2 0 0 1496
6 7 58 1.5 -2 0 0 1710
6 7 59 4.66318 0.379194 0.252925 0.288227 1248
6 7 60 1.5 -2 0 0 2206
6 7 61 1.5 -2 0 0 964
6 7 62 1.5 -2 0 0 1282
6 7 63 5.5 -2 0 0 1507
6 8 0 1.5 -2 0 0 204
6 8 1 1.5 -2 0 0 802
6 8 2 5.5 -2 0 0 744
6 8 3 5.5 -2 0 0 673
6 8 4 5.5 -2 0 0 725
6 8 5 1.5 -2 0 0 768
6 8 6 5.5 -2 0 0 737
6 8 7 5.5 -2 0 0 686
6 8 8 5.5 -2 0 0 743
6 8 9 1.5 -2 0 0 720
6 8 10 1.5 -2 0 0 747
6 8 11 5.5 -2 0 0 740
6 8 12 5.5 -2 0 0 706
6 8 13 6.68833 0.554051 0.267152 0.227947 1001
6 8 14 1.5 -2 0 0 853
6 8 15 1.5 -2 0 0 775
6 8 16 5.5 -2 0 0 737
6 8 17 1.5 -2 0 0 778
6 8 18 5.5 -2 0 0 706
6 8 19 5.5 -2 0 0 765
6 8 20 1.5 -2 0 0 844
6 8 21 5.5 -2 0 0 711
6 8 22 5.5 -2 0 0 570
6 8 23 0 -10 0 0 134
6 8 24 5.5 -2 0 0 753
6 8 25 5.5 -2 0 0 810
6 8 26 6.21993 0.451291 0.229607 0.485977 907
6 8 27 5.5 -2 0 0 253
6 8 28 1.5 -2 0 0 794
6 8 29 1.5 -2 0 0 892
6 8 30 0 -10 0 0 145
6 8 31 1.5 -2 0 0 354
6 8 32 1.5 -2 0 0 834
6 8 33 0 -10 0 0 114
6 8 34 5.5 -2 0 0 921
6 8 35 5.5 -2 0 0 887
6 8 36 5.63559 0.401298 0.219072 0.552682 902
6 8 37 0 -10 0 0 159
6 8 38 5.5 -2 0 0 741
6 8 39 5.5 -2 0 0 1148
6 8 40 0 -10 0 0 134
6 8 41 5.5 -2 0 0 858
6 8 42 0 -10 0 0 142
6 8 43 0 -10 0 0 164
6 8 44 5.5 -2 0 0 895
6 8 45 5.5 -2 0 0 896
6 8 46 0 -10 0 0 192
6 8 47 1.5 -2 0 0 1231
6 8 48 0 -10 0 0 150
6 8 49 0 -10 0 0 177
6 8 50 0 -10 0 0 178
6 8 51 5.5 -2 0 0 1300
6 8 52 0 -10 0 0 199
6 8 53 1.5 -2 0 0 1074
6 8 54 5.5 -2 0 0 1055
6 8 55 5.5 -2 0 0 622
6 8 56 1.5 -2 0 0 1266
6 8 57 5.5 -2 0 0 1228
6 8 58 1.5 -2 0 0 403
6 8 59 1.5 -2 0 0 232
6 8 60 1.5 -2 0 0 1140
6 8 61 1.5 -2 0 0 368
6 8 62 1.5 -2 0 0 479
6 8 63 5.5 -2 0 0 379
6 9 0 0 -10 0 0 0
6 9 1 0 -10 0 0 0
6 9 2 0 -10 0 0 0
6 9 3 0 -10 0 0 0
6 9 4 0 -10 0 0 0
6 9 5 0 -10 0 0 0
6 9 6 0 -10 0 0 0
6 9 7 0 -10 0 0 0
6 9 8 0 -10 0 0 0
6 9 9 0 -10 0 0 0
6 9 10 0 -10 0 0 0
6 9 11 0 -10 0 0 0
6 9 12 0 -10 0 0 0
6 9 13 0 -10 0 0 0
6 9 14 0 -10 0 0 0
6 9 15 0 -10 0 0 0
6 9 16 0 -10 0 0 0
6 9 17 0 -10 0 0 0
6 9 18 0 -10 0 0 0
6 9 19 0 -10 0 0 0
6 9 20 0 -10 0 0 0
6 9 21 0 -10 0 0 0
6 9 22 0 -10 0 0 0
6 9 23 0 -10 0 0 0
6 9 24 0 -10 0 0 0
6 9 25 0 -10 0 0 0
6 9 26 0 -10 0 0 0
6 9 27 0 -10 0 0 0
6 9 28 0 -10 0 0 0
6 9 29 0 -10 0 0 0
6 9 30 0 -10 0 0 0
6 9 31 0 -10 0 0 0
6 9 32 0 -10 0 0 0
6 9 33 0 -10 0 0 0
6 9 34 0 -10 0 0 0
6 9 35 0 -10 0 0 0
6 9 36 0 -10 0 0 0
6 9 37 0 -10 0 0 0
6 9 38 0 -10 0 0 0
6 9 39 0 -10 0 0 0
6 9 40 0 -10 0 0 0
6 9 41 0 -10 0 0 0
6 9 42 0 -10 0 0 0
6 9 43 0 -10 0 0 0
6 9 44 0 -10 0 0 0
6 9 45 0 -10 0 0 0
6 9 46 0 -10 0 0 0
6 9 47 0 -10 0 0 0
6 9 48 0 -10 0 0 0
6 9 49 0 -10 0 0 0
6 9 50 0 -10 0 0 0
6 9 51 0 -10 0 0 0
6 9 52 0 -10 0 0 0
6 9 53 0 -10 0 0 0
6 9 54 0 -10 0 0 0
6 9 55 0 -10 0 0 0
6 9 56 0 -10 0 0 0
6 9 57 0 -10 0 0 0
6 9 58 0 -10 0 0 0
6 9 59 0 -10 0 0 0
6 9 60 0 -10 0 0 0
6 9 61 0 -10 0 0 0
6 9 62 0 -10 0 0 0
6 9 63 0 -10 0 0 0
6 10 0 1.5 -2 0 0 1586
6 10 1 4.72057 0.455832 0.51143 0.369141 625
6 10 2 5.5 -2 0 0 1384
6 10 3 1.5 -2 0 0 1343
6 10 4 1.5 -2 0 0 1174
6 10 5 1.5 -2 0 0 1252
6 10 6 1.5 -2 0 0 1350
6 10 7 1.5 -2 0 0 1331
6 10 8 1.5 -2 0 0 1072
6 10 9 1.5 -2 0 0 1266
6 10 10 1.5 -2 0 0 1218
6 10 11 1.5 -2 0 0 1348
6 10 12 5.5 -2 0 0 1394
6 10 13 5.5 -2 0 0 1386
6 10 14 1.5 -2 0 0 1668
6 10 15 5.5 -2 0 0 1552
6 10 16 5.5 -2 0 0 1312
6 10 17 1.5 -2 0 0 1658
6 10 18 5.5 -2 0 0 1572
6 10 19 1.5 -2 0 0 1435
6 10 20 1.5 -2 0 0 1801
6 10 21 5.5 -2 0 0 1253
6 10 22 5.5 -2 0 0 1268
6 10 23 5.5 -2 0 0 1905
6 10 24 1.5 -2 0 0 1392
6 10 25 5.5 -2 0 0 1681
6 10 26 5.5 -2 0 0 665
6 10 27 5.5 -2 0 0 1717
6 10 28 5.5 -2 0 0 1618
6 10 29 5.5 -2 0 0 1648
6 10 30 1.5 -2 0 0 238
6 10 31 5.48372 0.417094 0.156376 0.626416 1849
6 10 32 1.5 -2 0 0 1764
6 10 33 5.5 -2 0 0 1863
6 10 34 5.5 -2 0 0 2114
6 10 35 1.5 -2 0 0 2153
6 10 36 5.5 -2 0 0 1910
6 10 37 5.5 -2 0 0 2201
6 10 38 5.5 -2 0 0 2432
6 10 39 1.5 -2 0 0 3233
6 10 40 1.5 -2 0 0 592
6 10 41 1.5 -2 0 0 2081
6 10 42 5.5 -2 0 0 2327
6 10 43 5.5 -2 0 0 2213
6 10 44 5.5 -2 0 0 2349
6 10 45 1.5 -2 0 0 1995
6 10 46 1.5 -2 0 0 817
6 10 47 5.5 -2 0 0 3096
6 10 48 5.5 -2 0 0 2278
6 10 49 5.5 -2 0 0 1379
6 10 50 5.5 -2 0 0 2405
6 10 51 1.5 -2 0 0 3827
6 10 52 1.5 -2 0 0 2499
6 10 53 1.5 -2 0 0 2943
6 10 54 1.5 -2 0 0 2555
6 10 55 5.5 -2 0 0 2984
6 10 56 5.5 -2 0 0 3317
6 10 57 5.5 -2 0 0 3507
6 10 58 1.5 -2 0 0 2692
6 10 59 1.5 -2 0 0 831
6 10 60 1.5 -2 0 0 3154
6 10 61 1.5 -2 0 0 4084
6 10 62 1.5 -2 0 0 3204
6 10 63 1.5 -2 0 0 2715
6 11 0 5.5 -2 0 0 3795
6 11 1 1.5 -2 0 0 3656
6 11 2 1.5 -2 0 0 3609
6 11 3 1.5 -2 0 0 2269
6 11 4 5.5 -2 0 0 921
6 11 5 1.5 -2 0 0 1804
6 11 6 1.5 -2 0 0 3393
6 11 7 5.5 -2 0 0 936
6 11 8 6.56209 0.481565 0.248248 0.367957 2672
6 11 9 1.5 -2 0 0 2992
6 11 10 5.5 -2 0 0 2818
6 11 11 1.5 -2 0 0 1159
6 11 12 5.5 -2 0 0 2643
6 11 13 1.5 -2 0 0 683
6 11 14 1.5 -2 0 0 3124
6 11 15 1.5 -2 0 0 2206
6 11 16 5.5 -2 0 0 2699
6 11 17 5.5 -2 0 0 451
6 11 18 5.5 -2 0 0 2182
6 11 19 5.65754 0.378944 0.317481 0.477596 1800
6 11 20 1.5 -2 0 0 1211
6 11 21 5.5 -2 0 0 3278
6 11 22 5.5 -2 0 0 1560
6 11 23 1.5 -2 0 0 361
6 11 24 5.5 -2 0 0 1200
6 11 25 5.5 -2 0 0 748
6 11 26 5.0178 0.337491 0.1 0.675482 427
6 11 27 5.5 -2 0 0 504
6 11 28 1.5 -2 0 0 974
6 11 29 5.21715 0.516135 0.1 0.710614 266
6 11 30 1.5 -2 0 0 325
6 11 31 5.5 -2 0 0 777
6 11 32 1.5 -2 0 0 749
6 11 33 5.5 -2 0 0 1639
6 11 34 5.5 -2 0 0 2322
6 11 35 0 -10 0 0 165
6 11 36 5.5 -2 0 0 244
6 11 37 5.5 -2 0 0 257
6 11 38 5.5 -2 0 0 908
6 11 39 0 -10 0 0 167
6 11 40 5.5 -2 0 0 353
6 11 41 5.5 -2 0 0 1406
6 11 42 5.5 -2 0 0 238
6 11 43 6.268 0.494081 0.26914 0.463353 282
6 11 44 0 -10 0 0 92
6 11 45 0 -10 0 0 124
6 11 46 5.5 -2 0 0 527
6 11 47 5.5 -2 0 0 687
6 11 48 1.5 -2 0 0 210
6 11 49 5.5 -2 0 0 263
6 11 50 0 -10 0 0 98
6 11 51 1.5 -2 0 0 331
6 11 52 5.5 -2 0 0 235
6 11 53 5.5 -2 0 0 305
6 11 54 0 -10 0 0 0
6 11 55 1.5 -2 0 0 525
6 11 56 6.67827 0.51386 0.471986 0.538521 219
6 11 57 5.5 -2 0 0 205
6 11 58 5.5 -2 0 0 224
6 11 59 5.31279 0.428911 0.209405 0.29124 2013
6 11 60 1.5 -2 0 0 246
6 11 61 5.5 -2 0 0 285
6 11 62 1.5 -2 0 0 630
6 11 63 1.5 -2 0 0 1586
6 12 0 1.5 -2 0 0 4447
6 12 1 1.5 -2 0 0 4131
6 12 2 1.5 -2 0 0 3848
6 12 3 1.5 -2 0 0 3393
6 12 4 5.5 -2 0 0 664
6 12 5 1.5 -2 0 0 1913
6 12 6 1.5 -2 0 0 3734
6 12 7 1.5 -2 0 0 3271
6 12 8 5.5 -2 0 0 3930
6 12 9 1.5 -2 0 0 3384
6 12 10 5.5 -2 0 0 3317
6 12 11 1.5 -2 0 0 1441
6 12 12 5.5 -2 0 0 3694
6 12 13 1.5 -2 0 0 3499
6 12 14 1.5 -2 0 0 2976
6 12 15 5.5 -2 0 0 2511
6 12 16 1.5 -2 0 0 3260
6 12 17 1.5 -2 0 0 1588
6 12 18 6.10797 0.59265 0.224925 0.981418 4033
6 12 19 5.5 -2 0 0 3565
6 12 20 1.5 -2 0 0 508
6 12 21 5.5 -2 0 0 3425
6 12 22 5.5 -2 0 0 2232
6 12 23 5.5 -2 0 0 748
6 12 24 5.5 -2 0 0 1714
6 12 25 1.5 -2 0 0 3762
6 12 26 1.5 -2 0 0 4955
6 12 27 5.5 -2 0 0 3852
6 12 28 5.5 -2 0 0 3645
6 12 29 5.5 -2 0 0 4872
6 12 30 5.08654 0.417286 0.274107 0.136647 494
6 12 31 5.5 -2 0 0 3939
6 12 32 1.5 -2 0 0 2692
6 12 33 5.5 -2 0 0 4321
6 12 34 5.5869 0.369975 0.321098 0.228478 3579
6 12 35 5.8632 0.552975 0.387409 0.622884 4129
6 12 36 1.5 -2 0 0 482
6 12 37 5.5 -2 0 0 587
6 12 38 5.5 -2 0 0 4286
6 12 39 5.5 -2 0 0 5023
6 12 40 5.5 -2 0 0 596
6 12 41 5.59675 0.457923 0.757501 0.515749 4121
6 12 42 1.5 -2 0 0 752
6 12 43 5.49106 0.454886 0.220898 0.359248 3118
6 12 44 6.3979 0.460769 0.185492 0.489637 3593
6 12 45 5.5 -2 0 0 3469
6 12 46 5.5 -2 0 0 3867
6 12 47 5.5 -2 0 0 4427
6 12 48 4.86009 0.304112 0.262337 0.483779 4740
6 12 49 1.5 -2 0 0 3362
6 12 50 1.5 -2 0 0 4498
6 12 51 5.5 -2 0 0 4148
6 12 52 1.5 -2 0 0 3367
6 12 53 1.5 -2 0 0 4435
6 12 54 5.5 -2 0 0 4808
6 12 55 5.5 -2 0 0 3556
6 12 56 1.5 -2 0 0 3070
6 12 57 5.5 -2 0 0 5544
6 12 58 5.5 -2 0 0 2188
6 12 59 5.5 -2 0 0 3823
6 12 60 5.18078 0.38188 0.293892 0.264757 4608
6 12 61 1.5 -2 0 0 6483
6 12 62 1.5 -2 0 0 4762
6 12 63 1.5 -2 0 0 3601
6 13 0 1.5 -2 0 0 5797
6 13 1 1.5 -2 0 0 4984
6 13 2 1.5 -2 0 0 5386
6 13 3 1.5 -2 0 0 2105
6 13 4 1.5 -2 0 0 1282
6 13 5 1.5 -2 0 0 2399
6 13 6 1.5 -2 0 0 4484
6 13 7 5.5 -2 0 0 958
6 13 8 5.5 -2 0 0 4523
6 13 9 1.5 -2 0 0 4290
6 13 10 5.5 -2 0 0 3482
6 13 11 5.5 -2 0 0 942
6 13 12 5.5 -2 0 0 3138
6 13 13 1.5 -2 0 0 2700
6 13 14 5.5 -2 0 0 5713
6 13 15 5.5 -2 0 0 2355
6 13 16 5.5 -2 0 0 3818
6 13 17 1.5 -2 0 0 3603
6 13 18 1.5 -2 0 0 974
6 13 19 1.5 -2 0 0 3281
6 13 20 1.5 -2 0 0 4072
6 13 21 5.5 -2 0 0 4396
6 13 22 5.5 -2 0 0 4034
6 13 23 5.5 -2 0 0 956
6 13 24 1.5 -2 0 0 4233
6 13 25 1.5 -2 0 0 3737
6 13 26 5.5 -2 0 0 4394
6 13 27 5.5 -2 0 0 744
6 13 28 5.5 -2 0 0 3115
6 13 29 5.5 -2 0 0 2662
6 13 30 1.5 -2 0 0 2759
6 13 31 1.5 -2 0 0 3547
6 13 32 1.5 -2 0 0 1290
6 13 33 4.7553 0.363321 0.715073 0.943226 2992
6 13 34 1.5 -2 0 0 4210
6 13 35 1.5 -2 0 0 1742
6 13 36 1.5 -2 0 0 3618
6 13 37 5.5 -2 0 0 2890
6 13 38 1.5 -2 0 0 3010
6 13 39 5.5 -2 0 0 3487
6 13 40 5.5 -2 0 0 3650
6 13 41 5.5 -2 0 0 3168
6 13 42 5.5 -2 0 0 3846
6 13 43 1.5 -2 0 0 3956
6 13 44 5.5 -2 0 0 3036
6 13 45 1.5 -2 0 0 3587
6 13 46 5.5 -2 0 0 5065
6 13 47 1.5 -2 0 0 2614
6 13 48 1.5 -2 0 0 3743
6 13 49 1.5 -2 0 0 4101
6 13 50 1.5 -2 0 0 3289
6 13 51 1.5 -2 0 0 3952
6 13 52 5.5 -2 0 0 4089
6 13 53 1.5 -2 0 0 3010
6 13 54 1.5 -2 0 0 3532
6 13 55 1.5 -2 0 0 3909
6 13 56 1.5 -2 0 0 3736
6 13 57 5.5 -2 0 0 3800
6 13 58 1.5 -2 0 0 3445
6 13 59 5.33952 0.52939 0.213 0.60733 4615
6 13 60 1.5 -2 0 0 3283
6 13 61 1.5 -2 0 0 4339
6 13 62 1.5 -2 0 0 4263
6 13 63 1.5 -2 0 0 3809
6 14 0 5.5 -2 0 0 6332
6 14 1 1.5 -2 0 0 4780
6 14 2 1.5 -2 0 0 4759
6 14 3 1.5 -2 0 0 3865
6 14 4 1.5 -2 0 0 4316
6 14 5 1.5 -2 0 0 4621
6 14 6 1.5 -2 0 0 5080
6 14 7 1.5 -2 0 0 4011
6 14 8 5.5 -2 0 0 4256
6 14 9 5.5 -2 0 0 4413
6 14 10 5.5 -2 0 0 4260
6 14 11 5.5 -2 0 0 4417
6 14 12 1.5 -2 0 0 4266
6 14 13 1.5 -2 0 0 3654
6 14 14 1.5 -2 0 0 5237
6 14 15 1.5 -2 0 0 3751
6 14 16 1.5 -2 0 0 4160
6 14 17 5.5 -2 0 0 4637
6 14 18 5.5 -2 0 0 4089
6 14 19 1.5 -2 0 0 3743
6 14 20 1.5 -2 0 0 3362
6 14 21 5.5 -2 0 0 4782
6 14 22 5.5 -2 0 0 3674
6 14 23 5.5 -2 0 0 1001
6 14 24 1.5 -2 0 0 5200
6 14 25 1.5 -2 0 0 3520
6 14 26 1.5 -2 0 0 5132
6 14 27 1.5 -2 0 0 3540
6 14 28 9.5 -2 0 0 3393
6 14 29 1.5 -2 0 0 3679
6 14 30 5.5 -2 0 0 3694
6 14 31 1.5 -2 0 0 3121
6 14 32 1.5 -2 0 0 2689
6 14 33 5.5 -2 0 0 3028
6 14 34 1.5 -2 0 0 4725
6 14 35 1.5 -2 0 0 2631
6 14 36 5.5 -2 0 0 3118
6 14 37 1.5 -2 0 0 832
6 14 38 1.5 -2 0 0 2769
6 14 39 5.5 -2 0 0 2657
6 14 40 5.5 -2 0 0 3144
6 14 41 1.5 -2 0 0 2737
6 14 42 5.5 -2 0 0 3252
6 14 43 1.5 -2 0 0 3530
6 14 44 1.5 -2 0 0 2412
6 14 45 5.5 -2 0 0 2850
6 14 46 1.5 -2 0 0 3739
6 14 47 0 -10 0 0 0
6 14 48 5.5 -2 0 0 2987
6 14 49 1.5 -2 0 0 3366
6 14 50 1.5 -2 0 0 2669
6 14 51 1.5 -2 0 0 1803
6 14 52 1.5 -2 0 0 2484
6 14 53 1.5 -2 0 0 2507
6 14 54 1.5 -2 0 0 2782
6 14 55 1.5 -2 0 0 2704
6 14 56 1.5 -2 0 0 2891
6 14 57 1.5 -2 0 0 2995
6 14 58 1.5 -2 0 0 2825
6 14 59 1.5 -2 0 0 3527
6 14 60 1.5 -2 0 0 2450
6 14 61 1.5 -2 0 0 2789
6 14 62 1.5 -2 0 0 3373
6 14 63 5.1024 0.210376 0.117799 0.406825 2953
6 15 0 1.5 -2 0 0 2399
6 15 1 5.5 -2 0 0 1580
6 15 2 1.5 -2 0 0 2371
6 15 3 5.5 -2 0 0 1876
6 15 4 5.06033 0.293215 0.180091 0.433595 3128
6 15 5 1.5 -2 0 0 2235
6 15 6 5.5 -2 0 0 707
6 15 7 1.5 -2 0 0 1505
6 15 8 5.5 -2 0 0 2313
6 15 9 5.5 -2 0 0 2093
6 15 10 1.5 -2 0 0 1640
6 15 11 1.5 -2 0 0 3170
6 15 12 1.5 -2 0 0 1703
6 15 13 1.5 -2 0 0 2600
6 15 14 5.5 -2 0 0 2388
6 15 15 5.5 -2 0 0 2915
6 15 16 1.5 -2 0 0 483
6 15 17 1.5 -2 0 0 3395
6 15 18 1.5 -2 0 0 2210
6 15 19 5.02376 0.211898 0.121785 0.153183 646
6 15 20 5.5 -2 0 0 872
6 15 21 5.5 -2 0 0 1626
6 15 22 5.5 -2 0 0 2335
6 15 23 5.5 -2 0 0 2990
6 15 24 5.5 -2 0 0 3028
6 15 25 1.5 -2 0 0 1756
6 15 26 5.5 -2 0 0 3800
6 15 27 1.5 -2 0 0 2549
6 15 28 1.5 -2 0 0 2429
6 15 29 5.5 -2 0 0 3768
6 15 30 5.5 -2 0 0 1199
6 15 31 5.5 -2 0 0 1593
6 15 32 1.5 -2 0 0 2195
6 15 33 1.5 -2 0 0 3394
6 15 34 1.5 -2 0 0 3095
6 15 35 1.5 -2 0 0 3358
6 15 36 5.5 -2 0 0 1058
6 15 37 5.5 -2 0 0 4036
6 15 38 5.5 -2 0 0 1762
6 15 39 1.5 -2 0 0 1315
6 15 40 1.5 -2 0 0 951
6 15 41 1.5 -2 0 0 2511
6 15 42 1.5 -2 0 0 3706
6 15 43 1.5 -2 0 0 3252
6 15 44 1.5 -2 0 0 3734
6 15 45 1.5 -2 0 0 3641
6 15 46 5.5 -2 0 0 4598
6 15 47 5.5 -2 0 0 2934
6 15 48 5.5 -2 0 0 1758
6 15 49 5.5 -2 0 0 4420
6 15 50 5.5 -2 0 0 4006
6 15 51 1.5 -2 0 0 4421
6 15 52 5.90362 0.16766 0.1 1.16286 3756
6 15 53 5.5 -2 0 0 2765
6 15 54 1.5 -2 0 0 3517
6 15 55 1.5 -2 0 0 3770
6 15 56 5.5 -2 0 0 4929
6 15 57 5.5 -2 0 0 4239
6 15 58 1.5 -2 0 0 4682
6 15 59 1.5 -2 0 0 4122
6 15 60 1.5 -2 0 0 3322
6 15 61 1.5 -2 0 0 4688
6 15 62 5.5 -2 0 0 4657
6 15 63 1.5 -2 0 0 4160
7 0 0 5.5 -2 0 0 568
7 0 1 1.5 -2 0 0 533
7 0 2 1.5 -2 0 0 501
7 0 3 5.5 -2 0 0 432
7 0 4 0 -10 0 0 82
7 0 5 1.5 -2 0 0 493
7 0 6 5.5 -2 0 0 467
7 0 7 1.5 -2 0 0 473
7 0 8 1.5 -2 0 0 538
7 0 9 1.5 -2 0 0 518
7 0 10 5.5 -2 0 0 497
7 0 11 0 -10 0 0 104
7 0 12 5.5 -2 0 0 483
7 0 13 5.5 -2 0 0 442
7 0 14 1.5 -2 0 0 562
7 0 15 5.5 -2 0 0 510
7 0 16 1.5 -2 0 0 497
7 0 17 0 -10 0 0 139
7 0 18 1.5 -2 0 0 383
7 0 19 5.5 -2 0 0 488
7 0 20 0 -10 0 0 42
7 0 21 5.5 -2 0 0 475
7 0 22 5.5 -2 0 0 428
7 0 23 1.5 -2 0 0 217
7 0 24 5.5 -2 0 0 555
7 0 25 5.5 -2 0 0 552
7 0 26 5.5 -2 0 0 594
7 0 27 1.5 -2 0 0 449
7 0 28 5.5 -2 0 0 510
7 0 29 1.5 -2 0 0 590
7 0 30 0 -10 0 0 52
7 0 31 5.5 -2 0 0 528
7 0 32 5.57931 0.365766 0.1 0.363184 511
7 0 33 5.5 -2 0 0 354
7 0 34 5.5 -2 0 0 606
7 0 35 5.5 -2 0 0 519
7 0 36 5.5 -2 0 0 278
7 0 37 1.5 -2 0 0 224
7 0 38 6.13697 0.478137 0.168168 0.532723 563
7 0 39 5.5 -2 0 0 634
7 0 40 0 -10 0 0 64
7 0 41 5.5 -2 0 0 540
7 0 42 1.5 -2 0 0 308
7 0 43 5.5 -2 0 0 573
7 0 44 5.5 -2 0 0 556
7 0 45 1.5 -2 0 0 548
7 0 46 4.78509 0.459942 0.217917 0.371588 653
7 0 47 5.5 -2 0 0 666
7 0 48 1.5 -2 0 0 419
7 0 49 5.5 -2 0 0 636
7 0 50 1.5 -2 0 0 598
7 0 51 5.5 -2 0 0 746
7 0 52 5.5 -2 0 0 625
7 0 53 5.5 -2 0 0 611
7 0 54 5.5 -2 0 0 452
7 0 55 5.5 -2 0 0 634
7 0 56 1.5 -2 0 0 648
7 0 57 1.5 -2 0 0 706
7 0 58 1.5 -2 0 0 601
7 0 59 5.5 -2 0 0 702
7 0 60 1.5 -2 0 0 503
7 0 61 5.5 -2 0 0 815
7 0 62 5.5 -2 0 0 723
7 0 63 1.5 -2 0 0 641
7 1 0 5.5 -2 0 0 771
7 1 1 5.5 -2 0 0 704
7 1 2 5.5 -2 0 0 738
7 1 3 1.5 -2 0 0 708
7 1 4 1.5 -2 0 0 652
7 1 5 5.5 -2 0 0 655
7 1 6 5.5 -2 0 0 801
7 1 7 5.5 -2 0 0 909
7 1 8 5.5 -2 0 0 701
7 1 9 5.5 -2 0 0 222
7 1 10 5.43889 0.442194 0.133919 0.221343 677
7 1 11 5.5 -2 0 0 631
7 1 12 5.5 -2 0 0 672
7 1 13 5.36273 0.207132 0.1 0.540131 657
7 1 14 5.5 -2 0 0 654
7 1 15 0 -10 0 0 106
7 1 16 5.5 -2 0 0 741
7 1 17 5.5 -2 0 0 584
7 1 18 0 -10 0 0 139
7 1 19 5.5 -2 0 0 838
7 1 20 5.5 -2 0 0 609
7 1 21 5.5 -2 0 0 837
7 1 22 4.7069 0.469172 0.284662 0.300649 785
7 1 23 5.5 -2 0 0 614
7 1 24 5.5 -2 0 0 689
7 1 25 5.5 -2 0 0 761
7 1 26 5.5 -2 0 0 643
7 1 27 5.5 -2 0 0 621
7 1 28 5.5 -2 0 0 624
7 1 29 5.48648 0.502657 0.1 0.293843 608
7 1 30 5.5 -2 0 0 562
7 1 31 5.5 -2 0 0 693
7 1 32 5.5 -2 0 0 648
7 1 33 5.5 -2 0 0 556
7 1 34 5.5 -2 0 0 606
7 1 35 5.5 -2 0 0 680
7 1 36 5.5 -2 0 0 643
7 1 37 9.5 -2 0 0 611
7 1 38 5.5 -2 0 0 673
7 1 39 5.5 -2 0 0 565
7 1 40 5.5 -2 0 0 587
7 1 41 5.5 -2 0 0 576
7 1 42 5.5 -2 0 0 538
7 1 43 1.5 -2 0 0 569
7 1 44 5.5 -2 0 0 604
7 1 45 5.5 -2 0 0 589
7 1 46 3 -2 0 0 1083
7 1 47 1.5 -2 0 0 649
7 1 48 5.5 -2 0 0 531
7 1 49 5.5 -2 0 0 519
7 1 50 1.5 -2 0 0 578
7 1 51 1.5 -2 0 0 550
7 1 52 5.5 -2 0 0 505
7 1 53 1.5 -2 0 0 561
7 1 54 5.5 -2 0 0 551
7 1 55 5.5 -2 0 0 521
7 1 56 6.48084 0.623074 0.275615 0.202569 551
7 1 57 1.5 -2 0 0 522
7 1 58 1.5 -2 0 0 532
7 1 59 3 -2 0 0 2316
7 1 60 5.5 -2 0 0 561
7 1 61 1.5 -2 0 0 508
7 1 62 1.5 -2 0 0 346
7 1 63 1.5 -2 0 0 531
7 2 0 1.5 -2 0 0 843
7 2 1 5.5 -2 0 0 801
7 2 2 1.5 -2 0 0 691
7 2 3 1.5 -2 0 0 646
7 2 4 5.5 -2 0 0 679
7 2 5 5.5 -2 0 0 698
7 2 6 1.5 -2 0 0 717
7 2 7 5.5 -2 0 0 611
7 2 8 1.5 -2 0 0 668
7 2 9 5.5 -2 0 0 625
7 2 10 5.5 -2 0 0 614
7 2 11 1.5 -2 0 0 695
7 2 12 1.5 -2 0 0 641
7 2 13 4.94253 0.454253 0.153642 0.214767 642
7 2 14 5.5 -2 0 0 842
7 2 15 4.7181 0.37075 0.22724 0.274023 656
7 2 16 5.5 -2 0 0 629
7 2 17 5.93485 0.563727 0.248121 0.158081 797
7 2 18 5.5 -2 0 0 670
7 2 19 5.5 -2 0 0 629
7 2 20 5.5 -2 0 0 621
7 2 21 5.5 -2 0 0 670
7 2 22 1.5 -2 0 0 572
7 2 23 5.5 -2 0 0 720
7 2 24 1.5 -2 0 0 771
7 2 25 4.79583 0.418574 0.284019 0.12125 670
7 2 26 5.5 -2 0 0 795
7 2 27 1.5 -2 0 0 615
7 2 28 1.5 -2 0 0 628
7 2 29 5.5 -2 0 0 715
7 2 30 5.5 -2 0 0 712
7 2 31 5.5 -2 0 0 671
7 2 32 5.5 -2 0 0 664
7 2 33 5.5 -2 0 0 702
7 2 34 5.5 -2 0 0 706
7 2 35 5.5 -2 0 0 725
7 2 36 4.97022 0.405616 0.327271 0.300553 679
7 2 37 5.5 -2 0 0 652
7 2 38 6.57849 0.476849 0.129259 0.39528 720
7 2 39 5.5 -2 0 0 865
7 2 40 1.5 -2 0 0 740
7 2 41 1.5 -2 0 0 661
7 2 42 1.5 -2 0 0 724
7 2 43 4.83878 0.445698 0.278559 0.337441 781
7 2 44 1.5 -2 0 0 673
7 2 45 1.5 -2 0 0 710
7 2 46 1.5 -2 0 0 997
7 2 47 5.55511 0.437983 0.218299 0.264643 832
7 2 48 1.5 -2 0 0 752
7 2 49 5.5 -2 0 0 843
7 2 50 1.5 -2 0 0 721
7 2 51 5.5 -2 0 0 1167
7 2 52 1.5 -2 0 0 934
7 2 53 1.5 -2 0 0 818
7 2 54 5.5 -2 0 0 774
7 2 55 1.5 -2 0 0 901
7 2 56 1.5 -2 0 0 941
7 2 57 1.5 -2 0 0 1001
7 2 58 1.5 -2 0 0 825
7 2 59 1.5 -2 0 0 1072
7 2 60 5.5 -2 0 0 852
7 2 61 1.5 -2 0 0 1294
7 2 62 5.5 -2 0 0 1089
7 2 63 1.5 -2 0 0 810
7 3 0 1.5 -2 0 0 1423
7 3 1 5.5 -2 0 0 1497
7 3 2 5.5 -2 0 0 1573
7 3 3 5.5 -2 0 0 1757
7 3 4 1.5 -2 0 0 430
7 3 5 5.5 -2 0 0 1440
7 3 6 1.5 -2 0 0 1789
7 3 7 1.5 -2 0 0 2271
7 3 8 5.89249 0.38372 0.280202 0.543739 1278
7 3 9 1.5 -2 0 0 2118
7 3 10 5.35921 0.199723 0.101025 0.290124 1130
7 3 11 5.5 -2 0 0 1261
7 3 12 5.5 -2 0 0 1604
7 3 13 1.5 -2 0 0 1659
7 3 14 5.5 -2 0 0 1237
7 3 15 1.5 -2 0 0 1568
7 3 16 5.5 -2 0 0 2919
7 3 17 5.5 -2 0 0 1164
7 3 18 5.5 -2 0 0 1491
7 3 19 1.5 -2 0 0 2047
7 3 20 5.5 -2 0 0 235
7 3 21 1.5 -2 0 0 1951
7 3 22 5.5 -2 0 0 1874
7 3 23 6.19647 0.195332 0.1 0.27563 245
7 3 24 1.5 -2 0 0 1202
7 3 25 1.5 -2 0 0 1756
7 3 26 1.5 -2 0 0 1072
7 3 27 5.5 -2 0 0 558
7 3 28 5.5 -2 0 0 1485
7 3 29 1.5 -2 0 0 1146
7 3 30 5.5 -2 0 0 524
7 3 31 5.5 -2 0 0 1626
7 3 32 5.5 -2 0 0 1290
7 3 33 1.5 -2 0 0 359
7 3 34 5.5 -2 0 0 983
7 3 35 5.5 -2 0 0 1450
7 3 36 1.5 -2 0 0 254
7 3 37 5.5 -2 0 0 857
7 3 38 5.5 -2 0 0 1316
7 3 39 5.5 -2 0 0 897
7 3 40 1.5 -2 0 0 235
7 3 41 1.5 -2 0 0 1214
7 3 42 6.80216 0.370149 0.276091 0.374981 1025
7 3 43 1.5 -2 0 0 1151
7 3 44 5.5 -2 0 0 1087
7 3 45 5.5 -2 0 0 1169
7 3 46 5.5 -2 0 0 585
7 3 47 1.5 -2 0 0 1245
7 3 48 5.5 -2 0 0 650
7 3 49 1.5 -2 0 0 874
7 3 50 1.5 -2 0 0 1048
7 3 51 1.5 -2 0 0 760
7 3 52 5.5 -2 0 0 856
7 3 53 1.5 -2 0 0 906
7 3 54 5.27072 0.345311 0.398429 0.28219 978
7 3 55 1.5 -2 0 0 826
7 3 56 5.5 -2 0 0 890
7 3 57 1.5 -2 0 0 890
7 3 58 5.5 -2 0 0 901
7 3 59 1.5 -2 0 0 871
7 3 60 1.5 -2 0 0 391
7 3 61 1.5 -2 0 0 835
7 3 62 1.5 -2 0 0 803
7 3 63 1.5 -2 0 0 813
7 4 0 1.5 -2 0 0 1387
7 4 1 5.5 -2 0 0 1146
7 4 2 1.5 -2 0 0 772
7 4 3 5.5 -2 0 0 880
7 4 4 1.5 -2 0 0 218
7 4 5 5.5 -2 0 0 465
7 4 6 1.5 -2 0 0 923
7 4 7 1.5 -2 0 0 808
7 4 8 5.5 -2 0 0 1051
7 4 9 1.5 -2 0 0 844
7 4 10 1.5 -2 0 0 833
7 4 11 0 -10 0 0 178
7 4 12 1.5 -2 0 0 873
7 4 13 5.29073 0.492784 0.260135 0.221081 756
7 4 14 1.5 -2 0 0 1403
7 4 15 5.5 -2 0 0 253
7 4 16 5.5 -2 0 0 823
7 4 17 5.5 -2 0 0 285
7 4 18 0 -10 0 0 168
7 4 19 5.5 -2 0 0 831
7 4 20 0 -10 0 0 87
7 4 21 5.5 -2 0 0 935
7 4 22 5.24012 0.464407 0.241076 0.280912 773
7 4 23 5.97669 0.520021 0.152475 0.430241 216
7 4 24 1.5 -2 0 0 1185
7 4 25 5.5 -2 0 0 792
7 4 26 5.55234 0.455583 0.341957 0.40158 1384
7 4 27 0 -10 0 0 174
7 4 28 5.5 -2 0 0 810
7 4 29 1.5 -2 0 0 385
7 4 30 0 -10 0 0 103
7 4 31 5.5 -2 0 0 811
7 4 32 4.66249 0.391224 0.282597 0.200779 812
7 4 33 0 -10 0 0 184
7 4 34 1.5 -2 0 0 1560
7 4 35 5.5 -2 0 0 834
7 4 36 1.5 -2 0 0 917
7 4 37 1.5 -2 0 0 1100
7 4 38 5.5 -2 0 0 816
7 4 39 5.5 -2 0 0 999
7 4 40 5.5 -2 0 0 286
7 4 41 1.5 -2 0 0 836
7 4 42 5.5 -2 0 0 460
7 4 43 5.5 -2 0 0 1236
7 4 44 1.5 -2 0 0 795
7 4 45 5.5 -2 0 0 845
7 4 46 5.5 -2 0 0 1545
7 4 47 1.5 -2 0 0 854
7 4 48 1.5 -2 0 0 904
7 4 49 1.5 -2 0 0 1151
7 4 50 5.5 -2 0 0 841
7 4 51 5.5 -2 0 0 1325
7 4 52 1.5 -2 0 0 1252
7 4 53 5.5 -2 0 0 862
7 4 54 5.5 -2 0 0 925
7 4 55 1.5 -2 0 0 1325
7 4 56 1.5 -2 0 0 1042
7 4 57 1.5 -2 0 0 1221
7 4 58 1.5 -2 0 0 989
7 4 59 5.5 -2 0 0 1543
7 4 60 1.5 -2 0 0 895
7 4 61 5.5 -2 0 0 1670
7 4 62 1.5 -2 0 0 1587
7 4 63 1.5 -2 0 0 1125
7 5 0 1.5 -2 0 0 1752
7 5 1 1.5 -2 0 0 1911
7 5 2 1.5 -2 0 0 2099
7 5 3 5.5 -2 0 0 2851
7 5 4 1.5 -2 0 0 587
7 5 5 1.5 -2 0 0 2280
7 5 6 1.5 -2 0 0 2402
7 5 7 1.5 -2 0 0 3958
7 5 8 5.5 -2 0 0 1996
7 5 9 5.5 -2 0 0 3047
7 5 10 1.5 -2 0 0 3323
7 5 11 5.5 -2 0 0 1093
7 5 12 1.5 -2 0 0 2647
7 5 13 9.5 -2 0 0 3144
7 5 14 5.5 -2 0 0 1652
7 5 15 1.5 -2 0 0 1696
7 5 16 1.5 -2 0 0 4210
7 5 17 1.5 -2 0 0 1759
7 5 18 5.5 -2 0 0 2556
7 5 19 1.5 -2 0 0 3869
7 5 20 5.5 -2 0 0 324
7 5 21 1.5 -2 0 0 2617
7 5 22 5.5 -2 0 0 3202
7 5 23 5.22968 0.302887 0.32593 0.679312 1998
7 5 24 5.5 -2 0 0 1805
7 5 25 5.5 -2 0 0 3737
7 5 26 1.5 -2 0 0 1667
7 5 27 1.5 -2 0 0 748
7 5 28 1.5 -2 0 0 2972
7 5 29 5.5 -2 0 0 1739
7 5 30 5.5 -2 0 0 1754
7 5 31 1.5 -2 0 0 3542
7 5 32 5.5 -2 0 0 2867
7 5 33 1.5 -2 0 0 1888
7 5 34 5.5 -2 0 0 1584
7 5 35 1.5 -2 0 0 3173
7 5 36 1.5 -2 0 0 1826
7 5 37 5.5 -2 0 0 1431
7 5 38 5.5 -2 0 0 3186
7 5 39 1.5 -2 0 0 2079
7 5 40 5.5 -2 0 0 2512
7 5 41 1.5 -2 0 0 2798
7 5 42 1.5 -2 0 0 1796
7 5 43 1.5 -2 0 0 1659
7 5 44 5.5 -2 0 0 2480
7 5 45 4.72962 0.361911 0.555867 0.277452 2424
7 5 46 1.5 -2 0 0 1557
7 5 47 5.5 -2 0 0 3163
7 5 48 5.5 -2 0 0 659
7 5 49 1.5 -2 0 0 1789
7 5 50 1.5 -2 0 0 2339
7 5 51 1.5 -2 0 0 1542
7 5 52 1.5 -2 0 0 1613
7 5 53 5.5 -2 0 0 2613
7 5 54 1.5 -2 0 0 2141
7 5 55 1.5 -2 0 0 1525
7 5 56 5.5 -2 0 0 1874
7 5 57 5.5 -2 0 0 1789
7 5 58 1.5 -2 0 0 1797
7 5 59 5.5 -2 0 0 1356
7 5 60 1.5 -2 0 0 2311
7 5 61 1.5 -2 0 0 1541
7 5 62 1.5 -2 0 0 1465
7 5 63 1.5 -2 0 0 1600
7 6 0 5.5 -2 0 0 1619
7 6 1 5.5 -2 0 0 1298
7 6 2 1.5 -2 0 0 1127
7 6 3 5.05546 0.297679 0.109374 0.272118 817
7 6 4 1.5 -2 0 0 799
7 6 5 5.5 -2 0 0 957
7 6 6 1.5 -2 0 0 893
7 6 7 5.5 -2 0 0 842
7 6 8 5.5 -2 0 0 1146
7 6 9 5.5 -2 0 0 887
7 6 10 5.04055 0.402423 0.295106 0.313895 809
7 6 11 5.5 -2 0 0 259
7 6 12 5.5 -2 0 0 767
7 6 13 5.08333 0.290912 0.110252 0.455796 746
7 6 14 5.34284 0.455166 0.231439 0.260069 1487
7 6 15 5.5 -2 0 0 802
7 6 16 1.5 -2 0 0 841
7 6 17 5.02032 0.451483 0.237749 0.437119 1210
7 6 18 5.5 -2 0 0 754
7 6 19 5.5 -2 0 0 792
7 6 20 1.5 -2 0 0 829
7 6 21 1.5 -2 0 0 983
7 6 22 5.5 -2 0 0 815
7 6 23 1.5 -2 0 0 971
7 6 24 4.71387 0.372289 0.296851 0.434192 1227
7 6 25 5.5 -2 0 0 820
7 6 26 5.5 -2 0 0 1408
7 6 27 6.21667 0.411629 0.362874 0.412931 739
7 6 28 6.7278 0.61295 0.151503 0.378123 704
7 6 29 5.5 -2 0 0 1033
7 6 30 5.5 -2 0 0 835
7 6 31 5.5 -2 0 0 766
7 6 32 1.5 -2 0 0 758
7 6 33 5.5 -2 0 0 739
7 6 34 4.72535 0.425686 0.264634 0.304628 1334
7 6 35 5.5 -2 0 0 675
7 6 36 5.5 -2 0 0 812
7 6 37 5.5 -2 0 0 866
7 6 38 5.5 -2 0 0 705
7 6 39 4.88304 0.370132 0.292336 0.363291 782
7 6 40 5.5 -2 0 0 818
7 6 41 5.5 -2 0 0 740
7 6 42 5.24229 0.163728 0.1 0.288887 853
7 6 43 5.5 -2 0 0 1048
7 6 44 5.2745 0.343916 0.614478 0.383531 683
7 6 45 5.5 -2 0 0 714
7 6 46 5.5 -2 0 0 1252
7 6 47 1.5 -2 0 0 733
7 6 48 1.5 -2 0 0 820
7 6 49 1.5 -2 0 0 866
7 6 50 5.5 -2 0 0 703
7 6 51 5.5 -2 0 0 1028
7 6 52 5.03128 0.496338 0.176732 0.388138 933
7 6 53 5.5 -2 0 0 723
7 6 54 1.5 -2 0 0 736
7 6 55 1.5 -2 0 0 900
7 6 56 5.5 -2 0 0 859
7 6 57 1.5 -2 0 0 918
7 6 58 1.5 -2 0 0 817
7 6 59 1.5 -2 0 0 1128
7 6 60 1.5 -2 0 0 764
7 6 61 5.4594 0.443636 0.330879 0.233875 1125
7 6 62 1.5 -2 0 0 1087
7 6 63 1.5 -2 0 0 815
7 7 0 5.5 -2 0 0 1172
7 7 1 1.5 -2 0 0 1265
7 7 2 5.5 -2 0 0 1310
7 7 3 1.5 -2 0 0 1799
7 7 4 1.5 -2 0 0 1607
7 7 5 1.5 -2 0 0 1518
7 7 6 5.5 -2 0 0 1489
7 7 7 5.45942 0.435609 0.566191 0.479245 2472
7 7 8 1.5 -2 0 0 1321
7 7 9 5.5 -2 0 0 1708
7 7 10 5.5 -2 0 0 1903
7 7 11 1.5 -2 0 0 1480
7 7 12 1.5 -2 0 0 1617
7 7 13 5.5 -2 0 0 2201
7 7 14 5.5 -2 0 0 1157
7 7 15 5.5 -2 0 0 2008
7 7 16 5.5 -2 0 0 2470
7 7 17 1.5 -2 0 0 1248
7 7 18 5.5 -2 0 0 1511
7 7 19 1.5 -2 0 0 2758
7 7 20 6.00861 0.417595 0.586996 0.154368 290
7 7 21 5.5 -2 0 0 1650
7 7 22 5.5 -2 0 0 1991
7 7 23 5.5 -2 0 0 1558
7 7 24 5.5 -2 0 0 1194
7 7 25 1.5 -2 0 0 3061
7 7 26 5.30376 0.225296 0.121292 0.365941 1283
7 7 27 1.5 -2 0 0 1009
7 7 28 5.44351 0.433113 0.187734 0.396943 2562
7 7 29 5.5 -2 0 0 1392
7 7 30 1.5 -2 0 0 1819
7 7 31 5.5 -2 0 0 3285
7 7 32 1.5 -2 0 0 2505
7 7 33 4.89352 0.222106 0.111956 0.703469 1753
7 7 34 1.5 -2 0 0 1356
7 7 35 5.5 -2 0 0 3445
7 7 36 5.5 -2 0 0 413
7 7 37 5.5 -2 0 0 1544
7 7 38 1.5 -2 0 0 3749
7 7 39 5.5 -2 0 0 2631
7 7 40 5.5 -2 0 0 1598
7 7 41 1.5 -2 0 0 2748
7 7 42 1.5 -2 0 0 1660
7 7 43 5.5 -2 0 0 1526
7 7 44 5.5 -2 0 0 3089
7 7 45 1.5 -2 0 0 2526
7 7 46 5.5 -2 0 0 1420
7 7 47 5.5 -2 0 0 4135
7 7 48 5.5 -2 0 0 976
7 7 49 5.5 -2 0 0 742
7 7 50 6.12517 0.364353 0.187142 0.773693 2600
7 7 51 1.5 -2 0 0 1938
7 7 52 5.5 -2 0 0 1647
7 7 53 5.5 -2 0 0 3257
7 7 54 5.5 -2 0 0 2478
7 7 55 5.5 -2 0 0 1643
7 7 56 1.5 -2 0 0 2358
7 7 57 5.5 -2 0 0 2139
7 7 58 5.5 -2 0 0 2164
7 7 59 5.29353 0.503634 0.210938 0.134285 1599
7 7 60 1.5 -2 0 0 2894
7 7 61 1.5 -2 0 0 1692
7 7 62 5.5 -2 0 0 1633
7 7 63 1.5 -2 0 0 2023
7 8 0 1.5 -2 0 0 832
7 8 1 1.5 -2 0 0 782
7 8 2 4.88 0.462798 0.27183 0.223268 728
7 8 3 1.5 -2 0 0 686
7 8 4 1.5 -2 0 0 736
7 8 5 1.5 -2 0 0 742
7 8 6 1.5 -2 0 0 727
7 8 7 1.5 -2 0 0 685
7 8 8 5.5 -2 0 0 724
7 8 9 5.5 -2 0 0 736
7 8 10 0 -10 0 0 21
7 8 11 1.5 -2 0 0 710
7 8 12 5.5 -2 0 0 657
7 8 13 1.5 -2 0 0 718
7 8 14 5.5 -2 0 0 806
7 8 15 5.5 -2 0 0 746
7 8 16 5.5 -2 0 0 781
7 8 17 6.79116 0.393371 0.159395 0.557393 774
7 8 18 1.5 -2 0 0 693
7 8 19 5.5 -2 0 0 752
7 8 20 5.5 -2 0 0 780
7 8 21 5.5 -2 0 0 707
7 8 22 5.5 -2 0 0 668
7 8 23 1.5 -2 0 0 829
7 8 24 1.5 -2 0 0 756
7 8 25 5.5 -2 0 0 792
7 8 26 5.5 -2 0 0 869
7 8 27 5.5 -2 0 0 734
7 8 28 1.5 -2 0 0 771
7 8 29 0 -10 0 0 137
7 8 30 5.5 -2 0 0 756
7 8 31 5.5 -2 0 0 848
7 8 32 5.5 -2 0 0 808
7 8 33 5.7744 0.440287 0.209531 0.463875 672
7 8 34 5.21694 0.477575 0.260443 0.170821 879
7 8 35 1.5 -2 0 0 877
7 8 36 0 -10 0 0 145
7 8 37 0 -10 0 0 92
7 8 38 1.5 -2 0 0 1012
7 8 39 1.5 -2 0 0 1103
7 8 40 1.5 -2 0 0 800
7 8 41 1.5 -2 0 0 870
7 8 42 0 -10 0 0 96
7 8 43 1.5 -2 0 0 894
7 8 44 1.5 -2 0 0 887
7 8 45 4.91845 0.449218 0.195691 0.25423 835
7 8 46 1.5 -2 0 0 916
7 8 47 5.5 -2 0 0 1166
7 8 48 0 -10 0 0 132
7 8 49 1.5 -2 0 0 1006
7 8 50 5.5 -2 0 0 955
7 8 51 5.5 -2 0 0 1202
7 8 52 5.5 -2 0 0 895
7 8 53 1.5 -2 0 0 1098
7 8 54 1.5 -2 0 0 280
7 8 55 5.5 -2 0 0 1087
7 8 56 1.5 -2 0 0 1208
7 8 57 1.5 -2 0 0 1193
7 8 58 1.5 -2 0 0 201
7 8 59 1.5 -2 0 0 1016
7 8 60 1.5 -2 0 0 1121
7 8 61 1.5 -2 0 0 1342
7 8 62 1.5 -2 0 0 1203
7 8 63 0 -10 0 0 167
7 9 0 1.5 -2 0 0 1316
7 9 1 1.5 -2 0 0 1248
7 9 2 1.5 -2 0 0 1219
7 9 3 1.5 -2 0 0 960
7 9 4 1.5 -2 0 0 701
7 9 5 5.5 -2 0 0 1081
7 9 6 1.5 -2 0 0 1229
7 9 7 5.5 -2 0 0 999
7 9 8 1.5 -2 0 0 1089
7 9 9 5.5 -2 0 0 1240
7 9 10 1.5 -2 0 0 1103
7 9 11 5.5 -2 0 0 995
7 9 12 1.5 -2 0 0 1020
7 9 13 1.5 -2 0 0 853
7 9 14 5.5 -2 0 0 1121
7 9 15 5.5 -2 0 0 804
7 9 16 5.5 -2 0 0 1154
7 9 17 5.5 -2 0 0 998
7 9 18 5.5 -2 0 0 920
7 9 19 5.5 -2 0 0 930
7 9 20 5.5 -2 0 0 641
7 9 21 1.5 -2 0 0 1115
7 9 22 1.5 -2 0 0 985
7 9 23 0 -10 0 0 156
7 9 24 1.5 -2 0 0 1083
7 9 25 1.5 -2 0 0 837
7 9 26 1.5 -2 0 0 1039
7 9 27 5.61387 0.289175 0.1 0.335782 501
7 9 28 5.5 -2 0 0 796
7 9 29 1.5 -2 0 0 893
7 9 30 5.5 -2 0 0 838
7 9 31 5.5 -2 0 0 826
7 9 32 1.5 -2 0 0 783
7 9 33 5.0328 0.44496 0.298309 0.248236 849
7 9 34 5.5 -2 0 0 957
7 9 35 1.5 -2 0 0 762
7 9 36 0 -10 0 0 109
7 9 37 0 -10 0 0 141
7 9 38 1.5 -2 0 0 729
7 9 39 1.5 -2 0 0 714
7 9 40 1.5 -2 0 0 817
7 9 41 4.83258 0.428591 0.229603 0.299957 695
7 9 42 1.5 -2 0 0 774
7 9 43 5.62936 0.17148 0.1 0.321227 700
7 9 44 5.5 -2 0 0 693
7 9 45 1.5 -2 0 0 731
7 9 46 1.5 -2 0 0 901
7 9 47 1.5 -2 0 0 784
7 9 48 5.5 -2 0 0 571
7 9 49 4.7824 0.473477 0.266837 0.213092 708
7 9 50 1.5 -2 0 0 724
7 9 51 1.5 -2 0 0 755
7 9 52 5.5 -2 0 0 815
7 9 53 1.5 -2 0 0 773
7 9 54 1.5 -2 0 0 724
7 9 55 1.5 -2 0 0 733
7 9 56 5.5 -2 0 0 721
7 9 57 1.5 -2 0 0 732
7 9 58 1.5 -2 0 0 758
7 9 59 1.5 -2 0 0 845
7 9 60 1.5 -2 0 0 579
7 9 61 1.5 -2 0 0 792
7 9 62 1.5 -2 0 0 788
7 9 63 1.5 -2 0 0 710
7 10 0 1.5 -2 0 0 1367
7 10 1 1.5 -2 0 0 1335
7 10 2 5.5 -2 0 0 1232
7 10 3 1.5 -2 0 0 1248
7 10 4 1.5 -2 0 0 1448
7 10 5 5.5 -2 0 0 1339
7 10 6 5.5 -2 0 0 1218
7 10 7 1.5 -2 0 0 1261
7 10 8 5.5 -2 0 0 1333
7 10 9 1.5 -2 0 0 1202
7 10 10 1.5 -2 0 0 1131
7 10 11 1.5 -2 0 0 1547
7 10 12 1.5 -2 0 0 1310
7 10 13 1.5 -2 0 0 923
7 10 14 5.5 -2 0 0 1512
7 10 15 6.01691 0.584109 0.266948 0.403133 1485
7 10 16 1.5 -2 0 0 1239
7 10 17 5.5 -2 0 0 1625
7 10 18 5.5 -2 0 0 1444
7 10 19 5.5 -2 0 0 1457
7 10 20 0 -10 0 0 122
7 10 21 5.5 -2 0 0 1117
7 10 22 1.5 -2 0 0 1180
7 10 23 5.5 -2 0 0 1530
7 10 24 5.5 -2 0 0 1370
7 10 25 1.5 -2 0 0 1603
7 10 26 5.5 -2 0 0 1734
7 10 27 1.5 -2 0 0 822
7 10 28 4.73367 0.367252 0.716257 0.428019 831
7 10 29 5.5 -2 0 0 1652
7 10 30 5.5 -2 0 0 1184
7 10 31 1.5 -2 0 0 1837
7 10 32 5.5 -2 0 0 274
7 10 33 5.5 -2 0 0 409
7 10 34 5.5 -2 0 0 1855
7 10 35 1.5 -2 0 0 1952
7 10 36 0 -10 0 0 163
7 10 37 1.5 -2 0 0 474
7 10 38 5.62548 0.349054 0.357621 0.661861 2243
7 10 39 1.5 -2 0 0 3038
7 10 40 1.5 -2 0 0 1165
7 10 41 1.5 -2 0 0 2040
7 10 42 1.5 -2 0 0 2211
7 10 43 5.5 -2 0 0 2039
7 10 44 5.5 -2 0 0 2157
7 10 45 0 -10 0 0 0
7 10 46 5.5 -2 0 0 2258
7 10 47 1.5 -2 0 0 2765
7 10 48 1.5 -2 0 0 838
7 10 49 5.5 -2 0 0 2243
7 10 50 5.5 -2 0 0 531
7 10 51 5.5 -2 0 0 3609
7 10 52 5.5 -2 0 0 2233
7 10 53 5.5 -2 0 0 2757
7 10 54 4.73305 0.35761 0.308677 0.319688 2444
7 10 55 1.5 -2 0 0 2521
7 10 56 5.5 -2 0 0 3259
7 10 57 1.5 -2 0 0 3081
7 10 58 1.5 -2 0 0 2442
7 10 59 1.5 -2 0 0 1168
7 10 60 5.5 -2 0 0 2922
7 10 61 5.5 -2 0 0 3643
7 10 62 1.5 -2 0 0 2823
7 10 63 1.5 -2 0 0 2461
7 11 0 5.5 -2 0 0 3945
7 11 1 5.5 -2 0 0 3927
7 11 2 5.5 -2 0 0 3615
7 11 3 5.5 -2 0 0 2389
7 11 4 1.5 -2 0 0 352
7 11 5 1.5 -2 0 0 2610
7 11 6 1.5 -2 0 0 3381
7 11 7 1.5 -2 0 0 2109
7 11 8 1.5 -2 0 0 2892
7 11 9 1.5 -2 0 0 3038
7 11 10 5.5 -2 0 0 2924
7 11 11 5.5 -2 0 0 426
7 11 12 1.5 -2 0 0 2598
7 11 13 1.5 -2 0 0 1984
7 11 14 5.5 -2 0 0 3108
7 11 15 5.5 -2 0 0 553
7 11 16 1.5 -2 0 0 2870
7 11 17 5.5 -2 0 0 2533
7 11 18 5.5 -2 0 0 1948
7 11 19 5.5 -2 0 0 1940
7 11 20 0 -10 0 0 164
7 11 21 5.5 -2 0 0 3440
7 11 22 5.5 -2 0 0 2299
7 11 23 1.5 -2 0 0 2196
7 11 24 6.18315 0.376479 0.354281 0.732476 2814
7 11 25 5.5 -2 0 0 1660
7 11 26 5.5 -2 0 0 722
7 11 27 5.5 -2 0 0 1874
7 11 28 1.5 -2 0 0 1727
7 11 29 1.5 -2 0 0 2138
7 11 30 5.01058 0.490576 0.260104 0.35118 1479
7 11 31 5.5 -2 0 0 1513
7 11 32 5.5 -2 0 0 1477
7 11 33 5.5 -2 0 0 1538
7 11 34 5.5 -2 0 0 2341
7 11 35 5.5 -2 0 0 1394
7 11 36 5.5 -2 0 0 1490
7 11 37 1.5 -2 0 0 360
7 11 38 5.5 -2 0 0 1277
7 11 39 5.5 -2 0 0 297
7 11 40 0 -10 0 0 177
7 11 41 5.5 -2 0 0 1204
7 11 42 5.5 -2 0 0 685
7 11 43 5.5 -2 0 0 1932
7 11 44 5.5 -2 0 0 1186
7 11 45 1.5 -2 0 0 1398
7 11 46 5.5 -2 0 0 2049
7 11 47 5.5 -2 0 0 1211
7 11 48 5.5 -2 0 0 1436
7 11 49 1.5 -2 0 0 1656
7 11 50 1.5 -2 0 0 1324
7 11 51 5.5 -2 0 0 1311
7 11 52 5.5 -2 0 0 1673
7 11 53 1.5 -2 0 0 1139
7 11 54 5.5 -2 0 0 1213
7 11 55 1.5 -2 0 0 1510
7 11 56 5.5 -2 0 0 1278
7 11 57 5.5 -2 0 0 1326
7 11 58 5.5 -2 0 0 1380
7 11 59 1.5 -2 0 0 1846
7 11 60 1.5 -2 0 0 1257
7 11 61 1.5 -2 0 0 1479
7 11 62 1.5 -2 0 0 1605
7 11 63 5.5 -2 0 0 1406
7 12 0 1.5 -2 0 0 4481
7 12 1 1.5 -2 0 0 1839
7 12 2 1.5 -2 0 0 3138
7 12 3 1.5 -2 0 0 3309
7 12 4 1.5 -2 0 0 1390
7 12 5 1.5 -2 0 0 3847
7 12 6 1.5 -2 0 0 3749
7 12 7 1.5 -2 0 0 3197
7 12 8 1.5 -2 0 0 3850
7 12 9 1.5 -2 0 0 3330
7 12 10 1.5 -2 0 0 3268
7 12 11 5.5 -2 0 0 4229
7 12 12 1.5 -2 0 0 3612
7 12 13 5.5 -2 0 0 3429
7 12 14 5.5 -2 0 0 4267
7 12 15 1.5 -2 0 0 3746
7 12 16 5.5 -2 0 0 3264
7 12 17 5.5 -2 0 0 4340
7 12 18 1.5 -2 0 0 1726
7 12 19 1.5 -2 0 0 3526
7 12 20 1.5 -2 0 0 731
7 12 21 1.5 -2 0 0 3457
7 12 22 5.5 -2 0 0 3206
7 12 23 1.5 -2 0 0 1187
7 12 24 1.5 -2 0 0 4119
7 12 25 1.5 -2 0 0 3683
7 12 26 4.67179 0.387393 0.331526 0.079852 3159
7 12 27 1.5 -2 0 0 1348
7 12 28 1.5 -2 0 0 3643
7 12 29 1.5 -2 0 0 4237
7 12 30 5.5 -2 0 0 666
7 12 31 5.5 -2 0 0 4106
7 12 32 5.5 -2 0 0 3838
7 12 33 5.5 -2 0 0 1950
7 12 34 1.5 -2 0 0 2542
7 12 35 5.5 -2 0 0 4225
7 12 36 5.5 -2 0 0 1480
7 12 37 5.5 -2 0 0 4810
7 12 38 5.5 -2 0 0 4242
7 12 39 5.5 -2 0 0 4971
7 12 40 5.5 -2 0 0 4703
7 12 41 1.5 -2 0 0 3993
7 12 42 5.5 -2 0 0 4521
7 12 43 5.5 -2 0 0 4842
7 12 44 1.5 -2 0 0 4084
7 12 45 5.5 -2 0 0 4306
7 12 46 1.5 -2 0 0 5282
7 12 47 5.5 -2 0 0 4408
7 12 48 4.87911 0.424802 0.188345 0.460101 4479
7 12 49 4.93045 0.192124 0.1 0.0849356 4901
7 12 50 1.5 -2 0 0 4385
7 12 51 1.5 -2 0 0 5804
7 12 52 5.5 -2 0 0 5102
7 12 53 1.5 -2 0 0 4375
7 12 54 5.5 -2 0 0 4702
7 12 55 5.5 -2 0 0 5245
7 12 56 5.5 -2 0 0 5158
7 12 57 1.5 -2 0 0 5436
7 12 58 5.5 -2 0 0 4699
7 12 59 1.5 -2 0 0 5524
7 12 60 5.5 -2 0 0 4554
7 12 61 1.5 -2 0 0 6404
7 12 62 5.5 -2 0 0 5671
7 12 63 1.5 -2 0 0 5077
7 13 0 5.5 -2 0 0 5763
7 13 1 1.5 -2 0 0 4991
7 13 2 5.5 -2 0 0 4815
7 13 3 1.5 -2 0 0 3752
7 13 4 1.5 -2 0 0 1604
7 13 5 5.5 -2 0 0 4496
7 13 6 1.5 -2 0 0 3866
7 13 7 5.5 -2 0 0 3342
7 13 8 1.5 -2 0 0 4649
7 13 9 5.5 -2 0 0 4133
7 13 10 5.5 -2 0 0 3805
7 13 11 1.5 -2 0 0 1569
7 13 12 1.5 -2 0 0 3864
7 13 13 1.5 -2 0 0 3294
7 13 14 1.5 -2 0 0 5197
7 13 15 1.5 -2 0 0 3806
7 13 16 1.5 -2 0 0 3746
7 13 17 1.5 -2 0 0 4841
7 13 18 1.5 -2 0 0 2723
7 13 19 1.5 -2 0 0 3451
7 13 20 1.5 -2 0 0 2683
7 13 21 5.5 -2 0 0 4262
7 13 22 5.5 -2 0 0 3384
7 13 23 1.5 -2 0 0 3588
7 13 24 5.5 -2 0 0 4588
7 13 25 5.5 -2 0 0 3275
7 13 26 5.5 -2 0 0 5006
7 13 27 1.5 -2 0 0 3657
7 13 28 1.5 -2 0 0 3237
7 13 29 5.5 -2 0 0 4620
7 13 30 9.5 -2 0 0 1086
7 13 31 5.5 -2 0 0 3237
7 13 32 5.5 -2 0 0 2921
7 13 33 5.5 -2 0 0 3408
7 13 34 5.5 -2 0 0 5212
7 13 35 1.5 -2 0 0 3042
7 13 36 5.5 -2 0 0 1264
7 13 37 5.5 -2 0 0 748
7 13 38 1.5 -2 0 0 2753
7 13 39 1.5 -2 0 0 3137
7 13 40 1.5 -2 0 0 3331
7 13 41 1.5 -2 0 0 2820
7 13 42 5.66066 0.564362 0.205372 0.423447 3482
7 13 43 1.5 -2 0 0 2483
7 13 44 5.5 -2 0 0 2651
7 13 45 5.5 -2 0 0 3210
7 13 46 5.5 -2 0 0 3352
7 13 47 1.5 -2 0 0 2644
7 13 48 5.5 -2 0 0 3407
7 13 49 5.5 -2 0 0 3707
7 13 50 5.5 -2 0 0 3078
7 13 51 5.5 -2 0 0 3412
7 13 52 5.5 -2 0 0 3922
7 13 53 1.5 -2 0 0 2588
7 13 54 1.5 -2 0 0 3133
7 13 55 5.5 -2 0 0 3731
7 13 56 1.5 -2 0 0 3479
7 13 57 1.5 -2 0 0 3349
7 13 58 1.5 -2 0 0 3222
7 13 59 1.5 -2 0 0 4132
7 13 60 1.5 -2 0 0 3023
7 13 61 1.5 -2 0 0 3947
7 13 62 1.5 -2 0 0 3719
7 13 63 1.5 -2 0 0 3320
7 14 0 1.5 -2 0 0 6197
7 14 1 1.5 -2 0 0 5515
7 14 2 1.5 -2 0 0 5172
7 14 3 1.5 -2 0 0 4042
7 14 4 1.5 -2 0 0 4214
7 14 5 5.5 -2 0 0 4576
7 14 6 1.5 -2 0 0 4968
7 14 7 5.5 -2 0 0 3936
7 14 8 1.5 -2 0 0 4712
7 14 9 1.5 -2 0 0 4475
7 14 10 1.5 -2 0 0 4266
7 14 11 1.5 -2 0 0 4688
7 14 12 1.5 -2 0 0 4246
7 14 13 5.5 -2 0 0 3562
7 14 14 5.5 -2 0 0 5484
7 14 15 1.5 -2 0 0 3764
7 14 16 1.5 -2 0 0 4375
7 14 17 1.5 -2 0 0 4464
7 14 18 5.5 -2 0 0 4056
7 14 19 5.5 -2 0 0 3688
7 14 20 5.5 -2 0 0 1790
7 14 21 1.5 -2 0 0 4795
7 14 22 1.5 -2 0 0 3767
7 14 23 1.5 -2 0 0 4121
7 14 24 5.5 -2 0 0 5046
7 14 25 5.5 -2 0 0 3499
7 14 26 1.5 -2 0 0 5107
7 14 27 5.5 -2 0 0 1863
7 14 28 1.5 -2 0 0 3450
7 14 29 5.27683 0.282274 0.324188 0.873212 4247
7 14 30 5.5 -2 0 0 2106
7 14 31 1.5 -2 0 0 3127
7 14 32 4.73125 0.441984 0.434879 0.0888686 2998
7 14 33 1.5 -2 0 0 3219
7 14 34 1.5 -2 0 0 4617
7 14 35 5.5 -2 0 0 2874
7 14 36 1.5 -2 0 0 1039
7 14 37 1.5 -2 0 0 3779
7 14 38 1.5 -2 0 0 2570
7 14 39 5.5 -2 0 0 2679
7 14 40 5.5 -2 0 0 3487
7 14 41 1.5 -2 0 0 2678
7 14 42 1.5 -2 0 0 3221
7 14 43 5.32753 0.190559 0.123448 0.241282 3886
7 14 44 1.5 -2 0 0 2423
7 14 45 5.5 -2 0 0 2845
7 14 46 1.5 -2 0 0 4192
7 14 47 1.5 -2 0 0 2601
7 14 48 1.5 -2 0 0 3030
7 14 49 5.5 -2 0 0 3342
7 14 50 1.5 -2 0 0 2659
7 14 51 1.5 -2 0 0 2975
7 14 52 5.5 -2 0 0 3463
7 14 53 5.5 -2 0 0 2422
7 14 54 1.5 -2 0 0 2698
7 14 55 1.5 -2 0 0 3104
7 14 56 1.5 -2 0 0 2745
7 14 57 5.5 -2 0 0 3025
7 14 58 1.5 -2 0 0 2867
7 14 59 1.5 -2 0 0 3952
7 14 60 1.5 -2 0 0 2611
7 14 61 1.5 -2 0 0 3173
7 14 62 1.5 -2 0 0 3279
7 14 63 1.5 -2 0 0 2927
7 15 0 1.5 -2 0 0 3283
7 15 1 1.5 -2 0 0 3037
7 15 2 1.5 -2 0 0 2807
7 15 3 1.5 -2 0 0 2428
7 15 4 5.5 -2 0 0 1168
7 15 5 1.5 -2 0 0 2847
7 15 6 1.5 -2 0 0 2650
7 15 7 5.5 -2 0 0 2239
7 15 8 1.5 -2 0 0 2861
7 15 9 1.5 -2 0 0 2424
7 15 10 1.5 -2 0 0 2244
7 15 11 5.5 -2 0 0 3237
7 15 12 5.5 -2 0 0 2660
7 15 13 5.5 -2 0 0 2513
7 15 14 5.5 -2 0 0 3245
7 15 15 1.5 -2 0 0 2935
7 15 16 1.5 -2 0 0 2045
7 15 17 5.5 -2 0 0 3401
7 15 18 1.5 -2 0 0 1230
7 15 19 1.5 -2 0 0 2676
7 15 20 5.5 -2 0 0 427
7 15 21 5.5 -2 0 0 2589
7 15 22 1.5 -2 0 0 2281
7 15 23 1.5 -2 0 0 648
7 15 24 1.5 -2 0 0 3001
7 15 25 5.5 -2 0 0 2863
7 15 26 5.5 -2 0 0 3765
7 15 27 1.5 -2 0 0 1060
7 15 28 5.5 -2 0 0 2868
7 15 29 6.44402 0.414978 0.101229 0.609087 2058
7 15 30 5.5 -2 0 0 627
7 15 31 5.5 -2 0 0 3029
7 15 32 5.5 -2 0 0 3086
7 15 33 1.5 -2 0 0 1000
7 15 34 1.5 -2 0 0 4118
7 15 35 5.5 -2 0 0 3306
7 15 36 1.5 -2 0 0 3022
7 15 37 5.5 -2 0 0 4086
7 15 38 1.5 -2 0 0 3639
7 15 39 5.5 -2 0 0 4627
7 15 40 1.5 -2 0 0 1976
7 15 41 1.5 -2 0 0 3287
7 15 42 1.5 -2 0 0 1611
7 15 43 1.5 -2 0 0 4154
7 15 44 5.5 -2 0 0 3631
7 15 45 5.5 -2 0 0 3785
7 15 46 1.5 -2 0 0 4519
7 15 47 1.5 -2 0 0 3843
7 15 48 1.5 -2 0 0 909
7 15 49 1.5 -2 0 0 4402
7 15 50 1.5 -2 0 0 4040
7 15 51 1.5 -2 0 0 5428
7 15 52 1.5 -2 0 0 4655
7 15 53 1.5 -2 0 0 4040
7 15 54 1.5 -2 0 0 4212
7 15 55 5.5 -2 0 0 4898
7 15 56 5.5 -2 0 0 4995
7 15 57 1.5 -2 0 0 5172
7 15 58 1.5 -2 0 0 4209
7 15 59 5.5 -2 0 0 4757
7 15 60 5.5 -2 0 0 4276
7 15 61 5.5 -2 0 0 5913
7 15 62 1.5 -2 0 0 5222
7 15 63 5.5 -2 0 0 4593
8 0 0 1.5 -2 0 0 514
8 0 1 5.5 -2 0 0 516
8 0 2 4.84474 0.462191 0.288078 0.157009 543
8 0 3 1.5 -2 0 0 446
8 0 4 1.5 -2 0 0 486
8 0 5 5.5 -2 0 0 469
8 0 6 5.16576 0.501941 0.21522 0.34058 398
8 0 7 5.5 -2 0 0 492
8 0 8 1.5 -2 0 0 503
8 0 9 5.5 -2 0 0 424
8 0 10 1.5 -2 0 0 442
8 0 11 1.5 -2 0 0 516
8 0 12 1.5 -2 0 0 494
8 0 13 5.5 -2 0 0 431
8 0 14 1.5 -2 0 0 586
8 0 15 1.5 -2 0 0 474
8 0 16 1.5 -2 0 0 398
8 0 17 5.5 -2 0 0 558
8 0 18 5.5 -2 0 0 474
8 0 19 1.5 -2 0 0 484
8 0 20 5.5 -2 0 0 502
8 0 21 5.5 -2 0 0 425
8 0 22 5.5 -2 0 0 440
8 0 23 5.5 -2 0 0 531
8 0 24 5.5 -2 0 0 509
8 0 25 5.5 -2 0 0 533
8 0 26 5.5 -2 0 0 572
8 0 27 5.5 -2 0 0 466
8 0 28 5.5 -2 0 0 474
8 0 29 5.5 -2 0 0 565
8 0 30 5.5 -2 0 0 505
8 0 31 5.5 -2 0 0 540
8 0 32 5.58314 0.354331 0.1 0.829697 514
8 0 33 5.5 -2 0 0 464
8 0 34 5.5 -2 0 0 589
8 0 35 1.5 -2 0 0 530
8 0 36 5.5 -2 0 0 517
8 0 37 5.5 -2 0 0 623
8 0 38 1.5 -2 0 0 553
8 0 39 1.5 -2 0 0 605
8 0 40 1.5 -2 0 0 529
8 0 41 5.5 -2 0 0 538
8 0 42 5.5 -2 0 0 557
8 0 43 5.5 -2 0 0 598
8 0 44 1.5 -2 0 0 530
8 0 45 5.5 -2 0 0 552
8 0 46 5.5 -2 0 0 612
8 0 47 1.5 -2 0 0 641
8 0 48 5.5 -2 0 0 525
8 0 49 5.5 -2 0 0 603
8 0 50 1.5 -2 0 0 597
8 0 51 5.5 -2 0 0 750
8 0 52 5.5 -2 0 0 624
8 0 53 1.5 -2 0 0 556
8 0 54 5.5 -2 0 0 549
8 0 55 5.5 -2 0 0 644
8 0 56 5.5 -2 0 0 669
8 0 57 5.5 -2 0 0 685
8 0 58 1.5 -2 0 0 600
8 0 59 1.5 -2 0 0 733
8 0 60 1.5 -2 0 0 615
8 0 61 5.5 -2 0 0 809
8 0 62 1.5 -2 0 0 735
8 0 63 1.5 -2 0 0 613
8 1 0 5.5 -2 0 0 745
8 1 1 1.5 -2 0 0 768
8 1 2 1.5 -2 0 0 794
8 1 3 1.5 -2 0 0 773
8 1 4 5.5 -2 0 0 684
8 1 5 1.5 -2 0 0 719
8 1 6 1.5 -2 0 0 822
8 1 7 1.5 -2 0 0 865
8 1 8 1.5 -2 0 0 731
8 1 9 5.5 -2 0 0 526
8 1 10 5.5 -2 0 0 872
8 1 11 5.5 -2 0 0 660
8 1 12 5.5 -2 0 0 712
8 1 13 1.5 -2 0 0 753
8 1 14 5.5 -2 0 0 727
8 1 15 1.5 -2 0 0 569
8 1 16 5.5 -2 0 0 1046
8 1 17 1.5 -2 0 0 615
8 1 18 1.5 -2 0 0 592
8 1 19 1.5 -2 0 0 811
8 1 20 1.5 -2 0 0 559
8 1 21 1.5 -2 0 0 776
8 1 22 1.5 -2 0 0 810
8 1 23 1.5 -2 0 0 638
8 1 24 5.5 -2 0 0 707
8 1 25 5.5 -2 0 0 761
8 1 26 1.5 -2 0 0 663
8 1 27 1.5 -2 0 0 661
8 1 28 5.5 -2 0 0 656
8 1 29 1.5 -2 0 0 624
8 1 30 1.5 -2 0 0 628
8 1 31 5.31629 0.425851 0.290074 0.369113 749
8 1 32 5.5 -2 0 0 641
8 1 33 1.5 -2 0 0 602
8 1 34 1.5 -2 0 0 641
8 1 35 5.5 -2 0 0 671
8 1 36 5.5 -2 0 0 507
8 1 37 1.5 -2 0 0 629
8 1 38 1.5 -2 0 0 666
8 1 39 5.5 -2 0 0 547
8 1 40 5.03062 0.402496 0.358805 0.362418 647
8 1 41 1.5 -2 0 0 643
8 1 42 1.5 -2 0 0 529
8 1 43 5.5 -2 0 0 618
8 1 44 1.5 -2 0 0 611
8 1 45 1.5 -2 0 0 546
8 1 46 1.5 -2 0 0 621
8 1 47 1.5 -2 0 0 630
8 1 48 5.5 -2 0 0 616
8 1 49 5.5 -2 0 0 541
8 1 50 5.5 -2 0 0 576
8 1 51 1.5 -2 0 0 520
8 1 52 1.5 -2 0 0 548
8 1 53 1.5 -2 0 0 587
8 1 54 1.5 -2 0 0 577
8 1 55 5.5 -2 0 0 527
8 1 56 5.5 -2 0 0 499
8 1 57 1.5 -2 0 0 499
8 1 58 1.5 -2 0 0 579
8 1 59 1.5 -2 0 0 559
8 1 60 1.5 -2 0 0 736
8 1 61 1.5 -2 0 0 456
8 1 62 1.5 -2 0 0 572
8 1 63 1.5 -2 0 0 543
8 2 0 1.5 -2 0 0 866
8 2 1 5.5 -2 0 0 769
8 2 2 1.5 -2 0 0 668
8 2 3 5.5 -2 0 0 631
8 2 4 5.5 -2 0 0 667
8 2 5 1.5 -2 0 0 659
8 2 6 1.5 -2 0 0 670
8 2 7 1.5 -2 0 0 572
8 2 8 1.5 -2 0 0 666
8 2 9 5.5 -2 0 0 657
8 2 10 1.5 -2 0 0 611
8 2 11 1.5 -2 0 0 729
8 2 12 5.5 -2 0 0 627
8 2 13 1.5 -2 0 0 606
8 2 14 5.5 -2 0 0 759
8 2 15 1.5 -2 0 0 633
8 2 16 1.5 -2 0 0 623
8 2 17 1.5 -2 0 0 707
8 2 18 1.5 -2 0 0 640
8 2 19 5.5 -2 0 0 598
8 2 20 1.5 -2 0 0 704
8 2 21 6.21857 0.48209 0.31025 0.390832 670
8 2 22 5.5 -2 0 0 540
8 2 23 1.5 -2 0 0 700
8 2 24 5.5 -2 0 0 727
8 2 25 1.5 -2 0 0 680
8 2 26 5.5 -2 0 0 796
8 2 27 1.5 -2 0 0 648
8 2 28 1.5 -2 0 0 646
8 2 29 4.64601 0.443201 0.331428 0.236623 783
8 2 30 1.5 -2 0 0 697
8 2 31 5.5 -2 0 0 669
8 2 32 1.5 -2 0 0 650
8 2 33 5.5 -2 0 0 678
8 2 34 1.5 -2 0 0 902
8 2 35 5.5 -2 0 0 674
8 2 36 5.5 -2 0 0 675
8 2 37 1.5 -2 0 0 749
8 2 38 5.5 -2 0 0 719
8 2 39 5.5 -2 0 0 863
8 2 40 5.20745 0.502998 0.183522 0.0814999 758
8 2 41 5.5 -2 0 0 680
8 2 42 1.5 -2 0 0 728
8 2 43 5.5 -2 0 0 839
8 2 44 1.5 -2 0 0 668
8 2 45 5.5 -2 0 0 700
8 2 46 1.5 -2 0 0 944
8 2 47 1.5 -2 0 0 847
8 2 48 1.5 -2 0 0 741
8 2 49 1.5 -2 0 0 848
8 2 50 1.5 -2 0 0 729
8 2 51 1.5 -2 0 0 1117
8 2 52 1.5 -2 0 0 894
8 2 53 1.5 -2 0 0 812
8 2 54 1.5 -2 0 0 753
8 2 55 1.5 -2 0 0 895
8 2 56 1.5 -2 0 0 883
8 2 57 1.5 -2 0 0 994
8 2 58 1.5 -2 0 0 843
8 2 59 1.5 -2 0 0 1057
8 2 60 1.5 -2 0 0 843
8 2 61 1.5 -2 0 0 1262
8 2 62 1.5 -2 0 0 1136
8 2 63 5.5 -2 0 0 836
8 3 0 1.5 -2 0 0 1358
8 3 1 1.5 -2 0 0 1373
8 3 2 1.5 -2 0 0 1438
8 3 3 1.5 -2 0 0 1682
8 3 4 5.5 -2 0 0 1264
8 3 5 1.5 -2 0 0 1330
8 3 6 1.5 -2 0 0 1721
8 3 7 1.5 -2 0 0 2104
8 3 8 1.5 -2 0 0 1278
8 3 9 1.5 -2 0 0 2016
8 3 10 1.5 -2 0 0 2251
8 3 11 1.5 -2 0 0 1212
8 3 12 5.5 -2 0 0 1468
8 3 13 1.5 -2 0 0 1605
8 3 14 6.63626 0.572264 0.139374 0.423618 1198
8 3 15 5.5 -2 0 0 1443
8 3 16 1.5 -2 0 0 2693
8 3 17 1.5 -2 0 0 1085
8 3 18 5.5 -2 0 0 1369
8 3 19 1.5 -2 0 0 1995
8 3 20 1.5 -2 0 0 1099
8 3 21 5.5 -2 0 0 1918
8 3 22 5.5 -2 0 0 1819
8 3 23 5.5 -2 0 0 1049
8 3 24 5.5 -2 0 0 1157
8 3 25 5.5 -2 0 0 812
8 3 26 5.5 -2 0 0 983
8 3 27 5.5 -2 0 0 1390
8 3 28 1.5 -2 0 0 1439
8 3 29 1.5 -2 0 0 1035
8 3 30 1.5 -2 0 0 592
8 3 31 1.5 -2 0 0 1489
8 3 32 1.5 -2 0 0 1318
8 3 33 5.5 -2 0 0 1189
8 3 34 1.5 -2 0 0 924
8 3 35 1.5 -2 0 0 1208
8 3 36 1.5 -2 0 0 1041
8 3 37 1.5 -2 0 0 976
8 3 38 1.5 -2 0 0 1224
8 3 39 1.5 -2 0 0 887
8 3 40 5.5 -2 0 0 1080
8 3 41 1.5 -2 0 0 780
8 3 42 1.5 -2 0 0 683
8 3 43 1.5 -2 0 0 879
8 3 44 4.66921 0.317416 0.409791 0.381507 1060
8 3 45 1.5 -2 0 0 1054
8 3 46 1.5 -2 0 0 916
8 3 47 1.5 -2 0 0 961
8 3 48 4.68374 0.362159 0.313978 0.243506 1065
8 3 49 5.5 -2 0 0 843
8 3 50 1.5 -2 0 0 973
8 3 51 1.5 -2 0 0 729
8 3 52 1.5 -2 0 0 830
8 3 53 1.5 -2 0 0 970
8 3 54 1.5 -2 0 0 456
8 3 55 5.5 -2 0 0 789
8 3 56 1.5 -2 0 0 712
8 3 57 1.5 -2 0 0 782
8 3 58 1.5 -2 0 0 924
8 3 59 1.5 -2 0 0 786
8 3 60 1.5 -2 0 0 399
8 3 61 1.5 -2 0 0 780
8 3 62 1.5 -2 0 0 746
8 3 63 1.5 -2 0 0 761
8 4 0 1.5 -2 0 0 1299
8 4 1 1.5 -2 0 0 1068
8 4 2 1.5 -2 0 0 944
8 4 3 5.5 -2 0 0 699
8 4 4 1.5 -2 0 0 826
8 4 5 1.5 -2 0 0 851
8 4 6 5.5 -2 0 0 883
8 4 7 4.76747 0.468088 0.327176 0.348942 737
8 4 8 1.5 -2 0 0 902
8 4 9 1.5 -2 0 0 808
8 4 10 5.5 -2 0 0 782
8 4 11 1.5 -2 0 0 976
8 4 12 1.5 -2 0 0 817
8 4 13 5.26788 0.311094 0.113574 0.138114 744
8 4 14 5.5 -2 0 0 1248
8 4 15 1.5 -2 0 0 751
8 4 16 5.5 -2 0 0 763
8 4 17 1.5 -2 0 0 1087
8 4 18 4.97798 0.48334 0.334695 0.231866 761
8 4 19 1.5 -2 0 0 731
8 4 20 1.5 -2 0 0 838
8 4 21 1.5 -2 0 0 894
8 4 22 5.5 -2 0 0 690
8 4 23 1.5 -2 0 0 1045
8 4 24 1.5 -2 0 0 989
8 4 25 1.5 -2 0 0 734
8 4 26 1.5 -2 0 0 1282
8 4 27 6.23436 0.533255 0.132279 0.30998 749
8 4 28 4.86031 0.45921 0.179282 0.423725 670
8 4 29 5.5 -2 0 0 1130
8 4 30 5.5 -2 0 0 775
8 4 31 5.5 -2 0 0 771
8 4 32 1.5 -2 0 0 731
8 4 33 1.5 -2 0 0 765
8 4 34 1.5 -2 0 0 1479
8 4 35 1.5 -2 0 0 785
8 4 36 5.5 -2 0 0 782
8 4 37 5.5 -2 0 0 981
8 4 38 1.5 -2 0 0 738
8 4 39 5.5 -2 0 0 909
8 4 40 1.5 -2 0 0 865
8 4 41 5.5 -2 0 0 801
8 4 42 5.5 -2 0 0 875
8 4 43 5.5 -2 0 0 1160
8 4 44 1.5 -2 0 0 744
8 4 45 5.5 -2 0 0 787
8 4 46 1.5 -2 0 0 1417
8 4 47 1.5 -2 0 0 857
8 4 48 1.5 -2 0 0 855
8 4 49 1.5 -2 0 0 1111
8 4 50 1.5 -2 0 0 784
8 4 51 1.5 -2 0 0 1236
8 4 52 1.5 -2 0 0 1305
8 4 53 1.5 -2 0 0 806
8 4 54 1.5 -2 0 0 842
8 4 55 1.5 -2 0 0 1196
8 4 56 5.5 -2 0 0 975
8 4 57 1.5 -2 0 0 1058
8 4 58 1.5 -2 0 0 929
8 4 59 1.5 -2 0 0 1350
8 4 60 1.5 -2 0 0 856
8 4 61 1.5 -2 0 0 1647
8 4 62 1.5 -2 0 0 1481
8 4 63 1.5 -2 0 0 1056
8 5 0 1.5 -2 0 0 1284
8 5 1 1.5 -2 0 0 1952
8 5 2 1.5 -2 0 0 2106
8 5 3 1.5 -2 0 0 2710
8 5 4 1.5 -2 0 0 1170
8 5 5 5.5 -2 0 0 1455
8 5 6 1.5 -2 0 0 2395
8 5 7 1.5 -2 0 0 3705
8 5 8 1.5 -2 0 0 2049
8 5 9 1.5 -2 0 0 2432
8 5 10 1.5 -2 0 0 3367
8 5 11 1.5 -2 0 0 1931
8 5 12 1.5 -2 0 0 1430
8 5 13 5.5 -2 0 0 3093
8 5 14 4.95139 0.406901 0.323776 0.561269 1686
8 5 15 5.5 -2 0 0 2623
8 5 16 5.24993 0.490926 0.3438 0.232096 4117
8 5 17 6.13276 0.349524 0.229898 0.539339 1718
8 5 18 1.5 -2 0 0 2508
8 5 19 1.5 -2 0 0 3756
8 5 20 1.5 -2 0 0 2194
8 5 21 1.5 -2 0 0 2573
8 5 22 5.5 -2 0 0 3168
8 5 23 1.5 -2 0 0 1901
8 5 24 5.5 -2 0 0 1721
8 5 25 1.5 -2 0 0 3328
8 5 26 9.5 -2 0 0 1608
8 5 27 1.5 -2 0 0 2623
8 5 28 5.5 -2 0 0 2795
8 5 29 5.5 -2 0 0 1693
8 5 30 1.5 -2 0 0 2372
8 5 31 1.5 -2 0 0 3309
8 5 32 1.5 -2 0 0 1911
8 5 33 1.5 -2 0 0 1191
8 5 34 5.5 -2 0 0 1475
8 5 35 1.5 -2 0 0 3176
8 5 36 1.5 -2 0 0 2255
8 5 37 1.5 -2 0 0 1714
8 5 38 5.5 -2 0 0 3039
8 5 39 5.5 -2 0 0 2046
8 5 40 5.5 -2 0 0 1909
8 5 41 1.5 -2 0 0 2714
8 5 42 5.5 -2 0 0 1911
8 5 43 5.5 -2 0 0 1655
8 5 44 1.5 -2 0 0 1928
8 5 45 1.5 -2 0 0 2347
8 5 46 1.5 -2 0 0 1550
8 5 47 1.5 -2 0 0 3040
8 5 48 1.5 -2 0 0 2099
8 5 49 5.5 -2 0 0 1729
8 5 50 1.5 -2 0 0 1833
8 5 51 1.5 -2 0 0 1510
8 5 52 1.5 -2 0 0 1541
8 5 53 1.5 -2 0 0 2586
8 5 54 1.5 -2 0 0 1838
8 5 55 1.5 -2 0 0 1487
8 5 56 1.5 -2 0 0 1582
8 5 57 1.5 -2 0 0 1699
8 5 58 1.5 -2 0 0 1798
8 5 59 5.5 -2 0 0 1442
8 5 60 1.5 -2 0 0 1939
8 5 61 1.5 -2 0 0 1441
8 5 62 1.5 -2 0 0 1429
8 5 63 1.5 -2 0 0 1589
8 6 0 5.5 -2 0 0 1590
8 6 1 5.5 -2 0 0 1296
8 6 2 5.5 -2 0 0 1186
8 6 3 1.5 -2 0 0 831
8 6 4 1.5 -2 0 0 819
8 6 5 1.5 -2 0 0 968
8 6 6 1.5 -2 0 0 930
8 6 7 5.60744 0.537368 0.26901 0.267203 834
8 6 8 5.5 -2 0 0 1087
8 6 9 5.5 -2 0 0 875
8 6 10 5.5 -2 0 0 788
8 6 11 4.99538 0.416593 0.207867 0.3235 986
8 6 12 1.5 -2 0 0 882
8 6 13 1.5 -2 0 0 762
8 6 14 1.5 -2 0 0 1456
8 6 15 1.5 -2 0 0 784
8 6 16 5.5 -2 0 0 844
8 6 17 5.5 -2 0 0 1233
8 6 18 1.5 -2 0 0 885
8 6 19 5.5 -2 0 0 684
8 6 20 5.5 -2 0 0 806
8 6 21 5.5 -2 0 0 949
8 6 22 5.5 -2 0 0 767
8 6 23 5.5 -2 0 0 946
8 6 24 5.5 -2 0 0 1174
8 6 25 5.87344 0.468707 0.209886 0.665218 567
8 6 26 5.08682 0.460096 0.292809 0.287445 1384
8 6 27 1.5 -2 0 0 821
8 6 28 5.41788 0.316318 0.241201 0.246714 702
8 6 29 5.5 -2 0 0 1049
8 6 30 5.5 -2 0 0 855
8 6 31 6.84739 0.431101 0.226611 0.0230148 774
8 6 32 5.5 -2 0 0 755
8 6 33 5.5 -2 0 0 771
8 6 34 5.5 -2 0 0 1309
8 6 35 1.5 -2 0 0 689
8 6 36 5.5 -2 0 0 750
8 6 37 5.5 -2 0 0 867
8 6 38 5.5 -2 0 0 721
8 6 39 5.5 -2 0 0 782
8 6 40 1.5 -2 0 0 904
8 6 41 5.5 -2 0 0 706
8 6 42 5.5 -2 0 0 799
8 6 43 5.5 -2 0 0 1035
8 6 44 1.5 -2 0 0 680
8 6 45 5.5 -2 0 0 715
8 6 46 5.5 -2 0 0 1256
8 6 47 0 -10 0 0 0
8 6 48 1.5 -2 0 0 800
8 6 49 5.74148 0.551061 0.196504 0.229822 857
8 6 50 1.5 -2 0 0 684
8 6 51 5.5 -2 0 0 1019
8 6 52 5.5 -2 0 0 910
8 6 53 1.5 -2 0 0 734
8 6 54 1.5 -2 0 0 711
8 6 55 5.21773 0.351777 0.173975 0.311477 887
8 6 56 1.5 -2 0 0 852
8 6 57 5.5 -2 0 0 888
8 6 58 5.5 -2 0 0 796
8 6 59 1.5 -2 0 0 1119
8 6 60 1.5 -2 0 0 713
8 6 61 1.5 -2 0 0 1034
8 6 62 1.5 -2 0 0 1039
8 6 63 1.5 -2 0 0 833
8 7 0 5.5 -2 0 0 1197
8 7 1 5.5 -2 0 0 1264
8 7 2 1.5 -2 0 0 1353
8 7 3 1.5 -2 0 0 1797
8 7 4 1.5 -2 0 0 979
8 7 5 5.2332 0.16856 0.1 0.479069 1535
8 7 6 5.5 -2 0 0 1456
8 7 7 5.5 -2 0 0 2511
8 7 8 4.67522 0.330508 0.285966 0.613172 1324
8 7 9 5.5 -2 0 0 1756
8 7 10 5.65022 0.53923 1.10876 0.900941 1970
8 7 11 1.5 -2 0 0 1505
8 7 12 5.5 -2 0 0 1628
8 7 13 5.5 -2 0 0 2277
8 7 14 5.5 -2 0 0 1189
8 7 15 1.5 -2 0 0 2021
8 7 16 5.18722 0.473311 0.358686 0.199296 2535
8 7 17 5.5 -2 0 0 1267
8 7 18 5.5 -2 0 0 1760
8 7 19 5.5 -2 0 0 2830
8 7 20 5.5 -2 0 0 1785
8 7 21 5.5 -2 0 0 1646
8 7 22 5.5 -2 0 0 1989
8 7 23 5.5 -2 0 0 1527
8 7 24 9.5 -2 0 0 1218
8 7 25 5.5 -2 0 0 3029
8 7 26 5.5 -2 0 0 1328
8 7 27 1.5 -2 0 0 2212
8 7 28 5.5 -2 0 0 2337
8 7 29 5.5 -2 0 0 1436
8 7 30 5.5 -2 0 0 1990
8 7 31 5.5 -2 0 0 3298
8 7 32 5.5 -2 0 0 2554
8 7 33 5.5 -2 0 0 2256
8 7 34 5.5 -2 0 0 1372
8 7 35 5.01784 0.353074 0.304541 0.369305 3496
8 7 36 5.5 -2 0 0 2195
8 7 37 5.5 -2 0 0 1740
8 7 38 5.5 -2 0 0 3833
8 7 39 9.5 -2 0 0 2611
8 7 40 1.5 -2 0 0 1326
8 7 41 5.5 -2 0 0 2794
8 7 42 5.61404 0.393942 0.275057 0.676216 2045
8 7 43 5.5 -2 0 0 1504
8 7 44 5.27042 0.373263 0.239804 0.265861 3127
8 7 45 5.5 -2 0 0 2391
8 7 46 5.38763 0.286547 0.325563 0.882556 1450
8 7 47 5.5 -2 0 0 4205
8 7 48 1.5 -2 0 0 2260
8 7 49 5.45638 0.392248 0.316508 0.735296 1816
8 7 50 5.5 -2 0 0 2674
8 7 51 5.5 -2 0 0 1581
8 7 52 5.09322 0.390178 0.322271 0.941141 1610
8 7 53 1.5 -2 0 0 2816
8 7 54 1.5 -2 0 0 2472
8 7 55 5.5 -2 0 0 1677
8 7 56 1.5 -2 0 0 2361
8 7 57 5.5 -2 0 0 2162
8 7 58 5.5 -2 0 0 2198
8 7 59 5.5 -2 0 0 1559
8 7 60 1.5 -2 0 0 2996
8 7 61 1.5 -2 0 0 1276
8 7 62 1.5 -2 0 0 1526
8 7 63 5.5 -2 0 0 1950
8 8 0 1.5 -2 0 0 739
8 8 1 1.5 -2 0 0 692
8 8 2 5.5 -2 0 0 682
8 8 3 5.5 -2 0 0 645
8 8 4 4.73136 0.401463 0.282976 0.311874 706
8 8 5 1.5 -2 0 0 705
8 8 6 5.5 -2 0 0 689
8 8 7 1.5 -2 0 0 680
8 8 8 4.8818 0.353187 0.1 0.219947 679
8 8 9 5.5 -2 0 0 668
8 8 10 5.5 -2 0 0 618
8 8 11 5.5 -2 0 0 695
8 8 12 1.5 -2 0 0 619
8 8 13 4.93103 0.29616 0.1 0.328852 674
8 8 14 5.5 -2 0 0 775
8 8 15 1.5 -2 0 0 711
8 8 16 5.5 -2 0 0 677
8 8 17 1.5 -2 0 0 499
8 8 18 5.5 -2 0 0 629
8 8 19 5.5 -2 0 0 709
8 8 20 5.5 -2 0 0 755
8 8 21 1.5 -2 0 0 635
8 8 22 5.5 -2 0 0 634
8 8 23 1.5 -2 0 0 780
8 8 24 5.5 -2 0 0 738
8 8 25 5.5 -2 0 0 805
8 8 26 1.5 -2 0 0 858
8 8 27 5.5 -2 0 0 682
8 8 28 1.5 -2 0 0 729
8 8 29 5.6074 0.432099 0.273733 0.428518 757
8 8 30 1.5 -2 0 0 737
8 8 31 1.5 -2 0 0 796
8 8 32 5.5 -2 0 0 775
8 8 33 5.90501 0.458557 0.217989 0.517019 759
8 8 34 1.5 -2 0 0 828
8 8 35 5.5 -2 0 0 836
8 8 36 6.11266 0.399126 0.260004 0.473553 778
8 8 37 5.5 -2 0 0 839
8 8 38 1.5 -2 0 0 983
8 8 39 1.5 -2 0 0 1137
8 8 40 5.5 -2 0 0 769
8 8 41 5.5 -2 0 0 808
8 8 42 5.5 -2 0 0 916
8 8 43 4.94972 0.448481 0.334988 0.026731 848
8 8 44 1.5 -2 0 0 803
8 8 45 5.5 -2 0 0 775
8 8 46 1.5 -2 0 0 863
8 8 47 5.5 -2 0 0 1143
8 8 48 5.5 -2 0 0 870
8 8 49 5.5 -2 0 0 886
8 8 50 5.5 -2 0 0 876
8 8 51 1.5 -2 0 0 1143
8 8 52 1.5 -2 0 0 917
8 8 53 5.5 -2 0 0 996
8 8 54 5.98453 0.206748 0.10795 0.190063 890
8 8 55 1.5 -2 0 0 1021
8 8 56 1.5 -2 0 0 1170
8 8 57 1.5 -2 0 0 1064
8 8 58 5.24332 0.425173 0.345905 0.277849 933
8 8 59 5.5 -2 0 0 961
8 8 60 1.5 -2 0 0 1057
8 8 61 5.5 -2 0 0 1247
8 8 62 1.5 -2 0 0 1149
8 8 63 1.5 -2 0 0 954
8 9 0 5.5 -2 0 0 1304
8 9 1 1.5 -2 0 0 1212
8 9 2 1.5 -2 0 0 1242
8 9 3 1.5 -2 0 0 936
8 9 4 5.5 -2 0 0 887
8 9 5 1.5 -2 0 0 1014
8 9 6 5.5 -2 0 0 1153
8 9 7 1.5 -2 0 0 987
8 9 8 6.25489 0.55797 0.220003 0.310622 1037
8 9 9 1.5 -2 0 0 1135
8 9 10 1.5 -2 0 0 1116
8 9 11 5.5 -2 0 0 967
8 9 12 5.5 -2 0 0 942
8 9 13 1.5 -2 0 0 777
8 9 14 1.5 -2 0 0 1088
8 9 15 5.82195 0.466466 0.290941 0.300663 878
8 9 16 6.14506 0.373698 0.375254 0.385419 1161
8 9 17 5.5 -2 0 0 996
8 9 18 1.5 -2 0 0 835
8 9 19 1.5 -2 0 0 877
8 9 20 5.5 -2 0 0 804
8 9 21 5.5 -2 0 0 1209
8 9 22 5.5 -2 0 0 919
8 9 23 1.5 -2 0 0 824
8 9 24 4.89633 0.411832 0.227033 0.277529 1043
8 9 25 5.5 -2 0 0 823
8 9 26 6.48798 0.419632 0.426185 0.334764 982
8 9 27 1.5 -2 0 0 842
8 9 28 5.5 -2 0 0 804
8 9 29 1.5 -2 0 0 814
8 9 30 1.5 -2 0 0 592
8 9 31 1.5 -2 0 0 841
8 9 32 1.5 -2 0 0 751
8 9 33 5.5 -2 0 0 472
8 9 34 1.5 -2 0 0 952
8 9 35 1.5 -2 0 0 749
8 9 36 1.5 -2 0 0 720
8 9 37 5.5 -2 0 0 738
8 9 38 1.5 -2 0 0 724
8 9 39 5.5 -2 0 0 671
8 9 40 1.5 -2 0 0 468
8 9 41 5.5 -2 0 0 702
8 9 42 1.5 -2 0 0 792
8 9 43 1.5 -2 0 0 832
8 9 44 4.72909 0.433191 0.322912 0.0558125 501
8 9 45 1.5 -2 0 0 745
8 9 46 1.5 -2 0 0 868
8 9 47 5.5 -2 0 0 719
8 9 48 1.5 -2 0 0 631
8 9 49 1.5 -2 0 0 716
8 9 50 1.5 -2 0 0 415
8 9 51 5.69184 0.497838 0.207721 0.355042 730
8 9 52 1.5 -2 0 0 813
8 9 53 5.5 -2 0 0 534
8 9 54 1.5 -2 0 0 427
8 9 55 5.5 -2 0 0 697
8 9 56 1.5 -2 0 0 686
8 9 57 5.5 -2 0 0 711
8 9 58 1.5 -2 0 0 568
8 9 59 1.5 -2 0 0 820
8 9 60 5.5 -2 0 0 672
8 9 61 1.5 -2 0 0 748
8 9 62 1.5 -2 0 0 777
8 9 63 1.5 -2 0 0 555
8 10 0 1.5 -2 0 0 1541
8 10 1 5.5 -2 0 0 1326
8 10 2 1.5 -2 0 0 1294
8 10 3 5.5 -2 0 0 1256
8 10 4 1.5 -2 0 0 1524
8 10 5 5.5 -2 0 0 1426
8 10 6 5.5 -2 0 0 1289
8 10 7 1.5 -2 0 0 1305
8 10 8 5.5 -2 0 0 1335
8 10 9 5.5 -2 0 0 1283
8 10 10 1.5 -2 0 0 1176
8 10 11 5.52918 0.332242 0.371372 0.81328 1503
8 10 12 5.5 -2 0 0 1349
8 10 13 1.5 -2 0 0 1297
8 10 14 1.5 -2 0 0 1562
8 10 15 4.6159 0.357173 0.200805 0.171129 1465
8 10 16 1.5 -2 0 0 1281
8 10 17 5.5 -2 0 0 1556
8 10 18 1.5 -2 0 0 1471
8 10 19 5.5 -2 0 0 1499
8 10 20 5.5 -2 0 0 1699
8 10 21 1.5 -2 0 0 1168
8 10 22 1.5 -2 0 0 1283
8 10 23 5.5 -2 0 0 1826
8 10 24 1.5 -2 0 0 1437
8 10 25 1.5 -2 0 0 1579
8 10 26 1.5 -2 0 0 1818
8 10 27 5.5 -2 0 0 1591
8 10 28 5.5 -2 0 0 1525
8 10 29 5.5 -2 0 0 1701
8 10 30 5.5 -2 0 0 1661
8 10 31 5.5 -2 0 0 1832
8 10 32 5.06841 0.316189 0.273733 0.532343 1711
8 10 33 1.5 -2 0 0 1808
8 10 34 5.5 -2 0 0 1882
8 10 35 5.5 -2 0 0 2012
8 10 36 1.5 -2 0 0 1780
8 10 37 1.5 -2 0 0 2043
8 10 38 1.5 -2 0 0 2414
8 10 39 5.5 -2 0 0 3134
8 10 40 1.5 -2 0 0 1942
8 10 41 5.5 -2 0 0 1970
8 10 42 1.5 -2 0 0 2289
8 10 43 1.5 -2 0 0 2118
8 10 44 1.5 -2 0 0 2227
8 10 45 1.5 -2 0 0 1933
8 10 46 1.5 -2 0 0 2223
8 10 47 1.5 -2 0 0 2901
8 10 48 1.5 -2 0 0 2224
8 10 49 5.5 -2 0 0 2232
8 10 50 5.5 -2 0 0 1219
8 10 51 1.5 -2 0 0 3125
8 10 52 5.5 -2 0 0 2389
8 10 53 5.5 -2 0 0 2888
8 10 54 5.5 -2 0 0 2446
8 10 55 5.5 -2 0 0 1958
8 10 56 1.5 -2 0 0 3335
8 10 57 5.5 -2 0 0 3465
8 10 58 1.5 -2 0 0 1529
8 10 59 1.5 -2 0 0 2659
8 10 60 1.5 -2 0 0 3021
8 10 61 1.5 -2 0 0 3851
8 10 62 1.5 -2 0 0 2759
8 10 63 1.5 -2 0 0 2671
8 11 0 1.5 -2 0 0 3539
8 11 1 5.5 -2 0 0 3327
8 11 2 8.19988 0.685124 0.281135 0.628991 3619
8 11 3 5.5 -2 0 0 2306
8 11 4 1.5 -2 0 0 2368
8 11 5 5.5 -2 0 0 2484
8 11 6 1.5 -2 0 0 3331
8 11 7 5.5 -2 0 0 2117
8 11 8 5.5 -2 0 0 2132
8 11 9 1.5 -2 0 0 3010
8 11 10 1.5 -2 0 0 2850
8 11 11 5.5 -2 0 0 2368
8 11 12 5.5 -2 0 0 2153
8 11 13 1.5 -2 0 0 1879
8 11 14 1.5 -2 0 0 3113
8 11 15 8.19407 0.639341 0.279355 0.812514 2080
8 11 16 5.5 -2 0 0 2794
8 11 17 5.5 -2 0 0 2373
8 11 18 5.5 -2 0 0 2102
8 11 19 5.5 -2 0 0 1854
8 11 20 5.5 -2 0 0 1901
8 11 21 5.5 -2 0 0 3318
8 11 22 1.5 -2 0 0 2316
8 11 23 9.5 -2 0 0 2035
8 11 24 5.5 -2 0 0 2765
8 11 25 1.5 -2 0 0 1574
8 11 26 5.5 -2 0 0 2600
8 11 27 5.5 -2 0 0 1715
8 11 28 5.5 -2 0 0 1652
8 11 29 5.5 -2 0 0 2064
8 11 30 1.5 -2 0 0 1877
8 11 31 1.5 -2 0 0 1521
8 11 32 5.5 -2 0 0 1424
8 11 33 6.04708 0.371767 0.269477 0.706063 1467
8 11 34 5.5 -2 0 0 2254
8 11 35 5.5 -2 0 0 1349
8 11 36 1.5 -2 0 0 1587
8 11 37 1.5 -2 0 0 1723
8 11 38 5.16839 0.350115 0.32769 0.767362 1248
8 11 39 5.5 -2 0 0 1266
8 11 40 5.5 -2 0 0 1672
8 11 41 1.5 -2 0 0 1299
8 11 42 5.22905 0.455714 0.125872 0.0445231 1426
8 11 43 5.5 -2 0 0 1869
8 11 44 1.5 -2 0 0 1168
8 11 45 1.5 -2 0 0 1345
8 11 46 1.5 -2 0 0 1942
8 11 47 1.5 -2 0 0 1182
8 11 48 1.5 -2 0 0 1342
8 11 49 5.5 -2 0 0 1556
8 11 50 5.5 -2 0 0 1265
8 11 51 5.5 -2 0 0 1275
8 11 52 5.5 -2 0 0 1605
8 11 53 5.5 -2 0 0 1112
8 11 54 1.5 -2 0 0 1204
8 11 55 4.88491 0.377486 0.219163 0.258156 1476
8 11 56 1.5 -2 0 0 1194
8 11 57 5.5 -2 0 0 1258
8 11 58 1.5 -2 0 0 1652
8 11 59 1.5 -2 0 0 1726
8 11 60 5.5 -2 0 0 1222
8 11 61 1.5 -2 0 0 1384
8 11 62 5.65396 0.483084 0.11944 0.437835 1541
8 11 63 5.5 -2 0 0 1352
8 12 0 1.5 -2 0 0 4127
8 12 1 1.5 -2 0 0 3698
8 12 2 1.5 -2 0 0 3701
8 12 3 1.5 -2 0 0 3264
8 12 4 5.5 -2 0 0 3906
8 12 5 5.5 -2 0 0 3599
8 12 6 5.5 -2 0 0 3653
8 12 7 1.5 -2 0 0 3036
8 12 8 1.5 -2 0 0 3568
8 12 9 1.5 -2 0 0 3227
8 12 10 5.5 -2 0 0 3079
8 12 11 1.5 -2 0 0 3895
8 12 12 1.5 -2 0 0 3356
8 12 13 1.5 -2 0 0 3358
8 12 14 1.5 -2 0 0 4087
8 12 15 1.5 -2 0 0 3500
8 12 16 1.5 -2 0 0 3129
8 12 17 1.5 -2 0 0 3999
8 12 18 1.5 -2 0 0 3683
8 12 19 5.5 -2 0 0 3303
8 12 20 1.5 -2 0 0 4148
8 12 21 1.5 -2 0 0 3303
8 12 22 1.5 -2 0 0 2970
8 12 23 1.5 -2 0 0 4302
8 12 24 1.5 -2 0 0 3850
8 12 25 1.5 -2 0 0 3631
8 12 26 5.5 -2 0 0 4309
8 12 27 1.5 -2 0 0 3745
8 12 28 1.5 -2 0 0 3441
8 12 29 5.5 -2 0 0 4307
8 12 30 1.5 -2 0 0 3914
8 12 31 1.5 -2 0 0 3702
8 12 32 5.5 -2 0 0 3595
8 12 33 1.5 -2 0 0 3821
8 12 34 5.5 -2 0 0 4818
8 12 35 1.5 -2 0 0 4095
8 12 36 1.5 -2 0 0 3897
8 12 37 5.5 -2 0 0 4387
8 12 38 1.5 -2 0 0 4005
8 12 39 5.5 -2 0 0 4825
8 12 40 5.5 -2 0 0 4432
8 12 41 1.5 -2 0 0 3802
8 12 42 5.5 -2 0 0 4263
8 12 43 5.5 -2 0 0 4622
8 12 44 1.5 -2 0 0 3955
8 12 45 1.5 -2 0 0 4120
8 12 46 5.5 -2 0 0 5033
8 12 47 1.5 -2 0 0 4254
8 12 48 1.5 -2 0 0 4285
8 12 49 5.5 -2 0 0 4767
8 12 50 5.5 -2 0 0 4305
8 12 51 1.5 -2 0 0 5774
8 12 52 1.5 -2 0 0 4834
8 12 53 5.5 -2 0 0 4102
8 12 54 1.5 -2 0 0 4696
8 12 55 1.5 -2 0 0 4953
8 12 56 1.5 -2 0 0 5050
8 12 57 1.5 -2 0 0 5207
8 12 58 1.5 -2 0 0 4439
8 12 59 1.5 -2 0 0 5280
8 12 60 1.5 -2 0 0 4566
8 12 61 1.5 -2 0 0 6145
8 12 62 1.5 -2 0 0 5585
8 12 63 5.5 -2 0 0 4921
8 13 0 5.5 -2 0 0 2280
8 13 1 5.5 -2 0 0 5436
8 13 2 5.5 -2 0 0 5263
8 13 3 5.5 -2 0 0 3999
8 13 4 1.5 -2 0 0 4542
8 13 5 1.5 -2 0 0 4695
8 13 6 5.5 -2 0 0 4956
8 13 7 5.41926 0.533974 0.325426 0.519605 3630
8 13 8 5.5 -2 0 0 4823
8 13 9 1.5 -2 0 0 4400
8 13 10 5.5 -2 0 0 4093
8 13 11 5.5 -2 0 0 4655
8 13 12 5.5 -2 0 0 4272
8 13 13 5.5 -2 0 0 3616
8 13 14 5.5 -2 0 0 5646
8 13 15 5.87585 0.566765 0.279462 0.777739 3870
8 13 16 5.5 -2 0 0 4268
8 13 17 5.5 -2 0 0 4977
8 13 18 5.5 -2 0 0 4149
8 13 19 1.5 -2 0 0 3791
8 13 20 1.5 -2 0 0 4329
8 13 21 1.5 -2 0 0 4701
8 13 22 5.5 -2 0 0 3832
8 13 23 1.5 -2 0 0 4351
8 13 24 5.5 -2 0 0 4967
8 13 25 1.5 -2 0 0 3601
8 13 26 5.5 -2 0 0 5287
8 13 27 1.5 -2 0 0 3773
8 13 28 5.46415 0.395232 0.206604 0.274952 3431
8 13 29 5.5 -2 0 0 4724
8 13 30 4.72598 0.420814 0.269204 0.307165 3977
8 13 31 5.25821 0.444199 0.676104 0.31825 3388
8 13 32 5.5 -2 0 0 3180
8 13 33 5.5 -2 0 0 3514
8 13 34 6.42227 0.305239 0.235274 0.593554 5276
8 13 35 5.5 -2 0 0 3165
8 13 36 5.5 -2 0 0 3686
8 13 37 1.5 -2 0 0 4210
8 13 38 5.5 -2 0 0 2887
8 13 39 4.84233 0.34771 0.337352 0.260675 3328
8 13 40 1.5 -2 0 0 4155
8 13 41 5.5 -2 0 0 3081
8 13 42 5.5 -2 0 0 3717
8 13 43 9.5 -2 0 0 4490
8 13 44 4.99973 0.309753 0.1 0.498528 2920
8 13 45 5.5 -2 0 0 3486
8 13 46 5.5 -2 0 0 4805
8 13 47 5.5 -2 0 0 2896
8 13 48 1.5 -2 0 0 3798
8 13 49 5.5 -2 0 0 3995
8 13 50 5.19929 0.297913 0.390238 0.872587 3178
8 13 51 4.89056 0.274035 0.460082 0.296598 3764
8 13 52 5.5 -2 0 0 4064
8 13 53 4.67688 0.388488 0.289601 0.104088 2844
8 13 54 5.5 -2 0 0 3256
8 13 55 1.5 -2 0 0 3737
8 13 56 1.5 -2 0 0 3494
8 13 57 5.5 -2 0 0 3666
8 13 58 1.5 -2 0 0 3504
8 13 59 1.5 -2 0 0 4377
8 13 60 1.5 -2 0 0 3188
8 13 61 5.5 -2 0 0 4175
8 13 62 5.5 -2 0 0 4084
8 13 63 5.5 -2 0 0 3540
8 14 0 5.5 -2 0 0 6392
8 14 1 1.5 -2 0 0 5430
8 14 2 5.5 -2 0 0 5235
8 14 3 5.5 -2 0 0 3978
8 14 4 1.5 -2 0 0 4147
8 14 5 5.5 -2 0 0 4443
8 14 6 5.5 -2 0 0 4962
8 14 7 5.5 -2 0 0 3957
8 14 8 5.5 -2 0 0 4546
8 14 9 5.5 -2 0 0 4389
8 14 10 5.5 -2 0 0 4193
8 14 11 5.5 -2 0 0 4318
8 14 12 1.5 -2 0 0 4114
8 14 13 5.5 -2 0 0 3484
8 14 14 5.5 -2 0 0 5393
8 14 15 1.5 -2 0 0 3645
8 14 16 1.5 -2 0 0 4369
8 14 17 1.5 -2 0 0 4543
8 14 18 5.77219 0.51038 0.254079 0.266548 4029
8 14 19 5.5 -2 0 0 3565
8 14 20 1.5 -2 0 0 3883
8 14 21 1.5 -2 0 0 4751
8 14 22 1.5 -2 0 0 3859
8 14 23 1.5 -2 0 0 3975
8 14 24 4.81528 0.463349 0.218569 0.657183 5089
8 14 25 5.5 -2 0 0 3406
8 14 26 5.5 -2 0 0 5102
8 14 27 5.5 -2 0 0 3560
8 14 28 1.5 -2 0 0 3388
8 14 29 5.5 -2 0 0 4255
8 14 30 5.5 -2 0 0 3631
8 14 31 5.5 -2 0 0 3001
8 14 32 1.5 -2 0 0 3033
8 14 33 5.5 -2 0 0 3145
8 14 34 5.5 -2 0 0 4532
8 14 35 5.5 -2 0 0 2844
8 14 36 5.5 -2 0 0 3205
8 14 37 5.5 -2 0 0 3829
8 14 38 1.5 -2 0 0 2612
8 14 39 1.5 -2 0 0 2629
8 14 40 1.5 -2 0 0 3525
8 14 41 1.5 -2 0 0 2685
8 14 42 5.41132 0.435196 0.186136 0.251597 3159
8 14 43 5.5 -2 0 0 3811
8 14 44 5.5 -2 0 0 2391
8 14 45 5.5 -2 0 0 2689
8 14 46 1.5 -2 0 0 4244
8 14 47 5.5 -2 0 0 2534
8 14 48 1.5 -2 0 0 3026
8 14 49 4.91791 0.393992 0.287792 0.130429 3267
8 14 50 1.5 -2 0 0 2678
8 14 51 5.5 -2 0 0 3126
8 14 52 5.5 -2 0 0 3416
8 14 53 5.5 -2 0 0 2405
8 14 54 5.04274 0.21987 0.1 0.409503 2752
8 14 55 5.29308 0.420223 0.211635 0.97099 2970
8 14 56 1.5 -2 0 0 2788
8 14 57 1.5 -2 0 0 2979
8 14 58 1.5 -2 0 0 2823
8 14 59 5.5 -2 0 0 3863
8 14 60 1.5 -2 0 0 2667
8 14 61 1.5 -2 0 0 3275
8 14 62 1.5 -2 0 0 3158
8 14 63 1.5 -2 0 0 2912
8 15 0 1.5 -2 0 0 3101
8 15 1 1.5 -2 0 0 2923
8 15 2 5.5 -2 0 0 2743
8 15 3 5.5 -2 0 0 2345
8 15 4 5.5 -2 0 0 2992
8 15 5 1.5 -2 0 0 2808
8 15 6 1.5 -2 0 0 2592
8 15 7 1.5 -2 0 0 2227
8 15 8 1.5 -2 0 0 2775
8 15 9 5.5 -2 0 0 2447
8 15 10 1.5 -2 0 0 2198
8 15 11 1.5 -2 0 0 3118
8 15 12 1.5 -2 0 0 2583
8 15 13 1.5 -2 0 0 2505
8 15 14 5.5 -2 0 0 3236
8 15 15 1.5 -2 0 0 2798
8 15 16 1.5 -2 0 0 2025
8 15 17 1.5 -2 0 0 3303
8 15 18 1.5 -2 0 0 2823
8 15 19 5.63127 0.366074 0.21701 0.788795 2693
8 15 20 1.5 -2 0 0 3303
8 15 21 5.5 -2 0 0 2521
8 15 22 5.5 -2 0 0 2250
8 15 23 5.5 -2 0 0 3544
8 15 24 1.5 -2 0 0 2951
8 15 25 5.5 -2 0 0 2740
8 15 26 5.5 -2 0 0 3726
8 15 27 5.5 -2 0 0 2902
8 15 28 5.5 -2 0 0 2759
8 15 29 1.5 -2 0 0 3832
8 15 30 1.5 -2 0 0 3266
8 15 31 1.5 -2 0 0 2958
8 15 32 5.5 -2 0 0 3032
8 15 33 5.24155 0.482722 0.379587 0.3697 3426
8 15 34 5.5 -2 0 0 4097
8 15 35 1.5 -2 0 0 3161
8 15 36 1.5 -2 0 0 3499
8 15 37 1.5 -2 0 0 3918
8 15 38 5.5 -2 0 0 3553
8 15 39 5.5 -2 0 0 4605
8 15 40 1.5 -2 0 0 3840
8 15 41 5.5 -2 0 0 3321
8 15 42 1.5 -2 0 0 3978
8 15 43 1.5 -2 0 0 4046
8 15 44 5.5 -2 0 0 3613
8 15 45 1.5 -2 0 0 3526
8 15 46 5.5 -2 0 0 4336
8 15 47 5.5 -2 0 0 3816
8 15 48 4.99714 0.434975 0.398754 0.458626 3881
8 15 49 1.5 -2 0 0 4211
8 15 50 1.5 -2 0 0 3810
8 15 51 1.5 -2 0 0 5291
8 15 52 1.5 -2 0 0 4452
8 15 53 5.5 -2 0 0 3883
8 15 54 1.5 -2 0 0 4106
8 15 55 1.5 -2 0 0 4792
8 15 56 5.5 -2 0 0 4816
8 15 57 1.5 -2 0 0 5010
8 15 58 1.5 -2 0 0 4266
8 15 59 5.5 -2 0 0 4485
8 15 60 1.5 -2 0 0 4350
8 15 61 1.5 -2 0 0 5972
8 15 62 1.5 -2 0 0 4802
8 15 63 1.5 -2 0 0 4389
9 0 0 1.5 -2 0 0 555
9 0 1 1.5 -2 0 0 516
9 0 2 5.66439 0.241527 0.1 0.522731 464
9 0 3 1.5 -2 0 0 428
9 0 4 5.5 -2 0 0 465
9 0 5 6.00655 0.319377 0.1 0.305336 489
9 0 6 5.5 -2 0 0 439
9 0 7 1.5 -2 0 0 476
9 0 8 1.5 -2 0 0 516
9 0 9 1.5 -2 0 0 483
9 0 10 1.5 -2 0 0 455
9 0 11 5.5 -2 0 0 510
9 0 12 1.5 -2 0 0 498
9 0 13 5.5 -2 0 0 450
9 0 14 1.5 -2 0 0 551
9 0 15 4.80965 0.431545 0.231462 0.295184 497
9 0 16 5.5 -2 0 0 455
9 0 17 5.5 -2 0 0 530
9 0 18 1.5 -2 0 0 482
9 0 19 5.5 -2 0 0 489
9 0 20 5.5 -2 0 0 504
9 0 21 5.5 -2 0 0 447
9 0 22 5.5 -2 0 0 420
9 0 23 5.5 -2 0 0 536
9 0 24 5.5 -2 0 0 527
9 0 25 5.5 -2 0 0 516
9 0 26 5.5 -2 0 0 604
9 0 27 5.5 -2 0 0 439
9 0 28 5.5 -2 0 0 512
9 0 29 5.5 -2 0 0 547
9 0 30 1.5 -2 0 0 513
9 0 31 5.5 -2 0 0 509
9 0 32 5.5 -2 0 0 512
9 0 33 5.5 -2 0 0 506
9 0 34 5.5 -2 0 0 591
9 0 35 1.5 -2 0 0 516
9 0 36 5.5 -2 0 0 498
9 0 37 5.5 -2 0 0 621
9 0 38 5.5 -2 0 0 544
9 0 39 5.5 -2 0 0 596
9 0 40 1.5 -2 0 0 555
9 0 41 1.5 -2 0 0 511
9 0 42 1.5 -2 0 0 564
9 0 43 1.5 -2 0 0 588
9 0 44 1.5 -2 0 0 556
9 0 45 4.62267 0.411192 0.108739 0.542742 550
9 0 46 4.99825 0.32569 0.1 0.598823 635
9 0 47 5.5 -2 0 0 654
9 0 48 5.5 -2 0 0 522
9 0 49 5.5 -2 0 0 610
9 0 50 5.86029 0.412736 0.267612 0.235076 574
9 0 51 1.5 -2 0 0 765
9 0 52 1.5 -2 0 0 608
9 0 53 5.5 -2 0 0 578
9 0 54 1.5 -2 0 0 575
9 0 55 5.5 -2 0 0 637
9 0 56 5.5 -2 0 0 663
9 0 57 5.5 -2 0 0 667
9 0 58 1.5 -2 0 0 586
9 0 59 1.5 -2 0 0 700
9 0 60 1.5 -2 0 0 607
9 0 61 1.5 -2 0 0 811
9 0 62 1.5 -2 0 0 725
9 0 63 5.5 -2 0 0 624
9 1 0 1.5 -2 0 0 766
9 1 1 1.5 -2 0 0 753
9 1 2 1.5 -2 0 0 772
9 1 3 5.5 -2 0 0 747
9 1 4 1.5 -2 0 0 685
9 1 5 1.5 -2 0 0 756
9 1 6 5.5 -2 0 0 784
9 1 7 1.5 -2 0 0 1004
9 1 8 1.5 -2 0 0 702
9 1 9 1.5 -2 0 0 826
9 1 10 5.5 -2 0 0 873
9 1 11 5.5 -2 0 0 637
9 1 12 6.55557 0.480989 0.19319 0.471691 675
9 1 13 5.5 -2 0 0 716
9 1 14 5.81318 0.417312 0.221254 0.473895 717
9 1 15 5.5 -2 0 0 656
9 1 16 5.5 -2 0 0 1046
9 1 17 5.41091 0.418132 0.307928 0.211542 623
9 1 18 5.5 -2 0 0 693
9 1 19 5.5 -2 0 0 816
9 1 20 6.01665 0.210153 0.1 0.57852 630
9 1 21 1.5 -2 0 0 839
9 1 22 5.5 -2 0 0 790
9 1 23 5.00962 0.434748 0.127468 0.234228 624
9 1 24 4.85265 0.418524 0.289872 0.391545 733
9 1 25 1.5 -2 0 0 771
9 1 26 5.5 -2 0 0 669
9 1 27 5.58806 0.446911 0.272228 0.381197 674
9 1 28 5.5 -2 0 0 633
9 1 29 5.34973 0.428644 0.313611 0.299303 611
9 1 30 5.5 -2 0 0 650
9 1 31 1.5 -2 0 0 736
9 1 32 4.89314 0.402236 0.289377 0.208925 652
9 1 33 5.5 -2 0 0 617
9 1 34 5.5 -2 0 0 621
9 1 35 5.5 -2 0 0 708
9 1 36 1.5 -2 0 0 652
9 1 37 5.5 -2 0 0 595
9 1 38 5.76458 0.177714 0.1 0.448613 693
9 1 39 1.5 -2 0 0 569
9 1 40 4.64399 0.370976 0.220259 0.358203 637
9 1 41 5.5 -2 0 0 621
9 1 42 1.5 -2 0 0 535
9 1 43 6.72271 0.510174 0.166495 0.324488 596
9 1 44 1.5 -2 0 0 582
9 1 45 5.5 -2 0 0 600
9 1 46 5.5 -2 0 0 646
9 1 47 5.5 -2 0 0 708
9 1 48 1.5 -2 0 0 599
9 1 49 1.5 -2 0 0 533
9 1 50 5.5 -2 0 0 591
9 1 51 1.5 -2 0 0 565
9 1 52 5.5 -2 0 0 569
9 1 53 1.5 -2 0 0 618
9 1 54 1.5 -2 0 0 599
9 1 55 5.5 -2 0 0 497
9 1 56 5.5 -2 0 0 536
9 1 57 1.5 -2 0 0 540
9 1 58 1.5 -2 0 0 575
9 1 59 1.5 -2 0 0 545
9 1 60 1.5 -2 0 0 575
9 1 61 1.5 -2 0 0 513
9 1 62 1.5 -2 0 0 582
9 1 63 1.5 -2 0 0 560
9 2 0 5.5 -2 0 0 852
9 2 1 1.5 -2 0 0 739
9 2 2 1.5 -2 0 0 684
9 2 3 1.5 -2 0 0 594
9 2 4 5.5 -2 0 0 660
9 2 5 5.5 -2 0 0 688
9 2 6 4.90808 0.452499 0.405707 0.376138 646
9 2 7 1.5 -2 0 0 562
9 2 8 1.5 -2 0 0 654
9 2 9 6.26137 0.496393 0.428208 0.413473 642
9 2 10 5.5 -2 0 0 622
9 2 11 5.5 -2 0 0 715
9 2 12 1.5 -2 0 0 594
9 2 13 5.5 -2 0 0 610
9 2 14 5.5 -2 0 0 823
9 2 15 1.5 -2 0 0 648
9 2 16 1.5 -2 0 0 579
9 2 17 5.5 -2 0 0 727
9 2 18 5.5 -2 0 0 645
9 2 19 5.5 -2 0 0 962
9 2 20 4.88883 0.446824 0.187237 0.246243 682
9 2 21 5.5 -2 0 0 649
9 2 22 5.5 -2 0 0 553
9 2 23 5.5 -2 0 0 728
9 2 24 5.5 -2 0 0 717
9 2 25 5.48622 0.447193 0.187255 0.530144 669
9 2 26 1.5 -2 0 0 804
9 2 27 1.5 -2 0 0 682
9 2 28 1.5 -2 0 0 612
9 2 29 1.5 -2 0 0 732
9 2 30 5.5 -2 0 0 683
9 2 31 1.5 -2 0 0 632
9 2 32 1.5 -2 0 0 622
9 2 33 1.5 -2 0 0 665
9 2 34 1.5 -2 0 0 915
9 2 35 5.5 -2 0 0 675
9 2 36 5.5 -2 0 0 656
9 2 37 1.5 -2 0 0 802
9 2 38 5.5 -2 0 0 703
9 2 39 5.5 -2 0 0 835
9 2 40 1.5 -2 0 0 717
9 2 41 1.5 -2 0 0 680
9 2 42 5.5 -2 0 0 745
9 2 43 5.5 -2 0 0 848
9 2 44 5.5 -2 0 0 636
9 2 45 5.84588 0.501229 0.256377 0.22721 684
9 2 46 5.5 -2 0 0 963
9 2 47 5.5 -2 0 0 821
9 2 48 5.5 -2 0 0 744
9 2 49 5.08154 0.436574 0.20177 0.271751 846
9 2 50 5.5 -2 0 0 703
9 2 51 1.5 -2 0 0 1139
9 2 52 1.5 -2 0 0 871
9 2 53 1.5 -2 0 0 790
9 2 54 1.5 -2 0 0 766
9 2 55 1.5 -2 0 0 898
9 2 56 1.5 -2 0 0 843
9 2 57 5.5 -2 0 0 924
9 2 58 5.5 -2 0 0 825
9 2 59 1.5 -2 0 0 1022
9 2 60 5.5 -2 0 0 555
9 2 61 1.5 -2 0 0 1236
9 2 62 1.5 -2 0 0 1074
9 2 63 1.5 -2 0 0 907
9 3 0 1.5 -2 0 0 1418
9 3 1 1.5 -2 0 0 1453
9 3 2 1.5 -2 0 0 772
9 3 3 1.5 -2 0 0 1700
9 3 4 5.5 -2 0 0 1282
9 3 5 5.5 -2 0 0 1417
9 3 6 6.06909 0.424798 0.238228 0.43919 1745
9 3 7 1.5 -2 0 0 2255
9 3 8 1.5 -2 0 0 1313
9 3 9 1.5 -2 0 0 1293
9 3 10 1.5 -2 0 0 2309
9 3 11 1.5 -2 0 0 1538
9 3 12 5.5 -2 0 0 1594
9 3 13 1.5 -2 0 0 1684
9 3 14 6.29571 0.383803 0.259539 0.561609 1203
9 3 15 5.5 -2 0 0 1513
9 3 16 1.5 -2 0 0 2947
9 3 17 1.5 -2 0 0 1143
9 3 18 5.5 -2 0 0 1412
9 3 19 4.68059 0.462957 0.309213 0.246941 2073
9 3 20 5.5 -2 0 0 623
9 3 21 6.48815 0.429556 0.286417 0.53459 1768
9 3 22 1.5 -2 0 0 1868
9 3 23 5.5 -2 0 0 1085
9 3 24 1.5 -2 0 0 1123
9 3 25 1.5 -2 0 0 1700
9 3 26 1.5 -2 0 0 1029
9 3 27 1.5 -2 0 0 1422
9 3 28 1.5 -2 0 0 1431
9 3 29 5.5 -2 0 0 1110
9 3 30 5.5 -2 0 0 1218
9 3 31 1.5 -2 0 0 1640
9 3 32 1.5 -2 0 0 1335
9 3 33 6.31467 0.452352 0.382313 0.459014 1260
9 3 34 8.65563 0.137959 0.1 0.67331 988
9 3 35 1.5 -2 0 0 1396
9 3 36 5.5 -2 0 0 1103
9 3 37 1.5 -2 0 0 998
9 3 38 5.5 -2 0 0 1342
9 3 39 1.5 -2 0 0 877
9 3 40 1.5 -2 0 0 1092
9 3 41 9.5 -2 0 0 1194
9 3 42 1.5 -2 0 0 977
9 3 43 5.5 -2 0 0 910
9 3 44 1.5 -2 0 0 1077
9 3 45 1.5 -2 0 0 928
9 3 46 5.4205 0.461403 0.202346 0.173681 921
9 3 47 5.5 -2 0 0 1219
9 3 48 1.5 -2 0 0 1065
9 3 49 1.5 -2 0 0 829
9 3 50 1.5 -2 0 0 1024
9 3 51 1.5 -2 0 0 786
9 3 52 5.5 -2 0 0 872
9 3 53 1.5 -2 0 0 1005
9 3 54 1.5 -2 0 0 964
9 3 55 1.5 -2 0 0 790
9 3 56 1.5 -2 0 0 870
9 3 57 1.5 -2 0 0 843
9 3 58 1.5 -2 0 0 889
9 3 59 1.5 -2 0 0 856
9 3 60 5.5 -2 0 0 968
9 3 61 1.5 -2 0 0 831
9 3 62 5.5 -2 0 0 787
9 3 63 1.5 -2 0 0 842
9 4 0 1.5 -2 0 0 1393
9 4 1 1.5 -2 0 0 1072
9 4 2 5.5 -2 0 0 973
9 4 3 1.5 -2 0 0 740
9 4 4 5.22045 0.472344 0.191304 0.345044 791
9 4 5 1.5 -2 0 0 872
9 4 6 5.5 -2 0 0 942
9 4 7 1.5 -2 0 0 785
9 4 8 5.5 -2 0 0 991
9 4 9 1.5 -2 0 0 820
9 4 10 1.5 -2 0 0 779
9 4 11 1.5 -2 0 0 1013
9 4 12 5.5 -2 0 0 780
9 4 13 5.5 -2 0 0 748
9 4 14 1.5 -2 0 0 1406
9 4 15 5.5 -2 0 0 743
9 4 16 5.5 -2 0 0 795
9 4 17 1.5 -2 0 0 1205
9 4 18 0 -10 0 0 0
9 4 19 1.5 -2 0 0 781
9 4 20 1.5 -2 0 0 858
9 4 21 1.5 -2 0 0 884
9 4 22 1.5 -2 0 0 801
9 4 23 1.5 -2 0 0 1096
9 4 24 1.5 -2 0 0 1080
9 4 25 5.5 -2 0 0 761
9 4 26 1.5 -2 0 0 1440
9 4 27 5.5 -2 0 0 775
9 4 28 5.5 -2 0 0 754
9 4 29 1.5 -2 0 0 1192
9 4 30 5.5 -2 0 0 471
9 4 31 5.5 -2 0 0 783
9 4 32 5.5 -2 0 0 811
9 4 33 1.5 -2 0 0 830
9 4 34 9.5 -2 0 0 1508
9 4 35 1.5 -2 0 0 824
9 4 36 0 -10 0 0 0
9 4 37 0 -10 0 0 0
9 4 38 1.5 -2 0 0 778
9 4 39 1.5 -2 0 0 957
9 4 40 1.5 -2 0 0 876
9 4 41 1.5 -2 0 0 812
9 4 42 1.5 -2 0 0 674
9 4 43 5.5 -2 0 0 1204
9 4 44 1.5 -2 0 0 775
9 4 45 1.5 -2 0 0 814
9 4 46 1.5 -2 0 0 1528
9 4 47 5.11536 0.468885 0.261003 0.248209 848
9 4 48 1.5 -2 0 0 900
9 4 49 5.5 -2 0 0 1187
9 4 50 5.5 -2 0 0 746
9 4 51 1.5 -2 0 0 1287
9 4 52 1.5 -2 0 0 1224
9 4 53 1.5 -2 0 0 855
9 4 54 1.5 -2 0 0 907
9 4 55 1.5 -2 0 0 1098
9 4 56 4.90484 0.412478 0.323285 0.217232 798
9 4 57 5.5 -2 0 0 1098
9 4 58 1.5 -2 0 0 944
9 4 59 1.5 -2 0 0 1282
9 4 60 1.5 -2 0 0 867
9 4 61 1.5 -2 0 0 1648
9 4 62 1.5 -2 0 0 1612
9 4 63 1.5 -2 0 0 1100
9 5 0 1.5 -2 0 0 1640
9 5 1 1.5 -2 0 0 1815
9 5 2 1.5 -2 0 0 2077
9 5 3 5.5 -2 0 0 2765
9 5 4 1.5 -2 0 0 2240
9 5 5 1.5 -2 0 0 2233
9 5 6 1.5 -2 0 0 2306
9 5 7 1.5 -2 0 0 3992
9 5 8 1.5 -2 0 0 1602
9 5 9 1.5 -2 0 0 2899
9 5 10 5.5 -2 0 0 3371
9 5 11 1.5 -2 0 0 1023
9 5 12 9.5 -2 0 0 2420
9 5 13 1.5 -2 0 0 3005
9 5 14 5.5 -2 0 0 1385
9 5 15 1.5 -2 0 0 945
9 5 16 1.5 -2 0 0 4168
9 5 17 1.5 -2 0 0 1708
9 5 18 5.5 -2 0 0 1164
9 5 19 1.5 -2 0 0 3646
9 5 20 1.5 -2 0 0 2006
9 5 21 1.5 -2 0 0 2595
9 5 22 5.5 -2 0 0 3211
9 5 23 5.5 -2 0 0 1987
9 5 24 1.5 -2 0 0 1312
9 5 25 1.5 -2 0 0 3527
9 5 26 5.5 -2 0 0 1079
9 5 27 1.5 -2 0 0 386
9 5 28 4.84737 0.460151 0.243681 0.0685467 2950
9 5 29 5.5 -2 0 0 1009
9 5 30 5.5 -2 0 0 1822
9 5 31 5.5 -2 0 0 3354
9 5 32 1.5 -2 0 0 2751
9 5 33 1.5 -2 0 0 234
9 5 34 5.5 -2 0 0 1143
9 5 35 5.5 -2 0 0 3160
9 5 36 5.5 -2 0 0 2240
9 5 37 5.5 -2 0 0 1728
9 5 38 1.5 -2 0 0 2988
9 5 39 5.5 -2 0 0 2021
9 5 40 5.5 -2 0 0 1105
9 5 41 1.5 -2 0 0 2788
9 5 42 1.5 -2 0 0 1954
9 5 43 1.5 -2 0 0 1644
9 5 44 5.5 -2 0 0 2454
9 5 45 5.5 -2 0 0 2366
9 5 46 1.5 -2 0 0 1586
9 5 47 5.5 -2 0 0 2926
9 5 48 5.5 -2 0 0 1851
9 5 49 1.5 -2 0 0 1334
9 5 50 1.5 -2 0 0 2181
9 5 51 1.5 -2 0 0 1511
9 5 52 1.5 -2 0 0 1332
9 5 53 1.5 -2 0 0 2583
9 5 54 1.5 -2 0 0 2001
9 5 55 1.5 -2 0 0 1431
9 5 56 1.5 -2 0 0 1715
9 5 57 5.5 -2 0 0 1634
9 5 58 6.11572 0.586838 0.208529 0.199655 1698
9 5 59 1.5 -2 0 0 989
9 5 60 1.5 -2 0 0 2170
9 5 61 1.5 -2 0 0 1546
9 5 62 1.5 -2 0 0 1436
9 5 63 1.5 -2 0 0 1566
9 6 0 1.5 -2 0 0 1502
9 6 1 1.5 -2 0 0 1164
9 6 2 5.5 -2 0 0 1116
9 6 3 5.5 -2 0 0 790
9 6 4 5.5 -2 0 0 808
9 6 5 5.5 -2 0 0 872
9 6 6 5.5 -2 0 0 321
9 6 7 1.5 -2 0 0 786
9 6 8 5.5 -2 0 0 1074
9 6 9 1.5 -2 0 0 807
9 6 10 4.73717 0.459688 0.249681 0.458252 705
9 6 11 5.5 -2 0 0 872
9 6 12 5.5 -2 0 0 850
9 6 13 5.5 -2 0 0 739
9 6 14 5.5 -2 0 0 1372
9 6 15 5.5 -2 0 0 730
9 6 16 5.5 -2 0 0 809
9 6 17 5.5 -2 0 0 1054
9 6 18 5.5 -2 0 0 793
9 6 19 5.5 -2 0 0 699
9 6 20 4.74905 0.375471 0.260749 0.3063 802
9 6 21 6.22103 0.571166 0.173417 0.386271 883
9 6 22 5.5 -2 0 0 696
9 6 23 5.5 -2 0 0 903
9 6 24 5.5 -2 0 0 1065
9 6 25 5.5 -2 0 0 733
9 6 26 6.11539 0.3807 0.339744 0.490041 1413
9 6 27 5.80165 0.572996 0.228339 0.649136 714
9 6 28 5.5 -2 0 0 637
9 6 29 6.82194 0.423104 0.114339 0.499604 984
9 6 30 5.5 -2 0 0 753
9 6 31 5.86637 0.424725 0.221242 0.412945 648
9 6 32 4.82061 0.407359 0.323294 0.0802823 703
9 6 33 5.43558 0.433947 0.201859 0.556153 716
9 6 34 4.91622 0.422554 0.288721 0.241054 1242
9 6 35 4.84664 0.381436 0.265423 0.347602 644
9 6 36 1.5 -2 0 0 687
9 6 37 5.5 -2 0 0 762
9 6 38 5.5 -2 0 0 616
9 6 39 1.5 -2 0 0 655
9 6 40 5.5 -2 0 0 793
9 6 41 5.5 -2 0 0 661
9 6 42 5.5 -2 0 0 751
9 6 43 1.5 -2 0 0 946
9 6 44 5.5 -2 0 0 581
9 6 45 6.41307 0.528666 0.239575 0.298653 715
9 6 46 5.5 -2 0 0 1097
9 6 47 5.5 -2 0 0 554
9 6 48 5.17188 0.361066 0.150704 0.447733 720
9 6 49 5.5 -2 0 0 855
9 6 50 5.5 -2 0 0 649
9 6 51 5.5 -2 0 0 872
9 6 52 1.5 -2 0 0 812
9 6 53 4.76471 0.410518 0.150288 0.347798 695
9 6 54 4.94189 0.257527 0.1 0.402446 621
9 6 55 5.5 -2 0 0 887
9 6 56 5.5 -2 0 0 761
9 6 57 5.5 -2 0 0 783
9 6 58 1.5 -2 0 0 703
9 6 59 1.5 -2 0 0 1074
9 6 60 5.44303 0.323312 0.125386 0.267358 669
9 6 61 5.5 -2 0 0 996
9 6 62 5.5 -2 0 0 947
9 6 63 1.5 -2 0 0 711
9 7 0 1.5 -2 0 0 1202
9 7 1 5.5 -2 0 0 1250
9 7 2 1.5 -2 0 0 1368
9 7 3 1.5 -2 0 0 1719
9 7 4 5.5 -2 0 0 1500
9 7 5 1.5 -2 0 0 1530
9 7 6 5.5 -2 0 0 1479
9 7 7 1.5 -2 0 0 2482
9 7 8 5.5 -2 0 0 1337
9 7 9 1.5 -2 0 0 1809
9 7 10 1.5 -2 0 0 1938
9 7 11 1.5 -2 0 0 1468
9 7 12 5.5 -2 0 0 1605
9 7 13 1.5 -2 0 0 2175
9 7 14 1.5 -2 0 0 1215
9 7 15 1.5 -2 0 0 1973
9 7 16 1.5 -2 0 0 2455
9 7 17 5.5 -2 0 0 1219
9 7 18 1.5 -2 0 0 1761
9 7 19 1.5 -2 0 0 2760
9 7 20 5.89329 0.343677 0.268175 0.562885 1787
9 7 21 6.64958 0.571742 0.149667 0.585824 1605
9 7 22 5.5 -2 0 0 2088
9 7 23 5.5 -2 0 0 1527
9 7 24 5.5 -2 0 0 1189
9 7 25 9.5 -2 0 0 2959
9 7 26 9.5 -2 0 0 1286
9 7 27 5.63191 0.333053 0.1 0.84904 2198
9 7 28 5.5 -2 0 0 2445
9 7 29 4.66573 0.37033 0.253115 0.190686 1345
9 7 30 1.5 -2 0 0 1877
9 7 31 6.35261 0.510801 0.256306 0.631921 3204
9 7 32 5.5 -2 0 0 2495
9 7 33 1.5 -2 0 0 2224
9 7 34 5.5 -2 0 0 1341
9 7 35 5.5 -2 0 0 3439
9 7 36 1.5 -2 0 0 2087
9 7 37 1.5 -2 0 0 1657
9 7 38 1.5 -2 0 0 3851
9 7 39 5.5 -2 0 0 2618
9 7 40 5.5 -2 0 0 1817
9 7 41 5.41684 0.364387 0.301111 0.309454 2721
9 7 42 5.64946 0.157635 0.1 0.280062 2028
9 7 43 5.5 -2 0 0 1479
9 7 44 5.5 -2 0 0 2447
9 7 45 1.5 -2 0 0 2436
9 7 46 5.5 -2 0 0 1404
9 7 47 5.5 -2 0 0 4088
9 7 48 5.5 -2 0 0 2258
9 7 49 1.5 -2 0 0 1763
9 7 50 1.5 -2 0 0 2569
9 7 51 5.5 -2 0 0 1942
9 7 52 5.5 -2 0 0 1589
9 7 53 5.5 -2 0 0 3292
9 7 54 5.5 -2 0 0 2442
9 7 55 1.5 -2 0 0 1678
9 7 56 5.5 -2 0 0 2333
9 7 57 1.5 -2 0 0 2115
9 7 58 1.5 -2 0 0 2175
9 7 59 1.5 -2 0 0 1612
9 7 60 1.5 -2 0 0 2891
9 7 61 1.5 -2 0 0 1704
9 7 62 1.5 -2 0 0 1554
9 7 63 1.5 -2 0 0 1943
9 8 0 1.5 -2 0 0 802
9 8 1 1.5 -2 0 0 774
9 8 2 5.5 -2 0 0 700
9 8 3 5.00724 0.464284 0.248664 0.215317 669
9 8 4 1.5 -2 0 0 750
9 8 5 9.5 -2 0 0 732
9 8 6 1.5 -2 0 0 688
9 8 7 5.5 -2 0 0 712
9 8 8 1.5 -2 0 0 720
9 8 9 1.5 -2 0 0 728
9 8 10 1.5 -2 0 0 666
9 8 11 4.83659 0.396419 0.195883 0.215164 718
9 8 12 5.5 -2 0 0 665
9 8 13 1.5 -2 0 0 716
9 8 14 1.5 -2 0 0 700
9 8 15 1.5 -2 0 0 719
9 8 16 5.5 -2 0 0 712
9 8 17 5.5 -2 0 0 738
9 8 18 1.5 -2 0 0 639
9 8 19 1.5 -2 0 0 758
9 8 20 0 -10 0 0 76
9 8 21 5.2027 0.479149 0.299995 0.233017 694
9 8 22 4.74001 0.336398 0.202268 0.453399 336
9 8 23 5.5 -2 0 0 814
9 8 24 6.0517 0.577947 0.107259 0.307202 740
9 8 25 5.5 -2 0 0 818
9 8 26 5.5 -2 0 0 814
9 8 27 5.5 -2 0 0 528
9 8 28 5.5 -2 0 0 783
9 8 29 5.5 -2 0 0 817
9 8 30 5.83351 0.470192 0.219516 0.441817 787
9 8 31 5.75953 0.442503 0.245636 0.358128 831
9 8 32 1.5 -2 0 0 821
9 8 33 1.5 -2 0 0 757
9 8 34 5.5 -2 0 0 867
9 8 35 5.5 -2 0 0 836
9 8 36 5.5 -2 0 0 850
9 8 37 5.8687 0.478647 0.27189 0.458884 877
9 8 38 1.5 -2 0 0 1047
9 8 39 1.5 -2 0 0 1217
9 8 40 0 -10 0 0 46
9 8 41 5.5 -2 0 0 832
9 8 42 1.5 -2 0 0 829
9 8 43 5.5 -2 0 0 694
9 8 44 5.5 -2 0 0 973
9 8 45 1.5 -2 0 0 839
9 8 46 1.5 -2 0 0 880
9 8 47 5.5 -2 0 0 1172
9 8 48 5.5 -2 0 0 791
9 8 49 0 -10 0 0 191
9 8 50 0 -10 0 0 158
9 8 51 1.5 -2 0 0 1214
9 8 52 5.5 -2 0 0 708
9 8 53 0 -10 0 0 77
9 8 54 0 -10 0 0 99
9 8 55 1.5 -2 0 0 1050
9 8 56 5.62051 0.535366 0.366283 0.266087 523
9 8 57 5.5 -2 0 0 1133
9 8 58 1.5 -2 0 0 1025
9 8 59 1.5 -2 0 0 965
9 8 60 0 -10 0 0 107
9 8 61 5.5 -2 0 0 1269
9 8 62 1.5 -2 0 0 1168
9 8 63 1.5 -2 0 0 1013
9 9 0 1.5 -2 0 0 1364
9 9 1 1.5 -2 0 0 1201
9 9 2 1.5 -2 0 0 1189
9 9 3 5.5 -2 0 0 917
9 9 4 1.5 -2 0 0 881
9 9 5 5.5 -2 0 0 1051
9 9 6 1.5 -2 0 0 1210
9 9 7 5.5 -2 0 0 1010
9 9 8 5.5 -2 0 0 1096
9 9 9 5.5 -2 0 0 1179
9 9 10 5.5 -2 0 0 1134
9 9 11 5.5 -2 0 0 944
9 9 12 5.76262 0.396177 0.221849 0.445538 968
9 9 13 5.5 -2 0 0 822
9 9 14 5.5 -2 0 0 1132
9 9 15 5.5 -2 0 0 888
9 9 16 4.61155 0.444013 0.284001 0.364058 1127
9 9 17 5.5 -2 0 0 946
9 9 18 1.5 -2 0 0 900
9 9 19 5.5 -2 0 0 866
9 9 20 1.5 -2 0 0 853
9 9 21 1.5 -2 0 0 1168
9 9 22 5.21117 0.445907 0.324368 0.448693 970
9 9 23 5.5 -2 0 0 790
9 9 24 5.5 -2 0 0 1121
9 9 25 5.53868 0.441635 0.134416 0.387967 834
9 9 26 5.5 -2 0 0 1011
9 9 27 1.5 -2 0 0 817
9 9 28 5.5 -2 0 0 817
9 9 29 5.5 -2 0 0 833
9 9 30 1.5 -2 0 0 803
9 9 31 5.5 -2 0 0 804
9 9 32 1.5 -2 0 0 742
9 9 33 5.5 -2 0 0 801
9 9 34 4.66901 0.417699 0.201149 0.290734 954
9 9 35 5.5 -2 0 0 734
9 9 36 9.5 -2 0 0 735
9 9 37 1.5 -2 0 0 735
9 9 38 1.5 -2 0 0 736
9 9 39 5.5 -2 0 0 684
9 9 40 5.5 -2 0 0 791
9 9 41 5.5 -2 0 0 682
9 9 42 1.5 -2 0 0 745
9 9 43 1.5 -2 0 0 833
9 9 44 1.5 -2 0 0 667
9 9 45 1.5 -2 0 0 727
9 9 46 5.70728 0.492154 0.232842 0.260432 881
9 9 47 1.5 -2 0 0 758
9 9 48 5.5 -2 0 0 733
9 9 49 4.85477 0.327726 0.275565 0.241458 682
9 9 50 5.5 -2 0 0 707
9 9 51 1.5 -2 0 0 688
9 9 52 5.5 -2 0 0 827
9 9 53 5.5 -2 0 0 724
9 9 54 1.5 -2 0 0 689
9 9 55 1.5 -2 0 0 749
9 9 56 1.5 -2 0 0 664
9 9 57 1.5 -2 0 0 742
9 9 58 5.5 -2 0 0 754
9 9 59 1.5 -2 0 0 569
9 9 60 1.5 -2 0 0 693
9 9 61 4.81561 0.393928 0.302033 0.159713 789
9 9 62 1.5 -2 0 0 469
9 9 63 1.5 -2 0 0 709
9 10 0 5.5 -2 0 0 1405
9 10 1 5.5 -2 0 0 1346
9 10 2 1.5 -2 0 0 1333
9 10 3 5.5 -2 0 0 341
9 10 4 1.5 -2 0 0 1520
9 10 5 1.5 -2 0 0 1389
9 10 6 5.5 -2 0 0 1275
9 10 7 1.5 -2 0 0 1346
9 10 8 1.5 -2 0 0 1372
9 10 9 5.5 -2 0 0 942
9 10 10 1.5 -2 0 0 1134
9 10 11 1.5 -2 0 0 1505
9 10 12 1.5 -2 0 0 1233
9 10 13 5.5 -2 0 0 1371
9 10 14 5.5 -2 0 0 1578
9 10 15 1.5 -2 0 0 1502
9 10 16 5.5 -2 0 0 1298
9 10 17 1.5 -2 0 0 1598
9 10 18 1.5 -2 0 0 1498
9 10 19 1.5 -2 0 0 1474
9 10 20 5.5 -2 0 0 1700
9 10 21 1.5 -2 0 0 1310
9 10 22 1.5 -2 0 0 985
9 10 23 1.5 -2 0 0 1739
9 10 24 1.5 -2 0 0 1426
9 10 25 1.5 -2 0 0 1543
9 10 26 5.5 -2 0 0 1725
9 10 27 1.5 -2 0 0 1140
9 10 28 5.5 -2 0 0 1625
9 10 29 1.5 -2 0 0 1800
9 10 30 5.5 -2 0 0 1669
9 10 31 1.5 -2 0 0 1848
9 10 32 1.5 -2 0 0 1715
9 10 33 1.5 -2 0 0 1769
9 10 34 1.5 -2 0 0 1944
9 10 35 1.5 -2 0 0 1998
9 10 36 1.5 -2 0 0 1883
9 10 37 5.5 -2 0 0 2004
9 10 38 5.5 -2 0 0 2350
9 10 39 5.5 -2 0 0 3062
9 10 40 1.5 -2 0 0 1849
9 10 41 1.5 -2 0 0 1962
9 10 42 5.5 -2 0 0 2312
9 10 43 1.5 -2 0 0 2147
9 10 44 1.5 -2 0 0 2121
9 10 45 1.5 -2 0 0 1993
9 10 46 5.5 -2 0 0 2251
9 10 47 1.5 -2 0 0 2923
9 10 48 1.5 -2 0 0 2190
9 10 49 1.5 -2 0 0 2289
9 10 50 1.5 -2 0 0 2272
9 10 51 5.5 -2 0 0 3554
9 10 52 1.5 -2 0 0 2359
9 10 53 5.5 -2 0 0 2784
9 10 54 5.5 -2 0 0 2314
9 10 55 5.5 -2 0 0 2816
9 10 56 5.79568 0.446218 0.256281 0.499661 3203
9 10 57 4.61786 0.431515 0.399305 0.182945 3267
9 10 58 6.37219 0.567256 0.21115 0.406534 2445
9 10 59 1.5 -2 0 0 2533
9 10 60 1.5 -2 0 0 3016
9 10 61 5.5 -2 0 0 3764
9 10 62 1.5 -2 0 0 3055
9 10 63 1.5 -2 0 0 2655
9 11 0 5.5 -2 0 0 3761
9 11 1 5.5 -2 0 0 3653
9 11 2 5.5 -2 0 0 3514
9 11 3 6.65677 0.351398 0.36915 0.553109 2338
9 11 4 5.5 -2 0 0 2299
9 11 5 5.5 -2 0 0 2487
9 11 6 1.5 -2 0 0 3244
9 11 7 5.47954 0.523129 0.238839 0.147093 2196
9 11 8 1.5 -2 0 0 2807
9 11 9 5.5 -2 0 0 2965
9 11 10 5.5 -2 0 0 2799
9 11 11 1.5 -2 0 0 2323
9 11 12 5.5 -2 0 0 2646
9 11 13 5.5 -2 0 0 1906
9 11 14 1.5 -2 0 0 3109
9 11 15 5.5 -2 0 0 2110
9 11 16 1.5 -2 0 0 2756
9 11 17 5.5 -2 0 0 2403
9 11 18 5.5 -2 0 0 2095
9 11 19 4.71231 0.287521 0.552135 0.377645 1836
9 11 20 5.5 -2 0 0 1856
9 11 21 5.5 -2 0 0 3194
9 11 22 5.5 -2 0 0 2295
9 11 23 1.5 -2 0 0 2083
9 11 24 1.5 -2 0 0 2907
9 11 25 9.5 -2 0 0 1563
9 11 26 5.04597 0.358537 0.344464 0.27476 2618
9 11 27 5.5 -2 0 0 1712
9 11 28 1.5 -2 0 0 1727
9 11 29 1.5 -2 0 0 2138
9 11 30 1.5 -2 0 0 1886
9 11 31 5.5 -2 0 0 1498
9 11 32 6.53646 0.446888 0.238234 0.419457 1433
9 11 33 6.72071 0.329936 0.240332 0.653736 1505
9 11 34 9.5 -2 0 0 2297
9 11 35 5.5 -2 0 0 1355
9 11 36 1.5 -2 0 0 1583
9 11 37 9.5 -2 0 0 1735
9 11 38 5.5 -2 0 0 1194
9 11 39 5.5 -2 0 0 1294
9 11 40 5.5 -2 0 0 1697
9 11 41 5.5 -2 0 0 1333
9 11 42 5.5 -2 0 0 1498
9 11 43 5.5 -2 0 0 1857
9 11 44 1.5 -2 0 0 1140
9 11 45 1.5 -2 0 0 1360
9 11 46 5.5 -2 0 0 2013
9 11 47 4.91492 0.333479 0.373746 0.270836 1185
9 11 48 5.5 -2 0 0 1412
9 11 49 1.5 -2 0 0 1476
9 11 50 5.5 -2 0 0 1318
9 11 51 5.5 -2 0 0 1327
9 11 52 1.5 -2 0 0 1603
9 11 53 5.5 -2 0 0 1141
9 11 54 5.5 -2 0 0 1226
9 11 55 9.5 -2 0 0 1495
9 11 56 1.5 -2 0 0 1236
9 11 57 1.5 -2 0 0 1297
9 11 58 1.5 -2 0 0 1308
9 11 59 5.5 -2 0 0 1821
9 11 60 1.5 -2 0 0 1204
9 11 61 5.5 -2 0 0 1509
9 11 62 5.5 -2 0 0 1576
9 11 63 1.5 -2 0 0 1336
9 12 0 1.5 -2 0 0 4245
9 12 1 5.5 -2 0 0 3870
9 12 2 1.5 -2 0 0 3605
9 12 3 1.5 -2 0 0 3342
9 12 4 1.5 -2 0 0 3913
9 12 5 1.5 -2 0 0 3731
9 12 6 1.5 -2 0 0 3571
9 12 7 1.5 -2 0 0 3083
9 12 8 1.5 -2 0 0 3553
9 12 9 5.5 -2 0 0 2293
9 12 10 5.5 -2 0 0 3262
9 12 11 5.5 -2 0 0 4077
9 12 12 1.5 -2 0 0 3484
9 12 13 1.5 -2 0 0 3222
9 12 14 1.5 -2 0 0 4000
9 12 15 1.5 -2 0 0 3544
9 12 16 1.5 -2 0 0 3145
9 12 17 5.5 -2 0 0 3966
9 12 18 5.5 -2 0 0 3667
9 12 19 1.5 -2 0 0 3222
9 12 20 4.81204 0.353758 0.223936 0.186113 3995
9 12 21 1.5 -2 0 0 3254
9 12 22 5.5 -2 0 0 1625
9 12 23 1.5 -2 0 0 4391
9 12 24 1.5 -2 0 0 3957
9 12 25 1.5 -2 0 0 3538
9 12 26 1.5 -2 0 0 4596
9 12 27 5.5 -2 0 0 3634
9 12 28 5.5 -2 0 0 3491
9 12 29 5.5 -2 0 0 4533
9 12 30 1.5 -2 0 0 3965
9 12 31 1.5 -2 0 0 3913
9 12 32 5.5 -2 0 0 3763
9 12 33 1.5 -2 0 0 3991
9 12 34 1.5 -2 0 0 4772
9 12 35 1.5 -2 0 0 4055
9 12 36 5.5 -2 0 0 4063
9 12 37 5.5 -2 0 0 4448
9 12 38 1.5 -2 0 0 4215
9 12 39 1.5 -2 0 0 4920
9 12 40 5.5 -2 0 0 4407
9 12 41 5.5 -2 0 0 3991
9 12 42 1.5 -2 0 0 4411
9 12 43 5.5 -2 0 0 4747
9 12 44 1.5 -2 0 0 3923
9 12 45 4.84853 0.201542 0.122085 0.339711 4073
9 12 46 5.5 -2 0 0 5080
9 12 47 5.5 -2 0 0 4434
9 12 48 1.5 -2 0 0 4229
9 12 49 1.5 -2 0 0 4585
9 12 50 5.52291 0.551873 0.243699 0.212753 4298
9 12 51 1.5 -2 0 0 5377
9 12 52 1.5 -2 0 0 5048
9 12 53 1.5 -2 0 0 4308
9 12 54 5.19407 0.334968 0.212765 0.492758 4698
9 12 55 1.5 -2 0 0 5333
9 12 56 1.5 -2 0 0 4975
9 12 57 1.5 -2 0 0 5111
9 12 58 1.5 -2 0 0 4627
9 12 59 1.5 -2 0 0 5380
9 12 60 1.5 -2 0 0 4540
9 12 61 1.5 -2 0 0 6260
9 12 62 1.5 -2 0 0 5623
9 12 63 1.5 -2 0 0 5056
9 13 0 1.5 -2 0 0 6090
9 13 1 1.5 -2 0 0 5220
9 13 2 5.14221 0.341897 0.680748 1.21166 5181
9 13 3 1.5 -2 0 0 4034
9 13 4 5.5 -2 0 0 4489
9 13 5 1.5 -2 0 0 4765
9 13 6 5.5 -2 0 0 4926
9 13 7 1.5 -2 0 0 3710
9 13 8 5.5 -2 0 0 4771
9 13 9 1.5 -2 0 0 4444
9 13 10 5.5 -2 0 0 3977
9 13 11 5.5 -2 0 0 4684
9 13 12 1.5 -2 0 0 4288
9 13 13 5.5 -2 0 0 3659
9 13 14 5.5 -2 0 0 5713
9 13 15 5.5 -2 0 0 3988
9 13 16 5.5 -2 0 0 4003
9 13 17 1.5 -2 0 0 5110
9 13 18 5.5 -2 0 0 4172
9 13 19 5.5 -2 0 0 3648
9 13 20 5.5 -2 0 0 4311
9 13 21 1.5 -2 0 0 4678
9 13 22 6.20941 0.499768 0.176742 0.97763 3747
9 13 23 4.67358 0.36309 0.269255 0.152439 4316
9 13 24 5.5 -2 0 0 4793
9 13 25 4.62194 0.410709 0.160871 0.0954728 3489
9 13 26 4.72173 0.412515 0.201758 0.11322 5207
9 13 27 5.0777 0.106534 0.1 0.579355 3646
9 13 28 5.5 -2 0 0 3507
9 13 29 5.5 -2 0 0 4613
9 13 30 1.5 -2 0 0 3890
9 13 31 5.5 -2 0 0 3423
9 13 32 5.5 -2 0 0 3256
9 13 33 5.5 -2 0 0 3412
9 13 34 5.42752 0.482537 0.541662 0.551269 5188
9 13 35 5.5 -2 0 0 3188
9 13 36 5.5 -2 0 0 3719
9 13 37 9.5 -2 0 0 4078
9 13 38 5.5 -2 0 0 2889
9 13 39 5.5 -2 0 0 3214
9 13 40 5.5 -2 0 0 3829
9 13 41 5.5 -2 0 0 2967
9 13 42 5.5 -2 0 0 3723
9 13 43 5.5 -2 0 0 4522
9 13 44 5.5 -2 0 0 2929
9 13 45 5.5 -2 0 0 3367
9 13 46 5.5 -2 0 0 4968
9 13 47 5.68134 0.410044 0.256106 0.618961 2955
9 13 48 1.5 -2 0 0 3605
9 13 49 6.73136 0.438642 0.149873 0.782161 3953
9 13 50 5.5 -2 0 0 3093
9 13 51 1.5 -2 0 0 3785
9 13 52 1.5 -2 0 0 4167
9 13 53 1.5 -2 0 0 2866
9 13 54 1.5 -2 0 0 3367
9 13 55 1.5 -2 0 0 3791
9 13 56 5.5 -2 0 0 3547
9 13 57 5.5 -2 0 0 3699
9 13 58 1.5 -2 0 0 3506
9 13 59 1.5 -2 0 0 4307
9 13 60 1.5 -2 0 0 3022
9 13 61 1.5 -2 0 0 4169
9 13 62 5.5 -2 0 0 4159
9 13 63 5.5 -2 0 0 3643
9 14 0 5.5 -2 0 0 6010
9 14 1 5.5 -2 0 0 5195
9 14 2 1.5 -2 0 0 5144
9 14 3 1.5 -2 0 0 4125
9 14 4 5.5 -2 0 0 4077
9 14 5 1.5 -2 0 0 4580
9 14 6 1.5 -2 0 0 5027
9 14 7 1.5 -2 0 0 3064
9 14 8 1.5 -2 0 0 4713
9 14 9 1.5 -2 0 0 4250
9 14 10 1.5 -2 0 0 4369
9 14 11 1.5 -2 0 0 4378
9 14 12 5.5 -2 0 0 4214
9 14 13 5.5 -2 0 0 600
9 14 14 5.5 -2 0 0 5399
9 14 15 5.5 -2 0 0 1314
9 14 16 1.5 -2 0 0 4486
9 14 17 1.5 -2 0 0 4563
9 14 18 1.5 -2 0 0 3671
9 14 19 5.5 -2 0 0 3659
9 14 20 5.5 -2 0 0 3866
9 14 21 5.5 -2 0 0 4736
9 14 22 5.5 -2 0 0 867
9 14 23 5.5 -2 0 0 4156
9 14 24 1.5 -2 0 0 5020
9 14 25 5.5 -2 0 0 3398
9 14 26 5.5 -2 0 0 5074
9 14 27 5.5 -2 0 0 3696
9 14 28 5.5 -2 0 0 3095
9 14 29 5.5 -2 0 0 4119
9 14 30 5.5 -2 0 0 3735
9 14 31 5.5 -2 0 0 3007
9 14 32 5.5 -2 0 0 716
9 14 33 5.5 -2 0 0 825
9 14 34 5.5 -2 0 0 4429
9 14 35 1.5 -2 0 0 2820
9 14 36 5.5 -2 0 0 459
9 14 37 1.5 -2 0 0 3740
9 14 38 1.5 -2 0 0 2561
9 14 39 1.5 -2 0 0 2548
9 14 40 1.5 -2 0 0 3476
9 14 41 5.5 -2 0 0 2788
9 14 42 5.5 -2 0 0 3219
9 14 43 1.5 -2 0 0 3803
9 14 44 1.5 -2 0 0 2402
9 14 45 5.5 -2 0 0 842
9 14 46 1.5 -2 0 0 4262
9 14 47 1.5 -2 0 0 2552
9 14 48 1.5 -2 0 0 681
9 14 49 5.5 -2 0 0 3145
9 14 50 5.5 -2 0 0 2594
9 14 51 1.5 -2 0 0 2974
9 14 52 1.5 -2 0 0 3433
9 14 53 1.5 -2 0 0 2322
9 14 54 1.5 -2 0 0 2659
9 14 55 5.43128 0.123696 0.100001 0.31592 3118
9 14 56 1.5 -2 0 0 2807
9 14 57 5.5 -2 0 0 2975
9 14 58 1.5 -2 0 0 2385
9 14 59 1.5 -2 0 0 3908
9 14 60 1.5 -2 0 0 2643
9 14 61 5.5 -2 0 0 3153
9 14 62 1.5 -2 0 0 3184
9 14 63 1.5 -2 0 0 2627
9 15 0 5.5 -2 0 0 2745
9 15 1 1.5 -2 0 0 2920
9 15 2 1.5 -2 0 0 2734
9 15 3 5.5 -2 0 0 2214
9 15 4 5.5 -2 0 0 2791
9 15 5 5.5 -2 0 0 2783
9 15 6 1.5 -2 0 0 2566
9 15 7 1.5 -2 0 0 2133
9 15 8 5.25044 0.463474 0.245374 0.766891 2701
9 15 9 1.5 -2 0 0 2182
9 15 10 5.5 -2 0 0 2124
9 15 11 1.5 -2 0 0 2857
9 15 12 5.5 -2 0 0 2347
9 15 13 5.5 -2 0 0 2392
9 15 14 5.5 -2 0 0 3201
9 15 15 5.5 -2 0 0 2591
9 15 16 5.5 -2 0 0 1980
9 15 17 5.5 -2 0 0 2906
9 15 18 1.5 -2 0 0 2669
9 15 19 5.5 -2 0 0 2498
9 15 20 5.5 -2 0 0 3139
9 15 21 1.5 -2 0 0 2310
9 15 22 5.5 -2 0 0 2258
9 15 23 5.5 -2 0 0 3362
9 15 24 5.5 -2 0 0 2879
9 15 25 5.5 -2 0 0 2663
9 15 26 5.5 -2 0 0 3605
9 15 27 1.5 -2 0 0 2706
9 15 28 4.59685 0.423667 0.225357 0.137001 2675
9 15 29 5.5 -2 0 0 3583
9 15 30 5.5 -2 0 0 2973
9 15 31 4.91362 0.221779 0.117624 0.1279 2818
9 15 32 5.5 -2 0 0 2726
9 15 33 5.5 -2 0 0 3302
9 15 34 5.5 -2 0 0 3914
9 15 35 5.5 -2 0 0 3079
9 15 36 1.5 -2 0 0 3457
9 15 37 5.5 -2 0 0 3792
9 15 38 1.5 -2 0 0 3188
9 15 39 5.5 -2 0 0 4411
9 15 40 1.5 -2 0 0 3573
9 15 41 1.5 -2 0 0 3002
9 15 42 1.5 -2 0 0 3805
9 15 43 5.5 -2 0 0 3887
9 15 44 5.5 -2 0 0 3316
9 15 45 1.5 -2 0 0 3351
9 15 46 5.5 -2 0 0 4375
9 15 47 1.5 -2 0 0 3501
9 15 48 4.85819 0.372709 0.419741 0.154314 3691
9 15 49 1.5 -2 0 0 4138
9 15 50 5.5 -2 0 0 3579
9 15 51 1.5 -2 0 0 5035
9 15 52 1.5 -2 0 0 4083
9 15 53 1.5 -2 0 0 3815
9 15 54 5.5 -2 0 0 4036
9 15 55 1.5 -2 0 0 4580
9 15 56 1.5 -2 0 0 4561
9 15 57 1.5 -2 0 0 4815
9 15 58 5.5 -2 0 0 4186
9 15 59 1.5 -2 0 0 4465
9 15 60 5.5 -2 0 0 4089
9 15 61 5.5 -2 0 0 5603
9 15 62 5.5 -2 0 0 4716
9 15 63 5.5 -2 0 0 4370
10 0 0 1.5 -2 0 0 617
10 0 1 5.5 -2 0 0 530
10 0 2 5.5 -2 0 0 504
10 0 3 1.5 -2 0 0 218
10 0 4 1.5 -2 0 0 434
10 0 5 1.5 -2 0 0 449
10 0 6 1.5 -2 0 0 484
10 0 7 1.5 -2 0 0 502
10 0 8 5.5 -2 0 0 526
10 0 9 0 -10 0 0 126
10 0 10 0 -10 0 0 73
10 0 11 1.5 -2 0 0 501
10 0 12 5.5 -2 0 0 464
10 0 13 1.5 -2 0 0 386
10 0 14 1.5 -2 0 0 563
10 0 15 5.5 -2 0 0 483
10 0 16 0 -10 0 0 170
10 0 17 5.5 -2 0 0 534
10 0 18 5.5 -2 0 0 359
10 0 19 0 -10 0 0 149
10 0 20 1.5 -2 0 0 503
10 0 21 1.5 -2 0 0 439
10 0 22 5.5 -2 0 0 227
10 0 23 5.5 -2 0 0 521
10 0 24 5.5 -2 0 0 510
10 0 25 4.84463 0.456633 0.192715 0.30545 570
10 0 26 1.5 -2 0 0 558
10 0 27 1.5 -2 0 0 445
10 0 28 5.5 -2 0 0 517
10 0 29 1.5 -2 0 0 531
10 0 30 1.5 -2 0 0 237
10 0 31 1.5 -2 0 0 525
10 0 32 0 -10 0 0 171
10 0 33 1.5 -2 0 0 508
10 0 34 5.5 -2 0 0 616
10 0 35 1.5 -2 0 0 551
10 0 36 1.5 -2 0 0 231
10 0 37 1.5 -2 0 0 482
10 0 38 1.5 -2 0 0 574
10 0 39 4.61524 0.459441 0.328412 0.34948 654
10 0 40 5.5 -2 0 0 429
10 0 41 1.5 -2 0 0 517
10 0 42 5.5 -2 0 0 563
10 0 43 1.5 -2 0 0 583
10 0 44 1.5 -2 0 0 552
10 0 45 5.5 -2 0 0 545
10 0 46 1.5 -2 0 0 622
10 0 47 1.5 -2 0 0 661
10 0 48 1.5 -2 0 0 529
10 0 49 1.5 -2 0 0 602
10 0 50 1.5 -2 0 0 584
10 0 51 1.5 -2 0 0 732
10 0 52 1.5 -2 0 0 643
10 0 53 5.5 -2 0 0 575
10 0 54 1.5 -2 0 0 550
10 0 55 1.5 -2 0 0 640
10 0 56 5.5 -2 0 0 666
10 0 57 5.5 -2 0 0 675
10 0 58 1.5 -2 0 0 598
10 0 59 5.5 -2 0 0 716
10 0 60 1.5 -2 0 0 602
10 0 61 1.5 -2 0 0 839
10 0 62 1.5 -2 0 0 705
10 0 63 1.5 -2 0 0 610
10 1 0 1.5 -2 0 0 739
10 1 1 5.5 -2 0 0 738
10 1 2 1.5 -2 0 0 762
10 1 3 1.5 -2 0 0 763
10 1 4 1.5 -2 0 0 676
10 1 5 5.5 -2 0 0 669
10 1 6 5.5 -2 0 0 884
10 1 7 1.5 -2 0 0 858
10 1 8 1.5 -2 0 0 702
10 1 9 1.5 -2 0 0 867
10 1 10 5.5 -2 0 0 832
10 1 11 1.5 -2 0 0 654
10 1 12 1.5 -2 0 0 738
10 1 13 5.5 -2 0 0 770
10 1 14 5.5 -2 0 0 693
10 1 15 5.70937 0.411473 0.284002 0.338095 695
10 1 16 1.5 -2 0 0 1073
10 1 17 5.43342 0.337062 0.119725 0.511412 660
10 1 18 5.5 -2 0 0 709
10 1 19 6.17632 0.418348 0.274513 0.452054 882
10 1 20 5.5 -2 0 0 555
10 1 21 1.5 -2 0 0 801
10 1 22 5.5 -2 0 0 814
10 1 23 5.83829 0.444205 0.297184 0.259842 591
10 1 24 5.5 -2 0 0 682
10 1 25 5.5 -2 0 0 733
10 1 26 5.5 -2 0 0 674
10 1 27 5.5 -2 0 0 659
10 1 28 5.5 -2 0 0 684
10 1 29 5.5 -2 0 0 595
10 1 30 5.5 -2 0 0 641
10 1 31 1.5 -2 0 0 709
10 1 32 5.5 -2 0 0 620
10 1 33 5.5 -2 0 0 657
10 1 34 6.02916 0.497287 0.333449 0.328306 641
10 1 35 5.5 -2 0 0 730
10 1 36 5.5 -2 0 0 587
10 1 37 6.24923 0.522185 0.201149 0.342991 589
10 1 38 5.5 -2 0 0 579
10 1 39 1.5 -2 0 0 568
10 1 40 5.5 -2 0 0 576
10 1 41 5.5 -2 0 0 585
10 1 42 5.5 -2 0 0 555
10 1 43 5.5 -2 0 0 564
10 1 44 5.5 -2 0 0 573
10 1 45 5.5 -2 0 0 559
10 1 46 5.7217 0.456768 0.300373 0.409037 597
10 1 47 1.5 -2 0 0 668
10 1 48 5.5 -2 0 0 587
10 1 49 1.5 -2 0 0 576
10 1 50 5.5 -2 0 0 552
10 1 51 5.5 -2 0 0 577
10 1 52 1.5 -2 0 0 553
10 1 53 5.5 -2 0 0 540
10 1 54 1.5 -2 0 0 544
10 1 55 1.5 -2 0 0 461
10 1 56 5.5 -2 0 0 582
10 1 57 1.5 -2 0 0 549
10 1 58 5.5 -2 0 0 565
10 1 59 1.5 -2 0 0 509
10 1 60 1.5 -2 0 0 587
10 1 61 1.5 -2 0 0 498
10 1 62 1.5 -2 0 0 567
10 1 63 1.5 -2 0 0 488
10 2 0 5.5 -2 0 0 802
10 2 1 5.5 -2 0 0 783
10 2 2 1.5 -2 0 0 696
10 2 3 1.5 -2 0 0 667
10 2 4 1.5 -2 0 0 651
10 2 5 5.5 -2 0 0 674
10 2 6 5.5 -2 0 0 701
10 2 7 1.5 -2 0 0 482
10 2 8 5.5 -2 0 0 677
10 2 9 1.5 -2 0 0 614
10 2 10 1.5 -2 0 0 627
10 2 11 1.5 -2 0 0 670
10 2 12 1.5 -2 0 0 630
10 2 13 5.5 -2 0 0 588
10 2 14 1.5 -2 0 0 796
10 2 15 1.5 -2 0 0 502
10 2 16 1.5 -2 0 0 531
10 2 17 1.5 -2 0 0 760
10 2 18 5.5 -2 0 0 682
10 2 19 1.5 -2 0 0 588
10 2 20 1.5 -2 0 0 441
10 2 21 1.5 -2 0 0 656
10 2 22 1.5 -2 0 0 594
10 2 23 5.5 -2 0 0 670
10 2 24 1.5 -2 0 0 708
10 2 25 5.5 -2 0 0 652
10 2 26 1.5 -2 0 0 787
10 2 27 5.5 -2 0 0 651
10 2 28 1.5 -2 0 0 640
10 2 29 1.5 -2 0 0 819
10 2 30 1.5 -2 0 0 463
10 2 31 1.5 -2 0 0 647
10 2 32 1.5 -2 0 0 654
10 2 33 1.5 -2 0 0 691
10 2 34 6.06665 0.506924 0.146343 0.284804 920
10 2 35 1.5 -2 0 0 706
10 2 36 1.5 -2 0 0 719
10 2 37 5.5 -2 0 0 789
10 2 38 5.5 -2 0 0 674
10 2 39 1.5 -2 0 0 900
10 2 40 1.5 -2 0 0 677
10 2 41 1.5 -2 0 0 655
10 2 42 5.5 -2 0 0 625
10 2 43 1.5 -2 0 0 874
10 2 44 5.5 -2 0 0 702
10 2 45 1.5 -2 0 0 630
10 2 46 4.8192 0.475109 0.282494 0.210152 990
10 2 47 1.5 -2 0 0 809
10 2 48 1.5 -2 0 0 671
10 2 49 1.5 -2 0 0 795
10 2 50 6.35788 0.590534 0.168473 0.25348 699
10 2 51 1.5 -2 0 0 1154
10 2 52 5.5 -2 0 0 899
10 2 53 5.5 -2 0 0 783
10 2 54 1.5 -2 0 0 728
10 2 55 1.5 -2 0 0 934
10 2 56 5.5 -2 0 0 904
10 2 57 5.5 -2 0 0 1049
10 2 58 1.5 -2 0 0 781
10 2 59 5.5 -2 0 0 1001
10 2 60 1.5 -2 0 0 737
10 2 61 1.5 -2 0 0 1243
10 2 62 5.5 -2 0 0 1095
10 2 63 1.5 -2 0 0 855
10 3 0 0 -10 0 0 0
10 3 1 5.5 -2 0 0 1496
10 3 2 1.5 -2 0 0 1542
10 3 3 5.59751 0.51823 0.273518 0.520663 1780
10 3 4 5.5 -2 0 0 1302
10 3 5 5.5 -2 0 0 1440
10 3 6 1.5 -2 0 0 1762
10 3 7 1.5 -2 0 0 2437
10 3 8 5.5 -2 0 0 1289
10 3 9 1.5 -2 0 0 2131
10 3 10 5.5 -2 0 0 2416
10 3 11 5.74144 0.40993 0.237132 0.504903 1199
10 3 12 4.68858 0.255188 0.115658 0.322547 1586
10 3 13 1.5 -2 0 0 1711
10 3 14 1.5 -2 0 0 1330
10 3 15 1.5 -2 0 0 1545
10 3 16 0 -10 0 0 0
10 3 17 5.5 -2 0 0 1175
10 3 18 1.5 -2 0 0 1523
10 3 19 5.5 -2 0 0 1964
10 3 20 5.5 -2 0 0 311
10 3 21 5.5 -2 0 0 1967
10 3 22 5.5 -2 0 0 1934
10 3 23 1.5 -2 0 0 1130
10 3 24 5.5 -2 0 0 1287
10 3 25 1.5 -2 0 0 1784
10 3 26 0 -10 0 0 0
10 3 27 1.5 -2 0 0 1247
10 3 28 4.86267 0.463728 0.280922 0.148559 1487
10 3 29 1.5 -2 0 0 1080
10 3 30 4.78289 0.34654 0.301743 0.496076 1340
10 3 31 5.5 -2 0 0 1607
10 3 32 5.5 -2 0 0 1367
10 3 33 5.27215 0.371615 0.175314 0.259302 1250
10 3 34 5.5 -2 0 0 1008
10 3 35 5.5 -2 0 0 1370
10 3 36 0 -10 0 0 19
10 3 37 5.5 -2 0 0 1028
10 3 38 5.5 -2 0 0 1306
10 3 39 5.5 -2 0 0 905
10 3 40 5.10151 0.471654 0.231803 0.472801 1107
10 3 41 5.5 -2 0 0 1238
10 3 42 5.5 -2 0 0 969
10 3 43 5.5 -2 0 0 998
10 3 44 5.5 -2 0 0 1098
10 3 45 6.23663 0.416577 0.326486 0.396343 1123
10 3 46 5.5 -2 0 0 986
10 3 47 5.5 -2 0 0 1228
10 3 48 5.73363 0.26208 0.1 0.692658 1206
10 3 49 5.5 -2 0 0 1054
10 3 50 1.5 -2 0 0 1046
10 3 51 1.5 -2 0 0 762
10 3 52 5.5 -2 0 0 859
10 3 53 5.5 -2 0 0 1033
10 3 54 1.5 -2 0 0 1006
10 3 55 1.5 -2 0 0 827
10 3 56 1.5 -2 0 0 873
10 3 57 1.5 -2 0 0 860
10 3 58 1.5 -2 0 0 923
10 3 59 1.5 -2 0 0 856
10 3 60 6.14706 0.424535 0.266897 0.384588 982
10 3 61 1.5 -2 0 0 828
10 3 62 5.5 -2 0 0 813
10 3 63 4.856 0.46395 0.268605 0.227598 838
10 4 0 5.5 -2 0 0 1186
10 4 1 5.5 -2 0 0 1075
10 4 2 1.5 -2 0 0 960
10 4 3 1.5 -2 0 0 659
10 4 4 5.5 -2 0 0 741
10 4 5 5.5 -2 0 0 820
10 4 6 5.5 -2 0 0 754
10 4 7 1.5 -2 0 0 737
10 4 8 4.98596 0.455862 0.359707 0.331376 833
10 4 9 5.5 -2 0 0 805
10 4 10 1.5 -2 0 0 777
10 4 11 5.5 -2 0 0 1001
10 4 12 5.38754 0.433122 0.260585 0.223466 827
10 4 13 1.5 -2 0 0 580
10 4 14 5.5 -2 0 0 1079
10 4 15 5.5 -2 0 0 710
10 4 16 5.5 -2 0 0 750
10 4 17 1.5 -2 0 0 875
10 4 18 1.5 -2 0 0 680
10 4 19 1.5 -2 0 0 763
10 4 20 5.5 -2 0 0 596
10 4 21 1.5 -2 0 0 876
10 4 22 1.5 -2 0 0 613
10 4 23 4.61201 0.42335 0.271156 0.22304 1017
10 4 24 1.5 -2 0 0 1112
10 4 25 5.5 -2 0 0 688
10 4 26 5.5 -2 0 0 1377
10 4 27 5.5 -2 0 0 751
10 4 28 6.03744 0.507797 0.172957 0.37599 734
10 4 29 1.5 -2 0 0 1060
10 4 30 5.11345 0.435374 0.282937 0.345226 827
10 4 31 1.5 -2 0 0 754
10 4 32 1.5 -2 0 0 697
10 4 33 5.5 -2 0 0 737
10 4 34 5.5 -2 0 0 1440
10 4 35 5.5 -2 0 0 716
10 4 36 5.5 -2 0 0 830
10 4 37 1.5 -2 0 0 971
10 4 38 1.5 -2 0 0 688
10 4 39 5.5 -2 0 0 969
10 4 40 5.5 -2 0 0 918
10 4 41 5.5 -2 0 0 816
10 4 42 1.5 -2 0 0 858
10 4 43 1.5 -2 0 0 997
10 4 44 1.5 -2 0 0 792
10 4 45 1.5 -2 0 0 675
10 4 46 5.5 -2 0 0 1533
10 4 47 1.5 -2 0 0 724
10 4 48 5.5 -2 0 0 783
10 4 49 5.5 -2 0 0 1155
10 4 50 9.5 -2 0 0 833
10 4 51 5.5 -2 0 0 1209
10 4 52 1.5 -2 0 0 1153
10 4 53 1.5 -2 0 0 706
10 4 54 1.5 -2 0 0 833
10 4 55 1.5 -2 0 0 1128
10 4 56 1.5 -2 0 0 973
10 4 57 1.5 -2 0 0 1167
10 4 58 1.5 -2 0 0 975
10 4 59 1.5 -2 0 0 1438
10 4 60 1.5 -2 0 0 715
10 4 61 1.5 -2 0 0 1374
10 4 62 5.5 -2 0 0 1460
10 4 63 1.5 -2 0 0 1030
10 5 0 1.5 -2 0 0 1535
10 5 1 1.5 -2 0 0 1747
10 5 2 1.5 -2 0 0 2079
10 5 3 1.5 -2 0 0 2739
10 5 4 1.5 -2 0 0 1991
10 5 5 1.5 -2 0 0 2160
10 5 6 1.5 -2 0 0 2318
10 5 7 1.5 -2 0 0 3653
10 5 8 1.5 -2 0 0 1936
10 5 9 1.5 -2 0 0 2676
10 5 10 1.5 -2 0 0 3266
10 5 11 1.5 -2 0 0 1920
10 5 12 1.5 -2 0 0 2466
10 5 13 1.5 -2 0 0 2727
10 5 14 1.5 -2 0 0 1585
10 5 15 1.5 -2 0 0 2613
10 5 16 4.82183 0.41203 0.45537 0.126615 3946
10 5 17 1.5 -2 0 0 1698
10 5 18 1.5 -2 0 0 2373
10 5 19 1.5 -2 0 0 3694
10 5 20 1.5 -2 0 0 2053
10 5 21 5.5 -2 0 0 2590
10 5 22 1.5 -2 0 0 3127
10 5 23 1.5 -2 0 0 1813
10 5 24 5.5 -2 0 0 1751
10 5 25 1.5 -2 0 0 3604
10 5 26 1.5 -2 0 0 1571
10 5 27 1.5 -2 0 0 2569
10 5 28 1.5 -2 0 0 2623
10 5 29 1.5 -2 0 0 1657
10 5 30 5.5 -2 0 0 2379
10 5 31 5.5 -2 0 0 3085
10 5 32 5.5 -2 0 0 2785
10 5 33 1.5 -2 0 0 2288
10 5 34 1.5 -2 0 0 1587
10 5 35 5.5 -2 0 0 2913
10 5 36 5.5 -2 0 0 2056
10 5 37 5.5 -2 0 0 1727
10 5 38 1.5 -2 0 0 2888
10 5 39 1.5 -2 0 0 2015
10 5 40 1.5 -2 0 0 2167
10 5 41 1.5 -2 0 0 2510
10 5 42 1.5 -2 0 0 1653
10 5 43 1.5 -2 0 0 1494
10 5 44 5.5 -2 0 0 2413
10 5 45 1.5 -2 0 0 2175
10 5 46 5.5 -2 0 0 1357
10 5 47 1.5 -2 0 0 3036
10 5 48 1.5 -2 0 0 2120
10 5 49 1.5 -2 0 0 1573
10 5 50 5.5 -2 0 0 2057
10 5 51 1.5 -2 0 0 1465
10 5 52 4.58606 0.412696 0.226634 0.258758 1467
10 5 53 1.5 -2 0 0 2502
10 5 54 1.5 -2 0 0 1873
10 5 55 5.5 -2 0 0 1378
10 5 56 1.5 -2 0 0 1866
10 5 57 1.5 -2 0 0 1759
10 5 58 1.5 -2 0 0 1619
10 5 59 1.5 -2 0 0 1515
10 5 60 1.5 -2 0 0 2185
10 5 61 1.5 -2 0 0 1509
10 5 62 1.5 -2 0 0 1286
10 5 63 1.5 -2 0 0 1482
10 6 0 1.5 -2 0 0 1631
10 6 1 5.5 -2 0 0 1287
10 6 2 1.5 -2 0 0 1160
10 6 3 5.5 -2 0 0 811
10 6 4 1.5 -2 0 0 900
10 6 5 5.5 -2 0 0 921
10 6 6 5.5 -2 0 0 966
10 6 7 5.5 -2 0 0 786
10 6 8 1.5 -2 0 0 1062
10 6 9 5.5 -2 0 0 882
10 6 10 1.5 -2 0 0 809
10 6 11 1.5 -2 0 0 978
10 6 12 1.5 -2 0 0 877
10 6 13 1.5 -2 0 0 750
10 6 14 1.5 -2 0 0 1399
10 6 15 1.5 -2 0 0 823
10 6 16 1.5 -2 0 0 821
10 6 17 1.5 -2 0 0 1153
10 6 18 5.5 -2 0 0 818
10 6 19 1.5 -2 0 0 753
10 6 20 1.5 -2 0 0 848
10 6 21 1.5 -2 0 0 941
10 6 22 4.66443 0.4212 0.203297 0.154646 764
10 6 23 1.5 -2 0 0 893
10 6 24 1.5 -2 0 0 1202
10 6 25 5.5 -2 0 0 776
10 6 26 5.5 -2 0 0 1388
10 6 27 1.5 -2 0 0 786
10 6 28 1.5 -2 0 0 745
10 6 29 1.5 -2 0 0 1044
10 6 30 1.5 -2 0 0 815
10 6 31 1.5 -2 0 0 669
10 6 32 5.5 -2 0 0 716
10 6 33 1.5 -2 0 0 765
10 6 34 4.73732 0.434137 0.378056 0.253112 1261
10 6 35 1.5 -2 0 0 656
10 6 36 1.5 -2 0 0 822
10 6 37 5.5 -2 0 0 868
10 6 38 5.69473 0.485573 0.219186 0.395524 645
10 6 39 5.5 -2 0 0 762
10 6 40 5.5 -2 0 0 836
10 6 41 5.5 -2 0 0 719
10 6 42 1.5 -2 0 0 820
10 6 43 5.5 -2 0 0 966
10 6 44 1.5 -2 0 0 628
10 6 45 5.5 -2 0 0 702
10 6 46 1.5 -2 0 0 1200
10 6 47 5.5 -2 0 0 630
10 6 48 1.5 -2 0 0 782
10 6 49 5.5 -2 0 0 874
10 6 50 5.5 -2 0 0 686
10 6 51 1.5 -2 0 0 930
10 6 52 5.5 -2 0 0 914
10 6 53 6.13918 0.508983 0.17713 0.21507 634
10 6 54 4.84495 0.251262 0.1 0.122346 704
10 6 55 1.5 -2 0 0 915
10 6 56 1.5 -2 0 0 803
10 6 57 1.5 -2 0 0 827
10 6 58 1.5 -2 0 0 734
10 6 59 1.5 -2 0 0 1029
10 6 60 1.5 -2 0 0 701
10 6 61 5.5 -2 0 0 1032
10 6 62 1.5 -2 0 0 1017
10 6 63 5.5 -2 0 0 833
10 7 0 1.5 -2 0 0 1064
10 7 1 5.12796 0.455641 0.196449 0.217924 1171
10 7 2 1.5 -2 0 0 1257
10 7 3 5.5 -2 0 0 1727
10 7 4 1.5 -2 0 0 1521
10 7 5 1.5 -2 0 0 1400
10 7 6 5.5 -2 0 0 1369
10 7 7 1.5 -2 0 0 2319
10 7 8 1.5 -2 0 0 1300
10 7 9 5.5 -2 0 0 1578
10 7 10 1.5 -2 0 0 1784
10 7 11 1.5 -2 0 0 1330
10 7 12 1.5 -2 0 0 1502
10 7 13 1.5 -2 0 0 2107
10 7 14 5.5 -2 0 0 1163
10 7 15 1.5 -2 0 0 1904
10 7 16 1.5 -2 0 0 2182
10 7 17 5.5 -2 0 0 1195
10 7 18 5.5 -2 0 0 1741
10 7 19 1.5 -2 0 0 2680
10 7 20 5.5 -2 0 0 1725
10 7 21 1.5 -2 0 0 1534
10 7 22 5.5 -2 0 0 1917
10 7 23 5.5 -2 0 0 1523
10 7 24 5.5 -2 0 0 1145
10 7 25 5.5 -2 0 0 2868
10 7 26 1.5 -2 0 0 1275
10 7 27 5.51366 0.354256 0.313615 0.50898 2162
10 7 28 1.5 -2 0 0 2388
10 7 29 1.5 -2 0 0 1334
10 7 30 4.94024 0.398958 0.228595 0.557805 1860
10 7 31 1.5 -2 0 0 3112
10 7 32 5.15178 0.39394 0.205081 0.0403587 2493
10 7 33 5.5 -2 0 0 2156
10 7 34 5.5 -2 0 0 1310
10 7 35 9.5 -2 0 0 3351
10 7 36 1.5 -2 0 0 2086
10 7 37 5.5 -2 0 0 1667
10 7 38 5.5 -2 0 0 3666
10 7 39 1.5 -2 0 0 2576
10 7 40 1.5 -2 0 0 1789
10 7 41 1.5 -2 0 0 2716
10 7 42 5.5 -2 0 0 1914
10 7 43 5.5 -2 0 0 1461
10 7 44 1.5 -2 0 0 2824
10 7 45 5.5 -2 0 0 2364
10 7 46 5.5 -2 0 0 1346
10 7 47 1.5 -2 0 0 3971
10 7 48 5.5 -2 0 0 2082
10 7 49 1.5 -2 0 0 1740
10 7 50 1.5 -2 0 0 2561
10 7 51 5.51191 0.331141 0.360114 0.720793 1847
10 7 52 1.5 -2 0 0 1550
10 7 53 1.5 -2 0 0 3242
10 7 54 1.5 -2 0 0 2349
10 7 55 1.5 -2 0 0 1647
10 7 56 1.5 -2 0 0 2218
10 7 57 5.48408 0.520154 0.290064 0.144606 2128
10 7 58 1.5 -2 0 0 2033
10 7 59 1.5 -2 0 0 1551
10 7 60 5.5 -2 0 0 2893
10 7 61 1.5 -2 0 0 1684
10 7 62 1.5 -2 0 0 1547
10 7 63 1.5 -2 0 0 1938
10 8 0 1.5 -2 0 0 879
10 8 1 5.5 -2 0 0 797
10 8 2 1.5 -2 0 0 729
10 8 3 5.5 -2 0 0 672
10 8 4 5.5 -2 0 0 704
10 8 5 1.5 -2 0 0 727
10 8 6 1.5 -2 0 0 738
10 8 7 1.5 -2 0 0 677
10 8 8 1.5 -2 0 0 714
10 8 9 5.5 -2 0 0 752
10 8 10 1.5 -2 0 0 715
10 8 11 5.1571 0.252103 0.100001 0.365592 710
10 8 12 5.5 -2 0 0 699
10 8 13 1.5 -2 0 0 693
10 8 14 0 -10 0 0 0
10 8 15 1.5 -2 0 0 742
10 8 16 1.5 -2 0 0 752
10 8 17 1.5 -2 0 0 764
10 8 18 5.5 -2 0 0 669
10 8 19 5.5 -2 0 0 742
10 8 20 1.5 -2 0 0 777
10 8 21 5.5 -2 0 0 668
10 8 22 1.5 -2 0 0 637
10 8 23 1.5 -2 0 0 771
10 8 24 1.5 -2 0 0 797
10 8 25 1.5 -2 0 0 801
10 8 26 5.5 -2 0 0 873
10 8 27 1.5 -2 0 0 733
10 8 28 1.5 -2 0 0 831
10 8 29 5.5 -2 0 0 853
10 8 30 5.5 -2 0 0 741
10 8 31 1.5 -2 0 0 820
10 8 32 5.5 -2 0 0 826
10 8 33 5.5 -2 0 0 790
10 8 34 1.5 -2 0 0 855
10 8 35 5.5 -2 0 0 879
10 8 36 5.5 -2 0 0 826
10 8 37 1.5 -2 0 0 851
10 8 38 5.0747 0.423812 0.364464 0.251565 1007
10 8 39 5.5 -2 0 0 1155
10 8 40 4.87297 0.469955 0.235914 0.223431 819
10 8 41 1.5 -2 0 0 833
10 8 42 1.5 -2 0 0 950
10 8 43 1.5 -2 0 0 856
10 8 44 4.60874 0.429858 0.365997 0.293517 931
10 8 45 1.5 -2 0 0 827
10 8 46 1.5 -2 0 0 909
10 8 47 1.5 -2 0 0 1198
10 8 48 1.5 -2 0 0 934
10 8 49 5.5 -2 0 0 890
10 8 50 5.01908 0.440307 0.213382 0.27516 939
10 8 51 1.5 -2 0 0 1276
10 8 52 1.5 -2 0 0 968
10 8 53 1.5 -2 0 0 1099
10 8 54 1.5 -2 0 0 939
10 8 55 1.5 -2 0 0 1098
10 8 56 1.5 -2 0 0 1198
10 8 57 5.5 -2 0 0 1191
10 8 58 1.5 -2 0 0 957
10 8 59 1.5 -2 0 0 1023
10 8 60 1.5 -2 0 0 1156
10 8 61 0 -10 0 0 0
10 8 62 1.5 -2 0 0 1233
10 8 63 1.5 -2 0 0 968
10 9 0 5.5 -2 0 0 967
10 9 1 1.5 -2 0 0 1018
10 9 2 1.5 -2 0 0 944
10 9 3 1.5 -2 0 0 514
10 9 4 1.5 -2 0 0 462
10 9 5 5.5 -2 0 0 599
10 9 6 1.5 -2 0 0 873
10 9 7 1.5 -2 0 0 525
10 9 8 5.5 -2 0 0 831
10 9 9 5.5 -2 0 0 593
10 9 10 5.5 -2 0 0 661
10 9 11 5.5 -2 0 0 944
10 9 12 5.5 -2 0 0 891
10 9 13 1.5 -2 0 0 283
10 9 14 1.5 -2 0 0 814
10 9 15 5.5 -2 0 0 441
10 9 16 5.5 -2 0 0 626
10 9 17 5.5 -2 0 0 763
10 9 18 5.5 -2 0 0 516
10 9 19 5.5 -2 0 0 495
10 9 20 5.5 -2 0 0 359
10 9 21 1.5 -2 0 0 1111
10 9 22 5.5 -2 0 0 931
10 9 23 5.5 -2 0 0 510
10 9 24 5.5 -2 0 0 811
10 9 25 5.5 -2 0 0 416
10 9 26 5.5 -2 0 0 778
10 9 27 5.96442 0.473647 0.393589 0.442033 272
10 9 28 5.5 -2 0 0 206
10 9 29 1.5 -2 0 0 560
10 9 30 1.5 -2 0 0 225
10 9 31 5.5 -2 0 0 211
10 9 32 5.5 -2 0 0 243
10 9 33 5.5 -2 0 0 429
10 9 34 4.96228 0.433225 0.300566 0.335749 905
10 9 35 5.5 -2 0 0 206
10 9 36 1.5 -2 0 0 305
10 9 37 5.5 -2 0 0 308
10 9 38 5.5 -2 0 0 483
10 9 39 5.5 -2 0 0 457
10 9 40 1.5 -2 0 0 331
10 9 41 5.5 -2 0 0 360
10 9 42 0 -10 0 0 178
10 9 43 1.5 -2 0 0 509
10 9 44 0 -10 0 0 107
10 9 45 5.5 -2 0 0 518
10 9 46 5.5 -2 0 0 642
10 9 47 5.5 -2 0 0 378
10 9 48 1.5 -2 0 0 383
10 9 49 1.5 -2 0 0 608
10 9 50 0 -10 0 0 122
10 9 51 5.5 -2 0 0 443
10 9 52 5.5 -2 0 0 523
10 9 53 0 -10 0 0 184
10 9 54 1.5 -2 0 0 376
10 9 55 5.5 -2 0 0 452
10 9 56 1.5 -2 0 0 722
10 9 57 1.5 -2 0 0 429
10 9 58 1.5 -2 0 0 496
10 9 59 1.5 -2 0 0 550
10 9 60 5.5 -2 0 0 741
10 9 61 1.5 -2 0 0 639
10 9 62 1.5 -2 0 0 733
10 9 63 1.5 -2 0 0 258
10 10 0 1.5 -2 0 0 1514
10 10 1 6.23259 0.372298 0.237739 0.542891 1398
10 10 2 1.5 -2 0 0 1362
10 10 3 1.5 -2 0 0 1346
10 10 4 1.5 -2 0 0 1571
10 10 5 1.5 -2 0 0 1508
10 10 6 1.5 -2 0 0 1350
10 10 7 5.5 -2 0 0 1373
10 10 8 1.5 -2 0 0 1407
10 10 9 1.5 -2 0 0 1278
10 10 10 1.5 -2 0 0 1184
10 10 11 1.5 -2 0 0 1669
10 10 12 1.5 -2 0 0 1425
10 10 13 5.5 -2 0 0 1418
10 10 14 5.5 -2 0 0 1682
10 10 15 1.5 -2 0 0 1496
10 10 16 1.5 -2 0 0 1281
10 10 17 1.5 -2 0 0 1686
10 10 18 1.5 -2 0 0 1494
10 10 19 1.5 -2 0 0 1543
10 10 20 1.5 -2 0 0 1636
10 10 21 5.5 -2 0 0 1247
10 10 22 5.5 -2 0 0 1288
10 10 23 1.5 -2 0 0 1846
10 10 24 5.5 -2 0 0 1409
10 10 25 1.5 -2 0 0 1676
10 10 26 5.5 -2 0 0 1808
10 10 27 1.5 -2 0 0 1645
10 10 28 5.5 -2 0 0 1649
10 10 29 1.5 -2 0 0 1792
10 10 30 5.5 -2 0 0 1507
10 10 31 4.60424 0.40957 0.251336 0.196874 1850
10 10 32 1.5 -2 0 0 1758
10 10 33 1.5 -2 0 0 1807
10 10 34 4.8708 0.306686 0.268915 0.490917 2053
10 10 35 1.5 -2 0 0 2121
10 10 36 5.5 -2 0 0 1574
10 10 37 1.5 -2 0 0 1928
10 10 38 1.5 -2 0 0 2565
10 10 39 1.5 -2 0 0 3349
10 10 40 1.5 -2 0 0 1456
10 10 41 1.5 -2 0 0 2080
10 10 42 1.5 -2 0 0 2209
10 10 43 4.78443 0.42582 0.294762 0.185236 2167
10 10 44 5.5 -2 0 0 2367
10 10 45 1.5 -2 0 0 2085
10 10 46 4.60946 0.396783 0.334409 0.0795861 2357
10 10 47 0 -10 0 0 0
10 10 48 1.5 -2 0 0 2226
10 10 49 1.5 -2 0 0 2318
10 10 50 5.5 -2 0 0 2449
10 10 51 5.5 -2 0 0 3728
10 10 52 1.5 -2 0 0 2454
10 10 53 1.5 -2 0 0 3136
10 10 54 5.5 -2 0 0 2486
10 10 55 1.5 -2 0 0 2869
10 10 56 1.5 -2 0 0 3452
10 10 57 1.5 -2 0 0 3382
10 10 58 1.5 -2 0 0 2682
10 10 59 1.5 -2 0 0 2673
10 10 60 1.5 -2 0 0 3067
10 10 61 1.5 -2 0 0 3912
10 10 62 1.5 -2 0 0 3175
10 10 63 1.5 -2 0 0 2676
10 11 0 1.5 -2 0 0 3749
10 11 1 5.97943 0.386562 0.340077 0.318383 2803
10 11 2 1.5 -2 0 0 3262
10 11 3 5.5 -2 0 0 2358
10 11 4 1.5 -2 0 0 1969
10 11 5 5.5 -2 0 0 2438
10 11 6 5.5 -2 0 0 3303
10 11 7 1.5 -2 0 0 2259
10 11 8 1.5 -2 0 0 2581
10 11 9 1.5 -2 0 0 2339
10 11 10 6.08997 0.564903 0.267018 0.551968 2075
10 11 11 5.5 -2 0 0 2307
10 11 12 1.5 -2 0 0 2611
10 11 13 1.5 -2 0 0 2010
10 11 14 1.5 -2 0 0 3020
10 11 15 1.5 -2 0 0 2184
10 11 16 5.5 -2 0 0 2835
10 11 17 1.5 -2 0 0 2485
10 11 18 5.5 -2 0 0 2234
10 11 19 1.5 -2 0 0 1890
10 11 20 1.5 -2 0 0 1893
10 11 21 1.5 -2 0 0 2171
10 11 22 5.5 -2 0 0 2037
10 11 23 5.5 -2 0 0 1872
10 11 24 5.5 -2 0 0 2610
10 11 25 5.5 -2 0 0 1606
10 11 26 5.5 -2 0 0 2715
10 11 27 5.5 -2 0 0 1805
10 11 28 5.5 -2 0 0 1734
10 11 29 1.5 -2 0 0 2171
10 11 30 5.5 -2 0 0 1705
10 11 31 5.5 -2 0 0 1591
10 11 32 5.5 -2 0 0 1517
10 11 33 5.5 -2 0 0 1278
10 11 34 1.5 -2 0 0 2343
10 11 35 5.5 -2 0 0 1338
10 11 36 5.5 -2 0 0 1376
10 11 37 5.5 -2 0 0 1280
10 11 38 1.5 -2 0 0 1234
10 11 39 5.5 -2 0 0 1157
10 11 40 8.17709 0.418367 0.168953 0.511228 1523
10 11 41 1.5 -2 0 0 1424
10 11 42 5.5 -2 0 0 1512
10 11 43 1.5 -2 0 0 1799
10 11 44 5.5 -2 0 0 1235
10 11 45 5.68994 0.23433 0.12262 0.304843 1260
10 11 46 5.5 -2 0 0 1997
10 11 47 5.18675 0.42425 0.217101 0.360794 1042
10 11 48 5.5 -2 0 0 1464
10 11 49 8.72729 0.448188 0.255032 0.638082 1585
10 11 50 5.5 -2 0 0 1319
10 11 51 1.5 -2 0 0 1274
10 11 52 5.5 -2 0 0 1683
10 11 53 5.5 -2 0 0 1123
10 11 54 1.5 -2 0 0 1190
10 11 55 4.87741 0.445242 0.266609 0.203723 1455
10 11 56 1.5 -2 0 0 1206
10 11 57 5.5 -2 0 0 1218
10 11 58 1.5 -2 0 0 1312
10 11 59 5.5 -2 0 0 1805
10 11 60 5.5 -2 0 0 1192
10 11 61 1.5 -2 0 0 1390
10 11 62 1.5 -2 0 0 1686
10 11 63 1.5 -2 0 0 1325
10 12 0 5.5 -2 0 0 4446
10 12 1 1.5 -2 0 0 3733
10 12 2 1.5 -2 0 0 3849
10 12 3 1.5 -2 0 0 3324
10 12 4 1.5 -2 0 0 3783
10 12 5 1.5 -2 0 0 3762
10 12 6 1.5 -2 0 0 3766
10 12 7 1.5 -2 0 0 2959
10 12 8 1.5 -2 0 0 3721
10 12 9 1.5 -2 0 0 3349
10 12 10 1.5 -2 0 0 3080
10 12 11 1.5 -2 0 0 3803
10 12 12 1.5 -2 0 0 3375
10 12 13 5.5 -2 0 0 3197
10 12 14 1.5 -2 0 0 4141
10 12 15 1.5 -2 0 0 3463
10 12 16 1.5 -2 0 0 3239
10 12 17 1.5 -2 0 0 4102
10 12 18 1.5 -2 0 0 3635
10 12 19 1.5 -2 0 0 3540
10 12 20 1.5 -2 0 0 4324
10 12 21 5.5 -2 0 0 3453
10 12 22 1.5 -2 0 0 2989
10 12 23 1.5 -2 0 0 4154
10 12 24 5.5 -2 0 0 3990
10 12 25 5.5 -2 0 0 3639
10 12 26 5.5 -2 0 0 4679
10 12 27 1.5 -2 0 0 3663
10 12 28 1.5 -2 0 0 3567
10 12 29 5.5 -2 0 0 4390
10 12 30 5.5 -2 0 0 4113
10 12 31 1.5 -2 0 0 3701
10 12 32 5.5 -2 0 0 3793
10 12 33 1.5 -2 0 0 4101
10 12 34 1.5 -2 0 0 4738
10 12 35 5.5 -2 0 0 4061
10 12 36 1.5 -2 0 0 4034
10 12 37 5.5 -2 0 0 4676
10 12 38 5.5 -2 0 0 4242
10 12 39 5.34267 0.517162 0.231127 0.160624 4772
10 12 40 5.5 -2 0 0 4353
10 12 41 1.5 -2 0 0 3990
10 12 42 1.5 -2 0 0 4390
10 12 43 5.5 -2 0 0 4859
10 12 44 9.5 -2 0 0 3997
10 12 45 1.5 -2 0 0 4116
10 12 46 5.5 -2 0 0 5265
10 12 47 1.5 -2 0 0 4245
10 12 48 1.5 -2 0 0 4743
10 12 49 1.5 -2 0 0 4649
10 12 50 5.5 -2 0 0 4197
10 12 51 5.5 -2 0 0 5518
10 12 52 5.5 -2 0 0 5261
10 12 53 1.5 -2 0 0 4239
10 12 54 5.5 -2 0 0 4681
10 12 55 1.5 -2 0 0 5044
10 12 56 5.5 -2 0 0 4977
10 12 57 1.5 -2 0 0 5150
10 12 58 1.5 -2 0 0 4631
10 12 59 1.5 -2 0 0 5326
10 12 60 5.5 -2 0 0 4430
10 12 61 1.5 -2 0 0 6041
10 12 62 5.5 -2 0 0 5603
10 12 63 1.5 -2 0 0 4947
10 13 0 1.5 -2 0 0 6097
10 13 1 5.5 -2 0 0 5464
10 13 2 1.5 -2 0 0 5196
10 13 3 1.5 -2 0 0 4224
10 13 4 5.5 -2 0 0 4649
10 13 5 1.5 -2 0 0 4757
10 13 6 1.5 -2 0 0 4990
10 13 7 1.5 -2 0 0 3855
10 13 8 1.5 -2 0 0 5148
10 13 9 5.5 -2 0 0 4434
10 13 10 1.5 -2 0 0 4111
10 13 11 1.5 -2 0 0 4700
10 13 12 1.5 -2 0 0 4390
10 13 13 1.5 -2 0 0 3710
10 13 14 5.5 -2 0 0 5550
10 13 15 1.5 -2 0 0 3992
10 13 16 5.10564 0.306 0.33403 0.555725 4047
10 13 17 1.5 -2 0 0 5024
10 13 18 1.5 -2 0 0 4264
10 13 19 5.5 -2 0 0 3785
10 13 20 1.5 -2 0 0 4504
10 13 21 4.58496 0.379666 0.374009 0.12331 4650
10 13 22 5.5 -2 0 0 3925
10 13 23 5.5 -2 0 0 4572
10 13 24 5.5 -2 0 0 5143
10 13 25 1.5 -2 0 0 3605
10 13 26 1.5 -2 0 0 5394
10 13 27 5.5 -2 0 0 3875
10 13 28 1.5 -2 0 0 3627
10 13 29 5.5 -2 0 0 4779
10 13 30 1.5 -2 0 0 4250
10 13 31 5.5 -2 0 0 3553
10 13 32 5.5 -2 0 0 3406
10 13 33 5.5 -2 0 0 3652
10 13 34 5.5 -2 0 0 5282
10 13 35 1.5 -2 0 0 3335
10 13 36 1.5 -2 0 0 4052
10 13 37 1.5 -2 0 0 4267
10 13 38 1.5 -2 0 0 3057
10 13 39 1.5 -2 0 0 3263
10 13 40 1.5 -2 0 0 4248
10 13 41 5.5 -2 0 0 3170
10 13 42 1.5 -2 0 0 3908
10 13 43 1.5 -2 0 0 4549
10 13 44 5.67101 0.296675 0.290167 1.12405 2914
10 13 45 1.5 -2 0 0 3534
10 13 46 5.5 -2 0 0 4925
10 13 47 1.5 -2 0 0 3002
10 13 48 4.72352 0.401889 0.129488 0.266587 3529
10 13 49 1.5 -2 0 0 4090
10 13 50 1.5 -2 0 0 3282
10 13 51 1.5 -2 0 0 4028
10 13 52 1.5 -2 0 0 4227
10 13 53 1.5 -2 0 0 2872
10 13 54 5.5 -2 0 0 3569
10 13 55 1.5 -2 0 0 3845
10 13 56 5.5 -2 0 0 3616
10 13 57 1.5 -2 0 0 3179
10 13 58 1.5 -2 0 0 3656
10 13 59 5.5 -2 0 0 4574
10 13 60 1.5 -2 0 0 3179
10 13 61 1.5 -2 0 0 4408
10 13 62 1.5 -2 0 0 4248
10 13 63 5.5 -2 0 0 3780
10 14 0 5.5 -2 0 0 5487
10 14 1 1.5 -2 0 0 5230
10 14 2 1.5 -2 0 0 4989
10 14 3 5.5 -2 0 0 3906
10 14 4 1.5 -2 0 0 4126
10 14 5 1.5 -2 0 0 4491
10 14 6 5.5 -2 0 0 4517
10 14 7 5.5 -2 0 0 3737
10 14 8 1.5 -2 0 0 4408
10 14 9 1.5 -2 0 0 4313
10 14 10 5.5 -2 0 0 4129
10 14 11 1.5 -2 0 0 4042
10 14 12 1.5 -2 0 0 4085
10 14 13 1.5 -2 0 0 3193
10 14 14 1.5 -2 0 0 5178
10 14 15 1.5 -2 0 0 3539
10 14 16 1.5 -2 0 0 4035
10 14 17 1.5 -2 0 0 4250
10 14 18 5.5 -2 0 0 3592
10 14 19 1.5 -2 0 0 3325
10 14 20 1.5 -2 0 0 3595
10 14 21 5.5 -2 0 0 4397
10 14 22 5.5 -2 0 0 3523
10 14 23 5.5 -2 0 0 3895
10 14 24 1.5 -2 0 0 4614
10 14 25 5.5 -2 0 0 3222
10 14 26 1.5 -2 0 0 4586
10 14 27 5.5 -2 0 0 3265
10 14 28 1.5 -2 0 0 3112
10 14 29 1.5 -2 0 0 4074
10 14 30 5.5 -2 0 0 3363
10 14 31 1.5 -2 0 0 2797
10 14 32 1.5 -2 0 0 2860
10 14 33 5.5 -2 0 0 3010
10 14 34 1.5 -2 0 0 4359
10 14 35 1.5 -2 0 0 2993
10 14 36 5.5 -2 0 0 3026
10 14 37 5.5 -2 0 0 3550
10 14 38 1.5 -2 0 0 2373
10 14 39 1.5 -2 0 0 2319
10 14 40 5.5 -2 0 0 3292
10 14 41 5.5 -2 0 0 2513
10 14 42 1.5 -2 0 0 2908
10 14 43 1.5 -2 0 0 3588
10 14 44 1.5 -2 0 0 2255
10 14 45 0 -10 0 0 0
10 14 46 5.5 -2 0 0 3986
10 14 47 1.5 -2 0 0 2277
10 14 48 1.5 -2 0 0 2813
10 14 49 5.5 -2 0 0 2995
10 14 50 5.5 -2 0 0 2519
10 14 51 5.5 -2 0 0 2618
10 14 52 1.5 -2 0 0 3345
10 14 53 5.5 -2 0 0 2264
10 14 54 1.5 -2 0 0 2549
10 14 55 1.5 -2 0 0 2838
10 14 56 1.5 -2 0 0 2509
10 14 57 1.5 -2 0 0 2680
10 14 58 1.5 -2 0 0 2600
10 14 59 1.5 -2 0 0 3623
10 14 60 1.5 -2 0 0 2138
10 14 61 5.5 -2 0 0 2872
10 14 62 1.5 -2 0 0 3003
10 14 63 1.5 -2 0 0 2711
10 15 0 1.5 -2 0 0 2913
10 15 1 1.5 -2 0 0 2519
10 15 2 1.5 -2 0 0 2671
10 15 3 1.5 -2 0 0 2263
10 15 4 5.5 -2 0 0 2938
10 15 5 1.5 -2 0 0 2657
10 15 6 1.5 -2 0 0 2446
10 15 7 1.5 -2 0 0 2173
10 15 8 1.5 -2 0 0 2681
10 15 9 5.21782 0.386771 0.29052 0.662831 2366
10 15 10 6.21171 0.361048 0.187415 1.01857 2044
10 15 11 1.5 -2 0 0 3060
10 15 12 1.5 -2 0 0 2397
10 15 13 5.5 -2 0 0 2432
10 15 14 1.5 -2 0 0 3132
10 15 15 1.5 -2 0 0 2728
10 15 16 5.5 -2 0 0 1908
10 15 17 1.5 -2 0 0 3287
10 15 18 1.5 -2 0 0 2797
10 15 19 1.5 -2 0 0 2531
10 15 20 1.5 -2 0 0 3245
10 15 21 1.5 -2 0 0 2346
10 15 22 5.5 -2 0 0 2102
10 15 23 1.5 -2 0 0 3345
10 15 24 4.71684 0.210041 0.125113 0.709122 2837
10 15 25 1.5 -2 0 0 2071
10 15 26 1.5 -2 0 0 3437
10 15 27 4.95529 0.235119 0.135379 0.389536 2981
10 15 28 5.5 -2 0 0 2632
10 15 29 1.5 -2 0 0 3538
10 15 30 5.5 -2 0 0 3034
10 15 31 1.5 -2 0 0 2693
10 15 32 5.5 -2 0 0 2911
10 15 33 5.5 -2 0 0 3172
10 15 34 5.5 -2 0 0 3942
10 15 35 1.5 -2 0 0 3137
10 15 36 1.5 -2 0 0 3371
10 15 37 1.5 -2 0 0 3709
10 15 38 1.5 -2 0 0 3428
10 15 39 5.5 -2 0 0 4564
10 15 40 1.5 -2 0 0 3702
10 15 41 1.5 -2 0 0 3215
10 15 42 1.5 -2 0 0 3857
10 15 43 5.5 -2 0 0 3991
10 15 44 1.5 -2 0 0 3542
10 15 45 1.5 -2 0 0 3588
10 15 46 1.5 -2 0 0 4174
10 15 47 5.5 -2 0 0 3856
10 15 48 1.5 -2 0 0 3687
10 15 49 1.5 -2 0 0 4167
10 15 50 1.5 -2 0 0 3871
10 15 51 1.5 -2 0 0 5101
10 15 52 1.5 -2 0 0 4354
10 15 53 1.5 -2 0 0 4031
10 15 54 1.5 -2 0 0 3961
10 15 55 5.5 -2 0 0 4627
10 15 56 1.5 -2 0 0 4743
10 15 57 1.5 -2 0 0 4978
10 15 58 5.5 -2 0 0 4404
10 15 59 5.5 -2 0 0 4486
10 15 60 1.5 -2 0 0 4045
10 15 61 1.5 -2 0 0 5565
10 15 62 1.5 -2 0 0 4918
10 15 63 1.5 -2 0 0 4469
11 0 0 5.5 -2 0 0 556
11 0 1 5.5 -2 0 0 494
11 0 2 1.5 -2 0 0 452
11 0 3 1.5 -2 0 0 452
11 0 4 5.5 -2 0 0 480
11 0 5 1.5 -2 0 0 416
11 0 6 5.5 -2 0 0 425
11 0 7 1.5 -2 0 0 495
11 0 8 5.5 -2 0 0 500
11 0 9 5.5 -2 0 0 444
11 0 10 5.5 -2 0 0 460
11 0 11 5.5 -2 0 0 495
11 0 12 5.5 -2 0 0 484
11 0 13 5.5 -2 0 0 436
11 0 14 1.5 -2 0 0 564
11 0 15 5.5 -2 0 0 483
11 0 16 5.5 -2 0 0 442
11 0 17 5.5 -2 0 0 536
11 0 18 1.5 -2 0 0 457
11 0 19 1.5 -2 0 0 459
11 0 20 5.5 -2 0 0 507
11 0 21 5.5 -2 0 0 431
11 0 22 1.5 -2 0 0 406
11 0 23 5.5 -2 0 0 575
11 0 24 5.5 -2 0 0 553
11 0 25 1.5 -2 0 0 520
11 0 26 5.5 -2 0 0 584
11 0 27 5.5 -2 0 0 439
11 0 28 5.5 -2 0 0 490
11 0 29 5.5 -2 0 0 542
11 0 30 1.5 -2 0 0 505
11 0 31 5.5 -2 0 0 500
11 0 32 5.5 -2 0 0 506
11 0 33 6.22733 0.50861 0.267248 0.416226 511
11 0 34 5.52576 0.401107 0.331634 0.45786 647
11 0 35 5.5 -2 0 0 499
11 0 36 6.55705 0.45571 0.136476 0.212294 506
11 0 37 5.5 -2 0 0 645
11 0 38 5.5 -2 0 0 567
11 0 39 5.5 -2 0 0 638
11 0 40 5.5 -2 0 0 528
11 0 41 1.5 -2 0 0 514
11 0 42 1.5 -2 0 0 554
11 0 43 1.5 -2 0 0 575
11 0 44 5.5 -2 0 0 500
11 0 45 1.5 -2 0 0 518
11 0 46 4.96041 0.449623 0.303697 0.25924 639
11 0 47 5.5 -2 0 0 657
11 0 48 5.5 -2 0 0 501
11 0 49 1.5 -2 0 0 587
11 0 50 5.5 -2 0 0 564
11 0 51 5.5 -2 0 0 789
11 0 52 1.5 -2 0 0 584
11 0 53 1.5 -2 0 0 576
11 0 54 1.5 -2 0 0 589
11 0 55 1.5 -2 0 0 627
11 0 56 5.5 -2 0 0 626
11 0 57 1.5 -2 0 0 686
11 0 58 1.5 -2 0 0 598
11 0 59 1.5 -2 0 0 702
11 0 60 5.5 -2 0 0 555
11 0 61 5.5 -2 0 0 827
11 0 62 1.5 -2 0 0 776
11 0 63 5.5 -2 0 0 631
11 1 0 1.5 -2 0 0 614
11 1 1 5.5 -2 0 0 590
11 1 2 5.5 -2 0 0 772
11 1 3 5.82436 0.492303 0.226583 0.348619 669
11 1 4 1.5 -2 0 0 664
11 1 5 1.5 -2 0 0 709
11 1 6 5.5 -2 0 0 794
11 1 7 1.5 -2 0 0 960
11 1 8 1.5 -2 0 0 503
11 1 9 5.5 -2 0 0 827
11 1 10 1.5 -2 0 0 670
11 1 11 5.5 -2 0 0 614
11 1 12 5.5 -2 0 0 530
11 1 13 1.5 -2 0 0 571
11 1 14 9.5 -2 0 0 715
11 1 15 5.5 -2 0 0 635
11 1 16 5.5 -2 0 0 979
11 1 17 5.5 -2 0 0 592
11 1 18 5.5 -2 0 0 650
11 1 19 5.5 -2 0 0 601
11 1 20 5.5 -2 0 0 640
11 1 21 5.5 -2 0 0 835
11 1 22 5.5 -2 0 0 579
11 1 23 5.5 -2 0 0 460
11 1 24 1.5 -2 0 0 651
11 1 25 5.5 -2 0 0 501
11 1 26 5.5 -2 0 0 635
11 1 27 1.5 -2 0 0 658
11 1 28 5.5 -2 0 0 648
11 1 29 5.5 -2 0 0 587
11 1 30 6.29166 0.40477 0.220924 0.286274 643
11 1 31 5.5 -2 0 0 543
11 1 32 1.5 -2 0 0 676
11 1 33 1.5 -2 0 0 457
11 1 34 4.72517 0.203384 0.1 0.455427 575
11 1 35 5.5 -2 0 0 489
11 1 36 5.5 -2 0 0 626
11 1 37 1.5 -2 0 0 591
11 1 38 1.5 -2 0 0 411
11 1 39 5.5 -2 0 0 509
11 1 40 1.5 -2 0 0 411
11 1 41 5.5 -2 0 0 603
11 1 42 5.5 -2 0 0 547
11 1 43 1.5 -2 0 0 578
11 1 44 5.5 -2 0 0 584
11 1 45 5.5 -2 0 0 594
11 1 46 5.5 -2 0 0 620
11 1 47 5.5 -2 0 0 662
11 1 48 5.5 -2 0 0 544
11 1 49 1.5 -2 0 0 474
11 1 50 1.5 -2 0 0 460
11 1 51 5.5 -2 0 0 385
11 1 52 4.94468 0.438515 0.124996 0.105729 420
11 1 53 5.5 -2 0 0 435
11 1 54 1.5 -2 0 0 451
11 1 55 1.5 -2 0 0 495
11 1 56 1.5 -2 0 0 508
11 1 57 1.5 -2 0 0 519
11 1 58 1.5 -2 0 0 510
11 1 59 5.58476 0.320908 0.1 0.298715 434
11 1 60 5.5 -2 0 0 583
11 1 61 5.5 -2 0 0 473
11 1 62 5.5 -2 0 0 432
11 1 63 1.5 -2 0 0 546
11 2 0 1.5 -2 0 0 756
11 2 1 1.5 -2 0 0 700
11 2 2 1.5 -2 0 0 696
11 2 3 5.5 -2 0 0 623
11 2 4 1.5 -2 0 0 641
11 2 5 1.5 -2 0 0 725
11 2 6 1.5 -2 0 0 673
11 2 7 1.5 -2 0 0 376
11 2 8 1.5 -2 0 0 689
11 2 9 5.5 -2 0 0 627
11 2 10 1.5 -2 0 0 549
11 2 11 5.5 -2 0 0 684
11 2 12 1.5 -2 0 0 615
11 2 13 1.5 -2 0 0 534
11 2 14 1.5 -2 0 0 827
11 2 15 1.5 -2 0 0 667
11 2 16 1.5 -2 0 0 612
11 2 17 5.5 -2 0 0 819
11 2 18 1.5 -2 0 0 643
11 2 19 1.5 -2 0 0 540
11 2 20 1.5 -2 0 0 704
11 2 21 1.5 -2 0 0 672
11 2 22 1.5 -2 0 0 587
11 2 23 1.5 -2 0 0 729
11 2 24 1.5 -2 0 0 734
11 2 25 5.5 -2 0 0 227
11 2 26 1.5 -2 0 0 807
11 2 27 1.5 -2 0 0 670
11 2 28 1.5 -2 0 0 632
11 2 29 1.5 -2 0 0 720
11 2 30 5.5 -2 0 0 694
11 2 31 1.5 -2 0 0 673
11 2 32 1.5 -2 0 0 645
11 2 33 5.5 -2 0 0 507
11 2 34 1.5 -2 0 0 908
11 2 35 5.5 -2 0 0 643
11 2 36 1.5 -2 0 0 679
11 2 37 1.5 -2 0 0 730
11 2 38 5.5 -2 0 0 702
11 2 39 1.5 -2 0 0 900
11 2 40 5.5 -2 0 0 737
11 2 41 1.5 -2 0 0 551
11 2 42 1.5 -2 0 0 773
11 2 43 5.5 -2 0 0 919
11 2 44 1.5 -2 0 0 696
11 2 45 5.5 -2 0 0 699
11 2 46 5.5 -2 0 0 922
11 2 47 1.5 -2 0 0 862
11 2 48 1.5 -2 0 0 778
11 2 49 5.5 -2 0 0 853
11 2 50 1.5 -2 0 0 606
11 2 51 0 -10 0 0 0
11 2 52 1.5 -2 0 0 916
11 2 53 1.5 -2 0 0 841
11 2 54 1.5 -2 0 0 747
11 2 55 1.5 -2 0 0 1001
11 2 56 0 -10 0 0 0
11 2 57 1.5 -2 0 0 1100
11 2 58 1.5 -2 0 0 832
11 2 59 1.5 -2 0 0 1071
11 2 60 1.5 -2 0 0 836
11 2 61 0 -10 0 0 0
11 2 62 1.5 -2 0 0 1051
11 2 63 1.5 -2 0 0 870
11 3 0 1.5 -2 0 0 1440
11 3 1 5.5 -2 0 0 1530
11 3 2 1.5 -2 0 0 1481
11 3 3 5.5 -2 0 0 1750
11 3 4 1.5 -2 0 0 1294
11 3 5 5.5 -2 0 0 1427
11 3 6 5.5 -2 0 0 1600
11 3 7 5.5 -2 0 0 2320
11 3 8 1.5 -2 0 0 1259
11 3 9 1.5 -2 0 0 2119
11 3 10 5.5 -2 0 0 2223
11 3 11 5.5 -2 0 0 1286
11 3 12 1.5 -2 0 0 1600
11 3 13 1.5 -2 0 0 1625
11 3 14 1.5 -2 0 0 1217
11 3 15 1.5 -2 0 0 1533
11 3 16 1.5 -2 0 0 2938
11 3 17 6.20628 0.380573 0.203848 0.579615 1138
11 3 18 1.5 -2 0 0 1411
11 3 19 5.5 -2 0 0 2119
11 3 20 5.5 -2 0 0 1146
11 3 21 5.5 -2 0 0 1908
11 3 22 1.5 -2 0 0 1878
11 3 23 8.50261 0.210901 0.100002 0.785792 1097
11 3 24 1.5 -2 0 0 1225
11 3 25 5.5 -2 0 0 1773
11 3 26 1.5 -2 0 0 1023
11 3 27 5.5 -2 0 0 1441
11 3 28 5.52884 0.360254 0.274641 0.741717 1274
11 3 29 5.5 -2 0 0 1114
11 3 30 5.5 -2 0 0 1262
11 3 31 5.5 -2 0 0 1677
11 3 32 5.5 -2 0 0 1349
11 3 33 5.5 -2 0 0 1281
11 3 34 5.5 -2 0 0 980
11 3 35 5.5 -2 0 0 1382
11 3 36 1.5 -2 0 0 1110
11 3 37 5.5 -2 0 0 1006
11 3 38 1.5 -2 0 0 1236
11 3 39 5.5 -2 0 0 904
11 3 40 5.5 -2 0 0 994
11 3 41 9.5 -2 0 0 1217
11 3 42 5.5 -2 0 0 965
11 3 43 5.5 -2 0 0 850
11 3 44 5.5 -2 0 0 1023
11 3 45 5.5 -2 0 0 1112
11 3 46 4.63769 0.433841 0.439868 0.393053 923
11 3 47 1.5 -2 0 0 1141
11 3 48 5.5 -2 0 0 1084
11 3 49 1.5 -2 0 0 882
11 3 50 4.6781 0.15167 0.1 0.519206 1076
11 3 51 5.5 -2 0 0 752
11 3 52 5.5 -2 0 0 856
11 3 53 1.5 -2 0 0 1035
11 3 54 5.5 -2 0 0 955
11 3 55 4.68471 0.375688 0.26032 0.285227 833
11 3 56 1.5 -2 0 0 876
11 3 57 1.5 -2 0 0 806
11 3 58 5.5 -2 0 0 913
11 3 59 1.5 -2 0 0 869
11 3 60 5.5 -2 0 0 966
11 3 61 1.5 -2 0 0 842
11 3 62 1.5 -2 0 0 716
11 3 63 9.5 -2 0 0 863
11 4 0 5.5 -2 0 0 1425
11 4 1 1.5 -2 0 0 1133
11 4 2 5.5 -2 0 0 965
11 4 3 5.5 -2 0 0 754
11 4 4 1.5 -2 0 0 888
11 4 5 1.5 -2 0 0 853
11 4 6 1.5 -2 0 0 939
11 4 7 1.5 -2 0 0 783
11 4 8 1.5 -2 0 0 966
11 4 9 1.5 -2 0 0 877
11 4 10 5.5 -2 0 0 829
11 4 11 1.5 -2 0 0 1040
11 4 12 5.5 -2 0 0 863
11 4 13 1.5 -2 0 0 650
11 4 14 1.5 -2 0 0 1420
11 4 15 1.5 -2 0 0 749
11 4 16 5.5 -2 0 0 700
11 4 17 1.5 -2 0 0 1255
11 4 18 5.5 -2 0 0 869
11 4 19 1.5 -2 0 0 774
11 4 20 1.5 -2 0 0 890
11 4 21 1.5 -2 0 0 913
11 4 22 5.5 -2 0 0 702
11 4 23 5.5 -2 0 0 1054
11 4 24 5.5 -2 0 0 1006
11 4 25 1.5 -2 0 0 689
11 4 26 1.5 -2 0 0 1433
11 4 27 1.5 -2 0 0 726
11 4 28 5.5 -2 0 0 565
11 4 29 1.5 -2 0 0 1253
11 4 30 4.79958 0.440555 0.23774 0.327455 754
11 4 31 1.5 -2 0 0 798
11 4 32 5.5 -2 0 0 779
11 4 33 5.5 -2 0 0 803
11 4 34 1.5 -2 0 0 1459
11 4 35 1.5 -2 0 0 833
11 4 36 1.5 -2 0 0 864
11 4 37 5.5 -2 0 0 1055
11 4 38 5.5 -2 0 0 711
11 4 39 5.5 -2 0 0 968
11 4 40 5.5 -2 0 0 877
11 4 41 5.5 -2 0 0 827
11 4 42 1.5 -2 0 0 911
11 4 43 5.5 -2 0 0 1250
11 4 44 5.5 -2 0 0 798
11 4 45 1.5 -2 0 0 820
11 4 46 5.5 -2 0 0 1522
11 4 47 1.5 -2 0 0 888
11 4 48 5.5 -2 0 0 910
11 4 49 1.5 -2 0 0 1113
11 4 50 1.5 -2 0 0 858
11 4 51 1.5 -2 0 0 1242
11 4 52 1.5 -2 0 0 1287
11 4 53 5.5 -2 0 0 861
11 4 54 1.5 -2 0 0 946
11 4 55 1.5 -2 0 0 1246
11 4 56 1.5 -2 0 0 1039
11 4 57 1.5 -2 0 0 1203
11 4 58 5.5 -2 0 0 995
11 4 59 1.5 -2 0 0 1494
11 4 60 1.5 -2 0 0 870
11 4 61 1.5 -2 0 0 1563
11 4 62 1.5 -2 0 0 1464
11 4 63 1.5 -2 0 0 1122
11 5 0 1.5 -2 0 0 1698
11 5 1 1.5 -2 0 0 1741
11 5 2 1.5 -2 0 0 2168
11 5 3 1.5 -2 0 0 2673
11 5 4 1.5 -2 0 0 2087
11 5 5 1.5 -2 0 0 2244
11 5 6 1.5 -2 0 0 2403
11 5 7 5.85064 0.546865 0.258194 0.793838 4023
11 5 8 5.5 -2 0 0 1944
11 5 9 5.95677 0.388708 0.24059 0.563283 2989
11 5 10 5.5 -2 0 0 3519
11 5 11 1.5 -2 0 0 1964
11 5 12 1.5 -2 0 0 2561
11 5 13 1.5 -2 0 0 3120
11 5 14 5.5 -2 0 0 1637
11 5 15 1.5 -2 0 0 2697
11 5 16 1.5 -2 0 0 3712
11 5 17 1.5 -2 0 0 1739
11 5 18 5.5 -2 0 0 2451
11 5 19 5.5 -2 0 0 3925
11 5 20 5.5 -2 0 0 2102
11 5 21 5.5 -2 0 0 2642
11 5 22 5.5 -2 0 0 3094
11 5 23 5.5 -2 0 0 1822
11 5 24 4.65122 0.45859 0.220113 0.242645 1811
11 5 25 5.5 -2 0 0 3431
11 5 26 5.5 -2 0 0 1571
11 5 27 1.5 -2 0 0 2452
11 5 28 1.5 -2 0 0 2902
11 5 29 1.5 -2 0 0 1655
11 5 30 1.5 -2 0 0 2393
11 5 31 1.5 -2 0 0 3459
11 5 32 1.5 -2 0 0 2810
11 5 33 1.5 -2 0 0 2520
11 5 34 1.5 -2 0 0 1576
11 5 35 1.5 -2 0 0 2887
11 5 36 1.5 -2 0 0 2453
11 5 37 1.5 -2 0 0 1859
11 5 38 1.5 -2 0 0 3253
11 5 39 1.5 -2 0 0 2058
11 5 40 5.5 -2 0 0 2035
11 5 41 5.5 -2 0 0 2667
11 5 42 1.5 -2 0 0 1777
11 5 43 5.5 -2 0 0 1634
11 5 44 1.5 -2 0 0 2154
11 5 45 1.5 -2 0 0 2046
11 5 46 1.5 -2 0 0 1547
11 5 47 1.5 -2 0 0 2893
11 5 48 1.5 -2 0 0 2074
11 5 49 1.5 -2 0 0 1511
11 5 50 5.5 -2 0 0 2288
11 5 51 1.5 -2 0 0 1558
11 5 52 1.5 -2 0 0 1495
11 5 53 1.5 -2 0 0 2590
11 5 54 1.5 -2 0 0 1913
11 5 55 1.5 -2 0 0 1475
11 5 56 1.5 -2 0 0 1775
11 5 57 1.5 -2 0 0 1758
11 5 58 1.5 -2 0 0 1789
11 5 59 5.5 -2 0 0 1508
11 5 60 1.5 -2 0 0 2259
11 5 61 1.5 -2 0 0 1509
11 5 62 1.5 -2 0 0 1752
11 5 63 1.5 -2 0 0 1534
11 6 0 1.5 -2 0 0 1627
11 6 1 1.5 -2 0 0 1354
11 6 2 1.5 -2 0 0 1178
11 6 3 5.5 -2 0 0 865
11 6 4 5.5 -2 0 0 848
11 6 5 1.5 -2 0 0 941
11 6 6 1.5 -2 0 0 1010
11 6 7 5.5 -2 0 0 434
11 6 8 5.5 -2 0 0 1089
11 6 9 5.5 -2 0 0 929
11 6 10 5.5 -2 0 0 625
11 6 11 5.5 -2 0 0 1038
11 6 12 1.5 -2 0 0 881
11 6 13 5.40009 0.380847 0.177608 0.278915 694
11 6 14 5.5 -2 0 0 1510
11 6 15 1.5 -2 0 0 733
11 6 16 5.5 -2 0 0 840
11 6 17 1.5 -2 0 0 1198
11 6 18 1.5 -2 0 0 741
11 6 19 1.5 -2 0 0 757
11 6 20 1.5 -2 0 0 873
11 6 21 5.5 -2 0 0 930
11 6 22 1.5 -2 0 0 779
11 6 23 5.5 -2 0 0 880
11 6 24 5.5 -2 0 0 1264
11 6 25 6.07448 0.23424 0.1 0.563013 679
11 6 26 5.5 -2 0 0 1374
11 6 27 5.5 -2 0 0 830
11 6 28 1.5 -2 0 0 575
11 6 29 5.5 -2 0 0 1102
11 6 30 5.96956 0.452561 0.214017 0.291008 764
11 6 31 6.47741 0.241337 0.1 0.63166 648
11 6 32 5.5 -2 0 0 751
11 6 33 5.5 -2 0 0 761
11 6 34 5.5 -2 0 0 1322
11 6 35 1.5 -2 0 0 670
11 6 36 5.5 -2 0 0 718
11 6 37 1.5 -2 0 0 853
11 6 38 5.5 -2 0 0 616
11 6 39 1.5 -2 0 0 835
11 6 40 5.21482 0.484523 0.258411 0.298062 878
11 6 41 5.5 -2 0 0 579
11 6 42 5.5 -2 0 0 838
11 6 43 1.5 -2 0 0 1051
11 6 44 5.5 -2 0 0 684
11 6 45 1.5 -2 0 0 715
11 6 46 5.5 -2 0 0 1248
11 6 47 5.5 -2 0 0 709
11 6 48 5.5 -2 0 0 790
11 6 49 5.5 -2 0 0 830
11 6 50 1.5 -2 0 0 633
11 6 51 5.5 -2 0 0 1032
11 6 52 5.78447 0.421636 0.314149 0.37669 947
11 6 53 5.5 -2 0 0 632
11 6 54 1.5 -2 0 0 660
11 6 55 5.5 -2 0 0 902
11 6 56 1.5 -2 0 0 824
11 6 57 1.5 -2 0 0 782
11 6 58 4.81678 0.221617 0.1 0.106407 833
11 6 59 5.5 -2 0 0 1152
11 6 60 5.5 -2 0 0 724
11 6 61 1.5 -2 0 0 1166
11 6 62 1.5 -2 0 0 884
11 6 63 1.5 -2 0 0 849
11 7 0 1.5 -2 0 0 1218
11 7 1 1.5 -2 0 0 1230
11 7 2 5.5 -2 0 0 1371
11 7 3 1.5 -2 0 0 1866
11 7 4 1.5 -2 0 0 1564
11 7 5 1.5 -2 0 0 1520
11 7 6 1.5 -2 0 0 1034
11 7 7 5.5 -2 0 0 2216
11 7 8 1.5 -2 0 0 1335
11 7 9 9.5 -2 0 0 1834
11 7 10 5.5 -2 0 0 1737
11 7 11 5.5 -2 0 0 1363
11 7 12 1.5 -2 0 0 1413
11 7 13 5.15126 0.473068 0.287828 0.810527 1987
11 7 14 5.5 -2 0 0 1087
11 7 15 1.5 -2 0 0 1893
11 7 16 5.5 -2 0 0 2091
11 7 17 1.5 -2 0 0 1244
11 7 18 5.5 -2 0 0 1655
11 7 19 1.5 -2 0 0 2431
11 7 20 5.5 -2 0 0 1763
11 7 21 4.78849 0.317765 0.301657 0.518248 1489
11 7 22 1.5 -2 0 0 1624
11 7 23 5.5 -2 0 0 1587
11 7 24 5.5 -2 0 0 1111
11 7 25 1.5 -2 0 0 2757
11 7 26 5.5 -2 0 0 1309
11 7 27 1.5 -2 0 0 2135
11 7 28 1.5 -2 0 0 2375
11 7 29 1.5 -2 0 0 1380
11 7 30 1.5 -2 0 0 1953
11 7 31 5.5 -2 0 0 3348
11 7 32 1.5 -2 0 0 2220
11 7 33 1.5 -2 0 0 2199
11 7 34 5.5 -2 0 0 1309
11 7 35 5.5 -2 0 0 3493
11 7 36 1.5 -2 0 0 2098
11 7 37 5.5 -2 0 0 1688
11 7 38 1.5 -2 0 0 3597
11 7 39 5.5 -2 0 0 2556
11 7 40 1.5 -2 0 0 1697
11 7 41 1.5 -2 0 0 2478
11 7 42 5.5 -2 0 0 2001
11 7 43 1.5 -2 0 0 1528
11 7 44 1.5 -2 0 0 3184
11 7 45 5.5 -2 0 0 2447
11 7 46 9.5 -2 0 0 1425
11 7 47 1.5 -2 0 0 4118
11 7 48 5.5 -2 0 0 2267
11 7 49 1.5 -2 0 0 1837
11 7 50 5.5 -2 0 0 2317
11 7 51 5.89261 0.389129 0.265886 0.885408 1801
11 7 52 1.5 -2 0 0 1532
11 7 53 1.5 -2 0 0 3288
11 7 54 1.5 -2 0 0 2169
11 7 55 1.5 -2 0 0 1635
11 7 56 1.5 -2 0 0 2239
11 7 57 1.5 -2 0 0 2137
11 7 58 1.5 -2 0 0 2121
11 7 59 6.23354 0.433347 0.19555 0.337326 1486
11 7 60 5.63867 0.493957 0.626487 0.263633 2747
11 7 61 1.5 -2 0 0 1595
11 7 62 1.5 -2 0 0 1500
11 7 63 1.5 -2 0 0 1944
11 8 0 1.5 -2 0 0 791
11 8 1 1.5 -2 0 0 729
11 8 2 1.5 -2 0 0 700
11 8 3 1.5 -2 0 0 466
11 8 4 1.5 -2 0 0 543
11 8 5 1.5 -2 0 0 661
11 8 6 1.5 -2 0 0 718
11 8 7 1.5 -2 0 0 715
11 8 8 1.5 -2 0 0 667
11 8 9 5.5 -2 0 0 706
11 8 10 1.5 -2 0 0 677
11 8 11 1.5 -2 0 0 731
11 8 12 1.5 -2 0 0 524
11 8 13 1.5 -2 0 0 672
11 8 14 1.5 -2 0 0 630
11 8 15 1.5 -2 0 0 742
11 8 16 1.5 -2 0 0 680
11 8 17 5.5 -2 0 0 562
11 8 18 1.5 -2 0 0 523
11 8 19 1.5 -2 0 0 403
11 8 20 5.5 -2 0 0 765
11 8 21 5.07033 0.393145 0.398378 0.239294 699
11 8 22 5.5 -2 0 0 651
11 8 23 4.93661 0.450886 0.265183 0.208074 771
11 8 24 1.5 -2 0 0 746
11 8 25 5.5 -2 0 0 573
11 8 26 5.5 -2 0 0 882
11 8 27 1.5 -2 0 0 734
11 8 28 1.5 -2 0 0 678
11 8 29 1.5 -2 0 0 838
11 8 30 1.5 -2 0 0 756
11 8 31 5.5 -2 0 0 568
11 8 32 5.5 -2 0 0 682
11 8 33 5.5 -2 0 0 506
11 8 34 5.5 -2 0 0 868
11 8 35 1.5 -2 0 0 453
11 8 36 6.75348 0.530756 0.148073 0.219113 624
11 8 37 1.5 -2 0 0 516
11 8 38 5.5 -2 0 0 1034
11 8 39 5.5 -2 0 0 919
11 8 40 5.5 -2 0 0 710
11 8 41 1.5 -2 0 0 556
11 8 42 5.5 -2 0 0 495
11 8 43 5.5 -2 0 0 629
11 8 44 5.5 -2 0 0 656
11 8 45 1.5 -2 0 0 837
11 8 46 1.5 -2 0 0 913
11 8 47 1.5 -2 0 0 1135
11 8 48 1.5 -2 0 0 575
11 8 49 1.5 -2 0 0 978
11 8 50 1.5 -2 0 0 955
11 8 51 5.6281 0.405233 0.261609 0.197983 1023
11 8 52 5.5 -2 0 0 680
11 8 53 5.5 -2 0 0 407
11 8 54 1.5 -2 0 0 979
11 8 55 1.5 -2 0 0 882
11 8 56 1.5 -2 0 0 1073
11 8 57 1.5 -2 0 0 1018
11 8 58 5.5 -2 0 0 717
11 8 59 1.5 -2 0 0 1042
11 8 60 1.5 -2 0 0 1110
11 8 61 1.5 -2 0 0 972
11 8 62 1.5 -2 0 0 1007
11 8 63 1.5 -2 0 0 909
11 9 0 1.5 -2 0 0 1375
11 9 1 1.5 -2 0 0 1237
11 9 2 1.5 -2 0 0 1159
11 9 3 4.66878 0.408079 0.187093 0.0564861 937
11 9 4 1.5 -2 0 0 908
11 9 5 5.5 -2 0 0 1070
11 9 6 1.5 -2 0 0 1195
11 9 7 1.5 -2 0 0 1049
11 9 8 5.5 -2 0 0 1095
11 9 9 5.5 -2 0 0 1204
11 9 10 5.5 -2 0 0 1019
11 9 11 5.5 -2 0 0 948
11 9 12 5.5 -2 0 0 988
11 9 13 5.87832 0.433053 0.221483 0.506986 822
11 9 14 1.5 -2 0 0 1119
11 9 15 1.5 -2 0 0 818
11 9 16 6.68595 0.418443 0.359361 0.573014 902
11 9 17 5.48492 0.404694 0.254473 0.618999 983
11 9 18 5.5 -2 0 0 924
11 9 19 5.5 -2 0 0 843
11 9 20 5.5 -2 0 0 820
11 9 21 5.5 -2 0 0 1152
11 9 22 5.5 -2 0 0 958
11 9 23 5.5 -2 0 0 823
11 9 24 6.45298 0.431171 0.265596 0.351295 1111
11 9 25 1.5 -2 0 0 867
11 9 26 5.5 -2 0 0 1027
11 9 27 5.5 -2 0 0 947
11 9 28 1.5 -2 0 0 823
11 9 29 5.10384 0.407391 0.380231 0.261618 864
11 9 30 5.5 -2 0 0 808
11 9 31 5.5 -2 0 0 827
11 9 32 1.5 -2 0 0 736
11 9 33 5.5 -2 0 0 776
11 9 34 5.5 -2 0 0 936
11 9 35 1.5 -2 0 0 769
11 9 36 5.5 -2 0 0 742
11 9 37 5.5 -2 0 0 721
11 9 38 6.26428 0.380419 0.214103 0.52518 778
11 9 39 5.5 -2 0 0 706
11 9 40 5.5 -2 0 0 782
11 9 41 5.5 -2 0 0 697
11 9 42 5.40009 0.477029 0.230094 0.548951 731
11 9 43 1.5 -2 0 0 806
11 9 44 1.5 -2 0 0 647
11 9 45 1.5 -2 0 0 709
11 9 46 5.11188 0.439067 0.284045 0.304395 858
11 9 47 5.5 -2 0 0 792
11 9 48 5.5 -2 0 0 758
11 9 49 5.27455 0.422982 0.321978 0.543934 697
11 9 50 1.5 -2 0 0 706
11 9 51 1.5 -2 0 0 735
11 9 52 1.5 -2 0 0 807
11 9 53 1.5 -2 0 0 669
11 9 54 1.5 -2 0 0 705
11 9 55 1.5 -2 0 0 729
11 9 56 5.5 -2 0 0 719
11 9 57 1.5 -2 0 0 754
11 9 58 1.5 -2 0 0 718
11 9 59 5.5 -2 0 0 822
11 9 60 1.5 -2 0 0 610
11 9 61 5.5 -2 0 0 788
11 9 62 1.5 -2 0 0 766
11 9 63 4.66374 0.367127 0.1 0.412058 703
11 10 0 1.5 -2 0 0 1503
11 10 1 1.5 -2 0 0 1276
11 10 2 5.5 -2 0 0 1124
11 10 3 1.5 -2 0 0 1285
11 10 4 5.5 -2 0 0 1559
11 10 5 5.5 -2 0 0 1443
11 10 6 5.5 -2 0 0 1231
11 10 7 5.5 -2 0 0 1354
11 10 8 1.5 -2 0 0 1257
11 10 9 5.5 -2 0 0 1197
11 10 10 1.5 -2 0 0 1066
11 10 11 1.5 -2 0 0 1564
11 10 12 5.5 -2 0 0 1371
11 10 13 5.5 -2 0 0 1419
11 10 14 1.5 -2 0 0 1565
11 10 15 1.5 -2 0 0 1340
11 10 16 1.5 -2 0 0 760
11 10 17 5.5 -2 0 0 1632
11 10 18 5.5 -2 0 0 1476
11 10 19 5.5 -2 0 0 1370
11 10 20 5.5 -2 0 0 1746
11 10 21 1.5 -2 0 0 1198
11 10 22 1.5 -2 0 0 1309
11 10 23 1.5 -2 0 0 1834
11 10 24 5.5 -2 0 0 1412
11 10 25 5.5 -2 0 0 1543
11 10 26 1.5 -2 0 0 1897
11 10 27 1.5 -2 0 0 1621
11 10 28 5.5 -2 0 0 1510
11 10 29 1.5 -2 0 0 1834
11 10 30 5.5 -2 0 0 1635
11 10 31 5.5 -2 0 0 1875
11 10 32 5.5 -2 0 0 1770
11 10 33 5.5 -2 0 0 1775
11 10 34 5.5 -2 0 0 2002
11 10 35 9.5 -2 0 0 2116
11 10 36 5.5 -2 0 0 1862
11 10 37 1.5 -2 0 0 2083
11 10 38 5.5 -2 0 0 2389
11 10 39 5.5 -2 0 0 3130
11 10 40 5.5 -2 0 0 1893
11 10 41 5.5 -2 0 0 1933
11 10 42 9.5 -2 0 0 2284
11 10 43 5.5 -2 0 0 2094
11 10 44 1.5 -2 0 0 2306
11 10 45 1.5 -2 0 0 1995
11 10 46 5.5 -2 0 0 2284
11 10 47 1.5 -2 0 0 3067
11 10 48 1.5 -2 0 0 2216
11 10 49 5.5 -2 0 0 2248
11 10 50 5.5 -2 0 0 2358
11 10 51 1.5 -2 0 0 3747
11 10 52 1.5 -2 0 0 2459
11 10 53 1.5 -2 0 0 2942
11 10 54 1.5 -2 0 0 2417
11 10 55 5.77227 0.353379 0.136852 0.380543 2887
11 10 56 1.5 -2 0 0 3404
11 10 57 1.5 -2 0 0 3393
11 10 58 5.5 -2 0 0 2611
11 10 59 1.5 -2 0 0 2694
11 10 60 5.5 -2 0 0 3054
11 10 61 1.5 -2 0 0 3914
11 10 62 1.5 -2 0 0 3059
11 10 63 1.5 -2 0 0 2435
11 11 0 1.5 -2 0 0 3859
11 11 1 5.5 -2 0 0 3581
11 11 2 5.5 -2 0 0 3395
11 11 3 5.5 -2 0 0 2235
11 11 4 1.5 -2 0 0 2039
11 11 5 1.5 -2 0 0 2629
11 11 6 1.5 -2 0 0 3368
11 11 7 1.5 -2 0 0 2017
11 11 8 1.5 -2 0 0 2463
11 11 9 5.5 -2 0 0 2934
11 11 10 1.5 -2 0 0 2910
11 11 11 5.5 -2 0 0 2315
11 11 12 1.5 -2 0 0 2602
11 11 13 5.5 -2 0 0 1972
11 11 14 5.5 -2 0 0 3120
11 11 15 5.5 -2 0 0 2153
11 11 16 5.5 -2 0 0 2660
11 11 17 4.68101 0.142128 0.1 0.523818 2328
11 11 18 5.5 -2 0 0 2109
11 11 19 5.5 -2 0 0 1944
11 11 20 5.5 -2 0 0 1943
11 11 21 1.5 -2 0 0 3212
11 11 22 5.5 -2 0 0 2016
11 11 23 5.5 -2 0 0 2057
11 11 24 1.5 -2 0 0 2992
11 11 25 5.5 -2 0 0 1683
11 11 26 5.5 -2 0 0 2762
11 11 27 1.5 -2 0 0 1870
11 11 28 1.5 -2 0 0 1670
11 11 29 5.5 -2 0 0 2178
11 11 30 5.11768 0.475853 0.238411 0.146806 1916
11 11 31 5.5 -2 0 0 1615
11 11 32 5.5 -2 0 0 1432
11 11 33 5.5 -2 0 0 1527
11 11 34 5.5 -2 0 0 2314
11 11 35 5.5 -2 0 0 1255
11 11 36 5.5 -2 0 0 1600
11 11 37 5.5 -2 0 0 1742
11 11 38 1.5 -2 0 0 1356
11 11 39 5.5 -2 0 0 1135
11 11 40 5.5 -2 0 0 1754
11 11 41 1.5 -2 0 0 1404
11 11 42 5.5 -2 0 0 1428
11 11 43 5.5 -2 0 0 1889
11 11 44 9.5 -2 0 0 1239
11 11 45 5.5 -2 0 0 1363
11 11 46 5.5 -2 0 0 2034
11 11 47 1.5 -2 0 0 1230
11 11 48 5.5 -2 0 0 1329
11 11 49 1.5 -2 0 0 1587
11 11 50 1.5 -2 0 0 1196
11 11 51 5.02431 0.431446 0.36027 0.288785 1335
11 11 52 1.5 -2 0 0 1597
11 11 53 1.5 -2 0 0 906
11 11 54 1.5 -2 0 0 1296
11 11 55 5.5 -2 0 0 1528
11 11 56 1.5 -2 0 0 1029
11 11 57 1.5 -2 0 0 1237
11 11 58 1.5 -2 0 0 1355
11 11 59 5.5 -2 0 0 1876
11 11 60 5.39273 0.36597 0.121431 0.198 657
11 11 61 5.5 -2 0 0 1480
11 11 62 1.5 -2 0 0 1656
11 11 63 1.5 -2 0 0 1347
11 12 0 1.5 -2 0 0 4384
11 12 1 1.5 -2 0 0 3983
11 12 2 1.5 -2 0 0 3927
11 12 3 5.5 -2 0 0 3379
11 12 4 1.5 -2 0 0 3847
11 12 5 5.40603 0.537821 0.187318 0.879227 3842
11 12 6 5.5 -2 0 0 3763
11 12 7 5.5 -2 0 0 3183
11 12 8 5.5 -2 0 0 3798
11 12 9 1.5 -2 0 0 3343
11 12 10 1.5 -2 0 0 3329
11 12 11 5.5 -2 0 0 4152
11 12 12 5.5 -2 0 0 3482
11 12 13 1.5 -2 0 0 3312
11 12 14 5.5 -2 0 0 4344
11 12 15 1.5 -2 0 0 3607
11 12 16 5.5 -2 0 0 3335
11 12 17 1.5 -2 0 0 4306
11 12 18 5.5 -2 0 0 3590
11 12 19 1.5 -2 0 0 3518
11 12 20 1.5 -2 0 0 4279
11 12 21 1.5 -2 0 0 3410
11 12 22 1.5 -2 0 0 3121
11 12 23 1.5 -2 0 0 4429
11 12 24 1.5 -2 0 0 3870
11 12 25 5.5 -2 0 0 3676
11 12 26 1.5 -2 0 0 4574
11 12 27 1.5 -2 0 0 3651
11 12 28 5.5 -2 0 0 3466
11 12 29 5.5 -2 0 0 4419
11 12 30 5.5 -2 0 0 3965
11 12 31 5.5 -2 0 0 3664
11 12 32 5.5 -2 0 0 3835
11 12 33 1.5 -2 0 0 4072
11 12 34 5.5 -2 0 0 4952
11 12 35 1.5 -2 0 0 4200
11 12 36 1.5 -2 0 0 4208
11 12 37 5.5 -2 0 0 4772
11 12 38 4.77149 0.338516 0.275963 0.508027 4075
11 12 39 1.5 -2 0 0 4984
11 12 40 5.5 -2 0 0 4473
11 12 41 1.5 -2 0 0 3944
11 12 42 1.5 -2 0 0 4491
11 12 43 4.78653 0.460134 0.230184 0.153129 4922
11 12 44 1.5 -2 0 0 4098
11 12 45 5.5 -2 0 0 4319
11 12 46 1.5 -2 0 0 5177
11 12 47 1.5 -2 0 0 4277
11 12 48 1.5 -2 0 0 4437
11 12 49 1.5 -2 0 0 4847
11 12 50 1.5 -2 0 0 4420
11 12 51 1.5 -2 0 0 5590
11 12 52 1.5 -2 0 0 5210
11 12 53 1.5 -2 0 0 4464
11 12 54 1.5 -2 0 0 4791
11 12 55 1.5 -2 0 0 5145
11 12 56 1.5 -2 0 0 5154
11 12 57 5.5 -2 0 0 5361
11 12 58 1.5 -2 0 0 4808
11 12 59 5.5 -2 0 0 5507
11 12 60 1.5 -2 0 0 4587
11 12 61 5.5 -2 0 0 6098
11 12 62 1.5 -2 0 0 5651
11 12 63 1.5 -2 0 0 5050
11 13 0 1.5 -2 0 0 6072
11 13 1 1.5 -2 0 0 5538
11 13 2 5.5 -2 0 0 4881
11 13 3 1.5 -2 0 0 3825
11 13 4 5.5 -2 0 0 4567
11 13 5 1.5 -2 0 0 4990
11 13 6 1.5 -2 0 0 5105
11 13 7 5.5 -2 0 0 3887
11 13 8 1.5 -2 0 0 4980
11 13 9 1.5 -2 0 0 4497
11 13 10 5.5 -2 0 0 3948
11 13 11 5.5 -2 0 0 4089
11 13 12 5.5 -2 0 0 4502
11 13 13 9.5 -2 0 0 3831
11 13 14 5.5 -2 0 0 5087
11 13 15 1.5 -2 0 0 4035
11 13 16 5.5 -2 0 0 4140
11 13 17 5.52076 0.436895 0.222493 0.34595 4980
11 13 18 4.78904 0.316875 0.1 0.296607 3832
11 13 19 5.5 -2 0 0 3832
11 13 20 5.5 -2 0 0 3519
11 13 21 5.5 -2 0 0 4071
11 13 22 5.5 -2 0 0 3284
11 13 23 1.5 -2 0 0 4514
11 13 24 1.5 -2 0 0 4705
11 13 25 1.5 -2 0 0 2476
11 13 26 5.5 -2 0 0 5519
11 13 27 5.5 -2 0 0 3876
11 13 28 5.5 -2 0 0 3417
11 13 29 5.5 -2 0 0 4769
11 13 30 5.5 -2 0 0 4099
11 13 31 5.5 -2 0 0 2882
11 13 32 5.5 -2 0 0 3432
11 13 33 5.5 -2 0 0 3286
11 13 34 5.5 -2 0 0 4856
11 13 35 5.5 -2 0 0 3333
11 13 36 5.5 -2 0 0 3194
11 13 37 5.5 -2 0 0 4270
11 13 38 6.2092 0.118173 0.1 1.30762 2622
11 13 39 5.5 -2 0 0 1760
11 13 40 5.79977 0.294095 0.1 1.33996 4117
11 13 41 5.5 -2 0 0 3203
11 13 42 5.5 -2 0 0 3415
11 13 43 5.5 -2 0 0 4678
11 13 44 5.5 -2 0 0 3085
11 13 45 5.5 -2 0 0 2937
11 13 46 5.5 -2 0 0 4976
11 13 47 5.5 -2 0 0 2975
11 13 48 5.5 -2 0 0 3670
11 13 49 1.5 -2 0 0 3973
11 13 50 5.5 -2 0 0 3162
11 13 51 5.5 -2 0 0 3985
11 13 52 4.66048 0.405965 0.212184 0.15825 4187
11 13 53 5.5 -2 0 0 2968
11 13 54 5.5 -2 0 0 3501
11 13 55 5.5 -2 0 0 3904
11 13 56 1.5 -2 0 0 3706
11 13 57 1.5 -2 0 0 3655
11 13 58 5.5 -2 0 0 3224
11 13 59 5.5 -2 0 0 4603
11 13 60 1.5 -2 0 0 2769
11 13 61 5.5 -2 0 0 3855
11 13 62 1.5 -2 0 0 3788
11 13 63 1.5 -2 0 0 3750
11 14 0 5.5 -2 0 0 6058
11 14 1 1.5 -2 0 0 5543
11 14 2 1.5 -2 0 0 5170
11 14 3 1.5 -2 0 0 4116
11 14 4 5.5 -2 0 0 4182
11 14 5 1.5 -2 0 0 4628
11 14 6 1.5 -2 0 0 5012
11 14 7 5.5 -2 0 0 3947
11 14 8 5.5 -2 0 0 4813
11 14 9 1.5 -2 0 0 4419
11 14 10 5.5 -2 0 0 4291
11 14 11 1.5 -2 0 0 4500
11 14 12 1.5 -2 0 0 4125
11 14 13 1.5 -2 0 0 3550
11 14 14 5.5 -2 0 0 5372
11 14 15 5.5 -2 0 0 3764
11 14 16 1.5 -2 0 0 4443
11 14 17 5.5 -2 0 0 4712
11 14 18 1.5 -2 0 0 3983
11 14 19 5.5 -2 0 0 3715
11 14 20 5.5 -2 0 0 3856
11 14 21 5.5 -2 0 0 4782
11 14 22 1.5 -2 0 0 3915
11 14 23 1.5 -2 0 0 3915
11 14 24 5.78313 0.519789 0.160248 0.4345 5108
11 14 25 5.5 -2 0 0 3584
11 14 26 5.5 -2 0 0 5134
11 14 27 1.5 -2 0 0 3575
11 14 28 5.5 -2 0 0 3505
11 14 29 5.5 -2 0 0 4251
11 14 30 1.5 -2 0 0 3668
11 14 31 0 -10 0 0 0
11 14 32 5.85243 0.118129 0.1 0.653908 3130
11 14 33 1.5 -2 0 0 3135
11 14 34 1.5 -2 0 0 4528
11 14 35 1.5 -2 0 0 2993
11 14 36 1.5 -2 0 0 3312
11 14 37 1.5 -2 0 0 3737
11 14 38 1.5 -2 0 0 2587
11 14 39 5.5 -2 0 0 2694
11 14 40 5.5 -2 0 0 3528
11 14 41 5.76742 0.450091 0.252031 0.529231 2718
11 14 42 5.5 -2 0 0 3156
11 14 43 1.5 -2 0 0 3884
11 14 44 5.5 -2 0 0 2463
11 14 45 5.5 -2 0 0 2914
11 14 46 5.5 -2 0 0 4326
11 14 47 5.5 -2 0 0 2611
11 14 48 1.5 -2 0 0 2881
11 14 49 5.5 -2 0 0 3307
11 14 50 5.5 -2 0 0 2703
11 14 51 5.5 -2 0 0 3099
11 14 52 5.5 -2 0 0 3552
11 14 53 5.5 -2 0 0 2521
11 14 54 5.5 -2 0 0 2774
11 14 55 1.5 -2 0 0 3091
11 14 56 1.5 -2 0 0 2807
11 14 57 5.5 -2 0 0 2995
11 14 58 1.5 -2 0 0 2873
11 14 59 1.5 -2 0 0 3926
11 14 60 1.5 -2 0 0 2632
11 14 61 9.5 -2 0 0 3250
11 14 62 5.2317 0.286428 0.3153 0.488999 3250
11 14 63 1.5 -2 0 0 2885
11 15 0 5.5 -2 0 0 3156
11 15 1 5.5 -2 0 0 3026
11 15 2 1.5 -2 0 0 2847
11 15 3 1.5 -2 0 0 2254
11 15 4 1.5 -2 0 0 2976
11 15 5 5.5 -2 0 0 2902
11 15 6 1.5 -2 0 0 2132
11 15 7 1.5 -2 0 0 2269
11 15 8 1.5 -2 0 0 2893
11 15 9 1.5 -2 0 0 2484
11 15 10 1.5 -2 0 0 2276
11 15 11 1.5 -2 0 0 3183
11 15 12 1.5 -2 0 0 2570
11 15 13 1.5 -2 0 0 2303
11 15 14 1.5 -2 0 0 3025
11 15 15 1.5 -2 0 0 2804
11 15 16 1.5 -2 0 0 2147
11 15 17 4.64382 0.133789 0.1 0.247592 3073
11 15 18 1.5 -2 0 0 2507
11 15 19 5.5 -2 0 0 2620
11 15 20 1.5 -2 0 0 2887
11 15 21 1.5 -2 0 0 2507
11 15 22 5.5 -2 0 0 2322
11 15 23 1.5 -2 0 0 3552
11 15 24 5.5 -2 0 0 2701
11 15 25 5.5 -2 0 0 2838
11 15 26 5.5 -2 0 0 3288
11 15 27 5.5 -2 0 0 3101
11 15 28 1.5 -2 0 0 2617
11 15 29 1.5 -2 0 0 3775
11 15 30 1.5 -2 0 0 2960
11 15 31 5.5 -2 0 0 2986
11 15 32 1.5 -2 0 0 2682
11 15 33 5.5 -2 0 0 3119
11 15 34 5.5 -2 0 0 3637
11 15 35 1.5 -2 0 0 2783
11 15 36 5.5 -2 0 0 3493
11 15 37 5.5 -2 0 0 4056
11 15 38 5.5 -2 0 0 3645
11 15 39 5.5 -2 0 0 4464
11 15 40 5.5 -2 0 0 3785
11 15 41 5.5 -2 0 0 3358
11 15 42 1.5 -2 0 0 3463
11 15 43 1.5 -2 0 0 4172
11 15 44 1.5 -2 0 0 3198
11 15 45 5.01833 0.398085 0.226183 0.437204 3631
11 15 46 1.5 -2 0 0 4128
11 15 47 4.9965 0.405243 0.227724 0.632086 3091
11 15 48 1.5 -2 0 0 3871
11 15 49 1.5 -2 0 0 4342
11 15 50 1.5 -2 0 0 3906
11 15 51 5.5 -2 0 0 5414
11 15 52 1.5 -2 0 0 4576
11 15 53 5.5 -2 0 0 3867
11 15 54 1.5 -2 0 0 3807
11 15 55 1.5 -2 0 0 4964
11 15 56 1.5 -2 0 0 4972
11 15 57 1.5 -2 0 0 5103
11 15 58 1.5 -2 0 0 3884
11 15 59 1.5 -2 0 0 4731
11 15 60 1.5 -2 0 0 3965
11 15 61 1.5 -2 0 0 5458
11 15 62 1.5 -2 0 0 5259
11 15 63 1.5 -2 0 0 4618
12 0 0 5.05959 -3 0 0 125
12 0 1 5.05959 -3 0 0 112
12 0 2 5.05959 -3 0 0 116
12 0 3 5.05959 -3 0 0 114
12 0 4 5.05959 -3 0 0 95
12 0 5 5.05959 -3 0 0 96
12 0 6 5.05959 -3 0 0 111
12 0 7 5.05959 -3 0 0 71
12 0 8 5.05959 -3 0 0 98
12 0 9 5.05959 -3 0 0 113
12 0 10 5.05959 -3 0 0 4
12 0 11 5.05959 -3 0 0 120
12 0 12 5.05959 -3 0 0 118
12 0 13 0 -10 0 0 0
12 0 14 0 -10 0 0 0
12 0 15 5.05959 -3 0 0 132
12 0 16 0 -10 0 0 0
12 0 17 0 -10 0 0 0
12 0 18 5.05959 -3 0 0 128
12 0 19 5.05959 -3 0 0 98
12 0 20 0 -10 0 0 0
12 0 21 5.05959 -3 0 0 122
12 0 22 5.05959 -3 0 0 130
12 0 23 5.05959 -3 0 0 108
12 0 24 0 -10 0 0 0
12 0 25 5.05959 -3 0 0 131
12 0 26 5.05959 -3 0 0 126
12 0 27 5.05959 -3 0 0 132
12 0 28 5.05959 -3 0 0 130
12 0 29 5.05959 -3 0 0 154
12 0 30 5.05959 -3 0 0 131
12 0 31 5.05959 -3 0 0 138
12 0 32 5.05959 -3 0 0 105
12 0 33 5.05959 -3 0 0 121
12 0 34 5.05959 -3 0 0 141
12 0 35 5.05959 -3 0 0 181
12 0 36 5.05959 -3 0 0 134
12 0 37 5.05959 -3 0 0 165
12 0 38 5.05959 -3 0 0 147
12 0 39 5.05959 -3 0 0 131
12 0 40 5.05959 -3 0 0 140
12 0 41 5.05959 -3 0 0 120
12 0 42 5.05959 -3 0 0 142
12 0 43 5.05959 -3 0 0 152
12 0 44 5.05959 -3 0 0 104
12 0 45 5.05959 -3 0 0 149
12 0 46 5.05959 -3 0 0 182
12 0 47 5.05959 -3 0 0 195
12 0 48 5.05959 -3 0 0 113
12 0 49 5.5 -2 0 0 207
12 0 50 5.05959 -3 0 0 131
12 0 51 5.05959 -3 0 0 138
12 0 52 5.05959 -3 0 0 190
12 0 53 5.05959 -3 0 0 191
12 0 54 5.05959 -3 0 0 154
12 0 55 5.05959 -3 0 0 169
12 0 56 5.05959 -3 0 0 134
12 0 57 5.05959 -3 0 0 167
12 0 58 5.05959 -3 0 0 161
12 0 59 5.05959 -3 0 0 147
12 0 60 0 -10 0 0 0
12 0 61 5.5 -2 0 0 241
12 0 62 5.05959 -3 0 0 197
12 0 63 5.5 -2 0 0 204
12 1 0 4.99527 -3 0 0 194
12 1 1 4.99527 -3 0 0 185
12 1 2 4.99527 -3 0 0 184
12 1 3 5.5 -2 0 0 228
12 1 4 5.5 -2 0 0 207
12 1 5 5.5 -2 0 0 252
12 1 6 4.99527 -3 0 0 189
12 1 7 4.99527 -3 0 0 197
12 1 8 5.5 -2 0 0 206
12 1 9 4.99527 -3 0 0 159
12 1 10 4.99527 -3 0 0 183
12 1 11 0 -10 0 0 0
12 1 12 9.5 -2 0 0 225
12 1 13 0 -10 0 0 0
12 1 14 4.99527 -3 0 0 198
12 1 15 5.5 -2 0 0 215
12 1 16 5.5 -2 0 0 286
12 1 17 4.99527 -3 0 0 173
12 1 18 4.99527 -3 0 0 178
12 1 19 4.99527 -3 0 0 116
12 1 20 0 -10 0 0 0
12 1 21 4.99527 -3 0 0 132
12 1 22 4.99527 -3 0 0 161
12 1 23 4.99527 -3 0 0 136
12 1 24 5.42295 0.445521 0.756461 0.0765596 210
12 1 25 4.99527 -3 0 0 139
12 1 26 5.5 -2 0 0 201
12 1 27 4.99527 -3 0 0 148
12 1 28 4.99527 -3 0 0 184
12 1 29 4.99527 -3 0 0 118
12 1 30 4.99527 -3 0 0 104
12 1 31 4.99527 -3 0 0 138
12 1 32 4.99527 -3 0 0 152
12 1 33 4.99527 -3 0 0 130
12 1 34 4.99527 -3 0 0 185
12 1 35 4.99527 -3 0 0 169
12 1 36 4.99527 -3 0 0 162
12 1 37 4.99527 -3 0 0 141
12 1 38 5.5 -2 0 0 217
12 1 39 4.99527 -3 0 0 130
12 1 40 4.99527 -3 0 0 125
12 1 41 4.99527 -3 0 0 168
12 1 42 4.99527 -3 0 0 90
12 1 43 4.99527 -3 0 0 137
12 1 44 4.99527 -3 0 0 116
12 1 45 4.99527 -3 0 0 157
12 1 46 4.99527 -3 0 0 160
12 1 47 4.99527 -3 0 0 195
12 1 48 4.99527 -3 0 0 148
12 1 49 4.99527 -3 0 0 158
12 1 50 4.99527 -3 0 0 122
12 1 51 4.99527 -3 0 0 146
12 1 52 4.99527 -3 0 0 138
12 1 53 4.99527 -3 0 0 122
12 1 54 4.99527 -3 0 0 105
12 1 55 4.99527 -3 0 0 115
12 1 56 4.99527 -3 0 0 116
12 1 57 4.99527 -3 0 0 134
12 1 58 4.99527 -3 0 0 111
12 1 59 4.99527 -3 0 0 148
12 1 60 4.99527 -3 0 0 124
12 1 61 4.99527 -3 0 0 118
12 1 62 4.99527 -3 0 0 134
12 1 63 0 -10 0 0 0
12 2 0 5.92593 0.197603 0.104308 0.216748 249
12 2 1 5.5 -2 0 0 201
12 2 2 4.9365 -3 0 0 164
12 2 3 5.5 -2 0 0 231
12 2 4 4.9365 -3 0 0 163
12 2 5 5.5 -2 0 0 245
12 2 6 4.9365 -3 0 0 182
12 2 7 5.5 -2 0 0 209
12 2 8 4.9365 -3 0 0 194
12 2 9 4.9365 -3 0 0 164
12 2 10 4.9365 -3 0 0 157
12 2 11 4.9365 -3 0 0 153
12 2 12 4.9365 -3 0 0 167
12 2 13 4.9365 -3 0 0 173
12 2 14 4.9365 -3 0 0 146
12 2 15 4.9365 -3 0 0 127
12 2 16 4.9365 -3 0 0 147
12 2 17 4.9365 -3 0 0 138
12 2 18 4.9365 -3 0 0 152
12 2 19 4.9365 -3 0 0 195
12 2 20 4.9365 -3 0 0 161
12 2 21 4.9365 -3 0 0 193
12 2 22 5.5 -2 0 0 225
12 2 23 4.9365 -3 0 0 164
12 2 24 4.9365 -3 0 0 156
12 2 25 4.9365 -3 0 0 184
12 2 26 0 -10 0 0 0
12 2 27 4.9365 -3 0 0 178
12 2 28 4.9365 -3 0 0 198
12 2 29 4.9365 -3 0 0 191
12 2 30 5.5 -2 0 0 291
12 2 31 4.9365 -3 0 0 176
12 2 32 4.9365 -3 0 0 192
12 2 33 5.41898 0.517174 0.593901 0.0453904 240
12 2 34 5.5 -2 0 0 210
12 2 35 4.9365 -3 0 0 190
12 2 36 5.5 -2 0 0 207
12 2 37 4.9365 -3 0 0 168
12 2 38 5.5 -2 0 0 232
12 2 39 5.45462 0.50205 0.741514 0.202101 203
12 2 40 6.70332 0.564979 0.541882 0.283337 278
12 2 41 5.5 -2 0 0 235
12 2 42 5.5 -2 0 0 244
12 2 43 5.5 -2 0 0 245
12 2 44 0 -10 0 0 0
12 2 45 0 -10 0 0 0
12 2 46 4.9365 -3 0 0 178
12 2 47 4.9365 -3 0 0 198
12 2 48 4.9365 -3 0 0 168
12 2 49 5.5 -2 0 0 203
12 2 50 5.5 -2 0 0 203
12 2 51 4.64509 0.453264 0.605649 0.0982361 239
12 2 52 4.9365 -3 0 0 196
12 2 53 5.5 -2 0 0 248
12 2 54 5.5 -2 0 0 233
12 2 55 5.5 -2 0 0 267
12 2 56 5.5 -2 0 0 320
12 2 57 5.5 -2 0 0 340
12 2 58 5.5 -2 0 0 305
12 2 59 4.9365 -3 0 0 186
12 2 60 5.5 -2 0 0 267
12 2 61 5.5 -2 0 0 212
12 2 62 5.5 -2 0 0 241
12 2 63 4.9365 -3 0 0 195
12 3 0 9.5 -2 0 0 327
12 3 1 5.5 -2 0 0 365
12 3 2 5.5 -2 0 0 350
12 3 3 5.5 -2 0 0 419
12 3 4 5.5 -2 0 0 520
12 3 5 6.77155 0.56458 0.536434 0.311495 425
12 3 6 5.5 -2 0 0 387
12 3 7 5.5 -2 0 0 418
12 3 8 5.5 -2 0 0 512
12 3 9 5.5 -2 0 0 432
12 3 10 5.5 -2 0 0 637
12 3 11 5.5 -2 0 0 574
12 3 12 5.5 -2 0 0 592
12 3 13 5.5 -2 0 0 610
12 3 14 0 -10 0 0 0
12 3 15 5.5 -2 0 0 568
12 3 16 5.5 -2 0 0 787
12 3 17 8.6739 0.782219 0.592643 0.404755 442
12 3 18 5.5 -2 0 0 458
12 3 19 9.5 -2 0 0 327
12 3 20 9.5 -2 0 0 362
12 3 21 9.5 -2 0 0 377
12 3 22 9.5 -2 0 0 306
12 3 23 9.5 -2 0 0 258
12 3 24 0 -10 0 0 0
12 3 25 5.5 -2 0 0 404
12 3 26 5.5 -2 0 0 386
12 3 27 5.5 -2 0 0 297
12 3 28 9.5 -2 0 0 283
12 3 29 0 -10 0 0 0
12 3 30 0 -10 0 0 0
12 3 31 5.5 -2 0 0 260
12 3 32 5.5 -2 0 0 414
12 3 33 6.59841 0.427765 0.786226 0.184363 316
12 3 34 5.5 -2 0 0 318
12 3 35 5.5 -2 0 0 252
12 3 36 0 -10 0 0 0
12 3 37 5.5 -2 0 0 379
12 3 38 0 -10 0 0 0
12 3 39 5.48804 -3 0 0 174
12 3 40 5.5 -2 0 0 394
12 3 41 5.77999 0.522666 0.871872 0.0476402 241
12 3 42 5.48804 -3 0 0 200
12 3 43 5.5 -2 0 0 279
12 3 44 5.5 -2 0 0 308
12 3 45 6.55661 0.551906 0.290852 0.370381 264
12 3 46 5.17577 0.491275 0.851093 0.0690139 383
12 3 47 5.5 -2 0 0 310
12 3 48 5.51115 0.484555 0.858804 0.0213455 358
12 3 49 5.5 -2 0 0 260
12 3 50 5.5 -2 0 0 266
12 3 51 5.5 -2 0 0 267
12 3 52 5.5 -2 0 0 312
12 3 53 5.5 -2 0 0 317
12 3 54 5.5 -2 0 0 247
12 3 55 9.5 -2 0 0 231
12 3 56 5.5 -2 0 0 228
12 3 57 5.48804 -3 0 0 194
12 3 58 5.5 -2 0 0 231
12 3 59 5.5 -2 0 0 259
12 3 60 5.5 -2 0 0 237
12 3 61 4.77778 0.444248 0.763751 0.174022 225
12 3 62 5.5 -2 0 0 232
12 3 63 1.5 -2 0 0 217
12 4 0 6.37155 0.536629 0.772214 0.240223 418
12 4 1 5.5 -2 0 0 311
12 4 2 5.5 -2 0 0 252
12 4 3 5.5 -2 0 0 241
12 4 4 5.5 -2 0 0 213
12 4 5 5.5 -2 0 0 358
12 4 6 5.3108 -3 0 0 156
12 4 7 5.5 -2 0 0 314
12 4 8 5.5 -2 0 0 263
12 4 9 5.5 -2 0 0 264
12 4 10 6.19004 0.571078 0.580279 0.147801 248
12 4 11 5.5 -2 0 0 221
12 4 12 5.3108 -3 0 0 187
12 4 13 5.5 -2 0 0 221
12 4 14 5.5 -2 0 0 220
12 4 15 5.3108 -3 0 0 195
12 4 16 9.5 -2 0 0 215
12 4 17 5.5 -2 0 0 201
12 4 18 5.5 -2 0 0 253
12 4 19 5.3108 -3 0 0 189
12 4 20 5.5 -2 0 0 213
12 4 21 5.5 -2 0 0 332
12 4 22 6.74785 0.632878 0.234772 0.175725 403
12 4 23 0 -10 0 0 0
12 4 24 6.83069 0.542578 0.847039 0.19339 225
12 4 25 5.5 -2 0 0 226
12 4 26 0 -10 0 0 0
12 4 27 5.5 -2 0 0 309
12 4 28 5.5 -2 0 0 358
12 4 29 5.5 -2 0 0 212
12 4 30 5.5 -2 0 0 433
12 4 31 5.5 -2 0 0 219
12 4 32 5.5 -2 0 0 206
12 4 33 5.5 -2 0 0 286
12 4 34 5.3108 -3 0 0 188
12 4 35 0 -10 0 0 0
12 4 36 5.5 -2 0 0 300
12 4 37 5.5 -2 0 0 218
12 4 38 5.3108 -3 0 0 194
12 4 39 5.5 -2 0 0 215
12 4 40 5.98778 0.552807 0.464166 0.115718 417
12 4 41 5.5 -2 0 0 379
12 4 42 5.5 -2 0 0 480
12 4 43 5.5 -2 0 0 210
12 4 44 5.5 -2 0 0 249
12 4 45 5.5 -2 0 0 256
12 4 46 5.5 -2 0 0 233
12 4 47 5.5 -2 0 0 213
12 4 48 5.5 -2 0 0 210
12 4 49 5.3108 -3 0 0 200
12 4 50 5.5 -2 0 0 241
12 4 51 5.5 -2 0 0 262
12 4 52 5.3108 -3 0 0 196
12 4 53 5.5 -2 0 0 297
12 4 54 5.5 -2 0 0 303
12 4 55 5.5 -2 0 0 276
12 4 56 5.5 -2 0 0 404
12 4 57 5.5 -2 0 0 456
12 4 58 5.5 -2 0 0 479
12 4 59 5.3108 -3 0 0 196
12 4 60 5.87506 0.512897 0.146087 0.185845 327
12 4 61 5.5 -2 0 0 272
12 4 62 5.5 -2 0 0 235
12 4 63 1.5 -2 0 0 268
12 5 0 5.66171 0.482162 0.725335 0.114457 484
12 5 1 5.5 -2 0 0 496
12 5 2 5.5 -2 0 0 515
12 5 3 5.5 -2 0 0 552
12 5 4 5.5 -2 0 0 839
12 5 5 5.5 -2 0 0 699
12 5 6 5.5 -2 0 0 472
12 5 7 5.5 -2 0 0 527
12 5 8 9.5 -2 0 0 539
12 5 9 5.5 -2 0 0 635
12 5 10 5.5 -2 0 0 793
12 5 11 5.5 -2 0 0 665
12 5 12 5.5 -2 0 0 776
12 5 13 5.5 -2 0 0 898
12 5 14 5.5 -2 0 0 1197
12 5 15 5.5 -2 0 0 1085
12 5 16 5.5 -2 0 0 1019
12 5 17 8.47989 0.606859 0.461805 0.360466 746
12 5 18 5.5 -2 0 0 781
12 5 19 6.16266 0.540645 0.64704 0.0864399 597
12 5 20 5.5 -2 0 0 749
12 5 21 8.6007 0.762059 0.344299 0.426829 500
12 5 22 0 -10 0 0 0
12 5 23 5.5 -2 0 0 597
12 5 24 5.73553 0.517851 0.677635 0.208909 433
12 5 25 9.5 -2 0 0 871
12 5 26 5.5 -2 0 0 656
12 5 27 8.51553 0.643542 0.46427 0.410709 459
12 5 28 5.5 -2 0 0 625
12 5 29 0 -10 0 0 0
12 5 30 0 -10 0 0 0
12 5 31 5.5 -2 0 0 570
12 5 32 5.5 -2 0 0 1022
12 5 33 5.43649 0.421744 0.640674 0.0355706 578
12 5 34 5.5 -2 0 0 644
12 5 35 5.5 -2 0 0 500
12 5 36 0 -10 0 0 0
12 5 37 5.5 -2 0 0 749
12 5 38 0 -10 0 0 0
12 5 39 0 -10 0 0 0
12 5 40 0 -10 0 0 0
12 5 41 5.5 -2 0 0 432
12 5 42 0 -10 0 0 0
12 5 43 5.5 -2 0 0 518
12 5 44 5.5 -2 0 0 609
12 5 45 5.5 -2 0 0 527
12 5 46 9.5 -2 0 0 949
12 5 47 8.39452 0.720716 0.49813 0.270129 913
12 5 48 5.28481 0.500175 0.763755 0.0627762 881
12 5 49 8.39388 0.767271 0.619639 0.352161 687
12 5 50 6.6465 0.607531 0.675679 0.201327 676
12 5 51 5.5 -2 0 0 516
12 5 52 5.5 -2 0 0 712
12 5 53 5.5 -2 0 0 590
12 5 54 5.5 -2 0 0 535
12 5 55 5.5 -2 0 0 434
12 5 56 5.5 -2 0 0 375
12 5 57 5.5 -2 0 0 376
12 5 58 5.5 -2 0 0 434
12 5 59 5.5 -2 0 0 549
12 5 60 5.0783 0.506958 0.728005 0.180242 498
12 5 61 1.5 -2 0 0 459
12 5 62 5.5 -2 0 0 501
12 5 63 5.5 -2 0 0 607
12 6 0 5.5 -2 0 0 251
12 6 1 5.5 -2 0 0 318
12 6 2 5.5 -2 0 0 277
12 6 3 5.5 -2 0 0 219
12 6 4 5.5 -2 0 0 209
12 6 5 5.5 -2 0 0 423
12 6 6 5.5 -2 0 0 236
12 6 7 0 -10 0 0 0
12 6 8 5.70406 0.465738 0.547211 0.169735 254
12 6 9 0 -10 0 0 0
12 6 10 5.5 -2 0 0 215
12 6 11 4.89614 -3 0 0 186
12 6 12 5.5 -2 0 0 284
12 6 13 5.5 -2 0 0 343
12 6 14 5.5 -2 0 0 370
12 6 15 5.5 -2 0 0 431
12 6 16 4.93621 0.488862 0.808443 0.10197 235
12 6 17 4.89614 -3 0 0 179
12 6 18 0 -10 0 0 0
12 6 19 6.11953 0.282221 0.1 0.214603 240
12 6 20 5.5 -2 0 0 269
12 6 21 4.89614 -3 0 0 189
12 6 22 4.89614 -3 0 0 194
12 6 23 5.5 -2 0 0 212
12 6 24 5.5 -2 0 0 383
12 6 25 4.89614 -3 0 0 177
12 6 26 4.89614 -3 0 0 166
12 6 27 5.5 -2 0 0 272
12 6 28 5.5 -2 0 0 316
12 6 29 9.5 -2 0 0 243
12 6 30 5.5 -2 0 0 218
12 6 31 4.89614 -3 0 0 193
12 6 32 5.5 -2 0 0 245
12 6 33 5.5 -2 0 0 219
12 6 34 5.5 -2 0 0 238
12 6 35 4.89614 -3 0 0 182
12 6 36 0 -10 0 0 0
12 6 37 4.89614 -3 0 0 184
12 6 38 9.5 -2 0 0 227
12 6 39 6.5564 0.47923 0.687974 0.380977 284
12 6 40 0 -10 0 0 0
12 6 41 5.5 -2 0 0 237
12 6 42 5.5 -2 0 0 251
12 6 43 5.5 -2 0 0 265
12 6 44 4.89614 -3 0 0 186
12 6 45 4.89614 -3 0 0 189
12 6 46 4.89614 -3 0 0 198
12 6 47 4.89614 -3 0 0 178
12 6 48 4.89614 -3 0 0 181
12 6 49 4.89614 -3 0 0 139
12 6 50 4.89614 -3 0 0 191
12 6 51 4.89614 -3 0 0 180
12 6 52 4.89614 -3 0 0 136
12 6 53 4.89614 -3 0 0 162
12 6 54 5.2339 0.50838 0.466028 0.0906018 211
12 6 55 5.5 -2 0 0 238
12 6 56 4.89614 -3 0 0 194
12 6 57 4.92826 0.482256 0.465532 0.367142 206
12 6 58 4.89614 -3 0 0 147
12 6 59 4.89614 -3 0 0 192
12 6 60 4.89614 -3 0 0 196
12 6 61 5.5 -2 0 0 205
12 6 62 5.5 -2 0 0 227
12 6 63 5.5 -2 0 0 231
12 7 0 8.25004 0.271674 0.1 0.272275 278
12 7 1 5.5 -2 0 0 418
12 7 2 5.48277 0.521921 0.581252 0.107279 374
12 7 3 5.5 -2 0 0 332
12 7 4 0 -10 0 0 0
12 7 5 5.5 -2 0 0 465
12 7 6 5.5 -2 0 0 453
12 7 7 5.5 -2 0 0 413
12 7 8 5.5 -2 0 0 357
12 7 9 5.5 -2 0 0 411
12 7 10 5.5 -2 0 0 527
12 7 11 9.5 -2 0 0 431
12 7 12 5.5 -2 0 0 424
12 7 13 5.5 -2 0 0 591
12 7 14 5.5 -2 0 0 470
12 7 15 5.5 -2 0 0 663
12 7 16 5.5 -2 0 0 509
12 7 17 5.5 -2 0 0 628
12 7 18 5.5 -2 0 0 731
12 7 19 5.82009 0.494357 0.758324 0.0287875 541
12 7 20 5.5 -2 0 0 686
12 7 21 9.5 -2 0 0 560
12 7 22 5.5 -2 0 0 314
12 7 23 5.5 -2 0 0 301
12 7 24 5.5 -2 0 0 664
12 7 25 5.5 -2 0 0 726
12 7 26 5.32069 0.453067 0.762434 0.14408 496
12 7 27 5.5 -2 0 0 601
12 7 28 5.5 -2 0 0 408
12 7 29 0 -10 0 0 0
12 7 30 6.85832 0.651262 0.230201 0.237451 293
12 7 31 5.5 -2 0 0 531
12 7 32 5.03379 0.443304 0.561317 0.0483944 530
12 7 33 8.50651 0.638804 0.727745 0.425985 360
12 7 34 5.5 -2 0 0 893
12 7 35 5.5 -2 0 0 408
12 7 36 5.5 -2 0 0 378
12 7 37 5.73155 0.515386 0.567737 0.293583 940
12 7 38 5.5 -2 0 0 881
12 7 39 0 -10 0 0 0
12 7 40 9.40918 0.63529 0.113581 0.476423 395
12 7 41 5.5 -2 0 0 511
12 7 42 5.5 -2 0 0 594
12 7 43 5.5 -2 0 0 504
12 7 44 0 -10 0 0 0
12 7 45 0 -10 0 0 0
12 7 46 5.5 -2 0 0 1050
12 7 47 8.59713 0.632969 0.585256 0.233892 1168
12 7 48 5.5 -2 0 0 610
12 7 49 5.5 -2 0 0 482
12 7 50 5.5 -2 0 0 555
12 7 51 5.5 -2 0 0 717
12 7 52 5.5 -2 0 0 780
12 7 53 5.5 -2 0 0 899
12 7 54 0 -10 0 0 0
12 7 55 1.5 -2 0 0 656
12 7 56 0 -10 0 0 0
12 7 57 5.5 -2 0 0 770
12 7 58 5.5 -2 0 0 809
12 7 59 0 -10 0 0 0
12 7 60 5.5 -2 0 0 681
12 7 61 5.5 -2 0 0 573
12 7 62 5.5 -2 0 0 626
12 7 63 9.5 -2 0 0 496
12 8 0 5.01813 -6 0 0 180
12 8 1 5.5 -2 0 0 221
12 8 2 5.01813 -6 0 0 147
12 8 3 5.01813 -6 0 0 193
12 8 4 5.5 -2 0 0 213
12 8 5 5.01813 -6 0 0 196
12 8 6 5.01813 -6 0 0 186
12 8 7 0 -10 0 0 0
12 8 8 5.5 -2 0 0 214
12 8 9 5.5 -2 0 0 242
12 8 10 5.01813 -6 0 0 180
12 8 11 5.01813 -6 0 0 178
12 8 12 5.01813 -6 0 0 187
12 8 13 5.5 -2 0 0 222
12 8 14 5.01813 -6 0 0 176
12 8 15 5.5 -2 0 0 206
12 8 16 5.01813 -6 0 0 164
12 8 17 5.5 -2 0 0 238
12 8 18 1.5 -2 0 0 269
12 8 19 5.5 -2 0 0 230
12 8 20 5.5 -2 0 0 210
12 8 21 5.85596 0.556288 0.672382 0.351483 248
12 8 22 4.70732 0.448263 0.770691 0.189448 223
12 8 23 5.5 -2 0 0 236
12 8 24 5.5 -2 0 0 214
12 8 25 0 -10 0 0 0
12 8 26 5.5 -2 0 0 229
12 8 27 5.93181 0.551175 0.603659 0.236499 226
12 8 28 5.01813 -6 0 0 169
12 8 29 5.62361 0.480392 0.540225 0.210074 250
12 8 30 5.5 -2 0 0 206
12 8 31 0 -10 0 0 0
12 8 32 5.5 -2 0 0 273
12 8 33 5.5 -2 0 0 234
12 8 34 5.5 -2 0 0 296
12 8 35 5.5 -2 0 0 241
12 8 36 5.5 -2 0 0 241
12 8 37 5.5 -2 0 0 275
12 8 38 5.5 -2 0 0 279
12 8 39 5.5 -2 0 0 242
12 8 40 1.5 -2 0 0 274
12 8 41 5.5 -2 0 0 284
12 8 42 5.5 -2 0 0 293
12 8 43 5.5 -2 0 0 283
12 8 44 5.5 -2 0 0 227
12 8 45 5.5 -2 0 0 295
12 8 46 5.03949 0.338171 0.131517 0.257157 325
12 8 47 5.5 -2 0 0 409
12 8 48 5.5 -2 0 0 424
12 8 49 5.5 -2 0 0 328
12 8 50 5.5 -2 0 0 360
12 8 51 5.5 -2 0 0 365
12 8 52 5.5 -2 0 0 258
12 8 53 5.5 -2 0 0 327
12 8 54 5.5 -2 0 0 235
12 8 55 5.5 -2 0 0 350
12 8 56 5.5 -2 0 0 270
12 8 57 1.5 -2 0 0 347
12 8 58 5.5 -2 0 0 303
12 8 59 5.5 -2 0 0 356
12 8 60 5.5 -2 0 0 277
12 8 61 5.5 -2 0 0 313
12 8 62 5.5 -2 0 0 284
12 8 63 1.5 -2 0 0 358
12 9 0 0 -10 0 0 0
12 9 1 5.5 -2 0 0 395
12 9 2 5.5 -2 0 0 329
12 9 3 5.5 -2 0 0 313
12 9 4 5.5 -2 0 0 287
12 9 5 5.5 -2 0 0 386
12 9 6 5.5 -2 0 0 356
12 9 7 0 -10 0 0 0
12 9 8 5.5 -2 0 0 395
12 9 9 0 -10 0 0 0
12 9 10 0 -10 0 0 0
12 9 11 6.05765 0.536855 0.870239 0.190742 295
12 9 12 5.5 -2 0 0 362
12 9 13 5.5 -2 0 0 360
12 9 14 5.5 -2 0 0 324
12 9 15 5.5 -2 0 0 410
12 9 16 5.5 -2 0 0 372
12 9 17 5.5 -2 0 0 324
12 9 18 5.5 -2 0 0 308
12 9 19 5.5 -2 0 0 256
12 9 20 0 -10 0 0 0
12 9 21 5.5 -2 0 0 299
12 9 22 5.5 -2 0 0 217
12 9 23 5.5 -2 0 0 276
12 9 24 5.5 -2 0 0 221
12 9 25 6.12553 0.534934 0.408197 0.352978 224
12 9 26 5.5 -2 0 0 287
12 9 27 5.5 -2 0 0 245
12 9 28 5.5 -2 0 0 201
12 9 29 5.5 -2 0 0 299
12 9 30 0 -10 0 0 0
12 9 31 9.5 -2 0 0 209
12 9 32 9.5 -2 0 0 244
12 9 33 0 -10 0 0 0
12 9 34 5.5 -2 0 0 241
12 9 35 5.5 -2 0 0 258
12 9 36 5.5 -2 0 0 225
12 9 37 5.5 -2 0 0 230
12 9 38 5.5 -2 0 0 223
12 9 39 5.5 -2 0 0 221
12 9 40 0 -10 0 0 0
12 9 41 5.5 -2 0 0 203
12 9 42 4.93264 -3 0 0 169
12 9 43 9.5 -2 0 0 223
12 9 44 9.5 -2 0 0 207
12 9 45 5.5 -2 0 0 239
12 9 46 0 -10 0 0 0
12 9 47 4.93264 -3 0 0 197
12 9 48 5.5 -2 0 0 231
12 9 49 4.93264 -3 0 0 160
12 9 50 0 -10 0 0 0
12 9 51 4.93264 -3 0 0 182
12 9 52 4.93264 -3 0 0 174
12 9 53 4.93264 -3 0 0 178
12 9 54 4.93264 -3 0 0 155
12 9 55 4.93264 -3 0 0 194
12 9 56 4.93264 -3 0 0 186
12 9 57 4.93264 -3 0 0 148
12 9 58 4.93264 -3 0 0 193
12 9 59 0 -10 0 0 0
12 9 60 4.93264 -3 0 0 174
12 9 61 4.93264 -3 0 0 178
12 9 62 5.5 -2 0 0 224
12 9 63 4.93264 -3 0 0 196
12 10 0 5.5 -2 0 0 552
12 10 1 9.5 -2 0 0 506
12 10 2 5.5 -2 0 0 439
12 10 3 5.5 -2 0 0 410
12 10 4 5.5 -2 0 0 436
12 10 5 6.46735 0.457659 0.533103 0.35491 459
12 10 6 5.5 -2 0 0 481
12 10 7 5.5 -2 0 0 437
12 10 8 5.5 -2 0 0 454
12 10 9 9.5 -2 0 0 434
12 10 10 4.92251 0.475918 0.815174 0.0387714 342
12 10 11 9.5 -2 0 0 425
12 10 12 5.5 -2 0 0 363
12 10 13 5.5 -2 0 0 373
12 10 14 5.5 -2 0 0 433
12 10 15 5.5 -2 0 0 481
12 10 16 5.39363 0.454431 0.753527 0.155624 422
12 10 17 5.5 -2 0 0 504
12 10 18 9.5 -2 0 0 515
12 10 19 5.5 -2 0 0 452
12 10 20 5.5 -2 0 0 464
12 10 21 5.5 -2 0 0 487
12 10 22 7.97927 0.560571 0.594489 0.372637 407
12 10 23 1.5 -2 0 0 566
12 10 24 5.5 -2 0 0 554
12 10 25 5.5 -2 0 0 416
12 10 26 5.5 -2 0 0 547
12 10 27 5.72543 0.451851 0.638232 0.166615 501
12 10 28 5.5 -2 0 0 547
12 10 29 5.5 -2 0 0 559
12 10 30 0 -10 0 0 0
12 10 31 5.5 -2 0 0 664
12 10 32 5.5 -2 0 0 499
12 10 33 5.5 -2 0 0 547
12 10 34 9.5 -2 0 0 502
12 10 35 0 -10 0 0 0
12 10 36 5.5 -2 0 0 701
12 10 37 5.5 -2 0 0 505
12 10 38 5.5 -2 0 0 673
12 10 39 5.5 -2 0 0 844
12 10 40 5.5 -2 0 0 616
12 10 41 5.5 -2 0 0 748
12 10 42 5.5 -2 0 0 688
12 10 43 5.5 -2 0 0 653
12 10 44 5.5 -2 0 0 606
12 10 45 5.5 -2 0 0 692
12 10 46 5.5 -2 0 0 663
12 10 47 5.5 -2 0 0 915
12 10 48 5.5 -2 0 0 802
12 10 49 5.5 -2 0 0 1075
12 10 50 5.5 -2 0 0 1113
12 10 51 9.5 -2 0 0 1094
12 10 52 5.5 -2 0 0 615
12 10 53 1.5 -2 0 0 774
12 10 54 5.5 -2 0 0 1092
12 10 55 5.5 -2 0 0 1190
12 10 56 5.5 -2 0 0 1213
12 10 57 5.5 -2 0 0 1248
12 10 58 5.5 -2 0 0 973
12 10 59 5.5 -2 0 0 726
12 10 60 5.5 -2 0 0 659
12 10 61 5.5 -2 0 0 941
12 10 62 1.5 -2 0 0 820
12 10 63 5.5 -2 0 0 813
12 11 0 5.5 -2 0 0 1022
12 11 1 5.5 -2 0 0 904
12 11 2 5.5 -2 0 0 832
12 11 3 1.5 -2 0 0 857
12 11 4 5.5 -2 0 0 719
12 11 5 5.5 -2 0 0 1204
12 11 6 5.5 -2 0 0 668
12 11 7 5.5 -2 0 0 1167
12 11 8 5.5 -2 0 0 1207
12 11 9 5.5 -2 0 0 1210
12 11 10 5.88002 0.578014 0.676041 0.209745 1025
12 11 11 5.5261 0.47372 0.121029 0.205064 638
12 11 12 5.5 -2 0 0 638
12 11 13 5.5 -2 0 0 897
12 11 14 5.5 -2 0 0 918
12 11 15 5.5 -2 0 0 758
12 11 16 5.5 -2 0 0 706
12 11 17 5.5 -2 0 0 598
12 11 18 5.5 -2 0 0 876
12 11 19 5.5 -2 0 0 577
12 11 20 5.5 -2 0 0 681
12 11 21 5.5 -2 0 0 811
12 11 22 9.5 -2 0 0 865
12 11 23 5.5 -2 0 0 665
12 11 24 6.51297 0.404615 0.111991 0.188047 543
12 11 25 5.5 -2 0 0 550
12 11 26 0 -10 0 0 0
12 11 27 5.5 -2 0 0 751
12 11 28 0 -10 0 0 0
12 11 29 5.5 -2 0 0 528
12 11 30 0 -10 0 0 0
12 11 31 5.5 -2 0 0 556
12 11 32 5.5 -2 0 0 560
12 11 33 0 -10 0 0 0
12 11 34 5.5 -2 0 0 498
12 11 35 5.5 -2 0 0 551
12 11 36 5.5 -2 0 0 560
12 11 37 5.5 -2 0 0 402
12 11 38 5.5 -2 0 0 398
12 11 39 5.5 -2 0 0 509
12 11 40 0 -10 0 0 0
12 11 41 5.59765 0.466056 0.59705 0.0567825 525
12 11 42 5.5 -2 0 0 476
12 11 43 5.5 -2 0 0 473
12 11 44 5.5 -2 0 0 382
12 11 45 5.5 -2 0 0 365
12 11 46 5.05716 0.498777 0.593111 0.01179 343
12 11 47 5.5 -2 0 0 392
12 11 48 5.5 -2 0 0 481
12 11 49 6.65467 0.537239 0.878495 0.296171 322
12 11 50 5.5 -2 0 0 351
12 11 51 5.5 -2 0 0 400
12 11 52 5.5 -2 0 0 360
12 11 53 5.5 -2 0 0 350
12 11 54 5.5 -2 0 0 352
12 11 55 5.5 -2 0 0 376
12 11 56 5.5 -2 0 0 419
12 11 57 5.5 -2 0 0 437
12 11 58 5.5 -2 0 0 558
12 11 59 1.5 -2 0 0 426
12 11 60 5.5 -2 0 0 462
12 11 61 4.8564 0.373133 0.1 0.212959 415
12 11 62 5.5 -2 0 0 354
12 11 63 9.5 -2 0 0 443
12 12 0 5.5 -2 0 0 1256
12 12 1 5.5 -2 0 0 1091
12 12 2 5.5 -2 0 0 1037
12 12 3 5.5 -2 0 0 932
12 12 4 1.5 -2 0 0 968
12 12 5 1.5 -2 0 0 953
12 12 6 5.5 -2 0 0 1214
12 12 7 5.5 -2 0 0 1097
12 12 8 5.5 -2 0 0 1062
12 12 9 5.5 -2 0 0 929
12 12 10 0 -10 0 0 0
12 12 11 1.5 -2 0 0 919
12 12 12 5.5 -2 0 0 990
12 12 13 5.5 -2 0 0 918
12 12 14 5.5 -2 0 0 863
12 12 15 5.5 -2 0 0 948
12 12 16 5.5 -2 0 0 934
12 12 17 5.5 -2 0 0 978
12 12 18 5.5 -2 0 0 857
12 12 19 5.5 -2 0 0 977
12 12 20 1.5 -2 0 0 1004
12 12 21 9.5 -2 0 0 1278
12 12 22 1.5 -2 0 0 1072
12 12 23 4.68085 0.41679 0.903401 0.0656054 1049
12 12 24 0 -10 0 0 0
12 12 25 4.60029 0.424934 0.785362 0.0432808 995
12 12 26 5.5 -2 0 0 1002
12 12 27 5.5 -2 0 0 913
12 12 28 5.13482 0.512472 0.640411 0.122087 1165
12 12 29 5.5 -2 0 0 1336
12 12 30 0 -10 0 0 0
12 12 31 5.5 -2 0 0 1299
12 12 32 5.5 -2 0 0 968
12 12 33 5.5 -2 0 0 1039
12 12 34 0 -10 0 0 0
12 12 35 5.5 -2 0 0 1236
12 12 36 1.5 -2 0 0 1268
12 12 37 9.5 -2 0 0 1008
12 12 38 5.5 -2 0 0 1507
12 12 39 5.5 -2 0 0 1670
12 12 40 5.63919 0.48727 0.668161 0.0991895 943
12 12 41 9.02031 0.573474 0.610776 0.423907 1321
12 12 42 5.5 -2 0 0 1230
12 12 43 9.5 -2 0 0 1135
12 12 44 5.49201 0.54587 0.631935 0.229847 1152
12 12 45 5.5 -2 0 0 1166
12 12 46 5.5 -2 0 0 1086
12 12 47 5.5 -2 0 0 1262
12 12 48 5.5 -2 0 0 1083
12 12 49 4.80801 0.4582 1.08972 0.0424846 1132
12 12 50 5.5 -2 0 0 1384
12 12 51 4.66725 0.417787 0.762371 0.0144773 1345
12 12 52 5.5 -2 0 0 1017
12 12 53 5.5 -2 0 0 1168
12 12 54 6.23822 0.594365 0.471713 0.248293 1505
12 12 55 5.36902 0.460461 0.761515 0.130577 1456
12 12 56 5.5 -2 0 0 1584
12 12 57 5.5 -2 0 0 1777
12 12 58 5.5 -2 0 0 1555
12 12 59 5.5 -2 0 0 1055
12 12 60 5.5 -2 0 0 1277
12 12 61 5.5 -2 0 0 1247
12 12 62 5.5 -2 0 0 1399
12 12 63 0 -10 0 0 0
12 13 0 8.06187 0.556396 0.734626 0.313327 1620
12 13 1 5.5 -2 0 0 1264
12 13 2 5.5 -2 0 0 1294
12 13 3 5.5 -2 0 0 1223
12 13 4 9.5 -2 0 0 1067
12 13 5 5.5 -2 0 0 1764
12 13 6 5.5 -2 0 0 971
12 13 7 5.5 -2 0 0 1380
12 13 8 5.5 -2 0 0 1614
12 13 9 6.75805 0.548941 0.657569 0.225554 1258
12 13 10 5.5 -2 0 0 1243
12 13 11 5.5 -2 0 0 911
12 13 12 9.5 -2 0 0 906
12 13 13 6.28563 0.604676 0.683175 0.10787 1181
12 13 14 5.69998 0.409523 0.794518 0.156061 1189
12 13 15 5.38991 0.47405 0.966801 0.0172207 982
12 13 16 6.2853 0.461909 0.748383 0.17456 1117
12 13 17 5.5 -2 0 0 915
12 13 18 5.5 -2 0 0 1185
12 13 19 5.5 -2 0 0 986
12 13 20 5.5 -2 0 0 1193
12 13 21 1.5 -2 0 0 1396
12 13 22 8.21911 0.682337 0.597113 0.353704 1551
12 13 23 0 -10 0 0 0
12 13 24 0 -10 0 0 0
12 13 25 5.5 -2 0 0 1070
12 13 26 0 -10 0 0 0
12 13 27 5.5 -2 0 0 1263
12 13 28 0 -10 0 0 0
12 13 29 5.5 -2 0 0 1018
12 13 30 0 -10 0 0 0
12 13 31 5.5 -2 0 0 1221
12 13 32 1.5 -2 0 0 957
12 13 33 0 -10 0 0 0
12 13 34 9.5 -2 0 0 946
12 13 35 5.9273 0.547677 0.434115 0.0528995 1117
12 13 36 5.5 -2 0 0 963
12 13 37 0 -10 0 0 0
12 13 38 5.5 -2 0 0 913
12 13 39 6.79015 0.614242 0.370513 0.0974326 941
12 13 40 9.5 -2 0 0 1114
12 13 41 5.5 -2 0 0 1240
12 13 42 0 -10 0 0 0
12 13 43 5.5 -2 0 0 1059
12 13 44 9.5 -2 0 0 974
12 13 45 5.40036 0.48645 0.749897 0.0330883 800
12 13 46 5.5 -2 0 0 753
12 13 47 5.5 -2 0 0 390
12 13 48 9.5 -2 0 0 819
12 13 49 5.5 -2 0 0 493
12 13 50 5.5 -2 0 0 603
12 13 51 5.5 -2 0 0 821
12 13 52 5.5 -2 0 0 662
12 13 53 9.5 -2 0 0 949
12 13 54 5.5 -2 0 0 922
12 13 55 9.5 -2 0 0 951
12 13 56 5.5 -2 0 0 938
12 13 57 9.5 -2 0 0 1117
12 13 58 5.5 -2 0 0 1008
12 13 59 5.5 -2 0 0 821
12 13 60 5.5 -2 0 0 954
12 13 61 7.95147 0.581438 0.701736 0.308509 805
12 13 62 5.5 -2 0 0 787
12 13 63 5.5 -2 0 0 945
12 14 0 5.5 -2 0 0 1559
12 14 1 5.79444 0.4482 0.905106 0.0708678 1597
12 14 2 5.5 -2 0 0 1337
12 14 3 5.31148 0.462696 0.88431 0.0507295 1739
12 14 4 5.78773 0.554296 0.524033 0.0787026 1225
12 14 5 5.5 -2 0 0 1373
12 14 6 9.5 -2 0 0 1545
12 14 7 5.5 -2 0 0 1197
12 14 8 5.5 -2 0 0 1336
12 14 9 5.11857 0.433409 0.677692 0.116951 1173
12 14 10 9.5 -2 0 0 1455
12 14 11 0 -10 0 0 0
12 14 12 5.28024 0.46999 0.807263 0.0128998 1329
12 14 13 0 -10 0 0 0
12 14 14 5.5 -2 0 0 1574
12 14 15 5.5 -2 0 0 1148
12 14 16 5.5 -2 0 0 1243
12 14 17 0 -10 0 0 0
12 14 18 5.5 -2 0 0 1035
12 14 19 1.5 -2 0 0 1266
12 14 20 5.5 -2 0 0 1107
12 14 21 5.46623 0.461358 0.78665 0.0802941 1074
12 14 22 5.5 -2 0 0 1508
12 14 23 5.5 -2 0 0 1109
12 14 24 5.61067 0.440624 0.588728 0.0470624 1065
12 14 25 9.5 -2 0 0 1063
12 14 26 5.5 -2 0 0 1001
12 14 27 5.17084 0.44778 0.901945 0.0337466 1188
12 14 28 1.5 -2 0 0 978
12 14 29 5.5 -2 0 0 897
12 14 30 0 -10 0 0 0
12 14 31 9.5 -2 0 0 884
12 14 32 5.5 -2 0 0 1015
12 14 33 5.5 -2 0 0 960
12 14 34 5.5 -2 0 0 967
12 14 35 10.6496 0.531865 0.482964 0.549797 1095
12 14 36 5.5 -2 0 0 1071
12 14 37 9.5 -2 0 0 989
12 14 38 5.67506 0.39547 0.693809 0.0487238 840
12 14 39 9.5 -2 0 0 924
12 14 40 5.49338 0.405452 0.831847 0.0331743 947
12 14 41 5.5 -2 0 0 792
12 14 42 5.5 -2 0 0 972
12 14 43 6.13012 0.56906 0.582211 0.247479 837
12 14 44 5.5 -2 0 0 709
12 14 45 5.47347 0.503556 0.682473 0.0407004 933
12 14 46 5.5 -2 0 0 771
12 14 47 5.5 -2 0 0 758
12 14 48 5.5 -2 0 0 671
12 14 49 5.5 -2 0 0 692
12 14 50 5.5 -2 0 0 642
12 14 51 5.5 -2 0 0 714
12 14 52 5.5 -2 0 0 764
12 14 53 0 -10 0 0 0
12 14 54 5.5 -2 0 0 788
12 14 55 5.5 -2 0 0 787
12 14 56 5.5 -2 0 0 720
12 14 57 4.73484 0.416469 0.986817 0.0904035 667
12 14 58 1.5 -2 0 0 928
12 14 59 5.5 -2 0 0 792
12 14 60 9.5 -2 0 0 807
12 14 61 5.5 -2 0 0 945
12 14 62 5.5 -2 0 0 828
12 14 63 0 -10 0 0 0
12 15 0 5.5 -2 0 0 787
12 15 1 0 -10 0 0 0
12 15 2 5.5 -2 0 0 722
12 15 3 4.59 0.441318 0.865319 0.0409414 751
12 15 4 5.5 -2 0 0 809
12 15 5 5.5 -2 0 0 656
12 15 6 5.5 -2 0 0 673
12 15 7 5.96332 0.53705 0.460498 0.343298 701
12 15 8 9.5 -2 0 0 658
12 15 9 5.5 -2 0 0 622
12 15 10 9.5 -2 0 0 519
12 15 11 5.5 -2 0 0 1114
12 15 12 0 -10 0 0 0
12 15 13 5.5 -2 0 0 662
12 15 14 5.5 -2 0 0 583
12 15 15 5.5 -2 0 0 570
12 15 16 5.5 -2 0 0 772
12 15 17 5.5 -2 0 0 654
12 15 18 5.5 -2 0 0 712
12 15 19 5.5 -2 0 0 771
12 15 20 5.5 -2 0 0 813
12 15 21 5.5 -2 0 0 823
12 15 22 1.5 -2 0 0 840
12 15 23 5.5 -2 0 0 824
12 15 24 5.5 -2 0 0 954
12 15 25 5.5 -2 0 0 717
12 15 26 5.5 -2 0 0 724
12 15 27 4.92136 0.438858 0.730348 0.0519964 816
12 15 28 5.5 -2 0 0 934
12 15 29 5.5 -2 0 0 1101
12 15 30 5.47528 0.502956 0.618645 0.0562291 796
12 15 31 5.5 -2 0 0 949
12 15 32 5.5 -2 0 0 822
12 15 33 0 -10 0 0 0
12 15 34 0 -10 0 0 0
12 15 35 5.40232 0.476362 0.680905 0.0840242 1056
12 15 36 1.5 -2 0 0 794
12 15 37 0 -10 0 0 0
12 15 38 5.5 -2 0 0 1181
12 15 39 5.5 -2 0 0 1031
12 15 40 9.5 -2 0 0 966
12 15 41 5.2571 0.487477 0.653535 0.058366 1027
12 15 42 9.5 -2 0 0 1208
12 15 43 5.5 -2 0 0 1320
12 15 44 0 -10 0 0 0
12 15 45 5.5 -2 0 0 954
12 15 46 0 -10 0 0 0
12 15 47 1.5 -2 0 0 1007
12 15 48 5.5 -2 0 0 901
12 15 49 5.5 -2 0 0 1648
12 15 50 0 -10 0 0 0
12 15 51 5.5 -2 0 0 1058
12 15 52 0 -10 0 0 0
12 15 53 5.5 -2 0 0 1512
12 15 54 5.5 -2 0 0 1265
12 15 55 5.5 -2 0 0 1337
12 15 56 5.5 -2 0 0 1117
12 15 57 5.5 -2 0 0 1253
12 15 58 5.5 -2 0 0 1249
12 15 59 5.5 -2 0 0 1161
12 15 60 0 -10 0 0 0
12 15 61 5.5 -2 0 0 1678
12 15 62 1.5 -2 0 0 1550
12 15 63 5.5 -2 0 0 1370
13 0 0 1.5 -2 0 0 382
13 0 1 1.5 -2 0 0 365
13 0 2 1.5 -2 0 0 336
13 0 3 1.5 -2 0 0 389
13 0 4 5.5 -2 0 0 456
13 0 5 1.5 -2 0 0 396
13 0 6 1.5 -2 0 0 329
13 0 7 1.5 -2 0 0 443
13 0 8 1.5 -2 0 0 438
13 0 9 5.5 -2 0 0 344
13 0 10 1.5 -2 0 0 302
13 0 11 1.5 -2 0 0 443
13 0 12 5.5 -2 0 0 421
13 0 13 5.5 -2 0 0 396
13 0 14 5.5 -2 0 0 483
13 0 15 5.5 -2 0 0 419
13 0 16 5.5 -2 0 0 328
13 0 17 1.5 -2 0 0 486
13 0 18 6.2442 0.287431 0.1 0.0935294 434
13 0 19 5.5 -2 0 0 442
13 0 20 5.5 -2 0 0 439
13 0 21 5.5 -2 0 0 322
13 0 22 1.5 -2 0 0 434
13 0 23 1.5 -2 0 0 448
13 0 24 1.5 -2 0 0 442
13 0 25 5.5 -2 0 0 462
13 0 26 5.5 -2 0 0 545
13 0 27 5.5 -2 0 0 369
13 0 28 1.5 -2 0 0 437
13 0 29 1.5 -2 0 0 477
13 0 30 5.5 -2 0 0 452
13 0 31 5.5 -2 0 0 503
13 0 32 5.5 -2 0 0 434
13 0 33 5.5 -2 0 0 475
13 0 34 5.5 -2 0 0 525
13 0 35 1.5 -2 0 0 442
13 0 36 5.5 -2 0 0 588
13 0 37 4.94085 0.433143 0.378574 0.22033 545
13 0 38 5.5 -2 0 0 512
13 0 39 6.57473 0.291457 0.114181 0.492262 583
13 0 40 5.5 -2 0 0 494
13 0 41 1.5 -2 0 0 455
13 0 42 4.75494 0.436426 0.174546 0.153389 520
13 0 43 1.5 -2 0 0 528
13 0 44 1.5 -2 0 0 481
13 0 45 1.5 -2 0 0 444
13 0 46 1.5 -2 0 0 572
13 0 47 5.5 -2 0 0 563
13 0 48 1.5 -2 0 0 492
13 0 49 5.5 -2 0 0 568
13 0 50 1.5 -2 0 0 530
13 0 51 1.5 -2 0 0 643
13 0 52 5.5 -2 0 0 538
13 0 53 1.5 -2 0 0 521
13 0 54 5.5 -2 0 0 505
13 0 55 1.5 -2 0 0 591
13 0 56 5.5 -2 0 0 561
13 0 57 1.5 -2 0 0 583
13 0 58 1.5 -2 0 0 533
13 0 59 1.5 -2 0 0 571
13 0 60 5.5 -2 0 0 528
13 0 61 1.5 -2 0 0 698
13 0 62 1.5 -2 0 0 634
13 0 63 1.5 -2 0 0 575
13 1 0 5.5 -2 0 0 645
13 1 1 5.5 -2 0 0 662
13 1 2 1.5 -2 0 0 615
13 1 3 1.5 -2 0 0 599
13 1 4 5.5 -2 0 0 516
13 1 5 5.5 -2 0 0 565
13 1 6 4.94995 0.444387 0.336993 0.181322 637
13 1 7 5.5 -2 0 0 826
13 1 8 1.5 -2 0 0 642
13 1 9 5.5 -2 0 0 719
13 1 10 5.5 -2 0 0 704
13 1 11 5.5 -2 0 0 575
13 1 12 5.5 -2 0 0 591
13 1 13 5.17237 0.46805 0.249783 0.265536 552
13 1 14 5.5 -2 0 0 616
13 1 15 1.5 -2 0 0 573
13 1 16 5.5 -2 0 0 960
13 1 17 5.5 -2 0 0 556
13 1 18 1.5 -2 0 0 594
13 1 19 4.89296 0.478156 0.317554 0.242416 654
13 1 20 1.5 -2 0 0 608
13 1 21 1.5 -2 0 0 763
13 1 22 5.5 -2 0 0 668
13 1 23 5.5 -2 0 0 490
13 1 24 5.5 -2 0 0 573
13 1 25 5.5 -2 0 0 669
13 1 26 4.82091 0.427715 0.377677 0.221072 588
13 1 27 5.5 -2 0 0 590
13 1 28 1.5 -2 0 0 570
13 1 29 5.5 -2 0 0 515
13 1 30 4.64044 0.412456 0.310547 0.376768 471
13 1 31 1.5 -2 0 0 669
13 1 32 5.5 -2 0 0 580
13 1 33 5.5 -2 0 0 500
13 1 34 5.5 -2 0 0 556
13 1 35 1.5 -2 0 0 634
13 1 36 5.5 -2 0 0 526
13 1 37 5.59749 0.279834 0.1 0.475056 460
13 1 38 1.5 -2 0 0 563
13 1 39 5.5 -2 0 0 397
13 1 40 1.5 -2 0 0 370
13 1 41 1.5 -2 0 0 487
13 1 42 1.5 -2 0 0 471
13 1 43 5.5 -2 0 0 529
13 1 44 1.5 -2 0 0 553
13 1 45 1.5 -2 0 0 567
13 1 46 1.5 -2 0 0 548
13 1 47 5.5 -2 0 0 473
13 1 48 1.5 -2 0 0 564
13 1 49 1.5 -2 0 0 405
13 1 50 5.5 -2 0 0 544
13 1 51 5.5 -2 0 0 398
13 1 52 1.5 -2 0 0 446
13 1 53 5.5 -2 0 0 397
13 1 54 5.5 -2 0 0 484
13 1 55 1.5 -2 0 0 489
13 1 56 1.5 -2 0 0 396
13 1 57 1.5 -2 0 0 390
13 1 58 1.5 -2 0 0 453
13 1 59 1.5 -2 0 0 499
13 1 60 5.5 -2 0 0 386
13 1 61 1.5 -2 0 0 365
13 1 62 1.5 -2 0 0 487
13 1 63 5.5 -2 0 0 466
13 2 0 1.5 -2 0 0 698
13 2 1 1.5 -2 0 0 740
13 2 2 1.5 -2 0 0 596
13 2 3 1.5 -2 0 0 529
13 2 4 1.5 -2 0 0 592
13 2 5 5.5 -2 0 0 549
13 2 6 5.5 -2 0 0 591
13 2 7 1.5 -2 0 0 505
13 2 8 5.13951 0.469315 0.268678 0.546109 608
13 2 9 1.5 -2 0 0 563
13 2 10 5.5 -2 0 0 498
13 2 11 5.5 -2 0 0 667
13 2 12 5.5 -2 0 0 524
13 2 13 1.5 -2 0 0 484
13 2 14 4.88225 0.433011 0.272558 0.322149 714
13 2 15 1.5 -2 0 0 611
13 2 16 1.5 -2 0 0 524
13 2 17 4.85412 0.446464 0.22726 0.192864 648
13 2 18 5.5 -2 0 0 534
13 2 19 5.5 -2 0 0 570
13 2 20 5.5 -2 0 0 598
13 2 21 1.5 -2 0 0 557
13 2 22 1.5 -2 0 0 507
13 2 23 1.5 -2 0 0 627
13 2 24 5.5 -2 0 0 587
13 2 25 5.5 -2 0 0 529
13 2 26 1.5 -2 0 0 682
13 2 27 5.5 -2 0 0 597
13 2 28 5.42549 0.396449 0.30367 0.386343 575
13 2 29 1.5 -2 0 0 716
13 2 30 5.61472 0.48487 0.110721 0.310577 566
13 2 31 5.5 -2 0 0 566
13 2 32 1.5 -2 0 0 520
13 2 33 4.70132 0.459579 0.525077 0.215864 559
13 2 34 1.5 -2 0 0 762
13 2 35 5.5 -2 0 0 544
13 2 36 1.5 -2 0 0 597
13 2 37 5.5 -2 0 0 639
13 2 38 1.5 -2 0 0 647
13 2 39 1.5 -2 0 0 764
13 2 40 1.5 -2 0 0 633
13 2 41 1.5 -2 0 0 605
13 2 42 1.5 -2 0 0 623
13 2 43 1.5 -2 0 0 745
13 2 44 1.5 -2 0 0 555
13 2 45 4.69398 0.440556 0.115649 0.169807 570
13 2 46 1.5 -2 0 0 748
13 2 47 5.5 -2 0 0 707
13 2 48 1.5 -2 0 0 672
13 2 49 5.5 -2 0 0 789
13 2 50 1.5 -2 0 0 583
13 2 51 1.5 -2 0 0 899
13 2 52 1.5 -2 0 0 722
13 2 53 5.5 -2 0 0 695
13 2 54 5.5 -2 0 0 655
13 2 55 1.5 -2 0 0 782
13 2 56 1.5 -2 0 0 809
13 2 57 1.5 -2 0 0 776
13 2 58 1.5 -2 0 0 658
13 2 59 1.5 -2 0 0 844
13 2 60 1.5 -2 0 0 664
13 2 61 1.5 -2 0 0 1028
13 2 62 1.5 -2 0 0 916
13 2 63 5.5 -2 0 0 729
13 3 0 1.5 -2 0 0 1360
13 3 1 1.5 -2 0 0 1384
13 3 2 1.5 -2 0 0 1456
13 3 3 5.25104 0.421875 0.258402 0.246354 1597
13 3 4 5.5 -2 0 0 1164
13 3 5 1.5 -2 0 0 1381
13 3 6 4.70014 0.456467 0.281205 0.274703 1611
13 3 7 5.5 -2 0 0 669
13 3 8 1.5 -2 0 0 1207
13 3 9 1.5 -2 0 0 2008
13 3 10 1.5 -2 0 0 2119
13 3 11 1.5 -2 0 0 1182
13 3 12 1.5 -2 0 0 1455
13 3 13 1.5 -2 0 0 1563
13 3 14 1.5 -2 0 0 1096
13 3 15 5.5 -2 0 0 1382
13 3 16 5.5 -2 0 0 2705
13 3 17 1.5 -2 0 0 1046
13 3 18 5.5 -2 0 0 1312
13 3 19 1.5 -2 0 0 1922
13 3 20 5.5 -2 0 0 1082
13 3 21 1.5 -2 0 0 1807
13 3 22 1.5 -2 0 0 1751
13 3 23 4.59507 0.214788 0.1 0.493733 1027
13 3 24 5.63959 0.445813 0.242808 0.459403 1208
13 3 25 5.5 -2 0 0 678
13 3 26 4.93053 0.409898 0.371739 0.376643 991
13 3 27 1.5 -2 0 0 1263
13 3 28 1.5 -2 0 0 1413
13 3 29 5.61681 0.158222 0.1 0.785103 1027
13 3 30 5.5 -2 0 0 1140
13 3 31 1.5 -2 0 0 1506
13 3 32 1.5 -2 0 0 1248
13 3 33 5.66134 0.475344 0.21099 0.286323 1120
13 3 34 5.5 -2 0 0 942
13 3 35 5.5 -2 0 0 1324
13 3 36 1.5 -2 0 0 1001
13 3 37 5.5 -2 0 0 946
13 3 38 1.5 -2 0 0 1130
13 3 39 1.5 -2 0 0 850
13 3 40 1.5 -2 0 0 971
13 3 41 5.5 -2 0 0 1066
13 3 42 1.5 -2 0 0 861
13 3 43 1.5 -2 0 0 858
13 3 44 9.5 -2 0 0 941
13 3 45 1.5 -2 0 0 1034
13 3 46 5.5 -2 0 0 835
13 3 47 1.5 -2 0 0 1122
13 3 48 1.5 -2 0 0 966
13 3 49 1.5 -2 0 0 799
13 3 50 1.5 -2 0 0 939
13 3 51 1.5 -2 0 0 733
13 3 52 1.5 -2 0 0 748
13 3 53 1.5 -2 0 0 890
13 3 54 1.5 -2 0 0 925
13 3 55 4.74613 0.216977 0.1 0.152869 733
13 3 56 1.5 -2 0 0 775
13 3 57 1.5 -2 0 0 804
13 3 58 1.5 -2 0 0 826
13 3 59 1.5 -2 0 0 831
13 3 60 1.5 -2 0 0 877
13 3 61 5.5 -2 0 0 815
13 3 62 1.5 -2 0 0 774
13 3 63 1.5 -2 0 0 753
13 4 0 1.5 -2 0 0 1299
13 4 1 9.5 -2 0 0 1031
13 4 2 6.1907 0.418442 0.357312 0.437627 950
13 4 3 5.5 -2 0 0 695
13 4 4 1.5 -2 0 0 825
13 4 5 5.5 -2 0 0 776
13 4 6 1.5 -2 0 0 838
13 4 7 1.5 -2 0 0 718
13 4 8 5.5 -2 0 0 855
13 4 9 1.5 -2 0 0 833
13 4 10 5.5 -2 0 0 748
13 4 11 1.5 -2 0 0 909
13 4 12 5.84984 0.447741 0.230162 0.482765 821
13 4 13 5.5 -2 0 0 741
13 4 14 5.5 -2 0 0 1219
13 4 15 5.33731 0.501636 0.465465 0.452556 719
13 4 16 5.5 -2 0 0 713
13 4 17 5.5 -2 0 0 1124
13 4 18 5.5 -2 0 0 831
13 4 19 5.5 -2 0 0 706
13 4 20 1.5 -2 0 0 835
13 4 21 5.5 -2 0 0 889
13 4 22 5.5 -2 0 0 676
13 4 23 5.5 -2 0 0 1078
13 4 24 1.5 -2 0 0 986
13 4 25 5.5 -2 0 0 721
13 4 26 5.5 -2 0 0 1251
13 4 27 1.5 -2 0 0 723
13 4 28 5.5 -2 0 0 697
13 4 29 5.5 -2 0 0 1150
13 4 30 5.5 -2 0 0 777
13 4 31 1.5 -2 0 0 760
13 4 32 1.5 -2 0 0 748
13 4 33 5.5 -2 0 0 750
13 4 34 5.5 -2 0 0 1403
13 4 35 5.5 -2 0 0 763
13 4 36 5.5 -2 0 0 763
13 4 37 1.5 -2 0 0 966
13 4 38 6.26988 0.383449 0.489161 0.172813 748
13 4 39 5.5 -2 0 0 1217
13 4 40 5.5 -2 0 0 891
13 4 41 5.5 -2 0 0 749
13 4 42 6.10235 0.442542 0.316468 0.360794 842
13 4 43 5.5 -2 0 0 1187
13 4 44 5.5 -2 0 0 699
13 4 45 5.5 -2 0 0 778
13 4 46 5.5 -2 0 0 1404
13 4 47 1.5 -2 0 0 826
13 4 48 4.68848 0.356156 0.161041 0.26237 815
13 4 49 5.5 -2 0 0 1071
13 4 50 1.5 -2 0 0 822
13 4 51 1.5 -2 0 0 1231
13 4 52 1.5 -2 0 0 1158
13 4 53 5.5 -2 0 0 861
13 4 54 5.5 -2 0 0 885
13 4 55 1.5 -2 0 0 1199
13 4 56 1.5 -2 0 0 971
13 4 57 5.5 -2 0 0 1144
13 4 58 1.5 -2 0 0 907
13 4 59 5.5 -2 0 0 1454
13 4 60 5.5 -2 0 0 783
13 4 61 1.5 -2 0 0 1564
13 4 62 1.5 -2 0 0 1568
13 4 63 5.5 -2 0 0 1019
13 5 0 5.5 -2 0 0 1764
13 5 1 1.5 -2 0 0 1890
13 5 2 5.5 -2 0 0 2081
13 5 3 5.5 -2 0 0 2686
13 5 4 5.5 -2 0 0 2145
13 5 5 5.5 -2 0 0 2169
13 5 6 1.5 -2 0 0 2386
13 5 7 5.5 -2 0 0 3831
13 5 8 5.5 -2 0 0 2001
13 5 9 1.5 -2 0 0 2889
13 5 10 5.5 -2 0 0 3375
13 5 11 1.5 -2 0 0 1861
13 5 12 1.5 -2 0 0 2409
13 5 13 5.5 -2 0 0 2940
13 5 14 1.5 -2 0 0 1592
13 5 15 5.5 -2 0 0 2697
13 5 16 1.5 -2 0 0 4159
13 5 17 5.5 -2 0 0 1767
13 5 18 5.5 -2 0 0 2398
13 5 19 1.5 -2 0 0 3705
13 5 20 1.5 -2 0 0 2102
13 5 21 1.5 -2 0 0 2673
13 5 22 5.5 -2 0 0 3153
13 5 23 5.5 -2 0 0 1818
13 5 24 5.5 -2 0 0 1707
13 5 25 5.5 -2 0 0 3506
13 5 26 5.5 -2 0 0 1601
13 5 27 1.5 -2 0 0 2551
13 5 28 1.5 -2 0 0 2900
13 5 29 5.5 -2 0 0 1633
13 5 30 5.5 -2 0 0 2213
13 5 31 5.5 -2 0 0 3503
13 5 32 1.5 -2 0 0 2725
13 5 33 5.5 -2 0 0 2493
13 5 34 1.5 -2 0 0 1496
13 5 35 5.5 -2 0 0 3279
13 5 36 5.5 -2 0 0 2090
13 5 37 5.5 -2 0 0 1669
13 5 38 5.5 -2 0 0 3061
13 5 39 1.5 -2 0 0 2021
13 5 40 5.5 -2 0 0 2024
13 5 41 5.5 -2 0 0 2645
13 5 42 1.5 -2 0 0 1947
13 5 43 5.5 -2 0 0 1650
13 5 44 1.5 -2 0 0 2339
13 5 45 5.5 -2 0 0 2309
13 5 46 6.25142 0.483192 0.584851 0.207655 1515
13 5 47 1.5 -2 0 0 2971
13 5 48 1.5 -2 0 0 1915
13 5 49 1.5 -2 0 0 1621
13 5 50 1.5 -2 0 0 2111
13 5 51 5.5 -2 0 0 1454
13 5 52 1.5 -2 0 0 1681
13 5 53 5.5 -2 0 0 2431
13 5 54 5.5 -2 0 0 1986
13 5 55 5.5 -2 0 0 1453
13 5 56 5.5 -2 0 0 1723
13 5 57 1.5 -2 0 0 1683
13 5 58 5.5 -2 0 0 1785
13 5 59 1.5 -2 0 0 1443
13 5 60 5.5 -2 0 0 2202
13 5 61 1.5 -2 0 0 1429
13 5 62 1.5 -2 0 0 1463
13 5 63 1.5 -2 0 0 1599
13 6 0 1.5 -2 0 0 1470
13 6 1 1.5 -2 0 0 1300
13 6 2 5.5 -2 0 0 1131
13 6 3 1.5 -2 0 0 774
13 6 4 5.5 -2 0 0 819
13 6 5 1.5 -2 0 0 834
13 6 6 1.5 -2 0 0 909
13 6 7 1.5 -2 0 0 754
13 6 8 5.5 -2 0 0 953
13 6 9 1.5 -2 0 0 866
13 6 10 1.5 -2 0 0 746
13 6 11 1.5 -2 0 0 987
13 6 12 1.5 -2 0 0 815
13 6 13 1.5 -2 0 0 732
13 6 14 1.5 -2 0 0 1374
13 6 15 1.5 -2 0 0 735
13 6 16 1.5 -2 0 0 795
13 6 17 1.5 -2 0 0 1193
13 6 18 1.5 -2 0 0 863
13 6 19 5.5 -2 0 0 651
13 6 20 1.5 -2 0 0 797
13 6 21 5.49517 0.450671 0.327531 0.261629 953
13 6 22 1.5 -2 0 0 696
13 6 23 1.5 -2 0 0 919
13 6 24 1.5 -2 0 0 1115
13 6 25 1.5 -2 0 0 734
13 6 26 1.5 -2 0 0 1342
13 6 27 1.5 -2 0 0 778
13 6 28 1.5 -2 0 0 654
13 6 29 5.5 -2 0 0 1044
13 6 30 5.5 -2 0 0 743
13 6 31 5.5 -2 0 0 734
13 6 32 1.5 -2 0 0 686
13 6 33 1.5 -2 0 0 764
13 6 34 5.5 -2 0 0 1326
13 6 35 5.5 -2 0 0 639
13 6 36 1.5 -2 0 0 737
13 6 37 1.5 -2 0 0 802
13 6 38 1.5 -2 0 0 652
13 6 39 1.5 -2 0 0 750
13 6 40 1.5 -2 0 0 863
13 6 41 5.5 -2 0 0 692
13 6 42 5.5 -2 0 0 811
13 6 43 1.5 -2 0 0 982
13 6 44 5.5 -2 0 0 642
13 6 45 1.5 -2 0 0 726
13 6 46 1.5 -2 0 0 1159
13 6 47 1.5 -2 0 0 665
13 6 48 1.5 -2 0 0 728
13 6 49 1.5 -2 0 0 808
13 6 50 1.5 -2 0 0 667
13 6 51 1.5 -2 0 0 905
13 6 52 1.5 -2 0 0 874
13 6 53 5.5 -2 0 0 711
13 6 54 1.5 -2 0 0 698
13 6 55 1.5 -2 0 0 889
13 6 56 1.5 -2 0 0 773
13 6 57 1.5 -2 0 0 828
13 6 58 1.5 -2 0 0 750
13 6 59 1.5 -2 0 0 1093
13 6 60 1.5 -2 0 0 663
13 6 61 1.5 -2 0 0 1045
13 6 62 1.5 -2 0 0 1003
13 6 63 1.5 -2 0 0 836
13 7 0 1.5 -2 0 0 1066
13 7 1 5.5 -2 0 0 1024
13 7 2 1.5 -2 0 0 1317
13 7 3 1.5 -2 0 0 1635
13 7 4 1.5 -2 0 0 1525
13 7 5 5.5 -2 0 0 1341
13 7 6 5.5 -2 0 0 1290
13 7 7 1.5 -2 0 0 2120
13 7 8 1.5 -2 0 0 1160
13 7 9 5.79979 0.504411 0.3637 0.661525 1628
13 7 10 5.5 -2 0 0 1778
13 7 11 5.5 -2 0 0 1234
13 7 12 1.5 -2 0 0 1429
13 7 13 1.5 -2 0 0 1973
13 7 14 1.5 -2 0 0 1049
13 7 15 5.5 -2 0 0 1792
13 7 16 5.5 -2 0 0 2226
13 7 17 1.5 -2 0 0 1050
13 7 18 1.5 -2 0 0 1510
13 7 19 5.5 -2 0 0 2698
13 7 20 1.5 -2 0 0 1594
13 7 21 5.5 -2 0 0 1549
13 7 22 1.5 -2 0 0 1746
13 7 23 1.5 -2 0 0 1482
13 7 24 1.5 -2 0 0 1066
13 7 25 1.5 -2 0 0 2856
13 7 26 1.5 -2 0 0 1095
13 7 27 1.5 -2 0 0 1919
13 7 28 1.5 -2 0 0 2054
13 7 29 8.39572 0.519724 0.264124 0.502782 1269
13 7 30 1.5 -2 0 0 1677
13 7 31 5.5 -2 0 0 2948
13 7 32 4.73344 0.46968 0.29857 0.0376074 2113
13 7 33 5.5 -2 0 0 1997
13 7 34 5.5 -2 0 0 1150
13 7 35 1.5 -2 0 0 3287
13 7 36 1.5 -2 0 0 1872
13 7 37 1.5 -2 0 0 1500
13 7 38 1.5 -2 0 0 3310
13 7 39 1.5 -2 0 0 2237
13 7 40 5.5 -2 0 0 1622
13 7 41 1.5 -2 0 0 2328
13 7 42 5.5 -2 0 0 1747
13 7 43 1.5 -2 0 0 1287
13 7 44 0 -10 0 0 0
13 7 45 5.5 -2 0 0 2216
13 7 46 5.5 -2 0 0 1355
13 7 47 1.5 -2 0 0 3620
13 7 48 5.5 -2 0 0 1834
13 7 49 5.5 -2 0 0 1562
13 7 50 1.5 -2 0 0 2434
13 7 51 4.78423 0.318024 0.129924 0.102034 1725
13 7 52 1.5 -2 0 0 1360
13 7 53 1.5 -2 0 0 2948
13 7 54 5.5 -2 0 0 2001
13 7 55 1.5 -2 0 0 1552
13 7 56 1.5 -2 0 0 1994
13 7 57 1.5 -2 0 0 1829
13 7 58 1.5 -2 0 0 1844
13 7 59 1.5 -2 0 0 1391
13 7 60 1.5 -2 0 0 2452
13 7 61 1.5 -2 0 0 1517
13 7 62 1.5 -2 0 0 1392
13 7 63 1.5 -2 0 0 1818
13 8 0 1.5 -2 0 0 667
13 8 1 4.68604 0.456179 0.299633 0.202992 616
13 8 2 1.5 -2 0 0 527
13 8 3 1.5 -2 0 0 622
13 8 4 1.5 -2 0 0 683
13 8 5 1.5 -2 0 0 703
13 8 6 5.5 -2 0 0 481
13 8 7 1.5 -2 0 0 317
13 8 8 1.5 -2 0 0 686
13 8 9 5.5 -2 0 0 517
13 8 10 1.5 -2 0 0 567
13 8 11 5.09766 0.482565 0.213732 0.246999 666
13 8 12 1.5 -2 0 0 635
13 8 13 5.5 -2 0 0 643
13 8 14 1.5 -2 0 0 802
13 8 15 1.5 -2 0 0 694
13 8 16 5.49793 0.512019 0.270677 0.183995 371
13 8 17 5.5 -2 0 0 670
13 8 18 5.5 -2 0 0 633
13 8 19 5.5 -2 0 0 667
13 8 20 5.5 -2 0 0 665
13 8 21 1.5 -2 0 0 566
13 8 22 1.5 -2 0 0 570
13 8 23 1.5 -2 0 0 740
13 8 24 5.5 -2 0 0 674
13 8 25 5.5 -2 0 0 656
13 8 26 4.68391 0.290461 0.107645 0.177282 815
13 8 27 5.5 -2 0 0 653
13 8 28 5.5 -2 0 0 715
13 8 29 5.5 -2 0 0 739
13 8 30 5.18581 0.428924 0.163732 0.398962 613
13 8 31 1.5 -2 0 0 748
13 8 32 1.5 -2 0 0 759
13 8 33 5.5 -2 0 0 691
13 8 34 1.5 -2 0 0 844
13 8 35 1.5 -2 0 0 809
13 8 36 1.5 -2 0 0 722
13 8 37 1.5 -2 0 0 810
13 8 38 1.5 -2 0 0 810
13 8 39 5.5 -2 0 0 1010
13 8 40 5.5 -2 0 0 703
13 8 41 5.5 -2 0 0 819
13 8 42 5.5 -2 0 0 845
13 8 43 5.5 -2 0 0 804
13 8 44 1.5 -2 0 0 802
13 8 45 1.5 -2 0 0 790
13 8 46 1.5 -2 0 0 807
13 8 47 5.5 -2 0 0 1133
13 8 48 1.5 -2 0 0 838
13 8 49 5.5 -2 0 0 884
13 8 50 1.5 -2 0 0 828
13 8 51 1.5 -2 0 0 1001
13 8 52 1.5 -2 0 0 811
13 8 53 5.5 -2 0 0 967
13 8 54 1.5 -2 0 0 830
13 8 55 1.5 -2 0 0 947
13 8 56 1.5 -2 0 0 1043
13 8 57 5.5 -2 0 0 1031
13 8 58 1.5 -2 0 0 887
13 8 59 1.5 -2 0 0 957
13 8 60 1.5 -2 0 0 959
13 8 61 5.5 -2 0 0 1269
13 8 62 1.5 -2 0 0 1012
13 8 63 1.5 -2 0 0 951
13 9 0 0 -10 0 0 0
13 9 1 0 -10 0 0 0
13 9 2 0 -10 0 0 0
13 9 3 0 -10 0 0 0
13 9 4 0 -10 0 0 0
13 9 5 0 -10 0 0 0
13 9 6 0 -10 0 0 0
13 9 7 0 -10 0 0 0
13 9 8 0 -10 0 0 0
13 9 9 0 -10 0 0 0
13 9 10 0 -10 0 0 0
13 9 11 0 -10 0 0 0
13 9 12 0 -10 0 0 0
13 9 13 0 -10 0 0 0
13 9 14 0 -10 0 0 0
13 9 15 0 -10 0 0 0
13 9 16 0 -10 0 0 0
13 9 17 0 -10 0 0 0
13 9 18 0 -10 0 0 0
13 9 19 0 -10 0 0 0
13 9 20 0 -10 0 0 0
13 9 21 0 -10 0 0 0
13 9 22 0 -10 0 0 0
13 9 23 0 -10 0 0 0
13 9 24 0 -10 0 0 0
13 9 25 0 -10 0 0 0
13 9 26 0 -10 0 0 0
13 9 27 0 -10 0 0 0
13 9 28 0 -10 0 0 0
13 9 29 0 -10 0 0 0
13 9 30 0 -10 0 0 0
13 9 31 0 -10 0 0 0
13 9 32 0 -10 0 0 0
13 9 33 0 -10 0 0 0
13 9 34 0 -10 0 0 0
13 9 35 0 -10 0 0 0
13 9 36 0 -10 0 0 0
13 9 37 0 -10 0 0 0
13 9 38 0 -10 0 0 0
13 9 39 0 -10 0 0 0
13 9 40 0 -10 0 0 0
13 9 41 0 -10 0 0 0
13 9 42 0 -10 0 0 0
13 9 43 0 -10 0 0 0
13 9 44 0 -10 0 0 0
13 9 45 0 -10 0 0 0
13 9 46 0 -10 0 0 0
13 9 47 0 -10 0 0 0
13 9 48 0 -10 0 0 0
13 9 49 0 -10 0 0 0
13 9 50 0 -10 0 0 0
13 9 51 0 -10 0 0 0
13 9 52 0 -10 0 0 0
13 9 53 0 -10 0 0 0
13 9 54 0 -10 0 0 0
13 9 55 0 -10 0 0 0
13 9 56 0 -10 0 0 0
13 9 57 0 -10 0 0 0
13 9 58 0 -10 0 0 0
13 9 59 0 -10 0 0 0
13 9 60 0 -10 0 0 0
13 9 61 0 -10 0 0 0
13 9 62 0 -10 0 0 0
13 9 63 0 -10 0 0 0
13 10 0 5.5 -2 0 0 1240
13 10 1 1.5 -2 0 0 1074
13 10 2 1.5 -2 0 0 1032
13 10 3 1.5 -2 0 0 1140
13 10 4 1.5 -2 0 0 1286
13 10 5 1.5 -2 0 0 1152
13 10 6 5.5 -2 0 0 1062
13 10 7 5.5 -2 0 0 959
13 10 8 6.59764 0.612304 0.189208 0.645307 1103
13 10 9 1.5 -2 0 0 1177
13 10 10 5.5 -2 0 0 898
13 10 11 1.5 -2 0 0 1308
13 10 12 1.5 -2 0 0 1215
13 10 13 1.5 -2 0 0 1180
13 10 14 5.5 -2 0 0 1320
13 10 15 1.5 -2 0 0 1314
13 10 16 1.5 -2 0 0 1087
13 10 17 1.5 -2 0 0 1321
13 10 18 1.5 -2 0 0 1353
13 10 19 1.5 -2 0 0 1271
13 10 20 5.5 -2 0 0 1338
13 10 21 6.32356 0.526196 0.28355 0.652076 1072
13 10 22 1.5 -2 0 0 1155
13 10 23 1.5 -2 0 0 1518
13 10 24 1.5 -2 0 0 1227
13 10 25 1.5 -2 0 0 1355
13 10 26 5.5 -2 0 0 1466
13 10 27 1.5 -2 0 0 1405
13 10 28 5.5 -2 0 0 1346
13 10 29 5.5 -2 0 0 1388
13 10 30 1.5 -2 0 0 1476
13 10 31 5.5 -2 0 0 1622
13 10 32 5.5 -2 0 0 1541
13 10 33 5.5 -2 0 0 1668
13 10 34 5.5 -2 0 0 1655
13 10 35 5.5 -2 0 0 1862
13 10 36 1.5 -2 0 0 1534
13 10 37 1.5 -2 0 0 1673
13 10 38 5.5 -2 0 0 1903
13 10 39 4.93831 0.432417 0.32988 0.106253 2640
13 10 40 5.5 -2 0 0 1512
13 10 41 1.5 -2 0 0 1707
13 10 42 5.5 -2 0 0 1775
13 10 43 1.5 -2 0 0 1815
13 10 44 1.5 -2 0 0 1803
13 10 45 5.72062 0.394114 0.227954 0.324287 1756
13 10 46 5.5 -2 0 0 1998
13 10 47 1.5 -2 0 0 2584
13 10 48 1.5 -2 0 0 1812
13 10 49 1.5 -2 0 0 2104
13 10 50 1.5 -2 0 0 1896
13 10 51 5.5 -2 0 0 3197
13 10 52 1.5 -2 0 0 1900
13 10 53 5.5 -2 0 0 2556
13 10 54 5.5 -2 0 0 2100
13 10 55 1.5 -2 0 0 2467
13 10 56 5.5 -2 0 0 2988
13 10 57 1.5 -2 0 0 2563
13 10 58 1.5 -2 0 0 2226
13 10 59 1.5 -2 0 0 2291
13 10 60 1.5 -2 0 0 2690
13 10 61 5.5 -2 0 0 3423
13 10 62 1.5 -2 0 0 2630
13 10 63 5.12833 0.477946 0.30575 0.23367 2289
13 11 0 1.5 -2 0 0 3505
13 11 1 5.5 -2 0 0 3422
13 11 2 1.5 -2 0 0 3030
13 11 3 1.5 -2 0 0 2163
13 11 4 1.5 -2 0 0 2153
13 11 5 5.5 -2 0 0 2389
13 11 6 5.5 -2 0 0 2999
13 11 7 5.5 -2 0 0 2013
13 11 8 5.49326 0.235956 0.122833 0.445758 2620
13 11 9 5.5 -2 0 0 2836
13 11 10 1.5 -2 0 0 2450
13 11 11 1.5 -2 0 0 2134
13 11 12 1.5 -2 0 0 2254
13 11 13 5.5 -2 0 0 1753
13 11 14 1.5 -2 0 0 2796
13 11 15 1.5 -2 0 0 1959
13 11 16 1.5 -2 0 0 2485
13 11 17 1.5 -2 0 0 2097
13 11 18 1.5 -2 0 0 1995
13 11 19 5.5 -2 0 0 1812
13 11 20 5.5 -2 0 0 1740
13 11 21 1.5 -2 0 0 2938
13 11 22 1.5 -2 0 0 2173
13 11 23 5.5 -2 0 0 1944
13 11 24 1.5 -2 0 0 2681
13 11 25 5.5 -2 0 0 1558
13 11 26 1.5 -2 0 0 2862
13 11 27 5.5 -2 0 0 1722
13 11 28 5.5 -2 0 0 1613
13 11 29 5.5 -2 0 0 1951
13 11 30 5.5 -2 0 0 1745
13 11 31 1.5 -2 0 0 1429
13 11 32 1.5 -2 0 0 1342
13 11 33 5.5 -2 0 0 1378
13 11 34 1.5 -2 0 0 2153
13 11 35 1.5 -2 0 0 1267
13 11 36 5.5 -2 0 0 1471
13 11 37 5.5 -2 0 0 1546
13 11 38 5.5 -2 0 0 1200
13 11 39 1.5 -2 0 0 1136
13 11 40 5.5 -2 0 0 1504
13 11 41 5.5 -2 0 0 1197
13 11 42 4.70296 0.44688 0.202916 0.220154 1396
13 11 43 5.5 -2 0 0 1760
13 11 44 1.5 -2 0 0 1134
13 11 45 5.5 -2 0 0 1305
13 11 46 1.5 -2 0 0 1840
13 11 47 1.5 -2 0 0 1060
13 11 48 1.5 -2 0 0 1333
13 11 49 1.5 -2 0 0 1402
13 11 50 1.5 -2 0 0 1163
13 11 51 1.5 -2 0 0 1224
13 11 52 1.5 -2 0 0 1516
13 11 53 1.5 -2 0 0 1049
13 11 54 1.5 -2 0 0 1228
13 11 55 1.5 -2 0 0 1408
13 11 56 5.5 -2 0 0 1168
13 11 57 1.5 -2 0 0 1184
13 11 58 1.5 -2 0 0 1270
13 11 59 1.5 -2 0 0 1669
13 11 60 1.5 -2 0 0 1228
13 11 61 1.5 -2 0 0 1309
13 11 62 1.5 -2 0 0 1451
13 11 63 1.5 -2 0 0 1318
13 12 0 1.5 -2 0 0 3911
13 12 1 1.5 -2 0 0 3604
13 12 2 1.5 -2 0 0 3359
13 12 3 1.5 -2 0 0 3140
13 12 4 1.5 -2 0 0 3698
13 12 5 9.5 -2 0 0 3432
13 12 6 4.75953 0.297696 0.292387 0.608151 3424
13 12 7 1.5 -2 0 0 2904
13 12 8 5.5 -2 0 0 3350
13 12 9 5.5 -2 0 0 3076
13 12 10 5.5 -2 0 0 2984
13 12 11 5.5 -2 0 0 3756
13 12 12 5.5 -2 0 0 3299
13 12 13 1.5 -2 0 0 3144
13 12 14 5.5 -2 0 0 3858
13 12 15 5.5 -2 0 0 3325
13 12 16 1.5 -2 0 0 3025
13 12 17 1.5 -2 0 0 3932
13 12 18 1.5 -2 0 0 3212
13 12 19 5.5 -2 0 0 3063
13 12 20 5.5 -2 0 0 3937
13 12 21 5.5 -2 0 0 2983
13 12 22 1.5 -2 0 0 2859
13 12 23 1.5 -2 0 0 4134
13 12 24 5.5 -2 0 0 3627
13 12 25 5.5 -2 0 0 3369
13 12 26 5.5 -2 0 0 4176
13 12 27 5.5 -2 0 0 3693
13 12 28 1.5 -2 0 0 3341
13 12 29 1.5 -2 0 0 4214
13 12 30 5.5 -2 0 0 3865
13 12 31 1.5 -2 0 0 3487
13 12 32 5.15754 0.493528 0.346608 0.179767 3426
13 12 33 5.5 -2 0 0 3773
13 12 34 1.5 -2 0 0 4517
13 12 35 1.5 -2 0 0 3780
13 12 36 5.25733 0.141129 0.105335 0.244261 3927
13 12 37 1.5 -2 0 0 4411
13 12 38 5.5 -2 0 0 3704
13 12 39 1.5 -2 0 0 4619
13 12 40 5.5 -2 0 0 3967
13 12 41 1.5 -2 0 0 3508
13 12 42 5.5 -2 0 0 4210
13 12 43 5.5 -2 0 0 4240
13 12 44 5.01504 0.331006 0.31952 0.908758 3723
13 12 45 1.5 -2 0 0 3923
13 12 46 5.5 -2 0 0 4733
13 12 47 1.5 -2 0 0 4167
13 12 48 1.5 -2 0 0 4144
13 12 49 5.5 -2 0 0 4351
13 12 50 5.5 -2 0 0 4015
13 12 51 1.5 -2 0 0 5109
13 12 52 5.5 -2 0 0 4487
13 12 53 5.5 -2 0 0 3760
13 12 54 5.5 -2 0 0 4108
13 12 55 5.5 -2 0 0 4898
13 12 56 1.5 -2 0 0 4715
13 12 57 5.5 -2 0 0 4614
13 12 58 5.5 -2 0 0 4407
13 12 59 5.5 -2 0 0 4779
13 12 60 1.5 -2 0 0 4256
13 12 61 5.5 -2 0 0 5669
13 12 62 1.5 -2 0 0 5219
13 12 63 5.5 -2 0 0 4795
13 13 0 1.5 -2 0 0 5847
13 13 1 1.5 -2 0 0 5220
13 13 2 1.5 -2 0 0 4978
13 13 3 1.5 -2 0 0 3863
13 13 4 1.5 -2 0 0 4447
13 13 5 1.5 -2 0 0 4508
13 13 6 1.5 -2 0 0 4929
13 13 7 5.5 -2 0 0 3758
13 13 8 1.5 -2 0 0 4840
13 13 9 5.80261 0.442074 0.182559 0.326821 4325
13 13 10 1.5 -2 0 0 3978
13 13 11 5.5 -2 0 0 4402
13 13 12 1.5 -2 0 0 4251
13 13 13 5.5 -2 0 0 3618
13 13 14 1.5 -2 0 0 5357
13 13 15 5.5 -2 0 0 3840
13 13 16 5.5 -2 0 0 3998
13 13 17 1.5 -2 0 0 4859
13 13 18 1.5 -2 0 0 4044
13 13 19 1.5 -2 0 0 3659
13 13 20 5.5 -2 0 0 4354
13 13 21 5.5 -2 0 0 4468
13 13 22 1.5 -2 0 0 3710
13 13 23 5.5 -2 0 0 4121
13 13 24 1.5 -2 0 0 4975
13 13 25 5.5 -2 0 0 3575
13 13 26 5.5 -2 0 0 5357
13 13 27 5.5 -2 0 0 3725
13 13 28 1.5 -2 0 0 3425
13 13 29 5.5 -2 0 0 4663
13 13 30 1.5 -2 0 0 3863
13 13 31 5.5 -2 0 0 3343
13 13 32 5.5 -2 0 0 3263
13 13 33 1.5 -2 0 0 3464
13 13 34 1.5 -2 0 0 4948
13 13 35 5.5 -2 0 0 3039
13 13 36 5.5 -2 0 0 3792
13 13 37 5.5 -2 0 0 4042
13 13 38 1.5 -2 0 0 3012
13 13 39 5.5 -2 0 0 3200
13 13 40 5.5 -2 0 0 3777
13 13 41 7.98559 0.635852 0.168996 1.1968 3080
13 13 42 5.5 -2 0 0 3483
13 13 43 5.5 -2 0 0 4170
13 13 44 5.5 -2 0 0 2784
13 13 45 1.5 -2 0 0 3326
13 13 46 5.5 -2 0 0 4538
13 13 47 1.5 -2 0 0 2836
13 13 48 5.5 -2 0 0 3453
13 13 49 1.5 -2 0 0 3730
13 13 50 5.5 -2 0 0 2938
13 13 51 1.5 -2 0 0 3667
13 13 52 1.5 -2 0 0 3805
13 13 53 1.5 -2 0 0 2662
13 13 54 5.5 -2 0 0 3135
13 13 55 5.5 -2 0 0 3542
13 13 56 5.5 -2 0 0 3305
13 13 57 1.5 -2 0 0 3519
13 13 58 5.5 -2 0 0 3262
13 13 59 5.5 -2 0 0 4153
13 13 60 5.5 -2 0 0 3157
13 13 61 1.5 -2 0 0 3964
13 13 62 5.5 -2 0 0 3978
13 13 63 5.5 -2 0 0 3580
13 14 0 1.5 -2 0 0 5933
13 14 1 5.5 -2 0 0 5146
13 14 2 1.5 -2 0 0 4778
13 14 3 5.5 -2 0 0 3895
13 14 4 1.5 -2 0 0 3965
13 14 5 5.5 -2 0 0 4497
13 14 6 1.5 -2 0 0 4845
13 14 7 1.5 -2 0 0 3719
13 14 8 5.5 -2 0 0 4404
13 14 9 5.5 -2 0 0 4237
13 14 10 1.5 -2 0 0 4047
13 14 11 1.5 -2 0 0 4253
13 14 12 1.5 -2 0 0 4052
13 14 13 5.5 -2 0 0 3492
13 14 14 5.5 -2 0 0 5099
13 14 15 5.5 -2 0 0 3557
13 14 16 5.5 -2 0 0 4251
13 14 17 5.5 -2 0 0 4343
13 14 18 5.5 -2 0 0 3765
13 14 19 5.5 -2 0 0 3528
13 14 20 5.5 -2 0 0 3837
13 14 21 5.5 -2 0 0 4505
13 14 22 1.5 -2 0 0 3570
13 14 23 5.5 -2 0 0 3966
13 14 24 1.5 -2 0 0 4795
13 14 25 1.5 -2 0 0 3368
13 14 26 5.5 -2 0 0 4772
13 14 27 5.5 -2 0 0 3434
13 14 28 1.5 -2 0 0 2981
13 14 29 5.5 -2 0 0 4012
13 14 30 5.5 -2 0 0 3595
13 14 31 5.5 -2 0 0 3053
13 14 32 1.5 -2 0 0 2960
13 14 33 5.52458 0.200902 0.125202 0.713795 3083
13 14 34 1.5 -2 0 0 4473
13 14 35 5.44787 0.353125 0.218884 0.284314 2832
13 14 36 1.5 -2 0 0 3239
13 14 37 5.5 -2 0 0 3596
13 14 38 5.5 -2 0 0 2447
13 14 39 5.5 -2 0 0 2687
13 14 40 5.5 -2 0 0 3389
13 14 41 5.5 -2 0 0 2525
13 14 42 1.5 -2 0 0 3096
13 14 43 1.5 -2 0 0 3768
13 14 44 5.5 -2 0 0 2317
13 14 45 5.5 -2 0 0 2779
13 14 46 1.5 -2 0 0 4148
13 14 47 5.5 -2 0 0 2514
13 14 48 5.5 -2 0 0 2962
13 14 49 1.5 -2 0 0 3291
13 14 50 1.5 -2 0 0 2891
13 14 51 5.5 -2 0 0 2995
13 14 52 5.5 -2 0 0 3303
13 14 53 1.5 -2 0 0 2488
13 14 54 5.5 -2 0 0 2668
13 14 55 1.5 -2 0 0 3167
13 14 56 1.5 -2 0 0 2818
13 14 57 4.80236 0.411299 0.327995 0.0282409 2975
13 14 58 5.5 -2 0 0 2871
13 14 59 1.5 -2 0 0 3864
13 14 60 5.5 -2 0 0 2701
13 14 61 1.5 -2 0 0 3172
13 14 62 1.5 -2 0 0 3127
13 14 63 1.5 -2 0 0 2849
13 15 0 5.5 -2 0 0 3325
13 15 1 1.5 -2 0 0 3115
13 15 2 5.5 -2 0 0 3091
13 15 3 5.5 -2 0 0 2525
13 15 4 1.5 -2 0 0 3110
13 15 5 1.5 -2 0 0 2869
13 15 6 1.5 -2 0 0 2791
13 15 7 5.5 -2 0 0 2375
13 15 8 1.5 -2 0 0 2893
13 15 9 5.5 -2 0 0 2487
13 15 10 1.5 -2 0 0 2381
13 15 11 5.5 -2 0 0 3263
13 15 12 5.5 -2 0 0 2639
13 15 13 5.5 -2 0 0 2746
13 15 14 1.5 -2 0 0 3488
13 15 15 1.5 -2 0 0 2826
13 15 16 5.5 -2 0 0 2180
13 15 17 5.5 -2 0 0 3489
13 15 18 1.5 -2 0 0 3074
13 15 19 5.5 -2 0 0 2838
13 15 20 1.5 -2 0 0 3396
13 15 21 5.5 -2 0 0 2651
13 15 22 1.5 -2 0 0 2307
13 15 23 5.5 -2 0 0 3708
13 15 24 1.5 -2 0 0 3097
13 15 25 1.5 -2 0 0 2820
13 15 26 5.5 -2 0 0 3739
13 15 27 5.5 -2 0 0 3088
13 15 28 1.5 -2 0 0 2875
13 15 29 5.5 -2 0 0 3761
13 15 30 5.5 -2 0 0 3220
13 15 31 1.5 -2 0 0 3074
13 15 32 1.5 -2 0 0 3135
13 15 33 5.5 -2 0 0 3575
13 15 34 5.5 -2 0 0 4334
13 15 35 4.79823 0.361447 0.217559 0.322593 3487
13 15 36 1.5 -2 0 0 3714
13 15 37 5.5 -2 0 0 4128
13 15 38 5.5 -2 0 0 3680
13 15 39 5.5 -2 0 0 4720
13 15 40 1.5 -2 0 0 3832
13 15 41 1.5 -2 0 0 3491
13 15 42 5.5 -2 0 0 4102
13 15 43 5.5 -2 0 0 4195
13 15 44 5.5 -2 0 0 3701
13 15 45 5.5 -2 0 0 3475
13 15 46 5.5 -2 0 0 4384
13 15 47 1.5 -2 0 0 3851
13 15 48 1.5 -2 0 0 4036
13 15 49 4.7539 0.264254 0.135481 1.0076 4512
13 15 50 1.5 -2 0 0 3889
13 15 51 5.5 -2 0 0 5158
13 15 52 1.5 -2 0 0 4508
13 15 53 1.5 -2 0 0 4040
13 15 54 1.5 -2 0 0 4097
13 15 55 5.5 -2 0 0 4848
13 15 56 1.5 -2 0 0 4831
13 15 57 1.5 -2 0 0 5178
13 15 58 5.5 -2 0 0 4526
13 15 59 6.27349 0.487442 0.209586 0.569788 4831
13 15 60 1.5 -2 0 0 4328
13 15 61 5.5 -2 0 0 5724
13 15 62 1.5 -2 0 0 5175
13 15 63 1.5 -2 0 0 4489
14 0 0 5.5 -2 0 0 427
14 0 1 5.5 -2 0 0 407
14 0 2 5.5 -2 0 0 355
14 0 3 1.5 -2 0 0 418
14 0 4 5.5 -2 0 0 453
14 0 5 5.5 -2 0 0 436
14 0 6 1.5 -2 0 0 340
14 0 7 5.5 -2 0 0 461
14 0 8 5.5 -2 0 0 466
14 0 9 5.5 -2 0 0 355
14 0 10 5.5 -2 0 0 327
14 0 11 5.5 -2 0 0 509
14 0 12 5.5 -2 0 0 464
14 0 13 5.5 -2 0 0 390
14 0 14 5.5 -2 0 0 570
14 0 15 5.5 -2 0 0 454
14 0 16 4.6169 -3 0 0 174
14 0 17 9.5 -2 0 0 556
14 0 18 9.5 -2 0 0 446
14 0 19 5.5 -2 0 0 461
14 0 20 5.5 -2 0 0 473
14 0 21 5.5 -2 0 0 375
14 0 22 5.5 -2 0 0 441
14 0 23 9.5 -2 0 0 510
14 0 24 5.5 -2 0 0 495
14 0 25 5.5 -2 0 0 519
14 0 26 5.5 -2 0 0 572
14 0 27 5.5 -2 0 0 453
14 0 28 6.16333 0.36578 0.1 0.351965 457
14 0 29 5.5 -2 0 0 504
14 0 30 5.5 -2 0 0 384
14 0 31 9.5 -2 0 0 509
14 0 32 5.5 -2 0 0 451
14 0 33 5.5 -2 0 0 473
14 0 34 5.5 -2 0 0 590
14 0 35 9.5 -2 0 0 455
14 0 36 5.5 -2 0 0 277
14 0 37 5.5 -2 0 0 568
14 0 38 5.5 -2 0 0 523
14 0 39 5.5 -2 0 0 629
14 0 40 5.5 -2 0 0 546
14 0 41 5.5 -2 0 0 516
14 0 42 5.5 -2 0 0 536
14 0 43 5.5 -2 0 0 556
14 0 44 9.5 -2 0 0 531
14 0 45 5.5 -2 0 0 499
14 0 46 5.5 -2 0 0 611
14 0 47 5.5 -2 0 0 592
14 0 48 5.5 -2 0 0 516
14 0 49 5.5 -2 0 0 606
14 0 50 5.5 -2 0 0 538
14 0 51 5.5 -2 0 0 698
14 0 52 5.5 -2 0 0 583
14 0 53 5.5 -2 0 0 566
14 0 54 5.5 -2 0 0 562
14 0 55 5.5 -2 0 0 634
14 0 56 5.5 -2 0 0 637
14 0 57 0 -10 0 0 0
14 0 58 5.5 -2 0 0 590
14 0 59 1.5 -2 0 0 675
14 0 60 5.5 -2 0 0 593
14 0 61 5.5 -2 0 0 772
14 0 62 1.5 -2 0 0 727
14 0 63 1.5 -2 0 0 633
14 1 0 1.5 -2 0 0 768
14 1 1 1.5 -2 0 0 736
14 1 2 5.5 -2 0 0 763
14 1 3 1.5 -2 0 0 656
14 1 4 1.5 -2 0 0 231
14 1 5 5.5 -2 0 0 689
14 1 6 1.5 -2 0 0 790
14 1 7 1.5 -2 0 0 879
14 1 8 1.5 -2 0 0 512
14 1 9 5.5 -2 0 0 795
14 1 10 1.5 -2 0 0 865
14 1 11 1.5 -2 0 0 718
14 1 12 5.5 -2 0 0 680
14 1 13 1.5 -2 0 0 733
14 1 14 5.5 -2 0 0 672
14 1 15 5.5 -2 0 0 625
14 1 16 1.5 -2 0 0 996
14 1 17 1.5 -2 0 0 517
14 1 18 5.5 -2 0 0 612
14 1 19 1.5 -2 0 0 755
14 1 20 0 -10 0 0 173
14 1 21 5.5 -2 0 0 783
14 1 22 1.5 -2 0 0 785
14 1 23 5.5 -2 0 0 565
14 1 24 5.5 -2 0 0 599
14 1 25 5.5 -2 0 0 774
14 1 26 5.5 -2 0 0 669
14 1 27 1.5 -2 0 0 641
14 1 28 5.5 -2 0 0 595
14 1 29 5.5 -2 0 0 618
14 1 30 0 -10 0 0 156
14 1 31 1.5 -2 0 0 721
14 1 32 5.5 -2 0 0 648
14 1 33 1.5 -2 0 0 604
14 1 34 5.5 -2 0 0 544
14 1 35 5.5 -2 0 0 657
14 1 36 1.5 -2 0 0 473
14 1 37 5.5 -2 0 0 603
14 1 38 4.99298 0.434614 0.25915 0.473548 646
14 1 39 6.05549 0.399459 0.274193 0.335645 426
14 1 40 5.30913 0.457434 0.394906 0.322394 603
14 1 41 1.5 -2 0 0 583
14 1 42 5.5 -2 0 0 573
14 1 43 1.5 -2 0 0 544
14 1 44 1.5 -2 0 0 567
14 1 45 1.5 -2 0 0 619
14 1 46 1.5 -2 0 0 523
14 1 47 1.5 -2 0 0 548
14 1 48 0 -10 0 0 4
14 1 49 1.5 -2 0 0 500
14 1 50 1.5 -2 0 0 582
14 1 51 5.5 -2 0 0 469
14 1 52 1.5 -2 0 0 468
14 1 53 1.5 -2 0 0 506
14 1 54 1.5 -2 0 0 568
14 1 55 1.5 -2 0 0 508
14 1 56 1.5 -2 0 0 427
14 1 57 1.5 -2 0 0 446
14 1 58 5.5 -2 0 0 524
14 1 59 1.5 -2 0 0 496
14 1 60 1.5 -2 0 0 406
14 1 61 1.5 -2 0 0 391
14 1 62 1.5 -2 0 0 600
14 1 63 1.5 -2 0 0 528
14 2 0 5.5 -2 0 0 863
14 2 1 5.5 -2 0 0 750
14 2 2 5.5 -2 0 0 696
14 2 3 1.5 -2 0 0 582
14 2 4 1.5 -2 0 0 652
14 2 5 5.5 -2 0 0 701
14 2 6 5.5 -2 0 0 686
14 2 7 5.5 -2 0 0 559
14 2 8 1.5 -2 0 0 641
14 2 9 4.85608 0.432799 0.43575 0.231959 672
14 2 10 5.5 -2 0 0 616
14 2 11 5.5 -2 0 0 683
14 2 12 5.5 -2 0 0 616
14 2 13 1.5 -2 0 0 600
14 2 14 1.5 -2 0 0 1384
14 2 15 1.5 -2 0 0 661
14 2 16 5.5 -2 0 0 645
14 2 17 5.5 -2 0 0 737
14 2 18 5.5 -2 0 0 616
14 2 19 5.5 -2 0 0 624
14 2 20 5.5 -2 0 0 702
14 2 21 1.5 -2 0 0 650
14 2 22 5.5 -2 0 0 560
14 2 23 5.5 -2 0 0 429
14 2 24 0 -10 0 0 5
14 2 25 1.5 -2 0 0 602
14 2 26 6.13831 0.451171 0.297078 0.342147 781
14 2 27 5.5 -2 0 0 647
14 2 28 5.5 -2 0 0 1225
14 2 29 1.5 -2 0 0 768
14 2 30 5.5 -2 0 0 263
14 2 31 5.5 -2 0 0 671
14 2 32 0 -10 0 0 3
14 2 33 1.5 -2 0 0 645
14 2 34 5.5 -2 0 0 875
14 2 35 0 -10 0 0 12
14 2 36 5.5 -2 0 0 684
14 2 37 5.5 -2 0 0 762
14 2 38 5.5 -2 0 0 748
14 2 39 6.20975 0.461027 0.286282 0.370095 847
14 2 40 5.5 -2 0 0 224
14 2 41 5.5 -2 0 0 670
14 2 42 4.65687 0.445614 0.283051 0.318419 741
14 2 43 5.5 -2 0 0 848
14 2 44 5.5 -2 0 0 669
14 2 45 5.5 -2 0 0 729
14 2 46 0 -10 0 0 4
14 2 47 5.5 -2 0 0 822
14 2 48 4.98593 0.396985 0.388241 0.465022 732
14 2 49 1.5 -2 0 0 843
14 2 50 5.5 -2 0 0 683
14 2 51 1.5 -2 0 0 1130
14 2 52 1.5 -2 0 0 854
14 2 53 5.5 -2 0 0 794
14 2 54 4.97872 0.473025 0.250288 0.249897 733
14 2 55 5.5 -2 0 0 918
14 2 56 5.5 -2 0 0 913
14 2 57 1.5 -2 0 0 922
14 2 58 5.5 -2 0 0 808
14 2 59 5.5 -2 0 0 1913
14 2 60 1.5 -2 0 0 790
14 2 61 5.5 -2 0 0 1251
14 2 62 5.5 -2 0 0 1112
14 2 63 1.5 -2 0 0 854
14 3 0 1.5 -2 0 0 1392
14 3 1 4.88138 0.424821 0.311066 0.0405114 1216
14 3 2 5.24397 0.439201 0.445529 0.234852 1310
14 3 3 5.5 -2 0 0 1653
14 3 4 1.5 -2 0 0 1059
14 3 5 5.5 -2 0 0 1406
14 3 6 5.5 -2 0 0 1387
14 3 7 1.5 -2 0 0 2028
14 3 8 5.5 -2 0 0 1116
14 3 9 1.5 -2 0 0 2024
14 3 10 1.5 -2 0 0 2192
14 3 11 1.5 -2 0 0 1017
14 3 12 1.5 -2 0 0 1476
14 3 13 5.5 -2 0 0 1548
14 3 14 5.5 -2 0 0 1142
14 3 15 5.5 -2 0 0 1485
14 3 16 6.03818 0.444277 0.394257 0.37936 2615
14 3 17 1.5 -2 0 0 998
14 3 18 1.5 -2 0 0 1184
14 3 19 5.5 -2 0 0 1914
14 3 20 5.5 -2 0 0 227
14 3 21 5.5 -2 0 0 1820
14 3 22 1.5 -2 0 0 1794
14 3 23 1.5 -2 0 0 426
14 3 24 1.5 -2 0 0 1229
14 3 25 1.5 -2 0 0 1663
14 3 26 4.58938 0.439381 0.28446 0.433922 959
14 3 27 1.5 -2 0 0 1161
14 3 28 1.5 -2 0 0 1431
14 3 29 5.72301 0.492993 0.195015 0.549947 853
14 3 30 5.58476 0.513479 0.291634 0.225124 451
14 3 31 5.5 -2 0 0 1327
14 3 32 5.5 -2 0 0 1180
14 3 33 6.23315 0.422687 0.320205 0.314447 1160
14 3 34 1.5 -2 0 0 858
14 3 35 1.5 -2 0 0 1311
14 3 36 5.5 -2 0 0 840
14 3 37 5.5 -2 0 0 674
14 3 38 5.5 -2 0 0 1214
14 3 39 1.5 -2 0 0 727
14 3 40 5.5 -2 0 0 286
14 3 41 5.5 -2 0 0 1183
14 3 42 1.5 -2 0 0 932
14 3 43 1.5 -2 0 0 801
14 3 44 5.5 -2 0 0 1039
14 3 45 1.5 -2 0 0 888
14 3 46 5.5 -2 0 0 743
14 3 47 5.5 -2 0 0 1150
14 3 48 5.5 -2 0 0 774
14 3 49 1.5 -2 0 0 853
14 3 50 1.5 -2 0 0 981
14 3 51 1.5 -2 0 0 604
14 3 52 1.5 -2 0 0 831
14 3 53 5.5 -2 0 0 882
14 3 54 6.15172 0.541758 0.197661 0.284439 930
14 3 55 1.5 -2 0 0 615
14 3 56 1.5 -2 0 0 662
14 3 57 1.5 -2 0 0 699
14 3 58 1.5 -2 0 0 916
14 3 59 1.5 -2 0 0 798
14 3 60 1.5 -2 0 0 929
14 3 61 5.5 -2 0 0 645
14 3 62 1.5 -2 0 0 651
14 3 63 1.5 -2 0 0 665
14 4 0 5.5 -2 0 0 1335
14 4 1 1.5 -2 0 0 1077
14 4 2 1.5 -2 0 0 1011
14 4 3 5.5 -2 0 0 771
14 4 4 1.5 -2 0 0 887
14 4 5 5.5 -2 0 0 844
14 4 6 1.5 -2 0 0 903
14 4 7 5.5 -2 0 0 750
14 4 8 5.5 -2 0 0 956
14 4 9 5.5 -2 0 0 841
14 4 10 1.5 -2 0 0 735
14 4 11 5.5 -2 0 0 984
14 4 12 1.5 -2 0 0 804
14 4 13 1.5 -2 0 0 782
14 4 14 1.5 -2 0 0 1302
14 4 15 5.5 -2 0 0 697
14 4 16 5.5 -2 0 0 787
14 4 17 4.91807 0.469135 0.356117 0.509339 1144
14 4 18 5.5 -2 0 0 851
14 4 19 1.5 -2 0 0 775
14 4 20 1.5 -2 0 0 478
14 4 21 1.5 -2 0 0 882
14 4 22 1.5 -2 0 0 795
14 4 23 1.5 -2 0 0 1019
14 4 24 5.5 -2 0 0 1066
14 4 25 5.5 -2 0 0 772
14 4 26 5.5 -2 0 0 1404
14 4 27 5.5 -2 0 0 793
14 4 28 1.5 -2 0 0 718
14 4 29 4.98684 0.378202 0.27366 0.270678 1212
14 4 30 1.5 -2 0 0 814
14 4 31 5.5 -2 0 0 804
14 4 32 5.5 -2 0 0 792
14 4 33 1.5 -2 0 0 786
14 4 34 5.5 -2 0 0 1456
14 4 35 5.87881 0.419518 0.194904 0.479112 797
14 4 36 5.5 -2 0 0 815
14 4 37 5.54439 0.423679 0.305159 0.478165 1031
14 4 38 5.40177 0.423842 0.295024 0.25219 775
14 4 39 5.5 -2 0 0 965
14 4 40 5.5 -2 0 0 709
14 4 41 1.5 -2 0 0 803
14 4 42 5.5 -2 0 0 865
14 4 43 1.5 -2 0 0 1210
14 4 44 1.5 -2 0 0 796
14 4 45 1.5 -2 0 0 840
14 4 46 1.5 -2 0 0 1448
14 4 47 5.5 -2 0 0 835
14 4 48 5.5 -2 0 0 882
14 4 49 5.5 -2 0 0 1101
14 4 50 1.5 -2 0 0 819
14 4 51 5.5 -2 0 0 1399
14 4 52 1.5 -2 0 0 1245
14 4 53 5.5 -2 0 0 901
14 4 54 1.5 -2 0 0 894
14 4 55 1.5 -2 0 0 1228
14 4 56 4.77638 0.452379 0.376944 0.288604 1037
14 4 57 1.5 -2 0 0 1135
14 4 58 1.5 -2 0 0 965
14 4 59 1.5 -2 0 0 1478
14 4 60 1.5 -2 0 0 852
14 4 61 1.5 -2 0 0 1704
14 4 62 1.5 -2 0 0 1610
14 4 63 5.5 -2 0 0 1088
14 5 0 5.39145 0.429603 0.374813 0.667326 1712
14 5 1 1.5 -2 0 0 1917
14 5 2 5.5 -2 0 0 2097
14 5 3 5.5 -2 0 0 2689
14 5 4 5.5 -2 0 0 2057
14 5 5 5.5 -2 0 0 2177
14 5 6 1.5 -2 0 0 2340
14 5 7 5.5 -2 0 0 3756
14 5 8 1.5 -2 0 0 1943
14 5 9 9.5 -2 0 0 2638
14 5 10 1.5 -2 0 0 3367
14 5 11 5.5 -2 0 0 1871
14 5 12 5.5 -2 0 0 2482
14 5 13 1.5 -2 0 0 2958
14 5 14 5.45635 0.449626 0.292477 0.0765654 1613
14 5 15 1.5 -2 0 0 2668
14 5 16 5.5 -2 0 0 4060
14 5 17 5.5 -2 0 0 1587
14 5 18 5.5 -2 0 0 2053
14 5 19 5.5 -2 0 0 3593
14 5 20 1.5 -2 0 0 2076
14 5 21 5.5 -2 0 0 2642
14 5 22 5.5 -2 0 0 3185
14 5 23 5.5 -2 0 0 1816
14 5 24 5.5 -2 0 0 1692
14 5 25 4.92536 0.490962 0.366637 0.199527 3365
14 5 26 4.70169 0.408062 0.339264 0.22141 1609
14 5 27 5.5 -2 0 0 2517
14 5 28 5.5 -2 0 0 2838
14 5 29 5.5 -2 0 0 1668
14 5 30 6.11252 0.321264 0.357028 0.694779 2303
14 5 31 5.5 -2 0 0 2719
14 5 32 5.5 -2 0 0 2807
14 5 33 5.5 -2 0 0 2440
14 5 34 5.5 -2 0 0 1634
14 5 35 5.5 -2 0 0 3061
14 5 36 1.5 -2 0 0 846
14 5 37 9.5 -2 0 0 1158
14 5 38 1.5 -2 0 0 2829
14 5 39 5.5 -2 0 0 1897
14 5 40 5.5 -2 0 0 1987
14 5 41 5.5 -2 0 0 2570
14 5 42 5.5 -2 0 0 1853
14 5 43 4.99432 0.167961 0.1 0.272586 1657
14 5 44 5.5 -2 0 0 2343
14 5 45 5.5 -2 0 0 2290
14 5 46 1.5 -2 0 0 1499
14 5 47 1.5 -2 0 0 2518
14 5 48 5.5 -2 0 0 2037
14 5 49 1.5 -2 0 0 1648
14 5 50 4.9249 0.359713 0.332362 0.222096 2161
14 5 51 1.5 -2 0 0 1273
14 5 52 1.5 -2 0 0 1506
14 5 53 5.5 -2 0 0 2098
14 5 54 5.5 -2 0 0 1667
14 5 55 1.5 -2 0 0 1214
14 5 56 5.5 -2 0 0 1717
14 5 57 5.5 -2 0 0 1627
14 5 58 5.5 -2 0 0 1735
14 5 59 1.5 -2 0 0 1426
14 5 60 1.5 -2 0 0 1678
14 5 61 1.5 -2 0 0 1401
14 5 62 1.5 -2 0 0 1222
14 5 63 1.5 -2 0 0 1144
14 6 0 5.5 -2 0 0 1646
14 6 1 1.5 -2 0 0 1324
14 6 2 1.5 -2 0 0 1171
14 6 3 5.5 -2 0 0 830
14 6 4 5.5 -2 0 0 908
14 6 5 5.5 -2 0 0 905
14 6 6 1.5 -2 0 0 1018
14 6 7 5.5 -2 0 0 813
14 6 8 1.5 -2 0 0 1019
14 6 9 1.5 -2 0 0 898
14 6 10 5.5 -2 0 0 807
14 6 11 5.5 -2 0 0 1022
14 6 12 1.5 -2 0 0 856
14 6 13 4.78843 0.427337 0.148158 0.380663 791
14 6 14 1.5 -2 0 0 1442
14 6 15 1.5 -2 0 0 808
14 6 16 5.5 -2 0 0 851
14 6 17 1.5 -2 0 0 1195
14 6 18 5.5 -2 0 0 829
14 6 19 1.5 -2 0 0 707
14 6 20 1.5 -2 0 0 871
14 6 21 5.5 -2 0 0 981
14 6 22 5.75842 0.387383 0.322663 0.232163 740
14 6 23 5.5 -2 0 0 922
14 6 24 1.5 -2 0 0 1163
14 6 25 4.73909 0.456447 0.242781 0.313489 748
14 6 26 1.5 -2 0 0 1425
14 6 27 1.5 -2 0 0 794
14 6 28 5.5 -2 0 0 706
14 6 29 1.5 -2 0 0 1013
14 6 30 1.5 -2 0 0 393
14 6 31 5.5 -2 0 0 795
14 6 32 5.5 -2 0 0 726
14 6 33 1.5 -2 0 0 814
14 6 34 5.5 -2 0 0 1386
14 6 35 5.5 -2 0 0 674
14 6 36 5.5 -2 0 0 314
14 6 37 5.5 -2 0 0 888
14 6 38 5.25941 0.44356 0.245314 0.34443 675
14 6 39 4.867 0.431796 0.346201 0.241227 757
14 6 40 5.5 -2 0 0 883
14 6 41 1.5 -2 0 0 730
14 6 42 5.03934 0.436243 0.379313 0.38136 846
14 6 43 5.5 -2 0 0 1060
14 6 44 5.5 -2 0 0 690
14 6 45 1.5 -2 0 0 766
14 6 46 1.5 -2 0 0 1241
14 6 47 1.5 -2 0 0 696
14 6 48 5.5 -2 0 0 747
14 6 49 5.5 -2 0 0 842
14 6 50 5.5 -2 0 0 671
14 6 51 1.5 -2 0 0 963
14 6 52 1.5 -2 0 0 958
14 6 53 5.5 -2 0 0 731
14 6 54 5.5 -2 0 0 767
14 6 55 9.5 -2 0 0 896
14 6 56 1.5 -2 0 0 790
14 6 57 1.5 -2 0 0 906
14 6 58 5.5 -2 0 0 844
14 6 59 5.5 -2 0 0 1167
14 6 60 5.5 -2 0 0 725
14 6 61 1.5 -2 0 0 1036
14 6 62 1.5 -2 0 0 1071
14 6 63 5.5 -2 0 0 832
14 7 0 5.5 -2 0 0 1234
14 7 1 5.5 -2 0 0 1181
14 7 2 1.5 -2 0 0 1335
14 7 3 1.5 -2 0 0 1831
14 7 4 1.5 -2 0 0 1606
14 7 5 1.5 -2 0 0 1502
14 7 6 5.5 -2 0 0 1442
14 7 7 1.5 -2 0 0 2419
14 7 8 5.5 -2 0 0 1347
14 7 9 1.5 -2 0 0 1778
14 7 10 1.5 -2 0 0 2005
14 7 11 1.5 -2 0 0 1425
14 7 12 1.5 -2 0 0 1609
14 7 13 5.5 -2 0 0 2271
14 7 14 1.5 -2 0 0 1191
14 7 15 4.80324 0.417851 0.310824 0.617498 2033
14 7 16 5.5 -2 0 0 2467
14 7 17 5.5 -2 0 0 1231
14 7 18 1.5 -2 0 0 1780
14 7 19 1.5 -2 0 0 2673
14 7 20 1.5 -2 0 0 702
14 7 21 1.5 -2 0 0 1642
14 7 22 5.5 -2 0 0 2108
14 7 23 5.5 -2 0 0 1613
14 7 24 5.5 -2 0 0 1226
14 7 25 5.5 -2 0 0 2927
14 7 26 5.5 -2 0 0 1352
14 7 27 1.5 -2 0 0 2112
14 7 28 5.5 -2 0 0 2531
14 7 29 1.5 -2 0 0 1400
14 7 30 1.5 -2 0 0 1929
14 7 31 5.5 -2 0 0 3123
14 7 32 1.5 -2 0 0 2441
14 7 33 1.5 -2 0 0 2246
14 7 34 1.5 -2 0 0 1338
14 7 35 5.5 -2 0 0 3442
14 7 36 1.5 -2 0 0 2133
14 7 37 1.5 -2 0 0 1648
14 7 38 5.5 -2 0 0 3723
14 7 39 1.5 -2 0 0 2594
14 7 40 5.5 -2 0 0 1911
14 7 41 1.5 -2 0 0 2774
14 7 42 5.5 -2 0 0 1941
14 7 43 5.5 -2 0 0 1485
14 7 44 1.5 -2 0 0 3154
14 7 45 5.5 -2 0 0 2398
14 7 46 5.5 -2 0 0 1496
14 7 47 1.5 -2 0 0 3917
14 7 48 1.5 -2 0 0 2238
14 7 49 5.5 -2 0 0 1812
14 7 50 1.5 -2 0 0 2631
14 7 51 5.5 -2 0 0 1925
14 7 52 1.5 -2 0 0 1612
14 7 53 1.5 -2 0 0 3184
14 7 54 1.5 -2 0 0 2316
14 7 55 1.5 -2 0 0 1649
14 7 56 1.5 -2 0 0 2319
14 7 57 5.5 -2 0 0 2055
14 7 58 5.5 -2 0 0 2149
14 7 59 1.5 -2 0 0 1530
14 7 60 1.5 -2 0 0 2909
14 7 61 1.5 -2 0 0 1721
14 7 62 1.5 -2 0 0 1540
14 7 63 1.5 -2 0 0 1947
14 8 0 5.5 -2 0 0 643
14 8 1 1.5 -2 0 0 557
14 8 2 1.5 -2 0 0 584
14 8 3 4.79243 0.42969 0.366027 0.252745 589
14 8 4 5.5 -2 0 0 745
14 8 5 1.5 -2 0 0 608
14 8 6 5.5 -2 0 0 593
14 8 7 5.5 -2 0 0 623
14 8 8 1.5 -2 0 0 700
14 8 9 5.5 -2 0 0 572
14 8 10 5.5 -2 0 0 543
14 8 11 1.5 -2 0 0 627
14 8 12 5.5 -2 0 0 636
14 8 13 1.5 -2 0 0 680
14 8 14 1.5 -2 0 0 731
14 8 15 1.5 -2 0 0 682
14 8 16 5.5 -2 0 0 584
14 8 17 1.5 -2 0 0 647
14 8 18 5.5 -2 0 0 625
14 8 19 5.71929 0.45913 0.20678 0.451865 663
14 8 20 5.5 -2 0 0 220
14 8 21 5.5 -2 0 0 561
14 8 22 5.5 -2 0 0 667
14 8 23 4.65642 0.427576 0.340368 0.283831 775
14 8 24 1.5 -2 0 0 686
14 8 25 5.5 -2 0 0 676
14 8 26 5.5 -2 0 0 865
14 8 27 1.5 -2 0 0 665
14 8 28 5.38275 0.484028 0.19232 0.211644 728
14 8 29 1.5 -2 0 0 803
14 8 30 0 -10 0 0 182
14 8 31 1.5 -2 0 0 784
14 8 32 1.5 -2 0 0 786
14 8 33 5.5 -2 0 0 766
14 8 34 1.5 -2 0 0 812
14 8 35 1.5 -2 0 0 821
14 8 36 0 -10 0 0 124
14 8 37 5.5 -2 0 0 832
14 8 38 5.5 -2 0 0 904
14 8 39 5.29618 0.418625 0.263511 0.305419 995
14 8 40 0 -10 0 0 180
14 8 41 1.5 -2 0 0 815
14 8 42 5.5 -2 0 0 674
14 8 43 5.5 -2 0 0 859
14 8 44 1.5 -2 0 0 817
14 8 45 5.5 -2 0 0 774
14 8 46 1.5 -2 0 0 726
14 8 47 5.00722 0.432981 0.426913 0.301053 1102
14 8 48 1.5 -2 0 0 886
14 8 49 1.5 -2 0 0 858
14 8 50 1.5 -2 0 0 765
14 8 51 5.5 -2 0 0 1042
14 8 52 5.5 -2 0 0 873
14 8 53 5.5 -2 0 0 937
14 8 54 5.5 -2 0 0 945
14 8 55 1.5 -2 0 0 997
14 8 56 5.5 -2 0 0 1099
14 8 57 1.5 -2 0 0 1064
14 8 58 5.5 -2 0 0 943
14 8 59 1.5 -2 0 0 998
14 8 60 5.5 -2 0 0 1066
14 8 61 1.5 -2 0 0 1194
14 8 62 1.5 -2 0 0 1128
14 8 63 1.5 -2 0 0 1005
14 9 0 1.5 -2 0 0 1251
14 9 1 1.5 -2 0 0 1229
14 9 2 1.5 -2 0 0 1211
14 9 3 5.5 -2 0 0 911
14 9 4 5.5 -2 0 0 855
14 9 5 1.5 -2 0 0 1019
14 9 6 5.5 -2 0 0 1164
14 9 7 1.5 -2 0 0 391
14 9 8 5.5 -2 0 0 1026
14 9 9 5.5 -2 0 0 1143
14 9 10 1.5 -2 0 0 1064
14 9 11 5.5 -2 0 0 901
14 9 12 5.5 -2 0 0 937
14 9 13 5.5 -2 0 0 780
14 9 14 1.5 -2 0 0 987
14 9 15 1.5 -2 0 0 891
14 9 16 1.5 -2 0 0 718
14 9 17 5.5 -2 0 0 978
14 9 18 5.98171 0.491715 0.220346 0.326264 857
14 9 19 1.5 -2 0 0 302
14 9 20 6.54197 0.574918 0.432905 0.375362 829
14 9 21 5.5 -2 0 0 1042
14 9 22 5.5 -2 0 0 839
14 9 23 5.5 -2 0 0 315
14 9 24 5.5 -2 0 0 1024
14 9 25 1.5 -2 0 0 787
14 9 26 9.5 -2 0 0 969
14 9 27 1.5 -2 0 0 528
14 9 28 4.72317 0.4152 0.261878 0.294721 801
14 9 29 5.5 -2 0 0 838
14 9 30 5.5 -2 0 0 233
14 9 31 5.5 -2 0 0 799
14 9 32 1.5 -2 0 0 658
14 9 33 5.5 -2 0 0 754
14 9 34 5.70627 0.492445 0.200762 0.383191 881
14 9 35 4.84044 0.376234 0.484185 0.256323 767
14 9 36 0 -10 0 0 130
14 9 37 7.9538 0.35961 0.1 0.390414 230
14 9 38 5.5 -2 0 0 701
14 9 39 1.5 -2 0 0 567
14 9 40 5.80791 0.48552 0.356708 0.019008 318
14 9 41 5.5 -2 0 0 667
14 9 42 5.5 -2 0 0 640
14 9 43 1.5 -2 0 0 798
14 9 44 5.5 -2 0 0 665
14 9 45 5.5 -2 0 0 685
14 9 46 5.5 -2 0 0 873
14 9 47 1.5 -2 0 0 651
14 9 48 1.5 -2 0 0 656
14 9 49 1.5 -2 0 0 699
14 9 50 1.5 -2 0 0 663
14 9 51 5.5 -2 0 0 634
14 9 52 5.5 -2 0 0 758
14 9 53 1.5 -2 0 0 601
14 9 54 1.5 -2 0 0 663
14 9 55 5.5 -2 0 0 693
14 9 56 5.5 -2 0 0 600
14 9 57 1.5 -2 0 0 579
14 9 58 5.95776 0.223755 0.1 0.559402 666
14 9 59 5.5 -2 0 0 783
14 9 60 1.5 -2 0 0 538
14 9 61 1.5 -2 0 0 681
14 9 62 1.5 -2 0 0 723
14 9 63 1.5 -2 0 0 689
14 10 0 9.5 -2 0 0 1457
14 10 1 9.5 -2 0 0 1245
14 10 2 5.5 -2 0 0 1274
14 10 3 5.5 -2 0 0 1207
14 10 4 5.5 -2 0 0 1457
14 10 5 5.5 -2 0 0 1314
14 10 6 6.40342 0.463383 0.39488 0.207872 1258
14 10 7 8.08463 0.608053 0.532248 0.52566 1190
14 10 8 9.5 -2 0 0 1365
14 10 9 5.5 -2 0 0 1207
14 10 10 1.5 -2 0 0 1153
14 10 11 5.5 -2 0 0 1538
14 10 12 5.5 -2 0 0 1209
14 10 13 9.5 -2 0 0 1304
14 10 14 5.5 -2 0 0 1531
14 10 15 9.5 -2 0 0 1383
14 10 16 5.5 -2 0 0 1120
14 10 17 5.5 -2 0 0 1533
14 10 18 5.5 -2 0 0 1326
14 10 19 5.5 -2 0 0 1362
14 10 20 5.5 -2 0 0 1284
14 10 21 5.5 -2 0 0 1177
14 10 22 5.5 -2 0 0 1212
14 10 23 9.5 -2 0 0 1786
14 10 24 5.5 -2 0 0 1344
14 10 25 5.5 -2 0 0 1550
14 10 26 5.5 -2 0 0 1701
14 10 27 5.5 -2 0 0 1489
14 10 28 9.5 -2 0 0 1439
14 10 29 5.5 -2 0 0 1573
14 10 30 9.5 -2 0 0 1097
14 10 31 5.5 -2 0 0 1667
14 10 32 5.5 -2 0 0 1642
14 10 33 5.96495 0.565923 0.270269 0.271311 1764
14 10 34 5.5 -2 0 0 1769
14 10 35 9.5 -2 0 0 1953
14 10 36 5.5 -2 0 0 1196
14 10 37 1.5 -2 0 0 1489
14 10 38 1.5 -2 0 0 2235
14 10 39 5.5 -2 0 0 2793
14 10 40 5.5 -2 0 0 1296
14 10 41 5.5 -2 0 0 1859
14 10 42 5.5 -2 0 0 1940
14 10 43 5.5 -2 0 0 2046
14 10 44 5.5 -2 0 0 2128
14 10 45 5.5 -2 0 0 1916
14 10 46 5.5 -2 0 0 1989
14 10 47 5.5 -2 0 0 2737
14 10 48 5.5 -2 0 0 2109
14 10 49 5.5 -2 0 0 2174
14 10 50 5.5 -2 0 0 2158
14 10 51 5.5 -2 0 0 3279
14 10 52 5.5 -2 0 0 2315
14 10 53 5.5 -2 0 0 2623
14 10 54 1.5 -2 0 0 2474
14 10 55 5.5 -2 0 0 2561
14 10 56 5.5 -2 0 0 3049
14 10 57 5.5 -2 0 0 3128
14 10 58 5.5 -2 0 0 2453
14 10 59 5.5 -2 0 0 2405
14 10 60 1.5 -2 0 0 2758
14 10 61 5.5 -2 0 0 3677
14 10 62 1.5 -2 0 0 2850
14 10 63 5.5 -2 0 0 2373
14 11 0 5.5 -2 0 0 3612
14 11 1 1.5 -2 0 0 3425
14 11 2 5.5 -2 0 0 3329
14 11 3 5.5 -2 0 0 2230
14 11 4 5.5 -2 0 0 2188
14 11 5 5.5 -2 0 0 2382
14 11 6 5.5 -2 0 0 3114
14 11 7 5.5 -2 0 0 2105
14 11 8 9.5 -2 0 0 2660
14 11 9 1.5 -2 0 0 2826
14 11 10 1.5 -2 0 0 2658
14 11 11 5.5 -2 0 0 2235
14 11 12 5.5 -2 0 0 2349
14 11 13 4.69099 0.387437 0.241035 0.340552 1806
14 11 14 1.5 -2 0 0 2815
14 11 15 5.5 -2 0 0 1982
14 11 16 5.5614 0.346982 0.358947 0.56488 2606
14 11 17 5.5 -2 0 0 2154
14 11 18 5.5 -2 0 0 2068
14 11 19 5.5 -2 0 0 1764
14 11 20 1.5 -2 0 0 1010
14 11 21 1.5 -2 0 0 2966
14 11 22 5.5 -2 0 0 2135
14 11 23 5.5 -2 0 0 2012
14 11 24 1.5 -2 0 0 2724
14 11 25 5.5 -2 0 0 1652
14 11 26 5.5 -2 0 0 2505
14 11 27 1.5 -2 0 0 1689
14 11 28 1.5 -2 0 0 1667
14 11 29 5.5 -2 0 0 1986
14 11 30 1.5 -2 0 0 1435
14 11 31 5.5 -2 0 0 1455
14 11 32 1.5 -2 0 0 1382
14 11 33 5.5 -2 0 0 1459
14 11 34 5.5 -2 0 0 2229
14 11 35 5.5 -2 0 0 1358
14 11 36 6.11996 0.361156 0.367241 0.773021 834
14 11 37 5.05053 0.385044 0.212766 0.472666 1721
14 11 38 5.5 -2 0 0 1222
14 11 39 5.5 -2 0 0 1199
14 11 40 1.5 -2 0 0 887
14 11 41 5.5 -2 0 0 1306
14 11 42 4.59796 0.22162 0.1 0.198954 1401
14 11 43 5.5 -2 0 0 1756
14 11 44 5.5 -2 0 0 1170
14 11 45 1.5 -2 0 0 1332
14 11 46 5.5 -2 0 0 1909
14 11 47 5.5 -2 0 0 1054
14 11 48 5.5 -2 0 0 1270
14 11 49 1.5 -2 0 0 1482
14 11 50 5.5 -2 0 0 1234
14 11 51 5.5 -2 0 0 1278
14 11 52 5.5 -2 0 0 1537
14 11 53 5.5 -2 0 0 1167
14 11 54 1.5 -2 0 0 1186
14 11 55 1.5 -2 0 0 1402
14 11 56 1.5 -2 0 0 1230
14 11 57 5.5 -2 0 0 1220
14 11 58 1.5 -2 0 0 1286
14 11 59 1.5 -2 0 0 1800
14 11 60 1.5 -2 0 0 1565
14 11 61 1.5 -2 0 0 1389
14 11 62 1.5 -2 0 0 1484
14 11 63 5.5 -2 0 0 1355
14 12 0 1.5 -2 0 0 4005
14 12 1 5.5 -2 0 0 3719
14 12 2 1.5 -2 0 0 3634
14 12 3 1.5 -2 0 0 3220
14 12 4 1.5 -2 0 0 3793
14 12 5 5.5 -2 0 0 3586
14 12 6 1.5 -2 0 0 3513
14 12 7 1.5 -2 0 0 3166
14 12 8 5.5 -2 0 0 3519
14 12 9 1.5 -2 0 0 3137
14 12 10 5.5 -2 0 0 3073
14 12 11 5.5 -2 0 0 3823
14 12 12 5.5 -2 0 0 3341
14 12 13 5.5 -2 0 0 3232
14 12 14 1.5 -2 0 0 4032
14 12 15 5.5 -2 0 0 3423
14 12 16 1.5 -2 0 0 3111
14 12 17 5.5 -2 0 0 4061
14 12 18 5.86725 0.442097 0.356471 0.548676 3881
14 12 19 5.5 -2 0 0 3312
14 12 20 5.5 -2 0 0 4089
14 12 21 1.5 -2 0 0 3292
14 12 22 9.5 -2 0 0 2975
14 12 23 1.5 -2 0 0 4169
14 12 24 5.5 -2 0 0 3720
14 12 25 8.4614 0.345347 0.341364 1.08372 3550
14 12 26 1.5 -2 0 0 4329
14 12 27 5.5 -2 0 0 3625
14 12 28 5.5 -2 0 0 3471
14 12 29 5.5 -2 0 0 4178
14 12 30 5.5 -2 0 0 3877
14 12 31 1.5 -2 0 0 3688
14 12 32 5.5 -2 0 0 3721
14 12 33 5.5 -2 0 0 3911
14 12 34 5.5 -2 0 0 4684
14 12 35 5.5 -2 0 0 4000
14 12 36 5.5 -2 0 0 4051
14 12 37 9.5 -2 0 0 4446
14 12 38 5.5 -2 0 0 3987
14 12 39 5.7581 0.328782 0.31381 0.529584 4813
14 12 40 5.5 -2 0 0 4337
14 12 41 1.5 -2 0 0 3795
14 12 42 1.5 -2 0 0 4435
14 12 43 4.6646 0.358219 0.319784 0.400172 4566
14 12 44 1.5 -2 0 0 4025
14 12 45 5.5 -2 0 0 4033
14 12 46 5.5 -2 0 0 4978
14 12 47 5.5 -2 0 0 4451
14 12 48 1.5 -2 0 0 4379
14 12 49 1.5 -2 0 0 4687
14 12 50 1.5 -2 0 0 4282
14 12 51 5.5 -2 0 0 5528
14 12 52 5.00591 0.462017 0.280992 0.342843 4872
14 12 53 5.5 -2 0 0 4407
14 12 54 5.5 -2 0 0 4639
14 12 55 5.5 -2 0 0 5087
14 12 56 1.5 -2 0 0 5018
14 12 57 5.5 -2 0 0 5182
14 12 58 1.5 -2 0 0 4506
14 12 59 5.5 -2 0 0 5226
14 12 60 1.5 -2 0 0 4516
14 12 61 1.5 -2 0 0 5914
14 12 62 1.5 -2 0 0 5465
14 12 63 1.5 -2 0 0 4957
14 13 0 5.5 -2 0 0 6045
14 13 1 5.5 -2 0 0 5469
14 13 2 4.79839 0.374543 0.37437 0.112834 5153
14 13 3 5.5 -2 0 0 4064
14 13 4 5.5 -2 0 0 4558
14 13 5 1.5 -2 0 0 4787
14 13 6 5.5 -2 0 0 4865
14 13 7 5.5 -2 0 0 3841
14 13 8 5.5 -2 0 0 4794
14 13 9 1.5 -2 0 0 4433
14 13 10 5.5 -2 0 0 4085
14 13 11 5.5 -2 0 0 4535
14 13 12 1.5 -2 0 0 4350
14 13 13 5.5 -2 0 0 3655
14 13 14 5.5 -2 0 0 5509
14 13 15 5.56827 0.499768 0.199448 0.858347 3892
14 13 16 5.5 -2 0 0 4122
14 13 17 5.5 -2 0 0 4975
14 13 18 5.5 -2 0 0 4084
14 13 19 5.5 -2 0 0 3747
14 13 20 1.5 -2 0 0 4224
14 13 21 5.5 -2 0 0 4588
14 13 22 5.5 -2 0 0 3817
14 13 23 5.5 -2 0 0 4338
14 13 24 5.5 -2 0 0 5160
14 13 25 5.5 -2 0 0 3656
14 13 26 5.5 -2 0 0 5367
14 13 27 5.5 -2 0 0 3877
14 13 28 5.5 -2 0 0 3544
14 13 29 5.5 -2 0 0 4644
14 13 30 5.5 -2 0 0 3917
14 13 31 5.5 -2 0 0 3332
14 13 32 5.5 -2 0 0 3241
14 13 33 5.5 -2 0 0 3556
14 13 34 5.5 -2 0 0 5185
14 13 35 5.5 -2 0 0 3191
14 13 36 5.5 -2 0 0 3539
14 13 37 5.5 -2 0 0 4118
14 13 38 5.5 -2 0 0 2947
14 13 39 5.5 -2 0 0 3321
14 13 40 5.5 -2 0 0 3896
14 13 41 5.5 -2 0 0 3090
14 13 42 5.5 -2 0 0 3744
14 13 43 1.5 -2 0 0 4429
14 13 44 5.5 -2 0 0 2891
14 13 45 1.5 -2 0 0 3397
14 13 46 1.5 -2 0 0 4610
14 13 47 5.5 -2 0 0 2861
14 13 48 5.58088 0.392555 0.233653 0.609348 3497
14 13 49 1.5 -2 0 0 3836
14 13 50 5.5 -2 0 0 3037
14 13 51 1.5 -2 0 0 3793
14 13 52 1.5 -2 0 0 3899
14 13 53 1.5 -2 0 0 2858
14 13 54 1.5 -2 0 0 3228
14 13 55 5.5 -2 0 0 3739
14 13 56 5.5 -2 0 0 3410
14 13 57 5.5 -2 0 0 3654
14 13 58 1.5 -2 0 0 3535
14 13 59 1.5 -2 0 0 4421
14 13 60 5.5 -2 0 0 3161
14 13 61 1.5 -2 0 0 4006
14 13 62 1.5 -2 0 0 4057
14 13 63 5.5 -2 0 0 3590
14 14 0 1.5 -2 0 0 6024
14 14 1 5.5 -2 0 0 5325
14 14 2 1.5 -2 0 0 5135
14 14 3 6.38477 0.399286 0.326659 0.592338 4360
14 14 4 1.5 -2 0 0 4142
14 14 5 5.5 -2 0 0 4428
14 14 6 4.63255 0.348222 0.398717 0.0874669 5039
14 14 7 1.5 -2 0 0 3929
14 14 8 1.5 -2 0 0 4606
14 14 9 1.5 -2 0 0 4384
14 14 10 5.5 -2 0 0 4262
14 14 11 1.5 -2 0 0 4331
14 14 12 1.5 -2 0 0 4084
14 14 13 1.5 -2 0 0 3538
14 14 14 1.5 -2 0 0 5190
14 14 15 5.5 -2 0 0 3733
14 14 16 1.5 -2 0 0 4363
14 14 17 1.5 -2 0 0 4572
14 14 18 5.5 -2 0 0 3919
14 14 19 5.5 -2 0 0 3563
14 14 20 1.5 -2 0 0 3893
14 14 21 5.5 -2 0 0 4793
14 14 22 5.5 -2 0 0 3774
14 14 23 5.5 -2 0 0 4063
14 14 24 1.5 -2 0 0 4958
14 14 25 5.5 -2 0 0 3343
14 14 26 5.5 -2 0 0 4811
14 14 27 5.5 -2 0 0 3558
14 14 28 1.5 -2 0 0 3341
14 14 29 5.5 -2 0 0 4216
14 14 30 1.5 -2 0 0 3776
14 14 31 5.5 -2 0 0 3049
14 14 32 5.5 -2 0 0 3086
14 14 33 5.5 -2 0 0 3516
14 14 34 5.5 -2 0 0 4565
14 14 35 5.5 -2 0 0 2821
14 14 36 1.5 -2 0 0 3296
14 14 37 5.43493 0.372083 0.46403 0.537397 3772
14 14 38 1.5 -2 0 0 2724
14 14 39 1.5 -2 0 0 2740
14 14 40 1.5 -2 0 0 3486
14 14 41 5.62736 0.340816 0.242766 0.706054 2690
14 14 42 5.5 -2 0 0 3192
14 14 43 5.12808 0.327766 0.305133 0.220225 3898
14 14 44 5.5 -2 0 0 2449
14 14 45 5.5 -2 0 0 2917
14 14 46 5.5 -2 0 0 4259
14 14 47 5.08557 0.330503 0.205052 0.108741 2528
14 14 48 4.68712 0.459781 0.31366 0.204536 3062
14 14 49 5.5 -2 0 0 3304
14 14 50 5.44072 0.393246 0.299822 0.556004 2659
14 14 51 5.5 -2 0 0 3123
14 14 52 1.5 -2 0 0 3465
14 14 53 5.5 -2 0 0 2528
14 14 54 5.5 -2 0 0 2686
14 14 55 5.5 -2 0 0 3164
14 14 56 1.5 -2 0 0 2808
14 14 57 5.5 -2 0 0 3049
14 14 58 5.5 -2 0 0 2951
14 14 59 1.5 -2 0 0 3893
14 14 60 1.5 -2 0 0 2607
14 14 61 5.5 -2 0 0 3252
14 14 62 1.5 -2 0 0 3404
14 14 63 1.5 -2 0 0 2969
14 15 0 1.5 -2 0 0 3309
14 15 1 1.5 -2 0 0 3076
14 15 2 5.5 -2 0 0 2916
14 15 3 5.5 -2 0 0 2577
14 15 4 5.5 -2 0 0 3155
14 15 5 5.5 -2 0 0 2841
14 15 6 5.5 -2 0 0 2737
14 15 7 5.5 -2 0 0 2367
14 15 8 5.87268 0.430993 0.371342 0.303271 3031
14 15 9 1.5 -2 0 0 2405
14 15 10 1.5 -2 0 0 2301
14 15 11 5.5 -2 0 0 3270
14 15 12 1.5 -2 0 0 2758
14 15 13 5.5 -2 0 0 2714
14 15 14 1.5 -2 0 0 3456
14 15 15 5.5 -2 0 0 2853
14 15 16 5.5 -2 0 0 2234
14 15 17 1.5 -2 0 0 3490
14 15 18 5.5 -2 0 0 3050
14 15 19 5.5 -2 0 0 2750
14 15 20 5.5 -2 0 0 3406
14 15 21 5.5 -2 0 0 2606
14 15 22 1.5 -2 0 0 2408
14 15 23 1.5 -2 0 0 3635
14 15 24 5.5 -2 0 0 3236
14 15 25 5.5 -2 0 0 2771
14 15 26 5.5 -2 0 0 3872
14 15 27 5.5 -2 0 0 3102
14 15 28 5.5 -2 0 0 2923
14 15 29 4.77736 0.26566 0.364519 0.330813 3836
14 15 30 1.5 -2 0 0 3282
14 15 31 5.5 -2 0 0 2924
14 15 32 5.5 -2 0 0 3116
14 15 33 1.5 -2 0 0 3426
14 15 34 5.5 -2 0 0 4093
14 15 35 5.5 -2 0 0 3388
14 15 36 1.5 -2 0 0 3533
14 15 37 1.5 -2 0 0 3985
14 15 38 1.5 -2 0 0 3565
14 15 39 5.5 -2 0 0 4644
14 15 40 5.5 -2 0 0 3864
14 15 41 5.5 -2 0 0 3390
14 15 42 5.5 -2 0 0 4119
14 15 43 4.7215 0.451052 0.269746 0.0913498 4224
14 15 44 1.5 -2 0 0 3643
14 15 45 5.07907 0.373068 0.28476 0.502952 3549
14 15 46 1.5 -2 0 0 4508
14 15 47 1.5 -2 0 0 3758
14 15 48 5.5 -2 0 0 3962
14 15 49 1.5 -2 0 0 4448
14 15 50 5.5 -2 0 0 3831
14 15 51 1.5 -2 0 0 5276
14 15 52 5.5 -2 0 0 4637
14 15 53 1.5 -2 0 0 4051
14 15 54 5.5 -2 0 0 4115
14 15 55 1.5 -2 0 0 4885
14 15 56 1.5 -2 0 0 4928
14 15 57 1.5 -2 0 0 5051
14 15 58 5.5 -2 0 0 4315
14 15 59 5.5 -2 0 0 4876
14 15 60 1.5 -2 0 0 4317
14 15 61 1.5 -2 0 0 5645
14 15 62 5.5 -2 0 0 5170
14 15 63 1.5 -2 0 0 4671
