Info in <TGeoManager::TGeoManager>: Geometry default, Detector Geometry created
Info in <TGeoNavigator::BuildCache>: --- Maximum geometry depth set to 100
PersistencyIO    INFO  +++ Set Streamer to dd4hep::OpaqueDataBlock
XMLLoader        INFO  +++ Processing XML file: file:/afs/cern.ch/user/m/marquezh/public/siwecal_k4sim/simulation/geometry/SND_compact.xml
DD4hep           WARN  ++ STD conditions NOT defined by client. NTP defaults taken.
VisAttr          INFO  +++ EcalVis Allocated a Color: r:B2 g:B2 b:00, this will not save to a ROOT file
VisAttr          INFO  +++ TungstenVis Allocated a Color: r:7F g:59 b:8C, this will not save to a ROOT file
Info in <TGeoManager::SetTopVolume>: Top volume is world_volume. Master volume is world_volume
Detector         INFO  *********** Created World volume with size: 2000 2000 2000
Utilities        INFO  +++ setDetectorTypeFlags for detector: SiPad not set.
Info in <TGeoManager::CheckGeometry>: Fixing runtime shapes...
Info in <TGeoManager::CheckGeometry>: ...Nothing to fix
Info in <TGeoManager::CloseGeometry>: Counting nodes...
Info in <TGeoManager::Voxelize>: Voxelizing...
Info in <TGeoManager::CloseGeometry>: Building cache...
Info in <TGeoManager::CountLevels>: max level = 3, max placements = 16
Info in <TGeoManager::CloseGeometry>: 188 nodes/ 189 volume UID's in Detector Geometry
Info in <TGeoManager::CloseGeometry>: ----------------modeler ready----------------
Compact          INFO  ++ Converted subdetector:SiPad of type SiPadDetector [calorimeter]
Detector         INFO  +++ Patching names of anonymous shapes....
COMPACT FILE  = /afs/cern.ch/user/m/marquezh/public/siwecal_k4sim/simulation/geometry/SND_compact.xml
OUTPUT FILE   = /afs/cern.ch/user/m/marquezh/public/siwecal_k4sim/simulation/run_script/data/output_beam_e-_54GeV_xy_-45_45_sigx20.5_sigy16.5_sigE0.02.edm4hep.root
PARTICLE      = e-
Energy [GeV]  = 54
Beam centre   = (-45, 45) mm
sigma_x [mm]  = 20.5
sigma_y [mm]  = 16.5
sigma_E [frac]= 0.02
theta_max[deg]= 
Beam z [mm]   = -2000
DDG4             INFO +++ Imported 35 global values to namespace:DDG4
Geant4Kernel           OutputLevel:  2
Geant4Kernel           UI:           UI
Geant4Kernel           NumEvents:    10
DDG4             INFO +++  List of sensitive detectors:
Geant4Kernel           NumThreads:   0
DDG4             INFO +++  SiPad                            type:calorimeter   --> Sensitive type: Geant4ScintillatorCalorimeterAction
Geant4UI         INFO  +++ UI> Install Geant4 control directory:/ddg4/UI/
Geant4Kernel     INFO  ++ Registered global action UI of type dd4hep::sim::Geant4UIManager
Geant4UI         INFO  +++ MagFieldTrackingSetup> Install Geant4 control directory:/ddg4/MagFieldTrackingSetup/
Geant4UI         INFO  +++ DetectorConstructionAction> Install Geant4 control directory:/ddg4/DetectorConstructionAction/
Geant4UI         INFO  +++ ConstructSD> Install Geant4 control directory:/ddg4/ConstructSD/
Geant4Kernel     INFO  ++ Registered global action RunInit of type dd4hep::sim::Test::Geant4TestRunAction
DDSim.Helper.Random INFO Choosing random seed for you: 869980013
DDSim.Helper.OutputConfig INFO ++++ Setting up EDM4hep ROOT Output ++++
Geant4UI         INFO  +++ RunAction> Install Geant4 control directory:/ddg4/RunAction/
EDM4hepOutput    INFO  Writer is now instantiated ...
Geant4UI         INFO  +++ EDM4hepOutput> Install Geant4 control directory:/ddg4/EDM4hepOutput/
DDSim            INFO ++++ Adding Geant4 General Particle Source ++++
DDSim            INFO Disabling the PrimaryHandler
Geant4UI         INFO  +++ EventAction> Install Geant4 control directory:/ddg4/EventAction/
Geant4UI         INFO  +++ GeneratorAction> Install Geant4 control directory:/ddg4/GeneratorAction/
Geant4UI         INFO  +++ GPS> Install Geant4 control directory:/ddg4/GPS/
Geant4UI         INFO  +++ InteractionMerger> Install Geant4 control directory:/ddg4/InteractionMerger/
Geant4UI         INFO  +++ TrackingAction> Install Geant4 control directory:/ddg4/TrackingAction/
Geant4UI         INFO  +++ SteppingAction> Install Geant4 control directory:/ddg4/SteppingAction/
DDSim.Helper.ParticleHandler INFO  *** definition of tracker region *** 
DDSim.Helper.ParticleHandler INFO     tracker_region_zmin = -123.3
DDSim.Helper.ParticleHandler INFO     tracker_region_zmax = 123.3
DDSim.Helper.ParticleHandler INFO     tracker_region_rmax = 176
DDSim.Helper.ParticleHandler INFO  ************************************ 
DDSim.Helper.Filter INFO ReqFilt {'edep0', 'edep1kev'}
DDSim            INFO getDetectorLists - found active detector SiPad type: calorimeter
DDSim            INFO getDetectorLists - Identified SiPad as a calorimeter
DDSim            INFO Setting up SD for SiPad with Geant4ScintillatorCalorimeterAction
Geant4UI         INFO  +++ ParticleHandler> Install Geant4 control directory:/ddg4/ParticleHandler/
Geant4UI         INFO  +++ SiPad> Install Geant4 control directory:/ddg4/SiPad/
DDSim.Helper.Filter INFO Adding default filter 'edep0' to sensitive detector for 'SiPad' 
Geant4UI         INFO  +++ SiPadHandler> Install Geant4 control directory:/ddg4/SiPadHandler/
Geant4UI         INFO  +++ PhysicsList> Install Geant4 control directory:/ddg4/PhysicsList/
PhysicsList            +++ Dump of physics list component(s)
PhysicsList            +++ Extension name       QGSP_BERT
PhysicsList            +++ Transportation flag: 0
PhysicsList            +++ Program decays:      0
PhysicsList            +++ RangeCut:            0.700000
PhysicsList            +++ Verbosity:           1
Geant4UI         INFO  +++ GlobalRangeCut> Install Geant4 control directory:/ddg4/GlobalRangeCut/
 G4ChordFinder: stepperDriverId: 2
FieldSetup       INFO  Geant4 magnetic field tracking configured.
FieldSetup       INFO  G4MagIntegratorStepper:ClassicalRK4 G4Mag_EqRhs:Mag_UsualEqRhs
FieldSetup       INFO  Epsilon:[min:0.000050 mm max:0.001000 mm]
FieldSetup       INFO  Delta:[chord:0.250000 1-step:0.010000 intersect:0.001000] LargestStep 10000.000000 mm

**************************************************************
 Geant4 version Name: geant4-11-04 [MT]   (5-December-2025)
                       Copyright : Geant4 Collaboration
                      References : NIM A 506 (2003), 250-303
                                 : IEEE-TNS 53 (2006), 270-278
                                 : NIM A 835 (2016), 186-225
                             WWW : http://geant4.org/
**************************************************************

Geant4UI         INFO  +++ Geant4RunManager> Install Geant4 control directory:/ddg4/Geant4RunManager/
Geant4RunManager WARN  +++ Configured run manager of type: G4RunManager.
Geant4Kernel     WARN  +++ Multi-threaded mode requested, but not supported by this compilation of Geant4.
Geant4Kernel     WARN  +++ Falling back to single threaded mode.
Geant4Exec       WARN  +++ Only 1 subdetectors present. You sure you loaded the geometry properly?
G4PhysListFactory::GetReferencePhysList <QGSP_BERT>
<<< Geant4 Physics List simulation engine: QGSP_BERT


Myphysics        INFO  +++ Registered Geant4 physics constructor G4StepLimiterPhysics to modular physics list id:0
UserInitialization INFO  +++ Executing Geant4UserActionInitialization::Build. Context:0xeb5ec40 Kernel:0xeaeead0 [-1]
SignalHandler    INFO  ++ Re-apply signal handlers
Geant4Converter  INFO  +++  Successfully converted geometry to Geant4. [  0.003 seconds]
Geant4UI         INFO  +++ ConstructGeo> Install Geant4 control directory:/ddg4/ConstructGeo/

 hInelastic QGSP_BERT  Thresholds: 
    1) between BERT  and FTF/P over the interval 3 to 6 GeV. 
    2) between FTF/P and QGS/P over the interval 12 to 25 GeV. 
  -- quasiElastic: 1 for QGS  and 0 for FTF
### Adding tracking cuts for neutron  TimeCut(ns)= 10000  KinEnergyCut(MeV)= 0
GlobalRangeCut   INFO  +++ Set PhysicsList RangeCut to 0.700000 mm
UI               INFO  ++ Executing UI setup: /afs/cern.ch/user/m/marquezh/public/siwecal_k4sim/simulation/run_script/steer/gps_QGSP_BERT_SiWECAL_beam_e-_54GeV_xy_-45_45_sigx20.5_sigy16.5_sigE0.02.mac
=======================================================================
======                 Electromagnetic Physics Parameters      ========
=======================================================================
LPM effect enabled                                 1
Enable creation and use of sampling tables         0
Apply cuts on all EM processes                     0
Use combined TransportationWithMsc                 Disabled
Use general process                                1
Enable linear polarisation for gamma               0
Enable photoeffect sampling below K-shell          1
Enable sampling of quantum entanglement            0
X-section factor for integral approach             0.8
Min kinetic energy for tables                      100 eV 
Max kinetic energy for tables                      100 TeV
Number of bins per decade of a table               7
Verbose level                                      1
Verbose level for worker thread                    0
Bremsstrahlung energy threshold above which 
  primary e+- is added to the list of secondary    100 TeV
Bremsstrahlung energy threshold above which primary
  muon/hadron is added to the list of secondary    100 TeV
Positron annihilation at rest model                SimplePositronium
Enable 3 gamma annihilation on fly                 0
Lowest triplet kinetic energy                      1 MeV
Enable sampling of gamma linear polarisation       0
5D gamma conversion model type                     0
5D gamma conversion model on isolated ion          0
Use RiGe 5D e+e- pair production model by muons    0
Livermore data directory                           epics_2017
=======================================================================
======                 Ionisation Parameters                   ========
=======================================================================
Step function for e+-                              (0.2, 1 mm)
Step function for muons/hadrons                    (0.2, 0.1 mm)
Step function for light ions                       (0.2, 0.1 mm)
Step function for general ions                     (0.2, 0.1 mm)
Lowest e+e- kinetic energy                         1 keV
Lowest muon/hadron kinetic energy                  1 keV
Use ICRU90 data                                    0
Fluctuations of dE/dx are enabled                  1
Type of fluctuation model for leptons and hadrons  Urban
Use built-in Birks saturation                      0
Build CSDA range enabled                           0
Use cut as a final range enabled                   0
Enable angular generator interface                 0
Max kinetic energy for CSDA tables                 1 GeV
Max kinetic energy for NIEL computation            0 eV 
Linear loss limit                                  0.01
Read data from file for e+e- pair production by mu 0
=======================================================================
======                 Multiple Scattering Parameters          ========
=======================================================================
Type of msc step limit algorithm for e+-           1
Type of msc step limit algorithm for muons/hadrons 0
Msc lateral displacement for e+- enabled           1
Msc lateral displacement for muons and hadrons     0
Urban msc model lateral displacement alg96         1
Range factor for msc step limit for e+-            0.04
Range factor for msc step limit for muons/hadrons  0.2
Geometry factor for msc step limitation of e+-     2.5
Safety factor for msc step limit for e+-           0.6
Skin parameter for msc step limitation of e+-      1
Lambda limit for msc step limit for e+-            1 mm
Use Mott correction for e- scattering              0
Factor used for dynamic computation of angular 
  limit between single and multiple scattering     1
Fixed angular limit between single 
  and multiple scattering                          3.1416 rad
Upper energy limit for e+- multiple scattering     100 MeV
Type of electron single scattering model           0
Type of nuclear form-factor                        1
Screening factor                                   1
=======================================================================

phot:  for gamma SubType=12 BuildTable=0
      LambdaPrime table from 200 keV to 100 TeV in 61 bins 
      ===== EM models for the G4Region  DefaultRegionForTheWorld ======
 LivermorePhElectric : Emin=    0 eV  Emax=  100 TeV  SauterGavrila Fluo

compt:  for gamma SubType=13 BuildTable=1
      Lambda table from 100 eV  to 1 MeV, 7 bins/decade, spline: 1
      LambdaPrime table from 1 MeV to 100 TeV in 56 bins 
      ===== EM models for the G4Region  DefaultRegionForTheWorld ======
       Klein-Nishina : Emin=    0 eV  Emax=  100 TeV

conv:  for gamma SubType=14 BuildTable=1
      Lambda table from 1.022 MeV to 100 TeV, 18 bins/decade, spline: 1
      ===== EM models for the G4Region  DefaultRegionForTheWorld ======
     BetheHeitlerLPM : Emin=    0 eV  Emax=  100 TeV  ModifiedTsai

Rayl:  for gamma SubType=11 BuildTable=1
      Lambda table from 100 eV  to 150 keV, 7 bins/decade, spline: 0
      LambdaPrime table from 150 keV to 100 TeV in 62 bins 
      ===== EM models for the G4Region  DefaultRegionForTheWorld ======
   LivermoreRayleigh : Emin=    0 eV  Emax=  100 TeV  CullenGenerator

msc:  for e-  SubType= 10
      ===== EM models for the G4Region  DefaultRegionForTheWorld ======
            UrbanMsc : Emin=    0 eV  Emax=  100 MeV Nbins=42 100 eV  - 100 MeV
          StepLim=UseSafety Rfact=0.04 Gfact=2.5 Sfact=0.6 DispFlag:1 Skin=1 Llim=1 mm
        WentzelVIUni : Emin=  100 MeV Emax=  100 TeV Nbins=42 100 MeV - 100 TeV
          StepLim=UseSafety Rfact=0.04 Gfact=2.5 Sfact=0.6 DispFlag:1 Skin=1 Llim=1 mm

eIoni:  for e-  XStype:3  SubType=2
      dE/dx and range tables from 100 eV  to 100 TeV in 84 bins
      Lambda tables from threshold to 100 TeV, 7 bins/decade, spline: 1
      StepFunction=(0.2, 1 mm), integ: 3, fluct: 1, linLossLim= 0.01
      ===== EM models for the G4Region  DefaultRegionForTheWorld ======
        MollerBhabha : Emin=    0 eV  Emax=  100 TeV

eBrem:  for e-  XStype:4  SubType=3
      dE/dx and range tables from 100 eV  to 100 TeV in 84 bins
      Lambda tables from threshold to 100 TeV, 7 bins/decade, spline: 1
      LPM flag: 1 for E > 1 GeV,  VertexHighEnergyTh(GeV)= 100000
      ===== EM models for the G4Region  DefaultRegionForTheWorld ======
             eBremSB : Emin=    0 eV  Emax=    1 GeV  ModifiedTsai
            eBremLPM : Emin=    1 GeV Emax=  100 TeV  ModifiedTsai

CoulombScat:  for e- XStype:1 SubType=1 BuildTable=1
      Lambda table from 100 MeV to 100 TeV, 7 bins/decade, spline: 0
      ThetaMin(p) < Theta(degree) < 180, pLimit(GeV^1)= 0.139531
      ===== EM models for the G4Region  DefaultRegionForTheWorld ======
  eCoulombScattering : Emin=  100 MeV Emax=  100 TeV

msc:  for e+  SubType= 10
      ===== EM models for the G4Region  DefaultRegionForTheWorld ======
            UrbanMsc : Emin=    0 eV  Emax=  100 MeV Nbins=42 100 eV  - 100 MeV
          StepLim=UseSafety Rfact=0.04 Gfact=2.5 Sfact=0.6 DispFlag:1 Skin=1 Llim=1 mm
        WentzelVIUni : Emin=  100 MeV Emax=  100 TeV Nbins=42 100 MeV - 100 TeV
          StepLim=UseSafety Rfact=0.04 Gfact=2.5 Sfact=0.6 DispFlag:1 Skin=1 Llim=1 mm

eIoni:  for e+  XStype:3  SubType=2
      dE/dx and range tables from 100 eV  to 100 TeV in 84 bins
      Lambda tables from threshold to 100 TeV, 7 bins/decade, spline: 1
      StepFunction=(0.2, 1 mm), integ: 3, fluct: 1, linLossLim= 0.01
      ===== EM models for the G4Region  DefaultRegionForTheWorld ======
        MollerBhabha : Emin=    0 eV  Emax=  100 TeV

eBrem:  for e+  XStype:4  SubType=3
      dE/dx and range tables from 100 eV  to 100 TeV in 84 bins
      Lambda tables from threshold to 100 TeV, 7 bins/decade, spline: 1
      LPM flag: 1 for E > 1 GeV,  VertexHighEnergyTh(GeV)= 100000
      ===== EM models for the G4Region  DefaultRegionForTheWorld ======
             eBremSB : Emin=    0 eV  Emax=    1 GeV  ModifiedTsai
            eBremLPM : Emin=    1 GeV Emax=  100 TeV  ModifiedTsai

annihil:  for e+ XStype:2 SubType=5 AtRestModel:Simple BuildTable=0
      ===== EM models for the G4Region  DefaultRegionForTheWorld ======
            eplus2gg : Emin=    0 eV  Emax=  100 TeV

CoulombScat:  for e+ XStype:1 SubType=1 BuildTable=1
      Lambda table from 100 MeV to 100 TeV, 7 bins/decade, spline: 0
      ThetaMin(p) < Theta(degree) < 180, pLimit(GeV^1)= 0.139531
      ===== EM models for the G4Region  DefaultRegionForTheWorld ======
  eCoulombScattering : Emin=  100 MeV Emax=  100 TeV

msc:  for proton  SubType= 10
      ===== EM models for the G4Region  DefaultRegionForTheWorld ======
        WentzelVIUni : Emin=    0 eV  Emax=  100 TeV Nbins=84 100 eV  - 100 TeV
          StepLim=Minimal Rfact=0.2 Gfact=2.5 Sfact=0.6 DispFlag:0 Skin=1 Llim=1 mm

hIoni:  for proton  XStype:3  SubType=2
      dE/dx and range tables from 100 eV  to 100 TeV in 84 bins
      Lambda tables from threshold to 100 TeV, 7 bins/decade, spline: 1
      StepFunction=(0.2, 0.1 mm), integ: 3, fluct: 1, linLossLim= 0.01
      ===== EM models for the G4Region  DefaultRegionForTheWorld ======
               Bragg : Emin=    0 eV  Emax=    2 MeV
          BetheBloch : Emin=    2 MeV Emax=  100 TeV

hBrems:  for proton  XStype:1  SubType=3
      dE/dx and range tables from 100 eV  to 100 TeV in 84 bins
      Lambda tables from threshold to 100 TeV, 7 bins/decade, spline: 1
      ===== EM models for the G4Region  DefaultRegionForTheWorld ======
               hBrem : Emin=    0 eV  Emax=  100 TeV  ModifiedMephi

hPairProd:  for proton  XStype:1  SubType=4
      dE/dx and range tables from 100 eV  to 100 TeV in 84 bins
      Lambda tables from threshold to 100 TeV, 7 bins/decade, spline: 1
      Sampling table 17x1001, from 7.50618 GeV to 100 TeV 
      ===== EM models for the G4Region  DefaultRegionForTheWorld ======
           hPairProd : Emin=    0 eV  Emax=  100 TeV  ModifiedMephi

CoulombScat:  for proton XStype:1 SubType=1 BuildTable=1
      Lambda table from threshold  to 100 TeV, 7 bins/decade, spline: 0
      ThetaMin(p) < Theta(degree) < 180, pLimit(GeV^1)= 0.139531
      ===== EM models for the G4Region  DefaultRegionForTheWorld ======
  eCoulombScattering : Emin=    0 eV  Emax=  100 TeV

msc:  for GenericIon  SubType= 10
      ===== EM models for the G4Region  DefaultRegionForTheWorld ======
            UrbanMsc : Emin=    0 eV  Emax=  100 TeV
          StepLim=Minimal Rfact=0.2 Gfact=2.5 Sfact=0.6 DispFlag:0 Skin=1 Llim=1 mm

ionIoni:  for GenericIon  XStype:3  SubType=2
      dE/dx and range tables from 100 eV  to 100 TeV in 84 bins
      Lambda tables from threshold to 100 TeV, 7 bins/decade, spline: 1
      StepFunction=(0.2, 0.1 mm), integ: 3, fluct: 1, linLossLim= 0.02
      ===== EM models for the G4Region  DefaultRegionForTheWorld ======
               Bragg : Emin=    0 eV  Emax=    2 MeV
          BetheBloch : Emin=    2 MeV Emax=  100 TeV

msc:  for alpha  SubType= 10
      ===== EM models for the G4Region  DefaultRegionForTheWorld ======
            UrbanMsc : Emin=    0 eV  Emax=  100 TeV
          StepLim=Minimal Rfact=0.2 Gfact=2.5 Sfact=0.6 DispFlag:0 Skin=1 Llim=1 mm

ionIoni:  for alpha  XStype:3  SubType=2
      dE/dx and range tables from 100 eV  to 100 TeV in 84 bins
      Lambda tables from threshold to 100 TeV, 7 bins/decade, spline: 1
      StepFunction=(0.2, 0.1 mm), integ: 3, fluct: 1, linLossLim= 0.02
      ===== EM models for the G4Region  DefaultRegionForTheWorld ======
            BraggIon : Emin=    0 eV  Emax=7.9452 MeV
          BetheBloch : Emin=7.9452 MeV Emax=  100 TeV

msc:  for anti_proton  SubType= 10
      ===== EM models for the G4Region  DefaultRegionForTheWorld ======
        WentzelVIUni : Emin=    0 eV  Emax=  100 TeV Nbins=84 100 eV  - 100 TeV
          StepLim=Minimal Rfact=0.2 Gfact=2.5 Sfact=0.6 DispFlag:0 Skin=1 Llim=1 mm

hIoni:  for anti_proton  XStype:3  SubType=2
      dE/dx and range tables from 100 eV  to 100 TeV in 84 bins
      Lambda tables from threshold to 100 TeV, 7 bins/decade, spline: 1
      StepFunction=(0.2, 0.1 mm), integ: 3, fluct: 1, linLossLim= 0.01
      ===== EM models for the G4Region  DefaultRegionForTheWorld ======
            ICRU73QO : Emin=    0 eV  Emax=    2 MeV
          BetheBloch : Emin=    2 MeV Emax=  100 TeV

hBrems:  for anti_proton  XStype:1  SubType=3
      dE/dx and range tables from 100 eV  to 100 TeV in 84 bins
      Lambda tables from threshold to 100 TeV, 7 bins/decade, spline: 1
      ===== EM models for the G4Region  DefaultRegionForTheWorld ======
               hBrem : Emin=    0 eV  Emax=  100 TeV  ModifiedMephi

hPairProd:  for anti_proton  XStype:1  SubType=4
      dE/dx and range tables from 100 eV  to 100 TeV in 84 bins
      Lambda tables from threshold to 100 TeV, 7 bins/decade, spline: 1
      Sampling table 17x1001, from 7.50618 GeV to 100 TeV 
      ===== EM models for the G4Region  DefaultRegionForTheWorld ======
           hPairProd : Emin=    0 eV  Emax=  100 TeV  ModifiedMephi

CoulombScat:  for anti_proton XStype:1 SubType=1 BuildTable=1
      Lambda table from threshold  to 100 TeV, 7 bins/decade, spline: 0
      ThetaMin(p) < Theta(degree) < 180, pLimit(GeV^1)= 0.139531
      ===== EM models for the G4Region  DefaultRegionForTheWorld ======
  eCoulombScattering : Emin=    0 eV  Emax=  100 TeV

msc:  for kaon+  SubType= 10
      ===== EM models for the G4Region  DefaultRegionForTheWorld ======
        WentzelVIUni : Emin=    0 eV  Emax=  100 TeV Nbins=84 100 eV  - 100 TeV
          StepLim=Minimal Rfact=0.2 Gfact=2.5 Sfact=0.6 DispFlag:0 Skin=1 Llim=1 mm

hIoni:  for kaon+  XStype:3  SubType=2
      dE/dx and range tables from 100 eV  to 100 TeV in 84 bins
      Lambda tables from threshold to 100 TeV, 7 bins/decade, spline: 1
      StepFunction=(0.2, 0.1 mm), integ: 3, fluct: 1, linLossLim= 0.01
      ===== EM models for the G4Region  DefaultRegionForTheWorld ======
               Bragg : Emin=    0 eV  Emax=1.05231 MeV
          BetheBloch : Emin=1.05231 MeV Emax=  100 TeV

hBrems:  for kaon+  XStype:1  SubType=3
      dE/dx and range tables from 100 eV  to 100 TeV in 84 bins
      Lambda tables from threshold to 100 TeV, 7 bins/decade, spline: 1
      ===== EM models for the G4Region  DefaultRegionForTheWorld ======
               hBrem : Emin=    0 eV  Emax=  100 TeV  ModifiedMephi

hPairProd:  for kaon+  XStype:1  SubType=4
      dE/dx and range tables from 100 eV  to 100 TeV in 84 bins
      Lambda tables from threshold to 100 TeV, 7 bins/decade, spline: 1
      Sampling table 18x1001, from 3.94942 GeV to 100 TeV 
      ===== EM models for the G4Region  DefaultRegionForTheWorld ======
           hPairProd : Emin=    0 eV  Emax=  100 TeV  ModifiedMephi

CoulombScat:  for kaon+ XStype:1 SubType=1 BuildTable=1
      Lambda table from threshold  to 100 TeV, 7 bins/decade, spline: 0
      ThetaMin(p) < Theta(degree) < 180, pLimit(GeV^1)= 0.139531
      ===== EM models for the G4Region  DefaultRegionForTheWorld ======
  eCoulombScattering : Emin=    0 eV  Emax=  100 TeV

msc:  for kaon-  SubType= 10
      ===== EM models for the G4Region  DefaultRegionForTheWorld ======
        WentzelVIUni : Emin=    0 eV  Emax=  100 TeV Nbins=84 100 eV  - 100 TeV
          StepLim=Minimal Rfact=0.2 Gfact=2.5 Sfact=0.6 DispFlag:0 Skin=1 Llim=1 mm

hIoni:  for kaon-  XStype:3  SubType=2
      dE/dx and range tables from 100 eV  to 100 TeV in 84 bins
      Lambda tables from threshold to 100 TeV, 7 bins/decade, spline: 1
      StepFunction=(0.2, 0.1 mm), integ: 3, fluct: 1, linLossLim= 0.01
      ===== EM models for the G4Region  DefaultRegionForTheWorld ======
            ICRU73QO : Emin=    0 eV  Emax=1.05231 MeV
          BetheBloch : Emin=1.05231 MeV Emax=  100 TeV

hBrems:  for kaon-  XStype:1  SubType=3
      dE/dx and range tables from 100 eV  to 100 TeV in 84 bins
      Lambda tables from threshold to 100 TeV, 7 bins/decade, spline: 1
      ===== EM models for the G4Region  DefaultRegionForTheWorld ======
               hBrem : Emin=    0 eV  Emax=  100 TeV  ModifiedMephi

hPairProd:  for kaon-  XStype:1  SubType=4
      dE/dx and range tables from 100 eV  to 100 TeV in 84 bins
      Lambda tables from threshold to 100 TeV, 7 bins/decade, spline: 1
      Sampling table 18x1001, from 3.94942 GeV to 100 TeV 
      ===== EM models for the G4Region  DefaultRegionForTheWorld ======
           hPairProd : Emin=    0 eV  Emax=  100 TeV  ModifiedMephi

CoulombScat:  for kaon- XStype:1 SubType=1 BuildTable=1
      Used Lambda table of kaon+
      ThetaMin(p) < Theta(degree) < 180, pLimit(GeV^1)= 0.139531
      ===== EM models for the G4Region  DefaultRegionForTheWorld ======
  eCoulombScattering : Emin=    0 eV  Emax=  100 TeV

msc:  for mu+  SubType= 10
      ===== EM models for the G4Region  DefaultRegionForTheWorld ======
        WentzelVIUni : Emin=    0 eV  Emax=  100 TeV Nbins=84 100 eV  - 100 TeV
          StepLim=Minimal Rfact=0.2 Gfact=2.5 Sfact=0.6 DispFlag:0 Skin=1 Llim=1 mm

muIoni:  for mu+  XStype:3  SubType=2
      dE/dx and range tables from 100 eV  to 100 TeV in 84 bins
      Lambda tables from threshold to 100 TeV, 7 bins/decade, spline: 1
      StepFunction=(0.2, 0.1 mm), integ: 3, fluct: 1, linLossLim= 0.01
      ===== EM models for the G4Region  DefaultRegionForTheWorld ======
               Bragg : Emin=    0 eV  Emax=  200 keV
        MuBetheBloch : Emin=  200 keV Emax=  100 TeV

muBrems:  for mu+  XStype:1  SubType=3
      dE/dx and range tables from 100 eV  to 100 TeV in 84 bins
      Lambda tables from threshold to 100 TeV, 7 bins/decade, spline: 1
      ===== EM models for the G4Region  DefaultRegionForTheWorld ======
              MuBrem : Emin=    0 eV  Emax=  100 TeV  ModifiedMephi

muPairProd:  for mu+  XStype:1  SubType=4
      dE/dx and range tables from 100 eV  to 100 TeV in 84 bins
      Lambda tables from threshold to 100 TeV, 7 bins/decade, spline: 1
      Sampling table 21x1001, from 0.85 GeV to 100 TeV 
      ===== EM models for the G4Region  DefaultRegionForTheWorld ======
          muPairProd : Emin=    0 eV  Emax=  100 TeV  ModifiedMephi

CoulombScat:  for mu+ XStype:1 SubType=1 BuildTable=1
      Lambda table from threshold  to 100 TeV, 7 bins/decade, spline: 0
      ThetaMin(p) < Theta(degree) < 180, pLimit(GeV^1)= 0.139531
      ===== EM models for the G4Region  DefaultRegionForTheWorld ======
  eCoulombScattering : Emin=    0 eV  Emax=  100 TeV

msc:  for mu-  SubType= 10
      ===== EM models for the G4Region  DefaultRegionForTheWorld ======
        WentzelVIUni : Emin=    0 eV  Emax=  100 TeV Nbins=84 100 eV  - 100 TeV
          StepLim=Minimal Rfact=0.2 Gfact=2.5 Sfact=0.6 DispFlag:0 Skin=1 Llim=1 mm

muIoni:  for mu-  XStype:3  SubType=2
      dE/dx and range tables from 100 eV  to 100 TeV in 84 bins
      Lambda tables from threshold to 100 TeV, 7 bins/decade, spline: 1
      StepFunction=(0.2, 0.1 mm), integ: 3, fluct: 1, linLossLim= 0.01
      ===== EM models for the G4Region  DefaultRegionForTheWorld ======
            ICRU73QO : Emin=    0 eV  Emax=  200 keV
        MuBetheBloch : Emin=  200 keV Emax=  100 TeV

muBrems:  for mu-  XStype:1  SubType=3
      dE/dx and range tables from 100 eV  to 100 TeV in 84 bins
      Lambda tables from threshold to 100 TeV, 7 bins/decade, spline: 1
      ===== EM models for the G4Region  DefaultRegionForTheWorld ======
              MuBrem : Emin=    0 eV  Emax=  100 TeV  ModifiedMephi

muPairProd:  for mu-  XStype:1  SubType=4
      dE/dx and range tables from 100 eV  to 100 TeV in 84 bins
      Lambda tables from threshold to 100 TeV, 7 bins/decade, spline: 1
      Sampling table 21x1001, from 0.85 GeV to 100 TeV 
      ===== EM models for the G4Region  DefaultRegionForTheWorld ======
          muPairProd : Emin=    0 eV  Emax=  100 TeV  ModifiedMephi

CoulombScat:  for mu- XStype:1 SubType=1 BuildTable=1
      Used Lambda table of mu+
      ThetaMin(p) < Theta(degree) < 180, pLimit(GeV^1)= 0.139531
      ===== EM models for the G4Region  DefaultRegionForTheWorld ======
  eCoulombScattering : Emin=    0 eV  Emax=  100 TeV

msc:  for pi+  SubType= 10
      ===== EM models for the G4Region  DefaultRegionForTheWorld ======
        WentzelVIUni : Emin=    0 eV  Emax=  100 TeV Nbins=84 100 eV  - 100 TeV
          StepLim=Minimal Rfact=0.2 Gfact=2.5 Sfact=0.6 DispFlag:0 Skin=1 Llim=1 mm

hIoni:  for pi+  XStype:3  SubType=2
      dE/dx and range tables from 100 eV  to 100 TeV in 84 bins
      Lambda tables from threshold to 100 TeV, 7 bins/decade, spline: 1
      StepFunction=(0.2, 0.1 mm), integ: 3, fluct: 1, linLossLim= 0.01
      ===== EM models for the G4Region  DefaultRegionForTheWorld ======
               Bragg : Emin=    0 eV  Emax=297.505 keV
          BetheBloch : Emin=297.505 keV Emax=  100 TeV

hBrems:  for pi+  XStype:1  SubType=3
      dE/dx and range tables from 100 eV  to 100 TeV in 84 bins
      Lambda tables from threshold to 100 TeV, 7 bins/decade, spline: 1
      ===== EM models for the G4Region  DefaultRegionForTheWorld ======
               hBrem : Emin=    0 eV  Emax=  100 TeV  ModifiedMephi

hPairProd:  for pi+  XStype:1  SubType=4
      dE/dx and range tables from 100 eV  to 100 TeV in 84 bins
      Lambda tables from threshold to 100 TeV, 7 bins/decade, spline: 1
      Sampling table 20x1001, from 1.11656 GeV to 100 TeV 
      ===== EM models for the G4Region  DefaultRegionForTheWorld ======
           hPairProd : Emin=    0 eV  Emax=  100 TeV  ModifiedMephi

CoulombScat:  for pi+ XStype:1 SubType=1 BuildTable=1
      Lambda table from threshold  to 100 TeV, 7 bins/decade, spline: 0
      ThetaMin(p) < Theta(degree) < 180, pLimit(GeV^1)= 0.139531
      ===== EM models for the G4Region  DefaultRegionForTheWorld ======
  eCoulombScattering : Emin=    0 eV  Emax=  100 TeV

msc:  for pi-  SubType= 10
      ===== EM models for the G4Region  DefaultRegionForTheWorld ======
        WentzelVIUni : Emin=    0 eV  Emax=  100 TeV Nbins=84 100 eV  - 100 TeV
          StepLim=Minimal Rfact=0.2 Gfact=2.5 Sfact=0.6 DispFlag:0 Skin=1 Llim=1 mm

hIoni:  for pi-  XStype:3  SubType=2
      dE/dx and range tables from 100 eV  to 100 TeV in 84 bins
      Lambda tables from threshold to 100 TeV, 7 bins/decade, spline: 1
      StepFunction=(0.2, 0.1 mm), integ: 3, fluct: 1, linLossLim= 0.01
      ===== EM models for the G4Region  DefaultRegionForTheWorld ======
            ICRU73QO : Emin=    0 eV  Emax=297.505 keV
          BetheBloch : Emin=297.505 keV Emax=  100 TeV

hBrems:  for pi-  XStype:1  SubType=3
      dE/dx and range tables from 100 eV  to 100 TeV in 84 bins
      Lambda tables from threshold to 100 TeV, 7 bins/decade, spline: 1
      ===== EM models for the G4Region  DefaultRegionForTheWorld ======
               hBrem : Emin=    0 eV  Emax=  100 TeV  ModifiedMephi

hPairProd:  for pi-  XStype:1  SubType=4
      dE/dx and range tables from 100 eV  to 100 TeV in 84 bins
      Lambda tables from threshold to 100 TeV, 7 bins/decade, spline: 1
      Sampling table 20x1001, from 1.11656 GeV to 100 TeV 
      ===== EM models for the G4Region  DefaultRegionForTheWorld ======
           hPairProd : Emin=    0 eV  Emax=  100 TeV  ModifiedMephi

CoulombScat:  for pi- XStype:1 SubType=1 BuildTable=1
      Used Lambda table of pi+
      ThetaMin(p) < Theta(degree) < 180, pLimit(GeV^1)= 0.139531
      ===== EM models for the G4Region  DefaultRegionForTheWorld ======
  eCoulombScattering : Emin=    0 eV  Emax=  100 TeV

====================================================================
                  HADRONIC PROCESSES SUMMARY (verbose level 1)
-----------------------------------------------------------------------
                           Hadronic Processes for neutron
  Process: hadElastic
        Model:             hElasticCHIPS: 0 eV  ---> 100 TeV
     Cr_sctns:        G4NeutronElasticXS: 0 eV  ---> 100 TeV
  Process: neutronInelastic
        Model:                      QGSP: 12 GeV ---> 100 TeV
        Model:                      FTFP: 3 GeV ---> 25 GeV
        Model:            BertiniCascade: 0 eV  ---> 6 GeV
     Cr_sctns:      G4NeutronInelasticXS: 0 eV  ---> 100 TeV
  Process: nCaptureXS
        Model:               nRadCapture: 0 eV  ---> 100 TeV
     Cr_sctns:        G4NeutronCaptureXS: 0 eV  ---> 100 TeV
  Process: nKiller
-----------------------------------------------------------------------
                           Hadronic Processes for B-
  Process: hadElastic
        Model:              hElasticLHEP: 0 eV  ---> 100 TeV
     Cr_sctns:            Glauber-Gribov: 0 eV  ---> 100 TeV
  Process: B-Inelastic
        Model:                      QGSP: 12 GeV ---> 100 TeV
        Model:                      FTFP: 0 eV  ---> 25 GeV
     Cr_sctns:            Glauber-Gribov: 0 eV  ---> 100 TeV
-----------------------------------------------------------------------
                           Hadronic Processes for D-
  Process: hadElastic
        Model:              hElasticLHEP: 0 eV  ---> 100 TeV
     Cr_sctns:            Glauber-Gribov: 0 eV  ---> 100 TeV
  Process: D-Inelastic
        Model:                      QGSP: 12 GeV ---> 100 TeV
        Model:                      FTFP: 0 eV  ---> 25 GeV
     Cr_sctns:            Glauber-Gribov: 0 eV  ---> 100 TeV
-----------------------------------------------------------------------
                           Hadronic Processes for GenericIon
  Process: ionInelastic
        Model:  Binary Light Ion Cascade: 0 eV /n ---> 6 GeV/n
        Model:                      FTFP: 3 GeV/n ---> 100 TeV/n
     Cr_sctns:  Glauber-Gribov Nucl-nucl: 0 eV  ---> 25.6 PeV
-----------------------------------------------------------------------
                           Hadronic Processes for He3
  Process: hadElastic
        Model:              hElasticLHEP: 0 eV /n ---> 100 TeV/n
     Cr_sctns:  Glauber-Gribov Nucl-nucl: 0 eV  ---> 25.6 PeV
  Process: He3Inelastic
        Model:  Binary Light Ion Cascade: 0 eV /n ---> 6 GeV/n
        Model:                      FTFP: 3 GeV/n ---> 100 TeV/n
     Cr_sctns:  Glauber-Gribov Nucl-nucl: 0 eV  ---> 25.6 PeV
-----------------------------------------------------------------------
                           Hadronic Processes for alpha
  Process: hadElastic
        Model:              hElasticLHEP: 0 eV /n ---> 100 TeV/n
     Cr_sctns:  Glauber-Gribov Nucl-nucl: 0 eV  ---> 25.6 PeV
  Process: alphaInelastic
        Model:  Binary Light Ion Cascade: 0 eV /n ---> 6 GeV/n
        Model:                      FTFP: 3 GeV/n ---> 100 TeV/n
     Cr_sctns:  Glauber-Gribov Nucl-nucl: 0 eV  ---> 25.6 PeV
-----------------------------------------------------------------------
                           Hadronic Processes for anti_He3
  Process: hadElastic
        Model:              hElasticLHEP: 0 eV /n ---> 100.1 MeV/n
        Model:              AntiAElastic: 100 MeV/n ---> 100 TeV/n
     Cr_sctns:              AntiAGlauber: 0 eV  ---> 25.6 PeV
  Process: anti_He3Inelastic
        Model:                      FTFP: 0 eV /n ---> 100 TeV/n
     Cr_sctns:              AntiAGlauber: 0 eV  ---> 25.6 PeV
  Process: hFritiofCaptureAtRest
-----------------------------------------------------------------------
                           Hadronic Processes for anti_alpha
  Process: hadElastic
        Model:              hElasticLHEP: 0 eV /n ---> 100.1 MeV/n
        Model:              AntiAElastic: 100 MeV/n ---> 100 TeV/n
     Cr_sctns:              AntiAGlauber: 0 eV  ---> 25.6 PeV
  Process: anti_alphaInelastic
        Model:                      FTFP: 0 eV /n ---> 100 TeV/n
     Cr_sctns:              AntiAGlauber: 0 eV  ---> 25.6 PeV
  Process: hFritiofCaptureAtRest
-----------------------------------------------------------------------
                           Hadronic Processes for anti_deuteron
  Process: hadElastic
        Model:              hElasticLHEP: 0 eV /n ---> 100.1 MeV/n
        Model:              AntiAElastic: 100 MeV/n ---> 100 TeV/n
     Cr_sctns:              AntiAGlauber: 0 eV  ---> 25.6 PeV
  Process: anti_deuteronInelastic
        Model:                      FTFP: 0 eV /n ---> 100 TeV/n
     Cr_sctns:              AntiAGlauber: 0 eV  ---> 25.6 PeV
  Process: hFritiofCaptureAtRest
-------------------------------------------------------------------------
                           Hadronic Processes for anti_hypertriton
  Process: hFritiofCaptureAtRest
-----------------------------------------------------------------------
                           Hadronic Processes for anti_lambda
  Process: hadElastic
        Model:              hElasticLHEP: 0 eV  ---> 100 TeV
     Cr_sctns:            Glauber-Gribov: 0 eV  ---> 100 TeV
  Process: anti_lambdaInelastic
        Model:                      QGSP: 12 GeV ---> 100 TeV
        Model:                      FTFP: 0 eV  ---> 25 GeV
     Cr_sctns:            Glauber-Gribov: 0 eV  ---> 100 TeV
  Process: hFritiofCaptureAtRest
-----------------------------------------------------------------------
                           Hadronic Processes for anti_neutron
  Process: hadElastic
        Model:              hElasticLHEP: 0 eV  ---> 100.1 MeV
        Model:              AntiAElastic: 100 MeV ---> 100 TeV
     Cr_sctns:              AntiAGlauber: 0 eV  ---> 25.6 PeV
  Process: anti_neutronInelastic
        Model:                      FTFP: 0 eV  ---> 100 TeV
     Cr_sctns:              AntiAGlauber: 0 eV  ---> 25.6 PeV
  Process: hFritiofCaptureAtRest
-----------------------------------------------------------------------
                           Hadronic Processes for anti_proton
  Process: hadElastic
        Model:              hElasticLHEP: 0 eV  ---> 100.1 MeV
        Model:              AntiAElastic: 100 MeV ---> 100 TeV
     Cr_sctns:              AntiAGlauber: 0 eV  ---> 25.6 PeV
  Process: anti_protonInelastic
        Model:                      FTFP: 0 eV  ---> 100 TeV
     Cr_sctns:              AntiAGlauber: 0 eV  ---> 25.6 PeV
  Process: hFritiofCaptureAtRest
-----------------------------------------------------------------------
                           Hadronic Processes for anti_triton
  Process: hadElastic
        Model:              hElasticLHEP: 0 eV /n ---> 100.1 MeV/n
        Model:              AntiAElastic: 100 MeV/n ---> 100 TeV/n
     Cr_sctns:              AntiAGlauber: 0 eV  ---> 25.6 PeV
  Process: anti_tritonInelastic
        Model:                      FTFP: 0 eV /n ---> 100 TeV/n
     Cr_sctns:              AntiAGlauber: 0 eV  ---> 25.6 PeV
  Process: hFritiofCaptureAtRest
-----------------------------------------------------------------------
                           Hadronic Processes for deuteron
  Process: hadElastic
        Model:              hElasticLHEP: 0 eV /n ---> 100 TeV/n
     Cr_sctns:  Glauber-Gribov Nucl-nucl: 0 eV  ---> 25.6 PeV
  Process: dInelastic
        Model:  Binary Light Ion Cascade: 0 eV /n ---> 6 GeV/n
        Model:                      FTFP: 3 GeV/n ---> 100 TeV/n
     Cr_sctns:  Glauber-Gribov Nucl-nucl: 0 eV  ---> 25.6 PeV
-----------------------------------------------------------------------
                           Hadronic Processes for e+
  Process: positronNuclear
        Model:   G4ElectroVDNuclearModel: 0 eV  ---> 1 PeV
     Cr_sctns:          ElectroNuclearXS: 0 eV  ---> 100 TeV
-----------------------------------------------------------------------
                           Hadronic Processes for e-
  Process: electronNuclear
        Model:   G4ElectroVDNuclearModel: 0 eV  ---> 1 PeV
     Cr_sctns:          ElectroNuclearXS: 0 eV  ---> 100 TeV
-----------------------------------------------------------------------
                           Hadronic Processes for gamma
  Process: photonNuclear
        Model:               GammaNPreco: 0 eV  ---> 200 MeV
        Model:            BertiniCascade: 199 MeV ---> 6 GeV
        Model:           TheoFSGenerator: 3 GeV ---> 100 TeV
     Cr_sctns:            GammaNuclearXS: 0 eV  ---> 100 TeV
-----------------------------------------------------------------------
                           Hadronic Processes for kaon+
  Process: hadElastic
        Model:              hElasticLHEP: 0 eV  ---> 100 TeV
     Cr_sctns:            Glauber-Gribov: 0 eV  ---> 100 TeV
  Process: kaon+Inelastic
        Model:                      QGSP: 12 GeV ---> 100 TeV
        Model:                      FTFP: 3 GeV ---> 25 GeV
        Model:            BertiniCascade: 0 eV  ---> 6 GeV
     Cr_sctns:            Glauber-Gribov: 0 eV  ---> 100 TeV
-----------------------------------------------------------------------
                           Hadronic Processes for kaon-
  Process: hadElastic
        Model:              hElasticLHEP: 0 eV  ---> 100 TeV
     Cr_sctns:            Glauber-Gribov: 0 eV  ---> 100 TeV
  Process: kaon-Inelastic
        Model:                      QGSP: 12 GeV ---> 100 TeV
        Model:                      FTFP: 3 GeV ---> 25 GeV
        Model:            BertiniCascade: 0 eV  ---> 6 GeV
     Cr_sctns:            Glauber-Gribov: 0 eV  ---> 100 TeV
  Process: hBertiniCaptureAtRest
-----------------------------------------------------------------------
                           Hadronic Processes for lambda
  Process: hadElastic
        Model:              hElasticLHEP: 0 eV  ---> 100 TeV
     Cr_sctns:            Glauber-Gribov: 0 eV  ---> 100 TeV
  Process: lambdaInelastic
        Model:                      QGSP: 12 GeV ---> 100 TeV
        Model:                      FTFP: 3 GeV ---> 25 GeV
        Model:            BertiniCascade: 0 eV  ---> 6 GeV
     Cr_sctns:            Glauber-Gribov: 0 eV  ---> 100 TeV
-----------------------------------------------------------------------
                           Hadronic Processes for mu+
  Process: muonNuclear
        Model:      G4MuonVDNuclearModel: 0 eV  ---> 1 PeV
     Cr_sctns:     KokoulinMuonNuclearXS: 0 eV  ---> 100 TeV
-----------------------------------------------------------------------
                           Hadronic Processes for mu-
  Process: muonNuclear
        Model:      G4MuonVDNuclearModel: 0 eV  ---> 1 PeV
     Cr_sctns:     KokoulinMuonNuclearXS: 0 eV  ---> 100 TeV
  Process: muMinusCaptureAtRest
-----------------------------------------------------------------------
                           Hadronic Processes for pi+
  Process: hadElastic
        Model:           hElasticGlauber: 0 eV  ---> 100 TeV
     Cr_sctns:  BarashenkovGlauberGribov: 0 eV  ---> 100 TeV
  Process: pi+Inelastic
        Model:                      QGSP: 12 GeV ---> 100 TeV
        Model:                      FTFP: 3 GeV ---> 25 GeV
        Model:            BertiniCascade: 0 eV  ---> 6 GeV
     Cr_sctns:  BarashenkovGlauberGribov: 0 eV  ---> 100 TeV
-----------------------------------------------------------------------
                           Hadronic Processes for pi-
  Process: hadElastic
        Model:           hElasticGlauber: 0 eV  ---> 100 TeV
     Cr_sctns:  BarashenkovGlauberGribov: 0 eV  ---> 100 TeV
  Process: pi-Inelastic
        Model:                      QGSP: 12 GeV ---> 100 TeV
        Model:                      FTFP: 3 GeV ---> 25 GeV
        Model:            BertiniCascade: 0 eV  ---> 6 GeV
     Cr_sctns:  BarashenkovGlauberGribov: 0 eV  ---> 100 TeV
  Process: hBertiniCaptureAtRest
-----------------------------------------------------------------------
                           Hadronic Processes for proton
  Process: hadElastic
        Model:             hElasticCHIPS: 0 eV  ---> 100 TeV
     Cr_sctns:  BarashenkovGlauberGribov: 0 eV  ---> 100 TeV
  Process: protonInelastic
        Model:                      QGSP: 12 GeV ---> 100 TeV
        Model:                      FTFP: 3 GeV ---> 25 GeV
        Model:            BertiniCascade: 0 eV  ---> 6 GeV
     Cr_sctns:  BarashenkovGlauberGribov: 0 eV  ---> 100 TeV
-----------------------------------------------------------------------
                           Hadronic Processes for sigma-
  Process: hadElastic
        Model:              hElasticLHEP: 0 eV  ---> 100 TeV
     Cr_sctns:            Glauber-Gribov: 0 eV  ---> 100 TeV
  Process: sigma-Inelastic
        Model:                      QGSP: 12 GeV ---> 100 TeV
        Model:                      FTFP: 3 GeV ---> 25 GeV
        Model:            BertiniCascade: 0 eV  ---> 6 GeV
     Cr_sctns:            Glauber-Gribov: 0 eV  ---> 100 TeV
  Process: hBertiniCaptureAtRest
-----------------------------------------------------------------------
                           Hadronic Processes for triton
  Process: hadElastic
        Model:              hElasticLHEP: 0 eV /n ---> 100 TeV/n
     Cr_sctns:  Glauber-Gribov Nucl-nucl: 0 eV  ---> 25.6 PeV
  Process: tInelastic
        Model:  Binary Light Ion Cascade: 0 eV /n ---> 6 GeV/n
        Model:                      FTFP: 3 GeV/n ---> 100 TeV/n
     Cr_sctns:  Glauber-Gribov Nucl-nucl: 0 eV  ---> 25.6 PeV
=======================================================================
======       Geant4 Native Pre-compound Model Parameters       ========
=======================================================================
Type of pre-compound model                          0
Type of pre-compound inverse x-section              1
Pre-compound model active                           1
Pre-compound excitation low energy                  0.1 MeV 
Pre-compound excitation high energy                 15 MeV 
Angular generator for pre-compound model            1
Use NeverGoBack option for pre-compound model       0
Use SoftCutOff option for pre-compound model        0
Use CEM transitions for pre-compound model          1
Use GNASH transitions for pre-compound model        0
Use HETC submodel for pre-compound model            0
=======================================================================
======       Nuclear De-excitation Module Parameters           ========
=======================================================================
Type of de-excitation inverse x-section             3
Type of de-excitation factory                       Evaporation+GEM
Number of de-excitation channels                    68
Type of Fermi BreakUp model                         ModelVI
Min excitation energy                               0.01 keV 
Min energy per nucleon for multifragmentation       2e+05 MeV
Level density (1/MeV)                               0.075
Use simple level density model                      1
Use discrete excitation energy of the residual      0
Time limit for long lived isomeres                  1 ns 
Isomer production flag                              1
Internal e- conversion flag                         1
Store e- internal conversion data                   1
Correlated gamma emission flag                      0
Max 2J for sampling of angular correlations         10
=======================================================================
Geant4Output2EDM4hep INFO  Opened /afs/cern.ch/user/m/marquezh/public/siwecal_k4sim/simulation/run_script/data/output_beam_e-_54GeV_xy_-45_45_sigx20.5_sigy16.5_sigE0.02.edm4hep.root for output
SignalHandler    INFO  ++ Re-apply signal handlers
GenerationInit   INFO  +++ Initializing event 1. Within run:0 event 1.
ParticleHandler  INFO  +++ Event 0 Begin event action. Access event related information.
### Birks coefficients used in run time
Geant4Output2EDM4hep INFO  +++ Saving EDM4hep event 0 run 0.
GenerationInit   INFO  +++ Initializing event 2. Within run:0 event 2.
ParticleHandler  INFO  +++ Event 1 Begin event action. Access event related information.
Geant4Output2EDM4hep INFO  +++ Saving EDM4hep event 1 run 0.
GenerationInit   INFO  +++ Initializing event 3. Within run:0 event 3.
ParticleHandler  INFO  +++ Event 2 Begin event action. Access event related information.
Geant4Output2EDM4hep INFO  +++ Saving EDM4hep event 2 run 0.
GenerationInit   INFO  +++ Initializing event 4. Within run:0 event 4.
ParticleHandler  INFO  +++ Event 3 Begin event action. Access event related information.
Geant4Output2EDM4hep INFO  +++ Saving EDM4hep event 3 run 0.
GenerationInit   INFO  +++ Initializing event 5. Within run:0 event 5.
ParticleHandler  INFO  +++ Event 4 Begin event action. Access event related information.
Geant4Output2EDM4hep INFO  +++ Saving EDM4hep event 4 run 0.
GenerationInit   INFO  +++ Initializing event 6. Within run:0 event 6.
ParticleHandler  INFO  +++ Event 5 Begin event action. Access event related information.
Geant4Output2EDM4hep INFO  +++ Saving EDM4hep event 5 run 0.
GenerationInit   INFO  +++ Initializing event 7. Within run:0 event 7.
ParticleHandler  INFO  +++ Event 6 Begin event action. Access event related information.
Geant4Output2EDM4hep INFO  +++ Saving EDM4hep event 6 run 0.
GenerationInit   INFO  +++ Initializing event 8. Within run:0 event 8.
ParticleHandler  INFO  +++ Event 7 Begin event action. Access event related information.
Geant4Output2EDM4hep INFO  +++ Saving EDM4hep event 7 run 0.
GenerationInit   INFO  +++ Initializing event 9. Within run:0 event 9.
ParticleHandler  INFO  +++ Event 8 Begin event action. Access event related information.
Geant4Output2EDM4hep INFO  +++ Saving EDM4hep event 8 run 0.
GenerationInit   INFO  +++ Initializing event 10. Within run:0 event 10.
ParticleHandler  INFO  +++ Event 9 Begin event action. Access event related information.
Geant4Output2EDM4hep INFO  +++ Saving EDM4hep event 9 run 0.
GenerationInit   INFO  +++ Initializing event 11. Within run:0 event 11.
ParticleHandler  INFO  +++ Event 10 Begin event action. Access event related information.
Geant4Output2EDM4hep INFO  +++ Saving EDM4hep event 10 run 0.
GenerationInit   INFO  +++ Initializing event 12. Within run:0 event 12.
ParticleHandler  INFO  +++ Event 11 Begin event action. Access event related information.
Geant4Output2EDM4hep INFO  +++ Saving EDM4hep event 11 run 0.
GenerationInit   INFO  +++ Initializing event 13. Within run:0 event 13.
ParticleHandler  INFO  +++ Event 12 Begin event action. Access event related information.
Geant4Output2EDM4hep INFO  +++ Saving EDM4hep event 12 run 0.
GenerationInit   INFO  +++ Initializing event 14. Within run:0 event 14.
ParticleHandler  INFO  +++ Event 13 Begin event action. Access event related information.
Geant4Output2EDM4hep INFO  +++ Saving EDM4hep event 13 run 0.
GenerationInit   INFO  +++ Initializing event 15. Within run:0 event 15.
ParticleHandler  INFO  +++ Event 14 Begin event action. Access event related information.
Geant4Output2EDM4hep INFO  +++ Saving EDM4hep event 14 run 0.
GenerationInit   INFO  +++ Initializing event 16. Within run:0 event 16.
ParticleHandler  INFO  +++ Event 15 Begin event action. Access event related information.
Geant4Output2EDM4hep INFO  +++ Saving EDM4hep event 15 run 0.
GenerationInit   INFO  +++ Initializing event 17. Within run:0 event 17.
ParticleHandler  INFO  +++ Event 16 Begin event action. Access event related information.
Geant4Output2EDM4hep INFO  +++ Saving EDM4hep event 16 run 0.
GenerationInit   INFO  +++ Initializing event 18. Within run:0 event 18.
ParticleHandler  INFO  +++ Event 17 Begin event action. Access event related information.
Geant4Output2EDM4hep INFO  +++ Saving EDM4hep event 17 run 0.
GenerationInit   INFO  +++ Initializing event 19. Within run:0 event 19.
ParticleHandler  INFO  +++ Event 18 Begin event action. Access event related information.
Geant4Output2EDM4hep INFO  +++ Saving EDM4hep event 18 run 0.
GenerationInit   INFO  +++ Initializing event 20. Within run:0 event 20.
ParticleHandler  INFO  +++ Event 19 Begin event action. Access event related information.
Geant4Output2EDM4hep INFO  +++ Saving EDM4hep event 19 run 0.
GenerationInit   INFO  +++ Initializing event 21. Within run:0 event 21.
ParticleHandler  INFO  +++ Event 20 Begin event action. Access event related information.
Geant4Output2EDM4hep INFO  +++ Saving EDM4hep event 20 run 0.
GenerationInit   INFO  +++ Initializing event 22. Within run:0 event 22.
ParticleHandler  INFO  +++ Event 21 Begin event action. Access event related information.
Geant4Output2EDM4hep INFO  +++ Saving EDM4hep event 21 run 0.
GenerationInit   INFO  +++ Initializing event 23. Within run:0 event 23.
ParticleHandler  INFO  +++ Event 22 Begin event action. Access event related information.
Geant4Output2EDM4hep INFO  +++ Saving EDM4hep event 22 run 0.
GenerationInit   INFO  +++ Initializing event 24. Within run:0 event 24.
ParticleHandler  INFO  +++ Event 23 Begin event action. Access event related information.
Geant4Output2EDM4hep INFO  +++ Saving EDM4hep event 23 run 0.
GenerationInit   INFO  +++ Initializing event 25. Within run:0 event 25.
ParticleHandler  INFO  +++ Event 24 Begin event action. Access event related information.
Geant4Output2EDM4hep INFO  +++ Saving EDM4hep event 24 run 0.
GenerationInit   INFO  +++ Initializing event 26. Within run:0 event 26.
ParticleHandler  INFO  +++ Event 25 Begin event action. Access event related information.
Geant4Output2EDM4hep INFO  +++ Saving EDM4hep event 25 run 0.
GenerationInit   INFO  +++ Initializing event 27. Within run:0 event 27.
ParticleHandler  INFO  +++ Event 26 Begin event action. Access event related information.
Geant4Output2EDM4hep INFO  +++ Saving EDM4hep event 26 run 0.
GenerationInit   INFO  +++ Initializing event 28. Within run:0 event 28.
ParticleHandler  INFO  +++ Event 27 Begin event action. Access event related information.
Geant4Output2EDM4hep INFO  +++ Saving EDM4hep event 27 run 0.
GenerationInit   INFO  +++ Initializing event 29. Within run:0 event 29.
ParticleHandler  INFO  +++ Event 28 Begin event action. Access event related information.
Geant4Output2EDM4hep INFO  +++ Saving EDM4hep event 28 run 0.
GenerationInit   INFO  +++ Initializing event 30. Within run:0 event 30.
ParticleHandler  INFO  +++ Event 29 Begin event action. Access event related information.
Geant4Output2EDM4hep INFO  +++ Saving EDM4hep event 29 run 0.
GenerationInit   INFO  +++ Initializing event 31. Within run:0 event 31.
ParticleHandler  INFO  +++ Event 30 Begin event action. Access event related information.
Geant4Output2EDM4hep INFO  +++ Saving EDM4hep event 30 run 0.
GenerationInit   INFO  +++ Initializing event 32. Within run:0 event 32.
ParticleHandler  INFO  +++ Event 31 Begin event action. Access event related information.
Geant4Output2EDM4hep INFO  +++ Saving EDM4hep event 31 run 0.
GenerationInit   INFO  +++ Initializing event 33. Within run:0 event 33.
ParticleHandler  INFO  +++ Event 32 Begin event action. Access event related information.
Geant4Output2EDM4hep INFO  +++ Saving EDM4hep event 32 run 0.
GenerationInit   INFO  +++ Initializing event 34. Within run:0 event 34.
ParticleHandler  INFO  +++ Event 33 Begin event action. Access event related information.
Geant4Output2EDM4hep INFO  +++ Saving EDM4hep event 33 run 0.
GenerationInit   INFO  +++ Initializing event 35. Within run:0 event 35.
ParticleHandler  INFO  +++ Event 34 Begin event action. Access event related information.
Geant4Output2EDM4hep INFO  +++ Saving EDM4hep event 34 run 0.
GenerationInit   INFO  +++ Initializing event 36. Within run:0 event 36.
ParticleHandler  INFO  +++ Event 35 Begin event action. Access event related information.
Geant4Output2EDM4hep INFO  +++ Saving EDM4hep event 35 run 0.
GenerationInit   INFO  +++ Initializing event 37. Within run:0 event 37.
ParticleHandler  INFO  +++ Event 36 Begin event action. Access event related information.
Geant4Output2EDM4hep INFO  +++ Saving EDM4hep event 36 run 0.
GenerationInit   INFO  +++ Initializing event 38. Within run:0 event 38.
ParticleHandler  INFO  +++ Event 37 Begin event action. Access event related information.
Geant4Output2EDM4hep INFO  +++ Saving EDM4hep event 37 run 0.
GenerationInit   INFO  +++ Initializing event 39. Within run:0 event 39.
ParticleHandler  INFO  +++ Event 38 Begin event action. Access event related information.
Geant4Output2EDM4hep INFO  +++ Saving EDM4hep event 38 run 0.
GenerationInit   INFO  +++ Initializing event 40. Within run:0 event 40.
ParticleHandler  INFO  +++ Event 39 Begin event action. Access event related information.
Geant4Output2EDM4hep INFO  +++ Saving EDM4hep event 39 run 0.
GenerationInit   INFO  +++ Initializing event 41. Within run:0 event 41.
ParticleHandler  INFO  +++ Event 40 Begin event action. Access event related information.
Geant4Output2EDM4hep INFO  +++ Saving EDM4hep event 40 run 0.
GenerationInit   INFO  +++ Initializing event 42. Within run:0 event 42.
ParticleHandler  INFO  +++ Event 41 Begin event action. Access event related information.
Geant4Output2EDM4hep INFO  +++ Saving EDM4hep event 41 run 0.
GenerationInit   INFO  +++ Initializing event 43. Within run:0 event 43.
ParticleHandler  INFO  +++ Event 42 Begin event action. Access event related information.
Geant4Output2EDM4hep INFO  +++ Saving EDM4hep event 42 run 0.
GenerationInit   INFO  +++ Initializing event 44. Within run:0 event 44.
ParticleHandler  INFO  +++ Event 43 Begin event action. Access event related information.
Geant4Output2EDM4hep INFO  +++ Saving EDM4hep event 43 run 0.
GenerationInit   INFO  +++ Initializing event 45. Within run:0 event 45.
ParticleHandler  INFO  +++ Event 44 Begin event action. Access event related information.
Geant4Output2EDM4hep INFO  +++ Saving EDM4hep event 44 run 0.
GenerationInit   INFO  +++ Initializing event 46. Within run:0 event 46.
ParticleHandler  INFO  +++ Event 45 Begin event action. Access event related information.
Geant4Output2EDM4hep INFO  +++ Saving EDM4hep event 45 run 0.
GenerationInit   INFO  +++ Initializing event 47. Within run:0 event 47.
ParticleHandler  INFO  +++ Event 46 Begin event action. Access event related information.
Geant4Output2EDM4hep INFO  +++ Saving EDM4hep event 46 run 0.
GenerationInit   INFO  +++ Initializing event 48. Within run:0 event 48.
ParticleHandler  INFO  +++ Event 47 Begin event action. Access event related information.
Geant4Output2EDM4hep INFO  +++ Saving EDM4hep event 47 run 0.
GenerationInit   INFO  +++ Initializing event 49. Within run:0 event 49.
ParticleHandler  INFO  +++ Event 48 Begin event action. Access event related information.
Geant4Output2EDM4hep INFO  +++ Saving EDM4hep event 48 run 0.
GenerationInit   INFO  +++ Initializing event 50. Within run:0 event 50.
ParticleHandler  INFO  +++ Event 49 Begin event action. Access event related information.
Geant4Output2EDM4hep INFO  +++ Saving EDM4hep event 49 run 0.
GenerationInit   INFO  +++ Initializing event 51. Within run:0 event 51.
ParticleHandler  INFO  +++ Event 50 Begin event action. Access event related information.
Geant4Output2EDM4hep INFO  +++ Saving EDM4hep event 50 run 0.
GenerationInit   INFO  +++ Initializing event 52. Within run:0 event 52.
ParticleHandler  INFO  +++ Event 51 Begin event action. Access event related information.
Geant4Output2EDM4hep INFO  +++ Saving EDM4hep event 51 run 0.
GenerationInit   INFO  +++ Initializing event 53. Within run:0 event 53.
ParticleHandler  INFO  +++ Event 52 Begin event action. Access event related information.
Geant4Output2EDM4hep INFO  +++ Saving EDM4hep event 52 run 0.
GenerationInit   INFO  +++ Initializing event 54. Within run:0 event 54.
ParticleHandler  INFO  +++ Event 53 Begin event action. Access event related information.
Geant4Output2EDM4hep INFO  +++ Saving EDM4hep event 53 run 0.
GenerationInit   INFO  +++ Initializing event 55. Within run:0 event 55.
ParticleHandler  INFO  +++ Event 54 Begin event action. Access event related information.
Geant4Output2EDM4hep INFO  +++ Saving EDM4hep event 54 run 0.
GenerationInit   INFO  +++ Initializing event 56. Within run:0 event 56.
ParticleHandler  INFO  +++ Event 55 Begin event action. Access event related information.
Geant4Output2EDM4hep INFO  +++ Saving EDM4hep event 55 run 0.
GenerationInit   INFO  +++ Initializing event 57. Within run:0 event 57.
ParticleHandler  INFO  +++ Event 56 Begin event action. Access event related information.
Geant4Output2EDM4hep INFO  +++ Saving EDM4hep event 56 run 0.
GenerationInit   INFO  +++ Initializing event 58. Within run:0 event 58.
ParticleHandler  INFO  +++ Event 57 Begin event action. Access event related information.
Geant4Output2EDM4hep INFO  +++ Saving EDM4hep event 57 run 0.
GenerationInit   INFO  +++ Initializing event 59. Within run:0 event 59.
ParticleHandler  INFO  +++ Event 58 Begin event action. Access event related information.
Geant4Output2EDM4hep INFO  +++ Saving EDM4hep event 58 run 0.
GenerationInit   INFO  +++ Initializing event 60. Within run:0 event 60.
ParticleHandler  INFO  +++ Event 59 Begin event action. Access event related information.
Geant4Output2EDM4hep INFO  +++ Saving EDM4hep event 59 run 0.
GenerationInit   INFO  +++ Initializing event 61. Within run:0 event 61.
ParticleHandler  INFO  +++ Event 60 Begin event action. Access event related information.
Geant4Output2EDM4hep INFO  +++ Saving EDM4hep event 60 run 0.
GenerationInit   INFO  +++ Initializing event 62. Within run:0 event 62.
ParticleHandler  INFO  +++ Event 61 Begin event action. Access event related information.
Geant4Output2EDM4hep INFO  +++ Saving EDM4hep event 61 run 0.
GenerationInit   INFO  +++ Initializing event 63. Within run:0 event 63.
ParticleHandler  INFO  +++ Event 62 Begin event action. Access event related information.
Geant4Output2EDM4hep INFO  +++ Saving EDM4hep event 62 run 0.
GenerationInit   INFO  +++ Initializing event 64. Within run:0 event 64.
ParticleHandler  INFO  +++ Event 63 Begin event action. Access event related information.
Geant4Output2EDM4hep INFO  +++ Saving EDM4hep event 63 run 0.
GenerationInit   INFO  +++ Initializing event 65. Within run:0 event 65.
ParticleHandler  INFO  +++ Event 64 Begin event action. Access event related information.
Geant4Output2EDM4hep INFO  +++ Saving EDM4hep event 64 run 0.
GenerationInit   INFO  +++ Initializing event 66. Within run:0 event 66.
ParticleHandler  INFO  +++ Event 65 Begin event action. Access event related information.
Geant4Output2EDM4hep INFO  +++ Saving EDM4hep event 65 run 0.
GenerationInit   INFO  +++ Initializing event 67. Within run:0 event 67.
ParticleHandler  INFO  +++ Event 66 Begin event action. Access event related information.
Geant4Output2EDM4hep INFO  +++ Saving EDM4hep event 66 run 0.
GenerationInit   INFO  +++ Initializing event 68. Within run:0 event 68.
ParticleHandler  INFO  +++ Event 67 Begin event action. Access event related information.
Geant4Output2EDM4hep INFO  +++ Saving EDM4hep event 67 run 0.
GenerationInit   INFO  +++ Initializing event 69. Within run:0 event 69.
ParticleHandler  INFO  +++ Event 68 Begin event action. Access event related information.
Geant4Output2EDM4hep INFO  +++ Saving EDM4hep event 68 run 0.
GenerationInit   INFO  +++ Initializing event 70. Within run:0 event 70.
ParticleHandler  INFO  +++ Event 69 Begin event action. Access event related information.
Geant4Output2EDM4hep INFO  +++ Saving EDM4hep event 69 run 0.
GenerationInit   INFO  +++ Initializing event 71. Within run:0 event 71.
ParticleHandler  INFO  +++ Event 70 Begin event action. Access event related information.
Geant4Output2EDM4hep INFO  +++ Saving EDM4hep event 70 run 0.
GenerationInit   INFO  +++ Initializing event 72. Within run:0 event 72.
ParticleHandler  INFO  +++ Event 71 Begin event action. Access event related information.
Geant4Output2EDM4hep INFO  +++ Saving EDM4hep event 71 run 0.
GenerationInit   INFO  +++ Initializing event 73. Within run:0 event 73.
ParticleHandler  INFO  +++ Event 72 Begin event action. Access event related information.
Geant4Output2EDM4hep INFO  +++ Saving EDM4hep event 72 run 0.
GenerationInit   INFO  +++ Initializing event 74. Within run:0 event 74.
ParticleHandler  INFO  +++ Event 73 Begin event action. Access event related information.
Geant4Output2EDM4hep INFO  +++ Saving EDM4hep event 73 run 0.
GenerationInit   INFO  +++ Initializing event 75. Within run:0 event 75.
ParticleHandler  INFO  +++ Event 74 Begin event action. Access event related information.
Geant4Output2EDM4hep INFO  +++ Saving EDM4hep event 74 run 0.
GenerationInit   INFO  +++ Initializing event 76. Within run:0 event 76.
ParticleHandler  INFO  +++ Event 75 Begin event action. Access event related information.
Geant4Output2EDM4hep INFO  +++ Saving EDM4hep event 75 run 0.
GenerationInit   INFO  +++ Initializing event 77. Within run:0 event 77.
ParticleHandler  INFO  +++ Event 76 Begin event action. Access event related information.
Geant4Output2EDM4hep INFO  +++ Saving EDM4hep event 76 run 0.
GenerationInit   INFO  +++ Initializing event 78. Within run:0 event 78.
ParticleHandler  INFO  +++ Event 77 Begin event action. Access event related information.
Geant4Output2EDM4hep INFO  +++ Saving EDM4hep event 77 run 0.
GenerationInit   INFO  +++ Initializing event 79. Within run:0 event 79.
ParticleHandler  INFO  +++ Event 78 Begin event action. Access event related information.
Geant4Output2EDM4hep INFO  +++ Saving EDM4hep event 78 run 0.
GenerationInit   INFO  +++ Initializing event 80. Within run:0 event 80.
ParticleHandler  INFO  +++ Event 79 Begin event action. Access event related information.
Geant4Output2EDM4hep INFO  +++ Saving EDM4hep event 79 run 0.
GenerationInit   INFO  +++ Initializing event 81. Within run:0 event 81.
ParticleHandler  INFO  +++ Event 80 Begin event action. Access event related information.
Geant4Output2EDM4hep INFO  +++ Saving EDM4hep event 80 run 0.
GenerationInit   INFO  +++ Initializing event 82. Within run:0 event 82.
ParticleHandler  INFO  +++ Event 81 Begin event action. Access event related information.
Geant4Output2EDM4hep INFO  +++ Saving EDM4hep event 81 run 0.
GenerationInit   INFO  +++ Initializing event 83. Within run:0 event 83.
ParticleHandler  INFO  +++ Event 82 Begin event action. Access event related information.
Geant4Output2EDM4hep INFO  +++ Saving EDM4hep event 82 run 0.
GenerationInit   INFO  +++ Initializing event 84. Within run:0 event 84.
ParticleHandler  INFO  +++ Event 83 Begin event action. Access event related information.
Geant4Output2EDM4hep INFO  +++ Saving EDM4hep event 83 run 0.
GenerationInit   INFO  +++ Initializing event 85. Within run:0 event 85.
ParticleHandler  INFO  +++ Event 84 Begin event action. Access event related information.
Geant4Output2EDM4hep INFO  +++ Saving EDM4hep event 84 run 0.
GenerationInit   INFO  +++ Initializing event 86. Within run:0 event 86.
ParticleHandler  INFO  +++ Event 85 Begin event action. Access event related information.
Geant4Output2EDM4hep INFO  +++ Saving EDM4hep event 85 run 0.
GenerationInit   INFO  +++ Initializing event 87. Within run:0 event 87.
ParticleHandler  INFO  +++ Event 86 Begin event action. Access event related information.
Geant4Output2EDM4hep INFO  +++ Saving EDM4hep event 86 run 0.
GenerationInit   INFO  +++ Initializing event 88. Within run:0 event 88.
ParticleHandler  INFO  +++ Event 87 Begin event action. Access event related information.
Geant4Output2EDM4hep INFO  +++ Saving EDM4hep event 87 run 0.
GenerationInit   INFO  +++ Initializing event 89. Within run:0 event 89.
ParticleHandler  INFO  +++ Event 88 Begin event action. Access event related information.
Geant4Output2EDM4hep INFO  +++ Saving EDM4hep event 88 run 0.
GenerationInit   INFO  +++ Initializing event 90. Within run:0 event 90.
ParticleHandler  INFO  +++ Event 89 Begin event action. Access event related information.
Geant4Output2EDM4hep INFO  +++ Saving EDM4hep event 89 run 0.
GenerationInit   INFO  +++ Initializing event 91. Within run:0 event 91.
ParticleHandler  INFO  +++ Event 90 Begin event action. Access event related information.
Geant4Output2EDM4hep INFO  +++ Saving EDM4hep event 90 run 0.
GenerationInit   INFO  +++ Initializing event 92. Within run:0 event 92.
ParticleHandler  INFO  +++ Event 91 Begin event action. Access event related information.
Geant4Output2EDM4hep INFO  +++ Saving EDM4hep event 91 run 0.
GenerationInit   INFO  +++ Initializing event 93. Within run:0 event 93.
ParticleHandler  INFO  +++ Event 92 Begin event action. Access event related information.
Geant4Output2EDM4hep INFO  +++ Saving EDM4hep event 92 run 0.
GenerationInit   INFO  +++ Initializing event 94. Within run:0 event 94.
ParticleHandler  INFO  +++ Event 93 Begin event action. Access event related information.
Geant4Output2EDM4hep INFO  +++ Saving EDM4hep event 93 run 0.
GenerationInit   INFO  +++ Initializing event 95. Within run:0 event 95.
ParticleHandler  INFO  +++ Event 94 Begin event action. Access event related information.
Geant4Output2EDM4hep INFO  +++ Saving EDM4hep event 94 run 0.
GenerationInit   INFO  +++ Initializing event 96. Within run:0 event 96.
ParticleHandler  INFO  +++ Event 95 Begin event action. Access event related information.
Geant4Output2EDM4hep INFO  +++ Saving EDM4hep event 95 run 0.
GenerationInit   INFO  +++ Initializing event 97. Within run:0 event 97.
ParticleHandler  INFO  +++ Event 96 Begin event action. Access event related information.
Geant4Output2EDM4hep INFO  +++ Saving EDM4hep event 96 run 0.
GenerationInit   INFO  +++ Initializing event 98. Within run:0 event 98.
ParticleHandler  INFO  +++ Event 97 Begin event action. Access event related information.
Geant4Output2EDM4hep INFO  +++ Saving EDM4hep event 97 run 0.
GenerationInit   INFO  +++ Initializing event 99. Within run:0 event 99.
ParticleHandler  INFO  +++ Event 98 Begin event action. Access event related information.
Geant4Output2EDM4hep INFO  +++ Saving EDM4hep event 98 run 0.
GenerationInit   INFO  +++ Initializing event 100. Within run:0 event 100.
ParticleHandler  INFO  +++ Event 99 Begin event action. Access event related information.
Geant4Output2EDM4hep INFO  +++ Saving EDM4hep event 99 run 0.
GenerationInit   INFO  +++ Initializing event 101. Within run:0 event 101.
ParticleHandler  INFO  +++ Event 100 Begin event action. Access event related information.
Geant4Output2EDM4hep INFO  +++ Saving EDM4hep event 100 run 0.
GenerationInit   INFO  +++ Initializing event 102. Within run:0 event 102.
ParticleHandler  INFO  +++ Event 101 Begin event action. Access event related information.
Geant4Output2EDM4hep INFO  +++ Saving EDM4hep event 101 run 0.
GenerationInit   INFO  +++ Initializing event 103. Within run:0 event 103.
ParticleHandler  INFO  +++ Event 102 Begin event action. Access event related information.
Geant4Output2EDM4hep INFO  +++ Saving EDM4hep event 102 run 0.
GenerationInit   INFO  +++ Initializing event 104. Within run:0 event 104.
ParticleHandler  INFO  +++ Event 103 Begin event action. Access event related information.
Geant4Output2EDM4hep INFO  +++ Saving EDM4hep event 103 run 0.
GenerationInit   INFO  +++ Initializing event 105. Within run:0 event 105.
ParticleHandler  INFO  +++ Event 104 Begin event action. Access event related information.
Geant4Output2EDM4hep INFO  +++ Saving EDM4hep event 104 run 0.
GenerationInit   INFO  +++ Initializing event 106. Within run:0 event 106.
ParticleHandler  INFO  +++ Event 105 Begin event action. Access event related information.
Geant4Output2EDM4hep INFO  +++ Saving EDM4hep event 105 run 0.
GenerationInit   INFO  +++ Initializing event 107. Within run:0 event 107.
ParticleHandler  INFO  +++ Event 106 Begin event action. Access event related information.
Geant4Output2EDM4hep INFO  +++ Saving EDM4hep event 106 run 0.
GenerationInit   INFO  +++ Initializing event 108. Within run:0 event 108.
ParticleHandler  INFO  +++ Event 107 Begin event action. Access event related information.
Geant4Output2EDM4hep INFO  +++ Saving EDM4hep event 107 run 0.
GenerationInit   INFO  +++ Initializing event 109. Within run:0 event 109.
ParticleHandler  INFO  +++ Event 108 Begin event action. Access event related information.
Geant4Output2EDM4hep INFO  +++ Saving EDM4hep event 108 run 0.
GenerationInit   INFO  +++ Initializing event 110. Within run:0 event 110.
ParticleHandler  INFO  +++ Event 109 Begin event action. Access event related information.
Geant4Output2EDM4hep INFO  +++ Saving EDM4hep event 109 run 0.
GenerationInit   INFO  +++ Initializing event 111. Within run:0 event 111.
ParticleHandler  INFO  +++ Event 110 Begin event action. Access event related information.
Geant4Output2EDM4hep INFO  +++ Saving EDM4hep event 110 run 0.
GenerationInit   INFO  +++ Initializing event 112. Within run:0 event 112.
ParticleHandler  INFO  +++ Event 111 Begin event action. Access event related information.
Geant4Output2EDM4hep INFO  +++ Saving EDM4hep event 111 run 0.
GenerationInit   INFO  +++ Initializing event 113. Within run:0 event 113.
ParticleHandler  INFO  +++ Event 112 Begin event action. Access event related information.
Geant4Output2EDM4hep INFO  +++ Saving EDM4hep event 112 run 0.
GenerationInit   INFO  +++ Initializing event 114. Within run:0 event 114.
ParticleHandler  INFO  +++ Event 113 Begin event action. Access event related information.
Geant4Output2EDM4hep INFO  +++ Saving EDM4hep event 113 run 0.
GenerationInit   INFO  +++ Initializing event 115. Within run:0 event 115.
ParticleHandler  INFO  +++ Event 114 Begin event action. Access event related information.
Geant4Output2EDM4hep INFO  +++ Saving EDM4hep event 114 run 0.
GenerationInit   INFO  +++ Initializing event 116. Within run:0 event 116.
ParticleHandler  INFO  +++ Event 115 Begin event action. Access event related information.
Geant4Output2EDM4hep INFO  +++ Saving EDM4hep event 115 run 0.
GenerationInit   INFO  +++ Initializing event 117. Within run:0 event 117.
ParticleHandler  INFO  +++ Event 116 Begin event action. Access event related information.
Geant4Output2EDM4hep INFO  +++ Saving EDM4hep event 116 run 0.
GenerationInit   INFO  +++ Initializing event 118. Within run:0 event 118.
ParticleHandler  INFO  +++ Event 117 Begin event action. Access event related information.
Geant4Output2EDM4hep INFO  +++ Saving EDM4hep event 117 run 0.
GenerationInit   INFO  +++ Initializing event 119. Within run:0 event 119.
ParticleHandler  INFO  +++ Event 118 Begin event action. Access event related information.
Geant4Output2EDM4hep INFO  +++ Saving EDM4hep event 118 run 0.
GenerationInit   INFO  +++ Initializing event 120. Within run:0 event 120.
ParticleHandler  INFO  +++ Event 119 Begin event action. Access event related information.
Geant4Output2EDM4hep INFO  +++ Saving EDM4hep event 119 run 0.
GenerationInit   INFO  +++ Initializing event 121. Within run:0 event 121.
ParticleHandler  INFO  +++ Event 120 Begin event action. Access event related information.
Geant4Output2EDM4hep INFO  +++ Saving EDM4hep event 120 run 0.
GenerationInit   INFO  +++ Initializing event 122. Within run:0 event 122.
ParticleHandler  INFO  +++ Event 121 Begin event action. Access event related information.
Geant4Output2EDM4hep INFO  +++ Saving EDM4hep event 121 run 0.
GenerationInit   INFO  +++ Initializing event 123. Within run:0 event 123.
ParticleHandler  INFO  +++ Event 122 Begin event action. Access event related information.
Geant4Output2EDM4hep INFO  +++ Saving EDM4hep event 122 run 0.
GenerationInit   INFO  +++ Initializing event 124. Within run:0 event 124.
ParticleHandler  INFO  +++ Event 123 Begin event action. Access event related information.
Geant4Output2EDM4hep INFO  +++ Saving EDM4hep event 123 run 0.
GenerationInit   INFO  +++ Initializing event 125. Within run:0 event 125.
ParticleHandler  INFO  +++ Event 124 Begin event action. Access event related information.
Geant4Output2EDM4hep INFO  +++ Saving EDM4hep event 124 run 0.
GenerationInit   INFO  +++ Initializing event 126. Within run:0 event 126.
ParticleHandler  INFO  +++ Event 125 Begin event action. Access event related information.
Geant4Output2EDM4hep INFO  +++ Saving EDM4hep event 125 run 0.
GenerationInit   INFO  +++ Initializing event 127. Within run:0 event 127.
ParticleHandler  INFO  +++ Event 126 Begin event action. Access event related information.
Geant4Output2EDM4hep INFO  +++ Saving EDM4hep event 126 run 0.
GenerationInit   INFO  +++ Initializing event 128. Within run:0 event 128.
ParticleHandler  INFO  +++ Event 127 Begin event action. Access event related information.
Geant4Output2EDM4hep INFO  +++ Saving EDM4hep event 127 run 0.
GenerationInit   INFO  +++ Initializing event 129. Within run:0 event 129.
ParticleHandler  INFO  +++ Event 128 Begin event action. Access event related information.
Geant4Output2EDM4hep INFO  +++ Saving EDM4hep event 128 run 0.
GenerationInit   INFO  +++ Initializing event 130. Within run:0 event 130.
ParticleHandler  INFO  +++ Event 129 Begin event action. Access event related information.
Geant4Output2EDM4hep INFO  +++ Saving EDM4hep event 129 run 0.
GenerationInit   INFO  +++ Initializing event 131. Within run:0 event 131.
ParticleHandler  INFO  +++ Event 130 Begin event action. Access event related information.
Geant4Output2EDM4hep INFO  +++ Saving EDM4hep event 130 run 0.
GenerationInit   INFO  +++ Initializing event 132. Within run:0 event 132.
ParticleHandler  INFO  +++ Event 131 Begin event action. Access event related information.
Geant4Output2EDM4hep INFO  +++ Saving EDM4hep event 131 run 0.
GenerationInit   INFO  +++ Initializing event 133. Within run:0 event 133.
ParticleHandler  INFO  +++ Event 132 Begin event action. Access event related information.
Geant4Output2EDM4hep INFO  +++ Saving EDM4hep event 132 run 0.
GenerationInit   INFO  +++ Initializing event 134. Within run:0 event 134.
ParticleHandler  INFO  +++ Event 133 Begin event action. Access event related information.
Geant4Output2EDM4hep INFO  +++ Saving EDM4hep event 133 run 0.
GenerationInit   INFO  +++ Initializing event 135. Within run:0 event 135.
ParticleHandler  INFO  +++ Event 134 Begin event action. Access event related information.
Geant4Output2EDM4hep INFO  +++ Saving EDM4hep event 134 run 0.
GenerationInit   INFO  +++ Initializing event 136. Within run:0 event 136.
ParticleHandler  INFO  +++ Event 135 Begin event action. Access event related information.
Geant4Output2EDM4hep INFO  +++ Saving EDM4hep event 135 run 0.
GenerationInit   INFO  +++ Initializing event 137. Within run:0 event 137.
ParticleHandler  INFO  +++ Event 136 Begin event action. Access event related information.
Geant4Output2EDM4hep INFO  +++ Saving EDM4hep event 136 run 0.
GenerationInit   INFO  +++ Initializing event 138. Within run:0 event 138.
ParticleHandler  INFO  +++ Event 137 Begin event action. Access event related information.
Geant4Output2EDM4hep INFO  +++ Saving EDM4hep event 137 run 0.
GenerationInit   INFO  +++ Initializing event 139. Within run:0 event 139.
ParticleHandler  INFO  +++ Event 138 Begin event action. Access event related information.
Geant4Output2EDM4hep INFO  +++ Saving EDM4hep event 138 run 0.
GenerationInit   INFO  +++ Initializing event 140. Within run:0 event 140.
ParticleHandler  INFO  +++ Event 139 Begin event action. Access event related information.
Geant4Output2EDM4hep INFO  +++ Saving EDM4hep event 139 run 0.
GenerationInit   INFO  +++ Initializing event 141. Within run:0 event 141.
ParticleHandler  INFO  +++ Event 140 Begin event action. Access event related information.
Geant4Output2EDM4hep INFO  +++ Saving EDM4hep event 140 run 0.
GenerationInit   INFO  +++ Initializing event 142. Within run:0 event 142.
ParticleHandler  INFO  +++ Event 141 Begin event action. Access event related information.
Geant4Output2EDM4hep INFO  +++ Saving EDM4hep event 141 run 0.
GenerationInit   INFO  +++ Initializing event 143. Within run:0 event 143.
ParticleHandler  INFO  +++ Event 142 Begin event action. Access event related information.
Geant4Output2EDM4hep INFO  +++ Saving EDM4hep event 142 run 0.
GenerationInit   INFO  +++ Initializing event 144. Within run:0 event 144.
ParticleHandler  INFO  +++ Event 143 Begin event action. Access event related information.
Geant4Output2EDM4hep INFO  +++ Saving EDM4hep event 143 run 0.
GenerationInit   INFO  +++ Initializing event 145. Within run:0 event 145.
ParticleHandler  INFO  +++ Event 144 Begin event action. Access event related information.
Geant4Output2EDM4hep INFO  +++ Saving EDM4hep event 144 run 0.
GenerationInit   INFO  +++ Initializing event 146. Within run:0 event 146.
ParticleHandler  INFO  +++ Event 145 Begin event action. Access event related information.
Geant4Output2EDM4hep INFO  +++ Saving EDM4hep event 145 run 0.
GenerationInit   INFO  +++ Initializing event 147. Within run:0 event 147.
ParticleHandler  INFO  +++ Event 146 Begin event action. Access event related information.
Geant4Output2EDM4hep INFO  +++ Saving EDM4hep event 146 run 0.
GenerationInit   INFO  +++ Initializing event 148. Within run:0 event 148.
ParticleHandler  INFO  +++ Event 147 Begin event action. Access event related information.
Geant4Output2EDM4hep INFO  +++ Saving EDM4hep event 147 run 0.
GenerationInit   INFO  +++ Initializing event 149. Within run:0 event 149.
ParticleHandler  INFO  +++ Event 148 Begin event action. Access event related information.
Geant4Output2EDM4hep INFO  +++ Saving EDM4hep event 148 run 0.
GenerationInit   INFO  +++ Initializing event 150. Within run:0 event 150.
ParticleHandler  INFO  +++ Event 149 Begin event action. Access event related information.
Geant4Output2EDM4hep INFO  +++ Saving EDM4hep event 149 run 0.
GenerationInit   INFO  +++ Initializing event 151. Within run:0 event 151.
ParticleHandler  INFO  +++ Event 150 Begin event action. Access event related information.
Geant4Output2EDM4hep INFO  +++ Saving EDM4hep event 150 run 0.
GenerationInit   INFO  +++ Initializing event 152. Within run:0 event 152.
ParticleHandler  INFO  +++ Event 151 Begin event action. Access event related information.
Geant4Output2EDM4hep INFO  +++ Saving EDM4hep event 151 run 0.
GenerationInit   INFO  +++ Initializing event 153. Within run:0 event 153.
ParticleHandler  INFO  +++ Event 152 Begin event action. Access event related information.
Geant4Output2EDM4hep INFO  +++ Saving EDM4hep event 152 run 0.
GenerationInit   INFO  +++ Initializing event 154. Within run:0 event 154.
ParticleHandler  INFO  +++ Event 153 Begin event action. Access event related information.
Geant4Output2EDM4hep INFO  +++ Saving EDM4hep event 153 run 0.
GenerationInit   INFO  +++ Initializing event 155. Within run:0 event 155.
ParticleHandler  INFO  +++ Event 154 Begin event action. Access event related information.
Geant4Output2EDM4hep INFO  +++ Saving EDM4hep event 154 run 0.
GenerationInit   INFO  +++ Initializing event 156. Within run:0 event 156.
ParticleHandler  INFO  +++ Event 155 Begin event action. Access event related information.
Geant4Output2EDM4hep INFO  +++ Saving EDM4hep event 155 run 0.
GenerationInit   INFO  +++ Initializing event 157. Within run:0 event 157.
ParticleHandler  INFO  +++ Event 156 Begin event action. Access event related information.
Geant4Output2EDM4hep INFO  +++ Saving EDM4hep event 156 run 0.
GenerationInit   INFO  +++ Initializing event 158. Within run:0 event 158.
ParticleHandler  INFO  +++ Event 157 Begin event action. Access event related information.
Geant4Output2EDM4hep INFO  +++ Saving EDM4hep event 157 run 0.
GenerationInit   INFO  +++ Initializing event 159. Within run:0 event 159.
ParticleHandler  INFO  +++ Event 158 Begin event action. Access event related information.
Geant4Output2EDM4hep INFO  +++ Saving EDM4hep event 158 run 0.
GenerationInit   INFO  +++ Initializing event 160. Within run:0 event 160.
ParticleHandler  INFO  +++ Event 159 Begin event action. Access event related information.
Geant4Output2EDM4hep INFO  +++ Saving EDM4hep event 159 run 0.
GenerationInit   INFO  +++ Initializing event 161. Within run:0 event 161.
ParticleHandler  INFO  +++ Event 160 Begin event action. Access event related information.
Geant4Output2EDM4hep INFO  +++ Saving EDM4hep event 160 run 0.
GenerationInit   INFO  +++ Initializing event 162. Within run:0 event 162.
ParticleHandler  INFO  +++ Event 161 Begin event action. Access event related information.
Geant4Output2EDM4hep INFO  +++ Saving EDM4hep event 161 run 0.
GenerationInit   INFO  +++ Initializing event 163. Within run:0 event 163.
ParticleHandler  INFO  +++ Event 162 Begin event action. Access event related information.
Geant4Output2EDM4hep INFO  +++ Saving EDM4hep event 162 run 0.
GenerationInit   INFO  +++ Initializing event 164. Within run:0 event 164.
ParticleHandler  INFO  +++ Event 163 Begin event action. Access event related information.
Geant4Output2EDM4hep INFO  +++ Saving EDM4hep event 163 run 0.
GenerationInit   INFO  +++ Initializing event 165. Within run:0 event 165.
ParticleHandler  INFO  +++ Event 164 Begin event action. Access event related information.
Geant4Output2EDM4hep INFO  +++ Saving EDM4hep event 164 run 0.
GenerationInit   INFO  +++ Initializing event 166. Within run:0 event 166.
ParticleHandler  INFO  +++ Event 165 Begin event action. Access event related information.
Geant4Output2EDM4hep INFO  +++ Saving EDM4hep event 165 run 0.
GenerationInit   INFO  +++ Initializing event 167. Within run:0 event 167.
ParticleHandler  INFO  +++ Event 166 Begin event action. Access event related information.
Geant4Output2EDM4hep INFO  +++ Saving EDM4hep event 166 run 0.
GenerationInit   INFO  +++ Initializing event 168. Within run:0 event 168.
ParticleHandler  INFO  +++ Event 167 Begin event action. Access event related information.
Geant4Output2EDM4hep INFO  +++ Saving EDM4hep event 167 run 0.
GenerationInit   INFO  +++ Initializing event 169. Within run:0 event 169.
ParticleHandler  INFO  +++ Event 168 Begin event action. Access event related information.
Geant4Output2EDM4hep INFO  +++ Saving EDM4hep event 168 run 0.
GenerationInit   INFO  +++ Initializing event 170. Within run:0 event 170.
ParticleHandler  INFO  +++ Event 169 Begin event action. Access event related information.
Geant4Output2EDM4hep INFO  +++ Saving EDM4hep event 169 run 0.
GenerationInit   INFO  +++ Initializing event 171. Within run:0 event 171.
ParticleHandler  INFO  +++ Event 170 Begin event action. Access event related information.
Geant4Output2EDM4hep INFO  +++ Saving EDM4hep event 170 run 0.
GenerationInit   INFO  +++ Initializing event 172. Within run:0 event 172.
ParticleHandler  INFO  +++ Event 171 Begin event action. Access event related information.
Geant4Output2EDM4hep INFO  +++ Saving EDM4hep event 171 run 0.
GenerationInit   INFO  +++ Initializing event 173. Within run:0 event 173.
ParticleHandler  INFO  +++ Event 172 Begin event action. Access event related information.
Geant4Output2EDM4hep INFO  +++ Saving EDM4hep event 172 run 0.
GenerationInit   INFO  +++ Initializing event 174. Within run:0 event 174.
ParticleHandler  INFO  +++ Event 173 Begin event action. Access event related information.
Geant4Output2EDM4hep INFO  +++ Saving EDM4hep event 173 run 0.
GenerationInit   INFO  +++ Initializing event 175. Within run:0 event 175.
ParticleHandler  INFO  +++ Event 174 Begin event action. Access event related information.
Geant4Output2EDM4hep INFO  +++ Saving EDM4hep event 174 run 0.
GenerationInit   INFO  +++ Initializing event 176. Within run:0 event 176.
ParticleHandler  INFO  +++ Event 175 Begin event action. Access event related information.
Geant4Output2EDM4hep INFO  +++ Saving EDM4hep event 175 run 0.
GenerationInit   INFO  +++ Initializing event 177. Within run:0 event 177.
ParticleHandler  INFO  +++ Event 176 Begin event action. Access event related information.
Geant4Output2EDM4hep INFO  +++ Saving EDM4hep event 176 run 0.
GenerationInit   INFO  +++ Initializing event 178. Within run:0 event 178.
ParticleHandler  INFO  +++ Event 177 Begin event action. Access event related information.
Geant4Output2EDM4hep INFO  +++ Saving EDM4hep event 177 run 0.
GenerationInit   INFO  +++ Initializing event 179. Within run:0 event 179.
ParticleHandler  INFO  +++ Event 178 Begin event action. Access event related information.
Geant4Output2EDM4hep INFO  +++ Saving EDM4hep event 178 run 0.
GenerationInit   INFO  +++ Initializing event 180. Within run:0 event 180.
ParticleHandler  INFO  +++ Event 179 Begin event action. Access event related information.
Geant4Output2EDM4hep INFO  +++ Saving EDM4hep event 179 run 0.
GenerationInit   INFO  +++ Initializing event 181. Within run:0 event 181.
ParticleHandler  INFO  +++ Event 180 Begin event action. Access event related information.
Geant4Output2EDM4hep INFO  +++ Saving EDM4hep event 180 run 0.
GenerationInit   INFO  +++ Initializing event 182. Within run:0 event 182.
ParticleHandler  INFO  +++ Event 181 Begin event action. Access event related information.
Geant4Output2EDM4hep INFO  +++ Saving EDM4hep event 181 run 0.
GenerationInit   INFO  +++ Initializing event 183. Within run:0 event 183.
ParticleHandler  INFO  +++ Event 182 Begin event action. Access event related information.
Geant4Output2EDM4hep INFO  +++ Saving EDM4hep event 182 run 0.
GenerationInit   INFO  +++ Initializing event 184. Within run:0 event 184.
ParticleHandler  INFO  +++ Event 183 Begin event action. Access event related information.
Geant4Output2EDM4hep INFO  +++ Saving EDM4hep event 183 run 0.
GenerationInit   INFO  +++ Initializing event 185. Within run:0 event 185.
ParticleHandler  INFO  +++ Event 184 Begin event action. Access event related information.
Geant4Output2EDM4hep INFO  +++ Saving EDM4hep event 184 run 0.
GenerationInit   INFO  +++ Initializing event 186. Within run:0 event 186.
ParticleHandler  INFO  +++ Event 185 Begin event action. Access event related information.
Geant4Output2EDM4hep INFO  +++ Saving EDM4hep event 185 run 0.
GenerationInit   INFO  +++ Initializing event 187. Within run:0 event 187.
ParticleHandler  INFO  +++ Event 186 Begin event action. Access event related information.
Geant4Output2EDM4hep INFO  +++ Saving EDM4hep event 186 run 0.
GenerationInit   INFO  +++ Initializing event 188. Within run:0 event 188.
ParticleHandler  INFO  +++ Event 187 Begin event action. Access event related information.
Geant4Output2EDM4hep INFO  +++ Saving EDM4hep event 187 run 0.
GenerationInit   INFO  +++ Initializing event 189. Within run:0 event 189.
ParticleHandler  INFO  +++ Event 188 Begin event action. Access event related information.
Geant4Output2EDM4hep INFO  +++ Saving EDM4hep event 188 run 0.
GenerationInit   INFO  +++ Initializing event 190. Within run:0 event 190.
ParticleHandler  INFO  +++ Event 189 Begin event action. Access event related information.
Geant4Output2EDM4hep INFO  +++ Saving EDM4hep event 189 run 0.
GenerationInit   INFO  +++ Initializing event 191. Within run:0 event 191.
ParticleHandler  INFO  +++ Event 190 Begin event action. Access event related information.
Geant4Output2EDM4hep INFO  +++ Saving EDM4hep event 190 run 0.
GenerationInit   INFO  +++ Initializing event 192. Within run:0 event 192.
ParticleHandler  INFO  +++ Event 191 Begin event action. Access event related information.
Geant4Output2EDM4hep INFO  +++ Saving EDM4hep event 191 run 0.
GenerationInit   INFO  +++ Initializing event 193. Within run:0 event 193.
ParticleHandler  INFO  +++ Event 192 Begin event action. Access event related information.
Geant4Output2EDM4hep INFO  +++ Saving EDM4hep event 192 run 0.
GenerationInit   INFO  +++ Initializing event 194. Within run:0 event 194.
ParticleHandler  INFO  +++ Event 193 Begin event action. Access event related information.
Geant4Output2EDM4hep INFO  +++ Saving EDM4hep event 193 run 0.
GenerationInit   INFO  +++ Initializing event 195. Within run:0 event 195.
ParticleHandler  INFO  +++ Event 194 Begin event action. Access event related information.
Geant4Output2EDM4hep INFO  +++ Saving EDM4hep event 194 run 0.
GenerationInit   INFO  +++ Initializing event 196. Within run:0 event 196.
ParticleHandler  INFO  +++ Event 195 Begin event action. Access event related information.
Geant4Output2EDM4hep INFO  +++ Saving EDM4hep event 195 run 0.
GenerationInit   INFO  +++ Initializing event 197. Within run:0 event 197.
ParticleHandler  INFO  +++ Event 196 Begin event action. Access event related information.
Geant4Output2EDM4hep INFO  +++ Saving EDM4hep event 196 run 0.
GenerationInit   INFO  +++ Initializing event 198. Within run:0 event 198.
ParticleHandler  INFO  +++ Event 197 Begin event action. Access event related information.
Geant4Output2EDM4hep INFO  +++ Saving EDM4hep event 197 run 0.
GenerationInit   INFO  +++ Initializing event 199. Within run:0 event 199.
ParticleHandler  INFO  +++ Event 198 Begin event action. Access event related information.
Geant4Output2EDM4hep INFO  +++ Saving EDM4hep event 198 run 0.
GenerationInit   INFO  +++ Initializing event 200. Within run:0 event 200.
ParticleHandler  INFO  +++ Event 199 Begin event action. Access event related information.
Geant4Output2EDM4hep INFO  +++ Saving EDM4hep event 199 run 0.
GenerationInit   INFO  +++ Initializing event 201. Within run:0 event 201.
ParticleHandler  INFO  +++ Event 200 Begin event action. Access event related information.
Geant4Output2EDM4hep INFO  +++ Saving EDM4hep event 200 run 0.
GenerationInit   INFO  +++ Initializing event 202. Within run:0 event 202.
ParticleHandler  INFO  +++ Event 201 Begin event action. Access event related information.
Geant4Output2EDM4hep INFO  +++ Saving EDM4hep event 201 run 0.
GenerationInit   INFO  +++ Initializing event 203. Within run:0 event 203.
ParticleHandler  INFO  +++ Event 202 Begin event action. Access event related information.
Geant4Output2EDM4hep INFO  +++ Saving EDM4hep event 202 run 0.
GenerationInit   INFO  +++ Initializing event 204. Within run:0 event 204.
ParticleHandler  INFO  +++ Event 203 Begin event action. Access event related information.
Geant4Output2EDM4hep INFO  +++ Saving EDM4hep event 203 run 0.
GenerationInit   INFO  +++ Initializing event 205. Within run:0 event 205.
ParticleHandler  INFO  +++ Event 204 Begin event action. Access event related information.
Geant4Output2EDM4hep INFO  +++ Saving EDM4hep event 204 run 0.
GenerationInit   INFO  +++ Initializing event 206. Within run:0 event 206.
ParticleHandler  INFO  +++ Event 205 Begin event action. Access event related information.
Geant4Output2EDM4hep INFO  +++ Saving EDM4hep event 205 run 0.
GenerationInit   INFO  +++ Initializing event 207. Within run:0 event 207.
ParticleHandler  INFO  +++ Event 206 Begin event action. Access event related information.
Geant4Output2EDM4hep INFO  +++ Saving EDM4hep event 206 run 0.
GenerationInit   INFO  +++ Initializing event 208. Within run:0 event 208.
ParticleHandler  INFO  +++ Event 207 Begin event action. Access event related information.
Geant4Output2EDM4hep INFO  +++ Saving EDM4hep event 207 run 0.
GenerationInit   INFO  +++ Initializing event 209. Within run:0 event 209.
ParticleHandler  INFO  +++ Event 208 Begin event action. Access event related information.
Geant4Output2EDM4hep INFO  +++ Saving EDM4hep event 208 run 0.
GenerationInit   INFO  +++ Initializing event 210. Within run:0 event 210.
ParticleHandler  INFO  +++ Event 209 Begin event action. Access event related information.
Geant4Output2EDM4hep INFO  +++ Saving EDM4hep event 209 run 0.
GenerationInit   INFO  +++ Initializing event 211. Within run:0 event 211.
ParticleHandler  INFO  +++ Event 210 Begin event action. Access event related information.
Geant4Output2EDM4hep INFO  +++ Saving EDM4hep event 210 run 0.
GenerationInit   INFO  +++ Initializing event 212. Within run:0 event 212.
ParticleHandler  INFO  +++ Event 211 Begin event action. Access event related information.
Geant4Output2EDM4hep INFO  +++ Saving EDM4hep event 211 run 0.
GenerationInit   INFO  +++ Initializing event 213. Within run:0 event 213.
ParticleHandler  INFO  +++ Event 212 Begin event action. Access event related information.
Geant4Output2EDM4hep INFO  +++ Saving EDM4hep event 212 run 0.
GenerationInit   INFO  +++ Initializing event 214. Within run:0 event 214.
ParticleHandler  INFO  +++ Event 213 Begin event action. Access event related information.
Geant4Output2EDM4hep INFO  +++ Saving EDM4hep event 213 run 0.
GenerationInit   INFO  +++ Initializing event 215. Within run:0 event 215.
ParticleHandler  INFO  +++ Event 214 Begin event action. Access event related information.
Geant4Output2EDM4hep INFO  +++ Saving EDM4hep event 214 run 0.
GenerationInit   INFO  +++ Initializing event 216. Within run:0 event 216.
ParticleHandler  INFO  +++ Event 215 Begin event action. Access event related information.
Geant4Output2EDM4hep INFO  +++ Saving EDM4hep event 215 run 0.
GenerationInit   INFO  +++ Initializing event 217. Within run:0 event 217.
ParticleHandler  INFO  +++ Event 216 Begin event action. Access event related information.
Geant4Output2EDM4hep INFO  +++ Saving EDM4hep event 216 run 0.
GenerationInit   INFO  +++ Initializing event 218. Within run:0 event 218.
ParticleHandler  INFO  +++ Event 217 Begin event action. Access event related information.
Geant4Output2EDM4hep INFO  +++ Saving EDM4hep event 217 run 0.
GenerationInit   INFO  +++ Initializing event 219. Within run:0 event 219.
ParticleHandler  INFO  +++ Event 218 Begin event action. Access event related information.
Geant4Output2EDM4hep INFO  +++ Saving EDM4hep event 218 run 0.
GenerationInit   INFO  +++ Initializing event 220. Within run:0 event 220.
ParticleHandler  INFO  +++ Event 219 Begin event action. Access event related information.
Geant4Output2EDM4hep INFO  +++ Saving EDM4hep event 219 run 0.
GenerationInit   INFO  +++ Initializing event 221. Within run:0 event 221.
ParticleHandler  INFO  +++ Event 220 Begin event action. Access event related information.
Geant4Output2EDM4hep INFO  +++ Saving EDM4hep event 220 run 0.
GenerationInit   INFO  +++ Initializing event 222. Within run:0 event 222.
ParticleHandler  INFO  +++ Event 221 Begin event action. Access event related information.
Geant4Output2EDM4hep INFO  +++ Saving EDM4hep event 221 run 0.
GenerationInit   INFO  +++ Initializing event 223. Within run:0 event 223.
ParticleHandler  INFO  +++ Event 222 Begin event action. Access event related information.
Geant4Output2EDM4hep INFO  +++ Saving EDM4hep event 222 run 0.
GenerationInit   INFO  +++ Initializing event 224. Within run:0 event 224.
ParticleHandler  INFO  +++ Event 223 Begin event action. Access event related information.
Geant4Output2EDM4hep INFO  +++ Saving EDM4hep event 223 run 0.
GenerationInit   INFO  +++ Initializing event 225. Within run:0 event 225.
ParticleHandler  INFO  +++ Event 224 Begin event action. Access event related information.
Geant4Output2EDM4hep INFO  +++ Saving EDM4hep event 224 run 0.
GenerationInit   INFO  +++ Initializing event 226. Within run:0 event 226.
ParticleHandler  INFO  +++ Event 225 Begin event action. Access event related information.
Geant4Output2EDM4hep INFO  +++ Saving EDM4hep event 225 run 0.
GenerationInit   INFO  +++ Initializing event 227. Within run:0 event 227.
ParticleHandler  INFO  +++ Event 226 Begin event action. Access event related information.
Geant4Output2EDM4hep INFO  +++ Saving EDM4hep event 226 run 0.
GenerationInit   INFO  +++ Initializing event 228. Within run:0 event 228.
ParticleHandler  INFO  +++ Event 227 Begin event action. Access event related information.
Geant4Output2EDM4hep INFO  +++ Saving EDM4hep event 227 run 0.
GenerationInit   INFO  +++ Initializing event 229. Within run:0 event 229.
ParticleHandler  INFO  +++ Event 228 Begin event action. Access event related information.
Geant4Output2EDM4hep INFO  +++ Saving EDM4hep event 228 run 0.
GenerationInit   INFO  +++ Initializing event 230. Within run:0 event 230.
ParticleHandler  INFO  +++ Event 229 Begin event action. Access event related information.
Geant4Output2EDM4hep INFO  +++ Saving EDM4hep event 229 run 0.
GenerationInit   INFO  +++ Initializing event 231. Within run:0 event 231.
ParticleHandler  INFO  +++ Event 230 Begin event action. Access event related information.
Geant4Output2EDM4hep INFO  +++ Saving EDM4hep event 230 run 0.
GenerationInit   INFO  +++ Initializing event 232. Within run:0 event 232.
ParticleHandler  INFO  +++ Event 231 Begin event action. Access event related information.
Geant4Output2EDM4hep INFO  +++ Saving EDM4hep event 231 run 0.
GenerationInit   INFO  +++ Initializing event 233. Within run:0 event 233.
ParticleHandler  INFO  +++ Event 232 Begin event action. Access event related information.
Geant4Output2EDM4hep INFO  +++ Saving EDM4hep event 232 run 0.
GenerationInit   INFO  +++ Initializing event 234. Within run:0 event 234.
ParticleHandler  INFO  +++ Event 233 Begin event action. Access event related information.
Geant4Output2EDM4hep INFO  +++ Saving EDM4hep event 233 run 0.
GenerationInit   INFO  +++ Initializing event 235. Within run:0 event 235.
ParticleHandler  INFO  +++ Event 234 Begin event action. Access event related information.
Geant4Output2EDM4hep INFO  +++ Saving EDM4hep event 234 run 0.
GenerationInit   INFO  +++ Initializing event 236. Within run:0 event 236.
ParticleHandler  INFO  +++ Event 235 Begin event action. Access event related information.
Geant4Output2EDM4hep INFO  +++ Saving EDM4hep event 235 run 0.
GenerationInit   INFO  +++ Initializing event 237. Within run:0 event 237.
ParticleHandler  INFO  +++ Event 236 Begin event action. Access event related information.
Geant4Output2EDM4hep INFO  +++ Saving EDM4hep event 236 run 0.
GenerationInit   INFO  +++ Initializing event 238. Within run:0 event 238.
ParticleHandler  INFO  +++ Event 237 Begin event action. Access event related information.
Geant4Output2EDM4hep INFO  +++ Saving EDM4hep event 237 run 0.
GenerationInit   INFO  +++ Initializing event 239. Within run:0 event 239.
ParticleHandler  INFO  +++ Event 238 Begin event action. Access event related information.
Geant4Output2EDM4hep INFO  +++ Saving EDM4hep event 238 run 0.
GenerationInit   INFO  +++ Initializing event 240. Within run:0 event 240.
ParticleHandler  INFO  +++ Event 239 Begin event action. Access event related information.
Geant4Output2EDM4hep INFO  +++ Saving EDM4hep event 239 run 0.
GenerationInit   INFO  +++ Initializing event 241. Within run:0 event 241.
ParticleHandler  INFO  +++ Event 240 Begin event action. Access event related information.
Geant4Output2EDM4hep INFO  +++ Saving EDM4hep event 240 run 0.
GenerationInit   INFO  +++ Initializing event 242. Within run:0 event 242.
ParticleHandler  INFO  +++ Event 241 Begin event action. Access event related information.
Geant4Output2EDM4hep INFO  +++ Saving EDM4hep event 241 run 0.
GenerationInit   INFO  +++ Initializing event 243. Within run:0 event 243.
ParticleHandler  INFO  +++ Event 242 Begin event action. Access event related information.
Geant4Output2EDM4hep INFO  +++ Saving EDM4hep event 242 run 0.
GenerationInit   INFO  +++ Initializing event 244. Within run:0 event 244.
ParticleHandler  INFO  +++ Event 243 Begin event action. Access event related information.
Geant4Output2EDM4hep INFO  +++ Saving EDM4hep event 243 run 0.
GenerationInit   INFO  +++ Initializing event 245. Within run:0 event 245.
ParticleHandler  INFO  +++ Event 244 Begin event action. Access event related information.
Geant4Output2EDM4hep INFO  +++ Saving EDM4hep event 244 run 0.
GenerationInit   INFO  +++ Initializing event 246. Within run:0 event 246.
ParticleHandler  INFO  +++ Event 245 Begin event action. Access event related information.
Geant4Output2EDM4hep INFO  +++ Saving EDM4hep event 245 run 0.
GenerationInit   INFO  +++ Initializing event 247. Within run:0 event 247.
ParticleHandler  INFO  +++ Event 246 Begin event action. Access event related information.
Geant4Output2EDM4hep INFO  +++ Saving EDM4hep event 246 run 0.
GenerationInit   INFO  +++ Initializing event 248. Within run:0 event 248.
ParticleHandler  INFO  +++ Event 247 Begin event action. Access event related information.
Geant4Output2EDM4hep INFO  +++ Saving EDM4hep event 247 run 0.
GenerationInit   INFO  +++ Initializing event 249. Within run:0 event 249.
ParticleHandler  INFO  +++ Event 248 Begin event action. Access event related information.
Geant4Output2EDM4hep INFO  +++ Saving EDM4hep event 248 run 0.
GenerationInit   INFO  +++ Initializing event 250. Within run:0 event 250.
ParticleHandler  INFO  +++ Event 249 Begin event action. Access event related information.
Geant4Output2EDM4hep INFO  +++ Saving EDM4hep event 249 run 0.
GenerationInit   INFO  +++ Initializing event 251. Within run:0 event 251.
ParticleHandler  INFO  +++ Event 250 Begin event action. Access event related information.
Geant4Output2EDM4hep INFO  +++ Saving EDM4hep event 250 run 0.
GenerationInit   INFO  +++ Initializing event 252. Within run:0 event 252.
ParticleHandler  INFO  +++ Event 251 Begin event action. Access event related information.
Geant4Output2EDM4hep INFO  +++ Saving EDM4hep event 251 run 0.
GenerationInit   INFO  +++ Initializing event 253. Within run:0 event 253.
ParticleHandler  INFO  +++ Event 252 Begin event action. Access event related information.
Geant4Output2EDM4hep INFO  +++ Saving EDM4hep event 252 run 0.
GenerationInit   INFO  +++ Initializing event 254. Within run:0 event 254.
ParticleHandler  INFO  +++ Event 253 Begin event action. Access event related information.
Geant4Output2EDM4hep INFO  +++ Saving EDM4hep event 253 run 0.
GenerationInit   INFO  +++ Initializing event 255. Within run:0 event 255.
ParticleHandler  INFO  +++ Event 254 Begin event action. Access event related information.
Geant4Output2EDM4hep INFO  +++ Saving EDM4hep event 254 run 0.
GenerationInit   INFO  +++ Initializing event 256. Within run:0 event 256.
ParticleHandler  INFO  +++ Event 255 Begin event action. Access event related information.
Geant4Output2EDM4hep INFO  +++ Saving EDM4hep event 255 run 0.
GenerationInit   INFO  +++ Initializing event 257. Within run:0 event 257.
ParticleHandler  INFO  +++ Event 256 Begin event action. Access event related information.
Geant4Output2EDM4hep INFO  +++ Saving EDM4hep event 256 run 0.
GenerationInit   INFO  +++ Initializing event 258. Within run:0 event 258.
ParticleHandler  INFO  +++ Event 257 Begin event action. Access event related information.
Geant4Output2EDM4hep INFO  +++ Saving EDM4hep event 257 run 0.
GenerationInit   INFO  +++ Initializing event 259. Within run:0 event 259.
ParticleHandler  INFO  +++ Event 258 Begin event action. Access event related information.
Geant4Output2EDM4hep INFO  +++ Saving EDM4hep event 258 run 0.
GenerationInit   INFO  +++ Initializing event 260. Within run:0 event 260.
ParticleHandler  INFO  +++ Event 259 Begin event action. Access event related information.
Geant4Output2EDM4hep INFO  +++ Saving EDM4hep event 259 run 0.
GenerationInit   INFO  +++ Initializing event 261. Within run:0 event 261.
ParticleHandler  INFO  +++ Event 260 Begin event action. Access event related information.
Geant4Output2EDM4hep INFO  +++ Saving EDM4hep event 260 run 0.
GenerationInit   INFO  +++ Initializing event 262. Within run:0 event 262.
ParticleHandler  INFO  +++ Event 261 Begin event action. Access event related information.
Geant4Output2EDM4hep INFO  +++ Saving EDM4hep event 261 run 0.
GenerationInit   INFO  +++ Initializing event 263. Within run:0 event 263.
ParticleHandler  INFO  +++ Event 262 Begin event action. Access event related information.
Geant4Output2EDM4hep INFO  +++ Saving EDM4hep event 262 run 0.
GenerationInit   INFO  +++ Initializing event 264. Within run:0 event 264.
ParticleHandler  INFO  +++ Event 263 Begin event action. Access event related information.
Geant4Output2EDM4hep INFO  +++ Saving EDM4hep event 263 run 0.
GenerationInit   INFO  +++ Initializing event 265. Within run:0 event 265.
ParticleHandler  INFO  +++ Event 264 Begin event action. Access event related information.
Geant4Output2EDM4hep INFO  +++ Saving EDM4hep event 264 run 0.
GenerationInit   INFO  +++ Initializing event 266. Within run:0 event 266.
ParticleHandler  INFO  +++ Event 265 Begin event action. Access event related information.
Geant4Output2EDM4hep INFO  +++ Saving EDM4hep event 265 run 0.
GenerationInit   INFO  +++ Initializing event 267. Within run:0 event 267.
ParticleHandler  INFO  +++ Event 266 Begin event action. Access event related information.
Geant4Output2EDM4hep INFO  +++ Saving EDM4hep event 266 run 0.
GenerationInit   INFO  +++ Initializing event 268. Within run:0 event 268.
ParticleHandler  INFO  +++ Event 267 Begin event action. Access event related information.
Geant4Output2EDM4hep INFO  +++ Saving EDM4hep event 267 run 0.
GenerationInit   INFO  +++ Initializing event 269. Within run:0 event 269.
ParticleHandler  INFO  +++ Event 268 Begin event action. Access event related information.
Geant4Output2EDM4hep INFO  +++ Saving EDM4hep event 268 run 0.
GenerationInit   INFO  +++ Initializing event 270. Within run:0 event 270.
ParticleHandler  INFO  +++ Event 269 Begin event action. Access event related information.
Geant4Output2EDM4hep INFO  +++ Saving EDM4hep event 269 run 0.
GenerationInit   INFO  +++ Initializing event 271. Within run:0 event 271.
ParticleHandler  INFO  +++ Event 270 Begin event action. Access event related information.
Geant4Output2EDM4hep INFO  +++ Saving EDM4hep event 270 run 0.
GenerationInit   INFO  +++ Initializing event 272. Within run:0 event 272.
ParticleHandler  INFO  +++ Event 271 Begin event action. Access event related information.
Geant4Output2EDM4hep INFO  +++ Saving EDM4hep event 271 run 0.
GenerationInit   INFO  +++ Initializing event 273. Within run:0 event 273.
ParticleHandler  INFO  +++ Event 272 Begin event action. Access event related information.
Geant4Output2EDM4hep INFO  +++ Saving EDM4hep event 272 run 0.
GenerationInit   INFO  +++ Initializing event 274. Within run:0 event 274.
ParticleHandler  INFO  +++ Event 273 Begin event action. Access event related information.
Geant4Output2EDM4hep INFO  +++ Saving EDM4hep event 273 run 0.
GenerationInit   INFO  +++ Initializing event 275. Within run:0 event 275.
ParticleHandler  INFO  +++ Event 274 Begin event action. Access event related information.
Geant4Output2EDM4hep INFO  +++ Saving EDM4hep event 274 run 0.
GenerationInit   INFO  +++ Initializing event 276. Within run:0 event 276.
ParticleHandler  INFO  +++ Event 275 Begin event action. Access event related information.
Geant4Output2EDM4hep INFO  +++ Saving EDM4hep event 275 run 0.
GenerationInit   INFO  +++ Initializing event 277. Within run:0 event 277.
ParticleHandler  INFO  +++ Event 276 Begin event action. Access event related information.
Geant4Output2EDM4hep INFO  +++ Saving EDM4hep event 276 run 0.
GenerationInit   INFO  +++ Initializing event 278. Within run:0 event 278.
ParticleHandler  INFO  +++ Event 277 Begin event action. Access event related information.
Geant4Output2EDM4hep INFO  +++ Saving EDM4hep event 277 run 0.
GenerationInit   INFO  +++ Initializing event 279. Within run:0 event 279.
ParticleHandler  INFO  +++ Event 278 Begin event action. Access event related information.
Geant4Output2EDM4hep INFO  +++ Saving EDM4hep event 278 run 0.
GenerationInit   INFO  +++ Initializing event 280. Within run:0 event 280.
ParticleHandler  INFO  +++ Event 279 Begin event action. Access event related information.
Geant4Output2EDM4hep INFO  +++ Saving EDM4hep event 279 run 0.
GenerationInit   INFO  +++ Initializing event 281. Within run:0 event 281.
ParticleHandler  INFO  +++ Event 280 Begin event action. Access event related information.
Geant4Output2EDM4hep INFO  +++ Saving EDM4hep event 280 run 0.
GenerationInit   INFO  +++ Initializing event 282. Within run:0 event 282.
ParticleHandler  INFO  +++ Event 281 Begin event action. Access event related information.
Geant4Output2EDM4hep INFO  +++ Saving EDM4hep event 281 run 0.
GenerationInit   INFO  +++ Initializing event 283. Within run:0 event 283.
ParticleHandler  INFO  +++ Event 282 Begin event action. Access event related information.
Geant4Output2EDM4hep INFO  +++ Saving EDM4hep event 282 run 0.
GenerationInit   INFO  +++ Initializing event 284. Within run:0 event 284.
ParticleHandler  INFO  +++ Event 283 Begin event action. Access event related information.
Geant4Output2EDM4hep INFO  +++ Saving EDM4hep event 283 run 0.
GenerationInit   INFO  +++ Initializing event 285. Within run:0 event 285.
ParticleHandler  INFO  +++ Event 284 Begin event action. Access event related information.
Geant4Output2EDM4hep INFO  +++ Saving EDM4hep event 284 run 0.
GenerationInit   INFO  +++ Initializing event 286. Within run:0 event 286.
ParticleHandler  INFO  +++ Event 285 Begin event action. Access event related information.
Geant4Output2EDM4hep INFO  +++ Saving EDM4hep event 285 run 0.
GenerationInit   INFO  +++ Initializing event 287. Within run:0 event 287.
ParticleHandler  INFO  +++ Event 286 Begin event action. Access event related information.
Geant4Output2EDM4hep INFO  +++ Saving EDM4hep event 286 run 0.
GenerationInit   INFO  +++ Initializing event 288. Within run:0 event 288.
ParticleHandler  INFO  +++ Event 287 Begin event action. Access event related information.
Geant4Output2EDM4hep INFO  +++ Saving EDM4hep event 287 run 0.
GenerationInit   INFO  +++ Initializing event 289. Within run:0 event 289.
ParticleHandler  INFO  +++ Event 288 Begin event action. Access event related information.
Geant4Output2EDM4hep INFO  +++ Saving EDM4hep event 288 run 0.
GenerationInit   INFO  +++ Initializing event 290. Within run:0 event 290.
ParticleHandler  INFO  +++ Event 289 Begin event action. Access event related information.
Geant4Output2EDM4hep INFO  +++ Saving EDM4hep event 289 run 0.
GenerationInit   INFO  +++ Initializing event 291. Within run:0 event 291.
ParticleHandler  INFO  +++ Event 290 Begin event action. Access event related information.
Geant4Output2EDM4hep INFO  +++ Saving EDM4hep event 290 run 0.
GenerationInit   INFO  +++ Initializing event 292. Within run:0 event 292.
ParticleHandler  INFO  +++ Event 291 Begin event action. Access event related information.
Geant4Output2EDM4hep INFO  +++ Saving EDM4hep event 291 run 0.
GenerationInit   INFO  +++ Initializing event 293. Within run:0 event 293.
ParticleHandler  INFO  +++ Event 292 Begin event action. Access event related information.
Geant4Output2EDM4hep INFO  +++ Saving EDM4hep event 292 run 0.
GenerationInit   INFO  +++ Initializing event 294. Within run:0 event 294.
ParticleHandler  INFO  +++ Event 293 Begin event action. Access event related information.
Geant4Output2EDM4hep INFO  +++ Saving EDM4hep event 293 run 0.
GenerationInit   INFO  +++ Initializing event 295. Within run:0 event 295.
ParticleHandler  INFO  +++ Event 294 Begin event action. Access event related information.
Geant4Output2EDM4hep INFO  +++ Saving EDM4hep event 294 run 0.
GenerationInit   INFO  +++ Initializing event 296. Within run:0 event 296.
ParticleHandler  INFO  +++ Event 295 Begin event action. Access event related information.
Geant4Output2EDM4hep INFO  +++ Saving EDM4hep event 295 run 0.
GenerationInit   INFO  +++ Initializing event 297. Within run:0 event 297.
ParticleHandler  INFO  +++ Event 296 Begin event action. Access event related information.
Geant4Output2EDM4hep INFO  +++ Saving EDM4hep event 296 run 0.
GenerationInit   INFO  +++ Initializing event 298. Within run:0 event 298.
ParticleHandler  INFO  +++ Event 297 Begin event action. Access event related information.
Geant4Output2EDM4hep INFO  +++ Saving EDM4hep event 297 run 0.
GenerationInit   INFO  +++ Initializing event 299. Within run:0 event 299.
ParticleHandler  INFO  +++ Event 298 Begin event action. Access event related information.
Geant4Output2EDM4hep INFO  +++ Saving EDM4hep event 298 run 0.
GenerationInit   INFO  +++ Initializing event 300. Within run:0 event 300.
ParticleHandler  INFO  +++ Event 299 Begin event action. Access event related information.
Geant4Output2EDM4hep INFO  +++ Saving EDM4hep event 299 run 0.
GenerationInit   INFO  +++ Initializing event 301. Within run:0 event 301.
ParticleHandler  INFO  +++ Event 300 Begin event action. Access event related information.
Geant4Output2EDM4hep INFO  +++ Saving EDM4hep event 300 run 0.
GenerationInit   INFO  +++ Initializing event 302. Within run:0 event 302.
ParticleHandler  INFO  +++ Event 301 Begin event action. Access event related information.
Geant4Output2EDM4hep INFO  +++ Saving EDM4hep event 301 run 0.
GenerationInit   INFO  +++ Initializing event 303. Within run:0 event 303.
ParticleHandler  INFO  +++ Event 302 Begin event action. Access event related information.
Geant4Output2EDM4hep INFO  +++ Saving EDM4hep event 302 run 0.
GenerationInit   INFO  +++ Initializing event 304. Within run:0 event 304.
ParticleHandler  INFO  +++ Event 303 Begin event action. Access event related information.
Geant4Output2EDM4hep INFO  +++ Saving EDM4hep event 303 run 0.
GenerationInit   INFO  +++ Initializing event 305. Within run:0 event 305.
ParticleHandler  INFO  +++ Event 304 Begin event action. Access event related information.
Geant4Output2EDM4hep INFO  +++ Saving EDM4hep event 304 run 0.
GenerationInit   INFO  +++ Initializing event 306. Within run:0 event 306.
ParticleHandler  INFO  +++ Event 305 Begin event action. Access event related information.
Geant4Output2EDM4hep INFO  +++ Saving EDM4hep event 305 run 0.
GenerationInit   INFO  +++ Initializing event 307. Within run:0 event 307.
ParticleHandler  INFO  +++ Event 306 Begin event action. Access event related information.
Geant4Output2EDM4hep INFO  +++ Saving EDM4hep event 306 run 0.
GenerationInit   INFO  +++ Initializing event 308. Within run:0 event 308.
ParticleHandler  INFO  +++ Event 307 Begin event action. Access event related information.
Geant4Output2EDM4hep INFO  +++ Saving EDM4hep event 307 run 0.
GenerationInit   INFO  +++ Initializing event 309. Within run:0 event 309.
ParticleHandler  INFO  +++ Event 308 Begin event action. Access event related information.
Geant4Output2EDM4hep INFO  +++ Saving EDM4hep event 308 run 0.
GenerationInit   INFO  +++ Initializing event 310. Within run:0 event 310.
ParticleHandler  INFO  +++ Event 309 Begin event action. Access event related information.
Geant4Output2EDM4hep INFO  +++ Saving EDM4hep event 309 run 0.
GenerationInit   INFO  +++ Initializing event 311. Within run:0 event 311.
ParticleHandler  INFO  +++ Event 310 Begin event action. Access event related information.
Geant4Output2EDM4hep INFO  +++ Saving EDM4hep event 310 run 0.
GenerationInit   INFO  +++ Initializing event 312. Within run:0 event 312.
ParticleHandler  INFO  +++ Event 311 Begin event action. Access event related information.
Geant4Output2EDM4hep INFO  +++ Saving EDM4hep event 311 run 0.
GenerationInit   INFO  +++ Initializing event 313. Within run:0 event 313.
ParticleHandler  INFO  +++ Event 312 Begin event action. Access event related information.
Geant4Output2EDM4hep INFO  +++ Saving EDM4hep event 312 run 0.
GenerationInit   INFO  +++ Initializing event 314. Within run:0 event 314.
ParticleHandler  INFO  +++ Event 313 Begin event action. Access event related information.
Geant4Output2EDM4hep INFO  +++ Saving EDM4hep event 313 run 0.
GenerationInit   INFO  +++ Initializing event 315. Within run:0 event 315.
ParticleHandler  INFO  +++ Event 314 Begin event action. Access event related information.
Geant4Output2EDM4hep INFO  +++ Saving EDM4hep event 314 run 0.
GenerationInit   INFO  +++ Initializing event 316. Within run:0 event 316.
ParticleHandler  INFO  +++ Event 315 Begin event action. Access event related information.
Geant4Output2EDM4hep INFO  +++ Saving EDM4hep event 315 run 0.
GenerationInit   INFO  +++ Initializing event 317. Within run:0 event 317.
ParticleHandler  INFO  +++ Event 316 Begin event action. Access event related information.
Geant4Output2EDM4hep INFO  +++ Saving EDM4hep event 316 run 0.
GenerationInit   INFO  +++ Initializing event 318. Within run:0 event 318.
ParticleHandler  INFO  +++ Event 317 Begin event action. Access event related information.
Geant4Output2EDM4hep INFO  +++ Saving EDM4hep event 317 run 0.
GenerationInit   INFO  +++ Initializing event 319. Within run:0 event 319.
ParticleHandler  INFO  +++ Event 318 Begin event action. Access event related information.
Geant4Output2EDM4hep INFO  +++ Saving EDM4hep event 318 run 0.
GenerationInit   INFO  +++ Initializing event 320. Within run:0 event 320.
ParticleHandler  INFO  +++ Event 319 Begin event action. Access event related information.
Geant4Output2EDM4hep INFO  +++ Saving EDM4hep event 319 run 0.
GenerationInit   INFO  +++ Initializing event 321. Within run:0 event 321.
ParticleHandler  INFO  +++ Event 320 Begin event action. Access event related information.
Geant4Output2EDM4hep INFO  +++ Saving EDM4hep event 320 run 0.
GenerationInit   INFO  +++ Initializing event 322. Within run:0 event 322.
ParticleHandler  INFO  +++ Event 321 Begin event action. Access event related information.
Geant4Output2EDM4hep INFO  +++ Saving EDM4hep event 321 run 0.
GenerationInit   INFO  +++ Initializing event 323. Within run:0 event 323.
ParticleHandler  INFO  +++ Event 322 Begin event action. Access event related information.
Geant4Output2EDM4hep INFO  +++ Saving EDM4hep event 322 run 0.
GenerationInit   INFO  +++ Initializing event 324. Within run:0 event 324.
ParticleHandler  INFO  +++ Event 323 Begin event action. Access event related information.
Geant4Output2EDM4hep INFO  +++ Saving EDM4hep event 323 run 0.
GenerationInit   INFO  +++ Initializing event 325. Within run:0 event 325.
ParticleHandler  INFO  +++ Event 324 Begin event action. Access event related information.
Geant4Output2EDM4hep INFO  +++ Saving EDM4hep event 324 run 0.
GenerationInit   INFO  +++ Initializing event 326. Within run:0 event 326.
ParticleHandler  INFO  +++ Event 325 Begin event action. Access event related information.
Geant4Output2EDM4hep INFO  +++ Saving EDM4hep event 325 run 0.
GenerationInit   INFO  +++ Initializing event 327. Within run:0 event 327.
ParticleHandler  INFO  +++ Event 326 Begin event action. Access event related information.
Geant4Output2EDM4hep INFO  +++ Saving EDM4hep event 326 run 0.
GenerationInit   INFO  +++ Initializing event 328. Within run:0 event 328.
ParticleHandler  INFO  +++ Event 327 Begin event action. Access event related information.
Geant4Output2EDM4hep INFO  +++ Saving EDM4hep event 327 run 0.
GenerationInit   INFO  +++ Initializing event 329. Within run:0 event 329.
ParticleHandler  INFO  +++ Event 328 Begin event action. Access event related information.
Geant4Output2EDM4hep INFO  +++ Saving EDM4hep event 328 run 0.
GenerationInit   INFO  +++ Initializing event 330. Within run:0 event 330.
ParticleHandler  INFO  +++ Event 329 Begin event action. Access event related information.
Geant4Output2EDM4hep INFO  +++ Saving EDM4hep event 329 run 0.
GenerationInit   INFO  +++ Initializing event 331. Within run:0 event 331.
ParticleHandler  INFO  +++ Event 330 Begin event action. Access event related information.
Geant4Output2EDM4hep INFO  +++ Saving EDM4hep event 330 run 0.
GenerationInit   INFO  +++ Initializing event 332. Within run:0 event 332.
ParticleHandler  INFO  +++ Event 331 Begin event action. Access event related information.
Geant4Output2EDM4hep INFO  +++ Saving EDM4hep event 331 run 0.
GenerationInit   INFO  +++ Initializing event 333. Within run:0 event 333.
ParticleHandler  INFO  +++ Event 332 Begin event action. Access event related information.
Geant4Output2EDM4hep INFO  +++ Saving EDM4hep event 332 run 0.
GenerationInit   INFO  +++ Initializing event 334. Within run:0 event 334.
ParticleHandler  INFO  +++ Event 333 Begin event action. Access event related information.
Geant4Output2EDM4hep INFO  +++ Saving EDM4hep event 333 run 0.
GenerationInit   INFO  +++ Initializing event 335. Within run:0 event 335.
ParticleHandler  INFO  +++ Event 334 Begin event action. Access event related information.
Geant4Output2EDM4hep INFO  +++ Saving EDM4hep event 334 run 0.
GenerationInit   INFO  +++ Initializing event 336. Within run:0 event 336.
ParticleHandler  INFO  +++ Event 335 Begin event action. Access event related information.
Geant4Output2EDM4hep INFO  +++ Saving EDM4hep event 335 run 0.
GenerationInit   INFO  +++ Initializing event 337. Within run:0 event 337.
ParticleHandler  INFO  +++ Event 336 Begin event action. Access event related information.
Geant4Output2EDM4hep INFO  +++ Saving EDM4hep event 336 run 0.
GenerationInit   INFO  +++ Initializing event 338. Within run:0 event 338.
ParticleHandler  INFO  +++ Event 337 Begin event action. Access event related information.
Geant4Output2EDM4hep INFO  +++ Saving EDM4hep event 337 run 0.
GenerationInit   INFO  +++ Initializing event 339. Within run:0 event 339.
ParticleHandler  INFO  +++ Event 338 Begin event action. Access event related information.
Geant4Output2EDM4hep INFO  +++ Saving EDM4hep event 338 run 0.
GenerationInit   INFO  +++ Initializing event 340. Within run:0 event 340.
ParticleHandler  INFO  +++ Event 339 Begin event action. Access event related information.
Geant4Output2EDM4hep INFO  +++ Saving EDM4hep event 339 run 0.
GenerationInit   INFO  +++ Initializing event 341. Within run:0 event 341.
ParticleHandler  INFO  +++ Event 340 Begin event action. Access event related information.
Geant4Output2EDM4hep INFO  +++ Saving EDM4hep event 340 run 0.
GenerationInit   INFO  +++ Initializing event 342. Within run:0 event 342.
ParticleHandler  INFO  +++ Event 341 Begin event action. Access event related information.
Geant4Output2EDM4hep INFO  +++ Saving EDM4hep event 341 run 0.
GenerationInit   INFO  +++ Initializing event 343. Within run:0 event 343.
ParticleHandler  INFO  +++ Event 342 Begin event action. Access event related information.
Geant4Output2EDM4hep INFO  +++ Saving EDM4hep event 342 run 0.
GenerationInit   INFO  +++ Initializing event 344. Within run:0 event 344.
ParticleHandler  INFO  +++ Event 343 Begin event action. Access event related information.
Geant4Output2EDM4hep INFO  +++ Saving EDM4hep event 343 run 0.
GenerationInit   INFO  +++ Initializing event 345. Within run:0 event 345.
ParticleHandler  INFO  +++ Event 344 Begin event action. Access event related information.
Geant4Output2EDM4hep INFO  +++ Saving EDM4hep event 344 run 0.
GenerationInit   INFO  +++ Initializing event 346. Within run:0 event 346.
ParticleHandler  INFO  +++ Event 345 Begin event action. Access event related information.
Geant4Output2EDM4hep INFO  +++ Saving EDM4hep event 345 run 0.
GenerationInit   INFO  +++ Initializing event 347. Within run:0 event 347.
ParticleHandler  INFO  +++ Event 346 Begin event action. Access event related information.
Geant4Output2EDM4hep INFO  +++ Saving EDM4hep event 346 run 0.
GenerationInit   INFO  +++ Initializing event 348. Within run:0 event 348.
ParticleHandler  INFO  +++ Event 347 Begin event action. Access event related information.
Geant4Output2EDM4hep INFO  +++ Saving EDM4hep event 347 run 0.
GenerationInit   INFO  +++ Initializing event 349. Within run:0 event 349.
ParticleHandler  INFO  +++ Event 348 Begin event action. Access event related information.
Geant4Output2EDM4hep INFO  +++ Saving EDM4hep event 348 run 0.
GenerationInit   INFO  +++ Initializing event 350. Within run:0 event 350.
ParticleHandler  INFO  +++ Event 349 Begin event action. Access event related information.
Geant4Output2EDM4hep INFO  +++ Saving EDM4hep event 349 run 0.
GenerationInit   INFO  +++ Initializing event 351. Within run:0 event 351.
ParticleHandler  INFO  +++ Event 350 Begin event action. Access event related information.
Geant4Output2EDM4hep INFO  +++ Saving EDM4hep event 350 run 0.
GenerationInit   INFO  +++ Initializing event 352. Within run:0 event 352.
ParticleHandler  INFO  +++ Event 351 Begin event action. Access event related information.
Geant4Output2EDM4hep INFO  +++ Saving EDM4hep event 351 run 0.
GenerationInit   INFO  +++ Initializing event 353. Within run:0 event 353.
ParticleHandler  INFO  +++ Event 352 Begin event action. Access event related information.
Geant4Output2EDM4hep INFO  +++ Saving EDM4hep event 352 run 0.
GenerationInit   INFO  +++ Initializing event 354. Within run:0 event 354.
ParticleHandler  INFO  +++ Event 353 Begin event action. Access event related information.
Geant4Output2EDM4hep INFO  +++ Saving EDM4hep event 353 run 0.
GenerationInit   INFO  +++ Initializing event 355. Within run:0 event 355.
ParticleHandler  INFO  +++ Event 354 Begin event action. Access event related information.
Geant4Output2EDM4hep INFO  +++ Saving EDM4hep event 354 run 0.
GenerationInit   INFO  +++ Initializing event 356. Within run:0 event 356.
ParticleHandler  INFO  +++ Event 355 Begin event action. Access event related information.
Geant4Output2EDM4hep INFO  +++ Saving EDM4hep event 355 run 0.
GenerationInit   INFO  +++ Initializing event 357. Within run:0 event 357.
ParticleHandler  INFO  +++ Event 356 Begin event action. Access event related information.
Geant4Output2EDM4hep INFO  +++ Saving EDM4hep event 356 run 0.
GenerationInit   INFO  +++ Initializing event 358. Within run:0 event 358.
ParticleHandler  INFO  +++ Event 357 Begin event action. Access event related information.
Geant4Output2EDM4hep INFO  +++ Saving EDM4hep event 357 run 0.
GenerationInit   INFO  +++ Initializing event 359. Within run:0 event 359.
ParticleHandler  INFO  +++ Event 358 Begin event action. Access event related information.
Geant4Output2EDM4hep INFO  +++ Saving EDM4hep event 358 run 0.
GenerationInit   INFO  +++ Initializing event 360. Within run:0 event 360.
ParticleHandler  INFO  +++ Event 359 Begin event action. Access event related information.
Geant4Output2EDM4hep INFO  +++ Saving EDM4hep event 359 run 0.
GenerationInit   INFO  +++ Initializing event 361. Within run:0 event 361.
ParticleHandler  INFO  +++ Event 360 Begin event action. Access event related information.
Geant4Output2EDM4hep INFO  +++ Saving EDM4hep event 360 run 0.
GenerationInit   INFO  +++ Initializing event 362. Within run:0 event 362.
ParticleHandler  INFO  +++ Event 361 Begin event action. Access event related information.
Geant4Output2EDM4hep INFO  +++ Saving EDM4hep event 361 run 0.
GenerationInit   INFO  +++ Initializing event 363. Within run:0 event 363.
ParticleHandler  INFO  +++ Event 362 Begin event action. Access event related information.
Geant4Output2EDM4hep INFO  +++ Saving EDM4hep event 362 run 0.
GenerationInit   INFO  +++ Initializing event 364. Within run:0 event 364.
ParticleHandler  INFO  +++ Event 363 Begin event action. Access event related information.
Geant4Output2EDM4hep INFO  +++ Saving EDM4hep event 363 run 0.
GenerationInit   INFO  +++ Initializing event 365. Within run:0 event 365.
ParticleHandler  INFO  +++ Event 364 Begin event action. Access event related information.
Geant4Output2EDM4hep INFO  +++ Saving EDM4hep event 364 run 0.
GenerationInit   INFO  +++ Initializing event 366. Within run:0 event 366.
ParticleHandler  INFO  +++ Event 365 Begin event action. Access event related information.
Geant4Output2EDM4hep INFO  +++ Saving EDM4hep event 365 run 0.
GenerationInit   INFO  +++ Initializing event 367. Within run:0 event 367.
ParticleHandler  INFO  +++ Event 366 Begin event action. Access event related information.
Geant4Output2EDM4hep INFO  +++ Saving EDM4hep event 366 run 0.
GenerationInit   INFO  +++ Initializing event 368. Within run:0 event 368.
ParticleHandler  INFO  +++ Event 367 Begin event action. Access event related information.
Geant4Output2EDM4hep INFO  +++ Saving EDM4hep event 367 run 0.
GenerationInit   INFO  +++ Initializing event 369. Within run:0 event 369.
ParticleHandler  INFO  +++ Event 368 Begin event action. Access event related information.
Geant4Output2EDM4hep INFO  +++ Saving EDM4hep event 368 run 0.
GenerationInit   INFO  +++ Initializing event 370. Within run:0 event 370.
ParticleHandler  INFO  +++ Event 369 Begin event action. Access event related information.
Geant4Output2EDM4hep INFO  +++ Saving EDM4hep event 369 run 0.
GenerationInit   INFO  +++ Initializing event 371. Within run:0 event 371.
ParticleHandler  INFO  +++ Event 370 Begin event action. Access event related information.
Geant4Output2EDM4hep INFO  +++ Saving EDM4hep event 370 run 0.
GenerationInit   INFO  +++ Initializing event 372. Within run:0 event 372.
ParticleHandler  INFO  +++ Event 371 Begin event action. Access event related information.
Geant4Output2EDM4hep INFO  +++ Saving EDM4hep event 371 run 0.
GenerationInit   INFO  +++ Initializing event 373. Within run:0 event 373.
ParticleHandler  INFO  +++ Event 372 Begin event action. Access event related information.
Geant4Output2EDM4hep INFO  +++ Saving EDM4hep event 372 run 0.
GenerationInit   INFO  +++ Initializing event 374. Within run:0 event 374.
ParticleHandler  INFO  +++ Event 373 Begin event action. Access event related information.
Geant4Output2EDM4hep INFO  +++ Saving EDM4hep event 373 run 0.
GenerationInit   INFO  +++ Initializing event 375. Within run:0 event 375.
ParticleHandler  INFO  +++ Event 374 Begin event action. Access event related information.
Geant4Output2EDM4hep INFO  +++ Saving EDM4hep event 374 run 0.
GenerationInit   INFO  +++ Initializing event 376. Within run:0 event 376.
ParticleHandler  INFO  +++ Event 375 Begin event action. Access event related information.
Geant4Output2EDM4hep INFO  +++ Saving EDM4hep event 375 run 0.
GenerationInit   INFO  +++ Initializing event 377. Within run:0 event 377.
ParticleHandler  INFO  +++ Event 376 Begin event action. Access event related information.
Geant4Output2EDM4hep INFO  +++ Saving EDM4hep event 376 run 0.
GenerationInit   INFO  +++ Initializing event 378. Within run:0 event 378.
ParticleHandler  INFO  +++ Event 377 Begin event action. Access event related information.
Geant4Output2EDM4hep INFO  +++ Saving EDM4hep event 377 run 0.
GenerationInit   INFO  +++ Initializing event 379. Within run:0 event 379.
ParticleHandler  INFO  +++ Event 378 Begin event action. Access event related information.
Geant4Output2EDM4hep INFO  +++ Saving EDM4hep event 378 run 0.
GenerationInit   INFO  +++ Initializing event 380. Within run:0 event 380.
ParticleHandler  INFO  +++ Event 379 Begin event action. Access event related information.
Geant4Output2EDM4hep INFO  +++ Saving EDM4hep event 379 run 0.
GenerationInit   INFO  +++ Initializing event 381. Within run:0 event 381.
ParticleHandler  INFO  +++ Event 380 Begin event action. Access event related information.
Geant4Output2EDM4hep INFO  +++ Saving EDM4hep event 380 run 0.
GenerationInit   INFO  +++ Initializing event 382. Within run:0 event 382.
ParticleHandler  INFO  +++ Event 381 Begin event action. Access event related information.
Geant4Output2EDM4hep INFO  +++ Saving EDM4hep event 381 run 0.
GenerationInit   INFO  +++ Initializing event 383. Within run:0 event 383.
ParticleHandler  INFO  +++ Event 382 Begin event action. Access event related information.
Geant4Output2EDM4hep INFO  +++ Saving EDM4hep event 382 run 0.
GenerationInit   INFO  +++ Initializing event 384. Within run:0 event 384.
ParticleHandler  INFO  +++ Event 383 Begin event action. Access event related information.
Geant4Output2EDM4hep INFO  +++ Saving EDM4hep event 383 run 0.
GenerationInit   INFO  +++ Initializing event 385. Within run:0 event 385.
ParticleHandler  INFO  +++ Event 384 Begin event action. Access event related information.
Geant4Output2EDM4hep INFO  +++ Saving EDM4hep event 384 run 0.
GenerationInit   INFO  +++ Initializing event 386. Within run:0 event 386.
ParticleHandler  INFO  +++ Event 385 Begin event action. Access event related information.
Geant4Output2EDM4hep INFO  +++ Saving EDM4hep event 385 run 0.
GenerationInit   INFO  +++ Initializing event 387. Within run:0 event 387.
ParticleHandler  INFO  +++ Event 386 Begin event action. Access event related information.
Geant4Output2EDM4hep INFO  +++ Saving EDM4hep event 386 run 0.
GenerationInit   INFO  +++ Initializing event 388. Within run:0 event 388.
ParticleHandler  INFO  +++ Event 387 Begin event action. Access event related information.
Geant4Output2EDM4hep INFO  +++ Saving EDM4hep event 387 run 0.
GenerationInit   INFO  +++ Initializing event 389. Within run:0 event 389.
ParticleHandler  INFO  +++ Event 388 Begin event action. Access event related information.
Geant4Output2EDM4hep INFO  +++ Saving EDM4hep event 388 run 0.
GenerationInit   INFO  +++ Initializing event 390. Within run:0 event 390.
ParticleHandler  INFO  +++ Event 389 Begin event action. Access event related information.
Geant4Output2EDM4hep INFO  +++ Saving EDM4hep event 389 run 0.
GenerationInit   INFO  +++ Initializing event 391. Within run:0 event 391.
ParticleHandler  INFO  +++ Event 390 Begin event action. Access event related information.
Geant4Output2EDM4hep INFO  +++ Saving EDM4hep event 390 run 0.
GenerationInit   INFO  +++ Initializing event 392. Within run:0 event 392.
ParticleHandler  INFO  +++ Event 391 Begin event action. Access event related information.
Geant4Output2EDM4hep INFO  +++ Saving EDM4hep event 391 run 0.
GenerationInit   INFO  +++ Initializing event 393. Within run:0 event 393.
ParticleHandler  INFO  +++ Event 392 Begin event action. Access event related information.
Geant4Output2EDM4hep INFO  +++ Saving EDM4hep event 392 run 0.
GenerationInit   INFO  +++ Initializing event 394. Within run:0 event 394.
ParticleHandler  INFO  +++ Event 393 Begin event action. Access event related information.
Geant4Output2EDM4hep INFO  +++ Saving EDM4hep event 393 run 0.
GenerationInit   INFO  +++ Initializing event 395. Within run:0 event 395.
ParticleHandler  INFO  +++ Event 394 Begin event action. Access event related information.
Geant4Output2EDM4hep INFO  +++ Saving EDM4hep event 394 run 0.
GenerationInit   INFO  +++ Initializing event 396. Within run:0 event 396.
ParticleHandler  INFO  +++ Event 395 Begin event action. Access event related information.
Geant4Output2EDM4hep INFO  +++ Saving EDM4hep event 395 run 0.
GenerationInit   INFO  +++ Initializing event 397. Within run:0 event 397.
ParticleHandler  INFO  +++ Event 396 Begin event action. Access event related information.
Geant4Output2EDM4hep INFO  +++ Saving EDM4hep event 396 run 0.
GenerationInit   INFO  +++ Initializing event 398. Within run:0 event 398.
ParticleHandler  INFO  +++ Event 397 Begin event action. Access event related information.
Geant4Output2EDM4hep INFO  +++ Saving EDM4hep event 397 run 0.
GenerationInit   INFO  +++ Initializing event 399. Within run:0 event 399.
ParticleHandler  INFO  +++ Event 398 Begin event action. Access event related information.
Geant4Output2EDM4hep INFO  +++ Saving EDM4hep event 398 run 0.
GenerationInit   INFO  +++ Initializing event 400. Within run:0 event 400.
ParticleHandler  INFO  +++ Event 399 Begin event action. Access event related information.
Geant4Output2EDM4hep INFO  +++ Saving EDM4hep event 399 run 0.
GenerationInit   INFO  +++ Initializing event 401. Within run:0 event 401.
ParticleHandler  INFO  +++ Event 400 Begin event action. Access event related information.
Geant4Output2EDM4hep INFO  +++ Saving EDM4hep event 400 run 0.
GenerationInit   INFO  +++ Initializing event 402. Within run:0 event 402.
ParticleHandler  INFO  +++ Event 401 Begin event action. Access event related information.
Geant4Output2EDM4hep INFO  +++ Saving EDM4hep event 401 run 0.
GenerationInit   INFO  +++ Initializing event 403. Within run:0 event 403.
ParticleHandler  INFO  +++ Event 402 Begin event action. Access event related information.
Geant4Output2EDM4hep INFO  +++ Saving EDM4hep event 402 run 0.
GenerationInit   INFO  +++ Initializing event 404. Within run:0 event 404.
ParticleHandler  INFO  +++ Event 403 Begin event action. Access event related information.
Geant4Output2EDM4hep INFO  +++ Saving EDM4hep event 403 run 0.
GenerationInit   INFO  +++ Initializing event 405. Within run:0 event 405.
ParticleHandler  INFO  +++ Event 404 Begin event action. Access event related information.
Geant4Output2EDM4hep INFO  +++ Saving EDM4hep event 404 run 0.
GenerationInit   INFO  +++ Initializing event 406. Within run:0 event 406.
ParticleHandler  INFO  +++ Event 405 Begin event action. Access event related information.
Geant4Output2EDM4hep INFO  +++ Saving EDM4hep event 405 run 0.
GenerationInit   INFO  +++ Initializing event 407. Within run:0 event 407.
ParticleHandler  INFO  +++ Event 406 Begin event action. Access event related information.
Geant4Output2EDM4hep INFO  +++ Saving EDM4hep event 406 run 0.
GenerationInit   INFO  +++ Initializing event 408. Within run:0 event 408.
ParticleHandler  INFO  +++ Event 407 Begin event action. Access event related information.
Geant4Output2EDM4hep INFO  +++ Saving EDM4hep event 407 run 0.
GenerationInit   INFO  +++ Initializing event 409. Within run:0 event 409.
ParticleHandler  INFO  +++ Event 408 Begin event action. Access event related information.
Geant4Output2EDM4hep INFO  +++ Saving EDM4hep event 408 run 0.
GenerationInit   INFO  +++ Initializing event 410. Within run:0 event 410.
ParticleHandler  INFO  +++ Event 409 Begin event action. Access event related information.
Geant4Output2EDM4hep INFO  +++ Saving EDM4hep event 409 run 0.
GenerationInit   INFO  +++ Initializing event 411. Within run:0 event 411.
ParticleHandler  INFO  +++ Event 410 Begin event action. Access event related information.
Geant4Output2EDM4hep INFO  +++ Saving EDM4hep event 410 run 0.
GenerationInit   INFO  +++ Initializing event 412. Within run:0 event 412.
ParticleHandler  INFO  +++ Event 411 Begin event action. Access event related information.
Geant4Output2EDM4hep INFO  +++ Saving EDM4hep event 411 run 0.
GenerationInit   INFO  +++ Initializing event 413. Within run:0 event 413.
ParticleHandler  INFO  +++ Event 412 Begin event action. Access event related information.
Geant4Output2EDM4hep INFO  +++ Saving EDM4hep event 412 run 0.
GenerationInit   INFO  +++ Initializing event 414. Within run:0 event 414.
ParticleHandler  INFO  +++ Event 413 Begin event action. Access event related information.
Geant4Output2EDM4hep INFO  +++ Saving EDM4hep event 413 run 0.
GenerationInit   INFO  +++ Initializing event 415. Within run:0 event 415.
ParticleHandler  INFO  +++ Event 414 Begin event action. Access event related information.
Geant4Output2EDM4hep INFO  +++ Saving EDM4hep event 414 run 0.
GenerationInit   INFO  +++ Initializing event 416. Within run:0 event 416.
ParticleHandler  INFO  +++ Event 415 Begin event action. Access event related information.
Geant4Output2EDM4hep INFO  +++ Saving EDM4hep event 415 run 0.
GenerationInit   INFO  +++ Initializing event 417. Within run:0 event 417.
ParticleHandler  INFO  +++ Event 416 Begin event action. Access event related information.
Geant4Output2EDM4hep INFO  +++ Saving EDM4hep event 416 run 0.
GenerationInit   INFO  +++ Initializing event 418. Within run:0 event 418.
ParticleHandler  INFO  +++ Event 417 Begin event action. Access event related information.
Geant4Output2EDM4hep INFO  +++ Saving EDM4hep event 417 run 0.
GenerationInit   INFO  +++ Initializing event 419. Within run:0 event 419.
ParticleHandler  INFO  +++ Event 418 Begin event action. Access event related information.
Geant4Output2EDM4hep INFO  +++ Saving EDM4hep event 418 run 0.
GenerationInit   INFO  +++ Initializing event 420. Within run:0 event 420.
ParticleHandler  INFO  +++ Event 419 Begin event action. Access event related information.
Geant4Output2EDM4hep INFO  +++ Saving EDM4hep event 419 run 0.
GenerationInit   INFO  +++ Initializing event 421. Within run:0 event 421.
ParticleHandler  INFO  +++ Event 420 Begin event action. Access event related information.
Geant4Output2EDM4hep INFO  +++ Saving EDM4hep event 420 run 0.
GenerationInit   INFO  +++ Initializing event 422. Within run:0 event 422.
ParticleHandler  INFO  +++ Event 421 Begin event action. Access event related information.
Geant4Output2EDM4hep INFO  +++ Saving EDM4hep event 421 run 0.
GenerationInit   INFO  +++ Initializing event 423. Within run:0 event 423.
ParticleHandler  INFO  +++ Event 422 Begin event action. Access event related information.
Geant4Output2EDM4hep INFO  +++ Saving EDM4hep event 422 run 0.
GenerationInit   INFO  +++ Initializing event 424. Within run:0 event 424.
ParticleHandler  INFO  +++ Event 423 Begin event action. Access event related information.
Geant4Output2EDM4hep INFO  +++ Saving EDM4hep event 423 run 0.
GenerationInit   INFO  +++ Initializing event 425. Within run:0 event 425.
ParticleHandler  INFO  +++ Event 424 Begin event action. Access event related information.
Geant4Output2EDM4hep INFO  +++ Saving EDM4hep event 424 run 0.
GenerationInit   INFO  +++ Initializing event 426. Within run:0 event 426.
ParticleHandler  INFO  +++ Event 425 Begin event action. Access event related information.
Geant4Output2EDM4hep INFO  +++ Saving EDM4hep event 425 run 0.
GenerationInit   INFO  +++ Initializing event 427. Within run:0 event 427.
ParticleHandler  INFO  +++ Event 426 Begin event action. Access event related information.
Geant4Output2EDM4hep INFO  +++ Saving EDM4hep event 426 run 0.
GenerationInit   INFO  +++ Initializing event 428. Within run:0 event 428.
ParticleHandler  INFO  +++ Event 427 Begin event action. Access event related information.
Geant4Output2EDM4hep INFO  +++ Saving EDM4hep event 427 run 0.
GenerationInit   INFO  +++ Initializing event 429. Within run:0 event 429.
ParticleHandler  INFO  +++ Event 428 Begin event action. Access event related information.
Geant4Output2EDM4hep INFO  +++ Saving EDM4hep event 428 run 0.
GenerationInit   INFO  +++ Initializing event 430. Within run:0 event 430.
ParticleHandler  INFO  +++ Event 429 Begin event action. Access event related information.
Geant4Output2EDM4hep INFO  +++ Saving EDM4hep event 429 run 0.
GenerationInit   INFO  +++ Initializing event 431. Within run:0 event 431.
ParticleHandler  INFO  +++ Event 430 Begin event action. Access event related information.
Geant4Output2EDM4hep INFO  +++ Saving EDM4hep event 430 run 0.
GenerationInit   INFO  +++ Initializing event 432. Within run:0 event 432.
ParticleHandler  INFO  +++ Event 431 Begin event action. Access event related information.
Geant4Output2EDM4hep INFO  +++ Saving EDM4hep event 431 run 0.
GenerationInit   INFO  +++ Initializing event 433. Within run:0 event 433.
ParticleHandler  INFO  +++ Event 432 Begin event action. Access event related information.
Geant4Output2EDM4hep INFO  +++ Saving EDM4hep event 432 run 0.
GenerationInit   INFO  +++ Initializing event 434. Within run:0 event 434.
ParticleHandler  INFO  +++ Event 433 Begin event action. Access event related information.
Geant4Output2EDM4hep INFO  +++ Saving EDM4hep event 433 run 0.
GenerationInit   INFO  +++ Initializing event 435. Within run:0 event 435.
ParticleHandler  INFO  +++ Event 434 Begin event action. Access event related information.
Geant4Output2EDM4hep INFO  +++ Saving EDM4hep event 434 run 0.
GenerationInit   INFO  +++ Initializing event 436. Within run:0 event 436.
ParticleHandler  INFO  +++ Event 435 Begin event action. Access event related information.
Geant4Output2EDM4hep INFO  +++ Saving EDM4hep event 435 run 0.
GenerationInit   INFO  +++ Initializing event 437. Within run:0 event 437.
ParticleHandler  INFO  +++ Event 436 Begin event action. Access event related information.
Geant4Output2EDM4hep INFO  +++ Saving EDM4hep event 436 run 0.
GenerationInit   INFO  +++ Initializing event 438. Within run:0 event 438.
ParticleHandler  INFO  +++ Event 437 Begin event action. Access event related information.
Geant4Output2EDM4hep INFO  +++ Saving EDM4hep event 437 run 0.
GenerationInit   INFO  +++ Initializing event 439. Within run:0 event 439.
ParticleHandler  INFO  +++ Event 438 Begin event action. Access event related information.
Geant4Output2EDM4hep INFO  +++ Saving EDM4hep event 438 run 0.
GenerationInit   INFO  +++ Initializing event 440. Within run:0 event 440.
ParticleHandler  INFO  +++ Event 439 Begin event action. Access event related information.
Geant4Output2EDM4hep INFO  +++ Saving EDM4hep event 439 run 0.
GenerationInit   INFO  +++ Initializing event 441. Within run:0 event 441.
ParticleHandler  INFO  +++ Event 440 Begin event action. Access event related information.
Geant4Output2EDM4hep INFO  +++ Saving EDM4hep event 440 run 0.
GenerationInit   INFO  +++ Initializing event 442. Within run:0 event 442.
ParticleHandler  INFO  +++ Event 441 Begin event action. Access event related information.
Geant4Output2EDM4hep INFO  +++ Saving EDM4hep event 441 run 0.
GenerationInit   INFO  +++ Initializing event 443. Within run:0 event 443.
ParticleHandler  INFO  +++ Event 442 Begin event action. Access event related information.
Geant4Output2EDM4hep INFO  +++ Saving EDM4hep event 442 run 0.
GenerationInit   INFO  +++ Initializing event 444. Within run:0 event 444.
ParticleHandler  INFO  +++ Event 443 Begin event action. Access event related information.
Geant4Output2EDM4hep INFO  +++ Saving EDM4hep event 443 run 0.
GenerationInit   INFO  +++ Initializing event 445. Within run:0 event 445.
ParticleHandler  INFO  +++ Event 444 Begin event action. Access event related information.
Geant4Output2EDM4hep INFO  +++ Saving EDM4hep event 444 run 0.
GenerationInit   INFO  +++ Initializing event 446. Within run:0 event 446.
ParticleHandler  INFO  +++ Event 445 Begin event action. Access event related information.
Geant4Output2EDM4hep INFO  +++ Saving EDM4hep event 445 run 0.
GenerationInit   INFO  +++ Initializing event 447. Within run:0 event 447.
ParticleHandler  INFO  +++ Event 446 Begin event action. Access event related information.
Geant4Output2EDM4hep INFO  +++ Saving EDM4hep event 446 run 0.
GenerationInit   INFO  +++ Initializing event 448. Within run:0 event 448.
ParticleHandler  INFO  +++ Event 447 Begin event action. Access event related information.
Geant4Output2EDM4hep INFO  +++ Saving EDM4hep event 447 run 0.
GenerationInit   INFO  +++ Initializing event 449. Within run:0 event 449.
ParticleHandler  INFO  +++ Event 448 Begin event action. Access event related information.
Geant4Output2EDM4hep INFO  +++ Saving EDM4hep event 448 run 0.
GenerationInit   INFO  +++ Initializing event 450. Within run:0 event 450.
ParticleHandler  INFO  +++ Event 449 Begin event action. Access event related information.
Geant4Output2EDM4hep INFO  +++ Saving EDM4hep event 449 run 0.
GenerationInit   INFO  +++ Initializing event 451. Within run:0 event 451.
ParticleHandler  INFO  +++ Event 450 Begin event action. Access event related information.
Geant4Output2EDM4hep INFO  +++ Saving EDM4hep event 450 run 0.
GenerationInit   INFO  +++ Initializing event 452. Within run:0 event 452.
ParticleHandler  INFO  +++ Event 451 Begin event action. Access event related information.
Geant4Output2EDM4hep INFO  +++ Saving EDM4hep event 451 run 0.
GenerationInit   INFO  +++ Initializing event 453. Within run:0 event 453.
ParticleHandler  INFO  +++ Event 452 Begin event action. Access event related information.
Geant4Output2EDM4hep INFO  +++ Saving EDM4hep event 452 run 0.
GenerationInit   INFO  +++ Initializing event 454. Within run:0 event 454.
ParticleHandler  INFO  +++ Event 453 Begin event action. Access event related information.
Geant4Output2EDM4hep INFO  +++ Saving EDM4hep event 453 run 0.
GenerationInit   INFO  +++ Initializing event 455. Within run:0 event 455.
ParticleHandler  INFO  +++ Event 454 Begin event action. Access event related information.
Geant4Output2EDM4hep INFO  +++ Saving EDM4hep event 454 run 0.
GenerationInit   INFO  +++ Initializing event 456. Within run:0 event 456.
ParticleHandler  INFO  +++ Event 455 Begin event action. Access event related information.
Geant4Output2EDM4hep INFO  +++ Saving EDM4hep event 455 run 0.
GenerationInit   INFO  +++ Initializing event 457. Within run:0 event 457.
ParticleHandler  INFO  +++ Event 456 Begin event action. Access event related information.
Geant4Output2EDM4hep INFO  +++ Saving EDM4hep event 456 run 0.
GenerationInit   INFO  +++ Initializing event 458. Within run:0 event 458.
ParticleHandler  INFO  +++ Event 457 Begin event action. Access event related information.
Geant4Output2EDM4hep INFO  +++ Saving EDM4hep event 457 run 0.
GenerationInit   INFO  +++ Initializing event 459. Within run:0 event 459.
ParticleHandler  INFO  +++ Event 458 Begin event action. Access event related information.
Geant4Output2EDM4hep INFO  +++ Saving EDM4hep event 458 run 0.
GenerationInit   INFO  +++ Initializing event 460. Within run:0 event 460.
ParticleHandler  INFO  +++ Event 459 Begin event action. Access event related information.
Geant4Output2EDM4hep INFO  +++ Saving EDM4hep event 459 run 0.
GenerationInit   INFO  +++ Initializing event 461. Within run:0 event 461.
ParticleHandler  INFO  +++ Event 460 Begin event action. Access event related information.
Geant4Output2EDM4hep INFO  +++ Saving EDM4hep event 460 run 0.
GenerationInit   INFO  +++ Initializing event 462. Within run:0 event 462.
ParticleHandler  INFO  +++ Event 461 Begin event action. Access event related information.
Geant4Output2EDM4hep INFO  +++ Saving EDM4hep event 461 run 0.
GenerationInit   INFO  +++ Initializing event 463. Within run:0 event 463.
ParticleHandler  INFO  +++ Event 462 Begin event action. Access event related information.
Geant4Output2EDM4hep INFO  +++ Saving EDM4hep event 462 run 0.
GenerationInit   INFO  +++ Initializing event 464. Within run:0 event 464.
ParticleHandler  INFO  +++ Event 463 Begin event action. Access event related information.
Geant4Output2EDM4hep INFO  +++ Saving EDM4hep event 463 run 0.
GenerationInit   INFO  +++ Initializing event 465. Within run:0 event 465.
ParticleHandler  INFO  +++ Event 464 Begin event action. Access event related information.
Geant4Output2EDM4hep INFO  +++ Saving EDM4hep event 464 run 0.
GenerationInit   INFO  +++ Initializing event 466. Within run:0 event 466.
ParticleHandler  INFO  +++ Event 465 Begin event action. Access event related information.
Geant4Output2EDM4hep INFO  +++ Saving EDM4hep event 465 run 0.
GenerationInit   INFO  +++ Initializing event 467. Within run:0 event 467.
ParticleHandler  INFO  +++ Event 466 Begin event action. Access event related information.
Geant4Output2EDM4hep INFO  +++ Saving EDM4hep event 466 run 0.
GenerationInit   INFO  +++ Initializing event 468. Within run:0 event 468.
ParticleHandler  INFO  +++ Event 467 Begin event action. Access event related information.
Geant4Output2EDM4hep INFO  +++ Saving EDM4hep event 467 run 0.
GenerationInit   INFO  +++ Initializing event 469. Within run:0 event 469.
ParticleHandler  INFO  +++ Event 468 Begin event action. Access event related information.
Geant4Output2EDM4hep INFO  +++ Saving EDM4hep event 468 run 0.
GenerationInit   INFO  +++ Initializing event 470. Within run:0 event 470.
ParticleHandler  INFO  +++ Event 469 Begin event action. Access event related information.
Geant4Output2EDM4hep INFO  +++ Saving EDM4hep event 469 run 0.
GenerationInit   INFO  +++ Initializing event 471. Within run:0 event 471.
ParticleHandler  INFO  +++ Event 470 Begin event action. Access event related information.
Geant4Output2EDM4hep INFO  +++ Saving EDM4hep event 470 run 0.
GenerationInit   INFO  +++ Initializing event 472. Within run:0 event 472.
ParticleHandler  INFO  +++ Event 471 Begin event action. Access event related information.
Geant4Output2EDM4hep INFO  +++ Saving EDM4hep event 471 run 0.
GenerationInit   INFO  +++ Initializing event 473. Within run:0 event 473.
ParticleHandler  INFO  +++ Event 472 Begin event action. Access event related information.
Geant4Output2EDM4hep INFO  +++ Saving EDM4hep event 472 run 0.
GenerationInit   INFO  +++ Initializing event 474. Within run:0 event 474.
ParticleHandler  INFO  +++ Event 473 Begin event action. Access event related information.
Geant4Output2EDM4hep INFO  +++ Saving EDM4hep event 473 run 0.
GenerationInit   INFO  +++ Initializing event 475. Within run:0 event 475.
ParticleHandler  INFO  +++ Event 474 Begin event action. Access event related information.
Geant4Output2EDM4hep INFO  +++ Saving EDM4hep event 474 run 0.
GenerationInit   INFO  +++ Initializing event 476. Within run:0 event 476.
ParticleHandler  INFO  +++ Event 475 Begin event action. Access event related information.
Geant4Output2EDM4hep INFO  +++ Saving EDM4hep event 475 run 0.
GenerationInit   INFO  +++ Initializing event 477. Within run:0 event 477.
ParticleHandler  INFO  +++ Event 476 Begin event action. Access event related information.
Geant4Output2EDM4hep INFO  +++ Saving EDM4hep event 476 run 0.
GenerationInit   INFO  +++ Initializing event 478. Within run:0 event 478.
ParticleHandler  INFO  +++ Event 477 Begin event action. Access event related information.
Geant4Output2EDM4hep INFO  +++ Saving EDM4hep event 477 run 0.
GenerationInit   INFO  +++ Initializing event 479. Within run:0 event 479.
ParticleHandler  INFO  +++ Event 478 Begin event action. Access event related information.
Geant4Output2EDM4hep INFO  +++ Saving EDM4hep event 478 run 0.
GenerationInit   INFO  +++ Initializing event 480. Within run:0 event 480.
ParticleHandler  INFO  +++ Event 479 Begin event action. Access event related information.
Geant4Output2EDM4hep INFO  +++ Saving EDM4hep event 479 run 0.
GenerationInit   INFO  +++ Initializing event 481. Within run:0 event 481.
ParticleHandler  INFO  +++ Event 480 Begin event action. Access event related information.
Geant4Output2EDM4hep INFO  +++ Saving EDM4hep event 480 run 0.
GenerationInit   INFO  +++ Initializing event 482. Within run:0 event 482.
ParticleHandler  INFO  +++ Event 481 Begin event action. Access event related information.
Geant4Output2EDM4hep INFO  +++ Saving EDM4hep event 481 run 0.
GenerationInit   INFO  +++ Initializing event 483. Within run:0 event 483.
ParticleHandler  INFO  +++ Event 482 Begin event action. Access event related information.
Geant4Output2EDM4hep INFO  +++ Saving EDM4hep event 482 run 0.
GenerationInit   INFO  +++ Initializing event 484. Within run:0 event 484.
ParticleHandler  INFO  +++ Event 483 Begin event action. Access event related information.
Geant4Output2EDM4hep INFO  +++ Saving EDM4hep event 483 run 0.
GenerationInit   INFO  +++ Initializing event 485. Within run:0 event 485.
ParticleHandler  INFO  +++ Event 484 Begin event action. Access event related information.
Geant4Output2EDM4hep INFO  +++ Saving EDM4hep event 484 run 0.
GenerationInit   INFO  +++ Initializing event 486. Within run:0 event 486.
ParticleHandler  INFO  +++ Event 485 Begin event action. Access event related information.
Geant4Output2EDM4hep INFO  +++ Saving EDM4hep event 485 run 0.
GenerationInit   INFO  +++ Initializing event 487. Within run:0 event 487.
ParticleHandler  INFO  +++ Event 486 Begin event action. Access event related information.
Geant4Output2EDM4hep INFO  +++ Saving EDM4hep event 486 run 0.
GenerationInit   INFO  +++ Initializing event 488. Within run:0 event 488.
ParticleHandler  INFO  +++ Event 487 Begin event action. Access event related information.
Geant4Output2EDM4hep INFO  +++ Saving EDM4hep event 487 run 0.
GenerationInit   INFO  +++ Initializing event 489. Within run:0 event 489.
ParticleHandler  INFO  +++ Event 488 Begin event action. Access event related information.
Geant4Output2EDM4hep INFO  +++ Saving EDM4hep event 488 run 0.
GenerationInit   INFO  +++ Initializing event 490. Within run:0 event 490.
ParticleHandler  INFO  +++ Event 489 Begin event action. Access event related information.
Geant4Output2EDM4hep INFO  +++ Saving EDM4hep event 489 run 0.
GenerationInit   INFO  +++ Initializing event 491. Within run:0 event 491.
ParticleHandler  INFO  +++ Event 490 Begin event action. Access event related information.
Geant4Output2EDM4hep INFO  +++ Saving EDM4hep event 490 run 0.
GenerationInit   INFO  +++ Initializing event 492. Within run:0 event 492.
ParticleHandler  INFO  +++ Event 491 Begin event action. Access event related information.
Geant4Output2EDM4hep INFO  +++ Saving EDM4hep event 491 run 0.
GenerationInit   INFO  +++ Initializing event 493. Within run:0 event 493.
ParticleHandler  INFO  +++ Event 492 Begin event action. Access event related information.
Geant4Output2EDM4hep INFO  +++ Saving EDM4hep event 492 run 0.
GenerationInit   INFO  +++ Initializing event 494. Within run:0 event 494.
ParticleHandler  INFO  +++ Event 493 Begin event action. Access event related information.
Geant4Output2EDM4hep INFO  +++ Saving EDM4hep event 493 run 0.
GenerationInit   INFO  +++ Initializing event 495. Within run:0 event 495.
ParticleHandler  INFO  +++ Event 494 Begin event action. Access event related information.
Geant4Output2EDM4hep INFO  +++ Saving EDM4hep event 494 run 0.
GenerationInit   INFO  +++ Initializing event 496. Within run:0 event 496.
ParticleHandler  INFO  +++ Event 495 Begin event action. Access event related information.
Geant4Output2EDM4hep INFO  +++ Saving EDM4hep event 495 run 0.
GenerationInit   INFO  +++ Initializing event 497. Within run:0 event 497.
ParticleHandler  INFO  +++ Event 496 Begin event action. Access event related information.
Geant4Output2EDM4hep INFO  +++ Saving EDM4hep event 496 run 0.
GenerationInit   INFO  +++ Initializing event 498. Within run:0 event 498.
ParticleHandler  INFO  +++ Event 497 Begin event action. Access event related information.
Geant4Output2EDM4hep INFO  +++ Saving EDM4hep event 497 run 0.
GenerationInit   INFO  +++ Initializing event 499. Within run:0 event 499.
ParticleHandler  INFO  +++ Event 498 Begin event action. Access event related information.
Geant4Output2EDM4hep INFO  +++ Saving EDM4hep event 498 run 0.
GenerationInit   INFO  +++ Initializing event 500. Within run:0 event 500.
ParticleHandler  INFO  +++ Event 499 Begin event action. Access event related information.
Geant4Output2EDM4hep INFO  +++ Saving EDM4hep event 499 run 0.
GenerationInit   INFO  +++ Initializing event 501. Within run:0 event 501.
ParticleHandler  INFO  +++ Event 500 Begin event action. Access event related information.
Geant4Output2EDM4hep INFO  +++ Saving EDM4hep event 500 run 0.
GenerationInit   INFO  +++ Initializing event 502. Within run:0 event 502.
ParticleHandler  INFO  +++ Event 501 Begin event action. Access event related information.
Geant4Output2EDM4hep INFO  +++ Saving EDM4hep event 501 run 0.
GenerationInit   INFO  +++ Initializing event 503. Within run:0 event 503.
ParticleHandler  INFO  +++ Event 502 Begin event action. Access event related information.
Geant4Output2EDM4hep INFO  +++ Saving EDM4hep event 502 run 0.
GenerationInit   INFO  +++ Initializing event 504. Within run:0 event 504.
ParticleHandler  INFO  +++ Event 503 Begin event action. Access event related information.
Geant4Output2EDM4hep INFO  +++ Saving EDM4hep event 503 run 0.
GenerationInit   INFO  +++ Initializing event 505. Within run:0 event 505.
ParticleHandler  INFO  +++ Event 504 Begin event action. Access event related information.
Geant4Output2EDM4hep INFO  +++ Saving EDM4hep event 504 run 0.
GenerationInit   INFO  +++ Initializing event 506. Within run:0 event 506.
ParticleHandler  INFO  +++ Event 505 Begin event action. Access event related information.
Geant4Output2EDM4hep INFO  +++ Saving EDM4hep event 505 run 0.
GenerationInit   INFO  +++ Initializing event 507. Within run:0 event 507.
ParticleHandler  INFO  +++ Event 506 Begin event action. Access event related information.
Geant4Output2EDM4hep INFO  +++ Saving EDM4hep event 506 run 0.
GenerationInit   INFO  +++ Initializing event 508. Within run:0 event 508.
ParticleHandler  INFO  +++ Event 507 Begin event action. Access event related information.
Geant4Output2EDM4hep INFO  +++ Saving EDM4hep event 507 run 0.
GenerationInit   INFO  +++ Initializing event 509. Within run:0 event 509.
ParticleHandler  INFO  +++ Event 508 Begin event action. Access event related information.
Geant4Output2EDM4hep INFO  +++ Saving EDM4hep event 508 run 0.
GenerationInit   INFO  +++ Initializing event 510. Within run:0 event 510.
ParticleHandler  INFO  +++ Event 509 Begin event action. Access event related information.
Geant4Output2EDM4hep INFO  +++ Saving EDM4hep event 509 run 0.
GenerationInit   INFO  +++ Initializing event 511. Within run:0 event 511.
ParticleHandler  INFO  +++ Event 510 Begin event action. Access event related information.
Geant4Output2EDM4hep INFO  +++ Saving EDM4hep event 510 run 0.
GenerationInit   INFO  +++ Initializing event 512. Within run:0 event 512.
ParticleHandler  INFO  +++ Event 511 Begin event action. Access event related information.
Geant4Output2EDM4hep INFO  +++ Saving EDM4hep event 511 run 0.
GenerationInit   INFO  +++ Initializing event 513. Within run:0 event 513.
ParticleHandler  INFO  +++ Event 512 Begin event action. Access event related information.
Geant4Output2EDM4hep INFO  +++ Saving EDM4hep event 512 run 0.
GenerationInit   INFO  +++ Initializing event 514. Within run:0 event 514.
ParticleHandler  INFO  +++ Event 513 Begin event action. Access event related information.
Geant4Output2EDM4hep INFO  +++ Saving EDM4hep event 513 run 0.
GenerationInit   INFO  +++ Initializing event 515. Within run:0 event 515.
ParticleHandler  INFO  +++ Event 514 Begin event action. Access event related information.
Geant4Output2EDM4hep INFO  +++ Saving EDM4hep event 514 run 0.
GenerationInit   INFO  +++ Initializing event 516. Within run:0 event 516.
ParticleHandler  INFO  +++ Event 515 Begin event action. Access event related information.
Geant4Output2EDM4hep INFO  +++ Saving EDM4hep event 515 run 0.
GenerationInit   INFO  +++ Initializing event 517. Within run:0 event 517.
ParticleHandler  INFO  +++ Event 516 Begin event action. Access event related information.
Geant4Output2EDM4hep INFO  +++ Saving EDM4hep event 516 run 0.
GenerationInit   INFO  +++ Initializing event 518. Within run:0 event 518.
ParticleHandler  INFO  +++ Event 517 Begin event action. Access event related information.
Geant4Output2EDM4hep INFO  +++ Saving EDM4hep event 517 run 0.
GenerationInit   INFO  +++ Initializing event 519. Within run:0 event 519.
ParticleHandler  INFO  +++ Event 518 Begin event action. Access event related information.
Geant4Output2EDM4hep INFO  +++ Saving EDM4hep event 518 run 0.
GenerationInit   INFO  +++ Initializing event 520. Within run:0 event 520.
ParticleHandler  INFO  +++ Event 519 Begin event action. Access event related information.
Geant4Output2EDM4hep INFO  +++ Saving EDM4hep event 519 run 0.
GenerationInit   INFO  +++ Initializing event 521. Within run:0 event 521.
ParticleHandler  INFO  +++ Event 520 Begin event action. Access event related information.
Geant4Output2EDM4hep INFO  +++ Saving EDM4hep event 520 run 0.
GenerationInit   INFO  +++ Initializing event 522. Within run:0 event 522.
ParticleHandler  INFO  +++ Event 521 Begin event action. Access event related information.
Geant4Output2EDM4hep INFO  +++ Saving EDM4hep event 521 run 0.
GenerationInit   INFO  +++ Initializing event 523. Within run:0 event 523.
ParticleHandler  INFO  +++ Event 522 Begin event action. Access event related information.
Geant4Output2EDM4hep INFO  +++ Saving EDM4hep event 522 run 0.
GenerationInit   INFO  +++ Initializing event 524. Within run:0 event 524.
ParticleHandler  INFO  +++ Event 523 Begin event action. Access event related information.
Geant4Output2EDM4hep INFO  +++ Saving EDM4hep event 523 run 0.
GenerationInit   INFO  +++ Initializing event 525. Within run:0 event 525.
ParticleHandler  INFO  +++ Event 524 Begin event action. Access event related information.
Geant4Output2EDM4hep INFO  +++ Saving EDM4hep event 524 run 0.
GenerationInit   INFO  +++ Initializing event 526. Within run:0 event 526.
ParticleHandler  INFO  +++ Event 525 Begin event action. Access event related information.
Geant4Output2EDM4hep INFO  +++ Saving EDM4hep event 525 run 0.
GenerationInit   INFO  +++ Initializing event 527. Within run:0 event 527.
ParticleHandler  INFO  +++ Event 526 Begin event action. Access event related information.
Geant4Output2EDM4hep INFO  +++ Saving EDM4hep event 526 run 0.
GenerationInit   INFO  +++ Initializing event 528. Within run:0 event 528.
ParticleHandler  INFO  +++ Event 527 Begin event action. Access event related information.
Geant4Output2EDM4hep INFO  +++ Saving EDM4hep event 527 run 0.
GenerationInit   INFO  +++ Initializing event 529. Within run:0 event 529.
ParticleHandler  INFO  +++ Event 528 Begin event action. Access event related information.
Geant4Output2EDM4hep INFO  +++ Saving EDM4hep event 528 run 0.
GenerationInit   INFO  +++ Initializing event 530. Within run:0 event 530.
ParticleHandler  INFO  +++ Event 529 Begin event action. Access event related information.
Geant4Output2EDM4hep INFO  +++ Saving EDM4hep event 529 run 0.
GenerationInit   INFO  +++ Initializing event 531. Within run:0 event 531.
ParticleHandler  INFO  +++ Event 530 Begin event action. Access event related information.
Geant4Output2EDM4hep INFO  +++ Saving EDM4hep event 530 run 0.
GenerationInit   INFO  +++ Initializing event 532. Within run:0 event 532.
ParticleHandler  INFO  +++ Event 531 Begin event action. Access event related information.
Geant4Output2EDM4hep INFO  +++ Saving EDM4hep event 531 run 0.
GenerationInit   INFO  +++ Initializing event 533. Within run:0 event 533.
ParticleHandler  INFO  +++ Event 532 Begin event action. Access event related information.
Geant4Output2EDM4hep INFO  +++ Saving EDM4hep event 532 run 0.
GenerationInit   INFO  +++ Initializing event 534. Within run:0 event 534.
ParticleHandler  INFO  +++ Event 533 Begin event action. Access event related information.
Geant4Output2EDM4hep INFO  +++ Saving EDM4hep event 533 run 0.
GenerationInit   INFO  +++ Initializing event 535. Within run:0 event 535.
ParticleHandler  INFO  +++ Event 534 Begin event action. Access event related information.
Geant4Output2EDM4hep INFO  +++ Saving EDM4hep event 534 run 0.
GenerationInit   INFO  +++ Initializing event 536. Within run:0 event 536.
ParticleHandler  INFO  +++ Event 535 Begin event action. Access event related information.
Geant4Output2EDM4hep INFO  +++ Saving EDM4hep event 535 run 0.
GenerationInit   INFO  +++ Initializing event 537. Within run:0 event 537.
ParticleHandler  INFO  +++ Event 536 Begin event action. Access event related information.
Geant4Output2EDM4hep INFO  +++ Saving EDM4hep event 536 run 0.
GenerationInit   INFO  +++ Initializing event 538. Within run:0 event 538.
ParticleHandler  INFO  +++ Event 537 Begin event action. Access event related information.
Geant4Output2EDM4hep INFO  +++ Saving EDM4hep event 537 run 0.
GenerationInit   INFO  +++ Initializing event 539. Within run:0 event 539.
ParticleHandler  INFO  +++ Event 538 Begin event action. Access event related information.
Geant4Output2EDM4hep INFO  +++ Saving EDM4hep event 538 run 0.
GenerationInit   INFO  +++ Initializing event 540. Within run:0 event 540.
ParticleHandler  INFO  +++ Event 539 Begin event action. Access event related information.
Geant4Output2EDM4hep INFO  +++ Saving EDM4hep event 539 run 0.
GenerationInit   INFO  +++ Initializing event 541. Within run:0 event 541.
ParticleHandler  INFO  +++ Event 540 Begin event action. Access event related information.
Geant4Output2EDM4hep INFO  +++ Saving EDM4hep event 540 run 0.
GenerationInit   INFO  +++ Initializing event 542. Within run:0 event 542.
ParticleHandler  INFO  +++ Event 541 Begin event action. Access event related information.
Geant4Output2EDM4hep INFO  +++ Saving EDM4hep event 541 run 0.
GenerationInit   INFO  +++ Initializing event 543. Within run:0 event 543.
ParticleHandler  INFO  +++ Event 542 Begin event action. Access event related information.
Geant4Output2EDM4hep INFO  +++ Saving EDM4hep event 542 run 0.
GenerationInit   INFO  +++ Initializing event 544. Within run:0 event 544.
ParticleHandler  INFO  +++ Event 543 Begin event action. Access event related information.
Geant4Output2EDM4hep INFO  +++ Saving EDM4hep event 543 run 0.
GenerationInit   INFO  +++ Initializing event 545. Within run:0 event 545.
ParticleHandler  INFO  +++ Event 544 Begin event action. Access event related information.
Geant4Output2EDM4hep INFO  +++ Saving EDM4hep event 544 run 0.
GenerationInit   INFO  +++ Initializing event 546. Within run:0 event 546.
ParticleHandler  INFO  +++ Event 545 Begin event action. Access event related information.
Geant4Output2EDM4hep INFO  +++ Saving EDM4hep event 545 run 0.
GenerationInit   INFO  +++ Initializing event 547. Within run:0 event 547.
ParticleHandler  INFO  +++ Event 546 Begin event action. Access event related information.
Geant4Output2EDM4hep INFO  +++ Saving EDM4hep event 546 run 0.
GenerationInit   INFO  +++ Initializing event 548. Within run:0 event 548.
ParticleHandler  INFO  +++ Event 547 Begin event action. Access event related information.
Geant4Output2EDM4hep INFO  +++ Saving EDM4hep event 547 run 0.
GenerationInit   INFO  +++ Initializing event 549. Within run:0 event 549.
ParticleHandler  INFO  +++ Event 548 Begin event action. Access event related information.
Geant4Output2EDM4hep INFO  +++ Saving EDM4hep event 548 run 0.
GenerationInit   INFO  +++ Initializing event 550. Within run:0 event 550.
ParticleHandler  INFO  +++ Event 549 Begin event action. Access event related information.
Geant4Output2EDM4hep INFO  +++ Saving EDM4hep event 549 run 0.
GenerationInit   INFO  +++ Initializing event 551. Within run:0 event 551.
ParticleHandler  INFO  +++ Event 550 Begin event action. Access event related information.
Geant4Output2EDM4hep INFO  +++ Saving EDM4hep event 550 run 0.
GenerationInit   INFO  +++ Initializing event 552. Within run:0 event 552.
ParticleHandler  INFO  +++ Event 551 Begin event action. Access event related information.
Geant4Output2EDM4hep INFO  +++ Saving EDM4hep event 551 run 0.
GenerationInit   INFO  +++ Initializing event 553. Within run:0 event 553.
ParticleHandler  INFO  +++ Event 552 Begin event action. Access event related information.
Geant4Output2EDM4hep INFO  +++ Saving EDM4hep event 552 run 0.
GenerationInit   INFO  +++ Initializing event 554. Within run:0 event 554.
ParticleHandler  INFO  +++ Event 553 Begin event action. Access event related information.
Geant4Output2EDM4hep INFO  +++ Saving EDM4hep event 553 run 0.
GenerationInit   INFO  +++ Initializing event 555. Within run:0 event 555.
ParticleHandler  INFO  +++ Event 554 Begin event action. Access event related information.
Geant4Output2EDM4hep INFO  +++ Saving EDM4hep event 554 run 0.
GenerationInit   INFO  +++ Initializing event 556. Within run:0 event 556.
ParticleHandler  INFO  +++ Event 555 Begin event action. Access event related information.
Geant4Output2EDM4hep INFO  +++ Saving EDM4hep event 555 run 0.
GenerationInit   INFO  +++ Initializing event 557. Within run:0 event 557.
ParticleHandler  INFO  +++ Event 556 Begin event action. Access event related information.
Geant4Output2EDM4hep INFO  +++ Saving EDM4hep event 556 run 0.
GenerationInit   INFO  +++ Initializing event 558. Within run:0 event 558.
ParticleHandler  INFO  +++ Event 557 Begin event action. Access event related information.
Geant4Output2EDM4hep INFO  +++ Saving EDM4hep event 557 run 0.
GenerationInit   INFO  +++ Initializing event 559. Within run:0 event 559.
ParticleHandler  INFO  +++ Event 558 Begin event action. Access event related information.
Geant4Output2EDM4hep INFO  +++ Saving EDM4hep event 558 run 0.
GenerationInit   INFO  +++ Initializing event 560. Within run:0 event 560.
ParticleHandler  INFO  +++ Event 559 Begin event action. Access event related information.
Geant4Output2EDM4hep INFO  +++ Saving EDM4hep event 559 run 0.
GenerationInit   INFO  +++ Initializing event 561. Within run:0 event 561.
ParticleHandler  INFO  +++ Event 560 Begin event action. Access event related information.
Geant4Output2EDM4hep INFO  +++ Saving EDM4hep event 560 run 0.
GenerationInit   INFO  +++ Initializing event 562. Within run:0 event 562.
ParticleHandler  INFO  +++ Event 561 Begin event action. Access event related information.
Geant4Output2EDM4hep INFO  +++ Saving EDM4hep event 561 run 0.
GenerationInit   INFO  +++ Initializing event 563. Within run:0 event 563.
ParticleHandler  INFO  +++ Event 562 Begin event action. Access event related information.
Geant4Output2EDM4hep INFO  +++ Saving EDM4hep event 562 run 0.
GenerationInit   INFO  +++ Initializing event 564. Within run:0 event 564.
ParticleHandler  INFO  +++ Event 563 Begin event action. Access event related information.
Geant4Output2EDM4hep INFO  +++ Saving EDM4hep event 563 run 0.
GenerationInit   INFO  +++ Initializing event 565. Within run:0 event 565.
ParticleHandler  INFO  +++ Event 564 Begin event action. Access event related information.
Geant4Output2EDM4hep INFO  +++ Saving EDM4hep event 564 run 0.
GenerationInit   INFO  +++ Initializing event 566. Within run:0 event 566.
ParticleHandler  INFO  +++ Event 565 Begin event action. Access event related information.
Geant4Output2EDM4hep INFO  +++ Saving EDM4hep event 565 run 0.
GenerationInit   INFO  +++ Initializing event 567. Within run:0 event 567.
ParticleHandler  INFO  +++ Event 566 Begin event action. Access event related information.
Geant4Output2EDM4hep INFO  +++ Saving EDM4hep event 566 run 0.
GenerationInit   INFO  +++ Initializing event 568. Within run:0 event 568.
ParticleHandler  INFO  +++ Event 567 Begin event action. Access event related information.
Geant4Output2EDM4hep INFO  +++ Saving EDM4hep event 567 run 0.
GenerationInit   INFO  +++ Initializing event 569. Within run:0 event 569.
ParticleHandler  INFO  +++ Event 568 Begin event action. Access event related information.
Geant4Output2EDM4hep INFO  +++ Saving EDM4hep event 568 run 0.
GenerationInit   INFO  +++ Initializing event 570. Within run:0 event 570.
ParticleHandler  INFO  +++ Event 569 Begin event action. Access event related information.
Geant4Output2EDM4hep INFO  +++ Saving EDM4hep event 569 run 0.
GenerationInit   INFO  +++ Initializing event 571. Within run:0 event 571.
ParticleHandler  INFO  +++ Event 570 Begin event action. Access event related information.
Geant4Output2EDM4hep INFO  +++ Saving EDM4hep event 570 run 0.
GenerationInit   INFO  +++ Initializing event 572. Within run:0 event 572.
ParticleHandler  INFO  +++ Event 571 Begin event action. Access event related information.
Geant4Output2EDM4hep INFO  +++ Saving EDM4hep event 571 run 0.
GenerationInit   INFO  +++ Initializing event 573. Within run:0 event 573.
ParticleHandler  INFO  +++ Event 572 Begin event action. Access event related information.
Geant4Output2EDM4hep INFO  +++ Saving EDM4hep event 572 run 0.
GenerationInit   INFO  +++ Initializing event 574. Within run:0 event 574.
ParticleHandler  INFO  +++ Event 573 Begin event action. Access event related information.
Geant4Output2EDM4hep INFO  +++ Saving EDM4hep event 573 run 0.
GenerationInit   INFO  +++ Initializing event 575. Within run:0 event 575.
ParticleHandler  INFO  +++ Event 574 Begin event action. Access event related information.
Geant4Output2EDM4hep INFO  +++ Saving EDM4hep event 574 run 0.
GenerationInit   INFO  +++ Initializing event 576. Within run:0 event 576.
ParticleHandler  INFO  +++ Event 575 Begin event action. Access event related information.
Geant4Output2EDM4hep INFO  +++ Saving EDM4hep event 575 run 0.
GenerationInit   INFO  +++ Initializing event 577. Within run:0 event 577.
ParticleHandler  INFO  +++ Event 576 Begin event action. Access event related information.
Geant4Output2EDM4hep INFO  +++ Saving EDM4hep event 576 run 0.
GenerationInit   INFO  +++ Initializing event 578. Within run:0 event 578.
ParticleHandler  INFO  +++ Event 577 Begin event action. Access event related information.
Geant4Output2EDM4hep INFO  +++ Saving EDM4hep event 577 run 0.
GenerationInit   INFO  +++ Initializing event 579. Within run:0 event 579.
ParticleHandler  INFO  +++ Event 578 Begin event action. Access event related information.
Geant4Output2EDM4hep INFO  +++ Saving EDM4hep event 578 run 0.
GenerationInit   INFO  +++ Initializing event 580. Within run:0 event 580.
ParticleHandler  INFO  +++ Event 579 Begin event action. Access event related information.
Geant4Output2EDM4hep INFO  +++ Saving EDM4hep event 579 run 0.
GenerationInit   INFO  +++ Initializing event 581. Within run:0 event 581.
ParticleHandler  INFO  +++ Event 580 Begin event action. Access event related information.
Geant4Output2EDM4hep INFO  +++ Saving EDM4hep event 580 run 0.
GenerationInit   INFO  +++ Initializing event 582. Within run:0 event 582.
ParticleHandler  INFO  +++ Event 581 Begin event action. Access event related information.
Geant4Output2EDM4hep INFO  +++ Saving EDM4hep event 581 run 0.
GenerationInit   INFO  +++ Initializing event 583. Within run:0 event 583.
ParticleHandler  INFO  +++ Event 582 Begin event action. Access event related information.
Geant4Output2EDM4hep INFO  +++ Saving EDM4hep event 582 run 0.
GenerationInit   INFO  +++ Initializing event 584. Within run:0 event 584.
ParticleHandler  INFO  +++ Event 583 Begin event action. Access event related information.
Geant4Output2EDM4hep INFO  +++ Saving EDM4hep event 583 run 0.
GenerationInit   INFO  +++ Initializing event 585. Within run:0 event 585.
ParticleHandler  INFO  +++ Event 584 Begin event action. Access event related information.
Geant4Output2EDM4hep INFO  +++ Saving EDM4hep event 584 run 0.
GenerationInit   INFO  +++ Initializing event 586. Within run:0 event 586.
ParticleHandler  INFO  +++ Event 585 Begin event action. Access event related information.
Geant4Output2EDM4hep INFO  +++ Saving EDM4hep event 585 run 0.
GenerationInit   INFO  +++ Initializing event 587. Within run:0 event 587.
ParticleHandler  INFO  +++ Event 586 Begin event action. Access event related information.
Geant4Output2EDM4hep INFO  +++ Saving EDM4hep event 586 run 0.
GenerationInit   INFO  +++ Initializing event 588. Within run:0 event 588.
ParticleHandler  INFO  +++ Event 587 Begin event action. Access event related information.
Geant4Output2EDM4hep INFO  +++ Saving EDM4hep event 587 run 0.
GenerationInit   INFO  +++ Initializing event 589. Within run:0 event 589.
ParticleHandler  INFO  +++ Event 588 Begin event action. Access event related information.
Geant4Output2EDM4hep INFO  +++ Saving EDM4hep event 588 run 0.
GenerationInit   INFO  +++ Initializing event 590. Within run:0 event 590.
ParticleHandler  INFO  +++ Event 589 Begin event action. Access event related information.
Geant4Output2EDM4hep INFO  +++ Saving EDM4hep event 589 run 0.
GenerationInit   INFO  +++ Initializing event 591. Within run:0 event 591.
ParticleHandler  INFO  +++ Event 590 Begin event action. Access event related information.
Geant4Output2EDM4hep INFO  +++ Saving EDM4hep event 590 run 0.
GenerationInit   INFO  +++ Initializing event 592. Within run:0 event 592.
ParticleHandler  INFO  +++ Event 591 Begin event action. Access event related information.
Geant4Output2EDM4hep INFO  +++ Saving EDM4hep event 591 run 0.
GenerationInit   INFO  +++ Initializing event 593. Within run:0 event 593.
ParticleHandler  INFO  +++ Event 592 Begin event action. Access event related information.
Geant4Output2EDM4hep INFO  +++ Saving EDM4hep event 592 run 0.
GenerationInit   INFO  +++ Initializing event 594. Within run:0 event 594.
ParticleHandler  INFO  +++ Event 593 Begin event action. Access event related information.
Geant4Output2EDM4hep INFO  +++ Saving EDM4hep event 593 run 0.
GenerationInit   INFO  +++ Initializing event 595. Within run:0 event 595.
ParticleHandler  INFO  +++ Event 594 Begin event action. Access event related information.
Geant4Output2EDM4hep INFO  +++ Saving EDM4hep event 594 run 0.
GenerationInit   INFO  +++ Initializing event 596. Within run:0 event 596.
ParticleHandler  INFO  +++ Event 595 Begin event action. Access event related information.
Geant4Output2EDM4hep INFO  +++ Saving EDM4hep event 595 run 0.
GenerationInit   INFO  +++ Initializing event 597. Within run:0 event 597.
ParticleHandler  INFO  +++ Event 596 Begin event action. Access event related information.
Geant4Output2EDM4hep INFO  +++ Saving EDM4hep event 596 run 0.
GenerationInit   INFO  +++ Initializing event 598. Within run:0 event 598.
ParticleHandler  INFO  +++ Event 597 Begin event action. Access event related information.
Geant4Output2EDM4hep INFO  +++ Saving EDM4hep event 597 run 0.
GenerationInit   INFO  +++ Initializing event 599. Within run:0 event 599.
ParticleHandler  INFO  +++ Event 598 Begin event action. Access event related information.
Geant4Output2EDM4hep INFO  +++ Saving EDM4hep event 598 run 0.
GenerationInit   INFO  +++ Initializing event 600. Within run:0 event 600.
ParticleHandler  INFO  +++ Event 599 Begin event action. Access event related information.
Geant4Output2EDM4hep INFO  +++ Saving EDM4hep event 599 run 0.
GenerationInit   INFO  +++ Initializing event 601. Within run:0 event 601.
ParticleHandler  INFO  +++ Event 600 Begin event action. Access event related information.
Geant4Output2EDM4hep INFO  +++ Saving EDM4hep event 600 run 0.
GenerationInit   INFO  +++ Initializing event 602. Within run:0 event 602.
ParticleHandler  INFO  +++ Event 601 Begin event action. Access event related information.
Geant4Output2EDM4hep INFO  +++ Saving EDM4hep event 601 run 0.
GenerationInit   INFO  +++ Initializing event 603. Within run:0 event 603.
ParticleHandler  INFO  +++ Event 602 Begin event action. Access event related information.
Geant4Output2EDM4hep INFO  +++ Saving EDM4hep event 602 run 0.
GenerationInit   INFO  +++ Initializing event 604. Within run:0 event 604.
ParticleHandler  INFO  +++ Event 603 Begin event action. Access event related information.
Geant4Output2EDM4hep INFO  +++ Saving EDM4hep event 603 run 0.
GenerationInit   INFO  +++ Initializing event 605. Within run:0 event 605.
ParticleHandler  INFO  +++ Event 604 Begin event action. Access event related information.
Geant4Output2EDM4hep INFO  +++ Saving EDM4hep event 604 run 0.
GenerationInit   INFO  +++ Initializing event 606. Within run:0 event 606.
ParticleHandler  INFO  +++ Event 605 Begin event action. Access event related information.
Geant4Output2EDM4hep INFO  +++ Saving EDM4hep event 605 run 0.
GenerationInit   INFO  +++ Initializing event 607. Within run:0 event 607.
ParticleHandler  INFO  +++ Event 606 Begin event action. Access event related information.
Geant4Output2EDM4hep INFO  +++ Saving EDM4hep event 606 run 0.
GenerationInit   INFO  +++ Initializing event 608. Within run:0 event 608.
ParticleHandler  INFO  +++ Event 607 Begin event action. Access event related information.
Geant4Output2EDM4hep INFO  +++ Saving EDM4hep event 607 run 0.
GenerationInit   INFO  +++ Initializing event 609. Within run:0 event 609.
ParticleHandler  INFO  +++ Event 608 Begin event action. Access event related information.
Geant4Output2EDM4hep INFO  +++ Saving EDM4hep event 608 run 0.
GenerationInit   INFO  +++ Initializing event 610. Within run:0 event 610.
ParticleHandler  INFO  +++ Event 609 Begin event action. Access event related information.
Geant4Output2EDM4hep INFO  +++ Saving EDM4hep event 609 run 0.
GenerationInit   INFO  +++ Initializing event 611. Within run:0 event 611.
ParticleHandler  INFO  +++ Event 610 Begin event action. Access event related information.
Geant4Output2EDM4hep INFO  +++ Saving EDM4hep event 610 run 0.
GenerationInit   INFO  +++ Initializing event 612. Within run:0 event 612.
ParticleHandler  INFO  +++ Event 611 Begin event action. Access event related information.
Geant4Output2EDM4hep INFO  +++ Saving EDM4hep event 611 run 0.
GenerationInit   INFO  +++ Initializing event 613. Within run:0 event 613.
ParticleHandler  INFO  +++ Event 612 Begin event action. Access event related information.
Geant4Output2EDM4hep INFO  +++ Saving EDM4hep event 612 run 0.
GenerationInit   INFO  +++ Initializing event 614. Within run:0 event 614.
ParticleHandler  INFO  +++ Event 613 Begin event action. Access event related information.
Geant4Output2EDM4hep INFO  +++ Saving EDM4hep event 613 run 0.
GenerationInit   INFO  +++ Initializing event 615. Within run:0 event 615.
ParticleHandler  INFO  +++ Event 614 Begin event action. Access event related information.
Geant4Output2EDM4hep INFO  +++ Saving EDM4hep event 614 run 0.
GenerationInit   INFO  +++ Initializing event 616. Within run:0 event 616.
ParticleHandler  INFO  +++ Event 615 Begin event action. Access event related information.
Geant4Output2EDM4hep INFO  +++ Saving EDM4hep event 615 run 0.
GenerationInit   INFO  +++ Initializing event 617. Within run:0 event 617.
ParticleHandler  INFO  +++ Event 616 Begin event action. Access event related information.
Geant4Output2EDM4hep INFO  +++ Saving EDM4hep event 616 run 0.
GenerationInit   INFO  +++ Initializing event 618. Within run:0 event 618.
ParticleHandler  INFO  +++ Event 617 Begin event action. Access event related information.
Geant4Output2EDM4hep INFO  +++ Saving EDM4hep event 617 run 0.
GenerationInit   INFO  +++ Initializing event 619. Within run:0 event 619.
ParticleHandler  INFO  +++ Event 618 Begin event action. Access event related information.
Geant4Output2EDM4hep INFO  +++ Saving EDM4hep event 618 run 0.
GenerationInit   INFO  +++ Initializing event 620. Within run:0 event 620.
ParticleHandler  INFO  +++ Event 619 Begin event action. Access event related information.
Geant4Output2EDM4hep INFO  +++ Saving EDM4hep event 619 run 0.
GenerationInit   INFO  +++ Initializing event 621. Within run:0 event 621.
ParticleHandler  INFO  +++ Event 620 Begin event action. Access event related information.
Geant4Output2EDM4hep INFO  +++ Saving EDM4hep event 620 run 0.
GenerationInit   INFO  +++ Initializing event 622. Within run:0 event 622.
ParticleHandler  INFO  +++ Event 621 Begin event action. Access event related information.
Geant4Output2EDM4hep INFO  +++ Saving EDM4hep event 621 run 0.
GenerationInit   INFO  +++ Initializing event 623. Within run:0 event 623.
ParticleHandler  INFO  +++ Event 622 Begin event action. Access event related information.
Geant4Output2EDM4hep INFO  +++ Saving EDM4hep event 622 run 0.
GenerationInit   INFO  +++ Initializing event 624. Within run:0 event 624.
ParticleHandler  INFO  +++ Event 623 Begin event action. Access event related information.
Geant4Output2EDM4hep INFO  +++ Saving EDM4hep event 623 run 0.
GenerationInit   INFO  +++ Initializing event 625. Within run:0 event 625.
ParticleHandler  INFO  +++ Event 624 Begin event action. Access event related information.
Geant4Output2EDM4hep INFO  +++ Saving EDM4hep event 624 run 0.
GenerationInit   INFO  +++ Initializing event 626. Within run:0 event 626.
ParticleHandler  INFO  +++ Event 625 Begin event action. Access event related information.
Geant4Output2EDM4hep INFO  +++ Saving EDM4hep event 625 run 0.
GenerationInit   INFO  +++ Initializing event 627. Within run:0 event 627.
ParticleHandler  INFO  +++ Event 626 Begin event action. Access event related information.
Geant4Output2EDM4hep INFO  +++ Saving EDM4hep event 626 run 0.
GenerationInit   INFO  +++ Initializing event 628. Within run:0 event 628.
ParticleHandler  INFO  +++ Event 627 Begin event action. Access event related information.
Geant4Output2EDM4hep INFO  +++ Saving EDM4hep event 627 run 0.
GenerationInit   INFO  +++ Initializing event 629. Within run:0 event 629.
ParticleHandler  INFO  +++ Event 628 Begin event action. Access event related information.
Geant4Output2EDM4hep INFO  +++ Saving EDM4hep event 628 run 0.
GenerationInit   INFO  +++ Initializing event 630. Within run:0 event 630.
ParticleHandler  INFO  +++ Event 629 Begin event action. Access event related information.
Geant4Output2EDM4hep INFO  +++ Saving EDM4hep event 629 run 0.
GenerationInit   INFO  +++ Initializing event 631. Within run:0 event 631.
ParticleHandler  INFO  +++ Event 630 Begin event action. Access event related information.
Geant4Output2EDM4hep INFO  +++ Saving EDM4hep event 630 run 0.
GenerationInit   INFO  +++ Initializing event 632. Within run:0 event 632.
ParticleHandler  INFO  +++ Event 631 Begin event action. Access event related information.
Geant4Output2EDM4hep INFO  +++ Saving EDM4hep event 631 run 0.
GenerationInit   INFO  +++ Initializing event 633. Within run:0 event 633.
ParticleHandler  INFO  +++ Event 632 Begin event action. Access event related information.
Geant4Output2EDM4hep INFO  +++ Saving EDM4hep event 632 run 0.
GenerationInit   INFO  +++ Initializing event 634. Within run:0 event 634.
ParticleHandler  INFO  +++ Event 633 Begin event action. Access event related information.
Geant4Output2EDM4hep INFO  +++ Saving EDM4hep event 633 run 0.
GenerationInit   INFO  +++ Initializing event 635. Within run:0 event 635.
ParticleHandler  INFO  +++ Event 634 Begin event action. Access event related information.
Geant4Output2EDM4hep INFO  +++ Saving EDM4hep event 634 run 0.
GenerationInit   INFO  +++ Initializing event 636. Within run:0 event 636.
ParticleHandler  INFO  +++ Event 635 Begin event action. Access event related information.
Geant4Output2EDM4hep INFO  +++ Saving EDM4hep event 635 run 0.
GenerationInit   INFO  +++ Initializing event 637. Within run:0 event 637.
ParticleHandler  INFO  +++ Event 636 Begin event action. Access event related information.
Geant4Output2EDM4hep INFO  +++ Saving EDM4hep event 636 run 0.
GenerationInit   INFO  +++ Initializing event 638. Within run:0 event 638.
ParticleHandler  INFO  +++ Event 637 Begin event action. Access event related information.
Geant4Output2EDM4hep INFO  +++ Saving EDM4hep event 637 run 0.
GenerationInit   INFO  +++ Initializing event 639. Within run:0 event 639.
ParticleHandler  INFO  +++ Event 638 Begin event action. Access event related information.
Geant4Output2EDM4hep INFO  +++ Saving EDM4hep event 638 run 0.
GenerationInit   INFO  +++ Initializing event 640. Within run:0 event 640.
ParticleHandler  INFO  +++ Event 639 Begin event action. Access event related information.
Geant4Output2EDM4hep INFO  +++ Saving EDM4hep event 639 run 0.
GenerationInit   INFO  +++ Initializing event 641. Within run:0 event 641.
ParticleHandler  INFO  +++ Event 640 Begin event action. Access event related information.
Geant4Output2EDM4hep INFO  +++ Saving EDM4hep event 640 run 0.
GenerationInit   INFO  +++ Initializing event 642. Within run:0 event 642.
ParticleHandler  INFO  +++ Event 641 Begin event action. Access event related information.
Geant4Output2EDM4hep INFO  +++ Saving EDM4hep event 641 run 0.
GenerationInit   INFO  +++ Initializing event 643. Within run:0 event 643.
ParticleHandler  INFO  +++ Event 642 Begin event action. Access event related information.
Geant4Output2EDM4hep INFO  +++ Saving EDM4hep event 642 run 0.
GenerationInit   INFO  +++ Initializing event 644. Within run:0 event 644.
ParticleHandler  INFO  +++ Event 643 Begin event action. Access event related information.
Geant4Output2EDM4hep INFO  +++ Saving EDM4hep event 643 run 0.
GenerationInit   INFO  +++ Initializing event 645. Within run:0 event 645.
ParticleHandler  INFO  +++ Event 644 Begin event action. Access event related information.
Geant4Output2EDM4hep INFO  +++ Saving EDM4hep event 644 run 0.
GenerationInit   INFO  +++ Initializing event 646. Within run:0 event 646.
ParticleHandler  INFO  +++ Event 645 Begin event action. Access event related information.
Geant4Output2EDM4hep INFO  +++ Saving EDM4hep event 645 run 0.
GenerationInit   INFO  +++ Initializing event 647. Within run:0 event 647.
ParticleHandler  INFO  +++ Event 646 Begin event action. Access event related information.
Geant4Output2EDM4hep INFO  +++ Saving EDM4hep event 646 run 0.
GenerationInit   INFO  +++ Initializing event 648. Within run:0 event 648.
ParticleHandler  INFO  +++ Event 647 Begin event action. Access event related information.
Geant4Output2EDM4hep INFO  +++ Saving EDM4hep event 647 run 0.
GenerationInit   INFO  +++ Initializing event 649. Within run:0 event 649.
ParticleHandler  INFO  +++ Event 648 Begin event action. Access event related information.
Geant4Output2EDM4hep INFO  +++ Saving EDM4hep event 648 run 0.
GenerationInit   INFO  +++ Initializing event 650. Within run:0 event 650.
ParticleHandler  INFO  +++ Event 649 Begin event action. Access event related information.
Geant4Output2EDM4hep INFO  +++ Saving EDM4hep event 649 run 0.
GenerationInit   INFO  +++ Initializing event 651. Within run:0 event 651.
ParticleHandler  INFO  +++ Event 650 Begin event action. Access event related information.
Geant4Output2EDM4hep INFO  +++ Saving EDM4hep event 650 run 0.
GenerationInit   INFO  +++ Initializing event 652. Within run:0 event 652.
ParticleHandler  INFO  +++ Event 651 Begin event action. Access event related information.
Geant4Output2EDM4hep INFO  +++ Saving EDM4hep event 651 run 0.
GenerationInit   INFO  +++ Initializing event 653. Within run:0 event 653.
ParticleHandler  INFO  +++ Event 652 Begin event action. Access event related information.
Geant4Output2EDM4hep INFO  +++ Saving EDM4hep event 652 run 0.
GenerationInit   INFO  +++ Initializing event 654. Within run:0 event 654.
ParticleHandler  INFO  +++ Event 653 Begin event action. Access event related information.
Geant4Output2EDM4hep INFO  +++ Saving EDM4hep event 653 run 0.
GenerationInit   INFO  +++ Initializing event 655. Within run:0 event 655.
ParticleHandler  INFO  +++ Event 654 Begin event action. Access event related information.
Geant4Output2EDM4hep INFO  +++ Saving EDM4hep event 654 run 0.
GenerationInit   INFO  +++ Initializing event 656. Within run:0 event 656.
ParticleHandler  INFO  +++ Event 655 Begin event action. Access event related information.
Geant4Output2EDM4hep INFO  +++ Saving EDM4hep event 655 run 0.
GenerationInit   INFO  +++ Initializing event 657. Within run:0 event 657.
ParticleHandler  INFO  +++ Event 656 Begin event action. Access event related information.
Geant4Output2EDM4hep INFO  +++ Saving EDM4hep event 656 run 0.
GenerationInit   INFO  +++ Initializing event 658. Within run:0 event 658.
ParticleHandler  INFO  +++ Event 657 Begin event action. Access event related information.
Geant4Output2EDM4hep INFO  +++ Saving EDM4hep event 657 run 0.
GenerationInit   INFO  +++ Initializing event 659. Within run:0 event 659.
ParticleHandler  INFO  +++ Event 658 Begin event action. Access event related information.
Geant4Output2EDM4hep INFO  +++ Saving EDM4hep event 658 run 0.
GenerationInit   INFO  +++ Initializing event 660. Within run:0 event 660.
ParticleHandler  INFO  +++ Event 659 Begin event action. Access event related information.
Geant4Output2EDM4hep INFO  +++ Saving EDM4hep event 659 run 0.
GenerationInit   INFO  +++ Initializing event 661. Within run:0 event 661.
ParticleHandler  INFO  +++ Event 660 Begin event action. Access event related information.
Geant4Output2EDM4hep INFO  +++ Saving EDM4hep event 660 run 0.
GenerationInit   INFO  +++ Initializing event 662. Within run:0 event 662.
ParticleHandler  INFO  +++ Event 661 Begin event action. Access event related information.
Geant4Output2EDM4hep INFO  +++ Saving EDM4hep event 661 run 0.
GenerationInit   INFO  +++ Initializing event 663. Within run:0 event 663.
ParticleHandler  INFO  +++ Event 662 Begin event action. Access event related information.
Geant4Output2EDM4hep INFO  +++ Saving EDM4hep event 662 run 0.
GenerationInit   INFO  +++ Initializing event 664. Within run:0 event 664.
ParticleHandler  INFO  +++ Event 663 Begin event action. Access event related information.
Geant4Output2EDM4hep INFO  +++ Saving EDM4hep event 663 run 0.
GenerationInit   INFO  +++ Initializing event 665. Within run:0 event 665.
ParticleHandler  INFO  +++ Event 664 Begin event action. Access event related information.
Geant4Output2EDM4hep INFO  +++ Saving EDM4hep event 664 run 0.
GenerationInit   INFO  +++ Initializing event 666. Within run:0 event 666.
ParticleHandler  INFO  +++ Event 665 Begin event action. Access event related information.
Geant4Output2EDM4hep INFO  +++ Saving EDM4hep event 665 run 0.
GenerationInit   INFO  +++ Initializing event 667. Within run:0 event 667.
ParticleHandler  INFO  +++ Event 666 Begin event action. Access event related information.
Geant4Output2EDM4hep INFO  +++ Saving EDM4hep event 666 run 0.
GenerationInit   INFO  +++ Initializing event 668. Within run:0 event 668.
ParticleHandler  INFO  +++ Event 667 Begin event action. Access event related information.
Geant4Output2EDM4hep INFO  +++ Saving EDM4hep event 667 run 0.
GenerationInit   INFO  +++ Initializing event 669. Within run:0 event 669.
ParticleHandler  INFO  +++ Event 668 Begin event action. Access event related information.
Geant4Output2EDM4hep INFO  +++ Saving EDM4hep event 668 run 0.
GenerationInit   INFO  +++ Initializing event 670. Within run:0 event 670.
ParticleHandler  INFO  +++ Event 669 Begin event action. Access event related information.
Geant4Output2EDM4hep INFO  +++ Saving EDM4hep event 669 run 0.
GenerationInit   INFO  +++ Initializing event 671. Within run:0 event 671.
ParticleHandler  INFO  +++ Event 670 Begin event action. Access event related information.
Geant4Output2EDM4hep INFO  +++ Saving EDM4hep event 670 run 0.
GenerationInit   INFO  +++ Initializing event 672. Within run:0 event 672.
ParticleHandler  INFO  +++ Event 671 Begin event action. Access event related information.
Geant4Output2EDM4hep INFO  +++ Saving EDM4hep event 671 run 0.
GenerationInit   INFO  +++ Initializing event 673. Within run:0 event 673.
ParticleHandler  INFO  +++ Event 672 Begin event action. Access event related information.
Geant4Output2EDM4hep INFO  +++ Saving EDM4hep event 672 run 0.
GenerationInit   INFO  +++ Initializing event 674. Within run:0 event 674.
ParticleHandler  INFO  +++ Event 673 Begin event action. Access event related information.
Geant4Output2EDM4hep INFO  +++ Saving EDM4hep event 673 run 0.
GenerationInit   INFO  +++ Initializing event 675. Within run:0 event 675.
ParticleHandler  INFO  +++ Event 674 Begin event action. Access event related information.
Geant4Output2EDM4hep INFO  +++ Saving EDM4hep event 674 run 0.
GenerationInit   INFO  +++ Initializing event 676. Within run:0 event 676.
ParticleHandler  INFO  +++ Event 675 Begin event action. Access event related information.
Geant4Output2EDM4hep INFO  +++ Saving EDM4hep event 675 run 0.
GenerationInit   INFO  +++ Initializing event 677. Within run:0 event 677.
ParticleHandler  INFO  +++ Event 676 Begin event action. Access event related information.
Geant4Output2EDM4hep INFO  +++ Saving EDM4hep event 676 run 0.
GenerationInit   INFO  +++ Initializing event 678. Within run:0 event 678.
ParticleHandler  INFO  +++ Event 677 Begin event action. Access event related information.
Geant4Output2EDM4hep INFO  +++ Saving EDM4hep event 677 run 0.
GenerationInit   INFO  +++ Initializing event 679. Within run:0 event 679.
ParticleHandler  INFO  +++ Event 678 Begin event action. Access event related information.
Geant4Output2EDM4hep INFO  +++ Saving EDM4hep event 678 run 0.
GenerationInit   INFO  +++ Initializing event 680. Within run:0 event 680.
ParticleHandler  INFO  +++ Event 679 Begin event action. Access event related information.
Geant4Output2EDM4hep INFO  +++ Saving EDM4hep event 679 run 0.
GenerationInit   INFO  +++ Initializing event 681. Within run:0 event 681.
ParticleHandler  INFO  +++ Event 680 Begin event action. Access event related information.
Geant4Output2EDM4hep INFO  +++ Saving EDM4hep event 680 run 0.
GenerationInit   INFO  +++ Initializing event 682. Within run:0 event 682.
ParticleHandler  INFO  +++ Event 681 Begin event action. Access event related information.
Geant4Output2EDM4hep INFO  +++ Saving EDM4hep event 681 run 0.
GenerationInit   INFO  +++ Initializing event 683. Within run:0 event 683.
ParticleHandler  INFO  +++ Event 682 Begin event action. Access event related information.
Geant4Output2EDM4hep INFO  +++ Saving EDM4hep event 682 run 0.
GenerationInit   INFO  +++ Initializing event 684. Within run:0 event 684.
ParticleHandler  INFO  +++ Event 683 Begin event action. Access event related information.
Geant4Output2EDM4hep INFO  +++ Saving EDM4hep event 683 run 0.
GenerationInit   INFO  +++ Initializing event 685. Within run:0 event 685.
ParticleHandler  INFO  +++ Event 684 Begin event action. Access event related information.
Geant4Output2EDM4hep INFO  +++ Saving EDM4hep event 684 run 0.
GenerationInit   INFO  +++ Initializing event 686. Within run:0 event 686.
ParticleHandler  INFO  +++ Event 685 Begin event action. Access event related information.
Geant4Output2EDM4hep INFO  +++ Saving EDM4hep event 685 run 0.
GenerationInit   INFO  +++ Initializing event 687. Within run:0 event 687.
ParticleHandler  INFO  +++ Event 686 Begin event action. Access event related information.
Geant4Output2EDM4hep INFO  +++ Saving EDM4hep event 686 run 0.
GenerationInit   INFO  +++ Initializing event 688. Within run:0 event 688.
ParticleHandler  INFO  +++ Event 687 Begin event action. Access event related information.
Geant4Output2EDM4hep INFO  +++ Saving EDM4hep event 687 run 0.
GenerationInit   INFO  +++ Initializing event 689. Within run:0 event 689.
ParticleHandler  INFO  +++ Event 688 Begin event action. Access event related information.
Geant4Output2EDM4hep INFO  +++ Saving EDM4hep event 688 run 0.
GenerationInit   INFO  +++ Initializing event 690. Within run:0 event 690.
ParticleHandler  INFO  +++ Event 689 Begin event action. Access event related information.
Geant4Output2EDM4hep INFO  +++ Saving EDM4hep event 689 run 0.
GenerationInit   INFO  +++ Initializing event 691. Within run:0 event 691.
ParticleHandler  INFO  +++ Event 690 Begin event action. Access event related information.
Geant4Output2EDM4hep INFO  +++ Saving EDM4hep event 690 run 0.
GenerationInit   INFO  +++ Initializing event 692. Within run:0 event 692.
ParticleHandler  INFO  +++ Event 691 Begin event action. Access event related information.
Geant4Output2EDM4hep INFO  +++ Saving EDM4hep event 691 run 0.
GenerationInit   INFO  +++ Initializing event 693. Within run:0 event 693.
ParticleHandler  INFO  +++ Event 692 Begin event action. Access event related information.
Geant4Output2EDM4hep INFO  +++ Saving EDM4hep event 692 run 0.
GenerationInit   INFO  +++ Initializing event 694. Within run:0 event 694.
ParticleHandler  INFO  +++ Event 693 Begin event action. Access event related information.
Geant4Output2EDM4hep INFO  +++ Saving EDM4hep event 693 run 0.
GenerationInit   INFO  +++ Initializing event 695. Within run:0 event 695.
ParticleHandler  INFO  +++ Event 694 Begin event action. Access event related information.
Geant4Output2EDM4hep INFO  +++ Saving EDM4hep event 694 run 0.
GenerationInit   INFO  +++ Initializing event 696. Within run:0 event 696.
ParticleHandler  INFO  +++ Event 695 Begin event action. Access event related information.
Geant4Output2EDM4hep INFO  +++ Saving EDM4hep event 695 run 0.
GenerationInit   INFO  +++ Initializing event 697. Within run:0 event 697.
ParticleHandler  INFO  +++ Event 696 Begin event action. Access event related information.
Geant4Output2EDM4hep INFO  +++ Saving EDM4hep event 696 run 0.
GenerationInit   INFO  +++ Initializing event 698. Within run:0 event 698.
ParticleHandler  INFO  +++ Event 697 Begin event action. Access event related information.
Geant4Output2EDM4hep INFO  +++ Saving EDM4hep event 697 run 0.
GenerationInit   INFO  +++ Initializing event 699. Within run:0 event 699.
ParticleHandler  INFO  +++ Event 698 Begin event action. Access event related information.
Geant4Output2EDM4hep INFO  +++ Saving EDM4hep event 698 run 0.
GenerationInit   INFO  +++ Initializing event 700. Within run:0 event 700.
ParticleHandler  INFO  +++ Event 699 Begin event action. Access event related information.
Geant4Output2EDM4hep INFO  +++ Saving EDM4hep event 699 run 0.
GenerationInit   INFO  +++ Initializing event 701. Within run:0 event 701.
ParticleHandler  INFO  +++ Event 700 Begin event action. Access event related information.
Geant4Output2EDM4hep INFO  +++ Saving EDM4hep event 700 run 0.
GenerationInit   INFO  +++ Initializing event 702. Within run:0 event 702.
ParticleHandler  INFO  +++ Event 701 Begin event action. Access event related information.
Geant4Output2EDM4hep INFO  +++ Saving EDM4hep event 701 run 0.
GenerationInit   INFO  +++ Initializing event 703. Within run:0 event 703.
ParticleHandler  INFO  +++ Event 702 Begin event action. Access event related information.
Geant4Output2EDM4hep INFO  +++ Saving EDM4hep event 702 run 0.
GenerationInit   INFO  +++ Initializing event 704. Within run:0 event 704.
ParticleHandler  INFO  +++ Event 703 Begin event action. Access event related information.
Geant4Output2EDM4hep INFO  +++ Saving EDM4hep event 703 run 0.
GenerationInit   INFO  +++ Initializing event 705. Within run:0 event 705.
ParticleHandler  INFO  +++ Event 704 Begin event action. Access event related information.
Geant4Output2EDM4hep INFO  +++ Saving EDM4hep event 704 run 0.
GenerationInit   INFO  +++ Initializing event 706. Within run:0 event 706.
ParticleHandler  INFO  +++ Event 705 Begin event action. Access event related information.
Geant4Output2EDM4hep INFO  +++ Saving EDM4hep event 705 run 0.
GenerationInit   INFO  +++ Initializing event 707. Within run:0 event 707.
ParticleHandler  INFO  +++ Event 706 Begin event action. Access event related information.
Geant4Output2EDM4hep INFO  +++ Saving EDM4hep event 706 run 0.
GenerationInit   INFO  +++ Initializing event 708. Within run:0 event 708.
ParticleHandler  INFO  +++ Event 707 Begin event action. Access event related information.
Geant4Output2EDM4hep INFO  +++ Saving EDM4hep event 707 run 0.
GenerationInit   INFO  +++ Initializing event 709. Within run:0 event 709.
ParticleHandler  INFO  +++ Event 708 Begin event action. Access event related information.
Geant4Output2EDM4hep INFO  +++ Saving EDM4hep event 708 run 0.
GenerationInit   INFO  +++ Initializing event 710. Within run:0 event 710.
ParticleHandler  INFO  +++ Event 709 Begin event action. Access event related information.
Geant4Output2EDM4hep INFO  +++ Saving EDM4hep event 709 run 0.
GenerationInit   INFO  +++ Initializing event 711. Within run:0 event 711.
ParticleHandler  INFO  +++ Event 710 Begin event action. Access event related information.
Geant4Output2EDM4hep INFO  +++ Saving EDM4hep event 710 run 0.
GenerationInit   INFO  +++ Initializing event 712. Within run:0 event 712.
ParticleHandler  INFO  +++ Event 711 Begin event action. Access event related information.
Geant4Output2EDM4hep INFO  +++ Saving EDM4hep event 711 run 0.
GenerationInit   INFO  +++ Initializing event 713. Within run:0 event 713.
ParticleHandler  INFO  +++ Event 712 Begin event action. Access event related information.
Geant4Output2EDM4hep INFO  +++ Saving EDM4hep event 712 run 0.
GenerationInit   INFO  +++ Initializing event 714. Within run:0 event 714.
ParticleHandler  INFO  +++ Event 713 Begin event action. Access event related information.
Geant4Output2EDM4hep INFO  +++ Saving EDM4hep event 713 run 0.
GenerationInit   INFO  +++ Initializing event 715. Within run:0 event 715.
ParticleHandler  INFO  +++ Event 714 Begin event action. Access event related information.
Geant4Output2EDM4hep INFO  +++ Saving EDM4hep event 714 run 0.
GenerationInit   INFO  +++ Initializing event 716. Within run:0 event 716.
ParticleHandler  INFO  +++ Event 715 Begin event action. Access event related information.
Geant4Output2EDM4hep INFO  +++ Saving EDM4hep event 715 run 0.
GenerationInit   INFO  +++ Initializing event 717. Within run:0 event 717.
ParticleHandler  INFO  +++ Event 716 Begin event action. Access event related information.
Geant4Output2EDM4hep INFO  +++ Saving EDM4hep event 716 run 0.
GenerationInit   INFO  +++ Initializing event 718. Within run:0 event 718.
ParticleHandler  INFO  +++ Event 717 Begin event action. Access event related information.
Geant4Output2EDM4hep INFO  +++ Saving EDM4hep event 717 run 0.
GenerationInit   INFO  +++ Initializing event 719. Within run:0 event 719.
ParticleHandler  INFO  +++ Event 718 Begin event action. Access event related information.
Geant4Output2EDM4hep INFO  +++ Saving EDM4hep event 718 run 0.
GenerationInit   INFO  +++ Initializing event 720. Within run:0 event 720.
ParticleHandler  INFO  +++ Event 719 Begin event action. Access event related information.
Geant4Output2EDM4hep INFO  +++ Saving EDM4hep event 719 run 0.
GenerationInit   INFO  +++ Initializing event 721. Within run:0 event 721.
ParticleHandler  INFO  +++ Event 720 Begin event action. Access event related information.
Geant4Output2EDM4hep INFO  +++ Saving EDM4hep event 720 run 0.
GenerationInit   INFO  +++ Initializing event 722. Within run:0 event 722.
ParticleHandler  INFO  +++ Event 721 Begin event action. Access event related information.
Geant4Output2EDM4hep INFO  +++ Saving EDM4hep event 721 run 0.
GenerationInit   INFO  +++ Initializing event 723. Within run:0 event 723.
ParticleHandler  INFO  +++ Event 722 Begin event action. Access event related information.
Geant4Output2EDM4hep INFO  +++ Saving EDM4hep event 722 run 0.
GenerationInit   INFO  +++ Initializing event 724. Within run:0 event 724.
ParticleHandler  INFO  +++ Event 723 Begin event action. Access event related information.
Geant4Output2EDM4hep INFO  +++ Saving EDM4hep event 723 run 0.
GenerationInit   INFO  +++ Initializing event 725. Within run:0 event 725.
ParticleHandler  INFO  +++ Event 724 Begin event action. Access event related information.
Geant4Output2EDM4hep INFO  +++ Saving EDM4hep event 724 run 0.
GenerationInit   INFO  +++ Initializing event 726. Within run:0 event 726.
ParticleHandler  INFO  +++ Event 725 Begin event action. Access event related information.
Geant4Output2EDM4hep INFO  +++ Saving EDM4hep event 725 run 0.
GenerationInit   INFO  +++ Initializing event 727. Within run:0 event 727.
ParticleHandler  INFO  +++ Event 726 Begin event action. Access event related information.
Geant4Output2EDM4hep INFO  +++ Saving EDM4hep event 726 run 0.
GenerationInit   INFO  +++ Initializing event 728. Within run:0 event 728.
ParticleHandler  INFO  +++ Event 727 Begin event action. Access event related information.
Geant4Output2EDM4hep INFO  +++ Saving EDM4hep event 727 run 0.
GenerationInit   INFO  +++ Initializing event 729. Within run:0 event 729.
ParticleHandler  INFO  +++ Event 728 Begin event action. Access event related information.
Geant4Output2EDM4hep INFO  +++ Saving EDM4hep event 728 run 0.
GenerationInit   INFO  +++ Initializing event 730. Within run:0 event 730.
ParticleHandler  INFO  +++ Event 729 Begin event action. Access event related information.
Geant4Output2EDM4hep INFO  +++ Saving EDM4hep event 729 run 0.
GenerationInit   INFO  +++ Initializing event 731. Within run:0 event 731.
ParticleHandler  INFO  +++ Event 730 Begin event action. Access event related information.
Geant4Output2EDM4hep INFO  +++ Saving EDM4hep event 730 run 0.
GenerationInit   INFO  +++ Initializing event 732. Within run:0 event 732.
ParticleHandler  INFO  +++ Event 731 Begin event action. Access event related information.
Geant4Output2EDM4hep INFO  +++ Saving EDM4hep event 731 run 0.
GenerationInit   INFO  +++ Initializing event 733. Within run:0 event 733.
ParticleHandler  INFO  +++ Event 732 Begin event action. Access event related information.
Geant4Output2EDM4hep INFO  +++ Saving EDM4hep event 732 run 0.
GenerationInit   INFO  +++ Initializing event 734. Within run:0 event 734.
ParticleHandler  INFO  +++ Event 733 Begin event action. Access event related information.
Geant4Output2EDM4hep INFO  +++ Saving EDM4hep event 733 run 0.
GenerationInit   INFO  +++ Initializing event 735. Within run:0 event 735.
ParticleHandler  INFO  +++ Event 734 Begin event action. Access event related information.
Geant4Output2EDM4hep INFO  +++ Saving EDM4hep event 734 run 0.
GenerationInit   INFO  +++ Initializing event 736. Within run:0 event 736.
ParticleHandler  INFO  +++ Event 735 Begin event action. Access event related information.
Geant4Output2EDM4hep INFO  +++ Saving EDM4hep event 735 run 0.
GenerationInit   INFO  +++ Initializing event 737. Within run:0 event 737.
ParticleHandler  INFO  +++ Event 736 Begin event action. Access event related information.
Geant4Output2EDM4hep INFO  +++ Saving EDM4hep event 736 run 0.
GenerationInit   INFO  +++ Initializing event 738. Within run:0 event 738.
ParticleHandler  INFO  +++ Event 737 Begin event action. Access event related information.
Geant4Output2EDM4hep INFO  +++ Saving EDM4hep event 737 run 0.
GenerationInit   INFO  +++ Initializing event 739. Within run:0 event 739.
ParticleHandler  INFO  +++ Event 738 Begin event action. Access event related information.
Geant4Output2EDM4hep INFO  +++ Saving EDM4hep event 738 run 0.
GenerationInit   INFO  +++ Initializing event 740. Within run:0 event 740.
ParticleHandler  INFO  +++ Event 739 Begin event action. Access event related information.
Geant4Output2EDM4hep INFO  +++ Saving EDM4hep event 739 run 0.
GenerationInit   INFO  +++ Initializing event 741. Within run:0 event 741.
ParticleHandler  INFO  +++ Event 740 Begin event action. Access event related information.
Geant4Output2EDM4hep INFO  +++ Saving EDM4hep event 740 run 0.
GenerationInit   INFO  +++ Initializing event 742. Within run:0 event 742.
ParticleHandler  INFO  +++ Event 741 Begin event action. Access event related information.
Geant4Output2EDM4hep INFO  +++ Saving EDM4hep event 741 run 0.
GenerationInit   INFO  +++ Initializing event 743. Within run:0 event 743.
ParticleHandler  INFO  +++ Event 742 Begin event action. Access event related information.
Geant4Output2EDM4hep INFO  +++ Saving EDM4hep event 742 run 0.
GenerationInit   INFO  +++ Initializing event 744. Within run:0 event 744.
ParticleHandler  INFO  +++ Event 743 Begin event action. Access event related information.
Geant4Output2EDM4hep INFO  +++ Saving EDM4hep event 743 run 0.
GenerationInit   INFO  +++ Initializing event 745. Within run:0 event 745.
ParticleHandler  INFO  +++ Event 744 Begin event action. Access event related information.
Geant4Output2EDM4hep INFO  +++ Saving EDM4hep event 744 run 0.
GenerationInit   INFO  +++ Initializing event 746. Within run:0 event 746.
ParticleHandler  INFO  +++ Event 745 Begin event action. Access event related information.
Geant4Output2EDM4hep INFO  +++ Saving EDM4hep event 745 run 0.
GenerationInit   INFO  +++ Initializing event 747. Within run:0 event 747.
ParticleHandler  INFO  +++ Event 746 Begin event action. Access event related information.
Geant4Output2EDM4hep INFO  +++ Saving EDM4hep event 746 run 0.
GenerationInit   INFO  +++ Initializing event 748. Within run:0 event 748.
ParticleHandler  INFO  +++ Event 747 Begin event action. Access event related information.
Geant4Output2EDM4hep INFO  +++ Saving EDM4hep event 747 run 0.
GenerationInit   INFO  +++ Initializing event 749. Within run:0 event 749.
ParticleHandler  INFO  +++ Event 748 Begin event action. Access event related information.
Geant4Output2EDM4hep INFO  +++ Saving EDM4hep event 748 run 0.
GenerationInit   INFO  +++ Initializing event 750. Within run:0 event 750.
ParticleHandler  INFO  +++ Event 749 Begin event action. Access event related information.
Geant4Output2EDM4hep INFO  +++ Saving EDM4hep event 749 run 0.
GenerationInit   INFO  +++ Initializing event 751. Within run:0 event 751.
ParticleHandler  INFO  +++ Event 750 Begin event action. Access event related information.
Geant4Output2EDM4hep INFO  +++ Saving EDM4hep event 750 run 0.
GenerationInit   INFO  +++ Initializing event 752. Within run:0 event 752.
ParticleHandler  INFO  +++ Event 751 Begin event action. Access event related information.
Geant4Output2EDM4hep INFO  +++ Saving EDM4hep event 751 run 0.
GenerationInit   INFO  +++ Initializing event 753. Within run:0 event 753.
ParticleHandler  INFO  +++ Event 752 Begin event action. Access event related information.
Geant4Output2EDM4hep INFO  +++ Saving EDM4hep event 752 run 0.
GenerationInit   INFO  +++ Initializing event 754. Within run:0 event 754.
ParticleHandler  INFO  +++ Event 753 Begin event action. Access event related information.
Geant4Output2EDM4hep INFO  +++ Saving EDM4hep event 753 run 0.
GenerationInit   INFO  +++ Initializing event 755. Within run:0 event 755.
ParticleHandler  INFO  +++ Event 754 Begin event action. Access event related information.
Geant4Output2EDM4hep INFO  +++ Saving EDM4hep event 754 run 0.
GenerationInit   INFO  +++ Initializing event 756. Within run:0 event 756.
ParticleHandler  INFO  +++ Event 755 Begin event action. Access event related information.
Geant4Output2EDM4hep INFO  +++ Saving EDM4hep event 755 run 0.
GenerationInit   INFO  +++ Initializing event 757. Within run:0 event 757.
ParticleHandler  INFO  +++ Event 756 Begin event action. Access event related information.
Geant4Output2EDM4hep INFO  +++ Saving EDM4hep event 756 run 0.
GenerationInit   INFO  +++ Initializing event 758. Within run:0 event 758.
ParticleHandler  INFO  +++ Event 757 Begin event action. Access event related information.
Geant4Output2EDM4hep INFO  +++ Saving EDM4hep event 757 run 0.
GenerationInit   INFO  +++ Initializing event 759. Within run:0 event 759.
ParticleHandler  INFO  +++ Event 758 Begin event action. Access event related information.
Geant4Output2EDM4hep INFO  +++ Saving EDM4hep event 758 run 0.
GenerationInit   INFO  +++ Initializing event 760. Within run:0 event 760.
ParticleHandler  INFO  +++ Event 759 Begin event action. Access event related information.
Geant4Output2EDM4hep INFO  +++ Saving EDM4hep event 759 run 0.
GenerationInit   INFO  +++ Initializing event 761. Within run:0 event 761.
ParticleHandler  INFO  +++ Event 760 Begin event action. Access event related information.
Geant4Output2EDM4hep INFO  +++ Saving EDM4hep event 760 run 0.
GenerationInit   INFO  +++ Initializing event 762. Within run:0 event 762.
ParticleHandler  INFO  +++ Event 761 Begin event action. Access event related information.
Geant4Output2EDM4hep INFO  +++ Saving EDM4hep event 761 run 0.
GenerationInit   INFO  +++ Initializing event 763. Within run:0 event 763.
ParticleHandler  INFO  +++ Event 762 Begin event action. Access event related information.
Geant4Output2EDM4hep INFO  +++ Saving EDM4hep event 762 run 0.
GenerationInit   INFO  +++ Initializing event 764. Within run:0 event 764.
ParticleHandler  INFO  +++ Event 763 Begin event action. Access event related information.
Geant4Output2EDM4hep INFO  +++ Saving EDM4hep event 763 run 0.
GenerationInit   INFO  +++ Initializing event 765. Within run:0 event 765.
ParticleHandler  INFO  +++ Event 764 Begin event action. Access event related information.
Geant4Output2EDM4hep INFO  +++ Saving EDM4hep event 764 run 0.
GenerationInit   INFO  +++ Initializing event 766. Within run:0 event 766.
ParticleHandler  INFO  +++ Event 765 Begin event action. Access event related information.
Geant4Output2EDM4hep INFO  +++ Saving EDM4hep event 765 run 0.
GenerationInit   INFO  +++ Initializing event 767. Within run:0 event 767.
ParticleHandler  INFO  +++ Event 766 Begin event action. Access event related information.
Geant4Output2EDM4hep INFO  +++ Saving EDM4hep event 766 run 0.
GenerationInit   INFO  +++ Initializing event 768. Within run:0 event 768.
ParticleHandler  INFO  +++ Event 767 Begin event action. Access event related information.
Geant4Output2EDM4hep INFO  +++ Saving EDM4hep event 767 run 0.
GenerationInit   INFO  +++ Initializing event 769. Within run:0 event 769.
ParticleHandler  INFO  +++ Event 768 Begin event action. Access event related information.
Geant4Output2EDM4hep INFO  +++ Saving EDM4hep event 768 run 0.
GenerationInit   INFO  +++ Initializing event 770. Within run:0 event 770.
ParticleHandler  INFO  +++ Event 769 Begin event action. Access event related information.
Geant4Output2EDM4hep INFO  +++ Saving EDM4hep event 769 run 0.
GenerationInit   INFO  +++ Initializing event 771. Within run:0 event 771.
ParticleHandler  INFO  +++ Event 770 Begin event action. Access event related information.
Geant4Output2EDM4hep INFO  +++ Saving EDM4hep event 770 run 0.
GenerationInit   INFO  +++ Initializing event 772. Within run:0 event 772.
ParticleHandler  INFO  +++ Event 771 Begin event action. Access event related information.
Geant4Output2EDM4hep INFO  +++ Saving EDM4hep event 771 run 0.
GenerationInit   INFO  +++ Initializing event 773. Within run:0 event 773.
ParticleHandler  INFO  +++ Event 772 Begin event action. Access event related information.
Geant4Output2EDM4hep INFO  +++ Saving EDM4hep event 772 run 0.
GenerationInit   INFO  +++ Initializing event 774. Within run:0 event 774.
ParticleHandler  INFO  +++ Event 773 Begin event action. Access event related information.
Geant4Output2EDM4hep INFO  +++ Saving EDM4hep event 773 run 0.
GenerationInit   INFO  +++ Initializing event 775. Within run:0 event 775.
ParticleHandler  INFO  +++ Event 774 Begin event action. Access event related information.
Geant4Output2EDM4hep INFO  +++ Saving EDM4hep event 774 run 0.
GenerationInit   INFO  +++ Initializing event 776. Within run:0 event 776.
ParticleHandler  INFO  +++ Event 775 Begin event action. Access event related information.
Geant4Output2EDM4hep INFO  +++ Saving EDM4hep event 775 run 0.
GenerationInit   INFO  +++ Initializing event 777. Within run:0 event 777.
ParticleHandler  INFO  +++ Event 776 Begin event action. Access event related information.
Geant4Output2EDM4hep INFO  +++ Saving EDM4hep event 776 run 0.
GenerationInit   INFO  +++ Initializing event 778. Within run:0 event 778.
ParticleHandler  INFO  +++ Event 777 Begin event action. Access event related information.
Geant4Output2EDM4hep INFO  +++ Saving EDM4hep event 777 run 0.
GenerationInit   INFO  +++ Initializing event 779. Within run:0 event 779.
ParticleHandler  INFO  +++ Event 778 Begin event action. Access event related information.
Geant4Output2EDM4hep INFO  +++ Saving EDM4hep event 778 run 0.
GenerationInit   INFO  +++ Initializing event 780. Within run:0 event 780.
ParticleHandler  INFO  +++ Event 779 Begin event action. Access event related information.
Geant4Output2EDM4hep INFO  +++ Saving EDM4hep event 779 run 0.
GenerationInit   INFO  +++ Initializing event 781. Within run:0 event 781.
ParticleHandler  INFO  +++ Event 780 Begin event action. Access event related information.
Geant4Output2EDM4hep INFO  +++ Saving EDM4hep event 780 run 0.
GenerationInit   INFO  +++ Initializing event 782. Within run:0 event 782.
ParticleHandler  INFO  +++ Event 781 Begin event action. Access event related information.
Geant4Output2EDM4hep INFO  +++ Saving EDM4hep event 781 run 0.
GenerationInit   INFO  +++ Initializing event 783. Within run:0 event 783.
ParticleHandler  INFO  +++ Event 782 Begin event action. Access event related information.
Geant4Output2EDM4hep INFO  +++ Saving EDM4hep event 782 run 0.
GenerationInit   INFO  +++ Initializing event 784. Within run:0 event 784.
ParticleHandler  INFO  +++ Event 783 Begin event action. Access event related information.
Geant4Output2EDM4hep INFO  +++ Saving EDM4hep event 783 run 0.
GenerationInit   INFO  +++ Initializing event 785. Within run:0 event 785.
ParticleHandler  INFO  +++ Event 784 Begin event action. Access event related information.
Geant4Output2EDM4hep INFO  +++ Saving EDM4hep event 784 run 0.
GenerationInit   INFO  +++ Initializing event 786. Within run:0 event 786.
ParticleHandler  INFO  +++ Event 785 Begin event action. Access event related information.
Geant4Output2EDM4hep INFO  +++ Saving EDM4hep event 785 run 0.
GenerationInit   INFO  +++ Initializing event 787. Within run:0 event 787.
ParticleHandler  INFO  +++ Event 786 Begin event action. Access event related information.
Geant4Output2EDM4hep INFO  +++ Saving EDM4hep event 786 run 0.
GenerationInit   INFO  +++ Initializing event 788. Within run:0 event 788.
ParticleHandler  INFO  +++ Event 787 Begin event action. Access event related information.
Geant4Output2EDM4hep INFO  +++ Saving EDM4hep event 787 run 0.
GenerationInit   INFO  +++ Initializing event 789. Within run:0 event 789.
ParticleHandler  INFO  +++ Event 788 Begin event action. Access event related information.
Geant4Output2EDM4hep INFO  +++ Saving EDM4hep event 788 run 0.
GenerationInit   INFO  +++ Initializing event 790. Within run:0 event 790.
ParticleHandler  INFO  +++ Event 789 Begin event action. Access event related information.
Geant4Output2EDM4hep INFO  +++ Saving EDM4hep event 789 run 0.
GenerationInit   INFO  +++ Initializing event 791. Within run:0 event 791.
ParticleHandler  INFO  +++ Event 790 Begin event action. Access event related information.
Geant4Output2EDM4hep INFO  +++ Saving EDM4hep event 790 run 0.
GenerationInit   INFO  +++ Initializing event 792. Within run:0 event 792.
ParticleHandler  INFO  +++ Event 791 Begin event action. Access event related information.
Geant4Output2EDM4hep INFO  +++ Saving EDM4hep event 791 run 0.
GenerationInit   INFO  +++ Initializing event 793. Within run:0 event 793.
ParticleHandler  INFO  +++ Event 792 Begin event action. Access event related information.
Geant4Output2EDM4hep INFO  +++ Saving EDM4hep event 792 run 0.
GenerationInit   INFO  +++ Initializing event 794. Within run:0 event 794.
ParticleHandler  INFO  +++ Event 793 Begin event action. Access event related information.
Geant4Output2EDM4hep INFO  +++ Saving EDM4hep event 793 run 0.
GenerationInit   INFO  +++ Initializing event 795. Within run:0 event 795.
ParticleHandler  INFO  +++ Event 794 Begin event action. Access event related information.
Geant4Output2EDM4hep INFO  +++ Saving EDM4hep event 794 run 0.
GenerationInit   INFO  +++ Initializing event 796. Within run:0 event 796.
ParticleHandler  INFO  +++ Event 795 Begin event action. Access event related information.
Geant4Output2EDM4hep INFO  +++ Saving EDM4hep event 795 run 0.
GenerationInit   INFO  +++ Initializing event 797. Within run:0 event 797.
ParticleHandler  INFO  +++ Event 796 Begin event action. Access event related information.
Geant4Output2EDM4hep INFO  +++ Saving EDM4hep event 796 run 0.
GenerationInit   INFO  +++ Initializing event 798. Within run:0 event 798.
ParticleHandler  INFO  +++ Event 797 Begin event action. Access event related information.
Geant4Output2EDM4hep INFO  +++ Saving EDM4hep event 797 run 0.
GenerationInit   INFO  +++ Initializing event 799. Within run:0 event 799.
ParticleHandler  INFO  +++ Event 798 Begin event action. Access event related information.
Geant4Output2EDM4hep INFO  +++ Saving EDM4hep event 798 run 0.
GenerationInit   INFO  +++ Initializing event 800. Within run:0 event 800.
ParticleHandler  INFO  +++ Event 799 Begin event action. Access event related information.
Geant4Output2EDM4hep INFO  +++ Saving EDM4hep event 799 run 0.
GenerationInit   INFO  +++ Initializing event 801. Within run:0 event 801.
ParticleHandler  INFO  +++ Event 800 Begin event action. Access event related information.
Geant4Output2EDM4hep INFO  +++ Saving EDM4hep event 800 run 0.
GenerationInit   INFO  +++ Initializing event 802. Within run:0 event 802.
ParticleHandler  INFO  +++ Event 801 Begin event action. Access event related information.
Geant4Output2EDM4hep INFO  +++ Saving EDM4hep event 801 run 0.
GenerationInit   INFO  +++ Initializing event 803. Within run:0 event 803.
ParticleHandler  INFO  +++ Event 802 Begin event action. Access event related information.
Geant4Output2EDM4hep INFO  +++ Saving EDM4hep event 802 run 0.
GenerationInit   INFO  +++ Initializing event 804. Within run:0 event 804.
ParticleHandler  INFO  +++ Event 803 Begin event action. Access event related information.
Geant4Output2EDM4hep INFO  +++ Saving EDM4hep event 803 run 0.
GenerationInit   INFO  +++ Initializing event 805. Within run:0 event 805.
ParticleHandler  INFO  +++ Event 804 Begin event action. Access event related information.
Geant4Output2EDM4hep INFO  +++ Saving EDM4hep event 804 run 0.
GenerationInit   INFO  +++ Initializing event 806. Within run:0 event 806.
ParticleHandler  INFO  +++ Event 805 Begin event action. Access event related information.
Geant4Output2EDM4hep INFO  +++ Saving EDM4hep event 805 run 0.
GenerationInit   INFO  +++ Initializing event 807. Within run:0 event 807.
ParticleHandler  INFO  +++ Event 806 Begin event action. Access event related information.
Geant4Output2EDM4hep INFO  +++ Saving EDM4hep event 806 run 0.
GenerationInit   INFO  +++ Initializing event 808. Within run:0 event 808.
ParticleHandler  INFO  +++ Event 807 Begin event action. Access event related information.
Geant4Output2EDM4hep INFO  +++ Saving EDM4hep event 807 run 0.
GenerationInit   INFO  +++ Initializing event 809. Within run:0 event 809.
ParticleHandler  INFO  +++ Event 808 Begin event action. Access event related information.
Geant4Output2EDM4hep INFO  +++ Saving EDM4hep event 808 run 0.
GenerationInit   INFO  +++ Initializing event 810. Within run:0 event 810.
ParticleHandler  INFO  +++ Event 809 Begin event action. Access event related information.
Geant4Output2EDM4hep INFO  +++ Saving EDM4hep event 809 run 0.
GenerationInit   INFO  +++ Initializing event 811. Within run:0 event 811.
ParticleHandler  INFO  +++ Event 810 Begin event action. Access event related information.
Geant4Output2EDM4hep INFO  +++ Saving EDM4hep event 810 run 0.
GenerationInit   INFO  +++ Initializing event 812. Within run:0 event 812.
ParticleHandler  INFO  +++ Event 811 Begin event action. Access event related information.
Geant4Output2EDM4hep INFO  +++ Saving EDM4hep event 811 run 0.
GenerationInit   INFO  +++ Initializing event 813. Within run:0 event 813.
ParticleHandler  INFO  +++ Event 812 Begin event action. Access event related information.
Geant4Output2EDM4hep INFO  +++ Saving EDM4hep event 812 run 0.
GenerationInit   INFO  +++ Initializing event 814. Within run:0 event 814.
ParticleHandler  INFO  +++ Event 813 Begin event action. Access event related information.
Geant4Output2EDM4hep INFO  +++ Saving EDM4hep event 813 run 0.
GenerationInit   INFO  +++ Initializing event 815. Within run:0 event 815.
ParticleHandler  INFO  +++ Event 814 Begin event action. Access event related information.
Geant4Output2EDM4hep INFO  +++ Saving EDM4hep event 814 run 0.
GenerationInit   INFO  +++ Initializing event 816. Within run:0 event 816.
ParticleHandler  INFO  +++ Event 815 Begin event action. Access event related information.
Geant4Output2EDM4hep INFO  +++ Saving EDM4hep event 815 run 0.
GenerationInit   INFO  +++ Initializing event 817. Within run:0 event 817.
ParticleHandler  INFO  +++ Event 816 Begin event action. Access event related information.
Geant4Output2EDM4hep INFO  +++ Saving EDM4hep event 816 run 0.
GenerationInit   INFO  +++ Initializing event 818. Within run:0 event 818.
ParticleHandler  INFO  +++ Event 817 Begin event action. Access event related information.
Geant4Output2EDM4hep INFO  +++ Saving EDM4hep event 817 run 0.
GenerationInit   INFO  +++ Initializing event 819. Within run:0 event 819.
ParticleHandler  INFO  +++ Event 818 Begin event action. Access event related information.
Geant4Output2EDM4hep INFO  +++ Saving EDM4hep event 818 run 0.
GenerationInit   INFO  +++ Initializing event 820. Within run:0 event 820.
ParticleHandler  INFO  +++ Event 819 Begin event action. Access event related information.
Geant4Output2EDM4hep INFO  +++ Saving EDM4hep event 819 run 0.
GenerationInit   INFO  +++ Initializing event 821. Within run:0 event 821.
ParticleHandler  INFO  +++ Event 820 Begin event action. Access event related information.
Geant4Output2EDM4hep INFO  +++ Saving EDM4hep event 820 run 0.
GenerationInit   INFO  +++ Initializing event 822. Within run:0 event 822.
ParticleHandler  INFO  +++ Event 821 Begin event action. Access event related information.
Geant4Output2EDM4hep INFO  +++ Saving EDM4hep event 821 run 0.
GenerationInit   INFO  +++ Initializing event 823. Within run:0 event 823.
ParticleHandler  INFO  +++ Event 822 Begin event action. Access event related information.
Geant4Output2EDM4hep INFO  +++ Saving EDM4hep event 822 run 0.
GenerationInit   INFO  +++ Initializing event 824. Within run:0 event 824.
ParticleHandler  INFO  +++ Event 823 Begin event action. Access event related information.
Geant4Output2EDM4hep INFO  +++ Saving EDM4hep event 823 run 0.
GenerationInit   INFO  +++ Initializing event 825. Within run:0 event 825.
ParticleHandler  INFO  +++ Event 824 Begin event action. Access event related information.
Geant4Output2EDM4hep INFO  +++ Saving EDM4hep event 824 run 0.
GenerationInit   INFO  +++ Initializing event 826. Within run:0 event 826.
ParticleHandler  INFO  +++ Event 825 Begin event action. Access event related information.
Geant4Output2EDM4hep INFO  +++ Saving EDM4hep event 825 run 0.
GenerationInit   INFO  +++ Initializing event 827. Within run:0 event 827.
ParticleHandler  INFO  +++ Event 826 Begin event action. Access event related information.
Geant4Output2EDM4hep INFO  +++ Saving EDM4hep event 826 run 0.
GenerationInit   INFO  +++ Initializing event 828. Within run:0 event 828.
ParticleHandler  INFO  +++ Event 827 Begin event action. Access event related information.
Geant4Output2EDM4hep INFO  +++ Saving EDM4hep event 827 run 0.
GenerationInit   INFO  +++ Initializing event 829. Within run:0 event 829.
ParticleHandler  INFO  +++ Event 828 Begin event action. Access event related information.
Geant4Output2EDM4hep INFO  +++ Saving EDM4hep event 828 run 0.
GenerationInit   INFO  +++ Initializing event 830. Within run:0 event 830.
ParticleHandler  INFO  +++ Event 829 Begin event action. Access event related information.
Geant4Output2EDM4hep INFO  +++ Saving EDM4hep event 829 run 0.
GenerationInit   INFO  +++ Initializing event 831. Within run:0 event 831.
ParticleHandler  INFO  +++ Event 830 Begin event action. Access event related information.
Geant4Output2EDM4hep INFO  +++ Saving EDM4hep event 830 run 0.
GenerationInit   INFO  +++ Initializing event 832. Within run:0 event 832.
ParticleHandler  INFO  +++ Event 831 Begin event action. Access event related information.
Geant4Output2EDM4hep INFO  +++ Saving EDM4hep event 831 run 0.
GenerationInit   INFO  +++ Initializing event 833. Within run:0 event 833.
ParticleHandler  INFO  +++ Event 832 Begin event action. Access event related information.
Geant4Output2EDM4hep INFO  +++ Saving EDM4hep event 832 run 0.
GenerationInit   INFO  +++ Initializing event 834. Within run:0 event 834.
ParticleHandler  INFO  +++ Event 833 Begin event action. Access event related information.
Geant4Output2EDM4hep INFO  +++ Saving EDM4hep event 833 run 0.
GenerationInit   INFO  +++ Initializing event 835. Within run:0 event 835.
ParticleHandler  INFO  +++ Event 834 Begin event action. Access event related information.
Geant4Output2EDM4hep INFO  +++ Saving EDM4hep event 834 run 0.
GenerationInit   INFO  +++ Initializing event 836. Within run:0 event 836.
ParticleHandler  INFO  +++ Event 835 Begin event action. Access event related information.
Geant4Output2EDM4hep INFO  +++ Saving EDM4hep event 835 run 0.
GenerationInit   INFO  +++ Initializing event 837. Within run:0 event 837.
ParticleHandler  INFO  +++ Event 836 Begin event action. Access event related information.
Geant4Output2EDM4hep INFO  +++ Saving EDM4hep event 836 run 0.
GenerationInit   INFO  +++ Initializing event 838. Within run:0 event 838.
ParticleHandler  INFO  +++ Event 837 Begin event action. Access event related information.
Geant4Output2EDM4hep INFO  +++ Saving EDM4hep event 837 run 0.
GenerationInit   INFO  +++ Initializing event 839. Within run:0 event 839.
ParticleHandler  INFO  +++ Event 838 Begin event action. Access event related information.
Geant4Output2EDM4hep INFO  +++ Saving EDM4hep event 838 run 0.
GenerationInit   INFO  +++ Initializing event 840. Within run:0 event 840.
ParticleHandler  INFO  +++ Event 839 Begin event action. Access event related information.
Geant4Output2EDM4hep INFO  +++ Saving EDM4hep event 839 run 0.
GenerationInit   INFO  +++ Initializing event 841. Within run:0 event 841.
ParticleHandler  INFO  +++ Event 840 Begin event action. Access event related information.
Geant4Output2EDM4hep INFO  +++ Saving EDM4hep event 840 run 0.
GenerationInit   INFO  +++ Initializing event 842. Within run:0 event 842.
ParticleHandler  INFO  +++ Event 841 Begin event action. Access event related information.
Geant4Output2EDM4hep INFO  +++ Saving EDM4hep event 841 run 0.
GenerationInit   INFO  +++ Initializing event 843. Within run:0 event 843.
ParticleHandler  INFO  +++ Event 842 Begin event action. Access event related information.
Geant4Output2EDM4hep INFO  +++ Saving EDM4hep event 842 run 0.
GenerationInit   INFO  +++ Initializing event 844. Within run:0 event 844.
ParticleHandler  INFO  +++ Event 843 Begin event action. Access event related information.
Geant4Output2EDM4hep INFO  +++ Saving EDM4hep event 843 run 0.
GenerationInit   INFO  +++ Initializing event 845. Within run:0 event 845.
ParticleHandler  INFO  +++ Event 844 Begin event action. Access event related information.
Geant4Output2EDM4hep INFO  +++ Saving EDM4hep event 844 run 0.
GenerationInit   INFO  +++ Initializing event 846. Within run:0 event 846.
ParticleHandler  INFO  +++ Event 845 Begin event action. Access event related information.
Geant4Output2EDM4hep INFO  +++ Saving EDM4hep event 845 run 0.
GenerationInit   INFO  +++ Initializing event 847. Within run:0 event 847.
ParticleHandler  INFO  +++ Event 846 Begin event action. Access event related information.
Geant4Output2EDM4hep INFO  +++ Saving EDM4hep event 846 run 0.
GenerationInit   INFO  +++ Initializing event 848. Within run:0 event 848.
ParticleHandler  INFO  +++ Event 847 Begin event action. Access event related information.
Geant4Output2EDM4hep INFO  +++ Saving EDM4hep event 847 run 0.
GenerationInit   INFO  +++ Initializing event 849. Within run:0 event 849.
ParticleHandler  INFO  +++ Event 848 Begin event action. Access event related information.
Geant4Output2EDM4hep INFO  +++ Saving EDM4hep event 848 run 0.
GenerationInit   INFO  +++ Initializing event 850. Within run:0 event 850.
ParticleHandler  INFO  +++ Event 849 Begin event action. Access event related information.
Geant4Output2EDM4hep INFO  +++ Saving EDM4hep event 849 run 0.
GenerationInit   INFO  +++ Initializing event 851. Within run:0 event 851.
ParticleHandler  INFO  +++ Event 850 Begin event action. Access event related information.
Geant4Output2EDM4hep INFO  +++ Saving EDM4hep event 850 run 0.
GenerationInit   INFO  +++ Initializing event 852. Within run:0 event 852.
ParticleHandler  INFO  +++ Event 851 Begin event action. Access event related information.
Geant4Output2EDM4hep INFO  +++ Saving EDM4hep event 851 run 0.
GenerationInit   INFO  +++ Initializing event 853. Within run:0 event 853.
ParticleHandler  INFO  +++ Event 852 Begin event action. Access event related information.
Geant4Output2EDM4hep INFO  +++ Saving EDM4hep event 852 run 0.
GenerationInit   INFO  +++ Initializing event 854. Within run:0 event 854.
ParticleHandler  INFO  +++ Event 853 Begin event action. Access event related information.
Geant4Output2EDM4hep INFO  +++ Saving EDM4hep event 853 run 0.
GenerationInit   INFO  +++ Initializing event 855. Within run:0 event 855.
ParticleHandler  INFO  +++ Event 854 Begin event action. Access event related information.
Geant4Output2EDM4hep INFO  +++ Saving EDM4hep event 854 run 0.
GenerationInit   INFO  +++ Initializing event 856. Within run:0 event 856.
ParticleHandler  INFO  +++ Event 855 Begin event action. Access event related information.
Geant4Output2EDM4hep INFO  +++ Saving EDM4hep event 855 run 0.
GenerationInit   INFO  +++ Initializing event 857. Within run:0 event 857.
ParticleHandler  INFO  +++ Event 856 Begin event action. Access event related information.
Geant4Output2EDM4hep INFO  +++ Saving EDM4hep event 856 run 0.
GenerationInit   INFO  +++ Initializing event 858. Within run:0 event 858.
ParticleHandler  INFO  +++ Event 857 Begin event action. Access event related information.
Geant4Output2EDM4hep INFO  +++ Saving EDM4hep event 857 run 0.
GenerationInit   INFO  +++ Initializing event 859. Within run:0 event 859.
ParticleHandler  INFO  +++ Event 858 Begin event action. Access event related information.
Geant4Output2EDM4hep INFO  +++ Saving EDM4hep event 858 run 0.
GenerationInit   INFO  +++ Initializing event 860. Within run:0 event 860.
ParticleHandler  INFO  +++ Event 859 Begin event action. Access event related information.
Geant4Output2EDM4hep INFO  +++ Saving EDM4hep event 859 run 0.
GenerationInit   INFO  +++ Initializing event 861. Within run:0 event 861.
ParticleHandler  INFO  +++ Event 860 Begin event action. Access event related information.
Geant4Output2EDM4hep INFO  +++ Saving EDM4hep event 860 run 0.
GenerationInit   INFO  +++ Initializing event 862. Within run:0 event 862.
ParticleHandler  INFO  +++ Event 861 Begin event action. Access event related information.
Geant4Output2EDM4hep INFO  +++ Saving EDM4hep event 861 run 0.
GenerationInit   INFO  +++ Initializing event 863. Within run:0 event 863.
ParticleHandler  INFO  +++ Event 862 Begin event action. Access event related information.
Geant4Output2EDM4hep INFO  +++ Saving EDM4hep event 862 run 0.
GenerationInit   INFO  +++ Initializing event 864. Within run:0 event 864.
ParticleHandler  INFO  +++ Event 863 Begin event action. Access event related information.
Geant4Output2EDM4hep INFO  +++ Saving EDM4hep event 863 run 0.
GenerationInit   INFO  +++ Initializing event 865. Within run:0 event 865.
ParticleHandler  INFO  +++ Event 864 Begin event action. Access event related information.
Geant4Output2EDM4hep INFO  +++ Saving EDM4hep event 864 run 0.
GenerationInit   INFO  +++ Initializing event 866. Within run:0 event 866.
ParticleHandler  INFO  +++ Event 865 Begin event action. Access event related information.
Geant4Output2EDM4hep INFO  +++ Saving EDM4hep event 865 run 0.
GenerationInit   INFO  +++ Initializing event 867. Within run:0 event 867.
ParticleHandler  INFO  +++ Event 866 Begin event action. Access event related information.
Geant4Output2EDM4hep INFO  +++ Saving EDM4hep event 866 run 0.
GenerationInit   INFO  +++ Initializing event 868. Within run:0 event 868.
ParticleHandler  INFO  +++ Event 867 Begin event action. Access event related information.
Geant4Output2EDM4hep INFO  +++ Saving EDM4hep event 867 run 0.
GenerationInit   INFO  +++ Initializing event 869. Within run:0 event 869.
ParticleHandler  INFO  +++ Event 868 Begin event action. Access event related information.
Geant4Output2EDM4hep INFO  +++ Saving EDM4hep event 868 run 0.
GenerationInit   INFO  +++ Initializing event 870. Within run:0 event 870.
ParticleHandler  INFO  +++ Event 869 Begin event action. Access event related information.
Geant4Output2EDM4hep INFO  +++ Saving EDM4hep event 869 run 0.
GenerationInit   INFO  +++ Initializing event 871. Within run:0 event 871.
ParticleHandler  INFO  +++ Event 870 Begin event action. Access event related information.
Geant4Output2EDM4hep INFO  +++ Saving EDM4hep event 870 run 0.
GenerationInit   INFO  +++ Initializing event 872. Within run:0 event 872.
ParticleHandler  INFO  +++ Event 871 Begin event action. Access event related information.
Geant4Output2EDM4hep INFO  +++ Saving EDM4hep event 871 run 0.
GenerationInit   INFO  +++ Initializing event 873. Within run:0 event 873.
ParticleHandler  INFO  +++ Event 872 Begin event action. Access event related information.
Geant4Output2EDM4hep INFO  +++ Saving EDM4hep event 872 run 0.
GenerationInit   INFO  +++ Initializing event 874. Within run:0 event 874.
ParticleHandler  INFO  +++ Event 873 Begin event action. Access event related information.
Geant4Output2EDM4hep INFO  +++ Saving EDM4hep event 873 run 0.
GenerationInit   INFO  +++ Initializing event 875. Within run:0 event 875.
ParticleHandler  INFO  +++ Event 874 Begin event action. Access event related information.
Geant4Output2EDM4hep INFO  +++ Saving EDM4hep event 874 run 0.
GenerationInit   INFO  +++ Initializing event 876. Within run:0 event 876.
ParticleHandler  INFO  +++ Event 875 Begin event action. Access event related information.
Geant4Output2EDM4hep INFO  +++ Saving EDM4hep event 875 run 0.
GenerationInit   INFO  +++ Initializing event 877. Within run:0 event 877.
ParticleHandler  INFO  +++ Event 876 Begin event action. Access event related information.
Geant4Output2EDM4hep INFO  +++ Saving EDM4hep event 876 run 0.
GenerationInit   INFO  +++ Initializing event 878. Within run:0 event 878.
ParticleHandler  INFO  +++ Event 877 Begin event action. Access event related information.
Geant4Output2EDM4hep INFO  +++ Saving EDM4hep event 877 run 0.
GenerationInit   INFO  +++ Initializing event 879. Within run:0 event 879.
ParticleHandler  INFO  +++ Event 878 Begin event action. Access event related information.
Geant4Output2EDM4hep INFO  +++ Saving EDM4hep event 878 run 0.
GenerationInit   INFO  +++ Initializing event 880. Within run:0 event 880.
ParticleHandler  INFO  +++ Event 879 Begin event action. Access event related information.
Geant4Output2EDM4hep INFO  +++ Saving EDM4hep event 879 run 0.
GenerationInit   INFO  +++ Initializing event 881. Within run:0 event 881.
ParticleHandler  INFO  +++ Event 880 Begin event action. Access event related information.
Geant4Output2EDM4hep INFO  +++ Saving EDM4hep event 880 run 0.
GenerationInit   INFO  +++ Initializing event 882. Within run:0 event 882.
ParticleHandler  INFO  +++ Event 881 Begin event action. Access event related information.
Geant4Output2EDM4hep INFO  +++ Saving EDM4hep event 881 run 0.
GenerationInit   INFO  +++ Initializing event 883. Within run:0 event 883.
ParticleHandler  INFO  +++ Event 882 Begin event action. Access event related information.
Geant4Output2EDM4hep INFO  +++ Saving EDM4hep event 882 run 0.
GenerationInit   INFO  +++ Initializing event 884. Within run:0 event 884.
ParticleHandler  INFO  +++ Event 883 Begin event action. Access event related information.
Geant4Output2EDM4hep INFO  +++ Saving EDM4hep event 883 run 0.
GenerationInit   INFO  +++ Initializing event 885. Within run:0 event 885.
ParticleHandler  INFO  +++ Event 884 Begin event action. Access event related information.
Geant4Output2EDM4hep INFO  +++ Saving EDM4hep event 884 run 0.
GenerationInit   INFO  +++ Initializing event 886. Within run:0 event 886.
ParticleHandler  INFO  +++ Event 885 Begin event action. Access event related information.
Geant4Output2EDM4hep INFO  +++ Saving EDM4hep event 885 run 0.
GenerationInit   INFO  +++ Initializing event 887. Within run:0 event 887.
ParticleHandler  INFO  +++ Event 886 Begin event action. Access event related information.
Geant4Output2EDM4hep INFO  +++ Saving EDM4hep event 886 run 0.
GenerationInit   INFO  +++ Initializing event 888. Within run:0 event 888.
ParticleHandler  INFO  +++ Event 887 Begin event action. Access event related information.
Geant4Output2EDM4hep INFO  +++ Saving EDM4hep event 887 run 0.
GenerationInit   INFO  +++ Initializing event 889. Within run:0 event 889.
ParticleHandler  INFO  +++ Event 888 Begin event action. Access event related information.
Geant4Output2EDM4hep INFO  +++ Saving EDM4hep event 888 run 0.
GenerationInit   INFO  +++ Initializing event 890. Within run:0 event 890.
ParticleHandler  INFO  +++ Event 889 Begin event action. Access event related information.
Geant4Output2EDM4hep INFO  +++ Saving EDM4hep event 889 run 0.
GenerationInit   INFO  +++ Initializing event 891. Within run:0 event 891.
ParticleHandler  INFO  +++ Event 890 Begin event action. Access event related information.
Geant4Output2EDM4hep INFO  +++ Saving EDM4hep event 890 run 0.
GenerationInit   INFO  +++ Initializing event 892. Within run:0 event 892.
ParticleHandler  INFO  +++ Event 891 Begin event action. Access event related information.
Geant4Output2EDM4hep INFO  +++ Saving EDM4hep event 891 run 0.
GenerationInit   INFO  +++ Initializing event 893. Within run:0 event 893.
ParticleHandler  INFO  +++ Event 892 Begin event action. Access event related information.
Geant4Output2EDM4hep INFO  +++ Saving EDM4hep event 892 run 0.
GenerationInit   INFO  +++ Initializing event 894. Within run:0 event 894.
ParticleHandler  INFO  +++ Event 893 Begin event action. Access event related information.
Geant4Output2EDM4hep INFO  +++ Saving EDM4hep event 893 run 0.
GenerationInit   INFO  +++ Initializing event 895. Within run:0 event 895.
ParticleHandler  INFO  +++ Event 894 Begin event action. Access event related information.
Geant4Output2EDM4hep INFO  +++ Saving EDM4hep event 894 run 0.
GenerationInit   INFO  +++ Initializing event 896. Within run:0 event 896.
ParticleHandler  INFO  +++ Event 895 Begin event action. Access event related information.
Geant4Output2EDM4hep INFO  +++ Saving EDM4hep event 895 run 0.
GenerationInit   INFO  +++ Initializing event 897. Within run:0 event 897.
ParticleHandler  INFO  +++ Event 896 Begin event action. Access event related information.
Geant4Output2EDM4hep INFO  +++ Saving EDM4hep event 896 run 0.
GenerationInit   INFO  +++ Initializing event 898. Within run:0 event 898.
ParticleHandler  INFO  +++ Event 897 Begin event action. Access event related information.
Geant4Output2EDM4hep INFO  +++ Saving EDM4hep event 897 run 0.
GenerationInit   INFO  +++ Initializing event 899. Within run:0 event 899.
ParticleHandler  INFO  +++ Event 898 Begin event action. Access event related information.
Geant4Output2EDM4hep INFO  +++ Saving EDM4hep event 898 run 0.
GenerationInit   INFO  +++ Initializing event 900. Within run:0 event 900.
ParticleHandler  INFO  +++ Event 899 Begin event action. Access event related information.
Geant4Output2EDM4hep INFO  +++ Saving EDM4hep event 899 run 0.
GenerationInit   INFO  +++ Initializing event 901. Within run:0 event 901.
ParticleHandler  INFO  +++ Event 900 Begin event action. Access event related information.
Geant4Output2EDM4hep INFO  +++ Saving EDM4hep event 900 run 0.
GenerationInit   INFO  +++ Initializing event 902. Within run:0 event 902.
ParticleHandler  INFO  +++ Event 901 Begin event action. Access event related information.
Geant4Output2EDM4hep INFO  +++ Saving EDM4hep event 901 run 0.
GenerationInit   INFO  +++ Initializing event 903. Within run:0 event 903.
ParticleHandler  INFO  +++ Event 902 Begin event action. Access event related information.
Geant4Output2EDM4hep INFO  +++ Saving EDM4hep event 902 run 0.
GenerationInit   INFO  +++ Initializing event 904. Within run:0 event 904.
ParticleHandler  INFO  +++ Event 903 Begin event action. Access event related information.
Geant4Output2EDM4hep INFO  +++ Saving EDM4hep event 903 run 0.
GenerationInit   INFO  +++ Initializing event 905. Within run:0 event 905.
ParticleHandler  INFO  +++ Event 904 Begin event action. Access event related information.
Geant4Output2EDM4hep INFO  +++ Saving EDM4hep event 904 run 0.
GenerationInit   INFO  +++ Initializing event 906. Within run:0 event 906.
ParticleHandler  INFO  +++ Event 905 Begin event action. Access event related information.
Geant4Output2EDM4hep INFO  +++ Saving EDM4hep event 905 run 0.
GenerationInit   INFO  +++ Initializing event 907. Within run:0 event 907.
ParticleHandler  INFO  +++ Event 906 Begin event action. Access event related information.
Geant4Output2EDM4hep INFO  +++ Saving EDM4hep event 906 run 0.
GenerationInit   INFO  +++ Initializing event 908. Within run:0 event 908.
ParticleHandler  INFO  +++ Event 907 Begin event action. Access event related information.
Geant4Output2EDM4hep INFO  +++ Saving EDM4hep event 907 run 0.
GenerationInit   INFO  +++ Initializing event 909. Within run:0 event 909.
ParticleHandler  INFO  +++ Event 908 Begin event action. Access event related information.
Geant4Output2EDM4hep INFO  +++ Saving EDM4hep event 908 run 0.
GenerationInit   INFO  +++ Initializing event 910. Within run:0 event 910.
ParticleHandler  INFO  +++ Event 909 Begin event action. Access event related information.
Geant4Output2EDM4hep INFO  +++ Saving EDM4hep event 909 run 0.
GenerationInit   INFO  +++ Initializing event 911. Within run:0 event 911.
ParticleHandler  INFO  +++ Event 910 Begin event action. Access event related information.
Geant4Output2EDM4hep INFO  +++ Saving EDM4hep event 910 run 0.
GenerationInit   INFO  +++ Initializing event 912. Within run:0 event 912.
ParticleHandler  INFO  +++ Event 911 Begin event action. Access event related information.
Geant4Output2EDM4hep INFO  +++ Saving EDM4hep event 911 run 0.
GenerationInit   INFO  +++ Initializing event 913. Within run:0 event 913.
ParticleHandler  INFO  +++ Event 912 Begin event action. Access event related information.
Geant4Output2EDM4hep INFO  +++ Saving EDM4hep event 912 run 0.
GenerationInit   INFO  +++ Initializing event 914. Within run:0 event 914.
ParticleHandler  INFO  +++ Event 913 Begin event action. Access event related information.
Geant4Output2EDM4hep INFO  +++ Saving EDM4hep event 913 run 0.
GenerationInit   INFO  +++ Initializing event 915. Within run:0 event 915.
ParticleHandler  INFO  +++ Event 914 Begin event action. Access event related information.
Geant4Output2EDM4hep INFO  +++ Saving EDM4hep event 914 run 0.
GenerationInit   INFO  +++ Initializing event 916. Within run:0 event 916.
ParticleHandler  INFO  +++ Event 915 Begin event action. Access event related information.
Geant4Output2EDM4hep INFO  +++ Saving EDM4hep event 915 run 0.
GenerationInit   INFO  +++ Initializing event 917. Within run:0 event 917.
ParticleHandler  INFO  +++ Event 916 Begin event action. Access event related information.
Geant4Output2EDM4hep INFO  +++ Saving EDM4hep event 916 run 0.
GenerationInit   INFO  +++ Initializing event 918. Within run:0 event 918.
ParticleHandler  INFO  +++ Event 917 Begin event action. Access event related information.
Geant4Output2EDM4hep INFO  +++ Saving EDM4hep event 917 run 0.
GenerationInit   INFO  +++ Initializing event 919. Within run:0 event 919.
ParticleHandler  INFO  +++ Event 918 Begin event action. Access event related information.
Geant4Output2EDM4hep INFO  +++ Saving EDM4hep event 918 run 0.
GenerationInit   INFO  +++ Initializing event 920. Within run:0 event 920.
ParticleHandler  INFO  +++ Event 919 Begin event action. Access event related information.
Geant4Output2EDM4hep INFO  +++ Saving EDM4hep event 919 run 0.
GenerationInit   INFO  +++ Initializing event 921. Within run:0 event 921.
ParticleHandler  INFO  +++ Event 920 Begin event action. Access event related information.
Geant4Output2EDM4hep INFO  +++ Saving EDM4hep event 920 run 0.
GenerationInit   INFO  +++ Initializing event 922. Within run:0 event 922.
ParticleHandler  INFO  +++ Event 921 Begin event action. Access event related information.
Geant4Output2EDM4hep INFO  +++ Saving EDM4hep event 921 run 0.
GenerationInit   INFO  +++ Initializing event 923. Within run:0 event 923.
ParticleHandler  INFO  +++ Event 922 Begin event action. Access event related information.
Geant4Output2EDM4hep INFO  +++ Saving EDM4hep event 922 run 0.
GenerationInit   INFO  +++ Initializing event 924. Within run:0 event 924.
ParticleHandler  INFO  +++ Event 923 Begin event action. Access event related information.
Geant4Output2EDM4hep INFO  +++ Saving EDM4hep event 923 run 0.
GenerationInit   INFO  +++ Initializing event 925. Within run:0 event 925.
ParticleHandler  INFO  +++ Event 924 Begin event action. Access event related information.
Geant4Output2EDM4hep INFO  +++ Saving EDM4hep event 924 run 0.
GenerationInit   INFO  +++ Initializing event 926. Within run:0 event 926.
ParticleHandler  INFO  +++ Event 925 Begin event action. Access event related information.
Geant4Output2EDM4hep INFO  +++ Saving EDM4hep event 925 run 0.
GenerationInit   INFO  +++ Initializing event 927. Within run:0 event 927.
ParticleHandler  INFO  +++ Event 926 Begin event action. Access event related information.
Geant4Output2EDM4hep INFO  +++ Saving EDM4hep event 926 run 0.
GenerationInit   INFO  +++ Initializing event 928. Within run:0 event 928.
ParticleHandler  INFO  +++ Event 927 Begin event action. Access event related information.
Geant4Output2EDM4hep INFO  +++ Saving EDM4hep event 927 run 0.
GenerationInit   INFO  +++ Initializing event 929. Within run:0 event 929.
ParticleHandler  INFO  +++ Event 928 Begin event action. Access event related information.
Geant4Output2EDM4hep INFO  +++ Saving EDM4hep event 928 run 0.
GenerationInit   INFO  +++ Initializing event 930. Within run:0 event 930.
ParticleHandler  INFO  +++ Event 929 Begin event action. Access event related information.
Geant4Output2EDM4hep INFO  +++ Saving EDM4hep event 929 run 0.
GenerationInit   INFO  +++ Initializing event 931. Within run:0 event 931.
ParticleHandler  INFO  +++ Event 930 Begin event action. Access event related information.
Geant4Output2EDM4hep INFO  +++ Saving EDM4hep event 930 run 0.
GenerationInit   INFO  +++ Initializing event 932. Within run:0 event 932.
ParticleHandler  INFO  +++ Event 931 Begin event action. Access event related information.
Geant4Output2EDM4hep INFO  +++ Saving EDM4hep event 931 run 0.
GenerationInit   INFO  +++ Initializing event 933. Within run:0 event 933.
ParticleHandler  INFO  +++ Event 932 Begin event action. Access event related information.
Geant4Output2EDM4hep INFO  +++ Saving EDM4hep event 932 run 0.
GenerationInit   INFO  +++ Initializing event 934. Within run:0 event 934.
ParticleHandler  INFO  +++ Event 933 Begin event action. Access event related information.
Geant4Output2EDM4hep INFO  +++ Saving EDM4hep event 933 run 0.
GenerationInit   INFO  +++ Initializing event 935. Within run:0 event 935.
ParticleHandler  INFO  +++ Event 934 Begin event action. Access event related information.
Geant4Output2EDM4hep INFO  +++ Saving EDM4hep event 934 run 0.
GenerationInit   INFO  +++ Initializing event 936. Within run:0 event 936.
ParticleHandler  INFO  +++ Event 935 Begin event action. Access event related information.
Geant4Output2EDM4hep INFO  +++ Saving EDM4hep event 935 run 0.
GenerationInit   INFO  +++ Initializing event 937. Within run:0 event 937.
ParticleHandler  INFO  +++ Event 936 Begin event action. Access event related information.
Geant4Output2EDM4hep INFO  +++ Saving EDM4hep event 936 run 0.
GenerationInit   INFO  +++ Initializing event 938. Within run:0 event 938.
ParticleHandler  INFO  +++ Event 937 Begin event action. Access event related information.
Geant4Output2EDM4hep INFO  +++ Saving EDM4hep event 937 run 0.
GenerationInit   INFO  +++ Initializing event 939. Within run:0 event 939.
ParticleHandler  INFO  +++ Event 938 Begin event action. Access event related information.
Geant4Output2EDM4hep INFO  +++ Saving EDM4hep event 938 run 0.
GenerationInit   INFO  +++ Initializing event 940. Within run:0 event 940.
ParticleHandler  INFO  +++ Event 939 Begin event action. Access event related information.
Geant4Output2EDM4hep INFO  +++ Saving EDM4hep event 939 run 0.
GenerationInit   INFO  +++ Initializing event 941. Within run:0 event 941.
ParticleHandler  INFO  +++ Event 940 Begin event action. Access event related information.
Geant4Output2EDM4hep INFO  +++ Saving EDM4hep event 940 run 0.
GenerationInit   INFO  +++ Initializing event 942. Within run:0 event 942.
ParticleHandler  INFO  +++ Event 941 Begin event action. Access event related information.
Geant4Output2EDM4hep INFO  +++ Saving EDM4hep event 941 run 0.
GenerationInit   INFO  +++ Initializing event 943. Within run:0 event 943.
ParticleHandler  INFO  +++ Event 942 Begin event action. Access event related information.
Geant4Output2EDM4hep INFO  +++ Saving EDM4hep event 942 run 0.
GenerationInit   INFO  +++ Initializing event 944. Within run:0 event 944.
ParticleHandler  INFO  +++ Event 943 Begin event action. Access event related information.
Geant4Output2EDM4hep INFO  +++ Saving EDM4hep event 943 run 0.
GenerationInit   INFO  +++ Initializing event 945. Within run:0 event 945.
ParticleHandler  INFO  +++ Event 944 Begin event action. Access event related information.
Geant4Output2EDM4hep INFO  +++ Saving EDM4hep event 944 run 0.
GenerationInit   INFO  +++ Initializing event 946. Within run:0 event 946.
ParticleHandler  INFO  +++ Event 945 Begin event action. Access event related information.
Geant4Output2EDM4hep INFO  +++ Saving EDM4hep event 945 run 0.
GenerationInit   INFO  +++ Initializing event 947. Within run:0 event 947.
ParticleHandler  INFO  +++ Event 946 Begin event action. Access event related information.
Geant4Output2EDM4hep INFO  +++ Saving EDM4hep event 946 run 0.
GenerationInit   INFO  +++ Initializing event 948. Within run:0 event 948.
ParticleHandler  INFO  +++ Event 947 Begin event action. Access event related information.
Geant4Output2EDM4hep INFO  +++ Saving EDM4hep event 947 run 0.
GenerationInit   INFO  +++ Initializing event 949. Within run:0 event 949.
ParticleHandler  INFO  +++ Event 948 Begin event action. Access event related information.
Geant4Output2EDM4hep INFO  +++ Saving EDM4hep event 948 run 0.
GenerationInit   INFO  +++ Initializing event 950. Within run:0 event 950.
ParticleHandler  INFO  +++ Event 949 Begin event action. Access event related information.
Geant4Output2EDM4hep INFO  +++ Saving EDM4hep event 949 run 0.
GenerationInit   INFO  +++ Initializing event 951. Within run:0 event 951.
ParticleHandler  INFO  +++ Event 950 Begin event action. Access event related information.
Geant4Output2EDM4hep INFO  +++ Saving EDM4hep event 950 run 0.
GenerationInit   INFO  +++ Initializing event 952. Within run:0 event 952.
ParticleHandler  INFO  +++ Event 951 Begin event action. Access event related information.
Geant4Output2EDM4hep INFO  +++ Saving EDM4hep event 951 run 0.
GenerationInit   INFO  +++ Initializing event 953. Within run:0 event 953.
ParticleHandler  INFO  +++ Event 952 Begin event action. Access event related information.
Geant4Output2EDM4hep INFO  +++ Saving EDM4hep event 952 run 0.
GenerationInit   INFO  +++ Initializing event 954. Within run:0 event 954.
ParticleHandler  INFO  +++ Event 953 Begin event action. Access event related information.
Geant4Output2EDM4hep INFO  +++ Saving EDM4hep event 953 run 0.
GenerationInit   INFO  +++ Initializing event 955. Within run:0 event 955.
ParticleHandler  INFO  +++ Event 954 Begin event action. Access event related information.
Geant4Output2EDM4hep INFO  +++ Saving EDM4hep event 954 run 0.
GenerationInit   INFO  +++ Initializing event 956. Within run:0 event 956.
ParticleHandler  INFO  +++ Event 955 Begin event action. Access event related information.
Geant4Output2EDM4hep INFO  +++ Saving EDM4hep event 955 run 0.
GenerationInit   INFO  +++ Initializing event 957. Within run:0 event 957.
ParticleHandler  INFO  +++ Event 956 Begin event action. Access event related information.
Geant4Output2EDM4hep INFO  +++ Saving EDM4hep event 956 run 0.
GenerationInit   INFO  +++ Initializing event 958. Within run:0 event 958.
ParticleHandler  INFO  +++ Event 957 Begin event action. Access event related information.
Geant4Output2EDM4hep INFO  +++ Saving EDM4hep event 957 run 0.
GenerationInit   INFO  +++ Initializing event 959. Within run:0 event 959.
ParticleHandler  INFO  +++ Event 958 Begin event action. Access event related information.
Geant4Output2EDM4hep INFO  +++ Saving EDM4hep event 958 run 0.
GenerationInit   INFO  +++ Initializing event 960. Within run:0 event 960.
ParticleHandler  INFO  +++ Event 959 Begin event action. Access event related information.
Geant4Output2EDM4hep INFO  +++ Saving EDM4hep event 959 run 0.
GenerationInit   INFO  +++ Initializing event 961. Within run:0 event 961.
ParticleHandler  INFO  +++ Event 960 Begin event action. Access event related information.
Geant4Output2EDM4hep INFO  +++ Saving EDM4hep event 960 run 0.
GenerationInit   INFO  +++ Initializing event 962. Within run:0 event 962.
ParticleHandler  INFO  +++ Event 961 Begin event action. Access event related information.
Geant4Output2EDM4hep INFO  +++ Saving EDM4hep event 961 run 0.
GenerationInit   INFO  +++ Initializing event 963. Within run:0 event 963.
ParticleHandler  INFO  +++ Event 962 Begin event action. Access event related information.
Geant4Output2EDM4hep INFO  +++ Saving EDM4hep event 962 run 0.
GenerationInit   INFO  +++ Initializing event 964. Within run:0 event 964.
ParticleHandler  INFO  +++ Event 963 Begin event action. Access event related information.
Geant4Output2EDM4hep INFO  +++ Saving EDM4hep event 963 run 0.
GenerationInit   INFO  +++ Initializing event 965. Within run:0 event 965.
ParticleHandler  INFO  +++ Event 964 Begin event action. Access event related information.
Geant4Output2EDM4hep INFO  +++ Saving EDM4hep event 964 run 0.
GenerationInit   INFO  +++ Initializing event 966. Within run:0 event 966.
ParticleHandler  INFO  +++ Event 965 Begin event action. Access event related information.
Geant4Output2EDM4hep INFO  +++ Saving EDM4hep event 965 run 0.
GenerationInit   INFO  +++ Initializing event 967. Within run:0 event 967.
ParticleHandler  INFO  +++ Event 966 Begin event action. Access event related information.
Geant4Output2EDM4hep INFO  +++ Saving EDM4hep event 966 run 0.
GenerationInit   INFO  +++ Initializing event 968. Within run:0 event 968.
ParticleHandler  INFO  +++ Event 967 Begin event action. Access event related information.
Geant4Output2EDM4hep INFO  +++ Saving EDM4hep event 967 run 0.
GenerationInit   INFO  +++ Initializing event 969. Within run:0 event 969.
ParticleHandler  INFO  +++ Event 968 Begin event action. Access event related information.
Geant4Output2EDM4hep INFO  +++ Saving EDM4hep event 968 run 0.
GenerationInit   INFO  +++ Initializing event 970. Within run:0 event 970.
ParticleHandler  INFO  +++ Event 969 Begin event action. Access event related information.
Geant4Output2EDM4hep INFO  +++ Saving EDM4hep event 969 run 0.
GenerationInit   INFO  +++ Initializing event 971. Within run:0 event 971.
ParticleHandler  INFO  +++ Event 970 Begin event action. Access event related information.
Geant4Output2EDM4hep INFO  +++ Saving EDM4hep event 970 run 0.
GenerationInit   INFO  +++ Initializing event 972. Within run:0 event 972.
ParticleHandler  INFO  +++ Event 971 Begin event action. Access event related information.
Geant4Output2EDM4hep INFO  +++ Saving EDM4hep event 971 run 0.
GenerationInit   INFO  +++ Initializing event 973. Within run:0 event 973.
ParticleHandler  INFO  +++ Event 972 Begin event action. Access event related information.
Geant4Output2EDM4hep INFO  +++ Saving EDM4hep event 972 run 0.
GenerationInit   INFO  +++ Initializing event 974. Within run:0 event 974.
ParticleHandler  INFO  +++ Event 973 Begin event action. Access event related information.
Geant4Output2EDM4hep INFO  +++ Saving EDM4hep event 973 run 0.
GenerationInit   INFO  +++ Initializing event 975. Within run:0 event 975.
ParticleHandler  INFO  +++ Event 974 Begin event action. Access event related information.
Geant4Output2EDM4hep INFO  +++ Saving EDM4hep event 974 run 0.
GenerationInit   INFO  +++ Initializing event 976. Within run:0 event 976.
ParticleHandler  INFO  +++ Event 975 Begin event action. Access event related information.
Geant4Output2EDM4hep INFO  +++ Saving EDM4hep event 975 run 0.
GenerationInit   INFO  +++ Initializing event 977. Within run:0 event 977.
ParticleHandler  INFO  +++ Event 976 Begin event action. Access event related information.
Geant4Output2EDM4hep INFO  +++ Saving EDM4hep event 976 run 0.
GenerationInit   INFO  +++ Initializing event 978. Within run:0 event 978.
ParticleHandler  INFO  +++ Event 977 Begin event action. Access event related information.
Geant4Output2EDM4hep INFO  +++ Saving EDM4hep event 977 run 0.
GenerationInit   INFO  +++ Initializing event 979. Within run:0 event 979.
ParticleHandler  INFO  +++ Event 978 Begin event action. Access event related information.
Geant4Output2EDM4hep INFO  +++ Saving EDM4hep event 978 run 0.
GenerationInit   INFO  +++ Initializing event 980. Within run:0 event 980.
ParticleHandler  INFO  +++ Event 979 Begin event action. Access event related information.
Geant4Output2EDM4hep INFO  +++ Saving EDM4hep event 979 run 0.
GenerationInit   INFO  +++ Initializing event 981. Within run:0 event 981.
ParticleHandler  INFO  +++ Event 980 Begin event action. Access event related information.
Geant4Output2EDM4hep INFO  +++ Saving EDM4hep event 980 run 0.
GenerationInit   INFO  +++ Initializing event 982. Within run:0 event 982.
ParticleHandler  INFO  +++ Event 981 Begin event action. Access event related information.
Geant4Output2EDM4hep INFO  +++ Saving EDM4hep event 981 run 0.
GenerationInit   INFO  +++ Initializing event 983. Within run:0 event 983.
ParticleHandler  INFO  +++ Event 982 Begin event action. Access event related information.
Geant4Output2EDM4hep INFO  +++ Saving EDM4hep event 982 run 0.
GenerationInit   INFO  +++ Initializing event 984. Within run:0 event 984.
ParticleHandler  INFO  +++ Event 983 Begin event action. Access event related information.
Geant4Output2EDM4hep INFO  +++ Saving EDM4hep event 983 run 0.
GenerationInit   INFO  +++ Initializing event 985. Within run:0 event 985.
ParticleHandler  INFO  +++ Event 984 Begin event action. Access event related information.
Geant4Output2EDM4hep INFO  +++ Saving EDM4hep event 984 run 0.
GenerationInit   INFO  +++ Initializing event 986. Within run:0 event 986.
ParticleHandler  INFO  +++ Event 985 Begin event action. Access event related information.
Geant4Output2EDM4hep INFO  +++ Saving EDM4hep event 985 run 0.
GenerationInit   INFO  +++ Initializing event 987. Within run:0 event 987.
ParticleHandler  INFO  +++ Event 986 Begin event action. Access event related information.
Geant4Output2EDM4hep INFO  +++ Saving EDM4hep event 986 run 0.
GenerationInit   INFO  +++ Initializing event 988. Within run:0 event 988.
ParticleHandler  INFO  +++ Event 987 Begin event action. Access event related information.
Geant4Output2EDM4hep INFO  +++ Saving EDM4hep event 987 run 0.
GenerationInit   INFO  +++ Initializing event 989. Within run:0 event 989.
ParticleHandler  INFO  +++ Event 988 Begin event action. Access event related information.
Geant4Output2EDM4hep INFO  +++ Saving EDM4hep event 988 run 0.
GenerationInit   INFO  +++ Initializing event 990. Within run:0 event 990.
ParticleHandler  INFO  +++ Event 989 Begin event action. Access event related information.
Geant4Output2EDM4hep INFO  +++ Saving EDM4hep event 989 run 0.
GenerationInit   INFO  +++ Initializing event 991. Within run:0 event 991.
ParticleHandler  INFO  +++ Event 990 Begin event action. Access event related information.
Geant4Output2EDM4hep INFO  +++ Saving EDM4hep event 990 run 0.
GenerationInit   INFO  +++ Initializing event 992. Within run:0 event 992.
ParticleHandler  INFO  +++ Event 991 Begin event action. Access event related information.
Geant4Output2EDM4hep INFO  +++ Saving EDM4hep event 991 run 0.
GenerationInit   INFO  +++ Initializing event 993. Within run:0 event 993.
ParticleHandler  INFO  +++ Event 992 Begin event action. Access event related information.
Geant4Output2EDM4hep INFO  +++ Saving EDM4hep event 992 run 0.
GenerationInit   INFO  +++ Initializing event 994. Within run:0 event 994.
ParticleHandler  INFO  +++ Event 993 Begin event action. Access event related information.
Geant4Output2EDM4hep INFO  +++ Saving EDM4hep event 993 run 0.
GenerationInit   INFO  +++ Initializing event 995. Within run:0 event 995.
ParticleHandler  INFO  +++ Event 994 Begin event action. Access event related information.
Geant4Output2EDM4hep INFO  +++ Saving EDM4hep event 994 run 0.
GenerationInit   INFO  +++ Initializing event 996. Within run:0 event 996.
ParticleHandler  INFO  +++ Event 995 Begin event action. Access event related information.
Geant4Output2EDM4hep INFO  +++ Saving EDM4hep event 995 run 0.
GenerationInit   INFO  +++ Initializing event 997. Within run:0 event 997.
ParticleHandler  INFO  +++ Event 996 Begin event action. Access event related information.
Geant4Output2EDM4hep INFO  +++ Saving EDM4hep event 996 run 0.
GenerationInit   INFO  +++ Initializing event 998. Within run:0 event 998.
ParticleHandler  INFO  +++ Event 997 Begin event action. Access event related information.
Geant4Output2EDM4hep INFO  +++ Saving EDM4hep event 997 run 0.
GenerationInit   INFO  +++ Initializing event 999. Within run:0 event 999.
ParticleHandler  INFO  +++ Event 998 Begin event action. Access event related information.
Geant4Output2EDM4hep INFO  +++ Saving EDM4hep event 998 run 0.
GenerationInit   INFO  +++ Initializing event 1000. Within run:0 event 1000.
ParticleHandler  INFO  +++ Event 999 Begin event action. Access event related information.
Geant4Output2EDM4hep INFO  +++ Saving EDM4hep event 999 run 0.
GenerationInit   WARN  +++ Finished run 0 after 1000 events (1000 events in total)

DDSim            INFO Total Time:   1505.01 s (User), 6.96 s (System)
DDSim            INFO StartUp Time: 8.35 s, Processing and Init: 1496.66 s (~1.50 s/Event) 
Geant4Kernel     INFO  ++ Terminate Geant4 and delete associated actions.
