#mip results PROTO15-TB2022-03
#layer chip channel mpv empv widthmpv chi2ndf nentries
0 0 0 0 -10 0 0 0
0 0 1 0 -10 0 0 0
0 0 2 0 -10 0 0 0
0 0 3 0 -10 0 0 0
0 0 4 0 -10 0 0 0
0 0 5 0 -10 0 0 0
0 0 6 0 -10 0 0 0
0 0 7 0 -10 0 0 0
0 0 8 0 -10 0 0 0
0 0 9 0 -10 0 0 0
0 0 10 0 -10 0 0 0
0 0 11 0 -10 0 0 0
0 0 12 0 -10 0 0 0
0 0 13 0 -10 0 0 0
0 0 14 0 -10 0 0 0
0 0 15 0 -10 0 0 0
0 0 16 0 -10 0 0 0
0 0 17 0 -10 0 0 0
0 0 18 0 -10 0 0 0
0 0 19 0 -10 0 0 0
0 0 20 0 -10 0 0 0
0 0 21 0 -10 0 0 0
0 0 22 0 -10 0 0 0
0 0 23 0 -10 0 0 0
0 0 24 0 -10 0 0 0
0 0 25 0 -10 0 0 0
0 0 26 0 -10 0 0 0
0 0 27 0 -10 0 0 0
0 0 28 0 -10 0 0 0
0 0 29 0 -10 0 0 0
0 0 30 0 -10 0 0 0
0 0 31 0 -10 0 0 0
0 0 32 0 -10 0 0 0
0 0 33 0 -10 0 0 0
0 0 34 0 -10 0 0 0
0 0 35 0 -10 0 0 0
0 0 36 0 -10 0 0 0
0 0 37 0 -10 0 0 0
0 0 38 0 -10 0 0 0
0 0 39 0 -10 0 0 0
0 0 40 0 -10 0 0 0
0 0 41 0 -10 0 0 0
0 0 42 0 -10 0 0 0
0 0 43 0 -10 0 0 0
0 0 44 0 -10 0 0 0
0 0 45 0 -10 0 0 0
0 0 46 0 -10 0 0 0
0 0 47 0 -10 0 0 0
0 0 48 0 -10 0 0 0
0 0 49 0 -10 0 0 0
0 0 50 0 -10 0 0 0
0 0 51 0 -10 0 0 0
0 0 52 0 -10 0 0 0
0 0 53 0 -10 0 0 0
0 0 54 0 -10 0 0 0
0 0 55 0 -10 0 0 0
0 0 56 0 -10 0 0 0
0 0 57 0 -10 0 0 0
0 0 58 0 -10 0 0 0
0 0 59 0 -10 0 0 0
0 0 60 0 -10 0 0 0
0 0 61 0 -10 0 0 0
0 0 62 0 -10 0 0 0
0 0 63 0 -10 0 0 0
0 1 0 0 -10 0 0 0
0 1 1 0 -10 0 0 0
0 1 2 0 -10 0 0 0
0 1 3 0 -10 0 0 0
0 1 4 0 -10 0 0 0
0 1 5 0 -10 0 0 0
0 1 6 0 -10 0 0 0
0 1 7 0 -10 0 0 0
0 1 8 0 -10 0 0 0
0 1 9 0 -10 0 0 0
0 1 10 0 -10 0 0 0
0 1 11 0 -10 0 0 0
0 1 12 0 -10 0 0 0
0 1 13 0 -10 0 0 0
0 1 14 0 -10 0 0 0
0 1 15 0 -10 0 0 0
0 1 16 0 -10 0 0 0
0 1 17 0 -10 0 0 0
0 1 18 0 -10 0 0 0
0 1 19 0 -10 0 0 0
0 1 20 0 -10 0 0 0
0 1 21 0 -10 0 0 0
0 1 22 0 -10 0 0 0
0 1 23 0 -10 0 0 0
0 1 24 0 -10 0 0 0
0 1 25 0 -10 0 0 0
0 1 26 0 -10 0 0 0
0 1 27 0 -10 0 0 0
0 1 28 0 -10 0 0 0
0 1 29 0 -10 0 0 0
0 1 30 0 -10 0 0 0
0 1 31 0 -10 0 0 0
0 1 32 0 -10 0 0 0
0 1 33 0 -10 0 0 0
0 1 34 0 -10 0 0 0
0 1 35 0 -10 0 0 0
0 1 36 0 -10 0 0 0
0 1 37 0 -10 0 0 0
0 1 38 0 -10 0 0 0
0 1 39 0 -10 0 0 0
0 1 40 0 -10 0 0 0
0 1 41 0 -10 0 0 0
0 1 42 0 -10 0 0 0
0 1 43 0 -10 0 0 0
0 1 44 0 -10 0 0 0
0 1 45 0 -10 0 0 0
0 1 46 0 -10 0 0 0
0 1 47 0 -10 0 0 0
0 1 48 0 -10 0 0 0
0 1 49 0 -10 0 0 0
0 1 50 0 -10 0 0 0
0 1 51 0 -10 0 0 0
0 1 52 0 -10 0 0 0
0 1 53 0 -10 0 0 0
0 1 54 0 -10 0 0 0
0 1 55 0 -10 0 0 0
0 1 56 0 -10 0 0 0
0 1 57 0 -10 0 0 0
0 1 58 0 -10 0 0 0
0 1 59 0 -10 0 0 0
0 1 60 0 -10 0 0 0
0 1 61 0 -10 0 0 0
0 1 62 0 -10 0 0 0
0 1 63 0 -10 0 0 0
0 2 0 0 -10 0 0 0
0 2 1 0 -10 0 0 0
0 2 2 0 -10 0 0 0
0 2 3 0 -10 0 0 0
0 2 4 0 -10 0 0 0
0 2 5 0 -10 0 0 0
0 2 6 0 -10 0 0 0
0 2 7 0 -10 0 0 0
0 2 8 0 -10 0 0 0
0 2 9 0 -10 0 0 0
0 2 10 0 -10 0 0 0
0 2 11 0 -10 0 0 0
0 2 12 0 -10 0 0 0
0 2 13 0 -10 0 0 0
0 2 14 0 -10 0 0 0
0 2 15 0 -10 0 0 0
0 2 16 0 -10 0 0 0
0 2 17 0 -10 0 0 0
0 2 18 0 -10 0 0 0
0 2 19 0 -10 0 0 0
0 2 20 0 -10 0 0 0
0 2 21 0 -10 0 0 0
0 2 22 0 -10 0 0 0
0 2 23 0 -10 0 0 0
0 2 24 0 -10 0 0 0
0 2 25 0 -10 0 0 0
0 2 26 0 -10 0 0 0
0 2 27 0 -10 0 0 0
0 2 28 0 -10 0 0 0
0 2 29 0 -10 0 0 0
0 2 30 0 -10 0 0 0
0 2 31 0 -10 0 0 0
0 2 32 0 -10 0 0 0
0 2 33 0 -10 0 0 0
0 2 34 0 -10 0 0 0
0 2 35 0 -10 0 0 0
0 2 36 0 -10 0 0 0
0 2 37 0 -10 0 0 0
0 2 38 0 -10 0 0 0
0 2 39 0 -10 0 0 0
0 2 40 0 -10 0 0 0
0 2 41 0 -10 0 0 0
0 2 42 0 -10 0 0 0
0 2 43 0 -10 0 0 0
0 2 44 0 -10 0 0 0
0 2 45 0 -10 0 0 0
0 2 46 0 -10 0 0 0
0 2 47 0 -10 0 0 0
0 2 48 0 -10 0 0 0
0 2 49 0 -10 0 0 0
0 2 50 0 -10 0 0 0
0 2 51 0 -10 0 0 0
0 2 52 0 -10 0 0 0
0 2 53 0 -10 0 0 0
0 2 54 0 -10 0 0 0
0 2 55 0 -10 0 0 0
0 2 56 0 -10 0 0 0
0 2 57 0 -10 0 0 0
0 2 58 0 -10 0 0 0
0 2 59 0 -10 0 0 0
0 2 60 0 -10 0 0 0
0 2 61 0 -10 0 0 0
0 2 62 0 -10 0 0 0
0 2 63 0 -10 0 0 0
0 3 0 0 -10 0 0 0
0 3 1 0 -10 0 0 0
0 3 2 0 -10 0 0 0
0 3 3 0 -10 0 0 0
0 3 4 0 -10 0 0 0
0 3 5 0 -10 0 0 0
0 3 6 0 -10 0 0 0
0 3 7 0 -10 0 0 0
0 3 8 0 -10 0 0 0
0 3 9 0 -10 0 0 0
0 3 10 0 -10 0 0 0
0 3 11 0 -10 0 0 0
0 3 12 0 -10 0 0 0
0 3 13 0 -10 0 0 0
0 3 14 0 -10 0 0 0
0 3 15 0 -10 0 0 0
0 3 16 0 -10 0 0 0
0 3 17 0 -10 0 0 0
0 3 18 0 -10 0 0 0
0 3 19 0 -10 0 0 0
0 3 20 0 -10 0 0 0
0 3 21 0 -10 0 0 0
0 3 22 0 -10 0 0 0
0 3 23 0 -10 0 0 0
0 3 24 0 -10 0 0 0
0 3 25 0 -10 0 0 0
0 3 26 0 -10 0 0 0
0 3 27 0 -10 0 0 0
0 3 28 0 -10 0 0 0
0 3 29 0 -10 0 0 0
0 3 30 0 -10 0 0 0
0 3 31 0 -10 0 0 0
0 3 32 0 -10 0 0 0
0 3 33 0 -10 0 0 0
0 3 34 0 -10 0 0 0
0 3 35 0 -10 0 0 0
0 3 36 0 -10 0 0 0
0 3 37 0 -10 0 0 0
0 3 38 0 -10 0 0 0
0 3 39 0 -10 0 0 0
0 3 40 0 -10 0 0 0
0 3 41 0 -10 0 0 0
0 3 42 0 -10 0 0 0
0 3 43 0 -10 0 0 0
0 3 44 0 -10 0 0 0
0 3 45 0 -10 0 0 0
0 3 46 0 -10 0 0 0
0 3 47 0 -10 0 0 0
0 3 48 0 -10 0 0 0
0 3 49 0 -10 0 0 0
0 3 50 0 -10 0 0 0
0 3 51 0 -10 0 0 0
0 3 52 0 -10 0 0 0
0 3 53 0 -10 0 0 0
0 3 54 0 -10 0 0 0
0 3 55 0 -10 0 0 0
0 3 56 0 -10 0 0 0
0 3 57 0 -10 0 0 0
0 3 58 0 -10 0 0 0
0 3 59 0 -10 0 0 0
0 3 60 0 -10 0 0 0
0 3 61 0 -10 0 0 0
0 3 62 0 -10 0 0 0
0 3 63 0 -10 0 0 0
0 4 0 3.61403 0.530452 0.702644 0.0865417 394
0 4 1 2.80341 0.894605 0.856751 0.0526475 329
0 4 2 2 8.31084 0.754332 0.339827 256
0 4 3 3.64336 -3 0 0 115
0 4 4 3.64336 -3 0 0 163
0 4 5 2.93436 0.713407 0.866054 0.0927183 209
0 4 6 3.09796 1.37261 1.24685 0.183111 215
0 4 7 3.64336 -3 0 0 117
0 4 8 3.86144 0.745496 0.555435 0.28672 207
0 4 9 3.64336 -3 0 0 150
0 4 10 3.64336 -3 0 0 138
0 4 11 4.33171 0.723519 0.472442 0.231256 233
0 4 12 3.64336 -3 0 0 149
0 4 13 3.64336 -3 0 0 96
0 4 14 4.79902 0.584996 0.537407 0.0533951 349
0 4 15 3.64336 -3 0 0 127
0 4 16 3.64336 -3 0 0 108
0 4 17 4.42943 0.519521 0.652374 0.125743 241
0 4 18 3.64336 -3 0 0 132
0 4 19 3.64336 -3 0 0 91
0 4 20 3.64336 -3 0 0 130
0 4 21 3.64336 -3 0 0 199
0 4 22 3.64336 -3 0 0 143
0 4 23 3.64336 -3 0 0 1
0 4 24 3 -2 0 0 275
0 4 25 3.64336 -3 0 0 92
0 4 26 5.49384 0.723248 0.824734 0.327243 329
0 4 27 3.64336 -3 0 0 90
0 4 28 3.64336 -3 0 0 82
0 4 29 4.48798 0.465209 0.780671 0.107856 210
0 4 30 3.64336 -3 0 0 110
0 4 31 3.64336 -3 0 0 100
0 4 32 3.64336 -3 0 0 91
0 4 33 3.64336 -3 0 0 86
0 4 34 5.25276 0.770099 0.219833 0.159659 260
0 4 35 3.64336 -3 0 0 95
0 4 36 3.64336 -3 0 0 92
0 4 37 3.64336 -3 0 0 142
0 4 38 3.64336 -3 0 0 65
0 4 39 3.64336 -3 0 0 114
0 4 40 3.64336 -3 0 0 126
0 4 41 3.64336 -3 0 0 86
0 4 42 3.64336 -3 0 0 125
0 4 43 3.31223 0.546239 0.512638 0.139139 218
0 4 44 3.64336 -3 0 0 93
0 4 45 3.64336 -3 0 0 89
0 4 46 4.03089 0.595576 0.785654 0.0682257 248
0 4 47 3.64336 -3 0 0 55
0 4 48 3.64336 -3 0 0 107
0 4 49 3.64336 -3 0 0 148
0 4 50 3.64336 -3 0 0 89
0 4 51 3.64336 -3 0 0 146
0 4 52 3.64336 -3 0 0 178
0 4 53 3.64336 -3 0 0 67
0 4 54 3.64336 -3 0 0 95
0 4 55 3.64336 -3 0 0 187
0 4 56 3.64336 -3 0 0 138
0 4 57 3.64336 -3 0 0 137
0 4 58 3.64336 -3 0 0 135
0 4 59 4 -2 0 0 231
0 4 60 3.64336 -3 0 0 92
0 4 61 3.64336 -3 0 0 184
0 4 62 3 -2 0 0 221
0 4 63 3.64336 -3 0 0 150
0 5 0 3.98333 -3 0 0 184
0 5 1 2.72257 1.19332 1.00675 0.176994 201
0 5 2 2.66805 0.82332 0.807601 0.273453 222
0 5 3 2.11202 8.71013 0.912734 0.41051 363
0 5 4 5.43164 0.683944 0.61149 0.40116 301
0 5 5 4.47435 0.586134 0.896135 0.297775 272
0 5 6 4.56663 2.3613 0.584206 0.359465 231
0 5 7 3.72612 0.399351 0.993443 0.228774 348
0 5 8 2 12.7316 0.908694 0.137743 247
0 5 9 4.93846 0.322325 0.1 0.421361 283
0 5 10 3.55092 0.51126 0.881783 0.188553 259
0 5 11 3.45996 0.503391 0.864503 0.0472808 310
0 5 12 4.72557 0.594187 0.292216 0.370335 296
0 5 13 3.2332 0.450208 0.89289 0.266157 439
0 5 14 3.98333 -3 0 0 198
0 5 15 3.69634 0.388642 0.978098 0.227693 400
0 5 16 4.60957 0.734135 0.377601 0.435242 311
0 5 17 7.23937 0.512429 0.523337 0.496463 274
0 5 18 3.81265 0.410493 0.968157 0.100999 403
0 5 19 5.20065 1.14106 0.744676 0.32453 464
0 5 20 4.01961 0.552353 1.0575 0.135762 393
0 5 21 3 -2 0 0 273
0 5 22 2.15393 7.67214 1.09323 0.150267 357
0 5 23 6.13295 0.550108 0.88919 0.432784 320
0 5 24 3.98333 -3 0 0 187
0 5 25 3 -2 0 0 551
0 5 26 3.17695 0.561419 0.712952 0.210093 245
0 5 27 3 -2 0 0 521
0 5 28 3.16883 1.47535 1.52884 0.181149 532
0 5 29 4.28538 0.563706 1.09077 0.179708 233
0 5 30 2 9.81815 2.22062 0.280543 453
0 5 31 5.59079 0.533509 1.38138 0.234526 721
0 5 32 3.98333 -3 0 0 609
0 5 33 5.35447 0.597556 1.38573 0.200632 665
0 5 34 4.41071 0.44118 0.759002 0.119309 282
0 5 35 3.90957 0.750301 1.74089 0.126977 979
0 5 36 2.76307 1.97721 1.60857 0.253247 566
0 5 37 2 2.79515 1.23805 0.11702 402
0 5 38 2 10.1382 2.29455 0.1151 1095
0 5 39 5.43605 0.559765 1.90699 0.115455 1595
0 5 40 4.41812 1.36511 0.967335 0.282095 473
0 5 41 4.82309 0.633362 1.72687 0.149975 779
0 5 42 5.02575 0.555319 1.44308 0.123015 495
0 5 43 4.27991 0.650015 0.446233 0.328619 347
0 5 44 4.67755 0.540714 1.74147 0.120675 1081
0 5 45 5.39537 0.862277 1.80988 0.232424 659
0 5 46 5.7806 0.645623 0.199163 0.382217 307
0 5 47 4.12387 0.475205 1.47743 0.163234 1420
0 5 48 4.54131 0.583687 1.55768 0.30417 739
0 5 49 4.18702 0.460067 0.844615 0.291059 403
0 5 50 4.98106 0.568569 1.81751 0.334345 1137
0 5 51 4.23546 0.471316 1.05997 0.166934 568
0 5 52 2.00006 12.6323 0.974306 0.212039 337
0 5 53 2 -2 0 0 1485
0 5 54 5.21804 0.680978 2.01968 0.154465 962
0 5 55 3 -2 0 0 441
0 5 56 3.22735 1.57168 1.70793 0.170501 1044
0 5 57 4.03531 0.470232 0.761235 0.184959 736
0 5 58 4.08919 0.575339 1.67174 0.431357 636
0 5 59 4 -2 0 0 354
0 5 60 5.32078 0.690954 1.97932 0.0817283 1876
0 5 61 4.79762 0.600688 0.974846 0.242883 435
0 5 62 2.94331 1.35252 0.389994 0.250076 327
0 5 63 2 11.3828 1.21211 0.0962384 442
0 6 0 4.1362 -3 0 0 183
0 6 1 4.1362 -3 0 0 134
0 6 2 4.1362 -3 0 0 141
0 6 3 4.1362 -3 0 0 72
0 6 4 4.1362 -3 0 0 66
0 6 5 4.1362 -3 0 0 100
0 6 6 4.1362 -3 0 0 135
0 6 7 4.1362 -3 0 0 46
0 6 8 4.1362 -3 0 0 101
0 6 9 4.1362 -3 0 0 107
0 6 10 4.1362 -3 0 0 75
0 6 11 4.1362 -3 0 0 58
0 6 12 4.1362 -3 0 0 87
0 6 13 4.1362 -3 0 0 54
0 6 14 4.1362 -3 0 0 119
0 6 15 4.1362 -3 0 0 59
0 6 16 4.1362 -3 0 0 65
0 6 17 4.1362 -3 0 0 98
0 6 18 4.1362 -3 0 0 74
0 6 19 4.1362 -3 0 0 46
0 6 20 4.1362 -3 0 0 68
0 6 21 4.1362 -3 0 0 94
0 6 22 4.1362 -3 0 0 62
0 6 23 4.1362 -3 0 0 77
0 6 24 4.1362 -3 0 0 103
0 6 25 4.1362 -3 0 0 48
0 6 26 4.1362 -3 0 0 129
0 6 27 4.1362 -3 0 0 59
0 6 28 4.1362 -3 0 0 46
0 6 29 4.1362 -3 0 0 71
0 6 30 4.1362 -3 0 0 51
0 6 31 4.1362 -3 0 0 43
0 6 32 4.1362 -3 0 0 58
0 6 33 4.1362 -3 0 0 33
0 6 34 4.1362 -3 0 0 96
0 6 35 4.1362 -3 0 0 46
0 6 36 4.1362 -3 0 0 53
0 6 37 4.1362 -3 0 0 65
0 6 38 4.1362 -3 0 0 45
0 6 39 4.1362 -3 0 0 34
0 6 40 4.1362 -3 0 0 49
0 6 41 4.1362 -3 0 0 44
0 6 42 4.1362 -3 0 0 43
0 6 43 4.1362 -3 0 0 71
0 6 44 4.1362 -3 0 0 37
0 6 45 4.1362 -3 0 0 56
0 6 46 4.1362 -3 0 0 79
0 6 47 4.1362 -3 0 0 30
0 6 48 4.1362 -3 0 0 39
0 6 49 4.1362 -3 0 0 43
0 6 50 4.1362 -3 0 0 33
0 6 51 4.1362 -3 0 0 44
0 6 52 4.1362 -3 0 0 51
0 6 53 4.1362 -3 0 0 39
0 6 54 4.1362 -3 0 0 51
0 6 55 4.1362 -3 0 0 58
0 6 56 4.1362 -3 0 0 37
0 6 57 4.1362 -3 0 0 48
0 6 58 4.1362 -3 0 0 41
0 6 59 4.1362 -3 0 0 73
0 6 60 4.1362 -3 0 0 51
0 6 61 4.1362 -3 0 0 56
0 6 62 4.1362 -3 0 0 67
0 6 63 4.1362 -3 0 0 42
0 7 0 3.53024 -3 0 0 66
0 7 1 3.53024 -3 0 0 73
0 7 2 3.53024 -3 0 0 54
0 7 3 3.53024 -3 0 0 56
0 7 4 3.53024 -3 0 0 65
0 7 5 3.53024 -3 0 0 82
0 7 6 3.53024 -3 0 0 62
0 7 7 3.53024 -3 0 0 52
0 7 8 3.53024 -3 0 0 46
0 7 9 3.53024 -3 0 0 48
0 7 10 3.53024 -3 0 0 53
0 7 11 3.53024 -3 0 0 78
0 7 12 3.53024 -3 0 0 56
0 7 13 3.53024 -3 0 0 85
0 7 14 3.53024 -3 0 0 51
0 7 15 3.53024 -3 0 0 82
0 7 16 3.53024 -3 0 0 55
0 7 17 3.53024 -3 0 0 71
0 7 18 3.53024 -3 0 0 71
0 7 19 3.53024 -3 0 0 88
0 7 20 3.53024 -3 0 0 95
0 7 21 3.53024 -3 0 0 63
0 7 22 3.53024 -3 0 0 69
0 7 23 3.53024 -3 0 0 77
0 7 24 3.53024 -3 0 0 66
0 7 25 3.53024 -3 0 0 91
0 7 26 3.53024 -3 0 0 71
0 7 27 3.53024 -3 0 0 96
0 7 28 3.53024 -3 0 0 75
0 7 29 3.53024 -3 0 0 75
0 7 30 3.53024 -3 0 0 89
0 7 31 3.53024 -3 0 0 113
0 7 32 3.53024 -3 0 0 111
0 7 33 3.53024 -3 0 0 103
0 7 34 3.53024 -3 0 0 100
0 7 35 3.53024 -3 0 0 137
0 7 36 3.53024 -3 0 0 118
0 7 37 3.53024 -3 0 0 116
0 7 38 3.53024 -3 0 0 167
0 7 39 3.76041 0.544624 0.910283 0.0363958 277
0 7 40 3.53024 -3 0 0 105
0 7 41 3.53024 -3 0 0 129
0 7 42 3.53024 -3 0 0 143
0 7 43 3.53024 -3 0 0 91
0 7 44 4.43628 0.785866 0.331447 0.242055 203
0 7 45 3.53024 -3 0 0 154
0 7 46 3.53024 -3 0 0 87
0 7 47 3.34755 0.547785 0.712295 0.0522051 343
0 7 48 3.53024 -3 0 0 119
0 7 49 3.53024 -3 0 0 109
0 7 50 3.53024 -3 0 0 178
0 7 51 2.91181 0.527106 0.665876 0.036148 204
0 7 52 3.53024 -3 0 0 109
0 7 53 3.16406 0.38465 0.678736 0.0407391 274
0 7 54 2.82009 0.50384 0.44646 0.150262 204
0 7 55 3.53024 -3 0 0 170
0 7 56 2.83352 1.0556 0.517268 0.0961055 226
0 7 57 4 -2 0 0 241
0 7 58 3.53024 -3 0 0 156
0 7 59 3.53024 -3 0 0 108
0 7 60 2 10.4164 1.27972 0.142643 271
0 7 61 3.53024 -3 0 0 168
0 7 62 3.53024 -3 0 0 144
0 7 63 3.53024 -3 0 0 196
0 8 0 3.55029 -3 0 0 47
0 8 1 3.55029 -3 0 0 57
0 8 2 3.55029 -3 0 0 52
0 8 3 3.55029 -3 0 0 78
0 8 4 3.55029 -3 0 0 78
0 8 5 3.55029 -3 0 0 57
0 8 6 3.55029 -3 0 0 56
0 8 7 3.55029 -3 0 0 82
0 8 8 3.55029 -3 0 0 50
0 8 9 3.55029 -3 0 0 76
0 8 10 3.55029 -3 0 0 31
0 8 11 3.55029 -3 0 0 54
0 8 12 3.55029 -3 0 0 11
0 8 13 3.55029 -3 0 0 96
0 8 14 3.55029 -3 0 0 67
0 8 15 3.55029 -3 0 0 71
0 8 16 3.55029 -3 0 0 67
0 8 17 3.55029 -3 0 0 71
0 8 18 3.55029 -3 0 0 61
0 8 19 3.55029 -3 0 0 114
0 8 20 3.55029 -3 0 0 72
0 8 21 3.55029 -3 0 0 63
0 8 22 3.55029 -3 0 0 70
0 8 23 3.55029 -3 0 0 71
0 8 24 3.55029 -3 0 0 71
0 8 25 3.55029 -3 0 0 128
0 8 26 3.55029 -3 0 0 80
0 8 27 3.55029 -3 0 0 84
0 8 28 3.55029 -3 0 0 98
0 8 29 3.55029 -3 0 0 85
0 8 30 3.55029 -3 0 0 76
0 8 31 3.55029 -3 0 0 136
0 8 32 3.55029 -3 0 0 106
0 8 33 3.55029 -3 0 0 124
0 8 34 3.55029 -3 0 0 86
0 8 35 3.55029 -3 0 0 180
0 8 36 3.55029 -3 0 0 83
0 8 37 3.55029 -3 0 0 70
0 8 38 4.37427 1.38134 0.349979 0.208867 231
0 8 39 3.55029 -3 0 0 169
0 8 40 3.55029 -3 0 0 69
0 8 41 3.55029 -3 0 0 136
0 8 42 3.55029 -3 0 0 86
0 8 43 3.55029 -3 0 0 74
0 8 44 3.55029 -3 0 0 133
0 8 45 3.55029 -3 0 0 138
0 8 46 3.55029 -3 0 0 76
0 8 47 4.61545 0.945106 0.184529 0.288467 318
0 8 48 3.55029 -3 0 0 96
0 8 49 3.55029 -3 0 0 67
0 8 50 3.55029 -3 0 0 176
0 8 51 3.55029 -3 0 0 134
0 8 52 3.55029 -3 0 0 68
0 8 53 3.69585 1.03841 0.541424 0.0811683 215
0 8 54 3.55029 -3 0 0 152
0 8 55 3.55029 -3 0 0 110
0 8 56 3.55029 -3 0 0 158
0 8 57 3.55029 -3 0 0 166
0 8 58 3.55029 -3 0 0 121
0 8 59 3.55029 -3 0 0 79
0 8 60 3.55029 -3 0 0 184
0 8 61 3.55029 -3 0 0 109
0 8 62 3.55029 -3 0 0 100
0 8 63 3.55029 -3 0 0 113
0 9 0 4.03531 -3 0 0 83
0 9 1 4.03531 -3 0 0 80
0 9 2 4.03531 -3 0 0 66
0 9 3 4.03531 -3 0 0 33
0 9 4 4.03531 -3 0 0 37
0 9 5 4.03531 -3 0 0 37
0 9 6 4.03531 -3 0 0 62
0 9 7 4.03531 -3 0 0 35
0 9 8 4.03531 -3 0 0 50
0 9 9 4.03531 -3 0 0 42
0 9 10 4.03531 -3 0 0 31
0 9 11 4.03531 -3 0 0 29
0 9 12 4.03531 -3 0 0 40
0 9 13 4.03531 -3 0 0 19
0 9 14 4.03531 -3 0 0 67
0 9 15 4.03531 -3 0 0 35
0 9 16 4.03531 -3 0 0 30
0 9 17 4.03531 -3 0 0 48
0 9 18 4.03531 -3 0 0 36
0 9 19 4.03531 -3 0 0 26
0 9 20 4.03531 -3 0 0 29
0 9 21 4.03531 -3 0 0 47
0 9 22 4.03531 -3 0 0 34
0 9 23 4.03531 -3 0 0 41
0 9 24 4.03531 -3 0 0 69
0 9 25 4.03531 -3 0 0 26
0 9 26 4.03531 -3 0 0 58
0 9 27 4.03531 -3 0 0 23
0 9 28 4.03531 -3 0 0 38
0 9 29 4.03531 -3 0 0 27
0 9 30 4.03531 -3 0 0 19
0 9 31 4.03531 -3 0 0 17
0 9 32 4.03531 -3 0 0 27
0 9 33 4.03531 -3 0 0 18
0 9 34 4.03531 -3 0 0 49
0 9 35 4.03531 -3 0 0 28
0 9 36 4.03531 -3 0 0 24
0 9 37 4.03531 -3 0 0 33
0 9 38 4.03531 -3 0 0 23
0 9 39 4.03531 -3 0 0 16
0 9 40 4.03531 -3 0 0 21
0 9 41 4.03531 -3 0 0 24
0 9 42 4.03531 -3 0 0 28
0 9 43 4.03531 -3 0 0 45
0 9 44 4.03531 -3 0 0 13
0 9 45 4.03531 -3 0 0 13
0 9 46 4.03531 -3 0 0 50
0 9 47 4.03531 -3 0 0 14
0 9 48 4.03531 -3 0 0 6
0 9 49 4.03531 -3 0 0 30
0 9 50 4.03531 -3 0 0 26
0 9 51 4.03531 -3 0 0 21
0 9 52 4.03531 -3 0 0 32
0 9 53 4.03531 -3 0 0 10
0 9 54 4.03531 -3 0 0 29
0 9 55 4.03531 -3 0 0 33
0 9 56 4.03531 -3 0 0 36
0 9 57 4.03531 -3 0 0 27
0 9 58 4.03531 -3 0 0 29
0 9 59 4.03531 -3 0 0 48
0 9 60 4.03531 -3 0 0 15
0 9 61 4.03531 -3 0 0 27
0 9 62 4.03531 -3 0 0 26
0 9 63 4.03531 -3 0 0 27
0 10 0 4.36471 -3 0 0 107
0 10 1 4.36471 -3 0 0 107
0 10 2 4.36471 -3 0 0 169
0 10 3 6.56422 0.466445 0.655385 0.206246 266
0 10 4 4.36471 -3 0 0 162
0 10 5 4.36471 -3 0 0 142
0 10 6 4.36471 -3 0 0 125
0 10 7 2.89996 0.9421 0.955801 0.362347 410
0 10 8 4.36471 -3 0 0 148
0 10 9 4.36471 -3 0 0 177
0 10 10 4.09989 0.416098 0.669945 0.215307 222
0 10 11 4.36471 -3 0 0 158
0 10 12 4.36471 -3 0 0 192
0 10 13 3 -2 0 0 333
0 10 14 4.36471 -3 0 0 116
0 10 15 5.6939 0.991491 0.168899 0.249659 263
0 10 16 4 -2 0 0 335
0 10 17 4.36471 -3 0 0 126
0 10 18 3.86615 0.55033 1.13203 0.107271 204
0 10 19 4.18428 0.507777 1.07562 0.219048 453
0 10 20 4.36471 -3 0 0 161
0 10 21 4.36471 -3 0 0 166
0 10 22 4.00843 0.614353 0.74731 0.308322 222
0 10 23 4.36471 -3 0 0 143
0 10 24 4.36471 -3 0 0 118
0 10 25 5.31435 0.706175 1.50342 0.580231 537
0 10 26 4.36471 -3 0 0 127
0 10 27 5.69829 0.574031 0.325786 0.45081 269
0 10 28 5.53034 0.528775 1.0574 0.113909 361
0 10 29 4.36471 -3 0 0 141
0 10 30 4.36471 -3 0 0 196
0 10 31 5.46024 0.682726 0.966914 0.316615 671
0 10 32 4.83428 0.541084 1.09492 0.114462 428
0 10 33 7.77661 0.804744 0.311834 0.786456 294
0 10 34 4.36471 -3 0 0 126
0 10 35 4.31678 0.67894 1.51321 0.344003 816
0 10 36 4.92792 0.628187 0.66555 0.210079 253
0 10 37 4.36471 -3 0 0 136
0 10 38 5.48382 0.623834 0.988016 0.114591 927
0 10 39 5.89452 0.72898 0.734933 0.154825 434
0 10 40 4.11462 0.612817 0.980766 0.234998 209
0 10 41 4.36471 -3 0 0 453
0 10 42 4.00166 0.519559 0.924959 0.310031 262
0 10 43 4.36471 -3 0 0 171
0 10 44 5.60949 0.779411 0.648853 0.307739 578
0 10 45 10.6309 2.61407 5 0.90528 341
0 10 46 4.36471 -3 0 0 135
0 10 47 5.02363 0.581745 1.36436 0.139184 1190
0 10 48 4.97937 0.700743 0.800585 0.10515 282
0 10 49 2 -2 0 0 205
0 10 50 4.23548 0.520403 0.997749 0.0872094 437
0 10 51 4.36471 -3 0 0 184
0 10 52 4.36471 -3 0 0 186
0 10 53 6 -2 0 0 663
0 10 54 5 -2 0 0 361
0 10 55 4.36471 -3 0 0 167
0 10 56 4.41487 1.10871 0.512 0.130081 258
0 10 57 7 -2 0 0 235
0 10 58 2 12.2965 0.636278 0.120791 275
0 10 59 4.36471 -3 0 0 116
0 10 60 3 -2 0 0 459
0 10 61 4.36471 -3 0 0 198
0 10 62 4.36471 -3 0 0 176
0 10 63 4.36471 -3 0 0 199
0 11 0 3.41909 -3 0 0 163
0 11 1 3.41909 -3 0 0 127
0 11 2 3.41909 -3 0 0 119
0 11 3 3.41909 -3 0 0 62
0 11 4 3.41909 -3 0 0 96
0 11 5 3.41909 -3 0 0 100
0 11 6 3.41909 -3 0 0 99
0 11 7 3.41909 -3 0 0 49
0 11 8 3.41909 -3 0 0 106
0 11 9 3.41909 -3 0 0 70
0 11 10 3.41909 -3 0 0 56
0 11 11 3.41909 -3 0 0 104
0 11 12 3.41909 -3 0 0 70
0 11 13 3.41909 -3 0 0 50
0 11 14 3.41909 -3 0 0 159
0 11 15 3.41909 -3 0 0 55
0 11 16 3.41909 -3 0 0 54
0 11 17 3.41909 -3 0 0 104
0 11 18 3.41909 -3 0 0 69
0 11 19 3.41909 -3 0 0 61
0 11 20 3.41909 -3 0 0 70
0 11 21 3.41909 -3 0 0 94
0 11 22 3.41909 -3 0 0 54
0 11 23 3.41909 -3 0 0 105
0 11 24 3.41909 -3 0 0 133
0 11 25 3.41909 -3 0 0 52
0 11 26 3.41909 -3 0 0 143
0 11 27 3.41909 -3 0 0 57
0 11 28 3.41909 -3 0 0 57
0 11 29 3.41909 -3 0 0 112
0 11 30 3.41909 -3 0 0 59
0 11 31 3.41909 -3 0 0 40
0 11 32 3.41909 -3 0 0 54
0 11 33 3.41909 -3 0 0 64
0 11 34 3.41909 -3 0 0 182
0 11 35 3.41909 -3 0 0 48
0 11 36 3.41909 -3 0 0 76
0 11 37 3.41909 -3 0 0 81
0 11 38 3.41909 -3 0 0 47
0 11 39 3.41909 -3 0 0 52
0 11 40 3.41909 -3 0 0 76
0 11 41 3.41909 -3 0 0 29
0 11 42 3.41909 -3 0 0 58
0 11 43 3.41909 -3 0 0 111
0 11 44 3.41909 -3 0 0 37
0 11 45 3.41909 -3 0 0 66
0 11 46 3.41909 -3 0 0 121
0 11 47 3.41909 -3 0 0 37
0 11 48 3.41909 -3 0 0 72
0 11 49 3.41909 -3 0 0 102
0 11 50 3.41909 -3 0 0 46
0 11 51 3.41909 -3 0 0 108
0 11 52 3.41909 -3 0 0 115
0 11 53 3.41909 -3 0 0 32
0 11 54 3.41909 -3 0 0 58
0 11 55 3.41909 -3 0 0 93
0 11 56 3.41909 -3 0 0 79
0 11 57 3.41909 -3 0 0 80
0 11 58 3.41909 -3 0 0 91
0 11 59 3.41909 -3 0 0 112
0 11 60 3.41909 -3 0 0 57
0 11 61 3.41909 -3 0 0 102
0 11 62 3.41909 -3 0 0 120
0 11 63 3.41909 -3 0 0 96
0 12 0 4.26996 0.515867 0.726014 0.045244 260
0 12 1 2.89508 0.791822 0.558773 0.0749882 262
0 12 2 3.25029 0.578489 0.994356 0.0299193 314
0 12 3 4.25136 0.727077 0.543489 0.26201 543
0 12 4 3.67684 0.4109 0.849279 0.123847 231
0 12 5 3.82196 0.572403 0.514254 0.225945 372
0 12 6 4.58796 0.589017 0.676871 0.193786 375
0 12 7 7.73405 0.578267 1.30209 0.469254 1109
0 12 8 4.95692 0.445732 0.584836 0.413166 277
0 12 9 4.48265 0.441279 0.938615 0.0788562 597
0 12 10 4.49542 0.482925 1.04987 0.0617375 882
0 12 11 5.19142 1.02335 0.259945 0.207832 261
0 12 12 4.92701 0.63427 0.343299 0.166373 418
0 12 13 5.28857 0.534766 1.03492 0.194759 530
0 12 14 4.19858 -3 0 0 191
0 12 15 4.46474 0.737554 0.539604 0.0746723 451
0 12 16 4.30967 0.787932 1.85695 0.141616 1319
0 12 17 4.19858 -3 0 0 197
0 12 18 3.51282 0.570387 0.59291 0.100402 403
0 12 19 4.58303 0.584899 1.45084 0.103962 858
0 12 20 6.38133 0.71538 0.287921 0.524394 259
0 12 21 6.39209 0.711144 0.530141 0.343219 509
0 12 22 4.19166 0.684506 1.70313 0.106828 624
0 12 23 4.19858 -3 0 0 193
0 12 24 4.35094 0.42248 0.563491 0.152277 241
0 12 25 4.34508 0.504582 0.925296 0.202131 804
0 12 26 4.19858 -3 0 0 171
0 12 27 4.22995 0.678459 0.599409 0.384425 357
0 12 28 4.15412 0.576825 0.966243 0.0886824 517
0 12 29 4.19858 -3 0 0 171
0 12 30 4.00026 0.822797 0.945566 0.318446 313
0 12 31 4.12425 0.495126 1.13258 0.0932728 645
0 12 32 3 -2 0 0 459
0 12 33 5.28279 0.806215 0.532938 0.192515 345
0 12 34 4.19858 -3 0 0 151
0 12 35 6.76364 0.510239 0.710239 0.542119 476
0 12 36 4.24828 0.521081 1.04605 0.100067 212
0 12 37 4.19858 -3 0 0 190
0 12 38 4.95801 0.420939 0.79145 0.129064 421
0 12 39 4.19858 -3 0 0 171
0 12 40 3 -2 0 0 215
0 12 41 5.60873 0.625817 0.871583 0.227655 357
0 12 42 4.19858 -3 0 0 183
0 12 43 4.19858 -3 0 0 161
0 12 44 3 -2 0 0 321
0 12 45 4.32677 0.571581 0.556607 0.0842997 294
0 12 46 4.19858 -3 0 0 145
0 12 47 4.69483 0.757278 0.575818 0.142541 362
0 12 48 3.56672 0.440468 0.760548 0.0776036 243
0 12 49 4.19858 -3 0 0 161
0 12 50 6.16521 0.697858 0.389198 0.397434 256
0 12 51 4.19858 -3 0 0 103
0 12 52 4.19858 -3 0 0 134
0 12 53 3.83301 0.415015 0.761541 0.150697 265
0 12 54 4.19858 -3 0 0 193
0 12 55 4.19858 -3 0 0 150
0 12 56 4.19858 -3 0 0 176
0 12 57 4.19858 -3 0 0 168
0 12 58 4.19858 -3 0 0 170
0 12 59 4.19858 -3 0 0 126
0 12 60 3.24038 0.579786 0.550327 0.0397539 209
0 12 61 4.19858 -3 0 0 122
0 12 62 4.19858 -3 0 0 115
0 12 63 4.19858 -3 0 0 141
0 13 0 3.69301 -3 0 0 94
0 13 1 3.69301 -3 0 0 67
0 13 2 3.69301 -3 0 0 84
0 13 3 3.69301 -3 0 0 42
0 13 4 3.69301 -3 0 0 73
0 13 5 3.69301 -3 0 0 66
0 13 6 3.69301 -3 0 0 62
0 13 7 3.69301 -3 0 0 33
0 13 8 3.69301 -3 0 0 63
0 13 9 3.69301 -3 0 0 46
0 13 10 3.69301 -3 0 0 51
0 13 11 3.69301 -3 0 0 72
0 13 12 3.69301 -3 0 0 35
0 13 13 3.69301 -3 0 0 37
0 13 14 3.69301 -3 0 0 102
0 13 15 3.69301 -3 0 0 58
0 13 16 3.69301 -3 0 0 48
0 13 17 3.69301 -3 0 0 82
0 13 18 3.69301 -3 0 0 56
0 13 19 3.69301 -3 0 0 33
0 13 20 3.69301 -3 0 0 53
0 13 21 3.69301 -3 0 0 70
0 13 22 3.69301 -3 0 0 47
0 13 23 3.69301 -3 0 0 70
0 13 24 3.69301 -3 0 0 100
0 13 25 3.69301 -3 0 0 38
0 13 26 3.69301 -3 0 0 88
0 13 27 3.69301 -3 0 0 55
0 13 28 3.69301 -3 0 0 53
0 13 29 3.69301 -3 0 0 78
0 13 30 3.69301 -3 0 0 44
0 13 31 3.69301 -3 0 0 47
0 13 32 3.69301 -3 0 0 36
0 13 33 3.69301 -3 0 0 39
0 13 34 3.69301 -3 0 0 100
0 13 35 3.69301 -3 0 0 37
0 13 36 3.69301 -3 0 0 38
0 13 37 3.69301 -3 0 0 67
0 13 38 3.69301 -3 0 0 66
0 13 39 3.69301 -3 0 0 104
0 13 40 3.69301 -3 0 0 62
0 13 41 3.69301 -3 0 0 38
0 13 42 3.69301 -3 0 0 92
0 13 43 3.69301 -3 0 0 88
0 13 44 3.69301 -3 0 0 47
0 13 45 3.69301 -3 0 0 59
0 13 46 3.69301 -3 0 0 123
0 13 47 3.69301 -3 0 0 52
0 13 48 3.69301 -3 0 0 66
0 13 49 3.69301 -3 0 0 79
0 13 50 3.69301 -3 0 0 57
0 13 51 3.69301 -3 0 0 122
0 13 52 3.69301 -3 0 0 100
0 13 53 3.69301 -3 0 0 57
0 13 54 3.69301 -3 0 0 61
0 13 55 3.69301 -3 0 0 110
0 13 56 3.69301 -3 0 0 109
0 13 57 3.69301 -3 0 0 94
0 13 58 3.69301 -3 0 0 82
0 13 59 3.69301 -3 0 0 109
0 13 60 3.69301 -3 0 0 55
0 13 61 3.69301 -3 0 0 170
0 13 62 3.69301 -3 0 0 139
0 13 63 3.69301 -3 0 0 87
0 14 0 3.61611 -3 0 0 82
0 14 1 3.61611 -3 0 0 101
0 14 2 3.61611 -3 0 0 125
0 14 3 3.61611 -3 0 0 120
0 14 4 3.61611 -3 0 0 89
0 14 5 3.61611 -3 0 0 109
0 14 6 3.61611 -3 0 0 150
0 14 7 3.61611 -3 0 0 194
0 14 8 3.61611 -3 0 0 99
0 14 9 3.77743 0.579213 0.874871 0.166568 213
0 14 10 3.61611 -3 0 0 199
0 14 11 3.61611 -3 0 0 86
0 14 12 3.61611 -3 0 0 126
0 14 13 3.61611 -3 0 0 131
0 14 14 3.61611 -3 0 0 64
0 14 15 3.61611 -3 0 0 127
0 14 16 3.21114 0.526252 0.717782 0.150218 271
0 14 17 3.61611 -3 0 0 65
0 14 18 3.61611 -3 0 0 115
0 14 19 3.61611 -3 0 0 175
0 14 20 3.61611 -3 0 0 90
0 14 21 3.67175 0.783378 0.564543 0.104242 215
0 14 22 3.61611 -3 0 0 149
0 14 23 3.61611 -3 0 0 72
0 14 24 3.61611 -3 0 0 93
0 14 25 3.61611 -3 0 0 135
0 14 26 3.61611 -3 0 0 66
0 14 27 3.61611 -3 0 0 90
0 14 28 3.61611 -3 0 0 121
0 14 29 3.61611 -3 0 0 70
0 14 30 3.61611 -3 0 0 72
0 14 31 3.61611 -3 0 0 117
0 14 32 3.61611 -3 0 0 72
0 14 33 3.61611 -3 0 0 42
0 14 34 3.61611 -3 0 0 68
0 14 35 3.61611 -3 0 0 90
0 14 36 3.61611 -3 0 0 21
0 14 37 3.61611 -3 0 0 52
0 14 38 3.61611 -3 0 0 77
0 14 39 3.61611 -3 0 0 56
0 14 40 3.61611 -3 0 0 85
0 14 41 3.61611 -3 0 0 71
0 14 42 3.61611 -3 0 0 72
0 14 43 3.61611 -3 0 0 61
0 14 44 3.61611 -3 0 0 61
0 14 45 3.61611 -3 0 0 56
0 14 46 3.61611 -3 0 0 48
0 14 47 3.61611 -3 0 0 48
0 14 48 3.61611 -3 0 0 60
0 14 49 3.61611 -3 0 0 47
0 14 50 3.61611 -3 0 0 66
0 14 51 3.61611 -3 0 0 47
0 14 52 3.61611 -3 0 0 45
0 14 53 3.61611 -3 0 0 49
0 14 54 3.61611 -3 0 0 62
0 14 55 3.61611 -3 0 0 49
0 14 56 3.61611 -3 0 0 46
0 14 57 3.61611 -3 0 0 51
0 14 58 3.61611 -3 0 0 46
0 14 59 3.61611 -3 0 0 43
0 14 60 3.61611 -3 0 0 52
0 14 61 3.61611 -3 0 0 38
0 14 62 3.61611 -3 0 0 71
0 14 63 3.61611 -3 0 0 48
0 15 0 3.31872 -3 0 0 52
0 15 1 3.31872 -3 0 0 35
0 15 2 3.31872 -3 0 0 29
0 15 3 3.31872 -3 0 0 16
0 15 4 3.31872 -3 0 0 81
0 15 5 3.31872 -3 0 0 32
0 15 6 3.31872 -3 0 0 12
0 15 7 3.31872 -3 0 0 38
0 15 8 3.31872 -3 0 0 34
0 15 9 0 -10 0 0 0
0 15 10 3.31872 -3 0 0 43
0 15 11 0 -10 0 0 0
0 15 12 3.31872 -3 0 0 18
0 15 13 3.31872 -3 0 0 30
0 15 14 0 -10 0 0 0
0 15 15 3.31872 -3 0 0 39
0 15 16 3.31872 -3 0 0 19
0 15 17 3.31872 -3 0 0 32
0 15 18 3.31872 -3 0 0 42
0 15 19 3.31872 -3 0 0 25
0 15 20 3.31872 -3 0 0 38
0 15 21 3.31872 -3 0 0 43
0 15 22 3.31872 -3 0 0 15
0 15 23 3.31872 -3 0 0 28
0 15 24 3.31872 -3 0 0 53
0 15 25 3.31872 -3 0 0 38
0 15 26 3.31872 -3 0 0 53
0 15 27 3.31872 -3 0 0 18
0 15 28 3.31872 -3 0 0 37
0 15 29 3.31872 -3 0 0 15
0 15 30 3.31872 -3 0 0 31
0 15 31 3.31872 -3 0 0 30
0 15 32 3.31872 -3 0 0 32
0 15 33 3.31872 -3 0 0 22
0 15 34 3.31872 -3 0 0 8
0 15 35 3.31872 -3 0 0 32
0 15 36 3.31872 -3 0 0 25
0 15 37 3.31872 -3 0 0 52
0 15 38 3.31872 -3 0 0 46
0 15 39 3.31872 -3 0 0 63
0 15 40 3.31872 -3 0 0 35
0 15 41 3.31872 -3 0 0 40
0 15 42 3.31872 -3 0 0 43
0 15 43 3.31872 -3 0 0 54
0 15 44 3.31872 -3 0 0 50
0 15 45 3.31872 -3 0 0 31
0 15 46 3.31872 -3 0 0 48
0 15 47 3.31872 -3 0 0 43
0 15 48 0 -10 0 0 0
0 15 49 3.31872 -3 0 0 25
0 15 50 3.31872 -3 0 0 51
0 15 51 3.31872 -3 0 0 95
0 15 52 3.31872 -3 0 0 75
0 15 53 3.31872 -3 0 0 44
0 15 54 3.31872 -3 0 0 43
0 15 55 3.31872 -3 0 0 74
0 15 56 3.31872 -3 0 0 72
0 15 57 3.31872 -3 0 0 89
0 15 58 3.31872 -3 0 0 48
0 15 59 3.31872 -3 0 0 68
0 15 60 3.31872 -3 0 0 64
0 15 61 3.31872 -3 0 0 119
0 15 62 3.31872 -3 0 0 79
0 15 63 3.31872 -3 0 0 72
1 0 0 3.67077 -3 0 0 74
1 0 1 3.67077 -3 0 0 66
1 0 2 3.67077 -3 0 0 58
1 0 3 3.67077 -3 0 0 50
1 0 4 3.67077 -3 0 0 58
1 0 5 3.67077 -3 0 0 54
1 0 6 3.67077 -3 0 0 59
1 0 7 3.67077 -3 0 0 51
1 0 8 3.67077 -3 0 0 47
1 0 9 3.67077 -3 0 0 43
1 0 10 3.67077 -3 0 0 46
1 0 11 3.67077 -3 0 0 82
1 0 12 3.67077 -3 0 0 46
1 0 13 3.67077 -3 0 0 49
1 0 14 3.67077 -3 0 0 67
1 0 15 3.67077 -3 0 0 52
1 0 16 3.67077 -3 0 0 42
1 0 17 3.67077 -3 0 0 86
1 0 18 3.67077 -3 0 0 50
1 0 19 3.67077 -3 0 0 54
1 0 20 3.67077 -3 0 0 69
1 0 21 3.67077 -3 0 0 59
1 0 22 3.67077 -3 0 0 36
1 0 23 3.67077 -3 0 0 73
1 0 24 3.67077 -3 0 0 66
1 0 25 3.67077 -3 0 0 51
1 0 26 3.67077 -3 0 0 92
1 0 27 3.67077 -3 0 0 54
1 0 28 3.67077 -3 0 0 52
1 0 29 3.67077 -3 0 0 101
1 0 30 3.67077 -3 0 0 48
1 0 31 3.67077 -3 0 0 75
1 0 32 3.67077 -3 0 0 67
1 0 33 3.67077 -3 0 0 66
1 0 34 3.67077 -3 0 0 132
1 0 35 3.67077 -3 0 0 67
1 0 36 3.67077 -3 0 0 55
1 0 37 0 -10 0 0 0
1 0 38 3.67077 -3 0 0 90
1 0 39 3.67077 -3 0 0 124
1 0 40 3.67077 -3 0 0 63
1 0 41 3.67077 -3 0 0 61
1 0 42 3.67077 -3 0 0 78
1 0 43 3.67077 -3 0 0 123
1 0 44 3.67077 -3 0 0 86
1 0 45 3.67077 -3 0 0 62
1 0 46 3.67077 -3 0 0 148
1 0 47 3.67077 -3 0 0 103
1 0 48 3.67077 -3 0 0 80
1 0 49 3.67077 -3 0 0 120
1 0 50 3.67077 -3 0 0 86
1 0 51 4.33386 0.824528 0.322951 0.324433 246
1 0 52 3.67077 -3 0 0 139
1 0 53 3.67077 -3 0 0 103
1 0 54 3.67077 -3 0 0 94
1 0 55 3.67077 -3 0 0 133
1 0 56 3.67077 -3 0 0 147
1 0 57 3.67077 -3 0 0 171
1 0 58 3.67077 -3 0 0 114
1 0 59 3.67077 -3 0 0 167
1 0 60 3.67077 -3 0 0 129
1 0 61 2.00001 12.9349 0.563666 0.0325176 217
1 0 62 2.08634 10.6915 0.228956 0.229074 223
1 0 63 3.67077 -3 0 0 142
1 1 0 4.72727 0.811528 0.743443 0.0389453 266
1 1 1 3.97879 0.754735 0.743978 0.0822876 297
1 1 2 4 -2 0 0 325
1 1 3 5.51093 0.567812 0.86685 0.0637974 218
1 1 4 4.55863 -3 0 0 164
1 1 5 4.55863 -3 0 0 184
1 1 6 4.98308 1.40603 0.189398 0.414903 355
1 1 7 5.25103 0.657451 0.73381 0.188671 231
1 1 8 4.55863 -3 0 0 177
1 1 9 5.99073 0.599902 0.870672 0.191314 409
1 1 10 4.66994 0.554847 0.89915 0.0802896 407
1 1 11 4.55863 -3 0 0 175
1 1 12 4.55863 -3 0 0 194
1 1 13 4.55863 -3 0 0 182
1 1 14 4.55863 -3 0 0 167
1 1 15 4.55863 -3 0 0 166
1 1 16 5.37474 0.665177 0.561914 0.210063 430
1 1 17 4.55863 -3 0 0 170
1 1 18 4.55863 -3 0 0 171
1 1 19 4.55863 -3 0 0 182
1 1 20 4.55863 -3 0 0 31
1 1 21 4.35136 0.856937 1.51321 0.0902917 365
1 1 22 5.16932 0.682292 0.687143 0.0893655 215
1 1 23 4.55863 -3 0 0 120
1 1 24 4.55863 -3 0 0 159
1 1 25 4.55863 -3 0 0 158
1 1 26 4.55863 -3 0 0 150
1 1 27 4.55863 -3 0 0 113
1 1 28 4.55863 -3 0 0 120
1 1 29 4.55863 -3 0 0 112
1 1 30 4.55863 -3 0 0 9
1 1 31 4.55863 -3 0 0 166
1 1 32 4.55863 -3 0 0 104
1 1 33 4.55863 -3 0 0 113
1 1 34 4.55863 -3 0 0 98
1 1 35 0 -10 0 0 0
1 1 36 4.55863 -3 0 0 77
1 1 37 0 -10 0 0 0
1 1 38 0 -10 0 0 0
1 1 39 4.55863 -3 0 0 4
1 1 40 4.55863 -3 0 0 107
1 1 41 0 -10 0 0 0
1 1 42 0 -10 0 0 0
1 1 43 4.55863 -3 0 0 116
1 1 44 0 -10 0 0 0
1 1 45 4.55863 -3 0 0 115
1 1 46 4.55863 -3 0 0 132
1 1 47 0 -10 0 0 0
1 1 48 4.55863 -3 0 0 95
1 1 49 4.55863 -3 0 0 102
1 1 50 4.55863 -3 0 0 1
1 1 51 0 -10 0 0 0
1 1 52 4.55863 -3 0 0 71
1 1 53 0 -10 0 0 0
1 1 54 4.55863 -3 0 0 89
1 1 55 4.55863 -3 0 0 84
1 1 56 4.55863 -3 0 0 177
1 1 57 4.55863 -3 0 0 84
1 1 58 4.55863 -3 0 0 88
1 1 59 4.55863 -3 0 0 82
1 1 60 0 -10 0 0 0
1 1 61 4.55863 -3 0 0 71
1 1 62 4.55863 -3 0 0 70
1 1 63 4.55863 -3 0 0 68
1 2 0 4 -2 0 0 288
1 2 1 3.73121 0.791512 0.701746 0.329578 215
1 2 2 4.10409 -3 0 0 186
1 2 3 4.10409 -3 0 0 131
1 2 4 4.10409 -3 0 0 176
1 2 5 4.10409 -3 0 0 152
1 2 6 4.10409 -3 0 0 172
1 2 7 4.10409 -3 0 0 86
1 2 8 4.10409 -3 0 0 178
1 2 9 4.10409 -3 0 0 136
1 2 10 4.10409 -3 0 0 101
1 2 11 4.10409 -3 0 0 168
1 2 12 4.10409 -3 0 0 151
1 2 13 4.10409 -3 0 0 114
1 2 14 5.26569 0.845544 0.296722 0.225224 348
1 2 15 4.10409 -3 0 0 111
1 2 16 4.10409 -3 0 0 85
1 2 17 6.10022 0.664679 0.194286 0.353746 237
1 2 18 4.10409 -3 0 0 119
1 2 19 4.10409 -3 0 0 101
1 2 20 4.10409 -3 0 0 177
1 2 21 4.10409 -3 0 0 133
1 2 22 4.10409 -3 0 0 73
1 2 23 4.68674 0.682141 0.983552 0.122804 201
1 2 24 4.10409 -3 0 0 186
1 2 25 4.10409 -3 0 0 87
1 2 26 5.88726 0.595187 0.132519 0.277811 377
1 2 27 4.10409 -3 0 0 100
1 2 28 4.10409 -3 0 0 96
1 2 29 4.23812 0.554664 0.563931 0.247053 271
1 2 30 4.10409 -3 0 0 118
1 2 31 4.10409 -3 0 0 93
1 2 32 4.10409 -3 0 0 129
1 2 33 4.10409 -3 0 0 122
1 2 34 5.65338 0.718467 0.623581 0.161997 392
1 2 35 4.10409 -3 0 0 102
1 2 36 4.10409 -3 0 0 170
1 2 37 0 -10 0 0 0
1 2 38 4.10409 -3 0 0 138
1 2 39 5.75905 0.492327 0.748709 0.340151 210
1 2 40 6.08664 0.832867 0.44815 0.420225 205
1 2 41 4.10409 -3 0 0 131
1 2 42 4.10409 -3 0 0 198
1 2 43 4.55424 1.85161 0.418753 0.185137 337
1 2 44 4.10409 -3 0 0 129
1 2 45 4.10409 -3 0 0 130
1 2 46 3.86142 1.04433 0.877231 0.182961 423
1 2 47 4.10409 -3 0 0 105
1 2 48 4.10409 -3 0 0 167
1 2 49 4.20356 0.634615 0.815373 0.0330108 248
1 2 50 4.10409 -3 0 0 183
1 2 51 7.08427 0.693958 0.577843 0.146141 396
1 2 52 4.72016 0.689111 0.448991 0.079327 406
1 2 53 4.10409 -3 0 0 139
1 2 54 4.10409 -3 0 0 170
1 2 55 4.13727 0.785121 0.513023 0.231124 348
1 2 56 4.69142 0.539648 0.926769 0.17784 223
1 2 57 3.14468 0.693288 0.674586 0.172274 322
1 2 58 2 8.4039 0.347089 0.214518 232
1 2 59 2.51103 1.59861 0.520587 0.145044 505
1 2 60 4.10409 -3 0 0 170
1 2 61 3.64898 0.425126 0.968472 0.0548734 694
1 2 62 2.47912 6.65973 0.735638 0.260405 503
1 2 63 2 -2 0 0 288
1 3 0 3.46449 0.396586 1.02349 0.348409 465
1 3 1 4.59048 0.507919 0.754575 0.0869397 487
1 3 2 4 -2 0 0 573
1 3 3 2.59851 1.9696 1.45221 0.177694 614
1 3 4 3.75162 1.17763 0.373158 0.247422 363
1 3 5 4.80593 0.56415 0.458956 0.223453 485
1 3 6 2.73888 1.36485 1.02458 0.134617 836
1 3 7 2.77411 1.64381 1.42177 0.0832932 876
1 3 8 2 -2 0 0 431
1 3 9 3.41941 0.59726 1.06304 0.173784 1174
1 3 10 4.23293 0.339987 1.39811 0.0777135 1131
1 3 11 2.5808 1.40658 0.612938 0.39338 298
1 3 12 5.21375 0.55223 0.673165 0.191244 608
1 3 13 3.87353 0.419382 0.681782 0.0589609 585
1 3 14 4.3819 0.625725 0.554255 0.0467453 402
1 3 15 5.26225 0.632487 0.455458 0.171728 487
1 3 16 4.916 0.48851 0.750463 0.24907 1464
1 3 17 2 8.30783 1.66191 0.193688 305
1 3 18 4.52041 0.594374 0.682663 0.235228 458
1 3 19 3.23461 2.50795 1.18691 0.250372 728
1 3 20 2.44715 7.04889 1.29145 0.619955 287
1 3 21 4.21898 0.723929 0.790242 0.219712 966
1 3 22 4.14942 0.532431 0.513754 0.2381 604
1 3 23 3.95355 0.722575 0.614037 0.133226 284
1 3 24 3 -2 0 0 410
1 3 25 4.30895 0.611487 0.67262 0.0901121 620
1 3 26 3.20768 1.41843 0.718113 0.174525 291
1 3 27 3.85732 0.529354 0.49047 0.0901316 394
1 3 28 4.24767 0.413216 0.879971 0.130302 461
1 3 29 4.20566 0.994095 0.619561 0.115383 244
1 3 30 6.23162 1.16238 0.329359 0.465836 315
1 3 31 5.28819 0.477218 0.332235 0.414545 492
1 3 32 3.65517 0.41012 0.958934 0.203842 420
1 3 33 5.10501 0.446889 0.86439 0.262061 304
1 3 34 2.67518 1.92817 1.36234 0.0704201 252
1 3 35 5.94339 0.510706 0.374727 0.378707 473
1 3 36 5.43178 0.544953 0.509779 0.265768 339
1 3 37 0 -10 0 0 0
1 3 38 4.25671 0.535604 0.677285 0.155114 416
1 3 39 3.69987 -3 0 0 239
1 3 40 2 12.9459 1.77862 0.441294 252
1 3 41 4.15955 0.7169 0.317015 0.615765 298
1 3 42 6 -2 0 0 234
1 3 43 4.80969 0.731253 0.672837 0.214674 219
1 3 44 4.45823 0.695541 0.174398 0.169755 297
1 3 45 2 -2 0 0 352
1 3 46 3.98269 0.687338 0.433923 0.208813 231
1 3 47 6.2318 0.731098 0.577319 0.581031 305
1 3 48 2 12.4068 1.23689 0.280228 248
1 3 49 3.47586 0.684081 0.402474 0.400719 257
1 3 50 2.7439 1.83688 0.737792 0.216201 255
1 3 51 3.69987 -3 0 0 193
1 3 52 3.88868 0.479121 0.695026 0.111832 296
1 3 53 4.05626 0.544157 0.496193 0.0723994 258
1 3 54 2 12.9802 0.827192 0.406291 279
1 3 55 4.6573 0.910159 0.352784 0.091678 206
1 3 56 5.0871 0.6791 0.542391 0.16704 223
1 3 57 2.78818 1.32372 0.744955 0.0521014 226
1 3 58 3.11844 1.33979 0.402839 0.192512 232
1 3 59 3.15082 0.500653 0.511978 0.195194 239
1 3 60 3.6129 0.99132 0.240618 0.232776 248
1 3 61 3.69987 -3 0 0 180
1 3 62 3.69987 -3 0 0 175
1 3 63 2.33705 7.28359 0.5918 0.281997 222
1 4 0 5.40179 0.759975 0.602408 0.181887 626
1 4 1 4.47018 0.624013 0.741589 0.153084 401
1 4 2 4.80788 0.654982 0.789803 0.0951557 292
1 4 3 4.33692 -3 0 0 118
1 4 4 4.33692 -3 0 0 153
1 4 5 4.33692 -3 0 0 174
1 4 6 3.49086 0.487996 0.906654 0.186755 280
1 4 7 4.33692 -3 0 0 106
1 4 8 4 -2 0 0 232
1 4 9 4.33692 -3 0 0 160
1 4 10 4.33692 -3 0 0 140
1 4 11 6 -2 0 0 221
1 4 12 4.33692 -3 0 0 142
1 4 13 4.33692 -3 0 0 116
1 4 14 5.19508 0.804143 0.656248 0.0945316 487
1 4 15 4.33692 -3 0 0 120
1 4 16 4.33692 -3 0 0 122
1 4 17 4.75148 0.520435 0.762827 0.213316 277
1 4 18 4.33692 -3 0 0 152
1 4 19 4.33692 -3 0 0 94
1 4 20 4.33692 -3 0 0 136
1 4 21 4.28526 0.45545 0.518912 0.234407 236
1 4 22 4.33692 -3 0 0 126
1 4 23 4.33692 -3 0 0 176
1 4 24 5.35591 0.692785 1.01721 0.217323 340
1 4 25 4.33692 -3 0 0 82
1 4 26 6 -2 0 0 366
1 4 27 4.33692 -3 0 0 77
1 4 28 4.33692 -3 0 0 95
1 4 29 6.67938 0.686844 0.486539 0.294741 265
1 4 30 4.33692 -3 0 0 108
1 4 31 4.33692 -3 0 0 82
1 4 32 4.33692 -3 0 0 93
1 4 33 4.33692 -3 0 0 87
1 4 34 6.20446 0.552248 0.648754 0.185351 363
1 4 35 4.33692 -3 0 0 91
1 4 36 4.33692 -3 0 0 99
1 4 37 0 -10 0 0 0
1 4 38 4.33692 -3 0 0 85
1 4 39 4.33692 -3 0 0 120
1 4 40 4.33692 -3 0 0 142
1 4 41 4.33692 -3 0 0 73
1 4 42 4.33692 -3 0 0 109
1 4 43 3.72841 0.529379 0.910995 0.12549 233
1 4 44 4.33692 -3 0 0 81
1 4 45 4.33692 -3 0 0 108
1 4 46 3.74776 0.625672 0.81716 0.0576938 319
1 4 47 4.33692 -3 0 0 69
1 4 48 4.33692 -3 0 0 103
1 4 49 4.33692 -3 0 0 172
1 4 50 4.33692 -3 0 0 89
1 4 51 4.33692 -3 0 0 143
1 4 52 4.33692 -3 0 0 188
1 4 53 4.33692 -3 0 0 68
1 4 54 4.33692 -3 0 0 107
1 4 55 4.33692 -3 0 0 173
1 4 56 4.33692 -3 0 0 126
1 4 57 4.33692 -3 0 0 138
1 4 58 4.33692 -3 0 0 147
1 4 59 4.11182 0.753194 0.525562 0.102761 247
1 4 60 4.33692 -3 0 0 123
1 4 61 4.33692 -3 0 0 200
1 4 62 3.30266 0.532948 0.857997 0.112565 234
1 4 63 4.33692 -3 0 0 133
1 5 0 4.02609 -3 0 0 196
1 5 1 4.51946 0.590885 0.528584 0.150558 207
1 5 2 4.84397 0.633257 0.740384 0.0507004 227
1 5 3 4.67829 0.52214 0.662548 0.122867 259
1 5 4 2.94684 1.15912 0.44924 0.179761 281
1 5 5 3.69909 0.585547 0.769847 0.09292 214
1 5 6 5.41592 0.316954 0.111565 0.0491681 238
1 5 7 4.25565 0.495274 0.633059 0.209063 267
1 5 8 5.59354 1.24467 0.251242 0.262906 246
1 5 9 2 10.7641 2.86118 0.32283 248
1 5 10 3.89103 0.541471 1.21327 0.0589935 241
1 5 11 3.4201 0.448004 0.777334 0.14961 244
1 5 12 4.63929 0.759218 0.266738 0.337578 214
1 5 13 4.85043 0.802423 0.566945 0.178954 318
1 5 14 4.02609 -3 0 0 180
1 5 15 3.48304 0.564581 0.927099 0.0944134 263
1 5 16 4 -2 0 0 285
1 5 17 5 -2 0 0 249
1 5 18 5.62727 0.509547 0.774455 0.293651 297
1 5 19 4.29594 0.485847 0.700266 0.314087 428
1 5 20 3.623 0.554689 1.23521 0.167344 304
1 5 21 4.31066 0.56014 0.826276 0.0672646 243
1 5 22 4.33386 0.504908 0.290464 0.418101 252
1 5 23 3.78477 0.502496 0.769121 0.137086 291
1 5 24 4.02609 -3 0 0 168
1 5 25 5.76327 0.587653 0.65741 0.504911 455
1 5 26 6 -2 0 0 226
1 5 27 4.02253 0.653565 0.296268 0.300289 319
1 5 28 4.36533 0.963035 0.49191 0.237155 365
1 5 29 6.12834 0.626035 0.564496 0.25334 281
1 5 30 5.18261 0.564743 0.533356 0.237316 317
1 5 31 3.96352 0.502795 0.928817 0.216609 739
1 5 32 3.45925 0.364119 0.994761 0.0612306 412
1 5 33 6.08301 0.585843 0.929836 0.336568 444
1 5 34 4.96712 1.04632 0.297959 0.273935 285
1 5 35 4.17382 0.464458 1.09925 0.164194 654
1 5 36 5 -2 0 0 468
1 5 37 0 -10 0 0 0
1 5 38 4.75184 0.454585 0.675413 0.11059 986
1 5 39 3.05289 1.08903 1.46019 0.322696 1182
1 5 40 5.75556 0.775267 0.622267 0.165993 392
1 5 41 5.20683 0.566805 0.774144 0.254279 545
1 5 42 2.66905 7.13852 1.01348 0.194974 405
1 5 43 4.43178 0.813103 0.429136 0.319348 271
1 5 44 5.37894 0.473063 1.48996 0.239836 652
1 5 45 3 -2 0 0 423
1 5 46 4.40351 0.712289 0.328095 0.169094 287
1 5 47 5.74415 0.882339 1.94106 0.405785 1702
1 5 48 3 -2 0 0 399
1 5 49 2.58453 1.40222 1.05826 0.239572 296
1 5 50 4.99274 0.681241 0.649127 0.138608 771
1 5 51 2.86529 1.68034 0.748835 0.176627 569
1 5 52 3.49787 0.47425 0.708203 0.0523814 292
1 5 53 3.45691 1.70346 1.41039 0.204423 1269
1 5 54 3.04636 0.608785 1.00721 0.132266 648
1 5 55 4.01477 0.519755 0.775585 0.0351102 486
1 5 56 4.39525 0.532164 0.856719 0.0946619 981
1 5 57 4.93226 0.564455 0.586658 0.218278 780
1 5 58 5.27811 0.558426 0.362074 0.295005 499
1 5 59 2.41133 2.2174 1.02728 0.0572333 315
1 5 60 4.13405 0.436596 1.49579 0.129824 1375
1 5 61 3.26856 0.422986 0.864374 0.0919408 562
1 5 62 3.79794 0.670415 0.712976 0.0396268 380
1 5 63 2.827 0.997103 1.00091 0.255545 440
1 6 0 3.69652 0.541374 1.02706 0.150127 207
1 6 1 4.69075 -3 0 0 168
1 6 2 4.69075 -3 0 0 166
1 6 3 4.69075 -3 0 0 68
1 6 4 4.69075 -3 0 0 56
1 6 5 4.69075 -3 0 0 89
1 6 6 4.69075 -3 0 0 119
1 6 7 4.69075 -3 0 0 62
1 6 8 4.69075 -3 0 0 106
1 6 9 4.69075 -3 0 0 84
1 6 10 4.69075 -3 0 0 59
1 6 11 4.69075 -3 0 0 78
1 6 12 4.69075 -3 0 0 88
1 6 13 4.69075 -3 0 0 58
1 6 14 4.69075 -3 0 0 146
1 6 15 4.69075 -3 0 0 66
1 6 16 4.69075 -3 0 0 87
1 6 17 4.69075 -3 0 0 83
1 6 18 4.69075 -3 0 0 67
1 6 19 4.69075 -3 0 0 64
1 6 20 4.69075 -3 0 0 75
1 6 21 4.69075 -3 0 0 105
1 6 22 4.69075 -3 0 0 66
1 6 23 4.69075 -3 0 0 85
1 6 24 4.69075 -3 0 0 132
1 6 25 4.69075 -3 0 0 54
1 6 26 4.69075 -3 0 0 149
1 6 27 4.69075 -3 0 0 37
1 6 28 4.69075 -3 0 0 35
1 6 29 4.69075 -3 0 0 85
1 6 30 4.69075 -3 0 0 48
1 6 31 4.69075 -3 0 0 45
1 6 32 4.69075 -3 0 0 42
1 6 33 4.69075 -3 0 0 37
1 6 34 4.69075 -3 0 0 95
1 6 35 4.69075 -3 0 0 45
1 6 36 4.69075 -3 0 0 48
1 6 37 0 -10 0 0 0
1 6 38 4.69075 -3 0 0 33
1 6 39 4.69075 -3 0 0 32
1 6 40 4.69075 -3 0 0 51
1 6 41 4.69075 -3 0 0 43
1 6 42 4.69075 -3 0 0 54
1 6 43 4.69075 -3 0 0 81
1 6 44 4.69075 -3 0 0 38
1 6 45 4.69075 -3 0 0 34
1 6 46 4.69075 -3 0 0 92
1 6 47 4.69075 -3 0 0 35
1 6 48 4.69075 -3 0 0 30
1 6 49 4.69075 -3 0 0 47
1 6 50 4.69075 -3 0 0 49
1 6 51 4.69075 -3 0 0 40
1 6 52 4.69075 -3 0 0 62
1 6 53 4.69075 -3 0 0 27
1 6 54 4.69075 -3 0 0 58
1 6 55 4.69075 -3 0 0 60
1 6 56 4.69075 -3 0 0 41
1 6 57 4.69075 -3 0 0 45
1 6 58 4.69075 -3 0 0 32
1 6 59 4.69075 -3 0 0 57
1 6 60 4.69075 -3 0 0 24
1 6 61 4.69075 -3 0 0 49
1 6 62 4.69075 -3 0 0 53
1 6 63 4.69075 -3 0 0 47
1 7 0 4.77971 -3 0 0 43
1 7 1 4.77971 -3 0 0 35
1 7 2 4.77971 -3 0 0 40
1 7 3 4.77971 -3 0 0 64
1 7 4 4.77971 -3 0 0 56
1 7 5 4.77971 -3 0 0 69
1 7 6 4.77971 -3 0 0 53
1 7 7 4.77971 -3 0 0 55
1 7 8 4.77971 -3 0 0 54
1 7 9 4.77971 -3 0 0 99
1 7 10 4.77971 -3 0 0 40
1 7 11 4.77971 -3 0 0 80
1 7 12 4.77971 -3 0 0 52
1 7 13 4.77971 -3 0 0 69
1 7 14 4.77971 -3 0 0 59
1 7 15 4.77971 -3 0 0 70
1 7 16 4.77971 -3 0 0 51
1 7 17 4.77971 -3 0 0 67
1 7 18 4.77971 -3 0 0 85
1 7 19 4.77971 -3 0 0 94
1 7 20 4.77971 -3 0 0 87
1 7 21 4.77971 -3 0 0 45
1 7 22 4.77971 -3 0 0 69
1 7 23 4.77971 -3 0 0 72
1 7 24 4.77971 -3 0 0 70
1 7 25 4.77971 -3 0 0 88
1 7 26 4.77971 -3 0 0 67
1 7 27 4.77971 -3 0 0 75
1 7 28 4.77971 -3 0 0 71
1 7 29 4.77971 -3 0 0 74
1 7 30 4.77971 -3 0 0 79
1 7 31 4.77971 -3 0 0 101
1 7 32 4.77971 -3 0 0 95
1 7 33 4.77971 -3 0 0 107
1 7 34 4.77971 -3 0 0 79
1 7 35 4.77971 -3 0 0 142
1 7 36 4.77971 -3 0 0 113
1 7 37 0 -10 0 0 0
1 7 38 4.77971 -3 0 0 200
1 7 39 5.21172 0.660379 0.657295 0.198482 295
1 7 40 4.77971 -3 0 0 87
1 7 41 4.77971 -3 0 0 138
1 7 42 4.77971 -3 0 0 113
1 7 43 4.77971 -3 0 0 93
1 7 44 4.77971 -3 0 0 169
1 7 45 4.77971 -3 0 0 109
1 7 46 4.77971 -3 0 0 102
1 7 47 4.84917 0.641024 0.68124 0.14733 384
1 7 48 4.77971 -3 0 0 121
1 7 49 4.77971 -3 0 0 114
1 7 50 4.77971 -3 0 0 193
1 7 51 4.77971 -3 0 0 198
1 7 52 4.77971 -3 0 0 114
1 7 53 4.00337 0.599308 1.0827 0.0425772 275
1 7 54 4.77971 -3 0 0 158
1 7 55 4.77971 -3 0 0 136
1 7 56 5.93262 0.76672 0.176409 0.358467 258
1 7 57 4.2017 0.688141 0.676807 0.195126 255
1 7 58 4.77971 -3 0 0 147
1 7 59 4.77971 -3 0 0 111
1 7 60 4.07297 0.552913 0.894454 0.0606983 280
1 7 61 4.77971 -3 0 0 190
1 7 62 4.77971 -3 0 0 132
1 7 63 4.77971 -3 0 0 131
1 8 0 5.08742 -3 0 0 45
1 8 1 5.08742 -3 0 0 56
1 8 2 5.08742 -3 0 0 56
1 8 3 5.08742 -3 0 0 93
1 8 4 5.08742 -3 0 0 71
1 8 5 5.08742 -3 0 0 50
1 8 6 5.08742 -3 0 0 48
1 8 7 5.08742 -3 0 0 76
1 8 8 5.08742 -3 0 0 46
1 8 9 5.08742 -3 0 0 60
1 8 10 5.08742 -3 0 0 66
1 8 11 5.08742 -3 0 0 70
1 8 12 5.08742 -3 0 0 54
1 8 13 5.08742 -3 0 0 114
1 8 14 5.08742 -3 0 0 50
1 8 15 5.08742 -3 0 0 84
1 8 16 5.08742 -3 0 0 79
1 8 17 5.08742 -3 0 0 59
1 8 18 5.08742 -3 0 0 71
1 8 19 5.08742 -3 0 0 101
1 8 20 5.08742 -3 0 0 89
1 8 21 5.08742 -3 0 0 61
1 8 22 5.08742 -3 0 0 64
1 8 23 5.08742 -3 0 0 74
1 8 24 5.08742 -3 0 0 38
1 8 25 5.08742 -3 0 0 115
1 8 26 5.08742 -3 0 0 58
1 8 27 5.08742 -3 0 0 78
1 8 28 5.08742 -3 0 0 103
1 8 29 5.08742 -3 0 0 72
1 8 30 5.08742 -3 0 0 81
1 8 31 5.08742 -3 0 0 165
1 8 32 5.08742 -3 0 0 106
1 8 33 5.08742 -3 0 0 116
1 8 34 5.08742 -3 0 0 81
1 8 35 5.08742 -3 0 0 156
1 8 36 5.08742 -3 0 0 81
1 8 37 0 -10 0 0 0
1 8 38 7.03881 0.922081 0.19407 0.255991 275
1 8 39 5.08585 0.584052 0.76801 0.0248246 206
1 8 40 0 -10 0 0 0
1 8 41 5.08742 -3 0 0 149
1 8 42 5.08742 -3 0 0 94
1 8 43 5.08742 -3 0 0 84
1 8 44 5.08742 -3 0 0 161
1 8 45 5.08742 -3 0 0 122
1 8 46 5.08742 -3 0 0 67
1 8 47 5.90298 0.673416 0.813635 0.110948 442
1 8 48 5.08742 -3 0 0 96
1 8 49 5.08742 -3 0 0 114
1 8 50 5.08742 -3 0 0 144
1 8 51 5.08742 -3 0 0 108
1 8 52 5.08742 -3 0 0 99
1 8 53 4.20239 0.714994 0.744384 0.163092 256
1 8 54 5.08742 -3 0 0 129
1 8 55 5.08742 -3 0 0 102
1 8 56 5.08742 -3 0 0 167
1 8 57 5.08742 -3 0 0 144
1 8 58 5.08742 -3 0 0 97
1 8 59 5.08742 -3 0 0 77
1 8 60 3.48123 0.569092 0.959983 0.0953378 219
1 8 61 5.08742 -3 0 0 128
1 8 62 5.08742 -3 0 0 108
1 8 63 5.08742 -3 0 0 117
1 9 0 3.67898 -3 0 0 113
1 9 1 3.67898 -3 0 0 103
1 9 2 3.67898 -3 0 0 81
1 9 3 3.67898 -3 0 0 44
1 9 4 3.67898 -3 0 0 41
1 9 5 3.67898 -3 0 0 46
1 9 6 3.67898 -3 0 0 68
1 9 7 3.67898 -3 0 0 39
1 9 8 3.67898 -3 0 0 49
1 9 9 3.67898 -3 0 0 68
1 9 10 3.67898 -3 0 0 28
1 9 11 3.67898 -3 0 0 43
1 9 12 3.67898 -3 0 0 36
1 9 13 3.67898 -3 0 0 35
1 9 14 3.67898 -3 0 0 106
1 9 15 3.67898 -3 0 0 30
1 9 16 3.67898 -3 0 0 34
1 9 17 3.67898 -3 0 0 73
1 9 18 3.67898 -3 0 0 36
1 9 19 3.67898 -3 0 0 31
1 9 20 3.67898 -3 0 0 33
1 9 21 3.67898 -3 0 0 43
1 9 22 3.67898 -3 0 0 14
1 9 23 3.67898 -3 0 0 52
1 9 24 3.67898 -3 0 0 92
1 9 25 3.67898 -3 0 0 28
1 9 26 3.67898 -3 0 0 57
1 9 27 3.67898 -3 0 0 21
1 9 28 3.67898 -3 0 0 23
1 9 29 3.67898 -3 0 0 52
1 9 30 3.67898 -3 0 0 3
1 9 31 3.67898 -3 0 0 26
1 9 32 3.67898 -3 0 0 18
1 9 33 3.67898 -3 0 0 30
1 9 34 3.67898 -3 0 0 72
1 9 35 3.67898 -3 0 0 19
1 9 36 3.67898 -3 0 0 23
1 9 37 0 -10 0 0 0
1 9 38 3.67898 -3 0 0 27
1 9 39 3.67898 -3 0 0 5
1 9 40 3.67898 -3 0 0 26
1 9 41 3.67898 -3 0 0 26
1 9 42 3.67898 -3 0 0 25
1 9 43 3.67898 -3 0 0 52
1 9 44 3.67898 -3 0 0 18
1 9 45 3.67898 -3 0 0 22
1 9 46 3.67898 -3 0 0 49
1 9 47 3.67898 -3 0 0 26
1 9 48 3.67898 -3 0 0 21
1 9 49 3.67898 -3 0 0 27
1 9 50 3.67898 -3 0 0 23
1 9 51 3.67898 -3 0 0 37
1 9 52 3.67898 -3 0 0 50
1 9 53 3.67898 -3 0 0 21
1 9 54 3.67898 -3 0 0 28
1 9 55 3.67898 -3 0 0 42
1 9 56 3.67898 -3 0 0 30
1 9 57 3.67898 -3 0 0 31
1 9 58 3.67898 -3 0 0 31
1 9 59 3.67898 -3 0 0 57
1 9 60 3.67898 -3 0 0 28
1 9 61 3.67898 -3 0 0 51
1 9 62 3.67898 -3 0 0 53
1 9 63 3.67898 -3 0 0 32
1 10 0 3.63469 -3 0 0 145
1 10 1 3.63469 -3 0 0 164
1 10 2 3.63469 -3 0 0 190
1 10 3 3.41807 0.515397 0.603838 0.133781 281
1 10 4 3.63469 -3 0 0 192
1 10 5 3.44861 0.68351 0.530914 0.150199 201
1 10 6 3.63469 -3 0 0 193
1 10 7 2.97949 0.834299 0.666402 0.116283 532
1 10 8 3.63469 -3 0 0 169
1 10 9 2.8424 0.572724 0.735233 0.245727 235
1 10 10 3 -2 0 0 251
1 10 11 3.63469 -3 0 0 167
1 10 12 3.88035 0.591882 0.77767 0.0690294 208
1 10 13 3.76376 0.46751 0.69645 0.13203 408
1 10 14 3.63469 -3 0 0 161
1 10 15 5.33248 0.58154 0.180943 0.506846 293
1 10 16 2 8.44258 1.88691 0.121745 478
1 10 17 3.63469 -3 0 0 155
1 10 18 4.73754 0.690664 0.164878 0.175329 253
1 10 19 5.04838 0.515288 0.803619 0.203518 620
1 10 20 4.30727 0.715726 0.7066 0.0824124 243
1 10 21 4.88732 0.387966 0.1 0.317442 216
1 10 22 4.81447 1.11273 0.434524 0.136251 420
1 10 23 3.63469 -3 0 0 157
1 10 24 3.63469 -3 0 0 142
1 10 25 2 8.67006 2.00631 0.346312 710
1 10 26 3.63469 -3 0 0 164
1 10 27 5 -2 0 0 301
1 10 28 4.09287 0.716629 0.781217 0.185247 365
1 10 29 3.63469 -3 0 0 151
1 10 30 3.63469 -3 0 0 190
1 10 31 3.99807 0.42225 0.816426 0.0574392 880
1 10 32 3 -2 0 0 413
1 10 33 5.78988 0.650386 0.157864 0.288595 369
1 10 34 3.63469 -3 0 0 146
1 10 35 4.00682 0.566723 0.796265 0.130514 1199
1 10 36 3.8328 0.536403 1.05288 0.102291 306
1 10 37 0 -10 0 0 0
1 10 38 3.59057 0.892961 1.14954 0.0575962 1461
1 10 39 3.94321 0.582884 0.863493 0.0323472 442
1 10 40 5.69723 0.772937 0.489164 0.360149 234
1 10 41 3.86142 0.542645 0.614447 0.0413516 480
1 10 42 5.17613 1.37476 0.431634 0.415263 245
1 10 43 3.07238 0.850658 1.0334 0.0767512 201
1 10 44 4.67172 0.572057 0.549815 0.0417132 597
1 10 45 3.45576 0.505595 0.66454 0.178189 332
1 10 46 3.63469 -3 0 0 143
1 10 47 3.55205 1.14517 1.06112 0.0818205 1858
1 10 48 6 -2 0 0 270
1 10 49 3 -2 0 0 303
1 10 50 2 11.2201 0.876424 0.0832364 616
1 10 51 2.40304 1.85061 1.11175 0.167661 218
1 10 52 3.63469 -3 0 0 165
1 10 53 6.28316 0.524467 1.09047 0.485733 810
1 10 54 5.33997 0.636165 0.442109 0.310499 369
1 10 55 2.9443 0.522587 0.573325 0.167653 232
1 10 56 3.69328 0.574583 0.723812 0.0602918 344
1 10 57 3.23334 0.52932 0.638065 0.136029 298
1 10 58 2.22733 1.35516 0.662066 0.556054 281
1 10 59 2 8.0495 0.954935 0.215305 213
1 10 60 3.23271 0.470541 0.957837 0.274715 726
1 10 61 3.63469 -3 0 0 199
1 10 62 3.63469 -3 0 0 193
1 10 63 2.27638 12.1272 0.765614 0.0509957 214
1 11 0 3.84698 1.01133 0.855876 0.0414843 230
1 11 1 4.71434 -3 0 0 146
1 11 2 4.71434 -3 0 0 127
1 11 3 4.71434 -3 0 0 63
1 11 4 4.71434 -3 0 0 66
1 11 5 4.71434 -3 0 0 84
1 11 6 4.71434 -3 0 0 99
1 11 7 4.71434 -3 0 0 60
1 11 8 4.71434 -3 0 0 119
1 11 9 4.71434 -3 0 0 74
1 11 10 4.71434 -3 0 0 65
1 11 11 4.71434 -3 0 0 84
1 11 12 4.71434 -3 0 0 108
1 11 13 4.71434 -3 0 0 45
1 11 14 5.14503 0.59308 0.271716 0.323752 203
1 11 15 4.71434 -3 0 0 62
1 11 16 4.71434 -3 0 0 50
1 11 17 4.71434 -3 0 0 155
1 11 18 4.71434 -3 0 0 72
1 11 19 4.71434 -3 0 0 48
1 11 20 4.71434 -3 0 0 77
1 11 21 4.71434 -3 0 0 77
1 11 22 4.71434 -3 0 0 57
1 11 23 4.71434 -3 0 0 96
1 11 24 4.71434 -3 0 0 134
1 11 25 4.71434 -3 0 0 59
1 11 26 4.71434 -3 0 0 177
1 11 27 4.71434 -3 0 0 70
1 11 28 4.71434 -3 0 0 47
1 11 29 4.71434 -3 0 0 105
1 11 30 4.71434 -3 0 0 65
1 11 31 4.71434 -3 0 0 50
1 11 32 4.71434 -3 0 0 51
1 11 33 4.71434 -3 0 0 58
1 11 34 4.71434 -3 0 0 159
1 11 35 4.71434 -3 0 0 50
1 11 36 4.71434 -3 0 0 56
1 11 37 0 -10 0 0 0
1 11 38 4.71434 -3 0 0 65
1 11 39 4.71434 -3 0 0 57
1 11 40 4.71434 -3 0 0 83
1 11 41 4.71434 -3 0 0 45
1 11 42 4.71434 -3 0 0 71
1 11 43 4.71434 -3 0 0 128
1 11 44 4.71434 -3 0 0 35
1 11 45 4.71434 -3 0 0 49
1 11 46 4.71434 -3 0 0 168
1 11 47 4.71434 -3 0 0 51
1 11 48 4.71434 -3 0 0 64
1 11 49 4.71434 -3 0 0 106
1 11 50 4.71434 -3 0 0 50
1 11 51 4.71434 -3 0 0 110
1 11 52 4.71434 -3 0 0 117
1 11 53 4.71434 -3 0 0 50
1 11 54 4.71434 -3 0 0 47
1 11 55 4.71434 -3 0 0 115
1 11 56 4.71434 -3 0 0 69
1 11 57 4.71434 -3 0 0 82
1 11 58 4.71434 -3 0 0 66
1 11 59 4.71434 -3 0 0 151
1 11 60 4.71434 -3 0 0 49
1 11 61 4.71434 -3 0 0 148
1 11 62 4.71434 -3 0 0 179
1 11 63 4.71434 -3 0 0 117
1 12 0 4.58389 0.585591 0.615626 0.061934 275
1 12 1 3 -2 0 0 306
1 12 2 5.44275 0.924912 0.384123 0.225252 331
1 12 3 4.69211 0.736598 0.309023 0.161801 446
1 12 4 5.85803 0.618884 0.736721 0.256641 233
1 12 5 5.21084 0.631686 0.689266 0.493166 266
1 12 6 2 9.64275 1.19612 0.275191 346
1 12 7 3.4817 0.547323 1.29285 0.305287 1205
1 12 8 4.52076 0.663064 0.254106 0.107674 240
1 12 9 4.03716 0.792174 0.661444 0.144659 650
1 12 10 4 -2 0 0 1058
1 12 11 3.93566 -3 0 0 198
1 12 12 3.67757 0.463099 0.760366 0.190477 394
1 12 13 4.35703 0.490497 0.837941 0.0767588 518
1 12 14 3.83512 0.745264 0.84774 0.0384966 221
1 12 15 4.06623 0.546925 0.660249 0.0995972 365
1 12 16 4.57483 0.486449 0.840439 0.0262643 1792
1 12 17 3.93566 -3 0 0 173
1 12 18 4.46527 0.569263 0.507748 0.157219 335
1 12 19 4.36605 0.404062 1.00982 0.0489342 997
1 12 20 6 -2 0 0 208
1 12 21 3.49698 0.674984 0.421847 0.242039 584
1 12 22 6.03949 0.638459 0.589991 0.387622 572
1 12 23 4.1959 0.532144 0.903657 0.115778 201
1 12 24 2.6431 0.542076 0.609399 0.462877 227
1 12 25 4.44288 0.470838 0.737667 0.0830717 691
1 12 26 3.93566 -3 0 0 170
1 12 27 3 -2 0 0 309
1 12 28 3.01003 0.881638 1.00872 0.117537 576
1 12 29 3.93566 -3 0 0 173
1 12 30 5.48406 1.3023 0.431 0.0953788 244
1 12 31 4.57728 0.446235 0.840945 0.0664522 766
1 12 32 5.23962 0.536081 0.192246 0.278256 383
1 12 33 7.42735 0.523184 0.656492 0.341995 265
1 12 34 3.93566 -3 0 0 126
1 12 35 5.29538 0.674755 0.687211 0.125459 448
1 12 36 4.71233 0.598356 0.626121 0.0972722 212
1 12 37 0 -10 0 0 0
1 12 38 3 -2 0 0 522
1 12 39 3.93566 -3 0 0 167
1 12 40 3.93566 -3 0 0 185
1 12 41 4.38036 0.598501 0.709592 0.214873 296
1 12 42 3.93566 -3 0 0 182
1 12 43 3.93566 -3 0 0 153
1 12 44 4.45073 0.692621 0.323269 0.0291848 266
1 12 45 3.43956 0.429255 0.850197 0.147906 239
1 12 46 3.93566 -3 0 0 136
1 12 47 4.59992 0.713164 0.241978 0.272823 332
1 12 48 4.85308 0.685392 0.862427 0.0879515 234
1 12 49 3.93566 -3 0 0 174
1 12 50 2.32362 7.22501 0.473172 0.270901 208
1 12 51 3.93566 -3 0 0 129
1 12 52 3.93566 -3 0 0 141
1 12 53 4.73581 0.727264 0.334183 0.28634 261
1 12 54 3.30309 0.499544 0.948516 0.110246 203
1 12 55 3.93566 -3 0 0 114
1 12 56 3.93566 -3 0 0 166
1 12 57 3.93566 -3 0 0 141
1 12 58 0 -10 0 0 0
1 12 59 3.93566 -3 0 0 135
1 12 60 4 -2 0 0 233
1 12 61 3.93566 -3 0 0 98
1 12 62 3.93566 -3 0 0 114
1 12 63 3.93566 -3 0 0 132
1 13 0 3.42679 -3 0 0 101
1 13 1 3.42679 -3 0 0 99
1 13 2 3.42679 -3 0 0 74
1 13 3 3.42679 -3 0 0 65
1 13 4 3.42679 -3 0 0 55
1 13 5 3.42679 -3 0 0 70
1 13 6 3.42679 -3 0 0 45
1 13 7 3.42679 -3 0 0 33
1 13 8 3.42679 -3 0 0 62
1 13 9 3.42679 -3 0 0 59
1 13 10 3.42679 -3 0 0 41
1 13 11 3.42679 -3 0 0 64
1 13 12 3.42679 -3 0 0 58
1 13 13 3.42679 -3 0 0 43
1 13 14 3.42679 -3 0 0 128
1 13 15 3.42679 -3 0 0 32
1 13 16 3.42679 -3 0 0 28
1 13 17 3.42679 -3 0 0 107
1 13 18 3.42679 -3 0 0 68
1 13 19 3.42679 -3 0 0 33
1 13 20 3.42679 -3 0 0 60
1 13 21 3.42679 -3 0 0 51
1 13 22 3.42679 -3 0 0 41
1 13 23 3.42679 -3 0 0 68
1 13 24 3.42679 -3 0 0 74
1 13 25 3.42679 -3 0 0 30
1 13 26 3.42679 -3 0 0 123
1 13 27 3.42679 -3 0 0 43
1 13 28 3.42679 -3 0 0 45
1 13 29 3.42679 -3 0 0 80
1 13 30 3.42679 -3 0 0 52
1 13 31 3.42679 -3 0 0 38
1 13 32 3.42679 -3 0 0 30
1 13 33 3.42679 -3 0 0 41
1 13 34 3.42679 -3 0 0 144
1 13 35 3.42679 -3 0 0 43
1 13 36 3.42679 -3 0 0 44
1 13 37 0 -10 0 0 0
1 13 38 3.42679 -3 0 0 52
1 13 39 3.42679 -3 0 0 119
1 13 40 3.42679 -3 0 0 73
1 13 41 3.42679 -3 0 0 46
1 13 42 3.42679 -3 0 0 74
1 13 43 3.42679 -3 0 0 100
1 13 44 3.42679 -3 0 0 58
1 13 45 3.42679 -3 0 0 56
1 13 46 3.42679 -3 0 0 141
1 13 47 3.42679 -3 0 0 60
1 13 48 3.42679 -3 0 0 57
1 13 49 3.42679 -3 0 0 70
1 13 50 3.42679 -3 0 0 59
1 13 51 3.42679 -3 0 0 149
1 13 52 3.42679 -3 0 0 101
1 13 53 3.42679 -3 0 0 57
1 13 54 3.42679 -3 0 0 91
1 13 55 3.42679 -3 0 0 126
1 13 56 3.42679 -3 0 0 108
1 13 57 3.42679 -3 0 0 125
1 13 58 3.42679 -3 0 0 110
1 13 59 3.42679 -3 0 0 159
1 13 60 3.42679 -3 0 0 78
1 13 61 3.70127 0.660051 0.408088 0.209675 224
1 13 62 2 12.331 0.329066 0.226754 203
1 13 63 3.42679 -3 0 0 81
1 14 0 5.012 -3 0 0 110
1 14 1 5.012 -3 0 0 109
1 14 2 5.012 -3 0 0 134
1 14 3 5.012 -3 0 0 108
1 14 4 5.012 -3 0 0 72
1 14 5 5.012 -3 0 0 100
1 14 6 5.012 -3 0 0 172
1 14 7 5.012 -3 0 0 142
1 14 8 5.012 -3 0 0 82
1 14 9 5.012 -3 0 0 170
1 14 10 5.51992 0.625246 0.768893 0.1585 224
1 14 11 5.012 -3 0 0 66
1 14 12 5.012 -3 0 0 130
1 14 13 5.012 -3 0 0 101
1 14 14 5.012 -3 0 0 67
1 14 15 5.012 -3 0 0 72
1 14 16 6.25714 0.631551 0.319466 0.236943 329
1 14 17 5.012 -3 0 0 55
1 14 18 5.012 -3 0 0 79
1 14 19 5.012 -3 0 0 137
1 14 20 5.012 -3 0 0 63
1 14 21 5.012 -3 0 0 145
1 14 22 5.012 -3 0 0 148
1 14 23 5.012 -3 0 0 49
1 14 24 5.012 -3 0 0 84
1 14 25 5.012 -3 0 0 127
1 14 26 5.012 -3 0 0 74
1 14 27 5.012 -3 0 0 88
1 14 28 5.012 -3 0 0 84
1 14 29 5.012 -3 0 0 61
1 14 30 5.012 -3 0 0 84
1 14 31 5.012 -3 0 0 79
1 14 32 5.012 -3 0 0 58
1 14 33 5.012 -3 0 0 58
1 14 34 5.012 -3 0 0 60
1 14 35 5.012 -3 0 0 77
1 14 36 5.012 -3 0 0 45
1 14 37 0 -10 0 0 0
1 14 38 5.012 -3 0 0 68
1 14 39 5.012 -3 0 0 38
1 14 40 5.012 -3 0 0 56
1 14 41 5.012 -3 0 0 69
1 14 42 5.012 -3 0 0 53
1 14 43 5.012 -3 0 0 42
1 14 44 5.012 -3 0 0 59
1 14 45 5.012 -3 0 0 53
1 14 46 5.012 -3 0 0 62
1 14 47 5.012 -3 0 0 40
1 14 48 5.012 -3 0 0 46
1 14 49 5.012 -3 0 0 46
1 14 50 5.012 -3 0 0 62
1 14 51 5.012 -3 0 0 27
1 14 52 5.012 -3 0 0 43
1 14 53 5.012 -3 0 0 41
1 14 54 5.012 -3 0 0 47
1 14 55 5.012 -3 0 0 42
1 14 56 5.012 -3 0 0 44
1 14 57 5.012 -3 0 0 26
1 14 58 5.012 -3 0 0 45
1 14 59 5.012 -3 0 0 48
1 14 60 5.012 -3 0 0 36
1 14 61 5.012 -3 0 0 35
1 14 62 5.012 -3 0 0 46
1 14 63 5.012 -3 0 0 37
1 15 0 4.63555 -3 0 0 40
1 15 1 4.63555 -3 0 0 26
1 15 2 4.63555 -3 0 0 24
1 15 3 4.63555 -3 0 0 25
1 15 4 4.63555 -3 0 0 23
1 15 5 4.63555 -3 0 0 19
1 15 6 4.63555 -3 0 0 20
1 15 7 4.63555 -3 0 0 27
1 15 8 4.63555 -3 0 0 28
1 15 9 4.63555 -3 0 0 85
1 15 10 4.63555 -3 0 0 19
1 15 11 4.63555 -3 0 0 30
1 15 12 4.63555 -3 0 0 35
1 15 13 4.63555 -3 0 0 23
1 15 14 4.63555 -3 0 0 36
1 15 15 4.63555 -3 0 0 35
1 15 16 4.63555 -3 0 0 9
1 15 17 4.63555 -3 0 0 50
1 15 18 4.63555 -3 0 0 26
1 15 19 4.63555 -3 0 0 24
1 15 20 4.63555 -3 0 0 32
1 15 21 4.63555 -3 0 0 18
1 15 22 4.63555 -3 0 0 24
1 15 23 4.63555 -3 0 0 44
1 15 24 4.63555 -3 0 0 37
1 15 25 4.63555 -3 0 0 24
1 15 26 4.63555 -3 0 0 50
1 15 27 4.63555 -3 0 0 29
1 15 28 4.63555 -3 0 0 33
1 15 29 4.63555 -3 0 0 45
1 15 30 4.63555 -3 0 0 29
1 15 31 4.63555 -3 0 0 41
1 15 32 4.63555 -3 0 0 25
1 15 33 4.63555 -3 0 0 23
1 15 34 4.63555 -3 0 0 53
1 15 35 4.63555 -3 0 0 34
1 15 36 4.63555 -3 0 0 22
1 15 37 0 -10 0 0 0
1 15 38 4.63555 -3 0 0 27
1 15 39 4.63555 -3 0 0 55
1 15 40 4.63555 -3 0 0 52
1 15 41 4.63555 -3 0 0 33
1 15 42 4.63555 -3 0 0 22
1 15 43 4.63555 -3 0 0 58
1 15 44 4.63555 -3 0 0 47
1 15 45 4.63555 -3 0 0 23
1 15 46 4.63555 -3 0 0 58
1 15 47 4.63555 -3 0 0 41
1 15 48 4.63555 -3 0 0 33
1 15 49 4.63555 -3 0 0 40
1 15 50 4.63555 -3 0 0 38
1 15 51 4.63555 -3 0 0 71
1 15 52 4.63555 -3 0 0 57
1 15 53 4.63555 -3 0 0 36
1 15 54 4.63555 -3 0 0 40
1 15 55 4.63555 -3 0 0 59
1 15 56 4.63555 -3 0 0 75
1 15 57 4.63555 -3 0 0 71
1 15 58 4.63555 -3 0 0 54
1 15 59 4.63555 -3 0 0 67
1 15 60 4.63555 -3 0 0 48
1 15 61 4.63555 -3 0 0 112
1 15 62 4.63555 -3 0 0 78
1 15 63 4.63555 -3 0 0 47
2 0 0 3.4913 -3 0 0 102
2 0 1 3.4913 -3 0 0 94
2 0 2 3.4913 -3 0 0 84
2 0 3 3.4913 -3 0 0 62
2 0 4 3.4913 -3 0 0 82
2 0 5 3.4913 -3 0 0 75
2 0 6 3.4913 -3 0 0 82
2 0 7 3.4913 -3 0 0 59
2 0 8 3.4913 -3 0 0 57
2 0 9 3.4913 -3 0 0 56
2 0 10 3.4913 -3 0 0 55
2 0 11 3.4913 -3 0 0 84
2 0 12 3.4913 -3 0 0 52
2 0 13 3.4913 -3 0 0 66
2 0 14 3.4913 -3 0 0 101
2 0 15 3.4913 -3 0 0 49
2 0 16 3.4913 -3 0 0 44
2 0 17 3.4913 -3 0 0 99
2 0 18 3.4913 -3 0 0 63
2 0 19 3.4913 -3 0 0 66
2 0 20 3.4913 -3 0 0 81
2 0 21 3.4913 -3 0 0 70
2 0 22 3.4913 -3 0 0 32
2 0 23 3.4913 -3 0 0 116
2 0 24 3.4913 -3 0 0 95
2 0 25 3.4913 -3 0 0 74
2 0 26 3.4913 -3 0 0 146
2 0 27 3.4913 -3 0 0 57
2 0 28 3.4913 -3 0 0 71
2 0 29 3.4913 -3 0 0 131
2 0 30 3.4913 -3 0 0 80
2 0 31 3.4913 -3 0 0 91
2 0 32 3.4913 -3 0 0 96
2 0 33 3.4913 -3 0 0 69
2 0 34 3.4913 -3 0 0 157
2 0 35 3.4913 -3 0 0 80
2 0 36 3.4913 -3 0 0 64
2 0 37 3.4913 -3 0 0 89
2 0 38 3.4913 -3 0 0 103
2 0 39 3.4913 -3 0 0 171
2 0 40 3.4913 -3 0 0 90
2 0 41 3.4913 -3 0 0 86
2 0 42 3.4913 -3 0 0 96
2 0 43 3.4913 -3 0 0 116
2 0 44 3.4913 -3 0 0 105
2 0 45 3.4913 -3 0 0 105
2 0 46 3.4913 -3 0 0 183
2 0 47 3.4913 -3 0 0 129
2 0 48 3.4913 -3 0 0 100
2 0 49 3.4913 -3 0 0 128
2 0 50 3.4913 -3 0 0 108
2 0 51 2 8.40761 1.11828 0.234559 305
2 0 52 3.4913 -3 0 0 146
2 0 53 3.4913 -3 0 0 115
2 0 54 3.4913 -3 0 0 106
2 0 55 3.92476 0.527407 0.831306 0.0351103 204
2 0 56 2.69584 1.36813 0.334839 0.144258 213
2 0 57 4.26883 0.549079 0.794397 0.0733504 259
2 0 58 3.4913 -3 0 0 138
2 0 59 3.4913 -3 0 0 196
2 0 60 3.4913 -3 0 0 176
2 0 61 4.39563 0.840136 0.329008 0.3434 376
2 0 62 3.04704 0.411836 0.711638 0.111715 283
2 0 63 3.4913 -3 0 0 143
2 1 0 5.83349 0.520802 0.809544 0.198605 343
2 1 1 4.08959 0.660061 0.554822 0.186685 412
2 1 2 2 8.60613 1.83855 0.139945 415
2 1 3 2.00001 8.78035 1.7466 0.602426 289
2 1 4 4.32065 -3 0 0 182
2 1 5 3 -2 0 0 284
2 1 6 3.85441 0.628648 0.596552 0.261207 419
2 1 7 4.40778 0.677888 0.563147 0.164792 380
2 1 8 5.49853 0.775396 0.277365 0.350398 270
2 1 9 4.01632 0.531972 1.05915 0.119373 548
2 1 10 4.649 0.442241 0.979952 0.0688547 521
2 1 11 4.32065 -3 0 0 195
2 1 12 4.05672 0.477252 0.991468 0.0860808 249
2 1 13 5.64256 0.613585 1.14899 0.122334 245
2 1 14 4.0356 0.819159 0.644999 0.177319 223
2 1 15 5.78029 0.796512 0.176823 0.122794 202
2 1 16 7.7423 0.601681 0.561977 0.5096 678
2 1 17 4.32065 -3 0 0 196
2 1 18 4.32065 -3 0 0 188
2 1 19 3.9998 0.501573 0.793707 0.158093 243
2 1 20 4.32065 -3 0 0 110
2 1 21 3.65651 0.809278 0.929651 0.0683669 508
2 1 22 4.37316 0.820757 0.821628 0.090119 320
2 1 23 4.32065 -3 0 0 127
2 1 24 2.02083 11.4603 0.97371 0.519015 247
2 1 25 5 -2 0 0 222
2 1 26 3 -2 0 0 202
2 1 27 4.32065 -3 0 0 134
2 1 28 4.32065 -3 0 0 165
2 1 29 4.32065 -3 0 0 131
2 1 30 4.32065 -3 0 0 151
2 1 31 4.32065 -3 0 0 149
2 1 32 4.32065 -3 0 0 148
2 1 33 4.32065 -3 0 0 116
2 1 34 4.32065 -3 0 0 151
2 1 35 4.32065 -3 0 0 115
2 1 36 4.32065 -3 0 0 102
2 1 37 4.32065 -3 0 0 117
2 1 38 4.32065 -3 0 0 77
2 1 39 4.32065 -3 0 0 95
2 1 40 4.32065 -3 0 0 111
2 1 41 4.32065 -3 0 0 109
2 1 42 4.32065 -3 0 0 84
2 1 43 4.32065 -3 0 0 110
2 1 44 4.32065 -3 0 0 99
2 1 45 4.32065 -3 0 0 90
2 1 46 4.32065 -3 0 0 127
2 1 47 4.32065 -3 0 0 99
2 1 48 4.32065 -3 0 0 109
2 1 49 4.32065 -3 0 0 99
2 1 50 4.32065 -3 0 0 78
2 1 51 4.32065 -3 0 0 59
2 1 52 4.32065 -3 0 0 83
2 1 53 4.32065 -3 0 0 70
2 1 54 4.32065 -3 0 0 94
2 1 55 4.32065 -3 0 0 80
2 1 56 4.32065 -3 0 0 64
2 1 57 4.32065 -3 0 0 71
2 1 58 4.32065 -3 0 0 87
2 1 59 4.32065 -3 0 0 101
2 1 60 4.32065 -3 0 0 83
2 1 61 4.32065 -3 0 0 73
2 1 62 4.32065 -3 0 0 99
2 1 63 4.32065 -3 0 0 73
2 2 0 2.94586 0.709793 0.894553 0.172398 313
2 2 1 2.27577 2.57227 0.519099 0.264346 245
2 2 2 2 1.28123 0.546483 0.895556 202
2 2 3 3.61132 -3 0 0 134
2 2 4 3.62608 0.623248 1.07017 0.244866 201
2 2 5 3.61132 -3 0 0 184
2 2 6 3.61132 -3 0 0 168
2 2 7 3.61132 -3 0 0 99
2 2 8 3.61132 -3 0 0 186
2 2 9 3.61132 -3 0 0 117
2 2 10 3.61132 -3 0 0 119
2 2 11 4.79864 0.746734 1.16378 0.0840522 216
2 2 12 3.61132 -3 0 0 157
2 2 13 3.61132 -3 0 0 102
2 2 14 5 -2 0 0 333
2 2 15 3.61132 -3 0 0 148
2 2 16 0 -10 0 0 0
2 2 17 5.0873 1.50746 0.422892 0.332106 299
2 2 18 3.61132 -3 0 0 130
2 2 19 3.61132 -3 0 0 136
2 2 20 4.69173 0.559797 0.592238 0.0423766 246
2 2 21 3.61132 -3 0 0 172
2 2 22 3.61132 -3 0 0 98
2 2 23 3.64172 0.485154 0.932991 0.0422735 205
2 2 24 5.35381 0.738915 0.3279 0.13498 222
2 2 25 3.61132 -3 0 0 71
2 2 26 2 9.81294 1.55342 0.394838 482
2 2 27 3.61132 -3 0 0 134
2 2 28 3.61132 -3 0 0 112
2 2 29 3.74322 0.560846 1.04049 0.0960293 317
2 2 30 3.61132 -3 0 0 123
2 2 31 3.61132 -3 0 0 98
2 2 32 3.61132 -3 0 0 131
2 2 33 3.61132 -3 0 0 141
2 2 34 3.68615 1.30641 0.744975 0.1471 464
2 2 35 3.61132 -3 0 0 104
2 2 36 3.61132 -3 0 0 200
2 2 37 5.07919 0.69621 0.282405 0.266425 253
2 2 38 3.61132 -3 0 0 153
2 2 39 5.09647 0.728857 0.523549 0.33143 225
2 2 40 4.4889 0.976241 0.313308 0.347447 214
2 2 41 3.61132 -3 0 0 133
2 2 42 4.70899 0.657566 0.703816 0.189962 278
2 2 43 4.62785 0.498217 0.716794 0.0970717 367
2 2 44 3.61132 -3 0 0 149
2 2 45 3.61132 -3 0 0 150
2 2 46 2.2626 7.75558 1.05185 0.453494 601
2 2 47 3.61132 -3 0 0 74
2 2 48 3.61132 -3 0 0 185
2 2 49 4.56487 0.526109 0.795622 0.181772 309
2 2 50 3.61132 -3 0 0 171
2 2 51 3.73675 0.853889 0.691242 0.0847424 594
2 2 52 2.40894 2.02505 1.0494 0.306069 453
2 2 53 3.61132 -3 0 0 180
2 2 54 4.33463 0.870116 0.454395 0.0601741 218
2 2 55 4.79385 0.691674 0.40317 0.195716 415
2 2 56 2 -2 0 0 300
2 2 57 3.72405 0.462702 0.82825 0.0982617 431
2 2 58 2.04714 12.2644 0.756476 0.159371 305
2 2 59 2.99865 0.547501 0.862519 0.113886 712
2 2 60 3.61132 -3 0 0 192
2 2 61 3.46323 0.611894 1.06374 0.055711 1083
2 2 62 3.93886 0.923146 0.672762 0.170999 780
2 2 63 2.96718 0.852131 0.680213 0.0416517 334
2 3 0 6 -2 0 0 481
2 3 1 4.20001 0.509818 1.33488 0.267302 469
2 3 2 5.17337 0.487316 1.04856 0.186724 594
2 3 3 5.30665 0.665857 0.47419 0.401718 531
2 3 4 5.3188 0.549944 0.943468 0.232638 432
2 3 5 2.80307 1.45442 1.27636 0.117951 419
2 3 6 5.01161 0.6134 1.0821 0.190778 711
2 3 7 3 -2 0 0 811
2 3 8 4.22849 0.452033 0.979425 0.172097 402
2 3 9 7 -2 0 0 925
2 3 10 3.8936 0.819352 1.29378 0.160887 1132
2 3 11 5.98064 0.75534 1.61775 0.442726 286
2 3 12 4.45987 0.787027 0.590217 0.145634 546
2 3 13 6.29562 0.619273 0.661504 0.282462 488
2 3 14 7.711 0.627212 0.294367 0.633869 333
2 3 15 3.87801 0.73039 1.60962 0.116164 459
2 3 16 5.53274 0.359116 0.920425 0.0782666 1595
2 3 17 4.03652 0.436885 0.967359 0.221495 290
2 3 18 3.0212 2.44587 1.78139 0.133168 334
2 3 19 5.44852 0.452112 0.798011 0.301842 596
2 3 20 6.25324 0.30033 0.139021 0.329748 428
2 3 21 3.32754 2.22066 2.24824 0.102924 881
2 3 22 5.00812 0.620062 0.530075 0.510737 624
2 3 23 5.16921 0.705273 0.547979 0.0660878 272
2 3 24 5.21145 0.574233 0.480166 0.386954 372
2 3 25 4.88876 0.780578 0.853258 0.196284 620
2 3 26 9 -2 0 0 271
2 3 27 4.85376 0.69167 0.752205 0.0588636 408
2 3 28 4.27702 0.456052 1.36544 0.218417 405
2 3 29 7.49183 1.0017 0.484782 0.659876 227
2 3 30 6.41521 0.599439 0.842631 0.837911 296
2 3 31 5.22377 0.667838 0.932737 0.336491 509
2 3 32 5.32252 0.549944 1.08117 0.211983 381
2 3 33 4.38196 0.923818 0.836143 0.25433 307
2 3 34 5.02348 0.512242 0.518371 0.235813 266
2 3 35 5.86694 1.29605 2.13077 0.451574 409
2 3 36 4.45559 0.564772 0.898782 0.138142 256
2 3 37 4.85549 -3 0 0 186
2 3 38 4.86901 0.456778 0.91932 0.1324 395
2 3 39 4.27191 0.670891 1.35868 0.29007 211
2 3 40 4.08538 0.609578 0.70807 0.463019 209
2 3 41 6.8459 0.591368 0.698877 0.382743 318
2 3 42 4.85549 -3 0 0 195
2 3 43 9 -2 0 0 227
2 3 44 4.14632 0.434269 1.13793 0.065866 279
2 3 45 8 -2 0 0 242
2 3 46 4.12099 0.496731 0.73273 0.127172 217
2 3 47 6.58989 0.715326 0.268337 0.803578 333
2 3 48 4.18491 0.436713 1.02781 0.275109 271
2 3 49 4.59163 0.580212 0.707021 0.126514 202
2 3 50 5.36997 0.882694 1.58689 0.316121 217
2 3 51 4.85549 -3 0 0 173
2 3 52 5.93589 0.775291 0.236714 0.393235 213
2 3 53 5.02866 0.689041 0.657579 0.114139 230
2 3 54 6 -2 0 0 217
2 3 55 6.0161 0.615158 0.766017 0.481565 209
2 3 56 4.85549 -3 0 0 179
2 3 57 4.85549 -3 0 0 186
2 3 58 4.98717 1.07639 0.294269 0.299129 220
2 3 59 4.85549 -3 0 0 188
2 3 60 4.8093 1.62574 1.14818 0.374679 222
2 3 61 4.85549 -3 0 0 172
2 3 62 4.85549 -3 0 0 167
2 3 63 2.86318 2.40152 0.875997 0.171291 270
2 4 0 5.08911 0.813878 0.652831 0.240523 967
2 4 1 6.93533 0.572109 0.500526 0.233984 575
2 4 2 3.80409 0.597192 0.793179 0.0814298 409
2 4 3 4.72475 -3 0 0 147
2 4 4 4.72191 1.79264 0.61863 0.0996678 217
2 4 5 7.29089 1.24406 0.225873 0.594599 285
2 4 6 4.7218 0.523886 0.492528 0.11053 336
2 4 7 4.72475 -3 0 0 128
2 4 8 4.81258 0.435712 0.850777 0.236537 333
2 4 9 5.88241 0.448767 0.74432 0.288355 223
2 4 10 4.72475 -3 0 0 172
2 4 11 4.68164 0.49999 0.658807 0.093053 292
2 4 12 6.03144 0.650783 0.617371 0.147797 202
2 4 13 4.72475 -3 0 0 118
2 4 14 7.47466 0.525271 0.636122 0.363443 728
2 4 15 4.72475 -3 0 0 156
2 4 16 4.72475 -3 0 0 156
2 4 17 4.0331 0.915089 1.64714 0.163131 388
2 4 18 4.72475 -3 0 0 154
2 4 19 4.72475 -3 0 0 110
2 4 20 4.72475 -3 0 0 193
2 4 21 4.97576 0.630253 0.688541 0.16266 312
2 4 22 4.72475 -3 0 0 141
2 4 23 5.62258 0.63242 0.621742 0.174925 245
2 4 24 4.97386 0.738171 0.497845 0.112309 493
2 4 25 4.72475 -3 0 0 129
2 4 26 5.63429 0.614294 0.931563 0.145332 621
2 4 27 4.72475 -3 0 0 132
2 4 28 4.72475 -3 0 0 84
2 4 29 6 -2 0 0 404
2 4 30 4.72475 -3 0 0 180
2 4 31 4.72475 -3 0 0 106
2 4 32 4.72475 -3 0 0 132
2 4 33 4.72475 -3 0 0 126
2 4 34 5.23582 0.608672 0.755197 0.16877 565
2 4 35 4.72475 -3 0 0 92
2 4 36 4.72475 -3 0 0 160
2 4 37 4.81141 0.723375 0.438869 0.107092 215
2 4 38 4.72475 -3 0 0 93
2 4 39 4.72475 -3 0 0 142
2 4 40 5.66633 0.717182 0.870474 0.174924 219
2 4 41 4.72475 -3 0 0 102
2 4 42 4.72475 -3 0 0 151
2 4 43 6.22688 0.554138 0.721676 0.273953 301
2 4 44 4.72475 -3 0 0 108
2 4 45 4.72475 -3 0 0 120
2 4 46 3 -2 0 0 484
2 4 47 4.72475 -3 0 0 92
2 4 48 4.72475 -3 0 0 126
2 4 49 6.01549 0.634245 0.359843 0.26054 209
2 4 50 4.72475 -3 0 0 115
2 4 51 6 -2 0 0 223
2 4 52 5 -2 0 0 256
2 4 53 4.72475 -3 0 0 115
2 4 54 4.72475 -3 0 0 155
2 4 55 2.87348 0.397922 0.660611 0.11226 252
2 4 56 4.72475 -3 0 0 156
2 4 57 3.75729 0.805155 0.59595 0.283355 229
2 4 58 4.72475 -3 0 0 159
2 4 59 2 2.79962 1.43543 0.339147 367
2 4 60 4.72475 -3 0 0 122
2 4 61 5.75654 0.562431 0.857681 0.22564 335
2 4 62 2.95846 0.615643 0.612744 0.184709 348
2 4 63 4.72475 -3 0 0 181
2 5 0 6.80822 0.665229 0.343055 0.42054 208
2 5 1 3.31423 0.450676 0.831481 0.209402 217
2 5 2 4.49291 0.675532 0.490728 0.194901 317
2 5 3 3.61014 1.08307 0.420165 0.442763 308
2 5 4 3.63905 0.450612 0.956338 0.081037 289
2 5 5 3.51883 1.29793 0.101932 0.315309 236
2 5 6 3.97607 0.771402 0.221873 0.669582 278
2 5 7 4.61492 0.691913 0.661086 0.257354 350
2 5 8 3.32939 0.431902 0.795172 0.0499549 318
2 5 9 5.24643 0.762141 0.149175 0.564727 287
2 5 10 5.22336 0.406807 0.566236 0.358208 348
2 5 11 3.6889 0.508029 0.70215 0.0829165 291
2 5 12 3.93583 0.756705 0.708397 0.0666812 293
2 5 13 3.70415 0.513613 0.913855 0.138354 346
2 5 14 4.16071 -3 0 0 192
2 5 15 6.39346 0.491254 0.711834 0.44747 356
2 5 16 5.08976 0.708986 0.466393 0.142903 413
2 5 17 6.38501 0.644893 0.608656 0.383587 243
2 5 18 3.79446 0.476967 0.739312 0.258214 315
2 5 19 4.02278 0.595157 0.74081 0.0205072 493
2 5 20 3.64741 0.488122 0.850144 0.0524992 322
2 5 21 3.57989 0.423318 0.905384 0.210687 293
2 5 22 3.79281 0.962079 0.332518 0.173034 283
2 5 23 4.34104 0.375099 0.739621 0.0967121 294
2 5 24 4.16071 -3 0 0 173
2 5 25 4.00122 0.393328 0.95353 0.0691252 479
2 5 26 4.01337 0.643673 0.446819 0.361499 272
2 5 27 3.41381 1.43189 1.59949 0.168402 425
2 5 28 3.85837 0.508376 0.673052 0.523894 409
2 5 29 2 10.3348 2.22131 0.487862 277
2 5 30 3 -2 0 0 312
2 5 31 6.06428 0.600411 0.607897 0.236527 676
2 5 32 8 -2 0 0 468
2 5 33 4.36931 0.732963 0.770888 0.291186 421
2 5 34 2.53235 1.36141 1.00234 0.228073 328
2 5 35 5.82592 0.65363 0.43295 0.322392 833
2 5 36 4.35478 0.584217 0.500598 0.108715 444
2 5 37 6 -2 0 0 374
2 5 38 4.86058 0.461815 0.734993 0.122704 1000
2 5 39 4.69111 0.524398 0.484409 0.133931 1248
2 5 40 6.16636 0.840563 0.322975 0.521125 491
2 5 41 4.87694 0.364204 0.813363 0.0650225 520
2 5 42 6 -2 0 0 544
2 5 43 2 1.92942 0.979094 0.35735 285
2 5 44 3.60034 1.00802 0.962444 0.115626 709
2 5 45 4.63134 0.401454 0.683698 0.352825 556
2 5 46 2.00001 10.0533 2.01856 0.24771 341
2 5 47 4.47003 0.431414 0.9187 0.091522 1640
2 5 48 4.42637 0.540352 0.710277 0.0617639 483
2 5 49 4.56938 0.720111 0.142639 0.239224 379
2 5 50 4.25298 0.42628 1.01659 0.156946 656
2 5 51 3.46562 0.482547 0.781885 0.152106 739
2 5 52 5.78806 0.524341 0.766796 0.359918 376
2 5 53 5.13705 0.586222 0.871501 0.189871 1295
2 5 54 4.1286 0.409993 0.761705 0.137319 601
2 5 55 3.47282 0.400437 0.939937 0.134555 476
2 5 56 3.81161 0.441823 1.20111 0.0615988 962
2 5 57 3.86822 0.489036 0.749888 0.022339 648
2 5 58 3.9157 0.431061 0.989332 0.0915738 511
2 5 59 3.69184 0.477924 0.684795 0.15332 387
2 5 60 3.32163 1.02125 0.8292 0.0541591 1303
2 5 61 2.77473 1.30844 1.22669 0.283249 519
2 5 62 3.45334 0.476282 0.946396 0.20404 431
2 5 63 4.66937 0.740769 0.177867 0.206733 457
2 6 0 6.31849 0.585637 0.508811 0.321429 324
2 6 1 6.42564 1.21145 0.329692 0.194457 226
2 6 2 5.25184 -3 0 0 185
2 6 3 5.25184 -3 0 0 84
2 6 4 5.25184 -3 0 0 107
2 6 5 5.25184 -3 0 0 129
2 6 6 5.25184 -3 0 0 169
2 6 7 5.25184 -3 0 0 69
2 6 8 5.25184 -3 0 0 161
2 6 9 5.25184 -3 0 0 118
2 6 10 5.25184 -3 0 0 91
2 6 11 5.25184 -3 0 0 106
2 6 12 5.25184 -3 0 0 105
2 6 13 5.25184 -3 0 0 65
2 6 14 5.98645 0.589002 0.483131 0.214297 213
2 6 15 5.25184 -3 0 0 71
2 6 16 5.25184 -3 0 0 115
2 6 17 5.25184 -3 0 0 119
2 6 18 5.25184 -3 0 0 87
2 6 19 5.25184 -3 0 0 63
2 6 20 5.25184 -3 0 0 78
2 6 21 5.25184 -3 0 0 132
2 6 22 5.25184 -3 0 0 72
2 6 23 5.25184 -3 0 0 91
2 6 24 5.25184 -3 0 0 178
2 6 25 5.25184 -3 0 0 71
2 6 26 5.25184 -3 0 0 171
2 6 27 5.25184 -3 0 0 62
2 6 28 5.25184 -3 0 0 69
2 6 29 5.25184 -3 0 0 101
2 6 30 5.25184 -3 0 0 61
2 6 31 5.25184 -3 0 0 47
2 6 32 5.25184 -3 0 0 55
2 6 33 5.25184 -3 0 0 61
2 6 34 5.25184 -3 0 0 146
2 6 35 5.25184 -3 0 0 50
2 6 36 5.25184 -3 0 0 75
2 6 37 5.25184 -3 0 0 60
2 6 38 5.25184 -3 0 0 42
2 6 39 5.25184 -3 0 0 55
2 6 40 5.25184 -3 0 0 56
2 6 41 5.25184 -3 0 0 60
2 6 42 5.25184 -3 0 0 64
2 6 43 5.25184 -3 0 0 98
2 6 44 5.25184 -3 0 0 41
2 6 45 5.25184 -3 0 0 52
2 6 46 5.25184 -3 0 0 124
2 6 47 5.25184 -3 0 0 38
2 6 48 5.25184 -3 0 0 48
2 6 49 5.25184 -3 0 0 59
2 6 50 5.25184 -3 0 0 44
2 6 51 5.25184 -3 0 0 59
2 6 52 5.25184 -3 0 0 76
2 6 53 5.25184 -3 0 0 54
2 6 54 5.25184 -3 0 0 64
2 6 55 5.25184 -3 0 0 66
2 6 56 5.25184 -3 0 0 43
2 6 57 5.25184 -3 0 0 53
2 6 58 5.25184 -3 0 0 56
2 6 59 5.25184 -3 0 0 80
2 6 60 5.25184 -3 0 0 45
2 6 61 5.25184 -3 0 0 96
2 6 62 5.25184 -3 0 0 86
2 6 63 5.25184 -3 0 0 63
2 7 0 4.80685 -3 0 0 91
2 7 1 4.80685 -3 0 0 59
2 7 2 4.80685 -3 0 0 74
2 7 3 4.80685 -3 0 0 79
2 7 4 4.80685 -3 0 0 76
2 7 5 4.80685 -3 0 0 89
2 7 6 4.80685 -3 0 0 69
2 7 7 4.80685 -3 0 0 88
2 7 8 4.80685 -3 0 0 66
2 7 9 4.80685 -3 0 0 77
2 7 10 4.80685 -3 0 0 83
2 7 11 4.80685 -3 0 0 115
2 7 12 4.80685 -3 0 0 80
2 7 13 4.80685 -3 0 0 100
2 7 14 4.80685 -3 0 0 88
2 7 15 4.80685 -3 0 0 109
2 7 16 4.80685 -3 0 0 76
2 7 17 4.80685 -3 0 0 111
2 7 18 4.80685 -3 0 0 100
2 7 19 4.80685 -3 0 0 115
2 7 20 4.80685 -3 0 0 111
2 7 21 4.80685 -3 0 0 81
2 7 22 4.80685 -3 0 0 77
2 7 23 4.80685 -3 0 0 120
2 7 24 4.80685 -3 0 0 92
2 7 25 4.80685 -3 0 0 151
2 7 26 4.80685 -3 0 0 92
2 7 27 4.80685 -3 0 0 129
2 7 28 4.80685 -3 0 0 117
2 7 29 4.80685 -3 0 0 103
2 7 30 4.80685 -3 0 0 112
2 7 31 4.80685 -3 0 0 179
2 7 32 4.80685 -3 0 0 140
2 7 33 4.80685 -3 0 0 173
2 7 34 4.80685 -3 0 0 116
2 7 35 5.97919 0.72326 0.590215 0.117074 244
2 7 36 4.80685 -3 0 0 156
2 7 37 4.80685 -3 0 0 127
2 7 38 4.68949 0.605832 0.805837 0.241579 327
2 7 39 4.77711 0.64144 0.914187 0.109755 475
2 7 40 4.80685 -3 0 0 128
2 7 41 6.16087 0.974406 0.289623 0.238589 213
2 7 42 4.80685 -3 0 0 168
2 7 43 4.80685 -3 0 0 144
2 7 44 4.50155 0.758712 0.578834 0.217989 339
2 7 45 5.16671 0.451922 0.678867 0.140175 210
2 7 46 4.80685 -3 0 0 153
2 7 47 4.27883 0.708204 1.25966 0.162045 595
2 7 48 4.80685 -3 0 0 187
2 7 49 4.80685 -3 0 0 152
2 7 50 4.61594 0.628728 1.05061 0.0411546 268
2 7 51 4.29368 0.512449 1.16055 0.0786571 304
2 7 52 4.80685 -3 0 0 150
2 7 53 4.99826 0.810569 0.632492 0.0786858 528
2 7 54 4.44989 0.675817 0.704613 0.0574505 313
2 7 55 3.94588 0.584531 0.846527 0.0404524 218
2 7 56 3.94371 0.69134 0.969651 0.0884936 413
2 7 57 4.31176 0.584028 0.7345 0.0882547 425
2 7 58 3.34974 1.4797 0.541865 0.258046 270
2 7 59 4.80685 -3 0 0 167
2 7 60 5.52618 0.647062 0.963162 0.264434 550
2 7 61 3.79141 0.548368 0.906696 0.0997982 342
2 7 62 2 9.21137 1.22269 0.15417 249
2 7 63 3 -2 0 0 226
2 8 0 3.90223 -3 0 0 89
2 8 1 3.90223 -3 0 0 59
2 8 2 3.90223 -3 0 0 85
2 8 3 3.90223 -3 0 0 84
2 8 4 3.90223 -3 0 0 98
2 8 5 3.90223 -3 0 0 82
2 8 6 3.90223 -3 0 0 81
2 8 7 3.90223 -3 0 0 132
2 8 8 3.90223 -3 0 0 76
2 8 9 3.90223 -3 0 0 106
2 8 10 3.90223 -3 0 0 77
2 8 11 3.90223 -3 0 0 87
2 8 12 3.90223 -3 0 0 81
2 8 13 3.90223 -3 0 0 128
2 8 14 3.90223 -3 0 0 89
2 8 15 3.90223 -3 0 0 105
2 8 16 3.90223 -3 0 0 126
2 8 17 3.90223 -3 0 0 90
2 8 18 3.90223 -3 0 0 88
2 8 19 3.90223 -3 0 0 158
2 8 20 3.90223 -3 0 0 94
2 8 21 3.90223 -3 0 0 79
2 8 22 3.90223 -3 0 0 106
2 8 23 3.90223 -3 0 0 70
2 8 24 3.90223 -3 0 0 77
2 8 25 3.90223 -3 0 0 1
2 8 26 3.90223 -3 0 0 87
2 8 27 3.90223 -3 0 0 126
2 8 28 3.90223 -3 0 0 137
2 8 29 3.90223 -3 0 0 101
2 8 30 3.90223 -3 0 0 98
2 8 31 4.78807 0.605719 0.962026 0.102394 268
2 8 32 3.90223 -3 0 0 132
2 8 33 3.90223 -3 0 0 145
2 8 34 3.90223 -3 0 0 96
2 8 35 3.35535 0.774001 0.681328 0.115491 301
2 8 36 3.90223 -3 0 0 131
2 8 37 3.90223 -3 0 0 83
2 8 38 4.90128 0.773887 0.39878 0.215078 456
2 8 39 2 -2 0 0 342
2 8 40 3.90223 -3 0 0 98
2 8 41 5.31916 0.632298 0.841817 0.233406 221
2 8 42 3.90223 -3 0 0 143
2 8 43 3.90223 -3 0 0 95
2 8 44 4.37806 0.621717 0.630193 0.189815 271
2 8 45 3.90223 -3 0 0 179
2 8 46 3.90223 -3 0 0 93
2 8 47 5.29204 0.753415 0.61767 0.166217 682
2 8 48 3.90223 -3 0 0 138
2 8 49 3.90223 -3 0 0 121
2 8 50 5.81197 1.01351 0.314675 0.225252 241
2 8 51 3.90223 -3 0 0 187
2 8 52 3.90223 -3 0 0 138
2 8 53 2 8.31695 1.53969 0.224784 461
2 8 54 2.95209 0.726719 0.910056 0.0621902 215
2 8 55 3.90223 -3 0 0 154
2 8 56 2.76791 1.77389 1.299 0.108582 306
2 8 57 3.11192 1.11769 0.233398 0.321901 254
2 8 58 3.90223 -3 0 0 195
2 8 59 3.90223 -3 0 0 118
2 8 60 2.91157 0.559841 0.772791 0.0587908 391
2 8 61 3.90223 -3 0 0 176
2 8 62 3.90223 -3 0 0 176
2 8 63 3.90223 -3 0 0 168
2 9 0 4.46761 -3 0 0 155
2 9 1 4.46761 -3 0 0 127
2 9 2 4.46761 -3 0 0 93
2 9 3 4.46761 -3 0 0 43
2 9 4 4.46761 -3 0 0 49
2 9 5 4.46761 -3 0 0 55
2 9 6 4.46761 -3 0 0 96
2 9 7 4.46761 -3 0 0 40
2 9 8 4.46761 -3 0 0 70
2 9 9 4.46761 -3 0 0 69
2 9 10 4.46761 -3 0 0 48
2 9 11 4.46761 -3 0 0 61
2 9 12 4.46761 -3 0 0 61
2 9 13 4.46761 -3 0 0 42
2 9 14 4.46761 -3 0 0 114
2 9 15 4.46761 -3 0 0 40
2 9 16 4.46761 -3 0 0 17
2 9 17 4.46761 -3 0 0 54
2 9 18 4.46761 -3 0 0 34
2 9 19 4.46761 -3 0 0 25
2 9 20 4.46761 -3 0 0 24
2 9 21 4.46761 -3 0 0 55
2 9 22 4.46761 -3 0 0 42
2 9 23 4.46761 -3 0 0 53
2 9 24 4.46761 -3 0 0 93
2 9 25 4.46761 -3 0 0 36
2 9 26 4.46761 -3 0 0 89
2 9 27 4.46761 -3 0 0 27
2 9 28 4.46761 -3 0 0 35
2 9 29 4.46761 -3 0 0 63
2 9 30 4.46761 -3 0 0 30
2 9 31 4.46761 -3 0 0 28
2 9 32 4.46761 -3 0 0 23
2 9 33 4.46761 -3 0 0 21
2 9 34 4.46761 -3 0 0 90
2 9 35 4.46761 -3 0 0 29
2 9 36 4.46761 -3 0 0 28
2 9 37 4.46761 -3 0 0 47
2 9 38 4.46761 -3 0 0 40
2 9 39 4.46761 -3 0 0 37
2 9 40 4.46761 -3 0 0 34
2 9 41 4.46761 -3 0 0 37
2 9 42 4.46761 -3 0 0 37
2 9 43 4.46761 -3 0 0 65
2 9 44 4.46761 -3 0 0 22
2 9 45 4.46761 -3 0 0 23
2 9 46 4.46761 -3 0 0 82
2 9 47 4.46761 -3 0 0 25
2 9 48 4.46761 -3 0 0 26
2 9 49 4.46761 -3 0 0 27
2 9 50 4.46761 -3 0 0 27
2 9 51 4.46761 -3 0 0 25
2 9 52 4.46761 -3 0 0 54
2 9 53 4.46761 -3 0 0 22
2 9 54 4.46761 -3 0 0 32
2 9 55 4.46761 -3 0 0 61
2 9 56 4.46761 -3 0 0 28
2 9 57 4.46761 -3 0 0 33
2 9 58 4.46761 -3 0 0 34
2 9 59 4.46761 -3 0 0 67
2 9 60 4.46761 -3 0 0 26
2 9 61 4.46761 -3 0 0 73
2 9 62 4.46761 -3 0 0 50
2 9 63 4.46761 -3 0 0 52
2 10 0 4.27812 -3 0 0 143
2 10 1 4.27812 -3 0 0 137
2 10 2 4.27812 -3 0 0 183
2 10 3 4.98987 0.727151 0.424727 0.133937 319
2 10 4 5.55693 1.16001 0.318815 0.336063 211
2 10 5 4.65435 0.376065 0.1 0.224967 243
2 10 6 2 12.9336 1.56799 0.0950136 208
2 10 7 4.35492 0.79955 0.518278 0.250305 581
2 10 8 4.27812 -3 0 0 170
2 10 9 4.56832 0.632742 0.49037 0.24507 271
2 10 10 2 7.7698 4.46128 0.782936 267
2 10 11 4.27812 -3 0 0 184
2 10 12 5.04521 0.710246 0.295568 0.0809475 239
2 10 13 3.95646 0.381341 0.869072 0.0536349 435
2 10 14 4.27812 -3 0 0 154
2 10 15 4.61176 0.688711 0.294136 0.273784 339
2 10 16 4.28698 0.52401 0.947711 0.0857232 467
2 10 17 4.27812 -3 0 0 173
2 10 18 5.6873 0.545261 0.123934 0.282607 262
2 10 19 5.36997 0.647728 0.614453 0.13986 664
2 10 20 4.28621 0.812258 0.388351 0.480127 243
2 10 21 3.52966 0.589148 0.706865 0.236441 241
2 10 22 4.81455 0.9771 0.665891 0.0666327 334
2 10 23 4.27812 -3 0 0 188
2 10 24 4.27812 -3 0 0 165
2 10 25 3.99681 0.653341 0.755515 0.089891 994
2 10 26 4.27812 -3 0 0 175
2 10 27 4.29544 0.513101 0.45687 0.323138 358
2 10 28 4.89205 0.759346 0.80069 0.115127 488
2 10 29 4.27812 -3 0 0 195
2 10 30 3.22749 1.17472 1.45385 0.238286 266
2 10 31 4.11265 0.814082 0.607817 0.198591 1094
2 10 32 5.62296 0.791861 0.414656 0.695219 626
2 10 33 5.35905 0.580237 0.459357 0.349677 406
2 10 34 4.27812 -3 0 0 24
2 10 35 2.00019 11.5044 1.97788 0.216745 1315
2 10 36 4.74125 0.703324 0.369663 0.17633 316
2 10 37 4.27812 -3 0 0 192
2 10 38 5.95622 0.528308 0.8505 0.20557 1764
2 10 39 6 -2 0 0 603
2 10 40 5.1018 0.62857 0.803042 0.272516 266
2 10 41 4.81462 0.678731 0.480229 0.228446 604
2 10 42 3.48374 1.03233 0.326242 0.309621 332
2 10 43 3.63795 0.542568 0.628698 0.248283 246
2 10 44 4.8232 0.797665 0.747197 0.351866 851
2 10 45 5.05112 0.609916 0.423113 0.332774 499
2 10 46 4.27812 -3 0 0 31
2 10 47 4.74534 0.685228 1.27592 0.117569 2720
2 10 48 3.35712 0.545388 1.03286 0.0226176 371
2 10 49 3.85243 0.68157 0.599176 0.277721 234
2 10 50 4.83267 0.641309 0.631343 0.091948 606
2 10 51 5.83315 0.601205 0.437485 0.330567 260
2 10 52 4.90769 0.694691 0.775207 0.129331 223
2 10 53 4.29432 0.69801 0.32268 0.159744 458
2 10 54 2.5352 1.36653 0.543209 0.0726345 423
2 10 55 6.50311 0.890453 0.450883 0.427751 260
2 10 56 5.939 0.768975 0.606852 0.458005 295
2 10 57 3.64754 0.552226 0.779696 0.188011 331
2 10 58 4.13891 0.524956 0.627318 0.138116 335
2 10 59 4.27812 -3 0 0 182
2 10 60 4.0237 0.562521 0.731105 0.213871 869
2 10 61 4.27812 -3 0 0 160
2 10 62 2.47069 1.67261 0.707113 0.173748 235
2 10 63 2.92789 0.497148 0.745486 0.0796498 306
2 11 0 7.16975 0.925341 1.24462 0.291045 335
2 11 1 5.81798 0.492295 0.976377 0.137872 289
2 11 2 4.84891 0.992233 0.475988 0.124457 227
2 11 3 4.79104 -3 0 0 92
2 11 4 4.79104 -3 0 0 132
2 11 5 4.79104 -3 0 0 154
2 11 6 4.79104 -3 0 0 161
2 11 7 4.79104 -3 0 0 64
2 11 8 4.79104 -3 0 0 163
2 11 9 4.79104 -3 0 0 107
2 11 10 4.79104 -3 0 0 76
2 11 11 4.96538 0.583081 0.695501 0.341847 206
2 11 12 4.79104 -3 0 0 144
2 11 13 4.79104 -3 0 0 70
2 11 14 6.90134 1.74611 0.537423 0.286824 341
2 11 15 4.79104 -3 0 0 84
2 11 16 4.79104 -3 0 0 73
2 11 17 6.11496 0.750211 0.226365 0.293881 206
2 11 18 4.79104 -3 0 0 109
2 11 19 4.79104 -3 0 0 96
2 11 20 4.79104 -3 0 0 111
2 11 21 4.79104 -3 0 0 143
2 11 22 4.79104 -3 0 0 73
2 11 23 4.79104 -3 0 0 173
2 11 24 6.93937 0.740364 0.388048 0.520221 213
2 11 25 4.79104 -3 0 0 95
2 11 26 6.09394 0.82634 0.729677 0.0273297 308
2 11 27 4.79104 -3 0 0 93
2 11 28 4.79104 -3 0 0 63
2 11 29 5.11168 1.04745 0.83585 0.250785 211
2 11 30 4.79104 -3 0 0 82
2 11 31 4.79104 -3 0 0 78
2 11 32 4.79104 -3 0 0 82
2 11 33 4.79104 -3 0 0 94
2 11 34 6.01995 0.871688 0.301942 0.175357 309
2 11 35 4.79104 -3 0 0 60
2 11 36 4.79104 -3 0 0 91
2 11 37 4.79104 -3 0 0 132
2 11 38 4.79104 -3 0 0 80
2 11 39 4.79104 -3 0 0 92
2 11 40 4.79104 -3 0 0 98
2 11 41 4.79104 -3 0 0 66
2 11 42 4.79104 -3 0 0 104
2 11 43 4.79104 -3 0 0 198
2 11 44 4.79104 -3 0 0 65
2 11 45 4.79104 -3 0 0 72
2 11 46 5.27732 0.996826 0.298425 0.232107 291
2 11 47 4.79104 -3 0 0 67
2 11 48 4.79104 -3 0 0 113
2 11 49 4.79104 -3 0 0 156
2 11 50 4.79104 -3 0 0 90
2 11 51 4.79104 -3 0 0 192
2 11 52 4.79104 -3 0 0 159
2 11 53 4.79104 -3 0 0 77
2 11 54 4.79104 -3 0 0 82
2 11 55 4.79104 -3 0 0 178
2 11 56 4.79104 -3 0 0 113
2 11 57 4.79104 -3 0 0 150
2 11 58 4.79104 -3 0 0 103
2 11 59 3.0549 0.769681 0.809776 0.0828886 252
2 11 60 4.79104 -3 0 0 81
2 11 61 3.27486 0.501137 0.618155 0.156802 211
2 11 62 3.87555 0.70684 0.562604 0.0974667 236
2 11 63 4.79104 -3 0 0 147
2 12 0 2 2.74178 1.22323 0.488496 291
2 12 1 6.25435 0.733567 0.206585 0.251062 323
2 12 2 3.5271 0.428587 0.9214 0.0663176 440
2 12 3 3.59534 0.580388 0.859141 0.0827738 708
2 12 4 4.31619 0.653301 0.78093 0.0760873 276
2 12 5 2.60647 1.65815 1.15174 0.357028 340
2 12 6 2 11.6082 1.22549 0.239262 453
2 12 7 4.12119 0.603498 0.864351 0.0586296 1801
2 12 8 5.00066 1.12967 0.120159 0.272137 300
2 12 9 4.56657 0.806613 0.58147 0.119914 815
2 12 10 3.84191 0.430143 1.24867 0.099394 1313
2 12 11 4.07502 0.479733 0.809939 0.020955 257
2 12 12 4.29986 0.486645 0.845361 0.0782221 431
2 12 13 4.39594 0.676475 0.634804 0.545584 670
2 12 14 5.60638 0.804721 0.748362 0.388126 234
2 12 15 4.35933 0.396957 1.01675 0.0964516 608
2 12 16 6 -2 0 0 1365
2 12 17 6.78309 0.507242 0.595328 0.347707 214
2 12 18 3.74619 0.635299 0.76462 0.135713 405
2 12 19 5.02006 0.949521 0.946364 0.315162 1340
2 12 20 4.4462 0.912421 0.714465 0.214983 292
2 12 21 4.30966 0.42489 0.817224 0.102346 675
2 12 22 4.33828 0.655556 1.00615 0.0481051 828
2 12 23 6.66792 0.728212 0.586199 0.228527 216
2 12 24 2.17696 2.39546 0.657206 0.44688 239
2 12 25 4.96515 0.830159 0.927724 0.198903 1063
2 12 26 4.26968 -3 0 0 182
2 12 27 4.6243 0.67481 0.463213 0.141684 408
2 12 28 4.23837 0.525402 1.38229 0.144389 720
2 12 29 4.26968 -3 0 0 175
2 12 30 5.57086 0.218824 0.1 0.200123 278
2 12 31 6.53584 0.590493 0.634376 0.322126 838
2 12 32 6.10543 0.685312 0.593872 0.427817 483
2 12 33 5.60776 0.507998 0.825234 0.147083 340
2 12 34 4.26968 -3 0 0 164
2 12 35 4.94945 0.882565 1.61222 0.291169 794
2 12 36 3 -2 0 0 254
2 12 37 4.26968 -3 0 0 164
2 12 38 3.58306 0.503549 0.975463 0.546022 482
2 12 39 8 -2 0 0 207
2 12 40 4.26968 -3 0 0 197
2 12 41 5.72763 0.824763 0.789216 0.156452 363
2 12 42 4.26968 -3 0 0 161
2 12 43 5.13474 0.765614 0.495081 0.249331 217
2 12 44 4.14398 0.482113 0.927337 0.104359 345
2 12 45 6.4418 0.542447 0.441668 0.540954 297
2 12 46 4.26968 -3 0 0 143
2 12 47 5.15969 0.426653 0.927905 0.132811 487
2 12 48 6.47769 0.855172 0.175872 0.519232 269
2 12 49 4.26968 -3 0 0 159
2 12 50 2.58606 2.23365 1.46421 0.328659 277
2 12 51 4.26968 -3 0 0 116
2 12 52 4.26968 -3 0 0 134
2 12 53 4.41376 0.59213 0.730604 0.221193 279
2 12 54 4.26968 -3 0 0 190
2 12 55 4.26968 -3 0 0 110
2 12 56 4.26968 -3 0 0 197
2 12 57 4.26968 -3 0 0 143
2 12 58 4.26968 -3 0 0 178
2 12 59 4.26968 -3 0 0 112
2 12 60 2.69186 1.23134 0.655574 0.814926 239
2 12 61 4.26968 -3 0 0 119
2 12 62 4.26968 -3 0 0 120
2 12 63 4.26968 -3 0 0 151
2 13 0 4.04044 -3 0 0 153
2 13 1 4.04044 -3 0 0 115
2 13 2 4.04044 -3 0 0 115
2 13 3 4.04044 -3 0 0 68
2 13 4 4.04044 -3 0 0 87
2 13 5 4.04044 -3 0 0 71
2 13 6 4.04044 -3 0 0 93
2 13 7 4.04044 -3 0 0 45
2 13 8 4.04044 -3 0 0 114
2 13 9 4.04044 -3 0 0 60
2 13 10 4.04044 -3 0 0 46
2 13 11 4.04044 -3 0 0 101
2 13 12 4.04044 -3 0 0 69
2 13 13 4.04044 -3 0 0 66
2 13 14 4.04044 -3 0 0 183
2 13 15 4.04044 -3 0 0 56
2 13 16 4.04044 -3 0 0 66
2 13 17 4.04044 -3 0 0 138
2 13 18 4.04044 -3 0 0 70
2 13 19 4.04044 -3 0 0 55
2 13 20 4.04044 -3 0 0 69
2 13 21 4.04044 -3 0 0 77
2 13 22 4.04044 -3 0 0 55
2 13 23 4.04044 -3 0 0 103
2 13 24 4.04044 -3 0 0 123
2 13 25 4.04044 -3 0 0 51
2 13 26 4.04044 -3 0 0 169
2 13 27 4.04044 -3 0 0 77
2 13 28 4.04044 -3 0 0 53
2 13 29 4.04044 -3 0 0 147
2 13 30 4.04044 -3 0 0 73
2 13 31 4.04044 -3 0 0 53
2 13 32 4.04044 -3 0 0 47
2 13 33 4.04044 -3 0 0 65
2 13 34 4.04044 -3 0 0 191
2 13 35 4.04044 -3 0 0 61
2 13 36 4.04044 -3 0 0 81
2 13 37 4.04044 -3 0 0 125
2 13 38 4.04044 -3 0 0 55
2 13 39 4.04044 -3 0 0 111
2 13 40 4.04044 -3 0 0 82
2 13 41 4.04044 -3 0 0 66
2 13 42 4.04044 -3 0 0 108
2 13 43 4.04044 -3 0 0 172
2 13 44 4.04044 -3 0 0 73
2 13 45 4.04044 -3 0 0 93
2 13 46 3 -2 0 0 232
2 13 47 4.04044 -3 0 0 78
2 13 48 4.04044 -3 0 0 67
2 13 49 4.04044 -3 0 0 154
2 13 50 4.04044 -3 0 0 99
2 13 51 3.92444 0.679034 0.511657 0.142408 253
2 13 52 4.04044 -3 0 0 184
2 13 53 4.04044 -3 0 0 103
2 13 54 4.04044 -3 0 0 125
2 13 55 2.40161 2.11909 1.04314 0.0838989 209
2 13 56 4.04044 -3 0 0 152
2 13 57 4.04044 -3 0 0 162
2 13 58 4.04044 -3 0 0 119
2 13 59 3.43749 0.449588 0.746093 0.0350066 237
2 13 60 4.04044 -3 0 0 113
2 13 61 2.66038 7.72652 0.906682 0.0530525 337
2 13 62 4.29483 0.574565 0.465743 0.0726965 278
2 13 63 4.04044 -3 0 0 137
2 14 0 4.15063 -3 0 0 154
2 14 1 4.15063 -3 0 0 191
2 14 2 4.87436 0.658665 0.718198 0.152327 232
2 14 3 3.69729 0.578097 0.751462 0.0269753 221
2 14 4 4.15063 -3 0 0 121
2 14 5 4.15063 -3 0 0 195
2 14 6 2 12.9469 1.05897 0.176703 255
2 14 7 5.21462 0.578479 0.892209 0.0555374 352
2 14 8 4.15063 -3 0 0 166
2 14 9 5.47732 0.532116 0.743514 0.20235 369
2 14 10 4.417 0.912426 0.283893 0.157687 499
2 14 11 4.15063 -3 0 0 118
2 14 12 5.27292 0.66008 0.492603 0.267868 229
2 14 13 4.25328 0.605255 0.565532 0.2534 206
2 14 14 4.15063 -3 0 0 136
2 14 15 4.15063 -3 0 0 177
2 14 16 4.88279 0.567446 0.785152 0.0733631 663
2 14 17 4.15063 -3 0 0 128
2 14 18 4.15063 -3 0 0 158
2 14 19 5.47785 0.672276 0.571427 0.193211 312
2 14 20 4.15063 -3 0 0 127
2 14 21 3.04466 1.05461 1.11053 0.132384 341
2 14 22 4.64848 0.529657 0.808233 0.120051 244
2 14 23 4.15063 -3 0 0 80
2 14 24 4.15063 -3 0 0 138
2 14 25 3 -2 0 0 240
2 14 26 4.15063 -3 0 0 127
2 14 27 4.15063 -3 0 0 152
2 14 28 4.15063 -3 0 0 163
2 14 29 4.15063 -3 0 0 84
2 14 30 4.15063 -3 0 0 133
2 14 31 4.15063 -3 0 0 158
2 14 32 4.15063 -3 0 0 108
2 14 33 4.15063 -3 0 0 94
2 14 34 4.15063 -3 0 0 109
2 14 35 4.15063 -3 0 0 131
2 14 36 4.15063 -3 0 0 104
2 14 37 4.15063 -3 0 0 89
2 14 38 4.15063 -3 0 0 118
2 14 39 4.15063 -3 0 0 71
2 14 40 4.15063 -3 0 0 99
2 14 41 4.15063 -3 0 0 111
2 14 42 4.15063 -3 0 0 91
2 14 43 4.15063 -3 0 0 93
2 14 44 4.15063 -3 0 0 75
2 14 45 4.15063 -3 0 0 79
2 14 46 4.15063 -3 0 0 83
2 14 47 4.15063 -3 0 0 24
2 14 48 4.15063 -3 0 0 93
2 14 49 4.15063 -3 0 0 92
2 14 50 4.15063 -3 0 0 95
2 14 51 4.15063 -3 0 0 40
2 14 52 4.15063 -3 0 0 62
2 14 53 4.15063 -3 0 0 76
2 14 54 4.15063 -3 0 0 77
2 14 55 4.15063 -3 0 0 68
2 14 56 4.15063 -3 0 0 73
2 14 57 4.15063 -3 0 0 49
2 14 58 4.15063 -3 0 0 70
2 14 59 4.15063 -3 0 0 83
2 14 60 4.15063 -3 0 0 71
2 14 61 4.15063 -3 0 0 56
2 14 62 4.15063 -3 0 0 63
2 14 63 4.15063 -3 0 0 81
2 15 0 3.50886 -3 0 0 61
2 15 1 3.50886 -3 0 0 54
2 15 2 3.50886 -3 0 0 34
2 15 3 3.50886 -3 0 0 40
2 15 4 3.50886 -3 0 0 47
2 15 5 3.50886 -3 0 0 26
2 15 6 3.50886 -3 0 0 36
2 15 7 3.50886 -3 0 0 27
2 15 8 3.50886 -3 0 0 43
2 15 9 3.50886 -3 0 0 32
2 15 10 3.50886 -3 0 0 41
2 15 11 3.50886 -3 0 0 70
2 15 12 3.50886 -3 0 0 36
2 15 13 3.50886 -3 0 0 34
2 15 14 3.50886 -3 0 0 70
2 15 15 3.50886 -3 0 0 49
2 15 16 3.50886 -3 0 0 20
2 15 17 3.50886 -3 0 0 53
2 15 18 3.50886 -3 0 0 51
2 15 19 3.50886 -3 0 0 37
2 15 20 3.50886 -3 0 0 31
2 15 21 3.50886 -3 0 0 40
2 15 22 3.50886 -3 0 0 28
2 15 23 3.50886 -3 0 0 48
2 15 24 3.50886 -3 0 0 53
2 15 25 3.50886 -3 0 0 45
2 15 26 3.50886 -3 0 0 79
2 15 27 3.50886 -3 0 0 46
2 15 28 3.50886 -3 0 0 42
2 15 29 3.50886 -3 0 0 64
2 15 30 3.50886 -3 0 0 53
2 15 31 3.50886 -3 0 0 42
2 15 32 3.50886 -3 0 0 37
2 15 33 3.50886 -3 0 0 33
2 15 34 3.50886 -3 0 0 105
2 15 35 3.50886 -3 0 0 40
2 15 36 3.50886 -3 0 0 40
2 15 37 3.50886 -3 0 0 61
2 15 38 3.50886 -3 0 0 48
2 15 39 3.50886 -3 0 0 87
2 15 40 3.50886 -3 0 0 51
2 15 41 3.50886 -3 0 0 51
2 15 42 3.50886 -3 0 0 55
2 15 43 3.50886 -3 0 0 86
2 15 44 3.50886 -3 0 0 51
2 15 45 3.50886 -3 0 0 50
2 15 46 3.50886 -3 0 0 113
2 15 47 3.50886 -3 0 0 56
2 15 48 3.50886 -3 0 0 60
2 15 49 3.50886 -3 0 0 78
2 15 50 3.50886 -3 0 0 58
2 15 51 3.50886 -3 0 0 150
2 15 52 3.50886 -3 0 0 88
2 15 53 3.50886 -3 0 0 67
2 15 54 3.50886 -3 0 0 62
2 15 55 3.50886 -3 0 0 104
2 15 56 3.50886 -3 0 0 99
2 15 57 3.50886 -3 0 0 105
2 15 58 3.50886 -3 0 0 80
2 15 59 3.50886 -3 0 0 110
2 15 60 3.50886 -3 0 0 87
2 15 61 3.50886 -3 0 0 167
2 15 62 3.50886 -3 0 0 126
2 15 63 3.50886 -3 0 0 95
3 0 0 4.48763 -3 0 0 103
3 0 1 4.48763 -3 0 0 76
3 0 2 4.48763 -3 0 0 66
3 0 3 4.48763 -3 0 0 65
3 0 4 4.48763 -3 0 0 77
3 0 5 4.48763 -3 0 0 56
3 0 6 4.48763 -3 0 0 72
3 0 7 4.48763 -3 0 0 63
3 0 8 4.48763 -3 0 0 64
3 0 9 4.48763 -3 0 0 45
3 0 10 4.48763 -3 0 0 56
3 0 11 4.48763 -3 0 0 99
3 0 12 4.48763 -3 0 0 60
3 0 13 4.48763 -3 0 0 41
3 0 14 4.48763 -3 0 0 106
3 0 15 4.48763 -3 0 0 54
3 0 16 4.48763 -3 0 0 39
3 0 17 4.48763 -3 0 0 107
3 0 18 4.48763 -3 0 0 68
3 0 19 4.48763 -3 0 0 64
3 0 20 4.48763 -3 0 0 73
3 0 21 4.48763 -3 0 0 65
3 0 22 4.48763 -3 0 0 37
3 0 23 4.48763 -3 0 0 100
3 0 24 4.48763 -3 0 0 94
3 0 25 4.48763 -3 0 0 76
3 0 26 4.48763 -3 0 0 124
3 0 27 4.48763 -3 0 0 71
3 0 28 4.48763 -3 0 0 62
3 0 29 4.48763 -3 0 0 125
3 0 30 4.48763 -3 0 0 63
3 0 31 4.48763 -3 0 0 72
3 0 32 4.48763 -3 0 0 101
3 0 33 4.48763 -3 0 0 86
3 0 34 4.48763 -3 0 0 187
3 0 35 4.48763 -3 0 0 79
3 0 36 4.48763 -3 0 0 100
3 0 37 4.48763 -3 0 0 123
3 0 38 4.48763 -3 0 0 92
3 0 39 4.48763 -3 0 0 159
3 0 40 4.48763 -3 0 0 83
3 0 41 4.48763 -3 0 0 94
3 0 42 4.48763 -3 0 0 143
3 0 43 4.48763 -3 0 0 155
3 0 44 4.48763 -3 0 0 86
3 0 45 4.48763 -3 0 0 93
3 0 46 4.48763 -3 0 0 196
3 0 47 4.48763 -3 0 0 117
3 0 48 4.48763 -3 0 0 109
3 0 49 4.48763 -3 0 0 113
3 0 50 4.48763 -3 0 0 89
3 0 51 5 -2 0 0 287
3 0 52 4.48763 -3 0 0 171
3 0 53 4.48763 -3 0 0 145
3 0 54 4.48763 -3 0 0 124
3 0 55 3.87078 0.564347 0.855188 0.0624803 213
3 0 56 5.82774 0.935522 0.594341 0.145069 212
3 0 57 4.16437 0.584801 1.01955 0.0498981 237
3 0 58 4.48763 -3 0 0 138
3 0 59 3.77503 0.806567 0.319048 0.136008 216
3 0 60 4.48763 -3 0 0 170
3 0 61 4.15256 0.487906 0.8663 0.098165 387
3 0 62 2.88404 0.837764 0.887023 0.167168 327
3 0 63 4.48763 -3 0 0 186
3 1 0 5.44655 0.616768 0.156904 0.258112 405
3 1 1 4.78151 0.619351 0.836504 0.10698 479
3 1 2 3.69286 0.860211 0.549686 0.22312 526
3 1 3 4.94645 0.707979 1.07067 0.159594 372
3 1 4 4.02799 -3 0 0 198
3 1 5 4.76854 0.56722 0.309432 0.300701 319
3 1 6 2.05416 8.41662 1.515 0.0543846 582
3 1 7 5.28271 0.682843 0.669307 0.17032 452
3 1 8 2 10.0913 1.07929 0.197325 296
3 1 9 4.12492 0.534106 0.654312 0.168656 563
3 1 10 3 -2 0 0 611
3 1 11 4.35831 0.924585 0.632658 0.272181 236
3 1 12 4.60776 0.502539 0.574867 0.15458 299
3 1 13 4.77049 0.703583 0.268754 0.275818 276
3 1 14 2 8.92377 0.705103 0.68855 240
3 1 15 2 10.9771 1.19787 0.479257 246
3 1 16 4.01229 0.470956 1.05207 0.0522352 838
3 1 17 5.85814 0.854088 0.561693 0.175226 248
3 1 18 5.05344 0.642929 0.404781 0.477753 237
3 1 19 4.72826 0.651066 0.494017 0.293165 328
3 1 20 4.02799 -3 0 0 175
3 1 21 3.84871 0.68419 1.38717 0.123916 572
3 1 22 5.16157 0.646334 0.14772 0.593915 299
3 1 23 4.02799 -3 0 0 159
3 1 24 4.55595 0.566473 0.891632 0.16905 291
3 1 25 2.00001 6.51386 1.42205 0.0726602 258
3 1 26 4.02799 -3 0 0 198
3 1 27 4.02799 -3 0 0 163
3 1 28 3 -2 0 0 202
3 1 29 4.02799 -3 0 0 128
3 1 30 4.02799 -3 0 0 182
3 1 31 4.02799 -3 0 0 178
3 1 32 4.02799 -3 0 0 158
3 1 33 4.02799 -3 0 0 127
3 1 34 4.02799 -3 0 0 184
3 1 35 4.02799 -3 0 0 125
3 1 36 4.02799 -3 0 0 113
3 1 37 4.02799 -3 0 0 125
3 1 38 4.02799 -3 0 0 114
3 1 39 4.02799 -3 0 0 93
3 1 40 4.02799 -3 0 0 122
3 1 41 4.02799 -3 0 0 105
3 1 42 4.02799 -3 0 0 88
3 1 43 4.02799 -3 0 0 112
3 1 44 4.02799 -3 0 0 84
3 1 45 4.02799 -3 0 0 149
3 1 46 4.02799 -3 0 0 157
3 1 47 4.02799 -3 0 0 106
3 1 48 4.02799 -3 0 0 148
3 1 49 4.02799 -3 0 0 96
3 1 50 4.02799 -3 0 0 113
3 1 51 4.02799 -3 0 0 93
3 1 52 4.02799 -3 0 0 94
3 1 53 4.02799 -3 0 0 109
3 1 54 4.02799 -3 0 0 83
3 1 55 4.02799 -3 0 0 73
3 1 56 4.02799 -3 0 0 65
3 1 57 4.02799 -3 0 0 93
3 1 58 4.02799 -3 0 0 88
3 1 59 4.02799 -3 0 0 91
3 1 60 4.02799 -3 0 0 89
3 1 61 4.02799 -3 0 0 84
3 1 62 4.02799 -3 0 0 94
3 1 63 4.02799 -3 0 0 76
3 2 0 3.60347 0.988679 0.672722 0.118788 374
3 2 1 5.18023 1.44935 0.690072 0.385676 335
3 2 2 3.83964 0.553748 0.892906 0.0779767 251
3 2 3 3.66875 -3 0 0 110
3 2 4 2.44617 2.52046 1.25534 0.0907655 256
3 2 5 3.66875 -3 0 0 185
3 2 6 3.66875 -3 0 0 196
3 2 7 3.66875 -3 0 0 92
3 2 8 3.66875 -3 0 0 187
3 2 9 3.66875 -3 0 0 126
3 2 10 3.66875 -3 0 0 108
3 2 11 3.61041 0.538982 0.643942 0.115479 344
3 2 12 3.66875 -3 0 0 181
3 2 13 3.66875 -3 0 0 111
3 2 14 3.77878 0.894312 1.60082 0.13477 559
3 2 15 3.66875 -3 0 0 126
3 2 16 3.66875 -3 0 0 82
3 2 17 2.87705 1.34587 1.23257 0.149205 342
3 2 18 3.66875 -3 0 0 142
3 2 19 3.66875 -3 0 0 144
3 2 20 6.53836 0.492092 0.414959 0.440779 228
3 2 21 3.66875 -3 0 0 203
3 2 22 3.66875 -3 0 0 108
3 2 23 3.92147 1.23103 0.721061 0.140629 263
3 2 24 3.50746 0.392724 0.810949 0.332803 289
3 2 25 3.66875 -3 0 0 107
3 2 26 2 8.5723 1.78688 0.157306 627
3 2 27 3.66875 -3 0 0 165
3 2 28 3.66875 -3 0 0 164
3 2 29 4.07049 0.586658 1.01817 0.0581046 416
3 2 30 3.66875 -3 0 0 177
3 2 31 3.66875 -3 0 0 126
3 2 32 3.66875 -3 0 0 133
3 2 33 3.66875 -3 0 0 191
3 2 34 6 -2 0 0 573
3 2 35 3.66875 -3 0 0 148
3 2 36 3.66875 -3 0 0 192
3 2 37 3 -2 0 0 372
3 2 38 3.66875 -3 0 0 153
3 2 39 4.70164 0.398296 0.842703 0.168765 271
3 2 40 8.0098 0.623184 0.36764 0.611181 235
3 2 41 3.66875 -3 0 0 125
3 2 42 4.68516 0.636871 1.12783 0.162325 343
3 2 43 5.12309 0.657823 0.356546 0.241367 499
3 2 44 3.66875 -3 0 0 133
3 2 45 3.66875 -3 0 0 162
3 2 46 4.83559 0.57539 0.675097 0.0698786 775
3 2 47 3.66875 -3 0 0 169
3 2 48 4.80337 0.436084 0.738382 0.208062 251
3 2 49 3.24268 0.602609 0.909799 0.303303 450
3 2 50 3.66875 -3 0 0 189
3 2 51 3.81373 0.514623 0.908837 0.0688689 731
3 2 52 4.731 0.66056 0.405494 0.146972 564
3 2 53 3.66875 -3 0 0 194
3 2 54 4.30642 0.410785 0.482668 0.180878 206
3 2 55 3.46083 1.00171 0.338912 0.237578 533
3 2 56 5 -2 0 0 379
3 2 57 3.15389 0.453285 0.804087 0.0589792 581
3 2 58 2 8.68234 0.934718 0.148826 333
3 2 59 2 -2 0 0 862
3 2 60 2.74071 1.68789 0.260162 0.208158 211
3 2 61 3.74668 0.73511 1.05732 0.021033 1395
3 2 62 3.29106 1.1585 0.664258 0.0775883 937
3 2 63 5.17933 0.777396 1.02215 0.351076 353
3 3 0 6.05391 0.601545 0.583444 0.461446 489
3 3 1 5 -2 0 0 643
3 3 2 5.79748 0.756819 0.84426 0.2104 526
3 3 3 6 -2 0 0 531
3 3 4 4.94271 1.29215 1.12638 0.337424 299
3 3 5 4.83705 0.628499 0.607621 0.123383 363
3 3 6 4.71012 0.470902 0.9698 0.173009 779
3 3 7 3.56397 0.959348 0.968134 0.0977874 1135
3 3 8 5.63577 0.521269 0.800203 0.0711927 316
3 3 9 3.7927 0.33394 1.12608 0.100991 803
3 3 10 4.94479 0.532437 0.81431 0.311103 1092
3 3 11 4.70312 0.520769 0.913367 0.103635 242
3 3 12 6 -2 0 0 362
3 3 13 7 -2 0 0 696
3 3 14 5.15286 0.627334 0.227273 0.303546 341
3 3 15 7.37577 0.727724 0.236205 0.887962 374
3 3 16 6.14176 0.391472 1.69004 0.152305 1414
3 3 17 4.66727 0.395223 1.05298 0.275452 230
3 3 18 5.63723 0.584702 0.399689 0.332736 265
3 3 19 5.09689 0.692223 0.587843 0.235729 546
3 3 20 4.81241 -3 0 0 188
3 3 21 3 -2 0 0 845
3 3 22 7 -2 0 0 506
3 3 23 6.31663 0.698027 0.465139 0.271688 298
3 3 24 4.31739 0.525382 1.2788 0.103803 295
3 3 25 6.67322 0.51701 0.696584 0.44494 471
3 3 26 6.26552 1.02303 0.284148 0.330336 251
3 3 27 6.29767 0.623304 0.545299 0.424816 270
3 3 28 6.16386 1.21579 0.353435 0.616507 315
3 3 29 4.82837 0.736273 1.28132 0.135632 213
3 3 30 7 -2 0 0 233
3 3 31 6.05504 1.65827 1.41176 0.387774 460
3 3 32 4.49918 0.620033 1.57081 0.122261 312
3 3 33 4.77303 0.848259 0.699304 0.136953 310
3 3 34 6.80265 2.28292 5 0.672711 228
3 3 35 5.57181 0.732652 0.696831 0.0818744 323
3 3 36 5 -2 0 0 279
3 3 37 4.81241 -3 0 0 186
3 3 38 7.32888 0.42617 0.868257 0.558718 318
3 3 39 4.81241 -3 0 0 166
3 3 40 5.37133 1.18804 0.760597 0.248954 256
3 3 41 3.76997 0.599001 1.29043 0.300185 255
3 3 42 7 -2 0 0 305
3 3 43 4.81241 -3 0 0 151
3 3 44 5.66675 0.843538 0.907514 0.228803 257
3 3 45 7 -2 0 0 212
3 3 46 5.50411 0.946385 1.08336 0.25041 214
3 3 47 3.68607 0.624119 1.30912 0.175451 321
3 3 48 4.81241 -3 0 0 177
3 3 49 4.5337 0.544101 0.597894 0.447977 211
3 3 50 4.66692 0.561018 1.21516 0.237465 219
3 3 51 4.81241 -3 0 0 150
3 3 52 3.22118 0.37884 0.78558 0.530812 233
3 3 53 2 8.13373 1.22613 0.489975 220
3 3 54 2 -2 0 0 210
3 3 55 4.81241 -3 0 0 194
3 3 56 4.68059 0.67435 0.291321 0.456925 226
3 3 57 3.18534 1.10192 0.68576 0.235979 219
3 3 58 4.81241 -3 0 0 174
3 3 59 4.50867 0.51445 0.575629 0.118067 205
3 3 60 5.01851 0.630559 0.424785 0.213254 235
3 3 61 4.81241 -3 0 0 167
3 3 62 4.81241 -3 0 0 183
3 3 63 4.81241 -3 0 0 139
3 4 0 2.3351 10.2578 1.83363 0.32535 1378
3 4 1 6.01328 0.69307 0.647582 0.23051 762
3 4 2 3.46873 0.442422 0.794572 0.159487 575
3 4 3 3.86908 -3 0 0 143
3 4 4 4.28458 0.76202 0.659137 0.0882981 291
3 4 5 3.62616 0.482302 0.890444 0.259229 378
3 4 6 3 -2 0 0 344
3 4 7 3.86908 -3 0 0 139
3 4 8 3.94694 0.87032 0.452257 0.33659 409
3 4 9 4.23784 0.961944 0.431013 0.25658 269
3 4 10 5 -2 0 0 214
3 4 11 3.6092 0.971717 0.383189 0.480101 399
3 4 12 4.02572 0.561578 0.364427 0.181137 207
3 4 13 3.86908 -3 0 0 174
3 4 14 4.41039 0.504652 1.00198 0.0309655 1053
3 4 15 3.86908 -3 0 0 154
3 4 16 3.86908 -3 0 0 136
3 4 17 2 12.611 2.53251 0.316861 543
3 4 18 5.20697 0.592675 0.55873 0.308395 201
3 4 19 3.86908 -3 0 0 140
3 4 20 3.86908 -3 0 0 199
3 4 21 4.411 0.983085 0.66116 0.160811 244
3 4 22 5.26689 0.780585 0.530538 0.518947 208
3 4 23 2 -2 0 0 309
3 4 24 3.73776 0.464082 0.825481 0.0873683 638
3 4 25 3.86908 -3 0 0 137
3 4 26 5.13707 0.704003 0.559965 0.215493 869
3 4 27 3.86908 -3 0 0 142
3 4 28 3.86908 -3 0 0 94
3 4 29 2.1514 10.7705 1.38004 0.297393 488
3 4 30 6.70908 0.468047 0.785718 0.487941 205
3 4 31 3.86908 -3 0 0 99
3 4 32 3.86908 -3 0 0 111
3 4 33 3.86908 -3 0 0 117
3 4 34 4.57502 0.638853 0.59573 0.159149 639
3 4 35 3.86908 -3 0 0 120
3 4 36 3.86908 -3 0 0 174
3 4 37 4.92988 0.444061 0.962083 0.205472 280
3 4 38 3.86908 -3 0 0 111
3 4 39 3.86908 -3 0 0 148
3 4 40 3.66406 0.488387 1.04229 0.0940883 214
3 4 41 3.86908 -3 0 0 100
3 4 42 5.19545 0.792328 0.693954 0.109591 206
3 4 43 2 11.6444 2.38814 0.298868 451
3 4 44 3.86908 -3 0 0 110
3 4 45 3.86908 -3 0 0 131
3 4 46 6 -2 0 0 588
3 4 47 3.86908 -3 0 0 77
3 4 48 3.86908 -3 0 0 131
3 4 49 4.90393 0.94276 0.760038 0.238481 281
3 4 50 3.86908 -3 0 0 134
3 4 51 6.3086 0.634778 0.60107 0.143579 259
3 4 52 2 11.6624 5 1.08906 276
3 4 53 3.86908 -3 0 0 102
3 4 54 3.86908 -3 0 0 145
3 4 55 4.90453 0.703211 0.279988 0.218426 269
3 4 56 2 12.2483 3.19706 0.854258 202
3 4 57 2.66716 1.37516 1.05508 0.05129 281
3 4 58 3.70666 0.77169 0.378251 0.128214 208
3 4 59 6 -2 0 0 416
3 4 60 3.86908 -3 0 0 133
3 4 61 2.93374 1.30335 0.902141 0.372639 416
3 4 62 4.27514 0.579235 0.661473 0.262393 413
3 4 63 2 8.7247 1.0307 0.229595 213
3 5 0 4.6017 0.686465 1.26898 0.425347 219
3 5 1 3.36194 -3 0 0 188
3 5 2 3.77926 0.769881 0.484927 0.111486 252
3 5 3 2 9.86389 1.78169 0.187402 231
3 5 4 3.76317 0.593992 0.440319 0.146938 257
3 5 5 2.27133 8.12021 1.06933 0.43575 299
3 5 6 4.93008 0.66602 0.495363 0.273428 248
3 5 7 5.79247 0.641166 0.189138 0.365274 300
3 5 8 7 -2 0 0 306
3 5 9 5.28645 0.607663 0.334511 0.546839 274
3 5 10 2.86692 0.699696 0.836567 0.163046 244
3 5 11 3.36194 -3 0 0 191
3 5 12 2 9.52686 1.92179 0.413052 223
3 5 13 3.35922 0.368086 0.791032 0.186652 291
3 5 14 3.36194 -3 0 0 161
3 5 15 2 9.80685 1.54676 0.357155 324
3 5 16 4.77035 0.687357 0.940162 0.120088 351
3 5 17 3.36194 -3 0 0 184
3 5 18 4.2974 0.620212 0.855268 0.130947 220
3 5 19 6.26239 0.662281 0.843287 0.44662 438
3 5 20 5.89514 0.718329 0.208462 0.281703 335
3 5 21 5.12653 0.582006 0.468679 0.396397 266
3 5 22 5 -2 0 0 381
3 5 23 4 -2 0 0 268
3 5 24 7.83122 0.514683 0.698046 0.574688 203
3 5 25 4.68493 0.647587 1.04624 0.137636 470
3 5 26 2.46375 1.0049 0.743739 0.348196 219
3 5 27 3.49235 0.558624 0.843407 0.258397 362
3 5 28 3 -2 0 0 307
3 5 29 2 12.7503 1.28417 0.13626 271
3 5 30 4.25695 0.499062 1.11578 0.0557361 353
3 5 31 2 12.0577 0.999834 0.0582438 604
3 5 32 4 -2 0 0 359
3 5 33 5 -2 0 0 338
3 5 34 3.73107 0.452229 1.04925 0.0543271 296
3 5 35 3.85934 0.454945 1.01514 0.10766 808
3 5 36 5.70744 0.55933 0.359656 0.399988 553
3 5 37 3.37773 0.527489 1.00676 0.0994447 342
3 5 38 3.57271 0.977477 0.849618 0.545595 707
3 5 39 3.30008 1.68721 1.29194 0.27231 1128
3 5 40 2 9.89278 1.4801 0.133519 397
3 5 41 6 -2 0 0 799
3 5 42 2.60464 1.8108 0.760634 0.193749 396
3 5 43 5.2425 0.630218 0.669187 0.214247 355
3 5 44 5.06395 0.473182 0.225762 0.335431 676
3 5 45 5.11529 0.539148 0.703468 0.0922665 402
3 5 46 3.97567 0.617138 0.731444 0.110019 391
3 5 47 5.2581 0.589176 0.925207 0.0219419 1517
3 5 48 3.03144 1.19455 1.27934 0.213019 419
3 5 49 4 -2 0 0 273
3 5 50 4.60012 0.490359 0.705314 0.156521 670
3 5 51 2.63078 1.49856 0.812818 0.0611807 708
3 5 52 3 -2 0 0 452
3 5 53 3.64148 0.561312 1.39633 0.0395724 845
3 5 54 2.54639 1.68333 0.719732 0.169116 386
3 5 55 4.72817 1.09208 0.152841 0.409469 396
3 5 56 3.10612 0.507382 0.928379 0.0827847 869
3 5 57 4 -2 0 0 854
3 5 58 2 9.32949 1.93355 0.180295 384
3 5 59 2 11.0371 0.84254 0.501696 363
3 5 60 2.55559 1.54833 0.639736 0.187584 728
3 5 61 2 9.45481 0.954506 0.388066 571
3 5 62 2 12.1077 0.449363 0.63807 423
3 5 63 3.25408 2.01165 0.369149 0.3209 389
3 6 0 3 -2 0 0 424
3 6 1 3.27174 0.942669 0.771407 0.0129351 297
3 6 2 3.36486 0.937252 0.517548 0.0787588 241
3 6 3 3.8538 -3 0 0 125
3 6 4 3.8538 -3 0 0 138
3 6 5 3.8538 -3 0 0 169
3 6 6 5.1421 0.617729 1.05906 0.102164 281
3 6 7 3.8538 -3 0 0 94
3 6 8 3.8538 -3 0 0 200
3 6 9 3.8538 -3 0 0 132
3 6 10 3.8538 -3 0 0 131
3 6 11 3.8538 -3 0 0 123
3 6 12 3.8538 -3 0 0 167
3 6 13 3.8538 -3 0 0 63
3 6 14 4.78527 0.601614 0.869371 0.0646019 367
3 6 15 3.8538 -3 0 0 90
3 6 16 3.8538 -3 0 0 142
3 6 17 3.8538 -3 0 0 196
3 6 18 3.8538 -3 0 0 95
3 6 19 3.8538 -3 0 0 94
3 6 20 3.8538 -3 0 0 118
3 6 21 3.8538 -3 0 0 176
3 6 22 3.8538 -3 0 0 125
3 6 23 3.8538 -3 0 0 125
3 6 24 5.43513 0.551458 0.637249 0.10752 213
3 6 25 3.8538 -3 0 0 81
3 6 26 3 -2 0 0 219
3 6 27 3.8538 -3 0 0 72
3 6 28 3.8538 -3 0 0 60
3 6 29 3.8538 -3 0 0 174
3 6 30 3.8538 -3 0 0 77
3 6 31 3.8538 -3 0 0 77
3 6 32 3.8538 -3 0 0 50
3 6 33 3.8538 -3 0 0 50
3 6 34 3.8538 -3 0 0 173
3 6 35 3.8538 -3 0 0 50
3 6 36 3.8538 -3 0 0 60
3 6 37 3.8538 -3 0 0 71
3 6 38 3.8538 -3 0 0 39
3 6 39 3.8538 -3 0 0 46
3 6 40 3.8538 -3 0 0 75
3 6 41 3.8538 -3 0 0 59
3 6 42 3.8538 -3 0 0 101
3 6 43 3.8538 -3 0 0 156
3 6 44 3.8538 -3 0 0 61
3 6 45 3.8538 -3 0 0 71
3 6 46 3.8538 -3 0 0 165
3 6 47 3.8538 -3 0 0 48
3 6 48 3.8538 -3 0 0 65
3 6 49 3.8538 -3 0 0 79
3 6 50 3.8538 -3 0 0 44
3 6 51 3.8538 -3 0 0 57
3 6 52 3.8538 -3 0 0 95
3 6 53 3.8538 -3 0 0 51
3 6 54 3.8538 -3 0 0 73
3 6 55 3.8538 -3 0 0 96
3 6 56 3.8538 -3 0 0 53
3 6 57 3.8538 -3 0 0 70
3 6 58 3.8538 -3 0 0 63
3 6 59 3.8538 -3 0 0 146
3 6 60 3.8538 -3 0 0 59
3 6 61 3.8538 -3 0 0 94
3 6 62 3.8538 -3 0 0 81
3 6 63 3.8538 -3 0 0 80
3 7 0 4.24015 -3 0 0 65
3 7 1 4.24015 -3 0 0 79
3 7 2 4.24015 -3 0 0 67
3 7 3 4.24015 -3 0 0 112
3 7 4 4.24015 -3 0 0 84
3 7 5 4.24015 -3 0 0 85
3 7 6 4.24015 -3 0 0 95
3 7 7 4.24015 -3 0 0 82
3 7 8 4.24015 -3 0 0 64
3 7 9 4.24015 -3 0 0 75
3 7 10 4.24015 -3 0 0 69
3 7 11 4.24015 -3 0 0 79
3 7 12 4.24015 -3 0 0 73
3 7 13 4.24015 -3 0 0 98
3 7 14 4.24015 -3 0 0 70
3 7 15 4.24015 -3 0 0 90
3 7 16 4.24015 -3 0 0 87
3 7 17 4.24015 -3 0 0 96
3 7 18 4.24015 -3 0 0 96
3 7 19 4.24015 -3 0 0 156
3 7 20 4.24015 -3 0 0 149
3 7 21 4.24015 -3 0 0 93
3 7 22 4.24015 -3 0 0 91
3 7 23 4.24015 -3 0 0 113
3 7 24 4.24015 -3 0 0 104
3 7 25 4.24015 -3 0 0 146
3 7 26 4.24015 -3 0 0 120
3 7 27 4.24015 -3 0 0 124
3 7 28 4.24015 -3 0 0 114
3 7 29 4.24015 -3 0 0 105
3 7 30 4.24015 -3 0 0 111
3 7 31 4.24015 -3 0 0 175
3 7 32 4.24015 -3 0 0 175
3 7 33 4.24015 -3 0 0 179
3 7 34 4.24015 -3 0 0 151
3 7 35 6.1352 0.582867 0.142303 0.360903 321
3 7 36 4.24015 -3 0 0 175
3 7 37 4.24015 -3 0 0 160
3 7 38 4.86123 1.62529 2.81101 0.361937 397
3 7 39 4.54991 0.550834 0.774929 0.0703365 654
3 7 40 4.24015 -3 0 0 158
3 7 41 5.8761 0.448374 0.770594 0.470022 250
3 7 42 4.40859 0.508071 1.17106 0.160102 256
3 7 43 4.24015 -3 0 0 148
3 7 44 5.12391 0.695351 0.602133 0.0715631 366
3 7 45 3.5995 0.537576 1.04244 0.287591 278
3 7 46 4.24015 -3 0 0 147
3 7 47 4.24387 0.576641 1.10598 0.128432 743
3 7 48 4.42283 0.723112 0.656008 0.0980407 229
3 7 49 4.24015 -3 0 0 198
3 7 50 5.28717 0.623647 0.42482 0.191068 295
3 7 51 5.22398 0.524432 0.786493 0.245139 497
3 7 52 4.24015 -3 0 0 173
3 7 53 2.86557 2.2962 1.03901 0.0953334 695
3 7 54 2.68332 1.74193 0.75998 0.0540239 321
3 7 55 4.63354 0.565416 0.561428 0.131588 246
3 7 56 3.39379 0.98683 1.42546 0.118081 551
3 7 57 6 -2 0 0 529
3 7 58 2 8.15009 1.46563 0.587045 297
3 7 59 3 -2 0 0 227
3 7 60 4.86378 0.598119 0.331601 0.292101 638
3 7 61 5.80376 0.692275 0.758285 0.204346 381
3 7 62 6.58783 1.74602 1.06927 0.36116 255
3 7 63 3.49449 0.386087 0.787164 0.118805 300
3 8 0 4.15194 -3 0 0 69
3 8 1 4.15194 -3 0 0 64
3 8 2 4.15194 -3 0 0 80
3 8 3 4.15194 -3 0 0 100
3 8 4 4.15194 -3 0 0 104
3 8 5 4.15194 -3 0 0 101
3 8 6 4.15194 -3 0 0 76
3 8 7 4.15194 -3 0 0 135
3 8 8 4.15194 -3 0 0 83
3 8 9 4.15194 -3 0 0 100
3 8 10 4.15194 -3 0 0 103
3 8 11 4.15194 -3 0 0 108
3 8 12 4.15194 -3 0 0 102
3 8 13 4.15194 -3 0 0 142
3 8 14 4.15194 -3 0 0 77
3 8 15 4.15194 -3 0 0 113
3 8 16 4.15194 -3 0 0 103
3 8 17 4.15194 -3 0 0 106
3 8 18 4.15194 -3 0 0 100
3 8 19 4.15194 -3 0 0 168
3 8 20 4.15194 -3 0 0 88
3 8 21 4.15194 -3 0 0 68
3 8 22 4.15194 -3 0 0 96
3 8 23 4.15194 -3 0 0 110
3 8 24 4.15194 -3 0 0 81
3 8 25 4.15194 -3 0 0 193
3 8 26 4.15194 -3 0 0 81
3 8 27 4.15194 -3 0 0 125
3 8 28 4.15194 -3 0 0 171
3 8 29 4.15194 -3 0 0 118
3 8 30 4.15194 -3 0 0 94
3 8 31 5.04381 0.82445 0.702675 0.0752295 225
3 8 32 4.15194 -3 0 0 168
3 8 33 4.15194 -3 0 0 181
3 8 34 4.15194 -3 0 0 128
3 8 35 4.73177 1.10418 0.381616 0.432845 313
3 8 36 4.15194 -3 0 0 148
3 8 37 4.15194 -3 0 0 114
3 8 38 2.9834 9.86945 0.689935 0.499623 552
3 8 39 6.93978 0.557855 0.642747 0.18187 320
3 8 40 4.15194 -3 0 0 116
3 8 41 3.95235 0.539045 1.06873 0.0924026 297
3 8 42 4.15194 -3 0 0 163
3 8 43 4.15194 -3 0 0 116
3 8 44 4.62779 0.526548 0.666271 0.166762 304
3 8 45 4.72606 0.660103 0.420131 0.22778 220
3 8 46 4.15194 -3 0 0 114
3 8 47 4.52676 0.555442 1.09205 0.049494 839
3 8 48 4.64638 0.440318 0.598347 0.288023 211
3 8 49 4.15194 -3 0 0 158
3 8 50 6.41744 0.872899 0.469555 0.23514 283
3 8 51 2 8.34567 1.45526 0.168414 229
3 8 52 4.15194 -3 0 0 121
3 8 53 3.99165 0.627725 0.768863 0.0412177 532
3 8 54 3.31884 0.854503 0.675059 0.0476366 298
3 8 55 4.15194 -3 0 0 189
3 8 56 5.46455 0.603542 0.475443 0.321985 359
3 8 57 2.70738 0.998948 0.867423 0.128894 251
3 8 58 4.15194 -3 0 0 195
3 8 59 4.15194 -3 0 0 138
3 8 60 3 -2 0 0 421
3 8 61 4.15194 -3 0 0 188
3 8 62 4.15194 -3 0 0 158
3 8 63 4.15194 -3 0 0 196
3 9 0 3.82132 -3 0 0 198
3 9 1 3.82132 -3 0 0 135
3 9 2 3.82132 -3 0 0 127
3 9 3 3.82132 -3 0 0 63
3 9 4 3.82132 -3 0 0 59
3 9 5 3.82132 -3 0 0 58
3 9 6 3.82132 -3 0 0 105
3 9 7 3.82132 -3 0 0 52
3 9 8 3.82132 -3 0 0 86
3 9 9 3.82132 -3 0 0 73
3 9 10 3.82132 -3 0 0 36
3 9 11 3.82132 -3 0 0 99
3 9 12 3.82132 -3 0 0 75
3 9 13 3.82132 -3 0 0 49
3 9 14 3.82132 -3 0 0 140
3 9 15 3.82132 -3 0 0 48
3 9 16 3.82132 -3 0 0 35
3 9 17 3.82132 -3 0 0 101
3 9 18 3.82132 -3 0 0 61
3 9 19 3.82132 -3 0 0 42
3 9 20 3.82132 -3 0 0 53
3 9 21 3.82132 -3 0 0 77
3 9 22 3.82132 -3 0 0 43
3 9 23 3.82132 -3 0 0 60
3 9 24 3.82132 -3 0 0 140
3 9 25 3.82132 -3 0 0 40
3 9 26 3.82132 -3 0 0 103
3 9 27 3.82132 -3 0 0 39
3 9 28 3.82132 -3 0 0 27
3 9 29 3.82132 -3 0 0 71
3 9 30 3.82132 -3 0 0 52
3 9 31 3.82132 -3 0 0 29
3 9 32 3.82132 -3 0 0 28
3 9 33 3.82132 -3 0 0 28
3 9 34 3.82132 -3 0 0 101
3 9 35 3.82132 -3 0 0 24
3 9 36 3.82132 -3 0 0 40
3 9 37 3.82132 -3 0 0 47
3 9 38 3.82132 -3 0 0 31
3 9 39 3.82132 -3 0 0 41
3 9 40 3.82132 -3 0 0 58
3 9 41 3.82132 -3 0 0 29
3 9 42 3.82132 -3 0 0 46
3 9 43 3.82132 -3 0 0 85
3 9 44 3.82132 -3 0 0 16
3 9 45 3.82132 -3 0 0 26
3 9 46 3.82132 -3 0 0 93
3 9 47 3.82132 -3 0 0 27
3 9 48 3.82132 -3 0 0 53
3 9 49 3.82132 -3 0 0 34
3 9 50 3.82132 -3 0 0 25
3 9 51 3.82132 -3 0 0 46
3 9 52 3.82132 -3 0 0 57
3 9 53 3.82132 -3 0 0 33
3 9 54 3.82132 -3 0 0 31
3 9 55 3.82132 -3 0 0 50
3 9 56 3.82132 -3 0 0 38
3 9 57 3.82132 -3 0 0 35
3 9 58 3.82132 -3 0 0 44
3 9 59 3.82132 -3 0 0 68
3 9 60 3.82132 -3 0 0 26
3 9 61 3.82132 -3 0 0 60
3 9 62 3.82132 -3 0 0 77
3 9 63 3.82132 -3 0 0 34
3 10 0 3.40034 -3 0 0 152
3 10 1 3.40034 -3 0 0 140
3 10 2 2.60808 1.6267 0.594367 0.196886 222
3 10 3 3.15559 1.09675 0.907374 0.18803 371
3 10 4 3.40034 -3 0 0 188
3 10 5 3.40034 -3 0 0 185
3 10 6 3.40034 -3 0 0 181
3 10 7 6.17592 0.586482 0.443006 0.710613 542
3 10 8 3.40034 -3 0 0 180
3 10 9 2.51611 6.81281 0.59968 0.165535 283
3 10 10 6 -2 0 0 257
3 10 11 3.40034 -3 0 0 161
3 10 12 3.38838 0.485553 0.526203 0.251915 208
3 10 13 3.78088 0.416938 0.83429 0.0947612 377
3 10 14 3.40034 -3 0 0 181
3 10 15 3.22504 0.75992 0.624682 0.0842762 366
3 10 16 2 8.29998 1.27129 0.510521 417
3 10 17 3.40034 -3 0 0 161
3 10 18 4.89048 0.771649 0.226311 0.293649 246
3 10 19 3.36657 0.512952 0.756264 0.138052 716
3 10 20 2 9.24623 1.38738 0.0730252 218
3 10 21 3.87961 0.734267 0.742426 0.150204 202
3 10 22 3.54687 0.674465 0.737899 0.16369 322
3 10 23 3.09324 1.13379 0.289372 0.372571 205
3 10 24 3.40034 -3 0 0 156
3 10 25 3.97626 0.594795 0.734916 0.234848 686
3 10 26 3.40034 -3 0 0 148
3 10 27 2 9.34252 1.32447 0.184518 326
3 10 28 6.02926 0.476551 0.552379 0.367818 371
3 10 29 2.89793 0.683613 0.886233 0.131104 207
3 10 30 3.83535 0.587332 0.830635 0.0801583 224
3 10 31 3.88266 0.639261 0.7577 0.181732 1173
3 10 32 2.49952 1.73926 1.21245 0.397508 561
3 10 33 3.83348 3.52112 0.611069 0.492748 386
3 10 34 3.40034 -3 0 0 136
3 10 35 4.68071 0.449734 0.859747 0.219562 1499
3 10 36 2 2.50329 1.48078 0.183167 329
3 10 37 3.25665 0.516962 1.02297 0.376391 220
3 10 38 4.21756 0.628483 0.926188 0.0787815 1565
3 10 39 3.37127 0.485572 0.848052 0.275917 583
3 10 40 4.627 0.51358 0.5595 0.047758 288
3 10 41 3 -2 0 0 487
3 10 42 4.62385 0.83005 0.367639 0.31014 302
3 10 43 3.40034 -3 0 0 189
3 10 44 2.48623 7.09704 1.02845 0.572361 731
3 10 45 3.99274 0.475137 1.01614 0.0819455 522
3 10 46 3.40034 -3 0 0 146
3 10 47 3.94323 0.596899 1.28244 0.0693474 2793
3 10 48 4 -2 0 0 287
3 10 49 5 -2 0 0 294
3 10 50 4.56894 0.734489 0.583761 0.0825715 623
3 10 51 3.09795 0.755932 1.07547 0.268052 218
3 10 52 3.40034 -3 0 0 174
3 10 53 3.35218 0.696775 1.40437 0.0937913 1088
3 10 54 3.22043 0.666089 1.0578 0.109001 347
3 10 55 3 -2 0 0 241
3 10 56 2.39452 2.29133 0.712596 0.139323 389
3 10 57 2 8.95783 2.38133 0.372162 270
3 10 58 2 11.0708 1.23812 0.251562 290
3 10 59 3.83757 0.617531 0.930544 0.205102 206
3 10 60 5.86672 0.631616 1.25017 0.502299 838
3 10 61 3 -2 0 0 336
3 10 62 4.89891 0.717106 0.211975 0.241882 234
3 10 63 2.31964 1.14102 0.794063 0.366071 289
3 11 0 3 -2 0 0 347
3 11 1 4.70937 0.860916 0.434086 0.275853 302
3 11 2 4.44509 -3 0 0 185
3 11 3 4.44509 -3 0 0 65
3 11 4 4.44509 -3 0 0 159
3 11 5 4.44509 -3 0 0 113
3 11 6 4.44509 -3 0 0 197
3 11 7 4.44509 -3 0 0 58
3 11 8 4.44509 -3 0 0 180
3 11 9 4.44509 -3 0 0 99
3 11 10 4.44509 -3 0 0 77
3 11 11 4.44509 -3 0 0 165
3 11 12 4.44509 -3 0 0 151
3 11 13 4.44509 -3 0 0 77
3 11 14 4.86074 0.951373 0.594471 0.117746 296
3 11 15 4.44509 -3 0 0 63
3 11 16 4.44509 -3 0 0 84
3 11 17 4.44509 -3 0 0 196
3 11 18 4.44509 -3 0 0 103
3 11 19 4.44509 -3 0 0 83
3 11 20 4.44509 -3 0 0 137
3 11 21 4.44509 -3 0 0 143
3 11 22 4.44509 -3 0 0 87
3 11 23 4.44509 -3 0 0 154
3 11 24 5.24337 0.676552 0.58523 0.167825 224
3 11 25 4.44509 -3 0 0 71
3 11 26 4.92289 0.554587 0.72739 0.0845112 348
3 11 27 4.44509 -3 0 0 104
3 11 28 4.44509 -3 0 0 39
3 11 29 4.44509 -3 0 0 196
3 11 30 4.44509 -3 0 0 108
3 11 31 4.44509 -3 0 0 82
3 11 32 4.44509 -3 0 0 61
3 11 33 4.44509 -3 0 0 74
3 11 34 4.67295 0.549641 0.89032 0.0770106 354
3 11 35 4.44509 -3 0 0 53
3 11 36 4.44509 -3 0 0 92
3 11 37 4.44509 -3 0 0 149
3 11 38 4.44509 -3 0 0 58
3 11 39 4.44509 -3 0 0 87
3 11 40 4.44509 -3 0 0 80
3 11 41 4.44509 -3 0 0 59
3 11 42 4.44509 -3 0 0 87
3 11 43 4.44509 -3 0 0 200
3 11 44 4.44509 -3 0 0 61
3 11 45 4.44509 -3 0 0 76
3 11 46 5.56225 0.883186 0.480869 0.37154 295
3 11 47 4.44509 -3 0 0 63
3 11 48 4.44509 -3 0 0 99
3 11 49 4.44509 -3 0 0 121
3 11 50 4.44509 -3 0 0 68
3 11 51 4.44509 -3 0 0 144
3 11 52 4.44509 -3 0 0 137
3 11 53 4.44509 -3 0 0 56
3 11 54 4.44509 -3 0 0 87
3 11 55 4.44509 -3 0 0 138
3 11 56 4.44509 -3 0 0 97
3 11 57 4.44509 -3 0 0 148
3 11 58 4.44509 -3 0 0 129
3 11 59 4.04697 0.51703 0.706156 0.132955 228
3 11 60 4.44509 -3 0 0 64
3 11 61 4.44509 -3 0 0 183
3 11 62 2.48131 7.62731 0.83633 0.0842181 214
3 11 63 4.44509 -3 0 0 134
3 12 0 4.39372 0.50579 0.578887 0.335873 353
3 12 1 5.82279 0.953151 0.614631 0.275946 396
3 12 2 6.81597 0.611662 0.881785 0.40269 397
3 12 3 6.08718 0.456413 0.73306 0.268565 872
3 12 4 4.09399 0.478465 0.758128 0.103824 308
3 12 5 6.16425 0.589904 0.895934 0.199945 377
3 12 6 6.32777 0.562956 0.910506 0.341623 490
3 12 7 4.2245 0.482623 1.46813 0.0457928 1820
3 12 8 3.85645 0.482601 0.728188 0.11839 509
3 12 9 5.1184 0.623419 0.616358 0.0445397 999
3 12 10 3.58282 0.458193 1.13014 0.080738 1385
3 12 11 2.61137 7.71873 1.00477 0.158896 269
3 12 12 5.03348 0.46306 1.13279 0.147846 351
3 12 13 4.89176 0.732779 0.686749 0.181846 605
3 12 14 4.06507 0.461452 0.722766 0.0896799 246
3 12 15 4.27826 0.449 1.11267 0.165147 539
3 12 16 4.83055 0.389953 1.16871 0.111268 2707
3 12 17 5.81957 0.691882 0.788603 0.174527 241
3 12 18 4.06629 0.458051 1.06549 0.139485 395
3 12 19 4.68711 0.487163 0.690151 0.0494548 1284
3 12 20 4 -2 0 0 221
3 12 21 4.99233 0.667421 0.710232 0.0727685 695
3 12 22 6.16791 0.495383 0.707312 0.468713 653
3 12 23 5.44291 0.513286 0.992022 0.102602 253
3 12 24 2.69495 0.758992 0.755795 0.479092 269
3 12 25 3.74537 0.994899 1.46439 0.118857 1026
3 12 26 5.2687 0.582069 0.65707 0.147387 240
3 12 27 6 -2 0 0 343
3 12 28 5.35902 0.423975 0.701859 0.104495 491
3 12 29 4.6516 -3 0 0 157
3 12 30 5.28149 0.668475 0.383529 0.208184 329
3 12 31 5.70999 0.662067 1.00761 0.36817 858
3 12 32 6.00638 0.569246 0.381735 0.275881 419
3 12 33 4.4559 0.365824 0.717601 0.359468 388
3 12 34 4.6516 -3 0 0 171
3 12 35 4.44867 0.395163 1.08881 0.1479 700
3 12 36 4.6516 -3 0 0 240
3 12 37 4.6516 -3 0 0 175
3 12 38 4.29488 0.438201 0.974442 0.0956596 481
3 12 39 4.6516 -3 0 0 171
3 12 40 3 -2 0 0 213
3 12 41 5.42733 1.03524 0.682948 0.212927 374
3 12 42 5.82443 0.706646 0.401838 0.275992 201
3 12 43 4.6516 -3 0 0 195
3 12 44 4.0871 0.516809 0.957009 0.244377 347
3 12 45 4.84634 0.67345 0.231316 0.671422 279
3 12 46 4.6516 -3 0 0 181
3 12 47 5.1595 0.44535 1.0332 0.0736292 531
3 12 48 2.54236 1.64879 1.22814 0.358898 219
3 12 49 4.6516 -3 0 0 150
3 12 50 5.64413 0.589305 0.392763 0.372348 293
3 12 51 4.6516 -3 0 0 110
3 12 52 4.6516 -3 0 0 144
3 12 53 4.87633 0.640142 0.385404 0.27466 401
3 12 54 4.27257 0.881584 0.948205 0.150642 255
3 12 55 4.6516 -3 0 0 108
3 12 56 4.6516 -3 0 0 181
3 12 57 4.6516 -3 0 0 153
3 12 58 4.6516 -3 0 0 145
3 12 59 4.6516 -3 0 0 136
3 12 60 5 -2 0 0 309
3 12 61 4.6516 -3 0 0 139
3 12 62 4.6516 -3 0 0 110
3 12 63 4.6516 -3 0 0 143
3 13 0 4 -2 0 0 254
3 13 1 3.89036 -3 0 0 137
3 13 2 3.89036 -3 0 0 139
3 13 3 3.89036 -3 0 0 59
3 13 4 3.89036 -3 0 0 77
3 13 5 3.89036 -3 0 0 130
3 13 6 3.89036 -3 0 0 83
3 13 7 3.89036 -3 0 0 44
3 13 8 3.89036 -3 0 0 140
3 13 9 3.89036 -3 0 0 74
3 13 10 3.89036 -3 0 0 67
3 13 11 3.89036 -3 0 0 118
3 13 12 3.89036 -3 0 0 65
3 13 13 3.89036 -3 0 0 56
3 13 14 3.84043 0.761879 0.20966 0.501379 213
3 13 15 3.89036 -3 0 0 81
3 13 16 3.89036 -3 0 0 83
3 13 17 3.89036 -3 0 0 161
3 13 18 3.89036 -3 0 0 125
3 13 19 3.89036 -3 0 0 73
3 13 20 3.89036 -3 0 0 127
3 13 21 3.89036 -3 0 0 97
3 13 22 3.89036 -3 0 0 75
3 13 23 3.89036 -3 0 0 163
3 13 24 3.89036 -3 0 0 156
3 13 25 3.89036 -3 0 0 46
3 13 26 4.7684 0.524371 0.889069 0.178942 266
3 13 27 3.89036 -3 0 0 77
3 13 28 3.89036 -3 0 0 57
3 13 29 4.37355 1.13897 1.99802 0.338793 207
3 13 30 3.89036 -3 0 0 85
3 13 31 3.89036 -3 0 0 52
3 13 32 3.89036 -3 0 0 60
3 13 33 3.89036 -3 0 0 78
3 13 34 5.6554 0.663831 0.62016 0.183401 235
3 13 35 3.89036 -3 0 0 72
3 13 36 3.89036 -3 0 0 97
3 13 37 3.89036 -3 0 0 128
3 13 38 3.89036 -3 0 0 48
3 13 39 3.89036 -3 0 0 174
3 13 40 3.89036 -3 0 0 129
3 13 41 3.89036 -3 0 0 89
3 13 42 3.89036 -3 0 0 197
3 13 43 4.68467 0.535118 0.99826 0.028136 241
3 13 44 3.89036 -3 0 0 106
3 13 45 3.89036 -3 0 0 109
3 13 46 7 -2 0 0 291
3 13 47 3.89036 -3 0 0 106
3 13 48 3.89036 -3 0 0 108
3 13 49 3.89036 -3 0 0 196
3 13 50 3.89036 -3 0 0 110
3 13 51 4.14371 0.41176 0.612673 0.208974 284
3 13 52 3.89036 -3 0 0 200
3 13 53 3.89036 -3 0 0 108
3 13 54 3.89036 -3 0 0 112
3 13 55 3.77249 0.623698 0.653172 0.0931028 218
3 13 56 3.89036 -3 0 0 185
3 13 57 3.65932 0.509482 0.959808 0.134952 230
3 13 58 3.89036 -3 0 0 137
3 13 59 2.75246 1.45249 0.4652 0.176549 351
3 13 60 3.89036 -3 0 0 136
3 13 61 2 -2 0 0 361
3 13 62 2.22177 8.04455 0.719435 0.0484504 421
3 13 63 3.89036 -3 0 0 153
3 14 0 4.21353 -3 0 0 188
3 14 1 4.15901 0.653604 0.591793 0.0664821 203
3 14 2 4 -2 0 0 230
3 14 3 4.46817 0.470921 0.830367 0.105881 289
3 14 4 4.21353 -3 0 0 117
3 14 5 4.21353 -3 0 0 185
3 14 6 2.8287 1.76911 0.874419 0.0971365 316
3 14 7 4.31522 0.703307 0.323074 0.474393 346
3 14 8 4.21353 -3 0 0 189
3 14 9 3.84378 0.625972 1.25849 0.088827 495
3 14 10 2.55205 1.53641 1.09576 0.340711 433
3 14 11 4.21353 -3 0 0 141
3 14 12 6.51563 0.87523 1.44557 0.474022 245
3 14 13 4.16701 0.590296 0.67441 0.295467 269
3 14 14 4.21353 -3 0 0 140
3 14 15 3.38294 0.534131 0.706125 0.437801 220
3 14 16 4.46453 0.595653 1.04404 0.0641394 862
3 14 17 4.21353 -3 0 0 103
3 14 18 4.21353 -3 0 0 186
3 14 19 5.56192 0.395644 0.714891 0.232751 230
3 14 20 4.21353 -3 0 0 106
3 14 21 4.25714 0.843937 0.804253 0.129867 411
3 14 22 4.41016 0.753366 0.411401 0.114863 267
3 14 23 4.21353 -3 0 0 111
3 14 24 4.21353 -3 0 0 132
3 14 25 4.27 0.524227 0.714073 0.0777439 255
3 14 26 4.21353 -3 0 0 116
3 14 27 4.21353 -3 0 0 131
3 14 28 4.21353 -3 0 0 102
3 14 29 4.21353 -3 0 0 98
3 14 30 4.21353 -3 0 0 107
3 14 31 4.21353 -3 0 0 145
3 14 32 4.21353 -3 0 0 157
3 14 33 4.21353 -3 0 0 116
3 14 34 4.21353 -3 0 0 122
3 14 35 4.21353 -3 0 0 139
3 14 36 4.21353 -3 0 0 116
3 14 37 4.21353 -3 0 0 98
3 14 38 4.21353 -3 0 0 113
3 14 39 4.21353 -3 0 0 71
3 14 40 4.21353 -3 0 0 93
3 14 41 4.21353 -3 0 0 90
3 14 42 4.21353 -3 0 0 102
3 14 43 4.21353 -3 0 0 74
3 14 44 4.21353 -3 0 0 92
3 14 45 4.21353 -3 0 0 101
3 14 46 4.21353 -3 0 0 71
3 14 47 4.21353 -3 0 0 96
3 14 48 4.21353 -3 0 0 105
3 14 49 4.21353 -3 0 0 86
3 14 50 4.21353 -3 0 0 114
3 14 51 4.21353 -3 0 0 65
3 14 52 4.21353 -3 0 0 75
3 14 53 4.21353 -3 0 0 89
3 14 54 4.21353 -3 0 0 67
3 14 55 4.21353 -3 0 0 67
3 14 56 4.21353 -3 0 0 74
3 14 57 4.21353 -3 0 0 46
3 14 58 4.21353 -3 0 0 86
3 14 59 4.21353 -3 0 0 84
3 14 60 4.21353 -3 0 0 81
3 14 61 4.21353 -3 0 0 63
3 14 62 4.21353 -3 0 0 72
3 14 63 4.21353 -3 0 0 68
3 15 0 4.62699 -3 0 0 92
3 15 1 4.62699 -3 0 0 59
3 15 2 4.62699 -3 0 0 48
3 15 3 4.62699 -3 0 0 38
3 15 4 4.62699 -3 0 0 8
3 15 5 4.62699 -3 0 0 2
3 15 6 4.62699 -3 0 0 44
3 15 7 4.62699 -3 0 0 41
3 15 8 4.62699 -3 0 0 46
3 15 9 0 -10 0 0 0
3 15 10 4.62699 -3 0 0 37
3 15 11 4.62699 -3 0 0 68
3 15 12 4.62699 -3 0 0 45
3 15 13 4.62699 -3 0 0 59
3 15 14 4.62699 -3 0 0 10
3 15 15 4.62699 -3 0 0 52
3 15 16 4.62699 -3 0 0 31
3 15 17 4.62699 -3 0 0 69
3 15 18 4.62699 -3 0 0 43
3 15 19 4.62699 -3 0 0 26
3 15 20 4.62699 -3 0 0 50
3 15 21 4.62699 -3 0 0 40
3 15 22 0 -10 0 0 0
3 15 23 4.62699 -3 0 0 70
3 15 24 4.62699 -3 0 0 74
3 15 25 4.62699 -3 0 0 36
3 15 26 4.62699 -3 0 0 91
3 15 27 4.62699 -3 0 0 39
3 15 28 4.62699 -3 0 0 43
3 15 29 4.62699 -3 0 0 88
3 15 30 4.62699 -3 0 0 49
3 15 31 4.62699 -3 0 0 54
3 15 32 4.62699 -3 0 0 47
3 15 33 4.62699 -3 0 0 47
3 15 34 4.62699 -3 0 0 96
3 15 35 4.62699 -3 0 0 48
3 15 36 4.62699 -3 0 0 52
3 15 37 4.62699 -3 0 0 75
3 15 38 4.62699 -3 0 0 43
3 15 39 4.62699 -3 0 0 88
3 15 40 4.62699 -3 0 0 54
3 15 41 4.62699 -3 0 0 60
3 15 42 4.62699 -3 0 0 59
3 15 43 4.62699 -3 0 0 94
3 15 44 4.62699 -3 0 0 65
3 15 45 4.62699 -3 0 0 53
3 15 46 4.62699 -3 0 0 85
3 15 47 4.62699 -3 0 0 76
3 15 48 4.62699 -3 0 0 50
3 15 49 4.62699 -3 0 0 82
3 15 50 4.62699 -3 0 0 60
3 15 51 4.62699 -3 0 0 169
3 15 52 4.62699 -3 0 0 123
3 15 53 4.62699 -3 0 0 64
3 15 54 4.62699 -3 0 0 70
3 15 55 4.62699 -3 0 0 116
3 15 56 4.62699 -3 0 0 106
3 15 57 4.62699 -3 0 0 131
3 15 58 4.62699 -3 0 0 75
3 15 59 4.62699 -3 0 0 99
3 15 60 4.62699 -3 0 0 64
3 15 61 4.62699 -3 0 0 174
3 15 62 4.62699 -3 0 0 161
3 15 63 4.62699 -3 0 0 96
4 0 0 3.32401 -3 0 0 93
4 0 1 3.32401 -3 0 0 88
4 0 2 3.32401 -3 0 0 89
4 0 3 3.32401 -3 0 0 48
4 0 4 3.32401 -3 0 0 77
4 0 5 3.32401 -3 0 0 60
4 0 6 3.32401 -3 0 0 82
4 0 7 3.32401 -3 0 0 65
4 0 8 3.32401 -3 0 0 96
4 0 9 3.32401 -3 0 0 60
4 0 10 3.32401 -3 0 0 66
4 0 11 3.32401 -3 0 0 65
4 0 12 3.32401 -3 0 0 61
4 0 13 3.32401 -3 0 0 46
4 0 14 3.32401 -3 0 0 103
4 0 15 3.32401 -3 0 0 61
4 0 16 3.32401 -3 0 0 63
4 0 17 3.32401 -3 0 0 96
4 0 18 3.32401 -3 0 0 64
4 0 19 3.32401 -3 0 0 50
4 0 20 3.32401 -3 0 0 83
4 0 21 3.32401 -3 0 0 85
4 0 22 3.32401 -3 0 0 43
4 0 23 3.32401 -3 0 0 150
4 0 24 3.32401 -3 0 0 95
4 0 25 3.32401 -3 0 0 83
4 0 26 5.5799 1.02213 0.336368 0.248583 202
4 0 27 3.32401 -3 0 0 71
4 0 28 3.32401 -3 0 0 47
4 0 29 3.32401 -3 0 0 164
4 0 30 3.32401 -3 0 0 96
4 0 31 3.32401 -3 0 0 101
4 0 32 3.32401 -3 0 0 78
4 0 33 3.32401 -3 0 0 70
4 0 34 3.4757 0.583968 0.861956 0.0932711 235
4 0 35 3.32401 -3 0 0 110
4 0 36 3.32401 -3 0 0 110
4 0 37 3.32401 -3 0 0 120
4 0 38 3.32401 -3 0 0 102
4 0 39 2 10.9479 0.963528 0.303541 230
4 0 40 3.32401 -3 0 0 140
4 0 41 3.32401 -3 0 0 82
4 0 42 3.32401 -3 0 0 115
4 0 43 3.32401 -3 0 0 143
4 0 44 3.32401 -3 0 0 92
4 0 45 3.32401 -3 0 0 147
4 0 46 3.62864 0.683727 0.771566 0.0545429 255
4 0 47 3.32401 -3 0 0 109
4 0 48 3.32401 -3 0 0 151
4 0 49 3.32401 -3 0 0 135
4 0 50 3.32401 -3 0 0 127
4 0 51 3.55699 0.619199 0.634012 0.104439 343
4 0 52 3.32401 -3 0 0 183
4 0 53 3.32401 -3 0 0 168
4 0 54 3.32401 -3 0 0 157
4 0 55 3.01243 0.80003 0.436991 0.0331771 276
4 0 56 2.7038 0.978073 0.614228 0.0249697 213
4 0 57 4.34514 0.923173 0.288695 0.156621 258
4 0 58 3.32401 -3 0 0 171
4 0 59 3.51154 0.496019 0.829409 0.0856796 216
4 0 60 3.32401 -3 0 0 186
4 0 61 3 -2 0 0 466
4 0 62 2 10.8619 1.50084 0.128052 421
4 0 63 2 8.30382 0.882684 0.168606 225
4 1 0 4.67825 0.62985 0.115005 0.15936 386
4 1 1 3.25639 0.90137 1.19182 0.148373 503
4 1 2 4.7233 0.479189 0.766106 0.2497 468
4 1 3 3.3955 0.409214 0.925121 0.147362 401
4 1 4 3.96152 -3 0 0 191
4 1 5 7.00512 0.395131 0.759756 0.563883 266
4 1 6 5 -2 0 0 517
4 1 7 3.98499 0.758765 0.356848 0.119949 342
4 1 8 3.61137 0.651055 0.777162 0.108002 252
4 1 9 2 -2 0 0 735
4 1 10 4.11717 0.776127 0.575471 0.160513 609
4 1 11 5.48795 0.82837 0.408139 0.282829 258
4 1 12 4.33177 0.573031 1.04533 0.402607 256
4 1 13 3.96152 -3 0 0 197
4 1 14 6.39368 0.511324 0.150875 0.246636 233
4 1 15 3.96152 -3 0 0 192
4 1 16 3 -2 0 0 823
4 1 17 2.82682 1.65806 0.729442 0.370969 266
4 1 18 3.78917 1.29637 0.314489 0.610697 201
4 1 19 4.30145 0.628217 0.838651 0.074025 359
4 1 20 3.96152 -3 0 0 150
4 1 21 4.63682 0.502687 1.18067 0.0435918 763
4 1 22 6.06647 0.97716 0.393805 0.255442 299
4 1 23 3.96152 -3 0 0 138
4 1 24 4.17578 0.482109 0.872519 0.110394 335
4 1 25 5.31532 0.673873 0.732606 0.272661 261
4 1 26 3.96152 -3 0 0 188
4 1 27 4.89361 0.54437 0.622609 0.181868 218
4 1 28 6 -2 0 0 219
4 1 29 3.96152 -3 0 0 96
4 1 30 3.96152 -3 0 0 144
4 1 31 3.96152 -3 0 0 188
4 1 32 3.96152 -3 0 0 153
4 1 33 3.96152 -3 0 0 173
4 1 34 3.96152 -3 0 0 154
4 1 35 3.96152 -3 0 0 154
4 1 36 3.96152 -3 0 0 141
4 1 37 3.96152 -3 0 0 100
4 1 38 3.96152 -3 0 0 113
4 1 39 3.96152 -3 0 0 113
4 1 40 3.96152 -3 0 0 108
4 1 41 3.96152 -3 0 0 142
4 1 42 3.96152 -3 0 0 97
4 1 43 3.96152 -3 0 0 104
4 1 44 3.96152 -3 0 0 87
4 1 45 3.96152 -3 0 0 138
4 1 46 3.96152 -3 0 0 145
4 1 47 3.96152 -3 0 0 113
4 1 48 3.96152 -3 0 0 72
4 1 49 3.96152 -3 0 0 94
4 1 50 3.96152 -3 0 0 88
4 1 51 3.96152 -3 0 0 66
4 1 52 3.96152 -3 0 0 96
4 1 53 3.96152 -3 0 0 86
4 1 54 3.96152 -3 0 0 88
4 1 55 3.96152 -3 0 0 79
4 1 56 3.96152 -3 0 0 61
4 1 57 3.96152 -3 0 0 99
4 1 58 3.96152 -3 0 0 106
4 1 59 3.96152 -3 0 0 125
4 1 60 3.96152 -3 0 0 61
4 1 61 3.96152 -3 0 0 111
4 1 62 3.96152 -3 0 0 74
4 1 63 3.96152 -3 0 0 99
4 2 0 3.53438 0.490767 0.831453 0.0653085 459
4 2 1 4.46671 0.544052 0.819801 0.125342 338
4 2 2 2 2.93449 0.936646 0.167005 392
4 2 3 2.55064 -3 0 0 144
4 2 4 2.93009 0.519678 0.629269 0.103495 252
4 2 5 2 8.35691 0.946649 0.509993 324
4 2 6 2 2.59765 1.3962 0.553708 280
4 2 7 2.55064 -3 0 0 132
4 2 8 2 11.6296 1.02021 0.0762879 403
4 2 9 2.55064 -3 0 0 159
4 2 10 2.55064 -3 0 0 143
4 2 11 2.55064 -3 0 0 462
4 2 12 5.4064 0.636786 0.677148 0.192291 274
4 2 13 2.55064 -3 0 0 126
4 2 14 3.38777 0.508545 0.796654 0.0650031 520
4 2 15 2.83842 0.877683 0.554294 0.52286 219
4 2 16 2.55064 -3 0 0 156
4 2 17 3.77223 0.466568 0.49042 0.166352 451
4 2 18 2.87624 0.77922 0.954449 0.163539 229
4 2 19 3.92421 0.498783 0.308544 0.185446 212
4 2 20 4.05165 0.53211 0.545401 0.0901431 427
4 2 21 2.48763 0.517886 0.535894 0.698669 276
4 2 22 2.55064 -3 0 0 130
4 2 23 4.25436 0.672946 0.465677 0.369985 355
4 2 24 2.45204 1.623 1.01197 0.661629 359
4 2 25 2.55064 -3 0 0 173
4 2 26 2 12.0721 1.32989 0.257969 752
4 2 27 2.55064 -3 0 0 179
4 2 28 2.55064 -3 0 0 199
4 2 29 5.96231 0.669206 0.383755 0.853669 500
4 2 30 2.55064 -3 0 0 200
4 2 31 2.55064 -3 0 0 126
4 2 32 2.55064 -3 0 0 132
4 2 33 2.55064 -3 0 0 170
4 2 34 4.07509 0.598204 0.811793 0.131337 998
4 2 35 2.55064 -3 0 0 136
4 2 36 2.20179 8.9935 1.14353 0.15887 357
4 2 37 3.79041 0.657692 0.410727 0.114655 395
4 2 38 2.99461 0.401607 0.670333 0.0219341 238
4 2 39 2.65644 1.64646 0.344747 0.254473 373
4 2 40 5 -2 0 0 285
4 2 41 2.55064 -3 0 0 156
4 2 42 6.03424 0.780196 0.649367 0.329637 480
4 2 43 6.48458 0.605867 0.39198 0.658898 546
4 2 44 2.55064 -3 0 0 4
4 2 45 2.55064 -3 0 0 163
4 2 46 3.59942 0.673368 0.719726 0.0393029 889
4 2 47 2.55064 -3 0 0 88
4 2 48 2.59126 2.5455 0.563878 0.0473614 270
4 2 49 2 -2 0 0 425
4 2 50 3.44106 0.463167 0.805765 0.148289 393
4 2 51 2 1.31996 0.894697 0.68685 821
4 2 52 2.65612 6.73818 1.03215 0.195587 931
4 2 53 2.24849 0.899002 0.542754 0.62329 316
4 2 54 2.55064 -3 0 0 26
4 2 55 0 -10 0 0 0
4 2 56 2.54881 2.52526 0.324374 0.180475 310
4 2 57 2 -2 0 0 956
4 2 58 2 8.48315 0.902616 0.18638 667
4 2 59 2.57995 1.02681 0.879161 0.10403 1386
4 2 60 6 -2 0 0 378
4 2 61 2.69305 1.31156 1.14512 0.0225385 2170
4 2 62 2.96171 0.577268 0.454421 0.0370142 204
4 2 63 2.55064 -3 0 0 81
4 3 0 6.81983 0.637589 1.10017 0.34894 463
4 3 1 3.55055 0.359472 0.993944 0.11853 402
4 3 2 3 -2 0 0 581
4 3 3 3 -2 0 0 382
4 3 4 4.19169 0.452641 1.13985 0.120081 420
4 3 5 4.80481 0.69496 0.226426 0.463681 254
4 3 6 5.25661 0.591599 0.609824 0.20612 678
4 3 7 3.78669 0.476981 1.01951 0.0644259 910
4 3 8 2.57147 1.61511 1.19575 0.161083 263
4 3 9 3.73785 0.665467 0.580565 0.0593707 629
4 3 10 3.27407 0.579786 0.732568 0.397621 761
4 3 11 3.31561 0.334348 0.753909 0.189316 201
4 3 12 4.15346 0.795241 0.761829 0.132671 965
4 3 13 4 -2 0 0 807
4 3 14 4.98064 1.69747 0.360334 0.292881 280
4 3 15 4.20849 0.632135 0.311161 0.27557 338
4 3 16 4.132 0.417048 1.21652 0.16816 1610
4 3 17 3.84736 -3 0 0 200
4 3 18 3 -2 0 0 360
4 3 19 4.84297 0.606124 0.695089 0.248723 418
4 3 20 3 -2 0 0 238
4 3 21 4.80555 0.511916 0.574366 0.1988 630
4 3 22 3.90061 0.461359 0.90151 0.131239 384
4 3 23 5.43696 0.720538 0.578735 0.197151 214
4 3 24 5.17783 0.620696 0.249898 0.184585 329
4 3 25 3.13959 1.22839 1.38126 0.114546 560
4 3 26 4.66808 0.464199 0.696953 0.0917262 218
4 3 27 7.41348 1.60814 3.32281 0.499222 225
4 3 28 3.71532 0.39976 0.798215 0.11349 309
4 3 29 6.18118 0.721535 0.494654 0.408492 258
4 3 30 3.84736 -3 0 0 200
4 3 31 6.04126 0.622709 0.802306 0.42073 339
4 3 32 3.26911 0.579405 1.04096 0.196405 355
4 3 33 3.74138 0.431424 0.985972 0.053463 210
4 3 34 7.60678 1.09754 2.4968 0.559097 231
4 3 35 7 -2 0 0 291
4 3 36 5.33778 0.762136 0.396608 0.219472 231
4 3 37 4.03339 0.587521 0.758686 0.224202 217
4 3 38 3.87834 0.482247 0.84594 0.178937 267
4 3 39 3.84736 -3 0 0 163
4 3 40 4.70934 0.452386 0.745222 0.148103 231
4 3 41 4.22089 0.742305 0.618796 0.257267 220
4 3 42 3.84736 -3 0 0 167
4 3 43 3.84736 -3 0 0 182
4 3 44 3.84736 -3 0 0 172
4 3 45 5.22531 0.634428 0.591921 0.488405 219
4 3 46 3.84736 -3 0 0 177
4 3 47 2 2.39896 1.31022 0.5068 231
4 3 48 3.49027 0.385344 0.920593 0.138575 223
4 3 49 3.59995 0.932301 0.439048 0.200476 203
4 3 50 3.84736 -3 0 0 143
4 3 51 3.84736 -3 0 0 124
4 3 52 3.84736 -3 0 0 188
4 3 53 2.93642 0.592834 0.825977 0.516112 275
4 3 54 6.10554 0.770824 0.394681 0.323511 232
4 3 55 2 8.11643 0.381621 0.3649 209
4 3 56 3.84736 -3 0 0 138
4 3 57 2.47703 1.38083 0.521768 0.173293 206
4 3 58 3.84736 -3 0 0 150
4 3 59 3.84736 -3 0 0 198
4 3 60 3.84736 -3 0 0 163
4 3 61 3.84736 -3 0 0 127
4 3 62 3.84736 -3 0 0 191
4 3 63 2 10.4539 1.42776 0.154614 207
4 4 0 2 9.4171 1.9592 0.233815 1402
4 4 1 3.8409 0.637623 0.959191 0.0947728 927
4 4 2 5 -2 0 0 634
4 4 3 3.0674 1.24932 0.741457 0.472723 210
4 4 4 4.57224 0.562457 0.92074 0.172157 308
4 4 5 5.78506 0.44938 0.703403 0.346788 358
4 4 6 2.65581 1.17773 1.00793 0.29687 310
4 4 7 4.04921 -3 0 0 146
4 4 8 3.9864 0.517092 0.791726 0.0994296 370
4 4 9 2 -2 0 0 258
4 4 10 5.43941 0.59523 0.603974 0.194311 205
4 4 11 4.55948 0.510842 0.790212 0.087906 394
4 4 12 3 -2 0 0 205
4 4 13 4.04921 -3 0 0 153
4 4 14 4.99069 0.58607 0.769182 0.0574671 1249
4 4 15 4.04921 -3 0 0 178
4 4 16 4.04921 -3 0 0 132
4 4 17 6.55038 0.826473 0.978778 0.381688 649
4 4 18 4 -2 0 0 229
4 4 19 4.04921 -3 0 0 132
4 4 20 4.04921 -3 0 0 2
4 4 21 2 -2 0 0 379
4 4 22 4.04921 -3 0 0 176
4 4 23 7 -2 0 0 380
4 4 24 4.60578 0.594959 0.617143 0.200051 723
4 4 25 4.04921 -3 0 0 147
4 4 26 6.24515 0.689168 1.15135 0.33238 1059
4 4 27 4.04921 -3 0 0 85
4 4 28 4.04921 -3 0 0 119
4 4 29 4.69265 1.47448 0.753524 0.12888 536
4 4 30 4.35292 0.546265 0.736333 0.303341 211
4 4 31 4.04921 -3 0 0 135
4 4 32 4.04921 -3 0 0 146
4 4 33 4.04921 -3 0 0 118
4 4 34 3.36312 0.813768 1.47691 0.0836611 736
4 4 35 4.04921 -3 0 0 115
4 4 36 4 -2 0 0 220
4 4 37 6.03443 0.549696 0.369333 0.474742 326
4 4 38 4.04921 -3 0 0 125
4 4 39 4.04921 -3 0 0 190
4 4 40 6.36344 0.580271 0.559679 0.508446 264
4 4 41 4.04921 -3 0 0 81
4 4 42 2 12.7543 1.53795 0.460328 209
4 4 43 6 -2 0 0 494
4 4 44 4.04921 -3 0 0 96
4 4 45 4.04921 -3 0 0 130
4 4 46 4.03006 0.686389 0.778067 0.0490889 710
4 4 47 4.04921 -3 0 0 2
4 4 48 4.04921 -3 0 0 180
4 4 49 4.74876 1.02346 0.78459 0.0916872 321
4 4 50 4.04921 -3 0 0 134
4 4 51 3.79642 0.742432 1.28119 0.0618515 319
4 4 52 4.04921 -3 0 0 42
4 4 53 4.04921 -3 0 0 124
4 4 54 4.04921 -3 0 0 161
4 4 55 5 -2 0 0 289
4 4 56 4.04921 -3 0 0 182
4 4 57 2 11.3946 3.57125 0.234207 255
4 4 58 5.5561 0.983812 0.557725 0.444138 218
4 4 59 5.44246 0.68037 0.725856 0.297801 642
4 4 60 4.04921 -3 0 0 153
4 4 61 3 -2 0 0 448
4 4 62 5.64268 0.680577 1.14286 0.396288 512
4 4 63 9 -2 0 0 253
4 5 0 2.09349 -3 0 0 187
4 5 1 2.56895 0.917726 0.653027 0.0958308 276
4 5 2 2.56544 0.721848 0.628408 0.218238 320
4 5 3 2 12.7604 0.59602 0.306342 360
4 5 4 2 8.00621 0.971869 0.326721 309
4 5 5 3.14266 0.352531 0.706355 0.0472435 291
4 5 6 2 2.22206 1.0894 0.534978 346
4 5 7 2.09349 -3 0 0 46
4 5 8 2.86913 0.753435 0.6627 0.228857 319
4 5 9 4.27693 0.871096 0.306975 0.220724 321
4 5 10 2.09349 -3 0 0 126
4 5 11 6.53411 0.403804 0.1 0.400634 357
4 5 12 2 2.33941 1.00818 0.355201 339
4 5 13 2.09349 -3 0 0 38
4 5 14 2.23071 7.29268 0.350346 0.218746 296
4 5 15 2.53055 0.745401 0.656444 0.229091 244
4 5 16 3.42018 0.504297 0.854407 0.0647305 330
4 5 17 6.48671 0.385531 0.621456 0.666244 354
4 5 18 3 -2 0 0 368
4 5 19 4.3319 0.622821 0.439667 0.325058 486
4 5 20 2 9.4697 1.78317 0.374928 418
4 5 21 3.51751 0.468453 0.776852 0.0355081 315
4 5 22 3.2033 0.495811 0.696368 0.0475375 303
4 5 23 4.8906 0.479221 0.467631 0.432213 367
4 5 24 2.09349 -3 0 0 9
4 5 25 2.09349 -3 0 0 23
4 5 26 2 8.35063 1.40028 0.326622 327
4 5 27 3.03674 0.617487 0.904583 0.123076 459
4 5 28 3.12675 0.612176 0.786812 0.079141 398
4 5 29 2.09349 -3 0 0 22
4 5 30 3 -2 0 0 404
4 5 31 3.07816 0.657273 1.01624 0.065631 797
4 5 32 2.09349 -3 0 0 18
4 5 33 2 8.93159 0.865278 0.0948234 511
4 5 34 3.53917 1.07036 0.356015 0.237197 222
4 5 35 3.58859 0.577502 0.682523 0.0703913 935
4 5 36 3.3277 1.54243 1.98676 0.117714 3801
4 5 37 3.82505 0.514088 0.511175 0.0185301 559
4 5 38 5.53852 0.471451 1.87066 0.461283 963
4 5 39 2 8.31045 1.47968 0.221131 1104
4 5 40 3.65044 0.57195 0.560595 0.0645042 623
4 5 41 3 -2 0 0 439
4 5 42 2 11.9534 0.793319 0.213757 297
4 5 43 2.55995 0.840923 0.726914 0.0327111 419
4 5 44 4.33598 0.784736 0.325329 0.200527 341
4 5 45 2 10.1718 1.24077 0.149796 702
4 5 46 4.76299 0.553942 0.755013 0.14061 396
4 5 47 2.13704 8.81903 0.955926 0.194568 1452
4 5 48 3 -2 0 0 623
4 5 49 2.42313 1.37626 0.265861 0.365319 483
4 5 50 3.16857 0.289741 0.814015 0.0809534 740
4 5 51 2 12.2286 0.562263 0.0856994 857
4 5 52 3.41595 0.525627 0.601543 0.0674887 343
4 5 53 3.4484 0.769991 0.349435 0.239146 706
4 5 54 2 9.89902 0.4176 0.0505801 328
4 5 55 2.94588 0.4434 0.563761 0.018869 622
4 5 56 2.09349 -3 0 0 196
4 5 57 2 10.8289 0.656626 0.0990537 846
4 5 58 2 11.2107 0.79023 0.0737347 623
4 5 59 2.04644 10.0877 0.546571 0.641885 458
4 5 60 2 9.52319 1.09976 0.398191 1119
4 5 61 2.00001 11.5628 1.29354 0.0532663 467
4 5 62 3 -2 0 0 466
4 5 63 2 11.6463 0.867432 0.0871755 612
4 6 0 3.25601 0.496752 0.91123 0.0776846 630
4 6 1 2 8.75047 1.32826 0.125315 352
4 6 2 3 -2 0 0 362
4 6 3 3.03243 -3 0 0 134
4 6 4 3.03243 -3 0 0 192
4 6 5 3.10413 0.42365 0.762006 0.100084 238
4 6 6 2 -2 0 0 280
4 6 7 3.03243 -3 0 0 131
4 6 8 3 -2 0 0 283
4 6 9 3.03243 -3 0 0 159
4 6 10 3.03243 -3 0 0 200
4 6 11 3.03243 -3 0 0 149
4 6 12 3.05976 0.395004 0.717937 0.262849 218
4 6 13 3.03243 -3 0 0 100
4 6 14 2 10.0166 1.40784 0.16099 408
4 6 15 3.03243 -3 0 0 128
4 6 16 3.03243 -3 0 0 176
4 6 17 2.16773 7.48068 0.733244 0.559059 291
4 6 18 3.03243 -3 0 0 166
4 6 19 3.03243 -3 0 0 117
4 6 20 3.03243 -3 0 0 133
4 6 21 4.75906 1.37187 0.104121 0.313971 251
4 6 22 3.03243 -3 0 0 153
4 6 23 3.03243 -3 0 0 181
4 6 24 4.3785 0.641707 0.159215 0.0603159 234
4 6 25 3.03243 -3 0 0 118
4 6 26 3.08073 1.52762 0.584144 0.225445 327
4 6 27 3.03243 -3 0 0 120
4 6 28 3.03243 -3 0 0 61
4 6 29 3.03243 -3 0 0 147
4 6 30 3.03243 -3 0 0 112
4 6 31 3.03243 -3 0 0 79
4 6 32 3.03243 -3 0 0 98
4 6 33 3.03243 -3 0 0 63
4 6 34 3 -2 0 0 214
4 6 35 3.03243 -3 0 0 88
4 6 36 3.03243 -3 0 0 77
4 6 37 3.03243 -3 0 0 150
4 6 38 3.03243 -3 0 0 77
4 6 39 3.03243 -3 0 0 80
4 6 40 3.03243 -3 0 0 12
4 6 41 3.03243 -3 0 0 93
4 6 42 3.03243 -3 0 0 99
4 6 43 3.03243 -3 0 0 196
4 6 44 3.03243 -3 0 0 81
4 6 45 3.03243 -3 0 0 106
4 6 46 3.79194 0.538263 0.878287 0.0502158 206
4 6 47 3.03243 -3 0 0 37
4 6 48 3.03243 -3 0 0 9
4 6 49 3.03243 -3 0 0 9
4 6 50 0 -10 0 0 0
4 6 51 3.03243 -3 0 0 113
4 6 52 3.03243 -3 0 0 154
4 6 53 3.03243 -3 0 0 86
4 6 54 3.03243 -3 0 0 110
4 6 55 3.03243 -3 0 0 146
4 6 56 3.03243 -3 0 0 65
4 6 57 3.03243 -3 0 0 95
4 6 58 3.03243 -3 0 0 3
4 6 59 3.03243 -3 0 0 18
4 6 60 3.03243 -3 0 0 78
4 6 61 3.03243 -3 0 0 138
4 6 62 3.03243 -3 0 0 110
4 6 63 3.03243 -3 0 0 122
4 7 0 2.99991 -3 0 0 140
4 7 1 2.99991 -3 0 0 95
4 7 2 2.99991 -3 0 0 125
4 7 3 2.99991 -3 0 0 110
4 7 4 2.99991 -3 0 0 21
4 7 5 2.99991 -3 0 0 167
4 7 6 2.99991 -3 0 0 135
4 7 7 2.99991 -3 0 0 120
4 7 8 2.99991 -3 0 0 5
4 7 9 2.99991 -3 0 0 87
4 7 10 2.99991 -3 0 0 148
4 7 11 2.99991 -3 0 0 191
4 7 12 2.99991 -3 0 0 6
4 7 13 3 -2 0 0 205
4 7 14 2.99991 -3 0 0 5
4 7 15 2.99991 -3 0 0 182
4 7 16 2.99991 -3 0 0 131
4 7 17 2.99991 -3 0 0 161
4 7 18 3.32673 0.457394 0.786255 0.130449 211
4 7 19 3.34395 1.06465 1.45884 0.21255 248
4 7 20 2.99991 -3 0 0 181
4 7 21 2.99991 -3 0 0 137
4 7 22 2.99991 -3 0 0 84
4 7 23 6.20674 0.380273 0.1 0.330223 205
4 7 24 2.99991 -3 0 0 159
4 7 25 5.12141 0.55907 0.338719 0.308689 214
4 7 26 2.99991 -3 0 0 175
4 7 27 2.27731 7.63835 1.07779 0.264955 260
4 7 28 2.99991 -3 0 0 175
4 7 29 3 -2 0 0 207
4 7 30 2.99991 -3 0 0 188
4 7 31 4.51425 0.404146 0.705101 0.0779277 278
4 7 32 5.31178 0.53102 1.03238 0.353147 210
4 7 33 6.24062 0.66511 0.550565 0.319414 255
4 7 34 2.99991 -3 0 0 183
4 7 35 5.36481 0.704735 0.191564 0.142729 331
4 7 36 2 2.81847 1.26903 0.859916 254
4 7 37 4.41731 0.806675 0.56001 0.287234 266
4 7 38 2 12.7811 1.53471 0.122547 504
4 7 39 5 -2 0 0 735
4 7 40 4.29261 0.878543 0.39458 0.185543 287
4 7 41 4.12174 0.421426 0.815441 0.276558 287
4 7 42 3.5379 0.591857 1.16801 0.132264 382
4 7 43 7.25424 0.541621 0.521821 0.395044 257
4 7 44 2 -2 0 0 624
4 7 45 3.97268 0.962968 0.660079 0.127302 403
4 7 46 2 9.08385 1.12637 0.401566 273
4 7 47 3.40414 0.786632 0.798464 0.0430944 1197
4 7 48 3.22168 0.536891 0.774363 0.119111 296
4 7 49 5.93672 0.591635 0.535671 0.48545 261
4 7 50 3.31223 0.568389 0.591801 0.0942912 420
4 7 51 4.09483 0.526391 0.740067 0.0851648 500
4 7 52 4.12294 0.427345 0.586374 0.143502 308
4 7 53 2.89383 0.671913 0.878484 0.179455 846
4 7 54 3.58834 1.00971 0.355869 0.218543 584
4 7 55 2.26822 2.52818 1.04237 0.206076 417
4 7 56 2 -2 0 0 713
4 7 57 2 8.95562 1.23319 0.0784225 785
4 7 58 2.25697 1.96135 0.861445 0.15191 369
4 7 59 3 -2 0 0 294
4 7 60 2.89889 1.31616 0.856245 0.0217512 984
4 7 61 3 -2 0 0 634
4 7 62 2.89641 0.618129 0.866197 0.112925 414
4 7 63 2 12.2459 0.615505 0.171633 486
4 8 0 3.61351 -3 0 0 81
4 8 1 3.61351 -3 0 0 60
4 8 2 3.61351 -3 0 0 83
4 8 3 3.61351 -3 0 0 131
4 8 4 3.61351 -3 0 0 70
4 8 5 3.61351 -3 0 0 105
4 8 6 3.61351 -3 0 0 86
4 8 7 3.61351 -3 0 0 125
4 8 8 3.61351 -3 0 0 69
4 8 9 3.61351 -3 0 0 112
4 8 10 3.61351 -3 0 0 99
4 8 11 3.61351 -3 0 0 107
4 8 12 3.61351 -3 0 0 65
4 8 13 3.61351 -3 0 0 170
4 8 14 3.61351 -3 0 0 91
4 8 15 3.61351 -3 0 0 142
4 8 16 3.61351 -3 0 0 135
4 8 17 3.61351 -3 0 0 101
4 8 18 3.61351 -3 0 0 115
4 8 19 2 8.19422 0.765434 0.449822 218
4 8 20 3.61351 -3 0 0 109
4 8 21 3.61351 -3 0 0 82
4 8 22 3.61351 -3 0 0 113
4 8 23 3.61351 -3 0 0 88
4 8 24 3.61351 -3 0 0 103
4 8 25 2.99936 1.48665 0.795008 0.205198 237
4 8 26 3.61351 -3 0 0 86
4 8 27 3.61351 -3 0 0 134
4 8 28 6.15331 0.715602 0.187602 0.3815 211
4 8 29 3.61351 -3 0 0 127
4 8 30 3.61351 -3 0 0 152
4 8 31 3.48982 0.493739 0.745192 0.147888 250
4 8 32 4.02133 0.531497 0.911207 0.0879223 217
4 8 33 3.61351 -3 0 0 171
4 8 34 3.61351 -3 0 0 99
4 8 35 4.84468 0.699479 0.471633 0.117829 324
4 8 36 4.6718 0.757013 0.256121 0.329514 217
4 8 37 3.61351 -3 0 0 136
4 8 38 4.31353 0.610453 0.906843 0.0984917 630
4 8 39 5.66559 0.996128 0.993808 0.418141 421
4 8 40 3.61351 -3 0 0 105
4 8 41 4.30859 0.50872 0.755266 0.181301 270
4 8 42 3.59872 1.15754 0.383502 0.180093 233
4 8 43 3.61351 -3 0 0 122
4 8 44 3.58884 0.457341 0.90922 0.187214 456
4 8 45 2.94079 0.607128 0.504506 0.0765302 247
4 8 46 3.61351 -3 0 0 109
4 8 47 4.13054 0.531826 0.990075 0.0682602 1087
4 8 48 3.61351 -3 0 0 193
4 8 49 3.61351 -3 0 0 158
4 8 50 2.87129 12.5641 1.23738 0.246937 312
4 8 51 4.5507 0.722197 0.502139 0.232022 303
4 8 52 3.61351 -3 0 0 179
4 8 53 2.9184 1.42999 1.36506 0.141563 673
4 8 54 4.14321 0.476527 0.903097 0.0328174 306
4 8 55 3.61351 -3 0 0 182
4 8 56 2.43627 0.980335 0.743863 0.591335 321
4 8 57 2 8.32938 2.0167 0.586136 352
4 8 58 2 -2 0 0 294
4 8 59 3.61351 -3 0 0 164
4 8 60 2 9.29545 1.21691 0.252526 500
4 8 61 2.27642 7.86682 1.1842 0.317635 246
4 8 62 3.61351 -3 0 0 180
4 8 63 2 -2 0 0 221
4 9 0 3.91932 0.913879 0.704307 0.0742941 264
4 9 1 4 -2 0 0 201
4 9 2 4.39176 -3 0 0 141
4 9 3 4.39176 -3 0 0 68
4 9 4 4.39176 -3 0 0 81
4 9 5 4.39176 -3 0 0 89
4 9 6 4.39176 -3 0 0 128
4 9 7 4.39176 -3 0 0 74
4 9 8 4.39176 -3 0 0 90
4 9 9 4.39176 -3 0 0 72
4 9 10 4.39176 -3 0 0 63
4 9 11 4.39176 -3 0 0 82
4 9 12 4.39176 -3 0 0 72
4 9 13 4.39176 -3 0 0 54
4 9 14 4.39176 -3 0 0 193
4 9 15 4.39176 -3 0 0 59
4 9 16 4.39176 -3 0 0 67
4 9 17 4.39176 -3 0 0 108
4 9 18 4.39176 -3 0 0 74
4 9 19 4.39176 -3 0 0 55
4 9 20 4.39176 -3 0 0 53
4 9 21 4.39176 -3 0 0 114
4 9 22 4.39176 -3 0 0 48
4 9 23 4.39176 -3 0 0 79
4 9 24 4.39176 -3 0 0 146
4 9 25 4.39176 -3 0 0 42
4 9 26 4.39176 -3 0 0 132
4 9 27 4.39176 -3 0 0 46
4 9 28 4.39176 -3 0 0 45
4 9 29 4.39176 -3 0 0 75
4 9 30 4.39176 -3 0 0 48
4 9 31 4.39176 -3 0 0 43
4 9 32 4.39176 -3 0 0 43
4 9 33 4.39176 -3 0 0 33
4 9 34 4.39176 -3 0 0 142
4 9 35 4.39176 -3 0 0 32
4 9 36 4.39176 -3 0 0 53
4 9 37 4.39176 -3 0 0 74
4 9 38 4.39176 -3 0 0 47
4 9 39 4.39176 -3 0 0 45
4 9 40 4.39176 -3 0 0 48
4 9 41 4.39176 -3 0 0 32
4 9 42 4.39176 -3 0 0 50
4 9 43 4.39176 -3 0 0 92
4 9 44 4.39176 -3 0 0 17
4 9 45 4.39176 -3 0 0 41
4 9 46 4.39176 -3 0 0 112
4 9 47 4.39176 -3 0 0 34
4 9 48 4.39176 -3 0 0 38
4 9 49 4.39176 -3 0 0 53
4 9 50 4.39176 -3 0 0 49
4 9 51 4.39176 -3 0 0 63
4 9 52 4.39176 -3 0 0 86
4 9 53 4.39176 -3 0 0 36
4 9 54 4.39176 -3 0 0 30
4 9 55 4.39176 -3 0 0 77
4 9 56 4.39176 -3 0 0 4
4 9 57 4.39176 -3 0 0 83
4 9 58 4.39176 -3 0 0 38
4 9 59 4.39176 -3 0 0 123
4 9 60 4.39176 -3 0 0 28
4 9 61 4.39176 -3 0 0 72
4 9 62 4.39176 -3 0 0 96
4 9 63 4.39176 -3 0 0 50
4 10 0 2.18085 -3 0 0 141
4 10 1 2.18085 -3 0 0 189
4 10 2 3 -2 0 0 294
4 10 3 3 -2 0 0 376
4 10 4 2 -2 0 0 277
4 10 5 3.75475 1.48055 0.212704 0.313353 237
4 10 6 2.18085 -3 0 0 190
4 10 7 4.41237 0.73637 0.519819 0.171849 513
4 10 8 2.18085 -3 0 0 191
4 10 9 2.02289 9.9424 0.972501 0.440626 367
4 10 10 2.8704 1.12324 0.316915 0.305985 291
4 10 11 2.18085 -3 0 0 175
4 10 12 3 -2 0 0 240
4 10 13 2 11.5947 0.803836 0.055032 510
4 10 14 2.18085 -3 0 0 170
4 10 15 4 -2 0 0 325
4 10 16 2.31905 2.25678 0.990023 0.163816 516
4 10 17 2.18085 -3 0 0 162
4 10 18 3.17054 0.433992 0.922375 0.291322 270
4 10 19 2 10.4674 0.81875 0.0330901 714
4 10 20 2.18085 -3 0 0 192
4 10 21 2.36533 2.7522 1.02067 0.319654 210
4 10 22 3.41147 0.530218 0.445911 0.425018 327
4 10 23 2.18085 -3 0 0 178
4 10 24 2.18085 -3 0 0 158
4 10 25 2.18085 -3 0 0 892
4 10 26 2.18085 -3 0 0 186
4 10 27 2.77629 1.16243 1.07226 0.158621 457
4 10 28 2 -2 0 0 449
4 10 29 2.80541 2.01496 1.23705 0.247399 214
4 10 30 2 10.0185 1.4858 0.309677 318
4 10 31 4.93967 0.651162 0.552252 0.31182 1050
4 10 32 2 -2 0 0 861
4 10 33 3.15961 1.03375 0.594002 0.130681 434
4 10 34 2.18085 -3 0 0 173
4 10 35 3.53906 0.46858 1.17188 0.0756719 1321
4 10 36 3 -2 0 0 417
4 10 37 3 -2 0 0 239
4 10 38 3.40772 0.316838 0.950508 0.0794285 1683
4 10 39 3.356 0.465895 0.804579 0.151606 728
4 10 40 4.08352 0.696539 0.149828 0.461463 301
4 10 41 5 -2 0 0 639
4 10 42 2 8.53062 1.23667 0.392238 379
4 10 43 4.56114 0.598193 1.02013 0.364425 276
4 10 44 3.10954 0.911895 0.589113 0.141499 809
4 10 45 2.86019 1.37966 1.24599 0.108353 614
4 10 46 4 -2 0 0 217
4 10 47 2.48048 6.86016 1.14073 0.0538673 2449
4 10 48 4 -2 0 0 468
4 10 49 2.86523 0.749234 0.953963 0.205238 294
4 10 50 2 -2 0 0 593
4 10 51 4.37467 1.22573 0.81624 0.631259 332
4 10 52 2.49315 1.61327 1.03008 0.204758 229
4 10 53 2 -2 0 0 1329
4 10 54 2 8.23026 1.94291 0.593247 506
4 10 55 2 9.28466 2.04684 0.301302 341
4 10 56 3 -2 0 0 517
4 10 57 2.79307 0.833321 0.89628 0.104833 425
4 10 58 2.18467 2.24769 0.701573 0.169222 458
4 10 59 2.03201 11.8706 0.996907 0.146028 216
4 10 60 2.00001 12.512 0.631663 0.0488771 1261
4 10 61 2 10.8452 0.8505 0.178287 359
4 10 62 2 9.0584 0.774528 0.045944 351
4 10 63 2.58064 0.926844 0.793481 0.046584 354
4 11 0 4.02868 0.608856 0.826853 0.0563909 577
4 11 1 2 -2 0 0 340
4 11 2 8 -2 0 0 296
4 11 3 3.71747 -3 0 0 153
4 11 4 2.00001 11.3787 1.27987 0.128877 201
4 11 5 3.19627 1.29797 0.64819 0.10007 204
4 11 6 3.71747 -3 0 0 184
4 11 7 3.71747 -3 0 0 76
4 11 8 3.44939 0.563735 0.897503 0.0727506 233
4 11 9 3.71747 -3 0 0 153
4 11 10 3.71747 -3 0 0 96
4 11 11 4.53222 0.458279 0.972245 0.0642955 232
4 11 12 3.71747 -3 0 0 165
4 11 13 3.71747 -3 0 0 99
4 11 14 2 8.24038 1.71693 0.115526 414
4 11 15 3.71747 -3 0 0 89
4 11 16 3.71747 -3 0 0 75
4 11 17 3.73244 0.469602 0.865435 0.126412 319
4 11 18 3.71747 -3 0 0 144
4 11 19 3.71747 -3 0 0 86
4 11 20 3.71747 -3 0 0 130
4 11 21 3.71747 -3 0 0 178
4 11 22 3.71747 -3 0 0 92
4 11 23 4.05154 0.645962 0.748544 0.258714 256
4 11 24 4.19094 0.56698 0.774647 0.150973 318
4 11 25 3.71747 -3 0 0 76
4 11 26 7.0096 0.61124 0.506899 0.249006 391
4 11 27 3.71747 -3 0 0 118
4 11 28 3.71747 -3 0 0 93
4 11 29 3.71132 0.535865 1.06063 0.0477294 279
4 11 30 3.71747 -3 0 0 115
4 11 31 3.71747 -3 0 0 73
4 11 32 3.71747 -3 0 0 82
4 11 33 3.71747 -3 0 0 102
4 11 34 4.41461 0.874106 0.300095 0.354367 352
4 11 35 3.71747 -3 0 0 59
4 11 36 3.71747 -3 0 0 111
4 11 37 3.71747 -3 0 0 135
4 11 38 3.71747 -3 0 0 70
4 11 39 3.71747 -3 0 0 109
4 11 40 3.71747 -3 0 0 167
4 11 41 3.71747 -3 0 0 101
4 11 42 3.71747 -3 0 0 126
4 11 43 4.02452 0.686951 0.784878 0.111876 234
4 11 44 3.71747 -3 0 0 58
4 11 45 3.71747 -3 0 0 105
4 11 46 3 -2 0 0 314
4 11 47 3.71747 -3 0 0 73
4 11 48 3.71747 -3 0 0 127
4 11 49 3.71747 -3 0 0 161
4 11 50 3.71747 -3 0 0 74
4 11 51 4.64511 0.656199 0.989937 0.205652 235
4 11 52 3.71747 -3 0 0 190
4 11 53 3.71747 -3 0 0 66
4 11 54 3.71747 -3 0 0 107
4 11 55 3.71747 -3 0 0 182
4 11 56 3.71747 -3 0 0 108
4 11 57 3.71747 -3 0 0 169
4 11 58 3.71747 -3 0 0 168
4 11 59 4 -2 0 0 290
4 11 60 3.71747 -3 0 0 86
4 11 61 3.3557 0.572769 0.63785 0.3032 216
4 11 62 3.38973 0.569546 0.906224 0.0407774 349
4 11 63 3.71747 -3 0 0 194
4 12 0 4.12999 0.703883 0.505919 0.369673 255
4 12 1 3.44776 0.692625 0.546695 0.444465 305
4 12 2 4 -2 0 0 430
4 12 3 2 -2 0 0 589
4 12 4 3.51365 0.449902 0.801059 0.110258 278
4 12 5 2.16825 7.89891 0.708806 0.407765 377
4 12 6 3.52097 2.5358 1.07496 0.355954 455
4 12 7 6 -2 0 0 1338
4 12 8 4.6164 0.487479 1.10042 0.217988 305
4 12 9 2.66621 2.18432 1.01552 0.0545956 801
4 12 10 3 -2 0 0 1295
4 12 11 2.39812 2.49441 0.735265 0.283885 307
4 12 12 3 -2 0 0 446
4 12 13 8 -2 0 0 661
4 12 14 3.4134 0.533225 0.541718 0.0562197 228
4 12 15 2.66432 1.4193 0.772251 0.160009 564
4 12 16 5 -2 0 0 2716
4 12 17 3.40546 -3 0 0 196
4 12 18 5.8937 2.42083 2.69429 0.598122 321
4 12 19 2 -2 0 0 1086
4 12 20 3.04815 1.25278 1.3531 0.0683682 253
4 12 21 3 -2 0 0 650
4 12 22 3.40732 1.63494 0.733703 0.178888 772
4 12 23 3.40546 -3 0 0 163
4 12 24 3.81627 0.504684 0.770995 0.0501038 255
4 12 25 2 -2 0 0 1021
4 12 26 6.36825 0.629211 1.19976 0.45174 201
4 12 27 6.19324 0.638196 0.315748 0.72094 368
4 12 28 4.00426 0.632741 0.664737 0.0990199 876
4 12 29 3.40546 -3 0 0 196
4 12 30 3.66252 0.442036 0.982277 0.0749175 273
4 12 31 3.60045 0.554991 1.32562 0.134268 878
4 12 32 4.78825 0.495249 0.674518 0.422807 429
4 12 33 5 -2 0 0 345
4 12 34 3.40546 -3 0 0 173
4 12 35 2 -2 0 0 579
4 12 36 5 -2 0 0 259
4 12 37 3.40546 -3 0 0 181
4 12 38 4.20644 0.545337 1.14411 0.202972 638
4 12 39 6.45664 0.869757 1.59476 0.502509 256
4 12 40 2.31218 7.95677 1.41846 0.185055 235
4 12 41 5.50329 0.548508 0.641421 0.328841 369
4 12 42 3.40546 -3 0 0 182
4 12 43 3.40546 -3 0 0 180
4 12 44 5.31833 0.456089 0.870339 0.334092 323
4 12 45 3.67046 1.06781 0.20719 0.577362 278
4 12 46 3.40546 -3 0 0 165
4 12 47 2.78246 1.64044 1.45207 0.093747 397
4 12 48 5.67423 0.62365 0.947366 0.186205 319
4 12 49 3.40546 -3 0 0 193
4 12 50 5.27727 0.736038 0.553549 0.167225 319
4 12 51 3.40546 -3 0 0 133
4 12 52 3.40546 -3 0 0 159
4 12 53 2.20344 8.79438 0.981087 0.208944 255
4 12 54 3.40546 -3 0 0 188
4 12 55 3.40546 -3 0 0 129
4 12 56 3.40546 -3 0 0 173
4 12 57 3.40546 -3 0 0 152
4 12 58 3.40546 -3 0 0 145
4 12 59 3.40546 -3 0 0 108
4 12 60 3.74076 0.735284 0.400795 0.107321 221
4 12 61 3.40546 -3 0 0 151
4 12 62 3.40546 -3 0 0 119
4 12 63 3.40546 -3 0 0 129
4 13 0 3 -2 0 0 262
4 13 1 3.75369 -3 0 0 195
4 13 2 3.75369 -3 0 0 134
4 13 3 3.75369 -3 0 0 91
4 13 4 3.75369 -3 0 0 118
4 13 5 3.75369 -3 0 0 139
4 13 6 3.75369 -3 0 0 142
4 13 7 3.75369 -3 0 0 50
4 13 8 3.75369 -3 0 0 151
4 13 9 3.75369 -3 0 0 76
4 13 10 3.75369 -3 0 0 66
4 13 11 3.75369 -3 0 0 182
4 13 12 3.75369 -3 0 0 118
4 13 13 3.75369 -3 0 0 71
4 13 14 3.25861 0.774905 1.08621 0.158536 244
4 13 15 3.75369 -3 0 0 77
4 13 16 3.75369 -3 0 0 68
4 13 17 4.57178 0.575034 0.727772 0.146642 211
4 13 18 3.75369 -3 0 0 115
4 13 19 3.75369 -3 0 0 63
4 13 20 3.75369 -3 0 0 122
4 13 21 3.75369 -3 0 0 94
4 13 22 3.75369 -3 0 0 72
4 13 23 3.75369 -3 0 0 159
4 13 24 3.86449 0.557173 1.04282 0.0909807 210
4 13 25 3.75369 -3 0 0 69
4 13 26 4.54782 0.561019 0.743979 0.0538873 306
4 13 27 3.75369 -3 0 0 101
4 13 28 3.75369 -3 0 0 89
4 13 29 4.05855 0.626253 1.22432 0.0564785 211
4 13 30 3.75369 -3 0 0 92
4 13 31 3.75369 -3 0 0 80
4 13 32 3.75369 -3 0 0 60
4 13 33 3.75369 -3 0 0 101
4 13 34 5.12707 0.520574 0.902414 0.255702 303
4 13 35 3.75369 -3 0 0 90
4 13 36 3.75369 -3 0 0 91
4 13 37 3.75369 -3 0 0 180
4 13 38 3.75369 -3 0 0 76
4 13 39 3.75369 -3 0 0 154
4 13 40 3.75369 -3 0 0 140
4 13 41 3.75369 -3 0 0 92
4 13 42 3.75369 -3 0 0 177
4 13 43 6.25197 0.902263 0.481856 0.458923 227
4 13 44 3.75369 -3 0 0 104
4 13 45 3.75369 -3 0 0 119
4 13 46 4.37137 0.635309 0.784404 0.104147 333
4 13 47 3.75369 -3 0 0 103
4 13 48 3.75369 -3 0 0 118
4 13 49 3.87994 0.626889 0.66564 0.131399 209
4 13 50 3.75369 -3 0 0 147
4 13 51 3.38967 0.579465 0.557448 0.163591 348
4 13 52 3.17685 0.86705 0.472011 0.189363 291
4 13 53 3.75369 -3 0 0 130
4 13 54 3.75369 -3 0 0 118
4 13 55 4.08815 0.458718 0.856434 0.096715 287
4 13 56 3.45486 0.855758 0.294368 0.447553 222
4 13 57 3.21603 0.85188 0.835145 0.0269646 283
4 13 58 3.75369 -3 0 0 173
4 13 59 3.04516 0.447252 0.800979 0.119066 398
4 13 60 3.75369 -3 0 0 162
4 13 61 3.33545 0.457523 0.895621 0.038915 506
4 13 62 3 -2 0 0 439
4 13 63 3.75369 -3 0 0 187
4 14 0 2.79081 0.705417 0.594069 0.533949 216
4 14 1 3.31453 0.604548 1.05918 0.210019 252
4 14 2 3.84163 0.748927 0.81715 0.133854 338
4 14 3 2.68532 1.20589 1.02839 0.0912755 360
4 14 4 3.66933 -3 0 0 183
4 14 5 3.06422 0.758428 0.707507 0.0632718 243
4 14 6 3.52377 0.482525 0.852179 0.0576697 352
4 14 7 2.87994 1.68102 1.35029 0.261857 588
4 14 8 3.88798 0.474945 0.95866 0.170154 213
4 14 9 3.56915 0.67243 0.651797 0.114552 528
4 14 10 5 -2 0 0 668
4 14 11 3.66933 -3 0 0 161
4 14 12 6.10306 0.809078 1.06533 0.298716 223
4 14 13 5.37108 0.513565 0.808483 0.255979 287
4 14 14 3.66933 -3 0 0 149
4 14 15 3.66933 -3 0 0 237
4 14 16 5 -2 0 0 928
4 14 17 3.66933 -3 0 0 138
4 14 18 3 -2 0 0 221
4 14 19 4.51694 0.829337 0.290375 0.411209 411
4 14 20 3.66933 -3 0 0 119
4 14 21 4.35564 0.647321 0.580361 0.109075 421
4 14 22 2.45058 2.73762 0.989732 0.212031 356
4 14 23 3.66933 -3 0 0 110
4 14 24 3.66933 -3 0 0 155
4 14 25 3 -2 0 0 342
4 14 26 3.66933 -3 0 0 133
4 14 27 5.4815 0.904598 0.356566 0.441621 202
4 14 28 3.98613 0.521051 0.900879 0.082264 226
4 14 29 3.66933 -3 0 0 120
4 14 30 3.66933 -3 0 0 163
4 14 31 2 8.66923 1.8473 0.329685 218
4 14 32 3.66933 -3 0 0 145
4 14 33 3.66933 -3 0 0 140
4 14 34 3.66933 -3 0 0 128
4 14 35 3.66933 -3 0 0 190
4 14 36 3.66933 -3 0 0 128
4 14 37 3.66933 -3 0 0 89
4 14 38 3.66933 -3 0 0 168
4 14 39 3.66933 -3 0 0 106
4 14 40 3.66933 -3 0 0 128
4 14 41 3.66933 -3 0 0 158
4 14 42 3.66933 -3 0 0 141
4 14 43 3.66933 -3 0 0 105
4 14 44 3.66933 -3 0 0 127
4 14 45 3.66933 -3 0 0 105
4 14 46 3.66933 -3 0 0 95
4 14 47 3.66933 -3 0 0 137
4 14 48 3.66933 -3 0 0 104
4 14 49 3.66933 -3 0 0 88
4 14 50 3.66933 -3 0 0 64
4 14 51 3.66933 -3 0 0 40
4 14 52 3.66933 -3 0 0 80
4 14 53 3.66933 -3 0 0 84
4 14 54 3.66933 -3 0 0 59
4 14 55 3.66933 -3 0 0 91
4 14 56 3.66933 -3 0 0 77
4 14 57 3.66933 -3 0 0 82
4 14 58 3.66933 -3 0 0 65
4 14 59 3.66933 -3 0 0 87
4 14 60 3.66933 -3 0 0 99
4 14 61 3.66933 -3 0 0 58
4 14 62 3.66933 -3 0 0 74
4 14 63 3.66933 -3 0 0 81
4 15 0 4.58937 -3 0 0 67
4 15 1 4.58937 -3 0 0 51
4 15 2 4.58937 -3 0 0 62
4 15 3 4.58937 -3 0 0 28
4 15 4 4.58937 -3 0 0 68
4 15 5 4.58937 -3 0 0 37
4 15 6 4.58937 -3 0 0 52
4 15 7 4.58937 -3 0 0 31
4 15 8 4.58937 -3 0 0 59
4 15 9 4.58937 -3 0 0 37
4 15 10 4.58937 -3 0 0 40
4 15 11 4.58937 -3 0 0 59
4 15 12 4.58937 -3 0 0 37
4 15 13 4.58937 -3 0 0 39
4 15 14 4.58937 -3 0 0 90
4 15 15 4.58937 -3 0 0 47
4 15 16 4.58937 -3 0 0 14
4 15 17 4.58937 -3 0 0 73
4 15 18 4.58937 -3 0 0 56
4 15 19 4.58937 -3 0 0 44
4 15 20 4.58937 -3 0 0 66
4 15 21 4.58937 -3 0 0 38
4 15 22 4.58937 -3 0 0 43
4 15 23 4.58937 -3 0 0 72
4 15 24 4.58937 -3 0 0 70
4 15 25 4.58937 -3 0 0 48
4 15 26 4.58937 -3 0 0 87
4 15 27 4.58937 -3 0 0 34
4 15 28 4.58937 -3 0 0 37
4 15 29 4.58937 -3 0 0 102
4 15 30 4.58937 -3 0 0 49
4 15 31 4.58937 -3 0 0 39
4 15 32 4.58937 -3 0 0 48
4 15 33 4.58937 -3 0 0 45
4 15 34 4.58937 -3 0 0 99
4 15 35 4.58937 -3 0 0 53
4 15 36 4.58937 -3 0 0 56
4 15 37 4.58937 -3 0 0 74
4 15 38 4.58937 -3 0 0 61
4 15 39 4.58937 -3 0 0 114
4 15 40 4.58937 -3 0 0 71
4 15 41 4.58937 -3 0 0 56
4 15 42 4.58937 -3 0 0 91
4 15 43 4.58937 -3 0 0 99
4 15 44 4.58937 -3 0 0 58
4 15 45 4.58937 -3 0 0 59
4 15 46 4.58937 -3 0 0 99
4 15 47 4.58937 -3 0 0 71
4 15 48 4.58937 -3 0 0 54
4 15 49 4.58937 -3 0 0 81
4 15 50 4.58937 -3 0 0 65
4 15 51 4.58937 -3 0 0 197
4 15 52 4.58937 -3 0 0 128
4 15 53 4.58937 -3 0 0 79
4 15 54 4.58937 -3 0 0 71
4 15 55 4.58937 -3 0 0 141
4 15 56 4.58937 -3 0 0 105
4 15 57 4.58937 -3 0 0 124
4 15 58 4.58937 -3 0 0 86
4 15 59 4.58937 -3 0 0 144
4 15 60 4.58937 -3 0 0 107
4 15 61 2 12.9534 0.899291 0.113523 231
4 15 62 4.58937 -3 0 0 168
4 15 63 4.58937 -3 0 0 127
5 0 0 3.44999 -3 0 0 142
5 0 1 3.44999 -3 0 0 121
5 0 2 3.44999 -3 0 0 75
5 0 3 3.44999 -3 0 0 32
5 0 4 3.44999 -3 0 0 106
5 0 5 3.44999 -3 0 0 114
5 0 6 3.44999 -3 0 0 106
5 0 7 3.44999 -3 0 0 58
5 0 8 3.44999 -3 0 0 97
5 0 9 3.44999 -3 0 0 76
5 0 10 3.44999 -3 0 0 62
5 0 11 3.44999 -3 0 0 115
5 0 12 3.44999 -3 0 0 99
5 0 13 3.44999 -3 0 0 67
5 0 14 3.44999 -3 0 0 163
5 0 15 3.44999 -3 0 0 81
5 0 16 3.44999 -3 0 0 68
5 0 17 3.44999 -3 0 0 145
5 0 18 3.44999 -3 0 0 49
5 0 19 3.44999 -3 0 0 77
5 0 20 3.44999 -3 0 0 56
5 0 21 3.44999 -3 0 0 89
5 0 22 3.44999 -3 0 0 37
5 0 23 3.44999 -3 0 0 158
5 0 24 3.44999 -3 0 0 131
5 0 25 3.44999 -3 0 0 102
5 0 26 4.97889 0.626221 0.550992 0.0843954 211
5 0 27 3.44999 -3 0 0 43
5 0 28 3.44999 -3 0 0 32
5 0 29 3.44999 -3 0 0 175
5 0 30 3.44999 -3 0 0 34
5 0 31 3.44999 -3 0 0 119
5 0 32 3.44999 -3 0 0 105
5 0 33 3.44999 -3 0 0 135
5 0 34 2.87986 1.47351 0.574401 0.153805 234
5 0 35 3.44999 -3 0 0 133
5 0 36 3.44999 -3 0 0 12
5 0 37 3.44999 -3 0 0 173
5 0 38 3.44999 -3 0 0 145
5 0 39 3.44999 -3 0 0 119
5 0 40 3.44999 -3 0 0 163
5 0 41 3.44999 -3 0 0 45
5 0 42 3.44999 -3 0 0 193
5 0 43 4.19262 0.594852 0.737028 0.148598 250
5 0 44 3.44999 -3 0 0 61
5 0 45 3.44999 -3 0 0 39
5 0 46 3.27228 1.45969 0.264273 0.413391 270
5 0 47 3.44999 -3 0 0 198
5 0 48 3.44999 -3 0 0 78
5 0 49 3.44999 -3 0 0 44
5 0 50 4.03063 0.972601 0.465631 0.180535 207
5 0 51 3.69114 0.542905 1.08348 0.0410991 515
5 0 52 3 -2 0 0 242
5 0 53 3.44999 -3 0 0 83
5 0 54 3.44999 -3 0 0 49
5 0 55 2.53132 1.84689 0.653151 0.10678 346
5 0 56 3.69648 0.465938 0.890228 0.0787271 356
5 0 57 2.155 11.7249 1.28587 0.122723 475
5 0 58 2.07506 11.3712 1.06814 0.150425 254
5 0 59 3 -2 0 0 396
5 0 60 3.44999 -3 0 0 138
5 0 61 2.70731 1.21915 0.992083 0.139105 662
5 0 62 2 9.30716 1.07867 0.752047 473
5 0 63 2.28173 7.34971 1.33405 0.0994893 333
5 1 0 6.05365 0.766357 0.898227 0.433726 568
5 1 1 2 10.3412 1.302 0.267621 634
5 1 2 4.47867 1.00273 0.912107 0.253786 657
5 1 3 3.30466 0.549065 1.05684 0.11129 407
5 1 4 2 -2 0 0 281
5 1 5 5.39107 0.742032 0.503278 0.094241 463
5 1 6 7.07392 0.787945 1.04977 0.548394 819
5 1 7 5.81003 0.976354 0.771343 0.311831 580
5 1 8 4.1159 0.435108 1.20108 0.0964382 370
5 1 9 4.53411 0.529021 0.745244 0.127212 754
5 1 10 5.03473 0.488554 0.865718 0.0756185 875
5 1 11 5.07564 0.871198 0.626921 0.156423 305
5 1 12 3.12094 0.846549 1.17969 0.236531 452
5 1 13 6.61071 0.662276 0.414971 0.38133 364
5 1 14 5.39017 0.654598 0.565382 0.287935 329
5 1 15 5 -2 0 0 315
5 1 16 4.28138 0.588823 0.977873 0.0700049 1043
5 1 17 5.20495 0.64669 0.170883 0.432423 272
5 1 18 5.60134 0.662304 0.577676 0.136972 340
5 1 19 5.07561 0.380984 0.807504 0.0911706 405
5 1 20 4.39039 -3 0 0 102
5 1 21 6 -2 0 0 740
5 1 22 2 8.3251 2.0794 0.839988 442
5 1 23 4.39039 -3 0 0 68
5 1 24 3.43627 0.442689 1.0457 0.160745 345
5 1 25 6 -2 0 0 360
5 1 26 4.3407 0.493265 1.2402 0.225544 278
5 1 27 6.54235 0.519628 0.693051 0.507399 220
5 1 28 3.86911 0.499226 1.15852 0.0798412 244
5 1 29 4.39039 -3 0 0 176
5 1 30 2.2096 7.81631 1.92902 0.475113 216
5 1 31 5.90126 0.860587 0.596526 0.328706 258
5 1 32 6.43805 0.553367 0.487657 0.456551 203
5 1 33 4.39039 -3 0 0 163
5 1 34 4.53769 0.604414 0.431081 0.0439805 227
5 1 35 4.39039 -3 0 0 186
5 1 36 4.39039 -3 0 0 155
5 1 37 4.39039 -3 0 0 157
5 1 38 4.39039 -3 0 0 164
5 1 39 4.39039 -3 0 0 118
5 1 40 4.39039 -3 0 0 180
5 1 41 4.39039 -3 0 0 157
5 1 42 4.39039 -3 0 0 131
5 1 43 4.39039 -3 0 0 75
5 1 44 4.39039 -3 0 0 117
5 1 45 4.39039 -3 0 0 164
5 1 46 4.39039 -3 0 0 186
5 1 47 4.39039 -3 0 0 131
5 1 48 4.39039 -3 0 0 146
5 1 49 4.39039 -3 0 0 139
5 1 50 4.39039 -3 0 0 112
5 1 51 4.39039 -3 0 0 102
5 1 52 4.39039 -3 0 0 49
5 1 53 4.39039 -3 0 0 92
5 1 54 4.39039 -3 0 0 109
5 1 55 4.39039 -3 0 0 105
5 1 56 4.39039 -3 0 0 94
5 1 57 4.39039 -3 0 0 101
5 1 58 4.39039 -3 0 0 113
5 1 59 4.39039 -3 0 0 74
5 1 60 4.39039 -3 0 0 111
5 1 61 4.39039 -3 0 0 110
5 1 62 4.39039 -3 0 0 112
5 1 63 4.39039 -3 0 0 102
5 2 0 3.88782 0.469444 0.974364 0.0365763 604
5 2 1 4.09755 0.480639 0.833309 0.113115 422
5 2 2 2 2.94743 1.25611 0.439303 296
5 2 3 3.93068 -3 0 0 179
5 2 4 3.93068 -3 0 0 128
5 2 5 2 -2 0 0 317
5 2 6 3.93068 -3 0 0 170
5 2 7 3.93068 -3 0 0 134
5 2 8 2.49234 2.47012 1.40088 0.148548 294
5 2 9 3.93068 -3 0 0 173
5 2 10 3.93068 -3 0 0 101
5 2 11 3.93068 -3 0 0 158
5 2 12 4.12798 1.24573 0.381183 0.302237 241
5 2 13 3.93068 -3 0 0 73
5 2 14 6.97927 0.594361 0.793151 0.537644 587
5 2 15 3.93068 -3 0 0 83
5 2 16 3.93068 -3 0 0 136
5 2 17 4.27895 0.670534 0.346857 0.0869128 284
5 2 18 3.93068 -3 0 0 86
5 2 19 3.93068 -3 0 0 153
5 2 20 2.30935 9.61213 1.39599 0.2092 376
5 2 21 3.93068 -3 0 0 112
5 2 22 3.93068 -3 0 0 92
5 2 23 3.93068 -3 0 0 109
5 2 24 4.72367 0.974538 1.30277 0.20118 394
5 2 25 3.93068 -3 0 0 179
5 2 26 2 9.61691 1.73823 0.386586 911
5 2 27 3.93068 -3 0 0 70
5 2 28 3.93068 -3 0 0 65
5 2 29 3.93068 -3 0 0 175
5 2 30 3.93068 -3 0 0 64
5 2 31 3.93068 -3 0 0 155
5 2 32 3.93068 -3 0 0 182
5 2 33 3.93068 -3 0 0 123
5 2 34 3.12918 0.971479 1.29856 0.0845389 418
5 2 35 3.93068 -3 0 0 185
5 2 36 3.93068 -3 0 0 55
5 2 37 6 -2 0 0 414
5 2 38 3.93068 -3 0 0 158
5 2 39 4.87221 0.2816 0.1 0.464821 353
5 2 40 3.93068 -3 0 0 79
5 2 41 3.93068 -3 0 0 192
5 2 42 6.51863 1.09866 1.3619 0.49353 430
5 2 43 4.41801 1.00303 0.758987 0.100732 342
5 2 44 3.93068 -3 0 0 196
5 2 45 3.90167 0.49968 1.2205 0.262629 294
5 2 46 4.04744 0.442727 0.582405 0.0844609 496
5 2 47 0 -10 0 0 0
5 2 48 4.28421 0.425174 0.903747 0.126405 290
5 2 49 2 10.9432 2.63495 0.175291 446
5 2 50 3.63342 0.570737 1.18283 0.0930114 265
5 2 51 5.63089 0.646378 0.767615 0.21285 1072
5 2 52 7 -2 0 0 991
5 2 53 4.14858 0.510669 0.962596 0.174624 266
5 2 54 3 -2 0 0 353
5 2 55 3.0383 1.53732 1.61949 0.0940976 860
5 2 56 5.40179 0.53813 0.970081 0.21507 593
5 2 57 3.38388 0.732179 0.210242 0.294629 343
5 2 58 4.15526 0.645623 0.697742 0.118206 491
5 2 59 3.93068 -3 0 0 457
5 2 60 2.27296 2.62723 0.92458 0.523011 328
5 2 61 3.79223 0.409785 1.13495 0.0276001 2069
5 2 62 4.43464 0.669185 0.909409 0.0643298 1526
5 2 63 2.54806 2.73024 0.709958 0.984085 538
5 3 0 5 -2 0 0 723
5 3 1 2.6907 1.17123 0.276197 0.219699 755
5 3 2 4.24592 0.54386 0.972379 0.0393063 1171
5 3 3 3.53419 0.538394 0.517758 0.0747418 568
5 3 4 3.42107 -3 0 0 178
5 3 5 2 12.9258 0.774326 0.153535 544
5 3 6 3 -2 0 0 668
5 3 7 3 -2 0 0 829
5 3 8 5.09594 0.482965 0.111183 0.402306 438
5 3 9 2 -2 0 0 897
5 3 10 3.21579 0.581417 1.05484 0.0281313 1049
5 3 11 3.42114 0.356762 0.587918 0.387235 246
5 3 12 5.61056 0.729186 0.854761 0.356392 342
5 3 13 2.09298 11.98 1.15615 0.30943 687
5 3 14 2.67914 1.29381 1.08301 0.0845709 531
5 3 15 4.85153 0.750148 0.513719 0.0691625 417
5 3 16 4.31663 0.588399 0.772902 0.0892441 1312
5 3 17 4.25864 0.636635 0.553179 0.117643 281
5 3 18 3.42107 -3 0 0 137
5 3 19 4.11312 0.538262 0.611929 0.0482779 507
5 3 20 3.42107 -3 0 0 58
5 3 21 3.75868 0.360356 1.08043 0.0859479 888
5 3 22 2 10.9602 1.73292 0.352241 436
5 3 23 3.42107 -3 0 0 93
5 3 24 3.62693 0.467802 0.74878 0.0609141 439
5 3 25 3.52464 0.599912 0.71479 0.321401 258
5 3 26 3.42107 -3 0 0 85
5 3 27 3.42107 -3 0 0 84
5 3 28 3.42107 -3 0 0 155
5 3 29 3.42107 -3 0 0 90
5 3 30 3.09358 0.36477 0.884147 0.309808 303
5 3 31 3.01437 0.794979 1.08718 0.101396 594
5 3 32 7 -2 0 0 444
5 3 33 3.42107 -3 0 0 178
5 3 34 3.42107 -3 0 0 139
5 3 35 3.28222 0.453471 1.01187 0.273268 533
5 3 36 3.42107 -3 0 0 61
5 3 37 3.42107 -3 0 0 40
5 3 38 4.63834 0.53569 0.603546 0.296289 343
5 3 39 6.42611 0.486484 0.698805 0.410071 240
5 3 40 5.33601 0.625385 0.857227 0.319447 283
5 3 41 4.55075 0.50667 1.1774 0.20421 360
5 3 42 3.42107 -3 0 0 40
5 3 43 3.26395 0.861187 0.698783 0.0861454 217
5 3 44 7.49641 0.673419 0.440679 0.573982 224
5 3 45 3.42107 -3 0 0 105
5 3 46 3.90331 0.805646 0.207632 0.37948 342
5 3 47 4.44691 0.480042 0.80268 0.183436 357
5 3 48 2.14353 7.53829 0.731658 0.527995 275
5 3 49 3.42107 -3 0 0 56
5 3 50 3.15281 0.621168 0.63689 0.274249 245
5 3 51 3.42107 -3 0 0 197
5 3 52 3.42107 -3 0 0 157
5 3 53 4.1846 0.48033 0.936497 0.233255 245
5 3 54 3.42107 -3 0 0 157
5 3 55 3.29962 0.666387 0.86225 0.0974028 248
5 3 56 3.89618 0.486773 0.665997 0.155955 217
5 3 57 4.50456 0.472319 0.639655 0.0655488 223
5 3 58 2.64148 1.55472 0.629467 0.11815 513
5 3 59 3.42107 -3 0 0 129
5 3 60 3.42107 -3 0 0 63
5 3 61 3.42107 -3 0 0 193
5 3 62 3.16032 0.596658 0.904381 0.21473 232
5 3 63 3.42107 -3 0 0 58
5 4 0 3.44979 0.722086 1.30071 0.119424 1871
5 4 1 3 -2 0 0 602
5 4 2 5.41242 0.218735 0.1 0.759025 274
5 4 3 6 -2 0 0 284
5 4 4 4.62024 0.420116 0.795663 0.191537 390
5 4 5 2 11.3476 1.75028 0.313668 440
5 4 6 5.76046 0.576072 0.764179 0.229933 525
5 4 7 3.77459 -3 0 0 199
5 4 8 4.0947 0.397321 0.91779 0.200985 565
5 4 9 4.58952 0.82372 0.76434 0.101317 370
5 4 10 4.34668 0.514818 0.929105 0.211245 244
5 4 11 3.19162 1.07861 1.34893 0.0546137 496
5 4 12 4.08222 0.856083 0.474116 0.34978 318
5 4 13 3.77459 -3 0 0 188
5 4 14 5.01184 0.670947 1.06143 0.129791 1473
5 4 15 2.55334 7.12885 1.67411 0.254074 245
5 4 16 5 -2 0 0 227
5 4 17 2 -2 0 0 646
5 4 18 5.68935 0.53395 1.19984 0.129185 220
5 4 19 3.77459 -3 0 0 152
5 4 20 3.77459 -3 0 0 89
5 4 21 3.77874 0.578177 0.669578 0.198836 414
5 4 22 3 -2 0 0 216
5 4 23 3.77459 -3 0 0 103
5 4 24 4.80882 0.460254 0.776108 0.216855 888
5 4 25 3.77459 -3 0 0 177
5 4 26 6.27908 0.599594 0.667427 0.392864 1274
5 4 27 3.77459 -3 0 0 50
5 4 28 3.77459 -3 0 0 187
5 4 29 2 -2 0 0 684
5 4 30 3.77459 -3 0 0 74
5 4 31 3.77459 -3 0 0 167
5 4 32 3.77459 -3 0 0 139
5 4 33 3.77459 -3 0 0 62
5 4 34 2 10.1197 1.97006 0.580438 1008
5 4 35 3.77459 -3 0 0 138
5 4 36 3.77459 -3 0 0 55
5 4 37 3.77459 -3 0 0 61
5 4 38 3.77459 -3 0 0 136
5 4 39 3.34509 0.590118 1.03847 0.397796 209
5 4 40 3.77459 -3 0 0 93
5 4 41 3.77459 -3 0 0 175
5 4 42 3.77459 -3 0 0 76
5 4 43 2.5816 2.24088 1.64992 0.307023 599
5 4 44 3.77459 -3 0 0 160
5 4 45 3.77459 -3 0 0 180
5 4 46 4.13011 0.484917 0.936969 0.0397504 857
5 4 47 3.77459 -3 0 0 129
5 4 48 4.33666 0.44317 1.20558 0.0941975 251
5 4 49 3.77459 -3 0 0 196
5 4 50 3.77459 -3 0 0 168
5 4 51 2.28481 8.03655 1.16021 0.810355 369
5 4 52 5.48001 0.528228 0.418135 0.358748 522
5 4 53 3.77459 -3 0 0 154
5 4 54 4.77334 0.662636 0.630955 0.108972 239
5 4 55 5 -2 0 0 399
5 4 56 3.51935 0.545982 0.842677 0.0791737 267
5 4 57 4.06445 0.523156 1.06564 0.079327 298
5 4 58 5.34907 0.701816 0.278832 0.303446 254
5 4 59 3.39504 1.10933 0.763103 0.0599568 723
5 4 60 3.77459 -3 0 0 175
5 4 61 4.54318 0.53204 0.680292 0.0890855 517
5 4 62 3 -2 0 0 634
5 4 63 2.64972 1.95629 0.608941 0.0795902 340
5 5 0 4.31498 -3 0 0 174
5 5 1 4.57197 0.549942 0.704599 0.212092 208
5 5 2 5.06011 0.553733 0.610672 0.3253 220
5 5 3 5.81014 0.600787 0.851022 0.262884 263
5 5 4 4.25738 0.649364 0.580958 0.0529788 212
5 5 5 6.67904 0.76322 0.289679 0.314466 212
5 5 6 8.11748 0.487897 0.464953 0.414474 250
5 5 7 3.47956 1.25826 0.643073 0.309184 373
5 5 8 3.92467 0.48115 0.827622 0.118911 217
5 5 9 4.13702 0.731796 0.738181 0.101087 263
5 5 10 8 -2 0 0 316
5 5 11 5.78466 0.742701 0.335029 0.342327 252
5 5 12 5.16034 0.741829 0.311891 0.228302 228
5 5 13 4.01651 0.631183 0.764975 0.0287354 317
5 5 14 7.28747 1.39973 2.3384 0.500279 212
5 5 15 4.31498 -3 0 0 153
5 5 16 4.31498 -3 0 0 61
5 5 17 3.56191 0.711385 1.33278 0.115383 245
5 5 18 5.83954 0.678782 0.517344 0.38185 284
5 5 19 4.4096 0.510446 1.13285 0.135643 419
5 5 20 5.58445 0.670323 2.0628 0.313448 509
5 5 21 4.81461 0.659385 0.509086 0.147868 276
5 5 22 4.29386 0.468762 0.923362 0.0354089 323
5 5 23 2.83833 1.49868 1.19076 0.188967 239
5 5 24 4.31498 -3 0 0 182
5 5 25 4.65937 0.382745 0.724738 0.244036 444
5 5 26 6.37843 0.660236 0.264619 0.451184 291
5 5 27 9.3042 2.22265 5 0.701176 318
5 5 28 4.31498 -3 0 0 150
5 5 29 8 -2 0 0 256
5 5 30 5.08142 0.48422 0.99361 0.1933 274
5 5 31 6.23256 0.550828 0.215319 0.682668 217
5 5 32 3.40823 1.75798 1.45237 0.223182 780
5 5 33 4.18706 0.487105 1.37629 0.129898 496
5 5 34 5.32681 0.606877 0.991374 0.183308 248
5 5 35 4.31008 0.460139 1.3008 0.0581086 741
5 5 36 2 8.02385 1.54688 0.219153 356
5 5 37 4.09475 0.505128 0.565111 0.156218 361
5 5 38 4.79749 0.583968 1.04703 0.22034 823
5 5 39 4.15423 0.417303 1.30031 0.0714783 706
5 5 40 8 -2 0 0 362
5 5 41 4.1044 0.475246 1.04664 0.0816625 495
5 5 42 4.11801 0.485671 1.14532 0.0721423 310
5 5 43 4.2072 0.426569 0.931159 0.102986 280
5 5 44 2.00001 12.9682 2.14287 0.221858 584
5 5 45 5.60335 0.917077 0.435068 0.480812 596
5 5 46 6.8344 1.07261 0.703805 0.485324 372
5 5 47 4.8571 0.423116 1.71108 0.161988 1619
5 5 48 3.79027 0.407728 1.0003 0.100526 379
5 5 49 6 -2 0 0 335
5 5 50 3.53498 0.824516 0.538751 0.162918 547
5 5 51 4.27855 0.689452 1.04592 0.0463877 775
5 5 52 5.99375 0.525923 0.649837 0.200088 333
5 5 53 5 -2 0 0 1132
5 5 54 3.97538 0.426302 1.1346 0.325433 485
5 5 55 4.78229 0.569631 0.518525 0.099849 389
5 5 56 4.35336 0.531555 0.64943 0.271353 648
5 5 57 5.29406 0.595772 0.675539 0.144471 638
5 5 58 2.55899 1.10169 0.885206 0.0868139 414
5 5 59 3.72121 0.44459 0.927723 0.110449 376
5 5 60 2.47918 1.66684 1.1385 0.354432 856
5 5 61 3.48415 0.932632 1.45695 0.0596534 499
5 5 62 3 -2 0 0 426
5 5 63 4.15459 0.469951 0.916541 0.093633 425
5 6 0 3.07793 1.19187 0.900253 0.0565335 710
5 6 1 3.92196 0.489834 1.05684 0.0566523 465
5 6 2 5.75122 0.496566 0.954179 0.195329 353
5 6 3 3.90265 -3 0 0 150
5 6 4 4.12013 1.21175 0.636642 0.0750293 209
5 6 5 3.82291 1.20347 0.289817 0.268706 250
5 6 6 5 -2 0 0 333
5 6 7 3.90265 -3 0 0 114
5 6 8 3.77338 0.450472 0.825584 0.0852734 319
5 6 9 3.90265 -3 0 0 199
5 6 10 3.90265 -3 0 0 197
5 6 11 3.90265 -3 0 0 73
5 6 12 4.72022 0.62848 0.465583 0.258005 206
5 6 13 3.90265 -3 0 0 122
5 6 14 3.58672 0.5933 0.575605 0.110292 489
5 6 15 3.90265 -3 0 0 130
5 6 16 3.90265 -3 0 0 167
5 6 17 3.90265 -3 0 0 177
5 6 18 3.90265 -3 0 0 166
5 6 19 3.90265 -3 0 0 108
5 6 20 3.90265 -3 0 0 33
5 6 21 5.51975 0.684192 0.773724 0.0981205 257
5 6 22 3.90265 -3 0 0 131
5 6 23 4.23788 0.511997 0.863948 0.173999 215
5 6 24 3 -2 0 0 345
5 6 25 3.90265 -3 0 0 121
5 6 26 5.66327 0.515467 0.71189 0.310227 326
5 6 27 3.90265 -3 0 0 107
5 6 28 3.90265 -3 0 0 94
5 6 29 3.90265 -3 0 0 97
5 6 30 3.90265 -3 0 0 100
5 6 31 3.90265 -3 0 0 94
5 6 32 3.90265 -3 0 0 104
5 6 33 3.90265 -3 0 0 76
5 6 34 4.12558 1.03505 0.538307 0.0986834 292
5 6 35 3.90265 -3 0 0 84
5 6 36 3.90265 -3 0 0 50
5 6 37 3.90265 -3 0 0 38
5 6 38 3.90265 -3 0 0 67
5 6 39 3.90265 -3 0 0 93
5 6 40 3.90265 -3 0 0 24
5 6 41 3.90265 -3 0 0 90
5 6 42 3.90265 -3 0 0 130
5 6 43 3.90265 -3 0 0 170
5 6 44 3.90265 -3 0 0 83
5 6 45 3.90265 -3 0 0 96
5 6 46 5.10158 1.00466 0.485128 0.173032 234
5 6 47 3.90265 -3 0 0 26
5 6 48 3.90265 -3 0 0 53
5 6 49 3.90265 -3 0 0 117
5 6 50 3.90265 -3 0 0 59
5 6 51 3.90265 -3 0 0 102
5 6 52 3.90265 -3 0 0 152
5 6 53 3.90265 -3 0 0 53
5 6 54 3.90265 -3 0 0 108
5 6 55 3.90265 -3 0 0 131
5 6 56 3.90265 -3 0 0 88
5 6 57 3.90265 -3 0 0 95
5 6 58 3.90265 -3 0 0 88
5 6 59 3.90265 -3 0 0 154
5 6 60 3.90265 -3 0 0 78
5 6 61 3.90265 -3 0 0 124
5 6 62 3.90265 -3 0 0 139
5 6 63 3.90265 -3 0 0 111
5 7 0 4.85238 -3 0 0 113
5 7 1 4.85238 -3 0 0 92
5 7 2 4.85238 -3 0 0 117
5 7 3 4.85238 -3 0 0 120
5 7 4 4.85238 -3 0 0 133
5 7 5 4.85238 -3 0 0 138
5 7 6 4.85238 -3 0 0 101
5 7 7 4.85238 -3 0 0 137
5 7 8 4.85238 -3 0 0 85
5 7 9 4.85238 -3 0 0 98
5 7 10 4.85238 -3 0 0 111
5 7 11 4.85238 -3 0 0 149
5 7 12 4.85238 -3 0 0 98
5 7 13 4.85238 -3 0 0 150
5 7 14 4.85238 -3 0 0 114
5 7 15 4.85238 -3 0 0 161
5 7 16 4.85238 -3 0 0 123
5 7 17 4.85238 -3 0 0 122
5 7 18 4.85238 -3 0 0 161
5 7 19 5.3879 0.495689 0.829106 0.342512 214
5 7 20 4.85238 -3 0 0 169
5 7 21 4.85238 -3 0 0 118
5 7 22 4.85238 -3 0 0 130
5 7 23 4.85238 -3 0 0 165
5 7 24 4.85238 -3 0 0 117
5 7 25 4.34614 0.58922 1.19829 0.584796 320
5 7 26 4.85238 -3 0 0 145
5 7 27 4.85238 -3 0 0 152
5 7 28 4.85238 -3 0 0 195
5 7 29 4.85238 -3 0 0 184
5 7 30 4.85238 -3 0 0 179
5 7 31 4.43467 0.71174 1.78586 0.115617 332
5 7 32 4.35562 0.495126 1.26083 0.0615392 305
5 7 33 4.85238 -3 0 0 133
5 7 34 4.85238 -3 0 0 196
5 7 35 7 -2 0 0 206
5 7 36 6.68987 1.59055 3.30313 0.620597 252
5 7 37 5.75573 0.555629 0.873071 0.1832 226
5 7 38 5.03678 0.494602 0.364604 0.258976 260
5 7 39 7.48492 0.78463 0.906542 0.406034 927
5 7 40 5.73028 0.466985 0.665304 0.145319 281
5 7 41 4.85238 -3 0 0 140
5 7 42 4.91445 0.52578 0.959077 0.135467 313
5 7 43 4.22678 0.940945 1.00253 0.347414 215
5 7 44 6.92776 3.18791 5 0.800269 522
5 7 45 4.51629 0.476997 1.1255 0.14408 398
5 7 46 4.79865 0.488647 1.16119 0.306653 224
5 7 47 4.97579 0.575019 1.23613 0.0692351 555
5 7 48 7 -2 0 0 302
5 7 49 4.64901 0.812799 1.288 0.162123 288
5 7 50 3 -2 0 0 505
5 7 51 3 -2 0 0 606
5 7 52 7 -2 0 0 286
5 7 53 4.98433 0.88043 0.866963 0.172401 927
5 7 54 4.44504 0.466109 0.993422 0.12981 512
5 7 55 6.73426 0.636104 0.53173 0.43754 400
5 7 56 4.9389 0.648059 0.872249 0.0752396 786
5 7 57 3 -2 0 0 697
5 7 58 5 -2 0 0 456
5 7 59 3.80919 0.410817 1.00323 0.106334 280
5 7 60 4.25972 0.69364 1.07321 0.126761 828
5 7 61 5.12542 0.711318 0.252333 0.598243 521
5 7 62 3.78398 0.903901 0.65728 0.167793 357
5 7 63 4.11255 0.483964 0.962697 0.0989542 453
5 8 0 4.12469 -3 0 0 65
5 8 1 4.12469 -3 0 0 66
5 8 2 4.12469 -3 0 0 110
5 8 3 4.12469 -3 0 0 123
5 8 4 4.12469 -3 0 0 126
5 8 5 4.12469 -3 0 0 41
5 8 6 4.12469 -3 0 0 70
5 8 7 4.12469 -3 0 0 165
5 8 8 4.12469 -3 0 0 67
5 8 9 4.12469 -3 0 0 117
5 8 10 4.12469 -3 0 0 136
5 8 11 4.12469 -3 0 0 61
5 8 12 4.12469 -3 0 0 120
5 8 13 4.12469 -3 0 0 187
5 8 14 4.12469 -3 0 0 113
5 8 15 4.12469 -3 0 0 160
5 8 16 4.12469 -3 0 0 159
5 8 17 4.12469 -3 0 0 116
5 8 18 4.12469 -3 0 0 53
5 8 19 4.3534 1.36215 0.576788 0.162348 247
5 8 20 4.12469 -3 0 0 78
5 8 21 4.12469 -3 0 0 120
5 8 22 4.12469 -3 0 0 152
5 8 23 4.12469 -3 0 0 134
5 8 24 4.12469 -3 0 0 106
5 8 25 4.40278 0.686484 0.51832 0.120964 267
5 8 26 4.12469 -3 0 0 116
5 8 27 4.12469 -3 0 0 200
5 8 28 4.12092 0.683599 1.46267 0.158131 207
5 8 29 4.12469 -3 0 0 140
5 8 30 4.12469 -3 0 0 184
5 8 31 6.68249 0.631275 0.222646 0.507841 334
5 8 32 8 -2 0 0 251
5 8 33 2.68085 1.51193 1.02002 0.433905 239
5 8 34 4.12469 -3 0 0 121
5 8 35 5.56146 0.961337 0.574794 0.0859684 520
5 8 36 4.40319 0.445941 1.24964 0.34175 222
5 8 37 4.12469 -3 0 0 146
5 8 38 3 -2 0 0 781
5 8 39 4.73676 0.487185 1.08892 0.185721 541
5 8 40 4.12469 -3 0 0 195
5 8 41 6.26959 0.675159 1.04427 0.138806 368
5 8 42 6.06638 0.668141 0.28479 0.918275 215
5 8 43 4.12469 -3 0 0 162
5 8 44 4.05445 0.584732 0.832624 0.104713 495
5 8 45 2 -2 0 0 275
5 8 46 4.12469 -3 0 0 142
5 8 47 3.75308 0.489947 1.1384 0.182516 661
5 8 48 3.68104 0.686073 1.2633 0.208684 274
5 8 49 4.12469 -3 0 0 172
5 8 50 3.53585 0.905952 1.37717 0.200221 400
5 8 51 6 -2 0 0 328
5 8 52 4.12469 -3 0 0 173
5 8 53 4.42593 0.478104 0.877833 0.12428 740
5 8 54 3.76066 0.449523 0.776209 0.0841732 346
5 8 55 2.71544 1.06117 0.922 0.356168 252
5 8 56 4 -2 0 0 433
5 8 57 4.88479 0.934879 0.616217 0.124538 404
5 8 58 3.77933 0.45664 1.03178 0.064255 310
5 8 59 4.12469 -3 0 0 171
5 8 60 2 -2 0 0 636
5 8 61 6.0241 0.517793 0.286268 0.244739 311
5 8 62 3.83956 1.04288 0.412766 0.243214 237
5 8 63 2.2105 10.9432 0.861119 0.262933 236
5 9 0 3.97263 0.542906 0.958025 0.0635398 318
5 9 1 3.85596 0.515017 0.973464 0.105115 231
5 9 2 4.42055 -3 0 0 190
5 9 3 4.42055 -3 0 0 36
5 9 4 4.42055 -3 0 0 27
5 9 5 4.42055 -3 0 0 86
5 9 6 4.42055 -3 0 0 135
5 9 7 4.42055 -3 0 0 52
5 9 8 4.42055 -3 0 0 110
5 9 9 4.42055 -3 0 0 109
5 9 10 4.42055 -3 0 0 74
5 9 11 4.42055 -3 0 0 40
5 9 12 4.42055 -3 0 0 47
5 9 13 4.42055 -3 0 0 66
5 9 14 4.10274 0.658705 1.22972 0.116319 202
5 9 15 4.42055 -3 0 0 63
5 9 16 4.42055 -3 0 0 66
5 9 17 4.42055 -3 0 0 77
5 9 18 4.42055 -3 0 0 37
5 9 19 4.42055 -3 0 0 58
5 9 20 4.42055 -3 0 0 87
5 9 21 4.42055 -3 0 0 111
5 9 22 4.42055 -3 0 0 39
5 9 23 4.42055 -3 0 0 38
5 9 24 4.42055 -3 0 0 179
5 9 25 4.42055 -3 0 0 55
5 9 26 4.42055 -3 0 0 176
5 9 27 4.42055 -3 0 0 34
5 9 28 4.42055 -3 0 0 56
5 9 29 4.42055 -3 0 0 118
5 9 30 4.42055 -3 0 0 73
5 9 31 4.42055 -3 0 0 48
5 9 32 4.42055 -3 0 0 38
5 9 33 4.42055 -3 0 0 22
5 9 34 4.42055 -3 0 0 147
5 9 35 4.42055 -3 0 0 23
5 9 36 4.42055 -3 0 0 71
5 9 37 4.42055 -3 0 0 51
5 9 38 4.42055 -3 0 0 8
5 9 39 4.42055 -3 0 0 43
5 9 40 4.42055 -3 0 0 13
5 9 41 4.42055 -3 0 0 41
5 9 42 4.42055 -3 0 0 26
5 9 43 4.42055 -3 0 0 60
5 9 44 4.42055 -3 0 0 22
5 9 45 4.42055 -3 0 0 41
5 9 46 4.42055 -3 0 0 147
5 9 47 4.42055 -3 0 0 28
5 9 48 4.42055 -3 0 0 33
5 9 49 4.42055 -3 0 0 44
5 9 50 4.42055 -3 0 0 39
5 9 51 4.42055 -3 0 0 75
5 9 52 4.42055 -3 0 0 70
5 9 53 4.42055 -3 0 0 15
5 9 54 4.42055 -3 0 0 30
5 9 55 4.42055 -3 0 0 84
5 9 56 4.42055 -3 0 0 34
5 9 57 4.42055 -3 0 0 67
5 9 58 4.42055 -3 0 0 39
5 9 59 4.42055 -3 0 0 113
5 9 60 4.42055 -3 0 0 38
5 9 61 4.42055 -3 0 0 68
5 9 62 4.42055 -3 0 0 97
5 9 63 4.42055 -3 0 0 80
5 10 0 3.37665 -3 0 0 163
5 10 1 3.37665 -3 0 0 179
5 10 2 3.78302 0.498365 0.662096 0.0913598 260
5 10 3 2.04256 11.5669 0.464246 0.258868 250
5 10 4 3.7659 0.766468 0.594947 0.0486135 255
5 10 5 3.6953 0.665518 0.644266 0.078622 238
5 10 6 4.24876 0.530209 0.5137 0.440423 225
5 10 7 2.89156 0.749968 0.915457 0.441033 578
5 10 8 3.37665 -3 0 0 192
5 10 9 3 -2 0 0 315
5 10 10 3.37665 -3 0 0 159
5 10 11 3.37665 -3 0 0 193
5 10 12 3.699 0.527844 0.402925 0.131104 270
5 10 13 3.20534 0.345001 0.681349 0.324364 217
5 10 14 3.37665 -3 0 0 161
5 10 15 4.00262 0.832574 0.628908 0.048648 273
5 10 16 7 -2 0 0 543
5 10 17 3.37665 -3 0 0 182
5 10 18 4.36219 0.421057 0.882713 0.258022 271
5 10 19 6.01389 0.265006 0.1 0.752437 658
5 10 20 3.37665 -3 0 0 50
5 10 21 3.2624 0.727101 1.10525 0.116515 253
5 10 22 3 -2 0 0 236
5 10 23 3.37665 -3 0 0 162
5 10 24 3.37665 -3 0 0 181
5 10 25 4.14391 0.430166 1.11681 0.135836 855
5 10 26 3.37665 -3 0 0 200
5 10 27 4.29254 0.521118 0.5324 0.153722 390
5 10 28 4 -2 0 0 543
5 10 29 3.37665 -3 0 0 197
5 10 30 2 -2 0 0 333
5 10 31 6.39869 0.387049 0.705912 0.449142 993
5 10 32 3.48597 0.581156 0.73907 0.0786845 826
5 10 33 3.37665 -3 0 0 119
5 10 34 3.37665 -3 0 0 176
5 10 35 3.93235 0.490473 0.860937 0.0621274 1207
5 10 36 2 2.49018 1.45493 0.403612 380
5 10 37 3.37665 -3 0 0 89
5 10 38 3.41493 0.834066 0.877294 0.181883 1433
5 10 39 3.94281 0.403766 0.916181 0.111975 640
5 10 40 4.5442 0.812974 0.434019 0.202213 323
5 10 41 2.95353 1.04629 0.594947 0.0935961 579
5 10 42 2 -2 0 0 606
5 10 43 6.28864 0.657585 0.390696 0.329766 219
5 10 44 3.90582 0.345834 1.08024 0.350672 863
5 10 45 5.05612 0.551201 0.602498 0.43352 278
5 10 46 2.72594 1.69579 0.771208 0.128092 201
5 10 47 2.40054 7.13021 1.4782 0.143533 2307
5 10 48 4.05301 0.641083 0.539516 0.100032 438
5 10 49 3.48884 0.614119 1.19427 0.186536 265
5 10 50 3.3078 0.403029 1.03039 0.158345 718
5 10 51 2.63561 0.63763 0.69241 0.364792 408
5 10 52 6.02374 1.0156 0.361434 0.389053 264
5 10 53 2.66013 1.32032 0.886034 0.0352217 1839
5 10 54 2.37896 2.5637 1.19904 0.120214 574
5 10 55 2 11.3229 2.21802 0.270265 323
5 10 56 2.19416 9.68015 1.04105 0.202158 422
5 10 57 4.5677 0.610891 0.926701 0.0371716 407
5 10 58 2 9.4015 1.06502 0.227049 382
5 10 59 6.0698 0.496685 0.587209 0.206928 218
5 10 60 2 9.43068 1.80582 0.30466 970
5 10 61 2.12465 8.7465 0.579109 0.185598 333
5 10 62 4.21618 0.730325 0.609527 0.198133 265
5 10 63 2 -2 0 0 312
5 11 0 6.43551 0.68409 0.673627 0.221972 707
5 11 1 3.72048 0.491481 1.09779 0.121421 402
5 11 2 2.62492 0.608978 0.519361 0.335962 207
5 11 3 4.13014 -3 0 0 136
5 11 4 4.13014 -3 0 0 110
5 11 5 4.13014 -3 0 0 185
5 11 6 5.08703 0.844289 0.169566 0.368403 273
5 11 7 4.13014 -3 0 0 92
5 11 8 4.71642 0.686177 0.39578 0.182926 294
5 11 9 4.13014 -3 0 0 163
5 11 10 4.13014 -3 0 0 139
5 11 11 5 -2 0 0 233
5 11 12 4.13014 -3 0 0 195
5 11 13 4.13014 -3 0 0 119
5 11 14 5.19669 0.538764 0.693369 0.108088 553
5 11 15 4.13014 -3 0 0 72
5 11 16 4.13014 -3 0 0 122
5 11 17 5.3982 1.32412 0.40679 0.126323 345
5 11 18 4.13014 -3 0 0 160
5 11 19 4.13014 -3 0 0 129
5 11 20 4.13014 -3 0 0 36
5 11 21 5.61418 0.672383 0.730162 0.19976 214
5 11 22 4.13014 -3 0 0 112
5 11 23 4.9237 0.556693 0.522583 0.198652 284
5 11 24 3 -2 0 0 388
5 11 25 4.13014 -3 0 0 100
5 11 26 6.16816 0.953431 0.297357 0.34947 499
5 11 27 4.13014 -3 0 0 83
5 11 28 4.13014 -3 0 0 67
5 11 29 5.08381 0.850278 0.581511 0.195643 339
5 11 30 4.13014 -3 0 0 59
5 11 31 4.13014 -3 0 0 99
5 11 32 4.13014 -3 0 0 111
5 11 33 4.13014 -3 0 0 103
5 11 34 4.92418 0.837618 0.596292 0.0784208 481
5 11 35 4.13014 -3 0 0 83
5 11 36 4.13014 -3 0 0 137
5 11 37 4.13014 -3 0 0 121
5 11 38 4.13014 -3 0 0 97
5 11 39 4.13014 -3 0 0 131
5 11 40 4.13014 -3 0 0 167
5 11 41 4.13014 -3 0 0 92
5 11 42 4.13014 -3 0 0 166
5 11 43 3.6594 0.609501 0.513718 0.149009 291
5 11 44 4.13014 -3 0 0 93
5 11 45 4.13014 -3 0 0 109
5 11 46 4.09831 0.555785 0.982915 0.213562 406
5 11 47 4.13014 -3 0 0 67
5 11 48 4.13014 -3 0 0 136
5 11 49 5.55796 0.540778 0.810109 0.300428 227
5 11 50 4.13014 -3 0 0 103
5 11 51 4.96346 0.67878 0.342132 0.116727 279
5 11 52 3.26801 0.558851 0.734675 0.299288 256
5 11 53 4.13014 -3 0 0 79
5 11 54 4.13014 -3 0 0 128
5 11 55 3.7116 0.598027 0.539801 0.291432 205
5 11 56 4.13014 -3 0 0 170
5 11 57 4.13014 -3 0 0 181
5 11 58 3.57153 0.743901 0.594058 0.0834906 204
5 11 59 2.90091 1.51881 0.70933 0.0838829 410
5 11 60 4.13014 -3 0 0 103
5 11 61 3.49089 0.758677 0.459643 0.154031 329
5 11 62 2.52055 1.78889 0.599714 0.23664 374
5 11 63 4.31655 0.550523 0.694806 0.237726 236
5 12 0 4.58366 0.523135 1.14384 0.103207 252
5 12 1 3.4008 0.454936 0.485319 0.365992 364
5 12 2 3.89606 0.726234 0.569296 0.143018 429
5 12 3 5 -2 0 0 723
5 12 4 5 -2 0 0 273
5 12 5 4.46527 0.508509 0.458481 0.172977 337
5 12 6 3.87981 0.675786 0.970017 0.282791 505
5 12 7 3.70095 1.31804 0.993765 0.288164 1537
5 12 8 3 -2 0 0 356
5 12 9 5.3279 0.659874 0.942467 0.17304 821
5 12 10 3.88817 0.463425 0.837953 0.0463143 749
5 12 11 3.83016 1.01655 0.648227 0.0938871 292
5 12 12 4.23049 0.433303 0.798467 0.21768 483
5 12 13 4.46848 0.42282 0.664651 0.219016 614
5 12 14 4.90335 0.877689 0.781672 0.27494 255
5 12 15 4.73366 0.523586 0.745698 0.134617 347
5 12 16 4.87685 0.470655 1.10427 0.0999452 2317
5 12 17 4.19129 0.399056 0.535793 0.338497 226
5 12 18 5.67938 0.479211 0.330842 0.448163 363
5 12 19 3.39474 1.48656 0.862961 0.464945 1204
5 12 20 3.4826 0.3318 0.938977 0.13253 272
5 12 21 5.19537 0.529629 0.677368 0.174768 638
5 12 22 4.80133 0.831779 0.62663 0.191457 955
5 12 23 4.30625 -3 0 0 111
5 12 24 6.45079 0.634789 0.647008 0.523188 242
5 12 25 5.32418 0.417875 1.10601 0.392306 977
5 12 26 5.601 0.522681 0.299642 0.306572 227
5 12 27 3.98333 0.434051 1.16259 0.268462 314
5 12 28 3.46778 0.547795 1.26674 0.0928756 626
5 12 29 4.18258 0.441265 0.802229 0.200651 213
5 12 30 3.97757 0.443495 1.25655 0.0887675 391
5 12 31 4.85275 0.547354 1.03139 0.262502 847
5 12 32 4.95005 0.511353 0.798426 0.0817083 449
5 12 33 5.58412 0.534772 0.312781 0.173061 289
5 12 34 4.30625 -3 0 0 157
5 12 35 6.77969 0.456656 0.451178 0.62187 664
5 12 36 4.30625 -3 0 0 126
5 12 37 5.2901 0.748586 0.304221 0.295199 202
5 12 38 4.98472 0.549829 0.645165 0.0921463 624
5 12 39 4.6325 0.597698 0.644687 0.129068 260
5 12 40 3.84789 0.445157 0.997335 0.206276 249
5 12 41 5.49626 0.913761 0.476987 0.384494 330
5 12 42 4.41096 0.637657 0.753888 0.127557 208
5 12 43 4.30625 -3 0 0 143
5 12 44 7 -2 0 0 365
5 12 45 2 -2 0 0 366
5 12 46 4.30625 -3 0 0 146
5 12 47 5.12371 0.607827 0.388782 0.465998 325
5 12 48 4.30625 -3 0 0 197
5 12 49 4.30625 -3 0 0 152
5 12 50 4.30625 -3 0 0 149
5 12 51 4.30625 -3 0 0 130
5 12 52 4.30625 -3 0 0 168
5 12 53 4.07194 0.525709 0.770744 0.209144 203
5 12 54 4.30625 -3 0 0 130
5 12 55 4.30625 -3 0 0 137
5 12 56 4.30625 -3 0 0 152
5 12 57 4.30625 -3 0 0 193
5 12 58 4.30625 -3 0 0 165
5 12 59 4.30625 -3 0 0 147
5 12 60 2 10.1351 1.72238 0.423001 229
5 12 61 4.30625 -3 0 0 120
5 12 62 4.30625 -3 0 0 168
5 12 63 4.30625 -3 0 0 124
5 13 0 3.83956 0.536671 0.661398 0.142257 259
5 13 1 2 9.11408 2.34069 0.347227 238
5 13 2 4.01069 -3 0 0 191
5 13 3 4.01069 -3 0 0 103
5 13 4 4.01069 -3 0 0 147
5 13 5 4.01069 -3 0 0 163
5 13 6 4.01069 -3 0 0 142
5 13 7 4.01069 -3 0 0 82
5 13 8 4.01069 -3 0 0 182
5 13 9 4.01069 -3 0 0 110
5 13 10 4.01069 -3 0 0 72
5 13 11 4.01069 -3 0 0 154
5 13 12 4.01069 -3 0 0 115
5 13 13 4.01069 -3 0 0 94
5 13 14 3.10815 0.877324 1.1042 0.196356 349
5 13 15 4.01069 -3 0 0 46
5 13 16 4.01069 -3 0 0 90
5 13 17 2 12.8772 0.718727 0.507622 283
5 13 18 4.01069 -3 0 0 135
5 13 19 4.01069 -3 0 0 67
5 13 20 4.01069 -3 0 0 126
5 13 21 4.01069 -3 0 0 125
5 13 22 4.01069 -3 0 0 91
5 13 23 4.01069 -3 0 0 32
5 13 24 4.18379 0.623373 1.01751 0.156723 272
5 13 25 4.01069 -3 0 0 76
5 13 26 5.61923 0.522977 0.826546 0.243812 402
5 13 27 4.01069 -3 0 0 16
5 13 28 4.01069 -3 0 0 14
5 13 29 4.01069 -3 0 0 134
5 13 30 4.01069 -3 0 0 158
5 13 31 4.01069 -3 0 0 82
5 13 32 4.01069 -3 0 0 85
5 13 33 4.01069 -3 0 0 119
5 13 34 6.20148 0.708486 0.582995 0.390458 378
5 13 35 4.01069 -3 0 0 86
5 13 36 4.01069 -3 0 0 12
5 13 37 4.01069 -3 0 0 15
5 13 38 4.01069 -3 0 0 116
5 13 39 5.10936 0.54656 1.09022 0.288992 218
5 13 40 4.01069 -3 0 0 12
5 13 41 4.01069 -3 0 0 98
5 13 42 6.18277 0.69066 0.924103 0.25193 262
5 13 43 4.01069 -3 0 0 76
5 13 44 4.01069 -3 0 0 114
5 13 45 4.01069 -3 0 0 150
5 13 46 4.49223 0.681715 0.502044 0.0699492 497
5 13 47 4.01069 -3 0 0 124
5 13 48 4.01069 -3 0 0 24
5 13 49 4.84529 0.534449 0.647599 0.214814 279
5 13 50 4.01069 -3 0 0 151
5 13 51 3.50495 0.720625 0.647246 0.0974512 424
5 13 52 5.45208 0.721978 0.329496 0.343448 361
5 13 53 4.01069 -3 0 0 126
5 13 54 4.01069 -3 0 0 182
5 13 55 4.8468 0.676493 0.265912 0.337485 366
5 13 56 2 8.09453 0.892331 0.76279 283
5 13 57 4.43786 0.682371 0.66484 0.202113 314
5 13 58 4.28158 0.625222 0.563611 0.241047 208
5 13 59 2.535 1.03513 0.789016 0.686592 512
5 13 60 4.01069 -3 0 0 162
5 13 61 3.69102 0.473889 0.691047 0.0299003 656
5 13 62 4.25438 0.508112 0.680502 0.151327 627
5 13 63 3 -2 0 0 277
5 14 0 4.54291 0.877687 0.433249 0.32887 288
5 14 1 5.6595 0.67371 0.637892 0.365842 346
5 14 2 3.63749 0.698577 0.929229 0.120419 406
5 14 3 3.76506 0.653439 0.152152 0.199465 219
5 14 4 5.6409 0.920582 1.46481 0.461127 268
5 14 5 4.45134 0.604342 0.979134 0.26118 368
5 14 6 4.34554 0.60579 1.14023 0.179776 475
5 14 7 2 -2 0 0 205
5 14 8 3.68921 0.484642 0.895565 0.20685 271
5 14 9 2 8.75302 1.40664 0.231224 260
5 14 10 4.51528 0.44805 0.295743 0.348961 335
5 14 11 2 -2 0 0 203
5 14 12 7 -2 0 0 394
5 14 13 2.19435 9.13095 1.02749 0.159436 425
5 14 14 4.12767 -3 0 0 111
5 14 15 3.54073 1.40601 1.03056 0.093893 333
5 14 16 6.04095 0.524086 0.185116 0.248657 357
5 14 17 4.12767 -3 0 0 35
5 14 18 4.12767 -3 0 0 46
5 14 19 4.70406 0.786676 0.442059 0.173429 642
5 14 20 5.21552 0.560972 1.19073 0.252711 208
5 14 21 6.43902 0.577716 0.766823 0.42655 719
5 14 22 4.96016 0.623587 0.345485 0.223497 686
5 14 23 4.12767 -3 0 0 191
5 14 24 5.17838 0.71342 0.555747 0.17769 245
5 14 25 4.83207 0.556558 0.799586 0.0477424 428
5 14 26 4.12767 -3 0 0 55
5 14 27 6.99811 0.714331 0.382074 0.301628 277
5 14 28 4.08722 0.553695 0.976011 0.103007 329
5 14 29 4.12767 -3 0 0 162
5 14 30 4.12767 -3 0 0 40
5 14 31 4.24017 0.801911 0.508163 0.196344 294
5 14 32 3.76835 0.713034 1.31528 0.130231 226
5 14 33 4.12767 -3 0 0 166
5 14 34 4.12767 -3 0 0 164
5 14 35 2 7.24456 1.59529 0.176214 228
5 14 36 4.12767 -3 0 0 175
5 14 37 4.12767 -3 0 0 137
5 14 38 4.09182 0.56709 0.710994 0.137429 215
5 14 39 4.12767 -3 0 0 107
5 14 40 4.12767 -3 0 0 144
5 14 41 4.12767 -3 0 0 168
5 14 42 4.12767 -3 0 0 153
5 14 43 4.12767 -3 0 0 137
5 14 44 4.12767 -3 0 0 87
5 14 45 4.12767 -3 0 0 54
5 14 46 4.12767 -3 0 0 147
5 14 47 4.12767 -3 0 0 164
5 14 48 4.12767 -3 0 0 112
5 14 49 4.12767 -3 0 0 92
5 14 50 4.12767 -3 0 0 77
5 14 51 4.12767 -3 0 0 38
5 14 52 4.12767 -3 0 0 101
5 14 53 4.12767 -3 0 0 143
5 14 54 4.12767 -3 0 0 114
5 14 55 4.12767 -3 0 0 51
5 14 56 4.12767 -3 0 0 117
5 14 57 4.12767 -3 0 0 74
5 14 58 4.12767 -3 0 0 80
5 14 59 4.12767 -3 0 0 117
5 14 60 4.12767 -3 0 0 127
5 14 61 4.12767 -3 0 0 92
5 14 62 4.12767 -3 0 0 97
5 14 63 4.12767 -3 0 0 23
5 15 0 4.42538 -3 0 0 115
5 15 1 4.42538 -3 0 0 11
5 15 2 4.42538 -3 0 0 86
5 15 3 4.42538 -3 0 0 66
5 15 4 4.42538 -3 0 0 69
5 15 5 4.42538 -3 0 0 53
5 15 6 4.42538 -3 0 0 14
5 15 7 4.42538 -3 0 0 47
5 15 8 4.42538 -3 0 0 82
5 15 9 4.42538 -3 0 0 42
5 15 10 4.42538 -3 0 0 36
5 15 11 4.42538 -3 0 0 89
5 15 12 4.42538 -3 0 0 47
5 15 13 4.42538 -3 0 0 47
5 15 14 4.42538 -3 0 0 108
5 15 15 4.42538 -3 0 0 43
5 15 16 0 -10 0 0 0
5 15 17 4.42538 -3 0 0 98
5 15 18 4.42538 -3 0 0 52
5 15 19 4.42538 -3 0 0 47
5 15 20 4.42538 -3 0 0 67
5 15 21 4.42538 -3 0 0 58
5 15 22 4.42538 -3 0 0 45
5 15 23 4.42538 -3 0 0 76
5 15 24 4.42538 -3 0 0 83
5 15 25 4.42538 -3 0 0 45
5 15 26 4.42538 -3 0 0 120
5 15 27 4.42538 -3 0 0 49
5 15 28 4.42538 -3 0 0 58
5 15 29 4.42538 -3 0 0 118
5 15 30 4.42538 -3 0 0 79
5 15 31 4.42538 -3 0 0 46
5 15 32 4.42538 -3 0 0 42
5 15 33 4.42538 -3 0 0 50
5 15 34 4.42538 -3 0 0 156
5 15 35 4.42538 -3 0 0 23
5 15 36 4.42538 -3 0 0 67
5 15 37 4.42538 -3 0 0 106
5 15 38 4.42538 -3 0 0 28
5 15 39 4.42538 -3 0 0 119
5 15 40 4.42538 -3 0 0 82
5 15 41 4.42538 -3 0 0 54
5 15 42 4.42538 -3 0 0 54
5 15 43 4.42538 -3 0 0 143
5 15 44 4.42538 -3 0 0 60
5 15 45 4.42538 -3 0 0 80
5 15 46 4.42538 -3 0 0 143
5 15 47 4.42538 -3 0 0 46
5 15 48 4.42538 -3 0 0 88
5 15 49 4.42538 -3 0 0 133
5 15 50 4.42538 -3 0 0 74
5 15 51 3.74512 1.07163 0.325425 0.354577 225
5 15 52 4.42538 -3 0 0 154
5 15 53 4.42538 -3 0 0 65
5 15 54 4.42538 -3 0 0 105
5 15 55 4.42538 -3 0 0 162
5 15 56 4.42538 -3 0 0 146
5 15 57 4.42538 -3 0 0 199
5 15 58 4.42538 -3 0 0 109
5 15 59 4.42538 -3 0 0 188
5 15 60 4.42538 -3 0 0 90
5 15 61 3.64354 0.616859 0.928435 0.0233588 274
5 15 62 4.15221 0.998892 0.192418 0.311544 217
5 15 63 4.42538 -3 0 0 132
6 0 0 4.23895 -3 0 0 103
6 0 1 4.23895 -3 0 0 63
6 0 2 4.23895 -3 0 0 162
6 0 3 4.23895 -3 0 0 30
6 0 4 4.23895 -3 0 0 107
6 0 5 4.23895 -3 0 0 99
6 0 6 4.23895 -3 0 0 68
6 0 7 4.23895 -3 0 0 21
6 0 8 4.23895 -3 0 0 80
6 0 9 4.23895 -3 0 0 29
6 0 10 4.23895 -3 0 0 19
6 0 11 4.23895 -3 0 0 130
6 0 12 4.23895 -3 0 0 32
6 0 13 4.23895 -3 0 0 75
6 0 14 4.23895 -3 0 0 130
6 0 15 4.23895 -3 0 0 43
6 0 16 4.23895 -3 0 0 82
6 0 17 4.23895 -3 0 0 168
6 0 18 4.23895 -3 0 0 63
6 0 19 4.23895 -3 0 0 59
6 0 20 4.23895 -3 0 0 62
6 0 21 4.23895 -3 0 0 40
6 0 22 4.23895 -3 0 0 25
6 0 23 4.23895 -3 0 0 103
6 0 24 4.23895 -3 0 0 125
6 0 25 4.23895 -3 0 0 51
6 0 26 4.23895 -3 0 0 190
6 0 27 4.23895 -3 0 0 39
6 0 28 4.23895 -3 0 0 54
6 0 29 4.23895 -3 0 0 192
6 0 30 4.23895 -3 0 0 36
6 0 31 4.23895 -3 0 0 135
6 0 32 4.23895 -3 0 0 58
6 0 33 4.23895 -3 0 0 66
6 0 34 7.04254 0.621299 0.804275 0.363784 288
6 0 35 4.23895 -3 0 0 61
6 0 36 4.23895 -3 0 0 50
6 0 37 4.23895 -3 0 0 103
6 0 38 4.23895 -3 0 0 130
6 0 39 4.23895 -3 0 0 174
6 0 40 4.23895 -3 0 0 85
6 0 41 4.23895 -3 0 0 90
6 0 42 4.23895 -3 0 0 87
6 0 43 5.9676 0.727735 0.39657 0.243416 220
6 0 44 4.23895 -3 0 0 122
6 0 45 4.23895 -3 0 0 92
6 0 46 4.23895 -3 0 0 184
6 0 47 4.23895 -3 0 0 175
6 0 48 4.23895 -3 0 0 82
6 0 49 4.23895 -3 0 0 157
6 0 50 4.23895 -3 0 0 106
6 0 51 3.98741 1.14874 0.619335 0.183755 476
6 0 52 4.23895 -3 0 0 160
6 0 53 4.23895 -3 0 0 176
6 0 54 4.23895 -3 0 0 128
6 0 55 3.53726 0.436982 0.81325 0.161808 325
6 0 56 2 -2 0 0 208
6 0 57 4.09362 0.557442 0.788911 0.0775169 411
6 0 58 4.23895 -3 0 0 161
6 0 59 3.50828 0.843839 0.606235 0.0527305 298
6 0 60 2 8.38558 1.05377 0.223185 228
6 0 61 3.30942 0.625991 0.586774 0.111893 583
6 0 62 3.44355 0.450949 0.855037 0.0219933 451
6 0 63 3 -2 0 0 233
6 1 0 5.16331 0.767667 0.637457 0.10259 444
6 1 1 5.22123 2.47505 0.453451 0.273762 567
6 1 2 6 -2 0 0 624
6 1 3 5.22382 0.561874 0.900515 0.507746 297
6 1 4 5.00186 -3 0 0 111
6 1 5 4.36794 0.553205 1.45438 0.102701 573
6 1 6 5.04198 0.644532 0.701371 0.115614 764
6 1 7 7 -2 0 0 560
6 1 8 2 11.0669 1.70906 0.297487 253
6 1 9 5.35422 1.00379 0.676257 0.247978 491
6 1 10 6.70757 0.869277 0.743274 0.50498 922
6 1 11 5.00186 -3 0 0 137
6 1 12 5.93856 0.514756 0.506091 0.394063 347
6 1 13 6.71794 0.780711 0.336024 0.351978 335
6 1 14 7.44197 0.616315 0.951477 0.325152 276
6 1 15 5.01622 0.697959 0.324796 0.147111 334
6 1 16 4.86842 0.520449 1.42824 0.0870296 1259
6 1 17 6.45139 1.30793 2.21721 0.58672 207
6 1 18 5.00186 -3 0 0 162
6 1 19 4.88492 0.59811 1.02203 0.0541189 387
6 1 20 5.00186 -3 0 0 71
6 1 21 5.55405 0.760948 0.709098 0.228629 680
6 1 22 5.39585 0.478708 1.06401 0.16527 483
6 1 23 5.00186 -3 0 0 85
6 1 24 4.55862 0.876765 0.440248 0.787801 368
6 1 25 4.6908 0.680838 0.734067 0.121943 234
6 1 26 6.2395 0.715898 0.344411 0.440629 267
6 1 27 5.00186 -3 0 0 84
6 1 28 5.00186 -3 0 0 166
6 1 29 5.00186 -3 0 0 80
6 1 30 5.00186 -3 0 0 101
6 1 31 2 9.44172 2.07394 0.503075 207
6 1 32 6.58086 0.530306 0.189323 0.463688 204
6 1 33 5.00186 -3 0 0 101
6 1 34 5.00186 -3 0 0 131
6 1 35 4 -2 0 0 239
6 1 36 5.00186 -3 0 0 73
6 1 37 5.00186 -3 0 0 48
6 1 38 5.00186 -3 0 0 149
6 1 39 5.00186 -3 0 0 36
6 1 40 5.00186 -3 0 0 75
6 1 41 5.00186 -3 0 0 169
6 1 42 5.00186 -3 0 0 94
6 1 43 5.00186 -3 0 0 74
6 1 44 5.00186 -3 0 0 114
6 1 45 5.00186 -3 0 0 116
6 1 46 5.00186 -3 0 0 138
6 1 47 5.00186 -3 0 0 112
6 1 48 5.00186 -3 0 0 124
6 1 49 5.00186 -3 0 0 71
6 1 50 5.00186 -3 0 0 101
6 1 51 5.00186 -3 0 0 43
6 1 52 5.00186 -3 0 0 98
6 1 53 5.00186 -3 0 0 52
6 1 54 5.00186 -3 0 0 145
6 1 55 5.00186 -3 0 0 82
6 1 56 5.00186 -3 0 0 39
6 1 57 5.00186 -3 0 0 48
6 1 58 5.00186 -3 0 0 178
6 1 59 5.00186 -3 0 0 135
6 1 60 5.00186 -3 0 0 25
6 1 61 5.00186 -3 0 0 42
6 1 62 5.00186 -3 0 0 90
6 1 63 5.00186 -3 0 0 70
6 2 0 4.9805 0.601197 0.251315 0.156134 299
6 2 1 4.3839 -3 0 0 138
6 2 2 5.08059 0.864856 0.218537 0.600217 301
6 2 3 4.3839 -3 0 0 156
6 2 4 4.3839 -3 0 0 100
6 2 5 4.3839 -3 0 0 186
6 2 6 4.3839 -3 0 0 114
6 2 7 4.3839 -3 0 0 88
6 2 8 5.16274 0.523522 0.213871 0.330218 297
6 2 9 4.3839 -3 0 0 198
6 2 10 4.3839 -3 0 0 146
6 2 11 3.22491 1.32474 0.900143 0.230884 428
6 2 12 4.3839 -3 0 0 186
6 2 13 4.3839 -3 0 0 121
6 2 14 7 -2 0 0 589
6 2 15 4.3839 -3 0 0 173
6 2 16 4.3839 -3 0 0 85
6 2 17 4.62699 0.565735 1.5246 0.164513 404
6 2 18 4.3839 -3 0 0 121
6 2 19 4.3839 -3 0 0 105
6 2 20 4.3839 -3 0 0 182
6 2 21 4.93975 0.813416 1.20932 0.174385 273
6 2 22 4.3839 -3 0 0 108
6 2 23 8 -2 0 0 427
6 2 24 4.59916 0.633644 0.807896 0.165162 400
6 2 25 4.3839 -3 0 0 82
6 2 26 3 -2 0 0 701
6 2 27 4.3839 -3 0 0 165
6 2 28 4.3839 -3 0 0 174
6 2 29 5.18218 0.544642 0.724817 0.239293 477
6 2 30 4.3839 -3 0 0 100
6 2 31 4.3839 -3 0 0 181
6 2 32 4.3839 -3 0 0 113
6 2 33 4.3839 -3 0 0 183
6 2 34 7 -2 0 0 769
6 2 35 4.3839 -3 0 0 160
6 2 36 9 -2 0 0 247
6 2 37 4.41727 0.588426 1.19639 0.303494 373
6 2 38 4.26468 0.677094 0.974842 0.166183 224
6 2 39 2 -2 0 0 418
6 2 40 5.01286 0.548676 0.622516 0.16751 381
6 2 41 4.3839 -3 0 0 166
6 2 42 9 -2 0 0 351
6 2 43 8.30265 0.465582 0.277801 0.807366 503
6 2 44 4.3839 -3 0 0 179
6 2 45 4.3839 -3 0 0 198
6 2 46 6.02599 0.555889 0.348653 0.161762 425
6 2 47 4.3839 -3 0 0 177
6 2 48 5.02633 0.811714 0.518359 0.249056 254
6 2 49 6.51775 0.482593 0.76373 0.354039 478
6 2 50 4.42456 0.503821 0.612276 0.12948 226
6 2 51 2.38414 7.64678 1.53976 0.118152 1025
6 2 52 2 8.85086 2.22659 0.456881 623
6 2 53 4.39837 0.742922 0.359675 0.514142 213
6 2 54 4.86956 0.533635 0.480765 0.0812287 359
6 2 55 6 -2 0 0 644
6 2 56 5.104 0.675096 0.259002 0.720457 521
6 2 57 3.57099 0.777231 1.5109 0.277429 702
6 2 58 4.74713 0.783893 0.724813 0.0807599 506
6 2 59 2 10.5423 1.83619 0.200638 1031
6 2 60 3.21868 0.799621 0.642292 0.161505 286
6 2 61 4.4302 0.632203 1.08252 0.0800909 1900
6 2 62 3.70254 1.14884 0.79361 0.203217 1465
6 2 63 7 -2 0 0 487
6 3 0 2.15453 9.50591 1.13431 0.0972423 591
6 3 1 5 -2 0 0 473
6 3 2 5.15221 0.424433 1.62793 0.352806 613
6 3 3 3.60398 0.462355 0.583062 0.0561063 436
6 3 4 3.67895 -3 0 0 138
6 3 5 6.41703 0.67278 1.07829 0.485903 386
6 3 6 3.48222 0.581253 0.963778 0.0269827 821
6 3 7 3.32188 0.460799 1.02267 0.0181721 912
6 3 8 2 -2 0 0 385
6 3 9 2.42319 1.92834 1.02833 0.0667257 1102
6 3 10 4.42568 0.666816 0.43637 0.283496 753
6 3 11 3.97332 0.676204 0.713001 0.23539 414
6 3 12 3.57388 0.558384 0.472499 0.13037 399
6 3 13 2.81451 1.35908 0.697404 0.0949987 376
6 3 14 3.45786 0.538482 0.591191 0.15375 508
6 3 15 3 -2 0 0 440
6 3 16 5 -2 0 0 1550
6 3 17 3.67895 -3 0 0 160
6 3 18 3.67895 -3 0 0 134
6 3 19 2.07375 10.1923 0.84172 0.281448 592
6 3 20 3 -2 0 0 228
6 3 21 3.90219 0.397712 0.921777 0.143134 580
6 3 22 4.64856 0.65336 0.325381 0.208853 493
6 3 23 3.67895 -3 0 0 115
6 3 24 5.44884 0.944975 0.445429 0.205632 327
6 3 25 2 9.0658 1.74761 0.103049 648
6 3 26 4.63091 0.565214 0.632632 0.13475 227
6 3 27 3.67895 -3 0 0 163
6 3 28 4.82737 0.728326 0.651785 0.185508 330
6 3 29 6 -2 0 0 221
6 3 30 3.67895 -3 0 0 84
6 3 31 4.91173 0.792091 0.338359 0.153505 377
6 3 32 7 -2 0 0 479
6 3 33 3.67895 -3 0 0 155
6 3 34 3.67895 -3 0 0 102
6 3 35 3.68671 0.391826 1.14956 0.16848 479
6 3 36 3.67895 -3 0 0 177
6 3 37 3.67895 -3 0 0 94
6 3 38 7.20878 0.495897 0.182724 0.567265 284
6 3 39 3.67895 -3 0 0 54
6 3 40 4.1545 0.673265 0.892155 0.135072 419
6 3 41 3.61332 0.438898 1.11464 0.127645 255
6 3 42 3.67895 -3 0 0 193
6 3 43 3.67895 -3 0 0 197
6 3 44 3.70226 0.789695 0.518035 0.380758 251
6 3 45 4.52666 0.490267 1.20425 0.100565 306
6 3 46 4.57129 0.916687 0.692012 0.10966 218
6 3 47 2.68114 2.15211 1.5216 0.100674 346
6 3 48 3.34827 0.374233 0.832178 0.120017 212
6 3 49 3.67895 -3 0 0 152
6 3 50 7 -2 0 0 231
6 3 51 3.67895 -3 0 0 130
6 3 52 3.67895 -3 0 0 146
6 3 53 3.47543 0.401786 0.886684 0.142094 320
6 3 54 4.38513 0.444357 0.750146 0.172524 209
6 3 55 3.67895 -3 0 0 188
6 3 56 3.67895 -3 0 0 175
6 3 57 3.67895 -3 0 0 150
6 3 58 3.67895 -3 0 0 169
6 3 59 3.23107 1.2638 0.429965 0.105295 212
6 3 60 3.67895 -3 0 0 92
6 3 61 5.94289 1.02662 0.730617 0.233103 214
6 3 62 3.67895 -3 0 0 168
6 3 63 3.67895 -3 0 0 100
6 4 0 6 -2 0 0 2045
6 4 1 6.1601 0.43133 0.796975 0.270429 1178
6 4 2 5.39521 0.589752 0.374323 0.14965 817
6 4 3 4.74695 -3 0 0 189
6 4 4 5.68526 0.633199 0.650717 0.162156 426
6 4 5 5.86478 0.755995 0.741302 0.484537 304
6 4 6 4.96862 0.707953 0.630827 0.0924653 629
6 4 7 3 -2 0 0 231
6 4 8 5.15022 0.672364 0.584664 0.0978446 492
6 4 9 4.74695 -3 0 0 92
6 4 10 4.74695 -3 0 0 192
6 4 11 5.82795 0.522409 0.861279 0.196187 539
6 4 12 4.47641 0.921488 0.270069 0.233829 213
6 4 13 4.74695 -3 0 0 158
6 4 14 5.43524 0.398161 0.951156 0.0878299 1235
6 4 15 4.23875 0.695602 0.595843 0.168569 318
6 4 16 5.14062 0.887134 0.618051 0.413367 217
6 4 17 3.16191 0.433106 0.94344 0.771941 478
6 4 18 5.31262 0.752383 0.698053 0.233028 298
6 4 19 4.74695 -3 0 0 142
6 4 20 6.7845 0.476298 0.593222 0.529559 373
6 4 21 4.28749 0.518658 0.969454 0.406817 300
6 4 22 4.74695 -3 0 0 220
6 4 23 3 -2 0 0 466
6 4 24 4.80466 0.482123 1.28118 0.152903 657
6 4 25 4.74695 -3 0 0 156
6 4 26 6.69938 0.488283 0.699692 0.472396 755
6 4 27 4.74695 -3 0 0 178
6 4 28 4.74695 -3 0 0 150
6 4 29 3.91415 0.346624 0.841749 0.348456 257
6 4 30 3 -2 0 0 256
6 4 31 4.74695 -3 0 0 109
6 4 32 4.74695 -3 0 0 159
6 4 33 4.74695 -3 0 0 133
6 4 34 8 -2 0 0 375
6 4 35 4.74695 -3 0 0 138
6 4 36 3 -2 0 0 209
6 4 37 8 -2 0 0 289
6 4 38 4.74695 -3 0 0 158
6 4 39 8.03531 0.651942 0.562116 0.70432 248
6 4 40 3 -2 0 0 373
6 4 41 4.74695 -3 0 0 149
6 4 42 5.90348 0.545793 0.210685 0.705099 260
6 4 43 4.60311 0.484551 1.16616 0.0889629 382
6 4 44 4.74695 -3 0 0 118
6 4 45 4.74695 -3 0 0 153
6 4 46 2 11.0124 1.31644 0.674615 339
6 4 47 4.74695 -3 0 0 96
6 4 48 4.74695 -3 0 0 201
6 4 49 3.27145 0.864315 1.24704 0.391397 276
6 4 50 4.74695 -3 0 0 146
6 4 51 5.93555 0.530855 0.632182 0.210228 330
6 4 52 3 -2 0 0 271
6 4 53 4.74695 -3 0 0 113
6 4 54 4.74695 -3 0 0 173
6 4 55 3 -2 0 0 282
6 4 56 3 -2 0 0 236
6 4 57 4.28052 0.682914 1.15527 0.291511 291
6 4 58 3.75882 0.731449 0.517323 0.465375 221
6 4 59 4.7204 0.528694 0.180121 0.19917 268
6 4 60 4.74695 -3 0 0 122
6 4 61 4.16625 0.552403 1.47495 0.172101 419
6 4 62 5.71042 0.866934 0.703054 0.45261 431
6 4 63 3.43477 1.16699 0.475328 0.186813 252
6 5 0 3.73863 -3 0 0 200
6 5 1 3 -2 0 0 201
6 5 2 2.85849 1.71525 0.826132 0.0349753 258
6 5 3 3.68173 0.571356 0.626501 0.0683935 307
6 5 4 3.73863 -3 0 0 170
6 5 5 4.38885 0.616557 0.527765 0.121621 231
6 5 6 5.0856 1.0343 0.376712 0.0497132 226
6 5 7 2 2.42457 1.06976 0.259062 380
6 5 8 3.73863 -3 0 0 194
6 5 9 4.39888 0.944226 0.215286 0.376912 235
6 5 10 5.71132 0.874315 0.683416 0.174629 310
6 5 11 6.25173 0.503362 0.673579 0.756953 376
6 5 12 5.66512 0.274721 0.111141 0.362081 237
6 5 13 5.43697 0.506273 0.397106 0.235169 390
6 5 14 3.73863 -3 0 0 93
6 5 15 4.62204 0.474095 0.791348 0.0565944 240
6 5 16 3.83867 0.731565 0.478009 0.23221 450
6 5 17 3.73863 -3 0 0 123
6 5 18 3.93951 0.771367 0.229924 0.286378 299
6 5 19 4.77976 0.601922 0.549015 0.216301 558
6 5 20 3 -2 0 0 408
6 5 21 3.79535 0.609313 0.477874 0.131285 255
6 5 22 5.02317 1.00079 0.500692 0.333803 240
6 5 23 2.61333 1.7604 1.2124 0.140875 341
6 5 24 3.73863 -3 0 0 149
6 5 25 4.31493 0.61769 0.663195 0.302976 622
6 5 26 3.73863 -3 0 0 165
6 5 27 3.73863 -3 0 0 170
6 5 28 3.9072 0.58878 0.724096 0.0374082 323
6 5 29 5.74563 0.735472 0.585186 0.187623 331
6 5 30 5.56928 0.520914 0.56595 0.445486 317
6 5 31 4.04561 0.546381 0.560921 0.172967 749
6 5 32 4.20887 0.460669 0.925464 0.0649689 322
6 5 33 3 -2 0 0 229
6 5 34 3.73863 -3 0 0 116
6 5 35 2.44476 1.7929 0.71528 0.118702 919
6 5 36 4.01997 0.498377 0.839712 0.0554277 273
6 5 37 4.86013 0.633987 0.776723 0.142158 447
6 5 38 3.24377 1.36489 1.79298 0.215893 1056
6 5 39 3.56499 0.438274 0.704281 0.0517667 540
6 5 40 2 2.57599 1.56922 0.54517 471
6 5 41 5.346 0.706702 0.210453 0.470882 391
6 5 42 3.73863 -3 0 0 105
6 5 43 3.62084 0.452525 0.772173 0.132557 214
6 5 44 3.81563 0.682706 0.769704 0.0628936 1500
6 5 45 3.27337 0.360581 0.715659 0.236778 225
6 5 46 3.73863 -3 0 0 134
6 5 47 3.7336 0.546794 0.989067 0.0357872 1664
6 5 48 3.85 0.985305 0.588633 0.119513 251
6 5 49 3.73863 -3 0 0 104
6 5 50 6.13308 0.685528 0.211982 0.506009 305
6 5 51 2.79611 2.15685 0.728611 0.0310187 923
6 5 52 3.93706 0.761951 0.538944 0.152737 234
6 5 53 4.19217 0.506548 0.817399 0.0970999 1172
6 5 54 3.73863 -3 0 0 131
6 5 55 3 -2 0 0 588
6 5 56 5.10763 0.549969 0.705261 0.145132 862
6 5 57 2 -2 0 0 409
6 5 58 3.68981 0.864345 0.417726 0.0569151 240
6 5 59 2 8.60059 0.982509 0.209998 616
6 5 60 2 -2 0 0 1224
6 5 61 3.01802 0.456591 0.644934 0.246362 420
6 5 62 2.84352 0.598687 0.1 0.474286 249
6 5 63 3.73863 -3 0 0 166
6 6 0 3.41447 1.00704 1.27802 0.105427 543
6 6 1 5.5416 0.610018 0.897252 0.0944234 503
6 6 2 4.08784 0.657263 0.692098 0.0982715 380
6 6 3 4.29187 -3 0 0 149
6 6 4 4.29187 -3 0 0 189
6 6 5 4.08976 0.5864 0.700624 0.11258 213
6 6 6 5 -2 0 0 326
6 6 7 4.29187 -3 0 0 106
6 6 8 4.54468 0.888973 0.488195 0.159418 267
6 6 9 5.48927 0.697109 0.40145 0.268072 227
6 6 10 4.29187 -3 0 0 173
6 6 11 4.29187 -3 0 0 184
6 6 12 3.83986 0.484024 0.940826 0.0815724 201
6 6 13 4.29187 -3 0 0 107
6 6 14 5.44808 1.02806 0.565405 0.196533 397
6 6 15 4.29187 -3 0 0 120
6 6 16 4.29187 -3 0 0 130
6 6 17 5.00773 0.33307 0.104402 0.425965 246
6 6 18 4.29187 -3 0 0 134
6 6 19 4.29187 -3 0 0 149
6 6 20 4.29187 -3 0 0 140
6 6 21 4.48719 0.521721 0.448065 0.31904 208
6 6 22 4.29187 -3 0 0 173
6 6 23 3.76866 0.6062 0.998728 0.0861149 207
6 6 24 6 -2 0 0 330
6 6 25 4.29187 -3 0 0 124
6 6 26 4.60199 0.911199 0.238592 0.292596 328
6 6 27 4.29187 -3 0 0 102
6 6 28 4.29187 -3 0 0 83
6 6 29 4.57733 0.598204 0.88607 0.259759 242
6 6 30 4.29187 -3 0 0 122
6 6 31 4.29187 -3 0 0 85
6 6 32 4.29187 -3 0 0 76
6 6 33 4.29187 -3 0 0 94
6 6 34 5.12288 0.819845 0.729421 0.11366 336
6 6 35 4.29187 -3 0 0 83
6 6 36 4.29187 -3 0 0 126
6 6 37 4.29187 -3 0 0 116
6 6 38 4.29187 -3 0 0 64
6 6 39 4.29187 -3 0 0 54
6 6 40 4.29187 -3 0 0 129
6 6 41 4.29187 -3 0 0 64
6 6 42 4.29187 -3 0 0 109
6 6 43 4.29187 -3 0 0 160
6 6 44 4.29187 -3 0 0 53
6 6 45 4.29187 -3 0 0 76
6 6 46 4.51776 0.578757 1.01976 0.0748214 253
6 6 47 4.29187 -3 0 0 53
6 6 48 4.29187 -3 0 0 64
6 6 49 4.29187 -3 0 0 110
6 6 50 4.29187 -3 0 0 66
6 6 51 4.29187 -3 0 0 117
6 6 52 4.29187 -3 0 0 139
6 6 53 4.29187 -3 0 0 55
6 6 54 4.29187 -3 0 0 81
6 6 55 4.29187 -3 0 0 119
6 6 56 4.29187 -3 0 0 81
6 6 57 4.29187 -3 0 0 102
6 6 58 4.29187 -3 0 0 81
6 6 59 4.29187 -3 0 0 167
6 6 60 4.29187 -3 0 0 77
6 6 61 4.29187 -3 0 0 138
6 6 62 4.29187 -3 0 0 130
6 6 63 4.29187 -3 0 0 90
6 7 0 4.40982 -3 0 0 139
6 7 1 4.40982 -3 0 0 106
6 7 2 4.40982 -3 0 0 117
6 7 3 4.40982 -3 0 0 159
6 7 4 4.40982 -3 0 0 120
6 7 5 4.40982 -3 0 0 95
6 7 6 4.40982 -3 0 0 131
6 7 7 4.40982 -3 0 0 162
6 7 8 4.40982 -3 0 0 108
6 7 9 4.40982 -3 0 0 116
6 7 10 4.40982 -3 0 0 123
6 7 11 4.40982 -3 0 0 138
6 7 12 4.40982 -3 0 0 134
6 7 13 4.40982 -3 0 0 187
6 7 14 4.40982 -3 0 0 128
6 7 15 4.40982 -3 0 0 139
6 7 16 4.40982 -3 0 0 140
6 7 17 4.40982 -3 0 0 119
6 7 18 4.40982 -3 0 0 132
6 7 19 4.40982 -3 0 0 174
6 7 20 4.40982 -3 0 0 170
6 7 21 4.40982 -3 0 0 137
6 7 22 4.40982 -3 0 0 132
6 7 23 5.14967 0.622744 0.655374 0.137569 201
6 7 24 4.40982 -3 0 0 115
6 7 25 4.64391 1.16945 0.761573 0.221594 212
6 7 26 4.40982 -3 0 0 131
6 7 27 2 11.8307 5 0.436494 237
6 7 28 4.40982 -3 0 0 180
6 7 29 4.40982 -3 0 0 141
6 7 30 4.40982 -3 0 0 180
6 7 31 4.01525 0.484051 1.03542 0.0858022 305
6 7 32 5.07616 0.560374 0.627192 0.139577 308
6 7 33 4.41219 0.969954 0.350981 0.42588 236
6 7 34 4.40982 -3 0 0 184
6 7 35 4.24099 0.443856 0.873717 0.122539 495
6 7 36 4.40982 -3 0 0 181
6 7 37 4.40982 -3 0 0 173
6 7 38 4.48595 0.731539 0.572889 0.0974482 666
6 7 39 6 -2 0 0 816
6 7 40 4.40982 -3 0 0 177
6 7 41 7 -2 0 0 350
6 7 42 3.81333 0.526298 0.823057 0.200585 239
6 7 43 4.40982 -3 0 0 184
6 7 44 4.60917 0.565518 0.648476 0.0549306 498
6 7 45 6.45742 0.703948 0.558415 0.421143 404
6 7 46 5.07273 0.46738 0.889308 0.0403795 219
6 7 47 5.10243 0.554473 0.956537 0.0979876 1142
6 7 48 4.73456 0.572934 0.400857 0.128127 279
6 7 49 5.62629 0.854475 0.501205 0.401067 245
6 7 50 4.54561 0.487222 0.531466 0.199143 489
6 7 51 2 -2 0 0 489
6 7 52 7 -2 0 0 233
6 7 53 4.88794 0.483628 0.699346 0.0920497 895
6 7 54 4.08146 0.556582 0.854706 0.112195 561
6 7 55 3.43482 0.540589 0.792496 0.164904 324
6 7 56 4.99353 0.680127 0.572791 0.147902 701
6 7 57 3.57038 0.414603 0.979322 0.070822 620
6 7 58 3.02536 0.682033 1.03391 0.406776 437
6 7 59 6.21973 1.07345 0.46576 0.334557 249
6 7 60 3.57344 1.13017 0.482522 0.428941 823
6 7 61 3 -2 0 0 426
6 7 62 3.72051 1.13663 0.50747 0.167166 324
6 7 63 5.74914 0.584727 0.830989 0.231236 405
6 8 0 4.13433 -3 0 0 44
6 8 1 4.13433 -3 0 0 102
6 8 2 4.13433 -3 0 0 133
6 8 3 4.13433 -3 0 0 158
6 8 4 4.13433 -3 0 0 75
6 8 5 4.13433 -3 0 0 126
6 8 6 4.13433 -3 0 0 130
6 8 7 6.47109 0.881828 0.481596 0.302286 230
6 8 8 4.13433 -3 0 0 140
6 8 9 4.13433 -3 0 0 158
6 8 10 4.13433 -3 0 0 159
6 8 11 4.13433 -3 0 0 163
6 8 12 4.13433 -3 0 0 163
6 8 13 7.60431 0.966549 2.35769 0.610197 224
6 8 14 4.13433 -3 0 0 138
6 8 15 3.36799 1.27326 1.59963 0.401781 222
6 8 16 4.13433 -3 0 0 170
6 8 17 4.13433 -3 0 0 138
6 8 18 4.13433 -3 0 0 195
6 8 19 5.19317 0.531418 0.934795 0.266799 267
6 8 20 3.53211 1.25193 0.380063 0.394572 218
6 8 21 4.13433 -3 0 0 106
6 8 22 4.13433 -3 0 0 128
6 8 23 4.13433 -3 0 0 54
6 8 24 4.13433 -3 0 0 129
6 8 25 4.57511 0.623589 1.31016 0.178577 313
6 8 26 4.13433 -3 0 0 144
6 8 27 4.13433 -3 0 0 108
6 8 28 3.84987 0.52902 1.22862 0.110765 288
6 8 29 4.13433 -3 0 0 199
6 8 30 4.13433 -3 0 0 58
6 8 31 5.21563 0.788828 1.50648 0.221474 209
6 8 32 2 10.2518 1.89709 0.507336 370
6 8 33 4.13433 -3 0 0 70
6 8 34 4.13433 -3 0 0 189
6 8 35 5.64219 0.641714 0.83746 0.220596 663
6 8 36 6.20428 0.676209 0.818569 0.35588 308
6 8 37 4.13433 -3 0 0 66
6 8 38 5.02923 0.44405 1.01205 0.0663927 574
6 8 39 4.41766 0.484114 1.41564 0.231424 613
6 8 40 4.13433 -3 0 0 51
6 8 41 4.69351 0.630176 0.585254 0.0708058 503
6 8 42 4.13433 -3 0 0 74
6 8 43 4.13433 -3 0 0 57
6 8 44 4.73598 0.627405 0.680284 0.0496117 656
6 8 45 4.12505 0.600443 0.628423 0.0560371 412
6 8 46 4.13433 -3 0 0 58
6 8 47 3.04018 1.7422 1.74972 0.100851 1561
6 8 48 4.13433 -3 0 0 79
6 8 49 4.13433 -3 0 0 86
6 8 50 4.13433 -3 0 0 177
6 8 51 3.67231 0.366871 0.896298 0.177463 423
6 8 52 4.13433 -3 0 0 84
6 8 53 3.69894 0.671678 1.34052 0.047485 1026
6 8 54 5.55091 0.800103 0.670056 0.207883 464
6 8 55 4.13433 -3 0 0 150
6 8 56 2.24877 11.4102 2.0711 0.22136 604
6 8 57 4.17541 0.628617 0.672515 0.0444989 523
6 8 58 3.55723 1.19054 0.526549 0.148435 227
6 8 59 4.13433 -3 0 0 80
6 8 60 3.62651 0.509114 0.838632 0.0694251 837
6 8 61 4.13433 -3 0 0 131
6 8 62 4.13433 -3 0 0 153
6 8 63 4.13433 -3 0 0 144
6 9 0 0 -10 0 0 0
6 9 1 0 -10 0 0 0
6 9 2 0 -10 0 0 0
6 9 3 0 -10 0 0 0
6 9 4 0 -10 0 0 0
6 9 5 0 -10 0 0 0
6 9 6 0 -10 0 0 0
6 9 7 0 -10 0 0 0
6 9 8 0 -10 0 0 0
6 9 9 0 -10 0 0 0
6 9 10 0 -10 0 0 0
6 9 11 0 -10 0 0 0
6 9 12 0 -10 0 0 0
6 9 13 0 -10 0 0 0
6 9 14 0 -10 0 0 0
6 9 15 0 -10 0 0 0
6 9 16 0 -10 0 0 0
6 9 17 0 -10 0 0 0
6 9 18 0 -10 0 0 0
6 9 19 0 -10 0 0 0
6 9 20 0 -10 0 0 0
6 9 21 0 -10 0 0 0
6 9 22 0 -10 0 0 0
6 9 23 0 -10 0 0 0
6 9 24 0 -10 0 0 0
6 9 25 0 -10 0 0 0
6 9 26 0 -10 0 0 0
6 9 27 0 -10 0 0 0
6 9 28 0 -10 0 0 0
6 9 29 0 -10 0 0 0
6 9 30 0 -10 0 0 0
6 9 31 0 -10 0 0 0
6 9 32 0 -10 0 0 0
6 9 33 0 -10 0 0 0
6 9 34 0 -10 0 0 0
6 9 35 0 -10 0 0 0
6 9 36 0 -10 0 0 0
6 9 37 0 -10 0 0 0
6 9 38 0 -10 0 0 0
6 9 39 0 -10 0 0 0
6 9 40 0 -10 0 0 0
6 9 41 0 -10 0 0 0
6 9 42 0 -10 0 0 0
6 9 43 0 -10 0 0 0
6 9 44 0 -10 0 0 0
6 9 45 0 -10 0 0 0
6 9 46 0 -10 0 0 0
6 9 47 0 -10 0 0 0
6 9 48 0 -10 0 0 0
6 9 49 0 -10 0 0 0
6 9 50 0 -10 0 0 0
6 9 51 0 -10 0 0 0
6 9 52 0 -10 0 0 0
6 9 53 0 -10 0 0 0
6 9 54 0 -10 0 0 0
6 9 55 0 -10 0 0 0
6 9 56 0 -10 0 0 0
6 9 57 0 -10 0 0 0
6 9 58 0 -10 0 0 0
6 9 59 0 -10 0 0 0
6 9 60 0 -10 0 0 0
6 9 61 0 -10 0 0 0
6 9 62 0 -10 0 0 0
6 9 63 0 -10 0 0 0
6 10 0 3.74138 -3 0 0 199
6 10 1 3.74138 -3 0 0 104
6 10 2 3.68476 0.878502 0.423278 0.192652 265
6 10 3 2.92657 0.512858 0.809601 0.229166 339
6 10 4 3.74138 -3 0 0 172
6 10 5 4.563 0.63917 0.387126 0.294143 206
6 10 6 4.43305 0.827324 0.268257 0.240383 274
6 10 7 2.34658 1.67847 0.983971 0.367003 607
6 10 8 3.74138 -3 0 0 153
6 10 9 3.10556 0.746826 1.0398 0.0992344 304
6 10 10 4.0168 0.509338 1.20115 0.0845867 356
6 10 11 3.74138 -3 0 0 168
6 10 12 4.87149 0.435415 0.729209 0.189251 269
6 10 13 4.45087 0.551245 1.31257 0.395262 564
6 10 14 2.58218 1.65203 0.497692 0.388432 210
6 10 15 5.10132 0.668733 0.918902 0.240875 397
6 10 16 3.05797 1.78756 1.21456 0.15705 543
6 10 17 3.74138 -3 0 0 142
6 10 18 4.66394 0.605786 0.628856 0.156916 344
6 10 19 3.63335 0.752258 1.45749 0.094773 601
6 10 20 3.17035 1.64566 0.607606 0.298262 281
6 10 21 5.19948 0.752504 0.406597 0.266536 258
6 10 22 4 -2 0 0 403
6 10 23 3.71706 0.441905 1.01105 0.109657 240
6 10 24 3.74138 -3 0 0 162
6 10 25 3.44302 1.13886 0.861749 0.0796844 827
6 10 26 3.74138 -3 0 0 105
6 10 27 3.92607 0.434772 1.03339 0.131974 438
6 10 28 4.51489 0.450935 0.631003 0.266076 524
6 10 29 3.74138 -3 0 0 171
6 10 30 3.74138 -3 0 0 89
6 10 31 5.23244 0.634326 0.505935 0.362359 1088
6 10 32 2 11.9729 1.5468 0.0485035 681
6 10 33 4.34935 0.498878 0.933631 0.0770557 489
6 10 34 5.30642 0.522276 0.787265 0.213039 215
6 10 35 5.66924 1.39972 1.19336 0.685848 1194
6 10 36 5.1219 0.528553 0.52944 0.164061 410
6 10 37 3.37204 0.60358 1.23214 0.169472 274
6 10 38 4.69659 0.518781 0.695064 0.0526787 1444
6 10 39 3.22471 0.996752 1.22459 0.0905411 730
6 10 40 3.74138 -3 0 0 137
6 10 41 2.66485 1.55437 0.817578 0.10529 524
6 10 42 3.64612 0.391161 0.846629 0.262283 241
6 10 43 4.215 0.551353 0.573484 0.0899274 284
6 10 44 3.61745 0.391483 1.15958 0.0906629 1205
6 10 45 3 -2 0 0 380
6 10 46 3.74138 -3 0 0 117
6 10 47 4.28636 0.382227 1.12427 0.0608344 2155
6 10 48 4.60522 0.456187 0.669699 0.587367 227
6 10 49 3.74138 -3 0 0 177
6 10 50 5.21782 0.458369 0.994764 0.0901946 513
6 10 51 3.28568 1.10824 1.06042 0.237999 377
6 10 52 3.71791 0.443815 0.953902 0.287579 304
6 10 53 2 -2 0 0 1254
6 10 54 3.2453 1.6557 0.883989 0.201834 793
6 10 55 6.33795 0.535305 0.200759 0.331414 332
6 10 56 3.90151 0.588452 1.00268 0.0655597 486
6 10 57 4.76184 0.580821 0.836998 0.0984522 399
6 10 58 3 -2 0 0 349
6 10 59 3.74138 -3 0 0 98
6 10 60 2 2.34651 1.32843 0.237006 966
6 10 61 2.07379 8.20787 0.928077 0.119226 386
6 10 62 3.18344 1.16951 0.387006 0.323139 271
6 10 63 2 12.6001 1.13355 0.0487495 391
6 11 0 5.04031 0.62511 1.00811 0.111861 790
6 11 1 3.83781 0.480781 0.780653 0.0625011 480
6 11 2 5 -2 0 0 410
6 11 3 4.47246 -3 0 0 180
6 11 4 4.47246 -3 0 0 163
6 11 5 4.47246 -3 0 0 196
6 11 6 3.62281 0.50671 0.812485 0.0604617 314
6 11 7 4.47246 -3 0 0 76
6 11 8 6.53708 0.526564 1.01215 0.257159 316
6 11 9 4.47246 -3 0 0 181
6 11 10 4.47246 -3 0 0 138
6 11 11 2 2.59181 1.70984 0.389296 253
6 11 12 4.47246 -3 0 0 177
6 11 13 4.47246 -3 0 0 82
6 11 14 3.98783 0.595274 1.24986 0.0875298 612
6 11 15 4.47246 -3 0 0 131
6 11 16 4.47246 -3 0 0 131
6 11 17 5.37976 0.695192 0.353919 0.199988 407
6 11 18 4.47246 -3 0 0 184
6 11 19 4.47246 -3 0 0 136
6 11 20 4.47246 -3 0 0 176
6 11 21 7 -2 0 0 224
6 11 22 4.47246 -3 0 0 103
6 11 23 4.47246 -3 0 0 119
6 11 24 5.33101 0.712536 0.717725 0.139822 285
6 11 25 4.47246 -3 0 0 82
6 11 26 6.66272 0.685125 1.01813 0.352836 568
6 11 27 4.47246 -3 0 0 75
6 11 28 4.47246 -3 0 0 92
6 11 29 4.47246 -3 0 0 98
6 11 30 4.47246 -3 0 0 38
6 11 31 4.47246 -3 0 0 71
6 11 32 4.47246 -3 0 0 77
6 11 33 4.47246 -3 0 0 159
6 11 34 6.11384 0.857773 0.755782 0.114104 525
6 11 35 4.47246 -3 0 0 26
6 11 36 4.47246 -3 0 0 41
6 11 37 4.47246 -3 0 0 71
6 11 38 4.47246 -3 0 0 74
6 11 39 4.47246 -3 0 0 50
6 11 40 4.47246 -3 0 0 78
6 11 41 4.47246 -3 0 0 117
6 11 42 4.47246 -3 0 0 51
6 11 43 4.47246 -3 0 0 114
6 11 44 4.47246 -3 0 0 17
6 11 45 4.47246 -3 0 0 32
6 11 46 5.29361 0.723213 1.05513 0.338654 251
6 11 47 4.47246 -3 0 0 74
6 11 48 4.47246 -3 0 0 36
6 11 49 4.47246 -3 0 0 81
6 11 50 4.47246 -3 0 0 3
6 11 51 4.47246 -3 0 0 142
6 11 52 4.47246 -3 0 0 106
6 11 53 4.47246 -3 0 0 51
6 11 54 4.47246 -3 0 0 75
6 11 55 2.22888 7.29371 0.852669 0.497116 211
6 11 56 4.47246 -3 0 0 54
6 11 57 4.47246 -3 0 0 91
6 11 58 4.47246 -3 0 0 61
6 11 59 4.56367 0.536641 0.793851 0.0254485 548
6 11 60 4.47246 -3 0 0 51
6 11 61 4.47246 -3 0 0 136
6 11 62 2 2.93761 1.5872 0.216742 291
6 11 63 3 -2 0 0 312
6 12 0 2.39556 1.18756 0.807453 0.715775 365
6 12 1 5.94955 0.618412 0.374031 0.346816 421
6 12 2 5.70429 0.691815 0.890433 0.362866 499
6 12 3 4 -2 0 0 493
6 12 4 4.56824 -3 0 0 99
6 12 5 4.17025 0.501607 1.27616 0.209684 268
6 12 6 4 -2 0 0 410
6 12 7 3.82163 0.596149 1.51789 0.122533 1789
6 12 8 3.45322 0.547719 1.10501 0.160493 377
6 12 9 4.25079 0.750429 0.828178 0.0920928 1002
6 12 10 4.67965 0.464147 0.587867 0.116436 1471
6 12 11 5.96864 0.500109 0.272743 0.588317 204
6 12 12 5.79049 0.764159 0.581609 0.3597 369
6 12 13 4.23489 0.446865 1.3177 0.127061 659
6 12 14 3.66946 0.529714 0.718606 0.192628 211
6 12 15 5.10481 0.515218 0.656688 0.184721 461
6 12 16 4.6093 0.593771 1.14833 0.266202 1756
6 12 17 4.56824 -3 0 0 133
6 12 18 2.95165 1.2531 0.7485 0.878852 306
6 12 19 4.53456 0.444496 0.776802 0.0786405 866
6 12 20 4.56824 -3 0 0 79
6 12 21 5.3823 0.584518 0.808955 0.104663 716
6 12 22 5.13747 0.466219 0.510404 0.0843098 984
6 12 23 4.56824 -3 0 0 84
6 12 24 5.98725 0.65165 0.577372 0.321222 310
6 12 25 4.23636 0.404057 1.27608 0.173204 1098
6 12 26 4.1484 0.784733 0.642545 0.514603 311
6 12 27 5.08851 0.573471 0.861378 0.155162 463
6 12 28 4.94133 0.446113 0.901791 0.116153 494
6 12 29 5.58503 0.596913 0.571592 0.347498 221
6 12 30 4.56824 -3 0 0 169
6 12 31 5.60428 0.54296 1.23023 0.213348 939
6 12 32 5.94181 0.593619 0.637836 0.305239 406
6 12 33 4.81427 0.656917 0.959789 0.279079 446
6 12 34 4.56824 -3 0 0 145
6 12 35 2 -2 0 0 796
6 12 36 4.56824 -3 0 0 87
6 12 37 4.56824 -3 0 0 72
6 12 38 4.8974 0.912018 0.772166 0.229814 526
6 12 39 4.82398 0.445189 1.14294 0.0973279 282
6 12 40 4.56824 -3 0 0 81
6 12 41 2 -2 0 0 535
6 12 42 4.56824 -3 0 0 91
6 12 43 4.56824 -3 0 0 145
6 12 44 7.56585 0.42394 0.869145 0.549965 339
6 12 45 5.27324 1.03247 0.396176 0.361273 314
6 12 46 4.56824 -3 0 0 140
6 12 47 5.65791 0.531717 1.14076 0.213501 490
6 12 48 5.32759 0.538667 0.643872 0.210919 216
6 12 49 4.56824 -3 0 0 156
6 12 50 4.56824 -3 0 0 258
6 12 51 4.56824 -3 0 0 125
6 12 52 4.56824 -3 0 0 140
6 12 53 6.57495 0.602805 1.51761 0.280474 371
6 12 54 4.56824 -3 0 0 179
6 12 55 4.56824 -3 0 0 117
6 12 56 4.56824 -3 0 0 174
6 12 57 3.93706 1.5055 0.402226 0.444425 207
6 12 58 4.56824 -3 0 0 119
6 12 59 4.56824 -3 0 0 120
6 12 60 4.88922 0.946735 0.468802 0.552346 236
6 12 61 4.56824 -3 0 0 168
6 12 62 4.56824 -3 0 0 126
6 12 63 4.56824 -3 0 0 121
6 13 0 3 -2 0 0 309
6 13 1 3.60889 -3 0 0 200
6 13 2 2 10.4759 1.55497 0.265947 245
6 13 3 3.60889 -3 0 0 74
6 13 4 3.60889 -3 0 0 89
6 13 5 3.60889 -3 0 0 113
6 13 6 3.60889 -3 0 0 150
6 13 7 3.60889 -3 0 0 39
6 13 8 3.60889 -3 0 0 186
6 13 9 3.60889 -3 0 0 93
6 13 10 3.60889 -3 0 0 65
6 13 11 3.60889 -3 0 0 103
6 13 12 3.60889 -3 0 0 100
6 13 13 3.60889 -3 0 0 78
6 13 14 5.13153 0.456694 0.684774 0.227192 381
6 13 15 3.60889 -3 0 0 77
6 13 16 3.60889 -3 0 0 112
6 13 17 4 -2 0 0 248
6 13 18 3.60889 -3 0 0 84
6 13 19 3.60889 -3 0 0 69
6 13 20 3.60889 -3 0 0 142
6 13 21 3.60889 -3 0 0 149
6 13 22 3.60889 -3 0 0 125
6 13 23 3.60889 -3 0 0 84
6 13 24 4.39168 0.544831 0.56456 0.14404 224
6 13 25 3.60889 -3 0 0 102
6 13 26 2 8.91775 2.89175 0.578067 343
6 13 27 3.60889 -3 0 0 31
6 13 28 3.60889 -3 0 0 88
6 13 29 3 -2 0 0 203
6 13 30 3.60889 -3 0 0 110
6 13 31 3.60889 -3 0 0 80
6 13 32 3.60889 -3 0 0 59
6 13 33 3.60889 -3 0 0 86
6 13 34 3.84542 0.464617 1.01477 0.138549 354
6 13 35 3.60889 -3 0 0 60
6 13 36 3.60889 -3 0 0 125
6 13 37 3.60889 -3 0 0 197
6 13 38 3.60889 -3 0 0 115
6 13 39 5.51172 1.29575 0.658071 0.227337 247
6 13 40 3.60889 -3 0 0 174
6 13 41 3.60889 -3 0 0 124
6 13 42 4.94018 0.604005 0.641725 0.128218 247
6 13 43 4.55669 0.804848 0.496014 0.319079 290
6 13 44 3.60889 -3 0 0 136
6 13 45 3.60889 -3 0 0 160
6 13 46 3.85607 0.809102 0.533805 0.0920122 392
6 13 47 3.60889 -3 0 0 103
6 13 48 3.60889 -3 0 0 138
6 13 49 7.75629 0.765301 0.341909 0.55473 299
6 13 50 3.60889 -3 0 0 153
6 13 51 2.83063 1.56277 0.788295 0.104937 516
6 13 52 3.43708 0.813872 1.27473 0.211485 318
6 13 53 3.60889 -3 0 0 167
6 13 54 2.95387 0.488274 0.752035 0.195535 242
6 13 55 2.63097 1.52919 1.15031 0.276981 473
6 13 56 3.98292 0.571762 0.815329 0.126045 287
6 13 57 2 10.7007 3.05326 0.416825 383
6 13 58 2 -2 0 0 224
6 13 59 4.84866 0.666394 0.505398 0.101777 638
6 13 60 3.60889 -3 0 0 198
6 13 61 3 -2 0 0 747
6 13 62 3 -2 0 0 670
6 13 63 3.46433 0.672137 0.664336 0.0563715 327
6 14 0 5.39682 0.490211 0.902838 0.261139 332
6 14 1 7 -2 0 0 283
6 14 2 3.75704 0.768351 0.77573 0.0587533 312
6 14 3 3.4947 0.487142 0.764793 0.119662 435
6 14 4 4.32915 0.7296 0.284846 0.3092 319
6 14 5 5.10324 0.670536 0.891554 0.221235 418
6 14 6 2.58459 1.60307 1.18986 0.418629 625
6 14 7 4.02117 0.971378 0.760634 0.189704 794
6 14 8 5.4044 0.822277 0.250729 0.196571 230
6 14 9 5.58673 0.607112 0.870144 0.248543 816
6 14 10 4.51257 0.467973 1.06252 0.156256 880
6 14 11 4.24992 -3 0 0 198
6 14 12 3.46416 1.44052 0.849322 0.126475 340
6 14 13 2.73236 1.57828 0.541358 0.570308 480
6 14 14 5.22532 1.01424 0.826933 0.331631 228
6 14 15 7.36958 0.57153 1.06112 0.42699 424
6 14 16 3.20808 1.80741 1.12479 0.149717 1098
6 14 17 4.48634 0.424167 0.72018 0.287272 210
6 14 18 6 -2 0 0 334
6 14 19 4.22334 0.63774 0.717932 0.0593237 569
6 14 20 4.24992 -3 0 0 177
6 14 21 4.74981 0.536873 0.806444 0.0897876 685
6 14 22 4.92943 0.931845 0.469041 0.293296 503
6 14 23 4.24992 -3 0 0 125
6 14 24 4.26573 0.528537 0.999931 0.132713 260
6 14 25 6.24666 1.22847 1.11931 0.394893 443
6 14 26 4.24992 -3 0 0 190
6 14 27 4.26414 0.655374 0.975342 0.0598343 235
6 14 28 8 -2 0 0 378
6 14 29 4.24992 -3 0 0 141
6 14 30 5.79868 0.591523 0.452399 0.20769 223
6 14 31 2.96383 1.49455 1.54313 0.412337 343
6 14 32 4.52647 0.588016 0.851878 0.152012 232
6 14 33 4.24992 -3 0 0 179
6 14 34 4.24992 -3 0 0 187
6 14 35 2 8.17739 1.8957 0.262434 208
6 14 36 4.24992 -3 0 0 159
6 14 37 4.24992 -3 0 0 66
6 14 38 4.24992 -3 0 0 185
6 14 39 4.24992 -3 0 0 152
6 14 40 4.24992 -3 0 0 127
6 14 41 4.58892 0.617402 1.02793 0.249615 204
6 14 42 4.24992 -3 0 0 175
6 14 43 4.24992 -3 0 0 132
6 14 44 4.24992 -3 0 0 158
6 14 45 4.24992 -3 0 0 131
6 14 46 4.24992 -3 0 0 105
6 14 47 0 -10 0 0 0
6 14 48 4.24992 -3 0 0 179
6 14 49 4.24992 -3 0 0 98
6 14 50 4.24992 -3 0 0 126
6 14 51 4.24992 -3 0 0 49
6 14 52 4.24992 -3 0 0 100
6 14 53 4.24992 -3 0 0 158
6 14 54 4.24992 -3 0 0 108
6 14 55 4.24992 -3 0 0 72
6 14 56 4.24992 -3 0 0 125
6 14 57 4.24992 -3 0 0 96
6 14 58 4.24992 -3 0 0 109
6 14 59 4.24992 -3 0 0 82
6 14 60 4.24992 -3 0 0 99
6 14 61 4.24992 -3 0 0 100
6 14 62 4.24992 -3 0 0 125
6 14 63 4.24992 -3 0 0 119
6 15 0 4.28233 -3 0 0 93
6 15 1 4.28233 -3 0 0 53
6 15 2 4.28233 -3 0 0 56
6 15 3 4.28233 -3 0 0 50
6 15 4 4.28233 -3 0 0 86
6 15 5 4.28233 -3 0 0 49
6 15 6 4.28233 -3 0 0 44
6 15 7 4.28233 -3 0 0 31
6 15 8 4.28233 -3 0 0 64
6 15 9 4.28233 -3 0 0 42
6 15 10 4.28233 -3 0 0 38
6 15 11 4.28233 -3 0 0 105
6 15 12 4.28233 -3 0 0 48
6 15 13 4.28233 -3 0 0 61
6 15 14 4.28233 -3 0 0 87
6 15 15 4.28233 -3 0 0 63
6 15 16 4.28233 -3 0 0 17
6 15 17 4.28233 -3 0 0 109
6 15 18 4.28233 -3 0 0 53
6 15 19 4.28233 -3 0 0 23
6 15 20 4.28233 -3 0 0 33
6 15 21 4.28233 -3 0 0 41
6 15 22 4.28233 -3 0 0 56
6 15 23 4.28233 -3 0 0 94
6 15 24 4.28233 -3 0 0 100
6 15 25 4.28233 -3 0 0 40
6 15 26 4.28233 -3 0 0 108
6 15 27 4.28233 -3 0 0 61
6 15 28 4.28233 -3 0 0 57
6 15 29 4.28233 -3 0 0 160
6 15 30 4.28233 -3 0 0 51
6 15 31 4.28233 -3 0 0 36
6 15 32 4.28233 -3 0 0 50
6 15 33 4.28233 -3 0 0 70
6 15 34 4.28233 -3 0 0 141
6 15 35 4.28233 -3 0 0 65
6 15 36 4.28233 -3 0 0 53
6 15 37 4.28233 -3 0 0 121
6 15 38 4.28233 -3 0 0 62
6 15 39 4.28233 -3 0 0 70
6 15 40 4.28233 -3 0 0 42
6 15 41 4.28233 -3 0 0 78
6 15 42 4.28233 -3 0 0 116
6 15 43 4.28233 -3 0 0 128
6 15 44 4.28233 -3 0 0 111
6 15 45 4.28233 -3 0 0 62
6 15 46 4.94615 0.89862 0.312222 0.188467 201
6 15 47 4.28233 -3 0 0 67
6 15 48 4.28233 -3 0 0 63
6 15 49 4.28233 -3 0 0 117
6 15 50 4.28233 -3 0 0 85
6 15 51 4 -2 0 0 250
6 15 52 4.28233 -3 0 0 147
6 15 53 4.28233 -3 0 0 108
6 15 54 4.28233 -3 0 0 108
6 15 55 4.28233 -3 0 0 155
6 15 56 4.28233 -3 0 0 148
6 15 57 4.28233 -3 0 0 151
6 15 58 4.28233 -3 0 0 108
6 15 59 4.28233 -3 0 0 199
6 15 60 4.28233 -3 0 0 92
6 15 61 3 -2 0 0 272
6 15 62 3.38285 1.2201 0.459631 0.0618928 245
6 15 63 4.28233 -3 0 0 148
7 0 0 4.65128 -3 0 0 152
7 0 1 4.65128 -3 0 0 124
7 0 2 4.65128 -3 0 0 140
7 0 3 4.65128 -3 0 0 66
7 0 4 4.65128 -3 0 0 33
7 0 5 4.65128 -3 0 0 125
7 0 6 4.65128 -3 0 0 118
7 0 7 4.65128 -3 0 0 79
7 0 8 4.65128 -3 0 0 63
7 0 9 4.65128 -3 0 0 77
7 0 10 4.65128 -3 0 0 65
7 0 11 4.65128 -3 0 0 66
7 0 12 4.65128 -3 0 0 105
7 0 13 4.65128 -3 0 0 105
7 0 14 4.65128 -3 0 0 108
7 0 15 4.65128 -3 0 0 64
7 0 16 4.65128 -3 0 0 67
7 0 17 4.65128 -3 0 0 62
7 0 18 4.65128 -3 0 0 48
7 0 19 4.65128 -3 0 0 89
7 0 20 4.65128 -3 0 0 20
7 0 21 4.65128 -3 0 0 99
7 0 22 4.65128 -3 0 0 78
7 0 23 4 -2 0 0 228
7 0 24 4.65128 -3 0 0 78
7 0 25 4.65128 -3 0 0 108
7 0 26 4.65128 -3 0 0 111
7 0 27 4.65128 -3 0 0 72
7 0 28 4.65128 -3 0 0 122
7 0 29 4.65128 -3 0 0 102
7 0 30 4.65128 -3 0 0 23
7 0 31 4.65128 -3 0 0 124
7 0 32 4.65128 -3 0 0 125
7 0 33 4.65128 -3 0 0 71
7 0 34 5.36991 0.631038 0.730772 0.0769 317
7 0 35 4.65128 -3 0 0 111
7 0 36 4.65128 -3 0 0 26
7 0 37 4.65128 -3 0 0 80
7 0 38 4.65128 -3 0 0 155
7 0 39 5.38896 1.02613 0.617135 0.174388 285
7 0 40 4.65128 -3 0 0 30
7 0 41 4.65128 -3 0 0 137
7 0 42 4.65128 -3 0 0 58
7 0 43 4.71482 0.705257 0.491542 0.265327 250
7 0 44 4.65128 -3 0 0 194
7 0 45 4.65128 -3 0 0 84
7 0 46 5.27301 0.616571 0.930378 0.18283 359
7 0 47 4.65128 -3 0 0 191
7 0 48 3.35416 1.68583 1.1085 0.107946 202
7 0 49 5.48703 1.70856 0.563402 0.26346 271
7 0 50 4.65128 -3 0 0 78
7 0 51 5.49377 0.512831 0.952697 0.0335514 582
7 0 52 6.65858 0.6527 0.459779 0.372096 325
7 0 53 4.35271 0.507959 0.894818 0.167692 224
7 0 54 4.65128 -3 0 0 92
7 0 55 5.14598 0.858091 0.688055 0.177294 377
7 0 56 3 -2 0 0 408
7 0 57 2.58433 2.01374 1.36177 0.187234 484
7 0 58 2.94823 1.95342 0.853203 0.129652 295
7 0 59 6.12696 0.629221 0.674318 0.286188 428
7 0 60 4.65128 -3 0 0 165
7 0 61 5.09572 0.570276 0.880495 0.131307 732
7 0 62 6.04548 0.802634 0.430283 0.30958 515
7 0 63 3 -2 0 0 324
7 1 0 4.62589 0.48396 1.1019 0.0844843 613
7 1 1 5.40826 1.00289 0.649547 0.154752 684
7 1 2 4.35582 0.518856 0.985489 0.035825 785
7 1 3 4.95568 -3 0 0 200
7 1 4 4.74524 0.423973 0.943571 0.0851823 374
7 1 5 6.07072 0.488607 0.816595 0.152358 543
7 1 6 5.54225 0.66217 0.623601 0.210434 871
7 1 7 3.91265 0.442754 1.10053 0.138106 676
7 1 8 4.53028 0.592552 1.16056 0.105707 543
7 1 9 3.10146 0.80748 1.13874 0.318088 491
7 1 10 8 -2 0 0 305
7 1 11 5.64308 0.799051 1.03527 0.20482 350
7 1 12 5.23498 0.648767 0.688118 0.519354 562
7 1 13 4.95568 -3 0 0 180
7 1 14 5.12505 0.599702 1.11942 0.151767 466
7 1 15 4.95568 -3 0 0 125
7 1 16 5.29883 0.595392 0.432389 0.14937 557
7 1 17 4.40351 0.397426 0.897942 0.182747 333
7 1 18 6.74446 0.539024 0.369369 0.566488 422
7 1 19 4.44671 0.555658 1.50952 0.120112 553
7 1 20 6.34095 0.653656 0.967542 0.265182 287
7 1 21 7 -2 0 0 988
7 1 22 6.45383 0.642274 0.356586 0.522892 455
7 1 23 5.62003 0.620125 0.85503 0.351094 235
7 1 24 4.74275 0.463734 0.960512 0.268716 430
7 1 25 6.10109 0.502199 0.759214 0.173282 425
7 1 26 5.6759 0.687332 0.539347 0.372213 305
7 1 27 4.95568 -3 0 0 79
7 1 28 4.95568 -3 0 0 157
7 1 29 6.66719 0.55134 0.452521 0.343653 230
7 1 30 4.95568 -3 0 0 63
7 1 31 7 -2 0 0 305
7 1 32 4.43052 0.450659 1.1704 0.29897 265
7 1 33 5.2735 0.610163 0.609837 0.109629 222
7 1 34 6.12796 0.54745 0.797363 0.371945 241
7 1 35 4.83744 0.709231 1.41886 0.211748 205
7 1 36 4.95568 -3 0 0 44
7 1 37 4.95568 -3 0 0 176
7 1 38 4.95568 -3 0 0 171
7 1 39 4.95568 -3 0 0 132
7 1 40 4.95568 -3 0 0 172
7 1 41 4.95568 -3 0 0 177
7 1 42 4.95568 -3 0 0 170
7 1 43 5 -2 0 0 207
7 1 44 4.95568 -3 0 0 126
7 1 45 4.95568 -3 0 0 184
7 1 46 5.08198 0.769788 0.553206 0.235466 325
7 1 47 4.95568 -3 0 0 162
7 1 48 4.95568 -3 0 0 180
7 1 49 4.95568 -3 0 0 129
7 1 50 4.95568 -3 0 0 155
7 1 51 4.95568 -3 0 0 104
7 1 52 4.95568 -3 0 0 138
7 1 53 4.95568 -3 0 0 110
7 1 54 4.95568 -3 0 0 144
7 1 55 4.95568 -3 0 0 116
7 1 56 4.95568 -3 0 0 110
7 1 57 4.95568 -3 0 0 130
7 1 58 4.95568 -3 0 0 144
7 1 59 4.95568 -3 0 0 1
7 1 60 4.95568 -3 0 0 100
7 1 61 4.95568 -3 0 0 117
7 1 62 4.95568 -3 0 0 63
7 1 63 4.95568 -3 0 0 137
7 2 0 4.06103 0.403013 0.650456 0.354854 531
7 2 1 4.03808 0.58001 0.539452 0.0793822 385
7 2 2 3 -2 0 0 320
7 2 3 2.86417 1.09945 1.10413 0.183408 203
7 2 4 5.11127 0.572078 0.750008 0.238267 264
7 2 5 5.94026 0.676874 0.450295 0.393364 281
7 2 6 2.16971 10.7272 1.809 0.279784 288
7 2 7 4.09024 -3 0 0 129
7 2 8 3.22859 1.05906 0.374864 0.722183 359
7 2 9 4.09024 -3 0 0 169
7 2 10 4.09024 -3 0 0 173
7 2 11 2.42624 1.56866 1.1683 0.415669 406
7 2 12 4.13421 0.704054 0.919493 0.130491 278
7 2 13 4.09024 -3 0 0 147
7 2 14 3.85668 0.434785 1.18543 0.184768 647
7 2 15 4.09024 -3 0 0 194
7 2 16 4.09024 -3 0 0 127
7 2 17 7 -2 0 0 530
7 2 18 4.36631 0.428775 0.647155 0.241651 224
7 2 19 4.09024 -3 0 0 162
7 2 20 3.87512 0.393526 0.999751 0.197436 400
7 2 21 4.98421 0.740227 0.41923 0.324784 248
7 2 22 4.09024 -3 0 0 123
7 2 23 4.09024 -3 0 0 73
7 2 24 3.42939 0.969207 0.970121 0.0964648 434
7 2 25 4.09024 -3 0 0 118
7 2 26 5.10685 0.531725 0.994373 0.0780478 855
7 2 27 4.09024 -3 0 0 133
7 2 28 4.09024 -3 0 0 170
7 2 29 5.31465 0.582115 0.240105 0.105937 255
7 2 30 4.09024 -3 0 0 141
7 2 31 4.09024 -3 0 0 170
7 2 32 4.09024 -3 0 0 185
7 2 33 7 -2 0 0 230
7 2 34 3.9904 0.352428 1.23574 0.405511 625
7 2 35 4.09024 -3 0 0 160
7 2 36 4.09024 -3 0 0 119
7 2 37 4.09024 -3 0 0 133
7 2 38 4.09024 -3 0 0 182
7 2 39 4.76699 0.517874 0.725675 0.123407 393
7 2 40 4.13951 0.434397 1.2401 0.181716 379
7 2 41 4.09024 -3 0 0 179
7 2 42 4.09024 -3 0 0 149
7 2 43 5.34722 0.726597 0.506513 0.386928 462
7 2 44 2 9.98383 1.47717 0.255253 226
7 2 45 5.89413 0.519895 0.362494 0.4074 260
7 2 46 2 -2 0 0 578
7 2 47 7 -2 0 0 203
7 2 48 4.09024 -3 0 0 114
7 2 49 5 -2 0 0 352
7 2 50 2 8.75573 1.80092 0.279832 278
7 2 51 5.17524 0.629587 0.632354 0.122686 1043
7 2 52 2.5702 2.70355 0.99814 0.0732657 851
7 2 53 3.12123 0.311476 0.720354 0.551194 253
7 2 54 5.83883 0.578445 1.10875 0.203254 341
7 2 55 4.34804 0.480897 0.871256 0.0598552 809
7 2 56 3.23728 1.11345 0.66173 0.106351 568
7 2 57 3.92714 0.552855 1.22911 0.0610977 822
7 2 58 3.58282 0.5071 1.16733 0.193774 506
7 2 59 4.16778 0.395203 0.940746 0.0117474 1254
7 2 60 6.00875 0.667851 0.6897 0.356217 354
7 2 61 3.24508 1.14475 0.865077 0.0577555 1811
7 2 62 7.35357 0.841886 1.06031 0.572111 1315
7 2 63 4.33736 0.720297 0.660552 0.152549 594
7 3 0 4 -2 0 0 613
7 3 1 4.38927 0.801486 0.426102 0.0957869 536
7 3 2 5 -2 0 0 793
7 3 3 4.23002 0.831236 0.716138 0.149933 579
7 3 4 3.83081 -3 0 0 127
7 3 5 4.4891 0.66989 0.587946 0.128006 519
7 3 6 4 -2 0 0 867
7 3 7 2.63286 1.46435 1.20499 0.0193868 827
7 3 8 6.43019 0.741973 0.862516 0.429126 342
7 3 9 3.73447 0.624612 0.709586 0.0652042 655
7 3 10 6 -2 0 0 1185
7 3 11 4.51774 0.707058 0.419142 0.22224 284
7 3 12 3.43223 0.439852 0.744916 0.198879 597
7 3 13 3.68305 0.448248 1.1499 0.0670919 556
7 3 14 3.68313 0.63584 0.75778 0.109614 522
7 3 15 2 9.02127 1.41248 0.221654 274
7 3 16 4.33706 0.419428 1.14114 0.0560162 1259
7 3 17 7 -2 0 0 361
7 3 18 3.83081 -3 0 0 196
7 3 19 3.74299 0.592505 0.87999 0.169603 746
7 3 20 3.83081 -3 0 0 109
7 3 21 3.60602 0.438506 1.15997 0.121387 803
7 3 22 3.19238 1.19002 0.76889 0.168996 666
7 3 23 3.83081 -3 0 0 94
7 3 24 2 11.9362 1.41478 0.203531 409
7 3 25 3.03194 1.38199 0.854095 0.179877 769
7 3 26 4 -2 0 0 297
7 3 27 4.76128 0.448895 0.520247 0.267662 1250
7 3 28 5.17072 0.687223 0.301201 0.220746 218
7 3 29 3.83081 -3 0 0 123
7 3 30 3.83081 -3 0 0 163
7 3 31 4.58399 0.551192 0.820535 0.254285 616
7 3 32 5.1829 0.768851 0.215014 0.401704 381
7 3 33 3.83081 -3 0 0 136
7 3 34 6.10814 0.883751 1.08959 0.272539 411
7 3 35 4.8478 0.545835 0.721989 0.013893 606
7 3 36 3.83081 -3 0 0 106
7 3 37 3.83081 -3 0 0 127
7 3 38 6.51122 1.20463 2.63056 0.604653 394
7 3 39 4.55077 0.515422 0.944943 0.121566 234
7 3 40 3.83081 -3 0 0 80
7 3 41 2 10.8855 1.92311 0.247887 337
7 3 42 7.04792 1.17437 0.686654 0.810481 256
7 3 43 3.48369 0.511025 0.680624 0.151902 219
7 3 44 4.55862 0.529488 0.417824 0.460925 344
7 3 45 3.83081 -3 0 0 190
7 3 46 3.83081 -3 0 0 93
7 3 47 4.67973 0.934518 0.39532 0.0843155 246
7 3 48 3.98643 0.487719 0.88757 0.279223 323
7 3 49 4 -2 0 0 243
7 3 50 4.07447 0.584423 0.1 0.416208 201
7 3 51 3.39517 0.499003 0.72042 0.286037 213
7 3 52 5.19355 0.514865 0.667396 0.549363 268
7 3 53 3 -2 0 0 216
7 3 54 5.70993 0.448915 0.809692 0.506802 258
7 3 55 2.6801 1.99353 1.35323 0.108326 252
7 3 56 5.56833 0.718101 0.71581 0.129105 242
7 3 57 5 -2 0 0 655
7 3 58 4.29951 0.526401 0.485869 0.337623 253
7 3 59 3.02604 0.533496 0.753961 0.216101 247
7 3 60 3.83081 -3 0 0 114
7 3 61 2.31297 2.17979 0.302745 0.337968 249
7 3 62 4 -2 0 0 259
7 3 63 2 12.8295 0.860839 0.106529 225
7 4 0 5 -2 0 0 1987
7 4 1 5 -2 0 0 1238
7 4 2 2.95282 1.83267 1.60771 0.295861 299
7 4 3 4.65195 0.63397 0.451353 0.30922 307
7 4 4 4.21156 -3 0 0 108
7 4 5 4.59571 0.633005 0.681082 0.236691 226
7 4 6 3.01367 1.06351 1.27912 0.23219 576
7 4 7 2 -2 0 0 206
7 4 8 4.06001 0.553927 0.478406 0.0291313 370
7 4 9 3.69689 0.711876 0.583337 0.318373 376
7 4 10 4.16793 0.649877 1.22468 0.228185 264
7 4 11 4.21156 -3 0 0 188
7 4 12 3 -2 0 0 400
7 4 13 6.31132 0.411935 0.974484 0.125489 228
7 4 14 4.64329 0.407021 0.855303 0.101214 1664
7 4 15 4.21156 -3 0 0 95
7 4 16 6.07269 0.565552 1.06169 0.29602 220
7 4 17 7 -2 0 0 318
7 4 18 4.21156 -3 0 0 102
7 4 19 6 -2 0 0 209
7 4 20 4.21156 -3 0 0 61
7 4 21 4.08145 0.625557 1.03361 0.0583404 463
7 4 22 4.21156 -3 0 0 185
7 4 23 4.21156 -3 0 0 169
7 4 24 2 -2 0 0 1035
7 4 25 4.21156 -3 0 0 182
7 4 26 5.66327 0.720647 1.07065 0.264174 1331
7 4 27 4.21156 -3 0 0 75
7 4 28 4.21156 -3 0 0 112
7 4 29 4.17692 0.419085 0.573423 0.0632238 327
7 4 30 4.21156 -3 0 0 63
7 4 31 4.21156 -3 0 0 168
7 4 32 4.21156 -3 0 0 190
7 4 33 4.21156 -3 0 0 72
7 4 34 4.62452 0.837214 0.729654 0.122685 818
7 4 35 4.21156 -3 0 0 144
7 4 36 4.21156 -3 0 0 53
7 4 37 7 -2 0 0 217
7 4 38 4.21156 -3 0 0 163
7 4 39 4.658 0.59975 0.39866 0.47305 249
7 4 40 4.21156 -3 0 0 110
7 4 41 4.21156 -3 0 0 184
7 4 42 4.21156 -3 0 0 116
7 4 43 6.07725 0.835116 1.33676 0.37375 718
7 4 44 4.21156 -3 0 0 174
7 4 45 4.21156 -3 0 0 108
7 4 46 5.15672 0.595963 0.954933 0.104758 1025
7 4 47 4.21156 -3 0 0 99
7 4 48 4.21156 -3 0 0 78
7 4 49 6 -2 0 0 424
7 4 50 6.06923 1.0144 0.383092 0.54508 212
7 4 51 5.95957 0.528667 0.840324 0.236483 398
7 4 52 2.54701 1.76447 1.48849 0.212969 553
7 4 53 4.21156 -3 0 0 158
7 4 54 4.21156 -3 0 0 173
7 4 55 3.84665 0.453942 1.25609 0.0497372 449
7 4 56 4.5623 0.46636 1.14247 0.109358 250
7 4 57 3.60276 0.658703 0.801928 0.213305 360
7 4 58 2.27375 2.41161 1.0977 0.142009 258
7 4 59 4.85926 0.900758 1.04683 0.16868 795
7 4 60 4.21156 -3 0 0 158
7 4 61 6 -2 0 0 613
7 4 62 4.22429 0.442581 1.29169 0.175246 657
7 4 63 2.78938 1.34385 0.913422 0.165128 402
7 5 0 3.92688 0.512578 0.893705 0.105171 248
7 5 1 3.18021 1.24581 0.171292 0.369507 235
7 5 2 2.99287 0.537053 0.822352 0.0428364 283
7 5 3 3.79968 0.385235 0.787077 0.125635 359
7 5 4 3.54452 -3 0 0 81
7 5 5 3.7596 0.560858 0.661251 0.0959154 303
7 5 6 2.48122 1.49255 0.221606 0.307331 271
7 5 7 4.58857 0.688596 0.377328 0.0899547 369
7 5 8 3.90615 0.654469 0.573132 0.218291 271
7 5 9 4.67724 0.532297 0.661559 0.138323 279
7 5 10 3.39538 1.16071 0.237887 0.369104 289
7 5 11 5.45041 0.786918 0.499429 0.239624 303
7 5 12 2.98824 0.731963 0.787229 0.0992466 497
7 5 13 6.58723 1.03739 0.395752 0.345068 360
7 5 14 4.83302 0.492049 0.732609 0.288392 236
7 5 15 3.38583 1.11599 0.475322 0.109465 278
7 5 16 3.40442 0.465525 1.02642 0.0831095 375
7 5 17 4.97333 0.766381 0.149343 0.353969 309
7 5 18 3.60091 0.506167 0.759058 0.0183801 379
7 5 19 3.47467 1.86102 0.222828 0.603497 466
7 5 20 5.29482 0.868353 0.190594 0.230931 276
7 5 21 4.06444 0.797959 0.366836 0.20305 314
7 5 22 4.6854 0.830247 0.553165 0.0475791 323
7 5 23 5.65983 0.636146 0.680249 0.17179 282
7 5 24 3.54322 0.504424 0.38501 0.73654 213
7 5 25 4.69092 0.440456 0.59351 0.289942 585
7 5 26 3.3095 0.478461 0.67114 0.186 311
7 5 27 3.54452 -3 0 0 170
7 5 28 3.00489 0.441944 0.723921 0.536404 336
7 5 29 2 8.21493 1.43157 0.216431 261
7 5 30 7 -2 0 0 268
7 5 31 6.00894 0.71311 0.724213 0.323269 636
7 5 32 3.42412 0.518804 0.753453 0.0712132 639
7 5 33 3.37964 0.792044 1.06634 0.0915357 456
7 5 34 3.93582 0.560076 0.564601 0.124359 393
7 5 35 3.77946 0.567576 0.626295 0.136756 792
7 5 36 3.54452 -3 0 0 100
7 5 37 3.38177 1.10752 0.528207 0.2649 591
7 5 38 3.79085 0.387213 0.974532 0.0565963 946
7 5 39 3 -2 0 0 982
7 5 40 3.54452 -3 0 0 178
7 5 41 3 -2 0 0 515
7 5 42 3.54452 -3 0 0 182
7 5 43 2 8.37334 1.22888 0.0930215 371
7 5 44 4.42654 0.81959 0.592105 0.338804 659
7 5 45 3.85469 0.724933 0.548684 0.240578 774
7 5 46 2.3127 1.10705 0.690745 0.335515 364
7 5 47 4.60795 0.521671 0.862214 0.106155 1237
7 5 48 6 -2 0 0 261
7 5 49 2.00004 10.6273 2.38279 0.247918 222
7 5 50 2 2.71453 1.39673 0.411002 1021
7 5 51 4.10491 0.445635 0.604685 0.0765778 675
7 5 52 3 -2 0 0 348
7 5 53 4.02988 0.563673 0.627934 0.100773 1034
7 5 54 5.62893 0.511885 0.765121 0.178058 529
7 5 55 4.79542 0.545709 0.637314 0.105823 562
7 5 56 3.4239 0.391939 0.963651 0.11715 872
7 5 57 2 12.0546 1.69979 0.254178 661
7 5 58 3.3467 0.426551 0.847719 0.0265443 558
7 5 59 4.17259 0.505976 0.645911 0.115968 365
7 5 60 3.25881 0.512484 0.744106 0.0669614 934
7 5 61 3 -2 0 0 458
7 5 62 2.71244 1.66283 0.516057 0.109327 483
7 5 63 2 9.59725 1.198 0.116896 482
7 6 0 4.92142 0.402968 0.784232 0.0729142 781
7 6 1 4.88363 0.618482 0.779521 0.183992 570
7 6 2 3.3262 0.697752 1.0669 0.30864 460
7 6 3 4.85943 -3 0 0 197
7 6 4 3.44758 0.483219 0.863643 0.441519 222
7 6 5 5.00554 0.50145 1.09273 0.0437452 259
7 6 6 3 -2 0 0 396
7 6 7 4.85943 -3 0 0 112
7 6 8 4.3906 0.490035 0.927035 0.0770363 390
7 6 9 4 -2 0 0 239
7 6 10 4.85943 -3 0 0 153
7 6 11 4.85943 -3 0 0 102
7 6 12 4.34775 0.895338 0.442688 0.165228 265
7 6 13 4.85943 -3 0 0 148
7 6 14 5.97898 1.19206 1.10092 0.327992 581
7 6 15 4.85943 -3 0 0 153
7 6 16 4.85943 -3 0 0 126
7 6 17 7.21872 0.178253 0.1 0.555665 345
7 6 18 4.85943 -3 0 0 188
7 6 19 4.85943 -3 0 0 136
7 6 20 4.85943 -3 0 0 128
7 6 21 3.72295 0.737482 1.3141 0.382605 301
7 6 22 4.85943 -3 0 0 133
7 6 23 3 -2 0 0 249
7 6 24 5.1767 0.722961 0.619599 0.149686 390
7 6 25 4.85943 -3 0 0 124
7 6 26 5.06541 0.57928 0.88748 0.0918313 443
7 6 27 4.85943 -3 0 0 116
7 6 28 4.85943 -3 0 0 111
7 6 29 4.85943 -3 0 0 93
7 6 30 4.85943 -3 0 0 154
7 6 31 4.85943 -3 0 0 110
7 6 32 4.85943 -3 0 0 99
7 6 33 4.85943 -3 0 0 123
7 6 34 5.57375 1.07564 0.70326 0.291498 351
7 6 35 4.85943 -3 0 0 109
7 6 36 4.85943 -3 0 0 126
7 6 37 6.18428 0.738303 0.17509 0.445302 203
7 6 38 4.85943 -3 0 0 54
7 6 39 4.85943 -3 0 0 107
7 6 40 4.85943 -3 0 0 132
7 6 41 4.85943 -3 0 0 106
7 6 42 4.85943 -3 0 0 134
7 6 43 4.85943 -3 0 0 130
7 6 44 4.85943 -3 0 0 78
7 6 45 4.85943 -3 0 0 111
7 6 46 5.12573 1.06561 0.637235 0.240953 305
7 6 47 4.85943 -3 0 0 63
7 6 48 4.85943 -3 0 0 90
7 6 49 4.85943 -3 0 0 131
7 6 50 4.85943 -3 0 0 86
7 6 51 4.85943 -3 0 0 124
7 6 52 4.85943 -3 0 0 171
7 6 53 4.85943 -3 0 0 72
7 6 54 4.85943 -3 0 0 90
7 6 55 4.85943 -3 0 0 144
7 6 56 4.85943 -3 0 0 116
7 6 57 4.85943 -3 0 0 115
7 6 58 4.85943 -3 0 0 108
7 6 59 4.85943 -3 0 0 184
7 6 60 4.85943 -3 0 0 83
7 6 61 4.85943 -3 0 0 144
7 6 62 4.85943 -3 0 0 185
7 6 63 4.85943 -3 0 0 121
7 7 0 4.51717 -3 0 0 137
7 7 1 4.51717 -3 0 0 121
7 7 2 4.51717 -3 0 0 107
7 7 3 4.51717 -3 0 0 130
7 7 4 4.51717 -3 0 0 164
7 7 5 4.51717 -3 0 0 139
7 7 6 4.51717 -3 0 0 115
7 7 7 4.51717 -3 0 0 145
7 7 8 4.51717 -3 0 0 131
7 7 9 4.51717 -3 0 0 114
7 7 10 4.51717 -3 0 0 145
7 7 11 4.51717 -3 0 0 170
7 7 12 4.51717 -3 0 0 155
7 7 13 5.78839 0.700466 0.459228 0.508197 220
7 7 14 4.51717 -3 0 0 118
7 7 15 4.51717 -3 0 0 200
7 7 16 4.51717 -3 0 0 131
7 7 17 4.51717 -3 0 0 151
7 7 18 4.51717 -3 0 0 87
7 7 19 3.45331 1.13585 0.760395 0.39504 213
7 7 20 4.51717 -3 0 0 107
7 7 21 4.51717 -3 0 0 120
7 7 22 4.51717 -3 0 0 142
7 7 23 4.51717 -3 0 0 132
7 7 24 4.51717 -3 0 0 108
7 7 25 2 11.733 2.58772 0.246337 255
7 7 26 4.51717 -3 0 0 157
7 7 27 4 -2 0 0 247
7 7 28 5.4233 0.637305 0.681288 0.254487 231
7 7 29 5.17087 0.446424 0.948095 0.180555 204
7 7 30 4.51717 -3 0 0 69
7 7 31 4.42068 0.526801 1.11967 0.401604 332
7 7 32 8 -2 0 0 328
7 7 33 5.72522 0.488532 1.07395 0.391759 323
7 7 34 2.99767 1.25272 1.30484 0.506886 207
7 7 35 5.37187 0.599741 1.70739 0.204282 445
7 7 36 4.51717 -3 0 0 123
7 7 37 4.77773 0.493857 0.871207 0.142613 264
7 7 38 3.50228 0.746283 1.27932 0.511113 695
7 7 39 5.23565 0.492534 0.815463 0.0986781 922
7 7 40 4.70445 0.710394 0.758257 0.297297 329
7 7 41 4.7966 1.12686 1.00132 0.299317 424
7 7 42 4.51717 -3 0 0 155
7 7 43 4.51717 -3 0 0 149
7 7 44 4.58959 0.614218 0.901489 0.0887383 617
7 7 45 2 -2 0 0 424
7 7 46 4.9178 0.570069 0.891291 0.0609258 284
7 7 47 5.02164 0.59559 0.838893 0.02617 1217
7 7 48 6.77385 1.04785 0.607189 0.68776 313
7 7 49 4.51717 -3 0 0 167
7 7 50 5.6377 0.676142 0.936246 0.21656 582
7 7 51 4.56051 0.481806 1.30367 0.0977192 692
7 7 52 5.13216 0.585258 0.901847 0.353894 310
7 7 53 4.33289 0.628367 0.90664 0.0532964 993
7 7 54 6.13661 0.498064 0.381236 0.33228 518
7 7 55 5.0881 0.6056 0.6475 0.202449 448
7 7 56 3.92634 0.595185 0.896686 0.193204 961
7 7 57 5.08042 0.774421 0.869904 0.109913 778
7 7 58 4.82882 0.621197 0.557461 0.222238 587
7 7 59 6.54486 0.616182 1.0515 0.47495 295
7 7 60 3.99993 0.734539 0.686426 0.0277618 945
7 7 61 2.55536 1.84235 1.44211 0.136584 625
7 7 62 4.87574 0.57772 0.635655 0.143811 444
7 7 63 2 -2 0 0 575
7 8 0 3.80571 -3 0 0 112
7 8 1 3.80571 -3 0 0 96
7 8 2 3.80571 -3 0 0 98
7 8 3 3.80571 -3 0 0 172
7 8 4 3.80571 -3 0 0 92
7 8 5 3.80571 -3 0 0 152
7 8 6 3.80571 -3 0 0 106
7 8 7 4.39945 0.4965 1.06352 0.0909699 236
7 8 8 3.80571 -3 0 0 120
7 8 9 3.80571 -3 0 0 160
7 8 10 3.80571 -3 0 0 6
7 8 11 3.80571 -3 0 0 167
7 8 12 3.80571 -3 0 0 147
7 8 13 2 -2 0 0 224
7 8 14 3.80571 -3 0 0 115
7 8 15 5.55174 0.546861 0.344329 0.545891 223
7 8 16 4.52819 0.769566 0.442311 0.156278 203
7 8 17 3.80571 -3 0 0 158
7 8 18 3.80571 -3 0 0 65
7 8 19 5.0181 0.632059 0.427804 0.274106 283
7 8 20 3.80571 -3 0 0 71
7 8 21 3.80571 -3 0 0 147
7 8 22 3.80571 -3 0 0 155
7 8 23 3.80571 -3 0 0 44
7 8 24 3.80571 -3 0 0 114
7 8 25 3.84145 0.543182 0.800545 0.0655734 357
7 8 26 3.80571 -3 0 0 139
7 8 27 3.80571 -3 0 0 189
7 8 28 3 -2 0 0 313
7 8 29 3.80571 -3 0 0 120
7 8 30 3.80571 -3 0 0 51
7 8 31 5.51661 0.67835 0.654209 0.14757 470
7 8 32 3.80571 -3 0 0 195
7 8 33 6.66594 1.14938 0.890779 0.449481 326
7 8 34 3.80571 -3 0 0 169
7 8 35 4.69464 0.481258 0.707527 0.171152 637
7 8 36 3.80571 -3 0 0 45
7 8 37 3.80571 -3 0 0 32
7 8 38 2 -2 0 0 973
7 8 39 3.17778 0.973357 0.487055 0.0598141 294
7 8 40 3.80571 -3 0 0 30
7 8 41 2 12.7676 3.13763 0.533122 242
7 8 42 3.80571 -3 0 0 79
7 8 43 3.91137 0.625669 0.953906 0.299871 205
7 8 44 2 1.62351 1.44035 0.61725 693
7 8 45 3.80571 -3 0 0 123
7 8 46 3.80571 -3 0 0 160
7 8 47 4.2548 0.736677 0.695871 0.169982 1377
7 8 48 3.80571 -3 0 0 68
7 8 49 2 9.4339 1.52291 0.510844 305
7 8 50 4.14097 0.615911 0.694882 0.0394851 445
7 8 51 6 -2 0 0 403
7 8 52 3.80571 -3 0 0 57
7 8 53 3.62324 0.405627 1.12227 0.0654688 946
7 8 54 3.80571 -3 0 0 155
7 8 55 4.46376 0.467242 0.873779 0.103524 356
7 8 56 3.74271 0.634416 0.980131 0.103315 689
7 8 57 4 -2 0 0 497
7 8 58 3.80571 -3 0 0 82
7 8 59 3.80571 -3 0 0 128
7 8 60 2 10.0884 1.88928 0.375508 599
7 8 61 3.39939 0.692528 0.702999 0.0691593 400
7 8 62 2.43071 2.62304 0.75968 0.256081 306
7 8 63 3.80571 -3 0 0 127
7 9 0 4.46927 0.610168 1.06491 0.0765158 412
7 9 1 3.51281 1.26753 0.506398 0.300925 325
7 9 2 4.4833 0.916217 0.485986 0.15016 233
7 9 3 4.13361 -3 0 0 51
7 9 4 4.13361 -3 0 0 30
7 9 5 4.13361 -3 0 0 148
7 9 6 4.13361 -3 0 0 197
7 9 7 4.13361 -3 0 0 81
7 9 8 4.13361 -3 0 0 161
7 9 9 4.13361 -3 0 0 71
7 9 10 4.13361 -3 0 0 56
7 9 11 4.13361 -3 0 0 137
7 9 12 4.13361 -3 0 0 118
7 9 13 4.13361 -3 0 0 70
7 9 14 5.37206 0.64991 0.937315 0.149611 295
7 9 15 4.13361 -3 0 0 26
7 9 16 4.13361 -3 0 0 84
7 9 17 4.13361 -3 0 0 164
7 9 18 4.13361 -3 0 0 34
7 9 19 4.13361 -3 0 0 75
7 9 20 4.13361 -3 0 0 20
7 9 21 4.13361 -3 0 0 86
7 9 22 4.13361 -3 0 0 90
7 9 23 4.13361 -3 0 0 33
7 9 24 3.69633 0.546364 1.08443 0.176705 250
7 9 25 4.13361 -3 0 0 55
7 9 26 4.28073 0.853782 0.505266 0.431549 267
7 9 27 4.13361 -3 0 0 34
7 9 28 4.13361 -3 0 0 45
7 9 29 4.13361 -3 0 0 147
7 9 30 4.13361 -3 0 0 45
7 9 31 4.13361 -3 0 0 51
7 9 32 4.13361 -3 0 0 70
7 9 33 4.13361 -3 0 0 21
7 9 34 4.13361 -3 0 0 121
7 9 35 4.13361 -3 0 0 56
7 9 36 4.13361 -3 0 0 22
7 9 37 4.13361 -3 0 0 22
7 9 38 4.13361 -3 0 0 48
7 9 39 4.13361 -3 0 0 71
7 9 40 4.13361 -3 0 0 12
7 9 41 4.13361 -3 0 0 64
7 9 42 4.13361 -3 0 0 39
7 9 43 4.13361 -3 0 0 59
7 9 44 4.13361 -3 0 0 45
7 9 45 4.13361 -3 0 0 26
7 9 46 4.13361 -3 0 0 186
7 9 47 4.13361 -3 0 0 38
7 9 48 4.13361 -3 0 0 69
7 9 49 4.13361 -3 0 0 87
7 9 50 4.13361 -3 0 0 65
7 9 51 4.13361 -3 0 0 92
7 9 52 4.13361 -3 0 0 122
7 9 53 4.13361 -3 0 0 45
7 9 54 4.13361 -3 0 0 59
7 9 55 4.13361 -3 0 0 114
7 9 56 4.13361 -3 0 0 62
7 9 57 4.13361 -3 0 0 68
7 9 58 4.13361 -3 0 0 74
7 9 59 4.13361 -3 0 0 139
7 9 60 4.13361 -3 0 0 39
7 9 61 4.13361 -3 0 0 109
7 9 62 4.13361 -3 0 0 120
7 9 63 4.13361 -3 0 0 81
7 10 0 4.28163 -3 0 0 156
7 10 1 4.28163 -3 0 0 196
7 10 2 7.24801 0.789325 1.34242 0.344373 241
7 10 3 3.81486 0.483889 1.31509 0.143802 362
7 10 4 4.28163 -3 0 0 108
7 10 5 4.16623 0.480763 1.04446 0.180333 273
7 10 6 5.31161 0.676106 0.439494 0.269254 245
7 10 7 2.68682 2.6499 1.44337 0.280597 561
7 10 8 4.48039 0.603711 0.896127 0.25101 217
7 10 9 3 -2 0 0 351
7 10 10 2 11.1622 1.42729 0.129197 209
7 10 11 4.20478 1.35253 0.58555 0.238713 254
7 10 12 3.74876 0.456941 0.830188 0.299653 270
7 10 13 4.28163 -3 0 0 192
7 10 14 4.28163 -3 0 0 189
7 10 15 7.08372 0.588352 0.4088 0.461592 316
7 10 16 3.34504 0.809926 1.22982 0.194636 549
7 10 17 4.7592 0.66632 0.737949 0.242329 244
7 10 18 5.67559 0.552839 0.508069 0.0965676 303
7 10 19 4.90599 0.495658 0.678697 0.109702 939
7 10 20 4.28163 -3 0 0 68
7 10 21 4.81883 0.437153 0.858594 0.131275 265
7 10 22 5.062 0.585706 0.210476 0.340163 241
7 10 23 4.28163 -3 0 0 72
7 10 24 6.03937 0.673125 0.207453 0.303573 220
7 10 25 2.62971 2.02474 1.38707 0.55037 713
7 10 26 5.44767 0.915017 0.546049 0.415084 208
7 10 27 4.28163 -3 0 0 101
7 10 28 4.28163 -3 0 0 167
7 10 29 4.3413 0.434183 1.08601 0.0866061 215
7 10 30 4.28163 -3 0 0 58
7 10 31 3.14477 2.05426 2.07135 0.0885003 801
7 10 32 5.17493 0.811999 0.1 0.713781 214
7 10 33 4.28163 -3 0 0 113
7 10 34 4.28163 -3 0 0 88
7 10 35 7 -2 0 0 1588
7 10 36 4.28163 -3 0 0 75
7 10 37 4.28163 -3 0 0 49
7 10 38 5.00059 0.744702 1.17173 0.228319 1855
7 10 39 3.97881 0.52987 1.45569 0.123862 801
7 10 40 4.28163 -3 0 0 56
7 10 41 4.42908 0.689154 0.324612 0.179278 450
7 10 42 4.08182 0.419109 1.21711 0.0917107 471
7 10 43 4.28163 -3 0 0 113
7 10 44 5.03564 0.555237 0.296709 0.302781 425
7 10 45 0 -10 0 0 0
7 10 46 4.28163 -3 0 0 141
7 10 47 6.12102 0.462716 0.981664 0.564967 2534
7 10 48 4.28163 -3 0 0 164
7 10 49 4.28163 -3 0 0 145
7 10 50 4.67946 0.859847 0.274966 0.251065 403
7 10 51 4.02379 0.483864 0.674432 0.274143 392
7 10 52 4.85815 0.603698 0.676432 0.201833 288
7 10 53 4.07831 0.326749 1.28287 0.124446 1440
7 10 54 6.06345 0.509044 0.154295 0.23526 296
7 10 55 2.84492 1.24193 0.568746 0.169182 320
7 10 56 5.30853 0.417476 0.499105 0.191674 647
7 10 57 3.9369 0.545635 0.815443 0.27022 508
7 10 58 3.58285 0.425605 0.859395 0.247733 451
7 10 59 4.28163 -3 0 0 99
7 10 60 6 -2 0 0 1347
7 10 61 5.31669 0.606667 0.36632 0.165753 389
7 10 62 4.28163 -3 0 0 174
7 10 63 2 11.0728 0.964987 0.0813105 410
7 11 0 5.34045 0.551067 0.677882 0.222345 910
7 11 1 2 10.3502 0.744552 0.74548 320
7 11 2 5.18477 0.540009 0.856552 0.258627 443
7 11 3 4.39156 -3 0 0 171
7 11 4 4.39156 -3 0 0 51
7 11 5 4.39156 -3 0 0 163
7 11 6 5 -2 0 0 341
7 11 7 4.39156 -3 0 0 117
7 11 8 4.39156 -3 0 0 143
7 11 9 4.60595 0.793538 0.494406 0.2064 216
7 11 10 4.39156 -3 0 0 167
7 11 11 4.39156 -3 0 0 76
7 11 12 4.39156 -3 0 0 146
7 11 13 4.39156 -3 0 0 71
7 11 14 4.28503 0.570118 0.507866 0.0752702 290
7 11 15 4.39156 -3 0 0 60
7 11 16 4.39156 -3 0 0 124
7 11 17 4.39156 -3 0 0 132
7 11 18 4.39156 -3 0 0 62
7 11 19 4.39156 -3 0 0 153
7 11 20 4.39156 -3 0 0 15
7 11 21 4.18392 0.605871 1.07911 0.111013 246
7 11 22 4.39156 -3 0 0 160
7 11 23 3.82201 0.451753 0.964966 0.328783 308
7 11 24 7.59433 0.550102 0.779085 0.344546 553
7 11 25 4.39156 -3 0 0 112
7 11 26 4.17614 0.495303 0.36355 0.127859 253
7 11 27 4.39156 -3 0 0 91
7 11 28 4.39156 -3 0 0 73
7 11 29 4.66993 0.610303 0.764163 0.0629491 448
7 11 30 4.39156 -3 0 0 49
7 11 31 4.39156 -3 0 0 121
7 11 32 4.39156 -3 0 0 118
7 11 33 4.39156 -3 0 0 146
7 11 34 5.10043 0.486754 0.786357 0.207299 627
7 11 35 4.39156 -3 0 0 119
7 11 36 4.39156 -3 0 0 22
7 11 37 4.39156 -3 0 0 79
7 11 38 4.39156 -3 0 0 104
7 11 39 4.39156 -3 0 0 65
7 11 40 4.39156 -3 0 0 29
7 11 41 4.39156 -3 0 0 45
7 11 42 4.39156 -3 0 0 51
7 11 43 4.81476 0.484599 0.895811 0.110864 389
7 11 44 4.39156 -3 0 0 73
7 11 45 4.39156 -3 0 0 129
7 11 46 4 -2 0 0 571
7 11 47 4.39156 -3 0 0 78
7 11 48 4.39156 -3 0 0 190
7 11 49 4.39156 -3 0 0 189
7 11 50 4.39156 -3 0 0 54
7 11 51 5.01279 0.782251 0.287817 0.294746 351
7 11 52 4.66319 0.433436 0.959704 0.0835684 329
7 11 53 4.39156 -3 0 0 49
7 11 54 4.39156 -3 0 0 41
7 11 55 2.06205 7.95865 1.70774 0.250273 274
7 11 56 4.39156 -3 0 0 182
7 11 57 5.59074 0.584238 0.84908 0.207437 244
7 11 58 5.38149 0.702659 0.191678 0.603519 220
7 11 59 2 1.89333 1.52833 0.229312 472
7 11 60 4.39156 -3 0 0 148
7 11 61 4.02621 0.475942 1.13987 0.0833256 380
7 11 62 2 11.2317 1.40383 0.0781668 450
7 11 63 4.42962 0.896758 0.346358 0.437703 223
7 12 0 2.62177 0.893066 0.802063 0.210372 382
7 12 1 2 12.9005 1.5405 0.46989 271
7 12 2 3.49755 -3 0 0 178
7 12 3 3.96809 0.485991 1.40918 0.245871 662
7 12 4 3.49755 -3 0 0 155
7 12 5 3.05827 2.05971 0.558873 0.166387 421
7 12 6 3.06506 0.70729 1.06878 0.128317 546
7 12 7 3 -2 0 0 1534
7 12 8 2.16261 9.9059 1.22107 0.0967591 395
7 12 9 3.29875 1.14059 0.956914 0.0587878 942
7 12 10 2.34422 7.34043 1.15998 0.115449 1174
7 12 11 4.34712 0.378288 0.880167 0.285514 395
7 12 12 7 -2 0 0 500
7 12 13 2 11.7595 1.54873 0.172044 700
7 12 14 2 2.40702 1.31073 0.327088 284
7 12 15 3.49359 0.506184 0.808799 0.0878845 599
7 12 16 4.25456 0.412971 1.42558 0.0669625 1915
7 12 17 4.7529 0.908727 0.303636 0.112299 301
7 12 18 3.66549 0.353765 1.11824 0.0703709 341
7 12 19 3.60535 0.35058 0.956588 0.0910267 1287
7 12 20 3.6641 0.407795 0.951366 0.198138 208
7 12 21 3 -2 0 0 788
7 12 22 3.71235 0.898389 0.741661 0.074411 1154
7 12 23 3.49755 -3 0 0 99
7 12 24 3.46614 1.02928 0.533397 0.310928 388
7 12 25 4.20479 0.772567 0.793408 0.159861 952
7 12 26 3.49755 -3 0 0 110
7 12 27 8 -2 0 0 229
7 12 28 5.27447 0.603136 0.687848 0.324599 663
7 12 29 3.49755 -3 0 0 131
7 12 30 3.49755 -3 0 0 83
7 12 31 4.57536 0.699892 0.695668 0.124398 789
7 12 32 4.23159 0.571313 0.611311 0.0471983 553
7 12 33 3.72375 0.962745 0.889116 0.0980699 328
7 12 34 3.49755 -3 0 0 101
7 12 35 5.62269 0.427951 0.647062 0.174348 747
7 12 36 3.49755 -3 0 0 123
7 12 37 4.61934 0.500022 1.05799 0.184154 247
7 12 38 2 -2 0 0 531
7 12 39 5.57155 0.807593 0.670743 0.316002 257
7 12 40 3.49755 -3 0 0 114
7 12 41 4.55483 0.781864 0.65819 0.233398 541
7 12 42 3.5283 0.555329 0.795303 0.249213 279
7 12 43 4.02991 0.429849 0.779884 0.061438 242
7 12 44 5.98249 0.735525 0.759463 0.288401 428
7 12 45 4.54252 0.796925 0.415932 0.428124 353
7 12 46 2.17517 12.0028 1.15373 0.38817 212
7 12 47 4.64617 0.600671 0.474286 0.206713 586
7 12 48 2 -2 0 0 309
7 12 49 4.49484 0.886341 0.538727 0.0793412 221
7 12 50 3 -2 0 0 287
7 12 51 3.49755 -3 0 0 183
7 12 52 3.22885 0.49533 0.771043 0.206629 205
7 12 53 3.17366 0.789658 1.11925 0.181573 347
7 12 54 4.91867 0.879808 0.548671 0.475039 218
7 12 55 3.49755 -3 0 0 156
7 12 56 4.26059 0.591661 0.505555 0.100689 213
7 12 57 3.49755 -3 0 0 170
7 12 58 3.49755 -3 0 0 188
7 12 59 3.49755 -3 0 0 183
7 12 60 4.84872 0.526529 0.667712 0.178739 309
7 12 61 3.49755 -3 0 0 157
7 12 62 3.49755 -3 0 0 170
7 12 63 3.49755 -3 0 0 195
7 13 0 4.0044 0.460121 0.941796 0.148656 378
7 13 1 3.80061 1.47751 0.838517 0.167983 240
7 13 2 4.31169 -3 0 0 198
7 13 3 4.31169 -3 0 0 147
7 13 4 4.31169 -3 0 0 108
7 13 5 4.31169 -3 0 0 163
7 13 6 4.31169 -3 0 0 140
7 13 7 4.31169 -3 0 0 86
7 13 8 4.16384 0.630878 0.877973 0.221102 213
7 13 9 4.31169 -3 0 0 144
7 13 10 4.31169 -3 0 0 97
7 13 11 4.31169 -3 0 0 114
7 13 12 4.31169 -3 0 0 133
7 13 13 4.31169 -3 0 0 105
7 13 14 4.90349 0.61264 1.36346 0.161283 387
7 13 15 4.31169 -3 0 0 140
7 13 16 4.31169 -3 0 0 82
7 13 17 7.26655 0.670555 0.952777 0.327609 308
7 13 18 4.31169 -3 0 0 55
7 13 19 4.31169 -3 0 0 78
7 13 20 4.31169 -3 0 0 52
7 13 21 4.31169 -3 0 0 141
7 13 22 4.31169 -3 0 0 92
7 13 23 4.68322 0.548102 1.08853 0.0778694 253
7 13 24 3 -2 0 0 287
7 13 25 4.31169 -3 0 0 89
7 13 26 5.75348 0.620056 0.421713 0.269388 435
7 13 27 4.31169 -3 0 0 116
7 13 28 4.31169 -3 0 0 89
7 13 29 5.31877 0.975902 0.720572 0.308397 242
7 13 30 4.31169 -3 0 0 39
7 13 31 4.31169 -3 0 0 85
7 13 32 4.31169 -3 0 0 85
7 13 33 4.31169 -3 0 0 103
7 13 34 5.33032 0.611656 0.785442 0.0209826 542
7 13 35 4.31169 -3 0 0 111
7 13 36 4.31169 -3 0 0 50
7 13 37 4.31169 -3 0 0 95
7 13 38 4.31169 -3 0 0 72
7 13 39 4.16255 0.543194 0.940535 0.0635859 240
7 13 40 4.31169 -3 0 0 52
7 13 41 4.31169 -3 0 0 117
7 13 42 7 -2 0 0 241
7 13 43 4.31169 -3 0 0 163
7 13 44 4.31169 -3 0 0 139
7 13 45 4.31169 -3 0 0 127
7 13 46 4.19953 0.555243 1.33856 0.0312865 550
7 13 47 4.31169 -3 0 0 121
7 13 48 4.31169 -3 0 0 175
7 13 49 4.69152 0.486639 0.705137 0.0772285 269
7 13 50 4.31169 -3 0 0 164
7 13 51 3.10608 2.09789 0.604226 0.323414 440
7 13 52 4.62796 0.526019 0.738687 0.0843563 415
7 13 53 4.31169 -3 0 0 142
7 13 54 4.31169 -3 0 0 182
7 13 55 3.36166 1.00579 1.34117 0.106225 438
7 13 56 2.95384 1.37245 0.321083 0.188296 286
7 13 57 3 -2 0 0 239
7 13 58 3 -2 0 0 221
7 13 59 3.33181 0.455684 0.761381 0.0710325 362
7 13 60 4.31169 -3 0 0 192
7 13 61 3.93721 0.560845 0.823872 0.0562915 719
7 13 62 4.02682 0.747955 0.757258 0.088466 637
7 13 63 3.74606 0.551707 0.683504 0.142857 287
7 14 0 4.52157 0.945631 0.866457 0.280631 358
7 14 1 6.26405 0.896206 1.57604 0.688379 413
7 14 2 2.94545 1.84395 0.826589 0.0628021 464
7 14 3 3.35764 0.729162 1.33092 0.162669 474
7 14 4 3 -2 0 0 291
7 14 5 3.73148 0.46322 0.747264 0.220693 416
7 14 6 2 8.79681 1.90606 0.287458 565
7 14 7 4.57144 0.544105 0.638041 0.129404 822
7 14 8 3.50681 0.8209 0.307715 0.368142 372
7 14 9 2.8166 1.63866 1.4091 0.0653974 858
7 14 10 3 -2 0 0 963
7 14 11 4.994 0.653204 0.169436 0.372739 286
7 14 12 5 -2 0 0 468
7 14 13 5.69405 0.74653 0.6406 0.168362 420
7 14 14 3.84986 0.525522 0.852869 0.163457 246
7 14 15 5 -2 0 0 409
7 14 16 3.74795 0.449823 1.03802 0.0287052 1391
7 14 17 2.03436 9.97761 1.3228 0.620294 204
7 14 18 4.84931 0.762727 0.326177 0.0760708 329
7 14 19 4.29766 0.47616 0.722453 0.0846094 565
7 14 20 3.72041 -3 0 0 119
7 14 21 3.64905 0.416108 1.19455 0.126719 695
7 14 22 3.49383 0.683455 0.851717 0.115796 568
7 14 23 3.29736 0.612301 0.955733 0.334946 215
7 14 24 4.33412 0.440603 0.849971 0.0755152 268
7 14 25 2 -2 0 0 441
7 14 26 3.72041 -3 0 0 176
7 14 27 5.21868 0.499574 0.751163 0.168329 257
7 14 28 4.88636 0.67129 0.135122 0.354145 349
7 14 29 3.72041 -3 0 0 188
7 14 30 3.72041 -3 0 0 135
7 14 31 5 -2 0 0 337
7 14 32 6.13911 0.691482 0.625733 0.320053 264
7 14 33 4.01348 0.768342 0.48923 0.128968 212
7 14 34 3.72041 -3 0 0 191
7 14 35 3 -2 0 0 279
7 14 36 3.72041 -3 0 0 94
7 14 37 3.72041 -3 0 0 147
7 14 38 7 -2 0 0 233
7 14 39 3.72041 -3 0 0 145
7 14 40 4.42136 1.30429 0.797311 0.32197 206
7 14 41 3.72041 -3 0 0 187
7 14 42 3.72041 -3 0 0 167
7 14 43 3.72041 -3 0 0 154
7 14 44 3.72041 -3 0 0 174
7 14 45 3.72041 -3 0 0 154
7 14 46 3.72041 -3 0 0 123
7 14 47 3.72041 -3 0 0 186
7 14 48 3.72041 -3 0 0 164
7 14 49 3.72041 -3 0 0 133
7 14 50 3.72041 -3 0 0 168
7 14 51 3.72041 -3 0 0 89
7 14 52 3.72041 -3 0 0 117
7 14 53 3.72041 -3 0 0 148
7 14 54 3.72041 -3 0 0 148
7 14 55 3.72041 -3 0 0 110
7 14 56 3.72041 -3 0 0 112
7 14 57 3.72041 -3 0 0 81
7 14 58 3.72041 -3 0 0 99
7 14 59 3.72041 -3 0 0 96
7 14 60 3.72041 -3 0 0 133
7 14 61 3.72041 -3 0 0 102
7 14 62 3.72041 -3 0 0 82
7 14 63 3.72041 -3 0 0 105
7 15 0 4.38344 -3 0 0 116
7 15 1 4.38344 -3 0 0 97
7 15 2 4.38344 -3 0 0 81
7 15 3 4.38344 -3 0 0 77
7 15 4 4.38344 -3 0 0 36
7 15 5 4.38344 -3 0 0 66
7 15 6 4.38344 -3 0 0 74
7 15 7 4.38344 -3 0 0 49
7 15 8 4.38344 -3 0 0 98
7 15 9 4.38344 -3 0 0 54
7 15 10 4.38344 -3 0 0 67
7 15 11 4.38344 -3 0 0 82
7 15 12 4.38344 -3 0 0 62
7 15 13 4.38344 -3 0 0 59
7 15 14 4.38344 -3 0 0 124
7 15 15 4.38344 -3 0 0 79
7 15 16 4.38344 -3 0 0 41
7 15 17 4.38344 -3 0 0 117
7 15 18 4.38344 -3 0 0 41
7 15 19 4.38344 -3 0 0 62
7 15 20 4.38344 -3 0 0 24
7 15 21 4.38344 -3 0 0 55
7 15 22 4.38344 -3 0 0 45
7 15 23 4.38344 -3 0 0 33
7 15 24 4.38344 -3 0 0 112
7 15 25 4.38344 -3 0 0 66
7 15 26 4.38344 -3 0 0 140
7 15 27 4.38344 -3 0 0 36
7 15 28 4.38344 -3 0 0 61
7 15 29 4.38344 -3 0 0 131
7 15 30 4.38344 -3 0 0 13
7 15 31 4.38344 -3 0 0 85
7 15 32 4.38344 -3 0 0 90
7 15 33 4.38344 -3 0 0 36
7 15 34 4.38344 -3 0 0 172
7 15 35 4.38344 -3 0 0 65
7 15 36 4.38344 -3 0 0 24
7 15 37 4.38344 -3 0 0 127
7 15 38 4.38344 -3 0 0 106
7 15 39 4.38344 -3 0 0 157
7 15 40 4.38344 -3 0 0 134
7 15 41 4.38344 -3 0 0 88
7 15 42 4.38344 -3 0 0 49
7 15 43 4.38344 -3 0 0 181
7 15 44 4.38344 -3 0 0 89
7 15 45 4.38344 -3 0 0 67
7 15 46 3.32949 0.390083 0.80669 0.265828 212
7 15 47 4.38344 -3 0 0 105
7 15 48 4.38344 -3 0 0 29
7 15 49 4.38344 -3 0 0 150
7 15 50 4.38344 -3 0 0 116
7 15 51 4.77777 0.768831 1.27444 0.113508 301
7 15 52 4.38344 -3 0 0 172
7 15 53 4.38344 -3 0 0 111
7 15 54 4.38344 -3 0 0 110
7 15 55 4.54894 0.629254 0.677103 0.161711 215
7 15 56 4.38344 -3 0 0 119
7 15 57 4.96065 0.676813 0.701175 0.102857 216
7 15 58 4.38344 -3 0 0 179
7 15 59 4.14507 0.713821 0.838158 0.0107674 231
7 15 60 4.38344 -3 0 0 154
7 15 61 5.64157 0.603974 0.779736 0.133664 406
7 15 62 5.28414 0.686506 0.161879 0.565008 275
7 15 63 4.38344 -3 0 0 186
8 0 0 4.62078 -3 0 0 146
8 0 1 4.62078 -3 0 0 116
8 0 2 4.62078 -3 0 0 126
8 0 3 4.62078 -3 0 0 54
8 0 4 4.62078 -3 0 0 126
8 0 5 4.62078 -3 0 0 119
8 0 6 4.62078 -3 0 0 101
8 0 7 4.62078 -3 0 0 89
8 0 8 4.62078 -3 0 0 123
8 0 9 4.62078 -3 0 0 82
8 0 10 4.62078 -3 0 0 45
8 0 11 4.62078 -3 0 0 146
8 0 12 4.62078 -3 0 0 84
8 0 13 4.62078 -3 0 0 103
8 0 14 4.62078 -3 0 0 168
8 0 15 4.62078 -3 0 0 99
8 0 16 4.62078 -3 0 0 55
8 0 17 4.62078 -3 0 0 180
8 0 18 4.62078 -3 0 0 103
8 0 19 4.62078 -3 0 0 102
8 0 20 4.62078 -3 0 0 147
8 0 21 4.62078 -3 0 0 82
8 0 22 4.62078 -3 0 0 61
8 0 23 4.62078 -3 0 0 175
8 0 24 4.62078 -3 0 0 137
8 0 25 4.62078 -3 0 0 112
8 0 26 4.63894 0.549501 0.652581 0.0692476 210
8 0 27 4.62078 -3 0 0 95
8 0 28 4.62078 -3 0 0 103
8 0 29 4.62078 -3 0 0 191
8 0 30 4.62078 -3 0 0 122
8 0 31 4.62078 -3 0 0 123
8 0 32 4.62078 -3 0 0 107
8 0 33 4.62078 -3 0 0 133
8 0 34 4.38626 0.571025 1.11522 0.108606 272
8 0 35 4.62078 -3 0 0 148
8 0 36 4.62078 -3 0 0 141
8 0 37 5.62703 0.681578 0.357358 0.478882 210
8 0 38 4.62078 -3 0 0 146
8 0 39 3 -2 0 0 277
8 0 40 4.62078 -3 0 0 166
8 0 41 4.62078 -3 0 0 148
8 0 42 6.22785 0.711244 0.722199 0.449961 216
8 0 43 6.28959 0.767268 0.513983 0.299708 226
8 0 44 4.62078 -3 0 0 154
8 0 45 4.62078 -3 0 0 143
8 0 46 4.6168 0.495399 1.02042 0.159574 304
8 0 47 4.62078 -3 0 0 185
8 0 48 4.62078 -3 0 0 196
8 0 49 4.7987 0.558685 0.80154 0.179547 246
8 0 50 4.62078 -3 0 0 156
8 0 51 5.63007 0.950432 0.626056 0.216307 571
8 0 52 5.09632 0.669414 0.659534 0.294134 340
8 0 53 4.21496 1.59758 1.55743 0.577626 233
8 0 54 4.90129 0.799629 0.641343 0.18817 225
8 0 55 5.10073 0.766159 0.749031 0.092676 380
8 0 56 6.0734 0.55493 0.986496 0.128214 401
8 0 57 5.73251 0.759388 0.770167 0.237433 422
8 0 58 3.01169 0.672536 0.927983 0.302768 271
8 0 59 3 -2 0 0 429
8 0 60 3 -2 0 0 240
8 0 61 4.92896 0.60242 0.808465 0.0507267 724
8 0 62 3.71534 0.560693 0.86756 0.0362837 534
8 0 63 5 -2 0 0 307
8 1 0 4.13754 0.797091 0.673255 0.130754 610
8 1 1 4.01029 0.45369 0.946107 0.0464456 693
8 1 2 4.81029 0.493266 0.842086 0.133017 789
8 1 3 3.84575 0.355691 0.868064 0.0896852 628
8 1 4 7.5121 0.558829 0.683855 0.644665 376
8 1 5 3.66463 1.28759 0.631722 0.136377 525
8 1 6 3.62815 0.963555 1.09117 0.0386084 882
8 1 7 4.80402 0.764881 0.854377 0.103272 625
8 1 8 3.72894 0.858596 0.624921 0.0787099 443
8 1 9 7 -2 0 0 509
8 1 10 4.94262 0.803554 0.761104 0.0674578 861
8 1 11 5 -2 0 0 304
8 1 12 7 -2 0 0 557
8 1 13 2.71141 1.03625 1.04447 0.123966 392
8 1 14 4.28087 0.539537 0.715763 0.173696 440
8 1 15 3.52093 0.577828 0.763663 0.0364413 282
8 1 16 6.1219 0.742496 0.607919 0.195172 952
8 1 17 6 -2 0 0 319
8 1 18 3.21822 1.78618 0.661266 0.542027 257
8 1 19 4.15555 0.56934 0.747771 0.0736473 491
8 1 20 4.15419 -3 0 0 188
8 1 21 4.80485 0.672764 0.696667 0.0230697 701
8 1 22 4.34094 0.508069 1.19249 0.129774 512
8 1 23 4.84421 0.680107 0.397509 0.548358 225
8 1 24 4.16865 0.800227 0.649818 0.130671 401
8 1 25 4.22536 0.605034 0.650096 0.0998662 365
8 1 26 2.33481 1.73233 1.11398 0.578452 347
8 1 27 3.87989 0.564883 0.547259 0.473493 242
8 1 28 5 -2 0 0 260
8 1 29 3 -2 0 0 233
8 1 30 4.15419 -3 0 0 197
8 1 31 7.03143 0.686821 0.321475 0.735193 238
8 1 32 5.93133 0.587587 0.362189 0.68347 206
8 1 33 4.15419 -3 0 0 189
8 1 34 3.57003 0.957472 0.630142 0.243934 281
8 1 35 4.15419 -3 0 0 224
8 1 36 4.15419 -3 0 0 143
8 1 37 4.15419 -3 0 0 192
8 1 38 4.15419 -3 0 0 166
8 1 39 4.15419 -3 0 0 150
8 1 40 7.27458 0.656905 0.272136 0.699644 205
8 1 41 4.15419 -3 0 0 190
8 1 42 4.15419 -3 0 0 190
8 1 43 4.15419 -3 0 0 175
8 1 44 4.15419 -3 0 0 137
8 1 45 4.15419 -3 0 0 140
8 1 46 4.80487 0.47826 0.635081 0.261837 214
8 1 47 4.15419 -3 0 0 128
8 1 48 4.15419 -3 0 0 183
8 1 49 4.15419 -3 0 0 185
8 1 50 4.15419 -3 0 0 141
8 1 51 4.15419 -3 0 0 111
8 1 52 4.15419 -3 0 0 142
8 1 53 4.15419 -3 0 0 116
8 1 54 4.15419 -3 0 0 148
8 1 55 4.15419 -3 0 0 96
8 1 56 4.15419 -3 0 0 107
8 1 57 4.15419 -3 0 0 117
8 1 58 4.15419 -3 0 0 140
8 1 59 4.15419 -3 0 0 195
8 1 60 4.15419 -3 0 0 103
8 1 61 4.15419 -3 0 0 122
8 1 62 4.15419 -3 0 0 153
8 1 63 4.15419 -3 0 0 122
8 2 0 4 -2 0 0 539
8 2 1 4.17006 0.712981 0.890873 0.150106 436
8 2 2 4.43337 0.446423 1.03622 0.143032 328
8 2 3 3.94647 -3 0 0 197
8 2 4 4.54852 0.59869 0.699264 0.225849 275
8 2 5 2.08378 12.0335 0.927443 0.277817 220
8 2 6 2 -2 0 0 253
8 2 7 3.94647 -3 0 0 118
8 2 8 2.00038 9.94898 1.27712 0.113504 360
8 2 9 3.94647 -3 0 0 163
8 2 10 3.94647 -3 0 0 123
8 2 11 3.97799 0.871369 0.777918 0.304998 359
8 2 12 5.46724 0.793946 0.495887 0.374629 230
8 2 13 3.94647 -3 0 0 149
8 2 14 4.66868 0.58388 0.579223 0.172736 551
8 2 15 3.47673 1.93461 1.07185 0.279767 215
8 2 16 3.94647 -3 0 0 149
8 2 17 3 -2 0 0 484
8 2 18 3.94647 -3 0 0 195
8 2 19 3.94647 -3 0 0 140
8 2 20 3.72897 0.479979 0.741059 0.223862 310
8 2 21 8.1504 0.681377 0.299043 0.668528 218
8 2 22 3.94647 -3 0 0 132
8 2 23 3.76634 0.370758 1.12062 0.160398 331
8 2 24 4.92041 0.460003 0.915466 0.0644965 341
8 2 25 3.94647 -3 0 0 145
8 2 26 5.15342 0.538336 0.403692 0.24945 733
8 2 27 3.94647 -3 0 0 197
8 2 28 3.94647 -3 0 0 166
8 2 29 4.87989 0.748304 0.794862 0.294209 472
8 2 30 5.04347 0.646637 0.508122 0.395055 227
8 2 31 3.94647 -3 0 0 149
8 2 32 3.94647 -3 0 0 194
8 2 33 4.93271 0.775548 0.550657 0.23151 209
8 2 34 5.34113 0.47341 1.02234 0.113817 768
8 2 35 3.94647 -3 0 0 165
8 2 36 6.78225 0.683004 0.703852 0.675759 293
8 2 37 4.30202 0.735454 0.855952 0.243605 428
8 2 38 3.94647 -3 0 0 181
8 2 39 5.51667 0.73101 0.322688 0.66043 385
8 2 40 6.2547 0.495466 0.913568 0.241458 373
8 2 41 3.94647 -3 0 0 199
8 2 42 2 8.91338 1.84814 0.368028 393
8 2 43 4 -2 0 0 580
8 2 44 4.35113 0.724472 0.375234 0.168247 214
8 2 45 5.33115 0.853732 0.404599 0.363919 244
8 2 46 3.72248 0.717835 0.818702 0.218505 883
8 2 47 3.94647 -3 0 0 189
8 2 48 5.44025 0.837439 0.528099 0.147689 318
8 2 49 4.47539 0.494974 0.786285 0.136663 547
8 2 50 5.27646 0.662698 1.10525 0.254279 292
8 2 51 3.83458 0.484726 1.28138 0.113815 926
8 2 52 4.26134 0.525416 0.87846 0.034049 684
8 2 53 2.53663 10.5944 1.52207 0.13588 257
8 2 54 2.65164 6.98233 1.74375 0.121961 345
8 2 55 3.70212 0.444623 0.795645 0.0675879 748
8 2 56 3.68171 0.930216 0.543907 0.141511 529
8 2 57 7.31772 1.05854 0.590227 0.800194 772
8 2 58 2.923 11.6328 1.21044 0.185955 451
8 2 59 3.60329 0.677814 1.06898 0.0787608 1133
8 2 60 7 -2 0 0 364
8 2 61 2.62805 1.24187 0.860957 0.0975058 1649
8 2 62 2.71925 1.62358 0.858791 0.0616517 1327
8 2 63 4.32479 0.539688 0.944981 0.0830976 566
8 3 0 2.78754 1.17216 1.12022 0.169349 524
8 3 1 2.83397 1.54184 0.551282 0.11499 510
8 3 2 5 -2 0 0 554
8 3 3 3.082 0.896592 0.335667 0.248173 728
8 3 4 4.87305 2.41485 3.59059 0.475703 575
8 3 5 2.54076 2.02589 0.775584 0.406286 430
8 3 6 4.21789 0.605009 0.781784 0.0490494 783
8 3 7 3.49992 0.606576 0.582578 0.275782 644
8 3 8 4.63121 0.544555 0.86212 0.15522 332
8 3 9 3.14425 0.778264 1.2172 0.127023 794
8 3 10 2 9.93876 1.8297 0.108893 1043
8 3 11 3.33777 0.379007 0.835197 0.278753 324
8 3 12 4.43443 1.14084 0.528795 0.0993784 473
8 3 13 2.87369 1.27541 0.80656 0.419978 477
8 3 14 7.60647 0.467543 0.903367 0.701997 409
8 3 15 6 -2 0 0 421
8 3 16 2 -2 0 0 1124
8 3 17 2 10.5353 1.65646 0.155208 276
8 3 18 4.36074 0.503076 0.730293 0.264805 343
8 3 19 3.47789 0.418072 1.04575 0.0547927 671
8 3 20 4.17725 1.18399 0.754914 0.211685 236
8 3 21 5.18714 0.420258 1.1313 0.172695 860
8 3 22 4.5303 0.551458 1.20698 0.126517 670
8 3 23 6 -2 0 0 265
8 3 24 6.50121 0.641589 0.824995 0.317024 348
8 3 25 3.67108 -3 0 0 474
8 3 26 5.76517 0.590123 1.05332 0.178413 294
8 3 27 4.39955 0.710644 0.479743 0.0900034 394
8 3 28 3.57446 2.29137 1.15957 0.216868 642
8 3 29 4.26787 0.515874 0.624651 0.161375 232
8 3 30 3.67108 -3 0 0 190
8 3 31 3.76764 0.432567 0.932851 0.0764817 463
8 3 32 3.71928 1.00481 0.650217 0.204734 352
8 3 33 5.79766 0.661751 0.444122 0.243563 315
8 3 34 3.79856 0.749995 0.524578 0.107846 395
8 3 35 3.43403 1.51651 0.77391 0.0740004 475
8 3 36 4.39522 0.76111 0.500235 0.332776 363
8 3 37 3.69571 0.46006 0.519239 0.408829 213
8 3 38 4.27942 0.85878 0.446451 0.439589 337
8 3 39 4.77691 0.74001 0.477981 0.184421 219
8 3 40 3.99713 0.860336 0.693852 0.248746 328
8 3 41 3.67108 -3 0 0 200
8 3 42 3.67108 -3 0 0 166
8 3 43 2 -2 0 0 282
8 3 44 6.10718 0.833281 0.347183 0.346064 275
8 3 45 3.50444 1.1029 0.571081 0.270653 253
8 3 46 4.46821 0.536056 0.607127 0.100442 303
8 3 47 4.17131 0.592258 1.05735 0.135643 273
8 3 48 5.36382 0.649341 0.412496 0.279264 323
8 3 49 3.67108 -3 0 0 178
8 3 50 6 -2 0 0 228
8 3 51 3.67108 -3 0 0 193
8 3 52 3.57619 0.664831 1.03149 0.185978 213
8 3 53 3 -2 0 0 236
8 3 54 3.67108 -3 0 0 123
8 3 55 4.1229 0.473863 0.862966 0.175363 240
8 3 56 3.67108 -3 0 0 174
8 3 57 3.67108 -3 0 0 188
8 3 58 2.66694 0.963981 0.616371 0.0694441 236
8 3 59 3.59759 0.396605 0.926942 0.210761 235
8 3 60 3.67108 -3 0 0 199
8 3 61 3.67108 -3 0 0 199
8 3 62 3.38132 1.04609 0.263146 0.388263 214
8 3 63 3.67108 -3 0 0 159
8 4 0 4.35965 0.722673 0.842777 0.0810914 1588
8 4 1 3.89736 0.400866 1.23357 0.127953 1017
8 4 2 3.02201 1.72907 1.41881 0.155217 662
8 4 3 5.46944 0.51672 1.1418 0.240955 239
8 4 4 3.8505 0.5463 0.540763 0.62779 378
8 4 5 2 -2 0 0 405
8 4 6 4.08068 0.90335 0.754659 0.0563192 566
8 4 7 3.90666 -3 0 0 164
8 4 8 4.00711 0.646583 0.571747 0.0710267 552
8 4 9 3 -2 0 0 324
8 4 10 5.38262 0.600968 0.667173 0.143772 225
8 4 11 4.09487 0.408711 1.23647 0.20212 463
8 4 12 4.41693 0.669607 0.626153 0.0805426 327
8 4 13 3.90666 -3 0 0 167
8 4 14 4.25545 0.553761 0.762459 0.135582 1193
8 4 15 6 -2 0 0 247
8 4 16 3.90666 -3 0 0 144
8 4 17 3.6748 0.458285 1.26183 0.0724382 688
8 4 18 7 -2 0 0 244
8 4 19 3.90666 -3 0 0 154
8 4 20 5.18183 0.482835 0.586951 0.171628 315
8 4 21 3.1501 0.742488 1.08501 0.380202 408
8 4 22 4.20926 0.425929 0.896818 0.138696 207
8 4 23 2 8.05846 2.19651 0.445335 456
8 4 24 2 8.01438 3.37656 0.700525 774
8 4 25 3.90666 -3 0 0 156
8 4 26 4.18204 0.636145 0.92558 0.161938 1062
8 4 27 3.90666 -3 0 0 158
8 4 28 3.90666 -3 0 0 142
8 4 29 6 -2 0 0 629
8 4 30 5.63519 0.531788 0.618539 0.210297 218
8 4 31 3.90666 -3 0 0 152
8 4 32 3.90666 -3 0 0 149
8 4 33 3.90666 -3 0 0 166
8 4 34 3.97652 0.437415 1.24679 0.0708384 1011
8 4 35 3.90666 -3 0 0 126
8 4 36 4.62942 0.899531 0.491478 0.241092 210
8 4 37 6 -2 0 0 377
8 4 38 3.90666 -3 0 0 93
8 4 39 4.51662 0.653692 0.72312 0.25469 223
8 4 40 4.36009 0.502912 1.37762 0.310291 328
8 4 41 3.90666 -3 0 0 150
8 4 42 6 -2 0 0 237
8 4 43 5.17105 0.893046 0.506347 0.466888 561
8 4 44 3.90666 -3 0 0 131
8 4 45 3.90666 -3 0 0 182
8 4 46 3.93845 0.420677 0.878841 0.0742984 819
8 4 47 3.90666 -3 0 0 109
8 4 48 3.90666 -3 0 0 197
8 4 49 4.91323 0.723453 0.518236 0.441299 326
8 4 50 3.90666 -3 0 0 118
8 4 51 2.82959 1.93007 0.824221 0.129938 388
8 4 52 2.00002 7.37973 1.47557 0.190211 546
8 4 53 3.90666 -3 0 0 143
8 4 54 3.90666 -3 0 0 195
8 4 55 3 -2 0 0 396
8 4 56 4.49249 0.619656 0.601233 0.0698886 227
8 4 57 3.35695 0.528247 0.608991 0.080542 284
8 4 58 2 -2 0 0 243
8 4 59 2.90443 1.38836 0.711696 0.201602 668
8 4 60 3.90666 -3 0 0 169
8 4 61 3.55113 0.480493 0.885457 0.109407 536
8 4 62 4.41738 0.78227 0.413187 0.23691 634
8 4 63 2.8085 1.66392 0.542978 0.288561 317
8 5 0 3.65242 -3 0 0 172
8 5 1 3.3332 0.586393 0.398966 0.259395 248
8 5 2 4.15932 0.717936 0.791256 0.0675272 255
8 5 3 2.32514 8.02543 0.843969 0.201465 310
8 5 4 3.65242 -3 0 0 171
8 5 5 4.98323 0.5585 0.561795 0.579166 257
8 5 6 3.69466 0.603203 0.705849 0.200932 269
8 5 7 2 2.50043 1.3469 0.307155 378
8 5 8 3.1606 1.50877 0.416369 0.228667 272
8 5 9 2.39246 0.899314 0.668445 0.525135 248
8 5 10 2.71482 1.52912 1.17539 0.292767 271
8 5 11 5 -2 0 0 358
8 5 12 3.65242 -3 0 0 192
8 5 13 5 -2 0 0 378
8 5 14 5.1277 0.653607 1.13197 0.148898 231
8 5 15 4.02434 0.488397 0.702272 0.159007 346
8 5 16 5.56562 0.813411 0.948104 0.212885 360
8 5 17 8.28028 2.55639 5 0.495939 292
8 5 18 3.66115 0.6664 0.553075 0.237422 311
8 5 19 4.5736 0.714506 0.357713 0.42289 489
8 5 20 3.59068 0.958219 0.571297 0.119386 751
8 5 21 5 -2 0 0 344
8 5 22 4.977 1.12384 0.347895 0.163702 293
8 5 23 3.7473 0.459912 0.629109 0.171094 290
8 5 24 4.32034 0.600587 0.466253 0.191733 221
8 5 25 4.22071 0.457068 1.10128 0.0106975 670
8 5 26 6.81323 0.826082 0.269456 0.747942 381
8 5 27 3.84377 0.463644 1.04079 0.0931946 386
8 5 28 5 -2 0 0 429
8 5 29 5.12948 0.745112 0.316014 0.289377 317
8 5 30 3.76445 0.956638 0.511779 0.312141 417
8 5 31 4.35996 0.531661 0.600891 0.0992718 650
8 5 32 3.31039 1.15635 0.72558 0.136898 457
8 5 33 4.0712 0.434383 0.78184 0.0505955 435
8 5 34 3.73883 0.625772 0.832035 0.0441186 382
8 5 35 5.53852 0.951598 0.972539 0.557076 837
8 5 36 2.8068 1.74773 0.795027 0.101422 330
8 5 37 2.59256 1.4514 0.404769 0.455341 326
8 5 38 3.53651 0.432203 1.02883 0.0714245 905
8 5 39 4.15407 0.587074 0.870242 0.0592209 823
8 5 40 5.48013 0.633952 0.465762 0.352123 350
8 5 41 3.55569 0.961055 0.613882 0.0550639 312
8 5 42 4.62392 0.444359 0.929253 0.432733 377
8 5 43 6.31068 0.649769 0.458214 0.3246 380
8 5 44 3.88706 0.469853 0.670312 0.288216 628
8 5 45 2.77802 1.3401 0.481335 0.249552 475
8 5 46 4.29486 0.856567 0.591391 0.0426556 535
8 5 47 2.64064 1.90884 1.51458 0.215176 954
8 5 48 4.3987 0.569549 1.88634 0.391668 565
8 5 49 5 -2 0 0 516
8 5 50 3.09648 0.846985 1.16736 0.252102 456
8 5 51 6.22428 0.561006 0.867266 0.379922 565
8 5 52 3 -2 0 0 413
8 5 53 3.32466 0.488645 1.01112 0.112564 942
8 5 54 3.2725 0.788798 0.278452 0.162592 479
8 5 55 4.52798 0.55339 0.772961 0.162803 509
8 5 56 2 12.4225 1.99199 0.348647 945
8 5 57 2 12.8577 0.623138 0.140128 616
8 5 58 2.89173 0.684667 0.900008 0.100434 540
8 5 59 4.25004 0.593551 0.873735 0.0695944 449
8 5 60 3.34749 0.602444 1.03393 0.326982 988
8 5 61 3.43137 0.471297 1.09187 0.0577228 561
8 5 62 4 -2 0 0 427
8 5 63 2.83335 0.540356 0.778311 0.0554407 433
8 6 0 4.87645 0.912312 0.728392 0.0935961 818
8 6 1 5.21054 0.755106 0.884726 0.110028 561
8 6 2 6.42187 0.69757 0.3817 0.257051 460
8 6 3 4.93267 -3 0 0 171
8 6 4 5.14537 0.535945 0.801349 0.169752 233
8 6 5 4.15791 0.73001 0.802727 0.0568889 277
8 6 6 4.32646 0.513892 1.20983 0.0829575 357
8 6 7 4.93267 -3 0 0 125
8 6 8 4.88373 0.501043 0.964749 0.108359 330
8 6 9 4.82983 0.734698 0.634472 0.17404 223
8 6 10 4.93267 -3 0 0 195
8 6 11 6.24556 0.792572 0.829902 0.258418 264
8 6 12 3.95871 1.00278 1.81824 0.351609 206
8 6 13 4.93267 -3 0 0 128
8 6 14 3.37695 1.33623 1.58334 0.262105 508
8 6 15 4.93267 -3 0 0 163
8 6 16 4.93267 -3 0 0 192
8 6 17 4.6967 0.657298 0.652418 0.220364 364
8 6 18 4.87785 0.900577 1.69918 0.270944 208
8 6 19 4.93267 -3 0 0 110
8 6 20 4.93267 -3 0 0 190
8 6 21 5.58815 0.704358 0.587344 0.215781 308
8 6 22 4.93267 -3 0 0 145
8 6 23 6.1937 0.79903 0.471076 0.437119 210
8 6 24 5.08956 0.832318 0.907406 0.0793163 382
8 6 25 4.93267 -3 0 0 111
8 6 26 6.7802 0.619908 0.234931 0.351517 406
8 6 27 4.93267 -3 0 0 128
8 6 28 4.93267 -3 0 0 92
8 6 29 5.28184 0.447372 1.12373 0.0725945 225
8 6 30 4.93267 -3 0 0 159
8 6 31 4.93267 -3 0 0 89
8 6 32 4.93267 -3 0 0 103
8 6 33 4.93267 -3 0 0 119
8 6 34 5.43018 0.442273 0.794282 0.213273 334
8 6 35 4.93267 -3 0 0 98
8 6 36 4.93267 -3 0 0 114
8 6 37 4.93267 -3 0 0 169
8 6 38 4.93267 -3 0 0 79
8 6 39 4.93267 -3 0 0 105
8 6 40 4.93267 -3 0 0 158
8 6 41 4.93267 -3 0 0 71
8 6 42 4.93267 -3 0 0 143
8 6 43 4.93267 -3 0 0 194
8 6 44 4.93267 -3 0 0 77
8 6 45 4.93267 -3 0 0 86
8 6 46 5.39858 0.587202 0.893141 0.115765 277
8 6 47 0 -10 0 0 0
8 6 48 4.93267 -3 0 0 103
8 6 49 4.93267 -3 0 0 134
8 6 50 4.93267 -3 0 0 67
8 6 51 4.93267 -3 0 0 144
8 6 52 4.93267 -3 0 0 173
8 6 53 4.93267 -3 0 0 72
8 6 54 4.93267 -3 0 0 99
8 6 55 4.93267 -3 0 0 129
8 6 56 4.93267 -3 0 0 117
8 6 57 4.93267 -3 0 0 137
8 6 58 4.93267 -3 0 0 100
8 6 59 4.93267 -3 0 0 188
8 6 60 4.93267 -3 0 0 93
8 6 61 4.93267 -3 0 0 163
8 6 62 4.93267 -3 0 0 167
8 6 63 4.93267 -3 0 0 137
8 7 0 4.44139 -3 0 0 129
8 7 1 4.44139 -3 0 0 110
8 7 2 4.44139 -3 0 0 142
8 7 3 4.44139 -3 0 0 149
8 7 4 4.44139 -3 0 0 135
8 7 5 4.44139 -3 0 0 123
8 7 6 4.44139 -3 0 0 144
8 7 7 4.44139 -3 0 0 187
8 7 8 4.44139 -3 0 0 160
8 7 9 4.44139 -3 0 0 110
8 7 10 4.44139 -3 0 0 156
8 7 11 4.44139 -3 0 0 161
8 7 12 4.44139 -3 0 0 136
8 7 13 4.62137 0.606065 0.803392 0.0599898 227
8 7 14 4.44139 -3 0 0 115
8 7 15 4.44139 -3 0 0 173
8 7 16 4.44139 -3 0 0 151
8 7 17 4.44139 -3 0 0 181
8 7 18 4.62599 0.521272 0.55824 0.207635 202
8 7 19 3.72555 1.43287 0.701305 0.279603 241
8 7 20 3 -2 0 0 226
8 7 21 4.44139 -3 0 0 134
8 7 22 4.44139 -3 0 0 123
8 7 23 4.44139 -3 0 0 175
8 7 24 4.44139 -3 0 0 126
8 7 25 5.36674 0.51977 0.553127 0.3019 270
8 7 26 4.44139 -3 0 0 173
8 7 27 7.5568 0.612642 0.315031 1.08392 253
8 7 28 4.44139 -3 0 0 180
8 7 29 4.44139 -3 0 0 195
8 7 30 5.24788 0.523844 0.937398 0.121803 239
8 7 31 5.53906 0.479744 0.955542 0.1797 386
8 7 32 5.8985 0.663753 0.272559 0.511798 333
8 7 33 5.10797 0.524359 0.483859 0.199161 227
8 7 34 4.53666 0.449851 0.729615 0.112367 208
8 7 35 6.42672 0.543423 0.650741 0.374184 487
8 7 36 5.0851 0.635759 0.389082 0.705981 330
8 7 37 6.08027 0.757752 0.428667 0.322191 276
8 7 38 5.31856 0.443059 0.826581 0.0846222 674
8 7 39 2 -2 0 0 860
8 7 40 4.28532 0.507406 1.49357 0.202709 268
8 7 41 5.02779 0.651213 0.515526 0.374934 426
8 7 42 7.08003 0.597969 0.241482 0.683798 409
8 7 43 4.86826 0.649572 0.397765 0.25099 241
8 7 44 5.89758 0.602235 0.650413 0.476734 608
8 7 45 5.05976 0.444508 0.774211 0.375851 440
8 7 46 5.2194 0.618647 0.444095 0.112283 291
8 7 47 4.43699 0.449217 1.26594 0.087189 1156
8 7 48 4.30409 0.717752 0.322153 0.188612 415
8 7 49 5.70788 0.741918 0.710235 0.380578 374
8 7 50 2.43692 2.42045 1.29918 0.0442886 599
8 7 51 4.73959 0.643522 0.72625 0.0925665 517
8 7 52 2 12.1111 1.95206 0.578086 384
8 7 53 6 -2 0 0 1044
8 7 54 4 -2 0 0 581
8 7 55 4.24554 0.589538 0.676623 0.0696224 482
8 7 56 2 -2 0 0 903
8 7 57 4.42934 0.731485 0.616092 0.103039 792
8 7 58 3.45092 1.74482 1.08199 0.136406 582
8 7 59 4.94174 0.457449 1.10692 0.169225 239
8 7 60 2.89777 1.13615 1.10437 0.329102 711
8 7 61 3.66678 0.438545 0.793393 0.0657665 512
8 7 62 2.60991 1.42958 0.667619 0.177997 376
8 7 63 4.00122 0.398526 0.749778 0.062649 501
8 8 0 4.63221 -3 0 0 101
8 8 1 4.63221 -3 0 0 95
8 8 2 4.63221 -3 0 0 109
8 8 3 4.63221 -3 0 0 120
8 8 4 4.63221 -3 0 0 125
8 8 5 4.63221 -3 0 0 118
8 8 6 4.63221 -3 0 0 107
8 8 7 4.63221 -3 0 0 173
8 8 8 4.63221 -3 0 0 114
8 8 9 4.63221 -3 0 0 121
8 8 10 4.63221 -3 0 0 131
8 8 11 4.63221 -3 0 0 137
8 8 12 4.63221 -3 0 0 123
8 8 13 4.63221 -3 0 0 198
8 8 14 4.63221 -3 0 0 100
8 8 15 4.63221 -3 0 0 183
8 8 16 4.63221 -3 0 0 156
8 8 17 4.63221 -3 0 0 88
8 8 18 4.63221 -3 0 0 151
8 8 19 6.10092 0.755404 0.913666 0.181268 256
8 8 20 4.63221 -3 0 0 184
8 8 21 4.63221 -3 0 0 117
8 8 22 4.63221 -3 0 0 146
8 8 23 4.63221 -3 0 0 149
8 8 24 4.63221 -3 0 0 104
8 8 25 5.26447 0.584757 0.837857 0.513795 300
8 8 26 4.63221 -3 0 0 134
8 8 27 4.35924 0.445522 0.833127 0.139658 216
8 8 28 3.38905 0.643104 1.10347 0.158675 226
8 8 29 4.63221 -3 0 0 160
8 8 30 4.63221 -3 0 0 174
8 8 31 3 -2 0 0 382
8 8 32 5.21867 0.999964 0.351284 0.492015 282
8 8 33 6.62757 0.835891 0.568647 0.485986 296
8 8 34 4.63221 -3 0 0 145
8 8 35 5.79932 0.689325 0.585115 0.284078 499
8 8 36 6.37808 0.667934 0.63631 0.415062 223
8 8 37 4.63221 -3 0 0 197
8 8 38 4 -2 0 0 729
8 8 39 2.25731 9.20563 1.50213 0.318872 658
8 8 40 4.63221 -3 0 0 189
8 8 41 5.14174 0.734556 0.739692 0.124733 451
8 8 42 4.99674 0.705264 0.595618 0.23177 272
8 8 43 5.72705 0.631523 0.342991 0.55963 212
8 8 44 3.45558 1.9258 0.92141 0.319749 540
8 8 45 4.3928 0.472714 0.944123 0.0409591 339
8 8 46 4.63221 -3 0 0 145
8 8 47 5.6096 0.582412 0.817271 0.089632 1178
8 8 48 5.1282 0.54709 0.755704 0.130085 259
8 8 49 4.66688 0.589909 0.773529 0.209031 268
8 8 50 4.97398 0.698555 0.827056 0.117379 468
8 8 51 3.32574 1.47703 0.685154 0.36015 379
8 8 52 3.52338 1.48145 0.666106 0.456763 239
8 8 53 4.32245 0.68273 0.878047 0.0546373 824
8 8 54 8.07499 0.583733 0.521754 0.481484 402
8 8 55 5.54662 0.858613 0.448828 0.176982 277
8 8 56 3.82386 0.697596 0.649531 0.342058 489
8 8 57 3.55121 0.992874 0.685013 0.152196 428
8 8 58 6.58242 0.734605 0.701438 0.138757 285
8 8 59 4.63221 -3 0 0 199
8 8 60 4.12934 0.814394 0.871487 0.0842778 718
8 8 61 4.68069 0.82906 0.472571 0.109676 319
8 8 62 3 -2 0 0 259
8 8 63 3.50886 1.36711 0.497754 0.50043 285
8 9 0 4.60768 0.821923 0.184081 0.223707 399
8 9 1 3.8156 0.602146 0.907809 0.0581287 263
8 9 2 3 -2 0 0 227
8 9 3 4.30936 -3 0 0 88
8 9 4 4.30936 -3 0 0 119
8 9 5 4.30936 -3 0 0 107
8 9 6 4.30936 -3 0 0 171
8 9 7 4.30936 -3 0 0 68
8 9 8 4.30936 -3 0 0 177
8 9 9 4.30936 -3 0 0 123
8 9 10 4.30936 -3 0 0 100
8 9 11 4.30936 -3 0 0 138
8 9 12 4.30936 -3 0 0 111
8 9 13 4.30936 -3 0 0 70
8 9 14 3.94115 0.673099 1.21489 0.137887 251
8 9 15 4.30936 -3 0 0 67
8 9 16 4.30936 -3 0 0 87
8 9 17 4.30936 -3 0 0 157
8 9 18 4.30936 -3 0 0 85
8 9 19 4.30936 -3 0 0 59
8 9 20 4.30936 -3 0 0 85
8 9 21 4.30936 -3 0 0 143
8 9 22 4.30936 -3 0 0 92
8 9 23 4.30936 -3 0 0 139
8 9 24 5.82611 0.676478 0.620793 0.187125 223
8 9 25 4.30936 -3 0 0 51
8 9 26 6.48368 1.12716 1.02309 0.30273 239
8 9 27 4.30936 -3 0 0 66
8 9 28 4.30936 -3 0 0 66
8 9 29 4.30936 -3 0 0 131
8 9 30 4.30936 -3 0 0 63
8 9 31 4.30936 -3 0 0 54
8 9 32 4.30936 -3 0 0 48
8 9 33 4.30936 -3 0 0 37
8 9 34 6 -2 0 0 215
8 9 35 4.30936 -3 0 0 43
8 9 36 4.30936 -3 0 0 62
8 9 37 4.30936 -3 0 0 108
8 9 38 4.30936 -3 0 0 47
8 9 39 4.30936 -3 0 0 55
8 9 40 4.30936 -3 0 0 58
8 9 41 4.30936 -3 0 0 46
8 9 42 4.30936 -3 0 0 69
8 9 43 4.30936 -3 0 0 118
8 9 44 4.30936 -3 0 0 28
8 9 45 4.30936 -3 0 0 52
8 9 46 4.30936 -3 0 0 176
8 9 47 4.30936 -3 0 0 42
8 9 48 4.30936 -3 0 0 44
8 9 49 4.30936 -3 0 0 98
8 9 50 4.30936 -3 0 0 31
8 9 51 4.30936 -3 0 0 104
8 9 52 4.30936 -3 0 0 131
8 9 53 4.30936 -3 0 0 36
8 9 54 4.30936 -3 0 0 45
8 9 55 4.30936 -3 0 0 108
8 9 56 4.30936 -3 0 0 64
8 9 57 4.30936 -3 0 0 74
8 9 58 4.30936 -3 0 0 47
8 9 59 4.30936 -3 0 0 154
8 9 60 4.30936 -3 0 0 46
8 9 61 4.30936 -3 0 0 100
8 9 62 4.30936 -3 0 0 134
8 9 63 4.30936 -3 0 0 73
8 10 0 2.63863 1.86168 0.533475 0.363587 205
8 10 1 4.04058 -3 0 0 176
8 10 2 3.21402 0.796645 1.14298 0.161761 208
8 10 3 3.36671 1.18916 0.54198 0.200559 323
8 10 4 4 -2 0 0 204
8 10 5 4.66702 0.4785 0.52876 0.113633 242
8 10 6 4.44817 0.502831 0.802242 0.240395 227
8 10 7 2 10.1759 2.40948 0.176691 519
8 10 8 4.04058 -3 0 0 193
8 10 9 4.97078 0.697919 0.805259 0.257257 419
8 10 10 4.12786 0.890351 0.497573 0.11984 310
8 10 11 4.04058 -3 0 0 195
8 10 12 5.25798 0.821695 0.494086 0.293321 318
8 10 13 3.91037 0.379204 1.16509 0.198822 408
8 10 14 3.54895 0.373403 0.867719 0.0680469 207
8 10 15 4.80687 0.530244 0.526202 0.125636 392
8 10 16 4.48994 0.617866 0.693742 0.0912292 500
8 10 17 4.04058 -3 0 0 183
8 10 18 4.49985 0.36836 0.805649 0.0645892 297
8 10 19 3.06414 1.3581 0.696342 0.29486 712
8 10 20 5.50722 0.710945 0.66261 0.187728 248
8 10 21 2.85046 2.22256 1.53956 0.042827 238
8 10 22 8 -2 0 0 403
8 10 23 6.21083 0.642228 0.472651 0.27676 221
8 10 24 4.04058 -3 0 0 191
8 10 25 5.80686 0.791564 0.372369 0.556446 760
8 10 26 3 -2 0 0 218
8 10 27 4.89711 0.57145 0.622166 0.275374 386
8 10 28 4.21139 0.526473 0.94508 0.0926152 660
8 10 29 4.04058 -3 0 0 200
8 10 30 4.09876 0.502221 0.589552 0.275568 316
8 10 31 4.15208 0.55918 0.821604 0.0273492 942
8 10 32 6.01909 0.397862 0.810995 0.473278 565
8 10 33 8 -2 0 0 433
8 10 34 4.04058 -3 0 0 194
8 10 35 5.0673 0.434567 1.52933 0.14509 1392
8 10 36 3 -2 0 0 347
8 10 37 3.77292 7.03243 0.681037 0.674181 221
8 10 38 3.28271 1.16224 1.12377 0.0847881 1482
8 10 39 4.89838 0.449035 1.15041 0.156297 718
8 10 40 3 -2 0 0 383
8 10 41 4.53084 0.715689 0.989879 0.172097 689
8 10 42 4.43261 0.614119 0.228368 0.589878 419
8 10 43 3.78026 0.772946 0.744911 0.413091 255
8 10 44 3.28551 1.20696 0.871717 0.0866973 855
8 10 45 3.23056 1.44614 1.80749 0.206297 634
8 10 46 4.04058 -3 0 0 176
8 10 47 3.88141 1.10893 1.98986 0.127267 1982
8 10 48 3.97844 0.332932 1.15079 0.428967 487
8 10 49 5.1541 0.669892 1.66005 0.24297 251
8 10 50 3.80465 0.835664 0.427693 0.0959254 454
8 10 51 5 -2 0 0 405
8 10 52 3.59719 0.435688 0.970569 0.143392 249
8 10 53 5.06358 0.516159 0.750302 0.1679 1216
8 10 54 4.27328 0.488104 0.962884 0.163886 398
8 10 55 4.4748 0.823492 0.54471 0.0724213 264
8 10 56 4.24327 0.747979 0.710509 0.0801412 681
8 10 57 4.6731 0.619135 0.395359 0.17794 491
8 10 58 2.35708 7.06267 0.579501 0.527117 240
8 10 59 3.51338 0.445929 1.06212 0.16156 258
8 10 60 3.70006 0.502119 0.844151 0.116621 955
8 10 61 3.67196 0.944175 0.132739 0.122741 280
8 10 62 3.66674 0.866034 0.230853 0.18766 245
8 10 63 2 10.4272 0.939387 0.113618 374
8 11 0 3.0114 2.25632 1.05466 0.0232819 748
8 11 1 4.74883 0.587302 0.715346 0.0568533 466
8 11 2 7.47726 0.897202 0.679208 0.582954 477
8 11 3 4.94193 -3 0 0 151
8 11 4 5.12236 0.792532 0.298754 0.351526 256
8 11 5 5.78639 0.870849 0.76852 0.239758 257
8 11 6 4.02089 0.546728 0.924291 0.139987 315
8 11 7 4.94193 -3 0 0 91
8 11 8 5.28317 0.694805 0.296352 0.542931 242
8 11 9 4.94193 -3 0 0 186
8 11 10 4.94193 -3 0 0 156
8 11 11 4.97454 0.501282 1.0275 0.11124 334
8 11 12 4.94193 -3 0 0 148
8 11 13 4.94193 -3 0 0 98
8 11 14 4.68165 0.515072 0.832299 0.0513389 572
8 11 15 4.94193 -3 0 0 146
8 11 16 4.94193 -3 0 0 115
8 11 17 5.1306 0.616654 0.157813 0.261017 409
8 11 18 4.33162 0.783155 0.457569 0.385313 210
8 11 19 4.94193 -3 0 0 112
8 11 20 5.696 0.644954 0.398725 0.212656 235
8 11 21 5.24979 0.468748 0.734895 0.0714621 243
8 11 22 4.94193 -3 0 0 138
8 11 23 7.42877 0.875081 1.99662 0.521549 314
8 11 24 4.755 0.697397 1.39069 0.17305 429
8 11 25 4.94193 -3 0 0 103
8 11 26 4 -2 0 0 619
8 11 27 4.94193 -3 0 0 157
8 11 28 4.94193 -3 0 0 105
8 11 29 5.62508 0.723335 0.837072 0.16254 385
8 11 30 4.94193 -3 0 0 156
8 11 31 4.94193 -3 0 0 100
8 11 32 4.94193 -3 0 0 115
8 11 33 4.94193 -3 0 0 127
8 11 34 6.43857 0.727072 0.765092 0.325166 595
8 11 35 4.94193 -3 0 0 101
8 11 36 4.94193 -3 0 0 158
8 11 37 7.21317 0.465382 0.574293 0.592511 270
8 11 38 4.94193 -3 0 0 100
8 11 39 4.94193 -3 0 0 133
8 11 40 4.18025 1.65692 1.0187 0.128362 203
8 11 41 4.94193 -3 0 0 105
8 11 42 4.94193 -3 0 0 191
8 11 43 4.94295 0.597372 0.71599 0.0581787 337
8 11 44 4.94193 -3 0 0 95
8 11 45 4.94193 -3 0 0 113
8 11 46 5.55018 0.644145 1.03405 0.106894 447
8 11 47 4.94193 -3 0 0 92
8 11 48 4.94193 -3 0 0 131
8 11 49 4.81122 0.80404 0.460073 0.149671 271
8 11 50 4.94193 -3 0 0 110
8 11 51 4.74434 0.95494 0.629471 0.157433 293
8 11 52 4.19721 0.487115 1.17833 0.0397576 304
8 11 53 4.94193 -3 0 0 93
8 11 54 4.94193 -3 0 0 146
8 11 55 5.26759 0.634393 0.469435 0.282039 300
8 11 56 4.94193 -3 0 0 161
8 11 57 4.8055 0.996542 0.677123 0.159882 235
8 11 58 4.94193 -3 0 0 193
8 11 59 3.84073 0.508523 1.15623 0.069789 406
8 11 60 4.94193 -3 0 0 133
8 11 61 6.30072 0.623757 0.635219 0.357276 348
8 11 62 2 9.28944 1.36306 0.36548 412
8 11 63 4.18533 0.458001 1.03495 0.217921 234
8 12 0 3 -2 0 0 310
8 12 1 2.51388 1.64368 0.487745 0.788081 333
8 12 2 3.29794 0.566187 0.909102 0.136998 447
8 12 3 4.31366 0.611713 0.30676 0.307135 1056
8 12 4 3.8365 0.456874 0.841651 0.262883 341
8 12 5 4.25428 0.448202 0.915284 0.155599 401
8 12 6 5.18537 0.656966 0.837623 0.249527 612
8 12 7 3.32652 0.905018 1.43332 0.0499781 1266
8 12 8 4.55531 0.789079 0.992582 0.319023 376
8 12 9 3.90609 0.333626 1.07654 0.212629 843
8 12 10 4.1421 0.497595 1.11321 0.0986277 1156
8 12 11 3.69766 0.558624 0.571773 0.185047 309
8 12 12 2.72235 1.29895 0.635505 0.130946 466
8 12 13 3.40978 0.593258 0.732337 0.0689501 956
8 12 14 4 -2 0 0 261
8 12 15 3.46405 0.391427 1.02554 0.0751036 553
8 12 16 3.66857 0.361301 1.0878 0.0578951 1663
8 12 17 5 -2 0 0 247
8 12 18 3.27384 0.363918 0.952471 0.119961 458
8 12 19 3.97486 0.527572 0.647859 0.217355 1098
8 12 20 2 8.38076 1.51609 0.16869 298
8 12 21 3.72775 0.498881 0.992646 0.282031 621
8 12 22 4.08219 0.659992 1.86574 0.163165 945
8 12 23 4.48456 0.74414 0.728751 0.356787 224
8 12 24 2.94328 1.28532 0.428668 0.398546 278
8 12 25 3.46544 0.5324 0.982271 0.202204 999
8 12 26 2 10.9443 1.70997 0.412157 210
8 12 27 4.34125 0.467694 0.903883 0.115124 443
8 12 28 3.34798 0.612833 1.30251 0.110905 757
8 12 29 3.63586 -3 0 0 183
8 12 30 9.07555 2.05207 5 0.647955 333
8 12 31 4.24652 0.635425 0.628353 0.0883831 694
8 12 32 6.29984 0.42661 0.483594 0.290804 473
8 12 33 6.10719 0.641938 0.831388 0.290399 343
8 12 34 3.63586 -3 0 0 182
8 12 35 5.67117 1.04053 1.06481 0.41869 674
8 12 36 5 -2 0 0 201
8 12 37 4.83242 0.513994 0.881915 0.304582 205
8 12 38 2.26784 7.91745 0.961458 0.349757 500
8 12 39 3.42678 0.961023 1.4508 0.164553 243
8 12 40 3.62915 1.16231 0.569377 0.276301 303
8 12 41 4.84817 0.575438 0.441134 0.335387 377
8 12 42 2.0001 12.9123 0.945339 0.435306 227
8 12 43 4.38165 0.463153 0.885686 0.139113 210
8 12 44 3.24929 1.18443 0.539083 0.221248 468
8 12 45 3.8891 0.848774 0.212356 0.700319 286
8 12 46 2.00001 12.9982 0.724497 0.709456 211
8 12 47 5.64826 0.509978 0.743045 0.326809 488
8 12 48 3.31234 0.540601 0.338253 0.247052 213
8 12 49 3 -2 0 0 204
8 12 50 6.5586 0.776497 0.514543 0.65459 350
8 12 51 2 12.894 0.994603 0.2995 228
8 12 52 3.63586 -3 0 0 181
8 12 53 5.03002 0.79782 0.679171 0.19448 356
8 12 54 2 11.1267 0.666221 0.492501 296
8 12 55 3.63586 -3 0 0 149
8 12 56 3.63586 -3 0 0 185
8 12 57 3.63586 -3 0 0 159
8 12 58 4.19101 0.615974 0.513522 0.233949 202
8 12 59 3.63586 -3 0 0 158
8 12 60 2.32869 1.52831 0.878927 0.0661287 318
8 12 61 3.63586 -3 0 0 154
8 12 62 3.63586 -3 0 0 159
8 12 63 3.63586 -3 0 0 182
8 13 0 4.51169 0.600506 0.453227 0.0939789 238
8 13 1 4.63615 0.81095 0.924776 0.124542 294
8 13 2 4.10185 0.554397 1.07218 0.105179 216
8 13 3 5.01044 -3 0 0 127
8 13 4 5.01044 -3 0 0 188
8 13 5 5.01044 -3 0 0 177
8 13 6 5.01044 -3 0 0 188
8 13 7 5.01044 -3 0 0 83
8 13 8 5.01044 -3 0 0 194
8 13 9 5.01044 -3 0 0 116
8 13 10 5.01044 -3 0 0 106
8 13 11 5.07861 0.47235 1.05255 0.0778917 236
8 13 12 5.01044 -3 0 0 144
8 13 13 5.01044 -3 0 0 97
8 13 14 6.49586 0.543359 0.432706 0.249217 434
8 13 15 5.01044 -3 0 0 111
8 13 16 5.01044 -3 0 0 91
8 13 17 5.77186 0.779464 0.55944 0.239219 312
8 13 18 5.01044 -3 0 0 145
8 13 19 5.01044 -3 0 0 97
8 13 20 5.01044 -3 0 0 191
8 13 21 5.01044 -3 0 0 152
8 13 22 5.01044 -3 0 0 97
8 13 23 4.4802 0.474196 0.811316 0.171826 224
8 13 24 5.05606 1.08616 2.14023 0.346047 287
8 13 25 5.01044 -3 0 0 113
8 13 26 6.11996 0.650051 0.429884 0.301702 442
8 13 27 5.01044 -3 0 0 107
8 13 28 5.01044 -3 0 0 98
8 13 29 5.04684 0.500973 1.10778 0.0767194 366
8 13 30 5.01044 -3 0 0 161
8 13 31 5.01044 -3 0 0 109
8 13 32 5.01044 -3 0 0 112
8 13 33 5.01044 -3 0 0 125
8 13 34 5.86861 0.770571 0.844172 0.207386 521
8 13 35 5.01044 -3 0 0 95
8 13 36 5.01044 -3 0 0 144
8 13 37 8.03994 0.80073 1.10137 0.391002 277
8 13 38 5.01044 -3 0 0 108
8 13 39 5.66821 0.497726 0.686407 0.0872329 226
8 13 40 6.28168 0.569088 1.05362 0.186393 238
8 13 41 5.01044 -3 0 0 122
8 13 42 4 -2 0 0 250
8 13 43 8 -2 0 0 394
8 13 44 5.01044 -3 0 0 126
8 13 45 5.01044 -3 0 0 162
8 13 46 6.27572 0.692912 0.857817 0.316915 509
8 13 47 5.01044 -3 0 0 146
8 13 48 5.01044 -3 0 0 198
8 13 49 4.28183 0.543421 0.725393 0.164304 303
8 13 50 5.01044 -3 0 0 165
8 13 51 5.30983 0.936953 0.752989 0.169871 519
8 13 52 5.31258 0.865251 0.609593 0.335354 413
8 13 53 5.01044 -3 0 0 150
8 13 54 4 -2 0 0 211
8 13 55 3.61398 0.693535 0.765875 0.175138 409
8 13 56 4.78422 0.542081 1.25277 0.0928698 275
8 13 57 4.92407 0.5338 0.577808 0.0747369 368
8 13 58 4.31995 0.38861 0.92866 0.0766378 246
8 13 59 4.45911 0.507185 1.38831 0.0684267 610
8 13 60 5.01044 -3 0 0 177
8 13 61 5.10375 0.592249 0.77256 0.107175 785
8 13 62 4.44899 0.504548 1.09378 0.0769142 613
8 13 63 3.65893 0.580388 0.62795 0.115824 292
8 14 0 6.26084 1.07105 0.229139 0.389758 354
8 14 1 5.07597 0.68217 0.700308 0.121766 358
8 14 2 4.22581 0.594747 0.961888 0.184126 444
8 14 3 5.3259 0.494583 0.820044 0.0761876 480
8 14 4 3.30389 0.432149 0.830946 0.356985 286
8 14 5 4.25817 0.512536 1.26006 0.11951 405
8 14 6 2 -2 0 0 511
8 14 7 5.24466 0.582145 0.912652 0.163826 759
8 14 8 5.21648 0.567012 1.00948 0.130469 310
8 14 9 5.52174 0.585133 0.676031 0.141653 792
8 14 10 4.9442 0.772559 0.68392 0.124636 918
8 14 11 8.21197 0.47203 0.630266 0.337109 233
8 14 12 5.1266 0.637146 1.49498 0.191898 432
8 14 13 2 10.2562 1.6183 0.547295 428
8 14 14 4.68569 0.432043 0.887828 0.197507 232
8 14 15 4.12376 0.491843 1.23621 0.322424 379
8 14 16 6.96577 0.765756 0.799719 0.520555 1290
8 14 17 2 9.30267 1.81746 0.546566 211
8 14 18 6.26325 0.539289 0.923873 0.200213 304
8 14 19 6.09591 0.624864 0.557014 0.376836 569
8 14 20 4.41661 0.543834 1.01394 0.337776 238
8 14 21 11 -2 0 0 610
8 14 22 3 -2 0 0 628
8 14 23 4.81019 -3 0 0 194
8 14 24 2 -2 0 0 269
8 14 25 8 -2 0 0 422
8 14 26 4.81019 -3 0 0 177
8 14 27 4.59017 0.461983 0.947722 0.0814951 294
8 14 28 4.56887 0.479589 1.09122 0.419429 354
8 14 29 4.81019 -3 0 0 160
8 14 30 5.72079 0.813683 0.376889 0.563206 233
8 14 31 5.31261 0.537776 1.11428 0.0679987 325
8 14 32 4.81019 -3 0 0 221
8 14 33 6.36717 0.98513 0.718989 0.237429 219
8 14 34 4.81019 -3 0 0 157
8 14 35 4.48417 0.72772 1.12475 0.173679 251
8 14 36 4.81019 -3 0 0 179
8 14 37 4.81019 -3 0 0 143
8 14 38 9 -2 0 0 220
8 14 39 4.81019 -3 0 0 95
8 14 40 4.81019 -3 0 0 176
8 14 41 4.34412 0.537775 1.15473 0.249141 215
8 14 42 4.81019 -3 0 0 174
8 14 43 4.81019 -3 0 0 132
8 14 44 4.81019 -3 0 0 147
8 14 45 4.81019 -3 0 0 129
8 14 46 4.81019 -3 0 0 160
8 14 47 4.81019 -3 0 0 173
8 14 48 4.81019 -3 0 0 116
8 14 49 4.81019 -3 0 0 122
8 14 50 4.81019 -3 0 0 157
8 14 51 4.81019 -3 0 0 90
8 14 52 4.81019 -3 0 0 107
8 14 53 4.81019 -3 0 0 161
8 14 54 4.81019 -3 0 0 139
8 14 55 4.81019 -3 0 0 86
8 14 56 4.81019 -3 0 0 115
8 14 57 4.81019 -3 0 0 109
8 14 58 4.81019 -3 0 0 119
8 14 59 4.81019 -3 0 0 129
8 14 60 4.81019 -3 0 0 135
8 14 61 4.81019 -3 0 0 101
8 14 62 4.81019 -3 0 0 103
8 14 63 4.81019 -3 0 0 103
8 15 0 4.20438 -3 0 0 107
8 15 1 4.20438 -3 0 0 95
8 15 2 4.20438 -3 0 0 103
8 15 3 4.20438 -3 0 0 60
8 15 4 4.20438 -3 0 0 82
8 15 5 4.20438 -3 0 0 69
8 15 6 4.20438 -3 0 0 55
8 15 7 4.20438 -3 0 0 44
8 15 8 4.20438 -3 0 0 71
8 15 9 4.20438 -3 0 0 55
8 15 10 4.20438 -3 0 0 45
8 15 11 4.20438 -3 0 0 91
8 15 12 4.20438 -3 0 0 68
8 15 13 4.20438 -3 0 0 53
8 15 14 4.20438 -3 0 0 109
8 15 15 4.20438 -3 0 0 67
8 15 16 4.20438 -3 0 0 43
8 15 17 4.20438 -3 0 0 122
8 15 18 4.20438 -3 0 0 62
8 15 19 4.20438 -3 0 0 59
8 15 20 4.20438 -3 0 0 83
8 15 21 4.20438 -3 0 0 61
8 15 22 4.20438 -3 0 0 56
8 15 23 4.20438 -3 0 0 119
8 15 24 4.20438 -3 0 0 109
8 15 25 4.20438 -3 0 0 61
8 15 26 4.20438 -3 0 0 146
8 15 27 4.20438 -3 0 0 67
8 15 28 4.20438 -3 0 0 53
8 15 29 4.20438 -3 0 0 143
8 15 30 4.20438 -3 0 0 76
8 15 31 4.20438 -3 0 0 68
8 15 32 4.20438 -3 0 0 74
8 15 33 4.20438 -3 0 0 82
8 15 34 4.20438 -3 0 0 199
8 15 35 4.20438 -3 0 0 72
8 15 36 4.20438 -3 0 0 76
8 15 37 4.20438 -3 0 0 131
8 15 38 4.20438 -3 0 0 82
8 15 39 4.20438 -3 0 0 156
8 15 40 4.20438 -3 0 0 106
8 15 41 4.20438 -3 0 0 92
8 15 42 4.20438 -3 0 0 139
8 15 43 4.20438 -3 0 0 170
8 15 44 4.20438 -3 0 0 98
8 15 45 4.20438 -3 0 0 86
8 15 46 4.20438 -3 0 0 199
8 15 47 4.20438 -3 0 0 101
8 15 48 4.20438 -3 0 0 104
8 15 49 4.20438 -3 0 0 139
8 15 50 4.20438 -3 0 0 103
8 15 51 4.29373 0.690493 0.74399 0.239051 268
8 15 52 4.20438 -3 0 0 176
8 15 53 4.20438 -3 0 0 92
8 15 54 4.20438 -3 0 0 114
8 15 55 2.52472 6.94683 1.28989 0.134343 231
8 15 56 4.20438 -3 0 0 176
8 15 57 3.78097 0.665261 0.970572 0.109977 212
8 15 58 4.20438 -3 0 0 140
8 15 59 3.25659 0.905655 0.622312 0.383685 231
8 15 60 4.20438 -3 0 0 123
8 15 61 2.00001 11.0506 1.31784 0.132774 374
8 15 62 5.53988 0.420148 0.744012 0.226302 269
8 15 63 4.20438 -3 0 0 151
9 0 0 4.39182 -3 0 0 146
9 0 1 4.39182 -3 0 0 137
9 0 2 4.39182 -3 0 0 119
9 0 3 4.39182 -3 0 0 92
9 0 4 4.39182 -3 0 0 125
9 0 5 4.39182 -3 0 0 123
9 0 6 4.39182 -3 0 0 117
9 0 7 4.39182 -3 0 0 86
9 0 8 4.39182 -3 0 0 116
9 0 9 4.39182 -3 0 0 88
9 0 10 4.39182 -3 0 0 64
9 0 11 4.39182 -3 0 0 159
9 0 12 4.39182 -3 0 0 95
9 0 13 4.39182 -3 0 0 85
9 0 14 4.39182 -3 0 0 172
9 0 15 4.39182 -3 0 0 100
9 0 16 4.39182 -3 0 0 71
9 0 17 4.39182 -3 0 0 163
9 0 18 4.39182 -3 0 0 110
9 0 19 4.39182 -3 0 0 96
9 0 20 4.39182 -3 0 0 149
9 0 21 4.39182 -3 0 0 75
9 0 22 4.39182 -3 0 0 79
9 0 23 4.39182 -3 0 0 178
9 0 24 4.39182 -3 0 0 152
9 0 25 4.39182 -3 0 0 85
9 0 26 5.85644 0.888234 0.558295 0.215001 237
9 0 27 4.39182 -3 0 0 119
9 0 28 4.39182 -3 0 0 100
9 0 29 5.066 1.04205 0.794431 0.169657 230
9 0 30 4.39182 -3 0 0 130
9 0 31 4.39182 -3 0 0 140
9 0 32 4.39182 -3 0 0 126
9 0 33 4.39182 -3 0 0 125
9 0 34 5.05847 0.520541 1.0568 0.0936572 278
9 0 35 4.39182 -3 0 0 150
9 0 36 4.39182 -3 0 0 135
9 0 37 5.42792 0.557539 0.643107 0.0830921 220
9 0 38 4.39182 -3 0 0 144
9 0 39 6.20517 0.754152 0.5635 0.271832 308
9 0 40 4.39182 -3 0 0 186
9 0 41 4.39182 -3 0 0 144
9 0 42 4.39182 -3 0 0 197
9 0 43 4.15726 0.48078 0.908771 0.017441 266
9 0 44 4.39182 -3 0 0 166
9 0 45 4.39182 -3 0 0 161
9 0 46 6.38023 0.508906 0.152637 0.328773 370
9 0 47 6.50847 0.697689 0.568831 0.271357 207
9 0 48 4.39182 -3 0 0 192
9 0 49 6 -2 0 0 222
9 0 50 7.47508 0.476088 0.905914 0.548008 205
9 0 51 3.864 0.467594 1.02123 0.0769488 616
9 0 52 3.38476 1.10083 0.930294 0.0563633 368
9 0 53 4.39182 -3 0 0 191
9 0 54 4.78049 0.680682 0.285056 0.370447 251
9 0 55 4.31761 0.691333 0.713359 0.102668 434
9 0 56 5.10357 0.58676 0.879892 0.242267 402
9 0 57 5.44072 0.695042 0.576456 0.138675 451
9 0 58 4.52133 0.748265 0.325195 0.20332 269
9 0 59 2.84064 1.47403 0.66242 0.154557 410
9 0 60 3 -2 0 0 252
9 0 61 2.25373 8.83809 1.32425 0.480888 748
9 0 62 2 8.33265 2.1042 0.285349 531
9 0 63 5.38143 0.623906 0.884269 0.13675 338
9 1 0 2.81339 1.58765 1.38618 0.138721 601
9 1 1 2.24826 9.67575 1.62459 0.32118 671
9 1 2 4.46097 0.395436 0.938209 0.106773 729
9 1 3 7 -2 0 0 544
9 1 4 4.18322 0.714035 0.624792 0.308491 357
9 1 5 4.81783 0.379354 0.875294 0.168356 543
9 1 6 7.88324 0.431929 0.832154 0.266109 712
9 1 7 2.71134 2.22759 1.5242 0.140857 596
9 1 8 2 8.56823 1.71146 0.487169 449
9 1 9 8 -2 0 0 796
9 1 10 6.30546 0.535699 0.685463 0.22842 958
9 1 11 5.02089 0.560466 0.807853 0.198094 325
9 1 12 8 -2 0 0 481
9 1 13 4.41489 0.57458 0.933525 0.323806 406
9 1 14 7.09842 0.527977 0.543598 0.400449 379
9 1 15 5.12332 0.60991 0.554465 0.237541 346
9 1 16 4.28377 0.674194 1.06847 0.0599985 990
9 1 17 7.07202 0.563281 0.54895 0.392234 305
9 1 18 8 -2 0 0 348
9 1 19 5.64175 0.650639 0.681608 0.212863 498
9 1 20 6.67449 0.604833 0.503747 0.523973 240
9 1 21 3 -2 0 0 794
9 1 22 5.60012 0.574535 0.591372 0.336984 542
9 1 23 6.36041 0.570431 0.678905 0.185471 252
9 1 24 7 -2 0 0 422
9 1 25 4.29816 0.795378 0.908891 0.137523 351
9 1 26 5.84821 0.642402 0.704372 0.106279 318
9 1 27 8 -2 0 0 307
9 1 28 4.51914 0.615063 0.654604 0.124162 321
9 1 29 7.03117 0.530212 0.528233 0.292939 236
9 1 30 5.36351 0.549264 0.621191 0.431672 258
9 1 31 3 -2 0 0 260
9 1 32 6.80503 0.435222 0.58901 0.729868 219
9 1 33 5.76557 0.607782 0.515579 0.356173 203
9 1 34 5.45617 0.617161 0.659386 0.0689628 207
9 1 35 5.89303 0.995019 0.591852 0.396205 203
9 1 36 4.74548 -3 0 0 188
9 1 37 4.74548 -3 0 0 188
9 1 38 4.74548 -3 0 0 147
9 1 39 4.74548 -3 0 0 127
9 1 40 6.42011 0.698696 1.08481 0.568721 217
9 1 41 4.74548 -3 0 0 183
9 1 42 4.74548 -3 0 0 161
9 1 43 9 -2 0 0 206
9 1 44 4.74548 -3 0 0 146
9 1 45 4.74548 -3 0 0 173
9 1 46 4.74548 -3 0 0 193
9 1 47 4.74548 -3 0 0 119
9 1 48 4.74548 -3 0 0 150
9 1 49 4.74548 -3 0 0 159
9 1 50 4.74548 -3 0 0 131
9 1 51 4.74548 -3 0 0 115
9 1 52 4.74548 -3 0 0 150
9 1 53 4.74548 -3 0 0 137
9 1 54 4.74548 -3 0 0 146
9 1 55 4.74548 -3 0 0 108
9 1 56 4.74548 -3 0 0 96
9 1 57 4.74548 -3 0 0 129
9 1 58 4.74548 -3 0 0 123
9 1 59 4.74548 -3 0 0 155
9 1 60 4.74548 -3 0 0 99
9 1 61 4.74548 -3 0 0 118
9 1 62 4.74548 -3 0 0 113
9 1 63 4.74548 -3 0 0 123
9 2 0 6.67436 0.663761 0.964939 0.45197 511
9 2 1 5 -2 0 0 382
9 2 2 3 -2 0 0 333
9 2 3 4.25224 -3 0 0 159
9 2 4 6 -2 0 0 311
9 2 5 4.3346 0.550341 0.710442 0.163164 296
9 2 6 5.93286 0.634905 0.829763 0.395608 286
9 2 7 4.25224 -3 0 0 121
9 2 8 4.40148 0.615877 0.590616 0.170455 315
9 2 9 4.25224 -3 0 0 179
9 2 10 4.25224 -3 0 0 139
9 2 11 4.16138 0.727387 0.910135 0.245788 396
9 2 12 3.65498 0.491285 1.02931 0.0586285 224
9 2 13 4.25224 -3 0 0 148
9 2 14 5.44224 0.571103 0.868555 0.171279 582
9 2 15 4.25224 -3 0 0 197
9 2 16 4.25224 -3 0 0 139
9 2 17 4.66544 0.618446 1.21892 0.345812 436
9 2 18 4.64343 0.443752 1.16817 0.0794081 219
9 2 19 7 -2 0 0 227
9 2 20 5.33355 0.646894 0.719038 0.16011 348
9 2 21 4.25224 -3 0 0 196
9 2 22 4.25224 -3 0 0 148
9 2 23 6.51438 0.447194 0.661412 0.209093 417
9 2 24 4.61925 0.460062 1.17702 0.204391 420
9 2 25 4.25224 -3 0 0 143
9 2 26 2.54143 2.25719 1.60698 0.110438 783
9 2 27 4.25224 -3 0 0 170
9 2 28 4.25224 -3 0 0 187
9 2 29 3.49729 0.428565 1.15412 0.540657 545
9 2 30 5.28614 1.00636 0.435152 0.229049 216
9 2 31 4.25224 -3 0 0 131
9 2 32 4.25224 -3 0 0 186
9 2 33 3.7162 0.430361 1.16469 0.187016 204
9 2 34 2.95834 1.87952 1.81935 0.189273 767
9 2 35 4.25224 -3 0 0 177
9 2 36 4.75282 0.41553 0.968714 0.101731 275
9 2 37 4.53329 0.763073 1.29985 0.19289 430
9 2 38 4.25224 -3 0 0 157
9 2 39 4.25224 -3 0 0 137
9 2 40 3 -2 0 0 328
9 2 41 4.25224 -3 0 0 197
9 2 42 5.83543 0.422886 0.162874 0.447067 359
9 2 43 5.86095 0.616458 0.736952 0.145299 607
9 2 44 4.25224 -3 0 0 187
9 2 45 4.25224 -3 0 0 246
9 2 46 4.52052 0.600683 0.792603 0.0520917 880
9 2 47 4.97144 0.526609 0.629106 0.287 228
9 2 48 6.04441 0.698309 0.915707 0.550054 291
9 2 49 4.4777 0.794896 0.915066 0.17709 528
9 2 50 5 -2 0 0 286
9 2 51 4.93653 0.595789 0.706381 0.207018 991
9 2 52 3.38989 1.0869 0.636676 0.183129 721
9 2 53 4.40022 0.523927 0.785903 0.0761442 245
9 2 54 2 -2 0 0 380
9 2 55 4.33847 0.445515 0.403768 0.302068 795
9 2 56 2 -2 0 0 498
9 2 57 4.97369 0.493987 0.889774 0.330286 780
9 2 58 4.05562 0.554078 1.03934 0.0429444 503
9 2 59 5 -2 0 0 1127
9 2 60 5.77656 0.72956 0.249603 0.430307 307
9 2 61 3.55292 0.705956 0.90316 0.0598869 1597
9 2 62 3.36002 0.565704 0.719575 0.17088 1259
9 2 63 3.20369 1.32592 0.865683 0.211415 655
9 3 0 2.20797 7.73397 0.503257 0.396594 540
9 3 1 2 10.3586 2.32873 0.281519 648
9 3 2 2 -2 0 0 634
9 3 3 3.10909 0.397415 0.91429 0.135332 412
9 3 4 3.65737 0.516789 0.322786 0.229359 390
9 3 5 3.74562 0.409991 0.683341 0.0807664 503
9 3 6 5.02737 1.13597 1.14187 0.620849 775
9 3 7 2.00007 9.77641 1.29841 0.172781 917
9 3 8 2.6105 1.31013 0.983257 0.131886 396
9 3 9 3 -2 0 0 681
9 3 10 3.10422 0.879235 1.17904 0.0497342 943
9 3 11 3 -2 0 0 411
9 3 12 5 -2 0 0 691
9 3 13 3.52807 0.391962 0.844994 0.103787 771
9 3 14 6.49812 0.483493 0.746843 0.246403 458
9 3 15 3.81742 0.458358 0.935652 0.0863234 511
9 3 16 2 -2 0 0 1444
9 3 17 4 -2 0 0 381
9 3 18 6 -2 0 0 513
9 3 19 4.7777 0.626938 0.455099 0.197312 688
9 3 20 3.07483 -3 0 0 186
9 3 21 6 -2 0 0 789
9 3 22 2.00002 11.4734 1.25746 0.10921 666
9 3 23 4.42131 0.562753 0.351331 0.405377 272
9 3 24 3 -2 0 0 445
9 3 25 3 -2 0 0 638
9 3 26 3.40682 0.444648 0.910148 0.107654 332
9 3 27 4 -2 0 0 284
9 3 28 3.56587 0.386126 0.906817 0.131544 385
9 3 29 5 -2 0 0 304
9 3 30 4.28009 0.776791 0.406968 0.452135 361
9 3 31 3.04929 0.501368 0.889605 0.244989 541
9 3 32 2.4099 1.48939 0.924642 0.62392 418
9 3 33 7 -2 0 0 363
9 3 34 7.55336 0.737172 0.589328 0.708816 345
9 3 35 3 -2 0 0 511
9 3 36 4.63647 0.875988 0.135131 0.223955 313
9 3 37 2 8.9089 2.09368 0.270353 378
9 3 38 4.28667 0.658545 0.504939 0.110792 473
9 3 39 2 10.8396 1.21139 0.20865 249
9 3 40 2 9.3121 1.55284 0.401983 262
9 3 41 9.06102 2.42352 5 1.08157 306
9 3 42 2 1.93403 0.775248 0.757702 258
9 3 43 4 -2 0 0 255
9 3 44 3.46773 0.355383 1.03485 0.279853 247
9 3 45 2 9.68552 1.39668 0.177842 268
9 3 46 6.19958 1.30794 0.93115 0.600032 299
9 3 47 3.86082 0.527538 0.605783 0.0491537 324
9 3 48 2.79118 1.29376 0.740976 0.382853 290
9 3 49 2 9.22421 1.35941 0.394841 203
9 3 50 3.90038 0.645775 0.474567 0.438754 300
9 3 51 3.67901 0.568399 0.893762 0.0532177 215
9 3 52 4.5738 0.563417 0.392519 0.411701 243
9 3 53 2.93564 0.579155 0.857366 0.124932 258
9 3 54 2 12.4212 1.66593 0.361137 244
9 3 55 2.43267 2.36304 0.440227 0.104746 247
9 3 56 2 12.7647 1.01772 0.411845 246
9 3 57 3.63531 0.554942 0.599402 0.1186 238
9 3 58 3.3966 0.862712 0.246822 0.18199 433
9 3 59 3.33398 0.478001 0.955958 0.20493 282
9 3 60 3.9019 0.46419 1.17297 0.180636 241
9 3 61 2.12587 8.01659 0.770701 0.268655 230
9 3 62 3.66041 0.464387 0.719742 0.166326 252
9 3 63 4.17785 0.767765 0.301097 0.264445 219
9 4 0 8 -2 0 0 1737
9 4 1 2 -2 0 0 1032
9 4 2 5.67857 1.30739 1.25547 0.394631 736
9 4 3 3.66276 -3 0 0 96
9 4 4 3.66276 -3 0 0 44
9 4 5 4.04948 0.60334 0.483253 0.417535 471
9 4 6 5.4253 0.572642 0.62688 0.308929 508
9 4 7 3.66276 -3 0 0 198
9 4 8 4.75735 0.598648 0.193692 0.620747 590
9 4 9 2 12.0378 2.64088 0.695477 372
9 4 10 2 11.9932 1.16447 0.672187 255
9 4 11 3.99344 0.397647 1.21018 0.195772 483
9 4 12 4.51654 0.575898 0.827815 0.222083 303
9 4 13 3.66276 -3 0 0 195
9 4 14 2 -2 0 0 1379
9 4 15 3.66276 -3 0 0 118
9 4 16 5.51555 0.547827 0.446105 0.33236 217
9 4 17 2.57666 1.3207 0.682425 0.607342 804
9 4 18 0 -10 0 0 0
9 4 19 3.66276 -3 0 0 170
9 4 20 2 1.83984 1.67163 0.404556 351
9 4 21 4.1295 0.527171 0.982387 0.0984871 388
9 4 22 3 -2 0 0 248
9 4 23 10 -2 0 0 378
9 4 24 3.47593 1.04578 1.04137 0.0738542 770
9 4 25 3.66276 -3 0 0 174
9 4 26 2 -2 0 0 1215
9 4 27 3.66276 -3 0 0 42
9 4 28 3.66276 -3 0 0 193
9 4 29 2 12.5815 2.10271 0.353937 658
9 4 30 3.66276 -3 0 0 190
9 4 31 3.66276 -3 0 0 154
9 4 32 3.66276 -3 0 0 188
9 4 33 3.66276 -3 0 0 52
9 4 34 3.66276 -3 0 0 1007
9 4 35 3.66276 -3 0 0 146
9 4 36 0 -10 0 0 0
9 4 37 0 -10 0 0 0
9 4 38 3.66276 -3 0 0 143
9 4 39 4.17124 0.834629 0.369589 0.191043 215
9 4 40 4.03014 0.740432 0.622523 0.393077 445
9 4 41 3.66276 -3 0 0 167
9 4 42 3.66276 -3 0 0 40
9 4 43 4.65742 0.524921 0.789082 0.115186 595
9 4 44 3.66276 -3 0 0 143
9 4 45 2 -2 0 0 211
9 4 46 3 -2 0 0 919
9 4 47 3.66276 -3 0 0 110
9 4 48 2 -2 0 0 221
9 4 49 6.61927 0.489541 0.289985 0.553407 419
9 4 50 3.66276 -3 0 0 170
9 4 51 2.0057 9.06602 1.34013 0.143069 424
9 4 52 4.32686 0.463216 0.996831 0.159661 526
9 4 53 3.66276 -3 0 0 154
9 4 54 3.46834 0.446566 0.805158 0.297118 221
9 4 55 3.42822 1.05123 0.954934 0.0972494 415
9 4 56 5.58902 0.552165 0.655578 0.141959 244
9 4 57 4.12535 0.609436 0.779988 0.119841 404
9 4 58 3 -2 0 0 260
9 4 59 2.60305 8.15118 0.929567 0.0882951 725
9 4 60 3.66276 -3 0 0 191
9 4 61 3 -2 0 0 626
9 4 62 2.54907 1.4168 0.842141 0.137169 628
9 4 63 2 10.3458 0.596859 0.18689 362
9 5 0 5.81636 0.978432 0.711269 0.21201 218
9 5 1 3.1419 0.413916 0.816642 0.39925 202
9 5 2 3.76392 1.13227 0.519077 0.104611 292
9 5 3 5.26459 0.717681 0.411747 0.437694 290
9 5 4 3.12542 0.541739 0.740746 0.0629817 283
9 5 5 3.57378 0.445791 0.773323 0.189785 274
9 5 6 5.47203 0.545066 0.338912 0.36369 281
9 5 7 3.54641 0.384737 0.998125 0.0825106 402
9 5 8 4 -2 0 0 264
9 5 9 6.72693 0.727887 0.775682 0.368642 214
9 5 10 2 -2 0 0 317
9 5 11 3.83143 0.484381 0.720764 0.0650843 333
9 5 12 7 -2 0 0 307
9 5 13 4.04801 0.426286 0.757758 0.206013 404
9 5 14 4.02924 0.497063 1.05029 0.144946 263
9 5 15 2.73245 1.40997 0.409597 0.0812527 250
9 5 16 4.73947 0.730661 1.00293 0.273511 387
9 5 17 3.42063 1.20447 0.419049 0.151807 301
9 5 18 3.65165 -3 0 0 195
9 5 19 3.6748 0.535132 0.876957 0.242925 466
9 5 20 3.74959 0.469821 1.16633 0.158784 397
9 5 21 2.49951 1.67987 0.531886 0.338466 286
9 5 22 4.76158 0.407478 0.645996 0.320982 345
9 5 23 4.3145 0.535848 0.572268 0.127347 296
9 5 24 3.4492 0.540044 0.699295 0.0355322 203
9 5 25 3.23717 0.853786 1.27015 0.199455 561
9 5 26 4.93345 0.54525 0.816862 0.114666 333
9 5 27 3.65165 -3 0 0 172
9 5 28 5.23281 0.986892 1.08295 0.510186 419
9 5 29 3.48704 0.523596 0.528596 0.231701 204
9 5 30 4.08727 0.396008 0.645504 0.265069 235
9 5 31 5.67865 0.677656 0.944804 0.271096 606
9 5 32 2 -2 0 0 514
9 5 33 3.65165 -3 0 0 69
9 5 34 5.53806 0.412688 0.53705 0.35659 222
9 5 35 7 -2 0 0 1010
9 5 36 4.75312 0.745909 0.687106 0.0842291 548
9 5 37 2 12.9931 1.34426 0.419935 475
9 5 38 3.08549 2.23338 1.24762 0.326896 843
9 5 39 3.77838 0.560284 1.0623 0.0522191 864
9 5 40 3.65165 -3 0 0 44
9 5 41 3.73494 1.72635 1.46762 0.31897 589
9 5 42 3.90921 1.00454 0.771669 0.0934946 279
9 5 43 2.4973 1.78572 0.742062 0.113257 399
9 5 44 3.37703 0.710134 0.807569 0.0704249 913
9 5 45 3.61237 0.953471 0.380889 0.0842393 613
9 5 46 3 -2 0 0 476
9 5 47 4.27058 0.405571 1.20409 0.0367486 1418
9 5 48 3.92031 0.812143 0.579971 0.195441 389
9 5 49 2.67357 1.73739 1.12537 0.105269 386
9 5 50 5.50311 0.583454 0.492652 0.43063 477
9 5 51 2.89727 1.50625 0.676772 0.169064 783
9 5 52 2.16269 10.3615 1.33559 0.193928 541
9 5 53 3.09101 0.497464 0.637076 0.145311 236
9 5 54 2 12.9997 1.23355 0.215221 683
9 5 55 4.25417 0.487865 0.69988 0.20676 519
9 5 56 4.51159 0.519051 0.385698 0.348659 882
9 5 57 4.12617 0.595656 0.534795 0.106079 645
9 5 58 2 8.37804 2.14605 0.392789 500
9 5 59 2.51803 1.49444 0.592687 0.0897175 377
9 5 60 3.88849 0.347807 0.913347 0.10062 858
9 5 61 2.89114 1.35015 0.795065 0.100371 929
9 5 62 2 -2 0 0 428
9 5 63 2 -2 0 0 713
9 6 0 3.89052 0.717012 0.946371 0.0892652 773
9 6 1 3 -2 0 0 541
9 6 2 5.41428 1.25592 0.402137 0.174414 457
9 6 3 5.19596 -3 0 0 191
9 6 4 4 -2 0 0 248
9 6 5 4.63643 0.515245 0.954888 0.0713226 314
9 6 6 5.4382 0.639589 0.677454 0.136799 385
9 6 7 5.19596 -3 0 0 116
9 6 8 5.62681 0.558255 1.09642 0.0556438 366
9 6 9 3.53574 1.7018 0.803672 0.241665 226
9 6 10 5.19596 -3 0 0 200
9 6 11 5.01182 0.659037 0.349532 0.362605 258
9 6 12 4.84268 0.598096 1.24186 0.0751609 258
9 6 13 5.19596 -3 0 0 148
9 6 14 4.9222 0.57305 1.0191 0.0528687 537
9 6 15 5.19596 -3 0 0 167
9 6 16 5.19596 -3 0 0 149
9 6 17 5.40988 0.572046 0.938268 0.116162 321
9 6 18 5.19596 -3 0 0 178
9 6 19 5.19596 -3 0 0 122
9 6 20 5.19596 -3 0 0 187
9 6 21 7.00555 0.554634 0.655729 0.27673 271
9 6 22 5.19596 -3 0 0 130
9 6 23 5.83294 0.543137 0.307489 0.220276 210
9 6 24 5.53995 0.530944 0.827476 0.158822 405
9 6 25 5.19596 -3 0 0 101
9 6 26 7.70377 0.55012 0.924851 0.461072 463
9 6 27 5.19596 -3 0 0 132
9 6 28 5.19596 -3 0 0 110
9 6 29 7 -2 0 0 244
9 6 30 5.19596 -3 0 0 149
9 6 31 5.19596 -3 0 0 82
9 6 32 5.19596 -3 0 0 109
9 6 33 5.19596 -3 0 0 87
9 6 34 5.96198 0.705525 0.60463 0.436745 356
9 6 35 5.19596 -3 0 0 83
9 6 36 5.19596 -3 0 0 150
9 6 37 5.19596 -3 0 0 167
9 6 38 5.19596 -3 0 0 78
9 6 39 5.19596 -3 0 0 83
9 6 40 5.19596 -3 0 0 161
9 6 41 5.19596 -3 0 0 84
9 6 42 5.19596 -3 0 0 133
9 6 43 4.40761 0.680984 1.24433 0.23942 207
9 6 44 5.19596 -3 0 0 66
9 6 45 5.19596 -3 0 0 97
9 6 46 5.53441 0.647547 0.840322 0.124272 253
9 6 47 5.19596 -3 0 0 57
9 6 48 5.19596 -3 0 0 83
9 6 49 5.19596 -3 0 0 140
9 6 50 5.19596 -3 0 0 76
9 6 51 5.19596 -3 0 0 102
9 6 52 5.19596 -3 0 0 141
9 6 53 5.19596 -3 0 0 76
9 6 54 5.19596 -3 0 0 85
9 6 55 5.19596 -3 0 0 166
9 6 56 5.19596 -3 0 0 95
9 6 57 5.19596 -3 0 0 124
9 6 58 5.19596 -3 0 0 100
9 6 59 3.83929 0.507898 0.953989 0.203157 205
9 6 60 5.19596 -3 0 0 74
9 6 61 5.19596 -3 0 0 133
9 6 62 5.19596 -3 0 0 180
9 6 63 5.19596 -3 0 0 126
9 7 0 4.48665 -3 0 0 104
9 7 1 4.48665 -3 0 0 120
9 7 2 4.48665 -3 0 0 115
9 7 3 4.48665 -3 0 0 146
9 7 4 4.48665 -3 0 0 142
9 7 5 4.48665 -3 0 0 116
9 7 6 4.48665 -3 0 0 125
9 7 7 4.48665 -3 0 0 183
9 7 8 4.48665 -3 0 0 139
9 7 9 4.48665 -3 0 0 145
9 7 10 4.48665 -3 0 0 149
9 7 11 3.94264 0.425414 1.10003 0.343855 205
9 7 12 4.48665 -3 0 0 133
9 7 13 4.48665 -3 0 0 196
9 7 14 4.48665 -3 0 0 126
9 7 15 8.48227 2.98987 5 0.968863 212
9 7 16 4.48665 -3 0 0 175
9 7 17 4.48665 -3 0 0 172
9 7 18 4.48665 -3 0 0 178
9 7 19 3.91744 0.931046 0.851374 0.183595 233
9 7 20 7.04075 0.492599 1.01448 0.60983 225
9 7 21 4.48665 -3 0 0 141
9 7 22 4.48665 -3 0 0 143
9 7 23 7 -2 0 0 232
9 7 24 4.48665 -3 0 0 148
9 7 25 8 -2 0 0 270
9 7 26 4.48665 -3 0 0 161
9 7 27 7 -2 0 0 259
9 7 28 5.19277 0.693751 0.423235 0.66974 236
9 7 29 4.48665 -3 0 0 192
9 7 30 3 -2 0 0 219
9 7 31 7.31622 0.437083 0.663463 0.323274 384
9 7 32 4.57238 0.463812 0.893362 0.162756 306
9 7 33 4.83372 0.591242 0.953065 0.228024 348
9 7 34 5.43262 0.546866 0.422941 0.31964 203
9 7 35 5.37258 0.661853 0.57627 0.13038 468
9 7 36 3.70345 0.452615 0.979345 0.459928 344
9 7 37 2 -2 0 0 287
9 7 38 2 -2 0 0 724
9 7 39 5.22046 0.57133 0.962401 0.106339 946
9 7 40 5.63184 0.485813 0.309548 0.225502 306
9 7 41 6.23855 0.437043 0.113595 0.533764 438
9 7 42 6.40067 0.424559 0.439726 0.576927 376
9 7 43 5.03696 0.649368 0.791126 0.140381 250
9 7 44 4.3058 0.540076 1.23957 0.0494142 621
9 7 45 3.63954 0.423047 0.973107 0.374191 452
9 7 46 4.90046 0.511129 0.917176 0.173007 260
9 7 47 4.6542 0.56805 0.884713 0.0532212 1073
9 7 48 5.43905 0.973455 0.646732 0.203698 384
9 7 49 2 -2 0 0 339
9 7 50 8 -2 0 0 582
9 7 51 6.02357 0.599445 1.06247 0.108427 579
9 7 52 4.42441 0.447274 0.82976 0.166376 333
9 7 53 6 -2 0 0 962
9 7 54 4.80493 0.447296 0.911346 0.0916186 595
9 7 55 3.32328 1.45771 1.1004 0.14784 419
9 7 56 4.64705 0.84454 0.849008 0.0564136 862
9 7 57 3.81124 0.73097 0.999187 0.0968854 761
9 7 58 3.62193 0.550344 0.90989 0.0320363 598
9 7 59 2 9.06235 1.48598 0.192354 298
9 7 60 3.76521 0.549548 0.790399 0.115115 983
9 7 61 3.65556 0.743131 0.671011 0.165469 577
9 7 62 3 -2 0 0 413
9 7 63 3.96622 0.460871 1.06782 0.0947741 474
9 8 0 4.49065 -3 0 0 130
9 8 1 4.49065 -3 0 0 109
9 8 2 4.49065 -3 0 0 135
9 8 3 4.49065 -3 0 0 141
9 8 4 4.49065 -3 0 0 150
9 8 5 4.49065 -3 0 0 154
9 8 6 4.49065 -3 0 0 131
9 8 7 4.36403 0.535777 0.683131 0.048812 211
9 8 8 4.49065 -3 0 0 119
9 8 9 4.49065 -3 0 0 170
9 8 10 4.49065 -3 0 0 118
9 8 11 4.49065 -3 0 0 163
9 8 12 4.49065 -3 0 0 130
9 8 13 2 10.0843 1.9643 0.28211 231
9 8 14 4.49065 -3 0 0 119
9 8 15 4.49065 -3 0 0 199
9 8 16 4.49065 -3 0 0 190
9 8 17 4.49065 -3 0 0 148
9 8 18 4.49065 -3 0 0 142
9 8 19 4.43457 0.850046 0.41535 0.19545 290
9 8 20 4.49065 -3 0 0 12
9 8 21 4.49065 -3 0 0 132
9 8 22 4.49065 -3 0 0 156
9 8 23 7 -2 0 0 202
9 8 24 4.49065 -3 0 0 116
9 8 25 5.31061 0.682895 0.352797 0.193347 355
9 8 26 4.49065 -3 0 0 137
9 8 27 4.95644 0.475823 1.02865 0.20941 233
9 8 28 4.93317 0.728302 0.472886 0.279031 292
9 8 29 4.49065 -3 0 0 163
9 8 30 8.17682 0.60651 0.195649 0.576621 245
9 8 31 6.84032 0.673786 0.377565 0.567366 496
9 8 32 4.40898 0.45229 0.999198 0.0971461 379
9 8 33 3.2531 1.66148 0.951625 0.358528 307
9 8 34 4.49065 -3 0 0 176
9 8 35 4.58435 0.582351 0.876444 0.0309723 569
9 8 36 4.32648 0.582494 0.664308 0.246972 339
9 8 37 4.49065 -3 0 0 120
9 8 38 4.4765 0.906888 1.03401 0.122681 888
9 8 39 2 10.9988 2.3483 0.205889 760
9 8 40 4.49065 -3 0 0 16
9 8 41 4.43693 0.547401 0.888413 0.130382 480
9 8 42 4.49065 -3 0 0 148
9 8 43 5.45426 1.08654 0.263267 0.430537 220
9 8 44 6.04936 1.32762 0.901318 0.27068 698
9 8 45 4.80505 0.671573 0.440043 0.111848 392
9 8 46 4.49065 -3 0 0 150
9 8 47 4.94937 0.771456 0.689106 0.104423 1322
9 8 48 6.36629 0.683327 0.689756 0.465844 383
9 8 49 4.49065 -3 0 0 100
9 8 50 5.00979 0.527116 0.767585 0.159639 600
9 8 51 4.00373 0.558101 1.26379 0.0374035 381
9 8 52 6.25716 0.612383 0.824397 0.167591 207
9 8 53 4.49065 -3 0 0 101
9 8 54 3.79281 0.511619 1.08876 0.0379399 427
9 8 55 3.75947 0.495522 0.897598 0.178064 295
9 8 56 4.49065 -3 0 0 337
9 8 57 4.88031 0.820133 0.942813 0.353947 482
9 8 58 3.34036 0.541967 0.799217 0.147437 399
9 8 59 4.31567 1.10759 0.426329 0.11041 240
9 8 60 4.49065 -3 0 0 81
9 8 61 5.51504 0.619545 0.325257 0.207169 351
9 8 62 2 8.28889 1.3134 0.810575 296
9 8 63 3.35925 0.454579 0.93245 0.0479758 347
9 9 0 3.13435 0.790972 0.669531 0.048831 425
9 9 1 2.94668 0.850647 0.996267 0.178728 302
9 9 2 4.44296 0.614422 0.871906 0.103861 249
9 9 3 4.10962 -3 0 0 96
9 9 4 4.10962 -3 0 0 113
9 9 5 4.10962 -3 0 0 142
9 9 6 4.10962 -3 0 0 194
9 9 7 4.10962 -3 0 0 72
9 9 8 4.10962 -3 0 0 173
9 9 9 4.10962 -3 0 0 131
9 9 10 4.10962 -3 0 0 101
9 9 11 4.10962 -3 0 0 152
9 9 12 4.10962 -3 0 0 121
9 9 13 4.10962 -3 0 0 68
9 9 14 3.91032 0.59838 0.857953 0.109997 296
9 9 15 4.10962 -3 0 0 78
9 9 16 4.10962 -3 0 0 98
9 9 17 4.10962 -3 0 0 191
9 9 18 4.10962 -3 0 0 102
9 9 19 4.10962 -3 0 0 76
9 9 20 4.10962 -3 0 0 105
9 9 21 4.10962 -3 0 0 163
9 9 22 4.10962 -3 0 0 90
9 9 23 4.10962 -3 0 0 141
9 9 24 4.19514 0.715603 0.601081 0.0940838 274
9 9 25 4.10962 -3 0 0 69
9 9 26 4.72305 0.620231 0.613186 0.0829749 227
9 9 27 4.10962 -3 0 0 87
9 9 28 4.10962 -3 0 0 75
9 9 29 4.10962 -3 0 0 172
9 9 30 4.10962 -3 0 0 90
9 9 31 4.10962 -3 0 0 45
9 9 32 4.10962 -3 0 0 61
9 9 33 4.10962 -3 0 0 88
9 9 34 4.99208 0.591833 0.86447 0.171645 232
9 9 35 4.10962 -3 0 0 30
9 9 36 4.10962 -3 0 0 66
9 9 37 4.10962 -3 0 0 122
9 9 38 4.10962 -3 0 0 48
9 9 39 4.10962 -3 0 0 57
9 9 40 4.10962 -3 0 0 73
9 9 41 4.10962 -3 0 0 45
9 9 42 4.10962 -3 0 0 74
9 9 43 4.10962 -3 0 0 169
9 9 44 4.10962 -3 0 0 30
9 9 45 4.10962 -3 0 0 63
9 9 46 6.38144 0.783688 0.421704 0.266739 214
9 9 47 4.10962 -3 0 0 45
9 9 48 4.10962 -3 0 0 56
9 9 49 4.10962 -3 0 0 97
9 9 50 4.10962 -3 0 0 62
9 9 51 4.10962 -3 0 0 82
9 9 52 4.10962 -3 0 0 126
9 9 53 4.10962 -3 0 0 40
9 9 54 4.10962 -3 0 0 60
9 9 55 4.10962 -3 0 0 106
9 9 56 4.10962 -3 0 0 68
9 9 57 4.10962 -3 0 0 98
9 9 58 4.10962 -3 0 0 53
9 9 59 4.10962 -3 0 0 115
9 9 60 4.10962 -3 0 0 41
9 9 61 4.10962 -3 0 0 112
9 9 62 4.10962 -3 0 0 138
9 9 63 4.10962 -3 0 0 104
9 10 0 3.87882 -3 0 0 143
9 10 1 3.87882 -3 0 0 192
9 10 2 5 -2 0 0 222
9 10 3 4.98375 0.473541 1.13166 0.228823 285
9 10 4 2 9.32836 2.22374 0.291886 263
9 10 5 3.46258 0.440273 0.455132 0.329713 282
9 10 6 4.71106 0.774051 0.823241 0.262724 261
9 10 7 6 -2 0 0 762
9 10 8 3 -2 0 0 225
9 10 9 5.28471 0.546813 1.24255 0.348102 306
9 10 10 4.11047 0.478961 0.857794 0.109287 302
9 10 11 3.61397 0.978931 0.247583 0.369926 207
9 10 12 4 -2 0 0 329
9 10 13 4.01296 0.577422 0.443256 0.158904 443
9 10 14 3.87882 -3 0 0 168
9 10 15 3.62931 0.411134 1.02658 0.117922 396
9 10 16 4.18633 0.539106 0.918644 0.0241296 485
9 10 17 3.87882 -3 0 0 173
9 10 18 2.11981 8.24996 1.52473 0.331938 304
9 10 19 3.29543 0.578467 1.15189 0.587279 597
9 10 20 6 -2 0 0 248
9 10 21 4.35714 0.602337 1.16379 0.065389 211
9 10 22 3.69241 0.471453 0.845502 0.172379 393
9 10 23 4 -2 0 0 204
9 10 24 3.87882 -3 0 0 198
9 10 25 4.0587 0.427793 1.28291 0.0604172 662
9 10 26 4.07043 0.636169 0.387035 0.570416 224
9 10 27 3 -2 0 0 398
9 10 28 6 -2 0 0 566
9 10 29 5.05623 0.469184 0.454351 0.094818 221
9 10 30 2.58691 9.41924 1.75535 0.908801 320
9 10 31 3 -2 0 0 1013
9 10 32 6.28558 0.747725 0.331495 0.517609 578
9 10 33 6.01662 0.542146 0.992775 0.380726 501
9 10 34 3.87882 -3 0 0 193
9 10 35 6 -2 0 0 1120
9 10 36 3.9119 0.57559 1.50364 0.237462 615
9 10 37 7.34862 0.63031 0.533884 0.529707 221
9 10 38 2 -2 0 0 1379
9 10 39 4.39131 0.482876 0.705018 0.181226 653
9 10 40 5.07442 0.795031 0.380518 0.218752 311
9 10 41 3.79034 0.559182 0.896025 0.273026 740
9 10 42 3.72603 0.523545 0.652009 0.0514289 375
9 10 43 4.14083 0.541371 0.770022 0.0525094 233
9 10 44 3.2223 1.09229 1.05581 0.145184 932
9 10 45 3 -2 0 0 539
9 10 46 5.05172 0.511759 0.792915 0.418975 222
9 10 47 4.12108 0.410642 1.11269 0.01958 1935
9 10 48 2 -2 0 0 442
9 10 49 3.62283 0.388648 0.952504 0.318489 296
9 10 50 3.44467 0.344616 1.01755 0.143887 629
9 10 51 4.32297 0.587205 0.653898 0.246475 339
9 10 52 4.42829 1.28741 0.470137 0.432573 285
9 10 53 3.74967 0.456449 0.974502 0.17291 1161
9 10 54 3.78646 0.878502 0.581647 0.120972 484
9 10 55 5.68535 0.532104 0.494517 0.321753 324
9 10 56 5.04478 0.558496 1.28669 0.194092 549
9 10 57 5.76092 0.471473 0.531255 0.360309 403
9 10 58 7.0338 0.492752 1.12341 0.846972 362
9 10 59 3 -2 0 0 220
9 10 60 6 -2 0 0 1038
9 10 61 4.50986 0.622471 0.831265 0.108999 332
9 10 62 3.34064 0.611534 0.539678 0.0588676 269
9 10 63 3.48664 0.6867 0.787656 0.0685058 401
9 11 0 4.50921 0.43261 0.927813 0.0806563 757
9 11 1 5.00381 0.516192 0.908479 0.230015 539
9 11 2 4.41524 0.48264 0.783679 0.135434 368
9 11 3 5.02613 -3 0 0 162
9 11 4 5.16686 0.629275 1.10852 0.0917328 261
9 11 5 4.86697 0.463438 0.751565 0.0777084 277
9 11 6 3 -2 0 0 269
9 11 7 5.02613 -3 0 0 117
9 11 8 2 10.7366 1.1036 0.466411 369
9 11 9 4.58733 0.607607 0.887461 0.0244942 218
9 11 10 5.02613 -3 0 0 187
9 11 11 3.93237 0.455807 1.02123 0.257837 325
9 11 12 5.90737 0.93907 0.320022 0.0628832 250
9 11 13 5.02613 -3 0 0 137
9 11 14 2.57772 6.82442 1.97817 0.437674 685
9 11 15 5.02613 -3 0 0 156
9 11 16 5.02613 -3 0 0 140
9 11 17 5.76233 0.542804 0.607978 0.13567 440
9 11 18 6.44931 0.757406 0.331356 0.730551 214
9 11 19 5.02613 -3 0 0 112
9 11 20 5.25531 0.725821 0.511074 0.317871 202
9 11 21 5.05238 0.627556 0.819561 0.0473198 243
9 11 22 5.02613 -3 0 0 141
9 11 23 8 -2 0 0 315
9 11 24 4.28305 0.596236 1.34215 0.149817 432
9 11 25 5.02613 -3 0 0 138
9 11 26 5.94736 0.606966 0.860304 0.190748 612
9 11 27 5.02613 -3 0 0 147
9 11 28 5.02613 -3 0 0 128
9 11 29 6.55754 0.799121 0.605458 0.295365 372
9 11 30 5.02613 -3 0 0 185
9 11 31 5.02613 -3 0 0 96
9 11 32 5.02613 -3 0 0 133
9 11 33 5.02613 -3 0 0 144
9 11 34 7.86958 0.49118 1.09427 0.511351 623
9 11 35 5.02613 -3 0 0 106
9 11 36 5.02613 -3 0 0 171
9 11 37 7.75297 1.87145 3.64269 0.733293 288
9 11 38 5.02613 -3 0 0 119
9 11 39 5.02613 -3 0 0 153
9 11 40 5.44326 0.531039 0.673157 0.200408 215
9 11 41 5.02613 -3 0 0 99
9 11 42 5.02613 -3 0 0 179
9 11 43 4.8269 0.542546 0.953389 0.0944554 389
9 11 44 5.02613 -3 0 0 91
9 11 45 5.02613 -3 0 0 136
9 11 46 6.89152 0.568504 0.269141 0.44665 528
9 11 47 5.02613 -3 0 0 111
9 11 48 5.02613 -3 0 0 174
9 11 49 3.3321 0.994629 1.32883 0.202808 266
9 11 50 5.02613 -3 0 0 111
9 11 51 5.34685 0.600824 0.752531 0.153199 293
9 11 52 8 -2 0 0 333
9 11 53 5.02613 -3 0 0 121
9 11 54 5.02613 -3 0 0 153
9 11 55 6.59 0.884661 0.694369 0.319304 322
9 11 56 5.02613 -3 0 0 195
9 11 57 7.70843 0.672169 0.26563 0.575004 263
9 11 58 3.31805 0.602714 1.03334 0.170065 207
9 11 59 4.93803 0.737849 0.758276 0.164755 482
9 11 60 5.02613 -3 0 0 116
9 11 61 4.69619 0.444137 0.857024 0.0738177 378
9 11 62 5.10915 0.498729 1.11886 0.248818 449
9 11 63 6 -2 0 0 232
9 12 0 2 8.05736 1.57949 0.238728 362
9 12 1 5.54836 0.628812 0.942093 0.164237 345
9 12 2 3.31939 1.07384 0.517645 0.245508 423
9 12 3 2.53387 1.46691 0.550931 0.1883 683
9 12 4 3.56216 0.664132 0.566908 0.233138 360
9 12 5 3.74973 0.443198 0.794541 0.296952 400
9 12 6 4.4274 0.810419 0.714744 0.185447 535
9 12 7 4.25058 0.847887 0.965669 0.178466 1267
9 12 8 3.31875 0.496257 0.674728 0.403078 339
9 12 9 4.06039 0.482696 0.717774 0.0635116 875
9 12 10 3.49068 0.883865 0.640349 0.0311051 1390
9 12 11 5.61192 0.463301 0.515601 0.303917 317
9 12 12 4.09394 0.523668 0.823601 0.103739 513
9 12 13 3.59494 0.355686 0.947064 0.0790095 598
9 12 14 3.60356 0.71117 1.37687 0.277449 256
9 12 15 2.4918 1.88681 1.22371 0.249317 591
9 12 16 3.19732 0.855389 0.774471 0.152003 1757
9 12 17 4.30783 0.56264 1.10561 0.0889795 296
9 12 18 4.66551 0.405173 1.12688 0.342351 360
9 12 19 2.92559 2.58805 1.23501 0.443471 1088
9 12 20 5.87663 0.708668 0.709794 0.327683 283
9 12 21 6 -2 0 0 675
9 12 22 4.56366 0.448428 1.08608 0.387121 937
9 12 23 4 -2 0 0 256
9 12 24 3.28036 0.4295 0.8351 0.112439 344
9 12 25 4.1298 0.592465 1.11797 0.222078 992
9 12 26 3.17786 0.636266 1.06642 0.166537 239
9 12 27 3.97534 0.48385 0.867058 0.0668689 417
9 12 28 4.54438 0.440721 1.23014 0.195904 586
9 12 29 3.89152 0.818909 0.314101 0.236195 280
9 12 30 3.94717 0.475233 0.957176 0.0517842 389
9 12 31 5 -2 0 0 1286
9 12 32 4.65303 0.652765 0.514097 0.167711 528
9 12 33 4 -2 0 0 393
9 12 34 2 -2 0 0 229
9 12 35 3.57552 0.462759 1.08927 0.140581 621
9 12 36 5.29491 1.05243 0.391083 0.197232 299
9 12 37 3.69489 -3 0 0 194
9 12 38 2.85234 1.37951 0.891556 0.115914 637
9 12 39 6.81833 0.792456 1.56866 0.35413 238
9 12 40 4.29381 0.68422 0.955401 0.184731 315
9 12 41 4.38412 0.498047 0.861636 0.0694858 517
9 12 42 3.66928 0.409209 0.926836 0.156091 235
9 12 43 5 -2 0 0 225
9 12 44 4.22101 0.392128 0.941786 0.388701 356
9 12 45 4.95767 0.56237 0.520959 0.552358 296
9 12 46 6.13117 1.1848 1.43697 0.924556 210
9 12 47 3.79568 0.462903 1.02589 0.444421 521
9 12 48 3.60299 0.510634 1.17536 0.0899973 279
9 12 49 3.69489 -3 0 0 188
9 12 50 4.98478 0.647553 0.614882 0.222595 290
9 12 51 3.69489 -3 0 0 137
9 12 52 3.69489 -3 0 0 185
9 12 53 3.9974 0.573342 0.896076 0.0479188 328
9 12 54 5.96071 0.825212 0.784943 0.610515 263
9 12 55 5.60714 0.527703 0.875511 0.524975 204
9 12 56 3.39981 1.72347 0.546971 0.231625 229
9 12 57 3.69489 -3 0 0 174
9 12 58 3 -2 0 0 216
9 12 59 3.69489 -3 0 0 178
9 12 60 2.10152 11.8674 0.587503 0.174483 316
9 12 61 3.69489 -3 0 0 152
9 12 62 3.69489 -3 0 0 143
9 12 63 6 -2 0 0 203
9 13 0 4.09175 0.434529 0.714477 0.28087 389
9 13 1 2 -2 0 0 277
9 13 2 6.7127 0.850764 0.367695 0.215316 249
9 13 3 4.6832 -3 0 0 132
9 13 4 4.6832 -3 0 0 197
9 13 5 4.6832 -3 0 0 167
9 13 6 4.6832 -3 0 0 195
9 13 7 4.6832 -3 0 0 83
9 13 8 4.68086 0.741121 0.694286 0.210798 212
9 13 9 4.6832 -3 0 0 130
9 13 10 4.6832 -3 0 0 106
9 13 11 5.79566 0.527352 0.866315 0.272765 261
9 13 12 4.6832 -3 0 0 154
9 13 13 4.6832 -3 0 0 110
9 13 14 2 12.7776 1.70496 0.212962 470
9 13 15 4.6832 -3 0 0 126
9 13 16 4.6832 -3 0 0 80
9 13 17 5.09294 0.975145 0.398479 0.335786 343
9 13 18 4.6832 -3 0 0 154
9 13 19 4.6832 -3 0 0 92
9 13 20 4.93131 0.495887 0.888675 0.0554531 209
9 13 21 4.6832 -3 0 0 153
9 13 22 4.6832 -3 0 0 108
9 13 23 6.77009 0.57483 0.76293 0.510265 246
9 13 24 3.95785 0.504214 1.27808 0.366837 298
9 13 25 4.6832 -3 0 0 96
9 13 26 6.58089 0.584137 0.309286 0.271898 463
9 13 27 4.6832 -3 0 0 139
9 13 28 4.6832 -3 0 0 108
9 13 29 6.04799 0.5601 0.690181 0.0893849 343
9 13 30 4.6832 -3 0 0 163
9 13 31 4.6832 -3 0 0 104
9 13 32 4.6832 -3 0 0 123
9 13 33 4.6832 -3 0 0 134
9 13 34 6.75371 0.615099 0.898486 0.102145 446
9 13 35 4.6832 -3 0 0 114
9 13 36 4.6832 -3 0 0 154
9 13 37 7.60042 0.569622 0.373293 0.572754 307
9 13 38 4.6832 -3 0 0 106
9 13 39 4.50433 1.40106 0.817017 0.100941 216
9 13 40 4.6832 -3 0 0 199
9 13 41 4.6832 -3 0 0 142
9 13 42 5.01916 0.536913 0.871138 0.0893901 274
9 13 43 3.64521 0.422231 1.01097 0.56872 371
9 13 44 4.6832 -3 0 0 122
9 13 45 4.6832 -3 0 0 138
9 13 46 5.1364 0.462169 1.12133 0.0919429 573
9 13 47 4.6832 -3 0 0 135
9 13 48 4.6832 -3 0 0 199
9 13 49 5.97088 0.647886 0.803364 0.294601 318
9 13 50 4.6832 -3 0 0 161
9 13 51 4.17635 0.636469 0.414795 0.213304 470
9 13 52 4.37554 0.515808 1.15048 0.20063 407
9 13 53 4.6832 -3 0 0 169
9 13 54 6.20136 0.846768 0.410466 0.387589 240
9 13 55 5.94378 0.565168 0.804984 0.33976 469
9 13 56 6 -2 0 0 323
9 13 57 2 -2 0 0 391
9 13 58 4.32199 0.538386 1.37992 0.119548 246
9 13 59 3 -2 0 0 568
9 13 60 4.6832 -3 0 0 181
9 13 61 2.47097 1.73371 1.21672 0.0838658 747
9 13 62 5.56033 0.526026 0.721508 0.142242 700
9 13 63 4.67949 0.544783 0.839905 0.171364 315
9 14 0 5.17948 0.561859 0.409865 0.279374 356
9 14 1 5.58801 0.554001 0.242504 0.183041 373
9 14 2 3.82352 0.542522 0.681245 0.116118 473
9 14 3 2.63063 2.02895 1.56168 0.295035 470
9 14 4 4.5891 0.954428 0.656084 0.190227 316
9 14 5 3.53191 0.482863 1.10945 0.0728619 432
9 14 6 3 -2 0 0 600
9 14 7 5.13397 1.09911 0.925771 0.30353 869
9 14 8 4.77536 0.624271 0.20307 0.22656 359
9 14 9 3 -2 0 0 809
9 14 10 4.41835 0.712665 0.692065 0.0360715 1047
9 14 11 4.28436 0.606652 1.36008 0.296578 275
9 14 12 6 -2 0 0 453
9 14 13 4.17628 -3 0 0 126
9 14 14 4.03305 0.626263 0.502222 0.257433 256
9 14 15 3 -2 0 0 239
9 14 16 3.76755 0.437966 1.12619 0.0463428 1312
9 14 17 6 -2 0 0 244
9 14 18 3.91146 1.02555 0.772073 0.204467 370
9 14 19 2 12.9499 2.04754 0.402976 601
9 14 20 5.35026 0.587625 0.189996 0.270489 253
9 14 21 4.38319 0.512546 0.926616 0.0415304 722
9 14 22 7 -2 0 0 259
9 14 23 3.79107 0.434827 0.742789 0.32707 235
9 14 24 3.87486 0.598942 0.919082 0.0591008 310
9 14 25 4.99311 0.62269 0.838171 0.258871 461
9 14 26 5.20266 0.962445 0.589026 0.376882 229
9 14 27 5.31212 0.657964 0.544251 0.129247 325
9 14 28 4.29419 0.501418 0.755759 0.103955 340
9 14 29 4.17628 -3 0 0 190
9 14 30 2.55984 2.5856 1.68324 0.183286 277
9 14 31 4.67527 0.598645 0.935284 0.230082 320
9 14 32 4.17628 -3 0 0 113
9 14 33 4.17628 -3 0 0 89
9 14 34 4.17628 -3 0 0 172
9 14 35 5.69412 0.79723 0.756394 0.447914 270
9 14 36 4.17628 -3 0 0 56
9 14 37 4.17628 -3 0 0 162
9 14 38 6.69304 0.745557 0.474854 0.394739 209
9 14 39 4.17628 -3 0 0 131
9 14 40 4 -2 0 0 225
9 14 41 4.45135 0.580225 0.3994 0.153986 203
9 14 42 4.17628 -3 0 0 160
9 14 43 4.17628 -3 0 0 163
9 14 44 4.17628 -3 0 0 160
9 14 45 4.17628 -3 0 0 105
9 14 46 4.17628 -3 0 0 170
9 14 47 4.17628 -3 0 0 178
9 14 48 4.17628 -3 0 0 158
9 14 49 4.17628 -3 0 0 168
9 14 50 4.17628 -3 0 0 155
9 14 51 4.17628 -3 0 0 114
9 14 52 4.17628 -3 0 0 111
9 14 53 4.17628 -3 0 0 157
9 14 54 4.17628 -3 0 0 158
9 14 55 4.17628 -3 0 0 96
9 14 56 4.17628 -3 0 0 134
9 14 57 4.17628 -3 0 0 100
9 14 58 4.17628 -3 0 0 94
9 14 59 4.17628 -3 0 0 137
9 14 60 4.17628 -3 0 0 150
9 14 61 4.17628 -3 0 0 97
9 14 62 4.17628 -3 0 0 110
9 14 63 4.17628 -3 0 0 103
9 15 0 4.57774 -3 0 0 117
9 15 1 4.57774 -3 0 0 101
9 15 2 4.57774 -3 0 0 99
9 15 3 4.57774 -3 0 0 65
9 15 4 4.57774 -3 0 0 94
9 15 5 4.57774 -3 0 0 82
9 15 6 4.57774 -3 0 0 69
9 15 7 4.57774 -3 0 0 46
9 15 8 4.57774 -3 0 0 95
9 15 9 4.57774 -3 0 0 63
9 15 10 4.57774 -3 0 0 40
9 15 11 4.57774 -3 0 0 95
9 15 12 4.57774 -3 0 0 49
9 15 13 4.57774 -3 0 0 60
9 15 14 4.57774 -3 0 0 129
9 15 15 4.57774 -3 0 0 63
9 15 16 4.57774 -3 0 0 50
9 15 17 4.57774 -3 0 0 106
9 15 18 4.57774 -3 0 0 66
9 15 19 4.57774 -3 0 0 57
9 15 20 4.57774 -3 0 0 87
9 15 21 4.57774 -3 0 0 54
9 15 22 4.57774 -3 0 0 51
9 15 23 4.57774 -3 0 0 114
9 15 24 4.57774 -3 0 0 100
9 15 25 4.57774 -3 0 0 58
9 15 26 4.57774 -3 0 0 153
9 15 27 4.57774 -3 0 0 73
9 15 28 4.57774 -3 0 0 68
9 15 29 4.57774 -3 0 0 146
9 15 30 4.57774 -3 0 0 68
9 15 31 4.57774 -3 0 0 70
9 15 32 4.57774 -3 0 0 70
9 15 33 4.57774 -3 0 0 79
9 15 34 4.57774 -3 0 0 172
9 15 35 4.57774 -3 0 0 68
9 15 36 4.57774 -3 0 0 107
9 15 37 4.57774 -3 0 0 147
9 15 38 4.57774 -3 0 0 100
9 15 39 4.57774 -3 0 0 157
9 15 40 4.57774 -3 0 0 126
9 15 41 4.57774 -3 0 0 88
9 15 42 4.57774 -3 0 0 130
9 15 43 4.57774 -3 0 0 169
9 15 44 4.57774 -3 0 0 77
9 15 45 4.57774 -3 0 0 99
9 15 46 7 -2 0 0 209
9 15 47 4.57774 -3 0 0 91
9 15 48 4.57774 -3 0 0 113
9 15 49 4.57774 -3 0 0 150
9 15 50 4.57774 -3 0 0 101
9 15 51 6.39398 0.528724 0.746456 0.352532 284
9 15 52 4.57774 -3 0 0 162
9 15 53 4.57774 -3 0 0 104
9 15 54 4.57774 -3 0 0 131
9 15 55 4.39997 0.620387 0.979366 0.0271217 201
9 15 56 4.57774 -3 0 0 151
9 15 57 4.32946 0.604089 1.14025 0.0762902 205
9 15 58 4.57774 -3 0 0 157
9 15 59 3 -2 0 0 253
9 15 60 4.57774 -3 0 0 129
9 15 61 4.46814 0.684006 0.186516 0.317749 354
9 15 62 3.43072 0.503222 0.888777 0.116015 255
9 15 63 4.57774 -3 0 0 187
10 0 0 3.84516 -3 0 0 162
10 0 1 3.84516 -3 0 0 144
10 0 2 3.84516 -3 0 0 139
10 0 3 3.84516 -3 0 0 55
10 0 4 3.84516 -3 0 0 115
10 0 5 3.84516 -3 0 0 88
10 0 6 3.84516 -3 0 0 111
10 0 7 3.84516 -3 0 0 79
10 0 8 3.84516 -3 0 0 105
10 0 9 3.84516 -3 0 0 38
10 0 10 3.84516 -3 0 0 20
10 0 11 3.84516 -3 0 0 142
10 0 12 3.84516 -3 0 0 81
10 0 13 3.84516 -3 0 0 61
10 0 14 3.84516 -3 0 0 146
10 0 15 3.84516 -3 0 0 77
10 0 16 3.84516 -3 0 0 30
10 0 17 3.84516 -3 0 0 158
10 0 18 3.84516 -3 0 0 74
10 0 19 3.84516 -3 0 0 48
10 0 20 3.84516 -3 0 0 122
10 0 21 3.84516 -3 0 0 71
10 0 22 3.84516 -3 0 0 47
10 0 23 3.84516 -3 0 0 167
10 0 24 3.84516 -3 0 0 133
10 0 25 3.84516 -3 0 0 94
10 0 26 4.1073 0.590014 1.05604 0.193487 219
10 0 27 3.84516 -3 0 0 108
10 0 28 3.84516 -3 0 0 88
10 0 29 3.84516 -3 0 0 164
10 0 30 3.84516 -3 0 0 75
10 0 31 3.84516 -3 0 0 108
10 0 32 3.84516 -3 0 0 66
10 0 33 3.84516 -3 0 0 133
10 0 34 5.67544 0.870975 0.645574 0.196636 271
10 0 35 3.84516 -3 0 0 120
10 0 36 3.84516 -3 0 0 102
10 0 37 3.84516 -3 0 0 142
10 0 38 3.84516 -3 0 0 145
10 0 39 5.76915 0.615417 0.622625 0.342119 290
10 0 40 3.84516 -3 0 0 145
10 0 41 3.84516 -3 0 0 126
10 0 42 3.84516 -3 0 0 198
10 0 43 3.75737 0.961019 0.661576 0.131402 232
10 0 44 3.84516 -3 0 0 161
10 0 45 3.84516 -3 0 0 181
10 0 46 4.37173 0.901376 0.506167 0.170944 280
10 0 47 3.84516 -3 0 0 179
10 0 48 3.84516 -3 0 0 153
10 0 49 3 -2 0 0 240
10 0 50 3.84516 -3 0 0 188
10 0 51 3.24132 0.488831 0.853999 0.0591752 535
10 0 52 2.99537 1.11579 1.15182 0.139727 304
10 0 53 5.54654 0.688531 0.180884 0.261348 205
10 0 54 3.84516 -3 0 0 194
10 0 55 2 8.86757 1.1864 0.367971 331
10 0 56 4.85275 0.787405 0.786309 0.102135 384
10 0 57 4.96556 0.604444 0.713278 0.104956 404
10 0 58 4 -2 0 0 281
10 0 59 7.36132 0.489744 0.29304 0.41042 450
10 0 60 2 7.41519 1.03705 0.0832993 226
10 0 61 3.69686 0.526234 0.739549 0.110892 699
10 0 62 2.69915 0.936495 0.826458 0.209623 452
10 0 63 2 10.7721 1.35461 0.228754 294
10 1 0 4.60631 0.475914 1.19063 0.0454112 495
10 1 1 5.39103 0.577235 0.847681 0.0484427 566
10 1 2 2.39265 7.59247 2.39225 0.208806 643
10 1 3 3.54317 1.76586 1.16717 0.323172 530
10 1 4 4.11228 0.841097 0.967449 0.162717 353
10 1 5 6.59051 0.557048 0.610705 0.314695 453
10 1 6 5.6318 0.624085 0.486338 0.280185 755
10 1 7 2 10.5467 2.11163 0.525472 529
10 1 8 4.12902 0.532014 1.14359 0.306321 374
10 1 9 4.1571 0.666823 1.33474 0.0979301 853
10 1 10 7 -2 0 0 719
10 1 11 3.49955 0.469312 0.980499 0.779496 298
10 1 12 4.7252 0.525296 1.38472 0.180392 469
10 1 13 4.92286 1.02814 0.710858 0.224986 354
10 1 14 6.932 0.640529 0.543001 0.337342 392
10 1 15 6.3864 1.12805 1.10673 0.44715 390
10 1 16 4.4903 0.562435 1.51605 0.16126 965
10 1 17 7.74211 0.916447 0.661542 0.429205 333
10 1 18 5.81762 0.573744 0.71448 0.300909 418
10 1 19 9 -2 0 0 451
10 1 20 5.63064 0.650272 0.803787 0.519393 204
10 1 21 3 -2 0 0 744
10 1 22 5.12591 0.578964 0.436407 0.203673 588
10 1 23 8 -2 0 0 226
10 1 24 5.40211 0.466432 0.905488 0.0956839 444
10 1 25 4.27686 0.742333 1.13964 0.303948 333
10 1 26 6.27945 0.791478 0.246676 0.383997 326
10 1 27 5.33558 0.494319 1.12657 0.293873 287
10 1 28 5.25002 0.416987 0.963541 0.168562 321
10 1 29 4.97831 -3 0 0 199
10 1 30 4.54507 0.494858 1.13874 0.397792 225
10 1 31 2.77585 6.55728 2.07098 0.402833 242
10 1 32 4.53309 0.454394 0.725691 0.200528 216
10 1 33 5.26167 0.627075 0.688737 0.348091 229
10 1 34 8.02211 0.635404 1.09226 0.474117 242
10 1 35 6.44079 0.801245 0.316424 0.382982 218
10 1 36 4.97831 -3 0 0 172
10 1 37 4.97831 -3 0 0 166
10 1 38 4.97831 -3 0 0 130
10 1 39 4.97831 -3 0 0 116
10 1 40 4.97831 -3 0 0 174
10 1 41 4.97831 -3 0 0 160
10 1 42 4.97831 -3 0 0 176
10 1 43 4.97831 -3 0 0 137
10 1 44 4.97831 -3 0 0 139
10 1 45 4.97831 -3 0 0 154
10 1 46 4.97831 -3 0 0 157
10 1 47 4.97831 -3 0 0 134
10 1 48 4.97831 -3 0 0 140
10 1 49 4.97831 -3 0 0 158
10 1 50 4.97831 -3 0 0 123
10 1 51 4.97831 -3 0 0 106
10 1 52 4.97831 -3 0 0 151
10 1 53 4.97831 -3 0 0 92
10 1 54 4.97831 -3 0 0 116
10 1 55 4.97831 -3 0 0 104
10 1 56 4.97831 -3 0 0 97
10 1 57 4.97831 -3 0 0 114
10 1 58 4.97831 -3 0 0 122
10 1 59 4.97831 -3 0 0 128
10 1 60 4.97831 -3 0 0 96
10 1 61 4.97831 -3 0 0 104
10 1 62 4.97831 -3 0 0 94
10 1 63 4.97831 -3 0 0 103
10 2 0 4.42914 0.476581 1.06713 0.0572729 479
10 2 1 4.96647 0.607245 0.812035 0.106798 382
10 2 2 2 10.1354 1.60001 0.327214 381
10 2 3 4.05487 -3 0 0 199
10 2 4 2 -2 0 0 253
10 2 5 5.77732 0.61534 0.641599 0.358295 311
10 2 6 4.85661 0.744813 0.534744 0.195277 253
10 2 7 4.05487 -3 0 0 94
10 2 8 4.73038 0.7965 0.451678 0.190386 288
10 2 9 4.05487 -3 0 0 182
10 2 10 4.05487 -3 0 0 172
10 2 11 4.31693 0.35164 0.968485 0.186002 349
10 2 12 3.68283 0.383818 0.843907 0.160466 228
10 2 13 4.05487 -3 0 0 150
10 2 14 3.48854 1.11184 0.446435 0.377774 562
10 2 15 4.05487 -3 0 0 165
10 2 16 4.05487 -3 0 0 113
10 2 17 2 -2 0 0 452
10 2 18 6.80943 0.462494 0.27153 0.535175 218
10 2 19 4.05487 -3 0 0 109
10 2 20 4.49295 0.584207 0.455205 0.242765 251
10 2 21 5.20012 0.717914 0.193436 0.441899 246
10 2 22 4.05487 -3 0 0 142
10 2 23 5.4798 0.478952 0.897246 0.215757 340
10 2 24 3.71185 1.04503 0.618401 0.138078 358
10 2 25 4.05487 -3 0 0 143
10 2 26 2.95863 2.4412 1.31788 0.393863 662
10 2 27 4.05487 -3 0 0 173
10 2 28 4.05487 -3 0 0 111
10 2 29 4.13682 0.532089 1.21005 0.0694229 589
10 2 30 4.05487 -3 0 0 172
10 2 31 4.05487 -3 0 0 105
10 2 32 2.32241 8.68175 1.38895 0.605769 202
10 2 33 3.57957 0.538527 0.736029 0.196005 218
10 2 34 7.2895 3.31835 5 1.00406 889
10 2 35 4.05487 -3 0 0 173
10 2 36 3.62628 0.434819 1.03704 0.146728 308
10 2 37 4.36654 0.58604 0.495684 0.273683 463
10 2 38 4.05487 -3 0 0 177
10 2 39 2.85146 1.61449 0.911817 0.242149 411
10 2 40 5.07858 0.819917 0.46122 0.431707 306
10 2 41 4.05487 -3 0 0 197
10 2 42 6.49593 0.931651 0.446282 0.0853833 352
10 2 43 3.8342 0.920347 0.697733 0.0589347 630
10 2 44 3.57163 0.435344 0.793627 0.307769 224
10 2 45 4.05487 -3 0 0 180
10 2 46 5.77316 0.529579 0.8781 0.213387 898
10 2 47 4.05487 -3 0 0 177
10 2 48 3 -2 0 0 262
10 2 49 4.65855 0.791205 0.354733 0.557969 524
10 2 50 8.25129 0.693788 0.405697 0.515146 227
10 2 51 3.89864 0.6874 0.743209 0.0471174 962
10 2 52 5.53352 0.540467 0.536872 0.355992 743
10 2 53 4.05487 -3 0 0 200
10 2 54 3 -2 0 0 289
10 2 55 3.69314 0.403282 0.944682 0.0764974 739
10 2 56 4.9027 0.512244 0.632939 0.110831 476
10 2 57 5.35984 0.800161 0.613927 0.129714 845
10 2 58 3.1261 0.558113 0.765622 0.0827004 453
10 2 59 7.61408 0.463117 0.67808 0.603217 1062
10 2 60 2.91848 0.805745 0.991643 0.546255 264
10 2 61 2.06673 12.4169 1.24381 0.085779 1458
10 2 62 4.94902 0.590511 0.762468 0.154783 1196
10 2 63 2.06588 12.5339 1.18437 0.196276 589
10 3 0 0 -10 0 0 0
10 3 1 4.49579 0.61657 1.07416 0.164704 575
10 3 2 3.33301 0.788819 0.997781 0.111155 779
10 3 3 5.31741 0.526988 0.869745 0.340288 680
10 3 4 4.04881 0.495877 0.534772 0.292195 403
10 3 5 5.19689 0.711055 0.441192 0.251647 545
10 3 6 2 -2 0 0 834
10 3 7 3.8931 0.757394 0.612351 0.0427042 1151
10 3 8 3.81759 1.08907 0.604445 0.104753 606
10 3 9 2 11.4067 1.90278 0.231499 930
10 3 10 5 -2 0 0 1257
10 3 11 7 -2 0 0 389
10 3 12 5.27653 0.775474 0.665386 0.186861 562
10 3 13 4.10554 0.477979 0.987282 0.124718 649
10 3 14 3.2814 1.00591 1.31429 0.106259 568
10 3 15 2.00002 8.04815 1.81371 0.126428 575
10 3 16 0 -10 0 0 0
10 3 17 4.77294 0.534258 0.70789 0.219349 398
10 3 18 3.42179 1.26268 0.669696 0.264226 480
10 3 19 4.59512 0.640396 0.764716 0.25195 672
10 3 20 5.39781 0.490198 0.454583 0.353898 506
10 3 21 4.39362 0.596011 0.719149 0.101151 880
10 3 22 5.97811 0.47831 0.806797 0.463561 758
10 3 23 4.36028 0.459991 1.33454 0.438479 236
10 3 24 4.92813 0.602367 0.517237 0.145478 722
10 3 25 2 -2 0 0 634
10 3 26 0 -10 0 0 0
10 3 27 4.68769 0.867645 0.824775 0.164509 304
10 3 28 5.54341 0.412169 0.684364 0.240677 527
10 3 29 3.76387 0.545197 0.846796 0.639662 268
10 3 30 5.31476 0.403092 1.10629 0.508941 447
10 3 31 4.52258 0.681058 0.784287 0.326144 596
10 3 32 3.78153 0.471681 1.12668 0.0736831 495
10 3 33 6.02629 0.588817 0.256263 0.615283 388
10 3 34 5.2451 0.493259 0.841278 0.192572 383
10 3 35 4.70213 0.508624 0.571228 0.13549 571
10 3 36 4.21951 -3 0 0 37
10 3 37 4.99697 0.615691 0.183987 0.286906 370
10 3 38 4.23473 0.405631 1.04008 0.0440376 429
10 3 39 5.1432 0.519412 0.921969 0.446214 227
10 3 40 5.31578 0.662165 0.712294 0.379163 244
10 3 41 4.05288 0.555888 0.779424 0.108575 403
10 3 42 4.6161 0.353439 0.629893 0.0554316 239
10 3 43 4.13232 0.462688 0.768634 0.228533 264
10 3 44 5.36589 0.485198 0.900988 0.236028 359
10 3 45 7 -2 0 0 285
10 3 46 4.1532 0.862807 0.400255 0.303808 300
10 3 47 4.47482 0.562604 0.776966 0.215452 324
10 3 48 7 -2 0 0 299
10 3 49 5.23297 0.566371 1.22805 0.108765 226
10 3 50 2 8.91771 2.65185 0.273581 326
10 3 51 4.21951 -3 0 0 200
10 3 52 4.37464 0.74609 0.550615 0.119861 237
10 3 53 4.31203 0.547496 0.687136 0.163438 331
10 3 54 3.93971 0.417486 0.49731 0.21221 259
10 3 55 3.27858 1.06582 0.58853 0.100602 277
10 3 56 2 -2 0 0 259
10 3 57 2.58487 1.39254 0.598915 0.372099 228
10 3 58 2.00019 7.76368 1.37393 0.248298 262
10 3 59 2.60331 0.770595 0.746759 0.197035 252
10 3 60 6.5043 0.817441 2.26752 0.559497 297
10 3 61 2 10.1793 1.39843 0.120882 255
10 3 62 6.9462 0.481804 0.749262 0.487705 228
10 3 63 5.17447 0.517832 0.804217 0.4164 249
10 4 0 5.66531 0.815201 0.84249 0.251848 1312
10 4 1 4.5754 0.735215 0.665068 0.097662 941
10 4 2 4.28619 0.497119 1.16551 0.078319 699
10 4 3 3.37287 0.403903 0.994628 0.404977 215
10 4 4 6.18033 0.549871 0.438031 0.221419 296
10 4 5 5.13495 0.759002 0.498732 0.286014 428
10 4 6 5.26742 0.628257 0.473151 0.154728 450
10 4 7 4.67302 0.737738 1.5211 0.134592 216
10 4 8 6 -2 0 0 450
10 4 9 4.69522 0.601447 1.09776 0.0671708 311
10 4 10 2.00001 11.2031 4.99997 0.677197 235
10 4 11 4.45362 0.414521 0.654055 0.122254 491
10 4 12 6.1339 0.507563 0.75127 0.568784 327
10 4 13 3 -2 0 0 207
10 4 14 4.83679 0.561916 0.882377 0.0939538 1041
10 4 15 5.28318 0.693079 0.534002 0.277443 247
10 4 16 5.33637 0.680979 0.802079 0.205933 215
10 4 17 3 -2 0 0 572
10 4 18 5.31044 0.930067 0.421682 0.5625 277
10 4 19 4.44087 -3 0 0 152
10 4 20 5.69111 0.476867 0.307782 0.2057 288
10 4 21 4.28782 0.518892 0.954722 0.050918 431
10 4 22 4.44087 -3 0 0 198
10 4 23 6.37402 0.546544 0.310405 0.7127 381
10 4 24 3.99941 0.469443 1.14825 0.143758 805
10 4 25 4.44087 -3 0 0 140
10 4 26 4.91774 0.580847 0.761854 0.0839775 1041
10 4 27 4.44087 -3 0 0 176
10 4 28 4.44087 -3 0 0 152
10 4 29 3.95849 0.439529 1.21961 0.205876 546
10 4 30 5.10776 1.37731 1.616 0.35186 252
10 4 31 4.44087 -3 0 0 148
10 4 32 4.44087 -3 0 0 130
10 4 33 4.44087 -3 0 0 144
10 4 34 4.67889 0.48001 1.24891 0.0622285 952
10 4 35 4.44087 -3 0 0 118
10 4 36 4.63059 0.476516 1.20785 0.208864 219
10 4 37 2.45172 7.51391 1.96865 0.295216 346
10 4 38 4.44087 -3 0 0 92
10 4 39 5.32992 0.582732 0.934668 0.160021 242
10 4 40 4.25431 0.483532 0.897778 0.259902 301
10 4 41 4.44087 -3 0 0 153
10 4 42 3.84033 0.594218 1.18038 0.590503 253
10 4 43 4.2371 0.517841 1.41082 0.0712171 481
10 4 44 4.44087 -3 0 0 137
10 4 45 4.44087 -3 0 0 157
10 4 46 6 -2 0 0 801
10 4 47 4.44087 -3 0 0 110
10 4 48 4.44087 -3 0 0 173
10 4 49 5.314 0.556416 0.615595 0.135025 383
10 4 50 4.44087 -3 0 0 165
10 4 51 4.73696 0.476298 0.751241 0.106475 345
10 4 52 3.27747 1.18641 0.881776 0.0135261 425
10 4 53 4.44087 -3 0 0 119
10 4 54 4.44087 -3 0 0 190
10 4 55 5 -2 0 0 344
10 4 56 4.18444 0.574867 0.731928 0.123057 256
10 4 57 2 -2 0 0 233
10 4 58 2.65681 1.43985 1.1463 0.215116 296
10 4 59 3.79761 0.546374 0.791543 0.269664 589
10 4 60 4.44087 -3 0 0 143
10 4 61 2 8.782 2.41794 0.393442 476
10 4 62 5.98995 0.797417 0.432962 0.33162 541
10 4 63 2 2.53397 1.40546 0.873958 261
10 5 0 3.46178 -3 0 0 193
10 5 1 4.05053 0.823607 0.508787 0.145419 206
10 5 2 2.92181 0.449077 0.710177 0.300133 327
10 5 3 2.7778 1.1828 1.12539 0.392956 313
10 5 4 4.2692 0.686742 0.231847 0.235333 273
10 5 5 4.32635 0.420366 0.821341 0.0758868 235
10 5 6 3.23892 1.28863 0.965531 0.0877877 324
10 5 7 2.74579 1.46595 0.576602 0.280431 418
10 5 8 3.33579 0.434717 0.850234 0.349108 285
10 5 9 2.40952 6.97471 0.530075 0.157873 248
10 5 10 2.4096 1.80562 0.492143 0.156012 267
10 5 11 4 -2 0 0 346
10 5 12 2 8.80274 1.6151 0.526722 258
10 5 13 2.60986 1.20609 1.01699 0.400155 390
10 5 14 2 8.75515 3.47063 0.558922 243
10 5 15 2.3041 7.18241 0.828816 0.778476 311
10 5 16 5.91256 0.674971 0.692597 0.370965 376
10 5 17 3.71261 0.473216 0.928971 0.225362 280
10 5 18 3.75141 0.858082 0.550751 0.150191 341
10 5 19 3.55692 1.07452 0.742162 0.161257 485
10 5 20 3.6889 0.519981 0.890889 0.0644721 336
10 5 21 4.26461 0.962841 0.642357 0.145771 309
10 5 22 2.99095 0.802117 1.01667 0.373532 295
10 5 23 4.77868 0.940865 1.32553 0.0988488 298
10 5 24 4.90119 1.15696 0.416781 0.42102 234
10 5 25 2.00032 7.32766 1.63705 0.196726 635
10 5 26 3.5227 0.604665 0.686056 0.214257 280
10 5 27 4.23807 0.692719 0.482105 0.116145 435
10 5 28 4.09688 0.46238 1.06894 0.241521 332
10 5 29 3 -2 0 0 306
10 5 30 4.44679 0.601117 0.51584 0.107149 372
10 5 31 6 -2 0 0 651
10 5 32 4.56901 0.686728 0.662125 0.115817 534
10 5 33 3 -2 0 0 345
10 5 34 5.07024 0.922282 0.195464 0.418925 281
10 5 35 4.3681 0.530438 0.945234 0.120487 847
10 5 36 4.73192 0.767689 0.378181 0.0935734 350
10 5 37 4.8556 1.11485 0.751599 0.450797 376
10 5 38 3.66578 0.495664 0.701123 0.0964528 932
10 5 39 3.87342 0.527833 0.897674 0.107087 816
10 5 40 3.2039 0.568628 1.00909 0.161364 451
10 5 41 4 -2 0 0 558
10 5 42 4.56054 0.772686 0.617846 0.228976 434
10 5 43 3.87913 0.502351 1.01463 0.209019 333
10 5 44 2 -2 0 0 702
10 5 45 6 -2 0 0 478
10 5 46 5.13919 0.524556 0.952026 0.303385 293
10 5 47 3.22103 0.968096 0.846507 0.118303 1371
10 5 48 3.50634 0.983197 0.373729 0.4088 525
10 5 49 4.65464 0.806193 0.528098 0.174829 408
10 5 50 4.44524 0.342826 1.23138 0.450935 729
10 5 51 2 2.79699 1.36156 0.173138 713
10 5 52 4.46887 0.46141 0.652916 0.0652557 378
10 5 53 3.00626 1.54855 0.86794 0.0956552 1039
10 5 54 3 -2 0 0 478
10 5 55 6 -2 0 0 773
10 5 56 2 -2 0 0 895
10 5 57 4.94594 0.6336 0.729301 0.212349 684
10 5 58 3 -2 0 0 683
10 5 59 5 -2 0 0 349
10 5 60 3.11753 0.923969 0.961287 0.0735983 1016
10 5 61 4.01094 0.667047 0.817544 0.115263 550
10 5 62 3 -2 0 0 390
10 5 63 5.01206 0.378129 1.16983 0.428435 481
10 6 0 2 10.7666 1.53097 0.175206 767
10 6 1 4.47736 0.610515 0.864264 0.0604635 516
10 6 2 3 -2 0 0 422
10 6 3 3.99383 -3 0 0 187
10 6 4 3.95372 0.504759 0.926433 0.0916322 214
10 6 5 4.02687 0.518182 0.804443 0.130514 281
10 6 6 5.16326 0.534031 0.997236 0.11687 363
10 6 7 3.99383 -3 0 0 116
10 6 8 3.63311 1.01346 1.50666 0.137938 339
10 6 9 4.01376 0.65026 0.736844 0.277903 229
10 6 10 3.99383 -3 0 0 184
10 6 11 4.70135 0.630118 0.567045 0.176335 209
10 6 12 2.92805 1.37166 1.24391 0.113668 217
10 6 13 3.99383 -3 0 0 136
10 6 14 6 -2 0 0 456
10 6 15 3.99383 -3 0 0 131
10 6 16 3.99383 -3 0 0 140
10 6 17 2.59144 1.64028 1.12553 0.249813 289
10 6 18 3.99383 -3 0 0 157
10 6 19 3.99383 -3 0 0 119
10 6 20 3.99383 -3 0 0 198
10 6 21 4.09964 0.603202 0.746368 0.31425 259
10 6 22 3.99383 -3 0 0 168
10 6 23 3 -2 0 0 205
10 6 24 3.5758 0.503588 1.01615 0.265186 361
10 6 25 3.99383 -3 0 0 112
10 6 26 5.96237 0.745974 1.0866 0.163657 389
10 6 27 3.99383 -3 0 0 116
10 6 28 3.99383 -3 0 0 106
10 6 29 4.23282 0.546222 0.720442 0.22442 215
10 6 30 3.99383 -3 0 0 131
10 6 31 3.99383 -3 0 0 98
10 6 32 3.99383 -3 0 0 89
10 6 33 3.99383 -3 0 0 95
10 6 34 5.23786 0.668086 0.555642 0.296268 315
10 6 35 3.99383 -3 0 0 63
10 6 36 3.99383 -3 0 0 127
10 6 37 3.99383 -3 0 0 153
10 6 38 3.99383 -3 0 0 67
10 6 39 3.99383 -3 0 0 85
10 6 40 3.99383 -3 0 0 104
10 6 41 3.99383 -3 0 0 86
10 6 42 3.99383 -3 0 0 106
10 6 43 3.99383 -3 0 0 172
10 6 44 3.99383 -3 0 0 54
10 6 45 3.99383 -3 0 0 109
10 6 46 3.54204 0.518894 0.762677 0.308625 222
10 6 47 3.99383 -3 0 0 51
10 6 48 3.99383 -3 0 0 92
10 6 49 3.99383 -3 0 0 132
10 6 50 3.99383 -3 0 0 76
10 6 51 3.99383 -3 0 0 102
10 6 52 3.99383 -3 0 0 167
10 6 53 3.99383 -3 0 0 50
10 6 54 3.99383 -3 0 0 86
10 6 55 3.99383 -3 0 0 129
10 6 56 3.99383 -3 0 0 84
10 6 57 3.99383 -3 0 0 110
10 6 58 3.99383 -3 0 0 90
10 6 59 3.99383 -3 0 0 183
10 6 60 3.99383 -3 0 0 57
10 6 61 3.99383 -3 0 0 124
10 6 62 3.99383 -3 0 0 163
10 6 63 3.99383 -3 0 0 124
10 7 0 3.72113 -3 0 0 84
10 7 1 3.72113 -3 0 0 119
10 7 2 3.72113 -3 0 0 109
10 7 3 3.72113 -3 0 0 128
10 7 4 3.72113 -3 0 0 155
10 7 5 3.72113 -3 0 0 128
10 7 6 3.72113 -3 0 0 121
10 7 7 3.72113 -3 0 0 131
10 7 8 3.72113 -3 0 0 109
10 7 9 3.72113 -3 0 0 133
10 7 10 3.72113 -3 0 0 118
10 7 11 3.72113 -3 0 0 160
10 7 12 3.72113 -3 0 0 147
10 7 13 3.72113 -3 0 0 160
10 7 14 3.72113 -3 0 0 127
10 7 15 3.72113 -3 0 0 185
10 7 16 3.72113 -3 0 0 131
10 7 17 3.72113 -3 0 0 136
10 7 18 3.72113 -3 0 0 164
10 7 19 3.72113 -3 0 0 197
10 7 20 6.00126 0.353907 0.1 0.348072 226
10 7 21 3.72113 -3 0 0 138
10 7 22 3.72113 -3 0 0 160
10 7 23 3.72113 -3 0 0 149
10 7 24 3.72113 -3 0 0 122
10 7 25 4.64185 0.571707 0.475029 0.16495 274
10 7 26 3.72113 -3 0 0 163
10 7 27 5.81524 0.704529 0.534344 0.363645 229
10 7 28 4.92316 1.10517 0.811715 0.219964 203
10 7 29 3.72113 -3 0 0 197
10 7 30 3.72113 -3 0 0 189
10 7 31 7.56971 0.609817 0.435471 0.590015 330
10 7 32 5.65676 0.489162 0.780047 0.479816 262
10 7 33 5.18782 1.32171 0.344591 0.373243 284
10 7 34 3.72113 -3 0 0 172
10 7 35 11 -2 0 0 464
10 7 36 3.73292 0.389948 0.975263 0.0323181 305
10 7 37 5.16776 0.593583 0.440754 0.322442 256
10 7 38 6 -2 0 0 631
10 7 39 3.58084 0.393379 1.07622 0.463903 895
10 7 40 2 10.8369 1.77414 0.590924 276
10 7 41 3.9006 0.466892 1.20074 0.337488 372
10 7 42 4.63693 0.550252 0.43783 0.466581 339
10 7 43 2.58335 1.91138 1.25037 0.314779 248
10 7 44 2.98962 12.3086 1.55305 0.120007 494
10 7 45 5 -2 0 0 439
10 7 46 4.42506 0.534084 0.463658 0.092342 234
10 7 47 3.47475 0.42079 0.920841 0.0729944 1067
10 7 48 4.32238 0.792914 0.912999 0.217435 332
10 7 49 4 -2 0 0 338
10 7 50 5 -2 0 0 575
10 7 51 6.6849 0.662441 0.702041 0.391298 575
10 7 52 2.27817 1.05093 0.712672 1.02961 287
10 7 53 3.78174 0.956738 0.426619 0.176918 896
10 7 54 3.69002 0.509007 0.837006 0.205597 529
10 7 55 3.20267 0.682665 1.07145 0.15805 408
10 7 56 3.23144 0.416166 0.803451 0.04322 689
10 7 57 3.72113 -3 0 0 753
10 7 58 3.57285 0.392451 0.864733 0.127157 458
10 7 59 3 -2 0 0 273
10 7 60 4.12391 0.67506 0.816217 0.0627565 886
10 7 61 2.94701 0.946277 0.765265 0.157342 595
10 7 62 2 -2 0 0 350
10 7 63 2.51282 1.4038 0.936379 0.0633294 481
10 8 0 3.97891 -3 0 0 136
10 8 1 3.97891 -3 0 0 95
10 8 2 3.97891 -3 0 0 120
10 8 3 3.97891 -3 0 0 160
10 8 4 3.97891 -3 0 0 138
10 8 5 3.97891 -3 0 0 103
10 8 6 3.97891 -3 0 0 143
10 8 7 3.97891 -3 0 0 192
10 8 8 3.97891 -3 0 0 109
10 8 9 3.97891 -3 0 0 150
10 8 10 3.97891 -3 0 0 152
10 8 11 3.97891 -3 0 0 134
10 8 12 3.97891 -3 0 0 137
10 8 13 3.61826 0.538556 0.825173 0.126841 249
10 8 14 0 -10 0 0 0
10 8 15 3.97891 -3 0 0 196
10 8 16 3.97891 -3 0 0 182
10 8 17 3.97891 -3 0 0 139
10 8 18 3.97891 -3 0 0 144
10 8 19 6.03415 0.515378 0.780196 0.304107 260
10 8 20 3.97891 -3 0 0 166
10 8 21 3.97891 -3 0 0 105
10 8 22 3.97891 -3 0 0 147
10 8 23 3.97891 -3 0 0 145
10 8 24 3.97891 -3 0 0 109
10 8 25 3 -2 0 0 272
10 8 26 3.97891 -3 0 0 109
10 8 27 3.93848 0.439899 0.953986 0.18632 206
10 8 28 3 -2 0 0 245
10 8 29 3.97891 -3 0 0 159
10 8 30 3.97891 -3 0 0 194
10 8 31 5 -2 0 0 389
10 8 32 5.39151 0.617333 0.347596 0.404085 339
10 8 33 5.20811 0.710774 0.2979 0.357855 301
10 8 34 3.97891 -3 0 0 158
10 8 35 4.63849 0.438826 0.940799 0.0379243 588
10 8 36 5 -2 0 0 224
10 8 37 3.97891 -3 0 0 162
10 8 38 5.99578 0.764151 0.594461 0.410253 798
10 8 39 5.03257 0.648416 0.496698 0.0822946 667
10 8 40 3.97891 -3 0 0 189
10 8 41 3.26784 0.918816 1.2973 0.229675 383
10 8 42 3.2134 0.640486 1.05277 0.464197 260
10 8 43 3.97891 -3 0 0 183
10 8 44 5.68537 0.748414 0.486749 0.302368 629
10 8 45 3.58257 0.445552 1.09801 0.0177339 392
10 8 46 3.97891 -3 0 0 154
10 8 47 4.03293 0.655486 0.977619 0.0467572 1073
10 8 48 5.55812 0.16554 0.1 0.215026 297
10 8 49 5.84399 0.576276 0.73302 0.117671 204
10 8 50 6.16646 0.648514 0.553161 0.331672 458
10 8 51 3.95213 0.699061 0.656801 0.08013 377
10 8 52 3.83752 0.448382 0.880885 0.253182 211
10 8 53 2.34739 1.67877 1.07741 0.570425 814
10 8 54 4 -2 0 0 348
10 8 55 4.22941 0.569152 1.11479 0.161436 304
10 8 56 2.00001 12.9965 1.98894 0.205197 526
10 8 57 5.92994 0.769451 0.527564 0.531319 405
10 8 58 2.00001 12.119 1.71303 0.164999 336
10 8 59 3.97891 -3 0 0 197
10 8 60 3 -2 0 0 763
10 8 61 0 -10 0 0 0
10 8 62 4.65912 0.621205 0.569243 0.186881 277
10 8 63 3.51682 0.651138 0.621398 0.130464 301
10 9 0 5.04472 0.689286 1.007 0.153158 295
10 9 1 2.95274 1.32548 0.780673 0.0944193 218
10 9 2 4.44424 -3 0 0 199
10 9 3 4.44424 -3 0 0 64
10 9 4 4.44424 -3 0 0 96
10 9 5 4.44424 -3 0 0 102
10 9 6 4.44424 -3 0 0 158
10 9 7 4.44424 -3 0 0 66
10 9 8 4.44424 -3 0 0 128
10 9 9 4.44424 -3 0 0 82
10 9 10 4.44424 -3 0 0 74
10 9 11 4.44424 -3 0 0 134
10 9 12 4.44424 -3 0 0 98
10 9 13 4.44424 -3 0 0 46
10 9 14 4.56819 0.552859 1.0766 0.114056 223
10 9 15 4.44424 -3 0 0 61
10 9 16 4.44424 -3 0 0 63
10 9 17 4.44424 -3 0 0 110
10 9 18 4.44424 -3 0 0 88
10 9 19 4.44424 -3 0 0 53
10 9 20 4.44424 -3 0 0 69
10 9 21 4.44424 -3 0 0 131
10 9 22 4.44424 -3 0 0 84
10 9 23 4.44424 -3 0 0 83
10 9 24 4.44424 -3 0 0 193
10 9 25 4.44424 -3 0 0 37
10 9 26 5.54149 0.886932 0.398369 0.193453 207
10 9 27 4.44424 -3 0 0 35
10 9 28 4.44424 -3 0 0 23
10 9 29 4.44424 -3 0 0 119
10 9 30 4.44424 -3 0 0 50
10 9 31 4.44424 -3 0 0 29
10 9 32 4.44424 -3 0 0 43
10 9 33 4.44424 -3 0 0 58
10 9 34 4.44424 -3 0 0 187
10 9 35 4.44424 -3 0 0 26
10 9 36 4.44424 -3 0 0 48
10 9 37 4.44424 -3 0 0 75
10 9 38 4.44424 -3 0 0 33
10 9 39 4.44424 -3 0 0 37
10 9 40 4.44424 -3 0 0 57
10 9 41 4.44424 -3 0 0 28
10 9 42 4.44424 -3 0 0 44
10 9 43 4.44424 -3 0 0 85
10 9 44 4.44424 -3 0 0 7
10 9 45 4.44424 -3 0 0 37
10 9 46 4.44424 -3 0 0 130
10 9 47 4.44424 -3 0 0 22
10 9 48 4.44424 -3 0 0 43
10 9 49 4.44424 -3 0 0 85
10 9 50 4.44424 -3 0 0 19
10 9 51 4.44424 -3 0 0 52
10 9 52 4.44424 -3 0 0 80
10 9 53 4.44424 -3 0 0 24
10 9 54 4.44424 -3 0 0 36
10 9 55 4.44424 -3 0 0 61
10 9 56 4.44424 -3 0 0 44
10 9 57 4.44424 -3 0 0 48
10 9 58 4.44424 -3 0 0 39
10 9 59 4.44424 -3 0 0 89
10 9 60 4.44424 -3 0 0 47
10 9 61 4.44424 -3 0 0 82
10 9 62 4.44424 -3 0 0 122
10 9 63 4.44424 -3 0 0 43
10 10 0 3.35399 0.670056 0.619244 0.0941611 206
10 10 1 3.39122 -3 0 0 191
10 10 2 2.64577 1.5471 1.06438 0.0568452 256
10 10 3 3.00742 1.34685 0.64329 0.0260796 406
10 10 4 3.7086 0.916075 0.420463 0.101298 282
10 10 5 3.26531 0.698183 0.737137 0.121036 301
10 10 6 2 9.62855 0.526563 0.185785 311
10 10 7 4.19478 0.653607 0.832812 0.198895 684
10 10 8 3.59319 0.613646 1.34352 0.167084 217
10 10 9 3 -2 0 0 434
10 10 10 3.96359 0.502114 0.520172 0.0542425 402
10 10 11 2 -2 0 0 280
10 10 12 6.62436 0.720801 1.6019 0.444832 283
10 10 13 4.75055 0.434554 0.790509 0.236003 570
10 10 14 3.7116 0.911219 0.462291 0.0978335 264
10 10 15 3.58659 0.625359 0.765843 0.119599 493
10 10 16 3.00289 1.10624 1.29441 0.181193 582
10 10 17 3.16858 0.493259 0.779148 0.21582 213
10 10 18 4.12547 0.489877 0.99424 0.435323 318
10 10 19 4.37332 0.468285 0.935705 0.0663002 632
10 10 20 3.6359 0.484944 1.00866 0.0951623 293
10 10 21 5.44425 0.653578 0.545457 0.223407 334
10 10 22 3.30535 1.40922 0.58939 0.246757 411
10 10 23 2.89175 1.37256 0.7636 0.0884711 226
10 10 24 3.58313 0.500587 0.66872 0.0721275 247
10 10 25 3 -2 0 0 842
10 10 26 5.34243 0.976944 0.363193 0.480021 241
10 10 27 4.52334 0.213382 0.1 0.725241 493
10 10 28 2 -2 0 0 701
10 10 29 2 12.9629 1.51024 0.352901 235
10 10 30 7 -2 0 0 256
10 10 31 4.59194 0.510362 0.843993 0.103041 1242
10 10 32 3.60159 0.883243 0.532724 0.222608 873
10 10 33 3.94103 0.531277 1.22595 0.0768121 467
10 10 34 4.95853 0.551166 0.686582 0.45779 216
10 10 35 3 -2 0 0 1254
10 10 36 4.57589 0.519301 0.597503 0.156026 337
10 10 37 4.82132 0.694385 0.31782 0.221504 227
10 10 38 3.14986 1.80822 0.948363 0.0683785 1890
10 10 39 3.54547 0.563415 0.782504 0.134091 904
10 10 40 5.17519 0.938669 0.182673 0.301947 220
10 10 41 2.94956 1.58644 1.14876 0.0872256 864
10 10 42 5 -2 0 0 368
10 10 43 5.34853 0.436572 0.605006 0.388955 305
10 10 44 4.61208 0.468331 0.902153 0.189149 1004
10 10 45 3.29457 0.384195 0.846113 0.271705 736
10 10 46 4.62706 0.423355 0.804709 0.403637 283
10 10 47 0 -10 0 0 0
10 10 48 3.77021 0.540666 0.857034 0.391921 456
10 10 49 2 1.28401 1.25726 0.979466 334
10 10 50 6 -2 0 0 775
10 10 51 2 12.6309 1.56947 0.179709 355
10 10 52 3.21048 0.443533 0.659304 0.468654 319
10 10 53 2.71081 1.35224 1.14138 0.153608 1450
10 10 54 4.93556 0.537849 0.879168 0.264067 577
10 10 55 2.94113 0.497546 0.793754 0.0623568 391
10 10 56 2 -2 0 0 659
10 10 57 2 -2 0 0 468
10 10 58 2.2947 7.26695 0.746536 0.191104 454
10 10 59 3.75617 0.645178 0.831821 0.171699 224
10 10 60 2 9.44963 1.35017 0.534617 1205
10 10 61 2 -2 0 0 427
10 10 62 2 8.99474 1.38772 0.724706 302
10 10 63 2 -2 0 0 380
10 11 0 4.56917 0.762637 0.845863 0.100971 626
10 11 1 6.25254 0.415187 0.733814 0.465318 338
10 11 2 3.59629 0.869587 0.818225 0.117273 323
10 11 3 4.75273 -3 0 0 154
10 11 4 4.75273 -3 0 0 193
10 11 5 4.47364 0.594841 0.562359 0.0636417 207
10 11 6 4.40418 0.521052 0.695492 0.0374093 277
10 11 7 4.75273 -3 0 0 113
10 11 8 4.64374 0.487403 0.789712 0.0765016 258
10 11 9 4.75273 -3 0 0 124
10 11 10 4.75273 -3 0 0 92
10 11 11 5.89805 0.750456 0.493826 0.334713 295
10 11 12 4.75273 -3 0 0 197
10 11 13 4.75273 -3 0 0 117
10 11 14 4.84877 0.491011 0.918447 0.0471086 558
10 11 15 4.75273 -3 0 0 139
10 11 16 4.75273 -3 0 0 134
10 11 17 4.25715 0.55342 1.02365 0.132644 335
10 11 18 4.5542 0.703325 0.589659 0.106474 228
10 11 19 4.75273 -3 0 0 110
10 11 20 4.75273 -3 0 0 187
10 11 21 4.75273 -3 0 0 168
10 11 22 4.75273 -3 0 0 96
10 11 23 5.96344 0.546341 0.803641 0.106277 249
10 11 24 5.54194 0.789638 0.277865 0.45141 334
10 11 25 4.75273 -3 0 0 100
10 11 26 6.07829 0.850398 0.897875 0.189778 592
10 11 27 4.75273 -3 0 0 137
10 11 28 4.75273 -3 0 0 120
10 11 29 5.15793 0.52855 1.08596 0.0312807 363
10 11 30 4.75273 -3 0 0 138
10 11 31 4.75273 -3 0 0 108
10 11 32 4.75273 -3 0 0 90
10 11 33 4.75273 -3 0 0 114
10 11 34 4.54408 0.559741 1.07314 0.0552613 471
10 11 35 4.75273 -3 0 0 89
10 11 36 4.75273 -3 0 0 146
10 11 37 4.75273 -3 0 0 190
10 11 38 4.75273 -3 0 0 93
10 11 39 4.75273 -3 0 0 114
10 11 40 4.75273 -3 0 0 154
10 11 41 4.75273 -3 0 0 99
10 11 42 4.75273 -3 0 0 197
10 11 43 4.88512 0.504171 0.725072 0.300294 317
10 11 44 4.75273 -3 0 0 79
10 11 45 4.75273 -3 0 0 106
10 11 46 5.44143 0.579964 0.591319 0.0884325 495
10 11 47 4.75273 -3 0 0 72
10 11 48 4.75273 -3 0 0 162
10 11 49 7.25261 0.683169 0.386893 0.45539 213
10 11 50 4.75273 -3 0 0 118
10 11 51 4.16633 1.01343 0.280721 0.674862 268
10 11 52 4.8672 0.926069 0.808201 0.1428 283
10 11 53 4.75273 -3 0 0 94
10 11 54 4.75273 -3 0 0 144
10 11 55 6.54016 0.591537 0.126497 0.288836 287
10 11 56 4.75273 -3 0 0 152
10 11 57 5.26649 0.61718 0.426148 0.194394 233
10 11 58 4.75273 -3 0 0 141
10 11 59 4.24522 0.563776 0.598836 0.0952569 425
10 11 60 4.75273 -3 0 0 90
10 11 61 3.83221 0.630134 0.931654 0.09837 345
10 11 62 3.84986 0.603421 0.70686 0.126484 381
10 11 63 3.97739 0.979127 0.401367 0.144874 210
10 12 0 4.66112 0.551249 1.17065 0.184605 366
10 12 1 10 -2 0 0 382
10 12 2 5.63591 0.921938 0.652376 0.295378 503
10 12 3 4.13362 0.434032 1.02227 0.0460733 837
10 12 4 6 -2 0 0 363
10 12 5 5.20515 0.822495 0.937595 0.268181 417
10 12 6 4.27438 0.496383 0.872943 0.13184 611
10 12 7 8 -2 0 0 1300
10 12 8 3.24404 0.981757 1.27283 0.077006 361
10 12 9 3.50094 0.95801 0.907245 0.151709 983
10 12 10 3.62286 0.526467 1.30771 0.166868 1224
10 12 11 4.46261 0.540535 1.47749 0.227026 281
10 12 12 7 -2 0 0 527
10 12 13 5.02365 0.597289 0.648955 0.131684 809
10 12 14 4.79648 0.898373 0.571876 0.409215 290
10 12 15 3.92924 0.433047 1.29227 0.127801 515
10 12 16 4.93726 0.604345 1.35358 0.10829 2067
10 12 17 2.47763 1.52047 0.885524 0.210852 279
10 12 18 4.51473 0.774256 0.970745 0.29704 504
10 12 19 7 -2 0 0 1273
10 12 20 3 -2 0 0 353
10 12 21 6.03285 0.692124 0.820019 0.424841 857
10 12 22 3.98162 0.453579 1.48605 0.333877 929
10 12 23 5.11509 0.744905 0.758778 0.335199 242
10 12 24 4.96974 0.73135 1.12958 0.319264 316
10 12 25 5.30257 0.483326 0.983054 0.167568 931
10 12 26 4.71385 0.741285 0.786619 0.144598 236
10 12 27 4.40056 0.465345 1.33934 0.331847 480
10 12 28 5.13553 0.621715 0.741702 0.0929728 690
10 12 29 4.66134 0.529427 0.622373 0.193474 207
10 12 30 4.7576 0.792378 0.736095 0.0991218 481
10 12 31 4.6143 0.60338 0.946954 0.128794 838
10 12 32 5.83864 0.424747 0.860606 0.350216 526
10 12 33 3.85833 0.481092 0.734657 0.436107 397
10 12 34 4.2146 -3 0 0 187
10 12 35 3.05725 2.60447 1.45359 0.18418 744
10 12 36 4.47767 0.590019 0.952998 0.187253 285
10 12 37 4.90266 0.854735 1.01097 0.244028 291
10 12 38 5.31887 0.519882 0.747223 0.246559 571
10 12 39 7 -2 0 0 237
10 12 40 5.26453 0.508304 0.437 0.372204 284
10 12 41 3.95092 0.364071 1.0218 0.235736 456
10 12 42 3 -2 0 0 239
10 12 43 6 -2 0 0 212
10 12 44 2 12.8039 1.98726 0.778013 378
10 12 45 3 -2 0 0 387
10 12 46 5.86803 0.659317 0.403549 0.363181 219
10 12 47 3 -2 0 0 436
10 12 48 4.07164 0.532906 0.80104 0.157148 344
10 12 49 4.2146 -3 0 0 197
10 12 50 6.51917 0.654808 0.407093 0.584959 314
10 12 51 4.2146 -3 0 0 156
10 12 52 4.11116 0.682143 0.544103 0.242542 205
10 12 53 3.40124 0.495765 1.09158 0.150443 364
10 12 54 2.92591 1.49888 1.3576 0.181926 328
10 12 55 4.2146 -3 0 0 163
10 12 56 4.2146 -3 0 0 184
10 12 57 4.2146 -3 0 0 197
10 12 58 3.20842 1.40893 1.55848 0.263567 222
10 12 59 4.2146 -3 0 0 157
10 12 60 4.22171 0.47487 0.906385 0.105377 285
10 12 61 4.2146 -3 0 0 133
10 12 62 4.2146 -3 0 0 151
10 12 63 4.2146 -3 0 0 176
10 13 0 2.71669 0.680908 0.761882 0.629223 352
10 13 1 3.95038 0.54254 0.851437 0.17311 250
10 13 2 2.67848 1.20039 1.0262 0.136411 232
10 13 3 3.7658 -3 0 0 108
10 13 4 3.7658 -3 0 0 172
10 13 5 3.7658 -3 0 0 165
10 13 6 3.7658 -3 0 0 171
10 13 7 3.7658 -3 0 0 95
10 13 8 3.48223 0.79784 0.38665 0.713591 203
10 13 9 3.7658 -3 0 0 125
10 13 10 3.7658 -3 0 0 81
10 13 11 3.15784 0.510071 0.906041 0.332587 228
10 13 12 3.7658 -3 0 0 132
10 13 13 3.7658 -3 0 0 97
10 13 14 4.83918 0.778228 0.235752 0.406263 345
10 13 15 3.7658 -3 0 0 102
10 13 16 3.7658 -3 0 0 99
10 13 17 3.87852 0.624171 1.09736 0.0645756 302
10 13 18 3.7658 -3 0 0 151
10 13 19 3.7658 -3 0 0 68
10 13 20 3.7658 -3 0 0 174
10 13 21 3.7658 -3 0 0 139
10 13 22 3.7658 -3 0 0 106
10 13 23 3 -2 0 0 244
10 13 24 5.42108 0.590709 0.799076 0.161728 270
10 13 25 3.7658 -3 0 0 78
10 13 26 4.55439 0.710827 0.914854 0.0716705 386
10 13 27 3.7658 -3 0 0 122
10 13 28 3.7658 -3 0 0 113
10 13 29 5.04759 0.493537 0.773128 0.164098 252
10 13 30 3.7658 -3 0 0 176
10 13 31 3.7658 -3 0 0 90
10 13 32 3.7658 -3 0 0 104
10 13 33 3.7658 -3 0 0 116
10 13 34 3 -2 0 0 402
10 13 35 3.7658 -3 0 0 113
10 13 36 3.7658 -3 0 0 137
10 13 37 5.68033 0.705244 0.307326 0.123528 215
10 13 38 3.7658 -3 0 0 124
10 13 39 3.99309 0.581009 0.441639 0.391675 230
10 13 40 3.7658 -3 0 0 188
10 13 41 3.7658 -3 0 0 122
10 13 42 3.53721 0.559556 0.919813 0.242015 240
10 13 43 2 8.93241 1.79446 0.312298 332
10 13 44 3.7658 -3 0 0 110
10 13 45 3.7658 -3 0 0 138
10 13 46 4.605 0.569803 0.73589 0.133477 449
10 13 47 3.7658 -3 0 0 139
10 13 48 3.7658 -3 0 0 150
10 13 49 3.86275 1.7947 0.926463 0.0948133 273
10 13 50 3.7658 -3 0 0 125
10 13 51 4 -2 0 0 490
10 13 52 4.09347 0.526494 0.752294 0.0923236 362
10 13 53 3.7658 -3 0 0 120
10 13 54 3.58872 0.695111 0.569345 0.0838001 232
10 13 55 2.71369 1.54543 0.617764 0.0569212 392
10 13 56 6.44122 0.810087 0.541082 0.288659 287
10 13 57 3.2581 0.475744 0.589913 0.211976 271
10 13 58 4.3264 0.736572 0.542985 0.193945 213
10 13 59 4.37521 0.603946 0.712863 0.2494 500
10 13 60 3.7658 -3 0 0 173
10 13 61 3.60778 0.468989 0.989167 0.13707 685
10 13 62 2.9337 0.632828 0.885633 0.0158019 577
10 13 63 3.10251 0.510054 0.838765 0.14164 276
10 14 0 5.17008 0.604379 0.619638 0.458136 290
10 14 1 5.08885 0.418744 0.743983 0.32085 349
10 14 2 3.83115 0.460829 1.06884 0.09786 421
10 14 3 2 -2 0 0 427
10 14 4 3.54498 0.70061 0.600494 0.384315 242
10 14 5 3 -2 0 0 335
10 14 6 5.33281 0.500513 0.713444 0.304746 441
10 14 7 6.21404 0.878411 0.563234 0.284215 684
10 14 8 5 -2 0 0 275
10 14 9 4.87134 0.660291 0.800496 0.142882 694
10 14 10 4.80562 0.599134 0.776176 0.118414 850
10 14 11 4.85395 0.668757 0.469502 0.199391 244
10 14 12 2.87995 0.480702 0.781528 0.680106 413
10 14 13 6.44023 0.714102 0.844721 0.352432 368
10 14 14 2.64943 1.60323 0.701367 0.402713 217
10 14 15 2.32615 8.15062 1.51617 0.21445 346
10 14 16 3.59581 0.549689 0.927723 0.0394951 1032
10 14 17 4.05167 -3 0 0 189
10 14 18 5.13854 1.05349 0.329824 0.292928 269
10 14 19 4.71637 0.688679 0.729873 0.121602 489
10 14 20 5 -2 0 0 209
10 14 21 3 -2 0 0 511
10 14 22 4.67022 0.781045 0.693472 0.112778 469
10 14 23 4.05167 -3 0 0 194
10 14 24 4.18338 0.533467 0.720412 0.215981 214
10 14 25 4.7022 0.559346 1.06332 0.125122 428
10 14 26 4.05167 -3 0 0 161
10 14 27 5.57645 0.712108 1.10139 0.213423 257
10 14 28 3.4645 1.28528 0.946481 0.128081 296
10 14 29 4.05167 -3 0 0 157
10 14 30 3.90982 0.448258 0.999381 0.121092 223
10 14 31 2 2.79613 1.68773 0.349151 287
10 14 32 3.38606 1.89936 1.83644 0.163806 217
10 14 33 4.81296 0.588905 0.356933 0.295889 214
10 14 34 4.05167 -3 0 0 163
10 14 35 2 8.93358 1.96582 0.404825 225
10 14 36 4.05167 -3 0 0 169
10 14 37 4.05167 -3 0 0 135
10 14 38 4.05167 -3 0 0 165
10 14 39 4.05167 -3 0 0 94
10 14 40 4.05167 -3 0 0 167
10 14 41 4.05167 -3 0 0 172
10 14 42 4.05167 -3 0 0 122
10 14 43 4.05167 -3 0 0 144
10 14 44 4.05167 -3 0 0 148
10 14 45 0 -10 0 0 0
10 14 46 4.05167 -3 0 0 130
10 14 47 4.05167 -3 0 0 133
10 14 48 4.05167 -3 0 0 166
10 14 49 4.05167 -3 0 0 112
10 14 50 4.05167 -3 0 0 124
10 14 51 4.05167 -3 0 0 87
10 14 52 4.05167 -3 0 0 112
10 14 53 4.05167 -3 0 0 120
10 14 54 4.05167 -3 0 0 142
10 14 55 4.05167 -3 0 0 91
10 14 56 4.05167 -3 0 0 96
10 14 57 4.05167 -3 0 0 82
10 14 58 4.05167 -3 0 0 84
10 14 59 4.05167 -3 0 0 106
10 14 60 4.05167 -3 0 0 83
10 14 61 4.05167 -3 0 0 76
10 14 62 4.05167 -3 0 0 82
10 14 63 4.05167 -3 0 0 110
10 15 0 3.58281 -3 0 0 84
10 15 1 3.58281 -3 0 0 63
10 15 2 3.58281 -3 0 0 62
10 15 3 3.58281 -3 0 0 54
10 15 4 3.58281 -3 0 0 85
10 15 5 3.58281 -3 0 0 52
10 15 6 3.58281 -3 0 0 53
10 15 7 3.58281 -3 0 0 43
10 15 8 3.58281 -3 0 0 74
10 15 9 3.58281 -3 0 0 41
10 15 10 3.58281 -3 0 0 42
10 15 11 3.58281 -3 0 0 80
10 15 12 3.58281 -3 0 0 63
10 15 13 3.58281 -3 0 0 66
10 15 14 3.58281 -3 0 0 107
10 15 15 3.58281 -3 0 0 64
10 15 16 3.58281 -3 0 0 24
10 15 17 3.58281 -3 0 0 97
10 15 18 3.58281 -3 0 0 62
10 15 19 3.58281 -3 0 0 52
10 15 20 3.58281 -3 0 0 80
10 15 21 3.58281 -3 0 0 45
10 15 22 3.58281 -3 0 0 39
10 15 23 3.58281 -3 0 0 90
10 15 24 3.58281 -3 0 0 94
10 15 25 3.58281 -3 0 0 43
10 15 26 3.58281 -3 0 0 121
10 15 27 3.58281 -3 0 0 66
10 15 28 3.58281 -3 0 0 53
10 15 29 3.58281 -3 0 0 112
10 15 30 3.58281 -3 0 0 71
10 15 31 3.58281 -3 0 0 56
10 15 32 3.58281 -3 0 0 56
10 15 33 3.58281 -3 0 0 53
10 15 34 3.58281 -3 0 0 141
10 15 35 3.58281 -3 0 0 54
10 15 36 3.58281 -3 0 0 74
10 15 37 3.58281 -3 0 0 112
10 15 38 3.58281 -3 0 0 60
10 15 39 3.58281 -3 0 0 147
10 15 40 3.58281 -3 0 0 101
10 15 41 3.58281 -3 0 0 83
10 15 42 3.58281 -3 0 0 91
10 15 43 3.58281 -3 0 0 130
10 15 44 3.58281 -3 0 0 88
10 15 45 3.58281 -3 0 0 83
10 15 46 3.58281 -3 0 0 186
10 15 47 3.58281 -3 0 0 79
10 15 48 3.58281 -3 0 0 92
10 15 49 3.58281 -3 0 0 131
10 15 50 3.58281 -3 0 0 111
10 15 51 3.61135 0.801813 0.650839 0.142027 245
10 15 52 3.58281 -3 0 0 164
10 15 53 3.58281 -3 0 0 80
10 15 54 3.58281 -3 0 0 87
10 15 55 3.64403 0.477687 0.860096 0.179134 204
10 15 56 3.58281 -3 0 0 145
10 15 57 3.58281 -3 0 0 195
10 15 58 3.58281 -3 0 0 132
10 15 59 3.98982 0.566234 0.807768 0.077521 204
10 15 60 3.58281 -3 0 0 95
10 15 61 2 10.2252 1.10561 0.138448 288
10 15 62 2.62013 1.51607 0.554944 0.138434 247
10 15 63 3.58281 -3 0 0 165
11 0 0 4.46475 -3 0 0 176
11 0 1 4.46475 -3 0 0 110
11 0 2 4.46475 -3 0 0 104
11 0 3 4.46475 -3 0 0 90
11 0 4 4.46475 -3 0 0 103
11 0 5 4.46475 -3 0 0 104
11 0 6 4.46475 -3 0 0 116
11 0 7 4.46475 -3 0 0 103
11 0 8 4.46475 -3 0 0 137
11 0 9 4.46475 -3 0 0 90
11 0 10 4.46475 -3 0 0 81
11 0 11 4.46475 -3 0 0 160
11 0 12 4.46475 -3 0 0 105
11 0 13 4.46475 -3 0 0 108
11 0 14 4.46475 -3 0 0 161
11 0 15 4.46475 -3 0 0 91
11 0 16 4.46475 -3 0 0 67
11 0 17 4.46475 -3 0 0 155
11 0 18 4.46475 -3 0 0 95
11 0 19 4.46475 -3 0 0 109
11 0 20 4.46475 -3 0 0 183
11 0 21 4.46475 -3 0 0 91
11 0 22 4.46475 -3 0 0 62
11 0 23 5.69723 1.04158 1.55607 0.281645 221
11 0 24 4.46475 -3 0 0 180
11 0 25 4.46475 -3 0 0 105
11 0 26 4.76382 0.703289 0.451359 0.0809735 251
11 0 27 4.46475 -3 0 0 135
11 0 28 4.46475 -3 0 0 96
11 0 29 5.15319 0.775464 0.537564 0.0987213 249
11 0 30 4.46475 -3 0 0 131
11 0 31 4.46475 -3 0 0 121
11 0 32 4.46475 -3 0 0 136
11 0 33 4.46475 -3 0 0 139
11 0 34 6.25841 0.756368 0.464976 0.273709 339
11 0 35 4.46475 -3 0 0 134
11 0 36 4.46475 -3 0 0 136
11 0 37 5.34102 1.21502 0.733311 0.215393 259
11 0 38 4.46475 -3 0 0 187
11 0 39 3.48611 1.03143 1.44259 0.0830936 343
11 0 40 4.46475 -3 0 0 162
11 0 41 4.46475 -3 0 0 130
11 0 42 3.24505 0.673543 1.0376 0.126591 265
11 0 43 3.73428 0.648656 1.30687 0.236195 238
11 0 44 4.46475 -3 0 0 127
11 0 45 3.6322 0.516484 1.00967 0.217857 208
11 0 46 5.80971 0.726951 0.626805 0.14491 382
11 0 47 5.88042 0.599787 0.951029 0.300535 221
11 0 48 4.46475 -3 0 0 191
11 0 49 3.3852 0.584784 1.05505 0.350516 212
11 0 50 4.46475 -3 0 0 176
11 0 51 3.99689 0.590455 0.77047 0.132535 621
11 0 52 4.00368 0.869279 0.721529 0.133031 311
11 0 53 3.64508 1.16464 0.630605 0.266827 237
11 0 54 3.77089 0.449768 0.869612 0.158721 229
11 0 55 3.85946 0.682992 0.793161 0.0798274 371
11 0 56 5.2341 0.430903 0.660015 0.168618 316
11 0 57 4.0455 0.450734 1.0144 0.040594 462
11 0 58 5 -2 0 0 269
11 0 59 3.51557 0.465138 0.945261 0.0815398 409
11 0 60 4.71159 0.425585 0.337831 0.454998 206
11 0 61 7.62186 0.512997 0.587598 0.32003 688
11 0 62 3.15152 0.73177 0.877354 0.0734428 553
11 0 63 4.41617 0.415523 0.859751 0.0989975 316
11 1 0 3.01885 1.37338 0.702223 0.662099 475
11 1 1 4.43296 0.566059 1.04603 0.070478 503
11 1 2 7 -2 0 0 639
11 1 3 8.00012 0.478344 0.772314 0.7314 514
11 1 4 4.88165 0.605371 0.977592 0.134146 347
11 1 5 3 -2 0 0 440
11 1 6 7 -2 0 0 769
11 1 7 5.25172 0.456123 0.724527 0.163469 614
11 1 8 5.30256 0.926759 0.292292 0.396272 306
11 1 9 5.09711 0.795881 0.836608 0.240468 607
11 1 10 3.80234 0.917713 0.791281 0.0898612 646
11 1 11 6.9433 0.570738 0.321141 0.641011 347
11 1 12 4.46905 0.46951 1.25824 0.235104 426
11 1 13 2.7627 1.79959 1.53951 0.248856 329
11 1 14 10 -2 0 0 393
11 1 15 5.89191 0.613872 0.437366 0.315006 356
11 1 16 4.90854 0.533207 0.981729 0.0453115 920
11 1 17 4.22381 0.460899 1.01117 0.184801 325
11 1 18 5.95149 0.454703 0.242963 0.478198 354
11 1 19 8.06339 2.70021 2.75773 0.814908 369
11 1 20 4.47124 0.908327 0.890094 0.224891 278
11 1 21 6 -2 0 0 649
11 1 22 4.80272 0.682888 0.778992 0.228872 435
11 1 23 5.36644 0.486164 0.842553 0.248099 201
11 1 24 2 8.42237 2.37296 0.602384 374
11 1 25 5.96667 0.637647 0.404454 0.212763 250
11 1 26 5.16605 0.552672 1.0363 0.12681 304
11 1 27 2 10.6514 1.03316 0.599745 253
11 1 28 4.75197 0.522982 0.885659 0.330191 280
11 1 29 5.88479 0.793819 0.476348 0.239759 233
11 1 30 7 -2 0 0 283
11 1 31 5.19396 0.615744 0.706693 0.341268 242
11 1 32 4.56686 0.893524 1.33073 0.420203 241
11 1 33 4.82544 -3 0 0 189
11 1 34 6.60059 1.31917 0.819476 0.39081 246
11 1 35 4.82544 -3 0 0 191
11 1 36 4.82544 -3 0 0 193
11 1 37 5.06645 0.621959 1.1374 0.125524 206
11 1 38 4.82544 -3 0 0 128
11 1 39 4.82544 -3 0 0 123
11 1 40 4.82544 -3 0 0 179
11 1 41 4.82544 -3 0 0 184
11 1 42 4.82544 -3 0 0 164
11 1 43 4.82544 -3 0 0 196
11 1 44 4.82544 -3 0 0 139
11 1 45 4.82544 -3 0 0 172
11 1 46 5.59102 0.599063 0.828928 0.126289 225
11 1 47 4.82544 -3 0 0 142
11 1 48 4.82544 -3 0 0 175
11 1 49 4.82544 -3 0 0 154
11 1 50 4.82544 -3 0 0 122
11 1 51 4.82544 -3 0 0 86
11 1 52 4.82544 -3 0 0 127
11 1 53 4.82544 -3 0 0 92
11 1 54 4.82544 -3 0 0 114
11 1 55 4.82544 -3 0 0 117
11 1 56 4.82544 -3 0 0 119
11 1 57 4.82544 -3 0 0 120
11 1 58 4.82544 -3 0 0 156
11 1 59 4.82544 -3 0 0 150
11 1 60 4.82544 -3 0 0 121
11 1 61 4.82544 -3 0 0 115
11 1 62 4.82544 -3 0 0 126
11 1 63 4.82544 -3 0 0 138
11 2 0 3.41887 1.13717 0.680847 0.16244 437
11 2 1 3.50121 0.969965 0.693114 0.10343 388
11 2 2 2 -2 0 0 357
11 2 3 4.62892 0.686486 1.34571 0.437155 220
11 2 4 3.78757 2.95376 0.957129 0.336008 292
11 2 5 2.25072 9.56536 1.04549 0.155932 312
11 2 6 5.16298 0.642636 0.425938 0.215765 285
11 2 7 3.58154 -3 0 0 102
11 2 8 4.32755 0.56548 0.445935 0.0792374 363
11 2 9 6 -2 0 0 224
11 2 10 3.58154 -3 0 0 137
11 2 11 4.95343 0.603997 0.222536 0.456275 373
11 2 12 2.00002 8.74306 1.57895 0.405675 259
11 2 13 3.58154 -3 0 0 150
11 2 14 3.41653 0.676056 1.26786 0.102903 641
11 2 15 2.88677 0.976399 1.04936 0.156921 258
11 2 16 3.58154 -3 0 0 155
11 2 17 6.19592 0.824357 0.274069 0.511532 544
11 2 18 4.78083 0.740695 0.611236 0.262564 241
11 2 19 3.58154 -3 0 0 138
11 2 20 3 -2 0 0 361
11 2 21 3 -2 0 0 258
11 2 22 3.58154 -3 0 0 170
11 2 23 2 -2 0 0 458
11 2 24 3.81572 0.614053 0.963159 0.150727 442
11 2 25 3.58154 -3 0 0 86
11 2 26 3.57331 0.956277 1.58618 0.229228 792
11 2 27 3.83538 0.520569 1.09512 0.0900682 244
11 2 28 3.58154 -3 0 0 167
11 2 29 3 -2 0 0 482
11 2 30 6 -2 0 0 247
11 2 31 3.58154 -3 0 0 159
11 2 32 2.63264 1.6192 0.607579 0.141776 223
11 2 33 3.58154 -3 0 0 183
11 2 34 2 -2 0 0 883
11 2 35 3.58154 -3 0 0 165
11 2 36 2 9.6916 1.24289 0.831967 295
11 2 37 2.8049 1.64801 1.50081 0.27268 434
11 2 38 5.19741 0.752547 0.722242 0.158529 242
11 2 39 4.53372 0.42013 0.90352 0.155895 443
11 2 40 5.18359 0.590963 0.651336 0.210139 392
11 2 41 3.25736 1.36916 0.671519 0.508584 211
11 2 42 3.73073 0.551119 0.591907 0.23529 453
11 2 43 4.75292 0.63534 0.455434 0.362355 676
11 2 44 3.83613 0.500956 1.19735 0.128416 204
11 2 45 4.23593 0.629536 0.597311 0.268718 265
11 2 46 5.41517 0.730147 0.616776 0.172705 833
11 2 47 3.84979 1.2217 0.32073 0.323701 228
11 2 48 2 9.3097 1.96652 0.158844 358
11 2 49 4.78157 0.467424 1.19756 0.166002 602
11 2 50 3.20566 0.989295 0.402263 0.306857 264
11 2 51 0 -10 0 0 0
11 2 52 4.1478 0.55972 0.51369 0.181987 741
11 2 53 4.64662 0.683035 0.171907 0.25659 298
11 2 54 2 -2 0 0 401
11 2 55 2 8.31071 1.72682 0.222086 980
11 2 56 0 -10 0 0 0
11 2 57 2.29692 7.54757 1.24795 0.157487 948
11 2 58 3.30156 1.55949 0.47177 0.258556 503
11 2 59 4.65989 0.624905 0.933748 0.0548135 1129
11 2 60 4 -2 0 0 358
11 2 61 0 -10 0 0 0
11 2 62 4.28919 0.818013 0.416606 0.21789 1132
11 2 63 3 -2 0 0 619
11 3 0 2.98254 1.52997 0.678776 0.213306 560
11 3 1 5.40612 0.487077 0.341215 0.707395 662
11 3 2 3.66898 0.769799 0.886631 0.0859519 725
11 3 3 4.69157 0.492404 0.743353 0.0943594 692
11 3 4 3.15076 0.815844 1.20009 0.11868 483
11 3 5 4.04612 0.43679 1.10086 0.035236 602
11 3 6 5.11345 0.891739 0.446448 0.14989 716
11 3 7 3.93851 0.489998 1.47042 0.329284 861
11 3 8 3.88028 0.719925 0.651058 0.186192 479
11 3 9 4.17926 0.514349 0.890304 0.122053 1015
11 3 10 4.79502 1.07045 0.498105 0.183335 908
11 3 11 5.14293 0.631326 0.517698 0.123651 523
11 3 12 4 -2 0 0 520
11 3 13 2 -2 0 0 529
11 3 14 3.72133 0.420242 0.928373 0.179252 543
11 3 15 3.8214 0.786153 0.67112 0.128171 605
11 3 16 3.03546 12.0986 1.62188 0.339763 1256
11 3 17 6.31169 0.529947 0.409571 0.488283 319
11 3 18 4.27591 0.589863 1.11432 0.103058 480
11 3 19 4.367 0.538361 0.625684 0.0581894 966
11 3 20 4.26164 0.668734 0.85068 0.706852 330
11 3 21 4.48053 0.393774 0.849776 0.080481 893
11 3 22 4.33593 0.410552 1.37762 0.142678 619
11 3 23 7.3213 0.463954 0.802904 0.808789 299
11 3 24 5.31582 1.3774 0.339511 0.382288 538
11 3 25 4.82477 0.475025 1.0419 0.0873388 725
11 3 26 4 -2 0 0 344
11 3 27 4.13 0.402123 1.23292 0.352362 454
11 3 28 7 -2 0 0 367
11 3 29 4.90059 0.447234 0.716555 0.14519 363
11 3 30 4.2768 0.674663 0.599883 0.502255 378
11 3 31 8 -2 0 0 660
11 3 32 5.57557 0.721885 0.774869 0.257961 461
11 3 33 4.28965 0.483219 0.86142 0.209909 462
11 3 34 7.23636 0.687596 0.431893 0.513187 334
11 3 35 4.74752 0.449878 0.750093 0.0321154 499
11 3 36 3.37814 0.438445 1.02699 0.429174 341
11 3 37 4.28197 0.682517 0.524907 0.240849 329
11 3 38 4.29253 0.507294 1.14634 0.121372 387
11 3 39 4.81995 0.503497 0.711409 0.273831 264
11 3 40 7 -2 0 0 252
11 3 41 6.69837 0.617545 1.65996 0.403676 395
11 3 42 5.62466 0.251868 0.114861 0.406034 300
11 3 43 6.56467 1.02254 0.196563 0.345276 228
11 3 44 4.77635 0.503078 0.9882 0.20298 278
11 3 45 4.89933 0.518544 0.661134 0.0813981 346
11 3 46 5.36222 0.617326 0.684661 0.23272 296
11 3 47 3 -2 0 0 322
11 3 48 5.22107 0.649894 0.688924 0.361976 377
11 3 49 2.9359 2.37879 1.93963 0.189648 294
11 3 50 5.69219 0.732637 0.138302 0.675634 385
11 3 51 5.17996 0.890826 0.835464 0.281814 235
11 3 52 5.37552 0.902595 0.541838 0.278624 334
11 3 53 3.32384 0.776625 0.954789 0.222415 311
11 3 54 5.23625 1.06108 1.07738 0.442335 221
11 3 55 5.14609 0.584192 1.0758 0.332861 287
11 3 56 2.91451 1.06677 1.08341 0.209173 299
11 3 57 5 -2 0 0 202
11 3 58 4.11006 0.681828 0.573475 0.0798191 268
11 3 59 5.15818 0.583615 0.861366 0.258167 268
11 3 60 5.04522 0.792181 0.496147 0.279127 279
11 3 61 2.88965 1.56481 1.27986 0.136833 262
11 3 62 4.36876 -3 0 0 198
11 3 63 7 -2 0 0 337
11 4 0 4.36398 0.458806 0.989175 0.0286234 1454
11 4 1 3.81178 0.467739 0.822289 0.0413931 1017
11 4 2 4.05402 0.464378 0.702495 0.113735 634
11 4 3 4.97694 0.625762 0.577141 0.47068 231
11 4 4 2 -2 0 0 424
11 4 5 3.54472 0.343723 0.944631 0.2655 359
11 4 6 2.47256 7.02944 0.889392 0.316772 511
11 4 7 3.75774 -3 0 0 167
11 4 8 4.5851 0.62588 0.346459 0.38301 632
11 4 9 4 -2 0 0 357
11 4 10 4.44486 0.744492 0.789366 0.106191 291
11 4 11 2.86215 1.77726 1.60451 0.11497 541
11 4 12 3.93369 0.541461 0.55335 0.290473 331
11 4 13 3.75774 -3 0 0 153
11 4 14 3.37924 0.523605 0.859283 0.0808238 1297
11 4 15 3.59673 2.38077 0.819714 0.408723 275
11 4 16 3.75774 -3 0 0 167
11 4 17 6 -2 0 0 851
11 4 18 3.83666 0.445723 1.12929 0.274481 351
11 4 19 3.75774 -3 0 0 170
11 4 20 2.52459 1.83497 1.13986 0.208434 343
11 4 21 3 -2 0 0 427
11 4 22 3.75774 -3 0 0 188
11 4 23 4.44154 0.602859 0.699108 0.0602305 455
11 4 24 4.87768 0.560817 0.533382 0.0639588 683
11 4 25 3.75774 -3 0 0 144
11 4 26 4.19037 0.495962 0.950569 0.124694 1106
11 4 27 5.19164 0.638803 0.399936 0.0844017 204
11 4 28 3.75774 -3 0 0 148
11 4 29 3.6612 0.497786 1.33308 0.0980226 706
11 4 30 5.30918 1.3169 1.12933 0.480429 223
11 4 31 3.75774 -3 0 0 178
11 4 32 3.75774 -3 0 0 191
11 4 33 3.99607 0.557582 1.20059 0.151735 216
11 4 34 6 -2 0 0 807
11 4 35 3.75774 -3 0 0 163
11 4 36 4.45851 0.387071 0.772481 0.198414 257
11 4 37 7 -2 0 0 447
11 4 38 3.75774 -3 0 0 132
11 4 39 4.91842 0.594363 0.556245 0.205406 230
11 4 40 4.51656 0.678014 0.467195 0.213942 322
11 4 41 3.75774 -3 0 0 196
11 4 42 3 -2 0 0 277
11 4 43 3.90695 0.399695 0.84436 0.108381 493
11 4 44 3.75774 -3 0 0 135
11 4 45 3.75774 -3 0 0 185
11 4 46 5.176 0.641429 0.886327 0.219791 838
11 4 47 3.75774 -3 0 0 133
11 4 48 3.9741 0.474459 0.600477 0.534926 239
11 4 49 3.781 0.671833 0.339438 0.310386 359
11 4 50 3.75774 -3 0 0 191
11 4 51 5 -2 0 0 369
11 4 52 2.26794 9.74963 1.33083 0.363818 490
11 4 53 3.75774 -3 0 0 150
11 4 54 3.66614 0.807692 0.595265 0.146921 216
11 4 55 2 -2 0 0 380
11 4 56 2 8.98042 3.30916 0.959315 281
11 4 57 2 -2 0 0 342
11 4 58 5.02439 0.659181 0.690698 0.140935 338
11 4 59 3 -2 0 0 610
11 4 60 3.75774 -3 0 0 188
11 4 61 2.46659 1.37846 1.11419 0.247082 455
11 4 62 3.09245 0.963589 0.57675 0.0286934 532
11 4 63 4 -2 0 0 335
11 5 0 5 -2 0 0 213
11 5 1 3.36936 -3 0 0 195
11 5 2 3 -2 0 0 349
11 5 3 3.49693 0.577619 0.661208 0.0296022 279
11 5 4 3.26558 0.47913 0.494614 0.416795 313
11 5 5 5.19927 0.56737 0.814489 0.202861 351
11 5 6 2 11.3061 0.720406 0.348428 350
11 5 7 5.68596 0.800188 1.10987 0.456766 570
11 5 8 5.30468 0.591886 0.458675 0.0309313 312
11 5 9 5.84465 0.700545 0.583634 0.359556 330
11 5 10 4.19713 0.505084 0.721546 0.205468 383
11 5 11 2 8.01741 1.33455 0.281796 365
11 5 12 3 -2 0 0 388
11 5 13 3.80246 0.844282 0.618023 0.0989169 602
11 5 14 4.53477 0.494918 1.00443 0.100822 271
11 5 15 2 12.3655 1.18072 0.170507 413
11 5 16 2 11.2087 0.9817 0.137898 309
11 5 17 5 -2 0 0 391
11 5 18 3.68636 0.833854 0.223206 0.211924 392
11 5 19 3.72847 0.370382 1.10324 0.0521331 587
11 5 20 3.61238 0.581053 0.909116 0.145732 469
11 5 21 3.90011 0.497481 0.797757 0.107225 395
11 5 22 4.61304 0.441074 0.733744 0.0619734 326
11 5 23 4.0524 0.685675 0.663807 0.217921 309
11 5 24 5.0538 0.563498 0.825934 0.366328 277
11 5 25 4.0156 0.426056 0.909158 0.0793759 654
11 5 26 4.86821 0.507881 0.955039 0.138907 273
11 5 27 6 -2 0 0 391
11 5 28 5.228 0.553766 0.175077 0.363482 409
11 5 29 5 -2 0 0 296
11 5 30 3.87538 0.614439 0.641644 0.0583462 471
11 5 31 4.1047 0.432925 1.17128 0.0914714 879
11 5 32 2.45656 1.57909 1.13425 0.333311 648
11 5 33 6.80792 0.590224 0.132378 0.641836 524
11 5 34 3.7698 0.396587 1.16436 0.128095 373
11 5 35 3.98285 0.803867 0.604949 0.0653809 788
11 5 36 2 10.8698 1.67242 0.39181 441
11 5 37 3.72868 0.477168 1.08105 0.158288 551
11 5 38 3.95885 0.503519 1.13693 0.0942116 989
11 5 39 3.33129 0.929827 1.42081 0.159314 970
11 5 40 3.66651 0.403739 1.00215 0.0156762 524
11 5 41 5.40014 0.557614 1.45532 0.328346 728
11 5 42 3.52835 1.00354 1.66713 0.103038 393
11 5 43 4.66464 0.726843 0.534574 0.233511 487
11 5 44 3.96752 0.409364 0.635482 0.0709016 591
11 5 45 3.23514 1.30088 0.632451 0.289189 413
11 5 46 6.07416 0.488582 0.436471 0.418973 389
11 5 47 3 -2 0 0 1375
11 5 48 3.42682 0.46268 0.8418 0.0426259 580
11 5 49 3.09881 0.364545 0.741851 0.111912 336
11 5 50 5 -2 0 0 940
11 5 51 5.54837 0.605758 0.73461 0.28974 744
11 5 52 3.91707 0.59582 0.53312 0.129115 420
11 5 53 2.65591 6.91044 0.961206 0.115978 1120
11 5 54 5.02675 0.461124 0.172916 0.58963 518
11 5 55 2 11.9407 1.06257 0.157729 511
11 5 56 2 11.0895 0.937165 0.0593076 797
11 5 57 3.48038 0.514461 0.735468 0.16734 890
11 5 58 3.50502 0.448316 0.734665 0.0714152 657
11 5 59 2.98676 0.451688 0.658272 0.140945 496
11 5 60 3 -2 0 0 992
11 5 61 3.08943 0.583197 0.938016 0.0813089 505
11 5 62 2 1.72414 1.04664 0.292509 423
11 5 63 2.48277 0.746721 0.676179 0.35229 646
11 6 0 2.00001 11.3831 2.64032 0.331967 718
11 6 1 4.00948 0.542124 1.01744 0.125565 538
11 6 2 4.33116 1.16889 0.654265 0.224125 474
11 6 3 4.43662 -3 0 0 173
11 6 4 5.62649 0.686257 0.558563 0.177943 249
11 6 5 3.89563 1.16724 0.584345 0.141958 267
11 6 6 3.80673 0.621683 1.23633 0.0722989 346
11 6 7 4.43662 -3 0 0 100
11 6 8 4.06919 0.524216 0.906154 0.0255225 373
11 6 9 3.93568 0.493008 0.946699 0.117667 251
11 6 10 4.43662 -3 0 0 141
11 6 11 5.15732 0.49554 0.827469 0.277692 274
11 6 12 4.25589 0.528061 0.968813 0.139831 254
11 6 13 4.43662 -3 0 0 118
11 6 14 5.01451 0.670852 0.797017 0.0364717 552
11 6 15 4.43662 -3 0 0 141
11 6 16 4.43662 -3 0 0 159
11 6 17 4.29261 0.523671 1.09431 0.287033 340
11 6 18 4.43662 -3 0 0 154
11 6 19 4.43662 -3 0 0 143
11 6 20 2 9.98258 1.81202 0.138404 217
11 6 21 3.95642 0.956624 0.700778 0.19248 280
11 6 22 4.43662 -3 0 0 177
11 6 23 4.43662 -3 0 0 200
11 6 24 4.73704 0.469419 0.73723 0.154841 411
11 6 25 4.43662 -3 0 0 112
11 6 26 5.25201 0.710788 0.849441 0.148584 392
11 6 27 4.43662 -3 0 0 137
11 6 28 4.43662 -3 0 0 78
11 6 29 5.81197 0.666493 0.356346 0.257341 271
11 6 30 4.43662 -3 0 0 140
11 6 31 4.43662 -3 0 0 124
11 6 32 4.43662 -3 0 0 109
11 6 33 4.43662 -3 0 0 107
11 6 34 5.49014 0.513662 0.51703 0.155959 347
11 6 35 4.43662 -3 0 0 80
11 6 36 4.43662 -3 0 0 125
11 6 37 4.43662 -3 0 0 186
11 6 38 4.43662 -3 0 0 69
11 6 39 4.43662 -3 0 0 115
11 6 40 4.43662 -3 0 0 154
11 6 41 4.43662 -3 0 0 66
11 6 42 4.43662 -3 0 0 137
11 6 43 5.27854 1.30806 0.790896 0.408511 222
11 6 44 4.43662 -3 0 0 84
11 6 45 4.43662 -3 0 0 113
11 6 46 5.4073 0.617987 0.930998 0.383857 308
11 6 47 4.43662 -3 0 0 80
11 6 48 4.43662 -3 0 0 104
11 6 49 4.43662 -3 0 0 108
11 6 50 4.43662 -3 0 0 89
11 6 51 4.43662 -3 0 0 155
11 6 52 4.43662 -3 0 0 170
11 6 53 4.43662 -3 0 0 67
11 6 54 4.43662 -3 0 0 112
11 6 55 4.43662 -3 0 0 148
11 6 56 4.43662 -3 0 0 107
11 6 57 4.43662 -3 0 0 117
11 6 58 4.43662 -3 0 0 109
11 6 59 3.98353 0.865902 0.571382 0.217362 208
11 6 60 4.43662 -3 0 0 97
11 6 61 4.43662 -3 0 0 159
11 6 62 4.43662 -3 0 0 141
11 6 63 4.43662 -3 0 0 125
11 7 0 4.3453 -3 0 0 132
11 7 1 4.3453 -3 0 0 127
11 7 2 4.3453 -3 0 0 103
11 7 3 4.3453 -3 0 0 157
11 7 4 4.73293 0.514106 1.10687 0.218566 212
11 7 5 4.3453 -3 0 0 152
11 7 6 4.3453 -3 0 0 125
11 7 7 4.3453 -3 0 0 141
11 7 8 4.3453 -3 0 0 132
11 7 9 4.3453 -3 0 0 114
11 7 10 4.3453 -3 0 0 133
11 7 11 4.3453 -3 0 0 145
11 7 12 4.3453 -3 0 0 113
11 7 13 4.3453 -3 0 0 182
11 7 14 4.3453 -3 0 0 113
11 7 15 4.3453 -3 0 0 179
11 7 16 4.3453 -3 0 0 146
11 7 17 4.3453 -3 0 0 152
11 7 18 4.3453 -3 0 0 147
11 7 19 4.3453 -3 0 0 164
11 7 20 4.36841 0.714568 0.455225 0.234227 232
11 7 21 4.3453 -3 0 0 135
11 7 22 4.3453 -3 0 0 127
11 7 23 4.36135 0.85375 0.928311 0.308145 224
11 7 24 4.3453 -3 0 0 144
11 7 25 3 -2 0 0 250
11 7 26 4.3453 -3 0 0 180
11 7 27 4.65056 0.548969 1.23611 0.122075 241
11 7 28 5.03939 0.608779 0.2902 0.286637 202
11 7 29 4.3453 -3 0 0 180
11 7 30 2.60239 2.47684 1.74951 0.223014 252
11 7 31 5.81401 0.543661 0.602467 0.342936 452
11 7 32 4.30472 0.562524 1.34319 0.116559 300
11 7 33 2.05271 6.83768 1.75163 0.49952 327
11 7 34 4.17268 0.435434 0.898392 0.142307 213
11 7 35 6.16624 0.587179 1.12306 0.261201 518
11 7 36 8 -2 0 0 336
11 7 37 4.11739 0.445331 1.02433 0.167037 298
11 7 38 8 -2 0 0 567
11 7 39 6.10658 0.712011 0.614692 0.18767 816
11 7 40 2.20789 9.22864 1.41796 0.447791 251
11 7 41 4.90608 0.40008 0.785662 0.0607964 374
11 7 42 5.35208 0.672812 0.390664 0.0973074 383
11 7 43 4.20616 0.941685 0.651228 0.163358 270
11 7 44 3.21801 0.995474 1.32348 0.153922 638
11 7 45 6 -2 0 0 483
11 7 46 8 -2 0 0 279
11 7 47 5.3245 0.935894 0.868395 0.391231 1098
11 7 48 3.69791 0.456993 1.12555 0.315421 408
11 7 49 4.7473 0.765388 0.427383 0.745982 375
11 7 50 4.35937 0.458209 0.749105 0.148085 457
11 7 51 7.0445 0.625404 0.590107 0.486309 549
11 7 52 4.20313 1.1922 2.09819 0.567798 295
11 7 53 3.72944 0.79577 0.831818 0.0608882 788
11 7 54 3.44706 0.485129 0.872687 0.072995 484
11 7 55 2.618 6.60474 1.54024 0.326188 407
11 7 56 2 -2 0 0 847
11 7 57 2 -2 0 0 762
11 7 58 2 -2 0 0 572
11 7 59 7.40397 0.723597 0.296273 0.521423 293
11 7 60 11 -2 0 0 786
11 7 61 2.16291 8.11641 0.501567 0.72179 491
11 7 62 4.19726 0.550912 0.875497 0.0926192 367
11 7 63 3.12039 1.081 0.928354 0.0853653 507
11 8 0 3.96698 -3 0 0 106
11 8 1 3.96698 -3 0 0 95
11 8 2 3.96698 -3 0 0 108
11 8 3 3.96698 -3 0 0 124
11 8 4 3.96698 -3 0 0 144
11 8 5 3.96698 -3 0 0 106
11 8 6 3.96698 -3 0 0 126
11 8 7 2 11.3491 3.2367 0.304339 210
11 8 8 3.96698 -3 0 0 127
11 8 9 3.96698 -3 0 0 137
11 8 10 3.96698 -3 0 0 147
11 8 11 3.96698 -3 0 0 151
11 8 12 3.96698 -3 0 0 87
11 8 13 2 -2 0 0 223
11 8 14 3.96698 -3 0 0 98
11 8 15 4.42493 0.563988 0.438081 0.222601 213
11 8 16 3.96698 -3 0 0 168
11 8 17 3.96698 -3 0 0 130
11 8 18 3.96698 -3 0 0 141
11 8 19 3.57343 0.534999 0.378716 0.456963 207
11 8 20 3.96698 -3 0 0 176
11 8 21 3.96698 -3 0 0 122
11 8 22 3.96698 -3 0 0 174
11 8 23 3.96698 -3 0 0 169
11 8 24 3.96698 -3 0 0 129
11 8 25 5.74233 0.548683 0.244201 0.229274 238
11 8 26 3.96698 -3 0 0 152
11 8 27 3.98019 0.514001 1.15227 0.104062 230
11 8 28 3.02894 2.21974 1.12844 0.42281 237
11 8 29 3.96698 -3 0 0 183
11 8 30 3.96698 -3 0 0 200
11 8 31 4.67025 0.682591 0.646477 0.180356 333
11 8 32 6.99104 0.918392 0.596723 0.418112 305
11 8 33 5.83467 0.706599 1.05964 0.319647 250
11 8 34 3.96698 -3 0 0 133
11 8 35 3.98064 0.462298 1.10724 0.0991871 371
11 8 36 8.18937 1.00628 0.760058 0.487809 220
11 8 37 3.96698 -3 0 0 155
11 8 38 4.14875 0.535704 0.831765 0.0704308 800
11 8 39 4.39403 0.602107 0.657686 0.233877 526
11 8 40 3.96698 -3 0 0 186
11 8 41 2.51167 1.27527 1.0096 0.642414 351
11 8 42 5.09543 0.6342 0.13876 0.167608 231
11 8 43 3.96698 -3 0 0 164
11 8 44 5.61492 0.510779 0.817241 0.324766 427
11 8 45 4.23351 0.55252 0.856976 0.103737 390
11 8 46 4.04251 0.624746 0.942159 0.164518 208
11 8 47 3.6978 0.504929 0.825017 0.0592771 1081
11 8 48 5 -2 0 0 251
11 8 49 3.88123 0.582088 0.442254 0.34105 288
11 8 50 2.78232 1.48095 1.22125 0.179386 502
11 8 51 7.7768 0.215989 0.110053 0.353694 304
11 8 52 3.96698 -3 0 0 180
11 8 53 5.13875 0.588886 0.538416 0.250912 485
11 8 54 3.96355 0.453699 1.01086 0.0537563 418
11 8 55 4.2215 0.514556 0.676086 0.240247 238
11 8 56 3.65302 0.480871 0.598323 0.282723 448
11 8 57 3.21269 0.75473 1.12151 0.0846941 374
11 8 58 6.01535 0.591297 0.747356 0.477211 294
11 8 59 3.84678 0.719586 0.362581 0.265132 221
11 8 60 2 8.83668 2.4495 0.217077 747
11 8 61 2.96399 0.762473 0.976998 0.188633 249
11 8 62 4 -2 0 0 234
11 8 63 3 -2 0 0 286
11 9 0 3.20738 0.920769 1.15799 0.142569 450
11 9 1 4.03283 0.722271 1.00453 0.10746 269
11 9 2 4.03811 0.508776 0.603015 0.422518 215
11 9 3 4.60616 -3 0 0 113
11 9 4 4.60616 -3 0 0 114
11 9 5 4.60616 -3 0 0 160
11 9 6 4.36514 0.586698 0.958951 0.109419 226
11 9 7 4.60616 -3 0 0 90
11 9 8 4.60616 -3 0 0 160
11 9 9 4.60616 -3 0 0 137
11 9 10 4.60616 -3 0 0 88
11 9 11 4.60616 -3 0 0 145
11 9 12 4.60616 -3 0 0 123
11 9 13 4.60616 -3 0 0 82
11 9 14 4.4184 0.982793 0.438444 0.251598 275
11 9 15 4.60616 -3 0 0 80
11 9 16 4.60616 -3 0 0 69
11 9 17 5.74369 0.673619 0.46608 0.325816 211
11 9 18 4.60616 -3 0 0 117
11 9 19 4.60616 -3 0 0 66
11 9 20 4.60616 -3 0 0 118
11 9 21 4.60616 -3 0 0 133
11 9 22 4.60616 -3 0 0 101
11 9 23 4.60616 -3 0 0 114
11 9 24 6.64691 0.601393 0.379566 0.386277 226
11 9 25 4.60616 -3 0 0 72
11 9 26 5.82697 0.548377 0.889232 0.315027 243
11 9 27 4.60616 -3 0 0 58
11 9 28 4.60616 -3 0 0 89
11 9 29 4.60616 -3 0 0 137
11 9 30 4.60616 -3 0 0 93
11 9 31 4.60616 -3 0 0 69
11 9 32 4.60616 -3 0 0 49
11 9 33 4.60616 -3 0 0 54
11 9 34 5.72808 0.601229 0.262082 0.26269 212
11 9 35 4.60616 -3 0 0 57
11 9 36 4.60616 -3 0 0 74
11 9 37 4.60616 -3 0 0 77
11 9 38 4.60616 -3 0 0 43
11 9 39 4.60616 -3 0 0 71
11 9 40 4.60616 -3 0 0 70
11 9 41 4.60616 -3 0 0 48
11 9 42 4.60616 -3 0 0 81
11 9 43 4.60616 -3 0 0 121
11 9 44 4.60616 -3 0 0 53
11 9 45 4.60616 -3 0 0 40
11 9 46 4.60616 -3 0 0 177
11 9 47 4.60616 -3 0 0 50
11 9 48 4.60616 -3 0 0 88
11 9 49 4.60616 -3 0 0 97
11 9 50 4.60616 -3 0 0 61
11 9 51 4.60616 -3 0 0 87
11 9 52 4.60616 -3 0 0 137
11 9 53 4.60616 -3 0 0 46
11 9 54 4.60616 -3 0 0 67
11 9 55 4.60616 -3 0 0 107
11 9 56 4.60616 -3 0 0 79
11 9 57 4.60616 -3 0 0 89
11 9 58 4.60616 -3 0 0 86
11 9 59 4.60616 -3 0 0 149
11 9 60 4.60616 -3 0 0 49
11 9 61 4.60616 -3 0 0 120
11 9 62 4.60616 -3 0 0 140
11 9 63 4.60616 -3 0 0 83
11 10 0 3.98785 -3 0 0 173
11 10 1 3.98785 -3 0 0 168
11 10 2 3.98785 -3 0 0 186
11 10 3 4.6925 0.755477 0.318946 0.136978 328
11 10 4 4.26542 0.475359 0.728503 0.523386 322
11 10 5 3.63826 0.542445 0.712332 0.248909 324
11 10 6 4.16884 0.589604 1.0159 0.222449 220
11 10 7 4.35769 0.482791 0.854742 0.067059 654
11 10 8 3.98785 -3 0 0 176
11 10 9 4.17642 0.676877 0.228966 0.404701 279
11 10 10 7 -2 0 0 389
11 10 11 2 12.3221 1.37207 0.305302 246
11 10 12 5.54163 0.530332 0.385927 0.491453 300
11 10 13 5.07601 0.50416 0.411945 0.124233 572
11 10 14 4.4629 0.407038 0.78109 0.233548 234
11 10 15 4.07528 0.476003 1.37577 0.0945966 336
11 10 16 5.0879 0.665074 0.161718 0.147508 345
11 10 17 5.72629 0.275876 0.1 0.415854 247
11 10 18 4.36545 0.424197 1.11617 0.427999 410
11 10 19 4.34145 0.413571 0.72086 0.120274 567
11 10 20 4.86211 0.442992 0.826104 0.230097 357
11 10 21 4.27745 0.519763 0.779183 0.0800826 249
11 10 22 3.64793 0.365294 1.07835 0.252752 460
11 10 23 3.65151 0.462285 0.975261 0.07946 303
11 10 24 3.98785 -3 0 0 171
11 10 25 3.81081 0.677071 0.830757 0.172084 704
11 10 26 4.05893 0.439368 0.796142 0.200914 247
11 10 27 7 -2 0 0 519
11 10 28 2.99752 1.67209 1.1204 0.434087 426
11 10 29 4.05877 0.494512 1.17256 0.244736 263
11 10 30 4.11362 0.417058 1.02585 0.0793039 410
11 10 31 3.96241 0.40722 0.944132 0.0371939 1065
11 10 32 4.02001 0.655695 1.00631 0.0444311 756
11 10 33 4.73601 0.565453 0.636316 0.200137 540
11 10 34 4.78864 0.666416 0.606264 0.106937 237
11 10 35 2 -2 0 0 1334
11 10 36 6 -2 0 0 448
11 10 37 3 -2 0 0 403
11 10 38 4.44431 0.483659 0.642692 0.0772992 1501
11 10 39 3.26543 1.42876 1.06725 0.219924 801
11 10 40 8 -2 0 0 364
11 10 41 3.90986 0.394474 0.903193 0.186805 712
11 10 42 6.54358 0.569772 0.439038 0.40835 569
11 10 43 3.3038 0.523985 1.01629 0.203549 285
11 10 44 3 -2 0 0 1161
11 10 45 3 -2 0 0 697
11 10 46 6.52868 0.559091 0.626186 0.837939 244
11 10 47 3.82806 0.378228 0.903829 0.0315205 2001
11 10 48 2.77936 0.929065 0.992549 0.107015 466
11 10 49 4.57711 0.610387 0.584266 0.248567 326
11 10 50 4.24045 0.425061 0.924157 0.0550019 760
11 10 51 3.56532 0.409021 0.936437 0.234467 423
11 10 52 2.33908 7.6995 0.622556 0.644303 380
11 10 53 4.84902 0.588898 0.809738 0.143473 1331
11 10 54 3.12927 0.363832 0.870749 0.305005 636
11 10 55 5.4062 0.565192 0.590524 0.222667 375
11 10 56 3.5946 0.403606 0.872947 0.0936047 628
11 10 57 3.7405 0.464729 0.884138 0.147865 497
11 10 58 4.49937 0.666668 0.647908 0.179326 470
11 10 59 3.58045 0.670442 0.801277 0.115722 220
11 10 60 4.55718 0.600906 0.69959 0.126154 1025
11 10 61 3.14544 1.57099 0.277606 0.400397 404
11 10 62 2.27451 2.08945 0.795878 0.472308 307
11 10 63 3.58473 0.448934 0.589655 0.424927 320
11 11 0 3 -2 0 0 751
11 11 1 3.85049 0.766911 0.739214 0.10015 409
11 11 2 5.26876 0.823822 0.333383 0.252064 398
11 11 3 4.50032 -3 0 0 164
11 11 4 4.60049 0.676758 1.16141 0.133846 216
11 11 5 4.38636 0.527789 0.906002 0.105289 273
11 11 6 4.63311 0.557529 1.16125 0.0685257 309
11 11 7 4.50032 -3 0 0 106
11 11 8 4.06872 0.859088 0.79506 0.167289 262
11 11 9 4.50032 -3 0 0 185
11 11 10 4.50032 -3 0 0 188
11 11 11 5.06658 0.544756 0.35842 0.214118 291
11 11 12 4.04211 0.476697 0.905183 0.166138 275
11 11 13 4.50032 -3 0 0 161
11 11 14 4.44288 0.53745 1.18708 0.111899 629
11 11 15 4.50032 -3 0 0 166
11 11 16 4.50032 -3 0 0 105
11 11 17 4.8751 0.690512 0.591635 0.0777826 368
11 11 18 4.50032 -3 0 0 186
11 11 19 4.50032 -3 0 0 124
11 11 20 4.87172 0.561867 0.915664 0.117799 251
11 11 21 3.45321 0.647195 1.18135 0.408524 233
11 11 22 4.50032 -3 0 0 110
11 11 23 6.86215 0.578812 0.679528 0.370254 327
11 11 24 5.53804 0.62413 0.667995 0.23749 477
11 11 25 4.50032 -3 0 0 131
11 11 26 5.75958 0.913347 0.893452 0.281348 683
11 11 27 4.50032 -3 0 0 167
11 11 28 4.50032 -3 0 0 97
11 11 29 4.64046 0.480783 1.03475 0.0840605 421
11 11 30 4.50032 -3 0 0 171
11 11 31 4.50032 -3 0 0 116
11 11 32 4.50032 -3 0 0 109
11 11 33 4.50032 -3 0 0 157
11 11 34 5.06629 0.467376 0.908711 0.0541504 595
11 11 35 4.50032 -3 0 0 91
11 11 36 4.50032 -3 0 0 156
11 11 37 4.87656 0.450828 0.886938 0.0634897 241
11 11 38 4.50032 -3 0 0 141
11 11 39 4.50032 -3 0 0 107
11 11 40 5.22139 0.60483 0.460972 0.109131 206
11 11 41 4.50032 -3 0 0 95
11 11 42 4.50032 -3 0 0 190
11 11 43 5.74789 0.538754 1.17416 0.260997 358
11 11 44 4.50032 -3 0 0 126
11 11 45 4.50032 -3 0 0 138
11 11 46 4.26132 0.978449 0.833228 0.0727136 524
11 11 47 4.50032 -3 0 0 112
11 11 48 4.50032 -3 0 0 147
11 11 49 3.11538 1.38785 0.285954 0.718279 251
11 11 50 4.50032 -3 0 0 101
11 11 51 6.30061 0.894368 0.558044 0.212496 328
11 11 52 3.09466 0.688417 1.01823 0.402979 305
11 11 53 4.50032 -3 0 0 73
11 11 54 4.50032 -3 0 0 169
11 11 55 4.60506 0.590358 0.654816 0.121411 296
11 11 56 4.50032 -3 0 0 153
11 11 57 3.36685 0.898016 0.626788 0.264952 216
11 11 58 2 2.03114 1.14257 0.60653 221
11 11 59 5.04256 0.831447 0.649445 0.300345 511
11 11 60 4.50032 -3 0 0 93
11 11 61 4.0806 0.62645 0.601958 0.0887454 335
11 11 62 4 -2 0 0 447
11 11 63 4.37385 0.842276 0.384594 0.20627 206
11 12 0 2.3747 7.80914 1.31559 0.1761 384
11 12 1 3 -2 0 0 427
11 12 2 2 12.0654 1.57998 0.178876 620
11 12 3 3.6561 0.645243 0.607716 0.0567121 855
11 12 4 5.34355 0.767651 0.640132 0.525685 342
11 12 5 4.56354 0.688181 0.738205 0.236875 612
11 12 6 4.37908 0.42802 1.18875 0.111316 562
11 12 7 4.79683 0.576621 0.676899 0.158128 1432
11 12 8 4.5073 0.469317 0.742556 0.113886 493
11 12 9 3.38139 0.651758 1.30085 0.341215 1069
11 12 10 6 -2 0 0 1290
11 12 11 6.16296 0.652527 0.810491 0.280536 517
11 12 12 4.75709 0.393084 0.895364 0.0839894 616
11 12 13 6 -2 0 0 732
11 12 14 2.05725 7.42925 1.61511 0.404993 360
11 12 15 2.96758 1.31264 1.45372 0.128096 772
11 12 16 5.19993 0.574812 0.930225 0.0503154 1804
11 12 17 2 8.42701 1.6074 0.399212 345
11 12 18 5.68975 0.686036 0.278264 0.416337 421
11 12 19 4.24166 0.466675 0.89556 0.191557 992
11 12 20 5.83211 0.545007 0.937474 0.394487 374
11 12 21 4.92889 0.434192 1.08729 0.159331 618
11 12 22 3.91611 0.306594 1.05572 0.0928762 1127
11 12 23 5.23456 0.980222 0.838002 0.408118 318
11 12 24 3.47951 0.367612 0.950156 0.209136 311
11 12 25 5.12886 0.667005 1.0685 0.205135 1195
11 12 26 3.52211 0.850247 0.838282 0.147407 254
11 12 27 3 -2 0 0 473
11 12 28 5.05586 0.488675 0.557834 0.0333698 616
11 12 29 4.68023 0.445291 0.97099 0.329823 230
11 12 30 4.34291 0.359533 1.07653 0.12434 483
11 12 31 4.89555 0.55763 1.35691 0.311304 713
11 12 32 4.41795 0.657977 0.276281 0.14744 676
11 12 33 3.30024 1.16082 0.875892 0.379176 504
11 12 34 4.71678 0.603099 0.99257 0.302525 244
11 12 35 2 2.36808 1.70776 0.186097 815
11 12 36 4.34035 0.425637 0.816812 0.0525016 349
11 12 37 2 -2 0 0 373
11 12 38 5.39606 0.381344 0.517895 0.143963 538
11 12 39 3.61302 0.352128 0.890184 0.403121 326
11 12 40 4.33052 0.661723 0.447732 0.387569 406
11 12 41 3.24341 1.59766 1.92098 0.357454 497
11 12 42 3.2194 1.3567 0.489668 0.470314 331
11 12 43 5.79842 0.653298 0.277378 0.428718 243
11 12 44 3 -2 0 0 567
11 12 45 4.38563 0.686023 0.570937 0.14218 528
11 12 46 3.01227 1.51479 0.846764 0.244604 226
11 12 47 4.08201 1.02653 0.787414 0.287061 460
11 12 48 3.37194 0.370765 0.856207 0.201503 417
11 12 49 3.32576 0.648541 0.753513 0.306536 296
11 12 50 3.4486 0.363184 1.01135 0.0793101 385
11 12 51 3.8748 -3 0 0 180
11 12 52 3.70348 0.48474 0.757898 0.173021 226
11 12 53 4.07954 0.394368 1.05232 0.0794198 415
11 12 54 5 -2 0 0 318
11 12 55 3.8748 -3 0 0 175
11 12 56 3.56205 0.437896 0.916896 0.209777 261
11 12 57 3 -2 0 0 254
11 12 58 2 -2 0 0 290
11 12 59 5 -2 0 0 208
11 12 60 3 -2 0 0 425
11 12 61 3.8748 -3 0 0 161
11 12 62 3.8748 -3 0 0 180
11 12 63 3.8748 -3 0 0 184
11 13 0 2 8.18012 0.897899 0.672219 340
11 13 1 5.80761 0.545273 0.816586 0.432891 255
11 13 2 6.44999 0.746764 1.37136 0.369378 208
11 13 3 5.021 -3 0 0 137
11 13 4 5.021 -3 0 0 200
11 13 5 5.021 -3 0 0 184
11 13 6 5.021 -3 0 0 183
11 13 7 5.021 -3 0 0 79
11 13 8 3.92618 0.478242 1.13339 0.347281 242
11 13 9 5.021 -3 0 0 140
11 13 10 5.021 -3 0 0 87
11 13 11 5.12248 0.53178 0.672566 0.322465 208
11 13 12 5.021 -3 0 0 166
11 13 13 5.021 -3 0 0 109
11 13 14 5.57386 0.517603 0.787317 0.156099 345
11 13 15 5.021 -3 0 0 136
11 13 16 5.021 -3 0 0 108
11 13 17 7.27898 0.657917 1.21087 0.409362 290
11 13 18 5.021 -3 0 0 127
11 13 19 5.021 -3 0 0 90
11 13 20 5.021 -3 0 0 160
11 13 21 5.021 -3 0 0 137
11 13 22 5.021 -3 0 0 119
11 13 23 4.97206 0.504692 1.07752 0.205512 239
11 13 24 4.96742 0.974677 2.0453 0.528659 234
11 13 25 5.021 -3 0 0 56
11 13 26 6.31982 0.589595 0.898978 0.380354 429
11 13 27 5.021 -3 0 0 129
11 13 28 5.021 -3 0 0 86
11 13 29 7.55494 0.478537 0.812328 0.329246 363
11 13 30 5.021 -3 0 0 180
11 13 31 5.021 -3 0 0 95
11 13 32 5.021 -3 0 0 131
11 13 33 5.021 -3 0 0 114
11 13 34 5.7251 0.557388 0.676224 0.0590828 405
11 13 35 5.021 -3 0 0 131
11 13 36 5.021 -3 0 0 131
11 13 37 5.85026 0.849168 0.585209 0.510876 288
11 13 38 5.021 -3 0 0 120
11 13 39 5.021 -3 0 0 199
11 13 40 5.87578 0.963543 0.786138 0.262811 241
11 13 41 5.021 -3 0 0 124
11 13 42 5.57683 0.733126 0.34812 0.168073 203
11 13 43 5.7231 0.771298 0.944364 0.1729 382
11 13 44 5.021 -3 0 0 115
11 13 45 5.021 -3 0 0 122
11 13 46 7.39663 0.487977 0.821687 0.340648 601
11 13 47 5.021 -3 0 0 151
11 13 48 5.021 -3 0 0 200
11 13 49 3 -2 0 0 267
11 13 50 5.021 -3 0 0 153
11 13 51 4.83863 0.511526 0.93153 0.0296581 495
11 13 52 5.64218 0.707918 0.800844 0.165974 374
11 13 53 5.021 -3 0 0 173
11 13 54 4.3223 0.870191 0.382142 0.29152 207
11 13 55 5.47433 0.670489 0.668689 0.175084 422
11 13 56 3.50464 0.613055 0.678288 0.109976 277
11 13 57 6.44639 0.607182 0.586813 0.313049 349
11 13 58 5.85931 0.609368 0.238058 0.377851 245
11 13 59 4.51985 0.628211 1.19488 0.112634 574
11 13 60 5.021 -3 0 0 128
11 13 61 4.72267 0.492912 0.695092 0.0494349 628
11 13 62 3.46474 0.584576 1.02634 0.100489 561
11 13 63 2.98342 1.30157 1.25114 0.113225 333
11 14 0 3.58448 0.659356 0.898116 0.137156 362
11 14 1 2 8.11718 1.86361 0.298047 434
11 14 2 3.74953 0.924146 0.551335 0.308241 470
11 14 3 8 -2 0 0 533
11 14 4 4.3991 0.8791 0.472951 0.306119 318
11 14 5 5.65526 0.89505 0.632788 0.41439 432
11 14 6 3.8129 0.655541 0.738154 0.179859 491
11 14 7 4.37714 0.612349 0.629844 0.0416737 784
11 14 8 4.44644 0.738997 0.37248 0.35816 340
11 14 9 2 12.6091 2.24302 0.206454 793
11 14 10 4.00668 0.560166 0.907588 0.0606825 818
11 14 11 4.57748 0.44811 0.832322 0.114671 280
11 14 12 3 -2 0 0 399
11 14 13 3.74679 0.603601 1.27904 0.151583 501
11 14 14 3.65247 0.993769 0.370419 0.466936 287
11 14 15 4.56323 0.449229 0.781657 0.230112 365
11 14 16 2.36161 2.69842 1.34334 0.290466 1048
11 14 17 3.25937 1.50994 0.764066 0.0599539 245
11 14 18 3.57272 0.397629 0.962371 0.330976 375
11 14 19 5.14519 0.639206 0.677533 0.101441 637
11 14 20 4.09816 0.471567 0.719345 0.338575 245
11 14 21 4.96183 0.548946 0.378942 0.1538 661
11 14 22 6.14907 0.778561 0.280758 0.428217 490
11 14 23 6.4146 0.707037 0.631486 0.453161 202
11 14 24 6.59996 0.657746 0.602463 0.446436 303
11 14 25 8 -2 0 0 476
11 14 26 5.3822 0.685731 1.29966 0.0609871 224
11 14 27 8.88977 0.445429 0.413084 0.810004 332
11 14 28 6.92479 0.54524 0.342616 0.463324 389
11 14 29 4.20552 -3 0 0 179
11 14 30 4.18335 0.427891 0.859465 0.12633 301
11 14 31 0 -10 0 0 0
11 14 32 7.03076 0.529497 0.445865 0.491669 231
11 14 33 6.87907 0.84588 0.74831 0.900921 252
11 14 34 4.20552 -3 0 0 190
11 14 35 3 -2 0 0 301
11 14 36 4 -2 0 0 201
11 14 37 4.20552 -3 0 0 167
11 14 38 4.20552 -3 0 0 198
11 14 39 4.20552 -3 0 0 102
11 14 40 4.20552 -3 0 0 190
11 14 41 7.11045 0.562206 0.394713 0.414325 229
11 14 42 4.20552 -3 0 0 146
11 14 43 4.20552 -3 0 0 191
11 14 44 4.20552 -3 0 0 186
11 14 45 4.20552 -3 0 0 167
11 14 46 4.20552 -3 0 0 155
11 14 47 4.20552 -3 0 0 187
11 14 48 4.20552 -3 0 0 153
11 14 49 4.20552 -3 0 0 161
11 14 50 4.20552 -3 0 0 176
11 14 51 4.20552 -3 0 0 78
11 14 52 4.20552 -3 0 0 112
11 14 53 4.20552 -3 0 0 176
11 14 54 4.20552 -3 0 0 158
11 14 55 4.20552 -3 0 0 91
11 14 56 4.20552 -3 0 0 145
11 14 57 4.20552 -3 0 0 94
11 14 58 4.20552 -3 0 0 97
11 14 59 4.20552 -3 0 0 121
11 14 60 4.20552 -3 0 0 135
11 14 61 4.20552 -3 0 0 100
11 14 62 4.20552 -3 0 0 89
11 14 63 4.20552 -3 0 0 128
11 15 0 4.06914 -3 0 0 120
11 15 1 4.06914 -3 0 0 95
11 15 2 4.06914 -3 0 0 90
11 15 3 4.06914 -3 0 0 47
11 15 4 4.06914 -3 0 0 85
11 15 5 4.06914 -3 0 0 68
11 15 6 4.06914 -3 0 0 55
11 15 7 4.06914 -3 0 0 55
11 15 8 4.06914 -3 0 0 95
11 15 9 4.06914 -3 0 0 63
11 15 10 4.06914 -3 0 0 58
11 15 11 4.06914 -3 0 0 111
11 15 12 4.06914 -3 0 0 60
11 15 13 4.06914 -3 0 0 48
11 15 14 4.06914 -3 0 0 117
11 15 15 4.06914 -3 0 0 70
11 15 16 4.06914 -3 0 0 40
11 15 17 4.06914 -3 0 0 128
11 15 18 4.06914 -3 0 0 61
11 15 19 4.06914 -3 0 0 63
11 15 20 4.06914 -3 0 0 76
11 15 21 4.06914 -3 0 0 68
11 15 22 4.06914 -3 0 0 55
11 15 23 4.06914 -3 0 0 124
11 15 24 4.06914 -3 0 0 92
11 15 25 4.06914 -3 0 0 62
11 15 26 4.06914 -3 0 0 108
11 15 27 4.06914 -3 0 0 70
11 15 28 4.06914 -3 0 0 77
11 15 29 4.06914 -3 0 0 156
11 15 30 4.06914 -3 0 0 74
11 15 31 4.06914 -3 0 0 65
11 15 32 4.06914 -3 0 0 67
11 15 33 4.06914 -3 0 0 75
11 15 34 4.06914 -3 0 0 152
11 15 35 4.06914 -3 0 0 50
11 15 36 4.06914 -3 0 0 93
11 15 37 4.06914 -3 0 0 119
11 15 38 4.06914 -3 0 0 94
11 15 39 4.06914 -3 0 0 161
11 15 40 4.06914 -3 0 0 120
11 15 41 4.06914 -3 0 0 101
11 15 42 4.06914 -3 0 0 109
11 15 43 4.06914 -3 0 0 146
11 15 44 4.06914 -3 0 0 86
11 15 45 4.06914 -3 0 0 73
11 15 46 4.06914 -3 0 0 171
11 15 47 4.06914 -3 0 0 83
11 15 48 4.06914 -3 0 0 88
11 15 49 4.06914 -3 0 0 162
11 15 50 4.06914 -3 0 0 120
11 15 51 3.93472 0.580551 0.760962 0.0707201 312
11 15 52 4.06914 -3 0 0 196
11 15 53 4.06914 -3 0 0 92
11 15 54 4.06914 -3 0 0 116
11 15 55 2.98727 0.532979 0.814831 0.200557 220
11 15 56 4.06914 -3 0 0 172
11 15 57 2.56997 1.25877 0.890777 0.148736 210
11 15 58 4.06914 -3 0 0 151
11 15 59 2.58329 1.94913 1.29024 0.11288 241
11 15 60 4.06914 -3 0 0 115
11 15 61 2.4702 7.8522 0.827145 0.0794057 305
11 15 62 3.18988 0.488069 0.74712 0.197386 286
11 15 63 4.06914 -3 0 0 189
12 0 0 5.60108 -3 0 0 64
12 0 1 5.60108 -3 0 0 93
12 0 2 5.60108 -3 0 0 91
12 0 3 5.60108 -3 0 0 88
12 0 4 5.60108 -3 0 0 96
12 0 5 5.60108 -3 0 0 62
12 0 6 5.60108 -3 0 0 62
12 0 7 5.60108 -3 0 0 75
12 0 8 5.60108 -3 0 0 59
12 0 9 5.60108 -3 0 0 46
12 0 10 5.60108 -3 0 0 8
12 0 11 5.60108 -3 0 0 78
12 0 12 5.60108 -3 0 0 60
12 0 13 0 -10 0 0 0
12 0 14 0 -10 0 0 0
12 0 15 5.60108 -3 0 0 73
12 0 16 0 -10 0 0 0
12 0 17 0 -10 0 0 0
12 0 18 5.60108 -3 0 0 82
12 0 19 5.60108 -3 0 0 99
12 0 20 0 -10 0 0 0
12 0 21 5.60108 -3 0 0 93
12 0 22 5.60108 -3 0 0 105
12 0 23 5.60108 -3 0 0 112
12 0 24 0 -10 0 0 0
12 0 25 5.60108 -3 0 0 95
12 0 26 5.60108 -3 0 0 94
12 0 27 5.60108 -3 0 0 89
12 0 28 5.60108 -3 0 0 141
12 0 29 5.60108 -3 0 0 136
12 0 30 5.60108 -3 0 0 111
12 0 31 5.60108 -3 0 0 116
12 0 32 5.60108 -3 0 0 97
12 0 33 5.60108 -3 0 0 117
12 0 34 5.60108 -3 0 0 135
12 0 35 5.60108 -3 0 0 153
12 0 36 5.60108 -3 0 0 111
12 0 37 5.60108 -3 0 0 142
12 0 38 5.60108 -3 0 0 140
12 0 39 5.60108 -3 0 0 114
12 0 40 5.60108 -3 0 0 120
12 0 41 5.60108 -3 0 0 142
12 0 42 5.60108 -3 0 0 181
12 0 43 5.40686 0.716634 0.644554 0.0648842 201
12 0 44 5.60108 -3 0 0 177
12 0 45 5.60108 -3 0 0 134
12 0 46 5.48116 1.2821 0.623571 0.20142 223
12 0 47 5.60108 -3 0 0 131
12 0 48 5.60108 -3 0 0 113
12 0 49 4.74415 0.590248 1.25127 0.0762587 365
12 0 50 5.60108 -3 0 0 178
12 0 51 5.60108 -3 0 0 145
12 0 52 3.05093 1.10384 0.815299 0.214325 282
12 0 53 5.2828 0.942977 0.601749 0.136042 312
12 0 54 5.60108 -3 0 0 166
12 0 55 4.90059 0.536024 1.00947 0.204273 245
12 0 56 5.60108 -3 0 0 130
12 0 57 5.60108 -3 0 0 194
12 0 58 5.60108 -3 0 0 196
12 0 59 5.60108 -3 0 0 167
12 0 60 0 -10 0 0 0
12 0 61 5.87379 1.14178 0.541203 0.206899 435
12 0 62 4.68195 0.55449 0.886819 0.0959065 304
12 0 63 6.21893 0.59241 0.26338 0.225878 350
12 1 0 8.24702 0.723179 0.138669 0.382484 302
12 1 1 3.31113 2.36776 1.7704 0.340405 313
12 1 2 6.94294 0.557479 0.565486 0.329373 351
12 1 3 4 -2 0 0 371
12 1 4 6.8856 0.877849 0.440389 0.343226 357
12 1 5 5.46624 0.597785 1.47874 0.0725944 583
12 1 6 5.6553 0.574235 1.28468 0.084114 488
12 1 7 7.18432 0.538818 0.580337 0.289501 426
12 1 8 7.01448 0.737541 0.948151 0.142193 459
12 1 9 3 -2 0 0 307
12 1 10 7.05866 0.80634 0.946309 0.329811 448
12 1 11 0 -10 0 0 0
12 1 12 9.71959 0.5578 0.830844 0.477564 548
12 1 13 0 -10 0 0 0
12 1 14 4.9248 0.587578 1.20455 0.0381263 394
12 1 15 4.24862 2.06242 2.69539 0.227451 395
12 1 16 5.581 0.529104 1.15332 0.0918817 669
12 1 17 5.78255 -3 0 0 187
12 1 18 4.91967 0.699076 1.37428 0.221183 356
12 1 19 5.78255 -3 0 0 127
12 1 20 0 -10 0 0 0
12 1 21 5.82121 0.563529 1.25567 0.097845 219
12 1 22 8.25939 0.950292 0.64288 0.642137 251
12 1 23 6.17901 1.77001 0.923344 0.228118 255
12 1 24 5.96111 0.495851 0.998462 0.169559 232
12 1 25 5.78255 -3 0 0 101
12 1 26 5.78255 -3 0 0 140
12 1 27 5.78255 -3 0 0 182
12 1 28 4.77593 0.602862 1.31099 0.286026 275
12 1 29 5.78255 -3 0 0 112
12 1 30 5.78255 -3 0 0 94
12 1 31 5.78255 -3 0 0 105
12 1 32 6.43743 0.745707 0.544667 0.141958 252
12 1 33 5.78255 -3 0 0 200
12 1 34 5.06602 0.729848 1.13322 0.364011 304
12 1 35 5.78255 -3 0 0 180
12 1 36 5.78255 -3 0 0 180
12 1 37 8.74845 0.766517 0.454286 0.469753 227
12 1 38 4.72939 1.00041 1.45015 0.186162 281
12 1 39 5.78255 -3 0 0 141
12 1 40 5.78255 -3 0 0 121
12 1 41 5.78255 -3 0 0 116
12 1 42 5.78255 -3 0 0 80
12 1 43 5.78255 -3 0 0 164
12 1 44 5.78255 -3 0 0 99
12 1 45 5.78255 -3 0 0 198
12 1 46 5.78255 -3 0 0 167
12 1 47 5.78255 -3 0 0 168
12 1 48 5.78255 -3 0 0 134
12 1 49 5.78255 -3 0 0 104
12 1 50 5.78255 -3 0 0 78
12 1 51 5.78255 -3 0 0 84
12 1 52 5.78255 -3 0 0 128
12 1 53 5.78255 -3 0 0 88
12 1 54 5.78255 -3 0 0 85
12 1 55 5.78255 -3 0 0 88
12 1 56 5.78255 -3 0 0 75
12 1 57 5.78255 -3 0 0 101
12 1 58 5.78255 -3 0 0 90
12 1 59 5.78255 -3 0 0 124
12 1 60 5.78255 -3 0 0 103
12 1 61 5.78255 -3 0 0 87
12 1 62 5.78255 -3 0 0 138
12 1 63 0 -10 0 0 0
12 2 0 5.68831 0.670334 0.53136 0.605867 495
12 2 1 3 -2 0 0 316
12 2 2 4.73487 0.577531 1.27772 0.0769676 246
12 2 3 5.98599 0.671482 0.28247 0.338475 286
12 2 4 6.51735 0.731585 0.399572 0.302512 219
12 2 5 6.47657 0.480946 0.774544 0.348342 406
12 2 6 5.4115 -3 0 0 160
12 2 7 5.64105 0.745549 0.627868 0.179945 316
12 2 8 7.33648 0.582224 0.391971 0.492149 270
12 2 9 5.4115 -3 0 0 198
12 2 10 5.4115 -3 0 0 185
12 2 11 5.4115 -3 0 0 129
12 2 12 5.4115 -3 0 0 122
12 2 13 5.4115 -3 0 0 155
12 2 14 5.4115 -3 0 0 124
12 2 15 5.4115 -3 0 0 122
12 2 16 5.4115 -3 0 0 102
12 2 17 5.4115 -3 0 0 112
12 2 18 5.12613 0.558977 0.84837 0.318435 261
12 2 19 5.4115 -3 0 0 176
12 2 20 5.4115 -3 0 0 180
12 2 21 6.08147 0.526175 0.971909 0.248168 359
12 2 22 3 -2 0 0 563
12 2 23 5.43871 0.477875 0.990854 0.0766058 258
12 2 24 5.4115 -3 0 0 137
12 2 25 5.4115 -3 0 0 155
12 2 26 0 -10 0 0 0
12 2 27 5.91078 0.550357 0.70096 0.280173 303
12 2 28 5.6872 0.645629 0.533897 0.284345 474
12 2 29 5.4115 -3 0 0 187
12 2 30 4.93979 0.913002 2.23832 0.211017 735
12 2 31 6.85446 1.32718 2.84344 0.411729 277
12 2 32 5.4115 -3 0 0 195
12 2 33 6.16536 1.17537 0.395656 0.250977 464
12 2 34 5.4115 -3 0 0 168
12 2 35 9 -2 0 0 343
12 2 36 4.18146 0.77334 1.88581 0.284351 378
12 2 37 5.4115 -3 0 0 115
12 2 38 6.81547 0.717552 1.25126 0.371596 242
12 2 39 5.96327 0.959685 0.506698 0.153536 292
12 2 40 9 -2 0 0 809
12 2 41 5.84098 0.515474 0.865809 0.107344 569
12 2 42 6.2762 0.62096 0.405052 0.162371 442
12 2 43 5.79637 0.970165 0.860205 0.112358 412
12 2 44 0 -10 0 0 0
12 2 45 0 -10 0 0 0
12 2 46 5.4115 -3 0 0 153
12 2 47 5.4115 -3 0 0 181
12 2 48 5.4115 -3 0 0 153
12 2 49 5.4115 -3 0 0 194
12 2 50 5.4115 -3 0 0 199
12 2 51 5.79195 0.669051 1.30836 0.125222 268
12 2 52 5.69962 0.699621 0.636957 0.331042 233
12 2 53 5.2724 0.666575 0.914706 0.135047 361
12 2 54 7.10509 0.684719 0.84285 0.197106 418
12 2 55 5.80556 0.613175 0.639844 0.159974 586
12 2 56 5.21851 0.683766 0.695592 0.0597363 776
12 2 57 4.96181 0.527599 0.973534 0.144911 1030
12 2 58 3 -2 0 0 801
12 2 59 4.1367 0.535135 0.724458 0.318928 219
12 2 60 4.83463 0.630598 0.681184 0.0957322 601
12 2 61 4.22563 0.583365 0.928784 0.144289 381
12 2 62 4.20074 0.436367 1.01334 0.138833 292
12 2 63 3.86384 1.21628 1.11151 0.15144 447
12 3 0 9 -2 0 0 502
12 3 1 7.29962 0.554081 0.49999 0.322658 429
12 3 2 6.90291 0.59497 0.397539 0.352173 489
12 3 3 4.84175 0.356541 0.95848 0.497163 527
12 3 4 7 -2 0 0 765
12 3 5 6.89121 0.637105 0.311729 0.830209 712
12 3 6 5.26387 0.516101 0.998545 0.105716 571
12 3 7 6.73882 0.382833 0.787411 0.336875 565
12 3 8 5.13064 0.489444 1.09765 0.154696 739
12 3 9 6.79721 0.528724 1.29479 0.373666 770
12 3 10 5.05864 0.653377 0.728684 0.118007 1024
12 3 11 6.71583 0.416075 1.06046 0.361964 988
12 3 12 4.67928 0.466768 1.33722 0.248948 947
12 3 13 6.59322 0.432204 1.17388 0.154014 1129
12 3 14 0 -10 0 0 0
12 3 15 6.41689 1.17419 1.37536 0.415713 766
12 3 16 8 -2 0 0 1081
12 3 17 11 -2 0 0 586
12 3 18 5.949 0.388164 1.1919 0.366281 568
12 3 19 8 -2 0 0 419
12 3 20 9 -2 0 0 475
12 3 21 9 -2 0 0 490
12 3 22 7.58538 0.480769 1.15531 0.780176 321
12 3 23 9 -2 0 0 318
12 3 24 0 -10 0 0 0
12 3 25 5.05358 0.49557 1.35513 0.0870853 583
12 3 26 7.2151 0.450115 0.39509 0.825002 387
12 3 27 5.60185 0.583658 0.651315 0.279335 335
12 3 28 10 -2 0 0 349
12 3 29 0 -10 0 0 0
12 3 30 0 -10 0 0 0
12 3 31 6.33439 0.456992 0.490863 0.495188 279
12 3 32 5.92234 0.72486 0.620814 0.0431807 596
12 3 33 6.46764 0.479203 1.10452 0.31264 355
12 3 34 7 -2 0 0 347
12 3 35 5.7638 0.417103 1.21194 0.13205 307
12 3 36 0 -10 0 0 0
12 3 37 4.5454 0.494548 1.17474 0.154742 389
12 3 38 0 -10 0 0 0
12 3 39 7 -2 0 0 225
12 3 40 4.07531 0.990726 1.94716 0.162799 536
12 3 41 6.67105 0.709826 0.390255 0.194371 268
12 3 42 6.40171 0.530392 1.26496 0.178942 261
12 3 43 4.93393 0.538707 1.63542 0.214277 279
12 3 44 2.57619 6.97157 1.98017 0.88088 324
12 3 45 7.82462 0.673605 0.325428 1.07885 292
12 3 46 5.66815 0.698554 0.995083 0.273652 459
12 3 47 5.23166 0.563391 1.23006 0.350387 336
12 3 48 6 -2 0 0 364
12 3 49 7.07429 0.551781 1.1913 0.450754 260
12 3 50 4 -2 0 0 283
12 3 51 2.66315 2.12957 1.64081 0.230093 219
12 3 52 5.40882 0.48704 1.07635 0.259253 312
12 3 53 4.66624 0.598694 0.640994 0.232403 293
12 3 54 7.33248 0.569249 0.517434 0.561578 244
12 3 55 5.63081 -3 0 0 207
12 3 56 4.45152 0.512839 1.09353 0.192921 214
12 3 57 5.63081 -3 0 0 174
12 3 58 6.0104 0.568749 0.442486 0.300142 237
12 3 59 4.50073 0.490618 1.14189 0.041871 243
12 3 60 5.48216 0.522415 0.847281 0.236464 238
12 3 61 5.75667 0.526907 1.10149 0.202353 244
12 3 62 8 -2 0 0 247
12 3 63 2 9.80187 2.56977 0.480386 267
12 4 0 8 -2 0 0 977
12 4 1 4.74214 0.643526 1.05787 0.169598 696
12 4 2 4.60254 0.749532 1.81511 0.290763 477
12 4 3 3.06062 2.35267 2.10117 0.17221 378
12 4 4 6.02341 0.781138 0.220666 0.358527 287
12 4 5 5.59977 0.495447 1.22701 0.287705 1012
12 4 6 5.89774 -3 0 0 200
12 4 7 7.18264 0.615436 0.561949 0.446528 760
12 4 8 5.22455 0.524863 1.15011 0.0981644 497
12 4 9 6.27095 0.61899 0.520586 0.173412 380
12 4 10 6.71961 0.763158 0.717674 0.381477 314
12 4 11 6.99571 0.737801 0.604473 0.577384 202
12 4 12 5.89774 -3 0 0 169
12 4 13 7.20358 0.486447 0.646659 0.413194 258
12 4 14 5.71578 0.543363 0.847509 0.213047 210
12 4 15 5.89774 -3 0 0 182
12 4 16 5.89774 -3 0 0 170
12 4 17 5.89774 -3 0 0 139
12 4 18 5.86196 0.41084 0.988262 0.0498429 362
12 4 19 8 -2 0 0 210
12 4 20 6.01676 0.7504 1.25479 0.24194 257
12 4 21 5.66511 0.568589 0.941986 0.226449 652
12 4 22 6.04346 0.624731 0.831039 0.198818 890
12 4 23 0 -10 0 0 0
12 4 24 5.89774 -3 0 0 157
12 4 25 4.58042 0.794719 1.47554 0.391173 206
12 4 26 0 -10 0 0 0
12 4 27 6.36815 0.617996 0.846683 0.239099 382
12 4 28 5.25702 0.72842 2.17164 0.16109 576
12 4 29 5.83903 0.597642 1.52661 0.198949 213
12 4 30 7.0307 0.712803 0.778265 0.307274 728
12 4 31 8 -2 0 0 265
12 4 32 5.89774 -3 0 0 151
12 4 33 5.94984 0.56142 1.32647 0.100591 436
12 4 34 5.89774 -3 0 0 123
12 4 35 0 -10 0 0 0
12 4 36 7.0532 0.646516 0.345406 0.682842 276
12 4 37 5.89774 -3 0 0 155
12 4 38 5.89774 -3 0 0 178
12 4 39 6.47157 0.717547 0.971261 0.141244 203
12 4 40 6.36227 0.453336 0.842916 0.154605 603
12 4 41 7.06221 0.721369 0.880308 0.259505 429
12 4 42 6.9057 0.876958 0.488911 0.142349 338
12 4 43 6.4307 0.59518 0.745495 0.112789 229
12 4 44 6.41442 0.936202 0.588181 0.197491 205
12 4 45 5.89774 -3 0 0 177
12 4 46 5.89774 -3 0 0 130
12 4 47 5.89774 -3 0 0 115
12 4 48 5.89774 -3 0 0 107
12 4 49 5.89774 -3 0 0 103
12 4 50 5.89774 -3 0 0 134
12 4 51 5.89774 -3 0 0 159
12 4 52 5.89774 -3 0 0 126
12 4 53 5.89774 -3 0 0 175
12 4 54 7.98671 1.00219 1.3645 0.758128 267
12 4 55 6.32617 1.45283 0.71439 0.297585 236
12 4 56 4.70073 0.602414 1.52479 0.184418 360
12 4 57 3.7952 0.662667 1.5452 0.318565 415
12 4 58 6.45103 0.612134 0.244853 0.475919 460
12 4 59 5.89774 -3 0 0 141
12 4 60 6.86984 0.577216 0.779225 0.451616 377
12 4 61 5.39696 0.616853 0.839265 0.164212 230
12 4 62 5.89774 -3 0 0 191
12 4 63 4 -2 0 0 299
12 5 0 5.46022 0.44925 0.77351 0.130445 236
12 5 1 6.99918 0.542556 0.261198 0.162988 255
12 5 2 5.72538 1.86987 2.79175 0.276492 294
12 5 3 6.55414 0.543934 0.510626 0.25146 274
12 5 4 3.75565 0.878272 1.5128 0.230767 367
12 5 5 6.03538 0.707727 0.855141 0.0927369 344
12 5 6 5.80778 -3 0 0 184
12 5 7 5.80778 -3 0 0 200
12 5 8 7.81213 0.683572 0.805757 0.241049 232
12 5 9 7.11109 0.551515 0.569475 0.244225 216
12 5 10 3.67877 1.53852 2.11545 0.415328 293
12 5 11 7.34993 0.426234 0.120933 0.231547 274
12 5 12 7.38563 0.433913 0.427289 0.160222 274
12 5 13 6.37999 0.364662 0.478398 0.211202 330
12 5 14 8 -2 0 0 405
12 5 15 3.37202 2.62715 2.54901 0.110175 490
12 5 16 7.40653 0.413747 0.547177 0.327928 418
12 5 17 9 -2 0 0 411
12 5 18 8 -2 0 0 430
12 5 19 5.82722 0.603972 0.651545 0.279252 342
12 5 20 6.3552 0.427768 0.623021 0.224542 459
12 5 21 7.2296 1.03596 2.87773 0.52875 305
12 5 22 0 -10 0 0 0
12 5 23 5 -2 0 0 413
12 5 24 6.6879 0.875888 0.59419 0.185078 304
12 5 25 7.64741 0.539822 0.746682 0.692127 489
12 5 26 5.5414 0.459772 1.09775 0.0867297 340
12 5 27 10 -2 0 0 332
12 5 28 6.8571 1.6326 0.435543 0.29551 408
12 5 29 0 -10 0 0 0
12 5 30 0 -10 0 0 0
12 5 31 6.84352 0.372351 0.572019 0.269334 408
12 5 32 5.4429 0.484985 0.934519 0.258494 749
12 5 33 6.20971 0.41755 1.08857 0.138225 421
12 5 34 6.42116 0.529733 1.46898 0.156959 449
12 5 35 6.65568 0.688101 1.6162 0.271429 463
12 5 36 0 -10 0 0 0
12 5 37 5.12448 0.793152 1.89872 0.406805 529
12 5 38 0 -10 0 0 0
12 5 39 0 -10 0 0 0
12 5 40 0 -10 0 0 0
12 5 41 6.14197 0.491321 0.762293 0.142757 469
12 5 42 0 -10 0 0 0
12 5 43 8 -2 0 0 540
12 5 44 6.47257 0.475212 0.55127 0.172767 548
12 5 45 5.09044 0.709771 1.78855 0.304458 459
12 5 46 10 -2 0 0 891
12 5 47 8 -2 0 0 1360
12 5 48 4.79822 0.450197 1.11956 0.151325 980
12 5 49 9 -2 0 0 1025
12 5 50 7.30433 0.403485 1.22674 0.481019 1089
12 5 51 8 -2 0 0 864
12 5 52 5.99531 0.456346 0.949157 0.213743 643
12 5 53 6.21734 0.586406 0.472583 0.0478884 714
12 5 54 6.93136 0.493048 1.12373 0.286656 802
12 5 55 6.24831 0.918949 1.02324 0.519969 617
12 5 56 4.13122 0.403423 1.27831 0.42313 577
12 5 57 5.95711 0.556926 1.08737 0.264174 511
12 5 58 5.00137 0.525722 1.15291 0.105993 523
12 5 59 5.11402 0.64595 0.774143 0.176878 716
12 5 60 7 -2 0 0 757
12 5 61 2.47313 8.05085 1.9299 0.429809 570
12 5 62 6 -2 0 0 655
12 5 63 5.45572 0.756397 0.720142 0.0939245 860
12 6 0 5.9903 0.866323 0.756103 0.115892 203
12 6 1 5.7234 0.658564 0.933589 0.168323 316
12 6 2 5.52931 0.57561 0.931571 0.127288 222
12 6 3 5.57344 -3 0 0 170
12 6 4 5.57344 -3 0 0 143
12 6 5 4.16735 0.559493 1.15644 0.248722 378
12 6 6 5.57344 -3 0 0 169
12 6 7 0 -10 0 0 0
12 6 8 7.21079 0.548318 0.352838 0.184786 224
12 6 9 0 -10 0 0 0
12 6 10 5.57344 -3 0 0 165
12 6 11 5.57344 -3 0 0 144
12 6 12 5.71394 1.02798 1.06592 0.135762 243
12 6 13 6.71959 0.770544 0.462938 0.271641 285
12 6 14 5.97367 0.640057 0.930537 0.116869 375
12 6 15 4.90633 0.501849 1.07788 0.20817 451
12 6 16 5.57344 -3 0 0 139
12 6 17 5.57344 -3 0 0 115
12 6 18 0 -10 0 0 0
12 6 19 5.57344 -3 0 0 200
12 6 20 5.57344 -3 0 0 163
12 6 21 5.57344 -3 0 0 178
12 6 22 5.57344 -3 0 0 161
12 6 23 5.57344 -3 0 0 140
12 6 24 7.2486 0.864561 0.333237 0.368913 209
12 6 25 5.57344 -3 0 0 103
12 6 26 5.57344 -3 0 0 81
12 6 27 5.57344 -3 0 0 137
12 6 28 5.57344 -3 0 0 156
12 6 29 5.57344 -3 0 0 151
12 6 30 5.57344 -3 0 0 127
12 6 31 5.57344 -3 0 0 121
12 6 32 5.57344 -3 0 0 101
12 6 33 5.57344 -3 0 0 135
12 6 34 5.57344 -3 0 0 139
12 6 35 5.57344 -3 0 0 97
12 6 36 0 -10 0 0 0
12 6 37 5.57344 -3 0 0 95
12 6 38 5.57344 -3 0 0 91
12 6 39 5.57344 -3 0 0 125
12 6 40 0 -10 0 0 0
12 6 41 5.57344 -3 0 0 100
12 6 42 5.57344 -3 0 0 88
12 6 43 5.57344 -3 0 0 86
12 6 44 5.57344 -3 0 0 51
12 6 45 5.57344 -3 0 0 88
12 6 46 5.57344 -3 0 0 73
12 6 47 5.57344 -3 0 0 49
12 6 48 5.57344 -3 0 0 64
12 6 49 5.57344 -3 0 0 55
12 6 50 5.57344 -3 0 0 61
12 6 51 5.57344 -3 0 0 78
12 6 52 5.57344 -3 0 0 53
12 6 53 5.57344 -3 0 0 63
12 6 54 5.57344 -3 0 0 90
12 6 55 5.57344 -3 0 0 103
12 6 56 5.57344 -3 0 0 79
12 6 57 5.57344 -3 0 0 88
12 6 58 5.57344 -3 0 0 83
12 6 59 5.57344 -3 0 0 89
12 6 60 5.57344 -3 0 0 75
12 6 61 5.57344 -3 0 0 85
12 6 62 5.57344 -3 0 0 116
12 6 63 5.57344 -3 0 0 106
12 7 0 5.70762 -3 0 0 98
12 7 1 5.70762 -3 0 0 126
12 7 2 5.70762 -3 0 0 109
12 7 3 5.70762 -3 0 0 123
12 7 4 0 -10 0 0 0
12 7 5 5.70762 -3 0 0 132
12 7 6 5.70762 -3 0 0 146
12 7 7 5.70762 -3 0 0 92
12 7 8 5.70762 -3 0 0 109
12 7 9 5.70762 -3 0 0 99
12 7 10 5.70762 -3 0 0 121
12 7 11 5.70762 -3 0 0 124
12 7 12 5.70762 -3 0 0 114
12 7 13 5.70762 -3 0 0 146
12 7 14 5.70762 -3 0 0 84
12 7 15 5.70762 -3 0 0 160
12 7 16 5.70762 -3 0 0 126
12 7 17 5.29 0.617263 1.27973 0.0999162 203
12 7 18 6.54159 0.839522 0.618923 0.238289 203
12 7 19 5.70762 -3 0 0 180
12 7 20 5.70762 -3 0 0 140
12 7 21 5.70762 -3 0 0 186
12 7 22 5.70762 -3 0 0 108
12 7 23 5.70762 -3 0 0 101
12 7 24 5.70762 -3 0 0 111
12 7 25 6.01956 0.579572 0.644659 0.260751 249
12 7 26 5.70762 -3 0 0 182
12 7 27 5.34357 0.788219 0.745909 0.273057 296
12 7 28 5.70762 -3 0 0 128
12 7 29 0 -10 0 0 0
12 7 30 5.70762 -3 0 0 141
12 7 31 8 -2 0 0 233
12 7 32 6.01995 0.681338 0.303199 0.43776 237
12 7 33 5.70762 -3 0 0 200
12 7 34 3 -2 0 0 266
12 7 35 3.86963 1.95024 2.52255 0.394787 224
12 7 36 5.70762 -3 0 0 145
12 7 37 6.46434 0.75199 0.376732 0.392259 397
12 7 38 6.27573 0.559913 0.967438 0.202593 351
12 7 39 0 -10 0 0 0
12 7 40 5.70762 -3 0 0 185
12 7 41 6.47474 0.860246 0.606843 0.255916 295
12 7 42 6.08194 0.949987 1.08905 0.241534 334
12 7 43 6.89645 0.768149 0.679344 0.161376 305
12 7 44 0 -10 0 0 0
12 7 45 0 -10 0 0 0
12 7 46 4.28049 0.62658 1.28338 0.415554 471
12 7 47 9.92125 0.588203 0.924822 0.388011 765
12 7 48 5.55537 0.817242 0.824816 0.220747 488
12 7 49 5.94497 0.689275 1.22622 0.10236 448
12 7 50 5.66947 1.29603 0.701207 0.136515 535
12 7 51 5.70025 0.519557 1.11776 0.249033 679
12 7 52 6.13744 0.683559 1.02509 0.168257 435
12 7 53 5.28744 0.66387 1.05445 0.0904324 730
12 7 54 0 -10 0 0 0
12 7 55 2.00003 9.73218 4.40831 0.480021 679
12 7 56 0 -10 0 0 0
12 7 57 3 -2 0 0 668
12 7 58 5.17525 0.720295 0.462975 0.179371 466
12 7 59 0 -10 0 0 0
12 7 60 6.29826 0.606163 0.35761 0.342692 487
12 7 61 4.30022 0.613763 0.938626 0.0694742 455
12 7 62 5.37639 0.796898 0.669702 0.102245 415
12 7 63 7.75915 0.715117 0.790276 0.52268 392
12 8 0 4.71607 -3 0 0 82
12 8 1 4.71607 -3 0 0 123
12 8 2 4.71607 -3 0 0 81
12 8 3 4.71607 -3 0 0 75
12 8 4 4.71607 -3 0 0 124
12 8 5 4.71607 -3 0 0 133
12 8 6 4.71607 -3 0 0 127
12 8 7 0 -10 0 0 0
12 8 8 4.71607 -3 0 0 96
12 8 9 4.71607 -3 0 0 99
12 8 10 4.71607 -3 0 0 169
12 8 11 4.71607 -3 0 0 123
12 8 12 4.71607 -3 0 0 75
12 8 13 4.71607 -3 0 0 140
12 8 14 4.71607 -3 0 0 102
12 8 15 4.71607 -3 0 0 176
12 8 16 4.71607 -3 0 0 121
12 8 17 4.71607 -3 0 0 180
12 8 18 3 -2 0 0 260
12 8 19 4.71607 -3 0 0 190
12 8 20 4.71607 -3 0 0 156
12 8 21 4.71607 -3 0 0 180
12 8 22 4.71607 -3 0 0 82
12 8 23 4.71607 -3 0 0 89
12 8 24 4.71607 -3 0 0 133
12 8 25 0 -10 0 0 0
12 8 26 4.71607 -3 0 0 151
12 8 27 7.35597 0.743091 0.601308 0.495311 234
12 8 28 4.71607 -3 0 0 87
12 8 29 4.71607 -3 0 0 141
12 8 30 4.71607 -3 0 0 121
12 8 31 0 -10 0 0 0
12 8 32 5.1107 0.839052 0.652952 0.153278 206
12 8 33 4.71607 -3 0 0 114
12 8 34 6.33618 0.566601 0.123461 0.302228 305
12 8 35 4.71607 -3 0 0 146
12 8 36 4.71607 -3 0 0 115
12 8 37 5.36034 0.483824 0.634216 0.0716196 331
12 8 38 5.18796 0.623836 0.805928 0.0981965 411
12 8 39 5.72569 0.595184 0.168653 0.186534 279
12 8 40 4.71607 -3 0 0 128
12 8 41 6.03574 0.735003 0.687686 0.29667 201
12 8 42 3.8022 0.687671 1.27115 0.186513 257
12 8 43 4.71607 -3 0 0 195
12 8 44 4.71607 -3 0 0 158
12 8 45 4.71607 -3 0 0 121
12 8 46 4.49649 1.00464 0.634253 0.156929 563
12 8 47 4.18031 0.556205 1.27167 0.155034 773
12 8 48 4.80971 0.85159 0.811319 0.121957 243
12 8 49 5.78007 0.658691 0.833633 0.149441 285
12 8 50 3.69527 0.495698 1.02877 0.135637 365
12 8 51 4.41579 0.614884 0.621599 0.0811921 378
12 8 52 5.14211 0.485803 0.709908 0.203576 371
12 8 53 5 -2 0 0 573
12 8 54 4.71607 -3 0 0 157
12 8 55 4.04314 0.685849 0.854034 0.0864855 462
12 8 56 4.71607 -3 0 0 121
12 8 57 2.43497 2.59512 1.13733 0.219758 492
12 8 58 6.39702 0.721536 0.432527 0.432828 345
12 8 59 4.30841 0.836135 0.646592 0.0445146 206
12 8 60 6.37697 0.924723 0.63531 0.146284 308
12 8 61 3.51766 0.4415 0.819306 0.159346 259
12 8 62 6 -2 0 0 255
12 8 63 2.32558 12.4264 1.00585 0.279811 230
12 9 0 0 -10 0 0 0
12 9 1 6.47955 1.42245 0.383283 0.162042 210
12 9 2 5.78504 -3 0 0 102
12 9 3 5.78504 -3 0 0 71
12 9 4 5.78504 -3 0 0 84
12 9 5 7.30261 1.39502 0.198796 0.251858 210
12 9 6 5.78504 -3 0 0 89
12 9 7 0 -10 0 0 0
12 9 8 5.78504 -3 0 0 117
12 9 9 0 -10 0 0 0
12 9 10 0 -10 0 0 0
12 9 11 5.78504 -3 0 0 74
12 9 12 5.78504 -3 0 0 132
12 9 13 5.78504 -3 0 0 142
12 9 14 5.78504 -3 0 0 192
12 9 15 5.75866 1.78958 0.737975 0.153489 253
12 9 16 5.78504 -3 0 0 74
12 9 17 5.78504 -3 0 0 69
12 9 18 5.78504 -3 0 0 143
12 9 19 5.78504 -3 0 0 104
12 9 20 0 -10 0 0 0
12 9 21 5.78504 -3 0 0 100
12 9 22 5.78504 -3 0 0 59
12 9 23 5.78504 -3 0 0 79
12 9 24 5.78504 -3 0 0 110
12 9 25 5.78504 -3 0 0 53
12 9 26 5.78504 -3 0 0 61
12 9 27 5.78504 -3 0 0 74
12 9 28 5.78504 -3 0 0 96
12 9 29 5.78504 -3 0 0 121
12 9 30 0 -10 0 0 0
12 9 31 5.78504 -3 0 0 65
12 9 32 5.78504 -3 0 0 34
12 9 33 0 -10 0 0 0
12 9 34 5.78504 -3 0 0 64
12 9 35 5.78504 -3 0 0 62
12 9 36 5.78504 -3 0 0 78
12 9 37 5.78504 -3 0 0 51
12 9 38 5.78504 -3 0 0 90
12 9 39 5.78504 -3 0 0 83
12 9 40 0 -10 0 0 0
12 9 41 5.78504 -3 0 0 45
12 9 42 5.78504 -3 0 0 65
12 9 43 5.78504 -3 0 0 60
12 9 44 5.78504 -3 0 0 49
12 9 45 5.78504 -3 0 0 41
12 9 46 0 -10 0 0 0
12 9 47 5.78504 -3 0 0 29
12 9 48 5.78504 -3 0 0 49
12 9 49 5.78504 -3 0 0 43
12 9 50 0 -10 0 0 0
12 9 51 5.78504 -3 0 0 42
12 9 52 5.78504 -3 0 0 27
12 9 53 5.78504 -3 0 0 42
12 9 54 5.78504 -3 0 0 45
12 9 55 5.78504 -3 0 0 52
12 9 56 5.78504 -3 0 0 30
12 9 57 5.78504 -3 0 0 40
12 9 58 5.78504 -3 0 0 36
12 9 59 0 -10 0 0 0
12 9 60 5.78504 -3 0 0 53
12 9 61 5.78504 -3 0 0 48
12 9 62 5.78504 -3 0 0 69
12 9 63 5.78504 -3 0 0 48
12 10 0 5.25754 -3 0 0 187
12 10 1 5.25754 -3 0 0 194
12 10 2 7 -2 0 0 238
12 10 3 6.74286 0.492356 0.194536 0.212376 250
12 10 4 5.84906 0.554418 0.341778 0.181714 375
12 10 5 8 -2 0 0 312
12 10 6 5.25754 -3 0 0 171
12 10 7 5.25754 -3 0 0 200
12 10 8 6.13368 0.979688 0.97597 0.157125 226
12 10 9 9 -2 0 0 247
12 10 10 5.36734 0.468362 0.9832 0.373966 355
12 10 11 6.69757 0.727709 1.30727 0.53675 263
12 10 12 4.84346 0.515553 1.28627 0.233898 298
12 10 13 5.07056 0.532976 0.789925 0.290236 326
12 10 14 4.59212 0.54071 1.71511 0.162872 503
12 10 15 7 -2 0 0 641
12 10 16 5.01007 0.546547 0.833208 0.0978893 488
12 10 17 5.18099 0.516334 1.0567 0.0621518 591
12 10 18 8 -2 0 0 480
12 10 19 4.19615 1.01241 0.84099 0.640313 264
12 10 20 5.97771 0.578937 0.901944 0.286501 311
12 10 21 5.25754 -3 0 0 188
12 10 22 9 -2 0 0 235
12 10 23 2 12.971 2.86181 0.366224 420
12 10 24 4.56789 0.5245 1.25016 0.574043 244
12 10 25 4.52306 0.484262 1.51158 0.326993 558
12 10 26 4.6932 1.3801 0.920892 0.313155 470
12 10 27 6.19488 0.688372 0.887406 0.239308 249
12 10 28 5.65547 0.663261 0.823634 0.131407 329
12 10 29 6.54108 0.611125 0.589963 0.456132 245
12 10 30 0 -10 0 0 0
12 10 31 5.19862 0.694321 0.96215 0.176079 358
12 10 32 6.02014 0.526187 1.57364 0.223871 728
12 10 33 5.09191 0.960361 0.999131 0.0829898 378
12 10 34 8 -2 0 0 503
12 10 35 0 -10 0 0 0
12 10 36 5.96158 0.610588 0.72495 0.274439 292
12 10 37 5.55426 0.582537 0.971923 0.17202 615
12 10 38 6.04257 0.637395 0.442786 0.180499 234
12 10 39 5.54683 0.828644 0.694573 0.337127 250
12 10 40 4.64555 0.536287 1.55247 0.0815901 1035
12 10 41 6.25497 0.689391 0.199296 0.250927 306
12 10 42 3 -2 0 0 309
12 10 43 7 -2 0 0 471
12 10 44 6.04242 0.461579 0.563513 0.20251 614
12 10 45 4.9278 0.341786 0.8482 0.315311 429
12 10 46 5.53639 0.448802 0.723698 0.139908 1213
12 10 47 5.7197 0.581512 1.16829 0.0382196 1798
12 10 48 5.23159 0.536225 1.55001 0.0912736 1416
12 10 49 5.42607 0.573519 0.816678 0.096466 1214
12 10 50 5.85796 0.470738 0.727255 0.170745 1049
12 10 51 11 -2 0 0 758
12 10 52 4.46458 0.737276 1.12646 0.256867 750
12 10 53 3.39389 1.8309 1.39589 0.204238 936
12 10 54 6.75076 0.577942 1.4231 0.310919 582
12 10 55 5.03974 0.596527 0.61469 0.10053 499
12 10 56 2.75371 2.06079 1.25269 0.23062 375
12 10 57 5.94322 0.556751 0.525466 0.271849 368
12 10 58 5.97277 1.11678 0.618089 0.477065 285
12 10 59 4.68735 0.542472 1.18579 0.232011 654
12 10 60 4.18719 0.61126 1.02825 0.0710013 483
12 10 61 4.7221 0.423696 0.951773 0.176766 492
12 10 62 5.25754 -3 0 0 370
12 10 63 5.34801 0.556542 0.508599 0.163709 296
12 11 0 6.04486 0.719251 0.695902 0.190568 458
12 11 1 3.98907 0.522073 1.04475 0.171941 313
12 11 2 8.10997 1.09309 0.322661 0.303161 222
12 11 3 5.37679 -3 0 0 190
12 11 4 5.37679 -3 0 0 158
12 11 5 5.66638 0.479112 0.922468 0.0814331 522
12 11 6 5.37679 -3 0 0 130
12 11 7 4.96129 0.504193 1.02994 0.072845 334
12 11 8 5.76833 0.506379 0.671038 0.0690485 305
12 11 9 4.40066 0.612406 1.17675 0.131142 279
12 11 10 5.37679 -3 0 0 199
12 11 11 5.37679 -3 0 0 113
12 11 12 5.37679 -3 0 0 92
12 11 13 5.37679 -3 0 0 142
12 11 14 5.37679 -3 0 0 118
12 11 15 5.37679 -3 0 0 120
12 11 16 5.37679 -3 0 0 87
12 11 17 5.37679 -3 0 0 104
12 11 18 5.37679 -3 0 0 200
12 11 19 5.37679 -3 0 0 124
12 11 20 5.37679 -3 0 0 150
12 11 21 6.69873 0.949164 0.654251 0.271218 315
12 11 22 7.58042 0.971077 0.856121 0.298445 422
12 11 23 4.24251 0.72579 1.46481 0.0855761 220
12 11 24 5.37679 -3 0 0 105
12 11 25 5.37679 -3 0 0 106
12 11 26 0 -10 0 0 0
12 11 27 6.97208 0.867203 0.457198 0.384152 227
12 11 28 0 -10 0 0 0
12 11 29 5.37679 -3 0 0 121
12 11 30 0 -10 0 0 0
12 11 31 5.37679 -3 0 0 157
12 11 32 5.37679 -3 0 0 137
12 11 33 0 -10 0 0 0
12 11 34 5.37679 -3 0 0 82
12 11 35 5.15735 0.705327 1.10078 0.114639 218
12 11 36 5.37679 -3 0 0 160
12 11 37 5.37679 -3 0 0 86
12 11 38 5.37679 -3 0 0 77
12 11 39 5.37679 -3 0 0 124
12 11 40 0 -10 0 0 0
12 11 41 5.87657 0.57022 0.608327 0.457964 282
12 11 42 5.37679 -3 0 0 185
12 11 43 5.37679 -3 0 0 166
12 11 44 5.37679 -3 0 0 126
12 11 45 5.37679 -3 0 0 90
12 11 46 5.37679 -3 0 0 95
12 11 47 5.37679 -3 0 0 90
12 11 48 5.37679 -3 0 0 86
12 11 49 5.37679 -3 0 0 61
12 11 50 5.37679 -3 0 0 71
12 11 51 5.37679 -3 0 0 82
12 11 52 5.37679 -3 0 0 90
12 11 53 5.37679 -3 0 0 113
12 11 54 5.37679 -3 0 0 142
12 11 55 5.37679 -3 0 0 173
12 11 56 6.12924 0.700031 0.530318 0.542626 236
12 11 57 4.71805 0.898902 0.618638 0.15464 242
12 11 58 4.4479 0.548263 0.921745 0.0601846 336
12 11 59 5.37679 -3 0 0 101
12 11 60 5.37679 -3 0 0 197
12 11 61 5.37679 -3 0 0 154
12 11 62 5.37679 -3 0 0 122
12 11 63 5.37679 -3 0 0 196
12 12 0 6.4419 0.798719 0.662659 0.405682 291
12 12 1 5.62925 0.637459 0.761489 0.422075 316
12 12 2 4.88903 0.507663 0.939416 0.129062 419
12 12 3 5.33785 0.48171 1.06555 0.199641 413
12 12 4 2.5001 10.487 2.87522 0.404983 805
12 12 5 3 -2 0 0 579
12 12 6 6.02468 0.560649 0.657664 0.358868 318
12 12 7 5.37528 0.541761 1.03343 0.144858 390
12 12 8 7 -2 0 0 483
12 12 9 5.32011 0.608413 0.740495 0.110554 549
12 12 10 0 -10 0 0 0
12 12 11 4 -2 0 0 663
12 12 12 4.98778 0.549424 0.698019 0.163532 1022
12 12 13 5.6226 0.615747 0.913379 0.13967 1261
12 12 14 8 -2 0 0 1645
12 12 15 3.77833 0.804137 1.69546 0.371832 1258
12 12 16 5.01799 0.529409 0.898725 0.118267 1551
12 12 17 4.87487 0.647721 0.65726 0.0722202 920
12 12 18 4.76325 0.597583 0.576904 0.158306 621
12 12 19 4.78354 0.730518 1.00794 0.137195 412
12 12 20 3.03682 1.15738 1.44779 0.460815 479
12 12 21 9 -2 0 0 291
12 12 22 3 -2 0 0 378
12 12 23 6.44522 1.30037 0.72155 0.35711 439
12 12 24 0 -10 0 0 0
12 12 25 4.48723 0.486412 1.33956 0.119938 736
12 12 26 5.33689 0.659198 0.578825 0.319279 506
12 12 27 6.25995 0.860261 0.238711 0.365516 211
12 12 28 5.77174 0.465654 0.515586 0.133004 369
12 12 29 4 -2 0 0 262
12 12 30 0 -10 0 0 0
12 12 31 5.47704 0.490507 1.27434 0.116983 318
12 12 32 5.62163 0.469939 0.660636 0.245299 1080
12 12 33 6.93804 0.52134 0.620377 0.947459 382
12 12 34 0 -10 0 0 0
12 12 35 5.60885 1.13682 0.621186 0.335403 256
12 12 36 3 -2 0 0 244
12 12 37 9 -2 0 0 638
12 12 38 4.9791 -3 0 0 187
12 12 39 6.62526 0.520572 0.393644 0.566402 202
12 12 40 6.16725 0.474389 0.839063 0.431239 761
12 12 41 7.89585 1.52996 3.14113 0.782505 206
12 12 42 4.26732 0.509375 1.37092 0.177076 222
12 12 43 6.46579 0.491091 0.762046 0.316215 364
12 12 44 5.50003 0.599247 1.03202 0.129391 437
12 12 45 4.497 0.76508 0.7127 0.317036 278
12 12 46 5.7419 0.588969 1.12347 0.413824 699
12 12 47 4.23029 0.618977 1.19207 0.294233 488
12 12 48 5.27708 0.429056 0.875369 0.0923514 554
12 12 49 4.12123 0.787792 0.909005 0.123377 373
12 12 50 4.87329 0.476164 0.690566 0.123063 318
12 12 51 4.77271 0.445891 0.964803 0.127815 260
12 12 52 5.15711 0.68868 1.39593 0.263217 516
12 12 53 3.94556 0.680782 0.487102 0.213125 468
12 12 54 6.3435 0.623335 0.657628 0.566665 222
12 12 55 4.9791 -3 0 0 170
12 12 56 4.9791 -3 0 0 151
12 12 57 4.9791 -3 0 0 151
12 12 58 4.9791 -3 0 0 157
12 12 59 4.24034 0.458078 1.01616 0.108207 348
12 12 60 6.12414 0.796704 0.533434 0.656348 294
12 12 61 4.59939 0.784729 0.319967 0.736558 229
12 12 62 3.29133 0.866308 1.24538 0.375868 210
12 12 63 0 -10 0 0 0
12 13 0 8.89645 0.485464 0.717634 0.28151 249
12 13 1 5.97056 -3 0 0 185
12 13 2 5.97056 -3 0 0 159
12 13 3 5.97056 -3 0 0 160
12 13 4 5.97056 -3 0 0 95
12 13 5 6.43433 0.944987 0.449146 0.313716 227
12 13 6 5.97056 -3 0 0 72
12 13 7 4.03562 0.640476 1.26525 0.247891 214
12 13 8 5.97056 -3 0 0 156
12 13 9 5.97056 -3 0 0 114
12 13 10 5.97056 -3 0 0 106
12 13 11 5.97056 -3 0 0 80
12 13 12 5.97056 -3 0 0 73
12 13 13 5.97056 -3 0 0 95
12 13 14 5.97056 -3 0 0 71
12 13 15 5.97056 -3 0 0 67
12 13 16 5.97056 -3 0 0 70
12 13 17 5.97056 -3 0 0 71
12 13 18 5.97056 -3 0 0 126
12 13 19 5.97056 -3 0 0 90
12 13 20 5.97056 -3 0 0 118
12 13 21 5 -2 0 0 225
12 13 22 8.87631 2.89923 4.3787 0.675183 313
12 13 23 0 -10 0 0 0
12 13 24 0 -10 0 0 0
12 13 25 5.97056 -3 0 0 85
12 13 26 0 -10 0 0 0
12 13 27 5.97056 -3 0 0 195
12 13 28 0 -10 0 0 0
12 13 29 5.97056 -3 0 0 110
12 13 30 0 -10 0 0 0
12 13 31 5.97056 -3 0 0 145
12 13 32 5.97056 -3 0 0 87
12 13 33 0 -10 0 0 0
12 13 34 5.97056 -3 0 0 77
12 13 35 5.97056 -3 0 0 199
12 13 36 5.97056 -3 0 0 144
12 13 37 0 -10 0 0 0
12 13 38 5.97056 -3 0 0 80
12 13 39 5.97056 -3 0 0 129
12 13 40 7.04016 0.654115 0.845721 0.107178 351
12 13 41 5.90248 1.2748 0.531841 0.410463 281
12 13 42 0 -10 0 0 0
12 13 43 4 -2 0 0 223
12 13 44 5.97056 -3 0 0 121
12 13 45 5.97056 -3 0 0 100
12 13 46 5.97056 -3 0 0 111
12 13 47 5.97056 -3 0 0 59
12 13 48 5.97056 -3 0 0 85
12 13 49 5.97056 -3 0 0 80
12 13 50 5.97056 -3 0 0 78
12 13 51 5.97056 -3 0 0 127
12 13 52 5.97056 -3 0 0 75
12 13 53 5.97056 -3 0 0 173
12 13 54 5.97056 -3 0 0 161
12 13 55 7.73578 0.773792 0.542983 0.390532 220
12 13 56 5.66683 0.64109 0.852234 0.113658 291
12 13 57 6.86599 0.672503 0.705021 0.157418 427
12 13 58 4.50654 0.590693 1.24668 0.0689159 413
12 13 59 5.97056 -3 0 0 106
12 13 60 4.67444 0.786861 1.27421 0.0714096 272
12 13 61 5.97056 -3 0 0 165
12 13 62 5.97056 -3 0 0 125
12 13 63 4.4161 0.656094 0.583708 0.321018 206
12 14 0 5.46633 0.430889 1.02355 0.170431 230
12 14 1 6.03946 -3 0 0 190
12 14 2 6.92311 0.830603 0.39133 0.404202 221
12 14 3 5.67451 0.527728 1.05758 0.0973174 273
12 14 4 5.86812 0.576819 1.07281 0.265912 292
12 14 5 6.9191 0.561605 0.718843 0.265993 558
12 14 6 8.45116 0.549469 0.603409 0.397088 499
12 14 7 5.98098 0.688162 0.689741 0.055508 352
12 14 8 5.23597 0.652449 0.781652 0.119363 378
12 14 9 5.99631 0.659974 0.657886 0.147451 295
12 14 10 7.46736 0.700681 0.708588 0.500819 327
12 14 11 0 -10 0 0 0
12 14 12 5.76816 0.563241 0.969307 0.0504426 599
12 14 13 0 -10 0 0 0
12 14 14 7.25978 0.855684 0.228751 0.436253 299
12 14 15 4.93758 0.698827 1.40053 0.190064 523
12 14 16 7.12512 0.83291 0.834511 0.305747 792
12 14 17 0 -10 0 0 0
12 14 18 5.2893 0.484605 0.92122 0.172594 403
12 14 19 6.03946 -3 0 0 119
12 14 20 6.03946 -3 0 0 118
12 14 21 6.01617 0.779692 0.57829 0.122968 203
12 14 22 5.30007 0.762366 1.41228 0.16924 227
12 14 23 6.80337 0.544669 0.759915 0.256204 279
12 14 24 6.47816 0.539708 0.818924 0.0649066 259
12 14 25 6.03946 -3 0 0 85
12 14 26 6.03946 -3 0 0 113
12 14 27 6.03946 -3 0 0 183
12 14 28 3 -2 0 0 319
12 14 29 6.03946 -3 0 0 106
12 14 30 0 -10 0 0 0
12 14 31 6.03946 -3 0 0 88
12 14 32 6.03946 -3 0 0 124
12 14 33 6.03946 -3 0 0 161
12 14 34 6.46386 0.606346 0.622395 0.293795 392
12 14 35 10.4162 0.687573 0.752352 0.565708 258
12 14 36 6.03946 -3 0 0 192
12 14 37 8.05787 0.594929 0.236531 0.420826 234
12 14 38 6.80996 0.817896 0.423128 0.459002 265
12 14 39 6.03946 -3 0 0 149
12 14 40 6.03946 -3 0 0 108
12 14 41 6.03946 -3 0 0 118
12 14 42 6.03946 -3 0 0 89
12 14 43 6.03946 -3 0 0 180
12 14 44 6.03946 -3 0 0 75
12 14 45 6.20487 0.549835 0.805609 0.0726766 255
12 14 46 6.03946 -3 0 0 188
12 14 47 6.03946 -3 0 0 179
12 14 48 6.03946 -3 0 0 157
12 14 49 6.03946 -3 0 0 142
12 14 50 6.03946 -3 0 0 95
12 14 51 6.03946 -3 0 0 132
12 14 52 6.03946 -3 0 0 149
12 14 53 0 -10 0 0 0
12 14 54 6.03946 -3 0 0 109
12 14 55 6.03946 -3 0 0 115
12 14 56 6.03946 -3 0 0 91
12 14 57 6.03946 -3 0 0 104
12 14 58 6.03946 -3 0 0 94
12 14 59 6.03946 -3 0 0 129
12 14 60 6.03946 -3 0 0 129
12 14 61 6.03946 -3 0 0 78
12 14 62 6.03946 -3 0 0 163
12 14 63 0 -10 0 0 0
12 15 0 5.28489 -3 0 0 44
12 15 1 0 -10 0 0 0
12 15 2 5.28489 -3 0 0 56
12 15 3 5.28489 -3 0 0 66
12 15 4 5.28489 -3 0 0 61
12 15 5 5.28489 -3 0 0 38
12 15 6 5.28489 -3 0 0 38
12 15 7 5.28489 -3 0 0 52
12 15 8 5.28489 -3 0 0 45
12 15 9 5.28489 -3 0 0 31
12 15 10 5.28489 -3 0 0 31
12 15 11 5.28489 -3 0 0 132
12 15 12 0 -10 0 0 0
12 15 13 5.28489 -3 0 0 37
12 15 14 5.28489 -3 0 0 45
12 15 15 5.28489 -3 0 0 37
12 15 16 5.28489 -3 0 0 30
12 15 17 5.28489 -3 0 0 48
12 15 18 5.28489 -3 0 0 42
12 15 19 5.28489 -3 0 0 50
12 15 20 5.28489 -3 0 0 73
12 15 21 5.28489 -3 0 0 63
12 15 22 5.28489 -3 0 0 80
12 15 23 5.28489 -3 0 0 70
12 15 24 5.28489 -3 0 0 76
12 15 25 5.28489 -3 0 0 50
12 15 26 5.28489 -3 0 0 48
12 15 27 5.28489 -3 0 0 52
12 15 28 5.28489 -3 0 0 54
12 15 29 5.28489 -3 0 0 83
12 15 30 5.28489 -3 0 0 67
12 15 31 5.28489 -3 0 0 104
12 15 32 5.28489 -3 0 0 56
12 15 33 0 -10 0 0 0
12 15 34 0 -10 0 0 0
12 15 35 5.28489 -3 0 0 93
12 15 36 5.28489 -3 0 0 53
12 15 37 0 -10 0 0 0
12 15 38 5.28489 -3 0 0 96
12 15 39 5.28489 -3 0 0 57
12 15 40 5.28489 -3 0 0 87
12 15 41 5.28489 -3 0 0 97
12 15 42 5.28489 -3 0 0 116
12 15 43 5.28489 -3 0 0 130
12 15 44 0 -10 0 0 0
12 15 45 5.28489 -3 0 0 66
12 15 46 0 -10 0 0 0
12 15 47 5.28489 -3 0 0 72
12 15 48 5.28489 -3 0 0 58
12 15 49 5.28489 -3 0 0 184
12 15 50 0 -10 0 0 0
12 15 51 5.28489 -3 0 0 70
12 15 52 0 -10 0 0 0
12 15 53 5.28489 -3 0 0 160
12 15 54 5.28489 -3 0 0 83
12 15 55 5.28489 -3 0 0 122
12 15 56 5.28489 -3 0 0 75
12 15 57 5.28489 -3 0 0 92
12 15 58 5.28489 -3 0 0 112
12 15 59 5.28489 -3 0 0 87
12 15 60 0 -10 0 0 0
12 15 61 4.27475 0.665536 0.924369 0.091727 259
12 15 62 5.28489 -3 0 0 184
12 15 63 5.28489 -3 0 0 177
13 0 0 4.18383 -3 0 0 94
13 0 1 4.18383 -3 0 0 96
13 0 2 4.18383 -3 0 0 57
13 0 3 4.18383 -3 0 0 46
13 0 4 4.18383 -3 0 0 91
13 0 5 4.18383 -3 0 0 76
13 0 6 4.18383 -3 0 0 70
13 0 7 4.18383 -3 0 0 63
13 0 8 4.18383 -3 0 0 77
13 0 9 4.18383 -3 0 0 52
13 0 10 4.18383 -3 0 0 37
13 0 11 4.18383 -3 0 0 89
13 0 12 4.18383 -3 0 0 80
13 0 13 4.18383 -3 0 0 61
13 0 14 4.18383 -3 0 0 108
13 0 15 4.18383 -3 0 0 59
13 0 16 4.18383 -3 0 0 41
13 0 17 4.18383 -3 0 0 103
13 0 18 4.18383 -3 0 0 86
13 0 19 4.18383 -3 0 0 51
13 0 20 4.18383 -3 0 0 101
13 0 21 4.18383 -3 0 0 48
13 0 22 4.18383 -3 0 0 64
13 0 23 4.18383 -3 0 0 115
13 0 24 4.18383 -3 0 0 89
13 0 25 4.18383 -3 0 0 73
13 0 26 4.18383 -3 0 0 144
13 0 27 4.18383 -3 0 0 82
13 0 28 4.18383 -3 0 0 52
13 0 29 4.18383 -3 0 0 137
13 0 30 4.18383 -3 0 0 77
13 0 31 4.18383 -3 0 0 78
13 0 32 4.18383 -3 0 0 69
13 0 33 4.18383 -3 0 0 80
13 0 34 4.18383 -3 0 0 150
13 0 35 4.18383 -3 0 0 85
13 0 36 4.18383 -3 0 0 88
13 0 37 4.18383 -3 0 0 133
13 0 38 4.18383 -3 0 0 95
13 0 39 4.18383 -3 0 0 181
13 0 40 4.18383 -3 0 0 113
13 0 41 4.18383 -3 0 0 97
13 0 42 4.18383 -3 0 0 142
13 0 43 4.18383 -3 0 0 127
13 0 44 4.18383 -3 0 0 110
13 0 45 4.18383 -3 0 0 114
13 0 46 2.64047 1.04653 0.791712 0.284605 207
13 0 47 4.18383 -3 0 0 127
13 0 48 4.18383 -3 0 0 133
13 0 49 4.18383 -3 0 0 169
13 0 50 4.18383 -3 0 0 129
13 0 51 5 -2 0 0 280
13 0 52 4.18383 -3 0 0 168
13 0 53 4.18383 -3 0 0 124
13 0 54 4.18383 -3 0 0 119
13 0 55 2.71871 1.58774 0.630037 0.0862184 223
13 0 56 3.952 0.55127 0.541248 0.169277 207
13 0 57 3.3547 0.565977 1.013 0.145496 261
13 0 58 4.18383 -3 0 0 134
13 0 59 4.40719 0.605773 0.893352 0.0351991 226
13 0 60 4.18383 -3 0 0 170
13 0 61 3.85657 0.506479 0.955284 0.0472798 378
13 0 62 3 -2 0 0 309
13 0 63 2 12.6256 0.587098 0.356318 204
13 1 0 4.65373 0.50316 1.02258 0.090684 343
13 1 1 4.95185 0.486702 1.08672 0.151929 381
13 1 2 4.60111 2.51606 2.53399 0.412513 388
13 1 3 3 -2 0 0 310
13 1 4 5.01178 0.496174 0.782348 0.293038 214
13 1 5 4.89651 0.498094 0.944108 0.114763 267
13 1 6 6.58726 0.754911 0.73092 0.273845 432
13 1 7 4.25382 0.544116 0.698496 0.104953 409
13 1 8 3.90958 0.690534 1.32709 0.253439 281
13 1 9 5.93351 0.608048 0.703946 0.202242 453
13 1 10 5.17517 0.955226 0.445476 0.0738422 491
13 1 11 5.44021 0.670148 0.814702 0.0979998 256
13 1 12 7.15631 0.687757 0.905385 0.363176 341
13 1 13 7.07368 0.625299 0.162841 0.2852 271
13 1 14 4.86315 1.10704 0.75942 0.227316 264
13 1 15 4.93851 0.807594 0.69909 0.285758 238
13 1 16 5.87353 0.729942 0.70571 0.172371 626
13 1 17 5.12505 0.562728 0.752435 0.0975065 226
13 1 18 4.29675 0.574804 1.24861 0.179047 243
13 1 19 6.70496 0.760374 0.329069 0.434061 280
13 1 20 4.94052 -3 0 0 185
13 1 21 5.19367 0.628303 1.38009 0.146757 441
13 1 22 5.73471 1.32078 0.331201 0.34508 297
13 1 23 4.94052 -3 0 0 147
13 1 24 5.2461 0.689526 0.717921 0.0368023 272
13 1 25 5.33704 0.670866 0.740043 0.468065 241
13 1 26 6.27336 0.655524 0.677875 0.294324 211
13 1 27 4.94052 -3 0 0 173
13 1 28 4.94052 -3 0 0 186
13 1 29 4.94052 -3 0 0 153
13 1 30 4.94052 -3 0 0 158
13 1 31 4.94052 -3 0 0 182
13 1 32 4.94052 -3 0 0 164
13 1 33 4.94052 -3 0 0 182
13 1 34 4.94052 -3 0 0 182
13 1 35 4.94052 -3 0 0 130
13 1 36 4.94052 -3 0 0 147
13 1 37 4.94052 -3 0 0 125
13 1 38 4.94052 -3 0 0 123
13 1 39 4.94052 -3 0 0 78
13 1 40 4.94052 -3 0 0 129
13 1 41 4.94052 -3 0 0 152
13 1 42 4.94052 -3 0 0 107
13 1 43 4.94052 -3 0 0 130
13 1 44 4.94052 -3 0 0 113
13 1 45 4.94052 -3 0 0 124
13 1 46 4.94052 -3 0 0 133
13 1 47 4.94052 -3 0 0 82
13 1 48 4.94052 -3 0 0 136
13 1 49 4.94052 -3 0 0 101
13 1 50 4.94052 -3 0 0 92
13 1 51 4.94052 -3 0 0 77
13 1 52 4.94052 -3 0 0 108
13 1 53 4.94052 -3 0 0 85
13 1 54 4.94052 -3 0 0 116
13 1 55 4.94052 -3 0 0 84
13 1 56 4.94052 -3 0 0 81
13 1 57 4.94052 -3 0 0 93
13 1 58 4.94052 -3 0 0 88
13 1 59 4.94052 -3 0 0 109
13 1 60 4.94052 -3 0 0 78
13 1 61 4.94052 -3 0 0 84
13 1 62 4.94052 -3 0 0 92
13 1 63 4.94052 -3 0 0 112
13 2 0 3.58888 0.56217 0.590396 0.192885 351
13 2 1 3.83519 0.594889 0.823109 0.0942202 311
13 2 2 2.78091 1.81593 0.558442 0.347899 235
13 2 3 4.18565 -3 0 0 161
13 2 4 4.18565 -3 0 0 199
13 2 5 5.38675 0.732593 0.297782 0.222222 209
13 2 6 4.18565 -3 0 0 184
13 2 7 4.18565 -3 0 0 115
13 2 8 6.93772 0.825156 0.291027 0.497277 266
13 2 9 4.18565 -3 0 0 133
13 2 10 4.18565 -3 0 0 120
13 2 11 6.08196 0.671282 0.735041 0.304496 258
13 2 12 4.18565 -3 0 0 193
13 2 13 4.18565 -3 0 0 133
13 2 14 6.45221 0.531984 0.678777 0.240985 371
13 2 15 4.18565 -3 0 0 155
13 2 16 4.18565 -3 0 0 93
13 2 17 6.20903 0.712795 0.625016 0.251739 337
13 2 18 4.18565 -3 0 0 197
13 2 19 4.18565 -3 0 0 146
13 2 20 4.72797 0.605707 0.609719 0.0710202 259
13 2 21 4.18565 -3 0 0 192
13 2 22 4.18565 -3 0 0 105
13 2 23 3.31958 1.30074 0.488624 0.670699 318
13 2 24 4.64704 0.736856 0.726422 0.0966373 271
13 2 25 4.18565 -3 0 0 130
13 2 26 3.99509 0.570093 0.953625 0.129518 482
13 2 27 4.18565 -3 0 0 181
13 2 28 4.18565 -3 0 0 133
13 2 29 3 -2 0 0 375
13 2 30 4.18565 -3 0 0 151
13 2 31 4.18565 -3 0 0 60
13 2 32 4.18565 -3 0 0 138
13 2 33 4.18565 -3 0 0 198
13 2 34 4.26891 0.675594 0.815258 0.209839 529
13 2 35 4.18565 -3 0 0 156
13 2 36 4.54607 0.808042 0.608874 0.165689 223
13 2 37 4.9562 0.770835 0.612999 0.134812 315
13 2 38 4.18565 -3 0 0 121
13 2 39 4.64923 0.45592 0.773594 0.13326 284
13 2 40 2 8.82985 1.65435 0.445671 272
13 2 41 4.18565 -3 0 0 179
13 2 42 4.67149 1.39886 0.448921 0.151902 265
13 2 43 4.26759 0.690989 0.544951 0.0687337 415
13 2 44 4.18565 -3 0 0 158
13 2 45 4.18565 -3 0 0 179
13 2 46 4.21497 0.488244 0.923696 0.0292835 574
13 2 47 4.18565 -3 0 0 173
13 2 48 3.38906 1.48979 0.313004 0.613194 235
13 2 49 4.63424 0.542457 0.437546 0.169699 375
13 2 50 4.80326 0.679398 0.329176 0.249826 214
13 2 51 3.65914 0.726132 1.42092 0.159432 712
13 2 52 4.08661 0.792624 0.600836 0.302454 463
13 2 53 6 -2 0 0 204
13 2 54 7.02315 0.569949 0.606781 0.303322 267
13 2 55 2.92882 1.34176 0.657556 0.103978 555
13 2 56 4.66674 0.726109 0.383232 0.204387 411
13 2 57 3.31048 0.447105 0.867942 0.12357 491
13 2 58 2 -2 0 0 354
13 2 59 3.53108 0.548437 0.766684 0.076304 659
13 2 60 3 -2 0 0 240
13 2 61 3.87488 0.691193 0.7615 0.116964 917
13 2 62 2.77053 1.36643 0.743774 0.101499 763
13 2 63 6.84075 0.530331 0.180724 0.509613 406
13 3 0 3.9122 0.453627 1.26513 0.112153 590
13 3 1 2 -2 0 0 657
13 3 2 4 -2 0 0 742
13 3 3 4.96191 0.519673 0.82434 0.130142 757
13 3 4 5.02139 0.466553 1.54799 0.162035 441
13 3 5 3.35172 0.802965 0.884639 0.135357 576
13 3 6 5.48117 0.720095 0.536111 0.300131 997
13 3 7 6.30034 0.64997 0.144607 0.734194 465
13 3 8 2 9.81625 1.43436 0.423277 420
13 3 9 3.92501 0.45192 0.804046 0.23427 936
13 3 10 5 -2 0 0 1092
13 3 11 3.65865 0.532279 0.983094 0.0981271 394
13 3 12 4.22156 0.678572 0.723758 0.101967 579
13 3 13 4.93959 0.877416 0.841061 0.222211 661
13 3 14 4.53355 0.493715 0.853043 0.11123 413
13 3 15 3.89418 0.394719 0.937893 0.0793892 516
13 3 16 5.12121 0.528289 0.654402 0.256164 1251
13 3 17 3.54269 0.452197 1.15342 0.0886146 326
13 3 18 4.49338 0.539853 0.336008 0.389323 457
13 3 19 3.7844 0.873179 0.740515 0.145624 846
13 3 20 4.08189 0.775989 0.350725 0.189876 387
13 3 21 2 10.9492 2.04974 0.41516 1059
13 3 22 3.45446 0.582994 1.34304 0.300603 766
13 3 23 4.77978 0.6733 1.03547 0.369242 333
13 3 24 5.58888 0.676666 0.876957 0.338908 438
13 3 25 3.74821 1.31138 0.778804 0.190543 643
13 3 26 6 -2 0 0 357
13 3 27 3.25634 1.20065 1.18384 0.316032 414
13 3 28 2 8.3545 2.04003 0.440188 604
13 3 29 5.46479 0.682617 0.517041 0.34517 364
13 3 30 3.93663 0.502172 0.936181 0.302284 418
13 3 31 4.64709 0.407892 0.829295 0.241692 572
13 3 32 4.49891 0.799371 0.552842 0.167006 462
13 3 33 6.60817 0.557873 0.337374 0.72896 363
13 3 34 5.58491 0.678099 0.327565 0.157252 317
13 3 35 5.01043 0.442438 0.797012 0.0663653 459
13 3 36 3.04197 1.17893 1.3981 0.422408 313
13 3 37 7.19273 0.598474 0.611046 0.447972 320
13 3 38 2.1659 12.8792 1.41252 0.245376 345
13 3 39 4 -2 0 0 235
13 3 40 3.52536 0.734611 0.95021 0.145737 292
13 3 41 4.90943 0.520805 1.20706 0.297037 370
13 3 42 4.25525 0.609749 0.541314 0.213965 283
13 3 43 3.28304 0.859861 1.33212 0.151287 279
13 3 44 10.3643 2.10266 5 0.936295 285
13 3 45 3.23481 0.776432 1.26846 0.138147 349
13 3 46 7 -2 0 0 271
13 3 47 3.06504 1.09822 1.2215 0.125032 322
13 3 48 3.04094 1.21084 0.83908 0.281683 330
13 3 49 3.85171 0.425432 0.966484 0.0576914 265
13 3 50 3.30478 0.937251 0.644963 0.175717 285
13 3 51 3.32356 0.451322 0.937589 0.160009 213
13 3 52 3.08315 0.699869 0.985931 0.581299 247
13 3 53 4.38948 0.913864 0.608665 0.308516 237
13 3 54 3.88919 0.424999 0.601761 0.32024 272
13 3 55 6.38577 0.918169 0.421613 0.27977 205
13 3 56 3 -2 0 0 223
13 3 57 4.1632 0.762019 0.324302 0.231805 249
13 3 58 2 -2 0 0 229
13 3 59 3.24083 0.436498 0.599511 0.184744 267
13 3 60 3.36727 1.17184 0.614195 0.121152 269
13 3 61 4.52793 0.406629 0.734996 0.409708 207
13 3 62 2 9.17485 1.29451 0.423262 239
13 3 63 2.50292 7.21402 0.943381 0.248813 215
13 4 0 3.65506 0.691375 1.29508 0.0906326 924
13 4 1 8.33638 0.475393 0.840638 0.756233 633
13 4 2 6.52975 0.638165 0.745058 0.498165 572
13 4 3 5.30403 0.583059 1.29887 0.125715 215
13 4 4 2.33193 7.14459 1.51743 0.228861 312
13 4 5 5.19343 0.796163 0.634198 0.122732 336
13 4 6 3.36613 1.13293 1.37328 0.239486 375
13 4 7 4.92373 -3 0 0 195
13 4 8 6.3489 0.70572 0.489048 0.294056 434
13 4 9 5.01035 0.995641 0.359201 0.485961 253
13 4 10 6.46913 0.924373 0.446012 0.641554 210
13 4 11 4.51636 0.613681 1.3006 0.187278 372
13 4 12 7.62132 0.52388 0.862376 0.346686 301
13 4 13 4.92373 -3 0 0 158
13 4 14 4.9627 0.436423 0.915307 0.130718 816
13 4 15 6.13414 0.723627 0.371131 0.404181 226
13 4 16 4.92373 -3 0 0 151
13 4 17 7.14271 0.700504 0.481876 0.408462 621
13 4 18 4.87344 0.610669 1.27739 0.12094 229
13 4 19 4.92373 -3 0 0 154
13 4 20 4.71267 0.45652 1.00578 0.0223157 279
13 4 21 4.55815 0.586296 0.684373 0.0534434 372
13 4 22 4.92373 -3 0 0 166
13 4 23 6.52376 1.39525 0.629909 0.384319 421
13 4 24 4.28205 0.541656 1.34597 0.23574 602
13 4 25 4.92373 -3 0 0 118
13 4 26 5.12574 0.448044 0.849747 0.0555326 757
13 4 27 4.92373 -3 0 0 177
13 4 28 4.92373 -3 0 0 158
13 4 29 5.37675 0.726657 0.61615 0.175706 450
13 4 30 7 -2 0 0 219
13 4 31 4.92373 -3 0 0 143
13 4 32 4.92373 -3 0 0 147
13 4 33 4.92373 -3 0 0 176
13 4 34 5.83487 0.629806 0.825894 0.146218 689
13 4 35 4.92373 -3 0 0 121
13 4 36 4.92373 -3 0 0 188
13 4 37 4.43562 0.511527 1.21819 0.342755 319
13 4 38 4.92373 -3 0 0 110
13 4 39 4.7442 0.565356 0.854076 0.149595 203
13 4 40 5.49222 0.607557 0.722062 0.0708919 252
13 4 41 4.92373 -3 0 0 141
13 4 42 6.90782 0.683793 0.78351 0.58189 218
13 4 43 4.48588 0.461725 0.98059 0.122367 492
13 4 44 4.92373 -3 0 0 148
13 4 45 4.92373 -3 0 0 163
13 4 46 5.73586 0.837784 0.967244 0.305505 659
13 4 47 4.92373 -3 0 0 114
13 4 48 4.92373 -3 0 0 195
13 4 49 5.75732 1.19424 0.205722 0.600161 310
13 4 50 4.92373 -3 0 0 172
13 4 51 4.04321 0.440087 1.04377 0.30079 322
13 4 52 3.26351 0.981484 1.24124 0.159868 392
13 4 53 4.92373 -3 0 0 133
13 4 54 4.92373 -3 0 0 186
13 4 55 4.45745 0.533881 0.73509 0.168447 361
13 4 56 2.59512 1.60344 0.673644 0.434195 240
13 4 57 6.73541 0.612732 0.468521 0.473851 278
13 4 58 3.98642 0.932661 0.476674 0.133247 212
13 4 59 7 -2 0 0 520
13 4 60 4.92373 -3 0 0 156
13 4 61 3.73755 0.714158 0.591719 0.120216 422
13 4 62 2 2.91719 2.10859 0.680368 507
13 4 63 5.37101 0.59209 0.457267 0.26084 273
13 5 0 3.86766 0.450753 0.757918 0.200718 275
13 5 1 2.64578 2.05797 1.42855 0.146258 246
13 5 2 2.97579 0.615147 0.881248 0.0807201 315
13 5 3 5.12938 1.02366 0.436193 0.277189 370
13 5 4 6.58881 0.754531 0.537371 0.476706 326
13 5 5 5.70562 0.609289 0.847705 0.217031 323
13 5 6 3 -2 0 0 330
13 5 7 4.16785 0.596317 0.411326 0.369715 472
13 5 8 3.49059 0.388747 1.04305 0.10728 396
13 5 9 2 -2 0 0 370
13 5 10 5.60896 0.842202 0.480093 0.555706 354
13 5 11 4.09879 0.460178 0.7827 0.151958 332
13 5 12 3.59106 0.634742 1.27407 0.12174 341
13 5 13 3.33486 1.5315 0.576455 0.133761 486
13 5 14 3.4771 0.358511 0.914259 0.350507 278
13 5 15 4.61255 0.615281 0.896289 0.312556 460
13 5 16 5.31255 0.562283 0.487514 0.462559 492
13 5 17 4.66495 0.991097 0.687107 0.122892 438
13 5 18 5.27355 0.507201 0.769484 0.410259 401
13 5 19 4.08596 0.410676 0.959674 0.300303 576
13 5 20 3 -2 0 0 471
13 5 21 2.00001 11.1343 2.73777 0.766001 352
13 5 22 4.20704 0.808949 0.386851 0.337538 440
13 5 23 3.50062 0.913215 1.37226 0.317178 358
13 5 24 5.98713 0.651876 0.606981 0.255642 281
13 5 25 5.52954 0.626538 0.676531 0.161062 720
13 5 26 4.55214 0.487241 0.563063 0.199017 333
13 5 27 7 -2 0 0 469
13 5 28 2 -2 0 0 563
13 5 29 2.97177 1.60181 0.749378 0.159828 350
13 5 30 7 -2 0 0 497
13 5 31 5.1494 0.65087 0.570322 0.261644 978
13 5 32 7 -2 0 0 560
13 5 33 5.01837 0.657322 0.895869 0.374808 507
13 5 34 3.06797 1.33086 1.33487 0.138675 392
13 5 35 3.27259 0.463859 0.956992 0.102384 1623
13 5 36 5.56632 1.02187 0.579668 0.22657 478
13 5 37 4.5847 0.567594 0.841505 0.123178 437
13 5 38 4.52826 0.332803 1.10377 0.0619465 1047
13 5 39 4.36594 0.49861 1.21869 0.0653937 1075
13 5 40 4.59944 0.594871 0.692967 0.193322 502
13 5 41 5.13312 0.518216 0.529078 0.14343 634
13 5 42 4.01071 0.456963 1.07086 0.0184961 517
13 5 43 4.69117 0.638329 0.527957 0.314342 438
13 5 44 4.29037 0.736114 0.871845 0.0825981 831
13 5 45 3.81188 0.418291 1.24234 0.0883684 664
13 5 46 2 9.77576 1.88142 0.795111 346
13 5 47 2 10.0056 2.32318 0.379298 1311
13 5 48 4.49896 0.388427 0.943084 0.175298 543
13 5 49 3.57652 0.593902 1.27415 0.0848242 438
13 5 50 4.06782 0.65302 0.524228 0.479746 897
13 5 51 4.6153 0.420546 0.856535 0.0541304 616
13 5 52 2.04544 12.8323 1.21587 0.174314 430
13 5 53 6 -2 0 0 979
13 5 54 4.81292 0.543437 0.813722 0.178778 733
13 5 55 4.22436 0.546652 0.600564 0.118493 660
13 5 56 5.5448 0.61794 0.494839 0.255044 787
13 5 57 2.00002 8.64618 1.30157 0.567776 703
13 5 58 5.03756 1.30975 0.629801 0.308162 1086
13 5 59 2.33583 7.25459 1.19291 0.826676 454
13 5 60 5.09074 0.455227 1.12452 0.248268 1073
13 5 61 2 8.55539 1.51103 0.115946 551
13 5 62 2 10.2646 0.903372 0.0770542 504
13 5 63 2.96555 0.777319 1.03459 0.123779 642
13 6 0 5 -2 0 0 463
13 6 1 3.28606 0.614707 0.916017 0.0375997 340
13 6 2 5 -2 0 0 271
13 6 3 3.85057 -3 0 0 121
13 6 4 3.85057 -3 0 0 161
13 6 5 3.85057 -3 0 0 177
13 6 6 4.13118 0.57494 0.867012 0.0231634 238
13 6 7 3.85057 -3 0 0 99
13 6 8 4.87972 0.546687 0.719581 0.12157 208
13 6 9 3.85057 -3 0 0 161
13 6 10 3.85057 -3 0 0 145
13 6 11 3.85057 -3 0 0 176
13 6 12 3.85057 -3 0 0 177
13 6 13 3.85057 -3 0 0 106
13 6 14 5 -2 0 0 325
13 6 15 3.85057 -3 0 0 108
13 6 16 3.85057 -3 0 0 121
13 6 17 3.87339 0.575256 0.719126 0.206815 236
13 6 18 3.85057 -3 0 0 154
13 6 19 3.85057 -3 0 0 95
13 6 20 3.85057 -3 0 0 133
13 6 21 5.85358 0.485809 0.797171 0.133912 212
13 6 22 3.85057 -3 0 0 129
13 6 23 3.85057 -3 0 0 138
13 6 24 4.10125 0.655528 1.17024 0.155389 240
13 6 25 3.85057 -3 0 0 76
13 6 26 5 -2 0 0 292
13 6 27 3.85057 -3 0 0 107
13 6 28 3.85057 -3 0 0 78
13 6 29 3.85057 -3 0 0 142
13 6 30 3.85057 -3 0 0 114
13 6 31 3.85057 -3 0 0 81
13 6 32 3.85057 -3 0 0 67
13 6 33 3.85057 -3 0 0 75
13 6 34 4.85663 0.548347 0.933354 0.0553959 217
13 6 35 3.85057 -3 0 0 81
13 6 36 3.85057 -3 0 0 80
13 6 37 3.85057 -3 0 0 129
13 6 38 3.85057 -3 0 0 61
13 6 39 3.85057 -3 0 0 86
13 6 40 3.85057 -3 0 0 112
13 6 41 3.85057 -3 0 0 72
13 6 42 3.85057 -3 0 0 76
13 6 43 3.85057 -3 0 0 137
13 6 44 3.85057 -3 0 0 55
13 6 45 3.85057 -3 0 0 96
13 6 46 3.85057 -3 0 0 184
13 6 47 3.85057 -3 0 0 42
13 6 48 3.85057 -3 0 0 70
13 6 49 3.85057 -3 0 0 107
13 6 50 3.85057 -3 0 0 65
13 6 51 3.85057 -3 0 0 89
13 6 52 3.85057 -3 0 0 117
13 6 53 3.85057 -3 0 0 66
13 6 54 3.85057 -3 0 0 73
13 6 55 3.85057 -3 0 0 109
13 6 56 3.85057 -3 0 0 68
13 6 57 3.85057 -3 0 0 100
13 6 58 3.85057 -3 0 0 58
13 6 59 3.85057 -3 0 0 174
13 6 60 3.85057 -3 0 0 55
13 6 61 3.85057 -3 0 0 99
13 6 62 3.85057 -3 0 0 98
13 6 63 3.85057 -3 0 0 91
13 7 0 3.98273 -3 0 0 97
13 7 1 3.98273 -3 0 0 105
13 7 2 3.98273 -3 0 0 99
13 7 3 3.98273 -3 0 0 130
13 7 4 3.98273 -3 0 0 144
13 7 5 3.98273 -3 0 0 102
13 7 6 3.98273 -3 0 0 110
13 7 7 3.98273 -3 0 0 137
13 7 8 3.98273 -3 0 0 124
13 7 9 3.98273 -3 0 0 95
13 7 10 3.98273 -3 0 0 130
13 7 11 3.98273 -3 0 0 112
13 7 12 3.98273 -3 0 0 107
13 7 13 3.98273 -3 0 0 147
13 7 14 3.98273 -3 0 0 93
13 7 15 3.98273 -3 0 0 161
13 7 16 3.98273 -3 0 0 132
13 7 17 3.98273 -3 0 0 106
13 7 18 3.98273 -3 0 0 129
13 7 19 3.98273 -3 0 0 176
13 7 20 3.98273 -3 0 0 185
13 7 21 3.98273 -3 0 0 115
13 7 22 3.98273 -3 0 0 110
13 7 23 3.98273 -3 0 0 157
13 7 24 3.98273 -3 0 0 117
13 7 25 2.86468 0.579269 0.800786 0.460607 229
13 7 26 3.98273 -3 0 0 116
13 7 27 4.56266 0.483011 0.726974 0.0953144 211
13 7 28 3.98273 -3 0 0 158
13 7 29 3.98273 -3 0 0 156
13 7 30 3.98273 -3 0 0 159
13 7 31 5.09318 0.546261 0.653357 0.201559 291
13 7 32 5.43957 0.58509 0.52363 0.314802 220
13 7 33 4.73287 0.644272 0.700438 0.034946 248
13 7 34 3.98273 -3 0 0 155
13 7 35 7.81181 0.562676 0.363222 0.467279 365
13 7 36 7.4576 0.557513 0.317348 0.73813 204
13 7 37 4.39468 0.69947 0.418944 0.16526 206
13 7 38 2 8.24472 1.67836 0.289403 465
13 7 39 2 2.82742 1.54886 0.416841 593
13 7 40 5.27567 0.579478 0.300916 0.230152 214
13 7 41 3.01012 1.48574 1.42079 0.171173 337
13 7 42 6.08653 0.583926 0.706443 0.514205 303
13 7 43 3.98273 -3 0 0 171
13 7 44 0 -10 0 0 0
13 7 45 4.65327 0.756506 0.597917 0.163802 345
13 7 46 3.57045 1.00601 1.38746 0.0942747 222
13 7 47 2.27135 8.0082 0.972502 0.116922 775
13 7 48 5.42432 0.552301 0.649474 0.100558 276
13 7 49 5.00077 0.587521 0.543535 0.0819838 244
13 7 50 3 -2 0 0 406
13 7 51 5.81074 0.610672 0.563466 0.222673 417
13 7 52 4.46774 0.490058 0.904565 0.0653594 224
13 7 53 6.9834 0.503264 0.690587 0.366941 633
13 7 54 2 8.32478 1.83305 0.485728 408
13 7 55 4.04933 0.514369 0.937723 0.0668143 342
13 7 56 3.62159 0.510096 0.936491 0.0772766 544
13 7 57 3.64934 0.535317 0.822697 0.0172125 509
13 7 58 3 -2 0 0 372
13 7 59 2 10.9589 0.865113 0.423436 242
13 7 60 4.15757 0.568436 0.733593 0.0847061 573
13 7 61 2 12.0267 1.06155 0.10839 402
13 7 62 4.11026 0.508543 0.739741 0.108582 269
13 7 63 2.78088 1.09066 1.05232 0.0624945 359
13 8 0 4.13112 -3 0 0 86
13 8 1 4.13112 -3 0 0 77
13 8 2 4.13112 -3 0 0 69
13 8 3 4.13112 -3 0 0 101
13 8 4 4.13112 -3 0 0 86
13 8 5 4.13112 -3 0 0 89
13 8 6 4.13112 -3 0 0 85
13 8 7 4.13112 -3 0 0 98
13 8 8 4.13112 -3 0 0 112
13 8 9 4.13112 -3 0 0 79
13 8 10 4.13112 -3 0 0 94
13 8 11 4.13112 -3 0 0 129
13 8 12 4.13112 -3 0 0 97
13 8 13 4.13112 -3 0 0 145
13 8 14 4.13112 -3 0 0 94
13 8 15 4.13112 -3 0 0 132
13 8 16 4.13112 -3 0 0 97
13 8 17 4.13112 -3 0 0 97
13 8 18 4.13112 -3 0 0 106
13 8 19 4.13112 -3 0 0 181
13 8 20 4.13112 -3 0 0 123
13 8 21 4.13112 -3 0 0 78
13 8 22 4.13112 -3 0 0 114
13 8 23 4.13112 -3 0 0 125
13 8 24 4.13112 -3 0 0 93
13 8 25 4.13112 -3 0 0 186
13 8 26 4.13112 -3 0 0 103
13 8 27 4.13112 -3 0 0 158
13 8 28 4.13112 -3 0 0 163
13 8 29 4.13112 -3 0 0 147
13 8 30 4.13112 -3 0 0 125
13 8 31 5.04041 0.829436 0.373416 0.422202 251
13 8 32 3 -2 0 0 236
13 8 33 4.40699 0.645 0.860396 0.0360948 201
13 8 34 4.13112 -3 0 0 142
13 8 35 4.77027 0.478527 0.601381 0.216684 376
13 8 36 4.13112 -3 0 0 144
13 8 37 4.13112 -3 0 0 173
13 8 38 5.22489 0.683938 0.468524 0.207262 449
13 8 39 4.06026 0.515717 1.09525 0.102883 384
13 8 40 4.13112 -3 0 0 138
13 8 41 4.37745 0.435816 0.499353 0.199223 316
13 8 42 4.13112 -3 0 0 178
13 8 43 4.13112 -3 0 0 136
13 8 44 2.27002 8.26412 0.98229 0.30627 341
13 8 45 3.78581 0.804569 0.829274 0.167347 254
13 8 46 4.13112 -3 0 0 116
13 8 47 5.4038 0.615002 0.750219 0.0660124 679
13 8 48 2 2.32538 1.25969 0.371745 212
13 8 49 4.13112 -3 0 0 164
13 8 50 3.53638 0.629554 0.779893 0.0294745 343
13 8 51 2.80941 0.663005 0.802982 0.329208 223
13 8 52 4.13112 -3 0 0 145
13 8 53 5.18714 0.644882 0.398414 0.227081 466
13 8 54 3.76516 0.539826 0.824513 0.0752382 283
13 8 55 4.13112 -3 0 0 181
13 8 56 3.53075 0.582986 1.03381 0.110729 321
13 8 57 3.77809 0.587617 0.670537 0.0654908 283
13 8 58 2.93199 0.452042 0.533074 0.642843 241
13 8 59 4.13112 -3 0 0 162
13 8 60 2.72613 1.41727 0.739101 0.0243969 395
13 8 61 5.5011 1.25102 0.450798 0.306155 247
13 8 62 4.13112 -3 0 0 182
13 8 63 4.13112 -3 0 0 198
13 9 0 0 -10 0 0 0
13 9 1 0 -10 0 0 0
13 9 2 0 -10 0 0 0
13 9 3 0 -10 0 0 0
13 9 4 0 -10 0 0 0
13 9 5 0 -10 0 0 0
13 9 6 0 -10 0 0 0
13 9 7 0 -10 0 0 0
13 9 8 0 -10 0 0 0
13 9 9 0 -10 0 0 0
13 9 10 0 -10 0 0 0
13 9 11 0 -10 0 0 0
13 9 12 0 -10 0 0 0
13 9 13 0 -10 0 0 0
13 9 14 0 -10 0 0 0
13 9 15 0 -10 0 0 0
13 9 16 0 -10 0 0 0
13 9 17 0 -10 0 0 0
13 9 18 0 -10 0 0 0
13 9 19 0 -10 0 0 0
13 9 20 0 -10 0 0 0
13 9 21 0 -10 0 0 0
13 9 22 0 -10 0 0 0
13 9 23 0 -10 0 0 0
13 9 24 0 -10 0 0 0
13 9 25 0 -10 0 0 0
13 9 26 0 -10 0 0 0
13 9 27 0 -10 0 0 0
13 9 28 0 -10 0 0 0
13 9 29 0 -10 0 0 0
13 9 30 0 -10 0 0 0
13 9 31 0 -10 0 0 0
13 9 32 0 -10 0 0 0
13 9 33 0 -10 0 0 0
13 9 34 0 -10 0 0 0
13 9 35 0 -10 0 0 0
13 9 36 0 -10 0 0 0
13 9 37 0 -10 0 0 0
13 9 38 0 -10 0 0 0
13 9 39 0 -10 0 0 0
13 9 40 0 -10 0 0 0
13 9 41 0 -10 0 0 0
13 9 42 0 -10 0 0 0
13 9 43 0 -10 0 0 0
13 9 44 0 -10 0 0 0
13 9 45 0 -10 0 0 0
13 9 46 0 -10 0 0 0
13 9 47 0 -10 0 0 0
13 9 48 0 -10 0 0 0
13 9 49 0 -10 0 0 0
13 9 50 0 -10 0 0 0
13 9 51 0 -10 0 0 0
13 9 52 0 -10 0 0 0
13 9 53 0 -10 0 0 0
13 9 54 0 -10 0 0 0
13 9 55 0 -10 0 0 0
13 9 56 0 -10 0 0 0
13 9 57 0 -10 0 0 0
13 9 58 0 -10 0 0 0
13 9 59 0 -10 0 0 0
13 9 60 0 -10 0 0 0
13 9 61 0 -10 0 0 0
13 9 62 0 -10 0 0 0
13 9 63 0 -10 0 0 0
13 10 0 4.24045 -3 0 0 158
13 10 1 4.24045 -3 0 0 151
13 10 2 4.24045 -3 0 0 196
13 10 3 4.12923 0.99194 0.342257 0.757946 356
13 10 4 3.54069 1.20194 0.673122 0.0962675 263
13 10 5 2.92917 1.12987 0.817102 0.492978 242
13 10 6 5.39417 0.679092 0.497675 0.180729 213
13 10 7 4.46651 0.551744 0.647446 0.0706255 482
13 10 8 7.3541 0.713779 0.852276 0.540929 226
13 10 9 3.25771 0.444938 0.617472 0.591859 312
13 10 10 5.67051 0.433709 0.267984 0.349884 298
13 10 11 5.07033 0.46749 0.703001 0.264676 241
13 10 12 4.7556 0.597742 1.46213 0.223233 273
13 10 13 2.10598 12.9223 1.65787 0.2164 422
13 10 14 4.24045 -3 0 0 150
13 10 15 3.90964 0.440594 1.27786 0.108843 428
13 10 16 2.00001 12.2012 2.28709 0.0872692 453
13 10 17 4.00066 0.518623 0.947218 0.161357 204
13 10 18 3.94405 0.418777 1.04098 0.0937214 331
13 10 19 3.70958 1.4839 0.893963 0.139931 654
13 10 20 6 -2 0 0 266
13 10 21 9 -2 0 0 291
13 10 22 6.88259 0.56569 0.516995 0.515368 438
13 10 23 2 -2 0 0 270
13 10 24 4.24045 -3 0 0 180
13 10 25 4.35648 0.669003 0.769122 0.40056 717
13 10 26 4.24045 -3 0 0 200
13 10 27 3.41817 0.83897 1.3018 0.488708 432
13 10 28 4.80765 0.698366 0.511412 0.0526546 558
13 10 29 5.43121 0.54132 0.378485 0.142333 225
13 10 30 2.87159 1.99051 1.01588 0.655657 355
13 10 31 4.20555 0.574607 0.909313 0.0574903 986
13 10 32 4.51861 0.45499 0.790003 0.148492 622
13 10 33 4.67325 0.350561 0.954138 0.0633675 490
13 10 34 4.24045 -3 0 0 200
13 10 35 4.55889 0.786836 0.85832 0.0889561 1131
13 10 36 4.48991 0.48997 1.40939 0.0806987 389
13 10 37 6.21791 0.892768 0.777631 0.312712 287
13 10 38 4.66866 0.421257 1.05116 0.0686585 1277
13 10 39 5.89439 0.503268 0.95995 0.168788 644
13 10 40 6 -2 0 0 330
13 10 41 3.94669 0.945383 0.813515 0.105059 743
13 10 42 5.07946 0.824419 0.816451 0.189585 374
13 10 43 3.76564 0.413611 1.00501 0.258482 257
13 10 44 3 -2 0 0 825
13 10 45 6.55069 0.461334 0.698474 0.527819 579
13 10 46 4.62372 1.10427 0.696043 0.34221 206
13 10 47 2 -2 0 0 1755
13 10 48 3.99636 0.528848 1.31638 0.294674 437
13 10 49 3.26451 1.18145 0.704809 0.278029 365
13 10 50 4.79929 0.618277 0.748023 0.120045 683
13 10 51 4.44659 0.502949 0.968513 0.227085 371
13 10 52 2.36907 7.55121 1.26598 0.709549 308
13 10 53 4.89489 0.551721 0.62233 0.0514377 1213
13 10 54 4.42748 0.585847 0.702496 0.0826861 527
13 10 55 3.16006 1.16108 1.33879 0.120659 308
13 10 56 5.1893 0.993636 1.00941 0.182581 605
13 10 57 2.75887 0.824149 0.879915 0.21944 392
13 10 58 4.03443 0.442331 0.988459 0.049889 428
13 10 59 3.71613 0.504797 0.921674 0.227448 271
13 10 60 3.77323 0.462241 0.810066 0.0254913 942
13 10 61 4.32871 0.678205 0.778178 0.161208 355
13 10 62 2.38712 1.95222 1.00846 0.40393 277
13 10 63 5.15615 0.476573 0.880914 0.404146 385
13 11 0 3.46568 0.6869 0.540768 0.0957828 519
13 11 1 3.50848 0.491629 0.79681 0.0775694 365
13 11 2 2.66558 1.49194 1.01128 0.058604 225
13 11 3 3.55314 -3 0 0 130
13 11 4 3.55314 -3 0 0 169
13 11 5 4.24723 0.495912 0.621962 0.164874 220
13 11 6 3.55314 -3 0 0 185
13 11 7 3.55314 -3 0 0 88
13 11 8 5.36067 0.867473 0.406865 0.146248 220
13 11 9 3.55314 -3 0 0 147
13 11 10 3.55314 -3 0 0 111
13 11 11 5 -2 0 0 228
13 11 12 3.55314 -3 0 0 151
13 11 13 3.55314 -3 0 0 104
13 11 14 3.76498 1.49817 0.178646 0.372744 408
13 11 15 3.55314 -3 0 0 120
13 11 16 3.55314 -3 0 0 101
13 11 17 2.8609 1.60293 0.566377 0.0933162 256
13 11 18 3.55314 -3 0 0 145
13 11 19 3.55314 -3 0 0 108
13 11 20 3.55314 -3 0 0 134
13 11 21 3.55314 -3 0 0 144
13 11 22 3.55314 -3 0 0 106
13 11 23 3.69605 0.460609 0.938776 0.131168 213
13 11 24 3.99502 0.446075 0.666467 0.143818 308
13 11 25 3.55314 -3 0 0 101
13 11 26 4.59562 0.643579 0.732444 0.0406507 446
13 11 27 3.55314 -3 0 0 131
13 11 28 3.55314 -3 0 0 103
13 11 29 4.60027 0.920092 0.44816 0.108442 245
13 11 30 3.55314 -3 0 0 119
13 11 31 3.55314 -3 0 0 73
13 11 32 3.55314 -3 0 0 81
13 11 33 3.55314 -3 0 0 94
13 11 34 2.94951 1.95325 0.520385 0.338859 328
13 11 35 3.55314 -3 0 0 73
13 11 36 3.55314 -3 0 0 112
13 11 37 3.55314 -3 0 0 198
13 11 38 3.55314 -3 0 0 93
13 11 39 3.55314 -3 0 0 99
13 11 40 3.55314 -3 0 0 122
13 11 41 3.55314 -3 0 0 64
13 11 42 3.55314 -3 0 0 158
13 11 43 4.91069 0.556261 0.65593 0.16146 228
13 11 44 3.55314 -3 0 0 81
13 11 45 3.55314 -3 0 0 96
13 11 46 4.07819 0.687705 0.852286 0.068792 306
13 11 47 3.55314 -3 0 0 66
13 11 48 3.55314 -3 0 0 112
13 11 49 3.55314 -3 0 0 188
13 11 50 3.55314 -3 0 0 91
13 11 51 3.55314 -3 0 0 183
13 11 52 2 8.31295 2.00698 0.397595 240
13 11 53 3.55314 -3 0 0 66
13 11 54 3.55314 -3 0 0 133
13 11 55 3.55314 -3 0 0 200
13 11 56 3.55314 -3 0 0 139
13 11 57 3.55314 -3 0 0 153
13 11 58 3.55314 -3 0 0 135
13 11 59 3.3724 0.514693 0.948004 0.104499 299
13 11 60 3.55314 -3 0 0 88
13 11 61 2 11.962 3.09393 0.577672 204
13 11 62 2 11.9991 0.739921 0.266804 257
13 11 63 3.55314 -3 0 0 163
13 12 0 3.86464 1.05734 0.903967 0.107157 342
13 12 1 4.32252 0.553447 0.779182 0.0348342 365
13 12 2 4.17305 0.46313 0.971007 0.0736879 455
13 12 3 6.40495 0.573497 0.549081 0.656431 758
13 12 4 3.33059 1.51941 1.05134 0.0792527 388
13 12 5 7.32243 0.703032 0.839483 0.56237 460
13 12 6 4.76439 0.879015 0.698816 0.232431 550
13 12 7 4.15368 0.657003 1.64465 0.195458 1341
13 12 8 4.21248 0.443644 0.763995 0.113518 436
13 12 9 4.64561 0.542464 1.02706 0.0201529 943
13 12 10 4.68097 0.460514 1.18551 0.0821391 1177
13 12 11 5.95495 0.563279 0.604953 0.244232 349
13 12 12 3.90845 0.501458 0.952881 0.0356967 602
13 12 13 5.40858 0.796072 0.697464 0.306567 823
13 12 14 6.51783 0.596254 0.339312 0.42843 293
13 12 15 4.32252 0.751297 0.787914 0.084267 638
13 12 16 10 -2 0 0 1705
13 12 17 5.42758 0.768385 0.304973 0.277635 303
13 12 18 3 -2 0 0 538
13 12 19 5.13823 0.524582 0.743349 0.0743223 1176
13 12 20 5.61644 0.614091 0.453697 0.342531 386
13 12 21 4.99699 0.433524 0.766159 0.115354 633
13 12 22 3.63348 0.570218 1.38879 0.232975 909
13 12 23 4.01921 0.760365 1.09983 0.233891 292
13 12 24 4.74894 0.409374 0.84006 0.221411 342
13 12 25 4.67226 0.633212 0.947897 0.0460514 1022
13 12 26 4.51267 0.45543 0.938028 0.212074 257
13 12 27 3 -2 0 0 669
13 12 28 4.50258 0.581955 0.682928 0.25783 757
13 12 29 3.731 0.558223 0.983582 0.565105 252
13 12 30 2.92815 2.62949 1.33509 0.264185 442
13 12 31 4.47145 0.412147 1.31082 0.093956 854
13 12 32 6.04411 0.630797 0.672498 0.284073 588
13 12 33 4.85074 0.713384 0.921173 0.12824 506
13 12 34 4 -2 0 0 239
13 12 35 4.70107 0.809196 1.46809 0.16076 749
13 12 36 5.70394 0.532613 0.697107 0.227372 409
13 12 37 4.0975 0.463061 0.846967 0.0376907 306
13 12 38 6.4014 0.714493 0.764921 0.300281 551
13 12 39 2 8.38747 1.30885 0.620091 317
13 12 40 6.24611 0.608825 0.484981 0.394838 298
13 12 41 6.32961 1.00469 1.1451 0.499156 483
13 12 42 5.42558 0.641243 0.507238 0.134349 283
13 12 43 6 -2 0 0 230
13 12 44 3 -2 0 0 439
13 12 45 4.97105 0.46069 1.06654 0.100973 423
13 12 46 5.00789 0.780005 0.630414 0.103379 229
13 12 47 7 -2 0 0 525
13 12 48 4 -2 0 0 339
13 12 49 5.4117 0.903962 0.559659 0.408893 227
13 12 50 2 -2 0 0 392
13 12 51 4.5982 -3 0 0 150
13 12 52 4.23531 1.08789 0.194333 0.122186 204
13 12 53 4.65865 0.629167 0.496752 0.218375 408
13 12 54 5.80618 0.765638 0.634376 0.676824 299
13 12 55 4.94598 0.773707 0.992653 0.203672 209
13 12 56 3.95697 0.499591 0.986504 0.166887 239
13 12 57 4.5982 -3 0 0 169
13 12 58 4.26894 0.793729 0.415974 0.134924 256
13 12 59 5.85804 0.642287 0.514657 0.13692 212
13 12 60 4.15121 0.631894 0.715347 0.102766 299
13 12 61 4.5982 -3 0 0 153
13 12 62 4.5982 -3 0 0 143
13 12 63 5.08351 0.553414 0.610149 0.241792 206
13 13 0 3.27062 0.399222 0.790622 0.306563 260
13 13 1 4.76119 -3 0 0 178
13 13 2 4.76119 -3 0 0 123
13 13 3 4.76119 -3 0 0 80
13 13 4 4.76119 -3 0 0 132
13 13 5 4.76119 -3 0 0 138
13 13 6 4.76119 -3 0 0 159
13 13 7 4.76119 -3 0 0 72
13 13 8 4.76119 -3 0 0 169
13 13 9 4.76119 -3 0 0 102
13 13 10 4.76119 -3 0 0 71
13 13 11 4.76119 -3 0 0 177
13 13 12 4.76119 -3 0 0 118
13 13 13 4.76119 -3 0 0 71
13 13 14 4.30891 0.527139 0.976676 0.0548924 274
13 13 15 4.76119 -3 0 0 101
13 13 16 4.76119 -3 0 0 65
13 13 17 4.01938 0.502401 1.09493 0.154525 218
13 13 18 4.76119 -3 0 0 111
13 13 19 4.76119 -3 0 0 70
13 13 20 4.76119 -3 0 0 139
13 13 21 4.76119 -3 0 0 135
13 13 22 4.76119 -3 0 0 78
13 13 23 4.76119 -3 0 0 175
13 13 24 6.61799 0.743154 0.576783 0.450851 202
13 13 25 4.76119 -3 0 0 87
13 13 26 6.18749 0.670552 0.757983 0.0778193 297
13 13 27 4.76119 -3 0 0 92
13 13 28 4.76119 -3 0 0 65
13 13 29 4.76119 -3 0 0 194
13 13 30 4.76119 -3 0 0 106
13 13 31 4.76119 -3 0 0 82
13 13 32 4.76119 -3 0 0 88
13 13 33 4.76119 -3 0 0 117
13 13 34 6.71883 0.575873 0.819897 0.272279 340
13 13 35 4.76119 -3 0 0 87
13 13 36 4.76119 -3 0 0 109
13 13 37 4.76119 -3 0 0 192
13 13 38 4.76119 -3 0 0 114
13 13 39 4.76119 -3 0 0 149
13 13 40 4.76119 -3 0 0 157
13 13 41 4.76119 -3 0 0 87
13 13 42 4.76119 -3 0 0 186
13 13 43 5.73679 0.808088 0.917098 0.341733 236
13 13 44 4.76119 -3 0 0 99
13 13 45 4.76119 -3 0 0 119
13 13 46 5.44842 0.536003 0.64835 0.0536829 368
13 13 47 4.76119 -3 0 0 121
13 13 48 4.76119 -3 0 0 122
13 13 49 5.24933 0.51329 0.817455 0.215882 208
13 13 50 4.76119 -3 0 0 119
13 13 51 5.40542 0.568313 0.698357 0.210607 339
13 13 52 3.36514 0.611069 1.09391 0.261608 224
13 13 53 4.76119 -3 0 0 113
13 13 54 4.76119 -3 0 0 132
13 13 55 3 -2 0 0 279
13 13 56 4.76119 -3 0 0 187
13 13 57 4.0853 0.499513 0.710536 0.228768 246
13 13 58 4.76119 -3 0 0 150
13 13 59 3.96199 1.08305 0.335058 0.356898 360
13 13 60 4.76119 -3 0 0 137
13 13 61 3.64606 0.496521 0.956704 0.0605857 425
13 13 62 5.18378 0.948132 0.734614 0.112788 418
13 13 63 3 -2 0 0 228
13 14 0 4.69111 0.685118 0.61027 0.271786 257
13 14 1 5 -2 0 0 285
13 14 2 4.13827 0.389868 0.69997 0.240817 297
13 14 3 6.34328 0.730016 0.255582 0.44676 344
13 14 4 5.57858 0.517301 0.805637 0.211762 212
13 14 5 6.115 1.06967 0.687879 0.218992 274
13 14 6 3.88161 0.499235 0.823123 0.206037 352
13 14 7 6.18382 0.568056 0.658377 0.453607 464
13 14 8 5.25862 0.459755 0.562754 0.0862442 234
13 14 9 4.77827 0.552853 0.65563 0.142721 561
13 14 10 4.15945 0.698714 1.38417 0.170328 542
13 14 11 4.60912 -3 0 0 195
13 14 12 3 -2 0 0 344
13 14 13 5.37568 1.51551 0.310366 0.288521 338
13 14 14 4.60912 -3 0 0 194
13 14 15 4.51797 0.667527 0.826527 0.121881 255
13 14 16 4.21667 0.603294 0.953751 0.155501 786
13 14 17 4.60912 -3 0 0 174
13 14 18 5.20306 0.732496 0.35332 0.0990365 251
13 14 19 4.76789 0.58787 0.835543 0.120331 395
13 14 20 4.60912 -3 0 0 161
13 14 21 5.64551 0.811743 0.586361 0.204001 429
13 14 22 4.60443 0.788633 0.555512 0.189638 353
13 14 23 4.60912 -3 0 0 173
13 14 24 4.60912 -3 0 0 199
13 14 25 4 -2 0 0 317
13 14 26 4.60912 -3 0 0 139
13 14 27 4.60912 -3 0 0 191
13 14 28 4.22615 0.561738 0.858409 0.0776642 224
13 14 29 4.60912 -3 0 0 131
13 14 30 4.98975 0.513529 0.600167 0.148712 207
13 14 31 5.11946 0.805201 0.71825 0.167024 233
13 14 32 4.60912 -3 0 0 172
13 14 33 4.60912 -3 0 0 174
13 14 34 4.60912 -3 0 0 154
13 14 35 4.60912 -3 0 0 188
13 14 36 4.60912 -3 0 0 130
13 14 37 4.60912 -3 0 0 111
13 14 38 4.60912 -3 0 0 137
13 14 39 4.60912 -3 0 0 127
13 14 40 4.60912 -3 0 0 142
13 14 41 4.60912 -3 0 0 152
13 14 42 4.60912 -3 0 0 132
13 14 43 4.60912 -3 0 0 104
13 14 44 4.60912 -3 0 0 126
13 14 45 4.60912 -3 0 0 132
13 14 46 4.60912 -3 0 0 114
13 14 47 4.60912 -3 0 0 137
13 14 48 4.60912 -3 0 0 131
13 14 49 4.60912 -3 0 0 100
13 14 50 4.60912 -3 0 0 118
13 14 51 4.60912 -3 0 0 71
13 14 52 4.60912 -3 0 0 96
13 14 53 4.60912 -3 0 0 118
13 14 54 4.60912 -3 0 0 95
13 14 55 4.60912 -3 0 0 73
13 14 56 4.60912 -3 0 0 96
13 14 57 4.60912 -3 0 0 83
13 14 58 4.60912 -3 0 0 95
13 14 59 4.60912 -3 0 0 84
13 14 60 4.60912 -3 0 0 136
13 14 61 4.60912 -3 0 0 78
13 14 62 4.60912 -3 0 0 81
13 14 63 4.60912 -3 0 0 94
13 15 0 3.79211 -3 0 0 79
13 15 1 3.79211 -3 0 0 80
13 15 2 3.79211 -3 0 0 66
13 15 3 3.79211 -3 0 0 52
13 15 4 3.79211 -3 0 0 56
13 15 5 3.79211 -3 0 0 60
13 15 6 3.79211 -3 0 0 67
13 15 7 3.79211 -3 0 0 46
13 15 8 3.79211 -3 0 0 49
13 15 9 3.79211 -3 0 0 46
13 15 10 3.79211 -3 0 0 38
13 15 11 3.79211 -3 0 0 78
13 15 12 3.79211 -3 0 0 49
13 15 13 3.79211 -3 0 0 59
13 15 14 3.79211 -3 0 0 97
13 15 15 3.79211 -3 0 0 45
13 15 16 3.79211 -3 0 0 39
13 15 17 3.79211 -3 0 0 92
13 15 18 3.79211 -3 0 0 62
13 15 19 3.79211 -3 0 0 34
13 15 20 3.79211 -3 0 0 55
13 15 21 3.79211 -3 0 0 48
13 15 22 3.79211 -3 0 0 44
13 15 23 3.79211 -3 0 0 94
13 15 24 3.79211 -3 0 0 75
13 15 25 3.79211 -3 0 0 49
13 15 26 3.79211 -3 0 0 100
13 15 27 3.79211 -3 0 0 43
13 15 28 3.79211 -3 0 0 59
13 15 29 3.79211 -3 0 0 102
13 15 30 3.79211 -3 0 0 58
13 15 31 3.79211 -3 0 0 54
13 15 32 3.79211 -3 0 0 54
13 15 33 3.79211 -3 0 0 61
13 15 34 3.79211 -3 0 0 139
13 15 35 3.79211 -3 0 0 71
13 15 36 3.79211 -3 0 0 76
13 15 37 3.79211 -3 0 0 104
13 15 38 3.79211 -3 0 0 69
13 15 39 3.79211 -3 0 0 132
13 15 40 3.79211 -3 0 0 86
13 15 41 3.79211 -3 0 0 58
13 15 42 3.79211 -3 0 0 97
13 15 43 3.79211 -3 0 0 114
13 15 44 3.79211 -3 0 0 62
13 15 45 3.79211 -3 0 0 54
13 15 46 3.79211 -3 0 0 152
13 15 47 3.79211 -3 0 0 75
13 15 48 3.79211 -3 0 0 68
13 15 49 3.79211 -3 0 0 113
13 15 50 3.79211 -3 0 0 81
13 15 51 3.79211 -3 0 0 200
13 15 52 3.79211 -3 0 0 129
13 15 53 3.79211 -3 0 0 93
13 15 54 3.79211 -3 0 0 86
13 15 55 3.79211 -3 0 0 162
13 15 56 3.79211 -3 0 0 136
13 15 57 3.79211 -3 0 0 182
13 15 58 3.79211 -3 0 0 117
13 15 59 3.79211 -3 0 0 172
13 15 60 3.79211 -3 0 0 102
13 15 61 3.41464 0.630062 0.797373 0.0163993 208
13 15 62 3.79211 -3 0 0 196
13 15 63 3.79211 -3 0 0 125
14 0 0 5.30041 -3 0 0 126
14 0 1 5.30041 -3 0 0 77
14 0 2 5.30041 -3 0 0 107
14 0 3 5.30041 -3 0 0 58
14 0 4 5.30041 -3 0 0 117
14 0 5 5.30041 -3 0 0 86
14 0 6 5.30041 -3 0 0 70
14 0 7 5.30041 -3 0 0 82
14 0 8 5.30041 -3 0 0 85
14 0 9 5.30041 -3 0 0 76
14 0 10 5.30041 -3 0 0 43
14 0 11 5.30041 -3 0 0 133
14 0 12 5.30041 -3 0 0 73
14 0 13 5.30041 -3 0 0 88
14 0 14 5.30041 -3 0 0 157
14 0 15 5.30041 -3 0 0 77
14 0 16 5.30041 -3 0 0 22
14 0 17 5.30041 -3 0 0 124
14 0 18 5.30041 -3 0 0 68
14 0 19 5.30041 -3 0 0 92
14 0 20 5.30041 -3 0 0 110
14 0 21 5.30041 -3 0 0 65
14 0 22 5.30041 -3 0 0 68
14 0 23 5.30041 -3 0 0 174
14 0 24 5.30041 -3 0 0 117
14 0 25 5.30041 -3 0 0 90
14 0 26 5.30041 -3 0 0 151
14 0 27 5.30041 -3 0 0 103
14 0 28 5.30041 -3 0 0 92
14 0 29 5.30041 -3 0 0 120
14 0 30 5.30041 -3 0 0 55
14 0 31 5.30041 -3 0 0 114
14 0 32 5.30041 -3 0 0 114
14 0 33 5.30041 -3 0 0 86
14 0 34 5.30041 -3 0 0 180
14 0 35 5.30041 -3 0 0 94
14 0 36 5.30041 -3 0 0 57
14 0 37 5.30041 -3 0 0 113
14 0 38 5.30041 -3 0 0 147
14 0 39 7.71189 0.938352 0.640981 0.357961 211
14 0 40 5.30041 -3 0 0 134
14 0 41 5.30041 -3 0 0 121
14 0 42 5.30041 -3 0 0 128
14 0 43 5.30041 -3 0 0 190
14 0 44 5.30041 -3 0 0 157
14 0 45 5.30041 -3 0 0 162
14 0 46 5.7106 0.768673 0.573197 0.182007 211
14 0 47 5.27125 0.688987 0.57039 0.256708 202
14 0 48 5.30041 -3 0 0 126
14 0 49 5.30041 -3 0 0 155
14 0 50 5.30041 -3 0 0 185
14 0 51 5.24411 0.659136 0.840586 0.0594635 347
14 0 52 4.97394 0.50325 0.801856 0.186904 227
14 0 53 5.30041 -3 0 0 161
14 0 54 5.30041 -3 0 0 143
14 0 55 4.66835 0.567994 0.772048 0.124048 287
14 0 56 6.65694 0.583657 0.106037 0.31548 249
14 0 57 0 -10 0 0 0
14 0 58 5.30041 -3 0 0 185
14 0 59 3.49457 0.501146 0.933542 0.17008 307
14 0 60 5.30041 -3 0 0 180
14 0 61 3.95071 1.08913 0.265661 0.466612 413
14 0 62 2 10.2168 1.26391 0.152968 341
14 0 63 5.30041 -3 0 0 197
14 1 0 3.38297 0.56618 0.760698 0.0708121 386
14 1 1 3.49791 0.815479 0.866402 0.121805 304
14 1 2 4.72512 0.719868 0.697514 0.0861228 422
14 1 3 4.24814 0.690537 0.819715 0.13459 294
14 1 4 4.09619 -3 0 0 131
14 1 5 6.74362 1.11221 0.913048 0.341627 294
14 1 6 4.08264 0.800873 0.511115 0.123904 426
14 1 7 4.51574 1.03647 0.342071 0.0936344 362
14 1 8 4.46812 0.603298 0.549715 0.160434 211
14 1 9 4.56138 1.08246 1.41677 0.261365 420
14 1 10 2 2.45669 1.48714 0.262805 504
14 1 11 3.13015 0.63648 0.747559 0.136308 272
14 1 12 4.32081 0.688611 0.319236 0.349622 274
14 1 13 3.71188 1.17651 0.456639 0.178252 256
14 1 14 4.93356 0.672331 0.800935 0.234864 273
14 1 15 4.47562 0.489033 0.755882 0.221912 218
14 1 16 4.09858 0.584074 1.24033 0.0811587 543
14 1 17 4.09619 -3 0 0 185
14 1 18 6.25567 0.769378 0.625833 0.409451 202
14 1 19 4.13431 0.504655 0.469019 0.203779 269
14 1 20 4.09619 -3 0 0 114
14 1 21 6.51497 0.965504 0.620851 0.259021 403
14 1 22 3.51451 1.40437 0.544396 0.161726 296
14 1 23 4.09619 -3 0 0 160
14 1 24 4.68083 0.624648 0.672464 0.0581272 219
14 1 25 4.84941 0.546756 1.07944 0.202062 260
14 1 26 4.97248 1.02302 0.251379 0.398715 201
14 1 27 4.09619 -3 0 0 179
14 1 28 4.09619 -3 0 0 178
14 1 29 4.09619 -3 0 0 181
14 1 30 4.09619 -3 0 0 93
14 1 31 3.92971 0.689206 1.28038 0.144484 232
14 1 32 4.09619 -3 0 0 143
14 1 33 4.09619 -3 0 0 150
14 1 34 4.09619 -3 0 0 148
14 1 35 4.09619 -3 0 0 134
14 1 36 4.09619 -3 0 0 101
14 1 37 4.09619 -3 0 0 165
14 1 38 4.09619 -3 0 0 139
14 1 39 4.09619 -3 0 0 83
14 1 40 4.09619 -3 0 0 139
14 1 41 4.09619 -3 0 0 118
14 1 42 4.09619 -3 0 0 155
14 1 43 4.09619 -3 0 0 130
14 1 44 4.09619 -3 0 0 109
14 1 45 4.09619 -3 0 0 138
14 1 46 4.09619 -3 0 0 128
14 1 47 4.09619 -3 0 0 85
14 1 48 4.09619 -3 0 0 2
14 1 49 4.09619 -3 0 0 97
14 1 50 4.09619 -3 0 0 98
14 1 51 4.09619 -3 0 0 82
14 1 52 4.09619 -3 0 0 103
14 1 53 4.09619 -3 0 0 111
14 1 54 4.09619 -3 0 0 136
14 1 55 4.09619 -3 0 0 89
14 1 56 4.09619 -3 0 0 98
14 1 57 4.09619 -3 0 0 94
14 1 58 4.09619 -3 0 0 103
14 1 59 4.09619 -3 0 0 96
14 1 60 4.09619 -3 0 0 63
14 1 61 4.09619 -3 0 0 55
14 1 62 4.09619 -3 0 0 124
14 1 63 4.09619 -3 0 0 104
14 2 0 4.13619 0.653678 0.79675 0.094834 363
14 2 1 5.18788 0.63302 1.13814 0.263864 386
14 2 2 4.99371 0.568728 0.890464 0.239011 328
14 2 3 4.36731 -3 0 0 150
14 2 4 3.98083 0.545782 0.690293 0.188124 236
14 2 5 3.5646 0.513135 0.782049 0.0604798 285
14 2 6 5.19387 0.482759 0.782937 0.231207 272
14 2 7 4.36731 -3 0 0 84
14 2 8 3.28011 1.03541 1.36535 0.0594054 259
14 2 9 7 -2 0 0 207
14 2 10 4.36731 -3 0 0 174
14 2 11 4.41683 0.487308 0.765722 0.135404 228
14 2 12 5.25564 0.753259 0.680458 0.214406 272
14 2 13 4.36731 -3 0 0 190
14 2 14 4.15986 0.650341 1.08848 0.0522745 557
14 2 15 4.36731 -3 0 0 121
14 2 16 4.36731 -3 0 0 128
14 2 17 5.51992 0.635179 0.636296 0.127256 344
14 2 18 4.36731 -3 0 0 182
14 2 19 4.36731 -3 0 0 174
14 2 20 4.41354 0.546247 0.921269 0.116001 406
14 2 21 4.36731 -3 0 0 182
14 2 22 4.36731 -3 0 0 118
14 2 23 4.36731 -3 0 0 197
14 2 24 4.36731 -3 0 0 7
14 2 25 4.36731 -3 0 0 117
14 2 26 6.72446 0.664222 0.596205 0.482382 651
14 2 27 4.36731 -3 0 0 172
14 2 28 6.63712 0.927792 0.46133 0.220841 291
14 2 29 3.99453 0.532619 1.32222 0.219084 360
14 2 30 4.36731 -3 0 0 94
14 2 31 4.36731 -3 0 0 105
14 2 32 4.36731 -3 0 0 3
14 2 33 4.36731 -3 0 0 162
14 2 34 4.89176 0.569302 0.388319 0.540338 648
14 2 35 4.36731 -3 0 0 5
14 2 36 4.64334 0.612797 0.597682 0.135827 293
14 2 37 5.35059 0.611931 0.942063 0.430218 293
14 2 38 4.36731 -3 0 0 20
14 2 39 6.56118 0.637356 0.978329 0.375867 406
14 2 40 4.36731 -3 0 0 134
14 2 41 4.53959 0.468481 0.604401 0.358717 236
14 2 42 6.10756 0.67158 0.21564 0.271599 278
14 2 43 4.68624 0.551781 0.954542 0.0785733 395
14 2 44 3.80918 0.515989 0.728807 0.140677 224
14 2 45 4 -2 0 0 291
14 2 46 0 -10 0 0 0
14 2 47 3.42994 0.685106 1.16674 0.159196 258
14 2 48 5.32611 0.613682 0.628891 0.306883 282
14 2 49 2.08471 8.43867 1.641 0.136924 370
14 2 50 4.28861 0.57296 0.599643 0.0700714 252
14 2 51 3.56619 1.4315 0.903918 0.0463739 723
14 2 52 3.262 0.501888 0.85608 0.145005 504
14 2 53 3.53404 0.463458 0.71629 0.0974558 299
14 2 54 5.88881 0.629595 0.727437 0.262332 327
14 2 55 6.16497 0.544486 0.6592 0.220997 571
14 2 56 3.66287 0.438719 0.789669 0.0930191 502
14 2 57 3.02751 0.671687 0.916139 0.0514672 673
14 2 58 4.20702 1.43331 1.28262 0.207263 509
14 2 59 4.34328 0.485607 0.989441 0.0328301 1281
14 2 60 4 -2 0 0 224
14 2 61 4.12971 0.593966 0.696106 0.0597273 1151
14 2 62 6.72871 0.585764 0.759583 0.311937 906
14 2 63 4.11349 0.645444 0.703599 0.0491723 467
14 3 0 3.50112 0.689622 1.16668 0.137694 662
14 3 1 5.40153 0.540959 0.946335 0.0849743 511
14 3 2 6.30459 0.588612 0.53402 0.552344 624
14 3 3 4.43365 0.422825 0.810015 0.114932 809
14 3 4 4.30008 0.800316 0.526597 0.237562 413
14 3 5 4.40538 0.547442 1.12387 0.0641728 691
14 3 6 6 -2 0 0 643
14 3 7 6.40847 0.602673 0.620568 0.257374 848
14 3 8 5.40843 0.687723 1.1619 0.253515 397
14 3 9 2 -2 0 0 1108
14 3 10 3.65402 0.917463 1.08311 0.0831861 1268
14 3 11 4.99989 1.66604 0.328644 0.980992 377
14 3 12 4.20673 0.599479 1.07904 0.159279 592
14 3 13 4.26736 0.442803 1.0575 0.137766 578
14 3 14 4.73884 0.556684 0.835899 0.0744901 538
14 3 15 3.98904 0.464459 0.990047 0.170864 724
14 3 16 5.56652 0.999631 1.40482 0.474681 1398
14 3 17 2.91877 0.97578 1.30101 0.42628 325
14 3 18 3.84688 1.04846 0.745877 0.252709 438
14 3 19 6 -2 0 0 841
14 3 20 4.09071 -3 0 0 161
14 3 21 4.23182 0.407847 1.11215 0.088397 1082
14 3 22 2.43481 7.08652 1.40143 0.123589 917
14 3 23 3.99586 1.33677 0.531637 0.603303 227
14 3 24 2.69313 1.83161 1.08932 0.0826321 591
14 3 25 3.41889 1.30585 0.981191 0.098334 794
14 3 26 5.17623 1.11764 0.96185 0.199338 302
14 3 27 3.34446 2.03706 2.12012 0.217019 375
14 3 28 2 -2 0 0 663
14 3 29 6.44137 0.968735 0.540022 0.520326 364
14 3 30 8 -2 0 0 278
14 3 31 4.86511 0.533623 0.634412 0.207542 502
14 3 32 3.43449 0.486824 0.837603 0.102102 401
14 3 33 7.12953 0.426542 0.542037 0.447104 405
14 3 34 5.16796 0.608922 0.576246 0.294735 307
14 3 35 3.83885 0.480143 1.07272 0.16325 513
14 3 36 4.58709 0.610161 0.605513 0.173333 322
14 3 37 8 -2 0 0 223
14 3 38 4.92267 0.500424 0.965006 0.300922 427
14 3 39 4.98554 0.527605 0.599137 0.15227 227
14 3 40 4.09071 -3 0 0 196
14 3 41 4.82987 1.01735 1.01386 0.157337 485
14 3 42 2 11.4964 1.75012 0.162471 350
14 3 43 2.60698 2.06071 1.28712 0.187025 248
14 3 44 4.38737 0.7134 0.584315 0.125583 380
14 3 45 4.26873 0.415697 1.02822 0.372915 256
14 3 46 4.85973 0.595637 0.861682 0.168502 236
14 3 47 3.84447 0.491303 0.573281 0.230794 402
14 3 48 6 -2 0 0 304
14 3 49 2 10.8219 0.988559 0.211252 331
14 3 50 3 -2 0 0 381
14 3 51 4.09071 -3 0 0 197
14 3 52 2 8.28835 1.34364 0.379682 345
14 3 53 5.21764 0.514276 0.515469 0.400613 269
14 3 54 7.40389 0.706428 0.461637 0.901355 234
14 3 55 2 10.8418 2.31774 0.25773 202
14 3 56 5 -2 0 0 209
14 3 57 4.09071 -3 0 0 199
14 3 58 2.79778 1.6148 0.684392 0.12099 367
14 3 59 2 8.91225 1.03299 0.922929 287
14 3 60 5 -2 0 0 301
14 3 61 4.09071 -3 0 0 189
14 3 62 4.09071 -3 0 0 176
14 3 63 4.09071 -3 0 0 199
14 4 0 5.04292 0.812549 0.710079 0.198432 821
14 4 1 2.71015 1.17659 1.04956 0.0617269 679
14 4 2 3.34188 1.01271 0.986079 0.107254 612
14 4 3 4.35373 0.380641 0.615447 0.143648 290
14 4 4 3 -2 0 0 423
14 4 5 3.21618 0.732527 0.798955 0.101445 449
14 4 6 2 9.35451 0.817944 0.65409 448
14 4 7 4.08944 0.81507 0.436727 0.253083 250
14 4 8 5.55017 0.719223 0.489642 0.327312 561
14 4 9 4.07759 0.423711 0.785246 0.118806 337
14 4 10 3.52899 -3 0 0 161
14 4 11 5.931 0.587096 0.784872 0.292853 322
14 4 12 2.73186 0.696894 0.776928 0.449877 288
14 4 13 3 -2 0 0 222
14 4 14 2 8.41956 1.78012 0.21304 720
14 4 15 3.52899 -3 0 0 178
14 4 16 3.52899 -3 0 0 167
14 4 17 6 -2 0 0 721
14 4 18 5.03441 0.54364 0.825958 0.260454 335
14 4 19 3.52899 -3 0 0 175
14 4 20 3.52899 -3 0 0 148
14 4 21 3.73181 0.499415 1.07561 0.0260264 409
14 4 22 3.52899 -3 0 0 199
14 4 23 2 8.28979 1.42675 0.379029 420
14 4 24 4.42453 0.563859 0.629562 0.154516 494
14 4 25 3.52899 -3 0 0 173
14 4 26 3.91408 0.677175 0.664666 0.157658 862
14 4 27 5.29093 0.567615 0.645508 0.323129 213
14 4 28 3.52899 -3 0 0 198
14 4 29 5.78837 0.632369 0.903581 0.208664 544
14 4 30 3.30483 0.359724 0.854831 0.181329 257
14 4 31 3.52899 -3 0 0 172
14 4 32 3.52899 -3 0 0 191
14 4 33 3.52899 -3 0 0 174
14 4 34 4.54319 0.593711 0.9993 0.259419 545
14 4 35 3.52899 -3 0 0 126
14 4 36 5.14021 0.471206 0.481784 0.56294 243
14 4 37 5.12354 0.702827 0.751116 0.21113 365
14 4 38 3.52899 -3 0 0 143
14 4 39 4.11075 0.486168 0.898759 0.132404 215
14 4 40 3.52899 -3 0 0 199
14 4 41 3.52899 -3 0 0 172
14 4 42 4.11065 0.494238 0.977573 0.0987455 263
14 4 43 4.16075 0.448619 0.911858 0.145441 548
14 4 44 3.52899 -3 0 0 128
14 4 45 3.52899 -3 0 0 161
14 4 46 2 8.44569 2.19483 0.348159 733
14 4 47 3.52899 -3 0 0 129
14 4 48 4.33235 0.571183 0.663037 0.239732 276
14 4 49 6.25607 0.656487 0.751813 0.26344 340
14 4 50 3 -2 0 0 204
14 4 51 3.62117 0.861562 0.72899 0.133947 367
14 4 52 3.94535 0.657351 1.51461 0.18058 470
14 4 53 3.52899 -3 0 0 166
14 4 54 3.52899 -3 0 0 167
14 4 55 2 -2 0 0 399
14 4 56 5.38377 0.889927 0.317484 0.685626 232
14 4 57 2.62875 1.64699 0.669206 0.172774 344
14 4 58 2 -2 0 0 242
14 4 59 3.31176 0.442162 0.799936 0.172549 548
14 4 60 3.52899 -3 0 0 157
14 4 61 2.00004 8.80685 1.02005 0.273665 486
14 4 62 2.29076 7.18782 1.05884 0.0887394 538
14 4 63 2.87525 0.604544 0.825818 0.124635 326
14 5 0 7.08485 0.736511 0.72357 0.290632 253
14 5 1 4.26007 0.938132 0.948302 0.25028 303
14 5 2 5.85508 0.516969 0.358649 0.182261 239
14 5 3 5.28615 0.568496 0.750117 0.348907 418
14 5 4 4.78662 0.607373 0.397287 0.414617 378
14 5 5 5.22219 0.696268 0.432397 0.311509 349
14 5 6 5.83866 2.34466 0.662269 0.49557 327
14 5 7 6.27814 0.665061 0.643081 0.44357 515
14 5 8 2.68813 1.80948 0.640635 0.683135 330
14 5 9 7.53407 2.65455 5 0.813916 296
14 5 10 2 11.8354 1.86779 0.16959 388
14 5 11 4.5838 0.559496 0.632039 0.120083 296
14 5 12 4.92036 0.45956 1.08036 0.248451 410
14 5 13 8 -2 0 0 502
14 5 14 6.25852 0.661843 0.297803 0.34367 304
14 5 15 8 -2 0 0 487
14 5 16 4.9708 0.607432 0.94544 0.0663608 421
14 5 17 6 -2 0 0 323
14 5 18 5.29637 0.572685 0.606774 0.188563 330
14 5 19 5.43254 0.768693 0.478138 0.350581 604
14 5 20 2.09103 11.5716 1.20932 0.442473 566
14 5 21 4.93007 0.408635 0.797996 0.310768 390
14 5 22 4.79235 1.10009 0.62754 0.114789 419
14 5 23 4.46966 0.51566 0.829135 0.142389 413
14 5 24 4.79443 0.456382 1.13003 0.287622 287
14 5 25 5.31961 0.598204 0.832958 0.0856034 647
14 5 26 5.39759 0.556193 0.521914 0.273135 346
14 5 27 4.28031 1.07654 1.01129 0.152491 490
14 5 28 4.93721 0.825469 0.694877 0.110918 555
14 5 29 4.21371 1.11388 0.579899 0.394462 393
14 5 30 6.92131 0.496783 0.727589 0.711072 509
14 5 31 5.36176 0.491407 0.791793 0.043934 535
14 5 32 5.11212 0.469653 0.924656 0.38438 692
14 5 33 6 -2 0 0 597
14 5 34 5.60752 1.28899 0.35684 0.426316 495
14 5 35 4.14486 0.483569 1.29725 0.113296 985
14 5 36 4.74189 0.412171 1.14575 0.184694 296
14 5 37 2 -2 0 0 331
14 5 38 3 -2 0 0 1103
14 5 39 3.90975 1.3379 1.38051 0.144469 954
14 5 40 4.22187 0.479103 1.28259 0.0599026 557
14 5 41 5.34864 0.787639 0.934593 0.271792 730
14 5 42 4.04993 0.613253 0.912116 0.249698 647
14 5 43 4.74524 0.582727 0.711386 0.0558394 574
14 5 44 4.79548 0.475096 0.975363 0.0616154 850
14 5 45 4.52002 0.587667 0.925242 0.169966 697
14 5 46 2.45811 1.44509 1.02954 0.348877 433
14 5 47 3 -2 0 0 994
14 5 48 5.63884 0.691389 0.718052 0.235657 671
14 5 49 3.23796 1.67165 1.31058 0.177319 538
14 5 50 4.9897 0.493986 0.760774 0.233482 877
14 5 51 9 -2 0 0 649
14 5 52 3 -2 0 0 525
14 5 53 4.57217 0.66004 0.755042 0.130566 862
14 5 54 5.80957 0.518319 0.686409 0.215768 530
14 5 55 3.41361 0.575422 1.15001 0.245019 514
14 5 56 3.98433 1.05393 0.582067 0.208743 791
14 5 57 4.60549 0.751924 0.575378 0.0587933 655
14 5 58 5.2515 0.511508 0.87867 0.264858 751
14 5 59 3.50458 0.492178 0.855906 0.0993924 424
14 5 60 3.46441 0.745645 0.893425 0.0668364 783
14 5 61 2 2.55426 1.45765 0.248825 560
14 5 62 3.14684 0.764149 1.17011 0.0337094 414
14 5 63 4.05642 0.494808 0.557035 0.139726 431
14 6 0 5.65287 0.711015 0.176007 0.397051 525
14 6 1 2.98471 0.84807 0.979124 0.0557863 315
14 6 2 3.81291 0.62975 0.659208 0.0936833 357
14 6 3 4.08379 -3 0 0 167
14 6 4 4.08379 -3 0 0 190
14 6 5 5.01824 0.525348 0.525095 0.318567 221
14 6 6 3.98859 0.547372 1.06944 0.0697975 261
14 6 7 4.08379 -3 0 0 124
14 6 8 4.08379 -3 0 0 189
14 6 9 4.08379 -3 0 0 172
14 6 10 4.08379 -3 0 0 185
14 6 11 4.69239 0.789217 1.26988 0.240825 226
14 6 12 4.08379 -3 0 0 149
14 6 13 4.08379 -3 0 0 99
14 6 14 3.57404 0.576536 1.08863 0.0878491 300
14 6 15 4.08379 -3 0 0 161
14 6 16 4.08379 -3 0 0 122
14 6 17 3.17301 0.694758 1.04922 0.103806 251
14 6 18 4.08379 -3 0 0 153
14 6 19 4.08379 -3 0 0 84
14 6 20 4.08379 -3 0 0 140
14 6 21 4.08379 -3 0 0 188
14 6 22 4.08379 -3 0 0 164
14 6 23 4.08379 -3 0 0 122
14 6 24 4.80234 0.545552 0.70227 0.0555018 236
14 6 25 4.08379 -3 0 0 90
14 6 26 3.23623 0.464485 0.822 0.146392 282
14 6 27 4.08379 -3 0 0 123
14 6 28 4.08379 -3 0 0 95
14 6 29 4.08379 -3 0 0 141
14 6 30 4.08379 -3 0 0 56
14 6 31 4.08379 -3 0 0 88
14 6 32 4.08379 -3 0 0 75
14 6 33 4.08379 -3 0 0 94
14 6 34 5.04154 1.08417 0.565475 0.280612 266
14 6 35 4.08379 -3 0 0 87
14 6 36 4.08379 -3 0 0 48
14 6 37 4.08379 -3 0 0 136
14 6 38 4.08379 -3 0 0 76
14 6 39 4.08379 -3 0 0 95
14 6 40 4.08379 -3 0 0 138
14 6 41 4.08379 -3 0 0 73
14 6 42 4.08379 -3 0 0 103
14 6 43 4.08379 -3 0 0 141
14 6 44 4.08379 -3 0 0 86
14 6 45 4.08379 -3 0 0 86
14 6 46 4.21003 0.534172 0.582737 0.244326 207
14 6 47 4.08379 -3 0 0 64
14 6 48 4.08379 -3 0 0 71
14 6 49 4.08379 -3 0 0 95
14 6 50 4.08379 -3 0 0 77
14 6 51 4.08379 -3 0 0 81
14 6 52 4.08379 -3 0 0 144
14 6 53 4.08379 -3 0 0 66
14 6 54 4.08379 -3 0 0 55
14 6 55 4.08379 -3 0 0 103
14 6 56 4.08379 -3 0 0 92
14 6 57 4.08379 -3 0 0 84
14 6 58 4.08379 -3 0 0 96
14 6 59 4.08379 -3 0 0 178
14 6 60 4.08379 -3 0 0 77
14 6 61 4.08379 -3 0 0 110
14 6 62 4.08379 -3 0 0 157
14 6 63 4.08379 -3 0 0 87
14 7 0 3.43124 -3 0 0 116
14 7 1 3.43124 -3 0 0 108
14 7 2 3.43124 -3 0 0 98
14 7 3 3.43124 -3 0 0 133
14 7 4 3.43124 -3 0 0 198
14 7 5 3.43124 -3 0 0 139
14 7 6 3.43124 -3 0 0 125
14 7 7 3.43124 -3 0 0 118
14 7 8 3.43124 -3 0 0 159
14 7 9 3.43124 -3 0 0 96
14 7 10 3.43124 -3 0 0 151
14 7 11 3.43124 -3 0 0 111
14 7 12 3.43124 -3 0 0 95
14 7 13 3.43124 -3 0 0 167
14 7 14 3.43124 -3 0 0 83
14 7 15 2.00001 12.8451 2.30003 0.293183 206
14 7 16 3.43124 -3 0 0 147
14 7 17 3.43124 -3 0 0 115
14 7 18 3.43124 -3 0 0 131
14 7 19 3.43124 -3 0 0 170
14 7 20 3.43124 -3 0 0 108
14 7 21 3.43124 -3 0 0 150
14 7 22 3.43124 -3 0 0 157
14 7 23 3.43124 -3 0 0 185
14 7 24 3.43124 -3 0 0 115
14 7 25 4.32835 0.793801 0.597601 0.123727 253
14 7 26 3.43124 -3 0 0 148
14 7 27 3.84966 0.627658 0.585701 0.256509 231
14 7 28 3.43124 -3 0 0 189
14 7 29 3.43124 -3 0 0 142
14 7 30 3.43124 -3 0 0 188
14 7 31 4.21511 0.68826 0.510513 0.355936 273
14 7 32 2.56888 1.2522 0.964571 0.482886 222
14 7 33 2.84442 0.670488 0.670738 0.47707 290
14 7 34 3.43124 -3 0 0 182
14 7 35 4.72533 0.588151 0.51452 0.2546 389
14 7 36 3.6874 0.566641 0.642187 0.385958 264
14 7 37 3.43124 -3 0 0 180
14 7 38 3.80275 0.488368 0.694552 0.0598405 603
14 7 39 2 9.02031 1.4412 0.0871125 716
14 7 40 3.93926 0.579557 0.789952 0.0711106 234
14 7 41 2 8.32461 1.33908 0.385015 427
14 7 42 3.66867 0.538807 0.746939 0.397021 347
14 7 43 3.43124 -3 0 0 166
14 7 44 3.71188 1.22611 0.217478 0.414645 387
14 7 45 4.57834 0.718875 0.716103 0.103156 420
14 7 46 4.66707 0.830177 0.392534 0.216627 262
14 7 47 6.44762 0.566956 0.663957 0.163999 632
14 7 48 3.4589 0.473722 1.00019 0.0690733 305
14 7 49 3.46077 0.637289 1.03262 0.021319 321
14 7 50 3.73477 1.08638 0.629854 0.243916 517
14 7 51 4.20297 0.902809 0.465826 0.081544 431
14 7 52 3.47226 0.76422 0.45475 0.169232 300
14 7 53 4.02963 0.473308 0.855289 0.0746632 576
14 7 54 3.42681 0.491302 0.8465 0.0697511 434
14 7 55 3.88598 0.433706 0.928694 0.102254 282
14 7 56 2 11.5192 1.34198 0.152725 672
14 7 57 3.38806 0.439259 0.79452 0.056441 579
14 7 58 3.74286 0.623315 0.818451 0.0835912 375
14 7 59 3 -2 0 0 296
14 7 60 2.55491 1.16283 0.911127 0.137565 741
14 7 61 2.73821 1.0454 0.48807 0.303777 371
14 7 62 5 -2 0 0 277
14 7 63 2.00001 12.8662 0.898293 0.379005 318
14 8 0 4.17884 -3 0 0 59
14 8 1 4.17884 -3 0 0 51
14 8 2 4.17884 -3 0 0 105
14 8 3 4.17884 -3 0 0 101
14 8 4 4.17884 -3 0 0 146
14 8 5 4.17884 -3 0 0 95
14 8 6 4.17884 -3 0 0 79
14 8 7 4.17884 -3 0 0 108
14 8 8 4.17884 -3 0 0 125
14 8 9 4.17884 -3 0 0 112
14 8 10 4.17884 -3 0 0 111
14 8 11 4.17884 -3 0 0 85
14 8 12 4.17884 -3 0 0 100
14 8 13 4.17884 -3 0 0 199
14 8 14 4.17884 -3 0 0 72
14 8 15 4.17884 -3 0 0 128
14 8 16 4.17884 -3 0 0 149
14 8 17 4.17884 -3 0 0 85
14 8 18 4.17884 -3 0 0 103
14 8 19 4.17884 -3 0 0 145
14 8 20 4.17884 -3 0 0 62
14 8 21 4.17884 -3 0 0 95
14 8 22 4.17884 -3 0 0 142
14 8 23 4.17884 -3 0 0 140
14 8 24 4.17884 -3 0 0 74
14 8 25 4.17884 -3 0 0 157
14 8 26 4.17884 -3 0 0 138
14 8 27 4.17884 -3 0 0 132
14 8 28 4.17884 -3 0 0 163
14 8 29 4.17884 -3 0 0 139
14 8 30 4.17884 -3 0 0 67
14 8 31 2.77447 1.38985 0.604317 0.347494 291
14 8 32 4.40878 0.427219 0.878153 0.204604 283
14 8 33 4.47953 0.650575 0.500633 0.358879 238
14 8 34 4.17884 -3 0 0 108
14 8 35 4.00741 0.588969 0.929126 0.0782957 373
14 8 36 4.17884 -3 0 0 63
14 8 37 4.17884 -3 0 0 150
14 8 38 5.74261 0.567551 0.93039 0.143404 536
14 8 39 6.70551 0.753998 0.766919 0.314758 329
14 8 40 4.17884 -3 0 0 84
14 8 41 3.9286 0.722527 0.730068 0.14036 269
14 8 42 4.17884 -3 0 0 119
14 8 43 4.17884 -3 0 0 149
14 8 44 4.48886 0.471619 0.913123 0.0363414 312
14 8 45 4.17884 -3 0 0 198
14 8 46 4.17884 -3 0 0 121
14 8 47 4.98255 0.632072 0.736914 0.115 720
14 8 48 4.09757 0.548466 1.0045 0.265751 244
14 8 49 4.17884 -3 0 0 127
14 8 50 3.63863 0.507511 0.962129 0.231516 230
14 8 51 4.36121 0.58507 1.13964 0.318913 204
14 8 52 4.17884 -3 0 0 191
14 8 53 4.48661 0.509949 1.06455 0.12626 411
14 8 54 4.27569 0.524625 0.575164 0.237966 296
14 8 55 4.17884 -3 0 0 174
14 8 56 4.55279 0.640792 0.423358 0.0971412 245
14 8 57 3.38419 0.432708 0.907378 0.0852204 311
14 8 58 3.94614 0.611241 0.594851 0.132123 297
14 8 59 4.17884 -3 0 0 189
14 8 60 3 -2 0 0 381
14 8 61 4.17884 -3 0 0 189
14 8 62 4.17884 -3 0 0 181
14 8 63 2 2.55306 0.891015 0.331741 264
14 9 0 4.07699 -3 0 0 199
14 9 1 4 -2 0 0 252
14 9 2 4.07699 -3 0 0 181
14 9 3 4.07699 -3 0 0 70
14 9 4 4.07699 -3 0 0 107
14 9 5 4.07699 -3 0 0 97
14 9 6 4.07699 -3 0 0 144
14 9 7 4.07699 -3 0 0 30
14 9 8 4.07699 -3 0 0 113
14 9 9 4.07699 -3 0 0 96
14 9 10 4.07699 -3 0 0 73
14 9 11 4.07699 -3 0 0 113
14 9 12 4.07699 -3 0 0 75
14 9 13 4.07699 -3 0 0 53
14 9 14 4.07699 -3 0 0 149
14 9 15 4.07699 -3 0 0 56
14 9 16 4.07699 -3 0 0 52
14 9 17 4.07699 -3 0 0 120
14 9 18 4.07699 -3 0 0 70
14 9 19 4.07699 -3 0 0 27
14 9 20 4.07699 -3 0 0 64
14 9 21 4.07699 -3 0 0 76
14 9 22 4.07699 -3 0 0 38
14 9 23 4.07699 -3 0 0 53
14 9 24 4.07699 -3 0 0 144
14 9 25 4.07699 -3 0 0 54
14 9 26 4.07699 -3 0 0 175
14 9 27 4.07699 -3 0 0 44
14 9 28 4.07699 -3 0 0 49
14 9 29 4.07699 -3 0 0 94
14 9 30 4.07699 -3 0 0 17
14 9 31 4.07699 -3 0 0 41
14 9 32 4.07699 -3 0 0 26
14 9 33 4.07699 -3 0 0 42
14 9 34 4.07699 -3 0 0 94
14 9 35 4.07699 -3 0 0 42
14 9 36 4.07699 -3 0 0 15
14 9 37 4.07699 -3 0 0 38
14 9 38 4.07699 -3 0 0 29
14 9 39 4.07699 -3 0 0 43
14 9 40 4.07699 -3 0 0 39
14 9 41 4.07699 -3 0 0 40
14 9 42 4.07699 -3 0 0 44
14 9 43 4.07699 -3 0 0 126
14 9 44 4.07699 -3 0 0 28
14 9 45 4.07699 -3 0 0 29
14 9 46 4.07699 -3 0 0 161
14 9 47 4.07699 -3 0 0 33
14 9 48 4.07699 -3 0 0 36
14 9 49 4.07699 -3 0 0 74
14 9 50 4.07699 -3 0 0 34
14 9 51 4.07699 -3 0 0 55
14 9 52 4.07699 -3 0 0 94
14 9 53 4.07699 -3 0 0 26
14 9 54 4.07699 -3 0 0 26
14 9 55 4.07699 -3 0 0 94
14 9 56 4.07699 -3 0 0 39
14 9 57 4.07699 -3 0 0 60
14 9 58 4.07699 -3 0 0 41
14 9 59 4.07699 -3 0 0 94
14 9 60 4.07699 -3 0 0 21
14 9 61 4.07699 -3 0 0 78
14 9 62 4.07699 -3 0 0 62
14 9 63 4.07699 -3 0 0 72
14 10 0 6.33068 0.531099 1.11572 0.342195 203
14 10 1 5.86002 -3 0 0 165
14 10 2 5.44038 0.491025 0.744485 0.172411 346
14 10 3 6.27741 0.521395 0.526691 0.166457 497
14 10 4 8 -2 0 0 393
14 10 5 6.41731 3.22715 0.587253 0.515795 232
14 10 6 7.60584 0.528232 0.740163 0.184676 326
14 10 7 7.55273 0.886306 1.22627 0.652203 697
14 10 8 8 -2 0 0 355
14 10 9 6.32394 0.465733 0.736729 0.148596 420
14 10 10 6.88591 1.47067 2.42708 0.464735 454
14 10 11 7.63378 0.72135 0.323191 0.71923 400
14 10 12 5.59751 0.648796 0.885136 0.471758 377
14 10 13 2 8.73235 3.21305 0.727232 456
14 10 14 5.86002 -3 0 0 198
14 10 15 7.69526 0.663993 0.430198 0.526681 582
14 10 16 6.35333 0.5249 0.455941 0.265086 600
14 10 17 6.24042 0.618074 0.698756 0.201098 349
14 10 18 6.24262 0.429696 1.04083 0.216608 270
14 10 19 9 -2 0 0 614
14 10 20 6.46794 1.07285 1.54197 0.694201 225
14 10 21 5.48838 0.641909 1.00184 0.280248 326
14 10 22 6.05561 1.38763 1.0156 0.332005 371
14 10 23 8.59514 0.565979 0.775957 0.579389 400
14 10 24 6.67897 0.629033 0.803967 0.205025 209
14 10 25 6.22377 0.551421 0.984989 0.215921 691
14 10 26 6.69136 0.754879 0.481353 0.590121 305
14 10 27 4.78577 0.858677 0.697161 0.676263 450
14 10 28 5.98827 0.883115 1.17908 0.261876 569
14 10 29 6.81405 0.784005 0.464821 0.168839 210
14 10 30 4.45575 0.562202 1.4462 0.345499 273
14 10 31 5.78551 0.47776 0.9774 0.186548 831
14 10 32 6.93813 0.528194 0.705533 0.306994 792
14 10 33 6.71923 0.589014 0.588007 0.243533 737
14 10 34 5.86002 -3 0 0 198
14 10 35 6.33876 0.700543 1.07243 0.160773 1529
14 10 36 5.46135 0.490878 1.09454 0.512127 260
14 10 37 5.86002 -3 0 0 169
14 10 38 6.19997 0.492309 1.13963 0.286011 1613
14 10 39 5.88135 0.431621 0.865961 0.0246594 670
14 10 40 8 -2 0 0 223
14 10 41 8 -2 0 0 697
14 10 42 7.08361 0.628103 0.545398 0.24148 362
14 10 43 6.22242 0.560113 0.582524 0.140045 296
14 10 44 4.85268 0.518074 1.23523 0.369804 989
14 10 45 6.22313 0.825855 1.01842 0.285598 544
14 10 46 6.76444 0.667769 0.475323 0.299883 217
14 10 47 5.77442 0.512033 0.78585 0.127113 1618
14 10 48 5.8015 0.606475 0.525553 0.133212 636
14 10 49 7.57871 0.544192 0.501411 0.493068 322
14 10 50 5.91015 0.529413 0.68953 0.202754 944
14 10 51 5.62372 0.57008 0.663455 0.177612 412
14 10 52 5 -2 0 0 482
14 10 53 7.27756 0.916021 0.520072 0.563894 1075
14 10 54 4.69013 0.789716 0.700597 0.124562 719
14 10 55 5.45171 0.767561 0.646382 0.0876858 334
14 10 56 5.02996 0.636379 1.51886 0.164313 780
14 10 57 5.70346 0.466853 0.363388 0.466846 409
14 10 58 4.13782 0.441202 1.01361 0.136302 448
14 10 59 4.82654 0.680172 1.29828 0.0854248 252
14 10 60 4 -2 0 0 1189
14 10 61 5.00739 0.574386 0.704331 0.143198 512
14 10 62 3.43467 1.18205 1.46961 0.18235 257
14 10 63 6.4216 0.594514 0.546528 0.467964 340
14 11 0 3.58458 0.703068 0.653694 0.0819926 580
14 11 1 4.78544 0.832941 0.228249 0.167604 398
14 11 2 5.28716 0.679576 0.495072 0.152277 306
14 11 3 4.19088 -3 0 0 126
14 11 4 4.40324 0.509873 0.450967 0.160179 242
14 11 5 4.19941 0.644993 0.536618 0.362019 249
14 11 6 4.29941 1.13324 0.2469 0.266132 225
14 11 7 4.19088 -3 0 0 125
14 11 8 7.35737 0.994069 1.16545 0.524464 295
14 11 9 3.52314 0.685911 1.22375 0.141985 204
14 11 10 4.19088 -3 0 0 159
14 11 11 3.6281 0.502424 0.664547 0.10974 289
14 11 12 4.19088 -3 0 0 174
14 11 13 4.19088 -3 0 0 79
14 11 14 4.0805 0.519039 0.771933 0.139417 390
14 11 15 4.19088 -3 0 0 125
14 11 16 4.19088 -3 0 0 140
14 11 17 5.04498 0.629085 0.617795 0.174453 279
14 11 18 4.84326 0.585732 0.932394 0.0889518 204
14 11 19 4.19088 -3 0 0 112
14 11 20 4.19088 -3 0 0 80
14 11 21 4.19088 -3 0 0 200
14 11 22 4.19088 -3 0 0 160
14 11 23 6.103 0.807967 0.497373 0.372392 241
14 11 24 3 -2 0 0 290
14 11 25 4.19088 -3 0 0 143
14 11 26 5.54329 0.711603 0.548149 0.153224 397
14 11 27 4.19088 -3 0 0 111
14 11 28 4.19088 -3 0 0 106
14 11 29 4.98171 0.767494 0.616201 0.0586764 234
14 11 30 4.19088 -3 0 0 87
14 11 31 4.19088 -3 0 0 102
14 11 32 4.19088 -3 0 0 89
14 11 33 4.19088 -3 0 0 99
14 11 34 3.69672 0.781037 0.78854 0.0432357 468
14 11 35 4.19088 -3 0 0 99
14 11 36 4.19088 -3 0 0 64
14 11 37 5.51617 0.920852 0.394085 0.160197 231
14 11 38 4.19088 -3 0 0 132
14 11 39 4.19088 -3 0 0 113
14 11 40 4.19088 -3 0 0 75
14 11 41 4.19088 -3 0 0 95
14 11 42 4.19088 -3 0 0 125
14 11 43 4.8502 0.864967 0.32297 0.356187 291
14 11 44 4.19088 -3 0 0 100
14 11 45 4.19088 -3 0 0 129
14 11 46 4.22571 0.527262 0.674261 0.0606261 373
14 11 47 4.19088 -3 0 0 42
14 11 48 4.19088 -3 0 0 86
14 11 49 5.40978 0.465518 0.651684 0.265992 204
14 11 50 4.19088 -3 0 0 130
14 11 51 4.35132 0.743533 0.355497 0.256729 219
14 11 52 5.32617 0.664882 0.841121 0.310471 273
14 11 53 4.19088 -3 0 0 67
14 11 54 4.19088 -3 0 0 94
14 11 55 5.04316 0.626172 0.992941 0.214843 264
14 11 56 4.19088 -3 0 0 168
14 11 57 4.19088 -3 0 0 193
14 11 58 4.19088 -3 0 0 136
14 11 59 3.44396 0.5909 0.752335 0.024757 424
14 11 60 4.19088 -3 0 0 98
14 11 61 2.26229 10.689 0.954842 0.18065 241
14 11 62 3.84637 0.888163 0.120987 0.144229 296
14 11 63 3.37861 0.402232 0.746613 0.134277 217
14 12 0 2 1.91916 1.09121 0.354923 467
14 12 1 4.15027 0.706312 0.858653 0.211728 412
14 12 2 4.24681 -3 0 0 527
14 12 3 4.08266 0.901895 0.690404 0.214841 770
14 12 4 3.46261 0.475024 0.97808 0.200297 390
14 12 5 4.29683 0.483954 0.764012 0.0278312 543
14 12 6 6.54062 0.574735 0.911225 0.533209 636
14 12 7 2 -2 0 0 1679
14 12 8 4.69903 0.490892 0.629259 0.0733947 585
14 12 9 5.30344 0.698868 1.04551 0.289003 1048
14 12 10 5.09891 0.458279 0.923493 0.168306 1312
14 12 11 4.30053 0.602396 0.663235 0.113263 478
14 12 12 3.04504 1.47949 1.45864 0.30315 797
14 12 13 4.80674 0.584609 0.742234 0.130615 735
14 12 14 3.31024 0.630524 1.06111 0.185203 322
14 12 15 3.62185 0.457603 0.631878 0.252258 769
14 12 16 2 8.23802 2.3559 0.392148 1471
14 12 17 5.12244 0.583111 0.376622 0.393218 466
14 12 18 4.73467 0.57891 0.901121 0.1153 671
14 12 19 4.41121 0.435628 0.77669 0.114216 1423
14 12 20 5.31942 0.647961 0.745015 0.274363 479
14 12 21 2.15544 8.65796 1.12462 0.817739 700
14 12 22 6.68487 1.13738 1.03168 0.324628 1254
14 12 23 3.98273 0.832874 0.659357 0.242382 400
14 12 24 3.90837 0.461861 0.615987 0.139223 418
14 12 25 7.04845 0.780315 0.654666 0.284265 1138
14 12 26 3.83355 0.438842 1.03785 0.335098 234
14 12 27 5.49944 1.22486 0.259416 0.51504 684
14 12 28 6.62076 0.624648 0.855318 0.502697 904
14 12 29 6 -2 0 0 245
14 12 30 4.28532 0.86852 0.662411 0.203166 454
14 12 31 3.83879 0.336294 1.08986 0.0243238 985
14 12 32 3.98834 0.501964 0.741817 0.0567527 875
14 12 33 3 -2 0 0 659
14 12 34 5.22095 0.623426 0.310552 0.125183 243
14 12 35 4.95376 0.577661 0.591508 0.315116 916
14 12 36 3.97325 0.553481 0.646425 0.187497 303
14 12 37 6.14467 0.49299 0.66572 0.390592 334
14 12 38 4.94106 0.412238 0.5752 0.144521 765
14 12 39 6.00071 0.398301 0.680426 0.355918 357
14 12 40 4.02732 0.54288 0.937719 0.0428654 430
14 12 41 3.87862 0.399431 0.934565 0.0535352 538
14 12 42 6 -2 0 0 299
14 12 43 5.7773 0.525097 0.601158 0.327077 302
14 12 44 6.66413 0.462813 0.902589 0.561779 633
14 12 45 4.15906 0.456779 0.853563 0.0905458 378
14 12 46 3.00792 1.00752 0.556136 0.198075 252
14 12 47 4.11703 0.503221 0.715926 0.166848 647
14 12 48 3.98372 0.437889 0.987195 0.133402 431
14 12 49 3.883 0.562186 1.31188 0.154623 309
14 12 50 2.01991 8.70635 1.41812 0.271503 534
14 12 51 5 -2 0 0 219
14 12 52 5.18416 0.55945 0.298061 0.43878 268
14 12 53 5.51548 0.806546 0.751438 0.264561 606
14 12 54 5.63608 0.73117 0.257961 0.364768 405
14 12 55 3.44926 0.444549 1.0065 0.0868075 269
14 12 56 6.24171 0.584837 0.911235 0.196197 275
14 12 57 2 11.4448 1.21812 0.157171 245
14 12 58 3.8492 0.547548 1.25105 0.108704 311
14 12 59 4.93118 0.442125 0.507587 0.258924 267
14 12 60 5.32035 0.741629 0.894412 0.369558 426
14 12 61 4.24681 -3 0 0 187
14 12 62 5.57572 0.638245 0.524663 0.288466 232
14 12 63 3.45377 0.393378 0.678159 0.401267 276
14 13 0 3.7017 0.593305 1.11295 0.0914967 305
14 13 1 4.84338 0.470061 0.900201 0.366603 247
14 13 2 4.18029 -3 0 0 189
14 13 3 4.18029 -3 0 0 125
14 13 4 4.18029 -3 0 0 158
14 13 5 4.18029 -3 0 0 166
14 13 6 4.18029 -3 0 0 163
14 13 7 4.18029 -3 0 0 87
14 13 8 4.18029 -3 0 0 153
14 13 9 4.18029 -3 0 0 103
14 13 10 4.18029 -3 0 0 100
14 13 11 4.18029 -3 0 0 185
14 13 12 4.18029 -3 0 0 132
14 13 13 4.18029 -3 0 0 86
14 13 14 3.4696 0.559942 0.790387 0.0790787 312
14 13 15 4.18029 -3 0 0 121
14 13 16 4.18029 -3 0 0 103
14 13 17 4.05003 0.715722 0.774444 0.0740848 235
14 13 18 4.18029 -3 0 0 104
14 13 19 4.18029 -3 0 0 87
14 13 20 4.18029 -3 0 0 169
14 13 21 4.18029 -3 0 0 101
14 13 22 4.18029 -3 0 0 107
14 13 23 4.18029 -3 0 0 139
14 13 24 6.01478 0.249364 0.112832 0.298857 251
14 13 25 4.18029 -3 0 0 90
14 13 26 3.07049 2.26712 1.73483 0.243827 296
14 13 27 4.18029 -3 0 0 115
14 13 28 4.18029 -3 0 0 102
14 13 29 5.781 0.983514 0.33529 0.2696 246
14 13 30 4.18029 -3 0 0 111
14 13 31 4.18029 -3 0 0 94
14 13 32 4.18029 -3 0 0 104
14 13 33 4.18029 -3 0 0 140
14 13 34 5.66342 0.683983 0.87685 0.149316 360
14 13 35 4.18029 -3 0 0 76
14 13 36 4.18029 -3 0 0 111
14 13 37 4.08622 0.512275 0.87229 0.372115 232
14 13 38 4.18029 -3 0 0 101
14 13 39 4.18029 -3 0 0 187
14 13 40 4.18029 -3 0 0 187
14 13 41 4.18029 -3 0 0 111
14 13 42 4.29522 0.548302 0.743239 0.0573948 201
14 13 43 4.11874 0.619059 0.709446 0.169781 290
14 13 44 4.18029 -3 0 0 103
14 13 45 4.18029 -3 0 0 112
14 13 46 3.82337 0.489164 0.825266 0.0949055 335
14 13 47 4.18029 -3 0 0 92
14 13 48 4.18029 -3 0 0 144
14 13 49 3 -2 0 0 271
14 13 50 4.18029 -3 0 0 149
14 13 51 4.43287 0.550438 0.873586 0.152682 397
14 13 52 3 -2 0 0 250
14 13 53 4.18029 -3 0 0 130
14 13 54 4.18029 -3 0 0 175
14 13 55 4.77776 0.437652 0.621176 0.0986051 335
14 13 56 4.18029 -3 0 0 196
14 13 57 3.15103 1.57152 0.359717 0.172106 286
14 13 58 5.70875 0.63277 0.534522 0.171457 229
14 13 59 5.20813 0.541311 0.759118 0.165971 375
14 13 60 4.18029 -3 0 0 188
14 13 61 2 12.8852 1.07463 0.218303 441
14 13 62 4.59975 0.491668 0.938385 0.0355283 433
14 13 63 2.86318 0.723161 0.548393 0.194138 261
14 14 0 3.04395 1.43801 0.501487 0.127929 260
14 14 1 4.06977 0.428182 0.900745 0.0934365 263
14 14 2 3.70445 0.488431 0.812653 0.193591 347
14 14 3 4.28036 0.527865 0.717801 0.309644 384
14 14 4 4.23514 0.571278 0.442849 0.221922 231
14 14 5 3.66227 0.438234 0.94483 0.0955882 306
14 14 6 4.05791 0.517946 0.713917 0.168979 415
14 14 7 2.87254 1.10282 1.10619 0.378334 523
14 14 8 3.77586 0.587605 1.15179 0.0754462 270
14 14 9 4.30338 0.486703 0.995284 0.109463 481
14 14 10 2 12.3721 1.4886 0.094807 658
14 14 11 3.58313 0.475379 1.05418 0.126226 216
14 14 12 5.31457 0.714138 0.339318 0.24109 258
14 14 13 3.54043 0.554999 0.762013 0.204352 344
14 14 14 4.18522 -3 0 0 154
14 14 15 4.48557 0.743251 0.599373 0.359648 307
14 14 16 6.19503 0.585489 0.754186 0.22522 728
14 14 17 4.18522 -3 0 0 170
14 14 18 4.50071 0.70112 0.497094 0.286613 283
14 14 19 3 -2 0 0 400
14 14 20 3 -2 0 0 237
14 14 21 4.47487 0.564132 0.921972 0.156145 446
14 14 22 5.39235 0.711211 0.385838 0.214802 443
14 14 23 4.18522 -3 0 0 178
14 14 24 4.18522 -3 0 0 176
14 14 25 6.82867 1.11698 1.12379 0.265481 336
14 14 26 4.18522 -3 0 0 171
14 14 27 5.19481 0.489327 0.719776 0.484842 260
14 14 28 4.96184 0.556439 0.723012 0.184332 293
14 14 29 4.18522 -3 0 0 155
14 14 30 3 -2 0 0 209
14 14 31 5.40972 0.516008 0.750612 0.285731 243
14 14 32 4.18522 -3 0 0 176
14 14 33 4.01373 0.483138 0.672622 0.161716 211
14 14 34 4.18522 -3 0 0 161
14 14 35 4.74162 0.683185 0.377608 0.228035 233
14 14 36 4.18522 -3 0 0 173
14 14 37 4.18522 -3 0 0 131
14 14 38 3.0426 1.3164 0.901861 0.215996 219
14 14 39 4.18522 -3 0 0 111
14 14 40 4.18522 -3 0 0 157
14 14 41 4.18522 -3 0 0 149
14 14 42 4.18522 -3 0 0 170
14 14 43 4.18522 -3 0 0 132
14 14 44 4.18522 -3 0 0 138
14 14 45 4.18522 -3 0 0 125
14 14 46 4.18522 -3 0 0 123
14 14 47 4.18522 -3 0 0 163
14 14 48 4.18522 -3 0 0 171
14 14 49 4.18522 -3 0 0 132
14 14 50 4.18522 -3 0 0 141
14 14 51 4.18522 -3 0 0 113
14 14 52 4.18522 -3 0 0 127
14 14 53 4.18522 -3 0 0 139
14 14 54 4.18522 -3 0 0 126
14 14 55 4.18522 -3 0 0 85
14 14 56 4.18522 -3 0 0 103
14 14 57 4.18522 -3 0 0 97
14 14 58 4.18522 -3 0 0 102
14 14 59 4.18522 -3 0 0 104
14 14 60 4.18522 -3 0 0 117
14 14 61 4.18522 -3 0 0 72
14 14 62 4.18522 -3 0 0 84
14 14 63 4.18522 -3 0 0 81
14 15 0 4.06835 -3 0 0 73
14 15 1 4.06835 -3 0 0 85
14 15 2 4.06835 -3 0 0 76
14 15 3 4.06835 -3 0 0 57
14 15 4 4.06835 -3 0 0 92
14 15 5 4.06835 -3 0 0 59
14 15 6 4.06835 -3 0 0 69
14 15 7 4.06835 -3 0 0 42
14 15 8 4.06835 -3 0 0 61
14 15 9 4.06835 -3 0 0 43
14 15 10 4.06835 -3 0 0 48
14 15 11 4.06835 -3 0 0 52
14 15 12 4.06835 -3 0 0 36
14 15 13 4.06835 -3 0 0 58
14 15 14 4.06835 -3 0 0 96
14 15 15 4.06835 -3 0 0 63
14 15 16 4.06835 -3 0 0 57
14 15 17 4.06835 -3 0 0 76
14 15 18 4.06835 -3 0 0 66
14 15 19 4.06835 -3 0 0 43
14 15 20 4.06835 -3 0 0 70
14 15 21 4.06835 -3 0 0 47
14 15 22 4.06835 -3 0 0 49
14 15 23 4.06835 -3 0 0 84
14 15 24 4.06835 -3 0 0 76
14 15 25 4.06835 -3 0 0 42
14 15 26 4.06835 -3 0 0 92
14 15 27 4.06835 -3 0 0 59
14 15 28 4.06835 -3 0 0 60
14 15 29 4.06835 -3 0 0 114
14 15 30 4.06835 -3 0 0 72
14 15 31 4.06835 -3 0 0 43
14 15 32 4.06835 -3 0 0 62
14 15 33 4.06835 -3 0 0 52
14 15 34 4.06835 -3 0 0 102
14 15 35 4.06835 -3 0 0 65
14 15 36 4.06835 -3 0 0 62
14 15 37 4.06835 -3 0 0 105
14 15 38 4.06835 -3 0 0 62
14 15 39 4.06835 -3 0 0 112
14 15 40 4.06835 -3 0 0 90
14 15 41 4.06835 -3 0 0 65
14 15 42 4.06835 -3 0 0 84
14 15 43 4.06835 -3 0 0 99
14 15 44 4.06835 -3 0 0 61
14 15 45 4.06835 -3 0 0 71
14 15 46 4.06835 -3 0 0 164
14 15 47 4.06835 -3 0 0 75
14 15 48 4.06835 -3 0 0 94
14 15 49 4.06835 -3 0 0 126
14 15 50 4.06835 -3 0 0 75
14 15 51 4.06835 -3 0 0 200
14 15 52 4.06835 -3 0 0 144
14 15 53 4.06835 -3 0 0 77
14 15 54 4.06835 -3 0 0 88
14 15 55 4.06835 -3 0 0 147
14 15 56 4.06835 -3 0 0 122
14 15 57 4.06835 -3 0 0 164
14 15 58 4.06835 -3 0 0 115
14 15 59 4.06835 -3 0 0 170
14 15 60 4.06835 -3 0 0 92
14 15 61 4.06835 -3 0 0 195
14 15 62 4.06835 -3 0 0 180
14 15 63 4.06835 -3 0 0 123
