#mip results PROTO15-TB2022-03
#layer chip channel mpv empv widthmpv chi2ndf nentries
0 0 0 0 -10 0 0 0
0 0 1 0 -10 0 0 0
0 0 2 0 -10 0 0 0
0 0 3 0 -10 0 0 0
0 0 4 0 -10 0 0 0
0 0 5 0 -10 0 0 0
0 0 6 0 -10 0 0 0
0 0 7 0 -10 0 0 0
0 0 8 0 -10 0 0 0
0 0 9 0 -10 0 0 0
0 0 10 0 -10 0 0 0
0 0 11 0 -10 0 0 0
0 0 12 0 -10 0 0 0
0 0 13 0 -10 0 0 0
0 0 14 0 -10 0 0 0
0 0 15 0 -10 0 0 0
0 0 16 0 -10 0 0 0
0 0 17 0 -10 0 0 0
0 0 18 0 -10 0 0 0
0 0 19 0 -10 0 0 0
0 0 20 0 -10 0 0 0
0 0 21 0 -10 0 0 0
0 0 22 0 -10 0 0 0
0 0 23 0 -10 0 0 0
0 0 24 0 -10 0 0 0
0 0 25 0 -10 0 0 0
0 0 26 0 -10 0 0 0
0 0 27 0 -10 0 0 0
0 0 28 0 -10 0 0 0
0 0 29 0 -10 0 0 0
0 0 30 0 -10 0 0 0
0 0 31 0 -10 0 0 0
0 0 32 0 -10 0 0 0
0 0 33 0 -10 0 0 0
0 0 34 0 -10 0 0 0
0 0 35 0 -10 0 0 0
0 0 36 0 -10 0 0 0
0 0 37 0 -10 0 0 0
0 0 38 0 -10 0 0 0
0 0 39 0 -10 0 0 0
0 0 40 0 -10 0 0 0
0 0 41 0 -10 0 0 0
0 0 42 0 -10 0 0 0
0 0 43 0 -10 0 0 0
0 0 44 0 -10 0 0 0
0 0 45 0 -10 0 0 0
0 0 46 0 -10 0 0 0
0 0 47 0 -10 0 0 0
0 0 48 0 -10 0 0 0
0 0 49 0 -10 0 0 0
0 0 50 0 -10 0 0 0
0 0 51 0 -10 0 0 0
0 0 52 0 -10 0 0 0
0 0 53 0 -10 0 0 0
0 0 54 0 -10 0 0 0
0 0 55 0 -10 0 0 0
0 0 56 0 -10 0 0 0
0 0 57 0 -10 0 0 0
0 0 58 0 -10 0 0 0
0 0 59 0 -10 0 0 0
0 0 60 0 -10 0 0 0
0 0 61 0 -10 0 0 0
0 0 62 0 -10 0 0 0
0 0 63 0 -10 0 0 0
0 1 0 0 -10 0 0 0
0 1 1 0 -10 0 0 0
0 1 2 0 -10 0 0 0
0 1 3 0 -10 0 0 0
0 1 4 0 -10 0 0 0
0 1 5 0 -10 0 0 0
0 1 6 0 -10 0 0 0
0 1 7 0 -10 0 0 0
0 1 8 0 -10 0 0 0
0 1 9 0 -10 0 0 0
0 1 10 0 -10 0 0 0
0 1 11 0 -10 0 0 0
0 1 12 0 -10 0 0 0
0 1 13 0 -10 0 0 0
0 1 14 0 -10 0 0 0
0 1 15 0 -10 0 0 0
0 1 16 0 -10 0 0 0
0 1 17 0 -10 0 0 0
0 1 18 0 -10 0 0 0
0 1 19 0 -10 0 0 0
0 1 20 0 -10 0 0 0
0 1 21 0 -10 0 0 0
0 1 22 0 -10 0 0 0
0 1 23 0 -10 0 0 0
0 1 24 0 -10 0 0 0
0 1 25 0 -10 0 0 0
0 1 26 0 -10 0 0 0
0 1 27 0 -10 0 0 0
0 1 28 0 -10 0 0 0
0 1 29 0 -10 0 0 0
0 1 30 0 -10 0 0 0
0 1 31 0 -10 0 0 0
0 1 32 0 -10 0 0 0
0 1 33 0 -10 0 0 0
0 1 34 0 -10 0 0 0
0 1 35 0 -10 0 0 0
0 1 36 0 -10 0 0 0
0 1 37 0 -10 0 0 0
0 1 38 0 -10 0 0 0
0 1 39 0 -10 0 0 0
0 1 40 0 -10 0 0 0
0 1 41 0 -10 0 0 0
0 1 42 0 -10 0 0 0
0 1 43 0 -10 0 0 0
0 1 44 0 -10 0 0 0
0 1 45 0 -10 0 0 0
0 1 46 0 -10 0 0 0
0 1 47 0 -10 0 0 0
0 1 48 0 -10 0 0 0
0 1 49 0 -10 0 0 0
0 1 50 0 -10 0 0 0
0 1 51 0 -10 0 0 0
0 1 52 0 -10 0 0 0
0 1 53 0 -10 0 0 0
0 1 54 0 -10 0 0 0
0 1 55 0 -10 0 0 0
0 1 56 0 -10 0 0 0
0 1 57 0 -10 0 0 0
0 1 58 0 -10 0 0 0
0 1 59 0 -10 0 0 0
0 1 60 0 -10 0 0 0
0 1 61 0 -10 0 0 0
0 1 62 0 -10 0 0 0
0 1 63 0 -10 0 0 0
0 2 0 0 -10 0 0 0
0 2 1 0 -10 0 0 0
0 2 2 0 -10 0 0 0
0 2 3 0 -10 0 0 0
0 2 4 0 -10 0 0 0
0 2 5 0 -10 0 0 0
0 2 6 0 -10 0 0 0
0 2 7 0 -10 0 0 0
0 2 8 0 -10 0 0 0
0 2 9 0 -10 0 0 0
0 2 10 0 -10 0 0 0
0 2 11 0 -10 0 0 0
0 2 12 0 -10 0 0 0
0 2 13 0 -10 0 0 0
0 2 14 0 -10 0 0 0
0 2 15 0 -10 0 0 0
0 2 16 0 -10 0 0 0
0 2 17 0 -10 0 0 0
0 2 18 0 -10 0 0 0
0 2 19 0 -10 0 0 0
0 2 20 0 -10 0 0 0
0 2 21 0 -10 0 0 0
0 2 22 0 -10 0 0 0
0 2 23 0 -10 0 0 0
0 2 24 0 -10 0 0 0
0 2 25 0 -10 0 0 0
0 2 26 0 -10 0 0 0
0 2 27 0 -10 0 0 0
0 2 28 0 -10 0 0 0
0 2 29 0 -10 0 0 0
0 2 30 0 -10 0 0 0
0 2 31 0 -10 0 0 0
0 2 32 0 -10 0 0 0
0 2 33 0 -10 0 0 0
0 2 34 0 -10 0 0 0
0 2 35 0 -10 0 0 0
0 2 36 0 -10 0 0 0
0 2 37 0 -10 0 0 0
0 2 38 0 -10 0 0 0
0 2 39 0 -10 0 0 0
0 2 40 0 -10 0 0 0
0 2 41 0 -10 0 0 0
0 2 42 0 -10 0 0 0
0 2 43 0 -10 0 0 0
0 2 44 0 -10 0 0 0
0 2 45 0 -10 0 0 0
0 2 46 0 -10 0 0 0
0 2 47 0 -10 0 0 0
0 2 48 0 -10 0 0 0
0 2 49 0 -10 0 0 0
0 2 50 0 -10 0 0 0
0 2 51 0 -10 0 0 0
0 2 52 0 -10 0 0 0
0 2 53 0 -10 0 0 0
0 2 54 0 -10 0 0 0
0 2 55 0 -10 0 0 0
0 2 56 0 -10 0 0 0
0 2 57 0 -10 0 0 0
0 2 58 0 -10 0 0 0
0 2 59 0 -10 0 0 0
0 2 60 0 -10 0 0 0
0 2 61 0 -10 0 0 0
0 2 62 0 -10 0 0 0
0 2 63 0 -10 0 0 0
0 3 0 0 -10 0 0 0
0 3 1 0 -10 0 0 0
0 3 2 0 -10 0 0 0
0 3 3 0 -10 0 0 0
0 3 4 0 -10 0 0 0
0 3 5 0 -10 0 0 0
0 3 6 0 -10 0 0 0
0 3 7 0 -10 0 0 0
0 3 8 0 -10 0 0 0
0 3 9 0 -10 0 0 0
0 3 10 0 -10 0 0 0
0 3 11 0 -10 0 0 0
0 3 12 0 -10 0 0 0
0 3 13 0 -10 0 0 0
0 3 14 0 -10 0 0 0
0 3 15 0 -10 0 0 0
0 3 16 0 -10 0 0 0
0 3 17 0 -10 0 0 0
0 3 18 0 -10 0 0 0
0 3 19 0 -10 0 0 0
0 3 20 0 -10 0 0 0
0 3 21 0 -10 0 0 0
0 3 22 0 -10 0 0 0
0 3 23 0 -10 0 0 0
0 3 24 0 -10 0 0 0
0 3 25 0 -10 0 0 0
0 3 26 0 -10 0 0 0
0 3 27 0 -10 0 0 0
0 3 28 0 -10 0 0 0
0 3 29 0 -10 0 0 0
0 3 30 0 -10 0 0 0
0 3 31 0 -10 0 0 0
0 3 32 0 -10 0 0 0
0 3 33 0 -10 0 0 0
0 3 34 0 -10 0 0 0
0 3 35 0 -10 0 0 0
0 3 36 0 -10 0 0 0
0 3 37 0 -10 0 0 0
0 3 38 0 -10 0 0 0
0 3 39 0 -10 0 0 0
0 3 40 0 -10 0 0 0
0 3 41 0 -10 0 0 0
0 3 42 0 -10 0 0 0
0 3 43 0 -10 0 0 0
0 3 44 0 -10 0 0 0
0 3 45 0 -10 0 0 0
0 3 46 0 -10 0 0 0
0 3 47 0 -10 0 0 0
0 3 48 0 -10 0 0 0
0 3 49 0 -10 0 0 0
0 3 50 0 -10 0 0 0
0 3 51 0 -10 0 0 0
0 3 52 0 -10 0 0 0
0 3 53 0 -10 0 0 0
0 3 54 0 -10 0 0 0
0 3 55 0 -10 0 0 0
0 3 56 0 -10 0 0 0
0 3 57 0 -10 0 0 0
0 3 58 0 -10 0 0 0
0 3 59 0 -10 0 0 0
0 3 60 0 -10 0 0 0
0 3 61 0 -10 0 0 0
0 3 62 0 -10 0 0 0
0 3 63 0 -10 0 0 0
0 4 0 31.8016 2.34355 7.00692 0.245573 393
0 4 1 27 -2 0 0 328
0 4 2 26 -2 0 0 256
0 4 3 32.3226 -3 0 0 115
0 4 4 32.3226 -3 0 0 163
0 4 5 37.147 12.092 20 0.323089 209
0 4 6 32.7323 21.2626 20 0.359511 215
0 4 7 32.3226 -3 0 0 117
0 4 8 28 -2 0 0 207
0 4 9 32.3226 -3 0 0 150
0 4 10 32.3226 -3 0 0 138
0 4 11 26 -2 0 0 233
0 4 12 32.3226 -3 0 0 149
0 4 13 32.3226 -3 0 0 96
0 4 14 28 -2 0 0 349
0 4 15 32.3226 -3 0 0 127
0 4 16 32.3226 -3 0 0 108
0 4 17 29 -2 0 0 241
0 4 18 32.3226 -3 0 0 131
0 4 19 32.3226 -3 0 0 91
0 4 20 32.3226 -3 0 0 130
0 4 21 32.3226 -3 0 0 199
0 4 22 32.3226 -3 0 0 143
0 4 23 32.3226 -3 0 0 1
0 4 24 28 -2 0 0 275
0 4 25 32.3226 -3 0 0 92
0 4 26 30.2693 1.64121 5.22824 0.273796 329
0 4 27 32.3226 -3 0 0 90
0 4 28 32.3226 -3 0 0 82
0 4 29 22.2061 132.189 20 0.305638 209
0 4 30 32.3226 -3 0 0 110
0 4 31 32.3226 -3 0 0 100
0 4 32 32.3226 -3 0 0 91
0 4 33 32.3226 -3 0 0 86
0 4 34 28 -2 0 0 260
0 4 35 32.3226 -3 0 0 95
0 4 36 32.3226 -3 0 0 92
0 4 37 32.3226 -3 0 0 142
0 4 38 32.3226 -3 0 0 65
0 4 39 32.3226 -3 0 0 114
0 4 40 32.3226 -3 0 0 126
0 4 41 32.3226 -3 0 0 86
0 4 42 32.3226 -3 0 0 125
0 4 43 29.6499 25.6007 19.2902 0.324319 218
0 4 44 32.3226 -3 0 0 93
0 4 45 32.3226 -3 0 0 89
0 4 46 32.2253 14.0563 20 0.327879 248
0 4 47 32.3226 -3 0 0 55
0 4 48 32.3226 -3 0 0 107
0 4 49 32.3226 -3 0 0 148
0 4 50 32.3226 -3 0 0 89
0 4 51 32.3226 -3 0 0 146
0 4 52 32.3226 -3 0 0 178
0 4 53 32.3226 -3 0 0 67
0 4 54 32.3226 -3 0 0 95
0 4 55 32.3226 -3 0 0 187
0 4 56 32.3226 -3 0 0 138
0 4 57 32.3226 -3 0 0 137
0 4 58 32.3226 -3 0 0 135
0 4 59 29.018 17.2986 20 0.345545 231
0 4 60 32.3226 -3 0 0 92
0 4 61 32.3226 -3 0 0 184
0 4 62 33.5818 14.9824 19.6 0.329546 221
0 4 63 32.3226 -3 0 0 150
0 5 0 34.6651 -3 0 0 184
0 5 1 25 -2 0 0 201
0 5 2 26 -2 0 0 222
0 5 3 23 -2 0 0 362
0 5 4 23 -2 0 0 301
0 5 5 32.9377 11.4723 19.9408 0.396371 272
0 5 6 35.304 3.88572 11.1567 0.349711 231
0 5 7 25 -2 0 0 348
0 5 8 35.6925 10.7844 20 0.426218 247
0 5 9 26.0583 18.4218 20 0.543409 283
0 5 10 25.3662 14.4918 20 0.457782 258
0 5 11 24 -2 0 0 310
0 5 12 31.6675 3.3667 8.43929 0.421283 296
0 5 13 30.7206 2.18096 6.04474 0.548248 439
0 5 14 34.6651 -3 0 0 198
0 5 15 25 -2 0 0 400
0 5 16 34.343 2.85038 8.23756 0.43883 311
0 5 17 25 -2 0 0 274
0 5 18 30.0197 1.77048 5.82345 0.379751 403
0 5 19 30.9502 1.34483 5.35996 0.296745 464
0 5 20 34.8735 3.66031 11.4305 0.408945 391
0 5 21 23 -2 0 0 273
0 5 22 31.2143 1.88001 7.8839 0.32437 357
0 5 23 26 -2 0 0 320
0 5 24 34.6651 -3 0 0 187
0 5 25 28.871 5.2744 10.7003 0.460577 551
0 5 26 33.9601 2.89485 8.93125 0.376469 245
0 5 27 27 -2 0 0 521
0 5 28 29.6733 1.70835 5.47767 0.38705 532
0 5 29 32.2322 13.5373 20 0.41153 233
0 5 30 30 -2 0 0 453
0 5 31 25 -2 0 0 721
0 5 32 32.3154 1.89429 5.81429 0.493971 609
0 5 33 25 -2 0 0 665
0 5 34 26 -2 0 0 282
0 5 35 32.0242 1.48764 6.83046 0.364759 978
0 5 36 26 -2 0 0 566
0 5 37 34.8569 4.2441 13.4678 0.482621 401
0 5 38 24 -2 0 0 1094
0 5 39 26 -2 0 0 1594
0 5 40 26 -2 0 0 472
0 5 41 27 -2 0 0 779
0 5 42 32.3607 2.04967 6.98277 0.469555 495
0 5 43 33.3182 2.61021 8.00717 0.300945 347
0 5 44 24 -2 0 0 1081
0 5 45 47.7238 2.74644 12.9235 0.462166 658
0 5 46 29.0523 1.18724 3.85164 0.298617 307
0 5 47 26 -2 0 0 1420
0 5 48 27 -2 0 0 738
0 5 49 28.8301 1.57124 5.20566 0.463514 403
0 5 50 34.5864 1.65738 7.88153 0.452844 1136
0 5 51 30.0168 1.21974 5.11357 0.287719 568
0 5 52 26 -2 0 0 337
0 5 53 27 -2 0 0 1484
0 5 54 37.4525 2.39618 11.0021 0.669432 962
0 5 55 26.274 1.29705 4.95646 0.278843 441
0 5 56 25 -2 0 0 1043
0 5 57 30.7118 1.48184 5.97684 0.529741 736
0 5 58 30 -2 0 0 636
0 5 59 30 -2 0 0 354
0 5 60 25 -2 0 0 1875
0 5 61 31.7177 1.68287 6.2769 0.424752 435
0 5 62 34.3379 3.2979 9.14768 0.368623 327
0 5 63 25 -2 0 0 442
0 6 0 30.4609 -3 0 0 183
0 6 1 30.4609 -3 0 0 133
0 6 2 30.4609 -3 0 0 141
0 6 3 30.4609 -3 0 0 72
0 6 4 30.4609 -3 0 0 66
0 6 5 30.4609 -3 0 0 100
0 6 6 30.4609 -3 0 0 135
0 6 7 30.4609 -3 0 0 46
0 6 8 30.4609 -3 0 0 101
0 6 9 30.4609 -3 0 0 107
0 6 10 30.4609 -3 0 0 75
0 6 11 30.4609 -3 0 0 58
0 6 12 30.4609 -3 0 0 87
0 6 13 30.4609 -3 0 0 54
0 6 14 30.4609 -3 0 0 119
0 6 15 30.4609 -3 0 0 59
0 6 16 30.4609 -3 0 0 65
0 6 17 30.4609 -3 0 0 98
0 6 18 30.4609 -3 0 0 74
0 6 19 30.4609 -3 0 0 46
0 6 20 30.4609 -3 0 0 68
0 6 21 30.4609 -3 0 0 94
0 6 22 30.4609 -3 0 0 62
0 6 23 30.4609 -3 0 0 77
0 6 24 30.4609 -3 0 0 103
0 6 25 30.4609 -3 0 0 48
0 6 26 30.4609 -3 0 0 129
0 6 27 30.4609 -3 0 0 59
0 6 28 30.4609 -3 0 0 46
0 6 29 30.4609 -3 0 0 71
0 6 30 30.4609 -3 0 0 51
0 6 31 30.4609 -3 0 0 43
0 6 32 30.4609 -3 0 0 58
0 6 33 30.4609 -3 0 0 33
0 6 34 30.4609 -3 0 0 96
0 6 35 30.4609 -3 0 0 46
0 6 36 30.4609 -3 0 0 53
0 6 37 30.4609 -3 0 0 65
0 6 38 30.4609 -3 0 0 45
0 6 39 30.4609 -3 0 0 34
0 6 40 30.4609 -3 0 0 49
0 6 41 30.4609 -3 0 0 44
0 6 42 30.4609 -3 0 0 43
0 6 43 30.4609 -3 0 0 71
0 6 44 30.4609 -3 0 0 37
0 6 45 30.4609 -3 0 0 56
0 6 46 30.4609 -3 0 0 79
0 6 47 30.4609 -3 0 0 30
0 6 48 30.4609 -3 0 0 38
0 6 49 30.4609 -3 0 0 43
0 6 50 30.4609 -3 0 0 33
0 6 51 30.4609 -3 0 0 44
0 6 52 30.4609 -3 0 0 51
0 6 53 30.4609 -3 0 0 39
0 6 54 30.4609 -3 0 0 51
0 6 55 30.4609 -3 0 0 58
0 6 56 30.4609 -3 0 0 37
0 6 57 30.4609 -3 0 0 48
0 6 58 30.4609 -3 0 0 41
0 6 59 30.4609 -3 0 0 73
0 6 60 30.4609 -3 0 0 51
0 6 61 30.4609 -3 0 0 56
0 6 62 30.4609 -3 0 0 67
0 6 63 30.4609 -3 0 0 42
0 7 0 30.2038 -3 0 0 66
0 7 1 30.2038 -3 0 0 73
0 7 2 30.2038 -3 0 0 54
0 7 3 30.2038 -3 0 0 56
0 7 4 30.2038 -3 0 0 65
0 7 5 30.2038 -3 0 0 82
0 7 6 30.2038 -3 0 0 62
0 7 7 30.2038 -3 0 0 53
0 7 8 30.2038 -3 0 0 46
0 7 9 30.2038 -3 0 0 48
0 7 10 30.2038 -3 0 0 53
0 7 11 30.2038 -3 0 0 78
0 7 12 30.2038 -3 0 0 56
0 7 13 30.2038 -3 0 0 85
0 7 14 30.2038 -3 0 0 51
0 7 15 30.2038 -3 0 0 82
0 7 16 30.2038 -3 0 0 55
0 7 17 30.2038 -3 0 0 70
0 7 18 30.2038 -3 0 0 71
0 7 19 30.2038 -3 0 0 88
0 7 20 30.2038 -3 0 0 95
0 7 21 30.2038 -3 0 0 63
0 7 22 30.2038 -3 0 0 69
0 7 23 30.2038 -3 0 0 76
0 7 24 30.2038 -3 0 0 66
0 7 25 30.2038 -3 0 0 91
0 7 26 30.2038 -3 0 0 71
0 7 27 30.2038 -3 0 0 96
0 7 28 30.2038 -3 0 0 74
0 7 29 30.2038 -3 0 0 75
0 7 30 30.2038 -3 0 0 89
0 7 31 30.2038 -3 0 0 113
0 7 32 30.2038 -3 0 0 111
0 7 33 30.2038 -3 0 0 103
0 7 34 30.2038 -3 0 0 100
0 7 35 30.2038 -3 0 0 137
0 7 36 30.2038 -3 0 0 118
0 7 37 30.2038 -3 0 0 116
0 7 38 30.2038 -3 0 0 167
0 7 39 27 -2 0 0 277
0 7 40 30.2038 -3 0 0 105
0 7 41 30.2038 -3 0 0 129
0 7 42 30.2038 -3 0 0 143
0 7 43 30.2038 -3 0 0 91
0 7 44 24 -2 0 0 203
0 7 45 30.2038 -3 0 0 154
0 7 46 30.2038 -3 0 0 87
0 7 47 30.92 1.67213 5.2178 0.329794 343
0 7 48 30.2038 -3 0 0 119
0 7 49 30.2038 -3 0 0 109
0 7 50 30.2038 -3 0 0 178
0 7 51 25 -2 0 0 204
0 7 52 30.2038 -3 0 0 109
0 7 53 24 -2 0 0 274
0 7 54 28.5056 2.16312 5.15709 0.32307 204
0 7 55 30.2038 -3 0 0 170
0 7 56 24 -2 0 0 225
0 7 57 24.2477 17.4456 20 0.291976 241
0 7 58 30.2038 -3 0 0 155
0 7 59 30.2038 -3 0 0 108
0 7 60 24 -2 0 0 271
0 7 61 30.2038 -3 0 0 168
0 7 62 30.2038 -3 0 0 144
0 7 63 30.2038 -3 0 0 196
0 8 0 29.2463 -3 0 0 47
0 8 1 29.2463 -3 0 0 57
0 8 2 29.2463 -3 0 0 52
0 8 3 29.2463 -3 0 0 78
0 8 4 29.2463 -3 0 0 78
0 8 5 29.2463 -3 0 0 57
0 8 6 29.2463 -3 0 0 56
0 8 7 29.2463 -3 0 0 82
0 8 8 29.2463 -3 0 0 50
0 8 9 29.2463 -3 0 0 76
0 8 10 29.2463 -3 0 0 31
0 8 11 29.2463 -3 0 0 54
0 8 12 29.2463 -3 0 0 11
0 8 13 29.2463 -3 0 0 96
0 8 14 29.2463 -3 0 0 67
0 8 15 29.2463 -3 0 0 71
0 8 16 29.2463 -3 0 0 67
0 8 17 29.2463 -3 0 0 71
0 8 18 29.2463 -3 0 0 61
0 8 19 29.2463 -3 0 0 114
0 8 20 29.2463 -3 0 0 72
0 8 21 29.2463 -3 0 0 63
0 8 22 29.2463 -3 0 0 70
0 8 23 29.2463 -3 0 0 71
0 8 24 29.2463 -3 0 0 71
0 8 25 29.2463 -3 0 0 128
0 8 26 29.2463 -3 0 0 80
0 8 27 29.2463 -3 0 0 84
0 8 28 29.2463 -3 0 0 98
0 8 29 29.2463 -3 0 0 85
0 8 30 29.2463 -3 0 0 76
0 8 31 29.2463 -3 0 0 136
0 8 32 29.2463 -3 0 0 106
0 8 33 29.2463 -3 0 0 124
0 8 34 29.2463 -3 0 0 86
0 8 35 29.2463 -3 0 0 180
0 8 36 29.2463 -3 0 0 83
0 8 37 29.2463 -3 0 0 70
0 8 38 25 -2 0 0 231
0 8 39 29.2463 -3 0 0 169
0 8 40 29.2463 -3 0 0 69
0 8 41 29.2463 -3 0 0 136
0 8 42 29.2463 -3 0 0 86
0 8 43 29.2463 -3 0 0 74
0 8 44 29.2463 -3 0 0 133
0 8 45 29.2463 -3 0 0 137
0 8 46 29.2463 -3 0 0 76
0 8 47 32.741 10.3724 20 0.365562 318
0 8 48 29.2463 -3 0 0 96
0 8 49 29.2463 -3 0 0 67
0 8 50 29.2463 -3 0 0 176
0 8 51 29.2463 -3 0 0 134
0 8 52 29.2463 -3 0 0 68
0 8 53 24 -2 0 0 215
0 8 54 29.2463 -3 0 0 152
0 8 55 29.2463 -3 0 0 110
0 8 56 29.2463 -3 0 0 158
0 8 57 29.2463 -3 0 0 166
0 8 58 29.2463 -3 0 0 121
0 8 59 29.2463 -3 0 0 79
0 8 60 29.2463 -3 0 0 184
0 8 61 29.2463 -3 0 0 109
0 8 62 29.2463 -3 0 0 100
0 8 63 29.2463 -3 0 0 113
0 9 0 30.7483 -3 0 0 83
0 9 1 30.7483 -3 0 0 80
0 9 2 30.7483 -3 0 0 66
0 9 3 30.7483 -3 0 0 33
0 9 4 30.7483 -3 0 0 37
0 9 5 30.7483 -3 0 0 37
0 9 6 30.7483 -3 0 0 62
0 9 7 30.7483 -3 0 0 35
0 9 8 30.7483 -3 0 0 50
0 9 9 30.7483 -3 0 0 42
0 9 10 30.7483 -3 0 0 31
0 9 11 30.7483 -3 0 0 29
0 9 12 30.7483 -3 0 0 40
0 9 13 30.7483 -3 0 0 19
0 9 14 30.7483 -3 0 0 67
0 9 15 30.7483 -3 0 0 35
0 9 16 30.7483 -3 0 0 30
0 9 17 30.7483 -3 0 0 48
0 9 18 30.7483 -3 0 0 36
0 9 19 30.7483 -3 0 0 25
0 9 20 30.7483 -3 0 0 29
0 9 21 30.7483 -3 0 0 47
0 9 22 30.7483 -3 0 0 34
0 9 23 30.7483 -3 0 0 41
0 9 24 30.7483 -3 0 0 69
0 9 25 30.7483 -3 0 0 26
0 9 26 30.7483 -3 0 0 58
0 9 27 30.7483 -3 0 0 23
0 9 28 30.7483 -3 0 0 38
0 9 29 30.7483 -3 0 0 27
0 9 30 30.7483 -3 0 0 19
0 9 31 30.7483 -3 0 0 17
0 9 32 30.7483 -3 0 0 27
0 9 33 30.7483 -3 0 0 18
0 9 34 30.7483 -3 0 0 49
0 9 35 30.7483 -3 0 0 28
0 9 36 30.7483 -3 0 0 24
0 9 37 30.7483 -3 0 0 33
0 9 38 30.7483 -3 0 0 23
0 9 39 30.7483 -3 0 0 16
0 9 40 30.7483 -3 0 0 21
0 9 41 30.7483 -3 0 0 24
0 9 42 30.7483 -3 0 0 28
0 9 43 30.7483 -3 0 0 45
0 9 44 30.7483 -3 0 0 13
0 9 45 30.7483 -3 0 0 13
0 9 46 30.7483 -3 0 0 50
0 9 47 30.7483 -3 0 0 14
0 9 48 30.7483 -3 0 0 6
0 9 49 30.7483 -3 0 0 30
0 9 50 30.7483 -3 0 0 26
0 9 51 30.7483 -3 0 0 21
0 9 52 30.7483 -3 0 0 32
0 9 53 30.7483 -3 0 0 10
0 9 54 30.7483 -3 0 0 29
0 9 55 30.7483 -3 0 0 33
0 9 56 30.7483 -3 0 0 36
0 9 57 30.7483 -3 0 0 27
0 9 58 30.7483 -3 0 0 29
0 9 59 30.7483 -3 0 0 48
0 9 60 30.7483 -3 0 0 15
0 9 61 30.7483 -3 0 0 27
0 9 62 30.7483 -3 0 0 26
0 9 63 30.7483 -3 0 0 27
0 10 0 33.4038 -3 0 0 107
0 10 1 33.4038 -3 0 0 107
0 10 2 33.4038 -3 0 0 169
0 10 3 28.3217 19.2641 20 0.383693 266
0 10 4 33.4038 -3 0 0 162
0 10 5 33.4038 -3 0 0 142
0 10 6 33.4038 -3 0 0 125
0 10 7 35.2551 2.26678 8.45328 0.35236 410
0 10 8 33.4038 -3 0 0 148
0 10 9 33.4038 -3 0 0 177
0 10 10 25 -2 0 0 222
0 10 11 33.4038 -3 0 0 158
0 10 12 33.4038 -3 0 0 192
0 10 13 28 -2 0 0 333
0 10 14 33.4038 -3 0 0 116
0 10 15 28 -2 0 0 263
0 10 16 33.8097 5.4137 10.6475 0.370399 334
0 10 17 33.4038 -3 0 0 126
0 10 18 33.4008 13.5486 20 0.341614 204
0 10 19 27 -2 0 0 452
0 10 20 33.4038 -3 0 0 161
0 10 21 33.4038 -3 0 0 166
0 10 22 34.9105 5.04361 9.76956 0.355236 222
0 10 23 33.4038 -3 0 0 143
0 10 24 33.4038 -3 0 0 118
0 10 25 39.0636 4.5734 14.0017 0.626013 537
0 10 26 33.4038 -3 0 0 127
0 10 27 30 -2 0 0 268
0 10 28 29 -2 0 0 361
0 10 29 33.4038 -3 0 0 141
0 10 30 33.4038 -3 0 0 195
0 10 31 34.8064 2.05286 6.50825 0.400625 670
0 10 32 27.8983 6.45434 15.8164 0.424403 428
0 10 33 28 -2 0 0 294
0 10 34 33.4038 -3 0 0 126
0 10 35 34.7761 1.97955 6.58529 0.276731 816
0 10 36 35.4108 8.14121 17.1885 0.35456 253
0 10 37 33.4038 -3 0 0 136
0 10 38 33.2226 1.33645 5.79767 0.330884 926
0 10 39 26 -2 0 0 434
0 10 40 30.4535 25.7445 19.1912 0.423482 209
0 10 41 25 -2 0 0 453
0 10 42 27 -2 0 0 262
0 10 43 33.4038 -3 0 0 171
0 10 44 31.6446 2.30827 6.86539 0.410411 576
0 10 45 26 -2 0 0 341
0 10 46 33.4038 -3 0 0 135
0 10 47 33.9247 1.55625 7.09335 0.290333 1190
0 10 48 27 -2 0 0 282
0 10 49 43.1402 7.90302 20 0.356005 205
0 10 50 31.8052 1.93659 6.17851 0.383859 437
0 10 51 33.4038 -3 0 0 184
0 10 52 33.4038 -3 0 0 186
0 10 53 23.0817 15.2516 20 0.67679 663
0 10 54 29.8201 1.67791 5.00132 0.371886 361
0 10 55 33.4038 -3 0 0 167
0 10 56 35.5688 4.58332 14.1624 0.3766 258
0 10 57 27 -2 0 0 235
0 10 58 25 -2 0 0 275
0 10 59 33.4038 -3 0 0 116
0 10 60 31.8127 1.07272 4.24498 0.534287 458
0 10 61 33.4038 -3 0 0 198
0 10 62 33.4038 -3 0 0 176
0 10 63 33.4038 -3 0 0 199
0 11 0 29.3127 -3 0 0 162
0 11 1 29.3127 -3 0 0 127
0 11 2 29.3127 -3 0 0 119
0 11 3 29.3127 -3 0 0 62
0 11 4 29.3127 -3 0 0 96
0 11 5 29.3127 -3 0 0 100
0 11 6 29.3127 -3 0 0 99
0 11 7 29.3127 -3 0 0 49
0 11 8 29.3127 -3 0 0 106
0 11 9 29.3127 -3 0 0 70
0 11 10 29.3127 -3 0 0 56
0 11 11 29.3127 -3 0 0 104
0 11 12 29.3127 -3 0 0 70
0 11 13 29.3127 -3 0 0 50
0 11 14 29.3127 -3 0 0 159
0 11 15 29.3127 -3 0 0 55
0 11 16 29.3127 -3 0 0 54
0 11 17 29.3127 -3 0 0 104
0 11 18 29.3127 -3 0 0 69
0 11 19 29.3127 -3 0 0 61
0 11 20 29.3127 -3 0 0 70
0 11 21 29.3127 -3 0 0 94
0 11 22 29.3127 -3 0 0 54
0 11 23 29.3127 -3 0 0 105
0 11 24 29.3127 -3 0 0 133
0 11 25 29.3127 -3 0 0 52
0 11 26 29.3127 -3 0 0 143
0 11 27 29.3127 -3 0 0 57
0 11 28 29.3127 -3 0 0 57
0 11 29 29.3127 -3 0 0 112
0 11 30 29.3127 -3 0 0 59
0 11 31 29.3127 -3 0 0 40
0 11 32 29.3127 -3 0 0 54
0 11 33 29.3127 -3 0 0 64
0 11 34 29.3127 -3 0 0 182
0 11 35 29.3127 -3 0 0 48
0 11 36 29.3127 -3 0 0 76
0 11 37 29.3127 -3 0 0 81
0 11 38 29.3127 -3 0 0 47
0 11 39 29.3127 -3 0 0 52
0 11 40 29.3127 -3 0 0 75
0 11 41 29.3127 -3 0 0 29
0 11 42 29.3127 -3 0 0 58
0 11 43 29.3127 -3 0 0 111
0 11 44 29.3127 -3 0 0 37
0 11 45 29.3127 -3 0 0 67
0 11 46 29.3127 -3 0 0 121
0 11 47 29.3127 -3 0 0 37
0 11 48 29.3127 -3 0 0 72
0 11 49 29.3127 -3 0 0 102
0 11 50 29.3127 -3 0 0 46
0 11 51 29.3127 -3 0 0 108
0 11 52 29.3127 -3 0 0 115
0 11 53 29.3127 -3 0 0 32
0 11 54 29.3127 -3 0 0 58
0 11 55 29.3127 -3 0 0 93
0 11 56 29.3127 -3 0 0 79
0 11 57 29.3127 -3 0 0 80
0 11 58 29.3127 -3 0 0 91
0 11 59 29.3127 -3 0 0 112
0 11 60 29.3127 -3 0 0 57
0 11 61 29.3127 -3 0 0 102
0 11 62 29.3127 -3 0 0 120
0 11 63 29.3127 -3 0 0 96
0 12 0 28.5682 14.5278 20 0.3421 260
0 12 1 27.2492 2.44538 5.83527 0.294488 262
0 12 2 26.9254 1.8246 4.67496 0.39482 313
0 12 3 22 -2 0 0 543
0 12 4 24 -2 0 0 231
0 12 5 31.1944 1.92207 6.44452 0.304089 372
0 12 6 25 -2 0 0 375
0 12 7 28.9751 1.51334 5.32934 0.438009 1109
0 12 8 25.2475 16.8464 20 0.404259 279
0 12 9 23 -2 0 0 597
0 12 10 29.6913 1.57135 5.44025 0.420972 882
0 12 11 26 -2 0 0 261
0 12 12 31.6802 9.03925 17.0228 0.495281 417
0 12 13 30.1581 1.96834 4.49845 0.4754 530
0 12 14 30.3942 -3 0 0 191
0 12 15 31.1422 1.65961 5.95333 0.311768 450
0 12 16 33.0315 1.54485 6.91008 0.32583 1319
0 12 17 30.3942 -3 0 0 197
0 12 18 21.312 28.5906 13.5215 0.413573 403
0 12 19 31.1325 1.89365 6.88143 0.340128 858
0 12 20 31.3121 10.7114 19.9765 0.376788 259
0 12 21 31.813 1.983 6.15095 0.258725 509
0 12 22 25 -2 0 0 624
0 12 23 30.3942 -3 0 0 193
0 12 24 25 -2 0 0 241
0 12 25 33.0366 2.4234 7.6032 0.425514 803
0 12 26 30.3942 -3 0 0 171
0 12 27 35.3455 3.27844 8.74936 0.379853 357
0 12 28 27.922 1.86393 5.04875 0.499576 517
0 12 29 30.3942 -3 0 0 171
0 12 30 26 -2 0 0 313
0 12 31 30.1838 1.60585 6.47416 0.386747 645
0 12 32 28.0529 1.14565 3.84691 0.39453 459
0 12 33 25 -2 0 0 345
0 12 34 30.3942 -3 0 0 151
0 12 35 31.6415 2.24791 5.53529 0.37245 476
0 12 36 34.5908 7.56552 15.6023 0.382532 212
0 12 37 30.3942 -3 0 0 190
0 12 38 22.48 21.1969 8.12272 0.375235 420
0 12 39 30.3942 -3 0 0 172
0 12 40 24 -2 0 0 215
0 12 41 30.7479 2.6455 8.56842 0.366836 357
0 12 42 30.3942 -3 0 0 183
0 12 43 30.3942 -3 0 0 161
0 12 44 24 -2 0 0 321
0 12 45 24 -2 0 0 293
0 12 46 30.3942 -3 0 0 145
0 12 47 26 -2 0 0 362
0 12 48 26 -2 0 0 243
0 12 49 30.3942 -3 0 0 161
0 12 50 30.5888 2.28089 6.54893 0.284456 256
0 12 51 30.3942 -3 0 0 103
0 12 52 30.3942 -3 0 0 134
0 12 53 23 -2 0 0 265
0 12 54 30.3942 -3 0 0 193
0 12 55 30.3942 -3 0 0 150
0 12 56 30.3942 -3 0 0 176
0 12 57 30.3942 -3 0 0 168
0 12 58 30.3942 -3 0 0 170
0 12 59 30.3942 -3 0 0 126
0 12 60 22 -2 0 0 209
0 12 61 30.3942 -3 0 0 122
0 12 62 30.3942 -3 0 0 115
0 12 63 30.3942 -3 0 0 141
0 13 0 31.6517 -3 0 0 94
0 13 1 31.6517 -3 0 0 67
0 13 2 31.6517 -3 0 0 84
0 13 3 31.6517 -3 0 0 42
0 13 4 31.6517 -3 0 0 73
0 13 5 31.6517 -3 0 0 66
0 13 6 31.6517 -3 0 0 62
0 13 7 31.6517 -3 0 0 33
0 13 8 31.6517 -3 0 0 63
0 13 9 31.6517 -3 0 0 46
0 13 10 31.6517 -3 0 0 51
0 13 11 31.6517 -3 0 0 72
0 13 12 31.6517 -3 0 0 35
0 13 13 31.6517 -3 0 0 37
0 13 14 31.6517 -3 0 0 102
0 13 15 31.6517 -3 0 0 58
0 13 16 31.6517 -3 0 0 48
0 13 17 31.6517 -3 0 0 82
0 13 18 31.6517 -3 0 0 56
0 13 19 31.6517 -3 0 0 33
0 13 20 31.6517 -3 0 0 53
0 13 21 31.6517 -3 0 0 70
0 13 22 31.6517 -3 0 0 47
0 13 23 31.6517 -3 0 0 70
0 13 24 31.6517 -3 0 0 100
0 13 25 31.6517 -3 0 0 38
0 13 26 31.6517 -3 0 0 88
0 13 27 31.6517 -3 0 0 55
0 13 28 31.6517 -3 0 0 53
0 13 29 31.6517 -3 0 0 78
0 13 30 31.6517 -3 0 0 44
0 13 31 31.6517 -3 0 0 47
0 13 32 31.6517 -3 0 0 36
0 13 33 31.6517 -3 0 0 39
0 13 34 31.6517 -3 0 0 100
0 13 35 31.6517 -3 0 0 37
0 13 36 31.6517 -3 0 0 38
0 13 37 31.6517 -3 0 0 67
0 13 38 31.6517 -3 0 0 66
0 13 39 31.6517 -3 0 0 104
0 13 40 31.6517 -3 0 0 62
0 13 41 31.6517 -3 0 0 38
0 13 42 31.6517 -3 0 0 92
0 13 43 31.6517 -3 0 0 88
0 13 44 31.6517 -3 0 0 47
0 13 45 31.6517 -3 0 0 59
0 13 46 31.6517 -3 0 0 123
0 13 47 31.6517 -3 0 0 52
0 13 48 31.6517 -3 0 0 66
0 13 49 31.6517 -3 0 0 79
0 13 50 31.6517 -3 0 0 57
0 13 51 31.6517 -3 0 0 122
0 13 52 31.6517 -3 0 0 100
0 13 53 31.6517 -3 0 0 57
0 13 54 31.6517 -3 0 0 60
0 13 55 31.6517 -3 0 0 110
0 13 56 31.6517 -3 0 0 109
0 13 57 31.6517 -3 0 0 94
0 13 58 31.6517 -3 0 0 82
0 13 59 31.6517 -3 0 0 109
0 13 60 31.6517 -3 0 0 55
0 13 61 31.6517 -3 0 0 170
0 13 62 31.6517 -3 0 0 139
0 13 63 31.6517 -3 0 0 87
0 14 0 29.9938 -3 0 0 82
0 14 1 29.9938 -3 0 0 101
0 14 2 29.9938 -3 0 0 125
0 14 3 29.9938 -3 0 0 120
0 14 4 29.9938 -3 0 0 89
0 14 5 29.9938 -3 0 0 109
0 14 6 29.9938 -3 0 0 150
0 14 7 29.9938 -3 0 0 194
0 14 8 29.9938 -3 0 0 99
0 14 9 30.177 15.1266 20 0.307977 213
0 14 10 29.9938 -3 0 0 199
0 14 11 29.9938 -3 0 0 86
0 14 12 29.9938 -3 0 0 126
0 14 13 29.9938 -3 0 0 131
0 14 14 29.9938 -3 0 0 64
0 14 15 29.9938 -3 0 0 127
0 14 16 26 -2 0 0 271
0 14 17 29.9938 -3 0 0 65
0 14 18 29.9938 -3 0 0 115
0 14 19 29.9938 -3 0 0 175
0 14 20 29.9938 -3 0 0 90
0 14 21 23 -2 0 0 215
0 14 22 29.9938 -3 0 0 149
0 14 23 29.9938 -3 0 0 72
0 14 24 29.9938 -3 0 0 93
0 14 25 29.9938 -3 0 0 135
0 14 26 29.9938 -3 0 0 66
0 14 27 29.9938 -3 0 0 90
0 14 28 29.9938 -3 0 0 121
0 14 29 29.9938 -3 0 0 70
0 14 30 29.9938 -3 0 0 72
0 14 31 29.9938 -3 0 0 117
0 14 32 29.9938 -3 0 0 72
0 14 33 29.9938 -3 0 0 42
0 14 34 29.9938 -3 0 0 68
0 14 35 29.9938 -3 0 0 90
0 14 36 29.9938 -3 0 0 21
0 14 37 29.9938 -3 0 0 52
0 14 38 29.9938 -3 0 0 77
0 14 39 29.9938 -3 0 0 56
0 14 40 29.9938 -3 0 0 85
0 14 41 29.9938 -3 0 0 71
0 14 42 29.9938 -3 0 0 72
0 14 43 29.9938 -3 0 0 61
0 14 44 29.9938 -3 0 0 61
0 14 45 29.9938 -3 0 0 56
0 14 46 29.9938 -3 0 0 48
0 14 47 29.9938 -3 0 0 48
0 14 48 29.9938 -3 0 0 60
0 14 49 29.9938 -3 0 0 47
0 14 50 29.9938 -3 0 0 66
0 14 51 29.9938 -3 0 0 47
0 14 52 29.9938 -3 0 0 45
0 14 53 29.9938 -3 0 0 49
0 14 54 29.9938 -3 0 0 62
0 14 55 29.9938 -3 0 0 49
0 14 56 29.9938 -3 0 0 46
0 14 57 29.9938 -3 0 0 51
0 14 58 29.9938 -3 0 0 46
0 14 59 29.9938 -3 0 0 43
0 14 60 29.9938 -3 0 0 52
0 14 61 29.9938 -3 0 0 38
0 14 62 29.9938 -3 0 0 71
0 14 63 29.9938 -3 0 0 48
0 15 0 27.4694 -3 0 0 52
0 15 1 27.4694 -3 0 0 35
0 15 2 27.4694 -3 0 0 29
0 15 3 27.4694 -3 0 0 16
0 15 4 27.4694 -3 0 0 81
0 15 5 27.4694 -3 0 0 32
0 15 6 27.4694 -3 0 0 12
0 15 7 27.4694 -3 0 0 37
0 15 8 27.4694 -3 0 0 34
0 15 9 0 -10 0 0 0
0 15 10 27.4694 -3 0 0 43
0 15 11 0 -10 0 0 0
0 15 12 27.4694 -3 0 0 18
0 15 13 27.4694 -3 0 0 30
0 15 14 0 -10 0 0 0
0 15 15 27.4694 -3 0 0 39
0 15 16 27.4694 -3 0 0 19
0 15 17 27.4694 -3 0 0 32
0 15 18 27.4694 -3 0 0 42
0 15 19 27.4694 -3 0 0 25
0 15 20 27.4694 -3 0 0 38
0 15 21 27.4694 -3 0 0 43
0 15 22 27.4694 -3 0 0 15
0 15 23 27.4694 -3 0 0 28
0 15 24 27.4694 -3 0 0 53
0 15 25 27.4694 -3 0 0 38
0 15 26 27.4694 -3 0 0 53
0 15 27 27.4694 -3 0 0 18
0 15 28 27.4694 -3 0 0 37
0 15 29 27.4694 -3 0 0 15
0 15 30 27.4694 -3 0 0 31
0 15 31 27.4694 -3 0 0 30
0 15 32 27.4694 -3 0 0 32
0 15 33 27.4694 -3 0 0 22
0 15 34 27.4694 -3 0 0 8
0 15 35 27.4694 -3 0 0 32
0 15 36 27.4694 -3 0 0 25
0 15 37 27.4694 -3 0 0 52
0 15 38 27.4694 -3 0 0 46
0 15 39 27.4694 -3 0 0 63
0 15 40 27.4694 -3 0 0 35
0 15 41 27.4694 -3 0 0 40
0 15 42 27.4694 -3 0 0 43
0 15 43 27.4694 -3 0 0 54
0 15 44 27.4694 -3 0 0 50
0 15 45 27.4694 -3 0 0 31
0 15 46 27.4694 -3 0 0 48
0 15 47 27.4694 -3 0 0 43
0 15 48 0 -10 0 0 0
0 15 49 27.4694 -3 0 0 25
0 15 50 27.4694 -3 0 0 51
0 15 51 27.4694 -3 0 0 95
0 15 52 27.4694 -3 0 0 75
0 15 53 27.4694 -3 0 0 44
0 15 54 27.4694 -3 0 0 43
0 15 55 27.4694 -3 0 0 74
0 15 56 27.4694 -3 0 0 72
0 15 57 27.4694 -3 0 0 88
0 15 58 27.4694 -3 0 0 48
0 15 59 27.4694 -3 0 0 68
0 15 60 27.4694 -3 0 0 64
0 15 61 27.4694 -3 0 0 119
0 15 62 27.4694 -3 0 0 79
0 15 63 27.4694 -3 0 0 72
1 0 0 30.7426 -3 0 0 74
1 0 1 30.7426 -3 0 0 66
1 0 2 30.7426 -3 0 0 58
1 0 3 30.7426 -3 0 0 50
1 0 4 30.7426 -3 0 0 58
1 0 5 30.7426 -3 0 0 53
1 0 6 30.7426 -3 0 0 59
1 0 7 30.7426 -3 0 0 51
1 0 8 30.7426 -3 0 0 47
1 0 9 30.7426 -3 0 0 43
1 0 10 30.7426 -3 0 0 46
1 0 11 30.7426 -3 0 0 82
1 0 12 30.7426 -3 0 0 46
1 0 13 30.7426 -3 0 0 49
1 0 14 30.7426 -3 0 0 67
1 0 15 30.7426 -3 0 0 52
1 0 16 30.7426 -3 0 0 42
1 0 17 30.7426 -3 0 0 86
1 0 18 30.7426 -3 0 0 50
1 0 19 30.7426 -3 0 0 54
1 0 20 30.7426 -3 0 0 69
1 0 21 30.7426 -3 0 0 59
1 0 22 30.7426 -3 0 0 36
1 0 23 30.7426 -3 0 0 73
1 0 24 30.7426 -3 0 0 66
1 0 25 30.7426 -3 0 0 51
1 0 26 30.7426 -3 0 0 92
1 0 27 30.7426 -3 0 0 54
1 0 28 30.7426 -3 0 0 52
1 0 29 30.7426 -3 0 0 101
1 0 30 30.7426 -3 0 0 48
1 0 31 30.7426 -3 0 0 74
1 0 32 30.7426 -3 0 0 67
1 0 33 30.7426 -3 0 0 66
1 0 34 30.7426 -3 0 0 132
1 0 35 30.7426 -3 0 0 67
1 0 36 30.7426 -3 0 0 55
1 0 37 0 -10 0 0 0
1 0 38 30.7426 -3 0 0 90
1 0 39 30.7426 -3 0 0 124
1 0 40 30.7426 -3 0 0 63
1 0 41 30.7426 -3 0 0 61
1 0 42 30.7426 -3 0 0 78
1 0 43 30.7426 -3 0 0 123
1 0 44 30.7426 -3 0 0 86
1 0 45 30.7426 -3 0 0 62
1 0 46 30.7426 -3 0 0 148
1 0 47 30.7426 -3 0 0 103
1 0 48 30.7426 -3 0 0 80
1 0 49 30.7426 -3 0 0 120
1 0 50 30.7426 -3 0 0 86
1 0 51 24 -2 0 0 246
1 0 52 30.7426 -3 0 0 139
1 0 53 30.7426 -3 0 0 103
1 0 54 30.7426 -3 0 0 94
1 0 55 30.7426 -3 0 0 133
1 0 56 30.7426 -3 0 0 146
1 0 57 30.7426 -3 0 0 171
1 0 58 30.7426 -3 0 0 114
1 0 59 30.7426 -3 0 0 167
1 0 60 30.7426 -3 0 0 129
1 0 61 30.8377 16.1874 20 0.316536 216
1 0 62 27.3903 15.4053 19.8808 0.304025 223
1 0 63 30.7426 -3 0 0 142
1 1 0 27.8833 1.81321 5.65993 0.264618 266
1 1 1 32.5643 3.49746 8.41726 0.326004 297
1 1 2 24 -2 0 0 325
1 1 3 31.2823 8.29427 15.6227 0.329612 218
1 1 4 30.7986 -3 0 0 164
1 1 5 30.7986 -3 0 0 184
1 1 6 30.2682 1.77757 6.2106 0.276255 355
1 1 7 25 -2 0 0 231
1 1 8 30.7986 -3 0 0 177
1 1 9 28.7333 2.8256 8.49572 0.24399 409
1 1 10 29.962 2.67121 6.05351 0.431466 407
1 1 11 30.7986 -3 0 0 175
1 1 12 30.7986 -3 0 0 194
1 1 13 30.7986 -3 0 0 182
1 1 14 30.7986 -3 0 0 167
1 1 15 30.7986 -3 0 0 166
1 1 16 33.5209 2.06711 8.75202 0.223355 429
1 1 17 30.7986 -3 0 0 170
1 1 18 30.7986 -3 0 0 171
1 1 19 30.7986 -3 0 0 182
1 1 20 30.7986 -3 0 0 31
1 1 21 30.8028 3.40295 5.97968 0.419901 365
1 1 22 35.5879 9.41869 20 0.347312 215
1 1 23 30.7986 -3 0 0 120
1 1 24 30.7986 -3 0 0 159
1 1 25 30.7986 -3 0 0 158
1 1 26 30.7986 -3 0 0 150
1 1 27 30.7986 -3 0 0 112
1 1 28 30.7986 -3 0 0 120
1 1 29 30.7986 -3 0 0 112
1 1 30 30.7986 -3 0 0 9
1 1 31 30.7986 -3 0 0 166
1 1 32 30.7986 -3 0 0 104
1 1 33 30.7986 -3 0 0 113
1 1 34 30.7986 -3 0 0 98
1 1 35 0 -10 0 0 0
1 1 36 30.7986 -3 0 0 77
1 1 37 0 -10 0 0 0
1 1 38 30.7986 -3 0 0 1
1 1 39 30.7986 -3 0 0 4
1 1 40 30.7986 -3 0 0 107
1 1 41 0 -10 0 0 0
1 1 42 0 -10 0 0 0
1 1 43 30.7986 -3 0 0 107
1 1 44 0 -10 0 0 0
1 1 45 30.7986 -3 0 0 88
1 1 46 30.7986 -3 0 0 116
1 1 47 0 -10 0 0 0
1 1 48 30.7986 -3 0 0 95
1 1 49 30.7986 -3 0 0 102
1 1 50 30.7986 -3 0 0 1
1 1 51 0 -10 0 0 0
1 1 52 30.7986 -3 0 0 71
1 1 53 0 -10 0 0 0
1 1 54 30.7986 -3 0 0 89
1 1 55 30.7986 -3 0 0 84
1 1 56 30.7986 -3 0 0 177
1 1 57 30.7986 -3 0 0 84
1 1 58 30.7986 -3 0 0 88
1 1 59 30.7986 -3 0 0 82
1 1 60 0 -10 0 0 0
1 1 61 30.7986 -3 0 0 71
1 1 62 30.7986 -3 0 0 70
1 1 63 30.7986 -3 0 0 68
1 2 0 26 -2 0 0 288
1 2 1 31.8218 8.41183 18.7437 0.319437 214
1 2 2 30.7304 -3 0 0 186
1 2 3 30.7304 -3 0 0 131
1 2 4 30.7304 -3 0 0 176
1 2 5 30.7304 -3 0 0 152
1 2 6 30.7304 -3 0 0 172
1 2 7 30.7304 -3 0 0 86
1 2 8 30.7304 -3 0 0 178
1 2 9 30.7304 -3 0 0 136
1 2 10 30.7304 -3 0 0 101
1 2 11 30.7304 -3 0 0 168
1 2 12 30.7304 -3 0 0 151
1 2 13 30.7304 -3 0 0 115
1 2 14 30.0649 1.76539 5.42546 0.366297 348
1 2 15 30.7304 -3 0 0 111
1 2 16 30.7304 -3 0 0 85
1 2 17 25 -2 0 0 237
1 2 18 30.7304 -3 0 0 119
1 2 19 30.7304 -3 0 0 101
1 2 20 30.7304 -3 0 0 177
1 2 21 30.7304 -3 0 0 133
1 2 22 30.7304 -3 0 0 73
1 2 23 25 -2 0 0 201
1 2 24 30.7304 -3 0 0 186
1 2 25 30.7304 -3 0 0 87
1 2 26 31.9036 1.4537 5.99468 0.327459 377
1 2 27 30.7304 -3 0 0 100
1 2 28 30.7304 -3 0 0 96
1 2 29 35.5313 11.7727 20 0.472326 271
1 2 30 30.7304 -3 0 0 118
1 2 31 30.7304 -3 0 0 93
1 2 32 30.7304 -3 0 0 129
1 2 33 30.7304 -3 0 0 122
1 2 34 29 -2 0 0 392
1 2 35 30.7304 -3 0 0 102
1 2 36 30.7304 -3 0 0 170
1 2 37 0 -10 0 0 0
1 2 38 30.7304 -3 0 0 137
1 2 39 26.8323 16.3504 20 0.352861 210
1 2 40 28 -2 0 0 205
1 2 41 30.7304 -3 0 0 130
1 2 42 30.7304 -3 0 0 198
1 2 43 28.8485 1.48736 4.36615 0.332635 336
1 2 44 30.7304 -3 0 0 129
1 2 45 30.7304 -3 0 0 130
1 2 46 32.3948 2.24906 6.30425 0.321472 423
1 2 47 30.7304 -3 0 0 105
1 2 48 30.7304 -3 0 0 167
1 2 49 27 -2 0 0 248
1 2 50 30.7304 -3 0 0 183
1 2 51 29.7429 1.57598 5.13813 0.308463 395
1 2 52 29.9149 2.06005 5.848 0.313088 406
1 2 53 30.7304 -3 0 0 139
1 2 54 30.7304 -3 0 0 170
1 2 55 26 -2 0 0 348
1 2 56 32.0394 6.04437 12.279 0.319803 223
1 2 57 34.1346 2.89265 9.85935 0.340523 322
1 2 58 30.1898 14.4825 20 0.366129 231
1 2 59 33.1018 2.27371 8.10033 0.324656 505
1 2 60 30.7304 -3 0 0 170
1 2 61 27.9771 1.76782 6.32327 0.442577 693
1 2 62 26.6512 1.60787 5.61985 0.296991 503
1 2 63 23 -2 0 0 288
1 3 0 20 -2 0 0 465
1 3 1 27.8265 1.2934 4.26122 0.462066 487
1 3 2 29.7004 1.61171 6.51124 0.468918 572
1 3 3 26.0911 0.925713 5.13727 0.341872 612
1 3 4 25.7113 1.79941 5.43249 0.349491 363
1 3 5 33.8366 7.35368 17.7785 0.669733 482
1 3 6 29.7023 1.27748 5.50441 0.4069 834
1 3 7 31.5456 2.93986 7.21306 0.794225 871
1 3 8 28.5049 2.64425 6.45397 0.507152 430
1 3 9 28.3113 1.4073 5.69763 0.542772 1166
1 3 10 28.7302 0.978655 5.52692 0.518394 1125
1 3 11 25 -2 0 0 293
1 3 12 25.0016 1.00926 4.06635 0.40552 598
1 3 13 26.8668 1.23371 4.77812 0.452928 583
1 3 14 26.015 2.54925 4.59615 0.404021 402
1 3 15 25.0241 1.26202 3.64086 0.35407 480
1 3 16 23 -2 0 0 1460
1 3 17 30.8365 4.07122 11.2314 0.546162 305
1 3 18 25.833 0.941078 3.41105 0.484409 451
1 3 19 25.1819 1.03331 5.85395 0.469347 727
1 3 20 31.7313 10.133 20 0.574857 287
1 3 21 29.3138 1.17692 5.71699 0.542766 951
1 3 22 28.1955 1.12262 4.63275 0.411423 599
1 3 23 30.2212 3.85642 12.6581 0.432921 284
1 3 24 25.4853 1.16441 3.54089 0.487011 410
1 3 25 25.4387 0.810809 3.37129 0.55915 618
1 3 26 30.5028 2.97624 7.18201 0.445318 291
1 3 27 29.2436 2.21635 9.35075 0.44569 387
1 3 28 25.1414 0.910516 4.81619 0.314453 460
1 3 29 33.2747 6.41187 15.1984 0.442201 244
1 3 30 30.0933 2.19349 5.89556 0.375916 314
1 3 31 30.3058 1.812 5.73187 0.585132 491
1 3 32 25.183 0.848574 3.69954 0.494719 419
1 3 33 26.5035 1.73123 6.73782 0.42047 302
1 3 34 26 -2 0 0 252
1 3 35 27.6661 1.00172 4.98899 0.401415 472
1 3 36 27.8377 1.07649 4.53139 0.383823 339
1 3 37 0 -10 0 0 0
1 3 38 27.0161 1.13716 4.45172 0.441325 416
1 3 39 32.3744 11.3005 18.9676 0.420872 239
1 3 40 25.4855 1.47876 4.04544 0.449721 252
1 3 41 26 -2 0 0 297
1 3 42 27.5403 1.6615 6.13543 0.379017 234
1 3 43 27 -2 0 0 219
1 3 44 27.4864 3.87475 8.41397 0.328297 297
1 3 45 25.5131 1.67223 4.42936 0.410881 352
1 3 46 27.7458 6.78074 14.211 0.431745 231
1 3 47 30.0737 5.51983 14.1068 0.438421 304
1 3 48 23 -2 0 0 247
1 3 49 20.3097 17.7858 14.637 0.360192 257
1 3 50 30.8065 3.42909 9.30361 0.43758 255
1 3 51 28.1167 -3 0 0 193
1 3 52 26.0161 1.60559 5.19018 0.39926 296
1 3 53 31.7768 4.59648 11.7121 0.52071 258
1 3 54 23 -2 0 0 279
1 3 55 30.2636 2.92723 8.08926 0.329256 206
1 3 56 24.8439 15.7378 20 0.418987 223
1 3 57 24.7769 6.09817 7.83514 0.324085 226
1 3 58 30.2337 4.45595 13.1386 0.479399 231
1 3 59 23 -2 0 0 239
1 3 60 22 -2 0 0 245
1 3 61 28.1167 -3 0 0 180
1 3 62 28.1167 -3 0 0 175
1 3 63 21 -2 0 0 221
1 4 0 36.1677 1.75734 6.35175 0.209526 625
1 4 1 31 -2 0 0 401
1 4 2 43.4291 9.27033 20 0.388559 292
1 4 3 34.913 -3 0 0 118
1 4 4 34.913 -3 0 0 152
1 4 5 34.913 -3 0 0 174
1 4 6 32.012 6.96153 11.8401 0.238493 280
1 4 7 34.913 -3 0 0 106
1 4 8 30 -2 0 0 232
1 4 9 34.913 -3 0 0 160
1 4 10 34.913 -3 0 0 140
1 4 11 26 -2 0 0 221
1 4 12 34.913 -3 0 0 142
1 4 13 34.913 -3 0 0 116
1 4 14 33.9998 1.73401 5.55501 0.317974 486
1 4 15 34.913 -3 0 0 120
1 4 16 34.913 -3 0 0 122
1 4 17 26 -2 0 0 277
1 4 18 34.913 -3 0 0 152
1 4 19 34.913 -3 0 0 94
1 4 20 34.913 -3 0 0 136
1 4 21 37.614 3.57498 9.78875 0.298951 236
1 4 22 34.913 -3 0 0 126
1 4 23 34.913 -3 0 0 176
1 4 24 35.099 3.17113 6.54442 0.375842 339
1 4 25 34.913 -3 0 0 82
1 4 26 33.3976 1.48554 4.82232 0.354124 366
1 4 27 34.913 -3 0 0 77
1 4 28 34.913 -3 0 0 95
1 4 29 40 -2 0 0 265
1 4 30 34.913 -3 0 0 108
1 4 31 34.913 -3 0 0 82
1 4 32 34.913 -3 0 0 93
1 4 33 34.913 -3 0 0 87
1 4 34 37.8751 8.40709 14.1094 0.412801 363
1 4 35 34.913 -3 0 0 91
1 4 36 34.913 -3 0 0 99
1 4 37 0 -10 0 0 0
1 4 38 34.913 -3 0 0 85
1 4 39 34.913 -3 0 0 120
1 4 40 34.913 -3 0 0 142
1 4 41 34.913 -3 0 0 73
1 4 42 34.913 -3 0 0 109
1 4 43 33.5443 15.0641 20 0.342491 233
1 4 44 34.913 -3 0 0 81
1 4 45 34.913 -3 0 0 108
1 4 46 27 -2 0 0 319
1 4 47 34.913 -3 0 0 69
1 4 48 34.913 -3 0 0 103
1 4 49 34.913 -3 0 0 172
1 4 50 34.913 -3 0 0 89
1 4 51 34.913 -3 0 0 143
1 4 52 34.913 -3 0 0 188
1 4 53 34.913 -3 0 0 68
1 4 54 34.913 -3 0 0 107
1 4 55 34.913 -3 0 0 173
1 4 56 34.913 -3 0 0 125
1 4 57 34.913 -3 0 0 138
1 4 58 34.913 -3 0 0 147
1 4 59 38.3959 3.5049 10.8987 0.311682 247
1 4 60 34.913 -3 0 0 123
1 4 61 34.913 -3 0 0 200
1 4 62 38.3552 4.52421 11.567 0.34969 234
1 4 63 34.913 -3 0 0 133
1 5 0 30.3246 -3 0 0 196
1 5 1 27 -2 0 0 207
1 5 2 30.9815 2.01494 5.47074 0.359139 227
1 5 3 25 -2 0 0 259
1 5 4 30.8195 2.13359 7.76532 0.230759 280
1 5 5 33.2053 4.79649 12.3675 0.390171 214
1 5 6 31.8393 3.43878 9.48724 0.446421 238
1 5 7 31.4801 1.99431 6.90934 0.332202 267
1 5 8 24 -2 0 0 245
1 5 9 26 -2 0 0 248
1 5 10 24 -2 0 0 241
1 5 11 31.2935 1.95459 6.48768 0.377432 244
1 5 12 28.8637 1.6021 5.94031 0.324379 214
1 5 13 31.1936 2.02878 5.31947 0.388624 318
1 5 14 30.3246 -3 0 0 180
1 5 15 30 -2 0 0 263
1 5 16 32.9997 8.17098 15.1998 0.432989 284
1 5 17 30.7727 3.71259 8.52496 0.367027 249
1 5 18 31.9783 3.12145 7.7742 0.388575 297
1 5 19 31.5801 1.61701 5.36092 0.36811 425
1 5 20 30.3407 1.67783 5.30208 0.384616 304
1 5 21 25 -2 0 0 243
1 5 22 29.2101 1.27883 4.61555 0.355221 252
1 5 23 31.9264 2.6296 6.41814 0.281263 291
1 5 24 30.3246 -3 0 0 168
1 5 25 30.2867 1.14119 5.50998 0.562289 453
1 5 26 30.994 3.11344 8.51575 0.31801 226
1 5 27 29.9971 1.83371 7.32306 0.450622 319
1 5 28 29.3379 4.35007 9.23403 0.417521 365
1 5 29 29.807 1.61361 5.97858 0.26972 281
1 5 30 31.2356 3.56569 6.84339 0.467248 311
1 5 31 28.6593 1.00558 5.19686 0.490564 739
1 5 32 30.4132 1.72111 5.15307 0.500288 410
1 5 33 30.8964 1.52806 6.3711 0.393064 442
1 5 34 26 -2 0 0 285
1 5 35 30.8646 1.02556 4.40454 0.531656 652
1 5 36 26.8797 1.01712 3.67606 0.420828 468
1 5 37 0 -10 0 0 0
1 5 38 30.738 1.21942 5.39937 0.544458 981
1 5 39 30.6016 1.13015 5.00581 0.47763 1181
1 5 40 28.9781 1.28036 4.42627 0.307242 392
1 5 41 28.6327 0.943222 4.51308 0.314235 544
1 5 42 28.1455 1.13386 4.38414 0.292195 405
1 5 43 30.9542 3.20962 6.65746 0.408993 271
1 5 44 29.5011 0.995669 4.70041 0.364439 648
1 5 45 31.187 1.80483 6.36946 0.355691 419
1 5 46 32.9959 3.20144 7.88454 0.383892 287
1 5 47 32.3699 1.14166 7.37971 0.261088 1693
1 5 48 28.1801 0.997939 4.5533 0.418233 398
1 5 49 28.4658 1.89152 4.63892 0.476113 296
1 5 50 26.9603 1.00376 4.99845 0.375405 767
1 5 51 30.7249 1.16864 5.54137 0.399507 568
1 5 52 27.1994 1.85581 7.43582 0.303876 292
1 5 53 29.0899 1.00912 6.14869 0.395772 1268
1 5 54 27.2665 1.10803 4.40584 0.38084 628
1 5 55 28.6566 1.2196 4.48121 0.390949 486
1 5 56 29.8172 1.07366 5.94269 0.342346 980
1 5 57 30.6322 1.51501 5.09784 0.606941 777
1 5 58 28.5918 1.37822 6.27298 0.382143 498
1 5 59 26.4353 4.48122 6.92982 0.295598 315
1 5 60 32.3675 1.29449 7.21638 0.41651 1331
1 5 61 28.9817 1.42541 5.42511 0.334548 562
1 5 62 28.8087 1.53896 6.04139 0.351969 379
1 5 63 28.4826 1.56366 5.52679 0.462396 438
1 6 0 27 -2 0 0 207
1 6 1 32.3001 -3 0 0 168
1 6 2 32.3001 -3 0 0 166
1 6 3 32.3001 -3 0 0 68
1 6 4 32.3001 -3 0 0 56
1 6 5 32.3001 -3 0 0 89
1 6 6 32.3001 -3 0 0 119
1 6 7 32.3001 -3 0 0 62
1 6 8 32.3001 -3 0 0 106
1 6 9 32.3001 -3 0 0 84
1 6 10 32.3001 -3 0 0 59
1 6 11 32.3001 -3 0 0 78
1 6 12 32.3001 -3 0 0 88
1 6 13 32.3001 -3 0 0 58
1 6 14 32.3001 -3 0 0 146
1 6 15 32.3001 -3 0 0 66
1 6 16 32.3001 -3 0 0 87
1 6 17 32.3001 -3 0 0 83
1 6 18 32.3001 -3 0 0 67
1 6 19 32.3001 -3 0 0 64
1 6 20 32.3001 -3 0 0 75
1 6 21 32.3001 -3 0 0 105
1 6 22 32.3001 -3 0 0 66
1 6 23 32.3001 -3 0 0 85
1 6 24 32.3001 -3 0 0 132
1 6 25 32.3001 -3 0 0 54
1 6 26 32.3001 -3 0 0 149
1 6 27 32.3001 -3 0 0 37
1 6 28 32.3001 -3 0 0 35
1 6 29 32.3001 -3 0 0 84
1 6 30 32.3001 -3 0 0 48
1 6 31 32.3001 -3 0 0 45
1 6 32 32.3001 -3 0 0 42
1 6 33 32.3001 -3 0 0 37
1 6 34 32.3001 -3 0 0 95
1 6 35 32.3001 -3 0 0 45
1 6 36 32.3001 -3 0 0 48
1 6 37 0 -10 0 0 0
1 6 38 32.3001 -3 0 0 33
1 6 39 32.3001 -3 0 0 32
1 6 40 32.3001 -3 0 0 51
1 6 41 32.3001 -3 0 0 43
1 6 42 32.3001 -3 0 0 54
1 6 43 32.3001 -3 0 0 81
1 6 44 32.3001 -3 0 0 38
1 6 45 32.3001 -3 0 0 34
1 6 46 32.3001 -3 0 0 92
1 6 47 32.3001 -3 0 0 35
1 6 48 32.3001 -3 0 0 30
1 6 49 32.3001 -3 0 0 47
1 6 50 32.3001 -3 0 0 49
1 6 51 32.3001 -3 0 0 40
1 6 52 32.3001 -3 0 0 62
1 6 53 32.3001 -3 0 0 27
1 6 54 32.3001 -3 0 0 58
1 6 55 32.3001 -3 0 0 60
1 6 56 32.3001 -3 0 0 41
1 6 57 32.3001 -3 0 0 45
1 6 58 32.3001 -3 0 0 32
1 6 59 32.3001 -3 0 0 57
1 6 60 32.3001 -3 0 0 24
1 6 61 32.3001 -3 0 0 49
1 6 62 32.3001 -3 0 0 53
1 6 63 32.3001 -3 0 0 47
1 7 0 35.1729 -3 0 0 43
1 7 1 35.1729 -3 0 0 35
1 7 2 35.1729 -3 0 0 40
1 7 3 35.1729 -3 0 0 64
1 7 4 35.1729 -3 0 0 56
1 7 5 35.1729 -3 0 0 69
1 7 6 35.1729 -3 0 0 53
1 7 7 35.1729 -3 0 0 55
1 7 8 35.1729 -3 0 0 54
1 7 9 35.1729 -3 0 0 39
1 7 10 35.1729 -3 0 0 40
1 7 11 35.1729 -3 0 0 80
1 7 12 35.1729 -3 0 0 52
1 7 13 35.1729 -3 0 0 69
1 7 14 35.1729 -3 0 0 59
1 7 15 35.1729 -3 0 0 70
1 7 16 35.1729 -3 0 0 51
1 7 17 35.1729 -3 0 0 67
1 7 18 35.1729 -3 0 0 85
1 7 19 35.1729 -3 0 0 94
1 7 20 35.1729 -3 0 0 87
1 7 21 35.1729 -3 0 0 45
1 7 22 35.1729 -3 0 0 69
1 7 23 35.1729 -3 0 0 71
1 7 24 35.1729 -3 0 0 70
1 7 25 35.1729 -3 0 0 88
1 7 26 35.1729 -3 0 0 67
1 7 27 35.1729 -3 0 0 75
1 7 28 35.1729 -3 0 0 71
1 7 29 35.1729 -3 0 0 74
1 7 30 35.1729 -3 0 0 79
1 7 31 35.1729 -3 0 0 101
1 7 32 35.1729 -3 0 0 95
1 7 33 35.1729 -3 0 0 107
1 7 34 35.1729 -3 0 0 79
1 7 35 35.1729 -3 0 0 142
1 7 36 35.1729 -3 0 0 113
1 7 37 0 -10 0 0 0
1 7 38 35.1729 -3 0 0 200
1 7 39 32.9225 2.76763 7.28619 0.362475 295
1 7 40 35.1729 -3 0 0 87
1 7 41 35.1729 -3 0 0 138
1 7 42 35.1729 -3 0 0 113
1 7 43 35.1729 -3 0 0 93
1 7 44 35.1729 -3 0 0 169
1 7 45 35.1729 -3 0 0 109
1 7 46 35.1729 -3 0 0 102
1 7 47 34.7799 1.62197 5.4584 0.332317 383
1 7 48 35.1729 -3 0 0 121
1 7 49 35.1729 -3 0 0 114
1 7 50 35.1729 -3 0 0 193
1 7 51 35.1729 -3 0 0 198
1 7 52 35.1729 -3 0 0 114
1 7 53 35.4256 3.20277 8.95621 0.305451 275
1 7 54 35.1729 -3 0 0 158
1 7 55 35.1729 -3 0 0 136
1 7 56 31.9081 3.47129 9.08485 0.363712 257
1 7 57 28 -2 0 0 255
1 7 58 35.1729 -3 0 0 147
1 7 59 35.1729 -3 0 0 111
1 7 60 36.6861 5.02753 13.4461 0.378008 280
1 7 61 35.1729 -3 0 0 190
1 7 62 35.1729 -3 0 0 132
1 7 63 35.1729 -3 0 0 132
1 8 0 35.1612 -3 0 0 45
1 8 1 35.1612 -3 0 0 56
1 8 2 35.1612 -3 0 0 56
1 8 3 35.1612 -3 0 0 93
1 8 4 35.1612 -3 0 0 71
1 8 5 35.1612 -3 0 0 50
1 8 6 35.1612 -3 0 0 48
1 8 7 35.1612 -3 0 0 76
1 8 8 35.1612 -3 0 0 46
1 8 9 35.1612 -3 0 0 60
1 8 10 35.1612 -3 0 0 66
1 8 11 35.1612 -3 0 0 70
1 8 12 35.1612 -3 0 0 54
1 8 13 35.1612 -3 0 0 113
1 8 14 35.1612 -3 0 0 50
1 8 15 35.1612 -3 0 0 84
1 8 16 35.1612 -3 0 0 79
1 8 17 35.1612 -3 0 0 59
1 8 18 35.1612 -3 0 0 71
1 8 19 35.1612 -3 0 0 101
1 8 20 35.1612 -3 0 0 89
1 8 21 35.1612 -3 0 0 61
1 8 22 35.1612 -3 0 0 64
1 8 23 35.1612 -3 0 0 74
1 8 24 35.1612 -3 0 0 38
1 8 25 35.1612 -3 0 0 115
1 8 26 35.1612 -3 0 0 58
1 8 27 35.1612 -3 0 0 78
1 8 28 35.1612 -3 0 0 103
1 8 29 35.1612 -3 0 0 72
1 8 30 35.1612 -3 0 0 81
1 8 31 35.1612 -3 0 0 165
1 8 32 35.1612 -3 0 0 105
1 8 33 35.1612 -3 0 0 116
1 8 34 35.1612 -3 0 0 81
1 8 35 35.1612 -3 0 0 156
1 8 36 35.1612 -3 0 0 81
1 8 37 0 -10 0 0 0
1 8 38 37.4241 3.37439 8.45437 0.322554 275
1 8 39 37.5546 11.0808 17.9912 0.327355 206
1 8 40 0 -10 0 0 0
1 8 41 35.1612 -3 0 0 149
1 8 42 35.1612 -3 0 0 94
1 8 43 35.1612 -3 0 0 84
1 8 44 35.1612 -3 0 0 161
1 8 45 35.1612 -3 0 0 122
1 8 46 35.1612 -3 0 0 67
1 8 47 34.2684 5.26391 11.2578 0.325782 441
1 8 48 35.1612 -3 0 0 96
1 8 49 35.1612 -3 0 0 114
1 8 50 35.1612 -3 0 0 144
1 8 51 35.1612 -3 0 0 108
1 8 52 35.1612 -3 0 0 99
1 8 53 35.5779 3.37259 8.69045 0.286793 256
1 8 54 35.1612 -3 0 0 129
1 8 55 35.1612 -3 0 0 102
1 8 56 35.1612 -3 0 0 167
1 8 57 35.1612 -3 0 0 144
1 8 58 35.1612 -3 0 0 97
1 8 59 35.1612 -3 0 0 77
1 8 60 25 -2 0 0 219
1 8 61 35.1612 -3 0 0 128
1 8 62 35.1612 -3 0 0 108
1 8 63 35.1612 -3 0 0 117
1 9 0 30.597 -3 0 0 112
1 9 1 30.597 -3 0 0 103
1 9 2 30.597 -3 0 0 81
1 9 3 30.597 -3 0 0 44
1 9 4 30.597 -3 0 0 41
1 9 5 30.597 -3 0 0 46
1 9 6 30.597 -3 0 0 68
1 9 7 30.597 -3 0 0 39
1 9 8 30.597 -3 0 0 49
1 9 9 30.597 -3 0 0 68
1 9 10 30.597 -3 0 0 28
1 9 11 30.597 -3 0 0 43
1 9 12 30.597 -3 0 0 36
1 9 13 30.597 -3 0 0 35
1 9 14 30.597 -3 0 0 106
1 9 15 30.597 -3 0 0 30
1 9 16 30.597 -3 0 0 34
1 9 17 30.597 -3 0 0 73
1 9 18 30.597 -3 0 0 36
1 9 19 30.597 -3 0 0 31
1 9 20 30.597 -3 0 0 34
1 9 21 30.597 -3 0 0 43
1 9 22 30.597 -3 0 0 14
1 9 23 30.597 -3 0 0 52
1 9 24 30.597 -3 0 0 92
1 9 25 30.597 -3 0 0 27
1 9 26 30.597 -3 0 0 57
1 9 27 30.597 -3 0 0 21
1 9 28 30.597 -3 0 0 23
1 9 29 30.597 -3 0 0 52
1 9 30 30.597 -3 0 0 3
1 9 31 30.597 -3 0 0 26
1 9 32 30.597 -3 0 0 18
1 9 33 30.597 -3 0 0 30
1 9 34 30.597 -3 0 0 72
1 9 35 30.597 -3 0 0 19
1 9 36 30.597 -3 0 0 23
1 9 37 0 -10 0 0 0
1 9 38 30.597 -3 0 0 27
1 9 39 30.597 -3 0 0 5
1 9 40 30.597 -3 0 0 26
1 9 41 30.597 -3 0 0 26
1 9 42 30.597 -3 0 0 25
1 9 43 30.597 -3 0 0 52
1 9 44 30.597 -3 0 0 18
1 9 45 30.597 -3 0 0 22
1 9 46 30.597 -3 0 0 45
1 9 47 30.597 -3 0 0 26
1 9 48 30.597 -3 0 0 21
1 9 49 30.597 -3 0 0 27
1 9 50 30.597 -3 0 0 23
1 9 51 30.597 -3 0 0 37
1 9 52 30.597 -3 0 0 50
1 9 53 30.597 -3 0 0 21
1 9 54 30.597 -3 0 0 28
1 9 55 30.597 -3 0 0 42
1 9 56 30.597 -3 0 0 30
1 9 57 30.597 -3 0 0 31
1 9 58 30.597 -3 0 0 31
1 9 59 30.597 -3 0 0 57
1 9 60 30.597 -3 0 0 28
1 9 61 30.597 -3 0 0 51
1 9 62 30.597 -3 0 0 53
1 9 63 30.597 -3 0 0 32
1 10 0 30.4071 -3 0 0 145
1 10 1 30.4071 -3 0 0 164
1 10 2 30.4071 -3 0 0 190
1 10 3 32.638 8.18715 16.5527 0.435295 281
1 10 4 30.4071 -3 0 0 192
1 10 5 27.8666 11.1231 12.8562 0.296277 201
1 10 6 30.4071 -3 0 0 192
1 10 7 27.4298 1.22177 4.62982 0.414206 532
1 10 8 30.4071 -3 0 0 168
1 10 9 28 -2 0 0 235
1 10 10 28.755 2.80962 8.52226 0.3734 250
1 10 11 30.4071 -3 0 0 167
1 10 12 31.3553 8.00908 12.9913 0.291877 207
1 10 13 29.7444 3.14882 6.22226 0.447084 408
1 10 14 30.4071 -3 0 0 161
1 10 15 25.4345 9.9227 11.17 0.347585 293
1 10 16 31.233 1.96946 5.3102 0.494109 476
1 10 17 30.4071 -3 0 0 155
1 10 18 33.7917 3.28347 9.80276 0.425175 253
1 10 19 29.2767 1.35063 6.04033 0.340305 620
1 10 20 26 -2 0 0 243
1 10 21 30.6829 2.07341 6.66561 0.341948 216
1 10 22 29.5894 1.5599 6.13755 0.386998 420
1 10 23 30.4071 -3 0 0 156
1 10 24 30.4071 -3 0 0 142
1 10 25 29.9606 1.13828 4.21189 0.580155 709
1 10 26 30.4071 -3 0 0 164
1 10 27 27.6887 1.51474 5.79058 0.336353 301
1 10 28 31.2596 2.77084 6.52354 0.381689 365
1 10 29 30.4071 -3 0 0 151
1 10 30 30.4071 -3 0 0 190
1 10 31 31.1779 1.22708 5.07235 0.396231 878
1 10 32 30.4742 1.44152 5.96824 0.32492 413
1 10 33 29.125 1.2823 5.67829 0.359988 369
1 10 34 30.4071 -3 0 0 146
1 10 35 29.259 1.06657 5.49803 0.34315 1196
1 10 36 28.7307 1.5103 6.12194 0.265176 306
1 10 37 0 -10 0 0 0
1 10 38 29.5901 1.17922 5.81196 0.355095 1459
1 10 39 31.1395 1.29714 4.6566 0.597159 441
1 10 40 33.4238 2.28202 6.7249 0.323799 234
1 10 41 32.7049 2.01481 7.35401 0.292363 480
1 10 42 26.7196 14.4415 13.5525 0.372025 245
1 10 43 28 -2 0 0 201
1 10 44 29.7943 1.08474 5.01222 0.286032 597
1 10 45 36.8529 5.73645 13.2891 0.547794 332
1 10 46 30.4071 -3 0 0 143
1 10 47 33.8957 1.1426 7.18809 0.261835 1853
1 10 48 43 -2 0 0 270
1 10 49 27.8639 2.01819 4.7568 0.399748 303
1 10 50 28.6247 1.2562 5.93674 0.297301 615
1 10 51 21 -2 0 0 218
1 10 52 30.4071 -3 0 0 165
1 10 53 31.5577 1.32129 6.62312 0.456779 810
1 10 54 31.6601 2.02803 6.47714 0.457895 369
1 10 55 27.2154 2.18111 5.24459 0.293039 232
1 10 56 29.7335 1.70232 7.52223 0.355904 344
1 10 57 30.6091 2.62672 6.25335 0.42026 298
1 10 58 34.1774 9.50123 20 0.402274 281
1 10 59 30.5112 7.84492 16.2881 0.384529 213
1 10 60 29.3511 1.2404 4.80877 0.39096 726
1 10 61 30.4071 -3 0 0 199
1 10 62 30.4071 -3 0 0 193
1 10 63 31.8857 2.75848 9.99905 0.24015 214
1 11 0 34.1057 15.2822 20 0.303946 230
1 11 1 30.6951 -3 0 0 146
1 11 2 30.6951 -3 0 0 127
1 11 3 30.6951 -3 0 0 63
1 11 4 30.6951 -3 0 0 66
1 11 5 30.6951 -3 0 0 84
1 11 6 30.6951 -3 0 0 99
1 11 7 30.6951 -3 0 0 60
1 11 8 30.6951 -3 0 0 119
1 11 9 30.6951 -3 0 0 74
1 11 10 30.6951 -3 0 0 65
1 11 11 30.6951 -3 0 0 84
1 11 12 30.6951 -3 0 0 108
1 11 13 30.6951 -3 0 0 45
1 11 14 26 -2 0 0 203
1 11 15 30.6951 -3 0 0 62
1 11 16 30.6951 -3 0 0 50
1 11 17 30.6951 -3 0 0 154
1 11 18 30.6951 -3 0 0 72
1 11 19 30.6951 -3 0 0 48
1 11 20 30.6951 -3 0 0 77
1 11 21 30.6951 -3 0 0 77
1 11 22 30.6951 -3 0 0 57
1 11 23 30.6951 -3 0 0 96
1 11 24 30.6951 -3 0 0 134
1 11 25 30.6951 -3 0 0 59
1 11 26 30.6951 -3 0 0 177
1 11 27 30.6951 -3 0 0 70
1 11 28 30.6951 -3 0 0 47
1 11 29 30.6951 -3 0 0 105
1 11 30 30.6951 -3 0 0 65
1 11 31 30.6951 -3 0 0 50
1 11 32 30.6951 -3 0 0 51
1 11 33 30.6951 -3 0 0 58
1 11 34 30.6951 -3 0 0 159
1 11 35 30.6951 -3 0 0 50
1 11 36 30.6951 -3 0 0 56
1 11 37 0 -10 0 0 0
1 11 38 30.6951 -3 0 0 65
1 11 39 30.6951 -3 0 0 57
1 11 40 30.6951 -3 0 0 84
1 11 41 30.6951 -3 0 0 45
1 11 42 30.6951 -3 0 0 71
1 11 43 30.6951 -3 0 0 128
1 11 44 30.6951 -3 0 0 35
1 11 45 30.6951 -3 0 0 49
1 11 46 30.6951 -3 0 0 168
1 11 47 30.6951 -3 0 0 51
1 11 48 30.6951 -3 0 0 64
1 11 49 30.6951 -3 0 0 106
1 11 50 30.6951 -3 0 0 50
1 11 51 30.6951 -3 0 0 110
1 11 52 30.6951 -3 0 0 117
1 11 53 30.6951 -3 0 0 50
1 11 54 30.6951 -3 0 0 47
1 11 55 30.6951 -3 0 0 115
1 11 56 30.6951 -3 0 0 69
1 11 57 30.6951 -3 0 0 82
1 11 58 30.6951 -3 0 0 66
1 11 59 30.6951 -3 0 0 151
1 11 60 30.6951 -3 0 0 49
1 11 61 30.6951 -3 0 0 148
1 11 62 30.6951 -3 0 0 178
1 11 63 30.6951 -3 0 0 117
1 12 0 25 -2 0 0 274
1 12 1 27.6228 1.30079 4.08863 0.28291 306
1 12 2 28.9268 2.41991 6.54622 0.262292 331
1 12 3 27.874 1.17096 4.58466 0.384859 446
1 12 4 34.9761 5.54058 14.9676 0.480904 232
1 12 5 29.1554 1.97828 6.65259 0.421517 266
1 12 6 31.7594 2.85588 8.20426 0.447062 346
1 12 7 32.751 1.22564 5.8652 0.332856 1202
1 12 8 28.8778 1.59968 4.5504 0.375136 240
1 12 9 30.7741 1.13438 5.38526 0.240815 649
1 12 10 32.1501 1.32007 6.3595 0.242027 1057
1 12 11 30.6179 -3 0 0 198
1 12 12 29.0801 3.44787 6.56721 0.270469 394
1 12 13 28.0997 1.18129 5.19327 0.309832 517
1 12 14 25 -2 0 0 221
1 12 15 29.7772 1.33934 5.37256 0.330614 365
1 12 16 32.3533 1.05326 6.05388 0.33875 1790
1 12 17 30.6179 -3 0 0 173
1 12 18 30.4617 1.72532 5.91718 0.324163 335
1 12 19 34.5624 1.69906 6.2116 0.322188 996
1 12 20 34.3298 4.56113 13.6258 0.367934 208
1 12 21 26.7517 1.07974 3.8845 0.406716 583
1 12 22 29.5742 1.1094 4.92176 0.303453 571
1 12 23 31.4505 2.23175 6.90179 0.251519 201
1 12 24 29.8562 1.51778 4.97405 0.275519 227
1 12 25 30.8372 1.08854 6.36629 0.287563 691
1 12 26 30.6179 -3 0 0 170
1 12 27 29.427 1.8608 5.2074 0.395644 309
1 12 28 28.4494 1.4564 5.23757 0.375289 576
1 12 29 30.6179 -3 0 0 173
1 12 30 30.6406 2.28435 6.733 0.409697 243
1 12 31 29.7457 1.157 5.22469 0.270971 763
1 12 32 29.9575 1.59996 6.56479 0.407659 383
1 12 33 31.7691 2.80639 9.0881 0.37848 265
1 12 34 30.6179 -3 0 0 127
1 12 35 30.1717 1.59597 6.23284 0.376878 447
1 12 36 34.65 3.15348 9.3912 0.341876 212
1 12 37 0 -10 0 0 0
1 12 38 27.4235 2.14416 7.47008 0.391968 522
1 12 39 30.6179 -3 0 0 167
1 12 40 30.6179 -3 0 0 185
1 12 41 23 -2 0 0 296
1 12 42 30.6179 -3 0 0 182
1 12 43 30.6179 -3 0 0 153
1 12 44 33.2633 2.44596 7.99214 0.370622 266
1 12 45 30.9104 1.95714 6.27919 0.326833 239
1 12 46 30.6179 -3 0 0 136
1 12 47 30.519 1.9963 5.96946 0.458307 332
1 12 48 31.2208 9.83816 20 0.361157 234
1 12 49 30.6179 -3 0 0 174
1 12 50 29.6553 2.35927 6.39154 0.432256 208
1 12 51 30.6179 -3 0 0 128
1 12 52 30.6179 -3 0 0 141
1 12 53 26 -2 0 0 261
1 12 54 32.2087 6.83153 17.2905 0.404725 203
1 12 55 30.6179 -3 0 0 114
1 12 56 30.6179 -3 0 0 166
1 12 57 30.6179 -3 0 0 141
1 12 58 0 -10 0 0 0
1 12 59 30.6179 -3 0 0 135
1 12 60 27.0994 24.0422 19.5744 0.470603 233
1 12 61 30.6179 -3 0 0 98
1 12 62 30.6179 -3 0 0 114
1 12 63 30.6179 -3 0 0 132
1 13 0 31.6483 -3 0 0 101
1 13 1 31.6483 -3 0 0 99
1 13 2 31.6483 -3 0 0 74
1 13 3 31.6483 -3 0 0 64
1 13 4 31.6483 -3 0 0 55
1 13 5 31.6483 -3 0 0 70
1 13 6 31.6483 -3 0 0 45
1 13 7 31.6483 -3 0 0 33
1 13 8 31.6483 -3 0 0 62
1 13 9 31.6483 -3 0 0 59
1 13 10 31.6483 -3 0 0 41
1 13 11 31.6483 -3 0 0 64
1 13 12 31.6483 -3 0 0 58
1 13 13 31.6483 -3 0 0 43
1 13 14 31.6483 -3 0 0 127
1 13 15 31.6483 -3 0 0 32
1 13 16 31.6483 -3 0 0 28
1 13 17 31.6483 -3 0 0 107
1 13 18 31.6483 -3 0 0 68
1 13 19 31.6483 -3 0 0 33
1 13 20 31.6483 -3 0 0 60
1 13 21 31.6483 -3 0 0 51
1 13 22 31.6483 -3 0 0 41
1 13 23 31.6483 -3 0 0 68
1 13 24 31.6483 -3 0 0 74
1 13 25 31.6483 -3 0 0 30
1 13 26 31.6483 -3 0 0 123
1 13 27 31.6483 -3 0 0 43
1 13 28 31.6483 -3 0 0 45
1 13 29 31.6483 -3 0 0 80
1 13 30 31.6483 -3 0 0 52
1 13 31 31.6483 -3 0 0 38
1 13 32 31.6483 -3 0 0 30
1 13 33 31.6483 -3 0 0 41
1 13 34 31.6483 -3 0 0 144
1 13 35 31.6483 -3 0 0 43
1 13 36 31.6483 -3 0 0 44
1 13 37 0 -10 0 0 0
1 13 38 31.6483 -3 0 0 52
1 13 39 31.6483 -3 0 0 119
1 13 40 31.6483 -3 0 0 73
1 13 41 31.6483 -3 0 0 46
1 13 42 31.6483 -3 0 0 74
1 13 43 31.6483 -3 0 0 100
1 13 44 31.6483 -3 0 0 58
1 13 45 31.6483 -3 0 0 56
1 13 46 31.6483 -3 0 0 141
1 13 47 31.6483 -3 0 0 60
1 13 48 31.6483 -3 0 0 57
1 13 49 31.6483 -3 0 0 70
1 13 50 31.6483 -3 0 0 59
1 13 51 31.6483 -3 0 0 149
1 13 52 31.6483 -3 0 0 101
1 13 53 31.6483 -3 0 0 57
1 13 54 31.6483 -3 0 0 91
1 13 55 31.6483 -3 0 0 126
1 13 56 31.6483 -3 0 0 108
1 13 57 31.6483 -3 0 0 125
1 13 58 31.6483 -3 0 0 110
1 13 59 31.6483 -3 0 0 159
1 13 60 31.6483 -3 0 0 78
1 13 61 23 -2 0 0 224
1 13 62 34.3378 4.82141 13.475 0.297255 204
1 13 63 31.6483 -3 0 0 81
1 14 0 34.6508 -3 0 0 110
1 14 1 34.6508 -3 0 0 109
1 14 2 34.6508 -3 0 0 134
1 14 3 34.6508 -3 0 0 108
1 14 4 34.6508 -3 0 0 72
1 14 5 34.6508 -3 0 0 100
1 14 6 34.6508 -3 0 0 172
1 14 7 34.6508 -3 0 0 142
1 14 8 34.6508 -3 0 0 82
1 14 9 34.6508 -3 0 0 170
1 14 10 26.7355 25.3454 13.5219 0.236372 224
1 14 11 34.6508 -3 0 0 66
1 14 12 34.6508 -3 0 0 130
1 14 13 34.6508 -3 0 0 101
1 14 14 34.6508 -3 0 0 67
1 14 15 34.6508 -3 0 0 72
1 14 16 35.1464 1.86031 5.77981 0.315433 329
1 14 17 34.6508 -3 0 0 55
1 14 18 34.6508 -3 0 0 79
1 14 19 34.6508 -3 0 0 137
1 14 20 34.6508 -3 0 0 63
1 14 21 34.6508 -3 0 0 145
1 14 22 34.6508 -3 0 0 147
1 14 23 34.6508 -3 0 0 49
1 14 24 34.6508 -3 0 0 84
1 14 25 34.6508 -3 0 0 127
1 14 26 34.6508 -3 0 0 74
1 14 27 34.6508 -3 0 0 88
1 14 28 34.6508 -3 0 0 84
1 14 29 34.6508 -3 0 0 61
1 14 30 34.6508 -3 0 0 84
1 14 31 34.6508 -3 0 0 79
1 14 32 34.6508 -3 0 0 58
1 14 33 34.6508 -3 0 0 58
1 14 34 34.6508 -3 0 0 60
1 14 35 34.6508 -3 0 0 77
1 14 36 34.6508 -3 0 0 45
1 14 37 0 -10 0 0 0
1 14 38 34.6508 -3 0 0 68
1 14 39 34.6508 -3 0 0 38
1 14 40 34.6508 -3 0 0 56
1 14 41 34.6508 -3 0 0 69
1 14 42 34.6508 -3 0 0 53
1 14 43 34.6508 -3 0 0 42
1 14 44 34.6508 -3 0 0 59
1 14 45 34.6508 -3 0 0 53
1 14 46 34.6508 -3 0 0 62
1 14 47 34.6508 -3 0 0 40
1 14 48 34.6508 -3 0 0 46
1 14 49 34.6508 -3 0 0 46
1 14 50 34.6508 -3 0 0 62
1 14 51 34.6508 -3 0 0 25
1 14 52 34.6508 -3 0 0 43
1 14 53 34.6508 -3 0 0 41
1 14 54 34.6508 -3 0 0 48
1 14 55 34.6508 -3 0 0 42
1 14 56 34.6508 -3 0 0 44
1 14 57 34.6508 -3 0 0 26
1 14 58 34.6508 -3 0 0 45
1 14 59 34.6508 -3 0 0 47
1 14 60 34.6508 -3 0 0 36
1 14 61 34.6508 -3 0 0 35
1 14 62 34.6508 -3 0 0 46
1 14 63 34.6508 -3 0 0 37
1 15 0 32.6108 -3 0 0 40
1 15 1 32.6108 -3 0 0 26
1 15 2 32.6108 -3 0 0 24
1 15 3 32.6108 -3 0 0 25
1 15 4 32.6108 -3 0 0 23
1 15 5 32.6108 -3 0 0 19
1 15 6 32.6108 -3 0 0 20
1 15 7 32.6108 -3 0 0 27
1 15 8 32.6108 -3 0 0 28
1 15 9 32.6108 -3 0 0 33
1 15 10 32.6108 -3 0 0 19
1 15 11 32.6108 -3 0 0 30
1 15 12 32.6108 -3 0 0 35
1 15 13 32.6108 -3 0 0 22
1 15 14 32.6108 -3 0 0 36
1 15 15 32.6108 -3 0 0 35
1 15 16 32.6108 -3 0 0 9
1 15 17 32.6108 -3 0 0 50
1 15 18 32.6108 -3 0 0 26
1 15 19 32.6108 -3 0 0 24
1 15 20 32.6108 -3 0 0 32
1 15 21 32.6108 -3 0 0 18
1 15 22 32.6108 -3 0 0 24
1 15 23 32.6108 -3 0 0 44
1 15 24 32.6108 -3 0 0 37
1 15 25 32.6108 -3 0 0 24
1 15 26 32.6108 -3 0 0 50
1 15 27 32.6108 -3 0 0 29
1 15 28 32.6108 -3 0 0 33
1 15 29 32.6108 -3 0 0 45
1 15 30 32.6108 -3 0 0 29
1 15 31 32.6108 -3 0 0 41
1 15 32 32.6108 -3 0 0 25
1 15 33 32.6108 -3 0 0 23
1 15 34 32.6108 -3 0 0 54
1 15 35 32.6108 -3 0 0 34
1 15 36 32.6108 -3 0 0 22
1 15 37 0 -10 0 0 0
1 15 38 32.6108 -3 0 0 27
1 15 39 32.6108 -3 0 0 55
1 15 40 32.6108 -3 0 0 52
1 15 41 32.6108 -3 0 0 33
1 15 42 32.6108 -3 0 0 22
1 15 43 32.6108 -3 0 0 58
1 15 44 32.6108 -3 0 0 47
1 15 45 32.6108 -3 0 0 23
1 15 46 32.6108 -3 0 0 58
1 15 47 32.6108 -3 0 0 41
1 15 48 32.6108 -3 0 0 33
1 15 49 32.6108 -3 0 0 40
1 15 50 32.6108 -3 0 0 38
1 15 51 32.6108 -3 0 0 71
1 15 52 32.6108 -3 0 0 57
1 15 53 32.6108 -3 0 0 36
1 15 54 32.6108 -3 0 0 40
1 15 55 32.6108 -3 0 0 59
1 15 56 32.6108 -3 0 0 74
1 15 57 32.6108 -3 0 0 71
1 15 58 32.6108 -3 0 0 54
1 15 59 32.6108 -3 0 0 67
1 15 60 32.6108 -3 0 0 48
1 15 61 32.6108 -3 0 0 111
1 15 62 32.6108 -3 0 0 78
1 15 63 32.6108 -3 0 0 47
2 0 0 28.9646 -3 0 0 102
2 0 1 28.9646 -3 0 0 94
2 0 2 28.9646 -3 0 0 84
2 0 3 28.9646 -3 0 0 62
2 0 4 28.9646 -3 0 0 82
2 0 5 28.9646 -3 0 0 75
2 0 6 28.9646 -3 0 0 82
2 0 7 28.9646 -3 0 0 59
2 0 8 28.9646 -3 0 0 57
2 0 9 28.9646 -3 0 0 56
2 0 10 28.9646 -3 0 0 55
2 0 11 28.9646 -3 0 0 84
2 0 12 28.9646 -3 0 0 52
2 0 13 28.9646 -3 0 0 66
2 0 14 28.9646 -3 0 0 101
2 0 15 28.9646 -3 0 0 49
2 0 16 28.9646 -3 0 0 44
2 0 17 28.9646 -3 0 0 99
2 0 18 28.9646 -3 0 0 63
2 0 19 28.9646 -3 0 0 66
2 0 20 28.9646 -3 0 0 81
2 0 21 28.9646 -3 0 0 70
2 0 22 28.9646 -3 0 0 32
2 0 23 28.9646 -3 0 0 116
2 0 24 28.9646 -3 0 0 95
2 0 25 28.9646 -3 0 0 74
2 0 26 28.9646 -3 0 0 146
2 0 27 28.9646 -3 0 0 57
2 0 28 28.9646 -3 0 0 71
2 0 29 28.9646 -3 0 0 131
2 0 30 28.9646 -3 0 0 80
2 0 31 28.9646 -3 0 0 91
2 0 32 28.9646 -3 0 0 96
2 0 33 28.9646 -3 0 0 69
2 0 34 28.9646 -3 0 0 157
2 0 35 28.9646 -3 0 0 80
2 0 36 28.9646 -3 0 0 64
2 0 37 28.9646 -3 0 0 89
2 0 38 28.9646 -3 0 0 103
2 0 39 28.9646 -3 0 0 171
2 0 40 28.9646 -3 0 0 90
2 0 41 28.9646 -3 0 0 86
2 0 42 28.9646 -3 0 0 96
2 0 43 28.9646 -3 0 0 116
2 0 44 28.9646 -3 0 0 105
2 0 45 28.9646 -3 0 0 105
2 0 46 28.9646 -3 0 0 183
2 0 47 28.9646 -3 0 0 129
2 0 48 28.9646 -3 0 0 99
2 0 49 28.9646 -3 0 0 128
2 0 50 28.9646 -3 0 0 108
2 0 51 30.899 11.3858 18.8208 0.346534 305
2 0 52 28.9646 -3 0 0 146
2 0 53 28.9646 -3 0 0 115
2 0 54 28.9646 -3 0 0 106
2 0 55 21 -2 0 0 204
2 0 56 27.1952 17.2978 20 0.314009 214
2 0 57 22 -2 0 0 259
2 0 58 28.9646 -3 0 0 138
2 0 59 28.9646 -3 0 0 196
2 0 60 28.9646 -3 0 0 175
2 0 61 28.3573 2.79497 6.66198 0.341034 375
2 0 62 23.3503 15.8518 20 0.352229 283
2 0 63 28.9646 -3 0 0 143
2 1 0 31.2786 2.20121 5.15433 0.440951 343
2 1 1 28.1289 2.71758 7.95172 0.403194 412
2 1 2 27.383 8.65118 20 0.465148 415
2 1 3 31.3603 8.25477 16.2066 0.474627 289
2 1 4 30.742 -3 0 0 182
2 1 5 28.9983 7.69182 12.9125 0.325911 284
2 1 6 31.4845 2.57854 7.49064 0.418665 419
2 1 7 22 -2 0 0 380
2 1 8 31.707 3.45234 10.5996 0.396034 270
2 1 9 30.3334 1.72614 6.43135 0.352372 548
2 1 10 29.9176 1.128 5.28013 0.325791 521
2 1 11 30.742 -3 0 0 195
2 1 12 27.7158 4.67985 7.33384 0.333903 249
2 1 13 34.8283 3.58945 12.051 0.304475 245
2 1 14 30.087 7.97632 15.0267 0.292392 223
2 1 15 28.3771 14.4073 20 0.331192 202
2 1 16 33.0102 1.41612 4.79399 0.503386 678
2 1 17 30.742 -3 0 0 196
2 1 18 30.742 -3 0 0 188
2 1 19 27.3743 16.5284 20 0.39361 243
2 1 20 30.742 -3 0 0 110
2 1 21 32.6593 2.46361 6.63816 0.365539 507
2 1 22 30.2735 2.47902 6.09685 0.425049 320
2 1 23 30.742 -3 0 0 127
2 1 24 25.8506 16.1128 20 0.391721 247
2 1 25 31.9739 3.23666 7.94362 0.357509 222
2 1 26 24 -2 0 0 202
2 1 27 30.742 -3 0 0 134
2 1 28 30.742 -3 0 0 165
2 1 29 30.742 -3 0 0 131
2 1 30 30.742 -3 0 0 151
2 1 31 30.742 -3 0 0 149
2 1 32 30.742 -3 0 0 148
2 1 33 30.742 -3 0 0 116
2 1 34 30.742 -3 0 0 151
2 1 35 30.742 -3 0 0 114
2 1 36 30.742 -3 0 0 102
2 1 37 30.742 -3 0 0 117
2 1 38 30.742 -3 0 0 77
2 1 39 30.742 -3 0 0 95
2 1 40 30.742 -3 0 0 111
2 1 41 30.742 -3 0 0 109
2 1 42 30.742 -3 0 0 84
2 1 43 30.742 -3 0 0 110
2 1 44 30.742 -3 0 0 99
2 1 45 30.742 -3 0 0 90
2 1 46 30.742 -3 0 0 127
2 1 47 30.742 -3 0 0 99
2 1 48 30.742 -3 0 0 109
2 1 49 30.742 -3 0 0 99
2 1 50 30.742 -3 0 0 78
2 1 51 30.742 -3 0 0 59
2 1 52 30.742 -3 0 0 83
2 1 53 30.742 -3 0 0 70
2 1 54 30.742 -3 0 0 94
2 1 55 30.742 -3 0 0 81
2 1 56 30.742 -3 0 0 64
2 1 57 30.742 -3 0 0 71
2 1 58 30.742 -3 0 0 86
2 1 59 30.742 -3 0 0 101
2 1 60 30.742 -3 0 0 83
2 1 61 30.742 -3 0 0 73
2 1 62 30.742 -3 0 0 99
2 1 63 30.742 -3 0 0 73
2 2 0 26 -2 0 0 313
2 2 1 36.0265 11.2047 20 0.369268 245
2 2 2 33 -2 0 0 202
2 2 3 32.4682 -3 0 0 134
2 2 4 26 -2 0 0 201
2 2 5 32.4682 -3 0 0 184
2 2 6 32.4682 -3 0 0 168
2 2 7 32.4682 -3 0 0 99
2 2 8 32.4682 -3 0 0 186
2 2 9 32.4682 -3 0 0 117
2 2 10 32.4682 -3 0 0 119
2 2 11 31.7717 13.6679 20 0.382867 216
2 2 12 32.4682 -3 0 0 157
2 2 13 32.4682 -3 0 0 102
2 2 14 27 -2 0 0 333
2 2 15 32.4682 -3 0 0 148
2 2 16 0 -10 0 0 0
2 2 17 33.0397 2.2557 6.74022 0.43766 299
2 2 18 32.4682 -3 0 0 130
2 2 19 32.4682 -3 0 0 136
2 2 20 25 -2 0 0 245
2 2 21 32.4682 -3 0 0 172
2 2 22 32.4682 -3 0 0 98
2 2 23 29 -2 0 0 205
2 2 24 32 -2 0 0 222
2 2 25 32.4682 -3 0 0 71
2 2 26 31.3275 1.93139 6.44449 0.359911 481
2 2 27 32.4682 -3 0 0 134
2 2 28 32.4682 -3 0 0 112
2 2 29 34.6431 2.0229 7.06708 0.339018 316
2 2 30 32.4682 -3 0 0 123
2 2 31 32.4682 -3 0 0 98
2 2 32 32.4682 -3 0 0 131
2 2 33 32.4682 -3 0 0 141
2 2 34 31.6147 1.75607 7.21926 0.400922 464
2 2 35 32.4682 -3 0 0 104
2 2 36 32.4682 -3 0 0 200
2 2 37 25 -2 0 0 253
2 2 38 32.4682 -3 0 0 153
2 2 39 33.9918 2.77078 7.95772 0.334241 225
2 2 40 32 -2 0 0 214
2 2 41 32.4682 -3 0 0 133
2 2 42 30 -2 0 0 278
2 2 43 35.1494 2.55791 9.14788 0.429933 367
2 2 44 32.4682 -3 0 0 149
2 2 45 32.4682 -3 0 0 150
2 2 46 31.6165 1.81594 6.3094 0.296568 601
2 2 47 32.4682 -3 0 0 74
2 2 48 32.4682 -3 0 0 185
2 2 49 32.1136 3.53106 8.50884 0.342679 309
2 2 50 32.4682 -3 0 0 171
2 2 51 29.6312 1.49814 5.76923 0.384262 594
2 2 52 31.7942 1.45709 5.64366 0.378708 452
2 2 53 32.4682 -3 0 0 180
2 2 54 25 -2 0 0 219
2 2 55 30.6495 1.87076 6.96396 0.363058 415
2 2 56 25 -2 0 0 300
2 2 57 30.6687 1.37149 4.87278 0.300607 431
2 2 58 30.8878 2.2363 6.84247 0.350196 305
2 2 59 30.0129 1.18579 5.95091 0.339434 712
2 2 60 32.4682 -3 0 0 192
2 2 61 31.6223 1.6195 6.47041 0.269157 1082
2 2 62 32.1631 1.82619 5.30525 0.504162 779
2 2 63 32.3612 1.89798 5.93565 0.378339 334
2 3 0 31.9806 1.93113 6.38736 0.383734 480
2 3 1 30.8463 1.54663 5.10389 0.546432 469
2 3 2 35.4432 1.82153 9.52997 0.511629 578
2 3 3 27.693 0.770971 4.06389 0.551014 527
2 3 4 27.9909 0.826058 3.70149 0.480902 432
2 3 5 29.4289 1.26764 5.30764 0.420363 416
2 3 6 29.0798 0.969717 4.15901 0.67206 710
2 3 7 30.6892 0.904836 4.86567 0.494728 808
2 3 8 28.3912 1.11104 4.79494 0.397724 402
2 3 9 31.4978 0.937237 5.69953 0.447422 924
2 3 10 32.2429 1.02748 5.65632 0.529843 1126
2 3 11 30.213 1.24307 6.09368 0.360593 286
2 3 12 32.0962 1.96976 6.13045 0.513933 531
2 3 13 31.5545 1.42784 6.38964 0.264844 476
2 3 14 30.946 3.55965 11.2241 0.412173 333
2 3 15 29.101 1.12974 5.03273 0.351286 457
2 3 16 34.442 1.09658 7.81207 0.537689 1590
2 3 17 33.5705 1.45696 6.06839 0.469566 290
2 3 18 31.4641 1.28902 6.3733 0.359646 318
2 3 19 31.3643 0.798287 4.72399 0.413479 587
2 3 20 28.4305 0.963889 4.60823 0.469647 428
2 3 21 32.2746 1.69642 7.48513 0.493668 856
2 3 22 28.8987 0.967203 4.08692 0.459877 592
2 3 23 27.9011 1.0382 4.39448 0.379369 269
2 3 24 25.0764 11.2574 10.2295 0.315253 370
2 3 25 29.8366 0.874855 4.46304 0.4559 620
2 3 26 28.3113 17.5502 20 0.52794 271
2 3 27 27.6985 1.00018 4.54459 0.456705 408
2 3 28 35.1537 2.58618 8.66343 0.529881 398
2 3 29 25.0189 17.8792 20 0.453695 227
2 3 30 29.2326 1.87877 7.23967 0.364858 293
2 3 31 28.8621 1.02199 4.57006 0.475342 505
2 3 32 31.2597 2.96645 5.01258 0.466311 380
2 3 33 32.1796 1.96269 8.36717 0.391995 304
2 3 34 25 -2 0 0 266
2 3 35 30.6099 1.32348 5.00764 0.453337 408
2 3 36 32.3875 2.98238 12.0374 0.40121 256
2 3 37 31.442 -3 0 0 186
2 3 38 28.8316 1.1047 5.17638 0.350342 395
2 3 39 29 -2 0 0 211
2 3 40 34.8457 4.41297 10.2653 0.452659 209
2 3 41 27 -2 0 0 317
2 3 42 31.442 -3 0 0 195
2 3 43 35.6739 3.68616 11.1482 0.477202 227
2 3 44 29.0554 1.67628 7.07019 0.423991 279
2 3 45 27 -2 0 0 240
2 3 46 24 -2 0 0 217
2 3 47 31.2777 1.57516 5.72358 0.426825 332
2 3 48 32.8851 3.27009 8.18838 0.363619 261
2 3 49 28.2722 1.78637 6.32829 0.268082 202
2 3 50 34.0545 4.73624 9.82121 0.362142 216
2 3 51 31.442 -3 0 0 173
2 3 52 22.4885 5.55692 12.4703 0.292427 213
2 3 53 26 -2 0 0 229
2 3 54 35.7634 6.60726 15.1757 0.431277 217
2 3 55 32.6458 11.9724 20 0.377027 209
2 3 56 31.442 -3 0 0 179
2 3 57 31.442 -3 0 0 186
2 3 58 25 -2 0 0 220
2 3 59 31.442 -3 0 0 188
2 3 60 27.3225 9.08982 10.6116 0.330622 221
2 3 61 31.442 -3 0 0 172
2 3 62 31.442 -3 0 0 167
2 3 63 31.1144 2.91183 8.087 0.469232 270
2 4 0 31.8372 1.43493 5.81692 0.288764 967
2 4 1 30.4824 1.51305 6.16225 0.280428 574
2 4 2 31.339 1.74824 5.11835 0.435169 409
2 4 3 31.2726 -3 0 0 147
2 4 4 28.6537 2.47726 6.61643 0.351303 217
2 4 5 25 -2 0 0 285
2 4 6 29.9259 1.84025 6.1988 0.262288 335
2 4 7 31.2726 -3 0 0 128
2 4 8 28.4771 1.33577 4.75051 0.315515 333
2 4 9 22 -2 0 0 223
2 4 10 31.2726 -3 0 0 172
2 4 11 31.1539 2.24636 7.50735 0.355144 292
2 4 12 36.6484 4.01445 12.1526 0.325639 202
2 4 13 31.2726 -3 0 0 118
2 4 14 28.6484 1.45265 6.93271 0.571034 728
2 4 15 31.2726 -3 0 0 156
2 4 16 31.2726 -3 0 0 156
2 4 17 33.6096 2.13227 7.44375 0.326861 388
2 4 18 31.2726 -3 0 0 154
2 4 19 31.2726 -3 0 0 110
2 4 20 31.2726 -3 0 0 193
2 4 21 25 -2 0 0 312
2 4 22 31.2726 -3 0 0 141
2 4 23 25 -2 0 0 245
2 4 24 29.1104 1.57932 5.83806 0.239547 491
2 4 25 31.2726 -3 0 0 129
2 4 26 31.7267 1.57126 6.33264 0.301387 620
2 4 27 31.2726 -3 0 0 132
2 4 28 31.2726 -3 0 0 84
2 4 29 24 -2 0 0 404
2 4 30 31.2726 -3 0 0 180
2 4 31 31.2726 -3 0 0 105
2 4 32 31.2726 -3 0 0 132
2 4 33 31.2726 -3 0 0 126
2 4 34 31.0107 1.61352 5.86135 0.332267 565
2 4 35 31.2726 -3 0 0 92
2 4 36 31.2726 -3 0 0 160
2 4 37 39 -2 0 0 215
2 4 38 31.2726 -3 0 0 93
2 4 39 31.2726 -3 0 0 142
2 4 40 25 -2 0 0 219
2 4 41 31.2726 -3 0 0 102
2 4 42 31.2726 -3 0 0 151
2 4 43 31.1891 1.75464 5.40371 0.322762 301
2 4 44 31.2726 -3 0 0 108
2 4 45 31.2726 -3 0 0 120
2 4 46 30.6018 1.71318 5.4405 0.451376 484
2 4 47 31.2726 -3 0 0 92
2 4 48 31.2726 -3 0 0 126
2 4 49 28.2681 19.7715 18.4889 0.414813 209
2 4 50 31.2726 -3 0 0 115
2 4 51 30.7279 2.63598 8.16398 0.320391 223
2 4 52 28.9377 14.6591 19.0213 0.473944 256
2 4 53 31.2726 -3 0 0 115
2 4 54 31.2726 -3 0 0 155
2 4 55 25 -2 0 0 252
2 4 56 31.2726 -3 0 0 156
2 4 57 29.5699 1.63256 6.80529 0.230998 229
2 4 58 31.2726 -3 0 0 159
2 4 59 29.3841 2.69551 7.81193 0.298312 367
2 4 60 31.2726 -3 0 0 122
2 4 61 27.2135 2.98372 9.7326 0.296198 335
2 4 62 30.6097 1.99045 5.93544 0.322081 348
2 4 63 31.2726 -3 0 0 180
2 5 0 25 -2 0 0 208
2 5 1 24 -2 0 0 217
2 5 2 31.1313 3.95998 13.2963 0.399875 317
2 5 3 31.4483 5.44699 13.1762 0.47035 306
2 5 4 29.0588 2.40683 5.98459 0.353853 288
2 5 5 25 -2 0 0 236
2 5 6 27.2739 2.11319 6.55708 0.35705 278
2 5 7 32.1113 3.75965 11.5674 0.531741 350
2 5 8 26.4721 1.81163 5.14833 0.437868 318
2 5 9 27.1739 1.17902 3.98113 0.337417 287
2 5 10 22.7958 14.2514 20 0.44659 348
2 5 11 26 -2 0 0 291
2 5 12 31.1846 5.37054 13.4764 0.514252 293
2 5 13 29.5677 1.64756 6.05621 0.436408 346
2 5 14 28.386 -3 0 0 192
2 5 15 28.4122 7.65981 17.1384 0.527353 354
2 5 16 31.8865 3.3551 9.44646 0.55016 413
2 5 17 26.1304 18.1658 18.0937 0.42533 243
2 5 18 32.0599 3.169 10.2089 0.396302 303
2 5 19 30.2244 1.61362 5.20329 0.357311 488
2 5 20 29.536 3.48208 6.80063 0.34517 320
2 5 21 28.5262 2.26483 7.0757 0.340443 293
2 5 22 27.5103 1.42721 5.05901 0.314013 282
2 5 23 24 -2 0 0 291
2 5 24 28.386 -3 0 0 173
2 5 25 26.8193 1.04608 5.11068 0.507273 477
2 5 26 19.5627 17.2951 20 0.460603 272
2 5 27 26 -2 0 0 425
2 5 28 23 -2 0 0 399
2 5 29 25 -2 0 0 277
2 5 30 29.529 3.25894 7.13039 0.423913 306
2 5 31 26.774 1.22427 4.63044 0.385289 670
2 5 32 27.2215 1.28551 4.65544 0.513918 468
2 5 33 25.8049 1.44368 6.82895 0.491805 421
2 5 34 31.3184 6.09157 14.0735 0.458948 328
2 5 35 26.7204 0.864193 4.17947 0.389615 832
2 5 36 26.5462 2.09141 3.58235 0.476009 444
2 5 37 24.0063 1.13828 3.93771 0.406429 374
2 5 38 29.7399 1.31987 5.82068 0.377396 993
2 5 39 27.3975 4.46902 4.5521 0.457249 1247
2 5 40 25.5874 1.05487 4.15138 0.329487 491
2 5 41 29.1526 1.46676 5.08534 0.353605 513
2 5 42 24.8512 0.85179 3.75105 0.330159 544
2 5 43 33.6663 5.3561 14.6115 0.473751 285
2 5 44 27.3894 1.1011 5.47194 0.426171 709
2 5 45 25.7614 0.779798 3.38618 0.422748 507
2 5 46 28.4856 2.63099 6.75912 0.41616 341
2 5 47 30.6723 0.970167 7.36783 0.407313 1637
2 5 48 25 -2 0 0 483
2 5 49 26.364 1.47565 5.19856 0.342765 375
2 5 50 29.5186 1.63988 8.24852 0.372396 655
2 5 51 27.216 1.84027 4.7801 0.414512 739
2 5 52 24 -2 0 0 376
2 5 53 31.1628 1.45965 6.49912 0.579076 1251
2 5 54 26.3534 0.990532 4.65718 0.303109 601
2 5 55 24.5074 0.93964 3.81484 0.392185 475
2 5 56 28.0702 1.23182 5.21816 0.382854 928
2 5 57 27.5785 1.18488 5.45094 0.322105 646
2 5 58 25.7624 1.07181 4.57694 0.415385 511
2 5 59 28.4302 2.21535 6.34699 0.394589 387
2 5 60 27.5794 1.01544 4.95207 0.651082 1263
2 5 61 25.6681 1.15118 5.19094 0.325715 519
2 5 62 30.4101 1.75778 7.6959 0.469923 431
2 5 63 24.7842 1.02168 3.48529 0.526661 457
2 6 0 33.2644 1.96585 6.64093 0.27677 324
2 6 1 31.2109 1.66146 5.14767 0.241812 226
2 6 2 34.2517 -3 0 0 185
2 6 3 34.2517 -3 0 0 84
2 6 4 34.2517 -3 0 0 107
2 6 5 34.2517 -3 0 0 129
2 6 6 34.2517 -3 0 0 169
2 6 7 34.2517 -3 0 0 69
2 6 8 34.2517 -3 0 0 161
2 6 9 34.2517 -3 0 0 118
2 6 10 34.2517 -3 0 0 91
2 6 11 34.2517 -3 0 0 106
2 6 12 34.2517 -3 0 0 105
2 6 13 34.2517 -3 0 0 65
2 6 14 43.8368 7.57183 19.3596 0.330921 213
2 6 15 34.2517 -3 0 0 71
2 6 16 34.2517 -3 0 0 115
2 6 17 34.2517 -3 0 0 119
2 6 18 34.2517 -3 0 0 87
2 6 19 34.2517 -3 0 0 63
2 6 20 34.2517 -3 0 0 78
2 6 21 34.2517 -3 0 0 132
2 6 22 34.2517 -3 0 0 72
2 6 23 34.2517 -3 0 0 91
2 6 24 34.2517 -3 0 0 178
2 6 25 34.2517 -3 0 0 71
2 6 26 34.2517 -3 0 0 171
2 6 27 34.2517 -3 0 0 62
2 6 28 34.2517 -3 0 0 69
2 6 29 34.2517 -3 0 0 101
2 6 30 34.2517 -3 0 0 61
2 6 31 34.2517 -3 0 0 47
2 6 32 34.2517 -3 0 0 55
2 6 33 34.2517 -3 0 0 61
2 6 34 34.2517 -3 0 0 146
2 6 35 34.2517 -3 0 0 50
2 6 36 34.2517 -3 0 0 75
2 6 37 34.2517 -3 0 0 60
2 6 38 34.2517 -3 0 0 42
2 6 39 34.2517 -3 0 0 55
2 6 40 34.2517 -3 0 0 56
2 6 41 34.2517 -3 0 0 60
2 6 42 34.2517 -3 0 0 64
2 6 43 34.2517 -3 0 0 98
2 6 44 34.2517 -3 0 0 41
2 6 45 34.2517 -3 0 0 52
2 6 46 34.2517 -3 0 0 123
2 6 47 34.2517 -3 0 0 38
2 6 48 34.2517 -3 0 0 48
2 6 49 34.2517 -3 0 0 59
2 6 50 34.2517 -3 0 0 44
2 6 51 34.2517 -3 0 0 59
2 6 52 34.2517 -3 0 0 76
2 6 53 34.2517 -3 0 0 53
2 6 54 34.2517 -3 0 0 64
2 6 55 34.2517 -3 0 0 66
2 6 56 34.2517 -3 0 0 43
2 6 57 34.2517 -3 0 0 53
2 6 58 34.2517 -3 0 0 56
2 6 59 34.2517 -3 0 0 80
2 6 60 34.2517 -3 0 0 45
2 6 61 34.2517 -3 0 0 97
2 6 62 34.2517 -3 0 0 86
2 6 63 34.2517 -3 0 0 63
2 7 0 32.9586 -3 0 0 91
2 7 1 32.9586 -3 0 0 59
2 7 2 32.9586 -3 0 0 73
2 7 3 32.9586 -3 0 0 79
2 7 4 32.9586 -3 0 0 76
2 7 5 32.9586 -3 0 0 89
2 7 6 32.9586 -3 0 0 70
2 7 7 32.9586 -3 0 0 88
2 7 8 32.9586 -3 0 0 66
2 7 9 32.9586 -3 0 0 77
2 7 10 32.9586 -3 0 0 83
2 7 11 32.9586 -3 0 0 115
2 7 12 32.9586 -3 0 0 80
2 7 13 32.9586 -3 0 0 100
2 7 14 32.9586 -3 0 0 88
2 7 15 32.9586 -3 0 0 109
2 7 16 32.9586 -3 0 0 76
2 7 17 32.9586 -3 0 0 111
2 7 18 32.9586 -3 0 0 100
2 7 19 32.9586 -3 0 0 115
2 7 20 32.9586 -3 0 0 111
2 7 21 32.9586 -3 0 0 81
2 7 22 32.9586 -3 0 0 77
2 7 23 32.9586 -3 0 0 120
2 7 24 32.9586 -3 0 0 92
2 7 25 32.9586 -3 0 0 151
2 7 26 32.9586 -3 0 0 92
2 7 27 32.9586 -3 0 0 129
2 7 28 32.9586 -3 0 0 117
2 7 29 32.9586 -3 0 0 103
2 7 30 32.9586 -3 0 0 112
2 7 31 32.9586 -3 0 0 179
2 7 32 32.9586 -3 0 0 140
2 7 33 32.9586 -3 0 0 173
2 7 34 32.9586 -3 0 0 116
2 7 35 26 -2 0 0 244
2 7 36 32.9586 -3 0 0 156
2 7 37 32.9586 -3 0 0 127
2 7 38 32.2385 1.55019 5.06449 0.338567 327
2 7 39 30.3414 1.13135 4.65524 0.398467 475
2 7 40 32.9586 -3 0 0 128
2 7 41 31.6521 13.763 20 0.348053 213
2 7 42 32.9586 -3 0 0 168
2 7 43 32.9586 -3 0 0 144
2 7 44 37.2796 4.68251 13.0276 0.482415 339
2 7 45 30.7826 13.7733 20 0.403144 210
2 7 46 32.9586 -3 0 0 153
2 7 47 33.3869 1.20603 5.30731 0.358592 595
2 7 48 32.9586 -3 0 0 187
2 7 49 32.9586 -3 0 0 152
2 7 50 34.5766 2.19174 8.46737 0.326529 268
2 7 51 33.8551 2.48325 9.95809 0.29126 304
2 7 52 32.9586 -3 0 0 149
2 7 53 31.4627 1.74862 6.41467 0.309121 528
2 7 54 32.6968 3.12394 8.15026 0.370447 313
2 7 55 33.0011 12.7263 18.856 0.354271 218
2 7 56 32.7269 1.95398 7.28093 0.291355 413
2 7 57 24 -2 0 0 425
2 7 58 30.5556 1.5221 5.32051 0.312393 270
2 7 59 32.9586 -3 0 0 167
2 7 60 31.7046 1.50643 7.00899 0.262059 550
2 7 61 24 -2 0 0 342
2 7 62 34.0265 2.28806 8.23918 0.218381 249
2 7 63 26 -2 0 0 226
2 8 0 30.1744 -3 0 0 89
2 8 1 30.1744 -3 0 0 59
2 8 2 30.1744 -3 0 0 85
2 8 3 30.1744 -3 0 0 84
2 8 4 30.1744 -3 0 0 98
2 8 5 30.1744 -3 0 0 82
2 8 6 30.1744 -3 0 0 81
2 8 7 30.1744 -3 0 0 132
2 8 8 30.1744 -3 0 0 76
2 8 9 30.1744 -3 0 0 106
2 8 10 30.1744 -3 0 0 77
2 8 11 30.1744 -3 0 0 87
2 8 12 30.1744 -3 0 0 81
2 8 13 30.1744 -3 0 0 128
2 8 14 30.1744 -3 0 0 89
2 8 15 30.1744 -3 0 0 105
2 8 16 30.1744 -3 0 0 126
2 8 17 30.1744 -3 0 0 90
2 8 18 30.1744 -3 0 0 88
2 8 19 30.1744 -3 0 0 158
2 8 20 30.1744 -3 0 0 94
2 8 21 30.1744 -3 0 0 78
2 8 22 30.1744 -3 0 0 105
2 8 23 30.1744 -3 0 0 70
2 8 24 30.1744 -3 0 0 77
2 8 25 30.1744 -3 0 0 1
2 8 26 30.1744 -3 0 0 87
2 8 27 30.1744 -3 0 0 126
2 8 28 30.1744 -3 0 0 137
2 8 29 30.1744 -3 0 0 101
2 8 30 30.1744 -3 0 0 98
2 8 31 26 -2 0 0 268
2 8 32 30.1744 -3 0 0 132
2 8 33 30.1744 -3 0 0 145
2 8 34 30.1744 -3 0 0 96
2 8 35 32.8308 3.46294 9.1636 0.334025 301
2 8 36 30.1744 -3 0 0 131
2 8 37 30.1744 -3 0 0 83
2 8 38 27.7195 1.24482 3.85738 0.348531 456
2 8 39 21 -2 0 0 341
2 8 40 30.1744 -3 0 0 98
2 8 41 30.1204 2.00931 6.276 0.343107 221
2 8 42 30.1744 -3 0 0 143
2 8 43 30.1744 -3 0 0 94
2 8 44 32.4881 1.91112 6.21003 0.306208 271
2 8 45 30.1744 -3 0 0 179
2 8 46 30.1744 -3 0 0 93
2 8 47 29.6776 1.43956 5.4159 0.402677 681
2 8 48 30.1744 -3 0 0 137
2 8 49 30.1744 -3 0 0 121
2 8 50 24 -2 0 0 240
2 8 51 30.1744 -3 0 0 187
2 8 52 30.1744 -3 0 0 138
2 8 53 30.0768 1.21111 5.24713 0.368338 459
2 8 54 30 -2 0 0 214
2 8 55 30.1744 -3 0 0 154
2 8 56 24 -2 0 0 306
2 8 57 28.6835 3.028 5.55479 0.378512 254
2 8 58 30.1744 -3 0 0 195
2 8 59 30.1744 -3 0 0 118
2 8 60 31.8943 2.29935 6.69913 0.393829 389
2 8 61 30.1744 -3 0 0 176
2 8 62 30.1744 -3 0 0 176
2 8 63 30.1744 -3 0 0 168
2 9 0 34.4914 -3 0 0 155
2 9 1 34.4914 -3 0 0 127
2 9 2 34.4914 -3 0 0 93
2 9 3 34.4914 -3 0 0 43
2 9 4 34.4914 -3 0 0 49
2 9 5 34.4914 -3 0 0 55
2 9 6 34.4914 -3 0 0 96
2 9 7 34.4914 -3 0 0 40
2 9 8 34.4914 -3 0 0 70
2 9 9 34.4914 -3 0 0 69
2 9 10 34.4914 -3 0 0 47
2 9 11 34.4914 -3 0 0 61
2 9 12 34.4914 -3 0 0 61
2 9 13 34.4914 -3 0 0 42
2 9 14 34.4914 -3 0 0 114
2 9 15 34.4914 -3 0 0 40
2 9 16 34.4914 -3 0 0 17
2 9 17 34.4914 -3 0 0 54
2 9 18 34.4914 -3 0 0 34
2 9 19 34.4914 -3 0 0 25
2 9 20 34.4914 -3 0 0 24
2 9 21 34.4914 -3 0 0 55
2 9 22 34.4914 -3 0 0 42
2 9 23 34.4914 -3 0 0 53
2 9 24 34.4914 -3 0 0 93
2 9 25 34.4914 -3 0 0 36
2 9 26 34.4914 -3 0 0 89
2 9 27 34.4914 -3 0 0 27
2 9 28 34.4914 -3 0 0 35
2 9 29 34.4914 -3 0 0 63
2 9 30 34.4914 -3 0 0 30
2 9 31 34.4914 -3 0 0 28
2 9 32 34.4914 -3 0 0 23
2 9 33 34.4914 -3 0 0 21
2 9 34 34.4914 -3 0 0 90
2 9 35 34.4914 -3 0 0 29
2 9 36 34.4914 -3 0 0 28
2 9 37 34.4914 -3 0 0 47
2 9 38 34.4914 -3 0 0 40
2 9 39 34.4914 -3 0 0 37
2 9 40 34.4914 -3 0 0 34
2 9 41 34.4914 -3 0 0 37
2 9 42 34.4914 -3 0 0 37
2 9 43 34.4914 -3 0 0 65
2 9 44 34.4914 -3 0 0 22
2 9 45 34.4914 -3 0 0 23
2 9 46 34.4914 -3 0 0 82
2 9 47 34.4914 -3 0 0 25
2 9 48 34.4914 -3 0 0 26
2 9 49 34.4914 -3 0 0 27
2 9 50 34.4914 -3 0 0 27
2 9 51 34.4914 -3 0 0 25
2 9 52 34.4914 -3 0 0 54
2 9 53 34.4914 -3 0 0 22
2 9 54 34.4914 -3 0 0 32
2 9 55 34.4914 -3 0 0 61
2 9 56 34.4914 -3 0 0 28
2 9 57 34.4914 -3 0 0 33
2 9 58 34.4914 -3 0 0 34
2 9 59 34.4914 -3 0 0 67
2 9 60 34.4914 -3 0 0 26
2 9 61 34.4914 -3 0 0 73
2 9 62 34.4914 -3 0 0 50
2 9 63 34.4914 -3 0 0 52
2 10 0 29.8066 -3 0 0 143
2 10 1 29.8066 -3 0 0 137
2 10 2 29.8066 -3 0 0 183
2 10 3 27 -2 0 0 319
2 10 4 29.2269 2.70058 5.15054 0.405775 210
2 10 5 22 -2 0 0 243
2 10 6 26.763 16.3939 20 0.382435 208
2 10 7 31.4338 1.34112 6.62472 0.311134 580
2 10 8 29.8066 -3 0 0 170
2 10 9 27.6638 2.95384 4.89857 0.460104 271
2 10 10 32.121 2.82821 8.83349 0.466516 267
2 10 11 29.8066 -3 0 0 184
2 10 12 30.581 2.0363 5.71917 0.338371 239
2 10 13 26.4532 1.20253 4.74807 0.316931 432
2 10 14 29.8066 -3 0 0 154
2 10 15 28.786 2.10258 5.61113 0.474357 339
2 10 16 28.7011 1.90684 7.08537 0.407661 467
2 10 17 29.8066 -3 0 0 173
2 10 18 27.5136 1.45684 5.49804 0.44427 262
2 10 19 28.4082 1.01767 4.84458 0.386986 664
2 10 20 28.2392 1.64683 5.75226 0.293112 243
2 10 21 20.0354 28.5899 16.3578 0.365172 241
2 10 22 29.3636 1.41619 5.8413 0.348522 333
2 10 23 29.8066 -3 0 0 188
2 10 24 29.8066 -3 0 0 165
2 10 25 28.7184 0.999187 5.2709 0.370268 991
2 10 26 29.8066 -3 0 0 175
2 10 27 26.088 4.95537 8.26847 0.367049 357
2 10 28 28.902 1.70823 5.53257 0.461012 488
2 10 29 29.8066 -3 0 0 195
2 10 30 30.441 11.213 20 0.436443 265
2 10 31 30.71 1.22866 5.66726 0.333039 1090
2 10 32 27.801 0.867265 4.57935 0.480876 626
2 10 33 29.7298 1.54585 5.52796 0.368468 406
2 10 34 29.8066 -3 0 0 24
2 10 35 29.4329 1.01496 5.35853 0.245957 1314
2 10 36 34.5752 3.15468 10.5179 0.547299 315
2 10 37 29.8066 -3 0 0 192
2 10 38 31.8829 1.33562 5.82099 0.378585 1747
2 10 39 24.3176 8.46596 9.33808 0.629218 600
2 10 40 35.4299 8.99108 20 0.452876 265
2 10 41 30.0827 1.06209 5.42713 0.277287 603
2 10 42 28.5625 2.30485 6.03786 0.442606 332
2 10 43 34.0003 2.9016 9.74729 0.32293 246
2 10 44 27.2426 0.946071 4.40703 0.607286 851
2 10 45 29.7615 1.50881 5.17388 0.426051 495
2 10 46 29.8066 -3 0 0 31
2 10 47 32.8503 1.35357 7.30358 0.386408 2712
2 10 48 31.697 5.37698 13.6021 0.547123 371
2 10 49 26.564 16.1563 20 0.41573 234
2 10 50 29.9722 1.92938 6.1498 0.420817 606
2 10 51 25 -2 0 0 260
2 10 52 25 -2 0 0 223
2 10 53 27.5451 1.1432 4.05828 0.36101 458
2 10 54 28.4564 1.32409 4.94476 0.268396 423
2 10 55 25 -2 0 0 259
2 10 56 30.3205 2.86466 6.31814 0.503496 295
2 10 57 27.7565 1.36555 5.15555 0.42113 331
2 10 58 28.0497 1.159 4.34977 0.389175 335
2 10 59 29.8066 -3 0 0 182
2 10 60 28.2225 1.0597 4.88549 0.383348 868
2 10 61 29.8066 -3 0 0 160
2 10 62 28.7308 2.44936 8.82305 0.297751 235
2 10 63 27.8258 1.50166 4.92536 0.300107 306
2 11 0 32.8807 13.9162 20 0.412057 335
2 11 1 31.867 2.63416 8.37595 0.295795 289
2 11 2 29.3428 2.52229 6.87003 0.28861 227
2 11 3 29.3358 -3 0 0 92
2 11 4 29.3358 -3 0 0 132
2 11 5 29.3358 -3 0 0 154
2 11 6 29.3358 -3 0 0 161
2 11 7 29.3358 -3 0 0 64
2 11 8 29.3358 -3 0 0 163
2 11 9 29.3358 -3 0 0 107
2 11 10 29.3358 -3 0 0 76
2 11 11 23 -2 0 0 206
2 11 12 29.3358 -3 0 0 144
2 11 13 29.3358 -3 0 0 70
2 11 14 25 -2 0 0 341
2 11 15 29.3358 -3 0 0 84
2 11 16 29.3358 -3 0 0 73
2 11 17 26 -2 0 0 205
2 11 18 29.3358 -3 0 0 109
2 11 19 29.3358 -3 0 0 96
2 11 20 29.3358 -3 0 0 111
2 11 21 29.3358 -3 0 0 143
2 11 22 29.3358 -3 0 0 73
2 11 23 29.3358 -3 0 0 173
2 11 24 25 -2 0 0 213
2 11 25 29.3358 -3 0 0 95
2 11 26 25 -2 0 0 308
2 11 27 29.3358 -3 0 0 93
2 11 28 29.3358 -3 0 0 63
2 11 29 27.9786 16.5972 20 0.353458 211
2 11 30 29.3358 -3 0 0 82
2 11 31 29.3358 -3 0 0 79
2 11 32 29.3358 -3 0 0 82
2 11 33 29.3358 -3 0 0 94
2 11 34 25 -2 0 0 309
2 11 35 29.3358 -3 0 0 60
2 11 36 29.3358 -3 0 0 91
2 11 37 29.3358 -3 0 0 132
2 11 38 29.3358 -3 0 0 80
2 11 39 29.3358 -3 0 0 92
2 11 40 29.3358 -3 0 0 98
2 11 41 29.3358 -3 0 0 66
2 11 42 29.3358 -3 0 0 104
2 11 43 29.3358 -3 0 0 198
2 11 44 29.3358 -3 0 0 64
2 11 45 29.3358 -3 0 0 72
2 11 46 26.7485 1.39898 4.3609 0.348459 291
2 11 47 29.3358 -3 0 0 67
2 11 48 29.3358 -3 0 0 113
2 11 49 29.3358 -3 0 0 156
2 11 50 29.3358 -3 0 0 90
2 11 51 29.3358 -3 0 0 192
2 11 52 29.3358 -3 0 0 159
2 11 53 29.3358 -3 0 0 77
2 11 54 29.3358 -3 0 0 82
2 11 55 29.3358 -3 0 0 178
2 11 56 29.3358 -3 0 0 113
2 11 57 29.3358 -3 0 0 150
2 11 58 29.3358 -3 0 0 103
2 11 59 23 -2 0 0 252
2 11 60 29.3358 -3 0 0 81
2 11 61 28.9616 2.24217 6.76176 0.253845 211
2 11 62 27.0496 14.2093 20 0.348596 236
2 11 63 29.3358 -3 0 0 147
2 12 0 29.6486 1.85894 5.34481 0.346382 291
2 12 1 29.6147 2.82884 7.85593 0.424505 323
2 12 2 27.8038 1.14699 4.62019 0.399551 440
2 12 3 31.5499 1.32486 6.05898 0.482242 701
2 12 4 30.8018 3.02935 9.35023 0.346012 276
2 12 5 31.9904 2.51443 9.05231 0.457526 339
2 12 6 32.3279 1.88718 7.14554 0.327646 453
2 12 7 30.5671 1.10856 5.73609 0.426471 1800
2 12 8 30.1264 1.92938 4.94302 0.405514 300
2 12 9 33.3794 1.28236 7.00533 0.287647 813
2 12 10 30.3642 0.944131 5.58397 0.387543 1312
2 12 11 23 -2 0 0 256
2 12 12 32.1904 1.32095 5.50488 0.25746 431
2 12 13 30.2977 1.0333 4.89268 0.457205 667
2 12 14 28.979 2.27716 4.83885 0.420988 234
2 12 15 27.0315 0.945679 5.12664 0.369991 608
2 12 16 30.0842 0.816654 4.74286 0.429797 1360
2 12 17 26 -2 0 0 214
2 12 18 29.3631 1.4209 5.61961 0.376215 405
2 12 19 29.3512 0.908359 4.53253 0.865448 1334
2 12 20 27.6567 0.889596 3.55924 0.47824 292
2 12 21 27.5424 1.19143 5.20641 0.332093 674
2 12 22 30.5328 1.08714 5.12792 0.455735 826
2 12 23 34.0135 3.93421 11.1963 0.42781 216
2 12 24 37.4854 9.75256 20 0.439278 239
2 12 25 34.2006 1.37791 6.20349 0.425435 1062
2 12 26 30.8226 -3 0 0 182
2 12 27 34.2225 2.64783 9.12484 0.477296 408
2 12 28 26.8521 0.851558 4.03474 0.491348 720
2 12 29 30.8226 -3 0 0 175
2 12 30 28.1708 6.93616 9.67443 0.435151 277
2 12 31 29.6586 0.987765 5.47611 0.610858 832
2 12 32 29.8054 1.26305 5.38279 0.370963 483
2 12 33 29.0747 1.95926 4.8205 0.472156 340
2 12 34 30.8226 -3 0 0 164
2 12 35 30.2297 1.30906 6.51726 0.491667 794
2 12 36 31.4518 2.94124 10.5953 0.402561 254
2 12 37 30.8226 -3 0 0 164
2 12 38 33.6711 1.38601 6.48541 0.468359 480
2 12 39 30 -2 0 0 207
2 12 40 30.8226 -3 0 0 197
2 12 41 31.1291 3.59248 9.83304 0.353932 362
2 12 42 30.8226 -3 0 0 161
2 12 43 29.278 2.48793 6.3706 0.351304 218
2 12 44 26.4384 1.48133 6.52593 0.307066 345
2 12 45 31.4891 1.80128 7.28164 0.29897 295
2 12 46 30.8226 -3 0 0 142
2 12 47 30.5518 1.30055 5.80651 0.379733 485
2 12 48 25 -2 0 0 269
2 12 49 30.8226 -3 0 0 159
2 12 50 28.2838 2.07117 5.13464 0.404998 276
2 12 51 30.8226 -3 0 0 116
2 12 52 30.8226 -3 0 0 134
2 12 53 31.4102 10.3656 17.1285 0.515385 279
2 12 54 30.8226 -3 0 0 190
2 12 55 30.8226 -3 0 0 110
2 12 56 30.8226 -3 0 0 197
2 12 57 30.8226 -3 0 0 143
2 12 58 30.8226 -3 0 0 178
2 12 59 30.8226 -3 0 0 112
2 12 60 25 -2 0 0 239
2 12 61 30.8226 -3 0 0 119
2 12 62 30.8226 -3 0 0 120
2 12 63 30.8226 -3 0 0 151
2 13 0 31.2676 -3 0 0 153
2 13 1 31.2676 -3 0 0 115
2 13 2 31.2676 -3 0 0 115
2 13 3 31.2676 -3 0 0 68
2 13 4 31.2676 -3 0 0 87
2 13 5 31.2676 -3 0 0 71
2 13 6 31.2676 -3 0 0 93
2 13 7 31.2676 -3 0 0 45
2 13 8 31.2676 -3 0 0 114
2 13 9 31.2676 -3 0 0 60
2 13 10 31.2676 -3 0 0 46
2 13 11 31.2676 -3 0 0 101
2 13 12 31.2676 -3 0 0 69
2 13 13 31.2676 -3 0 0 66
2 13 14 31.2676 -3 0 0 183
2 13 15 31.2676 -3 0 0 56
2 13 16 31.2676 -3 0 0 66
2 13 17 31.2676 -3 0 0 138
2 13 18 31.2676 -3 0 0 70
2 13 19 31.2676 -3 0 0 55
2 13 20 31.2676 -3 0 0 69
2 13 21 31.2676 -3 0 0 77
2 13 22 31.2676 -3 0 0 55
2 13 23 31.2676 -3 0 0 103
2 13 24 31.2676 -3 0 0 122
2 13 25 31.2676 -3 0 0 51
2 13 26 31.2676 -3 0 0 169
2 13 27 31.2676 -3 0 0 77
2 13 28 31.2676 -3 0 0 53
2 13 29 31.2676 -3 0 0 147
2 13 30 31.2676 -3 0 0 73
2 13 31 31.2676 -3 0 0 53
2 13 32 31.2676 -3 0 0 47
2 13 33 31.2676 -3 0 0 65
2 13 34 31.2676 -3 0 0 191
2 13 35 31.2676 -3 0 0 61
2 13 36 31.2676 -3 0 0 82
2 13 37 31.2676 -3 0 0 125
2 13 38 31.2676 -3 0 0 55
2 13 39 31.2676 -3 0 0 111
2 13 40 31.2676 -3 0 0 82
2 13 41 31.2676 -3 0 0 67
2 13 42 31.2676 -3 0 0 108
2 13 43 31.2676 -3 0 0 172
2 13 44 31.2676 -3 0 0 73
2 13 45 31.2676 -3 0 0 93
2 13 46 41 -2 0 0 232
2 13 47 31.2676 -3 0 0 78
2 13 48 31.2676 -3 0 0 67
2 13 49 31.2676 -3 0 0 154
2 13 50 31.2676 -3 0 0 99
2 13 51 27.2875 7.64734 8.75798 0.229008 253
2 13 52 31.2676 -3 0 0 184
2 13 53 31.2676 -3 0 0 103
2 13 54 31.2676 -3 0 0 125
2 13 55 31.7104 5.0472 12.7662 0.283936 209
2 13 56 31.2676 -3 0 0 152
2 13 57 31.2676 -3 0 0 162
2 13 58 31.2676 -3 0 0 119
2 13 59 23 -2 0 0 236
2 13 60 31.2676 -3 0 0 113
2 13 61 26 -2 0 0 337
2 13 62 27.8962 16.0104 20 0.404577 278
2 13 63 31.2676 -3 0 0 137
2 14 0 30.097 -3 0 0 154
2 14 1 30.097 -3 0 0 191
2 14 2 34.1734 6.34841 15.787 0.324807 231
2 14 3 30.7477 2.44686 7.98413 0.265878 221
2 14 4 30.097 -3 0 0 121
2 14 5 30.097 -3 0 0 195
2 14 6 29.5455 2.93741 9.16959 0.288185 255
2 14 7 25 -2 0 0 352
2 14 8 30.097 -3 0 0 166
2 14 9 25 -2 0 0 369
2 14 10 30.8598 2.1203 6.71822 0.297409 499
2 14 11 30.097 -3 0 0 118
2 14 12 23.537 4.46612 10.8245 0.285555 229
2 14 13 24.8709 18.0932 20 0.34253 206
2 14 14 30.097 -3 0 0 136
2 14 15 30.097 -3 0 0 177
2 14 16 29.2389 1.34965 6.29483 0.352635 663
2 14 17 30.097 -3 0 0 128
2 14 18 30.097 -3 0 0 157
2 14 19 31.0028 2.98252 10.2538 0.301887 312
2 14 20 30.097 -3 0 0 127
2 14 21 26.1272 3.97235 6.2453 0.295084 341
2 14 22 33.1329 4.10132 12.0233 0.283625 244
2 14 23 30.097 -3 0 0 80
2 14 24 30.097 -3 0 0 138
2 14 25 30.8866 2.04337 6.65113 0.313691 240
2 14 26 30.097 -3 0 0 127
2 14 27 30.097 -3 0 0 152
2 14 28 30.097 -3 0 0 163
2 14 29 30.097 -3 0 0 84
2 14 30 30.097 -3 0 0 133
2 14 31 30.097 -3 0 0 158
2 14 32 30.097 -3 0 0 108
2 14 33 30.097 -3 0 0 94
2 14 34 30.097 -3 0 0 109
2 14 35 30.097 -3 0 0 131
2 14 36 30.097 -3 0 0 104
2 14 37 30.097 -3 0 0 89
2 14 38 30.097 -3 0 0 118
2 14 39 30.097 -3 0 0 71
2 14 40 30.097 -3 0 0 99
2 14 41 30.097 -3 0 0 111
2 14 42 30.097 -3 0 0 91
2 14 43 30.097 -3 0 0 93
2 14 44 30.097 -3 0 0 75
2 14 45 30.097 -3 0 0 79
2 14 46 30.097 -3 0 0 83
2 14 47 30.097 -3 0 0 24
2 14 48 30.097 -3 0 0 93
2 14 49 30.097 -3 0 0 91
2 14 50 30.097 -3 0 0 95
2 14 51 30.097 -3 0 0 40
2 14 52 30.097 -3 0 0 62
2 14 53 30.097 -3 0 0 76
2 14 54 30.097 -3 0 0 77
2 14 55 30.097 -3 0 0 68
2 14 56 30.097 -3 0 0 73
2 14 57 30.097 -3 0 0 49
2 14 58 30.097 -3 0 0 69
2 14 59 30.097 -3 0 0 82
2 14 60 30.097 -3 0 0 71
2 14 61 30.097 -3 0 0 56
2 14 62 30.097 -3 0 0 63
2 14 63 30.097 -3 0 0 81
2 15 0 27.7831 -3 0 0 61
2 15 1 27.7831 -3 0 0 54
2 15 2 27.7831 -3 0 0 34
2 15 3 27.7831 -3 0 0 40
2 15 4 27.7831 -3 0 0 47
2 15 5 27.7831 -3 0 0 26
2 15 6 27.7831 -3 0 0 36
2 15 7 27.7831 -3 0 0 27
2 15 8 27.7831 -3 0 0 42
2 15 9 27.7831 -3 0 0 32
2 15 10 27.7831 -3 0 0 41
2 15 11 27.7831 -3 0 0 70
2 15 12 27.7831 -3 0 0 36
2 15 13 27.7831 -3 0 0 34
2 15 14 27.7831 -3 0 0 70
2 15 15 27.7831 -3 0 0 49
2 15 16 27.7831 -3 0 0 20
2 15 17 27.7831 -3 0 0 53
2 15 18 27.7831 -3 0 0 51
2 15 19 27.7831 -3 0 0 38
2 15 20 27.7831 -3 0 0 31
2 15 21 27.7831 -3 0 0 40
2 15 22 27.7831 -3 0 0 28
2 15 23 27.7831 -3 0 0 48
2 15 24 27.7831 -3 0 0 53
2 15 25 27.7831 -3 0 0 45
2 15 26 27.7831 -3 0 0 80
2 15 27 27.7831 -3 0 0 46
2 15 28 27.7831 -3 0 0 42
2 15 29 27.7831 -3 0 0 63
2 15 30 27.7831 -3 0 0 53
2 15 31 27.7831 -3 0 0 42
2 15 32 27.7831 -3 0 0 37
2 15 33 27.7831 -3 0 0 33
2 15 34 27.7831 -3 0 0 105
2 15 35 27.7831 -3 0 0 40
2 15 36 27.7831 -3 0 0 40
2 15 37 27.7831 -3 0 0 61
2 15 38 27.7831 -3 0 0 48
2 15 39 27.7831 -3 0 0 87
2 15 40 27.7831 -3 0 0 51
2 15 41 27.7831 -3 0 0 51
2 15 42 27.7831 -3 0 0 55
2 15 43 27.7831 -3 0 0 86
2 15 44 27.7831 -3 0 0 51
2 15 45 27.7831 -3 0 0 50
2 15 46 27.7831 -3 0 0 113
2 15 47 27.7831 -3 0 0 56
2 15 48 27.7831 -3 0 0 60
2 15 49 27.7831 -3 0 0 78
2 15 50 27.7831 -3 0 0 58
2 15 51 27.7831 -3 0 0 150
2 15 52 27.7831 -3 0 0 88
2 15 53 27.7831 -3 0 0 67
2 15 54 27.7831 -3 0 0 62
2 15 55 27.7831 -3 0 0 104
2 15 56 27.7831 -3 0 0 99
2 15 57 27.7831 -3 0 0 105
2 15 58 27.7831 -3 0 0 80
2 15 59 27.7831 -3 0 0 110
2 15 60 27.7831 -3 0 0 87
2 15 61 27.7831 -3 0 0 167
2 15 62 27.7831 -3 0 0 126
2 15 63 27.7831 -3 0 0 95
3 0 0 33.2778 -3 0 0 103
3 0 1 33.2778 -3 0 0 76
3 0 2 33.2778 -3 0 0 66
3 0 3 33.2778 -3 0 0 65
3 0 4 33.2778 -3 0 0 77
3 0 5 33.2778 -3 0 0 56
3 0 6 33.2778 -3 0 0 72
3 0 7 33.2778 -3 0 0 63
3 0 8 33.2778 -3 0 0 64
3 0 9 33.2778 -3 0 0 44
3 0 10 33.2778 -3 0 0 56
3 0 11 33.2778 -3 0 0 98
3 0 12 33.2778 -3 0 0 60
3 0 13 33.2778 -3 0 0 41
3 0 14 33.2778 -3 0 0 106
3 0 15 33.2778 -3 0 0 54
3 0 16 33.2778 -3 0 0 39
3 0 17 33.2778 -3 0 0 107
3 0 18 33.2778 -3 0 0 68
3 0 19 33.2778 -3 0 0 64
3 0 20 33.2778 -3 0 0 73
3 0 21 33.2778 -3 0 0 65
3 0 22 33.2778 -3 0 0 37
3 0 23 33.2778 -3 0 0 100
3 0 24 33.2778 -3 0 0 93
3 0 25 33.2778 -3 0 0 76
3 0 26 33.2778 -3 0 0 123
3 0 27 33.2778 -3 0 0 71
3 0 28 33.2778 -3 0 0 62
3 0 29 33.2778 -3 0 0 125
3 0 30 33.2778 -3 0 0 63
3 0 31 33.2778 -3 0 0 72
3 0 32 33.2778 -3 0 0 101
3 0 33 33.2778 -3 0 0 86
3 0 34 33.2778 -3 0 0 187
3 0 35 33.2778 -3 0 0 79
3 0 36 33.2778 -3 0 0 100
3 0 37 33.2778 -3 0 0 123
3 0 38 33.2778 -3 0 0 92
3 0 39 33.2778 -3 0 0 159
3 0 40 33.2778 -3 0 0 82
3 0 41 33.2778 -3 0 0 94
3 0 42 33.2778 -3 0 0 143
3 0 43 33.2778 -3 0 0 155
3 0 44 33.2778 -3 0 0 86
3 0 45 33.2778 -3 0 0 93
3 0 46 33.2778 -3 0 0 196
3 0 47 33.2778 -3 0 0 117
3 0 48 33.2778 -3 0 0 109
3 0 49 33.2778 -3 0 0 113
3 0 50 33.2778 -3 0 0 89
3 0 51 24 -2 0 0 287
3 0 52 33.2778 -3 0 0 171
3 0 53 33.2778 -3 0 0 145
3 0 54 33.2778 -3 0 0 124
3 0 55 36.6592 5.57822 14.1675 0.340628 213
3 0 56 27 -2 0 0 212
3 0 57 35.2688 11.7329 18.5801 0.362724 237
3 0 58 33.2778 -3 0 0 138
3 0 59 35.9968 6.82443 15.5535 0.33181 216
3 0 60 33.2778 -3 0 0 170
3 0 61 31.1957 1.60136 6.19014 0.232391 387
3 0 62 34.1102 2.28212 8.00937 0.306913 327
3 0 63 33.2778 -3 0 0 186
3 1 0 31.1583 1.40622 5.67491 0.33851 405
3 1 1 32.2066 1.86006 6.83973 0.351423 479
3 1 2 30.868 1.4318 5.48324 0.411549 525
3 1 3 25 -2 0 0 372
3 1 4 31.7725 -3 0 0 198
3 1 5 34.0617 3.34121 10.2423 0.469803 319
3 1 6 31.0257 5.14715 12.2398 0.547146 582
3 1 7 28.6946 1.44664 5.57735 0.383815 452
3 1 8 31.5758 3.09686 8.39979 0.409966 296
3 1 9 29.1316 1.37307 4.76665 0.447088 563
3 1 10 30.6834 1.39712 5.62767 0.370276 610
3 1 11 25 -2 0 0 236
3 1 12 32.9524 8.68589 20 0.561009 299
3 1 13 28 -2 0 0 276
3 1 14 31.2049 15.4467 19.0072 0.359722 240
3 1 15 32.3061 1.88357 6.95337 0.220045 246
3 1 16 31.64 1.33314 6.75856 0.299439 838
3 1 17 25 -2 0 0 248
3 1 18 33.6018 2.81327 7.4363 0.394294 237
3 1 19 30.1519 2.29924 7.29645 0.366448 328
3 1 20 31.7725 -3 0 0 175
3 1 21 30.7603 1.36477 5.67097 0.316055 572
3 1 22 30.1741 4.08223 9.38267 0.423601 299
3 1 23 31.7725 -3 0 0 159
3 1 24 33.62 4.59058 12.7782 0.375751 291
3 1 25 34.2728 3.43426 10.245 0.38483 258
3 1 26 31.7725 -3 0 0 198
3 1 27 31.7725 -3 0 0 163
3 1 28 34.9281 2.72273 8.68697 0.30452 202
3 1 29 31.7725 -3 0 0 128
3 1 30 31.7725 -3 0 0 182
3 1 31 31.7725 -3 0 0 178
3 1 32 31.7725 -3 0 0 158
3 1 33 31.7725 -3 0 0 127
3 1 34 31.7725 -3 0 0 184
3 1 35 31.7725 -3 0 0 125
3 1 36 31.7725 -3 0 0 113
3 1 37 31.7725 -3 0 0 125
3 1 38 31.7725 -3 0 0 114
3 1 39 31.7725 -3 0 0 93
3 1 40 31.7725 -3 0 0 122
3 1 41 31.7725 -3 0 0 105
3 1 42 31.7725 -3 0 0 88
3 1 43 31.7725 -3 0 0 112
3 1 44 31.7725 -3 0 0 83
3 1 45 31.7725 -3 0 0 149
3 1 46 31.7725 -3 0 0 157
3 1 47 31.7725 -3 0 0 106
3 1 48 31.7725 -3 0 0 148
3 1 49 31.7725 -3 0 0 96
3 1 50 31.7725 -3 0 0 113
3 1 51 31.7725 -3 0 0 93
3 1 52 31.7725 -3 0 0 94
3 1 53 31.7725 -3 0 0 109
3 1 54 31.7725 -3 0 0 83
3 1 55 31.7725 -3 0 0 73
3 1 56 31.7725 -3 0 0 65
3 1 57 31.7725 -3 0 0 93
3 1 58 31.7725 -3 0 0 88
3 1 59 31.7725 -3 0 0 91
3 1 60 31.7725 -3 0 0 89
3 1 61 31.7725 -3 0 0 84
3 1 62 31.7725 -3 0 0 94
3 1 63 31.7725 -3 0 0 76
3 2 0 33.1532 1.72461 7.21183 0.301953 374
3 2 1 30.1635 1.96817 6.63883 0.469289 335
3 2 2 25 -2 0 0 251
3 2 3 31.3511 -3 0 0 110
3 2 4 33.4877 6.39236 16.1489 0.468868 256
3 2 5 31.3511 -3 0 0 185
3 2 6 31.3511 -3 0 0 196
3 2 7 31.3511 -3 0 0 92
3 2 8 31.3511 -3 0 0 187
3 2 9 31.3511 -3 0 0 126
3 2 10 31.3511 -3 0 0 108
3 2 11 31.111 2.3693 7.31591 0.304339 344
3 2 12 31.3511 -3 0 0 181
3 2 13 31.3511 -3 0 0 111
3 2 14 32.6718 1.52236 5.84686 0.395008 559
3 2 15 31.3511 -3 0 0 126
3 2 16 31.3511 -3 0 0 82
3 2 17 26 -2 0 0 341
3 2 18 31.3511 -3 0 0 142
3 2 19 31.3511 -3 0 0 144
3 2 20 29 -2 0 0 228
3 2 21 23 -2 0 0 203
3 2 22 31.3511 -3 0 0 108
3 2 23 24 -2 0 0 263
3 2 24 25 -2 0 0 288
3 2 25 31.3511 -3 0 0 107
3 2 26 23 -2 0 0 626
3 2 27 31.3511 -3 0 0 166
3 2 28 31.3511 -3 0 0 164
3 2 29 29.3744 1.33046 5.90108 0.295791 415
3 2 30 31.3511 -3 0 0 176
3 2 31 31.3511 -3 0 0 126
3 2 32 31.3511 -3 0 0 133
3 2 33 31.3511 -3 0 0 191
3 2 34 32.0316 2.1815 6.29159 0.490043 572
3 2 35 31.3511 -3 0 0 148
3 2 36 31.3511 -3 0 0 192
3 2 37 33.4405 3.20971 10.0311 0.471375 372
3 2 38 31.3511 -3 0 0 153
3 2 39 26 -2 0 0 271
3 2 40 31.414 1.6802 5.50673 0.363533 235
3 2 41 31.3511 -3 0 0 125
3 2 42 28 -2 0 0 343
3 2 43 30.6291 2.11814 5.96826 0.420266 499
3 2 44 31.3511 -3 0 0 133
3 2 45 31.3511 -3 0 0 162
3 2 46 30.3441 1.25213 5.36339 0.357584 775
3 2 47 31.3511 -3 0 0 170
3 2 48 27 -2 0 0 251
3 2 49 30.8584 2.18929 6.63253 0.430291 449
3 2 50 31.3511 -3 0 0 189
3 2 51 32.6883 1.62533 6.30771 0.289478 731
3 2 52 28.319 1.32776 5.61711 0.30662 564
3 2 53 31.3511 -3 0 0 194
3 2 54 29.3431 1.80018 6.10307 0.320537 206
3 2 55 29.8512 1.29615 5.69656 0.388843 533
3 2 56 34.0826 2.49739 10.5176 0.418122 379
3 2 57 32.3704 1.54864 6.30595 0.345623 581
3 2 58 28.7 1.34808 5.76857 0.393385 333
3 2 59 29.0949 1.24817 5.47013 0.412196 862
3 2 60 30.3359 1.54313 5.78745 0.293724 211
3 2 61 33.682 2.06754 7.04274 0.33952 1395
3 2 62 30.4435 1.2187 6.0213 0.263302 936
3 2 63 27.8086 12.5304 20 0.648174 353
3 3 0 35.197 1.89014 6.80529 0.452982 485
3 3 1 32.8991 1.46793 6.25806 0.40782 642
3 3 2 32.1883 0.99362 5.76444 0.347886 526
3 3 3 30.2913 1.30272 5.97188 0.451287 520
3 3 4 32.1893 1.70331 6.34074 0.312548 298
3 3 5 30.9704 1.41588 5.46286 0.454585 362
3 3 6 38 -2 0 0 780
3 3 7 31.6884 0.850895 5.84836 0.343991 1133
3 3 8 27 -2 0 0 309
3 3 9 31.9467 0.926276 5.89608 0.355016 802
3 3 10 32.2162 0.899573 5.86466 0.418326 1069
3 3 11 30.7106 13.6927 20 0.484967 240
3 3 12 31.8138 1.43986 5.47493 0.444934 350
3 3 13 30.07 0.888696 5.0585 0.375564 696
3 3 14 35.8252 1.69224 7.03771 0.329614 341
3 3 15 32.982 1.64524 6.96085 0.443585 370
3 3 16 37.9212 1.34051 8.2722 0.613362 1380
3 3 17 35.7546 3.42777 10.2891 0.33342 228
3 3 18 32.6651 2.18879 8.5021 0.534888 259
3 3 19 32.3064 1.02263 5.11035 0.349402 546
3 3 20 32.9578 -3 0 0 188
3 3 21 31.3057 1.0724 6.05556 0.500441 824
3 3 22 30.3002 0.985687 4.60964 0.379637 505
3 3 23 31.2672 1.44536 5.43785 0.461953 298
3 3 24 30.3241 1.2602 4.99174 0.396329 295
3 3 25 34.6865 1.24703 5.68879 0.478227 452
3 3 26 36.9634 1.76919 7.38388 0.301372 251
3 3 27 31.1141 1.21148 5.5899 0.404118 270
3 3 28 37 -2 0 0 315
3 3 29 34.3847 4.7532 13.8557 0.37799 213
3 3 30 30 -2 0 0 228
3 3 31 34.2623 1.49909 7.0518 0.423233 458
3 3 32 33.7599 1.24712 5.53449 0.315894 311
3 3 33 30.8672 1.21908 4.23986 0.412935 310
3 3 34 31 -2 0 0 228
3 3 35 33.252 1.67419 6.00986 0.427723 322
3 3 36 29 -2 0 0 258
3 3 37 32.9578 -3 0 0 183
3 3 38 36.5836 6.20212 15.9138 0.593258 314
3 3 39 32.9578 -3 0 0 164
3 3 40 31.9242 1.67247 6.05057 0.397951 256
3 3 41 33.0553 1.8204 6.01395 0.375878 251
3 3 42 42 -2 0 0 305
3 3 43 32.9578 -3 0 0 149
3 3 44 29 -2 0 0 251
3 3 45 30.6356 1.39501 4.33051 0.467557 212
3 3 46 38 -2 0 0 214
3 3 47 33.4906 1.50013 6.30208 0.263811 321
3 3 48 32.9578 -3 0 0 176
3 3 49 29.9187 16.557 20 0.413177 211
3 3 50 33.0633 1.81638 6.77023 0.307826 218
3 3 51 32.9578 -3 0 0 150
3 3 52 31.8753 1.78509 6.02782 0.351728 233
3 3 53 34.0374 1.88215 6.30523 0.35842 220
3 3 54 26 -2 0 0 204
3 3 55 32.9578 -3 0 0 194
3 3 56 30.8263 1.28445 4.62972 0.461078 226
3 3 57 32.0453 6.03129 13.5114 0.362679 219
3 3 58 32.9578 -3 0 0 174
3 3 59 27.2889 3.85811 7.63191 0.318331 205
3 3 60 32.7819 2.03935 7.97448 0.313936 235
3 3 61 32.9578 -3 0 0 167
3 3 62 32.9578 -3 0 0 182
3 3 63 32.9578 -3 0 0 135
3 4 0 32.0838 1.23734 6.58661 0.276905 1378
3 4 1 31.6595 1.43593 5.96544 0.327188 762
3 4 2 30.4937 1.23092 4.81868 0.390579 575
3 4 3 32.7513 -3 0 0 143
3 4 4 27 -2 0 0 291
3 4 5 27 -2 0 0 378
3 4 6 31.4929 1.3049 5.91629 0.231011 344
3 4 7 32.7513 -3 0 0 139
3 4 8 30.6054 1.31215 4.95565 0.487419 409
3 4 9 29.6397 4.3297 10.5867 0.275329 269
3 4 10 38.7709 9.566 19.4848 0.389599 214
3 4 11 32.2216 2.02285 6.79219 0.463567 398
3 4 12 34.324 4.31774 12.7807 0.338169 207
3 4 13 32.7513 -3 0 0 174
3 4 14 33.6744 1.44421 5.72791 0.461261 1053
3 4 15 32.7513 -3 0 0 154
3 4 16 32.7513 -3 0 0 136
3 4 17 30.366 1.40707 4.51756 0.562744 543
3 4 18 34.9437 12.1934 20 0.467815 201
3 4 19 32.7513 -3 0 0 140
3 4 20 32.7513 -3 0 0 199
3 4 21 33.645 2.08826 8.49638 0.313281 244
3 4 22 26 -2 0 0 208
3 4 23 33.5076 2.05794 7.92214 0.338331 309
3 4 24 30.9528 1.4144 6.16659 0.378943 637
3 4 25 32.7513 -3 0 0 136
3 4 26 32.7319 1.25118 5.75205 0.389368 869
3 4 27 32.7513 -3 0 0 142
3 4 28 32.7513 -3 0 0 94
3 4 29 30.5126 1.67622 7.11091 0.333621 488
3 4 30 32 -2 0 0 204
3 4 31 32.7513 -3 0 0 99
3 4 32 32.7513 -3 0 0 111
3 4 33 32.7513 -3 0 0 116
3 4 34 31.4022 1.33813 5.87466 0.382675 639
3 4 35 32.7513 -3 0 0 120
3 4 36 32.7513 -3 0 0 174
3 4 37 34.7529 9.35271 17.238 0.600014 280
3 4 38 32.7513 -3 0 0 111
3 4 39 32.7513 -3 0 0 148
3 4 40 30.8981 2.28729 7.56745 0.359635 214
3 4 41 32.7513 -3 0 0 100
3 4 42 25 -2 0 0 206
3 4 43 35.615 2.3306 7.7501 0.379236 451
3 4 44 32.7513 -3 0 0 110
3 4 45 32.7513 -3 0 0 131
3 4 46 30.3185 1.3727 6.18686 0.341274 588
3 4 47 32.7513 -3 0 0 77
3 4 48 32.7513 -3 0 0 131
3 4 49 33.4221 2.22955 8.6016 0.347182 281
3 4 50 32.7513 -3 0 0 134
3 4 51 34.2766 4.66714 13.538 0.425395 259
3 4 52 33.3621 1.91153 7.28494 0.383445 276
3 4 53 32.7513 -3 0 0 102
3 4 54 32.7513 -3 0 0 145
3 4 55 24 -2 0 0 269
3 4 56 27 -2 0 0 202
3 4 57 34.6877 4.59161 12.4452 0.400127 281
3 4 58 22 -2 0 0 208
3 4 59 30.6896 3.83029 10.0962 0.455349 416
3 4 60 32.7513 -3 0 0 133
3 4 61 31.7044 1.86065 5.78448 0.48014 416
3 4 62 30.8929 1.38993 5.97689 0.354103 413
3 4 63 29.2708 1.52888 5.61591 0.305236 213
3 5 0 28.2556 16.625 20 0.420823 218
3 5 1 31.0741 -3 0 0 188
3 5 2 29.4421 1.40067 5.58998 0.297858 252
3 5 3 26 -2 0 0 229
3 5 4 34.6159 5.65373 14.846 0.428583 255
3 5 5 28.9184 1.11805 4.18127 0.505991 299
3 5 6 30.4675 1.70096 5.87525 0.312697 248
3 5 7 30.7387 1.70518 5.9927 0.491652 300
3 5 8 30.0373 2.24531 5.99862 0.372141 306
3 5 9 32.6089 13.3379 19.9999 0.471429 274
3 5 10 26 -2 0 0 243
3 5 11 31.0741 -3 0 0 191
3 5 12 34.1979 3.12637 8.06851 0.353252 223
3 5 13 30 -2 0 0 289
3 5 14 31.0741 -3 0 0 161
3 5 15 29.1395 1.17411 4.96683 0.461867 324
3 5 16 31.6704 1.73481 5.93274 0.379574 350
3 5 17 31.0741 -3 0 0 184
3 5 18 28 -2 0 0 220
3 5 19 29.9373 1.71318 6.41828 0.440816 433
3 5 20 33.4475 3.2781 9.0757 0.379562 334
3 5 21 34.0739 3.02109 9.96768 0.411019 266
3 5 22 28.9202 1.20569 5.28441 0.381172 381
3 5 23 30.148 1.46037 4.38722 0.317725 266
3 5 24 34.9663 5.33698 15.2589 0.383823 203
3 5 25 30.5078 1.12968 4.89126 0.474057 469
3 5 26 29.8129 1.85665 5.70462 0.304489 219
3 5 27 29.0127 1.3842 3.81587 0.397989 361
3 5 28 29.392 1.32344 5.24012 0.36641 306
3 5 29 26 -2 0 0 270
3 5 30 31.6681 1.96278 6.02103 0.396559 352
3 5 31 30.368 1.10678 4.92037 0.343476 604
3 5 32 31.9824 1.43925 6.70908 0.298198 352
3 5 33 37.9934 5.23006 17.0114 0.471187 315
3 5 34 29.1784 2.05448 4.83651 0.459273 296
3 5 35 31.3736 1.4161 5.73655 0.467843 795
3 5 36 28.2853 0.869491 3.85464 0.454909 553
3 5 37 32.3434 1.63323 5.5913 0.24085 341
3 5 38 31.8322 1.0354 6.01724 0.355732 707
3 5 39 31.2648 2.49918 6.39219 0.646559 1031
3 5 40 28.5924 1.0971 3.58097 0.357458 397
3 5 41 29.4506 0.825325 5.51046 0.4378 798
3 5 42 28.4638 0.937442 3.87807 0.37317 396
3 5 43 28.2766 1.16201 4.48515 0.276577 355
3 5 44 30.2703 1.3198 5.37303 0.563139 666
3 5 45 29.353 1.06878 4.45602 0.41243 402
3 5 46 29.6987 1.23203 5.02894 0.375987 391
3 5 47 31.5274 1.04065 7.33137 0.453333 1512
3 5 48 32.1392 2.50298 7.62772 0.522703 387
3 5 49 31.493 2.43326 9.2237 0.363625 272
3 5 50 30.4603 2.7494 6.54255 0.568213 618
3 5 51 30.1811 1.19614 4.62003 0.387445 706
3 5 52 29.1881 0.873928 4.40208 0.377906 451
3 5 53 31.633 1.06171 6.37549 0.293011 841
3 5 54 28.094 1.24187 5.8466 0.382731 386
3 5 55 29.3304 1.26831 6.0637 0.308347 396
3 5 56 30.584 1.33445 4.89237 0.443179 869
3 5 57 28.9908 0.983631 5.31187 0.32661 854
3 5 58 27 -2 0 0 365
3 5 59 29.6545 1.24101 3.81938 0.427923 362
3 5 60 30.4549 1.41953 6.86554 0.466863 728
3 5 61 29.6194 2.2699 5.85235 0.479741 570
3 5 62 30.3302 2.27543 7.18758 0.451295 423
3 5 63 27.3904 1.52769 6.7421 0.3906 388
3 6 0 32.2559 2.39462 6.9753 0.406151 422
3 6 1 34.4858 3.64816 10.3471 0.345455 296
3 6 2 36.9034 2.97805 9.03676 0.214511 241
3 6 3 33.5279 -3 0 0 125
3 6 4 33.5279 -3 0 0 138
3 6 5 33.5279 -3 0 0 169
3 6 6 28 -2 0 0 280
3 6 7 33.5279 -3 0 0 94
3 6 8 33.5279 -3 0 0 200
3 6 9 33.5279 -3 0 0 132
3 6 10 33.5279 -3 0 0 131
3 6 11 33.5279 -3 0 0 123
3 6 12 33.5279 -3 0 0 167
3 6 13 33.5279 -3 0 0 63
3 6 14 31.7018 2.24098 6.28655 0.343261 366
3 6 15 33.5279 -3 0 0 90
3 6 16 33.5279 -3 0 0 142
3 6 17 33.5279 -3 0 0 196
3 6 18 33.5279 -3 0 0 95
3 6 19 33.5279 -3 0 0 94
3 6 20 33.5279 -3 0 0 118
3 6 21 33.5279 -3 0 0 176
3 6 22 33.5279 -3 0 0 125
3 6 23 33.5279 -3 0 0 125
3 6 24 36.9793 10.8925 19.5304 0.323678 213
3 6 25 33.5279 -3 0 0 81
3 6 26 41.3421 9.0042 20 0.318229 219
3 6 27 33.5279 -3 0 0 72
3 6 28 33.5279 -3 0 0 60
3 6 29 33.5279 -3 0 0 174
3 6 30 33.5279 -3 0 0 77
3 6 31 33.5279 -3 0 0 77
3 6 32 33.5279 -3 0 0 50
3 6 33 33.5279 -3 0 0 50
3 6 34 33.5279 -3 0 0 173
3 6 35 33.5279 -3 0 0 50
3 6 36 33.5279 -3 0 0 60
3 6 37 33.5279 -3 0 0 71
3 6 38 33.5279 -3 0 0 39
3 6 39 33.5279 -3 0 0 46
3 6 40 33.5279 -3 0 0 75
3 6 41 33.5279 -3 0 0 59
3 6 42 33.5279 -3 0 0 101
3 6 43 33.5279 -3 0 0 156
3 6 44 33.5279 -3 0 0 61
3 6 45 33.5279 -3 0 0 71
3 6 46 33.5279 -3 0 0 165
3 6 47 33.5279 -3 0 0 48
3 6 48 33.5279 -3 0 0 65
3 6 49 33.5279 -3 0 0 79
3 6 50 33.5279 -3 0 0 44
3 6 51 33.5279 -3 0 0 57
3 6 52 33.5279 -3 0 0 95
3 6 53 33.5279 -3 0 0 51
3 6 54 33.5279 -3 0 0 73
3 6 55 33.5279 -3 0 0 95
3 6 56 33.5279 -3 0 0 53
3 6 57 33.5279 -3 0 0 70
3 6 58 33.5279 -3 0 0 63
3 6 59 33.5279 -3 0 0 146
3 6 60 33.5279 -3 0 0 59
3 6 61 33.5279 -3 0 0 94
3 6 62 33.5279 -3 0 0 81
3 6 63 33.5279 -3 0 0 80
3 7 0 33.6107 -3 0 0 65
3 7 1 33.6107 -3 0 0 79
3 7 2 33.6107 -3 0 0 67
3 7 3 33.6107 -3 0 0 112
3 7 4 33.6107 -3 0 0 84
3 7 5 33.6107 -3 0 0 85
3 7 6 33.6107 -3 0 0 95
3 7 7 33.6107 -3 0 0 82
3 7 8 33.6107 -3 0 0 64
3 7 9 33.6107 -3 0 0 75
3 7 10 33.6107 -3 0 0 69
3 7 11 33.6107 -3 0 0 79
3 7 12 33.6107 -3 0 0 73
3 7 13 33.6107 -3 0 0 98
3 7 14 33.6107 -3 0 0 70
3 7 15 33.6107 -3 0 0 90
3 7 16 33.6107 -3 0 0 87
3 7 17 33.6107 -3 0 0 97
3 7 18 33.6107 -3 0 0 96
3 7 19 33.6107 -3 0 0 156
3 7 20 33.6107 -3 0 0 148
3 7 21 33.6107 -3 0 0 93
3 7 22 33.6107 -3 0 0 91
3 7 23 33.6107 -3 0 0 113
3 7 24 33.6107 -3 0 0 104
3 7 25 33.6107 -3 0 0 146
3 7 26 33.6107 -3 0 0 120
3 7 27 33.6107 -3 0 0 124
3 7 28 33.6107 -3 0 0 114
3 7 29 33.6107 -3 0 0 105
3 7 30 33.6107 -3 0 0 111
3 7 31 33.6107 -3 0 0 175
3 7 32 33.6107 -3 0 0 175
3 7 33 33.6107 -3 0 0 179
3 7 34 33.6107 -3 0 0 151
3 7 35 32.572 1.86179 6.68699 0.275405 321
3 7 36 33.6107 -3 0 0 175
3 7 37 33.6107 -3 0 0 160
3 7 38 35.487 2.80537 9.25595 0.421877 397
3 7 39 33.2625 1.74729 6.29107 0.400635 653
3 7 40 33.6107 -3 0 0 158
3 7 41 37.4276 4.35284 13.7769 0.497565 250
3 7 42 35.9211 3.05799 8.54374 0.367548 255
3 7 43 33.6107 -3 0 0 148
3 7 44 35.552 2.98895 8.62347 0.456339 366
3 7 45 34.9897 4.37396 8.54975 0.383511 278
3 7 46 33.6107 -3 0 0 147
3 7 47 37.3011 2.00491 7.54772 0.380698 743
3 7 48 26 -2 0 0 229
3 7 49 33.6107 -3 0 0 197
3 7 50 32.7973 5.43699 12.1848 0.432163 295
3 7 51 32.0226 1.48569 5.39284 0.324441 497
3 7 52 33.6107 -3 0 0 173
3 7 53 32.5926 1.22207 5.35663 0.315318 695
3 7 54 26.4987 17.8981 10.8043 0.443171 321
3 7 55 26 -2 0 0 245
3 7 56 32.8382 1.63396 5.87917 0.357021 550
3 7 57 31.9276 1.31688 5.85584 0.377071 529
3 7 58 34.1798 1.84459 7.2485 0.375486 297
3 7 59 34 -2 0 0 227
3 7 60 34.569 1.993 6.85508 0.387203 638
3 7 61 33.2665 1.78821 6.96378 0.312527 381
3 7 62 32.6068 1.95095 6.95635 0.402737 255
3 7 63 29.2587 1.64237 5.84713 0.339211 300
3 8 0 30.8774 -3 0 0 69
3 8 1 30.8774 -3 0 0 64
3 8 2 30.8774 -3 0 0 80
3 8 3 30.8774 -3 0 0 99
3 8 4 30.8774 -3 0 0 104
3 8 5 30.8774 -3 0 0 101
3 8 6 30.8774 -3 0 0 76
3 8 7 30.8774 -3 0 0 135
3 8 8 30.8774 -3 0 0 83
3 8 9 30.8774 -3 0 0 100
3 8 10 30.8774 -3 0 0 103
3 8 11 30.8774 -3 0 0 108
3 8 12 30.8774 -3 0 0 102
3 8 13 30.8774 -3 0 0 142
3 8 14 30.8774 -3 0 0 77
3 8 15 30.8774 -3 0 0 112
3 8 16 30.8774 -3 0 0 103
3 8 17 30.8774 -3 0 0 106
3 8 18 30.8774 -3 0 0 100
3 8 19 30.8774 -3 0 0 168
3 8 20 30.8774 -3 0 0 88
3 8 21 30.8774 -3 0 0 68
3 8 22 30.8774 -3 0 0 96
3 8 23 30.8774 -3 0 0 110
3 8 24 30.8774 -3 0 0 81
3 8 25 30.8774 -3 0 0 193
3 8 26 30.8774 -3 0 0 81
3 8 27 30.8774 -3 0 0 125
3 8 28 30.8774 -3 0 0 171
3 8 29 30.8774 -3 0 0 118
3 8 30 30.8774 -3 0 0 94
3 8 31 24 -2 0 0 225
3 8 32 30.8774 -3 0 0 168
3 8 33 30.8774 -3 0 0 181
3 8 34 30.8774 -3 0 0 128
3 8 35 31.2459 1.71545 6.23492 0.316225 313
3 8 36 30.8774 -3 0 0 148
3 8 37 30.8774 -3 0 0 114
3 8 38 31.7812 2.02045 6.13274 0.283372 552
3 8 39 32.8257 2.22733 7.78563 0.331197 320
3 8 40 30.8774 -3 0 0 116
3 8 41 31.4433 2.19678 7.14675 0.299002 296
3 8 42 30.8774 -3 0 0 163
3 8 43 30.8774 -3 0 0 116
3 8 44 29.6796 2.43919 7.54254 0.338441 303
3 8 45 26 -2 0 0 220
3 8 46 30.8774 -3 0 0 114
3 8 47 28.779 1.18102 5.27126 0.290536 838
3 8 48 25 -2 0 0 212
3 8 49 30.8774 -3 0 0 157
3 8 50 27 -2 0 0 283
3 8 51 32.3869 2.89759 7.52669 0.340557 229
3 8 52 30.8774 -3 0 0 121
3 8 53 31.1824 2.37679 8.48949 0.389421 531
3 8 54 31.1052 2.24349 7.71729 0.319334 297
3 8 55 30.8774 -3 0 0 189
3 8 56 23 -2 0 0 359
3 8 57 22 -2 0 0 251
3 8 58 30.8774 -3 0 0 195
3 8 59 30.8774 -3 0 0 138
3 8 60 35.1238 2.4753 7.65697 0.295569 421
3 8 61 30.8774 -3 0 0 188
3 8 62 30.8774 -3 0 0 158
3 8 63 30.8774 -3 0 0 196
3 9 0 34.065 -3 0 0 197
3 9 1 34.065 -3 0 0 135
3 9 2 34.065 -3 0 0 127
3 9 3 34.065 -3 0 0 63
3 9 4 34.065 -3 0 0 59
3 9 5 34.065 -3 0 0 58
3 9 6 34.065 -3 0 0 105
3 9 7 34.065 -3 0 0 52
3 9 8 34.065 -3 0 0 86
3 9 9 34.065 -3 0 0 73
3 9 10 34.065 -3 0 0 36
3 9 11 34.065 -3 0 0 98
3 9 12 34.065 -3 0 0 75
3 9 13 34.065 -3 0 0 49
3 9 14 34.065 -3 0 0 140
3 9 15 34.065 -3 0 0 48
3 9 16 34.065 -3 0 0 35
3 9 17 34.065 -3 0 0 101
3 9 18 34.065 -3 0 0 61
3 9 19 34.065 -3 0 0 42
3 9 20 34.065 -3 0 0 53
3 9 21 34.065 -3 0 0 77
3 9 22 34.065 -3 0 0 43
3 9 23 34.065 -3 0 0 60
3 9 24 34.065 -3 0 0 140
3 9 25 34.065 -3 0 0 40
3 9 26 34.065 -3 0 0 103
3 9 27 34.065 -3 0 0 39
3 9 28 34.065 -3 0 0 27
3 9 29 34.065 -3 0 0 71
3 9 30 34.065 -3 0 0 52
3 9 31 34.065 -3 0 0 29
3 9 32 34.065 -3 0 0 28
3 9 33 34.065 -3 0 0 28
3 9 34 34.065 -3 0 0 101
3 9 35 34.065 -3 0 0 24
3 9 36 34.065 -3 0 0 40
3 9 37 34.065 -3 0 0 47
3 9 38 34.065 -3 0 0 31
3 9 39 34.065 -3 0 0 41
3 9 40 34.065 -3 0 0 58
3 9 41 34.065 -3 0 0 29
3 9 42 34.065 -3 0 0 46
3 9 43 34.065 -3 0 0 85
3 9 44 34.065 -3 0 0 16
3 9 45 34.065 -3 0 0 26
3 9 46 34.065 -3 0 0 93
3 9 47 34.065 -3 0 0 27
3 9 48 34.065 -3 0 0 53
3 9 49 34.065 -3 0 0 34
3 9 50 34.065 -3 0 0 25
3 9 51 34.065 -3 0 0 46
3 9 52 34.065 -3 0 0 57
3 9 53 34.065 -3 0 0 33
3 9 54 34.065 -3 0 0 31
3 9 55 34.065 -3 0 0 50
3 9 56 34.065 -3 0 0 38
3 9 57 34.065 -3 0 0 35
3 9 58 34.065 -3 0 0 44
3 9 59 34.065 -3 0 0 68
3 9 60 34.065 -3 0 0 26
3 9 61 34.065 -3 0 0 60
3 9 62 34.065 -3 0 0 77
3 9 63 34.065 -3 0 0 34
3 10 0 31.9526 -3 0 0 152
3 10 1 31.9526 -3 0 0 140
3 10 2 29.6824 15.4932 20 0.383572 222
3 10 3 30.8358 2.37197 7.08878 0.459709 371
3 10 4 31.9526 -3 0 0 188
3 10 5 31.9526 -3 0 0 185
3 10 6 31.9526 -3 0 0 181
3 10 7 23 -2 0 0 541
3 10 8 31.9526 -3 0 0 180
3 10 9 34 -2 0 0 283
3 10 10 31.6161 1.59432 6.46497 0.264482 256
3 10 11 31.9526 -3 0 0 161
3 10 12 31.0295 3.09666 8.04997 0.368262 208
3 10 13 32.6415 1.98653 6.80199 0.444086 376
3 10 14 31.9526 -3 0 0 181
3 10 15 27.8701 2.84374 10.803 0.54834 366
3 10 16 30.4784 1.01168 4.2844 0.437181 417
3 10 17 31.9526 -3 0 0 161
3 10 18 29.1635 2.68753 7.78154 0.465138 245
3 10 19 30.0547 0.941682 4.43293 0.514352 715
3 10 20 33.9773 3.47261 11.4027 0.392117 218
3 10 21 32.9693 2.45338 7.10768 0.282198 202
3 10 22 33.2528 3.01423 7.83758 0.541199 322
3 10 23 30.5005 7.42378 13.9169 0.438796 205
3 10 24 31.9526 -3 0 0 156
3 10 25 32.3803 1.16031 6.61268 0.36296 671
3 10 26 31.9526 -3 0 0 148
3 10 27 34 -2 0 0 326
3 10 28 30.6865 1.02482 4.49535 0.505297 370
3 10 29 31.551 5.61551 13.0533 0.393505 207
3 10 30 25 -2 0 0 222
3 10 31 31.7671 1.10049 5.81616 0.418559 1173
3 10 32 33.5048 2.02025 7.10652 0.457876 561
3 10 33 30.8283 1.40469 5.12182 0.382314 386
3 10 34 31.9526 -3 0 0 136
3 10 35 32.3323 1.09246 6.42369 0.500159 1484
3 10 36 30.1133 1.46369 6.9744 0.425605 329
3 10 37 36.2427 5.65182 15.9524 0.396012 220
3 10 38 32.2746 0.819796 5.85835 0.345297 1565
3 10 39 30.9023 1.4142 5.42176 0.469468 583
3 10 40 27.2865 1.48362 5.25266 0.232239 288
3 10 41 33.0015 1.29645 5.26139 0.619681 487
3 10 42 31.0367 2.84009 9.67408 0.3965 302
3 10 43 31.9526 -3 0 0 189
3 10 44 30.7963 1.07182 5.17814 0.420359 722
3 10 45 31.9096 1.33142 6.8787 0.303941 516
3 10 46 31.9526 -3 0 0 146
3 10 47 34.8565 1.19836 7.13152 0.374199 2781
3 10 48 27.0361 3.71479 6.82014 0.355703 287
3 10 49 30.1226 1.76553 5.38155 0.39413 294
3 10 50 31.8844 1.20419 5.39491 0.311862 623
3 10 51 32.973 6.42606 15.4094 0.399481 218
3 10 52 31.9526 -3 0 0 174
3 10 53 31.2375 1.05661 5.6141 0.516227 1088
3 10 54 30.8586 1.71188 7.24956 0.307994 346
3 10 55 30.0433 1.56078 5.65702 0.367929 241
3 10 56 30.1898 1.36555 5.11801 0.531108 389
3 10 57 30.2085 2.2973 8.20884 0.431505 270
3 10 58 29.3451 1.18828 4.90446 0.404332 290
3 10 59 35.3904 5.67407 14.0164 0.422962 206
3 10 60 31.7802 1.10564 5.40655 0.385439 836
3 10 61 29.5749 1.74031 6.89613 0.282963 336
3 10 62 28.6717 2.24677 6.61595 0.284993 234
3 10 63 29.8593 1.88331 5.44863 0.455261 289
3 11 0 35.1038 2.29716 7.30541 0.322526 347
3 11 1 34.4643 2.34021 8.2563 0.272467 302
3 11 2 33.9685 -3 0 0 185
3 11 3 33.9685 -3 0 0 65
3 11 4 33.9685 -3 0 0 159
3 11 5 33.9685 -3 0 0 113
3 11 6 33.9685 -3 0 0 197
3 11 7 33.9685 -3 0 0 58
3 11 8 33.9685 -3 0 0 180
3 11 9 33.9685 -3 0 0 99
3 11 10 33.9685 -3 0 0 77
3 11 11 33.9685 -3 0 0 165
3 11 12 33.9685 -3 0 0 151
3 11 13 33.9685 -3 0 0 77
3 11 14 37.1265 3.43549 8.99847 0.333403 296
3 11 15 33.9685 -3 0 0 63
3 11 16 33.9685 -3 0 0 84
3 11 17 33.9685 -3 0 0 196
3 11 18 33.9685 -3 0 0 103
3 11 19 33.9685 -3 0 0 83
3 11 20 33.9685 -3 0 0 137
3 11 21 33.9685 -3 0 0 143
3 11 22 33.9685 -3 0 0 87
3 11 23 33.9685 -3 0 0 154
3 11 24 36.4607 4.10617 12.4696 0.332467 224
3 11 25 33.9685 -3 0 0 71
3 11 26 33.3315 2.51587 7.5999 0.341717 348
3 11 27 33.9685 -3 0 0 104
3 11 28 33.9685 -3 0 0 39
3 11 29 33.9685 -3 0 0 196
3 11 30 33.9685 -3 0 0 108
3 11 31 33.9685 -3 0 0 82
3 11 32 33.9685 -3 0 0 61
3 11 33 33.9685 -3 0 0 74
3 11 34 31.6694 2.84957 7.51666 0.333974 354
3 11 35 33.9685 -3 0 0 53
3 11 36 33.9685 -3 0 0 92
3 11 37 33.9685 -3 0 0 148
3 11 38 33.9685 -3 0 0 58
3 11 39 33.9685 -3 0 0 87
3 11 40 33.9685 -3 0 0 80
3 11 41 33.9685 -3 0 0 59
3 11 42 33.9685 -3 0 0 87
3 11 43 33.9685 -3 0 0 200
3 11 44 33.9685 -3 0 0 61
3 11 45 33.9685 -3 0 0 76
3 11 46 35.8384 2.09086 6.95215 0.275523 295
3 11 47 33.9685 -3 0 0 63
3 11 48 33.9685 -3 0 0 99
3 11 49 33.9685 -3 0 0 121
3 11 50 33.9685 -3 0 0 68
3 11 51 33.9685 -3 0 0 144
3 11 52 33.9685 -3 0 0 137
3 11 53 33.9685 -3 0 0 56
3 11 54 33.9685 -3 0 0 87
3 11 55 33.9685 -3 0 0 138
3 11 56 33.9685 -3 0 0 97
3 11 57 33.9685 -3 0 0 148
3 11 58 33.9685 -3 0 0 128
3 11 59 32.0565 16.4474 20 0.373961 228
3 11 60 33.9685 -3 0 0 64
3 11 61 33.9685 -3 0 0 183
3 11 62 33.8861 2.30037 6.83852 0.259642 214
3 11 63 33.9685 -3 0 0 134
3 12 0 27 -2 0 0 353
3 12 1 31.7214 2.06493 7.68935 0.431488 396
3 12 2 34.0903 2.13728 7.29672 0.560916 396
3 12 3 29.4741 0.981252 5.27062 0.365863 872
3 12 4 33.3271 2.59311 6.84461 0.445829 308
3 12 5 33.4004 2.09614 8.21017 0.530155 377
3 12 6 30.0917 1.21984 5.1101 0.517622 490
3 12 7 32.7869 1.31523 8.06804 0.390451 1815
3 12 8 32.3313 1.75768 8.70684 0.318189 509
3 12 9 30.3102 1.08006 5.11475 0.392993 999
3 12 10 31.688 1.02762 7.07625 0.291063 1382
3 12 11 30.2718 2.0543 6.37019 0.345662 269
3 12 12 32.1591 1.27166 6.04715 0.351756 351
3 12 13 32.1839 1.17452 6.10271 0.435726 605
3 12 14 27 -2 0 0 246
3 12 15 34.3958 2.0262 7.83367 0.361453 528
3 12 16 34.6864 1.31484 7.67649 0.396147 2704
3 12 17 25 -2 0 0 241
3 12 18 29.1652 1.60949 5.10878 0.482934 393
3 12 19 30.442 0.939342 6.39931 0.266942 1284
3 12 20 37.3428 6.06919 15.4014 0.437383 221
3 12 21 31.7055 1.43955 5.84839 0.356152 695
3 12 22 32.3503 0.930423 5.29565 0.360108 652
3 12 23 34.3297 4.10693 9.36507 0.463062 253
3 12 24 31.2905 2.13324 5.02349 0.430279 269
3 12 25 36.2555 1.40758 8.12279 0.413238 1005
3 12 26 31.949 1.78285 5.97543 0.408077 240
3 12 27 33.117 3.56592 7.6358 0.57609 343
3 12 28 32.6228 1.08517 6.14081 0.333916 491
3 12 29 32.4099 -3 0 0 156
3 12 30 30.858 1.28887 5.53589 0.38638 329
3 12 31 32.9762 1.04428 5.76805 0.340432 858
3 12 32 31.3371 0.941807 4.30867 0.582127 419
3 12 33 26.2891 2.04454 5.18914 0.39134 388
3 12 34 32.4099 -3 0 0 171
3 12 35 32.3666 1.40724 5.53865 0.401215 700
3 12 36 32.3236 1.37806 5.57595 0.355309 239
3 12 37 32.4099 -3 0 0 175
3 12 38 31.8284 1.23898 5.37483 0.362135 481
3 12 39 32.4099 -3 0 0 171
3 12 40 32.7518 3.05217 7.48189 0.434482 213
3 12 41 33.7193 1.47821 6.22174 0.506938 370
3 12 42 26 -2 0 0 201
3 12 43 32.4099 -3 0 0 195
3 12 44 31.1389 1.64629 5.4792 0.394715 347
3 12 45 30.7883 1.27224 5.97815 0.310044 279
3 12 46 32.4099 -3 0 0 181
3 12 47 30.9095 1.67716 6.84642 0.469954 530
3 12 48 27.3629 14.9883 20 0.451014 219
3 12 49 32.4099 -3 0 0 150
3 12 50 29.4111 1.48836 4.49731 0.449723 293
3 12 51 32.4099 -3 0 0 110
3 12 52 32.4099 -3 0 0 143
3 12 53 30.9452 2.38594 10.4914 0.511716 401
3 12 54 25 -2 0 0 255
3 12 55 32.4099 -3 0 0 108
3 12 56 32.4099 -3 0 0 181
3 12 57 32.4099 -3 0 0 153
3 12 58 32.4099 -3 0 0 145
3 12 59 32.4099 -3 0 0 136
3 12 60 32.6536 2.18814 7.30162 0.387944 308
3 12 61 32.4099 -3 0 0 139
3 12 62 32.4099 -3 0 0 110
3 12 63 32.4099 -3 0 0 143
3 13 0 31.3648 8.21139 15.6887 0.372561 254
3 13 1 30.2023 -3 0 0 137
3 13 2 30.2023 -3 0 0 139
3 13 3 30.2023 -3 0 0 59
3 13 4 30.2023 -3 0 0 77
3 13 5 30.2023 -3 0 0 130
3 13 6 30.2023 -3 0 0 83
3 13 7 30.2023 -3 0 0 44
3 13 8 30.2023 -3 0 0 140
3 13 9 30.2023 -3 0 0 74
3 13 10 30.2023 -3 0 0 67
3 13 11 30.2023 -3 0 0 118
3 13 12 30.2023 -3 0 0 65
3 13 13 30.2023 -3 0 0 56
3 13 14 29.2466 2.91667 8.75244 0.28386 213
3 13 15 30.2023 -3 0 0 81
3 13 16 30.2023 -3 0 0 83
3 13 17 30.2023 -3 0 0 161
3 13 18 30.2023 -3 0 0 125
3 13 19 30.2023 -3 0 0 73
3 13 20 30.2023 -3 0 0 126
3 13 21 30.2023 -3 0 0 97
3 13 22 30.2023 -3 0 0 75
3 13 23 30.2023 -3 0 0 163
3 13 24 30.2023 -3 0 0 156
3 13 25 30.2023 -3 0 0 46
3 13 26 26.7769 6.40966 15.139 0.346828 266
3 13 27 30.2023 -3 0 0 77
3 13 28 30.2023 -3 0 0 56
3 13 29 26 -2 0 0 207
3 13 30 30.2023 -3 0 0 85
3 13 31 30.2023 -3 0 0 52
3 13 32 30.2023 -3 0 0 60
3 13 33 30.2023 -3 0 0 78
3 13 34 30.9607 2.44932 8.53496 0.288557 235
3 13 35 30.2023 -3 0 0 72
3 13 36 30.2023 -3 0 0 97
3 13 37 30.2023 -3 0 0 128
3 13 38 30.2023 -3 0 0 48
3 13 39 30.2023 -3 0 0 174
3 13 40 30.2023 -3 0 0 129
3 13 41 30.2023 -3 0 0 89
3 13 42 30.2023 -3 0 0 197
3 13 43 21 -2 0 0 240
3 13 44 30.2023 -3 0 0 106
3 13 45 30.2023 -3 0 0 109
3 13 46 32.0025 2.02723 6.72862 0.316361 291
3 13 47 30.2023 -3 0 0 106
3 13 48 30.2023 -3 0 0 108
3 13 49 30.2023 -3 0 0 196
3 13 50 30.2023 -3 0 0 110
3 13 51 26.1818 1.67393 5.55032 0.380462 284
3 13 52 30.2023 -3 0 0 200
3 13 53 30.2023 -3 0 0 108
3 13 54 30.2023 -3 0 0 112
3 13 55 32.8243 4.17074 10.7597 0.358019 218
3 13 56 30.2023 -3 0 0 185
3 13 57 25 -2 0 0 230
3 13 58 30.2023 -3 0 0 137
3 13 59 37.1677 5.90961 13.0973 0.387236 351
3 13 60 30.2023 -3 0 0 136
3 13 61 29.8563 2.30784 6.3205 0.366642 361
3 13 62 28.6671 1.65319 5.03629 0.35118 420
3 13 63 30.2023 -3 0 0 153
3 14 0 34.2095 -3 0 0 188
3 14 1 27 -2 0 0 203
3 14 2 31.7484 9.87225 14.4596 0.372409 230
3 14 3 37.2025 2.48263 8.95704 0.311409 288
3 14 4 34.2095 -3 0 0 117
3 14 5 34.2095 -3 0 0 185
3 14 6 36.816 2.16658 7.99063 0.278171 316
3 14 7 33.6377 1.79414 5.6905 0.375863 346
3 14 8 34.2095 -3 0 0 189
3 14 9 33.333 1.59815 6.1236 0.237717 495
3 14 10 34.2147 2.53664 8.77959 0.363977 433
3 14 11 34.2095 -3 0 0 141
3 14 12 38 -2 0 0 245
3 14 13 35.5378 3.42442 12.3375 0.385451 269
3 14 14 34.2095 -3 0 0 140
3 14 15 33.6739 3.57388 10.1012 0.217761 220
3 14 16 33.7349 1.2358 5.24966 0.45552 862
3 14 17 34.2095 -3 0 0 103
3 14 18 34.2095 -3 0 0 186
3 14 19 32.5331 3.26224 8.29686 0.250982 230
3 14 20 34.2095 -3 0 0 106
3 14 21 34.5135 1.67562 6.2649 0.242413 411
3 14 22 29 -2 0 0 267
3 14 23 34.2095 -3 0 0 111
3 14 24 34.2095 -3 0 0 132
3 14 25 32.937 5.8789 10.2129 0.296813 255
3 14 26 34.2095 -3 0 0 116
3 14 27 34.2095 -3 0 0 131
3 14 28 34.2095 -3 0 0 102
3 14 29 34.2095 -3 0 0 98
3 14 30 34.2095 -3 0 0 107
3 14 31 34.2095 -3 0 0 145
3 14 32 34.2095 -3 0 0 157
3 14 33 34.2095 -3 0 0 116
3 14 34 34.2095 -3 0 0 122
3 14 35 34.2095 -3 0 0 139
3 14 36 34.2095 -3 0 0 116
3 14 37 34.2095 -3 0 0 97
3 14 38 34.2095 -3 0 0 113
3 14 39 34.2095 -3 0 0 71
3 14 40 34.2095 -3 0 0 93
3 14 41 34.2095 -3 0 0 90
3 14 42 34.2095 -3 0 0 102
3 14 43 34.2095 -3 0 0 74
3 14 44 34.2095 -3 0 0 92
3 14 45 34.2095 -3 0 0 101
3 14 46 34.2095 -3 0 0 71
3 14 47 34.2095 -3 0 0 96
3 14 48 34.2095 -3 0 0 105
3 14 49 34.2095 -3 0 0 86
3 14 50 34.2095 -3 0 0 114
3 14 51 34.2095 -3 0 0 65
3 14 52 34.2095 -3 0 0 75
3 14 53 34.2095 -3 0 0 89
3 14 54 34.2095 -3 0 0 67
3 14 55 34.2095 -3 0 0 67
3 14 56 34.2095 -3 0 0 74
3 14 57 34.2095 -3 0 0 46
3 14 58 34.2095 -3 0 0 86
3 14 59 34.2095 -3 0 0 84
3 14 60 34.2095 -3 0 0 81
3 14 61 34.2095 -3 0 0 63
3 14 62 34.2095 -3 0 0 72
3 14 63 34.2095 -3 0 0 68
3 15 0 32.5183 -3 0 0 92
3 15 1 32.5183 -3 0 0 59
3 15 2 32.5183 -3 0 0 48
3 15 3 32.5183 -3 0 0 38
3 15 4 32.5183 -3 0 0 8
3 15 5 32.5183 -3 0 0 2
3 15 6 32.5183 -3 0 0 43
3 15 7 32.5183 -3 0 0 41
3 15 8 32.5183 -3 0 0 46
3 15 9 0 -10 0 0 0
3 15 10 32.5183 -3 0 0 37
3 15 11 32.5183 -3 0 0 68
3 15 12 32.5183 -3 0 0 45
3 15 13 32.5183 -3 0 0 59
3 15 14 32.5183 -3 0 0 10
3 15 15 32.5183 -3 0 0 52
3 15 16 32.5183 -3 0 0 31
3 15 17 32.5183 -3 0 0 69
3 15 18 32.5183 -3 0 0 43
3 15 19 32.5183 -3 0 0 26
3 15 20 32.5183 -3 0 0 50
3 15 21 32.5183 -3 0 0 40
3 15 22 0 -10 0 0 0
3 15 23 32.5183 -3 0 0 70
3 15 24 32.5183 -3 0 0 74
3 15 25 32.5183 -3 0 0 36
3 15 26 32.5183 -3 0 0 91
3 15 27 32.5183 -3 0 0 39
3 15 28 32.5183 -3 0 0 43
3 15 29 32.5183 -3 0 0 87
3 15 30 32.5183 -3 0 0 49
3 15 31 32.5183 -3 0 0 54
3 15 32 32.5183 -3 0 0 47
3 15 33 32.5183 -3 0 0 47
3 15 34 32.5183 -3 0 0 96
3 15 35 32.5183 -3 0 0 48
3 15 36 32.5183 -3 0 0 53
3 15 37 32.5183 -3 0 0 75
3 15 38 32.5183 -3 0 0 43
3 15 39 32.5183 -3 0 0 88
3 15 40 32.5183 -3 0 0 54
3 15 41 32.5183 -3 0 0 60
3 15 42 32.5183 -3 0 0 59
3 15 43 32.5183 -3 0 0 94
3 15 44 32.5183 -3 0 0 65
3 15 45 32.5183 -3 0 0 53
3 15 46 32.5183 -3 0 0 85
3 15 47 32.5183 -3 0 0 75
3 15 48 32.5183 -3 0 0 50
3 15 49 32.5183 -3 0 0 82
3 15 50 32.5183 -3 0 0 60
3 15 51 32.5183 -3 0 0 168
3 15 52 32.5183 -3 0 0 123
3 15 53 32.5183 -3 0 0 64
3 15 54 32.5183 -3 0 0 70
3 15 55 32.5183 -3 0 0 116
3 15 56 32.5183 -3 0 0 106
3 15 57 32.5183 -3 0 0 130
3 15 58 32.5183 -3 0 0 75
3 15 59 32.5183 -3 0 0 99
3 15 60 32.5183 -3 0 0 64
3 15 61 32.5183 -3 0 0 174
3 15 62 32.5183 -3 0 0 161
3 15 63 32.5183 -3 0 0 96
4 0 0 31.0669 -3 0 0 92
4 0 1 31.0669 -3 0 0 88
4 0 2 31.0669 -3 0 0 89
4 0 3 31.0669 -3 0 0 48
4 0 4 31.0669 -3 0 0 77
4 0 5 31.0669 -3 0 0 60
4 0 6 31.0669 -3 0 0 82
4 0 7 31.0669 -3 0 0 65
4 0 8 31.0669 -3 0 0 96
4 0 9 31.0669 -3 0 0 60
4 0 10 31.0669 -3 0 0 66
4 0 11 31.0669 -3 0 0 65
4 0 12 31.0669 -3 0 0 61
4 0 13 31.0669 -3 0 0 46
4 0 14 31.0669 -3 0 0 103
4 0 15 31.0669 -3 0 0 61
4 0 16 31.0669 -3 0 0 63
4 0 17 31.0669 -3 0 0 96
4 0 18 31.0669 -3 0 0 64
4 0 19 31.0669 -3 0 0 50
4 0 20 31.0669 -3 0 0 83
4 0 21 31.0669 -3 0 0 85
4 0 22 31.0669 -3 0 0 43
4 0 23 31.0669 -3 0 0 150
4 0 24 31.0669 -3 0 0 95
4 0 25 31.0669 -3 0 0 83
4 0 26 30.5172 2.76055 6.05934 0.27203 202
4 0 27 31.0669 -3 0 0 71
4 0 28 31.0669 -3 0 0 47
4 0 29 31.0669 -3 0 0 164
4 0 30 31.0669 -3 0 0 96
4 0 31 31.0669 -3 0 0 101
4 0 32 31.0669 -3 0 0 78
4 0 33 31.0669 -3 0 0 70
4 0 34 26 -2 0 0 235
4 0 35 31.0669 -3 0 0 110
4 0 36 31.0669 -3 0 0 110
4 0 37 31.0669 -3 0 0 120
4 0 38 31.0669 -3 0 0 102
4 0 39 28 -2 0 0 230
4 0 40 31.0669 -3 0 0 140
4 0 41 31.0669 -3 0 0 82
4 0 42 31.0669 -3 0 0 115
4 0 43 31.0669 -3 0 0 143
4 0 44 31.0669 -3 0 0 92
4 0 45 31.0669 -3 0 0 147
4 0 46 34.3861 10.3866 20 0.365057 255
4 0 47 31.0669 -3 0 0 109
4 0 48 31.0669 -3 0 0 150
4 0 49 31.0669 -3 0 0 135
4 0 50 31.0669 -3 0 0 127
4 0 51 27 -2 0 0 342
4 0 52 31.0669 -3 0 0 183
4 0 53 31.0669 -3 0 0 168
4 0 54 31.0669 -3 0 0 157
4 0 55 34.0628 4.81759 10.426 0.364237 276
4 0 56 27.7024 19.6424 20 0.374686 213
4 0 57 32.9075 3.82185 10.9824 0.347599 258
4 0 58 31.0669 -3 0 0 171
4 0 59 31.8729 2.74701 8.90733 0.278996 216
4 0 60 31.0669 -3 0 0 186
4 0 61 30.5709 1.31955 5.50562 0.351456 466
4 0 62 32.0463 2.37306 8.4692 0.307188 421
4 0 63 33.3392 5.45225 11.1312 0.307532 225
4 1 0 39.0597 4.10264 12.6416 0.587695 386
4 1 1 36.7187 2.05044 6.688 0.330925 503
4 1 2 33.3913 1.09833 4.50021 0.408152 468
4 1 3 36.9123 1.99944 8.00733 0.379156 401
4 1 4 35.3774 -3 0 0 191
4 1 5 37.1718 2.72287 8.16844 0.456366 266
4 1 6 31.73 1.60709 6.49229 0.570929 517
4 1 7 32.6534 1.14117 4.79618 0.329773 342
4 1 8 33.9909 3.91903 8.80551 0.442155 252
4 1 9 37.2797 1.40192 6.78876 0.339376 735
4 1 10 31.9686 1.02861 4.99971 0.348141 609
4 1 11 28 -2 0 0 257
4 1 12 39.748 3.79755 12.3248 0.408715 256
4 1 13 35.3774 -3 0 0 197
4 1 14 35.3361 13.0188 19.1231 0.400818 233
4 1 15 35.3774 -3 0 0 192
4 1 16 32.9056 1.24241 5.327 0.488822 823
4 1 17 36.0065 2.27157 9.22494 0.312303 266
4 1 18 29 -2 0 0 201
4 1 19 46 -2 0 0 359
4 1 20 35.3774 -3 0 0 150
4 1 21 37.149 1.48638 7.16393 0.313901 761
4 1 22 35.0606 2.01733 7.45566 0.450103 299
4 1 23 35.3774 -3 0 0 138
4 1 24 35.7127 2.00608 7.97224 0.363067 335
4 1 25 34.2442 2.14499 5.56606 0.452377 261
4 1 26 35.3774 -3 0 0 188
4 1 27 35.2176 3.97686 11.0109 0.398324 218
4 1 28 38.7658 3.38767 11.1007 0.484798 219
4 1 29 35.3774 -3 0 0 96
4 1 30 35.3774 -3 0 0 144
4 1 31 35.3774 -3 0 0 188
4 1 32 35.3774 -3 0 0 153
4 1 33 35.3774 -3 0 0 172
4 1 34 35.3774 -3 0 0 154
4 1 35 35.3774 -3 0 0 154
4 1 36 35.3774 -3 0 0 141
4 1 37 35.3774 -3 0 0 100
4 1 38 35.3774 -3 0 0 113
4 1 39 35.3774 -3 0 0 113
4 1 40 35.3774 -3 0 0 108
4 1 41 35.3774 -3 0 0 142
4 1 42 35.3774 -3 0 0 97
4 1 43 35.3774 -3 0 0 104
4 1 44 35.3774 -3 0 0 87
4 1 45 35.3774 -3 0 0 138
4 1 46 35.3774 -3 0 0 145
4 1 47 35.3774 -3 0 0 113
4 1 48 35.3774 -3 0 0 72
4 1 49 35.3774 -3 0 0 94
4 1 50 35.3774 -3 0 0 88
4 1 51 35.3774 -3 0 0 66
4 1 52 35.3774 -3 0 0 96
4 1 53 35.3774 -3 0 0 86
4 1 54 35.3774 -3 0 0 88
4 1 55 35.3774 -3 0 0 79
4 1 56 35.3774 -3 0 0 61
4 1 57 35.3774 -3 0 0 99
4 1 58 35.3774 -3 0 0 109
4 1 59 35.3774 -3 0 0 125
4 1 60 35.3774 -3 0 0 61
4 1 61 35.3774 -3 0 0 111
4 1 62 35.3774 -3 0 0 74
4 1 63 35.3774 -3 0 0 99
4 2 0 22.704 4.57503 7.44432 0.374233 459
4 2 1 21 -2 0 0 338
4 2 2 26.3104 2.2207 6.39546 0.415801 392
4 2 3 26.5102 -3 0 0 144
4 2 4 28.6896 4.39086 13.6701 0.42801 252
4 2 5 20 -2 0 0 324
4 2 6 23.7835 1.74711 6.11216 0.355058 280
4 2 7 26.5102 -3 0 0 132
4 2 8 23.6134 8.59277 12.4481 0.445649 403
4 2 9 26.5102 -3 0 0 159
4 2 10 26.5102 -3 0 0 144
4 2 11 25.2444 1.69528 6.39899 0.424733 462
4 2 12 19 -2 0 0 274
4 2 13 26.5102 -3 0 0 126
4 2 14 25.8356 1.79992 5.593 0.537515 520
4 2 15 23 -2 0 0 219
4 2 16 26.5102 -3 0 0 156
4 2 17 24.3538 1.17728 4.50354 0.357068 451
4 2 18 25 -2 0 0 229
4 2 19 27.9569 2.99453 9.67204 0.330282 212
4 2 20 19 -2 0 0 427
4 2 21 27.5777 2.12289 6.45002 0.437703 276
4 2 22 26.5102 -3 0 0 130
4 2 23 26.0514 1.37428 5.68332 0.365458 355
4 2 24 27.179 1.8005 5.74768 0.490803 359
4 2 25 26.5102 -3 0 0 173
4 2 26 24.8771 1.1119 4.72041 0.274578 752
4 2 27 26.5102 -3 0 0 179
4 2 28 26.5102 -3 0 0 199
4 2 29 20 -2 0 0 500
4 2 30 26.5102 -3 0 0 200
4 2 31 26.5102 -3 0 0 126
4 2 32 26.5102 -3 0 0 132
4 2 33 26.5102 -3 0 0 170
4 2 34 25.7266 1.03207 5.39778 0.265759 998
4 2 35 26.5102 -3 0 0 136
4 2 36 29.8955 1.92326 6.55073 0.356902 357
4 2 37 25.7272 1.24316 5.37561 0.287976 395
4 2 38 25.6033 19.3937 18.1028 0.400601 238
4 2 39 24.3325 1.18533 4.33315 0.303748 373
4 2 40 30.3766 3.02089 10.5176 0.480968 285
4 2 41 26.5102 -3 0 0 156
4 2 42 31.3111 5.45047 8.31512 0.562142 480
4 2 43 24.6336 1.30721 5.44033 0.367461 546
4 2 44 26.5102 -3 0 0 4
4 2 45 26.5102 -3 0 0 163
4 2 46 28.2853 1.21344 5.59818 0.353771 889
4 2 47 26.5102 -3 0 0 88
4 2 48 20 -2 0 0 270
4 2 49 25.2983 1.031 5.1009 0.388506 425
4 2 50 19 -2 0 0 393
4 2 51 24.9773 0.955311 5.36286 0.322519 821
4 2 52 25.2766 1.6313 4.48665 0.453876 931
4 2 53 23.2347 1.80635 5.75338 0.413954 316
4 2 54 26.5102 -3 0 0 26
4 2 55 0 -10 0 0 0
4 2 56 24.3794 1.00812 4.4543 0.39809 310
4 2 57 24.9559 1.48266 5.74969 0.23488 956
4 2 58 25.3332 1.6771 5.90309 0.378523 667
4 2 59 19 -2 0 0 1386
4 2 60 27.4505 2.21058 7.18148 0.365317 378
4 2 61 22 -2 0 0 2170
4 2 62 20.9318 0.810708 2.83409 0.267537 204
4 2 63 26.5102 -3 0 0 81
4 3 0 33.1124 1.23843 5.82465 0.311397 463
4 3 1 34.0873 1.30537 6.30927 0.278011 402
4 3 2 35.4019 2.21814 6.83774 0.622442 569
4 3 3 31.0205 0.92337 4.72572 0.414286 382
4 3 4 27 -2 0 0 377
4 3 5 37 -2 0 0 254
4 3 6 34.0139 1.19651 5.53344 0.586362 673
4 3 7 32.9131 0.977699 6.01357 0.472702 910
4 3 8 33.3184 2.04257 6.45442 0.421924 263
4 3 9 33.8716 0.965659 4.88004 0.42705 618
4 3 10 32.6519 0.934621 6.40568 0.367118 757
4 3 11 32.0035 11.8709 16.3139 0.428979 201
4 3 12 31.236 0.929854 5.09258 0.384188 965
4 3 13 29.7247 1.10798 6.68417 0.587925 807
4 3 14 37.4498 3.13032 10.4183 0.403943 280
4 3 15 31.5999 1.85762 7.34576 0.45403 338
4 3 16 33.2988 0.917795 6.54257 0.538678 1607
4 3 17 34.0755 -3 0 0 199
4 3 18 32.6784 1.24645 5.91622 0.559587 359
4 3 19 34.6885 1.30393 6.16943 0.384814 417
4 3 20 34.3987 2.46999 6.80895 0.449538 238
4 3 21 36.1199 1.16158 6.34604 0.479235 627
4 3 22 32.6356 1.78301 8.23813 0.484747 363
4 3 23 37.9583 3.461 11.0843 0.39746 214
4 3 24 35.8805 2.71875 10.2706 0.565253 329
4 3 25 35.121 2.19887 5.16205 0.451463 556
4 3 26 30 -2 0 0 218
4 3 27 36.7267 10.7878 20 0.535074 218
4 3 28 33.5039 1.27225 4.78813 0.409908 309
4 3 29 35.8077 3.18562 11.3583 0.323419 258
4 3 30 34.0755 -3 0 0 200
4 3 31 33.7056 1.152 5.17776 0.376795 336
4 3 32 36.7286 6.56514 16.1829 0.536696 355
4 3 33 35.167 3.77729 7.91132 0.466543 210
4 3 34 34.8362 9.87929 16.1232 0.410001 231
4 3 35 37.1552 3.60098 10.5789 0.455606 291
4 3 36 34.3427 2.63751 9.68914 0.316599 231
4 3 37 35.4442 2.62605 8.76272 0.367325 217
4 3 38 34.2515 1.50109 6.18078 0.38319 267
4 3 39 34.0755 -3 0 0 163
4 3 40 35.2702 1.82357 6.42647 0.330363 230
4 3 41 29 -2 0 0 216
4 3 42 34.0755 -3 0 0 167
4 3 43 34.0755 -3 0 0 176
4 3 44 34.0755 -3 0 0 172
4 3 45 32 -2 0 0 219
4 3 46 34.0755 -3 0 0 177
4 3 47 39.1134 5.44872 15.0361 0.44183 231
4 3 48 35.4459 3.31738 8.25632 0.354665 223
4 3 49 36.4362 2.74574 9.23556 0.282301 203
4 3 50 34.0755 -3 0 0 143
4 3 51 34.0755 -3 0 0 124
4 3 52 34.0755 -3 0 0 188
4 3 53 34.0786 1.95332 8.00888 0.316482 275
4 3 54 33.0047 2.1916 7.55721 0.38639 226
4 3 55 29 -2 0 0 209
4 3 56 34.0755 -3 0 0 137
4 3 57 41.4565 5.73373 15.2552 0.326423 206
4 3 58 34.0755 -3 0 0 150
4 3 59 34.0755 -3 0 0 198
4 3 60 34.0755 -3 0 0 162
4 3 61 34.0755 -3 0 0 127
4 3 62 34.0755 -3 0 0 192
4 3 63 34.4252 3.81467 9.71493 0.44579 207
4 4 0 36.3286 1.33439 7.9262 0.203579 1402
4 4 1 38.2361 1.63889 6.83122 0.325739 927
4 4 2 34.9146 1.16775 5.84032 0.50415 634
4 4 3 39.1709 6.47032 16.3791 0.437847 210
4 4 4 41.9209 4.2759 14.0192 0.477605 308
4 4 5 36.4367 1.35314 5.8051 0.349278 358
4 4 6 34.8239 4.64426 10.349 0.479096 309
4 4 7 36.9683 -3 0 0 146
4 4 8 37.1083 3.66169 7.0241 0.514827 369
4 4 9 36 -2 0 0 257
4 4 10 40.7717 2.79972 10.1732 0.266799 205
4 4 11 30.956 5.14588 6.55727 0.375127 394
4 4 12 33 -2 0 0 205
4 4 13 36.9683 -3 0 0 153
4 4 14 38.6744 1.48362 6.557 0.296029 1249
4 4 15 36.9683 -3 0 0 178
4 4 16 36.9683 -3 0 0 132
4 4 17 35.7751 1.35448 6.49938 0.300738 649
4 4 18 35.9312 2.01332 7.54858 0.385829 229
4 4 19 36.9683 -3 0 0 132
4 4 20 36.9683 -3 0 0 2
4 4 21 36.2992 1.84115 7.64411 0.254036 379
4 4 22 36.9683 -3 0 0 176
4 4 23 31.1351 16.8563 15.7588 0.598904 380
4 4 24 35.7932 1.20598 6.18839 0.299221 723
4 4 25 36.9683 -3 0 0 147
4 4 26 37.8627 1.30558 6.55419 0.353111 1058
4 4 27 36.9683 -3 0 0 85
4 4 28 36.9683 -3 0 0 119
4 4 29 35.118 2.26726 6.19483 0.566988 536
4 4 30 47 -2 0 0 211
4 4 31 36.9683 -3 0 0 135
4 4 32 36.9683 -3 0 0 146
4 4 33 36.9683 -3 0 0 120
4 4 34 33.5724 0.974828 5.02546 0.38012 736
4 4 35 36.9683 -3 0 0 115
4 4 36 26.065 27.6095 14.6369 0.437049 220
4 4 37 40.5152 3.9624 13.4228 0.517934 326
4 4 38 36.9683 -3 0 0 125
4 4 39 36.9683 -3 0 0 190
4 4 40 38.6266 4.46097 9.49026 0.469408 263
4 4 41 36.9683 -3 0 0 81
4 4 42 31 -2 0 0 209
4 4 43 34.2841 1.25639 5.83122 0.427147 494
4 4 44 36.9683 -3 0 0 96
4 4 45 36.9683 -3 0 0 130
4 4 46 34.4283 1.50644 6.4789 0.312851 710
4 4 47 36.9683 -3 0 0 2
4 4 48 36.9683 -3 0 0 180
4 4 49 33.2901 1.63105 6.82132 0.310896 321
4 4 50 36.9683 -3 0 0 134
4 4 51 36.658 2.45966 8.84457 0.35709 319
4 4 52 36.9683 -3 0 0 42
4 4 53 36.9683 -3 0 0 124
4 4 54 36.9683 -3 0 0 161
4 4 55 35.7178 1.74219 6.20904 0.399086 288
4 4 56 36.9683 -3 0 0 182
4 4 57 37.3613 5.02183 14.1009 0.369923 255
4 4 58 37.8032 11.4042 20 0.500459 218
4 4 59 34.914 1.22583 6.04114 0.282312 642
4 4 60 36.9683 -3 0 0 153
4 4 61 36.4361 1.67923 7.22639 0.405413 448
4 4 62 36.6965 1.88359 6.76349 0.420026 512
4 4 63 38 -2 0 0 253
4 5 0 25.9322 -3 0 0 187
4 5 1 27.1638 2.89281 7.94809 0.389814 276
4 5 2 27.1837 2.71705 9.00852 0.354372 320
4 5 3 30.5687 6.07667 14.2333 0.463366 358
4 5 4 28.8068 3.54625 8.19853 0.466942 309
4 5 5 32.2559 6.7969 18.1468 0.4173 291
4 5 6 28.7231 2.55499 6.99015 0.320512 346
4 5 7 25.9322 -3 0 0 46
4 5 8 22 -2 0 0 319
4 5 9 24 -2 0 0 321
4 5 10 25.9322 -3 0 0 126
4 5 11 25.1754 3.67691 8.89382 0.33973 357
4 5 12 24.2917 1.44981 4.16567 0.378114 339
4 5 13 25.9322 -3 0 0 38
4 5 14 24 -2 0 0 295
4 5 15 29.441 2.49774 7.85136 0.362312 242
4 5 16 27.918 1.86174 5.69187 0.499893 330
4 5 17 22 -2 0 0 354
4 5 18 24.7043 1.18385 4.20651 0.344323 366
4 5 19 27.667 1.42919 4.84596 0.443879 481
4 5 20 23 -2 0 0 418
4 5 21 24.1462 1.54589 4.22016 0.390348 315
4 5 22 23 -2 0 0 303
4 5 23 22.9983 0.745702 2.59983 0.394039 364
4 5 24 25.9322 -3 0 0 9
4 5 25 25.9322 -3 0 0 23
4 5 26 29.2812 2.65148 7.09407 0.410631 327
4 5 27 23 -2 0 0 457
4 5 28 27.468 1.75685 5.51475 0.377831 388
4 5 29 25.9322 -3 0 0 22
4 5 30 22.9535 1.08587 3.82063 0.341405 404
4 5 31 27.5504 1.4771 5.55299 0.373928 779
4 5 32 25.9322 -3 0 0 18
4 5 33 23.4737 0.947386 4.51475 0.359036 511
4 5 34 28.1366 3.66635 6.48291 0.392219 222
4 5 35 24.1268 1.16464 4.02997 0.411179 935
4 5 36 28.6441 1.45899 8.97003 0.443758 3726
4 5 37 28.4947 2.05701 6.70167 0.304579 560
4 5 38 25.8918 1.14252 4.99252 0.786899 918
4 5 39 26.5126 1.0847 5.65288 0.426468 1060
4 5 40 27.9994 1.75782 6.47228 0.548348 623
4 5 41 23.8554 0.929313 4.75773 0.393896 430
4 5 42 23.9333 0.908874 3.80179 0.423074 297
4 5 43 23.5345 1.27723 4.65274 0.32 418
4 5 44 26.1677 2.49329 8.3449 0.533189 341
4 5 45 20.8799 0.926401 5.08769 0.442279 702
4 5 46 25 -2 0 0 396
4 5 47 27.1182 1.08606 7.31203 0.402441 1450
4 5 48 23.4364 1.04865 4.10512 0.485515 623
4 5 49 23 -2 0 0 483
4 5 50 24.428 1.33363 6.59224 0.564699 740
4 5 51 24.3597 1.17164 5.30475 0.332064 856
4 5 52 24.1485 1.07689 3.9199 0.344971 343
4 5 53 24.3914 0.897684 6.00804 0.440102 705
4 5 54 25.3011 1.63627 6.30939 0.477339 328
4 5 55 22.8875 0.979876 4.11602 0.340796 622
4 5 56 25.9322 -3 0 0 196
4 5 57 27.0383 2.11979 6.40056 0.41854 845
4 5 58 23.4172 1.44286 5.0306 0.559685 602
4 5 59 23.6885 0.960307 3.58668 0.376635 458
4 5 60 23.1124 1.01792 5.40755 0.395529 1119
4 5 61 25.9077 1.01711 4.33112 0.388637 467
4 5 62 25.1575 1.65184 5.36626 0.427003 466
4 5 63 22.1479 1.1665 4.08103 0.506978 612
4 6 0 28.0466 1.72334 5.14678 0.545993 630
4 6 1 28 -2 0 0 352
4 6 2 23 -2 0 0 362
4 6 3 29.9456 -3 0 0 134
4 6 4 29.9456 -3 0 0 192
4 6 5 32.4827 130.767 20 0.415091 238
4 6 6 21 -2 0 0 280
4 6 7 29.9456 -3 0 0 131
4 6 8 26 -2 0 0 283
4 6 9 29.9456 -3 0 0 159
4 6 10 29.9456 -3 0 0 200
4 6 11 29.9456 -3 0 0 149
4 6 12 27 -2 0 0 218
4 6 13 29.9456 -3 0 0 100
4 6 14 23 -2 0 0 407
4 6 15 29.9456 -3 0 0 128
4 6 16 29.9456 -3 0 0 176
4 6 17 27.5625 3.3402 7.8781 0.359704 291
4 6 18 29.9456 -3 0 0 166
4 6 19 29.9456 -3 0 0 117
4 6 20 29.9456 -3 0 0 133
4 6 21 23 -2 0 0 251
4 6 22 29.9456 -3 0 0 153
4 6 23 29.9456 -3 0 0 181
4 6 24 29.3611 2.09734 5.78839 0.380149 234
4 6 25 29.9456 -3 0 0 117
4 6 26 27.6346 2.74603 7.57908 0.2766 329
4 6 27 29.9456 -3 0 0 120
4 6 28 29.9456 -3 0 0 61
4 6 29 29.9456 -3 0 0 147
4 6 30 29.9456 -3 0 0 112
4 6 31 29.9456 -3 0 0 79
4 6 32 29.9456 -3 0 0 98
4 6 33 29.9456 -3 0 0 63
4 6 34 31.2891 7.12915 14.5104 0.351948 214
4 6 35 29.9456 -3 0 0 88
4 6 36 29.9456 -3 0 0 77
4 6 37 29.9456 -3 0 0 150
4 6 38 29.9456 -3 0 0 77
4 6 39 29.9456 -3 0 0 80
4 6 40 29.9456 -3 0 0 12
4 6 41 29.9456 -3 0 0 93
4 6 42 29.9456 -3 0 0 99
4 6 43 29.9456 -3 0 0 196
4 6 44 29.9456 -3 0 0 81
4 6 45 29.9456 -3 0 0 106
4 6 46 28.9956 17.4066 18.8463 0.350623 205
4 6 47 29.9456 -3 0 0 37
4 6 48 29.9456 -3 0 0 9
4 6 49 29.9456 -3 0 0 9
4 6 50 0 -10 0 0 0
4 6 51 29.9456 -3 0 0 113
4 6 52 29.9456 -3 0 0 154
4 6 53 29.9456 -3 0 0 86
4 6 54 29.9456 -3 0 0 110
4 6 55 29.9456 -3 0 0 146
4 6 56 29.9456 -3 0 0 65
4 6 57 29.9456 -3 0 0 94
4 6 58 29.9456 -3 0 0 3
4 6 59 29.9456 -3 0 0 18
4 6 60 29.9456 -3 0 0 78
4 6 61 29.9456 -3 0 0 138
4 6 62 29.9456 -3 0 0 110
4 6 63 29.9456 -3 0 0 122
4 7 0 26.9058 -3 0 0 140
4 7 1 26.9058 -3 0 0 95
4 7 2 26.9058 -3 0 0 124
4 7 3 26.9058 -3 0 0 110
4 7 4 26.9058 -3 0 0 21
4 7 5 26.9058 -3 0 0 167
4 7 6 26.9058 -3 0 0 135
4 7 7 26.9058 -3 0 0 120
4 7 8 26.9058 -3 0 0 5
4 7 9 26.9058 -3 0 0 87
4 7 10 26.9058 -3 0 0 148
4 7 11 26.9058 -3 0 0 191
4 7 12 26.9058 -3 0 0 6
4 7 13 20.6254 18.758 20 0.368399 205
4 7 14 26.9058 -3 0 0 5
4 7 15 26.9058 -3 0 0 182
4 7 16 26.9058 -3 0 0 131
4 7 17 26.9058 -3 0 0 161
4 7 18 24.3965 15.1638 20 0.397726 211
4 7 19 21 -2 0 0 248
4 7 20 26.9058 -3 0 0 181
4 7 21 26.9058 -3 0 0 137
4 7 22 26.9058 -3 0 0 84
4 7 23 27.3961 6.007 13.0837 0.364567 205
4 7 24 26.9058 -3 0 0 159
4 7 25 22 -2 0 0 214
4 7 26 26.9058 -3 0 0 175
4 7 27 26.2699 4.37993 10.1933 0.367896 260
4 7 28 26.9058 -3 0 0 175
4 7 29 29.1881 2.9462 9.18908 0.3525 207
4 7 30 26.9058 -3 0 0 188
4 7 31 27.0819 1.82306 6.60875 0.330764 278
4 7 32 28.2983 2.85616 9.42032 0.360388 210
4 7 33 22 -2 0 0 255
4 7 34 26.9058 -3 0 0 183
4 7 35 28.4089 2.81748 8.71394 0.536502 331
4 7 36 24.5757 1.68689 5.11924 0.374473 254
4 7 37 27.7835 5.27241 12.6831 0.477396 266
4 7 38 27.814 1.15481 5.4334 0.268016 504
4 7 39 23.7923 0.998142 4.32221 0.547209 735
4 7 40 21 -2 0 0 287
4 7 41 29.8755 5.18166 8.87031 0.529586 287
4 7 42 21.8103 7.68862 9.30863 0.342751 382
4 7 43 23 -2 0 0 257
4 7 44 24.3983 1.67871 6.66927 0.468279 624
4 7 45 26.1633 2.10535 6.98415 0.467671 403
4 7 46 20 -2 0 0 273
4 7 47 27.8162 1.17797 5.15217 0.312181 1197
4 7 48 26.2418 2.4293 8.03381 0.393728 296
4 7 49 25.1716 1.98499 5.00034 0.551928 261
4 7 50 25.0202 1.47043 4.67811 0.543968 418
4 7 51 24.8757 1.16045 4.60105 0.444282 500
4 7 52 18 -2 0 0 308
4 7 53 28.4036 1.43189 6.25376 0.37591 846
4 7 54 23.9156 1.32794 4.64243 0.462119 584
4 7 55 23.7209 3.77782 9.15608 0.422615 417
4 7 56 25.2706 1.2915 4.57999 0.495792 713
4 7 57 27.2359 1.52969 5.81481 0.503189 785
4 7 58 27.3799 2.24019 6.41059 0.491628 369
4 7 59 23.7449 2.54036 7.69111 0.286676 294
4 7 60 25.953 1.38968 6.63418 0.284165 984
4 7 61 25.3018 1.93295 7.22243 0.418007 634
4 7 62 24.5592 1.55549 4.40261 0.476708 414
4 7 63 24.6347 1.46504 5.54835 0.289723 486
4 8 0 32.8211 -3 0 0 81
4 8 1 32.8211 -3 0 0 60
4 8 2 32.8211 -3 0 0 83
4 8 3 32.8211 -3 0 0 131
4 8 4 32.8211 -3 0 0 70
4 8 5 32.8211 -3 0 0 104
4 8 6 32.8211 -3 0 0 86
4 8 7 32.8211 -3 0 0 125
4 8 8 32.8211 -3 0 0 69
4 8 9 32.8211 -3 0 0 112
4 8 10 32.8211 -3 0 0 99
4 8 11 32.8211 -3 0 0 107
4 8 12 32.8211 -3 0 0 65
4 8 13 32.8211 -3 0 0 170
4 8 14 32.8211 -3 0 0 90
4 8 15 32.8211 -3 0 0 143
4 8 16 32.8211 -3 0 0 134
4 8 17 32.8211 -3 0 0 100
4 8 18 32.8211 -3 0 0 115
4 8 19 35.6182 11.3317 19.9999 0.412839 218
4 8 20 32.8211 -3 0 0 109
4 8 21 32.8211 -3 0 0 82
4 8 22 32.8211 -3 0 0 113
4 8 23 32.8211 -3 0 0 88
4 8 24 32.8211 -3 0 0 103
4 8 25 37.051 11.8523 19.9998 0.465989 236
4 8 26 32.8211 -3 0 0 86
4 8 27 32.8211 -3 0 0 134
4 8 28 35.6851 11.3475 20 0.373361 210
4 8 29 32.8211 -3 0 0 127
4 8 30 32.8211 -3 0 0 152
4 8 31 36.3616 2.50677 8.38741 0.374584 250
4 8 32 35.2706 5.51044 14.4304 0.302884 217
4 8 33 32.8211 -3 0 0 171
4 8 34 32.8211 -3 0 0 99
4 8 35 38.2479 3.53713 10.3977 0.413041 324
4 8 36 30 -2 0 0 217
4 8 37 32.8211 -3 0 0 136
4 8 38 34.3339 1.36896 6.09248 0.322999 630
4 8 39 31.5799 1.33394 5.4424 0.381046 421
4 8 40 32.8211 -3 0 0 105
4 8 41 34.4689 2.66948 8.14198 0.326697 270
4 8 42 34.3992 3.00084 9.91625 0.33548 233
4 8 43 32.8211 -3 0 0 122
4 8 44 27 -2 0 0 456
4 8 45 30.876 2.04016 6.74935 0.354244 247
4 8 46 32.8211 -3 0 0 109
4 8 47 34.5227 1.5285 7.16721 0.279109 1086
4 8 48 32.8211 -3 0 0 192
4 8 49 32.8211 -3 0 0 158
4 8 50 32.9538 5.65961 14.6376 0.496355 312
4 8 51 34.625 4.40327 13.686 0.418108 303
4 8 52 32.8211 -3 0 0 179
4 8 53 29.9372 1.09706 4.74209 0.356582 673
4 8 54 30 -2 0 0 306
4 8 55 32.8211 -3 0 0 182
4 8 56 31.0709 1.87562 7.13705 0.216751 320
4 8 57 33.2868 2.37841 8.13507 0.34345 352
4 8 58 36.9592 7.94742 20 0.517173 294
4 8 59 32.8211 -3 0 0 164
4 8 60 28.6538 1.11579 5.63253 0.247531 500
4 8 61 32.1322 2.14563 7.10869 0.319234 246
4 8 62 32.8211 -3 0 0 180
4 8 63 31.8894 3.14588 9.25177 0.392974 221
4 9 0 30.2386 9.84337 10.6972 0.271576 264
4 9 1 28.335 15.4563 20 0.304037 201
4 9 2 33.0883 -3 0 0 141
4 9 3 33.0883 -3 0 0 68
4 9 4 33.0883 -3 0 0 81
4 9 5 33.0883 -3 0 0 89
4 9 6 33.0883 -3 0 0 128
4 9 7 33.0883 -3 0 0 74
4 9 8 33.0883 -3 0 0 90
4 9 9 33.0883 -3 0 0 72
4 9 10 33.0883 -3 0 0 63
4 9 11 33.0883 -3 0 0 82
4 9 12 33.0883 -3 0 0 72
4 9 13 33.0883 -3 0 0 54
4 9 14 33.0883 -3 0 0 193
4 9 15 33.0883 -3 0 0 59
4 9 16 33.0883 -3 0 0 67
4 9 17 33.0883 -3 0 0 108
4 9 18 33.0883 -3 0 0 74
4 9 19 33.0883 -3 0 0 55
4 9 20 33.0883 -3 0 0 53
4 9 21 33.0883 -3 0 0 114
4 9 22 33.0883 -3 0 0 48
4 9 23 33.0883 -3 0 0 79
4 9 24 33.0883 -3 0 0 146
4 9 25 33.0883 -3 0 0 42
4 9 26 33.0883 -3 0 0 132
4 9 27 33.0883 -3 0 0 46
4 9 28 33.0883 -3 0 0 45
4 9 29 33.0883 -3 0 0 75
4 9 30 33.0883 -3 0 0 48
4 9 31 33.0883 -3 0 0 43
4 9 32 33.0883 -3 0 0 43
4 9 33 33.0883 -3 0 0 33
4 9 34 33.0883 -3 0 0 142
4 9 35 33.0883 -3 0 0 32
4 9 36 33.0883 -3 0 0 53
4 9 37 33.0883 -3 0 0 74
4 9 38 33.0883 -3 0 0 47
4 9 39 33.0883 -3 0 0 45
4 9 40 33.0883 -3 0 0 48
4 9 41 33.0883 -3 0 0 32
4 9 42 33.0883 -3 0 0 49
4 9 43 33.0883 -3 0 0 92
4 9 44 33.0883 -3 0 0 17
4 9 45 33.0883 -3 0 0 41
4 9 46 33.0883 -3 0 0 112
4 9 47 33.0883 -3 0 0 34
4 9 48 33.0883 -3 0 0 38
4 9 49 33.0883 -3 0 0 53
4 9 50 33.0883 -3 0 0 49
4 9 51 33.0883 -3 0 0 63
4 9 52 33.0883 -3 0 0 86
4 9 53 33.0883 -3 0 0 36
4 9 54 33.0883 -3 0 0 30
4 9 55 33.0883 -3 0 0 76
4 9 56 33.0883 -3 0 0 4
4 9 57 33.0883 -3 0 0 83
4 9 58 33.0883 -3 0 0 38
4 9 59 33.0883 -3 0 0 123
4 9 60 33.0883 -3 0 0 28
4 9 61 33.0883 -3 0 0 72
4 9 62 33.0883 -3 0 0 96
4 9 63 33.0883 -3 0 0 50
4 10 0 27.3906 -3 0 0 141
4 10 1 27.3906 -3 0 0 189
4 10 2 29.9459 3.25076 10.0496 0.45382 294
4 10 3 19 -2 0 0 375
4 10 4 31.5846 4.33672 12.8486 0.384223 277
4 10 5 22 -2 0 0 237
4 10 6 27.3906 -3 0 0 190
4 10 7 27.3643 1.13834 5.65767 0.284362 513
4 10 8 27.3906 -3 0 0 191
4 10 9 29.211 2.79694 7.1698 0.434661 367
4 10 10 26.6413 1.43869 5.28025 0.391271 291
4 10 11 27.3906 -3 0 0 175
4 10 12 23.4806 3.48633 9.53481 0.446387 240
4 10 13 24.9093 1.12221 4.54168 0.402119 510
4 10 14 27.3906 -3 0 0 170
4 10 15 25.8028 11.4666 6.02135 0.579207 325
4 10 16 29.2315 2.08468 6.2809 0.560562 515
4 10 17 27.3906 -3 0 0 163
4 10 18 39.7559 7.61171 18.0245 0.4774 270
4 10 19 29.6362 1.72453 6.37074 0.38803 713
4 10 20 27.3906 -3 0 0 192
4 10 21 23 -2 0 0 210
4 10 22 31.3579 3.32419 11.8886 0.546939 327
4 10 23 27.3906 -3 0 0 178
4 10 24 27.3906 -3 0 0 158
4 10 25 29.0336 1.35805 5.81851 0.556083 883
4 10 26 27.3906 -3 0 0 186
4 10 27 30.7021 1.91447 7.50349 0.514446 455
4 10 28 26.5307 0.975562 4.66104 0.420613 449
4 10 29 29.3185 3.62205 10.0851 0.358792 214
4 10 30 19.6982 19.3377 14.2419 0.452078 318
4 10 31 25.2165 0.960748 5.23258 0.396355 1049
4 10 32 24.6709 0.807599 3.54724 0.670514 861
4 10 33 24.4927 0.918486 3.8515 0.496265 434
4 10 34 27.3906 -3 0 0 173
4 10 35 25.5958 0.839198 4.72157 0.501954 1321
4 10 36 24.7281 0.893769 3.93833 0.417094 417
4 10 37 22 -2 0 0 239
4 10 38 28.0117 1.23769 5.18262 0.477412 1676
4 10 39 29.5122 2.01587 6.04097 0.411492 726
4 10 40 26.5339 1.752 5.61044 0.430195 301
4 10 41 24.8513 0.914253 4.17098 0.391971 639
4 10 42 24.4483 1.13183 3.8808 0.389016 379
4 10 43 30.2993 4.18012 8.981 0.493051 276
4 10 44 26.1977 0.870916 5.07544 0.283286 809
4 10 45 28.22 1.75863 6.63251 0.465129 606
4 10 46 19 -2 0 0 217
4 10 47 30.1131 1.14995 7.46584 0.318412 2448
4 10 48 21 -2 0 0 468
4 10 49 22 -2 0 0 294
4 10 50 26.5368 1.06101 4.68205 0.534637 593
4 10 51 25.7981 1.23974 5.30131 0.43667 332
4 10 52 29.8814 4.87108 13.8473 0.411844 229
4 10 53 26.6608 1.09025 5.21419 0.605482 1327
4 10 54 21 -2 0 0 505
4 10 55 24.0424 1.29245 4.67878 0.360465 341
4 10 56 25.6436 1.29679 5.72629 0.2951 516
4 10 57 23.3902 1.11347 5.16779 0.400585 425
4 10 58 23 -2 0 0 458
4 10 59 21 -2 0 0 216
4 10 60 24.3727 0.835325 4.6342 0.363831 1261
4 10 61 24.4212 1.71853 4.87762 0.502311 359
4 10 62 20 -2 0 0 351
4 10 63 21 -2 0 0 354
4 11 0 33.8437 1.73782 6.86817 0.238831 577
4 11 1 34.0906 2.57267 7.61776 0.350452 340
4 11 2 32.0303 3.96299 9.66496 0.272535 296
4 11 3 34.4476 -3 0 0 153
4 11 4 34.5666 11.2319 20 0.382294 201
4 11 5 39.6561 10.1009 20 0.379267 204
4 11 6 34.4476 -3 0 0 184
4 11 7 34.4476 -3 0 0 76
4 11 8 39 -2 0 0 233
4 11 9 34.4476 -3 0 0 153
4 11 10 34.4476 -3 0 0 96
4 11 11 35.5483 1.89844 6.49188 0.334895 231
4 11 12 34.4476 -3 0 0 165
4 11 13 34.4476 -3 0 0 99
4 11 14 35.9503 1.96629 6.41521 0.311673 414
4 11 15 34.4476 -3 0 0 89
4 11 16 34.4476 -3 0 0 75
4 11 17 32.0792 13.9096 19.9976 0.516811 319
4 11 18 34.4476 -3 0 0 144
4 11 19 34.4476 -3 0 0 86
4 11 20 34.4476 -3 0 0 130
4 11 21 34.4476 -3 0 0 178
4 11 22 34.4476 -3 0 0 92
4 11 23 38.6065 6.41934 17.0887 0.367353 256
4 11 24 36.9503 4.15921 10.7531 0.435147 317
4 11 25 34.4476 -3 0 0 76
4 11 26 35.0806 1.66795 6.94617 0.354352 391
4 11 27 34.4476 -3 0 0 118
4 11 28 34.4476 -3 0 0 93
4 11 29 31 -2 0 0 279
4 11 30 34.4476 -3 0 0 115
4 11 31 34.4476 -3 0 0 73
4 11 32 34.4476 -3 0 0 82
4 11 33 34.4476 -3 0 0 102
4 11 34 31.0574 3.57058 8.51713 0.404715 352
4 11 35 34.4476 -3 0 0 58
4 11 36 34.4476 -3 0 0 111
4 11 37 34.4476 -3 0 0 135
4 11 38 34.4476 -3 0 0 70
4 11 39 34.4476 -3 0 0 108
4 11 40 34.4476 -3 0 0 166
4 11 41 34.4476 -3 0 0 100
4 11 42 34.4476 -3 0 0 126
4 11 43 41.9133 5.22441 15.9576 0.356851 234
4 11 44 34.4476 -3 0 0 58
4 11 45 34.4476 -3 0 0 105
4 11 46 38 -2 0 0 314
4 11 47 34.4476 -3 0 0 73
4 11 48 34.4476 -3 0 0 127
4 11 49 34.4476 -3 0 0 161
4 11 50 34.4476 -3 0 0 74
4 11 51 39.2764 8.84766 18.5088 0.428384 235
4 11 52 34.4476 -3 0 0 190
4 11 53 34.4476 -3 0 0 66
4 11 54 34.4476 -3 0 0 108
4 11 55 34.4476 -3 0 0 182
4 11 56 34.4476 -3 0 0 108
4 11 57 34.4476 -3 0 0 169
4 11 58 34.4476 -3 0 0 168
4 11 59 36.9366 4.86936 15.449 0.41177 290
4 11 60 34.4476 -3 0 0 86
4 11 61 27 -2 0 0 217
4 11 62 34.5728 1.81623 6.30057 0.310236 348
4 11 63 34.4476 -3 0 0 194
4 12 0 30.834 2.17123 6.54567 0.26798 254
4 12 1 37.685 3.91536 13.8422 0.437333 305
4 12 2 34.1665 1.57878 6.54224 0.298802 429
4 12 3 30.0177 0.909557 4.69924 0.371731 589
4 12 4 28.9312 1.24534 4.56273 0.452886 278
4 12 5 30.1414 0.907089 4.75589 0.268237 377
4 12 6 32.0375 3.17562 7.49588 0.592213 453
4 12 7 33.3164 0.98421 7.0864 0.479621 1338
4 12 8 34.4613 3.34965 10.9425 0.543201 305
4 12 9 31.514 1.05219 4.86121 0.431457 800
4 12 10 34.2392 1.40279 6.67104 0.579385 1265
4 12 11 32.7966 1.36739 6.13582 0.336474 307
4 12 12 31.1638 1.1773 5.73561 0.317701 446
4 12 13 32.4254 1.01817 5.63913 0.503274 654
4 12 14 34.9108 3.03461 9.04875 0.377993 228
4 12 15 28.7877 0.873359 3.74951 0.66289 564
4 12 16 34.0341 1.15702 7.91749 0.358257 2715
4 12 17 33.0263 -3 0 0 196
4 12 18 32.8506 2.14616 5.62177 0.528698 321
4 12 19 32.7571 0.983264 6.34221 0.314582 1085
4 12 20 32.6374 1.793 7.06532 0.426078 253
4 12 21 32.6078 1.33235 6.44238 0.351809 650
4 12 22 30.9228 0.875579 5.39135 0.389773 772
4 12 23 33.0263 -3 0 0 163
4 12 24 32.8948 2.46537 6.53964 0.38853 255
4 12 25 32.596 1.12499 5.26278 0.343011 1021
4 12 26 26 -2 0 0 201
4 12 27 33.0467 1.45668 6.38567 0.306448 368
4 12 28 29.4845 0.842158 5.21178 0.4101 876
4 12 29 33.0263 -3 0 0 196
4 12 30 29.4608 4.18528 8.89947 0.38184 271
4 12 31 33.6653 1.21985 6.53895 0.362399 875
4 12 32 32.918 1.37781 6.4007 0.465633 428
4 12 33 32.6895 1.33605 5.88812 0.331363 344
4 12 34 33.0263 -3 0 0 173
4 12 35 32.4045 1.2106 5.62087 0.434597 579
4 12 36 34.0334 2.65809 10.2371 0.49346 259
4 12 37 33.0263 -3 0 0 181
4 12 38 34.4164 1.43205 6.77369 0.306447 635
4 12 39 35.1352 3.63575 10.2829 0.35604 256
4 12 40 31.4546 1.89309 6.85993 0.420303 235
4 12 41 34.3298 2.00952 8.20277 0.435076 367
4 12 42 33.0263 -3 0 0 182
4 12 43 33.0263 -3 0 0 180
4 12 44 32.5668 1.25414 4.75391 0.448214 323
4 12 45 30.7854 3.0412 7.78799 0.245989 278
4 12 46 33.0263 -3 0 0 165
4 12 47 32.3643 1.26399 6.25054 0.416218 397
4 12 48 30.8912 1.76568 5.85084 0.492295 319
4 12 49 33.0263 -3 0 0 193
4 12 50 30.7338 1.4811 5.50278 0.366624 319
4 12 51 33.0263 -3 0 0 133
4 12 52 33.0263 -3 0 0 158
4 12 53 29 -2 0 0 255
4 12 54 33.0263 -3 0 0 188
4 12 55 33.0263 -3 0 0 129
4 12 56 33.0263 -3 0 0 173
4 12 57 33.0263 -3 0 0 152
4 12 58 33.0263 -3 0 0 145
4 12 59 33.0263 -3 0 0 109
4 12 60 31.6225 2.40071 6.39357 0.411363 220
4 12 61 33.0263 -3 0 0 151
4 12 62 33.0263 -3 0 0 119
4 12 63 33.0263 -3 0 0 129
4 13 0 25.7225 16.9344 20 0.442581 262
4 13 1 31.3509 -3 0 0 195
4 13 2 31.3509 -3 0 0 134
4 13 3 31.3509 -3 0 0 91
4 13 4 31.3509 -3 0 0 118
4 13 5 31.3509 -3 0 0 139
4 13 6 31.3509 -3 0 0 142
4 13 7 31.3509 -3 0 0 50
4 13 8 31.3509 -3 0 0 151
4 13 9 31.3509 -3 0 0 76
4 13 10 31.3509 -3 0 0 66
4 13 11 31.3509 -3 0 0 182
4 13 12 31.3509 -3 0 0 118
4 13 13 31.3509 -3 0 0 71
4 13 14 32.6539 2.81598 8.11047 0.277221 244
4 13 15 31.3509 -3 0 0 77
4 13 16 31.3509 -3 0 0 68
4 13 17 28 -2 0 0 211
4 13 18 31.3509 -3 0 0 115
4 13 19 31.3509 -3 0 0 63
4 13 20 31.3509 -3 0 0 122
4 13 21 31.3509 -3 0 0 94
4 13 22 31.3509 -3 0 0 72
4 13 23 31.3509 -3 0 0 159
4 13 24 29.2962 5.44443 10.5822 0.249838 210
4 13 25 31.3509 -3 0 0 69
4 13 26 29 -2 0 0 306
4 13 27 31.3509 -3 0 0 101
4 13 28 31.3509 -3 0 0 89
4 13 29 37.477 9.25675 18.9129 0.359634 211
4 13 30 31.3509 -3 0 0 92
4 13 31 31.3509 -3 0 0 80
4 13 32 31.3509 -3 0 0 60
4 13 33 31.3509 -3 0 0 101
4 13 34 33.9883 2.78959 8.19667 0.326862 302
4 13 35 31.3509 -3 0 0 90
4 13 36 31.3509 -3 0 0 91
4 13 37 31.3509 -3 0 0 180
4 13 38 31.3509 -3 0 0 76
4 13 39 31.3509 -3 0 0 154
4 13 40 31.3509 -3 0 0 140
4 13 41 31.3509 -3 0 0 92
4 13 42 31.3509 -3 0 0 177
4 13 43 32.0382 2.3636 7.85573 0.350322 227
4 13 44 31.3509 -3 0 0 104
4 13 45 31.3509 -3 0 0 119
4 13 46 30.613 1.88381 5.68895 0.418796 333
4 13 47 31.3509 -3 0 0 103
4 13 48 31.3509 -3 0 0 118
4 13 49 30.3654 2.04746 6.92668 0.281671 208
4 13 50 31.3509 -3 0 0 147
4 13 51 38.1823 6.99019 18.1603 0.457285 348
4 13 52 34.049 4.1 13.0533 0.463591 291
4 13 53 31.3509 -3 0 0 130
4 13 54 31.3509 -3 0 0 118
4 13 55 27 -2 0 0 287
4 13 56 33.4924 8.0826 17.6454 0.327048 222
4 13 57 28.8832 4.586 9.7417 0.325015 283
4 13 58 31.3509 -3 0 0 173
4 13 59 30.5522 2.07079 5.99979 0.30985 398
4 13 60 31.3509 -3 0 0 162
4 13 61 30.2442 1.25098 5.61025 0.286184 506
4 13 62 29.1572 1.73861 6.5125 0.279704 439
4 13 63 31.3509 -3 0 0 187
4 14 0 32.4446 1.91738 5.62298 0.328947 216
4 14 1 27 -2 0 0 252
4 14 2 26 -2 0 0 337
4 14 3 29.345 1.80056 7.3025 0.392114 360
4 14 4 33.6459 -3 0 0 183
4 14 5 29.9572 2.93372 7.78124 0.345226 243
4 14 6 29.9003 14.771 11.3214 0.487896 352
4 14 7 34.5571 1.70378 6.31783 0.27519 588
4 14 8 36 -2 0 0 212
4 14 9 33.2841 1.34309 5.65479 0.334784 528
4 14 10 32.0979 1.11484 5.24975 0.281696 668
4 14 11 33.6459 -3 0 0 161
4 14 12 27 -2 0 0 223
4 14 13 34.032 3.21027 8.16481 0.394547 287
4 14 14 33.6459 -3 0 0 149
4 14 15 39 -2 0 0 237
4 14 16 33.9905 1.29283 5.86421 0.284331 928
4 14 17 33.6459 -3 0 0 138
4 14 18 31.9654 1.72017 5.72199 0.388738 221
4 14 19 34.5765 2.77953 7.84532 0.343437 411
4 14 20 33.6459 -3 0 0 119
4 14 21 32.5532 1.51812 5.499 0.359431 421
4 14 22 32.2838 1.33068 6.17822 0.368573 355
4 14 23 33.6459 -3 0 0 110
4 14 24 33.6459 -3 0 0 155
4 14 25 32.0989 1.80332 6.64811 0.41107 341
4 14 26 33.6459 -3 0 0 132
4 14 27 28.7762 7.13388 9.09333 0.270805 202
4 14 28 32.6574 7.39316 14.323 0.432275 226
4 14 29 33.6459 -3 0 0 120
4 14 30 33.6459 -3 0 0 163
4 14 31 32.5724 2.13714 7.62504 0.325713 218
4 14 32 33.6459 -3 0 0 145
4 14 33 33.6459 -3 0 0 140
4 14 34 33.6459 -3 0 0 128
4 14 35 33.6459 -3 0 0 190
4 14 36 33.6459 -3 0 0 128
4 14 37 33.6459 -3 0 0 89
4 14 38 33.6459 -3 0 0 168
4 14 39 33.6459 -3 0 0 106
4 14 40 33.6459 -3 0 0 128
4 14 41 33.6459 -3 0 0 158
4 14 42 33.6459 -3 0 0 141
4 14 43 33.6459 -3 0 0 105
4 14 44 33.6459 -3 0 0 127
4 14 45 33.6459 -3 0 0 105
4 14 46 33.6459 -3 0 0 95
4 14 47 33.6459 -3 0 0 137
4 14 48 33.6459 -3 0 0 104
4 14 49 33.6459 -3 0 0 88
4 14 50 33.6459 -3 0 0 64
4 14 51 33.6459 -3 0 0 40
4 14 52 33.6459 -3 0 0 80
4 14 53 33.6459 -3 0 0 84
4 14 54 33.6459 -3 0 0 59
4 14 55 33.6459 -3 0 0 91
4 14 56 33.6459 -3 0 0 77
4 14 57 33.6459 -3 0 0 82
4 14 58 33.6459 -3 0 0 65
4 14 59 33.6459 -3 0 0 87
4 14 60 33.6459 -3 0 0 99
4 14 61 33.6459 -3 0 0 58
4 14 62 33.6459 -3 0 0 74
4 14 63 33.6459 -3 0 0 81
4 15 0 33.4299 -3 0 0 67
4 15 1 33.4299 -3 0 0 51
4 15 2 33.4299 -3 0 0 62
4 15 3 33.4299 -3 0 0 28
4 15 4 33.4299 -3 0 0 68
4 15 5 33.4299 -3 0 0 37
4 15 6 33.4299 -3 0 0 52
4 15 7 33.4299 -3 0 0 31
4 15 8 33.4299 -3 0 0 59
4 15 9 33.4299 -3 0 0 37
4 15 10 33.4299 -3 0 0 40
4 15 11 33.4299 -3 0 0 59
4 15 12 33.4299 -3 0 0 37
4 15 13 33.4299 -3 0 0 39
4 15 14 33.4299 -3 0 0 90
4 15 15 33.4299 -3 0 0 47
4 15 16 33.4299 -3 0 0 14
4 15 17 33.4299 -3 0 0 73
4 15 18 33.4299 -3 0 0 56
4 15 19 33.4299 -3 0 0 44
4 15 20 33.4299 -3 0 0 66
4 15 21 33.4299 -3 0 0 38
4 15 22 33.4299 -3 0 0 43
4 15 23 33.4299 -3 0 0 72
4 15 24 33.4299 -3 0 0 70
4 15 25 33.4299 -3 0 0 48
4 15 26 33.4299 -3 0 0 87
4 15 27 33.4299 -3 0 0 34
4 15 28 33.4299 -3 0 0 37
4 15 29 33.4299 -3 0 0 102
4 15 30 33.4299 -3 0 0 49
4 15 31 33.4299 -3 0 0 39
4 15 32 33.4299 -3 0 0 48
4 15 33 33.4299 -3 0 0 45
4 15 34 33.4299 -3 0 0 99
4 15 35 33.4299 -3 0 0 53
4 15 36 33.4299 -3 0 0 56
4 15 37 33.4299 -3 0 0 74
4 15 38 33.4299 -3 0 0 61
4 15 39 33.4299 -3 0 0 114
4 15 40 33.4299 -3 0 0 71
4 15 41 33.4299 -3 0 0 56
4 15 42 33.4299 -3 0 0 91
4 15 43 33.4299 -3 0 0 99
4 15 44 33.4299 -3 0 0 58
4 15 45 33.4299 -3 0 0 58
4 15 46 33.4299 -3 0 0 98
4 15 47 33.4299 -3 0 0 71
4 15 48 33.4299 -3 0 0 54
4 15 49 33.4299 -3 0 0 81
4 15 50 33.4299 -3 0 0 65
4 15 51 33.4299 -3 0 0 197
4 15 52 33.4299 -3 0 0 128
4 15 53 33.4299 -3 0 0 79
4 15 54 33.4299 -3 0 0 71
4 15 55 33.4299 -3 0 0 141
4 15 56 33.4299 -3 0 0 105
4 15 57 33.4299 -3 0 0 123
4 15 58 33.4299 -3 0 0 86
4 15 59 33.4299 -3 0 0 144
4 15 60 33.4299 -3 0 0 108
4 15 61 28 -2 0 0 231
4 15 62 33.4299 -3 0 0 168
4 15 63 33.4299 -3 0 0 127
5 0 0 32.7514 -3 0 0 142
5 0 1 32.7514 -3 0 0 121
5 0 2 32.7514 -3 0 0 75
5 0 3 32.7514 -3 0 0 32
5 0 4 32.7514 -3 0 0 106
5 0 5 32.7514 -3 0 0 114
5 0 6 32.7514 -3 0 0 106
5 0 7 32.7514 -3 0 0 58
5 0 8 32.7514 -3 0 0 97
5 0 9 32.7514 -3 0 0 76
5 0 10 32.7514 -3 0 0 62
5 0 11 32.7514 -3 0 0 115
5 0 12 32.7514 -3 0 0 99
5 0 13 32.7514 -3 0 0 67
5 0 14 32.7514 -3 0 0 163
5 0 15 32.7514 -3 0 0 81
5 0 16 32.7514 -3 0 0 68
5 0 17 32.7514 -3 0 0 145
5 0 18 32.7514 -3 0 0 49
5 0 19 32.7514 -3 0 0 76
5 0 20 32.7514 -3 0 0 56
5 0 21 32.7514 -3 0 0 89
5 0 22 32.7514 -3 0 0 37
5 0 23 32.7514 -3 0 0 158
5 0 24 32.7514 -3 0 0 131
5 0 25 32.7514 -3 0 0 102
5 0 26 29 -2 0 0 211
5 0 27 32.7514 -3 0 0 43
5 0 28 32.7514 -3 0 0 32
5 0 29 32.7514 -3 0 0 175
5 0 30 32.7514 -3 0 0 34
5 0 31 32.7514 -3 0 0 119
5 0 32 32.7514 -3 0 0 105
5 0 33 32.7514 -3 0 0 135
5 0 34 27 -2 0 0 234
5 0 35 32.7514 -3 0 0 133
5 0 36 32.7514 -3 0 0 12
5 0 37 32.7514 -3 0 0 173
5 0 38 32.7514 -3 0 0 145
5 0 39 32.7514 -3 0 0 119
5 0 40 32.7514 -3 0 0 163
5 0 41 32.7514 -3 0 0 45
5 0 42 32.7514 -3 0 0 193
5 0 43 35.2833 2.25809 7.73714 0.268003 250
5 0 44 32.7514 -3 0 0 61
5 0 45 32.7514 -3 0 0 39
5 0 46 37.4406 6.45047 16.7629 0.378165 270
5 0 47 32.7514 -3 0 0 198
5 0 48 32.7514 -3 0 0 78
5 0 49 32.7514 -3 0 0 44
5 0 50 41.2444 8.00412 18.9946 0.35446 207
5 0 51 33.3451 2.97805 6.88798 0.456609 515
5 0 52 36.9149 9.99144 20 0.357169 242
5 0 53 32.7514 -3 0 0 83
5 0 54 32.7514 -3 0 0 49
5 0 55 35.5607 2.36493 7.51486 0.380903 346
5 0 56 33.1265 1.98216 6.79445 0.335685 356
5 0 57 34.5041 5.56701 12.7827 0.474853 475
5 0 58 28 -2 0 0 254
5 0 59 40 -2 0 0 396
5 0 60 32.7514 -3 0 0 138
5 0 61 34.1181 1.97492 6.72565 0.293763 662
5 0 62 26.2738 1.78809 4.91366 0.377211 473
5 0 63 28 -2 0 0 334
5 1 0 33.0907 1.24293 5.91154 0.356189 568
5 1 1 32.7588 2.11566 7.17472 0.630664 634
5 1 2 35.8363 2.08058 7.32254 0.567856 657
5 1 3 34.0179 1.27912 5.65622 0.280047 407
5 1 4 33.1311 2.08199 7.16446 0.512177 281
5 1 5 48 -2 0 0 463
5 1 6 35.4669 1.36523 6.64435 0.296563 820
5 1 7 32.4273 1.34097 5.99958 0.340056 580
5 1 8 36.6968 2.82637 9.86221 0.524358 370
5 1 9 34.6919 1.29152 6.6621 0.347155 754
5 1 10 33.0642 1.0503 6.40651 0.323039 874
5 1 11 32.4191 1.31166 5.15287 0.399159 305
5 1 12 35.9097 1.50577 6.87822 0.433672 452
5 1 13 31 -2 0 0 364
5 1 14 31.1609 2.79535 7.40563 0.308914 329
5 1 15 34.3709 2.455 8.33291 0.475552 315
5 1 16 34.3588 1.27339 6.91651 0.326145 1043
5 1 17 36.3357 3.46046 11.6285 0.37275 272
5 1 18 35.5669 3.88426 11.7546 0.617316 340
5 1 19 35.401 1.3983 6.51761 0.347304 405
5 1 20 34.5889 -3 0 0 102
5 1 21 33.8318 1.48271 5.1931 0.533539 740
5 1 22 34.7828 1.36099 6.44755 0.42181 442
5 1 23 34.5889 -3 0 0 68
5 1 24 33.8397 1.34469 6.24237 0.335026 345
5 1 25 35.1966 1.75227 6.92468 0.364516 361
5 1 26 35.3932 12.1397 19.1706 0.511783 278
5 1 27 33.7188 2.27218 8.03137 0.438384 220
5 1 28 34.2865 1.68984 6.94614 0.331115 244
5 1 29 34.5889 -3 0 0 176
5 1 30 37.8099 4.04388 13.637 0.386063 216
5 1 31 38.5959 3.88455 12.642 0.498494 258
5 1 32 33.6121 6.17343 15.546 0.451198 203
5 1 33 34.5889 -3 0 0 163
5 1 34 38.1266 4.19162 12.023 0.41162 227
5 1 35 34.5889 -3 0 0 185
5 1 36 34.5889 -3 0 0 155
5 1 37 34.5889 -3 0 0 157
5 1 38 34.5889 -3 0 0 164
5 1 39 34.5889 -3 0 0 118
5 1 40 34.5889 -3 0 0 180
5 1 41 34.5889 -3 0 0 157
5 1 42 34.5889 -3 0 0 131
5 1 43 34.5889 -3 0 0 75
5 1 44 34.5889 -3 0 0 117
5 1 45 34.5889 -3 0 0 164
5 1 46 34.5889 -3 0 0 185
5 1 47 34.5889 -3 0 0 131
5 1 48 34.5889 -3 0 0 146
5 1 49 34.5889 -3 0 0 139
5 1 50 34.5889 -3 0 0 112
5 1 51 34.5889 -3 0 0 102
5 1 52 34.5889 -3 0 0 49
5 1 53 34.5889 -3 0 0 92
5 1 54 34.5889 -3 0 0 109
5 1 55 34.5889 -3 0 0 105
5 1 56 34.5889 -3 0 0 94
5 1 57 34.5889 -3 0 0 101
5 1 58 34.5889 -3 0 0 112
5 1 59 34.5889 -3 0 0 74
5 1 60 34.5889 -3 0 0 111
5 1 61 34.5889 -3 0 0 110
5 1 62 34.5889 -3 0 0 112
5 1 63 34.5889 -3 0 0 102
5 2 0 31.8322 2.05533 5.93627 0.328179 604
5 2 1 31.4817 1.62586 7.12424 0.310263 422
5 2 2 27.3296 1.37882 3.79296 0.42921 296
5 2 3 32.129 -3 0 0 179
5 2 4 32.129 -3 0 0 128
5 2 5 30.0344 1.56916 4.76441 0.400548 317
5 2 6 32.129 -3 0 0 170
5 2 7 32.129 -3 0 0 134
5 2 8 32.4169 2.102 8.276 0.346646 294
5 2 9 32.129 -3 0 0 173
5 2 10 32.129 -3 0 0 101
5 2 11 32.129 -3 0 0 158
5 2 12 30 -2 0 0 241
5 2 13 32.129 -3 0 0 73
5 2 14 39.6366 3.45735 11.5701 0.605128 587
5 2 15 32.129 -3 0 0 83
5 2 16 32.129 -3 0 0 136
5 2 17 28.3195 1.13619 4.84823 0.302189 284
5 2 18 32.129 -3 0 0 86
5 2 19 32.129 -3 0 0 153
5 2 20 34.2341 3.16338 8.26858 0.535327 376
5 2 21 32.129 -3 0 0 112
5 2 22 32.129 -3 0 0 92
5 2 23 32.129 -3 0 0 109
5 2 24 32.1528 1.32433 5.28771 0.489964 393
5 2 25 32.129 -3 0 0 179
5 2 26 32.1999 1.1658 5.81814 0.327989 911
5 2 27 32.129 -3 0 0 70
5 2 28 32.129 -3 0 0 65
5 2 29 32.129 -3 0 0 175
5 2 30 32.129 -3 0 0 64
5 2 31 32.129 -3 0 0 155
5 2 32 32.129 -3 0 0 182
5 2 33 32.129 -3 0 0 123
5 2 34 30.0289 1.39886 4.57141 0.372527 418
5 2 35 32.129 -3 0 0 185
5 2 36 32.129 -3 0 0 55
5 2 37 31.2809 1.50014 7.18126 0.432262 414
5 2 38 32.129 -3 0 0 158
5 2 39 25 -2 0 0 353
5 2 40 32.129 -3 0 0 79
5 2 41 32.129 -3 0 0 192
5 2 42 41 -2 0 0 430
5 2 43 30.461 1.56205 5.41543 0.283656 342
5 2 44 32.129 -3 0 0 196
5 2 45 25.4297 11.4147 13.0157 0.443393 294
5 2 46 30.2947 1.10945 5.3924 0.224041 496
5 2 47 0 -10 0 0 0
5 2 48 31.4985 2.95342 8.1091 0.508551 290
5 2 49 35.9449 4.03383 10.3022 0.680409 446
5 2 50 32.4559 2.2387 7.86386 0.312022 265
5 2 51 31.2551 1.46969 7.60186 0.217994 1071
5 2 52 30.043 1.26363 6.19552 0.325005 991
5 2 53 31.8685 2.69415 6.81302 0.448993 266
5 2 54 35.1372 3.06092 8.84376 0.491005 354
5 2 55 32.8533 1.21427 6.59609 0.335456 860
5 2 56 32.0519 1.49269 6.51563 0.307911 593
5 2 57 26.3771 1.24058 4.37665 0.361395 343
5 2 58 34.0733 2.25538 8.5903 0.50031 491
5 2 59 29.0704 1.07511 4.79405 0.273162 457
5 2 60 28.9515 1.41825 5.20931 0.480834 328
5 2 61 25 -2 0 0 2068
5 2 62 32.8626 1.27935 6.22782 0.359286 1526
5 2 63 32.8105 1.78663 6.82037 0.417796 538
5 3 0 28.8054 1.14073 5.12617 0.449007 723
5 3 1 27.397 1.06656 4.99633 0.475699 755
5 3 2 27.7775 0.887108 6.05528 0.232614 1171
5 3 3 25.1755 0.766398 3.7823 0.41468 568
5 3 4 29.3469 -3 0 0 178
5 3 5 28.6408 1.71459 5.56341 0.520568 544
5 3 6 29.3925 0.943883 4.90045 0.467902 658
5 3 7 29.3445 1.07086 6.01949 0.39372 824
5 3 8 26.2803 0.851298 3.41351 0.488873 439
5 3 9 29.6707 1.27864 7.28613 0.499344 886
5 3 10 23 -2 0 0 1029
5 3 11 27 -2 0 0 245
5 3 12 26.488 0.937809 4.28559 0.444076 342
5 3 13 28.9691 1.3085 5.91686 0.532328 626
5 3 14 28.4762 1.13321 5.20266 0.348645 531
5 3 15 29.3863 1.52886 5.50388 0.357576 417
5 3 16 29.2204 0.973851 8.06559 0.321242 1311
5 3 17 31.702 2.74861 8.45427 0.338294 281
5 3 18 29.3469 -3 0 0 128
5 3 19 26.8866 0.83115 4.93459 0.346529 507
5 3 20 29.3469 -3 0 0 58
5 3 21 30.2029 1.1875 6.81289 0.384976 887
5 3 22 29.0515 1.41129 7.97997 0.49319 436
5 3 23 29.3469 -3 0 0 93
5 3 24 28.7839 0.960954 4.39804 0.409239 439
5 3 25 28.0289 1.04407 3.55813 0.454313 256
5 3 26 29.3469 -3 0 0 85
5 3 27 29.3469 -3 0 0 80
5 3 28 29.3469 -3 0 0 155
5 3 29 29.3469 -3 0 0 90
5 3 30 23.9152 0.619589 2.84103 0.547227 303
5 3 31 28.6903 1.1443 4.98884 0.406754 593
5 3 32 27.6126 1.27722 4.10468 0.423358 444
5 3 33 29.3469 -3 0 0 178
5 3 34 29.3469 -3 0 0 139
5 3 35 28.33 1.25576 5.77284 0.322799 525
5 3 36 29.3469 -3 0 0 61
5 3 37 29.3469 -3 0 0 40
5 3 38 33.041 3.90871 12.4401 0.559256 343
5 3 39 24 -2 0 0 240
5 3 40 34.268 4.35002 13.2568 0.443339 264
5 3 41 27.2636 0.989138 3.94479 0.442828 360
5 3 42 29.3469 -3 0 0 40
5 3 43 31.8512 5.33984 15.1631 0.45026 217
5 3 44 32.7729 2.26715 6.88073 0.313312 224
5 3 45 29.3469 -3 0 0 105
5 3 46 25 -2 0 0 342
5 3 47 28.7539 1.33493 5.52318 0.456139 357
5 3 48 28.0531 2.02593 5.93028 0.466657 275
5 3 49 29.3469 -3 0 0 56
5 3 50 25 -2 0 0 245
5 3 51 29.3469 -3 0 0 197
5 3 52 29.3469 -3 0 0 157
5 3 53 24 -2 0 0 243
5 3 54 29.3469 -3 0 0 152
5 3 55 24 -2 0 0 248
5 3 56 30.3111 2.07267 6.61926 0.303388 217
5 3 57 30.3982 1.92478 5.78393 0.309664 223
5 3 58 27.1797 1.0089 4.96419 0.53964 513
5 3 59 29.3469 -3 0 0 129
5 3 60 29.3469 -3 0 0 63
5 3 61 29.3469 -3 0 0 193
5 3 62 29.5061 9.8566 20 0.402864 232
5 3 63 29.3469 -3 0 0 58
5 4 0 35.4886 1.65393 7.6041 0.304257 1870
5 4 1 27.0604 0.994147 4.52721 0.364141 602
5 4 2 26.9958 0.903669 3.43347 0.359709 274
5 4 3 29.5811 2.19245 6.20304 0.454594 284
5 4 4 29.6386 1.37861 6.02702 0.335895 389
5 4 5 32.2886 2.43903 7.01508 0.505456 440
5 4 6 31.1348 1.66702 5.76633 0.569919 525
5 4 7 31.0183 -3 0 0 199
5 4 8 29.4699 1.52084 5.06655 0.394988 565
5 4 9 33.2937 2.5436 9.3786 0.396152 370
5 4 10 23 -2 0 0 244
5 4 11 34.2191 1.58205 6.54688 0.437753 496
5 4 12 29.0075 1.74614 5.02968 0.526833 318
5 4 13 31.0183 -3 0 0 188
5 4 14 31.6823 1.44414 7.01931 0.247697 1473
5 4 15 32.1807 2.90935 9.1323 0.409655 245
5 4 16 29.9724 10.2321 20 0.399353 226
5 4 17 31.5278 1.23547 5.63639 0.447041 646
5 4 18 25 -2 0 0 220
5 4 19 31.0183 -3 0 0 152
5 4 20 31.0183 -3 0 0 89
5 4 21 26 -2 0 0 414
5 4 22 25 -2 0 0 216
5 4 23 31.0183 -3 0 0 104
5 4 24 31.2347 1.22677 5.66956 0.33992 887
5 4 25 31.0183 -3 0 0 177
5 4 26 24 -2 0 0 1274
5 4 27 31.0183 -3 0 0 50
5 4 28 31.0183 -3 0 0 187
5 4 29 29.6338 1.12941 4.83948 0.522862 684
5 4 30 31.0183 -3 0 0 74
5 4 31 31.0183 -3 0 0 167
5 4 32 31.0183 -3 0 0 139
5 4 33 31.0183 -3 0 0 62
5 4 34 29.6236 1.22075 6.61849 0.275502 1008
5 4 35 31.0183 -3 0 0 137
5 4 36 31.0183 -3 0 0 55
5 4 37 31.0183 -3 0 0 61
5 4 38 31.0183 -3 0 0 136
5 4 39 26 -2 0 0 209
5 4 40 31.0183 -3 0 0 93
5 4 41 31.0183 -3 0 0 175
5 4 42 31.0183 -3 0 0 76
5 4 43 30.0512 1.08579 4.62769 0.518093 599
5 4 44 31.0183 -3 0 0 160
5 4 45 31.0183 -3 0 0 180
5 4 46 30.9248 1.20773 5.91305 0.326592 857
5 4 47 31.0183 -3 0 0 129
5 4 48 26 -2 0 0 250
5 4 49 31.0183 -3 0 0 196
5 4 50 31.0183 -3 0 0 168
5 4 51 28.8873 2.10754 7.85086 0.475584 369
5 4 52 29.1914 1.29714 5.90662 0.277873 522
5 4 53 31.0183 -3 0 0 154
5 4 54 32.7466 4.65521 13.7218 0.494097 239
5 4 55 23 -2 0 0 399
5 4 56 29.9717 1.63352 6.285 0.35739 267
5 4 57 25.768 4.95672 8.19568 0.300146 298
5 4 58 27.3997 1.09382 4.44679 0.465603 254
5 4 59 32.4876 1.73564 6.84339 0.440817 723
5 4 60 31.0183 -3 0 0 175
5 4 61 28.1197 1.75928 5.2352 0.662902 517
5 4 62 33.1432 1.58831 8.66637 0.483629 634
5 4 63 22 -2 0 0 340
5 5 0 32.5635 -3 0 0 173
5 5 1 32 -2 0 0 208
5 5 2 31.97 16.9524 20 0.378868 220
5 5 3 31.6612 2.37673 6.40302 0.339373 263
5 5 4 38.0534 6.49461 16.6355 0.398931 212
5 5 5 34.8397 11.5042 20 0.455536 212
5 5 6 32.0525 17.0734 20 0.420829 250
5 5 7 31.805 1.82815 7.72277 0.322438 373
5 5 8 30.7727 3.53248 8.89893 0.3162 216
5 5 9 39.246 3.59541 10.9375 0.31302 263
5 5 10 25 -2 0 0 314
5 5 11 38.4518 6.09901 15.9286 0.394419 252
5 5 12 31.7098 2.12775 7.84654 0.284619 227
5 5 13 34.2536 2.53339 7.42946 0.442087 316
5 5 14 36.8191 4.3953 9.91837 0.33851 212
5 5 15 32.5635 -3 0 0 153
5 5 16 32.5635 -3 0 0 61
5 5 17 35.3651 5.1516 12.979 0.419946 245
5 5 18 31.2581 1.52461 5.81341 0.325262 284
5 5 19 32.4214 1.11348 4.17413 0.598813 418
5 5 20 38.9617 4.52914 11.5669 0.481152 495
5 5 21 35.4422 1.85242 6.39138 0.222382 276
5 5 22 33.864 2.16345 8.60141 0.222528 323
5 5 23 37.0658 2.51645 8.23531 0.243616 239
5 5 24 32.5635 -3 0 0 182
5 5 25 32.9333 1.78797 7.82031 0.534629 443
5 5 26 28.7677 0.992229 4.09107 0.439716 291
5 5 27 33.2479 2.29174 8.17283 0.383214 318
5 5 28 32.5635 -3 0 0 150
5 5 29 36.5371 6.37089 16.6471 0.478309 256
5 5 30 36.2347 8.36496 16.3845 0.435381 274
5 5 31 29.13 2.22568 6.39479 0.245269 214
5 5 32 30.2806 0.704581 4.5534 0.421564 779
5 5 33 30.2673 1.14401 4.74841 0.426614 496
5 5 34 24 -2 0 0 248
5 5 35 32.3466 1.20423 6.29532 0.303871 741
5 5 36 35.583 2.43512 8.81389 0.465413 356
5 5 37 29.1347 1.03302 4.34289 0.310457 361
5 5 38 32.5417 1.31793 5.94211 0.414533 823
5 5 39 33.1389 1.71174 5.4857 0.710268 660
5 5 40 36.9175 3.16799 10.1715 0.509811 362
5 5 41 29.1887 0.941219 5.8437 0.305964 495
5 5 42 35.0121 2.899 10.2799 0.363994 309
5 5 43 34.7658 3.95526 11.2239 0.369967 279
5 5 44 29.6353 0.986995 5.44507 0.483246 584
5 5 45 27.5387 0.777307 4.80067 0.382094 596
5 5 46 33.4301 3.20105 10.2461 0.321111 373
5 5 47 35.8809 1.38331 8.52469 0.582516 1532
5 5 48 34.9689 4.02088 13.6131 0.513003 377
5 5 49 31.833 1.36433 6.2327 0.42206 335
5 5 50 32.5493 1.88883 9.63381 0.511117 547
5 5 51 29.4215 1.0355 5.17914 0.359772 775
5 5 52 31.724 2.123 8.36112 0.261372 332
5 5 53 29.0202 1.23909 4.54416 0.46832 1132
5 5 54 29.3633 0.836016 4.4571 0.579444 485
5 5 55 31.6537 1.69782 6.26813 0.380868 387
5 5 56 30.9172 1.11873 5.12033 0.317407 639
5 5 57 30.2081 0.860816 4.55602 0.471732 638
5 5 58 30.9039 1.7776 5.32957 0.412253 412
5 5 59 29.7887 3.75468 9.18917 0.319836 376
5 5 60 27.8381 0.993266 4.05234 0.634056 856
5 5 61 30.6635 1.28162 5.66578 0.516188 498
5 5 62 29.1273 1.21401 5.67379 0.456333 426
5 5 63 30.191 1.82789 4.56786 0.361832 425
5 6 0 30.9509 1.47789 5.16756 0.295502 710
5 6 1 30.2428 1.80973 5.22379 0.412713 465
5 6 2 33.5744 3.50228 8.34311 0.397928 353
5 6 3 32.9739 -3 0 0 150
5 6 4 37.3297 3.43857 10.3979 0.294388 209
5 6 5 35.4494 2.42876 8.69116 0.325017 250
5 6 6 32.5988 1.73938 5.69939 0.301148 333
5 6 7 32.9739 -3 0 0 114
5 6 8 30.2901 3.02797 8.27445 0.33957 319
5 6 9 32.9739 -3 0 0 199
5 6 10 32.9739 -3 0 0 197
5 6 11 32.9739 -3 0 0 73
5 6 12 25 -2 0 0 206
5 6 13 32.9739 -3 0 0 122
5 6 14 30.7543 1.35717 6.09293 0.254912 487
5 6 15 32.9739 -3 0 0 130
5 6 16 32.9739 -3 0 0 167
5 6 17 32.9739 -3 0 0 177
5 6 18 32.9739 -3 0 0 166
5 6 19 32.9739 -3 0 0 108
5 6 20 32.9739 -3 0 0 33
5 6 21 28 -2 0 0 257
5 6 22 32.9739 -3 0 0 131
5 6 23 38.2253 7.65261 17.448 0.349945 215
5 6 24 27 -2 0 0 345
5 6 25 32.9739 -3 0 0 121
5 6 26 35.9427 2.90772 9.25136 0.288946 326
5 6 27 32.9739 -3 0 0 107
5 6 28 32.9739 -3 0 0 94
5 6 29 32.9739 -3 0 0 97
5 6 30 32.9739 -3 0 0 100
5 6 31 32.9739 -3 0 0 94
5 6 32 32.9739 -3 0 0 104
5 6 33 32.9739 -3 0 0 76
5 6 34 39.0901 6.69294 17.7569 0.453495 292
5 6 35 32.9739 -3 0 0 84
5 6 36 32.9739 -3 0 0 50
5 6 37 32.9739 -3 0 0 38
5 6 38 32.9739 -3 0 0 67
5 6 39 32.9739 -3 0 0 93
5 6 40 32.9739 -3 0 0 24
5 6 41 32.9739 -3 0 0 90
5 6 42 32.9739 -3 0 0 130
5 6 43 32.9739 -3 0 0 170
5 6 44 32.9739 -3 0 0 83
5 6 45 32.9739 -3 0 0 96
5 6 46 26 -2 0 0 234
5 6 47 32.9739 -3 0 0 26
5 6 48 32.9739 -3 0 0 53
5 6 49 32.9739 -3 0 0 117
5 6 50 32.9739 -3 0 0 59
5 6 51 32.9739 -3 0 0 102
5 6 52 32.9739 -3 0 0 152
5 6 53 32.9739 -3 0 0 53
5 6 54 32.9739 -3 0 0 108
5 6 55 32.9739 -3 0 0 132
5 6 56 32.9739 -3 0 0 88
5 6 57 32.9739 -3 0 0 95
5 6 58 32.9739 -3 0 0 88
5 6 59 32.9739 -3 0 0 154
5 6 60 32.9739 -3 0 0 77
5 6 61 32.9739 -3 0 0 124
5 6 62 32.9739 -3 0 0 139
5 6 63 32.9739 -3 0 0 111
5 7 0 36.7236 -3 0 0 113
5 7 1 36.7236 -3 0 0 92
5 7 2 36.7236 -3 0 0 117
5 7 3 36.7236 -3 0 0 120
5 7 4 36.7236 -3 0 0 133
5 7 5 36.7236 -3 0 0 138
5 7 6 36.7236 -3 0 0 101
5 7 7 36.7236 -3 0 0 137
5 7 8 36.7236 -3 0 0 85
5 7 9 36.7236 -3 0 0 98
5 7 10 36.7236 -3 0 0 111
5 7 11 36.7236 -3 0 0 149
5 7 12 36.7236 -3 0 0 97
5 7 13 36.7236 -3 0 0 150
5 7 14 36.7236 -3 0 0 114
5 7 15 36.7236 -3 0 0 161
5 7 16 36.7236 -3 0 0 123
5 7 17 36.7236 -3 0 0 122
5 7 18 36.7236 -3 0 0 161
5 7 19 38.326 2.03483 8.28452 0.266692 214
5 7 20 36.7236 -3 0 0 169
5 7 21 36.7236 -3 0 0 118
5 7 22 36.7236 -3 0 0 130
5 7 23 36.7236 -3 0 0 164
5 7 24 36.7236 -3 0 0 117
5 7 25 42.5337 6.95253 20 0.481174 308
5 7 26 36.7236 -3 0 0 145
5 7 27 36.7236 -3 0 0 152
5 7 28 36.7236 -3 0 0 195
5 7 29 36.7236 -3 0 0 184
5 7 30 36.7236 -3 0 0 179
5 7 31 39.508 2.8297 9.92271 0.445926 332
5 7 32 29 -2 0 0 305
5 7 33 36.7236 -3 0 0 133
5 7 34 36.7236 -3 0 0 196
5 7 35 33.9238 2.23039 7.13879 0.448742 206
5 7 36 38.398 5.93038 16.2183 0.492352 252
5 7 37 37.2772 2.86237 10.8882 0.311728 225
5 7 38 34.2128 1.51523 6.57101 0.260881 260
5 7 39 36.1377 1.2786 6.40709 0.28225 927
5 7 40 39.0375 2.0224 9.10287 0.342772 281
5 7 41 36.7236 -3 0 0 140
5 7 42 37.1274 3.41251 9.20711 0.497234 312
5 7 43 41.3658 5.21708 14.4133 0.377415 215
5 7 44 33.821 1.22494 5.33987 0.406977 522
5 7 45 33.9172 1.25004 4.93863 0.570514 398
5 7 46 32 -2 0 0 224
5 7 47 33.526 1.15938 5.36215 0.363568 555
5 7 48 38.5241 3.43109 9.91646 0.531541 302
5 7 49 35.3397 1.59274 6.84155 0.385169 288
5 7 50 34.1537 1.29579 5.69201 0.5518 505
5 7 51 36.8062 1.60304 5.93941 0.417373 606
5 7 52 35.5923 2.1288 7.7246 0.398481 286
5 7 53 34.8115 1.24077 5.32178 0.466205 926
5 7 54 35.936 1.38841 6.50284 0.425372 512
5 7 55 33.6805 1.49205 6.68643 0.432455 400
5 7 56 36.5927 1.45717 6.1016 0.370746 785
5 7 57 39.431 1.81725 7.54786 0.383186 697
5 7 58 34.058 1.17391 5.01577 0.41734 456
5 7 59 36.0017 2.37075 7.9118 0.412373 279
5 7 60 32.8567 1.21088 4.99916 0.531236 828
5 7 61 34.381 3.00096 8.97589 0.418862 521
5 7 62 34.4504 1.71609 7.11838 0.410907 357
5 7 63 33.3541 1.4905 5.11616 0.395573 453
5 8 0 33.8221 -3 0 0 65
5 8 1 33.8221 -3 0 0 66
5 8 2 33.8221 -3 0 0 110
5 8 3 33.8221 -3 0 0 123
5 8 4 33.8221 -3 0 0 126
5 8 5 33.8221 -3 0 0 41
5 8 6 33.8221 -3 0 0 70
5 8 7 33.8221 -3 0 0 165
5 8 8 33.8221 -3 0 0 67
5 8 9 33.8221 -3 0 0 117
5 8 10 33.8221 -3 0 0 136
5 8 11 33.8221 -3 0 0 61
5 8 12 33.8221 -3 0 0 120
5 8 13 33.8221 -3 0 0 187
5 8 14 33.8221 -3 0 0 113
5 8 15 33.8221 -3 0 0 160
5 8 16 33.8221 -3 0 0 159
5 8 17 33.8221 -3 0 0 116
5 8 18 33.8221 -3 0 0 53
5 8 19 27 -2 0 0 247
5 8 20 33.8221 -3 0 0 78
5 8 21 33.8221 -3 0 0 120
5 8 22 33.8221 -3 0 0 152
5 8 23 33.8221 -3 0 0 134
5 8 24 33.8221 -3 0 0 106
5 8 25 35.6347 2.38553 8.70435 0.305975 267
5 8 26 33.8221 -3 0 0 116
5 8 27 33.8221 -3 0 0 200
5 8 28 31.1611 3.42438 7.82363 0.332401 207
5 8 29 33.8221 -3 0 0 140
5 8 30 33.8221 -3 0 0 184
5 8 31 32.2499 1.69949 7.05163 0.342165 334
5 8 32 37.622 2.96253 10.9138 0.405943 251
5 8 33 26 -2 0 0 239
5 8 34 33.8221 -3 0 0 121
5 8 35 33.8597 1.32891 5.03173 0.458389 520
5 8 36 32 -2 0 0 222
5 8 37 33.8221 -3 0 0 146
5 8 38 33.5226 1.32278 5.77678 0.274359 781
5 8 39 31.6666 1.62586 5.0275 0.604394 541
5 8 40 33.8221 -3 0 0 195
5 8 41 37 -2 0 0 368
5 8 42 35.7424 5.41748 14.5723 0.468948 216
5 8 43 33.8221 -3 0 0 162
5 8 44 34.9624 2.2556 8.27284 0.368914 495
5 8 45 35.3892 2.70331 8.92175 0.430452 275
5 8 46 33.8221 -3 0 0 142
5 8 47 30.6571 1.05827 5.15889 0.236038 661
5 8 48 33.0067 2.41121 7.92661 0.404854 274
5 8 49 33.8221 -3 0 0 172
5 8 50 33.9513 1.59373 5.94116 0.316865 400
5 8 51 39.6187 3.44658 12.1851 0.393946 328
5 8 52 33.8221 -3 0 0 173
5 8 53 31.4354 1.15115 5.24632 0.371093 740
5 8 54 31.7507 1.70002 6.65498 0.437447 346
5 8 55 26 -2 0 0 252
5 8 56 32.3024 1.45447 6.56765 0.255412 433
5 8 57 28 -2 0 0 404
5 8 58 30.6384 1.70636 4.7724 0.498664 310
5 8 59 33.8221 -3 0 0 171
5 8 60 32.4532 1.60359 7.22842 0.359557 636
5 8 61 31.2885 3.43062 11.576 0.438 311
5 8 62 33.483 2.61635 9.42343 0.314085 237
5 8 63 33.4686 8.07716 15.6085 0.407788 236
5 9 0 33.5061 2.34985 6.59566 0.307141 318
5 9 1 26 -2 0 0 231
5 9 2 35.172 -3 0 0 190
5 9 3 35.172 -3 0 0 36
5 9 4 35.172 -3 0 0 27
5 9 5 35.172 -3 0 0 86
5 9 6 35.172 -3 0 0 135
5 9 7 35.172 -3 0 0 52
5 9 8 35.172 -3 0 0 110
5 9 9 35.172 -3 0 0 109
5 9 10 35.172 -3 0 0 74
5 9 11 35.172 -3 0 0 40
5 9 12 35.172 -3 0 0 47
5 9 13 35.172 -3 0 0 66
5 9 14 35.8326 9.15877 14.8386 0.301586 201
5 9 15 35.172 -3 0 0 63
5 9 16 35.172 -3 0 0 66
5 9 17 35.172 -3 0 0 77
5 9 18 35.172 -3 0 0 37
5 9 19 35.172 -3 0 0 58
5 9 20 35.172 -3 0 0 87
5 9 21 35.172 -3 0 0 111
5 9 22 35.172 -3 0 0 39
5 9 23 35.172 -3 0 0 38
5 9 24 35.172 -3 0 0 179
5 9 25 35.172 -3 0 0 55
5 9 26 35.172 -3 0 0 176
5 9 27 35.172 -3 0 0 34
5 9 28 35.172 -3 0 0 56
5 9 29 35.172 -3 0 0 118
5 9 30 35.172 -3 0 0 72
5 9 31 35.172 -3 0 0 48
5 9 32 35.172 -3 0 0 38
5 9 33 35.172 -3 0 0 22
5 9 34 35.172 -3 0 0 147
5 9 35 35.172 -3 0 0 23
5 9 36 35.172 -3 0 0 71
5 9 37 35.172 -3 0 0 51
5 9 38 35.172 -3 0 0 8
5 9 39 35.172 -3 0 0 43
5 9 40 35.172 -3 0 0 13
5 9 41 35.172 -3 0 0 40
5 9 42 35.172 -3 0 0 26
5 9 43 35.172 -3 0 0 60
5 9 44 35.172 -3 0 0 22
5 9 45 35.172 -3 0 0 41
5 9 46 35.172 -3 0 0 147
5 9 47 35.172 -3 0 0 28
5 9 48 35.172 -3 0 0 33
5 9 49 35.172 -3 0 0 44
5 9 50 35.172 -3 0 0 39
5 9 51 35.172 -3 0 0 75
5 9 52 35.172 -3 0 0 70
5 9 53 35.172 -3 0 0 15
5 9 54 35.172 -3 0 0 30
5 9 55 35.172 -3 0 0 84
5 9 56 35.172 -3 0 0 34
5 9 57 35.172 -3 0 0 67
5 9 58 35.172 -3 0 0 38
5 9 59 35.172 -3 0 0 113
5 9 60 35.172 -3 0 0 38
5 9 61 35.172 -3 0 0 68
5 9 62 35.172 -3 0 0 97
5 9 63 35.172 -3 0 0 80
5 10 0 29.6341 -3 0 0 163
5 10 1 29.6341 -3 0 0 179
5 10 2 26.7808 16.4911 15.8673 0.482623 260
5 10 3 28 -2 0 0 250
5 10 4 33.8583 2.92418 9.97189 0.381524 255
5 10 5 27.4491 15.3124 20 0.412229 238
5 10 6 24 -2 0 0 225
5 10 7 28.5082 0.952063 4.91153 0.522428 577
5 10 8 29.6341 -3 0 0 192
5 10 9 31.4562 2.36838 8.13637 0.502064 315
5 10 10 29.6341 -3 0 0 159
5 10 11 29.6341 -3 0 0 193
5 10 12 27.954 1.86411 6.52828 0.383011 270
5 10 13 24 -2 0 0 217
5 10 14 29.6341 -3 0 0 161
5 10 15 27.6103 1.33523 3.33135 0.457625 273
5 10 16 30.2343 1.68486 5.62005 0.482294 542
5 10 17 29.6341 -3 0 0 182
5 10 18 31.7518 2.66466 11.1691 0.373451 271
5 10 19 29.1102 1.19254 5.65161 0.331646 658
5 10 20 29.6341 -3 0 0 50
5 10 21 31.1341 5.90702 12.4706 0.335137 253
5 10 22 30.4514 2.25604 6.95072 0.492564 236
5 10 23 29.6341 -3 0 0 162
5 10 24 29.6341 -3 0 0 181
5 10 25 28.0301 1.03723 5.57565 0.449545 848
5 10 26 29.6341 -3 0 0 200
5 10 27 27.1671 1.0887 4.4853 0.515542 390
5 10 28 26.713 0.81217 3.76869 0.55971 543
5 10 29 29.6341 -3 0 0 197
5 10 30 26.0736 1.02821 4.58505 0.350333 333
5 10 31 31.1187 1.50465 6.44101 0.487033 992
5 10 32 26.8455 0.736666 4.3531 0.398338 826
5 10 33 29.6341 -3 0 0 118
5 10 34 29.6341 -3 0 0 176
5 10 35 29.9631 1.23978 5.77002 0.410242 1204
5 10 36 31.3549 2.32377 8.48185 0.55798 380
5 10 37 29.6341 -3 0 0 89
5 10 38 30.2509 1.24118 6.33317 0.456262 1432
5 10 39 32.6007 1.53505 6.91886 0.488315 638
5 10 40 28.4473 2.07906 7.61104 0.426227 323
5 10 41 27.0569 0.899782 5.11701 0.469475 579
5 10 42 26.6671 0.855643 4.37075 0.410316 606
5 10 43 30.2671 2.27817 7.06164 0.338944 219
5 10 44 29.2142 1.24373 5.01075 0.618195 854
5 10 45 26.4106 1.14838 3.59264 0.410427 278
5 10 46 25 -2 0 0 201
5 10 47 31.4925 1.19987 7.54988 0.342078 2303
5 10 48 33.0506 6.36579 17.5054 0.70858 438
5 10 49 23.7462 11.1848 9.30329 0.338082 265
5 10 50 28.7956 1.28328 5.91699 0.422924 718
5 10 51 26.1001 1.26458 4.51012 0.497918 408
5 10 52 34.1183 3.45276 10.5606 0.337443 264
5 10 53 29.374 0.989924 6.08817 0.416152 1839
5 10 54 27.1386 1.08018 5.32423 0.335921 572
5 10 55 29.7999 2.40391 8.65062 0.358098 323
5 10 56 31.4879 2.25489 7.06958 0.544322 421
5 10 57 29.9878 2.19619 6.38208 0.527631 406
5 10 58 29.2667 1.29521 5.39209 0.325867 382
5 10 59 27 -2 0 0 218
5 10 60 28.4996 1.02605 4.98108 0.484932 970
5 10 61 20 -2 0 0 333
5 10 62 22 -2 0 0 264
5 10 63 20.4528 17.7409 20 0.54639 312
5 11 0 31.9239 1.40036 5.90974 0.295011 706
5 11 1 30.9103 1.79429 6.29899 0.46638 402
5 11 2 28.9734 2.70888 6.13824 0.45387 207
5 11 3 31.7481 -3 0 0 136
5 11 4 31.7481 -3 0 0 110
5 11 5 31.7481 -3 0 0 185
5 11 6 31.2135 1.96768 5.71681 0.380221 273
5 11 7 31.7481 -3 0 0 92
5 11 8 33.0784 2.53797 7.92424 0.374255 294
5 11 9 31.7481 -3 0 0 163
5 11 10 31.7481 -3 0 0 139
5 11 11 25.9004 18.1417 20 0.433068 233
5 11 12 31.7481 -3 0 0 195
5 11 13 31.7481 -3 0 0 119
5 11 14 29.7089 1.52513 6.52503 0.276153 553
5 11 15 31.7481 -3 0 0 72
5 11 16 31.7481 -3 0 0 122
5 11 17 35.0381 2.3962 8.88122 0.354577 344
5 11 18 31.7481 -3 0 0 160
5 11 19 31.7481 -3 0 0 129
5 11 20 31.7481 -3 0 0 36
5 11 21 33.9582 11.009 16.8609 0.327793 214
5 11 22 31.7481 -3 0 0 112
5 11 23 32.7912 1.73119 5.70892 0.318311 284
5 11 24 33.3316 2.61392 6.82052 0.380751 386
5 11 25 31.7481 -3 0 0 100
5 11 26 32.3092 1.70227 5.98753 0.313606 499
5 11 27 31.7481 -3 0 0 83
5 11 28 31.7481 -3 0 0 67
5 11 29 32.0679 2.78491 6.69787 0.45525 339
5 11 30 31.7481 -3 0 0 59
5 11 31 31.7481 -3 0 0 99
5 11 32 31.7481 -3 0 0 111
5 11 33 31.7481 -3 0 0 103
5 11 34 32.1228 1.53037 6.46371 0.269078 481
5 11 35 31.7481 -3 0 0 83
5 11 36 31.7481 -3 0 0 137
5 11 37 31.7481 -3 0 0 121
5 11 38 31.7481 -3 0 0 97
5 11 39 31.7481 -3 0 0 131
5 11 40 31.7481 -3 0 0 167
5 11 41 31.7481 -3 0 0 92
5 11 42 31.7481 -3 0 0 166
5 11 43 29.6368 2.92151 6.18267 0.343479 291
5 11 44 31.7481 -3 0 0 93
5 11 45 31.7481 -3 0 0 109
5 11 46 32.3805 1.72496 6.87246 0.359434 406
5 11 47 31.7481 -3 0 0 67
5 11 48 31.7481 -3 0 0 136
5 11 49 22.9525 27.5885 15.9021 0.320214 227
5 11 50 31.7481 -3 0 0 103
5 11 51 32.0499 2.36937 8.99957 0.338328 279
5 11 52 33.9869 2.8716 11.1527 0.331334 256
5 11 53 31.7481 -3 0 0 79
5 11 54 31.7481 -3 0 0 128
5 11 55 36.3028 6.60472 16.5941 0.381292 205
5 11 56 31.7481 -3 0 0 170
5 11 57 31.7481 -3 0 0 181
5 11 58 29.7688 3.03082 7.00028 0.299375 204
5 11 59 28.8882 1.8513 7.02268 0.308347 410
5 11 60 31.7481 -3 0 0 103
5 11 61 28.4767 1.79469 5.14836 0.432158 329
5 11 62 29.7639 2.25323 6.53724 0.375139 374
5 11 63 28.6862 11.966 17.0606 0.317109 236
5 12 0 27 -2 0 0 252
5 12 1 30.6612 1.53834 5.696 0.392884 364
5 12 2 29.8401 1.1453 4.88677 0.387945 429
5 12 3 28.8053 1.0082 5.48424 0.330947 723
5 12 4 30.3679 1.16645 5.76978 0.462937 273
5 12 5 31.0752 1.07515 4.08984 0.397405 336
5 12 6 30.0364 0.962991 4.7662 0.546756 503
5 12 7 33.7962 1.78321 7.20538 0.649088 1518
5 12 8 29.5346 1.2922 4.45943 0.528975 356
5 12 9 31.0416 0.876083 5.14435 0.418467 821
5 12 10 29.0037 0.965031 3.43658 0.410322 749
5 12 11 24.262 13.5311 13.4708 0.494387 292
5 12 12 27.9435 1.12525 3.74982 0.676326 482
5 12 13 31.0921 1.17607 5.92978 0.383978 611
5 12 14 27 -2 0 0 255
5 12 15 29.6942 1.14969 4.36322 0.396426 345
5 12 16 31.6526 0.98898 6.77473 0.480832 2314
5 12 17 28 -2 0 0 226
5 12 18 29.3294 1.35623 4.37894 0.511502 363
5 12 19 31.1632 0.901259 5.3777 0.418194 1204
5 12 20 29.2504 2.0221 6.2104 0.434508 272
5 12 21 30.5971 0.98813 5.45126 0.421546 638
5 12 22 30.4046 0.758834 4.98664 0.416768 954
5 12 23 31.454 -3 0 0 111
5 12 24 30.7319 2.08695 7.12021 0.328562 242
5 12 25 30.5771 0.91916 5.16307 0.446905 973
5 12 26 27.5283 25.2 18.8017 0.52597 227
5 12 27 31.8293 1.12424 6.06386 0.332562 314
5 12 28 29.9684 1.03308 5.6403 0.492277 626
5 12 29 30.5697 1.57493 4.99004 0.412132 213
5 12 30 32.2867 1.41955 6.76599 0.451095 391
5 12 31 30.0216 1.25477 5.02816 0.409896 845
5 12 32 30.233 1.11957 4.86188 0.405067 448
5 12 33 31.2689 1.40488 5.7464 0.409062 288
5 12 34 31.454 -3 0 0 157
5 12 35 31.892 1.17861 6.42128 0.421342 657
5 12 36 31.454 -3 0 0 126
5 12 37 36.5901 3.10899 10.9035 0.385863 202
5 12 38 29.2496 0.973539 6.10205 0.33823 624
5 12 39 32.1378 2.75945 6.72241 0.533333 259
5 12 40 34.0512 2.06797 8.49723 0.320176 249
5 12 41 32.0086 2.32322 6.76121 0.382829 331
5 12 42 30.6483 13.5011 20 0.50681 208
5 12 43 31.454 -3 0 0 143
5 12 44 30.1526 1.36455 4.9615 0.415406 365
5 12 45 32.5911 1.55243 7.42238 0.327964 366
5 12 46 31.454 -3 0 0 146
5 12 47 29.8937 1.65404 5.44717 0.456399 324
5 12 48 31.454 -3 0 0 197
5 12 49 31.454 -3 0 0 152
5 12 50 31.454 -3 0 0 149
5 12 51 31.454 -3 0 0 130
5 12 52 31.454 -3 0 0 168
5 12 53 34.263 3.93702 11.991 0.527626 203
5 12 54 31.454 -3 0 0 130
5 12 55 31.454 -3 0 0 137
5 12 56 31.454 -3 0 0 152
5 12 57 31.454 -3 0 0 193
5 12 58 31.454 -3 0 0 165
5 12 59 31.454 -3 0 0 147
5 12 60 30.5625 3.44622 8.61685 0.418472 229
5 12 61 31.454 -3 0 0 120
5 12 62 31.454 -3 0 0 168
5 12 63 31.454 -3 0 0 124
5 13 0 33.6743 3.86179 9.24527 0.375117 259
5 13 1 34.5698 3.0501 9.41607 0.309638 238
5 13 2 30.9551 -3 0 0 191
5 13 3 30.9551 -3 0 0 103
5 13 4 30.9551 -3 0 0 146
5 13 5 30.9551 -3 0 0 163
5 13 6 30.9551 -3 0 0 142
5 13 7 30.9551 -3 0 0 82
5 13 8 30.9551 -3 0 0 182
5 13 9 30.9551 -3 0 0 110
5 13 10 30.9551 -3 0 0 72
5 13 11 30.9551 -3 0 0 154
5 13 12 30.9551 -3 0 0 115
5 13 13 30.9551 -3 0 0 94
5 13 14 30.388 3.96452 9.6701 0.398277 349
5 13 15 30.9551 -3 0 0 46
5 13 16 30.9551 -3 0 0 90
5 13 17 31.1703 2.74948 7.37819 0.394503 283
5 13 18 30.9551 -3 0 0 135
5 13 19 30.9551 -3 0 0 67
5 13 20 30.9551 -3 0 0 126
5 13 21 30.9551 -3 0 0 125
5 13 22 30.9551 -3 0 0 91
5 13 23 30.9551 -3 0 0 31
5 13 24 38.5695 6.23967 16.6384 0.411904 272
5 13 25 30.9551 -3 0 0 76
5 13 26 30.7708 2.31794 8.0634 0.4061 402
5 13 27 30.9551 -3 0 0 16
5 13 28 30.9551 -3 0 0 14
5 13 29 30.9551 -3 0 0 134
5 13 30 30.9551 -3 0 0 158
5 13 31 30.9551 -3 0 0 82
5 13 32 30.9551 -3 0 0 85
5 13 33 30.9551 -3 0 0 119
5 13 34 30.4469 1.4692 5.93886 0.382702 378
5 13 35 30.9551 -3 0 0 86
5 13 36 30.9551 -3 0 0 12
5 13 37 30.9551 -3 0 0 15
5 13 38 30.9551 -3 0 0 116
5 13 39 29.5109 11.1239 20 0.341382 218
5 13 40 30.9551 -3 0 0 12
5 13 41 30.9551 -3 0 0 98
5 13 42 33.2037 2.91908 9.14664 0.37536 262
5 13 43 30.9551 -3 0 0 76
5 13 44 30.9551 -3 0 0 114
5 13 45 30.9551 -3 0 0 150
5 13 46 31.4999 1.59039 6.14693 0.276903 497
5 13 47 30.9551 -3 0 0 124
5 13 48 30.9551 -3 0 0 24
5 13 49 24 -2 0 0 279
5 13 50 30.9551 -3 0 0 151
5 13 51 31.5509 2.2915 8.48951 0.344 424
5 13 52 32.6546 2.21425 9.09298 0.321754 360
5 13 53 30.9551 -3 0 0 126
5 13 54 30.9551 -3 0 0 182
5 13 55 28.7375 1.21536 5.29662 0.32421 365
5 13 56 23 -2 0 0 283
5 13 57 24 -2 0 0 314
5 13 58 25 -2 0 0 208
5 13 59 32.0435 2.92311 8.46141 0.434685 512
5 13 60 30.9551 -3 0 0 161
5 13 61 28.5065 1.15135 4.68143 0.345813 656
5 13 62 28.0417 1.32223 5.24234 0.292845 626
5 13 63 27.4707 1.77632 5.96203 0.349882 277
5 14 0 31.4389 2.1308 6.89162 0.323017 288
5 14 1 29.4048 1.30546 5.07327 0.333307 346
5 14 2 31.4884 1.44177 5.89707 0.378309 406
5 14 3 27.4401 1.11547 4.25347 0.334515 219
5 14 4 34.2226 3.19838 9.6001 0.404074 268
5 14 5 30 -2 0 0 368
5 14 6 26 -2 0 0 475
5 14 7 28.2409 1.3488 4.45136 0.282862 205
5 14 8 33.3391 12.0272 18.2653 0.511794 271
5 14 9 28.5842 1.35188 4.46231 0.390117 260
5 14 10 27.7178 0.982051 4.27022 0.249321 335
5 14 11 33.1553 10.8389 19.9999 0.495207 203
5 14 12 30.012 1.29055 5.42398 0.366202 394
5 14 13 25.3434 10.8588 8.70827 0.527506 425
5 14 14 31.6914 -3 0 0 111
5 14 15 33.7971 3.98124 9.99739 0.519359 333
5 14 16 26.507 0.90483 3.55584 0.243747 357
5 14 17 31.6914 -3 0 0 35
5 14 18 31.6914 -3 0 0 46
5 14 19 32.6821 1.61111 6.31055 0.339255 641
5 14 20 35.8199 3.72833 8.5889 0.376009 208
5 14 21 30.2902 1.23371 5.49271 0.371483 719
5 14 22 30.7565 1.36226 5.09801 0.403704 686
5 14 23 31.6914 -3 0 0 191
5 14 24 26 -2 0 0 245
5 14 25 29.5895 2.86477 6.53565 0.321502 428
5 14 26 31.6914 -3 0 0 55
5 14 27 34.3503 2.56535 8.73867 0.442025 277
5 14 28 31.2915 1.73708 7.32899 0.374968 329
5 14 29 31.6914 -3 0 0 162
5 14 30 31.6914 -3 0 0 40
5 14 31 32.741 1.42138 5.69475 0.340828 294
5 14 32 28 -2 0 0 226
5 14 33 31.6914 -3 0 0 166
5 14 34 31.6914 -3 0 0 164
5 14 35 30.3108 8.51592 12.3562 0.298911 228
5 14 36 31.6914 -3 0 0 175
5 14 37 31.6914 -3 0 0 137
5 14 38 33.9063 2.16669 7.74997 0.339477 215
5 14 39 31.6914 -3 0 0 106
5 14 40 31.6914 -3 0 0 144
5 14 41 31.6914 -3 0 0 168
5 14 42 31.6914 -3 0 0 153
5 14 43 31.6914 -3 0 0 137
5 14 44 31.6914 -3 0 0 88
5 14 45 31.6914 -3 0 0 54
5 14 46 31.6914 -3 0 0 147
5 14 47 31.6914 -3 0 0 164
5 14 48 31.6914 -3 0 0 112
5 14 49 31.6914 -3 0 0 92
5 14 50 31.6914 -3 0 0 77
5 14 51 31.6914 -3 0 0 38
5 14 52 31.6914 -3 0 0 101
5 14 53 31.6914 -3 0 0 143
5 14 54 31.6914 -3 0 0 114
5 14 55 31.6914 -3 0 0 51
5 14 56 31.6914 -3 0 0 117
5 14 57 31.6914 -3 0 0 74
5 14 58 31.6914 -3 0 0 80
5 14 59 31.6914 -3 0 0 117
5 14 60 31.6914 -3 0 0 126
5 14 61 31.6914 -3 0 0 92
5 14 62 31.6914 -3 0 0 97
5 14 63 31.6914 -3 0 0 23
5 15 0 33.077 -3 0 0 115
5 15 1 33.077 -3 0 0 11
5 15 2 33.077 -3 0 0 86
5 15 3 33.077 -3 0 0 65
5 15 4 33.077 -3 0 0 69
5 15 5 33.077 -3 0 0 53
5 15 6 33.077 -3 0 0 14
5 15 7 33.077 -3 0 0 47
5 15 8 33.077 -3 0 0 82
5 15 9 33.077 -3 0 0 42
5 15 10 33.077 -3 0 0 36
5 15 11 33.077 -3 0 0 89
5 15 12 33.077 -3 0 0 47
5 15 13 33.077 -3 0 0 47
5 15 14 33.077 -3 0 0 108
5 15 15 33.077 -3 0 0 43
5 15 16 0 -10 0 0 0
5 15 17 33.077 -3 0 0 98
5 15 18 33.077 -3 0 0 52
5 15 19 33.077 -3 0 0 47
5 15 20 33.077 -3 0 0 67
5 15 21 33.077 -3 0 0 58
5 15 22 33.077 -3 0 0 45
5 15 23 33.077 -3 0 0 76
5 15 24 33.077 -3 0 0 83
5 15 25 33.077 -3 0 0 45
5 15 26 33.077 -3 0 0 120
5 15 27 33.077 -3 0 0 49
5 15 28 33.077 -3 0 0 58
5 15 29 33.077 -3 0 0 118
5 15 30 33.077 -3 0 0 79
5 15 31 33.077 -3 0 0 46
5 15 32 33.077 -3 0 0 42
5 15 33 33.077 -3 0 0 50
5 15 34 33.077 -3 0 0 156
5 15 35 33.077 -3 0 0 23
5 15 36 33.077 -3 0 0 67
5 15 37 33.077 -3 0 0 106
5 15 38 33.077 -3 0 0 28
5 15 39 33.077 -3 0 0 119
5 15 40 33.077 -3 0 0 82
5 15 41 33.077 -3 0 0 54
5 15 42 33.077 -3 0 0 54
5 15 43 33.077 -3 0 0 143
5 15 44 33.077 -3 0 0 60
5 15 45 33.077 -3 0 0 80
5 15 46 33.077 -3 0 0 143
5 15 47 33.077 -3 0 0 46
5 15 48 33.077 -3 0 0 88
5 15 49 33.077 -3 0 0 133
5 15 50 33.077 -3 0 0 74
5 15 51 36.2352 5.35477 11.4465 0.339853 225
5 15 52 33.077 -3 0 0 154
5 15 53 33.077 -3 0 0 65
5 15 54 33.077 -3 0 0 105
5 15 55 33.077 -3 0 0 162
5 15 56 33.077 -3 0 0 146
5 15 57 33.077 -3 0 0 199
5 15 58 33.077 -3 0 0 109
5 15 59 33.077 -3 0 0 188
5 15 60 33.077 -3 0 0 90
5 15 61 37.3277 5.58431 15.4897 0.376285 274
5 15 62 30.0069 14.647 20 0.357378 217
5 15 63 33.077 -3 0 0 132
6 0 0 32.0526 -3 0 0 103
6 0 1 32.0526 -3 0 0 63
6 0 2 32.0526 -3 0 0 162
6 0 3 32.0526 -3 0 0 30
6 0 4 32.0526 -3 0 0 107
6 0 5 32.0526 -3 0 0 99
6 0 6 32.0526 -3 0 0 68
6 0 7 32.0526 -3 0 0 21
6 0 8 32.0526 -3 0 0 80
6 0 9 32.0526 -3 0 0 29
6 0 10 32.0526 -3 0 0 19
6 0 11 32.0526 -3 0 0 130
6 0 12 32.0526 -3 0 0 32
6 0 13 32.0526 -3 0 0 75
6 0 14 32.0526 -3 0 0 130
6 0 15 32.0526 -3 0 0 43
6 0 16 32.0526 -3 0 0 82
6 0 17 32.0526 -3 0 0 168
6 0 18 32.0526 -3 0 0 63
6 0 19 32.0526 -3 0 0 59
6 0 20 32.0526 -3 0 0 62
6 0 21 32.0526 -3 0 0 40
6 0 22 32.0526 -3 0 0 25
6 0 23 32.0526 -3 0 0 103
6 0 24 32.0526 -3 0 0 125
6 0 25 32.0526 -3 0 0 51
6 0 26 32.0526 -3 0 0 190
6 0 27 32.0526 -3 0 0 39
6 0 28 32.0526 -3 0 0 54
6 0 29 32.0526 -3 0 0 192
6 0 30 32.0526 -3 0 0 36
6 0 31 32.0526 -3 0 0 135
6 0 32 32.0526 -3 0 0 58
6 0 33 32.0526 -3 0 0 66
6 0 34 34.8894 4.14369 10.9172 0.348263 288
6 0 35 32.0526 -3 0 0 61
6 0 36 32.0526 -3 0 0 50
6 0 37 32.0526 -3 0 0 103
6 0 38 32.0526 -3 0 0 130
6 0 39 32.0526 -3 0 0 174
6 0 40 32.0526 -3 0 0 85
6 0 41 32.0526 -3 0 0 90
6 0 42 32.0526 -3 0 0 87
6 0 43 34.3795 5.14498 9.87451 0.352988 220
6 0 44 32.0526 -3 0 0 122
6 0 45 32.0526 -3 0 0 93
6 0 46 32.0526 -3 0 0 184
6 0 47 32.0526 -3 0 0 175
6 0 48 32.0526 -3 0 0 82
6 0 49 32.0526 -3 0 0 157
6 0 50 32.0526 -3 0 0 106
6 0 51 28.2836 2.47358 6.73866 0.234651 476
6 0 52 32.0526 -3 0 0 160
6 0 53 32.0526 -3 0 0 176
6 0 54 32.0526 -3 0 0 128
6 0 55 30.1014 1.49787 5.11612 0.393539 325
6 0 56 32 -2 0 0 208
6 0 57 33.1479 2.0254 6.69985 0.331298 411
6 0 58 32.0526 -3 0 0 161
6 0 59 31.5148 1.9303 4.49361 0.358648 298
6 0 60 26 -2 0 0 228
6 0 61 31.028 1.17836 4.9654 0.24858 583
6 0 62 30.6854 1.82027 6.7541 0.306015 451
6 0 63 33.8558 4.53033 9.26213 0.319647 233
6 1 0 37.5528 1.16314 5.2055 0.326701 444
6 1 1 34.9881 1.43612 5.26598 0.37784 566
6 1 2 36.1023 1.65618 5.7981 0.530943 624
6 1 3 39.1659 3.04611 10.3651 0.542471 297
6 1 4 36.0895 -3 0 0 111
6 1 5 33.3896 1.57694 5.23525 0.554518 572
6 1 6 35.8239 1.38584 5.49503 0.450837 763
6 1 7 35.7683 1.28029 5.76468 0.287086 560
6 1 8 37.2765 1.45555 4.56225 0.363126 253
6 1 9 36.9232 0.996325 4.55104 0.356956 491
6 1 10 36.7768 1.35728 6.84001 0.322942 922
6 1 11 36.0895 -3 0 0 137
6 1 12 33.2568 1.1391 5.0921 0.410218 347
6 1 13 27 -2 0 0 335
6 1 14 37.4388 1.82421 6.72651 0.367984 276
6 1 15 34.9064 1.87807 5.89231 0.341756 334
6 1 16 33.8658 1.13144 5.87643 0.316327 1258
6 1 17 38.3616 3.09939 10.8539 0.399398 207
6 1 18 36.0895 -3 0 0 162
6 1 19 34.7531 1.68521 6.47948 0.462775 387
6 1 20 36.0895 -3 0 0 71
6 1 21 37.5808 1.32825 5.51539 0.358386 680
6 1 22 34.8995 1.21999 5.17274 0.338672 483
6 1 23 36.0895 -3 0 0 85
6 1 24 42.2832 3.96098 10.9589 0.571103 368
6 1 25 32 -2 0 0 234
6 1 26 38.7897 1.59143 6.65831 0.323423 267
6 1 27 36.0895 -3 0 0 83
6 1 28 36.0895 -3 0 0 166
6 1 29 36.0895 -3 0 0 80
6 1 30 36.0895 -3 0 0 101
6 1 31 31.1019 11.4656 14.2419 0.349566 207
6 1 32 37.6328 2.29876 8.72928 0.325573 204
6 1 33 36.0895 -3 0 0 101
6 1 34 36.0895 -3 0 0 131
6 1 35 35.4533 3.56076 10.7467 0.447952 239
6 1 36 36.0895 -3 0 0 73
6 1 37 36.0895 -3 0 0 48
6 1 38 36.0895 -3 0 0 149
6 1 39 36.0895 -3 0 0 36
6 1 40 36.0895 -3 0 0 75
6 1 41 36.0895 -3 0 0 169
6 1 42 36.0895 -3 0 0 94
6 1 43 36.0895 -3 0 0 74
6 1 44 36.0895 -3 0 0 114
6 1 45 36.0895 -3 0 0 116
6 1 46 36.0895 -3 0 0 138
6 1 47 36.0895 -3 0 0 112
6 1 48 36.0895 -3 0 0 124
6 1 49 36.0895 -3 0 0 71
6 1 50 36.0895 -3 0 0 101
6 1 51 36.0895 -3 0 0 43
6 1 52 36.0895 -3 0 0 98
6 1 53 36.0895 -3 0 0 52
6 1 54 36.0895 -3 0 0 145
6 1 55 36.0895 -3 0 0 82
6 1 56 36.0895 -3 0 0 39
6 1 57 36.0895 -3 0 0 48
6 1 58 36.0895 -3 0 0 178
6 1 59 36.0895 -3 0 0 135
6 1 60 36.0895 -3 0 0 25
6 1 61 36.0895 -3 0 0 42
6 1 62 36.0895 -3 0 0 90
6 1 63 36.0895 -3 0 0 70
6 2 0 34.7806 1.27903 5.81373 0.441015 299
6 2 1 35.3768 -3 0 0 138
6 2 2 35.469 1.49764 6.49482 0.336213 301
6 2 3 35.3768 -3 0 0 156
6 2 4 35.3768 -3 0 0 100
6 2 5 35.3768 -3 0 0 186
6 2 6 35.3768 -3 0 0 114
6 2 7 35.3768 -3 0 0 88
6 2 8 33.8709 1.83359 6.43956 0.406322 297
6 2 9 35.3768 -3 0 0 198
6 2 10 35.3768 -3 0 0 146
6 2 11 36.0488 1.87676 8.57554 0.436133 428
6 2 12 35.3768 -3 0 0 186
6 2 13 35.3768 -3 0 0 121
6 2 14 35.3508 1.22236 6.33386 0.30757 589
6 2 15 35.3768 -3 0 0 173
6 2 16 35.3768 -3 0 0 85
6 2 17 37.4674 1.62066 8.29217 0.391027 404
6 2 18 35.3768 -3 0 0 121
6 2 19 35.3768 -3 0 0 105
6 2 20 35.3768 -3 0 0 182
6 2 21 28 -2 0 0 273
6 2 22 35.3768 -3 0 0 108
6 2 23 36.6339 2.6002 10.7831 0.505206 429
6 2 24 36.0333 1.61246 8.15489 0.397697 400
6 2 25 35.3768 -3 0 0 82
6 2 26 36.3605 1.40123 7.37365 0.422177 701
6 2 27 35.3768 -3 0 0 165
6 2 28 35.3768 -3 0 0 173
6 2 29 47 -2 0 0 476
6 2 30 35.3768 -3 0 0 100
6 2 31 35.3768 -3 0 0 182
6 2 32 35.3768 -3 0 0 113
6 2 33 35.3768 -3 0 0 183
6 2 34 33.1487 1.06967 5.50566 0.332516 769
6 2 35 35.3768 -3 0 0 160
6 2 36 40.4317 5.87992 16.0095 0.450916 247
6 2 37 38.3191 1.90677 9.23983 0.373318 373
6 2 38 31 -2 0 0 225
6 2 39 34.8949 1.70054 6.14051 0.432194 418
6 2 40 33.8018 1.33985 5.64116 0.42688 381
6 2 41 35.3768 -3 0 0 166
6 2 42 34.2554 1.34507 5.8265 0.353601 351
6 2 43 38.3308 1.58673 7.74006 0.319535 503
6 2 44 35.3768 -3 0 0 179
6 2 45 35.3768 -3 0 0 198
6 2 46 38.3315 1.41217 5.77485 0.448437 425
6 2 47 35.3768 -3 0 0 177
6 2 48 31.4611 2.45289 8.66749 0.331885 254
6 2 49 32.627 1.8331 7.08141 0.359402 478
6 2 50 36.1096 2.14249 8.8219 0.360338 226
6 2 51 34.1602 1.19996 5.44955 0.453958 1024
6 2 52 32.6881 1.00579 4.89801 0.389337 623
6 2 53 39.5596 3.58507 11.7075 0.361375 213
6 2 54 33.9771 1.51672 5.7847 0.394147 358
6 2 55 33.5608 1.3335 6.03018 0.497517 644
6 2 56 32.6099 1.70885 7.52196 0.534464 521
6 2 57 32.1393 0.8836 4.83969 0.415142 700
6 2 58 31.7603 2.00093 7.94458 0.493049 506
6 2 59 33.5056 1.0752 6.79351 0.404897 1031
6 2 60 31.4728 1.31905 5.49019 0.273538 286
6 2 61 33.7897 1.221 6.5368 0.311753 1900
6 2 62 34.7433 1.36997 7.47866 0.306353 1465
6 2 63 31.761 1.66943 6.24697 0.509512 487
6 3 0 34.1785 2.47579 10.1883 0.41384 589
6 3 1 31.6404 1.14463 5.52373 0.378743 473
6 3 2 31.4139 2.16263 5.26268 0.566255 603
6 3 3 26.2482 0.873503 4.09139 0.552654 433
6 3 4 31.4256 -3 0 0 132
6 3 5 31.1539 1.65779 6.55341 0.484101 386
6 3 6 29.9841 1.19164 6.32323 0.482613 821
6 3 7 29.9152 0.915612 6.21912 0.292068 910
6 3 8 30.123 1.05517 4.8504 0.342425 385
6 3 9 28.996 0.903113 6.41035 0.294736 1102
6 3 10 30.7253 1.07807 7.32669 0.384905 753
6 3 11 29.5005 0.730462 3.65933 0.367654 415
6 3 12 30.1381 1.15111 5.8818 0.353444 399
6 3 13 29.596 0.888934 4.12573 0.529522 376
6 3 14 28.6716 0.953218 4.95305 0.263304 508
6 3 15 30.2039 1.20096 5.861 0.34302 440
6 3 16 31.958 0.968433 7.71021 0.454571 1511
6 3 17 31.4256 -3 0 0 160
6 3 18 31.4256 -3 0 0 132
6 3 19 28.7905 0.804046 4.79512 0.300321 592
6 3 20 32.5262 1.95995 7.18333 0.320279 228
6 3 21 27.2959 0.781822 4.78863 0.620471 580
6 3 22 29.9358 1.16912 5.45685 0.515579 489
6 3 23 31.4256 -3 0 0 112
6 3 24 28.6962 1.02519 4.08421 0.501124 327
6 3 25 28.9041 1.18798 4.9944 0.380041 644
6 3 26 32.2214 1.17011 4.72998 0.314269 227
6 3 27 31.4256 -3 0 0 163
6 3 28 34.7292 3.30884 10.0626 0.525073 313
6 3 29 31.8728 1.40407 6.5076 0.335114 222
6 3 30 31.4256 -3 0 0 82
6 3 31 31.2016 1.58093 7.14249 0.423718 377
6 3 32 28.1208 0.978853 5.1202 0.33898 479
6 3 33 31.4256 -3 0 0 155
6 3 34 31.4256 -3 0 0 102
6 3 35 30.5206 1.15287 5.69853 0.30597 478
6 3 36 31.4256 -3 0 0 176
6 3 37 31.4256 -3 0 0 94
6 3 38 33.6636 8.66001 17.4495 0.503532 284
6 3 39 31.4256 -3 0 0 54
6 3 40 27.6669 1.10785 6.08029 0.380938 420
6 3 41 32.426 1.82181 6.29376 0.411035 255
6 3 42 31.4256 -3 0 0 193
6 3 43 31.4256 -3 0 0 197
6 3 44 27.9408 1.23477 4.26935 0.527636 251
6 3 45 28.1918 1.24368 5.84032 0.225121 306
6 3 46 33 -2 0 0 218
6 3 47 33.9846 2.74466 7.53533 0.36675 346
6 3 48 33.5398 9.90681 15.0407 0.374204 205
6 3 49 31.4256 -3 0 0 150
6 3 50 31.7036 2.87751 11.1086 0.3669 230
6 3 51 31.4256 -3 0 0 130
6 3 52 31.4256 -3 0 0 146
6 3 53 27.9278 1.7066 5.05668 0.380429 320
6 3 54 37.7167 4.93923 14.2607 0.425495 209
6 3 55 31.4256 -3 0 0 188
6 3 56 31.4256 -3 0 0 175
6 3 57 31.4256 -3 0 0 150
6 3 58 31.4256 -3 0 0 169
6 3 59 33.7567 3.24961 10.2507 0.377719 212
6 3 60 31.4256 -3 0 0 91
6 3 61 36.8623 7.09663 16.7326 0.308983 214
6 3 62 31.4256 -3 0 0 168
6 3 63 31.4256 -3 0 0 97
6 4 0 35.7927 1.38877 7.44222 0.238722 2045
6 4 1 33.7123 1.21179 6.0315 0.330053 1178
6 4 2 33.6641 1.21223 5.78961 0.290139 817
6 4 3 34.1211 -3 0 0 189
6 4 4 32.4311 2.15957 5.66589 0.593751 426
6 4 5 34.6616 1.27783 5.6864 0.296713 304
6 4 6 30.4939 1.04767 5.27605 0.326707 629
6 4 7 24 -2 0 0 231
6 4 8 33.0579 1.14376 5.93814 0.36148 492
6 4 9 34.1211 -3 0 0 92
6 4 10 34.1211 -3 0 0 192
6 4 11 34.4527 2.31352 7.1365 0.562998 539
6 4 12 34.4003 1.08517 4.45763 0.335212 213
6 4 13 34.1211 -3 0 0 158
6 4 14 34.1226 1.01162 5.72809 0.36693 1235
6 4 15 33.5583 1.80516 6.50772 0.36422 318
6 4 16 32.6581 144.532 19.9999 0.407307 217
6 4 17 33.1526 1.22403 5.91478 0.395761 478
6 4 18 34.8965 1.50484 6.17576 0.404445 298
6 4 19 34.1211 -3 0 0 142
6 4 20 34.1457 1.58186 7.1123 0.527886 373
6 4 21 35.1874 1.47722 5.97925 0.268351 300
6 4 22 36.5057 2.17898 8.08047 0.318899 220
6 4 23 31.4934 1.58994 6.92404 0.499327 466
6 4 24 32.1787 0.856419 4.4055 0.561289 657
6 4 25 34.1211 -3 0 0 156
6 4 26 33.6238 0.882164 4.63742 0.35345 755
6 4 27 34.1211 -3 0 0 178
6 4 28 34.1211 -3 0 0 149
6 4 29 33.5579 1.07372 4.51241 0.379909 257
6 4 30 28 -2 0 0 256
6 4 31 34.1211 -3 0 0 109
6 4 32 34.1211 -3 0 0 159
6 4 33 34.1211 -3 0 0 133
6 4 34 32.4984 1.04755 5.03449 0.337907 375
6 4 35 34.1211 -3 0 0 138
6 4 36 34.3092 2.04589 8.13747 0.326759 209
6 4 37 38.1348 1.26447 5.5444 0.432956 289
6 4 38 34.1211 -3 0 0 158
6 4 39 36.899 4.68487 13.4289 0.430268 248
6 4 40 34.9676 2.12272 8.78282 0.495944 373
6 4 41 34.1211 -3 0 0 149
6 4 42 36.8056 2.3521 9.4259 0.467672 260
6 4 43 34.3837 0.976461 3.53761 0.437252 382
6 4 44 34.1211 -3 0 0 118
6 4 45 34.1211 -3 0 0 153
6 4 46 32.1288 1.03088 4.73048 0.309269 339
6 4 47 34.1211 -3 0 0 96
6 4 48 38.418 2.47591 9.80105 0.26639 201
6 4 49 38.0067 2.40392 8.72413 0.430518 276
6 4 50 34.1211 -3 0 0 146
6 4 51 32.0703 1.72775 7.66389 0.440225 330
6 4 52 38.3575 1.29412 5.09301 0.31746 271
6 4 53 34.1211 -3 0 0 113
6 4 54 34.1211 -3 0 0 173
6 4 55 37.1954 1.74537 7.83012 0.255635 282
6 4 56 34.4692 2.71721 9.18425 0.396577 236
6 4 57 31.756 2.46685 8.8047 0.438202 291
6 4 58 33 -2 0 0 221
6 4 59 32.5186 1.04447 4.66528 0.471326 268
6 4 60 34.1211 -3 0 0 122
6 4 61 35.963 1.71735 5.64706 0.556004 419
6 4 62 36.16 1.53764 6.5998 0.317282 431
6 4 63 30 -2 0 0 252
6 5 0 28.5671 -3 0 0 200
6 5 1 29 -2 0 0 201
6 5 2 26 -2 0 0 258
6 5 3 28.533 2.02202 8.70444 0.364183 307
6 5 4 28.5671 -3 0 0 168
6 5 5 33.2957 5.38734 13.7816 0.426962 231
6 5 6 34.5232 7.295 18.5376 0.465495 227
6 5 7 32.5856 3.85056 13.3965 0.489962 380
6 5 8 28.5671 -3 0 0 194
6 5 9 27.1373 1.45586 4.37322 0.399864 235
6 5 10 34.1515 4.02759 12.0217 0.460344 310
6 5 11 25.492 1.37754 4.97498 0.407964 376
6 5 12 28.0418 2.01371 4.68736 0.474841 237
6 5 13 25 -2 0 0 390
6 5 14 28.5671 -3 0 0 93
6 5 15 33.384 3.72422 8.7671 0.40308 240
6 5 16 28.1899 1.89487 7.0142 0.448016 450
6 5 17 28.5671 -3 0 0 123
6 5 18 30.6288 2.81298 9.20828 0.41732 299
6 5 19 27.1061 1.45973 4.26199 0.358864 558
6 5 20 25.0117 1.27276 4.32605 0.381278 408
6 5 21 28.0996 2.29856 6.34746 0.353777 255
6 5 22 27.6879 3.75357 11.228 0.276681 238
6 5 23 31.2869 5.87316 8.41473 0.431962 338
6 5 24 28.5671 -3 0 0 149
6 5 25 28.305 1.28989 4.40057 0.539713 615
6 5 26 28.5671 -3 0 0 165
6 5 27 28.5671 -3 0 0 170
6 5 28 29.6705 2.02489 6.91175 0.452195 323
6 5 29 31.4035 3.12982 10.2334 0.503395 331
6 5 30 26.1095 1.1556 4.54875 0.344978 316
6 5 31 27.7681 0.82898 4.43572 0.417298 749
6 5 32 30.1754 1.72012 5.46586 0.465898 322
6 5 33 20.9638 20.9763 20 0.437125 214
6 5 34 28.5671 -3 0 0 116
6 5 35 27.688 1.42574 4.37112 0.447578 919
6 5 36 29.8826 1.82273 6.19336 0.429825 273
6 5 37 26.9678 0.859949 3.68771 0.453969 447
6 5 38 33.2407 2.12236 8.42297 0.569584 1014
6 5 39 26.9154 0.944381 4.91298 0.40539 540
6 5 40 25.5811 1.09777 5.76022 0.332216 471
6 5 41 28.2471 1.11408 4.70745 0.359372 391
6 5 42 28.5671 -3 0 0 105
6 5 43 25 -2 0 0 214
6 5 44 24.2669 0.867507 5.94475 0.371957 1497
6 5 45 27.1247 0.926686 4.38778 0.285925 225
6 5 46 28.5671 -3 0 0 134
6 5 47 22 -2 0 0 1663
6 5 48 27.7135 1.73366 7.41635 0.336192 251
6 5 49 28.5671 -3 0 0 104
6 5 50 27.3375 1.03398 4.87495 0.328327 305
6 5 51 26.8058 1.12949 4.72958 0.289482 922
6 5 52 28 -2 0 0 234
6 5 53 29.2033 1.36012 7.59544 0.637997 1170
6 5 54 28.5671 -3 0 0 130
6 5 55 29.3599 1.81715 6.28223 0.524937 588
6 5 56 26.9393 1.03125 4.40111 0.44547 861
6 5 57 26.0808 1.03222 4.3012 0.389392 409
6 5 58 27.924 1.65022 5.94868 0.470868 240
6 5 59 24.8226 1.06255 4.77568 0.285156 616
6 5 60 27.0627 1.16233 6.54052 0.45558 1186
6 5 61 29.066 1.19292 5.48466 0.435787 419
6 5 62 26.7736 1.04467 3.85294 0.344272 249
6 5 63 28.5671 -3 0 0 166
6 6 0 34.8358 2.148 5.84565 0.311979 543
6 6 1 35.9398 3.61557 7.26556 0.498829 503
6 6 2 28 -2 0 0 380
6 6 3 35.0888 -3 0 0 149
6 6 4 35.0888 -3 0 0 189
6 6 5 34.7881 13.7138 19.6249 0.404251 213
6 6 6 30.4139 11.9696 9.50339 0.394723 326
6 6 7 35.0888 -3 0 0 106
6 6 8 40.5068 4.10881 12.111 0.381727 266
6 6 9 34.5112 2.25818 7.08617 0.307448 227
6 6 10 35.0888 -3 0 0 173
6 6 11 35.0888 -3 0 0 184
6 6 12 34 -2 0 0 201
6 6 13 35.0888 -3 0 0 107
6 6 14 35.0877 1.53292 5.19114 0.356456 397
6 6 15 35.0888 -3 0 0 120
6 6 16 35.0888 -3 0 0 130
6 6 17 34.364 1.72237 6.20185 0.311052 246
6 6 18 35.0888 -3 0 0 134
6 6 19 35.0888 -3 0 0 149
6 6 20 35.0888 -3 0 0 140
6 6 21 30 -2 0 0 208
6 6 22 35.0888 -3 0 0 173
6 6 23 30 -2 0 0 207
6 6 24 33.9032 2.00828 6.45333 0.303276 330
6 6 25 35.0888 -3 0 0 124
6 6 26 29.1807 8.8692 8.65563 0.28449 327
6 6 27 35.0888 -3 0 0 102
6 6 28 35.0888 -3 0 0 83
6 6 29 34.5132 1.90751 6.97302 0.410617 242
6 6 30 35.0888 -3 0 0 122
6 6 31 35.0888 -3 0 0 85
6 6 32 35.0888 -3 0 0 76
6 6 33 35.0888 -3 0 0 94
6 6 34 37.6961 2.10178 7.36292 0.350903 336
6 6 35 35.0888 -3 0 0 83
6 6 36 35.0888 -3 0 0 126
6 6 37 35.0888 -3 0 0 116
6 6 38 35.0888 -3 0 0 64
6 6 39 35.0888 -3 0 0 54
6 6 40 35.0888 -3 0 0 129
6 6 41 35.0888 -3 0 0 64
6 6 42 35.0888 -3 0 0 109
6 6 43 35.0888 -3 0 0 160
6 6 44 35.0888 -3 0 0 53
6 6 45 35.0888 -3 0 0 76
6 6 46 35.6074 11.1047 20 0.42788 253
6 6 47 35.0888 -3 0 0 53
6 6 48 35.0888 -3 0 0 64
6 6 49 35.0888 -3 0 0 110
6 6 50 35.0888 -3 0 0 66
6 6 51 35.0888 -3 0 0 117
6 6 52 35.0888 -3 0 0 139
6 6 53 35.0888 -3 0 0 55
6 6 54 35.0888 -3 0 0 81
6 6 55 35.0888 -3 0 0 118
6 6 56 35.0888 -3 0 0 81
6 6 57 35.0888 -3 0 0 102
6 6 58 35.0888 -3 0 0 81
6 6 59 35.0888 -3 0 0 167
6 6 60 35.0888 -3 0 0 77
6 6 61 35.0888 -3 0 0 138
6 6 62 35.0888 -3 0 0 130
6 6 63 35.0888 -3 0 0 90
6 7 0 34.1963 -3 0 0 139
6 7 1 34.1963 -3 0 0 106
6 7 2 34.1963 -3 0 0 117
6 7 3 34.1963 -3 0 0 159
6 7 4 34.1963 -3 0 0 120
6 7 5 34.1963 -3 0 0 95
6 7 6 34.1963 -3 0 0 131
6 7 7 34.1963 -3 0 0 162
6 7 8 34.1963 -3 0 0 108
6 7 9 34.1963 -3 0 0 116
6 7 10 34.1963 -3 0 0 123
6 7 11 34.1963 -3 0 0 138
6 7 12 34.1963 -3 0 0 134
6 7 13 34.1963 -3 0 0 187
6 7 14 34.1963 -3 0 0 128
6 7 15 34.1963 -3 0 0 139
6 7 16 34.1963 -3 0 0 140
6 7 17 34.1963 -3 0 0 119
6 7 18 34.1963 -3 0 0 132
6 7 19 34.1963 -3 0 0 174
6 7 20 34.1963 -3 0 0 170
6 7 21 34.1963 -3 0 0 137
6 7 22 34.1963 -3 0 0 132
6 7 23 37.0366 8.40536 15.6539 0.416107 201
6 7 24 34.1963 -3 0 0 115
6 7 25 32.7616 2.8311 6.40022 0.406755 211
6 7 26 34.1963 -3 0 0 131
6 7 27 27.4869 9.20385 10.8296 0.343257 236
6 7 28 34.1963 -3 0 0 180
6 7 29 34.1963 -3 0 0 140
6 7 30 34.1963 -3 0 0 180
6 7 31 38.1213 3.21032 9.94409 0.46722 305
6 7 32 35.7843 1.57059 7.13843 0.359764 308
6 7 33 35.2135 2.43795 8.266 0.406806 236
6 7 34 34.1963 -3 0 0 184
6 7 35 33.7437 1.76788 5.81137 0.453305 495
6 7 36 34.1963 -3 0 0 181
6 7 37 34.1963 -3 0 0 173
6 7 38 32.6151 1.59649 5.02258 0.635168 665
6 7 39 32.7773 1.21057 5.78258 0.382894 816
6 7 40 34.1963 -3 0 0 177
6 7 41 38.1752 2.00539 9.3909 0.397357 350
6 7 42 34.4952 1.36895 5.03412 0.392804 239
6 7 43 34.1963 -3 0 0 184
6 7 44 30.9932 1.23516 6.31378 0.405132 498
6 7 45 37.6931 3.76416 13.561 0.589193 404
6 7 46 30.0888 8.4677 16.485 0.401432 219
6 7 47 34.0016 1.29721 7.71481 0.485553 1140
6 7 48 31.6881 1.37641 5.52959 0.494081 279
6 7 49 35.0151 2.01834 6.87548 0.436831 245
6 7 50 33.1005 0.960194 5.15683 0.28257 489
6 7 51 33.2292 1.1227 5.0206 0.499261 488
6 7 52 30.1141 2.00933 6.73936 0.395516 233
6 7 53 32.2287 1.15223 5.54928 0.337908 895
6 7 54 32.8354 1.31261 5.88915 0.396056 560
6 7 55 32.3747 1.29186 5.02454 0.427862 324
6 7 56 31.6282 1.31852 5.60132 0.489127 701
6 7 57 31.8125 1.27033 5.75095 0.274045 620
6 7 58 31.3974 1.44322 6.21998 0.344644 437
6 7 59 38.5235 2.30351 9.10009 0.349521 249
6 7 60 33.8959 1.21504 6.44266 0.269897 823
6 7 61 33.1219 1.47884 5.82792 0.436766 426
6 7 62 33.5682 1.7812 7.58004 0.424234 324
6 7 63 32.293 1.23606 4.58302 0.410122 405
6 8 0 30.1791 -3 0 0 44
6 8 1 30.1791 -3 0 0 102
6 8 2 30.1791 -3 0 0 133
6 8 3 30.1791 -3 0 0 158
6 8 4 30.1791 -3 0 0 75
6 8 5 30.1791 -3 0 0 126
6 8 6 30.1791 -3 0 0 130
6 8 7 31.5586 5.14957 11.814 0.26122 230
6 8 8 30.1791 -3 0 0 140
6 8 9 30.1791 -3 0 0 158
6 8 10 30.1791 -3 0 0 158
6 8 11 30.1791 -3 0 0 163
6 8 12 30.1791 -3 0 0 163
6 8 13 30.357 2.91311 8.9577 0.407535 225
6 8 14 30.1791 -3 0 0 138
6 8 15 22 -2 0 0 222
6 8 16 30.1791 -3 0 0 170
6 8 17 30.1791 -3 0 0 138
6 8 18 30.1791 -3 0 0 195
6 8 19 31.6059 1.59708 6.30174 0.369531 267
6 8 20 31.723 10.924 20 0.499732 218
6 8 21 30.1791 -3 0 0 106
6 8 22 30.1791 -3 0 0 128
6 8 23 30.1791 -3 0 0 54
6 8 24 30.1791 -3 0 0 129
6 8 25 30.6962 2.14043 8.18336 0.377483 313
6 8 26 30.1791 -3 0 0 144
6 8 27 30.1791 -3 0 0 108
6 8 28 30.595 12.6495 19.619 0.494439 288
6 8 29 30.1791 -3 0 0 199
6 8 30 30.1791 -3 0 0 58
6 8 31 37.2131 8.14358 17.0991 0.485183 209
6 8 32 31.3266 2.68141 11.3336 0.495719 370
6 8 33 30.1791 -3 0 0 70
6 8 34 30.1791 -3 0 0 189
6 8 35 31.3405 1.28384 7.08898 0.316115 663
6 8 36 31.2109 2.00863 6.61672 0.384345 308
6 8 37 30.1791 -3 0 0 66
6 8 38 30.5832 1.00648 5.27556 0.27473 574
6 8 39 29.1026 1.34334 5.64656 0.528274 613
6 8 40 30.1791 -3 0 0 51
6 8 41 28.514 1.11691 5.0746 0.27847 503
6 8 42 30.1791 -3 0 0 74
6 8 43 30.1791 -3 0 0 56
6 8 44 31.1584 1.35836 6.33544 0.264674 656
6 8 45 28.6234 1.2137 4.82899 0.290031 412
6 8 46 30.1791 -3 0 0 58
6 8 47 32.4668 1.47793 5.94381 0.394506 1560
6 8 48 30.1791 -3 0 0 79
6 8 49 30.1791 -3 0 0 86
6 8 50 30.1791 -3 0 0 177
6 8 51 30.846 1.52408 6.80201 0.407488 423
6 8 52 30.1791 -3 0 0 84
6 8 53 29.6359 1.17361 6.02723 0.35606 1025
6 8 54 29.1212 1.36634 6.15358 0.300991 464
6 8 55 30.1791 -3 0 0 150
6 8 56 28.3201 2.03329 6.64162 0.229259 604
6 8 57 28.036 1.22889 5.27623 0.329993 523
6 8 58 34.1973 2.84382 8.77984 0.430573 227
6 8 59 30.1791 -3 0 0 80
6 8 60 28.5832 1.1434 6.29314 0.286011 836
6 8 61 30.1791 -3 0 0 131
6 8 62 30.1791 -3 0 0 153
6 8 63 30.1791 -3 0 0 144
6 9 0 0 -10 0 0 0
6 9 1 0 -10 0 0 0
6 9 2 0 -10 0 0 0
6 9 3 0 -10 0 0 0
6 9 4 0 -10 0 0 0
6 9 5 0 -10 0 0 0
6 9 6 0 -10 0 0 0
6 9 7 0 -10 0 0 0
6 9 8 0 -10 0 0 0
6 9 9 0 -10 0 0 0
6 9 10 0 -10 0 0 0
6 9 11 0 -10 0 0 0
6 9 12 0 -10 0 0 0
6 9 13 0 -10 0 0 0
6 9 14 0 -10 0 0 0
6 9 15 0 -10 0 0 0
6 9 16 0 -10 0 0 0
6 9 17 0 -10 0 0 0
6 9 18 0 -10 0 0 0
6 9 19 0 -10 0 0 0
6 9 20 0 -10 0 0 0
6 9 21 0 -10 0 0 0
6 9 22 0 -10 0 0 0
6 9 23 0 -10 0 0 0
6 9 24 0 -10 0 0 0
6 9 25 0 -10 0 0 0
6 9 26 0 -10 0 0 0
6 9 27 0 -10 0 0 0
6 9 28 0 -10 0 0 0
6 9 29 0 -10 0 0 0
6 9 30 0 -10 0 0 0
6 9 31 0 -10 0 0 0
6 9 32 0 -10 0 0 0
6 9 33 0 -10 0 0 0
6 9 34 0 -10 0 0 0
6 9 35 0 -10 0 0 0
6 9 36 0 -10 0 0 0
6 9 37 0 -10 0 0 0
6 9 38 0 -10 0 0 0
6 9 39 0 -10 0 0 0
6 9 40 0 -10 0 0 0
6 9 41 0 -10 0 0 0
6 9 42 0 -10 0 0 0
6 9 43 0 -10 0 0 0
6 9 44 0 -10 0 0 0
6 9 45 0 -10 0 0 0
6 9 46 0 -10 0 0 0
6 9 47 0 -10 0 0 0
6 9 48 0 -10 0 0 0
6 9 49 0 -10 0 0 0
6 9 50 0 -10 0 0 0
6 9 51 0 -10 0 0 0
6 9 52 0 -10 0 0 0
6 9 53 0 -10 0 0 0
6 9 54 0 -10 0 0 0
6 9 55 0 -10 0 0 0
6 9 56 0 -10 0 0 0
6 9 57 0 -10 0 0 0
6 9 58 0 -10 0 0 0
6 9 59 0 -10 0 0 0
6 9 60 0 -10 0 0 0
6 9 61 0 -10 0 0 0
6 9 62 0 -10 0 0 0
6 9 63 0 -10 0 0 0
6 10 0 29.7053 -3 0 0 199
6 10 1 29.7053 -3 0 0 104
6 10 2 32.9195 4.30329 13.9652 0.366549 265
6 10 3 28.3217 1.70269 4.93621 0.380737 339
6 10 4 29.7053 -3 0 0 172
6 10 5 26 -2 0 0 206
6 10 6 35.2551 3.2335 10.1151 0.321338 274
6 10 7 29.4332 1.33538 5.62519 0.334965 607
6 10 8 29.7053 -3 0 0 153
6 10 9 30.5271 1.74951 5.07123 0.488539 304
6 10 10 27.3935 2.73095 5.85708 0.529008 355
6 10 11 29.7053 -3 0 0 168
6 10 12 29.3519 2.51498 7.39283 0.422508 269
6 10 13 29.6286 1.65908 6.08719 0.477418 560
6 10 14 37.0172 6.93817 17.6474 0.396532 210
6 10 15 22.1864 10.6587 8.23599 0.370682 397
6 10 16 31.2217 1.61183 6.4422 0.54404 543
6 10 17 29.7053 -3 0 0 142
6 10 18 32.3446 2.51127 6.99217 0.467486 344
6 10 19 28.876 0.930733 5.64121 0.352867 601
6 10 20 24 -2 0 0 281
6 10 21 30.3429 2.25613 6.10561 0.364508 258
6 10 22 27.2286 0.964156 4.54244 0.451581 403
6 10 23 37.5601 6.89933 17.9165 0.403296 240
6 10 24 29.7053 -3 0 0 162
6 10 25 29.7141 1.09343 5.11419 0.35195 827
6 10 26 29.7053 -3 0 0 105
6 10 27 26.2254 1.26413 4.52338 0.572122 438
6 10 28 27.3477 1.10309 4.81208 0.469816 523
6 10 29 29.7053 -3 0 0 171
6 10 30 29.7053 -3 0 0 89
6 10 31 27.4688 0.960233 5.77031 0.449772 1087
6 10 32 27.9596 1.14375 4.8466 0.407777 681
6 10 33 26.5021 0.880884 3.90257 0.377425 489
6 10 34 29.8966 3.04547 5.55822 0.322884 215
6 10 35 29.4519 1.04118 6.31111 0.360754 1193
6 10 36 27.9478 0.897982 4.18889 0.514949 410
6 10 37 31.9356 4.54043 13.1568 0.523024 274
6 10 38 29.501 1.07442 6.05731 0.492312 1443
6 10 39 29.0046 1.43375 5.79957 0.567873 730
6 10 40 29.7053 -3 0 0 137
6 10 41 28.6769 1.3674 5.44793 0.522565 523
6 10 42 32.6293 2.58453 7.37439 0.415424 241
6 10 43 24 -2 0 0 284
6 10 44 27.3025 1.05544 5.46247 0.458097 1206
6 10 45 30.3153 1.12821 5.57153 0.311987 380
6 10 46 29.7053 -3 0 0 117
6 10 47 29.5222 0.920948 6.52029 0.373541 2155
6 10 48 30.1513 3.31222 10.1678 0.499967 227
6 10 49 29.7053 -3 0 0 177
6 10 50 27.2276 1.03924 5.36671 0.391659 513
6 10 51 28.7045 1.38774 5.0769 0.434704 377
6 10 52 26 -2 0 0 304
6 10 53 30.5033 1.04866 7.14242 0.388723 1250
6 10 54 25.6425 0.725448 4.68213 0.376534 793
6 10 55 29.4898 2.38266 5.99312 0.43694 332
6 10 56 31.3341 1.37397 6.03766 0.4151 486
6 10 57 29.1709 1.17711 5.29968 0.409599 399
6 10 58 27.6395 1.69585 5.23353 0.51532 349
6 10 59 29.7053 -3 0 0 98
6 10 60 29.1753 1.40395 5.72213 0.43358 966
6 10 61 29.9498 2.03804 7.74697 0.359954 386
6 10 62 21 -2 0 0 271
6 10 63 28.9374 1.99593 7.1187 0.261402 391
6 11 0 32.6205 1.37682 4.84758 0.410598 790
6 11 1 31.8482 1.3516 5.50597 0.305189 479
6 11 2 33.8867 1.76367 6.1857 0.320269 410
6 11 3 34.2868 -3 0 0 179
6 11 4 34.2868 -3 0 0 163
6 11 5 34.2868 -3 0 0 196
6 11 6 36.4235 3.63532 9.53099 0.418886 314
6 11 7 34.2868 -3 0 0 76
6 11 8 33.3805 1.31295 4.87695 0.37382 316
6 11 9 34.2868 -3 0 0 181
6 11 10 34.2868 -3 0 0 138
6 11 11 32.775 2.02866 6.41135 0.374406 253
6 11 12 34.2868 -3 0 0 177
6 11 13 34.2868 -3 0 0 82
6 11 14 34.521 1.58062 6.74628 0.268482 612
6 11 15 34.2868 -3 0 0 131
6 11 16 34.2868 -3 0 0 131
6 11 17 35.6524 1.55238 5.77475 0.393045 406
6 11 18 34.2868 -3 0 0 184
6 11 19 34.2868 -3 0 0 136
6 11 20 34.2868 -3 0 0 176
6 11 21 36.334 3.72127 11.209 0.312799 224
6 11 22 34.2868 -3 0 0 103
6 11 23 34.2868 -3 0 0 119
6 11 24 34.0605 2.05374 5.83113 0.467918 285
6 11 25 34.2868 -3 0 0 82
6 11 26 35.4567 1.74837 7.22729 0.343547 568
6 11 27 34.2868 -3 0 0 75
6 11 28 34.2868 -3 0 0 92
6 11 29 34.2868 -3 0 0 98
6 11 30 34.2868 -3 0 0 38
6 11 31 34.2868 -3 0 0 71
6 11 32 34.2868 -3 0 0 77
6 11 33 34.2868 -3 0 0 159
6 11 34 35.7096 1.92221 7.66639 0.361569 525
6 11 35 34.2868 -3 0 0 26
6 11 36 34.2868 -3 0 0 41
6 11 37 34.2868 -3 0 0 71
6 11 38 34.2868 -3 0 0 74
6 11 39 34.2868 -3 0 0 50
6 11 40 34.2868 -3 0 0 78
6 11 41 34.2868 -3 0 0 117
6 11 42 34.2868 -3 0 0 51
6 11 43 34.2868 -3 0 0 114
6 11 44 34.2868 -3 0 0 17
6 11 45 34.2868 -3 0 0 32
6 11 46 36.0849 3.57501 10.602 0.341221 251
6 11 47 34.2868 -3 0 0 74
6 11 48 34.2868 -3 0 0 36
6 11 49 34.2868 -3 0 0 81
6 11 50 34.2868 -3 0 0 3
6 11 51 34.2868 -3 0 0 142
6 11 52 34.2868 -3 0 0 106
6 11 53 34.2868 -3 0 0 51
6 11 54 34.2868 -3 0 0 75
6 11 55 29.6341 14.1939 12.6963 0.362256 211
6 11 56 34.2868 -3 0 0 54
6 11 57 34.2868 -3 0 0 91
6 11 58 34.2868 -3 0 0 61
6 11 59 30.7947 1.55677 5.91046 0.267498 548
6 11 60 34.2868 -3 0 0 51
6 11 61 34.2868 -3 0 0 136
6 11 62 35.9149 2.24782 7.41966 0.264475 291
6 11 63 34.2868 3.21992 10.5651 0.375294 312
6 12 0 32.9386 3.42119 9.22579 0.527552 365
6 12 1 32.8096 2.02568 6.42243 0.455559 421
6 12 2 29.7521 2.01287 5.14388 0.652522 499
6 12 3 31.5475 1.04625 5.13205 0.483252 492
6 12 4 32.653 -3 0 0 99
6 12 5 35.2307 3.63152 9.32736 0.454638 267
6 12 6 33.5264 1.35493 4.92119 0.394476 410
6 12 7 34.6219 1.35647 7.79849 0.411729 1775
6 12 8 31.0998 1.73632 7.2205 0.234959 377
6 12 9 30.7221 1.0211 5.03227 0.447756 1002
6 12 10 33.8435 1.4668 7.2025 0.514624 1471
6 12 11 29.3039 8.06302 11.9544 0.303771 204
6 12 12 30.9471 1.75337 4.97273 0.501907 367
6 12 13 32.2844 1.0647 6.2003 0.371568 659
6 12 14 32.8117 5.47579 12.1709 0.509179 211
6 12 15 31.3966 1.60603 5.30335 0.57322 461
6 12 16 31.9542 0.856485 5.59952 0.370336 1756
6 12 17 32.653 -3 0 0 133
6 12 18 29.9978 0.843432 4.26501 0.385816 306
6 12 19 32.2994 0.926945 5.66549 0.401799 865
6 12 20 32.653 -3 0 0 79
6 12 21 34.6436 1.41725 6.65303 0.32551 715
6 12 22 30.1515 0.789562 4.39099 0.437242 984
6 12 23 32.653 -3 0 0 84
6 12 24 36.9341 5.5721 15.4505 0.556061 310
6 12 25 30.3656 0.884284 5.22036 0.416879 1096
6 12 26 30.4698 1.58949 6.26482 0.407368 311
6 12 27 32.7402 1.30593 5.34494 0.59042 463
6 12 28 31.0187 0.998392 4.86524 0.436602 494
6 12 29 29.7539 10.0369 12.1881 0.342857 221
6 12 30 32.653 -3 0 0 169
6 12 31 25 -2 0 0 935
6 12 32 34.4801 2.00803 7.34774 0.389687 406
6 12 33 28.4021 3.7854 7.47845 0.474521 445
6 12 34 32.653 -3 0 0 145
6 12 35 30.1714 0.855055 5.13628 0.658864 796
6 12 36 32.653 -3 0 0 87
6 12 37 32.653 -3 0 0 72
6 12 38 32.0719 0.953068 4.86138 0.325492 525
6 12 39 31.5242 1.75013 7.30531 0.38892 282
6 12 40 32.653 -3 0 0 79
6 12 41 29.9676 0.781459 5.05482 0.293667 535
6 12 42 32.653 -3 0 0 91
6 12 43 32.653 -3 0 0 145
6 12 44 31.5416 1.21794 4.8281 0.409571 338
6 12 45 31.6574 2.12624 6.90279 0.538286 315
6 12 46 32.653 -3 0 0 140
6 12 47 34.5072 2.94977 8.20685 0.571649 489
6 12 48 33.1597 2.09583 6.71961 0.431417 216
6 12 49 32.653 -3 0 0 156
6 12 50 32.7976 2.33943 7.06413 0.40485 258
6 12 51 32.653 -3 0 0 125
6 12 52 32.653 -3 0 0 140
6 12 53 41 -2 0 0 371
6 12 54 32.653 -3 0 0 179
6 12 55 32.653 -3 0 0 117
6 12 56 32.653 -3 0 0 174
6 12 57 34 -2 0 0 207
6 12 58 32.653 -3 0 0 119
6 12 59 32.653 -3 0 0 120
6 12 60 28 -2 0 0 236
6 12 61 32.653 -3 0 0 168
6 12 62 32.653 -3 0 0 126
6 12 63 32.653 -3 0 0 121
6 13 0 29.112 1.36454 4.3088 0.422248 309
6 13 1 30.92 -3 0 0 200
6 13 2 32 -2 0 0 245
6 13 3 30.92 -3 0 0 74
6 13 4 30.92 -3 0 0 89
6 13 5 30.92 -3 0 0 113
6 13 6 30.92 -3 0 0 150
6 13 7 30.92 -3 0 0 39
6 13 8 30.92 -3 0 0 186
6 13 9 30.92 -3 0 0 93
6 13 10 30.92 -3 0 0 65
6 13 11 30.92 -3 0 0 103
6 13 12 30.92 -3 0 0 100
6 13 13 30.92 -3 0 0 78
6 13 14 31.3592 1.62033 6.8661 0.390744 381
6 13 15 30.92 -3 0 0 77
6 13 16 30.92 -3 0 0 112
6 13 17 30.2382 12.5129 11.1126 0.360286 248
6 13 18 30.92 -3 0 0 84
6 13 19 30.92 -3 0 0 69
6 13 20 30.92 -3 0 0 142
6 13 21 30.92 -3 0 0 149
6 13 22 30.92 -3 0 0 125
6 13 23 30.92 -3 0 0 84
6 13 24 30.9769 1.5146 5.59954 0.282693 224
6 13 25 30.92 -3 0 0 102
6 13 26 32.3105 1.84099 5.67254 0.408513 343
6 13 27 30.92 -3 0 0 31
6 13 28 30.92 -3 0 0 88
6 13 29 29 -2 0 0 203
6 13 30 30.92 -3 0 0 110
6 13 31 30.92 -3 0 0 80
6 13 32 30.92 -3 0 0 59
6 13 33 30.92 -3 0 0 86
6 13 34 36.0546 3.40573 11.4202 0.473091 354
6 13 35 30.92 -3 0 0 60
6 13 36 30.92 -3 0 0 125
6 13 37 30.92 -3 0 0 197
6 13 38 30.92 -3 0 0 115
6 13 39 32.2565 3.3233 11.0536 0.350861 247
6 13 40 30.92 -3 0 0 174
6 13 41 30.92 -3 0 0 124
6 13 42 26 -2 0 0 247
6 13 43 28.244 1.38394 5.49708 0.442281 290
6 13 44 30.92 -3 0 0 136
6 13 45 30.92 -3 0 0 160
6 13 46 28.4424 1.01421 4.54351 0.319591 392
6 13 47 30.92 -3 0 0 103
6 13 48 30.92 -3 0 0 138
6 13 49 27 -2 0 0 299
6 13 50 30.92 -3 0 0 153
6 13 51 30.8036 1.38739 5.64255 0.294069 515
6 13 52 25 -2 0 0 318
6 13 53 30.92 -3 0 0 167
6 13 54 30.7297 4.04552 14.035 0.35366 242
6 13 55 27.6824 1.32027 5.59737 0.345701 473
6 13 56 32.0238 3.36206 10.1376 0.38394 287
6 13 57 31.583 2.32779 7.12073 0.360601 382
6 13 58 25.227 21.6202 17.8513 0.484981 224
6 13 59 28.0203 1.16436 5.04881 0.391462 636
6 13 60 30.92 -3 0 0 198
6 13 61 32.2445 2.1307 6.96804 0.243772 747
6 13 62 29.643 1.32231 5.07482 0.304268 670
6 13 63 27.0595 1.78525 7.86761 0.364521 328
6 14 0 31.6902 3.14526 7.30526 0.52938 332
6 14 1 30.3096 2.1402 7.0732 0.456945 283
6 14 2 31.7791 2.52734 8.64515 0.392275 311
6 14 3 29.0504 1.26201 6.15269 0.459662 435
6 14 4 23 -2 0 0 319
6 14 5 31.124 1.77263 7.09788 0.405794 418
6 14 6 24 -2 0 0 625
6 14 7 25 -2 0 0 794
6 14 8 31.8327 2.44742 8.46299 0.368101 230
6 14 9 30.0772 1.33194 5.86475 0.437055 816
6 14 10 28.5202 1.25343 6.50586 0.318801 880
6 14 11 30.9885 -3 0 0 198
6 14 12 29.1482 1.92448 5.56183 0.420907 340
6 14 13 29.6313 1.38897 7.16628 0.301414 480
6 14 14 22 -2 0 0 228
6 14 15 31.066 2.7183 7.9943 0.561187 424
6 14 16 30.4063 1.15648 5.44678 0.453227 1097
6 14 17 31.849 2.50932 7.73946 0.39686 210
6 14 18 30.056 2.28542 7.34832 0.425463 334
6 14 19 29.5022 1.45527 6.18188 0.345058 569
6 14 20 30.9885 -3 0 0 177
6 14 21 29.4163 1.19091 6.15068 0.278658 685
6 14 22 29.1438 1.95059 5.44855 0.606184 503
6 14 23 30.9885 -3 0 0 125
6 14 24 26 -2 0 0 260
6 14 25 29.3047 1.37968 5.23579 0.512377 443
6 14 26 30.9885 -3 0 0 190
6 14 27 33.2451 2.3174 8.05076 0.325266 235
6 14 28 29.2433 3.71212 13.0845 0.503797 378
6 14 29 30.9885 -3 0 0 141
6 14 30 29 -2 0 0 223
6 14 31 31.4618 1.90873 7.55963 0.476922 343
6 14 32 32 -2 0 0 232
6 14 33 30.9885 -3 0 0 179
6 14 34 30.9885 -3 0 0 187
6 14 35 30.0506 1.85428 5.47256 0.394689 208
6 14 36 30.9885 -3 0 0 159
6 14 37 30.9885 -3 0 0 66
6 14 38 30.9885 -3 0 0 185
6 14 39 30.9885 -3 0 0 152
6 14 40 30.9885 -3 0 0 127
6 14 41 27.6844 6.82302 17.0094 0.468644 204
6 14 42 30.9885 -3 0 0 175
6 14 43 30.9885 -3 0 0 132
6 14 44 30.9885 -3 0 0 157
6 14 45 30.9885 -3 0 0 131
6 14 46 30.9885 -3 0 0 105
6 14 47 0 -10 0 0 0
6 14 48 30.9885 -3 0 0 179
6 14 49 30.9885 -3 0 0 98
6 14 50 30.9885 -3 0 0 126
6 14 51 30.9885 -3 0 0 49
6 14 52 30.9885 -3 0 0 100
6 14 53 30.9885 -3 0 0 158
6 14 54 30.9885 -3 0 0 108
6 14 55 30.9885 -3 0 0 72
6 14 56 30.9885 -3 0 0 125
6 14 57 30.9885 -3 0 0 96
6 14 58 30.9885 -3 0 0 109
6 14 59 30.9885 -3 0 0 82
6 14 60 30.9885 -3 0 0 99
6 14 61 30.9885 -3 0 0 100
6 14 62 30.9885 -3 0 0 125
6 14 63 30.9885 -3 0 0 119
6 15 0 31.8029 -3 0 0 93
6 15 1 31.8029 -3 0 0 53
6 15 2 31.8029 -3 0 0 56
6 15 3 31.8029 -3 0 0 50
6 15 4 31.8029 -3 0 0 86
6 15 5 31.8029 -3 0 0 49
6 15 6 31.8029 -3 0 0 44
6 15 7 31.8029 -3 0 0 31
6 15 8 31.8029 -3 0 0 64
6 15 9 31.8029 -3 0 0 42
6 15 10 31.8029 -3 0 0 38
6 15 11 31.8029 -3 0 0 105
6 15 12 31.8029 -3 0 0 48
6 15 13 31.8029 -3 0 0 61
6 15 14 31.8029 -3 0 0 87
6 15 15 31.8029 -3 0 0 63
6 15 16 31.8029 -3 0 0 17
6 15 17 31.8029 -3 0 0 109
6 15 18 31.8029 -3 0 0 53
6 15 19 31.8029 -3 0 0 23
6 15 20 31.8029 -3 0 0 33
6 15 21 31.8029 -3 0 0 41
6 15 22 31.8029 -3 0 0 56
6 15 23 31.8029 -3 0 0 94
6 15 24 31.8029 -3 0 0 100
6 15 25 31.8029 -3 0 0 40
6 15 26 31.8029 -3 0 0 108
6 15 27 31.8029 -3 0 0 61
6 15 28 31.8029 -3 0 0 57
6 15 29 31.8029 -3 0 0 160
6 15 30 31.8029 -3 0 0 51
6 15 31 31.8029 -3 0 0 36
6 15 32 31.8029 -3 0 0 50
6 15 33 31.8029 -3 0 0 70
6 15 34 31.8029 -3 0 0 141
6 15 35 31.8029 -3 0 0 65
6 15 36 31.8029 -3 0 0 53
6 15 37 31.8029 -3 0 0 121
6 15 38 31.8029 -3 0 0 62
6 15 39 31.8029 -3 0 0 70
6 15 40 31.8029 -3 0 0 42
6 15 41 31.8029 -3 0 0 78
6 15 42 31.8029 -3 0 0 116
6 15 43 31.8029 -3 0 0 128
6 15 44 31.8029 -3 0 0 111
6 15 45 31.8029 -3 0 0 62
6 15 46 28 -2 0 0 201
6 15 47 31.8029 -3 0 0 67
6 15 48 31.8029 -3 0 0 63
6 15 49 31.8029 -3 0 0 117
6 15 50 31.8029 -3 0 0 85
6 15 51 27 -2 0 0 249
6 15 52 31.8029 -3 0 0 147
6 15 53 31.8029 -3 0 0 108
6 15 54 31.8029 -3 0 0 108
6 15 55 31.8029 -3 0 0 155
6 15 56 31.8029 -3 0 0 148
6 15 57 31.8029 -3 0 0 151
6 15 58 31.8029 -3 0 0 108
6 15 59 31.8029 -3 0 0 199
6 15 60 31.8029 -3 0 0 92
6 15 61 20.0082 4.93821 10.8418 0.226984 271
6 15 62 31 -2 0 0 245
6 15 63 31.8029 -3 0 0 148
7 0 0 32.8404 -3 0 0 152
7 0 1 32.8404 -3 0 0 124
7 0 2 32.8404 -3 0 0 140
7 0 3 32.8404 -3 0 0 66
7 0 4 32.8404 -3 0 0 33
7 0 5 32.8404 -3 0 0 125
7 0 6 32.8404 -3 0 0 118
7 0 7 32.8404 -3 0 0 79
7 0 8 32.8404 -3 0 0 63
7 0 9 32.8404 -3 0 0 77
7 0 10 32.8404 -3 0 0 65
7 0 11 32.8404 -3 0 0 66
7 0 12 32.8404 -3 0 0 105
7 0 13 32.8404 -3 0 0 105
7 0 14 32.8404 -3 0 0 108
7 0 15 32.8404 -3 0 0 64
7 0 16 32.8404 -3 0 0 67
7 0 17 32.8404 -3 0 0 62
7 0 18 32.8404 -3 0 0 48
7 0 19 32.8404 -3 0 0 89
7 0 20 32.8404 -3 0 0 20
7 0 21 32.8404 -3 0 0 99
7 0 22 32.8404 -3 0 0 78
7 0 23 34.8551 3.55734 11.2774 0.320856 228
7 0 24 32.8404 -3 0 0 78
7 0 25 32.8404 -3 0 0 108
7 0 26 32.8404 -3 0 0 111
7 0 27 32.8404 -3 0 0 72
7 0 28 32.8404 -3 0 0 122
7 0 29 32.8404 -3 0 0 102
7 0 30 32.8404 -3 0 0 23
7 0 31 32.8404 -3 0 0 124
7 0 32 32.8404 -3 0 0 125
7 0 33 32.8404 -3 0 0 71
7 0 34 26 -2 0 0 317
7 0 35 32.8404 -3 0 0 111
7 0 36 32.8404 -3 0 0 26
7 0 37 32.8404 -3 0 0 80
7 0 38 32.8404 -3 0 0 154
7 0 39 28.6509 15.532 15.0353 0.31856 285
7 0 40 32.8404 -3 0 0 30
7 0 41 32.8404 -3 0 0 137
7 0 42 32.8404 -3 0 0 58
7 0 43 32.5985 1.71926 6.30137 0.39905 250
7 0 44 32.8404 -3 0 0 194
7 0 45 32.8404 -3 0 0 84
7 0 46 33.0777 2.05693 7.78781 0.389136 359
7 0 47 32.8404 -3 0 0 191
7 0 48 33.5251 14.1328 20 0.399359 202
7 0 49 32.8537 1.80825 6.41539 0.337448 271
7 0 50 32.8404 -3 0 0 78
7 0 51 31.1093 3.40763 9.1558 0.374926 581
7 0 52 32.051 1.90123 6.10269 0.437878 325
7 0 53 35.4276 4.34565 12.8901 0.275562 224
7 0 54 32.8404 -3 0 0 92
7 0 55 31.7419 2.00104 7.76617 0.228045 377
7 0 56 31.6952 1.79348 6.44928 0.393378 408
7 0 57 32.4796 2.15386 7.22902 0.43573 484
7 0 58 35.6308 4.59699 12.8177 0.424985 295
7 0 59 31.5068 1.68112 6.63849 0.32912 428
7 0 60 32.8404 -3 0 0 165
7 0 61 32.888 1.61721 6.00261 0.334668 732
7 0 62 24 -2 0 0 515
7 0 63 22.8211 16.6041 10.9162 0.310631 324
7 1 0 32.4238 1.06536 5.13024 0.330552 612
7 1 1 34.6989 1.43901 6.13845 0.518625 684
7 1 2 33.7734 1.43045 6.51248 0.403881 784
7 1 3 33.6183 -3 0 0 200
7 1 4 30.2787 2.31661 7.58021 0.445668 374
7 1 5 34.7887 1.42139 6.439 0.27142 543
7 1 6 34.4522 1.14057 6.10786 0.285747 871
7 1 7 32.5867 1.28712 6.26905 0.36735 676
7 1 8 33.8148 1.19524 6.27198 0.3554 543
7 1 9 27.5984 0.930269 4.64766 0.39454 491
7 1 10 29.3025 0.925656 4.30009 0.19886 305
7 1 11 33.5802 2.00678 6.85247 0.554665 350
7 1 12 31.7754 1.12213 5.72245 0.469638 562
7 1 13 33.6183 -3 0 0 180
7 1 14 32.4818 1.67618 6.13687 0.543009 466
7 1 15 33.6183 -3 0 0 125
7 1 16 28.5386 0.71249 3.58436 0.569476 557
7 1 17 36.7743 2.86067 9.45324 0.44619 333
7 1 18 32.3578 1.52452 5.85642 0.523465 422
7 1 19 34.8572 1.46484 6.51017 0.402031 553
7 1 20 28 -2 0 0 287
7 1 21 33.0128 1.03623 6.35962 0.322646 987
7 1 22 33.2793 1.74935 7.16499 0.500278 455
7 1 23 38.9566 6.09499 16.6083 0.602114 235
7 1 24 33.323 1.33855 5.71978 0.334927 430
7 1 25 34.4045 1.91028 6.95629 0.376456 425
7 1 26 25.4762 21.4871 15.9779 0.436079 304
7 1 27 33.6183 -3 0 0 79
7 1 28 33.6183 -3 0 0 157
7 1 29 34.8957 2.34831 8.20101 0.357736 230
7 1 30 33.6183 -3 0 0 63
7 1 31 35.5616 1.87426 7.40196 0.325051 305
7 1 32 32.4408 4.99178 13.7485 0.49255 265
7 1 33 34.6777 2.1012 7.8639 0.325961 220
7 1 34 34.35 2.48818 8.44434 0.371988 241
7 1 35 28 -2 0 0 205
7 1 36 33.6183 -3 0 0 43
7 1 37 33.6183 -3 0 0 175
7 1 38 33.6183 -3 0 0 171
7 1 39 33.6183 -3 0 0 132
7 1 40 33.6183 -3 0 0 172
7 1 41 33.6183 -3 0 0 177
7 1 42 33.6183 -3 0 0 170
7 1 43 32.1559 2.48637 8.65639 0.394592 207
7 1 44 33.6183 -3 0 0 125
7 1 45 33.6183 -3 0 0 184
7 1 46 35.1872 1.72056 6.13497 0.456256 325
7 1 47 33.6183 -3 0 0 162
7 1 48 33.6183 -3 0 0 180
7 1 49 33.6183 -3 0 0 129
7 1 50 33.6183 -3 0 0 155
7 1 51 33.6183 -3 0 0 104
7 1 52 33.6183 -3 0 0 138
7 1 53 33.6183 -3 0 0 110
7 1 54 33.6183 -3 0 0 144
7 1 55 33.6183 -3 0 0 116
7 1 56 33.6183 -3 0 0 110
7 1 57 33.6183 -3 0 0 131
7 1 58 33.6183 -3 0 0 144
7 1 59 33.6183 -3 0 0 1
7 1 60 33.6183 -3 0 0 100
7 1 61 33.6183 -3 0 0 117
7 1 62 33.6183 -3 0 0 63
7 1 63 33.6183 -3 0 0 137
7 2 0 32.1919 1.99657 8.16693 0.677308 531
7 2 1 30.9632 1.66094 6.70406 0.373855 384
7 2 2 33.1283 2.3978 7.19783 0.389556 320
7 2 3 24 -2 0 0 204
7 2 4 34.2865 2.7597 8.50654 0.490598 264
7 2 5 32.2762 2.13443 7.68367 0.462483 281
7 2 6 28 -2 0 0 288
7 2 7 31.6103 -3 0 0 129
7 2 8 26 -2 0 0 357
7 2 9 31.6103 -3 0 0 168
7 2 10 31.6103 -3 0 0 173
7 2 11 29.7529 1.33487 5.47248 0.429006 406
7 2 12 33.7501 2.1234 7.65677 0.374628 278
7 2 13 31.6103 -3 0 0 147
7 2 14 32.5827 1.29616 6.00717 0.360649 647
7 2 15 31.6103 -3 0 0 194
7 2 16 31.6103 -3 0 0 127
7 2 17 31.9727 1.80385 6.44028 0.448255 530
7 2 18 29.8089 1.32108 4.86012 0.353142 224
7 2 19 31.6103 -3 0 0 161
7 2 20 44 -2 0 0 400
7 2 21 28.9702 1.40858 5.63904 0.367153 248
7 2 22 31.6103 -3 0 0 123
7 2 23 31.6103 -3 0 0 73
7 2 24 34.4068 1.34494 6.4432 0.569733 434
7 2 25 31.6103 -3 0 0 118
7 2 26 32.709 1.37734 6.37231 0.339186 855
7 2 27 31.6103 -3 0 0 133
7 2 28 31.6103 -3 0 0 170
7 2 29 27.7625 1.19206 4.20873 0.614627 255
7 2 30 31.6103 -3 0 0 141
7 2 31 31.6103 -3 0 0 170
7 2 32 31.6103 -3 0 0 185
7 2 33 25 -2 0 0 230
7 2 34 31.4072 1.16416 6.50908 0.400233 625
7 2 35 31.6103 -3 0 0 160
7 2 36 31.6103 -3 0 0 119
7 2 37 31.6103 -3 0 0 133
7 2 38 31.6103 -3 0 0 182
7 2 39 30.6281 1.37929 7.20935 0.293332 393
7 2 40 32.4977 1.6027 6.88713 0.448672 379
7 2 41 31.6103 -3 0 0 179
7 2 42 31.6103 -3 0 0 149
7 2 43 29.7969 1.01167 5.65494 0.401942 461
7 2 44 31.2806 2.62475 7.93905 0.443644 226
7 2 45 35.527 3.51205 12.7934 0.529336 260
7 2 46 28.0009 1.03691 5.0137 0.320181 578
7 2 47 34.5532 2.98561 8.84869 0.424532 203
7 2 48 31.6103 -3 0 0 114
7 2 49 29.0905 1.02461 4.81553 0.387018 352
7 2 50 33.6128 2.88851 10.4063 0.449344 278
7 2 51 31.1445 1.04451 6.09527 0.282605 1043
7 2 52 28.7438 1.27373 4.75975 0.683935 851
7 2 53 33.1126 12.465 20 0.518674 253
7 2 54 31.5472 1.96388 8.11857 0.39212 341
7 2 55 30.4218 1.23118 5.78867 0.345738 809
7 2 56 32.6463 1.79566 6.6708 0.481683 568
7 2 57 29.4427 1.02698 4.94518 0.431655 822
7 2 58 31.8249 2.78104 6.15743 0.460582 506
7 2 59 30.2722 1.07058 6.61896 0.320766 1254
7 2 60 30.6342 2.96322 7.71455 0.457337 354
7 2 61 32.9407 1.33542 5.94032 0.353013 1811
7 2 62 33.0043 1.19042 6.79594 0.350873 1315
7 2 63 30.2134 0.999201 5.02353 0.521287 594
7 3 0 31.1561 1.35122 5.86675 0.537638 613
7 3 1 32.1068 1.75722 5.80151 0.522672 536
7 3 2 30.33 0.996377 5.56439 0.371058 793
7 3 3 28.2657 0.932544 4.69728 0.408558 579
7 3 4 31.0214 -3 0 0 127
7 3 5 29.581 1.03213 5.16963 0.575698 508
7 3 6 29.1962 1.16121 6.43962 0.520591 867
7 3 7 29.4448 1.11716 5.13429 0.506873 826
7 3 8 34.2264 1.80431 7.46305 0.368402 342
7 3 9 28.9286 1.18043 6.32392 0.59167 655
7 3 10 33.6043 1.54718 8.73716 0.442859 1122
7 3 11 32.6371 2.21897 7.75104 0.403542 284
7 3 12 30.3798 1.15813 5.63967 0.328588 597
7 3 13 29.4267 1.32603 6.10166 0.615774 556
7 3 14 30.2319 1.48525 5.13315 0.500608 522
7 3 15 27.893 0.894831 3.63158 0.42584 274
7 3 16 32.676 1.19736 7.92879 0.332621 1259
7 3 17 28.2081 0.889196 4.38868 0.277548 361
7 3 18 31.0214 -3 0 0 196
7 3 19 28.0827 0.882172 4.79276 0.471955 746
7 3 20 31.0214 -3 0 0 109
7 3 21 30.6161 1.32199 6.02455 0.436861 800
7 3 22 30.1144 1.05269 5.58625 0.352587 664
7 3 23 31.0214 -3 0 0 92
7 3 24 32.8687 2.00164 6.80805 0.416767 408
7 3 25 29.0067 0.889149 4.73471 0.356355 769
7 3 26 32.023 2.40292 7.30378 0.372563 297
7 3 27 28.1953 0.764256 5.80072 0.399552 1246
7 3 28 23.3573 13.5613 13.9975 0.461042 218
7 3 29 31.0214 -3 0 0 123
7 3 30 31.0214 -3 0 0 163
7 3 31 34.2318 2.74347 7.54451 0.520468 603
7 3 32 27.7129 0.851033 4.1215 0.417873 381
7 3 33 31.0214 -3 0 0 132
7 3 34 32.1937 1.68279 7.61803 0.465292 411
7 3 35 31.2759 1.13604 5.34997 0.370577 606
7 3 36 31.0214 -3 0 0 106
7 3 37 31.0214 -3 0 0 127
7 3 38 33.8081 2.14623 7.3465 0.415143 393
7 3 39 34.7337 3.95226 10.5784 0.409977 234
7 3 40 31.0214 -3 0 0 80
7 3 41 33.5586 2.48138 9.26111 0.419336 337
7 3 42 25 -2 0 0 256
7 3 43 30.6165 2.08229 6.8625 0.336358 219
7 3 44 30.7827 1.35553 5.15652 0.261137 344
7 3 45 31.0214 -3 0 0 190
7 3 46 31.0214 -3 0 0 93
7 3 47 28.518 1.49863 6.3943 0.458881 246
7 3 48 30.3385 1.56717 5.4875 0.364229 323
7 3 49 27 -2 0 0 243
7 3 50 31.6099 3.32872 9.34421 0.396585 201
7 3 51 27.3202 18.7597 20 0.382709 213
7 3 52 34.7929 2.9915 8.82811 0.354129 267
7 3 53 34.1561 2.11191 6.39722 0.309488 215
7 3 54 34.2886 4.06815 8.52652 0.418273 257
7 3 55 25 -2 0 0 252
7 3 56 34.0096 11.1273 20 0.438896 242
7 3 57 25.427 1.29254 6.70401 0.387852 655
7 3 58 32.9512 3.54219 11.5201 0.363917 253
7 3 59 24.9801 8.87349 12.2004 0.326984 247
7 3 60 31.0214 -3 0 0 114
7 3 61 26 -2 0 0 250
7 3 62 26 -2 0 0 259
7 3 63 30.8893 13.1586 20 0.49128 225
7 4 0 34.1732 1.13822 6.74289 0.333753 1987
7 4 1 34.6114 1.33459 7.28975 0.28683 1238
7 4 2 28.9533 1.21354 5.19389 0.328959 299
7 4 3 36.0473 2.00879 7.54627 0.520615 307
7 4 4 33.2667 -3 0 0 108
7 4 5 27.9114 0.896534 3.32346 0.47151 226
7 4 6 33.9983 1.49079 6.64569 0.430455 576
7 4 7 34.9478 10.4988 20 0.430902 206
7 4 8 30.2259 1.17887 3.83195 0.409284 370
7 4 9 35.0309 2.30386 8.55121 0.472612 376
7 4 10 32.993 2.07678 6.98754 0.438489 264
7 4 11 33.2667 -3 0 0 188
7 4 12 32.6794 1.30547 5.43827 0.545962 400
7 4 13 34.0847 2.77323 9.38945 0.404589 228
7 4 14 32.5266 1.08529 5.98124 0.30577 1664
7 4 15 33.2667 -3 0 0 95
7 4 16 30.6457 13.5859 18.0412 0.379489 220
7 4 17 30.8265 0.918612 4.03353 0.538541 318
7 4 18 33.2667 -3 0 0 102
7 4 19 36.2506 5.63797 16.4923 0.521422 209
7 4 20 33.2667 -3 0 0 61
7 4 21 35.2565 1.93451 7.68595 0.41321 463
7 4 22 33.2667 -3 0 0 185
7 4 23 33.2667 -3 0 0 169
7 4 24 33.2378 1.29259 7.26398 0.331274 1035
7 4 25 33.2667 -3 0 0 182
7 4 26 32.787 1.11706 5.02027 0.575128 1331
7 4 27 33.2667 -3 0 0 75
7 4 28 33.2667 -3 0 0 112
7 4 29 29.2836 1.15514 5.50131 0.394205 327
7 4 30 33.2667 -3 0 0 63
7 4 31 33.2667 -3 0 0 168
7 4 32 33.2667 -3 0 0 190
7 4 33 33.2667 -3 0 0 72
7 4 34 33.9801 1.42707 5.68959 0.39423 818
7 4 35 33.2667 -3 0 0 144
7 4 36 33.2667 -3 0 0 53
7 4 37 30.9835 1.30227 5.62996 0.409992 217
7 4 38 33.2667 -3 0 0 162
7 4 39 35.8533 6.82464 17.6823 0.499962 249
7 4 40 33.2667 -3 0 0 110
7 4 41 33.2667 -3 0 0 184
7 4 42 33.2667 -3 0 0 116
7 4 43 35.078 1.24991 6.50317 0.399761 718
7 4 44 33.2667 -3 0 0 174
7 4 45 33.2667 -3 0 0 108
7 4 46 31.6516 1.20898 6.53652 0.383637 1025
7 4 47 33.2667 -3 0 0 99
7 4 48 33.2667 -3 0 0 78
7 4 49 33.3279 1.44494 5.94367 0.434289 423
7 4 50 33.161 2.9426 9.91083 0.388599 212
7 4 51 32.4615 1.53353 6.85647 0.280629 397
7 4 52 34.3395 1.61192 6.3626 0.467969 552
7 4 53 33.2667 -3 0 0 158
7 4 54 33.2667 -3 0 0 173
7 4 55 27 -2 0 0 449
7 4 56 32.58 3.40759 12.5672 0.370361 250
7 4 57 30.732 1.31587 6.12604 0.338202 360
7 4 58 34.0851 1.98026 7.92531 0.280421 258
7 4 59 32.1637 1.23687 6.05503 0.441458 795
7 4 60 33.2667 -3 0 0 158
7 4 61 31.7205 1.39888 6.92476 0.475556 613
7 4 62 33.7468 1.27855 7.49756 0.45169 656
7 4 63 30.6875 1.57864 6.68404 0.409148 401
7 5 0 32.3377 3.2633 9.56488 0.328192 248
7 5 1 32.9172 3.58409 9.96529 0.335902 235
7 5 2 35.925 3.81928 12.0419 0.394182 283
7 5 3 29.1474 2.35468 7.61818 0.311527 358
7 5 4 28.5976 -3 0 0 81
7 5 5 24 -2 0 0 302
7 5 6 29.9253 15.3943 19.9906 0.44744 271
7 5 7 30.6178 1.96236 6.72197 0.355596 369
7 5 8 26 -2 0 0 271
7 5 9 33.8314 4.46233 10.1891 0.361639 279
7 5 10 28.5663 2.01481 6.371 0.38747 289
7 5 11 24.7303 10.1693 10.539 0.369387 302
7 5 12 26.4665 1.02541 4.22504 0.389135 496
7 5 13 29.6084 1.36316 5.29438 0.353045 360
7 5 14 29.4676 1.75475 5.46645 0.308891 236
7 5 15 30.0715 1.92237 6.14965 0.348078 278
7 5 16 31.5631 3.8047 8.86943 0.490093 375
7 5 17 30.4306 2.57453 6.77488 0.340805 309
7 5 18 28.2842 1.34451 4.22946 0.412927 379
7 5 19 30.0092 1.31965 5.70182 0.416256 466
7 5 20 29.6676 2.26178 6.97832 0.353049 276
7 5 21 25 -2 0 0 313
7 5 22 22 -2 0 0 323
7 5 23 30.6774 1.96353 7.62894 0.382686 282
7 5 24 29.1065 1.22713 4.66517 0.339041 213
7 5 25 26.6669 1.02261 4.32784 0.427356 585
7 5 26 33.4446 3.77384 12.2443 0.368615 311
7 5 27 28.5976 -3 0 0 170
7 5 28 23.563 13.3653 11.7746 0.389707 336
7 5 29 29.4258 1.9506 5.7473 0.333041 261
7 5 30 24.9555 0.749063 2.49296 0.471953 268
7 5 31 27.7149 1.20471 5.31967 0.360871 633
7 5 32 25.9445 0.725779 3.88784 0.419573 639
7 5 33 26.43 1.00433 5.29965 0.34576 456
7 5 34 31.5966 3.65453 8.85269 0.502692 393
7 5 35 28.2844 1.12908 3.78803 0.378689 792
7 5 36 28.5976 -3 0 0 99
7 5 37 26.2512 0.967646 3.83411 0.438413 591
7 5 38 27.9824 0.933078 5.12032 0.40638 947
7 5 39 29.6307 1.32726 5.96912 0.449806 982
7 5 40 28.5976 -3 0 0 178
7 5 41 28.2988 1.10855 4.89371 0.330638 514
7 5 42 28.5976 -3 0 0 182
7 5 43 22.3327 6.95318 7.43242 0.308063 371
7 5 44 27.3196 1.10957 5.39859 0.425729 657
7 5 45 24.5262 0.818197 4.8239 0.472575 775
7 5 46 30.3484 2.24029 5.47662 0.260758 364
7 5 47 28.0538 1.01571 7.41587 0.272081 1237
7 5 48 25.1566 1.06076 4.96779 0.310887 261
7 5 49 30.835 4.45434 13.2867 0.366438 222
7 5 50 31.0469 1.77314 7.97406 0.515962 893
7 5 51 28.3406 1.26128 4.95779 0.432201 675
7 5 52 26.4184 1.65572 5.28494 0.178527 348
7 5 53 26.4737 1.14413 6.0847 0.337778 1034
7 5 54 29.992 1.9852 6.76524 0.423868 528
7 5 55 26.9751 1.06708 5.05153 0.251498 562
7 5 56 31.6668 3.16194 8.88426 0.505284 856
7 5 57 27.6833 1.13827 5.20437 0.342755 661
7 5 58 29.3764 2.00133 6.80937 0.321431 558
7 5 59 24.685 0.786818 3.28508 0.414207 365
7 5 60 24.9069 1.12696 4.69303 0.401348 933
7 5 61 27.6349 1.51282 5.15029 0.369457 458
7 5 62 28.6526 1.7024 5.53794 0.320618 483
7 5 63 29.0713 2.02689 6.54247 0.510133 475
7 6 0 34.4113 1.72256 7.20008 0.318798 780
7 6 1 33.8344 1.61305 6.15819 0.278322 570
7 6 2 29.1087 11.7006 14.7696 0.484661 460
7 6 3 33.8239 -3 0 0 197
7 6 4 38.9719 5.71578 15.556 0.392218 222
7 6 5 32.1397 2.61395 7.08124 0.406348 259
7 6 6 34.1361 2.00334 7.64405 0.242831 396
7 6 7 33.8239 -3 0 0 112
7 6 8 32.2433 2.78842 8.20083 0.313073 390
7 6 9 28.38 14.4896 10.5943 0.285648 239
7 6 10 33.8239 -3 0 0 153
7 6 11 33.8239 -3 0 0 102
7 6 12 34.0613 8.14592 20 0.43142 266
7 6 13 33.8239 -3 0 0 148
7 6 14 32.0601 1.52175 6.5337 0.300971 581
7 6 15 33.8239 -3 0 0 153
7 6 16 33.8239 -3 0 0 126
7 6 17 33.9647 1.69308 6.23381 0.29652 345
7 6 18 33.8239 -3 0 0 188
7 6 19 33.8239 -3 0 0 136
7 6 20 33.8239 -3 0 0 127
7 6 21 34.0146 2.79268 7.4325 0.376402 301
7 6 22 33.8239 -3 0 0 132
7 6 23 27 -2 0 0 249
7 6 24 31.7113 1.64469 6.38573 0.366637 390
7 6 25 33.8239 -3 0 0 124
7 6 26 32.2639 2.00223 7.40297 0.29582 443
7 6 27 33.8239 -3 0 0 115
7 6 28 33.8239 -3 0 0 111
7 6 29 33.8239 -3 0 0 93
7 6 30 33.8239 -3 0 0 154
7 6 31 33.8239 -3 0 0 110
7 6 32 33.8239 -3 0 0 99
7 6 33 33.8239 -3 0 0 123
7 6 34 35.8056 2.8825 9.76381 0.418266 351
7 6 35 33.8239 -3 0 0 109
7 6 36 33.8239 -3 0 0 126
7 6 37 27.6365 5.59382 13.4136 0.285313 203
7 6 38 33.8239 -3 0 0 54
7 6 39 33.8239 -3 0 0 107
7 6 40 33.8239 -3 0 0 132
7 6 41 33.8239 -3 0 0 106
7 6 42 33.8239 -3 0 0 134
7 6 43 33.8239 -3 0 0 130
7 6 44 33.8239 -3 0 0 78
7 6 45 33.8239 -3 0 0 111
7 6 46 28 -2 0 0 304
7 6 47 33.8239 -3 0 0 63
7 6 48 33.8239 -3 0 0 90
7 6 49 33.8239 -3 0 0 131
7 6 50 33.8239 -3 0 0 86
7 6 51 33.8239 -3 0 0 124
7 6 52 33.8239 -3 0 0 171
7 6 53 33.8239 -3 0 0 72
7 6 54 33.8239 -3 0 0 90
7 6 55 33.8239 -3 0 0 144
7 6 56 33.8239 -3 0 0 116
7 6 57 33.8239 -3 0 0 115
7 6 58 33.8239 -3 0 0 108
7 6 59 33.8239 -3 0 0 184
7 6 60 33.8239 -3 0 0 83
7 6 61 33.8239 -3 0 0 144
7 6 62 33.8239 -3 0 0 185
7 6 63 33.8239 -3 0 0 121
7 7 0 33.6819 -3 0 0 137
7 7 1 33.6819 -3 0 0 121
7 7 2 33.6819 -3 0 0 107
7 7 3 33.6819 -3 0 0 130
7 7 4 33.6819 -3 0 0 164
7 7 5 33.6819 -3 0 0 139
7 7 6 33.6819 -3 0 0 114
7 7 7 33.6819 -3 0 0 145
7 7 8 33.6819 -3 0 0 131
7 7 9 33.6819 -3 0 0 114
7 7 10 33.6819 -3 0 0 145
7 7 11 33.6819 -3 0 0 170
7 7 12 33.6819 -3 0 0 155
7 7 13 36.6056 4.31979 14.6584 0.421731 220
7 7 14 33.6819 -3 0 0 118
7 7 15 33.6819 -3 0 0 200
7 7 16 33.6819 -3 0 0 131
7 7 17 33.6819 -3 0 0 151
7 7 18 33.6819 -3 0 0 86
7 7 19 29.6849 6.43473 8.4096 0.273739 213
7 7 20 33.6819 -3 0 0 107
7 7 21 33.6819 -3 0 0 120
7 7 22 33.6819 -3 0 0 142
7 7 23 33.6819 -3 0 0 132
7 7 24 33.6819 -3 0 0 108
7 7 25 40.1668 5.46497 13.6051 0.654712 254
7 7 26 33.6819 -3 0 0 157
7 7 27 30.7645 27.1713 13.9 0.51169 247
7 7 28 31.836 1.97831 7.0784 0.335365 231
7 7 29 41 -2 0 0 204
7 7 30 33.6819 -3 0 0 69
7 7 31 28 -2 0 0 332
7 7 32 34.65 1.76741 6.90174 0.433556 328
7 7 33 36.284 2.73894 10.2481 0.5167 323
7 7 34 40.3869 4.54413 14.9662 0.352198 207
7 7 35 34.1446 1.80457 6.94759 0.474152 445
7 7 36 33.6819 -3 0 0 123
7 7 37 32.4611 1.47029 6.63681 0.342742 264
7 7 38 33.2808 1.19373 5.32504 0.495998 695
7 7 39 32.7814 1.25336 7.39418 0.378201 922
7 7 40 35.245 2.39317 8.69951 0.482099 329
7 7 41 36.3943 1.59511 7.47407 0.404002 424
7 7 42 33.6819 -3 0 0 155
7 7 43 33.6819 -3 0 0 149
7 7 44 40.7153 3.49698 11.8663 0.612505 617
7 7 45 32.8463 1.40045 6.514 0.390436 424
7 7 46 35.2148 2.25641 8.79914 0.35471 284
7 7 47 31.411 0.982701 5.65407 0.49086 1217
7 7 48 35.5559 1.53271 7.68894 0.258344 313
7 7 49 33.6819 -3 0 0 167
7 7 50 32.5687 1.57816 6.28723 0.537395 582
7 7 51 34.5313 1.63733 6.98058 0.353156 692
7 7 52 26 -2 0 0 310
7 7 53 32.0485 1.10938 5.72298 0.495109 993
7 7 54 32.3991 1.39546 7.51395 0.329435 518
7 7 55 32.6677 1.55415 7.29669 0.422121 448
7 7 56 31.2323 1.29307 6.88977 0.348544 961
7 7 57 35.3975 1.63435 7.57429 0.384556 778
7 7 58 30.1733 1.21383 6.13004 0.405124 587
7 7 59 37.2569 2.72703 10.2486 0.451225 295
7 7 60 30.6147 1.1429 5.79212 0.408706 945
7 7 61 31.6002 1.53475 7.31756 0.34079 624
7 7 62 34.362 1.82163 8.59318 0.442149 444
7 7 63 30.5349 1.67451 5.70959 0.574824 575
7 8 0 32.3175 -3 0 0 112
7 8 1 32.3175 -3 0 0 96
7 8 2 32.3175 -3 0 0 98
7 8 3 32.3175 -3 0 0 172
7 8 4 32.3175 -3 0 0 92
7 8 5 32.3175 -3 0 0 152
7 8 6 32.3175 -3 0 0 106
7 8 7 35.2823 15.1061 20 0.431099 236
7 8 8 32.3175 -3 0 0 120
7 8 9 32.3175 -3 0 0 160
7 8 10 32.3175 -3 0 0 6
7 8 11 32.3175 -3 0 0 167
7 8 12 32.3175 -3 0 0 147
7 8 13 35.5186 2.20411 8.4746 0.272727 224
7 8 14 32.3175 -3 0 0 115
7 8 15 34.7829 2.42472 9.67163 0.345561 223
7 8 16 38.5707 5.5561 16.4202 0.359269 203
7 8 17 32.3175 -3 0 0 158
7 8 18 32.3175 -3 0 0 65
7 8 19 36.2215 2.97793 10.5537 0.45705 283
7 8 20 32.3175 -3 0 0 71
7 8 21 32.3175 -3 0 0 147
7 8 22 32.3175 -3 0 0 155
7 8 23 32.3175 -3 0 0 44
7 8 24 32.3175 -3 0 0 114
7 8 25 32.2039 2.57602 8.98395 0.498222 357
7 8 26 32.3175 -3 0 0 139
7 8 27 32.3175 -3 0 0 189
7 8 28 32.227 2.95883 6.56801 0.440631 313
7 8 29 32.3175 -3 0 0 120
7 8 30 32.3175 -3 0 0 51
7 8 31 31.3029 1.74424 7.10084 0.419954 470
7 8 32 32.3175 -3 0 0 195
7 8 33 33.5593 1.75062 7.68203 0.254568 326
7 8 34 32.3175 -3 0 0 169
7 8 35 31.7174 1.26229 5.6585 0.327897 637
7 8 36 32.3175 -3 0 0 45
7 8 37 32.3175 -3 0 0 32
7 8 38 32.9529 1.50333 5.9635 0.297342 973
7 8 39 29.2605 1.10724 4.89937 0.316015 294
7 8 40 32.3175 -3 0 0 30
7 8 41 27.7709 1.97259 5.92983 0.372824 242
7 8 42 32.3175 -3 0 0 79
7 8 43 29.0658 19.2895 19.2706 0.370093 205
7 8 44 26 -2 0 0 692
7 8 45 32.3175 -3 0 0 123
7 8 46 32.3175 -3 0 0 160
7 8 47 34.4984 1.48972 6.8272 0.283367 1377
7 8 48 32.3175 -3 0 0 68
7 8 49 27.4017 9.93887 12.3129 0.343663 305
7 8 50 29.9298 1.53585 5.6814 0.272559 444
7 8 51 33.1677 2.03684 6.893 0.463829 402
7 8 52 32.3175 -3 0 0 57
7 8 53 32.1712 0.988047 6.01731 0.300924 946
7 8 54 32.3175 -3 0 0 155
7 8 55 30.2843 5.58113 11.4316 0.466231 356
7 8 56 33.1957 1.61143 6.65789 0.36729 689
7 8 57 30.6806 1.33164 6.62661 0.393422 497
7 8 58 32.3175 -3 0 0 82
7 8 59 32.3175 -3 0 0 128
7 8 60 30.4533 1.10026 5.30832 0.344604 598
7 8 61 33.3189 2.31981 7.27921 0.458501 400
7 8 62 26 -2 0 0 306
7 8 63 32.3175 -3 0 0 127
7 9 0 34.9846 2.07081 8.76806 0.295572 412
7 9 1 25 -2 0 0 325
7 9 2 38.4253 9.17739 20 0.367926 233
7 9 3 32.9067 -3 0 0 51
7 9 4 32.9067 -3 0 0 30
7 9 5 32.9067 -3 0 0 148
7 9 6 32.9067 -3 0 0 197
7 9 7 32.9067 -3 0 0 81
7 9 8 32.9067 -3 0 0 161
7 9 9 32.9067 -3 0 0 71
7 9 10 32.9067 -3 0 0 56
7 9 11 32.9067 -3 0 0 137
7 9 12 32.9067 -3 0 0 118
7 9 13 32.9067 -3 0 0 70
7 9 14 38.0859 5.30905 16.1633 0.361615 295
7 9 15 32.9067 -3 0 0 26
7 9 16 32.9067 -3 0 0 84
7 9 17 32.9067 -3 0 0 164
7 9 18 32.9067 -3 0 0 34
7 9 19 32.9067 -3 0 0 75
7 9 20 32.9067 -3 0 0 20
7 9 21 32.9067 -3 0 0 86
7 9 22 32.9067 -3 0 0 90
7 9 23 32.9067 -3 0 0 33
7 9 24 37.7958 3.63438 11.8772 0.313441 250
7 9 25 32.9067 -3 0 0 55
7 9 26 35 -2 0 0 267
7 9 27 32.9067 -3 0 0 34
7 9 28 32.9067 -3 0 0 45
7 9 29 32.9067 -3 0 0 147
7 9 30 32.9067 -3 0 0 45
7 9 31 32.9067 -3 0 0 51
7 9 32 32.9067 -3 0 0 70
7 9 33 32.9067 -3 0 0 21
7 9 34 32.9067 -3 0 0 121
7 9 35 32.9067 -3 0 0 56
7 9 36 32.9067 -3 0 0 22
7 9 37 32.9067 -3 0 0 22
7 9 38 32.9067 -3 0 0 48
7 9 39 32.9067 -3 0 0 71
7 9 40 32.9067 -3 0 0 12
7 9 41 32.9067 -3 0 0 64
7 9 42 32.9067 -3 0 0 39
7 9 43 32.9067 -3 0 0 59
7 9 44 32.9067 -3 0 0 45
7 9 45 32.9067 -3 0 0 26
7 9 46 32.9067 -3 0 0 186
7 9 47 32.9067 -3 0 0 38
7 9 48 32.9067 -3 0 0 69
7 9 49 32.9067 -3 0 0 87
7 9 50 32.9067 -3 0 0 65
7 9 51 32.9067 -3 0 0 92
7 9 52 32.9067 -3 0 0 122
7 9 53 32.9067 -3 0 0 45
7 9 54 32.9067 -3 0 0 59
7 9 55 32.9067 -3 0 0 114
7 9 56 32.9067 -3 0 0 62
7 9 57 32.9067 -3 0 0 68
7 9 58 32.9067 -3 0 0 74
7 9 59 32.9067 -3 0 0 139
7 9 60 32.9067 -3 0 0 39
7 9 61 32.9067 -3 0 0 109
7 9 62 32.9067 -3 0 0 120
7 9 63 32.9067 -3 0 0 80
7 10 0 31.6668 -3 0 0 156
7 10 1 31.6668 -3 0 0 196
7 10 2 34.0557 4.11613 12.1114 0.390204 241
7 10 3 29.077 1.08087 4.62561 0.503566 362
7 10 4 31.6668 -3 0 0 108
7 10 5 33.3413 2.36929 7.96513 0.354009 272
7 10 6 35.0509 2.15794 6.5632 0.316909 245
7 10 7 31.9466 1.13732 5.97976 0.469035 560
7 10 8 40 -2 0 0 217
7 10 9 31.7799 1.61526 6.56941 0.363687 351
7 10 10 26 -2 0 0 209
7 10 11 25 -2 0 0 254
7 10 12 32.9718 1.87628 7.32417 0.22812 270
7 10 13 31.6668 -3 0 0 192
7 10 14 31.6668 -3 0 0 189
7 10 15 34.2264 7.13283 17.3652 0.705966 316
7 10 16 31.8233 1.45776 6.11662 0.388695 548
7 10 17 31.0476 1.96614 7.26243 0.2952 244
7 10 18 24.6534 16.7536 10.7468 0.431357 303
7 10 19 30.1097 0.888279 4.88523 0.416939 938
7 10 20 31.6668 -3 0 0 68
7 10 21 35.5003 2.93928 8.99068 0.451465 265
7 10 22 29.5677 1.87352 7.0502 0.386205 241
7 10 23 31.6668 -3 0 0 72
7 10 24 30.2559 1.51792 5.10943 0.419828 220
7 10 25 28.2198 1.19907 3.47866 0.402075 713
7 10 26 32.512 11.4681 15.8918 0.437379 208
7 10 27 31.6668 -3 0 0 101
7 10 28 31.6668 -3 0 0 167
7 10 29 39.2305 5.24091 16.0019 0.457944 215
7 10 30 31.6668 -3 0 0 58
7 10 31 28.2126 0.69323 3.80994 0.417021 802
7 10 32 28.3633 1.9819 6.21161 0.753193 214
7 10 33 31.6668 -3 0 0 113
7 10 34 31.6668 -3 0 0 88
7 10 35 34.6917 1.27989 6.25751 0.609325 1578
7 10 36 31.6668 -3 0 0 75
7 10 37 31.6668 -3 0 0 49
7 10 38 32.8161 1.14553 6.70661 0.359759 1854
7 10 39 34.2398 1.39472 7.65268 0.415635 801
7 10 40 31.6668 -3 0 0 56
7 10 41 26.418 0.86772 4.63133 0.523012 440
7 10 42 29 -2 0 0 471
7 10 43 31.6668 -3 0 0 113
7 10 44 27.8473 0.77353 4.28231 0.38792 425
7 10 45 0 -10 0 0 0
7 10 46 31.6668 -3 0 0 141
7 10 47 34.4124 0.9648 7.65547 0.321391 2532
7 10 48 31.6668 -3 0 0 164
7 10 49 31.6668 -3 0 0 145
7 10 50 26.6656 0.602398 3.40829 0.329754 404
7 10 51 36.7776 3.63569 11.4881 0.421058 392
7 10 52 32.1481 1.90583 8.05095 0.405232 288
7 10 53 32.1133 1.03928 5.82741 0.443153 1437
7 10 54 28.4776 0.932715 4.3867 0.576033 296
7 10 55 30.5535 1.31649 5.42755 0.336979 320
7 10 56 31.0796 1.11425 6.03867 0.494476 647
7 10 57 29.8041 2.79213 6.38796 0.257062 508
7 10 58 32.0035 1.35721 6.09935 0.520397 451
7 10 59 31.6668 -3 0 0 99
7 10 60 29.336 0.82775 5.00374 0.418288 1347
7 10 61 30.5099 1.65042 5.72579 0.399311 389
7 10 62 31.6668 -3 0 0 174
7 10 63 26 -2 0 0 409
7 11 0 33.3702 2.30074 4.53114 0.308349 910
7 11 1 29 -2 0 0 320
7 11 2 32.4694 1.69911 6.79761 0.332127 443
7 11 3 32.1321 -3 0 0 171
7 11 4 32.1321 -3 0 0 51
7 11 5 32.1321 -3 0 0 163
7 11 6 34.3203 2.28506 8.51087 0.41941 341
7 11 7 32.1321 -3 0 0 117
7 11 8 32.1321 -3 0 0 143
7 11 9 38.7396 3.5382 10.1857 0.358491 216
7 11 10 32.1321 -3 0 0 167
7 11 11 32.1321 -3 0 0 76
7 11 12 32.1321 -3 0 0 146
7 11 13 32.1321 -3 0 0 71
7 11 14 31.6495 1.38899 4.4183 0.350858 290
7 11 15 32.1321 -3 0 0 60
7 11 16 32.1321 -3 0 0 124
7 11 17 32.1321 -3 0 0 132
7 11 18 32.1321 -3 0 0 62
7 11 19 32.1321 -3 0 0 153
7 11 20 32.1321 -3 0 0 15
7 11 21 35.2677 2.70959 9.06086 0.308794 246
7 11 22 32.1321 -3 0 0 160
7 11 23 35.9042 3.16221 9.88988 0.446915 308
7 11 24 31.1636 2.43854 5.49891 0.576224 552
7 11 25 32.1321 -3 0 0 112
7 11 26 30.7365 1.87851 5.30281 0.520047 253
7 11 27 32.1321 -3 0 0 91
7 11 28 32.1321 -3 0 0 73
7 11 29 33.4695 2.71029 6.04633 0.48088 448
7 11 30 32.1321 -3 0 0 49
7 11 31 32.1321 -3 0 0 121
7 11 32 32.1321 -3 0 0 118
7 11 33 32.1321 -3 0 0 146
7 11 34 34.3269 1.46697 5.66492 0.507114 627
7 11 35 32.1321 -3 0 0 119
7 11 36 32.1321 -3 0 0 22
7 11 37 32.1321 -3 0 0 79
7 11 38 32.1321 -3 0 0 104
7 11 39 32.1321 -3 0 0 65
7 11 40 32.1321 -3 0 0 29
7 11 41 32.1321 -3 0 0 45
7 11 42 32.1321 -3 0 0 51
7 11 43 31.9637 1.45652 6.16561 0.350021 389
7 11 44 32.1321 -3 0 0 73
7 11 45 32.1321 -3 0 0 129
7 11 46 30.3536 1.14549 4.96448 0.370871 571
7 11 47 32.1321 -3 0 0 77
7 11 48 32.1321 -3 0 0 190
7 11 49 32.1321 -3 0 0 189
7 11 50 32.1321 -3 0 0 54
7 11 51 36.5538 2.77003 9.38684 0.468179 351
7 11 52 31.6529 2.12455 6.38453 0.462374 329
7 11 53 32.1321 -3 0 0 49
7 11 54 32.1321 -3 0 0 41
7 11 55 25 -2 0 0 274
7 11 56 32.1321 -3 0 0 182
7 11 57 33.3649 3.3566 10.6079 0.389064 244
7 11 58 30.1696 10.7679 16.3055 0.340728 220
7 11 59 29.4209 2.0948 7.6113 0.365602 471
7 11 60 32.1321 -3 0 0 148
7 11 61 30.0933 2.05932 5.38971 0.365737 380
7 11 62 33.6087 2.39488 7.63781 0.332407 450
7 11 63 24 -2 0 0 223
7 12 0 22 -2 0 0 382
7 12 1 32.5742 2.59966 9.99256 0.408343 271
7 12 2 29.1303 -3 0 0 178
7 12 3 28.0962 1.18447 5.50318 0.418973 661
7 12 4 29.1303 -3 0 0 155
7 12 5 25.8907 1.44522 4.42386 0.486003 421
7 12 6 26.9782 0.904129 4.4156 0.511236 546
7 12 7 29.5174 0.991685 6.31605 0.536803 1528
7 12 8 29.4055 1.99677 6.75159 0.374711 395
7 12 9 29.8398 1.58588 6.74054 0.552757 941
7 12 10 29.8291 1.03457 5.78014 0.477406 1174
7 12 11 24 -2 0 0 395
7 12 12 26.6265 1.2765 4.00512 0.631776 500
7 12 13 28.8532 1.02759 5.68916 0.430855 699
7 12 14 25 -2 0 0 284
7 12 15 28.8744 2.17958 7.02326 0.496269 599
7 12 16 29.5257 0.875551 6.09685 0.481202 1912
7 12 17 26 -2 0 0 301
7 12 18 27.5038 1.44972 6.80689 0.510157 341
7 12 19 26.8183 0.841246 5.00112 0.445478 1287
7 12 20 29.5616 4.6262 11.1286 0.459127 208
7 12 21 27.3734 0.774813 4.44329 0.479051 788
7 12 22 25.607 0.673762 4.62448 0.35673 1154
7 12 23 29.1303 -3 0 0 99
7 12 24 28.5217 1.53258 5.29372 0.339505 388
7 12 25 27.6102 0.821949 4.35223 0.553647 951
7 12 26 29.1303 -3 0 0 110
7 12 27 28.1336 4.6709 11.0475 0.642971 229
7 12 28 26.5175 0.893602 3.6515 0.318627 662
7 12 29 29.1303 -3 0 0 131
7 12 30 29.1303 -3 0 0 83
7 12 31 27.9918 1.60824 5.33699 0.682609 786
7 12 32 29.2495 1.50945 6.57041 0.361978 553
7 12 33 32 -2 0 0 328
7 12 34 29.1303 -3 0 0 100
7 12 35 27.5264 1.01133 4.65933 0.584837 747
7 12 36 29.1303 -3 0 0 123
7 12 37 26 -2 0 0 247
7 12 38 29.1216 1.58546 6.49076 0.387242 531
7 12 39 27.0602 1.29719 4.6354 0.448057 257
7 12 40 29.1303 -3 0 0 114
7 12 41 26.6105 1.07248 4.91686 0.300148 541
7 12 42 27.5845 1.97391 4.71632 0.418084 277
7 12 43 28 -2 0 0 242
7 12 44 28.4073 1.49397 5.64392 0.445587 428
7 12 45 26 -2 0 0 352
7 12 46 26.7545 20.8947 17.3822 0.478376 211
7 12 47 28.9081 1.42159 5.62248 0.435491 586
7 12 48 33.0337 3.7359 10.9707 0.551376 309
7 12 49 24.1053 16.1431 20 0.468586 221
7 12 50 29.2045 1.86337 5.38575 0.376193 287
7 12 51 29.1303 -3 0 0 183
7 12 52 22 -2 0 0 205
7 12 53 28.0876 2.13104 5.59266 0.577559 347
7 12 54 32.5551 2.77362 8.51542 0.364029 218
7 12 55 29.1303 -3 0 0 156
7 12 56 33.1215 3.34329 10.3786 0.397813 213
7 12 57 29.1303 -3 0 0 170
7 12 58 29.1303 -3 0 0 188
7 12 59 29.1303 -3 0 0 183
7 12 60 23 -2 0 0 309
7 12 61 29.1303 -3 0 0 157
7 12 62 29.1303 -3 0 0 170
7 12 63 29.1303 -3 0 0 195
7 13 0 34.2028 1.85108 7.82162 0.316416 378
7 13 1 34.3338 2.48037 7.53142 0.35958 240
7 13 2 35.4697 -3 0 0 198
7 13 3 35.4697 -3 0 0 147
7 13 4 35.4697 -3 0 0 108
7 13 5 35.4697 -3 0 0 163
7 13 6 35.4697 -3 0 0 140
7 13 7 35.4697 -3 0 0 86
7 13 8 41 -2 0 0 213
7 13 9 35.4697 -3 0 0 144
7 13 10 35.4697 -3 0 0 97
7 13 11 35.4697 -3 0 0 114
7 13 12 35.4697 -3 0 0 133
7 13 13 35.4697 -3 0 0 105
7 13 14 26 -2 0 0 387
7 13 15 35.4697 -3 0 0 140
7 13 16 35.4697 -3 0 0 82
7 13 17 36.0382 3.57888 8.0315 0.489814 308
7 13 18 35.4697 -3 0 0 55
7 13 19 35.4697 -3 0 0 78
7 13 20 35.4697 -3 0 0 52
7 13 21 35.4697 -3 0 0 141
7 13 22 35.4697 -3 0 0 92
7 13 23 51 -2 0 0 253
7 13 24 33.4938 4.45223 8.87342 0.312636 287
7 13 25 35.4697 -3 0 0 89
7 13 26 31 -2 0 0 435
7 13 27 35.4697 -3 0 0 115
7 13 28 35.4697 -3 0 0 89
7 13 29 34.6736 2.35712 8.39644 0.399144 242
7 13 30 35.4697 -3 0 0 39
7 13 31 35.4697 -3 0 0 85
7 13 32 35.4697 -3 0 0 85
7 13 33 35.4697 -3 0 0 103
7 13 34 36.0117 2.04791 9.0279 0.454193 541
7 13 35 35.4697 -3 0 0 111
7 13 36 35.4697 -3 0 0 50
7 13 37 35.4697 -3 0 0 95
7 13 38 35.4697 -3 0 0 72
7 13 39 31.7493 17.9765 20 0.463087 239
7 13 40 35.4697 -3 0 0 52
7 13 41 35.4697 -3 0 0 117
7 13 42 35.7951 1.74055 5.65792 0.451941 241
7 13 43 35.4697 -3 0 0 163
7 13 44 35.4697 -3 0 0 139
7 13 45 35.4697 -3 0 0 127
7 13 46 36.2355 1.45102 6.02994 0.301928 550
7 13 47 35.4697 -3 0 0 121
7 13 48 35.4697 -3 0 0 175
7 13 49 39.6182 4.49379 14.1445 0.44033 268
7 13 50 35.4697 -3 0 0 164
7 13 51 32.4174 1.39736 5.22088 0.469893 440
7 13 52 33.6627 1.84194 6.49188 0.346359 415
7 13 53 35.4697 -3 0 0 142
7 13 54 35.4697 -3 0 0 182
7 13 55 34.5984 2.9112 9.07435 0.319572 438
7 13 56 37.4956 3.22762 9.91316 0.404682 285
7 13 57 34.0358 2.99144 9.03939 0.307466 239
7 13 58 32.8667 1.66826 5.80165 0.323527 220
7 13 59 33.8783 2.90885 9.48586 0.572783 362
7 13 60 35.4697 -3 0 0 192
7 13 61 33.272 1.15549 6.24063 0.266469 719
7 13 62 32.5074 1.36223 5.23878 0.644586 637
7 13 63 36.1279 1.96599 9.10165 0.256271 287
7 14 0 30.4328 1.55881 6.23341 0.420293 358
7 14 1 31.415 4.94699 8.83033 0.612157 413
7 14 2 32.0695 2.06828 6.48818 0.413092 464
7 14 3 29.6286 1.23517 5.83174 0.256257 473
7 14 4 32.4764 10.0927 20 0.626933 290
7 14 5 33.5294 2.56774 9.93254 0.522984 416
7 14 6 30.1381 1.34193 5.59596 0.608155 565
7 14 7 31.0225 1.24907 5.49921 0.324758 822
7 14 8 34.1249 3.4822 10.0521 0.525659 372
7 14 9 28.563 1.03958 5.20092 0.459786 858
7 14 10 34.4732 2.15251 8.83522 0.473381 963
7 14 11 32.7264 2.55962 8.91432 0.389827 286
7 14 12 29.6252 1.27372 5.5203 0.399631 468
7 14 13 30.9142 1.70872 6.76445 0.393265 420
7 14 14 25.6469 13.5157 20 0.478945 246
7 14 15 30.759 1.27313 6.41216 0.373723 409
7 14 16 30.398 1.34952 5.82482 0.393783 1390
7 14 17 35.2125 5.79765 15.7407 0.340597 204
7 14 18 33.6086 3.52666 11.5953 0.644051 329
7 14 19 31.8075 1.47883 6.39951 0.431093 565
7 14 20 30.9155 -3 0 0 119
7 14 21 30.3883 1.42399 5.92552 0.334678 695
7 14 22 31.3558 2.3315 6.49307 0.527095 568
7 14 23 31.6588 14.2133 20 0.517464 214
7 14 24 30.5837 1.91889 6.04451 0.410836 267
7 14 25 31.448 1.78544 6.72772 0.455903 441
7 14 26 30.9155 -3 0 0 176
7 14 27 28 -2 0 0 257
7 14 28 35.9088 2.46792 10.2006 0.392448 349
7 14 29 30.9155 -3 0 0 188
7 14 30 30.9155 -3 0 0 135
7 14 31 31.8348 3.4357 12.2084 0.488256 337
7 14 32 23 -2 0 0 264
7 14 33 31.7169 2.26052 8.25684 0.397315 212
7 14 34 30.9155 -3 0 0 191
7 14 35 31 -2 0 0 279
7 14 36 30.9155 -3 0 0 94
7 14 37 30.9155 -3 0 0 147
7 14 38 28.066 3.08262 8.0469 0.306264 233
7 14 39 30.9155 -3 0 0 145
7 14 40 24 -2 0 0 206
7 14 41 30.9155 -3 0 0 187
7 14 42 30.9155 -3 0 0 167
7 14 43 30.9155 -3 0 0 154
7 14 44 30.9155 -3 0 0 174
7 14 45 30.9155 -3 0 0 154
7 14 46 30.9155 -3 0 0 123
7 14 47 30.9155 -3 0 0 186
7 14 48 30.9155 -3 0 0 164
7 14 49 30.9155 -3 0 0 133
7 14 50 30.9155 -3 0 0 168
7 14 51 30.9155 -3 0 0 89
7 14 52 30.9155 -3 0 0 117
7 14 53 30.9155 -3 0 0 148
7 14 54 30.9155 -3 0 0 148
7 14 55 30.9155 -3 0 0 110
7 14 56 30.9155 -3 0 0 111
7 14 57 30.9155 -3 0 0 81
7 14 58 30.9155 -3 0 0 99
7 14 59 30.9155 -3 0 0 96
7 14 60 30.9155 -3 0 0 133
7 14 61 30.9155 -3 0 0 102
7 14 62 30.9155 -3 0 0 82
7 14 63 30.9155 -3 0 0 105
7 15 0 31.4947 -3 0 0 116
7 15 1 31.4947 -3 0 0 97
7 15 2 31.4947 -3 0 0 81
7 15 3 31.4947 -3 0 0 77
7 15 4 31.4947 -3 0 0 36
7 15 5 31.4947 -3 0 0 66
7 15 6 31.4947 -3 0 0 74
7 15 7 31.4947 -3 0 0 49
7 15 8 31.4947 -3 0 0 98
7 15 9 31.4947 -3 0 0 54
7 15 10 31.4947 -3 0 0 67
7 15 11 31.4947 -3 0 0 82
7 15 12 31.4947 -3 0 0 62
7 15 13 31.4947 -3 0 0 58
7 15 14 31.4947 -3 0 0 124
7 15 15 31.4947 -3 0 0 78
7 15 16 31.4947 -3 0 0 41
7 15 17 31.4947 -3 0 0 116
7 15 18 31.4947 -3 0 0 41
7 15 19 31.4947 -3 0 0 62
7 15 20 31.4947 -3 0 0 24
7 15 21 31.4947 -3 0 0 55
7 15 22 31.4947 -3 0 0 45
7 15 23 31.4947 -3 0 0 33
7 15 24 31.4947 -3 0 0 112
7 15 25 31.4947 -3 0 0 66
7 15 26 31.4947 -3 0 0 140
7 15 27 31.4947 -3 0 0 36
7 15 28 31.4947 -3 0 0 61
7 15 29 31.4947 -3 0 0 131
7 15 30 31.4947 -3 0 0 13
7 15 31 31.4947 -3 0 0 85
7 15 32 31.4947 -3 0 0 90
7 15 33 31.4947 -3 0 0 36
7 15 34 31.4947 -3 0 0 172
7 15 35 31.4947 -3 0 0 65
7 15 36 31.4947 -3 0 0 24
7 15 37 31.4947 -3 0 0 127
7 15 38 31.4947 -3 0 0 106
7 15 39 31.4947 -3 0 0 157
7 15 40 31.4947 -3 0 0 134
7 15 41 31.4947 -3 0 0 88
7 15 42 31.4947 -3 0 0 49
7 15 43 31.4947 -3 0 0 181
7 15 44 31.4947 -3 0 0 89
7 15 45 31.4947 -3 0 0 67
7 15 46 24 -2 0 0 212
7 15 47 31.4947 -3 0 0 105
7 15 48 31.4947 -3 0 0 29
7 15 49 31.4947 -3 0 0 150
7 15 50 31.4947 -3 0 0 116
7 15 51 27 -2 0 0 300
7 15 52 31.4947 -3 0 0 172
7 15 53 31.4947 -3 0 0 111
7 15 54 31.4947 -3 0 0 110
7 15 55 27 -2 0 0 215
7 15 56 31.4947 -3 0 0 119
7 15 57 30.0161 2.50498 8.37253 0.261843 216
7 15 58 31.4947 -3 0 0 179
7 15 59 33.4448 3.34181 10.5972 0.280931 231
7 15 60 31.4947 -3 0 0 154
7 15 61 31.8996 2.09374 6.63138 0.359612 406
7 15 62 28.9132 2.12161 6.94439 0.304878 275
7 15 63 31.4947 -3 0 0 186
8 0 0 35.3846 -3 0 0 146
8 0 1 35.3846 -3 0 0 116
8 0 2 35.3846 -3 0 0 126
8 0 3 35.3846 -3 0 0 54
8 0 4 35.3846 -3 0 0 126
8 0 5 35.3846 -3 0 0 119
8 0 6 35.3846 -3 0 0 101
8 0 7 35.3846 -3 0 0 89
8 0 8 35.3846 -3 0 0 123
8 0 9 35.3846 -3 0 0 82
8 0 10 35.3846 -3 0 0 45
8 0 11 35.3846 -3 0 0 146
8 0 12 35.3846 -3 0 0 84
8 0 13 35.3846 -3 0 0 103
8 0 14 35.3846 -3 0 0 168
8 0 15 35.3846 -3 0 0 99
8 0 16 35.3846 -3 0 0 55
8 0 17 35.3846 -3 0 0 180
8 0 18 35.3846 -3 0 0 103
8 0 19 35.3846 -3 0 0 102
8 0 20 35.3846 -3 0 0 147
8 0 21 35.3846 -3 0 0 82
8 0 22 35.3846 -3 0 0 61
8 0 23 35.3846 -3 0 0 175
8 0 24 35.3846 -3 0 0 137
8 0 25 35.3846 -3 0 0 112
8 0 26 40.9576 4.08787 13.4885 0.376959 209
8 0 27 35.3846 -3 0 0 95
8 0 28 35.3846 -3 0 0 103
8 0 29 35.3846 -3 0 0 191
8 0 30 35.3846 -3 0 0 122
8 0 31 35.3846 -3 0 0 123
8 0 32 35.3846 -3 0 0 107
8 0 33 35.3846 -3 0 0 133
8 0 34 40.7903 4.82797 12.3089 0.390932 272
8 0 35 35.3846 -3 0 0 149
8 0 36 35.3846 -3 0 0 140
8 0 37 33.0654 14.2366 17.0723 0.341182 210
8 0 38 35.3846 -3 0 0 146
8 0 39 27.0461 27.6671 18.8576 0.420451 277
8 0 40 35.3846 -3 0 0 166
8 0 41 35.3846 -3 0 0 148
8 0 42 38.2991 4.35492 13.3113 0.349254 216
8 0 43 39.3231 3.6632 12.5 0.339191 225
8 0 44 35.3846 -3 0 0 154
8 0 45 35.3846 -3 0 0 143
8 0 46 37.4289 3.28569 9.62772 0.376017 303
8 0 47 35.3846 -3 0 0 185
8 0 48 35.3846 -3 0 0 196
8 0 49 33.6919 14.2018 17.603 0.454491 246
8 0 50 35.3846 -3 0 0 156
8 0 51 35.333 1.5151 7.19169 0.271452 571
8 0 52 34.1179 1.59832 6.43499 0.307354 340
8 0 53 35.336 3.11491 9.30258 0.398949 233
8 0 54 31.7727 4.76809 10.749 0.272838 225
8 0 55 28 -2 0 0 380
8 0 56 34.7796 1.94439 6.9465 0.265515 401
8 0 57 26 -2 0 0 422
8 0 58 27.9331 7.9639 8.23148 0.287424 271
8 0 59 30 -2 0 0 429
8 0 60 32.5461 12.1628 16.8184 0.418877 240
8 0 61 32.1356 2.0369 6.93319 0.384412 724
8 0 62 33.0925 1.8248 7.19145 0.495853 534
8 0 63 37.9448 3.93939 14.4904 0.459549 307
8 1 0 29.83 1.13639 5.24884 0.469472 610
8 1 1 30.4916 1.5204 7.16947 0.243574 693
8 1 2 32.3888 1.50235 6.82361 0.336123 790
8 1 3 28.2099 1.16072 5.76685 0.469428 628
8 1 4 34.6284 2.81603 10.2728 0.580963 376
8 1 5 26 -2 0 0 525
8 1 6 32.4943 1.43065 6.57297 0.421856 881
8 1 7 29.811 1.07725 5.76896 0.424094 625
8 1 8 32.7955 1.8512 7.99717 0.473999 443
8 1 9 27.4076 1.02201 4.8857 0.432125 509
8 1 10 32.0402 1.15791 6.52927 0.296321 861
8 1 11 34.0466 3.49497 12.8304 0.495555 304
8 1 12 29.8974 1.22869 5.03044 0.560502 557
8 1 13 30.5895 1.49005 7.21141 0.392262 392
8 1 14 30.1994 1.30565 5.96519 0.418285 440
8 1 15 30.88 3.41613 8.80456 0.494824 282
8 1 16 29.7419 1.22113 5.76752 0.389646 952
8 1 17 29.0786 2.32099 7.90709 0.43343 319
8 1 18 30.6818 1.84989 7.64798 0.430598 257
8 1 19 28.7701 1.49875 6.38805 0.433017 491
8 1 20 31.475 -3 0 0 188
8 1 21 29.9434 1.17105 7.0198 0.280262 701
8 1 22 30.8054 1.22936 5.33076 0.474481 511
8 1 23 28 -2 0 0 225
8 1 24 33.8104 2.65638 7.80852 0.564692 401
8 1 25 31.1324 1.75049 5.72366 0.511153 364
8 1 26 28.763 1.45226 5.73742 0.43121 347
8 1 27 35.0434 3.82996 12.1642 0.526969 242
8 1 28 27 -2 0 0 260
8 1 29 24 -2 0 0 233
8 1 30 31.475 -3 0 0 197
8 1 31 30.9485 14.6378 20 0.50422 238
8 1 32 35.715 2.86896 11.2019 0.406944 205
8 1 33 31.475 -3 0 0 189
8 1 34 28.038 2.17182 5.84612 0.584662 281
8 1 35 23.0876 19.3675 20 0.475876 224
8 1 36 31.475 -3 0 0 143
8 1 37 31.475 -3 0 0 192
8 1 38 31.475 -3 0 0 166
8 1 39 31.475 -3 0 0 150
8 1 40 30.4915 5.64291 11.8804 0.254153 205
8 1 41 31.475 -3 0 0 190
8 1 42 31.475 -3 0 0 190
8 1 43 31.475 -3 0 0 175
8 1 44 31.475 -3 0 0 137
8 1 45 31.475 -3 0 0 140
8 1 46 35.5063 4.14365 11.0021 0.430384 214
8 1 47 31.475 -3 0 0 128
8 1 48 31.475 -3 0 0 183
8 1 49 31.475 -3 0 0 185
8 1 50 31.475 -3 0 0 141
8 1 51 31.475 -3 0 0 111
8 1 52 31.475 -3 0 0 142
8 1 53 31.475 -3 0 0 116
8 1 54 31.475 -3 0 0 148
8 1 55 31.475 -3 0 0 94
8 1 56 31.475 -3 0 0 107
8 1 57 31.475 -3 0 0 117
8 1 58 31.475 -3 0 0 140
8 1 59 31.475 -3 0 0 195
8 1 60 31.475 -3 0 0 103
8 1 61 31.475 -3 0 0 123
8 1 62 31.475 -3 0 0 153
8 1 63 31.475 -3 0 0 122
8 2 0 31.8757 1.27615 6.16014 0.477379 539
8 2 1 32.8025 1.2919 6.8509 0.262153 436
8 2 2 36.2009 2.20874 7.56787 0.46312 328
8 2 3 33.4686 -3 0 0 197
8 2 4 30.2311 1.20827 4.26704 0.465744 275
8 2 5 26 -2 0 0 220
8 2 6 28 -2 0 0 253
8 2 7 33.4686 -3 0 0 118
8 2 8 33.3471 1.86382 5.57659 0.479711 361
8 2 9 33.4686 -3 0 0 163
8 2 10 33.4686 -3 0 0 123
8 2 11 33.3856 1.6044 7.77366 0.278508 359
8 2 12 37.8324 8.58239 18.7101 0.524756 230
8 2 13 33.4686 -3 0 0 149
8 2 14 31.9663 1.29682 5.87492 0.539503 551
8 2 15 38.4909 5.64788 16.7331 0.485154 215
8 2 16 33.4686 -3 0 0 149
8 2 17 32.4698 1.30696 7.45975 0.366636 484
8 2 18 33.4686 -3 0 0 195
8 2 19 33.4686 -3 0 0 140
8 2 20 31.1917 1.5019 5.61344 0.451525 310
8 2 21 34 -2 0 0 218
8 2 22 33.4686 -3 0 0 131
8 2 23 34.9346 2.67405 10.2791 0.422353 331
8 2 24 27 -2 0 0 341
8 2 25 33.4686 -3 0 0 145
8 2 26 32.9791 1.38651 5.97587 0.424635 733
8 2 27 33.4686 -3 0 0 197
8 2 28 33.4686 -3 0 0 166
8 2 29 31.9306 1.59591 6.44773 0.547159 472
8 2 30 34.8805 4.14767 14.0669 0.527904 227
8 2 31 33.4686 -3 0 0 149
8 2 32 33.4686 -3 0 0 194
8 2 33 33.4117 2.45934 9.18452 0.387247 209
8 2 34 32.1816 1.22884 6.42177 0.574389 768
8 2 35 33.4686 -3 0 0 165
8 2 36 31.4344 2.27464 7.50152 0.478516 293
8 2 37 32.8124 1.38451 5.5196 0.636573 428
8 2 38 33.4686 -3 0 0 181
8 2 39 34.0956 3.087 7.10813 0.477213 384
8 2 40 32.5282 2.27573 8.6205 0.465155 373
8 2 41 33.4686 -3 0 0 199
8 2 42 32.8475 1.54486 7.12243 0.53321 393
8 2 43 32.8972 1.44472 5.88228 0.573175 580
8 2 44 31.8225 2.2904 7.18023 0.443273 213
8 2 45 34.3414 2.21851 7.84417 0.396692 244
8 2 46 31.8461 1.01611 5.3768 0.464733 883
8 2 47 33.4686 -3 0 0 189
8 2 48 28.5927 5.1852 8.22064 0.352951 318
8 2 49 29.6574 1.22231 5.67899 0.32966 546
8 2 50 33.1633 2.69206 7.58564 0.47964 291
8 2 51 33.9713 1.25841 6.49902 0.352616 926
8 2 52 31.6572 1.23342 6.13782 0.32644 684
8 2 53 29 -2 0 0 257
8 2 54 34.636 3.06538 12.6383 0.432161 345
8 2 55 31.2424 1.18815 5.21946 0.281363 748
8 2 56 35.6611 1.86727 7.86238 0.455596 529
8 2 57 33.743 1.54068 7.60396 0.349915 772
8 2 58 31.4 1.4774 6.82686 0.416648 451
8 2 59 33.9107 1.6977 7.35255 0.370058 1133
8 2 60 26.6777 3.48543 11.4662 0.471163 364
8 2 61 31.4724 1.04925 5.86255 0.424603 1649
8 2 62 30.3368 1.04453 5.63401 0.417923 1326
8 2 63 29.5492 1.33665 7.21666 0.468428 566
8 3 0 35.6459 1.40659 6.53495 0.417583 523
8 3 1 37.8021 1.50322 5.97149 0.536547 510
8 3 2 31.4223 1.35092 4.75854 0.582404 554
8 3 3 25.773 1.42552 7.89328 0.5775 728
8 3 4 28.3502 5.22447 15.8383 0.562774 550
8 3 5 33.7948 2.03639 7.71763 0.365826 430
8 3 6 31.14 1.04846 5.80773 0.387907 783
8 3 7 32.1021 0.979678 5.91872 0.427265 644
8 3 8 30.8013 1.13781 4.89099 0.409117 332
8 3 9 29.7744 0.868653 5.31054 0.439971 794
8 3 10 30.347 0.987571 5.44576 0.497893 1043
8 3 11 30.0015 1.3528 3.75562 0.72861 324
8 3 12 33.0667 1.68695 6.16993 0.495096 473
8 3 13 29.9281 1.05215 5.72976 0.408619 477
8 3 14 26 -2 0 0 409
8 3 15 31.741 1.18146 5.45943 0.365121 421
8 3 16 33.8204 1.10112 8.41279 0.390302 1123
8 3 17 29.8583 1.30539 4.77448 0.433038 275
8 3 18 30.3043 1.57797 4.77022 0.615596 343
8 3 19 30.6346 0.907818 4.83489 0.340836 671
8 3 20 35.0504 9.36371 20 0.424853 236
8 3 21 31.7164 1.02785 6.46842 0.409597 836
8 3 22 32.2646 0.976648 5.60586 0.375506 637
8 3 23 28 -2 0 0 265
8 3 24 30.9745 1.13795 5.27405 0.351054 348
8 3 25 31.9946 1.14152 6.05474 0.315595 474
8 3 26 36.3606 3.12864 10.36 0.435895 293
8 3 27 30.5105 1.0244 5.65423 0.371388 394
8 3 28 27.1205 0.867031 4.56488 0.465692 643
8 3 29 32.3711 2.70071 8.47083 0.313092 232
8 3 30 32.5502 -3 0 0 190
8 3 31 33.3145 1.41264 6.33263 0.329932 463
8 3 32 37.1116 2.30202 9.74495 0.410701 351
8 3 33 29.3585 1.19328 3.67816 0.559833 315
8 3 34 28.9194 0.942881 4.7248 0.344923 395
8 3 35 33.4445 1.83223 6.29117 0.342684 474
8 3 36 26.8153 1.318 7.52667 0.425036 363
8 3 37 30.5651 2.03511 5.39892 0.444626 213
8 3 38 26 -2 0 0 337
8 3 39 29 -2 0 0 217
8 3 40 28.2522 0.828464 3.19475 0.642121 328
8 3 41 32.5502 -3 0 0 200
8 3 42 32.5502 -3 0 0 165
8 3 43 34.1221 2.82774 11.3896 0.513061 282
8 3 44 33.945 2.12258 7.70807 0.317338 275
8 3 45 32.2297 6.27447 13.486 0.484876 252
8 3 46 30.9192 1.72676 6.13133 0.384767 303
8 3 47 31.8298 1.61969 6.06294 0.30679 273
8 3 48 29 -2 0 0 323
8 3 49 32.5502 -3 0 0 178
8 3 50 33.5806 1.96324 7.56887 0.275672 228
8 3 51 32.5502 -3 0 0 193
8 3 52 29 -2 0 0 213
8 3 53 24 -2 0 0 235
8 3 54 32.5502 -3 0 0 123
8 3 55 32.8399 2.07816 6.72083 0.25527 240
8 3 56 32.5502 -3 0 0 174
8 3 57 32.5502 -3 0 0 188
8 3 58 32.2416 2.49489 7.42327 0.426627 236
8 3 59 33.4534 2.34188 7.87738 0.390091 235
8 3 60 32.5502 -3 0 0 199
8 3 61 32.5502 -3 0 0 199
8 3 62 27 -2 0 0 214
8 3 63 32.5502 -3 0 0 159
8 4 0 36.0963 1.42006 6.68065 0.326235 1587
8 4 1 33.6798 0.987214 5.59375 0.311498 1017
8 4 2 35.9264 1.71223 7.72232 0.59373 662
8 4 3 35.4064 11.5465 19.2774 0.436903 238
8 4 4 31.8271 1.33146 5.8776 0.511692 378
8 4 5 31.733 1.89265 7.47265 0.57258 405
8 4 6 33.1424 1.30055 5.84106 0.570608 566
8 4 7 34.8766 -3 0 0 164
8 4 8 31.3846 0.983964 5.43906 0.501866 552
8 4 9 33.7105 1.48903 6.9826 0.428856 324
8 4 10 34.7712 1.74692 7.14878 0.326922 224
8 4 11 32.8001 1.13132 5.43473 0.483704 463
8 4 12 33.2341 1.5059 5.7305 0.375481 327
8 4 13 34.8766 -3 0 0 167
8 4 14 33.8189 1.05386 5.15267 0.503496 1193
8 4 15 34.539 1.98396 8.18512 0.333373 247
8 4 16 34.8766 -3 0 0 144
8 4 17 34.8383 1.22127 6.28418 0.442544 687
8 4 18 30 -2 0 0 244
8 4 19 34.8766 -3 0 0 154
8 4 20 37.6137 2.40123 8.89958 0.65714 315
8 4 21 32.3294 1.75153 7.25001 0.327711 407
8 4 22 36.2482 2.95576 11.8574 0.345716 207
8 4 23 33.3174 1.07972 6.20402 0.423816 455
8 4 24 33.2485 1.0183 5.15375 0.499554 774
8 4 25 34.8766 -3 0 0 156
8 4 26 36.3262 1.46428 6.59163 0.42053 1062
8 4 27 34.8766 -3 0 0 158
8 4 28 34.8766 -3 0 0 142
8 4 29 36.2925 1.5683 7.72477 0.461352 629
8 4 30 36.0742 2.41239 9.30112 0.494256 218
8 4 31 34.8766 -3 0 0 152
8 4 32 34.8766 -3 0 0 149
8 4 33 34.8766 -3 0 0 166
8 4 34 34.5875 1.90537 6.01981 0.598497 1011
8 4 35 34.8766 -3 0 0 126
8 4 36 37 -2 0 0 210
8 4 37 31.8837 1.18074 5.40541 0.617445 377
8 4 38 34.8766 -3 0 0 93
8 4 39 35.4648 5.79861 9.89352 0.467153 223
8 4 40 34.5008 1.92816 8.33347 0.462289 328
8 4 41 34.8766 -3 0 0 150
8 4 42 35.1306 5.25794 13.6789 0.533532 236
8 4 43 33.3021 1.32481 6.00089 0.375162 561
8 4 44 34.8766 -3 0 0 131
8 4 45 34.8766 -3 0 0 182
8 4 46 33.5517 1.39501 5.3609 0.543435 819
8 4 47 34.8766 -3 0 0 109
8 4 48 34.8766 -3 0 0 197
8 4 49 33.846 1.78076 6.08615 0.496053 325
8 4 50 34.8766 -3 0 0 118
8 4 51 31.7893 1.60145 6.51081 0.457665 388
8 4 52 30.3736 1.2045 5.65054 0.416168 546
8 4 53 34.8766 -3 0 0 143
8 4 54 34.8766 -3 0 0 195
8 4 55 34.1351 1.7464 7.75754 0.387341 396
8 4 56 36.0546 3.687 9.83261 0.452811 227
8 4 57 35.2112 2.31342 8.95683 0.516578 284
8 4 58 26 -2 0 0 243
8 4 59 34.0083 1.36539 5.87669 0.455715 668
8 4 60 34.8766 -3 0 0 169
8 4 61 33.1735 1.88806 6.75114 0.453354 535
8 4 62 32.3885 1.11114 5.83732 0.33431 634
8 4 63 33.6303 2.53456 8.79243 0.446518 317
8 5 0 29.9025 -3 0 0 172
8 5 1 27.2313 1.56108 3.88124 0.489414 248
8 5 2 30.7751 3.88658 12.0879 0.330452 255
8 5 3 28.4732 1.23677 4.73805 0.322592 309
8 5 4 29.9025 -3 0 0 171
8 5 5 27 -2 0 0 257
8 5 6 28 -2 0 0 269
8 5 7 29.2112 1.34348 5.04047 0.308871 378
8 5 8 32.0968 8.41976 16.419 0.428539 272
8 5 9 27 -2 0 0 248
8 5 10 29.4639 1.72396 4.72178 0.349841 271
8 5 11 26.9759 0.876123 3.51992 0.55452 358
8 5 12 29.9025 -3 0 0 192
8 5 13 29.3274 1.44538 6.361 0.299754 378
8 5 14 23.9208 17.3492 20 0.382657 231
8 5 15 31.6044 3.0146 11.2191 0.536563 346
8 5 16 24 -2 0 0 360
8 5 17 29.6979 1.80555 5.9031 0.372956 292
8 5 18 28.1344 15.2364 20 0.474832 309
8 5 19 33.6181 1.97544 5.73361 0.470654 488
8 5 20 25.7536 0.806497 4.68253 0.395697 752
8 5 21 32.5671 2.31207 9.14081 0.395789 344
8 5 22 33.793 2.33834 8.19095 0.35078 291
8 5 23 30.4518 2.12668 5.33716 0.384195 290
8 5 24 30.9896 2.97477 8.74573 0.305429 221
8 5 25 27.804 0.984197 4.35042 0.441974 670
8 5 26 27.4005 1.96575 8.91976 0.420207 381
8 5 27 29.9249 1.77228 6.75561 0.446131 385
8 5 28 27.9264 0.686338 3.60863 0.544986 429
8 5 29 31.7501 3.19226 10.8722 0.478277 317
8 5 30 29.8578 3.00444 7.49101 0.494572 417
8 5 31 31.3718 1.04634 5.2629 0.490368 650
8 5 32 29.9024 1.06381 5.43926 0.412457 456
8 5 33 27.3815 0.850886 4.43143 0.426729 435
8 5 34 28.7474 1.16501 5.60647 0.313902 382
8 5 35 27.5337 0.779541 4.35528 0.421541 837
8 5 36 31.1445 2.0107 8.1492 0.468076 329
8 5 37 33.6607 3.67297 11.4838 0.4504 326
8 5 38 28.9348 1.02066 4.14682 0.543806 904
8 5 39 27.7187 0.994185 4.52284 0.376446 823
8 5 40 32.8327 2.90648 8.05062 0.408017 350
8 5 41 29.5089 1.15356 5.3015 0.294113 312
8 5 42 29.6682 1.44841 4.2995 0.441926 377
8 5 43 29.4865 2.14141 5.49208 0.358486 380
8 5 44 30.0633 1.43236 5.7212 0.471209 621
8 5 45 27.2177 1.24283 4.37151 0.477313 474
8 5 46 27.042 0.951214 4.34368 0.600908 535
8 5 47 31.034 1.17496 5.66635 0.475355 953
8 5 48 26 -2 0 0 528
8 5 49 23.9462 1.4449 5.74278 0.452453 516
8 5 50 31.5082 2.23171 8.5661 0.643107 456
8 5 51 31.3126 1.77199 6.21379 0.430474 565
8 5 52 31.7053 1.94151 8.33407 0.454586 413
8 5 53 28.5531 0.978572 5.52442 0.651013 941
8 5 54 26.7415 1.12158 4.58459 0.542937 479
8 5 55 28.4659 1.55671 4.62614 0.348286 509
8 5 56 29.4597 1.52972 5.32001 0.596364 898
8 5 57 32.3565 1.87025 6.95492 0.388301 616
8 5 58 28.55 1.37461 5.00504 0.451883 540
8 5 59 29.5961 2.57346 7.04987 0.52981 449
8 5 60 30.3955 1.4783 5.2725 0.554778 955
8 5 61 28.7809 1.51828 6.38941 0.430144 560
8 5 62 28.2754 1.4952 4.98228 0.438585 427
8 5 63 28.0129 1.24049 4.39427 0.437723 432
8 6 0 33.1186 1.27771 5.57855 0.324866 818
8 6 1 35.5039 1.72207 6.74387 0.374186 561
8 6 2 40.0082 3.15508 10.9904 0.48845 460
8 6 3 36.1147 -3 0 0 171
8 6 4 39.5358 4.8993 16.6081 0.352499 233
8 6 5 34.6629 1.97111 7.3161 0.293734 277
8 6 6 36.6088 3.21108 10.6785 0.462824 357
8 6 7 36.1147 -3 0 0 125
8 6 8 35.0573 2.0233 7.57504 0.391766 330
8 6 9 33.9802 2.27258 6.84786 0.337697 223
8 6 10 36.1147 -3 0 0 195
8 6 11 37 -2 0 0 264
8 6 12 27 -2 0 0 206
8 6 13 36.1147 -3 0 0 128
8 6 14 32.4155 1.22376 4.48035 0.485775 509
8 6 15 36.1147 -3 0 0 163
8 6 16 36.1147 -3 0 0 192
8 6 17 36.5434 1.54185 6.28141 0.229966 364
8 6 18 44 -2 0 0 208
8 6 19 36.1147 -3 0 0 110
8 6 20 36.1147 -3 0 0 190
8 6 21 31 -2 0 0 308
8 6 22 36.1147 -3 0 0 145
8 6 23 38.6759 4.95239 12.6425 0.379554 210
8 6 24 40.197 3.37979 11.7736 0.442424 382
8 6 25 36.1147 -3 0 0 111
8 6 26 36.6877 2.43895 7.62286 0.446235 406
8 6 27 36.1147 -3 0 0 128
8 6 28 36.1147 -3 0 0 92
8 6 29 39.5303 4.54639 12.9992 0.329567 225
8 6 30 36.1147 -3 0 0 159
8 6 31 36.1147 -3 0 0 89
8 6 32 36.1147 -3 0 0 103
8 6 33 36.1147 -3 0 0 119
8 6 34 34.5229 1.67349 5.6186 0.31712 334
8 6 35 36.1147 -3 0 0 98
8 6 36 36.1147 -3 0 0 114
8 6 37 36.1147 -3 0 0 168
8 6 38 36.1147 -3 0 0 79
8 6 39 36.1147 -3 0 0 105
8 6 40 36.1147 -3 0 0 158
8 6 41 36.1147 -3 0 0 71
8 6 42 36.1147 -3 0 0 143
8 6 43 36.1147 -3 0 0 194
8 6 44 36.1147 -3 0 0 77
8 6 45 36.1147 -3 0 0 86
8 6 46 36.7405 2.3034 8.11239 0.263115 277
8 6 47 0 -10 0 0 0
8 6 48 36.1147 -3 0 0 103
8 6 49 36.1147 -3 0 0 134
8 6 50 36.1147 -3 0 0 67
8 6 51 36.1147 -3 0 0 144
8 6 52 36.1147 -3 0 0 173
8 6 53 36.1147 -3 0 0 72
8 6 54 36.1147 -3 0 0 99
8 6 55 36.1147 -3 0 0 129
8 6 56 36.1147 -3 0 0 117
8 6 57 36.1147 -3 0 0 137
8 6 58 36.1147 -3 0 0 100
8 6 59 36.1147 -3 0 0 188
8 6 60 36.1147 -3 0 0 93
8 6 61 36.1147 -3 0 0 163
8 6 62 36.1147 -3 0 0 167
8 6 63 36.1147 -3 0 0 137
8 7 0 30.1458 -3 0 0 128
8 7 1 30.1458 -3 0 0 110
8 7 2 30.1458 -3 0 0 142
8 7 3 30.1458 -3 0 0 149
8 7 4 30.1458 -3 0 0 135
8 7 5 30.1458 -3 0 0 123
8 7 6 30.1458 -3 0 0 144
8 7 7 30.1458 -3 0 0 187
8 7 8 30.1458 -3 0 0 160
8 7 9 30.1458 -3 0 0 110
8 7 10 30.1458 -3 0 0 156
8 7 11 30.1458 -3 0 0 161
8 7 12 30.1458 -3 0 0 136
8 7 13 30.1225 2.17838 7.14965 0.416926 227
8 7 14 30.1458 -3 0 0 115
8 7 15 30.1458 -3 0 0 173
8 7 16 30.1458 -3 0 0 151
8 7 17 30.1458 -3 0 0 181
8 7 18 32.1723 5.27491 12.669 0.455598 202
8 7 19 27 -2 0 0 241
8 7 20 24 -2 0 0 226
8 7 21 30.1458 -3 0 0 134
8 7 22 30.1458 -3 0 0 123
8 7 23 30.1458 -3 0 0 175
8 7 24 30.1458 -3 0 0 125
8 7 25 31.8889 2.21653 9.01163 0.440665 270
8 7 26 30.1458 -3 0 0 173
8 7 27 27.549 10.666 14.2483 0.377803 253
8 7 28 30.1458 -3 0 0 180
8 7 29 30.1458 -3 0 0 195
8 7 30 33.313 2.69143 9.80749 0.335053 239
8 7 31 24 -2 0 0 386
8 7 32 27.4152 1.88207 6.61057 0.409153 333
8 7 33 22 -2 0 0 227
8 7 34 30.4734 12.5481 19.0009 0.443674 208
8 7 35 31.6248 1.50552 7.22451 0.392238 487
8 7 36 33.1296 3.59145 10.9339 0.532667 330
8 7 37 32.4824 1.70527 6.5829 0.456618 276
8 7 38 32.3382 1.2443 5.6814 0.577332 674
8 7 39 30.0103 1.13513 5.77996 0.347804 860
8 7 40 30.5955 2.18 8.72247 0.308779 268
8 7 41 31.258 1.15313 5.87879 0.4438 426
8 7 42 29.4177 2.09871 5.0523 0.659778 409
8 7 43 29.0137 1.30453 4.1735 0.448571 240
8 7 44 26.9107 0.926604 4.07409 0.499055 608
8 7 45 24 -2 0 0 439
8 7 46 31.5023 3.21101 8.03947 0.404668 291
8 7 47 30.8864 1.10832 5.59255 0.335832 1156
8 7 48 28.3247 1.04765 5.22776 0.517695 415
8 7 49 31.4837 1.83534 6.34164 0.356233 374
8 7 50 23 -2 0 0 599
8 7 51 30.3525 1.16162 5.055 0.434859 517
8 7 52 27.2782 1.53925 7.17847 0.388474 384
8 7 53 30.8199 1.30123 5.85624 0.490285 1044
8 7 54 27.8301 0.928335 4.40319 0.37687 581
8 7 55 29.4376 1.26031 6.26634 0.28113 481
8 7 56 33.899 1.51089 6.56141 0.348166 903
8 7 57 29.4693 1.19624 6.34177 0.273755 792
8 7 58 29.3868 1.21432 5.37796 0.283444 582
8 7 59 30.5809 7.08581 18.4786 0.634728 239
8 7 60 28.7251 1.16764 5.44398 0.372897 711
8 7 61 27.5598 1.02788 5.26278 0.357932 512
8 7 62 29.0426 2.03323 6.8412 0.509594 376
8 7 63 33 -2 0 0 501
8 8 0 33.5171 -3 0 0 101
8 8 1 33.5171 -3 0 0 95
8 8 2 33.5171 -3 0 0 109
8 8 3 33.5171 -3 0 0 120
8 8 4 33.5171 -3 0 0 125
8 8 5 33.5171 -3 0 0 118
8 8 6 33.5171 -3 0 0 107
8 8 7 33.5171 -3 0 0 173
8 8 8 33.5171 -3 0 0 114
8 8 9 33.5171 -3 0 0 121
8 8 10 33.5171 -3 0 0 131
8 8 11 33.5171 -3 0 0 137
8 8 12 33.5171 -3 0 0 123
8 8 13 33.5171 -3 0 0 198
8 8 14 33.5171 -3 0 0 100
8 8 15 33.5171 -3 0 0 183
8 8 16 33.5171 -3 0 0 156
8 8 17 33.5171 -3 0 0 88
8 8 18 33.5171 -3 0 0 151
8 8 19 35.6373 3.51954 12.5642 0.373613 256
8 8 20 33.5171 -3 0 0 184
8 8 21 33.5171 -3 0 0 117
8 8 22 33.5171 -3 0 0 146
8 8 23 33.5171 -3 0 0 149
8 8 24 33.5171 -3 0 0 104
8 8 25 33.6809 2.44497 7.0167 0.45151 300
8 8 26 33.5171 -3 0 0 134
8 8 27 28 -2 0 0 216
8 8 28 36.7247 5.98561 14.4727 0.376128 226
8 8 29 33.5171 -3 0 0 160
8 8 30 33.5171 -3 0 0 174
8 8 31 34.7429 3.06413 11.818 0.508589 382
8 8 32 33.3254 10.3317 16.2219 0.586641 282
8 8 33 42.6778 5.19358 16.7001 0.524759 296
8 8 34 33.5171 -3 0 0 145
8 8 35 34.3039 1.45259 6.8599 0.383119 499
8 8 36 33.7238 2.3079 7.95386 0.416854 223
8 8 37 33.5171 -3 0 0 197
8 8 38 31.8429 1.28397 5.22351 0.393221 729
8 8 39 32.063 1.29243 5.98984 0.412309 658
8 8 40 33.5171 -3 0 0 189
8 8 41 33.5818 1.70512 7.32361 0.399185 450
8 8 42 45 -2 0 0 273
8 8 43 35.7259 6.66486 14.5123 0.412187 212
8 8 44 30.302 0.992769 5.40002 0.437368 540
8 8 45 33.6023 2.81921 9.73607 0.518559 338
8 8 46 33.5171 -3 0 0 145
8 8 47 33.9081 1.34946 6.45157 0.239521 1178
8 8 48 24.3586 23.7922 14.1223 0.444721 259
8 8 49 34.0342 7.89742 15.8073 0.516494 268
8 8 50 33.2881 2.1321 8.10251 0.429113 468
8 8 51 33.8571 1.51145 6.00779 0.381278 379
8 8 52 38.8129 5.22718 16.1746 0.502173 239
8 8 53 30.2949 1.06427 5.84144 0.354325 824
8 8 54 24 -2 0 0 402
8 8 55 27.0137 14.2473 15.715 0.419489 277
8 8 56 32.1671 1.22943 6.57567 0.345079 489
8 8 57 33.367 1.45906 6.25342 0.420297 428
8 8 58 34.1025 2.52746 9.18215 0.373461 285
8 8 59 33.5171 -3 0 0 199
8 8 60 33.7558 1.64274 7.01685 0.373213 718
8 8 61 35.4456 1.95823 8.19463 0.369366 319
8 8 62 32.273 3.10846 9.6738 0.363543 259
8 8 63 34.9234 3.69834 12.4339 0.459721 285
8 9 0 28 -2 0 0 399
8 9 1 28 -2 0 0 263
8 9 2 42.643 7.36784 19.2274 0.365243 227
8 9 3 34.8631 -3 0 0 88
8 9 4 34.8631 -3 0 0 119
8 9 5 34.8631 -3 0 0 107
8 9 6 34.8631 -3 0 0 171
8 9 7 34.8631 -3 0 0 68
8 9 8 34.8631 -3 0 0 177
8 9 9 34.8631 -3 0 0 123
8 9 10 34.8631 -3 0 0 100
8 9 11 34.8631 -3 0 0 138
8 9 12 34.8631 -3 0 0 111
8 9 13 34.8631 -3 0 0 70
8 9 14 31 -2 0 0 251
8 9 15 34.8631 -3 0 0 67
8 9 16 34.8631 -3 0 0 87
8 9 17 34.8631 -3 0 0 157
8 9 18 34.8631 -3 0 0 85
8 9 19 34.8631 -3 0 0 59
8 9 20 34.8631 -3 0 0 85
8 9 21 34.8631 -3 0 0 143
8 9 22 34.8631 -3 0 0 92
8 9 23 34.8631 -3 0 0 139
8 9 24 36.7095 8.94119 18.1089 0.378771 223
8 9 25 34.8631 -3 0 0 51
8 9 26 37.4742 3.31185 11.1964 0.274571 239
8 9 27 34.8631 -3 0 0 66
8 9 28 34.8631 -3 0 0 66
8 9 29 34.8631 -3 0 0 131
8 9 30 34.8631 -3 0 0 63
8 9 31 34.8631 -3 0 0 54
8 9 32 34.8631 -3 0 0 48
8 9 33 34.8631 -3 0 0 37
8 9 34 37.0392 3.94899 11.997 0.318823 215
8 9 35 34.8631 -3 0 0 43
8 9 36 34.8631 -3 0 0 62
8 9 37 34.8631 -3 0 0 108
8 9 38 34.8631 -3 0 0 47
8 9 39 34.8631 -3 0 0 55
8 9 40 34.8631 -3 0 0 58
8 9 41 34.8631 -3 0 0 46
8 9 42 34.8631 -3 0 0 69
8 9 43 34.8631 -3 0 0 118
8 9 44 34.8631 -3 0 0 28
8 9 45 34.8631 -3 0 0 52
8 9 46 34.8631 -3 0 0 176
8 9 47 34.8631 -3 0 0 42
8 9 48 34.8631 -3 0 0 44
8 9 49 34.8631 -3 0 0 98
8 9 50 34.8631 -3 0 0 31
8 9 51 34.8631 -3 0 0 104
8 9 52 34.8631 -3 0 0 131
8 9 53 34.8631 -3 0 0 36
8 9 54 34.8631 -3 0 0 45
8 9 55 34.8631 -3 0 0 108
8 9 56 34.8631 -3 0 0 64
8 9 57 34.8631 -3 0 0 74
8 9 58 34.8631 -3 0 0 47
8 9 59 34.8631 -3 0 0 154
8 9 60 34.8631 -3 0 0 46
8 9 61 34.8631 -3 0 0 100
8 9 62 34.8631 -3 0 0 133
8 9 63 34.8631 -3 0 0 73
8 10 0 24.273 20.529 20 0.403859 205
8 10 1 32.5934 -3 0 0 176
8 10 2 26 -2 0 0 208
8 10 3 33.037 1.48306 6.27367 0.427633 323
8 10 4 33.9885 4.54238 13.4541 0.36559 204
8 10 5 36.3264 2.93203 10.3483 0.357505 242
8 10 6 28.0232 18.0818 20 0.346887 227
8 10 7 31.4743 1.22968 6.1418 0.23709 518
8 10 8 32.5934 -3 0 0 193
8 10 9 30.6489 1.68093 7.38376 0.541224 419
8 10 10 29.8979 3.03393 8.31862 0.402542 310
8 10 11 32.5934 -3 0 0 195
8 10 12 28.9645 0.92062 4.30609 0.416408 318
8 10 13 30.0623 1.06242 5.5746 0.47739 408
8 10 14 26 -2 0 0 207
8 10 15 34.4719 3.32466 10.1051 0.565899 392
8 10 16 33.2013 2.2612 8.68512 0.462483 500
8 10 17 32.5934 -3 0 0 183
8 10 18 31.0962 1.77893 7.52863 0.396332 297
8 10 19 31.9861 1.27573 5.30427 0.449524 712
8 10 20 34.0899 2.41631 8.15579 0.39355 248
8 10 21 38.2133 3.24179 11.2556 0.298253 238
8 10 22 30.9864 1.26509 5.93061 0.344124 403
8 10 23 36.3843 2.80764 9.53261 0.408512 221
8 10 24 32.5934 -3 0 0 192
8 10 25 31.6946 1.07185 5.81527 0.408402 760
8 10 26 24 -2 0 0 218
8 10 27 34.2994 1.92783 7.54876 0.483001 386
8 10 28 29.9582 0.947924 4.96901 0.402526 660
8 10 29 32.5934 -3 0 0 200
8 10 30 31.5993 1.67451 6.56906 0.381906 316
8 10 31 30.5112 0.93844 5.84891 0.387158 941
8 10 32 31.4087 1.07682 5.43928 0.50165 565
8 10 33 29.7672 0.990352 4.96583 0.378208 433
8 10 34 32.5934 -3 0 0 194
8 10 35 33.9757 1.26152 7.43174 0.622263 1384
8 10 36 31.0439 3.58192 8.20866 0.689074 347
8 10 37 28 -2 0 0 221
8 10 38 32.2473 0.995332 6.2824 0.421788 1481
8 10 39 34.7496 1.58528 6.78624 0.410874 717
8 10 40 29.3427 0.978043 4.24875 0.525278 383
8 10 41 30.2458 1.00229 4.89551 0.584962 689
8 10 42 31.4045 1.13009 5.42164 0.411862 418
8 10 43 27 -2 0 0 255
8 10 44 24 -2 0 0 854
8 10 45 29.6407 0.783627 4.56086 0.371058 634
8 10 46 32.5934 -3 0 0 176
8 10 47 31.9917 0.858413 6.33671 0.519213 1981
8 10 48 36.7993 2.7883 9.70352 0.687667 483
8 10 49 35.3858 3.67041 9.32592 0.548201 251
8 10 50 29.8759 1.24236 4.80135 0.496288 454
8 10 51 24.5837 13.3978 11.0817 0.505278 405
8 10 52 25 -2 0 0 249
8 10 53 31.7454 1.25754 7.57096 0.333053 1214
8 10 54 34.2355 1.78222 7.51974 0.451798 398
8 10 55 27 -2 0 0 264
8 10 56 30.0322 0.983549 5.10602 0.364353 681
8 10 57 28.5722 1.16899 5.96841 0.4246 491
8 10 58 29.9493 1.98807 5.18071 0.484593 240
8 10 59 32.5618 3.27011 11.5836 0.376051 258
8 10 60 29.7328 1.0395 5.62549 0.334772 955
8 10 61 30.7408 1.53175 5.9265 0.252283 280
8 10 62 25 -2 0 0 245
8 10 63 32.6855 1.75469 7.15578 0.356791 373
8 11 0 32.3187 1.57148 6.33923 0.324627 748
8 11 1 30.3953 0.994007 4.45696 0.421277 466
8 11 2 33.1647 1.75999 6.88448 0.302961 477
8 11 3 33.067 -3 0 0 151
8 11 4 34.3021 7.59271 16.6018 0.46683 256
8 11 5 32.4359 11.7505 17.4376 0.437899 257
8 11 6 32 -2 0 0 315
8 11 7 33.067 -3 0 0 91
8 11 8 30.2512 3.62334 8.39787 0.283513 242
8 11 9 33.067 -3 0 0 186
8 11 10 33.067 -3 0 0 156
8 11 11 32.7411 2.46472 9.57403 0.432952 334
8 11 12 33.067 -3 0 0 148
8 11 13 33.067 -3 0 0 98
8 11 14 31.0093 1.27548 5.28254 0.370983 572
8 11 15 33.067 -3 0 0 146
8 11 16 33.067 -3 0 0 115
8 11 17 31.4326 1.21928 5.21055 0.371274 409
8 11 18 37.407 6.67909 17.1788 0.379725 210
8 11 19 33.067 -3 0 0 112
8 11 20 35.7796 8.26226 16.8387 0.442184 235
8 11 21 33.1995 2.2019 6.39661 0.334296 243
8 11 22 33.067 -3 0 0 138
8 11 23 36.0751 3.52759 10.6396 0.47513 314
8 11 24 41 -2 0 0 429
8 11 25 33.067 -3 0 0 103
8 11 26 34.5288 1.54909 7.06147 0.351894 619
8 11 27 33.067 -3 0 0 157
8 11 28 33.067 -3 0 0 105
8 11 29 40.0814 4.09478 13.5032 0.578409 385
8 11 30 33.067 -3 0 0 156
8 11 31 33.067 -3 0 0 100
8 11 32 33.067 -3 0 0 115
8 11 33 33.067 -3 0 0 127
8 11 34 34.1095 1.71028 6.56962 0.296329 595
8 11 35 33.067 -3 0 0 101
8 11 36 33.067 -3 0 0 158
8 11 37 29.5758 11.9402 13.2926 0.405965 270
8 11 38 33.067 -3 0 0 100
8 11 39 33.067 -3 0 0 133
8 11 40 28 -2 0 0 203
8 11 41 33.067 -3 0 0 105
8 11 42 33.067 -3 0 0 191
8 11 43 30.2527 1.55284 6.45563 0.361412 337
8 11 44 33.067 -3 0 0 95
8 11 45 33.067 -3 0 0 113
8 11 46 33.0759 1.49857 7.92306 0.332027 447
8 11 47 33.067 -3 0 0 91
8 11 48 33.067 -3 0 0 131
8 11 49 33.697 3.50948 12.0147 0.348079 271
8 11 50 33.067 -3 0 0 110
8 11 51 33.6244 1.76763 7.55952 0.242762 293
8 11 52 32.3717 2.15724 7.57399 0.324011 304
8 11 53 33.067 -3 0 0 93
8 11 54 33.067 -3 0 0 146
8 11 55 26 -2 0 0 300
8 11 56 33.067 -3 0 0 161
8 11 57 30.5932 18.3511 19.506 0.439513 235
8 11 58 33.067 -3 0 0 193
8 11 59 23 -2 0 0 406
8 11 60 33.067 -3 0 0 133
8 11 61 32.7793 1.96568 7.97929 0.342915 348
8 11 62 34.1978 2.18011 8.41111 0.312838 412
8 11 63 23.6535 17.2346 20 0.411141 234
8 12 0 32.5753 3.04175 7.14598 0.522053 310
8 12 1 34.3123 2.40565 7.74657 0.474964 333
8 12 2 32.5718 1.39337 6.74278 0.351978 447
8 12 3 29.6791 0.851515 5.45566 0.341848 1056
8 12 4 28.826 1.60832 4.79344 0.572052 341
8 12 5 26 -2 0 0 401
8 12 6 27.8887 0.861328 3.95962 0.613188 612
8 12 7 31.3899 1.05051 6.49915 0.436728 1266
8 12 8 31.764 1.33825 5.08615 0.355477 376
8 12 9 26 -2 0 0 843
8 12 10 24 -2 0 0 1156
8 12 11 34.1375 5.29818 12.3658 0.505605 309
8 12 12 30.9784 1.35801 5.82733 0.325784 466
8 12 13 29.2386 0.841997 4.99004 0.365391 955
8 12 14 26 -2 0 0 261
8 12 15 33.1551 2.22985 7.42694 0.467644 553
8 12 16 31.6633 0.992414 6.35962 0.472986 1663
8 12 17 25.9841 16.44 19.9999 0.392454 247
8 12 18 31.1444 1.45032 5.25698 0.330366 458
8 12 19 29.6707 0.876447 4.87979 0.661639 1098
8 12 20 30.2237 2.28209 7.4408 0.45671 298
8 12 21 31.8912 1.34157 5.31517 0.36818 621
8 12 22 26 -2 0 0 938
8 12 23 30.7588 15.6565 16.5335 0.43868 224
8 12 24 26 -2 0 0 278
8 12 25 31.0957 1.33887 5.99253 0.487302 994
8 12 26 26 -2 0 0 210
8 12 27 27.6327 3.30012 8.56506 0.363418 443
8 12 28 28.7949 0.736939 4.46394 0.385515 757
8 12 29 31.803 -3 0 0 183
8 12 30 32.1531 1.79382 6.26842 0.456991 333
8 12 31 33.0296 1.26961 5.95727 0.379574 694
8 12 32 27 -2 0 0 473
8 12 33 32.5344 1.37366 6.42186 0.329439 343
8 12 34 31.803 -3 0 0 182
8 12 35 32.2612 1.12217 6.4827 0.238133 674
8 12 36 37 -2 0 0 201
8 12 37 38.8789 3.95136 13.0724 0.36392 205
8 12 38 30.2641 1.08491 5.76543 0.366148 500
8 12 39 35.0519 4.13038 12.8136 0.419085 242
8 12 40 29.9596 1.43574 5.41562 0.427244 303
8 12 41 28.8549 1.0127 4.33545 0.502049 377
8 12 42 33.6055 6.58966 14.525 0.494968 227
8 12 43 33.5286 2.78843 10.0982 0.352493 210
8 12 44 29.1995 0.901489 4.35077 0.449055 468
8 12 45 32.222 2.43624 9.26554 0.318385 286
8 12 46 26 -2 0 0 211
8 12 47 33.4509 1.58744 7.03018 0.314143 487
8 12 48 34.2875 7.00903 17.1342 0.448689 213
8 12 49 23 -2 0 0 204
8 12 50 34.3359 2.37648 8.80409 0.494179 350
8 12 51 29.799 2.47567 8.27436 0.396141 228
8 12 52 31.803 -3 0 0 181
8 12 53 32.024 1.60344 7.713 0.402347 356
8 12 54 27.914 1.55382 5.80292 0.429695 296
8 12 55 31.803 -3 0 0 149
8 12 56 31.803 -3 0 0 185
8 12 57 31.803 -3 0 0 159
8 12 58 23 -2 0 0 202
8 12 59 31.803 -3 0 0 158
8 12 60 29.8485 1.81642 5.5999 0.456995 318
8 12 61 31.803 -3 0 0 155
8 12 62 31.803 -3 0 0 159
8 12 63 31.803 -3 0 0 182
8 13 0 26.1167 1.28836 5.67369 0.208755 238
8 13 1 23 -2 0 0 294
8 13 2 27 -2 0 0 216
8 13 3 33.3019 -3 0 0 127
8 13 4 33.3019 -3 0 0 188
8 13 5 33.3019 -3 0 0 177
8 13 6 33.3019 -3 0 0 188
8 13 7 33.3019 -3 0 0 83
8 13 8 33.3019 -3 0 0 194
8 13 9 33.3019 -3 0 0 116
8 13 10 33.3019 -3 0 0 106
8 13 11 37.0257 3.78409 11.5901 0.371862 236
8 13 12 33.3019 -3 0 0 144
8 13 13 33.3019 -3 0 0 97
8 13 14 31.9406 1.8122 6.91187 0.41988 434
8 13 15 33.3019 -3 0 0 111
8 13 16 33.3019 -3 0 0 91
8 13 17 36.4822 2.0643 8.7098 0.296461 312
8 13 18 33.3019 -3 0 0 145
8 13 19 33.3019 -3 0 0 97
8 13 20 33.3019 -3 0 0 191
8 13 21 33.3019 -3 0 0 152
8 13 22 33.3019 -3 0 0 97
8 13 23 34.3234 3.16467 7.75269 0.39265 224
8 13 24 33.7719 1.81612 6.503 0.3909 287
8 13 25 33.3019 -3 0 0 113
8 13 26 36.5434 1.53184 6.45061 0.390481 442
8 13 27 33.3019 -3 0 0 106
8 13 28 33.3019 -3 0 0 98
8 13 29 32.7046 1.49726 6.18197 0.36287 366
8 13 30 33.3019 -3 0 0 161
8 13 31 33.3019 -3 0 0 109
8 13 32 33.3019 -3 0 0 111
8 13 33 33.3019 -3 0 0 125
8 13 34 35.325 1.55898 7.85282 0.331776 521
8 13 35 33.3019 -3 0 0 95
8 13 36 33.3019 -3 0 0 143
8 13 37 33 -2 0 0 277
8 13 38 33.3019 -3 0 0 108
8 13 39 35.3966 2.2027 7.7421 0.375213 225
8 13 40 35.2525 10.7674 20 0.491177 238
8 13 41 33.3019 -3 0 0 121
8 13 42 24 -2 0 0 250
8 13 43 23 -2 0 0 394
8 13 44 33.3019 -3 0 0 126
8 13 45 33.3019 -3 0 0 162
8 13 46 32.7308 1.48947 6.13715 0.44943 508
8 13 47 33.3019 -3 0 0 146
8 13 48 33.3019 -3 0 0 198
8 13 49 35.2058 3.91165 11.9081 0.522703 303
8 13 50 33.3019 -3 0 0 165
8 13 51 31.8322 1.46165 5.2333 0.39574 519
8 13 52 30.9623 1.17225 4.35297 0.487715 413
8 13 53 33.3019 -3 0 0 150
8 13 54 37.1195 7.49507 17.6245 0.375222 211
8 13 55 29.996 1.39499 4.6105 0.491447 409
8 13 56 30 -2 0 0 275
8 13 57 31.7292 1.51524 5.5381 0.344198 368
8 13 58 34.4595 10.5449 19.1122 0.437567 246
8 13 59 31.4428 1.35649 6.17155 0.355586 610
8 13 60 33.3019 -3 0 0 177
8 13 61 32.1704 1.53716 5.58504 0.40564 785
8 13 62 32.2228 1.56081 6.22615 0.423016 613
8 13 63 29.8797 3.52417 11.3548 0.366542 292
8 14 0 27 -2 0 0 354
8 14 1 32.6542 1.68046 6.90256 0.440463 358
8 14 2 32.2647 1.5537 5.82344 0.469919 444
8 14 3 36.6936 3.08097 12.2863 0.672125 479
8 14 4 31.1261 1.49676 6.95395 0.308988 286
8 14 5 32.8901 1.38076 6.62669 0.343819 405
8 14 6 31.8605 2.42333 8.97114 0.536752 511
8 14 7 31.941 0.924623 5.23211 0.478212 759
8 14 8 32 -2 0 0 310
8 14 9 34.1502 1.61559 6.83813 0.380289 793
8 14 10 34.1931 1.74827 6.98408 0.326647 918
8 14 11 35.811 3.22868 12.6156 0.382803 233
8 14 12 32.519 1.49689 6.69948 0.289218 432
8 14 13 34.1007 1.1426 6.09737 0.350775 428
8 14 14 33 -2 0 0 232
8 14 15 33.5118 1.62962 6.74174 0.335837 379
8 14 16 33.7291 1.4206 7.2438 0.306233 1288
8 14 17 34.8082 2.98339 8.96835 0.443797 211
8 14 18 32.7368 3.23812 11.8935 0.513197 304
8 14 19 30.2576 1.07589 5.89772 0.506324 569
8 14 20 27 -2 0 0 238
8 14 21 32.594 1.23803 5.58714 0.340524 610
8 14 22 32.9883 1.83866 6.72486 0.36804 628
8 14 23 33.518 -3 0 0 194
8 14 24 27 -2 0 0 268
8 14 25 31.5895 1.16727 5.49048 0.415752 422
8 14 26 33.518 -3 0 0 177
8 14 27 33.0026 2.30804 6.81827 0.51017 294
8 14 28 32.2196 1.44221 6.1136 0.415294 354
8 14 29 33.518 -3 0 0 159
8 14 30 37.1129 4.06391 13.6381 0.435662 233
8 14 31 35.3717 4.2103 13.9625 0.564014 325
8 14 32 33 -2 0 0 220
8 14 33 29 -2 0 0 219
8 14 34 33.518 -3 0 0 157
8 14 35 42 -2 0 0 251
8 14 36 33.518 -3 0 0 178
8 14 37 33.518 -3 0 0 143
8 14 38 38.8893 5.16101 16.6798 0.460828 220
8 14 39 33.518 -3 0 0 95
8 14 40 33.518 -3 0 0 176
8 14 41 34.6261 2.12127 8.05821 0.372333 215
8 14 42 33.518 -3 0 0 174
8 14 43 33.518 -3 0 0 132
8 14 44 33.518 -3 0 0 147
8 14 45 33.518 -3 0 0 129
8 14 46 33.518 -3 0 0 159
8 14 47 33.518 -3 0 0 173
8 14 48 33.518 -3 0 0 116
8 14 49 33.518 -3 0 0 122
8 14 50 33.518 -3 0 0 157
8 14 51 33.518 -3 0 0 90
8 14 52 33.518 -3 0 0 107
8 14 53 33.518 -3 0 0 161
8 14 54 33.518 -3 0 0 139
8 14 55 33.518 -3 0 0 86
8 14 56 33.518 -3 0 0 115
8 14 57 33.518 -3 0 0 109
8 14 58 33.518 -3 0 0 119
8 14 59 33.518 -3 0 0 129
8 14 60 33.518 -3 0 0 135
8 14 61 33.518 -3 0 0 101
8 14 62 33.518 -3 0 0 103
8 14 63 33.518 -3 0 0 103
8 15 0 35.2081 -3 0 0 107
8 15 1 35.2081 -3 0 0 95
8 15 2 35.2081 -3 0 0 103
8 15 3 35.2081 -3 0 0 60
8 15 4 35.2081 -3 0 0 81
8 15 5 35.2081 -3 0 0 69
8 15 6 35.2081 -3 0 0 55
8 15 7 35.2081 -3 0 0 44
8 15 8 35.2081 -3 0 0 71
8 15 9 35.2081 -3 0 0 55
8 15 10 35.2081 -3 0 0 45
8 15 11 35.2081 -3 0 0 91
8 15 12 35.2081 -3 0 0 68
8 15 13 35.2081 -3 0 0 53
8 15 14 35.2081 -3 0 0 109
8 15 15 35.2081 -3 0 0 67
8 15 16 35.2081 -3 0 0 43
8 15 17 35.2081 -3 0 0 122
8 15 18 35.2081 -3 0 0 62
8 15 19 35.2081 -3 0 0 59
8 15 20 35.2081 -3 0 0 83
8 15 21 35.2081 -3 0 0 61
8 15 22 35.2081 -3 0 0 56
8 15 23 35.2081 -3 0 0 119
8 15 24 35.2081 -3 0 0 109
8 15 25 35.2081 -3 0 0 61
8 15 26 35.2081 -3 0 0 146
8 15 27 35.2081 -3 0 0 67
8 15 28 35.2081 -3 0 0 53
8 15 29 35.2081 -3 0 0 143
8 15 30 35.2081 -3 0 0 76
8 15 31 35.2081 -3 0 0 68
8 15 32 35.2081 -3 0 0 74
8 15 33 35.2081 -3 0 0 82
8 15 34 35.2081 -3 0 0 199
8 15 35 35.2081 -3 0 0 72
8 15 36 35.2081 -3 0 0 76
8 15 37 35.2081 -3 0 0 131
8 15 38 35.2081 -3 0 0 81
8 15 39 35.2081 -3 0 0 154
8 15 40 35.2081 -3 0 0 106
8 15 41 35.2081 -3 0 0 92
8 15 42 35.2081 -3 0 0 138
8 15 43 35.2081 -3 0 0 170
8 15 44 35.2081 -3 0 0 98
8 15 45 35.2081 -3 0 0 86
8 15 46 35.2081 -3 0 0 199
8 15 47 35.2081 -3 0 0 101
8 15 48 35.2081 -3 0 0 104
8 15 49 35.2081 -3 0 0 139
8 15 50 35.2081 -3 0 0 102
8 15 51 31.5763 14.0392 20 0.381778 268
8 15 52 35.2081 -3 0 0 175
8 15 53 35.2081 -3 0 0 92
8 15 54 35.2081 -3 0 0 114
8 15 55 34.7028 6.88856 14.5294 0.361329 231
8 15 56 35.2081 -3 0 0 176
8 15 57 40.295 5.63711 15.6367 0.271159 212
8 15 58 35.2081 -3 0 0 139
8 15 59 35.9523 2.33414 8.95766 0.229892 231
8 15 60 35.2081 -3 0 0 123
8 15 61 35.5843 3.44234 10.6517 0.42434 374
8 15 62 33.8058 3.28255 9.64207 0.362008 268
8 15 63 35.2081 -3 0 0 150
9 0 0 33.3784 -3 0 0 146
9 0 1 33.3784 -3 0 0 136
9 0 2 33.3784 -3 0 0 119
9 0 3 33.3784 -3 0 0 92
9 0 4 33.3784 -3 0 0 125
9 0 5 33.3784 -3 0 0 123
9 0 6 33.3784 -3 0 0 117
9 0 7 33.3784 -3 0 0 86
9 0 8 33.3784 -3 0 0 116
9 0 9 33.3784 -3 0 0 88
9 0 10 33.3784 -3 0 0 64
9 0 11 33.3784 -3 0 0 159
9 0 12 33.3784 -3 0 0 95
9 0 13 33.3784 -3 0 0 85
9 0 14 33.3784 -3 0 0 172
9 0 15 33.3784 -3 0 0 100
9 0 16 33.3784 -3 0 0 71
9 0 17 33.3784 -3 0 0 163
9 0 18 33.3784 -3 0 0 110
9 0 19 33.3784 -3 0 0 96
9 0 20 33.3784 -3 0 0 149
9 0 21 33.3784 -3 0 0 74
9 0 22 33.3784 -3 0 0 79
9 0 23 33.3784 -3 0 0 178
9 0 24 33.3784 -3 0 0 152
9 0 25 33.3784 -3 0 0 85
9 0 26 34.4602 4.03192 11.1447 0.406301 237
9 0 27 33.3784 -3 0 0 119
9 0 28 33.3784 -3 0 0 100
9 0 29 33.3268 15.247 19.4138 0.446169 229
9 0 30 33.3784 -3 0 0 130
9 0 31 33.3784 -3 0 0 140
9 0 32 33.3784 -3 0 0 126
9 0 33 33.3784 -3 0 0 125
9 0 34 28 -2 0 0 278
9 0 35 33.3784 -3 0 0 150
9 0 36 33.3784 -3 0 0 135
9 0 37 26 -2 0 0 220
9 0 38 33.3784 -3 0 0 144
9 0 39 33.8901 1.9064 6.62748 0.354548 307
9 0 40 33.3784 -3 0 0 186
9 0 41 33.3784 -3 0 0 144
9 0 42 33.3784 -3 0 0 197
9 0 43 28 -2 0 0 266
9 0 44 33.3784 -3 0 0 166
9 0 45 33.3784 -3 0 0 161
9 0 46 32.4206 1.52647 6.14081 0.218942 371
9 0 47 26 -2 0 0 207
9 0 48 33.3784 -3 0 0 192
9 0 49 28 -2 0 0 222
9 0 50 37.8307 10.1845 20 0.339194 205
9 0 51 29.9776 1.28755 5.10698 0.333632 616
9 0 52 31.4909 1.43525 4.48729 0.531277 368
9 0 53 33.3784 -3 0 0 191
9 0 54 35.7668 3.2678 11.0486 0.34536 251
9 0 55 27.166 10.2338 12.9251 0.513762 434
9 0 56 33.5896 1.99723 8.51257 0.359701 402
9 0 57 30.6443 1.87263 6.48617 0.341972 451
9 0 58 35.5576 2.9395 11.2041 0.406478 269
9 0 59 31.6819 1.60891 5.39167 0.400942 410
9 0 60 32.4599 2.501 6.84172 0.384137 252
9 0 61 29.8611 1.21924 5.3801 0.439616 748
9 0 62 33.9626 1.74492 6.47787 0.405001 530
9 0 63 26 -2 0 0 338
9 1 0 31.2669 1.12882 5.2727 0.34116 601
9 1 1 31.5342 1.4738 5.60979 0.487013 671
9 1 2 31.5668 1.35268 5.84413 0.515073 729
9 1 3 32.2572 1.20087 5.44186 0.441272 544
9 1 4 37 -2 0 0 357
9 1 5 30.785 1.37289 7.34929 0.402064 543
9 1 6 32.4119 1.10909 6.36346 0.473178 712
9 1 7 31.9124 1.07939 5.39286 0.542146 596
9 1 8 32.6102 1.36896 5.32358 0.500225 449
9 1 9 34.0177 1.28132 6.1755 0.408711 795
9 1 10 34.3685 1.31892 6.25744 0.469875 958
9 1 11 33.5108 1.74486 7.709 0.420884 325
9 1 12 34.2838 1.4503 6.09672 0.490132 479
9 1 13 33.5849 1.52733 6.00241 0.39757 406
9 1 14 36.1328 2.94468 9.05077 0.538896 379
9 1 15 32.4579 1.86206 6.30441 0.549048 346
9 1 16 32.4244 1.05622 5.71485 0.453177 990
9 1 17 30.5113 2.87753 8.45026 0.359662 305
9 1 18 38.0544 3.09909 11.7893 0.412154 348
9 1 19 34.6952 2.33307 10.3868 0.438618 498
9 1 20 35.3834 2.16423 8.62397 0.38118 240
9 1 21 32.6342 1.18766 5.8661 0.333456 793
9 1 22 30.3573 0.957307 4.41135 0.635197 542
9 1 23 33.9695 2.85084 10.6164 0.428601 252
9 1 24 30.3052 1.53701 7.22439 0.321876 422
9 1 25 35.337 1.84348 8.04288 0.494945 350
9 1 26 33.1067 1.46814 6.29784 0.504003 318
9 1 27 36.7104 3.91098 13.5937 0.588548 307
9 1 28 32.8042 1.29927 5.67115 0.564278 321
9 1 29 35.6287 3.10618 10.9566 0.472821 236
9 1 30 34.3913 6.05797 11.6932 0.456566 257
9 1 31 35.1831 4.47197 14.8127 0.501324 260
9 1 32 36.4507 2.66409 8.8303 0.458511 219
9 1 33 35 -2 0 0 203
9 1 34 29 -2 0 0 207
9 1 35 31.3445 12.5817 19.9997 0.529282 203
9 1 36 33.7836 -3 0 0 188
9 1 37 33.7836 -3 0 0 188
9 1 38 33.7836 -3 0 0 147
9 1 39 33.7836 -3 0 0 127
9 1 40 35.3865 8.18166 18.8347 0.554334 217
9 1 41 33.7836 -3 0 0 183
9 1 42 33.7836 -3 0 0 161
9 1 43 28 -2 0 0 206
9 1 44 33.7836 -3 0 0 146
9 1 45 33.7836 -3 0 0 173
9 1 46 33.7836 -3 0 0 193
9 1 47 33.7836 -3 0 0 119
9 1 48 33.7836 -3 0 0 150
9 1 49 33.7836 -3 0 0 159
9 1 50 33.7836 -3 0 0 131
9 1 51 33.7836 -3 0 0 115
9 1 52 33.7836 -3 0 0 150
9 1 53 33.7836 -3 0 0 137
9 1 54 33.7836 -3 0 0 146
9 1 55 33.7836 -3 0 0 108
9 1 56 33.7836 -3 0 0 96
9 1 57 33.7836 -3 0 0 129
9 1 58 33.7836 -3 0 0 123
9 1 59 33.7836 -3 0 0 155
9 1 60 33.7836 -3 0 0 99
9 1 61 33.7836 -3 0 0 118
9 1 62 33.7836 -3 0 0 113
9 1 63 33.7836 -3 0 0 123
9 2 0 32.404 1.29516 6.04895 0.44716 511
9 2 1 29.4189 4.23432 9.49292 0.305134 382
9 2 2 42 -2 0 0 333
9 2 3 33.0452 -3 0 0 159
9 2 4 32.6863 1.85609 6.7961 0.352057 311
9 2 5 30.5675 2.62496 8.69703 0.452157 296
9 2 6 31.6433 1.58477 5.76989 0.448808 285
9 2 7 33.0452 -3 0 0 121
9 2 8 33.5884 1.37845 6.35277 0.389654 315
9 2 9 33.0452 -3 0 0 179
9 2 10 33.0452 -3 0 0 139
9 2 11 35.0646 2.02869 7.99132 0.431971 396
9 2 12 22 -2 0 0 224
9 2 13 33.0452 -3 0 0 147
9 2 14 32.3785 1.41386 6.98278 0.420935 582
9 2 15 33.0452 -3 0 0 197
9 2 16 33.0452 -3 0 0 139
9 2 17 33.3639 1.48072 5.59339 0.528167 436
9 2 18 30 -2 0 0 219
9 2 19 33.0452 -3 0 0 196
9 2 20 34.3836 2.05241 8.09655 0.47247 348
9 2 21 33.0452 -3 0 0 196
9 2 22 33.0452 -3 0 0 148
9 2 23 33.4875 2.2604 7.00378 0.608683 417
9 2 24 31.9225 1.26475 5.08496 0.454993 420
9 2 25 33.0452 -3 0 0 143
9 2 26 32.0615 1.09279 5.83992 0.342173 783
9 2 27 33.0452 -3 0 0 170
9 2 28 33.0452 -3 0 0 187
9 2 29 32.626 1.30918 5.31146 0.463814 544
9 2 30 37.6546 3.45635 12.1478 0.349792 216
9 2 31 33.0452 -3 0 0 131
9 2 32 33.0452 -3 0 0 186
9 2 33 34.4294 2.77619 9.06506 0.456092 204
9 2 34 32.0127 1.33797 6.75979 0.618727 767
9 2 35 33.0452 -3 0 0 177
9 2 36 24 -2 0 0 275
9 2 37 33.881 2.77693 7.27721 0.590999 430
9 2 38 33.0452 -3 0 0 157
9 2 39 33.0452 -3 0 0 137
9 2 40 31.5089 1.7466 6.51513 0.460929 328
9 2 41 33.0452 -3 0 0 197
9 2 42 30.7948 1.26035 5.36843 0.527872 360
9 2 43 31.3297 1.51392 6.52006 0.455698 607
9 2 44 33.0452 -3 0 0 186
9 2 45 31.6674 1.76308 5.49766 0.562799 246
9 2 46 32.5996 1.13495 6.00879 0.436037 880
9 2 47 36.82 5.21299 16.8501 0.471354 228
9 2 48 28 -2 0 0 291
9 2 49 32.7738 1.4324 6.14316 0.463436 528
9 2 50 34.3294 2.97796 11.2983 0.438252 286
9 2 51 34.3622 1.36433 6.72723 0.37502 991
9 2 52 31.1677 1.24572 5.53448 0.390186 721
9 2 53 33.132 5.66194 12.4374 0.613786 244
9 2 54 31.2088 1.30782 5.74925 0.376103 380
9 2 55 31.5997 0.988663 5.14642 0.421736 795
9 2 56 30.5962 1.04699 4.17981 0.537618 498
9 2 57 30.63 1.10443 5.66892 0.381874 780
9 2 58 29.1634 1.55733 6.93135 0.417401 503
9 2 59 34.4378 1.70752 7.22243 0.464194 1127
9 2 60 27.9365 6.12873 9.09336 0.270466 307
9 2 61 32.1691 1.12793 6.46889 0.313617 1597
9 2 62 30.693 1.01264 6.33958 0.309335 1259
9 2 63 30.271 1.07604 5.14143 0.428366 655
9 3 0 28.8078 1.11107 4.79692 0.429701 540
9 3 1 30.3847 1.36526 6.1486 0.377136 648
9 3 2 28.5137 1.2626 5.48639 0.408796 634
9 3 3 30.5563 1.405 5.87816 0.331173 412
9 3 4 26.6593 1.07518 3.68799 0.368526 390
9 3 5 28.6917 1.33062 5.75766 0.505781 503
9 3 6 29.6518 1.2672 6.0618 0.386671 765
9 3 7 26.2118 0.78392 4.31948 0.446608 917
9 3 8 26.7207 0.91653 4.39951 0.421944 396
9 3 9 27.1935 1.21637 5.87133 0.566565 675
9 3 10 28.3509 1.0909 5.06703 0.466591 941
9 3 11 26.9438 0.929832 4.50665 0.315866 411
9 3 12 24.9113 0.832939 4.6638 0.351363 691
9 3 13 26.5951 0.82374 5.16072 0.412113 771
9 3 14 30.8284 1.99918 6.23663 0.491822 458
9 3 15 26.1305 0.868004 3.93419 0.468259 510
9 3 16 28.4699 0.784075 5.66064 0.381807 1443
9 3 17 26 -2 0 0 381
9 3 18 27.0019 0.698345 3.9811 0.466057 514
9 3 19 27.1069 0.942922 4.32021 0.419622 687
9 3 20 28.6355 -3 0 0 186
9 3 21 26.8795 1.13796 4.58651 0.755586 789
9 3 22 29.1744 1.25012 5.72119 0.358734 665
9 3 23 36.5646 7.01206 19.3123 0.518943 272
9 3 24 30.1462 2.01009 5.18876 0.523951 444
9 3 25 27 -2 0 0 637
9 3 26 31.0017 3.32667 10.4321 0.358289 332
9 3 27 28.8027 1.17726 4.9266 0.498299 284
9 3 28 27.863 1.18883 5.62234 0.43557 385
9 3 29 30.9145 2.70795 9.61923 0.541554 303
9 3 30 28.1138 1.57975 6.18909 0.547151 361
9 3 31 28.6969 1.57105 5.13165 0.342695 541
9 3 32 28.9024 1.24755 5.90221 0.247724 418
9 3 33 26.5121 0.867857 4.85099 0.438712 363
9 3 34 28.6188 2.07614 5.0229 0.394922 344
9 3 35 26.5767 1.11831 4.18307 0.342587 511
9 3 36 35.9383 5.81994 16.7926 0.585326 313
9 3 37 26.3107 0.803136 3.94173 0.481224 378
9 3 38 27.1053 0.994265 4.6537 0.402797 473
9 3 39 31.6692 4.32218 12.9585 0.379686 249
9 3 40 27.8612 2.03946 6.18328 0.404511 262
9 3 41 30.8303 2.61154 7.51036 0.508529 306
9 3 42 31.8785 3.42624 10.6972 0.428749 258
9 3 43 37.1313 5.71459 14.9056 0.362583 255
9 3 44 28 -2 0 0 245
9 3 45 24.0632 25.0664 18.0888 0.493488 268
9 3 46 34.7573 12.0501 20 0.526851 299
9 3 47 30.084 1.56614 5.84503 0.442587 324
9 3 48 28.4088 1.3927 5.05417 0.354674 290
9 3 49 24.3857 8.81875 17.8716 0.445105 203
9 3 50 33.8232 3.1908 10.0698 0.496901 300
9 3 51 26 -2 0 0 215
9 3 52 32.2541 3.92661 11.6714 0.450672 243
9 3 53 26.0101 1.18698 4.63496 0.461022 258
9 3 54 27.6565 1.52248 5.23722 0.484762 243
9 3 55 25.4049 0.97113 3.87324 0.368582 247
9 3 56 25.2643 17.0445 20 0.3992 246
9 3 57 26.3677 1.56925 4.06744 0.415944 238
9 3 58 26.0703 0.965748 3.98682 0.452147 433
9 3 59 30.0954 3.87525 12.0147 0.415889 282
9 3 60 26 -2 0 0 241
9 3 61 25.9186 25.5487 17.5534 0.412596 230
9 3 62 26.3587 1.57782 5.87647 0.420748 252
9 3 63 31.0021 4.3593 14.0287 0.376835 219
9 4 0 32.3076 1.09659 5.93817 0.246111 1737
9 4 1 30.7731 0.94566 5.25654 0.461026 1031
9 4 2 30.4907 1.07229 4.79211 0.420968 736
9 4 3 32.6791 -3 0 0 96
9 4 4 32.6791 -3 0 0 44
9 4 5 31.3936 1.10532 5.53728 0.386263 471
9 4 6 31.0056 1.58362 5.90847 0.604551 508
9 4 7 32.6791 -3 0 0 198
9 4 8 31.3897 1.21895 6.02336 0.382132 590
9 4 9 29.5635 1.54159 4.90403 0.546805 372
9 4 10 34.9763 3.37586 10.7035 0.448767 255
9 4 11 31.3981 2.06838 10.6651 0.700961 482
9 4 12 30.2459 1.52694 6.79017 0.391716 303
9 4 13 32.6791 -3 0 0 196
9 4 14 33.3704 1.26613 5.95042 0.514567 1379
9 4 15 32.6791 -3 0 0 118
9 4 16 31.5544 2.93142 10.8548 0.355288 217
9 4 17 30.7098 1.2752 4.91211 0.483419 804
9 4 18 0 -10 0 0 0
9 4 19 32.6791 -3 0 0 170
9 4 20 27.5396 5.03332 8.01406 0.351372 351
9 4 21 35.5917 4.29688 10.8289 0.582981 388
9 4 22 29.6875 1.46303 5.52239 0.374008 248
9 4 23 34.9397 1.98432 7.88092 0.529774 378
9 4 24 31.1929 1.00117 5.92657 0.344788 769
9 4 25 32.6791 -3 0 0 174
9 4 26 31.7921 1.50217 6.13704 0.369937 1215
9 4 27 32.6791 -3 0 0 42
9 4 28 32.6791 -3 0 0 193
9 4 29 31.9755 1.31336 5.73077 0.38711 657
9 4 30 32.6791 -3 0 0 189
9 4 31 32.6791 -3 0 0 154
9 4 32 32.6791 -3 0 0 188
9 4 33 32.6791 -3 0 0 52
9 4 34 31.1746 1.03875 5.38216 0.533625 1007
9 4 35 32.6791 -3 0 0 146
9 4 36 0 -10 0 0 0
9 4 37 0 -10 0 0 0
9 4 38 32.6791 -3 0 0 143
9 4 39 28 -2 0 0 215
9 4 40 34.7296 1.57949 6.85153 0.456326 445
9 4 41 32.6791 -3 0 0 167
9 4 42 32.6791 -3 0 0 40
9 4 43 32.7745 1.78244 6.83887 0.471567 594
9 4 44 32.6791 -3 0 0 143
9 4 45 31.6808 3.4733 9.27202 0.414426 211
9 4 46 30.8671 1.12349 5.76942 0.448089 919
9 4 47 32.6791 -3 0 0 110
9 4 48 26 -2 0 0 221
9 4 49 30.7808 1.70363 5.08339 0.6183 419
9 4 50 32.6791 -3 0 0 170
9 4 51 28 -2 0 0 424
9 4 52 27.9222 0.977614 5.08798 0.607711 526
9 4 53 32.6791 -3 0 0 154
9 4 54 34.6988 2.61378 8.87607 0.443914 221
9 4 55 31.9947 1.44336 6.79036 0.534922 415
9 4 56 31.7433 2.88874 9.69082 0.466727 243
9 4 57 29.6119 1.78081 6.62746 0.394888 404
9 4 58 34.8795 3.96493 12.5987 0.546158 260
9 4 59 30.7152 1.35681 6.71484 0.359722 725
9 4 60 32.6791 -3 0 0 191
9 4 61 31.8941 1.34207 7.80451 0.215763 626
9 4 62 30.6997 1.40603 5.49551 0.594729 628
9 4 63 30.1812 1.73485 6.6164 0.57339 362
9 5 0 28 -2 0 0 218
9 5 1 31 -2 0 0 202
9 5 2 29.6895 2.15154 5.56766 0.360232 292
9 5 3 24 -2 0 0 290
9 5 4 27.4932 14.1365 8.59314 0.41145 283
9 5 5 31.7459 1.59348 6.12842 0.263359 274
9 5 6 27 -2 0 0 281
9 5 7 34.9443 1.72692 7.23141 0.354291 402
9 5 8 31.1097 1.72903 5.88081 0.440552 264
9 5 9 31.6346 1.88772 6.7776 0.309332 214
9 5 10 29.3255 1.47133 4.30489 0.413696 316
9 5 11 30.4252 2.28993 5.89634 0.307266 333
9 5 12 36.2587 2.59027 9.91612 0.401341 307
9 5 13 28.6698 0.79256 3.69564 0.591795 404
9 5 14 32.5919 3.83788 6.62257 0.368585 263
9 5 15 33.357 7.7048 15.2323 0.43798 250
9 5 16 36.5659 3.98824 13.4649 0.513085 387
9 5 17 25.7194 25.9865 17.9939 0.470987 301
9 5 18 30.8689 -3 0 0 195
9 5 19 32.3651 1.28849 5.8091 0.352904 465
9 5 20 27 -2 0 0 397
9 5 21 34.5028 3.09643 7.96944 0.337323 286
9 5 22 32.7532 1.87135 7.50049 0.271416 345
9 5 23 36.2202 4.77932 11.7329 0.451984 296
9 5 24 33.8218 3.42989 10.0081 0.365906 203
9 5 25 32.2129 1.11972 5.39232 0.304493 561
9 5 26 32.3271 1.98048 7.37504 0.31684 333
9 5 27 30.8689 -3 0 0 172
9 5 28 31.7921 1.21678 5.41774 0.49884 418
9 5 29 27.4748 14.6629 20 0.451729 204
9 5 30 37.2689 5.11046 14.4661 0.53326 235
9 5 31 32.7446 1.17774 5.33776 0.379819 604
9 5 32 33.2789 2.56105 9.17364 0.558601 514
9 5 33 30.8689 -3 0 0 69
9 5 34 34.2697 12.3829 19.7023 0.461099 222
9 5 35 30.5652 1.24841 4.66256 0.489434 1010
9 5 36 27.4696 0.974536 4.95513 0.313034 548
9 5 37 30.7877 1.43907 6.66076 0.410809 475
9 5 38 31.042 1.04597 4.72218 0.593766 842
9 5 39 29.2361 1.0519 4.51478 0.494206 863
9 5 40 30.8689 -3 0 0 44
9 5 41 27.5776 0.874246 5.16865 0.451905 589
9 5 42 28.078 0.846512 3.70713 0.420205 279
9 5 43 30.7632 1.51337 5.29741 0.36611 399
9 5 44 30.3 1.13341 5.60816 0.498986 897
9 5 45 24.3297 0.790792 3.47925 0.500503 613
9 5 46 28.9775 1.21516 5.68866 0.323567 475
9 5 47 33.2258 1.15259 7.09465 0.374539 1416
9 5 48 28.4952 1.19927 4.51682 0.463497 389
9 5 49 28.6289 0.997203 4.59505 0.388284 386
9 5 50 28.3758 0.803989 3.62035 0.307588 477
9 5 51 29.7361 1.2545 4.17086 0.353226 783
9 5 52 26.9782 0.949465 3.94078 0.579166 540
9 5 53 28.1854 1.19313 4.14412 0.435072 236
9 5 54 28.3169 0.855089 5.42452 0.488734 665
9 5 55 28.4585 1.15633 4.86942 0.514257 517
9 5 56 30.6651 1.21533 5.33063 0.351726 882
9 5 57 30.5857 1.30868 5.75916 0.391135 644
9 5 58 30.2444 1.33805 6.44142 0.257325 500
9 5 59 26.4324 4.21058 12.9964 0.419639 377
9 5 60 31.0034 1.01281 5.63029 0.56866 856
9 5 61 27.125 1.00633 5.1425 0.292333 929
9 5 62 30.5126 1.32513 5.5328 0.298372 427
9 5 63 26.5468 0.877958 4.17024 0.376121 713
9 6 0 32.8555 1.25851 5.36861 0.264351 773
9 6 1 35.6738 1.64936 6.48558 0.337863 541
9 6 2 36.1579 1.86449 6.74051 0.288592 457
9 6 3 35.6154 -3 0 0 190
9 6 4 37.643 4.70681 9.33163 0.429866 248
9 6 5 38.6633 4.51843 11.6597 0.436744 314
9 6 6 35.6938 4.52179 9.02606 0.450192 385
9 6 7 35.6154 -3 0 0 116
9 6 8 37.3089 5.66674 10.6284 0.474652 366
9 6 9 30.8137 6.94229 10.0583 0.294968 225
9 6 10 35.6154 -3 0 0 200
9 6 11 38.7039 4.28365 11.2185 0.478281 258
9 6 12 37.9512 10.0498 20 0.404333 258
9 6 13 35.6154 -3 0 0 148
9 6 14 34.4717 1.21676 5.5043 0.323618 537
9 6 15 35.6154 -3 0 0 167
9 6 16 35.6154 -3 0 0 149
9 6 17 30 -2 0 0 321
9 6 18 35.6154 -3 0 0 178
9 6 19 35.6154 -3 0 0 122
9 6 20 35.6154 -3 0 0 187
9 6 21 35.0832 2.33679 6.40297 0.354502 271
9 6 22 35.6154 -3 0 0 130
9 6 23 38 -2 0 0 210
9 6 24 35.5985 1.7987 6.36483 0.46771 405
9 6 25 35.6154 -3 0 0 101
9 6 26 35.5342 2.17555 6.16566 0.443991 463
9 6 27 35.6154 -3 0 0 132
9 6 28 35.6154 -3 0 0 110
9 6 29 36.839 3.04908 8.17095 0.334005 244
9 6 30 35.6154 -3 0 0 149
9 6 31 35.6154 -3 0 0 82
9 6 32 35.6154 -3 0 0 109
9 6 33 35.6154 -3 0 0 87
9 6 34 35.0167 1.66037 5.89132 0.352465 356
9 6 35 35.6154 -3 0 0 83
9 6 36 35.6154 -3 0 0 150
9 6 37 35.6154 -3 0 0 167
9 6 38 35.6154 -3 0 0 78
9 6 39 35.6154 -3 0 0 83
9 6 40 35.6154 -3 0 0 161
9 6 41 35.6154 -3 0 0 84
9 6 42 35.6154 -3 0 0 132
9 6 43 37.6542 10.9368 18.1908 0.410867 207
9 6 44 35.6154 -3 0 0 66
9 6 45 35.6154 -3 0 0 97
9 6 46 39.0261 8.38694 16.8365 0.442949 253
9 6 47 35.6154 -3 0 0 56
9 6 48 35.6154 -3 0 0 83
9 6 49 35.6154 -3 0 0 140
9 6 50 35.6154 -3 0 0 76
9 6 51 35.6154 -3 0 0 102
9 6 52 35.6154 -3 0 0 141
9 6 53 35.6154 -3 0 0 76
9 6 54 35.6154 -3 0 0 85
9 6 55 35.6154 -3 0 0 166
9 6 56 35.6154 -3 0 0 95
9 6 57 35.6154 -3 0 0 124
9 6 58 35.6154 -3 0 0 100
9 6 59 36.8833 8.87313 17.7582 0.344195 204
9 6 60 35.6154 -3 0 0 74
9 6 61 35.6154 -3 0 0 133
9 6 62 35.6154 -3 0 0 180
9 6 63 35.6154 -3 0 0 126
9 7 0 32.9346 -3 0 0 104
9 7 1 32.9346 -3 0 0 119
9 7 2 32.9346 -3 0 0 115
9 7 3 32.9346 -3 0 0 146
9 7 4 32.9346 -3 0 0 142
9 7 5 32.9346 -3 0 0 116
9 7 6 32.9346 -3 0 0 125
9 7 7 32.9346 -3 0 0 183
9 7 8 32.9346 -3 0 0 139
9 7 9 32.9346 -3 0 0 145
9 7 10 32.9346 -3 0 0 149
9 7 11 26.1771 17.8887 20 0.522123 205
9 7 12 32.9346 -3 0 0 132
9 7 13 32.9346 -3 0 0 196
9 7 14 32.9346 -3 0 0 126
9 7 15 28 -2 0 0 212
9 7 16 32.9346 -3 0 0 175
9 7 17 32.9346 -3 0 0 172
9 7 18 32.9346 -3 0 0 178
9 7 19 31.6204 5.03401 12.5194 0.525804 232
9 7 20 35.1744 3.3614 11.4012 0.467469 225
9 7 21 32.9346 -3 0 0 141
9 7 22 32.9346 -3 0 0 143
9 7 23 31.5962 2.14098 8.11746 0.376131 232
9 7 24 32.9346 -3 0 0 148
9 7 25 34.7505 2.70162 7.62276 0.494053 270
9 7 26 32.9346 -3 0 0 161
9 7 27 32.8776 1.2176 5.4494 0.406673 259
9 7 28 29 -2 0 0 236
9 7 29 32.9346 -3 0 0 192
9 7 30 30 -2 0 0 219
9 7 31 34.7557 1.97958 7.94131 0.49044 384
9 7 32 27.1883 6.26682 9.27415 0.382236 305
9 7 33 37.2279 3.14777 10.396 0.565866 348
9 7 34 36.5611 5.23826 15.7525 0.436981 203
9 7 35 32.5879 2.02326 6.64567 0.511717 468
9 7 36 35.0937 2.7547 9.96107 0.517932 344
9 7 37 35.6818 2.50611 8.89779 0.504983 287
9 7 38 32.2508 1.64953 5.52159 0.563791 724
9 7 39 33.4416 1.36042 7.70061 0.345736 946
9 7 40 34.8175 1.94538 7.11496 0.401191 306
9 7 41 32.4508 1.41888 5.47559 0.395378 438
9 7 42 32.5381 2.82032 11.0704 0.501336 376
9 7 43 32.6818 1.76096 7.33629 0.321072 250
9 7 44 30.5387 1.19834 6.17922 0.519584 621
9 7 45 31.711 1.19791 5.56518 0.422372 452
9 7 46 28 -2 0 0 260
9 7 47 32.3951 1.18405 6.54922 0.25841 1072
9 7 48 32.8751 1.53268 7.64188 0.334241 385
9 7 49 31.578 1.48854 5.77476 0.433199 339
9 7 50 33.3947 1.4767 7.17605 0.440764 582
9 7 51 29.7787 1.32492 6.56781 0.412399 579
9 7 52 35.0939 2.73384 11.409 0.519632 333
9 7 53 31.0201 0.972498 5.9855 0.503795 962
9 7 54 29.9637 1.18748 4.70688 0.537529 595
9 7 55 32.4016 2.97352 7.27474 0.636227 419
9 7 56 37.1721 2.30465 8.53357 0.632013 862
9 7 57 28.373 1.07809 4.89067 0.495794 761
9 7 58 29.4978 1.0037 5.7718 0.354086 598
9 7 59 27 -2 0 0 298
9 7 60 31.02 0.935269 5.6331 0.369709 983
9 7 61 30.5325 1.2454 5.00061 0.378759 577
9 7 62 31.4176 1.41658 5.62271 0.447922 413
9 7 63 30.7636 1.25905 5.64276 0.491711 474
9 8 0 32.9326 -3 0 0 130
9 8 1 32.9326 -3 0 0 109
9 8 2 32.9326 -3 0 0 135
9 8 3 32.9326 -3 0 0 141
9 8 4 32.9326 -3 0 0 150
9 8 5 32.9326 -3 0 0 154
9 8 6 32.9326 -3 0 0 131
9 8 7 39.0818 5.56421 16.4721 0.428533 211
9 8 8 32.9326 -3 0 0 119
9 8 9 32.9326 -3 0 0 170
9 8 10 32.9326 -3 0 0 118
9 8 11 32.9326 -3 0 0 163
9 8 12 32.9326 -3 0 0 130
9 8 13 25 -2 0 0 231
9 8 14 32.9326 -3 0 0 119
9 8 15 32.9326 -3 0 0 199
9 8 16 32.9326 -3 0 0 190
9 8 17 32.9326 -3 0 0 148
9 8 18 32.9326 -3 0 0 142
9 8 19 27 -2 0 0 290
9 8 20 32.9326 -3 0 0 12
9 8 21 32.9326 -3 0 0 132
9 8 22 32.9326 -3 0 0 155
9 8 23 34.6729 2.20506 7.94088 0.379391 202
9 8 24 32.9326 -3 0 0 116
9 8 25 31.4077 1.30334 5.47425 0.401081 355
9 8 26 32.9326 -3 0 0 137
9 8 27 32.3385 2.41894 8.70255 0.386375 233
9 8 28 32.8484 1.57728 5.95731 0.428372 291
9 8 29 32.9326 -3 0 0 162
9 8 30 35.0444 5.59573 15.4389 0.518845 245
9 8 31 31.8178 1.50117 5.42871 0.398455 496
9 8 32 34.0287 1.88193 7.28289 0.327733 379
9 8 33 36.5375 2.2098 8.16112 0.495691 306
9 8 34 32.9326 -3 0 0 176
9 8 35 30.2209 1.26542 5.38733 0.575092 569
9 8 36 32.6425 1.69302 6.35046 0.480259 339
9 8 37 32.9326 -3 0 0 120
9 8 38 32.5492 1.09763 5.4377 0.384527 888
9 8 39 33.5943 1.38497 6.46525 0.331048 760
9 8 40 32.9326 -3 0 0 16
9 8 41 28.5118 1.06293 4.51482 0.503398 480
9 8 42 32.9326 -3 0 0 148
9 8 43 28.974 4.73929 13.3279 0.28939 220
9 8 44 32.4029 1.21362 5.6007 0.445705 698
9 8 45 33.1826 1.9051 8.31806 0.399182 392
9 8 46 32.9326 -3 0 0 150
9 8 47 32.544 1.06145 5.56856 0.326563 1322
9 8 48 33.1742 1.71784 7.63084 0.408907 383
9 8 49 32.9326 -3 0 0 100
9 8 50 32.1963 1.4016 5.57151 0.459792 600
9 8 51 32.7374 2.17468 8.60151 0.402028 381
9 8 52 33.5038 2.69127 9.5169 0.399792 207
9 8 53 32.9326 -3 0 0 101
9 8 54 32.1309 1.57567 6.4544 0.345333 427
9 8 55 25 -2 0 0 294
9 8 56 31.3686 1.26101 5.30745 0.25701 337
9 8 57 31.7623 1.57683 5.58224 0.506142 482
9 8 58 29.1271 2.49958 7.2273 0.426934 399
9 8 59 45 -2 0 0 240
9 8 60 32.9326 -3 0 0 81
9 8 61 36.6824 3.19344 12.0487 0.462464 351
9 8 62 29.0307 3.63558 9.63527 0.254786 296
9 8 63 31.6211 2.00665 7.38081 0.388168 347
9 9 0 31.3243 2.01376 6.53891 0.314296 425
9 9 1 31.4795 1.63559 5.75344 0.339935 302
9 9 2 26 -2 0 0 248
9 9 3 31.7485 -3 0 0 96
9 9 4 31.7485 -3 0 0 113
9 9 5 31.7485 -3 0 0 143
9 9 6 31.7485 -3 0 0 194
9 9 7 31.7485 -3 0 0 72
9 9 8 31.7485 -3 0 0 173
9 9 9 31.7485 -3 0 0 131
9 9 10 31.7485 -3 0 0 101
9 9 11 31.7485 -3 0 0 152
9 9 12 31.7485 -3 0 0 121
9 9 13 31.7485 -3 0 0 68
9 9 14 37 -2 0 0 296
9 9 15 31.7485 -3 0 0 78
9 9 16 31.7485 -3 0 0 98
9 9 17 31.7485 -3 0 0 191
9 9 18 31.7485 -3 0 0 102
9 9 19 31.7485 -3 0 0 76
9 9 20 31.7485 -3 0 0 105
9 9 21 31.7485 -3 0 0 162
9 9 22 31.7485 -3 0 0 90
9 9 23 31.7485 -3 0 0 141
9 9 24 29 -2 0 0 274
9 9 25 31.7485 -3 0 0 69
9 9 26 32.6196 3.83602 8.65068 0.347184 227
9 9 27 31.7485 -3 0 0 87
9 9 28 31.7485 -3 0 0 75
9 9 29 31.7485 -3 0 0 172
9 9 30 31.7485 -3 0 0 90
9 9 31 31.7485 -3 0 0 45
9 9 32 31.7485 -3 0 0 61
9 9 33 31.7485 -3 0 0 88
9 9 34 27.975 21.2556 18.4594 0.37829 231
9 9 35 31.7485 -3 0 0 30
9 9 36 31.7485 -3 0 0 66
9 9 37 31.7485 -3 0 0 122
9 9 38 31.7485 -3 0 0 48
9 9 39 31.7485 -3 0 0 57
9 9 40 31.7485 -3 0 0 73
9 9 41 31.7485 -3 0 0 45
9 9 42 31.7485 -3 0 0 74
9 9 43 31.7485 -3 0 0 169
9 9 44 31.7485 -3 0 0 30
9 9 45 31.7485 -3 0 0 63
9 9 46 34.5494 10.0585 20 0.30384 214
9 9 47 31.7485 -3 0 0 45
9 9 48 31.7485 -3 0 0 56
9 9 49 31.7485 -3 0 0 97
9 9 50 31.7485 -3 0 0 62
9 9 51 31.7485 -3 0 0 82
9 9 52 31.7485 -3 0 0 126
9 9 53 31.7485 -3 0 0 40
9 9 54 31.7485 -3 0 0 59
9 9 55 31.7485 -3 0 0 106
9 9 56 31.7485 -3 0 0 68
9 9 57 31.7485 -3 0 0 98
9 9 58 31.7485 -3 0 0 53
9 9 59 31.7485 -3 0 0 115
9 9 60 31.7485 -3 0 0 41
9 9 61 31.7485 -3 0 0 112
9 9 62 31.7485 -3 0 0 138
9 9 63 31.7485 -3 0 0 104
9 10 0 31.5144 -3 0 0 143
9 10 1 31.5144 -3 0 0 192
9 10 2 26 -2 0 0 222
9 10 3 26 -2 0 0 285
9 10 4 30.3896 1.16034 4.82055 0.380557 263
9 10 5 30.9784 1.42902 5.06831 0.378891 282
9 10 6 35.6305 5.28069 15.247 0.482941 261
9 10 7 28.0022 0.793885 3.96155 0.383687 763
9 10 8 30 -2 0 0 225
9 10 9 26 -2 0 0 306
9 10 10 30.1317 1.36998 5.83331 0.371601 302
9 10 11 32.7517 1.76356 6.01308 0.379809 207
9 10 12 30.711 1.75485 6.20939 0.480675 329
9 10 13 29.0007 1.29009 4.99859 0.338401 442
9 10 14 31.5144 -3 0 0 168
9 10 15 35.6284 3.36666 11.5397 0.564637 396
9 10 16 28.7951 1.27415 4.69776 0.544418 485
9 10 17 31.5144 -3 0 0 173
9 10 18 26 -2 0 0 304
9 10 19 36.0459 1.9633 8.73262 0.521438 597
9 10 20 34.6095 3.21298 10.2196 0.481779 248
9 10 21 32 -2 0 0 211
9 10 22 29.1438 1.12081 4.60355 0.441596 393
9 10 23 33.8343 3.90312 11.0593 0.409869 204
9 10 24 31.5144 -3 0 0 198
9 10 25 34.1059 1.48964 6.45593 0.630131 661
9 10 26 29 -2 0 0 224
9 10 27 32.1888 1.95776 8.36826 0.597813 398
9 10 28 29.1761 0.850346 4.00508 0.54937 564
9 10 29 31.2223 1.55374 5.76197 0.383937 221
9 10 30 29.5207 4.12458 8.74959 0.459876 320
9 10 31 28.8233 0.779322 4.32014 0.872475 1013
9 10 32 29.2984 1.13555 4.60749 0.510053 578
9 10 33 30.5437 1.22975 5.2313 0.610569 501
9 10 34 31.5144 -3 0 0 193
9 10 35 28.8066 0.712367 4.67899 0.427253 1120
9 10 36 30.0559 0.789654 4.89529 0.330914 613
9 10 37 33.6737 2.39032 7.66284 0.324982 221
9 10 38 31.2123 0.910288 5.80949 0.297717 1380
9 10 39 30.422 1.31218 5.98507 0.508095 653
9 10 40 30.7709 1.54279 7.64753 0.391786 311
9 10 41 29.368 1.04601 5.10205 0.438014 740
9 10 42 28.4393 1.24935 4.65294 0.417651 374
9 10 43 33.024 2.82153 9.15157 0.379653 233
9 10 44 28.8302 0.812149 4.82648 0.499127 932
9 10 45 31.3595 1.35941 5.40098 0.623525 538
9 10 46 34.5301 10.7498 18.6721 0.397376 222
9 10 47 31.8371 1.00967 6.62092 0.354207 1935
9 10 48 31.2063 2.28201 7.32845 0.593602 442
9 10 49 29.3404 1.76191 6.70066 0.465701 295
9 10 50 29.5265 1.22199 5.13632 0.486553 629
9 10 51 31.4671 1.75639 6.23776 0.418121 339
9 10 52 33.6326 2.5864 8.2409 0.395913 285
9 10 53 31.8434 1.02856 5.80511 0.497348 1161
9 10 54 30.9115 1.3844 5.8867 0.405111 484
9 10 55 34.6303 4.18948 10.7965 0.477153 324
9 10 56 24 -2 0 0 549
9 10 57 31.2726 1.3965 5.77587 0.540185 403
9 10 58 26 -2 0 0 362
9 10 59 33.9622 10.2852 20 0.396457 220
9 10 60 29.1499 0.871537 4.76093 0.47477 1038
9 10 61 25 -2 0 0 331
9 10 62 33.596 3.52858 10.9003 0.443436 269
9 10 63 27.569 0.980814 4.52297 0.461007 400
9 11 0 36.0766 1.86021 6.92909 0.358348 756
9 11 1 34.2479 1.28845 5.66571 0.349273 539
9 11 2 30.2231 4.21722 8.5758 0.243814 368
9 11 3 34.0062 -3 0 0 162
9 11 4 34.3211 3.50933 11.1904 0.37286 261
9 11 5 34.4619 2.45018 8.90344 0.334649 277
9 11 6 31.0567 1.73053 6.31967 0.418155 269
9 11 7 34.0062 -3 0 0 117
9 11 8 29.5495 1.75717 5.9944 0.315943 369
9 11 9 34.9718 9.22367 20 0.398123 218
9 11 10 34.0062 -3 0 0 186
9 11 11 32.2565 1.75348 6.84533 0.40141 325
9 11 12 42 -2 0 0 250
9 11 13 34.0062 -3 0 0 136
9 11 14 32.7449 1.14559 4.54136 0.562378 685
9 11 15 34.0062 -3 0 0 156
9 11 16 34.0062 -3 0 0 140
9 11 17 32.4443 1.20385 5.38197 0.462736 440
9 11 18 40.6301 4.55471 14.0822 0.399018 214
9 11 19 34.0062 -3 0 0 112
9 11 20 27 -2 0 0 202
9 11 21 26.1964 15.8219 20 0.434306 243
9 11 22 34.0062 -3 0 0 141
9 11 23 36.3108 3.50398 9.19709 0.508038 315
9 11 24 34.6879 1.69404 8.19711 0.408052 432
9 11 25 34.0062 -3 0 0 138
9 11 26 33.9376 2.12973 6.39865 0.457416 612
9 11 27 34.0062 -3 0 0 147
9 11 28 34.0062 -3 0 0 128
9 11 29 33.6018 2.00259 7.50735 0.422769 372
9 11 30 34.0062 -3 0 0 185
9 11 31 34.0062 -3 0 0 96
9 11 32 34.0062 -3 0 0 133
9 11 33 34.0062 -3 0 0 144
9 11 34 32.9789 1.37025 7.14977 0.329787 623
9 11 35 34.0062 -3 0 0 106
9 11 36 34.0062 -3 0 0 171
9 11 37 28 -2 0 0 288
9 11 38 34.0062 -3 0 0 119
9 11 39 34.0062 -3 0 0 153
9 11 40 30 -2 0 0 215
9 11 41 34.0062 -3 0 0 99
9 11 42 34.0062 -3 0 0 179
9 11 43 33.3944 2.35623 5.8762 0.401458 389
9 11 44 34.0062 -3 0 0 91
9 11 45 34.0062 -3 0 0 136
9 11 46 33.8593 1.38358 6.89537 0.400105 528
9 11 47 34.0062 -3 0 0 109
9 11 48 34.0062 -3 0 0 174
9 11 49 30 -2 0 0 266
9 11 50 34.0062 -3 0 0 111
9 11 51 34 -2 0 0 293
9 11 52 28 -2 0 0 333
9 11 53 34.0062 -3 0 0 121
9 11 54 34.0062 -3 0 0 153
9 11 55 33.3128 1.9854 7.17039 0.311654 322
9 11 56 34.0062 -3 0 0 195
9 11 57 32.0832 3.60129 10.7015 0.387345 263
9 11 58 29 -2 0 0 207
9 11 59 32.189 1.52878 6.75612 0.29312 481
9 11 60 34.0062 -3 0 0 116
9 11 61 32.587 1.83663 7.43051 0.360199 378
9 11 62 29.9101 1.90906 7.0839 0.40492 449
9 11 63 35.7706 4.71922 13.4775 0.355779 232
9 12 0 30.1214 1.81265 6.01683 0.485437 362
9 12 1 22 -2 0 0 345
9 12 2 29.0994 1.54473 6.35048 0.360624 423
9 12 3 31.0875 1.29722 4.68538 0.390542 683
9 12 4 29.5353 1.1555 4.76365 0.344095 360
9 12 5 30.7124 1.93495 7.77079 0.516326 400
9 12 6 30.554 1.09582 5.6383 0.364771 535
9 12 7 29.8384 0.807431 5.04374 0.462818 1266
9 12 8 31.9951 1.3843 5.90391 0.372272 339
9 12 9 30.4303 0.937036 5.34614 0.400899 874
9 12 10 30.1698 0.975256 5.04288 0.42913 1390
9 12 11 30.0592 2.03422 5.44289 0.520659 317
9 12 12 30.253 1.19117 4.44759 0.361385 513
9 12 13 31.0916 1.00912 5.17352 0.357915 598
9 12 14 29 -2 0 0 256
9 12 15 30.1413 1.11855 5.35689 0.362269 591
9 12 16 32.0356 1.00792 6.87537 0.393723 1755
9 12 17 33.236 2.36137 7.9914 0.342618 296
9 12 18 22 -2 0 0 360
9 12 19 32.0396 1.34848 6.57916 0.469979 1088
9 12 20 29.4369 1.63542 6.48127 0.353058 283
9 12 21 29.5739 0.813705 4.4345 0.386831 675
9 12 22 25 -2 0 0 937
9 12 23 34.0097 9.63221 20 0.510461 256
9 12 24 29.3758 1.132 4.08982 0.486641 344
9 12 25 33.3957 1.33222 7.26126 0.557951 991
9 12 26 32.2536 12.0266 20 0.461052 239
9 12 27 29.5653 1.08864 4.95163 0.500641 417
9 12 28 29.7771 1.49025 6.91956 0.578919 586
9 12 29 27.3761 1.12621 4.35613 0.505882 280
9 12 30 31.8853 1.35966 7.1127 0.343993 389
9 12 31 28.8916 0.864776 5.07231 0.45298 1286
9 12 32 29.1957 1.2207 6.74824 0.425341 528
9 12 33 34.5367 1.48767 6.82829 0.348873 393
9 12 34 37.1012 3.3055 11.3969 0.401804 229
9 12 35 32.0369 1.33234 5.5365 0.334268 621
9 12 36 31.8585 2.50064 9.03308 0.499726 299
9 12 37 31.6009 -3 0 0 194
9 12 38 30.2037 1.10335 4.53174 0.483374 637
9 12 39 33.1075 2.60621 8.73168 0.35461 238
9 12 40 32.1137 2.66068 9.45309 0.613565 315
9 12 41 27.8192 0.789789 3.8883 0.483467 517
9 12 42 32.069 4.40846 12.6 0.457403 235
9 12 43 28.2886 21.2782 14.7624 0.348646 225
9 12 44 28.5473 1.04314 4.14162 0.478136 356
9 12 45 31.2203 1.91895 6.88667 0.475958 295
9 12 46 31.0474 6.44666 17.447 0.453382 210
9 12 47 32.5713 1.46154 5.74014 0.521575 521
9 12 48 28.44 15.3538 20 0.49202 279
9 12 49 31.6009 -3 0 0 188
9 12 50 32.578 1.92663 7.45708 0.391128 290
9 12 51 31.6009 -3 0 0 137
9 12 52 31.6009 -3 0 0 185
9 12 53 25 -2 0 0 328
9 12 54 32.6704 11.7236 20 0.584442 263
9 12 55 30.5432 2.85784 8.76238 0.373902 204
9 12 56 29.9034 2.45645 8.17275 0.429407 228
9 12 57 31.6009 -3 0 0 174
9 12 58 23 -2 0 0 215
9 12 59 31.6009 -3 0 0 178
9 12 60 30.1363 3.0386 9.03535 0.401685 316
9 12 61 31.6009 -3 0 0 152
9 12 62 31.6009 -3 0 0 142
9 12 63 24 -2 0 0 203
9 13 0 33.9591 1.90523 7.03348 0.394556 389
9 13 1 34.0378 2.73145 10.42 0.324525 277
9 13 2 32.8339 3.53895 11.4644 0.42815 249
9 13 3 32.3709 -3 0 0 132
9 13 4 32.3709 -3 0 0 197
9 13 5 32.3709 -3 0 0 167
9 13 6 32.3709 -3 0 0 195
9 13 7 32.3709 -3 0 0 83
9 13 8 33.0802 11.7017 20 0.441463 212
9 13 9 32.3709 -3 0 0 130
9 13 10 32.3709 -3 0 0 106
9 13 11 34.8104 2.2318 9.08418 0.383042 261
9 13 12 32.3709 -3 0 0 154
9 13 13 32.3709 -3 0 0 110
9 13 14 32.728 1.68707 6.80023 0.369264 470
9 13 15 32.3709 -3 0 0 126
9 13 16 32.3709 -3 0 0 80
9 13 17 30.2764 1.48479 4.77231 0.478636 343
9 13 18 32.3709 -3 0 0 154
9 13 19 32.3709 -3 0 0 92
9 13 20 31.6369 3.33144 11.3093 0.384135 209
9 13 21 32.3709 -3 0 0 152
9 13 22 32.3709 -3 0 0 108
9 13 23 32.9674 2.23318 8.00384 0.465644 246
9 13 24 32.8078 1.54063 6.01599 0.465378 298
9 13 25 32.3709 -3 0 0 96
9 13 26 31.1481 1.47116 5.98534 0.3084 463
9 13 27 32.3709 -3 0 0 139
9 13 28 32.3709 -3 0 0 108
9 13 29 31.5116 5.65916 12.677 0.504473 343
9 13 30 32.3709 -3 0 0 163
9 13 31 32.3709 -3 0 0 104
9 13 32 32.3709 -3 0 0 123
9 13 33 32.3709 -3 0 0 134
9 13 34 29 -2 0 0 446
9 13 35 32.3709 -3 0 0 114
9 13 36 32.3709 -3 0 0 154
9 13 37 35.1832 3.35935 8.32435 0.437751 307
9 13 38 32.3709 -3 0 0 106
9 13 39 24 -2 0 0 216
9 13 40 32.3709 -3 0 0 199
9 13 41 32.3709 -3 0 0 142
9 13 42 25.5198 11.8168 10.8641 0.312149 273
9 13 43 33.4354 2.15729 9.14755 0.481474 371
9 13 44 32.3709 -3 0 0 122
9 13 45 32.3709 -3 0 0 138
9 13 46 30.8579 1.23897 5.14788 0.391345 573
9 13 47 32.3709 -3 0 0 135
9 13 48 32.3709 -3 0 0 199
9 13 49 31.714 2.14616 9.83839 0.452465 318
9 13 50 32.3709 -3 0 0 161
9 13 51 30.7607 1.55287 5.6999 0.271749 470
9 13 52 29.321 1.50247 5.53507 0.423753 407
9 13 53 32.3709 -3 0 0 169
9 13 54 31.7596 2.55198 7.0226 0.306765 240
9 13 55 29.4898 1.28883 5.46959 0.321209 469
9 13 56 34.0276 2.72325 9.77638 0.416906 323
9 13 57 35.6245 2.86571 9.87194 0.492066 391
9 13 58 37.7092 4.32282 13.8769 0.419967 246
9 13 59 34.9667 1.40445 5.77093 0.493345 568
9 13 60 32.3709 -3 0 0 181
9 13 61 30.1903 1.32117 4.82759 0.448204 747
9 13 62 31.7366 1.58842 6.96067 0.347797 700
9 13 63 32.3973 3.10943 8.13221 0.483376 315
9 14 0 32.3932 1.70456 6.48899 0.384262 356
9 14 1 30.6877 1.65335 6.31635 0.351677 372
9 14 2 31.3909 1.34023 6.23993 0.448683 473
9 14 3 33.7046 1.53568 6.27938 0.307312 470
9 14 4 25.6097 8.31385 11.5088 0.438956 316
9 14 5 23.9526 8.61954 8.66189 0.411903 432
9 14 6 27 -2 0 0 600
9 14 7 29.7326 0.921656 5.0002 0.4881 869
9 14 8 31.3169 1.46335 5.60786 0.449349 359
9 14 9 30.4241 1.36599 5.50828 0.358356 809
9 14 10 33.4972 1.65211 6.09098 0.515811 1047
9 14 11 29.1025 12.0084 20 0.601061 275
9 14 12 32.3986 1.66007 7.04763 0.399246 453
9 14 13 31.783 -3 0 0 126
9 14 14 35.8468 5.69644 14.8192 0.456385 256
9 14 15 30.5826 1.234 5.14992 0.267334 239
9 14 16 30.8086 1.16509 5.95875 0.288194 1312
9 14 17 24 -2 0 0 244
9 14 18 25 -2 0 0 370
9 14 19 33.8719 1.74131 6.84471 0.372487 601
9 14 20 27 -2 0 0 253
9 14 21 31.8863 1.373 6.27593 0.378976 722
9 14 22 28.0755 0.975998 3.01193 0.655607 259
9 14 23 30.4783 7.14603 16.0478 0.400578 235
9 14 24 32.9789 2.51107 11.4812 0.428381 310
9 14 25 31.8527 1.47424 6.56382 0.337083 461
9 14 26 32.6266 3.69264 8.58082 0.462027 229
9 14 27 29.5221 1.26414 5.44114 0.376034 325
9 14 28 33.9335 1.81202 6.71456 0.411668 339
9 14 29 31.783 -3 0 0 190
9 14 30 31.6605 1.30896 5.38793 0.337821 277
9 14 31 34.0881 2.09768 7.65589 0.487622 319
9 14 32 31.783 -3 0 0 113
9 14 33 31.783 -3 0 0 89
9 14 34 31.783 -3 0 0 172
9 14 35 27 -2 0 0 270
9 14 36 31.783 -3 0 0 56
9 14 37 31.783 -3 0 0 162
9 14 38 32.5875 3.0357 9.40395 0.446152 209
9 14 39 31.783 -3 0 0 130
9 14 40 31.4375 2.84092 8.74908 0.367851 225
9 14 41 33.1465 4.08849 8.44475 0.48275 203
9 14 42 31.783 -3 0 0 160
9 14 43 31.783 -3 0 0 163
9 14 44 31.783 -3 0 0 160
9 14 45 31.783 -3 0 0 105
9 14 46 31.783 -3 0 0 170
9 14 47 31.783 -3 0 0 178
9 14 48 31.783 -3 0 0 158
9 14 49 31.783 -3 0 0 168
9 14 50 31.783 -3 0 0 155
9 14 51 31.783 -3 0 0 114
9 14 52 31.783 -3 0 0 111
9 14 53 31.783 -3 0 0 157
9 14 54 31.783 -3 0 0 158
9 14 55 31.783 -3 0 0 96
9 14 56 31.783 -3 0 0 134
9 14 57 31.783 -3 0 0 100
9 14 58 31.783 -3 0 0 94
9 14 59 31.783 -3 0 0 137
9 14 60 31.783 -3 0 0 150
9 14 61 31.783 -3 0 0 97
9 14 62 31.783 -3 0 0 110
9 14 63 31.783 -3 0 0 103
9 15 0 34.3884 -3 0 0 117
9 15 1 34.3884 -3 0 0 101
9 15 2 34.3884 -3 0 0 99
9 15 3 34.3884 -3 0 0 65
9 15 4 34.3884 -3 0 0 94
9 15 5 34.3884 -3 0 0 82
9 15 6 34.3884 -3 0 0 69
9 15 7 34.3884 -3 0 0 46
9 15 8 34.3884 -3 0 0 95
9 15 9 34.3884 -3 0 0 63
9 15 10 34.3884 -3 0 0 40
9 15 11 34.3884 -3 0 0 95
9 15 12 34.3884 -3 0 0 49
9 15 13 34.3884 -3 0 0 60
9 15 14 34.3884 -3 0 0 129
9 15 15 34.3884 -3 0 0 63
9 15 16 34.3884 -3 0 0 50
9 15 17 34.3884 -3 0 0 106
9 15 18 34.3884 -3 0 0 66
9 15 19 34.3884 -3 0 0 57
9 15 20 34.3884 -3 0 0 87
9 15 21 34.3884 -3 0 0 54
9 15 22 34.3884 -3 0 0 51
9 15 23 34.3884 -3 0 0 114
9 15 24 34.3884 -3 0 0 100
9 15 25 34.3884 -3 0 0 58
9 15 26 34.3884 -3 0 0 153
9 15 27 34.3884 -3 0 0 73
9 15 28 34.3884 -3 0 0 68
9 15 29 34.3884 -3 0 0 146
9 15 30 34.3884 -3 0 0 68
9 15 31 34.3884 -3 0 0 70
9 15 32 34.3884 -3 0 0 70
9 15 33 34.3884 -3 0 0 79
9 15 34 34.3884 -3 0 0 172
9 15 35 34.3884 -3 0 0 68
9 15 36 34.3884 -3 0 0 107
9 15 37 34.3884 -3 0 0 147
9 15 38 34.3884 -3 0 0 100
9 15 39 34.3884 -3 0 0 157
9 15 40 34.3884 -3 0 0 126
9 15 41 34.3884 -3 0 0 88
9 15 42 34.3884 -3 0 0 130
9 15 43 34.3884 -3 0 0 169
9 15 44 34.3884 -3 0 0 76
9 15 45 34.3884 -3 0 0 99
9 15 46 35.9748 3.35951 9.49366 0.27139 209
9 15 47 34.3884 -3 0 0 91
9 15 48 34.3884 -3 0 0 113
9 15 49 34.3884 -3 0 0 150
9 15 50 34.3884 -3 0 0 101
9 15 51 29 -2 0 0 284
9 15 52 34.3884 -3 0 0 162
9 15 53 34.3884 -3 0 0 104
9 15 54 34.3884 -3 0 0 131
9 15 55 29 -2 0 0 201
9 15 56 34.3884 -3 0 0 151
9 15 57 33.3492 12.3988 20 0.323541 205
9 15 58 34.3884 -3 0 0 157
9 15 59 33.7843 2.37381 5.65199 0.341781 253
9 15 60 34.3884 -3 0 0 129
9 15 61 32.9344 2.08881 7.21358 0.352008 354
9 15 62 27 -2 0 0 255
9 15 63 34.3884 -3 0 0 187
10 0 0 32.4626 -3 0 0 161
10 0 1 32.4626 -3 0 0 144
10 0 2 32.4626 -3 0 0 139
10 0 3 32.4626 -3 0 0 55
10 0 4 32.4626 -3 0 0 115
10 0 5 32.4626 -3 0 0 88
10 0 6 32.4626 -3 0 0 111
10 0 7 32.4626 -3 0 0 79
10 0 8 32.4626 -3 0 0 105
10 0 9 32.4626 -3 0 0 38
10 0 10 32.4626 -3 0 0 20
10 0 11 32.4626 -3 0 0 142
10 0 12 32.4626 -3 0 0 81
10 0 13 32.4626 -3 0 0 61
10 0 14 32.4626 -3 0 0 145
10 0 15 32.4626 -3 0 0 77
10 0 16 32.4626 -3 0 0 30
10 0 17 32.4626 -3 0 0 158
10 0 18 32.4626 -3 0 0 74
10 0 19 32.4626 -3 0 0 48
10 0 20 32.4626 -3 0 0 122
10 0 21 32.4626 -3 0 0 71
10 0 22 32.4626 -3 0 0 47
10 0 23 32.4626 -3 0 0 167
10 0 24 32.4626 -3 0 0 133
10 0 25 32.4626 -3 0 0 94
10 0 26 28 -2 0 0 219
10 0 27 32.4626 -3 0 0 108
10 0 28 32.4626 -3 0 0 88
10 0 29 32.4626 -3 0 0 164
10 0 30 32.4626 -3 0 0 75
10 0 31 32.4626 -3 0 0 108
10 0 32 32.4626 -3 0 0 66
10 0 33 32.4626 -3 0 0 133
10 0 34 28 -2 0 0 271
10 0 35 32.4626 -3 0 0 120
10 0 36 32.4626 -3 0 0 102
10 0 37 32.4626 -3 0 0 142
10 0 38 32.4626 -3 0 0 145
10 0 39 30.0189 7.6252 11.2663 0.368081 290
10 0 40 32.4626 -3 0 0 145
10 0 41 32.4626 -3 0 0 126
10 0 42 32.4626 -3 0 0 198
10 0 43 27 -2 0 0 232
10 0 44 32.4626 -3 0 0 161
10 0 45 32.4626 -3 0 0 181
10 0 46 33.0146 3.65645 6.97669 0.370293 280
10 0 47 32.4626 -3 0 0 179
10 0 48 32.4626 -3 0 0 153
10 0 49 36.7647 3.5526 10.2715 0.355713 240
10 0 50 32.4626 -3 0 0 187
10 0 51 31.2174 1.61924 6.20032 0.258256 535
10 0 52 31.9669 1.7169 7.23818 0.369239 304
10 0 53 29.6244 15.3896 20 0.366382 205
10 0 54 32.4626 -3 0 0 194
10 0 55 33.0555 2.39797 7.01708 0.350432 331
10 0 56 26 -2 0 0 384
10 0 57 31.7109 1.87472 6.59089 0.266352 404
10 0 58 41 -2 0 0 281
10 0 59 30.4169 2.31814 10.0699 0.374792 450
10 0 60 34.9757 8.35809 17.4572 0.383809 226
10 0 61 30.4189 2.19073 6.06245 0.325856 699
10 0 62 28.1657 1.12362 4.80176 0.473232 451
10 0 63 32.7848 2.62442 8.16721 0.34345 294
10 1 0 32.7904 1.58125 5.63107 0.517317 495
10 1 1 33.9374 1.68221 6.81771 0.40307 566
10 1 2 32.4339 0.972515 5.08795 0.345057 643
10 1 3 30.165 1.3146 6.72684 0.584155 529
10 1 4 33.653 2.13261 6.97586 0.522145 353
10 1 5 30.3056 1.00391 4.05752 0.629337 453
10 1 6 34.3819 1.52122 7.24988 0.369768 755
10 1 7 33.0588 1.77852 7.47865 0.567358 529
10 1 8 33.931 1.88436 6.63193 0.407318 374
10 1 9 31.3413 1.21722 6.318 0.559563 853
10 1 10 36.0837 1.40435 6.91646 0.39093 718
10 1 11 35.5751 3.33783 10.8209 0.557792 298
10 1 12 31.7029 1.44822 6.98271 0.380841 467
10 1 13 34.8183 1.37464 6.88673 0.389458 354
10 1 14 34.0652 1.7134 6.24607 0.362887 392
10 1 15 26 -2 0 0 390
10 1 16 33.974 1.47214 6.68612 0.409448 965
10 1 17 36.5476 3.88038 12.2029 0.473649 333
10 1 18 32.6366 1.36365 7.12067 0.391208 418
10 1 19 31.6722 1.26401 5.57264 0.408693 451
10 1 20 38.02 5.32266 16.0312 0.535916 204
10 1 21 33.3684 1.33766 7.39942 0.310436 744
10 1 22 32.7031 1.11133 5.57284 0.289199 588
10 1 23 33.5731 2.14234 6.78763 0.414547 226
10 1 24 34.0934 1.41276 6.16668 0.447193 444
10 1 25 36.2576 2.52179 10.0438 0.454446 333
10 1 26 30.4845 2.88043 9.56092 0.550257 325
10 1 27 29 -2 0 0 286
10 1 28 37.2266 3.01353 10.0201 0.542052 321
10 1 29 34.1594 -3 0 0 199
10 1 30 37.2388 3.77112 12.4078 0.417209 225
10 1 31 34.9053 1.9456 7.69416 0.334972 241
10 1 32 35.5627 2.42732 7.44461 0.345669 216
10 1 33 38.802 4.05733 13.8181 0.426182 229
10 1 34 35.1894 2.31363 9.05781 0.264226 242
10 1 35 38.9051 3.53663 12.412 0.402263 218
10 1 36 34.1594 -3 0 0 172
10 1 37 34.1594 -3 0 0 166
10 1 38 34.1594 -3 0 0 130
10 1 39 34.1594 -3 0 0 116
10 1 40 34.1594 -3 0 0 174
10 1 41 34.1594 -3 0 0 160
10 1 42 34.1594 -3 0 0 176
10 1 43 34.1594 -3 0 0 137
10 1 44 34.1594 -3 0 0 139
10 1 45 34.1594 -3 0 0 154
10 1 46 34.1594 -3 0 0 157
10 1 47 34.1594 -3 0 0 134
10 1 48 34.1594 -3 0 0 140
10 1 49 34.1594 -3 0 0 158
10 1 50 34.1594 -3 0 0 123
10 1 51 34.1594 -3 0 0 106
10 1 52 34.1594 -3 0 0 151
10 1 53 34.1594 -3 0 0 92
10 1 54 34.1594 -3 0 0 116
10 1 55 34.1594 -3 0 0 104
10 1 56 34.1594 -3 0 0 97
10 1 57 34.1594 -3 0 0 114
10 1 58 34.1594 -3 0 0 122
10 1 59 34.1594 -3 0 0 128
10 1 60 34.1594 -3 0 0 96
10 1 61 34.1594 -3 0 0 104
10 1 62 34.1594 -3 0 0 95
10 1 63 34.1594 -3 0 0 103
10 2 0 31.9076 1.16459 5.68284 0.346598 479
10 2 1 30.8442 3.08112 9.88439 0.412574 382
10 2 2 33.0346 1.97128 7.74375 0.445417 380
10 2 3 32.2866 -3 0 0 199
10 2 4 34.5887 6.69572 14.3291 0.547135 253
10 2 5 24 -2 0 0 311
10 2 6 37.5426 5.65968 16.0751 0.506366 253
10 2 7 32.2866 -3 0 0 94
10 2 8 33.0457 2.60555 9.10511 0.470082 288
10 2 9 32.2866 -3 0 0 182
10 2 10 32.2866 -3 0 0 172
10 2 11 29.1408 1.59125 5.3578 0.486102 349
10 2 12 23.3819 38.7124 19.455 0.4826 228
10 2 13 32.2866 -3 0 0 150
10 2 14 30.8258 1.06176 5.34324 0.417758 562
10 2 15 32.2866 -3 0 0 164
10 2 16 32.2866 -3 0 0 113
10 2 17 30.7456 1.05131 4.83232 0.477591 452
10 2 18 36.0586 4.50837 15.1997 0.450981 218
10 2 19 32.2866 -3 0 0 109
10 2 20 32 -2 0 0 251
10 2 21 30.1244 1.39306 5.19627 0.430688 246
10 2 22 32.2866 -3 0 0 142
10 2 23 34.1034 3.80848 12.815 0.627767 340
10 2 24 37.7195 4.87495 16.2672 0.599117 358
10 2 25 32.2866 -3 0 0 143
10 2 26 30.85 1.12204 5.47331 0.456081 661
10 2 27 32.2866 -3 0 0 173
10 2 28 32.2866 -3 0 0 111
10 2 29 32.5426 1.3928 6.20314 0.496911 589
10 2 30 32.2866 -3 0 0 172
10 2 31 32.2866 -3 0 0 105
10 2 32 32.4063 13.9982 20 0.462671 202
10 2 33 34.744 3.75384 11.07 0.40967 218
10 2 34 29.6252 1.11375 6.12322 0.342247 889
10 2 35 32.2866 -3 0 0 173
10 2 36 31.9088 2.15354 7.26179 0.41951 308
10 2 37 30.9928 1.22908 6.7471 0.298404 463
10 2 38 32.2866 -3 0 0 177
10 2 39 31.9259 1.92657 6.76716 0.49076 411
10 2 40 36.9512 3.09792 9.78604 0.497219 306
10 2 41 32.2866 -3 0 0 196
10 2 42 31.7252 1.38442 6.01228 0.401063 352
10 2 43 33.4023 1.52051 6.04825 0.386074 630
10 2 44 27 -2 0 0 224
10 2 45 32.2866 -3 0 0 179
10 2 46 30.5408 1.08218 5.17283 0.534526 898
10 2 47 32.2866 -3 0 0 177
10 2 48 36.9516 3.13282 11.3802 0.564382 262
10 2 49 26 -2 0 0 525
10 2 50 36.5613 5.00035 14.104 0.442506 227
10 2 51 29.7824 1.12378 4.84103 0.570143 962
10 2 52 30.9452 1.35388 5.66845 0.443772 743
10 2 53 32.2866 -3 0 0 200
10 2 54 33.0582 2.23927 7.59208 0.431077 289
10 2 55 29.8305 1.41704 7.15124 0.40793 739
10 2 56 29.4752 1.10665 5.02362 0.56468 476
10 2 57 29.4458 1.33506 6.38847 0.239423 846
10 2 58 30.5974 1.58793 6.70892 0.424411 453
10 2 59 32.3181 1.28649 7.38478 0.387825 1062
10 2 60 31.3133 2.60593 7.77081 0.492091 264
10 2 61 30.5162 0.902484 5.28933 0.384073 1458
10 2 62 32.9955 1.56455 6.90308 0.285677 1196
10 2 63 30.0149 1.20021 5.33568 0.410888 589
10 3 0 0 -10 0 0 0
10 3 1 29.531 1.05891 5.39609 0.453761 575
10 3 2 27.985 0.86491 5.12484 0.381076 779
10 3 3 29.4628 1.81269 5.74676 0.50554 680
10 3 4 27.6291 1.34211 4.34755 0.555332 403
10 3 5 27.294 0.898957 3.96812 0.567142 545
10 3 6 29.6039 1.12202 6.12277 0.265397 830
10 3 7 28.194 0.898393 5.41789 0.397339 1151
10 3 8 27.0295 0.960161 4.27272 0.461342 606
10 3 9 29.634 1.08617 5.50629 0.422637 927
10 3 10 27.4396 1.04645 5.54565 0.444483 1257
10 3 11 27.5957 0.798111 4.34908 0.39429 389
10 3 12 25.9069 1.3938 5.16815 0.651523 561
10 3 13 29.9886 1.12444 6.05494 0.374163 645
10 3 14 31.995 1.5558 6.5255 0.362627 568
10 3 15 29.4901 1.25845 6.21441 0.432821 574
10 3 16 0 -10 0 0 0
10 3 17 30.5198 2.31886 7.02043 0.457612 398
10 3 18 29.6029 1.7224 7.77769 0.493116 480
10 3 19 34.448 1.76242 10.575 0.361145 672
10 3 20 33.503 0.839138 4.08304 0.388616 507
10 3 21 32.5413 1.31487 6.71295 0.499117 880
10 3 22 30.3953 1.22073 6.21969 0.453463 758
10 3 23 30.4364 17.0955 19.4401 0.425928 236
10 3 24 26.9034 0.823679 4.2199 0.398037 722
10 3 25 29.7448 1.20041 5.5927 0.35857 634
10 3 26 0 -10 0 0 0
10 3 27 29.0729 1.04739 4.61256 0.368538 304
10 3 28 32.016 1.56286 8.48911 0.480619 526
10 3 29 29 -2 0 0 268
10 3 30 26.9212 0.811994 4.0525 0.548594 447
10 3 31 31.1915 1.18932 4.47021 0.444757 596
10 3 32 29.7952 1.18703 4.89493 0.346596 495
10 3 33 29.5971 1.42253 6.93436 0.41126 387
10 3 34 33.1188 2.57379 8.22908 0.364053 383
10 3 35 28.5449 1.0238 4.37784 0.352425 570
10 3 36 29.7533 -3 0 0 37
10 3 37 30.555 1.39517 6.60573 0.480798 370
10 3 38 29.9951 1.39318 4.85604 0.37026 429
10 3 39 23 -2 0 0 227
10 3 40 30.1964 1.42208 5.35913 0.415317 244
10 3 41 36.3566 4.30504 13.3418 0.515089 403
10 3 42 28.6576 14.9579 20 0.497928 238
10 3 43 25 -2 0 0 264
10 3 44 25 -2 0 0 358
10 3 45 26.327 1.30755 4.34722 0.536094 285
10 3 46 31.2095 2.48698 10.2084 0.296169 300
10 3 47 31.0045 2.34308 7.6865 0.473302 324
10 3 48 29.5821 1.12961 4.45171 0.326548 299
10 3 49 30.7042 3.16301 9.18362 0.424035 227
10 3 50 29.8973 1.56483 6.94243 0.333078 326
10 3 51 29.7533 -3 0 0 200
10 3 52 32.8579 2.55954 9.83869 0.301507 237
10 3 53 28 -2 0 0 331
10 3 54 31.5312 7.56418 14.5026 0.488441 259
10 3 55 27.0037 1.4083 4.50903 0.391658 277
10 3 56 30.9871 8.77036 20 0.488314 259
10 3 57 29.2311 5.80486 11.3462 0.411893 227
10 3 58 29.9691 2.51866 9.95192 0.43527 262
10 3 59 29.5611 1.71235 6.53127 0.331605 252
10 3 60 27.2274 1.27353 5.39807 0.428081 297
10 3 61 23 -2 0 0 255
10 3 62 30.0464 2.85401 6.50883 0.350553 228
10 3 63 29.3909 6.41062 14.5213 0.486616 249
10 4 0 34.0899 1.16071 6.03501 0.284348 1312
10 4 1 35.2913 1.57285 8.90822 0.330672 941
10 4 2 33.1631 1.28724 6.26063 0.402868 698
10 4 3 29.0438 14.8658 20 0.471584 215
10 4 4 36.5166 3.43864 10.7241 0.455568 296
10 4 5 34.9684 1.98816 6.74763 0.511157 428
10 4 6 33.2097 1.1456 5.85291 0.399903 450
10 4 7 33.8384 10.9275 20 0.423731 215
10 4 8 31.8217 1.10531 5.13065 0.463896 450
10 4 9 34.3908 1.83104 6.44845 0.424615 311
10 4 10 35.5095 3.14694 9.25626 0.467322 235
10 4 11 34.0548 1.65004 6.1966 0.355105 491
10 4 12 33.8167 1.50815 6.96985 0.346772 327
10 4 13 35.0964 3.5189 11.2059 0.351997 207
10 4 14 34.1262 1.19206 5.9717 0.393237 1041
10 4 15 37.9305 6.54506 17.2217 0.458117 247
10 4 16 35.401 5.62869 13.8729 0.368698 215
10 4 17 33.977 1.27951 6.60828 0.435637 572
10 4 18 33.4974 2.22264 6.41602 0.524236 277
10 4 19 34.6116 -3 0 0 152
10 4 20 37.4526 2.67151 9.71999 0.506786 288
10 4 21 36.704 1.51093 6.91045 0.29823 431
10 4 22 34.6116 -3 0 0 197
10 4 23 34.4387 1.5917 7.10658 0.383728 381
10 4 24 32.8904 1.1868 4.97267 0.453126 805
10 4 25 34.6116 -3 0 0 140
10 4 26 34.0008 1.25878 6.72961 0.253357 1041
10 4 27 34.6116 -3 0 0 176
10 4 28 34.6116 -3 0 0 152
10 4 29 32.4473 1.29358 5.86257 0.42158 546
10 4 30 29 -2 0 0 252
10 4 31 34.6116 -3 0 0 148
10 4 32 34.6116 -3 0 0 130
10 4 33 34.6116 -3 0 0 144
10 4 34 32.3686 1.2084 6.02217 0.475439 952
10 4 35 34.6116 -3 0 0 118
10 4 36 36 -2 0 0 218
10 4 37 47 -2 0 0 346
10 4 38 34.6116 -3 0 0 92
10 4 39 40.8042 7.00366 18.4769 0.489525 241
10 4 40 32.6309 1.62328 5.90114 0.42148 301
10 4 41 34.6116 -3 0 0 153
10 4 42 31.9747 1.56591 6.20557 0.410208 253
10 4 43 27 -2 0 0 480
10 4 44 34.6116 -3 0 0 137
10 4 45 34.6116 -3 0 0 157
10 4 46 33.5203 1.59527 6.90627 0.394926 801
10 4 47 34.6116 -3 0 0 110
10 4 48 34.6116 -3 0 0 173
10 4 49 29.2851 2.2578 6.66288 0.332619 383
10 4 50 34.6116 -3 0 0 165
10 4 51 33.0371 1.48212 6.78787 0.318997 345
10 4 52 32.2737 2.60186 11.0052 0.611165 425
10 4 53 34.6116 -3 0 0 119
10 4 54 34.6116 -3 0 0 190
10 4 55 35.6678 2.72467 8.98694 0.564725 343
10 4 56 35.4403 3.20838 11.2409 0.389865 256
10 4 57 26 -2 0 0 233
10 4 58 34.4847 1.98661 7.88855 0.348991 297
10 4 59 31.3034 1.23045 6.70564 0.433185 589
10 4 60 34.6116 -3 0 0 143
10 4 61 32.6957 1.46376 8.14816 0.451378 476
10 4 62 33.4757 1.623 7.1518 0.410706 540
10 4 63 35.6017 2.12456 9.27456 0.347965 261
10 5 0 31.6455 -3 0 0 193
10 5 1 43 -2 0 0 206
10 5 2 30.7131 1.59823 4.75471 0.341253 327
10 5 3 28.6775 2.30756 4.88682 0.535573 313
10 5 4 37.237 8.241 18.6364 0.623132 273
10 5 5 31.6909 2.31257 5.40981 0.422294 235
10 5 6 35.8775 3.64055 11.5226 0.461299 324
10 5 7 27.8719 0.96263 4.13276 0.600693 418
10 5 8 29.4542 1.38892 5.31234 0.308984 285
10 5 9 35.0091 3.4194 10.3546 0.323767 248
10 5 10 21.38 22.0743 9.53536 0.338933 267
10 5 11 33.0512 2.07256 6.81285 0.334451 346
10 5 12 34.609 5.08693 13.9628 0.445193 258
10 5 13 29.6633 1.06069 4.92857 0.41453 390
10 5 14 31.6828 2.09335 5.98752 0.397071 243
10 5 15 30.9325 12.8175 20 0.56223 311
10 5 16 33.8508 3.14563 8.90998 0.52118 376
10 5 17 35.0803 3.29969 10.1818 0.404687 280
10 5 18 31.5402 1.85885 6.34061 0.49715 341
10 5 19 32.4334 1.57888 5.99352 0.459493 485
10 5 20 31.8617 1.28412 4.70582 0.425798 336
10 5 21 34.0959 3.35335 12.5102 0.50717 310
10 5 22 28 -2 0 0 293
10 5 23 26 -2 0 0 298
10 5 24 32.4722 3.11878 7.52047 0.392924 233
10 5 25 31.4164 1.21466 5.66693 0.275398 635
10 5 26 32.053 1.88432 5.56825 0.319942 280
10 5 27 29.1468 1.10562 5.61825 0.466062 435
10 5 28 33.5133 1.74064 6.74544 0.403047 332
10 5 29 32.6642 1.73547 6.06878 0.383194 306
10 5 30 29.2067 1.17231 4.83193 0.443661 372
10 5 31 31.4075 0.9779 5.04597 0.443896 651
10 5 32 28.7483 0.858926 4.52593 0.344701 534
10 5 33 32.7686 2.56766 8.04791 0.448255 343
10 5 34 33.0058 2.23529 7.08878 0.312016 281
10 5 35 30.477 0.914525 4.68466 0.342476 848
10 5 36 32.1034 1.77016 7.42351 0.431785 350
10 5 37 31.1014 1.07453 5.15638 0.226071 376
10 5 38 29.5585 0.864182 5.05053 0.375272 932
10 5 39 32.0461 1.11751 4.76188 0.352273 816
10 5 40 29.3242 1.5811 4.64892 0.516788 451
10 5 41 29.5785 0.820205 4.55209 0.355439 557
10 5 42 29.2652 1.0543 5.45407 0.305287 434
10 5 43 34.6152 4.59001 8.60807 0.4831 333
10 5 44 31.1146 1.07512 5.91328 0.506783 699
10 5 45 31.9176 1.55664 6.55729 0.511731 478
10 5 46 32.9191 2.05003 6.11032 0.447821 290
10 5 47 32.5855 0.934796 5.94401 0.322246 1371
10 5 48 29.7661 1.03242 4.27667 0.501559 525
10 5 49 30.6244 1.54538 5.84595 0.411528 408
10 5 50 32.3259 1.29653 5.76308 0.581994 717
10 5 51 31.8475 1.68604 5.2841 0.453094 712
10 5 52 30.4299 1.3329 6.16592 0.406836 378
10 5 53 29.8677 1.01202 5.7026 0.492452 1034
10 5 54 30.6216 1.12089 5.86802 0.334698 478
10 5 55 28.6965 0.988108 4.74032 0.414412 773
10 5 56 32.4705 1.4579 5.76311 0.457803 891
10 5 57 31.2458 1.36152 5.40512 0.371146 683
10 5 58 28.6189 0.800118 4.81808 0.351927 688
10 5 59 33.1576 1.49332 7.31342 0.227876 349
10 5 60 29.297 1.01274 4.92981 0.418504 1016
10 5 61 31.0658 1.68104 5.02605 0.435922 550
10 5 62 30.5501 3.95533 10.4252 0.539629 390
10 5 63 30.4219 1.55167 5.18384 0.507043 480
10 6 0 29.9284 1.31997 5.01002 0.517867 767
10 6 1 32.476 1.59443 6.12499 0.311942 516
10 6 2 33.416 2.06678 8.57146 0.208843 422
10 6 3 33.3023 -3 0 0 187
10 6 4 33.6385 4.8902 10.7713 0.340823 214
10 6 5 32.691 13.5684 19.9926 0.438807 281
10 6 6 32.5405 2.33684 8.18092 0.305647 363
10 6 7 33.3023 -3 0 0 116
10 6 8 31.4537 2.00103 7.2021 0.307925 340
10 6 9 29.1242 16.2321 20 0.409634 228
10 6 10 33.3023 -3 0 0 184
10 6 11 24 -2 0 0 209
10 6 12 32.584 2.23715 7.50293 0.275367 217
10 6 13 33.3023 -3 0 0 136
10 6 14 32.036 2.46727 8.60794 0.284046 456
10 6 15 33.3023 -3 0 0 131
10 6 16 33.3023 -3 0 0 140
10 6 17 31.6481 5.36714 11.1738 0.362727 289
10 6 18 33.3023 -3 0 0 157
10 6 19 33.3023 -3 0 0 119
10 6 20 33.3023 -3 0 0 198
10 6 21 37.8494 3.70061 13.3382 0.333311 259
10 6 22 33.3023 -3 0 0 168
10 6 23 26 -2 0 0 205
10 6 24 34.8911 2.28101 7.76074 0.310568 361
10 6 25 33.3023 -3 0 0 112
10 6 26 32.1612 1.92271 7.45192 0.384643 389
10 6 27 33.3023 -3 0 0 116
10 6 28 33.3023 -3 0 0 106
10 6 29 28 -2 0 0 215
10 6 30 33.3023 -3 0 0 131
10 6 31 33.3023 -3 0 0 98
10 6 32 33.3023 -3 0 0 89
10 6 33 33.3023 -3 0 0 95
10 6 34 31.0316 1.94744 6.99276 0.364361 315
10 6 35 33.3023 -3 0 0 63
10 6 36 33.3023 -3 0 0 127
10 6 37 33.3023 -3 0 0 153
10 6 38 33.3023 -3 0 0 66
10 6 39 33.3023 -3 0 0 85
10 6 40 33.3023 -3 0 0 104
10 6 41 33.3023 -3 0 0 86
10 6 42 33.3023 -3 0 0 106
10 6 43 33.3023 -3 0 0 172
10 6 44 33.3023 -3 0 0 54
10 6 45 33.3023 -3 0 0 109
10 6 46 34.5695 11.6159 18.5384 0.381074 221
10 6 47 33.3023 -3 0 0 51
10 6 48 33.3023 -3 0 0 91
10 6 49 33.3023 -3 0 0 132
10 6 50 33.3023 -3 0 0 76
10 6 51 33.3023 -3 0 0 102
10 6 52 33.3023 -3 0 0 167
10 6 53 33.3023 -3 0 0 50
10 6 54 33.3023 -3 0 0 86
10 6 55 33.3023 -3 0 0 129
10 6 56 33.3023 -3 0 0 84
10 6 57 33.3023 -3 0 0 110
10 6 58 33.3023 -3 0 0 90
10 6 59 33.3023 -3 0 0 183
10 6 60 33.3023 -3 0 0 57
10 6 61 33.3023 -3 0 0 124
10 6 62 33.3023 -3 0 0 163
10 6 63 33.3023 -3 0 0 124
10 7 0 30.6408 -3 0 0 84
10 7 1 30.6408 -3 0 0 119
10 7 2 30.6408 -3 0 0 109
10 7 3 30.6408 -3 0 0 128
10 7 4 30.6408 -3 0 0 154
10 7 5 30.6408 -3 0 0 127
10 7 6 30.6408 -3 0 0 121
10 7 7 30.6408 -3 0 0 131
10 7 8 30.6408 -3 0 0 109
10 7 9 30.6408 -3 0 0 133
10 7 10 30.6408 -3 0 0 118
10 7 11 30.6408 -3 0 0 160
10 7 12 30.6408 -3 0 0 147
10 7 13 30.6408 -3 0 0 160
10 7 14 30.6408 -3 0 0 127
10 7 15 30.6408 -3 0 0 185
10 7 16 30.6408 -3 0 0 130
10 7 17 30.6408 -3 0 0 136
10 7 18 30.6408 -3 0 0 164
10 7 19 30.6408 -3 0 0 197
10 7 20 23 -2 0 0 226
10 7 21 30.6408 -3 0 0 138
10 7 22 30.6408 -3 0 0 160
10 7 23 30.6408 -3 0 0 149
10 7 24 30.6408 -3 0 0 122
10 7 25 27.7806 2.79418 5.93391 0.443941 274
10 7 26 30.6408 -3 0 0 163
10 7 27 24 -2 0 0 229
10 7 28 25 -2 0 0 202
10 7 29 30.6408 -3 0 0 196
10 7 30 30.6408 -3 0 0 189
10 7 31 31.6125 1.487 6.16567 0.306715 330
10 7 32 33.0719 2.57462 10.9708 0.409429 262
10 7 33 32.0408 2.55667 8.85365 0.485651 284
10 7 34 30.6408 -3 0 0 172
10 7 35 30.9004 1.35226 5.07758 0.4451 464
10 7 36 27.2031 1.32165 4.59626 0.494897 305
10 7 37 23 -2 0 0 256
10 7 38 30.5831 1.60676 6.91622 0.455665 631
10 7 39 28.6413 1.04768 5.05481 0.363045 893
10 7 40 27 -2 0 0 276
10 7 41 31.4932 1.84453 7.72373 0.369089 372
10 7 42 30.697 1.56079 6.14657 0.476152 339
10 7 43 30.1483 3.20698 9.579 0.376813 248
10 7 44 27.9118 2.94395 7.3257 0.277667 494
10 7 45 29.6057 1.53655 6.82501 0.218199 439
10 7 46 32.0969 3.37112 11.0814 0.519511 234
10 7 47 27.6429 1.18632 4.89154 0.624629 1066
10 7 48 33.7143 3.4504 11.6602 0.597324 332
10 7 49 28.292 1.48893 5.45719 0.408721 338
10 7 50 23 -2 0 0 575
10 7 51 34.5374 1.64821 7.79619 0.349109 575
10 7 52 27 -2 0 0 287
10 7 53 29.1162 1.35735 6.18964 0.396812 895
10 7 54 29.0026 1.58542 5.75355 0.619031 529
10 7 55 31.0521 2.66368 7.5307 0.376011 408
10 7 56 28.4232 1.18444 5.12818 0.331662 688
10 7 57 31.6198 1.7999 7.71634 0.33294 753
10 7 58 30.0788 1.19597 6.05225 0.378685 458
10 7 59 25 -2 0 0 273
10 7 60 27.5977 1.31646 5.60821 0.462572 886
10 7 61 29.6586 1.55181 5.90671 0.428066 594
10 7 62 22.6776 9.18832 9.33475 0.3567 350
10 7 63 21 -2 0 0 480
10 8 0 30.6964 -3 0 0 136
10 8 1 30.6964 -3 0 0 95
10 8 2 30.6964 -3 0 0 120
10 8 3 30.6964 -3 0 0 160
10 8 4 30.6964 -3 0 0 138
10 8 5 30.6964 -3 0 0 103
10 8 6 30.6964 -3 0 0 143
10 8 7 30.6964 -3 0 0 192
10 8 8 30.6964 -3 0 0 109
10 8 9 30.6964 -3 0 0 150
10 8 10 30.6964 -3 0 0 152
10 8 11 30.6964 -3 0 0 134
10 8 12 30.6964 -3 0 0 137
10 8 13 23 -2 0 0 249
10 8 14 0 -10 0 0 0
10 8 15 30.6964 -3 0 0 195
10 8 16 30.6964 -3 0 0 182
10 8 17 30.6964 -3 0 0 139
10 8 18 30.6964 -3 0 0 144
10 8 19 24 -2 0 0 260
10 8 20 30.6964 -3 0 0 166
10 8 21 30.6964 -3 0 0 105
10 8 22 30.6964 -3 0 0 147
10 8 23 30.6964 -3 0 0 145
10 8 24 30.6964 -3 0 0 109
10 8 25 32.2674 4.57021 11.1043 0.463552 271
10 8 26 30.6964 -3 0 0 109
10 8 27 24 -2 0 0 206
10 8 28 30.9899 4.35259 11.7301 0.61021 245
10 8 29 30.6964 -3 0 0 159
10 8 30 30.6964 -3 0 0 194
10 8 31 30.798 1.39859 6.50446 0.407574 389
10 8 32 27.8253 2.23736 5.2514 0.45243 338
10 8 33 37 -2 0 0 301
10 8 34 30.6964 -3 0 0 158
10 8 35 30.1595 1.52565 6.43969 0.415353 588
10 8 36 22 -2 0 0 224
10 8 37 30.6964 -3 0 0 162
10 8 38 31.2938 1.51161 5.91722 0.390337 798
10 8 39 28.9724 1.20958 4.51948 0.602093 667
10 8 40 30.6964 -3 0 0 189
10 8 41 32.1325 1.78894 7.78894 0.457777 383
10 8 42 32.0995 2.29619 8.22746 0.382352 259
10 8 43 30.6964 -3 0 0 183
10 8 44 32.8569 1.72365 6.89562 0.321894 629
10 8 45 30.3283 1.46763 7.01043 0.272784 392
10 8 46 30.6964 -3 0 0 154
10 8 47 28.896 1.01998 5.79102 0.217804 1073
10 8 48 28.7348 1.77462 6.92277 0.350803 297
10 8 49 33.5444 4.40359 12.1336 0.351128 204
10 8 50 30.5213 2.07627 5.86021 0.521607 458
10 8 51 25 -2 0 0 377
10 8 52 31.1465 3.03774 9.77766 0.329785 211
10 8 53 31.7219 1.5625 6.12671 0.454697 815
10 8 54 29.3912 1.47596 5.75765 0.420825 348
10 8 55 27.0788 5.37928 10.2261 0.306552 304
10 8 56 28.2171 1.1198 5.26198 0.379305 525
10 8 57 30.5193 1.55967 6.57187 0.394629 404
10 8 58 29.0358 4.601 10.0387 0.334574 336
10 8 59 30.6964 -3 0 0 197
10 8 60 28.4108 1.23206 5.65269 0.37411 762
10 8 61 0 -10 0 0 0
10 8 62 24 -2 0 0 277
10 8 63 31.8662 4.20074 13.5032 0.515051 300
10 9 0 36.472 2.08551 6.49272 0.22419 295
10 9 1 25 -2 0 0 218
10 9 2 35.5501 -3 0 0 199
10 9 3 35.5501 -3 0 0 64
10 9 4 35.5501 -3 0 0 96
10 9 5 35.5501 -3 0 0 102
10 9 6 35.5501 -3 0 0 158
10 9 7 35.5501 -3 0 0 66
10 9 8 35.5501 -3 0 0 128
10 9 9 35.5501 -3 0 0 82
10 9 10 35.5501 -3 0 0 74
10 9 11 35.5501 -3 0 0 134
10 9 12 35.5501 -3 0 0 98
10 9 13 35.5501 -3 0 0 46
10 9 14 39 -2 0 0 223
10 9 15 35.5501 -3 0 0 61
10 9 16 35.5501 -3 0 0 63
10 9 17 35.5501 -3 0 0 110
10 9 18 35.5501 -3 0 0 88
10 9 19 35.5501 -3 0 0 53
10 9 20 35.5501 -3 0 0 69
10 9 21 35.5501 -3 0 0 131
10 9 22 35.5501 -3 0 0 84
10 9 23 35.5501 -3 0 0 83
10 9 24 35.5501 -3 0 0 193
10 9 25 35.5501 -3 0 0 37
10 9 26 35.6652 15.1627 19.246 0.325833 207
10 9 27 35.5501 -3 0 0 35
10 9 28 35.5501 -3 0 0 23
10 9 29 35.5501 -3 0 0 119
10 9 30 35.5501 -3 0 0 50
10 9 31 35.5501 -3 0 0 29
10 9 32 35.5501 -3 0 0 43
10 9 33 35.5501 -3 0 0 58
10 9 34 35.5501 -3 0 0 187
10 9 35 35.5501 -3 0 0 26
10 9 36 35.5501 -3 0 0 48
10 9 37 35.5501 -3 0 0 75
10 9 38 35.5501 -3 0 0 33
10 9 39 35.5501 -3 0 0 37
10 9 40 35.5501 -3 0 0 57
10 9 41 35.5501 -3 0 0 28
10 9 42 35.5501 -3 0 0 44
10 9 43 35.5501 -3 0 0 85
10 9 44 35.5501 -3 0 0 7
10 9 45 35.5501 -3 0 0 36
10 9 46 35.5501 -3 0 0 130
10 9 47 35.5501 -3 0 0 22
10 9 48 35.5501 -3 0 0 43
10 9 49 35.5501 -3 0 0 85
10 9 50 35.5501 -3 0 0 19
10 9 51 35.5501 -3 0 0 52
10 9 52 35.5501 -3 0 0 80
10 9 53 35.5501 -3 0 0 24
10 9 54 35.5501 -3 0 0 36
10 9 55 35.5501 -3 0 0 60
10 9 56 35.5501 -3 0 0 44
10 9 57 35.5501 -3 0 0 48
10 9 58 35.5501 -3 0 0 39
10 9 59 35.5501 -3 0 0 89
10 9 60 35.5501 -3 0 0 46
10 9 61 35.5501 -3 0 0 82
10 9 62 35.5501 -3 0 0 122
10 9 63 35.5501 -3 0 0 43
10 10 0 25 -2 0 0 206
10 10 1 28.4484 -3 0 0 191
10 10 2 28.9534 12.8308 20 0.48812 256
10 10 3 26.8424 1.49496 4.62717 0.499222 406
10 10 4 24 -2 0 0 282
10 10 5 27.8736 1.55676 5.73186 0.28406 301
10 10 6 30.0985 1.61692 5.94304 0.332852 311
10 10 7 26.4779 0.926813 4.92114 0.414079 684
10 10 8 25 -2 0 0 217
10 10 9 26.6389 6.60571 18.2345 0.613145 434
10 10 10 29.5939 1.23078 5.0648 0.408895 402
10 10 11 24 -2 0 0 280
10 10 12 24 -2 0 0 283
10 10 13 29.9801 1.51725 7.00293 0.477937 570
10 10 14 25.3909 14.4557 20 0.475684 264
10 10 15 27.7789 1.41195 5.89494 0.463653 493
10 10 16 28.4356 1.21115 5.53702 0.359731 582
10 10 17 24 -2 0 0 212
10 10 18 27.4377 2.93505 6.9009 0.404468 318
10 10 19 26.3551 0.904887 3.83955 0.669341 632
10 10 20 28.857 1.32614 4.60614 0.438204 293
10 10 21 29.2492 1.75078 6.26477 0.443229 334
10 10 22 26.0467 0.945675 4.56743 0.499809 411
10 10 23 33.1647 4.96573 13.2237 0.444473 226
10 10 24 25 -2 0 0 247
10 10 25 28.8598 0.939384 6.25532 0.440302 842
10 10 26 22 -2 0 0 240
10 10 27 27.0174 0.837868 4.32282 0.34277 493
10 10 28 27.4178 1.00527 5.64663 0.319189 701
10 10 29 31.1071 4.38011 10.0289 0.452171 235
10 10 30 30.5361 1.87767 8.16686 0.417688 256
10 10 31 29.2957 2.55131 6.27509 0.635196 1242
10 10 32 27.126 0.851943 4.56692 0.347552 873
10 10 33 28.8471 1.40532 7.6066 0.4858 467
10 10 34 37.3457 6.32435 17.686 0.372397 216
10 10 35 28.8821 1.22336 5.67159 0.643575 1252
10 10 36 29.6361 1.06662 4.05401 0.673003 337
10 10 37 30.5999 2.41009 9.0664 0.409184 227
10 10 38 28.6889 0.97432 6.13868 0.276975 1890
10 10 39 27.2632 0.970227 4.91343 0.447597 904
10 10 40 30.3362 1.63208 6.30164 0.395787 220
10 10 41 25.6637 0.942501 5.94147 0.334529 864
10 10 42 31.4696 1.92853 6.72887 0.49072 368
10 10 43 26.6996 2.06141 6.71256 0.515849 305
10 10 44 31.3086 1.47311 6.37621 0.532647 1003
10 10 45 27.6037 1.09074 6.90812 0.477764 736
10 10 46 28.5549 1.89533 5.77311 0.311213 283
10 10 47 0 -10 0 0 0
10 10 48 27.9885 1.10551 5.60314 0.470291 456
10 10 49 29.5365 1.65597 6.01445 0.367017 334
10 10 50 26.7026 0.946908 5.80922 0.583182 775
10 10 51 21 -2 0 0 355
10 10 52 26.9009 10.0762 17.7196 0.521087 319
10 10 53 22 -2 0 0 1449
10 10 54 25.2411 0.91428 4.29647 0.636066 576
10 10 55 25.8214 1.25898 6.04467 0.389412 391
10 10 56 24.8859 1.21309 4.6168 0.578861 658
10 10 57 26.5003 1.13783 5.16473 0.499436 468
10 10 58 27.2744 0.958107 4.70259 0.352768 454
10 10 59 24 -2 0 0 224
10 10 60 25.3542 0.948355 4.70876 0.263112 1203
10 10 61 25 -2 0 0 427
10 10 62 27.0639 1.77351 5.98993 0.371449 302
10 10 63 26.178 1.60709 4.79997 0.606403 378
10 11 0 23 -2 0 0 625
10 11 1 32.5522 1.80504 5.70445 0.320494 338
10 11 2 32.9896 1.64454 6.30078 0.286979 323
10 11 3 32.1463 -3 0 0 154
10 11 4 32.1463 -3 0 0 193
10 11 5 30 -2 0 0 206
10 11 6 24 -2 0 0 277
10 11 7 32.1463 -3 0 0 113
10 11 8 30 -2 0 0 258
10 11 9 32.1463 -3 0 0 124
10 11 10 32.1463 -3 0 0 92
10 11 11 25.5955 8.28798 9.88215 0.321231 295
10 11 12 32.1463 -3 0 0 197
10 11 13 32.1463 -3 0 0 117
10 11 14 29.8099 1.34279 4.53029 0.509801 557
10 11 15 32.1463 -3 0 0 139
10 11 16 32.1463 -3 0 0 134
10 11 17 29.9938 1.95813 5.9402 0.420084 335
10 11 18 37.8822 4.94419 14.7283 0.389705 228
10 11 19 32.1463 -3 0 0 110
10 11 20 32.1463 -3 0 0 187
10 11 21 32.1463 -3 0 0 168
10 11 22 32.1463 -3 0 0 96
10 11 23 36.4635 3.39842 9.60031 0.390509 249
10 11 24 31.8173 1.90962 5.89971 0.378085 334
10 11 25 32.1463 -3 0 0 100
10 11 26 31.3581 1.46669 6.33831 0.308744 592
10 11 27 32.1463 -3 0 0 137
10 11 28 32.1463 -3 0 0 120
10 11 29 34.1016 2.44943 7.87678 0.373602 363
10 11 30 32.1463 -3 0 0 138
10 11 31 32.1463 -3 0 0 108
10 11 32 32.1463 -3 0 0 90
10 11 33 32.1463 -3 0 0 114
10 11 34 34.8036 2.06971 7.81589 0.26554 470
10 11 35 32.1463 -3 0 0 89
10 11 36 32.1463 -3 0 0 146
10 11 37 32.1463 -3 0 0 190
10 11 38 32.1463 -3 0 0 93
10 11 39 32.1463 -3 0 0 114
10 11 40 32.1463 -3 0 0 154
10 11 41 32.1463 -3 0 0 99
10 11 42 32.1463 -3 0 0 197
10 11 43 31.4444 2.04163 5.82956 0.371276 317
10 11 44 32.1463 -3 0 0 79
10 11 45 32.1463 -3 0 0 106
10 11 46 31.1452 1.74728 6.10293 0.400495 495
10 11 47 32.1463 -3 0 0 72
10 11 48 32.1463 -3 0 0 162
10 11 49 31.2799 6.53695 16.1605 0.334341 213
10 11 50 32.1463 -3 0 0 118
10 11 51 27 -2 0 0 268
10 11 52 32.9337 3.04317 11.7176 0.330663 283
10 11 53 32.1463 -3 0 0 94
10 11 54 32.1463 -3 0 0 144
10 11 55 28 -2 0 0 287
10 11 56 32.1463 -3 0 0 152
10 11 57 28.7392 13.9155 16.8479 0.41774 232
10 11 58 32.1463 -3 0 0 141
10 11 59 40 -2 0 0 424
10 11 60 32.1463 -3 0 0 90
10 11 61 33.623 3.12664 8.86589 0.440518 345
10 11 62 33.2049 3.73136 11.4311 0.47541 381
10 11 63 32.884 14.3202 19.7167 0.403009 210
10 12 0 32.504 2.20398 8.10378 0.373253 366
10 12 1 35.6244 3.35313 10.1446 0.519425 382
10 12 2 30.2936 1.01378 4.27634 0.544545 503
10 12 3 31.4006 1.14755 6.35187 0.289523 837
10 12 4 30.2485 1.14443 5.1948 0.544648 363
10 12 5 31.5582 1.41374 6.16123 0.321088 417
10 12 6 32.6037 1.27647 5.66503 0.409043 611
10 12 7 31.6294 0.919359 5.35927 0.519375 1300
10 12 8 31.988 1.89024 7.96203 0.361879 361
10 12 9 32.4639 1.25849 5.71266 0.457848 983
10 12 10 31.9135 0.958192 5.1861 0.45092 1224
10 12 11 34.1218 1.41692 5.66695 0.303685 280
10 12 12 33.0303 1.20434 6.0107 0.326213 527
10 12 13 31.008 0.794495 4.59912 0.342706 810
10 12 14 30.7725 1.72848 5.37947 0.421388 290
10 12 15 34.7919 1.72139 7.21316 0.433852 514
10 12 16 36.877 1.20897 7.84764 0.456409 2066
10 12 17 32.7152 4.85528 12.4835 0.552171 279
10 12 18 31.608 1.41599 6.95363 0.404084 504
10 12 19 30.3099 0.893809 6.06251 0.339922 1273
10 12 20 32.0675 1.88922 4.78766 0.513445 353
10 12 21 31.3401 1.05825 5.00266 0.494675 857
10 12 22 33.3544 1.2637 6.72495 0.568558 928
10 12 23 32.3385 2.07544 6.7273 0.540857 242
10 12 24 29.9528 1.14374 4.22631 0.439161 316
10 12 25 31.318 0.91329 5.42397 0.484171 931
10 12 26 32.5684 2.2116 7.47793 0.428582 236
10 12 27 33.5976 1.24183 6.21128 0.38821 480
10 12 28 32.8215 1.47242 6.17052 0.44143 690
10 12 29 33.6003 10.1316 17.9222 0.46046 207
10 12 30 32.0429 1.29918 6.01735 0.353661 482
10 12 31 32.0002 1.0272 6.81235 0.493666 838
10 12 32 34.7244 1.51031 6.34458 0.511558 526
10 12 33 33.7318 1.79078 5.84996 0.605388 397
10 12 34 33.1885 -3 0 0 185
10 12 35 31.0121 1.19113 4.70574 0.451745 744
10 12 36 31.5015 1.75184 6.57335 0.524445 285
10 12 37 33.9965 9.47336 16.4698 0.514699 291
10 12 38 33.3908 1.34594 7.12631 0.460648 570
10 12 39 29 -2 0 0 237
10 12 40 31.359 1.17706 4.61405 0.5391 284
10 12 41 31.2784 1.24535 5.91653 0.6072 456
10 12 42 32.7629 6.24873 15.3152 0.543124 239
10 12 43 32.8613 2.23567 7.2115 0.315249 212
10 12 44 31.6372 2.34428 8.71432 0.469647 378
10 12 45 35.105 2.71132 9.22282 0.509265 387
10 12 46 33 -2 0 0 219
10 12 47 33.2199 1.54185 6.46352 0.526999 436
10 12 48 34.5439 4.0588 12.669 0.489218 344
10 12 49 33.1885 -3 0 0 197
10 12 50 34.5903 2.5096 9.17821 0.391968 314
10 12 51 33.1885 -3 0 0 156
10 12 52 31.6842 7.07578 12.5133 0.40773 204
10 12 53 31.743 1.30319 5.91984 0.314338 364
10 12 54 29.7897 1.58203 4.53315 0.517957 327
10 12 55 33.1885 -3 0 0 163
10 12 56 33.1885 -3 0 0 184
10 12 57 33.1885 -3 0 0 197
10 12 58 26 -2 0 0 222
10 12 59 33.1885 -3 0 0 157
10 12 60 28.1165 1.79429 7.4645 0.463891 284
10 12 61 33.1885 -3 0 0 133
10 12 62 33.1885 -3 0 0 151
10 12 63 33.1885 -3 0 0 176
10 13 0 34.6276 3.11994 9.16308 0.426007 352
10 13 1 36.7513 8.9281 18.591 0.420518 250
10 13 2 36.938 3.87969 12.0858 0.394963 232
10 13 3 32.7234 -3 0 0 107
10 13 4 32.7234 -3 0 0 172
10 13 5 32.7234 -3 0 0 165
10 13 6 32.7234 -3 0 0 171
10 13 7 32.7234 -3 0 0 94
10 13 8 28 -2 0 0 203
10 13 9 32.7234 -3 0 0 125
10 13 10 32.7234 -3 0 0 81
10 13 11 34.387 6.83688 17.3138 0.33212 228
10 13 12 32.7234 -3 0 0 132
10 13 13 32.7234 -3 0 0 97
10 13 14 33.8513 2.49312 7.88606 0.396771 345
10 13 15 32.7234 -3 0 0 102
10 13 16 32.7234 -3 0 0 99
10 13 17 32.8909 3.00745 9.99634 0.368305 302
10 13 18 32.7234 -3 0 0 151
10 13 19 32.7234 -3 0 0 68
10 13 20 32.7234 -3 0 0 174
10 13 21 32.7234 -3 0 0 139
10 13 22 32.7234 -3 0 0 106
10 13 23 36.0573 3.09623 11.1711 0.300292 244
10 13 24 23 -2 0 0 270
10 13 25 32.7234 -3 0 0 77
10 13 26 32.4604 1.70111 6.64085 0.346289 386
10 13 27 32.7234 -3 0 0 122
10 13 28 32.7234 -3 0 0 113
10 13 29 27 -2 0 0 252
10 13 30 32.7234 -3 0 0 177
10 13 31 32.7234 -3 0 0 90
10 13 32 32.7234 -3 0 0 104
10 13 33 32.7234 -3 0 0 116
10 13 34 30.1168 3.18517 8.7498 0.266063 402
10 13 35 32.7234 -3 0 0 113
10 13 36 32.7234 -3 0 0 137
10 13 37 39.5241 4.75419 14.7295 0.386432 215
10 13 38 32.7234 -3 0 0 124
10 13 39 35.7763 8.6393 17.9762 0.436999 230
10 13 40 32.7234 -3 0 0 188
10 13 41 32.7234 -3 0 0 122
10 13 42 35.9543 3.40985 12.5057 0.346061 240
10 13 43 33.3769 3.42424 11.1284 0.392151 332
10 13 44 32.7234 -3 0 0 110
10 13 45 32.7234 -3 0 0 138
10 13 46 28 -2 0 0 449
10 13 47 32.7234 -3 0 0 139
10 13 48 32.7234 -3 0 0 149
10 13 49 35.2421 2.37846 8.4697 0.311817 273
10 13 50 32.7234 -3 0 0 125
10 13 51 27.4107 1.28177 4.54541 0.523848 490
10 13 52 27 -2 0 0 362
10 13 53 32.7234 -3 0 0 120
10 13 54 22 -2 0 0 232
10 13 55 26 -2 0 0 392
10 13 56 33.3838 2.40107 8.89735 0.380103 286
10 13 57 32.2297 1.77783 7.3912 0.281986 271
10 13 58 32.9715 6.47572 14.6696 0.341607 213
10 13 59 33.0011 1.90762 7.53044 0.350099 500
10 13 60 32.7234 -3 0 0 173
10 13 61 28.6218 1.74074 5.29636 0.467253 685
10 13 62 30.604 1.4601 6.60179 0.32781 577
10 13 63 28.4471 1.49929 5.56618 0.347917 276
10 14 0 41.1513 6.18569 17.5197 0.504819 290
10 14 1 30.9006 1.33915 5.92678 0.383719 349
10 14 2 32.5348 1.45742 5.97621 0.356748 421
10 14 3 29 -2 0 0 427
10 14 4 32.4306 2.67444 8.53697 0.453539 242
10 14 5 32.1739 1.9318 5.52954 0.451774 335
10 14 6 32.0983 1.03538 5.2199 0.374552 441
10 14 7 34.2907 1.61535 6.1061 0.314744 684
10 14 8 36.7905 3.58481 9.91885 0.470235 275
10 14 9 35.5148 1.70012 5.98071 0.456072 694
10 14 10 32.099 1.18044 6.28668 0.367939 850
10 14 11 37.7519 8.77575 19.2694 0.54223 244
10 14 12 33.1318 1.96243 6.46382 0.397896 412
10 14 13 38.6674 3.0129 11.1585 0.544486 368
10 14 14 33.1405 2.18137 7.25511 0.36394 217
10 14 15 36.9068 4.90067 12.8285 0.559358 346
10 14 16 33.6578 1.19051 5.56414 0.259806 1031
10 14 17 34.0891 -3 0 0 189
10 14 18 33.6629 2.32809 7.86987 0.465702 268
10 14 19 33.9039 1.55596 7.01079 0.365028 489
10 14 20 36.2066 2.54476 9.28235 0.375585 209
10 14 21 35.2125 1.72676 7.93779 0.276878 511
10 14 22 32.4936 1.34053 6.07639 0.507099 469
10 14 23 34.0891 -3 0 0 194
10 14 24 20.8913 27.7288 20 0.469844 214
10 14 25 32.7571 2.51778 8.48874 0.336007 428
10 14 26 34.0891 -3 0 0 161
10 14 27 34.551 1.98781 6.69375 0.366568 257
10 14 28 31.8605 2.08953 6.23985 0.408776 295
10 14 29 34.0891 -3 0 0 157
10 14 30 37.6583 5.37965 16.0412 0.376362 222
10 14 31 34.2704 1.77698 7.19485 0.307704 287
10 14 32 27 -2 0 0 217
10 14 33 32.6188 3.56171 11.1809 0.424097 214
10 14 34 34.0891 -3 0 0 163
10 14 35 35.8001 4.59983 13.1428 0.402553 225
10 14 36 34.0891 -3 0 0 169
10 14 37 34.0891 -3 0 0 135
10 14 38 34.0891 -3 0 0 165
10 14 39 34.0891 -3 0 0 94
10 14 40 34.0891 -3 0 0 167
10 14 41 34.0891 -3 0 0 172
10 14 42 34.0891 -3 0 0 122
10 14 43 34.0891 -3 0 0 144
10 14 44 34.0891 -3 0 0 148
10 14 45 0 -10 0 0 0
10 14 46 34.0891 -3 0 0 129
10 14 47 34.0891 -3 0 0 132
10 14 48 34.0891 -3 0 0 166
10 14 49 34.0891 -3 0 0 112
10 14 50 34.0891 -3 0 0 124
10 14 51 34.0891 -3 0 0 87
10 14 52 34.0891 -3 0 0 112
10 14 53 34.0891 -3 0 0 120
10 14 54 34.0891 -3 0 0 142
10 14 55 34.0891 -3 0 0 91
10 14 56 34.0891 -3 0 0 96
10 14 57 34.0891 -3 0 0 82
10 14 58 34.0891 -3 0 0 84
10 14 59 34.0891 -3 0 0 106
10 14 60 34.0891 -3 0 0 83
10 14 61 34.0891 -3 0 0 76
10 14 62 34.0891 -3 0 0 82
10 14 63 34.0891 -3 0 0 110
10 15 0 32.5866 -3 0 0 84
10 15 1 32.5866 -3 0 0 63
10 15 2 32.5866 -3 0 0 62
10 15 3 32.5866 -3 0 0 54
10 15 4 32.5866 -3 0 0 84
10 15 5 32.5866 -3 0 0 52
10 15 6 32.5866 -3 0 0 53
10 15 7 32.5866 -3 0 0 43
10 15 8 32.5866 -3 0 0 74
10 15 9 32.5866 -3 0 0 41
10 15 10 32.5866 -3 0 0 42
10 15 11 32.5866 -3 0 0 80
10 15 12 32.5866 -3 0 0 63
10 15 13 32.5866 -3 0 0 66
10 15 14 32.5866 -3 0 0 107
10 15 15 32.5866 -3 0 0 64
10 15 16 32.5866 -3 0 0 24
10 15 17 32.5866 -3 0 0 97
10 15 18 32.5866 -3 0 0 62
10 15 19 32.5866 -3 0 0 52
10 15 20 32.5866 -3 0 0 80
10 15 21 32.5866 -3 0 0 45
10 15 22 32.5866 -3 0 0 39
10 15 23 32.5866 -3 0 0 90
10 15 24 32.5866 -3 0 0 94
10 15 25 32.5866 -3 0 0 43
10 15 26 32.5866 -3 0 0 121
10 15 27 32.5866 -3 0 0 66
10 15 28 32.5866 -3 0 0 53
10 15 29 32.5866 -3 0 0 112
10 15 30 32.5866 -3 0 0 71
10 15 31 32.5866 -3 0 0 56
10 15 32 32.5866 -3 0 0 56
10 15 33 32.5866 -3 0 0 53
10 15 34 32.5866 -3 0 0 141
10 15 35 32.5866 -3 0 0 54
10 15 36 32.5866 -3 0 0 74
10 15 37 32.5866 -3 0 0 112
10 15 38 32.5866 -3 0 0 60
10 15 39 32.5866 -3 0 0 147
10 15 40 32.5866 -3 0 0 100
10 15 41 32.5866 -3 0 0 83
10 15 42 32.5866 -3 0 0 91
10 15 43 32.5866 -3 0 0 130
10 15 44 32.5866 -3 0 0 88
10 15 45 32.5866 -3 0 0 83
10 15 46 32.5866 -3 0 0 186
10 15 47 32.5866 -3 0 0 79
10 15 48 32.5866 -3 0 0 92
10 15 49 32.5866 -3 0 0 130
10 15 50 32.5866 -3 0 0 111
10 15 51 33.5454 2.55552 7.89915 0.295647 245
10 15 52 32.5866 -3 0 0 164
10 15 53 32.5866 -3 0 0 80
10 15 54 32.5866 -3 0 0 87
10 15 55 34.9248 6.53543 18.0627 0.302882 204
10 15 56 32.5866 -3 0 0 145
10 15 57 32.5866 -3 0 0 195
10 15 58 32.5866 -3 0 0 132
10 15 59 32.3949 4.46335 12.2854 0.265572 203
10 15 60 32.5866 -3 0 0 95
10 15 61 33.6771 3.46117 10.3012 0.345821 288
10 15 62 29.1748 6.60287 11.7372 0.280778 247
10 15 63 32.5866 -3 0 0 164
11 0 0 30.4289 -3 0 0 176
11 0 1 30.4289 -3 0 0 110
11 0 2 30.4289 -3 0 0 104
11 0 3 30.4289 -3 0 0 90
11 0 4 30.4289 -3 0 0 103
11 0 5 30.4289 -3 0 0 104
11 0 6 30.4289 -3 0 0 116
11 0 7 30.4289 -3 0 0 103
11 0 8 30.4289 -3 0 0 137
11 0 9 30.4289 -3 0 0 90
11 0 10 30.4289 -3 0 0 81
11 0 11 30.4289 -3 0 0 160
11 0 12 30.4289 -3 0 0 105
11 0 13 30.4289 -3 0 0 108
11 0 14 30.4289 -3 0 0 160
11 0 15 30.4289 -3 0 0 91
11 0 16 30.4289 -3 0 0 67
11 0 17 30.4289 -3 0 0 155
11 0 18 30.4289 -3 0 0 95
11 0 19 30.4289 -3 0 0 109
11 0 20 30.4289 -3 0 0 183
11 0 21 30.4289 -3 0 0 91
11 0 22 30.4289 -3 0 0 62
11 0 23 25 -2 0 0 221
11 0 24 30.4289 -3 0 0 180
11 0 25 30.4289 -3 0 0 105
11 0 26 24 -2 0 0 251
11 0 27 30.4289 -3 0 0 135
11 0 28 30.4289 -3 0 0 95
11 0 29 31.5444 2.89838 7.14148 0.325082 249
11 0 30 30.4289 -3 0 0 131
11 0 31 30.4289 -3 0 0 121
11 0 32 30.4289 -3 0 0 136
11 0 33 30.4289 -3 0 0 138
11 0 34 29.6175 1.46209 5.89964 0.350814 339
11 0 35 30.4289 -3 0 0 134
11 0 36 30.4289 -3 0 0 136
11 0 37 25 -2 0 0 259
11 0 38 30.4289 -3 0 0 187
11 0 39 32.5259 2.60358 8.60547 0.355154 343
11 0 40 30.4289 -3 0 0 162
11 0 41 30.4289 -3 0 0 130
11 0 42 29.5812 2.16117 7.11813 0.290038 265
11 0 43 30.9848 1.93478 6.44292 0.281054 238
11 0 44 30.4289 -3 0 0 127
11 0 45 22.8404 18.2949 20 0.41237 208
11 0 46 30.0061 2.47141 7.53833 0.351123 381
11 0 47 23 -2 0 0 221
11 0 48 30.4289 -3 0 0 191
11 0 49 32.3602 3.27033 9.78741 0.332351 212
11 0 50 30.4289 -3 0 0 176
11 0 51 29.8322 1.71166 6.30585 0.326776 621
11 0 52 30.0192 4.16768 10.6699 0.358668 311
11 0 53 30.0619 11.0494 17.2382 0.34642 237
11 0 54 33.8917 2.97372 8.66867 0.323805 229
11 0 55 29.6949 1.46935 4.61645 0.575205 371
11 0 56 25 -2 0 0 316
11 0 57 27.7965 1.7029 6.02634 0.408154 462
11 0 58 31.987 7.05148 15.4854 0.414056 269
11 0 59 29.2034 6.15016 6.95422 0.434597 408
11 0 60 34 -2 0 0 206
11 0 61 29.1819 1.47608 5.83424 0.291454 688
11 0 62 22 -2 0 0 553
11 0 63 19.7811 16.1945 10.1238 0.307515 316
11 1 0 34.7779 1.3005 5.44513 0.465135 475
11 1 1 41.7101 4.86904 16.8676 0.797146 503
11 1 2 36.6753 1.68831 7.6441 0.343968 639
11 1 3 35.2565 1.34644 5.607 0.466843 514
11 1 4 34.3406 1.34733 6.20979 0.340123 347
11 1 5 38.0055 3.12356 9.88404 0.568943 440
11 1 6 34.1405 1.6695 5.25814 0.502174 769
11 1 7 34.9638 1.24423 6.1302 0.337498 613
11 1 8 37.1061 2.54906 10.3531 0.55321 306
11 1 9 34.8753 1.1767 6.18052 0.494839 607
11 1 10 35.2117 1.17644 6.41773 0.306111 646
11 1 11 38.3633 2.17477 9.55302 0.384073 347
11 1 12 34.3782 1.44701 6.80999 0.330662 426
11 1 13 33.0346 1.46255 6.14135 0.412989 329
11 1 14 35.6063 1.46577 6.24485 0.308132 393
11 1 15 34.1518 1.33718 6.37559 0.431013 356
11 1 16 35.7617 1.15202 5.42401 0.369584 920
11 1 17 31 -2 0 0 325
11 1 18 38.0945 1.64283 7.98998 0.388507 354
11 1 19 32.3932 1.20772 5.90986 0.427076 369
11 1 20 36.8862 2.59661 10.4644 0.353914 278
11 1 21 34.0024 1.06032 4.99105 0.403575 649
11 1 22 34.1353 1.26354 5.39397 0.370782 435
11 1 23 36.2654 -3 0 0 200
11 1 24 39.7416 2.80056 9.60815 0.519271 374
11 1 25 36.031 1.87632 6.67011 0.434206 250
11 1 26 34.8729 1.52577 5.88208 0.477652 304
11 1 27 38.2483 3.1524 10.3988 0.446903 253
11 1 28 39 -2 0 0 280
11 1 29 38.4214 3.83886 12.3792 0.44508 233
11 1 30 35.144 2.00973 7.38944 0.353704 283
11 1 31 36.5396 2.48885 8.35625 0.37385 242
11 1 32 42 -2 0 0 241
11 1 33 36.2654 -3 0 0 189
11 1 34 39.0208 3.16461 11.2213 0.372153 246
11 1 35 36.2654 -3 0 0 191
11 1 36 36.2654 -3 0 0 193
11 1 37 44.2008 6.47973 20 0.479373 206
11 1 38 36.2654 -3 0 0 128
11 1 39 36.2654 -3 0 0 123
11 1 40 36.2654 -3 0 0 179
11 1 41 36.2654 -3 0 0 184
11 1 42 36.2654 -3 0 0 164
11 1 43 36.2654 -3 0 0 196
11 1 44 36.2654 -3 0 0 139
11 1 45 36.2654 -3 0 0 172
11 1 46 26 -2 0 0 224
11 1 47 36.2654 -3 0 0 142
11 1 48 36.2654 -3 0 0 175
11 1 49 36.2654 -3 0 0 154
11 1 50 36.2654 -3 0 0 122
11 1 51 36.2654 -3 0 0 86
11 1 52 36.2654 -3 0 0 127
11 1 53 36.2654 -3 0 0 92
11 1 54 36.2654 -3 0 0 114
11 1 55 36.2654 -3 0 0 117
11 1 56 36.2654 -3 0 0 119
11 1 57 36.2654 -3 0 0 120
11 1 58 36.2654 -3 0 0 156
11 1 59 36.2654 -3 0 0 150
11 1 60 36.2654 -3 0 0 121
11 1 61 36.2654 -3 0 0 115
11 1 62 36.2654 -3 0 0 126
11 1 63 36.2654 -3 0 0 138
11 2 0 34.3407 1.83464 7.33652 0.387058 436
11 2 1 31.1001 1.6234 7.16472 0.40064 388
11 2 2 33.1091 2.50578 7.90292 0.3793 357
11 2 3 31.1806 2.08057 7.24445 0.490708 220
11 2 4 27 -2 0 0 292
11 2 5 35.8876 4.08267 12.7075 0.498472 312
11 2 6 35.2299 3.82637 11.2652 0.466921 285
11 2 7 32.5741 -3 0 0 102
11 2 8 32.1213 2.48641 7.67584 0.40149 363
11 2 9 33.5627 2.19152 6.99276 0.351761 224
11 2 10 32.5741 -3 0 0 137
11 2 11 33.3188 1.46554 6.68547 0.323895 373
11 2 12 33.5393 3.91008 11.2504 0.460122 259
11 2 13 32.5741 -3 0 0 150
11 2 14 30.7464 1.20946 4.94704 0.421636 641
11 2 15 31.1397 1.90634 7.02932 0.376652 258
11 2 16 32.5741 -3 0 0 155
11 2 17 32.6556 1.33268 6.58301 0.479066 544
11 2 18 31.4651 2.76177 9.11246 0.506946 241
11 2 19 32.5741 -3 0 0 138
11 2 20 32.3967 1.71924 6.22981 0.40955 361
11 2 21 33 -2 0 0 258
11 2 22 32.5741 -3 0 0 170
11 2 23 32.3233 1.43467 5.81075 0.442977 457
11 2 24 31.5182 1.23856 6.34871 0.34861 442
11 2 25 32.5741 -3 0 0 86
11 2 26 28.9809 0.902477 4.40264 0.455026 792
11 2 27 34.5635 2.94216 10.4438 0.441667 244
11 2 28 32.5741 -3 0 0 167
11 2 29 35.4535 1.63903 7.4793 0.363177 482
11 2 30 33.0264 1.94343 7.1507 0.402377 247
11 2 31 32.5741 -3 0 0 159
11 2 32 26 -2 0 0 223
11 2 33 32.5741 -3 0 0 183
11 2 34 32.0616 1.25718 5.04539 0.349886 883
11 2 35 32.5741 -3 0 0 165
11 2 36 32.5867 2.28746 8.55412 0.439722 295
11 2 37 33.3005 1.95613 7.02199 0.553514 434
11 2 38 30 -2 0 0 242
11 2 39 33.2849 1.41878 6.38336 0.380917 443
11 2 40 32.4741 2.16463 9.03988 0.593489 392
11 2 41 35.5079 2.85431 9.10085 0.474155 211
11 2 42 28.917 1.0627 4.76255 0.504392 452
11 2 43 31.2351 1.2193 4.70654 0.544816 675
11 2 44 24 -2 0 0 204
11 2 45 29 -2 0 0 265
11 2 46 32.1195 1.33744 5.60917 0.445765 833
11 2 47 32.7483 2.176 8.67957 0.29921 228
11 2 48 32.1201 1.6685 6.80085 0.437729 358
11 2 49 33.3254 1.34411 6.04256 0.484396 602
11 2 50 28.9639 1.47634 5.47065 0.502926 264
11 2 51 0 -10 0 0 0
11 2 52 32.3507 1.25557 6.12308 0.403854 741
11 2 53 30.6634 1.32231 5.12996 0.396866 298
11 2 54 38.5756 5.0807 12.2136 0.617739 401
11 2 55 31.7683 1.1634 5.87528 0.430769 980
11 2 56 0 -10 0 0 0
11 2 57 29.3339 0.996731 4.60658 0.489734 948
11 2 58 31.869 1.8239 6.47759 0.628755 503
11 2 59 32.4241 1.29662 6.78993 0.415641 1128
11 2 60 31.7734 1.88862 8.00215 0.302558 358
11 2 61 0 -10 0 0 0
11 2 62 30.981 0.96045 5.99675 0.348658 1132
11 2 63 30.4417 1.27477 6.15918 0.515926 619
11 3 0 29.5035 1.1738 5.4818 0.496518 560
11 3 1 27.4748 0.821328 4.03388 0.422249 662
11 3 2 27.1426 0.907617 4.4399 0.391741 725
11 3 3 28.063 0.996716 3.88664 0.443621 692
11 3 4 27.858 1.32032 4.76795 0.481913 483
11 3 5 29.2714 1.81859 5.11461 0.575634 602
11 3 6 28.1445 0.926532 4.59929 0.384279 716
11 3 7 29.3647 0.877242 4.74993 0.374308 860
11 3 8 26.2687 0.905473 4.80478 0.455188 479
11 3 9 27.2925 0.746953 4.41979 0.455666 1015
11 3 10 29.5221 0.830405 4.55688 0.526862 908
11 3 11 27.8852 0.911531 5.02296 0.423938 523
11 3 12 30.1006 1.53703 5.28474 0.450609 519
11 3 13 29.5475 1.76548 6.15439 0.599475 528
11 3 14 28.7425 1.5469 4.73882 0.446102 542
11 3 15 27.564 0.869218 3.85368 0.41383 605
11 3 16 29.5608 1.04754 5.61894 0.479551 1256
11 3 17 31.5071 2.12262 5.83932 0.553666 319
11 3 18 29.1694 1.13979 4.93421 0.445617 480
11 3 19 27.6824 0.781373 3.81506 0.540697 966
11 3 20 32.6751 2.35466 9.71937 0.522165 330
11 3 21 27.9627 0.849948 4.97465 0.450297 892
11 3 22 29.5187 1.25879 5.69244 0.444339 619
11 3 23 33.6136 1.98863 6.81079 0.424146 299
11 3 24 27.335 1.20581 4.5236 0.493895 538
11 3 25 35.4392 2.15268 9.22049 0.530655 725
11 3 26 29.1529 1.30056 6.78805 0.35313 344
11 3 27 29.4902 1.1984 5.68398 0.435697 454
11 3 28 28.5706 0.931691 3.98549 0.347398 367
11 3 29 29.5473 1.65854 4.70364 0.508508 363
11 3 30 25.5386 0.998854 4.61812 0.42044 378
11 3 31 27.0072 0.912366 5.29678 0.341637 660
11 3 32 36.5612 3.54648 10.5956 0.629351 461
11 3 33 27.3 0.750945 4.43305 0.396937 462
11 3 34 32.2276 1.95381 6.63989 0.448557 334
11 3 35 27.8875 1.85807 7.10927 0.495893 499
11 3 36 23 -2 0 0 341
11 3 37 28.4184 1.3945 5.8721 0.398324 329
11 3 38 29.6215 1.63777 5.92613 0.432399 387
11 3 39 30.0948 1.61747 5.11174 0.492013 264
11 3 40 33 -2 0 0 252
11 3 41 28.2711 1.63656 4.79269 0.664474 395
11 3 42 33.4358 3.43602 9.27778 0.496033 300
11 3 43 35.2672 4.04709 11.293 0.482743 228
11 3 44 27.5297 1.31916 5.25681 0.499388 278
11 3 45 29.2659 1.52128 6.49041 0.432345 346
11 3 46 30.4457 1.93965 6.61223 0.331756 296
11 3 47 29.9245 1.4585 5.05338 0.571104 322
11 3 48 23 -2 0 0 377
11 3 49 37.2952 5.87873 16.3461 0.534732 294
11 3 50 25.6941 0.672312 3.1726 0.510557 385
11 3 51 32.1942 2.53465 6.19161 0.352911 234
11 3 52 28.3752 1.19209 4.55901 0.511962 334
11 3 53 29.9267 2.6557 7.59502 0.51188 311
11 3 54 28.495 1.59131 6.26475 0.384134 221
11 3 55 28.2347 1.47413 4.65779 0.41631 287
11 3 56 28.736 2.01292 7.42099 0.32117 299
11 3 57 32.8898 2.42219 9.14817 0.331675 202
11 3 58 27.3808 1.41873 4.33425 0.330085 268
11 3 59 31.8211 3.41257 11.3959 0.473125 268
11 3 60 23 -2 0 0 279
11 3 61 33.3948 5.16171 16.2072 0.442779 262
11 3 62 29.4709 -3 0 0 198
11 3 63 24.9676 0.989876 4.93996 0.418417 337
11 4 0 32.0466 1.15009 6.30811 0.343106 1453
11 4 1 28.8788 1.00652 5.65026 0.334295 1018
11 4 2 30.8541 1.01476 5.56368 0.3316 634
11 4 3 32.7122 2.09826 7.69484 0.336524 231
11 4 4 30.6274 1.27292 6.4947 0.405185 424
11 4 5 29.9541 0.965707 5.08607 0.473443 359
11 4 6 31.526 1.45534 7.28134 0.45065 511
11 4 7 31.5613 -3 0 0 167
11 4 8 34.6138 1.80059 7.66557 0.455921 632
11 4 9 28.8587 1.30281 5.19702 0.408284 356
11 4 10 30.0071 6.59752 11.1112 0.410038 291
11 4 11 29.8466 1.07664 5.20897 0.463524 541
11 4 12 31.0081 2.24061 6.88743 0.451072 331
11 4 13 31.5613 -3 0 0 153
11 4 14 29.6883 1.20816 5.38702 0.381298 1297
11 4 15 26 -2 0 0 275
11 4 16 31.5613 -3 0 0 167
11 4 17 29.7143 1.07919 5.5827 0.61297 851
11 4 18 29.9541 1.66617 5.8487 0.356616 351
11 4 19 31.5613 -3 0 0 170
11 4 20 33.2633 1.36853 6.12783 0.467269 343
11 4 21 30.7064 1.92903 8.16082 0.485276 427
11 4 22 31.5613 -3 0 0 188
11 4 23 33.1868 1.56812 7.60026 0.37594 455
11 4 24 30.85 0.977473 4.97564 0.395993 683
11 4 25 31.5613 -3 0 0 144
11 4 26 31.5749 1.16663 5.5697 0.456622 1105
11 4 27 34.3975 3.83507 11.0613 0.490097 204
11 4 28 31.5613 -3 0 0 148
11 4 29 32.3439 1.29654 7.43828 0.329247 706
11 4 30 36.2929 2.40742 9.53996 0.274468 223
11 4 31 31.5613 -3 0 0 178
11 4 32 31.5613 -3 0 0 191
11 4 33 25 -2 0 0 215
11 4 34 29.0174 0.930956 4.87151 0.538518 806
11 4 35 31.5613 -3 0 0 163
11 4 36 31.5776 2.44598 9.24585 0.47211 257
11 4 37 30.8349 1.4894 5.61301 0.482761 447
11 4 38 31.5613 -3 0 0 132
11 4 39 26 -2 0 0 229
11 4 40 33.1063 2.30683 7.89991 0.397072 322
11 4 41 31.5613 -3 0 0 195
11 4 42 29.8631 1.44877 6.57078 0.436791 277
11 4 43 29.8695 1.12829 5.95867 0.382357 493
11 4 44 31.5613 -3 0 0 135
11 4 45 31.5613 -3 0 0 185
11 4 46 31.8009 1.21627 6.53708 0.260709 838
11 4 47 31.5613 -3 0 0 133
11 4 48 35.1169 5.13647 17.2148 0.463898 239
11 4 49 29.4555 1.19573 5.20385 0.453202 359
11 4 50 31.5613 -3 0 0 191
11 4 51 29 -2 0 0 368
11 4 52 31.439 1.8956 6.16617 0.579417 490
11 4 53 31.5613 -3 0 0 150
11 4 54 29.9032 2.50851 7.53604 0.398037 216
11 4 55 31.3927 1.72793 7.50435 0.42769 380
11 4 56 37.2938 3.46903 12.2198 0.544651 281
11 4 57 28.9109 2.55423 8.12722 0.404608 342
11 4 58 28.1935 1.74326 6.58478 0.444374 338
11 4 59 30.125 1.51903 6.04333 0.408446 610
11 4 60 31.5613 -3 0 0 188
11 4 61 27.617 2.74802 7.89982 0.439697 454
11 4 62 29.6455 1.10651 5.43294 0.455939 532
11 4 63 32.6359 2.57455 8.98891 0.424161 335
11 5 0 26 -2 0 0 213
11 5 1 29.9182 -3 0 0 195
11 5 2 25 -2 0 0 349
11 5 3 29.3355 1.36403 4.78285 0.528266 279
11 5 4 29.9841 1.17863 5.28912 0.301166 313
11 5 5 27.88 1.06457 4.25868 0.450409 351
11 5 6 30.7604 3.01647 9.37132 0.441156 350
11 5 7 27.43 0.863298 4.10857 0.615083 570
11 5 8 29.0471 1.2685 5.96328 0.360478 312
11 5 9 33.4374 2.42815 10.188 0.46155 330
11 5 10 35.8304 2.83547 9.58699 0.431164 383
11 5 11 29.0697 1.66387 5.83216 0.362051 365
11 5 12 30.1289 1.59326 6.82241 0.369443 388
11 5 13 27.6752 0.993019 4.53556 0.376066 602
11 5 14 26 -2 0 0 271
11 5 15 28.9002 1.24471 4.36513 0.350322 413
11 5 16 26 -2 0 0 309
11 5 17 28.0259 1.74911 4.64804 0.383434 391
11 5 18 38.105 4.50122 13.4298 0.574833 392
11 5 19 30.3093 1.44255 5.26554 0.353826 587
11 5 20 33.0879 4.39734 8.21811 0.539505 469
11 5 21 25 -2 0 0 395
11 5 22 33.7071 2.51105 9.76552 0.315849 326
11 5 23 36.9652 2.97336 11.4501 0.458666 309
11 5 24 27.8414 1.69296 5.30624 0.244604 277
11 5 25 30.0805 1.10666 4.70388 0.492541 653
11 5 26 35.0921 4.58774 14.2718 0.38216 273
11 5 27 30.2037 1.26059 7.00383 0.3899 391
11 5 28 30.7594 1.26821 5.25152 0.458882 409
11 5 29 31.2565 1.74062 7.0933 0.22311 296
11 5 30 27.9397 0.981913 3.58811 0.460894 471
11 5 31 27.7852 1.00492 3.88849 0.534139 879
11 5 32 28.702 1.11712 5.06494 0.414806 648
11 5 33 30.5763 1.40946 5.8599 0.345366 524
11 5 34 30.5542 1.78016 6.33651 0.343718 373
11 5 35 28.1759 0.789936 4.37326 0.390195 789
11 5 36 29.6192 1.02104 4.85301 0.410215 441
11 5 37 26.9757 0.970977 4.96109 0.497434 551
11 5 38 34.0035 1.42141 6.2572 0.6386 989
11 5 39 30.348 1.09428 5.383 0.344994 968
11 5 40 29.9016 1.10276 4.99916 0.382846 524
11 5 41 32.7367 1.27468 7.50875 0.485574 727
11 5 42 28.3846 1.19804 5.94061 0.346807 393
11 5 43 30.66 1.54786 6.28087 0.350156 487
11 5 44 27.6401 0.840757 4.63724 0.424397 591
11 5 45 32.1907 2.01974 8.66516 0.472439 413
11 5 46 29.4302 1.57468 7.20061 0.442595 389
11 5 47 30.2857 1.29181 5.43013 0.357745 1375
11 5 48 27.9729 1.15804 5.89164 0.282072 580
11 5 49 29.9363 1.16359 5.27797 0.339164 336
11 5 50 27.2774 0.727797 3.6772 0.493223 940
11 5 51 28.7597 1.02423 3.83071 0.507054 744
11 5 52 26.8404 0.93201 4.13362 0.539556 420
11 5 53 29.5066 1.03977 5.0458 0.519653 1120
11 5 54 27.9674 1.20325 4.48664 0.637788 518
11 5 55 27.5374 1.04616 3.94167 0.437831 510
11 5 56 29.6172 1.11016 6.09883 0.397179 796
11 5 57 27.2941 0.945509 4.00429 0.396844 889
11 5 58 27.4708 1.00863 3.63404 0.650332 657
11 5 59 29.8529 1.42676 6.04374 0.378795 496
11 5 60 28.3776 0.962967 5.31733 0.466115 992
11 5 61 27.0476 1.10448 4.49644 0.523353 505
11 5 62 26.2988 1.00877 3.98382 0.488697 423
11 5 63 26.5476 1.11157 4.8351 0.319013 645
11 6 0 30.5568 1.10247 5.21164 0.351297 718
11 6 1 32.3496 1.68119 5.74431 0.461351 538
11 6 2 35.1853 1.78786 7.4674 0.311557 473
11 6 3 32.6281 -3 0 0 173
11 6 4 32.376 2.22165 7.50829 0.272183 249
11 6 5 31.6708 2.42042 6.81391 0.409127 267
11 6 6 29.5726 2.20144 5.85952 0.418698 346
11 6 7 32.6281 -3 0 0 100
11 6 8 30.3777 1.69326 5.33217 0.345555 373
11 6 9 33.4484 4.1299 11.9947 0.428415 251
11 6 10 32.6281 -3 0 0 141
11 6 11 30.9709 1.74095 6.34705 0.363791 274
11 6 12 29.8295 4.59578 8.6839 0.314369 254
11 6 13 32.6281 -3 0 0 118
11 6 14 32.6811 1.6261 5.68187 0.401956 552
11 6 15 32.6281 -3 0 0 141
11 6 16 32.6281 -3 0 0 159
11 6 17 26 -2 0 0 340
11 6 18 32.6281 -3 0 0 154
11 6 19 32.6281 -3 0 0 143
11 6 20 35.3578 3.94295 12.7196 0.298341 217
11 6 21 30.5136 1.61938 6.05604 0.343891 280
11 6 22 32.6281 -3 0 0 176
11 6 23 32.6281 -3 0 0 200
11 6 24 32.5 1.75161 6.02298 0.348838 411
11 6 25 32.6281 -3 0 0 112
11 6 26 32.7611 1.82252 6.25657 0.414641 392
11 6 27 32.6281 -3 0 0 136
11 6 28 32.6281 -3 0 0 78
11 6 29 34.0961 2.78301 9.32506 0.33547 271
11 6 30 32.6281 -3 0 0 140
11 6 31 32.6281 -3 0 0 124
11 6 32 32.6281 -3 0 0 109
11 6 33 32.6281 -3 0 0 107
11 6 34 35.6457 2.03495 6.92831 0.362008 347
11 6 35 32.6281 -3 0 0 80
11 6 36 32.6281 -3 0 0 125
11 6 37 32.6281 -3 0 0 186
11 6 38 32.6281 -3 0 0 69
11 6 39 32.6281 -3 0 0 115
11 6 40 32.6281 -3 0 0 154
11 6 41 32.6281 -3 0 0 66
11 6 42 32.6281 -3 0 0 137
11 6 43 28 -2 0 0 222
11 6 44 32.6281 -3 0 0 84
11 6 45 32.6281 -3 0 0 113
11 6 46 32.4335 2.60269 7.21811 0.462092 308
11 6 47 32.6281 -3 0 0 80
11 6 48 32.6281 -3 0 0 104
11 6 49 32.6281 -3 0 0 108
11 6 50 32.6281 -3 0 0 89
11 6 51 32.6281 -3 0 0 154
11 6 52 32.6281 -3 0 0 170
11 6 53 32.6281 -3 0 0 67
11 6 54 32.6281 -3 0 0 112
11 6 55 32.6281 -3 0 0 148
11 6 56 32.6281 -3 0 0 107
11 6 57 32.6281 -3 0 0 117
11 6 58 32.6281 -3 0 0 109
11 6 59 34.9722 4.3865 11.5471 0.423524 208
11 6 60 32.6281 -3 0 0 97
11 6 61 32.6281 -3 0 0 159
11 6 62 32.6281 -3 0 0 141
11 6 63 32.6281 -3 0 0 124
11 7 0 32.1468 -3 0 0 132
11 7 1 32.1468 -3 0 0 127
11 7 2 32.1468 -3 0 0 103
11 7 3 32.1468 -3 0 0 157
11 7 4 25 -2 0 0 212
11 7 5 32.1468 -3 0 0 152
11 7 6 32.1468 -3 0 0 125
11 7 7 32.1468 -3 0 0 141
11 7 8 32.1468 -3 0 0 132
11 7 9 32.1468 -3 0 0 114
11 7 10 32.1468 -3 0 0 133
11 7 11 32.1468 -3 0 0 145
11 7 12 32.1468 -3 0 0 113
11 7 13 32.1468 -3 0 0 182
11 7 14 32.1468 -3 0 0 113
11 7 15 32.1468 -3 0 0 179
11 7 16 32.1468 -3 0 0 145
11 7 17 32.1468 -3 0 0 152
11 7 18 32.1468 -3 0 0 147
11 7 19 32.1468 -3 0 0 164
11 7 20 25 -2 0 0 232
11 7 21 32.1468 -3 0 0 135
11 7 22 32.1468 -3 0 0 127
11 7 23 33.286 2.79438 9.27315 0.413647 224
11 7 24 32.1468 -3 0 0 144
11 7 25 31.611 1.96461 7.8537 0.397975 250
11 7 26 32.1468 -3 0 0 180
11 7 27 36.7677 5.30347 15.2086 0.421239 241
11 7 28 27 -2 0 0 202
11 7 29 32.1468 -3 0 0 180
11 7 30 26 -2 0 0 252
11 7 31 33.9216 1.48023 7.10713 0.297975 452
11 7 32 34.4375 3.47699 9.76217 0.529516 300
11 7 33 34.6979 2.63836 8.59316 0.443083 327
11 7 34 32.7548 10.7794 20 0.47912 213
11 7 35 31.0292 1.52351 5.09748 0.573555 518
11 7 36 32.7369 1.83426 7.5858 0.489424 336
11 7 37 32.8425 1.70845 6.98456 0.360259 298
11 7 38 30.5417 1.27861 5.66215 0.450722 567
11 7 39 30.9445 1.10683 4.92224 0.44942 816
11 7 40 49 -2 0 0 251
11 7 41 33.7369 2.02898 8.87214 0.393075 374
11 7 42 30.7005 1.19205 4.91427 0.424278 383
11 7 43 25 -2 0 0 269
11 7 44 31.0432 1.2653 6.20486 0.346939 638
11 7 45 30.2151 1.35902 5.5884 0.431427 483
11 7 46 30.0044 3.0822 9.10371 0.33331 279
11 7 47 29.6923 1.10868 6.11082 0.512035 1097
11 7 48 30.0509 1.4589 6.37863 0.358045 408
11 7 49 36.3833 3.19831 9.9034 0.587426 375
11 7 50 28.5733 0.954574 4.39858 0.595962 457
11 7 51 32.5172 1.15862 5.53067 0.295054 549
11 7 52 29.0969 1.30376 4.74433 0.461229 295
11 7 53 31.7242 1.2061 5.82418 0.486672 788
11 7 54 30.2872 1.38282 5.14231 0.570684 483
11 7 55 32.351 1.8189 6.40121 0.435523 407
11 7 56 32.2566 1.73367 6.41192 0.354909 847
11 7 57 30.9139 1.2292 6.27583 0.358356 762
11 7 58 29.8588 1.52194 6.18479 0.38465 572
11 7 59 33.3066 2.2022 8.45799 0.449012 293
11 7 60 28.9356 1.00121 5.33109 0.350056 786
11 7 61 29.3852 1.28774 5.74634 0.506888 491
11 7 62 30.0074 1.68177 5.86017 0.405636 367
11 7 63 31.5074 1.26762 5.73669 0.397445 507
11 8 0 34.3666 -3 0 0 106
11 8 1 34.3666 -3 0 0 95
11 8 2 34.3666 -3 0 0 108
11 8 3 34.3666 -3 0 0 124
11 8 4 34.3666 -3 0 0 144
11 8 5 34.3666 -3 0 0 106
11 8 6 34.3666 -3 0 0 126
11 8 7 35.7397 9.84012 19.7306 0.388454 209
11 8 8 34.3666 -3 0 0 127
11 8 9 34.3666 -3 0 0 137
11 8 10 34.3666 -3 0 0 147
11 8 11 34.3666 -3 0 0 151
11 8 12 34.3666 -3 0 0 87
11 8 13 33.9523 14.0536 20 0.455573 223
11 8 14 34.3666 -3 0 0 97
11 8 15 37.0708 3.42828 10.2782 0.352292 213
11 8 16 34.3666 -3 0 0 168
11 8 17 34.3666 -3 0 0 130
11 8 18 34.3666 -3 0 0 141
11 8 19 35.7792 2.32461 8.14236 0.451702 207
11 8 20 34.3666 -3 0 0 176
11 8 21 34.3666 -3 0 0 122
11 8 22 34.3666 -3 0 0 174
11 8 23 34.3666 -3 0 0 169
11 8 24 34.3666 -3 0 0 129
11 8 25 34.5053 2.01168 8.10064 0.314293 238
11 8 26 34.3666 -3 0 0 152
11 8 27 33.1609 3.68005 9.60446 0.330575 230
11 8 28 32.0298 13.2026 18.1839 0.406306 237
11 8 29 34.3666 -3 0 0 183
11 8 30 34.3666 -3 0 0 199
11 8 31 32.4759 4.34105 10.3837 0.385921 333
11 8 32 33.9116 4.32733 12.5069 0.417206 305
11 8 33 39.2103 3.41834 13.2502 0.424648 250
11 8 34 34.3666 -3 0 0 132
11 8 35 34.92 1.22585 5.08935 0.362102 371
11 8 36 36.0658 8.1037 15.0131 0.457996 220
11 8 37 34.3666 -3 0 0 155
11 8 38 31.3918 1.17602 5.68058 0.396596 800
11 8 39 32.4068 1.21272 4.92714 0.481143 526
11 8 40 34.3666 -3 0 0 186
11 8 41 33.7406 1.22226 5.00705 0.371361 351
11 8 42 35.6163 2.40476 7.88614 0.431697 231
11 8 43 34.3666 -3 0 0 164
11 8 44 35.3049 1.68703 6.60215 0.315251 427
11 8 45 33.4894 2.08045 7.90576 0.511339 390
11 8 46 32.5879 3.28977 10.9507 0.360439 208
11 8 47 33.6766 1.33016 6.10511 0.287556 1081
11 8 48 35.9087 1.74288 6.69516 0.369279 251
11 8 49 32.7391 1.55322 6.36394 0.30228 288
11 8 50 23.6242 20.2371 13.6989 0.553344 502
11 8 51 31.3134 1.83734 5.25083 0.54706 304
11 8 52 34.3666 -3 0 0 180
11 8 53 33.457 1.23624 5.68827 0.323218 485
11 8 54 31.6911 1.5281 6.46612 0.284127 418
11 8 55 36.2435 3.08297 9.75545 0.363162 238
11 8 56 32.9366 1.07795 4.90915 0.351787 448
11 8 57 36.8682 3.14711 9.83749 0.498682 374
11 8 58 34.1009 2.06633 6.07648 0.54815 294
11 8 59 44 -2 0 0 221
11 8 60 31.9011 1.35387 5.34355 0.383469 749
11 8 61 35 -2 0 0 249
11 8 62 38.1162 4.58439 13.6598 0.373216 234
11 8 63 37.3769 4.38837 14.5352 0.487967 286
11 9 0 29.4134 4.38451 12.3017 0.437628 450
11 9 1 30.6418 2.93758 8.02667 0.383957 269
11 9 2 36.4958 9.07219 19.2075 0.348159 215
11 9 3 30.697 -3 0 0 113
11 9 4 30.697 -3 0 0 114
11 9 5 30.697 -3 0 0 160
11 9 6 23 -2 0 0 226
11 9 7 30.697 -3 0 0 90
11 9 8 30.697 -3 0 0 160
11 9 9 30.697 -3 0 0 137
11 9 10 30.697 -3 0 0 88
11 9 11 30.697 -3 0 0 145
11 9 12 30.697 -3 0 0 123
11 9 13 30.697 -3 0 0 82
11 9 14 33.0596 4.02311 11.6827 0.36529 275
11 9 15 30.697 -3 0 0 79
11 9 16 30.697 -3 0 0 69
11 9 17 28.2184 17.1417 20 0.360213 211
11 9 18 30.697 -3 0 0 117
11 9 19 30.697 -3 0 0 66
11 9 20 30.697 -3 0 0 118
11 9 21 30.697 -3 0 0 133
11 9 22 30.697 -3 0 0 101
11 9 23 30.697 -3 0 0 114
11 9 24 35.3549 4.61395 14.1034 0.347173 226
11 9 25 30.697 -3 0 0 72
11 9 26 33.7307 4.66256 13.2785 0.315337 243
11 9 27 30.697 -3 0 0 58
11 9 28 30.697 -3 0 0 89
11 9 29 30.697 -3 0 0 137
11 9 30 30.697 -3 0 0 93
11 9 31 30.697 -3 0 0 69
11 9 32 30.697 -3 0 0 49
11 9 33 30.697 -3 0 0 54
11 9 34 28.2006 3.43815 8.99125 0.301034 210
11 9 35 30.697 -3 0 0 57
11 9 36 30.697 -3 0 0 74
11 9 37 30.697 -3 0 0 77
11 9 38 30.697 -3 0 0 43
11 9 39 30.697 -3 0 0 71
11 9 40 30.697 -3 0 0 70
11 9 41 30.697 -3 0 0 48
11 9 42 30.697 -3 0 0 81
11 9 43 30.697 -3 0 0 121
11 9 44 30.697 -3 0 0 53
11 9 45 30.697 -3 0 0 40
11 9 46 30.697 -3 0 0 177
11 9 47 30.697 -3 0 0 50
11 9 48 30.697 -3 0 0 88
11 9 49 30.697 -3 0 0 97
11 9 50 30.697 -3 0 0 61
11 9 51 30.697 -3 0 0 87
11 9 52 30.697 -3 0 0 137
11 9 53 30.697 -3 0 0 46
11 9 54 30.697 -3 0 0 67
11 9 55 30.697 -3 0 0 107
11 9 56 30.697 -3 0 0 79
11 9 57 30.697 -3 0 0 89
11 9 58 30.697 -3 0 0 85
11 9 59 30.697 -3 0 0 149
11 9 60 30.697 -3 0 0 49
11 9 61 30.697 -3 0 0 120
11 9 62 30.697 -3 0 0 140
11 9 63 30.697 -3 0 0 83
11 10 0 28.602 -3 0 0 173
11 10 1 28.602 -3 0 0 168
11 10 2 28.602 -3 0 0 186
11 10 3 29.2847 1.49891 6.25381 0.468184 328
11 10 4 30.7494 3.58416 9.74054 0.540148 322
11 10 5 28.4657 2.36901 6.54537 0.456889 324
11 10 6 29.6003 1.81094 6.07539 0.372758 219
11 10 7 27.1591 1.06657 4.95363 0.427873 651
11 10 8 28.602 -3 0 0 176
11 10 9 27.1501 2.82581 9.74346 0.420412 279
11 10 10 28.2579 1.11498 5.72127 0.380391 389
11 10 11 25 -2 0 0 246
11 10 12 32.9701 7.49543 17.0911 0.623429 299
11 10 13 28.8721 1.34319 6.12271 0.427041 572
11 10 14 29.4812 2.22287 6.17748 0.428673 233
11 10 15 28.4062 1.25018 5.28706 0.496063 336
11 10 16 31.8326 1.80703 7.09058 0.432531 345
11 10 17 27.8962 1.59202 6.38654 0.211213 247
11 10 18 24 -2 0 0 410
11 10 19 28.4775 0.876513 4.52543 0.392478 567
11 10 20 21 -2 0 0 357
11 10 21 30.515 2.44962 7.12374 0.377415 249
11 10 22 28.1082 1.39378 5.36428 0.460674 460
11 10 23 19.4773 15.6397 11.3717 0.317558 302
11 10 24 28.602 -3 0 0 171
11 10 25 27.3013 0.906952 4.50923 0.470658 704
11 10 26 27.7421 1.68522 6.36869 0.349147 247
11 10 27 27.2579 1.25177 5.71008 0.442073 519
11 10 28 28.0533 1.13653 5.17866 0.516056 426
11 10 29 31.2927 3.23205 10.9905 0.443665 263
11 10 30 26 -2 0 0 410
11 10 31 26.7928 0.891856 4.47915 0.415088 1063
11 10 32 27.9018 1.07311 5.96993 0.396129 756
11 10 33 28.1804 1.10439 5.33145 0.471336 540
11 10 34 31.8579 3.09408 10.2128 0.411724 237
11 10 35 27.8753 0.994318 6.17076 0.505275 1334
11 10 36 24.7057 2.44101 6.17643 0.415012 448
11 10 37 25.5385 2.39502 5.62188 0.517032 403
11 10 38 26.5424 0.843088 4.80425 0.299242 1501
11 10 39 27.0592 0.988979 4.91907 0.337174 800
11 10 40 27.3678 1.11545 5.37482 0.349331 364
11 10 41 26.7938 0.796875 4.80996 0.437869 712
11 10 42 27.3892 1.54606 4.66702 0.42353 569
11 10 43 32.1316 4.27851 12.4493 0.515456 285
11 10 44 25.5435 0.709201 4.18089 0.378721 1161
11 10 45 25.3674 1.50853 6.231 0.614199 697
11 10 46 32.7461 3.11115 10.4402 0.476076 244
11 10 47 27.9517 0.946469 5.62506 0.398814 2001
11 10 48 31.5664 2.26999 7.14931 0.506667 466
11 10 49 27.4208 2.57086 5.42031 0.60313 326
11 10 50 27.2301 0.995512 5.65045 0.526068 760
11 10 51 27.8386 1.34875 4.33861 0.460479 423
11 10 52 24.8408 0.922299 4.0884 0.381606 380
11 10 53 29.1604 1.45205 5.33326 0.662627 1331
11 10 54 26.526 1.01014 5.36071 0.397098 636
11 10 55 27.0034 2.079 5.92662 0.45355 375
11 10 56 30.4348 1.49574 5.94321 0.417029 628
11 10 57 27.5852 1.1594 4.91961 0.507388 497
11 10 58 27.1291 1.18409 5.19369 0.455111 470
11 10 59 29.6795 4.29146 12.0261 0.358738 220
11 10 60 26.3223 1.18588 4.89095 0.480579 1025
11 10 61 18.859 2.93244 8.55132 0.430689 404
11 10 62 26.6136 2.68182 6.40549 0.496136 307
11 10 63 21 -2 0 0 320
11 11 0 29.9291 1.60464 4.65294 0.410086 751
11 11 1 23 -2 0 0 409
11 11 2 28.4468 1.32247 5.54347 0.298105 398
11 11 3 30.474 -3 0 0 164
11 11 4 32.5112 2.40341 8.15506 0.322541 216
11 11 5 25 -2 0 0 273
11 11 6 29.7913 3.67523 7.35048 0.511527 309
11 11 7 30.474 -3 0 0 106
11 11 8 26 -2 0 0 262
11 11 9 30.474 -3 0 0 185
11 11 10 30.474 -3 0 0 188
11 11 11 27.8186 1.47625 4.61294 0.368173 291
11 11 12 31.1226 7.5885 14.8597 0.402622 275
11 11 13 30.474 -3 0 0 161
11 11 14 30.1007 1.29893 4.70198 0.432595 627
11 11 15 30.474 -3 0 0 166
11 11 16 30.474 -3 0 0 105
11 11 17 31.24 2.02354 5.77946 0.388349 367
11 11 18 30.474 -3 0 0 186
11 11 19 30.474 -3 0 0 124
11 11 20 37.6496 5.75455 16.026 0.453139 251
11 11 21 31.551 2.02938 6.6343 0.315968 233
11 11 22 30.474 -3 0 0 110
11 11 23 28.4969 1.13294 5.1063 0.357839 327
11 11 24 25 -2 0 0 477
11 11 25 30.474 -3 0 0 131
11 11 26 29.3342 1.53696 6.63235 0.287701 679
11 11 27 30.474 -3 0 0 166
11 11 28 30.474 -3 0 0 97
11 11 29 28.1704 1.28172 4.69292 0.521065 421
11 11 30 30.474 -3 0 0 171
11 11 31 30.474 -3 0 0 116
11 11 32 30.474 -3 0 0 109
11 11 33 30.474 -3 0 0 157
11 11 34 33.0413 1.57918 6.55765 0.313606 595
11 11 35 30.474 -3 0 0 90
11 11 36 30.474 -3 0 0 156
11 11 37 28.9578 11.772 16.2941 0.424416 241
11 11 38 30.474 -3 0 0 140
11 11 39 30.474 -3 0 0 107
11 11 40 25 -2 0 0 206
11 11 41 30.474 -3 0 0 95
11 11 42 30.474 -3 0 0 189
11 11 43 31.192 1.51576 5.67477 0.393563 358
11 11 44 30.474 -3 0 0 125
11 11 45 30.474 -3 0 0 137
11 11 46 31.2986 2.1258 6.43392 0.448487 524
11 11 47 30.474 -3 0 0 111
11 11 48 30.474 -3 0 0 147
11 11 49 25 -2 0 0 251
11 11 50 30.474 -3 0 0 101
11 11 51 28.6855 1.95392 6.74296 0.294531 328
11 11 52 29.1466 2.13593 5.56047 0.406229 305
11 11 53 30.474 -3 0 0 73
11 11 54 30.474 -3 0 0 169
11 11 55 37.4461 5.26072 15.6294 0.539625 296
11 11 56 30.474 -3 0 0 153
11 11 57 36.0727 7.03426 18.4796 0.41989 216
11 11 58 23 -2 0 0 221
11 11 59 27.8205 1.13308 5.05161 0.396142 511
11 11 60 30.474 -3 0 0 95
11 11 61 28.6004 2.21726 6.68973 0.417437 335
11 11 62 27.1743 1.45475 5.5512 0.280144 447
11 11 63 25 -2 0 0 206
11 12 0 33.5134 4.37764 9.89038 0.487229 384
11 12 1 27.3315 1.43068 4.39791 0.617188 427
11 12 2 26.7168 1.0743 4.77748 0.294826 621
11 12 3 24 -2 0 0 855
11 12 4 30.8579 3.67168 5.83954 0.641289 342
11 12 5 25.9419 0.876497 3.58189 0.439216 612
11 12 6 28.3719 1.30185 5.0788 0.506511 562
11 12 7 26.5379 0.744042 5.22598 0.588792 1432
11 12 8 30.1723 2.06723 5.48745 0.432339 493
11 12 9 25.5277 0.870531 5.08743 0.441497 1069
11 12 10 26.4567 0.819981 4.80439 0.544248 1289
11 12 11 24.8316 0.747815 3.64248 0.601199 517
11 12 12 30.3831 1.13458 5.3022 0.597923 616
11 12 13 27.1224 0.845774 4.54984 0.458108 732
11 12 14 24.2659 1.00244 3.9414 0.461421 360
11 12 15 26.1821 1.16945 4.15946 0.549673 772
11 12 16 27.9993 0.785334 5.29089 0.369882 1804
11 12 17 27.2819 10.0883 15.0775 0.436266 345
11 12 18 28.2964 1.01869 5.83059 0.390392 421
11 12 19 29.1375 1.14355 4.75865 0.553611 992
11 12 20 24 -2 0 0 374
11 12 21 28.1895 1.24056 5.03089 0.64122 618
11 12 22 25.9872 0.807812 4.59048 0.42605 1126
11 12 23 27.1822 1.09684 3.73254 0.556516 318
11 12 24 32.2972 1.33983 6.15146 0.427751 313
11 12 25 28.9795 1.12746 6.20282 0.373485 1195
11 12 26 29.7244 3.88206 9.92374 0.312383 254
11 12 27 27.9384 1.87983 6.03205 0.642681 473
11 12 28 27.8539 1.03133 4.57011 0.354265 616
11 12 29 22 -2 0 0 230
11 12 30 29.8199 1.92924 9.10936 0.545032 483
11 12 31 26.9282 0.658816 4.21098 0.824066 713
11 12 32 27.4637 1.17797 4.47955 0.374265 676
11 12 33 26.5779 0.933223 5.042 0.516101 504
11 12 34 25 -2 0 0 244
11 12 35 28.7555 1.10084 5.34716 0.49079 815
11 12 36 28.3319 1.27498 4.28241 0.398118 348
11 12 37 26.8109 1.73489 3.99231 0.477609 373
11 12 38 25 -2 0 0 538
11 12 39 30.7948 6.58541 16.181 0.573137 326
11 12 40 25.9348 1.1547 6.65278 0.308193 406
11 12 41 28.3765 1.05442 5.16295 0.391367 497
11 12 42 25.659 0.99042 3.70643 0.554683 331
11 12 43 32.8525 4.36041 11.8893 0.41335 243
11 12 44 29.6857 1.74606 5.94746 0.451377 567
11 12 45 26.9772 1.50458 4.69767 0.391537 528
11 12 46 27.8627 4.20505 8.89615 0.288929 226
11 12 47 29.6272 1.32883 5.35065 0.490134 460
11 12 48 27.9108 1.87326 5.3873 0.591677 417
11 12 49 31.2455 3.88964 11.8272 0.527687 296
11 12 50 34.2208 5.92215 16.3739 0.67799 385
11 12 51 28.4755 -3 0 0 180
11 12 52 24.9048 1.36433 4.79564 0.422909 226
11 12 53 27.6219 1.42561 4.17057 0.568737 415
11 12 54 26.1046 2.43964 4.95158 0.471625 318
11 12 55 28.4755 -3 0 0 175
11 12 56 30.7582 5.60179 10.3954 0.506913 261
11 12 57 28.4457 1.648 6.51601 0.357841 254
11 12 58 23.9201 1.22704 3.42613 0.483382 290
11 12 59 22 -2 0 0 208
11 12 60 26.4654 0.944578 4.35473 0.400015 425
11 12 61 28.4755 -3 0 0 161
11 12 62 28.4755 -3 0 0 181
11 12 63 28.4755 -3 0 0 184
11 13 0 30.6771 1.77502 6.93646 0.444625 340
11 13 1 27 -2 0 0 255
11 13 2 33.8312 3.2364 10.1124 0.337061 208
11 13 3 33.2372 -3 0 0 137
11 13 4 33.2372 -3 0 0 199
11 13 5 33.2372 -3 0 0 184
11 13 6 33.2372 -3 0 0 183
11 13 7 33.2372 -3 0 0 79
11 13 8 26 -2 0 0 241
11 13 9 33.2372 -3 0 0 140
11 13 10 33.2372 -3 0 0 87
11 13 11 32.4467 2.74027 9.46965 0.317847 208
11 13 12 33.2372 -3 0 0 166
11 13 13 33.2372 -3 0 0 109
11 13 14 34.4846 1.62787 6.33492 0.349083 345
11 13 15 33.2372 -3 0 0 136
11 13 16 33.2372 -3 0 0 108
11 13 17 39.6578 5.83302 16.7542 0.548322 290
11 13 18 33.2372 -3 0 0 127
11 13 19 33.2372 -3 0 0 90
11 13 20 33.2372 -3 0 0 160
11 13 21 33.2372 -3 0 0 136
11 13 22 33.2372 -3 0 0 119
11 13 23 33 -2 0 0 239
11 13 24 32.3041 2.80873 7.87878 0.340603 234
11 13 25 33.2372 -3 0 0 56
11 13 26 31.472 1.46551 6.36877 0.495728 429
11 13 27 33.2372 -3 0 0 129
11 13 28 33.2372 -3 0 0 86
11 13 29 30.3291 6.73882 11.7845 0.519713 362
11 13 30 33.2372 -3 0 0 180
11 13 31 33.2372 -3 0 0 95
11 13 32 33.2372 -3 0 0 132
11 13 33 33.2372 -3 0 0 114
11 13 34 32.3701 1.41297 5.5785 0.406314 405
11 13 35 33.2372 -3 0 0 131
11 13 36 33.2372 -3 0 0 130
11 13 37 30.354 1.31712 5.37611 0.378138 288
11 13 38 33.2372 -3 0 0 120
11 13 39 33.2372 -3 0 0 199
11 13 40 32.4349 4.0053 13.1196 0.334689 240
11 13 41 33.2372 -3 0 0 124
11 13 42 35.2048 4.64854 12.5411 0.341562 203
11 13 43 29.2057 1.46742 5.90353 0.401198 382
11 13 44 33.2372 -3 0 0 115
11 13 45 33.2372 -3 0 0 122
11 13 46 35.0062 2.07913 7.21392 0.376878 601
11 13 47 33.2372 -3 0 0 151
11 13 48 33.2372 -3 0 0 200
11 13 49 26 -2 0 0 267
11 13 50 33.2372 -3 0 0 153
11 13 51 33.3848 2.15431 8.7579 0.366754 495
11 13 52 30.8488 1.32059 5.16762 0.348707 374
11 13 53 33.2372 -3 0 0 173
11 13 54 27 -2 0 0 207
11 13 55 32.2775 1.67809 6.77717 0.379135 422
11 13 56 30.3057 1.63939 4.98666 0.344072 276
11 13 57 33.4929 2.98241 7.81296 0.395308 349
11 13 58 51 -2 0 0 245
11 13 59 37.7158 3.55306 10.0269 0.590264 574
11 13 60 33.2372 -3 0 0 128
11 13 61 29.8786 1.06796 4.43454 0.356964 628
11 13 62 30.2008 1.23379 5.34752 0.25675 561
11 13 63 33.0303 4.66388 13.2394 0.519903 333
11 14 0 30.1869 2.22284 8.26044 0.382127 362
11 14 1 27.2987 1.13102 5.84002 0.371916 434
11 14 2 26.944 1.23965 5.16533 0.363081 470
11 14 3 31.9909 3.71102 7.76591 0.579204 533
11 14 4 25 -2 0 0 318
11 14 5 27 -2 0 0 432
11 14 6 29.3949 1.37893 5.92516 0.44837 491
11 14 7 31.8354 1.38968 6.12432 0.359444 784
11 14 8 29.3378 2.23482 7.32416 0.444035 340
11 14 9 31.5808 1.6633 6.6078 0.33444 792
11 14 10 28.8543 1.07754 4.7273 0.409504 818
11 14 11 26 -2 0 0 280
11 14 12 33.0052 2.26664 9.40967 0.442393 399
11 14 13 29.5677 1.27518 4.93435 0.574812 501
11 14 14 28.8636 1.30694 6.26771 0.278998 287
11 14 15 28.6693 1.47498 5.82343 0.445993 365
11 14 16 31.2254 1.34444 6.45009 0.340546 1048
11 14 17 27.9475 1.37969 5.55339 0.278231 245
11 14 18 32.1983 2.2196 10.2429 0.423026 375
11 14 19 31.7231 1.45371 6.304 0.418656 636
11 14 20 29.9524 11.858 20 0.475792 245
11 14 21 28.9402 2.30363 5.45463 0.561935 661
11 14 22 30.3345 1.23384 5.41765 0.369392 490
11 14 23 28 -2 0 0 202
11 14 24 29.0916 2.21967 5.67596 0.391294 303
11 14 25 30.6249 1.20548 5.97392 0.273915 476
11 14 26 36.0497 3.60332 12.6828 0.290331 223
11 14 27 34.0536 4.66027 14.5533 0.553292 332
11 14 28 33.1096 2.33551 6.74211 0.532271 389
11 14 29 30.821 -3 0 0 179
11 14 30 31.4832 2.50918 8.8363 0.427657 301
11 14 31 0 -10 0 0 0
11 14 32 30.8149 8.19371 20 0.459999 231
11 14 33 32.2711 2.3844 8.59162 0.360669 252
11 14 34 30.821 -3 0 0 190
11 14 35 32.9855 5.22767 14.9527 0.463855 301
11 14 36 32.9015 2.66989 10.0805 0.307085 201
11 14 37 30.821 -3 0 0 167
11 14 38 30.821 -3 0 0 198
11 14 39 30.821 -3 0 0 102
11 14 40 30.821 -3 0 0 190
11 14 41 25 -2 0 0 229
11 14 42 30.821 -3 0 0 146
11 14 43 30.821 -3 0 0 191
11 14 44 30.821 -3 0 0 186
11 14 45 30.821 -3 0 0 166
11 14 46 30.821 -3 0 0 155
11 14 47 30.821 -3 0 0 187
11 14 48 30.821 -3 0 0 153
11 14 49 30.821 -3 0 0 161
11 14 50 30.821 -3 0 0 176
11 14 51 30.821 -3 0 0 77
11 14 52 30.821 -3 0 0 112
11 14 53 30.821 -3 0 0 175
11 14 54 30.821 -3 0 0 157
11 14 55 30.821 -3 0 0 91
11 14 56 30.821 -3 0 0 144
11 14 57 30.821 -3 0 0 94
11 14 58 30.821 -3 0 0 97
11 14 59 30.821 -3 0 0 121
11 14 60 30.821 -3 0 0 135
11 14 61 30.821 -3 0 0 100
11 14 62 30.821 -3 0 0 89
11 14 63 30.821 -3 0 0 128
11 15 0 33.1175 -3 0 0 120
11 15 1 33.1175 -3 0 0 95
11 15 2 33.1175 -3 0 0 90
11 15 3 33.1175 -3 0 0 47
11 15 4 33.1175 -3 0 0 85
11 15 5 33.1175 -3 0 0 68
11 15 6 33.1175 -3 0 0 55
11 15 7 33.1175 -3 0 0 55
11 15 8 33.1175 -3 0 0 95
11 15 9 33.1175 -3 0 0 63
11 15 10 33.1175 -3 0 0 58
11 15 11 33.1175 -3 0 0 111
11 15 12 33.1175 -3 0 0 59
11 15 13 33.1175 -3 0 0 48
11 15 14 33.1175 -3 0 0 116
11 15 15 33.1175 -3 0 0 70
11 15 16 33.1175 -3 0 0 40
11 15 17 33.1175 -3 0 0 128
11 15 18 33.1175 -3 0 0 61
11 15 19 33.1175 -3 0 0 63
11 15 20 33.1175 -3 0 0 75
11 15 21 33.1175 -3 0 0 68
11 15 22 33.1175 -3 0 0 55
11 15 23 33.1175 -3 0 0 124
11 15 24 33.1175 -3 0 0 92
11 15 25 33.1175 -3 0 0 62
11 15 26 33.1175 -3 0 0 108
11 15 27 33.1175 -3 0 0 69
11 15 28 33.1175 -3 0 0 77
11 15 29 33.1175 -3 0 0 156
11 15 30 33.1175 -3 0 0 74
11 15 31 33.1175 -3 0 0 64
11 15 32 33.1175 -3 0 0 67
11 15 33 33.1175 -3 0 0 75
11 15 34 33.1175 -3 0 0 152
11 15 35 33.1175 -3 0 0 50
11 15 36 33.1175 -3 0 0 93
11 15 37 33.1175 -3 0 0 119
11 15 38 33.1175 -3 0 0 94
11 15 39 33.1175 -3 0 0 161
11 15 40 33.1175 -3 0 0 120
11 15 41 33.1175 -3 0 0 100
11 15 42 33.1175 -3 0 0 109
11 15 43 33.1175 -3 0 0 146
11 15 44 33.1175 -3 0 0 86
11 15 45 33.1175 -3 0 0 73
11 15 46 33.1175 -3 0 0 171
11 15 47 33.1175 -3 0 0 83
11 15 48 33.1175 -3 0 0 88
11 15 49 33.1175 -3 0 0 162
11 15 50 33.1175 -3 0 0 120
11 15 51 33.3372 2.4244 8.42454 0.289156 312
11 15 52 33.1175 -3 0 0 196
11 15 53 33.1175 -3 0 0 92
11 15 54 33.1175 -3 0 0 116
11 15 55 26.1651 18.6628 20 0.373334 220
11 15 56 33.1175 -3 0 0 171
11 15 57 35.8095 6.81405 15.9189 0.3282 209
11 15 58 33.1175 -3 0 0 151
11 15 59 26 -2 0 0 241
11 15 60 33.1175 -3 0 0 115
11 15 61 30.5714 15.2238 18.0402 0.413159 305
11 15 62 31.0227 1.79636 5.90931 0.32741 286
11 15 63 33.1175 -3 0 0 189
12 0 0 40.1705 -3 0 0 64
12 0 1 40.1705 -3 0 0 93
12 0 2 40.1705 -3 0 0 90
12 0 3 40.1705 -3 0 0 88
12 0 4 40.1705 -3 0 0 96
12 0 5 40.1705 -3 0 0 62
12 0 6 40.1705 -3 0 0 62
12 0 7 40.1705 -3 0 0 75
12 0 8 40.1705 -3 0 0 59
12 0 9 40.1705 -3 0 0 46
12 0 10 40.1705 -3 0 0 8
12 0 11 40.1705 -3 0 0 78
12 0 12 40.1705 -3 0 0 60
12 0 13 0 -10 0 0 0
12 0 14 0 -10 0 0 0
12 0 15 40.1705 -3 0 0 73
12 0 16 0 -10 0 0 0
12 0 17 0 -10 0 0 0
12 0 18 40.1705 -3 0 0 82
12 0 19 40.1705 -3 0 0 99
12 0 20 0 -10 0 0 0
12 0 21 40.1705 -3 0 0 93
12 0 22 40.1705 -3 0 0 105
12 0 23 40.1705 -3 0 0 112
12 0 24 0 -10 0 0 0
12 0 25 40.1705 -3 0 0 95
12 0 26 40.1705 -3 0 0 94
12 0 27 40.1705 -3 0 0 89
12 0 28 40.1705 -3 0 0 141
12 0 29 40.1705 -3 0 0 136
12 0 30 40.1705 -3 0 0 111
12 0 31 40.1705 -3 0 0 115
12 0 32 40.1705 -3 0 0 96
12 0 33 40.1705 -3 0 0 117
12 0 34 40.1705 -3 0 0 135
12 0 35 40.1705 -3 0 0 153
12 0 36 40.1705 -3 0 0 111
12 0 37 40.1705 -3 0 0 142
12 0 38 40.1705 -3 0 0 140
12 0 39 40.1705 -3 0 0 113
12 0 40 40.1705 -3 0 0 120
12 0 41 40.1705 -3 0 0 142
12 0 42 40.1705 -3 0 0 181
12 0 43 42.9959 4.56195 11.316 0.343589 201
12 0 44 40.1705 -3 0 0 177
12 0 45 40.1705 -3 0 0 133
12 0 46 38.7838 1.75115 6.58757 0.23385 223
12 0 47 40.1705 -3 0 0 131
12 0 48 40.1705 -3 0 0 113
12 0 49 42.4106 2.88459 10.305 0.313224 365
12 0 50 40.1705 -3 0 0 178
12 0 51 40.1705 -3 0 0 145
12 0 52 42 -2 0 0 282
12 0 53 40.4711 1.76323 6.50406 0.337036 312
12 0 54 40.1705 -3 0 0 166
12 0 55 40.5132 13.2078 20 0.401988 245
12 0 56 40.1705 -3 0 0 130
12 0 57 40.1705 -3 0 0 194
12 0 58 40.1705 -3 0 0 195
12 0 59 40.1705 -3 0 0 167
12 0 60 0 -10 0 0 0
12 0 61 42.0568 2.53008 8.79604 0.361089 435
12 0 62 42.4272 5.68616 14.6647 0.416056 304
12 0 63 40.014 2.09189 7.5456 0.285308 350
12 1 0 43.4114 2.15552 8.70989 0.427722 302
12 1 1 37.7154 1.89893 7.32141 0.419703 312
12 1 2 42.9875 2.00464 7.50955 0.366025 351
12 1 3 36.3703 14.8465 14.621 0.513887 371
12 1 4 38 -2 0 0 357
12 1 5 42.2103 2.08052 7.17185 0.539694 583
12 1 6 42.7679 1.54666 6.51178 0.398662 488
12 1 7 43.035 1.4228 6.60936 0.33848 425
12 1 8 40.5851 1.32786 5.85112 0.396629 459
12 1 9 49.0137 8.74907 20 0.552969 307
12 1 10 39.728 1.52213 6.46183 0.409522 448
12 1 11 0 -10 0 0 0
12 1 12 40.4022 1.95885 5.52067 0.609365 548
12 1 13 0 -10 0 0 0
12 1 14 40.5743 1.38099 5.45407 0.432634 394
12 1 15 42.8134 1.68035 6.71336 0.390141 395
12 1 16 39.4592 1.49904 6.62472 0.26087 668
12 1 17 42.7244 -3 0 0 187
12 1 18 40.7571 1.47194 5.69885 0.368653 356
12 1 19 42.7244 -3 0 0 127
12 1 20 0 -10 0 0 0
12 1 21 45.1147 4.21012 12.5103 0.452365 219
12 1 22 45.3907 2.35967 7.47336 0.29073 251
12 1 23 43.0297 2.63468 8.32647 0.479064 255
12 1 24 42.3683 2.36404 8.38425 0.318563 232
12 1 25 42.7244 -3 0 0 101
12 1 26 42.7244 -3 0 0 140
12 1 27 42.7244 -3 0 0 182
12 1 28 41.0094 2.58144 8.01375 0.423511 275
12 1 29 42.7244 -3 0 0 111
12 1 30 42.7244 -3 0 0 93
12 1 31 42.7244 -3 0 0 105
12 1 32 42.7244 -3 0 0 147
12 1 33 42.7244 -3 0 0 200
12 1 34 48.9194 4.11009 13.4259 0.523369 304
12 1 35 42.7244 -3 0 0 180
12 1 36 42.7244 -3 0 0 180
12 1 37 48.1002 6.53875 17.8532 0.477274 227
12 1 38 41.3392 2.77042 8.15704 0.412844 281
12 1 39 42.7244 -3 0 0 140
12 1 40 42.7244 -3 0 0 121
12 1 41 42.7244 -3 0 0 115
12 1 42 42.7244 -3 0 0 80
12 1 43 42.7244 -3 0 0 164
12 1 44 42.7244 -3 0 0 98
12 1 45 42.7244 -3 0 0 198
12 1 46 42.7244 -3 0 0 167
12 1 47 42.7244 -3 0 0 168
12 1 48 42.7244 -3 0 0 134
12 1 49 42.7244 -3 0 0 103
12 1 50 42.7244 -3 0 0 78
12 1 51 42.7244 -3 0 0 84
12 1 52 42.7244 -3 0 0 128
12 1 53 42.7244 -3 0 0 88
12 1 54 42.7244 -3 0 0 85
12 1 55 42.7244 -3 0 0 88
12 1 56 42.7244 -3 0 0 75
12 1 57 42.7244 -3 0 0 101
12 1 58 42.7244 -3 0 0 90
12 1 59 42.7244 -3 0 0 124
12 1 60 42.7244 -3 0 0 103
12 1 61 42.7244 -3 0 0 87
12 1 62 42.7244 -3 0 0 138
12 1 63 0 -10 0 0 0
12 2 0 39.435 1.4078 5.57139 0.346265 495
12 2 1 42.7124 2.08584 9.35037 0.298765 315
12 2 2 40.3165 1.80436 6.04059 0.374179 246
12 2 3 41.9273 2.9235 9.39344 0.437261 286
12 2 4 43.9444 7.61346 18.258 0.427922 219
12 2 5 43.9788 2.79601 10.1865 0.472716 404
12 2 6 40.8095 -3 0 0 160
12 2 7 38.5026 4.54309 9.89955 0.276006 316
12 2 8 45.434 4.5338 14.441 0.389747 270
12 2 9 40.8095 -3 0 0 198
12 2 10 40.8095 -3 0 0 185
12 2 11 40.8095 -3 0 0 129
12 2 12 40.8095 -3 0 0 122
12 2 13 40.8095 -3 0 0 155
12 2 14 40.8095 -3 0 0 124
12 2 15 40.8095 -3 0 0 122
12 2 16 40.8095 -3 0 0 102
12 2 17 40.8095 -3 0 0 112
12 2 18 40.7486 1.66591 7.03715 0.224841 261
12 2 19 40.8095 -3 0 0 176
12 2 20 40.8095 -3 0 0 180
12 2 21 39.1706 1.37422 5.93675 0.367095 359
12 2 22 38.6975 1.45624 5.94903 0.608853 563
12 2 23 45.2988 4.57797 12.5247 0.499728 258
12 2 24 40.8095 -3 0 0 137
12 2 25 40.8095 -3 0 0 154
12 2 26 0 -10 0 0 0
12 2 27 37.8797 1.82792 6.12112 0.443861 303
12 2 28 40.4132 1.44625 6.71257 0.368815 474
12 2 29 40.8095 -3 0 0 187
12 2 30 39.0574 1.41965 5.73725 0.473785 735
12 2 31 42.8028 3.33542 8.26874 0.484261 277
12 2 32 40.8095 -3 0 0 195
12 2 33 40.3564 2.00558 7.60565 0.496609 464
12 2 34 40.8095 -3 0 0 168
12 2 35 40.4986 2.42158 8.09997 0.578472 343
12 2 36 30 -2 0 0 378
12 2 37 40.8095 -3 0 0 115
12 2 38 40.1214 2.54322 8.395 0.447954 242
12 2 39 45.8954 4.231 12.6634 0.422884 292
12 2 40 40.3561 1.09318 5.53306 0.31474 809
12 2 41 39.0605 1.36741 6.34462 0.26758 569
12 2 42 37.8001 1.23552 6.03044 0.479251 442
12 2 43 38.9424 1.54945 6.53292 0.475052 412
12 2 44 0 -10 0 0 0
12 2 45 0 -10 0 0 0
12 2 46 40.8095 -3 0 0 153
12 2 47 40.8095 -3 0 0 181
12 2 48 40.8095 -3 0 0 153
12 2 49 40.8095 -3 0 0 194
12 2 50 40.8095 -3 0 0 199
12 2 51 39 -2 0 0 268
12 2 52 37.5853 3.0386 9.61626 0.399674 233
12 2 53 38.3742 2.12781 8.2954 0.381417 361
12 2 54 42.4628 1.87033 7.37184 0.356087 418
12 2 55 37.9375 1.14072 6.4294 0.328206 586
12 2 56 40.876 1.3849 5.34979 0.300348 776
12 2 57 40.2409 1.30469 6.05963 0.319518 1030
12 2 58 42.1788 1.71914 6.44685 0.379402 801
12 2 59 39.3632 2.26108 8.73037 0.261861 219
12 2 60 40.0142 1.3708 6.59716 0.359662 599
12 2 61 52 -2 0 0 381
12 2 62 36.7617 1.72042 6.35939 0.35779 292
12 2 63 37.8855 1.33877 5.25257 0.499778 447
12 3 0 36.0114 1.02314 5.27437 0.309604 502
12 3 1 34.5799 0.952206 4.13613 0.586167 429
12 3 2 35.7868 1.22579 5.29786 0.842769 489
12 3 3 37.0875 1.16252 5.21235 0.456735 527
12 3 4 36.4524 1.15158 6.34028 0.244864 764
12 3 5 35.117 1.02436 4.9903 0.500352 712
12 3 6 37.3796 1.05412 5.83963 0.314846 570
12 3 7 30.9448 11.4155 12.9609 0.878549 565
12 3 8 37.4178 1.29939 6.64509 0.29612 739
12 3 9 38.5256 1.23373 6.3289 0.46606 770
12 3 10 34.4699 0.893319 5.63316 0.360219 1024
12 3 11 36.298 1.06242 6.22749 0.510254 987
12 3 12 36.3329 1.04403 7.01011 0.407416 947
12 3 13 39.6015 1.16227 6.53477 0.403889 1128
12 3 14 0 -10 0 0 0
12 3 15 39.1554 1.20162 7.21146 0.393408 766
12 3 16 36.5112 1.01029 6.11964 0.383617 1081
12 3 17 35.0146 0.932636 5.37673 0.632161 586
12 3 18 36.0736 1.22071 7.23589 0.303984 568
12 3 19 36.277 0.971675 5.33567 0.401312 419
12 3 20 37.2264 1.75132 6.59419 0.585571 475
12 3 21 34.2314 0.960504 4.94319 0.451915 490
12 3 22 41.2952 2.07561 7.92518 0.447925 320
12 3 23 40.7854 1.38456 6.15862 0.440143 318
12 3 24 0 -10 0 0 0
12 3 25 35.2523 2.76983 7.93177 0.960772 583
12 3 26 39.9498 3.40729 13.4729 0.728441 387
12 3 27 37.8735 1.75132 6.91111 0.653509 335
12 3 28 35.6116 1.32682 6.23116 0.487856 349
12 3 29 0 -10 0 0 0
12 3 30 0 -10 0 0 0
12 3 31 38.7023 1.52953 6.69966 0.452988 279
12 3 32 38.7594 1.26099 5.86254 0.333148 596
12 3 33 35.7009 1.11059 5.56718 0.429115 355
12 3 34 36.0012 2.37114 5.75599 0.609613 347
12 3 35 41.9083 2.25107 9.37764 0.407271 307
12 3 36 0 -10 0 0 0
12 3 37 34.8588 1.71945 6.3975 0.431542 389
12 3 38 0 -10 0 0 0
12 3 39 45 -2 0 0 225
12 3 40 37.7356 1.15846 5.84118 0.396333 535
12 3 41 38.4769 2.19482 8.70767 0.45519 268
12 3 42 37.7694 2.16268 7.28355 0.398856 261
12 3 43 35.3129 7.19775 11.8693 0.485705 279
12 3 44 37.7787 1.52638 6.46343 0.574497 324
12 3 45 39.6676 3.29389 10.7801 0.607993 292
12 3 46 39.3916 1.93352 7.22507 0.424011 458
12 3 47 42.3217 2.56572 8.75758 0.418141 336
12 3 48 40.4599 2.37198 9.84957 0.45242 364
12 3 49 36.0725 4.86738 10.5372 0.329811 260
12 3 50 42.8052 3.40468 11.3952 0.493137 282
12 3 51 34.3927 3.2138 8.94785 0.312063 219
12 3 52 36.4229 1.90838 7.5202 0.447566 312
12 3 53 34.6645 1.20889 5.19574 0.514038 293
12 3 54 38 -2 0 0 244
12 3 55 41 -2 0 0 207
12 3 56 38.9446 6.6959 16.9671 0.421625 214
12 3 57 37.7504 -3 0 0 174
12 3 58 36.627 2.44947 8.50102 0.480787 237
12 3 59 38.1609 2.33562 7.45929 0.34368 243
12 3 60 41.8916 4.03443 12.9172 0.51691 238
12 3 61 37.6445 3.34079 11.4005 0.337868 244
12 3 62 35.4494 2.20366 7.95057 0.400948 247
12 3 63 34.4586 1.3494 5.70071 0.280769 267
12 4 0 35.7898 1.15464 5.74337 0.321118 975
12 4 1 35.1127 1.16758 5.86786 0.316397 697
12 4 2 38.049 1.56681 6.83267 0.414612 476
12 4 3 40.214 1.88482 8.26647 0.444499 378
12 4 4 35.1121 1.2335 4.11764 0.492951 287
12 4 5 40.1581 1.24861 6.47491 0.373961 1011
12 4 6 39.1677 -3 0 0 200
12 4 7 36.9525 1.05897 5.41478 0.325019 760
12 4 8 37.7055 1.34303 6.77099 0.303633 496
12 4 9 39.2998 1.44052 6.21838 0.409597 380
12 4 10 30 -2 0 0 313
12 4 11 40.3565 4.69045 12.9272 0.413055 202
12 4 12 39.1677 -3 0 0 169
12 4 13 39.8992 3.03208 9.88528 0.40627 258
12 4 14 30 -2 0 0 210
12 4 15 39.1677 -3 0 0 182
12 4 16 39.1677 -3 0 0 169
12 4 17 39.1677 -3 0 0 139
12 4 18 38.3628 1.82077 7.96489 0.428035 362
12 4 19 39.0074 3.9662 12.2087 0.370179 210
12 4 20 39.6791 2.42239 8.83515 0.395847 257
12 4 21 38.6129 1.14436 5.23791 0.382631 652
12 4 22 39.7436 1.21277 5.87757 0.287964 890
12 4 23 0 -10 0 0 0
12 4 24 39.1677 -3 0 0 157
12 4 25 34.8905 7.70821 12.2275 0.28474 206
12 4 26 0 -10 0 0 0
12 4 27 36.874 1.40501 5.95385 0.583457 381
12 4 28 38.4655 1.35532 6.72681 0.27923 576
12 4 29 40.2968 1.88503 8.13502 0.325268 213
12 4 30 36.5937 1.08975 5.59527 0.34933 728
12 4 31 43.0742 2.84867 10.3527 0.431975 265
12 4 32 39.1677 -3 0 0 151
12 4 33 42.6204 1.64457 6.22427 0.326414 435
12 4 34 39.1677 -3 0 0 123
12 4 35 0 -10 0 0 0
12 4 36 36.2284 1.95893 7.22523 0.458024 275
12 4 37 39.1677 -3 0 0 155
12 4 38 39.1677 -3 0 0 179
12 4 39 42.7976 3.18358 9.69463 0.407452 203
12 4 40 39.562 1.45624 6.10624 0.36103 603
12 4 41 36.5815 2.03451 8.10186 0.48606 427
12 4 42 36.6839 4.39056 9.528 0.373588 338
12 4 43 40.9216 2.57125 9.37302 0.358724 229
12 4 44 42.8205 4.19446 13.1223 0.457902 205
12 4 45 39.1677 -3 0 0 177
12 4 46 39.1677 -3 0 0 130
12 4 47 39.1677 -3 0 0 115
12 4 48 39.1677 -3 0 0 107
12 4 49 39.1677 -3 0 0 103
12 4 50 39.1677 -3 0 0 134
12 4 51 39.1677 -3 0 0 159
12 4 52 39.1677 -3 0 0 126
12 4 53 39.1677 -3 0 0 175
12 4 54 37 -2 0 0 267
12 4 55 48.7907 6.73235 18.98 0.503537 236
12 4 56 36.8864 13.7981 20 0.543034 359
12 4 57 38.9251 1.64513 6.39814 0.408137 415
12 4 58 37.7885 1.48534 5.98572 0.407867 460
12 4 59 39.1677 -3 0 0 140
12 4 60 38.976 1.63005 6.88003 0.377339 377
12 4 61 38.7486 2.59382 10.6512 0.298358 230
12 4 62 39.1677 -3 0 0 191
12 4 63 38.4694 2.28175 7.91491 0.458323 299
12 5 0 41.8947 3.12295 8.11933 0.388867 236
12 5 1 38.1197 2.61324 6.87866 0.436831 254
12 5 2 41.4995 2.80467 10.3916 0.332012 293
12 5 3 37.1099 2.30617 8.61821 0.432569 274
12 5 4 36.9939 1.87799 6.80108 0.340292 367
12 5 5 35.217 1.40106 6.42833 0.398821 344
12 5 6 38.2797 -3 0 0 184
12 5 7 38.2797 -3 0 0 200
12 5 8 43.6815 2.36421 9.41551 0.260017 232
12 5 9 42.6328 3.19186 10.5154 0.371671 216
12 5 10 36.2761 1.46313 5.88901 0.369896 292
12 5 11 37.5425 2.11495 7.8927 0.291379 274
12 5 12 42 -2 0 0 274
12 5 13 39.106 2.16629 7.66858 0.386854 330
12 5 14 35.4459 1.3906 5.6067 0.571864 405
12 5 15 36.4449 1.15498 5.02993 0.491698 490
12 5 16 39.7698 1.58218 7.24058 0.384455 418
12 5 17 37.7296 1.0662 5.57571 0.324186 411
12 5 18 32.1233 0.946613 4.92625 0.52193 430
12 5 19 32.8483 3.45306 9.29597 0.420505 342
12 5 20 34.1269 0.988688 4.63761 0.499878 459
12 5 21 44.6321 3.95111 12.9145 0.487192 305
12 5 22 0 -10 0 0 0
12 5 23 42.5605 2.84116 9.98317 0.552748 413
12 5 24 39.9623 2.52882 8.39072 0.46128 304
12 5 25 47 -2 0 0 488
12 5 26 35.0314 1.40319 4.95488 0.526731 340
12 5 27 40.5302 1.682 6.88804 0.383436 332
12 5 28 37.0287 2.01223 8.12542 0.486062 408
12 5 29 0 -10 0 0 0
12 5 30 0 -10 0 0 0
12 5 31 37.195 1.10799 5.11697 0.324073 408
12 5 32 36.5883 1.0946 6.12359 0.345953 749
12 5 33 37.519 1.93621 7.88682 0.583377 421
12 5 34 36.7586 1.55188 6.73896 0.646665 449
12 5 35 38.6643 1.13846 5.69194 0.366144 463
12 5 36 0 -10 0 0 0
12 5 37 36.6734 0.963084 5.73493 0.419881 529
12 5 38 0 -10 0 0 0
12 5 39 0 -10 0 0 0
12 5 40 0 -10 0 0 0
12 5 41 37.6461 1.24825 6.25204 0.426152 469
12 5 42 0 -10 0 0 0
12 5 43 35.0394 1.00558 5.75455 0.391769 540
12 5 44 37.199 1.18571 5.28151 0.487518 546
12 5 45 35.1257 1.35175 6.29403 0.41448 459
12 5 46 39.5411 1.40046 5.93688 0.523434 890
12 5 47 36.9731 0.871398 5.42262 0.454088 1360
12 5 48 35.1709 1.09242 6.06811 0.533122 979
12 5 49 37.0141 0.971481 6.79157 0.318351 1026
12 5 50 39.9526 1.68405 7.01499 0.49449 1089
12 5 51 36.4421 1.1779 6.68023 0.336668 863
12 5 52 36.9501 1.2552 6.1499 0.516211 643
12 5 53 35.211 0.913663 5.02528 0.442949 714
12 5 54 38.0773 1.28373 6.56118 0.43827 801
12 5 55 34.7966 1.04633 5.54823 0.536844 617
12 5 56 37.8158 1.66304 6.44681 0.439296 577
12 5 57 39.9872 1.37294 7.29221 0.305134 511
12 5 58 34.8883 1.17454 5.86008 0.589405 523
12 5 59 37.1481 1.06522 6.18069 0.378212 716
12 5 60 34.9205 0.731367 4.32862 0.456511 757
12 5 61 35.7471 1.17823 5.5672 0.527924 569
12 5 62 33.5919 0.947185 4.80138 0.465635 655
12 5 63 36.2451 1.41425 5.65174 0.412178 859
12 6 0 40.6748 8.65005 15.0567 0.284528 202
12 6 1 38.5183 2.19571 8.26781 0.245168 316
12 6 2 36.7107 2.59367 7.19011 0.320878 222
12 6 3 40.3237 -3 0 0 170
12 6 4 40.3237 -3 0 0 143
12 6 5 40.1583 1.92388 7.22155 0.334394 378
12 6 6 40.3237 -3 0 0 168
12 6 7 0 -10 0 0 0
12 6 8 40.9604 8.29158 15.8587 0.284334 224
12 6 9 0 -10 0 0 0
12 6 10 40.3237 -3 0 0 165
12 6 11 40.3237 -3 0 0 144
12 6 12 41.4632 2.51496 8.5803 0.289692 243
12 6 13 42.3235 3.73598 9.67221 0.329856 285
12 6 14 42.3926 2.80355 9.66769 0.334983 373
12 6 15 41.1523 1.69936 5.99863 0.35698 450
12 6 16 40.3237 -3 0 0 139
12 6 17 40.3237 -3 0 0 115
12 6 18 0 -10 0 0 0
12 6 19 40.3237 -3 0 0 200
12 6 20 40.3237 -3 0 0 163
12 6 21 40.3237 -3 0 0 178
12 6 22 40.3237 -3 0 0 161
12 6 23 40.3237 -3 0 0 140
12 6 24 31 -2 0 0 209
12 6 25 40.3237 -3 0 0 103
12 6 26 40.3237 -3 0 0 81
12 6 27 40.3237 -3 0 0 137
12 6 28 40.3237 -3 0 0 156
12 6 29 40.3237 -3 0 0 151
12 6 30 40.3237 -3 0 0 127
12 6 31 40.3237 -3 0 0 121
12 6 32 40.3237 -3 0 0 100
12 6 33 40.3237 -3 0 0 135
12 6 34 40.3237 -3 0 0 139
12 6 35 40.3237 -3 0 0 97
12 6 36 0 -10 0 0 0
12 6 37 40.3237 -3 0 0 95
12 6 38 40.3237 -3 0 0 91
12 6 39 40.3237 -3 0 0 125
12 6 40 0 -10 0 0 0
12 6 41 40.3237 -3 0 0 100
12 6 42 40.3237 -3 0 0 88
12 6 43 40.3237 -3 0 0 86
12 6 44 40.3237 -3 0 0 51
12 6 45 40.3237 -3 0 0 88
12 6 46 40.3237 -3 0 0 73
12 6 47 40.3237 -3 0 0 49
12 6 48 40.3237 -3 0 0 64
12 6 49 40.3237 -3 0 0 55
12 6 50 40.3237 -3 0 0 61
12 6 51 40.3237 -3 0 0 78
12 6 52 40.3237 -3 0 0 53
12 6 53 40.3237 -3 0 0 63
12 6 54 40.3237 -3 0 0 90
12 6 55 40.3237 -3 0 0 103
12 6 56 40.3237 -3 0 0 79
12 6 57 40.3237 -3 0 0 88
12 6 58 40.3237 -3 0 0 83
12 6 59 40.3237 -3 0 0 89
12 6 60 40.3237 -3 0 0 75
12 6 61 40.3237 -3 0 0 85
12 6 62 40.3237 -3 0 0 116
12 6 63 40.3237 -3 0 0 106
12 7 0 39.4009 -3 0 0 98
12 7 1 39.4009 -3 0 0 126
12 7 2 39.4009 -3 0 0 109
12 7 3 39.4009 -3 0 0 123
12 7 4 0 -10 0 0 0
12 7 5 39.4009 -3 0 0 132
12 7 6 39.4009 -3 0 0 146
12 7 7 39.4009 -3 0 0 92
12 7 8 39.4009 -3 0 0 109
12 7 9 39.4009 -3 0 0 99
12 7 10 39.4009 -3 0 0 121
12 7 11 39.4009 -3 0 0 124
12 7 12 39.4009 -3 0 0 114
12 7 13 39.4009 -3 0 0 146
12 7 14 39.4009 -3 0 0 84
12 7 15 39.4009 -3 0 0 160
12 7 16 39.4009 -3 0 0 126
12 7 17 45.0099 5.64728 15.0276 0.375148 203
12 7 18 40.0473 10.7581 20 0.427859 202
12 7 19 39.4009 -3 0 0 180
12 7 20 39.4009 -3 0 0 139
12 7 21 39.4009 -3 0 0 186
12 7 22 39.4009 -3 0 0 108
12 7 23 39.4009 -3 0 0 101
12 7 24 39.4009 -3 0 0 111
12 7 25 36 -2 0 0 249
12 7 26 39.4009 -3 0 0 182
12 7 27 39.7547 2.53528 7.94303 0.337717 296
12 7 28 39.4009 -3 0 0 128
12 7 29 0 -10 0 0 0
12 7 30 39.4009 -3 0 0 141
12 7 31 39.9845 1.82037 6.45284 0.259245 233
12 7 32 36.0503 2.11839 6.89295 0.416265 236
12 7 33 39.4009 -3 0 0 200
12 7 34 36.3653 9.95246 12.505 0.368097 266
12 7 35 41.1219 2.75525 10.2434 0.343643 224
12 7 36 39.4009 -3 0 0 145
12 7 37 33.3424 1.62406 5.86152 0.480517 397
12 7 38 38.633 1.78512 6.7613 0.386098 351
12 7 39 0 -10 0 0 0
12 7 40 39.4009 -3 0 0 184
12 7 41 41.5864 1.61787 7.41 0.273283 295
12 7 42 38.829 2.17587 7.13908 0.461366 333
12 7 43 38.2559 2.64177 8.0777 0.470596 305
12 7 44 0 -10 0 0 0
12 7 45 0 -10 0 0 0
12 7 46 39.0321 1.69348 6.60296 0.439365 471
12 7 47 40.0937 1.41974 6.72715 0.360194 762
12 7 48 37 -2 0 0 486
12 7 49 38.8002 1.46076 5.59523 0.374878 448
12 7 50 37.8148 1.29932 5.72802 0.433665 535
12 7 51 39.0991 1.66609 6.38033 0.321878 679
12 7 52 37.8824 2.58234 6.70051 0.500106 435
12 7 53 38.8079 1.62996 6.3341 0.374557 730
12 7 54 0 -10 0 0 0
12 7 55 38.7475 1.27461 6.02324 0.304405 678
12 7 56 0 -10 0 0 0
12 7 57 35.6414 1.01374 5.12719 0.558141 668
12 7 58 37.8719 1.44364 6.50309 0.255078 465
12 7 59 0 -10 0 0 0
12 7 60 36.0648 1.75309 5.95468 0.589974 487
12 7 61 36.5613 1.52476 5.55647 0.512837 455
12 7 62 37.2143 1.69009 6.63964 0.315076 415
12 7 63 36.7865 1.50161 5.10076 0.428956 392
12 8 0 36.7404 -3 0 0 82
12 8 1 36.7404 -3 0 0 123
12 8 2 36.7404 -3 0 0 81
12 8 3 36.7404 -3 0 0 75
12 8 4 36.7404 -3 0 0 124
12 8 5 36.7404 -3 0 0 133
12 8 6 36.7404 -3 0 0 127
12 8 7 0 -10 0 0 0
12 8 8 36.7404 -3 0 0 96
12 8 9 36.7404 -3 0 0 99
12 8 10 36.7404 -3 0 0 169
12 8 11 36.7404 -3 0 0 123
12 8 12 36.7404 -3 0 0 75
12 8 13 36.7404 -3 0 0 140
12 8 14 36.7404 -3 0 0 102
12 8 15 36.7404 -3 0 0 176
12 8 16 36.7404 -3 0 0 121
12 8 17 36.7404 -3 0 0 180
12 8 18 38.6699 3.2228 9.22167 0.370169 260
12 8 19 36.7404 -3 0 0 190
12 8 20 36.7404 -3 0 0 156
12 8 21 36.7404 -3 0 0 180
12 8 22 36.7404 -3 0 0 82
12 8 23 36.7404 -3 0 0 89
12 8 24 36.7404 -3 0 0 133
12 8 25 0 -10 0 0 0
12 8 26 36.7404 -3 0 0 151
12 8 27 38.2196 2.3009 8.75485 0.37478 234
12 8 28 36.7404 -3 0 0 86
12 8 29 36.7404 -3 0 0 141
12 8 30 36.7404 -3 0 0 121
12 8 31 0 -10 0 0 0
12 8 32 35.4917 2.47591 7.52174 0.368314 206
12 8 33 36.7404 -3 0 0 114
12 8 34 36.8076 4.21126 10.6172 0.469949 305
12 8 35 36.7404 -3 0 0 146
12 8 36 36.7404 -3 0 0 115
12 8 37 35.0783 1.39075 5.28889 0.394468 331
12 8 38 38.6809 2.46401 8.11954 0.358527 411
12 8 39 38.3813 2.38823 8.22657 0.40173 279
12 8 40 36.7404 -3 0 0 128
12 8 41 43 -2 0 0 201
12 8 42 33 -2 0 0 257
12 8 43 36.7404 -3 0 0 195
12 8 44 36.7404 -3 0 0 158
12 8 45 36.7404 -3 0 0 121
12 8 46 34.9717 1.67712 6.62708 0.51853 562
12 8 47 33.8154 1.31249 5.55583 0.489619 773
12 8 48 36.5038 11.8212 17.7437 0.432806 243
12 8 49 38.7216 2.07555 6.48749 0.37734 285
12 8 50 41.0299 5.24532 16.6345 0.490682 365
12 8 51 35.5919 1.55987 5.78955 0.316402 377
12 8 52 40.2514 3.26142 10.411 0.481903 371
12 8 53 33.1456 1.27505 5.48185 0.347876 573
12 8 54 36.7404 -3 0 0 156
12 8 55 34.2533 1.30239 6.43153 0.329959 462
12 8 56 36.7404 -3 0 0 121
12 8 57 34.2325 1.55995 5.69061 0.360825 492
12 8 58 36.9764 2.35538 8.19187 0.418509 344
12 8 59 39.845 4.54945 13.8463 0.334631 206
12 8 60 36.909 3.56529 11.4762 0.450658 308
12 8 61 36.5314 4.64691 13.6163 0.402513 259
12 8 62 39.6076 7.34516 18.2727 0.452639 255
12 8 63 38 -2 0 0 230
12 9 0 0 -10 0 0 0
12 9 1 40.015 14.6324 20 0.326803 210
12 9 2 39.5325 -3 0 0 102
12 9 3 39.5325 -3 0 0 71
12 9 4 39.5325 -3 0 0 84
12 9 5 41.3172 4.54502 11.729 0.29578 210
12 9 6 39.5325 -3 0 0 89
12 9 7 0 -10 0 0 0
12 9 8 39.5325 -3 0 0 117
12 9 9 0 -10 0 0 0
12 9 10 0 -10 0 0 0
12 9 11 39.5325 -3 0 0 73
12 9 12 39.5325 -3 0 0 131
12 9 13 39.5325 -3 0 0 142
12 9 14 39.5325 -3 0 0 192
12 9 15 44.0479 4.94042 13.1846 0.288699 253
12 9 16 39.5325 -3 0 0 74
12 9 17 39.5325 -3 0 0 69
12 9 18 39.5325 -3 0 0 143
12 9 19 39.5325 -3 0 0 104
12 9 20 0 -10 0 0 0
12 9 21 39.5325 -3 0 0 100
12 9 22 39.5325 -3 0 0 59
12 9 23 39.5325 -3 0 0 79
12 9 24 39.5325 -3 0 0 110
12 9 25 39.5325 -3 0 0 53
12 9 26 39.5325 -3 0 0 61
12 9 27 39.5325 -3 0 0 74
12 9 28 39.5325 -3 0 0 96
12 9 29 39.5325 -3 0 0 121
12 9 30 0 -10 0 0 0
12 9 31 39.5325 -3 0 0 65
12 9 32 39.5325 -3 0 0 34
12 9 33 0 -10 0 0 0
12 9 34 39.5325 -3 0 0 64
12 9 35 39.5325 -3 0 0 62
12 9 36 39.5325 -3 0 0 77
12 9 37 39.5325 -3 0 0 51
12 9 38 39.5325 -3 0 0 90
12 9 39 39.5325 -3 0 0 83
12 9 40 0 -10 0 0 0
12 9 41 39.5325 -3 0 0 45
12 9 42 39.5325 -3 0 0 65
12 9 43 39.5325 -3 0 0 60
12 9 44 39.5325 -3 0 0 49
12 9 45 39.5325 -3 0 0 41
12 9 46 0 -10 0 0 0
12 9 47 39.5325 -3 0 0 29
12 9 48 39.5325 -3 0 0 49
12 9 49 39.5325 -3 0 0 43
12 9 50 0 -10 0 0 0
12 9 51 39.5325 -3 0 0 42
12 9 52 39.5325 -3 0 0 27
12 9 53 39.5325 -3 0 0 42
12 9 54 39.5325 -3 0 0 45
12 9 55 39.5325 -3 0 0 52
12 9 56 39.5325 -3 0 0 30
12 9 57 39.5325 -3 0 0 40
12 9 58 39.5325 -3 0 0 36
12 9 59 0 -10 0 0 0
12 9 60 39.5325 -3 0 0 53
12 9 61 39.5325 -3 0 0 48
12 9 62 39.5325 -3 0 0 69
12 9 63 39.5325 -3 0 0 48
12 10 0 36.0498 -3 0 0 187
12 10 1 36.0498 -3 0 0 194
12 10 2 37.5468 4.09222 12.252 0.483594 238
12 10 3 37.1744 2.25686 8.56938 0.422879 250
12 10 4 31.8813 1.14317 4.38482 0.489303 374
12 10 5 32.3903 1.54884 5.61577 0.423637 312
12 10 6 36.0498 -3 0 0 171
12 10 7 36.0498 -3 0 0 200
12 10 8 38 -2 0 0 226
12 10 9 38.5037 2.63734 9.35022 0.35599 247
12 10 10 36.9017 2.48995 8.32113 0.545862 355
12 10 11 36.4172 2.64911 9.40761 0.400584 263
12 10 12 40.5984 2.02939 7.73303 0.448591 298
12 10 13 36.4886 2.31762 8.99449 0.438739 326
12 10 14 36.8704 1.81695 8.46039 0.470388 503
12 10 15 35.4416 1.26057 6.75266 0.483315 641
12 10 16 35.941 1.49429 6.10198 0.523271 488
12 10 17 33.1262 1.11759 5.6769 0.341905 591
12 10 18 32.8965 1.33771 4.83752 0.574483 480
12 10 19 39.3106 2.69192 9.9603 0.473834 264
12 10 20 33.4128 7.81207 13.9687 0.57138 311
12 10 21 36.0498 -3 0 0 188
12 10 22 36.0836 2.01608 8.04856 0.355992 235
12 10 23 33.127 1.14718 5.51169 0.422349 419
12 10 24 36.1896 2.11879 8.52924 0.177308 244
12 10 25 39.8864 2.70264 8.06788 0.771871 557
12 10 26 35.7684 1.71074 7.67881 0.502169 470
12 10 27 37.8407 2.20908 9.27619 0.35053 248
12 10 28 37.0759 1.30508 6.2414 0.349137 329
12 10 29 39.3419 4.24858 12.0863 0.457023 245
12 10 30 0 -10 0 0 0
12 10 31 29 -2 0 0 358
12 10 32 40.5169 1.73048 8.24261 0.538839 728
12 10 33 33.8771 1.21021 5.14965 0.45476 377
12 10 34 35.2362 1.05503 6.44073 0.341971 502
12 10 35 0 -10 0 0 0
12 10 36 36.377 1.92835 7.1017 0.399926 292
12 10 37 35.1048 1.28411 5.60195 0.547889 615
12 10 38 41.1955 2.67385 10.2652 0.333241 234
12 10 39 36 -2 0 0 250
12 10 40 34.4884 1.01795 5.96264 0.362975 1035
12 10 41 35.3552 2.0118 8.11217 0.389396 306
12 10 42 33.9299 2.83183 8.83772 0.375349 309
12 10 43 36.9445 1.36758 6.54412 0.457482 471
12 10 44 37.1982 1.3658 6.45273 0.483754 614
12 10 45 33.2678 1.17918 5.59778 0.402627 429
12 10 46 35.468 1.09014 6.27923 0.302509 1213
12 10 47 38.424 1.40359 7.345 0.378231 1796
12 10 48 34.2234 0.955269 5.752 0.628427 1416
12 10 49 33.9267 0.995582 5.87788 0.369887 1214
12 10 50 33.1581 0.937343 5.14487 0.413457 1049
12 10 51 33.9912 1.01194 5.47894 0.47688 758
12 10 52 33.8817 0.990688 5.85796 0.31058 750
12 10 53 33.4384 0.997791 5.59313 0.420732 936
12 10 54 33.2655 1.27933 5.38389 0.635094 582
12 10 55 33.9676 1.18854 5.84625 0.423016 499
12 10 56 35.436 1.93305 7.07845 0.441161 374
12 10 57 34.3699 1.4878 5.43813 0.363134 367
12 10 58 35.0016 2.52683 9.04021 0.492536 285
12 10 59 33.7874 1.20529 5.64682 0.468592 654
12 10 60 35.0717 1.13898 6.31197 0.377945 483
12 10 61 30.1244 1.07081 4.80139 0.438878 492
12 10 62 36.2951 2.2828 7.71323 0.479763 369
12 10 63 29 -2 0 0 295
12 11 0 35.0593 1.58106 6.73619 0.35667 458
12 11 1 32.1807 1.86121 6.02308 0.422727 312
12 11 2 40.9298 7.49054 15.8431 0.284879 221
12 11 3 35.1866 -3 0 0 190
12 11 4 35.1866 -3 0 0 158
12 11 5 36.8619 1.77243 6.08129 0.264323 522
12 11 6 35.1866 -3 0 0 130
12 11 7 36.0836 3.32871 8.57775 0.320974 334
12 11 8 35.7677 2.30439 7.33955 0.410006 305
12 11 9 38.1537 4.73239 14.6135 0.365597 279
12 11 10 35.1866 -3 0 0 199
12 11 11 35.1866 -3 0 0 113
12 11 12 35.1866 -3 0 0 92
12 11 13 35.1866 -3 0 0 142
12 11 14 35.1866 -3 0 0 118
12 11 15 35.1866 -3 0 0 120
12 11 16 35.1866 -3 0 0 86
12 11 17 35.1866 -3 0 0 104
12 11 18 35.1866 -3 0 0 200
12 11 19 35.1866 -3 0 0 124
12 11 20 35.1866 -3 0 0 150
12 11 21 36.3727 3.16392 9.44462 0.391919 315
12 11 22 35.4301 2.19625 7.40751 0.283291 421
12 11 23 39 -2 0 0 217
12 11 24 35.1866 -3 0 0 105
12 11 25 35.1866 -3 0 0 106
12 11 26 0 -10 0 0 0
12 11 27 32.5139 2.23119 7.02108 0.223234 227
12 11 28 0 -10 0 0 0
12 11 29 35.1866 -3 0 0 121
12 11 30 0 -10 0 0 0
12 11 31 35.1866 -3 0 0 157
12 11 32 35.1866 -3 0 0 137
12 11 33 0 -10 0 0 0
12 11 34 35.1866 -3 0 0 82
12 11 35 37.011 7.05427 13.7978 0.398273 218
12 11 36 35.1866 -3 0 0 160
12 11 37 35.1866 -3 0 0 86
12 11 38 35.1866 -3 0 0 77
12 11 39 35.1866 -3 0 0 124
12 11 40 0 -10 0 0 0
12 11 41 36.0161 5.98155 13.2021 0.358251 281
12 11 42 35.1866 -3 0 0 185
12 11 43 35.1866 -3 0 0 166
12 11 44 35.1866 -3 0 0 126
12 11 45 35.1866 -3 0 0 90
12 11 46 35.1866 -3 0 0 95
12 11 47 35.1866 -3 0 0 90
12 11 48 35.1866 -3 0 0 86
12 11 49 35.1866 -3 0 0 61
12 11 50 35.1866 -3 0 0 71
12 11 51 35.1866 -3 0 0 82
12 11 52 35.1866 -3 0 0 90
12 11 53 35.1866 -3 0 0 113
12 11 54 35.1866 -3 0 0 142
12 11 55 35.1866 -3 0 0 172
12 11 56 36 -2 0 0 235
12 11 57 28 -2 0 0 242
12 11 58 33.0533 3.09687 8.84561 0.297464 336
12 11 59 35.1866 -3 0 0 101
12 11 60 35.1866 -3 0 0 197
12 11 61 35.1866 -3 0 0 154
12 11 62 35.1866 -3 0 0 122
12 11 63 35.1866 -3 0 0 196
12 12 0 39 -2 0 0 291
12 12 1 39.5418 1.5123 6.86767 0.267883 316
12 12 2 36.9735 1.25613 5.60125 0.367076 419
12 12 3 37.3827 1.39756 5.39267 0.411623 413
12 12 4 35.2981 1.08558 6.48171 0.434127 805
12 12 5 36.3021 1.11062 5.59343 0.359037 579
12 12 6 33 -2 0 0 318
12 12 7 38.5932 1.34144 6.24553 0.278862 390
12 12 8 37.4011 1.37745 6.88715 0.366464 483
12 12 9 39.789 1.36968 6.1436 0.367233 548
12 12 10 0 -10 0 0 0
12 12 11 37.2322 1.04108 5.84294 0.379395 663
12 12 12 35.7731 0.83915 5.63697 0.417089 1022
12 12 13 38.7799 1.11832 6.53005 0.297791 1260
12 12 14 42.5725 1.33215 6.82996 0.308504 1644
12 12 15 39.3949 1.05711 6.76367 0.353083 1258
12 12 16 37.1345 0.976584 5.67139 0.492591 1550
12 12 17 35.3574 0.969137 6.01621 0.353786 919
12 12 18 35.8316 0.877834 5.02307 0.372333 621
12 12 19 36.1763 1.09832 5.90967 0.440745 412
12 12 20 34.1782 1.08814 5.47674 0.46659 479
12 12 21 39.4838 2.28039 10.3537 0.449415 291
12 12 22 35.8943 1.34524 5.27798 0.447586 376
12 12 23 35.238 1.04281 5.51933 0.387898 439
12 12 24 0 -10 0 0 0
12 12 25 37.9177 1.07956 6.30055 0.394768 736
12 12 26 37.5061 1.14033 5.48379 0.504449 506
12 12 27 43.2772 2.08357 7.98433 0.273598 212
12 12 28 39.2199 1.19764 5.2337 0.461666 369
12 12 29 36.9831 1.83646 6.39691 0.50243 262
12 12 30 0 -10 0 0 0
12 12 31 34.902 1.30973 4.37617 0.651177 318
12 12 32 36.8849 0.88879 5.21218 0.315396 1080
12 12 33 39.0564 1.45286 7.44859 0.391803 382
12 12 34 0 -10 0 0 0
12 12 35 41.0088 4.16374 13.8353 0.475792 256
12 12 36 42.6219 4.50677 14.4509 0.45141 244
12 12 37 38.7901 1.23983 6.93979 0.348666 638
12 12 38 38.5398 -3 0 0 187
12 12 39 38.0925 1.73555 7.06388 0.281443 202
12 12 40 40.3815 1.70659 7.43632 0.482785 760
12 12 41 47.984 7.87344 20 0.494299 206
12 12 42 41.5085 2.99237 10.0303 0.448249 222
12 12 43 37.2887 1.80824 5.7718 0.607772 364
12 12 44 37.6785 2.15786 7.09424 0.40495 436
12 12 45 41.3515 3.06304 11.6246 0.56665 278
12 12 46 37.0027 0.95273 4.68825 0.605331 699
12 12 47 36.4736 1.00646 5.04291 0.388516 488
12 12 48 38.2566 1.40241 5.79237 0.530909 554
12 12 49 37.3377 1.57316 7.43892 0.44814 373
12 12 50 34.5775 1.2094 5.26053 0.536128 318
12 12 51 37.6148 1.9021 6.87834 0.42947 260
12 12 52 38.8699 3.84886 6.85948 0.740582 516
12 12 53 36.2487 1.25825 5.97138 0.201278 468
12 12 54 32 -2 0 0 222
12 12 55 38.5398 -3 0 0 170
12 12 56 38.5398 -3 0 0 151
12 12 57 38.5398 -3 0 0 151
12 12 58 38.5398 -3 0 0 157
12 12 59 39.1447 1.94456 9.01264 0.434741 348
12 12 60 39.8827 2.35776 9.71759 0.420211 294
12 12 61 38.3774 2.38969 8.91431 0.341837 229
12 12 62 39.4103 2.33144 8.54221 0.339649 210
12 12 63 0 -10 0 0 0
12 13 0 46.9394 3.12784 10.8889 0.290589 249
12 13 1 42.6053 -3 0 0 184
12 13 2 42.6053 -3 0 0 159
12 13 3 42.6053 -3 0 0 160
12 13 4 42.6053 -3 0 0 95
12 13 5 43.2102 3.01038 9.20451 0.349576 227
12 13 6 42.6053 -3 0 0 72
12 13 7 46.7829 11.5212 20 0.391264 214
12 13 8 42.6053 -3 0 0 156
12 13 9 42.6053 -3 0 0 114
12 13 10 42.6053 -3 0 0 106
12 13 11 42.6053 -3 0 0 80
12 13 12 42.6053 -3 0 0 73
12 13 13 42.6053 -3 0 0 95
12 13 14 42.6053 -3 0 0 71
12 13 15 42.6053 -3 0 0 67
12 13 16 42.6053 -3 0 0 70
12 13 17 42.6053 -3 0 0 71
12 13 18 42.6053 -3 0 0 126
12 13 19 42.6053 -3 0 0 90
12 13 20 42.6053 -3 0 0 118
12 13 21 43.2655 3.13769 8.8926 0.340733 225
12 13 22 43.0897 2.05609 7.05253 0.329136 313
12 13 23 0 -10 0 0 0
12 13 24 0 -10 0 0 0
12 13 25 42.6053 -3 0 0 85
12 13 26 0 -10 0 0 0
12 13 27 42.6053 -3 0 0 195
12 13 28 0 -10 0 0 0
12 13 29 42.6053 -3 0 0 110
12 13 30 0 -10 0 0 0
12 13 31 42.6053 -3 0 0 145
12 13 32 42.6053 -3 0 0 87
12 13 33 0 -10 0 0 0
12 13 34 42.6053 -3 0 0 77
12 13 35 42.6053 -3 0 0 199
12 13 36 42.6053 -3 0 0 144
12 13 37 0 -10 0 0 0
12 13 38 42.6053 -3 0 0 80
12 13 39 42.6053 -3 0 0 129
12 13 40 45.9886 2.80215 9.29915 0.365267 351
12 13 41 42.8241 2.26565 8.04726 0.261648 281
12 13 42 0 -10 0 0 0
12 13 43 42.6053 -3 0 0 223
12 13 44 42.6053 -3 0 0 121
12 13 45 42.6053 -3 0 0 100
12 13 46 42.6053 -3 0 0 111
12 13 47 42.6053 -3 0 0 59
12 13 48 42.6053 -3 0 0 85
12 13 49 42.6053 -3 0 0 80
12 13 50 42.6053 -3 0 0 78
12 13 51 42.6053 -3 0 0 127
12 13 52 42.6053 -3 0 0 74
12 13 53 42.6053 -3 0 0 173
12 13 54 42.6053 -3 0 0 161
12 13 55 41.4665 9.02329 15.5857 0.349915 220
12 13 56 42.9397 3.31425 9.35416 0.394464 291
12 13 57 41.7316 1.50958 6.16712 0.237489 427
12 13 58 39.5239 1.53158 5.73395 0.370115 410
12 13 59 42.6053 -3 0 0 105
12 13 60 41.8547 3.20762 7.1269 0.341123 272
12 13 61 42.6053 -3 0 0 164
12 13 62 42.6053 -3 0 0 125
12 13 63 43.1773 3.23773 10.2539 0.23259 206
12 14 0 37.3683 2.96747 11.5687 0.312887 230
12 14 1 39.8535 -3 0 0 190
12 14 2 41.5312 9.10207 16.7911 0.369221 221
12 14 3 42.7809 4.10746 12.3588 0.375401 272
12 14 4 32 -2 0 0 292
12 14 5 37.721 1.26368 5.61052 0.321337 557
12 14 6 38.3779 1.36575 6.86446 0.458451 499
12 14 7 43.3123 2.13466 8.42697 0.290484 352
12 14 8 45.7136 4.98515 12.1115 0.51831 378
12 14 9 40.7326 3.06671 9.43853 0.48463 294
12 14 10 36 -2 0 0 327
12 14 11 0 -10 0 0 0
12 14 12 38.2594 1.53687 5.70198 0.346425 599
12 14 13 0 -10 0 0 0
12 14 14 39.4683 4.10322 13.6836 0.407646 299
12 14 15 37.181 1.17604 5.46893 0.494054 523
12 14 16 38.5518 1.11704 5.2663 0.349838 792
12 14 17 0 -10 0 0 0
12 14 18 38.1543 1.21642 5.03229 0.399323 402
12 14 19 39.8535 -3 0 0 119
12 14 20 39.8535 -3 0 0 118
12 14 21 40.9775 5.47848 13.214 0.362036 203
12 14 22 46.0404 4.94796 14.0817 0.374395 226
12 14 23 38.8515 3.39203 10.5284 0.328015 279
12 14 24 35.2636 24.8829 18.8496 0.557496 259
12 14 25 39.8535 -3 0 0 85
12 14 26 39.8535 -3 0 0 112
12 14 27 39.8535 -3 0 0 183
12 14 28 35.5879 1.38242 4.84251 0.361 319
12 14 29 39.8535 -3 0 0 106
12 14 30 0 -10 0 0 0
12 14 31 39.8535 -3 0 0 88
12 14 32 39.8535 -3 0 0 124
12 14 33 39.8535 -3 0 0 161
12 14 34 38.2163 1.53742 5.94167 0.365246 392
12 14 35 39.3736 2.95153 10.3237 0.296872 258
12 14 36 39.8535 -3 0 0 192
12 14 37 41.2464 3.52975 13.1994 0.35746 234
12 14 38 40.8386 2.13606 8.25807 0.428667 265
12 14 39 39.8535 -3 0 0 149
12 14 40 39.8535 -3 0 0 108
12 14 41 39.8535 -3 0 0 118
12 14 42 39.8535 -3 0 0 89
12 14 43 39.8535 -3 0 0 180
12 14 44 39.8535 -3 0 0 75
12 14 45 41.8041 1.937 7.69314 0.34154 255
12 14 46 39.8535 -3 0 0 188
12 14 47 39.8535 -3 0 0 179
12 14 48 39.8535 -3 0 0 156
12 14 49 39.8535 -3 0 0 142
12 14 50 39.8535 -3 0 0 95
12 14 51 39.8535 -3 0 0 132
12 14 52 39.8535 -3 0 0 148
12 14 53 0 -10 0 0 0
12 14 54 39.8535 -3 0 0 109
12 14 55 39.8535 -3 0 0 115
12 14 56 39.8535 -3 0 0 91
12 14 57 39.8535 -3 0 0 104
12 14 58 39.8535 -3 0 0 94
12 14 59 39.8535 -3 0 0 129
12 14 60 39.8535 -3 0 0 129
12 14 61 39.8535 -3 0 0 78
12 14 62 39.8535 -3 0 0 163
12 14 63 0 -10 0 0 0
12 15 0 38.7355 -3 0 0 44
12 15 1 0 -10 0 0 0
12 15 2 38.7355 -3 0 0 56
12 15 3 38.7355 -3 0 0 66
12 15 4 38.7355 -3 0 0 61
12 15 5 38.7355 -3 0 0 38
12 15 6 38.7355 -3 0 0 38
12 15 7 38.7355 -3 0 0 52
12 15 8 38.7355 -3 0 0 44
12 15 9 38.7355 -3 0 0 31
12 15 10 38.7355 -3 0 0 31
12 15 11 38.7355 -3 0 0 125
12 15 12 0 -10 0 0 0
12 15 13 38.7355 -3 0 0 37
12 15 14 38.7355 -3 0 0 45
12 15 15 38.7355 -3 0 0 37
12 15 16 38.7355 -3 0 0 30
12 15 17 38.7355 -3 0 0 48
12 15 18 38.7355 -3 0 0 42
12 15 19 38.7355 -3 0 0 50
12 15 20 38.7355 -3 0 0 73
12 15 21 38.7355 -3 0 0 63
12 15 22 38.7355 -3 0 0 80
12 15 23 38.7355 -3 0 0 69
12 15 24 38.7355 -3 0 0 76
12 15 25 38.7355 -3 0 0 50
12 15 26 38.7355 -3 0 0 48
12 15 27 38.7355 -3 0 0 51
12 15 28 38.7355 -3 0 0 54
12 15 29 38.7355 -3 0 0 83
12 15 30 38.7355 -3 0 0 67
12 15 31 38.7355 -3 0 0 104
12 15 32 38.7355 -3 0 0 56
12 15 33 0 -10 0 0 0
12 15 34 0 -10 0 0 0
12 15 35 38.7355 -3 0 0 93
12 15 36 38.7355 -3 0 0 53
12 15 37 0 -10 0 0 0
12 15 38 38.7355 -3 0 0 96
12 15 39 38.7355 -3 0 0 57
12 15 40 38.7355 -3 0 0 87
12 15 41 38.7355 -3 0 0 97
12 15 42 38.7355 -3 0 0 116
12 15 43 38.7355 -3 0 0 130
12 15 44 0 -10 0 0 0
12 15 45 38.7355 -3 0 0 66
12 15 46 0 -10 0 0 0
12 15 47 38.7355 -3 0 0 71
12 15 48 38.7355 -3 0 0 57
12 15 49 38.7355 -3 0 0 185
12 15 50 0 -10 0 0 0
12 15 51 38.7355 -3 0 0 70
12 15 52 0 -10 0 0 0
12 15 53 38.7355 -3 0 0 160
12 15 54 38.7355 -3 0 0 83
12 15 55 38.7355 -3 0 0 122
12 15 56 38.7355 -3 0 0 75
12 15 57 38.7355 -3 0 0 92
12 15 58 38.7355 -3 0 0 112
12 15 59 38.7355 -3 0 0 87
12 15 60 0 -10 0 0 0
12 15 61 40.6425 2.8284 8.06461 0.286287 259
12 15 62 38.7355 -3 0 0 184
12 15 63 38.7355 -3 0 0 177
13 0 0 35.1021 -3 0 0 94
13 0 1 35.1021 -3 0 0 96
13 0 2 35.1021 -3 0 0 57
13 0 3 35.1021 -3 0 0 46
13 0 4 35.1021 -3 0 0 91
13 0 5 35.1021 -3 0 0 76
13 0 6 35.1021 -3 0 0 70
13 0 7 35.1021 -3 0 0 63
13 0 8 35.1021 -3 0 0 77
13 0 9 35.1021 -3 0 0 52
13 0 10 35.1021 -3 0 0 37
13 0 11 35.1021 -3 0 0 89
13 0 12 35.1021 -3 0 0 80
13 0 13 35.1021 -3 0 0 61
13 0 14 35.1021 -3 0 0 108
13 0 15 35.1021 -3 0 0 59
13 0 16 35.1021 -3 0 0 41
13 0 17 35.1021 -3 0 0 103
13 0 18 35.1021 -3 0 0 86
13 0 19 35.1021 -3 0 0 51
13 0 20 35.1021 -3 0 0 101
13 0 21 35.1021 -3 0 0 48
13 0 22 35.1021 -3 0 0 64
13 0 23 35.1021 -3 0 0 115
13 0 24 35.1021 -3 0 0 89
13 0 25 35.1021 -3 0 0 73
13 0 26 35.1021 -3 0 0 144
13 0 27 35.1021 -3 0 0 82
13 0 28 35.1021 -3 0 0 52
13 0 29 35.1021 -3 0 0 137
13 0 30 35.1021 -3 0 0 77
13 0 31 35.1021 -3 0 0 78
13 0 32 35.1021 -3 0 0 69
13 0 33 35.1021 -3 0 0 80
13 0 34 35.1021 -3 0 0 150
13 0 35 35.1021 -3 0 0 85
13 0 36 35.1021 -3 0 0 88
13 0 37 35.1021 -3 0 0 133
13 0 38 35.1021 -3 0 0 95
13 0 39 35.1021 -3 0 0 180
13 0 40 35.1021 -3 0 0 113
13 0 41 35.1021 -3 0 0 96
13 0 42 35.1021 -3 0 0 142
13 0 43 35.1021 -3 0 0 127
13 0 44 35.1021 -3 0 0 110
13 0 45 35.1021 -3 0 0 114
13 0 46 37.2428 9.2897 16.152 0.308038 206
13 0 47 35.1021 -3 0 0 126
13 0 48 35.1021 -3 0 0 133
13 0 49 35.1021 -3 0 0 169
13 0 50 35.1021 -3 0 0 129
13 0 51 37.4917 2.75197 9.22005 0.366456 280
13 0 52 35.1021 -3 0 0 168
13 0 53 35.1021 -3 0 0 124
13 0 54 35.1021 -3 0 0 119
13 0 55 38.1267 7.99791 20 0.361274 223
13 0 56 32.1926 16.4433 20 0.330027 206
13 0 57 22.1778 42.9325 18.4384 0.310205 261
13 0 58 35.1021 -3 0 0 134
13 0 59 31.3428 6.3545 11.6696 0.212714 226
13 0 60 35.1021 -3 0 0 170
13 0 61 38.5988 4.25996 14.8397 0.406368 378
13 0 62 30 -2 0 0 309
13 0 63 37.0509 13.0333 20 0.377594 204
13 1 0 46 -2 0 0 343
13 1 1 38.1401 2.22222 7.08874 0.440547 381
13 1 2 34.9135 1.53024 5.7185 0.440554 388
13 1 3 35.1372 1.44681 5.98434 0.218712 310
13 1 4 30 -2 0 0 214
13 1 5 39 -2 0 0 267
13 1 6 39.1764 1.8628 8.00592 0.391895 432
13 1 7 35.5422 1.47534 6.21438 0.289269 409
13 1 8 30 -2 0 0 281
13 1 9 36.42 1.53325 6.00893 0.361891 453
13 1 10 35.664 1.71539 7.88767 0.325107 491
13 1 11 33 -2 0 0 256
13 1 12 33 -2 0 0 341
13 1 13 36.1373 2.73834 10.1071 0.258134 271
13 1 14 40.9128 3.33937 11.3567 0.324561 264
13 1 15 36.8015 2.38381 8.50115 0.361634 238
13 1 16 38.3036 1.6126 7.37524 0.365265 626
13 1 17 38.244 4.29461 12.8701 0.393624 227
13 1 18 39.1404 2.031 7.62012 0.302279 243
13 1 19 32.8906 28.7997 19.5172 0.448269 278
13 1 20 37.61 -3 0 0 185
13 1 21 37.1779 2.07028 6.76818 0.383155 441
13 1 22 39.8606 2.43256 9.16196 0.314067 296
13 1 23 37.61 -3 0 0 147
13 1 24 41.9067 3.29942 10.9178 0.337467 272
13 1 25 36.5976 3.45566 9.41355 0.351007 241
13 1 26 33.5003 1.80863 6.30438 0.278031 211
13 1 27 37.61 -3 0 0 173
13 1 28 37.61 -3 0 0 186
13 1 29 37.61 -3 0 0 153
13 1 30 37.61 -3 0 0 157
13 1 31 37.61 -3 0 0 182
13 1 32 37.61 -3 0 0 164
13 1 33 37.61 -3 0 0 182
13 1 34 37.61 -3 0 0 181
13 1 35 37.61 -3 0 0 130
13 1 36 37.61 -3 0 0 146
13 1 37 37.61 -3 0 0 125
13 1 38 37.61 -3 0 0 123
13 1 39 37.61 -3 0 0 78
13 1 40 37.61 -3 0 0 128
13 1 41 37.61 -3 0 0 152
13 1 42 37.61 -3 0 0 107
13 1 43 37.61 -3 0 0 130
13 1 44 37.61 -3 0 0 113
13 1 45 37.61 -3 0 0 124
13 1 46 37.61 -3 0 0 133
13 1 47 37.61 -3 0 0 82
13 1 48 37.61 -3 0 0 136
13 1 49 37.61 -3 0 0 101
13 1 50 37.61 -3 0 0 92
13 1 51 37.61 -3 0 0 76
13 1 52 37.61 -3 0 0 108
13 1 53 37.61 -3 0 0 85
13 1 54 37.61 -3 0 0 116
13 1 55 37.61 -3 0 0 84
13 1 56 37.61 -3 0 0 81
13 1 57 37.61 -3 0 0 93
13 1 58 37.61 -3 0 0 87
13 1 59 37.61 -3 0 0 109
13 1 60 37.61 -3 0 0 78
13 1 61 37.61 -3 0 0 84
13 1 62 37.61 -3 0 0 92
13 1 63 37.61 -3 0 0 112
13 2 0 33.0419 1.8419 8.25388 0.401533 351
13 2 1 32.1007 1.49429 5.68854 0.398411 311
13 2 2 37.6081 4.09941 13.1599 0.351115 235
13 2 3 34.2164 -3 0 0 161
13 2 4 34.2164 -3 0 0 199
13 2 5 35.7814 11.4889 20 0.389573 208
13 2 6 34.2164 -3 0 0 184
13 2 7 34.2164 -3 0 0 115
13 2 8 32.3443 4.01844 9.48672 0.253975 266
13 2 9 34.2164 -3 0 0 133
13 2 10 34.2164 -3 0 0 120
13 2 11 36.7476 2.61132 8.23023 0.35113 258
13 2 12 34.2164 -3 0 0 193
13 2 13 34.2164 -3 0 0 133
13 2 14 33.7411 1.38753 5.86031 0.318696 371
13 2 15 34.2164 -3 0 0 155
13 2 16 34.2164 -3 0 0 92
13 2 17 35.5639 2.88612 7.80504 0.439782 337
13 2 18 34.2164 -3 0 0 197
13 2 19 34.2164 -3 0 0 146
13 2 20 36.9706 1.75545 7.46733 0.292434 258
13 2 21 34.2164 -3 0 0 192
13 2 22 34.2164 -3 0 0 105
13 2 23 32.1624 1.6768 6.42945 0.502951 318
13 2 24 38.0458 2.86483 10.3907 0.36524 271
13 2 25 34.2164 -3 0 0 130
13 2 26 33.7792 1.56703 6.96062 0.338117 482
13 2 27 34.2164 -3 0 0 181
13 2 28 34.2164 -3 0 0 133
13 2 29 33.877 1.4453 6.13925 0.300442 374
13 2 30 34.2164 -3 0 0 151
13 2 31 34.2164 -3 0 0 60
13 2 32 34.2164 -3 0 0 138
13 2 33 34.2164 -3 0 0 198
13 2 34 33.6675 1.41122 6.37338 0.544917 529
13 2 35 34.2164 -3 0 0 156
13 2 36 34.6934 2.24954 7.2471 0.345677 223
13 2 37 33.4183 1.83021 7.06556 0.346128 315
13 2 38 34.2164 -3 0 0 121
13 2 39 36.8586 2.70583 8.69704 0.438029 284
13 2 40 32.2589 1.9183 6.08865 0.425668 272
13 2 41 34.2164 -3 0 0 179
13 2 42 33.581 1.373 6.468 0.276533 265
13 2 43 36.8516 2.12923 7.79657 0.351177 415
13 2 44 34.2164 -3 0 0 158
13 2 45 34.2164 -3 0 0 179
13 2 46 33.1255 1.41395 6.86502 0.383745 574
13 2 47 34.2164 -3 0 0 173
13 2 48 32 -2 0 0 233
13 2 49 33.6148 1.41692 6.49109 0.313979 375
13 2 50 36.9291 3.96294 13.5758 0.393677 214
13 2 51 32.6672 1.09765 4.98854 0.433461 712
13 2 52 33.5431 1.92197 7.71826 0.323487 463
13 2 53 36.3441 9.3362 18.6704 0.370226 204
13 2 54 29.2765 10.562 13.2593 0.358354 267
13 2 55 32.6099 1.33414 5.58228 0.377548 555
13 2 56 33.2337 1.80899 7.45788 0.264696 411
13 2 57 32.3901 1.2055 5.29828 0.334084 491
13 2 58 33.6979 1.7228 7.11321 0.332396 353
13 2 59 32.1568 1.20754 5.16537 0.280794 659
13 2 60 33.7267 2.68026 8.78793 0.308215 240
13 2 61 34.6577 1.43983 6.60171 0.405806 916
13 2 62 32.2693 1.21017 5.5769 0.351887 763
13 2 63 34.0825 2.16967 8.0781 0.424337 405
13 3 0 30.414 1.42765 6.5218 0.308128 590
13 3 1 30.775 1.22729 5.43349 0.504456 657
13 3 2 28.3492 0.846896 4.46145 0.377697 741
13 3 3 31.541 1.4289 5.67064 0.550274 757
13 3 4 29.3166 1.07881 4.58479 0.518573 441
13 3 5 30.8281 2.38341 7.38557 0.545658 576
13 3 6 29.6794 0.877326 5.32967 0.28221 997
13 3 7 27.0834 0.681306 3.42039 0.636882 465
13 3 8 28.728 1.00767 4.48609 0.452699 420
13 3 9 30.1408 0.904277 5.70381 0.305799 936
13 3 10 31.6737 1.12411 5.72868 0.369123 1092
13 3 11 28.5811 0.93861 4.57885 0.516034 394
13 3 12 28.5648 0.876509 4.84137 0.464827 579
13 3 13 31.2838 1.15442 5.38344 0.546463 661
13 3 14 31.7886 1.62318 5.72513 0.432765 413
13 3 15 31.5787 1.25375 6.00828 0.424942 516
13 3 16 30.3915 0.996354 5.07745 0.66409 1251
13 3 17 24 -2 0 0 326
13 3 18 30.0339 1.07366 5.4655 0.473747 458
13 3 19 30.4192 0.98149 5.69289 0.407428 846
13 3 20 30.0598 0.952024 5.50578 0.390219 387
13 3 21 34.3614 1.40096 7.09184 0.51694 1054
13 3 22 29.4794 0.862996 4.55371 0.420303 765
13 3 23 33.4963 2.53224 9.67805 0.52141 333
13 3 24 31.2346 1.44945 6.11086 0.3786 438
13 3 25 30.9571 1.22017 4.876 0.68352 642
13 3 26 34.3742 3.31179 10.2278 0.543234 357
13 3 27 29.8218 1.30343 5.80544 0.566304 414
13 3 28 30.2305 1.38966 4.46549 0.51239 604
13 3 29 26.5185 1.35273 5.08094 0.391424 364
13 3 30 31.4945 1.22584 6.50396 0.456658 418
13 3 31 32.4772 1.27706 5.80199 0.435133 570
13 3 32 31.1787 1.4804 5.82266 0.414861 462
13 3 33 32.365 3.27266 10.8524 0.666492 363
13 3 34 32.7642 1.95156 8.07324 0.30329 317
13 3 35 30.0207 1.01931 4.76212 0.425487 459
13 3 36 33.5867 2.55993 11.1973 0.551884 313
13 3 37 30.0946 1.7716 7.38717 0.520324 320
13 3 38 34.3811 1.64056 6.78496 0.258201 345
13 3 39 31.0773 2.09542 6.35176 0.395692 235
13 3 40 30.7446 1.71507 5.46616 0.56001 291
13 3 41 33.2568 1.57955 6.09086 0.385698 370
13 3 42 32.8661 2.07899 7.94129 0.338245 283
13 3 43 35.0997 3.01747 9.61551 0.432608 279
13 3 44 28.6716 0.930117 3.92995 0.423556 287
13 3 45 28.6561 1.46661 6.33016 0.586947 349
13 3 46 25.0156 15.7137 12.2941 0.549517 271
13 3 47 30.5966 1.7627 6.2757 0.410222 322
13 3 48 30.146 1.77709 6.84455 0.450995 330
13 3 49 32.0999 2.64785 7.63485 0.456226 265
13 3 50 31.6462 1.58528 6.19185 0.419057 285
13 3 51 30 -2 0 0 213
13 3 52 32.679 2.83319 9.37369 0.558988 247
13 3 53 28 -2 0 0 236
13 3 54 28.3086 1.31558 5.41814 0.388351 272
13 3 55 32.0054 4.14409 11.8052 0.370537 205
13 3 56 33.2687 1.69613 6.8518 0.37137 223
13 3 57 29.4906 1.55602 4.81833 0.450244 249
13 3 58 27.492 6.80794 12.9034 0.357136 229
13 3 59 29.1882 2.38981 7.10117 0.508426 267
13 3 60 30.8569 2.67125 6.60848 0.54656 269
13 3 61 25 -2 0 0 207
13 3 62 28 -2 0 0 239
13 3 63 36.38 5.43538 14.3913 0.466938 215
13 4 0 33.1346 1.06175 5.13936 0.331234 924
13 4 1 33.3009 1.37867 6.37184 0.328407 633
13 4 2 32.3423 1.26011 5.75244 0.397427 572
13 4 3 35.7883 4.51097 9.93719 0.372848 215
13 4 4 33.5111 1.62724 7.11655 0.435558 312
13 4 5 31.2394 1.43945 5.75354 0.412639 336
13 4 6 28 -2 0 0 374
13 4 7 34.7156 -3 0 0 195
13 4 8 34.0981 1.78888 6.76661 0.263977 434
13 4 9 26 -2 0 0 253
13 4 10 36.4067 4.74242 13.7834 0.396016 209
13 4 11 35.2362 2.21286 7.38735 0.450107 372
13 4 12 34.1152 2.54339 8.00354 0.431536 300
13 4 13 34.7156 -3 0 0 158
13 4 14 36.5886 2.81425 6.83781 0.386921 815
13 4 15 40.4611 8.31274 19.596 0.459355 226
13 4 16 34.7156 -3 0 0 151
13 4 17 34.2659 1.36816 6.05024 0.29616 621
13 4 18 35.963 4.42346 13.3958 0.402196 229
13 4 19 34.7156 -3 0 0 156
13 4 20 34.4219 1.86471 7.46709 0.300972 279
13 4 21 32.5529 1.71048 6.68259 0.230416 372
13 4 22 34.7156 -3 0 0 167
13 4 23 31.9375 1.18393 5.022 0.393493 421
13 4 24 34.5682 1.8936 6.73597 0.31647 601
13 4 25 34.7156 -3 0 0 118
13 4 26 33.9582 1.31031 6.24822 0.359006 757
13 4 27 34.7156 -3 0 0 177
13 4 28 34.7156 -3 0 0 158
13 4 29 32.406 1.32238 5.24043 0.424199 450
13 4 30 32.526 13.9167 17.4295 0.451416 219
13 4 31 34.7156 -3 0 0 143
13 4 32 34.7156 -3 0 0 147
13 4 33 34.7156 -3 0 0 176
13 4 34 32.7943 1.30782 5.70108 0.349155 689
13 4 35 34.7156 -3 0 0 121
13 4 36 34.7156 -3 0 0 188
13 4 37 36.3037 2.8113 9.09516 0.474936 319
13 4 38 34.7156 -3 0 0 110
13 4 39 33.2408 1.81955 6.42892 0.351372 203
13 4 40 28 -2 0 0 252
13 4 41 34.7156 -3 0 0 141
13 4 42 32.748 8.80262 16.3001 0.427505 218
13 4 43 30.839 3.31605 7.54321 0.32105 492
13 4 44 34.7156 -3 0 0 148
13 4 45 34.7156 -3 0 0 163
13 4 46 33.069 1.47175 5.84793 0.416237 659
13 4 47 34.7156 -3 0 0 114
13 4 48 34.7156 -3 0 0 195
13 4 49 34.27 4.31133 8.66289 0.486063 310
13 4 50 34.7156 -3 0 0 172
13 4 51 31.7093 4.87329 14.3492 0.468798 322
13 4 52 37.4068 1.86138 8.05589 0.389055 392
13 4 53 34.7156 -3 0 0 133
13 4 54 34.7156 -3 0 0 186
13 4 55 34.5939 2.0489 9.98139 0.335883 361
13 4 56 32.8511 2.79654 8.12745 0.447097 240
13 4 57 31.3979 1.66835 5.6668 0.451491 277
13 4 58 34.0294 7.06019 16.6239 0.460988 212
13 4 59 34.2199 1.74594 6.90647 0.425255 520
13 4 60 34.7156 -3 0 0 156
13 4 61 35.1369 2.01497 7.4032 0.390239 420
13 4 62 32.4777 1.35127 6.00338 0.256709 507
13 4 63 24 -2 0 0 273
13 5 0 32.1836 6.31872 13.9233 0.455913 275
13 5 1 28 -2 0 0 246
13 5 2 27.5363 13.1716 20 0.49012 315
13 5 3 29.7301 1.50939 5.58234 0.401395 370
13 5 4 30.0193 2.63055 6.50409 0.529351 326
13 5 5 25 -2 0 0 323
13 5 6 26.08 1.32474 3.38664 0.451269 330
13 5 7 28.1899 1.37831 5.54769 0.330446 472
13 5 8 25.6039 1.94324 6.80818 0.354258 396
13 5 9 25.7182 1.5275 4.44631 0.475009 370
13 5 10 28.2975 1.70373 5.67891 0.488365 354
13 5 11 27.9957 1.66419 5.96579 0.42858 332
13 5 12 24 -2 0 0 341
13 5 13 28.0674 1.3085 5.98975 0.486828 486
13 5 14 25 -2 0 0 278
13 5 15 27.2113 1.40652 5.299 0.404294 459
13 5 16 31.4473 3.35815 9.35208 0.538753 492
13 5 17 29.0957 1.33639 6.09051 0.316069 438
13 5 18 25.2902 2.18195 4.68141 0.428599 401
13 5 19 30.5727 1.6012 6.13287 0.433472 576
13 5 20 26.556 0.829992 3.69809 0.481725 471
13 5 21 23 -2 0 0 352
13 5 22 26.4434 7.52575 14.0046 0.494546 439
13 5 23 25.2757 17.8838 14.4705 0.446133 358
13 5 24 29.8982 4.49611 11.2712 0.626294 280
13 5 25 29.2927 1.06599 5.42554 0.374907 720
13 5 26 31.5734 4.25229 10.0433 0.544753 333
13 5 27 30.4525 1.88588 7.62495 0.473824 469
13 5 28 27.1703 0.893744 4.74671 0.438124 563
13 5 29 28.6313 1.38935 5.56442 0.306803 350
13 5 30 26.0481 1.02358 4.23399 0.487452 497
13 5 31 30.1733 1.00333 5.6479 0.447305 977
13 5 32 28.7623 1.3529 6.18865 0.379963 560
13 5 33 31.9213 1.56499 7.11005 0.400815 507
13 5 34 24 -2 0 0 392
13 5 35 21.1153 0.880303 3.8359 0.396698 1623
13 5 36 30.4018 1.28965 5.47778 0.449702 478
13 5 37 28.3342 1.06021 4.55374 0.445595 436
13 5 38 29.1988 0.973622 5.42663 0.53546 1047
13 5 39 27.36 0.822195 4.00957 0.471258 1075
13 5 40 27.2328 1.1836 4.4403 0.481462 502
13 5 41 26.498 0.850552 4.92259 0.562064 634
13 5 42 29.3628 1.7943 5.76299 0.446041 517
13 5 43 26.9279 1.23142 4.43604 0.419337 438
13 5 44 26.3443 1.12096 5.49337 0.382765 831
13 5 45 27.4308 1.4344 4.17675 0.533667 664
13 5 46 29.2791 1.55261 6.26976 0.351836 346
13 5 47 28.2106 0.98596 5.4895 0.526348 1311
13 5 48 28.1622 1.1614 4.48742 0.545632 543
13 5 49 32.1545 3.68069 12.5455 0.552269 438
13 5 50 26.1691 0.92045 3.98542 0.399706 897
13 5 51 27.3697 1.19411 5.06303 0.410861 615
13 5 52 28.0103 1.29871 5.33328 0.414068 430
13 5 53 27.44 0.951383 4.61473 0.413288 979
13 5 54 27.8501 1.19376 5.07516 0.485368 731
13 5 55 26.2239 1.09655 3.874 0.508447 660
13 5 56 25.9692 1.0063 5.16253 0.336887 787
13 5 57 25.8668 0.937385 3.89593 0.43353 702
13 5 58 24.7885 0.850953 4.4485 0.317583 1086
13 5 59 29.5478 1.76678 7.75128 0.438489 454
13 5 60 27.9616 1.04741 5.73849 0.444241 1070
13 5 61 27.5532 1.11998 5.35674 0.389376 551
13 5 62 27.0434 1.45587 5.40477 0.34061 504
13 5 63 25.2831 1.01835 4.71212 0.398396 641
13 6 0 32.4356 1.29335 4.87146 0.364024 463
13 6 1 37.809 1.90067 7.35653 0.295227 339
13 6 2 33.1236 2.4926 7.24139 0.402994 270
13 6 3 34.6816 -3 0 0 121
13 6 4 34.6816 -3 0 0 160
13 6 5 34.6816 -3 0 0 177
13 6 6 37.0039 3.36043 10.3801 0.285813 238
13 6 7 34.6816 -3 0 0 99
13 6 8 32 -2 0 0 208
13 6 9 34.6816 -3 0 0 161
13 6 10 34.6816 -3 0 0 145
13 6 11 34.6816 -3 0 0 176
13 6 12 34.6816 -3 0 0 177
13 6 13 34.6816 -3 0 0 106
13 6 14 36.1126 5.50193 14.1779 0.472808 325
13 6 15 34.6816 -3 0 0 108
13 6 16 34.6816 -3 0 0 121
13 6 17 25 -2 0 0 235
13 6 18 34.6816 -3 0 0 154
13 6 19 34.6816 -3 0 0 95
13 6 20 34.6816 -3 0 0 133
13 6 21 36.3466 5.27431 12.9734 0.32865 212
13 6 22 34.6816 -3 0 0 129
13 6 23 34.6816 -3 0 0 138
13 6 24 37.5025 5.26937 14.3682 0.351971 240
13 6 25 34.6816 -3 0 0 76
13 6 26 38 -2 0 0 292
13 6 27 34.6816 -3 0 0 107
13 6 28 34.6816 -3 0 0 78
13 6 29 34.6816 -3 0 0 141
13 6 30 34.6816 -3 0 0 114
13 6 31 34.6816 -3 0 0 81
13 6 32 34.6816 -3 0 0 67
13 6 33 34.6816 -3 0 0 75
13 6 34 38.3369 11.8958 18.6543 0.349974 217
13 6 35 34.6816 -3 0 0 81
13 6 36 34.6816 -3 0 0 80
13 6 37 34.6816 -3 0 0 129
13 6 38 34.6816 -3 0 0 61
13 6 39 34.6816 -3 0 0 86
13 6 40 34.6816 -3 0 0 112
13 6 41 34.6816 -3 0 0 72
13 6 42 34.6816 -3 0 0 76
13 6 43 34.6816 -3 0 0 136
13 6 44 34.6816 -3 0 0 55
13 6 45 34.6816 -3 0 0 96
13 6 46 34.6816 -3 0 0 184
13 6 47 34.6816 -3 0 0 42
13 6 48 34.6816 -3 0 0 70
13 6 49 34.6816 -3 0 0 107
13 6 50 34.6816 -3 0 0 65
13 6 51 34.6816 -3 0 0 89
13 6 52 34.6816 -3 0 0 117
13 6 53 34.6816 -3 0 0 66
13 6 54 34.6816 -3 0 0 73
13 6 55 34.6816 -3 0 0 109
13 6 56 34.6816 -3 0 0 68
13 6 57 34.6816 -3 0 0 100
13 6 58 34.6816 -3 0 0 58
13 6 59 34.6816 -3 0 0 174
13 6 60 34.6816 -3 0 0 54
13 6 61 34.6816 -3 0 0 99
13 6 62 34.6816 -3 0 0 98
13 6 63 34.6816 -3 0 0 91
13 7 0 34.8655 -3 0 0 97
13 7 1 34.8655 -3 0 0 104
13 7 2 34.8655 -3 0 0 99
13 7 3 34.8655 -3 0 0 130
13 7 4 34.8655 -3 0 0 144
13 7 5 34.8655 -3 0 0 102
13 7 6 34.8655 -3 0 0 110
13 7 7 34.8655 -3 0 0 137
13 7 8 34.8655 -3 0 0 124
13 7 9 34.8655 -3 0 0 95
13 7 10 34.8655 -3 0 0 130
13 7 11 34.8655 -3 0 0 112
13 7 12 34.8655 -3 0 0 107
13 7 13 34.8655 -3 0 0 147
13 7 14 34.8655 -3 0 0 92
13 7 15 34.8655 -3 0 0 161
13 7 16 34.8655 -3 0 0 132
13 7 17 34.8655 -3 0 0 106
13 7 18 34.8655 -3 0 0 129
13 7 19 34.8655 -3 0 0 176
13 7 20 34.8655 -3 0 0 185
13 7 21 34.8655 -3 0 0 115
13 7 22 34.8655 -3 0 0 110
13 7 23 34.8655 -3 0 0 157
13 7 24 34.8655 -3 0 0 117
13 7 25 34.0674 2.07659 7.81164 0.334212 229
13 7 26 34.8655 -3 0 0 116
13 7 27 31.7709 16.5316 20 0.435268 210
13 7 28 34.8655 -3 0 0 158
13 7 29 34.8655 -3 0 0 156
13 7 30 34.8655 -3 0 0 159
13 7 31 34.2443 1.51094 5.99614 0.330904 291
13 7 32 38.3729 3.1622 10.9738 0.322651 220
13 7 33 30 -2 0 0 248
13 7 34 34.8655 -3 0 0 155
13 7 35 38.2566 2.50817 10.3805 0.409143 364
13 7 36 33.3406 2.0267 6.60934 0.354567 204
13 7 37 34.9613 2.94203 9.00398 0.348099 206
13 7 38 32.7288 1.45437 5.9385 0.330162 465
13 7 39 36.9045 2.26786 7.05031 0.475808 592
13 7 40 30 -2 0 0 213
13 7 41 32.4367 1.43708 6.28749 0.259774 337
13 7 42 39.3188 4.07474 11.0401 0.499118 303
13 7 43 34.8655 -3 0 0 171
13 7 44 0 -10 0 0 0
13 7 45 35.7342 1.70338 6.97535 0.293428 344
13 7 46 26 -2 0 0 221
13 7 47 33.6557 1.41518 6.45781 0.377883 775
13 7 48 40.3773 2.88003 11.4815 0.403241 276
13 7 49 34.7382 2.27376 6.7268 0.364407 244
13 7 50 27.6225 2.71112 8.59926 0.411713 405
13 7 51 33.6677 2.51993 9.48726 0.494541 417
13 7 52 36.6662 4.89606 12.363 0.399542 224
13 7 53 31.5912 1.24284 4.79422 0.53058 633
13 7 54 31.8098 2.89717 7.74019 0.3366 408
13 7 55 33.2707 1.6396 6.32216 0.354634 342
13 7 56 30.2056 1.53177 4.9044 0.59167 544
13 7 57 31.1635 1.13247 3.89874 0.623502 509
13 7 58 33.0168 1.45113 6.60066 0.362046 372
13 7 59 29 -2 0 0 242
13 7 60 34.1072 1.41135 5.93576 0.293314 573
13 7 61 33.8199 1.84431 6.57722 0.409312 402
13 7 62 30.0432 7.94134 18.886 0.443196 268
13 7 63 25 -2 0 0 359
13 8 0 32.3277 -3 0 0 86
13 8 1 32.3277 -3 0 0 77
13 8 2 32.3277 -3 0 0 69
13 8 3 32.3277 -3 0 0 101
13 8 4 32.3277 -3 0 0 86
13 8 5 32.3277 -3 0 0 88
13 8 6 32.3277 -3 0 0 85
13 8 7 32.3277 -3 0 0 98
13 8 8 32.3277 -3 0 0 112
13 8 9 32.3277 -3 0 0 79
13 8 10 32.3277 -3 0 0 94
13 8 11 32.3277 -3 0 0 129
13 8 12 32.3277 -3 0 0 97
13 8 13 32.3277 -3 0 0 145
13 8 14 32.3277 -3 0 0 94
13 8 15 32.3277 -3 0 0 132
13 8 16 32.3277 -3 0 0 96
13 8 17 32.3277 -3 0 0 97
13 8 18 32.3277 -3 0 0 106
13 8 19 32.3277 -3 0 0 181
13 8 20 32.3277 -3 0 0 123
13 8 21 32.3277 -3 0 0 78
13 8 22 32.3277 -3 0 0 114
13 8 23 32.3277 -3 0 0 125
13 8 24 32.3277 -3 0 0 93
13 8 25 32.3277 -3 0 0 186
13 8 26 32.3277 -3 0 0 103
13 8 27 32.3277 -3 0 0 158
13 8 28 32.3277 -3 0 0 163
13 8 29 32.3277 -3 0 0 147
13 8 30 32.3277 -3 0 0 125
13 8 31 36.7244 7.51162 18.4642 0.462904 251
13 8 32 32.0289 11.3156 16.8024 0.322622 236
13 8 33 30.5836 15.7527 20 0.323307 201
13 8 34 32.3277 -3 0 0 142
13 8 35 30.9293 1.4506 6.29218 0.252 376
13 8 36 32.3277 -3 0 0 144
13 8 37 32.3277 -3 0 0 173
13 8 38 31.4767 1.89706 7.13223 0.320577 448
13 8 39 25 -2 0 0 384
13 8 40 32.3277 -3 0 0 138
13 8 41 30.0256 1.4235 5.56306 0.350637 316
13 8 42 32.3277 -3 0 0 178
13 8 43 32.3277 -3 0 0 136
13 8 44 33.1719 2.39209 6.38457 0.349858 341
13 8 45 34.0439 2.18791 8.19605 0.272864 254
13 8 46 32.3277 -3 0 0 116
13 8 47 30.2563 1.6771 5.22675 0.375078 679
13 8 48 27 -2 0 0 212
13 8 49 32.3277 -3 0 0 164
13 8 50 25.967 15.362 15.9455 0.453446 343
13 8 51 32.5065 2.35433 8.11578 0.318393 223
13 8 52 32.3277 -3 0 0 145
13 8 53 33.0607 1.66792 6.85296 0.279427 466
13 8 54 34.7426 2.87843 11.3045 0.393666 283
13 8 55 32.3277 -3 0 0 181
13 8 56 31.8062 2.19368 5.73623 0.341142 321
13 8 57 27 -2 0 0 282
13 8 58 25 -2 0 0 241
13 8 59 32.3277 -3 0 0 162
13 8 60 25 -2 0 0 394
13 8 61 31 -2 0 0 247
13 8 62 32.3277 -3 0 0 182
13 8 63 32.3277 -3 0 0 197
13 9 0 0 -10 0 0 0
13 9 1 0 -10 0 0 0
13 9 2 0 -10 0 0 0
13 9 3 0 -10 0 0 0
13 9 4 0 -10 0 0 0
13 9 5 0 -10 0 0 0
13 9 6 0 -10 0 0 0
13 9 7 0 -10 0 0 0
13 9 8 0 -10 0 0 0
13 9 9 0 -10 0 0 0
13 9 10 0 -10 0 0 0
13 9 11 0 -10 0 0 0
13 9 12 0 -10 0 0 0
13 9 13 0 -10 0 0 0
13 9 14 0 -10 0 0 0
13 9 15 0 -10 0 0 0
13 9 16 0 -10 0 0 0
13 9 17 0 -10 0 0 0
13 9 18 0 -10 0 0 0
13 9 19 0 -10 0 0 0
13 9 20 0 -10 0 0 0
13 9 21 0 -10 0 0 0
13 9 22 0 -10 0 0 0
13 9 23 0 -10 0 0 0
13 9 24 0 -10 0 0 0
13 9 25 0 -10 0 0 0
13 9 26 0 -10 0 0 0
13 9 27 0 -10 0 0 0
13 9 28 0 -10 0 0 0
13 9 29 0 -10 0 0 0
13 9 30 0 -10 0 0 0
13 9 31 0 -10 0 0 0
13 9 32 0 -10 0 0 0
13 9 33 0 -10 0 0 0
13 9 34 0 -10 0 0 0
13 9 35 0 -10 0 0 0
13 9 36 0 -10 0 0 0
13 9 37 0 -10 0 0 0
13 9 38 0 -10 0 0 0
13 9 39 0 -10 0 0 0
13 9 40 0 -10 0 0 0
13 9 41 0 -10 0 0 0
13 9 42 0 -10 0 0 0
13 9 43 0 -10 0 0 0
13 9 44 0 -10 0 0 0
13 9 45 0 -10 0 0 0
13 9 46 0 -10 0 0 0
13 9 47 0 -10 0 0 0
13 9 48 0 -10 0 0 0
13 9 49 0 -10 0 0 0
13 9 50 0 -10 0 0 0
13 9 51 0 -10 0 0 0
13 9 52 0 -10 0 0 0
13 9 53 0 -10 0 0 0
13 9 54 0 -10 0 0 0
13 9 55 0 -10 0 0 0
13 9 56 0 -10 0 0 0
13 9 57 0 -10 0 0 0
13 9 58 0 -10 0 0 0
13 9 59 0 -10 0 0 0
13 9 60 0 -10 0 0 0
13 9 61 0 -10 0 0 0
13 9 62 0 -10 0 0 0
13 9 63 0 -10 0 0 0
13 10 0 34.9522 -3 0 0 158
13 10 1 34.9522 -3 0 0 151
13 10 2 34.9522 -3 0 0 196
13 10 3 37.3183 3.0694 9.72328 0.507193 356
13 10 4 27 -2 0 0 263
13 10 5 35.1516 2.16378 8.15651 0.322179 242
13 10 6 34.1942 1.6868 6.35233 0.38827 213
13 10 7 34.4643 1.41148 6.21849 0.384561 482
13 10 8 34 -2 0 0 226
13 10 9 27 -2 0 0 312
13 10 10 33.1627 1.36084 4.37504 0.622196 298
13 10 11 37.9937 5.30751 15.4533 0.502063 241
13 10 12 32.9225 1.52698 5.76674 0.433956 273
13 10 13 33.6679 2.31489 6.429 0.467718 422
13 10 14 34.9522 -3 0 0 150
13 10 15 32.6109 1.18617 5.15955 0.28156 428
13 10 16 33.7553 1.2119 5.22803 0.435444 453
13 10 17 38.0396 2.9235 10.4836 0.353388 204
13 10 18 34.2425 1.66925 6.08721 0.405371 331
13 10 19 33.8674 1.09552 6.12846 0.394979 653
13 10 20 34.8291 2.08907 8.0419 0.31018 266
13 10 21 36.3948 1.93166 7.65751 0.327335 291
13 10 22 34.0607 1.30998 6.66527 0.324954 438
13 10 23 32.9773 1.86104 7.32093 0.385918 270
13 10 24 34.9522 -3 0 0 180
13 10 25 36.2666 1.60794 5.9813 0.452052 717
13 10 26 34.9522 -3 0 0 200
13 10 27 35.9052 1.36301 6.34409 0.520729 432
13 10 28 31.9747 1.05212 5.48865 0.333738 558
13 10 29 37.5468 5.42195 14.9808 0.429293 225
13 10 30 33.8244 1.45276 6.4844 0.437777 355
13 10 31 35.6913 1.03748 5.95825 0.252712 986
13 10 32 33.4608 1.33504 5.56256 0.413027 622
13 10 33 34.3434 1.3673 6.44187 0.436719 490
13 10 34 34.9522 -3 0 0 200
13 10 35 35.284 1.07133 6.42271 0.30634 1131
13 10 36 32.9033 2.41445 7.46393 0.303254 389
13 10 37 39 -2 0 0 287
13 10 38 34.926 1.10725 6.31475 0.273426 1276
13 10 39 34.8757 1.1138 6.04204 0.343387 644
13 10 40 44 -2 0 0 330
13 10 41 34.3759 1.09707 5.52271 0.358266 743
13 10 42 34 -2 0 0 374
13 10 43 32.2536 1.97949 7.31641 0.248983 257
13 10 44 32.8624 1.0468 5.24261 0.539673 825
13 10 45 32.9502 1.22043 6.44426 0.457491 579
13 10 46 30.5254 22.0227 17.0157 0.328173 206
13 10 47 34.7261 0.988463 5.67497 0.380547 1755
13 10 48 35.8456 1.79546 7.5399 0.455375 437
13 10 49 35.6657 1.59869 7.37058 0.34908 365
13 10 50 34.4713 1.45226 5.50778 0.299491 680
13 10 51 34.0409 2.02587 6.3474 0.531772 371
13 10 52 27 -2 0 0 308
13 10 53 34.7941 1.02478 6.07272 0.35932 1213
13 10 54 32.0563 1.06601 4.96682 0.50118 527
13 10 55 35.5464 2.94796 10.6941 0.42275 308
13 10 56 33.878 1.5891 5.8195 0.425301 605
13 10 57 31.5171 2.3255 6.39948 0.507046 392
13 10 58 33.2088 1.33747 6.18008 0.368221 428
13 10 59 34.7735 2.43459 7.85221 0.428214 271
13 10 60 31.541 0.914007 4.98659 0.398809 942
13 10 61 32.4811 1.31283 5.86519 0.308245 355
13 10 62 33.3492 2.61069 8.30477 0.397964 277
13 10 63 33.4939 1.27599 5.69402 0.334553 385
13 11 0 32.9278 1.64512 6.01504 0.282328 517
13 11 1 29.9149 1.1471 4.41756 0.324135 365
13 11 2 25 -2 0 0 225
13 11 3 32.3968 -3 0 0 130
13 11 4 32.3968 -3 0 0 169
13 11 5 28.4773 14.9891 20 0.39127 220
13 11 6 32.3968 -3 0 0 185
13 11 7 32.3968 -3 0 0 88
13 11 8 31.5302 5.4204 10.0276 0.278608 220
13 11 9 32.3968 -3 0 0 146
13 11 10 32.3968 -3 0 0 111
13 11 11 33.6983 4.11484 12.399 0.336097 228
13 11 12 32.3968 -3 0 0 151
13 11 13 32.3968 -3 0 0 104
13 11 14 32.8036 2.03633 7.29973 0.203374 408
13 11 15 32.3968 -3 0 0 119
13 11 16 32.3968 -3 0 0 100
13 11 17 31.7024 6.04945 5.87151 0.384845 256
13 11 18 32.3968 -3 0 0 145
13 11 19 32.3968 -3 0 0 108
13 11 20 32.3968 -3 0 0 134
13 11 21 32.3968 -3 0 0 144
13 11 22 32.3968 -3 0 0 106
13 11 23 32.2508 5.80002 13.3274 0.301335 213
13 11 24 30.4013 1.49385 5.63318 0.2537 308
13 11 25 32.3968 -3 0 0 101
13 11 26 31.7385 1.87133 6.01718 0.255425 446
13 11 27 32.3968 -3 0 0 130
13 11 28 32.3968 -3 0 0 103
13 11 29 23 -2 0 0 245
13 11 30 32.3968 -3 0 0 119
13 11 31 32.3968 -3 0 0 73
13 11 32 32.3968 -3 0 0 81
13 11 33 32.3968 -3 0 0 94
13 11 34 28 -2 0 0 328
13 11 35 32.3968 -3 0 0 73
13 11 36 32.3968 -3 0 0 112
13 11 37 32.3968 -3 0 0 198
13 11 38 32.3968 -3 0 0 93
13 11 39 32.3968 -3 0 0 99
13 11 40 32.3968 -3 0 0 121
13 11 41 32.3968 -3 0 0 64
13 11 42 32.3968 -3 0 0 158
13 11 43 25 -2 0 0 227
13 11 44 32.3968 -3 0 0 81
13 11 45 32.3968 -3 0 0 96
13 11 46 33.1009 4.61911 7.74884 0.430972 306
13 11 47 32.3968 -3 0 0 66
13 11 48 32.3968 -3 0 0 112
13 11 49 32.3968 -3 0 0 188
13 11 50 32.3968 -3 0 0 91
13 11 51 32.3968 -3 0 0 182
13 11 52 34.7672 3.08208 10.4701 0.277065 240
13 11 53 32.3968 -3 0 0 66
13 11 54 32.3968 -3 0 0 133
13 11 55 32.3968 -3 0 0 200
13 11 56 32.3968 -3 0 0 139
13 11 57 32.3968 -3 0 0 153
13 11 58 32.3968 -3 0 0 135
13 11 59 33.6852 2.64119 9.55911 0.277045 299
13 11 60 32.3968 -3 0 0 88
13 11 61 23 -2 0 0 204
13 11 62 24 -2 0 0 256
13 11 63 32.3968 -3 0 0 163
13 12 0 34.4264 1.94621 7.53081 0.301551 342
13 12 1 35.2972 1.85369 7.68395 0.3093 365
13 12 2 31.9967 1.25195 6.13438 0.319834 455
13 12 3 31.5453 0.983169 5.75348 0.338392 758
13 12 4 35.0428 2.10418 8.875 0.388433 388
13 12 5 32.2767 1.47005 5.88476 0.344436 460
13 12 6 26 -2 0 0 550
13 12 7 33.5613 1.12895 7.07646 0.407978 1341
13 12 8 32.7044 1.44372 5.36047 0.3034 436
13 12 9 34.2849 1.28937 5.52143 0.381928 943
13 12 10 31.3076 0.998367 5.13289 0.357828 1177
13 12 11 40.8009 3.53536 11.8641 0.501702 348
13 12 12 30.5078 1.07802 4.99912 0.508036 602
13 12 13 31.5732 0.89064 5.61808 0.406911 823
13 12 14 34.3514 1.5876 7.00591 0.262486 292
13 12 15 32.5411 1.1804 5.72077 0.225582 638
13 12 16 35.592 1.40544 8.10716 0.399532 1705
13 12 17 32.8146 3.30388 9.68508 0.380339 303
13 12 18 33.358 1.76538 6.90635 0.518609 537
13 12 19 33.784 1.18704 6.06609 0.322641 1175
13 12 20 32.5989 1.56552 5.30923 0.552265 386
13 12 21 32.2119 1.01254 4.66136 0.539433 633
13 12 22 32.2736 0.928417 5.44895 0.374694 909
13 12 23 34.3882 7.61147 13.312 0.462523 292
13 12 24 31.8194 1.61406 5.91464 0.438527 342
13 12 25 32.409 1.13309 5.51272 0.459803 1022
13 12 26 35.2209 3.86702 8.5956 0.382495 256
13 12 27 29.0772 0.978997 4.36883 0.448971 669
13 12 28 30.1247 0.987543 4.17204 0.575588 757
13 12 29 31.903 3.70143 12.1942 0.444459 252
13 12 30 34.4323 1.55186 6.70348 0.498363 442
13 12 31 32.8908 1.07246 5.20358 0.397323 854
13 12 32 34.3915 1.60674 7.16306 0.367446 586
13 12 33 31.3102 1.12748 4.50164 0.439958 506
13 12 34 32.7406 1.87542 6.45426 0.467911 238
13 12 35 31.7034 1.18311 5.79893 0.345198 748
13 12 36 30.4662 1.00947 4.4727 0.486718 409
13 12 37 30.0543 1.21318 4.9069 0.383465 306
13 12 38 31.9914 1.26884 4.92962 0.657682 551
13 12 39 34.7812 2.51988 8.97349 0.467372 317
13 12 40 30.5078 1.25066 4.81835 0.509219 298
13 12 41 32.6364 1.21634 4.94377 0.531596 483
13 12 42 35.6424 3.35925 9.27077 0.521334 283
13 12 43 37.0755 3.53298 11.7833 0.378577 229
13 12 44 31.5751 1.06641 5.59173 0.402586 438
13 12 45 34.6309 2.66206 10.3286 0.625794 423
13 12 46 35.21 4.55044 10.659 0.504963 229
13 12 47 32.8965 1.22176 5.85708 0.210111 525
13 12 48 33.2834 1.48702 6.73996 0.349115 339
13 12 49 30.6481 1.64463 5.32408 0.368727 227
13 12 50 34.6335 1.98444 7.54227 0.351972 392
13 12 51 33.4207 -3 0 0 150
13 12 52 24.9992 13.0733 11.7979 0.410675 203
13 12 53 31.2597 1.30446 4.75586 0.469187 408
13 12 54 30.329 4.22437 9.13241 0.397915 299
13 12 55 27.4469 14.1262 20 0.44603 209
13 12 56 32.0395 1.78144 6.21802 0.448928 239
13 12 57 33.4207 -3 0 0 169
13 12 58 32.36 4.87146 8.37856 0.496302 256
13 12 59 24 -2 0 0 212
13 12 60 33.7284 1.44686 7.18154 0.273651 299
13 12 61 33.4207 -3 0 0 153
13 12 62 33.4207 -3 0 0 143
13 12 63 31.7921 2.96161 8.25297 0.330411 206
13 13 0 33.9573 2.36189 8.10947 0.253402 260
13 13 1 33.0565 -3 0 0 178
13 13 2 33.0565 -3 0 0 123
13 13 3 33.0565 -3 0 0 80
13 13 4 33.0565 -3 0 0 132
13 13 5 33.0565 -3 0 0 138
13 13 6 33.0565 -3 0 0 159
13 13 7 33.0565 -3 0 0 72
13 13 8 33.0565 -3 0 0 169
13 13 9 33.0565 -3 0 0 102
13 13 10 33.0565 -3 0 0 71
13 13 11 33.0565 -3 0 0 177
13 13 12 33.0565 -3 0 0 118
13 13 13 33.0565 -3 0 0 71
13 13 14 32 -2 0 0 274
13 13 15 33.0565 -3 0 0 101
13 13 16 33.0565 -3 0 0 65
13 13 17 34.5451 7.72792 14.3963 0.388826 218
13 13 18 33.0565 -3 0 0 111
13 13 19 33.0565 -3 0 0 70
13 13 20 33.0565 -3 0 0 138
13 13 21 33.0565 -3 0 0 135
13 13 22 33.0565 -3 0 0 78
13 13 23 33.0565 -3 0 0 175
13 13 24 34 -2 0 0 202
13 13 25 33.0565 -3 0 0 87
13 13 26 35.2337 2.3293 7.5972 0.322706 297
13 13 27 33.0565 -3 0 0 91
13 13 28 33.0565 -3 0 0 65
13 13 29 33.0565 -3 0 0 194
13 13 30 33.0565 -3 0 0 106
13 13 31 33.0565 -3 0 0 82
13 13 32 33.0565 -3 0 0 88
13 13 33 33.0565 -3 0 0 117
13 13 34 32.8495 2.10987 8.20502 0.319826 340
13 13 35 33.0565 -3 0 0 87
13 13 36 33.0565 -3 0 0 109
13 13 37 33.0565 -3 0 0 191
13 13 38 33.0565 -3 0 0 114
13 13 39 33.0565 -3 0 0 148
13 13 40 33.0565 -3 0 0 157
13 13 41 33.0565 -3 0 0 87
13 13 42 33.0565 -3 0 0 186
13 13 43 38.2997 7.95646 20 0.359008 235
13 13 44 33.0565 -3 0 0 99
13 13 45 33.0565 -3 0 0 119
13 13 46 34.8684 2.52864 8.05941 0.406191 368
13 13 47 33.0565 -3 0 0 121
13 13 48 33.0565 -3 0 0 122
13 13 49 32.4589 2.90961 6.43562 0.371158 208
13 13 50 33.0565 -3 0 0 119
13 13 51 30.8824 1.29826 5.22553 0.29562 339
13 13 52 36.4049 4.38067 13.2712 0.310066 224
13 13 53 33.0565 -3 0 0 113
13 13 54 33.0565 -3 0 0 132
13 13 55 26.8279 9.50477 12.256 0.328615 279
13 13 56 33.0565 -3 0 0 187
13 13 57 25 -2 0 0 246
13 13 58 33.0565 -3 0 0 150
13 13 59 29 -2 0 0 359
13 13 60 33.0565 -3 0 0 137
13 13 61 29.6654 2.45107 7.87617 0.365071 424
13 13 62 25 -2 0 0 418
13 13 63 31.0254 10.9207 20 0.384733 228
13 14 0 35.8987 3.60737 11.2621 0.357923 257
13 14 1 27 -2 0 0 285
13 14 2 32.3585 1.74001 6.26673 0.276075 297
13 14 3 33.4666 9.99757 18.6892 0.512908 344
13 14 4 27 -2 0 0 212
13 14 5 35.4763 4.86511 10.1839 0.448039 274
13 14 6 30.9489 1.73121 5.90827 0.371661 352
13 14 7 34.4729 1.97358 7.81575 0.442701 464
13 14 8 33.6388 3.87223 9.90141 0.357807 233
13 14 9 30.5298 2.45232 7.33761 0.49083 561
13 14 10 31.7501 2.20512 5.83749 0.272899 542
13 14 11 31.7816 -3 0 0 195
13 14 12 34.6693 3.39007 11.3176 0.419908 344
13 14 13 32.1126 1.82705 6.52917 0.213506 338
13 14 14 31.7816 -3 0 0 194
13 14 15 26 -2 0 0 255
13 14 16 30.5581 1.41243 6.71445 0.151792 786
13 14 17 31.7816 -3 0 0 173
13 14 18 31.2034 1.47397 4.90212 0.381782 251
13 14 19 35.1825 2.55121 7.47216 0.352109 395
13 14 20 31.7816 -3 0 0 161
13 14 21 34.5613 3.04006 12.9072 0.456874 429
13 14 22 30.6985 3.30194 7.82084 0.397768 353
13 14 23 31.7816 -3 0 0 173
13 14 24 31.7816 -3 0 0 198
13 14 25 33.7809 2.33336 9.7534 0.3685 317
13 14 26 31.7816 -3 0 0 139
13 14 27 31.7816 -3 0 0 191
13 14 28 35.4568 6.78731 15.4747 0.331003 224
13 14 29 31.7816 -3 0 0 131
13 14 30 32.3475 4.27009 11.6518 0.366113 207
13 14 31 30.4746 14.478 17.2526 0.389125 233
13 14 32 31.7816 -3 0 0 172
13 14 33 31.7816 -3 0 0 174
13 14 34 31.7816 -3 0 0 154
13 14 35 31.7816 -3 0 0 188
13 14 36 31.7816 -3 0 0 130
13 14 37 31.7816 -3 0 0 111
13 14 38 31.7816 -3 0 0 137
13 14 39 31.7816 -3 0 0 127
13 14 40 31.7816 -3 0 0 142
13 14 41 31.7816 -3 0 0 152
13 14 42 31.7816 -3 0 0 132
13 14 43 31.7816 -3 0 0 104
13 14 44 31.7816 -3 0 0 126
13 14 45 31.7816 -3 0 0 132
13 14 46 31.7816 -3 0 0 114
13 14 47 31.7816 -3 0 0 137
13 14 48 31.7816 -3 0 0 131
13 14 49 31.7816 -3 0 0 100
13 14 50 31.7816 -3 0 0 117
13 14 51 31.7816 -3 0 0 71
13 14 52 31.7816 -3 0 0 96
13 14 53 31.7816 -3 0 0 118
13 14 54 31.7816 -3 0 0 95
13 14 55 31.7816 -3 0 0 73
13 14 56 31.7816 -3 0 0 96
13 14 57 31.7816 -3 0 0 83
13 14 58 31.7816 -3 0 0 95
13 14 59 31.7816 -3 0 0 84
13 14 60 31.7816 -3 0 0 136
13 14 61 31.7816 -3 0 0 74
13 14 62 31.7816 -3 0 0 80
13 14 63 31.7816 -3 0 0 94
13 15 0 31.2581 -3 0 0 79
13 15 1 31.2581 -3 0 0 80
13 15 2 31.2581 -3 0 0 66
13 15 3 31.2581 -3 0 0 52
13 15 4 31.2581 -3 0 0 56
13 15 5 31.2581 -3 0 0 60
13 15 6 31.2581 -3 0 0 68
13 15 7 31.2581 -3 0 0 46
13 15 8 31.2581 -3 0 0 49
13 15 9 31.2581 -3 0 0 46
13 15 10 31.2581 -3 0 0 38
13 15 11 31.2581 -3 0 0 78
13 15 12 31.2581 -3 0 0 49
13 15 13 31.2581 -3 0 0 59
13 15 14 31.2581 -3 0 0 97
13 15 15 31.2581 -3 0 0 45
13 15 16 31.2581 -3 0 0 39
13 15 17 31.2581 -3 0 0 92
13 15 18 31.2581 -3 0 0 62
13 15 19 31.2581 -3 0 0 34
13 15 20 31.2581 -3 0 0 55
13 15 21 31.2581 -3 0 0 48
13 15 22 31.2581 -3 0 0 44
13 15 23 31.2581 -3 0 0 94
13 15 24 31.2581 -3 0 0 75
13 15 25 31.2581 -3 0 0 49
13 15 26 31.2581 -3 0 0 100
13 15 27 31.2581 -3 0 0 43
13 15 28 31.2581 -3 0 0 59
13 15 29 31.2581 -3 0 0 102
13 15 30 31.2581 -3 0 0 58
13 15 31 31.2581 -3 0 0 54
13 15 32 31.2581 -3 0 0 54
13 15 33 31.2581 -3 0 0 61
13 15 34 31.2581 -3 0 0 139
13 15 35 31.2581 -3 0 0 70
13 15 36 31.2581 -3 0 0 76
13 15 37 31.2581 -3 0 0 104
13 15 38 31.2581 -3 0 0 69
13 15 39 31.2581 -3 0 0 132
13 15 40 31.2581 -3 0 0 86
13 15 41 31.2581 -3 0 0 58
13 15 42 31.2581 -3 0 0 97
13 15 43 31.2581 -3 0 0 114
13 15 44 31.2581 -3 0 0 62
13 15 45 31.2581 -3 0 0 54
13 15 46 31.2581 -3 0 0 152
13 15 47 31.2581 -3 0 0 75
13 15 48 31.2581 -3 0 0 68
13 15 49 31.2581 -3 0 0 113
13 15 50 31.2581 -3 0 0 81
13 15 51 31.2581 -3 0 0 200
13 15 52 31.2581 -3 0 0 129
13 15 53 31.2581 -3 0 0 93
13 15 54 31.2581 -3 0 0 86
13 15 55 31.2581 -3 0 0 162
13 15 56 31.2581 -3 0 0 136
13 15 57 31.2581 -3 0 0 182
13 15 58 31.2581 -3 0 0 117
13 15 59 31.2581 -3 0 0 172
13 15 60 31.2581 -3 0 0 102
13 15 61 29.2892 13.4327 20 0.259494 208
13 15 62 31.2581 -3 0 0 196
13 15 63 31.2581 -3 0 0 125
14 0 0 33.7892 -3 0 0 126
14 0 1 33.7892 -3 0 0 77
14 0 2 33.7892 -3 0 0 107
14 0 3 33.7892 -3 0 0 58
14 0 4 33.7892 -3 0 0 117
14 0 5 33.7892 -3 0 0 86
14 0 6 33.7892 -3 0 0 69
14 0 7 33.7892 -3 0 0 82
14 0 8 33.7892 -3 0 0 85
14 0 9 33.7892 -3 0 0 76
14 0 10 33.7892 -3 0 0 43
14 0 11 33.7892 -3 0 0 133
14 0 12 33.7892 -3 0 0 73
14 0 13 33.7892 -3 0 0 88
14 0 14 33.7892 -3 0 0 157
14 0 15 33.7892 -3 0 0 77
14 0 16 33.7892 -3 0 0 22
14 0 17 33.7892 -3 0 0 124
14 0 18 33.7892 -3 0 0 68
14 0 19 33.7892 -3 0 0 92
14 0 20 33.7892 -3 0 0 110
14 0 21 33.7892 -3 0 0 65
14 0 22 33.7892 -3 0 0 68
14 0 23 33.7892 -3 0 0 174
14 0 24 33.7892 -3 0 0 117
14 0 25 33.7892 -3 0 0 90
14 0 26 33.7892 -3 0 0 150
14 0 27 33.7892 -3 0 0 103
14 0 28 33.7892 -3 0 0 92
14 0 29 33.7892 -3 0 0 120
14 0 30 33.7892 -3 0 0 55
14 0 31 33.7892 -3 0 0 114
14 0 32 33.7892 -3 0 0 114
14 0 33 33.7892 -3 0 0 86
14 0 34 33.7892 -3 0 0 180
14 0 35 33.7892 -3 0 0 94
14 0 36 33.7892 -3 0 0 56
14 0 37 33.7892 -3 0 0 113
14 0 38 33.7892 -3 0 0 147
14 0 39 37.778 9.52322 17.9097 0.337061 211
14 0 40 33.7892 -3 0 0 134
14 0 41 33.7892 -3 0 0 121
14 0 42 33.7892 -3 0 0 128
14 0 43 33.7892 -3 0 0 190
14 0 44 33.7892 -3 0 0 157
14 0 45 33.7892 -3 0 0 162
14 0 46 29 -2 0 0 211
14 0 47 39.1997 12.7951 20 0.332552 202
14 0 48 33.7892 -3 0 0 126
14 0 49 33.7892 -3 0 0 155
14 0 50 33.7892 -3 0 0 185
14 0 51 33.8687 2.55234 7.39678 0.384758 347
14 0 52 28 -2 0 0 227
14 0 53 33.7892 -3 0 0 161
14 0 54 33.7892 -3 0 0 143
14 0 55 36.6812 6.02654 11.3243 0.385607 287
14 0 56 26 -2 0 0 249
14 0 57 0 -10 0 0 0
14 0 58 33.7892 -3 0 0 185
14 0 59 29.3466 9.90294 12.7259 0.320313 307
14 0 60 33.7892 -3 0 0 180
14 0 61 34.6204 3.2072 9.92897 0.3846 413
14 0 62 27.7076 5.59149 17.0257 0.362802 341
14 0 63 33.7892 -3 0 0 197
14 1 0 29.0377 15.8979 20 0.537227 386
14 1 1 36.9099 3.36952 10.1638 0.420593 304
14 1 2 36.0876 2.44107 5.72388 0.450141 422
14 1 3 37.0175 1.82774 7.35224 0.398218 294
14 1 4 36.898 -3 0 0 131
14 1 5 38.655 6.14931 14.8326 0.454987 294
14 1 6 33.9623 1.58124 6.67228 0.303499 426
14 1 7 36.7795 1.63709 6.26341 0.221634 362
14 1 8 36.1191 14.1819 17.7362 0.415221 211
14 1 9 36.9249 2.1588 7.2984 0.430053 420
14 1 10 36.5864 1.51495 6.05974 0.337026 504
14 1 11 32.6685 2.52292 8.64903 0.310284 272
14 1 12 36.2616 2.36818 6.92485 0.346133 274
14 1 13 28 -2 0 0 256
14 1 14 42.4886 4.04676 12.5195 0.352597 273
14 1 15 37.5686 2.62507 8.73124 0.353899 218
14 1 16 39.0022 1.77551 7.73058 0.215459 543
14 1 17 36.898 -3 0 0 185
14 1 18 30 -2 0 0 202
14 1 19 36.5858 2.11297 6.93016 0.362712 269
14 1 20 36.898 -3 0 0 114
14 1 21 36.6381 2.04905 6.57917 0.418322 403
14 1 22 35.4622 2.52393 6.01317 0.349479 296
14 1 23 36.898 -3 0 0 160
14 1 24 27 -2 0 0 219
14 1 25 34.6512 2.40969 7.14954 0.440872 259
14 1 26 41.6898 3.95266 10.4849 0.326563 201
14 1 27 36.898 -3 0 0 179
14 1 28 36.898 -3 0 0 178
14 1 29 36.898 -3 0 0 181
14 1 30 36.898 -3 0 0 93
14 1 31 32 -2 0 0 232
14 1 32 36.898 -3 0 0 143
14 1 33 36.898 -3 0 0 150
14 1 34 36.898 -3 0 0 148
14 1 35 36.898 -3 0 0 134
14 1 36 36.898 -3 0 0 101
14 1 37 36.898 -3 0 0 165
14 1 38 36.898 -3 0 0 139
14 1 39 36.898 -3 0 0 83
14 1 40 36.898 -3 0 0 139
14 1 41 36.898 -3 0 0 118
14 1 42 36.898 -3 0 0 155
14 1 43 36.898 -3 0 0 130
14 1 44 36.898 -3 0 0 109
14 1 45 36.898 -3 0 0 138
14 1 46 36.898 -3 0 0 128
14 1 47 36.898 -3 0 0 85
14 1 48 36.898 -3 0 0 2
14 1 49 36.898 -3 0 0 97
14 1 50 36.898 -3 0 0 98
14 1 51 36.898 -3 0 0 82
14 1 52 36.898 -3 0 0 103
14 1 53 36.898 -3 0 0 111
14 1 54 36.898 -3 0 0 136
14 1 55 36.898 -3 0 0 89
14 1 56 36.898 -3 0 0 98
14 1 57 36.898 -3 0 0 94
14 1 58 36.898 -3 0 0 103
14 1 59 36.898 -3 0 0 96
14 1 60 36.898 -3 0 0 63
14 1 61 36.898 -3 0 0 55
14 1 62 36.898 -3 0 0 124
14 1 63 36.898 -3 0 0 104
14 2 0 29 -2 0 0 363
14 2 1 27 -2 0 0 385
14 2 2 35.7478 7.0023 15.7421 0.48259 328
14 2 3 32.8581 -3 0 0 150
14 2 4 30.6327 2.80819 8.41611 0.336607 235
14 2 5 31.7394 1.94327 5.69459 0.420474 285
14 2 6 26 -2 0 0 272
14 2 7 32.8581 -3 0 0 84
14 2 8 33.0449 2.0253 8.28463 0.357243 259
14 2 9 27 -2 0 0 207
14 2 10 32.8581 -3 0 0 175
14 2 11 31.7024 2.82978 6.06038 0.472503 228
14 2 12 34.4797 3.22824 7.95215 0.385208 272
14 2 13 32.8581 -3 0 0 190
14 2 14 32.9882 1.59977 4.75694 0.247435 557
14 2 15 32.8581 -3 0 0 121
14 2 16 32.8581 -3 0 0 128
14 2 17 38.4972 3.46678 12.9626 0.448037 344
14 2 18 32.8581 -3 0 0 182
14 2 19 32.8581 -3 0 0 174
14 2 20 37.2007 6.02272 10.7248 0.468709 406
14 2 21 32.8581 -3 0 0 182
14 2 22 32.8581 -3 0 0 118
14 2 23 32.8581 -3 0 0 197
14 2 24 32.8581 -3 0 0 7
14 2 25 32.8581 -3 0 0 117
14 2 26 35.0512 2.22832 7.99876 0.433254 651
14 2 27 32.8581 -3 0 0 172
14 2 28 35.4041 3.02342 7.36938 0.358834 291
14 2 29 35.0907 2.24574 6.78808 0.40132 360
14 2 30 32.8581 -3 0 0 94
14 2 31 32.8581 -3 0 0 105
14 2 32 32.8581 -3 0 0 3
14 2 33 32.8581 -3 0 0 162
14 2 34 30.8404 1.13659 5.07183 0.46412 648
14 2 35 32.8581 -3 0 0 5
14 2 36 34.5279 8.49976 19.0073 0.465065 293
14 2 37 35.8755 3.01612 10.2378 0.394532 293
14 2 38 32.8581 -3 0 0 20
14 2 39 37.3911 2.69014 9.17089 0.410187 406
14 2 40 32.8581 -3 0 0 134
14 2 41 32.1796 12.023 16.5047 0.414843 236
14 2 42 37.4288 2.63034 9.44528 0.342496 278
14 2 43 31.562 1.28736 5.06578 0.361103 395
14 2 44 34.5686 9.45441 20 0.380624 224
14 2 45 30.3225 1.60715 6.49176 0.319061 291
14 2 46 0 -10 0 0 0
14 2 47 30.2644 20.1542 18.1674 0.447611 258
14 2 48 35.7469 8.67031 17.1047 0.40088 282
14 2 49 32.9871 3.37167 8.01173 0.46224 370
14 2 50 32.5145 1.55603 5.39022 0.367155 252
14 2 51 34.4331 1.77862 6.42558 0.329691 722
14 2 52 31.8157 1.66521 5.23202 0.352105 503
14 2 53 27 -2 0 0 299
14 2 54 32.9879 1.96929 5.36521 0.264907 327
14 2 55 31.9296 2.74912 6.06894 0.362697 571
14 2 56 29.4819 0.809987 3.14282 0.482141 501
14 2 57 30.6403 1.37623 5.24372 0.366329 673
14 2 58 29.5415 1.68074 4.58867 0.319879 509
14 2 59 32.695 1.17536 5.80412 0.241189 1281
14 2 60 27 -2 0 0 224
14 2 61 31.899 1.48661 5.17696 0.35744 1151
14 2 62 35.0935 2.14478 7.04536 0.32384 906
14 2 63 26.5847 10.8951 15.9981 0.580558 467
14 3 0 34.6472 1.1228 5.59201 0.380268 661
14 3 1 35.2911 2.00092 6.66386 0.607866 511
14 3 2 35.0244 1.00691 5.52185 0.383498 624
14 3 3 35.3016 0.98741 4.60173 0.549143 808
14 3 4 37.5918 1.71092 8.29376 0.516554 413
14 3 5 34.7207 1.32308 4.69437 0.535478 691
14 3 6 36.4798 1.07978 5.75081 0.424486 643
14 3 7 33.8736 0.797468 4.68991 0.457334 848
14 3 8 36.3918 1.52185 6.00706 0.40284 396
14 3 9 34.6322 0.920859 5.77583 0.659437 1108
14 3 10 35.027 1.36253 5.30834 0.517058 1268
14 3 11 36.104 1.43638 6.34521 0.436948 377
14 3 12 37.6295 1.45576 6.90894 0.450177 592
14 3 13 34.5879 0.986899 4.0099 0.659107 577
14 3 14 33.1457 1.21675 4.74123 0.364868 538
14 3 15 35.0249 0.907704 3.68156 0.718394 724
14 3 16 35.9139 1.29716 5.98962 0.313159 1397
14 3 17 37.6001 1.46565 6.70312 0.416379 325
14 3 18 36.4654 1.20441 6.5324 0.479108 437
14 3 19 36.3845 1.1453 5.20192 0.396405 841
14 3 20 37.0462 -3 0 0 161
14 3 21 36.2296 1.56051 5.64679 0.404803 1082
14 3 22 35.291 1.16339 6.73796 0.271933 917
14 3 23 41.7175 4.67705 9.40741 0.55751 227
14 3 24 36.438 1.49938 5.5581 0.374552 591
14 3 25 34.9663 1.14966 5.49569 0.344852 794
14 3 26 38.0866 1.8038 7.02406 0.454809 302
14 3 27 36.7127 1.17185 5.75122 0.462323 375
14 3 28 33.0971 0.870487 4.16163 0.589485 663
14 3 29 36.4222 1.31561 5.75455 0.417403 364
14 3 30 45.8004 6.31604 19.1757 0.601759 278
14 3 31 35.2508 1.46954 5.88447 0.307658 503
14 3 32 37.5196 2.0266 8.71119 0.586319 401
14 3 33 37.4168 1.44388 6.80221 0.360276 405
14 3 34 40.4893 2.63935 10.1873 0.449718 307
14 3 35 37.1989 1.46042 6.18976 0.257604 513
14 3 36 37.7694 1.51849 4.65656 0.552518 322
14 3 37 39.0287 2.08087 8.93545 0.383345 223
14 3 38 37.7051 1.73156 7.60345 0.401974 427
14 3 39 38.4423 2.6733 8.48892 0.479267 227
14 3 40 37.0462 -3 0 0 196
14 3 41 33.8598 1.03101 4.75221 0.367049 485
14 3 42 38.8662 2.04607 8.24816 0.441092 350
14 3 43 38.8507 1.60198 6.69976 0.34584 248
14 3 44 36.3584 3.00489 9.25081 0.409674 380
14 3 45 41.4889 3.19354 11.7676 0.546295 256
14 3 46 34.7686 12.4091 20 0.499499 236
14 3 47 38.5816 3.0663 9.98078 0.514663 402
14 3 48 40.2314 2.40723 7.35052 0.443616 304
14 3 49 36 -2 0 0 331
14 3 50 38.7202 2.2219 7.5618 0.395066 381
14 3 51 37.0462 -3 0 0 197
14 3 52 35.0455 1.66042 6.05703 0.322781 345
14 3 53 42.135 4.1167 12.9924 0.496759 269
14 3 54 35.4398 2.28719 7.28681 0.506227 234
14 3 55 38.4502 7.33328 15.7016 0.376246 202
14 3 56 35.2037 15.1641 19.4688 0.43496 209
14 3 57 37.0462 -3 0 0 199
14 3 58 35.5524 3.29313 9.75521 0.469326 367
14 3 59 36.4434 1.81985 7.37228 0.336525 287
14 3 60 32.2529 4.70038 12.899 0.531491 301
14 3 61 37.0462 -3 0 0 189
14 3 62 37.0462 -3 0 0 176
14 3 63 37.0462 -3 0 0 199
14 4 0 32.1526 1.14251 5.45666 0.24822 821
14 4 1 31.1361 1.64538 4.7585 0.512531 679
14 4 2 34.8561 1.90364 7.04949 0.416851 612
14 4 3 37.4012 5.26732 14.1009 0.458461 290
14 4 4 32.2612 1.87125 5.35554 0.392052 423
14 4 5 34.147 2.40723 5.97195 0.444303 449
14 4 6 26 -2 0 0 448
14 4 7 30 -2 0 0 250
14 4 8 34.9167 4.37241 7.89522 0.452641 561
14 4 9 35.7908 3.50176 8.29115 0.436422 337
14 4 10 33.5458 -3 0 0 161
14 4 11 34.1568 2.62031 8.91581 0.406152 322
14 4 12 36.9838 3.94871 11.5554 0.477251 288
14 4 13 35.1099 3.71421 8.77964 0.342034 221
14 4 14 32.4798 1.15703 5.13423 0.381332 720
14 4 15 33.5458 -3 0 0 177
14 4 16 33.5458 -3 0 0 165
14 4 17 30.783 0.995572 3.94793 0.517891 721
14 4 18 34.1746 6.07602 14.0028 0.437021 335
14 4 19 33.5458 -3 0 0 175
14 4 20 33.5458 -3 0 0 148
14 4 21 32.2205 1.3189 5.05349 0.306911 409
14 4 22 33.5458 -3 0 0 199
14 4 23 31.0371 1.83227 6.4938 0.387931 420
14 4 24 35.7907 2.28914 7.40745 0.527468 494
14 4 25 33.5458 -3 0 0 173
14 4 26 37.2935 3.07972 7.27042 0.397615 862
14 4 27 34.1934 3.40953 9.71693 0.370697 213
14 4 28 33.5458 -3 0 0 198
14 4 29 33.3159 2.07486 5.27588 0.386514 544
14 4 30 35.7921 2.60078 9.21121 0.325091 257
14 4 31 33.5458 -3 0 0 171
14 4 32 33.5458 -3 0 0 191
14 4 33 33.5458 -3 0 0 174
14 4 34 30.0445 0.934028 4.52631 0.58016 544
14 4 35 33.5458 -3 0 0 126
14 4 36 36.9998 3.88924 12.0408 0.444153 243
14 4 37 32.9722 2.18492 7.916 0.468693 364
14 4 38 33.5458 -3 0 0 143
14 4 39 32 -2 0 0 215
14 4 40 33.5458 -3 0 0 199
14 4 41 33.5458 -3 0 0 172
14 4 42 34.0625 11.2751 17.215 0.498784 263
14 4 43 30.5099 1.00482 4.36896 0.480886 548
14 4 44 33.5458 -3 0 0 128
14 4 45 33.5458 -3 0 0 161
14 4 46 34.3462 1.97317 6.15437 0.509305 730
14 4 47 33.5458 -3 0 0 129
14 4 48 38.1027 4.46411 13.8007 0.477872 276
14 4 49 34.1121 2.11042 8.1003 0.281279 340
14 4 50 32.6911 10.6944 17.5414 0.352429 203
14 4 51 34.785 2.61142 7.42948 0.389516 367
14 4 52 35.8182 2.45846 9.67969 0.428349 470
14 4 53 33.5458 -3 0 0 166
14 4 54 33.5458 -3 0 0 167
14 4 55 35.7273 2.61404 8.06837 0.333099 399
14 4 56 25 -2 0 0 232
14 4 57 39.2454 7.3932 20 0.537816 344
14 4 58 27 -2 0 0 242
14 4 59 33.0261 2.21573 6.14641 0.488305 548
14 4 60 33.5458 -3 0 0 157
14 4 61 35.2482 2.1948 7.29771 0.364626 486
14 4 62 33.026 7.73432 20 0.549785 537
14 4 63 33.2162 2.22704 7.59645 0.393258 325
14 5 0 37.2026 5.05763 13.2104 0.404269 253
14 5 1 37.3188 2.83552 8.31594 0.411004 304
14 5 2 34.4016 6.1937 15.1253 0.439967 239
14 5 3 35.5345 1.81742 5.7886 0.392876 418
14 5 4 40.3698 2.50326 9.14876 0.505074 378
14 5 5 33.7197 2.01295 5.22954 0.467887 348
14 5 6 34.9318 2.08614 6.5444 0.449144 327
14 5 7 33.9956 1.2669 4.54442 0.523341 515
14 5 8 36.0654 4.06665 7.17495 0.506622 330
14 5 9 35.9643 1.77077 6.1536 0.456591 296
14 5 10 31.4286 16.2603 15.3141 0.565832 387
14 5 11 36.9695 2.14169 9.04634 0.320219 295
14 5 12 37.0804 1.72736 6.32222 0.416484 410
14 5 13 35.4284 1.13099 5.01792 0.307932 502
14 5 14 31.8521 12.8357 12.724 0.455051 304
14 5 15 37.7475 1.73938 7.64726 0.378653 487
14 5 16 34.1903 1.37476 5.50373 0.391843 421
14 5 17 31.3923 1.1745 4.55896 0.423241 322
14 5 18 36.4787 1.49824 6.2561 0.435815 330
14 5 19 33.0882 1.42444 4.62455 0.43869 604
14 5 20 34.3359 1.09488 5.12055 0.397271 565
14 5 21 34.6197 1.68697 5.22399 0.389378 390
14 5 22 34.1878 1.69004 4.7687 0.51277 419
14 5 23 33.2197 1.18307 4.84468 0.478491 413
14 5 24 38.2627 2.26522 9.51236 0.440687 287
14 5 25 36.0351 1.44592 5.65442 0.374129 647
14 5 26 36.903 2.15575 6.40007 0.429173 346
14 5 27 34.7144 0.9147 5.25255 0.306891 490
14 5 28 36.117 1.08154 4.83994 0.473584 555
14 5 29 39.6824 7.02104 16.7503 0.656264 391
14 5 30 35.4487 1.08911 5.24249 0.453018 508
14 5 31 35.8779 1.09997 5.9247 0.32713 535
14 5 32 33.6394 1.40454 4.44645 0.503909 692
14 5 33 33.5194 1.00023 4.96098 0.378104 597
14 5 34 37.1558 3.18947 8.30579 0.549659 496
14 5 35 35.0254 1.13895 4.63366 0.467131 985
14 5 36 37.7049 1.50942 6.65734 0.341787 296
14 5 37 38.5486 2.72773 8.86213 0.618384 331
14 5 38 34.4733 1.03629 5.45739 0.255527 1103
14 5 39 37.5536 1.68452 7.41447 0.358747 953
14 5 40 36.6055 1.59837 8.16569 0.340569 557
14 5 41 34.3431 1.06491 4.62356 0.416437 730
14 5 42 35.0846 1.15239 5.47503 0.420849 647
14 5 43 32.1025 1.1722 6.47916 0.334015 574
14 5 44 36.7166 1.22355 5.97222 0.455622 849
14 5 45 37.5454 1.78494 6.14405 0.38326 697
14 5 46 33.0587 1.85722 4.19464 0.52516 433
14 5 47 34.6747 1.03861 5.75425 0.440201 993
14 5 48 35.5941 1.44635 6.69191 0.478923 668
14 5 49 33.8351 0.89914 4.20094 0.626162 538
14 5 50 33.3573 1.02666 4.80552 0.502224 877
14 5 51 33.5737 0.951115 5.01045 0.508109 649
14 5 52 34.2049 1.59918 5.05117 0.326586 525
14 5 53 33.9424 1.09043 6.14049 0.567359 861
14 5 54 35.5895 1.09779 5.18287 0.372203 530
14 5 55 34.0991 1.17279 4.73501 0.423334 513
14 5 56 33.6676 1.05992 5.32463 0.452956 790
14 5 57 35.521 1.28023 6.87154 0.270389 655
14 5 58 32.9566 0.963256 5.08219 0.396875 751
14 5 59 39.8099 3.1076 9.57685 0.483097 424
14 5 60 34.3204 1.01335 5.77866 0.373445 783
14 5 61 33.5737 1.41289 4.98103 0.3949 560
14 5 62 35.3746 1.49347 7.04167 0.334003 414
14 5 63 36.1521 1.68229 8.77715 0.458907 431
14 6 0 31.8691 1.85805 5.96836 0.34081 525
14 6 1 30.8208 7.93992 12.6557 0.349229 315
14 6 2 33.2053 1.76455 5.38963 0.2704 356
14 6 3 33.5081 -3 0 0 167
14 6 4 33.5081 -3 0 0 190
14 6 5 30.7482 18.5105 17.2239 0.357843 221
14 6 6 33.2766 2.65408 8.60666 0.267583 261
14 6 7 33.5081 -3 0 0 124
14 6 8 33.5081 -3 0 0 189
14 6 9 33.5081 -3 0 0 173
14 6 10 33.5081 -3 0 0 185
14 6 11 40.1963 8.19825 19.6757 0.316712 226
14 6 12 33.5081 -3 0 0 148
14 6 13 33.5081 -3 0 0 99
14 6 14 37.6886 4.58292 10.7404 0.410163 300
14 6 15 33.5081 -3 0 0 161
14 6 16 33.5081 -3 0 0 122
14 6 17 34.1541 3.73103 9.67293 0.387491 251
14 6 18 33.5081 -3 0 0 153
14 6 19 33.5081 -3 0 0 84
14 6 20 33.5081 -3 0 0 140
14 6 21 33.5081 -3 0 0 188
14 6 22 33.5081 -3 0 0 163
14 6 23 33.5081 -3 0 0 122
14 6 24 35.6809 2.9354 9.34515 0.251335 236
14 6 25 33.5081 -3 0 0 90
14 6 26 37.5993 5.65674 14.9191 0.384709 282
14 6 27 33.5081 -3 0 0 123
14 6 28 33.5081 -3 0 0 95
14 6 29 33.5081 -3 0 0 140
14 6 30 33.5081 -3 0 0 56
14 6 31 33.5081 -3 0 0 88
14 6 32 33.5081 -3 0 0 75
14 6 33 33.5081 -3 0 0 94
14 6 34 42.5101 5.72155 16.0342 0.388938 265
14 6 35 33.5081 -3 0 0 87
14 6 36 33.5081 -3 0 0 48
14 6 37 33.5081 -3 0 0 136
14 6 38 33.5081 -3 0 0 76
14 6 39 33.5081 -3 0 0 95
14 6 40 33.5081 -3 0 0 138
14 6 41 33.5081 -3 0 0 73
14 6 42 33.5081 -3 0 0 103
14 6 43 33.5081 -3 0 0 141
14 6 44 33.5081 -3 0 0 86
14 6 45 33.5081 -3 0 0 86
14 6 46 26 -2 0 0 207
14 6 47 33.5081 -3 0 0 64
14 6 48 33.5081 -3 0 0 71
14 6 49 33.5081 -3 0 0 95
14 6 50 33.5081 -3 0 0 77
14 6 51 33.5081 -3 0 0 81
14 6 52 33.5081 -3 0 0 144
14 6 53 33.5081 -3 0 0 66
14 6 54 33.5081 -3 0 0 55
14 6 55 33.5081 -3 0 0 103
14 6 56 33.5081 -3 0 0 92
14 6 57 33.5081 -3 0 0 84
14 6 58 33.5081 -3 0 0 96
14 6 59 33.5081 -3 0 0 178
14 6 60 33.5081 -3 0 0 77
14 6 61 33.5081 -3 0 0 110
14 6 62 33.5081 -3 0 0 156
14 6 63 33.5081 -3 0 0 86
14 7 0 33.9963 -3 0 0 116
14 7 1 33.9963 -3 0 0 108
14 7 2 33.9963 -3 0 0 98
14 7 3 33.9963 -3 0 0 133
14 7 4 33.9963 -3 0 0 198
14 7 5 33.9963 -3 0 0 139
14 7 6 33.9963 -3 0 0 125
14 7 7 33.9963 -3 0 0 117
14 7 8 33.9963 -3 0 0 159
14 7 9 33.9963 -3 0 0 96
14 7 10 33.9963 -3 0 0 150
14 7 11 33.9963 -3 0 0 111
14 7 12 33.9963 -3 0 0 95
14 7 13 33.9963 -3 0 0 166
14 7 14 33.9963 -3 0 0 83
14 7 15 27 -2 0 0 206
14 7 16 33.9963 -3 0 0 147
14 7 17 33.9963 -3 0 0 115
14 7 18 33.9963 -3 0 0 131
14 7 19 33.9963 -3 0 0 170
14 7 20 33.9963 -3 0 0 108
14 7 21 33.9963 -3 0 0 150
14 7 22 33.9963 -3 0 0 157
14 7 23 33.9963 -3 0 0 185
14 7 24 33.9963 -3 0 0 115
14 7 25 36.2312 3.29646 10.9541 0.358072 253
14 7 26 33.9963 -3 0 0 148
14 7 27 36.4967 2.91396 8.6767 0.270331 231
14 7 28 33.9963 -3 0 0 189
14 7 29 33.9963 -3 0 0 142
14 7 30 33.9963 -3 0 0 188
14 7 31 35.8686 2.79374 9.55075 0.28813 273
14 7 32 36.561 3.16369 9.76131 0.386676 222
14 7 33 34.5919 8.54413 16.0001 0.446529 290
14 7 34 33.9963 -3 0 0 182
14 7 35 27 -2 0 0 389
14 7 36 35.8748 2.93298 10.01 0.368313 264
14 7 37 33.9963 -3 0 0 180
14 7 38 33.2634 1.78225 5.78555 0.308912 603
14 7 39 33.8514 2.11159 6.10738 0.328932 716
14 7 40 27 -2 0 0 234
14 7 41 30.5218 1.36978 4.80764 0.444736 426
14 7 42 31.4162 1.83687 4.87928 0.431081 347
14 7 43 33.9963 -3 0 0 166
14 7 44 32.8959 1.60643 5.9172 0.36695 388
14 7 45 37.7605 3.33808 12.4784 0.372003 420
14 7 46 30.85 8.98053 11.5043 0.342073 262
14 7 47 32.5805 1.64342 5.55483 0.381637 631
14 7 48 30.7536 10.6402 11.6791 0.432211 305
14 7 49 35.1819 2.25144 8.584 0.307863 321
14 7 50 31.7983 1.47615 5.11689 0.43003 517
14 7 51 36.0411 2.43926 6.56592 0.331146 430
14 7 52 32.5972 1.76075 5.64981 0.39947 300
14 7 53 32.6464 1.23207 5.72013 0.377976 576
14 7 54 32.1529 2.92583 4.7994 0.481995 434
14 7 55 39.8104 4.86047 13.4203 0.47885 282
14 7 56 31.0141 1.24409 4.49051 0.398655 672
14 7 57 29.6729 1.22195 5.10964 0.336079 579
14 7 58 32.0206 2.12209 6.62378 0.387246 375
14 7 59 29 -2 0 0 296
14 7 60 29.0565 1.20711 4.50407 0.405714 741
14 7 61 32.3841 1.28782 5.46638 0.266582 371
14 7 62 33.2662 2.59884 8.52573 0.351642 277
14 7 63 32.3871 2.06773 6.01137 0.503997 318
14 8 0 35.0408 -3 0 0 59
14 8 1 35.0408 -3 0 0 51
14 8 2 35.0408 -3 0 0 105
14 8 3 35.0408 -3 0 0 101
14 8 4 35.0408 -3 0 0 146
14 8 5 35.0408 -3 0 0 95
14 8 6 35.0408 -3 0 0 79
14 8 7 35.0408 -3 0 0 108
14 8 8 35.0408 -3 0 0 125
14 8 9 35.0408 -3 0 0 112
14 8 10 35.0408 -3 0 0 111
14 8 11 35.0408 -3 0 0 85
14 8 12 35.0408 -3 0 0 100
14 8 13 35.0408 -3 0 0 199
14 8 14 35.0408 -3 0 0 72
14 8 15 35.0408 -3 0 0 128
14 8 16 35.0408 -3 0 0 149
14 8 17 35.0408 -3 0 0 85
14 8 18 35.0408 -3 0 0 103
14 8 19 35.0408 -3 0 0 145
14 8 20 35.0408 -3 0 0 62
14 8 21 35.0408 -3 0 0 95
14 8 22 35.0408 -3 0 0 142
14 8 23 35.0408 -3 0 0 140
14 8 24 35.0408 -3 0 0 74
14 8 25 35.0408 -3 0 0 156
14 8 26 35.0408 -3 0 0 138
14 8 27 35.0408 -3 0 0 132
14 8 28 35.0408 -3 0 0 163
14 8 29 35.0408 -3 0 0 139
14 8 30 35.0408 -3 0 0 66
14 8 31 30 -2 0 0 291
14 8 32 27 -2 0 0 283
14 8 33 38.2872 10.4697 20 0.407891 237
14 8 34 35.0408 -3 0 0 107
14 8 35 35.365 2.25381 7.39694 0.301707 373
14 8 36 35.0408 -3 0 0 63
14 8 37 35.0408 -3 0 0 150
14 8 38 33.0342 1.33654 5.13319 0.371806 534
14 8 39 33.5841 3.5222 10.4467 0.362386 329
14 8 40 35.0408 -3 0 0 84
14 8 41 32.9895 3.16172 8.87821 0.280827 269
14 8 42 35.0408 -3 0 0 119
14 8 43 35.0408 -3 0 0 149
14 8 44 34.417 1.8428 5.70119 0.282504 312
14 8 45 35.0408 -3 0 0 198
14 8 46 35.0408 -3 0 0 121
14 8 47 32.8659 1.56022 5.52965 0.326815 718
14 8 48 31 -2 0 0 243
14 8 49 35.0408 -3 0 0 127
14 8 50 39.8064 6.04548 14.5884 0.396503 230
14 8 51 37.5468 11.4276 20 0.381435 204
14 8 52 35.0408 -3 0 0 191
14 8 53 33.9582 1.74976 6.35884 0.345416 411
14 8 54 30 -2 0 0 296
14 8 55 35.0408 -3 0 0 174
14 8 56 36.0801 2.25976 6.89396 0.361705 244
14 8 57 35.0428 10.7776 17.8223 0.481994 311
14 8 58 26 -2 0 0 297
14 8 59 35.0408 -3 0 0 189
14 8 60 36.4629 2.36743 9.42428 0.400564 381
14 8 61 35.0408 -3 0 0 189
14 8 62 35.0408 -3 0 0 181
14 8 63 32.6519 3.87497 10.0898 0.290869 264
14 9 0 33.9433 -3 0 0 199
14 9 1 40.5463 6.37635 15.5101 0.314847 252
14 9 2 33.9433 -3 0 0 181
14 9 3 33.9433 -3 0 0 69
14 9 4 33.9433 -3 0 0 107
14 9 5 33.9433 -3 0 0 97
14 9 6 33.9433 -3 0 0 144
14 9 7 33.9433 -3 0 0 30
14 9 8 33.9433 -3 0 0 113
14 9 9 33.9433 -3 0 0 95
14 9 10 33.9433 -3 0 0 72
14 9 11 33.9433 -3 0 0 113
14 9 12 33.9433 -3 0 0 75
14 9 13 33.9433 -3 0 0 53
14 9 14 33.9433 -3 0 0 149
14 9 15 33.9433 -3 0 0 56
14 9 16 33.9433 -3 0 0 52
14 9 17 33.9433 -3 0 0 120
14 9 18 33.9433 -3 0 0 70
14 9 19 33.9433 -3 0 0 27
14 9 20 33.9433 -3 0 0 64
14 9 21 33.9433 -3 0 0 76
14 9 22 33.9433 -3 0 0 38
14 9 23 33.9433 -3 0 0 53
14 9 24 33.9433 -3 0 0 143
14 9 25 33.9433 -3 0 0 54
14 9 26 33.9433 -3 0 0 175
14 9 27 33.9433 -3 0 0 44
14 9 28 33.9433 -3 0 0 49
14 9 29 33.9433 -3 0 0 94
14 9 30 33.9433 -3 0 0 17
14 9 31 33.9433 -3 0 0 41
14 9 32 33.9433 -3 0 0 26
14 9 33 33.9433 -3 0 0 42
14 9 34 33.9433 -3 0 0 94
14 9 35 33.9433 -3 0 0 42
14 9 36 33.9433 -3 0 0 15
14 9 37 33.9433 -3 0 0 38
14 9 38 33.9433 -3 0 0 29
14 9 39 33.9433 -3 0 0 43
14 9 40 33.9433 -3 0 0 39
14 9 41 33.9433 -3 0 0 40
14 9 42 33.9433 -3 0 0 44
14 9 43 33.9433 -3 0 0 126
14 9 44 33.9433 -3 0 0 28
14 9 45 33.9433 -3 0 0 29
14 9 46 33.9433 -3 0 0 161
14 9 47 33.9433 -3 0 0 33
14 9 48 33.9433 -3 0 0 36
14 9 49 33.9433 -3 0 0 74
14 9 50 33.9433 -3 0 0 34
14 9 51 33.9433 -3 0 0 55
14 9 52 33.9433 -3 0 0 94
14 9 53 33.9433 -3 0 0 26
14 9 54 33.9433 -3 0 0 26
14 9 55 33.9433 -3 0 0 94
14 9 56 33.9433 -3 0 0 39
14 9 57 33.9433 -3 0 0 60
14 9 58 33.9433 -3 0 0 41
14 9 59 33.9433 -3 0 0 93
14 9 60 33.9433 -3 0 0 21
14 9 61 33.9433 -3 0 0 78
14 9 62 33.9433 -3 0 0 62
14 9 63 33.9433 -3 0 0 72
14 10 0 36 -2 0 0 203
14 10 1 33.8015 -3 0 0 165
14 10 2 34.1103 2.75092 7.87144 0.34397 346
14 10 3 40.8539 5.0869 13.4204 0.560233 497
14 10 4 35.0731 2.28532 9.68734 0.399315 393
14 10 5 33.8667 2.47909 8.75853 0.377781 232
14 10 6 30 -2 0 0 326
14 10 7 31.3051 0.980121 4.02563 0.393318 696
14 10 8 29.3611 1.26582 4.69098 0.5175 355
14 10 9 40.8399 3.09057 11.2252 0.457674 420
14 10 10 33.7256 1.76755 6.55354 0.328833 454
14 10 11 33.4028 3.47005 9.78425 0.519599 400
14 10 12 33.1834 1.82529 7.53393 0.287871 377
14 10 13 32.3813 1.39423 5.47538 0.498484 456
14 10 14 33.8015 -3 0 0 198
14 10 15 30.3223 1.06176 3.89533 0.483148 581
14 10 16 33.6368 1.47078 6.99742 0.295966 600
14 10 17 35.6902 4.06094 9.68283 0.437488 349
14 10 18 46 -2 0 0 269
14 10 19 34.3995 1.32672 6.64325 0.408508 613
14 10 20 36.8869 3.71727 11.5795 0.451616 225
14 10 21 32.8894 2.67589 6.29699 0.457014 326
14 10 22 35.5631 2.23813 6.08408 0.473177 371
14 10 23 37.0555 2.80472 8.49005 0.459947 399
14 10 24 31 -2 0 0 209
14 10 25 33.7849 1.30344 5.29329 0.493799 691
14 10 26 35.0584 10.1592 19.953 0.489193 305
14 10 27 33.09 1.35676 5.92115 0.315145 449
14 10 28 31.7588 1.30574 6.98538 0.455614 569
14 10 29 36.2732 3.28873 9.94395 0.198063 210
14 10 30 37.5538 2.29529 7.82476 0.364292 273
14 10 31 34.7393 1.06603 5.18823 0.534527 831
14 10 32 32.7014 1.22625 5.71852 0.458311 792
14 10 33 31.5991 1.22804 5.36974 0.386053 737
14 10 34 33.8015 -3 0 0 198
14 10 35 34.561 1.4597 7.85668 0.314597 1529
14 10 36 38.6235 1.97656 8.99773 0.381743 260
14 10 37 33.8015 -3 0 0 169
14 10 38 33.0311 1.07314 5.35875 0.461608 1613
14 10 39 32.4058 1.69275 5.57528 0.402779 670
14 10 40 33.4848 8.33191 10.2853 0.319757 223
14 10 41 31.4852 3.3085 9.26669 0.69351 697
14 10 42 28 -2 0 0 361
14 10 43 32.6352 1.7567 7.39441 0.293838 296
14 10 44 34.1109 1.50273 5.11937 0.593144 989
14 10 45 33.3987 1.37821 7.27649 0.365815 544
14 10 46 33.5311 1.97389 6.68285 0.418822 217
14 10 47 31.5749 1.13811 5.58342 0.322746 1616
14 10 48 30.0398 0.975335 3.61968 0.582636 636
14 10 49 27 -2 0 0 322
14 10 50 32.8598 1.26755 7.1442 0.376527 944
14 10 51 32.5522 1.81448 6.45671 0.4034 412
14 10 52 31.3387 2.09413 5.60747 0.483403 482
14 10 53 31.6854 1.03389 4.95552 0.369226 1075
14 10 54 29.6397 1.12593 5.89926 0.380422 720
14 10 55 29.6054 1.14256 4.42824 0.408821 334
14 10 56 29.5846 1.04768 4.87251 0.348999 780
14 10 57 35.0467 1.47541 7.25624 0.366785 409
14 10 58 33.1217 2.00091 8.12489 0.478764 448
14 10 59 29.5608 17.6891 19.1439 0.40499 252
14 10 60 33.1133 1.91764 6.02975 0.525555 1189
14 10 61 30.2808 1.92343 4.72939 0.548791 511
14 10 62 29.9456 8.29327 12.5729 0.308423 257
14 10 63 34.6413 1.8253 7.40374 0.413235 340
14 11 0 31.7171 2.04121 5.47106 0.378701 578
14 11 1 30.1938 1.70579 5.74174 0.354807 397
14 11 2 33.6103 2.45982 8.00798 0.276774 306
14 11 3 31.6131 -3 0 0 126
14 11 4 29.6636 1.46654 4.61896 0.237929 242
14 11 5 34.4714 11.449 19.8143 0.413681 249
14 11 6 26 -2 0 0 225
14 11 7 31.6131 -3 0 0 125
14 11 8 32.5761 2.06097 7.05152 0.277576 295
14 11 9 23.9402 22.3702 20 0.366515 204
14 11 10 31.6131 -3 0 0 159
14 11 11 33.6002 2.77893 7.27418 0.279129 289
14 11 12 31.6131 -3 0 0 174
14 11 13 31.6131 -3 0 0 79
14 11 14 30.0235 1.4887 5.72838 0.284849 390
14 11 15 31.6131 -3 0 0 125
14 11 16 31.6131 -3 0 0 140
14 11 17 34.4051 3.49666 10.4374 0.342456 279
14 11 18 27 -2 0 0 204
14 11 19 31.6131 -3 0 0 111
14 11 20 31.6131 -3 0 0 80
14 11 21 31.6131 -3 0 0 200
14 11 22 31.6131 -3 0 0 160
14 11 23 33.3818 13.296 18.3731 0.404384 240
14 11 24 28 -2 0 0 289
14 11 25 31.6131 -3 0 0 143
14 11 26 31.5807 1.53762 5.26007 0.282631 397
14 11 27 31.6131 -3 0 0 111
14 11 28 31.6131 -3 0 0 106
14 11 29 26 -2 0 0 234
14 11 30 31.6131 -3 0 0 87
14 11 31 31.6131 -3 0 0 102
14 11 32 31.6131 -3 0 0 89
14 11 33 31.6131 -3 0 0 99
14 11 34 35.0682 3.30388 8.46278 0.382419 468
14 11 35 31.6131 -3 0 0 99
14 11 36 31.6131 -3 0 0 64
14 11 37 27 -2 0 0 231
14 11 38 31.6131 -3 0 0 132
14 11 39 31.6131 -3 0 0 113
14 11 40 31.6131 -3 0 0 75
14 11 41 31.6131 -3 0 0 95
14 11 42 31.6131 -3 0 0 125
14 11 43 29.3829 1.16649 3.60066 0.429125 291
14 11 44 31.6131 -3 0 0 100
14 11 45 31.6131 -3 0 0 129
14 11 46 33.2869 7.65087 16.4886 0.45915 371
14 11 47 31.6131 -3 0 0 42
14 11 48 31.6131 -3 0 0 86
14 11 49 27 -2 0 0 204
14 11 50 31.6131 -3 0 0 130
14 11 51 35.6136 3.46148 10.4229 0.306351 219
14 11 52 37.135 5.13008 13.5364 0.369679 273
14 11 53 31.6131 -3 0 0 67
14 11 54 31.6131 -3 0 0 94
14 11 55 30.7234 3.4524 11.6419 0.271834 264
14 11 56 31.6131 -3 0 0 168
14 11 57 31.6131 -3 0 0 193
14 11 58 31.6131 -3 0 0 136
14 11 59 31.7296 2.28361 6.47552 0.336046 424
14 11 60 31.6131 -3 0 0 97
14 11 61 35.7982 7.34454 17.7373 0.391946 241
14 11 62 25 -2 0 0 296
14 11 63 33.2884 12.6423 20 0.377732 217
14 12 0 35.4281 3.0476 8.57535 0.449079 467
14 12 1 32.4603 2.02069 7.29138 0.367781 410
14 12 2 29.8157 1.20675 5.74426 0.564304 527
14 12 3 30.0935 1.2869 7.41044 0.451567 770
14 12 4 34.0105 1.78796 6.64976 0.478809 390
14 12 5 29.4759 1.02187 3.85239 0.528141 543
14 12 6 30.5406 1.04221 4.609 0.4892 636
14 12 7 31.3979 1.08152 4.84022 0.384892 1679
14 12 8 30.6086 0.95921 3.72739 0.342984 585
14 12 9 30.4219 0.898314 4.0124 0.522081 1047
14 12 10 31.7241 1.07277 4.8534 0.404443 1311
14 12 11 29.8255 1.03626 4.53446 0.566251 477
14 12 12 31.1572 1.01633 4.75667 0.346514 797
14 12 13 32.1087 0.943097 4.44764 0.287852 735
14 12 14 35.3476 1.7367 7.13186 0.355561 322
14 12 15 28.7663 1.06251 4.14984 0.438395 769
14 12 16 34.9281 1.35139 6.49563 0.353278 1470
14 12 17 29.9508 1.04961 2.91017 0.494409 466
14 12 18 31.7301 2.21753 5.16821 0.486328 671
14 12 19 32.6943 1.2556 4.97171 0.466072 1423
14 12 20 39.0708 5.61384 15.4935 0.708371 479
14 12 21 32.9755 1.10799 5.70503 0.380854 700
14 12 22 29.9552 0.857308 3.61024 0.494371 1254
14 12 23 29.3238 0.868003 3.88707 0.426636 400
14 12 24 38.2428 7.50734 17.1908 0.598034 418
14 12 25 32.1095 0.969296 4.22081 0.385735 1138
14 12 26 38.8556 5.23266 15.5286 0.427786 234
14 12 27 31.5193 1.0863 4.16997 0.578899 684
14 12 28 30.2123 1.18944 5.5955 0.569965 904
14 12 29 37 -2 0 0 245
14 12 30 35.1223 3.29995 11.1478 0.695447 454
14 12 31 33.9224 1.56178 6.3431 0.395319 985
14 12 32 29.3358 0.831167 3.59707 0.403312 875
14 12 33 31.7298 2.73014 4.35657 0.498181 658
14 12 34 22.5194 43.0515 16.5367 0.420965 243
14 12 35 32.3649 1.17897 5.29738 0.397805 916
14 12 36 35.5648 1.58559 6.98445 0.367503 303
14 12 37 30.9387 1.31893 4.47868 0.493259 334
14 12 38 30.871 1.44577 5.44136 0.28514 765
14 12 39 34.1407 6.36197 14.7937 0.592655 357
14 12 40 30.3877 0.899156 4.35957 0.297934 430
14 12 41 34.8667 2.95071 11.0741 0.512751 538
14 12 42 29.2242 1.44437 4.23377 0.718039 299
14 12 43 34.506 2.31493 8.24523 0.419937 302
14 12 44 33.7902 2.25766 5.38951 0.383614 633
14 12 45 31.9792 5.66493 13.7546 0.673425 378
14 12 46 33.4762 1.76742 6.76802 0.398895 252
14 12 47 35.2526 3.09474 10.7083 0.718619 645
14 12 48 33.0407 2.02527 4.96722 0.550901 431
14 12 49 34.5389 5.92016 16.032 0.46661 309
14 12 50 30.0655 1.03214 3.53117 0.657567 534
14 12 51 33.9373 13.7849 20 0.407439 219
14 12 52 35.8394 4.38534 11.4994 0.511713 268
14 12 53 34.866 3.26037 7.01667 0.402283 606
14 12 54 32.9505 2.24131 6.58614 0.448274 405
14 12 55 33.0023 2.48525 7.86923 0.42817 269
14 12 56 34.1581 2.9854 12.4398 0.38114 275
14 12 57 26 -2 0 0 245
14 12 58 30.7048 2.22738 5.11934 0.487133 311
14 12 59 27.568 3.69011 6.52171 0.50833 267
14 12 60 32.0314 1.98796 7.0478 0.571852 426
14 12 61 32.5221 -3 0 0 187
14 12 62 29.7712 4.25577 11.0864 0.371076 232
14 12 63 31.9431 4.72844 7.06081 0.477855 276
14 13 0 27 -2 0 0 305
14 13 1 32.4304 9.18296 14.1347 0.392819 247
14 13 2 32.0112 -3 0 0 189
14 13 3 32.0112 -3 0 0 126
14 13 4 32.0112 -3 0 0 158
14 13 5 32.0112 -3 0 0 166
14 13 6 32.0112 -3 0 0 163
14 13 7 32.0112 -3 0 0 87
14 13 8 32.0112 -3 0 0 153
14 13 9 32.0112 -3 0 0 103
14 13 10 32.0112 -3 0 0 100
14 13 11 32.0112 -3 0 0 185
14 13 12 32.0112 -3 0 0 132
14 13 13 32.0112 -3 0 0 85
14 13 14 31.6024 2.40429 5.94559 0.280405 312
14 13 15 32.0112 -3 0 0 121
14 13 16 32.0112 -3 0 0 103
14 13 17 33.7314 2.32297 6.62969 0.305293 234
14 13 18 32.0112 -3 0 0 104
14 13 19 32.0112 -3 0 0 87
14 13 20 32.0112 -3 0 0 169
14 13 21 32.0112 -3 0 0 101
14 13 22 32.0112 -3 0 0 107
14 13 23 32.0112 -3 0 0 139
14 13 24 38.2479 8.27769 17.7958 0.387455 251
14 13 25 32.0112 -3 0 0 90
14 13 26 35.6674 2.68149 9.81961 0.365999 296
14 13 27 32.0112 -3 0 0 115
14 13 28 32.0112 -3 0 0 102
14 13 29 34.4364 11.1373 17.5694 0.361091 246
14 13 30 32.0112 -3 0 0 111
14 13 31 32.0112 -3 0 0 94
14 13 32 32.0112 -3 0 0 104
14 13 33 32.0112 -3 0 0 140
14 13 34 33.824 3.28347 12.9632 0.272881 360
14 13 35 32.0112 -3 0 0 76
14 13 36 32.0112 -3 0 0 111
14 13 37 38 -2 0 0 232
14 13 38 32.0112 -3 0 0 101
14 13 39 32.0112 -3 0 0 186
14 13 40 32.0112 -3 0 0 187
14 13 41 32.0112 -3 0 0 111
14 13 42 34.1951 4.47771 9.375 0.311715 201
14 13 43 26 -2 0 0 290
14 13 44 32.0112 -3 0 0 103
14 13 45 32.0112 -3 0 0 112
14 13 46 35.1411 4.09353 12.4737 0.390555 334
14 13 47 32.0112 -3 0 0 92
14 13 48 32.0112 -3 0 0 144
14 13 49 31.9108 4.64862 13.0363 0.353857 271
14 13 50 32.0112 -3 0 0 149
14 13 51 32.9495 3.30521 7.97429 0.408472 397
14 13 52 30.6163 15.761 20 0.417676 250
14 13 53 32.0112 -3 0 0 130
14 13 54 32.0112 -3 0 0 175
14 13 55 29.8589 2.18087 5.48515 0.388657 335
14 13 56 32.0112 -3 0 0 196
14 13 57 33.8021 3.8536 8.87392 0.435889 286
14 13 58 36.9164 6.12787 15.3737 0.329933 229
14 13 59 29.9464 1.31094 4.42742 0.43312 375
14 13 60 32.0112 -3 0 0 187
14 13 61 32.9407 2.26681 6.54481 0.327652 441
14 13 62 29.2112 3.93724 4.7826 0.481355 433
14 13 63 26 -2 0 0 261
14 14 0 33.5961 2.98403 8.3174 0.352873 260
14 14 1 38.2248 5.772 14.2797 0.397014 263
14 14 2 32 -2 0 0 347
14 14 3 34.2525 2.37479 6.29328 0.368064 384
14 14 4 39.1722 5.11544 13.8886 0.378024 230
14 14 5 37.2903 2.60213 8.5779 0.297232 306
14 14 6 34.8104 1.45521 5.70571 0.330041 414
14 14 7 38.1436 2.25915 6.48219 0.39111 523
14 14 8 37.412 2.97087 10.2629 0.348543 270
14 14 9 38.8812 2.29436 7.63043 0.308304 481
14 14 10 33.6054 1.52447 5.589 0.350815 657
14 14 11 28 -2 0 0 216
14 14 12 36.1415 2.32308 7.04329 0.308658 258
14 14 13 38.9275 7.5766 15.8372 0.506957 344
14 14 14 35.2264 -3 0 0 154
14 14 15 40.874 4.44667 11.7123 0.386037 307
14 14 16 35.0478 2.41767 5.5288 0.479587 728
14 14 17 35.2264 -3 0 0 170
14 14 18 35.6244 2.01025 6.23741 0.342295 282
14 14 19 37.2531 2.49713 6.78785 0.399924 399
14 14 20 31 -2 0 0 237
14 14 21 36.1566 2.35563 6.85703 0.359355 445
14 14 22 36.7216 1.69712 6.56266 0.278066 442
14 14 23 35.2264 -3 0 0 177
14 14 24 35.2264 -3 0 0 176
14 14 25 32.6634 3.20368 10.2412 0.336406 335
14 14 26 35.2264 -3 0 0 171
14 14 27 39.7922 4.89159 15.1909 0.388072 260
14 14 28 30 -2 0 0 293
14 14 29 35.2264 -3 0 0 155
14 14 30 40.2248 12.5928 20 0.42979 209
14 14 31 36.6849 3.27967 9.68907 0.36792 242
14 14 32 35.2264 -3 0 0 176
14 14 33 34 -2 0 0 211
14 14 34 35.2264 -3 0 0 161
14 14 35 30.9253 16.687 20 0.430915 233
14 14 36 35.2264 -3 0 0 173
14 14 37 35.2264 -3 0 0 131
14 14 38 32 -2 0 0 219
14 14 39 35.2264 -3 0 0 111
14 14 40 35.2264 -3 0 0 157
14 14 41 35.2264 -3 0 0 149
14 14 42 35.2264 -3 0 0 170
14 14 43 35.2264 -3 0 0 131
14 14 44 35.2264 -3 0 0 138
14 14 45 35.2264 -3 0 0 125
14 14 46 35.2264 -3 0 0 123
14 14 47 35.2264 -3 0 0 163
14 14 48 35.2264 -3 0 0 171
14 14 49 35.2264 -3 0 0 132
14 14 50 35.2264 -3 0 0 141
14 14 51 35.2264 -3 0 0 113
14 14 52 35.2264 -3 0 0 127
14 14 53 35.2264 -3 0 0 139
14 14 54 35.2264 -3 0 0 126
14 14 55 35.2264 -3 0 0 85
14 14 56 35.2264 -3 0 0 103
14 14 57 35.2264 -3 0 0 97
14 14 58 35.2264 -3 0 0 102
14 14 59 35.2264 -3 0 0 104
14 14 60 35.2264 -3 0 0 117
14 14 61 35.2264 -3 0 0 72
14 14 62 35.2264 -3 0 0 84
14 14 63 35.2264 -3 0 0 81
14 15 0 37.333 -3 0 0 73
14 15 1 37.333 -3 0 0 85
14 15 2 37.333 -3 0 0 76
14 15 3 37.333 -3 0 0 57
14 15 4 37.333 -3 0 0 92
14 15 5 37.333 -3 0 0 59
14 15 6 37.333 -3 0 0 69
14 15 7 37.333 -3 0 0 42
14 15 8 37.333 -3 0 0 61
14 15 9 37.333 -3 0 0 43
14 15 10 37.333 -3 0 0 48
14 15 11 37.333 -3 0 0 52
14 15 12 37.333 -3 0 0 36
14 15 13 37.333 -3 0 0 58
14 15 14 37.333 -3 0 0 96
14 15 15 37.333 -3 0 0 63
14 15 16 37.333 -3 0 0 57
14 15 17 37.333 -3 0 0 76
14 15 18 37.333 -3 0 0 66
14 15 19 37.333 -3 0 0 43
14 15 20 37.333 -3 0 0 70
14 15 21 37.333 -3 0 0 47
14 15 22 37.333 -3 0 0 49
14 15 23 37.333 -3 0 0 84
14 15 24 37.333 -3 0 0 76
14 15 25 37.333 -3 0 0 42
14 15 26 37.333 -3 0 0 92
14 15 27 37.333 -3 0 0 59
14 15 28 37.333 -3 0 0 59
14 15 29 37.333 -3 0 0 114
14 15 30 37.333 -3 0 0 72
14 15 31 37.333 -3 0 0 43
14 15 32 37.333 -3 0 0 62
14 15 33 37.333 -3 0 0 52
14 15 34 37.333 -3 0 0 102
14 15 35 37.333 -3 0 0 65
14 15 36 37.333 -3 0 0 62
14 15 37 37.333 -3 0 0 105
14 15 38 37.333 -3 0 0 61
14 15 39 37.333 -3 0 0 112
14 15 40 37.333 -3 0 0 90
14 15 41 37.333 -3 0 0 65
14 15 42 37.333 -3 0 0 83
14 15 43 37.333 -3 0 0 99
14 15 44 37.333 -3 0 0 61
14 15 45 37.333 -3 0 0 71
14 15 46 37.333 -3 0 0 164
14 15 47 37.333 -3 0 0 75
14 15 48 37.333 -3 0 0 94
14 15 49 37.333 -3 0 0 126
14 15 50 37.333 -3 0 0 75
14 15 51 37.333 -3 0 0 200
14 15 52 37.333 -3 0 0 144
14 15 53 37.333 -3 0 0 77
14 15 54 37.333 -3 0 0 88
14 15 55 37.333 -3 0 0 147
14 15 56 37.333 -3 0 0 121
14 15 57 37.333 -3 0 0 163
14 15 58 37.333 -3 0 0 115
14 15 59 37.333 -3 0 0 170
14 15 60 37.333 -3 0 0 92
14 15 61 37.333 -3 0 0 194
14 15 62 37.333 -3 0 0 180
14 15 63 37.333 -3 0 0 123
